ID,data,latitude,longitude,altitude
1,,24.1354227,120.7405628,115.69999694824219
2,0.51_9.32_2.07_10.18_11.75_-2.35_28.69_-17.87_-27.94_0.2758_0.3489_-0.7145_-0.5401end0.51_9.32_2.07_14.88_14.10_-1.68_28.69_-17.87_-27.94_0.2758_0.3489_-0.7145_-0.5401end0.55_9.30_2.01_14.88_14.10_-1.68_28.69_-17.87_-27.94_0.2778_0.3492_-0.7131_-0.5406end0.34_9.35_2.25_14.88_14.10_-1.68_28.69_-17.87_-27.94_0.2785_0.3493_-0.7126_,24.1354227,120.7405628,115.69999694824219
3,-0.5410end-0.00_9.52_3.29_14.88_14.10_-1.68_28.69_-17.87_-27.94_0.2785_0.3493_-0.7126_-0.5410end-0.13_9.55_3.70_18.91_22.16_-2.57_28.69_-17.87_-27.94_0.2785_0.3493_-0.7126_-0.5410end0.07_9.56_4.11_18.91_22.16_-2.57_28.69_-17.56_-28.31_0.2825_0.3502_-0.7100_-0.5417end0.21_9.59_4.18_15.11_24.40_-3.92_28.69_-17.56_-28.31_0.2825_0.3502_-0.7100_-0.5417end0.48_9.48_3.73_15.11_24.40_-3.92_28.69_-17.56_-28.31_0.2825_0.3502_-0.7100_-0.5417end0.37_9.39_3.18_15.11_24.40_-3.92_29.44_-17.56_-27.87_0.2862_0.3510_-0.7078_-0.5421end,24.1354227,120.7405628,115.69999694824219
4,,24.1354227,120.7405628,115.69999694824219
5,,24.1354227,120.7405628,115.69999694824219
6,,24.1354227,120.7405628,115.69999694824219
7,,24.1354227,120.7405628,115.69999694824219
8,,24.1354227,120.7405628,115.69999694824219
9,,24.1354227,120.7405628,115.69999694824219
10,0.51_9.39_2.97_15.11_24.40_-3.92_28.69_-17.50_-26.50_0.2869_0.3511_-0.7073_-0.5423end0.07_9.40_2.85_15.11_24.40_-3.92_28.69_-17.50_-26.50_0.2869_0.3511_-0.7073_-0.5423end-0.05_9.42_3.09_18.69_21.93_-2.46_28.69_-17.50_-26.50_0.2869_0.3511_-0.7073_-0.5423end-0.05_9.42_3.09_18.69_21.93_-2.46_29.06_-17.87_-26.94_0.2892_0.3514_-0.7056_-0.5430end-0.05_9.42_3.09_20.25_36.59_-4.36_29.06_-17.87_-26.94_0.2917_0.3521_-0.7041_-0.5433end-0.45_9.51_4.36_20.25_36.59_-4.36_29.06_-17.87_-26.94_0.2934_0.3527_-0.7032_-0.5432end-0.66_9.51_4.96_20.25_36.59_-4.36_29.06_-17.50_-25.56_0.2934_0.3527_-0.7032_-0.5432end-0.83_9.48_5.25_20.14_52.71_-1.90_29.06_-17.50_-25.56_0.2934_0.3527_-0.7032_-0.5432end-0.83_9.48_5.25_20.14_52.71_-1.90_29.81_-17.50_-25.56_0.2991_0.3550_-0.7001_-0.5425end-2.29_9.67_5.83_20.14_52.71_-1.90_29.81_-17.50_-25.56_0.3027_0.3568_-0.6979_-0.5422end,24.1354227,120.7405628,115.69999694824219
11,,24.1354227,120.7405628,115.69999694824219
12,,24.1354227,120.7405628,115.69999694824219
13,,24.1354227,120.7405628,115.69999694824219
14,,24.1354227,120.7405628,115.69999694824219
15,,24.1354227,120.7405628,115.69999694824219
16,,24.1354227,120.7405628,115.69999694824219
17,,24.1354227,120.7405628,115.69999694824219
18,-2.36_9.56_5.72_18.35_35.47_2.13_30.56_-17.50_-24.63_0.3027_0.3568_-0.6979_-0.5422end-2.36_9.56_5.72_19.02_24.73_3.25_30.56_-17.50_-24.63_0.3027_0.3568_-0.6979_-0.5422end-2.83_9.59_5.59_19.02_24.73_3.25_30.56_-17.50_-24.63_0.3065_0.3584_-0.6947_-0.5432end-3.14_9.46_4.67_19.02_24.73_3.25_30.56_-17.50_-24.63_0.3066_0.3582_-0.6942_-0.5438end-2.54_9.40_4.09_22.38_-8.17_1.79_30.56_-17.50_-24.63_0.3066_0.3582_-0.6942_-0.5438end-1.98_9.41_4.34_22.38_-8.17_1.79_29.81_-18.56_-26.56_0.3066_0.3582_-0.6942_-0.5438end-1.75_9.39_4.43_22.38_-8.17_1.79_29.81_-18.56_-26.56_0.3063_0.3558_-0.6926_-0.5477end-1.01_9.37_4.79_22.38_-8.17_1.79_30.56_-18.87_-25.56_0.3058_0.3547_-0.6923_-0.5490end-1.13_8.62_4.98_22.38_-8.17_1.79_30.56_-18.87_-25.56_0.3051_0.3537_-0.6920_-0.5505end-0.86_9.00_5.21_22.38_-8.17_1.79_30.56_-18.87_-25.56_0.3043_0.3527_-0.6917_-0.5519end,24.1354227,120.7405628,115.69999694824219
19,,24.1354227,120.7405628,115.69999694824219
20,,24.1354227,120.7405628,115.69999694824219
21,,24.1354227,120.7405628,115.69999694824219
22,,24.1354227,120.7405628,115.69999694824219
23,,24.1354227,120.7405628,115.69999694824219
24,,24.1354227,120.7405628,115.69999694824219
25,-1.06_9.84_4.85_29.21_-28.54_7.61_30.56_-18.87_-25.56_0.3031_0.3510_-0.6909_-0.5547end-0.83_9.35_4.46_29.21_-28.54_7.61_30.56_-18.87_-25.56_0.3029_0.3503_-0.6903_-0.5559end-0.71_9.35_4.22_29.21_-28.54_7.61_30.56_-18.87_-25.56_0.3029_0.3503_-0.6903_-0.5559end-0.25_9.27_3.95_30.10_-5.60_3.02_30.56_-18.87_-25.56_0.3029_0.3503_-0.6903_-0.5559end-0.25_9.27_3.95_30.10_-5.60_3.02_30.56_-19.87_-25.12_0.3032_0.3483_-0.6877_-0.5602end0.68_9.20_3.43_30.10_-5.60_3.02_30.56_-19.87_-25.12_0.3032_0.3477_-0.6870_-0.5615end0.66_9.17_3.49_36.26_-19.25_5.60_29.44_-19.19_-23.75_0.3032_0.3477_-0.6870_-0.5615end0.74_9.26_3.81_36.26_-19.25_5.60_29.44_-19.19_-23.75_0.3032_0.3477_-0.6870_-0.5615end0.74_9.20_3.73_36.26_-19.25_5.60_29.44_-19.19_-23.75_0.3026_0.3444_-0.6841_-0.5673end0.74_9.20_3.73_38.05_-15.44_2.91_29.06_-19.94_-25.12_0.3026_0.3436_-0.6834_-0.5687end,24.1354227,120.7405628,115.69999694824219
26,,24.1354227,120.7405628,115.69999694824219
27,,24.1354227,120.7405628,115.69999694824219
28,,24.1354227,120.7405628,115.69999694824219
29,,24.1354227,120.7405628,115.69999694824219
30,,24.1354227,120.7405628,115.69999694824219
31,,24.1354227,120.7405628,115.69999694824219
32,,24.1354227,120.7405628,115.69999694824219
33,,24.1354227,120.7405628,115.69999694824219
34,,24.1354227,120.7405628,115.69999694824219
35,1.49_9.21_3.56_37.71_-12.87_2.01_29.06_-19.94_-25.12_0.3026_0.3436_-0.6834_-0.5687end1.79_9.12_3.20_38.27_-9.29_0.78_28.69_-19.56_-26.56_0.3026_0.3436_-0.6834_-0.5687end2.00_9.17_3.11_38.27_-9.29_0.78_28.69_-20.25_-26.12_0.3033_0.3406_-0.6803_-0.5737end2.15_2.35_2.22_38.27_-9.29_0.78_28.69_-20.25_-26.12_0.3038_0.3400_-0.6794_-0.,24.1354227,120.7405628,115.69999694824219
36,,24.1354227,120.7405628,115.69999694824219
37,,24.1354227,120.7405628,115.69999694824219
38,,24.1354227,120.7405628,115.69999694824219
39,,24.1354227,120.7405628,115.69999694824219
40,,24.1354227,120.7405628,115.69999694824219
41,,24.1354227,120.7405628,115.69999694824219
42,5750end1.20_17.62_1.94_38.27_-9.29_0.78_29.06_-20.56_-24.25_0.3038_0.3400_-0.6794_-0.5750end5.56_8.24_1.01_38.27_-9.29_0.78_29.06_-20.56_-24.25_0.3074_0.3398_-0.6756_-0.5776end-1.61_9.37_-0.00_38.27_-9.29_0.78_29.44_-20.56_-24.25_0.3074_0.3398_-0.6756_-0.5776end-1.61_9.37_-0.00_43.53_53.94_-2.57_29.44_-20.56_-24.25_0.3090_0.3400_-0.6741_-0.5784end-1.61_9.37_-0.00_43.53_53.94_-2.57_29.44_-20.56_-24.25_0.3135_0.3414_-0.6705_-0.5793end-1.61_9.37_-0.00_43.53_84.49_-6.71_29.44_-20.56_-24.25_0.3163_0.3425_-0.6685_-0.5793end3.69_9.16_3.36_43.53_84.49_-6.71_29.44_-20.25_-23.31_0.3163_0.3425_-0.6685_-0.5793end3.69_9.16_3.36_45.99_89.64_-6.60_29.44_-20.25_-23.31_0.3265_0.3467_-0.6618_-0.5789end-0.53_9.09_1.56_45.99_89.64_-6.60_29.44_-20.25_-23.31_0.3298_0.3481_-0.6595_-0.5788end1.07_9.23_2.21_45.43_91.09_-4.03_29.44_-20.25_-23.31_0.3298_0.3481_-0.6595,24.1354227,120.7405628,115.69999694824219
43,,24.1354227,120.7405628,115.69999694824219
44,,24.1354227,120.7405628,115.69999694824219
45,,24.1354227,120.7405628,115.69999694824219
46,,24.1354227,120.7405628,115.69999694824219
47,_-0.5788end1.07_9.23_2.21_45.66_99.15_-4.48_29.44_-20.25_-23.31_0.3403_0.3530_-0.6523_-0.5779end-0.97_9.09_1.77_45.43_103.74_-5.60_30.56_-21.19_-20.56_0.3403_0.3530_-0.6523_-0.5779end-0.97_9.09_1.77_45.43_103.74_-5.60_30.56_-21.19_-20.56_0.3476_0.3564_-0.6473_-0.5771end-0.99_9.16_1.84_45.43_103.74_-5.60_30.56_-21.19_-20.56_0.3476_0.3564_-0.6473_-0.5771end-0.09_9.18_2.05_48.79_80.68_-3.02_30.56_-21.19_-20.56_0.3476_0.3564_-0.6473_-0.5771end-0.39_9.13_2.05_48.79_80.68_-3.02_30.56_-21.19_-20.56_0.3608_0.3618_-0.6375_-0.5766end-0.58_9.13_1.93_49.13_70.05_-2.01_30.56_-21.19_-20.56_0.3608_0.3618_-0.6375_-0.5766end-0.58_9.13_1.93_49.13_70.05_-2.01_31.69_-22.19_-17.75_0.3663_0.3637_-0.6331_-0.5768end-0.58_9.13_1.93_49.13_70.05_-2.01_31.69_-22.19_-17.75_0.3713_0.3652_-0.6288_-0.5774end-0.71_9.03_1.20_49.57_55.17_-1.45_31.69_-22.19_-17.75_0.3713_0.3652_-0.6288_-0.5774end0.10_9.05_0.93_49.57_55.17_-1.45_31.69_-22.19_-17.75_0.3736_0.3657_-0.6268_-0.5778end0.10_9.05_0.93_49.57_55.17_-1.45_33.13_-22.50_-17.37_0.3736_0.3657_-0.6268_-0.5778end-0.04_9.02_0.27_50.02_52.71_-0.67_33.13_-22.50_-17.37_0.3736_0.3657_-0.6268_-0.5778end-0.04_9.02_0.27_50.25_53.94_-0.78_33.13_-22.50_-17.37_0.3849,24.1354227,120.7405628,115.69999694824219
48,_0.3683_-0.6163_-0.5799end0.47_9.09_-0.13_50.25_53.94_-0.78_32.44_-22.19_-16.87_0.3849_0.3683_-0.6163_-0.5799end0.47_9.09_-0.13_50.47_56.62_0.22_32.44_-22.19_-16.87_0.3895_0.3695_-0.6120_-0.5807end,24.1354227,120.7405628,115.69999694824219
49,,24.1354227,120.7405628,115.69999694824219
50,,24.1354227,120.7405628,115.69999694824219
51,,24.1354227,120.7405628,115.69999694824219
52,,24.1354227,120.7405628,115.69999694824219
53,,24.1354227,120.7405628,115.69999694824219
54,0.40_9.07_-0.24_50.58_57.41_-0.56_32.44_-22.19_-16.87_0.3942_0.3706_-0.6076_-0.5815end0.43_9.07_-0.32_50.58_57.41_-0.56_33.50_-23.44_-15.06_0.3964_0.3712_-0.6055_-0.5818end0.50_9.04_-0.58_50.58_57.41_-0.56_33.50_-23.44_-15.06_0.3987_0.3718_-0.6033_-0.5821end0.39_9.04_-0.76_49.91_54.72_-0.11_33.19_-23.44_-13.19_0.3987_0.3718_-0.6033_-0.5821end0.61_9.08_-1.04_49.91_53.83_-0.56_33.19_-23.44_-13.19_0.3987_0.3718_-0.6033_-0.5821end0.53_9.05_-1.24_49.91_53.83_-0.56_33.19_-23.44_-13.19_0.4075_0.3738_-0.5947_-0.5834end0.53_9.05_-1.24_48.23_49.69_-0.34_34.19_-23.44_-13.19_0.4095_0.3743_-0.5927_-0.5838end0.59_8.66_-1.49_48.23_49.69_-0.34_34.19_-23.44_-13.19_0.41,24.1354227,120.7405628,115.69999694824219
55,16_0.3747_-0.5908_-0.5842end0.55_7.23_-1.46_48.23_49.69_-0.34_34.19_-23.44_-13.19_0.4155_0.3754_-0.5869_-0.5849end-0.18_-6.46_-1.98_52.37_46.33_-0.45_34.19_-23.44_-13.19_0.4174_0.3757_-0.5849_-0.5853end,24.1354227,120.7405628,115.69999694824219
56,,24.1354227,120.7405628,115.69999694824219
57,,24.1354227,120.7405628,115.69999694824219
58,,24.1354227,120.7405628,115.69999694824219
59,,24.1354227,120.7405628,115.69999694824219
60,,24.1354227,120.7405628,115.69999694824219
61,1.76_8.50_-6.40_52.37_46.33_-0.45_32.81_-23.06_-12.31_0.4174_0.3757_-0.5849_-0.5853end-0.70_9.56_-3.69_52.37_46.33_-0.45_32.81_-23.06_-12.31_0.4207_0.3757_-0.5813_-0.5864end0.87_9.30_0.02_53.27_19.58_2.35_32.81_-23.06_-12.31_0.4207_0.3757_-0.5813_-0.5864end0.87_9.30_0.02_53.27_19.58_2.35_32.81_-23.06_-12.31_0.4246_0.3751_-0.5766,24.1354227,120.7405628,115.69999694824219
62,_-0.5886end1.94_9.00_-2.29_53.27_19.58_2.35_32.81_-23.06_-12.31_0.4265_0.3755_-0.5749_-0.5887end0.77_9.01_-4.03_41.18_50.02_-4.14_32.81_-23.06_-12.31_0.4265_0.3755_-0.5749_-0.5887end1.99_9.22_-2.65_44.31_45.55_-3.80_32.81_-23.06_-12.31_0.4265_0.3755_-0.5749_-0.5887end1.99_9.22_-2.65_46.11_40.17_-0.90_35.31_-24.75_-10.00_0.4324_0.3766_-0.5693_-0.5892end1.99_9.22_-2.65_43.98_49.24_-1.23_35.31_-24.75_-10.00_0.4360_0.3771_-0.5656_-0.5899end1.43_9.27_-1.98_43.98_49.24_-1.23_35.31_-24.75_-10.00_0.4380_0.3776_-0.5634_-0.5900end,24.1354227,120.7405628,115.69999694824219
63,,24.1354227,120.7405628,115.69999694824219
64,,24.1354227,120.7405628,115.69999694824219
65,,24.1354227,120.7405628,115.69999694824219
66,,24.1354227,120.7405628,115.69999694824219
67,,24.1354227,120.7405628,115.69999694824219
68,,24.1354227,120.7405628,115.69999694824219
69,0.76_9.22_-1.97_43.98_49.24_-1.23_34.25_-23.69_-10.00_0.4380_0.3776_-0.5634_-0.5900end0.76_9.22_-1.97_39.17_64.46_-3.92_34.25_-23.69_-10.00_0.4424_0.3791_-0.5592_-0.5898end0.76_9.22_-1.97_39.50_60.43_-4.25_34.25_-23.69_-10.00_0.4469_0.3805_-0.5550_-0.5895end1.06_9.19_-2.77_39.50_60.43_-4.25_34.56_-24.37_-8.63_0.4469_0.3805_-0.5550_-0.5895end1.06_9.19_-2.77_38.50_53.04_-3.92_34.56_-24.37_-8.63_0.4509_0.3815_-0.5511_-0.5894end0.51_9.18_-2.75_38.50_53.04_-3.92_34.56_-24.37_-8.63_0.4528_0.3819_-0.5493_-0.5894end0.19_9.25_-2.38_39.61_44.31_-2.69_34.56_-24.37_-8.63_0.4546_0.3823_-0.5474_-0.5895end0.19_9.25_-2.38_38.27_44.65_-3.92_35.31_-24.31_-7.19_0.4564_0.,24.1354227,120.7405628,115.69999694824219
70,3826_-0.5457_-0.5896end0.19_9.25_-2.38_38.27_44.65_-3.92_35.31_-24.31_-7.19_0.4600_0.3832_-0.5421_-0.5897end0.73_9.30_-2.16_38.27_44.65_-3.92_35.31_-24.31_-7.19_0.4617_0.3835_-0.5403_-0.5898end,24.1354227,120.7405628,115.69999694824219
71,,24.1354227,120.7405628,115.69999694824219
72,,24.1354227,120.7405628,115.69999694824219
73,,24.1354227,120.7405628,115.69999694824219
74,,24.1354227,120.7405628,115.69999694824219
75,,24.1354227,120.7405628,115.69999694824219
76,0.50_9.25_-2.48_38.27_44.65_-3.92_35.31_-24.31_-7.19_0.4636_0.3839_-0.5386_-0.5897end0.63_9.25_-2.62_35.36_43.31_-5.04_35.31_-24.31_-7.19_0.4669_0.3845_-0.5353_-0.5895end0.77_9.23_-2.63_35.36_43.31_-5.04_35.31_-24.31_-7.19_0.4686_0.3848_-0.5337_-0.5895end0.61_9.22_-2.76_35.36_43.31_-5.04_35.31_-24.31_-7.19_0.4702_0.3851_-0.5320_,24.1354227,120.7405628,115.69999694824219
77,-0.5895end0.40_9.32_-2.46_35.36_43.31_-5.04_35.31_-24.31_-7.19_0.4702_0.3851_-0.5320_-0.5895end0.48_9.26_-2.38_35.70_45.88_-4.70_35.31_-24.31_-7.19_0.4702_0.3851_-0.5320_-0.5895end0.52_9.30_-2.13_35.70_45.88_-4.70_35.00_-25.00_-5.81_0.4702_0.3851_-0.5320_-0.5895end0.52_9.30_-2.13_35.70_45.88_-4.70_35.00_-25.00_-5.81_0.4789_0.3868_-0.5234_-0.5891end0.44_9.29_-2.34_35.70_45.88_-4.70_35.00_-25.00_-5.81_0.4805_0.3871_-0.5218_-0.5890end0.41_9.25_-2.77_35.70_45.88_-4.70_35.00_-25.00_-5.81_0.4822_0.3874_-0.5202_-0.5889end,24.1354227,120.7405628,115.69999694824219
78,,24.1354227,120.7405628,115.69999694824219
79,,24.1354227,120.7405628,115.69999694824219
80,,24.1354227,120.7405628,115.69999694824219
81,,24.1354227,120.7405628,115.69999694824219
82,,24.1354227,120.7405628,115.69999694824219
83,0.46_9.21_-2.81_32.56_38.05_-5.15_35.00_-25.00_-5.81_0.4822_0.3874_-0.5202_-0.5889end0.37_9.26_-2.87_32.34_36.59_-4.92_35.00_-25.00_-5.81_0.4822_0.3874_-0.5202_-0.5889end0.37_9.26_-2.87_32.34_36.59_-4.92_34.25_-24.31_-3.56_0.4881_0.3880_-0.5143_-0.5889end0.48_9.27_-2.63_32.34_36.59_-4.92_34.25_-24.31_-3.56_0.4895_0.3880_-0.5129_,24.1354227,120.7405628,115.69999694824219
84,-0.5889end0.48_9.27_-2.63_32.68_28.42_-5.60_35.00_-24.63_-3.56_0.4908_0.3879_-0.5115_-0.5890end0.48_9.27_-2.63_32.68_28.42_-5.60_35.75_-24.25_-3.56_0.4921_0.3878_-0.5102_-0.5891end0.48_9.27_-2.63_30.66_24.28_-5.93_35.75_-24.25_-3.56_0.4946_0.3876_-0.5078_-0.5894end0.70_9.26_-2.48_30.66_24.28_-5.93_35.75_-24.63_-3.56_0.4958_0.3875_-0.5066_-0.5895end0.68_9.24_-2.75_29.88_22.49_-6.27_35.75_-24.63_-3.56_0.4958_0.3875_-0.5066_-0.5895end0.70_9.16_-2.88_29.88_22.49_-6.27_36.44_-25.31_-3.06_0.4958_0.3875_-0.5066_-0.5895end,24.1293564,120.7289394,115.69999694824219
85,,24.1293564,120.7289394,115.69999694824219
86,,24.1293564,120.7289394,115.69999694824219
87,,24.1293564,120.7289394,115.69999694824219
88,,24.1293564,120.7289394,115.69999694824219
89,,24.1293564,120.7289394,115.69999694824219
90,,24.1293564,120.7289394,115.69999694824219
91,0.70_9.16_-2.88_29.88_22.49_-6.27_36.44_-25.31_-3.06_0.5004_0.3867_-0.5021_-0.5899end0.75_9.19_-2.68_29.88_22.49_-6.27_36.44_-25.31_-3.06_0.5004_0.3867_-0.5021_-0.5899end0.76_9.25_-2.60_30.66_22.38_-7.61_36.44_-25.31_-3.06_0.5040_0.3860_-0.4987_-0.5902end0.78_9.25_-2.51_29.43_21.82_-7.72_36.44_-25.31_-3.06_0.5051_0.3857_-0.4976_-0.5903end0.75_9.23_-2.62_29.43_21.82_-7.72_35.75_-24.94_-1.69_0.5062_0.3855_-0.4965_-0.5905end0.75_9.23_-2.62_29.43_21.82_-7.72_36.50_-24.87_-0.31_0.5062_0.3855_-0.4965_-0.5905end0.76_9.17_-2.76_28.42_21.26_-8.62_36.50_-24.87_-0.31_0.5062_0.3855_-0.4965_-0.5905end0.76_9.17_-2.76_27.98_20.03_-9.29_36.50_-24.87_-0.31_0.5096_0.3847_-0.4933_-0.5906end0.89_9.16_-3.00_27.98_20.03_-9.29_36.50_-24.87_-0.31_0.5108_0.3844_-0.4924_-0.5907end0.89_9.16_-3.00_28.42_18.24_-10.41_36.50_-24.87_-0.31_0.5131_0.3837_-0.4904_-0.5908end,24.1293564,120.7289394,115.69999694824219
92,,24.1293564,120.7289394,115.69999694824219
93,,24.1293564,120.7289394,115.69999694824219
94,,24.1293564,120.7289394,115.69999694824219
95,,24.1293564,120.7289394,115.69999694824219
96,,24.1293564,120.7289394,115.69999694824219
97,,24.1293564,120.7289394,115.69999694824219
98,0.85_9.17_-2.93_28.42_19.02_-10.63_36.50_-24.87_-0.31_0.5131_0.3837_-0.4904_-0.5908end0.85_9.17_-2.93_27.98_21.71_-11.08_36.50_-24.87_-0.31_0.5153_0.3829_-0.4885_-0.5909end0.83_9.13_-2.86_27.98_21.71_-11.08_36.50_-24.87_-0.31_0.5165_0.3826_-0.4875_-0.5909end0.81_9.13_-2.87_27.64_24.28_-11.64_35.75_-24.19_0.62_0.5165_0.3826_-0.4875_-0.5909end0.81_9.13_-2.91_27.64_24.28_-11.64_35.75_-24.19_0.62_0.5165_0.3826_-0.4875_-0.5909end0.81_9.13_-2.91_27.64_26.97_-12.42_35.75_-24.19_0.62_0.5228_0.3816_-0.4821_-0.5904end0.76_9.08_-2.99_27.64_26.97_-12.42_35.38_-24.19_0.56_0.5242_0.3814_-0.4810_-0.5903end0.75_9.09_-3.04_27.64_26.97_-12.42_35.38_-24.19_0.56_0.5242_0.,24.1293564,120.7289394,115.69999694824219
99,3814_-0.4810_-0.5903end0.76_9.05_-3.05_27.64_26.97_-12.42_37.25_-24.56_0.19_0.5242_0.3814_-0.4810_-0.5903end0.74_9.12_-3.03_27.64_26.97_-12.42_37.25_-24.56_0.19_0.5297_0.3809_-0.4765_-0.5894end,24.1293564,120.7289394,115.69999694824219
100,,24.1293564,120.7289394,115.69999694824219
101,,24.1293564,120.7289394,115.69999694824219
102,,24.1293564,120.7289394,115.69999694824219
103,,24.1293564,120.7289394,115.69999694824219
104,,24.1293564,120.7289394,115.69999694824219
105,,24.1293564,120.7289394,115.69999694824219
106,,24.1293564,120.7289394,115.69999694824219
107,0.74_9.12_-3.03_27.64_26.97_-12.42_36.50_-23.87_0.62_0.5311_0.3807_-0.4753_-0.5891end0.72_9.07_-3.12_27.64_26.97_-12.42_36.50_-23.87_0.62_0.5311_0.3807_-0.4753_-0.5891end0.72_9.05_-3.12_27.19_32.12_-14.66_36.50_-23.87_0.62_0.5311_0.3807_-0.4753_-0.5891end0.72_9.05_-3.12_27.19_32.12_-14.66_36.50_-23.87_0.62_0.5370_0.3804_-0.4705_-0.5878end0.64_9.02_-3.26_27.19_32.12_-14.66_36.50_-23.87_0.62_0.5385_0.3804_-0.4692_-0.5875end0.50_9.04_-3.22_27.19_32.12_-14.66_36.50_-23.87_0.62_0.5385_0.3804_-0.4692_-0.5875end0.50_9.04_-3.22_27.19_32.12_-14.66_36.13_-22.87_2.00_0.5385_0.3804_-0.4692_-0.5875end0.44_9.01_-3.24_27.19_32.12_-14.66_36.13_-22.87_2.00_0.5444_0.3799_-0.4645_-0.5861end0.33_9.00_-3.30_27.19_32.12_-14.66_36.13_-22.87_2.00_0.5444_0.3799_-0.4645_-0.5861end0.34_8.95_-3.40_27.19_32.12_-14.66_36.50_-23.44_3.37_0.5486_0.3792_-0.4613_-0.5851end,24.1293564,120.7289394,115.69999694824219
108,,24.1293564,120.7289394,115.69999694824219
109,,24.1293564,120.7289394,115.69999694824219
110,,24.1293564,120.7289394,115.69999694824219
111,,24.1293564,120.7289394,115.69999694824219
112,,24.1293564,120.7289394,115.69999694824219
113,,24.1293564,120.7289394,115.69999694824219
114,0.33_8.96_-3.46_27.19_32.12_-14.66_36.56_-22.13_4.37_0.5500_0.3790_-0.4603_-0.5848end0.30_8.96_-3.55_26.30_26.63_-17.01_36.56_-22.13_4.37_0.5513_0.3787_-0.4592_-0.5845end0.31_8.91_-3.59_26.30_26.63_-17.01_36.56_-22.13_4.37_0.5528_0.3784_-0.4582_-0.5842end0.28_8.98_-3.50_25.96_26.97_-17.23_36.56_-22.13_4.37_0.5528_0.3784_-0.4582_-0.5842end0.25_8.92_-3.56_26.30_26.52_-17.46_36.56_-22.13_4.37_0.5569_0.3776_-0.4551_-0.5833end0.13_8.95_-3.59_26.30_26.52_-17.46_36.56_-22.13_4.37_0.5583_0.3773_-0.4540_-0.5829end-0.04_8.93_-3.66_26.30_26.52_-17.46_37.25_-23.12_4.37_0.5583_0.3773_-0.4540_-0.5829end-0.12_8.93_-3.72_25.74_27.42_-17.79_37.25_-23.12_4.37_0.5583_0.3773_-0.4540_-0.5829end-0.12_8.93_-3.72_25.74_27.42_-17.79_36.56_-22.13_5.75_0.5638_0.3763_-0.4499_-0.5815end-0.28_8.86_-4.00_25.74_27.42_-17.79_36.56_-22.13_5.75_0.5651_0.3760_-0.4489_-0.5811end,24.1293564,120.7289394,115.69999694824219
115,,24.1293564,120.7289394,115.69999694824219
116,,24.1293564,120.7289394,115.69999694824219
117,,24.1293564,120.7289394,115.69999694824219
118,,24.1293564,120.7289394,115.69999694824219
119,,24.1293564,120.7289394,115.69999694824219
120,,24.1293564,120.7289394,115.69999694824219
121,-0.31_8.88_-4.03_24.40_25.63_-18.02_37.25_-22.75_5.25_0.5651_0.3760_-0.4489_-0.5811end-0.38_8.93_-4.13_24.95_24.06_-18.02_37.25_-22.75_5.25_0.5678_0.3754_-0.4470_-0.5804end-0.38_8.93_-4.13_24.51_23.72_-17.79_37.25_-22.75_5.25_0.5705_0.3748_-0.4450_-0.5797end-0.46_8.87_-4.14_24.17_23.28_-17.79_37.25_-22.75_5.25_0.5717_0.3745_-0.4441_-0.5794end-0.46_8.87_-4.14_24.17_23.28_-17.79_37.31_-22.06_6.62_0.5730_0.3741_-0.4432_-0.5790end-0.62_8.89_-4.31_24.17_23.28_-17.79_38.00_-21.75_6.62_0.5730_0.3741_-0.4432_-0.5790end-0.62_8.89_-4.31_23.16_22.38_-17.79_38.00_-21.75_6.62_0.5755_0.3734_-0.4414_-0.5784end-0.62_8.89_-4.31_23.28_21.93_-17.46_38.00_-21.75_6.62_0.5755_0.3734_-0.4414_-0.5784end-0.76_8.83_-4.50_23.16_21.37_-17.23_38.00_-21.75_6.62_0.5779_0.3727_-0.4397_-0.5778end-0.76_8.83_-4.50_23.16_21.37_-17.23_38.00_-21.75_6.62_0.5792_0.3723_-0.4388_-0.5774end,24.1293564,120.7289394,115.69999694824219
122,,24.1293564,120.7289394,115.69999694824219
123,,24.1293564,120.7289394,115.69999694824219
124,,24.1293564,120.7289394,115.69999694824219
125,,24.1293564,120.7289394,115.69999694824219
126,,24.1293564,120.7289394,115.69999694824219
127,,24.1293564,120.7289394,115.69999694824219
128,,24.1293564,120.7289394,115.69999694824219
129,,24.1293564,120.7289394,115.69999694824219
130,-0.99_8.82_-4.52_22.83_20.25_-17.01_38.00_-21.75_6.62_0.5815_0.3715_-0.4373_-0.5767end-1.12_8.83_-4.56_22.83_20.25_-17.01_36.56_-19.62_8.56_0.5838_0.3708_-0.4356_-0.5761end-1.18_8.86_-4.54_22.83_20.25_-17.01_37.31_-21.06_6.25_0.5849_0.3704_-0.4348_-0.5758end-1.25_8.86_-4.57_22.83_20.25_-17.01_37.31_-21.06_6.25_0.5861_0.3701_-0.4340_-0.5755end-1.42_8.83_-4.56_22.83_20.25_-17.01_37.31_-21.06_6.25_0.5861_0.3701_-0.4340_-0.5755end-1.42_8.83_-4.56_21.04_17.79_-15.78_37.31_-21.06_6.25_0.5892_0.3689_-0.4318_-0.5748end-1.78_8.87_-4.77_21.04_17.79_-15.78_36.56_-21.37_8.06_0.5892_0.3689_-0.4318_-0.5748end-1.86_8.86_-4.89_21.04_17.79_-15.78_36.56_-21.37_8.06_0.5892_0.3689_-0.4318_-0.5748end-1.93_8.83_-5.12_21.04_17.79_-15.78_36.56_-21.37_8.06_0.5892_0.3689_-0.4318_-0.5748end-1.92_8.80_-5.13_21.04_17.79_-15.78_36.56_-21.37_8.06_0.5937_0.3668_-0.4288_-0.5737end,24.1293564,120.7289394,115.69999694824219
131,,24.1293564,120.7289394,115.69999694824219
132,,24.1293564,120.7289394,115.69999694824219
133,,24.1293564,120.7289394,115.69999694824219
134,,24.1293564,120.7289394,115.69999694824219
135,,24.1293564,120.7289394,115.69999694824219
136,,24.1293564,120.7289394,115.69999694824219
137,-1.86_8.80_-5.34_21.04_17.79_-15.78_38.06_-20.31_8.06_0.5944_0.3663_-0.4283_-0.5737end-1.85_8.82_-5.35_21.04_17.79_-15.78_36.94_-20.69_7.62_0.5952_0.3657_-0.4279_-0.5735end-1.80_8.79_-5.33_17.57_3.92_-12.98_36.94_-20.69_7.62_0.5952_0.3657_-0.4279_-0.5735end-1.80_8.79_-5.33_17.57_3.92_-12.98_36.94_-20.69_7.62_0.5970_0.3640_-0.4268_-0.5735end-1.69_8.75_-5.20_17.57_3.92_-12.98_36.94_-20.69_7.62_0.5976_0.3633_-0.4266_-0.5735end-1.63_8.68_-5.10_17.57_3.92_-12.98_36.94_-20.69_7.62_0.5976_0.3633_-0.4266_-0.5735end-1.53_9.80_-4.98_15.78_-4.14_-11.08_36.94_-20.69_7.62_0.5976_0.3633_-0.4266_-0.5735end-1.53_9.80_-4.98_15.78_-4.14_-11.08_36.94_-20.69_7.62_0.5994_0,24.1293564,120.7289394,115.69999694824219
138,.3605_-0.4260_-0.5739end-1.68_8.99_-4.64_15.78_-4.14_-11.08_36.94_-20.69_7.62_0.5998_0.3597_-0.4258_-0.5740end-1.61_8.82_-5.04_13.54_-1.79_-10.52_36.94_-20.69_7.62_0.5998_0.3597_-0.4258_-0.5740end,24.1293564,120.7289394,115.69999694824219
139,,24.1293564,120.7289394,115.69999694824219
140,,24.1293564,120.7289394,115.69999694824219
141,,24.1293564,120.7289394,115.69999694824219
142,,24.1293564,120.7289394,115.69999694824219
143,,24.1293564,120.7289394,115.69999694824219
144,-1.61_8.82_-5.04_13.09_0.22_-10.63_38.38_-20.31_7.19_0.5998_0.3597_-0.4258_-0.5740end-1.57_8.80_-5.29_13.09_0.22_-10.63_38.38_-20.31_7.19_0.6016_0.3577_-0.4250_-0.5740end-1.57_8.80_-5.29_12.20_4.14_-9.62_38.38_-20.31_7.19_0.6021_0.3572_-0.4247_-0.5740end-1.74_8.79_-5.53_11.64_5.48_-8.95_38.38_-20.31_7.19_0.6021_0.3572_-0.4247_-0.5740end-1.83_8.80_-5.53_11.53_5.26_-8.62_38.38_-20.31_7.19_0.6021_0.3572_-0.4247_-0.5740end-1.83_8.80_-5.53_11.53_5.26_-8.62_39.88_-18.94_8.56_0.6040_0.3560_-0.4235_-0.5737end-2.02_8.80_-5.35_11.53_5.26_-8.62_39.88_-18.94_8.56_0.6040_0.3560_-0.4235_-0.5737end-2.02_8.80_-5.35_11.53_5.26_-8.62_39.88_-18.94_8.56_0.6052_0.3549_-0.4,24.1293564,120.7289394,115.69999694824219
145,228_-0.5736end-2.02_8.76_-5.29_11.53_5.26_-8.62_39.88_-18.94_8.56_0.6055_0.3546_-0.4227_-0.5736end-1.98_8.59_-5.29_11.53_5.26_-8.62_39.88_-18.94_8.56_0.6055_0.3546_-0.4227_-0.5736end,24.1293564,120.7289394,115.69999694824219
146,,24.1293564,120.7289394,115.69999694824219
147,,24.1293564,120.7289394,115.69999694824219
148,,24.1293564,120.7289394,115.69999694824219
149,,24.1293564,120.7289394,115.69999694824219
150,,24.1293564,120.7289394,115.69999694824219
151,-2.01_8.44_-5.32_7.50_-11.97_-5.71_37.69_-19.94_9.94_0.6055_0.3546_-0.4227_-0.5736end-2.01_8.44_-5.32_7.50_-11.97_-5.71_38.44_-19.94_9.06_0.6060_0.3530_-0.4227_-0.5739end-2.97_2.91_-6.35_7.50_-11.97_-5.71_38.44_-19.94_9.06_0.6060_0.3517_-0.4232_-0.5744end-2.97_2.91_-6.35_9.40_-15.22_-6.04_36.94_-19.62_8.06_0.6060_0.3510_-0.4234_-0.5747end-3.94_12.05_-7.35_13.20_-13.99_-6.71_36.94_-19.62_8.06_0.6060_0.3510_-0.4234_-0.5747end0.11_5.69_-6.42_13.20_-13.99_-6.71_38.81_-18.94_8.56_0.6063_0.3483_-0.4238_-0.5757end-3.46_-11.25_-5.16_13.20_-13.99_-6.71_38.44_-18.25_7.19_0.6061_0.3471_-0.4241_-0.5765end1.56_45.46_-7.32_13.20_-13.99_-6.71_38.44_-18.25_7.19_0.6057,24.1293564,120.7289394,115.69999694824219
152,_0.3457_-0.4247_-0.5773end-1.54_7.16_-9.67_13.20_-13.99_-6.71_38.44_-18.25_7.19_0.6053_0.3441_-0.4252_-0.5783end0.10_10.12_-9.25_14.55_-44.76_2.35_38.44_-18.25_7.19_0.6047_0.3425_-0.4259_-0.5793end,24.1293564,120.7289394,115.69999694824219
153,,24.1293564,120.7289394,115.69999694824219
154,,24.1293564,120.7289394,115.69999694824219
155,,24.1293564,120.7289394,115.69999694824219
156,,24.1293564,120.7289394,115.69999694824219
157,,24.1293564,120.7289394,115.69999694824219
158,,24.1293564,120.7289394,115.69999694824219
159,0.10_10.12_-9.25_14.55_-44.76_2.35_38.44_-18.25_7.19_0.6031_0.3398_-0.4279_-0.5812end-2.29_9.25_-2.79_14.55_-44.76_2.35_38.81_-18.94_9.06_0.6022_0.3389_-0.4291_-0.5817end-2.19_8.82_-5.13_14.55_-44.76_2.35_38.81_-18.94_9.06_0.6019_0.3388_-0.4296_-0.5816end-2.83_8.45_-4.41_-7.39_6.94_-9.74_38.81_-18.94_9.06_0.6019_0.3388_-0.4296_-0.5816end0.07_8.46_-8.51_1.12_-6.38_-7.16_38.75_-19.62_8.06_0.6024_0.3392_-0.4298_-0.5808end0.07_8.46_-8.51_1.12_-6.38_-7.16_38.75_-19.62_8.06_0.6024_0.3386_-0.4304_-0.5807end-1.12_8.63_-6.64_1.12_-6.38_-7.16_38.75_-19.62_8.06_0.6019_0.3376_-0.4310_-0.5814end-0.93_8.68_-6.27_1.12_-6.38_-7.16_37.69_-19.62_8.56_0.6019_0.3376_-0.4310_-0.5814end-0.93_8.68_-6.27_3.47_-26.41_1.12_37.69_-19.62_8.56_0.6019_0.3376_-0.4310_-0.5814end-2.37_8.83_-4.18_3.47_-26.41_1.12_38.75_-19.00_5.81_0.5996_0.3340_-0.4337_-0.5838end,24.1293564,120.7289394,115.69999694824219
160,,24.1293564,120.7289394,115.69999694824219
161,,24.1293564,120.7289394,115.69999694824219
162,,24.1293564,120.7289394,115.69999694824219
163,,24.1293564,120.7289394,115.69999694824219
164,,24.1293564,120.7289394,115.69999694824219
165,,24.1293564,120.7289394,115.69999694824219
166,-2.32_8.88_-4.17_3.47_-26.41_1.12_38.75_-19.00_5.81_0.5992_0.3333_-0.4342_-0.5842end-1.84_8.81_-3.92_3.47_-26.41_1.12_38.44_-20.31_8.13_0.5992_0.3333_-0.4342_-0.5842end-2.25_9.13_-4.23_-4.48_-43.64_-2.01_38.44_-20.31_8.13_0.5992_0.3333_-0.4342_-0.5842end-2.25_9.13_-4.23_-4.48_-43.64_-2.01_38.44_-20.31_8.13_0.5958_0.3290_-0.4391_-0.5864end-1.38_8.66_-5.50_-4.48_-43.64_-2.01_38.44_-20.31_8.13_0.5944_0.3275_-0.4409_-0.5873end-1.47_8.65_-6.15_-4.48_-43.64_-2.01_38.44_-20.31_8.13_0.5944_0.3275_-0.4409_-0.5873end-1.48_8.68_-6.06_-4.25_-66.70_1.57_38.44_-20.31_8.13_0.5944_0.3275_-0.4409_-0.5873end-1.48_8.68_-6.06_-4.25_-66.70_1.57_39.50_-19.37_4.44_0.5902_0.3,24.1293564,120.7289394,115.69999694824219
167,226_-0.4463_-0.5902end-1.38_8.82_-5.01_-4.25_-66.70_1.57_39.50_-19.37_4.44_0.5902_0.3226_-0.4463_-0.5902end-1.36_8.79_-4.78_-3.25_-54.50_0.67_38.38_-19.37_4.94_0.5902_0.3226_-0.4463_-0.5902end,24.1293564,120.7289394,115.69999694824219
168,,24.1293564,120.7289394,115.69999694824219
169,,24.1293564,120.7289394,115.69999694824219
170,,24.1293564,120.7289394,115.69999694824219
171,,24.1293564,120.7289394,115.69999694824219
172,,24.1293564,120.7289394,115.69999694824219
173,,24.1293564,120.7289394,115.69999694824219
174,-1.36_8.79_-4.78_-4.03_-54.05_1.01_38.38_-19.37_4.94_0.5854_0.3170_-0.4523_-0.5935end-1.36_8.79_-4.78_-5.15_-55.39_1.34_39.13_-19.00_4.94_0.5854_0.3170_-0.4523_-0.5935end-1.36_8.79_-4.78_-6.71_-56.96_1.12_39.13_-19.00_4.94_0.5854_0.3170_-0.4523_-0.5935end-1.36_8.79_-4.78_-6.71_-56.96_1.12_39.50_-19.00_4.44_0.5818_0.3132_-0.4568_-0.5956end-1.36_8.79_-4.78_-7.83_-57.41_1.01_39.50_-19.00_4.44_0.5793_0.3105_-0.4600_-0.5970end-1.32_8.74_-4.55_-7.39_-57.97_0.56_39.50_-19.00_4.44_0.5767_0.3079_-0.4632_-0.5983end-1.25_8.77_-4.37_-7.39_-57.97_0.56_39.50_-19.00_4.44_0.5754_0.3065_-0.4647_-0.5991end-1.21_8.75_-4.21_-7.39_-57.97_0.56_39.50_-19.00_4.44_0.5742_0.3051_-0.4662_-0.5999end-1.26_8.78_-3.91_-7.39_-57.97_0.56_39.50_-19.00_4.44_0.5742_0.3051_-0.4662_-0.5999end-1.30_8.78_-3.80_-5.48_-57.97_0.90_39.50_-19.00_4.44_0.5742_0.3051_-0.4662_-0.5999end,24.1293564,120.7289394,115.69999694824219
175,,24.1293564,120.7289394,115.69999694824219
176,,24.1293564,120.7289394,115.69999694824219
177,,24.1293564,120.7289394,115.69999694824219
178,,24.1293564,120.7289394,115.69999694824219
179,,24.1293564,120.7289394,115.69999694824219
180,,24.1293564,120.7289394,115.69999694824219
181,-1.30_8.78_-3.80_-5.48_-57.97_0.90_39.50_-19.37_2.12_0.5691_0.2994_-0.4722_-0.6028end-1.32_8.79_-3.52_-5.48_-57.97_0.90_39.50_-19.37_2.12_0.5691_0.2994_-0.4722_-0.6028end-1.30_8.79_-3.30_-5.48_-57.97_0.90_39.50_-19.37_2.12_0.5668_0.2969_-0.4749_-0.6042end-1.40_8.84_-3.24_-3.69_-47.67_0.56_39.50_-19.37_2.12_0.5668_0.2969_-0.4749_-0.6042end-1.40_8.84_-3.24_-3.36_-45.66_0.56_39.50_-19.37_2.12_0.5668_0.2969_-0.4749_-0.6042end-1.59_8.88_-2.54_-3.36_-45.66_0.56_39.50_-19.37_2.12_0.5627_0.2921_-0.4795_-0.6067end-1.71_8.88_-2.40_-3.36_-45.66_0.56_39.44_-19.44_0.75_0.5627_0.2921_-0.4795_-0.6067end-1.72_8.93_-2.27_-3.36_-45.66_0.56_38.75_-20.44_1.69_0.5608_0.2897_-0.4818_-0.6078end-1.68_8.88_-2.04_-4.81_-42.86_-0.67_38.75_-20.44_1.69_0.5608_0.2897_-0.4818_-0.6078end-1.67_8.88_-2.09_-4.81_-42.75_-0.34_39.06_-20.44_0.31_0.5608_0.2897_-0.4818_-0.6078end,24.1293564,120.7289394,115.69999694824219
182,,24.1293564,120.7289394,115.69999694824219
183,,24.1293564,120.7289394,115.69999694824219
184,,24.1293564,120.7289394,115.69999694824219
185,,24.1293564,120.7289394,115.69999694824219
186,,24.1293564,120.7289394,115.69999694824219
187,,24.1293564,120.7289394,115.69999694824219
188,-1.67_8.88_-2.09_-4.81_-42.75_-0.34_39.06_-20.44_0.31_0.5571_0.2854_-0.4862_-0.6098end-1.75_8.87_-2.32_-4.81_-42.75_-0.34_39.06_-20.44_0.31_0.5571_0.2854_-0.4862_-0.6098end-1.92_8.86_-2.48_-4.81_-42.75_-0.34_39.44_-19.06_-0.19_0.5544_0.2823_-0.4893_-0.6111end-2.01_8.87_-2.45_-4.81_-42.75_-0.34_39.06_-19.06_-0.19_0.5536_0.2814_-0.4902_-0.6116end-2.14_8.86_-2.40_-4.81_-42.75_-0.34_39.06_-19.06_-0.19_0.5536_0.2814_-0.4902_-0.6116end-2.21_8.88_-2.18_-4.81_-42.75_-0.34_39.06_-19.06_-0.19_0.5523_0.2797_-0.4917_-0.6123end-2.25_8.89_-2.09_-0.34_-24.51_-1.12_39.06_-19.06_-0.19_0.5523_0.2797_-0.4917_-0.6123end-2.25_8.89_-2.09_0.22_-21.37_-1.01_39.06_-19.06_-0.19,24.1293564,120.7289394,115.69999694824219
189,_0.5508_0.2776_-0.4933_-0.6133end-2.37_8.91_-2.04_0.22_-21.37_-1.01_39.06_-19.06_-0.19_0.5505_0.2770_-0.4938_-0.6136end-2.55_8.93_-2.02_0.22_-21.37_-1.01_39.44_-19.81_-1.56_0.5505_0.2770_-0.4938_-0.6136end,24.1293564,120.7289394,115.69999694824219
190,,24.1293564,120.7289394,115.69999694824219
191,,24.1293564,120.7289394,115.69999694824219
192,,24.1293564,120.7289394,115.69999694824219
193,,24.1293564,120.7289394,115.69999694824219
194,,24.1293564,120.7289394,115.69999694824219
195,,24.1293564,120.7289394,115.69999694824219
196,-2.64_9.00_-2.13_0.90_-17.23_0.00_39.44_-19.81_-1.56_0.5505_0.2770_-0.4938_-0.6136end-2.74_8.96_-2.27_0.90_-17.23_0.00_38.75_-19.06_-0.19_0.5491_0.2750_-0.4951_-0.6146end-3.14_9.04_-2.46_0.90_-17.23_0.00_38.75_-19.06_-0.19_0.5491_0.2750_-0.4951_-0.6146end-3.41_10.10_-2.54_1.34_0.67_0.56_38.75_-19.06_-0.19_0.5491_0.2750_-0.4951_-0.6146end-3.41_10.10_-2.54_2.35_5.71_0.56_38.38_-19.44_-1.56_0.5491_0.2750_-0.4951_-0.6146end-3.41_10.10_-2.54_2.35_5.71_0.56_38.38_-19.44_-1.56_0.5496_0.2750_-0.4941_-0.6149end-3.77_12.72_-2.58_5.26_19.92_2.24_38.38_-19.44_-1.56_0.5496_0.2750_-0.4941_-0.6149end-3.77_12.72_-2.58_5.26_19.92_2.24_38.38_-19.44_-1.56_0.5505_0.2758_-0.4927_-0.6149end-3.84_15.95_-2.86_5.26_19.92_2.24_39.81_-19.44_-1.56_0.5505_0.2758_-0.4927_-0.6149end-4.04_16.96_-3.11_2.24_3.47_11.86_39.81_-19.44_-1.56_0.5505_0.2758_-0.4927_-0.6149end,24.1293564,120.7289394,115.69999694824219
197,,24.1293564,120.7289394,115.69999694824219
198,,24.1293564,120.7289394,115.69999694824219
199,,24.1293564,120.7289394,115.69999694824219
200,,24.1293564,120.7289394,115.69999694824219
201,,24.1293564,120.7289394,115.69999694824219
202,,24.1293564,120.7289394,115.69999694824219
203,-4.04_16.96_-3.11_2.24_3.47_11.86_39.13_-19.06_0.31_0.5508_0.2772_-0.4907_-0.6156end-3.57_17.32_-3.52_2.24_3.47_11.86_39.06_-19.12_-1.56_0.5500_0.2772_-0.4907_-0.6163end-4.26_18.23_-3.37_2.24_3.47_11.86_39.06_-19.12_-1.56_0.5490_0.2770_-0.4909_-0.6171end-4.21_18.55_-3.51_2.24_3.47_11.86_39.06_-19.12_-1.56_0.5490_0.2770_-0.4909_-,24.1293564,120.7289394,115.69999694824219
204,0.6171end-4.21_18.55_-3.51_2.24_3.47_11.86_37.63_-19.81_-1.56_0.5465_0.2762_-0.4916_-0.6192end-3.87_18.46_-2.78_3.36_-38.38_28.65_37.63_-19.81_-1.56_0.5434_0.2751_-0.4925_-0.6216end-3.54_18.34_-2.70_3.36_-38.38_28.65_39.06_-20.12_-1.56_0.5416_0.2745_-0.4930_-0.6230end-3.50_17.66_-2.09_3.36_-38.38_28.65_39.06_-20.12_-1.56_0.5416_0.2745_-0.4930_-0.6230end-3.66_17.40_-2.04_3.36_-38.38_28.65_39.81_-20.50_-1.06_0.5374_0.2730_-0.4944_-0.6263end-3.61_17.05_-2.02_3.58_-47.34_44.20_39.81_-20.50_-1.06_0.5374_0.2730_-0.4944_-0.6263end,24.1293564,120.7289394,115.69999694824219
205,,24.1293564,120.7289394,115.69999694824219
206,,24.1293564,120.7289394,115.69999694824219
207,,24.1293564,120.7289394,115.69999694824219
208,,24.1293564,120.7289394,115.69999694824219
209,,24.1293564,120.7289394,115.69999694824219
210,-3.39_16.37_-2.02_3.58_-47.34_44.20_37.63_-20.19_-2.56_0.5329_0.2718_-0.4956_-0.6297end-3.39_16.37_-2.02_4.48_-37.60_47.78_37.63_-20.19_-2.56_0.5329_0.2718_-0.4956_-0.6297end-3.39_16.37_-2.02_4.48_-37.60_47.78_37.94_-20.50_-2.06_0.5287_0.2712_-0.4962_-0.6330end-3.39_16.37_-2.02_5.93_-28.65_51.92_37.94_-20.50_-2.06_0.5246_0.2713_-0.4962_-0.6364end-2.89_14.51_-1.44_5.93_-28.65_51.92_39.06_-20.88_-3.44_0.5246_0.2713_-0.4962_-0.6364end-2.89_14.51_-1.44_6.71_-23.28_53.27_39.06_-20.88_-3.44_0.5191_0.2726_-0.4951_-0.6412end-2.89_14.51_-1.44_6.94_-3.25_56.62_37.56_-21.56_-3.94_0.5191_0.2726_-0.4951_-0.6412end-2.34_13.50_-2.21_6.94_-3.25_56.62_37.56_-21.56_-3.9,24.1293564,120.7289394,115.69999694824219
211,4_0.5191_0.2726_-0.4951_-0.6412end-2.27_13.53_-2.46_6.94_-3.25_56.62_36.50_-22.25_-3.50_0.5191_0.2726_-0.4951_-0.6412end-2.23_13.47_-2.65_3.47_11.30_60.65_36.50_-23.25_-3.00_0.5191_0.2726_-0.4951_-0.6412end,24.1293564,120.7289394,115.69999694824219
212,,24.1293564,120.7289394,115.69999694824219
213,,24.1293564,120.7289394,115.69999694824219
214,,24.1293564,120.7289394,115.69999694824219
215,,24.1293564,120.7289394,115.69999694824219
216,,24.1293564,120.7289394,115.69999694824219
217,,24.1293564,120.7289394,115.69999694824219
218,-2.29_13.42_-2.64_3.36_13.54_62.78_36.50_-23.25_-3.00_0.5103_0.2805_-0.4890_-0.6495end-2.33_13.47_-2.27_3.36_13.54_62.78_36.50_-23.25_-3.00_0.5089_0.2822_-0.4878_-0.6508end-2.72_13.13_-2.42_-1.90_12.42_68.49_36.50_-23.25_-3.00_0.5089_0.2822_-0.4878_-0.6508end-2.93_12.85_-2.64_-1.90_12.42_68.49_35.75_-23.56_-3.06_0.5089_0.2822_-0,24.1293564,120.7289394,115.69999694824219
219,.4878_-0.6508end-2.38_12.44_-2.87_-1.90_12.42_68.49_35.75_-23.56_-3.06_0.5089_0.2822_-0.4878_-0.6508end-1.65_12.26_-2.46_-4.36_-4.48_70.05_35.75_-23.56_-3.06_0.5089_0.2822_-0.4878_-0.6508end-1.41_12.29_-2.14_-4.36_-4.48_70.05_35.75_-24.25_-1.19_0.5089_0.2822_-0.4878_-0.6508end-1.47_12.34_-1.89_-4.36_-4.48_70.05_35.75_-24.25_-1.19_0.4919_0.2935_-0.4822_-0.6628end-1.54_12.29_-1.67_-4.36_-4.48_70.05_35.38_-24.25_-2.62_0.4885_0.2938_-0.4826_-0.6649end-1.52_12.17_-1.62_-11.64_-59.42_77.44_35.38_-24.25_-2.62_0.4849_0.2939_-0.4832_-0.6671end,24.1293564,120.7289394,115.69999694824219
220,,24.1293564,120.7289394,115.69999694824219
221,,24.1293564,120.7289394,115.69999694824219
222,,24.1293564,120.7289394,115.69999694824219
223,,24.1293564,120.7289394,115.69999694824219
224,,24.1293564,120.7289394,115.69999694824219
225,-0.99_11.70_-1.74_-11.64_-59.42_77.44_36.06_-24.63_-3.56_0.4849_0.2939_-0.4832_-0.6671end-0.60_11.41_-2.02_-16.34_-60.76_77.33_36.06_-24.63_-3.56_0.4738_0.2945_-0.4853_-0.6733end-0.21_10.92_-2.18_-16.34_-60.76_77.33_33.94_-26.00_-4.94_0.4701_0.2947_-0.4861_-0.6752end-0.16_11.16_-2.25_-16.34_-60.76_77.33_33.94_-26.00_-4.94_0.4664,24.1293564,120.7289394,115.69999694824219
226,_0.2951_-0.4869_-0.6770end0.13_11.09_-2.25_-26.52_-52.15_76.54_33.94_-26.00_-4.94_0.4664_0.2951_-0.4869_-0.6770end0.13_11.09_-2.25_-26.52_-52.15_76.54_33.94_-27.06_-6.37_0.4590_0.2962_-0.4885_-0.6804end0.13_11.09_-2.25_-28.31_-51.92_76.10_33.94_-27.06_-6.37_0.4516_0.2974_-0.4902_-0.6835end0.13_11.09_-2.25_-34.13_-52.15_74.86_33.94_-27.06_-6.37_0.4516_0.2974_-0.4902_-0.6835end0.13_11.09_-2.25_-37.04_-51.59_74.42_33.94_-27.06_-6.37_0.4441_0.2990_-0.4924_-0.6863end1.48_10.63_-1.57_-37.04_-51.59_74.42_33.94_-27.06_-6.37_0.4441_0.2990_-0.4924_-0.6863end,24.1293564,120.7289394,115.69999694824219
227,,24.1293564,120.7289394,115.69999694824219
228,,24.1293564,120.7289394,115.69999694824219
229,,24.1293564,120.7289394,115.69999694824219
230,,24.1293564,120.7289394,115.69999694824219
231,,24.1293564,120.7289394,115.69999694824219
232,,24.1293564,120.7289394,115.69999694824219
233,1.48_10.63_-1.57_-43.31_-46.55_71.62_33.94_-27.06_-6.37_0.4365_0.3007_-0.4948_-0.6886end2.94_9.78_-1.25_-43.31_-46.55_71.62_33.94_-27.06_-6.37_0.4365_0.3007_-0.4948_-0.6886end3.20_9.57_-1.15_-51.59_-26.41_66.81_33.94_-27.06_-6.37_0.4230_0.3063_-0.4996_-0.6911end3.41_9.34_-0.95_-58.41_4.81_61.55_33.94_-27.06_-6.37_0.4203_0.3087_-,24.1293564,120.7289394,115.69999694824219
234,,24.1293564,120.7289394,115.69999694824219
235,0.5005_-0.6910end4.05_8.55_-0.91_-58.41_4.81_61.55_33.94_-27.06_-6.37_0.4203_0.3087_-0.5005_-0.6910end4.11_8.41_-0.74_-70.39_73.07_50.92_33.94_-27.06_-6.37_0.4163_0.3151_-0.5018_-0.6896end4.30_8.42_-0.75_-74.53_96.57_46.78_33.94_-27.06_-6.37_0.4152_0.3194_-0.5021_-0.6882end4.04_8.13_-0.51_-74.53_96.57_46.78_33.94_-27.06_-6.37_0.,24.1293564,120.7289394,115.69999694824219
236,,24.1293564,120.7289394,115.69999694824219
237,4146_0.3300_-0.5017_-0.6838end3.54_7.81_-0.13_-74.53_96.57_46.78_33.94_-27.06_-6.37_0.4146_0.3300_-0.5017_-0.6838end3.26_7.74_-0.08_-89.64_181.18_30.33_33.94_-27.06_-6.37_0.4146_0.3300_-0.5017_-0.6838end,24.1293564,120.7289394,115.69999694824219
238,,24.1293564,120.7289394,115.69999694824219
239,,24.1293564,120.7289394,115.69999694824219
240,,24.1293564,120.7289394,115.69999694824219
241,,24.1293564,120.7289394,115.69999694824219
242,2.84_7.65_0.29_-89.64_181.18_30.33_33.94_-27.06_-6.37_0.4195_0.3584_-0.4981_-0.6689end2.62_7.34_0.56_-89.64_181.18_30.33_31.31_-29.19_-8.75_0.4218_0.3665_-0.4968_-0.6641end1.92_7.60_0.83_-99.93_216.54_18.46_31.31_-29.19_-8.75_0.4242_0.3748_-0.4954_-0.6589end1.92_7.60_0.83_-102.84_221.91_14.88_31.31_-29.19_-8.75_0.4269_0.3837_-0.4940_-0.6531end1.20_7.66_1.57_-102.84_221.91_14.88_31.31_-28.12_-6.37_0.4269_0.3837_-0.4940_-0.6531end1.20_7.66_1.57_-105.97_223.25_11.53_31.31_-28.12_-6.37_0.4348_0.4091_-0.4901_-0.6353end1.20_7.66_1.57_-113.58_206.80_2.46_30.62_-29.81_-4.56_0.4348_0.4091_-0.4901_-0.6353end1.20_7.66_1.57_-114.37_200.87_-0.22_30.62_-29.81_-4.56_0.4395_0.4250_-0.4883_-0.6227end1.20_7.66_1.57_-116.94_193.60_-3.13_32.06_-29.50_-4.56_0.4395_0.4250_-0.4883_-0.6227end1.20_7.66_1.57_-116.94_193.60_-3.13_32.06_-29.50_-4.56_0.4451_0.4471_-0.4874_-0.6037end,24.1293564,120.7289394,115.69999694824219
243,,24.1293564,120.7289394,115.69999694824219
244,,24.1293564,120.7289394,115.69999694824219
245,,24.1293564,120.7289394,115.69999694824219
246,,24.1293564,120.7289394,115.69999694824219
247,,24.1293564,120.7289394,115.69999694824219
248,-0.92_7.10_3.50_-116.94_193.60_-3.13_32.06_-29.50_-4.56_0.4462_0.4534_-0.4877_-0.5979end-0.92_7.10_3.50_-116.94_193.60_-3.13_32.44_-28.44_-3.19_0.4468_0.4594_-0.4885_-0.5922end-0.83_6.26_3.45_-122.98_102.84_-8.73_32.44_-28.44_-3.19_0.4468_0.4594_-0.4885_-0.5922end-0.83_6.26_3.45_-122.98_102.84_-8.73_32.44_-28.44_-3.19_0.4460_0.4734_-0.4931_-0.5777end-0.36_7.30_3.65_-122.98_102.84_-8.73_32.44_-28.44_-3.19_0.4449_0.4771_-0.4953_-0.5737end-0.45_7.52_3.39_-122.98_102.84_-8.73_32.44_-28.44_-3.19_0.4449_0.4771_-0.4953_-0.5737end-0.40_7.16_2.98_-122.98_102.84_-8.73_32.44_-28.44_-3.19_0.4416_0.4833_-0.5005_-0.5665end-0.23_7.00_2.94_-124.44_10.41_-7.39_32.44_-2,24.1293564,120.7289394,115.69999694824219
249,8.44_-3.19_0.4395_0.4862_-0.5034_-0.5630end-0.23_7.00_2.94_-124.44_10.41_-7.39_32.06_-29.12_-5.06_0.4351_0.4913_-0.5094_-0.5566end-0.03_6.93_2.71_-124.44_10.41_-7.39_32.06_-29.12_-5.06_0.4351_0.4913_-0.5094_-0.5566end,24.1293564,120.7289394,115.69999694824219
250,,24.1293564,120.7289394,115.69999694824219
251,,24.1293564,120.7289394,115.69999694824219
252,,24.1293564,120.7289394,115.69999694824219
253,,24.1293564,120.7289394,115.69999694824219
254,,24.1293564,120.7289394,115.69999694824219
255,-0.03_6.93_2.71_-123.54_-5.37_-6.04_32.44_-27.44_-5.50_0.4351_0.4913_-0.5094_-0.5566end-0.03_6.93_2.71_-122.98_-20.37_-5.04_32.44_-27.44_-5.50_0.4270_0.4974_-0.5193_-0.5483end-0.03_6.93_2.71_-122.54_-26.63_-4.59_32.81_-28.50_-6.87_0.4270_0.4974_-0.5193_-0.5483end-0.03_6.93_2.71_-122.20_-31.67_-4.59_32.81_-28.50_-6.87_0.4207_0.5006_-0.5264_-0.5435end-0.03_6.93_2.71_-122.20_-42.19_-3.69_32.81_-28.50_-6.87_0.4139_0.5033_-0.5336_-0.5391end0.84_7.19_1.18_-122.20_-42.19_-3.69_32.81_-28.50_-6.87_0.4139_0.5033_-0.5336_-0.5391end1.02_6.84_0.88_-122.20_-42.19_-3.69_32.81_-28.50_-6.87_0.4065_0.5056_-0.5411_-0.5351end0.89_6.82_0.88_-120.52_-53.83_-1.34_32.81_-28.5,24.1293564,120.7289394,115.69999694824219
256,,24.1293564,120.7289394,115.69999694824219
257,,24.1293564,120.7289394,115.69999694824219
258,,24.1293564,120.7289394,115.69999694824219
259,,24.1293564,120.7289394,115.69999694824219
260,,24.1293564,120.7289394,115.69999694824219
261,,24.1293564,120.7289394,115.69999694824219
262,,24.1293564,120.7289394,115.69999694824219
263,,24.1293564,120.7289394,115.69999694824219
264,,24.1293564,120.7289394,115.69999694824219
265,,24.1293564,120.7289394,115.69999694824219
266,,24.1293564,120.7289394,115.69999694824219
267,0_-6.87_0.4065_0.5056_-0.5411_-0.5351end0.89_6.82_0.88_-119.85_-53.83_-1.12_32.81_-28.50_-6.87_0.3987_0.5076_-0.5488_-0.5312end1.12_6.72_0.68_-119.85_-53.83_-1.12_32.81_-28.50_-6.87_0.3910_0.5095_-0.5562_-0.5274end1.36_6.34_0.46_-119.85_-53.83_-1.12_32.81_-28.50_-6.87_0.3910_0.5095_-0.5562_-0.5274end1.17_6.21_0.43_-115.93_-42.52_-1.23_32.81_-28.50_-6.87_0.3910_0.5095_-0.5562_-0.5274end1.29_5.91_0.33_-115.93_-42.52_-1.23_32.00_-27.56_-13.25_0.3796_0.5124_-0.5669_-0.5215end1.29_5.91_0.33_-114.59_-36.82_-1.34_32.00_-27.56_-13.25_0.3761_0.513,24.1293564,120.7289394,115.69999694824219
268,5_-0.5701_-0.5195end1.06_5.66_0.20_-114.59_-36.82_-1.34_32.00_-27.56_-13.25_0.3696_0.5159_-0.5764_-0.5149end1.06_5.66_0.20_-111.68_-17.57_-2.24_32.00_-27.56_-13.25_0.3696_0.5159_-0.5764_-0.5149end1.06_5.66_0.20_-111.68_-17.57_-2.24_31.31_-26.19_-13.75_0.3666_0.5171_-0.5792_-0.5125end1.06_5.66_0.20_-113.81_-12.65_-1.90_31.31_-26.19_-13.75_0.3608_0.5201_-0.5848_-0.5072end1.06_5.66_0.20_-113.25_-11.53_-1.90_31.31_-26.19_-13.75_0.3553_0.5232_-0.5902_-0.5016end1.21_6.26_1.46_-113.25_-11.53_-1.90_31.31_-26.19_-13.75_0.3526_0.5249_-0.5928_-0.4987end,24.1293564,120.7289394,115.69999694824219
269,,24.1293564,120.7289394,115.69999694824219
270,,24.1293564,120.7289394,115.69999694824219
271,1.14_6.00_0.93_-113.25_-11.53_-1.90_31.31_-26.19_-13.75_0.3526_0.5249_-0.5928_-0.4987end1.05_5.96_1.14_-104.63_-0.45_-3.80_31.31_-26.19_-13.75_0.3526_0.5249_-0.5928_-0.4987end1.05_5.96_1.14_-104.63_-0.45_-3.80_31.62_-25.56_-16.50_0.3432_0.5315_-0.6022_-0.4869end1.17_6.09_2.05_-104.63_-0.45_-3.80_31.62_-25.56_-16.50_0.3411_0.5331_-0.6044_-0.4839end1.26_6.11_2.18_-97.81_7.16_-6.04_31.31_-24.19_-16.44_0.3411_0.5331_-0.6044_-0.4839end1.47_6.09_2.27_-97.81_7.16_-6.04_31.31_-24.19_-16.44_0.3411_0.5331_-0.6044_-0.4839end1.56_5.98_2.27_-97.81_7.16_-6.04_32.00_-24.50_-16.94_0.3411_0.5331_-0.6044_-0.4839end1.56_5.98_2.27_-97.81_7.16_-6.04_32.00_-24.50_-16.94_0.3,24.1293564,120.7289394,115.69999694824219
272,334_0.5392_-0.6125_-0.4720end1.45_5.84_2.17_-97.81_7.16_-6.04_32.00_-24.50_-16.94_0.3301_0.5422_-0.6163_-0.4661end1.44_5.79_2.02_-97.81_7.16_-6.04_32.00_-24.50_-16.94_0.3285_0.5435_-0.6181_-0.4633end,24.1293564,120.7289394,115.69999694824219
273,,24.1293564,120.7289394,115.69999694824219
274,,24.1293564,120.7289394,115.69999694824219
275,,24.1293564,120.7289394,115.69999694824219
276,,24.1293564,120.7289394,115.69999694824219
277,1.26_5.83_1.90_-83.93_13.43_-10.07_32.00_-24.50_-16.94_0.3285_0.5435_-0.6181_-0.4633end1.40_5.91_2.03_-83.93_13.43_-10.07_32.00_-24.50_-16.94_0.3256_0.5461_-0.6216_-0.4575end1.40_5.91_2.03_-78.78_5.93_-11.97_32.00_-24.50_-16.94_0.3242_0.5473_-0.6234_-0.4548end1.40_5.91_2.03_-78.78_5.93_-11.97_32.00_-24.50_-16.94_0.3227_0.5483_-0.6251_-0.4523end1.48_6.04_1.61_-78.78_5.93_-11.97_32.00_-24.50_-16.94_0.3195_0.5499_-0.6287_-0.4475end1.48_6.04_1.61_-78.78_5.93_-11.97_32.75_-22.56_-18.75_0.3195_0.5499_-0.6287_-0.4475end1.48_6.04_1.61_-70.95_-37.15_-14.88_32.75_-22.56_-18.75_0.3195_0.5499_-0.6287_-0.4475end1.88_5.13_1.61_-70.95_-37.15_-14.88_32.75_-22.56_-18.7,24.1293564,120.7289394,115.69999694824219
278,5_0.3133_0.5508_-0.6348_-0.4421end1.89_5.15_1.61_-70.95_-37.15_-14.88_32.75_-22.56_-18.75_0.3133_0.5508_-0.6348_-0.4421end1.57_5.71_1.31_-70.95_-37.15_-14.88_32.75_-22.56_-18.75_0.3133_0.5508_-0.6348_-0.4421end,24.1293564,120.7289394,115.69999694824219
279,,24.1293564,120.7289394,115.69999694824219
280,,24.1293564,120.7289394,115.69999694824219
281,,24.1293564,120.7289394,115.69999694824219
282,,24.1293564,120.7289394,115.69999694824219
283,,24.1293564,120.7289394,115.69999694824219
284,,24.1293564,120.7289394,115.69999694824219
285,1.03_6.29_1.22_-65.13_-91.65_-14.21_32.75_-22.56_-18.75_0.3133_0.5508_-0.6348_-0.4421end0.70_6.33_1.21_-63.34_-95.68_-13.99_32.75_-22.56_-18.75_0.3133_0.5508_-0.6348_-0.4421end0.00_5.22_1.16_-63.34_-95.68_-13.99_32.75_-22.56_-18.75_0.2850_0.5436_-0.6558_-0.4396end0.45_5.43_1.59_-63.34_-95.68_-13.99_32.75_-22.56_-18.75_0.2809_0.5423_-0.6585_-0.4398end0.21_5.49_1.59_-59.87_-91.20_-12.09_32.75_-22.56_-18.75_0.2809_0.5423_-0.6585_-0.4398end0.21_5.49_1.59_-59.87_-91.20_-12.09_32.75_-22.56_-18.75_0.2733_0.5397_-0.6635_-0.4401end0.21_5.49_1.59_-59.87_-91.20_-12.09_29.81_-19.56_-23.75_0.2659_0.5370_-0.6685_-0.4405end0.70_5.02_1.96_-59.87_-91.20_-12.09_29.81_-19.56_-23.75_0.2621_0.5356_-0.6709_-0.4408end0.66_5.11_2.05_-53.04_-100.60_-11.08_29.81_-19.56_-23.75_0.2621_0.5356_-0.6709_-0.4408end0.66_5.11_2.05_-53.04_-100.60_-11.08_29.06_-19.25_-25.12_0.2540_0.5326_-0.6757_-0.4419end,24.1293564,120.7289394,115.69999694824219
286,,24.1293564,120.7289394,115.69999694824219
287,,24.1293564,120.7289394,115.69999694824219
288,,24.1293564,120.7289394,115.69999694824219
289,,24.1293564,120.7289394,115.69999694824219
290,,24.1293564,120.7289394,115.69999694824219
291,,24.1293564,120.7289394,115.69999694824219
292,0.66_5.11_2.05_-49.24_-106.98_-8.95_29.06_-19.25_-25.12_0.2498_0.5310_-0.6780_-0.4426end0.66_5.11_2.05_-46.89_-105.42_-7.39_29.06_-19.25_-25.12_0.2418_0.5278_-0.6823_-0.4443end0.66_5.11_2.05_-39.39_-91.20_-14.77_29.06_-19.25_-25.12_0.2382_0.5261_-0.6844_-0.4451end0.66_5.11_2.05_-39.39_-91.20_-14.77_29.06_-19.25_-25.12_0.2382_0.5,24.1293564,120.7289394,115.69999694824219
293,261_-0.6844_-0.4451end0.66_5.11_2.05_-34.47_-79.12_-19.70_29.06_-19.25_-25.12_0.2294_0.5211_-0.6903_-0.4464end1.69_12.49_2.96_-34.47_-79.12_-19.70_29.06_-19.25_-25.12_0.2294_0.5211_-0.6903_-0.4464end-0.77_9.23_2.10_-34.47_-79.12_-19.70_29.06_-19.25_-25.12_0.2294_0.5211_-0.6903_-0.4464end-1.26_7.08_1.72_-34.47_-79.12_-19.70_29.06_-19.25_-25.12_0.2278_0.5215_-0.6937_-0.4415end0.74_6.39_0.83_-34.47_-79.12_-19.70_29.06_-19.25_-25.12_0.2278_0.5215_-0.6937_-0.4415end0.57_7.16_0.64_-34.47_-79.12_-19.70_29.06_-19.25_-25.12_0.2322_0.5240_-0.6940_-0.4357end,24.1293564,120.7289394,115.69999694824219
294,,24.1293564,120.7289394,115.69999694824219
295,,24.1293564,120.7289394,115.69999694824219
296,,24.1293564,120.7289394,115.69999694824219
297,,24.1293564,120.7289394,115.69999694824219
298,,24.1293564,120.7289394,115.69999694824219
299,,24.1293564,120.7289394,115.69999694824219
300,0.66_7.44_1.48_-18.13_83.71_-26.07_29.06_-19.25_-25.12_0.2322_0.5240_-0.6940_-0.4357end1.42_7.64_2.04_-15.11_71.40_-25.40_29.06_-19.25_-25.12_0.2390_0.5267_-0.6944_-0.4280end0.89_7.43_3.11_-11.86_27.75_-22.27_30.56_-16.81_-26.94_0.2390_0.5267_-0.6944_-0.4280end2.01_6.91_4.46_-11.86_27.75_-22.27_30.56_-16.81_-26.94_0.2410_0.5269_,24.1293564,120.7289394,115.69999694824219
301,-0.6953_-0.4254end0.88_6.68_4.38_-8.62_-7.16_-21.04_30.56_-16.81_-26.94_0.2410_0.5269_-0.6953_-0.4254end0.56_5.98_4.04_-6.15_-18.58_-21.60_30.56_-16.81_-26.94_0.2410_0.5269_-0.6953_-0.4254end0.56_5.98_4.04_-3.92_-22.60_-21.93_29.81_-16.81_-26.94_0.2410_0.5269_-0.6953_-0.4254end0.56_5.98_4.04_-3.92_-22.60_-21.93_30.19_-17.50_-25.56_0.2402_0.5237_-0.6983_-0.4247end0.64_5.10_3.32_-3.92_-22.60_-21.93_30.19_-17.50_-25.56_0.2395_0.5214_-0.6999_-0.4254end0.77_5.11_3.43_7.39_-29.77_-23.72_30.19_-16.81_-26.94_0.2395_0.5214_-0.6999_-0.4254end,24.1293564,120.7289394,115.69999694824219
302,,24.1293564,120.7289394,115.69999694824219
303,,24.1293564,120.7289394,115.69999694824219
304,,24.1293564,120.7289394,115.69999694824219
305,,24.1293564,120.7289394,115.69999694824219
306,,24.1293564,120.7289394,115.69999694824219
307,0.85_5.17_3.56_13.32_-40.96_-23.61_30.19_-16.81_-26.94_0.2395_0.5214_-0.6999_-0.4254end0.89_5.38_3.66_13.32_-40.96_-23.61_30.19_-16.81_-26.94_0.2377_0.5156_-0.7028_-0.4286end0.91_5.54_3.56_13.32_-40.96_-23.61_30.19_-16.81_-26.94_0.2369_0.5138_-0.7036_-0.4301end1.21_5.89_3.22_13.32_-40.96_-23.61_30.19_-16.81_-26.94_0.2369_0.5138_-0.7036_-0.4301end1.69_6.00_2.48_21.82_-67.03_-26.97_30.19_-16.81_-26.94_0.2369_0.5138_-0.7036_-0.4301end1.76_6.07_2.27_24.40_-73.41_-27.86_29.81_-16.87_-28.31_0.2369_0.5138_-0.7036_-0.4301end1.79_6.07_2.03_26.52_-77.77_-28.98_29.81_-16.87_-28.31_0.2313_0.5020_-0.7079_-0.4398end1.69_6.13_1.80_26.52_-77.77_-28.98_29.81_-16.87_-28.31_0.2300_0.4993_-0.7088_-0.4421end1.53_6.38_1.74_26.52_-77.77_-28.98_29.81_-16.87_-28.31_0.2300_0.4993_-0.7088_-0.4421end1.52_6.55_1.66_26.52_-77.77_-28.98_28.69_-17.19_-26.94_0.2300_0.4993_-0.7088_-0.4421end,24.1293564,120.7289394,115.69999694824219
308,,24.1293564,120.7289394,115.69999694824219
309,,24.1293564,120.7289394,115.69999694824219
310,,24.1293564,120.7289394,115.69999694824219
311,,24.1293564,120.7289394,115.69999694824219
312,,24.1293564,120.7289394,115.69999694824219
313,,24.1293564,120.7289394,115.69999694824219
314,1.52_6.55_1.66_26.52_-77.77_-28.98_28.69_-17.19_-26.94_0.2265_0.4883_-0.7119_-0.4512end1.64_7.04_1.34_26.52_-77.77_-28.98_28.69_-17.19_-26.94_0.2261_0.4855_-0.7125_-0.4533end2.11_8.09_0.60_26.52_-77.77_-28.98_28.69_-17.19_-26.94_0.2261_0.4855_-0.7125_-0.4533end2.19_8.62_0.06_42.52_-70.16_-42.64_28.69_-17.19_-26.94_0.2261_0.4855_-0.7125_-0.4533end2.19_8.62_0.06_42.52_-70.16_-42.64_28.69_-17.19_-26.94_0.2246_0.4736_-0.7153_-0.4622end2.48_10.48_-1.20_43.31_-82.36_-47.11_28.69_-16.87_-28.81_0.2246_0.4736_-0.7153_-0.4622end2.48_10.48_-1.20_43.31_-82.36_-47.11_28.69_-16.87_-28.81_0.2239_0.4702_-0.7161_-0.4647end-16.52_-6.81_36.14_43.31_-82.36_-47.11_28.69_-1,24.1293564,120.7289394,115.69999694824219
315,6.87_-28.81_0.2234_0.4659_-0.7172_-0.4675end-16.52_-6.81_36.14_43.31_-82.36_-47.11_27.94_-16.50_-28.31_0.2234_0.4659_-0.7172_-0.4675end-16.52_-6.81_36.14_-188.45_-33.46_-34.24_27.25_-16.56_-29.69_0.2234_0.4659_-0.7172_-0.4675end,24.1293564,120.7289394,115.69999694824219
316,,24.1293564,120.7289394,115.69999694824219
317,,24.1293564,120.7289394,115.69999694824219
318,,24.1293564,120.7289394,115.69999694824219
319,,24.1293564,120.7289394,115.69999694824219
320,,24.1293564,120.7289394,115.69999694824219
321,,24.1293564,120.7289394,115.69999694824219
322,-16.52_-6.81_36.14_1.23_-156.89_-1.45_27.25_-16.56_-29.69_0.2072_0.4488_-0.7236_-0.4817end1.82_11.78_4.05_1.23_-156.89_-1.45_27.25_-16.56_-29.69_0.2031_0.4460_-0.7247_-0.4845end8.95_5.15_-0.37_1.23_-156.89_-1.45_26.12_-16.56_-31.06_0.2003_0.4437_-0.7257_-0.4862end4.41_7.24_0.25_8.62_9.51_-38.50_26.12_-16.56_-31.06_0.2003_0.4437_-0.7257_-0.4862end4.41_7.24_0.25_8.62_9.51_-38.50_26.12_-16.56_-31.06_0.2048_0.4407_-0.7272_-0.4847end3.41_10.52_10.86_8.62_9.51_-38.50_25.75_-15.88_-29.69_0.2094_0.4406_-0.7271_-0.4832end1.52_8.23_3.34_20.03_86.95_-55.95_25.75_-15.88_-29.69_0.2094_0.4406_-0.7271_-0.4832end3.56_9.14_8.90_13.88_46.33_-40.29_25.75_-15.88_-29.69_0.2178_0.4402_-0.7267_-0.4803end3.56_9.14_8.90_13.88_46.33_-40.29_26.50_-15.50_-30.12_0.2230_0.4393_-0.7268_-0.4786end2.79_8.52_6.75_13.88_46.33_-40.29_26.50_-15.50_-30.12_0.2230_0.4393_-0.7268_-0.4786end,24.1293564,120.7289394,115.69999694824219
323,,24.1293564,120.7289394,115.69999694824219
324,,24.1293564,120.7289394,115.69999694824219
325,,24.1293564,120.7289394,115.69999694824219
326,,24.1293564,120.7289394,115.69999694824219
327,,24.1293564,120.7289394,115.69999694824219
328,,24.1293564,120.7289394,115.69999694824219
329,-0.85_8.16_3.48_13.88_46.33_-40.29_26.50_-15.50_-30.12_0.2256_0.4384_-0.7272_-0.4776end-2.10_8.20_2.54_4.14_53.83_-25.07_26.50_-15.50_-30.12_0.2256_0.4384_-0.7272_-0.4776end-2.04_8.23_1.44_6.27_82.70_-29.43_26.50_-15.50_-30.12_0.2256_0.4384_-0.7272_-0.4776end-2.04_8.23_1.44_6.27_82.70_-29.43_28.31_-15.50_-27.87_0.2386_0.4409_-0.7256_-0.4714end-3.51_8.40_1.90_6.27_82.70_-29.43_28.31_-15.50_-27.87_0.2436_0.4421_-0.7248_-0.4689end-3.21_8.40_2.10_6.27_82.70_-29.43_28.69_-16.19_-29.25_0.2436_0.4421_-0.7248_-0.4689end-3.46_8.45_2.05_17.23_123.10_-44.20_28.69_-16.19_-29.25_0.2436_0.4421_-0.7248_-0.4689end-3.46_8.45_2.05_19.02_106.20_-41.74_30.94_-15.44_-27.37_0.2588_0.4449_-0.7222_-0.4620end-3.46_8.45_2.05_19.25_58.30_-34.36_30.94_-15.44_-27.37_0.2661_0.4454_-0.7210_-0.4592end-3.46_8.45_2.05_19.47_41.85_-31.78_30.56_-15.44_-27.87_0.2661_0.4454_-0.7210_-0.4592end,24.1293564,120.7289394,115.69999694824219
330,,24.1293564,120.7289394,115.69999694824219
331,,24.1293564,120.7289394,115.69999694824219
332,,24.1293564,120.7289394,115.69999694824219
333,,24.1293564,120.7289394,115.69999694824219
334,,24.1293564,120.7289394,115.69999694824219
335,,24.1293564,120.7289394,115.69999694824219
336,,24.1293564,120.7289394,115.69999694824219
337,-3.46_8.45_2.05_18.69_27.19_-28.54_30.56_-15.44_-27.87_0.2708_0.4445_-0.7205_-0.4582end-3.46_8.45_2.05_16.45_12.20_-25.85_30.56_-16.50_-26.50_0.2732_0.4429_-0.7206_-0.4583end-4.62_9.00_7.42_16.45_12.20_-25.85_30.56_-16.50_-26.50_0.2739_0.4419_-0.7207_-0.4586end-4.82_9.04_7.30_16.45_12.20_-25.85_30.94_-16.12_-26.00_0.2744_0.4409_-0.7210_-0.4589end-4.47_8.97_6.38_16.45_12.20_-25.85_30.94_-16.12_-26.00_0.2744_0.4409_-0.7210_-0.4589end-4.23_8.96_6.22_15.55_-29.21_-20.93_30.94_-16.12_-26.00_0.2744_0.4409_-0.7210_-0.4589end-4.23_8.96_6.22_15.55_-29.21_-20.93_31.62_-16.12_-26.87_0.2744_0.4353_-0.7225_-0.4619end-3.20_8.93_4.81_15.55_-29.21_-20.93_31.62_-16.12_-26.87_0.2737_0.4336_-0.7230_-0.4630end-2.88_8.93_4.33_16.90_-49.57_-16.00_31.62_-16.12_-26.87_0.2737_0.4336_-0.7230_-0.4630end-2.71_8.96_4.43_18.24_-53.16_-15.22_30.94_-16.12_-25.50_0.2737_0.4336_-0.7230_-0.4630end,24.1293564,120.7289394,115.69999694824219
338,,24.1293564,120.7289394,115.69999694824219
339,,24.1293564,120.7289394,115.69999694824219
340,,24.1293564,120.7289394,115.69999694824219
341,,24.1293564,120.7289394,115.69999694824219
342,,24.1293564,120.7289394,115.69999694824219
343,-2.53_8.95_4.47_18.91_-54.95_-14.44_30.94_-16.12_-25.50_0.2697_0.4264_-0.7251_-0.4687end-2.37_8.99_4.54_18.91_-54.95_-14.44_30.94_-16.12_-25.50_0.2686_0.4246_-0.7256_-0.4702end-1.77_9.01_4.89_18.91_-54.95_-14.44_30.94_-16.12_-25.50_0.2675_0.4227_-0.7261_-0.4717end-1.53_9.04_4.95_18.91_-54.95_-14.44_30.94_-15.44_-26.44_0.2664_0.4,24.1293564,120.7289394,115.69999694824219
344,208_-0.7266_-0.4733end-1.40_9.04_4.87_19.25_-49.69_-13.09_30.94_-15.44_-26.44_0.2664_0.4208_-0.7266_-0.4733end-1.40_9.04_4.87_18.24_-46.89_-12.65_30.94_-15.44_-26.44_0.2644_0.4173_-0.7275_-0.4762end-1.40_9.04_4.87_18.24_-46.89_-12.65_30.19_-15.81_-27.37_0.2626_0.4141_-0.7282_-0.4789end-1.16_9.01_4.48_18.24_-46.89_-12.65_30.19_-15.81_-27.37_0.2620_0.4126_-0.7285_-0.4801end-1.17_9.00_4.04_18.24_-46.89_-12.65_30.19_-15.81_-27.37_0.2620_0.4126_-0.7285_-0.4801end-1.12_9.00_4.19_19.92_-21.26_-10.85_30.19_-15.81_-27.37_0.2620_0.4126_-0.7285_-0.4801end,24.1293564,120.7289394,115.69999694824219
345,,24.1293564,120.7289394,115.69999694824219
346,,24.1293564,120.7289394,115.69999694824219
347,,24.1293564,120.7289394,115.69999694824219
348,,24.1293564,120.7289394,115.69999694824219
349,,24.1293564,120.7289394,115.69999694824219
350,,24.1293564,120.7289394,115.69999694824219
351,-1.32_9.06_4.48_19.92_-21.26_-10.85_29.44_-16.19_-28.31_0.2620_0.4126_-0.7285_-0.4801end-1.32_9.06_4.48_19.81_-29.43_-10.30_29.44_-16.19_-28.31_0.2611_0.4080_-0.7286_-0.4841end-1.67_9.09_4.15_19.81_-29.43_-10.30_29.44_-14.44_-27.81_0.2611_0.4080_-0.7286_-0.4841end-1.68_9.08_3.99_19.81_-29.43_-10.30_30.19_-15.81_-27.37_0.2611_0.4080_-0.7286_-0.4841end-1.57_9.08_3.70_18.46_-54.50_-7.95_30.19_-15.81_-27.37_0.2611_0.4080_-0.7286_-0.4841end-1.53_9.08_3.39_18.46_-54.50_-7.95_30.19_-15.81_-27.37_0.2553_0.3989_-0.7302_-0.4924end-1.36_9.06_2.70_18.46_-54.50_-7.95_29.81_-16.19_-28.75_0.2553_0.3989_-0.7302_-0.4924end-1.02_9.01_2.25_18.46_-54.50_-7.95_29.81_-16.19_-28.75_0.2513_0.3946_-0.7314_-0.4962end-0.70_9.03_2.03_17.90_-83.37_-6.71_29.81_-16.19_-28.75_0.2513_0.3946_-0.7314_-0.4962end-0.55_9.02_2.01_18.24_-84.38_-6.49_29.81_-16.19_-28.75_0.2513_0.3946_-0.7314_-0.4962end,24.1293564,120.7289394,115.69999694824219
352,,24.1293564,120.7289394,115.69999694824219
353,,24.1293564,120.7289394,115.69999694824219
354,,24.1293564,120.7289394,115.69999694824219
355,,24.1293564,120.7289394,115.69999694824219
356,,24.1293564,120.7289394,115.69999694824219
357,,24.1293564,120.7289394,115.69999694824219
358,-0.42_9.06_2.05_17.90_-85.16_-6.38_29.81_-16.19_-28.75_0.2513_0.3946_-0.7314_-0.4962end-0.42_9.06_2.05_17.90_-85.16_-6.38_27.62_-15.88_-29.25_0.2401_0.3831_-0.7345_-0.5061end-0.15_9.12_2.33_17.90_-85.16_-6.38_27.62_-15.88_-29.25_0.2375_0.3806_-0.7352_-0.5082end0.04_9.10_2.46_17.90_-85.16_-6.38_27.62_-15.88_-29.25_0.2375_0.3806_-,24.1293564,120.7289394,115.69999694824219
359,0.7352_-0.5082end0.13_9.12_2.32_15.11_-89.19_-5.15_27.62_-15.88_-29.25_0.2375_0.3806_-0.7352_-0.5082end0.15_9.13_2.29_15.11_-89.19_-5.15_26.50_-15.56_-32.81_0.2375_0.3806_-0.7352_-0.5082end0.15_9.13_2.29_13.65_-78.56_-6.27_26.50_-16.25_-31.50_0.2277_0.3712_-0.7377_-0.5159end0.15_9.13_2.29_13.65_-78.56_-6.27_26.50_-16.25_-31.50_0.2234_0.3669_-0.7388_-0.5192end0.35_9.14_2.16_13.65_-78.56_-6.27_26.12_-15.56_-32.44_0.2234_0.3669_-0.7388_-0.5192end0.35_9.14_2.16_12.87_-50.69_-7.16_26.12_-15.56_-32.44_0.2199_0.3632_-0.7397_-0.5220end,24.1293564,120.7289394,115.69999694824219
360,,24.1293564,120.7289394,115.69999694824219
361,,24.1293564,120.7289394,115.69999694824219
362,,24.1293564,120.7289394,115.69999694824219
363,,24.1293564,120.7289394,115.69999694824219
364,,24.1293564,120.7289394,115.69999694824219
365,0.35_9.14_2.16_12.87_-50.69_-7.16_26.12_-15.56_-32.44_0.2199_0.3632_-0.7397_-0.5220end0.35_9.14_2.16_13.43_-43.53_-6.94_26.12_-15.56_-32.44_0.2174_0.3602_-0.7403_-0.5244end0.29_9.22_2.65_13.43_-43.53_-6.94_26.12_-15.56_-32.44_0.2158_0.3576_-0.7407_-0.5263end0.13_9.19_3.08_13.43_-43.53_-6.94_26.12_-15.56_-32.44_0.2158_0.3576_-0.7,24.1293564,120.7289394,115.69999694824219
366,407_-0.5263end0.11_9.21_3.23_13.43_-43.53_-6.94_26.12_-15.56_-32.44_0.2145_0.3544_-0.7409_-0.5287end0.06_9.25_3.43_13.43_-43.53_-6.94_26.12_-15.56_-32.44_0.2145_0.3544_-0.7409_-0.5287end0.12_9.27_3.41_11.64_-22.38_-7.39_26.12_-15.56_-32.44_0.2145_0.3544_-0.7409_-0.5287end0.12_9.27_3.41_11.64_-22.38_-7.39_26.12_-15.56_-32.44_0.2134_0.3514_-0.7411_-0.5308end0.09_9.27_3.32_10.97_-27.64_-7.05_26.12_-15.56_-32.44_0.2134_0.3514_-0.7411_-0.5308end0.11_9.27_3.24_10.63_-34.36_-6.71_26.12_-15.56_-32.44_0.2134_0.3514_-0.7411_-0.5308end,24.1293564,120.7289394,115.69999694824219
367,,24.1293564,120.7289394,115.69999694824219
368,,24.1293564,120.7289394,115.69999694824219
369,,24.1293564,120.7289394,115.69999694824219
370,,24.1293564,120.7289394,115.69999694824219
371,,24.1293564,120.7289394,115.69999694824219
372,,24.1293564,120.7289394,115.69999694824219
373,0.25_9.29_3.11_10.52_-36.71_-6.60_26.12_-15.56_-32.44_0.2134_0.3514_-0.7411_-0.5308end0.32_9.23_3.02_10.52_-36.71_-6.60_24.63_-15.94_-33.31_0.2089_0.3442_-0.7421_-0.5359end0.41_9.27_2.86_10.52_-36.71_-6.60_24.63_-15.94_-33.31_0.2079_0.3429_-0.7423_-0.5368end0.61_9.23_2.91_10.07_-35.70_-7.05_24.63_-15.94_-33.31_0.2079_0.3429_-0.7,24.1293564,120.7289394,115.69999694824219
374,423_-0.5368end0.61_9.23_2.91_10.18_-32.90_-7.27_24.63_-15.94_-32.88_0.2079_0.3429_-0.7423_-0.5368end0.61_9.23_2.91_10.18_-32.90_-7.27_23.87_-15.25_-33.31_0.2056_0.3393_-0.7429_-0.5392end0.58_9.27_3.03_10.18_-32.90_-7.27_23.87_-15.25_-33.31_0.2046_0.3373_-0.7430_-0.5406end0.44_9.30_3.33_10.18_-32.90_-7.27_23.87_-15.25_-33.31_0.2043_0.3364_-0.7430_-0.5413end0.31_9.31_3.41_11.41_-14.66_-8.28_23.87_-15.25_-33.31_0.2043_0.3364_-0.7430_-0.5413end0.23_9.30_3.55_11.41_-14.66_-8.28_23.87_-15.25_-33.31_0.2040_0.3340_-0.7430_-0.5429end,24.1293564,120.7289394,115.69999694824219
375,,24.1293564,120.7289394,115.69999694824219
376,,24.1293564,120.7289394,115.69999694824219
377,,24.1293564,120.7289394,115.69999694824219
378,,24.1293564,120.7289394,115.69999694824219
379,,24.1293564,120.7289394,115.69999694824219
380,,24.1293564,120.7289394,115.69999694824219
381,0.16_9.31_3.62_11.41_-14.66_-8.28_23.87_-17.31_-32.50_0.2041_0.3333_-0.7430_-0.5434end0.08_9.34_3.62_11.41_-14.66_-8.28_23.87_-17.31_-32.50_0.2041_0.3333_-0.7430_-0.5434end-0.02_9.34_3.61_10.63_-9.62_-7.39_23.87_-17.31_-32.50_0.2041_0.3333_-0.7430_-0.5434end-0.02_9.34_3.61_10.63_-9.62_-7.39_23.87_-17.00_-33.38_0.2042_0.3312_-0.7428_-0.5448end-0.13_9.34_3.53_10.63_-9.62_-7.39_23.87_-17.00_-33.38_0.2041_0.3299_-0.7427_-0.5458end-0.12_9.34_3.64_10.85_-13.99_-6.60_23.94_-15.56_-32.44_0.2040_0.3291_-0.7427_-0.5463end-0.16_9.30_3.74_11.19_-16.11_-6.71_23.56_-16.25_-32.00_0.2040_0.3291_-0.7427_-0.5463end-0.02_9.37_3.79_11.30_-19.14_-6.71_23.56_-16.25_-32.00_0,24.1293564,120.7289394,115.69999694824219
382,.2032_0.3267_-0.7427_-0.5481end0.08_9.35_3.84_11.30_-19.14_-6.71_23.56_-16.25_-32.00_0.2028_0.3257_-0.7427_-0.5488end0.42_9.39_3.95_11.30_-19.14_-6.71_23.56_-16.25_-32.00_0.2021_0.3246_-0.7428_-0.5496end,24.1293564,120.7289394,115.69999694824219
383,,24.1293564,120.7289394,115.69999694824219
384,,24.1293564,120.7289394,115.69999694824219
385,,24.1293564,120.7289394,115.69999694824219
386,,24.1293564,120.7289394,115.69999694824219
387,,24.1293564,120.7289394,115.69999694824219
388,0.53_9.37_3.94_11.30_-19.14_-6.71_24.25_-16.25_-32.44_0.2014_0.3235_-0.7429_-0.5504end0.60_9.37_3.94_12.42_-41.52_-5.93_24.25_-16.25_-32.44_0.2014_0.3235_-0.7429_-0.5504end0.74_9.34_3.86_12.42_-41.52_-5.93_24.25_-16.25_-32.44_0.1984_0.3194_-0.7433_-0.5532end0.86_9.38_3.80_12.42_-41.52_-5.93_24.25_-16.25_-32.44_0.1974_0.3179_-0.7435_-0.5543end1.12_9.33_3.64_12.42_-41.52_-5.93_24.25_-16.25_-32.44_0.1974_0.3179_-0.7435_-0.5543end1.32_9.32_3.45_11.97_-39.39_-7.72_24.25_-16.25_-32.44_0.1974_0.3179_-0.7435_-0.5543end1.32_9.32_3.45_11.97_-39.39_-7.72_23.50_-16.94_-32.50_0.1935_0.3121_-0.7442_-0.5579end1.76_9.29_3.22_11.97_-39.39_-7.72_23.50_-16.94_-32.50_0.19,24.1293564,120.7289394,115.69999694824219
389,27_0.3109_-0.7443_-0.5588end1.87_9.29_3.18_11.97_-39.39_-7.72_23.50_-16.94_-32.50_0.1920_0.3096_-0.7444_-0.5596end2.11_9.30_3.23_11.97_-39.39_-7.72_23.50_-16.94_-32.50_0.1920_0.3096_-0.7444_-0.5596end,24.1293564,120.7289394,115.69999694824219
390,,24.1293564,120.7289394,115.69999694824219
391,,24.1293564,120.7289394,115.69999694824219
392,,24.1293564,120.7289394,115.69999694824219
393,,24.1293564,120.7289394,115.69999694824219
394,,24.1293564,120.7289394,115.69999694824219
395,,24.1293564,120.7289394,115.69999694824219
396,2.11_9.30_3.23_11.97_-39.39_-7.72_23.50_-16.94_-32.50_0.1907_0.3060_-0.7446_-0.5618end1.94_9.29_3.03_11.97_-39.39_-7.72_21.31_-16.69_-34.25_0.1904_0.3050_-0.7446_-0.5624end2.03_9.28_3.00_11.97_-39.39_-7.72_21.31_-16.69_-34.25_0.1904_0.3040_-0.7445_-0.5630end2.05_9.30_3.21_11.97_-39.39_-7.72_21.69_-17.00_-33.38_0.1904_0.3040_-0.7445_-0.5630end2.12_9.27_3.24_14.32_-7.83_-13.54_21.69_-17.00_-33.38_0.1904_0.3040_-0.7445_-0.5630end2.12_9.27_3.24_14.32_-7.83_-13.54_22.06_-17.31_-33.38_0.1914_0.3006_-0.7441_-0.5651end2.17_9.33_3.45_14.32_-7.83_-13.54_22.06_-17.31_-33.38_0.1920_0.2999_-0.7440_-0.5654end2.12_9.29_3.53_14.32_-7.83_-13.54_22.06_-17.31_-33.38_0.19,24.1293564,120.7289394,115.69999694824219
397,,24.1293564,120.7289394,115.69999694824219
398,20_0.2999_-0.7440_-0.5654end2.05_9.30_3.58_14.32_-7.83_-13.54_22.06_-17.31_-33.38_0.1933_0.2987_-0.7436_-0.5661end2.05_9.30_3.58_14.32_-7.83_-13.54_22.06_-17.31_-33.38_0.1942_0.2982_-0.7433_-0.5664end,24.1293564,120.7289394,115.69999694824219
399,,24.1293564,120.7289394,115.69999694824219
400,,24.1293564,120.7289394,115.69999694824219
401,,24.1293564,120.7289394,115.69999694824219
402,,24.1293564,120.7289394,115.69999694824219
403,2.05_9.30_3.58_15.00_16.90_-17.35_22.06_-17.31_-33.38_0.1952_0.2977_-0.7431_-0.5667end2.05_9.30_3.58_15.00_16.90_-17.35_22.81_-15.94_-33.81_0.1963_0.2974_-0.7428_-0.5668end2.05_9.30_3.58_15.44_22.05_-18.46_22.81_-15.94_-33.81_0.1988_0.2969_-0.7422_-0.5670end2.05_9.30_3.58_15.55_24.40_-19.25_22.81_-15.94_-33.81_0.1988_0.2969_-0.7422_-0.5670end1.57_9.25_3.14_15.00_26.07_-19.47_22.81_-15.94_-33.81_0.2017_0.2965_-0.7415_-0.5671end1.47_9.21_3.22_15.00_26.07_-19.47_22.44_-17.31_-32.50_0.2048_0.2960_-0.7408_-0.5671end1.00_9.27_3.37_16.11_24.95_-19.81_22.44_-17.00_-33.38_0.2048_0.2960_-0.7408_-0.5671end0.49_9.27_3.64_15.78_19.92_-20.14_22.44_-17.00_-33.38_0.2048_0.2960_-0.7408_-0.5671end0.05_9.25_3.81_15.78_19.92_-20.14_24.25_-16.62_-32.44_0.2098_0.2943_-0.7396_-0.5677end-0.72_9.31_4.28_15.78_19.92_-20.14_24.25_-16.62_-32.44_0.2101_0.2932_-0.7396_-0.5683end,24.1293564,120.7289394,115.69999694824219
404,,24.1293564,120.7289394,115.69999694824219
405,,24.1293564,120.7289394,115.69999694824219
406,,24.1293564,120.7289394,115.69999694824219
407,,24.1293564,120.7289394,115.69999694824219
408,,24.1293564,120.7289394,115.69999694824219
409,,24.1293564,120.7289394,115.69999694824219
410,-1.30_9.37_4.58_16.90_-45.66_-17.35_24.25_-16.62_-32.44_0.2101_0.2932_-0.7396_-0.5683end-1.39_9.35_4.62_17.01_-75.54_-16.67_24.25_-16.62_-32.44_0.2060_0.2862_-0.7407_-0.5719end-1.41_9.43_4.70_16.00_-139.21_-16.45_24.25_-16.62_-32.44_0.2060_0.2862_-0.7407_-0.5719end-1.41_9.43_4.70_16.00_-139.21_-16.45_24.25_-16.62_-32.44_0.1982_0.2777_-0.7427_-0.5762end0.34_9.30_4.15_16.00_-139.21_-16.45_24.25_-16.62_-32.44_0.1934_0.2726_-0.7440_-0.5786end1.11_9.31_3.88_12.65_-183.75_-19.25_24.25_-16.62_-32.44_0.1934_0.2726_-0.7440_-0.5786end2.81_9.23_3.07_12.65_-183.75_-19.25_24.25_-16.62_-32.44_0.1781_0.2565_-0.7480_-0.5856end4.17_9.11_2.64_12.65_-183.75_-19.25_24.25_,24.1293564,120.7289394,115.69999694824219
411,-16.62_-32.44_0.1743_0.2519_-0.7491_-0.5874end4.54_9.08_2.52_13.43_-90.53_-24.73_24.25_-16.62_-32.44_0.1743_0.2519_-0.7491_-0.5874end4.75_9.06_2.50_16.67_-15.22_-25.40_24.25_-16.62_-32.44_0.1743_0.2519_-0.7491_-0.5874end,24.1293564,120.7289394,115.69999694824219
412,,24.1293564,120.7289394,115.69999694824219
413,,24.1293564,120.7289394,115.69999694824219
414,,24.1293564,120.7289394,115.69999694824219
415,,24.1293564,120.7289394,115.69999694824219
416,,24.1293564,120.7289394,115.69999694824219
417,,24.1293564,120.7289394,115.69999694824219
418,4.75_9.06_2.50_16.67_-15.22_-25.40_19.12_-17.37_-34.81_0.1705_0.2422_-0.7502_-0.5911end3.34_9.04_3.36_16.67_-15.22_-25.40_19.12_-17.37_-34.81_0.1724_0.2418_-0.7498_-0.5912end1.86_9.13_3.95_20.48_64.46_-25.63_19.12_-17.37_-34.81_0.1724_0.2418_-0.7498_-0.5912end1.18_9.14_3.97_20.25_88.07_-27.42_19.81_-17.75_-34.81_0.1724_0.2418_-0.7498_-0.5912end1.18_9.14_3.97_20.25_88.07_-27.42_19.81_-17.75_-34.81_0.1858_0.2448_-0.7466_-0.5901end0.38_9.16_3.91_20.25_88.07_-27.42_19.81_-17.75_-34.81_0.1897_0.2458_-0.7457_-0.5895end-0.02_9.21_3.25_20.25_88.07_-27.42_21.69_-17.00_-33.88_0.1897_0.2458_-0.7457_-0.5895end-0.05_9.14_3.04_22.38_72.85_-31.45_21.69_-17.00_-33.88_0.1897_0.2458_-0.7457_-0.5895end0.08_9.13_2.98_24.28_62.00_-31.67_21.69_-17.00_-33.88_0.1897_0.2458_-0.7457_-0.5895end0.62_9.12_3.41_24.28_62.00_-31.67_21.69_-17.00_-33.88_0.2060_0.2479_-0.7415_-0.5886end,24.1293564,120.7289394,115.69999694824219
419,,24.1293564,120.7289394,115.69999694824219
420,,24.1293564,120.7289394,115.69999694824219
421,,24.1293564,120.7289394,115.69999694824219
422,,24.1293564,120.7289394,115.69999694824219
423,,24.1293564,120.7289394,115.69999694824219
424,,24.1293564,120.7289394,115.69999694824219
425,0.71_9.10_3.70_24.28_62.00_-31.67_22.06_-16.25_-32.00_0.2086_0.2477_-0.7406_-0.5887end0.76_9.08_4.04_31.00_46.66_-31.22_22.06_-16.25_-32.00_0.2086_0.2477_-0.7406_-0.5887end0.81_9.13_4.30_31.67_51.36_-31.45_22.06_-16.25_-32.00_0.2086_0.2477_-0.7406_-0.5887end0.81_9.13_4.30_31.78_56.62_-32.01_22.06_-16.25_-32.00_0.2168_0.2475_-0.7379_-0.5893end0.81_9.13_4.30_32.45_61.66_-32.45_22.81_-17.31_-33.38_0.2168_0.2475_-0.7379_-0.5893end0.81_9.13_4.30_32.56_67.59_-32.68_22.81_-17.31_-33.38_0.2230_0.2479_-0.7358_-0.5894end0.81_9.13_4.30_32.56_67.59_-32.68_23.87_-17.31_-32.88_0.2264_0.2482_-0.7346_-0.5894end0.81_9.13_4.30_34.24_70.95_-33.46_23.87_-17.31_-32.88_0.2332_0.2489_-0.7322_-0.5894end0.81_9.13_4.30_35.47_73.19_-34.02_23.87_-17.62_-30.69_0.2332_0.2489_-0.7322_-0.5894end0.84_8.85_3.18_37.15_76.99_-34.80_23.87_-17.62_-30.69_0.2443_0.2501_-0.7283_-0.5894end,24.1293564,120.7289394,115.69999694824219
426,,24.1293564,120.7289394,115.69999694824219
427,,24.1293564,120.7289394,115.69999694824219
428,,24.1293564,120.7289394,115.69999694824219
429,,24.1293564,120.7289394,115.69999694824219
430,,24.1293564,120.7289394,115.69999694824219
431,,24.1293564,120.7289394,115.69999694824219
432,,24.1293564,120.7289394,115.69999694824219
433,0.91_8.88_3.13_37.15_76.99_-34.80_23.87_-17.62_-30.69_0.2482_0.2506_-0.7268_-0.5894end0.87_8.85_2.98_37.15_76.99_-34.80_23.87_-17.62_-30.69_0.2482_0.2506_-0.7268_-0.5894end0.76_8.85_2.87_37.15_76.99_-34.80_23.87_-17.62_-30.69_0.2607_0.2526_-0.7218_-0.5892end0.71_8.83_2.75_42.97_98.37_-35.14_26.12_-17.94_-30.19_0.2652_0.2535_-0.7200_-0.5891end0.40_8.79_2.48_42.97_98.37_-35.14_26.12_-17.94_-30.19_0.2652_0.2535_-0.7200_-0.5891end0.15_8.81_2.20_42.97_98.37_-35.14_26.12_-17.94_-30.19_0.2652_0.2535_-0.7200_-0.5891end-0.02_8.62_1.91_42.97_98.37_-35.14_26.12_-17.94_-30.19_0.2838_0.2574_-0.7122_-0.5882end-0.04_8.99_1.73_45.21_109.44_-36.93_26.12_-17.94_-30.19_0,24.1293564,120.7289394,115.69999694824219
434,,24.1293564,120.7289394,115.69999694824219
435,,24.1293564,120.7289394,115.69999694824219
436,,24.1293564,120.7289394,115.69999694824219
437,.2838_0.2574_-0.7122_-0.5882end0.00_8.68_1.40_45.21_109.44_-36.93_26.12_-17.94_-30.19_0.2838_0.2574_-0.7122_-0.5882end-0.06_8.82_1.44_45.21_109.44_-36.93_26.12_-17.94_-30.19_0.2838_0.2574_-0.7122_-0.5882end,24.1293564,120.7289394,115.69999694824219
438,,24.1293564,120.7289394,115.69999694824219
439,,24.1293564,120.7289394,115.69999694824219
440,-0.09_8.70_1.14_45.21_109.44_-36.93_26.12_-17.94_-30.19_0.2838_0.2574_-0.7122_-0.5882end-0.09_8.70_1.14_46.89_116.27_-36.37_28.69_-17.50_-26.50_0.2838_0.2574_-0.7122_-0.5882end-0.09_8.70_1.14_46.89_116.27_-36.37_28.69_-17.50_-26.50_0.3130_0.2639_-0.6990_-0.5863end-0.09_8.70_1.14_46.66_122.98_-36.82_28.69_-17.50_-26.50_0.3283_0.2678_-0.6917_-0.5848end-0.07_8.71_0.12_46.66_122.98_-36.82_30.56_-17.44_-23.69_0.3283_0.2678_-0.6917_-0.5848end-0.07_8.71_0.12_46.66_131.38_-37.04_30.56_-17.44_-23.69_0.3390_0.2708_-0.6865_-0.5836end-0.07_8.71_0.12_46.22_135.97_-36.82_31.69_-17.81_-23.25_0.3390_0.2708_-0.6865_-0.5836end-0.07_8.71_0.12_46.22_135.97_-36.82_32.75_-1,24.1293564,120.7289394,115.69999694824219
441,7.75_-21.87_0.3502_0.2741_-0.6808_-0.5820end-0.07_8.71_0.12_46.22_135.97_-36.82_32.75_-17.75_-21.87_0.3558_0.2760_-0.6780_-0.5810end-0.37_8.71_-1.41_46.22_135.97_-36.82_32.75_-17.75_-21.87_0.3616_0.2780_-0.6750_-0.5800end,24.1293564,120.7289394,115.69999694824219
442,,24.1293564,120.7289394,115.69999694824219
443,,24.1293564,120.7289394,115.69999694824219
444,,24.1293564,120.7289394,115.69999694824219
445,,24.1293564,120.7289394,115.69999694824219
446,,24.1293564,120.7289394,115.69999694824219
447,,24.1293564,120.7289394,115.69999694824219
448,-0.37_8.71_-1.41_46.22_135.97_-36.82_33.88_-18.44_-20.50_0.3795_0.2841_-0.6653_-0.5767end-0.68_8.87_-1.94_46.22_135.97_-36.82_33.88_-18.44_-20.50_0.3853_0.2862_-0.6621_-0.5755end-0.70_8.54_-2.14_46.44_155.21_-35.92_33.88_-18.44_-20.50_0.3853_0.2862_-0.6621_-0.5755end-0.93_8.56_-2.05_45.88_153.98_-35.81_36.06_-17.31_-18.12_0.3853_0.2862_-0.6621_-0.5755end-1.00_8.92_-2.19_45.32_152.19_-34.69_36.06_-17.31_-18.12_0.3853_0.2862_-0.6621_-0.5755end-1.00_8.92_-2.19_44.31_147.72_-33.68_36.06_-17.31_-18.12_0.4088_0.2944_-0.6487_-0.5704end-1.00_8.92_-2.19_44.31_147.72_-33.68_35.31_-18.00_-18.12_0.4143_0.2963_-0.6454_-0.5692end-1.00_8.92_-2.19_43.98_140.11_-32.34_35.31_-18.00_-18.12_0.4250_0.3000_-0.6389_-0.5667end-2.00_8.71_-2.65_43.98_140.11_-32.34_35.31_-18.00_-18.12_0.4303_0.3018_-0.6356_-0.5655end-2.48_8.78_-2.48_44.43_129.59_-30.89_35.31_-18.00_-18.12_0.4352_0.3033_-0.6325_-0.5644end,24.1293564,120.7289394,115.69999694824219
449,,24.1293564,120.7289394,115.69999694824219
450,,24.1293564,120.7289394,115.69999694824219
451,,24.1293564,120.7289394,115.69999694824219
452,,24.1293564,120.7289394,115.69999694824219
453,,24.1293564,120.7289394,115.69999694824219
454,,24.1293564,120.7289394,115.69999694824219
455,-2.48_8.78_-2.48_44.43_129.59_-30.89_36.44_-19.00_-14.50_0.4448_0.3060_-0.6264_-0.5623end-2.77_8.54_-2.15_43.31_109.44_-30.10_36.44_-19.00_-14.50_0.4448_0.3060_-0.6264_-0.5623end-2.70_8.68_-1.95_43.31_103.18_-29.66_36.44_-19.00_-14.50_0.4448_0.3060_-0.6264_-0.5623end-2.70_8.68_-1.95_43.31_103.18_-29.66_37.56_-18.62_-13.06_0.4607_0.3093_-0.6159_-0.5592end-2.59_8.86_-2.11_43.31_103.18_-29.66_37.56_-18.62_-13.06_0.4642_0.3099_-0.6136_-0.5586end-2.54_8.89_-2.13_43.31_103.18_-29.66_37.56_-18.62_-13.06_0.4642_0.3099_-0.6136_-0.5586end-2.55_8.92_-2.21_43.31_103.18_-29.66_38.63_-17.87_-11.25_0.4642_0.3099_-0.6136_-0.5586end-2.55_8.92_-2.21_39.06_66.47_-26.41_3,24.1293564,120.7289394,115.69999694824219
456,8.63_-17.87_-11.25_0.4737_0.3107_-0.6072_-0.5571end-2.55_8.92_-2.21_38.83_65.35_-25.96_38.63_-17.87_-11.25_0.4796_0.3110_-0.6032_-0.5563end-2.38_8.93_-2.54_38.83_65.35_-25.96_37.94_-17.87_-10.75_0.4796_0.3110_-0.6032_-0.5563end,24.1293564,120.7289394,115.69999694824219
457,,24.1293564,120.7289394,115.69999694824219
458,,24.1293564,120.7289394,115.69999694824219
459,,24.1293564,120.7289394,115.69999694824219
460,,24.1293564,120.7289394,115.69999694824219
461,,24.1293564,120.7289394,115.69999694824219
462,-2.38_8.93_-2.54_38.72_62.78_-25.51_37.94_-17.87_-10.75_0.4852_0.3112_-0.5994_-0.5555end-2.38_8.93_-2.54_38.72_61.88_-25.07_39.38_-17.50_-9.38_0.4852_0.3112_-0.5994_-0.5555end-2.38_8.93_-2.54_38.27_61.66_-25.07_39.38_-17.50_-9.38_0.4907_0.3113_-0.5955_-0.5547end-2.23_8.85_-2.34_38.27_61.66_-25.07_39.38_-17.50_-9.38_0.4961_0.3113,24.1293564,120.7289394,115.69999694824219
463,_-0.5917_-0.5540end-2.23_8.85_-2.34_38.05_64.12_-24.40_38.31_-16.81_-9.38_0.4961_0.3113_-0.5917_-0.5540end-2.18_8.82_-2.09_38.05_64.12_-24.40_38.31_-16.81_-9.38_0.5015_0.3115_-0.5878_-0.5532end-2.18_8.88_-2.13_38.05_64.12_-24.40_38.31_-16.81_-9.38_0.5043_0.3117_-0.5858_-0.5527end-2.14_8.84_-2.20_36.48_67.70_-24.17_38.31_-16.81_-9.38_0.5099_0.3122_-0.5816_-0.5516end-2.10_8.75_-2.29_36.48_67.70_-24.17_38.31_-16.81_-9.38_0.5126_0.3125_-0.5795_-0.5510end-2.11_8.82_-2.34_36.48_67.70_-24.17_39.44_-16.81_-8.44_0.5155_0.3129_-0.5774_-0.5504end,24.1293564,120.7289394,115.69999694824219
464,,24.1293564,120.7289394,115.69999694824219
465,,24.1293564,120.7289394,115.69999694824219
466,,24.1293564,120.7289394,115.69999694824219
467,,24.1293564,120.7289394,115.69999694824219
468,,24.1293564,120.7289394,115.69999694824219
469,,24.1293564,120.7289394,115.69999694824219
470,-2.00_8.74_-2.52_36.48_67.70_-24.17_39.44_-16.81_-8.44_0.5214_0.3138_-0.5729_-0.5490end-2.04_8.73_-2.71_36.48_67.70_-24.17_39.44_-16.81_-8.44_0.5243_0.3142_-0.5707_-0.5483end-1.95_8.79_-2.59_36.48_67.70_-24.17_39.44_-16.81_-8.44_0.5273_0.3148_-0.5684_-0.5475end-1.77_8.68_-2.58_36.48_67.70_-24.17_39.44_-16.81_-8.44_0.5273_0.3148_-0.5684_-0.5475end-1.70_8.79_-2.71_35.47_90.20_-24.51_39.44_-16.81_-8.44_0.5273_0.3148_-0.5684_-0.5475end-1.70_8.79_-2.71_35.47_90.20_-24.51_39.44_-16.81_-8.44_0.5405_0.3178_-0.5578_-0.5438end-1.65_8.31_-2.72_35.47_90.20_-24.51_39.44_-16.81_-8.44_0.5442_0.3190_-0.5547_-0.5425end-1.91_8.95_-2.79_35.47_90.20_-24.51_39.44_-16.81_-8.44_0.5442_0.3190_-0.5547_-0.5425end-1.48_7.80_-2.43_35.47_90.20_-24.51_40.56_-15.38_-4.19_0.5522_0.3220_-0.5479_-0.5397end-1.48_7.80_-2.43_36.03_143.91_-23.50_40.56_-15.38_-4.19_0.5609_0.3256_-0.5402_-0.5363end,24.1293564,120.7289394,115.69999694824219
471,,24.1293564,120.7289394,115.69999694824219
472,,24.1293564,120.7289394,115.69999694824219
473,,24.1293564,120.7289394,115.69999694824219
474,,24.1293564,120.7289394,115.69999694824219
475,,24.1293564,120.7289394,115.69999694824219
476,-1.75_9.21_-2.15_36.03_143.91_-23.50_40.56_-15.38_-4.19_0.5654_0.3276_-0.5361_-0.5345end-1.44_8.95_-2.02_36.03_143.91_-23.50_40.56_-15.38_-4.19_0.5654_0.3276_-0.5361_-0.5345end-1.44_8.95_-2.02_36.03_143.91_-23.50_40.56_-15.63_-1.44_0.5696_0.3294_-0.5321_-0.5328end-1.44_8.95_-2.02_37.38_117.61_-21.04_40.56_-16.00_-0.56_0.5696_0.3294_-0.5321_-0.5328end-1.44_8.95_-2.02_37.38_117.61_-21.04_42.06_-15.56_1.75_0.5812_0.3336_-0.5212_-0.5284end-2.65_8.64_-1.82_37.71_104.52_-21.04_42.06_-15.56_1.75_0.5878_0.3356_-0.5148_-0.5261end-2.48_8.64_-1.79_37.71_104.52_-21.04_42.06_-15.56_1.75_0.5911_0.3365_-0.5116_-0.5250end-2.65_8.61_-1.69_37.71_104.52_-21.04_42.06_-15.,24.1293564,120.7289394,115.69999694824219
477,56_1.75_0.5941_0.3371_-0.5088_-0.5240end-2.65_8.61_-1.69_37.71_104.52_-21.04_42.06_-15.56_1.75_0.5995_0.3378_-0.5035_-0.5225end-2.97_8.57_-1.59_37.71_104.52_-21.04_40.63_-15.25_3.12_0.5995_0.3378_-0.5035_-0.5225end,24.1293564,120.7289394,115.69999694824219
478,,24.1293564,120.7289394,115.69999694824219
479,,24.1293564,120.7289394,115.69999694824219
480,,24.1293564,120.7289394,115.69999694824219
481,,24.1293564,120.7289394,115.69999694824219
482,,24.1293564,120.7289394,115.69999694824219
483,,24.1293564,120.7289394,115.69999694824219
484,-3.50_8.57_-1.76_37.71_104.52_-21.04_40.63_-15.25_3.12_0.6039_0.3378_-0.4991_-0.5216end-3.61_8.56_-1.71_38.61_42.41_-16.00_40.63_-15.25_3.12_0.6076_0.3370_-0.4956_-0.5212end-3.58_8.51_-1.76_39.17_23.95_-15.44_40.63_-15.25_3.12_0.6091_0.3362_-0.4941_-0.5212end-3.51_8.45_-1.74_39.17_23.95_-15.44_40.63_-15.25_3.12_0.6091_0.3362_-0.4941_-0.5212end-3.27_8.39_-1.75_39.17_23.95_-15.44_40.63_-15.25_3.12_0.6091_0.3362_-0.4941_-0.5212end-3.11_8.39_-1.89_39.73_0.45_-14.55_40.63_-15.25_3.12_0.6091_0.3362_-0.4941_-0.5212end-2.95_8.36_-2.02_39.73_0.45_-14.55_40.63_-15.25_3.12_0.6134_0.3315_-0.4905_-0.5227end-2.95_8.36_-2.02_40.06_-4.70_-12.76_40.63_-15.25_3.12_0.6143_0.3300_-0.4899_-0.5233end-2.95_8.36_-2.02_40.06_-4.70_-12.76_41.00_-14.19_5.06_0.6150_0.3286_-0.4893_-0.5238end-2.95_8.36_-2.02_40.17_2.91_-12.65_41.00_-14.19_5.06_0.6166_0.3259_-0.4879_-0.5249end,24.1293564,120.7289394,115.69999694824219
485,,24.1293564,120.7289394,115.69999694824219
486,,24.1293564,120.7289394,115.69999694824219
487,,24.1293564,120.7289394,115.69999694824219
488,,24.1293564,120.7289394,115.69999694824219
489,,24.1293564,120.7289394,115.69999694824219
490,,24.1293564,120.7289394,115.69999694824219
491,-3.12_7.90_-2.66_40.17_2.91_-12.65_40.63_-13.81_5.06_0.6166_0.3259_-0.4879_-0.5249end-3.12_7.90_-2.66_39.50_18.46_-12.20_40.63_-13.81_5.06_0.6201_0.3229_-0.4846_-0.5259end-3.39_7.31_-3.32_39.50_18.46_-12.20_40.63_-13.81_5.06_0.6215_0.3222_-0.4830_-0.5260end-3.69_9.77_-4.44_39.50_18.46_-12.20_40.63_-13.81_5.06_0.6215_0.3222_-0.48,24.1293564,120.7289394,115.69999694824219
492,30_-0.5260end-3.53_9.73_-4.38_39.50_18.46_-12.20_42.13_-13.81_4.56_0.6254_0.3199_-0.4787_-0.5266end-3.75_8.38_-4.60_39.50_18.46_-12.20_41.37_-13.81_5.94_0.6263_0.3187_-0.4777_-0.5272end-3.86_8.13_-3.86_39.50_18.46_-12.20_41.37_-13.81_5.94_0.6269_0.3171_-0.4772_-0.5280end-3.59_8.38_-4.00_39.50_18.46_-12.20_41.37_-13.81_5.94_0.6269_0.3171_-0.4772_-0.5280end-3.35_8.25_-4.09_39.28_-35.36_-10.52_41.37_-13.81_5.94_0.6269_0.3171_-0.4772_-0.5280end-3.35_8.25_-4.09_39.28_-35.36_-10.52_41.37_-13.81_5.94_0.6271_0.3088_-0.4778_-0.5320end,24.1293564,120.7289394,115.69999694824219
493,,24.1293564,120.7289394,115.69999694824219
494,,24.1293564,120.7289394,115.69999694824219
495,,24.1293564,120.7289394,115.69999694824219
496,,24.1293564,120.7289394,115.69999694824219
497,,24.1293564,120.7289394,115.69999694824219
498,,24.1293564,120.7289394,115.69999694824219
499,-2.05_7.78_-5.23_39.28_-35.36_-10.52_41.37_-13.81_5.94_0.6267_0.3063_-0.4785_-0.5333end-1.87_7.96_-5.55_36.59_-61.44_-9.62_41.37_-13.81_5.94_0.6267_0.3063_-0.4785_-0.5333end-1.72_7.91_-5.80_36.59_-61.44_-9.62_41.37_-13.81_5.94_0.6256_0.3011_-0.4803_-0.5359end-1.50_8.30_-6.28_36.59_-61.44_-9.62_41.37_-13.81_5.94_0.6248_0.2961_-0.4819_-0.5383end-1.24_8.21_-6.63_36.59_-61.44_-9.62_41.37_-13.81_5.94_0.6248_0.2941_-0.4822_-0.5392end-1.12_8.17_-6.58_36.59_-61.44_-9.62_41.37_-13.81_5.94_0.6251_0.2925_-0.4821_-0.5398end-1.02_7.94_-6.79_36.59_-61.44_-9.62_42.13_-13.13_5.06_0.6251_0.2925_-0.4821_-0.5398end-1.13_7.82_-6.73_32.79_13.43_-14.55_42.13_-13.13_5.06_0.6,24.1293564,120.7289394,115.69999694824219
500,251_0.2925_-0.4821_-0.5398end-1.23_8.02_-6.66_32.79_13.43_-14.55_42.13_-13.13_5.06_0.6290_0.2887_-0.4784_-0.5405end-1.68_7.81_-6.32_32.79_13.43_-14.55_42.13_-13.13_5.06_0.6304_0.2882_-0.4769_-0.5405end,24.1293564,120.7289394,115.69999694824219
501,,24.1293564,120.7289394,115.69999694824219
502,,24.1293564,120.7289394,115.69999694824219
503,,24.1293564,120.7289394,115.69999694824219
504,,24.1293564,120.7289394,115.69999694824219
505,,24.1293564,120.7289394,115.69999694824219
506,-1.92_7.77_-6.05_32.79_13.43_-14.55_42.13_-13.13_5.06_0.6318_0.2878_-0.4754_-0.5403end-2.23_8.19_-5.53_32.79_13.43_-14.55_42.13_-13.13_5.06_0.6318_0.2878_-0.4754_-0.5403end-2.23_8.19_-5.53_32.79_13.43_-14.55_42.13_-13.13_5.06_0.6368_0.2869_-0.4702_-0.5396end-2.40_8.17_-5.13_32.79_13.43_-14.55_42.13_-13.13_5.06_0.6384_0.2867_-0.4684_-0.5392end-2.51_8.12_-5.57_30.21_42.41_-16.34_42.13_-13.13_5.06_0.6384_0.2867_-0.4684_-0.5392end-2.61_8.04_-5.97_30.21_42.41_-16.34_41.37_-12.06_6.87_0.6432_0.2862_-0.4633_-0.5381end-2.72_8.00_-6.32_30.21_42.41_-16.34_41.37_-12.06_6.87_0.6448_0.2861_-0.4617_-0.5378end-3.18_7.95_-7.11_30.21_42.41_-16.34_42.50_-13.06_6.44_0.64,24.1293564,120.7289394,115.69999694824219
507,48_0.2861_-0.4617_-0.5378end-3.18_7.95_-7.11_28.31_45.55_-15.33_42.50_-13.06_6.44_0.6448_0.2861_-0.4617_-0.5378end-3.36_7.96_-7.19_28.31_45.55_-15.33_41.44_-11.69_8.75_0.6448_0.2861_-0.4617_-0.5378end,24.1293564,120.7289394,115.69999694824219
508,,24.1293564,120.7289394,115.69999694824219
509,,24.1293564,120.7289394,115.69999694824219
510,,24.1293564,120.7289394,115.69999694824219
511,,24.1293564,120.7289394,115.69999694824219
512,,24.1293564,120.7289394,115.69999694824219
513,,24.1293564,120.7289394,115.69999694824219
514,-3.48_7.98_-7.15_28.31_45.55_-15.33_41.44_-11.69_8.75_0.6448_0.2861_-0.4617_-0.5378end-3.48_7.98_-7.15_28.31_45.55_-15.33_41.44_-11.69_8.75_0.6561_0.2859_-0.4492_-0.5347end-3.78_8.05_-7.04_28.31_45.55_-15.33_41.75_-12.00_9.19_0.6577_0.2860_-0.4475_-0.5343end-3.78_8.05_-7.04_23.84_45.88_-13.54_41.75_-12.00_9.19_0.6591_0.2861_-0.4,24.1293564,120.7289394,115.69999694824219
515,458_-0.5338end-3.93_8.05_-7.09_23.84_45.88_-13.54_41.44_-10.63_8.25_0.6591_0.2861_-0.4458_-0.5338end-3.93_8.05_-7.09_22.38_46.44_-13.43_41.44_-10.63_8.25_0.6636_0.2866_-0.4407_-0.5322end-3.91_8.03_-7.33_22.38_46.44_-13.43_42.13_-11.69_9.25_0.6636_0.2866_-0.4407_-0.5322end-3.91_8.03_-7.33_19.92_43.31_-11.75_42.13_-11.69_9.25_0.6663_0.2870_-0.4376_-0.5312end-3.91_8.03_-7.33_18.46_37.49_-10.18_41.75_-12.00_8.75_0.6686_0.2872_-0.4348_-0.5305end-4.35_8.04_-7.30_18.46_37.49_-10.18_42.50_-10.94_9.69_0.6697_0.2874_-0.4334_-0.5302end,24.1293564,120.7289394,115.69999694824219
516,,24.1293564,120.7289394,115.69999694824219
517,,24.1293564,120.7289394,115.69999694824219
518,,24.1293564,120.7289394,115.69999694824219
519,,24.1293564,120.7289394,115.69999694824219
520,,24.1293564,120.7289394,115.69999694824219
521,-4.46_8.04_-7.31_18.46_37.49_-10.18_42.50_-10.94_9.69_0.6708_0.2874_-0.4321_-0.5298end-4.54_8.07_-7.08_18.46_37.49_-10.18_42.50_-10.94_9.69_0.6708_0.2874_-0.4321_-0.5298end-4.54_8.07_-7.08_18.46_37.49_-10.18_41.81_-10.94_11.50_0.6735_0.2875_-0.4287_-0.5291end-4.73_8.06_-6.80_13.76_18.02_-5.93_41.81_-10.94_11.50_0.6742_0.2875_-0.,24.1293564,120.7289394,115.69999694824219
522,4278_-0.5289end-4.81_8.11_-6.75_13.76_18.02_-5.93_41.81_-10.94_11.50_0.6748_0.2873_-0.4271_-0.5289end-4.66_8.07_-6.67_11.75_3.92_-4.03_41.81_-10.94_11.50_0.6748_0.2873_-0.4271_-0.5289end-4.83_8.04_-6.69_11.53_-2.69_-3.13_40.69_-10.63_10.63_0.6748_0.2873_-0.4271_-0.5289end-4.83_8.04_-6.69_9.51_-6.49_-2.57_40.69_-10.63_10.63_0.6757_0.2856_-0.4261_-0.5294end-4.70_8.06_-6.94_9.51_-6.49_-2.57_40.69_-10.63_10.63_0.6757_0.2851_-0.4261_-0.5296end-4.71_8.04_-6.93_9.51_-6.49_-2.57_41.44_-10.94_12.00_0.6757_0.2851_-0.4261_-0.5296end,24.1293564,120.7289394,115.69999694824219
523,,24.1293564,120.7289394,115.69999694824219
524,,24.1293564,120.7289394,115.69999694824219
525,,24.1293564,120.7289394,115.69999694824219
526,,24.1293564,120.7289394,115.69999694824219
527,,24.1293564,120.7289394,115.69999694824219
528,,24.1293564,120.7289394,115.69999694824219
529,-4.75_8.04_-7.00_7.16_-15.44_0.00_41.44_-10.94_12.00_0.6757_0.2851_-0.4261_-0.5296end-4.79_8.02_-7.06_7.16_-15.44_0.00_41.44_-10.94_12.00_0.6749_0.2827_-0.4272_-0.5310end-4.79_8.02_-7.06_7.16_-15.44_0.00_41.44_-10.63_10.63_0.6745_0.2819_-0.4278_-0.5316end-5.00_8.00_-6.98_7.16_-15.44_0.00_41.44_-10.63_10.63_0.6740_0.2811_-0.4285_-0.5321end-4.93_8.02_-6.88_3.80_-44.87_4.25_41.44_-10.63_10.63_0.6740_0.2811_-0.4285_-0.5321end-4.93_8.02_-6.88_2.80_-51.36_4.92_41.44_-10.63_10.63_0.6725_0.2792_-0.4304_-0.5335end-4.93_8.02_-6.88_2.80_-51.36_4.92_41.44_-10.25_10.13_0.6704_0.2767_-0.4331_-0.5352end-4.68_7.70_-6.81_2.80_-51.36_4.92_41.44_-10.25_10.13_0.6691_0.2754_-0.4347_-0.5361end-4.68_4.97_-6.39_2.80_-51.36_4.92_41.44_-10.25_10.13_0.6691_0.2754_-0.4347_-0.5361end-4.68_4.97_-6.39_2.80_-51.36_4.92_42.50_-11.31_7.87_0.6663_0.2723_-0.4383_-0.5382end,24.1293564,120.7289394,115.69999694824219
530,,24.1293564,120.7289394,115.69999694824219
531,,24.1293564,120.7289394,115.69999694824219
532,,24.1293564,120.7289394,115.69999694824219
533,,24.1293564,120.7289394,115.69999694824219
534,,24.1293564,120.7289394,115.69999694824219
535,,24.1293564,120.7289394,115.69999694824219
536,-4.45_8.39_-7.00_2.13_-65.69_7.72_42.50_-11.31_7.87_0.6636_0.2694_-0.4417_-0.5403end-3.40_14.25_-7.28_2.13_-65.69_7.72_42.50_-11.31_7.87_0.6621_0.2678_-0.4435_-0.5415end-4.33_7.90_-5.41_2.13_-65.69_7.72_42.50_-11.31_7.87_0.6621_0.2678_-0.4435_-0.5415end-4.45_7.79_-4.50_2.13_-65.69_7.72_41.06_-10.69_6.50_0.6621_0.2678_-0.4435_-0.,24.1293564,120.7289394,115.69999694824219
537,5415end-4.45_7.79_-4.50_3.36_-76.54_11.75_42.50_-11.69_7.37_0.6568_0.2625_-0.4495_-0.5456end-4.45_7.79_-4.50_3.36_-76.54_11.75_42.50_-11.69_7.37_0.6533_0.2589_-0.4534_-0.5482end-3.68_11.70_-3.59_3.36_-76.54_11.75_42.50_-11.38_5.50_0.6533_0.2589_-0.4534_-0.5482end-3.65_10.37_-3.64_1.45_-72.40_10.97_42.50_-11.38_5.50_0.6533_0.2589_-0.4534_-0.5482end-3.65_10.37_-3.64_1.45_-72.40_10.97_42.50_-11.00_6.50_0.6464_0.2521_-0.4611_-0.5532end-3.91_8.25_-2.59_1.45_-72.40_10.97_42.50_-11.00_6.50_0.6442_0.2499_-0.4636_-0.5547end,24.1293564,120.7289394,115.69999694824219
538,,24.1293564,120.7289394,115.69999694824219
539,,24.1293564,120.7289394,115.69999694824219
540,,24.1293564,120.7289394,115.69999694824219
541,,24.1293564,120.7289394,115.69999694824219
542,,24.1293564,120.7289394,115.69999694824219
543,,24.1293564,120.7289394,115.69999694824219
544,-3.99_8.12_-3.09_1.45_-72.40_10.97_42.50_-11.00_6.50_0.6442_0.2499_-0.4636_-0.5547end-3.88_8.03_-3.18_1.45_-72.40_10.97_42.88_-11.38_6.00_0.6442_0.2499_-0.4636_-0.5547end-3.88_8.03_-3.18_0.00_-74.42_12.98_42.88_-11.38_6.00_0.6359_0.2426_-0.4724_-0.5600end-3.88_8.03_-3.18_0.00_-74.42_12.98_41.37_-11.75_3.25_0.6342_0.2410_-0.4741_-0.5612end-3.37_8.00_-3.58_0.00_-74.42_12.98_41.37_-11.75_3.25_0.6324_0.2394_-0.4759_-0.5624end-3.37_8.00_-3.58_3.47_-69.27_14.10_41.37_-11.75_3.25_0.6324_0.2394_-0.4759_-0.5624end-3.26_8.05_-3.37_3.47_-69.27_14.10_41.37_-11.75_3.25_0.6274_0.2348_-0.4805_-0.5659end-3.28_8.12_-2.45_3.47_-69.27_14.10_41.37_-11.75_3.25_0.6260_0.233,24.1293564,120.7289394,115.69999694824219
545,5_-0.4818_-0.5671end-3.29_8.18_-2.21_5.82_-44.31_13.09_41.37_-11.75_3.25_0.6260_0.2335_-0.4818_-0.5671end-3.21_8.15_-2.14_5.60_-37.49_12.98_41.37_-11.75_3.25_0.6227_0.2305_-0.4841_-0.5698end,24.1293564,120.7289394,115.69999694824219
546,,24.1293564,120.7289394,115.69999694824219
547,,24.1293564,120.7289394,115.69999694824219
548,,24.1293564,120.7289394,115.69999694824219
549,,24.1293564,120.7289394,115.69999694824219
550,,24.1293564,120.7289394,115.69999694824219
551,,24.1293564,120.7289394,115.69999694824219
552,-3.02_8.21_-2.07_5.60_-37.49_12.98_42.06_-12.81_2.25_0.6219_0.2299_-0.4846_-0.5706end-2.91_8.13_-2.02_5.60_-37.49_12.98_42.06_-12.81_2.25_0.6219_0.2299_-0.4846_-0.5706end-2.93_8.11_-2.05_7.16_-15.89_12.31_42.06_-12.81_2.25_0.6219_0.2299_-0.4846_-0.5706end-2.98_8.04_-2.04_7.61_-11.53_12.31_42.44_-12.81_1.37_0.6219_0.2299_-0.4846_,24.1293564,120.7289394,115.69999694824219
553,,24.1293564,120.7289394,115.69999694824219
554,-0.5706end-2.98_8.04_-2.04_9.85_-4.03_11.97_42.44_-12.81_1.37_0.6219_0.2299_-0.4846_-0.5706end-2.98_8.04_-2.04_9.85_-4.03_11.97_42.44_-12.81_1.37_0.6193_0.2278_-0.4844_-0.5744end-3.10_8.08_-1.81_9.85_-4.03_11.97_42.44_-12.81_1.37_0.6193_0.2278_-0.4844_-0.5744end-3.01_8.11_-1.41_9.85_-4.03_11.97_42.44_-12.81_1.37_0.6191_0.2277_-0,24.1293564,120.7289394,115.69999694824219
555,,24.1293564,120.7289394,115.69999694824219
556,.4839_-0.5750end-3.01_8.11_-1.41_9.85_-4.03_11.97_42.44_-12.81_1.37_0.6190_0.2273_-0.4824_-0.5767end-2.91_8.11_-1.34_9.85_-4.03_11.97_42.44_-12.81_1.37_0.6189_0.2271_-0.4818_-0.5773end,24.1293564,120.7289394,115.69999694824219
557,,24.1293564,120.7289394,115.69999694824219
558,,24.1293564,120.7289394,115.69999694824219
559,-2.89_8.07_-1.57_9.85_-4.03_11.97_42.44_-12.81_1.37_0.6189_0.2271_-0.4818_-0.5773end-2.89_8.07_-1.73_16.00_5.37_10.97_42.44_-12.81_1.37_0.6189_0.2271_-0.4818_-0.5773end-2.89_8.07_-1.73_16.23_8.95_10.41_42.44_-12.81_1.37_0.6188_0.2266_-0.4800_-0.5790end-2.89_8.07_-1.73_16.23_8.95_10.41_41.69_-13.50_2.25_0.6190_0.2265_-0.4785_-0.5,24.1293564,120.7289394,115.69999694824219
560,801end-2.85_7.99_-2.52_16.23_8.95_10.41_41.69_-13.50_2.25_0.6193_0.2266_-0.4774_-0.5806end-2.84_7.91_-2.60_19.25_27.75_9.96_41.69_-13.50_2.25_0.6193_0.2266_-0.4774_-0.5806end-2.84_7.91_-2.60_19.25_27.75_9.96_42.13_-12.81_3.19_0.6208_0.2274_-0.4736_-0.5818end-2.95_7.90_-3.00_19.25_27.75_9.96_42.13_-12.81_3.19_0.6215_0.2278_-0.4720_-0.5822end-2.95_7.90_-3.00_20.37_38.27_9.62_41.75_-12.81_2.25_0.6215_0.2278_-0.4720_-0.5822end-2.95_7.90_-3.00_20.37_38.27_9.62_42.06_-12.81_2.25_0.6230_0.2290_-0.4687_-0.5828end,24.1293564,120.7289394,115.69999694824219
561,,24.1293564,120.7289394,115.69999694824219
562,,24.1293564,120.7289394,115.69999694824219
563,,24.1293564,120.7289394,115.69999694824219
564,,24.1293564,120.7289394,115.69999694824219
565,,24.1293564,120.7289394,115.69999694824219
566,-2.95_7.90_-3.00_20.93_44.43_9.85_42.06_-12.81_2.25_0.6248_0.2303_-0.4650_-0.5833end-3.52_7.91_-3.96_20.93_44.43_9.85_42.13_-13.13_4.12_0.6257_0.2311_-0.4631_-0.5836end-3.82_7.89_-4.66_20.93_44.43_9.85_42.13_-13.13_4.12_0.6267_0.2319_-0.4612_-0.5837end-3.89_7.88_-4.94_20.93_44.43_9.85_41.00_-13.50_4.56_0.6267_0.2319_-0.4612_-0.5837end-3.97_7.89_-5.33_20.93_44.43_9.85_41.00_-13.50_4.56_0.6292_0.2341_-0.4558_-0.5845end-3.97_7.89_-5.33_20.93_44.43_9.85_41.37_-13.50_4.56_0.6298_0.2346_-0.4542_-0.5848end-4.46_7.81_-6.79_20.93_44.43_9.85_41.37_-13.50_4.56_0.6302_0.2350_-0.4528_-0.5853end-4.68_7.85_-7.31_18.58_25.96_12.76_41.37_-13.50_4.56_0.6302_0.2350_-0.45,24.1293564,120.7289394,115.69999694824219
567,28_-0.5853end-4.71_7.92_-7.59_17.35_29.32_12.76_41.75_-13.81_5.06_0.6302_0.2350_-0.4528_-0.5853end-4.71_7.92_-7.59_17.35_29.32_12.76_41.75_-13.81_5.06_0.6320_0.2368_-0.4473_-0.5869end,24.1293564,120.7289394,115.69999694824219
568,,24.1293564,120.7289394,115.69999694824219
569,,24.1293564,120.7289394,115.69999694824219
570,,24.1293564,120.7289394,115.69999694824219
571,,24.1293564,120.7289394,115.69999694824219
572,,24.1293564,120.7289394,115.69999694824219
573,,24.1293564,120.7289394,115.69999694824219
574,,24.1293564,120.7289394,115.69999694824219
575,,24.1293564,120.7289394,115.69999694824219
576,-5.04_7.87_-8.05_17.35_29.32_12.76_41.75_-13.81_5.06_0.6320_0.2368_-0.4473_-0.5869end-5.43_7.94_-8.31_17.35_29.32_12.76_41.75_-13.81_5.06_0.6345_0.2401_-0.4413_-0.5873end-5.68_8.00_-8.33_14.32_84.15_16.56_41.75_-13.81_5.06_0.6358_0.2419_-0.4386_-0.5873end-6.61_9.65_-8.68_14.32_84.15_16.56_41.75_-13.81_5.06_0.6373_0.2441_-0.4355_-0.5870end-7.98_12.34_-9.02_14.32_84.15_16.56_41.75_-13.81_5.06_0.6390_0.2468_-0.4319_-0.5867end-7.68_12.82_-8.53_8.73_127.24_26.41_41.75_-13.81_5.06_0.6390_0.2468_-0.4319_-0.5867end-7.68_12.82_-8.53_8.17_114.14_31.45_41.75_-13.81_5.06_0.6445_0.2565_-0.4199_-0.5853end-8.35_13.41_-8.66_5.82_97.02_37.04_41.75_-13.81_5.06_0.6445_0.2565_-0.4199_-0.5853end-8.35_13.41_-8.66_5.82_97.02_37.04_41.00_-13.75_8.19_0.6456_0.2596_-0.4164_-0.5852end-8.35_13.41_-8.66_4.59_81.36_41.52_41.00_-13.75_8.19_0.6466_0.2649_-0.4105_-0.5859end,24.1293564,120.7289394,115.69999694824219
577,,24.1293564,120.7289394,115.69999694824219
578,,24.1293564,120.7289394,115.69999694824219
579,,24.1293564,120.7289394,115.69999694824219
580,,24.1293564,120.7289394,115.69999694824219
581,,24.1293564,120.7289394,115.69999694824219
582,-8.35_13.41_-8.66_0.90_39.84_53.16_40.31_-15.13_9.63_0.6466_0.2649_-0.4105_-0.5859end-8.35_13.41_-8.66_-6.94_16.90_57.30_40.31_-15.13_9.63_0.6454_0.2688_-0.4070_-0.5879end-8.35_13.41_-8.66_0.22_6.04_61.21_40.31_-15.13_9.63_0.6422_0.2710_-0.4056_-0.5912end-9.42_19.99_-6.47_0.22_6.04_61.21_40.31_-15.13_9.63_0.6422_0.2710_-0.4056_-,24.1293564,120.7289394,115.69999694824219
583,0.5912end-9.77_21.93_-5.58_0.22_6.04_61.21_40.31_-14.81_9.13_0.6312_0.2693_-0.4102_-0.6008end-9.08_22.03_-5.68_-18.58_-132.94_101.39_40.31_-14.81_9.13_0.6262_0.2681_-0.4129_-0.6046end-8.57_23.78_-6.66_-18.58_-132.94_101.39_39.94_-16.19_8.63_0.6207_0.2668_-0.4160_-0.6087end-7.60_22.92_-7.68_-18.58_-132.94_101.39_39.94_-16.19_8.63_0.6151_0.2657_-0.4191_-0.6127end-7.36_23.87_-8.55_-30.55_-142.01_113.47_39.94_-16.19_8.63_0.6151_0.2657_-0.4191_-0.6127end-7.36_23.87_-8.55_-30.55_-142.01_113.47_39.94_-16.19_8.63_0.5969_0.2623_-0.4291_-0.6252end,24.1293564,120.7289394,115.69999694824219
584,,24.1293564,120.7289394,115.69999694824219
585,,24.1293564,120.7289394,115.69999694824219
586,,24.1293564,120.7289394,115.69999694824219
587,,24.1293564,120.7289394,115.69999694824219
588,,24.1293564,120.7289394,115.69999694824219
589,,24.1293564,120.7289394,115.69999694824219
590,-4.15_24.15_-8.33_-30.55_-142.01_113.47_39.94_-16.19_8.63_0.5903_0.2610_-0.4327_-0.6295end-3.88_24.30_-7.62_-35.25_-171.55_132.94_39.94_-16.19_8.63_0.5903_0.2610_-0.4327_-0.6295end-3.88_24.30_-7.62_-35.25_-171.55_132.94_39.94_-16.19_8.63_0.5687_0.2566_-0.4441_-0.6431end-3.16_24.03_-5.64_-35.25_-171.55_132.94_37.63_-20.12_0.69_0.5612_0.2553_-0.4480_-0.6475end-2.88_23.79_-5.66_-49.35_-172.11_139.43_37.63_-20.12_0.69_0.5612_0.2553_-0.4480_-0.6475end-2.66_23.56_-5.93_-49.35_-172.11_139.43_37.63_-20.12_0.69_0.5532_0.2542_-0.4521_-0.6519end-2.66_23.56_-5.93_-55.39_-175.24_141.34_38.00_-21.81_1.12_0.5532_0.2542_-0.4521_-0.6519end-2.66_23.56_-5.93_-55.39_-175.,24.1293564,120.7289394,115.69999694824219
591,,24.1293564,120.7289394,115.69999694824219
592,24_141.34_36.88_-21.87_-1.62_0.5292_0.2512_-0.4644_-0.6642end-2.66_23.56_-5.93_-61.21_-188.90_143.58_36.88_-21.87_-1.62_0.5206_0.2500_-0.4689_-0.6683end-2.66_23.56_-5.93_-61.21_-188.90_143.58_36.50_-23.56_-1.19_0.5120_0.2488_-0.4733_-0.6722end,24.1293564,120.7289394,115.69999694824219
593,,24.1293564,120.7289394,115.69999694824219
594,,24.1293564,120.7289394,115.69999694824219
595,,24.1293564,120.7289394,115.69999694824219
596,-2.66_23.56_-5.93_-61.21_-188.90_143.58_36.06_-24.31_-4.44_0.5034_0.2474_-0.4779_-0.6760end-2.66_23.56_-5.93_-75.65_-224.48_148.28_36.06_-24.31_-4.44_0.4753_0.2426_-0.4930_-0.6871end0.33_17.29_-4.16_-75.65_-224.48_148.28_36.06_-24.31_-4.44_0.4753_0.2426_-0.4930_-0.6871end0.33_17.29_-4.16_-79.57_-234.67_147.83_36.06_-24.31_-4.44_0.4546_0.2380_-0.5044_-0.6945end0.33_17.29_-4.16_-85.05_-244.18_146.04_34.31_-25.37_-7.25_0.4546_0.2380_-0.5044_-0.6945end2.85_12.73_-4.44_-88.29_-249.89_146.26_34.31_-25.37_-7.25_0.4348_0.2337_-0.5159_-0.7001end2.85_12.73_-4.44_-88.29_-249.89_146.26_33.50_-26.50_-10.50_0.4348_0.2337_-0.5159_-0.7001end2.85_12.73_-4.44_-91.20_-25,24.1293564,120.7289394,115.69999694824219
597,6.26_147.16_33.50_-26.50_-10.50_0.4006_0.2248_-0.5345_-0.7094end3.20_9.12_-4.78_-91.20_-256.26_147.16_33.50_-26.50_-10.50_0.4006_0.2248_-0.5345_-0.7094end3.64_8.30_-5.08_-105.42_-262.20_144.81_33.50_-26.50_-10.50_0.4006_0.2248_-0.5345_-0.7094end,24.1293564,120.7289394,115.69999694824219
598,,24.1293564,120.7289394,115.69999694824219
599,,24.1293564,120.7289394,115.69999694824219
600,,24.1293564,120.7289394,115.69999694824219
601,,24.1293564,120.7289394,115.69999694824219
602,,24.1293564,120.7289394,115.69999694824219
603,,24.1293564,120.7289394,115.69999694824219
604,3.64_8.30_-5.08_-110.56_-249.77_141.78_29.81_-28.62_-15.63_0.4006_0.2248_-0.5345_-0.7094end3.64_8.30_-5.08_-110.56_-249.77_141.78_28.31_-28.31_-17.06_0.3423_0.2101_-0.5665_-0.7195end5.00_4.64_-4.81_-110.56_-249.77_141.78_28.31_-28.31_-17.06_0.3314_0.2081_-0.5723_-0.7206end5.00_4.64_-4.81_-110.56_-249.77_141.78_27.56_-29.06_-19.81_0.3209_0.2067_-0.5778_-0.7214end5.82_3.65_-3.28_-122.09_-173.68_134.73_27.56_-29.06_-19.81_0.3105_0.2059_-0.5832_-0.7218end5.82_3.65_-3.28_-122.09_-173.68_134.73_26.12_-29.12_-20.31_0.3105_0.2059_-0.5832_-0.7218end6.81_2.57_-2.57_-124.66_-142.57_129.92_26.12_-29.12_-20.31_0.2859_0.2093_-0.5966_-0.7201end6.81_2.57_-2.57_-136.86_-7.50_111.23_24.25_-28.44_-20.81_0.2859_0.2093_-0.5966_-0.7201end7.11_-0.80_-0.25_-136.86_-7.50_111.23_24.25_-28.44_-20.81_0.2761_0.2180_-0.6033_-0.7157end7.11_-0.80_-0.25_-136.86_-7.50_111.23_24.25_-28.44_-20.81_0.2722_0.2328_-0.6083_-0.7083end,24.1293564,120.7289394,115.69999694824219
605,,24.1293564,120.7289394,115.69999694824219
606,,24.1293564,120.7289394,115.69999694824219
607,,24.1293564,120.7289394,115.69999694824219
608,,24.1293564,120.7289394,115.69999694824219
609,,24.1293564,120.7289394,115.69999694824219
610,,24.1293564,120.7289394,115.69999694824219
611,4.24_-2.41_1.87_-136.86_-7.50_111.23_23.19_-28.44_-21.69_0.2722_0.2328_-0.6083_-0.7083end3.38_-2.68_2.41_-136.86_-7.50_111.23_23.19_-28.44_-21.69_0.2736_0.2522_-0.6119_-0.6979end3.38_-2.68_2.41_-136.86_-7.50_111.23_23.19_-28.44_-21.69_0.2758_0.2633_-0.6135_-0.6916end1.33_-2.99_4.54_-136.86_-7.50_111.23_23.19_-28.44_-21.69_0.2784,24.1293564,120.7289394,115.69999694824219
612,_0.2741_-0.6149_-0.6851end0.18_-2.73_5.25_-136.86_-7.50_111.23_23.19_-28.44_-21.69_0.2840_0.2956_-0.6179_-0.6710end-0.42_-2.52_5.50_-175.24_206.24_39.28_23.19_-28.44_-21.69_0.2840_0.2956_-0.6179_-0.6710end-0.42_-2.52_5.50_-176.25_190.46_34.91_23.19_-28.44_-21.69_0.2905_0.3239_-0.6233_-0.6498end-0.78_-2.33_5.59_-176.03_171.89_31.,24.1293564,120.7289394,115.69999694824219
613,,24.1293564,120.7289394,115.69999694824219
614,,24.1293564,120.7289394,115.69999694824219
615,56_23.19_-28.44_-21.69_0.2905_0.3239_-0.6233_-0.6498end-0.78_-2.33_5.59_-176.03_171.89_31.56_25.37_-26.37_-23.00_0.2920_0.3325_-0.6255_-0.6425end-0.78_-2.33_5.59_-176.81_134.96_26.07_25.37_-26.37_-23.00_0.2930_0.3401_-0.6280_-0.6357end,24.1293564,120.7289394,115.69999694824219
616,,24.1293564,120.7289394,115.69999694824219
617,,24.1293564,120.7289394,115.69999694824219
618,,24.1293564,120.7289394,115.69999694824219
619,-0.78_-2.33_5.59_-176.81_134.96_26.07_25.37_-26.37_-23.00_0.2937_0.3536_-0.6335_-0.6224end-0.78_-2.33_5.59_-175.24_105.53_22.83_26.12_-26.06_-23.00_0.2935_0.3597_-0.6364_-0.6160end-0.78_-2.33_5.59_-175.24_105.53_22.83_26.81_-25.69_-23.00_0.2921_0.3705_-0.6426_-0.6037end-0.91_-1.11_4.05_-172.11_84.82_17.57_26.81_-25.69_-23.00_0.2921_0.3705_-0.6426_-0.6037end-1.09_-1.13_3.81_-170.99_82.70_15.00_26.81_-25.69_-23.00_0.2921_0.3705_-0.6426_-0.6037end-0.53_-1.13_3.90_-166.18_81.02_10.85_26.81_-25.69_-23.00_0.2896_0.3855_-0.6520_-0.5852end-0.35_-1.12_3.75_-166.18_81.02_10.85_26.81_-25.69_-23.00_0.2879_0.3948_-0.6580_-0.5729end-0.19_-1.14_3.77_-166.18_81.02_10.,24.1293564,120.7289394,115.69999694824219
620,85_26.81_-25.69_-23.00_0.2871_0.3992_-0.6609_-0.5669end-0.59_-0.80_4.68_-166.18_81.02_10.85_26.81_-25.69_-23.00_0.2871_0.3992_-0.6609_-0.5669end-0.89_-0.61_5.10_-157.00_71.73_8.28_26.81_-25.69_-23.00_0.2871_0.3992_-0.6609_-0.5669end,24.1293564,120.7289394,115.69999694824219
621,,24.1293564,120.7289394,115.69999694824219
622,,24.1293564,120.7289394,115.69999694824219
623,,24.1293564,120.7289394,115.69999694824219
624,,24.1293564,120.7289394,115.69999694824219
625,,24.1293564,120.7289394,115.69999694824219
626,,24.1293564,120.7289394,115.69999694824219
627,-0.89_-0.61_5.10_-157.00_71.73_8.28_29.44_-21.25_-24.25_0.2844_0.4116_-0.6694_-0.5492end-0.89_-0.61_5.10_-154.99_66.47_6.15_29.44_-21.25_-24.25_0.2834_0.4155_-0.6721_-0.5435end-0.89_-0.61_5.10_-154.99_66.47_6.15_29.44_-21.25_-24.25_0.2813_0.4226_-0.6777_-0.5320end-1.38_0.04_3.73_-154.99_66.47_6.15_29.44_-21.25_-24.25_0.2813_0.4226_-0.6777_-0.5320end-1.01_0.11_2.96_-144.58_40.17_2.46_29.44_-21.25_-24.25_0.2786_0.4287_-0.6832_-0.5214end-1.01_0.11_2.96_-144.58_40.17_2.46_29.44_-21.25_-24.25_0.2769_0.4315_-0.6860_-0.5164end-0.96_1.04_3.58_-144.58_40.17_2.46_28.31_-19.94_-25.12_0.2769_0.4315_-0.6860_-0.5164end-0.96_1.04_3.58_-131.27_7.50_4.59_28.31_-19.94_-,24.1293564,120.7289394,115.69999694824219
628,25.12_0.2679_0.4402_-0.6968_-0.4988end-0.42_1.50_3.14_-131.27_7.50_4.59_29.44_-18.19_-26.56_0.2655_0.4421_-0.6995_-0.4948end0.79_2.47_1.50_-131.27_7.50_4.59_27.94_-18.87_-26.56_0.2655_0.4421_-0.6995_-0.4948end,24.1293564,120.7289394,115.69999694824219
629,,24.1293564,120.7289394,115.69999694824219
630,,24.1293564,120.7289394,115.69999694824219
631,,24.1293564,120.7289394,115.69999694824219
632,,24.1293564,120.7289394,115.69999694824219
633,,24.1293564,120.7289394,115.69999694824219
634,0.79_2.47_1.50_-119.63_11.86_3.36_27.94_-18.87_-26.56_0.2655_0.4421_-0.6995_-0.4948end0.79_2.47_1.50_-116.38_14.88_3.92_27.94_-18.87_-26.56_0.2568_0.4497_-0.7093_-0.4783end1.12_3.71_0.98_-116.38_14.88_3.92_27.94_-18.87_-26.56_0.2549_0.4516_-0.7114_-0.4743end1.14_4.62_0.73_-116.38_14.88_3.92_27.94_-18.87_-26.56_0.2532_0.4535_-0.7134_-0.4703end1.14_4.62_0.73_-109.33_18.80_3.13_27.94_-18.87_-26.56_0.2514_0.4554_-0.7155_-0.4663end1.14_4.62_0.73_-107.21_17.01_2.46_29.81_-17.19_-27.87_0.2514_0.4554_-0.7155_-0.4663end1.14_4.62_0.73_-103.07_6.83_3.13_29.81_-17.19_-27.87_0.2481_0.4589_-0.7192_-0.4589end1.14_4.62_0.73_-103.07_6.83_3.13_29.81_-17.19_-27.87_0.2441,24.1293564,120.7289394,115.69999694824219
635,_0.4618_-0.7231_-0.4519end1.14_4.62_0.73_-99.26_-9.96_4.25_29.81_-17.19_-27.87_0.2419_0.4629_-0.7250_-0.4490end2.30_8.63_0.19_-99.26_-9.96_4.25_29.81_-17.19_-27.87_0.2393_0.4640_-0.7270_-0.4460end,24.1293564,120.7289394,115.69999694824219
636,,24.1293564,120.7289394,115.69999694824219
637,,24.1293564,120.7289394,115.69999694824219
638,,24.1293564,120.7289394,115.69999694824219
639,,24.1293564,120.7289394,115.69999694824219
640,,24.1293564,120.7289394,115.69999694824219
641,3.14_9.31_-0.02_-92.66_-57.30_5.60_29.81_-17.19_-27.87_0.2362_0.4646_-0.7291_-0.4435end3.41_9.59_-0.13_-90.53_-77.66_6.04_29.81_-17.19_-27.87_0.2285_0.4650_-0.7336_-0.4397end3.73_9.93_-0.19_-90.53_-77.66_6.04_29.81_-17.19_-27.87_0.2285_0.4650_-0.7336_-0.4397end5.06_10.70_-0.45_-90.53_-77.66_6.04_29.81_-17.19_-27.87_0.2236_0.4647,24.1293564,120.7289394,115.69999694824219
642,_-0.7361_-0.4384end5.64_11.14_-0.62_-90.53_-77.66_6.04_28.31_-13.81_-30.56_0.2065_0.4612_-0.7440_-0.4371end7.51_12.48_-1.08_-90.53_-77.66_6.04_28.31_-13.81_-30.56_0.1999_0.4595_-0.7468_-0.4372end7.65_12.90_-1.26_-78.89_-151.97_2.57_28.31_-13.81_-30.56_0.1868_0.4556_-0.7523_-0.4378end7.70_13.32_-1.81_-78.89_-151.97_2.57_28.31_-13.81_-30.56_0.1801_0.4535_-0.7549_-0.4382end7.41_13.33_-1.92_-78.89_-151.97_2.57_25.75_-14.19_-32.38_0.1801_0.4535_-0.7549_-0.4382end6.87_13.38_-2.45_-70.84_-113.25_-5.71_26.12_-13.50_-34.19_0.1801_0.4535_-0.7549_-0.4382end,24.1293564,120.7289394,115.69999694824219
643,,24.1293564,120.7289394,115.69999694824219
644,,24.1293564,120.7289394,115.69999694824219
645,,24.1293564,120.7289394,115.69999694824219
646,,24.1293564,120.7289394,115.69999694824219
647,,24.1293564,120.7289394,115.69999694824219
648,,24.1293564,120.7289394,115.69999694824219
649,,24.1293564,120.7289394,115.69999694824219
650,6.87_13.38_-2.45_-68.37_-87.17_-9.18_26.12_-13.50_-34.19_0.1801_0.4535_-0.7549_-0.4382end6.87_13.38_-2.45_-68.37_-87.17_-9.18_26.12_-13.50_-34.19_0.1604_0.4470_-0.7640_-0.4368end6.87_13.38_-2.45_-59.31_14.66_-20.70_26.12_-13.50_-34.19_0.1572_0.4459_-0.7673_-0.4333end5.66_11.60_0.00_-56.96_54.39_-23.50_26.12_-13.50_-34.19_0.1572_0.4459_-0.7673_-0.4333end3.94_10.32_0.46_-51.25_127.13_-30.77_26.12_-13.50_-34.19_0.1594_0.4473_-0.7696_-0.4269end3.20_9.64_0.65_-51.25_127.13_-30.77_26.12_-13.50_-34.19_0.1625_0.4489_-0.7703_-0.4227end3.20_9.64_0.65_-51.25_127.13_-30.77_26.12_-13.50_-34.19_0.1668_0.4510_-0.7709_-0.4178end3.20_9.64_0.65_-42.86_168.42_-34.36_26.12_-13.50_-34.19_0.1772_0.4556_-0.7712_-0.4077end-1.43_7.36_2.31_-42.86_168.42_-34.36_26.12_-13.50_-34.19_0.1772_0.4556_-0.7712_-0.4077end-1.80_7.88_1.37_-30.55_151.63_-32.23_26.12_-13.50_-34.19_0.1772_0.4556_-0.7712_-0.4077end,24.1293564,120.7289394,115.69999694824219
651,,24.1293564,120.7289394,115.69999694824219
652,,24.1293564,120.7289394,115.69999694824219
653,,24.1293564,120.7289394,115.69999694824219
654,,24.1293564,120.7289394,115.69999694824219
655,,24.1293564,120.7289394,115.69999694824219
656,,24.1293564,120.7289394,115.69999694824219
657,-1.80_7.88_1.37_-30.55_151.63_-32.23_28.00_-9.31_-31.81_0.1926_0.4617_-0.7711_-0.3940end-3.59_6.47_3.06_-20.81_103.96_-26.75_28.00_-9.31_-31.81_0.1995_0.4641_-0.7710_-0.3878end-4.87_6.52_3.72_-20.81_103.96_-26.75_28.00_-9.31_-31.81_0.2015_0.4647_-0.7712_-0.3857end-3.88_5.75_2.68_-20.81_103.96_-26.75_28.00_-9.31_-31.81_0.2030_0.4647_-0.7715_-0.3843end-3.24_5.41_2.08_-20.81_103.96_-26.75_29.44_-9.69_-30.88_0.2030_0.4647_-0.7715_-0.3843end-3.24_5.41_2.08_-20.81_103.96_-26.75_29.44_-9.69_-30.88_0.2039_0.4642_-0.7722_-0.3829end-2.72_5.23_1.49_-20.81_103.96_-26.75_29.44_-9.69_-30.88_0.2028_0.4630_-0.7730_-0.3835end-3.10_4.77_2.13_-20.81_103.96_-26.75_28.00_-,24.1293564,120.7289394,115.69999694824219
658,9.06_-32.31_0.2028_0.4630_-0.7730_-0.3835end-3.37_4.84_2.42_12.42_-26.52_-5.37_28.00_-9.06_-32.31_0.2028_0.4630_-0.7730_-0.3835end-3.37_4.84_2.42_12.42_-26.52_-5.37_28.00_-9.06_-32.31_0.2003_0.4603_-0.7735_-0.3869end,24.1293564,120.7289394,115.69999694824219
659,,24.1293564,120.7289394,115.69999694824219
660,,24.1293564,120.7289394,115.69999694824219
661,,24.1293564,120.7289394,115.69999694824219
662,,24.1293564,120.7289394,115.69999694824219
663,-2.74_4.69_1.86_12.42_-26.52_-5.37_28.00_-9.06_-32.31_0.2000_0.4597_-0.7734_-0.3880end-2.46_4.59_0.79_12.42_-26.52_-5.37_28.00_-9.06_-32.31_0.2000_0.4597_-0.7734_-0.3880end-2.61_4.56_0.39_28.65_-34.13_1.12_28.00_-9.06_-32.31_0.2000_0.4597_-0.7734_-0.3880end-2.61_4.56_0.39_36.26_-43.64_4.03_28.00_-9.06_-32.31_0.1973_0.4567_-0.7725_-0.3946end-3.06_4.97_0.06_36.26_-43.64_4.03_28.00_-9.06_-32.31_0.1964_0.4557_-0.7722_-0.3968end-2.91_4.89_-0.03_36.26_-43.64_4.03_28.00_-9.06_-32.31_0.1964_0.4557_-0.7722_-0.3968end-2.77_4.84_-0.23_44.20_-70.50_7.72_27.25_-10.75_-31.81_0.1964_0.4557_-0.7722_-0.3968end-2.61_4.90_-0.52_47.56_-83.03_8.62_27.25_-10.75_-31.81_0.189,24.1293564,120.7289394,115.69999694824219
664,6_0.4504_-0.7708_-0.4088end-2.51_4.98_-0.94_47.56_-83.03_8.62_27.25_-10.75_-32.31_0.1872_0.4486_-0.7704_-0.4124end8.14_36.03_-51.73_22.27_-308.19_-28.09_27.25_-10.75_-32.31_0.1872_0.4486_-0.7704_-0.4124end,24.1293564,120.7289394,115.69999694824219
665,,24.1293564,120.7289394,115.69999694824219
666,,24.1293564,120.7289394,115.69999694824219
667,,24.1293564,120.7289394,115.69999694824219
668,,24.1293564,120.7289394,115.69999694824219
669,,24.1293564,120.7289394,115.69999694824219
670,-35.87_20.84_-27.08_22.27_-308.19_-28.09_27.25_-10.75_-32.31_0.1872_0.4486_-0.7704_-0.4124end-13.76_4.69_63.68_207.59_-239.48_43.08_27.25_-10.75_-32.31_0.1872_0.4486_-0.7704_-0.4124end5.53_9.32_16.48_207.59_-239.48_43.08_27.25_-10.75_-32.31_0.1585_0.4344_-0.7721_-0.4360end5.53_9.32_16.48_-47.11_122.09_-72.63_27.25_-10.75_-32.31_,24.1293564,120.7289394,115.69999694824219
671,0.1556_0.4325_-0.7736_-0.4362end5.53_9.32_16.48_-47.11_122.09_-72.63_27.25_-10.75_-32.31_0.1611_0.4314_-0.7764_-0.4302end5.53_9.32_16.48_-21.37_-94.56_-49.46_27.25_-10.75_-32.31_0.1604_0.4291_-0.7786_-0.4287end7.49_6.81_5.00_-21.37_-94.56_-49.46_25.37_-10.81_-35.06_0.1604_0.4291_-0.7786_-0.4287end7.49_6.81_5.00_5.60_-300.91_15.11_25.37_-10.81_-35.06_0.1558_0.4252_-0.7807_-0.4307end4.73_6.41_-7.08_17.68_-310.65_26.97_24.31_-10.13_-34.63_0.1394_0.4155_-0.7843_-0.4390end4.73_6.41_-7.08_17.68_-310.65_26.97_24.31_-10.13_-34.63_0.1189_0.4058_-0.7860_-0.4510end,24.1293564,120.7289394,115.69999694824219
672,,24.1293564,120.7289394,115.69999694824219
673,,24.1293564,120.7289394,115.69999694824219
674,,24.1293564,120.7289394,115.69999694824219
675,,24.1293564,120.7289394,115.69999694824219
676,,24.1293564,120.7289394,115.69999694824219
677,,24.1293564,120.7289394,115.69999694824219
678,0.73_7.61_-1.43_17.68_-310.65_26.97_24.31_-10.13_-34.63_0.1130_0.4029_-0.7859_-0.4552end2.76_8.67_2.63_35.92_-22.38_-1.12_20.25_-11.19_-36.50_0.1130_0.4029_-0.7859_-0.4552end-3.07_8.46_3.04_30.10_113.92_-27.98_20.25_-11.19_-36.50_0.1130_0.4029_-0.7859_-0.4552end-3.07_8.46_3.04_30.10_113.92_-27.98_20.25_-11.19_-36.50_0.1218_0.4036_-0.7836_-0.4563end5.10_8.89_10.87_30.10_113.92_-27.98_20.25_-11.19_-36.50_0.1218_0.4036_-0.7836_-0.4563end4.50_8.62_8.76_30.10_113.92_-27.98_20.25_-11.19_-36.50_0.1218_0.4036_-0.7836_-0.4563end4.50_8.62_8.76_30.10_113.92_-27.98_22.44_-11.19_-36.50_0.1372_0.4056_-0.7842_-0.4490end6.02_7.69_3.16_30.10_113.92_-27.98_22.44_-11.19_,24.1293564,120.7289394,115.69999694824219
679,-36.50_0.1373_0.4048_-0.7849_-0.4486end2.06_7.32_-1.12_30.10_113.92_-27.98_22.44_-11.19_-36.50_0.1367_0.4039_-0.7853_-0.4489end1.86_7.79_-1.50_3.80_-21.26_-9.40_22.44_-11.19_-36.50_0.1367_0.4039_-0.7853_-0.4489end,24.1293564,120.7289394,115.69999694824219
680,,24.1293564,120.7289394,115.69999694824219
681,,24.1293564,120.7289394,115.69999694824219
682,,24.1293564,120.7289394,115.69999694824219
683,,24.1293564,120.7289394,115.69999694824219
684,,24.1293564,120.7289394,115.69999694824219
685,-0.36_7.64_-1.51_7.83_-3.80_-11.30_22.44_-11.19_-36.50_0.1367_0.4039_-0.7853_-0.4489end-0.36_7.64_-1.51_7.83_-3.80_-11.30_22.44_-11.19_-36.50_0.1382_0.4019_-0.7857_-0.4495end-0.07_8.33_4.12_7.83_-3.80_-11.30_21.69_-10.88_-37.38_0.1404_0.4017_-0.7856_-0.4492end0.91_8.46_5.89_11.75_42.97_-30.10_21.69_-10.88_-37.38_0.1404_0.4017_-0.7856_-0.4492end2.62_8.44_6.89_6.94_34.91_-31.45_21.69_-10.88_-37.38_0.1404_0.4017_-0.7856_-0.4492end2.62_8.44_6.89_-0.90_6.60_-27.19_21.69_-10.88_-37.38_0.1463_0.4005_-0.7860_-0.4476end2.62_8.44_6.89_-0.90_6.60_-27.19_23.19_-10.81_-36.00_0.1479_0.3989_-0.7869_-0.4471end2.54_8.08_5.97_-0.90_6.60_-27.19_23.19_-10.81_-36.00_0.1481,24.1293564,120.7289394,115.69999694824219
686,_0.3980_-0.7874_-0.4470end1.47_8.10_5.49_-0.90_6.60_-27.19_23.56_-9.81_-36.00_0.1481_0.3972_-0.7878_-0.4470end0.59_8.08_4.81_-0.90_6.60_-27.19_23.56_-9.81_-36.00_0.1481_0.3972_-0.7878_-0.4470end,24.1293564,120.7289394,115.69999694824219
687,,24.1293564,120.7289394,115.69999694824219
688,,24.1293564,120.7289394,115.69999694824219
689,,24.1293564,120.7289394,115.69999694824219
690,,24.1293564,120.7289394,115.69999694824219
691,,24.1293564,120.7289394,115.69999694824219
692,,24.1293564,120.7289394,115.69999694824219
693,0.59_8.08_4.81_4.59_-1.23_-22.49_23.56_-9.81_-36.00_0.1486_0.3946_-0.7888_-0.4471end-0.48_8.15_5.56_4.59_-1.23_-22.49_23.56_-9.81_-36.00_0.1491_0.3937_-0.7892_-0.4472end0.77_8.32_6.76_4.59_-1.23_-22.49_23.56_-9.44_-35.06_0.1491_0.3937_-0.7892_-0.4472end1.42_8.30_7.02_4.36_-6.38_-27.86_23.56_-9.44_-35.06_0.1491_0.3937_-0.7892_-0.4472end1.42_8.30_7.02_4.36_-6.38_-27.86_23.56_-9.44_-35.06_0.1503_0.3892_-0.7909_-0.4477end2.25_8.25_6.66_4.36_-6.38_-27.86_23.56_-9.44_-35.06_0.1499_0.3878_-0.7914_-0.4481end1.69_8.15_6.05_4.36_-6.38_-27.86_23.56_-9.44_-35.06_0.1499_0.3878_-0.7914_-0.4481end0.63_8.17_5.93_4.36_-6.38_-27.86_23.56_-9.44_-35.50_0.1499_0.3878_-0.7914_-0.4481end0.35_8.18_5.94_5.60_-2.01_-21.26_23.56_-9.44_-35.50_0.1499_0.3836_-0.7928_-0.4492end0.15_8.23_6.23_5.60_-2.01_-21.26_22.81_-10.13_-36.50_0.1514_0.3832_-0.7930_-0.4489end,24.1293564,120.7289394,115.69999694824219
694,,24.1293564,120.7289394,115.69999694824219
695,,24.1293564,120.7289394,115.69999694824219
696,,24.1293564,120.7289394,115.69999694824219
697,,24.1293564,120.7289394,115.69999694824219
698,,24.1293564,120.7289394,115.69999694824219
699,,24.1293564,120.7289394,115.69999694824219
700,,24.1293564,120.7289394,115.69999694824219
701,,24.1293564,120.7289394,115.69999694824219
702,0.28_8.29_6.98_7.27_46.66_-27.75_22.81_-10.13_-36.50_0.1514_0.3832_-0.7930_-0.4489end0.28_8.29_6.98_7.27_46.66_-27.75_22.81_-9.44_-35.50_0.1534_0.3829_-0.7930_-0.4482end0.28_8.29_6.98_8.95_44.43_-24.73_22.81_-9.44_-35.50_0.1605_0.3828_-0.7929_-0.4460end0.25_8.37_7.95_8.95_44.43_-24.73_23.56_-9.44_-35.50_0.1605_0.3828_-0.7929_-0.,24.1293564,120.7289394,115.69999694824219
703,4460end0.25_8.37_7.95_9.51_25.85_-20.81_23.56_-9.44_-35.50_0.1641_0.3824_-0.7928_-0.4453end-1.20_8.37_7.75_9.85_15.55_-20.03_23.56_-9.44_-35.50_0.1641_0.3824_-0.7928_-0.4453end-1.20_8.37_7.75_9.85_15.55_-20.03_23.56_-9.44_-35.50_0.1668_0.3806_-0.7930_-0.4454end-1.57_8.41_7.02_9.85_15.55_-20.03_23.56_-9.44_-35.50_0.1669_0.3795_-0.7933_-0.4459end-0.64_8.29_6.37_9.85_15.55_-20.03_23.56_-9.44_-35.50_0.1669_0.3795_-0.7933_-0.4459end0.19_8.20_5.98_10.18_-65.80_-19.92_23.56_-9.44_-35.50_0.1669_0.3795_-0.7933_-0.4459end,24.1293564,120.7289394,115.69999694824219
704,,24.1293564,120.7289394,115.69999694824219
705,,24.1293564,120.7289394,115.69999694824219
706,,24.1293564,120.7289394,115.69999694824219
707,,24.1293564,120.7289394,115.69999694824219
708,0.19_8.20_5.98_10.18_-65.80_-19.92_23.94_-9.81_-36.44_0.1599_0.3712_-0.7957_-0.4511end1.12_8.25_5.62_10.18_-65.80_-19.92_23.94_-9.81_-36.44_0.1566_0.3683_-0.7965_-0.4532end1.67_8.29_5.61_12.76_-125.45_-15.33_23.94_-9.81_-36.44_0.1489_0.3619_-0.7982_-0.4579end2.09_8.30_5.77_12.65_-118.96_-17.68_22.44_-9.81_-36.94_0.1489_0.3619_-0.7982_-0.4579end2.81_8.30_6.11_12.65_-118.96_-17.68_22.44_-9.81_-36.94_0.1418_0.3558_-0.7997_-0.4623end2.81_8.30_6.11_12.42_-97.25_-21.26_21.37_-9.50_-36.94_0.1418_0.3558_-0.7997_-0.4623end4.09_8.30_5.77_12.42_-97.25_-21.26_21.37_-9.50_-36.94_0.1418_0.3558_-0.7997_-0.4623end4.46_8.30_5.68_12.42_-97.25_-21.26_21.69_-9.50_-37.88_0,24.1293564,120.7289394,115.69999694824219
709,.1418_0.3558_-0.7997_-0.4623end4.46_8.30_5.68_12.42_-97.25_-21.26_20.25_-9.50_-36.94_0.1329_0.3454_-0.8021_-0.4686end4.36_8.23_5.04_12.31_-27.19_-24.62_20.25_-9.50_-36.94_0.1324_0.3423_-0.8027_-0.4700end,24.1293564,120.7289394,115.69999694824219
710,,24.1293564,120.7289394,115.69999694824219
711,,24.1293564,120.7289394,115.69999694824219
712,,24.1293564,120.7289394,115.69999694824219
713,,24.1293564,120.7289394,115.69999694824219
714,,24.1293564,120.7289394,115.69999694824219
715,,24.1293564,120.7289394,115.69999694824219
716,,24.1293564,120.7289394,115.69999694824219
717,,24.1293564,120.7289394,115.69999694824219
718,4.15_8.16_4.98_12.31_-27.19_-24.62_20.25_-9.50_-36.94_0.1335_0.3415_-0.8028_-0.4702end3.29_8.16_4.96_12.31_-27.19_-24.62_20.25_-9.50_-36.94_0.1335_0.3415_-0.8028_-0.4702end2.60_8.20_5.12_12.31_-27.19_-24.62_20.25_-9.50_-36.94_0.1426_0.3419_-0.8021_-0.4683end2.20_8.21_5.13_15.33_126.12_-33.80_21.00_-9.81_-37.88_0.1426_0.3419_-0.8,24.1293564,120.7289394,115.69999694824219
719,,24.1293564,120.7289394,115.69999694824219
720,,24.1293564,120.7289394,115.69999694824219
721,,24.1293564,120.7289394,115.69999694824219
722,,24.1293564,120.7289394,115.69999694824219
723,,24.1293564,120.7289394,115.69999694824219
724,,24.1293564,120.7289394,115.69999694824219
725,,24.1293564,120.7289394,115.69999694824219
726,,24.1293564,120.7289394,115.69999694824219
727,,24.1293564,120.7289394,115.69999694824219
728,,24.1293564,120.7289394,115.69999694824219
729,,24.1293564,120.7289394,115.69999694824219
730,021_-0.4683end2.20_8.21_5.13_15.55_143.58_-34.80_21.00_-9.81_-37.88_0.1532_0.3443_-0.8010_-0.4653end1.20_8.23_5.21_15.55_143.58_-34.80_22.81_-9.19_-36.44_0.1593_0.3459_-0.8002_-0.4634end0.45_8.23_5.16_15.55_143.58_-34.80_22.81_-9.19_-36.44_0.1657_0.3477_-0.7993_-0.4613end-0.07_8.34_5.02_16.45_167.63_-33.80_22.81_-9.19_-36.44_0.1657_0.3477_-0.7993_-0.4613end-0.07_8.34_5.02_16.45_167.63_-33.80_23.94_-9.13_-35.50_0.1793_0.3517_-0.7971_-0.4569end-0.07_8.34_5.02_17.35_168.98_-32.56_23.94_-9.13_-35.50_0.1860_0.3537_-0.7960_-0.4547end,24.1293564,120.7289394,115.69999694824219
731,-0.07_8.34_5.02_18.02_165.96_-31.45_23.94_-9.13_-35.50_0.1993_0.3577_-0.7935_-0.4503end-0.07_8.34_5.02_19.36_150.07_-30.55_23.94_-9.13_-35.50_0.2055_0.3594_-0.7922_-0.4483end-2.84_8.45_4.95_19.36_150.07_-30.55_25.81_-9.38_-32.75_0.2055_0.3594_-0.7922_-0.4483end-2.84_8.45_4.95_19.70_137.53_-29.77_25.81_-9.38_-32.75_0.2215_0.3633_-0.7889_-0.4434end-3.11_8.43_4.80_19.70_137.53_-29.77_25.81_-9.38_-32.75_0.2255_0.3640_-0.7880_-0.4424end-2.98_8.48_4.73_19.70_137.53_-29.77_28.00_-9.38_-32.31_0.2255_0.3640_-0.7880_-0.4424end-2.95_8.48_4.70_19.92_55.51_-22.60_28.00_-9.38_-32.31_0.2255_0.3640_-0.7880_-0.4424end-2.95_8.48_4.70_19.92_55.51_-22.60_28.00_-9.38_-32.31_0.2365_0.3641_-0.7856_-0.4407end-2.65_8.49_4.90_19.92_55.51_-22.60_28.00_-9.31_-31.31_0.2382_0.3636_-0.7853_-0.4408end-2.13_8.55_5.22_19.92_55.51_-22.60_28.00_-9.31_-31.31_0.2396_0.3631_-0.7850_-0.4410end-1.92_8.59_5.38_21.26_16.34_-19.25_29.12_-9.69_-30.50_0.2396_0.3631_-0.7850_-0.4410end-1.92_8.59_5.38_20.81_14.21_-18.46_29.12_-10.00_-30.94_0.2396_0.3631_-0.7850_-0.4410end-1.46_8.58_5.59_20.81_14.21_-18.46_29.12_-10.00_-30.94_0.2444_0.3605_-0.7840_-0.4423end-1.43_8.57_5.55_20.93_16.79_-17.01_29.50_-9.00_-30.50_0.2444_0.3605_-0,24.1293564,120.7289394,115.69999694824219
732,.7840_-0.4423end-1.48_8.57_5.56_21.60_22.49_-16.45_29.50_-9.00_-30.50_0.2482_0.3590_-0.7830_-0.4431end-1.54_8.61_5.54_21.60_22.49_-16.45_29.44_-9.69_-32.31_0.2497_0.3586_-0.7826_-0.4434end-1.63_8.61_5.58_21.60_22.49_-16.45_29.44_-9.69_-32.31_0.2512_0.3583_-0.7822_-0.4435end-1.80_8.64_5.71_21.60_22.49_-16.45_29.44_-9.69_-32.31_0.2527_0.3580_-0.7817_-0.4437end-1.80_8.64_5.71_22.83_27.31_-15.33_31.31_-9.31_-30.88_0.2527_0.3580_-0.7817_-0.4437end-1.80_8.64_5.71_22.83_27.31_-15.33_31.31_-9.31_-30.88_0.2559_0.3574_-0.7807_-0.4441end,24.1293564,120.7289394,115.69999694824219
733,,24.1293564,120.7289394,115.69999694824219
734,,24.1293564,120.7289394,115.69999694824219
735,,24.1293564,120.7289394,115.69999694824219
736,,24.1293564,120.7289394,115.69999694824219
737,,24.1293564,120.7289394,115.69999694824219
738,,24.1293564,120.7289394,115.69999694824219
739,-2.00_8.65_5.98_22.83_27.31_-15.33_31.31_-9.31_-30.88_0.2574_0.3571_-0.7802_-0.4444end-2.00_8.65_5.98_22.83_27.31_-15.33_28.38_-10.69_-30.50_0.2574_0.3571_-0.7802_-0.4444end-2.07_8.66_6.01_22.83_27.31_-15.33_28.38_-10.69_-30.50_0.2574_0.3571_-0.7802_-0.4444end-2.07_8.66_6.01_22.83_27.31_-15.33_28.38_-10.69_-30.50_0.2628_0.3546_-,24.1293564,120.7289394,115.69999694824219
740,0.7782_-0.4468end-1.95_8.70_5.97_22.83_27.31_-15.33_30.56_-10.00_-30.00_0.2628_0.3546_-0.7782_-0.4468end-1.95_8.70_5.97_25.18_-6.15_-11.30_30.56_-10.00_-30.00_0.2639_0.3531_-0.7776_-0.4483end-1.74_8.65_5.83_25.18_-6.15_-11.30_30.56_-10.00_-30.00_0.2642_0.3522_-0.7774_-0.4492end-1.43_8.67_5.76_25.18_-6.15_-11.30_30.56_-10.00_-30.00_0.2642_0.3522_-0.7774_-0.4492end-1.43_8.67_5.76_27.31_-13.54_-10.97_30.56_-10.00_-30.00_0.2648_0.3495_-0.7768_-0.4520end-0.77_8.65_5.42_27.31_-13.54_-10.97_30.56_-10.00_-30.00_0.2648_0.3495_-0.7768_-0.4520end,24.1293564,120.7289394,115.69999694824219
741,,24.1293564,120.7289394,115.69999694824219
742,,24.1293564,120.7289394,115.69999694824219
743,,24.1293564,120.7289394,115.69999694824219
744,,24.1293564,120.7289394,115.69999694824219
745,-0.50_8.63_5.38_27.31_-13.54_-10.97_30.56_-10.00_-30.00_0.2648_0.3495_-0.7768_-0.4520end-0.43_8.65_5.23_27.31_-13.54_-10.97_30.19_-10.00_-31.31_0.2648_0.3495_-0.7768_-0.4520end-0.35_8.62_5.15_27.31_-13.54_-10.97_30.19_-10.00_-31.31_0.2671_0.3452_-0.7752_-0.4567end-0.23_8.62_5.05_27.31_-13.54_-10.97_30.19_-10.00_-31.31_0.2680_0.3,24.1293564,120.7289394,115.69999694824219
746,446_-0.7748_-0.4573end-0.14_8.65_4.93_27.31_-13.54_-10.97_30.19_-10.00_-31.31_0.2692_0.3441_-0.7742_-0.4579end-0.13_8.62_4.77_28.42_22.38_-11.53_30.19_-10.00_-31.31_0.2692_0.3441_-0.7742_-0.4579end-0.14_8.65_4.54_28.42_22.38_-11.53_30.19_-9.63_-29.50_0.2736_0.3433_-0.7722_-0.4594end-0.11_8.62_4.37_28.42_22.38_-11.53_30.19_-9.63_-29.50_0.2753_0.3431_-0.7715_-0.4597end-0.21_8.62_4.02_28.42_22.38_-11.53_29.81_-10.31_-29.56_0.2753_0.3431_-0.7715_-0.4597end-0.21_8.66_3.61_28.42_22.38_-11.53_29.81_-10.31_-29.56_0.2753_0.3431_-0.7715_-0.4597end,24.1293564,120.7289394,115.69999694824219
747,,24.1293564,120.7289394,115.69999694824219
748,,24.1293564,120.7289394,115.69999694824219
749,,24.1293564,120.7289394,115.69999694824219
750,,24.1293564,120.7289394,115.69999694824219
751,,24.1293564,120.7289394,115.69999694824219
752,,24.1293564,120.7289394,115.69999694824219
753,-0.37_8.59_3.24_28.42_22.38_-11.53_29.81_-10.31_-29.56_0.2829_0.3428_-0.7683_-0.4606end-0.48_8.62_2.89_28.42_22.38_-11.53_29.81_-10.31_-29.56_0.2850_0.3429_-0.7675_-0.4607end-0.25_8.59_3.16_28.42_22.38_-11.53_29.81_-10.31_-29.56_0.2874_0.3431_-0.7665_-0.4607end-0.60_8.55_2.97_28.54_56.85_-13.32_29.81_-10.31_-29.56_0.2874_0.3431_,24.1293564,120.7289394,115.69999694824219
754,-0.7665_-0.4607end-0.82_8.58_2.88_29.66_60.65_-13.20_29.81_-10.31_-29.56_0.2953_0.3441_-0.7632_-0.4604end-0.76_8.57_3.13_29.66_60.65_-13.20_29.81_-10.31_-29.56_0.2984_0.3444_-0.7619_-0.4603end-0.68_8.89_3.93_29.66_60.65_-13.20_31.69_-10.94_-27.25_0.2984_0.3444_-0.7619_-0.4603end-0.68_8.89_3.93_33.80_63.67_-16.23_30.94_-10.31_-27.75_0.2984_0.3444_-0.7619_-0.4603end-0.68_8.89_3.93_33.80_63.67_-16.23_32.44_-10.94_-26.37_0.3074_0.3454_-0.7581_-0.4600end-0.27_8.78_5.00_33.80_63.67_-16.23_32.44_-10.94_-26.37_0.3132_0.3458_-0.7555_-0.4598end,24.1293564,120.7289394,115.69999694824219
755,,24.1293564,120.7289394,115.69999694824219
756,,24.1293564,120.7289394,115.69999694824219
757,,24.1293564,120.7289394,115.69999694824219
758,,24.1293564,120.7289394,115.69999694824219
759,,24.1293564,120.7289394,115.69999694824219
760,-0.27_8.78_5.00_32.34_67.03_-16.00_32.44_-10.94_-26.37_0.3162_0.3461_-0.7543_-0.4597end-0.50_8.76_4.70_32.34_67.03_-16.00_32.44_-10.94_-26.37_0.3162_0.3461_-0.7543_-0.4597end-0.50_8.76_4.70_32.01_91.65_-15.89_32.44_-10.94_-26.37_0.3262_0.3478_-0.7498_-0.4586end-1.20_8.70_3.81_32.01_91.65_-15.89_32.44_-10.94_-26.37_0.3303_0.3487_-0.7480_-0.4579end-1.63_8.75_3.69_33.24_107.32_-15.78_32.44_-10.94_-26.37_0.3303_0.3487_-0.7480_-0.4579end-1.63_8.75_3.69_34.24_111.35_-15.89_34.25_-11.56_-24.50_0.3303_0.3487_-0.7480_-0.4579end-2.18_8.72_3.57_34.24_111.35_-15.89_34.25_-11.56_-24.50_0.3478_0.3532_-0.7399_-0.4548end-2.46_8.74_3.58_34.24_111.35_-15.89_34.19_-10.56,24.1293564,120.7289394,115.69999694824219
761,_-24.00_0.3522_0.3543_-0.7377_-0.4540end-2.46_8.74_3.58_36.48_107.43_-13.65_34.19_-10.56_-24.00_0.3522_0.3543_-0.7377_-0.4540end-2.46_8.74_3.58_36.48_107.43_-13.65_34.19_-10.56_-24.00_0.3608_0.3564_-0.7335_-0.4526end,24.1293564,120.7289394,115.69999694824219
762,,24.1293564,120.7289394,115.69999694824219
763,,24.1293564,120.7289394,115.69999694824219
764,,24.1293564,120.7289394,115.69999694824219
765,,24.1293564,120.7289394,115.69999694824219
766,,24.1293564,120.7289394,115.69999694824219
767,-2.46_8.74_3.58_36.59_99.93_-11.97_34.19_-10.56_-24.00_0.3648_0.3575_-0.7313_-0.4520end-3.90_8.93_3.70_36.59_99.93_-11.97_36.44_-11.19_-22.62_0.3648_0.3575_-0.7313_-0.4520end-3.90_8.93_3.70_35.14_84.94_-8.84_36.44_-11.19_-22.62_0.3759_0.3602_-0.7252_-0.4506end-4.61_8.88_2.20_34.13_78.89_-7.39_36.44_-11.19_-22.62_0.3759_0.3602_-0.7252_-0.4506end-4.61_8.88_2.20_32.34_66.25_-5.15_36.44_-11.88_-19.87_0.3822_0.3616_-0.7216_-0.4500end-4.61_8.88_2.20_32.34_66.25_-5.15_36.44_-11.88_-19.87_0.3876_0.3626_-0.7184_-0.4497end-4.83_8.84_0.62_32.34_66.25_-5.15_36.44_-11.88_-19.87_0.3898_0.3630_-0.7170_-0.4498end-4.40_8.84_0.21_32.34_66.25_-5.15_36.44_-11.88_-19.87_0.,24.1293564,120.7289394,115.69999694824219
768,3898_0.3630_-0.7170_-0.4498end-4.14_8.88_0.28_32.45_14.32_-1.45_37.56_-11.88_-20.37_0.3898_0.3630_-0.7170_-0.4498end-3.67_8.92_0.38_33.35_1.23_-1.12_37.56_-11.88_-20.37_0.3953_0.3624_-0.7129_-0.4519end,24.1293564,120.7289394,115.69999694824219
769,,24.1293564,120.7289394,115.69999694824219
770,,24.1293564,120.7289394,115.69999694824219
771,,24.1293564,120.7289394,115.69999694824219
772,,24.1293564,120.7289394,115.69999694824219
773,,24.1293564,120.7289394,115.69999694824219
774,,24.1293564,120.7289394,115.69999694824219
775,-2.90_8.96_0.73_33.35_1.23_-1.12_36.81_-12.56_-20.37_0.3953_0.3624_-0.7129_-0.4519end-2.04_8.96_1.22_33.35_1.23_-1.12_36.81_-12.56_-20.37_0.3953_0.3624_-0.7129_-0.4519end-1.66_8.99_1.37_32.12_-20.48_-0.67_36.81_-12.56_-20.37_0.3953_0.3624_-0.7129_-0.4519end-1.66_8.99_1.37_32.12_-20.48_-0.67_36.81_-12.56_-20.37_0.3956_0.3578_-0.7112_-0.4579end-0.85_9.00_1.52_32.12_-20.48_-0.67_36.81_-12.56_-20.37_0.3960_0.3571_-0.7107_-0.4589end-0.62_8.98_1.34_32.12_-20.48_-0.67_36.81_-12.56_-20.37_0.3960_0.3571_-0.7107_-0.4589end-0.76_9.02_1.16_29.32_27.31_-2.01_36.81_-12.56_-20.37_0.3960_0.3571_-0.7107_-0.4589end-0.91_9.01_1.14_29.32_46.11_-2.57_36.81_-12.56_-20.37_0.4012_0.3567_-0.7067_-0.4608end-1.41_9.04_1.17_29.32_46.11_-2.57_36.81_-12.56_-20.37_0.4033_0.3571_-0.7053_-0.4609end-1.61_9.06_1.28_29.66_53.16_-2.57_36.81_-12.56_-20.37_0.4033_0.3571_-0.7053_-0.4609end,24.1293564,120.7289394,115.69999694824219
776,,24.1293564,120.7289394,115.69999694824219
777,,24.1293564,120.7289394,115.69999694824219
778,,24.1293564,120.7289394,115.69999694824219
779,,24.1293564,120.7289394,115.69999694824219
780,,24.1293564,120.7289394,115.69999694824219
781,,24.1293564,120.7289394,115.69999694824219
782,-1.61_9.06_1.28_29.21_49.13_-3.02_37.56_-13.50_-18.06_0.4033_0.3571_-0.7053_-0.4609end-1.96_9.09_1.59_29.21_49.13_-3.02_37.56_-13.50_-18.06_0.4114_0.3585_-0.6996_-0.4611end-1.89_9.10_1.71_29.21_49.13_-3.02_37.56_-13.50_-18.06_0.4131_0.3586_-0.6985_-0.4613end-1.53_9.09_1.84_29.21_49.13_-3.02_37.94_-12.81_-18.00_0.4131_0.3586_-0.6985_-0.4613end-1.53_9.09_1.84_28.09_16.11_-3.58_37.94_-12.81_-18.00_0.4166_0.3580_-0.6958_-0.4627end-1.05_9.12_1.88_28.09_16.11_-3.58_37.94_-13.19_-17.56_0.4166_0.3580_-0.6958_-0.4627end-1.05_9.12_1.88_27.75_1.34_-3.92_37.94_-13.19_-17.56_0.4173_0.3574_-0.6953_-0.4634end-1.05_9.12_1.88_27.98_-2.24_-4.14_37.94_-13.19_-17.56_0.4182_0.3560_-0.6943_-0.4650end-1.05_9.12_1.88_27.98_1.79_-5.48_37.94_-13.19_-17.56_0.4188_0.3554_-0.6938_-0.4658end0.50_9.09_1.45_27.98_1.79_-5.48_37.88_-13.88_-18.94_0.4188_0.3554_-0.6938_-0.4658end,24.1293564,120.7289394,115.69999694824219
783,,24.1293564,120.7289394,115.69999694824219
784,,24.1293564,120.7289394,115.69999694824219
785,,24.1293564,120.7289394,115.69999694824219
786,,24.1293564,120.7289394,115.69999694824219
787,,24.1293564,120.7289394,115.69999694824219
788,,24.1293564,120.7289394,115.69999694824219
789,,24.1293564,120.7289394,115.69999694824219
790,0.50_9.09_1.45_28.20_7.83_-6.60_37.88_-13.88_-18.94_0.4204_0.3542_-0.6926_-0.4670end0.50_9.09_1.45_28.20_7.83_-6.60_37.19_-13.19_-16.69_0.4216_0.3539_-0.6918_-0.4673end0.09_9.09_1.40_28.20_7.83_-6.60_37.19_-13.19_-16.69_0.4249_0.3538_-0.6896_-0.4677end-0.20_9.11_1.27_27.86_56.29_-9.74_37.19_-13.19_-16.69_0.4249_0.3538_-0.6896_-0.4677end-0.20_9.11_1.27_27.86_56.29_-9.74_37.19_-13.19_-16.69_0.4315_0.3544_-0.6854_-0.4672end-1.49_9.09_0.96_27.86_56.29_-9.74_37.19_-13.19_-16.69_0.4340_0.3549_-0.6839_-0.4669end-1.67_9.12_0.83_27.53_64.57_-11.41_37.19_-13.19_-16.69_0.4340_0.3549_-0.6839_-0.4669end-1.67_9.12_0.83_27.53_64.57_-11.41_37.19_-13.19_-16.69_0.4417_0.3560_-0.6791_-0.4658end-2.02_9.12_0.70_27.53_64.57_-11.41_37.19_-13.19_-16.69_0.4440_0.3563_-0.6777_-0.4655end-2.61_3.52_0.66_27.53_64.57_-11.41_37.19_-13.19_-16.69_0.4461_0.3564_-0.6763_-0.4653end,24.1293564,120.7289394,115.69999694824219
791,,24.1293564,120.7289394,115.69999694824219
792,,24.1293564,120.7289394,115.69999694824219
793,,24.1293564,120.7289394,115.69999694824219
794,,24.1293564,120.7289394,115.69999694824219
795,,24.1293564,120.7289394,115.69999694824219
796,-0.25_18.25_1.11_25.18_45.66_-10.63_37.19_-13.19_-16.69_0.4500_0.3565_-0.6738_-0.4651end-3.35_9.14_1.28_25.18_45.66_-10.63_38.69_-13.13_-14.38_0.4519_0.3564_-0.6727_-0.4650end-2.38_9.04_0.80_25.18_45.66_-10.63_38.69_-13.13_-14.38_0.4519_0.3564_-0.6727_-0.4650end-3.39_9.22_0.98_25.85_28.65_-9.96_38.69_-13.13_-14.38_0.4567_0.3561_,24.1293564,120.7289394,115.69999694824219
797,-0.6697_-0.4650end-2.04_9.12_-0.45_25.85_28.65_-9.96_38.69_-13.50_-14.81_0.4579_0.3558_-0.6689_-0.4651end-3.54_9.13_-0.55_25.85_28.65_-9.96_38.69_-13.50_-14.81_0.4592_0.3555_-0.6681_-0.4652end-2.81_9.09_-0.98_25.85_28.65_-9.96_38.69_-13.50_-14.81_0.4592_0.3555_-0.6681_-0.4652end-2.21_9.16_-0.53_23.28_27.75_-10.18_38.69_-13.50_-14.81_0.4592_0.3555_-0.6681_-0.4652end-1.17_9.17_-0.18_23.28_27.75_-10.18_39.75_-13.06_-12.94_0.4592_0.3555_-0.6681_-0.4652end-2.21_9.13_-0.43_23.28_27.75_-10.18_39.75_-13.06_-12.94_0.4592_0.3555_-0.6681_-0.4652end,24.1293564,120.7289394,115.69999694824219
798,,24.1293564,120.7289394,115.69999694824219
799,,24.1293564,120.7289394,115.69999694824219
800,,24.1293564,120.7289394,115.69999694824219
801,,24.1293564,120.7289394,115.69999694824219
802,,24.1293564,120.7289394,115.69999694824219
803,,24.1293564,120.7289394,115.69999694824219
804,-1.71_9.16_-0.10_23.28_27.75_-10.18_39.75_-13.06_-12.94_0.4592_0.3555_-0.6681_-0.4652end-2.41_9.16_-0.07_23.28_27.75_-10.18_39.75_-12.37_-13.38_0.4592_0.3555_-0.6681_-0.4652end-2.41_9.16_-0.07_23.28_27.75_-10.18_39.75_-12.37_-13.38_0.4719_0.3538_-0.6602_-0.4651end-2.77_9.27_0.57_23.28_27.75_-10.18_39.75_-12.37_-13.38_0.4733_0.3538_-0.6592_-0.4650end-2.45_9.24_0.98_23.28_27.75_-10.18_39.38_-13.81_-13.44_0.4748_0.3538_-0.6583_-0.4648end-2.84_9.21_0.71_18.46_30.77_-9.85_39.38_-13.81_-13.44_0.4775_0.3536_-0.6566_-0.4646end-2.70_9.21_0.83_18.46_30.77_-9.85_39.38_-13.81_-13.44_0.4788_0.3535_-0.6558_-0.4645end-2.67_9.21_1.08_19.58_22.38_-10.07_39.38_-13.81_-13.44_0.4799_0.3532_-0.6551_-0.4645end-2.63_9.21_0.98_19.58_22.38_-10.07_39.81_-12.75_-12.00_0.4799_0.3532_-0.6551_-0.4645end-2.36_9.19_1.07_19.92_19.14_-10.85_39.81_-12.75_-12.00_0.4799_0.3532_-0.6551_-0.4645end,24.1293564,120.7289394,115.69999694824219
805,,24.1293564,120.7289394,115.69999694824219
806,,24.1293564,120.7289394,115.69999694824219
807,,24.1293564,120.7289394,115.69999694824219
808,,24.1293564,120.7289394,115.69999694824219
809,,24.1293564,120.7289394,115.69999694824219
810,,24.1293564,120.7289394,115.69999694824219
811,-2.36_9.19_1.07_19.92_19.14_-10.85_40.94_-12.31_-9.75_0.4842_0.3518_-0.6525_-0.4648end-2.21_9.18_1.33_19.92_19.14_-10.85_40.94_-12.31_-9.75_0.4842_0.3518_-0.6525_-0.4648end-2.14_9.19_1.42_21.04_15.67_-9.96_40.94_-12.31_-9.75_0.4842_0.3518_-0.6525_-0.4648end-2.14_9.19_1.42_21.26_12.31_-9.96_39.81_-13.06_-10.63_0.4842_0.3518_-0.6525_-0.4648end-2.14_9.19_1.42_21.60_5.15_-10.07_39.81_-13.06_-10.63_0.4887_0.3493_-0.6497_-0.4659end-2.06_9.19_1.33_21.60_5.15_-10.07_39.81_-13.06_-10.63_0.4893_0.3486_-0.6493_-0.4662end-1.57_9.13_0.96_21.60_5.15_-10.07_39.81_-13.06_-10.63_0.4893_0.3486_-0.6493_-0.4662end-1.25_9.09_0.89_21.60_5.15_-10.07_40.88_-12.37_-10.63_0.490,24.1293564,120.7289394,115.69999694824219
812,5_0.3470_-0.6487_-0.4670end-1.08_9.08_0.84_21.93_-0.78_-12.87_40.88_-12.37_-10.63_0.4905_0.3470_-0.6487_-0.4670end-0.72_9.08_0.73_21.93_-0.78_-12.87_40.88_-12.37_-10.63_0.4916_0.3453_-0.6483_-0.4678end,24.1293564,120.7289394,115.69999694824219
813,,24.1293564,120.7289394,115.69999694824219
814,,24.1293564,120.7289394,115.69999694824219
815,,24.1293564,120.7289394,115.69999694824219
816,,24.1293564,120.7289394,115.69999694824219
817,,24.1293564,120.7289394,115.69999694824219
818,,24.1293564,120.7289394,115.69999694824219
819,-0.72_9.08_0.73_22.38_3.92_-13.09_40.88_-12.37_-10.63_0.4916_0.3453_-0.6483_-0.4678end-0.72_9.08_0.73_22.38_3.92_-13.09_40.19_-12.37_-10.63_0.4929_0.3437_-0.6476_-0.4685end-0.72_9.08_0.73_23.72_7.39_-13.20_40.19_-12.37_-10.63_0.4929_0.3437_-0.6476_-0.4685end-0.72_9.08_0.73_23.72_7.39_-13.20_40.50_-13.38_-11.56_0.4944_0.3422_-0.6469_-0.4691end-0.72_9.08_0.73_24.17_11.30_-13.99_40.50_-13.38_-11.56_0.4977_0.3403_-0.6450_-0.4695end-0.97_9.01_0.99_24.51_36.71_-17.12_40.50_-13.38_-11.56_0.4977_0.3403_-0.6450_-0.4695end-1.37_9.04_1.12_24.51_36.71_-17.12_40.50_-13.38_-11.56_0.4993_0.3400_-0.6440_-0.4694end-1.73_9.01_1.14_25.40_45.32_-17.46_40.50_-13.38_-11.56_,24.1293564,120.7289394,115.69999694824219
820,0.4993_0.3400_-0.6440_-0.4694end-2.04_8.98_1.10_25.40_45.32_-17.46_40.19_-12.69_-8.38_0.5070_0.3393_-0.6392_-0.4683end-2.80_9.03_1.10_25.40_45.32_-17.46_40.19_-12.69_-8.38_0.5089_0.3391_-0.6379_-0.4681end,24.1293564,120.7289394,115.69999694824219
821,,24.1293564,120.7289394,115.69999694824219
822,,24.1293564,120.7289394,115.69999694824219
823,,24.1293564,120.7289394,115.69999694824219
824,,24.1293564,120.7289394,115.69999694824219
825,,24.1293564,120.7289394,115.69999694824219
826,,24.1293564,120.7289394,115.69999694824219
827,-3.39_9.00_0.85_26.86_37.15_-17.68_40.19_-12.69_-8.38_0.5089_0.3391_-0.6379_-0.4681end-3.53_9.00_0.82_26.86_37.15_-17.68_40.88_-12.31_-10.13_0.5126_0.3385_-0.6356_-0.4678end-3.74_8.97_0.70_26.97_32.79_-18.13_40.88_-12.31_-10.13_0.5126_0.3385_-0.6356_-0.4678end-3.63_9.01_0.58_26.97_32.79_-18.13_40.88_-12.31_-10.13_0.5173_0.3369_-,24.1293564,120.7289394,115.69999694824219
828,0.6327_-0.4676end-3.49_9.00_0.73_26.97_32.79_-18.13_40.88_-12.31_-10.13_0.5173_0.3369_-0.6327_-0.4676end-3.27_9.02_0.66_26.97_32.79_-18.13_42.00_-12.31_-8.75_0.5173_0.3369_-0.6327_-0.4676end-3.14_8.95_0.65_27.42_1.57_-17.12_42.00_-12.31_-8.75_0.5173_0.3369_-0.6327_-0.4676end-3.14_8.95_0.65_26.63_-3.36_-17.46_42.00_-12.31_-8.75_0.5217_0.3319_-0.6305_-0.4691end-2.87_8.93_0.18_26.63_-3.36_-17.46_40.56_-12.31_-7.37_0.5224_0.3307_-0.6302_-0.4695end-2.40_8.84_-0.18_26.86_-1.34_-17.79_40.56_-12.31_-7.37_0.5224_0.3307_-0.6302_-0.4695end,24.1293564,120.7289394,115.69999694824219
829,,24.1293564,120.7289394,115.69999694824219
830,,24.1293564,120.7289394,115.69999694824219
831,,24.1293564,120.7289394,115.69999694824219
832,,24.1293564,120.7289394,115.69999694824219
833,,24.1293564,120.7289394,115.69999694824219
834,-2.23_8.87_-0.16_27.42_0.45_-18.35_40.56_-12.31_-7.37_0.5246_0.3274_-0.6294_-0.4706end-2.04_8.84_-0.13_27.42_0.45_-18.35_40.56_-12.31_-7.37_0.5255_0.3262_-0.6290_-0.4709end-2.02_8.84_-0.17_27.42_0.45_-18.35_40.56_-12.31_-7.37_0.5265_0.3253_-0.6285_-0.4713end-2.21_8.85_-0.15_28.76_12.87_-19.14_40.56_-12.31_-7.37_0.5265_0.3253_-0.6285_-0.4713end-2.66_8.79_-0.33_28.42_19.02_-19.36_43.13_-12.63_-8.31_0.5265_0.3253_-0.6285_-0.4713end-2.98_8.80_-0.28_28.42_19.02_-19.36_43.13_-12.63_-8.31_0.5316_0.3220_-0.6255_-0.4717end-3.44_9.01_-0.39_28.42_19.02_-19.36_43.13_-12.63_-8.31_0.5331_0.3214_-0.6245_-0.4717end-4.54_8.82_-0.46_28.42_19.02_-19.36_43.13_-12.63_-8.31,24.1293564,120.7289394,115.69999694824219
835,_0.5331_0.3214_-0.6245_-0.4717end-4.85_8.89_-0.45_28.65_23.95_-18.58_42.00_-12.31_-7.37_0.5331_0.3214_-0.6245_-0.4717end-5.10_8.83_-0.55_29.21_20.14_-18.13_42.00_-12.31_-7.37_0.5391_0.3187_-0.6207_-0.4717end,24.1293564,120.7289394,115.69999694824219
836,,24.1293564,120.7289394,115.69999694824219
837,,24.1293564,120.7289394,115.69999694824219
838,,24.1293564,120.7289394,115.69999694824219
839,,24.1293564,120.7289394,115.69999694824219
840,,24.1293564,120.7289394,115.69999694824219
841,-5.50_8.88_-0.46_29.21_20.14_-18.13_41.69_-11.94_-7.87_0.5391_0.3187_-0.6207_-0.4717end-5.83_8.91_-0.42_29.21_20.14_-18.13_41.69_-11.94_-7.87_0.5415_0.3171_-0.6192_-0.4720end-5.96_8.88_-0.41_29.10_9.06_-16.56_41.69_-11.94_-7.87_0.5435_0.3152_-0.6180_-0.4727end-6.15_8.89_-0.43_29.10_9.06_-16.56_41.69_-11.94_-7.87_0.5443_0.3142_-0.6175_-0.4730end-6.26_8.92_-0.41_28.65_-4.03_-13.76_41.69_-11.94_-7.87_0.5449_0.3131_-0.6171_-0.4735end-6.46_8.89_-0.61_28.65_-4.03_-13.76_41.69_-11.25_-6.44_0.5449_0.3131_-0.6171_-0.4735end-6.46_8.89_-0.61_27.86_-13.32_-12.09_42.00_-11.94_-6.94_0.5449_0.3131_-0.6171_-0.4735end-6.46_8.89_-0.61_27.75_-13.65_-12.20_42.00_-11.94_-6,24.1293564,120.7289394,115.69999694824219
842,.94_0.5463_0.3082_-0.6165_-0.4761end-6.53_8.91_-1.32_27.75_-13.65_-12.20_41.31_-10.94_-7.37_0.5465_0.3069_-0.6163_-0.4767end-6.48_8.91_-1.52_27.75_-13.65_-12.20_41.31_-10.94_-7.37_0.5467_0.3057_-0.6162_-0.4775end,24.1293564,120.7289394,115.69999694824219
843,,24.1293564,120.7289394,115.69999694824219
844,,24.1293564,120.7289394,115.69999694824219
845,,24.1293564,120.7289394,115.69999694824219
846,,24.1293564,120.7289394,115.69999694824219
847,,24.1293564,120.7289394,115.69999694824219
848,-6.55_8.89_-1.47_27.75_-13.65_-12.20_42.38_-11.56_-6.87_0.5467_0.3057_-0.6162_-0.4775end-6.55_8.89_-1.47_28.98_-13.99_-6.60_42.38_-11.56_-6.87_0.5470_0.3032_-0.6160_-0.4790end-6.77_8.85_-0.94_28.98_-13.99_-6.60_41.69_-10.56_-8.31_0.5470_0.3032_-0.6160_-0.4790end-6.75_8.96_-0.45_28.98_-13.99_-6.60_41.69_-10.56_-8.31_0.5474_0.2997_-0.6153_-0.4816end-6.73_9.01_0.59_28.98_-13.99_-6.60_41.69_-10.56_-8.31_0.5474_0.2997_-0.6153_-0.4816end-6.30_8.95_1.62_28.98_-13.99_-6.60_41.69_-10.56_-8.31_0.5474_0.2997_-0.6153_-0.4816end-6.30_8.95_1.62_28.98_-13.99_-6.60_41.69_-10.56_-8.31_0.5471_0.2947_-0.6148_-0.4857end-5.39_8.95_1.54_28.98_-13.99_-6.60_41.69_-10.56_-8.31,24.1293564,120.7289394,115.69999694824219
849,_0.5467_0.2933_-0.6149_-0.4868end-4.98_8.84_0.37_28.98_-13.99_-6.60_41.69_-10.56_-8.31_0.5467_0.2933_-0.6149_-0.4868end-4.80_8.79_-0.43_27.19_-29.88_-1.12_42.38_-10.94_-7.37_0.5467_0.2933_-0.6149_-0.4868end,24.1293564,120.7289394,115.69999694824219
850,,24.1293564,120.7289394,115.69999694824219
851,,24.1293564,120.7289394,115.69999694824219
852,,24.1293564,120.7289394,115.69999694824219
853,,24.1293564,120.7289394,115.69999694824219
854,,24.1293564,120.7289394,115.69999694824219
855,,24.1293564,120.7289394,115.69999694824219
856,-4.80_8.79_-0.43_26.52_-25.74_-0.56_42.38_-10.94_-7.37_0.5454_0.2893_-0.6153_-0.4902end-4.80_8.79_-0.43_26.52_-25.74_-0.56_42.38_-10.94_-7.37_0.5450_0.2881_-0.6154_-0.4912end-4.80_8.68_-4.23_27.08_-23.50_-0.22_42.38_-10.94_-7.37_0.5450_0.2881_-0.6154_-0.4912end-4.80_8.68_-4.23_27.08_-23.50_-0.22_41.69_-11.25_-8.31_0.5445_0.2858_-0.6153_-0.4933end-4.78_8.80_-3.66_29.88_-18.02_0.22_41.69_-11.25_-8.31_0.5445_0.2858_-0.6153_-0.4933end-4.87_8.85_-3.14_29.88_-18.02_0.22_41.69_-11.25_-8.31_0.5439_0.2814_-0.6144_-0.4974end-4.93_8.84_-3.14_26.97_-14.32_1.12_41.69_-11.25_-8.31_0.5439_0.2814_-0.6144_-0.4974end-5.01_8.86_-3.20_25.07_-12.98_1.68_41.69_-11.25_-8.31_0.5439_0.2814_-0.6144_-0.4974end-5.01_8.86_-3.20_22.94_-12.09_2.80_41.69_-11.63_-6.94_0.5437_0.2789_-0.6136_-0.5001end-5.31_8.82_-3.46_22.94_-12.09_2.80_41.69_-11.63_-6.94_0.5435_0.2773_-0.6130_-0.5019end,24.1293564,120.7289394,115.69999694824219
857,,24.1293564,120.7289394,115.69999694824219
858,,24.1293564,120.7289394,115.69999694824219
859,,24.1293564,120.7289394,115.69999694824219
860,,24.1293564,120.7289394,115.69999694824219
861,,24.1293564,120.7289394,115.69999694824219
862,,24.1293564,120.7289394,115.69999694824219
863,,24.1293564,120.7289394,115.69999694824219
864,-5.30_8.83_-3.30_23.50_-18.58_4.48_41.69_-11.63_-6.94_0.5435_0.2773_-0.6130_-0.5019end-5.30_8.83_-3.30_23.50_-18.58_4.48_41.63_-12.00_-9.69_0.5430_0.2758_-0.6127_-0.5037end-5.18_8.89_-1.66_23.50_-18.58_4.48_41.63_-12.00_-9.69_0.5422_0.2740_-0.6125_-0.5057end-5.11_8.95_-1.40_22.72_-29.66_6.04_41.63_-12.00_-9.69_0.5422_0.2740_-0.6125_-0.5057end-5.03_8.92_-1.34_21.37_-32.79_6.49_41.63_-12.00_-9.69_0.5422_0.2740_-0.6125_-0.5057end-4.90_8.89_-1.40_20.03_-34.58_6.49_41.63_-12.00_-9.69_0.5392_0.2699_-0.6133_-0.5102end-4.79_8.92_-1.62_18.13_-34.58_7.16_41.63_-12.00_-9.69_0.5384_0.2689_-0.6136_-0.5112end-4.42_8.80_-2.46_18.13_-34.58_7.16_41.63_-12.00_-9.69_0.5384_0.2689_-0.6136_-0.5112end-4.42_8.80_-2.46_18.13_-34.58_7.16_42.00_-12.31_-9.25_0.5384_0.2689_-0.6136_-0.5112end-4.15_8.80_-2.50_18.13_-34.58_7.16_40.94_-12.00_-8.75_0.5384_0.2689_-0.6136_-0.5112end,24.1293564,120.7289394,115.69999694824219
865,,24.1293564,120.7289394,115.69999694824219
866,,24.1293564,120.7289394,115.69999694824219
867,,24.1293564,120.7289394,115.69999694824219
868,,24.1293564,120.7289394,115.69999694824219
869,,24.1293564,120.7289394,115.69999694824219
870,,24.1293564,120.7289394,115.69999694824219
871,-3.90_8.89_-1.70_18.13_-34.58_7.16_40.94_-12.00_-8.75_0.5384_0.2689_-0.6136_-0.5112end-3.82_8.87_-1.47_21.15_-31.22_8.50_40.94_-11.94_-8.38_0.5384_0.2689_-0.6136_-0.5112end-3.80_8.86_-1.34_20.25_-27.19_7.61_40.94_-11.94_-8.38_0.5384_0.2689_-0.6136_-0.5112end-3.74_8.89_-1.04_20.25_-27.19_7.61_40.94_-11.94_-8.38_0.5314_0.2601_-0.6152_-0.5211end-3.77_8.89_-1.05_20.25_-27.19_7.61_40.94_-11.94_-8.38_0.5308_0.2593_-0.6152_-0.5221end-3.82_8.86_-1.29_20.25_-27.19_7.61_40.94_-11.94_-8.38_0.5302_0.2585_-0.6152_-0.5231end-3.98_8.89_-1.53_18.58_-19.92_7.72_40.94_-11.94_-8.38_0.5302_0.2585_-0.6152_-0.5231end-4.07_8.88_-1.62_19.02_-16.90_7.50_41.25_-13.38_-9.25_0.5302_0.2585_-0.6152_-0.5231end-4.07_8.88_-1.62_18.80_-13.20_8.17_41.25_-13.38_-9.25_0.5286_0.2560_-0.6146_-0.5266end-4.50_8.86_-1.52_18.80_-13.20_8.17_41.25_-12.69_-9.75_0.5286_0.2560_-0.6146_-0.5266end,24.1293564,120.7289394,115.69999694824219
872,,24.1293564,120.7289394,115.69999694824219
873,,24.1293564,120.7289394,115.69999694824219
874,,24.1293564,120.7289394,115.69999694824219
875,,24.1293564,120.7289394,115.69999694824219
876,,24.1293564,120.7289394,115.69999694824219
877,,24.1293564,120.7289394,115.69999694824219
878,-4.59_8.88_-1.40_19.70_-6.83_8.62_41.25_-12.69_-9.75_0.5286_0.2560_-0.6146_-0.5266end-4.59_8.89_-1.31_19.70_-6.83_8.62_41.63_-13.38_-11.12_0.5278_0.2543_-0.6130_-0.5300end-4.61_8.89_-1.10_19.70_-6.83_8.62_41.63_-13.38_-11.12_0.5275_0.2538_-0.6127_-0.5309end-4.39_8.89_-0.87_19.70_-6.83_8.62_40.88_-13.06_-10.63_0.5272_0.2532_-0.61,24.1293564,120.7289394,115.69999694824219
879,,24.1293564,120.7289394,115.69999694824219
880,25_-0.5318end-4.20_8.89_-1.02_19.70_-6.83_8.62_39.81_-13.06_-10.19_0.5267_0.2526_-0.6124_-0.5328end-3.97_8.93_-1.04_18.24_-26.19_9.74_39.81_-13.06_-10.19_0.5267_0.2526_-0.6124_-0.5328end-3.97_8.93_-1.04_18.24_-26.19_9.74_42.00_-12.69_-10.63_0.5247_0.2503_-0.6124_-0.5358end-3.28_8.84_-1.39_18.24_-26.19_9.74_40.88_-14.06_-10.19_0.,24.1293564,120.7289394,115.69999694824219
881,,24.1293564,120.7289394,115.69999694824219
882,5239_0.2495_-0.6125_-0.5368end-2.88_8.82_-1.57_18.24_-26.19_9.74_40.88_-14.06_-10.19_0.5239_0.2495_-0.6125_-0.5368end-2.54_8.83_-1.75_19.02_-30.77_9.74_40.88_-14.06_-10.19_0.5239_0.2495_-0.6125_-0.5368end,24.1293564,120.7289394,115.69999694824219
883,,24.1293564,120.7289394,115.69999694824219
884,,24.1293564,120.7289394,115.69999694824219
885,,24.1293564,120.7289394,115.69999694824219
886,-2.54_8.83_-1.75_18.58_-28.09_9.62_41.25_-13.38_-10.63_0.5239_0.2495_-0.6125_-0.5368end-2.54_8.83_-1.75_18.58_-28.09_9.62_41.25_-13.38_-10.63_0.5201_0.2452_-0.6129_-0.5421end-2.33_8.80_-1.86_19.14_-13.99_8.28_40.19_-12.69_-11.12_0.5197_0.2446_-0.6127_-0.5429end-2.48_8.84_-1.67_19.14_-13.99_8.28_40.19_-12.69_-11.12_0.5197_0.2446_-0.6127_-0.5429end-2.60_8.82_-1.61_18.46_-3.92_8.39_39.81_-13.06_-11.12_0.5197_0.2446_-0.6127_-0.5429end-2.60_8.82_-1.61_18.46_-3.92_8.39_40.88_-13.38_-11.12_0.5190_0.2433_-0.6116_-0.5453end-2.60_8.82_-1.61_18.46_-3.92_8.39_40.88_-13.38_-11.12_0.5189_0.2428_-0.6107_-0.5467end-3.12_8.87_-1.40_18.46_-3.92_8.39_40.88_-13.38_-11.12_0.5189_0.2424_-0.6102_-0.5475end-3.18_8.87_-1.43_18.24_-4.70_7.83_40.88_-13.38_-11.12_0.5189_0.2424_-0.6102_-0.5475end-3.18_8.87_-1.43_18.24_-4.70_7.83_40.12_-14.13_-11.56_0.5185_0.2413_-0.6089_-0.5496end,24.1293564,120.7289394,115.69999694824219
887,,24.1293564,120.7289394,115.69999694824219
888,,24.1293564,120.7289394,115.69999694824219
889,,24.1293564,120.7289394,115.69999694824219
890,,24.1293564,120.7289394,115.69999694824219
891,,24.1293564,120.7289394,115.69999694824219
892,,24.1293564,120.7289394,115.69999694824219
893,-3.18_8.89_-1.67_18.24_-4.70_7.83_40.12_-14.13_-11.56_0.5184_0.2409_-0.6086_-0.5504end-3.26_8.87_-2.02_18.24_-4.70_7.83_40.12_-14.13_-11.56_0.5184_0.2409_-0.6086_-0.5504end-3.36_8.88_-2.16_17.01_-6.38_7.16_40.12_-14.13_-11.56_0.5180_0.2401_-0.6080_-0.5518end-3.36_8.88_-2.16_17.23_-5.82_7.72_40.19_-13.69_-9.31_0.5177_0.2394_-0.60,24.1293564,120.7289394,115.69999694824219
894,72_-0.5532end-3.59_8.84_-2.64_16.79_-6.04_7.72_40.19_-13.69_-9.31_0.5177_0.2394_-0.6072_-0.5532end-3.59_8.84_-2.64_16.34_-6.94_7.39_39.06_-15.13_-10.19_0.5177_0.2394_-0.6072_-0.5532end-3.52_8.87_-2.67_16.23_-10.97_7.27_39.06_-15.13_-10.19_0.5169_0.2379_-0.6060_-0.5559end-3.29_8.87_-2.62_16.23_-10.97_7.27_39.06_-15.13_-10.19_0.5166_0.2374_-0.6057_-0.5566end-3.29_8.87_-2.62_15.67_-16.34_7.16_39.06_-15.13_-10.19_0.5162_0.2369_-0.6056_-0.5574end-3.29_8.87_-2.62_15.67_-16.34_7.16_39.81_-14.44_-11.19_0.5162_0.2369_-0.6056_-0.5574end,24.1293564,120.7289394,115.69999694824219
895,,24.1293564,120.7289394,115.69999694824219
896,,24.1293564,120.7289394,115.69999694824219
897,,24.1293564,120.7289394,115.69999694824219
898,,24.1293564,120.7289394,115.69999694824219
899,,24.1293564,120.7289394,115.69999694824219
900,,24.1293564,120.7289394,115.69999694824219
901,-3.29_8.87_-2.62_15.11_-18.46_6.83_39.81_-14.44_-11.19_0.5146_0.2350_-0.6055_-0.5596end-2.13_8.83_-2.09_15.11_-18.46_6.83_39.81_-14.44_-11.19_0.5142_0.2344_-0.6055_-0.5604end-2.06_8.88_-2.06_14.66_-12.42_6.15_39.81_-14.44_-11.19_0.5142_0.2344_-0.6055_-0.5604end-2.06_8.88_-2.06_14.66_-12.42_6.15_39.81_-14.44_-11.19_0.5135_0.2331_-0.6048_-0.5623end-2.13_8.82_-1.92_14.66_-12.42_6.15_39.81_-14.44_-11.19_0.5136_0.2328_-0.6044_-0.5627end-2.37_8.88_-1.70_14.66_-12.42_6.15_39.81_-14.44_-11.19_0.5136_0.2328_-0.6044_-0.5627end-2.44_8.89_-1.68_15.67_11.19_4.25_39.81_-14.44_-11.19_0.5145_0.2328_-0.6024_-0.5641end-2.68_8.87_-1.57_15.67_11.19_4.25_40.19_-14.38_-9.31,24.1293564,120.7289394,115.69999694824219
902,_0.5150_0.2328_-0.6017_-0.5645end-2.91_8.89_-1.53_15.67_11.19_4.25_40.19_-14.38_-9.31_0.5155_0.2330_-0.6008_-0.5648end-2.95_8.91_-1.53_15.78_15.78_3.36_40.19_-14.38_-9.31_0.5155_0.2330_-0.6008_-0.5648end,24.1293564,120.7289394,115.69999694824219
903,,24.1293564,120.7289394,115.69999694824219
904,,24.1293564,120.7289394,115.69999694824219
905,,24.1293564,120.7289394,115.69999694824219
906,,24.1293564,120.7289394,115.69999694824219
907,,24.1293564,120.7289394,115.69999694824219
908,-2.98_8.88_-1.48_15.89_14.88_3.25_39.44_-13.38_-9.75_0.5155_0.2330_-0.6008_-0.5648end-2.98_8.88_-1.53_16.11_13.76_3.02_39.44_-13.38_-9.75_0.5174_0.2332_-0.5978_-0.5662end-2.96_8.88_-1.50_16.11_13.76_3.02_39.44_-13.38_-9.75_0.5178_0.2332_-0.5970_-0.5666end-2.93_8.85_-1.48_16.11_13.76_3.02_39.44_-13.38_-9.75_0.5178_0.2332_-0.5970_,24.1293564,120.7289394,115.69999694824219
909,-0.5666end-2.93_8.85_-1.48_16.11_13.76_3.02_39.44_-13.38_-9.75_0.5182_0.2332_-0.5963_-0.5670end-2.77_8.86_-1.45_16.11_13.76_3.02_39.44_-13.38_-9.75_0.5182_0.2332_-0.5963_-0.5670end-2.77_8.86_-1.45_16.11_13.76_3.02_39.81_-15.13_-10.19_0.5203_0.2332_-0.5931_-0.5684end-2.80_8.87_-1.43_16.11_13.76_3.02_39.81_-15.13_-10.19_0.5208_0.2,24.1293564,120.7289394,115.69999694824219
910,,24.1293564,120.7289394,115.69999694824219
911,,24.1293564,120.7289394,115.69999694824219
912,333_-0.5923_-0.5688end-2.74_8.86_-1.54_16.11_13.76_3.02_39.81_-15.13_-10.19_0.5208_0.2333_-0.5923_-0.5688end-2.67_8.84_-1.48_17.79_20.14_1.79_39.81_-15.13_-10.19_0.5208_0.2333_-0.5923_-0.5688end,24.1293564,120.7289394,115.69999694824219
913,,24.1293564,120.7289394,115.69999694824219
914,,24.1293564,120.7289394,115.69999694824219
915,,24.1293564,120.7289394,115.69999694824219
916,-2.68_8.83_-1.47_18.13_20.37_1.68_39.75_-15.13_-10.69_0.5208_0.2333_-0.5923_-0.5688end-2.68_8.83_-1.47_18.35_20.25_1.57_39.75_-15.13_-10.69_0.5242_0.2339_-0.5876_-0.5703end-2.54_8.81_-1.43_18.35_20.25_1.57_39.81_-14.75_-9.81_0.5249_0.2340_-0.5866_-0.5706end-2.45_8.79_-1.43_18.91_19.92_0.90_39.81_-14.75_-9.81_0.5249_0.2340_-0.586,24.1293564,120.7289394,115.69999694824219
917,6_-0.5706end-2.45_8.79_-1.48_18.91_19.92_0.90_40.50_-15.13_-10.19_0.5270_0.2343_-0.5837_-0.5715end-2.45_8.78_-1.49_18.58_25.40_0.56_40.50_-15.13_-10.19_0.5278_0.2344_-0.5826_-0.5718end-2.48_8.80_-1.44_18.58_25.40_0.56_40.50_-15.13_-10.19_0.5287_0.2347_-0.5815_-0.5720end-2.60_8.64_-1.47_18.58_25.40_0.56_40.50_-15.13_-10.19_0.5287_0.2347_-0.5815_-0.5720end-2.68_8.65_-1.46_19.81_32.45_0.34_40.50_-15.13_-10.19_0.5287_0.2347_-0.5815_-0.5720end-2.78_9.82_-1.49_20.03_33.35_0.45_40.50_-15.13_-10.19_0.5328_0.2360_-0.5765_-0.5728end,24.1293564,120.7289394,115.69999694824219
918,,24.1293564,120.7289394,115.69999694824219
919,,24.1293564,120.7289394,115.69999694824219
920,,24.1293564,120.7289394,115.69999694824219
921,,24.1293564,120.7289394,115.69999694824219
922,,24.1293564,120.7289394,115.69999694824219
923,-2.85_9.18_-1.52_20.03_33.35_0.45_40.19_-15.06_-7.94_0.5338_0.2364_-0.5751_-0.5730end-3.12_8.49_-2.01_20.03_33.35_0.45_40.19_-15.06_-7.94_0.5349_0.2368_-0.5739_-0.5732end-3.07_8.76_-2.25_20.03_33.35_0.45_40.19_-15.06_-7.94_0.5359_0.2371_-0.5726_-0.5734end-3.04_8.95_-2.52_20.37_33.57_-0.11_40.19_-15.06_-7.94_0.5359_0.2371_-0.5726,24.1293564,120.7289394,115.69999694824219
924,_-0.5734end-2.87_8.68_-3.08_19.92_33.12_-0.45_40.19_-15.06_-7.94_0.5391_0.2382_-0.5686_-0.5739end-2.75_8.66_-3.37_20.14_33.12_-0.45_40.19_-15.06_-7.94_0.5402_0.2385_-0.5673_-0.5740end-2.67_8.71_-3.72_20.14_33.12_-0.45_40.19_-15.06_-7.94_0.5413_0.2388_-0.5660_-0.5742end-2.65_8.73_-3.80_20.14_33.12_-0.45_40.19_-15.06_-7.94_0.5423_0.2393_-0.5647_-0.5743end-2.61_8.67_-4.15_20.14_33.12_-0.45_40.19_-15.06_-7.94_0.5423_0.2393_-0.5647_-0.5743end-2.61_8.67_-4.15_20.14_33.12_-0.45_40.88_-15.75_-6.56_0.5457_0.2406_-0.5606_-0.5745end,24.1293564,120.7289394,115.69999694824219
925,,24.1293564,120.7289394,115.69999694824219
926,,24.1293564,120.7289394,115.69999694824219
927,,24.1293564,120.7289394,115.69999694824219
928,,24.1293564,120.7289394,115.69999694824219
929,,24.1293564,120.7289394,115.69999694824219
930,-2.42_8.72_-4.16_18.58_39.06_-0.78_40.88_-15.75_-6.56_0.5468_0.2410_-0.5592_-0.5746end-2.17_8.68_-4.16_18.58_39.06_-0.78_40.88_-15.75_-6.56_0.5468_0.2410_-0.5592_-0.5746end-2.02_8.68_-4.15_18.58_39.06_-0.78_40.88_-15.75_-6.56_0.5492_0.2421_-0.5564_-0.5746end-2.02_8.68_-4.15_18.58_39.06_-0.78_40.56_-15.69_-5.19_0.5516_0.2430_-0.5,24.1293564,120.7289394,115.69999694824219
931,537_-0.5746end-1.97_8.70_-3.99_18.58_39.06_-0.78_40.56_-15.69_-5.19_0.5529_0.2437_-0.5522_-0.5745end-2.34_8.67_-3.91_18.58_39.06_-0.78_40.56_-15.69_-5.19_0.5529_0.2437_-0.5522_-0.5745end-2.34_8.67_-3.91_18.58_39.06_-0.78_40.19_-16.44_-5.62_0.5571_0.2462_-0.5474_-0.5740end-2.65_8.72_-3.86_18.58_39.06_-0.78_40.19_-16.44_-5.62_0.5587_0.2471_-0.5456_-0.5737end-2.96_8.72_-3.71_18.58_39.06_-0.78_39.81_-15.31_-3.31_0.5587_0.2471_-0.5456_-0.5737end-3.05_8.72_-3.69_14.88_54.95_-2.24_39.81_-15.31_-3.31_0.5587_0.2471_-0.5456_-0.5737end,24.1293564,120.7289394,115.69999694824219
932,,24.1293564,120.7289394,115.69999694824219
933,,24.1293564,120.7289394,115.69999694824219
934,,24.1293564,120.7289394,115.69999694824219
935,,24.1293564,120.7289394,115.69999694824219
936,,24.1293564,120.7289394,115.69999694824219
937,,24.1293564,120.7289394,115.69999694824219
938,-3.00_8.71_-3.73_14.44_52.37_-2.24_39.81_-15.31_-3.31_0.5648_0.2509_-0.5388_-0.5726end-2.93_8.70_-3.76_14.44_52.37_-2.24_39.81_-15.31_-3.31_0.5660_0.2516_-0.5373_-0.5724end-2.86_8.67_-3.70_14.44_52.37_-2.24_42.00_-15.69_-4.19_0.5673_0.2522_-0.5358_-0.5723end-2.81_8.67_-3.72_15.00_38.72_-2.13_41.69_-15.31_-2.81_0.5673_0.2522_-0.5358_-0.5723end-2.75_8.67_-3.61_15.00_38.72_-2.13_40.56_-15.69_-3.31_0.5696_0.2533_-0.5331_-0.5720end-2.74_8.70_-3.52_15.67_40.51_-1.79_40.56_-15.69_-3.31_0.5696_0.2533_-0.5331_-0.5720end-2.74_8.70_-3.52_14.55_45.32_-2.24_40.56_-15.69_-3.31_0.5720_0.2545_-0.5303_-0.5718end-2.74_8.70_-3.52_14.55_45.32_-2.24_41.31_-16.00_-3.81_0.5732_0.2551_-0.5288_-0.5716end-2.74_8.70_-3.52_14.10_47.67_-1.34_41.31_-16.00_-3.81_0.5757_0.2567_-0.5258_-0.5712end-2.74_8.70_-3.52_13.32_48.34_-1.57_41.31_-16.00_-1.00_0.5757_0.2567_-0.5258_-0.5712end,24.1293564,120.7289394,115.69999694824219
939,,24.1293564,120.7289394,115.69999694824219
940,,24.1293564,120.7289394,115.69999694824219
941,,24.1293564,120.7289394,115.69999694824219
942,,24.1293564,120.7289394,115.69999694824219
943,,24.1293564,120.7289394,115.69999694824219
944,,24.1293564,120.7289394,115.69999694824219
945,-2.74_8.70_-3.52_13.43_49.24_-1.45_41.31_-16.00_-1.00_0.5784_0.2583_-0.5226_-0.5706end-3.14_8.65_-3.72_13.43_49.24_-1.45_41.31_-16.00_-1.00_0.5810_0.2600_-0.5194_-0.5701end-3.16_8.68_-3.67_14.44_46.55_-1.01_41.31_-16.00_-1.00_0.5810_0.2600_-0.5194_-0.5701end-3.16_8.68_-3.67_14.55_45.10_-1.12_41.31_-16.00_-1.00_0.5836_0.2616_-0.5,24.1293564,120.7289394,115.69999694824219
946,162_-0.5696end-3.16_8.68_-3.67_14.55_45.10_-1.12_41.69_-14.63_-2.81_0.5861_0.2631_-0.5131_-0.5693end-3.14_8.66_-3.16_14.55_45.10_-1.12_41.69_-14.63_-2.81_0.5872_0.2637_-0.5117_-0.5691end-3.29_8.63_-2.86_14.55_45.10_-1.12_41.69_-14.63_-2.81_0.5872_0.2637_-0.5117_-0.5691end-3.31_8.67_-2.83_13.76_39.39_0.34_41.69_-14.63_-2.81_0.5872_0.2637_-0.5117_-0.5691end-3.40_8.63_-2.80_13.76_39.39_0.34_40.25_-14.94_-0.56_0.5914_0.2663_-0.5060_-0.5686end-3.42_8.64_-2.75_13.76_39.39_0.34_41.31_-15.63_1.31_0.5925_0.2669_-0.5046_-0.5685end,24.1293564,120.7289394,115.69999694824219
947,,24.1293564,120.7289394,115.69999694824219
948,,24.1293564,120.7289394,115.69999694824219
949,,24.1293564,120.7289394,115.69999694824219
950,,24.1293564,120.7289394,115.69999694824219
951,,24.1293564,120.7289394,115.69999694824219
952,,24.1293564,120.7289394,115.69999694824219
953,-3.36_8.61_-2.71_13.88_38.72_1.12_41.31_-15.63_1.31_0.5925_0.2669_-0.5046_-0.5685end-3.29_8.61_-2.79_13.88_38.72_1.12_40.56_-15.25_0.37_0.5925_0.2669_-0.5046_-0.5685end-3.29_8.61_-2.79_14.77_26.63_2.35_40.56_-15.25_0.37_0.5961_0.2690_-0.4993_-0.5684end-3.03_8.59_-3.04_14.77_26.63_2.35_41.00_-14.56_1.31_0.5967_0.2692_-0.4982_-0.5685end-2.91_8.58_-3.11_14.77_26.63_2.35_40.94_-14.94_1.31_0.5974_0.2695_-0.4973_-0.5686end-2.77_8.58_-3.10_14.21_20.14_2.69_40.94_-14.94_1.31_0.5974_0.2695_-0.4973_-0.5686end-2.77_8.58_-3.10_14.21_20.14_2.69_40.94_-14.94_1.31_0.5991_0.2700_-0.4944_-0.5691end-2.43_8.56_-2.91_14.21_20.14_2.69_40.94_-14.94_1.31_0.5996_0.2701_-0.493,24.1293564,120.7289394,115.69999694824219
954,5_-0.5693end-2.44_8.55_-2.82_16.00_20.25_3.02_40.94_-14.94_1.31_0.5996_0.2701_-0.4935_-0.5693end-2.50_8.56_-2.65_16.00_21.49_3.58_40.94_-14.94_1.31_0.5996_0.2701_-0.4935_-0.5693end,24.1293564,120.7289394,115.69999694824219
955,,24.1293564,120.7289394,115.69999694824219
956,,24.1293564,120.7289394,115.69999694824219
957,,24.1293564,120.7289394,115.69999694824219
958,,24.1293564,120.7289394,115.69999694824219
959,,24.1293564,120.7289394,115.69999694824219
960,,24.1293564,120.7289394,115.69999694824219
961,-2.50_8.56_-2.65_16.11_24.62_3.13_40.94_-14.94_1.31_0.6013_0.2706_-0.4904_-0.5699end-2.50_8.56_-2.65_16.11_24.62_3.13_40.94_-14.94_1.31_0.6026_0.2711_-0.4882_-0.5702end-2.67_8.53_-3.04_16.11_24.62_3.13_40.94_-14.94_1.31_0.6033_0.2714_-0.4870_-0.5703end-2.69_8.50_-3.22_16.11_25.96_3.02_40.94_-14.94_1.31_0.6033_0.2714_-0.4870_-0.5703end-2.69_8.50_-3.22_16.11_25.96_3.02_40.94_-14.94_1.31_0.6046_0.2719_-0.4847_-0.5706end-2.83_8.51_-3.52_16.11_25.96_3.02_40.94_-14.94_1.31_0.6058_0.2723_-0.4825_-0.5710end-2.93_8.50_-3.78_16.11_25.96_3.02_40.94_-14.94_1.31_0.6058_0.2723_-0.4825_-0.5710end-2.98_8.46_-3.82_16.11_25.96_3.02_41.69_-15.94_3.12_0.6058_0.2723_-0.4825_-0.5710end-2.98_8.46_-3.82_16.11_25.96_3.02_41.31_-16.94_4.00_0.6071_0.2725_-0.4797_-0.5718end-2.98_8.46_-3.82_16.11_25.96_3.02_41.31_-16.94_4.00_0.6078_0.2724_-0.4780_-0.5725end,24.1293564,120.7289394,115.69999694824219
962,,24.1293564,120.7289394,115.69999694824219
963,,24.1293564,120.7289394,115.69999694824219
964,,24.1293564,120.7289394,115.69999694824219
965,,24.1293564,120.7289394,115.69999694824219
966,,24.1293564,120.7289394,115.69999694824219
967,,24.1293564,120.7289394,115.69999694824219
968,-2.88_8.46_-3.77_16.11_25.96_3.02_41.31_-16.94_4.00_0.6078_0.2724_-0.4780_-0.5725end-2.91_8.45_-3.80_16.56_10.63_5.48_41.31_-16.94_4.00_0.6078_0.2724_-0.4780_-0.5725end-2.91_8.45_-3.80_16.56_10.63_5.48_40.25_-15.94_3.56_0.6090_0.2722_-0.4749_-0.5740end-3.10_8.44_-4.01_16.56_10.63_5.48_40.25_-15.94_3.56_0.6093_0.2721_-0.4741_-0.5745end-3.23_8.41_-4.12_16.56_10.63_5.48_40.25_-15.94_3.56_0.6093_0.2721_-0.4741_-0.5745end-3.23_8.41_-4.12_16.56_10.63_5.48_40.25_-15.94_3.56_0.6099_0.2717_-0.4719_-0.5757end-3.08_8.42_-3.93_16.56_10.63_5.48_40.25_-15.94_3.56_0.6100_0.2715_-0.4713_-0.5762end-3.08_8.42_-3.93_16.67_-1.12_7.27_40.25_-15.94_3.56_0.6100_0.2715_-0.471,24.1293564,120.7289394,115.69999694824219
969,3_-0.5762end-2.97_8.42_-3.80_16.67_-1.12_7.27_40.25_-15.94_3.56_0.6100_0.2715_-0.4713_-0.5762end-2.96_8.42_-3.76_16.45_-10.18_8.17_40.25_-15.94_3.56_0.6099_0.2704_-0.4699_-0.5780end,24.1293564,120.7289394,115.69999694824219
970,,24.1293564,120.7289394,115.69999694824219
971,,24.1293564,120.7289394,115.69999694824219
972,,24.1293564,120.7289394,115.69999694824219
973,,24.1293564,120.7289394,115.69999694824219
974,,24.1293564,120.7289394,115.69999694824219
975,,24.1293564,120.7289394,115.69999694824219
976,-2.83_8.42_-3.84_16.45_-10.18_8.17_40.25_-15.94_3.56_0.6095_0.2694_-0.4694_-0.5793end-2.71_8.38_-3.98_16.45_-10.18_8.17_40.25_-15.94_3.56_0.6091_0.2688_-0.4692_-0.5801end-2.65_8.37_-4.02_16.34_-16.67_8.28_40.25_-15.94_3.56_0.6091_0.2688_-0.4692_-0.5801end-2.46_8.36_-4.05_16.34_-16.67_8.28_40.25_-15.94_3.56_0.6080_0.2667_-0.4689_-0.5825end-2.42_8.34_-4.01_17.01_-19.92_8.39_40.25_-15.94_3.56_0.6077_0.2659_-0.4689_-0.5833end-2.29_8.32_-3.89_17.01_-19.92_8.39_40.25_-15.94_3.56_0.6077_0.2659_-0.4689_-0.5833end-2.25_8.33_-3.86_17.35_-20.03_8.95_40.25_-15.94_3.56_0.6077_0.2659_-0.4689_-0.5833end-2.25_8.33_-3.86_17.35_-20.03_8.95_41.00_-15.19_3.56_0.6060_0.262,24.1293564,120.7289394,115.69999694824219
977,8_-0.4687_-0.5865end-2.20_8.36_-3.68_17.35_-20.03_8.95_41.00_-15.19_3.56_0.6055_0.2620_-0.4687_-0.5873end-2.16_8.31_-3.67_17.35_-20.03_8.95_41.00_-15.19_3.56_0.6055_0.2620_-0.4687_-0.5873end,24.1293564,120.7289394,115.69999694824219
978,,24.1293564,120.7289394,115.69999694824219
979,,24.1293564,120.7289394,115.69999694824219
980,,24.1293564,120.7289394,115.69999694824219
981,,24.1293564,120.7289394,115.69999694824219
982,,24.1293564,120.7289394,115.69999694824219
983,,24.1293564,120.7289394,115.69999694824219
984,-2.10_8.31_-3.67_17.57_-20.37_8.84_41.00_-15.19_3.56_0.6055_0.2620_-0.4687_-0.5873end-2.10_8.31_-3.67_18.24_-20.25_8.28_40.25_-16.56_4.00_0.6055_0.2620_-0.4687_-0.5873end-2.05_8.29_-3.56_18.24_-20.25_8.28_40.25_-16.56_4.00_0.6035_0.2579_-0.4684_-0.5915end-2.02_8.27_-3.35_18.24_-20.25_8.28_40.25_-16.56_4.00_0.6030_0.2571_-0.4684_-0.5923end-2.04_8.27_-3.28_18.24_-20.25_8.28_40.63_-15.94_3.12_0.6030_0.2571_-0.4684_-0.5923end-2.05_8.27_-3.20_18.24_-20.25_8.28_40.63_-15.94_3.12_0.6019_0.2546_-0.4680_-0.5948end-2.04_8.28_-3.26_18.24_-20.25_8.28_40.63_-16.56_4.00_0.6016_0.2537_-0.4679_-0.5956end-2.00_8.28_-3.29_18.24_-20.25_8.28_39.88_-16.62_2.12_0.6012_0.2529_-0.4678_-0.5965end-1.97_8.25_-3.46_19.70_-19.92_7.27_39.88_-16.62_2.12_0.6012_0.2529_-0.4678_-0.5965end-1.97_8.20_-3.78_19.70_-19.92_7.27_39.88_-16.62_2.12_0.6005_0.2511_-0.4676_-0.5981end,24.1293564,120.7289394,115.69999694824219
985,,24.1293564,120.7289394,115.69999694824219
986,,24.1293564,120.7289394,115.69999694824219
987,,24.1293564,120.7289394,115.69999694824219
988,,24.1293564,120.7289394,115.69999694824219
989,,24.1293564,120.7289394,115.69999694824219
990,-1.97_8.20_-3.78_20.93_-19.58_6.94_39.88_-16.62_2.12_0.6001_0.2501_-0.4675_-0.5990end-1.97_8.20_-3.78_20.93_-19.58_6.94_39.88_-16.62_2.12_0.5994_0.2484_-0.4672_-0.6006end-1.97_8.20_-3.78_21.26_-15.33_7.05_39.88_-16.62_2.12_0.5991_0.2475_-0.4670_-0.6014end-2.34_8.16_-4.15_21.26_-15.33_7.05_40.56_-16.62_2.19_0.5991_0.2475_-0.4670_-0.6014end-2.34_8.16_-4.15_21.26_-13.32_7.27_40.56_-16.62_2.19_0.5989_0.2467_-0.4668_-0.6022end-2.72_8.17_-4.12_21.26_-13.32_7.27_40.56_-16.62_2.19_0.5982_0.2444_-0.4659_-0.6044end-3.18_8.16_-4.45_21.26_-13.32_7.27_40.56_-16.62_2.19_0.5982_0.2444_-0.4659_-0.6044end-3.26_8.11_-4.65_21.26_-13.32_7.27_40.63_-16.25_3.12_0.5977_0.242,24.1293564,120.7289394,115.69999694824219
991,8_-0.4654_-0.6060end-3.32_8.14_-4.89_20.48_-18.58_7.27_40.63_-16.25_3.12_0.5977_0.2428_-0.4654_-0.6060end-3.43_8.12_-5.35_20.48_-18.58_7.27_41.37_-16.56_4.50_0.5966_0.2402_-0.4650_-0.6085end,24.1293564,120.7289394,115.69999694824219
992,,24.1293564,120.7289394,115.69999694824219
993,,24.1293564,120.7289394,115.69999694824219
994,,24.1293564,120.7289394,115.69999694824219
995,,24.1293564,120.7289394,115.69999694824219
996,,24.1293564,120.7289394,115.69999694824219
997,,24.1293564,120.7289394,115.69999694824219
998,,24.1293564,120.7289394,115.69999694824219
999,-3.42_8.09_-5.62_20.48_-18.58_7.27_41.37_-16.56_4.50_0.5961_0.2392_-0.4649_-0.6094end-3.59_7.49_-5.96_20.48_-18.58_7.27_41.37_-16.56_4.50_0.5961_0.2392_-0.4649_-0.6094end-6.48_5.79_-2.40_20.48_-18.58_7.27_41.37_-16.56_4.50_0.5961_0.2392_-0.4649_-0.6094end0.38_1.39_-8.56_20.48_-18.58_7.27_41.37_-16.56_4.50_0.5939_0.2349_-0.4650_-0.6130end-0.82_10.09_-12.93_20.48_-18.58_7.27_41.37_-16.56_4.50_0.5937_0.2339_-0.4650_-0.6137end-5.22_9.02_-7.96_20.48_-18.58_7.27_41.37_-16.56_4.50_0.5936_0.2332_-0.4646_-0.6144end-7.04_7.91_-2.93_20.93_-14.55_17.46_41.37_-16.56_4.50_0.5936_0.2332_-0.4646_-0.6144end-7.04_7.91_-2.93_20.93_-14.55_17.46_41.37_-16.56_4.50_0.5919_0.2318_-0.4637_-0.6171end-10.26_8.14_-4.69_20.93_-14.55_17.46_41.37_-16.56_4.50_0.5914_0.2314_-0.4635_-0.6179end-4.48_8.15_-7.45_20.93_-14.55_17.46_40.56_-16.62_1.25_0.5911_0.2312_-0.4631_-0.6187end,24.1293564,120.7289394,115.69999694824219
1000,,24.1293564,120.7289394,115.69999694824219
1001,,24.1293564,120.7289394,115.69999694824219
1002,,24.1293564,120.7289394,115.69999694824219
1003,,24.1293564,120.7289394,115.69999694824219
1004,,24.1293564,120.7289394,115.69999694824219
1005,,24.1293564,120.7289394,115.69999694824219
1006,,24.1293564,120.7289394,115.69999694824219
1007,,24.1293564,120.7289394,115.69999694824219
1008,,24.1293564,120.7289394,115.69999694824219
1009,,24.1293564,120.7289394,115.69999694824219
1010,-8.11_8.15_-7.36_18.58_-23.95_11.75_40.56_-16.62_1.25_0.5911_0.2312_-0.4631_-0.6187end-5.18_8.23_-4.73_18.58_-23.95_11.75_39.88_-16.62_2.62_0.5891_0.2284_-0.4634_-0.6214end-4.93_7.85_-6.09_18.58_-23.95_11.75_39.88_-16.62_2.62_0.5876_0.2267_-0.4643_-0.6227end-2.11_8.02_-4.29_18.58_-23.95_11.75_39.88_-16.62_2.62_0.5836_0.2222_-0.4,24.1293564,120.7289394,115.69999694824219
1011,670_-0.6260end-3.12_7.99_-5.28_18.58_-23.95_11.75_39.88_-17.69_1.75_0.5836_0.2222_-0.4670_-0.6260end-3.12_7.99_-5.28_17.12_-90.87_21.15_39.88_-17.69_1.75_0.5792_0.2173_-0.4702_-0.6295end-2.98_7.94_-6.40_17.12_-90.87_21.15_39.88_-17.69_1.75_0.5792_0.2173_-0.4702_-0.6295end-1.57_8.03_-6.98_10.63_-66.25_14.66_39.88_-17.69_1.75_0.5792_0.2173_-0.4702_-0.6295end-1.57_8.03_-6.98_10.63_-66.25_14.66_38.75_-18.75_-0.62_0.5721_0.2098_-0.4753_-0.6346end-0.95_7.80_-8.47_10.63_-66.25_14.66_38.75_-18.75_-0.62_0.5703_0.2078_-0.4766_-0.6359end,24.1293564,120.7289394,115.69999694824219
1012,,24.1293564,120.7289394,115.69999694824219
1013,,24.1293564,120.7289394,115.69999694824219
1014,-0.19_7.84_-8.67_10.63_-66.25_14.66_38.75_-18.75_-0.62_0.5685_0.2061_-0.4778_-0.6371end-0.85_7.85_-9.18_10.85_-45.43_16.00_40.19_-17.00_-1.50_0.5685_0.2061_-0.4778_-0.6371end-0.85_7.85_-9.18_10.74_-34.02_14.55_40.19_-17.00_-1.50_0.5655_0.2031_-0.4797_-0.6394end-0.92_8.04_-7.95_10.74_-34.02_14.55_39.81_-18.75_-1.56_0.5635_0.2012_-0.4805_-0.6412end-1.20_8.10_-7.50_10.74_-34.02_14.55_40.19_-18.06_-0.62_0.5635_0.2012_-0.4805_-0.6412end-1.54_8.11_-7.12_7.50_-15.67_12.09_40.19_-18.06_-0.62_0.5635_0.2012_-0.4805_-0.6412end-1.36_8.04_-6.85_5.93_-15.55_11.86_40.19_-18.06_-0.62_0.5635_0.2012_-0.4805_-0.6412end-1.36_8.04_-6.85_5.93_-15.55_11.86_39.81_-18.37_-1.06_0.5610_0.1996_-0.4808_-0.6436end-2.36_7.91_-5.72_5.93_-15.55_11.86_39.81_-18.37_-1.06_0.5610_0.1996_-0.4808_-0.6436end-2.85_8.02_-5.23_4.03_-20.25_12.42_39.81_-18.37_-1.06_0.5610_0.1996_-0.4808_-0.6436end,24.1293564,120.7289394,115.69999694824219
1015,,24.1293564,120.7289394,115.69999694824219
1016,,24.1293564,120.7289394,115.69999694824219
1017,,24.1293564,120.7289394,115.69999694824219
1018,,24.1293564,120.7289394,115.69999694824219
1019,,24.1293564,120.7289394,115.69999694824219
1020,,24.1293564,120.7289394,115.69999694824219
1021,-2.70_8.20_-5.00_4.14_-22.38_11.75_39.81_-18.37_-1.06_0.5610_0.1996_-0.4808_-0.6436end-2.87_7.97_-4.84_4.14_-22.38_11.75_40.19_-19.06_-1.06_0.5610_0.1996_-0.4808_-0.6436end-2.87_7.97_-4.84_4.14_-22.38_11.75_39.81_-18.06_-1.50_0.5556_0.1960_-0.4831_-0.6477end-2.67_8.04_-4.57_4.14_-22.38_11.75_39.81_-18.06_-1.50_0.5556_0.1960_-0.4831_-0.6477end-2.67_8.04_-4.57_3.13_-44.20_12.20_39.81_-18.06_-1.50_0.5556_0.1960_-0.4831_-0.6477end-2.67_8.04_-4.57_3.13_-44.20_12.20_39.81_-18.06_-1.50_0.5533_0.1940_-0.4846_-0.6491end-2.67_8.04_-4.57_3.13_-44.20_12.20_39.44_-18.81_-3.37_0.5508_0.1920_-0.4865_-0.6505end-2.67_8.04_-4.57_25.29_-36.71_9.62_39.44_-18.81_-3.37_0.54,24.1293564,120.7289394,115.69999694824219
1022,98_0.1907_-0.4869_-0.6514end-5.78_9.23_3.06_25.29_-36.71_9.62_39.44_-18.81_-3.37_0.5486_0.1890_-0.4874_-0.6525end1.90_9.44_-4.52_25.29_-36.71_9.62_39.44_-18.81_-3.37_0.5486_0.1890_-0.4874_-0.6525end,24.1293564,120.7289394,115.69999694824219
1023,,24.1293564,120.7289394,115.69999694824219
1024,,24.1293564,120.7289394,115.69999694824219
1025,,24.1293564,120.7289394,115.69999694824219
1026,,24.1293564,120.7289394,115.69999694824219
1027,,24.1293564,120.7289394,115.69999694824219
1028,-5.07_8.32_-5.32_-2.13_-41.29_19.25_39.44_-18.81_-3.37_0.5486_0.1890_-0.4874_-0.6525end-2.74_7.82_0.13_2.91_-34.36_13.76_39.44_-18.81_-3.37_0.5428_0.1844_-0.4904_-0.6564end-3.03_8.12_-5.17_2.91_-34.36_13.76_39.44_-18.81_-3.37_0.5424_0.1843_-0.4907_-0.6566end-0.11_8.12_-5.38_2.91_-34.36_13.76_38.69_-19.12_-3.87_0.5424_0.1843_-0.4907_-0.6566end-0.00_8.02_-5.90_2.91_-34.36_13.76_39.06_-20.19_-2.94_0.5424_0.1843_-0.4907_-0.6566end-0.00_8.02_-5.90_2.91_-34.36_13.76_38.69_-18.81_-5.25_0.5401_0.1823_-0.4925_-0.6577end-1.19_8.04_-6.00_2.91_-34.36_13.76_38.69_-18.81_-5.25_0.5379_0.1804_-0.4941_-0.6588end-1.19_8.04_-6.00_2.91_-34.36_13.76_39.06_-19.12_-3.87_0.53,24.1293564,120.7289394,115.69999694824219
1029,69_0.1797_-0.4948_-0.6593end-1.32_8.16_-5.64_2.91_-34.36_13.76_39.06_-19.12_-3.87_0.5369_0.1797_-0.4948_-0.6593end-1.32_8.16_-5.64_2.91_-34.36_13.76_38.69_-18.44_-3.87_0.5352_0.1786_-0.4955_-0.6604end,24.1293564,120.7289394,115.69999694824219
1030,,24.1293564,120.7289394,115.69999694824219
1031,,24.1293564,120.7289394,115.69999694824219
1032,,24.1293564,120.7289394,115.69999694824219
1033,,24.1293564,120.7289394,115.69999694824219
1034,,24.1293564,120.7289394,115.69999694824219
1035,-1.59_8.21_-5.00_2.91_-34.36_13.76_38.69_-18.44_-3.87_0.5349_0.1783_-0.4957_-0.6606end-1.29_8.19_-4.80_2.91_-34.36_13.76_38.69_-18.44_-3.87_0.5349_0.1783_-0.4957_-0.6606end-1.06_8.18_-4.96_2.91_-34.36_13.76_38.69_-18.44_-3.87_0.5341_0.1778_-0.4962_-0.6609end-1.06_8.18_-4.96_-3.13_-22.49_4.59_38.69_-18.44_-3.87_0.5336_0.1774_-0.4,24.1293564,120.7289394,115.69999694824219
1036,,24.1293564,120.7289394,115.69999694824219
1037,,24.1293564,120.7289394,115.69999694824219
1038,,24.1293564,120.7289394,115.69999694824219
1039,967_-0.6612end-1.06_8.18_-4.96_-3.13_-22.49_4.59_38.69_-18.44_-3.87_0.5324_0.1765_-0.4977_-0.6616end-1.37_8.17_-5.54_-3.13_-22.49_4.59_39.44_-18.50_-5.69_0.5319_0.1761_-0.4982_-0.6618end-1.80_8.14_-5.87_-3.13_-22.49_4.59_39.44_-18.50_-5.69_0.5315_0.1759_-0.4985_-0.6619end-1.88_8.16_-5.71_-3.36_-1.34_3.02_39.44_-18.50_-5.69_0.531,24.1293564,120.7289394,115.69999694824219
1040,,24.1293564,120.7289394,115.69999694824219
1041,2_0.1761_-0.4987_-0.6619end-1.95_8.16_-5.57_-3.36_6.38_2.01_38.69_-18.81_-6.19_0.5312_0.1764_-0.4986_-0.6619end-2.23_8.20_-5.01_-3.36_6.38_2.01_38.69_-18.81_-6.19_0.5313_0.1767_-0.4985_-0.6618end,24.1293564,120.7289394,115.69999694824219
1042,-2.23_8.20_-5.01_-2.80_5.26_1.90_39.44_-18.12_-4.25_0.5313_0.1767_-0.4985_-0.6618end-2.39_8.24_-4.67_-2.80_5.26_1.90_38.31_-19.87_-5.69_0.5314_0.1773_-0.4984_-0.6617end-2.41_8.25_-4.29_-2.80_5.26_1.90_38.31_-19.87_-5.69_0.5313_0.1774_-0.4984_-0.6617end-2.41_8.25_-4.29_-3.47_-2.01_1.12_39.06_-18.12_-3.87_0.5312_0.1774_-0.4985_-0.6617end-2.44_8.27_-4.32_-4.81_-1.90_1.23_39.06_-18.12_-3.87_0.5311_0.1775_-0.4986_-0.6617end-2.48_8.27_-4.42_-4.81_-1.90_1.23_39.06_-18.12_-3.87_0.5310_0.1776_-0.4988_-0.6616end-2.45_8.23_-4.58_-4.81_-1.90_1.23_39.06_-18.12_-3.87_0.5309_0.1778_-0.4990_-0.6615end-2.56_8.24_-4.80_-5.60_2.01_1.34_39.06_-18.12_-3.87_0.5309_0.1778_-0,24.1293564,120.7289394,115.69999694824219
1043,.4990_-0.6615end-2.66_8.21_-4.98_-5.93_7.50_1.23_39.06_-18.12_-3.87_0.5309_0.1778_-0.4990_-0.6615end-2.73_8.21_-5.04_-5.71_11.19_1.23_39.06_-18.12_-3.87_0.5309_0.1785_-0.4991_-0.6612end,24.1293564,120.7289394,115.69999694824219
1044,,24.1293564,120.7289394,115.69999694824219
1045,,24.1293564,120.7289394,115.69999694824219
1046,,24.1293564,120.7289394,115.69999694824219
1047,,24.1293564,120.7289394,115.69999694824219
1048,,24.1293564,120.7289394,115.69999694824219
1049,,24.1293564,120.7289394,115.69999694824219
1050,-2.73_8.21_-5.04_-5.71_16.11_1.12_39.06_-18.12_-3.87_0.5312_0.1795_-0.4988_-0.6608end-3.06_8.24_-5.27_-5.71_16.11_1.12_39.06_-18.12_-3.87_0.5316_0.1802_-0.4985_-0.6606end-3.30_8.21_-5.16_-5.37_31.22_0.90_39.06_-18.12_-3.87_0.5316_0.1802_-0.4985_-0.6606end-3.52_8.28_-4.96_-5.37_31.22_0.90_39.06_-18.12_-3.87_0.5333_0.1832_-0.4969_-0.6597end-3.70_8.32_-4.83_-4.92_31.22_1.68_39.06_-18.12_-3.87_0.5333_0.1832_-0.4969_-0.6597end-4.02_8.33_-4.64_-4.92_31.22_1.68_39.06_-18.12_-3.87_0.5339_0.1843_-0.4962_-0.6593end-4.30_8.31_-4.60_-6.15_26.41_2.80_39.06_-18.12_-3.87_0.5339_0.1843_-0.4962_-0.6593end-4.35_8.34_-4.48_-6.38_24.51_2.91_37.94_-19.50_-4.81_0.5339_0.184,24.1293564,120.7289394,115.69999694824219
1051,3_-0.4962_-0.6593end-4.36_8.30_-4.39_-6.60_22.60_3.47_37.94_-19.50_-4.81_0.5361_0.1889_-0.4939_-0.6580end-4.37_8.31_-4.30_-6.60_22.60_3.47_37.94_-19.50_-4.81_0.5363_0.1897_-0.4936_-0.6578end,24.1293564,120.7289394,115.69999694824219
1052,,24.1293564,120.7289394,115.69999694824219
1053,,24.1293564,120.7289394,115.69999694824219
1054,,24.1293564,120.7289394,115.69999694824219
1055,,24.1293564,120.7289394,115.69999694824219
1056,,24.1293564,120.7289394,115.69999694824219
1057,-4.36_8.32_-4.19_-6.60_22.60_3.47_37.94_-19.50_-4.81_0.5364_0.1904_-0.4934_-0.6577end-4.18_8.29_-3.51_-6.60_22.60_3.47_37.94_-19.50_-4.81_0.5364_0.1904_-0.4934_-0.6577end-4.11_8.32_-3.25_-5.60_-0.56_5.93_37.94_-19.50_-4.81_0.5364_0.1904_-0.4934_-0.6577end-4.11_8.32_-3.25_-5.60_-0.56_5.93_37.94_-19.50_-4.81_0.5356_0.1913_-0.4938_,24.1293564,120.7289394,115.69999694824219
1058,-0.6578end-3.88_8.33_-2.68_-5.60_-0.56_5.93_37.94_-19.50_-4.81_0.5351_0.1912_-0.4941_-0.6580end-3.64_8.39_-2.27_-5.60_-0.56_5.93_37.94_-19.50_-4.81_0.5351_0.1912_-0.4941_-0.6580end-3.32_8.41_-1.69_-3.02_-23.28_8.50_37.94_-19.50_-4.81_0.5351_0.1912_-0.4941_-0.6580end-3.03_8.40_-1.52_-3.02_-23.28_8.50_37.94_-19.50_-4.81_0.5320_0.1893_-0.4963_-0.6594end-2.52_8.44_-1.13_-3.02_-23.28_8.50_37.94_-19.50_-4.81_0.5308_0.1883_-0.4973_-0.6600end-1.74_8.38_-1.02_-1.79_-57.74_9.06_37.94_-19.50_-4.81_0.5308_0.1883_-0.4973_-0.6600end,24.1293564,120.7289394,115.69999694824219
1059,,24.1293564,120.7289394,115.69999694824219
1060,,24.1293564,120.7289394,115.69999694824219
1061,,24.1293564,120.7289394,115.69999694824219
1062,,24.1293564,120.7289394,115.69999694824219
1063,,24.1293564,120.7289394,115.69999694824219
1064,,24.1293564,120.7289394,115.69999694824219
1065,-1.48_8.36_-1.01_-1.90_-68.37_8.84_37.94_-19.50_-4.81_0.5308_0.1883_-0.4973_-0.6600end-1.48_8.36_-1.01_-1.34_-77.66_8.84_37.94_-19.50_-4.81_0.5239_0.1814_-0.5032_-0.6629end-0.83_8.36_-0.98_-1.34_-77.66_8.84_38.31_-19.87_-5.69_0.5217_0.1791_-0.5051_-0.6638end-0.06_8.34_-1.30_-1.34_-77.66_8.84_38.31_-19.87_-5.69_0.5194_0.1765_-0.5071_-0.6648end0.10_8.36_-1.31_2.35_-90.42_7.61_38.31_-19.87_-5.69_0.5194_0.1765_-0.5071_-0.6648end0.19_8.32_-1.30_2.35_-90.42_7.61_38.69_-20.94_-7.12_0.5151_0.1716_-0.5107_-0.6666end0.23_8.30_-1.17_5.26_-77.22_5.82_38.69_-20.94_-7.12_0.5115_0.1671_-0.5136_-0.6683end0.15_8.35_-0.92_5.26_-77.22_5.82_38.69_-20.94_-7.12_0.5101_0.165,24.1293564,120.7289394,115.69999694824219
1066,,24.1293564,120.7289394,115.69999694824219
1067,,24.1293564,120.7289394,115.69999694824219
1068,,24.1293564,120.7289394,115.69999694824219
1069,4_-0.5146_-0.6690end0.04_8.35_-0.82_8.39_-38.16_2.01_38.69_-20.94_-7.12_0.5101_0.1654_-0.5146_-0.6690end-0.17_8.35_-0.52_8.39_-38.16_2.01_38.69_-20.94_-7.12_0.5101_0.1654_-0.5146_-0.6690end,24.1293564,120.7289394,115.69999694824219
1070,,24.1293564,120.7289394,115.69999694824219
1071,,24.1293564,120.7289394,115.69999694824219
1072,-0.29_8.41_-0.49_8.39_-38.16_2.01_38.69_-20.94_-7.12_0.5079_0.1616_-0.5156_-0.6708end-0.66_8.38_-0.52_8.39_-38.16_2.01_38.69_-20.94_-7.12_0.5081_0.1613_-0.5153_-0.6711end-1.13_8.36_-0.62_8.39_-38.16_2.01_38.69_-20.94_-7.12_0.5084_0.1612_-0.5147_-0.6713end-1.39_8.28_-0.74_12.98_21.04_-3.02_38.69_-20.94_-7.12_0.5084_0.1612_-0.5147,24.1293564,120.7289394,115.69999694824219
1073,_-0.6713end-1.59_8.29_-0.91_13.76_28.76_-3.92_38.69_-20.94_-7.12_0.5107_0.1623_-0.5118_-0.6714end-2.07_8.27_-1.12_13.76_28.76_-3.92_39.06_-19.56_-8.00_0.5119_0.1630_-0.5104_-0.6714end-2.54_8.24_-1.34_13.76_28.76_-3.92_39.06_-19.56_-8.00_0.5119_0.1630_-0.5104_-0.6714end-2.73_8.23_-1.38_18.35_53.83_-5.26_39.06_-19.56_-8.00_0.5119_,24.1293564,120.7289394,115.69999694824219
1074,0.1630_-0.5104_-0.6714end-2.95_8.23_-1.45_18.35_53.83_-5.26_38.31_-20.19_-4.81_0.5177_0.1671_-0.5036_-0.6712end-3.49_8.23_-1.52_18.35_53.83_-5.26_38.31_-20.19_-4.81_0.5193_0.1683_-0.5016_-0.6711end,24.1293564,120.7289394,115.69999694824219
1075,,24.1293564,120.7289394,115.69999694824219
1076,,24.1293564,120.7289394,115.69999694824219
1077,,24.1293564,120.7289394,115.69999694824219
1078,,24.1293564,120.7289394,115.69999694824219
1079,,24.1293564,120.7289394,115.69999694824219
1080,-3.49_8.23_-1.52_21.71_57.74_-4.36_37.19_-20.25_-6.19_0.5209_0.1694_-0.4996_-0.6711end-3.90_8.15_-1.65_23.61_53.38_-3.69_37.19_-20.25_-6.19_0.5224_0.1705_-0.4977_-0.6710end-3.99_8.16_-1.72_23.61_53.38_-3.69_37.19_-20.25_-6.19_0.5253_0.1724_-0.4938_-0.6711end-4.13_8.16_-1.84_23.61_53.38_-3.69_37.19_-20.25_-6.19_0.5267_0.1733_-0.4919_-0.6712end-4.30_8.11_-1.93_23.61_53.38_-3.69_38.69_-20.19_-4.81_0.5267_0.1733_-0.4919_-0.6712end-4.30_8.11_-1.93_27.31_54.95_-1.01_38.69_-20.19_-4.81_0.5295_0.1750_-0.4880_-0.6714end-4.63_8.06_-2.17_27.31_54.95_-1.01_38.69_-20.19_-4.81_0.5323_0.1769_-0.4839_-0.6718end-4.80_8.06_-2.14_27.31_54.95_-1.01_38.69_-20.19_-4.81_0.53,24.1293564,120.7289394,115.69999694824219
1081,23_0.1769_-0.4839_-0.6718end-4.80_8.06_-2.14_27.31_54.95_-1.01_37.94_-20.19_-4.31_0.5370_0.1807_-0.4766_-0.6721end-5.36_8.05_-2.64_27.31_54.95_-1.01_38.31_-19.81_-2.56_0.5370_0.1807_-0.4766_-0.6721end,24.1293564,120.7289394,115.69999694824219
1082,,24.1293564,120.7289394,115.69999694824219
1083,,24.1293564,120.7289394,115.69999694824219
1084,,24.1293564,120.7289394,115.69999694824219
1085,,24.1293564,120.7289394,115.69999694824219
1086,,24.1293564,120.7289394,115.69999694824219
1087,-5.41_8.02_-2.86_27.31_54.95_-1.01_38.31_-19.81_-2.56_0.5370_0.1807_-0.4766_-0.6721end-5.37_8.00_-3.55_27.31_54.95_-1.01_38.31_-19.81_-2.56_0.5370_0.1807_-0.4766_-0.6721end-5.37_8.00_-3.55_27.31_54.95_-1.01_38.31_-19.81_-2.56_0.5450_0.1877_-0.4636_-0.6730end-5.13_8.54_-6.29_27.31_54.95_-1.01_38.31_-19.81_-2.56_0.5465_0.1892_-0.4609_-0.6731end-5.13_8.54_-6.29_27.31_54.95_-1.01_37.63_-19.81_-1.56_0.5465_0.1892_-0.4609_-0.6731end-5.08_10.87_-6.94_28.76_78.33_5.71_37.63_-19.81_-1.56_0.5465_0.1892_-0.4609_-0.6731end-5.08_10.87_-6.94_30.44_100.60_4.14_37.63_-19.81_-1.56_0.5519_0.1949_-0.4521_-0.6731end-3.71_18.46_-9.79_30.44_100.60_4.14_37.63_-19.81_-1.56_0.5540_0.1973_-0.4488_-0.6729end-3.71_18.46_-9.79_37.38_108.88_4.48_37.63_-19.81_-1.56_0.5582_0.2019_-0.4417_-0.6727end-3.02_20.44_-4.96_33.46_98.70_7.27_37.63_-19.81_-1.56_0.5582_0.2019_-0.4417_-0.6727end,24.1293564,120.7289394,115.69999694824219
1088,,24.1293564,120.7289394,115.69999694824219
1089,,24.1293564,120.7289394,115.69999694824219
1090,,24.1293564,120.7289394,115.69999694824219
1091,,24.1293564,120.7289394,115.69999694824219
1092,,24.1293564,120.7289394,115.69999694824219
1093,,24.1293564,120.7289394,115.69999694824219
1094,,24.1293564,120.7289394,115.69999694824219
1095,-3.77_21.68_-5.08_33.46_98.70_7.27_37.63_-19.81_-1.56_0.5632_0.2078_-0.4322_-0.6729end-2.30_22.73_-5.80_33.46_98.70_7.27_37.63_-19.81_-1.56_0.5632_0.2078_-0.4322_-0.6729end-4.75_21.94_-11.00_16.79_49.80_17.79_37.63_-19.81_-1.56_0.5632_0.2078_-0.4322_-0.6729end-4.25_21.60_-11.51_14.66_53.27_17.35_37.63_-19.81_-1.56_0.5632_0.2078_,24.1293564,120.7289394,115.69999694824219
1096,-0.4322_-0.6729end-4.25_21.60_-11.51_16.00_48.46_18.24_38.38_-21.06_4.37_0.5662_0.2139_-0.4238_-0.6738end-4.80_21.44_-10.84_16.00_48.46_18.24_38.38_-21.06_4.37_0.5672_0.2167_-0.4202_-0.6743end-5.01_21.36_-9.19_16.00_48.46_18.24_38.38_-21.06_4.37_0.5673_0.2175_-0.4189_-0.6748end-3.73_21.19_-8.07_16.00_48.46_18.24_38.38_-21.06_4.37_0.5673_0.2175_-0.4189_-0.6748end-4.68_21.04_-8.20_9.62_-22.60_24.95_38.38_-21.06_4.37_0.5673_0.2175_-0.4189_-0.6748end-4.68_21.04_-8.20_9.62_-22.60_24.95_36.88_-20.75_3.00_0.5638_0.2167_-0.4184_-0.6783end,24.1293564,120.7289394,115.69999694824219
1097,,24.1293564,120.7289394,115.69999694824219
1098,,24.1293564,120.7289394,115.69999694824219
1099,,24.1293564,120.7289394,115.69999694824219
1100,,24.1293564,120.7289394,115.69999694824219
1101,,24.1293564,120.7289394,115.69999694824219
1102,-4.71_20.26_-10.23_9.62_-22.60_24.95_36.88_-20.75_3.00_0.5626_0.2164_-0.4188_-0.6792end-3.58_20.17_-10.48_9.62_-22.60_24.95_36.88_-20.75_3.00_0.5626_0.2164_-0.4188_-0.6792end-3.43_20.19_-10.16_9.62_-22.60_24.95_36.88_-20.75_3.00_0.5602_0.2159_-0.4196_-0.6808end-3.43_20.19_-10.16_-7.39_-44.99_27.31_36.88_-20.75_3.00_0.5588_0.2156_-0.4202_-0.6816end-2.66_19.73_-9.32_-7.39_-44.99_27.31_36.88_-20.75_3.00_0.5556_0.2145_-0.4223_-0.6833end-2.38_19.51_-9.24_-7.39_-44.99_27.31_36.88_-20.75_3.00_0.5556_0.2145_-0.4223_-0.6833end-2.25_18.96_-8.94_-7.39_-44.99_27.31_36.88_-20.75_3.00_0.5537_0.2139_-0.4236_-0.6843end-1.54_18.20_-8.55_-7.39_-44.99_27.31_36.88_-20.75_3.00_0.5502_0.2132_-0.4263_-0.6856end-1.42_17.73_-8.36_-7.39_-44.99_27.31_36.88_-20.75_3.00_0.5471_0.2134_-0.4290_-0.6865end-1.28_16.65_-8.11_-7.39_-44.99_27.31_36.88_-20.75_3.00_0.5471_0.2134_-0.4290_-0.6865end,24.1293564,120.7289394,115.69999694824219
1103,,24.1293564,120.7289394,115.69999694824219
1104,,24.1293564,120.7289394,115.69999694824219
1105,,24.1293564,120.7289394,115.69999694824219
1106,,24.1293564,120.7289394,115.69999694824219
1107,,24.1293564,120.7289394,115.69999694824219
1108,,24.1293564,120.7289394,115.69999694824219
1109,-1.38_16.16_-7.93_-34.58_-21.26_24.84_36.88_-20.75_3.00_0.5471_0.2134_-0.4290_-0.6865end-1.47_15.75_-7.66_-34.58_-21.26_24.84_36.88_-22.87_0.19_0.5471_0.2134_-0.4290_-0.6865end-1.98_14.26_-8.11_-34.58_-21.26_24.84_36.88_-22.87_0.19_0.5400_0.2175_-0.4356_-0.6865end-1.72_13.53_-7.87_-49.69_-0.78_22.83_36.88_-22.87_0.19_0.5388_0.2191_-0.4370_-0.6862end-1.55_12.14_-8.13_-52.60_4.03_22.05_36.88_-22.87_0.19_0.5366_0.2227_-0.4395_-0.6851end-1.48_11.54_-7.85_-52.60_4.03_22.05_37.25_-22.87_0.25_0.5356_0.2247_-0.4409_-0.6843end-1.34_10.64_-6.98_-52.60_4.03_22.05_37.25_-22.87_0.25_0.5346_0.2268_-0.4422_-0.6835end-1.38_9.95_-6.28_-65.46_13.20_21.37_37.25_-22.87_0.25_0.5346_0.2268_-0.4422_-0.6835end-1.52_9.55_-6.41_-65.46_13.20_21.37_37.25_-22.87_-1.19_0.5346_0.2268_-0.4422_-0.6835end-1.42_9.13_-6.61_-65.46_13.20_21.37_37.25_-22.87_-1.19_0.5316_0.2344_-0.4467_-0.6804end,24.1293564,120.7289394,115.69999694824219
1110,,24.1293564,120.7289394,115.69999694824219
1111,,24.1293564,120.7289394,115.69999694824219
1112,,24.1293564,120.7289394,115.69999694824219
1113,,24.1293564,120.7289394,115.69999694824219
1114,,24.1293564,120.7289394,115.69999694824219
1115,,24.1293564,120.7289394,115.69999694824219
1116,-1.42_9.13_-6.61_-65.46_13.20_21.37_36.88_-22.56_0.25_0.5316_0.2344_-0.4467_-0.6804end-1.42_9.13_-6.61_-84.82_34.02_18.69_36.88_-22.56_0.25_0.5316_0.2344_-0.4467_-0.6804end-1.42_9.13_-6.61_-93.89_39.84_18.02_36.88_-22.56_0.25_0.5285_0.2477_-0.4529_-0.6740end-1.42_9.13_-6.61_-93.89_39.84_18.02_37.56_-22.87_-0.75_0.5278_0.2515_-0.,24.1293564,120.7289394,115.69999694824219
1117,4545_-0.6720end-1.42_9.13_-6.61_-103.07_50.47_15.67_37.56_-22.87_-0.75_0.5278_0.2515_-0.4545_-0.6720end-1.42_9.13_-6.61_-103.07_50.47_15.67_37.56_-22.87_-0.75_0.5266_0.2599_-0.4579_-0.6674end0.48_4.89_-5.93_-103.07_50.47_15.67_37.56_-22.87_-0.75_0.5266_0.2599_-0.4579_-0.6674end0.48_4.89_-5.93_-128.47_93.22_7.50_36.13_-23.19_-0.25_0.5261_0.2752_-0.4625_-0.6584end0.48_4.89_-5.93_-128.47_93.22_7.50_36.13_-23.19_-0.25_0.5263_0.2867_-0.4655_-0.6512end0.55_3.00_-4.27_-128.47_93.22_7.50_35.75_-22.81_-0.25_0.5263_0.2867_-0.4655_-0.6512end,24.1293564,120.7289394,115.69999694824219
1118,,24.1293564,120.7289394,115.69999694824219
1119,,24.1293564,120.7289394,115.69999694824219
1120,,24.1293564,120.7289394,115.69999694824219
1121,,24.1293564,120.7289394,115.69999694824219
1122,,24.1293564,120.7289394,115.69999694824219
1123,,24.1293564,120.7289394,115.69999694824219
1124,0.57_2.62_-3.84_-142.12_95.23_1.79_35.75_-22.81_-0.25_0.5263_0.2867_-0.4655_-0.6512end0.57_2.62_-3.84_-150.51_84.71_-2.69_36.13_-24.19_0.19_0.5263_0.2867_-0.4655_-0.6512end0.74_1.89_-3.02_-150.51_84.71_-2.69_36.13_-24.19_0.19_0.5262_0.3167_-0.4753_-0.6300end0.74_1.89_-3.02_-150.51_84.71_-2.69_36.50_-23.56_-1.69_0.5257_0.3223_-0.4780_-0.6255end0.74_1.89_-3.02_-150.51_84.71_-2.69_36.13_-23.50_0.19_0.5250_0.3276_-0.4810_-0.6210end0.74_1.89_-3.02_-165.96_56.29_-10.18_36.13_-23.50_0.19_0.5231_0.3381_-0.4877_-0.6118end1.43_1.19_-1.65_-165.96_56.29_-10.18_37.19_-22.94_-2.12_0.5231_0.3381_-0.4877_-0.6118end1.43_1.19_-1.65_-177.71_51.14_-16.23_37.19_-22.94_-2.12_0.5209_0.3483_-0.4951_-0.6019end1.77_1.40_-2.07_-177.71_51.14_-16.23_37.19_-22.94_-2.12_0.5198_0.3535_-0.4988_-0.5967end1.77_1.40_-2.07_-183.64_62.67_-21.26_37.19_-22.94_-2.12_0.5187_0.3586_-0.5025_-0.5914end,24.1293564,120.7289394,115.69999694824219
1125,,24.1293564,120.7289394,115.69999694824219
1126,,24.1293564,120.7289394,115.69999694824219
1127,,24.1293564,120.7289394,115.69999694824219
1128,,24.1293564,120.7289394,115.69999694824219
1129,,24.1293564,120.7289394,115.69999694824219
1130,,24.1293564,120.7289394,115.69999694824219
1131,1.86_1.93_-1.90_-183.64_62.67_-21.26_37.19_-22.94_-2.12_0.5179_0.3644_-0.5062_-0.5854end1.14_2.10_-1.15_-183.64_62.67_-21.26_37.19_-22.94_-2.12_0.5170_0.3763_-0.5127_-0.5729end0.84_2.19_-0.94_-196.84_112.24_-32.12_36.50_-22.56_-2.62_0.5170_0.3763_-0.5127_-0.5729end0.68_2.26_-0.78_-196.84_112.24_-32.12_36.50_-22.56_-2.62_0.5170_0,24.1293564,120.7289394,115.69999694824219
1132,.3763_-0.5127_-0.5729end0.68_2.47_-0.52_-196.84_112.24_-32.12_36.50_-22.56_-2.62_0.5170_0.3963_-0.5216_-0.5510end-0.23_3.11_0.14_-203.78_97.25_-38.16_36.88_-21.87_-2.12_0.5167_0.4026_-0.5248_-0.5436end-0.23_3.11_0.14_-205.35_79.57_-38.94_36.88_-21.87_-2.12_0.5160_0.4088_-0.5284_-0.5362end-0.23_3.11_0.14_-208.03_33.01_-39.28_37.94_-21.56_-4.87_0.5130_0.4187_-0.5367_-0.5229end-0.23_3.11_0.14_-209.60_4.03_-38.72_37.94_-21.56_-4.87_0.5130_0.4187_-0.5367_-0.5229end-0.77_3.93_1.98_-211.39_-57.41_-35.14_37.94_-21.56_-4.87_0.5104_0.4232_-0.5419_-0.5164end,24.1293564,120.7289394,115.69999694824219
1133,,24.1293564,120.7289394,115.69999694824219
1134,,24.1293564,120.7289394,115.69999694824219
1135,,24.1293564,120.7289394,115.69999694824219
1136,,24.1293564,120.7289394,115.69999694824219
1137,,24.1293564,120.7289394,115.69999694824219
1138,,24.1293564,120.7289394,115.69999694824219
1139,-0.73_3.91_2.03_-211.39_-57.41_-35.14_37.19_-21.56_-5.31_0.5030_0.4298_-0.5538_-0.5056end-0.47_3.61_2.13_-211.95_-108.44_-28.98_37.19_-21.56_-5.31_0.5030_0.4298_-0.5538_-0.5056end-0.35_3.06_2.46_-211.95_-108.44_-28.98_37.94_-20.25_-7.06_0.4790_0.4368_-0.5833_-0.4895end-0.13_2.69_2.84_-211.95_-108.44_-28.98_37.94_-20.25_-7.06_0.4790_0.4368_-0.5833_-0.4895end0.07_2.68_2.88_-210.94_-148.28_-17.23_37.94_-20.25_-7.06_0.4790_0.4368_-0.5833_-0.4895end0.25_2.65_2.87_-209.94_-149.06_-15.11_37.19_-19.94_-9.94_0.4790_0.4368_-0.5833_-0.4895end0.25_2.65_2.87_-209.94_-149.06_-15.11_37.19_-19.94_-9.94_0.4490_0.4401_-0.6141_-0.4770end0.25_2.65_2.87_-206.13_-139.55_-11,24.1293564,120.7289394,115.69999694824219
1140,.64_38.31_-18.56_-10.75_0.4490_0.4401_-0.6141_-0.4770end0.25_2.65_2.87_-203.78_-132.05_-9.96_38.31_-18.56_-10.75_0.4343_0.4425_-0.6282_-0.4700end0.25_2.65_2.87_-200.76_-125.89_-7.16_37.50_-19.69_-13.56_0.4343_0.4425_-0.6282_-0.4700end,24.1293564,120.7289394,115.69999694824219
1141,,24.1293564,120.7289394,115.69999694824219
1142,,24.1293564,120.7289394,115.69999694824219
1143,,24.1293564,120.7289394,115.69999694824219
1144,,24.1293564,120.7289394,115.69999694824219
1145,,24.1293564,120.7289394,115.69999694824219
1146,0.91_1.86_4.51_-196.28_-112.91_-0.90_37.50_-19.69_-13.56_0.4131_0.4465_-0.6471_-0.4597end0.91_1.86_4.51_-196.28_-112.91_-0.90_37.50_-19.69_-13.56_0.3991_0.4493_-0.6588_-0.4526end-0.59_2.29_4.30_-196.28_-112.91_-0.90_37.50_-19.69_-13.56_0.3991_0.4493_-0.6588_-0.4526end-0.29_2.15_3.46_-189.12_-94.90_5.82_36.06_-17.31_-17.62_0.3991,24.1293564,120.7289394,115.69999694824219
1147,_0.4493_-0.6588_-0.4526end-0.29_2.15_3.46_-189.12_-94.90_5.82_36.06_-15.63_-19.00_0.3790_0.4543_-0.6746_-0.4414end-0.29_2.15_3.46_-181.06_-110.00_10.63_36.06_-15.63_-19.00_0.3650_0.4572_-0.6848_-0.4345end-0.57_1.39_2.82_-181.06_-110.00_10.63_36.06_-14.94_-18.56_0.3577_0.4583_-0.6897_-0.4316end-0.72_1.46_3.21_-171.78_-124.77_17.01_36.06_-14.94_-18.56_0.3577_0.4583_-0.6897_-0.4316end-0.72_1.46_3.21_-171.66_-123.99_19.02_36.06_-14.94_-18.56_0.3425_0.4601_-0.6994_-0.4265end-0.72_1.46_3.21_-167.97_-120.75_21.15_36.06_-14.63_-21.31_0.3425_0.4601_-0.6994_-0.4265end,24.1293564,120.7289394,115.69999694824219
1148,,24.1293564,120.7289394,115.69999694824219
1149,,24.1293564,120.7289394,115.69999694824219
1150,,24.1293564,120.7289394,115.69999694824219
1151,,24.1293564,120.7289394,115.69999694824219
1152,,24.1293564,120.7289394,115.69999694824219
1153,,24.1293564,120.7289394,115.69999694824219
1154,,24.1293564,120.7289394,115.69999694824219
1155,-0.72_1.46_3.21_-167.97_-120.75_21.15_34.56_-15.31_-21.31_0.3273_0.4619_-0.7084_-0.4216end-0.72_1.46_3.21_-167.97_-120.75_21.15_34.56_-15.31_-21.31_0.3273_0.4619_-0.7084_-0.4216end-0.55_1.19_3.00_-157.68_-121.75_28.54_34.56_-15.31_-21.31_0.3273_0.4619_-0.7084_-0.4216end-0.55_1.19_3.00_-157.68_-121.75_28.54_34.56_-14.00_-24.94_0.3273_0.4619_-0.7084_-0.4216end-0.53_1.26_2.89_-157.68_-121.75_28.54_34.56_-14.00_-24.94_0.2831_0.4676_-0.7307_-0.4091end-0.21_1.98_2.95_-157.68_-121.75_28.54_34.56_-14.00_-24.94_0.2831_0.4676_-0.7307_-0.4091end-0.02_2.37_2.90_-133.28_-95.34_38.05_34.56_-14.00_-24.94_0.2831_0.4676_-0.7307_-0.4091end0.00_2.42_2.98_-129.70_-93.67_39.73_32.06_-12.00_-27.31_0.2831_0.4676_-0.7307_-0.4091end-0.08_2.42_2.80_-125.00_-92.32_41.07_32.06_-12.00_-27.31_0.2831_0.4676_-0.7307_-0.4091end-0.08_2.42_2.80_-121.42_-91.76_41.96_32.06_-12.00_-27.31_0.2443_0.4745_-0.7460_-0.3983end,24.1293564,120.7289394,115.69999694824219
1156,,24.1293564,120.7289394,115.69999694824219
1157,,24.1293564,120.7289394,115.69999694824219
1158,,24.1293564,120.7289394,115.69999694824219
1159,,24.1293564,120.7289394,115.69999694824219
1160,,24.1293564,120.7289394,115.69999694824219
1161,,24.1293564,120.7289394,115.69999694824219
1162,0.21_2.48_2.45_-121.42_-91.76_41.96_32.06_-12.00_-28.69_0.2443_0.4745_-0.7460_-0.3983end0.21_2.48_2.45_-108.66_-86.06_44.09_32.06_-12.00_-28.69_0.2321_0.4767_-0.7500_-0.3954end0.21_2.48_2.45_-103.85_-77.10_44.54_31.31_-11.00_-29.12_0.2321_0.4767_-0.7500_-0.3954end0.21_2.48_2.45_-100.27_-66.47_44.76_31.31_-11.00_-29.12_0.2213_0.4,24.1293564,120.7289394,115.69999694824219
1163,792_-0.7532_-0.3926end0.61_2.89_2.85_-93.11_-46.22_44.65_31.31_-11.00_-29.12_0.2162_0.4807_-0.7545_-0.3909end0.57_3.17_2.93_-93.11_-46.22_44.65_31.31_-11.00_-29.12_0.2119_0.4822_-0.7557_-0.3893end0.62_3.93_3.14_-93.11_-46.22_44.65_31.31_-11.00_-29.12_0.2119_0.4822_-0.7557_-0.3893end0.62_3.93_3.14_-93.11_-46.22_44.65_29.44_-11.00_-29.12_0.2001_0.4873_-0.7582_-0.3843end0.62_3.93_3.14_-93.11_-46.22_44.65_29.44_-11.00_-29.12_0.1928_0.4904_-0.7594_-0.3815end0.88_5.11_2.75_-93.11_-46.22_44.65_29.44_-11.00_-29.12_0.1891_0.4919_-0.7599_-0.3804end,24.1293564,120.7289394,115.69999694824219
1164,,24.1293564,120.7289394,115.69999694824219
1165,,24.1293564,120.7289394,115.69999694824219
1166,,24.1293564,120.7289394,115.69999694824219
1167,,24.1293564,120.7289394,115.69999694824219
1168,,24.1293564,120.7289394,115.69999694824219
1169,0.79_5.56_1.89_-93.11_-46.22_44.65_29.06_-9.06_-32.25_0.1891_0.4919_-0.7599_-0.3804end0.75_5.73_1.43_-61.44_-54.95_45.55_29.06_-9.06_-32.25_0.1891_0.4919_-0.7599_-0.3804end0.75_5.73_1.43_-61.44_-54.95_45.55_29.06_-9.06_-32.25_0.1730_0.4965_-0.7618_-0.3784end0.60_6.09_0.82_-61.44_-54.95_45.55_28.69_-10.38_-31.81_0.1730_0.4965_-0.7618_-0.3784end0.60_6.09_0.82_-46.89_-98.37_47.45_28.69_-10.38_-31.81_0.1730_0.4965_-0.7618_-0.3784end0.50_6.64_0.46_-46.89_-98.37_47.45_28.38_-9.69_-31.81_0.1730_0.4965_-0.7618_-0.3784end0.81_7.08_1.01_-41.18_-105.86_48.01_28.38_-9.69_-31.81_0.1581_0.4978_-0.7632_-0.3805end0.81_7.08_1.01_-37.38_-104.97_48.23_28.31_-9.69_-33.69_0.1581_0.4978_-0.7632_-0.3805end0.81_7.08_1.01_-37.38_-104.97_48.23_28.31_-9.69_-33.69_0.1378_0.4985_-0.7640_-0.3856end0.76_7.74_0.33_-37.38_-104.97_48.23_28.31_-9.69_-33.69_0.1329_0.4988_-0.7640_-0.3870end,24.1293564,120.7289394,115.69999694824219
1170,,24.1293564,120.7289394,115.69999694824219
1171,,24.1293564,120.7289394,115.69999694824219
1172,,24.1293564,120.7289394,115.69999694824219
1173,,24.1293564,120.7289394,115.69999694824219
1174,,24.1293564,120.7289394,115.69999694824219
1175,,24.1293564,120.7289394,115.69999694824219
1176,0.82_7.91_0.21_-25.18_-93.44_48.01_25.06_-10.13_-34.63_0.1329_0.4988_-0.7640_-0.3870end0.72_8.49_0.04_-21.26_-93.22_47.78_25.06_-10.13_-34.63_0.1329_0.4988_-0.7640_-0.3870end0.72_8.49_0.04_-14.77_-103.74_47.67_25.06_-10.13_-34.63_0.1193_0.4995_-0.7636_-0.3914end0.72_8.49_0.04_-14.77_-103.74_47.67_25.06_-10.13_-34.63_0.1098_0.499,24.1293564,120.7289394,115.69999694824219
1177,4_-0.7631_-0.3953end1.04_10.16_0.42_-14.77_-103.74_47.67_25.06_-10.13_-34.63_0.1049_0.4991_-0.7627_-0.3977end1.33_10.69_0.36_-14.77_-103.74_47.67_25.06_-10.13_-34.63_0.1049_0.4991_-0.7627_-0.3977end1.77_11.08_0.29_-14.77_-103.74_47.67_22.44_-10.50_-35.50_0.0889_0.4969_-0.7615_-0.4066end2.01_11.24_0.30_-14.77_-103.74_47.67_22.44_-10.50_-35.50_0.0835_0.4959_-0.7609_-0.4100end2.67_11.18_0.32_-14.77_-103.74_47.67_22.44_-10.50_-35.50_0.0835_0.4959_-0.7609_-0.4100end2.89_11.09_0.52_18.13_-131.04_38.94_20.94_-10.88_-37.88_0.0835_0.4959_-0.7609_-0.4100end,24.1293564,120.7289394,115.69999694824219
1178,,24.1293564,120.7289394,115.69999694824219
1179,,24.1293564,120.7289394,115.69999694824219
1180,,24.1293564,120.7289394,115.69999694824219
1181,,24.1293564,120.7289394,115.69999694824219
1182,,24.1293564,120.7289394,115.69999694824219
1183,3.44_10.84_1.16_18.13_-131.04_38.94_20.94_-10.88_-37.88_0.0732_0.4937_-0.7596_-0.4172end3.44_10.84_1.16_32.34_-80.91_29.66_20.94_-10.88_-37.88_0.0732_0.4937_-0.7596_-0.4172end3.44_10.84_1.16_32.34_-80.91_29.66_19.87_-11.25_-39.25_0.0621_0.4909_-0.7569_-0.4269end3.44_10.84_1.16_42.52_-36.15_21.37_19.87_-11.25_-39.25_0.0621_0.4909_-0.7569_-0.4269end4.33_11.00_1.61_42.52_-36.15_21.37_19.87_-11.25_-39.25_0.0588_0.4902_-0.7547_-0.4319end4.27_11.16_1.72_42.52_-36.15_21.37_19.87_-11.25_-39.25_0.0604_0.4910_-0.7509_-0.4376end3.77_11.38_1.92_42.52_-36.15_21.37_19.87_-11.25_-39.25_0.0604_0.4910_-0.7509_-0.4376end3.39_11.54_1.92_70.84_36.26_2.24_19.87_-11.25_-39.,24.1293564,120.7289394,115.69999694824219
1184,25_0.0604_0.4910_-0.7509_-0.4376end3.39_11.54_1.92_76.77_43.08_-1.23_18.81_-12.56_-36.56_0.0604_0.4910_-0.7509_-0.4376end3.39_11.54_1.92_76.77_43.08_-1.23_18.81_-12.56_-36.56_0.0743_0.4937_-0.7430_-0.4456end,24.1293564,120.7289394,115.69999694824219
1185,,24.1293564,120.7289394,115.69999694824219
1186,,24.1293564,120.7289394,115.69999694824219
1187,,24.1293564,120.7289394,115.69999694824219
1188,,24.1293564,120.7289394,115.69999694824219
1189,,24.1293564,120.7289394,115.69999694824219
1190,3.16_11.92_1.84_95.34_58.97_-10.07_18.81_-12.56_-36.56_0.0781_0.4942_-0.7413_-0.4474end3.13_12.07_1.94_95.34_58.97_-10.07_18.81_-12.56_-36.56_0.0824_0.4947_-0.7394_-0.4492end-3.74_41.65_-5.32_95.34_58.97_-10.07_20.94_-13.94_-36.56_0.0824_0.4947_-0.7394_-0.4492end-3.74_41.65_-5.32_95.34_58.97_-10.07_20.94_-13.94_-36.56_0.0934_0.4935_-0.7365_-0.4532end-3.74_41.65_-5.32_95.34_58.97_-10.07_19.12_-15.69_-36.63_0.0994_0.4941_-0.7309_-0.4602end-1.69_16.80_51.09_95.34_58.97_-10.07_19.12_-15.69_-36.63_0.0979_0.4941_-0.7310_-0.4603end11.26_9.96_49.35_-134.40_106.09_-32.45_19.12_-15.69_-36.63_0.0979_0.4941_-0.7310_-0.4603end11.26_9.96_49.35_-229.85_157.00_-58.30_19.12_-15.69_-36.63_0.0942_0.4950_-0.7367_-0.4510end11.26_9.96_49.35_-229.85_157.00_-58.30_22.06_-14.31_-37.06_0.0982_0.4989_-0.7441_-0.4332end11.91_4.81_-12.62_-229.85_157.00_-58.30_22.06_-14.31_-37.06_0.0982_0.4989_-0.7441_-0.4332end,24.1293564,120.7289394,115.69999694824219
1191,,24.1293564,120.7289394,115.69999694824219
1192,,24.1293564,120.7289394,115.69999694824219
1193,,24.1293564,120.7289394,115.69999694824219
1194,,24.1293564,120.7289394,115.69999694824219
1195,,24.1293564,120.7289394,115.69999694824219
1196,,24.1293564,120.7289394,115.69999694824219
1197,,24.1293564,120.7289394,115.69999694824219
1198,,24.1293564,120.7289394,115.69999694824219
1199,,24.1293564,120.7289394,115.69999694824219
1200,11.91_4.81_-12.62_-229.85_157.00_-58.30_22.06_-14.31_-37.06_0.1035_0.5009_-0.7450_-0.4283end21.96_5.25_-14.41_-229.85_157.00_-58.30_22.06_-14.31_-37.06_0.1200_0.5057_-0.7421_-0.4233end7.38_6.94_19.48_-229.85_157.00_-58.30_22.06_-14.31_-37.06_0.1200_0.5057_-0.7421_-0.4233end7.38_6.94_19.48_75.65_53.71_2.57_23.87_-13.88_-34.69_0.1200_0.5057_-0.7421_-0.4233end2.83_12.14_21.41_75.65_53.71_2.57_23.87_-13.88_-34.69_0.1200_0.5057_-0.7421_-0.4233end2.83_12.14_21.41_53.04_102.51_-28.65_23.87_-13.88_-34.69_0.1395_0.5088_-0.7349_-0.4261end-2.18_8.76_38.96_53.04_102.51_-28.65_24.63_-14.56_-34.69_0.1395_0.5088_-0.7349_-0.4261end-2.18_8.76_38.96_-49.13_203.33_-67.37_24.63_-14.56_-34.69_0.1450_0.5101_-0.7358_-0.4213end10.39_5.64_-3.20_-49.13_203.33_-67.37_24.63_-14.56_-34.69_0.1514_0.5117_-0.7368_-0.4152end10.39_5.64_-3.20_-49.13_203.33_-67.37_24.63_-14.56_-34.69_0.1701_0.5164_-0.7380_-0.3998end,24.1293564,120.7289394,115.69999694824219
1201,,24.1293564,120.7289394,115.69999694824219
1202,,24.1293564,120.7289394,115.69999694824219
1203,,24.1293564,120.7289394,115.69999694824219
1204,,24.1293564,120.7289394,115.69999694824219
1205,6.99_5.59_-2.86_-49.13_203.33_-67.37_27.25_-14.50_-29.63_0.1750_0.5175_-0.7372_-0.3976end2.68_5.96_-0.26_-49.13_203.33_-67.37_27.94_-13.81_-31.44_0.1750_0.5175_-0.7372_-0.3976end-0.36_8.74_7.25_69.94_54.27_0.22_27.94_-13.81_-31.44_0.1750_0.5175_-0.7372_-0.3976end-0.36_8.74_7.25_69.94_54.27_0.22_29.06_-13.44_-30.56_0.1896_0.5195_,24.1293564,120.7289394,115.69999694824219
1206,-0.7316_-0.3987end1.92_10.11_10.54_69.94_54.27_0.22_29.06_-13.44_-30.56_0.1936_0.5198_-0.7303_-0.3987end-7.46_8.81_21.70_69.94_54.27_0.22_29.06_-13.44_-30.56_0.1936_0.5198_-0.7303_-0.3987end2.90_8.36_15.00_69.94_54.27_0.22_29.06_-13.44_-30.56_0.2028_0.5204_-0.7291_-0.3956end2.90_8.36_15.00_69.94_54.27_0.22_29.06_-13.44_-30.56_0.2077_0.5207_-0.7290_-0.3928end2.90_8.36_15.00_6.83_98.59_-49.13_29.06_-13.44_-30.56_0.2120_0.5208_-0.7291_-0.3903end2.90_8.36_15.00_6.83_98.59_-49.13_30.19_-13.44_-28.69_0.2156_0.5208_-0.7292_-0.3882end,24.1293564,120.7289394,115.69999694824219
1207,,24.1293564,120.7289394,115.69999694824219
1208,,24.1293564,120.7289394,115.69999694824219
1209,,24.1293564,120.7289394,115.69999694824219
1210,,24.1293564,120.7289394,115.69999694824219
1211,,24.1293564,120.7289394,115.69999694824219
1212,,24.1293564,120.7289394,115.69999694824219
1213,2.90_8.36_15.00_38.16_-0.78_-15.78_30.19_-13.44_-28.69_0.2198_0.5197_-0.7290_-0.3876end2.90_8.36_15.00_44.76_-17.12_-10.52_30.56_-13.06_-27.81_0.2198_0.5197_-0.7290_-0.3876end2.90_8.36_15.00_51.59_-22.27_-9.18_30.56_-13.06_-27.81_0.2212_0.5176_-0.7283_-0.3909end2.90_8.36_15.00_54.27_-23.05_-10.63_29.44_-13.44_-29.19_0.2225_0.5150_-0.7274_-0.3953end-4.21_8.29_13.12_49.69_-7.27_-21.37_29.44_-13.44_-29.19_0.2225_0.5150_-0.7274_-0.3953end-0.80_8.15_11.41_39.28_8.17_-29.21_29.44_-13.44_-29.19_0.2225_0.5150_-0.7274_-0.3953end-0.80_8.15_11.41_30.55_8.62_-32.34_29.44_-13.44_-29.19_0.2280_0.5100_-0.7267_-0.3997end1.21_7.77_9.02_30.55_8.62_-32.34_29.44_-13.44_-29.19_0.2292_0.5087_-0.7269_-0.4003end0.93_7.14_3.62_30.55_8.62_-32.34_30.94_-13.38_-25.94_0.2292_0.5087_-0.7269_-0.4003end0.93_7.14_3.62_36.48_-37.15_-15.00_32.00_-13.75_-27.81_0.2292_0.5087_-0.7269_-0.4003end,24.1293564,120.7289394,115.69999694824219
1214,,24.1293564,120.7289394,115.69999694824219
1215,,24.1293564,120.7289394,115.69999694824219
1216,,24.1293564,120.7289394,115.69999694824219
1217,,24.1293564,120.7289394,115.69999694824219
1218,,24.1293564,120.7289394,115.69999694824219
1219,,24.1293564,120.7289394,115.69999694824219
1220,0.39_7.10_2.15_36.48_-37.15_-15.00_32.00_-13.75_-27.81_0.2294_0.5029_-0.7271_-0.4072end-1.61_7.55_3.00_36.48_-37.15_-15.00_30.56_-14.06_-28.25_0.2294_0.5014_-0.7269_-0.4094end-0.56_7.64_3.64_36.48_-37.15_-15.00_30.94_-13.75_-27.31_0.2300_0.5000_-0.7266_-0.4112end-0.88_7.85_4.96_36.48_-37.15_-15.00_30.94_-13.75_-27.31_0.2324_0.4974_-0.7261_-0.4139end-0.88_7.85_4.96_40.73_2.24_-28.20_30.94_-14.44_-28.69_0.2338_0.4962_-0.7259_-0.4150end1.95_7.86_5.47_40.73_2.24_-28.20_30.94_-14.44_-28.69_0.2350_0.4948_-0.7258_-0.4161end1.95_7.86_5.47_40.73_2.24_-28.20_30.56_-15.13_-26.44_0.2358_0.4934_-0.7258_-0.4174end1.54_7.68_2.97_40.73_2.24_-28.20_30.56_-15.13_-26.44_,24.1293564,120.7289394,115.69999694824219
1221,0.2358_0.4934_-0.7258_-0.4174end1.54_7.68_2.97_35.47_-25.18_-14.77_29.81_-14.81_-28.25_0.2361_0.4904_-0.7258_-0.4206end1.54_7.68_2.97_34.47_-12.53_-15.67_29.81_-14.81_-28.25_0.2366_0.4878_-0.7257_-0.4236end,24.1293564,120.7289394,115.69999694824219
1222,,24.1293564,120.7289394,115.69999694824219
1223,,24.1293564,120.7289394,115.69999694824219
1224,,24.1293564,120.7289394,115.69999694824219
1225,,24.1293564,120.7289394,115.69999694824219
1226,,24.1293564,120.7289394,115.69999694824219
1227,0.16_7.74_1.96_34.47_-12.53_-15.67_29.81_-14.81_-28.25_0.2374_0.4868_-0.7255_-0.4247end-0.52_7.83_1.65_34.47_-12.53_-15.67_29.81_-14.81_-28.25_0.2374_0.4868_-0.7255_-0.4247end-0.52_7.83_1.65_34.47_-12.53_-15.67_30.94_-15.44_-27.37_0.2401_0.4852_-0.7249_-0.4260end-0.02_7.99_1.61_34.47_-12.53_-15.67_30.94_-15.44_-27.37_0.2427_0.4836_-0.7244_-0.4272end0.09_8.02_1.40_34.47_-12.53_-15.67_31.31_-14.06_-27.31_0.2437_0.4824_-0.7244_-0.4280end0.44_8.05_1.40_34.47_-12.53_-15.67_30.56_-15.44_-27.37_0.2442_0.4811_-0.7244_-0.4291end0.45_8.07_1.41_30.10_-23.28_-20.37_30.56_-15.44_-27.37_0.2442_0.4811_-0.7244_-0.4291end0.45_8.07_1.41_28.54_-18.91_-19.92_30.56_-15.44_,24.1293564,120.7289394,115.69999694824219
1228,,24.1293564,120.7289394,115.69999694824219
1229,-27.37_0.2451_0.4771_-0.7247_-0.4327end0.68_8.21_1.57_28.54_-18.91_-19.92_30.56_-15.44_-27.37_0.2455_0.4758_-0.7247_-0.4338end0.77_8.23_1.79_28.54_-18.91_-19.92_30.94_-15.13_-26.87_0.2455_0.4758_-0.7247_-0.4338end,24.1293564,120.7289394,115.69999694824219
1230,,24.1293564,120.7289394,115.69999694824219
1231,,24.1293564,120.7289394,115.69999694824219
1232,,24.1293564,120.7289394,115.69999694824219
1233,,24.1293564,120.7289394,115.69999694824219
1234,1.03_8.27_1.91_25.63_-6.15_-21.26_30.94_-15.13_-26.87_0.2455_0.4758_-0.7247_-0.4338end1.03_8.27_1.91_24.95_-3.92_-22.38_30.94_-15.13_-27.37_0.2474_0.4725_-0.7248_-0.4362end1.03_8.27_1.91_24.28_-4.25_-22.94_30.94_-15.13_-27.37_0.2489_0.4703_-0.7249_-0.4375end2.08_8.30_2.77_24.28_-4.25_-22.94_30.94_-15.13_-27.37_0.2497_0.4692_-0.7249_-0.4381end2.08_8.30_2.77_24.28_-4.25_-22.94_31.25_-16.12_-27.37_0.2497_0.4692_-0.7249_-0.4381end2.23_8.35_3.34_24.28_-4.25_-22.94_31.25_-16.12_-27.37_0.2526_0.4661_-0.7250_-0.4396end2.09_8.40_3.77_24.73_16.11_-25.07_30.19_-15.13_-27.37_0.2539_0.4653_-0.7249_-0.4399end2.09_8.40_3.77_24.17_23.16_-25.29_30.19_-15.44_-27.87_0.25,24.1293564,120.7289394,115.69999694824219
1235,39_0.4653_-0.7249_-0.4399end2.09_8.40_3.77_24.17_23.16_-25.29_30.19_-15.44_-27.87_0.2592_0.4635_-0.7242_-0.4399end1.78_8.45_4.02_24.17_23.16_-25.29_31.31_-15.13_-27.81_0.2592_0.4635_-0.7242_-0.4399end,24.1293564,120.7289394,115.69999694824219
1236,,24.1293564,120.7289394,115.69999694824219
1237,,24.1293564,120.7289394,115.69999694824219
1238,,24.1293564,120.7289394,115.69999694824219
1239,,24.1293564,120.7289394,115.69999694824219
1240,,24.1293564,120.7289394,115.69999694824219
1241,1.51_8.38_3.81_22.05_35.92_-27.31_31.31_-15.13_-27.81_0.2612_0.4631_-0.7239_-0.4396end1.51_8.38_3.81_22.05_35.92_-27.31_31.31_-15.13_-27.81_0.2633_0.4626_-0.7237_-0.4393end1.51_8.38_3.81_21.37_36.48_-28.54_31.31_-15.13_-27.81_0.2675_0.4617_-0.7231_-0.4385end1.34_8.38_3.62_21.37_36.48_-28.54_32.00_-15.44_-26.44_0.2675_0.4617_-0.7,24.1293564,120.7289394,115.69999694824219
1242,231_-0.4385end1.34_8.38_3.62_21.93_35.59_-29.21_32.00_-15.44_-26.44_0.2740_0.4602_-0.7224_-0.4374end0.93_8.45_3.62_22.72_42.30_-29.66_32.00_-15.44_-26.44_0.2740_0.4602_-0.7224_-0.4374end0.74_8.49_3.73_22.72_42.30_-29.66_32.00_-15.44_-26.44_0.2786_0.4594_-0.7217_-0.4365end0.71_8.46_3.75_21.93_51.25_-30.66_32.00_-15.44_-26.44_0.2786_0.4594_-0.7217_-0.4365end0.71_8.46_3.75_22.16_53.71_-31.11_32.00_-15.44_-26.44_0.2836_0.4587_-0.7209_-0.4353end0.71_8.46_3.75_22.16_53.71_-31.11_32.00_-15.44_-26.44_0.2889_0.4582_-0.7200_-0.4339end,24.1293564,120.7289394,115.69999694824219
1243,,24.1293564,120.7289394,115.69999694824219
1244,,24.1293564,120.7289394,115.69999694824219
1245,,24.1293564,120.7289394,115.69999694824219
1246,,24.1293564,120.7289394,115.69999694824219
1247,,24.1293564,120.7289394,115.69999694824219
1248,,24.1293564,120.7289394,115.69999694824219
1249,0.38_8.49_3.31_22.16_53.71_-31.11_32.00_-15.44_-26.44_0.2889_0.4582_-0.7200_-0.4339end0.21_8.50_3.26_22.16_53.71_-31.11_33.50_-14.69_-23.62_0.2889_0.4582_-0.7200_-0.4339end0.21_8.50_3.26_22.16_53.71_-31.11_33.88_-15.00_-23.62_0.2977_0.4578_-0.7183_-0.4312end-0.68_8.49_3.43_22.16_53.71_-31.11_33.88_-15.00_-23.62_0.3041_0.4579_-0.7169_-0.4290end-0.68_8.49_3.43_22.94_82.59_-31.11_33.50_-14.38_-25.00_0.3041_0.4579_-0.7169_-0.4290end-1.28_8.54_3.71_23.28_88.85_-30.89_33.50_-14.38_-25.00_0.3041_0.4579_-0.7169_-0.4290end-1.28_8.54_3.71_23.39_94.11_-30.77_33.50_-14.38_-25.00_0.3192_0.4592_-0.7128_-0.4234end-2.46_8.67_4.19_23.39_94.11_-30.77_35.31_-14.63_-21.81,24.1293564,120.7289394,115.69999694824219
1250,_0.3192_0.4592_-0.7128_-0.4234end-2.80_8.71_4.18_23.05_100.38_-28.87_35.31_-14.63_-21.81_0.3192_0.4592_-0.7128_-0.4234end-3.44_8.73_4.09_23.05_100.38_-28.87_35.69_-14.31_-21.81_0.3352_0.4615_-0.7077_-0.4169end,24.1293564,120.7289394,115.69999694824219
1251,,24.1293564,120.7289394,115.69999694824219
1252,,24.1293564,120.7289394,115.69999694824219
1253,,24.1293564,120.7289394,115.69999694824219
1254,,24.1293564,120.7289394,115.69999694824219
1255,,24.1293564,120.7289394,115.69999694824219
1256,-3.77_8.77_4.01_23.05_100.38_-28.87_35.69_-14.63_-21.31_0.3390_0.4620_-0.7065_-0.4154end-4.48_8.79_3.43_23.05_100.38_-28.87_35.69_-14.63_-21.31_0.3390_0.4620_-0.7065_-0.4154end-4.58_8.79_3.18_21.15_78.33_-23.84_37.19_-14.25_-18.06_0.3390_0.4620_-0.7065_-0.4154end-4.58_8.79_3.18_21.60_69.38_-22.94_37.19_-14.25_-18.06_0.3490_0.463,24.1293564,120.7289394,115.69999694824219
1257,1_-0.7031_-0.4115end-4.58_8.79_3.18_21.71_60.76_-21.82_35.31_-13.56_-20.37_0.3518_0.4633_-0.7021_-0.4105end-4.58_8.79_3.18_21.82_47.78_-19.81_35.31_-13.56_-20.37_0.3518_0.4633_-0.7021_-0.4105end-4.58_8.79_3.18_21.93_43.98_-18.69_35.31_-13.56_-20.37_0.3567_0.4633_-0.7006_-0.4091end-4.58_8.79_3.18_21.82_41.96_-17.01_35.31_-13.56_-20.37_0.3608_0.4630_-0.6992_-0.4081end-5.00_8.95_3.01_21.26_41.29_-15.22_35.31_-13.56_-20.37_0.3608_0.4630_-0.6992_-0.4081end-5.00_8.95_3.01_21.26_41.29_-15.22_35.31_-13.56_-20.37_0.3666_0.4628_-0.6970_-0.4070end,24.1293564,120.7289394,115.69999694824219
1258,,24.1293564,120.7289394,115.69999694824219
1259,,24.1293564,120.7289394,115.69999694824219
1260,,24.1293564,120.7289394,115.69999694824219
1261,,24.1293564,120.7289394,115.69999694824219
1262,,24.1293564,120.7289394,115.69999694824219
1263,,24.1293564,120.7289394,115.69999694824219
1264,,24.1293564,120.7289394,115.69999694824219
1265,-5.73_9.03_3.14_21.26_41.29_-15.22_37.19_-13.19_-18.50_0.3666_0.4628_-0.6970_-0.4070end-6.09_9.02_3.16_21.26_41.29_-15.22_37.19_-13.19_-18.50_0.3666_0.4628_-0.6970_-0.4070end-6.38_9.03_2.97_21.26_41.29_-15.22_37.19_-13.19_-18.50_0.3739_0.4633_-0.6936_-0.4055end-6.38_9.03_2.97_17.35_31.22_-5.71_36.81_-14.19_-17.56_0.3754_0.4634_-0.6929_-0.4053end-6.51_9.05_2.80_17.35_31.22_-5.71_36.81_-14.19_-17.56_0.3754_0.4634_-0.6929_-0.4053end-6.41_9.05_2.75_17.35_31.22_-5.71_37.94_-13.50_-16.69_0.3777_0.4629_-0.6915_-0.4061end-6.28_9.09_2.73_17.35_31.22_-5.71_37.56_-13.19_-18.06_0.3777_0.4624_-0.6913_-0.4069end-5.45_9.11_2.52_17.35_31.22_-5.71_37.56_-13.19_-18.06_0.3773_0.4617_-0.6914_-0.4080end-5.10_9.07_2.36_17.35_31.22_-5.71_38.63_-14.19_-18.06_0.3773_0.4617_-0.6914_-0.4080end-5.10_9.07_2.36_13.76_-50.02_4.36_38.63_-14.19_-18.06_0.3754_0.4600_-0.6920_-0.4106end,24.1293564,120.7289394,115.69999694824219
1266,,24.1293564,120.7289394,115.69999694824219
1267,,24.1293564,120.7289394,115.69999694824219
1268,,24.1293564,120.7289394,115.69999694824219
1269,,24.1293564,120.7289394,115.69999694824219
1270,,24.1293564,120.7289394,115.69999694824219
1271,,24.1293564,120.7289394,115.69999694824219
1272,,24.1293564,120.7289394,115.69999694824219
1273,-3.08_9.05_1.29_13.76_-50.02_4.36_36.81_-13.50_-17.56_0.3728_0.4579_-0.6930_-0.4137end-2.51_9.05_0.85_13.76_-50.02_4.36_37.88_-14.94_-18.56_0.3714_0.4568_-0.6935_-0.4153end-2.02_9.00_0.33_12.65_-44.65_5.48_37.88_-14.94_-18.56_0.3714_0.4568_-0.6935_-0.4153end-1.16_8.96_-0.36_12.42_-33.80_4.92_37.88_-14.94_-18.56_0.3683_0.4545_-0.6943_-0.4191end-0.78_8.95_-0.89_12.76_-0.22_3.69_37.50_-14.25_-20.37_0.3682_0.4542_-0.6942_-0.4197end-0.48_8.93_-1.27_12.76_-0.22_3.69_37.50_-14.25_-20.37_0.3682_0.4542_-0.6942_-0.4197end-0.66_9.02_-1.09_12.76_-0.22_3.69_37.50_-14.25_-20.37_0.3712_0.4553_-0.6920_-0.4196end-1.11_8.98_-0.75_12.20_67.70_4.81_37.19_-13.88_-17.56_0.3732_0.4563_-0.6907_-0.4189end-1.62_9.00_-0.34_10.52_79.57_4.81_37.19_-13.88_-17.56_0.3755_0.4576_-0.6891_-0.4179end-2.06_9.05_-0.05_10.52_79.57_4.81_37.94_-14.56_-16.69_0.3782_0.4590_-0.6875_-0.4167end,24.1293564,120.7289394,115.69999694824219
1274,,24.1293564,120.7289394,115.69999694824219
1275,,24.1293564,120.7289394,115.69999694824219
1276,,24.1293564,120.7289394,115.69999694824219
1277,,24.1293564,120.7289394,115.69999694824219
1278,,24.1293564,120.7289394,115.69999694824219
1279,-3.59_9.19_1.43_7.61_88.07_5.60_37.94_-14.56_-16.69_0.3782_0.4590_-0.6875_-0.4167end-3.59_9.19_1.43_3.58_71.40_6.94_37.94_-14.56_-16.69_0.3857_0.4636_-0.6827_-0.4127end-4.26_9.27_1.74_3.58_71.40_6.94_37.19_-13.88_-16.69_0.3874_0.4648_-0.6815_-0.4117end-4.66_9.21_1.52_3.58_71.40_6.94_37.19_-13.88_-16.69_0.3887_0.4657_-0.6805_-0.4111end-4.66_9.21_1.52_2.24_19.25_9.62_37.88_-14.87_-16.69_0.3887_0.4657_-0.6805_-0.4111end-4.66_9.21_1.52_1.57_-1.23_10.97_37.56_-14.50_-14.81_0.3896_0.4668_-0.6793_-0.4109end-3.84_9.18_2.19_1.57_-1.23_10.97_37.56_-14.50_-14.81_0.3893_0.4672_-0.6788_-0.4115end-3.78_9.19_2.50_1.12_-8.17_12.42_37.56_-13.81_-15.31_0.3893_0.4672_-0.,24.1293564,120.7289394,115.69999694824219
1280,6788_-0.4115end-3.78_9.19_2.50_0.34_-10.74_13.76_37.56_-13.81_-15.31_0.3893_0.4672_-0.6788_-0.4115end-3.82_9.23_2.92_0.34_-10.74_13.76_37.56_-13.81_-15.31_0.3870_0.4679_-0.6785_-0.4135end,24.1293564,120.7289394,115.69999694824219
1281,,24.1293564,120.7289394,115.69999694824219
1282,,24.1293564,120.7289394,115.69999694824219
1283,,24.1293564,120.7289394,115.69999694824219
1284,,24.1293564,120.7289394,115.69999694824219
1285,,24.1293564,120.7289394,115.69999694824219
1286,,24.1293564,120.7289394,115.69999694824219
1287,-4.02_9.21_2.84_0.34_-10.74_13.76_37.56_-13.81_-15.31_0.3861_0.4680_-0.6785_-0.4142end-4.16_9.17_2.73_0.34_-10.74_13.76_37.56_-13.81_-15.31_0.3861_0.4680_-0.6785_-0.4142end-3.97_9.14_2.71_0.34_-10.74_13.76_37.56_-13.81_-15.31_0.3861_0.4680_-0.6785_-0.4142end-3.95_9.13_2.81_0.34_-10.74_13.76_37.56_-13.81_-15.31_0.3826_0.4688_-0.6783_-0.4167end-3.95_9.13_2.81_0.34_-10.74_13.76_37.88_-15.56_-16.69_0.3818_0.4691_-0.6782_-0.4174end-3.49_9.13_2.96_0.34_-10.74_13.76_37.88_-15.56_-16.69_0.3810_0.4694_-0.6781_-0.4180end-3.33_9.13_3.61_0.34_-10.74_13.76_37.88_-15.56_-16.69_0.3810_0.4694_-0.6781_-0.4180end-3.36_9.13_3.92_-0.22_-13.99_22.94_37.88_-15.56_-16.69_0.3,24.1293564,120.7289394,115.69999694824219
1288,810_0.4694_-0.6781_-0.4180end-3.22_9.19_4.13_-0.22_-13.99_22.94_37.88_-15.94_-17.19_0.3785_0.4703_-0.6776_-0.4202end-3.16_9.19_4.17_0.00_-12.20_23.50_37.88_-15.94_-17.19_0.3770_0.4710_-0.6771_-0.4215end,24.1293564,120.7289394,115.69999694824219
1289,,24.1293564,120.7289394,115.69999694824219
1290,,24.1293564,120.7289394,115.69999694824219
1291,,24.1293564,120.7289394,115.69999694824219
1292,,24.1293564,120.7289394,115.69999694824219
1293,,24.1293564,120.7289394,115.69999694824219
1294,-2.95_9.16_4.21_0.00_-12.20_23.50_37.88_-15.94_-17.19_0.3762_0.4715_-0.6768_-0.4221end-2.61_9.09_4.05_0.00_-12.20_23.50_36.44_-16.25_-16.25_0.3762_0.4715_-0.6768_-0.4221end-2.50_9.08_3.97_0.00_-12.20_23.50_36.44_-16.25_-16.25_0.3739_0.4728_-0.6759_-0.4240end-2.36_9.02_3.95_0.00_-12.20_23.50_36.44_-16.25_-16.75_0.3729_0.4733_-0.6757_-0.4247end-1.88_9.08_4.61_0.00_-12.20_23.50_36.44_-16.25_-16.75_0.3716_0.4735_-0.6756_-0.4257end-1.77_9.07_4.89_0.00_-12.20_23.50_36.44_-16.31_-17.19_0.3716_0.4735_-0.6756_-0.4257end-1.77_9.07_4.89_0.00_-12.20_23.50_36.44_-16.62_-17.62_0.3687_0.4737_-0.6756_-0.4281end-0.62_9.09_5.84_0.00_-12.20_23.50_36.44_-16.62_-17.62_0.36,24.1293564,120.7289394,115.69999694824219
1295,53_0.4734_-0.6758_-0.4309end-0.62_9.09_5.84_0.00_-12.20_23.50_35.31_-15.63_-17.62_0.3635_0.4732_-0.6760_-0.4324end-0.62_9.09_5.84_0.00_-12.20_23.50_36.81_-16.62_-18.12_0.3615_0.4730_-0.6763_-0.4340end,24.1293564,120.7289394,115.69999694824219
1296,,24.1293564,120.7289394,115.69999694824219
1297,,24.1293564,120.7289394,115.69999694824219
1298,,24.1293564,120.7289394,115.69999694824219
1299,,24.1293564,120.7289394,115.69999694824219
1300,,24.1293564,120.7289394,115.69999694824219
1301,,24.1293564,120.7289394,115.69999694824219
1302,0.96_9.04_5.64_0.00_-12.20_23.50_36.81_-16.62_-18.12_0.3574_0.4722_-0.6769_-0.4372end1.30_9.02_5.53_3.69_-57.97_25.18_35.31_-16.31_-17.25_0.3574_0.4722_-0.6769_-0.4372end1.30_9.02_5.53_3.69_-57.97_25.18_35.31_-16.31_-17.25_0.3510_0.4707_-0.6779_-0.4423end1.90_9.02_5.25_3.69_-57.97_25.18_35.69_-17.00_-19.00_0.3510_0.4707_-0.6779_-0.4423end1.90_9.02_5.25_7.61_-47.00_21.82_35.69_-17.00_-19.00_0.3490_0.4702_-0.6782_-0.4441end1.90_9.02_5.25_7.61_-47.00_21.82_35.31_-17.69_-19.50_0.3472_0.4697_-0.6783_-0.4456end1.90_9.02_5.25_9.40_-35.36_20.03_35.31_-17.69_-19.50_0.3449_0.4692_-0.6782_-0.4482end3.98_9.09_6.22_9.40_-35.36_20.03_34.19_-18.37_-19.56_0.3449_0.4692_-0.6782_-0.4482end3.98_9.09_6.22_11.19_20.81_16.00_34.19_-18.37_-19.56_0.3455_0.4706_-0.6761_-0.4494end4.05_9.14_6.55_11.19_20.81_16.00_34.19_-18.37_-19.56_0.3469_0.4717_-0.6749_-0.4491end,24.1293564,120.7289394,115.69999694824219
1303,,24.1293564,120.7289394,115.69999694824219
1304,,24.1293564,120.7289394,115.69999694824219
1305,,24.1293564,120.7289394,115.69999694824219
1306,,24.1293564,120.7289394,115.69999694824219
1307,,24.1293564,120.7289394,115.69999694824219
1308,,24.1293564,120.7289394,115.69999694824219
1309,3.07_9.09_6.80_11.19_20.81_16.00_34.19_-18.37_-19.56_0.3469_0.4717_-0.6749_-0.4491end2.71_9.10_6.93_11.19_20.81_16.00_35.31_-17.31_-18.12_0.3469_0.4717_-0.6749_-0.4491end2.40_9.13_7.17_11.19_20.81_16.00_36.06_-18.37_-18.62_0.3559_0.4777_-0.6682_-0.4457end2.27_9.18_7.57_11.19_20.81_16.00_36.06_-18.37_-18.62_0.3591_0.4794_-0.6661_-0.4443end1.90_9.21_8.08_11.19_20.81_16.00_36.06_-18.37_-18.62_0.3591_0.4794_-0.6661_-0.4443end1.71_9.17_8.20_23.05_120.07_6.83_36.06_-18.37_-18.62_0.3591_0.4794_-0.6661_-0.4443end0.89_9.35_8.08_23.05_120.07_6.83_36.06_-17.62_-15.38_0.3745_0.4874_-0.6562_-0.4376end0.62_8.88_8.00_25.63_140.55_7.39_36.44_-17.62_-16.25_0.3790_0.489,24.1293564,120.7289394,115.69999694824219
1310,8_-0.6533_-0.4355end-0.42_8.74_7.68_25.63_140.55_7.39_36.44_-17.62_-16.25_0.3790_0.4898_-0.6533_-0.4355end-1.34_9.08_7.64_25.63_140.55_7.39_36.44_-17.62_-16.25_0.3879_0.4946_-0.6473_-0.4312end,24.1293564,120.7289394,115.69999694824219
1311,,24.1293564,120.7289394,115.69999694824219
1312,,24.1293564,120.7289394,115.69999694824219
1313,,24.1293564,120.7289394,115.69999694824219
1314,,24.1293564,120.7289394,115.69999694824219
1315,,24.1293564,120.7289394,115.69999694824219
1316,-1.66_9.25_6.95_31.56_139.10_8.17_36.44_-17.62_-16.25_0.3879_0.4946_-0.6473_-0.4312end-1.66_9.25_6.95_31.56_139.10_8.17_36.44_-17.62_-16.25_0.4015_0.5012_-0.6379_-0.4251end-2.19_9.16_6.96_31.56_139.10_8.17_36.44_-17.62_-16.25_0.4058_0.5031_-0.6348_-0.4234end-2.55_9.16_7.02_31.56_139.10_8.17_36.44_-17.62_-16.25_0.4058_0.5031_-0.6,24.1293564,120.7289394,115.69999694824219
1317,348_-0.4234end-2.58_9.18_6.96_37.49_123.10_9.62_36.44_-17.62_-16.25_0.4058_0.5031_-0.6348_-0.4234end-2.70_9.19_6.75_37.26_120.19_11.08_37.94_-18.62_-12.13_0.4058_0.5031_-0.6348_-0.4234end-2.70_9.19_6.75_37.71_118.17_12.42_37.94_-18.62_-12.13_0.4260_0.5117_-0.6193_-0.4161end-3.18_9.04_6.00_38.27_113.47_14.32_37.56_-18.94_-10.31_0.4260_0.5117_-0.6193_-0.4161end-3.18_9.04_6.00_39.17_108.88_15.33_37.56_-18.94_-10.31_0.4260_0.5117_-0.6193_-0.4161end-3.18_9.04_6.00_39.17_108.88_15.33_37.94_-18.87_-7.56_0.4332_0.5148_-0.6132_-0.4138end,24.1293564,120.7289394,115.69999694824219
1318,,24.1293564,120.7289394,115.69999694824219
1319,,24.1293564,120.7289394,115.69999694824219
1320,,24.1293564,120.7289394,115.69999694824219
1321,,24.1293564,120.7289394,115.69999694824219
1322,,24.1293564,120.7289394,115.69999694824219
1323,,24.1293564,120.7289394,115.69999694824219
1324,-3.18_9.04_6.00_41.85_76.66_18.58_37.94_-18.87_-7.56_0.4426_0.5186_-0.6046_-0.4118end-3.35_8.97_5.43_41.85_76.66_18.58_37.94_-18.87_-7.56_0.4426_0.5186_-0.6046_-0.4118end-3.24_9.00_5.41_41.85_76.66_18.58_37.94_-18.87_-7.56_0.4426_0.5186_-0.6046_-0.4118end-3.10_8.95_5.21_41.85_76.66_18.58_37.94_-18.87_-7.56_0.4426_0.5186_-0.6046_-0.4118end-3.10_8.95_5.21_41.85_76.66_18.58_38.31_-18.50_-7.06_0.4509_0.5201_-0.5948_-0.4153end-2.30_8.84_4.59_42.75_-7.16_23.50_38.31_-18.50_-7.06_0.4514_0.5197_-0.5936_-0.4169end-1.96_8.82_4.36_42.75_-7.16_23.50_38.31_-19.50_-4.81_0.4517_0.5192_-0.5925_-0.4188end-1.65_8.82_4.05_42.75_-7.16_23.50_37.56_-19.87_-6.62_0.4517_0.5184_-0.5917_-0.4209end-1.65_8.82_4.05_45.55_-40.62_25.29_37.56_-20.56_-6.69_0.4515_0.5176_-0.5909_-0.4232end-0.49_8.74_2.85_45.55_-40.62_25.29_37.56_-20.56_-6.69_0.4506_0.5154_-0.5898_-0.4283end,24.1293564,120.7289394,115.69999694824219
1325,,24.1293564,120.7289394,115.69999694824219
1326,,24.1293564,120.7289394,115.69999694824219
1327,,24.1293564,120.7289394,115.69999694824219
1328,,24.1293564,120.7289394,115.69999694824219
1329,,24.1293564,120.7289394,115.69999694824219
1330,,24.1293564,120.7289394,115.69999694824219
1331,,24.1293564,120.7289394,115.69999694824219
1332,,24.1293564,120.7289394,115.69999694824219
1333,-0.49_8.74_2.85_46.66_-47.56_24.84_37.94_-20.25_-7.56_0.4506_0.5154_-0.5898_-0.4283end0.18_8.78_2.50_46.66_-47.56_24.84_37.94_-20.25_-7.56_0.4494_0.5129_-0.5889_-0.4338end0.45_8.78_2.31_46.44_-51.70_23.95_37.94_-20.25_-7.56_0.4494_0.5129_-0.5889_-0.4338end0.68_8.81_2.06_46.44_-51.70_23.95_37.94_-20.25_-7.56_0.4472_0.5089_-0.5878_-0.4422end0.68_8.81_2.06_46.44_-51.70_23.95_37.94_-20.56_-7.56_0.4465_0.5074_-0.5875_-0.4450end1.39_8.75_0.91_46.44_-51.70_23.95_37.94_-20.56_-7.56_0.4457_0.5060_-0.5872_-0.4478end1.56_8.75_0.64_45.88_-52.15_20.48_37.94_-20.56_-7.56_0.4457_0.5060_-0.5872_-0.4478end1.63_8.79_0.30_45.88_-52.15_20.48_37.94_-20.56_-7.56_0.4443_0.5032_-0.5866_-0.4532end1.63_8.79_0.30_45.88_-45.32_18.91_37.94_-20.56_-7.56_0.4437_0.5018_-0.5862_-0.4558end1.63_8.79_0.30_45.88_-45.32_18.91_36.81_-20.62_-7.56_0.4431_0.5004_-0.5858_-0.4584end,24.1293564,120.7289394,115.69999694824219
1334,,24.1293564,120.7289394,115.69999694824219
1335,,24.1293564,120.7289394,115.69999694824219
1336,,24.1293564,120.7289394,115.69999694824219
1337,,24.1293564,120.7289394,115.69999694824219
1338,,24.1293564,120.7289394,115.69999694824219
1339,,24.1293564,120.7289394,115.69999694824219
1340,1.63_8.79_0.30_45.32_-41.52_17.68_36.81_-20.62_-7.56_0.4426_0.4991_-0.5853_-0.4608end1.63_8.79_0.30_45.32_-41.52_17.68_37.19_-22.31_-6.75_0.4421_0.4979_-0.5848_-0.4633end1.63_8.79_0.30_44.87_-40.85_16.45_37.19_-22.31_-6.75_0.4418_0.4966_-0.5844_-0.4656end1.90_8.97_-0.15_43.20_-41.18_14.88_37.19_-22.31_-6.75_0.4405_0.4926_-0.5831_-0.4725end2.21_9.00_-0.55_43.20_-41.18_14.88_36.44_-22.69_-7.12_0.4405_0.4926_-0.5831_-0.4725end2.30_9.05_-0.66_40.73_-41.18_11.53_36.44_-22.69_-7.12_0.4393_0.4886_-0.5822_-0.4789end2.41_9.07_-0.85_40.73_-41.18_11.53_36.44_-22.69_-7.12_0.4389_0.4872_-0.5820_-0.4810end2.70_9.09_-1.31_40.73_-41.18_11.53_36.44_-22.69_-7.12_0.4389_,24.1293564,120.7289394,115.69999694824219
1341,0.4872_-0.5820_-0.4810end2.79_9.11_-1.45_37.26_-40.73_6.83_37.19_-22.69_-7.62_0.4389_0.4872_-0.5820_-0.4810end2.79_9.11_-1.45_37.26_-40.73_6.83_37.19_-22.69_-7.62_0.4373_0.4816_-0.5814_-0.4887end,24.1293564,120.7289394,115.69999694824219
1342,,24.1293564,120.7289394,115.69999694824219
1343,,24.1293564,120.7289394,115.69999694824219
1344,,24.1293564,120.7289394,115.69999694824219
1345,,24.1293564,120.7289394,115.69999694824219
1346,2.79_9.11_-1.45_37.26_-40.73_6.83_34.94_-23.06_-9.00_0.4370_0.4802_-0.5812_-0.4905end3.16_9.22_-1.71_37.26_-40.73_6.83_35.69_-23.00_-8.13_0.4367_0.4788_-0.5811_-0.4923end3.29_9.24_-1.88_37.26_-40.73_6.83_35.69_-23.00_-8.13_0.4367_0.4788_-0.5811_-0.4923end3.43_9.30_-1.89_37.26_-40.73_6.83_35.69_-23.00_-8.13_0.4367_0.4788_-0.5811_,24.1293564,120.7289394,115.69999694824219
1347,-0.4923end3.43_9.27_-1.84_37.26_-40.73_6.83_35.69_-23.69_-8.63_0.4368_0.4739_-0.5803_-0.4979end3.34_9.30_-1.80_37.26_-40.73_6.83_35.69_-23.69_-8.63_0.4373_0.4731_-0.5798_-0.4988end3.18_9.30_-1.78_37.26_-40.73_6.83_35.69_-23.69_-8.63_0.4380_0.4725_-0.5792_-0.4995end3.18_9.30_-1.78_37.26_-40.73_6.83_35.69_-23.69_-8.63_0.4402_0.471,24.1293564,120.7289394,115.69999694824219
1348,8_-0.5775_-0.5002end2.23_9.42_-1.24_37.26_-40.73_6.83_35.69_-23.69_-8.63_0.4402_0.4718_-0.5775_-0.5002end1.65_9.46_-0.91_37.26_-40.73_6.83_35.69_-23.69_-8.63_0.4433_0.4719_-0.5751_-0.5001end,24.1293564,120.7289394,115.69999694824219
1349,,24.1293564,120.7289394,115.69999694824219
1350,,24.1293564,120.7289394,115.69999694824219
1351,,24.1293564,120.7289394,115.69999694824219
1352,,24.1293564,120.7289394,115.69999694824219
1353,,24.1293564,120.7289394,115.69999694824219
1354,1.65_9.46_-0.91_28.54_47.00_-6.38_36.81_-23.00_-8.63_0.4433_0.4719_-0.5751_-0.5001end1.65_9.46_-0.91_28.54_47.00_-6.38_36.81_-23.00_-8.63_0.4491_0.4729_-0.5709_-0.4988end0.86_9.49_-0.64_28.54_47.00_-6.38_36.81_-23.00_-8.63_0.4491_0.4729_-0.5709_-0.4988end0.86_9.49_-0.64_28.54_47.00_-6.38_36.81_-23.00_-8.63_0.4512_0.4734_-0.5693_,24.1293564,120.7289394,115.69999694824219
1355,,24.1293564,120.7289394,115.69999694824219
1356,,24.1293564,120.7289394,115.69999694824219
1357,,24.1293564,120.7289394,115.69999694824219
1358,-0.4982end0.86_9.49_-0.64_28.54_47.00_-6.38_36.81_-23.00_-8.63_0.4572_0.4748_-0.5651_-0.4962end-0.16_9.54_-0.82_28.54_47.00_-6.38_36.81_-22.25_-4.37_0.4590_0.4752_-0.5638_-0.4957end-0.70_9.55_-0.73_28.54_47.00_-6.38_36.81_-22.25_-4.37_0.4590_0.4752_-0.5638_-0.4957end-0.77_9.57_-0.64_21.71_36.26_-7.27_36.81_-22.25_-4.37_0.4590_0.,24.1293564,120.7289394,115.69999694824219
1359,4752_-0.5638_-0.4957end-0.77_9.57_-0.64_20.93_26.30_-6.94_36.81_-22.25_-4.37_0.4637_0.4758_-0.5605_-0.4944end-0.77_9.57_-0.64_20.93_26.30_-6.94_36.81_-22.25_-4.37_0.4661_0.4758_-0.5589_-0.4940end,24.1293564,120.7289394,115.69999694824219
1360,,24.1293564,120.7289394,115.69999694824219
1361,,24.1293564,120.7289394,115.69999694824219
1362,-0.87_9.63_-0.02_20.93_26.30_-6.94_36.81_-22.25_-4.37_0.4661_0.4758_-0.5589_-0.4940end-0.84_9.63_0.18_20.59_13.09_-6.49_36.81_-22.25_-4.37_0.4661_0.4758_-0.5589_-0.4940end-0.89_9.64_0.61_20.59_13.09_-6.49_36.44_-23.25_-4.87_0.4697_0.4747_-0.5565_-0.4944end-0.71_9.64_0.46_20.48_7.50_-4.92_36.44_-23.25_-4.87_0.4705_0.4743_-0.5560_-0.4946end-1.03_9.68_0.72_20.48_7.50_-4.92_36.44_-23.25_-4.87_0.4705_0.4743_-0.5560_-0.4946end-1.17_9.65_0.93_20.48_7.50_-4.92_36.44_-23.31_-5.37_0.4705_0.4743_-0.5560_-0.4946end-1.17_9.65_0.93_19.81_22.38_-5.04_36.44_-23.31_-5.37_0.4740_0.4736_-0.5533_-0.4948end-1.17_9.64_0.88_19.81_22.38_-5.04_36.13_-22.62_-5.37_0.4740_0.4736_,24.1293564,120.7289394,115.69999694824219
1363,-0.5533_-0.4948end-1.17_9.64_0.88_20.37_19.02_-4.25_36.13_-22.62_-5.37_0.4750_0.4735_-0.5526_-0.4948end-1.17_9.64_0.88_20.37_19.02_-4.25_36.13_-22.62_-5.37_0.4767_0.4731_-0.5512_-0.4951end,24.1293564,120.7289394,115.69999694824219
1364,,24.1293564,120.7289394,115.69999694824219
1365,,24.1293564,120.7289394,115.69999694824219
1366,,24.1293564,120.7289394,115.69999694824219
1367,,24.1293564,120.7289394,115.69999694824219
1368,,24.1293564,120.7289394,115.69999694824219
1369,-1.17_9.64_0.88_22.05_8.84_-3.25_36.13_-22.62_-5.37_0.4775_0.4728_-0.5506_-0.4953end-1.41_9.68_1.48_22.05_8.84_-3.25_36.13_-22.62_-5.37_0.4783_0.4724_-0.5500_-0.4956end-1.41_9.68_1.48_22.72_6.83_-3.36_36.81_-23.25_-4.37_0.4797_0.4716_-0.5488_-0.4963end-1.18_9.64_2.35_22.72_6.83_-3.36_36.81_-23.25_-4.37_0.4797_0.4716_-0.5488_-0.4963end-1.03_9.68_2.43_22.72_6.83_-3.36_36.81_-23.25_-4.37_0.4808_0.4705_-0.5479_-0.4973end-1.03_9.68_2.43_22.72_6.83_-3.36_36.81_-23.25_-4.37_0.4813_0.4699_-0.5474_-0.4978end-0.64_9.56_2.44_22.72_6.83_-3.36_36.81_-23.25_-4.37_0.4822_0.4686_-0.5466_-0.4991end-0.48_9.57_2.46_22.72_6.83_-3.36_36.81_-23.25_-4.37_0.4827_0.4679_-0.5461_-0.4998end-0.09_9.55_2.23_22.72_6.83_-3.36_36.44_-21.94_-5.37_0.4827_0.4679_-0.5461_-0.4998end0.10_9.59_2.05_22.72_6.83_-3.36_36.44_-21.94_-5.37_0.4843_0.4656_-0.5447_-0.5018end,24.1293564,120.7289394,115.69999694824219
1370,,24.1293564,120.7289394,115.69999694824219
1371,,24.1293564,120.7289394,115.69999694824219
1372,,24.1293564,120.7289394,115.69999694824219
1373,,24.1293564,120.7289394,115.69999694824219
1374,,24.1293564,120.7289394,115.69999694824219
1375,,24.1293564,120.7289394,115.69999694824219
1376,,24.1293564,120.7289394,115.69999694824219
1377,0.10_9.59_2.05_22.72_6.83_-3.36_37.19_-22.56_-3.00_0.4850_0.4650_-0.5442_-0.5024end0.48_9.50_1.10_22.72_6.83_-3.36_37.19_-22.56_-3.00_0.4857_0.4644_-0.5435_-0.5030end0.44_9.49_0.77_28.54_10.97_-2.91_37.19_-22.56_-3.00_0.4857_0.4644_-0.5435_-0.5030end0.31_9.43_0.18_28.54_10.97_-2.91_37.19_-22.56_-3.00_0.4875_0.4636_-0.5419_-0.5037end-0.04_9.47_-0.15_28.54_10.97_-2.91_37.19_-22.56_-3.00_0.4875_0.4636_-0.5419_-0.5037end-0.17_9.46_-0.28_28.54_10.97_-2.91_37.19_-22.56_-3.00_0.4911_0.4631_-0.5386_-0.5043end-0.59_9.48_-0.50_29.99_31.78_-2.35_37.19_-22.56_-3.00_0.4911_0.4631_-0.5386_-0.5043end-0.59_9.48_-0.50_29.99_31.78_-2.35_37.19_-23.56_-1.62_0.4938_0.4632_-0.5359_-0.5043end-0.91_9.50_-0.43_29.99_31.78_-2.35_37.19_-23.56_-1.62_0.4938_0.4632_-0.5359_-0.5043end-0.98_9.53_-0.30_29.99_31.78_-2.35_37.19_-23.56_-1.62_0.4977_0.4628_-0.5323_-0.5046end,24.1293564,120.7289394,115.69999694824219
1378,,24.1293564,120.7289394,115.69999694824219
1379,,24.1293564,120.7289394,115.69999694824219
1380,,24.1293564,120.7289394,115.69999694824219
1381,,24.1293564,120.7289394,115.69999694824219
1382,,24.1293564,120.7289394,115.69999694824219
1383,,24.1293564,120.7289394,115.69999694824219
1384,,24.1293564,120.7289394,115.69999694824219
1385,-0.92_9.51_-0.31_29.99_31.78_-2.35_37.19_-23.56_-1.62_0.4988_0.4625_-0.5313_-0.5050end-0.92_9.51_-0.31_30.10_-1.12_-2.69_37.19_-23.56_-1.62_0.4988_0.4625_-0.5313_-0.5050end-0.73_9.49_-0.25_30.10_-1.12_-2.69_36.88_-22.87_-1.19_0.5010_0.4605_-0.5293_-0.5068end-0.29_9.52_-0.36_30.10_-1.12_-2.69_36.88_-22.87_-1.19_0.5010_0.4605_-0.5,24.1293564,120.7289394,115.69999694824219
1386,293_-0.5068end-0.11_9.42_-0.31_30.10_-1.12_-2.69_36.88_-22.87_-1.19_0.5010_0.4605_-0.5293_-0.5068end0.07_9.43_-0.14_30.10_-1.12_-2.69_36.88_-22.87_-1.19_0.5025_0.4579_-0.5279_-0.5090end0.08_9.52_-0.13_29.77_-1.79_-2.24_36.88_-22.87_-1.19_0.5025_0.4579_-0.5279_-0.5090end-0.13_9.46_-0.05_29.77_-1.79_-2.24_36.88_-22.87_-1.19_0.5036_0.4564_-0.5268_-0.5104end-0.23_9.46_0.04_29.99_1.45_-1.34_36.88_-22.87_-1.19_0.5036_0.4564_-0.5268_-0.5104end-0.23_9.46_0.04_29.99_1.45_-1.34_36.88_-22.56_-0.75_0.5062_0.4538_-0.5240_-0.5130end,24.1293564,120.7289394,115.69999694824219
1387,,24.1293564,120.7289394,115.69999694824219
1388,,24.1293564,120.7289394,115.69999694824219
1389,,24.1293564,120.7289394,115.69999694824219
1390,,24.1293564,120.7289394,115.69999694824219
1391,,24.1293564,120.7289394,115.69999694824219
1392,-0.58_9.46_0.00_29.99_1.45_-1.34_36.88_-22.56_-0.75_0.5070_0.4532_-0.5233_-0.5135end-0.75_9.47_0.04_29.99_1.45_-1.34_36.88_-22.56_-0.75_0.5070_0.4532_-0.5233_-0.5135end-0.83_9.44_0.04_31.78_0.90_-1.79_37.25_-23.50_-0.25_0.5070_0.4532_-0.5233_-0.5135end-0.91_9.44_0.09_32.79_-1.90_-1.34_37.25_-23.50_-0.25_0.5092_0.4514_-0.5210_-0.,24.1293564,120.7289394,115.69999694824219
1393,,24.1293564,120.7289394,115.69999694824219
1394,,24.1293564,120.7289394,115.69999694824219
1395,5153end-1.12_9.42_0.19_32.79_-1.90_-1.34_37.25_-23.50_-0.25_0.5104_0.4498_-0.5197_-0.5168end-1.41_9.47_0.10_32.79_-1.90_-1.34_37.25_-23.50_-0.25_0.5109_0.4489_-0.5190_-0.5177end-1.50_9.39_-0.12_32.68_-12.20_-0.45_37.25_-23.50_-0.25_0.5109_0.4489_-0.5190_-0.5177end-1.59_9.51_-0.25_32.90_-15.78_-0.34_37.25_-23.50_-0.25_0.5120_0.4459_-0.5177_-0.5207end-1.63_9.36_-0.93_32.90_-15.78_-0.34_37.25_-21.87_-0.25_0.5121_0.4446_-0.5175_-0.5219end-1.55_9.26_-1.44_32.90_-15.78_-0.34_37.25_-21.87_-0.25_0.5121_0.4446_-0.5175_-0.5219end,24.1293564,120.7289394,115.69999694824219
1396,,24.1293564,120.7289394,115.69999694824219
1397,,24.1293564,120.7289394,115.69999694824219
1398,,24.1293564,120.7289394,115.69999694824219
1399,-1.48_9.52_-1.69_33.46_-32.68_-0.56_37.25_-21.87_-0.25_0.5121_0.4446_-0.5175_-0.5219end-1.45_9.44_-1.79_33.46_-32.68_-0.56_37.63_-22.19_-1.12_0.5118_0.4387_-0.5173_-0.5273end-1.55_9.42_-2.16_33.46_-32.68_-0.56_37.63_-22.19_-1.12_0.5115_0.4371_-0.5174_-0.5288end-1.80_9.43_-3.04_33.46_-32.68_-0.56_37.63_-22.19_-1.12_0.5115_0.4371_-0.5174_-0.5288end-1.87_9.44_-3.32_29.10_-45.55_1.79_37.25_-23.87_0.19_0.5115_0.4371_-0.5174_-0.5288end-1.92_9.40_-3.52_28.54_-48.34_1.68_37.25_-23.87_0.19_0.5094_0.4305_-0.5186_-0.5350end-1.94_9.45_-3.59_27.98_-51.59_1.45_37.25_-23.87_0.19_0.5087_0.4288_-0.5190_-0.5366end-1.75_9.47_-3.39_27.98_-51.59_1.45_37.25_-23.87_0.19_0.50,24.1293564,120.7289394,115.69999694824219
1400,81_0.4270_-0.5194_-0.5383end-1.42_9.55_-2.79_27.98_-51.59_1.45_36.88_-21.50_-0.25_0.5081_0.4270_-0.5194_-0.5383end-1.42_9.55_-2.79_27.42_-50.36_1.34_36.88_-21.50_-0.25_0.5067_0.4235_-0.5203_-0.5415end,24.1293564,120.7289394,115.69999694824219
1401,,24.1293564,120.7289394,115.69999694824219
1402,,24.1293564,120.7289394,115.69999694824219
1403,,24.1293564,120.7289394,115.69999694824219
1404,,24.1293564,120.7289394,115.69999694824219
1405,,24.1293564,120.7289394,115.69999694824219
1406,,24.1293564,120.7289394,115.69999694824219
1407,-1.42_9.55_-2.79_27.75_-47.78_1.57_37.25_-22.87_-1.19_0.5067_0.4235_-0.5203_-0.5415end-1.42_9.55_-2.79_28.20_-45.66_1.57_37.25_-22.87_-1.19_0.5049_0.4185_-0.5213_-0.5461end-1.42_9.55_-2.79_27.86_-47.34_2.91_36.88_-22.56_-2.12_0.5049_0.4185_-0.5213_-0.5461end-1.42_9.55_-2.79_26.86_-49.01_3.25_36.88_-22.56_-2.12_0.5037_0.4151_-0.5219_-0.5492end-0.83_9.51_-1.34_26.86_-49.01_3.25_36.88_-22.56_-2.12_0.5021_0.4119_-0.5227_-0.5523end-1.01_9.47_-1.57_26.86_-49.01_3.25_36.88_-22.56_-2.12_0.5013_0.4102_-0.5232_-0.5539end-0.89_9.45_-2.46_26.86_-49.01_3.25_36.88_-22.56_-2.12_0.5013_0.4102_-0.5232_-0.5539end-0.89_9.45_-2.46_26.86_-49.01_3.25_37.56_-23.56_-2.12_0.49,24.1293564,120.7289394,115.69999694824219
1408,94_0.4067_-0.5243_-0.5571end-0.45_9.43_-3.07_26.86_-49.01_3.25_37.56_-23.56_-2.12_0.4994_0.4067_-0.5243_-0.5571end-0.13_9.46_-2.62_25.18_-58.75_1.79_37.56_-23.56_-2.12_0.4994_0.4067_-0.5243_-0.5571end,24.1293564,120.7289394,115.69999694824219
1409,,24.1293564,120.7289394,115.69999694824219
1410,,24.1293564,120.7289394,115.69999694824219
1411,,24.1293564,120.7289394,115.69999694824219
1412,,24.1293564,120.7289394,115.69999694824219
1413,,24.1293564,120.7289394,115.69999694824219
1414,-0.08_9.46_-2.25_26.52_-58.64_1.79_37.56_-23.56_-2.12_0.4994_0.4067_-0.5243_-0.5571end-0.08_9.46_-2.25_26.30_-56.18_1.45_37.56_-23.56_-2.12_0.4939_0.3954_-0.5276_-0.5668end-0.00_9.50_-1.75_26.30_-56.18_1.45_37.19_-23.19_-2.12_0.4932_0.3938_-0.5280_-0.5682end-0.15_9.50_-1.78_26.30_-56.18_1.45_37.19_-23.19_-2.12_0.4926_0.3922_-0.5,24.1293564,120.7289394,115.69999694824219
1415,283_-0.5696end-0.27_9.44_-1.99_23.95_-37.26_1.57_37.19_-23.19_-2.12_0.4916_0.3895_-0.5286_-0.5720end-0.45_9.44_-2.21_23.95_-37.26_1.57_37.19_-23.19_-2.12_0.4913_0.3882_-0.5287_-0.5731end-0.76_9.46_-2.55_23.95_-37.26_1.57_37.19_-23.19_-2.12_0.4913_0.3882_-0.5287_-0.5731end-0.77_9.48_-2.53_23.95_-37.26_1.57_36.44_-24.31_-4.44_0.4913_0.3882_-0.5287_-0.5731end-0.77_9.48_-2.53_23.95_-37.26_1.57_36.13_-22.62_-4.00_0.4904_0.3834_-0.5284_-0.5773end-0.97_9.52_-2.02_23.95_-37.26_1.57_36.13_-22.62_-4.00_0.4902_0.3824_-0.5283_-0.5782end,24.1293564,120.7289394,115.69999694824219
1416,,24.1293564,120.7289394,115.69999694824219
1417,,24.1293564,120.7289394,115.69999694824219
1418,,24.1293564,120.7289394,115.69999694824219
1419,,24.1293564,120.7289394,115.69999694824219
1420,,24.1293564,120.7289394,115.69999694824219
1421,,24.1293564,120.7289394,115.69999694824219
1422,-1.21_9.51_-1.91_23.95_-37.26_1.57_35.75_-23.25_-4.00_0.4902_0.3824_-0.5283_-0.5782end-1.45_9.53_-1.93_22.16_-22.16_1.12_35.75_-23.25_-4.00_0.4902_0.3824_-0.5283_-0.5782end-1.65_9.50_-1.80_21.15_-25.85_1.23_36.81_-22.62_-3.94_0.4902_0.3824_-0.5283_-0.5782end-1.65_9.50_-1.80_21.15_-25.85_1.23_36.81_-22.62_-3.94_0.4893_0.3772_-0.5278_-0.5829end-1.59_9.48_-1.71_21.15_-25.85_1.23_36.81_-22.62_-3.94_0.4893_0.3772_-0.5278_-0.5829end-1.20_9.43_-1.46_21.15_-25.85_1.23_36.81_-22.62_-3.94_0.4885_0.3748_-0.5280_-0.5850end-0.89_9.48_-1.28_23.05_-38.83_0.78_36.81_-22.62_-3.94_0.4885_0.3748_-0.5280_-0.5850end-0.89_9.48_-1.28_23.05_-38.83_0.78_36.81_-22.62_-3.94_0.48,24.1293564,120.7289394,115.69999694824219
1423,68_0.3703_-0.5287_-0.5886end-0.51_9.43_-0.95_23.05_-38.83_0.78_36.81_-22.62_-3.94_0.4860_0.3687_-0.5291_-0.5898end-0.06_9.44_-1.55_23.05_-38.83_0.78_36.81_-22.62_-3.94_0.4860_0.3687_-0.5291_-0.5898end,24.1293564,120.7289394,115.69999694824219
1424,,24.1293564,120.7289394,115.69999694824219
1425,,24.1293564,120.7289394,115.69999694824219
1426,,24.1293564,120.7289394,115.69999694824219
1427,,24.1293564,120.7289394,115.69999694824219
1428,,24.1293564,120.7289394,115.69999694824219
1429,-0.02_9.42_-2.02_19.25_-53.38_1.90_36.81_-22.62_-3.94_0.4860_0.3687_-0.5291_-0.5898end0.04_9.41_-2.56_19.25_-53.38_1.90_37.56_-23.25_-5.37_0.4860_0.3687_-0.5291_-0.5898end0.09_9.35_-3.80_19.25_-53.38_1.90_37.56_-23.25_-5.37_0.4815_0.3602_-0.5319_-0.5963end0.09_9.35_-3.80_18.91_-47.45_-0.34_36.44_-23.00_-6.25_0.4807_0.3586_-0.5324_-0.5975end0.02_9.35_-3.88_19.81_-45.43_-1.01_36.44_-23.00_-6.25_0.4807_0.3586_-0.5324_-0.5975end0.02_9.35_-3.88_20.14_-43.20_-0.56_36.44_-23.00_-5.37_0.4792_0.3553_-0.5333_-0.5998end0.02_9.35_-3.88_20.25_-39.84_-0.67_36.44_-23.00_-5.37_0.4792_0.3553_-0.5333_-0.5998end0.02_9.35_-3.88_19.58_-37.82_-0.67_36.44_-23.00_-5.37_0.4775,24.1293564,120.7289394,115.69999694824219
1430,_0.3510_-0.5341_-0.6029end0.02_9.35_-3.88_19.58_-37.82_-0.67_35.38_-22.94_-6.25_0.4775_0.3510_-0.5341_-0.6029end0.02_9.35_-3.88_17.35_-37.82_-1.23_35.38_-22.94_-6.25_0.4763_0.3483_-0.5349_-0.6048end,24.1293564,120.7289394,115.69999694824219
1431,,24.1293564,120.7289394,115.69999694824219
1432,,24.1293564,120.7289394,115.69999694824219
1433,,24.1293564,120.7289394,115.69999694824219
1434,,24.1293564,120.7289394,115.69999694824219
1435,,24.1293564,120.7289394,115.69999694824219
1436,-0.25_9.43_-3.41_17.35_-37.82_-1.23_35.38_-22.94_-6.25_0.4763_0.3483_-0.5349_-0.6048end-0.25_9.43_-3.41_17.35_-37.82_-1.23_35.38_-22.94_-6.25_0.4740_0.3437_-0.5365_-0.6077end0.23_9.37_-4.16_17.35_-37.82_-1.23_35.38_-22.94_-6.25_0.4740_0.3437_-0.5365_-0.6077end0.32_9.35_-4.07_12.87_-49.57_-3.58_35.38_-22.94_-6.25_0.4740_0.3437_-0,24.1293564,120.7289394,115.69999694824219
1437,.5365_-0.6077end0.38_9.38_-3.91_13.09_-46.78_-4.14_36.44_-23.62_-6.25_0.4740_0.3437_-0.5365_-0.6077end0.30_9.39_-3.69_12.42_-42.75_-4.36_36.44_-23.62_-6.25_0.4701_0.3358_-0.5397_-0.6123end0.23_9.45_-3.47_12.42_-42.75_-4.36_36.44_-23.62_-6.25_0.4695_0.3344_-0.5403_-0.6131end-0.00_9.43_-3.33_12.42_-42.75_-4.36_36.44_-23.62_-6.25_0.4687_0.3330_-0.5408_-0.6139end-0.82_9.45_-3.47_12.42_-42.75_-4.36_36.44_-23.62_-6.25_0.4687_0.3330_-0.5408_-0.6139end-1.05_9.40_-3.61_6.83_-49.35_-4.36_36.44_-23.62_-6.25_0.4687_0.3330_-0.5408_-0.6139end,24.1293564,120.7289394,115.69999694824219
1438,,24.1293564,120.7289394,115.69999694824219
1439,,24.1293564,120.7289394,115.69999694824219
1440,,24.1293564,120.7289394,115.69999694824219
1441,,24.1293564,120.7289394,115.69999694824219
1442,,24.1293564,120.7289394,115.69999694824219
1443,-1.25_9.43_-3.82_6.83_-49.35_-4.36_36.44_-23.62_-6.25_0.4649_0.3266_-0.5444_-0.6171end-1.28_9.38_-3.88_6.83_-49.35_-4.36_35.69_-23.31_-8.56_0.4635_0.3244_-0.5457_-0.6182end-1.17_9.43_-3.80_5.48_-80.35_-7.83_35.69_-23.31_-8.56_0.4635_0.3244_-0.5457_-0.6182end-0.91_9.38_-3.21_6.04_-81.80_-8.39_35.69_-23.31_-8.56_0.4588_0.3171_-0.5,24.1293564,120.7289394,115.69999694824219
1444,502_-0.6215end-0.74_9.46_-2.14_6.04_-81.80_-8.39_35.31_-23.69_-8.63_0.4574_0.3148_-0.5516_-0.6225end-0.64_9.49_-1.66_6.04_-81.80_-8.39_35.31_-23.69_-8.63_0.4562_0.3128_-0.5527_-0.6234end-1.23_9.54_-0.03_6.04_-81.80_-8.39_35.31_-23.69_-8.63_0.4562_0.3128_-0.5527_-0.6234end-1.55_9.50_0.39_6.04_-81.80_-8.39_35.00_-22.69_-7.62_0.4546_0.3098_-0.5542_-0.6247end-1.55_9.50_0.39_10.18_-11.86_-4.25_35.00_-22.69_-7.62_0.4546_0.3098_-0.5542_-0.6247end-1.55_9.50_0.39_12.31_-8.95_-4.36_36.06_-23.38_-9.00_0.4541_0.3081_-0.5546_-0.6255end,24.1293564,120.7289394,115.69999694824219
1445,,24.1293564,120.7289394,115.69999694824219
1446,,24.1293564,120.7289394,115.69999694824219
1447,,24.1293564,120.7289394,115.69999694824219
1448,,24.1293564,120.7289394,115.69999694824219
1449,,24.1293564,120.7289394,115.69999694824219
1450,,24.1293564,120.7289394,115.69999694824219
1451,-2.55_9.47_2.43_12.31_-8.95_-4.36_36.06_-23.38_-9.00_0.4542_0.3069_-0.5544_-0.6262end-3.09_9.53_4.09_12.31_-8.95_-4.36_36.06_-23.38_-9.00_0.4542_0.3069_-0.5544_-0.6262end-3.00_9.43_4.33_18.13_-20.59_-5.04_36.06_-23.38_-9.00_0.4542_0.3069_-0.5544_-0.6262end-3.00_9.43_4.33_18.13_-20.59_-5.04_36.06_-23.38_-9.00_0.4537_0.3025_-0.5542_-0.6288end-2.36_9.37_4.82_18.13_-20.59_-5.04_36.06_-23.38_-9.00_0.4531_0.3007_-0.5546_-0.6299end-1.77_9.32_3.56_18.13_-20.59_-5.04_36.06_-23.38_-9.00_0.4531_0.3007_-0.5546_-0.6299end-1.55_9.22_2.81_18.13_-20.59_-5.04_35.31_-22.37_-10.38_0.4501_0.2940_-0.5561_-0.6338end-1.19_9.29_2.29_18.13_-20.59_-5.04_35.69_-22.75_-11.38_0.44,24.1293564,120.7289394,115.69999694824219
1452,92_0.2917_-0.5566_-0.6351end-0.40_9.06_1.07_30.55_-51.14_-5.82_35.69_-22.75_-11.38_0.4492_0.2917_-0.5566_-0.6351end-0.40_9.06_1.07_34.02_-46.33_-6.04_35.31_-23.31_-9.00_0.4479_0.2874_-0.5569_-0.6377end,24.1293564,120.7289394,115.69999694824219
1453,,24.1293564,120.7289394,115.69999694824219
1454,,24.1293564,120.7289394,115.69999694824219
1455,,24.1293564,120.7289394,115.69999694824219
1456,,24.1293564,120.7289394,115.69999694824219
1457,,24.1293564,120.7289394,115.69999694824219
1458,,24.1293564,120.7289394,115.69999694824219
1459,-0.40_9.06_1.07_39.39_-33.91_-6.94_35.31_-23.31_-9.00_0.4474_0.2854_-0.5569_-0.6389end-0.40_9.06_1.07_39.39_-33.91_-6.94_35.31_-23.31_-9.00_0.4472_0.2834_-0.5566_-0.6403end-0.40_9.06_1.07_40.85_-26.07_-7.83_34.56_-23.38_-10.00_0.4472_0.2834_-0.5566_-0.6403end-0.40_9.06_1.07_42.30_-18.24_-7.95_34.56_-23.38_-10.00_0.4474_0.2800_-0.5555_-0.6425end-0.40_9.06_1.07_44.31_-9.18_-9.06_35.00_-23.31_-7.62_0.4489_0.2758_-0.5527_-0.6456end1.28_8.78_3.14_44.31_-9.18_-9.06_35.00_-23.31_-7.62_0.4496_0.2745_-0.5516_-0.6467end1.37_8.73_2.87_46.11_-5.04_-10.52_35.00_-23.31_-7.62_0.4496_0.2745_-0.5516_-0.6467end1.53_8.67_2.43_46.11_-5.04_-10.52_35.00_-23.31_-7.62_0.4518_0.2706_-0.5484_-0.6495end1.72_8.48_1.54_46.11_-5.04_-10.52_35.00_-23.31_-7.62_0.4528_0.2692_-0.5472_-0.6505end2.02_8.35_0.85_46.11_-5.04_-10.52_35.31_-23.38_-9.50_0.4536_0.2679_-0.5461_-0.6513end,24.1293564,120.7289394,115.69999694824219
1460,,24.1293564,120.7289394,115.69999694824219
1461,,24.1293564,120.7289394,115.69999694824219
1462,,24.1293564,120.7289394,115.69999694824219
1463,,24.1293564,120.7289394,115.69999694824219
1464,,24.1293564,120.7289394,115.69999694824219
1465,,24.1293564,120.7289394,115.69999694824219
1466,,24.1293564,120.7289394,115.69999694824219
1467,,24.1293564,120.7289394,115.69999694824219
1468,,24.1293564,120.7289394,115.69999694824219
1469,2.12_8.34_0.43_49.80_-3.58_-16.00_35.31_-23.38_-9.50_0.4536_0.2679_-0.5461_-0.6513end2.40_8.38_0.46_49.80_-3.58_-16.00_35.31_-23.31_-9.50_0.4566_0.2634_-0.5425_-0.6541end2.34_8.21_0.38_49.80_-3.58_-16.00_35.31_-23.31_-9.50_0.4576_0.2618_-0.5412_-0.6551end2.46_8.18_0.74_49.80_-3.58_-16.00_35.31_-23.31_-9.50_0.4576_0.2618_-0.5412_-0.6551end2.43_8.08_0.70_57.30_2.91_-20.93_34.25_-23.06_-8.13_0.4576_0.2618_-0.5412_-0.6551end2.43_8.08_0.70_58.41_13.65_-23.61_34.25_-23.06_-8.13_0.4615_0.2572_-0.5368_-0.6578end2.43_8.08_0.70_58.41_13.65_-23.61_35.31_-23.38_-8.13_0.4649_0.2545_-0.5334_-0.6592end2.01_7.70_-0.26_58.41_13.65_-23.61_35.31_-23.38_-8.13_0.4668_0.2534_-0.5315_-0.6599end1.77_7.72_-0.60_60.21_29.77_-26.30_35.31_-23.38_-8.13_0.4668_0.2534_-0.5315_-0.6599end1.78_7.72_-0.85_61.21_34.36_-26.97_35.31_-23.38_-8.13_0.4668_0.2534_-0.5315_-0.6599end,24.1293564,120.7289394,115.69999694824219
1470,,24.1293564,120.7289394,115.69999694824219
1471,,24.1293564,120.7289394,115.69999694824219
1472,,24.1293564,120.7289394,115.69999694824219
1473,,24.1293564,120.7289394,115.69999694824219
1474,1.78_7.72_-0.85_61.21_34.36_-26.97_35.31_-23.38_-8.13_0.4758_0.2499_-0.5228_-0.6617end1.14_7.51_-2.31_61.21_34.36_-26.97_35.31_-23.38_-8.13_0.4758_0.2499_-0.5228_-0.6617end0.93_7.41_-2.68_64.57_43.87_-30.55_35.31_-23.38_-8.13_0.4758_0.2499_-0.5228_-0.6617end0.89_7.40_-2.99_64.68_45.43_-31.22_35.31_-23.38_-8.13_0.4758_0.2499_-0.5228_-0.6617end0.89_7.40_-2.99_64.79_50.69_-33.24_35.31_-23.38_-8.13_0.4861_0.2471_-0.5129_-0.6630end0.76_7.24_-4.47_64.79_50.69_-33.24_35.31_-23.38_-8.13_0.4861_0.2471_-0.5129_-0.6630end0.65_7.20_-5.18_63.67_56.18_-33.80_35.31_-23.38_-8.13_0.4861_0.2471_-0.5129_-0.6630end0.59_7.18_-5.58_63.45_58.75_-34.24_36.81_-22.25_-4.87_0.4861_0.2471_-0.5129_-0.6630end0.39_7.15_-5.93_63.11_60.54_-34.47_36.81_-22.25_-4.87_0.5007_0.2447_-0.4995_-0.6633end0.39_7.15_-5.93_62.67_66.47_-34.80_36.81_-22.25_-4.87_0.5037_0.2444_-0.4967_-0.6632end,24.1293564,120.7289394,115.69999694824219
1475,,24.1293564,120.7289394,115.69999694824219
1476,,24.1293564,120.7289394,115.69999694824219
1477,,24.1293564,120.7289394,115.69999694824219
1478,,24.1293564,120.7289394,115.69999694824219
1479,,24.1293564,120.7289394,115.69999694824219
1480,,24.1293564,120.7289394,115.69999694824219
1481,0.39_7.15_-5.93_62.67_66.47_-34.80_36.81_-22.25_-4.00_0.5067_0.2442_-0.4938_-0.6631end0.39_7.15_-5.93_63.34_74.19_-35.81_36.81_-22.25_-4.00_0.5132_0.2440_-0.4878_-0.6627end0.39_7.15_-5.93_63.56_77.89_-35.70_36.88_-21.25_-4.37_0.5132_0.2440_-0.4878_-0.6627end0.39_7.15_-5.93_63.67_80.91_-35.25_36.88_-21.25_-4.37_0.5199_0.2441_-0.4813_-0.6622end-1.63_7.15_-5.91_63.67_80.91_-35.25_36.88_-21.25_-4.37_0.5267_0.2446_-0.4747_-0.6614end-2.19_7.10_-5.84_61.55_85.05_-32.79_36.88_-21.25_-4.37_0.5267_0.2446_-0.4747_-0.6614end-2.86_7.16_-6.29_61.55_85.05_-32.79_36.88_-21.25_-4.37_0.5335_0.2454_-0.4678_-0.6606end-3.09_7.10_-6.52_61.55_85.05_-32.79_36.88_-21.25_-4.37_0.5402_0.2465_-0.4610_-0.6595end-3.42_7.17_-6.75_61.55_85.05_-32.79_36.88_-21.25_-4.37_0.5436_0.2473_-0.4575_-0.6589end-3.74_7.15_-7.00_61.55_85.05_-32.79_36.88_-21.25_-4.37_0.5468_0.2480_-0.4541_-0.6582end,24.1293564,120.7289394,115.69999694824219
1482,,24.1293564,120.7289394,115.69999694824219
1483,,24.1293564,120.7289394,115.69999694824219
1484,,24.1293564,120.7289394,115.69999694824219
1485,,24.1293564,120.7289394,115.69999694824219
1486,,24.1293564,120.7289394,115.69999694824219
1487,,24.1293564,120.7289394,115.69999694824219
1488,,24.1293564,120.7289394,115.69999694824219
1489,-4.26_7.07_-8.12_61.55_85.05_-32.79_38.38_-21.12_0.25_0.5468_0.2480_-0.4541_-0.6582end-4.26_7.07_-8.12_54.61_76.32_-27.86_38.38_-21.12_0.25_0.5558_0.2496_-0.4446_-0.6566end-4.11_7.22_-8.91_54.50_61.32_-25.96_38.38_-21.12_0.25_0.5584_0.2497_-0.4417_-0.6562end-4.36_7.19_-9.23_54.50_61.32_-25.96_38.75_-20.75_1.62_0.5584_0.2497_-0.4417_-0.6562end-4.36_7.19_-9.23_52.93_53.94_-23.72_38.75_-20.75_1.62_0.5656_0.2495_-0.4338_-0.6555end-4.42_7.25_-9.01_52.93_53.94_-23.72_37.25_-20.75_3.00_0.5656_0.2495_-0.4338_-0.6555end-4.42_7.25_-9.01_50.25_48.23_-20.03_37.25_-20.75_3.00_0.5677_0.2493_-0.4313_-0.6553end-4.42_7.25_-9.01_50.25_48.23_-20.03_37.25_-20.75_3.00_0.5717_0.2489_-0.4265_-0.6552end-4.42_7.25_-9.01_47.90_43.31_-17.90_37.25_-20.75_3.00_0.5736_0.2486_-0.4242_-0.6552end-4.63_7.34_-8.43_47.90_43.31_-17.90_39.13_-20.75_4.87_0.5736_0.2486_-0.4242_-0.6552end,24.1293564,120.7289394,115.69999694824219
1490,,24.1293564,120.7289394,115.69999694824219
1491,,24.1293564,120.7289394,115.69999694824219
1492,,24.1293564,120.7289394,115.69999694824219
1493,,24.1293564,120.7289394,115.69999694824219
1494,,24.1293564,120.7289394,115.69999694824219
1495,,24.1293564,120.7289394,115.69999694824219
1496,-4.63_7.34_-8.43_47.00_39.95_-17.12_39.13_-20.75_4.87_0.5787_0.2476_-0.4179_-0.6552end-4.56_7.40_-8.11_47.00_39.95_-17.12_39.13_-20.75_4.87_0.5787_0.2476_-0.4179_-0.6552end-4.56_7.40_-8.11_42.19_19.02_-11.97_39.13_-20.75_4.87_0.5827_0.2460_-0.4126_-0.6555end-4.33_7.30_-7.96_42.19_19.02_-11.97_39.13_-20.75_4.87_0.5837_0.2453_-0.4,24.1293564,120.7289394,115.69999694824219
1497,111_-0.6558end-4.20_7.34_-7.89_40.17_5.93_-10.07_39.13_-20.75_4.87_0.5837_0.2453_-0.4111_-0.6558end-4.20_7.34_-7.89_40.17_5.93_-10.07_38.38_-19.69_6.69_0.5861_0.2422_-0.4078_-0.6569end-3.48_7.29_-7.76_40.17_5.93_-10.07_38.38_-19.69_6.69_0.5866_0.2410_-0.4070_-0.6575end-3.10_7.32_-7.81_36.71_-14.21_-6.94_38.38_-19.69_6.69_0.5866_0.2410_-0.4070_-0.6575end-3.02_7.32_-7.89_36.71_-14.21_-6.94_38.75_-19.37_4.44_0.5875_0.2366_-0.4053_-0.6592end-2.77_7.30_-7.71_36.71_-14.21_-6.94_38.75_-20.37_5.81_0.5876_0.2349_-0.4049_-0.6600end,24.1293564,120.7289394,115.69999694824219
1498,,24.1293564,120.7289394,115.69999694824219
1499,,24.1293564,120.7289394,115.69999694824219
1500,,24.1293564,120.7289394,115.69999694824219
1501,,24.1293564,120.7289394,115.69999694824219
1502,,24.1293564,120.7289394,115.69999694824219
1503,,24.1293564,120.7289394,115.69999694824219
1504,-2.40_7.30_-7.73_34.69_-30.66_-5.37_38.75_-20.37_5.81_0.5876_0.2349_-0.4049_-0.6600end-2.21_7.34_-7.73_34.02_-33.80_-5.37_38.75_-20.37_5.81_0.5875_0.2294_-0.4046_-0.6623end-2.02_7.25_-7.79_32.12_-40.17_-5.37_38.75_-20.37_5.81_0.5873_0.2274_-0.4047_-0.6630end-1.64_7.27_-7.89_32.12_-40.17_-5.37_39.50_-19.00_5.81_0.5870_0.2253_-0.4,24.1293564,120.7289394,115.69999694824219
1505,048_-0.6639end-1.39_7.37_-7.98_32.12_-40.17_-5.37_39.50_-19.00_5.81_0.5867_0.2232_-0.4052_-0.6647end-1.25_7.19_-8.00_28.54_-44.31_-5.60_39.50_-19.00_5.81_0.5867_0.2232_-0.4052_-0.6647end-1.25_7.19_-8.00_28.54_-44.31_-5.60_38.75_-19.31_5.31_0.5857_0.2170_-0.4062_-0.6670end-1.03_7.23_-8.23_28.54_-44.31_-5.60_39.50_-19.69_6.31_0.5854_0.2149_-0.4065_-0.6677end-0.95_7.28_-8.13_28.54_-44.31_-5.60_39.50_-19.69_6.31_0.5854_0.2149_-0.4065_-0.6677end-0.92_7.21_-8.09_27.19_-39.50_-6.83_39.50_-19.69_6.31_0.5854_0.2149_-0.4065_-0.6677end,24.1293564,120.7289394,115.69999694824219
1506,,24.1293564,120.7289394,115.69999694824219
1507,,24.1293564,120.7289394,115.69999694824219
1508,,24.1293564,120.7289394,115.69999694824219
1509,,24.1293564,120.7289394,115.69999694824219
1510,,24.1293564,120.7289394,115.69999694824219
1511,-0.87_7.21_-7.88_26.63_-36.37_-7.39_38.75_-18.69_3.56_0.5854_0.2149_-0.4065_-0.6677end-0.81_7.20_-7.70_25.96_-31.89_-8.39_38.75_-18.69_3.56_0.5845_0.2056_-0.4076_-0.6708end-0.79_7.24_-7.55_25.96_-31.89_-8.39_39.50_-19.69_3.94_0.5845_0.2041_-0.4076_-0.6712end-0.91_7.18_-7.15_25.96_-31.89_-8.39_39.50_-19.69_3.94_0.5847_0.2026_-0.4,24.1293564,120.7289394,115.69999694824219
1512,,24.1293564,120.7289394,115.69999694824219
1513,075_-0.6716end-0.91_7.18_-7.15_25.96_-31.89_-8.39_39.50_-19.00_4.87_0.5848_0.2012_-0.4073_-0.6720end-1.11_7.17_-6.89_24.62_-6.94_-10.41_39.50_-19.00_4.87_0.5848_0.2012_-0.4073_-0.6720end-1.11_7.17_-6.89_24.62_-6.94_-10.41_39.13_-18.31_4.44_0.5859_0.1980_-0.4061_-0.6727end-1.55_7.20_-6.36_24.62_-6.94_-10.41_39.13_-18.31_4.44_0.58,24.1293564,120.7289394,115.69999694824219
1514,,24.1293564,120.7289394,115.69999694824219
1515,65_0.1973_-0.4054_-0.6728end-1.70_7.18_-6.11_24.62_-6.94_-10.41_39.13_-18.31_4.44_0.5873_0.1968_-0.4045_-0.6729end-2.33_7.19_-5.71_24.62_-6.94_-10.41_39.13_-18.31_4.44_0.5873_0.1968_-0.4045_-0.6729end,24.1293564,120.7289394,115.69999694824219
1516,,24.1293564,120.7289394,115.69999694824219
1517,,24.1293564,120.7289394,115.69999694824219
1518,-2.56_7.17_-5.66_24.62_-6.94_-10.41_39.13_-17.94_4.94_0.5890_0.1961_-0.4024_-0.6729end-2.91_7.16_-5.78_24.62_-6.94_-10.41_39.13_-17.94_4.94_0.5907_0.1956_-0.4002_-0.6728end-2.91_7.16_-5.78_23.16_15.22_-10.41_39.13_-17.94_4.94_0.5915_0.1953_-0.3992_-0.6728end-3.05_7.16_-6.20_23.16_15.22_-10.41_39.13_-17.94_4.94_0.5915_0.1953_-0.3,24.1293564,120.7289394,115.69999694824219
1519,992_-0.6728end-2.84_7.09_-6.43_22.49_15.11_-10.74_39.13_-18.31_6.31_0.5915_0.1953_-0.3992_-0.6728end-2.73_7.03_-6.62_22.49_15.11_-10.74_39.13_-18.31_6.31_0.5938_0.1943_-0.3962_-0.6727end-2.73_7.03_-6.62_22.49_15.11_-10.74_39.13_-18.31_6.31_0.5955_0.1937_-0.3942_-0.6727end-2.16_6.97_-7.10_22.49_15.11_-10.74_39.13_-18.31_6.31_0.5963_0.1935_-0.3932_-0.6726end-1.83_6.97_-7.26_22.49_15.11_-10.74_39.13_-18.31_6.31_0.5963_0.1935_-0.3932_-0.6726end-1.80_6.95_-7.25_22.49_15.11_-10.74_39.13_-17.94_5.37_0.5963_0.1935_-0.3932_-0.6726end,24.1293564,120.7289394,115.69999694824219
1520,,24.1293564,120.7289394,115.69999694824219
1521,,24.1293564,120.7289394,115.69999694824219
1522,,24.1293564,120.7289394,115.69999694824219
1523,,24.1293564,120.7289394,115.69999694824219
1524,,24.1293564,120.7289394,115.69999694824219
1525,,24.1293564,120.7289394,115.69999694824219
1526,-1.80_6.95_-7.25_22.49_15.11_-10.74_39.50_-17.62_4.94_0.5991_0.1922_-0.3895_-0.6727end-1.41_6.98_-7.76_22.49_15.11_-10.74_39.50_-17.62_4.94_0.5991_0.1922_-0.3895_-0.6727end-0.99_6.95_-8.55_22.49_15.11_-10.74_39.50_-17.62_4.94_0.6005_0.1916_-0.3877_-0.6725end-0.92_6.94_-9.02_15.44_25.63_-12.53_39.50_-17.62_4.94_0.6013_0.1915_-0.3868_-0.6724end-0.92_6.94_-9.02_15.44_25.63_-12.53_39.50_-17.62_4.94_0.6032_0.1917_-0.3847_-0.6719end-0.74_6.81_-10.34_15.44_25.63_-12.53_39.50_-17.25_5.87_0.6043_0.1922_-0.3834_-0.6714end-1.32_6.74_-11.46_15.44_25.63_-12.53_39.50_-17.25_5.87_0.6055_0.1929_-0.3820_-0.6710end-1.62_6.72_-11.86_15.44_25.63_-12.53_39.50_-17.56_7.25_0.6055_0.1929_-0.3820_-0.6710end-2.93_6.84_-11.98_13.65_61.10_-11.30_39.50_-17.56_7.25_0.6082_0.1949_-0.3785_-0.6699end-2.93_6.84_-11.98_14.10_72.85_-10.52_39.50_-17.56_7.25_0.6082_0.1949_-0.3785_-0.6699end,24.1293564,120.7289394,115.69999694824219
1527,,24.1293564,120.7289394,115.69999694824219
1528,,24.1293564,120.7289394,115.69999694824219
1529,,24.1293564,120.7289394,115.69999694824219
1530,,24.1293564,120.7289394,115.69999694824219
1531,,24.1293564,120.7289394,115.69999694824219
1532,,24.1293564,120.7289394,115.69999694824219
1533,,24.1293564,120.7289394,115.69999694824219
1534,-2.93_6.84_-11.98_12.87_75.76_-10.18_39.56_-16.56_7.75_0.6113_0.1978_-0.3743_-0.6687end-2.93_6.84_-11.98_12.87_75.76_-10.18_39.56_-16.56_7.75_0.6113_0.1978_-0.3743_-0.6687end-2.93_6.84_-11.98_11.75_75.65_-9.62_39.56_-16.56_7.75_0.6161_0.2028_-0.3674_-0.6666end-4.77_7.05_-8.97_11.75_75.65_-9.62_39.56_-16.56_7.75_0.6161_0.2028_-0.3674_-0.6666end-4.77_7.05_-8.97_11.75_75.65_-9.62_39.56_-16.56_7.75_0.6200_0.2071_-0.3618_-0.6647end-4.70_7.06_-8.36_11.75_75.65_-9.62_39.19_-17.19_9.50_0.6210_0.2081_-0.3605_-0.6642end-4.44_7.02_-8.05_11.75_75.65_-9.62_39.19_-17.19_9.50_0.6218_0.2090_-0.3593_-0.6638end-4.44_7.02_-8.05_4.48_31.33_-4.59_38.81_-17.19_9.50_0.6218_0.2090_-0.3593_-0.6638end-4.45_6.98_-7.95_4.48_31.33_-4.59_39.19_-16.50_10.50_0.6238_0.2110_-0.3563_-0.6629end-4.99_7.02_-7.58_4.48_31.33_-4.59_39.19_-16.50_10.50_0.6243_0.2117_-0.3553_-0.6627end,24.1293564,120.7289394,115.69999694824219
1535,,24.1293564,120.7289394,115.69999694824219
1536,,24.1293564,120.7289394,115.69999694824219
1537,,24.1293564,120.7289394,115.69999694824219
1538,,24.1293564,120.7289394,115.69999694824219
1539,,24.1293564,120.7289394,115.69999694824219
1540,,24.1293564,120.7289394,115.69999694824219
1541,,24.1293564,120.7289394,115.69999694824219
1542,,24.1293564,120.7289394,115.69999694824219
1543,,24.1293564,120.7289394,115.69999694824219
1544,-4.99_7.02_-7.58_3.69_31.11_1.23_39.19_-17.19_10.00_0.6253_0.2132_-0.3533_-0.6623end-5.51_7.01_-7.03_3.69_31.11_1.23_39.19_-17.19_10.00_0.6258_0.2140_-0.3524_-0.6622end-6.14_7.09_-6.06_3.69_31.11_1.23_39.19_-17.19_10.00_0.6261_0.2146_-0.3515_-0.6621end-6.14_7.09_-6.06_5.15_8.84_5.60_38.44_-18.19_10.94_0.6262_0.2150_-0.3509_-0.66,24.1293564,120.7289394,115.69999694824219
1545,22end-5.86_7.10_-5.03_5.15_8.84_5.60_38.44_-18.19_10.94_0.6262_0.2149_-0.3505_-0.6625end-5.30_7.10_-4.84_5.15_8.84_5.60_38.44_-18.19_10.94_0.6259_0.2145_-0.3506_-0.6629end-5.30_7.10_-4.84_8.06_-40.06_8.84_38.44_-16.19_9.13_0.6259_0.2145_-0.3506_-0.6629end-3.28_7.04_-4.98_8.06_-40.06_8.84_38.44_-16.19_9.13_0.6238_0.2111_-0.3524_-0.6650end-3.00_6.96_-5.43_8.06_-40.06_8.84_38.44_-16.50_10.94_0.6229_0.2096_-0.3533_-0.6658end-2.48_6.94_-5.93_10.85_-42.75_8.95_38.44_-16.50_10.94_0.6229_0.2096_-0.3533_-0.6658end,24.1293564,120.7289394,115.69999694824219
1546,,24.1293564,120.7289394,115.69999694824219
1547,,24.1293564,120.7289394,115.69999694824219
1548,,24.1293564,120.7289394,115.69999694824219
1549,-2.48_6.94_-5.93_10.74_-35.25_9.06_38.44_-16.50_10.94_0.6204_0.2051_-0.3557_-0.6683end-1.81_6.85_-6.68_10.74_-35.25_9.06_39.56_-17.87_9.06_0.6198_0.2041_-0.3560_-0.6689end-1.66_6.97_-6.83_10.74_-35.25_9.06_39.56_-17.87_9.06_0.6192_0.2032_-0.3561_-0.6696end-1.78_6.83_-6.60_10.74_-35.25_9.06_39.56_-17.87_9.06_0.6192_0.2032_-0.3561_-0.6696end-1.78_6.83_-6.60_8.95_0.56_10.52_39.56_-17.87_9.06_0.6185_0.2023_-0.3558_-0.6707end-2.46_6.93_-6.44_8.95_0.56_10.52_39.56_-17.87_9.06_0.6181_0.2021_-0.3550_-0.6716end-2.93_6.96_-6.55_6.83_-1.23_10.52_39.19_-17.87_9.56_0.6181_0.2021_-0.3550_-0.6716end-3.31_6.93_-6.89_5.60_-8.73_10.97_38.81_-16.87_8.63_0.6181_0.2021_-0.3550_-0.6716end-3.50_6.89_-7.74_4.48_-16.67_10.85_38.81_-16.87_8.63_0.6165_0.2009_-0.3548_-0.6735end-4.14_6.84_-7.16_4.48_-16.67_10.85_38.81_-16.87_8.63_0.6158_0.2001_-0.3553_-0.6741end,24.1293564,120.7289394,115.69999694824219
1550,,24.1293564,120.7289394,115.69999694824219
1551,,24.1293564,120.7289394,115.69999694824219
1552,,24.1293564,120.7289394,115.69999694824219
1553,,24.1293564,120.7289394,115.69999694824219
1554,,24.1293564,120.7289394,115.69999694824219
1555,-5.14_6.66_-7.95_4.48_-16.67_10.85_38.81_-17.56_9.06_0.6158_0.2001_-0.3553_-0.6741end-5.71_6.98_-8.25_4.48_-16.67_10.85_38.44_-17.19_9.06_0.6158_0.2001_-0.3553_-0.6741end-5.81_7.03_-8.87_3.69_-58.86_17.46_38.44_-17.19_9.06_0.6158_0.2001_-0.3553_-0.6741end-7.30_15.63_-11.46_3.69_-58.86_17.46_38.44_-17.19_9.06_0.6095_0.1929_-0.361,24.1293564,120.7289394,115.69999694824219
1556,0_-0.6790end-7.38_17.95_-12.64_3.69_-58.86_17.46_38.44_-17.94_6.31_0.6077_0.1909_-0.3629_-0.6802end-8.00_20.60_-13.65_-3.13_-89.19_25.63_38.44_-17.94_6.31_0.6077_0.1909_-0.3629_-0.6802end-9.50_24.13_-13.16_-1.45_-93.55_29.54_38.81_-18.25_7.19_0.6077_0.1909_-0.3629_-0.6802end-9.50_24.13_-13.16_-2.01_-92.43_32.12_38.81_-18.25_7.19_0.6009_0.1842_-0.3694_-0.6845end-9.50_24.13_-13.16_-1.34_-84.82_34.02_38.38_-19.00_6.31_0.6009_0.1842_-0.3694_-0.6845end-9.50_24.13_-13.16_-0.67_-84.04_36.48_38.38_-19.00_6.31_0.5960_0.1801_-0.3734_-0.6877end,24.1293564,120.7289394,115.69999694824219
1557,,24.1293564,120.7289394,115.69999694824219
1558,,24.1293564,120.7289394,115.69999694824219
1559,,24.1293564,120.7289394,115.69999694824219
1560,,24.1293564,120.7289394,115.69999694824219
1561,,24.1293564,120.7289394,115.69999694824219
1562,,24.1293564,120.7289394,115.69999694824219
1563,-9.50_24.13_-13.16_0.34_-87.17_39.28_39.88_-18.94_7.69_0.5960_0.1801_-0.3734_-0.6877end-9.50_24.13_-13.16_1.23_-106.76_44.54_39.88_-18.94_7.69_0.5880_0.1736_-0.3795_-0.6929end-6.90_23.87_-4.99_2.01_-118.84_47.34_39.13_-19.37_4.44_0.5880_0.1736_-0.3795_-0.6929end-6.90_23.87_-4.99_5.15_-149.62_53.94_39.13_-19.37_4.44_0.5774_0.1640_-0.3877_-0.6996end-6.39_23.00_-7.16_5.15_-149.62_53.94_39.13_-19.37_4.44_0.5731_0.1598_-0.3911_-0.7023end-6.39_23.00_-7.16_9.29_-163.61_57.07_38.38_-19.00_3.56_0.5731_0.1598_-0.3911_-0.7023end-5.32_22.42_-7.08_9.62_-165.17_57.97_38.38_-19.00_3.56_0.5731_0.1598_-0.3911_-0.7023end-5.32_22.42_-7.08_9.62_-165.17_57.97_38.38_-19.00_3.56_0.5549_0.1420_-0.4044_-0.7130end-4.54_22.04_-7.20_9.62_-165.17_57.97_38.38_-19.00_3.56_0.5549_0.1420_-0.4044_-0.7130end-5.00_21.16_-7.95_5.93_-154.77_66.70_38.38_-19.00_3.56_0.5549_0.1420_-0.4044_-0.7130end,24.1293564,120.7289394,115.69999694824219
1564,,24.1293564,120.7289394,115.69999694824219
1565,,24.1293564,120.7289394,115.69999694824219
1566,,24.1293564,120.7289394,115.69999694824219
1567,,24.1293564,120.7289394,115.69999694824219
1568,,24.1293564,120.7289394,115.69999694824219
1569,,24.1293564,120.7289394,115.69999694824219
1570,-5.00_21.16_-7.95_5.93_-154.77_66.70_38.38_-20.81_-0.19_0.5405_0.1293_-0.4140_-0.7209end-5.00_21.16_-7.95_2.01_-142.12_69.49_38.38_-20.81_-0.19_0.5358_0.1255_-0.4169_-0.7234end-5.00_21.16_-7.95_2.01_-142.12_69.49_37.63_-21.19_-1.12_0.5311_0.1220_-0.4198_-0.7258end-5.00_21.16_-7.95_-7.16_-137.87_74.19_37.63_-21.19_-1.12_0.5214_0.1157_-0.4257_-0.7305end-5.00_21.16_-7.95_-10.63_-131.15_76.10_37.63_-21.19_-1.12_0.5214_0.1157_-0.4257_-0.7305end-5.00_21.16_-7.95_-12.76_-129.59_78.89_37.63_-21.19_-1.12_0.5119_0.1106_-0.4315_-0.7345end-5.37_16.16_-11.16_-12.76_-129.59_78.89_37.63_-21.19_-1.12_0.5020_0.1061_-0.4371_-0.7387end-5.12_15.21_-9.86_-12.76_-129.59_78.,24.1293564,120.7289394,115.69999694824219
1571,89_37.63_-21.19_-1.12_0.4973_0.1044_-0.4396_-0.7406end-5.12_15.21_-9.86_-12.76_-129.59_78.89_36.81_-22.25_-4.00_0.4924_0.1026_-0.4423_-0.7426end-3.77_14.15_-7.00_-12.76_-129.59_78.89_36.81_-22.25_-4.00_0.4874_0.1010_-0.4450_-0.7444end,24.1293564,120.7289394,115.69999694824219
1572,,24.1293564,120.7289394,115.69999694824219
1573,,24.1293564,120.7289394,115.69999694824219
1574,,24.1293564,120.7289394,115.69999694824219
1575,,24.1293564,120.7289394,115.69999694824219
1576,,24.1293564,120.7289394,115.69999694824219
1577,,24.1293564,120.7289394,115.69999694824219
1578,,24.1293564,120.7289394,115.69999694824219
1579,,24.1293564,120.7289394,115.69999694824219
1580,,24.1293564,120.7289394,115.69999694824219
1581,,24.1293564,120.7289394,115.69999694824219
1582,,24.1293564,120.7289394,115.69999694824219
1583,-3.65_13.84_-7.42_-36.15_-123.88_94.00_36.81_-22.25_-4.00_0.4874_0.1010_-0.4450_-0.7444end-3.56_12.70_-8.99_-36.15_-123.88_94.00_36.81_-22.25_-4.00_0.4709_0.0964_-0.4549_-0.7496end-3.39_12.16_-10.06_-36.15_-123.88_94.00_35.31_-24.00_-8.13_0.4654_0.0955_-0.4583_-0.7512end-2.31_11.28_-11.07_-36.15_-123.88_94.00_35.31_-24.00_-8.13_0.4654_0.0955_-0.4583_-0.7512end-1.72_10.70_-11.21_-36.15_-123.88_94.00_35.31_-24.00_-8.13_0.4545_0.0947_-0.4650_-0.7538end-1.72_10.70_-11.21_-59.87_-81.47_101.05_35.31_-24.00_-8.13_0.4493_0.0950_-0.4682_-0.7549end-1.72_10.70_-11.21_-66.47_-71.51_102.62_34.56_-25.37_-9.06_0.4493_0.0950_-0.4682_-0.7549end-1.03_10.41_-11.66_-81.69_-52.04_103.96_32.81_-25.44_-9.06_0.4493_0.0950_-0.4682_-0.7549end-1.03_10.41_-11.66_-88.97_-44.87_104.63_32.81_-25.44_-9.06_0.4296_0.1011_-0.4811_-0.7575end-0.11_8.64_-12.11_-88.97_-44.87_104.63_32.81_-25.44_-9.06_0.4200_0.1064_-0.4882_-0.7576end,24.1293564,120.7289394,115.69999694824219
1584,,24.1293564,120.7289394,115.69999694824219
1585,,24.1293564,120.7289394,115.69999694824219
1586,,24.1293564,120.7289394,115.69999694824219
1587,,24.1293564,120.7289394,115.69999694824219
1588,,24.1293564,120.7289394,115.69999694824219
1589,,24.1293564,120.7289394,115.69999694824219
1590,-0.11_8.64_-12.11_-109.44_-38.61_106.42_32.81_-26.12_-11.44_0.4200_0.1064_-0.4882_-0.7576end-0.00_5.56_-10.90_-109.44_-38.61_106.42_32.81_-26.12_-11.44_0.4200_0.1064_-0.4882_-0.7576end-0.13_4.77_-10.00_-109.44_-38.61_106.42_32.81_-26.12_-11.44_0.4005_0.1190_-0.5045_-0.7556end-0.13_4.77_-10.00_-137.98_-32.68_107.09_29.81_-27.19_-12.37_0.3956_0.1225_-0.5089_-0.7546end0.32_3.69_-9.03_-137.98_-32.68_107.09_29.81_-27.19_-12.37_0.3956_0.1225_-0.5089_-0.7546end0.66_3.11_-8.85_-137.98_-32.68_107.09_32.00_-27.56_-15.13_0.3956_0.1225_-0.5089_-0.7546end0.66_3.11_-8.85_-137.98_-32.68_107.09_32.00_-27.56_-15.13_0.3756_0.1385_-0.5283_-0.7487end0.66_2.48_-7.82_-137.98_-32.68_107.09_29.06_-28.31_-15.19_0.3756_0.1385_-0.5283_-0.7487end0.52_2.08_-7.04_-167.41_-24.84_108.44_29.06_-28.31_-15.19_0.3704_0.1431_-0.5336_-0.7467end0.52_2.08_-7.04_-178.15_-28.65_108.44_28.00_-27.62_-14.25_0.3602_0.1520_-0.5443_-0.7423end,24.1293564,120.7289394,115.69999694824219
1591,,24.1293564,120.7289394,115.69999694824219
1592,0.52_2.08_-7.04_-178.15_-28.65_108.44_28.31_-28.00_-16.56_0.3546_0.1565_-0.5500_-0.7398end0.52_2.08_-7.04_-191.36_-39.50_109.00_28.31_-28.00_-16.56_0.3434_0.1651_-0.5615_-0.7345end0.89_-0.45_-3.68_-194.49_-42.64_109.56_28.31_-28.00_-16.56_0.3434_0.1651_-0.5615_-0.7345end0.87_-0.65_-3.26_-197.63_-45.88_110.45_28.31_-28.00_-16.56_0.3434_0.1651_-0.5615_-0.7345end0.87_-0.65_-3.26_-197.63_-45.88_110.45_25.37_-28.38_-19.31_0.3253_0.1779_-0.5800_-0.7253end0.95_-0.80_-1.97_-203.78_-48.68_111.46_25.37_-28.38_-19.31_0.3126_0.1864_-0.5927_-0.7185end1.11_-0.85_-1.68_-203.78_-48.68_111.46_25.37_-28.38_-19.31_0.3063_0.1907_-0.5989_-0.7149end1.78_-1.01_-1.61_-203.78_,24.1293564,120.7289394,115.69999694824219
1593,,24.1293564,120.7289394,115.69999694824219
1594,,24.1293564,120.7289394,115.69999694824219
1595,,24.1293564,120.7289394,115.69999694824219
1596,,24.1293564,120.7289394,115.69999694824219
1597,,24.1293564,120.7289394,115.69999694824219
1598,,24.1293564,120.7289394,115.69999694824219
1599,,24.1293564,120.7289394,115.69999694824219
1600,,24.1293564,120.7289394,115.69999694824219
1601,,24.1293564,120.7289394,115.69999694824219
1602,,24.1293564,120.7289394,115.69999694824219
1603,,24.1293564,120.7289394,115.69999694824219
1604,,24.1293564,120.7289394,115.69999694824219
1605,,24.1293564,120.7289394,115.69999694824219
1606,-48.68_111.46_25.37_-28.38_-19.31_0.3063_0.1907_-0.5989_-0.7149end1.25_-0.68_-0.76_-203.78_-48.68_111.46_25.37_-28.12_-23.06_0.3063_0.1907_-0.5989_-0.7149end1.77_-0.61_-0.83_-203.78_-48.68_111.46_24.63_-26.44_-24.37_0.3063_0.1907_-0.5989_-0.7149end1.77_-0.61_-0.83_-216.09_-12.20_112.47_24.63_-26.44_-24.37_0.2822_0.2103_-0.6229_-0.6987end1.77_-0.61_-0.83_-218.66_-3.25_111.68_24.63_-26.44_-24.37_0.2822_0.2103_-0.6229_-0.6987end1.77_-0.61_-0.83_-219.22_3.69_111.01_24.63_-26.44_-24.37_0.2660_0.2275_-0.6395_-0.6845end1.77_-0.61_-0.83_-219.22_3.69_111.01_24.63_-26.44_-24.37_0.2660_0.2275_-0.6395_-0.6845end1.77_-0.61_-0.83_-222.24_14.44_109.56_24.63_-26.44_-24.37_0.2557_0.2397_-0.6502_-0.6741end1.90_-0.80_2.96_-222.24_14.44_109.56_24.63_-26.44_-24.37_0.2557_0.2397_-0.6502_-0.6741end2.05_-0.77_3.18_-223.92_19.47_106.09_24.63_-26.44_-24.37_0.2407_0.2581_-0.6656_-0.6575end2.13_-0.59_3.80_-222.80_21.93_103,24.1293564,120.7289394,115.69999694824219
1607,.85_24.63_-26.44_-24.37_0.2407_0.2581_-0.6656_-0.6575end2.27_-0.48_4.07_-222.80_21.93_103.85_24.63_-26.44_-24.37_0.2262_0.2760_-0.6802_-0.6403end2.27_-0.34_4.35_-222.80_21.93_103.85_24.63_-26.44_-24.37_0.2214_0.2822_-0.6850_-0.6341end,24.1293564,120.7289394,115.69999694824219
1608,,24.1293564,120.7289394,115.69999694824219
1609,,24.1293564,120.7289394,115.69999694824219
1610,,24.1293564,120.7289394,115.69999694824219
1611,,24.1293564,120.7289394,115.69999694824219
1612,,24.1293564,120.7289394,115.69999694824219
1613,2.21_-0.08_5.04_-222.80_21.93_103.85_24.63_-26.44_-24.37_0.2214_0.2822_-0.6850_-0.6341end2.21_-0.08_5.04_-218.89_38.50_98.14_22.06_-23.12_-29.44_0.2214_0.2822_-0.6850_-0.6341end2.21_-0.08_5.04_-217.21_41.63_95.90_22.06_-23.12_-29.44_0.2083_0.3005_-0.6982_-0.6155end2.18_-0.08_5.80_-217.21_41.63_95.90_22.06_-23.12_-29.44_0.2043_0.3065_-0.7023_-0.6092end2.18_-0.08_5.80_-209.60_53.94_89.41_22.06_-23.12_-29.44_0.1967_0.3186_-0.7101_-0.5963end1.59_0.53_5.56_-202.55_63.00_84.60_22.06_-23.12_-29.44_0.1967_0.3186_-0.7101_-0.5963end1.59_0.53_5.56_-202.55_63.00_84.60_22.06_-23.12_-29.44_0.1903_0.3309_-0.7170_-0.5833end1.59_0.53_5.56_-198.52_64.79_82.47_22.06_-23.12_-29.44_0.1843_0.3428_-0.7236_-0.5700end1.54_0.96_8.01_-198.52_64.79_82.47_22.06_-23.12_-29.44_0.1843_0.3428_-0.7236_-0.5700end0.59_1.14_8.04_-198.52_64.79_82.47_20.94_-19.06_-32.56_0.1843_0.3428_-0.7236_-0.5700end,24.1293564,120.7289394,115.69999694824219
1614,,24.1293564,120.7289394,115.69999694824219
1615,,24.1293564,120.7289394,115.69999694824219
1616,,24.1293564,120.7289394,115.69999694824219
1617,,24.1293564,120.7289394,115.69999694824219
1618,,24.1293564,120.7289394,115.69999694824219
1619,1.36_1.37_8.23_-192.59_58.75_79.90_20.94_-19.06_-32.56_0.1843_0.3428_-0.7236_-0.5700end0.89_1.55_6.22_-189.90_54.72_77.55_20.94_-19.06_-32.56_0.1722_0.3650_-0.7355_-0.5443end0.89_1.55_6.22_-189.90_54.72_77.55_21.31_-18.06_-33.88_0.1722_0.3650_-0.7355_-0.5443end0.89_1.55_6.22_-186.21_54.50_75.31_21.31_-18.06_-33.88_0.1633_0.3802_-0.7435_-0.5254end1.34_1.60_5.42_-170.77_54.83_70.28_21.31_-18.06_-33.88_0.1633_0.3802_-0.7435_-0.5254end1.34_1.60_5.42_-170.77_54.83_70.28_22.06_-16.31_-35.25_0.1554_0.3947_-0.7501_-0.5073end1.33_2.68_6.98_-170.77_54.83_70.28_22.06_-16.31_-35.25_0.1529_0.3993_-0.7521_-0.5016end1.00_3.44_7.23_-154.88_59.87_64.23_22.44_-15.31_-34.75_0.1529_0.3993_-0.7521_-0.5016end1.00_3.85_6.85_-150.63_67.14_62.11_21.31_-13.94_-36.06_0.1529_0.3993_-0.7521_-0.5016end1.00_3.85_6.85_-141.90_77.66_58.53_21.31_-13.94_-36.06_0.1529_0.3993_-0.7521_-0.5016end,24.1293564,120.7289394,115.69999694824219
1620,,24.1293564,120.7289394,115.69999694824219
1621,,24.1293564,120.7289394,115.69999694824219
1622,,24.1293564,120.7289394,115.69999694824219
1623,,24.1293564,120.7289394,115.69999694824219
1624,,24.1293564,120.7289394,115.69999694824219
1625,1.00_3.85_6.85_-136.64_81.24_56.74_21.31_-13.94_-36.06_0.1443_0.4219_-0.7601_-0.4727end0.83_4.25_7.12_-136.64_81.24_56.74_23.94_-13.56_-34.19_0.1443_0.4219_-0.7601_-0.4727end0.83_4.25_7.12_-124.77_91.99_53.49_23.94_-13.56_-34.19_0.1428_0.4308_-0.7623_-0.4613end0.83_4.25_7.12_-120.52_99.15_51.81_22.06_-12.88_-35.19_0.1428_0.4308_,24.1293564,120.7289394,115.69999694824219
1626,-0.7623_-0.4613end0.32_5.54_7.64_-115.82_107.88_49.69_22.06_-12.88_-35.19_0.1428_0.4399_-0.7639_-0.4500end0.32_5.54_7.64_-110.79_117.05_47.67_22.06_-12.88_-35.19_0.1434_0.4445_-0.7645_-0.4443end0.32_5.23_7.08_-110.79_117.05_47.67_22.06_-12.88_-35.19_0.1443_0.4490_-0.7649_-0.4387end0.46_4.98_5.61_-110.79_117.05_47.67_22.06_-12.88_-35.19_0.1443_0.4490_-0.7649_-0.4387end0.46_4.98_5.61_-110.79_117.05_47.67_23.94_-11.12_-35.50_0.1512_0.4676_-0.7652_-0.4159end0.18_4.59_5.67_-110.79_117.05_47.67_23.94_-11.12_-35.50_0.1512_0.4676_-0.7652_-0.4159end,24.1293564,120.7289394,115.69999694824219
1627,,24.1293564,120.7289394,115.69999694824219
1628,,24.1293564,120.7289394,115.69999694824219
1629,,24.1293564,120.7289394,115.69999694824219
1630,,24.1293564,120.7289394,115.69999694824219
1631,,24.1293564,120.7289394,115.69999694824219
1632,,24.1293564,120.7289394,115.69999694824219
1633,-0.08_5.39_3.39_-110.79_117.05_47.67_23.94_-11.12_-35.50_0.1554_0.4764_-0.7648_-0.4049end-0.08_5.39_3.39_-79.57_128.92_36.82_23.94_-11.12_-35.50_0.1595_0.4847_-0.7642_-0.3945end0.36_4.23_5.54_-79.57_128.92_36.82_23.94_-11.12_-35.50_0.1614_0.4886_-0.7638_-0.3895end0.56_5.06_4.14_-64.68_119.18_32.68_23.94_-11.12_-35.50_0.1635_0.49,24.1293564,120.7289394,115.69999694824219
1634,22_-0.7634_-0.3849end0.56_5.06_4.14_-64.68_119.18_32.68_27.62_-9.69_-32.69_0.1635_0.4922_-0.7634_-0.3849end0.56_5.06_4.14_-60.76_97.69_32.68_27.62_-9.69_-32.69_0.1687_0.5024_-0.7619_-0.3724end0.87_6.67_4.71_-60.76_97.69_32.68_27.62_-9.69_-32.69_0.1700_0.5056_-0.7614_-0.3683end0.56_6.55_3.61_-52.15_88.07_29.21_27.62_-9.69_-32.69_0.1700_0.5056_-0.7614_-0.3683end0.88_6.49_2.42_-52.15_88.07_29.21_29.81_-9.63_-30.50_0.1700_0.5056_-0.7614_-0.3683end0.88_6.49_2.42_-50.25_47.67_29.32_28.38_-9.69_-30.50_0.1732_0.5140_-0.7600_-0.3579end,24.1293564,120.7289394,115.69999694824219
1635,,24.1293564,120.7289394,115.69999694824219
1636,,24.1293564,120.7289394,115.69999694824219
1637,,24.1293564,120.7289394,115.69999694824219
1638,,24.1293564,120.7289394,115.69999694824219
1639,,24.1293564,120.7289394,115.69999694824219
1640,0.88_6.49_2.42_-50.25_47.67_29.32_28.38_-9.69_-30.50_0.1730_0.5185_-0.7595_-0.3527end1.10_7.61_1.23_-50.25_47.67_29.32_29.81_-8.69_-31.31_0.1730_0.5185_-0.7595_-0.3527end0.02_9.33_2.94_-37.04_-15.33_28.65_29.81_-8.69_-31.31_0.1730_0.5185_-0.7595_-0.3527end0.02_9.33_2.94_-37.04_-15.33_28.65_30.19_-8.31_-30.44_0.1655_0.5231_-0.7595_-0.3496end0.96_12.30_6.59_-37.04_-15.33_28.65_30.19_-8.31_-30.44_0.1619_0.5233_-0.7596_-0.3506end3.06_10.54_3.46_-37.04_-15.33_28.65_30.19_-8.31_-30.44_0.1619_0.5233_-0.7596_-0.3506end0.72_9.47_5.52_-37.04_-15.33_28.65_30.19_-8.31_-30.44_0.1619_0.5233_-0.7596_-0.3506end1.51_8.74_4.24_-37.04_-15.33_28.65_30.19_-8.31_-30.44_0.13,24.1293564,120.7289394,115.69999694824219
1641,78_0.5193_-0.7619_-0.3618end2.10_7.77_2.43_-37.04_-15.33_28.65_30.19_-8.31_-30.44_0.1378_0.5193_-0.7619_-0.3618end2.75_7.28_3.22_-37.04_-15.33_28.65_30.19_-8.31_-30.44_0.1240_0.5159_-0.7629_-0.3695end,24.1293564,120.7289394,115.69999694824219
1642,,24.1293564,120.7289394,115.69999694824219
1643,,24.1293564,120.7289394,115.69999694824219
1644,,24.1293564,120.7289394,115.69999694824219
1645,,24.1293564,120.7289394,115.69999694824219
1646,,24.1293564,120.7289394,115.69999694824219
1647,2.59_7.51_3.41_-1.34_-188.23_29.77_30.19_-8.31_-30.44_0.1240_0.5159_-0.7629_-0.3695end2.59_7.51_3.41_0.67_-189.23_28.31_26.12_-9.13_-35.06_0.1240_0.5159_-0.7629_-0.3695end2.95_7.68_4.17_2.91_-189.57_26.41_26.12_-9.13_-35.06_0.1035_0.5098_-0.7637_-0.3822end2.95_7.68_4.17_7.27_-189.46_24.84_26.12_-9.13_-35.06_0.0969_0.5076_-0.7639,24.1293564,120.7289394,115.69999694824219
1648,_-0.3865end2.95_7.68_4.17_14.21_-186.32_19.92_26.12_-9.13_-35.06_0.0839_0.5026_-0.7640_-0.3958end3.34_7.46_4.07_14.21_-186.32_19.92_26.12_-9.13_-35.06_0.0778_0.5001_-0.7640_-0.4002end3.43_7.05_3.77_19.81_-184.64_15.33_26.12_-9.13_-35.06_0.0716_0.4973_-0.7639_-0.4050end3.43_7.05_3.77_19.81_-184.64_15.33_26.12_-9.13_-35.06_0.0599_0.4916_-0.7636_-0.4142end3.34_6.89_2.99_19.81_-184.64_15.33_26.12_-9.13_-35.06_0.0542_0.4888_-0.7634_-0.4188end3.37_7.08_3.01_19.81_-184.64_15.33_19.87_-9.88_-39.25_0.0486_0.4857_-0.7631_-0.4235end,24.1293564,120.7289394,115.69999694824219
1649,,24.1293564,120.7289394,115.69999694824219
1650,,24.1293564,120.7289394,115.69999694824219
1651,,24.1293564,120.7289394,115.69999694824219
1652,,24.1293564,120.7289394,115.69999694824219
1653,,24.1293564,120.7289394,115.69999694824219
1654,3.37_7.32_3.21_34.58_-173.12_1.79_19.87_-9.88_-39.25_0.0486_0.4857_-0.7631_-0.4235end4.40_9.48_3.37_34.58_-173.12_1.79_19.87_-9.88_-39.25_0.0385_0.4796_-0.7624_-0.4327end4.40_9.48_3.37_42.08_-156.67_-5.26_19.87_-9.88_-39.25_0.0339_0.4764_-0.7620_-0.4374end4.40_9.48_3.37_44.99_-140.11_-10.97_17.06_-10.56_-39.31_0.0339_0.4764_-0.7,24.1293564,120.7289394,115.69999694824219
1655,620_-0.4374end4.40_9.48_3.37_48.68_-97.25_-16.79_17.06_-10.56_-39.31_0.0247_0.4678_-0.7605_-0.4496end3.28_8.88_2.73_48.68_-97.25_-16.79_15.94_-10.25_-39.31_0.0247_0.4678_-0.7605_-0.4496end3.28_8.88_2.73_52.71_-30.66_-24.17_15.94_-10.25_-39.31_0.0224_0.4636_-0.7594_-0.4559end3.28_8.88_2.73_52.71_-30.66_-24.17_15.19_-11.63_-38.81_0.0234_0.4608_-0.7584_-0.4604end2.02_5.40_1.33_52.71_-30.66_-24.17_14.81_-12.00_-40.25_0.0250_0.4597_-0.7578_-0.4623end2.12_5.61_1.86_52.71_-30.66_-24.17_14.50_-11.63_-38.44_0.0270_0.4589_-0.7573_-0.4640end,24.1293564,120.7289394,115.69999694824219
1656,,24.1293564,120.7289394,115.69999694824219
1657,,24.1293564,120.7289394,115.69999694824219
1658,,24.1293564,120.7289394,115.69999694824219
1659,,24.1293564,120.7289394,115.69999694824219
1660,,24.1293564,120.7289394,115.69999694824219
1661,,24.1293564,120.7289394,115.69999694824219
1662,2.05_5.84_2.38_63.45_16.79_-34.47_14.50_-11.63_-38.44_0.0270_0.4589_-0.7573_-0.4640end2.05_5.84_2.38_63.45_16.79_-34.47_14.50_-11.63_-38.44_0.0342_0.4562_-0.7553_-0.4692end2.23_6.10_3.21_68.60_-2.01_-35.92_14.50_-11.63_-38.44_0.0364_0.4551_-0.7546_-0.4713end1.92_6.20_2.68_68.60_-2.01_-35.92_14.50_-11.63_-38.44_0.0364_0.4551_-0.7546_-0.4713end1.94_6.25_1.66_70.61_-27.86_-38.94_14.50_-11.63_-38.44_0.0364_0.4551_-0.7546_-0.4713end1.94_6.25_1.66_71.96_-56.96_-42.41_15.56_-13.69_-38.44_0.0406_0.4497_-0.7527_-0.4791end1.96_6.35_0.08_71.96_-56.96_-42.41_15.56_-13.69_-38.44_0.0415_0.4443_-0.7515_-0.4859end1.87_6.47_-0.05_73.63_-79.01_-44.54_15.56_-13.69_-38.44_0.0414_0.4412_-0.7510_-0.4896end1.63_7.07_0.02_73.63_-79.01_-44.54_15.56_-13.69_-38.44_0.0414_0.4412_-0.7510_-0.4896end1.55_7.41_0.13_74.31_-76.10_-51.48_14.81_-14.38_-38.88_0.0414_0.4412_-0.7510_-0.4896end,24.1293564,120.7289394,115.69999694824219
1663,,24.1293564,120.7289394,115.69999694824219
1664,,24.1293564,120.7289394,115.69999694824219
1665,,24.1293564,120.7289394,115.69999694824219
1666,,24.1293564,120.7289394,115.69999694824219
1667,1.55_7.41_0.13_74.08_-69.27_-53.83_14.81_-14.38_-38.88_0.0407_0.4309_-0.7493_-0.5012end1.98_8.50_-0.14_74.08_-69.27_-53.83_14.06_-14.38_-38.88_0.0412_0.4241_-0.7483_-0.5084end1.98_8.50_-0.14_73.19_-61.21_-56.74_13.00_-14.06_-40.31_0.0417_0.4207_-0.7479_-0.5118end1.90_8.66_-0.18_73.19_-61.21_-56.74_13.00_-14.06_-40.31_0.0424_0.4174_-0.7474_-0.5151end2.16_8.48_-0.13_73.19_-61.21_-56.74_14.06_-16.06_-38.06_0.0424_0.4174_-0.7474_-0.5151end2.22_9.33_-0.46_69.83_-53.83_-64.01_14.06_-16.06_-38.06_0.0441_0.4106_-0.7466_-0.5216end2.22_9.33_-0.46_69.83_-53.83_-64.01_14.06_-16.06_-38.06_0.0450_0.4072_-0.7463_-0.5246end2.22_9.33_-0.46_69.16_-49.35_-68.82_13.38_-15.75_-38.06_0.0462_0.4037_-0.7460_-0.5276end7.25_40.81_-36.51_69.38_-45.66_-70.72_13.38_-15.75_-38.06_0.0489_0.3958_-0.7454_-0.5341end14.61_-5.39_-34.18_-133.06_113.47_-36.37_13.38_-15.75_-38.06_0.0489_0.3958_-0.7454_-0.5341end,24.1293564,120.7289394,115.69999694824219
1668,,24.1293564,120.7289394,115.69999694824219
1669,,24.1293564,120.7289394,115.69999694824219
1670,,24.1293564,120.7289394,115.69999694824219
1671,,24.1293564,120.7289394,115.69999694824219
1672,,24.1293564,120.7289394,115.69999694824219
1673,,24.1293564,120.7289394,115.69999694824219
1674,21.97_22.40_53.03_-133.06_113.47_-36.37_13.38_-15.75_-38.06_0.0439_0.3896_-0.7471_-0.5368end16.15_7.70_7.63_-133.06_113.47_-36.37_13.38_-15.75_-38.06_0.0439_0.3896_-0.7471_-0.5368end-1.94_10.62_7.60_-133.06_113.47_-36.37_12.25_-16.44_-38.94_0.0209_0.3751_-0.7484_-0.5466end-1.94_10.62_7.60_-133.06_113.47_-36.37_8.19_-16.50_-39.50_0.0095_0.3677_-0.7490_-0.5510end-1.94_10.62_7.60_-133.06_113.47_-36.37_8.19_-16.50_-39.50_0.0074_-0.3545_0.7504_0.5578end10.00_5.96_-4.15_-133.06_113.47_-36.37_7.81_-15.50_-40.38_0.0114_-0.3495_0.7511_0.5599end3.84_9.25_0.21_-133.06_113.47_-36.37_7.81_-15.50_-40.38_0.0122_-0.3461_0.7516_0.5614end4.82_6.66_-2.46_-133.06_113.47_-36.37_7.06_-16.19_-40.88_0.0122_-0.3461_0.7516_0.5614end13.95_8.35_7.93_29.21_117.95_-68.26_7.06_-16.19_-40.88_0.0004_0.3452_-0.7528_-0.5605end13.95_8.35_7.93_29.21_117.95_-68.26_7.06_-16.19_-40.88_0.0004_0.3452_-0.7528_-0.5605end,24.1293564,120.7289394,115.69999694824219
1675,,24.1293564,120.7289394,115.69999694824219
1676,,24.1293564,120.7289394,115.69999694824219
1677,,24.1293564,120.7289394,115.69999694824219
1678,,24.1293564,120.7289394,115.69999694824219
1679,,24.1293564,120.7289394,115.69999694824219
1680,,24.1293564,120.7289394,115.69999694824219
1681,13.95_8.35_7.93_30.10_89.86_-24.84_7.06_-16.19_-40.88_0.0096_0.3474_-0.7522_-0.5599end5.33_8.15_10.84_30.10_89.86_-24.84_7.06_-16.19_-40.88_0.0096_0.3474_-0.7522_-0.5599end5.33_8.15_10.84_30.10_89.86_-24.84_7.06_-16.19_-40.88_0.0199_0.3520_-0.7514_-0.5578end0.35_8.58_7.43_30.10_89.86_-24.84_9.31_-15.81_-40.81_0.0245_0.3543_-0.7515_-0.5559end-1.40_9.73_1.39_30.10_89.86_-24.84_9.31_-15.81_-40.81_0.0293_0.3566_-0.7518_-0.5538end-5.07_7.81_0.80_1.34_136.41_-32.01_9.31_-15.81_-40.81_0.0293_0.3566_-0.7518_-0.5538end0.30_7.90_0.04_-0.22_139.21_-39.84_9.31_-15.81_-40.81_0.0293_0.3566_-0.7518_-0.5538end-2.23_7.65_-2.38_-0.22_139.21_-39.84_9.31_-15.81_-40.81_0.0,24.1293564,120.7289394,115.69999694824219
1682,493_0.3638_-0.7531_-0.5461end0.91_8.02_-1.62_-0.22_139.21_-39.84_9.31_-15.81_-40.81_0.0527_0.3641_-0.7532_-0.5453end0.70_8.06_-0.45_-0.22_139.21_-39.84_9.31_-15.81_-40.81_0.0527_0.3641_-0.7532_-0.5453end,24.1293564,120.7289394,115.69999694824219
1683,,24.1293564,120.7289394,115.69999694824219
1684,,24.1293564,120.7289394,115.69999694824219
1685,,24.1293564,120.7289394,115.69999694824219
1686,,24.1293564,120.7289394,115.69999694824219
1687,,24.1293564,120.7289394,115.69999694824219
1688,,24.1293564,120.7289394,115.69999694824219
1689,0.70_8.06_-0.45_24.62_-65.13_-29.77_9.31_-15.81_-40.81_0.0555_0.3620_-0.7534_-0.5461end0.70_8.06_-0.45_25.51_-83.37_-29.10_13.00_-15.06_-38.50_0.0549_0.3597_-0.7534_-0.5477end1.22_8.54_1.64_25.51_-83.37_-29.10_13.00_-15.06_-38.50_0.0518_0.3537_-0.7535_-0.5518end2.58_8.72_1.80_25.51_-83.37_-29.10_13.00_-15.06_-38.50_0.0500_0.3506_-0.7535_-0.5539end2.77_8.66_4.68_25.51_-83.37_-29.10_13.00_-15.06_-38.50_0.0484_0.3475_-0.7536_-0.5559end2.77_8.66_4.68_12.87_-44.99_-29.77_13.00_-15.06_-38.50_0.0484_0.3475_-0.7536_-0.5559end5.18_8.93_7.36_10.18_-36.71_-26.52_13.00_-15.06_-38.50_0.0456_0.3405_-0.7542_-0.5598end3.58_8.63_5.03_10.18_-36.71_-26.52_13.00_-15.06_-38.50_0.0451_0.3386_-0.7544_-0.5605end4.41_8.59_4.69_3.92_-28.65_-24.84_13.00_-15.06_-38.50_0.0451_0.3386_-0.7544_-0.5605end3.37_8.57_4.59_5.04_-24.62_-23.50_10.44_-16.12_-38.06_0.0451_0.3386_-0.7544_-0.5605end,24.1293564,120.7289394,115.69999694824219
1690,,24.1293564,120.7289394,115.69999694824219
1691,,24.1293564,120.7289394,115.69999694824219
1692,,24.1293564,120.7289394,115.69999694824219
1693,,24.1293564,120.7289394,115.69999694824219
1694,,24.1293564,120.7289394,115.69999694824219
1695,,24.1293564,120.7289394,115.69999694824219
1696,3.37_8.57_4.59_4.48_-19.58_-23.05_10.44_-16.12_-38.06_0.0445_0.3329_-0.7555_-0.5625end3.16_8.45_3.20_4.48_-19.58_-23.05_11.12_-16.44_-38.94_0.0450_0.3319_-0.7557_-0.5627end2.36_8.45_3.33_4.48_-19.58_-23.05_11.12_-16.44_-38.94_0.0458_0.3311_-0.7559_-0.5629end2.54_8.64_3.34_4.48_-19.58_-23.05_11.12_-16.44_-38.94_0.0471_0.3305_-0.7,24.1293564,120.7289394,115.69999694824219
1697,560_-0.5630end2.40_8.53_3.30_4.48_-19.58_-23.05_11.12_-16.44_-38.94_0.0471_0.3305_-0.7560_-0.5630end2.40_8.53_3.30_4.48_-19.58_-23.05_11.12_-16.44_-38.94_0.0518_0.3290_-0.7563_-0.5631end2.65_8.57_3.22_4.48_-19.58_-23.05_11.12_-16.44_-38.94_0.0535_0.3284_-0.7563_-0.5632end2.68_8.55_3.11_15.67_19.14_-30.21_11.12_-16.44_-38.94_0.05,24.1293564,120.7289394,115.69999694824219
1698,,24.1293564,120.7289394,115.69999694824219
1699,,24.1293564,120.7289394,115.69999694824219
1700,35_0.3284_-0.7563_-0.5632end2.68_8.55_3.11_15.67_19.14_-30.21_11.12_-16.44_-38.94_0.0582_0.3266_-0.7563_-0.5639end2.58_8.70_3.74_15.67_19.14_-30.21_11.12_-16.44_-38.94_0.0597_0.3260_-0.7562_-0.5641end,24.1293564,120.7289394,115.69999694824219
1701,,24.1293564,120.7289394,115.69999694824219
1702,,24.1293564,120.7289394,115.69999694824219
1703,,24.1293564,120.7289394,115.69999694824219
1704,2.55_8.78_4.16_15.67_19.14_-30.21_11.12_-16.44_-38.94_0.0597_0.3260_-0.7562_-0.5641end2.50_8.84_4.15_15.67_19.14_-30.21_12.56_-17.19_-39.94_0.0648_0.3246_-0.7561_-0.5645end2.48_8.74_3.86_15.67_19.14_-30.21_12.25_-15.06_-37.13_0.0667_0.3243_-0.7562_-0.5644end2.32_8.79_3.62_9.85_33.12_-29.54_12.25_-15.06_-37.13_0.0667_0.3243_-0.75,24.1293564,120.7289394,115.69999694824219
1705,,24.1293564,120.7289394,115.69999694824219
1706,,24.1293564,120.7289394,115.69999694824219
1707,62_-0.5644end2.27_8.68_2.95_9.85_33.12_-29.54_13.00_-16.75_-37.56_0.0667_0.3243_-0.7562_-0.5644end2.27_8.68_2.95_10.07_38.61_-27.98_13.00_-16.75_-37.56_0.0706_0.3239_-0.7563_-0.5640end2.27_8.68_2.95_10.07_38.61_-27.98_13.00_-16.75_-37.56_0.0768_0.3238_-0.7564_-0.5631end2.27_8.68_2.95_10.07_38.61_-27.98_13.00_-17.12_-37.19_0.0768_0.3238_-0.7564_-0.5631end2.27_8.68_2.95_11.64_46.11_-26.97_13.00_-17.12_-37.19_0.0768_0.3238_-0.7564_-0.5631end1.28_8.82_1.93_11.64_46.11_-26.97_13.00_-17.12_-37.19_0.0861_0.3244_-0.7561_-0.5618end,24.1293564,120.7289394,115.69999694824219
1708,,24.1293564,120.7289394,115.69999694824219
1709,,24.1293564,120.7289394,115.69999694824219
1710,,24.1293564,120.7289394,115.69999694824219
1711,,24.1293564,120.7289394,115.69999694824219
1712,,24.1293564,120.7289394,115.69999694824219
1713,1.25_8.66_1.79_11.64_46.11_-26.97_13.00_-17.12_-37.19_0.0886_0.3247_-0.7560_-0.5614end1.25_8.66_1.79_11.64_46.11_-26.97_14.44_-16.44_-38.06_0.0886_0.3247_-0.7560_-0.5614end0.71_8.80_2.31_11.64_46.11_-26.97_14.44_-16.44_-38.06_0.0886_0.3247_-0.7560_-0.5614end0.71_8.80_2.31_11.64_46.11_-26.97_14.44_-16.44_-38.06_0.0972_0.3262_-0.7554_-0.5598end0.71_8.80_2.31_11.64_46.11_-26.97_14.44_-16.44_-38.06_0.1028_0.3272_-0.7550_-0.5588end0.21_9.00_3.22_11.64_46.11_-26.97_14.44_-16.44_-38.06_0.1053_0.3276_-0.7548_-0.5585end-0.32_8.98_3.44_11.64_46.11_-26.97_14.44_-16.44_-38.06_0.1053_0.3276_-0.7548_-0.5585end-0.89_9.12_3.82_11.64_46.11_-26.97_14.44_-16.44_-38.06_0.1053_0.3276_-0.7548_-0.5585end-0.60_9.09_3.67_11.64_46.11_-26.97_17.00_-17.06_-36.69_0.1133_0.3279_-0.7541_-0.5576end-0.79_9.08_3.62_11.64_46.11_-26.97_17.00_-17.06_-36.69_0.1149_0.3276_-0.7540_-0.5576end,24.1293564,120.7289394,115.69999694824219
1714,,24.1293564,120.7289394,115.69999694824219
1715,,24.1293564,120.7289394,115.69999694824219
1716,,24.1293564,120.7289394,115.69999694824219
1717,,24.1293564,120.7289394,115.69999694824219
1718,-0.68_9.10_3.36_11.64_46.11_-26.97_17.00_-17.06_-36.69_0.1149_0.3276_-0.7540_-0.5576end-0.32_9.04_2.87_11.64_46.11_-26.97_17.00_-17.06_-36.69_0.1149_0.3276_-0.7540_-0.5576end-0.21_9.05_2.76_11.64_46.11_-26.97_17.00_-17.06_-36.69_0.1177_0.3257_-0.7542_-0.5579end0.11_9.04_2.63_11.64_46.11_-26.97_17.00_-17.06_-36.69_0.1177_0.3234_-0.7544_-0.5589end-0.16_9.09_2.52_11.64_46.11_-26.97_17.00_-17.06_-36.69_0.1175_0.3221_-0.7545_-0.5596end-0.42_9.12_2.87_11.41_-21.04_-16.90_17.00_-17.06_-36.69_0.1175_0.3221_-0.7545_-0.5596end-0.41_9.18_3.10_11.41_-16.34_-16.90_17.00_-17.06_-36.69_0.1175_0.3221_-0.7545_-0.5596end-0.28_9.19_3.24_11.41_-11.53_-17.23_17.00_-17.06_-,24.1293564,120.7289394,115.69999694824219
1719,36.69_0.1176_0.3177_-0.7547_-0.5618end-0.25_9.21_3.44_11.41_-11.53_-17.23_17.00_-17.06_-36.69_0.1177_0.3168_-0.7547_-0.5623end-0.17_9.23_3.65_11.41_-11.53_-17.23_17.00_-17.06_-36.69_0.1177_0.3168_-0.7547_-0.5623end,24.1293564,120.7289394,115.69999694824219
1720,,24.1293564,120.7289394,115.69999694824219
1721,,24.1293564,120.7289394,115.69999694824219
1722,,24.1293564,120.7289394,115.69999694824219
1723,,24.1293564,120.7289394,115.69999694824219
1724,,24.1293564,120.7289394,115.69999694824219
1725,,24.1293564,120.7289394,115.69999694824219
1726,-0.21_9.25_3.58_11.41_-11.53_-17.23_17.00_-17.06_-36.69_0.1177_0.3149_-0.7548_-0.5632end-0.33_9.21_3.50_8.28_-30.89_-12.31_17.00_-17.06_-36.69_0.1177_0.3149_-0.7548_-0.5632end-0.43_9.18_3.37_8.28_-30.89_-12.31_17.00_-17.06_-36.69_0.1161_0.3112_-0.7552_-0.5651end-0.50_9.23_3.23_8.28_-30.89_-12.31_17.00_-17.06_-36.69_0.1154_0.3099,24.1293564,120.7289394,115.69999694824219
1727,_-0.7553_-0.5659end-0.43_9.21_3.16_8.28_-30.89_-12.31_16.69_-16.75_-36.19_0.1146_0.3085_-0.7554_-0.5665end-0.43_9.22_3.10_8.28_-37.15_-11.64_16.69_-16.75_-36.19_0.1146_0.3085_-0.7554_-0.5665end-0.43_9.22_3.10_9.40_-43.98_-10.30_16.69_-16.75_-36.19_0.1129_0.3057_-0.7557_-0.5681end-0.23_9.25_3.34_9.40_-43.98_-10.30_16.69_-16.75_-36.19_0.1107_0.3027_-0.7559_-0.5698end-0.23_9.25_3.34_8.84_-52.71_-8.73_16.25_-17.81_-37.19_0.1094_0.3011_-0.7560_-0.5707end-0.17_9.29_3.44_8.84_-52.71_-8.73_15.94_-17.06_-36.69_0.1094_0.3011_-0.7560_-0.5707end,24.1293564,120.7289394,115.69999694824219
1728,,24.1293564,120.7289394,115.69999694824219
1729,,24.1293564,120.7289394,115.69999694824219
1730,,24.1293564,120.7289394,115.69999694824219
1731,,24.1293564,120.7289394,115.69999694824219
1732,,24.1293564,120.7289394,115.69999694824219
1733,-0.00_9.30_3.43_8.39_-59.20_-7.05_15.94_-17.06_-36.69_0.1046_0.2957_-0.7565_-0.5739end0.13_9.28_3.41_8.39_-59.20_-7.05_15.94_-17.06_-36.69_0.1027_0.2937_-0.7567_-0.5750end0.47_9.30_3.26_8.39_-59.20_-7.05_15.94_-17.06_-36.69_0.1027_0.2937_-0.7567_-0.5750end0.62_9.27_3.18_8.39_-59.20_-7.05_14.44_-16.06_-37.56_0.1027_0.2937_-0.7567_-0.5750end0.72_9.27_3.11_7.61_-71.40_-5.93_14.44_-16.06_-37.56_0.1027_0.2937_-0.7567_-0.5750end0.88_9.27_3.06_7.61_-71.40_-5.93_14.44_-17.50_-38.56_0.0946_0.2856_-0.7574_-0.5794end0.88_9.27_3.06_7.72_-76.77_-4.92_14.44_-17.50_-38.56_0.0900_0.2812_-0.7578_-0.5818end0.88_9.27_3.06_8.06_-78.11_-4.59_13.00_-17.12_-37.56_0.0900_0.28,24.1293564,120.7289394,115.69999694824219
1734,12_-0.7578_-0.5818end0.88_9.27_3.06_8.06_-77.22_-4.70_13.00_-16.44_-37.56_0.0853_0.2767_-0.7581_-0.5843end0.88_9.27_3.06_7.95_-75.31_-4.70_13.00_-16.44_-37.56_0.0829_0.2745_-0.7582_-0.5855end,24.1293564,120.7289394,115.69999694824219
1735,,24.1293564,120.7289394,115.69999694824219
1736,,24.1293564,120.7289394,115.69999694824219
1737,,24.1293564,120.7289394,115.69999694824219
1738,,24.1293564,120.7289394,115.69999694824219
1739,,24.1293564,120.7289394,115.69999694824219
1740,,24.1293564,120.7289394,115.69999694824219
1741,0.88_9.27_3.06_7.83_-72.18_-5.60_13.31_-17.12_-38.06_0.0785_0.2703_-0.7585_-0.5877end0.88_9.27_3.06_7.50_-71.06_-5.37_13.31_-17.50_-39.94_0.0785_0.2703_-0.7585_-0.5877end0.88_9.27_3.06_7.50_-71.06_-5.37_12.63_-18.19_-37.63_0.0721_0.2639_-0.7589_-0.5911end2.09_9.30_3.21_7.50_-71.06_-5.37_12.63_-18.19_-37.63_0.0721_0.2639_-0.7589_-0.5911end2.24_9.31_3.41_7.50_-71.06_-5.37_12.63_-18.19_-37.63_0.0683_0.2601_-0.7590_-0.5930end2.30_9.27_3.58_8.06_-57.18_-5.60_12.63_-18.19_-37.63_0.0683_0.2601_-0.7590_-0.5930end2.37_9.30_3.68_8.62_-52.15_-5.93_12.63_-18.19_-37.63_0.0635_0.2548_-0.7590_-0.5958end2.58_9.29_4.02_9.51_-42.19_-6.94_10.75_-17.12_-37.63_0.0635_0.2548_-0.7590_-0.5958end2.58_9.29_4.02_9.51_-42.19_-6.94_10.75_-17.12_-37.63_0.0613_0.2518_-0.7589_-0.5974end2.95_9.31_4.32_9.51_-42.19_-6.94_10.75_-17.12_-37.63_0.0604_0.2504_-0.7589_-0.5982end,24.1293564,120.7289394,115.69999694824219
1742,,24.1293564,120.7289394,115.69999694824219
1743,,24.1293564,120.7289394,115.69999694824219
1744,,24.1293564,120.7289394,115.69999694824219
1745,,24.1293564,120.7289394,115.69999694824219
1746,,24.1293564,120.7289394,115.69999694824219
1747,,24.1293564,120.7289394,115.69999694824219
1748,2.95_9.31_4.32_10.74_-28.31_-8.50_9.63_-17.50_-39.50_0.0604_0.2504_-0.7589_-0.5982end3.14_9.30_4.35_10.74_-28.31_-8.50_9.63_-17.50_-39.50_0.0589_0.2471_-0.7585_-0.6002end3.12_9.31_4.33_12.65_1.79_-10.41_9.63_-17.50_-39.50_0.0589_0.2471_-0.7585_-0.6002end3.05_9.30_4.22_12.87_10.30_-11.19_9.69_-17.50_-38.56_0.0592_0.2456_-0.7581_-,24.1293564,120.7289394,115.69999694824219
1749,0.6012end3.05_9.30_4.22_12.87_10.30_-11.19_9.69_-17.50_-38.56_0.0598_0.2452_-0.7579_-0.6016end2.70_9.26_4.01_12.87_10.30_-11.19_9.69_-17.50_-38.56_0.0607_0.2450_-0.7577_-0.6019end2.43_9.30_4.00_12.87_10.30_-11.19_9.69_-17.50_-38.56_0.0632_0.2452_-0.7571_-0.6023end2.36_9.30_4.02_15.11_40.17_-12.09_9.69_-17.50_-38.56_0.0632_0.2452_-0.7571_-0.6023end2.30_9.28_4.01_15.11_40.17_-12.09_9.69_-17.50_-38.56_0.0684_0.2464_-0.7560_-0.6025end2.20_9.30_3.91_15.11_40.17_-12.09_9.69_-17.50_-38.56_0.0684_0.2464_-0.7560_-0.6025end,24.1293564,120.7289394,115.69999694824219
1750,,24.1293564,120.7289394,115.69999694824219
1751,,24.1293564,120.7289394,115.69999694824219
1752,,24.1293564,120.7289394,115.69999694824219
1753,,24.1293564,120.7289394,115.69999694824219
1754,,24.1293564,120.7289394,115.69999694824219
1755,2.25_9.27_3.91_15.11_40.17_-12.09_9.69_-17.50_-38.56_0.0723_0.2477_-0.7552_-0.6025end2.29_9.25_3.88_18.91_54.39_-14.55_9.69_-17.50_-38.56_0.0723_0.2477_-0.7552_-0.6025end2.38_9.25_3.96_18.91_54.39_-14.55_9.69_-17.50_-38.56_0.0792_0.2498_-0.7538_-0.6026end2.45_9.26_4.07_20.14_57.30_-14.77_9.69_-17.50_-38.56_0.0818_0.2507_-0.7532_,24.1293564,120.7289394,115.69999694824219
1756,-0.6026end2.57_9.30_4.15_20.14_57.30_-14.77_9.69_-17.50_-38.56_0.0842_0.2515_-0.7526_-0.6027end2.27_9.32_4.02_20.14_57.30_-14.77_12.56_-18.87_-38.13_0.0867_0.2523_-0.7521_-0.6027end2.27_9.29_4.36_20.14_57.30_-14.77_12.56_-18.87_-38.13_0.0867_0.2523_-0.7521_-0.6027end2.27_9.29_4.36_20.14_57.30_-14.77_12.56_-18.87_-38.13_0.0944_0.2548_-0.7502_-0.6028end2.14_9.32_4.22_22.16_61.88_-15.67_12.56_-18.87_-38.13_0.0970_0.2557_-0.7496_-0.6028end2.02_9.29_4.13_22.16_61.88_-15.67_12.25_-18.50_-37.19_0.0970_0.2557_-0.7496_-0.6028end,24.1293564,120.7289394,115.69999694824219
1757,,24.1293564,120.7289394,115.69999694824219
1758,,24.1293564,120.7289394,115.69999694824219
1759,,24.1293564,120.7289394,115.69999694824219
1760,,24.1293564,120.7289394,115.69999694824219
1761,,24.1293564,120.7289394,115.69999694824219
1762,,24.1293564,120.7289394,115.69999694824219
1763,2.12_9.24_3.99_22.16_61.88_-15.67_12.25_-18.50_-37.19_0.1025_0.2576_-0.7482_-0.6028end2.05_9.26_3.93_23.84_65.24_-16.11_12.25_-18.50_-37.19_0.1025_0.2576_-0.7482_-0.6028end2.08_9.26_3.98_23.84_65.24_-16.11_12.25_-18.50_-37.19_0.1080_0.2595_-0.7468_-0.6028end2.08_9.26_3.98_26.19_66.81_-16.00_12.25_-18.50_-37.19_0.1110_0.2606_-0.7460_-0.6028end2.08_9.26_3.98_26.19_66.81_-16.00_12.25_-18.50_-37.19_0.1166_0.2626_-0.7443_-0.6028end2.08_9.26_3.98_27.08_68.37_-16.11_12.25_-18.50_-37.19_0.1196_0.2638_-0.7435_-0.6028end1.84_9.25_4.07_27.08_68.37_-16.11_15.50_-19.19_-38.56_0.1196_0.2638_-0.7435_-0.6028end1.84_9.25_4.07_29.43_74.53_-16.67_15.50_-19.19_-38.56_0.1256_0.2660_-0.7416_-0.6028end1.78_9.28_4.26_29.43_74.53_-16.67_16.62_-19.12_-36.25_0.1288_0.2673_-0.7407_-0.6028end1.61_9.25_4.30_29.43_74.53_-16.67_16.62_-19.12_-36.25_0.1353_0.2697_-0.7386_-0.6028end,24.1293564,120.7289394,115.69999694824219
1764,,24.1293564,120.7289394,115.69999694824219
1765,,24.1293564,120.7289394,115.69999694824219
1766,,24.1293564,120.7289394,115.69999694824219
1767,,24.1293564,120.7289394,115.69999694824219
1768,,24.1293564,120.7289394,115.69999694824219
1769,,24.1293564,120.7289394,115.69999694824219
1770,1.61_9.25_4.30_29.43_74.53_-16.67_17.37_-19.12_-34.81_0.1353_0.2697_-0.7386_-0.6028end1.36_9.21_4.32_29.43_74.53_-16.67_17.37_-19.12_-34.81_0.1458_0.2737_-0.7353_-0.6026end1.23_9.28_4.19_32.90_89.52_-16.00_17.37_-19.12_-34.81_0.1494_0.2751_-0.7341_-0.6025end1.04_9.25_4.01_32.90_89.52_-16.00_17.37_-19.12_-34.81_0.1533_0.2767_-0.7328_-0.6024end0.82_9.24_3.83_33.91_94.00_-16.34_17.37_-19.12_-34.81_0.1533_0.2767_-0.7328_-0.6024end0.82_9.24_3.83_34.69_94.34_-16.11_17.37_-19.12_-34.81_0.1608_0.2798_-0.7303_-0.6021end0.82_9.24_3.83_35.81_91.99_-15.55_17.37_-19.12_-34.81_0.1647_0.2814_-0.7289_-0.6019end0.75_9.20_3.64_35.81_91.99_-15.55_17.37_-19.12_-34.81_0.16,24.1293564,120.7289394,115.69999694824219
1771,85_0.2830_-0.7275_-0.6018end0.68_9.18_3.60_35.81_91.99_-15.55_17.37_-19.12_-34.81_0.1757_0.2859_-0.7248_-0.6017end0.58_9.23_3.59_37.49_80.01_-13.54_17.37_-19.12_-34.81_0.1757_0.2859_-0.7248_-0.6017end,24.1293564,120.7289394,115.69999694824219
1772,,24.1293564,120.7289394,115.69999694824219
1773,,24.1293564,120.7289394,115.69999694824219
1774,,24.1293564,120.7289394,115.69999694824219
1775,,24.1293564,120.7289394,115.69999694824219
1776,,24.1293564,120.7289394,115.69999694824219
1777,,24.1293564,120.7289394,115.69999694824219
1778,0.43_9.16_3.37_37.49_80.01_-13.54_17.37_-19.12_-34.81_0.1824_0.2884_-0.7220_-0.6019end0.41_9.24_3.22_37.49_80.01_-13.54_17.37_-19.12_-34.81_0.1885_0.2905_-0.7192_-0.6024end0.47_9.21_2.94_37.49_80.01_-13.54_17.37_-19.12_-34.81_0.1885_0.2905_-0.7192_-0.6024end0.40_9.18_2.76_37.60_56.06_-12.65_17.37_-19.12_-34.81_0.1885_0.2905_-0.7192_-0.6024end0.40_9.18_2.76_37.60_56.06_-12.65_21.31_-21.12_-31.19_0.1987_0.2932_-0.7141_-0.6038end0.54_9.14_2.31_37.60_56.06_-12.65_21.31_-21.12_-31.19_0.2009_0.2936_-0.7130_-0.6043end0.54_9.14_2.31_39.28_42.86_-11.41_21.31_-21.12_-32.13_0.2031_0.2939_-0.7117_-0.6049end0.60_9.17_2.29_39.95_42.30_-10.85_21.31_-21.12_-32.13_0.20,24.1293564,120.7289394,115.69999694824219
1779,31_0.2939_-0.7117_-0.6049end0.60_9.17_2.29_40.62_43.08_-10.97_21.31_-21.12_-32.13_0.2073_0.2946_-0.7092_-0.6060end0.60_9.19_2.16_40.62_43.08_-10.97_21.31_-21.12_-32.13_0.2095_0.2950_-0.7079_-0.6066end,24.1293564,120.7289394,115.69999694824219
1780,,24.1293564,120.7289394,115.69999694824219
1781,,24.1293564,120.7289394,115.69999694824219
1782,,24.1293564,120.7289394,115.69999694824219
1783,,24.1293564,120.7289394,115.69999694824219
1784,,24.1293564,120.7289394,115.69999694824219
1785,0.60_9.19_2.16_40.73_47.67_-10.74_21.31_-21.12_-32.13_0.2140_0.2960_-0.7051_-0.6077end0.65_9.21_1.86_40.73_47.67_-10.74_22.81_-20.69_-29.37_0.2140_0.2960_-0.7051_-0.6077end0.65_9.21_1.86_39.61_48.79_-10.18_22.81_-20.69_-29.37_0.2184_0.2971_-0.7024_-0.6088end0.48_9.19_1.12_39.61_48.79_-10.18_22.81_-20.69_-29.37_0.2231_0.2983_-0.6996_-0.6097end0.34_9.19_0.84_39.61_48.79_-10.18_23.12_-22.13_-29.81_0.2231_0.2983_-0.6996_-0.6097end0.28_9.18_0.68_39.95_51.92_-9.29_23.12_-22.13_-29.81_0.2231_0.2983_-0.6996_-0.6097end0.13_9.18_0.58_39.95_51.92_-9.29_23.12_-22.13_-29.81_0.2300_0.3000_-0.6954_-0.6111end0.11_9.23_0.48_40.85_56.06_-9.40_23.12_-22.13_-29.81_0.2349_,24.1293564,120.7289394,115.69999694824219
1786,0.3014_-0.6925_-0.6119end-0.06_9.25_0.46_40.85_56.06_-9.40_23.12_-22.13_-29.81_0.2349_0.3014_-0.6925_-0.6119end-0.07_9.30_0.53_41.63_56.96_-8.62_23.12_-22.13_-29.81_0.2349_0.3014_-0.6925_-0.6119end,24.1293564,120.7289394,115.69999694824219
1787,,24.1293564,120.7289394,115.69999694824219
1788,,24.1293564,120.7289394,115.69999694824219
1789,,24.1293564,120.7289394,115.69999694824219
1790,,24.1293564,120.7289394,115.69999694824219
1791,,24.1293564,120.7289394,115.69999694824219
1792,,24.1293564,120.7289394,115.69999694824219
1793,-0.07_9.30_0.53_41.63_56.96_-8.62_24.25_-22.75_-27.56_0.2449_0.3044_-0.6863_-0.6135end-0.08_9.34_0.57_41.63_56.96_-8.62_24.25_-22.75_-27.56_0.2449_0.3044_-0.6863_-0.6135end0.00_9.30_0.37_40.40_55.51_-7.83_24.25_-22.75_-27.56_0.2449_0.3044_-0.6863_-0.6135end0.00_9.30_0.37_39.61_54.16_-7.50_25.31_-23.44_-28.94_0.2449_0.3044_-0.686,24.1293564,120.7289394,115.69999694824219
1794,3_-0.6135end0.00_9.30_0.37_39.39_49.69_-6.83_25.31_-23.44_-28.94_0.2565_0.3080_-0.6787_-0.6154end-0.14_9.29_-0.03_39.39_49.69_-6.83_26.12_-22.37_-26.62_0.2587_0.3087_-0.6772_-0.6158end0.02_9.34_-0.15_39.39_49.69_-6.83_26.12_-22.37_-26.62_0.2587_0.3087_-0.6772_-0.6158end0.02_9.34_-0.15_39.39_49.69_-6.83_25.37_-22.69_-26.62_0.2646_0.3101_-0.6729_-0.6172end0.13_9.35_-0.17_39.39_49.69_-6.83_25.37_-22.69_-23.81_0.2664_0.3104_-0.6715_-0.6179end0.35_9.38_-0.15_38.94_36.26_-5.60_25.37_-22.69_-23.81_0.2664_0.3104_-0.6715_-0.6179end,24.1293564,120.7289394,115.69999694824219
1795,,24.1293564,120.7289394,115.69999694824219
1796,,24.1293564,120.7289394,115.69999694824219
1797,,24.1293564,120.7289394,115.69999694824219
1798,,24.1293564,120.7289394,115.69999694824219
1799,,24.1293564,120.7289394,115.69999694824219
1800,,24.1293564,120.7289394,115.69999694824219
1801,0.38_9.35_-0.17_38.94_36.26_-5.60_26.12_-23.38_-25.69_0.2664_0.3104_-0.6715_-0.6179end0.44_9.39_-0.20_37.38_36.26_-4.92_26.12_-23.38_-25.69_0.2664_0.3104_-0.6715_-0.6179end0.44_9.39_-0.20_37.38_36.26_-4.92_26.12_-23.38_-25.69_0.2749_0.3121_-0.6647_-0.6205end0.42_9.39_-0.33_37.38_36.26_-4.92_26.81_-23.38_-25.69_0.2749_0.3121_-0.6,24.1293564,120.7289394,115.69999694824219
1802,647_-0.6205end0.42_9.39_-0.33_36.59_39.50_-5.04_26.81_-23.38_-25.69_0.2785_0.3130_-0.6620_-0.6215end0.32_9.52_-0.54_36.59_39.50_-5.04_26.81_-23.38_-25.69_0.2803_0.3135_-0.6606_-0.6219end0.35_9.40_-0.71_36.59_39.50_-5.04_26.81_-23.38_-25.69_0.2803_0.3135_-0.6606_-0.6219end0.35_9.40_-0.71_35.70_50.36_-5.26_27.19_-23.62_-23.44_0.2844_0.3149_-0.6576_-0.6225end0.63_9.43_-0.64_35.70_50.36_-5.26_27.19_-23.62_-23.44_0.2886_0.3166_-0.6545_-0.6229end0.74_9.41_-0.55_35.70_50.36_-5.26_27.94_-24.31_-23.81_0.2886_0.3166_-0.6545_-0.6229end,24.1293564,120.7289394,115.69999694824219
1803,,24.1293564,120.7289394,115.69999694824219
1804,,24.1293564,120.7289394,115.69999694824219
1805,,24.1293564,120.7289394,115.69999694824219
1806,,24.1293564,120.7289394,115.69999694824219
1807,,24.1293564,120.7289394,115.69999694824219
1808,0.71_9.48_-0.55_35.47_63.11_-5.04_27.94_-24.31_-23.81_0.2886_0.3166_-0.6545_-0.6229end0.78_9.47_-0.50_35.47_63.11_-5.04_27.94_-24.31_-23.81_0.2983_0.3208_-0.6479_-0.6231end0.62_9.47_-0.43_35.47_63.11_-5.04_27.56_-24.31_-22.50_0.3009_0.3220_-0.6462_-0.6230end0.62_9.47_-0.43_35.47_63.11_-5.04_27.94_-24.31_-22.06_0.3035_0.3232_-0.6,24.1293564,120.7289394,115.69999694824219
1809,445_-0.6229end0.74_9.46_-0.68_35.47_63.11_-5.04_27.94_-24.31_-22.06_0.3035_0.3232_-0.6445_-0.6229end0.91_9.48_-0.52_35.47_63.11_-5.04_27.94_-25.00_-22.50_0.3035_0.3232_-0.6445_-0.6229end0.91_9.48_-0.52_35.47_63.11_-5.04_29.44_-25.31_-21.12_0.3120_0.3276_-0.6389_-0.6221end1.10_9.51_-0.71_35.47_63.11_-5.04_29.44_-25.31_-21.12_0.3176_0.3306_-0.6352_-0.6216end0.93_9.50_-0.77_35.47_63.11_-5.04_29.44_-25.31_-21.12_0.3204_0.3321_-0.6333_-0.6213end1.11_9.46_-0.84_35.47_63.11_-5.04_29.44_-25.31_-21.12_0.3204_0.3321_-0.6333_-0.6213end,24.1293564,120.7289394,115.69999694824219
1810,,24.1293564,120.7289394,115.69999694824219
1811,,24.1293564,120.7289394,115.69999694824219
1812,,24.1293564,120.7289394,115.69999694824219
1813,,24.1293564,120.7289394,115.69999694824219
1814,,24.1293564,120.7289394,115.69999694824219
1815,1.11_9.48_-0.84_32.23_72.63_-5.71_29.44_-25.31_-21.12_0.3284_0.3360_-0.6279_-0.6204end1.35_9.47_-0.78_32.23_72.63_-5.71_29.44_-25.31_-21.12_0.3309_0.3372_-0.6262_-0.6202end1.41_9.51_-0.64_32.23_72.63_-5.71_28.69_-25.25_-19.75_0.3309_0.3372_-0.6262_-0.6202end1.57_9.49_-0.66_31.89_69.38_-6.83_28.69_-25.25_-19.75_0.3309_0.3372_-0.6262_-0.6202end1.57_9.49_-0.66_31.89_69.38_-6.83_29.81_-24.56_-18.81_0.3386_0.3408_-0.6210_-0.6193end1.55_9.51_-0.94_31.45_71.28_-6.60_29.81_-24.56_-18.81_0.3437_0.3432_-0.6175_-0.6187end1.50_9.51_-1.02_31.45_71.28_-6.60_29.81_-24.56_-18.81_0.3466_0.3447_-0.6155_-0.6182end1.50_9.51_-1.02_31.45_71.28_-6.60_30.19_-25.62_-18.81_0.3495_0.3463_-0.6136_-0.6176end1.59_9.52_-1.30_31.45_71.28_-6.60_31.31_-25.56_-16.94_0.3495_0.3463_-0.6136_-0.6176end1.59_9.52_-1.30_28.65_108.55_-9.85_31.31_-25.56_-16.94_0.3526_0.3480_-0.6116_-0.6168end,24.1293564,120.7289394,115.69999694824219
1816,,24.1293564,120.7289394,115.69999694824219
1817,,24.1293564,120.7289394,115.69999694824219
1818,,24.1293564,120.7289394,115.69999694824219
1819,,24.1293564,120.7289394,115.69999694824219
1820,,24.1293564,120.7289394,115.69999694824219
1821,,24.1293564,120.7289394,115.69999694824219
1822,1.59_9.52_-1.30_28.65_108.55_-9.85_30.94_-25.19_-16.06_0.3596_0.3522_-0.6071_-0.6149end1.59_9.52_-1.30_28.54_112.02_-10.30_30.94_-25.19_-16.06_0.3631_0.3543_-0.6049_-0.6138end1.59_9.52_-1.30_28.20_115.82_-9.74_30.94_-25.19_-16.06_0.3705_0.3589_-0.6000_-0.6115end1.80_9.54_-2.00_27.53_116.61_-10.30_30.94_-25.19_-16.06_0.3705_0.358,24.1293564,120.7289394,115.69999694824219
1823,9_-0.6000_-0.6115end1.72_9.48_-2.05_27.53_116.61_-10.30_30.94_-25.19_-16.06_0.3817_0.3659_-0.5927_-0.6076end1.39_9.50_-1.85_27.53_116.61_-10.30_30.94_-25.19_-16.06_0.3853_0.3681_-0.5903_-0.6063end1.43_9.53_-1.82_27.42_108.88_-10.85_30.94_-25.19_-16.06_0.3853_0.3681_-0.5903_-0.6063end1.47_9.53_-1.72_26.97_105.86_-11.53_30.94_-25.19_-16.06_0.3853_0.3681_-0.5903_-0.6063end1.43_9.56_-1.44_26.97_105.86_-11.53_30.94_-25.19_-16.06_0.3853_0.3681_-0.5903_-0.6063end1.41_9.54_-1.32_26.97_105.86_-11.53_30.94_-25.19_-16.06_0.3853_0.3681_-0.5903_-0.6063end,24.1293564,120.7289394,115.69999694824219
1824,,24.1293564,120.7289394,115.69999694824219
1825,,24.1293564,120.7289394,115.69999694824219
1826,,24.1293564,120.7289394,115.69999694824219
1827,,24.1293564,120.7289394,115.69999694824219
1828,,24.1293564,120.7289394,115.69999694824219
1829,,24.1293564,120.7289394,115.69999694824219
1830,1.31_9.54_-1.37_26.97_105.86_-11.53_33.88_-25.81_-11.44_0.3853_0.3681_-0.5903_-0.6063end1.12_9.50_-1.31_26.97_105.86_-11.53_33.88_-25.81_-11.44_0.4124_0.3837_-0.5718_-0.5965end1.04_9.51_-1.14_25.96_97.02_-11.64_33.88_-25.81_-11.44_0.4156_0.3855_-0.5695_-0.5953end1.06_9.54_-1.12_25.85_94.67_-11.97_33.88_-25.81_-11.44_0.4156_0.3855_-0.5695_-0.5953end1.06_9.54_-1.12_25.85_94.67_-11.97_34.56_-24.75_-10.94_0.4218_0.3887_-0.5651_-0.5930end1.06_9.54_-1.12_25.51_89.19_-12.65_34.56_-24.75_-10.94_0.4277_0.3917_-0.5610_-0.5908end1.38_9.56_-0.88_25.51_89.19_-12.65_33.56_-25.06_-9.06_0.4277_0.3917_-0.5610_-0.5908end1.38_9.56_-0.88_24.84_80.35_-13.43_33.56_-25.06_-9.06_0.4331_0.3942_-0.5572_-0.5887end1.38_9.56_-0.88_24.62_72.63_-13.88_33.94_-25.75_-8.19_0.4331_0.3942_-0.5572_-0.5887end1.38_9.56_-0.88_24.95_70.61_-14.21_33.94_-25.75_-8.19_0.4381_0.3962_-0.5536_-0.5870end,24.1293564,120.7289394,115.69999694824219
1831,,24.1293564,120.7289394,115.69999694824219
1832,,24.1293564,120.7289394,115.69999694824219
1833,,24.1293564,120.7289394,115.69999694824219
1834,,24.1293564,120.7289394,115.69999694824219
1835,,24.1293564,120.7289394,115.69999694824219
1836,,24.1293564,120.7289394,115.69999694824219
1837,,24.1293564,120.7289394,115.69999694824219
1838,,24.1293564,120.7289394,115.69999694824219
1839,1.80_9.52_-0.85_24.95_70.05_-14.88_33.94_-25.75_-8.19_0.4406_0.3971_-0.5519_-0.5861end1.99_9.50_-0.70_24.95_70.05_-14.88_33.94_-25.75_-8.19_0.4455_0.3989_-0.5485_-0.5844end1.91_9.48_-0.57_25.63_72.63_-15.33_33.94_-25.75_-8.19_0.4455_0.3989_-0.5485_-0.5844end1.87_9.48_-0.37_25.29_74.53_-15.44_35.31_-25.69_-6.31_0.4455_0.3989_-0.5485_-0.5844end1.87_9.48_-0.37_25.29_74.53_-15.44_35.31_-25.69_-6.31_0.4559_0.4029_-0.5411_-0.5806end1.79_9.45_-0.33_26.52_80.12_-16.79_35.31_-25.69_-6.31_0.4559_0.4029_-0.5411_-0.5806end1.59_9.44_-0.18_26.52_80.12_-16.79_35.31_-25.69_-6.31_0.4615_0.4051_-0.5371_-0.5784end1.54_9.44_-0.19_26.52_80.12_-16.79_35.31_-25.00_-5.81_0.4615_0.4051_-0.5371_-0.5784end1.46_9.41_-0.17_26.52_80.12_-16.79_35.69_-25.00_-4.94_0.4671_0.4073_-0.5330_-0.5760end1.36_9.43_-0.14_26.52_80.12_-16.79_35.69_-25.00_-4.94_0.4671_0.4073_-0.5330_-0.5760end,24.1293564,120.7289394,115.69999694824219
1840,,24.1293564,120.7289394,115.69999694824219
1841,,24.1293564,120.7289394,115.69999694824219
1842,,24.1293564,120.7289394,115.69999694824219
1843,,24.1293564,120.7289394,115.69999694824219
1844,,24.1293564,120.7289394,115.69999694824219
1845,1.34_9.42_-0.23_28.09_74.19_-18.69_35.31_-26.37_-4.94_0.4671_0.4073_-0.5330_-0.5760end1.36_9.39_-0.21_28.09_74.19_-18.69_35.38_-25.31_-4.06_0.4783_0.4113_-0.5248_-0.5715end1.46_9.38_-0.34_28.09_70.16_-19.25_35.38_-25.31_-4.06_0.4834_0.4127_-0.5212_-0.5695end1.49_9.39_-0.53_28.09_70.16_-19.25_35.38_-25.31_-4.06_0.4858_0.4133_-0.5195_-0.5686end1.69_9.34_-0.83_28.09_70.16_-19.25_35.00_-23.94_-3.56_0.4858_0.4133_-0.5195_-0.5686end1.67_9.27_-1.08_28.09_70.16_-19.25_35.00_-23.94_-3.56_0.4906_0.4141_-0.5162_-0.5669end1.67_9.27_-1.08_28.76_54.05_-20.93_35.38_-25.31_-2.62_0.4906_0.4141_-0.5162_-0.5669end1.67_9.27_-1.08_29.43_52.60_-20.37_35.38_-25.31_-2.62_0.49,24.1293564,120.7289394,115.69999694824219
1846,73_0.4149_-0.5116_-0.5647end1.23_9.26_-1.19_29.43_52.60_-20.37_35.00_-24.25_-1.19_0.4973_0.4149_-0.5116_-0.5647end1.23_9.26_-1.19_30.66_53.16_-20.93_35.00_-24.25_-1.19_0.5016_0.4151_-0.5087_-0.5632end,24.1293564,120.7289394,115.69999694824219
1847,,24.1293564,120.7289394,115.69999694824219
1848,,24.1293564,120.7289394,115.69999694824219
1849,,24.1293564,120.7289394,115.69999694824219
1850,,24.1293564,120.7289394,115.69999694824219
1851,,24.1293564,120.7289394,115.69999694824219
1852,1.23_9.26_-1.19_30.55_54.61_-20.93_36.13_-23.87_-0.75_0.5016_0.4151_-0.5087_-0.5632end1.23_9.26_-1.19_31.00_54.95_-21.60_36.13_-23.87_-0.75_0.5062_0.4155_-0.5055_-0.5618end1.23_9.26_-1.19_31.00_54.72_-21.71_37.25_-23.87_0.19_0.5107_0.4158_-0.5023_-0.5602end0.44_9.19_-0.86_31.00_54.72_-21.71_37.25_-23.87_0.19_0.5107_0.4158_-0.5023_-0.5602end0.41_9.21_-0.81_31.11_46.11_-22.05_37.25_-23.87_0.19_0.5107_0.4158_-0.5023_-0.5602end0.02_9.17_-1.04_31.11_46.11_-22.05_36.50_-24.25_-0.75_0.5189_0.4156_-0.4968_-0.5579end-0.00_9.17_-1.04_31.11_46.11_-22.05_36.88_-23.50_1.56_0.5206_0.4151_-0.4957_-0.5576end-0.08_9.18_-0.91_31.11_46.11_-22.05_36.88_-23.50_1.56_0.5220_,24.1293564,120.7289394,115.69999694824219
1853,0.4144_-0.4948_-0.5576end-0.25_9.18_-0.60_31.11_46.11_-22.05_36.88_-23.50_1.56_0.5220_0.4144_-0.4948_-0.5576end-0.28_9.16_-0.53_31.11_46.11_-22.05_36.88_-23.50_1.56_0.5250_0.4105_-0.4938_-0.5586end,24.1293564,120.7289394,115.69999694824219
1854,,24.1293564,120.7289394,115.69999694824219
1855,,24.1293564,120.7289394,115.69999694824219
1856,,24.1293564,120.7289394,115.69999694824219
1857,,24.1293564,120.7289394,115.69999694824219
1858,,24.1293564,120.7289394,115.69999694824219
1859,,24.1293564,120.7289394,115.69999694824219
1860,,24.1293564,120.7289394,115.69999694824219
1861,-0.23_9.14_-0.94_31.11_46.11_-22.05_36.88_-23.50_1.56_0.5253_0.4086_-0.4941_-0.5594end-0.19_9.13_-1.23_31.11_46.11_-22.05_36.88_-23.50_1.56_0.5255_0.4065_-0.4945_-0.5604end-0.06_9.04_-2.00_31.11_46.11_-22.05_36.88_-23.50_1.56_0.5255_0.4065_-0.4945_-0.5604end-0.06_9.04_-2.00_30.33_-42.30_-21.37_36.88_-23.50_1.56_0.5256_0.3997_-0.,24.1293564,120.7289394,115.69999694824219
1862,,24.1293564,120.7289394,115.69999694824219
1863,,24.1293564,120.7289394,115.69999694824219
1864,4965_-0.5635end0.15_9.00_-3.58_30.33_-42.30_-21.37_36.88_-23.50_1.56_0.5258_0.3976_-0.4969_-0.5643end0.08_8.98_-4.45_30.33_-42.30_-21.37_36.50_-22.87_-0.25_0.5258_0.3976_-0.4969_-0.5643end-0.35_8.97_-4.56_29.66_-6.04_-22.60_36.50_-22.87_-0.25_0.5258_0.3976_-0.4969_-0.5643end-0.46_9.00_-4.69_29.43_8.28_-22.49_38.69_-23.50_0.62_0.,24.1293564,120.7289394,115.69999694824219
1865,,24.1293564,120.7289394,115.69999694824219
1866,5258_0.3976_-0.4969_-0.5643end-0.59_9.02_-4.62_29.77_19.92_-22.60_38.69_-23.50_0.62_0.5311_0.3919_-0.4951_-0.5651end-1.17_9.04_-4.39_30.21_32.90_-22.60_38.69_-23.50_0.62_0.5311_0.3919_-0.4951_-0.5651end,24.1293564,120.7289394,115.69999694824219
1867,,24.1293564,120.7289394,115.69999694824219
1868,,24.1293564,120.7289394,115.69999694824219
1869,-1.67_9.12_-3.84_30.21_32.90_-22.60_38.69_-23.50_0.62_0.5345_0.3912_-0.4929_-0.5643end-1.93_9.11_-3.66_29.77_33.35_-21.82_38.69_-23.50_0.62_0.5380_0.3905_-0.4905_-0.5635end-2.12_9.14_-3.51_29.77_33.35_-21.82_38.69_-23.50_0.62_0.5395_0.3901_-0.4896_-0.5631end-2.53_9.16_-3.35_29.77_33.35_-21.82_38.69_-23.50_0.62_0.5395_0.3901_-0.4896_-0.5631end-2.63_9.18_-3.37_29.77_33.35_-21.82_39.06_-22.13_1.62_0.5421_0.3887_-0.4881_-0.5629end-2.73_9.17_-3.47_26.07_-1.12_-19.47_39.06_-22.13_1.62_0.5421_0.3887_-0.4881_-0.5629end-2.73_9.17_-3.47_26.07_-1.12_-19.47_37.63_-21.81_3.50_0.5445_0.3853_-0.4874_-0.5634end-2.72_9.14_-3.79_24.62_-21.04_-17.90_37.63_-21.81_3.50_0.5450_0.3839_-0.4875_-0.5638end-2.69_9.16_-4.04_24.62_-21.04_-17.90_37.63_-21.81_3.50_0.5453_0.3824_-0.4877_-0.5644end-2.67_9.16_-4.21_23.61_-27.86_-16.67_37.63_-21.81_3.50_0.5453_0.3824_-0.4877_-0.5644end,24.1293564,120.7289394,115.69999694824219
1870,,24.1293564,120.7289394,115.69999694824219
1871,,24.1293564,120.7289394,115.69999694824219
1872,,24.1293564,120.7289394,115.69999694824219
1873,,24.1293564,120.7289394,115.69999694824219
1874,-2.60_9.13_-4.25_23.50_-30.44_-15.89_37.25_-20.44_1.62_0.5453_0.3824_-0.4877_-0.5644end-2.59_9.18_-4.32_22.94_-32.79_-15.78_37.25_-20.44_1.62_0.5458_0.3760_-0.4893_-0.5669end-2.65_9.18_-4.41_22.94_-32.79_-15.78_37.25_-20.44_1.62_0.5457_0.3742_-0.4898_-0.5677end-2.70_9.16_-4.58_22.94_-32.79_-15.78_37.25_-20.44_1.62_0.5457_0.3742_,24.1293564,120.7289394,115.69999694824219
1875,-0.4898_-0.5677end-2.62_9.19_-4.66_22.94_-32.79_-15.78_39.06_-21.12_1.19_0.5457_0.3742_-0.4898_-0.5677end-2.56_9.20_-4.65_22.94_-32.79_-15.78_39.06_-21.12_1.19_0.5444_0.3666_-0.4929_-0.5712end-2.30_9.18_-4.75_22.94_-32.79_-15.78_39.06_-21.12_1.19_0.5439_0.3646_-0.4938_-0.5721end-2.19_9.18_-4.70_22.94_-32.79_-15.78_38.38_-21.50_0.25_0.5433_0.3625_-0.4948_-0.5731end-2.06_9.19_-4.59_17.79_-54.39_-12.20_38.38_-21.50_0.25_0.5433_0.3625_-0.4948_-0.5731end-1.91_9.18_-4.38_17.79_-53.94_-12.09_38.38_-21.50_0.25_0.5433_0.3625_-0.4948_-0.5731end,24.1293564,120.7289394,115.69999694824219
1876,,24.1293564,120.7289394,115.69999694824219
1877,,24.1293564,120.7289394,115.69999694824219
1878,,24.1293564,120.7289394,115.69999694824219
1879,,24.1293564,120.7289394,115.69999694824219
1880,,24.1293564,120.7289394,115.69999694824219
1881,,24.1293564,120.7289394,115.69999694824219
1882,-1.91_9.18_-4.38_17.12_-52.37_-11.19_38.38_-21.50_0.25_0.5409_0.3545_-0.4988_-0.5770end-1.84_9.21_-4.04_17.12_-52.37_-11.19_38.38_-21.50_0.25_0.5409_0.3545_-0.4988_-0.5770end-1.87_9.21_-3.93_16.23_-50.36_-10.63_38.69_-21.50_0.25_0.5409_0.3545_-0.4988_-0.5770end-1.87_9.21_-3.93_16.23_-50.36_-10.63_38.69_-21.50_0.25_0.5397_0.3507_-0.5006_-0.5789end-1.87_9.21_-3.93_15.44_-44.87_-10.97_38.69_-21.50_0.25_0.5386_0.3470_-0.5024_-0.5806end-1.87_9.21_-3.93_15.44_-44.87_-10.97_37.63_-20.12_-1.12_0.5381_0.3453_-0.5032_-0.5813end-1.87_9.21_-3.93_14.66_-41.29_-10.97_37.63_-20.12_-1.12_0.5372_0.3419_-0.5048_-0.5828end-1.89_9.23_-3.04_14.10_-40.06_-10.41_37.63_-20.12_-1.12_0.5364_0.3388_-0.5062_-0.5842end-2.07_9.22_-2.86_12.76_-39.50_-9.96_37.63_-20.12_-1.12_0.5359_0.3373_-0.5069_-0.5848end-2.21_9.26_-2.70_12.76_-39.50_-9.96_37.63_-20.12_-1.12_0.5359_0.3373_-0.5069_-0.5848end,24.1293564,120.7289394,115.69999694824219
1883,,24.1293564,120.7289394,115.69999694824219
1884,,24.1293564,120.7289394,115.69999694824219
1885,,24.1293564,120.7289394,115.69999694824219
1886,,24.1293564,120.7289394,115.69999694824219
1887,,24.1293564,120.7289394,115.69999694824219
1888,,24.1293564,120.7289394,115.69999694824219
1889,-2.31_9.24_-2.60_11.64_-41.29_-9.29_37.63_-20.12_-1.12_0.5359_0.3373_-0.5069_-0.5848end-2.31_9.24_-2.60_11.64_-43.64_-8.39_37.63_-20.12_-1.12_0.5345_0.3328_-0.5090_-0.5869end-2.31_9.24_-2.60_11.64_-43.64_-8.39_37.63_-20.12_-1.12_0.5333_0.3297_-0.5106_-0.5883end-2.46_9.22_-2.56_11.64_-43.64_-8.39_37.63_-20.12_-1.12_0.5327_0.3280_-0.5115_-0.5891end-2.29_9.20_-2.48_11.64_-43.64_-8.39_37.63_-20.12_-1.12_0.5327_0.3280_-0.5115_-0.5891end-2.23_9.22_-2.34_11.64_-43.64_-8.39_37.63_-20.12_-1.12_0.5311_0.3245_-0.5134_-0.5908end-2.20_9.19_-2.23_12.87_-52.15_-8.28_37.63_-20.12_-1.12_0.5311_0.3245_-0.5134_-0.5908end-2.20_9.19_-2.23_12.87_-52.15_-8.28_37.63_-20.12_-1,24.1293564,120.7289394,115.69999694824219
1890,.12_0.5287_0.3190_-0.5163_-0.5934end-2.27_9.21_-1.90_12.87_-52.15_-8.28_37.94_-21.19_-1.62_0.5281_0.3174_-0.5171_-0.5942end-2.44_9.26_-1.39_12.87_-52.15_-8.28_37.94_-21.19_-1.62_0.5276_0.3159_-0.5177_-0.5948end,24.1293564,120.7289394,115.69999694824219
1891,,24.1293564,120.7289394,115.69999694824219
1892,,24.1293564,120.7289394,115.69999694824219
1893,,24.1293564,120.7289394,115.69999694824219
1894,,24.1293564,120.7289394,115.69999694824219
1895,,24.1293564,120.7289394,115.69999694824219
1896,,24.1293564,120.7289394,115.69999694824219
1897,,24.1293564,120.7289394,115.69999694824219
1898,-2.44_9.26_-1.39_15.00_-25.74_-7.50_37.94_-20.88_-3.00_0.5276_0.3159_-0.5177_-0.5948end-2.11_9.25_-1.21_13.54_-2.80_-8.62_37.94_-20.88_-3.00_0.5276_0.3159_-0.5177_-0.5948end-2.15_9.26_-1.19_13.54_-2.80_-8.62_37.94_-20.88_-3.00_0.5276_0.3159_-0.5177_-0.5948end-2.07_9.22_-1.47_13.54_-2.80_-8.62_37.94_-20.88_-3.00_0.5286_0.3115_-0.5173_-0.5966end-2.32_9.14_-1.62_12.87_-5.93_-6.04_37.94_-20.88_-3.00_0.5286_0.3115_-0.5173_-0.5966end-2.51_9.14_-1.87_12.87_-5.93_-6.04_37.94_-20.88_-3.00_0.5289_0.3110_-0.5171_-0.5968end-2.83_9.09_-1.91_14.66_-6.27_-6.04_37.94_-20.88_-3.00_0.5289_0.3110_-0.5171_-0.5968end-2.83_9.09_-1.91_14.66_-6.27_-6.04_37.94_-20.88_-3.00_0.5295_0.3091_-0.5165_-0.5977end-3.04_9.13_-1.37_14.66_-6.27_-6.04_37.94_-20.88_-3.00_0.5304_0.3081_-0.5157_-0.5981end-3.00_9.18_-1.24_18.24_5.60_-6.38_37.94_-20.88_-3.00_0.5309_0.3077_-0.5152_-0.5983end,24.1293564,120.7289394,115.69999694824219
1899,,24.1293564,120.7289394,115.69999694824219
1900,,24.1293564,120.7289394,115.69999694824219
1901,,24.1293564,120.7289394,115.69999694824219
1902,,24.1293564,120.7289394,115.69999694824219
1903,,24.1293564,120.7289394,115.69999694824219
1904,-3.33_9.21_-0.98_18.24_5.60_-6.38_39.06_-20.50_-1.56_0.5309_0.3077_-0.5152_-0.5983end-3.50_9.21_-0.89_18.24_3.92_-3.92_39.06_-20.50_-1.56_0.5309_0.3077_-0.5152_-0.5983end-3.50_9.21_-0.89_18.24_3.92_-3.92_39.06_-20.50_-1.56_0.5327_0.3061_-0.5130_-0.5994end-3.95_9.13_-0.89_18.24_3.92_-3.92_39.06_-20.50_-1.56_0.5331_0.3057_-0.5125_-0.5998end-4.04_9.09_-0.98_18.24_3.92_-3.92_38.31_-19.81_-2.06_0.5331_0.3057_-0.5125_-0.5998end-4.04_9.09_-0.98_18.24_3.92_-3.92_38.31_-19.81_-2.06_0.5342_0.3043_-0.5107_-0.6009end-4.03_9.08_-0.89_18.24_3.92_-3.92_38.31_-19.81_-2.06_0.5345_0.3037_-0.5103_-0.6014end-4.03_9.08_-0.89_18.24_3.92_-3.92_37.94_-19.81_-2.94_0.5347_0.303,24.1293564,120.7289394,115.69999694824219
1905,0_-0.5098_-0.6020end-4.27_9.10_-0.64_18.24_3.92_-3.92_37.94_-19.81_-2.94_0.5347_0.3030_-0.5098_-0.6020end-4.69_9.06_-0.55_18.24_3.92_-3.92_37.94_-19.81_-2.94_0.5344_0.3003_-0.5089_-0.6044end,24.1293564,120.7289394,115.69999694824219
1906,,24.1293564,120.7289394,115.69999694824219
1907,,24.1293564,120.7289394,115.69999694824219
1908,,24.1293564,120.7289394,115.69999694824219
1909,,24.1293564,120.7289394,115.69999694824219
1910,,24.1293564,120.7289394,115.69999694824219
1911,,24.1293564,120.7289394,115.69999694824219
1912,-4.81_9.06_-0.52_18.24_3.92_-3.92_38.00_-19.44_-2.06_0.5342_0.2993_-0.5086_-0.6053end-5.13_9.05_-0.51_24.95_-17.90_5.37_38.00_-19.44_-2.06_0.5342_0.2993_-0.5086_-0.6053end-5.13_9.05_-0.51_25.85_-19.36_6.94_38.00_-19.44_-2.06_0.5338_0.2974_-0.5080_-0.6071end-5.13_9.05_-0.51_25.85_-19.36_6.94_38.69_-20.12_-1.06_0.5333_0.2955_-0.5073_-0.6091end-5.47_8.96_-0.80_25.85_-19.36_6.94_38.69_-20.12_-1.06_0.5328_0.2944_-0.5070_-0.6102end-5.91_8.95_-1.16_25.85_-19.36_6.94_38.69_-20.12_-1.06_0.5328_0.2944_-0.5070_-0.6102end-5.91_8.95_-1.16_25.85_-19.36_6.94_39.44_-20.50_-2.94_0.5316_0.2919_-0.5067_-0.6127end-6.11_8.91_-1.70_25.85_-19.36_6.94_39.44_-20.50_-2.94_0.529,24.1293564,120.7289394,115.69999694824219
1913,9_0.2891_-0.5066_-0.6157end-6.29_8.88_-1.97_25.85_-19.36_6.94_39.44_-20.50_-2.94_0.5289_0.2877_-0.5066_-0.6172end-6.36_8.86_-2.13_25.85_-19.36_6.94_39.44_-20.50_-2.94_0.5289_0.2877_-0.5066_-0.6172end,24.1293564,120.7289394,115.69999694824219
1914,,24.1293564,120.7289394,115.69999694824219
1915,,24.1293564,120.7289394,115.69999694824219
1916,,24.1293564,120.7289394,115.69999694824219
1917,,24.1293564,120.7289394,115.69999694824219
1918,,24.1293564,120.7289394,115.69999694824219
1919,-6.29_8.88_-2.02_25.85_-19.36_6.94_37.94_-21.87_-2.12_0.5289_0.2877_-0.5066_-0.6172end-6.29_8.88_-2.02_25.85_-19.36_6.94_37.25_-20.88_-2.56_0.5258_0.2830_-0.5066_-0.6219end-6.29_8.88_-2.02_34.24_-48.23_17.35_37.25_-20.88_-2.56_0.5236_0.2796_-0.5065_-0.6255end-6.11_13.48_-1.26_38.27_-40.51_18.91_37.94_-20.50_-3.44_0.5236_0.2796_-0.5065_-0.6255end-6.11_13.48_-1.26_38.50_-31.33_20.70_37.94_-20.50_-3.44_0.5217_0.2766_-0.5057_-0.6290end-4.00_16.30_-1.65_38.50_-31.33_20.70_37.94_-20.50_-3.44_0.5209_0.2753_-0.5050_-0.6307end-4.00_16.30_-1.65_36.59_-50.36_35.36_37.94_-20.50_-3.44_0.5209_0.2753_-0.5050_-0.6307end-3.59_18.66_-3.01_36.59_-50.36_35.36_37.94_-20.50,24.1293564,120.7289394,115.69999694824219
1920,_-3.44_0.5184_0.2728_-0.5040_-0.6346end-3.46_23.43_-3.93_36.59_-50.36_35.36_37.94_-20.50_-3.44_0.5144_0.2696_-0.5038_-0.6394end-4.23_24.02_-5.22_33.12_-66.81_45.99_37.94_-20.50_-3.44_0.5144_0.2696_-0.5038_-0.6394end,24.1293564,120.7289394,115.69999694824219
1921,,24.1293564,120.7289394,115.69999694824219
1922,,24.1293564,120.7289394,115.69999694824219
1923,,24.1293564,120.7289394,115.69999694824219
1924,,24.1293564,120.7289394,115.69999694824219
1925,,24.1293564,120.7289394,115.69999694824219
1926,,24.1293564,120.7289394,115.69999694824219
1927,-4.23_24.02_-5.22_28.54_-59.87_47.45_37.94_-20.50_-3.44_0.5144_0.2696_-0.5038_-0.6394end-3.43_24.61_-5.41_28.54_-59.87_47.45_37.94_-20.50_-3.44_0.5052_0.2638_-0.5038_-0.6490end-1.93_24.54_-5.71_28.54_-59.87_47.45_36.13_-22.25_-4.37_0.5029_0.2625_-0.5039_-0.6514end-2.06_24.60_-5.80_23.50_-72.85_50.58_36.13_-22.25_-4.37_0.5029_0.2625_-0.5039_-0.6514end-1.65_23.63_-5.25_23.61_-84.71_53.27_36.13_-22.25_-4.37_0.5029_0.2625_-0.5039_-0.6514end-1.66_23.55_-4.78_23.72_-94.67_55.84_37.19_-22.25_-4.37_0.5029_0.2625_-0.5039_-0.6514end-1.23_23.34_-4.20_21.93_-98.59_57.86_37.19_-22.25_-4.37_0.4870_0.2535_-0.5069_-0.6646end-0.99_23.21_-2.97_21.93_-98.59_57.86_37.19_-22.25_-4.37_0.4870_0.2535_-0.5069_-0.6646end-1.06_22.75_-2.96_12.87_-88.07_58.97_37.19_-22.25_-4.37_0.4870_0.2535_-0.5069_-0.6646end-1.06_22.75_-2.96_12.87_-88.07_58.97_37.19_-22.25_-4.37_0.4731_0.2475_-0.5102_-0.6743end,24.1293564,120.7289394,115.69999694824219
1928,,24.1293564,120.7289394,115.69999694824219
1929,,24.1293564,120.7289394,115.69999694824219
1930,,24.1293564,120.7289394,115.69999694824219
1931,,24.1293564,120.7289394,115.69999694824219
1932,,24.1293564,120.7289394,115.69999694824219
1933,,24.1293564,120.7289394,115.69999694824219
1934,,24.1293564,120.7289394,115.69999694824219
1935,-0.02_20.12_-4.36_12.87_-88.07_58.97_37.19_-22.25_-4.37_0.4698_0.2466_-0.5110_-0.6762end0.16_19.25_-4.45_-3.13_-66.02_58.64_37.19_-22.25_-4.37_0.4698_0.2466_-0.5110_-0.6762end0.56_18.47_-4.48_-3.13_-66.02_58.64_37.19_-22.25_-4.37_0.4604_0.2452_-0.5135_-0.6813end0.87_16.25_-3.39_-3.13_-66.02_58.64_37.19_-22.25_-4.37_0.4574_0.2453_-0.5145_-0.6826end1.70_15.40_-3.34_-23.84_-41.07_55.28_35.31_-24.69_-8.19_0.4574_0.2453_-0.5145_-0.6826end1.70_15.40_-3.34_-31.33_-31.33_54.72_35.31_-24.69_-8.19_0.4494_0.2474_-0.5173_-0.6850end1.93_12.85_-3.88_-31.33_-31.33_54.72_34.31_-24.37_-7.69_0.4494_0.2474_-0.5173_-0.6850end1.93_12.85_-3.88_-46.11_-5.48_52.37_34.31_-24.37_-7.69_0.4451_0.2513_-0.5192_-0.6850end1.93_12.85_-3.88_-61.32_26.52_46.22_34.94_-25.37_-7.19_0.4451_0.2513_-0.5192_-0.6850end1.93_12.85_-3.88_-68.37_39.17_43.20_34.94_-25.37_-7.19_0.4421_0.2574_-0.5209_-0.6833end,24.1293564,120.7289394,115.69999694824219
1936,,24.1293564,120.7289394,115.69999694824219
1937,,24.1293564,120.7289394,115.69999694824219
1938,,24.1293564,120.7289394,115.69999694824219
1939,,24.1293564,120.7289394,115.69999694824219
1940,,24.1293564,120.7289394,115.69999694824219
1941,,24.1293564,120.7289394,115.69999694824219
1942,3.35_8.65_-2.35_-68.37_39.17_43.20_34.94_-25.37_-7.19_0.4412_0.2611_-0.5217_-0.6819end3.54_7.20_-2.04_-68.37_39.17_43.20_34.94_-25.37_-7.19_0.4401_0.2700_-0.5235_-0.6777end3.61_6.52_-2.08_-103.40_97.13_27.31_34.94_-25.37_-7.19_0.4401_0.2700_-0.5235_-0.6777end3.14_5.32_-1.30_-103.40_97.13_27.31_33.56_-25.75_-7.69_0.4406_0.2809_-0.5253_-0.6716end3.14_5.32_-1.30_-123.54_134.51_11.86_33.56_-25.75_-7.69_0.4426_0.2936_-0.5270_-0.6635end2.42_4.60_-0.05_-123.54_134.51_11.86_33.56_-25.75_-7.69_0.4438_0.3002_-0.5279_-0.6589end2.12_4.34_0.51_-123.54_134.51_11.86_33.56_-25.75_-7.69_0.4454_0.3071_-0.5288_-0.6539end2.12_4.34_0.51_-123.54_134.51_11.86_33.56_-25.75_-7,24.1293564,120.7289394,115.69999694824219
1943,.69_0.4492_0.3213_-0.5309_-0.6427end1.54_3.96_1.68_-123.54_134.51_11.86_34.94_-24.69_-7.19_0.4492_0.3213_-0.5309_-0.6427end0.86_4.10_2.17_-123.54_134.51_11.86_34.94_-24.69_-7.19_0.4492_0.3213_-0.5309_-0.6427end,24.1293564,120.7289394,115.69999694824219
1944,,24.1293564,120.7289394,115.69999694824219
1945,,24.1293564,120.7289394,115.69999694824219
1946,,24.1293564,120.7289394,115.69999694824219
1947,,24.1293564,120.7289394,115.69999694824219
1948,,24.1293564,120.7289394,115.69999694824219
1949,0.86_4.10_2.17_-123.54_134.51_11.86_35.31_-25.37_-6.81_0.4558_0.3427_-0.5347_-0.6236end0.47_4.18_2.52_-158.01_164.50_-32.12_35.31_-25.37_-6.81_0.4581_0.3496_-0.5361_-0.6168end0.47_4.18_2.52_-161.26_151.52_-41.07_35.31_-25.37_-6.81_0.4604_0.3563_-0.5377_-0.6099end-0.02_4.20_3.21_-161.26_151.52_-41.07_35.31_-25.37_-6.81_0.4647_0.3,24.1293564,120.7289394,115.69999694824219
1950,691_-0.5414_-0.5956end-0.02_4.20_3.21_-163.16_125.67_-48.23_35.31_-25.37_-6.81_0.4647_0.3691_-0.5414_-0.5956end-0.26_4.00_3.79_-163.16_125.67_-48.23_35.31_-25.37_-6.81_0.4679_0.3801_-0.5464_-0.5814end-0.41_3.96_3.77_-164.50_93.33_-53.71_35.31_-25.37_-6.81_0.4689_0.3847_-0.5493_-0.5748end-0.60_3.95_3.64_-164.50_93.33_-53.71_35.31_-25.37_-6.81_0.4696_0.3890_-0.5526_-0.5681end-1.12_4.07_2.98_-164.50_93.33_-53.71_35.31_-25.37_-6.81_0.4697_0.3963_-0.5602_-0.5553end-1.34_4.17_2.67_-166.07_32.45_-58.64_35.31_-25.37_-6.81_0.4697_0.3963_-0.5602_-0.5553end,24.1293564,120.7289394,115.69999694824219
1951,,24.1293564,120.7289394,115.69999694824219
1952,,24.1293564,120.7289394,115.69999694824219
1953,,24.1293564,120.7289394,115.69999694824219
1954,,24.1293564,120.7289394,115.69999694824219
1955,,24.1293564,120.7289394,115.69999694824219
1956,,24.1293564,120.7289394,115.69999694824219
1957,,24.1293564,120.7289394,115.69999694824219
1958,-1.34_4.17_2.67_-166.63_21.15_-58.86_37.19_-22.69_-7.62_0.4697_0.3963_-0.5602_-0.5553end-1.92_4.91_2.11_-167.08_10.07_-58.75_37.19_-21.62_-8.06_0.4674_0.4046_-0.5737_-0.5373end-1.92_4.91_2.11_-167.19_-0.11_-57.63_37.19_-21.62_-8.06_0.4660_0.4068_-0.5785_-0.5317end-2.34_5.36_1.63_-168.31_-16.45_-54.16_37.19_-21.62_-8.06_0.4621_0.4104_-0.5886_-0.5211end-2.34_5.36_1.63_-168.98_-20.93_-52.93_37.19_-22.00_-9.94_0.4599_0.4122_-0.5938_-0.5157end-2.34_5.36_1.63_-169.20_-22.60_-51.48_37.19_-19.56_-9.44_0.4575_0.4138_-0.5989_-0.5107end-2.34_5.36_1.63_-169.20_-22.83_-49.80_37.19_-19.56_-9.44_0.4523_0.4171_-0.6092_-0.5002end-3.27_5.78_0.70_-169.09_-23.72_-44.76_37,24.1293564,120.7289394,115.69999694824219
1959,.19_-19.56_-9.44_0.4523_0.4171_-0.6092_-0.5002end-3.52_5.70_0.80_-169.09_-23.72_-44.76_37.19_-19.56_-9.44_0.4523_0.4171_-0.6092_-0.5002end-3.72_5.62_0.79_-169.09_-23.72_-44.76_37.19_-19.56_-9.44_0.4411_0.4247_-0.6285_-0.4796end,24.1293564,120.7289394,115.69999694824219
1960,,24.1293564,120.7289394,115.69999694824219
1961,,24.1293564,120.7289394,115.69999694824219
1962,,24.1293564,120.7289394,115.69999694824219
1963,,24.1293564,120.7289394,115.69999694824219
1964,,24.1293564,120.7289394,115.69999694824219
1965,-3.90_5.46_0.84_-169.09_-23.72_-44.76_37.19_-19.56_-9.44_0.4379_0.4265_-0.6332_-0.4747end-4.10_5.11_1.17_-169.09_-23.72_-44.76_37.94_-17.56_-13.00_0.4379_0.4265_-0.6332_-0.4747end-4.10_5.11_1.17_-164.84_-38.16_-28.98_37.94_-17.56_-13.00_0.4307_0.4297_-0.6426_-0.4656end-3.74_4.88_2.24_-164.84_-38.16_-28.98_37.94_-17.56_-13.00_0.4,24.1293564,120.7289394,115.69999694824219
1966,224_0.4324_-0.6521_-0.4576end-2.85_4.55_3.12_-164.84_-38.16_-28.98_38.63_-17.94_-14.50_0.4224_0.4324_-0.6521_-0.4576end-2.85_4.55_3.12_-160.81_-105.75_-7.95_38.63_-17.94_-14.50_0.4116_0.4343_-0.6624_-0.4509end-2.70_3.85_2.57_-160.25_-119.18_-3.80_38.63_-17.94_-14.50_0.3989_0.4358_-0.6729_-0.4453end-2.33_3.54_2.35_-156.44_-136.97_3.47_37.88_-16.25_-16.69_0.3989_0.4358_-0.6729_-0.4453end-2.33_3.54_2.35_-156.44_-136.97_3.47_37.88_-16.25_-16.69_0.3849_0.4365_-0.6834_-0.4408end-0.78_1.87_1.86_-156.44_-136.97_3.47_37.88_-16.25_-16.69_0.3849_0.4365_-0.6834_-0.4408end,24.1293564,120.7289394,115.69999694824219
1967,,24.1293564,120.7289394,115.69999694824219
1968,,24.1293564,120.7289394,115.69999694824219
1969,,24.1293564,120.7289394,115.69999694824219
1970,,24.1293564,120.7289394,115.69999694824219
1971,,24.1293564,120.7289394,115.69999694824219
1972,-0.62_1.63_1.78_-148.61_-155.21_12.31_37.50_-14.94_-19.44_0.3849_0.4365_-0.6834_-0.4408end-0.62_1.63_1.78_-144.58_-158.68_18.02_37.50_-14.94_-19.44_0.3540_0.4365_-0.7038_-0.4345end-0.12_1.06_1.46_-144.58_-158.68_18.02_37.50_-14.94_-19.44_0.3459_0.4365_-0.7087_-0.4332end0.55_0.68_1.39_-144.58_-158.68_18.02_36.06_-15.31_-21.31_0.3459_0.4365_-0.7087_-0.4332end0.55_0.68_1.39_-138.65_-135.85_22.38_36.06_-15.31_-21.31_0.3309_0.4366_-0.7174_-0.4304end0.55_0.68_1.39_-136.75_-123.66_23.72_35.69_-13.62_-21.75_0.3309_0.4366_-0.7174_-0.4304end0.55_0.68_1.39_-134.51_-109.11_24.73_35.69_-13.62_-21.75_0.3169_0.4376_-0.7252_-0.4269end0.55_0.68_1.39_-132.38_-90.98_25.5,24.1293564,120.7289394,115.69999694824219
1973,1_34.19_-13.31_-24.06_0.3054_0.4399_-0.7314_-0.4223end2.22_0.16_0.98_-132.38_-90.98_25.51_34.19_-13.31_-24.06_0.3054_0.4399_-0.7314_-0.4223end1.28_0.34_1.38_-124.33_-47.56_26.30_34.19_-13.31_-24.06_0.3054_0.4399_-0.7314_-0.4223end,24.1293564,120.7289394,115.69999694824219
1974,,24.1293564,120.7289394,115.69999694824219
1975,,24.1293564,120.7289394,115.69999694824219
1976,,24.1293564,120.7289394,115.69999694824219
1977,,24.1293564,120.7289394,115.69999694824219
1978,,24.1293564,120.7289394,115.69999694824219
1979,,24.1293564,120.7289394,115.69999694824219
1980,1.28_0.34_1.38_-124.33_-47.56_26.30_33.88_-11.63_-25.88_0.2916_0.4448_-0.7390_-0.4137end0.56_1.56_0.30_-124.33_-47.56_26.30_33.88_-11.63_-25.88_0.2836_0.4487_-0.7431_-0.4073end0.56_1.56_0.30_-115.49_-16.79_24.95_33.50_-11.63_-26.37_0.2802_0.4508_-0.7449_-0.4041end1.01_3.20_-0.11_-115.49_-16.79_24.95_34.19_-11.63_-27.25_0.2802_0.,24.1293564,120.7289394,115.69999694824219
1981,4508_-0.7449_-0.4041end1.14_3.82_-0.08_-110.56_-7.72_23.95_34.19_-11.63_-27.25_0.2712_0.4573_-0.7498_-0.3940end1.45_4.09_-0.10_-110.56_-7.72_23.95_34.19_-11.63_-27.25_0.2686_0.4594_-0.7511_-0.3907end1.40_4.50_0.02_-110.56_-7.72_23.95_34.19_-11.63_-27.25_0.2686_0.4594_-0.7511_-0.3907end1.89_5.56_-0.66_-110.56_-7.72_23.95_34.19_-11.63_-27.25_0.2643_0.4639_-0.7534_-0.3839end1.89_5.56_-0.66_-93.67_52.37_19.92_34.19_-11.63_-27.25_0.2629_0.4663_-0.7542_-0.3802end1.46_6.68_-0.94_-93.67_52.37_19.92_33.13_-11.63_-26.37_0.2629_0.4663_-0.7542_-0.3802end,24.1293564,120.7289394,115.69999694824219
1982,,24.1293564,120.7289394,115.69999694824219
1983,,24.1293564,120.7289394,115.69999694824219
1984,,24.1293564,120.7289394,115.69999694824219
1985,,24.1293564,120.7289394,115.69999694824219
1986,,24.1293564,120.7289394,115.69999694824219
1987,1.46_6.68_-0.94_-89.97_68.49_18.02_33.13_-11.63_-26.37_0.2621_0.4744_-0.7555_-0.3679end1.95_8.04_-1.57_-89.97_68.49_18.02_33.13_-11.63_-26.37_0.2630_0.4775_-0.7556_-0.3632end1.49_8.21_-1.00_-89.97_68.49_18.02_33.13_-10.94_-26.37_0.2642_0.4805_-0.7554_-0.3588end1.49_8.21_-1.00_-89.97_68.49_18.02_33.13_-10.94_-26.37_0.2672_0.4865_-0.7548_-0.3496end0.89_8.68_0.02_-67.03_95.79_13.99_33.13_-10.94_-26.37_0.2688_0.4895_-0.7544_-0.3451end0.75_9.42_0.60_-67.03_95.79_13.99_35.31_-8.56_-24.87_0.2688_0.4895_-0.7544_-0.3451end-0.64_10.15_1.99_-67.03_95.79_13.99_35.31_-8.56_-24.87_0.2709_0.4945_-0.7537_-0.3378end-0.74_11.47_2.14_-67.03_95.79_13.99_35.31_-8.56_-24.87_0.2709_0.4945_-0.7537_-0.3378end-0.75_12.68_1.32_-67.03_95.79_13.99_35.31_-8.56_-24.87_0.2692_0.4992_-0.7538_-0.3318end-0.75_12.68_1.32_-67.03_95.79_13.99_35.31_-9.19_-25.81_0.2668_0.4999_-0.7543_-0.3315end,24.1293564,120.7289394,115.69999694824219
1988,,24.1293564,120.7289394,115.69999694824219
1989,,24.1293564,120.7289394,115.69999694824219
1990,,24.1293564,120.7289394,115.69999694824219
1991,,24.1293564,120.7289394,115.69999694824219
1992,,24.1293564,120.7289394,115.69999694824219
1993,,24.1293564,120.7289394,115.69999694824219
1994,0.44_14.15_-0.40_-67.03_95.79_13.99_35.31_-9.19_-25.81_0.2668_0.4999_-0.7543_-0.3315end0.44_14.15_-0.40_-67.03_95.79_13.99_35.31_-9.19_-25.81_0.2599_0.5001_-0.7557_-0.3335end1.26_12.94_1.17_-9.29_-95.79_27.08_35.31_-9.19_-25.81_0.2599_0.5001_-0.7557_-0.3335end1.64_12.36_1.23_5.04_-66.81_24.95_35.31_-9.19_-25.81_0.2599_0.5001_-0.,24.1293564,120.7289394,115.69999694824219
1995,,24.1293564,120.7289394,115.69999694824219
1996,7557_-0.3335end1.82_12.04_1.66_12.31_-48.90_24.28_35.31_-9.19_-25.81_0.2599_0.5001_-0.7557_-0.3335end1.82_12.04_1.66_12.31_-48.90_24.28_33.50_-9.25_-27.19_0.2452_0.4995_-0.7562_-0.3442end1.82_11.41_1.56_12.31_-48.90_24.28_33.50_-9.25_-27.19_0.2448_0.4996_-0.7554_-0.3461end1.64_11.25_1.56_12.31_-48.90_24.28_33.50_-9.25_-27.19_0.2,24.1293564,120.7289394,115.69999694824219
1997,448_0.4996_-0.7554_-0.3461end1.72_11.16_1.86_12.31_-48.90_24.28_33.50_-10.63_-26.75_0.2448_0.4996_-0.7554_-0.3461end1.87_11.12_1.82_12.31_-48.90_24.28_33.50_-10.63_-26.75_0.2469_0.4992_-0.7507_-0.3552end,24.1293564,120.7289394,115.69999694824219
1998,,24.1293564,120.7289394,115.69999694824219
1999,,24.1293564,120.7289394,115.69999694824219
2000,,24.1293564,120.7289394,115.69999694824219
2001,,24.1293564,120.7289394,115.69999694824219
2002,2.00_11.07_1.54_12.31_-48.90_24.28_32.81_-10.63_-27.75_0.2484_0.4990_-0.7491_-0.3580end12.04_56.96_-42.90_12.31_-48.90_24.28_32.81_-10.63_-27.75_0.2484_0.4990_-0.7491_-0.3580end-3.80_-25.65_50.93_16.56_-155.44_12.98_32.81_-10.63_-27.75_0.2484_0.4990_-0.7491_-0.3580end-40.09_8.77_20.55_16.56_-155.44_12.98_32.81_-10.63_-27.75_0.2539_0.4955_-0.7409_-0.3757end5.52_14.72_13.15_16.56_-155.44_12.98_32.81_-10.63_-27.75_0.2578_0.4963_-0.7400_-0.3737end-14.14_9.89_47.31_16.56_-155.44_12.98_32.81_-10.63_-27.75_0.2578_0.4963_-0.7400_-0.3737end8.22_5.40_-17.43_-81.58_269.92_-82.36_32.81_-10.63_-27.75_0.2578_0.4963_-0.7400_-0.3737end8.22_5.40_-17.43_-106.87_119.40_-66.92_32.81_-10.63_-27.75_0.2578_0.4963_-0.7400_-0.3737end8.22_5.40_-17.43_4.59_-18.58_-36.15_32.81_-10.63_-27.75_0.2578_0.4963_-0.7400_-0.3737end1.42_6.39_2.81_4.59_-18.58_-36.15_34.56_-10.56_-24.87_0.2578_0.4963_-0.7400_-0.3737end,24.1293564,120.7289394,115.69999694824219
2003,,24.1293564,120.7289394,115.69999694824219
2004,,24.1293564,120.7289394,115.69999694824219
2005,,24.1293564,120.7289394,115.69999694824219
2006,,24.1293564,120.7289394,115.69999694824219
2007,,24.1293564,120.7289394,115.69999694824219
2008,,24.1293564,120.7289394,115.69999694824219
2009,7.60_5.07_-8.11_4.59_-18.58_-36.15_34.56_-10.56_-24.87_0.2721_0.4965_-0.7440_-0.3549end1.57_9.73_1.36_4.59_-18.58_-36.15_34.56_-10.56_-24.87_0.2721_0.4965_-0.7440_-0.3549end-0.88_6.51_11.50_95.01_-33.68_10.41_34.56_-10.56_-24.87_0.2721_0.4965_-0.7440_-0.3549end-0.88_6.51_11.50_95.01_-33.68_10.41_34.56_-10.56_-24.87_0.2758_0.4921_-0.7392_-0.3680end-7.02_8.97_25.92_95.01_-33.68_10.41_34.56_-10.56_-24.87_0.2822_0.4929_-0.7366_-0.3673end0.89_8.23_12.89_24.51_232.54_-37.49_34.56_-10.56_-24.87_0.2822_0.4929_-0.7366_-0.3673end1.66_8.48_8.39_9.51_239.37_-41.41_34.56_-10.56_-24.87_0.2822_0.4929_-0.7366_-0.3673end1.66_8.48_8.39_9.51_239.37_-41.41_36.06_-11.56_-22.13_0.3069_0.4990_-0.7291_-0.3540end1.66_8.48_8.39_-0.22_209.26_-38.94_36.06_-11.56_-22.13_0.3210_0.5026_-0.7250_-0.3447end4.35_6.75_-1.61_-0.22_209.26_-38.94_36.06_-11.56_-22.13_0.3259_0.5035_-0.7233_-0.3422end,24.1293564,120.7289394,115.69999694824219
2010,,24.1293564,120.7289394,115.69999694824219
2011,,24.1293564,120.7289394,115.69999694824219
2012,,24.1293564,120.7289394,115.69999694824219
2013,,24.1293564,120.7289394,115.69999694824219
2014,,24.1293564,120.7289394,115.69999694824219
2015,,24.1293564,120.7289394,115.69999694824219
2016,-2.68_6.97_-2.69_-0.22_209.26_-38.94_36.06_-11.56_-22.13_0.3259_0.5035_-0.7233_-0.3422end-2.68_6.97_-2.69_40.17_64.79_-9.62_36.06_-11.56_-22.13_0.3327_0.5042_-0.7205_-0.3406end0.61_6.62_-1.97_49.69_45.88_-4.59_36.06_-11.56_-22.13_0.3379_0.5036_-0.7180_-0.3416end-4.41_8.60_4.56_49.69_45.88_-4.59_37.56_-11.88_-20.37_0.3403_0.5032_-0.7166_-0.3428end3.79_7.89_3.12_49.69_45.88_-4.59_37.56_-11.50_-19.37_0.3432_0.5028_-0.7151_-0.3436end-1.34_8.75_3.82_57.30_41.63_-7.16_37.56_-11.50_-19.37_0.3432_0.5028_-0.7151_-0.3436end-1.34_8.75_3.82_38.16_86.84_-24.95_37.56_-11.50_-19.37_0.3491_0.5019_-0.7122_-0.3449end-2.57_8.61_9.65_38.16_86.84_-24.95_37.56_-11.50_-19.37,24.1293564,120.7289394,115.69999694824219
2017,_0.3563_0.5015_-0.7096_-0.3436end-3.36_8.42_9.61_29.66_79.34_-25.29_37.56_-11.50_-19.37_0.3563_0.5015_-0.7096_-0.3436end0.84_7.58_5.16_29.66_79.34_-25.29_38.69_-11.44_-17.50_0.3662_0.5015_-0.7062_-0.3401end,24.1293564,120.7289394,115.69999694824219
2018,,24.1293564,120.7289394,115.69999694824219
2019,,24.1293564,120.7289394,115.69999694824219
2020,,24.1293564,120.7289394,115.69999694824219
2021,,24.1293564,120.7289394,115.69999694824219
2022,,24.1293564,120.7289394,115.69999694824219
2023,-0.06_7.68_4.15_29.66_79.34_-25.29_39.00_-11.44_-18.00_0.3687_0.5013_-0.7053_-0.3397end-1.46_7.64_3.43_29.66_79.34_-25.29_39.00_-11.44_-18.00_0.3707_0.5010_-0.7043_-0.3398end-1.32_7.64_2.86_29.66_79.34_-25.29_39.00_-11.44_-18.00_0.3726_0.5005_-0.7034_-0.3403end-3.39_8.03_4.58_29.66_79.34_-25.29_39.00_-11.44_-18.00_0.3726_0.5005_,24.1293564,120.7289394,115.69999694824219
2024,-0.7034_-0.3403end-3.39_8.03_4.58_29.66_79.34_-25.29_39.00_-11.44_-18.00_0.3766_0.4996_-0.7012_-0.3418end-2.81_8.32_5.92_29.66_79.34_-25.29_39.38_-11.44_-15.69_0.3818_0.4985_-0.6989_-0.3425end-2.91_8.48_7.46_29.66_79.34_-25.29_39.38_-11.44_-15.69_0.3849_0.4980_-0.6976_-0.3424end-0.82_8.32_7.35_29.66_79.34_-25.29_39.38_-11.44_-15.69_0.3849_0.4980_-0.6976_-0.3424end-0.55_8.16_5.85_41.41_48.23_-17.12_39.38_-11.44_-15.69_0.3849_0.4980_-0.6976_-0.3424end-0.24_8.07_5.00_41.41_48.23_-17.12_38.63_-13.50_-17.12_0.3849_0.4980_-0.6976_-0.3424end,24.1293564,120.7289394,115.69999694824219
2025,,24.1293564,120.7289394,115.69999694824219
2026,,24.1293564,120.7289394,115.69999694824219
2027,,24.1293564,120.7289394,115.69999694824219
2028,,24.1293564,120.7289394,115.69999694824219
2029,,24.1293564,120.7289394,115.69999694824219
2030,,24.1293564,120.7289394,115.69999694824219
2031,-0.24_8.07_5.00_40.06_39.50_-7.27_38.63_-13.50_-17.12_0.3975_0.4957_-0.6921_-0.3425end-1.10_8.00_3.55_40.06_39.50_-7.27_38.63_-13.50_-17.12_0.3998_0.4954_-0.6909_-0.3427end-2.11_7.99_2.48_40.06_39.50_-7.27_39.75_-12.44_-13.88_0.3998_0.4954_-0.6909_-0.3427end-2.11_7.99_2.48_41.29_62.67_-7.61_39.75_-12.44_-13.88_0.4025_0.4954_-0.6895_-0.3426end-2.75_8.14_2.45_43.31_93.11_-11.86_39.75_-12.44_-13.88_0.4133_0.4958_-0.6837_-0.3405end-2.75_8.21_2.54_43.31_93.11_-11.86_39.81_-11.69_-12.88_0.4175_0.4961_-0.6815_-0.3394end-2.83_8.27_2.73_43.31_93.11_-11.86_39.81_-11.69_-12.88_0.4175_0.4961_-0.6815_-0.3394end-2.99_8.32_2.98_44.65_82.14_-9.06_39.81_-11.69_-12.88_0,24.1293564,120.7289394,115.69999694824219
2032,.4175_0.4961_-0.6815_-0.3394end-2.99_8.32_2.98_44.65_82.14_-9.06_39.06_-12.00_-11.12_0.4291_0.4966_-0.6750_-0.3369end-3.89_8.38_3.01_43.98_74.98_-7.16_39.06_-12.00_-11.12_0.4356_0.4967_-0.6713_-0.3361end,24.1293564,120.7289394,115.69999694824219
2033,,24.1293564,120.7289394,115.69999694824219
2034,,24.1293564,120.7289394,115.69999694824219
2035,,24.1293564,120.7289394,115.69999694824219
2036,,24.1293564,120.7289394,115.69999694824219
2037,,24.1293564,120.7289394,115.69999694824219
2038,-4.70_8.42_2.82_43.98_74.98_-7.16_39.06_-12.00_-11.12_0.4356_0.4967_-0.6713_-0.3361end-4.79_8.46_2.57_41.29_67.03_-5.26_39.06_-12.00_-11.12_0.4356_0.4967_-0.6713_-0.3361end-4.88_8.46_2.27_40.17_54.61_-4.48_40.12_-13.06_-12.00_0.4356_0.4967_-0.6713_-0.3361end-4.83_8.44_1.98_39.61_43.42_-3.47_40.12_-13.06_-12.00_0.4471_0.4967_-0.6641_-0.3351end-4.83_8.44_1.98_39.61_43.42_-3.47_40.12_-13.06_-12.00_0.4513_0.4962_-0.6614_-0.3356end-4.77_8.46_1.33_39.61_43.42_-3.47_40.12_-13.06_-12.00_0.4529_0.4957_-0.6604_-0.3362end-4.75_8.54_0.65_39.61_43.42_-3.47_40.12_-13.06_-12.00_0.4529_0.4957_-0.6604_-0.3362end-4.85_8.54_0.44_38.05_-5.82_2.35_40.12_-13.06_-12.00_0.452,24.1293564,120.7289394,115.69999694824219
2039,9_0.4957_-0.6604_-0.3362end-4.85_8.54_0.44_38.05_-5.82_2.35_40.94_-13.00_-8.75_0.4556_0.4926_-0.6583_-0.3412end-4.81_8.61_0.12_38.05_-5.82_2.35_40.94_-13.00_-8.75_0.4558_0.4918_-0.6580_-0.3427end,24.1293564,120.7289394,115.69999694824219
2040,,24.1293564,120.7289394,115.69999694824219
2041,,24.1293564,120.7289394,115.69999694824219
2042,,24.1293564,120.7289394,115.69999694824219
2043,,24.1293564,120.7289394,115.69999694824219
2044,,24.1293564,120.7289394,115.69999694824219
2045,-4.66_8.63_0.07_34.80_-16.11_4.25_40.94_-13.00_-8.75_0.4558_0.4918_-0.6580_-0.3427end-4.61_8.68_0.17_33.68_-17.23_4.59_40.19_-12.00_-8.31_0.4558_0.4918_-0.6580_-0.3427end-4.58_8.68_0.21_33.57_-18.69_5.48_40.19_-12.00_-8.31_0.4564_0.4885_-0.6569_-0.3488end-4.63_8.71_0.28_33.57_-18.69_5.48_40.19_-12.00_-8.31_0.4564_0.4877_-0.6566_-0.3503end-4.69_8.73_0.35_33.57_-18.69_5.48_40.19_-12.00_-8.31_0.4562_0.4869_-0.6564_-0.3519end-4.84_8.82_0.50_33.57_-18.69_5.48_40.19_-12.00_-8.31_0.4561_0.4861_-0.6562_-0.3535end-4.80_8.84_0.53_29.66_-22.16_9.18_40.19_-12.00_-8.31_0.4561_0.4861_-0.6562_-0.3535end-4.80_8.84_0.53_28.31_-20.81_10.07_40.19_-12.00_-8.31_0.4558_0.48,24.1293564,120.7289394,115.69999694824219
2046,47_-0.6558_-0.3566end-4.80_8.84_0.53_28.31_-20.81_10.07_40.56_-12.69_-10.13_0.4554_0.4835_-0.6553_-0.3596end-4.52_8.87_0.76_28.31_-20.81_10.07_40.56_-12.69_-10.13_0.4552_0.4828_-0.6552_-0.3612end,24.1293564,120.7289394,115.69999694824219
2047,,24.1293564,120.7289394,115.69999694824219
2048,,24.1293564,120.7289394,115.69999694824219
2049,,24.1293564,120.7289394,115.69999694824219
2050,,24.1293564,120.7289394,115.69999694824219
2051,,24.1293564,120.7289394,115.69999694824219
2052,,24.1293564,120.7289394,115.69999694824219
2053,-4.33_8.91_0.86_26.30_-27.98_12.31_40.56_-12.69_-10.13_0.4552_0.4828_-0.6552_-0.3612end-4.33_8.91_0.86_25.51_-33.12_13.54_41.25_-14.06_-9.75_0.4552_0.4828_-0.6552_-0.3612end-4.37_8.92_1.02_25.63_-38.50_14.10_41.25_-14.06_-9.75_0.4552_0.4828_-0.6552_-0.3612end-4.37_8.92_1.02_24.62_-43.98_14.44_41.25_-14.06_-9.75_0.4517_0.4792_-0.6553_-0.3701end-4.15_8.97_1.11_24.62_-43.98_14.44_40.19_-13.75_-10.19_0.4517_0.4792_-0.6553_-0.3701end-4.15_8.97_1.11_22.60_-64.79_16.00_40.19_-13.75_-10.19_0.4490_0.4774_-0.6560_-0.3745end-4.15_8.97_1.11_22.60_-64.79_16.00_40.19_-13.75_-10.19_0.4474_0.4763_-0.6565_-0.3768end-4.15_8.97_1.11_22.05_-73.63_17.23_40.12_-14.06_-10.69_0.4474_0.4763_-0.6565_-0.3768end-3.09_8.99_1.36_22.05_-73.63_17.23_39.81_-14.75_-10.69_0.4438_0.4740_-0.6578_-0.3817end-2.84_8.98_1.51_21.60_-80.01_17.79_39.81_-14.75_-10.69_0.4438_0.4740_-0.6578_-0.3817end,24.1293564,120.7289394,115.69999694824219
2054,,24.1293564,120.7289394,115.69999694824219
2055,,24.1293564,120.7289394,115.69999694824219
2056,,24.1293564,120.7289394,115.69999694824219
2057,,24.1293564,120.7289394,115.69999694824219
2058,,24.1293564,120.7289394,115.69999694824219
2059,,24.1293564,120.7289394,115.69999694824219
2060,-2.84_8.98_1.51_21.60_-80.01_17.79_39.81_-14.75_-10.69_0.4353_0.4688_-0.6609_-0.3924end-2.55_9.05_1.72_21.60_-80.01_17.79_39.81_-14.75_-10.69_0.4330_0.4675_-0.6617_-0.3951end-2.30_9.04_1.93_21.60_-80.01_17.79_39.81_-14.75_-10.69_0.4330_0.4675_-0.6617_-0.3951end-2.01_9.06_1.96_21.60_-80.01_17.79_39.75_-14.44_-12.56_0.4262_0.4634_,24.1293564,120.7289394,115.69999694824219
2061,-0.6642_-0.4031end-1.85_9.08_1.95_21.60_-80.01_17.79_38.31_-14.50_-14.81_0.4240_0.4620_-0.6650_-0.4056end-1.64_9.09_2.07_19.14_-80.01_17.90_38.31_-14.50_-14.81_0.4240_0.4620_-0.6650_-0.4056end-1.59_9.08_2.08_19.47_-79.34_17.90_38.63_-14.87_-15.31_0.4240_0.4620_-0.6650_-0.4056end-1.48_9.11_2.14_19.14_-76.66_17.79_38.63_-14.87_-15.31_0.4240_0.4620_-0.6650_-0.4056end-1.40_9.09_2.05_19.14_-76.66_17.79_38.63_-14.87_-15.31_0.4129_0.4553_-0.6687_-0.4183end-1.40_9.09_2.05_18.46_-71.51_17.12_37.94_-14.87_-14.81_0.4109_0.4540_-0.6693_-0.4207end,24.1293564,120.7289394,115.69999694824219
2062,,24.1293564,120.7289394,115.69999694824219
2063,,24.1293564,120.7289394,115.69999694824219
2064,,24.1293564,120.7289394,115.69999694824219
2065,,24.1293564,120.7289394,115.69999694824219
2066,,24.1293564,120.7289394,115.69999694824219
2067,,24.1293564,120.7289394,115.69999694824219
2068,-1.17_9.17_1.98_18.24_-67.70_16.67_37.94_-14.87_-14.81_0.4109_0.4540_-0.6693_-0.4207end-1.17_9.17_1.98_18.69_-63.34_15.89_37.94_-14.87_-14.81_0.4109_0.4540_-0.6693_-0.4207end-1.03_9.12_1.88_18.69_-63.34_15.89_38.25_-15.19_-15.81_0.4109_0.4540_-0.6693_-0.4207end-1.03_9.12_1.88_18.69_-63.34_15.89_38.25_-15.19_-15.81_0.4024_0.4486_,24.1293564,120.7289394,115.69999694824219
2069,-0.6715_-0.4312end-0.46_9.14_2.08_18.69_-63.34_15.89_38.25_-15.19_-15.81_0.4011_0.4476_-0.6717_-0.4330end-0.31_9.17_2.25_19.70_-41.63_13.99_38.25_-15.19_-15.81_0.4011_0.4476_-0.6717_-0.4330end-0.31_9.17_2.25_19.70_-41.63_13.99_38.25_-15.19_-15.81_0.3980_0.4453_-0.6719_-0.4380end-0.02_9.21_2.50_19.70_-41.63_13.99_37.19_-15.94_-15.81_0.3980_0.4453_-0.6719_-0.4380end-0.02_9.21_2.50_19.92_-22.27_11.41_37.19_-15.94_-15.81_0.3968_0.4441_-0.6716_-0.4407end0.35_9.27_2.84_19.92_-22.27_11.41_37.19_-15.94_-15.81_0.3968_0.4441_-0.6716_-0.4407end,24.1293564,120.7289394,115.69999694824219
2070,,24.1293564,120.7289394,115.69999694824219
2071,,24.1293564,120.7289394,115.69999694824219
2072,,24.1293564,120.7289394,115.69999694824219
2073,,24.1293564,120.7289394,115.69999694824219
2074,,24.1293564,120.7289394,115.69999694824219
2075,0.54_9.23_2.98_19.25_-15.44_10.41_37.19_-15.94_-15.81_0.3968_0.4441_-0.6716_-0.4407end0.54_9.23_2.98_19.14_-14.32_10.18_37.19_-15.94_-15.81_0.3958_0.4429_-0.6708_-0.4442end0.54_9.23_2.98_19.02_-15.11_9.74_36.81_-16.94_-16.25_0.3956_0.4425_-0.6705_-0.4451end0.54_9.23_2.98_19.14_-17.01_8.95_36.81_-16.94_-16.25_0.3953_0.4421_-0.6702_-0.4462end0.54_9.23_2.98_19.14_-17.01_8.95_37.19_-17.31_-16.25_0.3945_0.4407_-0.6694_-0.4495end0.57_9.29_3.32_19.14_-17.01_8.95_37.50_-16.94_-17.19_0.3942_0.4402_-0.6692_-0.4506end0.71_9.30_3.37_19.14_-17.01_8.95_37.50_-16.94_-17.19_0.3942_0.4402_-0.6692_-0.4506end0.73_9.31_3.46_20.25_-24.40_6.04_37.50_-16.94_-17.19_0.3942_0.4,24.1293564,120.7289394,115.69999694824219
2076,402_-0.6692_-0.4506end0.73_9.31_3.46_21.04_-30.66_5.71_37.50_-16.94_-17.19_0.3929_0.4380_-0.6689_-0.4542end0.73_9.31_3.46_21.04_-30.66_5.71_37.50_-16.94_-17.19_0.3917_0.4363_-0.6689_-0.4569end,24.1293564,120.7289394,115.69999694824219
2077,,24.1293564,120.7289394,115.69999694824219
2078,,24.1293564,120.7289394,115.69999694824219
2079,,24.1293564,120.7289394,115.69999694824219
2080,,24.1293564,120.7289394,115.69999694824219
2081,,24.1293564,120.7289394,115.69999694824219
2082,,24.1293564,120.7289394,115.69999694824219
2083,,24.1293564,120.7289394,115.69999694824219
2084,,24.1293564,120.7289394,115.69999694824219
2085,0.73_9.33_3.82_21.04_-30.66_5.71_37.19_-16.94_-15.81_0.3917_0.4363_-0.6689_-0.4569end0.76_9.33_4.09_21.04_-30.66_5.71_36.44_-17.31_-16.75_0.3917_0.4363_-0.6689_-0.4569end0.78_9.32_4.13_22.60_-39.28_3.25_36.44_-17.31_-16.75_0.3917_0.4363_-0.6689_-0.4569end0.78_9.32_4.13_22.60_-39.28_3.25_36.44_-17.31_-16.75_0.3879_0.4307_-0.6696_-0.4644end0.74_9.35_4.22_22.60_-39.28_3.25_36.44_-17.31_-16.75_0.3870_0.4294_-0.6699_-0.4660end0.62_9.33_4.28_22.60_-39.28_3.25_35.69_-16.62_-17.62_0.3859_0.4280_-0.6702_-0.4677end0.46_9.34_4.32_24.28_-58.19_1.34_35.69_-16.62_-17.62_0.3859_0.4280_-0.6702_-0.4677end0.46_9.34_4.32_24.95_-74.64_1.57_35.69_-16.62_-17.62_0.3818_0.4229_-0.6718_-0.4735end-0.23_9.34_4.49_24.95_-74.64_1.57_35.69_-16.62_-17.62_0.3798_0.4207_-0.6725_-0.4759end-0.32_9.35_4.46_26.75_-117.61_0.56_35.69_-16.62_-17.62_0.3798_0.4207_-0.6725_-0.4759end,24.1293564,120.7289394,115.69999694824219
2086,,24.1293564,120.7289394,115.69999694824219
2087,,24.1293564,120.7289394,115.69999694824219
2088,,24.1293564,120.7289394,115.69999694824219
2089,,24.1293564,120.7289394,115.69999694824219
2090,-0.42_9.35_4.45_26.75_-117.61_0.56_35.69_-16.62_-17.62_0.3715_0.4122_-0.6763_-0.4844end-0.12_9.34_4.35_26.75_-117.61_0.56_34.94_-17.00_-20.00_0.3678_0.4088_-0.6780_-0.4877end0.34_9.27_4.05_26.75_-117.61_0.56_34.94_-17.00_-20.00_0.3678_0.4088_-0.6780_-0.4877end0.82_9.25_3.69_27.08_-179.05_-1.23_34.94_-17.00_-20.00_0.3678_0.4088_-0.6780_-0.4877end0.82_9.25_3.69_27.08_-188.00_-1.90_33.50_-17.37_-20.94_0.3678_0.4088_-0.6780_-0.4877end1.46_9.21_3.18_27.08_-188.00_-1.90_33.50_-17.37_-20.94_0.3438_0.3864_-0.6891_-0.5076end1.61_9.20_2.88_27.08_-188.00_-1.90_34.56_-17.75_-23.25_0.3438_0.3864_-0.6891_-0.5076end1.61_9.20_2.88_27.08_-170.88_-6.04_34.56_-17.75_-23.,24.1293564,120.7289394,115.69999694824219
2091,25_0.3387_0.3815_-0.6914_-0.5117end1.61_9.20_2.88_27.08_-170.88_-6.04_34.56_-17.75_-23.25_0.3299_0.3728_-0.6951_-0.5187end1.61_9.20_2.88_27.42_-139.77_-8.95_31.62_-17.81_-24.63_0.3259_0.3687_-0.6968_-0.5219end,24.1293564,120.7289394,115.69999694824219
2092,,24.1293564,120.7289394,115.69999694824219
2093,,24.1293564,120.7289394,115.69999694824219
2094,,24.1293564,120.7289394,115.69999694824219
2095,,24.1293564,120.7289394,115.69999694824219
2096,,24.1293564,120.7289394,115.69999694824219
2097,1.61_9.20_2.88_27.08_-123.10_-9.85_31.62_-17.81_-24.63_0.3226_0.3648_-0.6982_-0.5248end1.57_9.22_3.32_26.97_-94.67_-11.19_31.62_-17.81_-24.63_0.3174_0.3585_-0.7003_-0.5295end1.57_9.22_3.32_26.97_-94.67_-11.19_31.62_-18.12_-23.69_0.3174_0.3585_-0.7003_-0.5295end-0.64_9.26_4.12_26.97_-94.67_-11.19_31.62_-18.12_-23.69_0.3125_0.3503_-0.7020_-0.5355end-0.81_9.27_4.41_28.42_-24.40_-14.66_31.62_-18.12_-23.69_0.3125_0.3503_-0.7020_-0.5355end-1.32_9.21_4.53_28.98_-11.08_-15.00_31.62_-18.50_-25.56_0.3116_0.3465_-0.7022_-0.5383end-1.32_9.21_4.53_28.98_-11.08_-15.00_31.62_-18.50_-25.56_0.3124_0.3440_-0.7016_-0.5402end-2.43_9.26_4.64_28.98_-11.08_-15.00_31.62_-18.5,24.1293564,120.7289394,115.69999694824219
2098,0_-25.56_0.3134_0.3431_-0.7010_-0.5409end-3.96_9.31_5.39_28.98_-11.08_-15.00_31.62_-18.50_-25.56_0.3134_0.3431_-0.7010_-0.5409end-4.20_9.42_5.46_28.98_-11.08_-15.00_31.62_-18.50_-26.06_0.3169_0.3413_-0.6989_-0.5428end,24.1293564,120.7289394,115.69999694824219
2099,,24.1293564,120.7289394,115.69999694824219
2100,,24.1293564,120.7289394,115.69999694824219
2101,,24.1293564,120.7289394,115.69999694824219
2102,,24.1293564,120.7289394,115.69999694824219
2103,,24.1293564,120.7289394,115.69999694824219
2104,,24.1293564,120.7289394,115.69999694824219
2105,-4.65_9.38_5.45_28.98_-11.08_-15.00_31.62_-18.50_-26.06_0.3180_0.3408_-0.6981_-0.5436end-4.99_9.42_5.24_28.98_-11.08_-15.00_31.62_-18.50_-26.06_0.3180_0.3408_-0.6981_-0.5436end-4.86_9.37_5.06_28.98_-11.08_-15.00_31.62_-18.50_-24.19_0.3180_0.3408_-0.6981_-0.5436end-4.86_9.37_5.06_28.98_-11.08_-15.00_31.62_-18.50_-24.19_0.3198_0.3381_-0.6962_-0.5466end-3.87_9.24_4.66_28.98_-11.08_-15.00_31.62_-18.50_-24.19_0.3198_0.3381_-0.6962_-0.5466end-1.59_9.12_4.90_28.98_-11.08_-15.00_31.62_-18.50_-24.19_0.3198_0.3381_-0.6962_-0.5466end-0.80_9.03_5.12_40.62_-19.47_-9.85_31.62_-18.50_-24.19_0.3198_0.3381_-0.6962_-0.5466end-0.20_9.07_5.24_40.62_-19.47_-9.85_31.62_-18.50_-24.19_0.3214_0.3303_-0.6928_-0.5546end0.70_9.00_5.59_40.62_-19.47_-9.85_31.62_-18.50_-24.19_0.3226_0.3297_-0.6917_-0.5557end0.68_8.89_5.68_40.62_-19.47_-9.85_31.62_-18.50_-24.19_0.3226_0.3297_-0.6917_-0.5557end,24.1293564,120.7289394,115.69999694824219
2106,,24.1293564,120.7289394,115.69999694824219
2107,,24.1293564,120.7289394,115.69999694824219
2108,,24.1293564,120.7289394,115.69999694824219
2109,,24.1293564,120.7289394,115.69999694824219
2110,,24.1293564,120.7289394,115.69999694824219
2111,,24.1293564,120.7289394,115.69999694824219
2112,0.35_8.88_5.66_47.78_67.26_-7.83_31.62_-18.50_-24.19_0.3226_0.3297_-0.6917_-0.5557end0.02_8.88_5.55_49.46_89.64_-8.28_30.94_-18.50_-22.31_0.3226_0.3297_-0.6917_-0.5557end-0.29_8.87_5.36_50.81_109.67_-8.50_30.94_-18.50_-22.31_0.3226_0.3297_-0.6917_-0.5557end-0.53_8.85_5.14_50.81_109.67_-8.50_30.94_-18.50_-22.31_0.3434_0.3362_-0.6777_-0.5565end-1.13_8.78_4.43_50.81_109.67_-8.50_32.00_-18.81_-23.69_0.3434_0.3362_-0.6777_-0.5565end-1.13_8.78_4.43_57.63_145.37_-7.83_32.00_-18.81_-23.69_0.3537_0.3408_-0.6710_-0.5555end-1.13_8.78_4.43_59.53_145.14_-7.50_32.06_-19.12_-20.94_0.3537_0.3408_-0.6710_-0.5555end-1.13_8.78_4.43_60.99_141.78_-6.49_32.06_-19.12_-20.94_0.3641_0.3453_-0.6639_-0.5545end-1.61_8.66_2.42_60.99_141.78_-6.49_32.06_-19.12_-20.94_0.3741_0.3494_-0.6567_-0.5538end-1.61_8.66_2.23_60.99_141.78_-6.49_32.06_-19.12_-20.94_0.3790_0.3514_-0.6531_-0.5536end,24.1293564,120.7289394,115.69999694824219
2113,,24.1293564,120.7289394,115.69999694824219
2114,,24.1293564,120.7289394,115.69999694824219
2115,,24.1293564,120.7289394,115.69999694824219
2116,,24.1293564,120.7289394,115.69999694824219
2117,,24.1293564,120.7289394,115.69999694824219
2118,,24.1293564,120.7289394,115.69999694824219
2119,-1.05_8.64_1.36_60.99_141.78_-6.49_34.19_-20.81_-19.12_0.3790_0.3514_-0.6531_-0.5536end-1.05_8.64_1.36_63.90_107.32_-2.80_33.88_-20.75_-16.37_0.3878_0.3546_-0.6462_-0.5535end-0.34_8.60_0.14_63.90_107.32_-2.80_33.88_-20.75_-16.37_0.3959_0.3574_-0.6395_-0.5536end-0.34_8.60_0.14_62.78_100.60_-2.24_34.56_-20.44_-16.81_0.3998_0.3587_-0.6364_-0.5537end0.23_8.54_-0.43_62.78_100.60_-2.24_34.56_-20.44_-16.81_0.3998_0.3587_-0.6364_-0.5537end0.39_8.57_-0.76_62.78_100.60_-2.24_34.56_-20.44_-16.81_0.4109_0.3623_-0.6267_-0.5541end0.64_8.59_-1.62_62.78_100.60_-2.24_34.56_-20.44_-16.81_0.4145_0.3635_-0.6235_-0.5543end0.52_8.63_-2.02_62.78_100.60_-2.24_34.56_-20.44_-16,24.1293564,120.7289394,115.69999694824219
2120,.81_0.4145_0.3635_-0.6235_-0.5543end0.52_8.63_-2.02_62.78_100.60_-2.24_36.06_-20.69_-13.56_0.4218_0.3660_-0.6170_-0.5544end0.52_8.63_-2.02_59.09_99.04_0.56_36.06_-20.69_-13.56_0.4290_0.3686_-0.6105_-0.5544end,24.1293564,120.7289394,115.69999694824219
2121,,24.1293564,120.7289394,115.69999694824219
2122,,24.1293564,120.7289394,115.69999694824219
2123,,24.1293564,120.7289394,115.69999694824219
2124,,24.1293564,120.7289394,115.69999694824219
2125,,24.1293564,120.7289394,115.69999694824219
2126,,24.1293564,120.7289394,115.69999694824219
2127,0.17_8.70_-2.56_59.09_99.04_0.56_36.44_-21.06_-13.13_0.4290_0.3686_-0.6105_-0.5544end0.17_8.70_-2.56_57.52_96.24_0.78_36.44_-21.06_-13.13_0.4359_0.3711_-0.6041_-0.5544end-0.16_8.72_-2.77_57.52_96.24_0.78_35.69_-21.00_-10.38_0.4359_0.3711_-0.6041_-0.5544end-0.16_8.72_-2.77_56.40_90.98_0.90_35.69_-21.00_-10.38_0.4424_0.3734_-0.5978_-0.5544end-0.16_8.72_-2.77_56.40_90.98_0.90_36.44_-21.37_-11.31_0.4453_0.3742_-0.5950_-0.5546end-0.16_8.72_-2.77_56.40_90.98_0.90_36.44_-21.37_-11.31_0.4508_0.3758_-0.5894_-0.5551end-0.73_8.85_-2.58_56.40_90.98_0.90_35.38_-20.31_-9.44_0.4532_0.3763_-0.5869_-0.5555end-0.85_8.91_-2.67_56.40_90.98_0.90_35.38_-20.31_-9.44_0.4553_0,24.1293564,120.7289394,115.69999694824219
2128,.3766_-0.5846_-0.5560end-1.00_8.96_-2.86_47.67_35.59_3.69_35.38_-20.31_-9.44_0.4553_0.3766_-0.5846_-0.5560end-1.01_8.95_-3.21_47.67_35.59_3.69_36.44_-22.00_-8.13_0.4604_0.3769_-0.5786_-0.5579end,24.1293564,120.7289394,115.69999694824219
2129,,24.1293564,120.7289394,115.69999694824219
2130,,24.1293564,120.7289394,115.69999694824219
2131,,24.1293564,120.7289394,115.69999694824219
2132,,24.1293564,120.7289394,115.69999694824219
2133,,24.1293564,120.7289394,115.69999694824219
2134,,24.1293564,120.7289394,115.69999694824219
2135,-0.91_8.95_-3.51_47.67_35.59_3.69_35.69_-21.69_-9.94_0.4604_0.3769_-0.5786_-0.5579end-1.00_8.98_-3.50_45.66_19.02_3.80_35.69_-21.69_-9.94_0.4641_0.3760_-0.5738_-0.5604end-0.91_9.04_-3.57_45.66_19.02_3.80_36.44_-22.00_-8.13_0.4650_0.3755_-0.5724_-0.5614end-1.12_9.08_-3.49_45.66_19.02_3.80_36.44_-22.00_-8.13_0.4658_0.3749_-0.5710_-0.5624end-1.12_9.09_-3.48_41.41_11.30_4.81_36.44_-22.00_-8.13_0.4658_0.3749_-0.5710_-0.5624end-1.12_9.09_-3.48_41.41_11.30_4.81_35.69_-22.69_-8.63_0.4675_0.3740_-0.5684_-0.5644end-1.52_9.16_-3.39_40.29_12.09_5.26_35.69_-22.69_-8.63_0.4691_0.3732_-0.5657_-0.5662end-1.61_9.17_-3.37_40.29_12.09_5.26_36.81_-22.31_-8.13_0.4698_0.372,24.1293564,120.7289394,115.69999694824219
2136,8_-0.5645_-0.5671end-2.08_9.19_-3.33_37.26_3.02_6.49_36.81_-22.31_-8.13_0.4698_0.3728_-0.5645_-0.5671end-2.08_9.19_-3.33_37.26_3.02_6.49_36.81_-22.31_-8.13_0.4709_0.3717_-0.5624_-0.5691end,24.1293564,120.7289394,115.69999694824219
2137,,24.1293564,120.7289394,115.69999694824219
2138,,24.1293564,120.7289394,115.69999694824219
2139,,24.1293564,120.7289394,115.69999694824219
2140,,24.1293564,120.7289394,115.69999694824219
2141,,24.1293564,120.7289394,115.69999694824219
2142,-2.08_9.19_-3.33_35.81_-23.84_6.38_35.75_-21.31_-7.62_0.4711_0.3709_-0.5615_-0.5702end-1.79_9.22_-2.25_35.81_-23.84_6.38_35.75_-21.31_-7.62_0.4711_0.3709_-0.5615_-0.5702end-1.44_9.23_-2.06_35.81_-23.84_6.38_36.06_-23.00_-6.75_0.4711_0.3709_-0.5615_-0.5702end-0.96_9.24_-1.90_35.14_-53.60_6.15_36.06_-23.00_-6.75_0.4711_0.3709_-0.5615_-0.5702end-0.96_9.24_-1.90_33.24_-56.40_5.26_36.06_-23.00_-6.75_0.4684_0.3632_-0.5606_-0.5783end-0.96_9.24_-1.90_33.24_-56.40_5.26_35.31_-22.69_-8.13_0.4674_0.3611_-0.5609_-0.5801end-0.96_9.24_-1.90_32.34_-51.92_5.04_35.31_-22.69_-8.13_0.4657_0.3575_-0.5612_-0.5835end-0.96_9.24_-1.90_31.11_-36.48_3.92_35.31_-22.69_-8.13_0.4657_0.3575_-0.5612_-0.5835end1.87_9.13_-2.69_31.11_-36.48_3.92_35.31_-22.69_-8.13_0.4657_0.3575_-0.5612_-0.5835end2.30_9.13_-2.98_31.33_-15.44_2.80_35.31_-22.69_-8.13_0.4646_0.3535_-0.5604_-0.5875end,24.1293564,120.7289394,115.69999694824219
2143,,24.1293564,120.7289394,115.69999694824219
2144,,24.1293564,120.7289394,115.69999694824219
2145,,24.1293564,120.7289394,115.69999694824219
2146,,24.1293564,120.7289394,115.69999694824219
2147,,24.1293564,120.7289394,115.69999694824219
2148,,24.1293564,120.7289394,115.69999694824219
2149,,24.1293564,120.7289394,115.69999694824219
2150,,24.1293564,120.7289394,115.69999694824219
2151,2.30_9.13_-2.98_31.33_-15.44_2.80_35.31_-22.69_-8.13_0.4653_0.3521_-0.5589_-0.5892end2.64_9.09_-2.38_31.33_-15.44_2.80_36.06_-23.62_-6.25_0.4660_0.3516_-0.5578_-0.5899end2.56_9.13_-1.96_31.33_-15.44_2.80_36.06_-23.62_-7.19_0.4660_0.3516_-0.5578_-0.5899end2.38_9.17_-1.52_36.37_41.85_-1.34_36.06_-23.62_-7.19_0.4660_0.3516_-0.5578_-0.5899end2.18_9.16_-1.11_36.37_41.85_-1.34_36.06_-23.62_-7.19_0.4715_0.3521_-0.5515_-0.5913end1.70_9.18_-0.46_36.37_41.85_-1.34_35.75_-23.00_-6.25_0.4733_0.3525_-0.5495_-0.5914end1.24_9.26_-0.35_36.37_41.85_-1.34_35.75_-23.00_-6.25_0.4733_0.3525_-0.5495_-0.5914end1.12_9.21_-0.55_33.91_53.27_-4.70_35.75_-23.00_-6.25_0.4733_0.352,24.1293564,120.7289394,115.69999694824219
2152,5_-0.5495_-0.5914end1.12_9.21_-0.55_33.91_53.27_-4.70_35.75_-23.00_-6.25_0.4809_0.3546_-0.5419_-0.5911end1.18_9.11_-1.50_33.91_53.27_-4.70_35.75_-23.00_-6.25_0.4827_0.3550_-0.5401_-0.5910end,24.1293564,120.7289394,115.69999694824219
2153,,24.1293564,120.7289394,115.69999694824219
2154,,24.1293564,120.7289394,115.69999694824219
2155,,24.1293564,120.7289394,115.69999694824219
2156,1.67_9.05_-2.04_33.91_53.27_-4.70_35.75_-23.00_-6.25_0.4827_0.3550_-0.5401_-0.5910end1.72_9.05_-2.02_35.59_51.59_-8.28_35.75_-23.00_-6.25_0.4827_0.3550_-0.5401_-0.5910end1.78_9.04_-1.96_35.59_51.59_-8.28_36.13_-23.94_-3.50_0.4907_0.3566_-0.5324_-0.5904end1.69_8.99_-1.87_35.59_51.59_-8.28_36.13_-23.94_-3.50_0.4930_0.3574_-0.5302_,24.1293564,120.7289394,115.69999694824219
2157,,24.1293564,120.7289394,115.69999694824219
2158,,24.1293564,120.7289394,115.69999694824219
2159,-0.5900end1.31_9.04_-1.70_35.59_51.59_-8.28_36.13_-22.31_-5.75_0.4930_0.3574_-0.5302_-0.5900end1.08_8.99_-1.75_35.59_51.59_-8.28_36.81_-22.25_-4.87_0.4982_0.3593_-0.5252_-0.5890end0.79_9.03_-1.73_36.59_90.53_-9.74_36.81_-22.25_-4.87_0.4982_0.3593_-0.5252_-0.5890end0.19_9.01_-1.77_36.59_90.53_-9.74_36.81_-22.25_-4.87_0.5069_0.363,24.1293564,120.7289394,115.69999694824219
2160,3_-0.5168_-0.5865end-0.24_9.03_-1.78_36.59_90.53_-9.74_36.50_-22.94_-3.00_0.5099_0.3646_-0.5139_-0.5856end-0.89_9.00_-1.66_38.27_91.54_-9.18_36.50_-22.94_-3.00_0.5099_0.3646_-0.5139_-0.5856end,24.1293564,120.7289394,115.69999694824219
2161,,24.1293564,120.7289394,115.69999694824219
2162,,24.1293564,120.7289394,115.69999694824219
2163,,24.1293564,120.7289394,115.69999694824219
2164,-1.36_8.95_-1.61_38.27_91.54_-9.18_36.50_-22.94_-3.00_0.5156_0.3672_-0.5081_-0.5840end-1.36_8.95_-1.61_39.73_75.20_-9.06_36.50_-23.25_-1.19_0.5183_0.3683_-0.5053_-0.5834end-2.07_-1.15_-1.53_39.73_75.20_-9.06_36.50_-23.25_-1.19_0.5234_0.3699_-0.5001_-0.5823end-2.69_14.86_-1.23_46.78_75.98_-9.18_35.75_-23.19_-1.19_0.5259_0.3706_-0.4975_-0.5819end-0.07_14.55_-2.19_46.78_75.98_-9.18_35.75_-23.19_-1.19_0.5259_0.3706_-0.4975_-0.5819end-0.07_14.55_-2.19_39.39_50.36_-5.60_37.25_-22.50_1.62_0.5259_0.3706_-0.4975_-0.5819end-0.07_14.55_-2.19_40.06_42.41_-3.92_37.25_-22.50_1.62_0.5322_0.3716_-0.4906_-0.5814end-1.20_9.02_1.32_40.06_42.41_-3.92_37.25_-22.50_1.62_0.5338_0.3717_-0.4888_-0.5815end-1.20_9.02_1.32_35.14_60.88_-7.83_37.25_-22.50_1.62_0.5372_0.3724_-0.4849_-0.5811end-1.20_9.02_1.32_38.94_50.92_-6.04_37.25_-22.50_1.62_0.5372_0.3724_-0.4849_-0.5811end,24.1293564,120.7289394,115.69999694824219
2165,,24.1293564,120.7289394,115.69999694824219
2166,,24.1293564,120.7289394,115.69999694824219
2167,,24.1293564,120.7289394,115.69999694824219
2168,,24.1293564,120.7289394,115.69999694824219
2169,,24.1293564,120.7289394,115.69999694824219
2170,,24.1293564,120.7289394,115.69999694824219
2171,-0.02_8.88_-3.53_38.94_50.92_-6.04_37.25_-22.50_1.62_0.5372_0.3724_-0.4849_-0.5811end-0.02_8.88_-3.53_43.98_52.48_-2.35_37.25_-22.50_1.62_0.5446_0.3734_-0.4762_-0.5807end-0.62_8.93_-2.50_43.98_52.48_-2.35_37.25_-22.50_1.62_0.5446_0.3734_-0.4762_-0.5807end-4.07_8.89_-1.27_43.98_52.48_-2.35_37.25_-22.50_1.62_0.5446_0.3734_-0.4762_-0.5807end-4.07_8.89_-1.27_44.76_46.11_0.78_36.88_-22.50_3.44_0.5446_0.3734_-0.4762_-0.5807end-4.07_8.89_-1.27_44.76_46.11_0.78_36.88_-22.50_3.44_0.5529_0.3741_-0.4649_-0.5815end-4.61_8.86_-1.89_40.51_15.44_0.67_36.88_-22.50_3.44_0.5540_0.3737_-0.4633_-0.5821end-3.84_8.73_-2.91_40.51_15.44_0.67_36.88_-22.50_3.44_0.5540_0.3737_-0.4633_-0.5821end-3.40_8.74_-2.68_41.85_-15.00_1.23_36.50_-22.81_3.87_0.5540_0.3737_-0.4633_-0.5821end-2.34_8.61_-3.20_41.85_-26.30_1.23_36.50_-22.81_3.87_0.5540_0.3737_-0.4633_-0.5821end,24.1293564,120.7289394,115.69999694824219
2172,,24.1293564,120.7289394,115.69999694824219
2173,,24.1293564,120.7289394,115.69999694824219
2174,,24.1293564,120.7289394,115.69999694824219
2175,,24.1293564,120.7289394,115.69999694824219
2176,,24.1293564,120.7289394,115.69999694824219
2177,,24.1293564,120.7289394,115.69999694824219
2178,-2.39_8.63_-2.96_41.85_-26.30_1.23_36.50_-22.81_3.87_0.5551_0.3665_-0.4600_-0.5881end-1.22_8.66_-2.29_41.85_-26.30_1.23_36.50_-22.81_3.87_0.5547_0.3643_-0.4600_-0.5899end-1.54_8.66_-2.71_41.85_-26.30_1.23_36.50_-22.81_3.87_0.5547_0.3643_-0.4600_-0.5899end-0.56_8.20_-2.54_41.85_-26.30_1.23_36.50_-22.81_3.87_0.5535_0.3597_-0.4603_,24.1293564,120.7289394,115.69999694824219
2179,,24.1293564,120.7289394,115.69999694824219
2180,,24.1293564,120.7289394,115.69999694824219
2181,-0.5936end-0.86_8.68_-3.16_40.29_-55.39_4.36_36.50_-22.81_3.87_0.5535_0.3597_-0.4603_-0.5936end-0.86_8.68_-3.16_41.18_-49.57_2.69_36.50_-22.81_3.87_0.5516_0.3527_-0.4608_-0.5991end0.60_8.62_-4.21_41.18_-49.57_2.69_36.50_-22.81_3.87_0.5513_0.3505_-0.4608_-0.6008end1.94_8.49_-4.24_41.18_-49.57_2.69_36.50_-22.81_3.87_0.5513_0.3505_,24.1293564,120.7289394,115.69999694824219
2182,,24.1293564,120.7289394,115.69999694824219
2183,,24.1293564,120.7289394,115.69999694824219
2184,,24.1293564,120.7289394,115.69999694824219
2185,-0.4608_-0.6008end1.38_8.46_-4.70_42.86_-19.70_0.34_36.50_-22.81_3.87_0.5513_0.3505_-0.4608_-0.6008end1.38_8.46_-4.70_41.96_-0.78_2.57_36.19_-22.13_4.37_0.5517_0.3456_-0.4592_-0.6045end,24.1293564,120.7289394,115.69999694824219
2186,,24.1293564,120.7289394,115.69999694824219
2187,-0.03_8.41_-4.85_41.96_-0.78_2.57_36.19_-22.13_4.37_0.5528_0.3435_-0.4569_-0.6064end-0.03_8.41_-4.85_42.75_10.52_3.47_37.25_-22.50_3.87_0.5528_0.3435_-0.4569_-0.6064end-0.03_8.41_-4.85_42.75_10.52_3.47_36.56_-21.81_3.87_0.5541_0.3420_-0.4541_-0.6080end-0.03_8.41_-4.85_42.75_10.52_3.47_36.56_-21.81_3.87_0.5558_0.3407_-0.4512_-0.6094end-2.50_8.58_-4.63_42.75_10.52_3.47_36.88_-22.81_4.81_0.5565_0.3399_-0.4500_-0.6102end-2.53_8.53_-4.50_42.75_10.52_3.47_36.88_-22.81_4.81_0.5569_0.3387_-0.4490_-0.6111end-2.53_8.53_-4.50_42.75_10.52_3.47_37.25_-22.81_3.87_0.5571_0.3373_-0.4484_-0.6122end-2.53_8.53_-4.50_37.82_-44.76_3.80_37.25_-22.81_3.87_0.5569_0.3354_-0.4482_-0.6135end-2.53_8.53_-4.50_37.82_-44.76_3.80_36.88_-22.81_3.87_0.5566_0.3334_-0.4481_-0.6150end-2.53_8.53_-4.50_36.37_-48.34_4.59_36.88_-22.81_3.87_0.5555_0.3293_-0.4483_-0.6180end,24.1293564,120.7289394,115.69999694824219
2188,,24.1293564,120.7289394,115.69999694824219
2189,,24.1293564,120.7289394,115.69999694824219
2190,,24.1293564,120.7289394,115.69999694824219
2191,,24.1293564,120.7289394,115.69999694824219
2192,,24.1293564,120.7289394,115.69999694824219
2193,-2.53_8.53_-4.50_35.70_-49.91_5.37_37.25_-22.81_4.81_0.5555_0.3293_-0.4483_-0.6180end-2.53_8.53_-4.50_36.37_-49.46_5.26_37.25_-22.81_4.81_0.5543_0.3251_-0.4486_-0.6212end-2.71_8.45_-6.50_36.37_-49.46_5.26_37.25_-22.81_4.81_0.5537_0.3230_-0.4487_-0.6227end-2.33_8.45_-6.22_36.37_-49.46_5.26_37.25_-22.81_4.81_0.5525_0.3187_-0.4489_-0.6259end-1.59_8.46_-5.71_36.37_-49.46_5.26_37.25_-22.81_4.81_0.5525_0.3187_-0.4489_-0.6259end-1.38_8.49_-5.57_37.71_-50.36_7.05_37.25_-22.81_4.81_0.5525_0.3187_-0.4489_-0.6259end-1.21_8.48_-5.54_37.71_-50.36_7.05_36.88_-21.44_3.50_0.5525_0.3187_-0.4489_-0.6259end-1.21_8.48_-5.54_37.71_-50.36_7.05_36.88_-21.44_3.50_0.5499_0.310,24.1293564,120.7289394,115.69999694824219
2194,3_-0.4492_-0.6321end-1.21_8.48_-5.54_32.01_-42.30_7.27_36.88_-21.44_3.50_0.5486_0.3066_-0.4492_-0.6349end-1.54_8.42_-6.86_32.01_-42.30_7.27_36.88_-21.44_3.50_0.5480_0.3049_-0.4493_-0.6363end,24.1293564,120.7289394,115.69999694824219
2195,,24.1293564,120.7289394,115.69999694824219
2196,,24.1293564,120.7289394,115.69999694824219
2197,,24.1293564,120.7289394,115.69999694824219
2198,,24.1293564,120.7289394,115.69999694824219
2199,,24.1293564,120.7289394,115.69999694824219
2200,,24.1293564,120.7289394,115.69999694824219
2201,-1.54_8.42_-7.38_26.52_-49.01_7.61_36.88_-21.44_3.50_0.5480_0.3049_-0.4493_-0.6363end-1.54_8.42_-7.38_26.52_-49.01_7.61_37.63_-22.13_2.50_0.5480_0.3049_-0.4493_-0.6363end-1.51_8.39_-8.31_26.52_-49.01_7.61_37.63_-22.13_2.50_0.5446_0.2972_-0.4507_-0.6418end-1.26_8.45_-9.43_26.52_-49.01_7.61_37.63_-22.13_2.50_0.5446_0.2972_-0.4507_-0.6418end-0.89_8.40_-9.55_26.52_-49.01_7.61_37.63_-23.12_2.00_0.5425_0.2921_-0.4515_-0.6454end-0.81_8.38_-9.33_26.52_-49.01_7.61_37.25_-22.81_2.50_0.5421_0.2907_-0.4514_-0.6465end-0.81_8.38_-8.61_25.85_-27.08_6.38_37.25_-22.81_2.50_0.5416_0.2894_-0.4512_-0.6475end-0.83_8.51_-7.84_25.85_-27.08_6.38_37.25_-22.81_2.50_0.5413_0.2882_-0.4510_-0.6485end-0.96_8.52_-7.50_24.17_-21.71_6.49_37.25_-22.81_2.50_0.5413_0.2882_-0.4510_-0.6485end-0.98_8.54_-7.30_22.16_-19.47_6.49_37.25_-22.81_2.50_0.5403_0.2852_-0.4502_-0.6511end,24.1293564,120.7289394,115.69999694824219
2202,,24.1293564,120.7289394,115.69999694824219
2203,,24.1293564,120.7289394,115.69999694824219
2204,,24.1293564,120.7289394,115.69999694824219
2205,,24.1293564,120.7289394,115.69999694824219
2206,,24.1293564,120.7289394,115.69999694824219
2207,,24.1293564,120.7289394,115.69999694824219
2208,-1.01_8.54_-7.07_22.16_-19.47_6.49_37.25_-22.81_2.50_0.5400_0.2843_-0.4500_-0.6519end-1.05_8.49_-7.19_22.16_-19.47_6.49_37.25_-22.81_2.50_0.5397_0.2834_-0.4499_-0.6526end-1.05_8.51_-7.33_14.32_-24.73_6.49_37.25_-22.81_2.50_0.5397_0.2834_-0.4499_-0.6526end-1.02_8.48_-7.46_12.98_-27.42_6.49_37.63_-22.87_1.12_0.5397_0.2834_-0.4499_,24.1293564,120.7289394,115.69999694824219
2209,-0.6526end-1.02_8.44_-7.60_12.09_-29.43_6.38_37.63_-22.87_1.12_0.5375_0.2795_-0.4505_-0.6557end-1.06_8.44_-7.60_12.09_-29.43_6.38_37.63_-22.87_1.12_0.5369_0.2785_-0.4508_-0.6565end-1.03_8.45_-7.53_10.18_-33.12_6.38_37.63_-22.87_1.12_0.5369_0.2785_-0.4508_-0.6565end-1.06_8.45_-7.18_10.18_-33.12_6.38_37.63_-22.87_1.12_0.5369_0.2785_-0.4508_-0.6565end-1.06_8.50_-7.02_8.73_-34.69_7.05_37.63_-22.87_1.12_0.5369_0.2785_-0.4508_-0.6565end-1.06_8.50_-7.02_8.73_-34.69_7.05_37.63_-22.87_1.12_0.5331_0.2731_-0.4528_-0.6604end,24.1293564,120.7289394,115.69999694824219
2210,,24.1293564,120.7289394,115.69999694824219
2211,,24.1293564,120.7289394,115.69999694824219
2212,,24.1293564,120.7289394,115.69999694824219
2213,,24.1293564,120.7289394,115.69999694824219
2214,,24.1293564,120.7289394,115.69999694824219
2215,-0.93_8.50_-6.64_7.72_-31.45_6.38_37.63_-22.87_1.12_0.5324_0.2720_-0.4532_-0.6611end-0.75_8.55_-6.12_7.72_-31.45_6.38_37.63_-22.87_1.12_0.5324_0.2720_-0.4532_-0.6611end-0.66_8.54_-6.00_5.82_-22.83_5.71_37.63_-22.87_1.12_0.5324_0.2720_-0.4532_-0.6611end-0.66_8.54_-6.00_5.82_-22.83_5.71_37.63_-22.87_1.12_0.5306_0.2697_-0.4542_-0.6629end-0.66_8.54_-6.00_4.25_-12.76_5.82_36.88_-22.81_-0.75_0.5302_0.2693_-0.4543_-0.6633end-0.66_8.54_-6.00_4.25_-12.76_5.82_36.88_-22.81_-0.75_0.5299_0.2690_-0.4543_-0.6636end-0.78_8.54_-5.68_4.25_-12.76_5.82_36.88_-22.81_-0.75_0.5299_0.2690_-0.4543_-0.6636end-0.99_8.50_-5.56_4.25_-12.76_5.82_36.88_-22.81_-0.75_0.5292_0.2687_-0,24.1293564,120.7289394,115.69999694824219
2216,.4541_-0.6645end-1.32_8.52_-5.24_2.91_-3.25_5.93_36.88_-22.81_-0.75_0.5292_0.2687_-0.4541_-0.6645end-1.31_8.51_-5.12_2.91_-3.25_5.93_36.88_-22.81_-0.75_0.5288_0.2685_-0.4539_-0.6650end,24.1293564,120.7289394,115.69999694824219
2217,,24.1293564,120.7289394,115.69999694824219
2218,,24.1293564,120.7289394,115.69999694824219
2219,,24.1293564,120.7289394,115.69999694824219
2220,,24.1293564,120.7289394,115.69999694824219
2221,,24.1293564,120.7289394,115.69999694824219
2222,,24.1293564,120.7289394,115.69999694824219
2223,-1.32_8.56_-4.99_2.91_-3.25_5.93_36.88_-22.81_-0.75_0.5283_0.2681_-0.4538_-0.6656end-1.18_8.55_-4.59_2.91_-3.25_5.93_36.88_-22.81_-0.75_0.5283_0.2681_-0.4538_-0.6656end-1.16_8.57_-4.43_2.57_-15.22_5.93_36.88_-22.81_-0.75_0.5283_0.2681_-0.4538_-0.6656end-1.16_8.57_-4.43_2.57_-15.22_5.93_37.56_-23.50_-0.25_0.5272_0.2670_-0.4542_-0,24.1293564,120.7289394,115.69999694824219
2224,.6667end-1.16_8.57_-4.43_2.57_-15.22_5.93_37.56_-23.50_-0.25_0.5260_0.2657_-0.4548_-0.6677end-1.32_8.54_-4.16_2.57_-15.22_5.93_37.56_-23.50_-0.25_0.5253_0.2650_-0.4552_-0.6683end-1.32_8.58_-3.95_2.57_-15.22_5.93_37.56_-23.50_-0.25_0.5253_0.2650_-0.4552_-0.6683end-1.32_8.58_-3.95_2.69_-34.69_6.71_37.56_-23.50_-0.25_0.5228_0.2621_-0.4569_-0.6702end-1.32_8.54_-3.75_2.69_-34.69_6.71_36.88_-23.50_-0.75_0.5219_0.2610_-0.4577_-0.6709end-1.23_8.55_-3.42_2.69_-34.69_6.71_36.88_-23.50_-0.75_0.5208_0.2596_-0.4586_-0.6717end,24.1293564,120.7289394,115.69999694824219
2225,,24.1293564,120.7289394,115.69999694824219
2226,,24.1293564,120.7289394,115.69999694824219
2227,,24.1293564,120.7289394,115.69999694824219
2228,,24.1293564,120.7289394,115.69999694824219
2229,,24.1293564,120.7289394,115.69999694824219
2230,-1.12_8.59_-3.35_2.69_-34.69_6.71_35.38_-23.50_-0.31_0.5208_0.2596_-0.4586_-0.6717end-1.09_8.53_-3.24_3.80_-70.05_7.05_35.38_-23.50_-0.31_0.5181_0.2563_-0.4608_-0.6735end-1.06_8.55_-3.05_3.80_-70.05_7.05_35.38_-23.50_-0.31_0.5150_0.2521_-0.4634_-0.6756end-1.07_8.54_-2.93_3.80_-70.05_7.05_35.75_-23.50_-0.31_0.5132_0.2499_-0.4649_-0.6768end-0.89_8.52_-2.81_3.80_-70.05_7.05_35.75_-23.50_-0.31_0.5132_0.2499_-0.4649_-0.6768end-0.89_8.53_-2.79_5.93_-83.15_7.16_35.75_-23.50_-0.31_0.5132_0.2499_-0.4649_-0.6768end-0.89_8.53_-2.79_5.93_-83.15_7.16_36.44_-24.25_-3.06_0.5078_0.2425_-0.4695_-0.6804end-0.89_8.53_-2.79_5.93_-83.15_7.16_36.44_-24.25_-3.06_0.5042_0.237,24.1293564,120.7289394,115.69999694824219
2231,4_-0.4725_-0.6828end-0.77_8.54_-2.64_8.39_-81.92_6.38_37.19_-23.19_-2.62_0.5042_0.2374_-0.4725_-0.6828end-0.77_8.54_-2.64_8.39_-81.92_6.38_37.19_-23.19_-2.62_0.5005_0.2322_-0.4753_-0.6852end,24.1293564,120.7289394,115.69999694824219
2232,,24.1293564,120.7289394,115.69999694824219
2233,,24.1293564,120.7289394,115.69999694824219
2234,,24.1293564,120.7289394,115.69999694824219
2235,,24.1293564,120.7289394,115.69999694824219
2236,,24.1293564,120.7289394,115.69999694824219
2237,-0.77_8.54_-2.64_9.96_-75.42_5.60_37.19_-23.19_-2.62_0.4973_0.2274_-0.4778_-0.6876end-0.66_8.59_-2.20_9.96_-75.42_5.60_37.19_-23.19_-2.62_0.4958_0.2252_-0.4788_-0.6886end-0.74_8.53_-1.78_9.96_-75.42_5.60_37.19_-23.19_-2.62_0.4958_0.2252_-0.4788_-0.6886end-0.78_8.54_-1.62_13.32_-51.81_3.92_37.19_-23.19_-2.62_0.4958_0.2252_-0.4788_-0.6886end-0.78_8.54_-1.62_14.66_-34.47_2.46_37.19_-23.19_-2.62_0.4925_0.2194_-0.4809_-0.6915end-0.78_8.54_-1.62_14.66_-34.47_2.46_37.19_-23.19_-2.62_0.4912_0.2167_-0.4813_-0.6929end-1.38_8.51_-1.19_14.66_-34.47_2.46_37.19_-23.19_-2.62_0.4912_0.2167_-0.4813_-0.6929end-1.75_8.53_-0.96_16.67_-3.80_1.68_37.19_-23.19_-2.62_0.4912_0.2167_-0.4813_-0.6929end-2.02_8.48_-0.89_16.67_-3.80_1.68_36.13_-23.94_-3.50_0.4912_0.2167_-0.4813_-0.6929end-2.02_8.48_-0.89_16.67_-3.80_1.68_36.13_-23.94_-3.50_0.4919_0.2148_-0.4782_-0.6951end,24.1293564,120.7289394,115.69999694824219
2238,,24.1293564,120.7289394,115.69999694824219
2239,,24.1293564,120.7289394,115.69999694824219
2240,,24.1293564,120.7289394,115.69999694824219
2241,,24.1293564,120.7289394,115.69999694824219
2242,,24.1293564,120.7289394,115.69999694824219
2243,,24.1293564,120.7289394,115.69999694824219
2244,-2.81_8.46_-0.59_16.67_-3.80_1.68_36.13_-23.94_-3.50_0.4919_0.2148_-0.4782_-0.6951end-3.34_8.44_-0.35_16.67_-3.80_1.68_36.13_-23.94_-3.50_0.4935_0.2159_-0.4755_-0.6955end-3.56_8.40_-0.23_23.28_42.41_2.35_36.13_-23.94_-3.50_0.4935_0.2159_-0.4755_-0.6955end-3.80_8.42_-0.11_24.84_43.53_3.02_36.13_-23.94_-3.50_0.4935_0.2159_-0.4755_-0.6955end-3.80_8.42_-0.11_24.84_43.53_3.02_35.38_-24.63_-4.44_0.4976_0.2189_-0.4686_-0.6964end-4.28_8.41_0.02_24.84_43.53_3.02_35.38_-24.63_-4.44_0.4983_0.2193_-0.4670_-0.6968end-4.48_8.37_-0.10_24.84_43.53_3.02_35.38_-24.63_-4.44_0.4983_0.2193_-0.4670_-0.6968end-4.50_8.27_-0.26_27.42_0.67_8.17_35.38_-24.63_-4.44_0.4983_0.2193_,24.1293564,120.7289394,115.69999694824219
2245,-0.4670_-0.6968end-4.54_8.25_-0.43_27.42_0.67_8.17_35.75_-24.63_-3.06_0.4983_0.2193_-0.4670_-0.6968end-4.50_8.18_-0.70_27.42_0.67_8.17_34.63_-23.94_-3.06_0.4984_0.2173_-0.4631_-0.7000end,24.1293564,120.7289394,115.69999694824219
2246,,24.1293564,120.7289394,115.69999694824219
2247,,24.1293564,120.7289394,115.69999694824219
2248,,24.1293564,120.7289394,115.69999694824219
2249,,24.1293564,120.7289394,115.69999694824219
2250,,24.1293564,120.7289394,115.69999694824219
2251,-4.07_8.04_-1.59_27.42_0.67_8.17_34.63_-23.94_-3.06_0.4984_0.2173_-0.4631_-0.7000end-3.95_7.98_-1.78_31.78_-76.10_13.54_34.63_-23.94_-3.06_0.4984_0.2173_-0.4631_-0.7000end-3.76_7.99_-1.98_34.02_-95.79_14.66_34.63_-23.94_-3.06_0.4984_0.2173_-0.4631_-0.7000end-3.33_7.85_-2.33_34.02_-95.79_14.66_34.63_-23.94_-3.06_0.4889_0.2010_-0.4657_-0.7097end-3.33_7.85_-2.33_34.02_-95.79_14.66_35.38_-23.94_-4.94_0.4889_0.2010_-0.4657_-0.7097end-3.20_7.86_-2.48_36.03_-106.98_15.44_35.38_-23.94_-4.94_0.4889_0.2010_-0.4657_-0.7097end-2.90_7.74_-2.77_36.82_-110.90_15.89_35.38_-23.94_-4.94_0.4819_0.1895_-0.4687_-0.7157end-2.90_7.74_-2.77_36.82_-110.90_15.89_35.38_-25.00_-4,24.1293564,120.7289394,115.69999694824219
2252,.44_0.4819_0.1895_-0.4687_-0.7157end-2.90_7.74_-2.77_37.82_-110.90_16.00_35.38_-25.00_-4.44_0.4745_0.1777_-0.4716_-0.7217end-2.56_7.61_-3.39_39.39_-102.62_14.44_35.38_-25.00_-4.44_0.4745_0.1777_-0.4716_-0.7217end,24.1293564,120.7289394,115.69999694824219
2253,,24.1293564,120.7289394,115.69999694824219
2254,,24.1293564,120.7289394,115.69999694824219
2255,,24.1293564,120.7289394,115.69999694824219
2256,,24.1293564,120.7289394,115.69999694824219
2257,,24.1293564,120.7289394,115.69999694824219
2258,,24.1293564,120.7289394,115.69999694824219
2259,-2.56_7.61_-3.39_39.50_-100.27_14.44_35.00_-24.31_-5.81_0.4678_0.1663_-0.4738_-0.7274end-2.12_7.55_-4.13_39.50_-100.27_14.44_35.00_-24.31_-5.81_0.4655_0.1624_-0.4744_-0.7293end-1.96_7.50_-4.43_40.06_-97.25_13.76_34.63_-25.37_-6.31_0.4655_0.1624_-0.4744_-0.7293end-1.96_7.50_-4.43_40.29_-96.02_13.09_34.63_-25.37_-6.31_0.4655_0.1624_-0.4744_-0.7293end-1.96_7.50_-4.43_41.41_-94.78_11.86_34.63_-25.37_-6.31_0.4572_0.1475_-0.4764_-0.7364end-1.96_7.50_-4.43_41.63_-94.34_10.52_34.56_-26.06_-7.69_0.4551_0.1438_-0.4769_-0.7381end-1.30_7.51_-5.02_41.63_-94.34_10.52_34.56_-26.06_-7.69_0.4531_0.1400_-0.4773_-0.7398end-1.11_8.23_-5.24_41.63_-94.34_10.52_34.63_-25.69_,24.1293564,120.7289394,115.69999694824219
2260,-6.81_0.4531_0.1400_-0.4773_-0.7398end-0.70_12.46_-6.11_41.63_-94.34_10.52_34.63_-25.69_-6.81_0.4470_0.1279_-0.4787_-0.7448end-0.70_12.46_-6.11_41.63_-94.34_10.52_34.25_-25.75_-7.69_0.4447_0.1232_-0.4794_-0.7465end,24.1293564,120.7289394,115.69999694824219
2261,,24.1293564,120.7289394,115.69999694824219
2262,,24.1293564,120.7289394,115.69999694824219
2263,,24.1293564,120.7289394,115.69999694824219
2264,,24.1293564,120.7289394,115.69999694824219
2265,,24.1293564,120.7289394,115.69999694824219
2266,0.04_20.52_-10.11_41.63_-94.34_10.52_34.25_-25.75_-7.69_0.4423_0.1184_-0.4804_-0.7480end1.55_22.84_-8.57_46.89_-139.10_0.34_34.25_-25.75_-7.69_0.4423_0.1184_-0.4804_-0.7480end2.91_26.36_-9.37_46.89_-139.10_0.34_34.25_-25.75_-7.69_0.4367_0.1072_-0.4829_-0.7514end2.91_26.36_-9.37_38.83_-181.74_4.48_34.25_-25.75_-7.69_0.4332_0.1009_-0.4848_-0.7531end2.91_26.36_-9.37_36.26_-176.48_2.91_34.25_-25.75_-7.69_0.4261_0.0882_-0.4888_-0.7561end0.17_31.73_-13.09_36.26_-176.48_2.91_33.88_-25.75_-10.06_0.4261_0.0882_-0.4888_-0.7561end0.17_31.73_-13.09_29.77_-63.79_-1.68_33.88_-25.75_-10.06_0.4215_0.0797_-0.4908_-0.7583end0.17_31.73_-13.09_25.07_58.30_-4.59_33.88_-25.75_-10.06_0.4215_0.0797_-0.4908_-0.7583end-1.80_28.30_-10.61_25.07_58.30_-4.59_33.88_-25.75_-10.06_0.4239_0.0804_-0.4869_-0.7595end-2.67_26.30_-8.93_25.07_58.30_-4.59_32.81_-25.12_-10.44_0.4239_0.0804_-0.4869_-0.7595end,24.1293564,120.7289394,115.69999694824219
2267,,24.1293564,120.7289394,115.69999694824219
2268,,24.1293564,120.7289394,115.69999694824219
2269,,24.1293564,120.7289394,115.69999694824219
2270,,24.1293564,120.7289394,115.69999694824219
2271,,24.1293564,120.7289394,115.69999694824219
2272,,24.1293564,120.7289394,115.69999694824219
2273,,24.1293564,120.7289394,115.69999694824219
2274,-2.89_25.57_-8.40_19.14_132.61_-1.23_32.81_-25.12_-10.44_0.4239_0.0804_-0.4869_-0.7595end-3.44_24.78_-8.05_19.14_132.61_-1.23_33.56_-25.06_-7.25_0.4346_0.0950_-0.4753_-0.7590end-3.42_22.83_-7.35_19.14_132.61_-1.23_33.56_-25.06_-7.25_0.4365_0.0980_-0.4730_-0.7591end-3.42_22.83_-7.35_19.14_132.61_-1.23_33.56_-25.06_-7.25_0.4387_0.1027_-0.4693_-0.7595end-4.52_20.55_-7.98_19.14_132.61_-1.23_33.56_-26.37_-6.37_0.4395_0.1048_-0.4678_-0.7596end-3.90_19.26_-8.12_19.14_132.61_-1.23_33.56_-26.37_-6.37_0.4402_0.1072_-0.4663_-0.7598end-4.09_18.08_-8.28_19.14_132.61_-1.23_33.19_-26.75_-7.75_0.4402_0.1072_-0.4663_-0.7598end-3.16_17.70_-7.86_-0.22_75.42_20.93_33.19_-26.75_-7.75_0.4402_0.1072_-0.4663_-0.7598end-3.16_17.70_-7.86_-0.22_75.42_20.93_33.94_-26.75_-7.25_0.4402_0.1072_-0.4663_-0.7598end-2.61_16.14_-7.53_-0.22_75.42_20.93_33.94_-26.75_-7.25_0.4402_0.1072_-0.4663_-0.7598end,24.1293564,120.7289394,115.69999694824219
2275,,24.1293564,120.7289394,115.69999694824219
2276,,24.1293564,120.7289394,115.69999694824219
2277,,24.1293564,120.7289394,115.69999694824219
2278,,24.1293564,120.7289394,115.69999694824219
2279,,24.1293564,120.7289394,115.69999694824219
2280,,24.1293564,120.7289394,115.69999694824219
2281,-2.76_15.25_-7.93_-0.22_75.42_20.93_33.94_-26.75_-7.25_0.4402_0.1072_-0.4663_-0.7598end-2.76_15.25_-7.93_-0.22_75.42_20.93_33.56_-26.37_-5.87_0.4453_0.1335_-0.4556_-0.7592end-2.10_13.59_-7.87_-0.22_75.42_20.93_33.56_-26.37_-5.87_0.4457_0.1377_-0.4544_-0.7589end-2.10_13.59_-7.87_-29.77_92.66_38.94_33.56_-26.37_-5.87_0.4457_0.1377,24.1293564,120.7289394,115.69999694824219
2282,_-0.4544_-0.7589end-1.39_12.09_-6.43_-29.77_92.66_38.94_33.56_-26.37_-5.87_0.4465_0.1467_-0.4524_-0.7579end-1.31_11.52_-6.11_-29.77_92.66_38.94_33.56_-26.37_-5.87_0.4466_0.1557_-0.4511_-0.7568end-1.34_10.88_-5.90_-29.77_92.66_38.94_33.56_-26.37_-5.87_0.4464_0.1600_-0.4508_-0.7562end-1.14_8.91_-5.88_-29.77_92.66_38.94_32.13_-26.75_-4.50_0.4464_0.1600_-0.4508_-0.7562end-0.89_8.29_-5.79_-57.41_65.91_46.11_32.13_-26.75_-4.50_0.4464_0.1600_-0.4508_-0.7562end-0.89_8.29_-5.79_-57.41_65.91_46.11_32.13_-26.75_-4.50_0.4439_0.1769_-0.4520_-0.7532end,24.1293564,120.7289394,115.69999694824219
2283,,24.1293564,120.7289394,115.69999694824219
2284,,24.1293564,120.7289394,115.69999694824219
2285,,24.1293564,120.7289394,115.69999694824219
2286,,24.1293564,120.7289394,115.69999694824219
2287,,24.1293564,120.7289394,115.69999694824219
2288,,24.1293564,120.7289394,115.69999694824219
2289,-0.57_6.66_-5.20_-57.41_65.91_46.11_32.13_-26.75_-4.50_0.4429_0.1810_-0.4528_-0.7524end-0.55_5.99_-4.48_-57.41_65.91_46.11_32.13_-26.75_-4.50_0.4429_0.1810_-0.4528_-0.7524end-0.43_5.79_-3.94_-76.88_54.27_49.46_32.13_-26.75_-4.50_0.4429_0.1810_-0.4528_-0.7524end-0.43_5.79_-3.94_-76.88_54.27_49.46_31.69_-28.12_-5.00_0.4395_0.1937_-0.4559_-0.7493end-0.43_5.79_-3.94_-86.39_64.91_48.68_31.69_-28.12_-5.00_0.4374_0.2034_-0.4583_-0.7465end-0.17_5.37_-3.18_-86.39_64.91_48.68_31.69_-28.12_-5.00_0.4365_0.2085_-0.4595_-0.7448end0.10_5.32_-3.05_-86.39_64.91_48.68_31.69_-28.12_-5.00_0.4365_0.2085_-0.4595_-0.7448end0.32_5.05_-3.16_-104.86_82.70_45.66_31.69_-28.12_-5.00_0.4349_0.2195_-0.4622_-0.7410end0.32_5.05_-3.16_-104.86_82.70_45.66_31.69_-28.12_-5.00_0.4332_0.2307_-0.4653_-0.7366end0.32_5.05_-3.16_-104.86_82.70_45.66_31.31_-29.19_-5.94_0.4322_0.2365_-0.4672_-0.7341end,24.1293564,120.7289394,115.69999694824219
2290,,24.1293564,120.7289394,115.69999694824219
2291,,24.1293564,120.7289394,115.69999694824219
2292,,24.1293564,120.7289394,115.69999694824219
2293,,24.1293564,120.7289394,115.69999694824219
2294,,24.1293564,120.7289394,115.69999694824219
2295,,24.1293564,120.7289394,115.69999694824219
2296,0.98_4.05_-2.59_-104.86_82.70_45.66_31.00_-28.81_-5.06_0.4298_0.2474_-0.4717_-0.7291end1.14_3.92_-2.48_-132.05_68.15_39.39_31.00_-28.81_-5.06_0.4285_0.2529_-0.4741_-0.7264end1.55_3.36_-1.76_-132.05_68.15_39.39_31.00_-28.81_-5.06_0.4274_0.2587_-0.4767_-0.7233end1.86_3.10_-1.59_-132.05_68.15_39.39_31.69_-29.19_-5.94_0.4274_0.2587_,24.1293564,120.7289394,115.69999694824219
2297,-0.4767_-0.7233end2.02_2.76_-1.32_-146.48_105.30_30.33_31.69_-29.19_-5.94_0.4274_0.2587_-0.4767_-0.7233end2.20_2.43_-1.11_-146.48_105.30_30.33_31.69_-29.19_-5.94_0.4256_0.2786_-0.4837_-0.7122end2.20_2.43_-1.11_-160.25_164.28_19.02_31.69_-29.19_-5.94_0.4258_0.2861_-0.4857_-0.7078end2.20_2.43_-1.11_-160.25_164.28_19.02_31.69_-29.19_-5.94_0.4276_0.3032_-0.4890_-0.6972end2.20_2.43_-1.11_-168.75_207.92_9.85_31.69_-29.19_-5.94_0.4291_0.3125_-0.4902_-0.6913end1.13_1.00_-0.06_-168.75_207.92_9.85_31.31_-28.81_-6.44_0.4291_0.3125_-0.4902_-0.6913end,24.1293564,120.7289394,115.69999694824219
2298,,24.1293564,120.7289394,115.69999694824219
2299,,24.1293564,120.7289394,115.69999694824219
2300,,24.1293564,120.7289394,115.69999694824219
2301,,24.1293564,120.7289394,115.69999694824219
2302,,24.1293564,120.7289394,115.69999694824219
2303,,24.1293564,120.7289394,115.69999694824219
2304,1.13_1.00_-0.06_-179.39_243.95_-5.15_31.31_-28.81_-6.44_0.4337_0.3326_-0.4919_-0.6777end1.13_1.00_-0.06_-179.39_243.95_-5.15_31.37_-28.81_-5.06_0.4364_0.3433_-0.4926_-0.6701end-0.11_2.27_2.04_-182.18_242.39_-9.62_31.37_-28.81_-5.06_0.4418_0.3644_-0.4943_-0.6540end-0.59_2.36_2.58_-182.18_242.39_-9.62_31.37_-28.81_-5.06_0.4418_0.3644_-0.4943_-0.6540end-0.59_2.36_2.58_-182.18_242.39_-9.62_31.00_-27.75_-5.00_0.4464_0.3839_-0.4968_-0.6376end-0.59_2.36_2.58_-190.13_193.82_-23.28_31.00_-27.75_-5.00_0.4481_0.3929_-0.4985_-0.6295end-1.01_2.25_2.94_-190.13_193.82_-23.28_31.00_-27.75_-5.00_0.4496_0.4016_-0.5006_-0.6213end-1.01_2.25_2.94_-192.48_159.13_-27.08_31.00_-27.75_-5.00_0.4511_0.4163_-0.5056_-0.6063end-1.04_2.16_2.94_-192.48_159.13_-27.08_31.00_-27.75_-5.00_0.4511_0.4163_-0.5056_-0.6063end-1.11_2.05_2.75_-194.38_107.99_-30.33_31.00_-27.75_-5.00_0.4510_0.4294_-0.5120_-0.5916end,24.1293564,120.7289394,115.69999694824219
2305,,24.1293564,120.7289394,115.69999694824219
2306,,24.1293564,120.7289394,115.69999694824219
2307,,24.1293564,120.7289394,115.69999694824219
2308,,24.1293564,120.7289394,115.69999694824219
2309,,24.1293564,120.7289394,115.69999694824219
2310,,24.1293564,120.7289394,115.69999694824219
2311,,24.1293564,120.7289394,115.69999694824219
2312,-1.10_1.87_2.64_-194.38_107.99_-30.33_31.00_-27.75_-5.00_0.4495_0.4407_-0.5193_-0.5779end-1.09_1.85_2.67_-194.38_107.99_-30.33_31.00_-27.75_-5.00_0.4483_0.4462_-0.5234_-0.5709end-1.09_1.84_2.71_-195.39_63.90_-31.56_31.00_-27.75_-5.00_0.4483_0.4462_-0.5234_-0.5709end-1.10_1.84_2.78_-195.05_54.95_-31.67_31.00_-27.75_-5.00_0.4432_0.4606_-0.5361_-0.5515end-1.13_1.76_2.83_-195.05_54.95_-31.67_31.00_-27.75_-5.00_0.4409_0.4648_-0.5407_-0.5451end-1.12_1.70_2.81_-195.05_54.95_-31.67_34.94_-26.06_-8.19_0.4409_0.4648_-0.5407_-0.5451end-1.05_1.59_2.77_-192.70_17.90_-28.98_34.94_-26.06_-8.19_0.4357_0.4723_-0.5499_-0.5336end-1.05_1.59_2.77_-191.92_11.53_-28.31_33.56,24.1293564,120.7289394,115.69999694824219
2313,,24.1293564,120.7289394,115.69999694824219
2314,_-25.75_-7.69_0.4357_0.4723_-0.5499_-0.5336end-0.75_1.21_2.39_-191.92_11.53_-28.31_33.56_-25.75_-7.69_0.4295_0.4790_-0.5596_-0.5224end-0.75_1.21_2.39_-191.92_11.53_-28.31_33.56_-25.75_-7.69_0.4263_0.4823_-0.5643_-0.5169end,24.1293564,120.7289394,115.69999694824219
2315,,24.1293564,120.7289394,115.69999694824219
2316,,24.1293564,120.7289394,115.69999694824219
2317,,24.1293564,120.7289394,115.69999694824219
2318,,24.1293564,120.7289394,115.69999694824219
2319,-0.64_0.94_2.22_-185.99_1.45_-25.07_33.56_-25.75_-7.69_0.4263_0.4823_-0.5643_-0.5169end-0.64_0.94_2.22_-185.99_1.45_-25.07_34.94_-24.75_-9.56_0.4161_0.4912_-0.5784_-0.5010end-0.64_0.94_2.22_-185.99_1.45_-25.07_34.94_-24.75_-9.56_0.4094_0.4973_-0.5872_-0.4902end-0.72_0.15_2.80_-185.99_1.45_-25.07_34.94_-24.75_-9.56_0.4062_0.5003_-0.5913_-0.4848end-0.80_0.19_3.04_-185.99_1.45_-25.07_34.94_-24.75_-9.56_0.4031_0.5032_-0.5953_-0.4794end-0.48_0.43_3.00_-185.99_1.45_-25.07_34.94_-24.75_-9.56_0.3968_0.5092_-0.6033_-0.4683end-0.40_0.56_2.17_-185.99_1.45_-25.07_34.19_-23.12_-12.25_0.3968_0.5092_-0.6033_-0.4683end-0.40_0.56_2.17_-172.11_4.48_-18.58_34.19_-23.12_-12.25_0.3936_0.5120_-0.6072_-0.4630end-0.40_0.56_2.17_-172.11_4.48_-18.58_34.56_-22.44_-13.62_0.3936_0.5120_-0.6072_-0.4630end-0.40_0.56_2.17_-169.76_-1.23_-17.12_34.56_-22.44_-13.62_0.3832_0.5200_-0.6183_-0.4477end,24.1293564,120.7289394,115.69999694824219
2320,,24.1293564,120.7289394,115.69999694824219
2321,,24.1293564,120.7289394,115.69999694824219
2322,,24.1293564,120.7289394,115.69999694824219
2323,,24.1293564,120.7289394,115.69999694824219
2324,,24.1293564,120.7289394,115.69999694824219
2325,,24.1293564,120.7289394,115.69999694824219
2326,-0.40_0.56_2.17_-164.95_-28.87_-12.76_35.31_-22.44_-14.56_0.3832_0.5200_-0.6183_-0.4477end-0.40_0.56_2.17_-164.95_-28.87_-12.76_34.94_-21.75_-14.13_0.3752_0.5244_-0.6259_-0.4386end-0.81_2.64_-0.05_-164.95_-28.87_-12.76_34.94_-21.75_-14.13_0.3706_0.5263_-0.6299_-0.4346end-1.05_3.49_-0.89_-164.95_-28.87_-12.76_34.56_-21.12_-17.75_0.3593_0.5284_-0.6387_-0.4288end-1.05_3.49_-0.89_-150.85_-143.13_4.59_34.56_-21.12_-17.75_0.3593_0.5284_-0.6387_-0.4288end-1.05_3.49_-0.89_-147.38_-162.71_9.18_34.56_-21.12_-17.75_0.3374_0.5289_-0.6528_-0.4246end-0.02_5.17_-2.38_-147.38_-162.71_9.18_34.56_-21.12_-17.75_0.3287_0.5283_-0.6578_-0.4243end-0.02_5.17_-2.38_-140.44_-185.99_12.42_33.88_-19.81_-20.56_0.3287_0.5283_-0.6578_-0.4243end1.47_7.84_-2.70_-140.44_-185.99_12.42_33.88_-19.81_-20.56_0.3113_0.5263_-0.6675_-0.4249end1.47_7.84_-2.70_-130.37_-191.81_16.00_33.88_-19.81_-20.56_0.3019_0.5251_-0.6723_-0.4254end,24.1293564,120.7289394,115.69999694824219
2327,,24.1293564,120.7289394,115.69999694824219
2328,,24.1293564,120.7289394,115.69999694824219
2329,,24.1293564,120.7289394,115.69999694824219
2330,,24.1293564,120.7289394,115.69999694824219
2331,,24.1293564,120.7289394,115.69999694824219
2332,,24.1293564,120.7289394,115.69999694824219
2333,4.04_10.29_-4.32_-130.37_-191.81_16.00_33.88_-19.81_-20.56_0.2932_0.5241_-0.6767_-0.4260end4.04_10.29_-4.32_-114.70_-147.16_21.04_33.88_-19.81_-20.56_0.2767_0.5219_-0.6845_-0.4271end3.34_10.11_-4.31_-107.65_-111.79_19.70_33.88_-19.81_-20.56_0.2767_0.5219_-0.6845_-0.4271end3.80_10.37_-3.29_-107.65_-111.79_19.70_33.88_-19.81_-20.5,24.1293564,120.7289394,115.69999694824219
2334,6_0.2604_0.5231_-0.6920_-0.4240end3.39_11.15_-2.34_-107.65_-111.79_19.70_33.88_-19.81_-20.56_0.2569_0.5240_-0.6938_-0.4219end2.77_12.07_-2.20_-77.33_-21.26_10.41_33.88_-19.81_-20.56_0.2569_0.5240_-0.6938_-0.4219end2.77_12.07_-2.20_-67.70_-20.81_9.62_33.88_-19.81_-20.56_0.2569_0.5240_-0.6938_-0.4219end2.87_12.30_-2.45_-67.70_-20.81_9.62_33.88_-19.81_-20.56_0.2474_0.5273_-0.6988_-0.4152end2.54_12.18_-3.08_-67.70_-20.81_9.62_33.88_-19.81_-20.56_0.2474_0.5273_-0.6988_-0.4152end2.95_11.63_-2.60_-67.70_-20.81_9.62_30.19_-17.12_-25.56_0.2474_0.5273_-0.6988_-0.4152end,24.1293564,120.7289394,115.69999694824219
2335,,24.1293564,120.7289394,115.69999694824219
2336,,24.1293564,120.7289394,115.69999694824219
2337,,24.1293564,120.7289394,115.69999694824219
2338,,24.1293564,120.7289394,115.69999694824219
2339,,24.1293564,120.7289394,115.69999694824219
2340,,24.1293564,120.7289394,115.69999694824219
2341,,24.1293564,120.7289394,115.69999694824219
2342,2.95_11.63_-2.60_-14.55_17.01_1.68_30.19_-17.12_-25.56_0.2451_0.5302_-0.7004_-0.4102end2.34_11.39_-1.75_-14.55_17.01_1.68_30.94_-16.81_-25.50_0.2453_0.5307_-0.7004_-0.4094end1.99_11.09_-1.96_-14.55_17.01_1.68_30.94_-16.81_-25.50_0.2457_0.5311_-0.7003_-0.4089end2.16_11.08_-1.97_21.04_9.74_-2.80_30.94_-16.81_-25.50_0.2457_0.5311_-0.7003_-0.4089end2.16_11.08_-1.97_21.04_9.74_-2.80_29.81_-17.50_-26.06_0.2469_0.5312_-0.6997_-0.4089end2.16_11.08_-1.97_21.04_9.74_-2.80_29.81_-17.50_-26.06_0.2489_0.5308_-0.6985_-0.4103end1.72_10.33_-1.18_21.04_9.74_-2.80_29.81_-17.50_-26.06_0.2501_0.5303_-0.6978_-0.4114end1.38_9.93_-0.89_21.04_9.74_-2.80_29.81_-17.50_-26.06_0.,24.1293564,120.7289394,115.69999694824219
2343,2501_0.5303_-0.6978_-0.4114end1.36_9.77_-1.12_72.74_-0.22_-6.04_29.81_-17.50_-26.06_0.2531_0.5290_-0.6959_-0.4146end1.36_9.77_-1.12_72.74_-0.22_-6.04_29.81_-17.50_-26.06_0.2547_0.5281_-0.6948_-0.4165end,24.1293564,120.7289394,115.69999694824219
2344,,24.1293564,120.7289394,115.69999694824219
2345,,24.1293564,120.7289394,115.69999694824219
2346,,24.1293564,120.7289394,115.69999694824219
2347,,24.1293564,120.7289394,115.69999694824219
2348,1.36_9.77_-1.12_72.74_-0.22_-6.04_30.56_-18.19_-25.06_0.2585_0.5259_-0.6921_-0.4214end1.51_9.00_-1.85_72.74_-0.22_-6.04_30.56_-18.19_-25.06_0.2607_0.5246_-0.6906_-0.4243end1.03_8.93_-1.47_72.74_-0.22_-6.04_30.56_-18.19_-25.06_0.2607_0.5246_-0.6906_-0.4243end-1.55_46.49_-32.25_113.14_-3.13_-18.91_30.56_-18.19_-25.06_0.2607_0.5246_-0.6906_-0.4243end5.38_21.64_-3.74_113.14_-3.13_-18.91_31.25_-19.19_-24.69_0.2607_0.5246_-0.6906_-0.4243end-17.47_15.04_50.63_113.14_-3.13_-18.91_31.25_-19.19_-24.69_0.2646_0.5118_-0.6827_-0.4493end9.85_17.24_18.49_-157.12_-10.52_-4.70_31.25_-19.19_-24.69_0.2640_0.5106_-0.6819_-0.4522end-2.88_15.67_50.86_-54.72_162.26_-33.46_31,24.1293564,120.7289394,115.69999694824219
2349,.25_-19.19_-24.69_0.2640_0.5106_-0.6819_-0.4522end-2.88_15.67_50.86_-54.72_162.26_-33.46_31.25_-19.19_-24.69_0.2682_0.5184_-0.6881_-0.4310end7.56_3.33_-21.32_-54.72_162.26_-33.46_31.62_-17.81_-24.63_0.2682_0.5184_-0.6881_-0.4310end,24.1293564,120.7289394,115.69999694824219
2350,,24.1293564,120.7289394,115.69999694824219
2351,,24.1293564,120.7289394,115.69999694824219
2352,,24.1293564,120.7289394,115.69999694824219
2353,,24.1293564,120.7289394,115.69999694824219
2354,,24.1293564,120.7289394,115.69999694824219
2355,,24.1293564,120.7289394,115.69999694824219
2356,9.91_7.50_-45.49_-54.72_162.26_-33.46_31.62_-17.81_-24.63_0.2682_0.5184_-0.6881_-0.4310end6.84_13.60_-9.93_29.99_12.87_-19.92_31.62_-17.81_-24.63_0.2724_0.5162_-0.6899_-0.4282end-2.59_6.50_-2.67_115.49_65.35_-17.46_31.62_-17.81_-24.63_0.2765_0.5153_-0.6876_-0.4304end-5.72_8.42_42.15_115.49_65.35_-17.46_31.62_-17.81_-24.63_0.2812_0.5153_-0.6857_-0.4305end-9.46_-1.08_17.54_40.62_99.71_-33.24_32.00_-18.12_-23.69_0.2812_0.5153_-0.6857_-0.4305end3.28_1.02_6.36_-16.34_69.49_-41.07_32.00_-18.12_-23.69_0.2812_0.5153_-0.6857_-0.4305end5.64_14.39_-10.62_-16.34_69.49_-41.07_32.00_-18.12_-23.69_0.2939_0.5164_-0.6847_-0.4221end2.80_0.74_2.15_-16.34_69.49_-41.07_32.00_-18.12_-23.69_0.2950_0.5161_-0.6855_-0.4205end9.73_6.37_0.60_83.03_5.93_-24.95_32.00_-18.12_-23.69_0.2950_0.5161_-0.6855_-0.4205end-3.31_9.65_2.99_66.14_-52.48_-6.94_32.00_-18.12_-23.69_0.2950_0.5161_-0.6855_-0.4205end,24.1293564,120.7289394,115.69999694824219
2357,,24.1293564,120.7289394,115.69999694824219
2358,,24.1293564,120.7289394,115.69999694824219
2359,,24.1293564,120.7289394,115.69999694824219
2360,,24.1293564,120.7289394,115.69999694824219
2361,,24.1293564,120.7289394,115.69999694824219
2362,,24.1293564,120.7289394,115.69999694824219
2363,-3.31_9.65_2.99_75.42_-68.93_9.29_32.00_-18.12_-23.69_0.2971_0.5109_-0.6843_-0.4271end5.07_9.66_10.71_75.42_-68.93_9.29_32.00_-18.12_-23.69_0.2966_0.5072_-0.6827_-0.4344end-3.40_9.23_15.52_51.81_13.43_4.92_32.00_-18.12_-23.69_0.2966_0.5072_-0.6827_-0.4344end-3.40_9.23_15.52_51.81_13.43_4.92_32.00_-18.12_-23.69_0.3019_0.5069_-0.6794_-0.4362end-3.37_8.50_7.21_51.81_13.43_4.92_32.00_-18.12_-23.69_0.3019_0.5069_-0.6794_-0.4362end-2.02_8.71_2.46_-3.25_84.49_-27.53_32.00_-18.12_-23.69_0.3019_0.5069_-0.6794_-0.4362end2.15_7.99_-3.69_-3.25_84.49_-27.53_33.88_-18.81_-21.87_0.3105_0.5092_-0.6778_-0.4300end1.72_7.51_-2.52_19.47_28.09_-18.35_33.88_-18.81_-21.87_0.,24.1293564,120.7289394,115.69999694824219
2364,3137_0.5086_-0.6771_-0.4294end-0.62_7.73_-2.71_19.47_28.09_-18.35_33.88_-18.81_-21.87_0.3145_0.5076_-0.6767_-0.4307end0.27_7.84_0.61_19.47_28.09_-18.35_33.88_-18.81_-21.87_0.3145_0.5076_-0.6767_-0.4307end,24.1293564,120.7289394,115.69999694824219
2365,,24.1293564,120.7289394,115.69999694824219
2366,,24.1293564,120.7289394,115.69999694824219
2367,,24.1293564,120.7289394,115.69999694824219
2368,,24.1293564,120.7289394,115.69999694824219
2369,,24.1293564,120.7289394,115.69999694824219
2370,,24.1293564,120.7289394,115.69999694824219
2371,-0.97_9.01_3.55_46.11_-5.93_-8.06_33.88_-18.81_-21.87_0.3163_0.5055_-0.6754_-0.4339end-0.97_9.01_3.55_56.96_-22.16_-1.57_33.50_-18.75_-20.94_0.3170_0.5042_-0.6747_-0.4360end-0.97_9.01_3.55_53.27_-19.14_-1.45_33.50_-18.75_-20.94_0.3177_0.5030_-0.6740_-0.4380end-0.97_9.01_3.55_48.34_-18.58_-0.45_33.50_-18.75_-20.94_0.3177_0.5030_-0.6740_-0.4380end-0.97_9.01_3.55_48.34_-18.58_-0.45_33.50_-18.75_-20.94_0.3196_0.5004_-0.6724_-0.4420end-1.66_8.84_3.22_48.34_-18.58_-0.45_33.50_-18.75_-20.94_0.3217_0.4999_-0.6719_-0.4419end0.68_8.71_-0.35_48.34_-18.58_-0.45_33.88_-18.75_-20.94_0.3228_0.4996_-0.6717_-0.4418end0.08_8.14_-3.28_48.34_-18.58_-0.45_33.88_-18.75_-20.,24.1293564,120.7289394,115.69999694824219
2372,94_0.3234_0.4990_-0.6715_-0.4421end-0.58_8.44_-1.76_48.34_-18.58_-0.45_33.88_-18.75_-20.94_0.3238_0.4981_-0.6713_-0.4432end-0.81_8.59_-1.50_37.15_-23.28_-3.92_33.88_-18.75_-20.94_0.3238_0.4981_-0.6713_-0.4432end,24.1293564,120.7289394,115.69999694824219
2373,,24.1293564,120.7289394,115.69999694824219
2374,,24.1293564,120.7289394,115.69999694824219
2375,,24.1293564,120.7289394,115.69999694824219
2376,,24.1293564,120.7289394,115.69999694824219
2377,,24.1293564,120.7289394,115.69999694824219
2378,-0.81_8.59_-1.50_40.51_-20.48_-3.92_33.88_-18.75_-20.94_0.3247_0.4947_-0.6702_-0.4480end-0.12_9.02_0.25_40.51_-20.48_-3.92_33.88_-18.75_-20.94_0.3253_0.4936_-0.6696_-0.4496end0.04_9.39_4.50_40.51_-20.48_-3.92_34.19_-19.44_-20.94_0.3253_0.4936_-0.6696_-0.4496end-0.50_9.51_5.61_36.03_-5.37_-4.14_34.19_-19.44_-20.94_0.3275_0.4911_-,24.1293564,120.7289394,115.69999694824219
2379,0.6680_-0.4533end-0.18_9.29_4.60_36.03_-5.37_-4.14_33.88_-19.81_-20.56_0.3282_0.4906_-0.6675_-0.4539end-0.34_8.91_2.04_36.03_-5.37_-4.14_33.88_-19.81_-20.56_0.3290_0.4903_-0.6671_-0.4542end0.30_8.97_0.58_15.44_13.76_-7.16_33.50_-19.06_-19.06_0.3290_0.4903_-0.6671_-0.4542end0.50_8.80_-0.25_18.46_7.61_-6.27_33.50_-19.06_-19.06_0.3290_0.4903_-0.6671_-0.4542end0.50_8.80_-0.25_18.46_7.61_-6.27_33.88_-18.75_-20.06_0.3317_0.4886_-0.6658_-0.4561end0.55_8.86_-0.35_18.46_7.61_-6.27_33.88_-18.75_-20.06_0.3319_0.4877_-0.6655_-0.4573end,24.1293564,120.7289394,115.69999694824219
2380,,24.1293564,120.7289394,115.69999694824219
2381,,24.1293564,120.7289394,115.69999694824219
2382,,24.1293564,120.7289394,115.69999694824219
2383,,24.1293564,120.7289394,115.69999694824219
2384,,24.1293564,120.7289394,115.69999694824219
2385,,24.1293564,120.7289394,115.69999694824219
2386,,24.1293564,120.7289394,115.69999694824219
2387,0.04_9.08_1.25_18.46_7.61_-6.27_33.88_-18.75_-20.06_0.3319_0.4877_-0.6655_-0.4573end0.48_9.30_3.56_18.46_7.61_-6.27_33.88_-18.75_-20.06_0.3319_0.4877_-0.6655_-0.4573end0.45_9.38_4.09_18.46_7.61_-6.27_33.88_-18.75_-20.06_0.3318_0.4830_-0.6650_-0.4631end0.83_9.38_4.54_18.46_7.61_-6.27_33.88_-18.75_-20.06_0.3318_0.4830_-0.6650_-0.4631end0.95_9.18_2.94_18.46_7.61_-6.27_33.88_-19.81_-20.56_0.3318_0.4830_-0.6650_-0.4631end1.16_9.07_2.00_17.23_-30.77_-5.93_33.88_-19.81_-20.56_0.3318_0.4830_-0.6650_-0.4631end1.19_8.97_0.57_17.23_-30.77_-5.93_33.88_-19.81_-20.56_0.3299_0.4772_-0.6658_-0.4691end1.10_8.95_0.35_17.23_-30.77_-5.93_33.88_-19.81_-20.56_0.3297_0.4761_-0.6660_-0.4703end1.19_8.99_0.54_17.23_-30.77_-5.93_33.88_-19.81_-20.56_0.3297_0.4761_-0.6660_-0.4703end1.06_9.14_1.56_17.23_-30.77_-5.93_33.88_-19.81_-20.56_0.3297_0.4761_-0.6660_-0.4703end,24.1293564,120.7289394,115.69999694824219
2388,,24.1293564,120.7289394,115.69999694824219
2389,,24.1293564,120.7289394,115.69999694824219
2390,,24.1293564,120.7289394,115.69999694824219
2391,,24.1293564,120.7289394,115.69999694824219
2392,,24.1293564,120.7289394,115.69999694824219
2393,,24.1293564,120.7289394,115.69999694824219
2394,1.06_9.14_1.56_24.95_-17.23_-9.40_33.50_-20.12_-20.56_0.3295_0.4727_-0.6660_-0.4738end1.06_9.14_1.56_24.95_-17.23_-9.40_33.50_-20.12_-20.56_0.3299_0.4706_-0.6658_-0.4757end1.24_9.39_3.64_24.95_-17.23_-9.40_33.50_-20.12_-20.56_0.3301_0.4697_-0.6658_-0.4766end1.16_9.30_2.76_24.95_-17.23_-9.40_33.50_-20.12_-20.56_0.3301_0.4697_-0.6658_-0.4766end1.12_9.21_2.12_24.95_-17.23_-9.40_33.50_-20.12_-20.56_0.3311_0.4673_-0.6656_-0.4784end1.12_9.16_1.56_24.95_-17.23_-9.40_33.50_-20.12_-20.56_0.3316_0.4667_-0.6655_-0.4789end0.83_9.17_0.96_24.95_-17.23_-9.40_33.50_-20.12_-20.56_0.3316_0.4667_-0.6655_-0.4789end0.74_9.20_1.20_24.95_-17.23_-9.40_33.50_-20.12_-20.56_0.33,24.1293564,120.7289394,115.69999694824219
2395,28_0.4654_-0.6652_-0.4797end0.73_9.25_1.50_20.59_-0.78_-11.97_33.50_-20.12_-20.56_0.3328_0.4654_-0.6652_-0.4797end0.72_9.34_2.35_20.59_-0.78_-11.97_33.50_-20.12_-20.56_0.3347_0.4631_-0.6648_-0.4813end,24.1293564,120.7289394,115.69999694824219
2396,,24.1293564,120.7289394,115.69999694824219
2397,,24.1293564,120.7289394,115.69999694824219
2398,,24.1293564,120.7289394,115.69999694824219
2399,,24.1293564,120.7289394,115.69999694824219
2400,0.74_9.39_2.62_20.59_-0.78_-11.97_33.13_-20.12_-20.06_0.3351_0.4622_-0.6647_-0.4819end0.75_9.34_2.67_20.59_-0.78_-11.97_33.13_-20.12_-20.06_0.3351_0.4622_-0.6647_-0.4819end0.76_9.30_2.23_17.12_-8.73_-12.76_33.13_-20.12_-20.06_0.3351_0.4622_-0.6647_-0.4819end0.75_9.29_1.86_16.11_-8.84_-12.76_33.13_-20.12_-20.06_0.3351_0.4622_-0.6,24.1293564,120.7289394,115.69999694824219
2401,647_-0.4819end0.74_9.26_1.56_16.11_-8.84_-12.76_33.13_-19.81_-20.06_0.3370_0.4578_-0.6647_-0.4847end0.70_9.23_1.26_16.11_-8.84_-12.76_33.13_-19.81_-20.06_0.3374_0.4569_-0.6647_-0.4852end0.66_9.30_1.44_16.11_-8.84_-12.76_33.13_-19.81_-20.06_0.3374_0.4569_-0.6647_-0.4852end0.68_9.31_1.67_17.90_-5.37_-14.66_33.13_-19.81_-20.06_0.3374_0.4569_-0.6647_-0.4852end0.66_9.34_1.91_17.57_-5.71_-14.77_33.13_-19.81_-20.06_0.3388_0.4544_-0.6647_-0.4867end0.72_9.38_2.40_17.57_-5.71_-14.77_33.13_-19.81_-20.06_0.3398_0.4526_-0.6647_-0.4877end,24.1293564,120.7289394,115.69999694824219
2402,,24.1293564,120.7289394,115.69999694824219
2403,,24.1293564,120.7289394,115.69999694824219
2404,,24.1293564,120.7289394,115.69999694824219
2405,,24.1293564,120.7289394,115.69999694824219
2406,,24.1293564,120.7289394,115.69999694824219
2407,,24.1293564,120.7289394,115.69999694824219
2408,0.71_9.41_2.54_17.57_-5.71_-14.77_33.13_-19.81_-20.06_0.3403_0.4517_-0.6648_-0.4881end0.66_9.39_2.38_17.57_-5.71_-14.77_33.13_-19.81_-20.06_0.3403_0.4517_-0.6648_-0.4881end0.50_9.35_2.10_14.77_-3.58_-15.11_33.13_-19.81_-20.06_0.3403_0.4517_-0.6648_-0.4881end0.32_9.34_1.98_14.77_-3.58_-15.11_33.13_-19.81_-20.06_0.3423_0.4485_-0.6649_-0.4895end0.27_9.35_1.91_15.22_3.13_-15.78_33.13_-19.81_-20.06_0.3423_0.4485_-0.6649_-0.4895end0.27_9.35_1.91_15.11_5.04_-16.00_33.13_-19.81_-20.06_0.3446_0.4465_-0.6646_-0.4901end0.04_9.43_2.35_15.11_5.04_-16.00_33.13_-19.81_-20.06_0.3454_0.4459_-0.6645_-0.4903end-0.05_9.43_2.64_15.11_5.04_-16.00_33.13_-19.81_-20.06_0.3454_,24.1293564,120.7289394,115.69999694824219
2409,0.4459_-0.6645_-0.4903end-0.13_9.42_2.75_15.11_5.04_-16.00_33.13_-19.81_-20.06_0.3470_0.4445_-0.6643_-0.4907end-0.13_9.42_2.75_15.11_5.04_-16.00_33.50_-20.12_-19.56_0.3485_0.4431_-0.6642_-0.4910end,24.1293564,120.7289394,115.69999694824219
2410,,24.1293564,120.7289394,115.69999694824219
2411,,24.1293564,120.7289394,115.69999694824219
2412,,24.1293564,120.7289394,115.69999694824219
2413,,24.1293564,120.7289394,115.69999694824219
2414,,24.1293564,120.7289394,115.69999694824219
2415,,24.1293564,120.7289394,115.69999694824219
2416,-0.38_9.41_2.84_15.11_5.04_-16.00_33.50_-20.12_-19.56_0.3485_0.4431_-0.6642_-0.4910end-0.31_9.44_2.84_15.11_5.04_-16.00_34.19_-19.44_-20.06_0.3485_0.4431_-0.6642_-0.4910end-0.31_9.44_2.84_15.11_5.48_-15.78_34.19_-19.44_-20.06_0.3508_0.4412_-0.6639_-0.4915end-0.31_9.44_2.84_15.22_7.27_-16.11_34.19_-19.44_-20.06_0.3517_0.4406_-0.6637_-0.4916end-0.31_9.44_2.84_15.22_7.61_-16.00_33.50_-19.75_-17.31_0.3517_0.4406_-0.6637_-0.4916end-0.31_9.44_2.84_16.34_7.61_-15.44_33.50_-19.75_-17.31_0.3517_0.4406_-0.6637_-0.4916end-0.79_9.47_2.97_16.34_7.61_-15.44_33.50_-19.75_-17.31_0.3542_0.4389_-0.6633_-0.4919end-0.80_9.42_2.99_16.34_7.61_-15.44_34.19_-18.75_-19.56_0.35,24.1293564,120.7289394,115.69999694824219
2417,69_0.4371_-0.6627_-0.4923end-0.91_9.43_3.18_16.34_7.61_-15.44_34.19_-18.75_-19.56_0.3569_0.4371_-0.6627_-0.4923end-0.89_9.46_3.25_17.12_6.71_-14.88_34.19_-18.75_-19.56_0.3594_0.4352_-0.6622_-0.4929end,24.1293564,120.7289394,115.69999694824219
2418,,24.1293564,120.7289394,115.69999694824219
2419,,24.1293564,120.7289394,115.69999694824219
2420,,24.1293564,120.7289394,115.69999694824219
2421,,24.1293564,120.7289394,115.69999694824219
2422,,24.1293564,120.7289394,115.69999694824219
2423,-0.99_9.50_3.34_17.46_8.17_-14.66_34.19_-20.44_-18.69_0.3594_0.4352_-0.6622_-0.4929end-1.07_9.52_3.30_17.46_8.17_-14.66_34.19_-20.44_-18.69_0.3611_0.4340_-0.6617_-0.4933end-1.13_9.47_3.28_18.02_9.51_-14.44_34.19_-20.44_-18.69_0.3611_0.4340_-0.6617_-0.4933end-1.20_9.47_3.31_18.02_9.51_-14.44_34.94_-19.06_-19.06_0.3639_0.4323_-0.6,24.1293564,120.7289394,115.69999694824219
2424,608_-0.4939end-1.23_9.52_3.26_18.02_9.51_-14.44_34.94_-19.06_-19.06_0.3648_0.4318_-0.6605_-0.4941end-1.29_9.49_3.26_18.02_9.51_-14.44_34.94_-19.06_-19.06_0.3648_0.4318_-0.6605_-0.4941end-1.34_9.50_3.33_19.47_9.74_-13.32_34.94_-19.06_-18.19_0.3648_0.4318_-0.6605_-0.4941end-1.36_9.46_3.29_20.25_9.51_-13.09_34.94_-19.06_-18.19_0.3685_0.4296_-0.6592_-0.4951end-1.34_9.48_3.31_20.25_9.51_-13.09_34.94_-19.06_-18.19_0.3695_0.4290_-0.6588_-0.4954end-1.37_9.50_3.34_20.25_9.51_-13.09_34.94_-19.06_-18.19_0.3704_0.4285_-0.6584_-0.4956end,24.1293564,120.7289394,115.69999694824219
2425,,24.1293564,120.7289394,115.69999694824219
2426,,24.1293564,120.7289394,115.69999694824219
2427,,24.1293564,120.7289394,115.69999694824219
2428,,24.1293564,120.7289394,115.69999694824219
2429,,24.1293564,120.7289394,115.69999694824219
2430,,24.1293564,120.7289394,115.69999694824219
2431,-1.37_9.50_3.34_20.25_9.51_-13.09_34.94_-19.06_-18.19_0.3723_0.4272_-0.6577_-0.4963end-1.46_9.48_3.37_20.25_9.51_-13.09_34.94_-19.06_-18.19_0.3723_0.4272_-0.6577_-0.4963end-1.46_9.48_3.37_22.16_6.15_-11.41_34.94_-19.44_-18.69_0.3723_0.4272_-0.6577_-0.4963end-1.54_9.48_3.20_22.16_6.15_-11.41_34.94_-19.44_-18.69_0.3755_0.4247_-0.6,24.1293564,120.7289394,115.69999694824219
2432,562_-0.4980end-1.54_9.48_3.20_22.94_4.92_-10.41_35.31_-19.75_-17.69_0.3763_0.4241_-0.6558_-0.4985end-1.63_9.47_3.06_22.94_4.92_-10.41_35.69_-19.75_-17.69_0.3771_0.4235_-0.6554_-0.4990end-1.72_9.50_3.09_23.61_5.60_-9.96_35.69_-19.75_-17.69_0.3787_0.4222_-0.6545_-0.5000end-1.76_9.47_3.08_23.61_5.60_-9.96_35.69_-19.75_-17.69_0.3795_0.4216_-0.6540_-0.5005end-2.02_9.46_3.16_23.61_5.60_-9.96_35.69_-19.75_-17.69_0.3795_0.4216_-0.6540_-0.5005end-2.04_9.48_3.20_23.61_5.60_-9.96_35.31_-19.75_-17.69_0.3795_0.4216_-0.6540_-0.5005end,24.1293564,120.7289394,115.69999694824219
2433,,24.1293564,120.7289394,115.69999694824219
2434,,24.1293564,120.7289394,115.69999694824219
2435,,24.1293564,120.7289394,115.69999694824219
2436,,24.1293564,120.7289394,115.69999694824219
2437,,24.1293564,120.7289394,115.69999694824219
2438,,24.1293564,120.7289394,115.69999694824219
2439,-2.04_9.48_3.20_26.41_7.39_-7.72_34.94_-19.00_-15.88_0.3820_0.4198_-0.6525_-0.5021end-2.14_9.54_3.30_26.41_7.39_-7.72_34.94_-19.00_-15.88_0.3837_0.4186_-0.6513_-0.5034end-2.34_9.45_3.34_26.41_7.39_-7.72_34.94_-19.00_-15.88_0.3837_0.4186_-0.6513_-0.5034end-2.41_9.50_3.24_26.63_10.18_-6.49_34.94_-19.00_-15.88_0.3837_0.4186_-0.6513_-0.5034end-2.41_9.50_3.24_26.63_10.18_-6.49_34.94_-19.00_-15.88_0.3864_0.4171_-0.6494_-0.5051end-2.41_9.50_3.24_26.63_10.18_-6.49_34.94_-19.00_-15.88_0.3882_0.4161_-0.6479_-0.5063end-2.56_9.51_3.10_26.63_10.18_-6.49_34.94_-19.00_-15.88_0.3882_0.4161_-0.6479_-0.5063end-2.77_9.52_2.95_27.75_12.87_-2.57_34.94_-19.00_-15.88_0.3882_0.4161_-0.6479_-0.5063end-2.77_9.52_2.95_28.20_14.21_-2.24_35.69_-20.44_-16.81_0.3882_0.4161_-0.6479_-0.5063end-2.77_9.52_2.95_28.20_14.21_-2.24_35.69_-20.44_-16.81_0.3930_0.4145_-0.6437_-0.5093end,24.1293564,120.7289394,115.69999694824219
2440,,24.1293564,120.7289394,115.69999694824219
2441,,24.1293564,120.7289394,115.69999694824219
2442,,24.1293564,120.7289394,115.69999694824219
2443,,24.1293564,120.7289394,115.69999694824219
2444,,24.1293564,120.7289394,115.69999694824219
2445,,24.1293564,120.7289394,115.69999694824219
2446,-3.14_9.46_2.86_28.20_14.21_-2.24_35.69_-20.75_-15.44_0.3940_0.4142_-0.6428_-0.5099end-3.37_9.50_2.90_28.20_14.21_-2.24_35.69_-20.75_-15.44_0.3951_0.4140_-0.6418_-0.5104end-3.37_9.50_2.84_28.20_14.21_-2.24_36.38_-20.75_-16.81_0.3951_0.4140_-0.6418_-0.5104end-3.37_9.50_2.84_28.20_14.21_-2.24_36.06_-19.69_-15.44_0.3978_0.4129_-0.6390_-0.5128end-3.59_9.46_2.94_28.20_14.21_-2.24_36.06_-19.69_-15.44_0.3984_0.4124_-0.6382_-0.5137end-3.74_9.40_2.96_32.45_-2.35_3.92_35.69_-19.69_-14.94_0.3988_0.4119_-0.6375_-0.5148end-3.74_9.40_2.96_32.45_-2.35_3.92_35.69_-19.69_-14.94_0.3996_0.4108_-0.6359_-0.5170end-3.93_9.48_3.00_32.45_-2.35_3.92_35.69_-19.69_-14.94_0.4000_,24.1293564,120.7289394,115.69999694824219
2447,0.4102_-0.6350_-0.5181end-4.41_9.46_2.80_32.45_-2.35_3.92_35.69_-19.69_-14.94_0.4005_0.4099_-0.6341_-0.5192end-4.48_9.44_2.77_32.68_5.71_7.95_35.69_-19.69_-14.94_0.4005_0.4099_-0.6341_-0.5192end,24.1293564,120.7289394,115.69999694824219
2448,,24.1293564,120.7289394,115.69999694824219
2449,,24.1293564,120.7289394,115.69999694824219
2450,,24.1293564,120.7289394,115.69999694824219
2451,,24.1293564,120.7289394,115.69999694824219
2452,,24.1293564,120.7289394,115.69999694824219
2453,,24.1293564,120.7289394,115.69999694824219
2454,-4.65_9.45_2.79_32.68_5.71_7.95_35.69_-19.69_-14.94_0.4016_0.4092_-0.6321_-0.5213end-4.65_9.45_2.79_33.68_-4.59_11.53_35.69_-19.69_-14.94_0.4020_0.4089_-0.6311_-0.5223end-5.21_9.39_2.48_33.68_-4.59_11.53_35.69_-19.69_-14.94_0.4024_0.4080_-0.6293_-0.5250end-5.03_9.35_2.52_33.68_-4.59_11.53_35.69_-19.69_-14.94_0.4022_0.4073_-0.6285_-0.5266end-4.71_9.36_3.16_33.68_-4.59_11.53_35.69_-19.69_-14.94_0.4022_0.4073_-0.6285_-0.5266end-4.48_9.34_3.43_34.47_-40.29_17.23_35.69_-19.69_-14.94_0.4000_0.4042_-0.6271_-0.5323end-4.29_9.34_3.12_33.35_-54.50_18.58_33.88_-21.44_-15.50_0.4000_0.4042_-0.6271_-0.5323end-4.29_9.34_3.12_33.35_-54.50_18.58_33.88_-21.44_-15.50_0.3973_0.4014_-0.6268_-0.5368end-2.43_9.27_4.05_33.35_-54.50_18.58_34.56_-21.06_-15.00_0.3973_0.4014_-0.6268_-0.5368end-2.07_9.25_4.03_32.12_-67.48_19.14_34.56_-21.06_-15.00_0.3973_0.4014_-0.6268_-0.5368end,24.1293564,120.7289394,115.69999694824219
2455,,24.1293564,120.7289394,115.69999694824219
2456,,24.1293564,120.7289394,115.69999694824219
2457,,24.1293564,120.7289394,115.69999694824219
2458,,24.1293564,120.7289394,115.69999694824219
2459,,24.1293564,120.7289394,115.69999694824219
2460,,24.1293564,120.7289394,115.69999694824219
2461,,24.1293564,120.7289394,115.69999694824219
2462,,24.1293564,120.7289394,115.69999694824219
2463,,24.1293564,120.7289394,115.69999694824219
2464,-0.91_9.12_3.84_32.12_-67.48_19.14_35.31_-22.13_-15.00_0.3973_0.4014_-0.6268_-0.5368end-0.91_9.12_3.84_35.92_-81.36_17.23_35.31_-22.13_-15.00_0.3973_0.4014_-0.6268_-0.5368end-0.91_9.12_3.84_35.92_-81.36_17.23_35.31_-22.13_-15.00_0.3864_0.3902_-0.6274_-0.5521end1.63_8.92_2.25_35.92_-81.36_17.23_33.50_-22.50_-16.87_0.3864_0.3902_-0.6274_-0.5521end1.63_8.92_2.25_42.86_-67.93_14.10_33.50_-22.50_-16.87_0.3847_0.3882_-0.6274_-0.5547end1.63_8.92_2.25_47.45_-26.52_12.09_33.13_-21.81_-16.00_0.3830_0.3840_-0.6253_-0.5611end2.08_8.93_3.20_47.45_-26.52_12.09_33.13_-21.81_-16.00_0.3837_0.3835_-0.6237_-0.5627end1.39_8.88_3.32_53.16_53.71_15.44_33.13_-21.81_-16.00_0.3837_0.3835_-0.6237_-0.5627end1.39_8.88_3.32_52.82_70.28_15.33_33.13_-21.81_-16.00_0.3867_0.3841_-0.6195_-0.5650end1.39_8.88_3.32_52.82_70.28_15.33_33.50_-23.81_-15.06_0.3915_0.3863_-0.6140_-0.5662end,24.1293564,120.7289394,115.69999694824219
2465,,24.1293564,120.7289394,115.69999694824219
2466,,24.1293564,120.7289394,115.69999694824219
2467,,24.1293564,120.7289394,115.69999694824219
2468,,24.1293564,120.7289394,115.69999694824219
2469,,24.1293564,120.7289394,115.69999694824219
2470,,24.1293564,120.7289394,115.69999694824219
2471,,24.1293564,120.7289394,115.69999694824219
2472,,24.1293564,120.7289394,115.69999694824219
2473,,24.1293564,120.7289394,115.69999694824219
2474,,24.1293564,120.7289394,115.69999694824219
2475,,24.1293564,120.7289394,115.69999694824219
2476,,24.1293564,120.7289394,115.69999694824219
2477,,24.1293564,120.7289394,115.69999694824219
2478,,24.1293564,120.7289394,115.69999694824219
2479,-1.90_8.95_3.27_52.82_70.28_15.33_33.50_-23.81_-15.06_0.3943_0.3878_-0.6110_-0.5663end-3.22_8.89_2.54_52.82_70.28_15.33_33.50_-23.81_-15.06_0.3943_0.3878_-0.6110_-0.5663end-3.36_8.89_2.35_53.16_75.54_13.76_34.19_-23.12_-12.75_0.3943_0.3878_-0.6110_-0.5663end-3.51_8.84_2.21_55.06_59.53_14.88_34.19_-23.12_-12.75_0.4042_0.3922_-0.5,24.1293564,120.7289394,115.69999694824219
2480,,24.1293564,120.7289394,115.69999694824219
2481,,24.1293564,120.7289394,115.69999694824219
2482,,24.1293564,120.7289394,115.69999694824219
2483,,24.1293564,120.7289394,115.69999694824219
2484,,24.1293564,120.7289394,115.69999694824219
2485,,24.1293564,120.7289394,115.69999694824219
2486,999_-0.5684end-3.42_8.80_2.25_55.06_59.53_14.88_34.19_-23.12_-12.75_0.4057_0.3924_-0.5975_-0.5695end-3.22_8.75_2.43_55.06_59.53_14.88_33.50_-24.12_-13.69_0.4057_0.3924_-0.5975_-0.5695end-2.95_8.70_2.46_55.06_59.53_14.88_33.88_-23.75_-13.19_0.4057_0.3924_-0.5975_-0.5695end-2.70_8.70_2.44_58.08_-6.60_20.93_33.88_-23.75_-13.19_0.40,24.1293564,120.7289394,115.69999694824219
2487,,24.1293564,120.7289394,115.69999694824219
2488,86_0.3917_-0.5914_-0.5744end-2.19_8.63_2.14_58.08_-6.60_20.93_33.88_-23.75_-13.19_0.4092_0.3901_-0.5880_-0.5785end-1.94_8.61_1.94_57.74_-23.28_22.60_33.88_-23.75_-13.19_0.4091_0.3891_-0.5865_-0.5807end,24.1293564,120.7289394,115.69999694824219
2489,,24.1293564,120.7289394,115.69999694824219
2490,,24.1293564,120.7289394,115.69999694824219
2491,,24.1293564,120.7289394,115.69999694824219
2492,,24.1293564,120.7289394,115.69999694824219
2493,-1.67_8.57_1.62_57.74_-23.28_22.60_33.88_-23.75_-13.19_0.4089_0.3879_-0.5851_-0.5831end-0.49_8.41_0.79_57.74_-23.28_22.60_33.88_-23.75_-13.19_0.4089_0.3879_-0.5851_-0.5831end-0.10_8.41_0.55_59.31_-39.28_21.71_33.50_-24.44_-11.81_0.4089_0.3879_-0.5851_-0.5831end0.35_8.38_0.42_62.00_-46.55_21.26_33.50_-24.44_-11.81_0.4067_0.3815_-,24.1293564,120.7289394,115.69999694824219
2494,0.5804_-0.5934end0.91_8.36_0.31_62.00_-46.55_21.26_33.50_-24.44_-11.81_0.4067_0.3815_-0.5804_-0.5934end1.68_8.34_0.30_62.00_-46.55_21.26_33.50_-24.44_-11.81_0.4054_0.3779_-0.5782_-0.5988end1.91_8.36_0.21_62.00_-46.55_21.26_33.19_-25.44_-10.44_0.4054_0.3779_-0.5782_-0.5988end1.91_8.36_0.21_62.00_-46.55_21.26_33.19_-25.44_-10.44_0.4043_0.3741_-0.5757_-0.6042end2.75_8.28_-0.20_62.00_-46.55_21.26_33.50_-25.81_-12.31_0.4043_0.3741_-0.5757_-0.6042end2.75_8.28_-0.20_62.00_-46.55_21.26_32.44_-25.44_-11.44_0.4034_0.3691_-0.5715_-0.6118end3.20_8.27_-0.81_65.80_-22.38_15.44_32.44_-25.44_-11.44_0.4034_0.3677_-0.5700_-0.6141end3.20_8.27_-0.81_66.02_-13.65_13.32_32.06_-25.81_-11.88_0.4034_0.3677_-0.5700_-0.6141end3.45_8.21_-1.36_66.02_-13.65_13.32_32.38_-27.56_-12.37_0.4039_0.3651_-0.5667_-0.6185end3.45_8.21_-1.36_66.14_-4.14_11.75_32.38_-27.56_-12.37_0.4049_0.3628_-,24.1293564,120.7289394,115.69999694824219
2495,0.5630_-0.6224end3.45_8.21_-1.36_66.36_2.13_10.74_32.75_-27.56_-11.88_0.4049_0.3628_-0.5630_-0.6224end3.45_8.21_-1.36_66.36_2.13_10.74_32.75_-27.56_-11.88_0.4077_0.3602_-0.5570_-0.6276end3.30_8.27_-2.52_66.36_2.13_10.74_32.75_-27.56_-11.88_0.4077_0.3602_-0.5570_-0.6276end3.13_8.28_-2.83_66.36_2.13_10.74_33.19_-26.12_-10.50_0.4120_0.3592_-0.5500_-0.6315end3.07_8.32_-2.93_66.36_2.13_10.74_32.81_-27.13_-9.63_0.4138_0.3592_-0.5475_-0.6324end2.96_8.25_-3.31_66.36_2.13_10.74_32.81_-27.13_-9.63_0.4138_0.3592_-0.5475_-0.6324end2.89_8.36_-3.39_66.36_2.13_10.74_32.81_-27.13_-9.63_0.4180_0.3599_-0.5420_-0.6341end2.81_8.34_-3.72_66.36_2.13_10.74_32.81_-27.13_-9.63_0.4180_0.3599_-0.5420_-0.6341end2.67_8.36_-3.75_63.11_74.98_2.91_32.81_-27.13_-9.63_0.4180_0.3599_-0.5420_-0.6341end2.44_8.33_-3.82_62.11_83.59_3.36_32.81_-27.13_-9.63_0.4285_0.3635_-0.5295_-0.6355end1.51_8.42_-4.05_62.11_83.59_3.36_32.81_-27.13_-9.63_0.4313_0.3647_-0.5263_-0.6356end1.20_8.45_-4.05_60.88_83.48_3.92_32.81_-27.13_-9.63_0.4370_0.3671_-0.5197_-0.6358end0.76_8.48_-4.00_60.21_72.96_3.47_32.81_-27.13_-6.37_0.4395_0.3681_-0.5166_-0.6360end0.72_8.56_-3.95_60.21_72.96_3.47_32.81_-27.13_-6.37_0.4421_0.3689_-0.513,24.1293564,120.7289394,115.69999694824219
2496,,24.1293564,120.7289394,115.69999694824219
2497,,24.1293564,120.7289394,115.69999694824219
2498,,24.1293564,120.7289394,115.69999694824219
2499,,24.1293564,120.7289394,115.69999694824219
2500,,24.1293564,120.7289394,115.69999694824219
2501,,24.1293564,120.7289394,115.69999694824219
2502,,24.1293564,120.7289394,115.69999694824219
2503,,24.1293564,120.7289394,115.69999694824219
2504,,24.1293564,120.7289394,115.69999694824219
2505,,24.1293564,120.7289394,115.69999694824219
2506,,24.1293564,120.7289394,115.69999694824219
2507,,24.1293564,120.7289394,115.69999694824219
2508,5_-0.6362end0.73_8.54_-3.94_59.87_59.53_2.57_32.81_-27.13_-6.37_0.4421_0.3689_-0.5135_-0.6362end0.80_8.62_-4.03_59.87_59.53_2.57_32.44_-27.44_-4.50_0.4421_0.3689_-0.5135_-0.6362end,24.1293564,120.7289394,115.69999694824219
2509,,24.1293564,120.7289394,115.69999694824219
2510,,24.1293564,120.7289394,115.69999694824219
2511,1.22_8.57_-4.29_59.87_59.53_2.57_32.44_-27.44_-4.50_0.4485_0.3702_-0.5054_-0.6375end1.22_8.57_-4.29_56.06_36.03_3.47_32.44_-27.75_-4.12_0.4485_0.3702_-0.5054_-0.6375end1.36_8.48_-4.63_56.06_36.03_3.47_32.44_-27.75_-4.12_0.4485_0.3702_-0.5054_-0.6375end1.40_8.57_-4.82_54.95_33.80_3.02_32.44_-27.75_-4.12_0.4551_0.3702_-0.4960_-0.6,24.1293564,120.7289394,115.69999694824219
2512,,24.1293564,120.7289394,115.69999694824219
2513,,24.1293564,120.7289394,115.69999694824219
2514,,24.1293564,120.7289394,115.69999694824219
2515,401end1.40_8.57_-4.82_54.95_33.80_3.02_32.44_-27.75_-4.12_0.4567_0.3701_-0.4938_-0.6408end1.40_8.57_-4.82_53.49_36.82_2.57_32.13_-27.75_-3.62_0.4567_0.3701_-0.4938_-0.6408end1.41_8.54_-4.88_52.37_40.96_2.13_32.13_-27.75_-3.62_0.4567_0.3701_-0.4938_-0.6408end1.39_8.62_-4.92_50.81_44.65_2.13_33.94_-27.37_-2.25_0.4567_0.3701_-0.4938_-0.6408end1.25_8.58_-4.94_50.81_44.65_2.13_33.94_-27.37_-2.25_0.4666_0.3708_-0.4800_-0.6437end1.12_8.55_-4.95_50.81_44.65_2.13_32.81_-28.06_-2.75_0.4683_0.3712_-0.4777_-0.6440end0.89_8.61_-4.87_50.81_44.65_2.13_32.81_-28.06_-2.75_0.4683_0.3712_-0.4777_-0.6440end0.78_8.61_-4.75_48.46_48.46_2.24_32.81_-28.06_-2.75_0.4683_0.3712_-0.4777_-0.6440end0.76_8.67_-4.66_48.23_49.13_1.79_33.19_-27.69_-1.75_0.4683_0.3712_-0.4777_-0.6440end0.75_8.62_-4.62_47.67_49.57_2.13_33.19_-27.69_-1.75_0.4771_0.3732_-0.4658_-0.6451end0.72_8.64_-4.48_47.67_49.57_2.13_33.19_-27.69_-1.75_0.4788_0.3736_-0.4635_-0.6453end0.68_8.61_-4.30_47.67_49.57_2.13_33.19_-27.69_-1.75_0.4788_0.3736_-0.4635_-0.6453end0.61_8.68_-4.27_47.67_49.57_2.13_33.19_-27.69_-1.75_0.4836_0.3745_-0.4568_-0.6460end0.61_8.68_-4.27_44.76_38.72_2.91_32.50_-28.69_0.50_0.4850_0.3748_-0.4547,24.1293564,120.7289394,115.69999694824219
2516,_-0.6462end0.46_8.59_-4.24_44.09_37.60_3.58_32.50_-28.69_0.50_0.4864_0.3749_-0.4526_-0.6465end0.38_8.65_-4.20_44.09_37.60_3.58_32.50_-28.69_0.50_0.4878_0.3751_-0.4504_-0.6469end0.35_8.67_-4.25_43.20_33.24_3.69_32.50_-28.69_0.50_0.4891_0.3753_-0.4484_-0.6472end0.33_8.61_-4.16_43.20_33.24_3.69_32.50_-28.69_0.50_0.4916_0.3755_-0.4444_-0.6479end0.33_8.58_-4.16_43.20_33.24_3.69_32.50_-28.31_2.37_0.4928_0.3755_-0.4425_-0.6483end0.32_8.60_-4.21_41.96_27.19_4.81_32.50_-28.31_2.37_0.4928_0.3755_-0.4425_-0.6483end0.32_8.60_-4.21_42.08_26.63_4.36_32.50_-28.31_2.37_0.4951_0.3754_-0.4388_-0.6492end0.32_8.60_-4.21_42.08_26.63_4.36_33.63_-29.00_2.31_0.4972_0.3752_-0.4351_-0.6501end0.40_8.54_-4.07_41.52_25.63_5.15_33.63_-29.00_2.31_0.4982_0.3752_-0.4333_-0.6506end0.45_8.57_-4.17_41.52_25.63_5.15_33.63_-29.00_2.31_0.4993_0.3751_-0.4315_-0.651,24.1293564,120.7289394,115.69999694824219
2517,1end0.53_8.57_-4.18_41.18_23.28_5.71_33.63_-29.00_2.31_0.4993_0.3751_-0.4315_-0.6511end0.51_8.50_-4.25_40.85_22.27_5.93_33.63_-29.00_2.31_0.5021_0.3746_-0.4262_-0.6526end,24.1293564,120.7289394,115.69999694824219
2518,,24.1293564,120.7289394,115.69999694824219
2519,,24.1293564,120.7289394,115.69999694824219
2520,,24.1293564,120.7289394,115.69999694824219
2521,,24.1293564,120.7289394,115.69999694824219
2522,0.55_8.54_-4.26_40.85_22.27_5.93_33.63_-29.00_2.31_0.5030_0.3745_-0.4245_-0.6531end0.60_8.53_-4.37_40.85_22.27_5.93_33.63_-29.00_2.31_0.5030_0.3745_-0.4245_-0.6531end0.60_8.53_-4.37_40.40_18.69_6.15_33.63_-29.00_2.31_0.5046_0.3740_-0.4212_-0.6542end0.68_8.53_-4.42_40.40_18.69_6.15_33.63_-29.00_2.31_0.5054_0.3737_-0.4196_-0.6548end0.72_8.48_-4.52_40.40_18.69_6.15_32.88_-28.31_2.37_0.5054_0.3737_-0.4196_-0.6548end0.72_8.48_-4.52_38.61_10.30_6.94_32.88_-28.31_2.37_0.5062_0.3734_-0.4180_-0.6555end0.70_8.40_-4.78_38.61_10.30_6.94_32.88_-28.31_2.37_0.5075_0.3726_-0.4150_-0.6568end0.72_8.44_-4.91_38.61_10.30_6.94_32.88_-28.31_2.37_0.5087_0.3716_-0.4122_-0.658,24.1293564,120.7289394,115.69999694824219
2523,2end0.73_8.36_-4.98_38.05_4.81_7.61_32.88_-28.31_2.37_0.5087_0.3716_-0.4122_-0.6582end0.74_8.42_-4.98_37.82_3.69_7.72_32.88_-28.31_2.37_0.5101_0.3699_-0.4083_-0.6605end,24.1293564,120.7289394,115.69999694824219
2524,,24.1293564,120.7289394,115.69999694824219
2525,,24.1293564,120.7289394,115.69999694824219
2526,,24.1293564,120.7289394,115.69999694824219
2527,,24.1293564,120.7289394,115.69999694824219
2528,,24.1293564,120.7289394,115.69999694824219
2529,0.75_8.40_-4.98_37.82_3.69_7.72_32.88_-28.31_2.37_0.5106_0.3692_-0.4070_-0.6613end0.75_8.40_-4.98_37.82_3.69_7.72_32.13_-28.62_5.56_0.5106_0.3692_-0.4070_-0.6613end0.86_8.39_-4.96_37.82_3.69_7.72_32.13_-28.62_5.56_0.5116_0.3668_-0.4036_-0.6639end1.02_8.35_-5.18_37.82_3.69_7.72_32.13_-28.62_5.56_0.5118_0.3659_-0.4026_-0.6649end1.11_8.35_-5.33_37.82_3.69_7.72_32.13_-28.62_5.56_0.5118_0.3659_-0.4026_-0.6649end1.17_8.30_-5.45_34.80_-9.40_7.61_32.13_-28.62_5.56_0.5118_0.3659_-0.4026_-0.6649end1.17_8.30_-5.45_34.80_-9.40_7.61_32.13_-28.62_5.56_0.5124_0.3632_-0.3998_-0.6677end1.17_8.30_-5.45_34.80_-9.40_7.61_32.50_-27.94_5.12_0.5128_0.3615_-0.3978_-0.6694end1,24.1293564,120.7289394,115.69999694824219
2530,.53_8.34_-6.02_34.80_-9.40_7.61_32.50_-27.94_5.12_0.5131_0.3608_-0.3968_-0.6702end1.74_8.29_-6.07_34.80_-9.40_7.61_32.50_-27.94_5.12_0.5131_0.3608_-0.3968_-0.6702end,24.1293564,120.7289394,115.69999694824219
2531,,24.1293564,120.7289394,115.69999694824219
2532,,24.1293564,120.7289394,115.69999694824219
2533,,24.1293564,120.7289394,115.69999694824219
2534,,24.1293564,120.7289394,115.69999694824219
2535,,24.1293564,120.7289394,115.69999694824219
2536,1.76_8.30_-5.95_32.34_10.74_6.04_32.88_-27.94_6.06_0.5131_0.3608_-0.3968_-0.6702end1.76_8.30_-5.95_32.34_10.74_6.04_32.88_-27.94_6.06_0.5151_0.3593_-0.3917_-0.6724end1.48_8.31_-5.45_32.34_10.74_6.04_32.50_-28.94_6.06_0.5156_0.3591_-0.3904_-0.6729end1.48_8.31_-5.45_32.34_10.74_6.04_31.75_-28.62_4.69_0.5156_0.3591_-0.3904_-0.6729end1.36_8.29_-5.34_32.34_10.74_6.04_31.75_-28.62_4.69_0.5161_0.3587_-0.3892_-0.6735end1.36_8.29_-5.34_32.34_10.74_6.04_31.75_-28.62_4.69_0.5173_0.3575_-0.3856_-0.6752end1.47_8.25_-5.26_32.34_10.74_6.04_31.75_-28.62_4.69_0.5178_0.3570_-0.3846_-0.6757end1.71_8.23_-5.24_32.34_10.74_6.04_31.75_-28.62_4.69_0.5178_0.3570_-0.3846_-0.6757end1.78_8.25_-5.27_29.32_-6.15_4.48_31.75_-28.62_4.69_0.5178_0.3570_-0.3846_-0.6757end1.82_8.23_-5.24_29.88_-10.18_4.59_32.50_-28.62_6.50_0.5178_0.3570_-0.3846_-0.6757end,24.1293564,120.7289394,115.69999694824219
2537,,24.1293564,120.7289394,115.69999694824219
2538,,24.1293564,120.7289394,115.69999694824219
2539,,24.1293564,120.7289394,115.69999694824219
2540,,24.1293564,120.7289394,115.69999694824219
2541,,24.1293564,120.7289394,115.69999694824219
2542,,24.1293564,120.7289394,115.69999694824219
2543,,24.1293564,120.7289394,115.69999694824219
2544,,24.1293564,120.7289394,115.69999694824219
2545,1.80_8.23_-5.25_29.10_-12.98_5.04_32.50_-28.62_6.50_0.5187_0.3529_-0.3806_-0.6793end1.73_8.20_-5.18_29.10_-12.98_5.04_32.50_-28.62_6.50_0.5189_0.3519_-0.3800_-0.6802end1.77_8.21_-5.03_29.10_-12.98_5.04_32.50_-28.62_6.50_0.5189_0.3519_-0.3800_-0.6802end1.86_8.19_-5.02_29.10_-12.98_5.04_33.25_-28.19_8.81_0.5189_0.3519_-0.3800_-0.6802end1.92_8.23_-5.05_29.10_-12.98_5.04_33.25_-28.19_8.81_0.5195_0.3483_-0.3772_-0.6830end1.98_8.14_-5.18_29.10_-12.98_5.04_31.44_-28.94_8.31_0.5198_0.3475_-0.3765_-0.6837end1.93_8.12_-5.30_29.10_-12.98_5.04_32.19_-28.56_8.31_0.5200_0.3466_-0.3758_-0.6843end1.90_8.15_-5.34_26.86_-8.73_2.24_32.19_-28.56_8.31_0.5200_0.3466_-0.3758_-0.6843end1.74_8.11_-5.43_26.86_-8.73_2.24_32.19_-28.56_8.31_0.5206_0.3441_-0.3738_-0.6862end1.73_8.13_-5.49_26.75_-10.18_1.45_32.19_-28.94_6.44_0.5206_0.3441_-0.3738_-0.6862end,24.1293564,120.7289394,115.69999694824219
2546,,24.1293564,120.7289394,115.69999694824219
2547,,24.1293564,120.7289394,115.69999694824219
2548,,24.1293564,120.7289394,115.69999694824219
2549,,24.1293564,120.7289394,115.69999694824219
2550,1.73_8.13_-5.49_26.75_-10.18_1.45_32.19_-28.94_6.44_0.5210_0.3422_-0.3726_-0.6875end1.59_8.13_-5.58_26.75_-10.18_1.45_31.44_-28.25_7.87_0.5210_0.3422_-0.3726_-0.6875end1.57_8.04_-5.71_26.75_-10.18_1.45_32.19_-27.94_6.94_0.5210_0.3422_-0.3726_-0.6875end1.61_8.05_-5.68_25.96_-21.37_0.34_32.19_-27.94_6.94_0.5210_0.3422_-0.3726_-0.6875end1.62_8.02_-5.79_25.96_-21.37_0.34_31.06_-28.25_6.94_0.5213_0.3376_-0.3710_-0.6904end1.62_8.02_-5.79_25.96_-21.37_0.34_31.06_-28.25_6.94_0.5211_0.3348_-0.3707_-0.6920end1.77_8.00_-5.94_25.96_-21.37_0.34_31.06_-28.25_6.94_0.5211_0.3348_-0.3707_-0.6920end1.80_7.94_-6.02_24.62_-37.15_-0.67_31.06_-28.25_6.94_0.5211_0.3348_-0.37,24.1293564,120.7289394,115.69999694824219
2551,07_-0.6920end1.87_7.58_-6.11_24.62_-37.15_-0.67_32.56_-27.87_7.94_0.5205_0.3298_-0.3709_-0.6948end1.87_7.58_-6.11_24.62_-37.15_-0.67_32.56_-27.87_7.94_0.5200_0.3261_-0.3713_-0.6967end,24.1293564,120.7289394,115.69999694824219
2552,,24.1293564,120.7289394,115.69999694824219
2553,,24.1293564,120.7289394,115.69999694824219
2554,,24.1293564,120.7289394,115.69999694824219
2555,,24.1293564,120.7289394,115.69999694824219
2556,,24.1293564,120.7289394,115.69999694824219
2557,,24.1293564,120.7289394,115.69999694824219
2558,1.89_7.45_-6.36_24.62_-37.15_-0.67_31.44_-28.94_6.94_0.5197_0.3243_-0.3715_-0.6977end1.43_0.61_-6.39_24.62_-37.15_-0.67_32.19_-28.25_6.94_0.5197_0.3243_-0.3715_-0.6977end1.43_0.61_-6.39_21.93_-43.20_-2.46_32.19_-28.25_6.94_0.5193_0.3224_-0.3718_-0.6986end1.43_0.61_-6.39_22.38_-57.52_-4.25_32.19_-28.25_6.94_0.5193_0.3224_-0.3718_-0.6986end1.43_0.61_-6.39_29.21_-62.22_-3.13_32.19_-28.25_6.94_0.5183_0.3165_-0.3730_-0.7014end1.68_7.79_-6.70_29.21_-62.22_-3.13_32.19_-28.25_6.94_0.5178_0.3140_-0.3737_-0.7026end1.68_7.79_-6.70_29.21_-62.22_-3.13_32.19_-28.25_6.94_0.5160_0.3065_-0.3760_-0.7060end2.23_7.94_-5.34_29.21_-62.22_-3.13_32.19_-28.25_6.94_0.5156_0.3044_-0.3767_-0.7068end2.81_7.99_-6.98_29.21_-62.22_-3.13_32.19_-28.25_6.94_0.5156_0.3044_-0.3767_-0.7068end2.46_7.89_-6.66_18.24_-67.81_-6.94_32.19_-28.25_6.94_0.5156_0.3044_-0.3767_-0.7068end,24.1293564,120.7289394,115.69999694824219
2559,,24.1293564,120.7289394,115.69999694824219
2560,,24.1293564,120.7289394,115.69999694824219
2561,,24.1293564,120.7289394,115.69999694824219
2562,,24.1293564,120.7289394,115.69999694824219
2563,,24.1293564,120.7289394,115.69999694824219
2564,,24.1293564,120.7289394,115.69999694824219
2565,,24.1293564,120.7289394,115.69999694824219
2566,2.46_7.89_-6.66_18.80_-78.33_-7.05_32.19_-28.25_6.94_0.5139_0.2971_-0.3793_-0.7098end2.46_7.89_-6.66_18.80_-78.33_-7.05_32.19_-28.25_6.94_0.5123_0.2911_-0.3817_-0.7122end1.82_7.88_-6.70_18.80_-78.33_-7.05_32.19_-28.25_6.94_0.5123_0.2911_-0.3817_-0.7122end1.94_7.90_-6.43_17.57_-65.58_-10.85_32.19_-28.25_6.94_0.5123_0.2911_-0.3817_-0.7122end1.93_7.90_-6.30_17.57_-65.58_-10.85_32.19_-28.25_6.94_0.5104_0.2829_-0.3848_-0.7151end1.93_7.90_-6.30_17.57_-65.58_-10.85_32.19_-28.25_6.94_0.5093_0.2773_-0.3870_-0.7169end2.01_7.86_-6.36_17.57_-65.58_-10.85_32.19_-28.25_6.94_0.5093_0.2773_-0.3870_-0.7169end1.99_7.77_-6.32_17.57_-65.58_-10.85_33.63_-27.62_4.25_0.5093_0.2773_-0.3870_-0.7169end1.80_7.79_-6.30_15.33_-69.49_-14.44_33.63_-27.62_4.25_0.5073_0.2687_-0.3906_-0.7197end1.59_7.81_-6.20_15.33_-69.49_-14.44_33.63_-27.62_4.25_0.5062_0.2631_-0.3929_-0.7213end,24.1293564,120.7289394,115.69999694824219
2567,,24.1293564,120.7289394,115.69999694824219
2568,,24.1293564,120.7289394,115.69999694824219
2569,,24.1293564,120.7289394,115.69999694824219
2570,,24.1293564,120.7289394,115.69999694824219
2571,,24.1293564,120.7289394,115.69999694824219
2572,,24.1293564,120.7289394,115.69999694824219
2573,1.44_7.77_-6.09_15.33_-69.49_-14.44_33.63_-27.62_4.25_0.5058_0.2606_-0.3939_-0.7219end1.16_7.81_-5.75_15.33_-69.49_-14.44_33.63_-27.62_4.25_0.5058_0.2606_-0.3939_-0.7219end1.09_7.82_-5.52_16.00_-42.19_-17.57_33.63_-27.62_4.25_0.5058_0.2606_-0.3939_-0.7219end1.09_7.82_-5.52_16.34_-22.38_-18.46_33.63_-27.62_4.25_0.5059_0.2526_-0.3,24.1293564,120.7289394,115.69999694824219
2574,960_-0.7235end0.50_7.77_-4.92_16.34_-22.38_-18.46_33.63_-27.62_4.25_0.5063_0.2513_-0.3960_-0.7236end-0.07_7.79_-4.77_15.78_-2.69_-19.36_33.63_-27.62_4.25_0.5063_0.2513_-0.3960_-0.7236end-0.07_7.79_-4.77_15.67_5.71_-19.47_33.25_-26.56_4.25_0.5063_0.2513_-0.3960_-0.7236end-0.07_7.79_-4.77_15.67_5.71_-19.47_33.25_-26.56_4.25_0.5098_0.2492_-0.3942_-0.7230end-1.28_7.76_-4.71_15.67_5.71_-19.47_33.25_-26.56_4.25_0.5110_0.2493_-0.3933_-0.7225end-1.77_7.78_-4.77_15.67_5.71_-19.47_33.25_-26.56_4.25_0.5110_0.2493_-0.3933_-0.7225end,24.1293564,120.7289394,115.69999694824219
2575,,24.1293564,120.7289394,115.69999694824219
2576,,24.1293564,120.7289394,115.69999694824219
2577,,24.1293564,120.7289394,115.69999694824219
2578,,24.1293564,120.7289394,115.69999694824219
2579,,24.1293564,120.7289394,115.69999694824219
2580,-2.00_7.75_-4.82_16.67_34.47_-18.91_34.00_-27.25_2.87_0.5110_0.2493_-0.3933_-0.7225end-2.00_7.75_-4.82_16.90_33.12_-18.58_34.00_-27.25_2.87_0.5150_0.2502_-0.3900_-0.7212end-2.00_7.75_-4.82_16.90_33.12_-18.58_34.00_-26.56_4.25_0.5176_0.2508_-0.3878_-0.7203end-2.95_7.77_-4.81_16.90_33.12_-18.58_34.00_-26.56_4.25_0.5189_0.2510_-0.3867_-0.7199end-2.95_7.77_-4.81_18.46_22.60_-16.11_34.00_-26.56_4.25_0.5189_0.2510_-0.3867_-0.7199end-3.12_7.77_-4.79_18.46_22.60_-16.11_34.00_-26.56_4.25_0.5189_0.2510_-0.3867_-0.7199end-3.48_7.79_-4.81_18.46_22.60_-16.11_34.31_-25.88_4.75_0.5189_0.2510_-0.3867_-0.7199end-3.97_7.78_-4.67_18.46_22.60_-16.11_34.31_-25.88_4.75_0.5235_0.2500_-0.3824_-0.7192end-4.12_7.81_-4.66_19.92_2.24_-10.97_34.31_-25.88_4.75_0.5241_0.2495_-0.3817_-0.7192end-4.40_7.78_-4.71_19.92_2.24_-10.97_34.00_-25.50_5.19_0.5241_0.2495_-0.3817_-0.7192end,24.1293564,120.7289394,115.69999694824219
2581,,24.1293564,120.7289394,115.69999694824219
2582,,24.1293564,120.7289394,115.69999694824219
2583,,24.1293564,120.7289394,115.69999694824219
2584,,24.1293564,120.7289394,115.69999694824219
2585,,24.1293564,120.7289394,115.69999694824219
2586,,24.1293564,120.7289394,115.69999694824219
2587,-4.54_7.77_-4.70_19.92_-5.60_-7.27_33.63_-26.50_6.50_0.5241_0.2495_-0.3817_-0.7192end-4.54_7.77_-4.70_20.03_-9.40_-6.15_33.63_-26.50_6.50_0.5256_0.2475_-0.3801_-0.7198end-4.77_7.77_-4.79_20.03_-9.40_-6.15_34.38_-25.50_5.19_0.5261_0.2457_-0.3793_-0.7204end-4.77_7.77_-4.79_20.03_-9.40_-6.15_35.06_-25.19_4.31_0.5261_0.2446_-0.3791_-0.7209end-4.75_7.89_-5.08_20.03_-9.40_-6.15_35.06_-25.19_4.31_0.5261_0.2446_-0.3791_-0.7209end-4.57_8.00_-5.43_20.03_-9.40_-6.15_35.44_-25.50_4.31_0.5254_0.2400_-0.3792_-0.7228end-4.52_8.23_-5.73_21.04_-47.56_-0.45_34.69_-25.19_5.19_0.5254_0.2400_-0.3792_-0.7228end-4.24_10.17_-6.29_21.04_-47.56_-0.45_34.69_-25.19_5.19_0.5249_0.2381_-0.3796_-0.7237end-3.88_18.98_-7.33_21.04_-47.56_-0.45_35.06_-25.50_6.12_0.5249_0.2381_-0.3796_-0.7237end-3.88_18.98_-7.33_20.48_-61.21_-0.90_35.06_-25.50_6.12_0.5229_0.2314_-0.3812_-0.7264end,24.1293564,120.7289394,115.69999694824219
2588,,24.1293564,120.7289394,115.69999694824219
2589,,24.1293564,120.7289394,115.69999694824219
2590,,24.1293564,120.7289394,115.69999694824219
2591,,24.1293564,120.7289394,115.69999694824219
2592,,24.1293564,120.7289394,115.69999694824219
2593,,24.1293564,120.7289394,115.69999694824219
2594,-3.70_17.80_-8.75_20.48_-61.21_-0.90_35.06_-25.50_6.12_0.5221_0.2289_-0.3819_-0.7274end-3.70_17.80_-8.75_20.14_-70.84_3.13_35.06_-25.19_5.69_0.5211_0.2263_-0.3828_-0.7285end-2.08_23.39_-6.85_19.02_-70.16_6.71_35.06_-25.19_5.69_0.5187_0.2213_-0.3846_-0.7308end-2.14_23.72_-7.54_19.02_-70.16_6.71_35.06_-25.19_5.69_0.5187_0.2213_-0.3846_-0.7308end-2.44_23.77_-7.93_19.02_-70.16_6.71_35.44_-25.50_4.31_0.5165_0.2177_-0.3857_-0.7328end-2.88_23.81_-8.22_9.85_-18.80_11.64_35.44_-25.50_4.31_0.5153_0.2162_-0.3857_-0.7342end-2.60_23.50_-7.33_9.85_-18.80_11.64_35.44_-25.50_4.31_0.5148_0.2159_-0.3854_-0.7347end-2.66_22.92_-6.98_9.51_-19.81_13.20_35.44_-25.50_4.31_0.5148_0.2159_-0.3854_-0.7347end-2.70_21.67_-6.17_9.51_-19.81_13.20_35.44_-25.50_4.31_0.5124_0.2134_-0.3857_-0.7370end-3.00_21.18_-6.02_9.51_-19.81_13.20_34.38_-25.88_2.87_0.5111_0.2120_-0.3863_-0.7380end,24.1293564,120.7289394,115.69999694824219
2595,,24.1293564,120.7289394,115.69999694824219
2596,,24.1293564,120.7289394,115.69999694824219
2597,,24.1293564,120.7289394,115.69999694824219
2598,,24.1293564,120.7289394,115.69999694824219
2599,,24.1293564,120.7289394,115.69999694824219
2600,,24.1293564,120.7289394,115.69999694824219
2601,-3.10_20.54_-6.02_9.51_-19.81_13.20_34.38_-25.88_2.87_0.5097_0.2106_-0.3870_-0.7390end-3.16_19.10_-6.20_9.51_-19.81_13.20_35.75_-25.88_3.31_0.5097_0.2106_-0.3870_-0.7390end-2.99_18.78_-6.28_1.12_-49.69_19.92_35.75_-25.88_3.31_0.5097_0.2106_-0.3870_-0.7390end-2.99_18.78_-6.28_1.12_-49.69_19.92_35.75_-25.88_3.31_0.5038_0.2053_-0.3903_-0.7428end-2.70_17.88_-6.63_1.12_-49.69_19.92_35.75_-25.88_3.31_0.5022_0.2041_-0.3913_-0.7437end-2.70_17.88_-6.63_1.12_-49.69_19.92_34.63_-27.94_2.87_0.5005_0.2028_-0.3923_-0.7446end-2.72_17.18_-6.65_1.12_-49.69_19.92_34.63_-27.94_2.87_0.4987_0.2016_-0.3935_-0.7455end-2.46_16.09_-6.30_1.12_-49.69_19.92_34.63_-27.94_2.87_0.4987_0.2016_-0.3935_-0.7455end-2.46_16.09_-6.30_1.12_-49.69_19.92_34.63_-27.94_2.87_0.4932_0.1985_-0.3975_-0.7479end-2.07_14.94_-6.30_1.12_-49.69_19.92_34.63_-27.94_2.87_0.4913_0.1977_-0.3989_-0.7486end,24.1293564,120.7289394,115.69999694824219
2602,,24.1293564,120.7289394,115.69999694824219
2603,,24.1293564,120.7289394,115.69999694824219
2604,,24.1293564,120.7289394,115.69999694824219
2605,,24.1293564,120.7289394,115.69999694824219
2606,,24.1293564,120.7289394,115.69999694824219
2607,,24.1293564,120.7289394,115.69999694824219
2608,-2.27_14.09_-7.50_1.12_-49.69_19.92_34.63_-27.94_2.87_0.4894_0.1971_-0.4004_-0.7492end-2.14_13.68_-8.12_-27.42_-38.94_27.42_34.63_-27.94_2.87_0.4894_0.1971_-0.4004_-0.7492end-2.18_13.21_-8.55_-27.42_-38.94_27.42_34.63_-27.94_2.87_0.4843_0.1969_-0.4047_-0.7503end-1.83_12.38_-7.68_-27.42_-38.94_27.42_34.63_-27.94_2.87_0.4827_0.1973_-0.4060_-0.7505end-1.72_12.21_-7.23_-27.42_-38.94_27.42_33.63_-27.31_1.94_0.4811_0.1979_-0.4073_-0.7506end-2.06_12.10_-6.66_-41.07_-21.60_28.20_33.63_-27.31_1.94_0.4811_0.1979_-0.4073_-0.7506end-2.06_12.10_-6.66_-41.07_-21.60_28.20_33.63_-27.31_1.94_0.4761_0.2000_-0.4123_-0.7506end-2.36_11.05_-7.05_-41.07_-21.60_28.20_33.63_-2,24.1293564,120.7289394,115.69999694824219
2609,7.31_1.94_0.4742_0.2007_-0.4144_-0.7504end-1.80_10.32_-7.68_-41.07_-21.60_28.20_33.63_-27.31_1.94_0.4742_0.2007_-0.4144_-0.7504end-1.80_10.32_-7.68_-65.24_-32.01_28.54_32.88_-28.00_0.06_0.4742_0.2007_-0.4144_-0.7504end,24.1293564,120.7289394,115.69999694824219
2610,,24.1293564,120.7289394,115.69999694824219
2611,,24.1293564,120.7289394,115.69999694824219
2612,,24.1293564,120.7289394,115.69999694824219
2613,,24.1293564,120.7289394,115.69999694824219
2614,,24.1293564,120.7289394,115.69999694824219
2615,,24.1293564,120.7289394,115.69999694824219
2616,-1.50_9.63_-8.02_-65.24_-32.01_28.54_32.88_-28.00_0.06_0.4681_0.2032_-0.4217_-0.7495end-1.50_9.63_-8.02_-73.19_-44.65_29.66_33.19_-28.75_-2.25_0.4681_0.2032_-0.4217_-0.7495end-1.50_9.63_-8.02_-81.80_-52.82_29.99_33.19_-28.75_-2.25_0.4606_0.2050_-0.4311_-0.7483end-1.39_8.19_-6.55_-81.80_-52.82_29.99_33.19_-28.75_-2.69_0.4606_0.2050_-0.4311_-0.7483end-0.88_7.51_-6.53_-92.21_-55.51_29.66_33.19_-28.75_-2.69_0.4551_0.2061_-0.4384_-0.7471end-0.88_7.51_-6.53_-92.21_-55.51_29.66_33.19_-28.75_-2.69_0.4522_0.2067_-0.4424_-0.7463end-0.88_7.51_-6.53_-92.21_-55.51_29.66_32.06_-28.44_-4.56_0.4463_0.2081_-0.4507_-0.7446end-0.34_6.01_-6.27_-92.21_-55.51_29.66_32.06_-28.44_-4.56_0.4432_0.2090_-0.4551_-0.7435end-0.26_5.71_-5.87_-114.26_-53.83_28.87_32.06_-28.44_-4.56_0.4432_0.2090_-0.4551_-0.7435end-0.19_5.54_-5.63_-119.18_-50.69_28.65_32.06_-28.44_-4.56_0.4432_0.2090_-0.4551_-0.7435end,24.1293564,120.7289394,115.69999694824219
2617,,24.1293564,120.7289394,115.69999694824219
2618,,24.1293564,120.7289394,115.69999694824219
2619,,24.1293564,120.7289394,115.69999694824219
2620,,24.1293564,120.7289394,115.69999694824219
2621,,24.1293564,120.7289394,115.69999694824219
2622,,24.1293564,120.7289394,115.69999694824219
2623,-0.19_5.54_-5.63_-119.18_-50.69_28.65_32.44_-28.50_-8.25_0.4312_0.2139_-0.4735_-0.7377end0.30_5.02_-4.96_-119.18_-50.69_28.65_32.44_-28.50_-8.25_0.4281_0.2155_-0.4783_-0.7359end0.33_4.55_-4.71_-119.18_-50.69_28.65_32.44_-28.50_-8.25_0.4281_0.2155_-0.4783_-0.7359end0.33_4.55_-4.71_-119.18_-50.69_28.65_31.69_-28.19_-8.75_0.4188_0.2206_-0.4935_-0.7297end0.59_4.18_-3.64_-119.18_-50.69_28.65_31.69_-28.19_-8.75_0.4157_0.2225_-0.4985_-0.7274end0.64_4.16_-3.30_-119.18_-50.69_28.65_32.06_-28.50_-9.19_0.4157_0.2225_-0.4985_-0.7274end0.64_4.16_-3.30_-150.29_-36.03_25.29_32.06_-28.50_-9.19_0.4096_0.2269_-0.5090_-0.7223end0.70_3.96_-2.55_-156.11_-26.41_24.51_32.06_,24.1293564,120.7289394,115.69999694824219
2624,-28.50_-9.19_0.4096_0.2269_-0.5090_-0.7223end0.70_3.91_-2.07_-156.11_-26.41_24.51_32.06_-28.50_-9.19_0.4012_0.2349_-0.5244_-0.7134end0.65_3.86_-1.81_-156.11_-26.41_24.51_30.56_-27.50_-9.63_0.4012_0.2349_-0.5244_-0.7134end,24.1293564,120.7289394,115.69999694824219
2625,,24.1293564,120.7289394,115.69999694824219
2626,,24.1293564,120.7289394,115.69999694824219
2627,,24.1293564,120.7289394,115.69999694824219
2628,,24.1293564,120.7289394,115.69999694824219
2629,,24.1293564,120.7289394,115.69999694824219
2630,,24.1293564,120.7289394,115.69999694824219
2631,0.64_3.82_-1.36_-156.11_-26.41_24.51_30.56_-27.50_-9.63_0.3964_0.2415_-0.5342_-0.7066end0.64_3.82_-1.36_-168.87_10.74_19.70_30.56_-27.50_-9.63_0.3964_0.2415_-0.5342_-0.7066end0.35_3.72_-0.62_-168.87_10.74_19.70_30.56_-27.50_-9.63_0.3964_0.2415_-0.5342_-0.7066end0.35_3.72_-0.62_-168.87_10.74_19.70_30.56_-27.50_-9.63_0.3884_0.2574_-0.5533_-0.6904end-0.23_3.54_0.04_-168.87_10.74_19.70_30.56_-27.50_-9.63_0.3884_0.2574_-0.5533_-0.6904end-0.34_3.55_0.25_-168.87_10.74_19.70_30.94_-26.19_-12.81_0.3840_0.2710_-0.5666_-0.6768end-0.43_3.58_0.39_-168.87_10.74_19.70_30.56_-26.56_-15.13_0.3828_0.2759_-0.5710_-0.6718end-0.60_3.64_0.68_-180.17_52.60_12.09_30.56_-26.56,24.1293564,120.7289394,115.69999694824219
2632,_-15.13_0.3828_0.2759_-0.5710_-0.6718end-0.91_3.84_1.16_-180.95_53.49_11.97_31.31_-26.56_-15.63_0.3828_0.2759_-0.5710_-0.6718end-0.91_3.84_1.16_-181.18_52.37_11.30_31.31_-26.56_-15.63_0.3791_0.2907_-0.5838_-0.6565end,24.1293564,120.7289394,115.69999694824219
2633,,24.1293564,120.7289394,115.69999694824219
2634,,24.1293564,120.7289394,115.69999694824219
2635,,24.1293564,120.7289394,115.69999694824219
2636,,24.1293564,120.7289394,115.69999694824219
2637,,24.1293564,120.7289394,115.69999694824219
2638,-0.91_3.84_1.16_-181.85_50.36_11.64_31.31_-26.56_-15.63_0.3763_0.3000_-0.5920_-0.6464end-1.57_4.36_2.05_-181.85_50.36_11.64_31.31_-26.56_-15.63_0.3749_0.3049_-0.5964_-0.6409end-1.84_4.43_2.12_-181.29_43.42_12.20_31.31_-26.56_-15.63_0.3749_0.3049_-0.5964_-0.6409end-1.84_4.43_2.12_-181.29_43.42_12.20_31.31_-26.56_-15.63_0.3701_0.3,24.1293564,120.7289394,115.69999694824219
2639,184_-0.6088_-0.6253end-2.06_4.48_2.57_-181.29_43.42_12.20_31.62_-24.56_-18.81_0.3682_0.3229_-0.6131_-0.6199end-1.76_4.39_2.79_-181.29_43.42_12.20_31.62_-24.56_-18.81_0.3663_0.3270_-0.6172_-0.6148end-1.76_4.35_2.82_-176.70_23.84_13.99_31.62_-24.56_-18.81_0.3663_0.3270_-0.6172_-0.6148end-1.76_4.35_2.82_-176.70_23.84_13.99_32.38_-2,24.1293564,120.7289394,115.69999694824219
2640,,24.1293564,120.7289394,115.69999694824219
2641,,24.1293564,120.7289394,115.69999694824219
2642,3.25_-19.62_0.3593_0.3386_-0.6296_-0.5998end-1.72_4.41_2.63_-176.70_23.84_13.99_32.38_-23.25_-19.62_0.3568_0.3422_-0.6337_-0.5951end-1.64_4.48_2.56_-176.70_23.84_13.99_31.31_-22.56_-19.19_0.3568_0.3422_-0.6337_-0.5951end,24.1293564,120.7289394,115.69999694824219
2643,,24.1293564,120.7289394,115.69999694824219
2644,,24.1293564,120.7289394,115.69999694824219
2645,,24.1293564,120.7289394,115.69999694824219
2646,-1.30_4.78_2.54_-176.70_23.84_13.99_31.31_-22.56_-19.19_0.3568_0.3422_-0.6337_-0.5951end-1.24_5.11_3.75_-163.16_10.07_20.25_31.31_-22.56_-19.19_0.3488_0.3526_-0.6452_-0.5812end-1.24_5.11_3.75_-163.16_10.07_20.25_31.31_-22.56_-19.19_0.3432_0.3593_-0.6525_-0.5721end-0.70_5.61_4.44_-163.16_10.07_20.25_31.31_-22.56_-19.19_0.3405_0.3625_-0.6561_-0.5677end-0.64_5.67_3.87_-160.25_9.06_22.27_31.62_-21.56_-22.37_0.3405_0.3625_-0.6561_-0.5677end-0.50_5.62_3.46_-158.35_10.97_23.05_31.62_-21.56_-22.37_0.3405_0.3625_-0.6561_-0.5677end-0.23_5.27_2.50_-156.22_15.00_24.06_31.62_-21.56_-22.37_0.3297_0.3760_-0.6694_-0.5495end-0.46_5.20_2.48_-156.22_15.00_24.06_31.62_-21,24.1293564,120.7289394,115.69999694824219
2647,.56_-22.37_0.3272_0.3795_-0.6722_-0.5450end-0.68_5.06_2.75_-156.22_15.00_24.06_31.62_-21.56_-22.37_0.3272_0.3795_-0.6722_-0.5450end-0.78_5.14_2.97_-144.13_35.47_26.63_31.62_-21.56_-22.37_0.3272_0.3795_-0.6722_-0.5450end,24.1293564,120.7289394,115.69999694824219
2648,,24.1293564,120.7289394,115.69999694824219
2649,,24.1293564,120.7289394,115.69999694824219
2650,,24.1293564,120.7289394,115.69999694824219
2651,,24.1293564,120.7289394,115.69999694824219
2652,,24.1293564,120.7289394,115.69999694824219
2653,-0.78_5.14_2.97_-144.13_35.47_26.63_32.00_-19.81_-22.37_0.3192_0.3945_-0.6822_-0.5264end-0.41_5.49_2.80_-144.13_35.47_26.63_32.00_-19.81_-22.37_0.3192_0.3945_-0.6822_-0.5264end-0.41_5.49_2.80_-137.64_39.84_26.97_32.00_-18.81_-23.31_0.3192_0.3945_-0.6822_-0.5264end-0.26_5.31_2.25_-137.64_39.84_26.97_32.00_-18.81_-23.31_0.3192_0.3945_-0.6822_-0.5264end-0.33_5.06_1.99_-132.72_34.91_28.54_32.00_-18.81_-23.31_0.3120_0.4090_-0.6906_-0.5084end-0.33_5.06_1.99_-132.72_34.91_28.54_32.00_-18.81_-23.31_0.3082_0.4158_-0.6943_-0.5001end0.12_4.90_2.58_-132.72_34.91_28.54_32.00_-18.81_-23.31_0.3064_0.4193_-0.6961_-0.4957end0.30_4.86_2.86_-122.98_37.26_28.09_32.75_-18.12_-23.25_0.3064_0.4193_-0.6961_-0.4957end0.76_4.76_3.14_-122.98_37.26_28.09_32.75_-18.12_-23.25_0.3030_0.4260_-0.6994_-0.4874end0.82_4.72_3.04_-122.98_37.26_28.09_32.00_-17.44_-24.63_0.3030_0.4260_-0.6994_-0.4874end,24.1293564,120.7289394,115.69999694824219
2654,,24.1293564,120.7289394,115.69999694824219
2655,,24.1293564,120.7289394,115.69999694824219
2656,,24.1293564,120.7289394,115.69999694824219
2657,,24.1293564,120.7289394,115.69999694824219
2658,,24.1293564,120.7289394,115.69999694824219
2659,,24.1293564,120.7289394,115.69999694824219
2660,,24.1293564,120.7289394,115.69999694824219
2661,0.82_4.72_3.04_-122.98_37.26_28.09_32.00_-17.44_-24.63_0.2975_0.4355_-0.7040_-0.4755end1.14_4.41_2.66_-122.98_37.26_28.09_32.00_-17.44_-24.63_0.2975_0.4355_-0.7040_-0.4755end1.62_4.25_2.68_-122.98_37.26_28.09_32.00_-17.44_-24.63_0.2940_0.4415_-0.7068_-0.4680end1.87_4.21_2.75_-104.86_34.47_27.31_32.00_-17.44_-24.63_0.2940_0.4415_,24.1293564,120.7289394,115.69999694824219
2662,-0.7068_-0.4680end1.87_4.21_2.75_-104.86_34.47_27.31_32.00_-17.44_-24.63_0.2896_0.4504_-0.7102_-0.4570end2.22_4.39_2.92_-104.86_34.47_27.31_32.00_-17.44_-24.63_0.2883_0.4532_-0.7112_-0.4535end2.45_5.07_2.84_-104.86_34.47_27.31_32.00_-16.06_-24.63_0.2883_0.4532_-0.7112_-0.4535end2.45_5.07_2.84_-90.64_47.56_24.17_32.00_-16.06_-24.,24.1293564,120.7289394,115.69999694824219
2663,63_0.2863_0.4590_-0.7128_-0.4463end2.55_5.57_2.65_-87.51_53.27_23.39_32.00_-16.06_-24.63_0.2856_0.4619_-0.7135_-0.4427end2.55_5.57_2.65_-84.27_58.53_22.27_32.75_-15.75_-25.50_0.2856_0.4619_-0.7135_-0.4427end,24.1293564,120.7289394,115.69999694824219
2664,,24.1293564,120.7289394,115.69999694824219
2665,,24.1293564,120.7289394,115.69999694824219
2666,,24.1293564,120.7289394,115.69999694824219
2667,2.55_5.57_2.65_-84.27_58.53_22.27_32.75_-15.75_-25.50_0.2851_0.4706_-0.7146_-0.4319end2.65_5.82_2.48_-84.27_58.53_22.27_32.75_-15.75_-25.50_0.2853_0.4735_-0.7148_-0.4283end2.52_6.42_2.65_-84.27_58.53_22.27_31.31_-15.75_-25.00_0.2853_0.4735_-0.7148_-0.4283end2.52_6.42_2.65_-84.27_58.53_22.27_33.50_-15.06_-25.50_0.2863_0.4795_-0.7,24.1293564,120.7289394,115.69999694824219
2668,148_-0.4209end2.22_6.88_2.62_-84.27_58.53_22.27_33.50_-15.06_-25.50_0.2863_0.4795_-0.7148_-0.4209end2.15_6.79_2.37_-84.27_58.53_22.27_33.50_-15.06_-25.50_0.2883_0.4880_-0.7142_-0.4106end2.21_6.73_2.10_-53.49_70.05_19.47_33.50_-15.06_-25.50_0.2883_0.4880_-0.7142_-0.4106end2.21_6.73_2.10_-45.99_61.77_19.36_33.50_-15.06_-25.50_0.28,24.1293564,120.7289394,115.69999694824219
2669,97_0.4931_-0.7136_-0.4046end2.21_6.73_2.10_-45.99_61.77_19.36_33.50_-15.06_-25.50_0.2908_0.4979_-0.7128_-0.3992end1.51_6.52_2.54_-45.99_61.77_19.36_33.50_-15.06_-25.50_0.2908_0.4979_-0.7128_-0.3992end,24.1293564,120.7289394,115.69999694824219
2670,,24.1293564,120.7289394,115.69999694824219
2671,,24.1293564,120.7289394,115.69999694824219
2672,,24.1293564,120.7289394,115.69999694824219
2673,,24.1293564,120.7289394,115.69999694824219
2674,,24.1293564,120.7289394,115.69999694824219
2675,1.71_6.61_2.29_-36.26_38.05_21.37_33.50_-15.06_-25.50_0.2908_0.4979_-0.7128_-0.3992end1.77_6.55_2.04_-36.26_38.05_21.37_34.56_-15.38_-22.69_0.2908_0.4979_-0.7128_-0.3992end1.44_7.02_1.70_-36.26_38.05_21.37_34.56_-15.38_-22.69_0.2901_0.5065_-0.7114_-0.3915end1.44_7.02_1.70_-19.47_-0.56_27.75_34.56_-15.38_-22.69_0.2892_0.5078_-0.7111_-0.3910end1.59_7.27_1.61_-19.47_-0.56_27.75_33.88_-14.69_-23.62_0.2892_0.5078_-0.7111_-0.3910end1.59_7.27_1.61_-19.47_-0.56_27.75_33.88_-14.69_-23.62_0.2859_0.5107_-0.7102_-0.3911end2.17_7.57_1.05_-3.92_-23.50_32.90_33.88_-14.69_-23.62_0.2846_0.5115_-0.7098_-0.3917end2.37_7.94_0.78_0.78_-28.09_34.69_33.88_-14.69_-23.62_0.284,24.1293564,120.7289394,115.69999694824219
2676,6_0.5115_-0.7098_-0.3917end2.50_8.07_0.72_5.71_-31.22_35.70_33.88_-14.69_-22.69_0.2846_0.5115_-0.7098_-0.3917end2.50_8.07_0.72_5.71_-31.22_35.70_33.88_-14.69_-22.69_0.2788_0.5137_-0.7078_-0.3967end,24.1293564,120.7289394,115.69999694824219
2677,,24.1293564,120.7289394,115.69999694824219
2678,,24.1293564,120.7289394,115.69999694824219
2679,,24.1293564,120.7289394,115.69999694824219
2680,,24.1293564,120.7289394,115.69999694824219
2681,,24.1293564,120.7289394,115.69999694824219
2682,,24.1293564,120.7289394,115.69999694824219
2683,2.50_8.07_0.72_5.71_-31.22_35.70_33.88_-16.06_-22.25_0.2773_0.5140_-0.7072_-0.3984end3.49_8.55_0.11_5.71_-31.22_35.70_33.88_-16.06_-22.25_0.2759_0.5143_-0.7064_-0.4005end3.59_8.50_-0.07_29.21_-40.73_39.73_33.88_-16.06_-22.25_0.2759_0.5143_-0.7064_-0.4005end3.59_8.50_-0.07_29.21_-40.73_39.73_33.88_-16.06_-22.25_0.2724_0.5150_-0.7,24.1293564,120.7289394,115.69999694824219
2684,034_-0.4072end4.22_8.40_-0.30_29.21_-40.73_39.73_33.88_-16.06_-22.25_0.2724_0.5150_-0.7034_-0.4072end4.28_8.50_-0.30_48.90_-17.23_40.06_33.88_-16.06_-22.25_0.2724_0.5150_-0.7034_-0.4072end4.22_8.42_-0.19_54.72_-9.40_40.17_33.88_-16.06_-22.25_0.2724_0.5150_-0.7034_-0.4072end4.22_8.42_-0.19_54.72_-9.40_40.17_32.38_-17.44_-22.31_0.2725_0.5170_-0.6950_-0.4188end4.33_8.79_-0.68_54.72_-9.40_40.17_32.38_-17.44_-22.31_0.2736_0.5176_-0.6928_-0.4210end4.27_9.18_-0.62_74.75_17.01_39.95_32.38_-17.44_-22.31_0.2736_0.5176_-0.6928_-0.4210end,24.1293564,120.7289394,115.69999694824219
2685,,24.1293564,120.7289394,115.69999694824219
2686,,24.1293564,120.7289394,115.69999694824219
2687,,24.1293564,120.7289394,115.69999694824219
2688,,24.1293564,120.7289394,115.69999694824219
2689,,24.1293564,120.7289394,115.69999694824219
2690,4.32_9.27_-0.70_79.34_17.23_40.40_31.62_-18.50_-24.19_0.2736_0.5176_-0.6928_-0.4210end1.23_29.50_-3.20_84.82_14.32_40.40_31.62_-18.50_-24.19_0.2780_0.5194_-0.6852_-0.4282end1.23_29.50_-3.20_109.22_-264.77_56.62_31.62_-18.50_-24.19_0.2780_0.5162_-0.6805_-0.4395end-36.72_-7.70_5.21_109.22_-264.77_56.62_32.00_-18.81_-23.69_0.2780_0,24.1293564,120.7289394,115.69999694824219
2691,.5162_-0.6805_-0.4395end-36.72_-7.70_5.21_174.46_102.17_5.37_32.00_-18.81_-23.69_0.2760_0.5114_-0.6746_-0.4553end-10.72_13.74_28.15_174.46_102.17_5.37_32.00_-18.81_-23.69_0.2946_0.5202_-0.6693_-0.4412end7.33_12.21_27.98_174.46_102.17_5.37_32.00_-18.81_-23.69_0.3078_0.5271_-0.6670_-0.4272end13.17_2.44_-18.02_174.46_102.17_5.37_32.75_-19.44_-20.56_0.3078_0.5271_-0.6670_-0.4272end5.64_5.69_-1.83_28.09_-15.78_-28.65_32.75_-19.44_-20.56_0.3078_0.5271_-0.6670_-0.4272end5.64_5.69_-1.83_28.09_-15.78_-28.65_33.88_-19.06_-18.69_0.3150_0.5270_-0.6680_-0.4204end,24.1293564,120.7289394,115.69999694824219
2692,,24.1293564,120.7289394,115.69999694824219
2693,,24.1293564,120.7289394,115.69999694824219
2694,,24.1293564,120.7289394,115.69999694824219
2695,,24.1293564,120.7289394,115.69999694824219
2696,,24.1293564,120.7289394,115.69999694824219
2697,,24.1293564,120.7289394,115.69999694824219
2698,,24.1293564,120.7289394,115.69999694824219
2699,8.84_6.98_-14.34_28.09_-15.78_-28.65_33.88_-19.06_-18.69_0.3090_0.5230_-0.6693_-0.4279end4.67_5.83_-3.20_28.09_-15.78_-28.65_33.88_-19.06_-18.69_0.3090_0.5230_-0.6693_-0.4279end2.19_10.31_4.44_28.09_-15.78_-28.65_33.88_-19.06_-18.69_0.3078_0.5186_-0.6653_-0.4402end5.40_8.81_6.34_80.12_194.16_-5.37_33.13_-19.12_-19.56_0.3144_0.5205_-0.6614_-0.4390end0.63_11.97_17.52_90.98_234.33_-19.58_33.13_-19.12_-19.56_0.3144_0.5205_-0.6614_-0.4390end1.48_9.98_17.10_49.46_260.40_-32.34_33.50_-19.44_-18.19_0.3144_0.5205_-0.6614_-0.4390end-0.57_9.27_11.55_22.60_221.13_-29.43_33.50_-19.44_-18.19_0.3144_0.5205_-0.6614_-0.4390end0.46_8.96_8.38_14.44_170.77_-23.39_33.50_-19.44_-18.19_0.3510_0.5338_-0.6448_-0.4197end2.95_7.95_0.53_14.44_170.77_-23.39_33.50_-19.44_-18.19_0.3539_0.5350_-0.6434_-0.4177end-1.01_7.43_-2.70_14.44_170.77_-23.39_34.94_-19.37_-17.31_0.3539_0.5350_-0.6434_-0.4177end,24.1293564,120.7289394,115.69999694824219
2700,,24.1293564,120.7289394,115.69999694824219
2701,,24.1293564,120.7289394,115.69999694824219
2702,,24.1293564,120.7289394,115.69999694824219
2703,,24.1293564,120.7289394,115.69999694824219
2704,,24.1293564,120.7289394,115.69999694824219
2705,-0.38_7.29_-8.08_28.20_32.90_4.59_34.94_-19.37_-17.31_0.3539_0.5350_-0.6434_-0.4177end-0.38_7.29_-8.08_28.20_32.90_4.59_35.31_-19.37_-15.44_0.3583_0.5364_-0.6403_-0.4172end-0.38_7.29_-8.08_59.31_91.99_-9.18_35.31_-18.69_-15.44_0.3583_0.5364_-0.6403_-0.4172end-0.38_7.29_-8.08_59.31_91.99_-9.18_34.94_-20.37_-14.94_0.3640_0.5370_-0.6365_-0.4171end-1.53_8.82_3.64_59.31_91.99_-9.18_34.94_-20.37_-14.94_0.3640_0.5370_-0.6365_-0.4171end1.51_9.43_7.93_59.31_91.99_-9.18_34.94_-20.37_-14.94_0.3640_0.5370_-0.6365_-0.4171end-0.97_9.68_9.48_59.31_91.99_-9.18_34.94_-20.37_-14.94_0.3836_0.5378_-0.6252_-0.4157end0.60_9.57_10.31_40.29_65.24_-4.03_34.94_-20.37_-14.94_0.3,24.1293564,120.7289394,115.69999694824219
2706,836_0.5378_-0.6252_-0.4157end-1.37_9.08_6.55_40.29_65.24_-4.03_36.44_-19.69_-13.06_0.3917_0.5394_-0.6200_-0.4138end-0.53_8.87_4.22_18.13_87.06_-2.35_36.44_-19.69_-13.06_0.3917_0.5394_-0.6200_-0.4138end,24.1293564,120.7289394,115.69999694824219
2707,,24.1293564,120.7289394,115.69999694824219
2708,,24.1293564,120.7289394,115.69999694824219
2709,,24.1293564,120.7289394,115.69999694824219
2710,,24.1293564,120.7289394,115.69999694824219
2711,,24.1293564,120.7289394,115.69999694824219
2712,,24.1293564,120.7289394,115.69999694824219
2713,-1.55_8.25_-0.43_18.13_87.06_-2.35_36.44_-20.31_-12.69_0.3917_0.5394_-0.6200_-0.4138end-1.55_8.25_-0.43_18.13_87.06_-2.35_36.44_-20.31_-12.69_0.4025_0.5435_-0.6129_-0.4086end-1.80_8.33_-1.53_18.13_87.06_-2.35_36.06_-21.00_-10.81_0.4050_0.5440_-0.6111_-0.4081end-1.73_8.44_-1.61_18.13_87.06_-2.35_36.06_-21.00_-10.81_0.4050_0.5440_-0.6111_-0.4081end-2.01_8.80_0.75_18.13_87.06_-2.35_36.06_-21.00_-10.81_0.4097_0.5441_-0.6078_-0.4082end-1.45_9.03_2.59_53.71_32.68_-0.45_36.06_-21.00_-10.81_0.4097_0.5441_-0.6078_-0.4082end-1.45_9.25_3.91_53.71_32.68_-0.45_36.06_-21.00_-10.81_0.4157_0.5429_-0.6033_-0.4104end-1.57_9.31_4.36_53.71_32.68_-0.45_36.81_-20.62_-10.31_0.4173_0.5425_-0.6021_-0.4113end-1.43_9.39_4.68_53.71_32.68_-0.45_36.81_-20.62_-10.31_0.4173_0.5425_-0.6021_-0.4113end-1.93_9.22_4.29_32.68_18.35_4.70_36.81_-20.62_-10.31_0.4173_0.5425_-0.6021_-0.4113end,24.1293564,120.7289394,115.69999694824219
2714,,24.1293564,120.7289394,115.69999694824219
2715,,24.1293564,120.7289394,115.69999694824219
2716,,24.1293564,120.7289394,115.69999694824219
2717,,24.1293564,120.7289394,115.69999694824219
2718,,24.1293564,120.7289394,115.69999694824219
2719,,24.1293564,120.7289394,115.69999694824219
2720,-1.93_9.22_4.29_25.63_15.00_4.14_36.81_-20.62_-10.31_0.4210_0.5418_-0.5988_-0.4131end-1.38_8.84_0.74_25.63_15.00_4.14_36.81_-20.62_-10.31_0.4227_0.5416_-0.5971_-0.4141end-1.38_8.84_0.74_27.64_5.71_3.69_36.81_-20.62_-10.31_0.4235_0.5413_-0.5964_-0.4147end-0.75_8.79_-0.06_27.64_5.71_3.69_36.81_-20.62_-10.31_0.4235_0.5413_-0.5964_-,24.1293564,120.7289394,115.69999694824219
2721,0.4147end-0.27_8.88_0.08_27.64_5.71_3.69_36.81_-21.31_-8.56_0.4235_0.5413_-0.5964_-0.4147end-0.21_8.96_0.91_27.64_5.71_3.69_36.81_-21.31_-8.56_0.4255_0.5385_-0.5941_-0.4196end-0.05_9.19_2.65_27.64_5.71_3.69_37.88_-21.69_-9.94_0.4255_0.5385_-0.5941_-0.4196end-0.05_9.19_2.65_40.62_-11.53_5.82_37.88_-21.69_-9.94_0.4264_0.5367_-0.5928_-0.4228end-0.05_9.19_2.65_34.80_0.00_5.04_37.88_-21.69_-9.94_0.4277_0.5353_-0.5913_-0.4252end-0.41_9.28_3.33_34.80_0.00_5.04_36.06_-21.31_-9.44_0.4277_0.5353_-0.5913_-0.4252end,24.1293564,120.7289394,115.69999694824219
2722,,24.1293564,120.7289394,115.69999694824219
2723,,24.1293564,120.7289394,115.69999694824219
2724,,24.1293564,120.7289394,115.69999694824219
2725,,24.1293564,120.7289394,115.69999694824219
2726,,24.1293564,120.7289394,115.69999694824219
2727,,24.1293564,120.7289394,115.69999694824219
2728,,24.1293564,120.7289394,115.69999694824219
2729,-0.41_9.28_3.33_32.12_2.91_4.70_36.06_-21.31_-9.44_0.4291_0.5345_-0.5898_-0.4270end-0.40_9.08_1.72_29.77_2.91_4.70_36.06_-21.31_-9.44_0.4304_0.5337_-0.5884_-0.4287end-0.39_9.08_0.63_29.77_2.91_4.70_37.94_-22.31_-8.13_0.4310_0.5332_-0.5877_-0.4296end-0.30_9.06_0.43_33.12_-2.80_4.70_37.94_-22.31_-8.13_0.4316_0.5327_-0.5870_-0.4307end-0.39_9.13_0.63_34.36_-2.80_4.81_37.94_-22.31_-8.13_0.4316_0.5327_-0.5870_-0.4307end-0.34_9.26_1.20_34.36_-2.80_4.81_37.19_-22.00_-9.50_0.4335_0.5309_-0.5848_-0.4340end-0.45_9.31_1.57_34.36_-2.80_4.81_36.81_-21.62_-8.56_0.4341_0.5303_-0.5840_-0.4350end-0.54_9.37_2.13_34.36_-2.80_4.81_36.81_-21.62_-8.56_0.4348_0.5298_-0.5832_-0.4360end-0.71_9.35_2.01_34.36_-2.80_4.81_36.81_-21.62_-8.56_0.4355_0.5294_-0.5824_-0.4370end-0.71_9.35_2.01_30.44_3.47_5.60_35.75_-22.00_-6.75_0.4355_0.5294_-0.5824_-0.4370end,24.1293564,120.7289394,115.69999694824219
2730,,24.1293564,120.7289394,115.69999694824219
2731,,24.1293564,120.7289394,115.69999694824219
2732,,24.1293564,120.7289394,115.69999694824219
2733,,24.1293564,120.7289394,115.69999694824219
2734,,24.1293564,120.7289394,115.69999694824219
2735,,24.1293564,120.7289394,115.69999694824219
2736,-0.71_9.35_2.01_30.44_3.47_5.60_35.75_-22.00_-6.75_0.4374_0.5281_-0.5801_-0.4395end-0.82_9.24_0.81_30.44_3.47_5.60_37.19_-22.31_-8.13_0.4380_0.5277_-0.5794_-0.4404end-0.62_9.26_0.36_30.44_3.47_5.60_37.19_-22.31_-8.13_0.4385_0.5272_-0.5788_-0.4415end-0.55_9.26_0.40_31.89_-6.27_5.71_37.19_-22.31_-8.13_0.4385_0.5272_-0.5788_-0.4415end-0.51_9.37_0.96_32.45_-7.61_6.38_37.19_-22.31_-8.13_0.4385_0.5272_-0.5788_-0.4415end-0.50_9.39_1.16_32.45_-7.61_6.38_36.44_-22.31_-8.56_0.4401_0.5247_-0.5762_-0.4460end-0.53_9.43_1.24_32.45_-7.61_6.38_36.44_-22.31_-8.56_0.4406_0.5242_-0.5755_-0.4471end-0.60_9.42_1.21_32.45_-7.61_6.38_36.44_-22.31_-8.56_0.4406_0.5242_-0.5755_-0.4471end-0.61_9.39_0.83_32.45_-7.61_6.38_36.44_-22.31_-8.56_0.4406_0.5242_-0.5755_-0.4471end-0.61_9.39_0.83_32.45_-7.61_6.38_36.44_-22.31_-7.12_0.4425_0.5225_-0.5727_-0.4507end,24.1293564,120.7289394,115.69999694824219
2737,,24.1293564,120.7289394,115.69999694824219
2738,,24.1293564,120.7289394,115.69999694824219
2739,,24.1293564,120.7289394,115.69999694824219
2740,,24.1293564,120.7289394,115.69999694824219
2741,,24.1293564,120.7289394,115.69999694824219
2742,,24.1293564,120.7289394,115.69999694824219
2743,-0.39_9.39_0.15_32.45_-7.61_6.38_36.44_-22.31_-7.12_0.4430_0.5222_-0.5720_-0.4516end-0.17_9.39_0.14_32.45_-7.61_6.38_36.44_-22.31_-7.12_0.4435_0.5217_-0.5713_-0.4525end-0.07_9.40_0.29_28.54_-1.68_6.94_36.44_-22.31_-7.12_0.4443_0.5208_-0.5699_-0.4544end-0.07_9.40_0.29_27.75_-4.48_6.94_36.81_-24.00_-7.62_0.4447_0.5204_-0.5693_-0.4554end0.04_9.47_0.88_27.75_-4.48_6.94_36.81_-24.00_-7.62_0.4451_0.5199_-0.5687_-0.4564end0.02_9.52_1.16_27.75_-4.48_6.94_36.81_-24.00_-7.62_0.4451_0.5199_-0.5687_-0.4564end0.06_9.51_1.18_25.96_-11.08_7.05_36.81_-24.00_-7.62_0.4456_0.5181_-0.5671_-0.4597end0.13_9.51_1.16_24.95_-17.79_6.38_36.81_-24.00_-7.62_0.4456_0.5175_-0.5668_,24.1293564,120.7289394,115.69999694824219
2744,-0.4609end0.13_9.51_1.16_24.95_-17.79_6.38_36.81_-23.00_-8.13_0.4456_0.5167_-0.5665_-0.4621end0.27_9.45_0.74_24.95_-17.79_6.38_36.81_-23.00_-8.13_0.4456_0.5167_-0.5665_-0.4621end,24.1293564,120.7289394,115.69999694824219
2745,,24.1293564,120.7289394,115.69999694824219
2746,,24.1293564,120.7289394,115.69999694824219
2747,,24.1293564,120.7289394,115.69999694824219
2748,,24.1293564,120.7289394,115.69999694824219
2749,,24.1293564,120.7289394,115.69999694824219
2750,,24.1293564,120.7289394,115.69999694824219
2751,0.27_9.49_0.62_23.72_-27.31_6.60_35.31_-22.31_-8.13_0.4456_0.5167_-0.5665_-0.4621end0.27_9.49_0.62_24.40_-29.21_6.60_35.31_-22.31_-8.13_0.4456_0.5167_-0.5665_-0.4621end0.23_9.52_0.57_24.40_-29.21_6.60_35.38_-22.69_-7.62_0.4441_0.5123_-0.5660_-0.4691end0.04_9.55_0.66_24.40_-29.21_6.60_35.38_-22.69_-7.62_0.4438_0.5114_-0.5659_-0.4705end-0.15_9.56_0.71_24.40_-29.21_6.60_35.38_-22.69_-7.62_0.4438_0.5114_-0.5659_-0.4705end-0.23_9.57_0.80_23.16_-27.31_6.38_35.38_-22.69_-7.62_0.4438_0.5114_-0.5659_-0.4705end-0.31_9.59_0.86_23.16_-27.31_6.38_35.38_-22.69_-7.62_0.4425_0.5078_-0.5655_-0.4760end-0.41_9.59_0.95_23.16_-27.31_6.38_36.06_-23.31_-7.62_0.4421_0.5069_-0.5654_-0.4774end-0.46_9.60_0.95_23.16_-27.31_6.38_36.06_-23.31_-7.62_0.4421_0.5069_-0.5654_-0.4774end-0.48_9.59_0.91_22.16_-32.79_6.60_36.06_-23.31_-7.62_0.4407_0.5039_-0.5654_-0.4818end,24.1293564,120.7289394,115.69999694824219
2752,,24.1293564,120.7289394,115.69999694824219
2753,,24.1293564,120.7289394,115.69999694824219
2754,,24.1293564,120.7289394,115.69999694824219
2755,,24.1293564,120.7289394,115.69999694824219
2756,,24.1293564,120.7289394,115.69999694824219
2757,,24.1293564,120.7289394,115.69999694824219
2758,-0.55_9.59_0.87_22.16_-32.79_6.60_36.44_-23.62_-8.13_0.4402_0.5029_-0.5655_-0.4832end-0.56_9.59_0.74_22.16_-32.79_6.60_36.44_-23.62_-8.13_0.4396_0.5019_-0.5656_-0.4847end-0.68_9.60_0.63_22.16_-32.79_6.60_36.44_-23.62_-8.13_0.4396_0.5019_-0.5656_-0.4847end-0.74_9.59_0.58_22.16_-32.79_6.60_35.31_-23.62_-7.69_0.4384_0.4998_-0.5658_-0.4879end-0.81_9.60_0.51_20.48_-42.19_7.39_35.31_-23.62_-7.69_0.4368_0.4974_-0.5662_-0.4911end-0.78_9.60_0.53_20.48_-42.19_7.39_35.31_-23.62_-7.69_0.4358_0.4962_-0.5665_-0.4929end-0.84_9.60_0.54_20.48_-42.19_7.39_35.31_-23.62_-7.69_0.4358_0.4962_-0.5665_-0.4929end-0.84_9.60_0.54_19.92_-56.51_7.95_35.31_-23.62_-7.69_0.4335_0.4933_-0.5674_-0.4968end-0.75_9.61_0.52_19.92_-56.51_7.95_35.31_-23.62_-7.69_0.4321_0.4917_-0.5681_-0.4988end-0.75_9.61_0.52_19.92_-71.40_8.50_34.63_-23.31_-9.06_0.4307_0.4901_-0.5687_-0.5010end,24.1293564,120.7289394,115.69999694824219
2759,,24.1293564,120.7289394,115.69999694824219
2760,,24.1293564,120.7289394,115.69999694824219
2761,,24.1293564,120.7289394,115.69999694824219
2762,,24.1293564,120.7289394,115.69999694824219
2763,,24.1293564,120.7289394,115.69999694824219
2764,,24.1293564,120.7289394,115.69999694824219
2765,-0.46_9.64_0.33_18.58_-74.75_8.39_34.63_-23.31_-9.06_0.4307_0.4901_-0.5687_-0.5010end-0.35_9.65_0.20_18.58_-74.75_8.39_34.25_-23.00_-10.00_0.4307_0.4901_-0.5687_-0.5010end-0.35_9.65_0.20_18.13_-69.49_8.95_34.25_-23.00_-10.00_0.4241_0.4828_-0.5718_-0.5099end-0.30_9.67_-0.04_18.13_-69.49_8.95_34.56_-24.06_-11.38_0.4210_0.4793_-0.5,24.1293564,120.7289394,115.69999694824219
2766,731_-0.5143end-0.23_9.64_-0.09_18.13_-69.49_8.95_34.56_-24.06_-11.38_0.4195_0.4777_-0.5737_-0.5164end-0.24_9.63_-0.10_18.13_-69.49_8.95_34.56_-24.06_-11.38_0.4180_0.4761_-0.5743_-0.5185end-0.24_9.63_-0.10_18.13_-69.49_8.95_34.56_-24.06_-11.38_0.4154_0.4730_-0.5753_-0.5223end0.04_9.65_-0.00_18.13_-69.49_8.95_34.56_-24.06_-11.38_0.4154_0.4730_-0.5753_-0.5223end0.27_9.68_0.04_18.13_-69.49_8.95_34.56_-24.06_-11.38_0.4127_0.4700_-0.5762_-0.5261end0.28_9.66_0.04_17.35_-56.96_8.28_34.56_-24.06_-11.38_0.4127_0.4700_-0.5762_-0.5261end,24.1293564,120.7289394,115.69999694824219
2767,,24.1293564,120.7289394,115.69999694824219
2768,,24.1293564,120.7289394,115.69999694824219
2769,,24.1293564,120.7289394,115.69999694824219
2770,,24.1293564,120.7289394,115.69999694824219
2771,,24.1293564,120.7289394,115.69999694824219
2772,,24.1293564,120.7289394,115.69999694824219
2773,0.28_9.66_0.04_17.35_-56.96_8.28_34.56_-24.06_-11.38_0.4088_0.4655_-0.5775_-0.5317end0.35_9.71_0.10_17.35_-56.96_8.28_34.56_-24.06_-11.38_0.4076_0.4641_-0.5779_-0.5334end0.32_9.70_0.04_17.35_-56.96_8.28_33.56_-24.06_-10.94_0.4076_0.4641_-0.5779_-0.5334end0.29_9.71_0.06_17.35_-56.96_8.28_33.56_-24.06_-10.94_0.4044_0.4603_-0.5787_-0.5381end0.19_9.69_0.08_17.35_-56.96_8.28_33.56_-24.06_-10.94_0.4035_0.4592_-0.5789_-0.5396end0.14_9.71_0.07_15.33_-38.94_7.39_33.56_-24.06_-10.94_0.4035_0.4592_-0.5789_-0.5396end0.10_9.71_0.06_15.55_-37.71_7.61_33.56_-24.06_-10.94_0.4009_0.4561_-0.5793_-0.5437end0.05_9.69_0.02_15.55_-37.71_7.61_33.56_-24.06_-10.94_0.4001_0.455,24.1293564,120.7289394,115.69999694824219
2774,1_-0.5795_-0.5450end-0.17_9.73_-0.02_15.55_-37.71_7.61_33.56_-24.06_-10.94_0.4001_0.4551_-0.5795_-0.5450end-0.21_9.73_-0.02_14.32_-34.69_8.50_33.56_-24.06_-10.94_0.4001_0.4551_-0.5795_-0.5450end,24.1293564,120.7289394,115.69999694824219
2775,,24.1293564,120.7289394,115.69999694824219
2776,,24.1293564,120.7289394,115.69999694824219
2777,,24.1293564,120.7289394,115.69999694824219
2778,,24.1293564,120.7289394,115.69999694824219
2779,,24.1293564,120.7289394,115.69999694824219
2780,,24.1293564,120.7289394,115.69999694824219
2781,-0.21_9.73_-0.02_14.32_-34.69_8.50_32.81_-24.44_-11.81_0.3967_0.4512_-0.5799_-0.5502end-0.24_9.74_-0.11_14.32_-34.69_8.50_32.81_-24.44_-11.81_0.3958_0.4502_-0.5801_-0.5515end-0.17_9.68_-0.11_12.76_-44.20_8.17_32.81_-24.44_-11.81_0.3958_0.4502_-0.5801_-0.5515end-0.17_9.68_-0.11_12.76_-44.20_8.17_33.50_-24.44_-13.19_0.3927_0.4468_-0.5808_-0.5557end0.31_9.72_-0.11_12.76_-44.20_8.17_33.50_-24.44_-13.19_0.3915_0.4457_-0.5812_-0.5571end0.31_9.72_-0.11_12.09_-52.15_8.50_33.13_-24.44_-13.69_0.3915_0.4457_-0.5812_-0.5571end0.31_9.72_-0.11_11.97_-53.71_8.50_33.13_-24.44_-13.69_0.3889_0.4431_-0.5820_-0.5601end0.64_9.74_-0.06_11.97_-53.71_8.50_33.13_-24.44_-13.69_,24.1293564,120.7289394,115.69999694824219
2782,0.3875_0.4417_-0.5825_-0.5617end0.64_9.74_-0.06_11.97_-53.16_8.28_33.13_-24.44_-13.69_0.3849_0.4391_-0.5834_-0.5646end0.95_9.72_0.27_11.97_-53.16_8.28_33.13_-24.44_-13.69_0.3836_0.4377_-0.5837_-0.5661end,24.1293564,120.7289394,115.69999694824219
2783,,24.1293564,120.7289394,115.69999694824219
2784,,24.1293564,120.7289394,115.69999694824219
2785,,24.1293564,120.7289394,115.69999694824219
2786,,24.1293564,120.7289394,115.69999694824219
2787,,24.1293564,120.7289394,115.69999694824219
2788,0.91_9.76_0.40_11.97_-53.16_8.28_33.50_-26.19_-14.19_0.3836_0.4377_-0.5837_-0.5661end0.91_9.76_0.40_10.97_-37.26_7.72_33.50_-26.19_-14.19_0.3803_0.4343_-0.5845_-0.5701end0.87_9.75_0.42_10.97_-37.26_7.72_33.50_-26.19_-14.19_0.3794_0.4333_-0.5847_-0.5713end0.68_9.77_0.77_10.97_-37.26_7.72_33.50_-26.19_-14.19_0.3785_0.4324_-0.5848_-0.5724end0.56_9.77_0.91_10.97_-28.42_7.16_33.50_-26.19_-14.19_0.3785_0.4324_-0.5848_-0.5724end0.56_9.77_0.91_10.97_-28.42_7.16_33.50_-26.19_-14.19_0.3763_0.4300_-0.5850_-0.5756end0.43_9.78_1.00_10.97_-28.42_7.16_32.06_-25.19_-14.69_0.3756_0.4292_-0.5850_-0.5765end0.39_9.78_1.10_10.97_-28.42_7.16_32.06_-25.19_-14.69_0.3748_0.428,24.1293564,120.7289394,115.69999694824219
2789,4_-0.5851_-0.5776end0.58_9.78_1.08_11.08_-34.02_7.16_32.06_-25.19_-14.69_0.3748_0.4284_-0.5851_-0.5776end0.66_9.75_1.09_11.08_-36.82_7.05_32.00_-25.88_-14.69_0.3748_0.4284_-0.5851_-0.5776end,24.1293564,120.7289394,115.69999694824219
2790,,24.1293564,120.7289394,115.69999694824219
2791,,24.1293564,120.7289394,115.69999694824219
2792,,24.1293564,120.7289394,115.69999694824219
2793,,24.1293564,120.7289394,115.69999694824219
2794,,24.1293564,120.7289394,115.69999694824219
2795,0.82_9.77_1.16_11.08_-36.82_7.05_32.00_-25.88_-14.69_0.3711_0.4244_-0.5858_-0.5822end1.17_9.75_1.23_11.53_-44.20_6.38_32.00_-25.88_-14.69_0.3711_0.4244_-0.5858_-0.5822end1.17_9.75_1.23_12.20_-45.99_6.15_32.00_-25.88_-14.69_0.3711_0.4244_-0.5858_-0.5822end1.28_9.75_1.30_12.20_-45.99_6.15_32.00_-25.88_-14.69_0.3666_0.4193_-0.5870_,24.1293564,120.7289394,115.69999694824219
2796,-0.5875end1.68_9.73_1.37_12.20_-45.99_6.15_30.94_-25.88_-14.69_0.3656_0.4180_-0.5873_-0.5889end1.86_9.73_1.43_12.20_-45.99_6.15_30.94_-25.88_-14.69_0.3646_0.4167_-0.5875_-0.5901end1.86_9.73_1.41_12.20_-45.99_6.15_30.56_-26.56_-15.13_0.3630_0.4147_-0.5878_-0.5923end1.82_9.73_1.43_12.20_-45.99_6.15_30.56_-26.56_-15.13_0.3625_0.4138_-0.5878_-0.5933end1.54_9.72_1.49_12.20_-45.99_6.15_30.56_-26.56_-15.13_0.3625_0.4138_-0.5878_-0.5933end1.41_9.71_1.52_12.20_-45.99_6.15_31.69_-25.88_-14.69_0.3617_0.4119_-0.5873_-0.5956end,24.1293564,120.7289394,115.69999694824219
2797,,24.1293564,120.7289394,115.69999694824219
2798,,24.1293564,120.7289394,115.69999694824219
2799,,24.1293564,120.7289394,115.69999694824219
2800,,24.1293564,120.7289394,115.69999694824219
2801,,24.1293564,120.7289394,115.69999694824219
2802,,24.1293564,120.7289394,115.69999694824219
2803,,24.1293564,120.7289394,115.69999694824219
2804,1.31_9.72_1.59_12.20_-45.99_6.15_30.19_-25.88_-14.69_0.3616_0.4114_-0.5870_-0.5963end0.89_9.72_1.76_12.20_-45.99_6.15_30.19_-25.88_-14.69_0.3616_0.4110_-0.5866_-0.5968end0.79_9.75_1.77_16.23_-3.25_2.46_30.19_-25.88_-14.69_0.3619_0.4103_-0.5858_-0.5980end0.76_9.73_1.79_16.23_-3.25_2.46_31.31_-26.56_-15.13_0.3621_0.4100_-0.5853_-0,24.1293564,120.7289394,115.69999694824219
2805,.5986end0.65_9.77_1.86_16.23_-3.25_2.46_31.31_-26.56_-15.13_0.3624_0.4097_-0.5848_-0.5991end0.57_9.72_1.73_18.13_-1.79_1.79_31.31_-26.56_-15.13_0.3624_0.4097_-0.5848_-0.5991end0.57_9.72_1.73_18.13_-1.79_1.79_30.19_-26.19_-14.69_0.3630_0.4088_-0.5834_-0.6007end0.65_9.76_1.37_18.13_-1.79_1.79_30.19_-26.19_-14.69_0.3632_0.4083_-0.5,24.1293564,120.7289394,115.69999694824219
2806,829_-0.6013end0.66_9.73_1.32_18.13_-1.79_1.79_30.19_-26.19_-14.69_0.3632_0.4083_-0.5829_-0.6013end0.66_9.73_1.32_20.93_2.24_1.57_30.56_-26.87_-13.75_0.3636_0.4075_-0.5819_-0.6026end,24.1293564,120.7289394,115.69999694824219
2807,,24.1293564,120.7289394,115.69999694824219
2808,,24.1293564,120.7289394,115.69999694824219
2809,,24.1293564,120.7289394,115.69999694824219
2810,,24.1293564,120.7289394,115.69999694824219
2811,0.68_9.70_1.28_20.93_2.24_1.57_30.56_-26.87_-13.75_0.3643_0.4069_-0.5806_-0.6038end0.57_9.70_1.28_21.71_8.28_1.90_31.62_-26.87_-15.13_0.3643_0.4069_-0.5806_-0.6038end0.57_9.70_1.28_22.16_10.18_2.24_31.62_-26.87_-15.13_0.3643_0.4069_-0.5806_-0.6038end0.48_9.67_1.34_22.16_10.18_2.24_31.62_-26.87_-15.13_0.3666_0.4066_-0.5775_-0.605,24.1293564,120.7289394,115.69999694824219
2812,7end0.20_9.68_1.50_22.16_10.18_2.24_31.31_-26.56_-13.75_0.3666_0.4066_-0.5775_-0.6057end0.00_9.68_1.57_23.61_19.70_2.35_31.31_-26.56_-13.75_0.3666_0.4066_-0.5775_-0.6057end-0.07_9.68_1.48_23.61_19.70_2.35_31.31_-26.56_-13.75_0.3699_0.4071_-0.5735_-0.6070end-0.04_9.64_1.51_23.61_19.70_2.35_30.19_-26.56_-13.75_0.3708_0.4073_-0.5726_-0.6073end-0.28_9.63_1.54_24.95_18.80_3.36_30.19_-26.56_-13.75_0.3708_0.4073_-0.5726_-0.6073end-0.26_9.67_1.49_24.95_18.80_3.36_30.19_-26.56_-13.75_0.3724_0.4075_-0.5705_-0.6081end,24.1293564,120.7289394,115.69999694824219
2813,,24.1293564,120.7289394,115.69999694824219
2814,,24.1293564,120.7289394,115.69999694824219
2815,,24.1293564,120.7289394,115.69999694824219
2816,,24.1293564,120.7289394,115.69999694824219
2817,,24.1293564,120.7289394,115.69999694824219
2818,,24.1293564,120.7289394,115.69999694824219
2819,-0.36_9.61_1.52_24.95_18.80_3.36_30.19_-26.56_-13.75_0.3738_0.4075_-0.5685_-0.6091end-0.29_9.61_1.44_24.95_18.80_3.36_30.19_-26.56_-13.75_0.3743_0.4073_-0.5676_-0.6098end0.12_9.57_1.30_24.95_18.80_3.36_30.19_-26.56_-13.75_0.3747_0.4070_-0.5668_-0.6105end0.37_9.56_1.27_27.64_-0.56_3.92_30.19_-26.56_-13.75_0.3747_0.4070_-0.5668_-0.6105end0.37_9.56_1.27_27.64_-0.56_3.92_30.19_-26.56_-13.75_0.3757_0.4058_-0.5643_-0.6129end0.74_9.55_1.23_27.64_-0.56_3.92_29.81_-27.56_-11.94_0.3760_0.4053_-0.5635_-0.6138end0.75_9.53_1.24_29.43_1.57_5.26_29.81_-27.56_-11.94_0.3760_0.4053_-0.5635_-0.6138end0.76_9.49_1.22_29.99_4.14_5.60_29.81_-27.56_-11.94_0.3772_0.4042_-0.5609_-0.6163end0.75_9.48_1.19_29.99_4.14_5.60_29.81_-27.56_-11.94_0.3777_0.4040_-0.5599_-0.6170end0.76_9.48_1.26_29.99_4.14_5.60_29.81_-27.56_-11.94_0.3777_0.4040_-0.5599_-0.6170end,24.1293564,120.7289394,115.69999694824219
2820,,24.1293564,120.7289394,115.69999694824219
2821,,24.1293564,120.7289394,115.69999694824219
2822,,24.1293564,120.7289394,115.69999694824219
2823,,24.1293564,120.7289394,115.69999694824219
2824,,24.1293564,120.7289394,115.69999694824219
2825,,24.1293564,120.7289394,115.69999694824219
2826,,24.1293564,120.7289394,115.69999694824219
2827,0.76_9.48_1.26_31.45_14.21_4.92_31.31_-28.56_-12.37_0.3777_0.4040_-0.5599_-0.6170end0.79_9.48_1.17_31.45_14.21_4.92_31.31_-28.56_-12.37_0.3777_0.4040_-0.5599_-0.6170end0.79_9.48_1.17_32.01_20.14_4.81_31.31_-28.56_-12.37_0.3816_0.4039_-0.5539_-0.6201end1.10_9.44_0.66_32.90_22.60_4.59_31.31_-28.56_-12.37_0.3826_0.4041_-0.5526_-0.6205end1.10_9.44_0.66_32.90_22.60_4.59_30.94_-27.87_-12.37_0.3826_0.4041_-0.5526_-0.6205end1.32_9.40_0.21_32.90_22.60_4.59_30.94_-27.87_-12.37_0.3856_0.4045_-0.5484_-0.6220end1.32_9.40_0.21_34.47_24.73_4.48_30.56_-28.25_-12.88_0.3867_0.4047_-0.5470_-0.6225end1.80_9.39_0.10_35.14_24.73_3.92_30.94_-28.56_-10.56_0.3867_0.4047_-0.5470_-0.6225end1.97_9.34_0.09_35.14_23.61_3.02_30.94_-28.56_-10.56_0.3867_0.4047_-0.5470_-0.6225end2.22_9.37_0.05_35.81_22.05_2.91_30.94_-28.56_-10.56_0.3899_0.4050_-0.5427_-0.6241end,24.1293564,120.7289394,115.69999694824219
2828,,24.1293564,120.7289394,115.69999694824219
2829,,24.1293564,120.7289394,115.69999694824219
2830,,24.1293564,120.7289394,115.69999694824219
2831,,24.1293564,120.7289394,115.69999694824219
2832,,24.1293564,120.7289394,115.69999694824219
2833,,24.1293564,120.7289394,115.69999694824219
2834,,24.1293564,120.7289394,115.69999694824219
2835,,24.1293564,120.7289394,115.69999694824219
2836,2.22_9.37_0.05_35.81_22.05_2.91_30.94_-28.56_-10.56_0.3921_0.4050_-0.5399_-0.6251end3.00_9.28_-0.12_35.81_22.05_2.91_30.94_-28.56_-10.56_0.3931_0.4050_-0.5385_-0.6257end3.14_9.35_-0.15_36.48_22.94_2.13_30.94_-28.56_-10.56_0.3931_0.4050_-0.5385_-0.6257end3.14_9.35_-0.15_36.48_22.94_2.13_30.94_-28.56_-10.56_0.3967_0.4052_-0.5341_-0.6271end3.34_9.23_-0.36_36.48_22.94_2.13_30.94_-28.56_-10.56_0.3981_0.4055_-0.5325_-0.6273end3.24_9.17_-0.45_36.48_22.94_2.13_30.94_-28.56_-10.56_0.3981_0.4055_-0.5325_-0.6273end2.88_9.18_-0.55_37.38_61.77_-1.23_30.94_-28.56_-10.56_0.3981_0.4055_-0.5325_-0.6273end2.73_9.46_-0.52_37.71_81.92_-1.79_30.94_-28.56_-10.56_0.3981_0.4055_-0.5325_-0.6273end2.73_9.46_-0.52_37.71_81.92_-1.79_30.94_-28.56_-10.56_0.4092_0.4109_-0.5216_-0.6257end2.10_9.24_-0.70_38.27_94.56_-1.12_31.31_-27.81_-7.75_0.4092_0.4109_-0.5216_-0.6257end,24.1293564,120.7289394,115.69999694824219
2837,,24.1293564,120.7289394,115.69999694824219
2838,,24.1293564,120.7289394,115.69999694824219
2839,,24.1293564,120.7289394,115.69999694824219
2840,,24.1293564,120.7289394,115.69999694824219
2841,1.11_9.27_-1.21_38.27_94.56_-1.12_31.31_-27.81_-7.75_0.4149_0.4146_-0.5162_-0.6241end0.83_9.25_-1.37_37.38_101.50_-1.23_31.31_-27.81_-7.75_0.4149_0.4146_-0.5162_-0.6241end0.71_9.27_-1.55_37.38_101.50_-1.23_31.69_-28.81_-5.50_0.4208_0.4186_-0.5106_-0.6221end0.47_9.25_-1.82_36.37_96.91_-1.12_31.69_-28.81_-5.50_0.4265_0.4224_-0.505,24.1293564,120.7289394,115.69999694824219
2842,1_-0.6202end0.41_9.25_-1.90_36.37_96.91_-1.12_31.69_-28.81_-5.50_0.4289_0.4240_-0.5026_-0.6195end0.40_9.23_-2.04_36.37_96.91_-1.12_31.69_-28.81_-5.50_0.4289_0.4240_-0.5026_-0.6195end0.44_9.21_-2.15_36.37_96.91_-1.12_31.69_-28.81_-5.50_0.4332_0.4261_-0.4980_-0.6187end0.44_9.21_-2.15_36.37_96.91_-1.12_31.69_-28.81_-5.50_0.4349_0.4268_-0.4960_-0.6185end0.44_9.21_-2.15_36.37_96.91_-1.12_31.69_-28.81_-5.50_0.4379_0.4276_-0.4924_-0.6187end0.85_9.23_-1.77_36.37_96.91_-1.12_32.06_-28.50_-5.94_0.4379_0.4276_-0.4924_-0.6187end,24.1293564,120.7289394,115.69999694824219
2843,,24.1293564,120.7289394,115.69999694824219
2844,,24.1293564,120.7289394,115.69999694824219
2845,,24.1293564,120.7289394,115.69999694824219
2846,,24.1293564,120.7289394,115.69999694824219
2847,,24.1293564,120.7289394,115.69999694824219
2848,,24.1293564,120.7289394,115.69999694824219
2849,,24.1293564,120.7289394,115.69999694824219
2850,,24.1293564,120.7289394,115.69999694824219
2851,,24.1293564,120.7289394,115.69999694824219
2852,,24.1293564,120.7289394,115.69999694824219
2853,0.85_9.23_-1.77_37.60_32.56_1.79_32.06_-28.50_-5.94_0.4394_0.4279_-0.4907_-0.6190end0.85_9.23_-1.77_37.60_32.56_1.79_32.06_-28.50_-5.94_0.4420_0.4282_-0.4873_-0.6194end1.73_9.24_-0.53_37.71_35.25_2.35_32.06_-28.50_-5.94_0.4420_0.4282_-0.4873_-0.6194end1.84_9.25_-0.48_37.71_35.25_2.35_32.06_-28.50_-5.94_0.4462_0.4291_-0.4820_-0.6200end1.94_9.19_-0.43_38.27_42.75_2.01_32.06_-28.50_-5.94_0.4462_0.4291_-0.4820_-0.6200end2.12_9.17_-0.30_38.94_45.10_1.68_32.06_-28.50_-5.94_0.4462_0.4291_-0.4820_-0.6200end2.12_9.17_-0.30_39.61_46.89_1.12_32.06_-28.50_-5.94_0.4526_0.4310_-0.4742_-0.6201end2.31_9.14_-0.45_39.61_46.89_1.12_32.06_-28.50_-5.94_0.4543_0.4315_-0.4722_-0.6201end2.54_9.12_-0.61_40.51_49.13_0.56_32.06_-28.50_-5.94_0.4543_0.4315_-0.4722_-0.6201end2.64_9.11_-0.74_40.29_51.36_0.00_32.06_-28.50_-5.94_0.4597_0.4332_-0.4658_-0.6198end,24.1293564,120.7289394,115.69999694824219
2854,,24.1293564,120.7289394,115.69999694824219
2855,,24.1293564,120.7289394,115.69999694824219
2856,,24.1293564,120.7289394,115.69999694824219
2857,2.76_9.06_-1.03_40.29_51.36_0.00_32.06_-28.50_-5.94_0.4597_0.4332_-0.4658_-0.6198end2.78_9.03_-1.37_40.29_51.36_0.00_32.06_-28.50_-5.94_0.4635_0.4346_-0.4614_-0.6192end2.78_9.03_-1.52_40.51_63.90_-0.90_32.13_-29.06_-1.31_0.4635_0.4346_-0.4614_-0.6192end2.71_9.02_-1.67_40.51_63.90_-0.90_32.13_-29.06_-1.31_0.4698_0.4374_-0.4542_-0.6179end2.63_9.00_-1.96_40.51_63.90_-0.90_31.00_-28.69_0.44_0.4720_0.4384_-0.4517_-0.6172end2.58_9.00_-2.13_40.51_63.90_-0.90_31.00_-28.69_0.44_0.4744_0.4396_-0.4489_-0.6166end2.50_8.96_-2.15_41.29_79.79_-2.13_31.00_-28.69_0.44_0.4744_0.4396_-0.4489_-0.6166end2.50_8.96_-2.15_41.29_79.79_-2.13_31.00_-28.69_0.44_0.4816_0.4434_-0.4,24.1293564,120.7289394,115.69999694824219
2858,407_-0.6143end2.37_8.99_-2.33_41.29_79.79_-2.13_31.00_-28.69_0.44_0.4839_0.4447_-0.4379_-0.6134end2.34_8.97_-2.38_41.52_82.03_-2.80_31.00_-28.69_0.44_0.4839_0.4447_-0.4379_-0.6134end,24.1293564,120.7289394,115.69999694824219
2859,,24.1293564,120.7289394,115.69999694824219
2860,,24.1293564,120.7289394,115.69999694824219
2861,,24.1293564,120.7289394,115.69999694824219
2862,,24.1293564,120.7289394,115.69999694824219
2863,,24.1293564,120.7289394,115.69999694824219
2864,2.34_8.97_-2.38_41.52_82.03_-2.80_31.00_-28.69_0.44_0.4911_0.4485_-0.4296_-0.6108end2.31_8.95_-2.42_41.52_82.03_-2.80_31.00_-28.69_0.44_0.4935_0.4496_-0.4268_-0.6100end2.35_8.93_-2.50_40.85_79.90_-3.02_31.00_-28.69_0.44_0.4935_0.4496_-0.4268_-0.6100end2.35_8.93_-2.50_40.85_79.12_-3.13_31.06_-28.69_3.31_0.4935_0.4496_-0.4268_-0.6100end2.35_8.93_-2.50_40.73_78.89_-2.91_31.06_-28.69_3.31_0.5005_0.4532_-0.4186_-0.6074end2.41_8.91_-2.65_40.73_78.89_-2.91_31.75_-29.00_5.06_0.5005_0.4532_-0.4186_-0.6074end2.29_8.89_-3.01_39.95_81.13_-2.91_31.75_-29.00_5.06_0.5074_0.4567_-0.4103_-0.6047end2.29_8.89_-3.01_39.95_81.13_-2.91_31.06_-30.37_5.12_0.5074_0.4567_-0.410,24.1293564,120.7289394,115.69999694824219
2865,3_-0.6047end2.29_8.89_-3.01_39.95_81.13_-2.91_31.06_-30.37_5.12_0.5143_0.4604_-0.4019_-0.6017end2.08_8.89_-3.25_39.95_81.13_-2.91_31.81_-28.62_7.44_0.5165_0.4617_-0.3990_-0.6006end,24.1293564,120.7289394,115.69999694824219
2866,,24.1293564,120.7289394,115.69999694824219
2867,,24.1293564,120.7289394,115.69999694824219
2868,,24.1293564,120.7289394,115.69999694824219
2869,,24.1293564,120.7289394,115.69999694824219
2870,,24.1293564,120.7289394,115.69999694824219
2871,,24.1293564,120.7289394,115.69999694824219
2872,1.86_8.89_-3.18_39.95_81.13_-2.91_31.81_-28.62_7.44_0.5187_0.4630_-0.3962_-0.5997end1.84_8.89_-3.11_39.95_81.13_-2.91_31.81_-28.94_7.87_0.5187_0.4630_-0.3962_-0.5997end1.82_8.89_-3.03_39.06_76.99_-2.24_31.81_-28.94_7.87_0.5187_0.4630_-0.3962_-0.5997end1.70_8.93_-2.95_39.06_76.99_-2.24_31.81_-28.94_7.87_0.5275_0.4677_-0.3850_-0.5956end1.59_8.87_-2.84_39.06_76.99_-2.24_31.81_-28.94_7.87_0.5295_0.4686_-0.3824_-0.5948end1.55_8.89_-2.84_38.05_66.47_-1.68_31.81_-28.94_7.87_0.5295_0.4686_-0.3824_-0.5948end1.50_8.88_-2.85_38.05_66.47_-1.68_31.06_-28.94_9.69_0.5295_0.4686_-0.3824_-0.5948end1.50_8.88_-2.85_38.05_66.47_-1.68_31.44_-28.87_9.69_0.5369_0.4716_-0.3727_-0.5920end1.55_8.86_-2.95_37.15_53.49_-0.90_31.44_-28.87_9.69_0.5369_0.4716_-0.3727_-0.5920end1.55_8.86_-3.06_37.15_53.49_-0.90_31.44_-28.87_9.69_0.5402_0.4727_-0.3682_-0.5910end,24.1293564,120.7289394,115.69999694824219
2873,,24.1293564,120.7289394,115.69999694824219
2874,,24.1293564,120.7289394,115.69999694824219
2875,,24.1293564,120.7289394,115.69999694824219
2876,,24.1293564,120.7289394,115.69999694824219
2877,,24.1293564,120.7289394,115.69999694824219
2878,,24.1293564,120.7289394,115.69999694824219
2879,1.54_8.86_-3.07_37.26_49.01_-0.34_31.44_-28.87_9.69_0.5402_0.4727_-0.3682_-0.5910end1.52_8.83_-3.10_37.15_47.11_0.22_31.44_-28.87_9.69_0.5446_0.4738_-0.3619_-0.5898end1.42_8.79_-3.16_36.48_43.98_0.90_31.44_-28.87_9.69_0.5461_0.4742_-0.3599_-0.5895end1.40_8.80_-3.18_36.48_43.98_0.90_31.44_-28.87_9.69_0.5461_0.4742_-0.3599_-0.5895end1.40_8.80_-3.18_36.48_43.98_0.90_31.44_-28.87_9.69_0.5475_0.4744_-0.3579_-0.5892end1.36_8.81_-3.14_36.48_43.98_0.90_31.44_-28.87_9.69_0.5475_0.4744_-0.3579_-0.5892end1.36_8.81_-3.14_36.37_34.47_1.79_30.75_-27.87_10.69_0.5475_0.4744_-0.3579_-0.5892end1.36_8.81_-3.14_36.37_34.47_1.79_30.75_-27.87_10.69_0.5540_0.4751_-0.3484_-0.5882end1.36_8.81_-3.14_36.37_27.64_2.24_30.75_-27.87_10.69_0.5551_0.4750_-0.3468_-0.5882end1.45_8.76_-3.14_36.37_27.64_2.24_30.75_-27.87_10.69_0.5562_0.4749_-0.3452_-0.5883end,24.1293564,120.7289394,115.69999694824219
2880,,24.1293564,120.7289394,115.69999694824219
2881,,24.1293564,120.7289394,115.69999694824219
2882,,24.1293564,120.7289394,115.69999694824219
2883,,24.1293564,120.7289394,115.69999694824219
2884,,24.1293564,120.7289394,115.69999694824219
2885,,24.1293564,120.7289394,115.69999694824219
2886,,24.1293564,120.7289394,115.69999694824219
2887,1.50_8.75_-3.18_35.36_21.04_2.46_30.75_-27.87_10.69_0.5581_0.4744_-0.3422_-0.5886end1.59_8.74_-3.32_35.36_21.04_2.46_30.75_-27.87_10.69_0.5581_0.4744_-0.3422_-0.5886end1.67_8.70_-3.41_35.36_21.04_2.46_30.75_-27.87_10.69_0.5606_0.4730_-0.3383_-0.5895end1.77_8.68_-3.52_35.36_21.04_2.46_30.75_-27.87_10.69_0.5613_0.4724_-0.3372_-0.5900end1.92_8.66_-3.66_35.36_21.04_2.46_30.75_-27.87_10.69_0.5620_0.4719_-0.3361_-0.5903end2.02_8.68_-3.79_35.36_21.04_2.46_30.75_-27.87_10.69_0.5628_0.4713_-0.3349_-0.5908end2.05_8.65_-3.75_34.13_11.64_2.80_30.75_-27.87_10.69_0.5628_0.4713_-0.3349_-0.5908end2.05_8.65_-3.75_34.13_11.64_2.80_30.75_-27.87_10.69_0.5651_0.4698_-0.331,24.1293564,120.7289394,115.69999694824219
2888,2_-0.5918end2.09_8.65_-3.70_34.36_14.77_3.02_30.75_-27.87_10.69_0.5659_0.4694_-0.3300_-0.5920end2.08_8.62_-3.62_34.36_14.77_3.02_30.75_-27.87_10.69_0.5659_0.4694_-0.3300_-0.5920end,24.1293564,120.7289394,115.69999694824219
2889,,24.1293564,120.7289394,115.69999694824219
2890,,24.1293564,120.7289394,115.69999694824219
2891,,24.1293564,120.7289394,115.69999694824219
2892,,24.1293564,120.7289394,115.69999694824219
2893,2.04_8.59_-3.64_34.36_17.12_2.80_30.75_-27.87_10.69_0.5659_0.4694_-0.3300_-0.5920end2.04_8.59_-3.64_34.36_17.12_2.80_30.75_-27.87_10.69_0.5685_0.4684_-0.3259_-0.5927end2.04_8.59_-3.64_34.36_17.12_2.80_30.75_-27.87_10.69_0.5702_0.4679_-0.3231_-0.5930end2.09_8.59_-3.86_34.36_17.12_2.80_30.75_-27.87_10.69_0.5711_0.4677_-0.3216_-0.5931end2.07_8.55_-3.96_34.36_17.12_2.80_30.75_-27.87_10.69_0.5720_0.4675_-0.3201_-0.5931end2.05_8.54_-4.05_34.36_17.12_2.80_30.75_-27.81_15.19_0.5720_0.4675_-0.3201_-0.5931end2.02_8.56_-4.07_33.01_25.63_2.80_30.75_-27.81_15.19_0.5739_0.4672_-0.3171_-0.5932end1.91_8.57_-4.09_33.01_25.63_2.80_30.75_-27.81_15.19_0.5757_0.4670_-0.314,24.1293564,120.7289394,115.69999694824219
2894,0_-0.5932end1.89_8.57_-4.05_32.79_25.96_3.13_30.75_-27.81_15.19_0.5767_0.4669_-0.3124_-0.5932end1.80_8.50_-3.97_32.79_25.96_3.13_30.75_-27.81_15.19_0.5776_0.4668_-0.3107_-0.5932end,24.1293564,120.7289394,115.69999694824219
2895,,24.1293564,120.7289394,115.69999694824219
2896,,24.1293564,120.7289394,115.69999694824219
2897,,24.1293564,120.7289394,115.69999694824219
2898,,24.1293564,120.7289394,115.69999694824219
2899,,24.1293564,120.7289394,115.69999694824219
2900,,24.1293564,120.7289394,115.69999694824219
2901,,24.1293564,120.7289394,115.69999694824219
2902,1.74_8.55_-3.91_32.79_25.51_3.13_30.75_-27.81_15.19_0.5776_0.4668_-0.3107_-0.5932end1.74_8.55_-3.91_32.79_25.51_3.13_30.75_-27.81_15.19_0.5803_0.4664_-0.3062_-0.5932end1.75_8.56_-3.95_32.79_25.51_3.13_30.75_-27.81_15.19_0.5812_0.4662_-0.3047_-0.5933end1.84_8.51_-4.09_32.79_25.51_3.13_30.75_-27.81_15.19_0.5812_0.4662_-0.3047_-0.5933end1.84_8.45_-4.09_31.89_13.88_3.58_29.31_-27.44_17.06_0.5812_0.4662_-0.3047_-0.5933end1.90_8.42_-4.14_31.45_10.97_3.69_29.31_-27.44_17.06_0.5840_0.4647_-0.2996_-0.5942end1.88_8.42_-4.20_31.45_10.97_3.69_29.31_-27.44_17.06_0.5847_0.4642_-0.2986_-0.5946end2.00_8.41_-4.28_31.45_10.97_3.69_29.31_-27.44_17.06_0.5847_0.4642_-0.2986_-0.5946end2.00_8.41_-4.28_31.45_10.97_3.69_29.31_-27.44_17.06_0.5863_0.4622_-0.2957_-0.5959end2.12_8.42_-4.43_31.45_10.97_3.69_29.31_-27.44_17.06_0.5868_0.4614_-0.2949_-0.5965end,24.1293564,120.7289394,115.69999694824219
2903,,24.1293564,120.7289394,115.69999694824219
2904,,24.1293564,120.7289394,115.69999694824219
2905,,24.1293564,120.7289394,115.69999694824219
2906,,24.1293564,120.7289394,115.69999694824219
2907,,24.1293564,120.7289394,115.69999694824219
2908,,24.1293564,120.7289394,115.69999694824219
2909,2.27_8.38_-4.66_31.45_10.97_3.69_29.31_-27.44_17.06_0.5868_0.4614_-0.2949_-0.5965end2.29_8.39_-4.71_31.45_10.97_3.69_29.31_-26.69_18.00_0.5868_0.4614_-0.2949_-0.5965end2.35_8.28_-4.75_31.45_10.97_3.69_29.31_-26.69_18.00_0.5883_0.4577_-0.2924_-0.5991end2.54_8.25_-4.99_31.45_10.97_3.69_28.94_-28.12_17.56_0.5886_0.4567_-0.2919_-0.5999end2.60_7.94_-4.98_31.45_10.97_3.69_28.19_-26.75_17.56_0.5888_0.4555_-0.2915_-0.6006end2.66_8.38_-5.07_29.10_-19.92_3.02_28.19_-26.75_17.56_0.5888_0.4555_-0.2915_-0.6006end2.66_8.38_-5.07_29.10_-19.92_3.02_29.31_-26.06_16.69_0.5895_0.4518_-0.2906_-0.6032end2.99_8.41_-5.06_29.10_-19.92_3.02_29.31_-26.06_16.69_0.5897_0.4505_-0.,24.1293564,120.7289394,115.69999694824219
2910,2905_-0.6041end3.04_8.34_-4.99_29.10_-19.92_3.02_29.31_-26.06_16.69_0.5897_0.4505_-0.2905_-0.6041end3.14_8.28_-4.96_29.10_-19.92_3.02_29.31_-26.06_16.69_0.5900_0.4477_-0.2903_-0.6060end,24.1293564,120.7289394,115.69999694824219
2911,,24.1293564,120.7289394,115.69999694824219
2912,,24.1293564,120.7289394,115.69999694824219
2913,,24.1293564,120.7289394,115.69999694824219
2914,,24.1293564,120.7289394,115.69999694824219
2915,,24.1293564,120.7289394,115.69999694824219
2916,3.14_8.28_-4.96_26.97_-32.56_1.23_28.62_-26.37_19.44_0.5900_0.4477_-0.2903_-0.6060end3.20_8.27_-5.01_26.97_-32.56_1.23_28.62_-26.37_19.44_0.5902_0.4432_-0.2905_-0.6090end3.24_8.24_-5.03_26.97_-32.56_1.23_28.62_-26.37_19.44_0.5903_0.4417_-0.2906_-0.6100end3.27_8.32_-5.18_26.97_-32.56_1.23_28.62_-26.37_19.44_0.5903_0.4417_-0.2906_-0.6100end3.27_8.32_-5.18_26.19_-37.71_-0.34_29.69_-26.69_17.56_0.5903_0.4417_-0.2906_-0.6100end3.20_8.25_-5.25_25.18_-38.38_-0.56_29.69_-26.69_17.56_0.5903_0.4367_-0.2914_-0.6131end3.20_8.25_-5.25_24.95_-40.06_-1.68_29.69_-26.69_17.56_0.5903_0.4367_-0.2914_-0.6131end3.08_8.21_-5.48_24.95_-40.06_-1.68_29.69_-26.69_17.56_0.5903_0,24.1293564,120.7289394,115.69999694824219
2917,.4333_-0.2921_-0.6152end3.05_8.21_-5.52_24.51_-40.73_-2.01_29.69_-26.69_17.56_0.5903_0.4333_-0.2921_-0.6152end2.97_8.20_-5.56_24.51_-40.73_-2.01_30.06_-25.37_16.69_0.5903_0.4264_-0.2937_-0.6193end,24.1293564,120.7289394,115.69999694824219
2918,,24.1293564,120.7289394,115.69999694824219
2919,,24.1293564,120.7289394,115.69999694824219
2920,,24.1293564,120.7289394,115.69999694824219
2921,,24.1293564,120.7289394,115.69999694824219
2922,,24.1293564,120.7289394,115.69999694824219
2923,,24.1293564,120.7289394,115.69999694824219
2924,2.94_8.20_-5.55_24.51_-40.73_-2.01_31.19_-26.00_18.06_0.5903_0.4247_-0.2941_-0.6202end2.82_8.20_-5.50_24.51_-40.73_-2.01_31.19_-26.00_18.06_0.5903_0.4247_-0.2941_-0.6202end2.82_8.20_-5.50_23.16_-36.71_-4.36_31.19_-26.00_18.06_0.5903_0.4247_-0.2941_-0.6202end2.73_8.24_-5.32_23.39_-37.49_-4.92_31.19_-26.00_18.06_0.5906_0.4182_-0.2956_-0.6237end2.52_8.21_-5.21_23.39_-37.49_-4.92_31.19_-26.00_18.06_0.5906_0.4164_-0.2960_-0.6246end2.43_8.20_-5.15_23.39_-37.49_-4.92_31.19_-26.00_18.06_0.5906_0.4164_-0.2960_-0.6246end2.36_8.20_-5.13_22.16_-48.12_-6.15_31.19_-26.00_18.06_0.5906_0.4164_-0.2960_-0.6246end2.19_8.20_-5.09_22.16_-48.12_-6.15_31.19_-26.00_18.06_0.5905_0.4090_-0.2985_-0.6284end2.16_8.13_-4.99_22.16_-48.12_-6.15_30.81_-26.00_17.12_0.5904_0.4069_-0.2994_-0.6295end2.19_8.12_-5.06_22.16_-48.12_-6.15_30.81_-26.00_17.12_0.5904_0.4069_-0.2994_-0.6295end,24.1293564,120.7289394,115.69999694824219
2925,,24.1293564,120.7289394,115.69999694824219
2926,,24.1293564,120.7289394,115.69999694824219
2927,,24.1293564,120.7289394,115.69999694824219
2928,,24.1293564,120.7289394,115.69999694824219
2929,,24.1293564,120.7289394,115.69999694824219
2930,,24.1293564,120.7289394,115.69999694824219
2931,2.25_8.14_-5.15_21.71_-65.46_-7.27_30.81_-26.00_17.12_0.5904_0.4069_-0.2994_-0.6295end2.25_8.14_-5.15_21.71_-65.46_-7.27_30.75_-25.37_14.87_0.5896_0.3998_-0.3027_-0.6332end2.42_8.13_-5.28_21.26_-70.61_-8.28_30.75_-25.37_14.87_0.5889_0.3946_-0.3054_-0.6357end2.46_8.08_-5.37_21.26_-70.61_-8.28_31.50_-25.69_15.75_0.5886_0.3920_-0.3067_-0.6370end2.48_8.11_-5.45_21.15_-62.44_-9.96_31.50_-25.69_15.75_0.5886_0.3920_-0.3067_-0.6370end2.42_8.00_-5.43_21.15_-62.44_-9.96_30.44_-25.00_17.62_0.5886_0.3920_-0.3067_-0.6370end2.36_8.05_-5.43_21.15_-62.44_-9.96_30.44_-25.00_17.62_0.5882_0.3834_-0.3105_-0.6408end2.25_8.03_-5.37_21.15_-62.44_-9.96_30.44_-25.00_17.62_0.58,24.1293564,120.7289394,115.69999694824219
2932,84_0.3817_-0.3110_-0.6414end1.77_8.07_-5.29_21.15_-62.44_-9.96_32.63_-24.00_15.81_0.5884_0.3817_-0.3110_-0.6414end1.47_8.04_-5.29_21.15_-62.44_-9.96_33.00_-25.00_15.38_0.5898_0.3782_-0.3111_-0.6422end,24.1293564,120.7289394,115.69999694824219
2933,,24.1293564,120.7289394,115.69999694824219
2934,,24.1293564,120.7289394,115.69999694824219
2935,,24.1293564,120.7289394,115.69999694824219
2936,,24.1293564,120.7289394,115.69999694824219
2937,,24.1293564,120.7289394,115.69999694824219
2938,,24.1293564,120.7289394,115.69999694824219
2939,1.21_8.02_-5.24_21.15_-62.44_-9.96_33.00_-25.00_15.38_0.5905_0.3774_-0.3107_-0.6422end0.52_8.03_-5.41_21.15_-62.44_-9.96_33.00_-25.00_15.38_0.5905_0.3774_-0.3107_-0.6422end0.23_8.04_-5.46_20.14_9.62_-12.53_33.00_-25.00_15.38_0.5905_0.3774_-0.3107_-0.6422end0.23_8.04_-5.46_20.14_9.62_-12.53_33.00_-25.00_15.38_0.5936_0.3757_-0.3083_-0.6415end-0.56_8.02_-5.54_20.14_9.62_-12.53_33.00_-25.00_15.38_0.5944_0.3752_-0.3076_-0.6413end-0.89_8.04_-5.71_20.14_9.62_-12.53_33.00_-25.00_15.38_0.5944_0.3752_-0.3076_-0.6413end-1.20_8.02_-5.87_19.81_0.11_-10.74_33.00_-25.00_15.38_0.5964_0.3735_-0.3063_-0.6411end-1.30_8.04_-5.91_19.70_-9.18_-9.74_33.38_-24.00_14.87_0.5969_0.3727_-0.3060_-0.6412end-1.39_8.07_-5.97_19.70_-9.18_-9.74_33.38_-24.00_14.87_0.5969_0.3727_-0.3060_-0.6412end-1.44_8.06_-6.14_19.70_-17.23_-8.50_33.38_-24.00_14.87_0.5969_0.3727_-0.3060_-0.6412end,24.1293564,120.7289394,115.69999694824219
2940,,24.1293564,120.7289394,115.69999694824219
2941,,24.1293564,120.7289394,115.69999694824219
2942,,24.1293564,120.7289394,115.69999694824219
2943,,24.1293564,120.7289394,115.69999694824219
2944,,24.1293564,120.7289394,115.69999694824219
2945,,24.1293564,120.7289394,115.69999694824219
2946,-1.38_8.06_-6.20_19.92_-21.04_-8.06_33.75_-23.62_16.31_0.5969_0.3727_-0.3060_-0.6412end-1.36_8.03_-6.36_20.14_-24.28_-7.72_33.75_-23.62_16.31_0.5984_0.3669_-0.3063_-0.6431end-1.48_8.08_-6.50_20.14_-24.28_-7.72_33.75_-23.62_16.31_0.5985_0.3655_-0.3066_-0.6436end-1.51_10.48_-7.05_20.14_-24.28_-7.72_33.75_-23.62_16.31_0.5987_0.3641_-0.3069_-0.6441end-0.51_10.59_-6.62_20.14_-24.28_-7.72_34.06_-24.63_15.81_0.5987_0.3641_-0.3069_-0.6441end-0.30_10.86_-6.95_20.14_-38.72_-10.41_34.06_-24.63_15.81_0.5987_0.3641_-0.3069_-0.6441end0.14_13.79_-7.08_20.14_-38.72_-10.41_32.25_-23.62_14.87_0.5989_0.3570_-0.3093_-0.6467end-0.24_13.92_-5.70_20.14_-38.72_-10.41_34.75_-2,24.1293564,120.7289394,115.69999694824219
2947,3.62_15.31_0.5986_0.3547_-0.3104_-0.6476end-0.91_14.55_-5.52_12.87_-54.16_-8.73_34.75_-23.62_15.31_0.5986_0.3547_-0.3104_-0.6476end0.02_15.07_-6.59_12.87_-54.16_-8.73_33.38_-23.31_14.44_0.5986_0.3547_-0.3104_-0.6476end,24.1293564,120.7289394,115.69999694824219
2948,,24.1293564,120.7289394,115.69999694824219
2949,,24.1293564,120.7289394,115.69999694824219
2950,,24.1293564,120.7289394,115.69999694824219
2951,,24.1293564,120.7289394,115.69999694824219
2952,,24.1293564,120.7289394,115.69999694824219
2953,0.02_15.07_-6.59_7.27_-48.23_-10.63_33.38_-23.31_14.44_0.5980_0.3508_-0.3126_-0.6493end0.02_15.07_-6.59_6.83_-45.32_-12.31_34.38_-23.25_15.81_0.5974_0.3470_-0.3152_-0.6507end-0.10_15.83_-7.07_6.83_-45.32_-12.31_33.75_-22.31_14.94_0.5971_0.3454_-0.3163_-0.6512end-0.10_15.83_-7.07_5.60_-45.55_-14.21_33.75_-22.31_14.94_0.5968_0.3420_-0.3188_-0.6521end-0.26_15.63_-5.66_5.60_-45.55_-14.21_33.75_-22.31_14.94_0.5968_0.3420_-0.3188_-0.6521end-0.76_15.37_-5.62_5.60_-45.55_-14.21_33.75_-22.31_14.94_0.5956_0.3361_-0.3237_-0.6537end-1.03_15.09_-5.71_5.60_-45.55_-14.21_33.75_-22.31_14.94_0.5952_0.3342_-0.3255_-0.6542end-1.34_14.75_-5.84_5.60_-45.55_-14.21_33.75_-22,24.1293564,120.7289394,115.69999694824219
2954,.31_14.94_0.5952_0.3342_-0.3255_-0.6542end-1.12_14.59_-5.73_-3.13_-49.69_-17.68_33.75_-22.31_14.94_0.5952_0.3342_-0.3255_-0.6542end-1.12_14.59_-5.73_-3.13_-49.69_-17.68_34.75_-22.69_13.06_0.5941_0.3276_-0.3321_-0.6553end,24.1293564,120.7289394,115.69999694824219
2955,,24.1293564,120.7289394,115.69999694824219
2956,,24.1293564,120.7289394,115.69999694824219
2957,,24.1293564,120.7289394,115.69999694824219
2958,,24.1293564,120.7289394,115.69999694824219
2959,,24.1293564,120.7289394,115.69999694824219
2960,,24.1293564,120.7289394,115.69999694824219
2961,-1.40_14.12_-4.81_-3.13_-49.69_-17.68_34.75_-22.69_13.06_0.5937_0.3260_-0.3339_-0.6555end-1.89_13.73_-4.54_-3.13_-49.69_-17.68_34.75_-22.69_13.06_0.5937_0.3260_-0.3339_-0.6555end-1.89_13.73_-4.54_-3.13_-49.69_-17.68_34.75_-22.69_13.06_0.5930_0.3230_-0.3373_-0.6559end-2.13_13.13_-4.35_-3.13_-49.69_-17.68_34.75_-22.69_13.06_0.5930_0.3230_-0.3373_-0.6559end-2.13_13.13_-4.35_-3.13_-49.69_-17.68_35.50_-23.00_12.63_0.5930_0.3230_-0.3373_-0.6559end-2.30_12.48_-3.82_-3.13_-49.69_-17.68_35.50_-23.00_12.63_0.5930_0.3230_-0.3373_-0.6559end-2.40_12.30_-3.76_-3.13_-49.69_-17.68_35.50_-23.00_12.63_0.5908_0.3154_-0.3479_-0.6561end-2.44_12.14_-3.67_-3.13_-49.69_-17.68,24.1293564,120.7289394,115.69999694824219
2962,_35.50_-23.00_12.63_0.5903_0.3141_-0.3499_-0.6561end-2.50_12.02_-3.47_-18.46_-49.35_-16.00_35.50_-23.00_12.63_0.5898_0.3129_-0.3519_-0.6561end-2.46_11.83_-3.29_-18.46_-49.35_-16.00_35.50_-23.00_12.63_0.5898_0.3129_-0.3519_-0.6561end,24.1293564,120.7289394,115.69999694824219
2963,,24.1293564,120.7289394,115.69999694824219
2964,,24.1293564,120.7289394,115.69999694824219
2965,,24.1293564,120.7289394,115.69999694824219
2966,,24.1293564,120.7289394,115.69999694824219
2967,,24.1293564,120.7289394,115.69999694824219
2968,-2.35_11.69_-3.16_-21.82_-48.12_-15.78_35.50_-23.00_12.63_0.5898_0.3129_-0.3519_-0.6561end-2.35_11.69_-3.16_-21.82_-48.12_-15.78_35.50_-23.00_12.63_0.5874_0.3087_-0.3602_-0.6557end-2.20_11.22_-3.20_-21.82_-48.12_-15.78_35.50_-23.00_12.63_0.5874_0.3087_-0.3602_-0.6557end-2.30_10.90_-3.04_-28.76_-47.00_-14.88_35.50_-23.00_12.63_0.,24.1293564,120.7289394,115.69999694824219
2969,5874_0.3087_-0.3602_-0.6557end-2.32_10.69_-3.14_-30.66_-44.65_-15.11_35.50_-23.00_12.63_0.5874_0.3087_-0.3602_-0.6557end-2.30_10.45_-3.39_-30.66_-44.65_-15.11_35.81_-22.37_10.31_0.5874_0.3087_-0.3602_-0.6557end-2.30_10.45_-3.39_-35.36_-35.14_-16.67_35.81_-22.37_10.31_0.5836_0.3046_-0.3732_-0.6537end-2.02_9.75_-3.00_-35.36_-35.14_-16.67_35.81_-22.37_10.31_0.5830_0.3042_-0.3754_-0.6531end-2.04_9.65_-2.67_-35.36_-35.14_-16.67_36.19_-21.37_7.12_0.5830_0.3042_-0.3754_-0.6531end-2.04_9.65_-2.67_-39.73_-35.36_-17.68_36.19_-21.37_7.12_0.5830_0.3042_-0.3754_-0.6531end,24.1293564,120.7289394,115.69999694824219
2970,,24.1293564,120.7289394,115.69999694824219
2971,,24.1293564,120.7289394,115.69999694824219
2972,,24.1293564,120.7289394,115.69999694824219
2973,,24.1293564,120.7289394,115.69999694824219
2974,,24.1293564,120.7289394,115.69999694824219
2975,,24.1293564,120.7289394,115.69999694824219
2976,-1.93_9.31_-2.25_-39.73_-35.36_-17.68_36.19_-21.37_7.12_0.5830_0.3042_-0.3754_-0.6531end-1.93_9.31_-2.25_-45.55_-32.45_-19.02_36.19_-21.37_7.12_0.5807_0.3032_-0.3844_-0.6504end-1.93_9.31_-2.25_-45.55_-32.45_-19.02_36.19_-21.37_7.12_0.5801_0.3033_-0.3868_-0.6495end-1.93_9.31_-2.25_-54.05_-22.16_-21.82_36.94_-21.37_7.62_0.5801_0.3033_-0.3868_-0.6495end-1.93_9.31_-2.25_-58.30_-18.58_-23.72_36.94_-21.37_7.62_0.5787_0.3042_-0.3939_-0.6461end-1.38_8.45_-3.04_-58.30_-18.58_-23.72_36.94_-21.37_7.62_0.5779_0.3054_-0.3988_-0.6432end-1.38_8.40_-2.91_-58.30_-18.58_-23.72_36.94_-21.37_7.62_0.5776_0.3061_-0.4012_-0.6417end-1.31_8.29_-2.54_-58.30_-18.58_-23.72_37.25_,24.1293564,120.7289394,115.69999694824219
2977,-22.75_5.75_0.5776_0.3061_-0.4012_-0.6417end-1.23_8.24_-2.65_-70.72_-7.39_-28.54_37.25_-22.75_5.75_0.5767_0.3091_-0.4089_-0.6361end-1.19_8.19_-2.69_-70.72_-7.39_-28.54_37.25_-22.75_5.75_0.5765_0.3104_-0.4114_-0.6340end,24.1293564,120.7289394,115.69999694824219
2978,,24.1293564,120.7289394,115.69999694824219
2979,,24.1293564,120.7289394,115.69999694824219
2980,,24.1293564,120.7289394,115.69999694824219
2981,,24.1293564,120.7289394,115.69999694824219
2982,,24.1293564,120.7289394,115.69999694824219
2983,,24.1293564,120.7289394,115.69999694824219
2984,-1.34_8.15_-2.67_-70.72_-7.39_-28.54_37.25_-22.75_5.75_0.5765_0.3104_-0.4114_-0.6340end-1.36_8.24_-2.66_-70.72_-7.39_-28.54_37.69_-21.75_7.12_0.5765_0.3104_-0.4114_-0.6340end-1.38_8.37_-2.44_-87.40_-0.56_-35.14_37.31_-20.37_5.75_0.5765_0.3104_-0.4114_-0.6340end-1.38_8.37_-2.44_-87.40_-0.56_-35.14_37.31_-20.37_5.75_0.5756_0.3181_-0.4253_-0.6218end-1.18_8.75_-2.23_-87.40_-0.56_-35.14_37.31_-20.37_5.75_0.5753_0.3196_-0.4283_-0.6192end-1.16_8.76_-2.31_-96.02_-3.25_-37.94_37.31_-20.37_5.75_0.5753_0.3196_-0.4283_-0.6192end-1.19_8.80_-2.48_-96.02_-3.25_-37.94_37.63_-21.44_4.87_0.5742_0.3247_-0.4380_-0.6107end-1.17_8.79_-2.40_-96.02_-3.25_-37.94_38.00_-21.44_4.37_0.5739_0.3265_-0.4413_-0.6076end-1.15_8.91_-2.29_-106.20_3.47_-42.41_38.00_-21.44_4.37_0.5736_0.3285_-0.4447_-0.6044end-1.15_8.91_-2.29_-108.55_5.82_-43.20_37.63_-20.75_4.37_0.5733_0.3306_-0.4481_-0.6010end,24.1293564,120.7289394,115.69999694824219
2985,,24.1293564,120.7289394,115.69999694824219
2986,,24.1293564,120.7289394,115.69999694824219
2987,,24.1293564,120.7289394,115.69999694824219
2988,,24.1293564,120.7289394,115.69999694824219
2989,,24.1293564,120.7289394,115.69999694824219
2990,-1.26_9.21_-2.12_-110.90_8.17_-44.09_37.63_-20.75_4.37_0.5733_0.3306_-0.4481_-0.6010end-1.26_9.21_-2.12_-110.90_8.17_-44.09_38.75_-19.69_3.94_0.5728_0.3348_-0.4548_-0.5941end-1.55_9.82_-2.16_-115.04_13.43_-45.66_38.75_-19.69_3.94_0.5726_0.3372_-0.4582_-0.5903end-1.55_9.82_-2.16_-115.04_13.43_-45.66_39.13_-19.69_3.94_0.5724_0.3396_-0.4615_-0.5866end-1.55_9.82_-2.16_-120.75_19.36_-47.90_39.13_-20.06_3.50_0.5724_0.3396_-0.4615_-0.5866end-1.55_9.82_-2.16_-122.20_18.46_-47.90_39.13_-20.06_3.50_0.5718_0.3472_-0.4714_-0.5747end-1.55_9.82_-2.16_-123.66_16.34_-48.01_39.13_-20.06_3.50_0.5712_0.3522_-0.4782_-0.5666end-2.20_11.05_-1.50_-123.66_16.34_-48.01_39.13_-20.06_3.50_0.5712_0.3522_-0.4782_-0.5666end-2.20_11.05_-1.46_-127.46_9.29_-48.23_39.13_-20.06_3.50_0.5712_0.3522_-0.4782_-0.5666end-2.23_11.00_-1.32_-127.46_9.29_-48.23_39.50_-19.06_2.12_0.5712_0.3522_-0.4782_-0.5666end,24.1293564,120.7289394,115.69999694824219
2991,,24.1293564,120.7289394,115.69999694824219
2992,,24.1293564,120.7289394,115.69999694824219
2993,,24.1293564,120.7289394,115.69999694824219
2994,,24.1293564,120.7289394,115.69999694824219
2995,,24.1293564,120.7289394,115.69999694824219
2996,,24.1293564,120.7289394,115.69999694824219
2997,-2.23_11.00_-1.32_-127.46_9.29_-48.23_39.50_-19.06_2.12_0.5681_0.3645_-0.4968_-0.5455end-2.32_10.90_-1.04_-127.46_9.29_-48.23_39.50_-18.69_1.19_0.5681_0.3645_-0.4968_-0.5455end-2.32_10.90_-1.04_-132.61_-2.24_-45.21_39.50_-18.69_1.19_0.5681_0.3645_-0.4968_-0.5455end-2.32_10.90_-1.04_-132.61_-2.24_-45.21_40.19_-18.37_-0.13_0.5640_,24.1293564,120.7289394,115.69999694824219
2998,0.3737_-0.5125_-0.5287end-2.18_10.74_-0.66_-132.61_-2.24_-45.21_40.19_-18.37_-0.13_0.5629_0.3760_-0.5164_-0.5245end-2.01_10.32_-0.39_-132.61_-2.24_-45.21_40.19_-17.31_0.37_0.5629_0.3760_-0.5164_-0.5245end-2.01_10.32_-0.39_-134.40_-0.45_-43.64_40.19_-17.31_0.37_0.5604_0.3807_-0.5242_-0.5159end-2.01_10.32_-0.39_-134.40_-0.45_-43.64_39.88_-17.31_0.75_0.5592_0.3830_-0.5279_-0.5118end-2.01_10.32_-0.39_-135.07_4.70_-42.97_39.88_-17.31_0.75_0.5580_0.3855_-0.5317_-0.5073end-2.01_10.32_-0.39_-135.07_7.05_-42.52_40.19_-17.06_-2.00_0.5557_0.3904_-0.5387_-0.4985end,24.1293564,120.7289394,115.69999694824219
2999,,24.1293564,120.7289394,115.69999694824219
3000,,24.1293564,120.7289394,115.69999694824219
3001,,24.1293564,120.7289394,115.69999694824219
3002,,24.1293564,120.7289394,115.69999694824219
3003,,24.1293564,120.7289394,115.69999694824219
3004,,24.1293564,120.7289394,115.69999694824219
3005,-2.07_9.30_0.02_-135.29_10.85_-41.52_40.19_-17.06_-2.00_0.5557_0.3904_-0.5387_-0.4985end-2.09_9.04_0.16_-135.41_11.75_-40.62_39.44_-16.69_-2.00_0.5557_0.3904_-0.5387_-0.4985end-2.13_8.86_0.25_-134.96_12.09_-40.29_39.44_-16.69_-2.00_0.5510_0.4010_-0.5522_-0.4803end-2.15_8.62_0.33_-134.96_12.09_-40.29_39.44_-16.69_-2.00_0.5498_0.4037_-0.5555_-0.4755end-2.21_8.46_0.47_-133.95_12.53_-38.16_39.44_-16.69_-2.00_0.5498_0.4037_-0.5555_-0.4755end-2.21_8.46_0.47_-133.95_12.53_-38.16_39.44_-16.69_-2.00_0.5473_0.4089_-0.5618_-0.4664end-2.19_8.12_0.78_-133.95_12.53_-38.16_39.44_-16.69_-2.00_0.5473_0.4089_-0.5618_-0.4664end-2.16_8.06_0.91_-133.95_12.53_-38.16_39.44_-,24.1293564,120.7289394,115.69999694824219
3006,16.69_-2.00_0.5432_0.4166_-0.5713_-0.4528end-2.06_7.93_1.04_-133.95_12.53_-38.16_40.19_-15.69_-1.94_0.5416_0.4191_-0.5744_-0.4485end-1.99_7.72_1.07_-133.95_12.53_-38.16_40.19_-15.69_-1.94_0.5416_0.4191_-0.5744_-0.4485end,24.1293564,120.7289394,115.69999694824219
3007,,24.1293564,120.7289394,115.69999694824219
3008,,24.1293564,120.7289394,115.69999694824219
3009,,24.1293564,120.7289394,115.69999694824219
3010,,24.1293564,120.7289394,115.69999694824219
3011,,24.1293564,120.7289394,115.69999694824219
3012,-1.99_7.72_1.07_-133.95_12.53_-38.16_40.19_-15.69_-1.94_0.5365_0.4263_-0.5837_-0.4356end-1.96_7.25_1.29_-133.95_12.53_-38.16_40.56_-13.94_-2.37_0.5365_0.4263_-0.5837_-0.4356end-1.91_7.05_1.36_-127.13_4.14_-29.54_40.56_-13.94_-2.37_0.5365_0.4263_-0.5837_-0.4356end-1.91_7.05_1.36_-125.45_5.60_-28.42_40.56_-13.94_-2.37_0.5313_0.433,24.1293564,120.7289394,115.69999694824219
3013,3_-0.5924_-0.4232end-1.76_6.57_2.04_-125.45_5.60_-28.42_40.56_-13.94_-2.37_0.5296_0.4358_-0.5952_-0.4188end-1.76_6.57_2.04_-124.44_14.32_-26.86_40.56_-13.94_-2.37_0.5264_0.4404_-0.6002_-0.4107end-1.74_6.41_2.56_-124.44_14.32_-26.86_40.56_-13.94_-2.37_0.5249_0.4430_-0.6026_-0.4062end-1.83_5.89_2.02_-124.44_14.32_-26.86_40.56_-13.94_-2.37_0.5249_0.4430_-0.6026_-0.4062end-1.83_5.89_2.02_-124.44_14.32_-26.86_40.56_-14.00_-4.19_0.5222_0.4483_-0.6071_-0.3973end-1.83_5.89_2.02_-124.44_14.32_-26.86_41.31_-13.31_-5.56_0.5209_0.4510_-0.6091_-0.3928end,24.1293564,120.7289394,115.69999694824219
3014,,24.1293564,120.7289394,115.69999694824219
3015,,24.1293564,120.7289394,115.69999694824219
3016,,24.1293564,120.7289394,115.69999694824219
3017,,24.1293564,120.7289394,115.69999694824219
3018,,24.1293564,120.7289394,115.69999694824219
3019,,24.1293564,120.7289394,115.69999694824219
3020,-1.83_5.89_2.02_-124.44_14.32_-26.86_41.31_-13.31_-5.56_0.5182_0.4565_-0.6130_-0.3838end-2.45_5.47_2.27_-124.44_14.32_-26.86_41.31_-13.31_-5.56_0.5170_0.4590_-0.6148_-0.3795end-3.32_5.30_2.76_-124.44_14.32_-26.86_41.31_-13.31_-5.56_0.5170_0.4590_-0.6148_-0.3795end-3.16_5.16_2.80_-124.44_14.32_-26.86_41.31_-13.31_-5.56_0.5143_0.4644_-0.6182_-0.3710end-3.16_5.16_2.80_-109.67_24.28_-15.78_41.31_-13.31_-5.56_0.5132_0.4670_-0.6197_-0.3668end-2.56_5.61_2.76_-109.67_24.28_-15.78_41.31_-13.31_-5.56_0.5104_0.4720_-0.6229_-0.3588end-2.56_5.86_2.69_-109.67_24.28_-15.78_41.31_-13.62_-5.56_0.5104_0.4720_-0.6229_-0.3588end-2.56_5.86_2.69_-105.30_7.27_-10.97_41.31_-1,24.1293564,120.7289394,115.69999694824219
3021,3.62_-5.56_0.5068_0.4763_-0.6262_-0.3522end-2.37_6.26_2.60_-105.30_7.27_-10.97_41.31_-13.62_-5.56_0.5047_0.4785_-0.6281_-0.3490end-2.37_6.26_2.60_-99.48_-11.97_-5.26_41.31_-13.62_-5.56_0.5024_0.4803_-0.6299_-0.3463end,24.1293564,120.7289394,115.69999694824219
3022,,24.1293564,120.7289394,115.69999694824219
3023,,24.1293564,120.7289394,115.69999694824219
3024,,24.1293564,120.7289394,115.69999694824219
3025,,24.1293564,120.7289394,115.69999694824219
3026,,24.1293564,120.7289394,115.69999694824219
3027,-2.37_6.26_2.60_-95.57_-21.15_-2.46_41.31_-13.62_-5.56_0.5024_0.4803_-0.6299_-0.3463end-2.37_6.26_2.60_-95.57_-21.15_-2.46_41.31_-13.62_-5.56_0.4976_0.4839_-0.6338_-0.3413end-0.28_8.02_1.30_-95.57_-21.15_-2.46_41.31_-13.62_-5.56_0.4976_0.4839_-0.6338_-0.3413end0.14_7.86_1.18_-95.57_-21.15_-2.46_42.44_-12.56_-4.62_0.4976_0.4839_-0.6338_-0.3413end0.14_7.86_1.18_-95.57_-21.15_-2.46_42.44_-12.56_-4.62_0.4850_0.4927_-0.6428_-0.3299end0.33_7.09_1.40_-95.57_-21.15_-2.46_42.44_-12.56_-4.62_0.4830_0.4945_-0.6441_-0.3276end-0.05_6.37_1.37_-95.57_-21.15_-2.46_42.44_-12.56_-4.62_0.4811_0.4965_-0.6453_-0.3251end-0.29_5.94_1.31_-80.68_11.08_4.59_42.44_-12.56_-4.62_0,24.1293564,120.7289394,115.69999694824219
3028,.4811_0.4965_-0.6453_-0.3251end-0.43_5.58_1.23_-80.68_11.08_4.59_42.44_-12.56_-4.62_0.4781_0.5005_-0.6469_-0.3200end-0.62_5.29_1.27_-80.68_11.08_4.59_42.44_-12.56_-4.62_0.4758_0.5047_-0.6479_-0.3148end,24.1293564,120.7289394,115.69999694824219
3029,,24.1293564,120.7289394,115.69999694824219
3030,,24.1293564,120.7289394,115.69999694824219
3031,,24.1293564,120.7289394,115.69999694824219
3032,,24.1293564,120.7289394,115.69999694824219
3033,,24.1293564,120.7289394,115.69999694824219
3034,-0.75_4.77_1.21_-80.68_11.08_4.59_42.44_-12.56_-4.62_0.4748_0.5068_-0.6483_-0.3123end-0.78_4.76_1.37_-80.68_11.08_4.59_42.44_-12.56_-4.62_0.4748_0.5068_-0.6483_-0.3123end-0.55_4.84_1.27_-65.58_14.77_10.52_42.44_-12.56_-4.62_0.4748_0.5068_-0.6483_-0.3123end-0.55_4.84_1.27_-65.58_14.77_10.52_42.44_-12.56_-4.62_0.4700_0.5144_-0.6497_-0.3040end-0.34_4.72_1.14_-58.08_4.14_15.11_42.44_-12.56_-4.62_0.4686_0.5161_-0.6501_-0.3024end-0.09_5.00_0.70_-58.08_4.14_15.11_42.44_-12.56_-4.62_0.4686_0.5161_-0.6501_-0.3024end0.04_5.14_0.58_-53.16_10.18_16.67_42.44_-12.56_-4.62_0.4686_0.5161_-0.6501_-0.3024end0.28_5.24_0.46_-53.16_10.18_16.67_42.44_-12.56_-4.62_0.4640_0.5,24.1293564,120.7289394,115.69999694824219
3035,231_-0.6506_-0.2963end0.23_5.41_0.70_-53.16_10.18_16.67_41.69_-11.56_-6.50_0.4633_0.5249_-0.6504_-0.2947end0.23_5.41_0.70_-53.16_10.18_16.67_41.31_-11.25_-7.37_0.4633_0.5249_-0.6504_-0.2947end,24.1293564,120.7289394,115.69999694824219
3036,,24.1293564,120.7289394,115.69999694824219
3037,,24.1293564,120.7289394,115.69999694824219
3038,,24.1293564,120.7289394,115.69999694824219
3039,,24.1293564,120.7289394,115.69999694824219
3040,,24.1293564,120.7289394,115.69999694824219
3041,0.10_5.45_0.58_-43.31_25.85_18.69_41.31_-11.25_-7.37_0.4633_0.5249_-0.6504_-0.2947end0.10_5.45_0.58_-36.82_23.95_21.82_41.31_-11.25_-7.37_0.4617_0.5302_-0.6491_-0.2905end-0.62_5.79_0.46_-36.82_23.95_21.82_41.31_-11.25_-7.37_0.4613_0.5318_-0.6486_-0.2893end-0.62_5.79_0.46_-27.19_15.44_25.74_41.31_-11.25_-7.37_0.4603_0.5349_-0.6475_-0.2877end-0.74_6.00_0.30_-24.28_11.41_27.31_41.31_-11.25_-7.37_0.4603_0.5349_-0.6475_-0.2877end-0.74_6.00_0.30_-24.28_11.41_27.31_41.31_-11.25_-7.37_0.4583_0.5391_-0.6459_-0.2866end-0.58_6.37_-0.12_-24.28_11.41_27.31_41.31_-11.25_-7.37_0.4575_0.5403_-0.6454_-0.2867end-0.52_6.93_-0.18_-11.19_-8.62_34.02_41.31_-11.25_-7.37_0.4575_0.5403_-0.6454_-0.2867end-0.54_7.18_-0.16_-6.94_-12.31_36.15_41.31_-11.25_-7.37_0.4575_0.5403_-0.6454_-0.2867end-0.43_7.46_-0.15_-6.94_-12.31_36.15_41.31_-12.31_-6.87_0.4536_0.5446_-0.6434_-0.2894end,24.1293564,120.7289394,115.69999694824219
3042,,24.1293564,120.7289394,115.69999694824219
3043,,24.1293564,120.7289394,115.69999694824219
3044,,24.1293564,120.7289394,115.69999694824219
3045,,24.1293564,120.7289394,115.69999694824219
3046,,24.1293564,120.7289394,115.69999694824219
3047,,24.1293564,120.7289394,115.69999694824219
3048,-0.18_8.19_-0.34_-6.94_-12.31_36.15_41.31_-12.31_-6.87_0.4525_0.5454_-0.6429_-0.2907end0.18_8.80_-0.56_-6.94_-12.31_36.15_42.38_-12.63_-7.37_0.4525_0.5454_-0.6429_-0.2907end0.35_9.08_-0.68_-6.94_-12.31_36.15_41.69_-13.31_-6.50_0.4525_0.5454_-0.6429_-0.2907end0.45_9.38_-0.83_-6.94_-12.31_36.15_41.69_-13.31_-6.50_0.4481_0.5480_-0.6405_-0.2979end0.75_10.07_-0.76_-6.94_-12.31_36.15_41.69_-13.31_-6.50_0.4471_0.5485_-0.6397_-0.2999end0.72_10.18_-0.76_-6.94_-12.31_36.15_41.63_-13.31_-6.94_0.4465_0.5491_-0.6387_-0.3021end0.72_10.18_-0.76_31.33_-18.46_47.78_41.63_-13.31_-6.94_0.4465_0.5491_-0.6387_-0.3021end0.74_10.28_-0.80_31.33_-18.46_47.78_41.63_-13.31_-6.94,24.1293564,120.7289394,115.69999694824219
3049,_0.4457_0.5507_-0.6348_-0.3085end0.57_10.62_-0.86_31.33_-18.46_47.78_41.63_-13.31_-6.94_0.4459_0.5512_-0.6332_-0.3105end0.53_10.80_-0.73_47.45_4.25_50.47_41.63_-13.31_-6.94_0.4459_0.5512_-0.6332_-0.3105end,24.1293564,120.7289394,115.69999694824219
3050,,24.1293564,120.7289394,115.69999694824219
3051,,24.1293564,120.7289394,115.69999694824219
3052,,24.1293564,120.7289394,115.69999694824219
3053,,24.1293564,120.7289394,115.69999694824219
3054,,24.1293564,120.7289394,115.69999694824219
3055,,24.1293564,120.7289394,115.69999694824219
3056,0.53_10.80_-0.73_47.45_4.25_50.47_39.81_-15.06_-8.81_0.4477_0.5528_-0.6273_-0.3171end0.35_11.25_-0.46_47.45_4.25_50.47_39.81_-15.06_-8.81_0.4484_0.5532_-0.6251_-0.3196end0.55_11.47_-0.45_47.45_4.25_50.47_39.81_-15.06_-8.81_0.4484_0.5532_-0.6251_-0.3196end0.55_11.47_-0.45_47.45_4.25_50.47_39.44_-16.44_-6.56_0.4504_0.5536_-0.6187_-0.3283end0.73_11.72_-0.52_75.65_-8.39_55.62_39.44_-16.44_-6.56_0.4512_0.5535_-0.6165_-0.3316end0.89_11.84_-0.48_75.65_-8.39_55.62_39.44_-16.44_-6.56_0.4520_0.5534_-0.6142_-0.3349end1.11_11.69_-0.35_75.65_-8.39_55.62_39.44_-16.44_-6.56_0.4520_0.5534_-0.6142_-0.3349end1.21_11.55_-0.32_90.08_-0.11_56.18_39.44_-16.44_-6.56_0.4541_0.5530_-0.6092_-0.3418end1.21_11.55_-0.32_92.77_3.58_55.73_39.44_-16.44_-6.56_0.4567_0.5524_-0.6039_-0.3487end1.37_11.16_-0.34_92.77_3.58_55.73_39.44_-16.44_-6.56_0.4583_0.5521_-0.6009_-0.3522end,24.1293564,120.7289394,115.69999694824219
3057,,24.1293564,120.7289394,115.69999694824219
3058,,24.1293564,120.7289394,115.69999694824219
3059,,24.1293564,120.7289394,115.69999694824219
3060,,24.1293564,120.7289394,115.69999694824219
3061,,24.1293564,120.7289394,115.69999694824219
3062,,24.1293564,120.7289394,115.69999694824219
3063,1.34_10.99_-0.39_98.81_11.08_55.39_39.44_-16.44_-6.56_0.4583_0.5521_-0.6009_-0.3522end1.34_10.99_-0.39_102.17_13.88_55.39_38.69_-17.81_-5.69_0.4583_0.5521_-0.6009_-0.3522end1.34_10.99_-0.39_104.86_15.78_54.72_38.69_-17.81_-5.69_0.4638_0.5510_-0.5916_-0.3623end1.34_10.99_-0.39_109.89_16.23_54.61_38.69_-17.81_-5.69_0.4681_0.5500_-,24.1293564,120.7289394,115.69999694824219
3064,0.5848_-0.3693end1.34_10.99_-0.39_112.02_17.12_54.27_38.69_-17.81_-5.69_0.4681_0.5500_-0.5848_-0.3693end1.34_10.99_-0.39_12.98_-84.94_28.87_38.69_-17.81_-5.69_0.4701_0.5485_-0.5802_-0.3762end-44.70_19.41_44.91_12.98_-84.94_28.87_38.69_-17.81_-5.69_0.4701_0.5485_-0.5802_-0.3762end-44.70_19.41_44.91_-139.77_166.29_-37.94_38.31_-20.50_-2.94_0.4728_0.5435_-0.5751_-0.3877end-23.98_12.73_24.09_-139.77_166.29_-37.94_38.31_-20.50_-2.94_0.4728_0.5435_-0.5751_-0.3877end7.44_10.63_-0.33_-139.77_166.29_-37.94_38.31_-20.50_-2.56_0.4940_0.5555_-0.5645_-0.3588end,24.1293564,120.7289394,115.69999694824219
3065,,24.1293564,120.7289394,115.69999694824219
3066,,24.1293564,120.7289394,115.69999694824219
3067,,24.1293564,120.7289394,115.69999694824219
3068,,24.1293564,120.7289394,115.69999694824219
3069,,24.1293564,120.7289394,115.69999694824219
3070,,24.1293564,120.7289394,115.69999694824219
3071,6.21_2.78_-8.80_-25.29_-10.07_-28.65_38.75_-19.44_-0.19_0.4940_0.5555_-0.5645_-0.3588end13.67_8.57_-10.13_-25.29_-10.07_-28.65_38.75_-19.44_-0.19_0.4947_0.5560_-0.5660_-0.3546end13.90_5.31_-30.51_1.79_-96.24_17.79_38.75_-19.44_-0.19_0.4898_0.5526_-0.5689_-0.3620end-3.40_5.28_-17.73_99.82_-145.59_46.33_38.75_-19.44_-0.19_0.4872_0.5496_-0.5698_-0.3687end-0.48_6.25_2.73_99.82_-145.59_46.33_38.75_-19.44_-0.19_0.4872_0.5496_-0.5698_-0.3687end-2.16_12.66_6.29_99.82_-145.59_46.33_38.75_-19.44_-0.19_0.4890_0.5461_-0.5665_-0.3764end-8.97_11.43_10.29_87.96_118.73_5.60_38.75_-19.44_-0.19_0.4987_0.5463_-0.5584_-0.3755end-4.34_11.54_20.68_87.96_118.73_5.60_39.44_-1,24.1293564,120.7289394,115.69999694824219
3072,9.75_-0.19_0.5045_0.5472_-0.5543_-0.3726end-2.16_10.62_19.02_18.69_138.99_-28.42_39.44_-19.75_-0.19_0.5096_0.5484_-0.5509_-0.3690end-0.50_9.57_7.20_18.69_138.99_-28.42_39.44_-19.75_-0.19_0.5096_0.5484_-0.5509_-0.3690end,24.1293564,120.7289394,115.69999694824219
3073,,24.1293564,120.7289394,115.69999694824219
3074,,24.1293564,120.7289394,115.69999694824219
3075,,24.1293564,120.7289394,115.69999694824219
3076,,24.1293564,120.7289394,115.69999694824219
3077,,24.1293564,120.7289394,115.69999694824219
3078,,24.1293564,120.7289394,115.69999694824219
3079,0.12_9.97_1.63_-6.04_16.11_-13.88_39.44_-19.75_-0.19_0.5137_0.5495_-0.5490_-0.3644end2.59_7.25_-8.34_-6.04_16.11_-13.88_38.75_-19.44_0.31_0.5124_0.5487_-0.5500_-0.3658end-2.37_7.61_-8.02_-6.04_16.11_-13.88_38.75_-19.44_0.31_0.5124_0.5487_-0.5500_-0.3658end1.94_7.36_-10.72_-6.04_16.11_-13.88_38.75_-19.44_0.31_0.5111_0.5476_-0.5510_-0.3679end-1.67_8.46_-6.65_-6.04_16.11_-13.88_39.44_-19.06_0.31_0.5119_0.5459_-0.5502_-0.3705end-0.73_8.68_-1.73_67.03_48.01_1.45_39.44_-19.06_0.31_0.5170_0.5446_-0.5461_-0.3716end-0.47_8.50_0.70_67.03_48.01_1.45_39.44_-19.06_0.31_0.5203_0.5439_-0.5433_-0.3718end-1.06_10.28_1.01_67.03_48.01_1.45_39.44_-19.06_0.31_0.5203_0.5439_-0.5433_-0.3718end-0.48_10.38_7.65_67.03_48.01_1.45_39.44_-19.06_0.31_0.5203_0.5439_-0.5433_-0.3718end-0.48_10.38_7.65_35.59_53.83_2.57_38.75_-19.06_2.56_0.5289_0.5425_-0.5359_-0.3724end,24.1293564,120.7289394,115.69999694824219
3080,,24.1293564,120.7289394,115.69999694824219
3081,,24.1293564,120.7289394,115.69999694824219
3082,,24.1293564,120.7289394,115.69999694824219
3083,,24.1293564,120.7289394,115.69999694824219
3084,,24.1293564,120.7289394,115.69999694824219
3085,,24.1293564,120.7289394,115.69999694824219
3086,-3.25_9.69_8.68_17.57_63.45_-0.90_38.75_-19.06_2.56_0.5289_0.5425_-0.5359_-0.3724end-3.25_9.69_8.68_17.57_63.45_-0.90_38.00_-18.69_2.12_0.5330_0.5428_-0.5322_-0.3718end-3.25_9.69_8.68_10.07_53.27_-0.56_38.00_-18.69_2.12_0.5377_0.5446_-0.5277_-0.3686end0.36_8.27_-3.09_10.07_53.27_-0.56_39.50_-19.69_4.94_0.5377_0.5446_-0.5277_-0.3686end0.36_8.27_-3.09_30.66_4.59_7.95_39.50_-19.69_4.94_0.5377_0.5446_-0.5277_-0.3686end-1.52_8.48_-5.34_30.66_4.59_7.95_39.50_-19.69_4.94_0.5395_0.5446_-0.5258_-0.3687end-2.68_8.83_-3.50_30.66_4.59_7.95_37.25_-19.75_3.06_0.5395_0.5446_-0.5258_-0.3687end-2.68_8.83_-3.50_30.66_4.59_7.95_38.75_-19.75_1.69_0.5446_0.5413_-0.5212_-0.,24.1293564,120.7289394,115.69999694824219
3087,3726end-2.10_9.39_2.11_56.51_7.05_5.26_38.75_-19.75_1.69_0.5460_0.5402_-0.5199_-0.3738end-1.23_9.90_2.65_56.51_7.05_5.26_38.75_-19.75_1.69_0.5472_0.5391_-0.5188_-0.3752end,24.1293564,120.7289394,115.69999694824219
3088,,24.1293564,120.7289394,115.69999694824219
3089,,24.1293564,120.7289394,115.69999694824219
3090,,24.1293564,120.7289394,115.69999694824219
3091,,24.1293564,120.7289394,115.69999694824219
3092,,24.1293564,120.7289394,115.69999694824219
3093,,24.1293564,120.7289394,115.69999694824219
3094,-2.91_9.79_3.72_40.17_-7.50_10.74_38.75_-19.75_1.69_0.5472_0.5391_-0.5188_-0.3752end-2.91_9.79_3.72_40.17_-7.50_10.74_38.75_-19.75_1.69_0.5493_0.5364_-0.5163_-0.3794end-1.80_9.61_2.18_40.17_-7.50_10.74_38.75_-19.75_1.69_0.5497_0.5359_-0.5156_-0.3804end-3.16_9.07_0.09_40.17_-7.50_10.74_38.75_-19.75_1.69_0.5497_0.5359_-0.5156_-0.3804end-2.45_9.34_-1.06_19.58_9.96_7.05_38.75_-19.75_1.69_0.5512_0.5352_-0.5135_-0.3822end-2.61_8.88_-4.21_19.58_9.96_7.05_38.75_-19.75_1.69_0.5518_0.5349_-0.5128_-0.3828end-1.91_8.86_-3.69_19.58_9.96_7.05_38.38_-19.69_3.94_0.5518_0.5349_-0.5128_-0.3828end-1.84_8.89_-3.90_40.17_-21.60_9.74_38.38_-19.69_3.94_0.5518_0.5349_-0.5128_-0.3828end-1.49_9.22_-1.93_40.17_-21.60_9.74_38.75_-20.00_5.81_0.5532_0.5325_-0.5111_-0.3862end-1.79_9.38_-0.78_43.42_-28.42_11.64_38.75_-20.00_5.81_0.5535_0.5301_-0.5105_-0.3899end,24.1293564,120.7289394,115.69999694824219
3095,,24.1293564,120.7289394,115.69999694824219
3096,,24.1293564,120.7289394,115.69999694824219
3097,,24.1293564,120.7289394,115.69999694824219
3098,,24.1293564,120.7289394,115.69999694824219
3099,,24.1293564,120.7289394,115.69999694824219
3100,,24.1293564,120.7289394,115.69999694824219
3101,,24.1293564,120.7289394,115.69999694824219
3102,-2.02_9.51_0.07_43.42_-28.42_11.64_38.75_-20.00_5.81_0.5535_0.5288_-0.5102_-0.3920end-2.04_9.65_1.17_43.42_-28.42_11.64_38.75_-20.00_5.81_0.5535_0.5288_-0.5102_-0.3920end-2.04_9.65_1.17_32.01_-26.63_12.53_38.00_-20.06_4.87_0.5535_0.5288_-0.5102_-0.3920end-1.71_9.50_-0.02_32.01_-26.63_12.53_38.00_-20.06_4.87_0.5535_0.5288_-0.5102_-0.3920end-1.71_9.50_-0.02_32.01_-26.63_12.53_38.00_-20.06_4.87_0.5529_0.5239_-0.5095_-0.4002end-1.81_9.31_-1.42_32.01_-26.63_12.53_38.75_-20.37_5.81_0.5525_0.5231_-0.5096_-0.4018end-1.32_9.16_-3.29_32.01_-26.63_12.53_38.75_-20.37_5.81_0.5521_0.5220_-0.5098_-0.4034end-1.12_9.26_-3.82_32.01_-26.63_12.53_38.75_-20.37_5.81_0.5521_0.5220_-0.5098_-0.4034end-1.21_9.27_-3.41_29.99_-42.97_12.09_39.13_-19.69_4.44_0.5521_0.5220_-0.5098_-0.4034end-1.28_9.37_-2.66_31.67_-43.53_12.31_39.13_-19.69_4.44_0.5501_0.5173_-0.5106_-0.4111end,24.1293564,120.7289394,115.69999694824219
3103,,24.1293564,120.7289394,115.69999694824219
3104,,24.1293564,120.7289394,115.69999694824219
3105,,24.1293564,120.7289394,115.69999694824219
3106,,24.1293564,120.7289394,115.69999694824219
3107,,24.1293564,120.7289394,115.69999694824219
3108,-1.14_9.44_-1.90_31.67_-43.53_12.31_38.00_-19.37_3.44_0.5496_0.5161_-0.5108_-0.4131end-1.13_9.59_-0.62_31.67_-43.53_12.31_38.00_-19.37_3.44_0.5496_0.5161_-0.5108_-0.4131end-1.12_9.63_-0.62_31.67_-43.53_12.31_38.00_-20.06_3.44_0.5496_0.5161_-0.5108_-0.4131end-1.12_9.63_-0.62_23.28_-44.20_10.97_38.75_-20.06_3.06_0.5480_0.5124_-0.5116_-0.4189end-0.89_9.55_-0.93_23.28_-44.20_10.97_38.75_-20.06_3.06_0.5466_0.5101_-0.5123_-0.4225end-0.71_9.44_-1.95_20.59_-40.17_10.18_38.75_-20.06_3.06_0.5466_0.5101_-0.5123_-0.4225end-0.71_9.44_-1.95_21.26_-36.71_10.30_38.75_-20.06_3.06_0.5453_0.5080_-0.5131_-0.4258end-0.71_9.44_-1.95_21.26_-36.71_10.30_38.38_-20.06_3.06_0.54,24.1293564,120.7289394,115.69999694824219
3109,42_0.5060_-0.5135_-0.4290end-0.79_9.44_-2.04_21.26_-36.71_10.30_38.38_-20.06_3.06_0.5438_0.5051_-0.5137_-0.4304end-1.08_9.57_-1.49_21.26_-36.71_10.30_38.38_-20.06_3.06_0.5438_0.5051_-0.5137_-0.4304end,24.1293564,120.7289394,115.69999694824219
3110,,24.1293564,120.7289394,115.69999694824219
3111,,24.1293564,120.7289394,115.69999694824219
3112,,24.1293564,120.7289394,115.69999694824219
3113,,24.1293564,120.7289394,115.69999694824219
3114,,24.1293564,120.7289394,115.69999694824219
3115,,24.1293564,120.7289394,115.69999694824219
3116,-1.17_9.59_-1.13_22.60_-18.91_10.30_38.38_-20.06_3.06_0.5438_0.5051_-0.5137_-0.4304end-1.17_9.59_-1.13_22.60_-18.91_10.30_38.38_-20.06_3.06_0.5433_0.5030_-0.5132_-0.4342end-1.17_9.59_-1.13_22.60_-18.91_10.30_38.00_-20.06_3.06_0.5432_0.5019_-0.5126_-0.4362end-2.06_9.68_-0.60_22.60_-18.91_10.30_38.00_-20.06_3.06_0.5430_0.5014_-0.5123_-0.4373end-2.36_9.64_-0.94_22.60_-18.91_10.30_38.00_-20.06_3.06_0.5430_0.5014_-0.5123_-0.4373end-2.36_9.64_-0.94_17.46_-24.95_11.30_38.00_-20.06_3.06_0.5425_0.5003_-0.5121_-0.4394end-2.48_9.59_-1.28_17.46_-31.67_11.08_38.00_-20.06_3.06_0.5425_0.5003_-0.5121_-0.4394end-2.27_9.57_-1.22_17.46_-31.67_11.08_38.00_-20.06_3.06_0.5425_0.5003_-0.5121_-0.4394end-1.86_9.60_-1.12_17.46_-31.67_11.08_38.00_-20.06_3.06_0.5397_0.4966_-0.5134_-0.4456end-1.69_9.63_-1.00_17.46_-58.08_12.65_38.00_-20.06_3.06_0.5397_0.4966_-0.5134_-0.4456end,24.1293564,120.7289394,115.69999694824219
3117,,24.1293564,120.7289394,115.69999694824219
3118,,24.1293564,120.7289394,115.69999694824219
3119,,24.1293564,120.7289394,115.69999694824219
3120,,24.1293564,120.7289394,115.69999694824219
3121,,24.1293564,120.7289394,115.69999694824219
3122,,24.1293564,120.7289394,115.69999694824219
3123,-1.69_9.63_-1.00_17.46_-58.08_12.65_38.00_-20.06_3.06_0.5361_0.4927_-0.5157_-0.4516end-1.18_9.63_-0.79_17.46_-58.08_12.65_38.00_-20.06_3.06_0.5347_0.4913_-0.5166_-0.4537end-1.12_9.64_-0.80_15.67_-61.77_13.43_38.00_-20.06_3.06_0.5347_0.4913_-0.5166_-0.4537end-0.99_9.63_-0.91_15.67_-61.77_13.43_38.38_-20.75_2.56_0.5347_0.4913_-0.5166_-0.4537end-0.99_9.63_-0.91_15.67_-61.77_13.43_38.38_-20.75_2.56_0.5295_0.4861_-0.5198_-0.4617end-0.88_9.61_-0.96_15.67_-61.77_13.43_38.38_-20.75_2.56_0.5282_0.4849_-0.5205_-0.4636end-0.64_9.61_-0.78_15.67_-61.77_13.43_38.38_-20.75_2.56_0.5269_0.4836_-0.5213_-0.4655end-0.57_9.65_-0.61_15.67_-58.19_12.98_38.38_-20.75_2.56_0.52,24.1293564,120.7289394,115.69999694824219
3124,,24.1293564,120.7289394,115.69999694824219
3125,69_0.4836_-0.5213_-0.4655end-0.57_9.65_-0.61_15.67_-58.19_12.98_38.38_-20.75_2.56_0.5245_0.4811_-0.5227_-0.4693end-0.57_9.65_-0.61_15.67_-58.19_12.98_37.25_-21.50_0.69_0.5232_0.4798_-0.5234_-0.4712end,24.1293564,120.7289394,115.69999694824219
3126,,24.1293564,120.7289394,115.69999694824219
3127,,24.1293564,120.7289394,115.69999694824219
3128,,24.1293564,120.7289394,115.69999694824219
3129,,24.1293564,120.7289394,115.69999694824219
3130,,24.1293564,120.7289394,115.69999694824219
3131,-0.31_9.68_-0.18_15.00_-56.85_12.42_37.25_-21.50_0.69_0.5232_0.4798_-0.5234_-0.4712end-0.14_9.64_-0.15_15.00_-56.85_12.42_37.25_-21.50_0.69_0.5195_0.4760_-0.5256_-0.4767end-0.04_9.66_-0.14_14.66_-53.83_11.64_37.25_-21.50_0.69_0.5195_0.4760_-0.5256_-0.4767end-0.04_9.66_-0.14_14.66_-53.83_11.64_37.25_-22.56_-0.25_0.5161_0.4722_-0.5275_-0.4821end0.20_9.63_-0.17_14.66_-53.83_11.64_37.25_-22.56_-0.25_0.5150_0.4710_-0.5281_-0.4838end0.40_9.63_-0.12_14.66_-53.83_11.64_37.25_-22.56_-0.25_0.5150_0.4710_-0.5281_-0.4838end0.46_9.66_-0.09_14.66_-53.83_11.64_38.31_-22.19_-1.12_0.5121_0.4675_-0.5296_-0.4885end0.46_9.65_-0.00_14.66_-53.83_11.64_38.31_-22.19_-1.12_0.5121_0.4675_-0.5296_-0.4885end0.49_9.65_0.00_16.79_-36.26_8.28_38.31_-22.19_-1.12_0.5121_0.4675_-0.5296_-0.4885end0.52_9.67_0.02_16.79_-36.26_8.28_38.31_-21.87_-0.25_0.5121_0.4675_-0.5296_-0.4885end,24.1293564,120.7289394,115.69999694824219
3132,,24.1293564,120.7289394,115.69999694824219
3133,,24.1293564,120.7289394,115.69999694824219
3134,,24.1293564,120.7289394,115.69999694824219
3135,,24.1293564,120.7289394,115.69999694824219
3136,,24.1293564,120.7289394,115.69999694824219
3137,,24.1293564,120.7289394,115.69999694824219
3138,0.51_9.68_0.02_16.79_-36.26_8.28_38.31_-21.87_-0.25_0.5090_0.4628_-0.5307_-0.4950end0.51_9.68_0.02_16.79_-36.26_8.28_37.63_-20.88_-2.06_0.5088_0.4621_-0.5306_-0.4960end0.38_9.65_0.00_16.79_-36.26_8.28_37.63_-20.88_-2.06_0.5087_0.4615_-0.5305_-0.4968end0.33_9.67_0.05_17.68_-9.06_5.93_37.63_-20.88_-2.06_0.5087_0.4615_-0.5305_-0.4968end0.25_9.68_0.04_17.68_-9.06_5.93_37.63_-20.88_-2.06_0.5089_0.4601_-0.5295_-0.4990end0.00_9.67_0.10_17.68_-9.06_5.93_37.63_-20.88_-2.06_0.5089_0.4601_-0.5295_-0.4990end-0.20_9.66_0.21_18.46_-1.68_5.15_37.63_-20.88_-2.06_0.5089_0.4601_-0.5295_-0.4990end-0.23_9.68_0.21_18.46_1.34_4.48_37.63_-20.88_-2.06_0.5089_0.4601_-0.5295_-0,24.1293564,120.7289394,115.69999694824219
3139,.4990end-0.23_9.68_0.21_18.46_1.34_4.48_37.56_-22.56_-1.62_0.5103_0.4584_-0.5269_-0.5019end-0.33_9.67_0.23_18.46_1.34_4.48_37.56_-22.56_-1.62_0.5107_0.4581_-0.5264_-0.5024end,24.1293564,120.7289394,115.69999694824219
3140,,24.1293564,120.7289394,115.69999694824219
3141,,24.1293564,120.7289394,115.69999694824219
3142,,24.1293564,120.7289394,115.69999694824219
3143,,24.1293564,120.7289394,115.69999694824219
3144,,24.1293564,120.7289394,115.69999694824219
3145,,24.1293564,120.7289394,115.69999694824219
3146,-0.41_9.69_0.11_18.46_1.34_4.48_37.56_-22.56_-1.62_0.5107_0.4581_-0.5264_-0.5024end-0.41_9.69_0.11_18.46_1.34_4.48_36.50_-20.81_-0.69_0.5114_0.4575_-0.5252_-0.5034end-0.47_9.66_-0.07_18.46_1.34_4.48_36.50_-20.81_-0.69_0.5122_0.4570_-0.5240_-0.5042end-0.61_9.60_-0.12_18.80_8.06_3.25_36.50_-20.81_-0.69_0.5122_0.4570_-0.5240_-0.5042end-0.60_9.63_-0.13_18.91_10.07_3.58_37.94_-21.87_-1.12_0.5122_0.4570_-0.5240_-0.5042end-0.62_9.63_-0.12_19.36_11.53_3.13_37.94_-21.87_-1.12_0.5144_0.4563_-0.5211_-0.5056end-0.64_9.64_-0.12_19.36_11.53_3.13_37.94_-21.87_-1.12_0.5150_0.4562_-0.5203_-0.5059end-0.77_9.67_-0.06_19.36_11.53_3.13_37.94_-21.87_-1.12_0.5150_0.4562_-0.5203_-0.5059end-0.88_9.65_0.00_19.36_11.53_3.13_37.63_-22.56_-0.75_0.5150_0.4562_-0.5203_-0.5059end-0.88_9.65_0.00_19.36_11.53_3.13_37.63_-22.56_-0.75_0.5176_0.4557_-0.5168_-0.5071end,24.1293564,120.7289394,115.69999694824219
3147,,24.1293564,120.7289394,115.69999694824219
3148,,24.1293564,120.7289394,115.69999694824219
3149,,24.1293564,120.7289394,115.69999694824219
3150,,24.1293564,120.7289394,115.69999694824219
3151,,24.1293564,120.7289394,115.69999694824219
3152,,24.1293564,120.7289394,115.69999694824219
3153,-0.88_9.65_0.00_19.36_11.53_3.13_37.25_-22.87_-1.19_0.5183_0.4556_-0.5159_-0.5074end-1.15_9.65_-0.00_19.36_11.53_3.13_37.25_-22.87_-1.19_0.5189_0.4555_-0.5151_-0.5078end-1.19_9.67_-0.04_20.70_8.39_4.36_37.25_-22.87_-1.19_0.5189_0.4555_-0.5151_-0.5078end-1.19_9.67_-0.04_21.04_6.15_4.36_37.25_-22.87_-1.19_0.5206_0.4549_-0.5128_-0.5090end-1.11_9.63_-0.12_21.04_6.15_4.36_36.50_-22.19_-0.25_0.5210_0.4547_-0.5121_-0.5095end-1.06_9.64_-0.13_21.15_2.69_4.48_36.50_-22.19_-0.25_0.5214_0.4543_-0.5115_-0.5101end-0.91_9.61_-0.21_21.49_2.24_4.59_36.50_-22.19_-0.25_0.5217_0.4540_-0.5109_-0.5106end-0.91_9.61_-0.21_21.49_2.01_4.59_36.50_-22.56_0.25_0.5217_0.4540_-0.510,24.1293564,120.7289394,115.69999694824219
3154,9_-0.5106end-0.91_9.61_-0.21_21.49_2.01_4.59_36.50_-22.56_0.25_0.5229_0.4529_-0.5089_-0.5123end-0.87_9.57_-0.23_21.49_2.01_4.59_36.50_-22.56_0.25_0.5234_0.4526_-0.5081_-0.5128end,24.1293564,120.7289394,115.69999694824219
3155,,24.1293564,120.7289394,115.69999694824219
3156,,24.1293564,120.7289394,115.69999694824219
3157,,24.1293564,120.7289394,115.69999694824219
3158,,24.1293564,120.7289394,115.69999694824219
3159,,24.1293564,120.7289394,115.69999694824219
3160,,24.1293564,120.7289394,115.69999694824219
3161,-0.92_9.57_-0.21_21.49_2.01_4.59_36.50_-22.56_0.25_0.5238_0.4524_-0.5074_-0.5133end-1.03_9.59_-0.15_22.83_8.39_6.04_36.50_-22.56_0.25_0.5248_0.4520_-0.5058_-0.5143end-1.12_9.57_-0.13_22.83_8.39_6.04_36.50_-22.56_0.25_0.5253_0.4517_-0.5049_-0.5148end-1.30_9.59_-0.09_22.83_8.39_6.04_36.50_-22.56_0.25_0.5253_0.4517_-0.5049_-0.5148end-1.32_9.55_-0.07_23.72_8.39_6.38_36.50_-22.56_0.25_0.5253_0.4517_-0.5049_-0.5148end-1.32_9.55_-0.07_23.72_8.39_6.38_36.88_-22.19_1.62_0.5269_0.4509_-0.5023_-0.5165end-1.32_9.55_-0.07_23.72_8.39_6.38_36.88_-22.19_1.62_0.5280_0.4504_-0.5005_-0.5175end-1.39_9.54_-0.13_23.72_8.39_6.38_36.88_-22.19_1.62_0.5286_0.4503_-0.4995_-0.5181end-1.43_9.54_-0.13_23.72_8.39_6.38_36.88_-22.19_1.62_0.5286_0.4503_-0.4995_-0.5181end-1.52_9.54_-0.16_23.72_8.39_6.38_36.88_-22.19_1.12_0.5303_0.4498_-0.4966_-0.5196end,24.1293564,120.7289394,115.69999694824219
3162,,24.1293564,120.7289394,115.69999694824219
3163,,24.1293564,120.7289394,115.69999694824219
3164,,24.1293564,120.7289394,115.69999694824219
3165,,24.1293564,120.7289394,115.69999694824219
3166,,24.1293564,120.7289394,115.69999694824219
3167,,24.1293564,120.7289394,115.69999694824219
3168,-1.59_9.50_-0.21_23.72_8.39_6.38_36.88_-22.19_1.12_0.5309_0.4496_-0.4955_-0.5201end-1.63_9.48_-0.21_23.72_8.39_6.38_36.88_-22.19_1.12_0.5309_0.4496_-0.4955_-0.5201end-1.62_9.49_-0.28_23.72_8.39_6.38_36.88_-22.19_1.12_0.5321_0.4493_-0.4933_-0.5212end-1.62_9.46_-0.23_23.72_8.39_6.38_36.88_-22.19_1.12_0.5333_0.4490_-0.4911_-0.5223e,24.1293564,120.7289394,115.69999694824219
3169,nd-1.64_9.46_-0.32_23.72_8.39_6.38_36.88_-23.50_2.50_0.5339_0.4489_-0.4899_-0.5229end-1.63_9.46_-0.35_23.72_8.39_6.38_36.88_-23.50_2.50_0.5345_0.4487_-0.4887_-0.5235end-1.59_9.46_-0.43_26.97_15.00_10.52_36.88_-23.50_2.50_0.5345_0.4487_-0.4887_-0.5235end-1.59_9.46_-0.43_26.97_15.00_10.52_36.88_-23.50_2.50_0.5364_0.4484_-0.4852_-0.5252end-1.66_9.39_-0.57_26.97_15.00_10.52_36.88_-23.50_2.50_0.5370_0.4484_-0.4838_-0.5258end-1.75_9.42_-0.70_26.97_15.00_10.52_36.88_-23.50_2.50_0.5377_0.4483_-0.4826_-0.5263end,24.1293564,120.7289394,115.69999694824219
3170,,24.1293564,120.7289394,115.69999694824219
3171,,24.1293564,120.7289394,115.69999694824219
3172,,24.1293564,120.7289394,115.69999694824219
3173,,24.1293564,120.7289394,115.69999694824219
3174,,24.1293564,120.7289394,115.69999694824219
3175,,24.1293564,120.7289394,115.69999694824219
3176,-1.80_9.35_-0.68_28.09_14.10_12.65_36.88_-23.50_2.50_0.5388_0.4481_-0.4801_-0.5276end-1.86_9.39_-0.79_28.09_14.10_12.65_36.88_-23.50_2.50_0.5392_0.4479_-0.4789_-0.5284end-1.91_9.39_-0.91_28.09_14.10_12.65_35.75_-23.50_2.00_0.5397_0.4478_-0.4778_-0.5291end-1.85_9.40_-0.95_28.20_6.83_14.66_36.88_-23.44_3.44_0.5397_0.4478_-0.4778_-0.5291end-1.87_9.31_-1.16_28.20_6.83_14.66_36.13_-22.50_2.06_0.5405_0.4473_-0.4755_-0.5308end-1.87_9.31_-1.16_28.54_3.47_15.00_36.13_-22.50_2.06_0.5410_0.4467_-0.4734_-0.5326end-1.74_9.33_-1.37_28.54_3.47_15.00_36.13_-22.50_2.06_0.5410_0.4467_-0.4734_-0.5326end-1.70_9.27_-1.42_28.42_2.01_16.00_36.13_-22.50_2.06_0.5410_0.4467_-0.,24.1293564,120.7289394,115.69999694824219
3177,,24.1293564,120.7289394,115.69999694824219
3178,4734_-0.5326end-1.67_9.29_-1.38_28.42_2.01_16.00_36.13_-23.44_3.37_0.5419_0.4454_-0.4692_-0.5364end-1.64_9.25_-1.44_29.10_3.02_17.12_36.13_-23.44_3.37_0.5422_0.4451_-0.4681_-0.5374end,24.1293564,120.7289394,115.69999694824219
3179,,24.1293564,120.7289394,115.69999694824219
3180,,24.1293564,120.7289394,115.69999694824219
3181,,24.1293564,120.7289394,115.69999694824219
3182,,24.1293564,120.7289394,115.69999694824219
3183,,24.1293564,120.7289394,115.69999694824219
3184,-1.55_9.25_-1.57_29.10_3.02_17.12_36.13_-23.12_3.87_0.5424_0.4448_-0.4670_-0.5383end-1.52_9.25_-1.74_29.10_3.02_17.12_36.13_-23.12_3.87_0.5424_0.4448_-0.4670_-0.5383end-1.52_9.23_-1.82_28.42_1.57_19.14_36.13_-23.12_3.87_0.5424_0.4448_-0.4670_-0.5383end-1.52_9.23_-1.82_28.42_1.57_19.14_36.13_-23.12_3.87_0.5430_0.4437_-0.4626_-0.5,24.1293564,120.7289394,115.69999694824219
3185,424end-1.50_9.19_-2.09_28.42_1.57_19.14_36.13_-24.50_3.81_0.5432_0.4434_-0.4615_-0.5435end-1.45_9.16_-2.34_28.42_1.57_19.14_36.13_-24.50_3.81_0.5432_0.4434_-0.4615_-0.5435end-1.32_9.16_-2.41_28.65_-3.47_20.81_36.13_-24.50_3.81_0.5433_0.4423_-0.4584_-0.5469end-1.23_9.16_-2.39_28.65_-3.47_20.81_35.06_-24.19_3.37_0.5432_0.4418_-0.4575_-0.5481end-1.00_9.13_-2.42_28.65_-3.47_20.81_35.06_-24.19_3.37_0.5431_0.4414_-0.4565_-0.5493end-0.80_9.14_-2.30_29.54_-8.95_21.82_35.06_-24.19_3.37_0.5431_0.4414_-0.4565_-0.5493end,24.1293564,120.7289394,115.69999694824219
3186,,24.1293564,120.7289394,115.69999694824219
3187,,24.1293564,120.7289394,115.69999694824219
3188,,24.1293564,120.7289394,115.69999694824219
3189,,24.1293564,120.7289394,115.69999694824219
3190,-0.80_9.14_-2.30_29.21_-8.84_22.38_36.13_-24.12_4.81_0.5428_0.4404_-0.4547_-0.5519end-0.80_9.14_-2.30_29.21_-8.84_22.38_36.13_-24.12_4.81_0.5426_0.4394_-0.4529_-0.5545end-0.48_9.13_-2.29_29.21_-8.84_22.38_36.13_-24.12_4.81_0.5424_0.4389_-0.4519_-0.5558end-0.26_9.08_-2.51_29.21_-8.84_22.38_35.81_-24.81_4.81_0.5422_0.4384_-0.4510_,24.1293564,120.7289394,115.69999694824219
3191,-0.5571end0.10_9.02_-2.65_29.21_-8.84_22.38_36.50_-24.12_3.81_0.5422_0.4384_-0.4510_-0.5571end0.32_9.02_-2.80_28.98_-7.39_22.83_36.50_-24.12_3.81_0.5422_0.4384_-0.4510_-0.5571end0.32_9.02_-2.80_28.98_-6.38_23.28_36.50_-24.12_3.81_0.5417_0.4366_-0.4472_-0.5621end0.53_9.05_-2.78_28.98_-6.38_23.28_35.81_-24.81_5.19_0.5416_0.4363_-0.4462_-0.5633end0.57_9.06_-2.79_29.43_-2.24_23.72_35.81_-24.81_5.19_0.5416_0.4363_-0.4462_-0.5633end0.56_9.08_-2.63_29.43_-2.24_23.72_34.69_-24.81_4.31_0.5416_0.4363_-0.4462_-0.5633end,24.1293564,120.7289394,115.69999694824219
3192,,24.1293564,120.7289394,115.69999694824219
3193,,24.1293564,120.7289394,115.69999694824219
3194,,24.1293564,120.7289394,115.69999694824219
3195,,24.1293564,120.7289394,115.69999694824219
3196,,24.1293564,120.7289394,115.69999694824219
3197,,24.1293564,120.7289394,115.69999694824219
3198,0.56_9.08_-2.63_28.87_4.25_23.05_34.69_-24.81_4.31_0.5415_0.4356_-0.4439_-0.5657end0.56_9.08_-2.63_28.76_4.59_22.94_34.69_-24.81_4.31_0.5416_0.4351_-0.4402_-0.5688end0.56_9.08_-2.63_28.76_4.59_22.94_34.69_-24.81_4.31_0.5416_0.4351_-0.4402_-0.5688end0.56_9.08_-2.63_28.31_3.92_22.27_35.44_-25.12_5.69_0.5416_0.4351_-0.4402_-0.5688end0.56_9.08_-2.63_28.31_3.92_22.27_35.44_-25.12_5.69_0.5417_0.4348_-0.4378_-0.5709end1.19_9.00_-3.16_28.31_3.92_22.27_35.44_-25.12_5.69_0.5417_0.4348_-0.4378_-0.5709end1.42_8.97_-3.34_28.31_3.92_22.27_35.06_-26.19_6.12_0.5420_0.4338_-0.4330_-0.5750end1.57_8.98_-3.41_28.31_3.92_22.27_35.06_-26.19_6.12_0.5421_0.4336_-0.4318_-0.575,24.1293564,120.7289394,115.69999694824219
3199,9end1.78_9.01_-3.52_28.31_3.92_22.27_35.06_-26.19_6.12_0.5421_0.4336_-0.4318_-0.5759end1.92_9.02_-3.56_28.31_3.92_22.27_35.06_-26.19_6.12_0.5424_0.4332_-0.4293_-0.5778end,24.1293564,120.7289394,115.69999694824219
3200,,24.1293564,120.7289394,115.69999694824219
3201,,24.1293564,120.7289394,115.69999694824219
3202,,24.1293564,120.7289394,115.69999694824219
3203,,24.1293564,120.7289394,115.69999694824219
3204,1.92_9.02_-3.56_28.31_3.92_22.27_35.06_-26.19_6.12_0.5426_0.4331_-0.4281_-0.5786end1.92_9.02_-3.56_28.31_3.92_22.27_35.06_-26.19_6.12_0.5430_0.4328_-0.4256_-0.5802end2.27_8.98_-3.84_28.31_3.92_22.27_34.00_-25.50_6.12_0.5433_0.4327_-0.4243_-0.5810end2.62_8.98_-3.89_28.31_3.92_22.27_34.00_-25.50_6.12_0.5435_0.4326_-0.4231_-0.5817e,24.1293564,120.7289394,115.69999694824219
3205,nd2.75_9.00_-3.88_27.19_12.20_17.12_34.00_-25.50_6.12_0.5435_0.4326_-0.4231_-0.5817end2.75_9.00_-3.88_27.19_12.20_17.12_34.31_-25.88_5.19_0.5442_0.4325_-0.4205_-0.5831end2.95_9.04_-3.68_27.19_12.20_17.12_34.31_-25.88_5.19_0.5450_0.4326_-0.4178_-0.5842end2.95_9.04_-3.68_26.19_25.07_13.76_34.00_-25.50_7.00_0.5456_0.4328_-0.4163_-0.5845end2.99_9.00_-3.41_25.96_29.32_12.76_34.00_-25.50_7.00_0.5456_0.4328_-0.4163_-0.5845end2.95_9.05_-3.39_25.96_29.32_12.76_34.00_-25.50_7.00_0.5478_0.4340_-0.4114_-0.5851end,24.1293564,120.7289394,115.69999694824219
3206,,24.1293564,120.7289394,115.69999694824219
3207,,24.1293564,120.7289394,115.69999694824219
3208,,24.1293564,120.7289394,115.69999694824219
3209,,24.1293564,120.7289394,115.69999694824219
3210,,24.1293564,120.7289394,115.69999694824219
3211,2.82_9.04_-3.39_25.96_29.32_12.76_34.00_-25.50_7.00_0.5487_0.4346_-0.4095_-0.5851end2.75_9.05_-3.32_25.96_29.32_12.76_34.69_-26.12_7.94_0.5487_0.4346_-0.4095_-0.5851end2.43_9.04_-3.29_25.96_29.32_12.76_33.63_-25.81_7.50_0.5487_0.4346_-0.4095_-0.5851end2.31_9.05_-3.20_23.95_61.32_9.74_33.63_-25.81_7.50_0.5487_0.4346_-0.4095_-0.58,24.1293564,120.7289394,115.69999694824219
3212,51end2.31_9.05_-3.20_23.95_61.32_9.74_33.31_-25.44_8.38_0.5545_0.4391_-0.3990_-0.5835end1.91_9.07_-2.97_23.95_61.32_9.74_33.31_-25.44_8.38_0.5558_0.4404_-0.3966_-0.5829end1.75_9.07_-2.85_23.95_61.32_9.74_34.69_-26.81_9.25_0.5573_0.4416_-0.3942_-0.5823end1.67_9.07_-2.79_24.17_65.80_8.62_34.69_-26.81_9.25_0.5573_0.4416_-0.3942_-0.5823end1.67_9.07_-2.79_24.17_65.80_8.62_32.94_-26.87_8.38_0.5601_0.4440_-0.3895_-0.5811end1.69_9.12_-2.70_24.17_65.80_8.62_32.94_-26.87_8.38_0.5627_0.4461_-0.3848_-0.5798end,24.1293564,120.7289394,115.69999694824219
3213,,24.1293564,120.7289394,115.69999694824219
3214,,24.1293564,120.7289394,115.69999694824219
3215,,24.1293564,120.7289394,115.69999694824219
3216,,24.1293564,120.7289394,115.69999694824219
3217,,24.1293564,120.7289394,115.69999694824219
3218,,24.1293564,120.7289394,115.69999694824219
3219,1.76_9.19_-2.76_24.17_65.80_8.62_32.19_-26.50_9.25_0.5640_0.4471_-0.3826_-0.5793end2.01_10.27_-2.98_24.17_65.80_8.62_32.19_-26.50_9.25_0.5640_0.4471_-0.3826_-0.5793end2.63_12.24_-3.27_24.17_65.80_8.62_32.94_-26.81_10.69_0.5640_0.4471_-0.3826_-0.5793end2.97_12.86_-3.72_24.17_65.80_8.62_32.94_-26.81_10.69_0.5685_0.4500_-0.3746_-0.5778end1.97_14.80_-3.04_24.17_65.80_8.62_33.31_-26.12_10.25_0.5697_0.4506_-0.3727_-0.5775end1.49_12.09_-1.78_24.17_65.80_8.62_31.50_-26.12_12.06_0.5709_0.4513_-0.3708_-0.5770end2.45_15.92_-2.35_22.38_58.64_-3.02_31.50_-26.12_12.06_0.5709_0.4513_-0.3708_-0.5770end2.95_16.75_-1.27_22.38_58.64_-3.02_31.50_-26.12_12.06_0.5738_0.4529_-0.3669_-0.5753end2.95_16.75_-1.27_17.79_53.27_-6.83_31.50_-26.12_12.06_0.5753_0.4537_-0.3652_-0.5744end2.95_16.75_-1.27_16.11_47.22_-7.16_32.56_-25.37_12.50_0.5753_0.4537_-0.3652_-0.5744end,24.1293564,120.7289394,115.69999694824219
3220,,24.1293564,120.7289394,115.69999694824219
3221,,24.1293564,120.7289394,115.69999694824219
3222,,24.1293564,120.7289394,115.69999694824219
3223,,24.1293564,120.7289394,115.69999694824219
3224,,24.1293564,120.7289394,115.69999694824219
3225,,24.1293564,120.7289394,115.69999694824219
3226,2.95_16.75_-1.27_13.32_45.32_-7.61_32.56_-25.37_12.50_0.5790_0.4557_-0.3608_-0.5717end2.61_17.30_-2.53_13.32_45.32_-7.61_32.94_-25.37_12.50_0.5790_0.4557_-0.3608_-0.5717end2.61_17.30_-2.53_10.74_65.24_-15.55_32.94_-25.37_12.50_0.5817_0.4575_-0.3579_-0.5693end2.61_17.30_-2.53_10.30_66.58_-17.46_32.94_-25.37_12.50_0.5850_0.4597_-0.3547_-0.5663end2.37_16.89_-2.40_10.30_66.58_-17.46_32.94_-25.37_12.50_0.5867_0.4607_-0.3531_-0.5647end2.19_16.69_-2.48_10.30_66.58_-17.46_32.94_-25.37_12.50_0.5884_0.4618_-0.3515_-0.5630end1.90_16.29_-2.10_6.94_69.61_-22.27_32.94_-25.37_12.50_0.5884_0.4618_-0.3515_-0.5630end1.90_16.29_-2.10_6.94_69.61_-22.27_32.94_-25.37_12.50_,24.1293564,120.7289394,115.69999694824219
3227,0.5936_0.4651_-0.3469_-0.5577end1.57_15.58_-1.61_2.91_72.29_-24.17_32.94_-25.37_12.50_0.5953_0.4664_-0.3453_-0.5557end1.33_14.98_-1.59_2.91_72.29_-24.17_32.94_-25.37_12.50_0.5953_0.4664_-0.3453_-0.5557end,24.1293564,120.7289394,115.69999694824219
3228,,24.1293564,120.7289394,115.69999694824219
3229,,24.1293564,120.7289394,115.69999694824219
3230,,24.1293564,120.7289394,115.69999694824219
3231,,24.1293564,120.7289394,115.69999694824219
3232,,24.1293564,120.7289394,115.69999694824219
3233,,24.1293564,120.7289394,115.69999694824219
3234,1.10_14.30_-1.80_2.91_72.29_-24.17_32.94_-25.37_12.50_0.5953_0.4664_-0.3453_-0.5557end1.02_13.96_-1.88_2.91_72.29_-24.17_31.87_-25.37_15.75_0.6019_0.4719_-0.3401_-0.5472end0.71_13.29_-2.18_2.91_72.29_-24.17_31.87_-25.37_15.75_0.6019_0.4719_-0.3401_-0.5472end0.29_12.77_-1.98_2.91_72.29_-24.17_31.87_-25.37_15.75_0.6060_0.4762_-0.3373_-0.5406end0.29_12.58_-1.79_-16.67_61.66_-28.54_32.25_-23.94_17.19_0.6060_0.4762_-0.3373_-0.5406end0.33_12.36_-1.39_-16.67_61.66_-28.54_32.25_-23.94_17.19_0.6085_0.4791_-0.3360_-0.5361end0.53_11.95_-1.34_-16.67_61.66_-28.54_32.25_-23.94_17.19_0.6095_0.4805_-0.3356_-0.5338end0.46_11.68_-1.41_-26.86_47.34_-29.66_32.25_-23.94_17,24.1293564,120.7289394,115.69999694824219
3235,.19_0.6095_0.4805_-0.3356_-0.5338end0.46_11.68_-1.41_-30.55_43.64_-29.88_32.25_-23.94_17.19_0.6118_0.4847_-0.3358_-0.5272end0.41_11.15_-1.70_-30.55_43.64_-29.88_32.25_-23.94_17.19_0.6124_0.4862_-0.3361_-0.5251end,24.1293564,120.7289394,115.69999694824219
3236,,24.1293564,120.7289394,115.69999694824219
3237,,24.1293564,120.7289394,115.69999694824219
3238,,24.1293564,120.7289394,115.69999694824219
3239,,24.1293564,120.7289394,115.69999694824219
3240,,24.1293564,120.7289394,115.69999694824219
3241,0.52_10.69_-1.50_-30.55_43.64_-29.88_32.25_-23.94_17.19_0.6124_0.4862_-0.3361_-0.5251end0.59_10.59_-1.38_-44.43_37.26_-31.56_32.25_-23.94_17.19_0.6124_0.4862_-0.3361_-0.5251end0.64_10.46_-1.30_-44.43_37.26_-31.56_32.25_-24.69_15.75_0.6136_0.4925_-0.3387_-0.5159end0.74_10.03_-1.34_-44.43_37.26_-31.56_32.25_-24.69_15.75_0.6136_0.4942_-0.3398_-0.5135end0.74_10.03_-1.34_-60.09_33.46_-34.36_32.25_-24.69_14.87_0.6136_0.4942_-0.3398_-0.5135end0.89_9.57_-1.44_-63.56_35.92_-34.80_32.25_-24.69_14.87_0.6136_0.4979_-0.3421_-0.5084end0.89_9.57_-1.44_-70.28_40.62_-36.82_32.25_-24.69_14.87_0.6136_0.4979_-0.3421_-0.5084end0.98_9.43_-1.23_-70.28_40.62_-36.82_32.25_-24.,24.1293564,120.7289394,115.69999694824219
3242,69_14.87_0.6133_0.5045_-0.3458_-0.4998end0.98_9.43_-1.23_-70.28_40.62_-36.82_32.25_-24.69_14.87_0.6133_0.5045_-0.3458_-0.4998end0.98_9.43_-1.23_-77.55_43.64_-38.05_32.63_-25.37_15.75_0.6128_0.5093_-0.3485_-0.4935end,24.1293564,120.7289394,115.69999694824219
3243,,24.1293564,120.7289394,115.69999694824219
3244,,24.1293564,120.7289394,115.69999694824219
3245,,24.1293564,120.7289394,115.69999694824219
3246,,24.1293564,120.7289394,115.69999694824219
3247,,24.1293564,120.7289394,115.69999694824219
3248,,24.1293564,120.7289394,115.69999694824219
3249,0.79_8.91_-1.01_-77.55_43.64_-38.05_32.63_-25.37_15.75_0.6128_0.5093_-0.3485_-0.4935end0.76_8.68_-0.91_-87.51_44.31_-41.07_32.63_-25.37_15.75_0.6128_0.5093_-0.3485_-0.4935end0.76_8.68_-0.91_-87.51_44.31_-41.07_32.25_-25.00_16.75_0.6111_0.5201_-0.3549_-0.4797end0.73_8.32_-0.55_-87.51_44.31_-41.07_32.25_-25.00_16.75_0.6105_0.5228_,24.1293564,120.7289394,115.69999694824219
3250,-0.3566_-0.4762end0.73_8.21_-0.46_-98.37_40.85_-43.76_33.38_-24.63_16.75_0.6105_0.5228_-0.3566_-0.4762end0.70_8.08_-0.39_-98.37_40.85_-43.76_33.38_-24.63_16.75_0.6091_0.5285_-0.3605_-0.4688end0.74_7.89_-0.23_-98.37_40.85_-43.76_33.38_-24.63_16.75_0.6074_0.5342_-0.3646_-0.4612end0.74_7.78_-0.17_-98.37_40.85_-43.76_33.38_-24.63_16.75_0.6065_0.5372_-0.3666_-0.4573end0.70_7.70_-0.13_-98.37_40.85_-43.76_33.69_-24.69_14.87_0.6065_0.5372_-0.3666_-0.4573end0.62_7.60_-0.10_-98.37_40.85_-43.76_33.38_-25.37_15.31_0.6065_0.5372_-0.3666_-0.4573end,24.1293564,120.7289394,115.69999694824219
3251,,24.1293564,120.7289394,115.69999694824219
3252,,24.1293564,120.7289394,115.69999694824219
3253,,24.1293564,120.7289394,115.69999694824219
3254,,24.1293564,120.7289394,115.69999694824219
3255,,24.1293564,120.7289394,115.69999694824219
3256,0.57_7.49_0.02_-98.37_40.85_-43.76_33.38_-25.37_15.31_0.6022_0.5493_-0.3757_-0.4409end0.60_7.23_0.30_-98.37_40.85_-43.76_32.25_-24.69_15.31_0.6010_0.5522_-0.3781_-0.4368end0.60_7.23_0.30_-117.61_33.24_-50.81_33.31_-25.37_14.38_0.6010_0.5522_-0.3781_-0.4368end0.64_7.17_0.36_-117.61_33.24_-50.81_33.31_-25.37_14.38_0.5997_0.5552_-0.3806_-0.4328end0.64_7.17_0.36_-119.85_30.10_-51.59_33.31_-25.37_14.38_0.5969_0.5609_-0.3859_-0.4245end0.60_7.01_0.43_-119.85_30.10_-51.59_33.31_-25.37_14.38_0.5953_0.5638_-0.3886_-0.4203end0.60_7.01_0.43_-121.31_27.98_-52.93_33.31_-25.37_14.38_0.5922_0.5693_-0.3942_-0.4120end0.62_6.77_0.76_-121.19_27.75_-53.49_33.31_-25.37_14.38_0.5922_0.5693_-0.3942_-0.4120end0.64_6.75_0.85_-121.64_27.75_-54.05_33.31_-25.37_14.38_0.5922_0.5693_-0.3942_-0.4120end0.60_6.66_0.91_-121.64_27.75_-54.05_33.69_-24.69_12.56_0.5858_0.5803_-0.4052_-0.3950end,24.1293564,120.7289394,115.69999694824219
3257,,24.1293564,120.7289394,115.69999694824219
3258,,24.1293564,120.7289394,115.69999694824219
3259,,24.1293564,120.7289394,115.69999694824219
3260,,24.1293564,120.7289394,115.69999694824219
3261,,24.1293564,120.7289394,115.69999694824219
3262,,24.1293564,120.7289394,115.69999694824219
3263,0.52_6.59_0.95_-121.64_27.75_-54.05_33.69_-24.69_12.56_0.5841_0.5831_-0.4078_-0.3906end0.28_6.22_1.03_-121.64_27.75_-54.05_33.69_-24.69_12.56_0.5825_0.5856_-0.4105_-0.3864end0.21_6.04_1.07_-121.64_27.75_-54.05_34.06_-24.37_13.06_0.5807_0.5883_-0.4133_-0.3819end0.21_6.04_1.07_-118.96_25.96_-56.74_34.06_-24.37_13.06_0.5807_0.5883_,24.1293564,120.7289394,115.69999694824219
3264,-0.4133_-0.3819end-0.14_5.53_1.01_-118.96_25.96_-56.74_34.06_-24.37_13.06_0.5807_0.5883_-0.4133_-0.3819end-0.14_5.53_1.01_-113.70_25.29_-57.41_33.69_-24.06_9.81_0.5756_0.5957_-0.4215_-0.3689end-0.14_5.53_1.01_-113.70_25.29_-57.41_33.69_-24.06_9.81_0.5724_0.6002_-0.4268_-0.3605end-0.06_5.09_1.86_-113.70_25.29_-57.41_35.44_-24.06_10.81_0.5724_0.6002_-0.4268_-0.3605end-0.06_5.09_1.86_-110.34_22.05_-57.52_35.44_-24.06_10.81_0.5724_0.6002_-0.4268_-0.3605end-0.06_5.09_1.86_-110.34_22.05_-57.52_35.81_-24.06_10.31_0.5693_0.6044_-0.4321_-0.3521end,24.1293564,120.7289394,115.69999694824219
3265,,24.1293564,120.7289394,115.69999694824219
3266,,24.1293564,120.7289394,115.69999694824219
3267,,24.1293564,120.7289394,115.69999694824219
3268,,24.1293564,120.7289394,115.69999694824219
3269,,24.1293564,120.7289394,115.69999694824219
3270,,24.1293564,120.7289394,115.69999694824219
3271,-0.06_5.09_1.86_-112.13_19.14_-56.51_35.81_-24.06_10.31_0.5659_0.6084_-0.4373_-0.3441end-0.26_5.17_1.34_-112.13_19.14_-56.51_35.81_-24.06_10.31_0.5623_0.6124_-0.4426_-0.3360end-0.10_4.93_0.12_-112.13_19.14_-56.51_35.81_-24.06_10.31_0.5623_0.6124_-0.4426_-0.3360end-0.15_5.10_0.48_-112.13_19.14_-56.51_35.81_-24.06_10.31_0.5590_0.6162_-0.4476_-0.3276end-0.23_5.27_1.00_-112.13_19.14_-56.51_35.44_-23.69_9.81_0.5590_0.6162_-0.4476_-0.3276end-0.23_5.27_1.00_-98.14_17.68_-55.84_35.44_-23.69_9.81_0.5542_0.6214_-0.4550_-0.3158end-0.38_5.95_2.45_-95.57_8.28_-55.28_35.44_-23.69_9.81_0.5542_0.6214_-0.4550_-0.3158end-0.19_6.07_1.84_-95.57_8.28_-55.28_35.44_-23.06_8.,24.1293564,120.7289394,115.69999694824219
3272,94_0.5490_0.6255_-0.4626_-0.3054end-0.09_6.07_1.36_-91.20_-2.91_-53.71_35.81_-23.75_7.56_0.5471_0.6267_-0.4655_-0.3021end-0.02_6.03_0.49_-91.20_-2.91_-53.71_35.81_-23.75_7.56_0.5471_0.6267_-0.4655_-0.3021end,24.1293564,120.7289394,115.69999694824219
3273,,24.1293564,120.7289394,115.69999694824219
3274,,24.1293564,120.7289394,115.69999694824219
3275,,24.1293564,120.7289394,115.69999694824219
3276,,24.1293564,120.7289394,115.69999694824219
3277,,24.1293564,120.7289394,115.69999694824219
3278,,24.1293564,120.7289394,115.69999694824219
3279,,24.1293564,120.7289394,115.69999694824219
3280,-0.09_6.20_0.66_-91.20_-2.91_-53.71_35.81_-23.75_7.56_0.5434_0.6287_-0.4708_-0.2962end-0.13_6.26_0.93_-82.36_-4.25_-52.26_35.81_-23.75_7.56_0.5434_0.6287_-0.4708_-0.2962end-0.13_6.26_0.93_-79.57_-2.01_-51.81_36.94_-22.37_8.50_0.5434_0.6287_-0.4708_-0.2962end-0.26_6.30_1.42_-78.11_1.34_-51.59_36.94_-22.37_8.50_0.5383_0.6315_-0.47,24.1293564,120.7289394,115.69999694824219
3281,84_-0.2875end-0.26_6.30_1.42_-78.11_1.34_-51.59_36.56_-22.44_7.56_0.5369_0.6323_-0.4807_-0.2845end-0.26_6.30_1.42_-72.29_16.34_-50.47_36.56_-22.44_7.56_0.5344_0.6339_-0.4849_-0.2783end-0.47_6.21_0.81_-72.29_16.34_-50.47_36.56_-22.44_7.56_0.5334_0.6348_-0.4866_-0.2751end-0.47_6.21_0.81_-67.03_25.29_-49.46_37.63_-21.75_6.62_0.5318,24.1293564,120.7289394,115.69999694824219
3282,,24.1293564,120.7289394,115.69999694824219
3283,,24.1293564,120.7289394,115.69999694824219
3284,,24.1293564,120.7289394,115.69999694824219
3285,,24.1293564,120.7289394,115.69999694824219
3286,_0.6365_-0.4898_-0.2684end-0.47_6.21_0.81_-60.43_24.40_-47.22_36.56_-22.06_8.50_0.5312_0.6373_-0.4913_-0.2653end-1.57_6.55_1.53_-60.43_24.40_-47.22_37.31_-21.69_9.00_0.5305_0.6380_-0.4927_-0.2621end,24.1293564,120.7289394,115.69999694824219
3287,,24.1293564,120.7289394,115.69999694824219
3288,-1.57_6.55_1.53_-60.43_24.40_-47.22_37.31_-21.69_9.00_0.5289_0.6391_-0.4958_-0.2570end-1.63_6.78_1.19_-60.43_24.40_-47.22_37.31_-21.06_7.62_0.5278_0.6395_-0.4975_-0.2549end-1.84_7.39_0.84_-60.43_24.40_-47.22_37.31_-21.06_7.62_0.5266_0.6396_-0.4994_-0.2532end-1.92_7.44_0.81_-43.53_-25.74_-35.59_37.31_-21.06_7.62_0.5266_0.6396_-0.4994_-0.2532end-1.62_7.48_0.46_-43.53_-25.74_-35.59_37.31_-21.06_7.62_0.5222_0.6395_-0.5056_-0.2503end-2.48_7.50_0.97_-43.53_-25.74_-35.59_37.31_-21.06_7.62_0.5206_0.6393_-0.5078_-0.2499end-2.31_7.60_0.87_-33.91_-41.52_-28.65_37.31_-21.06_7.62_0.5190_0.6390_-0.5098_-0.2496end-2.45_7.83_0.59_-33.91_-41.52_-28.65_37.31_-21.06_7.62_0.5190_0.6390_-0.5098_-0.2496end-1.92_8.05_0.07_-27.86_-59.98_-23.39_37.31_-21.06_7.62_0.5190_0.6390_-0.5098_-0.2496end-1.92_8.05_0.07_-27.86_-59.98_-23.39_37.63_-20.37_4.87_0.5135_0.6378_-0.5165_-0.2504end,24.1293564,120.7289394,115.69999694824219
3289,,24.1293564,120.7289394,115.69999694824219
3290,,24.1293564,120.7289394,115.69999694824219
3291,,24.1293564,120.7289394,115.69999694824219
3292,,24.1293564,120.7289394,115.69999694824219
3293,-2.23_8.59_-0.15_-27.86_-59.98_-23.39_37.63_-20.37_4.87_0.5135_0.6378_-0.5165_-0.2504end-2.02_8.78_0.21_-14.21_-90.08_-12.87_37.63_-20.37_4.87_0.5135_0.6378_-0.5165_-0.2504end-1.66_8.83_0.13_-11.41_-92.43_-10.85_37.63_-20.37_4.87_0.5135_0.6378_-0.5165_-0.2504end-1.69_8.80_-0.02_-11.41_-92.43_-10.85_38.00_-20.44_3.44_0.5135_0.6378_-0.5165_-0.2504end-1.69_8.80_-0.02_-11.41_-92.43_-10.85_38.75_-20.75_2.56_0.4970_0.6312_-0.5338_-0.2640end-1.55_9.14_-0.28_-11.41_-92.43_-10.85_38.75_-20.75_2.56_0.4970_0.6312_-0.5338_-0.2640end-1.63_9.30_-0.43_1.45_-109.33_-1.34_38.75_-20.75_2.56_0.4970_0.6312_-0.5338_-0.2640end-1.63_9.30_-0.43_1.45_-109.33_-1.34_38.75_-20.75,24.1293564,120.7289394,115.69999694824219
3294,_2.56_0.4869_0.6256_-0.5432_-0.2767end-0.87_9.41_-0.68_1.45_-109.33_-1.34_39.81_-21.12_0.69_0.4869_0.6256_-0.5432_-0.2767end-0.87_9.41_-0.68_18.91_-122.09_6.38_39.81_-21.12_0.69_0.4818_0.6223_-0.5476_-0.2842end,24.1293564,120.7289394,115.69999694824219
3295,,24.1293564,120.7289394,115.69999694824219
3296,,24.1293564,120.7289394,115.69999694824219
3297,,24.1293564,120.7289394,115.69999694824219
3298,,24.1293564,120.7289394,115.69999694824219
3299,,24.1293564,120.7289394,115.69999694824219
3300,,24.1293564,120.7289394,115.69999694824219
3301,-0.62_9.34_-1.12_23.16_-120.63_7.50_39.81_-21.12_0.69_0.4818_0.6223_-0.5476_-0.2842end-0.62_9.34_-1.12_23.16_-120.63_7.50_39.81_-21.12_0.69_0.4749_0.6171_-0.5533_-0.2960end-0.36_9.31_-1.14_23.16_-120.63_7.50_38.38_-19.44_-1.06_0.4730_0.6153_-0.5548_-0.2998end-0.15_9.42_-1.11_23.16_-120.63_7.50_38.38_-19.44_-1.06_0.4730_0.6153_-0.5548_-0.2998end-0.18_9.64_-1.31_42.52_-96.69_11.53_38.38_-19.44_-1.06_0.4684_0.6098_-0.5584_-0.3113end-0.18_9.66_-1.57_42.52_-96.69_11.53_38.69_-19.81_-1.56_0.4673_0.6080_-0.5593_-0.3151end-0.23_9.38_-1.77_42.52_-96.69_11.53_38.69_-19.81_-1.56_0.4663_0.6060_-0.5599_-0.3190end-0.10_9.19_-1.66_42.52_-96.69_11.53_38.69_-19.81_-1.5,24.1293564,120.7289394,115.69999694824219
3302,6_0.4663_0.6060_-0.5599_-0.3190end-0.04_9.25_-1.59_42.52_-96.69_11.53_38.69_-19.81_-1.56_0.4644_0.5998_-0.5613_-0.3311end-0.02_9.27_-1.57_71.96_-80.12_15.67_38.69_-19.81_-1.56_0.4644_0.5998_-0.5613_-0.3311end,24.1293564,120.7289394,115.69999694824219
3303,,24.1293564,120.7289394,115.69999694824219
3304,,24.1293564,120.7289394,115.69999694824219
3305,,24.1293564,120.7289394,115.69999694824219
3306,,24.1293564,120.7289394,115.69999694824219
3307,,24.1293564,120.7289394,115.69999694824219
3308,,24.1293564,120.7289394,115.69999694824219
3309,,24.1293564,120.7289394,115.69999694824219
3310,,24.1293564,120.7289394,115.69999694824219
3311,0.04_9.23_-1.75_71.96_-80.12_15.67_38.31_-20.50_-2.56_0.4644_0.5998_-0.5613_-0.3311end-1.42_29.82_-5.97_76.21_-77.66_16.00_38.31_-20.50_-2.56_0.4644_0.5998_-0.5613_-0.3311end-1.42_29.82_-5.97_82.25_-176.81_19.70_38.31_-20.50_-2.56_0.4639_0.5855_-0.5616_-0.3558end-13.90_6.47_31.38_82.25_-176.81_19.70_37.94_-21.19_-3.00_0.4639_0.5855_-0.5616_-0.3558end-13.90_6.47_31.38_15.00_-98.48_30.33_37.94_-21.19_-3.00_0.4619_0.5776_-0.5616_-0.3710end-0.09_14.02_27.14_-29.32_-20.48_12.65_37.94_-21.19_-3.00_0.4619_0.5776_-0.5616_-0.3710end-13.41_10.17_51.46_-29.32_-20.48_12.65_37.94_-21.19_-3.00_0.4619_0.5776_-0.5616_-0.3710end0.60_7.90_-4.75_-29.32_-20.48_12.65_37.94,24.1293564,120.7289394,115.69999694824219
3312,_-21.19_-3.00_0.4616_0.5811_-0.5609_-0.3669end2.52_8.16_-2.55_-8.84_-46.33_-4.92_37.94_-21.19_-3.00_0.4616_0.5811_-0.5609_-0.3669end2.52_8.16_-2.55_-5.37_-68.93_0.22_37.94_-21.19_-3.00_0.4616_0.5811_-0.5609_-0.3669end,24.1293564,120.7289394,115.69999694824219
3313,,24.1293564,120.7289394,115.69999694824219
3314,,24.1293564,120.7289394,115.69999694824219
3315,3.18_8.00_-16.52_-5.37_-68.93_0.22_37.94_-21.19_-3.00_0.4616_0.5811_-0.5609_-0.3669end3.16_9.00_-7.16_-5.37_-68.93_0.22_37.94_-21.19_-3.00_0.4616_0.5811_-0.5609_-0.3669end-0.49_6.73_-9.53_67.03_-47.45_5.26_37.94_-21.19_-3.00_0.4616_0.5811_-0.5609_-0.3669end0.91_6.50_8.71_67.03_-47.45_5.26_37.19_-21.56_-4.37_0.4543_0.5724_-0.5671_-0.3799end-0.50_7.25_6.78_49.80_14.44_2.57_37.19_-21.56_-4.37_0.4571_0.5706_-0.5649_-0.3826end2.44_10.79_2.66_49.80_14.44_2.57_37.19_-21.56_-4.37_0.4571_0.5706_-0.5649_-0.3826end-0.57_9.37_7.91_49.80_14.44_2.57_37.19_-21.56_-4.37_0.4590_0.5693_-0.5631_-0.3849end-3.44_8.84_2.93_-4.92_-8.73_5.71_37.19_-21.56_-4.37_0.4590_0.5693_-,24.1293564,120.7289394,115.69999694824219
3316,0.5631_-0.3849end-0.03_2.26_-1.15_-4.92_-8.73_5.71_37.19_-21.56_-4.37_0.4587_0.5692_-0.5626_-0.3861end0.28_10.80_-3.92_-4.92_-8.73_5.71_38.31_-21.19_-3.44_0.4587_0.5692_-0.5625_-0.3864end,24.1293564,120.7289394,115.69999694824219
3317,,24.1293564,120.7289394,115.69999694824219
3318,,24.1293564,120.7289394,115.69999694824219
3319,,24.1293564,120.7289394,115.69999694824219
3320,,24.1293564,120.7289394,115.69999694824219
3321,,24.1293564,120.7289394,115.69999694824219
3322,,24.1293564,120.7289394,115.69999694824219
3323,1.36_8.51_-1.04_-4.92_-8.73_5.71_38.31_-21.19_-3.44_0.4584_0.5690_-0.5626_-0.3869end-0.92_8.57_-5.76_-4.92_-8.73_5.71_38.31_-21.19_-3.44_0.4584_0.5690_-0.5626_-0.3869end0.23_8.80_-3.93_24.17_-23.28_4.25_37.19_-21.94_-3.94_0.4584_0.5690_-0.5626_-0.3869end-0.29_9.19_-2.21_31.22_-7.05_1.01_37.19_-21.94_-3.94_0.4587_0.5660_-0.5621_-0.3915end-0.39_9.42_0.40_31.22_-7.05_1.01_37.19_-21.94_-3.94_0.4598_0.5654_-0.5613_-0.3922end0.11_9.84_4.15_31.22_-7.05_1.01_37.19_-21.56_-5.31_0.4598_0.5654_-0.5613_-0.3922end-0.81_9.86_5.20_31.22_-7.05_1.01_39.06_-21.87_-2.56_0.4624_0.5643_-0.5598_-0.3929end-0.13_10.02_7.00_16.23_-1.01_0.22_39.06_-21.87_-2.56_0.4624_0.5643_-0.,24.1293564,120.7289394,115.69999694824219
3324,5598_-0.3929end-0.43_9.68_5.45_16.23_-1.01_0.22_39.06_-21.87_-2.56_0.4639_0.5633_-0.5589_-0.3939end-0.51_9.46_2.33_16.23_-1.01_0.22_36.88_-20.88_-4.37_0.4641_0.5630_-0.5587_-0.3943end,24.1293564,120.7289394,115.69999694824219
3325,,24.1293564,120.7289394,115.69999694824219
3326,,24.1293564,120.7289394,115.69999694824219
3327,,24.1293564,120.7289394,115.69999694824219
3328,,24.1293564,120.7289394,115.69999694824219
3329,,24.1293564,120.7289394,115.69999694824219
3330,,24.1293564,120.7289394,115.69999694824219
3331,-0.87_9.21_0.85_4.70_-12.76_4.36_36.88_-20.88_-4.37_0.4641_0.5630_-0.5587_-0.3943end-1.18_9.07_-1.20_4.70_-12.76_4.36_36.88_-20.88_-4.37_0.4634_0.5618_-0.5588_-0.3967end-0.82_9.16_-0.89_4.70_-12.76_4.36_37.25_-21.56_-2.56_0.4634_0.5614_-0.5588_-0.3973end-0.68_9.23_0.05_4.70_-12.76_4.36_37.25_-21.56_-2.56_0.4634_0.5614_-0.5588_-0.3973end-0.83_9.36_0.04_22.49_-20.25_-1.12_37.25_-21.56_-2.56_0.4634_0.5614_-0.5588_-0.3973end-0.83_9.36_0.04_22.49_-20.25_-1.12_38.31_-21.56_-4.81_0.4638_0.5580_-0.5589_-0.4013end0.09_9.63_3.14_22.49_-20.25_-1.12_38.31_-21.56_-4.81_0.4637_0.5571_-0.5591_-0.4025end0.51_9.61_2.75_22.49_-20.25_-1.12_38.31_-21.56_-4.81_0.4637_0.5571_-0.5591_-0.4025end0.39_9.53_2.50_12.76_-22.38_-0.22_37.19_-21.25_-3.94_0.4637_0.5571_-0.5591_-0.4025end0.20_9.44_1.34_9.40_-20.59_0.34_37.19_-21.25_-3.94_0.4628_0.5543_-0.5601_-0.4061end,24.1293564,120.7289394,115.69999694824219
3332,,24.1293564,120.7289394,115.69999694824219
3333,,24.1293564,120.7289394,115.69999694824219
3334,,24.1293564,120.7289394,115.69999694824219
3335,,24.1293564,120.7289394,115.69999694824219
3336,,24.1293564,120.7289394,115.69999694824219
3337,,24.1293564,120.7289394,115.69999694824219
3338,,24.1293564,120.7289394,115.69999694824219
3339,0.14_9.42_0.34_9.40_-20.59_0.34_37.19_-21.25_-3.94_0.4626_0.5539_-0.5602_-0.4067end-0.07_9.36_-0.02_9.40_-20.59_0.34_37.19_-21.25_-3.94_0.4626_0.5534_-0.5602_-0.4073end-0.43_9.31_-0.25_9.40_-20.59_0.34_37.19_-21.25_-3.94_0.4626_0.5534_-0.5602_-0.4073end-0.56_9.39_0.15_14.77_-6.04_-2.13_37.19_-21.25_-3.94_0.4626_0.5534_-0.5602_-0.4073end-0.59_9.54_1.27_14.77_-6.04_-2.13_36.88_-21.25_-3.44_0.4634_0.5515_-0.5600_-0.4094end-0.58_9.60_1.95_14.77_-6.04_-2.13_37.94_-21.25_-5.75_0.4636_0.5509_-0.5599_-0.4099end-0.61_9.69_2.79_14.77_-6.04_-2.13_37.94_-21.25_-5.75_0.4636_0.5509_-0.5599_-0.4099end-0.78_9.66_2.78_14.77_-6.04_-2.13_37.94_-21.25_-5.75_0.4639_0.5498_-0.5600_-0.4111end-0.89_9.61_2.50_9.74_-10.85_-1.23_37.94_-21.25_-5.75_0.4639_0.5498_-0.5600_-0.4111end-0.89_9.61_2.50_8.39_-9.29_-1.01_37.94_-21.25_-5.75_0.4639_0.5485_-0.5602_-0.4125end,24.1293564,120.7289394,115.69999694824219
3340,,24.1293564,120.7289394,115.69999694824219
3341,,24.1293564,120.7289394,115.69999694824219
3342,,24.1293564,120.7289394,115.69999694824219
3343,,24.1293564,120.7289394,115.69999694824219
3344,,24.1293564,120.7289394,115.69999694824219
3345,,24.1293564,120.7289394,115.69999694824219
3346,-1.11_9.54_1.59_7.95_-6.27_-0.90_37.94_-21.25_-5.75_0.4639_0.5482_-0.5602_-0.4129end-1.26_9.47_0.91_7.95_-6.27_-0.90_37.94_-21.25_-5.75_0.4639_0.5482_-0.5602_-0.4129end-1.26_9.47_0.91_10.41_-4.36_-1.57_37.94_-21.56_-4.87_0.4639_0.5482_-0.5602_-0.4129end-1.30_9.56_1.50_11.97_-4.92_-1.79_37.94_-21.56_-4.87_0.4644_0.5471_-0.5601_-0.4141end-1.30_9.56_1.50_12.98_-6.04_-1.23_37.94_-21.56_-4.87_0.4644_0.5471_-0.5601_-0.4141end-1.30_9.56_1.50_12.42_-6.15_-1.12_36.44_-22.25_-4.87_0.4647_0.5463_-0.5599_-0.4149end-1.30_9.56_1.50_11.19_-6.15_-0.78_36.44_-22.25_-4.87_0.4647_0.5463_-0.5599_-0.4149end-1.30_9.56_1.50_11.19_-6.15_-0.78_36.44_-22.25_-4.87_0.4652_0.5451_-0.5596_-0.4163end-1.30_9.56_1.50_11.19_-6.15_-0.78_36.44_-22.25_-4.87_0.4654_0.5446_-0.5595_-0.4169end-1.30_9.56_1.50_11.19_-6.15_-0.78_37.56_-21.56_-4.37_0.4655_0.5443_-0.5594_-0.4172end,24.1293564,120.7289394,115.69999694824219
3347,,24.1293564,120.7289394,115.69999694824219
3348,,24.1293564,120.7289394,115.69999694824219
3349,,24.1293564,120.7289394,115.69999694824219
3350,,24.1293564,120.7289394,115.69999694824219
3351,,24.1293564,120.7289394,115.69999694824219
3352,,24.1293564,120.7289394,115.69999694824219
3353,,24.1293564,120.7289394,115.69999694824219
3354,-1.64_9.57_1.65_11.19_-6.15_-0.78_37.56_-21.56_-4.37_0.4656_0.5441_-0.5593_-0.4175end-1.76_9.52_1.28_11.19_-6.15_-0.78_37.56_-21.56_-4.37_0.4656_0.5441_-0.5593_-0.4175end-1.76_9.54_1.32_9.96_-6.49_1.45_37.56_-21.56_-4.37_0.4656_0.5441_-0.5593_-0.4175end-1.76_9.54_1.32_9.96_-6.49_1.45_37.19_-20.56_-4.37_0.4658_0.5427_-0.5590_-0.4195end-1.78_9.66_2.31_9.96_-6.49_1.45_37.19_-20.56_-4.37_0.4657_0.5422_-0.5591_-0.4202end-1.78_9.66_2.31_10.41_-17.23_2.69_37.19_-20.56_-4.37_0.4655_0.5417_-0.5591_-0.4209end-1.80_9.68_2.52_10.41_-17.23_2.69_37.19_-20.56_-4.37_0.4650_0.5407_-0.5594_-0.4225end-1.80_9.68_2.50_10.41_-17.23_2.69_37.19_-21.94_-4.37_0.4645_0.5402_-0.5,24.1293564,120.7289394,115.69999694824219
3355,,24.1293564,120.7289394,115.69999694824219
3356,,24.1293564,120.7289394,115.69999694824219
3357,,24.1293564,120.7289394,115.69999694824219
3358,,24.1293564,120.7289394,115.69999694824219
3359,,24.1293564,120.7289394,115.69999694824219
3360,596_-0.4234end-1.79_9.63_2.40_8.06_-24.95_4.48_37.19_-21.94_-4.37_0.4641_0.5396_-0.5599_-0.4243end-1.79_9.63_2.03_8.06_-24.95_4.48_37.56_-21.25_-5.31_0.4641_0.5396_-0.5599_-0.4243end-1.76_9.60_1.97_8.06_-24.95_4.48_37.56_-21.25_-5.31_0.4641_0.5396_-0.5599_-0.4243end-1.73_9.57_1.97_8.06_-24.95_4.48_37.56_-21.25_-5.31_0.4619_0.5371_-0.5610_-0.4284end-1.69_9.61_2.05_8.06_-24.95_4.48_37.56_-21.25_-5.31_0.4612_0.5364_-0.5613_-0.4296end-1.57_9.64_2.56_8.06_-24.95_4.48_37.56_-21.25_-5.31_0.4605_0.5356_-0.5616_-0.4308end-1.53_9.64_2.68_10.97_-34.13_6.04_37.56_-21.25_-5.31_0.4605_0.5356_-0.5616_-0.4308end-1.49_9.68_2.87_10.97_-34.13_6.04_37.56_-21.25_-5.31_0.4584_0.5334_-0.5626_-0.4346end-1.46_9.64_2.84_10.07_-32.45_7.16_37.56_-21.25_-5.31_0.4584_0.5334_-0.5626_-0.4346end-1.42_9.61_2.63_10.07_-32.45_7.16_37.56_-21.25_-5.31_0.4577_0.5327_-0,24.1293564,120.7289394,115.69999694824219
3361,.5629_-0.4357end-1.36_9.61_2.46_10.18_-29.32_7.61_37.56_-21.25_-5.31_0.4577_0.5327_-0.5629_-0.4357end-1.36_9.61_2.46_10.30_-27.42_8.06_37.56_-21.25_-5.31_0.4577_0.5327_-0.5629_-0.4357end,24.1293564,120.7289394,115.69999694824219
3362,,24.1293564,120.7289394,115.69999694824219
3363,,24.1293564,120.7289394,115.69999694824219
3364,,24.1293564,120.7289394,115.69999694824219
3365,,24.1293564,120.7289394,115.69999694824219
3366,,24.1293564,120.7289394,115.69999694824219
3367,-1.36_9.61_2.46_10.30_-27.42_8.06_36.44_-22.31_-6.25_0.4547_0.5296_-0.5638_-0.4414end-1.26_9.59_2.43_10.30_-27.42_8.06_36.44_-22.31_-6.25_0.4543_0.5290_-0.5639_-0.4424end-1.10_9.67_2.63_10.30_-27.42_8.06_37.19_-20.94_-7.12_0.4543_0.5290_-0.5639_-0.4424end-1.14_9.65_2.79_13.20_-23.16_8.62_37.19_-20.94_-7.12_0.4543_0.5290_-0.5639_-0.4424end-1.11_9.68_2.81_13.20_-23.16_8.62_37.19_-20.94_-7.12_0.4525_0.5269_-0.5640_-0.4467end-1.08_9.65_2.86_13.20_-23.16_8.62_35.38_-23.00_-5.37_0.4521_0.5264_-0.5640_-0.4478end-1.12_9.68_2.85_13.20_-23.16_8.62_35.38_-23.00_-5.37_0.4517_0.5259_-0.5640_-0.4487end-1.11_9.63_2.75_13.20_-23.16_8.62_35.38_-23.00_-5.37_0.4517_0.525,24.1293564,120.7289394,115.69999694824219
3368,9_-0.5640_-0.4487end-1.12_9.60_2.67_13.54_-15.89_9.74_35.38_-23.00_-5.37_0.4510_0.5250_-0.5638_-0.4507end-1.12_9.60_2.67_13.54_-15.89_9.74_36.81_-22.69_-7.62_0.4507_0.5247_-0.5636_-0.4516end,24.1293564,120.7289394,115.69999694824219
3369,,24.1293564,120.7289394,115.69999694824219
3370,,24.1293564,120.7289394,115.69999694824219
3371,,24.1293564,120.7289394,115.69999694824219
3372,,24.1293564,120.7289394,115.69999694824219
3373,,24.1293564,120.7289394,115.69999694824219
3374,-1.12_9.60_2.67_13.54_-15.89_9.74_36.81_-22.69_-7.62_0.4503_0.5238_-0.5632_-0.4536end-1.04_9.64_2.69_13.54_-15.89_9.74_36.81_-22.69_-7.62_0.4500_0.5234_-0.5630_-0.4545end-1.15_9.64_2.79_13.54_-15.89_9.74_36.06_-22.94_-6.25_0.4500_0.5234_-0.5630_-0.4545end-1.10_9.64_2.89_15.44_-12.09_10.74_36.06_-22.94_-6.25_0.4500_0.5234_-0.5630_-0.4545end-1.11_9.64_2.95_15.44_-12.09_10.74_36.06_-22.94_-6.25_0.4493_0.5220_-0.5618_-0.4583end-1.18_9.63_3.02_15.44_-12.09_10.74_36.44_-22.62_-5.75_0.4492_0.5216_-0.5615_-0.4592end-1.12_9.68_3.05_16.23_-10.85_11.41_36.44_-22.62_-5.75_0.4491_0.5213_-0.5612_-0.4601end-1.20_9.63_3.05_16.67_-10.74_11.75_36.44_-22.62_-5.75_0.4491_0.5213_-0.5612_-0.4601end-1.20_9.63_3.05_17.12_-11.19_12.31_36.44_-22.62_-5.75_0.4487_0.5204_-0.5600_-0.4629end-1.12_9.63_3.06_17.12_-11.19_12.31_36.06_-23.31_-8.63_0.4485_0.5201_-0.5596_-0.4639end,24.1293564,120.7289394,115.69999694824219
3375,,24.1293564,120.7289394,115.69999694824219
3376,,24.1293564,120.7289394,115.69999694824219
3377,,24.1293564,120.7289394,115.69999694824219
3378,,24.1293564,120.7289394,115.69999694824219
3379,,24.1293564,120.7289394,115.69999694824219
3380,-1.12_9.64_3.00_18.24_-13.32_12.53_36.06_-23.31_-8.63_0.4484_0.5197_-0.5592_-0.4649end-1.04_9.60_3.07_18.24_-13.32_12.53_36.06_-23.31_-8.63_0.4482_0.5193_-0.5588_-0.4660end-0.99_9.61_3.10_19.14_-16.45_13.32_36.06_-23.31_-8.63_0.4482_0.5193_-0.5588_-0.4660end-0.99_9.61_3.10_19.14_-16.45_13.32_36.06_-23.31_-8.63_0.4476_0.5179_-0.5577_-0.4694end-0.89_9.61_3.09_19.14_-16.45_13.32_36.06_-23.31_-8.63_0.4473_0.5175_-0.5574_-0.4706end-0.62_9.57_3.06_19.14_-16.45_13.32_36.06_-23.31_-8.63_0.4473_0.5175_-0.5574_-0.4706end-0.62_9.57_3.06_21.49_-16.23_13.65_36.06_-23.31_-8.63_0.4467_0.5161_-0.5562_-0.4742end-0.29_9.55_3.03_21.49_-16.23_13.65_36.06_-23.31_-8.63_0.44,24.1293564,120.7289394,115.69999694824219
3381,65_0.5156_-0.5557_-0.4754end-0.21_9.59_3.06_22.49_-14.66_13.88_36.06_-23.31_-8.63_0.4465_0.5156_-0.5557_-0.4754end-0.14_9.56_3.05_22.60_-13.54_13.99_36.06_-23.31_-8.63_0.4462_0.5142_-0.5543_-0.4789end,24.1293564,120.7289394,115.69999694824219
3382,,24.1293564,120.7289394,115.69999694824219
3383,,24.1293564,120.7289394,115.69999694824219
3384,,24.1293564,120.7289394,115.69999694824219
3385,,24.1293564,120.7289394,115.69999694824219
3386,,24.1293564,120.7289394,115.69999694824219
3387,,24.1293564,120.7289394,115.69999694824219
3388,-0.02_9.56_3.01_22.60_-13.54_13.99_35.31_-23.00_-8.13_0.4461_0.5139_-0.5537_-0.4800end0.08_9.55_2.97_22.60_-13.54_13.99_35.31_-23.00_-8.13_0.4462_0.5135_-0.5530_-0.4811end0.15_9.53_3.00_24.62_-4.14_13.54_35.31_-24.31_-7.19_0.4462_0.5135_-0.5530_-0.4811end0.23_9.49_2.97_24.84_-0.90_13.54_35.31_-24.31_-7.19_0.4468_0.5126_-0.5507_-0.4839end0.23_9.53_2.93_24.84_-0.90_13.54_35.31_-24.31_-7.19_0.4472_0.5125_-0.5499_-0.4848end0.36_9.52_2.84_24.84_-0.90_13.54_35.31_-24.31_-7.19_0.4476_0.5124_-0.5489_-0.4855end0.31_9.51_2.90_24.84_-0.90_13.54_34.63_-24.31_-5.44_0.4476_0.5124_-0.5489_-0.4855end0.45_9.54_2.80_24.84_-0.90_13.54_34.63_-24.31_-5.44_0.4476_0.5124_-0.5489_-0.4855end0.36_9.49_2.70_24.84_-0.90_13.54_34.63_-24.31_-5.44_0.4501_0.5125_-0.5446_-0.4882end0.31_9.48_2.62_24.84_-0.90_13.54_34.63_-24.31_-5.44_0.4501_0.5125_-0.5446_-0.4882end,24.1293564,120.7289394,115.69999694824219
3389,,24.1293564,120.7289394,115.69999694824219
3390,,24.1293564,120.7289394,115.69999694824219
3391,,24.1293564,120.7289394,115.69999694824219
3392,,24.1293564,120.7289394,115.69999694824219
3393,,24.1293564,120.7289394,115.69999694824219
3394,,24.1293564,120.7289394,115.69999694824219
3395,0.25_9.46_2.56_24.84_-0.90_13.54_35.31_-24.69_-5.81_0.4501_0.5125_-0.5446_-0.4882end0.19_9.48_2.52_27.86_18.58_13.65_35.31_-24.69_-5.81_0.4532_0.5128_-0.5396_-0.4904end0.17_9.47_2.45_27.86_18.58_13.65_35.69_-25.37_-6.31_0.4532_0.5128_-0.5396_-0.4904end0.17_9.47_2.45_28.42_19.81_13.43_35.69_-25.37_-6.31_0.4548_0.5131_-0.5370_-0.4,24.1293564,120.7289394,115.69999694824219
3396,915end0.11_9.47_2.43_28.42_19.81_13.43_35.69_-25.37_-6.31_0.4556_0.5132_-0.5358_-0.4920end0.05_9.49_2.40_29.32_20.37_13.32_35.69_-25.37_-6.31_0.4564_0.5134_-0.5344_-0.4925end0.05_9.49_2.40_29.32_20.37_13.32_35.75_-24.25_-4.00_0.4564_0.5134_-0.5344_-0.4925end0.05_9.49_2.40_29.10_23.61_12.87_35.75_-24.25_-4.00_0.4590_0.5139_-0.5304_-0.4939end-0.06_9.46_2.17_29.32_25.85_12.76_35.75_-24.25_-4.00_0.4590_0.5139_-0.5304_-0.4939end-0.02_9.42_1.91_29.10_27.53_13.32_34.25_-25.31_-4.06_0.4590_0.5139_-0.5304_-0.4939end,24.1293564,120.7289394,115.69999694824219
3397,,24.1293564,120.7289394,115.69999694824219
3398,,24.1293564,120.7289394,115.69999694824219
3399,,24.1293564,120.7289394,115.69999694824219
3400,,24.1293564,120.7289394,115.69999694824219
3401,,24.1293564,120.7289394,115.69999694824219
3402,,24.1293564,120.7289394,115.69999694824219
3403,-0.08_9.37_1.69_29.32_29.21_13.20_34.25_-25.31_-4.06_0.4631_0.5148_-0.5245_-0.4954end-0.12_9.39_1.55_29.32_29.21_13.20_34.25_-25.31_-4.06_0.4641_0.5151_-0.5231_-0.4957end-0.09_9.45_1.65_29.32_29.21_13.20_34.25_-25.31_-4.06_0.4651_0.5153_-0.5215_-0.4961end-0.33_9.34_1.14_29.32_29.21_13.20_34.25_-25.31_-4.06_0.4662_0.5156_-0.5199_-0.4965end-0.37_9.34_1.20_32.90_25.29_14.88_34.25_-25.31_-4.06_0.4681_0.5159_-0.5169_-0.4975end-0.42_9.38_1.42_34.80_19.58_15.33_34.25_-25.31_-4.06_0.4691_0.5159_-0.5153_-0.4982end-0.38_9.38_1.47_34.80_19.58_15.33_35.00_-25.62_-3.06_0.4700_0.5159_-0.5139_-0.4989end-0.39_9.42_1.70_35.03_10.41_16.00_35.00_-25.62_-3.06_0.4700_0.5159_-0.5139_-0.4989end-0.39_9.42_1.70_34.91_8.17_16.00_35.00_-25.62_-3.06_0.4714_0.5156_-0.5112_-0.5005end-0.39_9.42_1.70_34.91_8.17_16.00_35.00_-26.00_-2.69_0.4727_0.5152_-0.5086_-0.5024end,24.1293564,120.7289394,115.69999694824219
3404,,24.1293564,120.7289394,115.69999694824219
3405,,24.1293564,120.7289394,115.69999694824219
3406,,24.1293564,120.7289394,115.69999694824219
3407,,24.1293564,120.7289394,115.69999694824219
3408,,24.1293564,120.7289394,115.69999694824219
3409,,24.1293564,120.7289394,115.69999694824219
3410,-0.16_9.39_1.54_34.91_8.17_16.00_35.00_-26.00_-2.69_0.4732_0.5150_-0.5074_-0.5034end-0.02_9.33_1.21_34.91_8.17_16.00_35.00_-26.00_-2.69_0.4732_0.5150_-0.5074_-0.5034end0.05_9.33_1.07_34.91_8.17_16.00_35.00_-26.00_-2.69_0.4744_0.5145_-0.5049_-0.5054end0.04_9.29_0.91_34.69_10.41_17.23_35.00_-26.00_-2.69_0.4744_0.5145_-0.5049_-0.50,24.1293564,120.7289394,115.69999694824219
3411,,24.1293564,120.7289394,115.69999694824219
3412,,24.1293564,120.7289394,115.69999694824219
3413,,24.1293564,120.7289394,115.69999694824219
3414,54end0.04_9.29_0.91_34.69_10.41_17.23_34.63_-25.31_-2.19_0.4763_0.5140_-0.5008_-0.5081end-0.03_9.30_0.78_37.82_12.87_18.13_34.63_-25.31_-2.19_0.4769_0.5139_-0.4993_-0.5090end-0.05_9.33_1.21_37.82_12.87_18.13_34.63_-26.69_-2.69_0.4777_0.5137_-0.4979_-0.5099end-0.14_9.31_1.25_37.82_12.87_18.13_34.63_-26.69_-2.69_0.4791_0.5135_-0.4,24.1293564,120.7289394,115.69999694824219
3415,949_-0.5118end-0.06_9.29_1.38_37.82_12.87_18.13_34.63_-26.69_-2.69_0.4791_0.5135_-0.4949_-0.5118end-0.09_9.31_1.36_38.05_10.74_18.91_34.63_-26.69_-2.69_0.4791_0.5135_-0.4949_-0.5118end,24.1293564,120.7289394,115.69999694824219
3416,,24.1293564,120.7289394,115.69999694824219
3417,,24.1293564,120.7289394,115.69999694824219
3418,,24.1293564,120.7289394,115.69999694824219
3419,,24.1293564,120.7289394,115.69999694824219
3420,,24.1293564,120.7289394,115.69999694824219
3421,-0.07_9.29_1.28_38.05_10.74_18.91_33.63_-25.94_-0.81_0.4817_0.5126_-0.4891_-0.5157end0.10_9.27_0.99_38.05_10.74_18.91_33.63_-25.94_-0.81_0.4817_0.5126_-0.4891_-0.5157end0.23_9.25_0.55_38.05_10.74_18.91_33.63_-25.94_-0.81_0.4823_0.5123_-0.4876_-0.5168end0.35_9.25_0.42_38.05_10.74_18.91_33.63_-25.94_-0.81_0.4838_0.5114_-0.4835_-0.,24.1293564,120.7289394,115.69999694824219
3422,5202end0.48_9.21_0.21_38.05_10.74_18.91_33.63_-25.94_-0.81_0.4843_0.5110_-0.4821_-0.5214end0.50_9.18_0.17_38.94_5.60_19.92_33.63_-25.94_-0.81_0.4843_0.5110_-0.4821_-0.5214end0.49_9.18_0.12_38.94_5.60_19.92_33.19_-28.06_-1.31_0.4854_0.5104_-0.4793_-0.5236end0.55_9.19_0.05_38.94_5.60_19.92_33.19_-28.06_-1.31_0.4865_0.5098_-0.4763_-0.5258end0.55_9.19_0.05_39.73_8.39_20.93_33.19_-28.06_-1.31_0.4871_0.5096_-0.4748_-0.5269end0.60_9.16_-0.16_39.73_8.39_20.93_33.19_-28.06_-1.31_0.4871_0.5096_-0.4748_-0.5269end,24.1293564,120.7289394,115.69999694824219
3423,,24.1293564,120.7289394,115.69999694824219
3424,,24.1293564,120.7289394,115.69999694824219
3425,0.57_9.19_-0.20_39.73_8.39_20.93_33.25_-27.69_0.06_0.4871_0.5096_-0.4748_-0.5269end0.57_9.19_-0.20_39.73_8.39_20.93_33.25_-27.69_0.06_0.4893_0.5085_-0.4688_-0.5312end0.66_9.16_-0.43_39.73_8.39_20.93_33.25_-27.69_0.06_0.4898_0.5082_-0.4673_-0.5324end0.73_9.16_-0.60_39.73_8.39_20.93_33.63_-26.94_1.00_0.4903_0.5079_-0.4659_-0.5336end0.77_9.12_-0.91_39.39_3.02_21.15_33.63_-26.94_1.00_0.4903_0.5079_-0.4659_-0.5336end0.77_9.12_-0.91_39.39_3.02_21.15_33.25_-27.31_1.00_0.4907_0.5075_-0.4645_-0.5347end0.77_9.12_-0.91_38.61_1.45_20.81_33.25_-27.31_1.00_0.4915_0.5067_-0.4617_-0.5371end0.77_9.12_-0.91_38.27_0.90_21.04_32.88_-27.69_0.50_0.4915_0.5067_-0.4617_-0.537,24.1293564,120.7289394,115.69999694824219
3426,1end0.77_9.12_-0.91_37.94_1.57_20.93_32.88_-27.69_0.50_0.4923_0.5059_-0.4589_-0.5396end0.77_9.12_-0.91_37.49_2.24_20.59_33.25_-28.00_0.50_0.4927_0.5056_-0.4575_-0.5407end,24.1293564,120.7289394,115.69999694824219
3427,,24.1293564,120.7289394,115.69999694824219
3428,,24.1293564,120.7289394,115.69999694824219
3429,,24.1293564,120.7289394,115.69999694824219
3430,,24.1293564,120.7289394,115.69999694824219
3431,,24.1293564,120.7289394,115.69999694824219
3432,,24.1293564,120.7289394,115.69999694824219
3433,0.77_9.12_-0.91_37.49_2.24_20.59_32.13_-29.37_2.81_0.4930_0.5052_-0.4562_-0.5419end0.77_9.12_-0.91_37.49_2.24_20.59_32.13_-29.37_2.81_0.4942_0.5041_-0.4521_-0.5452end1.51_9.17_-2.11_37.49_2.24_20.59_33.25_-28.31_2.37_0.4946_0.5038_-0.4508_-0.5463end1.59_9.16_-2.06_37.49_2.24_20.59_33.25_-28.31_2.37_0.4949_0.5034_-0.4494_-0.5474end1.66_9.18_-2.09_37.49_2.24_20.59_33.25_-28.31_2.37_0.4949_0.5034_-0.4494_-0.5474end1.68_9.17_-2.07_35.47_6.49_19.81_33.25_-28.31_2.37_0.4962_0.5026_-0.4453_-0.5503end1.64_9.17_-2.11_34.58_7.95_19.47_32.13_-28.31_4.19_0.4966_0.5024_-0.4439_-0.5512end1.64_9.17_-2.11_34.58_7.95_19.47_32.13_-28.31_4.19_0.4966_0.5024_-0.4439_-0.551,24.1293564,120.7289394,115.69999694824219
3434,2end1.65_9.18_-2.14_34.58_7.95_19.47_32.13_-28.31_4.19_0.4966_0.5024_-0.4439_-0.5512end1.72_9.17_-2.14_34.58_7.95_19.47_32.50_-28.31_3.25_0.4966_0.5024_-0.4439_-0.5512end,24.1293564,120.7289394,115.69999694824219
3435,,24.1293564,120.7289394,115.69999694824219
3436,,24.1293564,120.7289394,115.69999694824219
3437,,24.1293564,120.7289394,115.69999694824219
3438,,24.1293564,120.7289394,115.69999694824219
3439,,24.1293564,120.7289394,115.69999694824219
3440,1.79_9.17_-2.15_34.58_7.95_19.47_32.50_-28.31_3.25_0.4987_0.5013_-0.4371_-0.5557end1.84_9.18_-2.21_32.12_6.83_18.80_31.75_-30.37_3.19_0.4991_0.5012_-0.4358_-0.5566end1.89_9.19_-2.27_32.01_6.94_18.35_31.75_-30.37_3.19_0.4991_0.5012_-0.4358_-0.5566end1.91_9.20_-2.30_32.01_6.94_18.35_31.75_-28.31_3.69_0.4991_0.5012_-0.4358_-0.5566e,24.1293564,120.7289394,115.69999694824219
3441,nd1.94_9.16_-2.33_32.01_6.94_18.35_31.75_-28.31_3.69_0.5005_0.5003_-0.4307_-0.5601end1.95_9.21_-2.39_30.66_5.48_18.02_31.75_-28.31_3.69_0.5005_0.5003_-0.4307_-0.5601end1.95_9.21_-2.39_30.66_5.48_18.02_31.75_-28.31_3.69_0.5012_0.4999_-0.4283_-0.5617end2.08_9.18_-2.46_30.66_5.48_18.02_31.75_-28.31_3.69_0.5012_0.4999_-0.4283_-0.5617end2.16_9.23_-2.46_30.66_5.48_18.02_31.75_-28.31_3.69_0.5021_0.4991_-0.4248_-0.5642end2.23_9.22_-2.42_29.21_1.79_17.12_31.44_-29.69_4.62_0.5021_0.4991_-0.4248_-0.5642end,24.1293564,120.7289394,115.69999694824219
3442,,24.1293564,120.7289394,115.69999694824219
3443,,24.1293564,120.7289394,115.69999694824219
3444,,24.1293564,120.7289394,115.69999694824219
3445,,24.1293564,120.7289394,115.69999694824219
3446,,24.1293564,120.7289394,115.69999694824219
3447,2.23_9.22_-2.42_29.21_1.79_17.12_31.44_-29.69_4.62_0.5026_0.4985_-0.4226_-0.5660end2.37_9.22_-2.29_29.21_1.79_17.12_31.44_-29.69_4.62_0.5027_0.4982_-0.4216_-0.5669end2.42_9.21_-2.25_27.86_-2.69_16.67_31.44_-29.69_4.62_0.5027_0.4982_-0.4216_-0.5669end2.46_9.21_-2.17_27.98_-3.92_16.11_31.44_-29.69_4.62_0.5027_0.4982_-0.4216_-0.5669end2.46_9.21_-2.17_27.64_-7.05_15.33_31.06_-29.69_5.06_0.5032_0.4969_-0.4187_-0.5697end2.46_9.21_-2.17_27.75_-7.72_15.11_31.06_-29.69_5.06_0.5034_0.4958_-0.4171_-0.5717end2.88_9.21_-1.97_27.75_-7.72_15.11_31.06_-29.69_5.06_0.5034_0.4953_-0.4163_-0.5727end2.94_9.24_-1.93_27.42_-8.17_14.44_31.06_-29.69_5.06_0.5034_0.4953_-0.4163_,24.1293564,120.7289394,115.69999694824219
3448,-0.5727end3.09_9.22_-1.81_27.42_-8.17_14.44_31.06_-29.69_6.00_0.5034_0.4953_-0.4163_-0.5727end3.09_9.22_-1.81_27.42_-8.17_14.44_31.06_-30.37_5.50_0.5039_0.4932_-0.4130_-0.5764end,24.1293564,120.7289394,115.69999694824219
3449,,24.1293564,120.7289394,115.69999694824219
3450,,24.1293564,120.7289394,115.69999694824219
3451,,24.1293564,120.7289394,115.69999694824219
3452,,24.1293564,120.7289394,115.69999694824219
3453,,24.1293564,120.7289394,115.69999694824219
3454,,24.1293564,120.7289394,115.69999694824219
3455,,24.1293564,120.7289394,115.69999694824219
3456,,24.1293564,120.7289394,115.69999694824219
3457,,24.1293564,120.7289394,115.69999694824219
3458,,24.1293564,120.7289394,115.69999694824219
3459,3.20_9.19_-1.65_27.42_-8.17_14.44_31.06_-30.37_5.50_0.5042_0.4927_-0.4121_-0.5772end3.18_9.18_-1.53_27.42_-8.17_14.44_31.06_-30.37_5.50_0.5045_0.4924_-0.4111_-0.5779end3.18_9.23_-1.43_27.19_9.62_11.08_31.06_-30.37_5.50_0.5045_0.4924_-0.4111_-0.5779end3.18_9.23_-1.43_27.19_9.62_11.08_31.06_-30.37_5.50_0.5057_0.4918_-0.4079_-0.5797end3.14_9.19_-1.30_27.19_9.62_11.08_30.69_-30.00_5.56_0.5063_0.4917_-0.4067_-0.5801end3.02_9.19_-1.03_27.19_9.62_11.08_30.69_-30.00_5.56_0.5069_0.4916_-0.4055_-0.5805end2.99_9.22_-0.95_27.98_17.79_9.40_30.69_-30.00_5.56_0.5069_0.4916_-0.4055_-0.5805end2.99_9.22_-0.95_27.98_17.79_9.40_31.06_-29.31_6.06_0.5089_0.4916_-0.4016_-0.5814end2.93_9.25_-0.81_27.98_17.79_9.40_31.06_-29.31_6.06_0.5096_0.4916_-0.4003_-0.5817end2.92_9.23_-0.79_28.98_21.04_8.06_31.06_-30.00_7.37_0.5096_0.4916_-0.4003_-0.5817end,24.1293564,120.7289394,115.69999694824219
3460,,24.1293564,120.7289394,115.69999694824219
3461,,24.1293564,120.7289394,115.69999694824219
3462,,24.1293564,120.7289394,115.69999694824219
3463,2.83_9.19_-0.70_29.21_20.70_7.27_31.06_-30.00_7.37_0.5096_0.4916_-0.4003_-0.5817end2.86_9.20_-0.64_29.43_19.92_7.50_30.31_-30.37_5.50_0.5096_0.4916_-0.4003_-0.5817end2.86_9.20_-0.64_30.10_19.58_6.27_30.31_-30.37_5.50_0.5128_0.4916_-0.3949_-0.5826end2.86_9.20_-0.64_30.10_19.58_6.27_31.06_-29.31_6.94_0.5136_0.4915_-0.3936_-0.5829end2.86_9.20_-0.64_30.66_20.81_5.82_31.06_-29.31_6.94_0.5153_0.4913_-0.3909_-0.5833end2.91_9.08_-0.62_30.66_20.81_5.82_31.06_-29.31_6.94_0.5162_0.4913_-0.3895_-0.5836end2.91_9.08_-0.62_31.11_22.72_5.60_31.06_-29.31_6.94_0.5170_0.4913_-0.3881_-0.5837end2.96_9.07_-0.91_31.11_22.72_5.60_31.06_-29.31_6.94_0.5189_0.4911_-0.3852_-0.5840end2.92_9.02_-1.10_31.11_22.72_5.60_31.06_-29.31_6.94_0.5189_0.4911_-0.3852_-0.5840end2.89_9.09_-1.17_31.11_22.72_5.60_31.06_-29.31_6.94_0.5220_0.4912_-0.3806_-0.5843end,24.1293564,120.7289394,115.69999694824219
3464,,24.1293564,120.7289394,115.69999694824219
3465,,24.1293564,120.7289394,115.69999694824219
3466,,24.1293564,120.7289394,115.69999694824219
3467,,24.1293564,120.7289394,115.69999694824219
3468,,24.1293564,120.7289394,115.69999694824219
3469,,24.1293564,120.7289394,115.69999694824219
3470,2.94_8.84_-1.09_31.11_22.72_5.60_29.63_-29.25_8.75_0.5231_0.4913_-0.3790_-0.5842end2.86_9.07_-1.18_31.11_22.72_5.60_29.63_-29.25_8.75_0.5231_0.4913_-0.3790_-0.5842end2.86_9.07_-1.18_31.11_22.72_5.60_29.63_-29.25_8.75_0.5243_0.4915_-0.3773_-0.5841end2.89_9.06_-1.15_31.11_22.72_5.60_30.31_-30.62_9.63_0.5243_0.4915_-0.3773_-0.5841end2.56_8.95_-1.18_31.11_22.72_5.60_30.31_-30.62_9.63_0.5295_0.4926_-0.3700_-0.5832end2.56_8.95_-1.18_35.03_44.43_2.57_30.31_-30.62_9.63_0.5295_0.4926_-0.3700_-0.5832end2.27_8.95_-1.22_35.03_44.43_2.57_30.31_-30.62_9.63_0.5295_0.4926_-0.3700_-0.5832end2.19_8.96_-1.20_35.03_44.43_2.57_31.06_-29.25_10.19_0.5295_0.4926_-0.3700_-0.5832end2.21_8.91_-1.17_35.03_44.43_2.57_31.06_-29.25_10.19_0.5364_0.4942_-0.3602_-0.5817end2.16_8.91_-1.19_35.03_44.43_2.57_29.25_-29.94_10.13_0.5377_0.4943_-0.3583_-0.5815end,24.1293564,120.7289394,115.69999694824219
3471,,24.1293564,120.7289394,115.69999694824219
3472,,24.1293564,120.7289394,115.69999694824219
3473,,24.1293564,120.7289394,115.69999694824219
3474,,24.1293564,120.7289394,115.69999694824219
3475,,24.1293564,120.7289394,115.69999694824219
3476,,24.1293564,120.7289394,115.69999694824219
3477,2.16_8.91_-1.19_37.15_35.92_3.02_30.00_-29.56_11.50_0.5390_0.4944_-0.3565_-0.5813end2.24_8.85_-1.20_37.15_35.92_3.02_30.00_-29.56_11.50_0.5390_0.4944_-0.3565_-0.5813end2.24_8.85_-1.20_37.15_35.92_3.02_30.00_-29.56_11.50_0.5428_0.4945_-0.3511_-0.5811end2.31_8.80_-1.28_37.15_35.92_3.02_30.00_-29.56_11.50_0.5441_0.4945_-0.3492_-0.5809end2.33_8.73_-1.40_37.15_35.92_3.02_30.00_-29.56_11.50_0.5441_0.4945_-0.3492_-0.5809end2.32_8.76_-1.44_39.39_34.58_2.91_30.00_-29.56_11.50_0.5465_0.4944_-0.3456_-0.5809end2.32_8.76_-1.44_39.50_36.15_3.02_28.87_-30.62_12.37_0.5491_0.4944_-0.3418_-0.5807end2.27_8.70_-1.54_39.50_36.15_3.02_28.87_-30.62_12.37_0.5491_0.4944_-0.341,24.1293564,120.7289394,115.69999694824219
3478,8_-0.5807end2.22_8.68_-1.61_40.62_38.05_3.02_28.87_-30.62_12.37_0.5491_0.4944_-0.3418_-0.5807end2.22_8.68_-1.61_40.62_38.05_3.02_29.25_-28.87_12.94_0.5531_0.4945_-0.3359_-0.5802end,24.1293564,120.7289394,115.69999694824219
3479,,24.1293564,120.7289394,115.69999694824219
3480,,24.1293564,120.7289394,115.69999694824219
3481,,24.1293564,120.7289394,115.69999694824219
3482,,24.1293564,120.7289394,115.69999694824219
3483,2.22_8.68_-1.61_40.96_38.16_3.02_29.25_-28.87_12.94_0.5558_0.4946_-0.3319_-0.5799end2.16_8.57_-1.77_40.96_38.16_3.02_29.25_-28.87_12.94_0.5571_0.4946_-0.3298_-0.5798end2.05_8.29_-1.98_40.96_38.16_3.02_29.25_-28.87_12.94_0.5571_0.4946_-0.3298_-0.5798end2.07_8.51_-2.04_41.85_35.47_3.47_29.25_-28.87_12.94_0.5571_0.4946_-0.3298_-0.5,24.1293564,120.7289394,115.69999694824219
3484,798end2.07_8.51_-2.04_41.96_32.79_3.69_28.56_-28.87_13.81_0.5610_0.4945_-0.3239_-0.5795end2.00_8.41_-2.25_41.96_32.79_3.69_28.56_-28.87_13.81_0.5636_0.4942_-0.3200_-0.5794end2.00_8.41_-2.25_42.52_29.88_4.25_29.25_-29.19_14.31_0.5648_0.4940_-0.3181_-0.5794end2.09_8.61_-2.46_42.52_28.65_4.25_29.25_-29.19_14.31_0.5648_0.4940_-0.3181_-0.5794end2.09_8.61_-2.46_42.75_27.86_4.25_29.25_-29.19_14.31_0.5672_0.4935_-0.3143_-0.5795end2.03_8.48_-2.69_42.75_27.86_4.25_29.25_-29.19_14.31_0.5684_0.4933_-0.3125_-0.5797end,24.1293564,120.7289394,115.69999694824219
3485,,24.1293564,120.7289394,115.69999694824219
3486,,24.1293564,120.7289394,115.69999694824219
3487,,24.1293564,120.7289394,115.69999694824219
3488,,24.1293564,120.7289394,115.69999694824219
3489,,24.1293564,120.7289394,115.69999694824219
3490,2.03_8.48_-2.69_42.86_26.30_4.92_29.25_-29.19_14.31_0.5707_0.4926_-0.3088_-0.5799end2.03_8.40_-3.02_42.86_26.30_4.92_27.44_-29.50_16.62_0.5707_0.4926_-0.3088_-0.5799end2.03_8.40_-3.02_42.75_23.95_4.70_27.44_-29.50_16.62_0.5729_0.4919_-0.3053_-0.5803end2.00_8.30_-3.21_42.75_23.95_4.70_27.44_-29.50_16.62_0.5750_0.4910_-0.3018_-0.5,24.1293564,120.7289394,115.69999694824219
3491,807end2.03_8.29_-3.26_42.75_23.95_4.70_27.44_-29.50_16.62_0.5760_0.4905_-0.3000_-0.5809end1.93_8.19_-3.56_42.75_23.95_4.70_27.44_-29.50_16.62_0.5771_0.4901_-0.2983_-0.5812end1.88_8.41_-3.61_42.52_18.02_6.04_27.44_-29.50_16.62_0.5771_0.4901_-0.2983_-0.5812end1.88_8.41_-3.61_41.63_16.23_6.27_27.50_-27.75_17.06_0.5790_0.4891_-0.2950_-0.5818end1.87_8.34_-4.21_41.63_16.23_6.27_27.50_-27.75_17.06_0.5808_0.4880_-0.2918_-0.5825end1.89_8.25_-4.26_41.63_13.76_6.60_27.50_-27.75_17.56_0.5808_0.4880_-0.2918_-0.5825end,24.1293564,120.7289394,115.69999694824219
3492,,24.1293564,120.7289394,115.69999694824219
3493,,24.1293564,120.7289394,115.69999694824219
3494,,24.1293564,120.7289394,115.69999694824219
3495,,24.1293564,120.7289394,115.69999694824219
3496,,24.1293564,120.7289394,115.69999694824219
3497,,24.1293564,120.7289394,115.69999694824219
3498,1.82_8.23_-4.31_41.63_11.97_6.71_27.50_-27.75_17.56_0.5808_0.4880_-0.2918_-0.5825end1.82_8.23_-4.31_41.63_11.97_6.71_27.50_-27.75_17.56_0.5834_0.4862_-0.2872_-0.5837end1.82_8.23_-4.31_40.96_8.95_7.16_26.75_-28.06_19.81_0.5842_0.4855_-0.2857_-0.5842end1.72_8.20_-4.41_40.96_8.95_7.16_26.75_-28.06_19.81_0.5858_0.4841_-0.2828_-0.5852end1.61_8.09_-4.45_40.96_8.95_7.16_26.75_-28.06_19.81_0.5865_0.4835_-0.2815_-0.5858end1.56_8.09_-4.45_39.50_2.57_8.73_26.75_-28.06_19.81_0.5865_0.4835_-0.2815_-0.5858end1.56_8.09_-4.45_39.50_2.57_8.73_27.50_-28.44_18.44_0.5884_0.4811_-0.2776_-0.5876end1.38_8.15_-4.57_39.50_2.57_8.73_27.50_-28.44_18.44_0.5890_0.4802_-0.2764_-0.5,24.1293564,120.7289394,115.69999694824219
3499,883end1.34_8.14_-4.64_39.28_-4.25_9.62_27.50_-28.44_18.44_0.5890_0.4802_-0.2764_-0.5883end1.34_8.14_-4.64_38.72_-9.96_10.18_27.50_-28.44_18.44_0.5900_0.4783_-0.2742_-0.5899end,24.1293564,120.7289394,115.69999694824219
3500,,24.1293564,120.7289394,115.69999694824219
3501,,24.1293564,120.7289394,115.69999694824219
3502,,24.1293564,120.7289394,115.69999694824219
3503,,24.1293564,120.7289394,115.69999694824219
3504,,24.1293564,120.7289394,115.69999694824219
3505,,24.1293564,120.7289394,115.69999694824219
3506,1.34_8.14_-4.64_38.72_-9.96_10.18_27.50_-28.44_18.44_0.5908_0.4761_-0.2723_-0.5917end1.16_8.17_-4.80_38.72_-9.96_10.18_27.50_-28.44_18.44_0.5908_0.4761_-0.2723_-0.5917end1.14_8.10_-5.05_37.82_-19.14_11.08_27.50_-28.44_18.44_0.5908_0.4761_-0.2723_-0.5917end1.14_8.10_-5.05_37.15_-25.07_11.86_27.50_-27.06_17.94_0.5917_0.4723_-0.2700_-0.5950end1.14_8.10_-5.05_37.15_-25.07_11.86_27.50_-27.06_17.94_0.5920_0.4694_-0.2689_-0.5975end1.04_8.04_-5.31_37.15_-25.07_11.86_27.50_-27.75_18.94_0.5920_0.4694_-0.2689_-0.5975end0.86_8.04_-5.60_37.15_-25.07_11.86_27.50_-26.69_20.31_0.5920_0.4694_-0.2689_-0.5975end0.80_8.03_-5.66_35.36_-36.82_13.32_27.50_-26.69_20.31_0.5920_0.4694_-0.2689_-0.5975end0.82_8.02_-5.73_35.36_-36.82_13.32_27.50_-26.69_20.31_0.5917_0.4611_-0.2673_-0.6048end0.82_8.02_-5.73_35.36_-36.82_13.32_27.13_-26.37_19.81_0.5916_0.4592_-0.2673_-0.6065end,24.1293564,120.7289394,115.69999694824219
3507,,24.1293564,120.7289394,115.69999694824219
3508,,24.1293564,120.7289394,115.69999694824219
3509,,24.1293564,120.7289394,115.69999694824219
3510,,24.1293564,120.7289394,115.69999694824219
3511,,24.1293564,120.7289394,115.69999694824219
3512,,24.1293564,120.7289394,115.69999694824219
3513,0.87_7.98_-6.09_35.36_-36.82_13.32_27.13_-26.37_19.81_0.5916_0.4592_-0.2673_-0.6065end0.84_7.99_-6.17_33.01_-65.02_15.00_27.13_-26.37_19.81_0.5916_0.4592_-0.2673_-0.6065end0.84_7.99_-6.17_33.01_-65.02_15.00_27.13_-26.37_19.81_0.5898_0.4501_-0.2687_-0.6143end1.04_7.92_-6.45_33.01_-65.02_15.00_27.50_-28.12_17.50_0.5891_0.4475_-0.2694_-0.6165end1.12_7.95_-6.54_31.67_-83.26_16.11_27.50_-28.12_17.50_0.5883_0.4448_-0.2703_-0.6188end1.26_7.91_-6.63_31.67_-83.26_16.11_29.31_-27.06_19.44_0.5883_0.4448_-0.2703_-0.6188end1.26_7.91_-6.63_31.33_-88.63_16.23_29.31_-27.06_19.44_0.5875_0.4418_-0.2714_-0.6213end1.26_7.91_-6.63_30.55_-100.49_16.00_29.31_-27.06_19.44_0.5856_0.4356_-0.2738_-0.6264end1.26_7.91_-6.63_30.55_-100.49_16.00_28.19_-27.75_17.56_0.5856_0.4356_-0.2738_-0.6264end1.69_7.89_-6.79_29.77_-102.84_15.67_28.19_-27.75_17.56_0.5834_0.4290_-0.2766_-0.6317end,24.1293564,120.7289394,115.69999694824219
3514,,24.1293564,120.7289394,115.69999694824219
3515,,24.1293564,120.7289394,115.69999694824219
3516,,24.1293564,120.7289394,115.69999694824219
3517,,24.1293564,120.7289394,115.69999694824219
3518,,24.1293564,120.7289394,115.69999694824219
3519,,24.1293564,120.7289394,115.69999694824219
3520,,24.1293564,120.7289394,115.69999694824219
3521,1.69_7.89_-6.79_29.77_-102.84_15.67_28.19_-27.75_17.56_0.5812_0.4223_-0.2796_-0.6370end1.69_7.89_-6.79_28.65_-101.50_14.10_28.94_-26.75_16.62_0.5812_0.4223_-0.2796_-0.6370end1.69_7.89_-6.79_28.65_-101.50_14.10_28.94_-26.75_16.62_0.5779_0.4125_-0.2840_-0.6443end1.66_7.88_-6.79_28.65_-101.50_14.10_30.06_-26.69_18.06_0.5779_0.4125_-0.2840_-0.6443end2.59_7.87_-7.29_25.51_-76.10_9.62_30.06_-26.69_18.06_0.5779_0.4125_-0.2840_-0.6443end3.04_8.33_-7.46_25.51_-76.10_9.62_30.06_-26.37_17.12_0.5779_0.4125_-0.2840_-0.6443end3.04_8.33_-7.46_27.31_-66.02_9.51_30.06_-26.37_17.12_0.5741_0.3993_-0.2888_-0.6539end3.68_16.93_-8.49_27.31_-66.02_9.51_30.06_-26.37_17.12_0.5735_0.3969_-0.2895_-0.6556end2.67_18.85_-8.10_27.31_-66.02_9.51_30.06_-26.37_17.12_0.5729_0.3947_-0.2900_-0.6572end4.11_19.02_-9.98_24.84_-50.36_7.27_30.06_-26.37_17.12_0.5729_0.3947_-0.2900_-0.6572end,24.1293564,120.7289394,115.69999694824219
3522,,24.1293564,120.7289394,115.69999694824219
3523,,24.1293564,120.7289394,115.69999694824219
3524,,24.1293564,120.7289394,115.69999694824219
3525,,24.1293564,120.7289394,115.69999694824219
3526,,24.1293564,120.7289394,115.69999694824219
3527,0.77_18.58_-7.23_29.21_-39.28_5.26_30.06_-26.37_17.12_0.5720_0.3892_-0.2908_-0.6609end2.88_18.05_-8.84_29.21_-39.28_5.26_29.69_-26.75_15.69_0.5720_0.3879_-0.2907_-0.6617end2.85_21.27_-6.69_29.21_-39.28_5.26_29.69_-26.75_15.69_0.5721_0.3870_-0.2905_-0.6622end2.41_20.98_-5.70_14.77_-0.22_-3.69_29.69_-26.75_15.69_0.5721_0.3870_-0.2,24.1293564,120.7289394,115.69999694824219
3528,905_-0.6622end2.21_20.84_-5.43_10.41_9.62_-6.71_29.69_-26.75_15.69_0.5721_0.3870_-0.2905_-0.6622end1.82_20.46_-6.59_10.41_9.62_-6.71_30.06_-26.75_16.69_0.5721_0.3870_-0.2905_-0.6622end1.30_19.98_-6.66_10.41_9.62_-6.71_30.06_-26.75_16.69_0.5748_0.3874_-0.2883_-0.6606end1.77_19.64_-6.72_10.41_9.62_-6.71_29.69_-27.06_16.19_0.5748_0.3874_-0.2883_-0.6606end1.20_19.01_-5.85_10.41_9.62_-6.71_29.69_-27.06_16.19_0.5765_0.3887_-0.2871_-0.6589end0.83_18.75_-5.78_1.34_23.50_-16.23_29.69_-27.06_16.19_0.5765_0.3887_-0.2871_-0.6589end,24.1293564,120.7289394,115.69999694824219
3529,,24.1293564,120.7289394,115.69999694824219
3530,,24.1293564,120.7289394,115.69999694824219
3531,,24.1293564,120.7289394,115.69999694824219
3532,,24.1293564,120.7289394,115.69999694824219
3533,,24.1293564,120.7289394,115.69999694824219
3534,0.68_18.60_-4.96_0.56_18.69_-17.23_29.69_-27.06_16.19_0.5787_0.3899_-0.2863_-0.6566end0.61_18.17_-4.31_0.56_18.69_-17.23_29.69_-27.06_16.19_0.5793_0.3900_-0.2865_-0.6558end0.70_18.08_-4.34_-6.49_-3.25_-20.81_29.69_-27.06_16.19_0.5793_0.3900_-0.2865_-0.6558end0.80_17.73_-4.71_-9.29_-13.99_-21.71_29.69_-27.06_16.19_0.5793_0.3900_-0.2865_-0.6558end0.80_17.73_-4.71_-9.29_-13.99_-21.71_30.44_-26.37_17.56_0.5804_0.3891_-0.2890_-0.6544end0.80_17.73_-4.71_-9.29_-13.99_-21.71_30.44_-26.37_17.56_0.5803_0.3871_-0.2925_-0.6541end1.44_17.09_-5.17_-9.29_-13.99_-21.71_30.75_-26.06_15.25_0.5803_0.3871_-0.2925_-0.6541end1.27_16.37_-6.05_-9.29_-13.99_-21.71_30.75_-26.06,24.1293564,120.7289394,115.69999694824219
3535,_15.25_0.5797_0.3844_-0.2972_-0.6542end1.45_16.00_-6.18_-27.42_-57.97_-28.20_30.37_-27.13_14.81_0.5797_0.3844_-0.2972_-0.6542end1.45_16.00_-6.18_-27.42_-57.97_-28.20_30.37_-27.13_14.81_0.5784_0.3803_-0.3054_-0.6539end,24.1293564,120.7289394,115.69999694824219
3536,,24.1293564,120.7289394,115.69999694824219
3537,,24.1293564,120.7289394,115.69999694824219
3538,,24.1293564,120.7289394,115.69999694824219
3539,,24.1293564,120.7289394,115.69999694824219
3540,,24.1293564,120.7289394,115.69999694824219
3541,,24.1293564,120.7289394,115.69999694824219
3542,1.61_15.40_-6.48_-27.42_-57.97_-28.20_30.37_-27.13_14.81_0.5781_0.3792_-0.3081_-0.6536end2.04_14.61_-5.22_-27.42_-57.97_-28.20_30.37_-27.13_14.81_0.5778_0.3780_-0.3110_-0.6531end2.04_14.61_-5.22_-37.26_-54.95_-34.36_30.37_-27.13_14.81_0.5778_0.3780_-0.3110_-0.6531end1.95_14.39_-4.92_-37.26_-54.95_-34.36_32.25_-24.69_13.94_0.5778_0.3780_-0.3110_-0.6531end1.72_13.80_-5.08_-46.78_-54.83_-36.93_32.25_-24.69_13.94_0.5778_0.3780_-0.3110_-0.6531end1.72_13.80_-5.08_-46.78_-54.83_-36.93_32.25_-24.69_13.94_0.5756_0.3735_-0.3270_-0.6498end1.82_12.73_-5.55_-46.78_-54.83_-36.93_32.25_-24.69_13.94_0.5752_0.3729_-0.3304_-0.6487end1.86_12.15_-5.58_-46.78_-54.83_-36.93_32.25_-24.69_13.94_0.5747_0.3724_-0.3341_-0.6476end1.65_11.60_-5.29_-64.91_-51.70_-43.53_32.25_-24.69_13.94_0.5735_0.3716_-0.3417_-0.6451end1.55_11.34_-5.09_-64.91_-51.70_-43.53_32.25_-24.69_13.94_0.5729_0.3712_-0.3458_-0.6437end,24.1293564,120.7289394,115.69999694824219
3543,,24.1293564,120.7289394,115.69999694824219
3544,,24.1293564,120.7289394,115.69999694824219
3545,,24.1293564,120.7289394,115.69999694824219
3546,,24.1293564,120.7289394,115.69999694824219
3547,,24.1293564,120.7289394,115.69999694824219
3548,,24.1293564,120.7289394,115.69999694824219
3549,,24.1293564,120.7289394,115.69999694824219
3550,1.52_10.52_-4.75_-64.91_-51.70_-43.53_34.38_-25.06_11.63_0.5729_0.3712_-0.3458_-0.6437end1.61_10.23_-4.83_-82.03_-44.43_-48.34_34.38_-25.06_11.63_0.5710_0.3712_-0.3583_-0.6385end1.57_10.01_-4.82_-82.03_-44.43_-48.34_34.38_-25.06_11.63_0.5703_0.3715_-0.3627_-0.6365end1.54_9.78_-4.94_-82.03_-44.43_-48.34_34.38_-25.06_11.63_0.5696_0.3719_-0.3671_-0.6343end1.34_9.09_-5.07_-82.03_-44.43_-48.34_34.38_-25.06_11.63_0.5696_0.3719_-0.3671_-0.6343end1.24_8.88_-4.75_-107.65_-34.13_-54.05_34.38_-25.06_11.63_0.5696_0.3719_-0.3671_-0.6343end1.22_8.41_-4.27_-107.65_-34.13_-54.05_34.38_-25.06_11.63_0.5664_0.3749_-0.3857_-0.6245end1.11_8.17_-4.05_-107.65_-34.13_-54.05_35.44_-24.75_7.94_0.5654_0.3760_-0.3907_-0.6215end1.05_7.96_-4.02_-120.86_-32.01_-56.29_35.44_-24.75_7.94_0.5654_0.3760_-0.3907_-0.6215end0.99_7.47_-3.97_-120.86_-32.01_-56.29_35.06_-23.75_8.94_0.5624_0.3797_-0.4056_-0.6124end,24.1293564,120.7289394,115.69999694824219
3551,,24.1293564,120.7289394,115.69999694824219
3552,,24.1293564,120.7289394,115.69999694824219
3553,,24.1293564,120.7289394,115.69999694824219
3554,,24.1293564,120.7289394,115.69999694824219
3555,0.93_7.23_-3.86_-120.86_-32.01_-56.29_36.19_-24.44_6.56_0.5613_0.3813_-0.4109_-0.6089end0.88_7.04_-3.73_-136.41_-22.16_-58.41_36.19_-24.44_6.56_0.5613_0.3813_-0.4109_-0.6089end0.77_6.62_-3.20_-136.41_-22.16_-58.41_36.56_-24.12_6.56_0.5613_0.3813_-0.4109_-0.6089end0.77_6.62_-3.20_-147.60_-8.84_-59.87_36.56_-24.12_6.56_0.5591_0.38,24.1293564,120.7289394,115.69999694824219
3556,48_-0.4210_-0.6017end0.77_6.62_-3.20_-147.60_-8.84_-59.87_36.56_-24.12_6.56_0.5558_0.3913_-0.4363_-0.5896end0.77_6.62_-3.20_-147.60_-8.84_-59.87_36.56_-24.12_6.56_0.5558_0.3913_-0.4363_-0.5896end0.77_6.62_-3.20_-153.65_-1.12_-60.88_36.56_-24.12_6.56_0.5536_0.3965_-0.4465_-0.5805end0.14_5.67_-1.94_-153.65_-1.12_-60.88_36.56_-24.12_6.56_0.5516_0.4023_-0.4563_-0.5707end-0.15_5.52_-1.59_-153.65_-1.12_-60.88_35.81_-23.12_3.37_0.5516_0.4023_-0.4563_-0.5707end-0.15_5.52_-1.59_-153.65_-1.12_-60.88_35.81_-23.12_3.37_0.5496_0.4087_-0.4659_-0.5602end,24.1293564,120.7289394,115.69999694824219
3557,,24.1293564,120.7289394,115.69999694824219
3558,,24.1293564,120.7289394,115.69999694824219
3559,,24.1293564,120.7289394,115.69999694824219
3560,,24.1293564,120.7289394,115.69999694824219
3561,,24.1293564,120.7289394,115.69999694824219
3562,,24.1293564,120.7289394,115.69999694824219
3563,-0.58_5.25_-1.01_-153.65_-1.12_-60.88_35.81_-23.12_3.37_0.5496_0.4087_-0.4659_-0.5602end-0.77_5.19_-0.91_-170.54_26.75_-62.78_35.81_-23.12_3.37_0.5496_0.4087_-0.4659_-0.5602end-0.77_5.19_-0.91_-170.54_26.75_-62.78_35.81_-23.12_3.37_0.5455_0.4225_-0.4844_-0.5378end-1.13_4.92_-0.45_-170.54_26.75_-62.78_38.00_-22.19_1.12_0.5455_0.4225_-0.4844_-0.5378end-1.36_4.62_-0.02_-175.69_25.85_-61.88_38.00_-22.19_1.12_0.5431_0.4297_-0.4937_-0.5260end-1.36_4.62_-0.02_-177.37_19.81_-60.65_38.00_-22.19_1.12_0.5431_0.4297_-0.4937_-0.5260end-1.36_4.62_-0.02_-177.37_19.81_-60.65_38.00_-22.19_1.12_0.5386_0.4398_-0.5076_-0.5087end-1.61_4.16_0.57_-177.37_19.81_-60.65_38.00_-,24.1293564,120.7289394,115.69999694824219
3564,22.19_1.12_0.5386_0.4398_-0.5076_-0.5087end-1.64_4.04_0.68_-178.83_15.55_-59.31_38.00_-22.19_1.12_0.5352_0.4465_-0.5170_-0.4970end-1.69_4.00_0.75_-178.83_15.55_-59.31_38.00_-22.19_1.12_0.5311_0.4529_-0.5266_-0.4854end,24.1293564,120.7289394,115.69999694824219
3565,,24.1293564,120.7289394,115.69999694824219
3566,,24.1293564,120.7289394,115.69999694824219
3567,,24.1293564,120.7289394,115.69999694824219
3568,,24.1293564,120.7289394,115.69999694824219
3569,,24.1293564,120.7289394,115.69999694824219
3570,,24.1293564,120.7289394,115.69999694824219
3571,-1.62_4.01_0.89_-178.83_15.55_-59.31_38.00_-22.19_1.12_0.5289_0.4559_-0.5312_-0.4799end-1.61_4.05_1.14_-178.83_15.55_-59.31_38.00_-22.19_1.12_0.5289_0.4559_-0.5312_-0.4799end-1.54_4.09_1.21_-177.93_0.00_-51.36_38.00_-22.19_1.12_0.5289_0.4559_-0.5312_-0.4799end-1.55_4.04_1.26_-177.93_0.00_-51.36_39.44_-20.12_-0.69_0.5216_0.4649_-0.5454_-0.4629end-1.55_4.04_1.26_-177.59_-1.23_-50.69_39.44_-20.12_-0.69_0.5163_0.4706_-0.5547_-0.4518end-1.55_4.01_1.26_-177.59_-1.23_-50.69_39.44_-20.12_-0.69_0.5137_0.4735_-0.5592_-0.4464end-1.44_4.06_1.14_-174.80_-1.68_-47.45_39.44_-20.12_-0.69_0.5109_0.4761_-0.5636_-0.4411end-1.44_4.06_1.14_-174.80_-1.68_-47.45_39.06_-18.12_-3.37_0.5109_0.4761_-0.5636_-0.4411end-1.44_4.06_1.14_-171.10_-4.59_-44.87_39.06_-18.12_-3.37_0.5052_0.4816_-0.5723_-0.4304end-1.71_4.08_1.99_-171.10_-4.59_-44.87_39.06_-18.12_-3.37_0.5024_0.4841_-0.5765_-0.4253end,24.1293564,120.7289394,115.69999694824219
3572,,24.1293564,120.7289394,115.69999694824219
3573,,24.1293564,120.7289394,115.69999694824219
3574,,24.1293564,120.7289394,115.69999694824219
3575,,24.1293564,120.7289394,115.69999694824219
3576,,24.1293564,120.7289394,115.69999694824219
3577,,24.1293564,120.7289394,115.69999694824219
3578,-1.71_4.08_1.99_-171.10_-4.59_-44.87_40.19_-17.75_-4.25_0.4965_0.4896_-0.5848_-0.4144end-1.51_4.52_2.23_-171.10_-4.59_-44.87_40.19_-17.75_-4.25_0.4903_0.4947_-0.5930_-0.4041end-1.51_4.52_2.23_-168.53_-11.97_-37.60_40.56_-17.44_-4.75_0.4903_0.4947_-0.5930_-0.4041end-1.12_4.37_1.40_-166.85_-15.11_-35.70_40.56_-17.44_-4.75_0.4836_0.4996_-0.6011_-0.3939end-1.12_4.37_1.40_-163.94_-17.57_-33.46_39.44_-17.12_-6.62_0.4836_0.4996_-0.6011_-0.3939end-1.12_4.37_1.40_-158.91_-17.68_-30.66_39.44_-17.12_-6.62_0.4731_0.5065_-0.6126_-0.3799end-1.79_4.34_1.36_-158.91_-17.68_-30.66_39.81_-17.12_-7.06_0.4731_0.5065_-0.6126_-0.3799end-1.79_4.34_1.36_-154.99_-17.79_-28.87_3,24.1293564,120.7289394,115.69999694824219
3579,9.81_-17.12_-7.06_0.4663_0.5108_-0.6198_-0.3709end-1.46_4.93_2.44_-153.31_-21.60_-27.31_39.81_-17.12_-7.06_0.4591_0.5151_-0.6267_-0.3621end-1.23_5.11_2.35_-150.29_-32.79_-22.60_39.81_-17.12_-7.06_0.4591_0.5151_-0.6267_-0.3621end,24.1293564,120.7289394,115.69999694824219
3580,,24.1293564,120.7289394,115.69999694824219
3581,,24.1293564,120.7289394,115.69999694824219
3582,,24.1293564,120.7289394,115.69999694824219
3583,,24.1293564,120.7289394,115.69999694824219
3584,,24.1293564,120.7289394,115.69999694824219
3585,,24.1293564,120.7289394,115.69999694824219
3586,-1.23_5.11_2.35_-150.29_-32.79_-22.60_39.81_-17.12_-7.06_0.4512_0.5190_-0.6339_-0.3539end-1.30_5.20_1.63_-150.29_-32.79_-22.60_39.81_-17.12_-7.06_0.4512_0.5190_-0.6339_-0.3539end-1.12_5.29_1.50_-150.29_-32.79_-22.60_39.81_-17.12_-7.06_0.4512_0.5190_-0.6339_-0.3539end-0.71_5.50_1.78_-150.29_-32.79_-22.60_39.81_-17.12_-7.06_0.4346_0.5259_-0.6473_-0.3398end-0.60_5.64_1.90_-133.84_-39.95_-13.20_39.81_-17.12_-7.06_0.4346_0.5259_-0.6473_-0.3398end-0.62_5.74_2.05_-130.93_-38.50_-11.75_40.88_-13.69_-9.75_0.4346_0.5259_-0.6473_-0.3398end-0.51_5.92_2.21_-130.93_-38.50_-11.75_40.88_-13.69_-9.75_0.4227_0.5308_-0.6562_-0.3302end-0.51_5.92_2.21_-123.10_-31.11_-7.72_40.88_-13.69_-9.75_0.4189_0.5323_-0.6589_-0.3271end-0.51_5.92_2.21_-123.10_-31.11_-7.72_40.88_-13.38_-11.56_0.4152_0.5339_-0.6614_-0.3242end-0.51_5.92_2.21_-115.71_-26.97_-5.26_40.88_-13.38_-11.56_0.4081_0.5371_-0.6661_-0.3182end,24.1293564,120.7289394,115.69999694824219
3587,,24.1293564,120.7289394,115.69999694824219
3588,,24.1293564,120.7289394,115.69999694824219
3589,,24.1293564,120.7289394,115.69999694824219
3590,,24.1293564,120.7289394,115.69999694824219
3591,,24.1293564,120.7289394,115.69999694824219
3592,,24.1293564,120.7289394,115.69999694824219
3593,,24.1293564,120.7289394,115.69999694824219
3594,,24.1293564,120.7289394,115.69999694824219
3595,-0.51_6.16_2.21_-112.58_-25.51_-4.25_40.88_-13.38_-11.56_0.4015_0.5402_-0.6703_-0.3126end-0.43_6.15_2.31_-112.58_-25.51_-4.25_40.88_-13.38_-11.56_0.3982_0.5417_-0.6724_-0.3097end-0.51_6.19_2.32_-112.58_-25.51_-4.25_40.88_-13.38_-11.56_0.3982_0.5417_-0.6724_-0.3097end-0.47_6.17_2.38_-112.58_-25.51_-4.25_40.50_-12.75_-12.50_0.3982_0.5417_-0.6724_-0.3097end-0.47_6.15_2.46_-112.58_-25.51_-4.25_39.81_-12.06_-13.38_0.3893_0.5463_-0.6774_-0.3018end-0.47_6.15_2.46_-86.17_-5.60_2.57_39.81_-12.06_-13.38_0.3844_0.5493_-0.6800_-0.2969end-0.40_6.25_2.56_-86.17_-5.60_2.57_39.81_-12.06_-13.38_0.3823_0.5508_-0.6811_-0.2944end-0.62_6.42_2.85_-86.17_-5.60_2.57_39.81_-12,24.1293564,120.7289394,115.69999694824219
3596,,24.1293564,120.7289394,115.69999694824219
3597,.06_-13.38_0.3823_0.5508_-0.6811_-0.2944end-0.62_6.42_2.85_-86.17_-5.60_2.57_39.81_-12.06_-13.38_0.3769_0.5553_-0.6835_-0.2871end-0.54_6.02_2.50_-67.03_9.40_6.60_39.81_-12.06_-13.38_0.3754_0.5568_-0.6841_-0.2848end,24.1293564,120.7289394,115.69999694824219
3598,,24.1293564,120.7289394,115.69999694824219
3599,,24.1293564,120.7289394,115.69999694824219
3600,-0.72_5.66_2.52_-67.03_9.40_6.60_39.81_-12.06_-13.38_0.3740_0.5582_-0.6845_-0.2827end-0.92_5.41_2.82_-67.03_9.40_6.60_39.75_-11.75_-14.31_0.3740_0.5582_-0.6845_-0.2827end-1.00_5.34_3.09_-53.16_4.25_10.41_39.75_-11.75_-14.31_0.3740_0.5582_-0.6845_-0.2827end-1.07_5.31_2.99_-48.90_0.11_11.86_39.75_-11.75_-14.31_0.3740_0.5582_-0.684,24.1293564,120.7289394,115.69999694824219
3601,5_-0.2827end-1.07_5.31_2.99_-41.07_-10.18_15.00_39.06_-12.06_-13.88_0.3686_0.5632_-0.6859_-0.2765end-1.02_5.56_2.50_-41.07_-10.18_15.00_39.06_-12.06_-13.88_0.3672_0.5643_-0.6862_-0.2756end-0.81_5.79_1.59_-32.12_-20.59_18.02_39.06_-12.06_-13.88_0.3640_0.5661_-0.6868_-0.2747end-0.81_5.79_1.59_-32.12_-20.59_18.02_39.75_-13.13_-14.3,24.1293564,120.7289394,115.69999694824219
3602,,24.1293564,120.7289394,115.69999694824219
3603,8_0.3640_0.5661_-0.6868_-0.2747end-0.81_5.79_1.59_-22.27_-23.72_21.15_39.44_-11.69_-12.88_0.3608_0.5676_-0.6871_-0.2747end-0.81_5.79_1.59_-17.35_-21.93_22.16_39.44_-11.69_-12.88_0.3594_0.5683_-0.6872_-0.2750end,24.1293564,120.7289394,115.69999694824219
3604,,24.1293564,120.7289394,115.69999694824219
3605,,24.1293564,120.7289394,115.69999694824219
3606,,24.1293564,120.7289394,115.69999694824219
3607,,24.1293564,120.7289394,115.69999694824219
3608,,24.1293564,120.7289394,115.69999694824219
3609,,24.1293564,120.7289394,115.69999694824219
3610,-0.06_5.75_1.69_-12.87_-18.24_23.61_39.44_-11.69_-12.88_0.3594_0.5683_-0.6872_-0.2750end-0.06_5.75_1.69_-12.87_-18.24_23.61_37.94_-11.44_-15.75_0.3563_0.5704_-0.6865_-0.2762end0.25_5.56_1.46_0.11_0.22_25.63_37.94_-11.44_-15.75_0.3557_0.5720_-0.6852_-0.2770end0.07_4.99_1.19_0.11_0.22_25.63_37.94_-11.44_-15.75_0.3559_0.5729_-0.684,24.1293564,120.7289394,115.69999694824219
3611,,24.1293564,120.7289394,115.69999694824219
3612,,24.1293564,120.7289394,115.69999694824219
3613,3_-0.2773end-0.29_4.85_1.22_0.11_0.22_25.63_37.94_-11.44_-15.75_0.3564_0.5737_-0.6832_-0.2776end-0.39_4.80_1.04_19.58_19.58_29.54_37.94_-11.44_-15.75_0.3564_0.5737_-0.6832_-0.2776end-0.49_4.91_1.18_19.58_19.58_29.54_37.94_-11.44_-15.75_0.3584_0.5760_-0.6793_-0.2797end-0.51_5.33_1.21_19.58_19.58_29.54_37.94_-11.44_-15.75_0.3588_0,24.1293564,120.7289394,115.69999694824219
3614,.5765_-0.6781_-0.2811end-0.49_5.54_1.01_41.18_-16.45_36.15_37.94_-11.44_-15.75_0.3588_0.5765_-0.6781_-0.2811end-0.49_5.54_1.01_41.18_-16.45_36.15_37.94_-11.44_-15.75_0.3589_0.5770_-0.6747_-0.2881end,24.1293564,120.7289394,115.69999694824219
3615,,24.1293564,120.7289394,115.69999694824219
3616,-0.00_6.36_0.11_41.18_-16.45_36.15_37.94_-11.44_-15.75_0.3588_0.5769_-0.6735_-0.2912end0.45_6.93_-0.28_41.18_-16.45_36.15_37.94_-11.44_-15.75_0.3588_0.5769_-0.6735_-0.2912end0.66_7.36_-0.48_41.18_-16.45_36.15_37.94_-11.44_-15.75_0.3587_0.5764_-0.6710_-0.2981end0.70_7.53_-0.56_41.18_-16.45_36.15_37.94_-11.44_-15.75_0.3597_0.5757_-0.6678_-0.3052end0.77_7.91_-0.66_41.18_-16.45_36.15_37.94_-11.44_-15.75_0.3607_0.5754_-0.6659_-0.3087end0.78_8.24_-0.85_91.87_-0.78_42.86_37.94_-11.44_-15.75_0.3607_0.5754_-0.6659_-0.3087end0.75_8.32_-0.91_97.69_7.05_43.20_37.19_-15.88_-14.44_0.3607_0.5754_-0.6659_-0.3087end0.75_8.32_-0.91_103.51_13.65_43.87_37.19_-15.88_-14.44_0.3688_0.5746_-0.6558_-0.3220end0.61_8.36_-1.24_103.51_13.65_43.87_37.19_-15.88_-14.44_0.3716_0.5744_-0.6528_-0.3253end-1.08_18.71_-4.41_103.51_13.65_43.87_38.31_-15.19_-14.81_0.3716_0.5744_-0.6528_-0.3253end,24.1293564,120.7289394,115.69999694824219
3617,,24.1293564,120.7289394,115.69999694824219
3618,,24.1293564,120.7289394,115.69999694824219
3619,,24.1293564,120.7289394,115.69999694824219
3620,,24.1293564,120.7289394,115.69999694824219
3621,,24.1293564,120.7289394,115.69999694824219
3622,,24.1293564,120.7289394,115.69999694824219
3623,,24.1293564,120.7289394,115.69999694824219
3624,-14.21_47.61_-60.72_152.30_-35.92_2.13_38.31_-15.19_-14.81_0.3760_0.5693_-0.6459_-0.3426end-26.84_13.45_27.47_152.30_-35.92_2.13_38.31_-15.19_-14.81_0.3747_0.5657_-0.6428_-0.3555end-20.71_23.93_78.43_152.30_-35.92_2.13_38.25_-16.56_-13.94_0.3747_0.5657_-0.6428_-0.3555end-7.31_20.34_26.90_180.39_62.56_13.99_38.25_-16.56_-13.94_0.3822_0.5649_-0.6367_-0.3598end-7.31_20.34_26.90_-47.67_357.65_-72.63_37.88_-18.62_-14.00_0.3869_0.5695_-0.6357_-0.3492end-7.31_20.34_26.90_-201.99_294.76_-93.44_38.31_-17.19_-11.69_0.3869_0.5695_-0.6357_-0.3492end14.08_1.25_-19.11_14.44_-93.67_-16.00_38.31_-17.19_-11.69_0.3869_0.5695_-0.6357_-0.3492end19.83_5.17_-32.45_14.44_-93,24.1293564,120.7289394,115.69999694824219
3625,.67_-16.00_39.06_-17.19_-10.25_0.3869_0.5695_-0.6357_-0.3492end1.94_4.24_-25.66_14.44_-93.67_-16.00_39.38_-17.56_-12.13_0.3841_0.5704_-0.6411_-0.3407end-2.11_6.80_-13.41_135.74_-94.45_55.51_39.38_-17.56_-12.13_0.3841_0.5704_-0.6411_-0.3407end,24.1293564,120.7289394,115.69999694824219
3626,,24.1293564,120.7289394,115.69999694824219
3627,,24.1293564,120.7289394,115.69999694824219
3628,,24.1293564,120.7289394,115.69999694824219
3629,,24.1293564,120.7289394,115.69999694824219
3630,,24.1293564,120.7289394,115.69999694824219
3631,-2.54_12.30_8.84_135.74_-94.45_55.51_39.38_-17.56_-12.13_0.3841_0.5704_-0.6411_-0.3407end-10.55_11.36_15.14_135.74_-94.45_55.51_39.38_-17.56_-12.13_0.3913_0.5671_-0.6320_-0.3549end-16.39_11.71_24.67_89.08_279.09_-3.92_39.38_-17.56_-12.13_0.3913_0.5671_-0.6320_-0.3549end-16.39_11.71_24.67_89.08_279.09_-3.92_39.38_-17.56_-12.13_0.4227_0.5768_-0.6133_-0.3355end-0.35_11.50_6.84_89.08_279.09_-3.92_39.38_-17.56_-12.13_0.4324_0.5810_-0.6078_-0.3256end4.37_8.91_-0.75_-34.69_226.16_-29.43_39.38_-17.56_-12.13_0.4324_0.5810_-0.6078_-0.3256end3.76_6.57_-0.18_-13.54_95.68_-6.94_39.38_-17.56_-12.13_0.4324_0.5810_-0.6078_-0.3256end-0.98_6.71_-6.51_-13.54_95.68_-6.94_40.12_-18.12_-6.62_0.4324_0.5810_-0.6078_-0.3256end0.66_6.66_-12.41_-13.54_95.68_-6.94_40.12_-18.12_-6.62_0.4324_0.5810_-0.6078_-0.3256end-1.32_7.23_-10.21_-13.54_95.68_-6.94_40.50_-18.50_-6.62_0.4324_0.5810_-0.6078_-0.3256end,24.1293564,120.7289394,115.69999694824219
3632,,24.1293564,120.7289394,115.69999694824219
3633,,24.1293564,120.7289394,115.69999694824219
3634,,24.1293564,120.7289394,115.69999694824219
3635,,24.1293564,120.7289394,115.69999694824219
3636,,24.1293564,120.7289394,115.69999694824219
3637,,24.1293564,120.7289394,115.69999694824219
3638,-4.80_6.96_-6.22_73.30_-77.66_25.74_40.50_-18.50_-6.62_0.4324_0.5810_-0.6078_-0.3256end-4.80_6.96_-6.22_73.30_-77.66_25.74_40.50_-18.50_-6.62_0.4384_0.5794_-0.6014_-0.3324end-6.24_9.88_11.18_73.30_-77.66_25.74_40.50_-18.50_-6.62_0.4384_0.5794_-0.6014_-0.3324end-3.84_11.28_13.54_73.30_-77.66_25.74_40.50_-18.50_-6.62_0.4424_0.5775_-0.5983_-0.3359end-3.00_10.31_17.66_73.30_-77.66_25.74_40.50_-18.50_-6.62_0.4424_0.5775_-0.5983_-0.3359end-2.71_9.64_15.06_73.30_-77.66_25.74_37.94_-17.81_-5.25_0.4424_0.5775_-0.5983_-0.3359end0.02_9.38_12.30_73.30_-77.66_25.74_37.94_-17.81_-5.25_0.4479_0.5777_-0.5942_-0.3354end-0.87_8.34_1.04_73.30_-77.66_25.74_37.94_-17.81_-5.25_0.4477_0.5779_-0.5940_-0.3357end-0.87_8.34_1.04_21.71_-26.41_17.90_37.94_-17.81_-5.25_0.4477_0.5779_-0.5940_-0.3357end-0.87_8.34_1.04_35.25_-24.40_18.13_37.94_-17.81_-5.25_0.4464_0.5772_-0.5933_-0.3398end,24.1293564,120.7289394,115.69999694824219
3639,,24.1293564,120.7289394,115.69999694824219
3640,,24.1293564,120.7289394,115.69999694824219
3641,,24.1293564,120.7289394,115.69999694824219
3642,,24.1293564,120.7289394,115.69999694824219
3643,,24.1293564,120.7289394,115.69999694824219
3644,,24.1293564,120.7289394,115.69999694824219
3645,,24.1293564,120.7289394,115.69999694824219
3646,-4.16_7.95_-1.01_35.25_-24.40_18.13_37.94_-17.81_-5.25_0.4467_0.5766_-0.5927_-0.3416end-1.08_8.29_0.35_35.25_-24.40_18.13_37.94_-17.81_-5.25_0.4467_0.5766_-0.5927_-0.3416end-1.80_8.59_1.98_60.65_10.97_6.38_37.94_-17.81_-5.25_0.4467_0.5766_-0.5927_-0.3416end-1.80_8.59_1.98_60.65_10.97_6.38_37.94_-17.81_-5.25_0.4524_0.5732_-0.5882,24.1293564,120.7289394,115.69999694824219
3647,_-0.3476end0.53_9.25_7.69_60.65_10.97_6.38_37.94_-17.81_-5.25_0.4534_0.5721_-0.5873_-0.3495end-1.84_9.67_9.65_60.65_10.97_6.38_37.94_-17.81_-5.25_0.4534_0.5721_-0.5873_-0.3495end-0.14_9.25_8.44_60.65_10.97_6.38_38.31_-20.19_-5.31_0.4540_0.5701_-0.5864_-0.3535end-1.34_9.00_6.04_26.19_-37.82_13.88_38.31_-20.19_-5.31_0.4532_0.5685_-0.5863_-0.3572end0.27_8.53_2.81_26.19_-37.82_13.88_38.31_-20.19_-5.31_0.4526_0.5680_-0.5864_-0.3588end-1.77_8.20_-0.76_26.19_-37.82_13.88_39.06_-19.87_-6.19_0.4526_0.5680_-0.5864_-0.3588end,24.1293564,120.7289394,115.69999694824219
3648,,24.1293564,120.7289394,115.69999694824219
3649,,24.1293564,120.7289394,115.69999694824219
3650,,24.1293564,120.7289394,115.69999694824219
3651,,24.1293564,120.7289394,115.69999694824219
3652,,24.1293564,120.7289394,115.69999694824219
3653,-0.09_8.31_-1.32_23.28_-25.18_11.08_39.06_-19.87_-6.19_0.4516_0.5662_-0.5860_-0.3633end-1.73_8.27_-1.47_23.28_-25.18_11.08_37.94_-20.56_-6.19_0.4517_0.5655_-0.5857_-0.3649end0.73_8.48_-0.76_23.28_-25.18_11.08_37.94_-20.56_-6.19_0.4517_0.5655_-0.5857_-0.3649end0.13_8.66_0.65_50.13_-29.99_7.50_37.94_-20.56_-6.19_0.4517_0.5655_-0.5,24.1293564,120.7289394,115.69999694824219
3654,857_-0.3649end0.13_8.66_0.65_48.46_-33.68_8.06_37.94_-20.56_-6.19_0.4531_0.5610_-0.5840_-0.3726end0.23_9.14_3.86_48.46_-33.68_8.06_37.94_-19.87_-5.69_0.4531_0.5610_-0.5840_-0.3726end0.38_9.22_4.89_48.46_-33.68_8.06_37.94_-19.56_-6.19_0.4531_0.5610_-0.5840_-0.3726end0.76_9.19_5.24_40.85_-27.86_8.50_37.94_-19.56_-6.19_0.4531_0.5610_-0.5840_-0.3726end0.10_9.13_4.29_40.85_-27.86_8.50_38.69_-19.50_-5.69_0.4539_0.5555_-0.5825_-0.3823end0.62_9.05_4.45_40.85_-27.86_8.50_38.69_-19.50_-5.69_0.4542_0.5548_-0.5821_-0.3836end,24.1293564,120.7289394,115.69999694824219
3655,,24.1293564,120.7289394,115.69999694824219
3656,,24.1293564,120.7289394,115.69999694824219
3657,,24.1293564,120.7289394,115.69999694824219
3658,,24.1293564,120.7289394,115.69999694824219
3659,,24.1293564,120.7289394,115.69999694824219
3660,,24.1293564,120.7289394,115.69999694824219
3661,0.19_8.91_3.39_29.66_-11.86_3.58_38.69_-19.50_-5.69_0.4542_0.5548_-0.5821_-0.3836end1.00_8.74_1.63_29.66_-11.86_3.58_38.69_-19.50_-5.69_0.4549_0.5534_-0.5814_-0.3858end0.66_8.76_1.84_31.89_-11.53_1.79_37.94_-20.19_-4.31_0.4549_0.5534_-0.5814_-0.3858end0.66_8.68_1.59_31.89_-11.53_1.79_37.94_-20.19_-4.31_0.4563_0.5510_-0.5803_-0.3,24.1293564,120.7289394,115.69999694824219
3662,893end1.08_8.75_0.89_31.89_-11.53_1.79_37.94_-20.19_-4.31_0.4568_0.5500_-0.5798_-0.3906end1.08_8.75_0.89_31.89_-11.53_1.79_37.56_-20.25_-6.19_0.4575_0.5490_-0.5793_-0.3920end0.88_9.03_2.62_31.89_-11.53_1.79_37.56_-20.25_-6.19_0.4575_0.5490_-0.5793_-0.3920end0.73_9.08_2.93_43.08_-9.62_1.23_37.56_-20.25_-6.19_0.4575_0.5490_-0.5793_-0.3920end0.73_9.08_2.93_42.08_-5.60_0.34_37.56_-20.25_-6.19_0.4606_0.5451_-0.5770_-0.3972end0.71_9.14_3.57_42.08_-5.60_0.34_37.56_-20.25_-6.19_0.4615_0.5443_-0.5764_-0.3981end,24.1293564,120.7289394,115.69999694824219
3663,,24.1293564,120.7289394,115.69999694824219
3664,,24.1293564,120.7289394,115.69999694824219
3665,,24.1293564,120.7289394,115.69999694824219
3666,,24.1293564,120.7289394,115.69999694824219
3667,,24.1293564,120.7289394,115.69999694824219
3668,0.68_9.08_3.08_42.08_-5.60_0.34_37.19_-20.25_-6.19_0.4615_0.5443_-0.5764_-0.3981end0.68_9.08_3.08_35.14_3.58_-3.02_37.19_-20.25_-6.19_0.4644_0.5421_-0.5746_-0.4005end0.75_8.95_1.17_35.14_3.58_-3.02_37.19_-20.25_-6.19_0.4654_0.5414_-0.5739_-0.4012end0.64_8.92_0.65_36.26_6.60_-3.80_37.19_-20.25_-6.19_0.4654_0.5414_-0.5739_-0.4012end0.60_8.97_0.63_37.71_8.73_-3.92_37.19_-20.25_-6.19_0.4654_0.5414_-0.5739_-0.4012end0.60_8.97_0.63_37.71_8.73_-3.92_37.94_-20.88_-5.31_0.4701_0.5385_-0.5709_-0.4037end0.28_9.06_1.30_37.71_8.73_-3.92_37.94_-20.88_-5.31_0.4716_0.5379_-0.5700_-0.4043end0.23_9.10_1.61_37.71_8.73_-3.92_37.94_-20.88_-5.31_0.4730_0.5373_-0.5690_-0.404,24.1293564,120.7289394,115.69999694824219
3669,7end-0.11_9.18_1.89_37.71_8.73_-3.92_37.94_-20.88_-5.31_0.4730_0.5373_-0.5690_-0.4047end-0.13_9.19_1.89_37.38_21.82_-6.04_37.94_-20.88_-5.31_0.4730_0.5373_-0.5690_-0.4047end,24.1293564,120.7289394,115.69999694824219
3670,,24.1293564,120.7289394,115.69999694824219
3671,,24.1293564,120.7289394,115.69999694824219
3672,,24.1293564,120.7289394,115.69999694824219
3673,,24.1293564,120.7289394,115.69999694824219
3674,,24.1293564,120.7289394,115.69999694824219
3675,-0.21_9.18_1.82_37.38_21.82_-6.04_37.94_-20.88_-5.31_0.4790_0.5351_-0.5652_-0.4059end-0.28_9.11_1.07_37.38_21.82_-6.04_37.94_-20.88_-5.31_0.4805_0.5346_-0.5643_-0.4061end-0.38_9.13_0.93_35.59_20.25_-6.60_37.94_-20.88_-5.31_0.4805_0.5346_-0.5643_-0.4061end-0.36_9.12_0.75_35.59_20.25_-6.60_37.94_-20.88_-5.31_0.4834_0.5335_-0.5624_-0.4067end-0.37_9.16_0.71_36.26_21.15_-6.94_37.94_-20.88_-5.31_0.4834_0.5335_-0.5624_-0.4067end-0.46_9.20_0.85_36.26_21.15_-6.94_37.94_-20.88_-5.31_0.4879_0.5318_-0.5596_-0.4074end-0.62_9.26_1.11_36.26_21.15_-6.94_37.94_-20.88_-5.31_0.4894_0.5313_-0.5586_-0.4076end-0.66_9.27_1.14_36.26_21.15_-6.94_38.31_-21.19_-2.56_0.4894_0.531,24.1293564,120.7289394,115.69999694824219
3676,3_-0.5586_-0.4076end-0.72_9.25_1.12_35.81_30.55_-7.61_38.31_-21.19_-2.56_0.4894_0.5313_-0.5586_-0.4076end-0.77_9.28_1.01_35.03_33.35_-7.72_38.31_-21.19_-2.56_0.4894_0.5313_-0.5586_-0.4076end,24.1293564,120.7289394,115.69999694824219
3677,,24.1293564,120.7289394,115.69999694824219
3678,,24.1293564,120.7289394,115.69999694824219
3679,,24.1293564,120.7289394,115.69999694824219
3680,,24.1293564,120.7289394,115.69999694824219
3681,,24.1293564,120.7289394,115.69999694824219
3682,,24.1293564,120.7289394,115.69999694824219
3683,,24.1293564,120.7289394,115.69999694824219
3684,-0.87_9.28_0.82_34.02_36.48_-7.83_38.31_-21.19_-2.56_0.4894_0.5313_-0.5586_-0.4076end-1.08_9.26_0.25_34.02_36.48_-7.83_38.31_-21.19_-2.56_0.4894_0.5313_-0.5586_-0.4076end-1.29_9.27_0.02_33.80_36.37_-7.16_38.31_-21.19_-2.56_0.4894_0.5313_-0.5586_-0.4076end-1.37_9.26_-0.07_33.57_35.25_-6.71_38.31_-21.19_-2.56_0.4894_0.5313_-0.5586_-0.4076end-1.37_9.26_-0.07_33.46_34.24_-6.38_38.31_-21.19_-2.56_0.5068_0.5280_-0.5468_-0.4066end-1.70_9.35_-0.16_33.46_34.24_-6.38_38.31_-21.19_-2.56_0.5084_0.5277_-0.5457_-0.4065end-1.80_9.35_-0.24_33.46_34.24_-6.38_38.69_-20.50_-1.19_0.5084_0.5277_-0.5457_-0.4065end-1.87_9.39_-0.35_31.00_26.63_-5.60_38.69_-20.50_-1.19_0.5084_,24.1293564,120.7289394,115.69999694824219
3685,0.5277_-0.5457_-0.4065end-2.02_9.37_-0.41_31.00_26.63_-5.60_38.69_-20.50_-1.19_0.5145_0.5264_-0.5413_-0.4063end-2.08_9.38_-0.47_31.00_26.63_-5.60_38.00_-19.75_1.69_0.5158_0.5260_-0.5404_-0.4064end,24.1293564,120.7289394,115.69999694824219
3686,,24.1293564,120.7289394,115.69999694824219
3687,,24.1293564,120.7289394,115.69999694824219
3688,,24.1293564,120.7289394,115.69999694824219
3689,,24.1293564,120.7289394,115.69999694824219
3690,-2.08_9.39_-0.46_31.00_26.63_-5.60_38.38_-20.81_1.19_0.5170_0.5256_-0.5396_-0.4066end-2.12_9.39_-0.46_29.88_12.42_-4.03_38.38_-20.81_1.19_0.5191_0.5245_-0.5381_-0.4073end-2.05_9.45_-0.31_29.88_12.42_-4.03_38.38_-20.81_1.19_0.5200_0.5239_-0.5375_-0.4077end-2.10_9.51_-0.29_28.98_4.03_-3.02_38.69_-20.50_-0.69_0.5200_0.5239_-0.5375_,24.1293564,120.7289394,115.69999694824219
3691,-0.4077end-2.08_9.48_-0.33_27.64_1.79_-2.57_38.69_-20.50_-0.69_0.5200_0.5239_-0.5375_-0.4077end-2.14_9.48_-0.52_27.64_1.79_-2.57_38.69_-20.50_-0.69_0.5200_0.5239_-0.5375_-0.4077end-2.21_9.47_-0.64_27.64_1.79_-2.57_38.69_-20.50_-0.69_0.5234_0.5206_-0.5352_-0.4106end-2.23_9.48_-0.89_27.64_1.79_-2.57_38.69_-20.50_-0.69_0.5234_0.5206_-0.5352_-0.4106end-2.27_9.48_-1.02_27.64_1.79_-2.57_38.69_-20.50_-0.69_0.5244_0.5192_-0.5346_-0.4119end-2.27_9.48_-1.02_27.64_1.79_-2.57_38.69_-20.50_-0.69_0.5248_0.5185_-0.5344_-0.4126end,24.1293564,120.7289394,115.69999694824219
3692,,24.1293564,120.7289394,115.69999694824219
3693,,24.1293564,120.7289394,115.69999694824219
3694,,24.1293564,120.7289394,115.69999694824219
3695,,24.1293564,120.7289394,115.69999694824219
3696,,24.1293564,120.7289394,115.69999694824219
3697,-2.27_9.48_-1.02_27.64_1.79_-2.57_38.69_-20.50_-0.69_0.5252_0.5178_-0.5341_-0.4133end-2.29_9.55_-1.05_27.64_1.79_-2.57_38.69_-20.50_-0.69_0.5259_0.5164_-0.5336_-0.4148end-2.25_9.56_-0.99_27.64_1.79_-2.57_38.69_-20.50_-0.69_0.5259_0.5164_-0.5336_-0.4148end-2.27_9.59_-0.89_27.64_1.79_-2.57_39.81_-20.44_1.62_0.5259_0.5164_-0.5336_-,24.1293564,120.7289394,115.69999694824219
3698,0.4148end-2.23_9.60_-0.91_21.49_-10.74_1.12_39.44_-20.44_-0.69_0.5259_0.5164_-0.5336_-0.4148end-2.23_9.61_-0.88_21.49_-10.74_1.12_39.44_-20.44_-0.69_0.5270_0.5130_-0.5328_-0.4186end-2.27_9.61_-0.95_21.49_-10.74_1.12_38.75_-20.12_1.19_0.5270_0.5130_-0.5328_-0.4186end-2.27_9.63_-0.95_19.25_-13.20_2.80_38.75_-20.12_1.19_0.5270_0.5130_-0.5328_-0.4186end-2.25_9.63_-0.98_19.25_-13.20_2.80_39.81_-19.75_1.19_0.5272_0.5105_-0.5324_-0.4218end-2.27_9.61_-1.09_19.25_-13.20_2.80_39.81_-19.75_1.19_0.5272_0.5099_-0.5323_-0.4226end,24.1293564,120.7289394,115.69999694824219
3699,,24.1293564,120.7289394,115.69999694824219
3700,,24.1293564,120.7289394,115.69999694824219
3701,,24.1293564,120.7289394,115.69999694824219
3702,,24.1293564,120.7289394,115.69999694824219
3703,,24.1293564,120.7289394,115.69999694824219
3704,,24.1293564,120.7289394,115.69999694824219
3705,,24.1293564,120.7289394,115.69999694824219
3706,-2.25_9.63_-1.03_19.25_-13.20_2.80_39.81_-19.75_1.19_0.5272_0.5099_-0.5323_-0.4226end-2.20_9.63_-1.10_15.55_-16.34_3.69_39.81_-19.75_1.19_0.5272_0.5099_-0.5323_-0.4226end-2.19_9.64_-1.08_15.55_-16.34_3.69_39.81_-19.75_1.19_0.5268_0.5076_-0.5323_-0.4258end-2.19_9.67_-1.07_15.55_-16.34_3.69_39.81_-19.75_1.19_0.5266_0.5070_-0.5324_-0.4268end-2.18_9.65_-1.01_15.55_-16.34_3.69_38.00_-19.75_-0.19_0.5264_0.5065_-0.5325_-0.4276end-2.15_9.68_-0.92_12.98_-21.15_5.37_38.00_-19.75_-0.19_0.5264_0.5065_-0.5325_-0.4276end-2.14_9.67_-0.89_12.98_-21.15_5.37_38.00_-19.75_-0.19_0.5255_0.5048_-0.5328_-0.4303end-2.07_9.69_-0.88_12.98_-21.15_5.37_38.00_-19.75_-0.19_0.5251_0,24.1293564,120.7289394,115.69999694824219
3707,.5042_-0.5330_-0.4312end-2.05_9.67_-0.84_12.98_-21.15_5.37_38.00_-19.75_-0.19_0.5251_0.5042_-0.5330_-0.4312end-1.89_9.67_-0.80_12.98_-21.15_5.37_38.00_-19.75_-0.19_0.5251_0.5042_-0.5330_-0.4312end,24.1293564,120.7289394,115.69999694824219
3708,,24.1293564,120.7289394,115.69999694824219
3709,,24.1293564,120.7289394,115.69999694824219
3710,,24.1293564,120.7289394,115.69999694824219
3711,,24.1293564,120.7289394,115.69999694824219
3712,,24.1293564,120.7289394,115.69999694824219
3713,-1.75_9.70_-0.70_12.98_-21.15_5.37_38.00_-19.75_-0.19_0.5251_0.5042_-0.5330_-0.4312end-1.69_9.66_-0.64_9.62_-32.34_7.27_38.00_-19.75_-0.19_0.5251_0.5042_-0.5330_-0.4312end-1.63_9.68_-0.62_9.62_-32.34_7.27_38.00_-19.75_-0.19_0.5217_0.5003_-0.5349_-0.4375end-1.63_9.68_-0.62_8.28_-34.02_7.95_38.00_-19.75_-0.19_0.5210_0.4996_-0.5353,24.1293564,120.7289394,115.69999694824219
3714,_-0.4386end-1.48_9.70_-0.60_8.28_-34.02_7.95_38.00_-19.75_-0.19_0.5210_0.4996_-0.5353_-0.4386end-1.39_9.69_-0.54_8.39_-34.47_8.17_38.00_-19.75_-0.19_0.5210_0.4996_-0.5353_-0.4386end-1.36_9.69_-0.52_8.39_-34.36_8.28_38.69_-20.50_-0.69_0.5210_0.4996_-0.5353_-0.4386end-1.36_9.69_-0.52_7.27_-33.24_8.17_38.69_-20.50_-0.69_0.5210_0.4996_-0.5353_-0.4386end-1.19_9.71_-0.38_7.27_-33.24_8.17_38.69_-20.50_-0.69_0.5156_0.4951_-0.5383_-0.4464end-1.07_9.70_-0.41_7.27_-33.24_8.17_38.69_-20.50_-0.69_0.5148_0.4945_-0.5388_-0.4474end,24.1293564,120.7289394,115.69999694824219
3715,,24.1293564,120.7289394,115.69999694824219
3716,,24.1293564,120.7289394,115.69999694824219
3717,,24.1293564,120.7289394,115.69999694824219
3718,,24.1293564,120.7289394,115.69999694824219
3719,,24.1293564,120.7289394,115.69999694824219
3720,,24.1293564,120.7289394,115.69999694824219
3721,-1.09_9.68_-0.30_7.27_-33.24_8.17_38.31_-20.81_-0.69_0.5148_0.4945_-0.5388_-0.4474end-1.09_9.68_-0.27_5.71_-32.01_8.73_38.31_-20.81_-0.69_0.5148_0.4945_-0.5388_-0.4474end-1.02_9.70_-0.23_5.71_-32.01_8.73_38.31_-20.81_-0.69_0.5116_0.4922_-0.5405_-0.4515end-1.01_9.70_-0.24_5.71_-32.01_8.73_38.31_-20.81_-0.69_0.5108_0.4917_-0.5409_,24.1293564,120.7289394,115.69999694824219
3722,-0.4525end-0.98_9.73_-0.18_5.71_-32.01_8.73_38.31_-20.81_-0.69_0.5108_0.4917_-0.5409_-0.4525end-0.94_9.73_-0.14_4.70_-33.12_8.39_38.31_-20.81_-0.69_0.5108_0.4917_-0.5409_-0.4525end-0.88_9.74_-0.14_4.70_-36.37_8.17_38.31_-20.81_-0.69_0.5108_0.4917_-0.5409_-0.4525end-0.78_9.71_-0.12_4.70_-36.37_8.17_38.31_-20.81_-0.69_0.5064_0.4888_-0.5433_-0.4576end-0.72_9.69_-0.10_4.03_-39.61_8.28_37.94_-21.56_-2.06_0.5064_0.4888_-0.5433_-0.4576end-0.68_9.73_-0.06_4.03_-39.61_8.28_38.31_-21.87_-3.00_0.5064_0.4888_-0.5433_-0.4576end,24.1293564,120.7289394,115.69999694824219
3723,,24.1293564,120.7289394,115.69999694824219
3724,,24.1293564,120.7289394,115.69999694824219
3725,,24.1293564,120.7289394,115.69999694824219
3726,,24.1293564,120.7289394,115.69999694824219
3727,,24.1293564,120.7289394,115.69999694824219
3728,-0.62_9.72_-0.02_3.58_-41.29_8.28_38.31_-21.87_-3.00_0.5023_0.4860_-0.5458_-0.4622end-0.58_9.74_0.02_3.58_-41.29_8.28_37.25_-20.88_-3.00_0.5012_0.4852_-0.5465_-0.4633end-0.49_9.73_0.18_3.58_-41.29_8.28_37.25_-20.88_-3.00_0.5001_0.4845_-0.5472_-0.4645end-0.45_9.75_0.23_3.58_-41.29_8.28_37.94_-20.50_-2.06_0.5001_0.4845_-0.5472_-0.4645end-0.43_9.77_0.28_2.91_-44.31_8.17_37.94_-21.19_-3.00_0.5001_0.4845_-0.5472_-0.4645end-0.36_9.74_0.40_2.91_-44.31_8.17_37.94_-21.19_-3.00_0.4954_0.4814_-0.5502_-0.4692end-0.32_9.74_0.48_2.91_-44.31_8.17_37.56_-21.19_-3.00_0.4942_0.4806_-0.5509_-0.4704end-0.32_9.74_0.48_2.57_-45.88_7.27_37.63_-20.88_-2.06_0.4942_0.4806_-0.5509_-0.4704end-0.18_9.76_0.66_2.57_-45.88_7.27_37.63_-20.88_-2.06_0.4906_0.4781_-0.5533_-0.4740end-0.18_9.76_0.66_2.57_-45.88_7.27_37.94_-21.94_-4.37_0.4894_0.4772_-0.5540_-0.4752end,24.1293564,120.7289394,115.69999694824219
3729,,24.1293564,120.7289394,115.69999694824219
3730,,24.1293564,120.7289394,115.69999694824219
3731,,24.1293564,120.7289394,115.69999694824219
3732,,24.1293564,120.7289394,115.69999694824219
3733,,24.1293564,120.7289394,115.69999694824219
3734,,24.1293564,120.7289394,115.69999694824219
3735,,24.1293564,120.7289394,115.69999694824219
3736,-0.09_9.76_0.77_2.57_-45.88_7.27_37.94_-21.25_-3.94_0.4894_0.4772_-0.5540_-0.4752end-0.09_9.76_0.77_2.69_-46.11_6.83_37.94_-21.25_-3.94_0.4858_0.4747_-0.5564_-0.4787end-0.03_9.75_0.96_3.47_-45.55_6.27_37.94_-21.25_-3.94_0.4846_0.4738_-0.5571_-0.4799end0.04_9.75_1.07_3.47_-45.55_6.27_37.94_-21.25_-3.94_0.4846_0.4738_-0.5571_-0.4799end0.10_9.76_1.16_4.03_-44.76_5.48_37.94_-21.25_-3.94_0.4846_0.4738_-0.5571_-0.4799end0.10_9.76_1.16_4.03_-44.76_5.48_37.94_-20.88_-5.75_0.4811_0.4712_-0.5594_-0.4833end0.10_9.76_1.16_4.03_-44.76_5.48_37.94_-20.88_-5.75_0.4789_0.4694_-0.5609_-0.4855end0.21_9.79_1.43_4.03_-44.76_5.48_37.94_-20.88_-5.75_0.4779_0.4685_-0.5615_-0.,24.1293564,120.7289394,115.69999694824219
3737,4866end0.28_9.75_1.75_4.03_-44.76_5.48_37.94_-20.88_-5.75_0.4779_0.4685_-0.5615_-0.4866end0.27_9.76_1.88_6.60_-34.80_3.80_36.44_-22.62_-6.75_0.4779_0.4685_-0.5615_-0.4866end,24.1293564,120.7289394,115.69999694824219
3738,,24.1293564,120.7289394,115.69999694824219
3739,,24.1293564,120.7289394,115.69999694824219
3740,,24.1293564,120.7289394,115.69999694824219
3741,,24.1293564,120.7289394,115.69999694824219
3742,,24.1293564,120.7289394,115.69999694824219
3743,0.27_9.76_1.88_6.60_-34.80_3.80_36.81_-21.62_-6.69_0.4752_0.4660_-0.5633_-0.4896end0.27_9.76_1.88_6.60_-34.80_3.80_36.81_-21.62_-6.69_0.4737_0.4645_-0.5642_-0.4915end0.21_9.80_2.40_6.60_-34.80_3.80_36.81_-21.62_-6.69_0.4737_0.4645_-0.5642_-0.4915end0.11_9.81_2.55_7.83_-26.19_2.46_36.81_-21.62_-6.69_0.4737_0.4645_-0.5642_-0.4915end-0.02_9.80_2.64_7.95_-23.28_1.79_36.81_-21.62_-6.69_0.4737_0.4645_-0.5642_-0.4915end-0.04_9.80_2.71_7.95_-23.28_1.79_36.81_-21.62_-6.69_0.4711_0.4612_-0.5658_-0.4952end0.02_9.78_2.80_7.95_-23.28_1.79_37.19_-21.62_-6.25_0.4706_0.4606_-0.5660_-0.4959end0.06_9.77_2.82_9.85_-21.93_0.78_37.56_-21.62_-6.69_0.4706_0.4606_-0.5660_-0.4959end0.07_9.78_2.82_10.63_-21.71_0.56_37.56_-21.62_-6.69_0.4706_0.4606_-0.5660_-0.4959end0.07_9.78_2.82_10.63_-21.71_0.56_37.56_-21.62_-6.69_0.4693_0.4579_-0.5668_-0.4988end,24.1293564,120.7289394,115.69999694824219
3744,,24.1293564,120.7289394,115.69999694824219
3745,,24.1293564,120.7289394,115.69999694824219
3746,,24.1293564,120.7289394,115.69999694824219
3747,,24.1293564,120.7289394,115.69999694824219
3748,,24.1293564,120.7289394,115.69999694824219
3749,,24.1293564,120.7289394,115.69999694824219
3750,0.15_9.76_2.83_10.63_-21.71_0.56_37.56_-21.62_-6.69_0.4690_0.4572_-0.5670_-0.4995end0.14_9.75_3.06_14.21_-17.68_-0.45_37.56_-21.62_-6.69_0.4690_0.4572_-0.5670_-0.4995end0.14_9.75_3.06_14.21_-17.68_-0.45_37.56_-21.62_-6.69_0.4685_0.4551_-0.5673_-0.5016end0.09_9.80_3.16_14.21_-17.68_-0.45_37.56_-21.62_-6.69_0.4685_0.4544_-0.5672_-0.5023end0.08_9.80_3.33_14.21_-17.68_-0.45_37.56_-21.62_-6.69_0.4685_0.4544_-0.5672_-0.5023end0.06_9.77_3.33_17.12_-7.61_-1.68_37.56_-21.62_-6.69_0.4685_0.4544_-0.5672_-0.5023end0.06_9.77_3.33_18.58_-4.14_-2.13_36.81_-22.94_-7.62_0.4689_0.4527_-0.5667_-0.5040end0.06_9.77_3.33_19.70_-1.79_-2.01_36.81_-22.94_-7.62_0.4695_0.4517_-0.5662_-0.5049end-0.06_9.73_3.39_19.70_-1.79_-2.01_36.81_-22.94_-7.62_0.4700_0.4512_-0.5658_-0.5054end-0.20_9.73_3.37_19.70_-1.79_-2.01_36.81_-22.94_-7.62_0.4700_0.4512_-0.5658_-0.5054end,24.1293564,120.7289394,115.69999694824219
3751,,24.1293564,120.7289394,115.69999694824219
3752,,24.1293564,120.7289394,115.69999694824219
3753,,24.1293564,120.7289394,115.69999694824219
3754,,24.1293564,120.7289394,115.69999694824219
3755,,24.1293564,120.7289394,115.69999694824219
3756,,24.1293564,120.7289394,115.69999694824219
3757,,24.1293564,120.7289394,115.69999694824219
3758,-0.24_9.70_3.35_19.70_-1.79_-2.01_37.94_-21.62_-7.19_0.4700_0.4512_-0.5658_-0.5054end-0.26_9.67_3.36_22.94_8.84_-3.36_37.94_-21.62_-7.19_0.4726_0.4496_-0.5636_-0.5068end-0.35_9.65_3.27_22.94_8.84_-3.36_36.44_-22.31_-6.75_0.4734_0.4493_-0.5629_-0.5071end-0.33_9.65_3.28_22.94_8.84_-3.36_36.81_-21.31_-7.62_0.4734_0.4493_-0.5629_-0.5071end-0.45_9.60_3.28_25.85_19.02_-3.80_36.81_-21.31_-7.62_0.4734_0.4493_-0.5629_-0.5071end-0.49_9.63_3.16_26.97_21.82_-3.92_36.81_-21.31_-7.62_0.4734_0.4493_-0.5629_-0.5071end-0.55_9.59_3.09_28.09_27.08_-4.25_36.81_-21.31_-7.62_0.4734_0.4493_-0.5629_-0.5071end-0.70_9.56_3.07_28.09_27.08_-4.25_36.81_-21.31_-7.62_0.4803_0.4483_-,24.1293564,120.7289394,115.69999694824219
3759,0.5570_-0.5080end-0.70_9.56_3.07_29.66_32.12_-4.36_35.75_-21.62_-6.25_0.4817_0.4482_-0.5558_-0.5080end-0.82_9.52_2.83_29.66_32.12_-4.36_38.69_-20.94_-6.69_0.4817_0.4482_-0.5558_-0.5080end,24.1293564,120.7289394,115.69999694824219
3760,,24.1293564,120.7289394,115.69999694824219
3761,,24.1293564,120.7289394,115.69999694824219
3762,,24.1293564,120.7289394,115.69999694824219
3763,,24.1293564,120.7289394,115.69999694824219
3764,,24.1293564,120.7289394,115.69999694824219
3765,,24.1293564,120.7289394,115.69999694824219
3766,,24.1293564,120.7289394,115.69999694824219
3767,,24.1293564,120.7289394,115.69999694824219
3768,-0.84_9.52_2.73_31.45_34.58_-4.25_38.69_-20.94_-6.69_0.4863_0.4482_-0.5519_-0.5080end-0.87_9.51_2.67_31.45_34.58_-4.25_37.19_-21.25_-4.37_0.4879_0.4482_-0.5504_-0.5081end-1.01_9.47_2.56_31.45_34.58_-4.25_37.19_-21.25_-4.37_0.4894_0.4481_-0.5491_-0.5081end-1.04_9.40_2.57_36.59_32.68_-3.25_37.56_-22.25_-5.31_0.4894_0.4481_-0.5491_-0.5081end-1.04_9.40_2.57_36.59_32.68_-3.25_37.56_-21.25_-4.37_0.4926_0.4479_-0.5462_-0.5084end-1.12_9.42_2.46_36.59_32.68_-3.25_37.56_-21.25_-4.37_0.4957_0.4476_-0.5433_-0.5087end-1.14_9.41_2.36_36.59_32.68_-3.25_37.56_-21.87_-3.00_0.4971_0.4474_-0.5419_-0.5090end-1.08_9.36_2.25_38.83_28.09_-2.57_37.56_-21.87_-3.00_0.4971_0.4474_-0.5419_-0.5090end-1.05_9.34_2.16_38.83_28.09_-2.57_37.19_-21.56_-3.50_0.5015_0.4465_-0.5377_-0.5100end-1.05_9.31_2.16_38.83_28.09_-2.57_37.56_-22.87_-3.00_0.5030_0.4460_-0.5362_-0.5104end,24.1293564,120.7289394,115.69999694824219
3769,,24.1293564,120.7289394,115.69999694824219
3770,,24.1293564,120.7289394,115.69999694824219
3771,,24.1293564,120.7289394,115.69999694824219
3772,,24.1293564,120.7289394,115.69999694824219
3773,,24.1293564,120.7289394,115.69999694824219
3774,-0.91_9.29_1.88_38.83_28.09_-2.57_37.56_-22.87_-3.00_0.5030_0.4460_-0.5362_-0.5104end-0.85_9.23_1.69_38.83_28.09_-2.57_37.56_-22.87_-3.00_0.5030_0.4460_-0.5362_-0.5104end-0.85_9.23_1.69_38.83_28.09_-2.57_37.56_-22.25_-2.56_0.5088_0.4445_-0.5303_-0.5121end-0.79_9.19_1.61_38.83_28.09_-2.57_37.56_-22.25_-2.56_0.5088_0.4445_-0.5303_,24.1293564,120.7289394,115.69999694824219
3775,-0.5121end-0.80_9.20_1.49_38.83_28.09_-2.57_37.56_-22.25_-2.56_0.5088_0.4445_-0.5303_-0.5121end-0.79_9.13_1.44_38.83_28.09_-2.57_37.94_-21.50_-1.62_0.5088_0.4445_-0.5303_-0.5121end-0.79_9.13_1.44_45.99_45.77_-1.12_37.94_-21.50_-1.62_0.5175_0.4434_-0.5214_-0.5136end-0.89_9.16_1.18_45.99_45.77_-1.12_37.25_-21.50_-1.12_0.5194_0.443,24.1293564,120.7289394,115.69999694824219
3776,,24.1293564,120.7289394,115.69999694824219
3777,,24.1293564,120.7289394,115.69999694824219
3778,4_-0.5193_-0.5137end-1.04_9.07_1.08_45.99_45.77_-1.12_37.25_-21.50_-1.12_0.5194_0.4434_-0.5193_-0.5137end-1.18_9.02_0.89_45.99_45.77_-1.12_37.25_-21.50_-1.12_0.5256_0.4435_-0.5128_-0.5140end,24.1293564,120.7289394,115.69999694824219
3779,,24.1293564,120.7289394,115.69999694824219
3780,,24.1293564,120.7289394,115.69999694824219
3781,-1.24_9.02_0.70_45.99_45.77_-1.12_37.63_-22.50_1.12_0.5277_0.4435_-0.5104_-0.5141end-1.27_8.99_0.58_45.99_45.77_-1.12_38.31_-22.19_0.62_0.5277_0.4435_-0.5104_-0.5141end-1.27_8.99_0.32_50.13_48.01_0.90_38.31_-22.19_0.62_0.5277_0.4435_-0.5104_-0.5141end-1.24_8.97_0.27_50.92_45.99_1.23_37.63_-21.81_2.06_0.5277_0.4435_-0.5104_-0.514,24.1293564,120.7289394,115.69999694824219
3782,1end-1.24_8.97_0.27_51.36_41.96_2.24_37.63_-21.81_2.06_0.5376_0.4430_-0.4993_-0.5153end-1.16_8.95_-0.03_51.36_41.96_2.24_37.63_-21.81_2.06_0.5394_0.4428_-0.4971_-0.5156end-1.12_8.93_-0.19_51.36_41.96_2.24_36.88_-21.87_0.19_0.5394_0.4428_-0.4971_-0.5156end-1.08_8.83_-0.56_51.36_41.96_2.24_36.88_-21.87_0.19_0.5394_0.4428_-0.4971_-0.5156end-1.08_8.83_-0.56_51.36_41.96_2.24_36.88_-21.87_0.19_0.5464_0.4415_-0.4886_-0.5175end-0.97_8.78_-1.01_51.36_41.96_2.24_36.88_-21.87_0.19_0.5480_0.4412_-0.4866_-0.5180end,24.1293564,120.7289394,115.69999694824219
3783,,24.1293564,120.7289394,115.69999694824219
3784,,24.1293564,120.7289394,115.69999694824219
3785,,24.1293564,120.7289394,115.69999694824219
3786,,24.1293564,120.7289394,115.69999694824219
3787,,24.1293564,120.7289394,115.69999694824219
3788,-0.77_8.76_-1.45_51.36_41.96_2.24_36.88_-21.87_0.19_0.5496_0.4408_-0.4845_-0.5186end-0.75_8.76_-1.66_52.82_31.22_4.59_36.88_-21.87_0.19_0.5496_0.4408_-0.4845_-0.5186end-0.62_8.73_-1.84_52.82_31.22_4.59_36.88_-21.87_0.19_0.5544_0.4395_-0.4784_-0.5203end-0.51_8.73_-2.07_52.82_31.22_4.59_36.88_-21.87_0.19_0.5558_0.4389_-0.4764_-0.5210end-0.51_8.73_-2.07_52.48_28.98_5.26_36.88_-21.87_0.19_0.5558_0.4389_-0.4764_-0.5210end-0.45_8.71_-2.20_52.48_28.98_5.26_36.88_-21.87_0.19_0.5558_0.4389_-0.4764_-0.5210end-0.37_8.70_-2.39_52.48_28.98_5.26_37.63_-22.13_5.75_0.5558_0.4389_-0.4764_-0.5210end-0.37_8.70_-2.39_51.14_28.31_5.15_37.63_-22.13_5.75_0.5632_0.4364_-0.4664_-0.5242end-0.15_8.67_-2.86_51.14_28.31_5.15_37.63_-22.13_5.75_0.5646_0.4359_-0.4645_-0.5248end-0.02_8.68_-3.05_51.14_28.31_5.15_37.63_-22.13_5.75_0.5646_0.4359_-0.4645_-0.5248end,24.1293564,120.7289394,115.69999694824219
3789,,24.1293564,120.7289394,115.69999694824219
3790,,24.1293564,120.7289394,115.69999694824219
3791,,24.1293564,120.7289394,115.69999694824219
3792,,24.1293564,120.7289394,115.69999694824219
3793,,24.1293564,120.7289394,115.69999694824219
3794,,24.1293564,120.7289394,115.69999694824219
3795,-0.03_8.70_-3.10_51.14_28.31_5.15_36.50_-22.50_4.37_0.5646_0.4359_-0.4645_-0.5248end0.04_8.68_-3.21_50.47_28.31_5.60_36.50_-22.50_4.37_0.5703_0.4339_-0.4567_-0.5273end0.07_8.73_-3.20_49.80_30.55_5.15_36.50_-22.50_4.37_0.5717_0.4335_-0.4546_-0.5278end0.13_8.70_-3.21_49.80_30.55_5.15_36.50_-22.50_4.37_0.5731_0.4330_-0.4526_-0.5283end0.15_8.70_-3.18_49.80_30.55_5.15_36.50_-22.50_4.37_0.5731_0.4330_-0.4526_-0.5283end0.12_8.66_-3.14_49.35_34.47_5.04_36.50_-22.50_4.37_0.5731_0.4330_-0.4526_-0.5283end0.07_8.65_-3.20_48.79_36.03_4.92_36.94_-22.06_7.62_0.5731_0.4330_-0.4526_-0.5283end0.00_8.46_-3.29_48.46_37.04_5.26_36.94_-22.06_7.62_0.5806_0.4315_-0.4421_-0.5305end0.05_8.96_-3.34_48.46_37.04_5.26_36.94_-22.06_7.62_0.5822_0.4312_-0.4398_-0.5308end0.02_8.88_-3.39_48.46_37.04_5.26_36.94_-22.06_7.62_0.5837_0.4310_-0.4376_-0.5311end,24.1293564,120.7289394,115.69999694824219
3796,,24.1293564,120.7289394,115.69999694824219
3797,,24.1293564,120.7289394,115.69999694824219
3798,,24.1293564,120.7289394,115.69999694824219
3799,,24.1293564,120.7289394,115.69999694824219
3800,,24.1293564,120.7289394,115.69999694824219
3801,,24.1293564,120.7289394,115.69999694824219
3802,0.04_8.65_-3.35_48.46_37.04_5.26_37.31_-21.69_8.50_0.5837_0.4310_-0.4376_-0.5311end0.04_8.65_-3.35_47.45_40.29_5.37_36.56_-21.06_7.62_0.5868_0.4307_-0.4331_-0.5316end0.04_8.65_-3.35_47.45_40.29_5.37_36.56_-21.06_7.62_0.5897_0.4305_-0.4294_-0.5316end0.05_8.74_-3.37_47.45_40.29_5.37_36.56_-21.06_7.62_0.5911_0.4304_-0.4274_-0.5317e,24.1293564,120.7289394,115.69999694824219
3803,nd0.05_8.75_-3.50_47.45_40.29_5.37_36.56_-22.44_8.00_0.5911_0.4304_-0.4274_-0.5317end0.12_8.67_-3.55_47.45_40.29_5.37_36.56_-22.44_8.00_0.5911_0.4304_-0.4274_-0.5317end0.12_8.67_-3.55_47.45_40.29_5.37_36.94_-22.06_9.00_0.5965_0.4305_-0.4213_-0.5304end0.27_8.52_-3.61_47.45_40.29_5.37_36.94_-22.06_9.00_0.5978_0.4304_-0.4197_-0.5303end0.32_8.37_-3.79_47.45_40.29_5.37_36.94_-22.06_9.00_0.5990_0.4302_-0.4180_-0.5304end0.32_8.37_-3.79_44.31_29.43_5.93_36.56_-22.37_9.88_0.5990_0.4302_-0.4180_-0.5304end,24.1293564,120.7289394,115.69999694824219
3804,,24.1293564,120.7289394,115.69999694824219
3805,,24.1293564,120.7289394,115.69999694824219
3806,,24.1293564,120.7289394,115.69999694824219
3807,,24.1293564,120.7289394,115.69999694824219
3808,,24.1293564,120.7289394,115.69999694824219
3809,,24.1293564,120.7289394,115.69999694824219
3810,0.32_8.37_-3.79_44.31_29.43_5.93_36.56_-22.37_9.88_0.6026_0.4296_-0.4130_-0.5308end0.42_9.80_-3.94_44.31_29.43_5.93_36.56_-22.37_9.88_0.6038_0.4293_-0.4113_-0.5310end0.46_8.68_-4.17_44.31_29.43_5.93_36.56_-22.37_9.88_0.6038_0.4293_-0.4113_-0.5310end0.53_8.61_-4.28_42.86_27.64_5.15_36.56_-22.37_9.88_0.6072_0.4284_-0.4062_-0.5317end0.46_8.57_-4.39_41.96_27.86_5.26_35.13_-22.00_10.75_0.6072_0.4284_-0.4062_-0.5317end0.52_8.54_-4.59_41.96_27.86_5.26_35.13_-22.00_10.75_0.6095_0.4279_-0.4028_-0.5321end0.52_8.54_-4.59_40.96_28.31_5.15_36.19_-22.37_11.25_0.6095_0.4279_-0.4028_-0.5321end0.52_8.61_-4.67_41.29_27.19_4.81_36.19_-22.37_11.25_0.6118_0.4273_-0.3994_-0,24.1293564,120.7289394,115.69999694824219
3811,.5325end0.52_8.61_-4.67_40.96_23.16_5.37_36.19_-22.37_11.25_0.6129_0.4269_-0.3978_-0.5328end0.52_8.61_-4.67_40.96_23.16_5.37_36.19_-22.37_11.25_0.6149_0.4261_-0.3946_-0.5335end,24.1293564,120.7289394,115.69999694824219
3812,,24.1293564,120.7289394,115.69999694824219
3813,,24.1293564,120.7289394,115.69999694824219
3814,,24.1293564,120.7289394,115.69999694824219
3815,,24.1293564,120.7289394,115.69999694824219
3816,0.53_8.60_-4.58_40.96_23.16_5.37_36.19_-22.37_11.25_0.6149_0.4261_-0.3946_-0.5335end0.63_8.58_-4.60_40.96_23.16_5.37_36.19_-22.37_11.25_0.6158_0.4255_-0.3930_-0.5340end0.63_8.58_-4.57_40.96_23.16_5.37_36.19_-22.37_11.25_0.6184_0.4239_-0.3890_-0.5353end0.74_8.44_-4.65_40.96_23.16_5.37_35.88_-21.31_13.13_0.6192_0.4233_-0.3878_-0.5358end0.76_8.58_-4.75_38.27_8.95_4.14_35.88_-21.31_13.13_0.6199_0.4226_-0.3866_-0.5363end0.81_8.57_-4.81_37.82_8.62_4.14_35.88_-21.31_13.13_0.6199_0.4226_-0.3866_-0.5363end0.81_8.57_-4.81_37.82_8.62_4.14_35.88_-21.31_13.13_0.6221_0.4205_-0.3832_-0.5378end0.83_8.42_-4.86_37.82_8.62_4.14_35.88_-21.31_13.13_0.6229_0.4199_-0.3820_-0,24.1293564,120.7289394,115.69999694824219
3817,.5383end0.74_6.14_-4.71_37.82_8.62_4.14_35.88_-21.31_13.13_0.6229_0.4199_-0.3820_-0.5383end1.17_9.18_-5.09_36.26_17.90_3.13_35.88_-21.31_13.13_0.6229_0.4199_-0.3820_-0.5383end,24.1293564,120.7289394,115.69999694824219
3818,,24.1293564,120.7289394,115.69999694824219
3819,,24.1293564,120.7289394,115.69999694824219
3820,,24.1293564,120.7289394,115.69999694824219
3821,,24.1293564,120.7289394,115.69999694824219
3822,,24.1293564,120.7289394,115.69999694824219
3823,,24.1293564,120.7289394,115.69999694824219
3824,0.68_2.44_-4.69_35.59_21.04_2.57_35.50_-21.25_14.50_0.6229_0.4199_-0.3820_-0.5383end0.68_2.44_-4.69_35.59_21.04_2.57_35.50_-21.25_14.50_0.6274_0.4177_-0.3750_-0.5397end2.48_43.30_-6.23_35.59_21.04_2.57_35.50_-21.25_14.50_0.6286_0.4175_-0.3732_-0.5397end-2.02_7.91_1.17_35.59_21.04_2.57_35.50_-21.25_14.50_0.6286_0.4175_-0.3732_-0.5397end3.20_9.00_-7.07_35.59_21.04_2.57_35.88_-19.56_13.62_0.6286_0.4175_-0.3732_-0.5397end1.11_9.19_0.27_33.01_8.84_5.04_35.88_-19.56_13.62_0.6286_0.4175_-0.3732_-0.5397end-1.16_8.46_-4.69_27.64_24.28_3.69_36.25_-20.56_15.00_0.6328_0.4161_-0.3668_-0.5402end0.78_8.53_-4.10_27.64_24.28_3.69_36.25_-20.56_15.00_0.6345_0.4159_-0.3640_-0.5404end-0.52_8.04_-6.63_27.64_24.28_3.69_36.25_-20.56_15.00_0.6345_0.4159_-0.3640_-0.5404end-0.52_8.04_-6.63_33.91_40.96_-0.56_36.25_-20.56_15.00_0.6380_0.4166_-0.3583_-0.5394end,24.1293564,120.7289394,115.69999694824219
3825,,24.1293564,120.7289394,115.69999694824219
3826,,24.1293564,120.7289394,115.69999694824219
3827,,24.1293564,120.7289394,115.69999694824219
3828,,24.1293564,120.7289394,115.69999694824219
3829,,24.1293564,120.7289394,115.69999694824219
3830,,24.1293564,120.7289394,115.69999694824219
3831,0.68_8.39_-6.58_33.91_40.96_-0.56_36.25_-20.56_15.00_0.6392_0.4165_-0.3566_-0.5392end1.32_8.49_-6.13_36.48_22.16_2.13_36.25_-20.56_15.00_0.6392_0.4165_-0.3566_-0.5392end0.25_8.50_-4.47_37.60_15.89_3.80_36.25_-20.56_15.00_0.6392_0.4165_-0.3566_-0.5392end0.25_8.50_-4.47_31.78_28.42_3.58_34.81_-20.94_15.88_0.6420_0.4152_-0.3521_-0.5400end0.25_8.50_-4.47_31.78_28.42_3.58_34.81_-20.94_15.88_0.6439_0.4149_-0.3488_-0.5400end-0.38_8.48_-4.28_31.78_28.42_3.58_34.81_-20.25_15.88_0.6449_0.4150_-0.3470_-0.5398end0.05_8.37_-5.54_31.78_28.42_3.58_34.81_-20.25_15.88_0.6459_0.4153_-0.3453_-0.5395end0.05_8.37_-5.54_31.78_28.42_3.58_34.44_-19.87_15.88_0.6475_0.4150_-0.3,24.1293564,120.7289394,115.69999694824219
3832,426_-0.5396end0.15_8.32_-6.11_31.78_28.42_3.58_34.44_-19.87_15.88_0.6480_0.4144_-0.3418_-0.5400end0.12_8.36_-6.32_31.78_28.42_3.58_34.44_-19.87_15.88_0.6480_0.4144_-0.3418_-0.5400end,24.1293564,120.7289394,115.69999694824219
3833,,24.1293564,120.7289394,115.69999694824219
3834,,24.1293564,120.7289394,115.69999694824219
3835,,24.1293564,120.7289394,115.69999694824219
3836,,24.1293564,120.7289394,115.69999694824219
3837,,24.1293564,120.7289394,115.69999694824219
3838,,24.1293564,120.7289394,115.69999694824219
3839,0.27_8.32_-6.30_29.32_-7.27_3.47_34.81_-20.19_18.25_0.6480_0.4144_-0.3418_-0.5400end0.25_8.34_-6.07_29.32_-7.27_3.47_34.13_-20.56_18.19_0.6490_0.4116_-0.3401_-0.5419end0.60_8.38_-5.51_28.31_-2.69_2.91_34.13_-20.56_18.19_0.6498_0.4100_-0.3388_-0.5430end0.70_8.38_-5.68_28.31_-2.69_2.91_34.13_-20.56_18.19_0.6502_0.4094_-0.3380_-0.5,24.1293564,120.7289394,115.69999694824219
3840,435end0.78_8.36_-5.66_25.29_3.80_2.57_34.13_-20.56_18.19_0.6502_0.4094_-0.3380_-0.5435end0.87_8.32_-5.78_25.29_3.80_2.57_34.13_-20.56_18.19_0.6511_0.4083_-0.3364_-0.5442end0.87_8.32_-5.78_25.29_3.80_2.57_34.44_-20.19_19.12_0.6521_0.4074_-0.3347_-0.5448end1.03_8.23_-5.89_25.29_3.80_2.57_34.44_-20.19_19.12_0.6526_0.4070_-0.3337_-0.5450end1.17_8.28_-5.46_25.29_3.80_2.57_34.44_-20.19_19.12_0.6533_0.4067_-0.3325_-0.5452end1.14_8.25_-5.23_25.85_20.48_1.34_34.44_-20.19_19.12_0.6533_0.4067_-0.3325_-0.5452end,24.1293564,120.7289394,115.69999694824219
3841,,24.1293564,120.7289394,115.69999694824219
3842,,24.1293564,120.7289394,115.69999694824219
3843,,24.1293564,120.7289394,115.69999694824219
3844,,24.1293564,120.7289394,115.69999694824219
3845,,24.1293564,120.7289394,115.69999694824219
3846,,24.1293564,120.7289394,115.69999694824219
3847,,24.1293564,120.7289394,115.69999694824219
3848,1.14_8.25_-5.23_25.85_20.48_1.34_34.44_-20.19_19.12_0.6556_0.4061_-0.3286_-0.5452end1.09_8.31_-4.86_25.85_20.48_1.34_34.44_-19.44_20.00_0.6556_0.4061_-0.3286_-0.5452end1.09_8.31_-4.86_24.84_27.42_1.23_34.44_-19.44_20.00_0.6572_0.4061_-0.3258_-0.5450end0.79_8.29_-4.68_24.84_27.42_1.23_34.44_-19.44_20.00_0.6580_0.4061_-0.3243_-0.5,24.1293564,120.7289394,115.69999694824219
3849,,24.1293564,120.7289394,115.69999694824219
3850,,24.1293564,120.7289394,115.69999694824219
3851,,24.1293564,120.7289394,115.69999694824219
3852,449end0.66_8.25_-5.00_22.83_25.74_0.45_34.44_-19.44_20.00_0.6580_0.4061_-0.3243_-0.5449end0.66_8.25_-5.00_22.83_25.74_0.45_34.44_-19.87_17.25_0.6603_0.4060_-0.3203_-0.5446end0.46_8.24_-5.25_23.72_19.02_0.90_34.44_-19.87_17.25_0.6603_0.4060_-0.3203_-0.5446end0.49_8.23_-5.17_24.17_15.55_0.90_34.44_-19.87_17.25_0.6603_0.4060_-0.320,24.1293564,120.7289394,115.69999694824219
3853,3_-0.5446end0.48_8.19_-5.17_24.17_15.55_0.90_34.44_-19.81_19.62_0.6603_0.4060_-0.3203_-0.5446end0.50_8.24_-5.05_24.17_15.55_0.90_34.44_-19.81_19.62_0.6634_0.4043_-0.3149_-0.5452end,24.1293564,120.7289394,115.69999694824219
3854,0.57_8.25_-4.96_24.17_15.55_0.90_34.44_-19.81_19.62_0.6639_0.4037_-0.3140_-0.5455end0.66_8.19_-4.81_24.17_15.55_0.90_34.44_-19.81_19.62_0.6639_0.4037_-0.3140_-0.5455end0.70_8.16_-4.79_23.95_5.93_0.45_34.44_-19.81_19.62_0.6639_0.4037_-0.3140_-0.5455end0.70_8.16_-4.79_24.40_6.38_0.78_34.44_-19.81_19.62_0.6654_0.4021_-0.3116_-0.546,24.1293564,120.7289394,115.69999694824219
3855,3end0.70_8.16_-4.79_24.40_6.38_0.78_34.44_-19.81_19.62_0.6664_0.4010_-0.3099_-0.5469end0.51_8.11_-4.90_24.40_6.38_0.78_33.44_-19.81_19.12_0.6669_0.4005_-0.3090_-0.5471end0.46_8.11_-4.85_24.95_7.50_0.67_34.44_-19.44_20.50_0.6669_0.4005_-0.3090_-0.5471end0.38_8.07_-4.80_24.84_6.94_0.78_33.44_-18.81_19.12_0.6669_0.4005_-0.3090_-0.5471end0.38_8.07_-4.80_25.29_4.25_1.12_33.44_-18.81_19.12_0.6669_0.4005_-0.3090_-0.5471end0.38_8.07_-4.80_24.95_2.01_0.90_34.44_-19.44_20.00_0.6689_0.3982_-0.3056_-0.5482end,24.1293564,120.7289394,115.69999694824219
3856,,24.1293564,120.7289394,115.69999694824219
3857,,24.1293564,120.7289394,115.69999694824219
3858,,24.1293564,120.7289394,115.69999694824219
3859,,24.1293564,120.7289394,115.69999694824219
3860,,24.1293564,120.7289394,115.69999694824219
3861,0.32_8.09_-4.80_24.95_2.01_0.90_34.44_-19.44_20.00_0.6698_0.3969_-0.3041_-0.5490end0.35_8.06_-5.12_24.95_2.01_0.90_34.44_-19.44_20.00_0.6698_0.3969_-0.3041_-0.5490end0.32_7.98_-5.22_24.95_-7.50_1.12_34.44_-19.44_20.00_0.6698_0.3969_-0.3041_-0.5490end0.32_7.98_-5.22_24.95_-7.50_1.12_34.44_-19.44_20.00_0.6711_0.3934_-0.3021_-0.5510end0.40_7.95_-5.53_25.07_-9.85_1.12_34.44_-19.44_20.00_0.6714_0.3925_-0.3017_-0.5515end0.40_7.97_-5.56_25.07_-9.85_1.12_34.44_-19.44_20.00_0.6714_0.3925_-0.3017_-0.5515end0.40_7.98_-5.66_25.07_-12.09_1.23_34.44_-19.44_20.00_0.6714_0.3925_-0.3017_-0.5515end0.41_7.96_-5.77_25.07_-12.09_1.23_33.44_-18.44_20.94_0.6714_0.3925_-0.3017_-0.5515end0.41_7.96_-5.77_24.40_-12.09_1.79_33.44_-18.44_20.94_0.6726_0.3874_-0.3000_-0.5546end0.27_7.90_-5.92_24.40_-12.09_1.79_33.44_-18.44_20.94_0.6729_0.3864_-0.2997_-0.5552end,24.1293564,120.7289394,115.69999694824219
3862,,24.1293564,120.7289394,115.69999694824219
3863,,24.1293564,120.7289394,115.69999694824219
3864,,24.1293564,120.7289394,115.69999694824219
3865,,24.1293564,120.7289394,115.69999694824219
3866,,24.1293564,120.7289394,115.69999694824219
3867,,24.1293564,120.7289394,115.69999694824219
3868,0.19_7.90_-6.11_24.40_-12.09_1.79_33.81_-18.06_21.00_0.6729_0.3864_-0.2997_-0.5552end0.19_7.91_-6.20_24.40_-12.09_1.79_34.19_-18.75_20.06_0.6729_0.3864_-0.2997_-0.5552end0.19_7.91_-6.20_23.28_-13.43_2.01_34.19_-18.75_20.06_0.6736_0.3825_-0.2983_-0.5576end-0.04_7.86_-6.65_23.28_-13.43_2.01_34.81_-18.75_19.62_0.6738_0.3815_-0.2982_-0.5582end-0.06_7.88_-6.79_23.28_-13.43_2.01_33.81_-18.06_20.50_0.6739_0.3804_-0.2980_-0.5589end-0.12_7.85_-6.88_22.16_-19.25_2.13_33.81_-18.06_20.50_0.6739_0.3804_-0.2980_-0.5589end-0.08_7.86_-7.12_22.16_-19.25_2.13_34.19_-17.75_20.06_0.6739_0.3804_-0.2980_-0.5589end-0.08_7.86_-7.12_22.16_-19.25_2.13_34.19_-17.75_20.06_0.6740_0.3759_-0.2980_-0.5618end-0.03_7.82_-7.39_22.16_-19.25_2.13_34.19_-17.75_20.06_0.6740_0.3759_-0.2980_-0.5618end-0.07_7.81_-7.43_22.16_-19.25_2.13_34.19_-17.75_20.06_0.6738_0.3734_-0.2985_-0.5635end,24.1293564,120.7289394,115.69999694824219
3869,,24.1293564,120.7289394,115.69999694824219
3870,,24.1293564,120.7289394,115.69999694824219
3871,,24.1293564,120.7289394,115.69999694824219
3872,,24.1293564,120.7289394,115.69999694824219
3873,,24.1293564,120.7289394,115.69999694824219
3874,,24.1293564,120.7289394,115.69999694824219
3875,,24.1293564,120.7289394,115.69999694824219
3876,-0.07_7.81_-7.43_22.16_-19.25_2.13_34.19_-17.75_20.06_0.6733_0.3705_-0.2994_-0.5655end-0.07_7.80_-7.33_22.16_-19.25_2.13_34.19_-17.75_20.06_0.6733_0.3705_-0.2994_-0.5655end-0.10_7.80_-7.07_22.16_-19.25_2.13_34.19_-17.75_20.06_0.6733_0.3705_-0.2994_-0.5655end-0.09_7.82_-6.98_22.16_-19.25_2.13_34.19_-17.75_20.06_0.6716_0.3635_-0.3,24.1293564,120.7289394,115.69999694824219
3877,029_-0.5702end-0.07_7.80_-6.81_22.16_-19.25_2.13_34.19_-17.75_20.06_0.6710_0.3614_-0.3041_-0.5716end-0.05_7.79_-6.70_22.16_-19.25_2.13_34.19_-17.75_20.06_0.6703_0.3593_-0.3055_-0.5729end-0.02_7.81_-6.55_16.79_-68.82_3.02_34.19_-17.75_20.06_0.6703_0.3593_-0.3055_-0.5729end-0.02_7.81_-6.55_16.11_-68.60_3.02_34.19_-17.75_20.06_0.6703_0.3593_-0.3055_-0.5729end-0.00_7.81_-6.44_16.11_-68.60_3.02_34.19_-17.75_20.06_0.6674_0.3506_-0.3113_-0.5786end-0.00_7.81_-6.44_16.11_-68.60_3.02_34.81_-18.44_18.69_0.6667_0.3485_-0.3126_-0.5800end,24.1293564,120.7289394,115.69999694824219
3878,,24.1293564,120.7289394,115.69999694824219
3879,,24.1293564,120.7289394,115.69999694824219
3880,,24.1293564,120.7289394,115.69999694824219
3881,,24.1293564,120.7289394,115.69999694824219
3882,,24.1293564,120.7289394,115.69999694824219
3883,-0.41_7.79_-6.25_16.11_-68.60_3.02_34.81_-18.44_18.69_0.6667_0.3485_-0.3126_-0.5800end-0.54_7.81_-6.17_15.89_-46.22_2.91_34.81_-18.44_18.69_0.6667_0.3485_-0.3126_-0.5800end-0.54_7.81_-6.17_15.89_-46.22_2.91_34.81_-18.44_18.69_0.6652_0.3433_-0.3154_-0.5833end-0.89_7.78_-6.02_15.89_-46.22_2.91_34.81_-18.44_18.69_0.6647_0.3411_-0.3160_-0.5848end-0.89_7.78_-6.02_16.45_-7.72_3.02_34.81_-17.44_18.25_0.6647_0.3411_-0.3160_-0.5848end-1.63_7.81_-5.80_16.45_-7.72_3.02_34.81_-17.44_18.25_0.6647_0.3403_-0.3158_-0.5853end-2.21_8.00_-5.82_16.45_-7.72_3.02_36.63_-18.44_17.31_0.6651_0.3394_-0.3148_-0.5861end-2.40_12.95_-6.39_16.45_-7.72_3.02_36.63_-18.44_17.31_0.6656_,24.1293564,120.7289394,115.69999694824219
3884,0.3389_-0.3132_-0.5865end-2.65_13.62_-5.99_18.24_5.37_5.15_36.63_-18.44_17.31_0.6656_0.3389_-0.3132_-0.5865end-2.32_9.07_-6.65_19.02_-16.11_8.17_36.63_-18.44_17.31_0.6660_0.3381_-0.3118_-0.5873end,24.1293564,120.7289394,115.69999694824219
3885,,24.1293564,120.7289394,115.69999694824219
3886,,24.1293564,120.7289394,115.69999694824219
3887,,24.1293564,120.7289394,115.69999694824219
3888,,24.1293564,120.7289394,115.69999694824219
3889,,24.1293564,120.7289394,115.69999694824219
3890,-2.86_14.80_-7.29_19.02_-16.11_8.17_36.63_-18.44_17.31_0.6657_0.3363_-0.3113_-0.5889end-3.74_15.63_-6.50_19.02_-16.11_8.17_36.63_-18.44_17.31_0.6653_0.3351_-0.3116_-0.5899end-3.25_17.36_-4.99_19.02_-16.11_8.17_36.63_-18.44_17.31_0.6653_0.3351_-0.3116_-0.5899end-2.29_18.30_-4.92_11.64_-63.23_11.19_36.63_-18.44_17.31_0.6653_0.3351,24.1293564,120.7289394,115.69999694824219
3891,_-0.3116_-0.5899end-2.29_18.30_-4.92_11.64_-63.23_11.19_35.94_-17.75_17.31_0.6614_0.3277_-0.3167_-0.5957end-2.29_20.12_-7.09_11.64_-63.23_11.19_35.94_-17.75_17.31_0.6600_0.3256_-0.3186_-0.5975end-2.39_20.23_-7.50_3.80_-80.91_17.57_35.94_-17.75_17.31_0.6600_0.3256_-0.3186_-0.5975end-2.39_20.23_-7.50_3.58_-70.16_18.13_36.63_-18.12_15.44_0.6569_0.3215_-0.3223_-0.6010end-2.39_20.23_-7.50_3.58_-70.16_18.13_36.63_-18.12_15.44_0.6542_0.3180_-0.3255_-0.6041end-2.04_19.70_-6.49_3.58_-70.16_18.13_36.63_-18.19_14.56_0.6542_0.3180_-0.3255_-0.6041end,24.1293564,120.7289394,115.69999694824219
3892,,24.1293564,120.7289394,115.69999694824219
3893,,24.1293564,120.7289394,115.69999694824219
3894,,24.1293564,120.7289394,115.69999694824219
3895,,24.1293564,120.7289394,115.69999694824219
3896,,24.1293564,120.7289394,115.69999694824219
3897,,24.1293564,120.7289394,115.69999694824219
3898,,24.1293564,120.7289394,115.69999694824219
3899,-1.84_19.22_-5.87_3.58_-70.16_18.13_36.63_-18.19_14.56_0.6542_0.3180_-0.3255_-0.6041end-1.77_18.72_-5.98_3.58_-70.16_18.13_36.63_-18.19_14.56_0.6542_0.3180_-0.3255_-0.6041end-1.77_18.72_-5.98_3.58_-70.16_18.13_36.63_-18.19_14.56_0.6462_0.3093_-0.3348_-0.6122end-1.52_18.08_-6.60_3.58_-70.16_18.13_36.63_-18.12_15.06_0.6444_0.3074_-0.3369_-0.6137end-1.40_17.91_-6.71_3.58_-70.16_18.13_37.00_-18.87_14.06_0.6426_0.3056_-0.3392_-0.6153end-1.39_17.83_-6.77_-10.85_-81.02_17.46_37.00_-18.87_14.06_0.6426_0.3056_-0.3392_-0.6153end-1.39_17.83_-6.77_-10.85_-81.02_17.46_37.00_-18.87_14.06_0.6373_0.3008_-0.3458_-0.6194end-1.27_17.27_-6.62_-10.85_-81.02_17.46_37.00_-18,24.1293564,120.7289394,115.69999694824219
3900,.87_14.06_0.6356_0.2996_-0.3480_-0.6206end-1.47_16.92_-6.62_-10.85_-81.02_17.46_37.00_-18.87_14.06_0.6356_0.2996_-0.3480_-0.6206end-1.48_16.30_-6.83_-22.38_-62.67_16.79_37.00_-18.87_14.06_0.6356_0.2996_-0.3480_-0.6206end,24.1293564,120.7289394,115.69999694824219
3901,,24.1293564,120.7289394,115.69999694824219
3902,,24.1293564,120.7289394,115.69999694824219
3903,,24.1293564,120.7289394,115.69999694824219
3904,,24.1293564,120.7289394,115.69999694824219
3905,,24.1293564,120.7289394,115.69999694824219
3906,-2.18_16.07_-6.77_-22.38_-62.67_16.79_37.00_-18.87_14.06_0.6290_0.2963_-0.3561_-0.6243end-2.06_15.79_-6.69_-22.38_-62.67_16.79_37.00_-18.87_14.06_0.6276_0.2960_-0.3579_-0.6249end-1.78_14.76_-6.92_-22.38_-62.67_16.79_37.00_-18.87_14.06_0.6276_0.2960_-0.3579_-0.6249end-1.70_14.38_-7.34_-22.38_-62.67_16.79_37.00_-18.87_14.06_0.6248,24.1293564,120.7289394,115.69999694824219
3907,_0.2961_-0.3616_-0.6255end-1.70_14.38_-7.34_-40.62_-35.70_12.98_37.00_-18.87_14.06_0.6219_0.2968_-0.3652_-0.6259end-1.82_13.70_-7.66_-40.62_-35.70_12.98_36.94_-19.62_10.81_0.6219_0.2968_-0.3652_-0.6259end-1.82_13.70_-7.66_-48.34_-33.24_11.53_36.94_-19.62_10.81_0.6205_0.2972_-0.3672_-0.6260end-1.82_13.70_-7.66_-48.34_-33.24_11.53_36.94_-19.62_10.81_0.6176_0.2983_-0.3713_-0.6259end-1.61_12.49_-6.57_-56.40_-32.68_10.52_36.94_-19.62_10.81_0.6160_0.2991_-0.3736_-0.6257end-1.64_12.23_-6.87_-56.40_-32.68_10.52_38.06_-19.62_10.81_0.6144_0.2999_-0.3759_-0.6254end,24.1293564,120.7289394,115.69999694824219
3908,,24.1293564,120.7289394,115.69999694824219
3909,,24.1293564,120.7289394,115.69999694824219
3910,,24.1293564,120.7289394,115.69999694824219
3911,,24.1293564,120.7289394,115.69999694824219
3912,,24.1293564,120.7289394,115.69999694824219
3913,-1.62_11.85_-7.28_-66.02_-35.59_9.74_38.06_-19.62_10.81_0.6110_0.3018_-0.3811_-0.6247end-1.79_11.29_-7.36_-66.02_-35.59_9.74_37.31_-18.94_9.94_0.6110_0.3018_-0.3811_-0.6247end-1.79_11.29_-7.36_-76.99_-35.36_7.95_37.31_-18.94_9.94_0.6057_0.3052_-0.3896_-0.6230end-1.42_10.74_-7.06_-85.27_-40.06_7.27_37.31_-18.94_9.94_0.6038_0.3066_-0.3928_-0.6223end-1.18_10.29_-6.69_-85.27_-40.06_7.27_37.31_-18.94_9.94_0.6017_0.3079_-0.3961_-0.6215end-1.03_9.55_-6.64_-85.27_-40.06_7.27_37.31_-18.94_9.94_0.6017_0.3079_-0.3961_-0.6215end-0.97_9.11_-6.66_-98.70_-46.66_5.93_37.31_-18.94_9.94_0.6017_0.3079_-0.3961_-0.6215end-0.76_8.70_-6.63_-102.62_-44.87_5.15_37.31_-18.94_9.94_0.5928_0.3137_-0.4110_-0.6176end-0.64_8.44_-6.57_-102.62_-44.87_5.15_38.00_-20.37_6.69_0.5905_0.3154_-0.4149_-0.6162end-0.47_7.72_-6.12_-102.62_-44.87_5.15_38.00_-20.37_6.69_0.5905_0.3154_-0.4149_-0.6162end,24.1293564,120.7289394,115.69999694824219
3914,,24.1293564,120.7289394,115.69999694824219
3915,,24.1293564,120.7289394,115.69999694824219
3916,,24.1293564,120.7289394,115.69999694824219
3917,,24.1293564,120.7289394,115.69999694824219
3918,,24.1293564,120.7289394,115.69999694824219
3919,,24.1293564,120.7289394,115.69999694824219
3920,-0.51_7.42_-5.85_-119.18_-30.10_1.79_38.00_-20.37_6.69_0.5905_0.3154_-0.4149_-0.6162end-0.53_7.17_-5.62_-127.80_-29.21_-0.22_38.00_-20.37_6.69_0.5905_0.3154_-0.4149_-0.6162end-0.47_6.37_-5.13_-127.80_-29.21_-0.22_38.00_-20.37_6.69_0.5905_0.3154_-0.4149_-0.6162end-0.34_6.05_-4.85_-135.29_-29.88_-2.35_38.00_-20.37_6.69_0.5905_0.3154_-0.4149_-0.6162end-0.34_6.05_-4.85_-135.29_-29.88_-2.35_38.00_-20.75_3.44_0.5743_0.3323_-0.4436_-0.6025end-0.34_6.05_-4.85_-142.01_-30.33_-3.80_38.00_-20.75_3.44_0.5693_0.3376_-0.4525_-0.5976end-0.24_5.05_-3.84_-142.01_-30.33_-3.80_38.00_-20.75_3.44_0.5668_0.3404_-0.4570_-0.5950end-0.15_4.75_-3.53_-151.30_-24.40_-6.49_38.00_-20.75_3.44_0.5641_0.3434_-0.4618_-0.5921end-0.11_4.72_-3.29_-156.67_-18.35_-8.84_38.00_-20.75_3.44_0.5616_0.3464_-0.4663_-0.5892end-0.11_4.72_-3.29_-158.91_-16.00_-9.51_38.00_-20.75_3.44_0.5566_0.3528_-0.4755_-0.5827end,24.1293564,120.7289394,115.69999694824219
3921,,24.1293564,120.7289394,115.69999694824219
3922,,24.1293564,120.7289394,115.69999694824219
3923,,24.1293564,120.7289394,115.69999694824219
3924,,24.1293564,120.7289394,115.69999694824219
3925,,24.1293564,120.7289394,115.69999694824219
3926,,24.1293564,120.7289394,115.69999694824219
3927,,24.1293564,120.7289394,115.69999694824219
3928,-0.11_4.72_-3.29_-158.91_-16.00_-9.51_38.00_-21.50_0.69_0.5542_0.3561_-0.4800_-0.5793end0.00_4.50_-2.21_-158.91_-16.00_-9.51_38.00_-21.50_0.69_0.5517_0.3595_-0.4846_-0.5758end0.02_4.35_-1.79_-167.52_-10.41_-13.99_38.00_-21.50_0.69_0.5492_0.3630_-0.4893_-0.5720end0.04_4.16_-1.31_-167.52_-10.41_-13.99_38.00_-21.50_0.69_0.5443_0.3699_-0.4984_-0.5645end0.07_4.05_-1.14_-170.32_-9.06_-15.55_38.00_-21.50_0.69_0.5417_0.3734_-0.5030_-0.5605end0.09_3.97_-0.80_-170.32_-9.06_-15.55_38.00_-21.50_0.69_0.5391_0.3769_-0.5078_-0.5563end-0.11_3.84_-0.29_-170.32_-9.06_-15.55_38.00_-21.50_0.69_0.5366_0.3804_-0.5123_-0.5522end-0.11_3.84_-0.29_-174.46_-1.79_-18.80_38.00_-21,24.1293564,120.7289394,115.69999694824219
3929,,24.1293564,120.7289394,115.69999694824219
3930,.50_0.69_0.5366_0.3804_-0.5123_-0.5522end-0.11_3.84_-0.29_-174.46_-1.79_-18.80_37.25_-19.44_-1.19_0.5314_0.3875_-0.5215_-0.5436end-0.11_3.84_-0.29_-174.46_-1.79_-18.80_37.63_-19.81_-3.44_0.5243_0.3985_-0.5344_-0.5299end,24.1293564,120.7289394,115.69999694824219
3931,,24.1293564,120.7289394,115.69999694824219
3932,,24.1293564,120.7289394,115.69999694824219
3933,,24.1293564,120.7289394,115.69999694824219
3934,-0.23_3.41_0.66_-174.46_-1.79_-18.80_37.63_-19.81_-3.44_0.5220_0.4024_-0.5386_-0.5249end-0.36_3.42_1.07_-174.46_-1.79_-18.80_37.63_-19.81_-3.44_0.5199_0.4063_-0.5425_-0.5199end-0.43_3.40_1.24_-175.36_25.18_-24.17_38.69_-19.81_-3.44_0.5199_0.4063_-0.5425_-0.5199end-0.43_3.40_1.24_-174.91_29.66_-25.18_38.31_-19.12_-3.44_0.5199_0.4,24.1293564,120.7289394,115.69999694824219
3935,063_-0.5425_-0.5199end-0.66_3.53_1.64_-174.91_29.66_-25.18_38.31_-19.12_-3.44_0.5125_0.4223_-0.5572_-0.4985end-0.66_3.53_1.64_-172.33_40.29_-27.31_39.44_-19.81_-4.31_0.5125_0.4223_-0.5572_-0.4985end-0.83_3.61_1.86_-172.33_40.29_-27.31_39.44_-19.81_-4.31_0.5125_0.4223_-0.5572_-0.4985end-0.83_3.61_1.86_-172.33_40.29_-27.31_39.06_-19.50_-6.19_0.5076_0.4345_-0.5671_-0.4816end-1.04_3.62_1.84_-168.75_45.88_-28.98_39.06_-19.50_-6.19_0.5062_0.4385_-0.5701_-0.4759end-1.04_3.62_1.84_-168.75_45.88_-28.98_39.06_-19.50_-6.19_0.5062_0.4385_-0.5701_-0.4759end,24.1293564,120.7289394,115.69999694824219
3936,,24.1293564,120.7289394,115.69999694824219
3937,,24.1293564,120.7289394,115.69999694824219
3938,,24.1293564,120.7289394,115.69999694824219
3939,,24.1293564,120.7289394,115.69999694824219
3940,,24.1293564,120.7289394,115.69999694824219
3941,,24.1293564,120.7289394,115.69999694824219
3942,-1.04_3.62_1.84_-163.94_45.99_-29.88_39.06_-19.50_-6.19_0.5062_0.4385_-0.5701_-0.4759end-1.36_3.61_2.89_-163.94_45.99_-29.88_39.06_-19.50_-6.19_0.5018_0.4501_-0.5790_-0.4586end-1.53_3.61_3.00_-163.94_45.99_-29.88_39.06_-19.50_-6.19_0.4987_0.4575_-0.5848_-0.4471end-1.53_3.61_3.00_-163.94_45.99_-29.88_39.06_-18.12_-6.62_0.4971_0.4610_-0.5876_-0.4416end-1.67_3.65_3.13_-163.94_45.99_-29.88_39.06_-18.12_-6.62_0.4935_0.4679_-0.5935_-0.4304end-1.61_3.62_2.75_-163.94_45.99_-29.88_39.06_-18.12_-6.62_0.4916_0.4711_-0.5964_-0.4250end-1.50_3.22_2.03_-163.94_45.99_-29.88_40.12_-17.50_-8.00_0.4916_0.4711_-0.5964_-0.4250end-1.65_3.04_2.11_-150.74_11.97_-26.07_40.12_-,24.1293564,120.7289394,115.69999694824219
3943,17.50_-8.00_0.4916_0.4711_-0.5964_-0.4250end-1.69_2.87_2.17_-150.74_11.97_-26.07_39.44_-16.44_-6.56_0.4850_0.4800_-0.6053_-0.4097end-1.86_2.89_2.68_-148.28_8.17_-24.84_39.44_-16.44_-6.56_0.4850_0.4800_-0.6053_-0.4097end,24.1293564,120.7289394,115.69999694824219
3944,,24.1293564,120.7289394,115.69999694824219
3945,,24.1293564,120.7289394,115.69999694824219
3946,,24.1293564,120.7289394,115.69999694824219
3947,,24.1293564,120.7289394,115.69999694824219
3948,,24.1293564,120.7289394,115.69999694824219
3949,-1.86_2.89_2.68_-144.92_2.46_-23.61_39.44_-16.44_-6.56_0.4775_0.4877_-0.6143_-0.3959end-1.80_2.93_2.93_-143.69_-0.22_-23.39_39.06_-16.12_-7.94_0.4775_0.4877_-0.6143_-0.3959end-1.80_2.93_2.93_-143.69_-0.22_-23.39_40.88_-15.44_-7.94_0.4722_0.4924_-0.6202_-0.3872end-1.80_2.93_2.93_-138.20_1.90_-20.81_40.88_-15.44_-7.94_0.4693_0.4947_-0.6232_-0.3829end-0.86_2.89_1.69_-138.20_1.90_-20.81_40.88_-15.44_-7.94_0.4642_0.4992_-0.6286_-0.3744end-0.77_3.09_1.89_-138.20_1.90_-20.81_40.88_-15.44_-7.94_0.4619_0.5016_-0.6310_-0.3699end-0.73_3.22_2.09_-129.92_29.54_-20.59_40.88_-15.44_-7.94_0.4619_0.5016_-0.6310_-0.3699end-0.73_3.22_2.09_-126.12_52.93_-20.93_40.88_-15.4,24.1293564,120.7289394,115.69999694824219
3950,4_-7.94_0.4584_0.5066_-0.6350_-0.3606end-1.27_3.76_2.30_-126.12_52.93_-20.93_40.88_-15.44_-7.94_0.4562_0.5121_-0.6379_-0.3502end-1.49_3.89_2.14_-121.75_72.51_-21.04_40.88_-15.44_-7.94_0.4562_0.5121_-0.6379_-0.3502end,24.1293564,120.7289394,115.69999694824219
3951,,24.1293564,120.7289394,115.69999694824219
3952,,24.1293564,120.7289394,115.69999694824219
3953,,24.1293564,120.7289394,115.69999694824219
3954,,24.1293564,120.7289394,115.69999694824219
3955,,24.1293564,120.7289394,115.69999694824219
3956,,24.1293564,120.7289394,115.69999694824219
3957,-1.49_3.89_2.14_-121.75_72.51_-21.04_40.88_-15.44_-7.94_0.4551_0.5208_-0.6405_-0.3337end-1.91_4.04_1.80_-121.75_72.51_-21.04_39.81_-14.06_-8.81_0.4551_0.5208_-0.6405_-0.3337end-1.91_4.04_1.80_-114.03_81.24_-20.81_39.81_-14.06_-8.81_0.4550_0.5264_-0.6416_-0.3229end-2.31_4.32_1.73_-114.03_81.24_-20.81_39.81_-14.06_-8.81_0.4547_0.5291_-0.6422_-0.3176end-2.41_4.59_1.80_-114.03_81.24_-20.81_39.81_-14.06_-8.81_0.4543_0.5315_-0.6428_-0.3128end-2.39_4.93_1.78_-114.03_81.24_-20.81_39.81_-14.06_-8.81_0.4528_0.5359_-0.6444_-0.3040end-2.29_5.09_1.70_-114.03_81.24_-20.81_39.81_-14.06_-8.81_0.4518_0.5380_-0.6454_-0.3000end-2.19_5.56_1.30_-114.03_81.24_-20.81_39.81_-,24.1293564,120.7289394,115.69999694824219
3958,14.06_-8.81_0.4518_0.5380_-0.6454_-0.3000end-2.19_5.56_1.30_-88.07_30.44_-8.84_41.31_-12.63_-6.94_0.4518_0.5380_-0.6454_-0.3000end-2.19_5.56_1.30_-85.05_32.23_-6.71_41.31_-12.31_-7.37_0.4470_0.5455_-0.6487_-0.2858end,24.1293564,120.7289394,115.69999694824219
3959,,24.1293564,120.7289394,115.69999694824219
3960,,24.1293564,120.7289394,115.69999694824219
3961,,24.1293564,120.7289394,115.69999694824219
3962,,24.1293564,120.7289394,115.69999694824219
3963,,24.1293564,120.7289394,115.69999694824219
3964,-1.80_6.46_0.78_-82.25_34.80_-5.93_41.63_-12.69_-9.75_0.4470_0.5455_-0.6487_-0.2858end-1.76_6.53_0.63_-79.45_37.15_-4.25_41.63_-12.69_-9.75_0.4443_0.5510_-0.6502_-0.2759end-1.47_6.56_0.36_-79.45_37.15_-4.25_42.00_-12.63_-7.37_0.4437_0.5529_-0.6505_-0.2728end-2.02_6.75_0.89_-79.45_37.15_-4.25_42.00_-12.63_-7.37_0.4430_0.5547_-0.6,24.1293564,120.7289394,115.69999694824219
3965,506_-0.2697end-1.36_6.55_0.30_-79.45_37.15_-4.25_42.00_-12.63_-7.37_0.4430_0.5547_-0.6506_-0.2697end-1.36_6.50_0.25_-65.69_37.15_1.57_42.00_-12.63_-7.37_0.4430_0.5547_-0.6506_-0.2697end-1.11_6.34_-0.09_-62.44_33.35_3.58_42.00_-12.63_-7.37_0.4430_0.5547_-0.6506_-0.2697end-1.11_6.34_-0.09_-62.44_33.35_3.58_42.00_-13.00_-7.37_0.4406_0.5615_-0.6509_-0.2587end-1.47_6.07_0.27_-62.44_33.35_3.58_42.00_-13.00_-7.37_0.4406_0.5615_-0.6509_-0.2587end-1.47_6.07_0.27_-48.34_22.38_11.08_42.00_-11.63_-8.31_0.4406_0.5615_-0.6509_-0.2587end,24.1293564,120.7289394,115.69999694824219
3966,,24.1293564,120.7289394,115.69999694824219
3967,,24.1293564,120.7289394,115.69999694824219
3968,,24.1293564,120.7289394,115.69999694824219
3969,,24.1293564,120.7289394,115.69999694824219
3970,,24.1293564,120.7289394,115.69999694824219
3971,,24.1293564,120.7289394,115.69999694824219
3972,,24.1293564,120.7289394,115.69999694824219
3973,-1.52_6.02_0.54_-48.34_22.38_11.08_42.00_-11.63_-8.31_0.4406_0.5615_-0.6509_-0.2587end-1.52_6.02_0.54_-45.77_16.79_13.20_42.00_-11.63_-8.31_0.4368_0.5688_-0.6505_-0.2499end-1.52_6.02_0.54_-45.77_16.79_13.20_41.69_-11.94_-6.50_0.4338_0.5711_-0.6509_-0.2490end-1.95_6.64_0.28_-45.77_16.79_13.20_41.69_-11.94_-6.50_0.4315_0.5718_-0.6515_-0.2497end-1.82_7.43_-0.14_-45.77_16.79_13.20_41.69_-11.94_-6.50_0.4286_0.5723_-0.6523_-0.2512end-1.57_7.89_-0.35_-17.90_-100.27_33.12_41.69_-11.94_-6.50_0.4286_0.5723_-0.6523_-0.2512end-1.57_7.89_-0.35_-17.90_-100.27_33.12_41.69_-11.94_-6.50_0.4171_0.5724_-0.6564_-0.2598end-0.25_8.93_-1.73_-17.90_-100.27_33.12_41.69_-11.94_-6.50_0.4127_0.5721_-0.6580_-0.2638end0.46_9.25_-2.27_-17.90_-100.27_33.12_41.69_-11.94_-6.50_0.4127_0.5721_-0.6580_-0.2638end0.81_9.59_-2.15_-17.90_-100.27_33.12_41.69_-11.94_-6.50_0.4045_0.5712_-0.6604_-0.2721end,24.1293564,120.7289394,115.69999694824219
3974,,24.1293564,120.7289394,115.69999694824219
3975,,24.1293564,120.7289394,115.69999694824219
3976,,24.1293564,120.7289394,115.69999694824219
3977,,24.1293564,120.7289394,115.69999694824219
3978,,24.1293564,120.7289394,115.69999694824219
3979,0.81_9.59_-2.15_-17.90_-100.27_33.12_40.50_-14.06_-11.12_0.3977_0.5703_-0.6617_-0.2806end0.71_9.42_-1.80_-17.90_-100.27_33.12_40.50_-14.06_-11.12_0.3977_0.5703_-0.6617_-0.2806end0.62_9.00_-1.95_-17.90_-100.27_33.12_40.50_-14.06_-11.12_0.3932_0.5697_-0.6616_-0.2883end0.59_8.68_-2.04_47.45_-61.32_48.68_40.50_-14.06_-11.12_0.3932_0,24.1293564,120.7289394,115.69999694824219
3980,.5697_-0.6616_-0.2883end0.68_8.39_-2.10_55.39_-54.72_49.80_40.50_-14.06_-11.12_0.3932_0.5697_-0.6616_-0.2883end0.36_7.56_-1.77_55.39_-54.72_49.80_40.50_-14.06_-11.12_0.3892_0.5683_-0.6580_-0.3042end0.25_13.04_-1.79_81.02_-63.11_54.61_40.50_-14.06_-11.12_0.3892_0.5683_-0.6580_-0.3042end-8.91_53.17_-52.27_103.40_-109.78_-0.11_40.5,24.1293564,120.7289394,115.69999694824219
3981,0_-14.06_-11.12_0.3828_0.5624_-0.6577_-0.3235end2.22_-46.00_33.29_103.40_-109.78_-0.11_40.50_-14.06_-11.12_0.3785_0.5590_-0.6564_-0.3365end-31.53_14.99_77.70_103.40_-109.78_-0.11_38.31_-15.50_-12.06_0.3785_0.5590_-0.6564_-0.3365end,24.1293564,120.7289394,115.69999694824219
3982,,24.1293564,120.7289394,115.69999694824219
3983,,24.1293564,120.7289394,115.69999694824219
3984,,24.1293564,120.7289394,115.69999694824219
3985,,24.1293564,120.7289394,115.69999694824219
3986,,24.1293564,120.7289394,115.69999694824219
3987,-31.53_14.99_77.70_-193.60_211.95_-37.15_38.31_-16.19_-13.00_0.3785_0.5590_-0.6564_-0.3365end-31.53_14.99_77.70_-48.23_327.66_-68.15_38.31_-16.19_-13.00_0.3936_0.5640_-0.6481_-0.3268end7.75_3.44_44.68_-48.23_327.66_-68.15_38.31_-16.19_-13.00_0.3977_0.5690_-0.6499_-0.3094end-1.13_2.36_-5.32_-48.23_327.66_-68.15_38.31_-16.19_-13.00_0.3903_0.5660_-0.6550_-0.3134end12.16_5.49_-7.46_-48.23_327.66_-68.15_38.31_-16.19_-13.00_0.3903_0.5660_-0.6550_-0.3134end1.41_5.69_-21.15_-48.23_327.66_-68.15_38.31_-16.19_-13.00_0.3903_0.5660_-0.6550_-0.3134end4.43_6.39_-13.13_-48.23_327.66_-68.15_38.31_-16.19_-13.00_0.3575_0.5479_-0.6704_-0.3501end6.49_5.46_-12.37_-48.23_32,24.1293564,120.7289394,115.69999694824219
3988,7.66_-68.15_38.31_-16.19_-13.00_0.3575_0.5479_-0.6704_-0.3501end0.97_11.03_5.48_-48.23_327.66_-68.15_38.31_-16.19_-13.00_0.3575_0.5479_-0.6704_-0.3501end-4.85_12.32_14.18_-48.23_327.66_-68.15_38.31_-16.19_-13.00_0.3802_0.5510_-0.6562_-0.3484end,24.1293564,120.7289394,115.69999694824219
3989,,24.1293564,120.7289394,115.69999694824219
3990,,24.1293564,120.7289394,115.69999694824219
3991,,24.1293564,120.7289394,115.69999694824219
3992,,24.1293564,120.7289394,115.69999694824219
3993,,24.1293564,120.7289394,115.69999694824219
3994,,24.1293564,120.7289394,115.69999694824219
3995,-2.51_9.63_14.01_-48.23_327.66_-68.15_37.56_-16.87_-13.00_0.3894_0.5541_-0.6510_-0.3427end-3.44_8.68_12.38_-11.86_267.45_-15.22_38.69_-15.50_-12.06_0.3894_0.5541_-0.6510_-0.3427end-2.90_7.69_7.09_-19.02_225.49_-15.44_38.69_-15.50_-12.06_0.3894_0.5541_-0.6510_-0.3427end-2.90_7.69_7.09_-19.02_225.49_-15.44_38.69_-15.50_-12.06_0.4124_0.5653_-0.6387_-0.3202end-0.96_7.02_-5.57_7.39_6.49_11.53_38.69_-15.50_-12.06_0.4133_0.5659_-0.6379_-0.3193end-0.38_7.38_-6.70_7.39_6.49_11.53_38.69_-15.50_-12.06_0.4133_0.5659_-0.6379_-0.3193end-0.91_6.88_-6.47_37.49_-32.79_16.67_38.69_-15.50_-12.06_0.4133_0.5659_-0.6379_-0.3193end-0.91_6.88_-6.47_59.98_3.80_8.17_38.69_-15.5,24.1293564,120.7289394,115.69999694824219
3996,0_-12.06_0.4133_0.5644_-0.6368_-0.3243end-1.57_9.25_5.61_59.98_3.80_8.17_38.69_-15.50_-12.06_0.4161_0.5627_-0.6346_-0.3277end-1.95_9.30_6.84_54.72_65.69_-3.92_38.69_-15.50_-12.06_0.4161_0.5627_-0.6346_-0.3277end,24.1293564,120.7289394,115.69999694824219
3997,,24.1293564,120.7289394,115.69999694824219
3998,,24.1293564,120.7289394,115.69999694824219
3999,,24.1293564,120.7289394,115.69999694824219
4000,,24.1293564,120.7289394,115.69999694824219
4001,,24.1293564,120.7289394,115.69999694824219
4002,-1.95_9.30_6.84_54.72_65.69_-3.92_38.69_-15.50_-12.06_0.4255_0.5622_-0.6293_-0.3269end0.18_9.37_11.73_5.93_59.65_-0.45_38.69_-15.50_-12.06_0.4255_0.5622_-0.6293_-0.3269end0.18_9.37_11.73_5.93_59.65_-0.45_38.69_-15.50_-12.06_0.4317_0.5637_-0.6255_-0.3235end0.21_8.27_3.54_3.58_57.86_8.62_38.69_-15.50_-12.06_0.4332_0.5645_-0.6243_-0.3224end-1.45_7.95_-0.77_3.58_57.86_8.62_38.69_-15.50_-12.06_0.4349_0.5654_-0.6228_-0.3213end-1.62_8.04_-0.93_21.71_82.92_8.95_38.69_-15.50_-12.06_0.4349_0.5654_-0.6228_-0.3213end-1.62_8.04_-0.93_31.45_94.00_7.72_39.44_-16.44_-7.06_0.4349_0.5654_-0.6228_-0.3213end-3.30_8.82_2.90_31.45_94.00_7.72_39.44_-16.44_-7.06_0.4477_0.5688,24.1293564,120.7289394,115.69999694824219
4003,_-0.6134_-0.3159end-2.99_9.07_8.67_46.78_124.89_-4.92_39.06_-17.12_-5.62_0.4477_0.5688_-0.6134_-0.3159end-2.99_9.07_8.67_42.75_115.15_-5.37_39.06_-17.12_-5.62_0.4564_0.5699_-0.6077_-0.3123end,24.1293564,120.7289394,115.69999694824219
4004,,24.1293564,120.7289394,115.69999694824219
4005,,24.1293564,120.7289394,115.69999694824219
4006,,24.1293564,120.7289394,115.69999694824219
4007,,24.1293564,120.7289394,115.69999694824219
4008,,24.1293564,120.7289394,115.69999694824219
4009,-2.99_9.07_8.67_42.75_115.15_-5.37_40.50_-18.12_-5.25_0.4604_0.5705_-0.6051_-0.3105end-2.99_9.07_8.67_24.40_63.34_3.13_40.50_-18.12_-5.25_0.4637_0.5708_-0.6029_-0.3093end-2.99_9.07_8.67_24.40_63.34_3.13_40.19_-17.75_-2.87_0.4664_0.5712_-0.6010_-0.3082end-2.99_9.07_8.67_19.14_47.90_7.50_40.19_-17.75_-2.87_0.4698_0.5720_-0.5981_-0,24.1293564,120.7289394,115.69999694824219
4010,.3072end-2.20_8.50_2.02_17.90_36.26_10.97_40.56_-16.37_-2.44_0.4698_0.5720_-0.5981_-0.3072end-2.54_8.45_-0.04_20.37_38.50_9.74_40.56_-16.37_-2.44_0.4739_0.5728_-0.5943_-0.3067end-2.21_8.55_0.16_28.54_43.98_6.49_40.56_-16.37_-2.44_0.4756_0.5730_-0.5929_-0.3065end-2.45_8.51_0.42_31.33_44.09_5.15_40.56_-16.37_-2.44_0.4756_0.5730_-0.5929_-0.3065end-1.63_8.82_2.07_31.33_44.09_5.15_40.56_-16.37_-2.44_0.4793_0.5730_-0.5900_-0.3063end-1.65_8.88_2.99_36.26_34.91_3.58_40.56_-16.37_-2.44_0.4793_0.5730_-0.5900_-0.3063end,24.1293564,120.7289394,115.69999694824219
4011,,24.1293564,120.7289394,115.69999694824219
4012,,24.1293564,120.7289394,115.69999694824219
4013,,24.1293564,120.7289394,115.69999694824219
4014,,24.1293564,120.7289394,115.69999694824219
4015,,24.1293564,120.7289394,115.69999694824219
4016,-1.65_8.88_2.99_34.24_18.35_5.71_40.56_-16.37_-2.44_0.4793_0.5730_-0.5900_-0.3063end-1.03_9.02_4.21_31.11_13.09_6.60_40.56_-16.37_-2.44_0.4853_0.5717_-0.5856_-0.3078end-1.34_9.07_4.46_31.11_13.09_6.60_40.56_-16.37_-2.44_0.4862_0.5714_-0.5848_-0.3085end-1.37_9.01_4.14_25.07_13.76_7.83_40.56_-16.37_-2.44_0.4862_0.5714_-0.5848_-0.3,24.1293564,120.7289394,115.69999694824219
4017,085end-1.37_9.01_4.14_25.07_13.76_7.83_40.19_-18.06_-0.62_0.4880_0.5710_-0.5831_-0.3095end-1.57_8.79_2.27_22.38_21.82_7.39_40.19_-18.06_-0.62_0.4901_0.5708_-0.5813_-0.3100end-1.55_8.76_1.89_22.38_21.82_7.39_40.19_-18.06_-0.62_0.4912_0.5708_-0.5803_-0.3102end-1.61_8.78_1.65_22.38_21.82_7.39_40.19_-18.06_-0.62_0.4912_0.5708_-0.5803_-0.3102end-1.71_8.84_1.88_22.38_21.82_7.39_39.81_-17.69_-1.12_0.4949_0.5704_-0.5771_-0.3109end-1.76_8.89_2.46_30.77_21.93_5.93_39.81_-17.69_-1.12_0.4962_0.5701_-0.5760_-0.3113end,24.1293564,120.7289394,115.69999694824219
4018,,24.1293564,120.7289394,115.69999694824219
4019,,24.1293564,120.7289394,115.69999694824219
4020,,24.1293564,120.7289394,115.69999694824219
4021,,24.1293564,120.7289394,115.69999694824219
4022,,24.1293564,120.7289394,115.69999694824219
4023,-2.04_9.08_3.73_30.77_21.93_5.93_39.81_-17.69_-1.12_0.4962_0.5701_-0.5760_-0.3113end-2.10_9.10_3.99_30.66_20.03_6.27_39.81_-17.69_-1.12_0.4962_0.5701_-0.5760_-0.3113end-2.15_9.11_4.21_29.21_19.14_6.15_39.81_-17.69_-1.12_0.4962_0.5701_-0.5760_-0.3113end-2.15_9.11_4.21_25.96_17.35_6.60_39.81_-17.69_-1.12_0.5009_0.5690_-0.5721_-0.3130end-2.39_9.01_3.29_25.96_17.35_6.60_39.81_-17.69_-1.12_0.5029_0.5685_-0.5704_-0.3138end-2.48_9.03_2.88_24.51_13.32_7.83_39.81_-17.69_-1.12_0.5046_0.5681_-0.5687_-0.3149end-2.48_9.03_2.88_24.95_8.06_8.06_39.13_-18.37_0.25_0.5054_0.5679_-0.5680_-0.3155end-2.74_8.97_2.14_24.95_8.06_8.06_39.13_-18.37_0.25_0.5060_0.5675_-0.5673_-0.3162end-2.75_8.99_2.08_26.97_-0.45_8.84_39.13_-18.37_0.25_0.5060_0.5675_-0.5673_-0.3162end-2.74_9.04_2.36_27.86_-4.59_8.95_39.13_-18.37_0.25_0.5060_0.5675_-0.5673_-0.3162end,24.1293564,120.7289394,115.69999694824219
4024,,24.1293564,120.7289394,115.69999694824219
4025,,24.1293564,120.7289394,115.69999694824219
4026,,24.1293564,120.7289394,115.69999694824219
4027,,24.1293564,120.7289394,115.69999694824219
4028,,24.1293564,120.7289394,115.69999694824219
4029,,24.1293564,120.7289394,115.69999694824219
4030,,24.1293564,120.7289394,115.69999694824219
4031,,24.1293564,120.7289394,115.69999694824219
4032,-2.69_9.05_2.59_27.86_-4.59_8.95_39.13_-18.37_0.25_0.5079_0.5655_-0.5653_-0.3204end-2.61_9.11_2.68_27.86_-4.59_8.95_38.38_-18.06_0.25_0.5081_0.5648_-0.5651_-0.3217end-2.54_9.16_2.88_27.86_-4.59_8.95_38.38_-18.06_0.25_0.5081_0.5641_-0.5649_-0.3231end-2.36_9.14_2.84_26.52_-26.19_10.41_38.38_-18.06_0.25_0.5081_0.5641_-0.5649_-0.3231end-2.36_9.14_2.84_25.40_-30.10_10.97_38.38_-18.06_0.25_0.5076_0.5619_-0.5648_-0.3279end-2.41_9.14_2.69_25.40_-30.10_10.97_40.19_-17.00_0.37_0.5074_0.5611_-0.5649_-0.3296end-2.29_9.07_2.46_24.62_-31.11_11.64_40.19_-17.00_0.37_0.5074_0.5611_-0.5649_-0.3296end-2.29_9.07_2.37_24.62_-31.11_11.64_40.19_-17.00_0.37_0.5068_0.5597_-0.5649_-0.3328end-2.25_9.12_2.36_25.74_-29.99_10.97_40.19_-17.00_0.37_0.5068_0.5597_-0.5649_-0.3328end-2.21_9.07_2.42_25.74_-29.99_10.97_40.19_-17.00_0.37_0.5060_0.5574_-0.5650_-0.3378end,24.1293564,120.7289394,115.69999694824219
4033,,24.1293564,120.7289394,115.69999694824219
4034,,24.1293564,120.7289394,115.69999694824219
4035,,24.1293564,120.7289394,115.69999694824219
4036,,24.1293564,120.7289394,115.69999694824219
4037,,24.1293564,120.7289394,115.69999694824219
4038,-2.09_9.13_2.46_25.74_-29.99_10.97_39.50_-17.69_-0.13_0.5057_0.5566_-0.5650_-0.3394end-2.04_9.17_2.39_25.74_-29.99_10.97_39.50_-17.69_-0.13_0.5057_0.5566_-0.5650_-0.3394end-1.90_9.16_2.88_25.74_-29.99_10.97_39.50_-17.69_-0.13_0.5056_0.5558_-0.5649_-0.3411end-1.90_9.16_2.88_25.74_-29.99_10.97_39.44_-17.69_-1.12_0.5052_0.5543_-0.5648_-0.3442end-1.90_9.16_2.88_26.63_-24.62_11.19_39.44_-17.69_-1.12_0.5051_0.5535_-0.5647_-0.3458end-1.90_9.16_2.88_27.19_-23.61_10.97_39.44_-17.69_-1.12_0.5049_0.5521_-0.5644_-0.3488end-1.88_9.19_3.16_27.19_-23.61_10.97_39.44_-18.75_-0.62_0.5049_0.5521_-0.5644_-0.3488end-1.88_9.19_3.16_27.42_-21.49_11.19_39.44_-18.75_-0.62_0.50,24.1293564,120.7289394,115.69999694824219
4039,48_0.5507_-0.5640_-0.3517end-1.74_9.19_3.22_27.42_-21.49_11.19_39.44_-18.75_-0.62_0.5048_0.5494_-0.5635_-0.3546end-1.65_9.21_3.14_27.42_-21.49_11.19_39.44_-18.75_-0.62_0.5049_0.5486_-0.5632_-0.3561end,24.1293564,120.7289394,115.69999694824219
4040,,24.1293564,120.7289394,115.69999694824219
4041,,24.1293564,120.7289394,115.69999694824219
4042,,24.1293564,120.7289394,115.69999694824219
4043,,24.1293564,120.7289394,115.69999694824219
4044,,24.1293564,120.7289394,115.69999694824219
4045,,24.1293564,120.7289394,115.69999694824219
4046,-1.65_9.21_3.14_28.76_-18.35_10.52_39.44_-18.75_-0.62_0.5049_0.5480_-0.5630_-0.3575end-1.49_9.19_3.12_28.76_-18.35_10.52_38.75_-18.37_0.31_0.5049_0.5480_-0.5630_-0.3575end-1.48_9.18_3.11_28.76_-18.35_10.52_39.81_-19.44_-0.19_0.5054_0.5459_-0.5619_-0.3616end-1.51_9.17_3.05_28.76_-18.35_10.52_39.81_-19.44_-0.19_0.5057_0.5453_-0.5615_-0.3629end-1.52_9.19_2.96_30.66_-8.73_10.41_39.81_-19.44_-0.19_0.5057_0.5453_-0.5615_-0.3629end-1.52_9.19_2.96_30.66_-8.73_10.41_38.69_-18.75_-1.56_0.5069_0.5436_-0.5597_-0.3665end-1.62_9.21_2.82_30.66_-8.73_10.41_38.69_-18.75_-1.56_0.5074_0.5431_-0.5590_-0.3675end-1.68_9.21_2.71_31.67_2.91_9.85_38.69_-18.75_-1.56_0.5074_0.54,24.1293564,120.7289394,115.69999694824219
4047,31_-0.5590_-0.3675end-1.75_9.20_2.64_31.67_2.91_9.85_40.56_-20.12_-1.56_0.5096_0.5418_-0.5565_-0.3703end-1.79_9.22_2.64_31.67_2.91_9.85_40.56_-20.12_-1.56_0.5105_0.5414_-0.5554_-0.3712end,24.1293564,120.7289394,115.69999694824219
4048,,24.1293564,120.7289394,115.69999694824219
4049,,24.1293564,120.7289394,115.69999694824219
4050,,24.1293564,120.7289394,115.69999694824219
4051,,24.1293564,120.7289394,115.69999694824219
4052,,24.1293564,120.7289394,115.69999694824219
4053,,24.1293564,120.7289394,115.69999694824219
4054,-2.00_9.21_2.52_31.67_2.91_9.85_39.13_-18.75_0.31_0.5105_0.5414_-0.5554_-0.3712end-2.00_9.21_2.52_31.67_2.91_9.85_39.44_-19.44_-1.06_0.5132_0.5405_-0.5523_-0.3735end-2.15_9.22_2.39_31.67_2.91_9.85_39.44_-19.44_-1.06_0.5142_0.5402_-0.5512_-0.3743end-2.23_9.25_2.40_31.67_2.91_9.85_39.44_-19.44_-1.06_0.5142_0.5402_-0.5512_-0.3743end-2.27_9.25_2.44_31.67_2.91_9.85_39.44_-19.44_-1.06_0.5142_0.5402_-0.5512_-0.3743end-2.29_9.25_2.38_33.91_7.05_12.09_39.44_-19.44_-1.06_0.5142_0.5402_-0.5512_-0.3743end-2.29_9.25_2.38_33.91_7.05_12.09_39.44_-19.44_-1.06_0.5184_0.5383_-0.5460_-0.3787end-2.29_9.22_2.34_33.91_7.05_12.09_39.44_-19.44_-1.06_0.5190_0.5378_-0.5451_-0.3797end-2.29_9.22_2.34_33.91_7.05_12.09_38.75_-19.75_3.06_0.5197_0.5374_-0.5442_-0.3809end-2.18_9.26_2.14_33.91_7.05_12.09_38.75_-20.12_1.19_0.5197_0.5374_-0.5442_-0.3809end,24.1293564,120.7289394,115.69999694824219
4055,,24.1293564,120.7289394,115.69999694824219
4056,,24.1293564,120.7289394,115.69999694824219
4057,,24.1293564,120.7289394,115.69999694824219
4058,,24.1293564,120.7289394,115.69999694824219
4059,,24.1293564,120.7289394,115.69999694824219
4060,,24.1293564,120.7289394,115.69999694824219
4061,-2.18_9.26_2.14_34.80_-3.13_13.20_38.75_-19.75_0.31_0.5197_0.5374_-0.5442_-0.3809end-2.02_9.21_1.95_34.80_-3.13_13.20_38.75_-19.75_0.31_0.5218_0.5352_-0.5409_-0.3857end-2.02_9.21_1.95_35.36_-5.82_14.10_38.38_-20.12_1.19_0.5223_0.5345_-0.5401_-0.3870end-1.98_9.24_1.75_35.36_-5.82_14.10_38.75_-19.75_2.56_0.5227_0.5339_-0.5393_-0.3884end-1.97_9.25_1.72_35.47_-7.72_15.00_38.75_-19.75_2.56_0.5227_0.5339_-0.5393_-0.3884end-1.97_9.25_1.72_35.81_-8.28_15.00_38.75_-19.75_2.56_0.5240_0.5321_-0.5370_-0.3925end-1.93_9.21_1.56_35.81_-8.28_15.00_38.75_-19.75_2.56_0.5244_0.5314_-0.5362_-0.3939end-1.85_9.23_1.42_35.81_-8.28_15.00_38.75_-19.75_2.56_0.5244_0.5314_-0.536,24.1293564,120.7289394,115.69999694824219
4062,2_-0.3939end-1.79_9.23_1.37_36.48_-13.54_15.67_38.75_-19.75_2.56_0.5244_0.5314_-0.5362_-0.3939end-1.79_9.23_1.37_36.48_-13.54_15.67_38.75_-19.75_2.56_0.5256_0.5286_-0.5333_-0.3999end,24.1293564,120.7289394,115.69999694824219
4063,,24.1293564,120.7289394,115.69999694824219
4064,,24.1293564,120.7289394,115.69999694824219
4065,,24.1293564,120.7289394,115.69999694824219
4066,,24.1293564,120.7289394,115.69999694824219
4067,,24.1293564,120.7289394,115.69999694824219
4068,,24.1293564,120.7289394,115.69999694824219
4069,-1.74_9.25_1.21_36.48_-13.54_15.67_38.38_-20.81_1.19_0.5258_0.5278_-0.5327_-0.4015end-1.61_9.25_0.93_36.48_-13.54_15.67_38.38_-20.81_1.19_0.5259_0.5270_-0.5321_-0.4031end-1.55_9.23_0.86_35.36_-22.38_16.11_38.38_-20.81_1.19_0.5259_0.5270_-0.5321_-0.4031end-1.55_9.23_0.86_35.25_-28.42_16.90_38.38_-20.81_1.19_0.5260_0.5253_-0.5311_-0.4066end-1.26_9.24_0.50_35.25_-28.42_16.90_38.38_-20.81_1.19_0.5257_0.5234_-0.5303_-0.4103end-1.26_9.24_0.50_35.25_-34.80_16.34_38.00_-20.06_2.56_0.5255_0.5224_-0.5301_-0.4123end-0.98_9.26_0.33_35.25_-34.80_16.34_38.00_-20.06_2.56_0.5255_0.5224_-0.5301_-0.4123end-0.86_9.27_0.25_35.25_-34.80_16.34_39.13_-19.37_3.06_0.5255_0.5224_-0.5301_-0.4123end-0.86_9.27_0.25_34.69_-44.65_16.45_37.25_-20.81_1.19_0.5244_0.5189_-0.5297_-0.4185end-0.62_9.30_0.06_34.69_-44.65_16.45_37.25_-20.81_1.19_0.5244_0.5189_-0.5297_-0.4185end,24.1293564,120.7289394,115.69999694824219
4070,,24.1293564,120.7289394,115.69999694824219
4071,,24.1293564,120.7289394,115.69999694824219
4072,,24.1293564,120.7289394,115.69999694824219
4073,,24.1293564,120.7289394,115.69999694824219
4074,,24.1293564,120.7289394,115.69999694824219
4075,,24.1293564,120.7289394,115.69999694824219
4076,,24.1293564,120.7289394,115.69999694824219
4077,-0.62_9.30_0.06_34.69_-45.88_16.00_37.25_-20.81_1.19_0.5233_0.5165_-0.5297_-0.4229end-0.62_9.30_0.06_34.69_-45.88_16.00_39.06_-20.81_1.19_0.5227_0.5151_-0.5298_-0.4251end-0.26_9.27_-0.14_33.46_-47.00_14.88_38.38_-21.12_0.25_0.5227_0.5151_-0.5298_-0.4251end-0.26_9.27_-0.14_33.24_-47.00_14.77_38.38_-21.12_0.25_0.5209_0.5112_-0.530,24.1293564,120.7289394,115.69999694824219
4078,,24.1293564,120.7289394,115.69999694824219
4079,0_-0.4317end-0.05_9.30_-0.21_33.24_-47.00_14.77_38.38_-21.12_0.25_0.5197_0.5087_-0.5302_-0.4359end-0.05_9.30_-0.21_33.01_-47.00_13.76_37.63_-21.81_1.12_0.5192_0.5073_-0.5303_-0.4381end0.20_9.32_-0.33_33.12_-46.11_13.09_38.31_-22.19_0.25_0.5192_0.5073_-0.5303_-0.4381end0.20_9.32_-0.33_32.34_-40.96_12.31_38.31_-22.19_0.25_0.5176_0,24.1293564,120.7289394,115.69999694824219
4080,,24.1293564,120.7289394,115.69999694824219
4081,.5034_-0.5305_-0.4442end0.35_9.34_-0.43_32.34_-40.96_12.31_37.25_-20.44_0.25_0.5172_0.5021_-0.5305_-0.4461end0.48_9.35_-0.42_32.34_-40.96_12.31_37.25_-20.44_0.25_0.5168_0.5009_-0.5304_-0.4479end,24.1293564,120.7289394,115.69999694824219
4082,,24.1293564,120.7289394,115.69999694824219
4083,,24.1293564,120.7289394,115.69999694824219
4084,,24.1293564,120.7289394,115.69999694824219
4085,,24.1293564,120.7289394,115.69999694824219
4086,,24.1293564,120.7289394,115.69999694824219
4087,,24.1293564,120.7289394,115.69999694824219
4088,,24.1293564,120.7289394,115.69999694824219
4089,0.50_9.37_-0.41_31.67_-35.14_11.08_37.25_-20.44_0.25_0.5168_0.5009_-0.5304_-0.4479end0.50_9.37_-0.41_31.67_-35.14_11.08_36.50_-21.50_0.25_0.5158_0.4974_-0.5302_-0.4532end0.38_9.37_-0.48_31.67_-35.14_11.08_36.50_-21.50_0.25_0.5154_0.4962_-0.5303_-0.4550end0.33_9.38_-0.56_31.67_-35.14_11.08_37.63_-21.50_-0.25_0.5154_0.4962_-0.5303_-0.4550end0.33_9.40_-0.60_30.89_-39.61_9.29_37.63_-21.50_-0.25_0.5154_0.4962_-0.5303_-0.4550end0.33_9.40_-0.60_30.55_-38.16_8.73_37.63_-21.50_-0.25_0.5138_0.4911_-0.5304_-0.4620end0.41_9.44_-0.71_30.55_-38.16_8.73_38.31_-22.19_0.25_0.5135_0.4899_-0.5304_-0.4637end0.46_9.46_-0.70_30.55_-38.16_8.73_38.31_-22.19_0.25_0.5135_0.4899_-0.5304_-0.4637end0.37_9.48_-0.88_30.55_-38.16_8.73_38.31_-22.19_0.25_0.5130_0.4876_-0.5303_-0.4667end0.37_9.48_-0.88_28.65_-28.76_6.60_38.31_-22.19_0.25_0.5126_0.4854_-0.5302_-0.4695end,24.1293564,120.7289394,115.69999694824219
4090,,24.1293564,120.7289394,115.69999694824219
4091,0.09_9.46_-1.18_28.65_-28.76_6.60_38.31_-22.19_0.25_0.5126_0.4854_-0.5302_-0.4695end0.02_9.44_-1.31_28.65_-28.76_6.60_38.31_-22.19_0.25_0.5126_0.4835_-0.5298_-0.4721end-0.09_9.51_-1.36_27.19_-15.55_4.81_38.31_-22.19_0.25_0.5126_0.4835_-0.5298_-0.4721end-0.09_9.51_-1.36_27.19_-15.55_4.81_38.31_-22.19_0.25_0.5129_0.4810_-0.5288_-0.4753end-0.18_9.51_-1.41_27.19_-15.55_4.81_38.31_-22.19_0.25_0.5131_0.4802_-0.5284_-0.4764end-0.28_9.53_-1.44_27.19_-15.55_4.81_36.88_-21.50_-1.19_0.5131_0.4802_-0.5284_-0.4764end-0.38_9.55_-1.55_24.62_-10.63_4.14_36.88_-21.50_-1.19_0.5131_0.4802_-0.5284_-0.4764end-0.38_9.55_-1.55_24.62_-10.63_4.14_38.69_-22.19_0.25_0.5136_0.4780_-0.5273_-0.4792end-0.38_9.55_-1.55_23.28_-8.73_3.69_38.69_-22.19_0.25_0.5139_0.4774_-0.5270_-0.4800end-0.57_9.56_-1.71_23.28_-8.73_3.69_38.00_-21.81_0.25_0.5139_0.4774_-0.5270_-0.4800end,24.1293564,120.7289394,115.69999694824219
4092,,24.1293564,120.7289394,115.69999694824219
4093,,24.1293564,120.7289394,115.69999694824219
4094,,24.1293564,120.7289394,115.69999694824219
4095,,24.1293564,120.7289394,115.69999694824219
4096,,24.1293564,120.7289394,115.69999694824219
4097,,24.1293564,120.7289394,115.69999694824219
4098,-0.61_9.59_-1.83_23.28_-8.73_3.69_38.00_-21.81_0.25_0.5139_0.4774_-0.5270_-0.4800end-0.68_9.60_-1.90_23.28_-8.73_3.69_38.00_-21.81_0.25_0.5139_0.4774_-0.5270_-0.4800end-0.68_9.60_-1.90_23.28_-8.73_3.69_38.00_-21.81_0.25_0.5150_0.4736_-0.5248_-0.4848end-0.75_9.57_-1.99_23.28_-8.73_3.69_38.00_-21.81_0.25_0.5150_0.4730_-0.5246_-0.4857end-0.81_9.63_-2.04_23.28_-8.73_3.69_38.00_-21.81_0.25_0.5150_0.4730_-0.5246_-0.4857end-0.83_9.61_-2.02_18.13_-17.01_4.36_38.00_-21.81_0.25_0.5150_0.4730_-0.5246_-0.4857end-0.83_9.61_-2.02_17.79_-18.46_4.48_38.00_-21.81_0.25_0.5150_0.4709_-0.5241_-0.4882end-0.83_9.61_-2.02_17.79_-18.46_4.48_37.25_-21.87_-2.12_0.5147_0.4695_-0,24.1293564,120.7289394,115.69999694824219
4099,.5240_-0.4900end-0.89_9.67_-1.93_17.79_-18.46_4.48_37.25_-21.87_-2.12_0.5145_0.4688_-0.5240_-0.4909end-0.85_9.65_-1.92_15.67_-24.84_4.59_37.25_-21.87_-2.12_0.5145_0.4688_-0.5240_-0.4909end,24.1293564,120.7289394,115.69999694824219
4100,,24.1293564,120.7289394,115.69999694824219
4101,,24.1293564,120.7289394,115.69999694824219
4102,,24.1293564,120.7289394,115.69999694824219
4103,,24.1293564,120.7289394,115.69999694824219
4104,,24.1293564,120.7289394,115.69999694824219
4105,,24.1293564,120.7289394,115.69999694824219
4106,-0.85_9.65_-1.92_15.67_-24.84_4.59_37.25_-21.87_-2.12_0.5136_0.4664_-0.5242_-0.4938end-0.89_9.67_-1.95_15.67_-24.84_4.59_36.88_-21.87_-0.75_0.5136_0.4664_-0.5242_-0.4938end-0.83_9.67_-1.94_14.21_-30.44_4.70_37.94_-22.19_-0.75_0.5127_0.4648_-0.5247_-0.4958end-0.83_9.67_-1.94_13.76_-31.89_4.59_37.94_-22.19_-0.75_0.5121_0.4639_-0.5249_-0.4969end-0.83_9.67_-1.94_13.09_-34.80_4.70_37.94_-22.56_-1.19_0.5116_0.4630_-0.5253_-0.4980end-0.83_9.67_-1.94_13.09_-34.80_4.70_37.94_-22.56_-1.19_0.5104_0.4611_-0.5260_-0.5002end-0.53_9.71_-1.55_13.09_-34.80_4.70_37.94_-22.56_-1.19_0.5096_0.4601_-0.5265_-0.5014end-0.46_9.70_-1.51_11.75_-39.84_4.92_37.25_-21.50_-1.19_0.50,24.1293564,120.7289394,115.69999694824219
4107,96_0.4601_-0.5265_-0.5014end-0.43_9.71_-1.39_11.30_-40.85_4.59_37.25_-21.50_-1.19_0.5096_0.4601_-0.5265_-0.5014end-0.35_9.74_-1.28_11.30_-40.85_4.59_37.25_-21.50_-1.19_0.5065_0.4559_-0.5286_-0.5062end,24.1293564,120.7289394,115.69999694824219
4108,,24.1293564,120.7289394,115.69999694824219
4109,,24.1293564,120.7289394,115.69999694824219
4110,,24.1293564,120.7289394,115.69999694824219
4111,,24.1293564,120.7289394,115.69999694824219
4112,,24.1293564,120.7289394,115.69999694824219
4113,-0.30_9.71_-1.28_11.30_-40.85_4.59_36.88_-22.56_-2.12_0.5057_0.4548_-0.5291_-0.5074end-0.24_9.76_-1.12_10.74_-36.59_4.14_36.88_-22.56_-2.12_0.5057_0.4548_-0.5291_-0.5074end-0.24_9.76_-1.12_10.74_-36.59_4.14_36.88_-22.56_-2.12_0.5035_0.4519_-0.5305_-0.5107end-0.19_9.70_-0.89_10.74_-36.59_4.14_36.88_-22.25_-3.00_0.5029_0.4510_-0.5309_-0.5117end-0.21_9.73_-0.87_10.07_-31.00_3.58_36.88_-22.25_-3.00_0.5029_0.4510_-0.5309_-0.5117end-0.23_9.75_-0.60_10.07_-31.00_3.58_36.88_-22.25_-3.00_0.5017_0.4493_-0.5317_-0.5135end-0.23_9.75_-0.60_10.07_-31.00_3.58_37.56_-22.25_-3.50_0.5012_0.4485_-0.5320_-0.5145end-0.32_9.74_-0.47_10.07_-31.00_3.58_37.56_-22.25_-3.50_0.5004_0.4471_-0.5324_-0.5161end-0.33_9.77_-0.40_9.51_-19.25_2.69_37.56_-22.25_-3.50_0.5000_0.4465_-0.5326_-0.5168end-0.42_9.76_-0.35_9.51_-19.25_2.69_37.56_-22.25_-3.50_0.4997_0.4459_-0.5327_-0.5175end,24.1293564,120.7289394,115.69999694824219
4114,,24.1293564,120.7289394,115.69999694824219
4115,,24.1293564,120.7289394,115.69999694824219
4116,,24.1293564,120.7289394,115.69999694824219
4117,,24.1293564,120.7289394,115.69999694824219
4118,,24.1293564,120.7289394,115.69999694824219
4119,,24.1293564,120.7289394,115.69999694824219
4120,-0.41_9.76_-0.29_9.51_-19.25_2.69_36.88_-22.25_-3.00_0.4997_0.4459_-0.5327_-0.5175end-0.43_9.73_-0.29_9.51_-19.25_2.69_36.50_-22.25_-2.12_0.4993_0.4448_-0.5328_-0.5187end-0.49_9.75_-0.26_9.40_-11.30_2.80_36.50_-22.25_-2.12_0.4990_0.4439_-0.5327_-0.5197end-0.54_9.76_-0.21_9.40_-11.30_2.80_36.50_-22.25_-2.12_0.4990_0.4435_-0.5327_,24.1293564,120.7289394,115.69999694824219
4121,-0.5202end-0.60_9.76_-0.20_9.51_-7.39_2.46_36.50_-22.25_-2.12_0.4990_0.4435_-0.5327_-0.5202end-0.60_9.76_-0.20_9.51_-7.39_2.46_38.31_-22.87_-3.50_0.4990_0.4435_-0.5327_-0.5202end-0.66_9.77_-0.17_9.85_-5.37_2.69_38.31_-22.87_-3.50_0.4990_0.4435_-0.5327_-0.5202end-0.76_9.77_-0.14_9.85_-5.37_2.69_38.31_-22.87_-3.50_0.4989_0.4419_-0.5319_-0.5223end-0.74_9.77_-0.12_9.85_-5.37_2.69_38.31_-22.87_-3.50_0.4990_0.4416_-0.5317_-0.5228end-0.74_9.77_-0.12_10.07_-3.36_2.35_38.31_-22.87_-3.50_0.4991_0.4411_-0.5313_-0.5236end,24.1293564,120.7289394,115.69999694824219
4122,,24.1293564,120.7289394,115.69999694824219
4123,,24.1293564,120.7289394,115.69999694824219
4124,,24.1293564,120.7289394,115.69999694824219
4125,,24.1293564,120.7289394,115.69999694824219
4126,,24.1293564,120.7289394,115.69999694824219
4127,,24.1293564,120.7289394,115.69999694824219
4128,-0.76_9.72_-0.07_10.07_-3.36_2.35_38.31_-22.87_-3.50_0.4991_0.4408_-0.5311_-0.5239end-0.81_9.74_-0.09_10.07_-3.36_2.35_38.31_-22.87_-3.50_0.4991_0.4408_-0.5311_-0.5239end-0.81_9.74_-0.09_10.07_-3.36_2.35_38.31_-22.87_-3.50_0.4993_0.4399_-0.5303_-0.5251end-0.86_9.75_-0.03_10.07_-3.36_2.35_38.31_-22.87_-3.50_0.4994_0.4397_-0.5302_-0.5256end-0.83_9.76_-0.08_10.07_-3.36_2.35_38.31_-22.87_-3.50_0.4994_0.4397_-0.5302_-0.5256end-0.76_9.73_0.00_10.07_-3.36_2.35_38.31_-22.87_-3.50_0.4994_0.4397_-0.5302_-0.5256end-0.76_9.73_0.00_10.07_-3.36_2.35_37.19_-22.87_-2.62_0.4996_0.4384_-0.5292_-0.5273end-0.64_9.77_0.06_10.07_-3.36_2.35_37.19_-22.87_-2.62_0.4996_0.4380_-,24.1293564,120.7289394,115.69999694824219
4129,0.5290_-0.5278end-0.62_9.76_0.09_10.07_-3.36_2.35_36.13_-23.87_-2.12_0.4996_0.4380_-0.5290_-0.5278end-0.60_9.75_0.11_12.53_-6.15_3.02_36.13_-23.87_-2.12_0.4996_0.4380_-0.5290_-0.5278end,24.1293564,120.7289394,115.69999694824219
4130,,24.1293564,120.7289394,115.69999694824219
4131,,24.1293564,120.7289394,115.69999694824219
4132,,24.1293564,120.7289394,115.69999694824219
4133,,24.1293564,120.7289394,115.69999694824219
4134,,24.1293564,120.7289394,115.69999694824219
4135,-0.60_9.75_0.11_12.53_-6.15_3.02_36.13_-23.87_-2.12_0.4997_0.4370_-0.5283_-0.5294end-0.60_9.75_0.11_12.53_-6.15_3.02_36.13_-23.87_-2.12_0.4998_0.4362_-0.5278_-0.5304end-0.53_9.71_0.16_13.32_-6.49_3.36_36.13_-23.87_-2.12_0.4998_0.4358_-0.5276_-0.5309end-0.51_9.71_0.11_13.32_-6.49_3.36_36.13_-23.87_-2.12_0.4998_0.4358_-0.5276_-0.5,24.1293564,120.7289394,115.69999694824219
4136,309end-0.51_9.69_0.10_13.32_-6.49_3.36_36.50_-23.19_-2.62_0.4998_0.4358_-0.5276_-0.5309end-0.46_9.71_0.09_14.21_-7.61_3.02_36.50_-23.19_-2.62_0.4998_0.4358_-0.5276_-0.5309end-0.40_9.74_0.11_13.99_-7.50_3.02_36.50_-23.19_-2.62_0.5000_0.4337_-0.5264_-0.5338end-0.38_9.73_0.12_13.99_-7.50_3.02_36.50_-23.19_-2.62_0.5001_0.4332_-0.5261_-0.5343end-0.28_9.70_0.15_13.99_-7.50_3.02_36.50_-23.19_-2.62_0.5001_0.4332_-0.5261_-0.5343end-0.29_9.71_0.15_15.00_-6.83_2.91_36.50_-23.19_-2.62_0.5001_0.4332_-0.5261_-0.5343end,24.1293564,120.7289394,115.69999694824219
4137,,24.1293564,120.7289394,115.69999694824219
4138,,24.1293564,120.7289394,115.69999694824219
4139,,24.1293564,120.7289394,115.69999694824219
4140,,24.1293564,120.7289394,115.69999694824219
4141,,24.1293564,120.7289394,115.69999694824219
4142,,24.1293564,120.7289394,115.69999694824219
4143,,24.1293564,120.7289394,115.69999694824219
4144,-0.29_9.71_0.15_15.33_-5.15_2.80_37.56_-23.19_-2.12_0.5002_0.4318_-0.5253_-0.5361end-0.30_9.69_0.02_15.33_-5.15_2.80_37.56_-23.19_-2.12_0.5004_0.4310_-0.5247_-0.5372end-0.30_9.69_0.02_16.00_-4.70_2.57_36.13_-22.19_-0.75_0.5005_0.4305_-0.5244_-0.5377end-0.32_9.69_0.02_16.00_-4.70_2.57_36.13_-22.19_-0.75_0.5005_0.4305_-0.5244_-0.5377end-0.32_9.68_0.00_16.00_-4.70_2.57_36.13_-23.19_-2.12_0.5005_0.4305_-0.5244_-0.5377end-0.32_9.68_0.00_16.00_-4.70_2.57_36.13_-23.19_-2.12_0.5013_0.4289_-0.5228_-0.5399end-0.34_9.70_0.02_16.00_-4.70_2.57_36.13_-23.19_-2.12_0.5015_0.4285_-0.5224_-0.5403end-0.31_9.69_-0.02_16.00_-4.70_2.57_36.13_-23.19_-2.12_0.5018_0.4282_-0.5219_-0.5408end-0.39_9.64_-0.00_18.35_2.91_2.35_36.13_-23.19_-2.12_0.5021_0.4278_-0.5214_-0.5413end-0.39_9.64_-0.00_18.35_2.91_2.35_36.88_-22.56_-2.12_0.5028_0.4272_-0.5203_-0.5422end,24.1293564,120.7289394,115.69999694824219
4145,,24.1293564,120.7289394,115.69999694824219
4146,,24.1293564,120.7289394,115.69999694824219
4147,,24.1293564,120.7289394,115.69999694824219
4148,,24.1293564,120.7289394,115.69999694824219
4149,,24.1293564,120.7289394,115.69999694824219
4150,-0.39_9.68_-0.07_18.35_2.91_2.35_36.88_-22.56_-2.12_0.5032_0.4269_-0.5197_-0.5426end-0.41_9.63_-0.08_18.35_2.91_2.35_36.88_-22.56_-2.12_0.5032_0.4269_-0.5197_-0.5426end-0.41_9.63_-0.10_19.58_7.39_2.13_36.88_-22.56_-2.12_0.5032_0.4269_-0.5197_-0.5426end-0.41_9.63_-0.10_19.58_7.39_2.13_36.88_-22.56_-2.12_0.5046_0.4262_-0.5177_-0.5438end-0.43_9.63_-0.02_19.58_7.39_2.13_36.88_-22.56_-2.12_0.5046_0.4262_-0.5177_-0.5438end-0.48_9.65_0.02_19.58_7.39_2.13_36.88_-22.56_-2.12_0.5063_0.4257_-0.5154_-0.5448end-0.48_9.59_0.02_20.93_12.87_2.13_36.88_-22.56_-2.12_0.5063_0.4257_-0.5154_-0.5448end-0.50_9.64_-0.00_21.15_13.65_2.13_36.88_-22.56_-2.12_0.5082_0.4254_-0.512,24.1293564,120.7289394,115.69999694824219
4151,8_-0.5457end-0.56_9.61_-0.00_21.82_14.77_2.24_36.88_-22.56_-2.12_0.5090_0.4252_-0.5119_-0.5460end-0.59_9.59_-0.04_21.82_14.77_2.24_36.88_-22.56_-2.12_0.5096_0.4251_-0.5110_-0.5463end,24.1293564,120.7289394,115.69999694824219
4152,,24.1293564,120.7289394,115.69999694824219
4153,,24.1293564,120.7289394,115.69999694824219
4154,,24.1293564,120.7289394,115.69999694824219
4155,,24.1293564,120.7289394,115.69999694824219
4156,-0.59_9.63_-0.00_21.82_14.77_2.24_36.88_-22.56_-2.12_0.5104_0.4250_-0.5100_-0.5466end-0.62_9.59_-0.00_21.82_14.77_2.24_36.50_-22.87_-1.25_0.5104_0.4250_-0.5100_-0.5466end-0.62_9.59_-0.00_23.39_15.55_2.46_36.50_-22.87_-1.25_0.5126_0.4247_-0.5071_-0.5475end-0.70_9.59_0.16_23.39_15.55_2.46_36.13_-23.19_-0.25_0.5133_0.4246_-0.5062_-,24.1293564,120.7289394,115.69999694824219
4157,0.5478end-0.77_9.54_0.27_24.62_16.11_2.80_36.13_-23.19_-0.25_0.5133_0.4246_-0.5062_-0.5478end-0.77_9.56_0.25_24.62_16.11_2.80_36.13_-23.56_-1.69_0.5133_0.4246_-0.5062_-0.5478end-0.80_9.51_0.25_25.85_17.12_3.47_36.13_-23.56_-1.69_0.5133_0.4246_-0.5062_-0.5478end-0.80_9.51_0.25_25.85_17.12_3.47_36.13_-23.56_-1.69_0.5172_0.4240_-0.5009_-0.5494end-0.80_9.51_0.23_25.85_17.12_3.47_36.13_-23.56_-1.69_0.5179_0.4238_-0.4998_-0.5498end-0.81_9.49_0.23_25.85_17.12_3.47_36.13_-23.56_-1.69_0.5179_0.4238_-0.4998_-0.5498end,24.1293564,120.7289394,115.69999694824219
4158,,24.1293564,120.7289394,115.69999694824219
4159,,24.1293564,120.7289394,115.69999694824219
4160,,24.1293564,120.7289394,115.69999694824219
4161,,24.1293564,120.7289394,115.69999694824219
4162,,24.1293564,120.7289394,115.69999694824219
4163,,24.1293564,120.7289394,115.69999694824219
4164,-0.81_9.49_0.23_27.86_15.55_3.92_36.13_-23.50_0.13_0.5179_0.4238_-0.4998_-0.5498end-0.81_9.49_0.23_28.42_14.77_4.25_36.13_-23.50_0.13_0.5203_0.4233_-0.4964_-0.5510end-0.81_9.49_0.23_28.76_14.32_4.25_36.13_-23.50_0.13_0.5211_0.4231_-0.4953_-0.5515end-0.81_9.49_0.23_28.76_14.32_4.25_36.13_-23.50_0.13_0.5225_0.4226_-0.4931_-0.5525end-0.83_9.41_0.13_28.76_14.32_4.25_35.38_-23.50_1.56_0.5225_0.4226_-0.4931_-0.5525end-0.78_9.39_0.04_28.76_14.32_4.25_35.38_-23.50_1.56_0.5239_0.4221_-0.4909_-0.5535end-0.77_9.40_0.02_30.66_10.63_5.15_35.38_-23.50_1.56_0.5239_0.4221_-0.4909_-0.5535end-0.76_9.36_0.00_31.33_9.62_5.15_35.38_-23.50_1.56_0.5259_0.4210_-0.4876_-0.5554end-0.80_9.34_-0.08_31.33_9.62_5.15_35.38_-23.50_1.56_0.5266_0.4205_-0.4865_-0.5560end-0.75_9.31_-0.10_32.68_6.15_6.04_35.38_-23.50_1.56_0.5266_0.4205_-0.4865_-0.5560end,24.1293564,120.7289394,115.69999694824219
4165,,24.1293564,120.7289394,115.69999694824219
4166,,24.1293564,120.7289394,115.69999694824219
4167,,24.1293564,120.7289394,115.69999694824219
4168,,24.1293564,120.7289394,115.69999694824219
4169,,24.1293564,120.7289394,115.69999694824219
4170,,24.1293564,120.7289394,115.69999694824219
4171,-0.72_9.31_-0.14_32.68_6.15_6.04_35.38_-23.50_1.56_0.5284_0.4191_-0.4832_-0.5582end-0.74_9.30_-0.15_32.68_6.15_6.04_35.38_-23.50_1.56_0.5291_0.4186_-0.4822_-0.5590end-0.70_9.30_-0.18_32.68_6.15_6.04_35.38_-23.50_1.56_0.5291_0.4186_-0.4822_-0.5590end-0.70_9.22_-0.20_34.58_7.50_6.27_35.38_-23.50_1.56_0.5291_0.4186_-0.4822_-0.5590end-0.70_9.22_-0.20_34.58_7.50_6.27_35.38_-23.50_1.56_0.5316_0.4166_-0.4775_-0.5620end-0.76_9.02_-0.50_34.58_7.50_6.27_35.38_-23.50_1.56_0.5316_0.4166_-0.4775_-0.5620end-0.77_9.01_-0.60_35.92_9.29_7.27_35.38_-23.50_1.56_0.5316_0.4166_-0.4775_-0.5620end-0.77_9.01_-0.60_35.92_9.29_7.27_35.38_-23.50_1.56_0.5336_0.4152_-0.4738_-0.564,24.1293564,120.7289394,115.69999694824219
4172,2end-0.77_9.01_-0.60_35.92_9.29_7.27_35.38_-23.50_1.56_0.5350_0.4142_-0.4713_-0.5658end-0.64_11.09_-0.89_35.92_9.29_7.27_35.38_-23.50_1.56_0.5357_0.4138_-0.4699_-0.5666end,24.1293564,120.7289394,115.69999694824219
4173,,24.1293564,120.7289394,115.69999694824219
4174,,24.1293564,120.7289394,115.69999694824219
4175,,24.1293564,120.7289394,115.69999694824219
4176,,24.1293564,120.7289394,115.69999694824219
4177,,24.1293564,120.7289394,115.69999694824219
4178,,24.1293564,120.7289394,115.69999694824219
4179,-0.71_9.16_-1.26_35.92_9.29_7.27_35.38_-23.50_1.56_0.5364_0.4133_-0.4686_-0.5674end-0.58_9.31_-0.30_38.94_6.27_8.28_35.75_-24.19_2.44_0.5364_0.4133_-0.4686_-0.5674end-0.42_8.88_-1.09_39.06_5.93_8.50_35.75_-24.19_2.44_0.5377_0.4120_-0.4659_-0.5692end-0.42_8.88_-1.09_39.28_7.05_8.50_35.75_-24.19_2.44_0.5389_0.4109_-0.4634_-0.5709end-0.23_9.33_-1.32_39.28_7.05_8.50_35.75_-24.19_2.44_0.5396_0.4103_-0.4620_-0.5718end-0.08_9.26_-1.99_39.28_7.05_8.50_35.38_-24.19_2.44_0.5396_0.4103_-0.4620_-0.5718end-0.02_9.01_-1.91_40.17_5.15_8.39_35.38_-24.19_2.44_0.5396_0.4103_-0.4620_-0.5718end-0.02_9.01_-1.91_40.17_5.15_8.39_36.13_-24.50_3.81_0.5420_0.4077_-0.4570_-0.5754end0.21_8.95_-2.59_39.73_-0.67_8.84_36.13_-24.50_3.81_0.5420_0.4077_-0.4570_-0.5754end0.39_8.87_-3.11_39.73_-0.67_8.84_36.13_-24.50_3.81_0.5430_0.4062_-0.4547_-0.5775end,24.1293564,120.7289394,115.69999694824219
4180,,24.1293564,120.7289394,115.69999694824219
4181,,24.1293564,120.7289394,115.69999694824219
4182,,24.1293564,120.7289394,115.69999694824219
4183,,24.1293564,120.7289394,115.69999694824219
4184,,24.1293564,120.7289394,115.69999694824219
4185,,24.1293564,120.7289394,115.69999694824219
4186,0.46_8.88_-3.16_39.39_0.67_8.17_36.13_-24.50_3.81_0.5430_0.4062_-0.4547_-0.5775end0.46_8.88_-3.16_39.28_1.23_7.83_36.13_-24.50_3.81_0.5446_0.4040_-0.4512_-0.5803end0.63_8.87_-3.49_39.28_1.34_7.16_36.13_-24.50_3.81_0.5451_0.4032_-0.4500_-0.5812end0.73_8.89_-3.61_39.28_1.34_7.16_36.13_-24.50_3.81_0.5451_0.4032_-0.4500_-0.5812end0.74_8.87_-3.69_38.61_1.34_6.83_35.44_-24.19_3.37_0.5451_0.4032_-0.4500_-0.5812end0.74_8.87_-3.69_38.61_1.34_6.83_36.19_-24.12_5.19_0.5467_0.4010_-0.4466_-0.5839end0.74_8.87_-3.69_38.61_1.34_6.83_36.19_-24.12_5.19_0.5478_0.3996_-0.4442_-0.5856end0.77_8.78_-3.80_37.60_7.83_5.93_36.19_-24.12_5.19_0.5484_0.3990_-0.4430_-0.5864end0.78,24.1293564,120.7289394,115.69999694824219
4187,_8.88_-3.87_37.60_7.83_5.93_36.19_-24.12_5.19_0.5484_0.3990_-0.4430_-0.5864end0.86_8.76_-3.92_37.60_7.83_5.93_36.19_-24.12_5.19_0.5499_0.3980_-0.4403_-0.5877end,24.1293564,120.7289394,115.69999694824219
4188,,24.1293564,120.7289394,115.69999694824219
4189,,24.1293564,120.7289394,115.69999694824219
4190,,24.1293564,120.7289394,115.69999694824219
4191,,24.1293564,120.7289394,115.69999694824219
4192,,24.1293564,120.7289394,115.69999694824219
4193,0.86_8.76_-3.92_37.60_7.83_5.93_35.44_-24.50_4.31_0.5516_0.3973_-0.4373_-0.5887end0.81_8.68_-3.89_37.60_7.83_5.93_35.44_-24.50_4.31_0.5526_0.3972_-0.4358_-0.5891end0.72_7.76_-4.07_37.60_7.83_5.93_35.44_-24.50_4.31_0.5526_0.3972_-0.4358_-0.5891end0.72_5.98_-3.89_35.47_37.49_4.03_35.44_-24.50_4.31_0.5546_0.3970_-0.4324_-0.5897end0.72_5.98_-3.89_35.47_37.49_4.03_35.44_-24.50_4.31_0.5571_0.3975_-0.4286_-0.5899end0.70_7.77_-4.26_35.47_37.49_4.03_35.44_-24.50_4.31_0.5585_0.3978_-0.4265_-0.5899end1.35_11.79_-4.48_35.47_37.49_4.03_35.44_-24.50_4.31_0.5585_0.3978_-0.4265_-0.5899end1.35_11.79_-4.48_38.27_44.76_3.58_35.81_-24.12_6.56_0.5585_0.3978_-0.4265_-0.5899,24.1293564,120.7289394,115.69999694824219
4194,end0.86_9.11_-3.00_37.94_44.20_3.69_35.81_-24.12_6.56_0.5627_0.3987_-0.4200_-0.5899end0.86_9.11_-3.00_32.01_49.80_3.69_35.81_-24.12_6.56_0.5654_0.3995_-0.4158_-0.5897end,24.1293564,120.7289394,115.69999694824219
4195,,24.1293564,120.7289394,115.69999694824219
4196,,24.1293564,120.7289394,115.69999694824219
4197,,24.1293564,120.7289394,115.69999694824219
4198,,24.1293564,120.7289394,115.69999694824219
4199,,24.1293564,120.7289394,115.69999694824219
4200,,24.1293564,120.7289394,115.69999694824219
4201,0.51_8.91_-3.54_31.00_58.53_2.91_35.81_-24.12_6.56_0.5654_0.3995_-0.4158_-0.5897end0.51_8.91_-3.54_30.10_65.13_1.90_35.81_-24.12_6.56_0.5654_0.3995_-0.4158_-0.5897end0.34_8.67_-4.21_30.10_65.13_1.90_35.81_-24.12_6.56_0.5718_0.4032_-0.4062_-0.5878end0.48_8.83_-4.96_30.10_65.13_1.90_35.81_-24.12_6.56_0.5718_0.4032_-0.4062_-0.5878end0.46_8.92_-4.70_33.24_57.18_4.25_34.69_-24.44_9.31_0.5718_0.4032_-0.4062_-0.5878end0.16_8.76_-4.46_33.68_52.60_4.92_34.69_-24.44_9.31_0.5718_0.4032_-0.4062_-0.5878end-0.15_8.78_-4.28_33.68_52.60_4.92_34.69_-24.44_9.31_0.5792_0.4067_-0.3945_-0.5861end-0.36_8.96_-3.88_33.68_52.60_4.92_34.69_-24.44_9.31_0.5806_0.4074_-0.3922_-0.5858end-0.20_9.03_-3.98_29.99_50.81_4.48_34.69_-24.44_9.31_0.5806_0.4074_-0.3922_-0.5858end-0.03_8.80_-4.05_29.99_50.81_4.48_34.69_-24.44_9.31_0.5842_0.4091_-0.3860_-0.5851end,24.1293564,120.7289394,115.69999694824219
4202,,24.1293564,120.7289394,115.69999694824219
4203,,24.1293564,120.7289394,115.69999694824219
4204,,24.1293564,120.7289394,115.69999694824219
4205,,24.1293564,120.7289394,115.69999694824219
4206,,24.1293564,120.7289394,115.69999694824219
4207,,24.1293564,120.7289394,115.69999694824219
4208,,24.1293564,120.7289394,115.69999694824219
4209,-0.03_8.80_-4.05_29.99_50.81_4.48_34.75_-23.69_10.69_0.5851_0.4092_-0.3844_-0.5851end-0.18_8.77_-4.52_29.99_50.81_4.48_34.75_-23.69_10.69_0.5851_0.4092_-0.3844_-0.5851end-0.21_8.77_-4.48_28.54_11.41_6.38_34.75_-23.69_10.69_0.5851_0.4092_-0.3844_-0.5851end-0.21_8.77_-4.48_28.54_11.41_6.38_34.75_-23.69_10.69_0.5874_0.4081_-0.3796_-0.5867end0.46_8.70_-4.32_28.54_11.41_6.38_34.75_-23.69_10.69_0.5878_0.4077_-0.3788_-0.5873end0.66_8.70_-4.34_27.98_-4.14_7.83_34.75_-23.69_10.69_0.5878_0.4077_-0.3788_-0.5873end0.52_8.76_-4.29_27.98_-7.83_8.28_34.75_-23.69_10.69_0.5878_0.4077_-0.3788_-0.5873end0.52_8.76_-4.29_27.98_-7.83_8.28_34.75_-23.69_10.69_0.5884_0.4055_-0.3766_-0.5895end0.59_8.68_-4.19_27.98_-7.83_8.28_34.75_-23.69_10.69_0.5886_0.4037_-0.3755_-0.5912end0.59_8.68_-4.19_26.41_-13.76_7.39_34.00_-24.00_12.06_0.5886_0.4029_-0.3750_-0.5921end,24.1293564,120.7289394,115.69999694824219
4210,,24.1293564,120.7289394,115.69999694824219
4211,,24.1293564,120.7289394,115.69999694824219
4212,,24.1293564,120.7289394,115.69999694824219
4213,,24.1293564,120.7289394,115.69999694824219
4214,,24.1293564,120.7289394,115.69999694824219
4215,,24.1293564,120.7289394,115.69999694824219
4216,,24.1293564,120.7289394,115.69999694824219
4217,,24.1293564,120.7289394,115.69999694824219
4218,0.78_8.67_-4.38_25.63_-14.66_6.94_35.81_-24.69_11.69_0.5886_0.4029_-0.3750_-0.5921end0.89_8.66_-4.35_26.07_-16.11_6.60_35.81_-24.69_11.69_0.5887_0.4001_-0.3738_-0.5947end1.04_8.65_-4.31_26.07_-16.11_6.60_35.81_-24.69_11.69_0.5887_0.3990_-0.3734_-0.5956end1.14_8.64_-4.24_26.07_-16.11_6.60_35.81_-24.69_11.69_0.5887_0.3990_-0.3734_,24.1293564,120.7289394,115.69999694824219
4219,-0.5956end1.12_8.64_-4.25_26.07_-16.11_6.60_35.13_-24.00_11.69_0.5887_0.3990_-0.3734_-0.5956end1.12_8.64_-4.25_25.74_-18.24_6.60_35.13_-24.00_11.69_0.5886_0.3959_-0.3725_-0.5984end1.12_8.66_-4.10_25.74_-18.24_6.60_35.13_-24.00_11.69_0.5886_0.3938_-0.3718_-0.6002end1.12_8.66_-4.10_25.74_-18.24_6.60_34.06_-25.06_11.19_0.5886_0.3928_-0.3715_-0.6010end1.28_8.62_-4.15_25.74_-18.24_6.60_34.06_-25.06_11.19_0.5886_0.3928_-0.3715_-0.6010end1.43_8.59_-4.29_25.74_-18.24_6.60_34.06_-25.06_11.19_0.5886_0.3928_-0.3715_-0.6010end,24.1293564,120.7289394,115.69999694824219
4220,,24.1293564,120.7289394,115.69999694824219
4221,,24.1293564,120.7289394,115.69999694824219
4222,,24.1293564,120.7289394,115.69999694824219
4223,,24.1293564,120.7289394,115.69999694824219
4224,,24.1293564,120.7289394,115.69999694824219
4225,,24.1293564,120.7289394,115.69999694824219
4226,1.43_8.59_-4.29_25.51_-19.81_4.14_34.06_-25.06_11.19_0.5887_0.3898_-0.3705_-0.6035end1.43_8.59_-4.29_25.51_-19.81_4.14_34.06_-25.06_11.19_0.5888_0.3876_-0.3701_-0.6051end1.49_8.57_-4.36_25.51_-19.81_4.14_34.06_-24.00_11.69_0.5888_0.3865_-0.3698_-0.6060end1.48_8.54_-4.30_25.51_-19.81_4.14_34.06_-24.00_11.69_0.5889_0.3855_-0.3694_,24.1293564,120.7289394,115.69999694824219
4227,-0.6068end1.48_8.53_-4.22_25.85_-14.44_2.46_34.06_-24.00_11.69_0.5889_0.3855_-0.3694_-0.6068end1.49_8.54_-4.19_25.85_-14.44_2.46_34.06_-24.00_11.69_0.5894_0.3827_-0.3682_-0.6088end1.59_8.53_-4.07_25.85_-14.44_2.46_34.06_-24.00_11.69_0.5894_0.3827_-0.3682_-0.6088end1.59_8.53_-4.07_26.41_4.25_0.34_34.06_-24.00_11.69_0.5906_0.3806_-0.3661_-0.6101end1.61_8.48_-4.05_26.41_4.25_0.34_34.06_-24.00_11.69_0.5912_0.3801_-0.3652_-0.6104end1.61_8.42_-4.02_26.41_4.25_0.34_35.50_-23.31_13.06_0.5912_0.3801_-0.3652_-0.6104end,24.1293564,120.7289394,115.69999694824219
4228,,24.1293564,120.7289394,115.69999694824219
4229,,24.1293564,120.7289394,115.69999694824219
4230,,24.1293564,120.7289394,115.69999694824219
4231,,24.1293564,120.7289394,115.69999694824219
4232,,24.1293564,120.7289394,115.69999694824219
4233,,24.1293564,120.7289394,115.69999694824219
4234,,24.1293564,120.7289394,115.69999694824219
4235,,24.1293564,120.7289394,115.69999694824219
4236,,24.1293564,120.7289394,115.69999694824219
4237,,24.1293564,120.7289394,115.69999694824219
4238,,24.1293564,120.7289394,115.69999694824219
4239,,24.1293564,120.7289394,115.69999694824219
4240,,24.1293564,120.7289394,115.69999694824219
4241,,24.1293564,120.7289394,115.69999694824219
4242,,24.1293564,120.7289394,115.69999694824219
4243,1.49_8.45_-3.99_27.31_17.57_-0.45_34.00_-24.69_13.06_0.5912_0.3801_-0.3652_-0.6104end1.49_8.45_-3.99_26.86_22.49_-0.90_34.00_-24.69_13.06_0.5933_0.3793_-0.3619_-0.6109end1.49_8.45_-3.99_27.64_27.64_-1.01_35.13_-23.62_13.06_0.5941_0.3793_-0.3605_-0.6109end0.99_8.42_-3.84_27.75_31.89_-1.23_35.13_-23.62_13.06_0.5961_0.3795_-0.3574_,24.1293564,120.7289394,115.69999694824219
4244,-0.6106end0.76_8.46_-3.80_27.75_31.89_-1.23_35.13_-22.31_12.63_0.5961_0.3795_-0.3574_-0.6106end0.76_8.46_-3.80_27.75_31.89_-1.23_35.13_-22.31_12.63_0.5984_0.3801_-0.3539_-0.6100end0.76_8.46_-3.80_27.75_31.89_-1.23_35.13_-22.31_12.63_0.5995_0.3804_-0.3522_-0.6097end0.40_8.38_-3.74_27.75_31.89_-1.23_35.13_-22.31_12.63_0.5995_0.3804_-0.3522_-0.6097end0.29_8.43_-3.77_27.75_31.89_-1.23_34.75_-23.69_12.56_0.6030_0.3813_-0.3467_-0.6089end0.16_8.36_-3.80_27.75_31.89_-1.23_34.75_-23.69_12.56_0.6030_0.3813_-0.3467_-0.6089end-0.09_8.36_-3.87_27.75_31.89_-1.23_34.75_-23.69_12.56_0.6030_0.3813_-0.3467_-0.6089end-0.09_8.36_-3.87_29.66_29.99_-0.45_34.13_-22.94_15.81_0.6063_0.3819_-0.3416_-0.6083end-0.09_8.36_-3.87_30.10_28.09_-0.45_34.13_-22.94_15.81_0.6082_0.3820_-0.3384_-0.6081end-0.21_8.28_-3.91_30.10_28.09_-0.45_34.13_-22.94_15.81_0.6082_0.3820_-0.3,24.1293564,120.7289394,115.69999694824219
4245,,24.1293564,120.7289394,115.69999694824219
4246,,24.1293564,120.7289394,115.69999694824219
4247,384_-0.6081end-0.21_8.27_-3.92_30.10_28.09_-0.45_34.13_-22.94_15.81_0.6100_0.3817_-0.3354_-0.6081end-0.20_8.20_-3.97_29.99_21.60_0.56_34.13_-22.94_15.81_0.6100_0.3817_-0.3354_-0.6081end-0.17_8.21_-3.94_31.00_18.13_1.57_34.13_-22.94_15.81_0.6116_0.3813_-0.3325_-0.6082end-0.19_8.21_-3.90_31.00_18.13_1.57_34.13_-22.94_15.81_0.6132_0.3807_-0.3298_-0.6085end-0.18_8.16_-3.89_31.00_18.13_1.57_34.13_-22.56_15.81_0.6139_0.3804_-0.3285_-0.6088end-0.13_8.16_-3.70_31.00_18.13_1.57_34.13_-22.56_15.81_0.6139_0.3804_-0.3285_-0.6088end-0.10_8.10_-3.69_32.12_11.08_2.80_34.75_-23.25_16.81_0.6139_0.3804_-0.3285_-0.6088end-0.12_8.10_-3.67_32.23_9.62_2.91_34.75_-23.25_15.31_0.6139_0.3804_-0.3285_-0.6088end-0.06_8.04_-3.63_32.56_7.95_2.91_34.75_-23.25_15.31_0.6171_0.3777_-0.3223_-0.6104end0.02_8.00_-3.71_32.56_7.95_2.91_34.75_-23.25_15.31_0.6176_0.3771_-0.3212_-0.6,24.1293564,120.7289394,115.69999694824219
4248,109end0.04_8.03_-3.80_32.56_7.95_2.91_34.75_-23.25_15.31_0.6176_0.3771_-0.3212_-0.6109end0.09_7.96_-3.84_32.56_7.95_2.91_34.13_-22.31_16.31_0.6176_0.3771_-0.3212_-0.6109end0.09_7.96_-3.84_32.56_7.95_2.91_34.13_-22.31_16.31_0.6194_0.3739_-0.3173_-0.6131end0.27_7.92_-4.26_32.56_7.95_2.91_34.13_-22.31_16.31_0.6198_0.3730_-0.3163_-0.6137end0.37_7.92_-4.29_32.56_7.95_2.91_33.38_-22.94_16.31_0.6202_0.3720_-0.3155_-0.6143end0.44_7.93_-4.47_34.47_-6.38_4.81_33.38_-22.94_16.31_0.6202_0.3720_-0.3155_-0.6143end,24.1293564,120.7289394,115.69999694824219
4249,,24.1293564,120.7289394,115.69999694824219
4250,,24.1293564,120.7289394,115.69999694824219
4251,,24.1293564,120.7289394,115.69999694824219
4252,,24.1293564,120.7289394,115.69999694824219
4253,0.44_7.93_-4.47_34.47_-6.38_4.81_33.38_-22.94_16.31_0.6213_0.3690_-0.3129_-0.6163end0.66_7.86_-4.98_34.47_-6.38_4.81_33.38_-22.94_16.31_0.6216_0.3679_-0.3121_-0.6171end0.73_7.87_-5.47_34.47_-6.38_4.81_33.38_-22.94_16.31_0.6216_0.3679_-0.3121_-0.6171end0.80_7.87_-6.09_32.56_-12.76_3.47_33.38_-22.94_16.31_0.6216_0.3679_-0.3121_-0.,24.1293564,120.7289394,115.69999694824219
4254,6171end0.89_7.94_-6.57_32.56_-12.76_3.47_33.38_-22.94_16.31_0.6227_0.3633_-0.3097_-0.6199end0.99_9.12_-6.95_32.56_-12.76_3.47_33.38_-22.94_16.31_0.6229_0.3619_-0.3094_-0.6207end0.96_15.66_-7.89_32.56_-12.76_3.47_33.38_-22.94_16.31_0.6231_0.3604_-0.3092_-0.6215end1.92_15.91_-8.28_32.56_-12.76_3.47_33.38_-22.94_16.31_0.6232_0.3588_-0.3092_-0.6223end2.50_15.51_-9.08_30.89_-41.29_-1.23_33.38_-22.94_16.31_0.6231_0.3549_-0.3098_-0.6244end2.78_15.84_-8.99_30.89_-41.29_-1.23_33.38_-22.94_16.31_0.6228_0.3524_-0.3105_-0.6257end,24.1293564,120.7289394,115.69999694824219
4255,,24.1293564,120.7289394,115.69999694824219
4256,,24.1293564,120.7289394,115.69999694824219
4257,,24.1293564,120.7289394,115.69999694824219
4258,,24.1293564,120.7289394,115.69999694824219
4259,,24.1293564,120.7289394,115.69999694824219
4260,,24.1293564,120.7289394,115.69999694824219
4261,2.18_19.11_-9.38_30.89_-41.29_-1.23_33.38_-22.94_16.31_0.6228_0.3524_-0.3105_-0.6257end0.14_18.74_-7.82_27.86_-65.02_1.79_33.38_-22.94_16.31_0.6228_0.3524_-0.3105_-0.6257end0.14_18.74_-7.82_27.86_-65.02_1.79_34.44_-21.62_14.50_0.6212_0.3435_-0.3140_-0.6304end1.04_19.57_-6.76_27.86_-65.02_1.79_34.44_-21.62_14.50_0.6213_0.3423_-0.3143_-0.6309end1.04_19.57_-6.76_8.39_-11.64_-9.29_34.75_-22.62_14.44_0.6213_0.3423_-0.3143_-0.6309end1.39_18.12_-6.86_4.92_-10.41_-8.95_34.75_-22.62_14.44_0.6218_0.3409_-0.3148_-0.6310end1.39_18.12_-6.86_-0.78_-11.30_-8.73_34.75_-22.62_14.44_0.6218_0.3409_-0.3148_-0.6310end0.63_16.96_-7.33_-0.78_-11.30_-8.73_34.75_-22.62_14.44_0.6220_0.3400_-0.3155_-0.6309end0.40_16.46_-7.14_-4.70_-5.71_-12.76_34.75_-22.62_14.44_0.6223_0.3393_-0.3163_-0.6305end0.39_16.31_-6.82_-4.70_-5.71_-12.76_34.75_-22.62_14.44_0.6227_0.3389_-0.3173_-0.6298end,24.1293564,120.7289394,115.69999694824219
4262,,24.1293564,120.7289394,115.69999694824219
4263,,24.1293564,120.7289394,115.69999694824219
4264,,24.1293564,120.7289394,115.69999694824219
4265,,24.1293564,120.7289394,115.69999694824219
4266,,24.1293564,120.7289394,115.69999694824219
4267,,24.1293564,120.7289394,115.69999694824219
4268,0.66_16.16_-6.47_-4.70_-5.71_-12.76_34.75_-22.62_14.44_0.6229_0.3387_-0.3179_-0.6294end0.75_15.95_-5.88_-4.70_-5.71_-12.76_34.75_-22.62_14.44_0.6231_0.3385_-0.3187_-0.6290end0.72_15.77_-5.43_-4.70_-5.71_-12.76_34.75_-22.62_14.44_0.6231_0.3385_-0.3187_-0.6290end0.56_15.66_-5.45_-18.02_-28.20_-14.88_34.75_-22.62_14.44_0.6231_0.3385_-0.3187_-0.6290end0.42_15.50_-5.70_-18.02_-28.20_-14.88_34.75_-22.62_14.44_0.6226_0.3368_-0.3237_-0.6279end0.27_15.10_-6.04_-18.02_-28.20_-14.88_34.75_-22.62_14.44_0.6223_0.3365_-0.3253_-0.6274end0.50_14.70_-6.09_-18.02_-28.20_-14.88_34.75_-22.62_14.44_0.6223_0.3365_-0.3253_-0.6274end0.70_14.41_-6.23_-30.10_-16.11_-18.24_34.75,24.1293564,120.7289394,115.69999694824219
4269,_-22.62_14.44_0.6223_0.3365_-0.3253_-0.6274end0.58_14.28_-6.55_-32.23_-15.55_-17.90_34.75_-22.62_14.44_0.6223_0.3365_-0.3253_-0.6274end0.42_14.19_-6.73_-32.23_-15.55_-17.90_35.50_-22.00_13.56_0.6213_0.3374_-0.3330_-0.6238end,24.1293564,120.7289394,115.69999694824219
4270,,24.1293564,120.7289394,115.69999694824219
4271,,24.1293564,120.7289394,115.69999694824219
4272,,24.1293564,120.7289394,115.69999694824219
4273,,24.1293564,120.7289394,115.69999694824219
4274,,24.1293564,120.7289394,115.69999694824219
4275,0.31_14.18_-6.71_-32.23_-15.55_-17.90_35.88_-21.62_14.00_0.6212_0.3377_-0.3347_-0.6230end0.28_14.22_-6.39_-32.23_-15.55_-17.90_35.88_-21.62_14.00_0.6212_0.3377_-0.3347_-0.6230end0.44_14.31_-5.88_-32.23_-15.55_-17.90_35.88_-21.62_14.00_0.6206_0.3386_-0.3381_-0.6212end0.46_14.32_-5.77_-45.99_-19.14_-19.92_35.88_-21.62_14.00_0.6206_0.3386_-0.3381_-0.6212end0.46_14.32_-5.77_-45.99_-19.14_-19.92_35.88_-21.62_14.00_0.6193_0.3400_-0.3445_-0.6183end0.08_13.87_-6.48_-45.99_-19.14_-19.92_35.88_-21.62_14.00_0.6187_0.3407_-0.3468_-0.6172end0.04_13.68_-6.64_-58.19_-14.88_-20.59_35.88_-21.62_14.00_0.6187_0.3407_-0.3468_-0.6172end-0.19_13.32_-6.74_-61.10_-9.18_-20.37,24.1293564,120.7289394,115.69999694824219
4276,_35.88_-21.62_14.00_0.6187_0.3407_-0.3468_-0.6172end-0.19_13.32_-6.74_-64.12_-2.80_-20.70_35.88_-21.31_12.25_0.6187_0.3407_-0.3468_-0.6172end-0.19_13.32_-6.74_-64.12_-2.80_-20.70_35.88_-21.31_12.25_0.6163_0.3470_-0.3574_-0.6099end,24.1293564,120.7289394,115.69999694824219
4277,,24.1293564,120.7289394,115.69999694824219
4278,,24.1293564,120.7289394,115.69999694824219
4279,,24.1293564,120.7289394,115.69999694824219
4280,,24.1293564,120.7289394,115.69999694824219
4281,,24.1293564,120.7289394,115.69999694824219
4282,-0.53_12.80_-6.52_-73.52_11.30_-20.03_35.13_-21.62_13.13_0.6160_0.3489_-0.3594_-0.6080end-0.68_12.36_-6.29_-73.52_11.30_-20.03_35.13_-21.62_13.13_0.6155_0.3511_-0.3614_-0.6060end-0.91_11.82_-6.01_-73.52_11.30_-20.03_35.88_-21.31_12.25_0.6155_0.3511_-0.3614_-0.6060end-0.91_11.82_-6.01_-83.37_11.30_-18.24_35.88_-21.31_12.25_0.6138,24.1293564,120.7289394,115.69999694824219
4283,_0.3580_-0.3677_-0.5999end-1.30_10.76_-6.20_-83.37_11.30_-18.24_35.88_-21.31_12.25_0.6130_0.3603_-0.3701_-0.5978end-1.27_10.60_-6.20_-93.22_3.36_-17.90_35.88_-21.31_12.25_0.6130_0.3603_-0.3701_-0.5978end-1.11_10.39_-6.11_-95.90_-0.56_-17.90_35.88_-21.31_12.25_0.6130_0.3603_-0.3701_-0.5978end-1.11_10.39_-6.11_-95.90_-0.56_-17.90_35.88_-21.31_12.25_0.6086_0.3695_-0.3813_-0.5896end-0.64_10.07_-5.58_-95.90_-0.56_-17.90_35.88_-21.31_12.25_0.6071_0.3716_-0.3846_-0.5876end-0.70_9.81_-5.37_-95.90_-0.56_-17.90_35.88_-21.31_12.25_0.6071_0.3716_-0.3846_-0.5876end,24.1293564,120.7289394,115.69999694824219
4284,,24.1293564,120.7289394,115.69999694824219
4285,,24.1293564,120.7289394,115.69999694824219
4286,,24.1293564,120.7289394,115.69999694824219
4287,,24.1293564,120.7289394,115.69999694824219
4288,,24.1293564,120.7289394,115.69999694824219
4289,,24.1293564,120.7289394,115.69999694824219
4290,-0.78_9.63_-5.41_-95.90_-0.56_-17.90_35.88_-21.31_12.25_0.6035_0.3759_-0.3920_-0.5838end-0.78_9.63_-5.41_-118.73_-23.16_-13.54_35.88_-21.31_12.25_0.5995_0.3803_-0.3997_-0.5798end-0.51_8.93_-5.23_-118.73_-23.16_-13.54_35.88_-21.31_12.25_0.5975_0.3828_-0.4035_-0.5777end-0.31_8.45_-5.06_-118.73_-23.16_-13.54_36.19_-21.69_9.00_0.5975_0.3828_-0.4035_-0.5777end-0.40_8.05_-4.95_-118.73_-23.16_-13.54_36.19_-21.69_9.00_0.5955_0.3852_-0.4073_-0.5755end-0.46_7.65_-4.77_-118.73_-23.16_-13.54_36.19_-21.69_9.00_0.5890_0.3936_-0.4188_-0.5681end-0.40_7.23_-4.55_-118.73_-23.16_-13.54_36.19_-21.69_9.00_0.5868_0.3967_-0.4226_-0.5654end-0.40_7.23_-4.55_-138.54_-9.62_-13.20_36.19_-23.06_7.06_0.5868_0.3967_-0.4226_-0.5654end-0.40_7.23_-4.55_-141.11_-8.95_-12.76_36.19_-23.06_7.06_0.5799_0.4064_-0.4343_-0.5568end-0.24_6.75_-4.23_-141.11_-8.95_-12.76_36.19_-23.06_7.06_0.5774_0.4099_-0.4384_-0.5536end,24.1293564,120.7289394,115.69999694824219
4291,,24.1293564,120.7289394,115.69999694824219
4292,,24.1293564,120.7289394,115.69999694824219
4293,,24.1293564,120.7289394,115.69999694824219
4294,,24.1293564,120.7289394,115.69999694824219
4295,,24.1293564,120.7289394,115.69999694824219
4296,,24.1293564,120.7289394,115.69999694824219
4297,-0.36_6.16_-3.87_-141.11_-8.95_-12.76_36.94_-22.69_6.62_0.5774_0.4099_-0.4384_-0.5536end-0.27_5.78_-3.59_-141.11_-8.95_-12.76_36.94_-22.69_6.62_0.5774_0.4099_-0.4384_-0.5536end-0.24_5.56_-3.50_-153.87_-10.52_-13.09_37.25_-22.75_4.37_0.5774_0.4099_-0.4384_-0.5536end-0.09_5.23_-3.14_-155.55_-11.30_-13.20_37.25_-22.75_4.37_0.5640_0.4271_-0.4589_-0.5375end-0.13_5.00_-2.73_-155.55_-11.30_-13.20_37.25_-22.75_4.37_0.5611_0.4305_-0.4631_-0.5342end-0.17_4.90_-2.63_-161.48_-16.79_-12.87_37.25_-22.75_4.37_0.5611_0.4305_-0.4631_-0.5342end-0.23_4.88_-2.41_-161.48_-16.79_-12.87_36.88_-22.75_4.37_0.5611_0.4305_-0.4631_-0.5342end-0.23_4.88_-2.41_-163.27_-18.46_-13.09_36.88_-22.75_4.37_0.5516_0.4406_-0.4764_-0.5240end-0.23_4.88_-2.41_-168.08_-23.39_-13.32_36.88_-22.75_4.37_0.5449_0.4472_-0.4855_-0.5171end-0.03_4.94_-1.73_-168.08_-23.39_-13.32_36.88_-22.75_4.37_0.5413_0.4506_-0.4901_-0.5135end,24.1293564,120.7289394,115.69999694824219
4298,,24.1293564,120.7289394,115.69999694824219
4299,,24.1293564,120.7289394,115.69999694824219
4300,,24.1293564,120.7289394,115.69999694824219
4301,,24.1293564,120.7289394,115.69999694824219
4302,,24.1293564,120.7289394,115.69999694824219
4303,,24.1293564,120.7289394,115.69999694824219
4304,-0.12_5.01_-1.53_-171.22_-27.64_-13.09_36.88_-22.75_4.37_0.5413_0.4506_-0.4901_-0.5135end-0.12_5.01_-1.53_-171.22_-27.64_-13.09_36.50_-21.81_2.00_0.5302_0.4602_-0.5042_-0.5029end-0.25_5.03_-1.30_-171.22_-27.64_-13.09_37.56_-22.50_-2.12_0.5265_0.4634_-0.5087_-0.4992end-0.25_5.03_-1.21_-171.22_-27.64_-13.09_37.56_-22.50_-2.12_0.5265_0.4634_-0.5087_-0.4992end0.23_5.06_-0.91_-173.45_-24.40_-13.99_37.56_-22.50_-2.12_0.5265_0.4634_-0.5087_-0.4992end0.23_5.06_-0.91_-173.45_-24.40_-13.99_37.25_-21.19_-2.56_0.5150_0.4731_-0.5224_-0.4878end0.23_5.06_-0.91_-174.46_-31.00_-13.09_37.25_-21.19_-2.56_0.5068_0.4791_-0.5317_-0.4804end0.23_5.06_-0.91_-174.35_-39.95_-10.41_37.25_-21.19_-2.56_0.5068_0.4791_-0.5317_-0.4804end-0.20_5.09_-0.43_-174.01_-40.17_-10.41_37.25_-21.19_-2.56_0.5068_0.4791_-0.5317_-0.4804end-0.20_5.09_-0.43_-174.01_-40.17_-10.41_37.25_-21.19_-2.56_0.4938_0.4879_-0.5457_-0.4695end,24.1293564,120.7289394,115.69999694824219
4305,,24.1293564,120.7289394,115.69999694824219
4306,,24.1293564,120.7289394,115.69999694824219
4307,,24.1293564,120.7289394,115.69999694824219
4308,,24.1293564,120.7289394,115.69999694824219
4309,,24.1293564,120.7289394,115.69999694824219
4310,0.07_4.76_0.41_-174.01_-40.17_-10.41_37.25_-21.19_-2.56_0.4852_0.4935_-0.5546_-0.4622end0.28_4.84_1.17_-173.12_-34.47_-10.97_37.25_-21.19_-2.56_0.4852_0.4935_-0.5546_-0.4622end0.28_4.75_1.20_-173.12_-34.47_-10.97_37.19_-20.88_-3.94_0.4718_0.5018_-0.5678_-0.4507end0.13_4.65_0.93_-173.12_-34.47_-10.97_37.19_-19.87_-5.31_0.4673_0.5,24.1293564,120.7289394,115.69999694824219
4311,045_-0.5721_-0.4470end0.04_4.52_0.63_-173.12_-34.47_-10.97_37.19_-19.87_-5.31_0.4628_0.5073_-0.5764_-0.4430end0.11_3.97_0.48_-173.12_-34.47_-10.97_37.19_-19.87_-5.31_0.4586_0.5099_-0.5803_-0.4391end0.11_3.97_0.48_-168.31_-15.67_-10.74_37.19_-19.87_-5.31_0.4546_0.5128_-0.5841_-0.4350end0.11_3.97_0.48_-166.52_-10.30_-11.08_37.19_-20.94_-6.19_0.4546_0.5128_-0.5841_-0.4350end0.11_3.97_0.48_-165.73_-5.37_-11.30_37.19_-20.94_-6.19_0.4433_0.5214_-0.5947_-0.4220end-0.29_3.63_1.48_-165.73_-5.37_-11.30_37.19_-20.94_-6.19_0.4397_0.5244_-0.5980_-0.4172end,24.1293564,120.7289394,115.69999694824219
4312,,24.1293564,120.7289394,115.69999694824219
4313,,24.1293564,120.7289394,115.69999694824219
4314,,24.1293564,120.7289394,115.69999694824219
4315,,24.1293564,120.7289394,115.69999694824219
4316,,24.1293564,120.7289394,115.69999694824219
4317,,24.1293564,120.7289394,115.69999694824219
4318,-0.64_3.14_1.39_-162.15_12.09_-12.09_37.56_-20.25_-7.56_0.4397_0.5244_-0.5980_-0.4172end-0.68_3.01_1.31_-160.36_17.46_-12.87_37.56_-20.25_-7.56_0.4303_0.5335_-0.6066_-0.4029end-0.66_2.85_1.34_-160.36_17.46_-12.87_37.56_-20.25_-7.56_0.4273_0.5366_-0.6093_-0.3978end-0.87_2.73_1.62_-160.36_17.46_-12.87_37.56_-20.25_-7.56_0.4273_0.5366_-0.6093_-0.3978end-1.02_2.72_1.74_-153.53_20.93_-13.20_37.56_-18.56_-10.31_0.4273_0.5366_-0.6093_-0.3978end-1.02_2.72_1.74_-150.07_18.24_-12.98_37.56_-18.56_-10.31_0.4273_0.5366_-0.6093_-0.3978end-1.15_2.72_1.94_-150.07_18.24_-12.98_37.56_-17.56_-11.25_0.4273_0.5366_-0.6093_-0.3978end-1.16_2.67_2.09_-146.48_18.24_-13.32_37.56_-17.56_-11.25_0.4273_0.5366_-0.6093_-0.3978end-1.16_2.67_2.09_-146.48_18.24_-13.32_38.31_-18.25_-10.75_0.4100_0.5534_-0.6241_-0.3688end-1.16_2.67_2.09_-142.46_19.47_-12.98_38.31_-18.25_-10.75_0.4044_0.5585_-0.6288_-0.3595end,24.1293564,120.7289394,115.69999694824219
4319,,24.1293564,120.7289394,115.69999694824219
4320,,24.1293564,120.7289394,115.69999694824219
4321,,24.1293564,120.7289394,115.69999694824219
4322,,24.1293564,120.7289394,115.69999694824219
4323,,24.1293564,120.7289394,115.69999694824219
4324,,24.1293564,120.7289394,115.69999694824219
4325,-0.96_2.49_2.16_-142.46_19.47_-12.98_38.31_-18.25_-10.75_0.4017_0.5609_-0.6309_-0.3549end-1.00_2.51_2.16_-142.46_19.47_-12.98_38.69_-17.87_-9.88_0.3964_0.5658_-0.6350_-0.3456end-1.41_2.42_2.58_-133.06_26.52_-12.42_38.69_-17.87_-9.88_0.3964_0.5658_-0.6350_-0.3456end-1.57_2.46_2.79_-133.06_26.52_-12.42_39.06_-16.87_-10.75_0.3915_0.5706_-0.6387_-0.3364end-1.57_2.46_2.79_-125.11_31.11_-11.64_39.06_-16.87_-10.75_0.3893_0.5728_-0.6404_-0.3319end-2.16_2.49_3.21_-125.11_31.11_-11.64_39.75_-16.19_-12.06_0.3893_0.5728_-0.6404_-0.3319end-2.46_2.47_3.20_-125.11_31.11_-11.64_39.75_-16.19_-12.06_0.3829_0.5795_-0.6450_-0.3187end-2.52_2.47_3.12_-116.27_18.24_-9.06_39.,24.1293564,120.7289394,115.69999694824219
4326,75_-16.19_-12.06_0.3829_0.5795_-0.6450_-0.3187end-2.52_2.47_3.12_-116.27_18.24_-9.06_39.75_-16.19_-12.06_0.3753_0.5850_-0.6499_-0.3076end-2.68_2.61_3.00_-116.27_18.24_-9.06_39.75_-16.19_-12.06_0.3723_0.5864_-0.6517_-0.3047end,24.1293564,120.7289394,115.69999694824219
4327,,24.1293564,120.7289394,115.69999694824219
4328,,24.1293564,120.7289394,115.69999694824219
4329,,24.1293564,120.7289394,115.69999694824219
4330,,24.1293564,120.7289394,115.69999694824219
4331,,24.1293564,120.7289394,115.69999694824219
4332,,24.1293564,120.7289394,115.69999694824219
4333,-2.59_3.07_2.73_-116.27_18.24_-9.06_39.75_-16.19_-12.06_0.3723_0.5864_-0.6517_-0.3047end-2.59_3.07_2.73_-98.25_-55.62_0.90_39.38_-14.81_-13.94_0.3723_0.5864_-0.6517_-0.3047end-2.59_3.07_2.73_-94.56_-71.73_3.47_39.38_-14.81_-13.94_0.3723_0.5864_-0.6517_-0.3047end-2.59_3.07_2.73_-90.64_-85.50_5.82_39.38_-14.81_-13.94_0.3557_0.5898_-0.6603_-0.2991end-1.54_4.05_1.45_-90.64_-85.50_5.82_39.38_-14.81_-13.94_0.3508_0.5903_-0.6627_-0.2991end-1.54_4.05_1.45_-90.64_-85.50_5.82_38.25_-15.56_-16.69_0.3403_0.5908_-0.6673_-0.2997end-0.40_4.73_1.43_-90.64_-85.50_5.82_38.25_-15.56_-16.69_0.3304_0.5911_-0.6716_-0.3006end-0.19_4.88_1.21_-66.02_-73.86_13.09_38.25_-15.56_-,24.1293564,120.7289394,115.69999694824219
4334,16.69_0.3260_0.5914_-0.6733_-0.3008end0.32_4.95_0.78_-61.21_-58.30_13.20_38.25_-15.56_-16.69_0.3260_0.5914_-0.6733_-0.3008end0.33_5.00_0.72_-61.21_-58.30_13.20_38.25_-15.56_-16.69_0.3192_0.5923_-0.6760_-0.3006end,24.1293564,120.7289394,115.69999694824219
4335,,24.1293564,120.7289394,115.69999694824219
4336,,24.1293564,120.7289394,115.69999694824219
4337,,24.1293564,120.7289394,115.69999694824219
4338,,24.1293564,120.7289394,115.69999694824219
4339,,24.1293564,120.7289394,115.69999694824219
4340,0.33_5.00_0.72_-44.43_-1.01_13.20_36.44_-14.56_-17.56_0.3167_0.5930_-0.6768_-0.3000end-0.80_4.34_2.36_-44.43_-1.01_13.20_36.44_-14.56_-17.56_0.3167_0.5930_-0.6768_-0.3000end-0.97_4.21_2.55_-44.43_-1.01_13.20_37.19_-14.19_-17.19_0.3167_0.5930_-0.6768_-0.3000end-1.14_4.16_2.67_-44.43_-1.01_13.20_37.19_-14.19_-17.19_0.3123_0.5978_-0.6770_-0.2944end-1.31_4.21_2.71_-44.43_-1.01_13.20_37.19_-14.19_-17.19_0.3115_0.5985_-0.6769_-0.2941end-1.31_4.73_2.56_-44.43_-1.01_13.20_37.19_-14.19_-17.19_0.3105_0.5989_-0.6769_-0.2945end-0.92_5.28_2.48_-44.43_-1.01_13.20_37.19_-14.19_-17.19_0.3105_0.5989_-0.6769_-0.2945end-0.40_6.00_2.38_-44.43_-1.01_13.20_37.19_-14.19_-17.19_0.3074_0.5989_-0.6771_-0.2974end-0.40_6.00_2.38_23.84_-78.22_23.95_37.50_-14.56_-18.56_0.3054_0.5984_-0.6772_-0.2999end-0.40_6.00_2.38_23.84_-78.22_23.95_37.50_-14.56_-18.56_0.3014_0.5970_-0.6776_-0.3059end,24.1293564,120.7289394,115.69999694824219
4341,,24.1293564,120.7289394,115.69999694824219
4342,,24.1293564,120.7289394,115.69999694824219
4343,,24.1293564,120.7289394,115.69999694824219
4344,,24.1293564,120.7289394,115.69999694824219
4345,,24.1293564,120.7289394,115.69999694824219
4346,,24.1293564,120.7289394,115.69999694824219
4347,0.64_7.51_1.66_23.84_-78.22_23.95_37.50_-14.56_-18.56_0.2996_0.5962_-0.6776_-0.3094end1.30_8.67_0.98_23.84_-78.22_23.95_36.81_-14.56_-19.06_0.2996_0.5962_-0.6776_-0.3094end1.51_8.82_0.89_23.84_-78.22_23.95_36.81_-14.94_-19.44_0.2969_0.5933_-0.6763_-0.3201end1.74_8.79_0.88_73.97_-34.80_20.81_36.06_-15.63_-18.56_0.2971_0.5924_-0.6754_-0.3235end1.95_8.65_1.16_73.97_-34.80_20.81_36.06_-15.63_-18.56_0.2971_0.5924_-0.6754_-0.3235end1.96_8.54_1.18_90.87_-9.06_18.80_36.06_-15.63_-18.56_0.2971_0.5924_-0.6754_-0.3235end1.88_8.48_1.19_99.60_0.67_18.02_36.06_-15.63_-18.56_0.2971_0.5924_-0.6754_-0.3235end1.88_8.48_1.19_99.60_0.67_18.02_36.06_-15.63_-18.56_0.3040_0.,24.1293564,120.7289394,115.69999694824219
4348,5890_-0.6691_-0.3363end1.88_8.48_1.19_99.60_0.67_18.02_36.06_-15.63_-18.56_0.3068_0.5881_-0.6669_-0.3395end-5.39_54.09_-27.82_99.60_0.67_18.02_36.06_-15.63_-18.56_0.3068_0.5881_-0.6669_-0.3395end,24.1293564,120.7289394,115.69999694824219
4349,,24.1293564,120.7289394,115.69999694824219
4350,,24.1293564,120.7289394,115.69999694824219
4351,,24.1293564,120.7289394,115.69999694824219
4352,,24.1293564,120.7289394,115.69999694824219
4353,,24.1293564,120.7289394,115.69999694824219
4354,,24.1293564,120.7289394,115.69999694824219
4355,12.77_-11.33_29.66_132.50_-277.64_54.16_36.06_-15.63_-18.56_0.3068_0.5881_-0.6669_-0.3395end12.77_-11.33_29.66_192.48_12.42_32.90_36.06_-15.63_-18.56_0.3133_0.5771_-0.6595_-0.3659end-31.21_30.68_78.43_192.48_12.42_32.90_34.94_-18.37_-18.19_0.3133_0.5771_-0.6595_-0.3659end-2.27_3.50_49.11_-213.74_71.96_-6.38_34.94_-18.37_-18.19_0.3221_0.5804_-0.6531_-0.3645end-2.27_3.50_49.11_-213.74_71.96_-6.38_34.94_-17.31_-18.12_0.3265_0.5856_-0.6532_-0.3518end5.70_-2.02_-23.23_-213.74_71.96_-6.38_34.94_-17.31_-18.12_0.3265_0.5856_-0.6532_-0.3518end7.96_2.52_-14.34_-213.74_71.96_-6.38_34.94_-17.31_-18.12_0.3171_0.5852_-0.6615_-0.3455end10.80_4.18_-31.92_-213.74_71.96,24.1293564,120.7289394,115.69999694824219
4356,_-6.38_34.94_-17.31_-18.12_0.3114_0.5812_-0.6639_-0.3527end4.89_7.20_-12.26_-213.74_71.96_-6.38_36.06_-16.31_-18.56_0.3036_0.5718_-0.6652_-0.3721end2.70_6.05_-10.35_-213.74_71.96_-6.38_34.94_-17.37_-20.88_0.3053_0.5685_-0.6631_-0.3793end,24.1293564,120.7289394,115.69999694824219
4357,,24.1293564,120.7289394,115.69999694824219
4358,,24.1293564,120.7289394,115.69999694824219
4359,,24.1293564,120.7289394,115.69999694824219
4360,,24.1293564,120.7289394,115.69999694824219
4361,,24.1293564,120.7289394,115.69999694824219
4362,3.80_9.30_12.47_-213.74_71.96_-6.38_34.94_-17.37_-20.88_0.3101_0.5675_-0.6600_-0.3823end2.84_14.17_38.02_-213.74_71.96_-6.38_34.94_-17.37_-20.88_0.3101_0.5675_-0.6600_-0.3823end-2.71_12.53_46.43_49.46_264.21_-14.55_34.94_-18.69_-16.81_0.3101_0.5675_-0.6600_-0.3823end-1.08_8.32_17.47_-26.97_312.66_-24.28_34.94_-18.69_-16.81_0.3420_0.5794_-0.6451_-0.3622end-3.79_5.86_11.21_-26.97_312.66_-24.28_36.44_-18.69_-16.31_0.3506_0.5849_-0.6416_-0.3511end4.92_5.10_-4.55_-26.97_312.66_-24.28_36.44_-18.69_-16.31_0.3506_0.5849_-0.6416_-0.3511end-1.86_6.38_-16.19_22.94_105.53_-0.11_36.44_-18.69_-16.31_0.3506_0.5849_-0.6416_-0.3511end-1.86_6.38_-16.19_51.70_48.34_8.28_36.44_-18.69_-16.31_0.3677_0.5950_-0.6336_-0.3306end-1.86_6.38_-16.19_82.03_7.95_15.44_36.44_-18.69_-16.31_0.3732_0.5953_-0.6299_-0.3309end-0.89_6.20_-11.94_82.03_7.95_15.44_36.44_-18.69_-16.31_0.3752_0.5942_-0.6283_-0.3339end,24.1293564,120.7289394,115.69999694824219
4363,,24.1293564,120.7289394,115.69999694824219
4364,,24.1293564,120.7289394,115.69999694824219
4365,,24.1293564,120.7289394,115.69999694824219
4366,,24.1293564,120.7289394,115.69999694824219
4367,,24.1293564,120.7289394,115.69999694824219
4368,,24.1293564,120.7289394,115.69999694824219
4369,-4.95_9.94_12.04_82.03_7.95_15.44_36.44_-18.69_-16.31_0.3752_0.5942_-0.6283_-0.3339end4.35_9.28_13.02_83.37_0.34_10.18_37.56_-18.62_-12.13_0.3752_0.5942_-0.6283_-0.3339end4.35_9.28_13.02_83.37_0.34_10.18_37.19_-18.25_-11.69_0.3824_0.5899_-0.6230_-0.3430end4.35_9.28_13.02_83.37_0.34_10.18_37.19_-18.25_-11.69_0.3870_0.5885_-0.6203_-0.3452end-3.39_9.03_15.52_83.37_0.34_10.18_37.19_-18.25_-11.69_0.3890_0.5891_-0.6193_-0.3437end1.55_7.23_3.43_-11.64_84.49_-9.85_37.19_-18.25_-11.69_0.3890_0.5891_-0.6193_-0.3437end1.62_7.38_0.71_-17.01_74.86_-5.37_37.19_-18.25_-11.69_0.3890_0.5891_-0.6193_-0.3437end1.62_7.38_0.71_14.44_31.00_5.82_37.19_-18.25_-11.69_0.3957_0.,24.1293564,120.7289394,115.69999694824219
4370,5929_-0.6156_-0.3361end0.95_7.40_-2.46_14.44_31.00_5.82_37.19_-18.25_-11.69_0.3957_0.5929_-0.6156_-0.3361end-0.78_6.78_-5.77_14.44_31.00_5.82_37.19_-18.25_-11.69_0.3988_0.5930_-0.6132_-0.3367end,24.1293564,120.7289394,115.69999694824219
4371,,24.1293564,120.7289394,115.69999694824219
4372,,24.1293564,120.7289394,115.69999694824219
4373,,24.1293564,120.7289394,115.69999694824219
4374,,24.1293564,120.7289394,115.69999694824219
4375,,24.1293564,120.7289394,115.69999694824219
4376,-0.24_7.61_-2.05_66.47_39.17_7.39_37.19_-18.25_-11.69_0.3988_0.5930_-0.6132_-0.3367end-1.53_7.77_-0.89_85.72_61.10_4.14_37.19_-18.25_-11.69_0.3988_0.5930_-0.6132_-0.3367end-1.53_7.77_-0.89_85.72_61.10_4.14_38.31_-18.87_-8.50_0.4113_0.5914_-0.6047_-0.3397end0.56_8.89_8.86_85.72_61.10_4.14_38.31_-18.87_-8.50_0.4147_0.5911_-0.6025_-0.3400end-3.37_10.21_15.92_85.72_61.10_4.14_38.31_-18.87_-8.50_0.4147_0.5911_-0.6025_-0.3400end-1.27_9.50_16.43_85.72_61.10_4.14_37.94_-19.94_-8.50_0.4210_0.5913_-0.5982_-0.3394end-1.20_8.75_7.35_85.72_61.10_4.14_37.94_-19.94_-8.50_0.4262_0.5928_-0.5947_-0.3364end0.00_8.59_4.30_85.72_61.10_4.14_39.44_-18.50_-7.12_0.4283_0.5937_-0.5932_-0.3350end0.55_7.91_-0.51_85.72_61.10_4.14_39.44_-18.50_-7.12_0.4283_0.5937_-0.5932_-0.3350end1.05_7.68_-2.73_85.72_61.10_4.14_39.44_-18.50_-7.12_0.4283_0.5937_-0.5932_-0.3350end,24.1293564,120.7289394,115.69999694824219
4377,,24.1293564,120.7289394,115.69999694824219
4378,,24.1293564,120.7289394,115.69999694824219
4379,,24.1293564,120.7289394,115.69999694824219
4380,,24.1293564,120.7289394,115.69999694824219
4381,,24.1293564,120.7289394,115.69999694824219
4382,,24.1293564,120.7289394,115.69999694824219
4383,1.05_7.68_-2.73_40.06_32.34_9.40_39.44_-18.50_-7.12_0.4283_0.5937_-0.5932_-0.3350end-1.99_7.85_-3.46_40.06_32.34_9.40_39.44_-18.50_-7.12_0.4366_0.5951_-0.5863_-0.3339end-0.27_8.00_-1.06_40.06_32.34_9.40_39.44_-18.50_-7.12_0.4392_0.5949_-0.5844_-0.3340end-0.84_8.80_2.05_40.06_32.34_9.40_39.44_-18.50_-7.12_0.4392_0.5949_-0.5844_-0,24.1293564,120.7289394,115.69999694824219
4384,.3340end0.64_9.27_7.16_62.78_55.17_0.90_39.44_-18.50_-7.12_0.4392_0.5949_-0.5844_-0.3340end0.66_9.12_7.09_57.74_50.69_1.57_38.69_-19.50_-5.25_0.4392_0.5949_-0.5844_-0.3340end-0.76_9.30_7.77_52.93_43.76_3.47_38.69_-19.50_-5.25_0.4528_0.5933_-0.5751_-0.3350end-0.78_9.51_10.18_52.93_43.76_3.47_37.94_-19.87_-5.31_0.4551_0.5933_-0.5734_-0.3347end-0.07_8.86_6.25_52.93_43.76_3.47_38.31_-19.50_-2.94_0.4551_0.5933_-0.5734_-0.3347end0.76_8.67_4.54_23.72_60.54_3.02_38.31_-19.50_-2.94_0.4551_0.5933_-0.5734_-0.3347end,24.1293564,120.7289394,115.69999694824219
4385,,24.1293564,120.7289394,115.69999694824219
4386,,24.1293564,120.7289394,115.69999694824219
4387,,24.1293564,120.7289394,115.69999694824219
4388,,24.1293564,120.7289394,115.69999694824219
4389,,24.1293564,120.7289394,115.69999694824219
4390,,24.1293564,120.7289394,115.69999694824219
4391,,24.1293564,120.7289394,115.69999694824219
4392,,24.1293564,120.7289394,115.69999694824219
4393,,24.1293564,120.7289394,115.69999694824219
4394,,24.1293564,120.7289394,115.69999694824219
4395,,24.1293564,120.7289394,115.69999694824219
4396,,24.1293564,120.7289394,115.69999694824219
4397,,24.1293564,120.7289394,115.69999694824219
4398,,24.1293564,120.7289394,115.69999694824219
4399,0.76_8.67_4.54_25.07_62.67_5.04_39.81_-19.50_-3.44_0.4615_0.5944_-0.5685_-0.3325end0.56_8.37_1.90_25.07_62.67_5.04_39.81_-19.50_-3.44_0.4658_0.5955_-0.5649_-0.3306end0.54_8.24_0.29_25.07_62.67_5.04_39.81_-19.50_-3.44_0.4682_0.5959_-0.5630_-0.3297end-0.38_8.45_0.53_39.50_70.61_3.80_39.81_-19.50_-3.44_0.4682_0.5959_-0.5630_-0.3297,24.1293564,120.7289394,115.69999694824219
4400,end-0.06_8.48_0.96_39.50_70.61_3.80_39.81_-19.50_-3.44_0.4767_0.5967_-0.5565_-0.3271end-0.11_8.58_1.63_50.25_81.13_-0.34_39.81_-19.50_-3.44_0.4799_0.5969_-0.5541_-0.3262end-0.09_9.01_3.53_50.25_81.13_-0.34_39.81_-19.50_-3.44_0.4832_0.5970_-0.5516_-0.3253end0.25_8.95_4.51_46.11_68.82_0.90_39.81_-19.50_-3.44_0.4832_0.5970_-0.5516_-0.3253end0.25_8.95_4.51_46.11_68.82_0.90_39.81_-19.50_-3.44_0.4921_0.5970_-0.5449_-0.3231end0.28_9.13_5.35_46.11_68.82_0.90_39.81_-19.50_-3.44_0.4947_0.5972_-0.5429_-0.3224end0.02_9.01_4.79_46.11_68.82_0.90_39.81_-19.50_-3.44_0.4972_0.5973_-0.5410_-0.3216end0.38_8.88_3.00_46.11_68.82_0.90_38.38_-20.44_0.69_0.4972_0.5973_-0.5410_-0.3216end0.45_8.83_2.65_32.01_67.14_0.45_38.38_-20.44_0.69_0.4972_0.5973_-0.5410_-0.3216end0.31_8.68_1.55_32.01_67.14_0.45_38.38_-19.75_0.69_0.5068_0.5982_-0.5333_-0.3177end0,24.1293564,120.7289394,115.69999694824219
4401,.38_8.67_0.53_32.01_67.14_0.45_38.38_-19.75_0.69_0.5093_0.5984_-0.5312_-0.3167end0.15_8.71_0.68_37.26_68.49_-0.45_38.38_-19.75_0.69_0.5093_0.5984_-0.5312_-0.3167end0.14_8.72_0.63_40.40_71.28_-1.45_38.38_-19.75_0.69_0.5172_0.5986_-0.5251_-0.3138end0.21_8.91_1.40_40.40_71.28_-1.45_38.38_-19.75_0.69_0.5198_0.5986_-0.5229_-0.3129end0.13_9.01_2.00_40.40_71.28_-1.45_38.00_-19.37_2.06_0.5198_0.5986_-0.5229_-0.3129end0.16_8.96_2.18_41.52_75.65_-1.79_38.00_-19.37_2.06_0.5198_0.5986_-0.5229_-0.3129end,24.1293564,120.7289394,115.69999694824219
4402,,24.1293564,120.7289394,115.69999694824219
4403,,24.1293564,120.7289394,115.69999694824219
4404,-0.14_9.08_2.52_40.29_78.00_-2.24_38.00_-19.37_2.06_0.5311_0.5988_-0.5140_-0.3085end-0.25_9.09_2.69_40.29_78.00_-2.24_38.75_-20.37_5.81_0.5339_0.5989_-0.5117_-0.3072end-0.26_9.17_2.58_40.29_78.00_-2.24_38.75_-20.37_5.81_0.5368_0.5991_-0.5093_-0.3058end-0.35_9.04_2.09_40.29_78.00_-2.24_38.75_-20.37_5.81_0.5396_0.5993_-0.5070_-0.3,24.1293564,120.7289394,115.69999694824219
4405,044end-0.48_9.01_1.76_34.47_81.47_-3.47_38.75_-20.37_5.81_0.5396_0.5993_-0.5070_-0.3044end-0.48_9.01_1.76_34.47_81.47_-3.47_38.75_-20.37_5.81_0.5476_0.5998_-0.5002_-0.3001end-0.60_8.96_1.05_34.47_81.47_-3.47_38.75_-20.37_5.81_0.5501_0.5999_-0.4982_-0.2990end-0.87_9.02_0.76_34.47_81.47_-3.47_38.75_-20.37_5.81_0.5501_0.5999_-0.4982_-0.2990end-0.99_9.07_0.95_36.37_60.88_-2.35_38.75_-20.37_5.81_0.5501_0.5999_-0.4982_-0.2990end-1.01_9.12_1.14_36.82_57.86_-2.57_38.75_-20.37_5.81_0.5501_0.5999_-0.4982_-0.2990end,24.1293564,120.7289394,115.69999694824219
4406,,24.1293564,120.7289394,115.69999694824219
4407,,24.1293564,120.7289394,115.69999694824219
4408,,24.1293564,120.7289394,115.69999694824219
4409,,24.1293564,120.7289394,115.69999694824219
4410,,24.1293564,120.7289394,115.69999694824219
4411,,24.1293564,120.7289394,115.69999694824219
4412,-1.01_9.12_1.14_36.82_57.86_-2.57_38.38_-19.62_7.19_0.5616_0.5991_-0.4888_-0.2947end-0.96_9.13_1.35_36.82_57.86_-2.57_38.44_-19.94_9.44_0.5616_0.5991_-0.4888_-0.2947end-0.79_9.12_1.49_36.82_57.86_-2.57_38.44_-19.94_9.44_0.5657_0.5986_-0.4855_-0.2932end-0.83_9.16_1.33_34.13_53.49_-3.25_38.44_-19.94_9.44_0.5657_0.5986_-0.4855_-0.2932end-0.77_9.13_1.21_32.79_55.06_-3.36_38.44_-19.94_9.44_0.5657_0.5986_-0.4855_-0.2932end-0.72_9.14_0.81_32.79_55.06_-3.36_38.44_-19.94_9.44_0.5740_0.5977_-0.4788_-0.2900end-0.74_9.09_0.68_32.79_55.06_-3.36_38.44_-19.94_9.44_0.5760_0.5975_-0.4770_-0.2892end-0.89_9.13_0.45_32.79_55.06_-3.36_38.44_-19.94_9.44_0.5760_0.5975_-0.477,24.1293564,120.7289394,115.69999694824219
4413,0_-0.2892end-1.13_9.17_0.45_33.01_56.74_-3.69_38.44_-19.94_9.44_0.5760_0.5975_-0.4770_-0.2892end-1.19_9.16_0.46_33.12_57.18_-3.58_38.06_-19.25_10.44_0.5760_0.5975_-0.4770_-0.2892end,24.1293564,120.7289394,115.69999694824219
4414,,24.1293564,120.7289394,115.69999694824219
4415,,24.1293564,120.7289394,115.69999694824219
4416,,24.1293564,120.7289394,115.69999694824219
4417,,24.1293564,120.7289394,115.69999694824219
4418,,24.1293564,120.7289394,115.69999694824219
4419,-1.19_9.16_0.51_33.24_57.86_-3.92_38.06_-19.25_10.44_0.5864_0.5965_-0.4682_-0.2847end-1.28_9.20_0.60_33.24_57.86_-3.92_37.00_-19.19_13.62_0.5885_0.5963_-0.4664_-0.2838end-1.45_9.22_0.60_33.24_57.86_-3.92_37.00_-19.19_13.62_0.5885_0.5963_-0.4664_-0.2838end-1.49_9.24_0.49_33.24_57.86_-3.92_37.00_-19.56_12.25_0.5885_0.5963_-0.4664_-0.2838end-1.49_9.24_0.49_33.24_57.86_-3.92_37.00_-19.56_12.25_0.5963_0.5953_-0.4597_-0.2804end-1.59_9.25_0.27_33.24_57.86_-3.92_37.00_-19.56_12.25_0.5981_0.5950_-0.4582_-0.2797end-1.59_9.27_0.14_33.24_57.86_-3.92_37.00_-19.56_11.81_0.5981_0.5950_-0.4582_-0.2797end-1.59_9.25_0.11_29.77_46.66_-3.80_37.00_-19.56_11.81_0.5981_0.5950_-0.4582_-0.2797end-1.66_9.25_0.02_29.99_45.99_-3.47_37.00_-19.56_11.81_0.6051_0.5939_-0.4523_-0.2769end-1.67_9.25_-0.00_29.99_45.99_-3.47_37.38_-19.19_13.19_0.6068_0.5936_-0.4508_-0.2762end,24.1293564,120.7289394,115.69999694824219
4420,,24.1293564,120.7289394,115.69999694824219
4421,,24.1293564,120.7289394,115.69999694824219
4422,,24.1293564,120.7289394,115.69999694824219
4423,,24.1293564,120.7289394,115.69999694824219
4424,,24.1293564,120.7289394,115.69999694824219
4425,,24.1293564,120.7289394,115.69999694824219
4426,-1.80_9.23_-0.04_29.99_45.99_-3.47_37.38_-19.19_13.19_0.6068_0.5936_-0.4508_-0.2762end-1.81_9.27_-0.05_29.10_45.55_-3.25_37.38_-19.19_13.19_0.6068_0.5936_-0.4508_-0.2762end-1.81_9.27_-0.05_29.21_45.77_-3.25_37.38_-19.19_13.19_0.6118_0.5927_-0.4464_-0.2742end-1.81_9.27_-0.05_29.10_45.66_-3.02_37.38_-19.19_13.19_0.6152_0.5920_-0.4434_-0.2728end-1.86_9.31_0.04_29.10_45.66_-3.02_37.38_-19.19_13.19_0.6169_0.5917_-0.4419_-0.2720end-1.96_9.33_0.06_29.10_45.66_-3.02_37.38_-19.19_13.19_0.6169_0.5917_-0.4419_-0.2720end-1.96_9.32_0.12_29.10_45.66_-3.02_37.38_-19.19_13.19_0.6218_0.5909_-0.4375_-0.2700end-2.02_9.32_0.05_29.10_45.66_-3.02_37.38_-19.19_13.19_0.6233_0,24.1293564,120.7289394,115.69999694824219
4427,.5906_-0.4361_-0.2693end-2.02_9.32_0.05_29.10_45.66_-3.02_35.56_-18.50_15.94_0.6233_0.5906_-0.4361_-0.2693end-1.96_9.37_0.07_29.10_45.66_-3.02_35.56_-18.50_15.94_0.6249_0.5903_-0.4346_-0.2687end,24.1293564,120.7289394,115.69999694824219
4428,,24.1293564,120.7289394,115.69999694824219
4429,,24.1293564,120.7289394,115.69999694824219
4430,,24.1293564,120.7289394,115.69999694824219
4431,,24.1293564,120.7289394,115.69999694824219
4432,,24.1293564,120.7289394,115.69999694824219
4433,,24.1293564,120.7289394,115.69999694824219
4434,-1.96_9.37_0.07_29.10_45.66_-3.02_37.00_-17.75_16.87_0.6295_0.5894_-0.4305_-0.2668end-2.00_9.37_-0.04_29.10_45.66_-3.02_37.00_-17.75_16.87_0.6309_0.5891_-0.4291_-0.2662end-1.99_9.35_-0.03_29.10_45.66_-3.02_36.63_-17.81_16.44_0.6309_0.5891_-0.4291_-0.2662end-2.04_9.35_-0.05_26.30_40.73_-2.35_36.63_-17.81_16.44_0.6309_0.5891_-0.4291_-0.2662end-2.04_9.35_-0.05_26.30_40.73_-2.35_35.56_-18.12_16.44_0.6309_0.5891_-0.4291_-0.2662end-2.20_9.38_-0.05_26.30_40.73_-2.35_36.31_-17.44_18.25_0.6309_0.5891_-0.4291_-0.2662end-2.21_9.38_-0.00_25.96_39.61_-1.57_36.31_-17.44_18.25_0.6309_0.5891_-0.4291_-0.2662end-2.31_9.37_-0.06_25.96_39.61_-1.57_36.31_-17.44_18.25_0.6410_0.5869_-0.4196_-0.2620end-2.35_9.39_0.02_26.30_36.03_-1.01_36.31_-17.44_18.25_0.6410_0.5869_-0.4196_-0.2620end-2.35_9.39_0.02_25.96_35.14_-0.90_36.31_-17.44_18.25_0.6450_0.5859_-0.4156_-0.2605end,24.1293564,120.7289394,115.69999694824219
4435,,24.1293564,120.7289394,115.69999694824219
4436,,24.1293564,120.7289394,115.69999694824219
4437,,24.1293564,120.7289394,115.69999694824219
4438,,24.1293564,120.7289394,115.69999694824219
4439,,24.1293564,120.7289394,115.69999694824219
4440,,24.1293564,120.7289394,115.69999694824219
4441,-2.37_9.38_-0.02_25.96_35.14_-0.90_36.31_-17.44_18.25_0.6463_0.5856_-0.4144_-0.2600end-2.38_9.36_-0.00_25.96_35.14_-0.90_36.31_-17.44_18.25_0.6463_0.5856_-0.4144_-0.2600end-2.38_9.38_0.02_26.19_31.67_-0.22_36.31_-17.44_18.25_0.6463_0.5856_-0.4144_-0.2600end-2.38_9.38_0.02_25.63_30.55_-0.11_35.56_-17.75_19.19_0.6501_0.5845_-0.4108_-0.2589end-2.38_9.38_0.02_25.63_30.55_-0.11_35.56_-17.75_19.19_0.6525_0.5837_-0.4084_-0.2582end-2.45_9.41_-0.02_25.63_30.55_-0.11_36.69_-17.75_18.69_0.6525_0.5837_-0.4084_-0.2582end-2.53_9.39_-0.05_25.63_30.55_-0.11_36.69_-17.75_18.69_0.6548_0.5829_-0.4062_-0.2577end-2.60_9.39_-0.10_25.40_28.54_0.67_36.69_-17.75_18.69_0.6548_0,24.1293564,120.7289394,115.69999694824219
4442,.5829_-0.4062_-0.2577end-2.70_9.40_-0.12_25.40_28.54_0.67_36.69_-17.75_18.69_0.6583_0.5817_-0.4028_-0.2568end-2.79_9.39_-0.14_25.40_28.54_0.67_36.69_-17.75_18.69_0.6595_0.5814_-0.4016_-0.2565end,24.1293564,120.7289394,115.69999694824219
4443,,24.1293564,120.7289394,115.69999694824219
4444,,24.1293564,120.7289394,115.69999694824219
4445,,24.1293564,120.7289394,115.69999694824219
4446,,24.1293564,120.7289394,115.69999694824219
4447,,24.1293564,120.7289394,115.69999694824219
4448,,24.1293564,120.7289394,115.69999694824219
4449,-2.87_9.40_-0.15_25.85_33.57_1.90_34.50_-18.06_20.06_0.6595_0.5814_-0.4016_-0.2565end-2.87_9.40_-0.15_25.85_33.57_1.90_34.50_-18.06_20.06_0.6631_0.5804_-0.3977_-0.2555end-3.16_9.43_-0.24_25.85_33.57_1.90_34.50_-18.06_20.06_0.6643_0.5801_-0.3964_-0.2551end-3.25_9.42_-0.23_25.85_33.57_1.90_35.56_-18.06_21.00_0.6655_0.5798_-0.3950_-0.2548end-3.34_9.43_-0.34_25.18_33.01_3.58_35.56_-18.06_21.00_0.6655_0.5798_-0.3950_-0.2548end-3.34_9.43_-0.34_25.18_33.01_3.58_35.56_-18.06_21.00_0.6690_0.5789_-0.3910_-0.2539end-3.53_9.44_-0.43_25.18_33.01_3.58_35.56_-18.06_21.00_0.6701_0.5786_-0.3897_-0.2537end-3.64_9.40_-0.49_25.18_33.01_3.58_35.56_-18.06_21.00_0.6701_0.5786_-0.3897_-0.2537end-3.71_9.40_-0.59_24.95_27.19_5.93_35.56_-18.06_21.00_0.6701_0.5786_-0.3897_-0.2537end-3.84_9.43_-0.66_24.51_25.40_6.71_34.50_-17.37_21.44_0.6701_0.5786_-0.3897_-0.2537end,24.1293564,120.7289394,115.69999694824219
4450,,24.1293564,120.7289394,115.69999694824219
4451,,24.1293564,120.7289394,115.69999694824219
4452,,24.1293564,120.7289394,115.69999694824219
4453,,24.1293564,120.7289394,115.69999694824219
4454,,24.1293564,120.7289394,115.69999694824219
4455,,24.1293564,120.7289394,115.69999694824219
4456,-3.84_9.44_-0.66_24.73_23.84_7.05_34.50_-17.37_21.44_0.6751_0.5769_-0.3837_-0.2534end-3.86_9.46_-0.71_24.73_23.84_7.05_34.50_-17.37_21.44_0.6760_0.5765_-0.3826_-0.2534end-3.94_9.43_-0.76_24.73_23.84_7.05_34.50_-17.37_21.44_0.6760_0.5765_-0.3826_-0.2534end-3.87_9.42_-0.83_24.73_23.84_7.05_34.50_-17.37_21.44_0.6760_0.5765_-0.3826_-0.2534end-3.88_9.44_-0.89_24.73_23.84_7.05_34.50_-17.37_21.44_0.6760_0.5765_-0.3826_-0.2534end-3.88_9.44_-0.89_24.73_23.84_7.05_34.19_-16.00_22.94_0.6798_0.5748_-0.3776_-0.2547end-3.98_9.39_-0.94_24.73_23.84_7.05_34.19_-16.00_22.94_0.6805_0.5745_-0.3766_-0.2551end-3.98_9.43_-0.91_24.73_23.84_7.05_34.19_-16.00_22.94_0.6805_0.5745_-0.3766_-0.2551end-4.05_9.39_-0.93_22.83_10.97_13.43_34.19_-16.00_22.94_0.6805_0.5745_-0.3766_-0.2551end-4.10_9.40_-0.91_22.83_10.97_13.43_34.19_-16.00_22.94_0.6829_0.5731_-0.3729_-0.2571end,24.1293564,120.7289394,115.69999694824219
4457,,24.1293564,120.7289394,115.69999694824219
4458,,24.1293564,120.7289394,115.69999694824219
4459,,24.1293564,120.7289394,115.69999694824219
4460,,24.1293564,120.7289394,115.69999694824219
4461,,24.1293564,120.7289394,115.69999694824219
4462,,24.1293564,120.7289394,115.69999694824219
4463,,24.1293564,120.7289394,115.69999694824219
4464,-4.10_9.38_-0.99_22.83_10.97_13.43_34.19_-16.00_22.94_0.6834_0.5728_-0.3721_-0.2578end-4.17_9.38_-1.12_22.83_10.97_13.43_34.19_-16.00_22.94_0.6838_0.5724_-0.3713_-0.2585end-4.17_9.38_-1.12_21.82_0.90_16.79_33.50_-15.94_23.81_0.6838_0.5724_-0.3713_-0.2585end-4.17_9.38_-1.12_21.82_0.90_16.79_33.50_-15.94_23.81_0.6849_0.5713_-0.3693_-0.2611end-4.14_9.39_-1.15_21.82_0.90_16.79_33.50_-15.94_23.81_0.6851_0.5709_-0.3688_-0.2621end-4.07_9.37_-1.20_21.82_0.90_16.79_34.50_-15.94_23.81_0.6851_0.5709_-0.3688_-0.2621end-4.07_9.38_-1.26_21.04_-18.35_21.15_34.50_-15.94_23.81_0.6851_0.5709_-0.3688_-0.2621end-4.05_9.35_-1.26_21.04_-18.35_21.15_33.81_-17.69_21.94_0.6851_0.5709_-0.3688_-0.2621end-3.78_9.35_-1.23_21.04_-18.35_21.15_33.81_-17.69_21.94_0.6851_0.5709_-0.3688_-0.2621end-3.59_9.35_-1.22_21.04_-18.35_21.15_33.81_-16.69_21.94_0.6851_0.5709_-0.3688_-0.2621end,24.1293564,120.7289394,115.69999694824219
4465,,24.1293564,120.7289394,115.69999694824219
4466,,24.1293564,120.7289394,115.69999694824219
4467,,24.1293564,120.7289394,115.69999694824219
4468,,24.1293564,120.7289394,115.69999694824219
4469,,24.1293564,120.7289394,115.69999694824219
4470,,24.1293564,120.7289394,115.69999694824219
4471,-3.48_9.33_-1.23_20.37_-38.27_23.72_33.81_-16.69_21.94_0.6843_0.5667_-0.3679_-0.2744end-3.32_9.36_-1.17_20.37_-38.27_23.72_33.81_-16.69_21.94_0.6838_0.5659_-0.3683_-0.2764end-2.97_9.30_-1.30_20.37_-38.27_23.72_33.81_-16.69_21.94_0.6838_0.5659_-0.3683_-0.2764end-2.86_9.30_-1.34_19.70_-48.34_25.18_33.81_-16.69_21.94_0.6838_0.5659_-0.3683_-0.2764end-2.86_9.30_-1.34_19.81_-51.70_25.85_33.81_-16.69_21.94_0.6815_0.5629_-0.3706_-0.2855end-2.45_9.30_-1.51_19.81_-51.70_25.85_33.81_-16.69_21.94_0.6807_0.5620_-0.3714_-0.2880end-2.23_9.30_-1.57_19.02_-60.43_26.30_33.81_-16.69_21.94_0.6807_0.5620_-0.3714_-0.2880end-2.11_9.27_-1.59_18.91_-67.03_26.52_33.81_-16.69_21,24.1293564,120.7289394,115.69999694824219
4472,.94_0.6807_0.5620_-0.3714_-0.2880end-2.11_9.27_-1.59_18.91_-67.03_26.52_34.13_-17.00_21.94_0.6771_0.5582_-0.3754_-0.2986end-1.71_9.27_-1.55_18.91_-67.03_26.52_34.13_-17.00_21.94_0.6760_0.5571_-0.3766_-0.3014end,24.1293564,120.7289394,115.69999694824219
4473,,24.1293564,120.7289394,115.69999694824219
4474,,24.1293564,120.7289394,115.69999694824219
4475,,24.1293564,120.7289394,115.69999694824219
4476,,24.1293564,120.7289394,115.69999694824219
4477,,24.1293564,120.7289394,115.69999694824219
4478,,24.1293564,120.7289394,115.69999694824219
4479,-1.40_9.31_-1.57_18.91_-67.03_26.52_34.13_-17.00_21.94_0.6749_0.5560_-0.3779_-0.3043end-1.30_9.29_-1.61_19.02_-78.78_26.63_34.13_-17.00_21.94_0.6749_0.5560_-0.3779_-0.3043end-1.30_9.29_-1.61_19.02_-78.78_26.63_34.13_-17.00_21.94_0.6712_0.5524_-0.3823_-0.3134end-0.86_9.27_-1.72_19.02_-78.78_26.63_34.13_-17.00_21.94_0.6699_0.5511_,24.1293564,120.7289394,115.69999694824219
4480,-0.3838_-0.3165end-0.62_9.29_-1.79_19.02_-78.78_26.63_34.13_-17.00_21.94_0.6699_0.5511_-0.3838_-0.3165end-0.49_9.30_-1.79_18.35_-82.92_24.95_34.13_-17.00_21.94_0.6699_0.5511_-0.3838_-0.3165end-0.10_9.30_-1.59_18.35_-82.92_24.95_34.13_-17.00_21.94_0.6647_0.5460_-0.3899_-0.3286end-0.00_9.30_-1.53_19.58_-79.57_23.50_34.13_-17.00_21.94_0.6647_0.5460_-0.3899_-0.3286end0.20_9.30_-1.47_19.58_-78.33_22.94_34.13_-17.00_21.94_0.6647_0.5460_-0.3899_-0.3286end0.20_9.30_-1.47_19.58_-78.33_22.94_34.13_-17.00_21.94_0.6599_0.5408_-0.3957_-0.3400end,24.1293564,120.7289394,115.69999694824219
4481,,24.1293564,120.7289394,115.69999694824219
4482,,24.1293564,120.7289394,115.69999694824219
4483,,24.1293564,120.7289394,115.69999694824219
4484,,24.1293564,120.7289394,115.69999694824219
4485,,24.1293564,120.7289394,115.69999694824219
4486,0.32_9.34_-1.37_19.58_-78.33_22.94_34.13_-17.00_21.94_0.6587_0.5395_-0.3970_-0.3427end0.37_9.05_-1.44_19.02_-72.18_21.15_34.13_-17.00_21.94_0.6587_0.5395_-0.3970_-0.3427end0.45_9.57_-1.45_19.02_-69.38_20.25_35.56_-18.12_18.19_0.6587_0.5395_-0.3970_-0.3427end0.23_9.38_-1.69_19.02_-69.38_20.25_35.56_-18.12_18.19_0.6544_0.5345_-0.4019_-0.3529end0.46_9.34_-1.74_19.02_-69.38_20.25_35.94_-17.44_16.44_0.6534_0.5333_-0.4030_-0.3552end0.61_9.35_-1.49_19.02_-69.38_20.25_35.94_-17.44_16.44_0.6534_0.5333_-0.4030_-0.3552end0.57_9.33_-1.50_19.02_-69.38_20.25_35.94_-17.44_16.44_0.6534_0.5333_-0.4030_-0.3552end0.32_9.42_-1.54_19.02_-69.38_20.25_35.94_-17.44_16.44_0.65,24.1293564,120.7289394,115.69999694824219
4487,02_0.5286_-0.4067_-0.3639end0.36_9.37_-1.57_19.02_-69.38_20.25_35.94_-17.44_16.44_0.6495_0.5276_-0.4074_-0.3658end0.08_9.44_-1.59_19.02_-69.38_20.25_35.94_-17.44_16.44_0.6495_0.5276_-0.4074_-0.3658end,24.1293564,120.7289394,115.69999694824219
4488,,24.1293564,120.7289394,115.69999694824219
4489,,24.1293564,120.7289394,115.69999694824219
4490,,24.1293564,120.7289394,115.69999694824219
4491,,24.1293564,120.7289394,115.69999694824219
4492,,24.1293564,120.7289394,115.69999694824219
4493,,24.1293564,120.7289394,115.69999694824219
4494,,24.1293564,120.7289394,115.69999694824219
4495,0.09_9.41_-1.65_18.91_-46.55_13.76_35.94_-17.44_16.44_0.6495_0.5276_-0.4074_-0.3658end0.09_9.41_-1.65_18.91_-46.55_13.76_35.94_-17.44_16.44_0.6469_0.5234_-0.4102_-0.3732end0.07_9.43_-1.91_18.91_-46.55_13.76_35.94_-17.44_16.44_0.6469_0.5234_-0.4102_-0.3732end0.07_9.43_-1.91_18.58_-50.47_12.76_35.94_-17.44_16.44_0.6469_0.5234_-0.4102_-0.3732end-0.05_9.46_-2.02_18.58_-50.47_12.76_35.94_-17.44_16.44_0.6469_0.5234_-0.4102_-0.3732end-0.21_9.43_-2.17_18.58_-50.47_12.76_35.94_-17.44_16.44_0.6469_0.5234_-0.4102_-0.3732end-0.08_9.46_-2.27_18.24_-51.03_10.85_35.94_-17.44_16.44_0.6469_0.5234_-0.4102_-0.3732end-0.21_9.43_-2.30_18.24_-51.03_10.85_36.63_-17.81_14.56_0.6414_0.5142_-0.4171_-0.3877end-0.14_9.44_-2.32_18.24_-51.03_10.85_37.00_-18.19_13.62_0.6407_0.5131_-0.4179_-0.3893end-0.15_9.46_-2.50_18.24_-51.03_10.85_37.00_-18.19_13.62_0.6400_0.5120_-0.4188_-0.3910end,24.1293564,120.7289394,115.69999694824219
4496,,24.1293564,120.7289394,115.69999694824219
4497,,24.1293564,120.7289394,115.69999694824219
4498,,24.1293564,120.7289394,115.69999694824219
4499,,24.1293564,120.7289394,115.69999694824219
4500,,24.1293564,120.7289394,115.69999694824219
4501,,24.1293564,120.7289394,115.69999694824219
4502,-0.16_9.46_-2.55_18.24_-51.03_10.85_37.00_-18.19_13.62_0.6393_0.5108_-0.4197_-0.3926end-0.21_9.48_-2.67_16.45_-46.66_8.95_37.00_-18.19_13.62_0.6393_0.5108_-0.4197_-0.3926end-0.21_9.48_-2.67_16.45_-46.66_8.95_37.00_-18.19_13.62_0.6381_0.5087_-0.4213_-0.3958end-0.21_9.48_-2.67_16.45_-46.66_8.95_37.00_-18.87_12.69_0.6368_0.5065_-0.4229_-0.3988end-0.26_9.49_-2.72_16.45_-46.66_8.95_37.00_-18.87_12.69_0.6363_0.5055_-0.4236_-0.4002end-0.23_9.46_-2.71_16.45_-46.66_8.95_37.38_-19.19_14.56_0.6363_0.5055_-0.4236_-0.4002end-0.23_9.46_-2.71_16.45_-46.66_8.95_38.13_-18.50_14.06_0.6346_0.5024_-0.4259_-0.4044end-0.17_9.49_-2.66_16.45_-46.66_8.95_38.13_-18.50_14.06_0.6340_0.5014_-0.4266_-0.4057end-0.17_9.50_-2.70_16.45_-46.66_8.95_37.00_-18.50_13.19_0.6340_0.5014_-0.4266_-0.4057end-0.19_9.52_-2.68_13.09_-38.72_5.37_37.00_-18.50_13.19_0.6340_0.5014_-0.4266_-0.4057end,24.1293564,120.7289394,115.69999694824219
4503,,24.1293564,120.7289394,115.69999694824219
4504,,24.1293564,120.7289394,115.69999694824219
4505,,24.1293564,120.7289394,115.69999694824219
4506,,24.1293564,120.7289394,115.69999694824219
4507,,24.1293564,120.7289394,115.69999694824219
4508,-0.21_9.50_-2.68_13.09_-38.72_5.37_37.75_-17.81_13.19_0.6318_0.4976_-0.4296_-0.4106end-0.14_9.50_-2.65_13.09_-38.72_5.37_37.75_-17.81_13.19_0.6314_0.4968_-0.4302_-0.4117end-0.15_9.50_-2.57_11.97_-33.01_3.80_37.75_-17.81_13.19_0.6314_0.4968_-0.4302_-0.4117end-0.10_9.52_-2.52_11.97_-33.01_3.80_37.75_-17.81_13.19_0.6301_0.4942_-0.4,24.1293564,120.7289394,115.69999694824219
4509,320_-0.4148end-0.08_9.48_-2.43_11.97_-33.01_3.80_37.75_-17.81_13.19_0.6298_0.4935_-0.4325_-0.4156end-0.12_9.51_-2.42_11.97_-33.01_3.80_37.75_-17.81_13.19_0.6295_0.4927_-0.4330_-0.4165end-0.19_9.50_-2.37_11.97_-33.01_3.80_37.00_-17.50_13.62_0.6295_0.4927_-0.4330_-0.4165end-0.28_9.51_-2.37_10.07_-22.49_1.79_37.00_-17.50_13.62_0.6295_0.4927_-0.4330_-0.4165end-0.40_9.54_-2.29_10.07_-22.49_1.79_37.00_-17.50_13.62_0.6285_0.4901_-0.4346_-0.4194end-0.38_9.50_-2.20_10.07_-22.49_1.79_37.00_-17.50_13.62_0.6284_0.4894_-0.4349_-0.4201end,24.1293564,120.7289394,115.69999694824219
4510,,24.1293564,120.7289394,115.69999694824219
4511,,24.1293564,120.7289394,115.69999694824219
4512,,24.1293564,120.7289394,115.69999694824219
4513,,24.1293564,120.7289394,115.69999694824219
4514,,24.1293564,120.7289394,115.69999694824219
4515,-0.35_9.55_-2.18_9.29_-18.80_0.00_37.00_-17.50_13.62_0.6284_0.4894_-0.4349_-0.4201end-0.31_9.52_-2.12_9.51_-17.35_-0.45_37.00_-17.50_13.62_0.6284_0.4894_-0.4349_-0.4201end-0.31_9.52_-2.12_9.51_-17.35_-0.45_37.00_-17.50_13.62_0.6279_0.4871_-0.4362_-0.4222end-0.29_9.55_-2.05_9.51_-17.35_-0.45_37.00_-17.50_13.62_0.6278_0.4866_-0.43,24.1293564,120.7289394,115.69999694824219
4516,63_-0.4227end-0.43_9.50_-2.04_8.84_-10.63_-0.67_37.00_-17.50_13.62_0.6278_0.4866_-0.4363_-0.4227end-0.45_9.55_-1.98_8.39_-8.73_-1.12_37.00_-17.50_13.62_0.6278_0.4866_-0.4363_-0.4227end-0.45_9.55_-1.98_8.62_-5.48_-1.79_38.06_-18.19_12.81_0.6278_0.4866_-0.4363_-0.4227end-0.68_9.57_-1.84_8.62_-5.48_-1.79_38.06_-18.19_12.81_0.6281_0.4846_-0.4368_-0.4242end-0.83_9.55_-1.79_8.62_-5.48_-1.79_38.06_-18.19_12.81_0.6282_0.4843_-0.4368_-0.4244end-0.88_9.55_-1.80_8.62_-5.48_-1.79_38.06_-17.19_12.31_0.6282_0.4843_-0.4368_-0.4244end,24.1293564,120.7289394,115.69999694824219
4517,,24.1293564,120.7289394,115.69999694824219
4518,,24.1293564,120.7289394,115.69999694824219
4519,,24.1293564,120.7289394,115.69999694824219
4520,,24.1293564,120.7289394,115.69999694824219
4521,,24.1293564,120.7289394,115.69999694824219
4522,,24.1293564,120.7289394,115.69999694824219
4523,-0.91_9.56_-1.79_8.62_-5.48_-1.79_38.06_-17.19_12.31_0.6287_0.4833_-0.4366_-0.4248end-0.93_9.56_-1.78_8.62_-5.48_-1.79_38.06_-17.19_12.31_0.6289_0.4831_-0.4366_-0.4249end-1.13_9.57_-1.79_8.62_-5.48_-1.79_38.06_-17.19_12.31_0.6291_0.4828_-0.4365_-0.4250end-1.21_9.55_-1.77_7.39_1.79_-2.69_38.06_-17.19_12.31_0.6291_0.4828_-0.4365_-0.4250end-1.27_9.54_-1.72_7.72_2.69_-2.13_38.06_-17.19_12.31_0.6291_0.4828_-0.4365_-0.4250end-1.27_9.54_-1.72_7.72_2.69_-2.13_38.06_-17.19_12.31_0.6301_0.4820_-0.4359_-0.4251end-1.46_9.55_-1.71_7.72_2.69_-2.13_38.06_-17.19_12.31_0.6303_0.4818_-0.4357_-0.4251end-1.64_9.52_-1.72_7.72_2.69_-2.13_38.06_-17.19_12.31_0.6303_0.4818_-0.4357_-0.4251end-1.67_9.54_-1.73_6.83_1.12_-2.46_38.06_-17.19_12.31_0.6303_0.4818_-0.4357_-0.4251end-1.67_9.54_-1.73_6.60_0.56_-2.01_38.06_-17.19_12.31_0.6312_0.4809_-0.4353_-0.4253end,24.1293564,120.7289394,115.69999694824219
4524,,24.1293564,120.7289394,115.69999694824219
4525,,24.1293564,120.7289394,115.69999694824219
4526,,24.1293564,120.7289394,115.69999694824219
4527,,24.1293564,120.7289394,115.69999694824219
4528,,24.1293564,120.7289394,115.69999694824219
4529,,24.1293564,120.7289394,115.69999694824219
4530,,24.1293564,120.7289394,115.69999694824219
4531,-1.75_9.54_-1.73_6.60_0.56_-2.01_37.00_-17.50_12.31_0.6313_0.4807_-0.4352_-0.4254end-1.80_9.57_-1.80_6.60_0.56_-2.01_38.06_-17.50_11.81_0.6313_0.4807_-0.4352_-0.4254end-1.84_9.51_-1.92_7.16_0.11_-2.01_38.06_-17.50_11.81_0.6382_0.4697_-0.4327_-0.4299end-1.84_9.56_-1.92_7.16_0.11_-2.01_37.38_-17.50_12.31_0.6389_0.4675_-0.4327_-0.4313end-1.88_9.55_-1.89_7.16_0.11_-2.01_37.38_-17.50_12.31_0.6389_0.4675_-0.4327_-0.4313end-1.91_9.55_-1.92_7.16_0.11_-2.01_37.38_-17.50_12.31_0.6400_0.4643_-0.4324_-0.4335end-2.07_9.55_-1.91_7.16_0.11_-2.01_37.38_-17.50_12.31_0.6403_0.4636_-0.4323_-0.4340end-2.13_9.54_-1.93_6.04_-0.22_-0.22_37.38_-17.50_12.31_0.6403_0.4636_-0.43,24.1293564,120.7289394,115.69999694824219
4532,23_-0.4340end-2.19_9.56_-1.90_6.04_-1.01_0.11_37.38_-17.50_12.31_0.6407_0.4620_-0.4319_-0.4352end-2.15_9.57_-1.94_6.04_-1.01_0.11_37.38_-17.50_12.31_0.6409_0.4615_-0.4319_-0.4356end,24.1293564,120.7289394,115.69999694824219
4533,,24.1293564,120.7289394,115.69999694824219
4534,,24.1293564,120.7289394,115.69999694824219
4535,,24.1293564,120.7289394,115.69999694824219
4536,,24.1293564,120.7289394,115.69999694824219
4537,,24.1293564,120.7289394,115.69999694824219
4538,-2.20_9.55_-1.92_6.04_-1.01_0.11_37.38_-17.50_12.31_0.6409_0.4611_-0.4319_-0.4360end-2.20_9.55_-1.92_6.04_-1.01_0.11_37.38_-17.50_12.31_0.6408_0.4601_-0.4321_-0.4370end-2.18_9.55_-1.96_6.04_-1.01_0.11_37.00_-17.50_13.19_0.6407_0.4597_-0.4322_-0.4374end-2.19_9.56_-2.02_6.04_-1.01_0.11_37.00_-17.50_13.19_0.6406_0.4592_-0.4323_-0.4,24.1293564,120.7289394,115.69999694824219
4539,,24.1293564,120.7289394,115.69999694824219
4540,380end-2.12_9.55_-2.07_6.04_-1.01_0.11_38.06_-17.19_11.81_0.6406_0.4592_-0.4323_-0.4380end-2.06_9.54_-2.05_4.92_-12.31_2.46_38.06_-17.19_11.81_0.6406_0.4592_-0.4323_-0.4380end-2.04_9.52_-2.06_4.92_-12.31_2.46_39.19_-18.56_10.88_0.6406_0.4592_-0.4323_-0.4380end-2.04_9.52_-2.06_4.81_-14.21_3.13_39.19_-18.56_10.88_0.6397_0.4570_-0.,24.1293564,120.7289394,115.69999694824219
4541,,24.1293564,120.7289394,115.69999694824219
4542,4333_-0.4407end-1.97_9.53_-1.97_4.81_-14.21_3.13_38.81_-18.56_11.81_0.6395_0.4566_-0.4335_-0.4413end-1.92_9.54_-1.98_4.81_-14.21_3.13_38.81_-18.56_11.81_0.6392_0.4562_-0.4338_-0.4418end,24.1293564,120.7289394,115.69999694824219
4543,,24.1293564,120.7289394,115.69999694824219
4544,,24.1293564,120.7289394,115.69999694824219
4545,-1.86_9.55_-1.93_4.36_-14.32_3.58_38.81_-18.56_11.81_0.6392_0.4562_-0.4338_-0.4418end-1.87_9.53_-1.97_4.36_-14.21_3.92_38.81_-18.56_11.81_0.6384_0.4550_-0.4344_-0.4435end-1.79_9.54_-1.95_4.36_-14.21_3.92_38.81_-18.56_11.81_0.6382_0.4546_-0.4346_-0.4441end-1.75_9.55_-2.07_4.36_-14.21_3.92_37.69_-18.19_12.25_0.6382_0.4546_-0.4346_-0.4441end-1.72_9.52_-2.02_3.80_-12.20_4.36_37.69_-18.19_12.25_0.6382_0.4546_-0.4346_-0.4441end-1.68_9.52_-2.01_4.03_-11.97_4.59_37.69_-18.19_12.25_0.6382_0.4546_-0.4346_-0.4441end-1.62_9.51_-2.08_4.03_-11.97_4.59_37.69_-18.19_12.25_0.6369_0.4529_-0.4355_-0.4467end-1.61_9.54_-2.01_4.03_-11.97_4.59_37.69_-18.19_12.25_0.6367_0.452,24.1293564,120.7289394,115.69999694824219
4546,,24.1293564,120.7289394,115.69999694824219
4547,,24.1293564,120.7289394,115.69999694824219
4548,6_-0.4356_-0.4472end-1.48_9.52_-2.02_4.03_-11.97_4.59_37.69_-18.19_12.25_0.6367_0.4526_-0.4356_-0.4472end-1.48_9.52_-2.02_4.03_-11.97_4.59_38.44_-18.25_10.44_0.6367_0.4526_-0.4356_-0.4472end,24.1293564,120.7289394,115.69999694824219
4549,,24.1293564,120.7289394,115.69999694824219
4550,,24.1293564,120.7289394,115.69999694824219
4551,,24.1293564,120.7289394,115.69999694824219
4552,,24.1293564,120.7289394,115.69999694824219
4553,-1.44_9.54_-2.04_4.03_-11.97_4.59_38.44_-18.25_10.44_0.6362_0.4521_-0.4358_-0.4482end-1.39_9.54_-2.08_4.03_-11.97_4.59_38.06_-18.19_11.81_0.6356_0.4515_-0.4360_-0.4495end-1.36_9.52_-2.09_4.03_-11.97_4.59_37.69_-18.87_12.19_0.6354_0.4513_-0.4360_-0.4500end-1.34_9.52_-2.07_3.36_-6.38_5.15_37.69_-18.87_12.19_0.6354_0.4513_-0.4360_-0.4500end-1.34_9.52_-2.07_3.36_-6.38_5.15_37.69_-18.87_12.19_0.6349_0.4507_-0.4361_-0.4511end-1.31_9.52_-2.01_3.36_-6.38_5.15_37.69_-18.87_12.19_0.6347_0.4506_-0.4361_-0.4515end-1.34_9.52_-1.96_2.57_-5.93_5.26_37.69_-18.87_12.19_0.6347_0.4506_-0.4361_-0.4515end-1.34_9.53_-1.99_2.69_-5.48_5.60_37.69_-18.87_12.19_0.6347_0.4506_-0.,24.1293564,120.7289394,115.69999694824219
4554,4361_-0.4515end-1.34_9.53_-1.99_2.24_-4.59_5.37_37.69_-18.87_12.19_0.6342_0.4503_-0.4361_-0.4527end-1.36_9.53_-2.02_2.24_-4.59_5.37_37.69_-18.87_12.19_0.6339_0.4501_-0.4360_-0.4534end,24.1293564,120.7289394,115.69999694824219
4555,,24.1293564,120.7289394,115.69999694824219
4556,,24.1293564,120.7289394,115.69999694824219
4557,,24.1293564,120.7289394,115.69999694824219
4558,,24.1293564,120.7289394,115.69999694824219
4559,,24.1293564,120.7289394,115.69999694824219
4560,,24.1293564,120.7289394,115.69999694824219
4561,-1.36_9.53_-2.02_1.90_-4.92_5.37_37.69_-19.25_11.31_0.6339_0.4501_-0.4360_-0.4534end-1.34_9.51_-2.06_1.90_-4.92_5.37_37.69_-19.25_11.31_0.6339_0.4501_-0.4360_-0.4534end-1.36_9.52_-2.01_1.90_-4.92_5.37_37.75_-18.50_13.19_0.6339_0.4501_-0.4360_-0.4534end-1.36_9.52_-2.01_1.90_-4.92_5.37_37.75_-18.50_13.19_0.6329_0.4495_-0.4361_-0.4,24.1293564,120.7289394,115.69999694824219
4562,552end-1.24_9.51_-1.90_1.90_-4.92_5.37_37.75_-18.50_13.19_0.6327_0.4493_-0.4362_-0.4556end-1.23_9.57_-1.84_1.90_-4.92_5.37_37.69_-17.87_11.31_0.6324_0.4492_-0.4363_-0.4561end-1.23_9.54_-1.86_1.90_-10.63_5.93_37.69_-17.87_11.31_0.6324_0.4492_-0.4363_-0.4561end-1.13_9.53_-1.79_1.90_-10.63_5.93_37.69_-17.87_11.31_0.6315_0.4486_-0.4367_-0.4575end-1.09_9.54_-1.86_1.90_-10.63_5.93_38.06_-17.87_9.94_0.6312_0.4484_-0.4368_-0.4579end-1.03_9.54_-1.85_1.23_-11.41_5.82_38.06_-17.87_9.94_0.6312_0.4484_-0.4368_-0.4579end,24.1293564,120.7289394,115.69999694824219
4563,,24.1293564,120.7289394,115.69999694824219
4564,,24.1293564,120.7289394,115.69999694824219
4565,,24.1293564,120.7289394,115.69999694824219
4566,,24.1293564,120.7289394,115.69999694824219
4567,-0.98_9.52_-1.89_1.23_-11.41_5.82_38.06_-17.87_9.94_0.6302_0.4478_-0.4374_-0.4594end-0.92_9.51_-1.87_1.57_-11.75_5.60_38.81_-18.94_9.44_0.6299_0.4476_-0.4376_-0.4598end-0.89_9.51_-1.85_1.34_-11.97_5.48_38.81_-18.94_9.44_0.6299_0.4476_-0.4376_-0.4598end-0.89_9.51_-1.80_1.34_-11.97_5.48_38.81_-18.94_9.44_0.6292_0.4472_-0.4379_-0.4,24.1293564,120.7289394,115.69999694824219
4568,608end-0.85_9.55_-1.72_2.01_-10.63_5.60_38.81_-18.94_9.44_0.6292_0.4472_-0.4379_-0.4608end-0.86_9.54_-1.71_1.57_-9.74_5.15_38.81_-18.94_9.44_0.6284_0.4467_-0.4383_-0.4621end-0.88_9.56_-1.57_1.57_-9.74_5.15_38.81_-18.94_9.44_0.6281_0.4465_-0.4384_-0.4625end-0.88_9.53_-1.53_1.57_-9.74_5.15_38.81_-18.94_9.44_0.6279_0.4464_-0.4385_-0.4628end-0.88_9.53_-1.52_1.34_-7.39_4.81_38.06_-17.87_10.94_0.6279_0.4464_-0.4385_-0.4628end-0.89_9.52_-1.55_1.23_-7.39_4.92_38.06_-17.87_10.94_0.6279_0.4464_-0.4385_-0.4628end,24.1293564,120.7289394,115.69999694824219
4569,,24.1293564,120.7289394,115.69999694824219
4570,,24.1293564,120.7289394,115.69999694824219
4571,,24.1293564,120.7289394,115.69999694824219
4572,,24.1293564,120.7289394,115.69999694824219
4573,,24.1293564,120.7289394,115.69999694824219
4574,,24.1293564,120.7289394,115.69999694824219
4575,-0.89_9.52_-1.55_1.23_-7.39_4.92_38.81_-17.87_11.38_0.6270_0.4459_-0.4388_-0.4642end-0.81_9.52_-1.57_1.23_-7.39_4.92_38.81_-17.87_11.38_0.6268_0.4458_-0.4388_-0.4646end-0.80_9.54_-1.61_1.23_-7.39_4.92_38.81_-17.87_11.38_0.6268_0.4458_-0.4388_-0.4646end-0.68_9.52_-1.57_1.23_-7.39_4.92_38.81_-17.87_11.38_0.6268_0.4458_-0.4388_-0.4646end-0.68_9.52_-1.57_1.23_-7.39_4.92_38.06_-18.94_9.44_0.6260_0.4454_-0.4390_-0.4658end-0.64_9.52_-1.50_1.23_-7.39_4.92_38.06_-18.94_9.44_0.6259_0.4453_-0.4390_-0.4661end-0.72_9.54_-1.46_1.23_-7.39_4.92_38.06_-18.94_9.44_0.6257_0.4452_-0.4390_-0.4664end-0.70_9.52_-1.39_2.46_-2.13_3.80_38.06_-18.94_9.44_0.6257_0.4452_-0.4390_-0,24.1293564,120.7289394,115.69999694824219
4576,.4664end-0.70_9.52_-1.39_2.46_-2.13_3.80_38.06_-18.94_9.44_0.6255_0.4451_-0.4388_-0.4670end-0.77_9.57_-1.37_2.46_-2.13_3.80_37.00_-17.56_10.44_0.6255_0.4451_-0.4387_-0.4672end,24.1293564,120.7289394,115.69999694824219
4577,,24.1293564,120.7289394,115.69999694824219
4578,,24.1293564,120.7289394,115.69999694824219
4579,,24.1293564,120.7289394,115.69999694824219
4580,,24.1293564,120.7289394,115.69999694824219
4581,,24.1293564,120.7289394,115.69999694824219
4582,,24.1293564,120.7289394,115.69999694824219
4583,-0.80_9.52_-1.46_2.46_-2.13_3.80_37.00_-17.56_10.44_0.6255_0.4451_-0.4387_-0.4672end-0.77_9.53_-1.45_2.91_0.11_2.80_37.00_-17.56_10.44_0.6255_0.4451_-0.4387_-0.4672end-0.77_9.53_-1.50_2.91_0.11_2.80_37.69_-18.94_10.81_0.6255_0.4451_-0.4387_-0.4672end-0.76_9.52_-1.55_2.91_0.11_2.80_37.69_-18.94_10.81_0.6254_0.4449_-0.4380_-0.4681end-0.76_9.52_-1.55_3.13_1.12_2.91_37.69_-18.25_9.50_0.6254_0.4449_-0.4379_-0.4683end-0.75_9.54_-1.59_3.13_1.12_2.91_37.69_-18.25_9.50_0.6254_0.4449_-0.4379_-0.4683end-0.75_9.54_-1.59_3.13_1.12_2.91_38.44_-19.25_9.44_0.6254_0.4448_-0.4374_-0.4687end-0.79_9.55_-1.59_3.13_1.12_2.91_38.44_-19.25_9.44_0.6255_0.4448_-0.4372_-0.4688en,24.1293564,120.7289394,115.69999694824219
4584,d-0.80_9.53_-1.62_3.13_1.12_2.91_38.44_-19.25_9.44_0.6255_0.4448_-0.4370_-0.4689end-0.84_9.55_-1.67_3.13_1.12_2.91_38.44_-18.56_10.44_0.6257_0.4449_-0.4365_-0.4691end,24.1293564,120.7289394,115.69999694824219
4585,,24.1293564,120.7289394,115.69999694824219
4586,,24.1293564,120.7289394,115.69999694824219
4587,,24.1293564,120.7289394,115.69999694824219
4588,,24.1293564,120.7289394,115.69999694824219
4589,,24.1293564,120.7289394,115.69999694824219
4590,-0.82_9.57_-1.67_3.13_1.12_2.91_36.94_-18.94_9.94_0.6258_0.4449_-0.4363_-0.4691end-0.88_9.53_-1.78_3.13_1.12_2.91_36.94_-18.94_9.94_0.6258_0.4449_-0.4363_-0.4691end-0.91_9.51_-1.77_3.13_1.12_2.91_36.94_-18.94_9.94_0.6260_0.4450_-0.4358_-0.4692end-0.91_9.52_-1.77_4.03_5.26_1.79_36.94_-18.94_9.94_0.6260_0.4450_-0.4358_-0.4692end-0.95_9.53_-1.82_4.03_5.26_1.79_36.94_-18.94_9.94_0.6263_0.4451_-0.4350_-0.4694end-0.92_9.55_-1.84_4.03_5.26_1.79_37.69_-18.56_9.94_0.6265_0.4451_-0.4347_-0.4695end-0.98_9.51_-1.90_4.03_5.26_1.79_37.69_-18.56_9.94_0.6265_0.4451_-0.4347_-0.4695end-0.99_9.52_-1.96_3.47_5.93_1.68_37.69_-18.56_9.94_0.6265_0.4451_-0.4347_-0.4695end-0.99_9.52_-1.96_3.47_5.93_1.68_38.81_-19.62_10.44_0.6268_0.4453_-0.4339_-0.4696end-0.99_9.52_-1.96_3.58_6.83_1.79_38.81_-19.62_10.44_0.6271_0.4454_-0.4333_-0.4697end,24.1293564,120.7289394,115.69999694824219
4591,,24.1293564,120.7289394,115.69999694824219
4592,,24.1293564,120.7289394,115.69999694824219
4593,,24.1293564,120.7289394,115.69999694824219
4594,,24.1293564,120.7289394,115.69999694824219
4595,,24.1293564,120.7289394,115.69999694824219
4596,-1.03_9.54_-2.02_3.58_6.83_1.79_37.69_-18.56_11.31_0.6272_0.4454_-0.4330_-0.4697end-1.08_9.54_-2.09_3.58_6.83_1.79_37.00_-19.25_11.31_0.6272_0.4454_-0.4330_-0.4697end-1.12_9.52_-2.12_3.25_7.39_1.68_37.00_-19.25_11.31_0.6276_0.4457_-0.4322_-0.4697end-1.12_9.52_-2.07_3.25_7.39_1.68_37.00_-19.25_11.31_0.6278_0.4458_-0.4319_-0.4697end-1.19_9.52_-2.11_3.25_7.39_1.68_37.00_-19.25_11.31_0.6279_0.4459_-0.4316_-0.4697end-1.24_9.54_-2.16_3.25_7.39_1.68_37.31_-19.94_11.75_0.6282_0.4461_-0.4309_-0.4697end-1.26_9.54_-2.20_2.91_8.17_2.24_37.31_-19.94_11.75_0.6284_0.4462_-0.4306_-0.4697end-1.32_9.50_-2.25_2.91_8.17_2.24_37.31_-19.94_11.75_0.6285_0.4464_-0.4303_-0.4697end-1.38_9.52_-2.29_2.91_8.17_2.24_38.44_-18.87_10.81_0.6285_0.4464_-0.4303_-0.4697end-1.39_9.54_-2.27_2.69_6.60_2.80_38.44_-18.87_10.81_0.6285_0.4464_-0.4303_-0.4697end,24.1293564,120.7289394,115.69999694824219
4597,,24.1293564,120.7289394,115.69999694824219
4598,,24.1293564,120.7289394,115.69999694824219
4599,,24.1293564,120.7289394,115.69999694824219
4600,,24.1293564,120.7289394,115.69999694824219
4601,,24.1293564,120.7289394,115.69999694824219
4602,,24.1293564,120.7289394,115.69999694824219
4603,-1.39_9.54_-2.27_2.69_6.60_2.80_37.69_-18.56_10.88_0.6288_0.4468_-0.4292_-0.4698end-1.41_9.54_-2.35_2.69_6.60_2.80_37.69_-18.56_10.88_0.6288_0.4469_-0.4290_-0.4699end-1.36_9.54_-2.33_2.69_6.60_2.80_37.69_-18.56_10.88_0.6288_0.4469_-0.4290_-0.4699end-1.34_9.54_-2.36_2.69_6.60_2.80_37.69_-18.56_10.88_0.6290_0.4471_-0.4283_-0.4701end-1.38_9.51_-2.35_1.23_3.36_3.13_37.31_-18.94_10.44_0.6290_0.4473_-0.4282_-0.4702end-1.37_9.52_-2.33_1.23_2.69_3.47_37.31_-18.94_10.44_0.6290_0.4473_-0.4282_-0.4702end-1.38_9.53_-2.39_1.23_2.69_3.47_37.31_-18.94_10.44_0.6290_0.4473_-0.4282_-0.4702end-1.36_9.55_-2.38_1.23_2.69_3.47_37.31_-18.94_10.44_0.6288_0.4476_-0.4276_-0.470,24.1293564,120.7289394,115.69999694824219
4604,6end-1.34_9.56_-2.42_1.23_2.69_3.47_37.31_-18.94_10.44_0.6288_0.4476_-0.4276_-0.4706end-1.32_9.54_-2.42_1.23_2.69_3.47_37.31_-18.94_10.44_0.6288_0.4476_-0.4276_-0.4706end,24.1293564,120.7289394,115.69999694824219
4605,,24.1293564,120.7289394,115.69999694824219
4606,,24.1293564,120.7289394,115.69999694824219
4607,,24.1293564,120.7289394,115.69999694824219
4608,,24.1293564,120.7289394,115.69999694824219
4609,,24.1293564,120.7289394,115.69999694824219
4610,,24.1293564,120.7289394,115.69999694824219
4611,-1.28_9.55_-2.46_1.23_2.69_3.47_37.31_-18.94_10.44_0.6288_0.4476_-0.4276_-0.4706end-1.21_9.49_-2.48_-0.11_-6.15_4.48_37.31_-18.94_10.44_0.6279_0.4475_-0.4278_-0.4717end-1.16_9.52_-2.50_-0.11_-6.15_4.48_37.31_-19.25_11.81_0.6276_0.4474_-0.4279_-0.4720end-1.04_9.55_-2.46_-0.11_-6.15_4.48_37.31_-19.25_11.81_0.6276_0.4474_-0.4279_-0.4720end-0.95_9.50_-2.48_-0.11_-6.15_4.48_37.31_-19.25_11.81_0.6265_0.4471_-0.4286_-0.4731end-0.88_9.51_-2.45_-0.11_-6.15_4.48_36.63_-19.62_11.31_0.6262_0.4470_-0.4289_-0.4735end-0.82_9.52_-2.42_-0.11_-6.15_4.48_36.63_-19.62_11.31_0.6262_0.4470_-0.4289_-0.4735end-0.75_9.52_-2.36_-1.23_-14.21_4.81_36.63_-19.62_11.31_0.6262_0.4470_-0.4289_-0.4735end-0.70_9.52_-2.39_-1.23_-14.21_4.81_36.63_-19.94_10.81_0.6262_0.4470_-0.4289_-0.4735end-0.60_9.51_-2.29_-1.23_-14.21_4.81_36.63_-19.94_10.81_0.6240_0.4461_-0.4305_-0.4756end,24.1293564,120.7289394,115.69999694824219
4612,,24.1293564,120.7289394,115.69999694824219
4613,,24.1293564,120.7289394,115.69999694824219
4614,,24.1293564,120.7289394,115.69999694824219
4615,,24.1293564,120.7289394,115.69999694824219
4616,,24.1293564,120.7289394,115.69999694824219
4617,,24.1293564,120.7289394,115.69999694824219
4618,-0.60_9.51_-2.29_-2.01_-15.67_4.81_36.63_-19.94_10.81_0.6236_0.4459_-0.4309_-0.4760end-0.55_9.51_-2.29_-2.01_-15.67_4.81_36.63_-19.94_10.81_0.6236_0.4459_-0.4309_-0.4760end-0.48_9.53_-2.25_-2.46_-14.77_4.03_36.63_-19.94_10.81_0.6236_0.4459_-0.4309_-0.4760end-0.48_9.53_-2.23_-2.13_-13.88_3.92_36.63_-19.94_10.81_0.6223_0.4454_-0.4,24.1293564,120.7289394,115.69999694824219
4619,321_-0.4772end-0.48_9.53_-2.23_-2.13_-12.42_3.80_36.63_-19.94_10.81_0.6215_0.4451_-0.4327_-0.4779end-0.42_9.55_-2.17_-2.13_-12.42_3.80_37.31_-19.62_10.44_0.6211_0.4450_-0.4330_-0.4782end-0.35_9.53_-2.08_-2.13_-10.30_3.58_37.31_-19.62_10.44_0.6211_0.4450_-0.4330_-0.4782end-0.43_9.54_-2.02_-2.69_-9.29_3.36_37.31_-19.62_10.44_0.6211_0.4450_-0.4330_-0.4782end-0.43_9.54_-2.02_-2.24_-7.39_3.02_37.31_-19.62_10.44_0.6201_0.4448_-0.4338_-0.4790end-0.49_9.52_-1.89_-2.24_-7.39_3.02_37.31_-19.62_10.44_0.6196_0.4448_-0.4341_-0.4794end,24.1293564,120.7289394,115.69999694824219
4620,,24.1293564,120.7289394,115.69999694824219
4621,,24.1293564,120.7289394,115.69999694824219
4622,,24.1293564,120.7289394,115.69999694824219
4623,,24.1293564,120.7289394,115.69999694824219
4624,,24.1293564,120.7289394,115.69999694824219
4625,,24.1293564,120.7289394,115.69999694824219
4626,-0.52_9.54_-1.83_-2.35_-5.26_2.91_37.31_-19.62_10.44_0.6196_0.4448_-0.4341_-0.4794end-0.57_9.54_-1.77_-2.57_-4.81_2.46_36.63_-19.62_11.31_0.6196_0.4448_-0.4341_-0.4794end-0.57_9.54_-1.76_-2.57_-4.48_2.24_36.63_-19.62_11.31_0.6187_0.4448_-0.4347_-0.4800end-0.60_9.54_-1.83_-2.57_-4.48_2.24_36.63_-19.62_11.31_0.6185_0.4448_-0.4348_-0.4802end-0.59_9.54_-1.82_-2.57_-4.48_2.24_37.69_-18.56_11.31_0.6185_0.4448_-0.4348_-0.4802end-0.59_9.54_-1.82_-2.57_-4.48_2.24_37.69_-19.62_10.81_0.6180_0.4448_-0.4351_-0.4805end-0.59_9.54_-1.82_-3.02_-6.15_2.13_37.69_-19.62_10.81_0.6175_0.4449_-0.4355_-0.4807end-0.57_9.55_-1.87_-3.02_-5.93_1.90_37.69_-19.62_10.81_0.6175_0.444,24.1293564,120.7289394,115.69999694824219
4627,9_-0.4355_-0.4807end-0.55_9.56_-1.86_-3.02_-5.93_1.90_37.69_-19.62_10.81_0.6171_0.4449_-0.4359_-0.4810end-0.54_9.53_-1.80_-2.69_-6.15_1.68_37.69_-19.62_10.81_0.6171_0.4449_-0.4359_-0.4810end,24.1293564,120.7289394,115.69999694824219
4628,,24.1293564,120.7289394,115.69999694824219
4629,,24.1293564,120.7289394,115.69999694824219
4630,,24.1293564,120.7289394,115.69999694824219
4631,,24.1293564,120.7289394,115.69999694824219
4632,,24.1293564,120.7289394,115.69999694824219
4633,-0.54_9.53_-1.80_-2.69_-6.15_1.68_37.69_-19.25_11.31_0.6164_0.4448_-0.4365_-0.4814end-0.47_9.52_-1.81_-2.69_-6.15_1.68_37.69_-19.25_11.31_0.6161_0.4448_-0.4366_-0.4815end-0.48_9.56_-1.83_-2.69_-6.15_1.68_37.69_-19.25_11.31_0.6161_0.4448_-0.4366_-0.4815end-0.45_9.55_-1.80_-2.69_-4.25_1.12_37.69_-19.25_11.31_0.6161_0.4448_-0.4366_-0.4815end-0.45_9.55_-1.83_-2.69_-4.25_1.12_37.69_-19.25_11.31_0.6154_0.4449_-0.4372_-0.4818end-0.55_9.55_-1.85_-2.69_-4.25_1.12_37.69_-19.25_11.31_0.6153_0.4450_-0.4373_-0.4818end-0.54_9.53_-1.88_-2.69_-4.25_1.12_37.69_-19.25_11.31_0.6152_0.4451_-0.4374_-0.4818end-0.54_9.53_-1.88_-2.69_-4.25_1.12_37.00_-18.94_10.81_0.6151_0.4452_-0.4375_-0.4818end-0.61_9.55_-1.82_-3.02_-1.12_0.67_37.00_-18.94_10.81_0.6148_0.4454_-0.4376_-0.4818end-0.66_9.55_-1.82_-3.36_-1.68_0.45_37.31_-18.94_8.56_0.6148_0.4454_-0.4376_-0.4818end,24.1293564,120.7289394,115.69999694824219
4634,,24.1293564,120.7289394,115.69999694824219
4635,,24.1293564,120.7289394,115.69999694824219
4636,,24.1293564,120.7289394,115.69999694824219
4637,,24.1293564,120.7289394,115.69999694824219
4638,,24.1293564,120.7289394,115.69999694824219
4639,,24.1293564,120.7289394,115.69999694824219
4640,,24.1293564,120.7289394,115.69999694824219
4641,-0.64_9.56_-1.77_-3.36_-1.68_0.45_37.31_-18.94_8.56_0.6146_0.4455_-0.4378_-0.4818end-0.66_9.56_-1.80_-3.58_-3.58_-0.11_37.31_-18.94_8.56_0.6146_0.4455_-0.4378_-0.4818end-0.66_9.56_-1.80_-3.47_-5.93_0.34_37.69_-19.94_10.81_0.6143_0.4456_-0.4382_-0.4819end-0.58_9.56_-1.79_-3.47_-5.93_0.34_37.69_-19.94_10.81_0.6139_0.4456_-0.4385_-0.4820end-0.59_9.59_-1.77_-3.58_-7.50_0.11_37.69_-19.94_10.81_0.6136_0.4455_-0.4388_-0.4821end-0.58_9.57_-1.74_-3.58_-7.50_0.11_37.31_-18.94_9.44_0.6136_0.4455_-0.4388_-0.4821end-0.50_9.56_-1.73_-3.69_-8.28_-0.45_37.31_-18.94_9.44_0.6130_0.4454_-0.4396_-0.4824end-0.49_9.55_-1.69_-3.69_-8.28_-0.45_37.31_-18.94_9.44_0.6127_0.4453_,24.1293564,120.7289394,115.69999694824219
4642,-0.4399_-0.4824end-0.49_9.56_-1.61_-3.69_-8.28_-0.45_37.31_-18.94_9.44_0.6127_0.4453_-0.4399_-0.4824end-0.46_9.56_-1.57_-3.69_-8.28_-0.45_38.06_-19.25_9.94_0.6127_0.4453_-0.4399_-0.4824end,24.1293564,120.7289394,115.69999694824219
4643,,24.1293564,120.7289394,115.69999694824219
4644,,24.1293564,120.7289394,115.69999694824219
4645,,24.1293564,120.7289394,115.69999694824219
4646,,24.1293564,120.7289394,115.69999694824219
4647,,24.1293564,120.7289394,115.69999694824219
4648,-0.49_9.57_-1.53_-3.69_-8.28_-0.45_38.06_-19.25_9.94_0.6118_0.4449_-0.4412_-0.4828end-0.49_9.57_-1.53_-3.69_-8.28_-0.45_37.69_-19.62_9.06_0.6115_0.4448_-0.4416_-0.4830end-0.45_9.55_-1.54_-3.69_-8.28_-0.45_37.69_-19.62_9.06_0.6113_0.4447_-0.4419_-0.4830end-0.42_9.55_-1.49_-3.25_-8.50_-1.12_37.69_-19.62_9.06_0.6113_0.4447_-0.4419_,24.1293564,120.7289394,115.69999694824219
4649,-0.4830end-0.42_9.55_-1.49_-2.80_-8.73_-1.23_37.69_-19.62_9.06_0.6108_0.4445_-0.4425_-0.4832end-0.42_9.55_-1.49_-2.80_-8.73_-1.23_37.69_-18.94_9.44_0.6104_0.4443_-0.4431_-0.4834end-0.43_9.57_-1.38_-2.80_-8.73_-1.23_37.69_-18.94_9.44_0.6104_0.4443_-0.4431_-0.4834end-0.43_9.59_-1.32_-3.02_-6.94_-2.24_37.69_-18.94_9.44_0.6104_0.4443_-0.4431_-0.4834end-0.43_9.59_-1.32_-3.02_-6.94_-2.24_38.06_-19.62_8.56_0.6097_0.4439_-0.4443_-0.4835end-0.45_9.55_-1.32_-3.02_-6.94_-2.24_38.06_-19.62_8.56_0.6096_0.4438_-0.4445_-0.4835end,24.1293564,120.7289394,115.69999694824219
4650,,24.1293564,120.7289394,115.69999694824219
4651,,24.1293564,120.7289394,115.69999694824219
4652,,24.1293564,120.7289394,115.69999694824219
4653,,24.1293564,120.7289394,115.69999694824219
4654,,24.1293564,120.7289394,115.69999694824219
4655,,24.1293564,120.7289394,115.69999694824219
4656,,24.1293564,120.7289394,115.69999694824219
4657,-0.43_9.55_-1.36_-2.80_-4.14_-2.80_38.06_-19.62_8.56_0.6096_0.4438_-0.4445_-0.4835end-0.43_9.55_-1.36_-2.80_-4.14_-2.80_38.06_-19.62_8.56_0.6094_0.4437_-0.4451_-0.4833end-0.45_9.55_-1.36_-2.80_-4.14_-2.80_38.06_-19.62_8.56_0.6094_0.4437_-0.4451_-0.4833end-0.45_9.55_-1.28_-2.13_-0.56_-3.13_38.06_-19.62_8.56_0.6094_0.4437_-0.4451_-0.4833end-0.45_9.55_-1.28_-2.13_-0.56_-3.13_37.69_-19.25_9.44_0.6094_0.4437_-0.4455_-0.4831end-0.49_9.57_-1.27_-1.79_0.56_-3.69_37.69_-19.25_9.44_0.6094_0.4437_-0.4457_-0.4828end-0.55_9.59_-1.20_-1.79_0.56_-3.69_37.31_-19.62_8.56_0.6095_0.4437_-0.4457_-0.4827end-0.64_9.60_-1.14_-1.45_1.57_-3.92_37.31_-19.62_8.56_0.6095_0.4437_-,24.1293564,120.7289394,115.69999694824219
4658,0.4457_-0.4827end-0.64_9.60_-1.14_-1.01_1.45_-4.25_37.31_-19.62_8.56_0.6096_0.4437_-0.4459_-0.4824end-0.66_9.57_-1.23_-1.01_1.45_-4.25_37.31_-19.62_8.56_0.6098_0.4438_-0.4459_-0.4821end,24.1293564,120.7289394,115.69999694824219
4659,,24.1293564,120.7289394,115.69999694824219
4660,,24.1293564,120.7289394,115.69999694824219
4661,,24.1293564,120.7289394,115.69999694824219
4662,,24.1293564,120.7289394,115.69999694824219
4663,-0.72_9.57_-1.17_-1.01_1.45_-4.25_37.31_-19.62_8.56_0.6098_0.4438_-0.4459_-0.4821end-0.72_9.57_-1.17_-1.01_1.45_-4.25_37.31_-19.62_8.56_0.6100_0.4437_-0.4462_-0.4816end-0.80_9.55_-1.26_-1.01_1.45_-4.25_37.31_-19.62_8.56_0.6101_0.4437_-0.4462_-0.4814end-0.86_9.57_-1.25_-1.01_1.45_-4.25_37.31_-19.62_8.56_0.6102_0.4437_-0.4463_-0.4,24.1293564,120.7289394,115.69999694824219
4664,813end-0.89_9.56_-1.30_-1.01_1.45_-4.25_37.31_-19.62_8.56_0.6102_0.4437_-0.4463_-0.4813end-0.92_9.59_-1.19_-0.45_4.03_-4.48_37.31_-19.62_8.56_0.6107_0.4437_-0.4463_-0.4807end-0.95_9.57_-1.25_-0.11_5.71_-4.59_37.31_-19.62_8.56_0.6108_0.4437_-0.4462_-0.4805end-0.96_9.57_-1.24_-0.11_5.71_-4.59_37.31_-19.62_8.56_0.6110_0.4438_-0.4461_-0.4802end-1.09_9.56_-1.28_0.00_6.38_-4.92_37.31_-19.62_8.56_0.6110_0.4438_-0.4461_-0.4802end-1.15_9.59_-1.25_0.00_6.38_-4.92_37.31_-19.62_8.56_0.6117_0.4440_-0.4459_-0.4796end,24.1293564,120.7289394,115.69999694824219
4665,,24.1293564,120.7289394,115.69999694824219
4666,,24.1293564,120.7289394,115.69999694824219
4667,,24.1293564,120.7289394,115.69999694824219
4668,,24.1293564,120.7289394,115.69999694824219
4669,,24.1293564,120.7289394,115.69999694824219
4670,-1.20_9.60_-1.28_0.00_6.38_-4.92_38.06_-19.62_9.44_0.6119_0.4440_-0.4458_-0.4793end-1.22_9.57_-1.30_0.90_4.48_-5.04_38.06_-19.62_9.44_0.6119_0.4440_-0.4458_-0.4793end-1.22_9.55_-1.36_0.90_4.48_-5.04_38.06_-19.62_9.44_0.6122_0.4440_-0.4457_-0.4789end-1.22_9.55_-1.36_0.90_4.48_-5.04_38.06_-19.62_9.44_0.6124_0.4440_-0.4457_-0.4788e,24.1293564,120.7289394,115.69999694824219
4671,nd-1.22_9.55_-1.36_0.67_1.23_-4.36_38.06_-19.62_9.44_0.6126_0.4439_-0.4457_-0.4785end-1.19_9.57_-1.42_0.67_1.23_-4.36_38.06_-19.62_9.44_0.6127_0.4438_-0.4458_-0.4784end-1.20_9.59_-1.50_0.67_1.23_-4.36_37.31_-17.87_9.94_0.6127_0.4438_-0.4458_-0.4784end-1.15_9.57_-1.47_1.01_0.22_-4.36_37.31_-17.87_9.94_0.6127_0.4438_-0.4458_-0.4784end-1.14_9.55_-1.48_1.01_0.22_-4.36_38.81_-18.94_9.94_0.6131_0.4435_-0.4460_-0.4780end-1.12_9.55_-1.49_1.01_0.22_-4.36_38.81_-18.94_9.94_0.6132_0.4434_-0.4461_-0.4779end,24.1293564,120.7289394,115.69999694824219
4672,,24.1293564,120.7289394,115.69999694824219
4673,,24.1293564,120.7289394,115.69999694824219
4674,,24.1293564,120.7289394,115.69999694824219
4675,,24.1293564,120.7289394,115.69999694824219
4676,,24.1293564,120.7289394,115.69999694824219
4677,-1.11_9.57_-1.48_1.23_-0.34_-4.70_38.06_-19.94_9.94_0.6132_0.4434_-0.4461_-0.4779end-1.07_9.57_-1.55_1.45_0.11_-4.48_38.06_-19.94_9.94_0.6132_0.4434_-0.4461_-0.4779end-1.05_9.55_-1.53_1.23_0.67_-4.48_38.44_-18.94_8.56_0.6132_0.4434_-0.4461_-0.4779end-1.05_9.55_-1.53_1.23_0.67_-4.48_38.44_-18.94_8.56_0.6136_0.4430_-0.4463_-0.4775,24.1293564,120.7289394,115.69999694824219
4678,end-1.10_9.57_-1.57_1.23_0.67_-4.48_38.44_-18.94_8.56_0.6137_0.4429_-0.4464_-0.4774end-1.09_9.55_-1.55_1.23_0.67_-4.48_38.44_-18.94_8.56_0.6140_0.4428_-0.4464_-0.4772end-1.13_9.55_-1.57_1.90_2.91_-4.25_38.44_-18.94_8.56_0.6140_0.4428_-0.4464_-0.4772end-1.13_9.55_-1.57_1.90_2.91_-4.25_38.44_-18.94_8.56_0.6145_0.4427_-0.4462_-0.4767end-1.17_9.59_-1.59_1.90_2.91_-4.25_38.44_-18.56_9.50_0.6146_0.4427_-0.4462_-0.4766end-1.16_9.56_-1.55_1.90_2.91_-4.25_38.44_-18.56_9.50_0.6147_0.4427_-0.4462_-0.4765end,24.1293564,120.7289394,115.69999694824219
4679,,24.1293564,120.7289394,115.69999694824219
4680,,24.1293564,120.7289394,115.69999694824219
4681,,24.1293564,120.7289394,115.69999694824219
4682,,24.1293564,120.7289394,115.69999694824219
4683,,24.1293564,120.7289394,115.69999694824219
4684,-1.15_9.55_-1.57_1.90_2.91_-4.25_38.44_-18.56_9.50_0.6147_0.4427_-0.4462_-0.4765end-1.12_9.55_-1.57_1.23_1.45_-4.59_38.44_-18.56_9.50_0.6151_0.4426_-0.4462_-0.4763end-1.09_9.55_-1.59_1.23_1.45_-4.59_38.44_-18.56_9.50_0.6153_0.4424_-0.4462_-0.4760end-1.07_9.55_-1.59_1.23_1.45_-4.59_38.44_-18.56_9.50_0.6154_0.4423_-0.4462_-0.4760end-1.07_9.54_-1.67_1.12_0.56_-4.48_38.44_-18.56_9.50_0.6154_0.4423_-0.4462_-0.4760end-1.06_9.55_-1.70_1.57_1.12_-4.48_38.81_-18.94_9.44_0.6154_0.4423_-0.4462_-0.4760end-1.06_9.52_-1.69_1.57_1.12_-4.48_38.81_-18.94_9.44_0.6159_0.4420_-0.4463_-0.4755end-1.07_9.54_-1.69_1.57_1.12_-4.48_37.69_-19.31_9.06_0.6161_0.4420_-0.4463_-0.475,24.1293564,120.7289394,115.69999694824219
4685,3end-1.07_9.54_-1.69_1.45_2.91_-4.70_37.69_-18.56_9.44_0.6162_0.4419_-0.4463_-0.4752end-1.07_9.52_-1.66_1.45_2.91_-4.70_37.69_-18.56_9.44_0.6165_0.4418_-0.4462_-0.4749end,24.1293564,120.7289394,115.69999694824219
4686,,24.1293564,120.7289394,115.69999694824219
4687,,24.1293564,120.7289394,115.69999694824219
4688,,24.1293564,120.7289394,115.69999694824219
4689,,24.1293564,120.7289394,115.69999694824219
4690,,24.1293564,120.7289394,115.69999694824219
4691,,24.1293564,120.7289394,115.69999694824219
4692,-1.07_9.52_-1.66_1.45_3.92_-4.59_38.81_-19.94_9.94_0.6167_0.4418_-0.4462_-0.4748end-1.12_9.55_-1.67_1.45_3.92_-4.59_38.81_-19.25_9.06_0.6169_0.4418_-0.4461_-0.4746end-1.12_9.54_-1.72_1.45_3.92_-4.59_38.81_-19.25_9.06_0.6169_0.4418_-0.4461_-0.4746end-1.12_9.54_-1.75_1.45_3.92_-4.59_38.81_-19.25_9.06_0.6173_0.4418_-0.4460_-0.4742e,24.1293564,120.7289394,115.69999694824219
