ID,data,latitude,longitude,altitude
1,,24.1396433,120.749923,114.80000305175781
2,,24.1396433,120.749923,114.80000305175781
3,-0.70_9.71_0.15_12.09_-35.70_-4.92_31.62_-25.81_-13.62_0.3960_0.4535_-0.5941_-0.5335end-0.93_9.73_0.11_12.09_-35.70_-4.92_31.62_-25.81_-13.62_0.3948_0.4511_-0.5949_-0.5354end-0.93_9.73_0.11_10.97_-34.36_-5.15_32.31_-26.12_-14.06_0.3948_0.4511_-0.5949_-0.5354end-0.71_9.72_0.05_10.97_-34.36_-5.15_32.31_-26.12_-14.06_0.3948_0.4511_,24.1396433,120.749923,114.80000305175781
4,-0.5949_-0.5354end-0.62_9.71_0.11_10.97_-34.36_-5.15_32.31_-26.12_-14.06_0.3924_0.4464_-0.5968_-0.5391end-0.62_9.71_0.11_10.97_-41.41_-3.80_31.62_-26.81_-14.06_0.3917_0.4451_-0.5973_-0.5401end-0.68_9.72_0.22_11.08_-42.30_-3.36_31.62_-26.81_-14.06_0.3917_0.4451_-0.5973_-0.5401end-0.69_9.75_0.35_10.85_-40.29_-3.47_32.31_-27.13_-13.19_0.3917_0.4451_-0.5973_-0.5401end-0.71_9.72_0.43_10.85_-40.29_-3.47_32.31_-27.13_-13.19_0.3885_0.4401_-0.5994_-0.5442end-0.61_9.76_0.62_10.85_-40.29_-3.47_31.94_-26.12_-14.94_0.3878_0.4388_-0.5999_-0.5452end,24.1396433,120.749923,114.80000305175781
5,,24.1396433,120.749923,114.80000305175781
6,,24.1396433,120.749923,114.80000305175781
7,,24.1396433,120.749923,114.80000305175781
8,,24.1396433,120.749923,114.80000305175781
9,,24.1396433,120.749923,114.80000305175781
10,,24.1396433,120.749923,114.80000305175781
11,-0.64_9.73_0.62_10.85_-40.29_-3.47_31.56_-28.19_-15.88_0.3871_0.4377_-0.6003_-0.5461end-0.64_9.76_0.66_9.40_-33.68_-2.91_31.56_-28.19_-15.88_0.3871_0.4377_-0.6003_-0.5461end-0.75_9.73_0.68_9.51_-33.80_-2.46_31.56_-28.19_-15.88_0.3871_0.4377_-0.6003_-0.5461end-0.82_9.76_0.68_9.40_-33.91_-2.01_31.56_-28.19_-15.88_0.3845_0.4335_-0.6019_-0.5495end-0.93_9.73_0.72_9.40_-33.91_-2.01_31.56_-28.19_-15.88_0.3839_0.4325_-0.6023_-0.5504end-1.20_9.81_0.87_9.40_-33.91_-2.01_31.56_-28.19_-15.88_0.3831_0.4315_-0.6027_-0.5513end-1.27_9.77_1.01_9.96_-33.91_-1.23_31.56_-28.19_-15.88_0.3831_0.4315_-0.6027_-0.5513end-1.27_9.77_1.01_9.96_-33.91_-1.23_31.56_-28.19_-15.88_0.3810_0.4282_-0.6038_-0.5540end-1.39_9.77_1.21_9.96_-33.91_-1.23_30.50_-26.50_-16.37_0.3810_0.4282_-0.6038_-0.5540end-1.39_9.77_1.21_9.51_-41.18_0.22_30.50_-26.50_-16.37_0.3802_0.4271_-0.6042_-0.5549end,24.1396433,120.749923,114.80000305175781
12,,24.1396433,120.749923,114.80000305175781
13,,24.1396433,120.749923,114.80000305175781
14,,24.1396433,120.749923,114.80000305175781
15,,24.1396433,120.749923,114.80000305175781
16,,24.1396433,120.749923,114.80000305175781
17,,24.1396433,120.749923,114.80000305175781
18,-1.39_9.77_1.21_9.51_-41.18_0.22_30.50_-26.50_-16.37_0.3785_0.4249_-0.6050_-0.5569end-1.51_9.78_1.24_9.62_-47.90_1.01_30.50_-26.50_-16.37_0.3774_0.4235_-0.6056_-0.5581end-1.51_9.78_1.24_9.62_-47.90_1.01_30.50_-26.50_-16.37_0.3774_0.4235_-0.6056_-0.5581end-1.51_9.78_1.24_10.07_-54.83_1.90_30.50_-26.50_-16.37_0.3736_0.4193_-0.6074,24.1396433,120.749923,114.80000305175781
19,_-0.5619end-1.31_9.80_1.36_10.07_-54.83_1.90_31.56_-26.19_-15.94_0.3736_0.4193_-0.6074_-0.5619end-1.20_9.78_1.39_10.07_-54.83_1.90_31.56_-26.19_-15.94_0.3736_0.4193_-0.6074_-0.5619end-1.08_9.79_1.46_10.07_-54.83_1.90_31.56_-26.19_-15.94_0.3674_0.4127_-0.6102_-0.5677end-0.83_9.81_1.59_10.07_-54.83_1.90_31.56_-26.19_-15.94_0.3674_0.4127_-0.6102_-0.5677end-0.69_9.78_1.59_11.41_-62.89_4.36_31.56_-26.19_-15.94_0.3674_0.4127_-0.6102_-0.5677end-0.69_9.78_1.59_11.41_-62.89_4.36_30.12_-26.56_-17.75_0.3626_0.4075_-0.6123_-0.5723end,24.1396433,120.749923,114.80000305175781
20,,24.1396433,120.749923,114.80000305175781
21,,24.1396433,120.749923,114.80000305175781
22,,24.1396433,120.749923,114.80000305175781
23,,24.1396433,120.749923,114.80000305175781
24,,24.1396433,120.749923,114.80000305175781
25,,24.1396433,120.749923,114.80000305175781
26,-0.51_9.76_1.64_11.41_-62.89_4.36_30.12_-26.56_-17.75_0.3595_0.4042_-0.6135_-0.5753end-0.46_9.77_1.64_11.41_-62.89_4.36_30.12_-26.56_-17.75_0.3580_0.4026_-0.6141_-0.5768end-0.35_9.73_1.63_11.41_-62.89_4.36_30.12_-26.56_-17.75_0.3580_0.4026_-0.6141_-0.5768end-0.29_9.77_1.64_12.42_-57.41_4.48_30.12_-26.56_-17.75_0.3580_0.4026_-0.6141_-0.5768end-0.29_9.78_1.64_12.42_-57.41_4.48_29.00_-27.62_-18.19_0.3580_0.4026_-0.6141_-0.5768end-0.18_9.77_1.53_12.42_-57.41_4.48_29.00_-27.62_-18.19_0.3507_0.3948_-0.6166_-0.5839end-0.18_9.77_1.53_13.09_-56.51_4.81_29.00_-27.62_-18.19_0.3493_0.3933_-0.6171_-0.5853end-0.13_9.76_1.41_13.09_-56.51_4.81_29.00_-27.62_-18.19_0.3493_0.3933_-0.6171_-0.5853end-0.13_9.76_1.41_13.99_-56.29_4.70_30.50_-27.25_-17.75_0.3493_0.3933_-0.6171_-0.5853end-0.13_9.76_1.41_13.99_-56.29_4.70_30.50_-27.25_-17.75_0.3436_0.3870_-0.6188_-0.5910end,24.1396433,120.749923,114.80000305175781
27,,24.1396433,120.749923,114.80000305175781
28,,24.1396433,120.749923,114.80000305175781
29,,24.1396433,120.749923,114.80000305175781
30,,24.1396433,120.749923,114.80000305175781
31,,24.1396433,120.749923,114.80000305175781
32,,24.1396433,120.749923,114.80000305175781
33,0.02_9.73_1.26_13.99_-56.29_4.70_30.50_-27.25_-17.75_0.3422_0.3854_-0.6191_-0.5925end0.18_9.75_1.25_13.99_-56.29_4.70_27.62_-26.56_-16.87_0.3422_0.3854_-0.6191_-0.5925end0.23_9.71_1.21_15.11_-55.17_4.70_27.62_-26.56_-16.87_0.3422_0.3854_-0.6191_-0.5925end0.23_9.71_1.21_15.11_-55.17_4.70_27.62_-26.56_-16.87_0.3368_0.3792_-0.6205_-0.5981end0.32_9.76_1.16_15.11_-55.17_4.70_27.62_-26.56_-16.87_0.3355_0.3777_-0.6208_-0.5994end0.34_9.70_1.13_15.55_-48.90_4.03_27.62_-26.56_-16.87_0.3355_0.3777_-0.6208_-0.5994end0.36_9.75_1.17_15.55_-46.44_4.36_27.62_-26.56_-16.87_0.3355_0.3777_-0.6208_-0.5994end0.36_9.75_1.17_15.55_-46.44_4.36_27.19_-28.25_-19.12_0.3320_0.3735_-0.6216_-0.6033end0.36_9.75_1.17_16.11_-43.64_4.36_27.19_-28.25_-19.12_0.3300_0.3708_-0.6219_-0.6057end0.39_9.71_1.13_16.11_-43.64_4.36_27.19_-28.25_-19.12_0.3289_0.3696_-0.6220_-0.6069end,24.1396433,120.749923,114.80000305175781
34,,24.1396433,120.749923,114.80000305175781
35,,24.1396433,120.749923,114.80000305175781
36,,24.1396433,120.749923,114.80000305175781
37,,24.1396433,120.749923,114.80000305175781
38,,24.1396433,120.749923,114.80000305175781
39,,24.1396433,120.749923,114.80000305175781
40,,24.1396433,120.749923,114.80000305175781
41,0.39_9.70_1.09_16.11_-43.64_4.36_27.19_-28.25_-19.12_0.3289_0.3696_-0.6220_-0.6069end0.39_9.70_1.09_16.79_-42.75_3.80_27.19_-28.25_-19.12_0.3269_0.3670_-0.6223_-0.6093end0.43_9.68_1.06_16.79_-42.75_3.80_27.19_-28.25_-19.12_0.3269_0.3670_-0.6223_-0.6093end0.43_9.68_1.06_16.79_-42.75_3.80_26.50_-27.62_-19.12_0.3239_0.3630_-0.6226_-0.6129end0.58_9.74_1.04_16.79_-42.75_3.80_26.50_-27.62_-19.12_0.3230_0.3618_-0.6227_-0.6141end0.53_9.69_0.96_17.35_-41.41_2.69_26.50_-27.62_-19.12_0.3230_0.3618_-0.6227_-0.6141end0.69_9.69_0.86_17.57_-40.96_2.91_26.50_-27.62_-19.12_0.3230_0.3618_-0.6227_-0.6141end0.64_9.71_0.92_17.57_-40.96_2.91_26.50_-27.62_-19.12_0.3193_0.3565_-0.6230_-0.6188end0.68_9.68_0.84_18.35_-39.50_2.57_26.50_-27.62_-19.12_0.3193_0.3565_-0.6230_-0.6188end0.68_9.68_0.84_18.35_-39.50_2.57_26.50_-27.62_-19.12_0.3167_0.3525_-0.6230_-0.6223end,24.1396433,120.749923,114.80000305175781
42,,24.1396433,120.749923,114.80000305175781
43,,24.1396433,120.749923,114.80000305175781
44,,24.1396433,120.749923,114.80000305175781
45,,24.1396433,120.749923,114.80000305175781
46,,24.1396433,120.749923,114.80000305175781
47,,24.1396433,120.749923,114.80000305175781
48,,24.1396433,120.749923,114.80000305175781
49,,24.1396433,120.749923,114.80000305175781
50,0.75_9.69_0.94_18.35_-39.50_2.57_26.50_-27.62_-19.12_0.3159_0.3513_-0.6230_-0.6234end0.74_9.70_1.00_19.58_-38.27_2.01_26.50_-27.62_-19.12_0.3159_0.3513_-0.6230_-0.6234end0.77_9.69_1.04_19.36_-37.82_1.12_26.50_-27.62_-19.12_0.3135_0.3474_-0.6230_-0.6268end0.82_9.70_1.08_19.36_-37.82_1.12_26.12_-28.62_-20.50_0.3128_0.3461_-0.6230_,24.1396433,120.749923,114.80000305175781
51,,24.1396433,120.749923,114.80000305175781
52,,24.1396433,120.749923,114.80000305175781
53,,24.1396433,120.749923,114.80000305175781
54,,24.1396433,120.749923,114.80000305175781
55,,24.1396433,120.749923,114.80000305175781
56,-0.6279end0.85_9.67_1.09_19.36_-37.82_1.12_26.12_-28.62_-20.50_0.3120_0.3447_-0.6229_-0.6291end0.93_9.64_1.06_19.36_-37.82_1.12_26.12_-28.62_-20.50_0.3113_0.3434_-0.6229_-0.6302end0.88_9.68_0.95_20.14_-37.15_0.45_26.12_-28.62_-20.50_0.3113_0.3434_-0.6229_-0.6302end0.97_9.65_0.94_20.37_-36.82_-0.11_26.12_-28.62_-20.50_0.3091_0.3395_-0.6228_-0.6335end1.05_9.64_0.95_20.37_-36.82_-0.11_26.12_-28.62_-20.50_0.3084_0.3381_-0.6227_-0.6346end1.06_9.67_0.92_20.37_-36.82_-0.11_25.37_-28.62_-20.50_0.3084_0.3381_-0.6227_-0.6346end1.09_9.61_0.91_20.37_-36.82_-0.11_25.37_-28.62_-20.12_0.3084_0.3381_-0.6227_-0.6346end1.17_9.64_0.91_20.37_-36.82_-0.11_25.37_-28.00_-20.00_0.3064_0.3340_-0.6225_-0.6380end1.23_9.64_0.89_22.49_-35.59_-2.01_25.37_-28.00_-20.00_0.3052_0.3312_-0.6223_-0.6403end1.40_9.61_0.87_22.49_-35.59_-2.01_25.37_-28.00_-20.00_0.3047_0.3300_-0.6,24.1396433,120.749923,114.80000305175781
57,221_-0.6413end1.43_9.61_0.89_23.39_-28.20_-3.13_25.37_-28.00_-20.00_0.3047_0.3300_-0.6221_-0.6413end1.45_9.60_0.79_23.39_-28.20_-3.13_25.37_-28.00_-20.00_0.3041_0.3275_-0.6217_-0.6432end1.45_9.60_0.79_23.72_-22.60_-4.36_25.37_-28.00_-20.00_0.3038_0.3263_-0.6214_-0.6442end1.42_9.59_0.56_23.72_-22.60_-4.36_25.37_-28.00_-20.00_0.30,24.1396433,120.749923,114.80000305175781
58,,24.1396433,120.749923,114.80000305175781
59,,24.1396433,120.749923,114.80000305175781
60,,24.1396433,120.749923,114.80000305175781
61,,24.1396433,120.749923,114.80000305175781
62,,24.1396433,120.749923,114.80000305175781
63,,24.1396433,120.749923,114.80000305175781
64,38_0.3263_-0.6214_-0.6442end1.41_9.55_0.46_23.72_-22.60_-4.36_25.37_-28.00_-20.00_0.3034_0.3231_-0.6205_-0.6470end1.42_9.58_0.48_25.07_-17.79_-5.71_25.37_-28.00_-20.00_0.3034_0.3231_-0.6205_-0.6470end,24.1396433,120.749923,114.80000305175781
65,,24.1396433,120.749923,114.80000305175781
66,,24.1396433,120.749923,114.80000305175781
67,,24.1396433,120.749923,114.80000305175781
68,,24.1396433,120.749923,114.80000305175781
69,,24.1396433,120.749923,114.80000305175781
70,,24.1396433,120.749923,114.80000305175781
71,,24.1396433,120.749923,114.80000305175781
72,,24.1396433,120.749923,114.80000305175781
73,,24.1396433,120.749923,114.80000305175781
74,,24.1396433,120.749923,114.80000305175781
75,,24.1396433,120.749923,114.80000305175781
76,1.42_9.58_0.48_25.07_-16.23_-6.38_25.37_-28.00_-20.00_0.3034_0.3210_-0.6198_-0.6487end1.42_9.58_0.48_25.07_-16.23_-6.38_25.37_-28.00_-20.00_0.3035_0.3200_-0.6194_-0.6495end1.38_9.57_0.46_25.07_-16.23_-6.38_25.37_-28.00_-20.00_0.3036_0.3190_-0.6190_-0.6503end1.37_9.54_0.40_25.96_-17.12_-7.61_25.37_-28.00_-20.00_0.3036_0.3190_-0.6190_-0.6503end1.40_9.51_0.34_25.96_-17.12_-7.61_23.19_-29.31_-20.12_0.3040_0.3148_-0.6174_-0.6537end1.47_9.51_0.28_25.96_-17.12_-7.61_23.19_-29.31_-20.12_0.3042_0.3137_-0.6170_-0.6545end1.48_9.52_0.25_25.96_-17.12_-7.61_25.00_-28.31_-21.87_0.3044_0.3126_-0.6166_-0.6553end1.48_9.52_0.25_26.97_-12.31_-9.74_25.00_-28.31_-21.87_0.3044_0.3126_-0.6166_-0.6553end1.44_9.52_0.14_27.31_-8.39_-10.18_25.00_-28.31_-21.87_0.3044_0.3126_-0.6166_-0.6553end1.32_9.59_0.34_27.31_-8.39_-10.18_24.25_-28.69_-21.00_0.3058_0.3087_-0.6146_-0.6583end1.12_9.48_0.27_27.31_-8.39_-10.18_24.25_-28.69_-21.00_0.3058_0.3087_-0.6146_-0.6583end1.12_9.48_0.27_27.31_-8.39_-10.18_26.12_-28.62_-20.50_0.3068_0.3068_-0.6136_-0.6597end1.20_9.49_0.31_28.98_-1.57_-12.42_26.12_-28.62_-20.50_0.3080_0.3051_-0.6124_-0.6611end1.16_9.48_0.51_28.98_-1.57_-12.42_25.75_-29.00_-19.62_0.3080_0.3051_-0.6,24.1396433,120.749923,114.80000305175781
77,124_-0.6611end1.16_9.48_0.51_29.32_3.58_-13.65_25.75_-29.00_-19.62_0.3087_0.3043_-0.6117_-0.6617end1.16_9.48_0.51_29.32_3.58_-13.65_25.75_-29.00_-19.62_0.3096_0.3036_-0.6110_-0.6623end1.16_9.48_0.51_29.32_3.58_-13.65_25.75_-29.00_-19.62_0.3114_0.3024_-0.6095_-0.6634end0.89_9.41_0.43_29.32_3.58_-13.65_25.75_-29.00_-19.62_0.3123_0.3018_-0.6088_-0.6639end0.89_9.41_0.43_31.67_8.39_-13.88_25.00_-29.69_-21.00_0.3144_0.3006_-0.6071_-0.6650end0.77_9.41_0.27_31.67_8.39_-13.88_25.00_-29.69_-21.00_0.3155_0.3000_-0.6062_-0.6656end,24.1396433,120.749923,114.80000305175781
78,0.62_9.38_0.06_31.67_8.39_-13.88_25.37_-30.00_-18.75_0.3155_0.3000_-0.6062_-0.6656end0.62_9.35_-0.02_33.12_9.18_-15.33_25.37_-30.00_-18.75_0.3188_0.2982_-0.6036_-0.6672end0.62_9.34_-0.11_33.12_9.18_-15.33_25.37_-30.00_-18.75_0.3199_0.2975_-0.6028_-0.6677end0.60_9.34_-0.21_33.12_9.18_-15.33_25.37_-30.00_-18.75_0.3199_0.2975_-0.6028_-0.6677end0.56_9.33_-0.38_33.12_9.18_-15.33_25.37_-30.00_-18.75_0.3219_0.2960_-0.6011_-0.6689end0.51_9.32_-0.54_34.47_3.58_-15.44_25.37_-30.00_-18.75_0.3239_0.2943_-0.5994_-0.6703end0.53_9.30_-0.75_34.47_5.04_-16.00_25.37_-30.00_-18.75_0.3239_0.2943_-0.5994_-0.6703end0.53_9.30_-0.75_34.47_5.04_-16.00_25.37_-30.00_-18.75_0.3259_0.2927_-0.5977_-0.6714end0.49_9.30_-1.11_34.47_5.04_-16.00_25.75_-28.94_-17.81_0.3259_0.2927_-0.5977_-0.6714end0.45_9.29_-1.25_34.69_8.28_-16.56_25.75_-28.94_-17.81_0.3293_0.2905_-0.5950_-0.6732end,24.1396433,120.749923,114.80000305175781
79,,24.1396433,120.749923,114.80000305175781
80,,24.1396433,120.749923,114.80000305175781
81,,24.1396433,120.749923,114.80000305175781
82,,24.1396433,120.749923,114.80000305175781
83,,24.1396433,120.749923,114.80000305175781
84,,24.1396433,120.749923,114.80000305175781
85,0.43_9.24_-1.34_34.47_12.31_-16.67_25.75_-28.94_-17.81_0.3304_0.2899_-0.5940_-0.6737end0.39_9.28_-1.43_34.47_12.31_-16.67_25.75_-28.94_-17.81_0.3304_0.2899_-0.5940_-0.6737end0.32_9.23_-1.46_34.69_18.24_-17.23_25.75_-28.94_-17.81_0.3304_0.2899_-0.5940_-0.6737end0.29_9.25_-1.44_34.91_21.93_-17.68_25.75_-28.94_-17.81_0.3304_0.2899_-0.5940_-0.6737end0.27_9.27_-1.44_34.91_21.93_-17.68_25.75_-28.94_-17.81_0.3378_0.2880_-0.5886_-0.6757end0.15_9.26_-1.37_34.91_21.93_-17.68_25.75_-28.94_-17.81_0.3395_0.2880_-0.5873_-0.6759end-0.05_9.21_-1.23_34.91_21.93_-17.68_25.75_-28.94_-17.81_0.3414_0.2880_-0.5859_-0.6761end-0.18_9.22_-1.18_35.81_45.10_-17.68_26.87_-30.62_-16.94_0.3414_0.2880_-0.5859_-0.6761end-0.23_9.20_-1.08_36.03_50.13_-17.46_27.25_-29.25_-16.44_0.3414_0.2880_-0.5859_-0.6761end-0.46_9.21_-0.89_35.92_55.62_-17.68_27.25_-29.25_-16.44_0.3505_0.2899_-0.5796_-0.6762end,24.1396433,120.749923,114.80000305175781
86,,24.1396433,120.749923,114.80000305175781
87,,24.1396433,120.749923,114.80000305175781
88,,24.1396433,120.749923,114.80000305175781
89,,24.1396433,120.749923,114.80000305175781
90,,24.1396433,120.749923,114.80000305175781
91,,24.1396433,120.749923,114.80000305175781
92,,24.1396433,120.749923,114.80000305175781
93,-0.55_9.23_-0.74_35.92_55.62_-17.68_27.87_-30.25_-14.69_0.3530_0.2908_-0.5778_-0.6760end-0.75_9.25_-0.62_36.93_67.70_-17.23_27.87_-30.25_-14.69_0.3530_0.2908_-0.5778_-0.6760end-0.75_9.25_-0.62_36.93_67.70_-17.23_27.25_-30.25_-15.06_0.3610_0.2938_-0.5720_-0.6754end-1.12_9.18_-0.36_36.93_67.70_-17.23_27.25_-30.25_-15.06_0.3638_0.2,24.1396433,120.749923,114.80000305175781
94,,24.1396433,120.749923,114.80000305175781
95,,24.1396433,120.749923,114.80000305175781
96,,24.1396433,120.749923,114.80000305175781
97,949_-0.5699_-0.6752end-1.21_9.18_-0.33_37.82_75.54_-15.22_27.25_-30.25_-15.06_0.3638_0.2949_-0.5699_-0.6752end-1.21_9.18_-0.33_37.82_75.54_-15.22_28.62_-29.56_-13.25_0.3722_0.2986_-0.5635_-0.6743end-1.41_9.17_-0.36_38.72_77.55_-13.76_28.62_-29.56_-13.25_0.3750_0.2999_-0.5614_-0.6740end-1.52_9.17_-0.30_38.72_77.55_-13.76_28.62_-29.56_-13.25_0.3750_0.2999_-0.5614_-0.6740end-1.52_9.17_-0.30_38.72_77.55_-13.76_28.31_-29.87_-13.25_0.3779_0.3013_-0.5591_-0.6737end-1.52_9.17_-0.30_39.61_77.10_-12.42_28.31_-29.87_-13.25_0.3834_0.3038_-0.5546_-0.6732end,24.1396433,120.749923,114.80000305175781
98,,24.1396433,120.749923,114.80000305175781
99,,24.1396433,120.749923,114.80000305175781
100,,24.1396433,120.749923,114.80000305175781
101,-1.41_9.13_-0.61_39.61_77.10_-12.42_28.31_-29.87_-13.25_0.3860_0.3051_-0.5523_-0.6729end-1.31_9.04_-0.91_40.17_75.98_-11.19_28.31_-29.87_-13.25_0.3888_0.3064_-0.5500_-0.6727end-1.32_9.05_-1.30_40.17_75.98_-11.19_29.37_-29.50_-12.37_0.3888_0.3064_-0.5500_-0.6727end-1.28_9.22_-1.82_39.39_71.17_-9.51_29.37_-29.50_-12.37_0.3990_0.3112_-0.5409_-0.6719end-1.07_12.39_-2.78_39.39_71.17_-9.51_29.75_-29.50_-9.69_0.4013_0.3122_-0.5388_-0.6718end-0.52_15.48_-3.08_39.39_71.17_-9.51_29.75_-29.50_-9.69_0.4036_0.3132_-0.5366_-0.6717end-0.52_15.48_-3.08_38.27_50.69_-6.60_29.44_-30.50_-8.75_0.4036_0.3132_-0.5366_-0.6717end-0.52_15.48_-3.08_32.12_18.24_-2.01_29.44_-30.50_-8.75_0.4072_0.3143_-0.5328_-0.6719end0.90_20.24_-2.48_32.12_18.24_-2.01_29.44_-30.50_-8.75_0.4072_0.3143_-0.5328_-0.6719end1.21_20.83_-4.70_22.49_-15.33_1.12_29.44_-30.50_-8.75_0.4072_0.3143_-0.5328_-0.6719end,24.1396433,120.749923,114.80000305175781
102,,24.1396433,120.749923,114.80000305175781
103,,24.1396433,120.749923,114.80000305175781
104,,24.1396433,120.749923,114.80000305175781
105,,24.1396433,120.749923,114.80000305175781
106,,24.1396433,120.749923,114.80000305175781
107,,24.1396433,120.749923,114.80000305175781
108,1.71_21.01_-5.45_18.69_-20.48_1.57_29.44_-30.50_-8.75_0.4072_0.3143_-0.5328_-0.6719end2.44_21.11_-5.70_18.69_-20.48_1.57_29.06_-30.12_-8.81_0.4084_0.3109_-0.5292_-0.6756end2.84_21.17_-5.78_18.69_-20.48_1.57_29.06_-30.12_-8.81_0.4083_0.3102_-0.5292_-0.6760end3.50_21.01_-4.34_18.69_-20.48_1.57_29.06_-30.12_-8.81_0.4083_0.3102_-0.5292_-0.6760end3.50_20.75_-4.14_1.34_10.74_1.79_29.06_-30.12_-8.81_0.4083_0.3102_-0.5292_-0.6760end3.29_20.36_-4.26_1.34_10.74_1.79_29.06_-30.12_-8.81_0.4094_0.3118_-0.5281_-0.6755end3.24_19.20_-4.80_1.34_10.74_1.79_29.06_-30.81_-8.31_0.4107_0.3138_-0.5273_-0.6744end3.11_18.66_-4.93_1.34_10.74_1.79_29.06_-30.81_-8.31_0.4123_0.3163_-0.5264_-0.6729end2.80_17.53_-4.65_-24.51_106.65_-2.57_29.06_-30.81_-8.31_0.4123_0.3163_-0.5264_-0.6729end2.02_16.43_-3.94_-24.51_106.65_-2.57_29.06_-30.81_-8.31_0.4185_0.3262_-0.5231_-0.6669end,24.1396433,120.749923,114.80000305175781
109,,24.1396433,120.749923,114.80000305175781
110,,24.1396433,120.749923,114.80000305175781
111,,24.1396433,120.749923,114.80000305175781
112,,24.1396433,120.749923,114.80000305175781
113,,24.1396433,120.749923,114.80000305175781
114,,24.1396433,120.749923,114.80000305175781
115,1.68_15.97_-3.64_-34.02_113.92_-2.01_29.06_-30.81_-8.31_0.4207_0.3300_-0.5220_-0.6646end1.38_15.05_-3.29_-34.02_113.92_-2.01_29.06_-30.81_-8.31_0.4207_0.3300_-0.5220_-0.6646end1.30_14.12_-3.20_-43.08_111.57_-2.46_29.06_-30.81_-8.31_0.4207_0.3300_-0.5220_-0.6646end1.30_13.66_-3.10_-47.00_106.87_-1.68_30.88_-30.12_-8.31_0.4207_0.3300_-0.5220_-0.6646end1.19_13.21_-2.94_-51.14_100.72_-0.78_30.88_-30.12_-8.31_0.4283_0.3455_-0.5190_-0.6541end1.19_13.21_-2.94_-51.14_100.72_-0.78_30.88_-30.12_-8.31_0.4297_0.3494_-0.5187_-0.6514end1.19_13.21_-2.94_-59.53_91.76_0.45_30.50_-30.12_-7.44_0.4297_0.3494_-0.5187_-0.6514end1.19_13.21_-2.94_-68.26_87.51_1.01_30.50_-30.12_-7.44_0.4330_0.3604_-0.5187_-0.6431end0.86_11.55_-1.89_-68.26_87.51_1.01_30.50_-30.12_-7.44_0.4338_0.3643_-0.5190_-0.6401end0.86_11.55_-1.89_-75.98_84.60_1.79_30.50_-30.12_-7.44_0.4345_0.3680_-0.5195_-0.6371end,24.1396433,120.749923,114.80000305175781
116,,24.1396433,120.749923,114.80000305175781
117,,24.1396433,120.749923,114.80000305175781
118,,24.1396433,120.749923,114.80000305175781
119,,24.1396433,120.749923,114.80000305175781
120,,24.1396433,120.749923,114.80000305175781
121,,24.1396433,120.749923,114.80000305175781
122,0.99_10.79_-1.77_-75.98_84.60_1.79_30.50_-30.12_-7.44_0.4356_0.3759_-0.5206_-0.6307end0.86_9.95_-1.36_-75.98_84.60_1.79_30.50_-30.12_-7.44_0.4356_0.3759_-0.5206_-0.6307end0.77_9.40_-1.10_-90.31_90.76_2.35_30.50_-30.12_-7.44_0.4356_0.3759_-0.5206_-0.6307end0.77_9.40_-1.10_-90.31_90.76_2.35_30.94_-29.37_-5.62_0.4371_0.3884_-0.5227,24.1396433,120.749923,114.80000305175781
123,,24.1396433,120.749923,114.80000305175781
124,_-0.6204end0.76_8.79_-0.91_-90.31_90.76_2.35_30.94_-29.37_-5.62_0.4381_0.3974_-0.5242_-0.6127end0.75_8.50_-0.81_-103.51_103.74_2.24_30.94_-29.37_-5.62_0.4386_0.4020_-0.5249_-0.6086end0.62_7.60_-0.36_-103.51_103.74_2.24_30.94_-29.37_-5.62_0.4391_0.4070_-0.5257_-0.6043end0.62_7.60_-0.36_-109.33_107.65_1.23_32.38_-28.00_-5.56_0.439,24.1396433,120.749923,114.80000305175781
125,,24.1396433,120.749923,114.80000305175781
126,1_0.4070_-0.5257_-0.6043end0.54_7.36_-0.15_-109.33_107.65_1.23_32.38_-28.00_-5.56_0.4400_0.4167_-0.5273_-0.5956end0.54_7.36_-0.15_-115.26_111.01_0.45_31.62_-29.06_-6.00_0.4404_0.4219_-0.5282_-0.5908end,24.1396433,120.749923,114.80000305175781
127,,24.1396433,120.749923,114.80000305175781
128,,24.1396433,120.749923,114.80000305175781
129,,24.1396433,120.749923,114.80000305175781
130,0.54_7.36_-0.15_-117.61_111.12_0.34_31.62_-29.06_-6.00_0.4404_0.4219_-0.5282_-0.5908end0.54_7.36_-0.15_-120.19_110.23_0.00_31.62_-29.06_-6.00_0.4404_0.4219_-0.5282_-0.5908end0.54_7.36_-0.15_-120.19_110.23_0.00_31.62_-29.06_-5.56_0.4404_0.4219_-0.5282_-0.5908end0.54_7.36_-0.15_-127.01_96.80_-0.78_31.62_-29.06_-5.56_0.4404_0.4219_-0.5282_-0.5908end-0.09_5.10_1.59_-127.01_96.80_-0.78_31.62_-29.06_-5.56_0.4409_0.4567_-0.5357_-0.5569end-0.06_5.03_1.64_-127.01_96.80_-0.78_31.62_-29.06_-5.56_0.4404_0.4612_-0.5371_-0.5521end-0.04_4.94_1.71_-127.01_96.80_-0.78_31.62_-29.06_-5.56_0.4398_0.4657_-0.5387_-0.5473end0.06_4.77_1.85_-127.01_96.80_-0.78_31.62_-29.06_-5.,24.1396433,120.749923,114.80000305175781
131,56_0.4382_0.4745_-0.5420_-0.5377end0.09_4.70_1.90_-127.01_96.80_-0.78_32.75_-29.06_-6.87_0.4372_0.4787_-0.5437_-0.5330end0.27_4.66_2.05_-127.01_96.80_-0.78_32.75_-29.06_-6.87_0.4362_0.4828_-0.5455_-0.5283end,24.1396433,120.749923,114.80000305175781
132,,24.1396433,120.749923,114.80000305175781
133,,24.1396433,120.749923,114.80000305175781
134,,24.1396433,120.749923,114.80000305175781
135,,24.1396433,120.749923,114.80000305175781
136,,24.1396433,120.749923,114.80000305175781
137,0.39_4.69_2.16_-134.40_67.59_-2.91_32.75_-29.06_-6.87_0.4362_0.4828_-0.5455_-0.5283end0.39_4.69_2.16_-134.40_67.59_-2.91_31.62_-27.69_-8.25_0.4339_0.4911_-0.5491_-0.5187end0.39_4.69_2.16_-134.85_65.46_-3.13_31.62_-27.69_-8.25_0.4327_0.4950_-0.5510_-0.5140end0.39_4.69_2.16_-134.85_65.46_-3.13_31.62_-27.69_-8.25_0.4313_0.4990_-0.5,24.1396433,120.749923,114.80000305175781
138,,24.1396433,120.749923,114.80000305175781
139,529_-0.5092end0.39_4.69_2.16_-133.95_59.09_-4.70_31.62_-27.69_-8.25_0.4286_0.5064_-0.5567_-0.4999end0.50_4.38_2.42_-133.95_59.09_-4.70_31.62_-27.69_-8.25_0.4286_0.5064_-0.5567_-0.4999end0.50_4.38_2.42_-132.27_50.69_-6.27_31.62_-27.69_-8.25_0.4257_0.5136_-0.5606_-0.4906end0.47_4.27_2.53_-132.27_50.69_-6.27_31.62_-27.69_-8.25_0.4257_0.5136_-0.5606_-0.4906end0.46_4.15_2.53_-132.27_50.69_-6.27_31.62_-27.69_-8.25_0.4207_0.5236_-0.5667_-0.4772end0.46_4.20_2.49_-129.36_41.74_-6.94_31.62_-27.69_-8.25_0.4207_0.5236_-0.5667_-0.4772end,24.1396433,120.749923,114.80000305175781
140,,24.1396433,120.749923,114.80000305175781
141,,24.1396433,120.749923,114.80000305175781
142,,24.1396433,120.749923,114.80000305175781
143,,24.1396433,120.749923,114.80000305175781
144,0.46_4.43_2.40_-129.36_41.74_-6.94_31.62_-27.69_-8.25_0.4171_0.5295_-0.5709_-0.4687end0.46_4.43_2.40_-124.89_33.12_-7.83_32.75_-26.44_-10.50_0.4152_0.5325_-0.5731_-0.4644end0.46_4.43_2.40_-123.77_31.67_-8.39_32.75_-26.44_-10.50_0.4114_0.5379_-0.5772_-0.4563end-0.09_4.20_3.01_-123.77_31.67_-8.39_32.75_-26.44_-10.50_0.4095_0.5405_,24.1396433,120.749923,114.80000305175781
145,-0.5793_-0.4524end0.01_4.07_3.24_-123.77_31.67_-8.39_33.50_-26.06_-9.56_0.4095_0.5405_-0.5793_-0.4524end0.20_4.18_2.68_-118.51_24.28_-8.95_33.81_-25.37_-10.00_0.4095_0.5405_-0.5793_-0.4524end0.20_4.18_2.68_-116.61_18.69_-10.52_33.81_-25.37_-10.00_0.4033_0.5475_-0.5858_-0.4410end0.20_4.18_2.68_-116.61_18.69_-10.52_33.44_-25.37_-11.38_0.4011_0.5498_-0.5880_-0.4373end0.20_4.18_2.68_-115.15_11.75_-10.63_33.44_-25.37_-11.38_0.3968_0.5538_-0.5923_-0.4302end0.55_4.64_2.84_-115.15_11.75_-10.63_33.44_-25.37_-11.38_0.3943_0.5557_-0.5946_-0.4268end,24.1396433,120.749923,114.80000305175781
146,,24.1396433,120.749923,114.80000305175781
147,,24.1396433,120.749923,114.80000305175781
148,,24.1396433,120.749923,114.80000305175781
149,,24.1396433,120.749923,114.80000305175781
150,,24.1396433,120.749923,114.80000305175781
151,,24.1396433,120.749923,114.80000305175781
152,,24.1396433,120.749923,114.80000305175781
153,0.55_4.64_2.84_-111.23_0.34_-8.84_33.44_-25.37_-11.38_0.3919_0.5574_-0.5968_-0.4236end0.33_4.95_2.19_-111.23_0.34_-8.84_33.44_-25.37_-11.38_0.3868_0.5605_-0.6013_-0.4178end-0.04_5.10_2.50_-111.23_0.34_-8.84_33.44_-25.37_-11.38_0.3868_0.5605_-0.6013_-0.4178end-0.14_5.27_2.82_-102.84_-4.59_-8.17_33.44_-25.37_-11.38_0.3868_0.5605_-0.6013_-0.4178end-0.14_5.27_2.82_-99.37_0.34_-8.95_34.19_-25.06_-13.62_0.3791_0.5649_-0.6078_-0.4095end-0.14_5.27_2.82_-96.80_2.13_-8.50_34.19_-25.06_-13.62_0.3745_0.5677_-0.6119_-0.4039end0.06_5.54_2.82_-96.80_2.13_-8.50_33.13_-24.06_-13.13_0.3723_0.5690_-0.6137_-0.4011end-0.33_5.61_2.62_-92.10_4.92_-7.83_33.13_-24.06_-13.13_0.3723_0.5690_-0.6137_-0.4011end-0.33_5.61_2.62_-87.17_10.18_-7.61_33.13_-24.06_-13.13_0.3682_0.5718_-0.6172_-0.3956end-0.33_5.61_2.62_-87.17_10.18_-7.61_33.13_-24.06_-13.13_0.3646_0.5745_-0.6203_-0.3901end,24.1396433,120.749923,114.80000305175781
154,,24.1396433,120.749923,114.80000305175781
155,,24.1396433,120.749923,114.80000305175781
156,,24.1396433,120.749923,114.80000305175781
157,,24.1396433,120.749923,114.80000305175781
158,,24.1396433,120.749923,114.80000305175781
159,,24.1396433,120.749923,114.80000305175781
160,-0.55_5.78_3.06_-87.17_10.18_-7.61_33.81_-23.69_-13.62_0.3646_0.5745_-0.6203_-0.3901end-0.53_5.89_3.12_-76.32_11.08_-6.83_34.56_-23.75_-14.87_0.3646_0.5745_-0.6203_-0.3901end-0.53_5.89_3.12_-76.32_11.08_-6.83_34.56_-23.75_-14.87_0.3583_0.5796_-0.6257_-0.3796end-0.69_6.21_3.30_-76.32_11.08_-6.83_33.81_-23.38_-14.00_0.3583_0.5796_,24.1396433,120.749923,114.80000305175781
161,-0.6257_-0.3796end-0.69_6.21_3.30_-67.93_0.22_-5.26_33.81_-23.38_-14.00_0.3583_0.5796_-0.6257_-0.3796end-0.79_6.29_3.23_-65.02_-3.92_-5.04_34.19_-23.38_-14.87_0.3583_0.5796_-0.6257_-0.3796end-0.70_6.70_3.27_-65.02_-3.92_-5.04_34.19_-23.38_-14.87_0.3517_0.5833_-0.6308_-0.3718end-0.70_6.70_3.27_-55.95_-19.14_-3.47_34.19_-23.38_-14.87_0.3517_0.5833_-0.6308_-0.3718end-0.70_6.70_3.27_-55.95_-19.14_-3.47_34.19_-23.38_-14.87_0.3462_0.5848_-0.6346_-0.3681end-0.70_6.70_3.27_-55.95_-19.14_-3.47_33.81_-22.37_-16.75_0.3442_0.5850_-0.6359_-0.3672end,24.1396433,120.749923,114.80000305175781
162,,24.1396433,120.749923,114.80000305175781
163,,24.1396433,120.749923,114.80000305175781
164,,24.1396433,120.749923,114.80000305175781
165,,24.1396433,120.749923,114.80000305175781
166,,24.1396433,120.749923,114.80000305175781
167,-0.48_7.76_2.95_-55.95_-19.14_-3.47_33.81_-22.37_-16.75_0.3442_0.5850_-0.6359_-0.3672end-0.50_7.86_2.85_-43.76_-32.12_-1.34_33.81_-22.37_-16.75_0.3381_0.5855_-0.6396_-0.3657end-0.39_7.92_2.79_-43.76_-32.12_-1.34_33.81_-22.37_-16.75_0.3362_0.5855_-0.6408_-0.3654end-0.43_7.94_2.86_-43.76_-32.12_-1.34_33.44_-22.00_-15.75_0.3362_0.5855_-0.6408_-0.3654end-0.44_7.97_2.88_-28.31_-38.27_0.22_33.44_-22.00_-15.75_0.3362_0.5855_-0.6408_-0.3654end-0.44_7.97_2.88_-28.31_-38.27_0.22_33.81_-21.69_-17.62_0.3306_0.5853_-0.6440_-0.3652end-0.44_7.97_2.88_-28.31_-38.27_0.22_33.81_-21.69_-17.62_0.3270_0.5848_-0.6461_-0.3657end-0.29_8.41_2.93_-28.31_-38.27_0.22_33.06_-22.06,24.1396433,120.749923,114.80000305175781
168,_-17.12_0.3252_0.5844_-0.6470_-0.3663end-0.05_8.59_2.79_-28.31_-38.27_0.22_33.06_-22.06_-17.12_0.3252_0.5844_-0.6470_-0.3663end0.07_8.80_2.71_-28.31_-38.27_0.22_33.06_-22.06_-17.12_0.3215_0.5833_-0.6489_-0.3680end,24.1396433,120.749923,114.80000305175781
169,,24.1396433,120.749923,114.80000305175781
170,,24.1396433,120.749923,114.80000305175781
171,,24.1396433,120.749923,114.80000305175781
172,,24.1396433,120.749923,114.80000305175781
173,,24.1396433,120.749923,114.80000305175781
174,0.16_8.88_2.70_-9.40_-60.43_1.57_33.06_-22.06_-17.12_0.3174_0.5817_-0.6508_-0.3705end0.18_8.99_2.72_-9.40_-60.43_1.57_33.06_-22.06_-17.12_0.3156_0.5808_-0.6517_-0.3719end0.21_9.21_2.70_-9.40_-60.43_1.57_33.81_-21.00_-18.50_0.3137_0.5798_-0.6526_-0.3735end0.37_9.63_2.73_-9.40_-60.43_1.57_33.81_-21.00_-18.50_0.3120_0.5788_-0.6534_-0.3751end0.41_9.79_2.70_8.06_-56.85_-0.45_33.81_-21.00_-18.50_0.3091_0.5768_-0.6548_-0.3783end0.41_10.10_2.57_8.06_-56.85_-0.45_33.81_-21.00_-18.50_0.3079_0.5757_-0.6553_-0.3799end0.41_10.10_2.57_8.06_-56.85_-0.45_32.31_-21.37_-19.44_0.3071_0.5747_-0.6557_-0.3815end0.33_10.88_2.40_8.06_-56.85_-0.45_32.31_-21.37_-19.44_0.3071_0.,24.1396433,120.749923,114.80000305175781
175,5747_-0.6557_-0.3815end0.27_11.16_2.27_25.18_-39.73_-3.47_32.31_-21.37_-19.44_0.3071_0.5747_-0.6557_-0.3815end0.24_11.28_2.21_32.01_-40.40_-4.36_31.25_-22.06_-18.06_0.3071_0.5747_-0.6557_-0.3815end,24.1396433,120.749923,114.80000305175781
176,,24.1396433,120.749923,114.80000305175781
177,,24.1396433,120.749923,114.80000305175781
178,,24.1396433,120.749923,114.80000305175781
179,,24.1396433,120.749923,114.80000305175781
180,,24.1396433,120.749923,114.80000305175781
181,0.26_11.47_2.05_35.92_-42.19_-4.92_31.25_-22.06_-18.06_0.3051_0.5703_-0.6566_-0.3881end0.25_11.60_2.06_35.92_-42.19_-4.92_31.25_-22.06_-18.06_0.3046_0.5676_-0.6567_-0.3922end0.24_11.66_2.08_42.97_-45.88_-5.82_31.25_-22.06_-18.06_0.3046_0.5676_-0.6567_-0.3922end0.28_11.72_2.18_42.97_-45.88_-5.82_31.25_-22.06_-18.06_0.3042_0.5629_,24.1396433,120.749923,114.80000305175781
182,-0.6567_-0.3991end0.20_11.62_2.27_42.97_-45.88_-5.82_31.94_-21.75_-20.31_0.3043_0.5612_-0.6566_-0.4016end0.21_11.54_2.21_42.97_-45.88_-5.82_32.31_-22.44_-18.56_0.3043_0.5612_-0.6566_-0.4016end0.06_11.46_1.92_61.55_-42.30_-10.18_32.31_-22.44_-18.56_0.3047_0.5576_-0.6562_-0.4069end0.06_11.46_1.92_65.02_-38.50_-11.30_31.56_-23.81_-19.94_0.3047_0.5576_-0.6562_-0.4069end0.06_11.46_1.92_68.71_-35.25_-11.97_31.56_-23.81_-19.94_0.3070_0.5520_-0.6550_-0.4147end0.16_11.68_1.84_68.71_-35.25_-11.97_31.56_-23.81_-19.94_0.3081_0.5500_-0.6544_-0.4175end,24.1396433,120.749923,114.80000305175781
183,,24.1396433,120.749923,114.80000305175781
184,,24.1396433,120.749923,114.80000305175781
185,,24.1396433,120.749923,114.80000305175781
186,,24.1396433,120.749923,114.80000305175781
187,,24.1396433,120.749923,114.80000305175781
188,,24.1396433,120.749923,114.80000305175781
189,0.16_11.68_1.84_78.33_-31.89_-12.87_31.56_-23.81_-19.94_0.3093_0.5480_-0.6537_-0.4203end-0.25_11.43_1.12_78.33_-31.89_-12.87_31.56_-23.81_-19.94_0.3105_0.5460_-0.6530_-0.4231end-0.48_11.17_0.43_84.27_-28.98_-14.77_31.56_-23.81_-19.94_0.3134_0.5418_-0.6514_-0.4289end-0.55_11.12_0.21_84.27_-28.98_-14.77_31.94_-22.81_-19.44_0.3150_0.5397_-0.6505_-0.4318end-0.38_11.01_0.03_84.27_-28.98_-14.77_31.94_-22.81_-19.44_0.3150_0.5397_-0.6505_-0.4318end-0.38_10.90_-0.02_84.27_-28.98_-14.77_31.19_-23.81_-19.94_0.3201_0.5328_-0.6475_-0.4409end-0.54_10.75_-0.06_84.27_-28.98_-14.77_31.19_-23.50_-19.87_0.3219_0.5302_-0.6464_-0.4445end-3.66_9.26_-3.20_84.27_-28.98_-14.77_31.19_-23.50_-19.87_0.3239_0.5270_-0.6450_-0.4487end11.71_12.32_36.09_84.27_-28.98_-14.77_31.19_-23.50_-19.87_0.3262_0.5244_-0.6432_-0.4527end-9.47_11.30_40.57_-52.93_-180.95_12.53_31.19_-23.50_-19.87_0.3262_0.5244_-0.6432_-0.4527end,24.1396433,120.749923,114.80000305175781
190,,24.1396433,120.749923,114.80000305175781
191,,24.1396433,120.749923,114.80000305175781
192,,24.1396433,120.749923,114.80000305175781
193,,24.1396433,120.749923,114.80000305175781
194,,24.1396433,120.749923,114.80000305175781
195,,24.1396433,120.749923,114.80000305175781
196,,24.1396433,120.749923,114.80000305175781
197,-9.47_11.30_40.57_-52.93_-180.95_12.53_31.19_-23.50_-19.87_0.3167_0.5173_-0.6463_-0.4630end-3.41_7.89_6.22_-52.93_-180.95_12.53_31.19_-23.50_-19.87_0.3137_0.5166_-0.6479_-0.4635end2.33_6.77_-9.91_-39.28_-16.00_-9.18_31.19_-23.50_-19.87_0.3137_0.5166_-0.6479_-0.4635end-0.55_7.55_-0.32_8.39_7.95_-10.97_31.19_-23.50_-19.87_0.3127_0.5163_-0.6498_-0.4620end1.24_7.57_-3.33_26.41_32.12_-12.20_30.12_-23.81_-19.50_0.3143_0.5162_-0.6492_-0.4619end-0.21_8.41_-4.62_26.41_32.12_-12.20_30.12_-23.81_-19.50_0.3143_0.5162_-0.6492_-0.4619end-1.55_7.66_-3.53_26.41_32.12_-12.20_30.12_-23.81_-19.50_0.3201_0.5146_-0.6459_-0.4642end-0.54_10.03_3.37_66.02_21.26_-8.06_30.50_-24.12_-18.12_0.3224_0.5139_-0.6444_-0.4654end-1.97_9.12_5.45_55.17_3.25_-5.04_30.50_-24.12_-18.12_0.3224_0.5139_-0.6444_-0.4654end-1.97_9.12_5.45_53.04_-7.27_-5.26_29.75_-24.50_-19.94_0.3224_0.5139_-0.6444_-0.4654end,24.1396433,120.749923,114.80000305175781
198,,24.1396433,120.749923,114.80000305175781
199,,24.1396433,120.749923,114.80000305175781
200,,24.1396433,120.749923,114.80000305175781
201,,24.1396433,120.749923,114.80000305175781
202,,24.1396433,120.749923,114.80000305175781
203,,24.1396433,120.749923,114.80000305175781
204,-1.97_9.12_5.45_23.05_-22.94_-0.90_29.75_-24.50_-19.94_0.3265_0.5101_-0.6411_-0.4714end0.12_9.30_5.11_23.05_-22.94_-0.90_29.75_-24.50_-19.94_0.3265_0.5101_-0.6411_-0.4714end-1.18_8.82_4.47_23.05_-22.94_-0.90_29.75_-24.50_-19.94_0.3265_0.5101_-0.6411_-0.4714end-0.80_8.66_-0.15_17.01_-10.74_-4.59_29.75_-24.50_-19.94_0.3259_0.5071_,24.1396433,120.749923,114.80000305175781
205,,24.1396433,120.749923,114.80000305175781
206,,24.1396433,120.749923,114.80000305175781
207,-0.6412_-0.4749end-0.12_8.41_-1.76_17.01_-10.74_-4.59_29.75_-24.50_-19.94_0.3260_0.5063_-0.6411_-0.4758end-0.70_8.63_-1.88_17.01_-10.74_-4.59_29.75_-24.50_-19.94_0.3260_0.5054_-0.6409_-0.4770end0.46_8.55_-1.76_34.36_-36.37_-2.24_29.75_-24.50_-19.94_0.3260_0.5054_-0.6409_-0.4770end0.46_8.55_-1.76_34.36_-36.37_-2.24_30.50_-25.56_-18.62_0.3256_0.5028_-0.6406_-0.4805end0.46_8.55_-1.76_43.08_-48.34_-2.69_30.81_-24.87_-20.37_0.3253_0.5012_-0.6404_-0.4825end0.46_8.55_-1.76_44.20_-52.04_-3.02_30.81_-24.87_-20.37_0.3248_0.4995_-0.6403_-0.4848end,24.1396433,120.749923,114.80000305175781
208,,24.1396433,120.749923,114.80000305175781
209,,24.1396433,120.749923,114.80000305175781
210,,24.1396433,120.749923,114.80000305175781
211,,24.1396433,120.749923,114.80000305175781
212,,24.1396433,120.749923,114.80000305175781
213,0.46_8.55_-1.76_39.95_-56.06_-3.36_30.12_-25.19_-19.00_0.3248_0.4995_-0.6403_-0.4848end0.46_8.55_-1.76_33.91_-56.74_-3.36_30.12_-25.19_-19.00_0.3248_0.4995_-0.6403_-0.4848end0.46_8.55_-1.76_33.91_-56.74_-3.36_30.12_-25.19_-19.00_0.3213_0.4907_-0.6407_-0.4954end1.05_9.13_4.31_33.91_-56.74_-3.36_30.12_-25.19_-19.00_0.3213_0.4907_-0.6407_-0.4954end0.71_8.99_2.77_23.39_-41.63_-1.23_30.12_-25.56_-19.94_0.3213_0.4907_-0.6407_-0.4954end0.59_8.92_1.34_25.74_-36.37_-1.34_30.12_-25.56_-19.94_0.3188_0.4855_-0.6411_-0.5016end0.41_8.97_1.28_25.74_-36.37_-1.34_30.12_-25.56_-19.94_0.3185_0.4844_-0.6410_-0.5031end0.62_9.09_1.38_25.74_-36.37_-1.34_30.12_-25.56_-19.94_0,24.1396433,120.749923,114.80000305175781
214,.3185_0.4844_-0.6410_-0.5031end0.74_9.13_1.75_32.45_-32.68_-4.48_30.12_-25.56_-20.00_0.3185_0.4844_-0.6410_-0.5031end0.86_9.16_2.00_32.45_-32.68_-4.48_30.12_-25.56_-20.00_0.3177_0.4791_-0.6405_-0.5092end,24.1396433,120.749923,114.80000305175781
215,,24.1396433,120.749923,114.80000305175781
216,,24.1396433,120.749923,114.80000305175781
217,,24.1396433,120.749923,114.80000305175781
218,,24.1396433,120.749923,114.80000305175781
219,1.38_9.26_2.67_32.45_-32.68_-4.48_30.12_-25.56_-20.00_0.3170_0.4774_-0.6406_-0.5110end1.46_9.25_2.65_32.45_-32.68_-4.48_29.00_-25.25_-20.00_0.3162_0.4756_-0.6409_-0.5130end1.51_9.20_2.09_32.45_-32.68_-4.48_29.00_-25.25_-20.00_0.3162_0.4756_-0.6409_-0.5130end1.40_9.16_1.36_32.45_-32.68_-4.48_29.00_-25.25_-20.00_0.3127_0.4699_-0.6,24.1396433,120.749923,114.80000305175781
220,419_-0.5190end1.29_9.14_0.89_32.45_-32.68_-4.48_29.37_-26.25_-19.56_0.3115_0.4680_-0.6423_-0.5210end1.29_9.13_0.45_32.45_-32.68_-4.48_29.37_-26.25_-19.56_0.3115_0.4680_-0.6423_-0.5210end1.40_9.17_0.35_26.30_-49.91_-6.15_29.37_-26.25_-19.56_0.3115_0.4680_-0.6423_-0.5210end1.40_9.17_0.35_26.30_-49.91_-6.15_28.62_-26.31_-21.31_0.3091_0.4630_-0.6429_-0.5261end1.40_9.17_0.35_26.63_-38.05_-7.83_28.62_-26.31_-21.31_0.3082_0.4599_-0.6431_-0.5291end1.87_9.22_1.07_26.63_-38.05_-7.83_27.87_-25.94_-21.31_0.3079_0.4584_-0.6432_-0.5304end,24.1396433,120.749923,114.80000305175781
221,,24.1396433,120.749923,114.80000305175781
222,,24.1396433,120.749923,114.80000305175781
223,,24.1396433,120.749923,114.80000305175781
224,,24.1396433,120.749923,114.80000305175781
225,,24.1396433,120.749923,114.80000305175781
226,,24.1396433,120.749923,114.80000305175781
227,2.06_9.32_1.84_26.63_-38.05_-7.83_27.87_-25.94_-21.31_0.3079_0.4584_-0.6432_-0.5304end2.04_9.34_1.95_26.63_-38.05_-7.83_29.00_-25.94_-19.94_0.3079_0.4584_-0.6432_-0.5304end1.98_9.33_2.10_26.63_-38.05_-7.83_29.00_-25.94_-19.94_0.3073_0.4532_-0.6432_-0.5353end2.00_9.34_2.16_26.63_-38.05_-7.83_29.00_-25.94_-19.94_0.3074_0.4521_-0.6431_-0.5362end1.85_9.33_2.08_26.63_-38.05_-7.83_29.00_-25.94_-19.94_0.3077_0.4512_-0.6429_-0.5370end1.85_9.33_2.08_24.06_-4.48_-11.19_29.00_-25.94_-19.94_0.3077_0.4512_-0.6429_-0.5370end1.64_9.31_1.95_24.06_-4.48_-11.19_29.00_-25.94_-19.94_0.3077_0.4512_-0.6429_-0.5370end1.64_9.31_1.95_24.06_-4.48_-11.19_28.25_-25.25_-21.31_0.3106_0.4485_-0.6416_-0.5391end1.45_9.31_2.07_24.06_-4.48_-11.19_28.25_-25.25_-21.31_0.3116_0.4481_-0.6412_-0.5395end1.09_9.37_2.30_24.06_-4.48_-11.19_28.25_-25.25_-21.31_0.3116_0.4481_-0.6412_-0.5395end,24.1396433,120.749923,114.80000305175781
228,,24.1396433,120.749923,114.80000305175781
229,,24.1396433,120.749923,114.80000305175781
230,,24.1396433,120.749923,114.80000305175781
231,,24.1396433,120.749923,114.80000305175781
232,,24.1396433,120.749923,114.80000305175781
233,,24.1396433,120.749923,114.80000305175781
234,1.04_9.42_2.36_24.95_12.76_-12.42_28.25_-25.25_-21.31_0.3116_0.4481_-0.6412_-0.5395end1.04_9.42_2.36_24.95_12.76_-12.42_28.25_-25.94_-19.94_0.3161_0.4465_-0.6392_-0.5405end0.92_9.38_2.46_24.95_18.35_-13.09_28.25_-25.94_-19.94_0.3174_0.4462_-0.6386_-0.5407end0.83_9.39_2.52_24.95_18.35_-13.09_28.25_-25.94_-19.94_0.3174_0.4462_-0.6386_-0.5407end0.76_9.38_2.51_24.84_19.36_-12.76_28.62_-26.31_-21.31_0.3174_0.4462_-0.6386_-0.5407end0.76_9.38_2.51_24.84_19.36_-12.76_29.00_-26.25_-18.19_0.3214_0.4455_-0.6368_-0.5411end0.64_9.40_2.48_24.84_19.36_-12.76_29.00_-26.25_-18.19_0.3240_0.4450_-0.6356_-0.5413end0.57_9.39_2.45_24.84_19.36_-12.76_29.37_-25.56_-19.06_0.32,24.1396433,120.749923,114.80000305175781
235,53_0.4448_-0.6349_-0.5415end0.50_9.40_2.45_24.84_19.36_-12.76_29.37_-25.56_-19.06_0.3267_0.4445_-0.6343_-0.5416end0.43_9.40_2.42_24.84_19.36_-12.76_29.37_-25.56_-19.06_0.3267_0.4445_-0.6343_-0.5416end,24.1396433,120.749923,114.80000305175781
236,,24.1396433,120.749923,114.80000305175781
237,,24.1396433,120.749923,114.80000305175781
238,,24.1396433,120.749923,114.80000305175781
239,,24.1396433,120.749923,114.80000305175781
240,,24.1396433,120.749923,114.80000305175781
241,,24.1396433,120.749923,114.80000305175781
242,0.45_9.42_2.46_24.84_19.36_-12.76_29.37_-25.56_-19.06_0.3294_0.4440_-0.6330_-0.5419end0.45_9.42_2.46_24.84_19.36_-12.76_29.37_-25.56_-19.06_0.3320_0.4435_-0.6317_-0.5422end0.43_9.43_2.42_24.84_19.36_-12.76_28.25_-26.25_-18.62_0.3320_0.4435_-0.6317_-0.5422end0.43_9.43_2.42_26.63_17.90_-12.42_28.25_-26.25_-18.62_0.3334_0.4432_-0.6310_-0.5424end0.43_9.43_2.42_27.53_15.00_-11.97_28.25_-26.25_-18.62_0.3359_0.4426_-0.6298_-0.5428end0.39_9.44_2.52_27.53_15.00_-11.97_29.75_-26.87_-17.75_0.3384_0.4418_-0.6285_-0.5434end0.33_9.44_2.54_27.53_15.00_-11.97_29.75_-26.87_-17.75_0.3384_0.4418_-0.6285_-0.5434end0.28_9.46_2.49_27.53_15.44_-11.19_29.75_-26.87_-17.75_0.3384_0.4418_-0.6285_-0.5434end0.28_9.46_2.49_27.53_15.44_-11.19_29.37_-26.87_-17.25_0.3432_0.4404_-0.6259_-0.5446end0.14_9.44_2.57_27.53_15.44_-11.19_29.37_-26.87_-17.25_0.3444_0.4401_-0.6252_-0.5448end,24.1396433,120.749923,114.80000305175781
243,,24.1396433,120.749923,114.80000305175781
244,,24.1396433,120.749923,114.80000305175781
245,,24.1396433,120.749923,114.80000305175781
246,,24.1396433,120.749923,114.80000305175781
247,,24.1396433,120.749923,114.80000305175781
248,,24.1396433,120.749923,114.80000305175781
249,0.08_9.49_2.54_27.42_16.11_-10.85_30.81_-27.25_-18.19_0.3444_0.4401_-0.6252_-0.5448end0.08_9.49_2.54_27.08_16.56_-10.97_30.88_-26.87_-16.87_0.3444_0.4401_-0.6252_-0.5448end0.08_9.49_2.54_27.08_16.56_-10.97_30.88_-26.87_-16.87_0.3493_0.4388_-0.6225_-0.5458end-0.14_9.37_2.05_27.08_16.56_-10.97_30.12_-27.87_-16.37_0.3493_0.4388_-0.6225_-0.5458end0.04_9.39_1.78_27.08_16.56_-10.97_30.12_-27.87_-16.37_0.3493_0.4388_-0.6225_-0.5458end0.04_9.39_1.78_29.43_15.22_-9.96_30.12_-27.87_-16.37_0.3493_0.4388_-0.6225_-0.5458end0.04_9.39_1.78_29.43_15.22_-9.96_30.50_-25.88_-16.81_0.3555_0.4371_-0.6188_-0.5474end-0.29_9.46_1.90_29.43_15.22_-9.96_30.50_-25.88_-16.81_0.3567_0.4368_-0.6180_-0.5477end-0.29_9.46_1.90_31.78_15.33_-9.51_29.37_-26.87_-15.88_0.3567_0.4368_-0.6180_-0.5477end-0.29_9.46_1.90_31.78_15.33_-9.51_29.37_-26.87_-15.88_0.3592_0.4360_-0.6164_-0.5486end,24.1396433,120.749923,114.80000305175781
250,,24.1396433,120.749923,114.80000305175781
251,,24.1396433,120.749923,114.80000305175781
252,,24.1396433,120.749923,114.80000305175781
253,,24.1396433,120.749923,114.80000305175781
254,,24.1396433,120.749923,114.80000305175781
255,,24.1396433,120.749923,114.80000305175781
256,,24.1396433,120.749923,114.80000305175781
257,-0.29_9.46_1.90_31.78_15.33_-9.51_30.50_-25.50_-16.31_0.3618_0.4353_-0.6147_-0.5493end-0.25_9.46_2.07_31.78_15.33_-9.51_30.50_-25.50_-16.31_0.3631_0.4349_-0.6138_-0.5497end-0.18_9.42_2.00_31.78_15.33_-9.51_30.50_-25.50_-16.31_0.3631_0.4349_-0.6138_-0.5497end-0.18_9.42_2.00_32.45_17.46_-8.84_30.88_-26.19_-16.81_0.3631_0.4349_-0.6138_-0.5497end-0.18_9.42_2.00_32.45_17.46_-8.84_30.88_-26.19_-16.81_0.3682_0.4337_-0.6104_-0.5512end-0.25_9.43_1.67_32.45_17.46_-8.84_30.88_-26.19_-16.81_0.3682_0.4337_-0.6104_-0.5512end-0.08_9.45_1.72_33.24_19.36_-7.72_30.88_-26.19_-16.81_0.3682_0.4337_-0.6104_-0.5512end-0.08_9.45_1.72_33.12_19.58_-6.94_30.50_-26.50_-15.44_0.36,24.1396433,120.749923,114.80000305175781
258,82_0.4337_-0.6104_-0.5512end-0.08_9.45_1.72_33.57_19.70_-6.60_30.50_-26.50_-15.44_0.3747_0.4323_-0.6055_-0.5532end-0.45_9.41_1.52_33.57_19.70_-6.60_30.12_-26.50_-15.00_0.3761_0.4321_-0.6045_-0.5535end,24.1396433,120.749923,114.80000305175781
259,,24.1396433,120.749923,114.80000305175781
260,,24.1396433,120.749923,114.80000305175781
261,,24.1396433,120.749923,114.80000305175781
262,,24.1396433,120.749923,114.80000305175781
263,,24.1396433,120.749923,114.80000305175781
264,-0.40_9.39_1.43_33.57_19.70_-6.60_30.12_-26.50_-15.00_0.3761_0.4321_-0.6045_-0.5535end-0.34_9.41_1.45_33.57_19.70_-6.60_30.12_-26.50_-15.00_0.3761_0.4321_-0.6045_-0.5535end-0.34_9.41_1.45_33.57_19.70_-6.60_30.12_-26.50_-15.00_0.3821_0.4315_-0.6000_-0.5548end-0.08_9.43_1.73_33.57_19.70_-6.60_30.12_-26.50_-15.00_0.3836_0.4313_-0.5,24.1396433,120.749923,114.80000305175781
265,989_-0.5551end-0.02_9.40_1.79_33.57_19.70_-6.60_30.12_-26.50_-15.00_0.3836_0.4313_-0.5989_-0.5551end-0.06_9.39_1.83_36.71_29.54_-6.04_30.12_-26.50_-15.00_0.3836_0.4313_-0.5989_-0.5551end-0.06_9.39_1.83_36.71_29.54_-6.04_30.12_-26.50_-15.00_0.3901_0.4312_-0.5937_-0.5562end-0.20_9.38_1.79_36.71_29.54_-6.04_30.12_-26.50_-15.00_0.3919_0.4313_-0.5923_-0.5564end-0.20_9.41_1.73_37.26_43.76_-5.82_30.12_-26.50_-15.00_0.3919_0.4313_-0.5923_-0.5564end-0.18_9.35_1.68_37.26_47.11_-5.71_30.12_-26.50_-15.00_0.3919_0.4313_-0.5923_-0.5564end,24.1396433,120.749923,114.80000305175781
266,,24.1396433,120.749923,114.80000305175781
267,,24.1396433,120.749923,114.80000305175781
268,,24.1396433,120.749923,114.80000305175781
269,,24.1396433,120.749923,114.80000305175781
270,,24.1396433,120.749923,114.80000305175781
271,,24.1396433,120.749923,114.80000305175781
272,-0.18_9.35_1.68_37.26_47.11_-5.71_31.62_-27.13_-11.81_0.4001_0.4326_-0.5859_-0.5563end-0.29_9.36_1.52_37.26_47.11_-5.71_31.62_-27.13_-11.81_0.4023_0.4331_-0.5842_-0.5562end-0.36_9.33_1.48_39.17_56.18_-4.59_31.25_-27.50_-10.94_0.4023_0.4331_-0.5842_-0.5562end-0.48_9.34_1.41_39.17_56.18_-4.59_31.25_-27.50_-10.94_0.4069_0.4342_-0.5804_-0.5558end-0.48_9.34_1.41_39.17_56.18_-4.59_31.25_-27.50_-10.94_0.4092_0.4349_-0.5785_-0.5557end-0.48_9.34_1.41_40.29_65.58_-3.92_30.88_-28.44_-8.69_0.4092_0.4349_-0.5785_-0.5557end-0.48_9.34_1.41_41.52_69.05_-2.91_30.88_-28.44_-8.69_0.4092_0.4349_-0.5785_-0.5557end-0.89_9.27_1.29_41.52_69.05_-2.91_30.88_-28.44_-8.69_0.4168_0.4373_-0.5721_-0.5547end-0.95_9.36_1.21_41.52_69.05_-2.91_30.88_-28.44_-8.69_0.4245_0.4398_-0.5655_-0.5538end-1.23_9.34_0.95_41.52_69.05_-2.91_33.06_-28.38_-9.13_0.4245_0.4398_-0.5655_-0.5538end,24.1396433,120.749923,114.80000305175781
273,,24.1396433,120.749923,114.80000305175781
274,,24.1396433,120.749923,114.80000305175781
275,,24.1396433,120.749923,114.80000305175781
276,,24.1396433,120.749923,114.80000305175781
277,,24.1396433,120.749923,114.80000305175781
278,,24.1396433,120.749923,114.80000305175781
279,-1.23_9.29_0.71_42.30_60.54_0.22_33.06_-28.38_-9.13_0.4245_0.4398_-0.5655_-0.5538end-1.21_9.26_0.31_42.30_60.54_0.22_32.75_-28.06_-8.25_0.4315_0.4418_-0.5590_-0.5533end-1.21_9.26_0.31_42.30_60.54_0.22_32.75_-28.06_-8.25_0.4356_0.4429_-0.5549_-0.5533end-1.00_9.26_-0.12_42.30_60.54_0.22_33.13_-28.38_-7.37_0.4356_0.4429_-0.5549_-0.,24.1396433,120.749923,114.80000305175781
280,,24.1396433,120.749923,114.80000305175781
281,5533end-1.00_9.26_-0.12_42.30_60.54_0.22_33.13_-28.38_-7.37_0.4375_0.4432_-0.5530_-0.5535end-0.29_9.20_-0.46_42.30_60.54_0.22_33.13_-28.38_-7.37_0.4375_0.4432_-0.5530_-0.5535end-0.29_9.20_-0.46_42.30_60.54_0.22_33.50_-28.69_-7.37_0.4440_0.4437_-0.5458_-0.5551end0.20_9.22_-0.23_42.30_60.54_0.22_33.50_-28.69_-7.37_0.4453_0.4435_-0.5443_-0.5557end0.45_9.24_-0.02_42.30_60.54_0.22_33.50_-28.69_-7.37_0.4466_0.4434_-0.5427_-0.5563end0.39_9.27_0.27_43.98_20.14_4.14_33.50_-28.69_-7.37_0.4466_0.4434_-0.5427_-0.5563end,24.1396433,120.749923,114.80000305175781
282,,24.1396433,120.749923,114.80000305175781
283,,24.1390126,120.7484652,114.80000305175781
284,,24.1390126,120.7484652,114.80000305175781
285,,24.1390126,120.7484652,114.80000305175781
286,,24.1390126,120.7484652,114.80000305175781
287,0.47_9.26_0.53_43.98_20.14_4.14_33.50_-28.69_-7.37_0.4503_0.4426_-0.5381_-0.5585end0.52_9.21_0.94_43.98_20.14_4.14_32.00_-29.06_-5.12_0.4515_0.4423_-0.5366_-0.5591end0.59_9.21_1.08_43.98_20.14_4.14_32.00_-29.06_-5.12_0.4515_0.4423_-0.5366_-0.5591end0.61_9.17_1.15_44.76_21.82_4.03_32.00_-29.06_-5.12_0.4515_0.4423_-0.5366_-0.5591end0.61_9.17_1.15_45.66_22.49_4.25_32.00_-29.06_-5.12_0.4553_0.4415_-0.5318_-0.5613end0.61_9.17_1.15_45.66_22.49_4.25_32.00_-29.06_-5.12_0.4579_0.4410_-0.5285_-0.5627end0.34_9.11_1.34_45.66_22.49_4.25_32.00_-29.06_-5.12_0.4579_0.4410_-0.5285_-0.5627end0.34_9.11_1.34_47.90_18.58_4.48_32.00_-29.06_-5.12_0.4579_0.4410_-0.5285_-0.5627end0.25_9.12_1.50_47.90_18.58_4.48_32.00_-29.06_-5.12_0.4628_0.4392_-0.5220_-0.5660end0.20_9.09_1.55_47.90_18.58_4.48_32.00_-29.06_-5.12_0.4628_0.4392_-0.5220_-0.5660end,24.1390126,120.7484652,114.80000305175781
288,,24.1390126,120.7484652,114.80000305175781
289,,24.1390126,120.7484652,114.80000305175781
290,,24.1390126,120.7484652,114.80000305175781
291,,24.1390126,120.7484652,114.80000305175781
292,,24.1390126,120.7484652,114.80000305175781
293,,24.1390126,120.7484652,114.80000305175781
294,0.17_9.06_1.49_47.90_18.58_4.48_32.00_-29.06_-5.12_0.4637_0.4385_-0.5206_-0.5671end0.17_9.06_1.49_50.25_-10.52_4.48_32.00_-29.06_-5.12_0.4653_0.4365_-0.5181_-0.5697end0.17_9.06_1.49_50.25_-17.01_4.48_32.00_-29.69_-4.25_0.4653_0.4365_-0.5181_-0.5697end0.17_9.06_1.49_50.36_-22.49_4.48_32.00_-29.69_-4.25_0.4662_0.4338_-0.5161_-0.57,24.1390126,120.7484652,114.80000305175781
295,,24.1390126,120.7484652,114.80000305175781
296,28end0.21_8.88_-0.06_50.36_-22.49_4.48_32.00_-29.69_-4.25_0.4667_0.4307_-0.5145_-0.5762end0.05_8.88_-0.48_50.36_-22.49_4.48_32.00_-29.69_-4.25_0.4667_0.4307_-0.5145_-0.5762end-0.21_8.85_-0.95_51.48_-30.10_4.81_32.00_-29.69_-4.25_0.4667_0.4307_-0.5145_-0.5762end-0.21_8.85_-0.95_52.48_-22.83_4.48_33.13_-29.31_-2.44_0.4673_0.4256_-0.5121_-0.5815end-0.43_8.88_-1.45_52.48_-22.83_4.48_33.13_-29.31_-2.44_0.4680_0.4225_-0.5103_-0.5849end-0.43_8.88_-1.45_52.71_-9.40_3.47_32.75_-29.69_-3.75_0.4686_0.4212_-0.5091_-0.5864end,24.1390126,120.7484652,114.80000305175781
297,,24.1390126,120.7484652,114.80000305175781
298,,24.1390126,120.7484652,114.80000305175781
299,,24.1390126,120.7484652,114.80000305175781
300,,24.1390126,120.7484652,114.80000305175781
301,,24.1390126,120.7484652,114.80000305175781
302,-0.42_9.01_-1.55_52.71_-9.40_3.47_32.75_-29.69_-3.75_0.4686_0.4212_-0.5091_-0.5864end-0.55_8.84_-2.07_52.71_-9.40_3.47_32.75_-29.69_-3.75_0.4686_0.4212_-0.5091_-0.5864end-0.55_8.84_-2.07_52.71_-9.40_3.47_32.75_-29.69_-3.75_0.4726_0.4179_-0.5030_-0.5908end-0.96_9.25_-3.05_52.71_-9.40_3.47_32.00_-29.69_-3.31_0.4739_0.4175_-0.5012_-0.5916end-1.01_9.14_-3.37_52.71_-9.40_3.47_32.06_-28.62_-1.50_0.4753_0.4173_-0.4991_-0.5923end-1.20_10.35_-3.59_50.47_37.49_5.26_32.06_-28.62_-1.50_0.4753_0.4173_-0.4991_-0.5923end-1.20_10.35_-3.59_50.47_37.49_5.26_32.06_-28.62_-1.50_0.4802_0.4177_-0.4925_-0.5936end-0.50_17.27_-3.82_50.47_37.49_5.26_33.13_-29.63_-0.13_0.4821_0.,24.1390126,120.7484652,114.80000305175781
303,4182_-0.4901_-0.5937end-0.98_19.59_-4.93_45.55_47.22_6.71_33.13_-29.63_-0.13_0.4821_0.4182_-0.4901_-0.5937end-0.23_20.59_-3.49_42.97_35.03_8.28_33.13_-29.63_-0.13_0.4821_0.4182_-0.4901_-0.5937end,24.1390126,120.7484652,114.80000305175781
304,,24.1390126,120.7484652,114.80000305175781
305,,24.1390126,120.7484652,114.80000305175781
306,,24.1390126,120.7484652,114.80000305175781
307,,24.1390126,120.7484652,114.80000305175781
308,,24.1390126,120.7484652,114.80000305175781
309,-0.43_20.95_-3.57_42.97_35.03_8.28_33.13_-29.63_-0.13_0.4868_0.4185_-0.4826_-0.5958end-0.16_21.09_-4.04_42.97_35.03_8.28_33.13_-29.63_-0.13_0.4866_0.4176_-0.4820_-0.5971end0.45_20.58_-4.85_42.97_35.03_8.28_33.13_-29.63_-0.13_0.4860_0.4163_-0.4818_-0.5986end0.45_20.58_-4.85_18.24_-60.65_13.09_33.13_-29.63_-0.13_0.4850_0.4149_-0.4821_-0.6002end1.50_19.70_-3.99_18.24_-60.65_13.09_33.13_-29.63_-0.13_0.4825_0.4116_-0.4832_-0.6036end1.57_19.46_-3.55_18.24_-60.65_13.09_33.13_-29.63_-0.13_0.4811_0.4099_-0.4839_-0.6053end1.60_18.62_-3.06_18.24_-60.65_13.09_32.06_-30.69_-0.62_0.4811_0.4099_-0.4839_-0.6053end1.55_18.10_-3.14_0.90_-43.20_12.98_32.06_-30.69_-0.62_0,24.1390126,120.7484652,114.80000305175781
310,.4811_0.4099_-0.4839_-0.6053end1.55_18.10_-3.14_0.90_-43.20_12.98_31.69_-30.69_-1.06_0.4772_0.4067_-0.4860_-0.6089end1.41_15.55_-3.01_0.90_-43.20_12.98_31.69_-30.69_-1.06_0.4755_0.4066_-0.4868_-0.6096end,24.1390126,120.7484652,114.80000305175781
311,,24.1390126,120.7484652,114.80000305175781
312,,24.1390126,120.7484652,114.80000305175781
313,,24.1390126,120.7484652,114.80000305175781
314,,24.1390126,120.7484652,114.80000305175781
315,,24.1390126,120.7484652,114.80000305175781
316,,24.1390126,120.7484652,114.80000305175781
317,,24.1390126,120.7484652,114.80000305175781
318,1.30_14.85_-2.75_-16.56_-1.90_10.52_31.69_-30.69_-1.06_0.4755_0.4066_-0.4868_-0.6096end1.30_14.85_-2.75_-20.37_2.57_10.07_32.38_-30.69_-1.56_0.4755_0.4066_-0.4868_-0.6096end0.77_12.32_-1.45_-20.37_2.57_10.07_32.38_-30.69_-1.56_0.4731_0.4094_-0.4881_-0.6085end0.74_11.76_-1.19_-34.24_13.88_9.85_31.69_-30.69_-2.00_0.4731_0.4094_-0.4881_-0.6085end0.74_11.76_-1.19_-39.28_16.67_10.18_31.69_-30.69_-2.00_0.4731_0.4094_-0.4881_-0.6085end0.68_10.30_-0.80_-39.28_16.67_10.18_31.69_-30.69_-2.00_0.4731_0.4094_-0.4881_-0.6085end0.70_9.59_-0.30_-39.28_16.67_10.18_31.69_-30.69_-2.00_0.4698_0.4169_-0.4910_-0.6036end0.69_9.33_-0.10_-55.62_16.34_10.97_31.69_-30.69_-2.00_0.4698_0.4169_-0.4910_-0.6036end0.72_8.93_0.40_-55.62_16.34_10.97_31.69_-30.69_-2.00_0.4698_0.4169_-0.4910_-0.6036end0.72_8.75_0.62_-55.62_16.34_10.97_31.69_-30.69_-2.00_0.4655_0.4242_-0.4954_-0.5984end,24.1390126,120.7484652,114.80000305175781
319,,24.1390126,120.7484652,114.80000305175781
320,,24.1390126,120.7484652,114.80000305175781
321,,24.1390126,120.7484652,114.80000305175781
322,,24.1390126,120.7484652,114.80000305175781
323,,24.1390126,120.7484652,114.80000305175781
324,0.78_8.40_0.77_-55.62_16.34_10.97_31.69_-30.69_-2.00_0.4655_0.4242_-0.4954_-0.5984end0.91_8.07_0.68_-55.62_16.34_10.97_32.75_-30.37_-3.31_0.4655_0.4242_-0.4954_-0.5984end0.98_7.89_0.76_-77.55_-5.04_12.87_32.75_-30.37_-3.31_0.4655_0.4242_-0.4954_-0.5984end0.98_7.89_0.76_-77.55_-5.04_12.87_32.75_-30.37_-3.31_0.4565_0.4329_-0.5043_,24.1390126,120.7484652,114.80000305175781
325,-0.5916end1.16_7.62_0.78_-87.06_-13.43_13.20_32.75_-30.37_-3.31_0.4542_0.4346_-0.5065_-0.5901end1.49_7.31_0.95_-87.06_-13.43_13.20_32.75_-30.37_-3.31_0.4542_0.4346_-0.5065_-0.5901end1.60_7.22_0.88_-92.55_-13.65_13.32_32.75_-30.37_-3.31_0.4542_0.4346_-0.5065_-0.5901end1.60_7.22_0.88_-97.69_-9.85_12.76_32.75_-30.37_-3.31_0.4471_0.4398_-0.5136_-0.5855end1.88_6.68_1.04_-99.71_-6.60_12.65_32.75_-30.37_-3.31_0.4423_0.4437_-0.5184_-0.5820end1.92_6.38_1.27_-101.72_-2.46_11.97_32.00_-30.06_-5.62_0.4423_0.4437_-0.5184_-0.5820end,24.1390126,120.7484652,114.80000305175781
326,,24.1390126,120.7484652,114.80000305175781
327,,24.1390126,120.7484652,114.80000305175781
328,,24.1390126,120.7484652,114.80000305175781
329,,24.1390126,120.7484652,114.80000305175781
330,,24.1390126,120.7484652,114.80000305175781
331,,24.1390126,120.7484652,114.80000305175781
332,1.92_6.38_1.27_-103.51_1.90_11.75_32.00_-30.06_-5.62_0.4376_0.4481_-0.5233_-0.5779end1.92_6.38_1.27_-105.08_6.49_11.19_30.56_-30.44_-5.62_0.4376_0.4481_-0.5233_-0.5779end1.92_6.38_1.27_-108.66_14.44_9.96_30.56_-30.44_-5.62_0.4311_0.4555_-0.5302_-0.5707end1.61_5.66_1.59_-108.66_14.44_9.96_31.25_-29.75_-5.62_0.4311_0.4555_-0.5302_-0.5707end1.61_5.66_1.59_-110.90_18.58_9.18_31.25_-29.75_-5.62_0.4271_0.4608_-0.5345_-0.5653end1.32_5.36_1.67_-110.90_18.58_9.18_31.25_-29.75_-5.62_0.4271_0.4608_-0.5345_-0.5653end1.17_5.18_1.62_-110.90_18.58_9.18_31.25_-29.75_-5.62_0.4230_0.4664_-0.5390_-0.5595end1.09_5.17_1.78_-110.90_18.58_9.18_31.25_-29.75_-5.62_0.4189_0.471,24.1390126,120.7484652,114.80000305175781
333,9_-0.5434_-0.5536end1.03_5.22_1.83_-114.14_21.04_7.72_31.25_-29.75_-5.62_0.4189_0.4719_-0.5434_-0.5536end1.03_5.22_1.83_-114.14_21.04_7.72_31.25_-29.75_-5.62_0.4149_0.4775_-0.5479_-0.5475end,24.1390126,120.7484652,114.80000305175781
334,,24.1390126,120.7484652,114.80000305175781
335,,24.1390126,120.7484652,114.80000305175781
336,,24.1390126,120.7484652,114.80000305175781
337,,24.1390126,120.7484652,114.80000305175781
338,,24.1390126,120.7484652,114.80000305175781
339,1.03_5.22_1.83_-114.14_21.04_7.72_31.25_-29.75_-5.62_0.4106_0.4830_-0.5523_-0.5414end0.74_5.31_2.15_-114.14_21.04_7.72_31.25_-29.75_-5.62_0.4106_0.4830_-0.5523_-0.5414end0.70_5.29_2.25_-114.48_17.68_6.94_31.25_-29.75_-5.62_0.4106_0.4830_-0.5523_-0.5414end0.70_5.29_2.25_-114.48_17.68_6.94_31.25_-29.75_-5.62_0.4020_0.4934_-0.5612_-0.5292end0.59_5.23_2.40_-114.48_17.68_6.94_31.25_-29.75_-5.62_0.3997_0.4958_-0.5634_-0.5262end0.59_5.23_2.40_-112.24_10.07_7.16_32.00_-28.44_-10.94_0.3974_0.4982_-0.5656_-0.5234end0.38_5.13_2.51_-112.24_10.07_7.16_32.00_-28.44_-10.94_0.3974_0.4982_-0.5656_-0.5234end0.38_5.13_2.51_-112.24_10.07_7.16_31.94_-29.12_-11.88_0.3927_0.,24.1390126,120.7484652,114.80000305175781
340,5029_-0.5701_-0.5176end0.38_5.13_2.51_-108.55_12.76_7.16_31.94_-29.12_-11.88_0.3904_0.5052_-0.5722_-0.5147end0.21_5.14_2.49_-108.55_12.76_7.16_31.94_-29.12_-11.88_0.3904_0.5052_-0.5722_-0.5147end,24.1390126,120.7484652,114.80000305175781
341,,24.1390126,120.7484652,114.80000305175781
342,,24.1390126,120.7484652,114.80000305175781
343,,24.1390126,120.7484652,114.80000305175781
344,,24.1390126,120.7484652,114.80000305175781
345,,24.1390126,120.7484652,114.80000305175781
346,,24.1390126,120.7484652,114.80000305175781
347,0.21_5.14_2.49_-107.21_14.88_7.39_31.94_-29.12_-11.88_0.3838_0.5122_-0.5782_-0.5060end0.08_5.35_2.41_-107.21_14.88_7.39_31.94_-29.12_-11.88_0.3818_0.5145_-0.5801_-0.5031end0.02_4.31_2.48_-104.07_21.49_7.61_31.94_-27.87_-14.13_0.3797_0.5170_-0.5818_-0.5000end-0.50_5.25_2.87_-103.29_21.82_7.83_31.94_-27.87_-14.13_0.3759_0.5217_-0.5852_-0.4941end-0.19_5.58_2.44_-103.29_21.82_7.83_31.94_-27.87_-14.13_0.3759_0.5217_-0.5852_-0.4941end-0.15_5.84_2.40_-103.29_21.82_7.83_31.94_-27.87_-14.13_0.3720_0.5264_-0.5884_-0.4881end-0.35_5.82_2.54_-96.69_9.06_9.62_31.94_-27.87_-14.13_0.3720_0.5264_-0.5884_-0.4881end-0.35_5.82_2.54_-96.69_9.06_9.62_31.94_-27.87_-14.13_0.3657_0.5327_-0.5934_-0.4800end-0.21_6.40_2.58_-96.69_9.06_9.62_31.94_-27.87_-14.13_0.3633_0.5344_-0.5952_-0.4777end-0.06_6.40_2.65_-93.55_-8.50_9.62_31.94_-27.87_-14.13_0.3633_0.5344_-0.5952_-0.4777end,24.1390126,120.7484652,114.80000305175781
348,,24.1390126,120.7484652,114.80000305175781
349,,24.1390126,120.7484652,114.80000305175781
350,,24.1390126,120.7484652,114.80000305175781
351,,24.1390126,120.7484652,114.80000305175781
352,,24.1390126,120.7484652,114.80000305175781
353,,24.1390126,120.7484652,114.80000305175781
354,-0.06_6.40_2.65_-93.55_-8.50_9.62_31.94_-27.87_-14.13_0.3553_0.5390_-0.6008_-0.4715end-0.17_6.40_2.34_-93.55_-8.50_9.62_31.94_-27.87_-14.13_0.3527_0.5403_-0.6026_-0.4697end0.41_6.66_3.23_-93.55_-8.50_9.62_31.94_-27.87_-14.13_0.3527_0.5403_-0.6026_-0.4697end0.79_6.88_3.54_-83.93_-24.06_10.85_31.94_-27.87_-14.13_0.3527_0.5403_-0.6026_-0.4697end0.79_6.88_3.54_-83.93_-24.06_10.85_30.12_-26.87_-17.75_0.3442_0.5436_-0.6080_-0.4650end0.79_6.88_3.54_-80.12_-28.09_12.53_30.12_-26.87_-17.75_0.3414_0.5447_-0.6098_-0.4636end0.79_6.88_3.54_-78.00_-26.41_12.87_30.12_-26.87_-17.75_0.3358_0.5467_-0.6132_-0.4610end0.79_6.88_3.54_-73.97_-14.66_11.19_30.12_-26.87_-17.75_,24.1390126,120.7484652,114.80000305175781
355,0.3333_0.5477_-0.6146_-0.4596end0.46_8.62_3.07_-73.97_-14.66_11.19_30.12_-26.87_-17.75_0.3333_0.5477_-0.6146_-0.4596end0.46_8.62_3.07_-69.27_-6.49_10.41_30.12_-26.87_-17.75_0.3289_0.5500_-0.6172_-0.4565end,24.1390126,120.7484652,114.80000305175781
356,,24.1390126,120.7484652,114.80000305175781
357,,24.1390126,120.7484652,114.80000305175781
358,,24.1390126,120.7484652,114.80000305175781
359,,24.1390126,120.7484652,114.80000305175781
360,,24.1390126,120.7484652,114.80000305175781
361,,24.1390126,120.7484652,114.80000305175781
362,0.55_9.94_2.98_-69.27_-6.49_10.41_30.12_-26.87_-17.75_0.3289_0.5500_-0.6172_-0.4565end0.45_10.04_2.87_-63.23_-11.30_10.52_30.12_-26.87_-17.75_0.3289_0.5500_-0.6172_-0.4565end0.45_10.04_2.87_-63.23_-11.30_10.52_30.12_-26.87_-17.75_0.3187_0.5549_-0.6231_-0.4497end0.55_10.56_2.60_-63.23_-11.30_10.52_30.12_-26.87_-17.75_0.3165_0.5557_-0.6243_-0.4487end0.62_10.79_2.68_-63.23_-11.30_10.52_30.88_-25.19_-17.69_0.3165_0.5557_-0.6243_-0.4487end0.72_11.11_2.71_-63.23_-11.30_10.52_30.88_-25.19_-17.69_0.3093_0.5569_-0.6281_-0.4468end0.72_11.11_2.71_-63.23_-11.30_10.52_30.81_-25.88_-20.00_0.3065_0.5570_-0.6295_-0.4467end0.74_11.59_2.81_-63.23_-11.30_10.52_30.81_-25.88_-20.00_0.3035_0.5568_-0.6309_-0.4469end0.98_12.03_2.85_-43.20_-79.12_9.74_30.81_-25.88_-20.00_0.3035_0.5568_-0.6309_-0.4469end0.98_12.03_2.85_-41.29_-85.61_9.85_30.81_-25.88_-20.00_0.2970_0.5558_-0.6341_-0.4481end,24.1390126,120.7484652,114.80000305175781
363,,24.1390126,120.7484652,114.80000305175781
364,,24.1390126,120.7484652,114.80000305175781
365,,24.1390126,120.7484652,114.80000305175781
366,,24.1390126,120.7484652,114.80000305175781
367,,24.1390126,120.7484652,114.80000305175781
368,,24.1390126,120.7484652,114.80000305175781
369,0.98_12.03_2.85_-41.29_-85.61_9.85_30.81_-25.88_-20.00_0.2899_0.5541_-0.6375_-0.4501end1.57_12.06_2.66_-41.29_-85.61_9.85_29.75_-25.94_-20.88_0.2899_0.5541_-0.6375_-0.4501end1.58_11.98_2.56_-34.91_-97.02_8.39_29.75_-25.94_-20.88_0.2899_0.5541_-0.6375_-0.4501end1.59_11.90_2.52_-33.12_-95.79_7.95_28.25_-25.25_-21.81_0.2899_0.5541_-0.6375_-0.4501end1.55_11.66_2.35_-33.12_-95.79_7.95_28.25_-25.25_-21.81_0.2718_0.5482_-0.6456_-0.4569end1.55_11.66_2.35_-27.19_-81.80_5.26_28.25_-26.31_-23.12_0.2687_0.5470_-0.6470_-0.4582end1.55_11.34_2.32_-24.95_-75.65_4.48_28.25_-26.31_-23.12_0.2687_0.5470_-0.6470_-0.4582end1.55_11.34_2.32_-24.95_-75.65_4.48_28.25_-24.94_-23,24.1390126,120.7484652,114.80000305175781
370,.56_0.2657_0.5459_-0.6484_-0.4594end1.55_11.34_2.32_-19.70_-55.84_1.57_28.25_-24.94_-23.56_0.2584_0.5430_-0.6517_-0.4622end0.87_10.48_2.19_-19.70_-55.84_1.57_26.50_-24.25_-24.50_0.2584_0.5430_-0.6517_-0.4622end,24.1390126,120.7484652,114.80000305175781
371,,24.1390126,120.7484652,114.80000305175781
372,,24.1390126,120.7484652,114.80000305175781
373,,24.1390126,120.7484652,114.80000305175781
374,,24.1390126,120.7484652,114.80000305175781
375,,24.1390126,120.7484652,114.80000305175781
376,,24.1390126,120.7484652,114.80000305175781
377,0.87_10.48_2.19_-16.23_-47.45_0.34_26.50_-24.25_-24.50_0.2546_0.5414_-0.6536_-0.4636end0.59_10.32_1.78_-14.10_-46.89_0.11_26.50_-24.25_-24.50_0.2512_0.5399_-0.6552_-0.4649end0.47_10.35_1.55_-14.10_-46.89_0.11_26.50_-24.25_-24.50_0.2495_0.5390_-0.6560_-0.4657end0.37_10.36_1.39_-14.10_-46.89_0.11_27.87_-23.62_-25.37_0.2476_0.5381_-0.6569_-0.4666end0.13_10.32_0.90_-8.62_-72.63_0.00_27.87_-23.62_-25.37_0.2476_0.5381_-0.6569_-0.4666end0.13_10.32_0.90_-7.72_-81.47_0.67_27.87_-23.62_-25.37_0.2433_0.5358_-0.6587_-0.4689end0.13_10.32_0.90_-7.72_-81.47_0.67_26.12_-23.56_-24.44_0.2383_0.5328_-0.6606_-0.4721end0.33_10.34_0.70_-6.04_-101.05_1.01_26.12_-23.56_-24.44,24.1390126,120.7484652,114.80000305175781
378,_0.2353_0.5308_-0.6618_-0.4742end0.45_10.21_0.82_-5.15_-111.12_1.23_26.12_-23.56_-24.44_0.2321_0.5288_-0.6630_-0.4764end0.45_10.21_0.82_-5.15_-111.12_1.23_25.37_-23.62_-26.75_0.2250_0.5240_-0.6655_-0.4816end,24.1390126,120.7484652,114.80000305175781
379,,24.1390126,120.7484652,114.80000305175781
380,,24.1390126,120.7484652,114.80000305175781
381,,24.1390126,120.7484652,114.80000305175781
382,,24.1390126,120.7484652,114.80000305175781
383,,24.1390126,120.7484652,114.80000305175781
384,,24.1390126,120.7484652,114.80000305175781
385,0.73_10.02_0.80_-5.15_-111.12_1.23_25.37_-23.62_-26.75_0.2250_0.5240_-0.6655_-0.4816end0.96_9.80_0.72_-5.15_-111.12_1.23_25.37_-23.62_-26.75_0.2168_0.5184_-0.6681_-0.4877end1.11_9.65_0.73_-0.56_-143.80_0.90_23.50_-24.06_-29.44_0.2168_0.5184_-0.6681_-0.4877end1.11_9.65_0.73_-0.56_-143.80_0.90_23.50_-24.06_-29.44_0.2041_0.5093_-0.6720_-0.4974end1.39_9.51_0.86_3.47_-145.48_-0.45_23.50_-24.06_-29.44_0.2041_0.5093_-0.6720_-0.4974end1.72_9.58_0.95_3.47_-145.48_-0.45_23.50_-24.06_-29.44_0.2041_0.5093_-0.6720_-0.4974end1.72_9.58_0.95_6.49_-135.29_-3.36_23.50_-24.06_-29.44_0.1917_0.4998_-0.6755_-0.5071end1.72_9.58_0.95_6.49_-135.29_-3.36_21.31_-24.06_-29.44_0.1879_0.4966_-0.6766_-0.5101end1.72_9.58_0.95_8.28_-123.99_-5.71_21.31_-24.06_-29.44_0.1807_0.4904_-0.6786_-0.5161end1.72_9.58_0.95_9.74_-117.28_-6.94_21.31_-24.06_-29.44_0.1807_0.4904_-0.6786_-0.5161end,24.1390126,120.7484652,114.80000305175781
386,,24.1390126,120.7484652,114.80000305175781
387,,24.1390126,120.7484652,114.80000305175781
388,,24.1390126,120.7484652,114.80000305175781
389,,24.1390126,120.7484652,114.80000305175781
390,,24.1390126,120.7484652,114.80000305175781
391,,24.1390126,120.7484652,114.80000305175781
392,2.05_10.39_0.46_10.74_-111.57_-7.72_21.31_-24.06_-29.44_0.1745_0.4846_-0.6802_-0.5215end2.15_10.22_0.62_10.74_-111.57_-7.72_20.94_-24.06_-31.69_0.1691_0.4791_-0.6817_-0.5265end2.25_10.25_0.70_13.54_-99.04_-11.19_18.81_-24.12_-30.88_0.1691_0.4791_-0.6817_-0.5265end2.51_9.98_1.02_14.88_-98.03_-12.65_18.81_-24.12_-30.88_0.1691_0.4791_-0.6817_-0.5265end2.51_9.98_1.02_17.12_-97.36_-15.11_18.81_-24.12_-30.88_0.1619_0.4709_-0.6836_-0.5336end2.91_9.13_1.53_17.12_-97.36_-15.11_18.81_-24.12_-30.88_0.1597_0.4681_-0.6842_-0.5359end2.91_8.77_1.72_19.36_-92.32_-17.57_18.81_-24.12_-30.88_0.1597_0.4681_-0.6842_-0.5359end2.99_8.65_1.82_19.36_-92.32_-17.57_18.81_-24.12_,24.1390126,120.7484652,114.80000305175781
393,-30.88_0.1520_0.4570_-0.6863_-0.5450end2.96_8.58_1.93_23.61_-72.18_-22.38_18.81_-24.12_-30.88_0.1507_0.4543_-0.6867_-0.5471end3.11_8.48_2.07_23.61_-72.18_-22.38_18.81_-24.12_-30.88_0.1507_0.4543_-0.6867_-0.5471end,24.1390126,120.7484652,114.80000305175781
394,,24.1390126,120.7484652,114.80000305175781
395,,24.1390126,120.7484652,114.80000305175781
396,,24.1390126,120.7484652,114.80000305175781
397,,24.1390126,120.7484652,114.80000305175781
398,,24.1390126,120.7484652,114.80000305175781
399,,24.1390126,120.7484652,114.80000305175781
400,3.01_8.42_2.25_23.61_-72.18_-22.38_18.12_-24.12_-31.69_0.1507_0.4543_-0.6867_-0.5471end2.96_8.36_2.27_29.32_-27.31_-27.75_18.12_-24.12_-31.69_0.1507_0.4543_-0.6867_-0.5471end2.86_8.29_2.32_29.32_-27.31_-27.75_18.12_-24.12_-31.69_0.1497_0.4443_-0.6875_-0.5546end2.62_8.33_2.30_29.32_-27.31_-27.75_17.75_-25.12_-31.75_0.1506_0.4429_-0.6874_-0.5555end2.56_8.36_2.30_29.32_-27.31_-27.75_17.75_-25.12_-31.75_0.1506_0.4429_-0.6874_-0.5555end2.56_8.36_2.30_34.13_6.60_-31.00_17.37_-25.19_-32.19_0.1506_0.4429_-0.6874_-0.5555end2.40_8.66_2.11_34.13_6.60_-31.00_17.37_-25.19_-32.19_0.1506_0.4429_-0.6874_-0.5555end2.40_8.66_2.11_36.59_9.29_-30.21_17.37_-25.19_-32.19_0.1506_0.4429_-0.6874_-0.5555end2.06_9.02_2.25_36.59_9.29_-30.21_17.37_-25.19_-32.19_0.1586_0.4378_-0.6860_-0.5591end1.63_9.08_2.14_36.59_9.29_-30.21_19.44_-25.81_-32.63_0.1586_0.4378_-0.6860_-0.5591end,24.1390126,120.7484652,114.80000305175781
401,,24.1390126,120.7484652,114.80000305175781
402,,24.1390126,120.7484652,114.80000305175781
403,,24.1390126,120.7484652,114.80000305175781
404,,24.1390126,120.7484652,114.80000305175781
405,,24.1390126,120.7484652,114.80000305175781
406,,24.1390126,120.7484652,114.80000305175781
407,1.63_9.08_2.14_37.15_13.65_-34.69_19.44_-25.81_-32.63_0.1658_0.4340_-0.6846_-0.5617end1.77_9.10_1.41_37.15_13.65_-34.69_19.44_-25.81_-32.63_0.1677_0.4330_-0.6842_-0.5624end2.17_8.79_1.16_37.15_13.65_-34.69_19.44_-25.81_-32.63_0.1677_0.4330_-0.6842_-0.5624end1.96_8.68_1.38_37.15_13.65_-34.69_18.75_-25.12_-30.37_0.1717_0.4286_-0.6833_-0.5656end1.85_8.54_1.59_37.15_13.65_-34.69_18.75_-25.12_-30.37_0.1725_0.4268_-0.6831_-0.5670end1.41_8.40_1.95_37.15_13.65_-34.69_18.75_-25.12_-30.37_0.1725_0.4268_-0.6831_-0.5670end1.65_7.99_2.98_37.15_13.65_-34.69_18.75_-25.12_-30.37_0.1725_0.4268_-0.6831_-0.5670end1.91_7.89_2.91_38.72_-27.31_-31.67_18.75_-25.12_-30.37_0.1,24.1390126,120.7484652,114.80000305175781
408,746_0.4210_-0.6824_-0.5715end1.91_7.89_2.91_38.27_-30.44_-31.11_18.75_-25.12_-30.37_0.1760_0.4171_-0.6821_-0.5743end2.04_7.61_2.34_38.27_-30.44_-31.11_18.75_-25.12_-30.37_0.1760_0.4171_-0.6821_-0.5743end,24.1390126,120.7484652,114.80000305175781
409,,24.1390126,120.7484652,114.80000305175781
410,,24.1390126,120.7484652,114.80000305175781
411,,24.1390126,120.7484652,114.80000305175781
412,,24.1390126,120.7484652,114.80000305175781
413,,24.1390126,120.7484652,114.80000305175781
414,1.91_7.68_2.04_38.27_-30.44_-31.11_18.75_-25.12_-30.37_0.1765_0.4150_-0.6819_-0.5758end1.91_7.83_2.34_37.94_-38.94_-30.66_18.75_-25.12_-30.37_0.1765_0.4150_-0.6819_-0.5758end1.91_7.83_2.34_38.27_-40.62_-30.89_19.06_-26.50_-31.31_0.1765_0.4150_-0.6819_-0.5758end2.36_8.15_2.96_38.27_-40.62_-30.89_19.06_-26.50_-31.31_0.1776_0.4062_-0.6816_-0.5821end2.39_8.27_2.81_35.47_-49.01_-30.77_19.06_-26.50_-31.31_0.1776_0.4062_-0.6816_-0.5821end2.46_8.28_2.68_34.80_-51.14_-30.77_19.06_-26.50_-31.31_0.1776_0.4062_-0.6816_-0.5821end2.46_8.28_2.68_34.80_-51.81_-30.89_19.06_-26.50_-31.31_0.1774_0.3939_-0.6817_-0.5905end2.61_8.37_2.57_33.91_-51.25_-31.89_19.06_-26.50_-31.31_0.1772_0.3914_-0.6818_-0.5921end-0.95_38.09_-12.39_33.91_-51.25_-31.89_19.06_-26.50_-31.31_0.1771_0.3889_-0.6818_-0.5937end13.55_-0.18_24.68_33.91_-51.25_-31.89_18.12_-26.81_-30.00_0.1771_0.3889_-0.6818_-0.5937end,24.1390126,120.7484652,114.80000305175781
415,,24.1390126,120.7484652,114.80000305175781
416,,24.1390126,120.7484652,114.80000305175781
417,,24.1390126,120.7484652,114.80000305175781
418,,24.1390126,120.7484652,114.80000305175781
419,,24.1390126,120.7484652,114.80000305175781
420,,24.1390126,120.7484652,114.80000305175781
421,13.55_-0.18_24.68_33.91_-51.25_-31.89_17.00_-26.19_-31.31_0.1771_0.3818_-0.6824_-0.5978end5.16_9.44_4.56_33.91_-51.25_-31.89_17.00_-26.19_-31.31_0.1749_0.3786_-0.6823_-0.6005end9.95_8.50_9.42_33.91_-51.25_-31.89_17.75_-26.50_-31.31_0.1684_0.3725_-0.6829_-0.6055end7.09_7.21_8.72_33.91_-51.25_-31.89_17.75_-26.50_-31.31_0.1670_0.3713_-0.6829_-0.6065end-1.64_8.71_-5.44_33.91_-51.25_-31.89_16.62_-26.87_-31.75_0.1670_0.3713_-0.6829_-0.6065end-1.64_8.71_-5.44_14.44_102.62_-16.23_17.37_-26.50_-29.56_0.1708_0.3737_-0.6820_-0.6050end-1.64_8.71_-5.44_20.93_127.57_-22.27_17.37_-26.50_-29.56_0.1750_0.3759_-0.6810_-0.6036end-1.64_8.71_-5.44_24.40_155.33_-31.33_17.69,24.1390126,120.7484652,114.80000305175781
422,_-27.56_-30.94_0.1804_0.3787_-0.6797_-0.6017end-1.64_8.71_-5.44_33.12_145.48_-32.34_17.69_-27.56_-30.94_0.1804_0.3787_-0.6797_-0.6017end-1.64_8.71_-5.44_33.12_145.48_-32.34_18.44_-26.87_-30.44_0.1861_0.3815_-0.6783_-0.5998end,24.1390126,120.7484652,114.80000305175781
423,,24.1390126,120.7484652,114.80000305175781
424,,24.1390126,120.7484652,114.80000305175781
425,,24.1390126,120.7484652,114.80000305175781
426,,24.1390126,120.7484652,114.80000305175781
427,,24.1390126,120.7484652,114.80000305175781
428,,24.1390126,120.7484652,114.80000305175781
429,4.09_9.61_8.00_33.12_145.48_-32.34_19.44_-26.44_-27.25_0.2003_0.3849_-0.6731_-0.5989end3.24_9.44_6.32_33.12_145.48_-32.34_19.44_-26.44_-27.25_0.2025_0.3852_-0.6722_-0.5990end2.08_9.04_3.39_33.12_145.48_-32.34_19.06_-26.50_-30.00_0.2025_0.3852_-0.6722_-0.5990end2.08_9.04_3.39_24.28_50.36_-18.13_19.81_-27.13_-28.62_0.2025_0.3852_-0.6722_-0.5990end1.55_8.69_0.96_23.72_58.08_-19.92_19.81_-27.13_-28.62_0.2025_0.3852_-0.6722_-0.5990end1.55_8.69_0.96_23.72_58.08_-19.92_19.81_-27.13_-28.62_0.2148_0.3878_-0.6680_-0.5977end1.12_8.71_-0.21_38.72_50.13_-21.37_19.81_-27.13_-28.62_0.2148_0.3878_-0.6680_-0.5977end1.67_9.04_1.69_38.72_50.13_-21.37_19.81_-27.13_-28.62_0.2148_0.3878_-0.6680_-0.5977end1.26_9.13_2.48_44.20_50.47_-18.80_19.81_-27.13_-28.62_0.2148_0.3878_-0.6680_-0.5977end1.26_9.13_2.48_44.20_50.47_-18.80_21.62_-27.50_-28.25_0.2255_0.3889_-0.6632_-0.5984end,24.1390126,120.7484652,114.80000305175781
430,,24.1390126,120.7484652,114.80000305175781
431,,24.1390126,120.7484652,114.80000305175781
432,,24.1390126,120.7484652,114.80000305175781
433,,24.1390126,120.7484652,114.80000305175781
434,,24.1390126,120.7484652,114.80000305175781
435,,24.1390126,120.7484652,114.80000305175781
436,,24.1390126,120.7484652,114.80000305175781
437,1.26_9.13_2.48_44.20_50.47_-18.80_21.62_-27.50_-28.25_0.2310_0.3898_-0.6606_-0.5987end0.73_9.28_3.66_44.20_50.47_-18.80_21.62_-27.50_-28.25_0.2337_0.3903_-0.6594_-0.5986end0.48_9.14_2.95_44.20_50.47_-18.80_21.62_-27.50_-28.25_0.2365_0.3911_-0.6581_-0.5984end0.33_8.96_1.23_34.13_64.35_-17.79_21.62_-27.50_-28.25_0.2365_0.3911_-0.6581_-0.5984end0.33_8.96_1.23_36.82_63.00_-17.01_21.62_-27.50_-28.25_0.2421_0.3926_-0.6556_-0.5978end0.33_8.96_1.23_39.39_59.31_-16.79_22.37_-27.44_-25.44_0.2421_0.3926_-0.6556_-0.5978end0.60_9.01_0.59_39.39_59.31_-16.79_23.12_-28.06_-25.50_0.2421_0.3926_-0.6556_-0.5978end0.57_9.12_1.07_41.96_54.72_-15.11_23.12_-28.06_-25.50_0.24,24.1390126,120.7484652,114.80000305175781
438,21_0.3926_-0.6556_-0.5978end0.57_9.12_1.07_42.97_48.23_-13.32_23.12_-28.06_-25.50_0.2556_0.3954_-0.6488_-0.5978end0.04_9.30_2.61_42.97_48.23_-13.32_23.12_-28.06_-25.50_0.2581_0.3958_-0.6473_-0.5981end,24.1390126,120.7484652,114.80000305175781
439,,24.1390126,120.7484652,114.80000305175781
440,,24.1390126,120.7484652,114.80000305175781
441,,24.1390126,120.7484652,114.80000305175781
442,,24.1390126,120.7484652,114.80000305175781
443,,24.1390126,120.7484652,114.80000305175781
444,0.04_9.30_2.61_37.94_43.08_-12.42_23.12_-28.06_-25.50_0.2626_0.3965_-0.6447_-0.5985end-0.10_9.09_1.20_36.82_39.06_-11.97_23.12_-28.06_-25.50_0.2626_0.3965_-0.6447_-0.5985end0.02_9.09_0.87_37.15_31.89_-12.09_23.50_-28.38_-23.69_0.2626_0.3965_-0.6447_-0.5985end0.20_9.09_0.52_37.94_22.94_-11.53_23.50_-28.38_-23.69_0.2697_0.3965_-0.6402_-0.6001end0.32_9.10_0.37_37.94_22.94_-11.53_23.50_-28.38_-23.69_0.2710_0.3960_-0.6392_-0.6010end0.66_9.18_1.06_37.94_22.94_-11.53_23.50_-28.38_-23.69_0.2710_0.3960_-0.6392_-0.6010end0.75_9.25_1.37_37.94_22.94_-11.53_24.63_-28.06_-23.19_0.2710_0.3960_-0.6392_-0.6010end0.75_9.25_1.37_37.94_22.94_-11.53_24.63_-28.06_-23.19_0.2,24.1390126,120.7484652,114.80000305175781
445,745_0.3926_-0.6355_-0.6055end0.83_9.29_1.76_37.94_22.94_-11.53_24.63_-28.06_-23.19_0.2755_0.3920_-0.6346_-0.6064end1.14_9.21_1.36_37.94_22.94_-11.53_24.63_-28.06_-23.19_0.2766_0.3914_-0.6336_-0.6073end,24.1390126,120.7484652,114.80000305175781
446,,24.1390126,120.7484652,114.80000305175781
447,,24.1390126,120.7484652,114.80000305175781
448,,24.1390126,120.7484652,114.80000305175781
449,,24.1390126,120.7484652,114.80000305175781
450,,24.1390126,120.7484652,114.80000305175781
451,,24.1390126,120.7484652,114.80000305175781
452,1.28_9.18_0.97_39.06_13.54_-9.18_24.63_-28.06_-23.19_0.2766_0.3914_-0.6336_-0.6073end1.34_9.12_0.56_39.84_19.92_-8.84_24.63_-28.06_-23.19_0.2792_0.3906_-0.6315_-0.6088end1.34_9.12_0.56_40.51_22.27_-8.84_24.63_-28.69_-22.81_0.2805_0.3903_-0.6305_-0.6095end1.21_9.18_0.81_40.51_22.27_-8.84_24.63_-28.69_-22.81_0.2836_0.3898_-0.6281_-0.6108end1.21_9.18_0.81_42.19_28.65_-8.39_24.25_-29.37_-21.94_0.2836_0.3898_-0.6281_-0.6108end1.01_9.21_1.37_42.19_28.65_-8.39_25.00_-28.69_-22.31_0.2836_0.3898_-0.6281_-0.6108end1.01_9.21_1.37_41.74_34.58_-8.73_25.00_-28.69_-22.31_0.2836_0.3898_-0.6281_-0.6108end0.97_9.25_1.50_41.74_34.58_-8.73_25.00_-30.00_-20.56_0.2836_0.389,24.1390126,120.7484652,114.80000305175781
453,8_-0.6281_-0.6108end0.97_9.25_1.50_41.74_34.58_-8.73_25.00_-30.00_-20.56_0.2946_0.3904_-0.6198_-0.6137end0.75_9.14_1.20_41.74_34.58_-8.73_25.00_-30.00_-20.56_0.2965_0.3906_-0.6184_-0.6141end,24.1390126,120.7484652,114.80000305175781
454,,24.1390126,120.7484652,114.80000305175781
455,,24.1390126,120.7484652,114.80000305175781
456,,24.1390126,120.7484652,114.80000305175781
457,,24.1390126,120.7484652,114.80000305175781
458,0.73_9.16_1.12_42.08_36.26_-7.61_25.00_-30.00_-20.56_0.2965_0.3906_-0.6184_-0.6141end0.73_9.16_1.12_42.08_36.26_-7.61_24.25_-29.69_-19.62_0.3022_0.3912_-0.6140_-0.6154end0.31_9.21_1.24_42.08_36.26_-7.61_24.25_-29.69_-19.62_0.3040_0.3914_-0.6125_-0.6158end0.18_9.20_1.28_43.64_30.66_-6.49_24.25_-29.69_-19.62_0.3040_0.3914_-0.6125_-0.6158end-0.16_9.20_1.32_43.64_30.66_-6.49_25.75_-29.31_-19.12_0.3090_0.3913_-0.6082_-0.6177end-0.33_9.21_1.34_43.64_30.66_-6.49_25.00_-28.94_-17.81_0.3105_0.3912_-0.6068_-0.6184end-0.54_9.20_1.34_43.64_30.66_-6.49_25.00_-28.94_-17.81_0.3105_0.3912_-0.6068_-0.6184end-0.60_9.16_1.39_43.64_30.66_-6.49_25.00_-28.94_-17.81_0.3135_0,24.1390126,120.7484652,114.80000305175781
459,.3908_-0.6039_-0.6200end-0.63_9.16_1.51_46.33_17.46_-3.92_25.00_-28.94_-17.81_0.3135_0.3908_-0.6039_-0.6200end-0.67_9.16_1.67_46.33_17.46_-3.92_25.00_-28.94_-17.81_0.3173_0.3896_-0.5997_-0.6228end,24.1390126,120.7484652,114.80000305175781
460,,24.1390126,120.7484652,114.80000305175781
461,,24.1390126,120.7484652,114.80000305175781
462,,24.1390126,120.7484652,114.80000305175781
463,,24.1390126,120.7484652,114.80000305175781
464,,24.1390126,120.7484652,114.80000305175781
465,,24.1390126,120.7484652,114.80000305175781
466,-0.75_9.16_1.97_46.33_17.46_-3.92_25.00_-28.94_-17.81_0.3183_0.3892_-0.5983_-0.6239end-0.80_9.13_2.13_46.33_17.46_-3.92_26.12_-30.00_-18.25_0.3183_0.3892_-0.5983_-0.6239end-0.87_9.12_2.20_48.90_-1.01_-0.67_26.12_-29.94_-16.94_0.3183_0.3892_-0.5983_-0.6239end-0.87_9.12_2.20_49.24_-5.26_-0.34_26.12_-29.94_-16.94_0.3209_0.3870_-0.5,24.1390126,120.7484652,114.80000305175781
467,944_-0.6276end-0.87_9.12_2.20_50.02_-10.18_0.00_26.12_-29.94_-17.37_0.3215_0.3861_-0.5932_-0.6290end-0.87_9.12_2.20_50.69_-15.22_0.67_26.12_-29.94_-17.37_0.3215_0.3861_-0.5932_-0.6290end-0.87_9.12_2.20_50.69_-15.22_0.67_26.50_-30.31_-17.87_0.3220_0.3850_-0.5920_-0.6306end-0.87_9.12_2.20_50.69_-15.22_0.67_26.50_-30.31_-17.87_0.3226_0.3794_-0.5876_-0.6377end-0.13_8.91_0.77_50.69_-15.22_0.67_26.50_-30.31_-17.87_0.3225_0.3777_-0.5866_-0.6397end-0.13_8.91_0.77_53.38_-42.75_2.69_26.50_-30.31_-17.87_0.3225_0.3777_-0.5866_-0.6397end,24.1390126,120.7484652,114.80000305175781
468,,24.1390126,120.7484652,114.80000305175781
469,,24.1390126,120.7484652,114.80000305175781
470,,24.1390126,120.7484652,114.80000305175781
471,,24.1390126,120.7484652,114.80000305175781
472,,24.1390126,120.7484652,114.80000305175781
473,,24.1390126,120.7484652,114.80000305175781
474,0.35_8.84_-0.17_53.38_-42.75_2.69_26.50_-30.31_-17.87_0.3225_0.3777_-0.5866_-0.6397end0.35_8.84_-0.17_53.38_-42.75_2.69_26.50_-30.31_-17.87_0.3210_0.3698_-0.5831_-0.6483end1.11_8.81_-1.43_53.38_-42.75_2.69_26.50_-30.31_-17.87_0.3206_0.3677_-0.5822_-0.6505end1.11_8.81_-1.43_53.38_-42.75_2.69_24.25_-31.00_-17.37_0.3199_0.3654_-0.5814_-0.6528end1.54_8.83_-1.72_53.38_-42.75_2.69_24.25_-31.00_-17.37_0.3199_0.3654_-0.5814_-0.6528end1.87_8.82_-2.10_53.38_-42.75_2.69_24.25_-31.00_-17.37_0.3184_0.3588_-0.5789_-0.6593end2.09_8.81_-2.29_53.38_-42.75_2.69_25.75_-31.69_-17.00_0.3179_0.3567_-0.5781_-0.6614end2.49_8.80_-2.70_53.38_-42.75_2.69_25.75_-31.69_-17.00_0.31,24.1390126,120.7484652,114.80000305175781
475,76_0.3547_-0.5773_-0.6634end3.03_8.82_-3.20_51.03_-41.74_-0.90_25.75_-31.69_-17.00_0.3176_0.3547_-0.5773_-0.6634end3.03_8.82_-3.20_51.03_-41.74_-0.90_24.25_-32.38_-17.00_0.3170_0.3506_-0.5756_-0.6673end,24.1390126,120.7484652,114.80000305175781
476,,24.1390126,120.7484652,114.80000305175781
477,,24.1390126,120.7484652,114.80000305175781
478,,24.1390126,120.7484652,114.80000305175781
479,,24.1390126,120.7484652,114.80000305175781
480,,24.1390126,120.7484652,114.80000305175781
481,,24.1390126,120.7484652,114.80000305175781
482,3.03_8.82_-3.20_51.03_-41.74_-0.90_24.25_-32.38_-17.00_0.3168_0.3470_-0.5738_-0.6708end3.91_8.83_-3.84_51.03_-41.74_-0.90_24.25_-32.38_-17.00_0.3170_0.3453_-0.5728_-0.6725end4.11_9.85_-3.88_51.03_-41.74_-0.90_24.25_-32.38_-17.00_0.3170_0.3453_-0.5728_-0.6725end4.11_9.85_-3.88_51.03_-41.74_-0.90_24.25_-32.38_-17.00_0.3171_0.3437_-0.5718_-0.6740end4.73_12.55_-4.73_51.03_-41.74_-0.90_24.25_-32.38_-17.00_0.3171_0.3437_-0.5718_-0.6740end5.30_17.60_-1.39_51.03_-41.74_-0.90_24.25_-32.38_-17.00_0.3195_0.3389_-0.5675_-0.6790end4.84_13.33_7.02_51.03_-41.74_-0.90_24.25_-32.38_-16.50_0.3206_0.3381_-0.5665_-0.6797end5.62_15.99_-7.91_21.04_17.12_-15.55_24.25_-32.38_,24.1390126,120.7484652,114.80000305175781
483,-16.50_0.3206_0.3381_-0.5665_-0.6797end5.62_15.99_-7.91_23.61_33.68_-18.58_24.25_-32.38_-16.50_0.3231_0.3376_-0.5649_-0.6801end5.62_15.99_-7.91_23.61_33.68_-18.58_25.00_-32.38_-15.63_0.3266_0.3381_-0.5631_-0.6797end,24.1390126,120.7484652,114.80000305175781
484,,24.1390126,120.7484652,114.80000305175781
485,,24.1390126,120.7484652,114.80000305175781
486,,24.1390126,120.7484652,114.80000305175781
487,,24.1390126,120.7484652,114.80000305175781
488,5.51_16.59_-1.24_23.61_33.68_-18.58_25.00_-32.38_-15.63_0.3286_0.3389_-0.5622_-0.6791end4.71_17.06_-0.13_23.61_33.68_-18.58_25.00_-32.38_-15.63_0.3286_0.3389_-0.5622_-0.6791end5.13_17.51_-2.27_23.61_33.68_-18.58_25.00_-32.38_-15.63_0.3333_0.3417_-0.5605_-0.6768end5.33_17.03_-2.75_-10.07_98.03_-24.17_25.00_-32.38_-15.63_0.3390_0.,24.1390126,120.7484652,114.80000305175781
489,3464_-0.5590_-0.6728end4.74_16.58_-2.69_-10.07_98.03_-24.17_25.00_-32.38_-15.63_0.3420_0.3491_-0.5582_-0.6705end3.93_15.84_-1.67_-10.07_98.03_-24.17_25.00_-32.38_-15.63_0.3451_0.3519_-0.5574_-0.6680end3.73_15.75_-0.81_-10.07_98.03_-24.17_26.87_-32.63_-12.44_0.3480_0.3549_-0.5568_-0.6655end3.22_15.53_-0.13_-29.77_113.14_-21.82_26.87_-32.63_-12.44_0.3480_0.3549_-0.5568_-0.6655end3.06_14.98_-0.17_-29.77_113.14_-21.82_26.87_-31.94_-13.31_0.3566_0.3647_-0.5554_-0.6567end2.95_14.72_-0.56_-46.66_118.96_-20.81_26.87_-31.94_-13.31_0.3594_0.3682_-0.5552_-0.6535end,24.1390126,120.7484652,114.80000305175781
490,,24.1390126,120.7484652,114.80000305175781
491,,24.1390126,120.7484652,114.80000305175781
492,,24.1390126,120.7484652,114.80000305175781
493,,24.1390126,120.7484652,114.80000305175781
494,,24.1390126,120.7484652,114.80000305175781
495,,24.1390126,120.7484652,114.80000305175781
496,2.93_13.96_-0.73_-46.66_118.96_-20.81_26.87_-31.94_-13.31_0.3594_0.3682_-0.5552_-0.6535end2.66_13.70_-0.54_-52.48_110.56_-17.90_27.19_-32.31_-14.69_0.3594_0.3682_-0.5552_-0.6535end2.66_13.70_-0.54_-52.48_110.56_-17.90_27.19_-32.31_-14.69_0.3644_0.3753_-0.5550_-0.6468end2.66_13.70_-0.54_-60.76_109.56_-15.67_27.19_-32.31_-14.69_0.3687_0.3823_-0.5552_-0.6400end2.66_13.70_-0.54_-60.76_109.56_-15.67_27.25_-30.56_-11.50_0.3708_0.3862_-0.5555_-0.6362end2.66_13.70_-0.54_-74.19_107.88_-13.20_27.25_-30.56_-11.50_0.3708_0.3862_-0.5555_-0.6362end1.68_11.32_0.50_-74.19_107.88_-13.20_27.25_-30.56_-11.50_0.3745_0.3937_-0.5563_-0.6288end1.57_10.95_0.76_-74.19_107.88_-,24.1390126,120.7484652,114.80000305175781
497,13.20_29.00_-29.87_-12.88_0.3745_0.3937_-0.5563_-0.6288end1.47_10.33_1.57_-74.19_107.88_-13.20_29.00_-29.87_-12.88_0.3787_0.4050_-0.5582_-0.6172end1.68_9.80_1.65_-74.19_107.88_-13.20_29.00_-29.87_-12.88_0.3787_0.4050_-0.5582_-0.6172end,24.1390126,120.7484652,114.80000305175781
498,,24.1390126,120.7484652,114.80000305175781
499,,24.1390126,120.7484652,114.80000305175781
500,,24.1390126,120.7484652,114.80000305175781
501,,24.1390126,120.7484652,114.80000305175781
502,,24.1390126,120.7484652,114.80000305175781
503,1.75_9.23_1.48_-74.19_107.88_-13.20_29.00_-29.87_-12.88_0.3821_0.4199_-0.5622_-0.6014end1.74_8.95_1.47_-97.92_88.97_-5.82_29.00_-29.87_-12.88_0.3821_0.4199_-0.5622_-0.6014end1.69_8.64_1.40_-100.38_88.97_-5.48_29.00_-29.87_-12.88_0.3821_0.4199_-0.5622_-0.6014end1.69_8.64_1.40_-100.38_88.97_-5.48_29.37_-29.19_-11.44_0.3835_0.4313_-0.5659_-0.5889end1.69_8.64_1.40_-104.41_90.08_-4.92_29.37_-29.19_-11.44_0.3842_0.4391_-0.5684_-0.5801end1.69_8.64_1.40_-108.21_91.32_-5.15_29.37_-29.19_-11.44_0.3842_0.4391_-0.5684_-0.5801end1.55_7.21_1.79_-110.00_91.43_-5.04_29.37_-29.19_-11.44_0.3848_0.4470_-0.5709_-0.5711end1.55_7.21_1.79_-110.00_91.43_-5.04_29.37_-29.19_-11,24.1390126,120.7484652,114.80000305175781
504,.44_0.3848_0.4470_-0.5709_-0.5711end1.44_6.77_1.81_-113.36_93.22_-5.48_29.37_-29.19_-11.44_0.3854_0.4590_-0.5750_-0.5569end1.27_6.24_2.00_-113.36_93.22_-5.48_29.37_-29.19_-11.44_0.3854_0.4590_-0.5750_-0.5569end,24.1390126,120.7484652,114.80000305175781
505,,24.1390126,120.7484652,114.80000305175781
506,,24.1390126,120.7484652,114.80000305175781
507,,24.1390126,120.7484652,114.80000305175781
508,,24.1390126,120.7484652,114.80000305175781
509,,24.1390126,120.7484652,114.80000305175781
510,,24.1390126,120.7484652,114.80000305175781
511,1.24_6.07_2.00_-117.17_96.91_-6.38_29.37_-29.19_-11.44_0.3858_0.4673_-0.5776_-0.5471end1.07_5.91_2.15_-117.17_96.91_-6.38_29.37_-29.19_-11.44_0.3861_0.4753_-0.5801_-0.5371end1.01_5.73_2.21_-117.17_96.91_-6.38_29.37_-29.19_-11.44_0.3863_0.4795_-0.5814_-0.5318end0.77_5.20_2.34_-117.17_96.91_-6.38_29.37_-29.19_-11.44_0.3863_0.4795_-0.5814_-0.5318end0.74_4.98_2.39_-118.84_96.57_-8.39_29.37_-29.19_-11.44_0.3863_0.4795_-0.5814_-0.5318end0.74_4.98_2.39_-118.84_96.57_-8.39_29.37_-29.19_-11.44_0.3865_0.4952_-0.5866_-0.5112end0.56_4.37_2.54_-118.84_96.57_-8.39_32.38_-27.13_-11.81_0.3865_0.4952_-0.5866_-0.5112end0.56_4.37_2.54_-117.95_89.97_-9.18_32.38_-27.13_-11,24.1390126,120.7484652,114.80000305175781
512,.81_0.3864_0.5027_-0.5892_-0.5009end0.21_3.84_2.74_-117.95_89.97_-9.18_32.38_-27.13_-11.81_0.3862_0.5062_-0.5905_-0.4959end0.21_3.84_2.74_-114.82_81.58_-9.96_32.38_-27.13_-11.81_0.3862_0.5062_-0.5905_-0.4959end,24.1390126,120.7484652,114.80000305175781
513,,24.1390126,120.7484652,114.80000305175781
514,,24.1390126,120.7484652,114.80000305175781
515,,24.1390126,120.7484652,114.80000305175781
516,,24.1390126,120.7484652,114.80000305175781
517,,24.1390126,120.7484652,114.80000305175781
518,0.07_3.63_2.87_-114.82_81.58_-9.96_32.38_-27.13_-11.81_0.3857_0.5131_-0.5931_-0.4860end-0.10_3.41_2.72_-114.82_81.58_-9.96_33.81_-26.50_-14.06_0.3857_0.5131_-0.5931_-0.4860end-0.16_3.33_2.66_-111.79_73.97_-9.96_34.56_-26.81_-12.75_0.3857_0.5131_-0.5931_-0.4860end-0.19_3.28_2.53_-110.56_70.84_-10.74_34.56_-26.81_-12.75_0.3857_0.5131_-0.5931_-0.4860end-0.19_3.28_2.53_-106.53_66.14_-10.63_34.56_-26.81_-12.75_0.3831_0.5317_-0.6010_-0.4575end-0.01_3.66_2.23_-106.53_66.14_-10.63_34.56_-26.81_-12.75_0.3825_0.5344_-0.6024_-0.4531end-0.07_2.89_2.84_-106.53_66.14_-10.63_33.06_-25.06_-13.13_0.3825_0.5344_-0.6024_-0.4531end0.01_2.89_2.86_-102.51_60.88_-12.53_33.06_-25.06_-13.13_0.3825_0.5344_-0.6024_-0.4531end-0.01_4.16_3.31_-101.05_60.09_-12.98_33.06_-25.06_-13.13_0.3801_0.5446_-0.6075_-0.4357end0.24_4.18_3.14_-99.60_62.56_-15.78_34.56_-24.37_-12.25_0.3801_0.5446_-0.6075_-0.4357end,24.1390126,120.7484652,114.80000305175781
519,,24.1390126,120.7484652,114.80000305175781
520,,24.1390126,120.7484652,114.80000305175781
521,,24.1390126,120.7484652,114.80000305175781
522,,24.1390126,120.7484652,114.80000305175781
523,,24.1390126,120.7484652,114.80000305175781
524,,24.1390126,120.7484652,114.80000305175781
525,0.24_4.18_3.14_-99.60_62.56_-15.78_34.56_-24.37_-12.25_0.3792_0.5494_-0.6100_-0.4271end0.24_4.18_3.14_-96.91_60.76_-16.23_34.56_-24.37_-12.25_0.3787_0.5518_-0.6112_-0.4226end1.07_4.69_2.49_-96.91_60.76_-16.23_33.81_-24.37_-13.13_0.3787_0.5518_-0.6112_-0.4226end1.07_4.69_2.49_-93.11_54.61_-14.66_34.56_-23.38_-13.13_0.3787_0.5518_-0.6112_-0.4226end1.07_4.69_2.49_-90.98_54.50_-15.00_34.56_-23.38_-13.13_0.3772_0.5582_-0.6147_-0.4103end1.07_4.69_2.49_-87.62_65.35_-17.35_35.31_-23.69_-14.00_0.3772_0.5582_-0.6147_-0.4103end0.13_5.18_2.27_-87.62_65.35_-17.35_35.31_-23.31_-13.06_0.3765_0.5624_-0.6167_-0.4021end0.27_5.56_2.39_-85.05_70.39_-20.03_34.94_-22.00_-14,24.1390126,120.7484652,114.80000305175781
526,.44_0.3765_0.5624_-0.6167_-0.4021end0.29_6.49_2.30_-82.36_50.58_-20.25_34.94_-22.00_-14.44_0.3765_0.5624_-0.6167_-0.4021end0.29_6.49_2.30_-82.36_50.58_-20.25_34.94_-22.00_-14.44_0.3757_0.5718_-0.6215_-0.3817end,24.1390126,120.7484652,114.80000305175781
527,,24.1390126,120.7484652,114.80000305175781
528,,24.1390126,120.7484652,114.80000305175781
529,,24.1390126,120.7484652,114.80000305175781
530,,24.1390126,120.7484652,114.80000305175781
531,,24.1390126,120.7484652,114.80000305175781
532,,24.1390126,120.7484652,114.80000305175781
533,-0.12_7.30_2.32_-82.36_50.58_-20.25_34.94_-22.00_-14.44_0.3757_0.5718_-0.6215_-0.3817end-0.37_7.47_2.83_-82.36_50.58_-20.25_34.94_-22.00_-14.44_0.3757_0.5718_-0.6215_-0.3817end-0.32_7.52_3.12_-82.36_50.58_-20.25_34.94_-22.00_-14.44_0.3682_0.5742_-0.6290_-0.3729end-0.09_8.04_3.39_-82.36_50.58_-20.25_34.94_-22.00_-14.44_0.3648_0.5738_-0.6317_-0.3724end0.48_8.54_2.97_-82.36_50.58_-20.25_34.94_-22.00_-14.44_0.3608_0.5730_-0.6346_-0.3725end0.75_8.66_2.68_-66.36_-116.38_-15.33_34.94_-22.00_-14.44_0.3608_0.5730_-0.6346_-0.3725end0.95_8.74_2.27_-64.01_-122.54_-15.78_34.94_-22.00_-14.44_0.3608_0.5730_-0.6346_-0.3725end1.34_8.91_2.00_-64.01_-122.54_-15.78_34.94_-22.00_-14.44_0.3424_0.5676_-0.6475_-0.3758end1.93_9.17_2.00_-64.01_-122.54_-15.78_34.94_-22.00_-14.44_0.3424_0.5676_-0.6475_-0.3758end1.93_9.17_2.00_-53.49_-54.83_-19.25_34.94_-19.62_-16.19_0.3424_0.5676_-0.6475_-0.3758end,24.1390126,120.7484652,114.80000305175781
534,,24.1390126,120.7484652,114.80000305175781
535,,24.1390126,120.7484652,114.80000305175781
536,,24.1390126,120.7484652,114.80000305175781
537,,24.1390126,120.7484652,114.80000305175781
538,,24.1390126,120.7484652,114.80000305175781
539,,24.1390126,120.7484652,114.80000305175781
540,1.93_9.17_2.00_-50.92_-24.95_-20.37_34.94_-19.62_-16.19_0.3334_0.5652_-0.6547_-0.3753end1.93_9.17_2.00_-45.77_29.99_-24.06_34.94_-19.62_-16.19_0.3318_0.5654_-0.6573_-0.3718end1.93_9.17_2.00_-42.97_49.69_-25.40_34.94_-19.62_-16.19_0.3318_0.5654_-0.6573_-0.3718end1.93_9.17_2.00_-39.95_61.77_-26.97_34.94_-19.62_-16.19_0.3332_0.5667_-0.6585_-0.3662end-1.21_9.25_2.53_-39.95_61.77_-26.97_34.94_-19.62_-16.19_0.3332_0.5667_-0.6585_-0.3662end-1.21_9.25_2.53_-39.95_61.77_-26.97_34.94_-19.62_-16.19_0.3370_0.5687_-0.6596_-0.3577end-1.84_9.64_2.50_-39.95_61.77_-26.97_34.94_-19.62_-16.19_0.3370_0.5687_-0.6596_-0.3577end-2.12_9.85_2.37_-39.95_61.77_-26.97_35.31_-19.0,24.1390126,120.7484652,114.80000305175781
541,0_-17.56_0.3370_0.5687_-0.6596_-0.3577end-2.16_9.89_2.43_-17.57_10.97_-23.16_35.31_-19.00_-17.56_0.3370_0.5687_-0.6596_-0.3577end-2.16_9.89_2.43_-17.57_10.97_-23.16_35.31_-19.00_-17.56_0.3389_0.5682_-0.6628_-0.3508end,24.1390126,120.7484652,114.80000305175781
542,,24.1390126,120.7484652,114.80000305175781
543,,24.1390126,120.7484652,114.80000305175781
544,,24.1390126,120.7484652,114.80000305175781
545,,24.1390126,120.7484652,114.80000305175781
546,,24.1390126,120.7484652,114.80000305175781
547,,24.1390126,120.7484652,114.80000305175781
548,-1.88_9.80_2.21_-17.57_10.97_-23.16_35.31_-19.00_-17.56_0.3388_0.5676_-0.6635_-0.3503end-1.76_9.75_2.30_-17.57_10.97_-23.16_35.31_-19.69_-18.00_0.3388_0.5676_-0.6635_-0.3503end-1.72_9.74_2.31_0.11_-12.42_-19.25_35.31_-19.69_-18.00_0.3388_0.5676_-0.6635_-0.3503end-1.72_9.74_2.31_0.11_-12.42_-19.25_35.31_-17.62_-16.62_0.3386_0.5648_-0.6661_-0.3503end-1.56_9.51_2.27_0.11_-12.42_-19.25_35.31_-17.62_-16.62_0.3387_0.5640_-0.6666_-0.3505end-1.39_9.76_2.15_15.11_-6.27_-17.35_35.31_-17.62_-16.62_0.3387_0.5640_-0.6666_-0.3505end-1.39_9.94_2.07_19.25_-5.37_-17.23_35.31_-17.62_-16.62_0.3387_0.5640_-0.6666_-0.3505end-1.37_10.19_1.88_19.25_-5.37_-17.23_36.06_-16.87_-16.12_0.3387_0.5640_-0.6666_-0.3505end-1.42_10.46_1.59_19.25_-5.37_-17.23_36.06_-16.87_-16.12_0.3416_0.5596_-0.6675_-0.3530end-1.57_11.02_1.23_19.25_-5.37_-17.23_36.06_-16.87_-16.12_0.3416_0.5596_-0.6675_-0.3530end,24.1390126,120.7484652,114.80000305175781
549,,24.1390126,120.7484652,114.80000305175781
550,,24.1390126,120.7484652,114.80000305175781
551,,24.1390126,120.7484652,114.80000305175781
552,,24.1390126,120.7484652,114.80000305175781
553,,24.1390126,120.7484652,114.80000305175781
554,,24.1390126,120.7484652,114.80000305175781
555,-1.59_11.29_0.97_19.25_-5.37_-17.23_36.06_-16.87_-16.12_0.3416_0.5596_-0.6675_-0.3530end-1.57_11.36_0.89_41.63_-12.65_-15.00_36.06_-16.87_-16.12_0.3416_0.5596_-0.6675_-0.3530end-1.57_11.36_0.89_41.63_-12.65_-15.00_36.06_-16.87_-16.12_0.3457_0.5534_-0.6672_-0.3593end-1.48_11.13_1.05_41.63_-12.65_-15.00_36.06_-16.87_-16.12_0.3466_0.5520_-0.6670_-0.3609end-1.61_10.98_1.03_41.63_-12.65_-15.00_36.06_-16.87_-16.12_0.3466_0.5520_-0.6670_-0.3609end-1.48_10.86_0.94_61.10_-21.60_-13.20_36.06_-16.87_-16.12_0.3466_0.5520_-0.6670_-0.3609end-1.39_10.81_0.91_61.10_-21.60_-13.20_36.06_-16.87_-16.12_0.3506_0.5453_-0.6658_-0.3693end-1.28_10.85_0.78_61.10_-21.60_-13.20_36.06_-16.87_-16.12_0.3506_0.5453_-0.6658_-0.3693end-1.12_10.68_0.68_76.54_-34.13_-12.87_36.06_-16.87_-16.12_0.3506_0.5453_-0.6658_-0.3693end-1.01_10.53_0.54_80.68_-37.15_-12.76_36.06_-16.87_-16.12_0.3506_0.5453_-0.6658_-0.3693end,24.1390126,120.7484652,114.80000305175781
556,,24.1390126,120.7484652,114.80000305175781
557,,24.1390126,120.7484652,114.80000305175781
558,,24.1390126,120.7484652,114.80000305175781
559,,24.1390126,120.7484652,114.80000305175781
560,,24.1390126,120.7484652,114.80000305175781
561,,24.1390126,120.7484652,114.80000305175781
562,-1.01_10.53_0.54_83.93_-38.50_-13.20_36.06_-16.87_-16.12_0.3564_0.5341_-0.6631_-0.3848end-4.27_39.19_-39.41_83.93_-38.50_-13.20_34.56_-19.56_-15.31_0.3577_0.5308_-0.6623_-0.3895end14.06_9.40_12.26_83.93_-38.50_-13.20_34.56_-19.56_-15.31_0.3569_0.5283_-0.6623_-0.3936end-1.23_8.91_23.74_83.93_-38.50_-13.20_35.31_-19.31_-15.31_0.35,24.1390126,120.7484652,114.80000305175781
563,69_0.5283_-0.6623_-0.3936end8.49_12.34_26.11_83.93_-38.50_-13.20_33.44_-19.00_-17.56_0.3489_0.5211_-0.6646_-0.4064end1.11_8.65_-2.52_83.93_-38.50_-13.20_33.44_-19.00_-17.56_0.3489_0.5211_-0.6646_-0.4064end-1.68_7.44_-3.73_83.93_-38.50_-13.20_34.94_-19.62_-17.06_0.3489_0.5211_-0.6646_-0.4064end-1.68_7.44_-3.73_18.02_111.46_-17.68_34.94_-19.62_-17.06_0.3489_0.5211_-0.6646_-0.4064end-0.42_6.63_-0.25_18.02_111.46_-17.68_34.94_-19.62_-17.06_0.3489_0.5211_-0.6646_-0.4064end-0.41_7.86_-6.66_18.02_111.46_-17.68_34.94_-19.62_-17.06_0.3489_0.5211_-0.6646_-0.4064end,24.1390126,120.7484652,114.80000305175781
564,,24.1390126,120.7484652,114.80000305175781
565,,24.1390126,120.7484652,114.80000305175781
566,,24.1390126,120.7484652,114.80000305175781
567,,24.1390126,120.7484652,114.80000305175781
568,,24.1390126,120.7484652,114.80000305175781
569,,24.1390126,120.7484652,114.80000305175781
570,-1.12_7.14_-4.04_18.02_111.46_-17.68_34.94_-19.62_-17.06_0.3489_0.5211_-0.6646_-0.4064end-1.12_7.14_-4.04_63.90_10.52_-0.67_34.94_-19.62_-17.06_0.3713_0.5252_-0.6542_-0.3978end-2.79_8.40_3.59_63.90_10.52_-0.67_34.94_-19.62_-17.06_0.3724_0.5238_-0.6533_-0.4001end-0.34_9.63_-0.56_63.90_10.52_-0.67_34.94_-19.62_-17.06_0.3724_0.5238_-0.6533_-0.4001end-2.57_8.98_12.20_63.90_10.52_-0.67_34.94_-19.62_-17.06_0.3752_0.5198_-0.6511_-0.4064end-1.39_8.95_10.07_30.66_12.42_-7.16_34.94_-19.94_-14.81_0.3752_0.5198_-0.6511_-0.4064end-1.39_8.95_10.07_30.66_12.42_-7.16_34.94_-19.94_-14.81_0.3774_0.5186_-0.6498_-0.4078end-0.48_8.84_5.84_30.66_12.42_-7.16_34.94_-19.94_-14,24.1390126,120.7484652,114.80000305175781
571,.81_0.3785_0.5181_-0.6493_-0.4083end0.20_8.12_-2.36_30.66_12.42_-7.16_34.94_-19.94_-14.81_0.3785_0.5181_-0.6493_-0.4083end-0.23_8.04_-1.94_30.44_17.79_-3.25_34.94_-19.94_-14.81_0.3785_0.5181_-0.6493_-0.4083end,24.1390126,120.7484652,114.80000305175781
572,,24.1390126,120.7484652,114.80000305175781
573,,24.1390126,120.7484652,114.80000305175781
574,,24.1390126,120.7484652,114.80000305175781
575,,24.1390126,120.7484652,114.80000305175781
576,,24.1390126,120.7484652,114.80000305175781
577,-0.23_8.04_-1.94_30.44_17.79_-3.25_35.69_-19.56_-12.63_0.3823_0.5174_-0.6472_-0.4091end-2.02_8.57_-1.02_30.44_17.79_-3.25_35.69_-19.56_-12.63_0.3845_0.5164_-0.6454_-0.4109end-2.02_8.57_-1.02_50.25_7.05_1.01_35.31_-20.62_-13.94_0.3845_0.5164_-0.6454_-0.4109end-2.07_8.88_2.58_50.25_7.05_1.01_35.31_-20.62_-13.94_0.3845_0.5164_-0.64,24.1390126,120.7484652,114.80000305175781
578,54_-0.4109end-1.52_9.09_2.96_50.25_7.05_1.01_35.31_-20.62_-13.94_0.3887_0.5145_-0.6422_-0.4144end-2.65_9.29_4.37_40.51_18.13_-5.60_35.31_-20.62_-13.94_0.3918_0.5133_-0.6401_-0.4161end-1.18_9.18_6.30_40.51_18.13_-5.60_35.31_-21.31_-13.56_0.3918_0.5133_-0.6401_-0.4161end-1.18_9.18_6.30_34.47_-1.45_-2.24_35.31_-21.31_-13.56_0.3932_0.5128_-0.6393_-0.4167end-1.18_9.18_6.30_34.47_-1.45_-2.24_35.31_-21.31_-13.56_0.3947_0.5115_-0.6382_-0.4186end-1.18_9.18_6.30_33.01_-24.51_3.58_35.31_-21.31_-13.56_0.3949_0.5106_-0.6379_-0.4200end,24.1390126,120.7484652,114.80000305175781
579,,24.1390126,120.7484652,114.80000305175781
580,,24.1390126,120.7484652,114.80000305175781
581,,24.1390126,120.7484652,114.80000305175781
582,,24.1390126,120.7484652,114.80000305175781
583,,24.1390126,120.7484652,114.80000305175781
584,,24.1390126,120.7484652,114.80000305175781
585,-2.14_8.75_2.64_33.01_-24.51_3.58_35.31_-21.31_-13.56_0.3944_0.5085_-0.6375_-0.4236end-2.09_8.79_2.25_33.01_-24.51_3.58_35.31_-21.31_-13.56_0.3940_0.5072_-0.6375_-0.4257end-1.99_8.88_2.49_33.01_-24.51_3.58_35.31_-21.31_-13.56_0.3940_0.5072_-0.6375_-0.4257end-1.61_8.92_2.66_40.62_-41.96_0.34_35.31_-20.56_-12.63_0.3940_0.5072_-0.6375_-0.4257end-1.52_8.95_2.73_41.29_-44.43_-0.34_35.31_-20.56_-12.63_0.3925_0.5012_-0.6373_-0.4342end-0.89_8.97_3.02_41.29_-44.43_-0.34_35.31_-20.56_-12.63_0.3920_0.4996_-0.6374_-0.4365end-0.29_8.95_3.22_41.29_-44.43_-0.34_35.31_-20.56_-12.63_0.3920_0.4996_-0.6374_-0.4365end-0.29_8.95_3.22_38.72_-64.35_4.25_35.31_-20.56_-12.63_0.3920_0.4996_-0.6374_-0.4365end-0.29_8.95_3.22_38.72_-64.35_4.25_35.31_-20.56_-12.63_0.3893_0.4943_-0.6381_-0.4439end-0.78_8.92_2.65_38.72_-64.35_4.25_35.31_-20.56_-12.63_0.3872_0.4908_-0.6385_-0.4489end,24.1390126,120.7484652,114.80000305175781
586,,24.1390126,120.7484652,114.80000305175781
587,,24.1390126,120.7484652,114.80000305175781
588,,24.1390126,120.7484652,114.80000305175781
589,,24.1390126,120.7484652,114.80000305175781
590,,24.1390126,120.7484652,114.80000305175781
591,,24.1390126,120.7484652,114.80000305175781
592,,24.1390126,120.7484652,114.80000305175781
593,-0.93_8.93_2.27_38.72_-64.35_4.25_35.31_-20.56_-12.63_0.3865_0.4893_-0.6385_-0.4510end-0.71_8.96_2.14_38.72_-64.35_4.25_35.31_-20.56_-12.63_0.3865_0.4893_-0.6385_-0.4510end-0.55_8.93_2.05_36.93_-34.13_0.22_34.56_-22.00_-14.87_0.3865_0.4893_-0.6385_-0.4510end0.03_8.95_2.27_36.93_-34.13_0.22_33.13_-22.37_-14.44_0.3856_0.4852_-0.6382_-0.4567end0.03_8.95_2.27_36.93_-34.13_0.22_33.13_-22.37_-14.44_0.3854_0.4827_-0.6377_-0.4602end0.26_9.05_2.60_40.17_-33.12_1.23_33.13_-22.37_-14.44_0.3853_0.4813_-0.6375_-0.4621end-0.09_9.07_2.95_40.17_-33.12_1.23_34.56_-22.00_-14.44_0.3853_0.4813_-0.6375_-0.4621end-0.11_9.11_3.10_40.17_-27.31_0.90_34.56_-22.00_-14.44_0.3854_,24.1390126,120.7484652,114.80000305175781
594,0.4776_-0.6364_-0.4673end-0.16_9.09_3.42_40.17_-27.31_0.90_34.56_-22.00_-14.44_0.3857_0.4766_-0.6359_-0.4688end0.18_9.08_3.37_40.17_-27.31_0.90_34.19_-22.00_-14.44_0.3857_0.4766_-0.6359_-0.4688end,24.1390126,120.7484652,114.80000305175781
595,,24.1390126,120.7484652,114.80000305175781
596,,24.1390126,120.7484652,114.80000305175781
597,,24.1390126,120.7484652,114.80000305175781
598,,24.1390126,120.7484652,114.80000305175781
599,,24.1390126,120.7484652,114.80000305175781
600,,24.1390126,120.7484652,114.80000305175781
601,0.36_9.04_3.32_39.39_-3.80_-2.24_34.19_-22.00_-14.44_0.3857_0.4766_-0.6359_-0.4688end0.36_9.04_3.32_39.39_-3.80_-2.24_34.19_-21.62_-14.44_0.3885_0.4731_-0.6331_-0.4736end0.70_9.05_2.98_39.39_-3.80_-2.24_34.19_-21.62_-14.44_0.3895_0.4725_-0.6323_-0.4746end0.70_9.03_2.86_39.39_-3.80_-2.24_34.94_-22.00_-13.56_0.3895_0.4725_-0.6323_-0.4746end0.68_9.03_2.73_42.08_15.55_-2.35_34.94_-23.31_-12.63_0.3895_0.4725_-0.6323_-0.4746end0.50_9.08_2.70_42.64_23.84_-3.02_34.94_-23.31_-12.63_0.3949_0.4706_-0.6279_-0.4778end0.45_9.08_2.65_42.52_39.50_-4.70_34.94_-23.31_-12.63_0.3969_0.4705_-0.6265_-0.4781end0.21_9.09_2.95_42.52_39.50_-4.70_34.94_-23.31_-12.63_0.3969_0.470,24.1390126,120.7484652,114.80000305175781
602,5_-0.6265_-0.4781end0.11_9.10_2.95_42.52_39.50_-4.70_34.94_-23.38_-13.13_0.4034_0.4706_-0.6218_-0.4788end-0.05_9.09_3.03_42.52_39.50_-4.70_33.88_-21.94_-10.81_0.4055_0.4706_-0.6202_-0.4791end,24.1390126,120.7484652,114.80000305175781
603,,24.1390126,120.7484652,114.80000305175781
604,,24.1390126,120.7484652,114.80000305175781
605,,24.1390126,120.7484652,114.80000305175781
606,,24.1390126,120.7484652,114.80000305175781
607,,24.1390126,120.7484652,114.80000305175781
608,,24.1390126,120.7484652,114.80000305175781
609,,24.1390126,120.7484652,114.80000305175781
610,-0.34_9.09_3.04_42.52_39.50_-4.70_33.88_-21.94_-10.81_0.4055_0.4706_-0.6202_-0.4791end-0.65_9.10_2.95_42.52_39.50_-4.70_33.88_-21.94_-10.81_0.4094_0.4703_-0.6172_-0.4798end-0.77_9.08_2.93_42.97_23.84_-2.35_33.88_-21.94_-10.81_0.4094_0.4703_-0.6172_-0.4798end-0.77_9.08_2.93_42.97_16.67_-2.13_34.94_-23.69_-11.75_0.4094_0.4703_-0.6172_-0.4798end-0.77_9.08_2.93_43.20_9.18_-2.13_35.31_-22.62_-12.19_0.4094_0.4703_-0.6172_-0.4798end-0.77_9.08_2.93_43.20_-6.04_-2.13_35.31_-22.62_-12.19_0.4156_0.4674_-0.6118_-0.4842end-0.77_9.08_2.93_43.87_-12.53_-2.35_35.31_-22.62_-12.19_0.4156_0.4674_-0.6118_-0.4842end-0.77_9.08_2.93_44.20_-17.23_-2.24_35.31_-22.62_-12.19_0.4,24.1390126,120.7484652,114.80000305175781
611,169_0.4651_-0.6105_-0.4870end-0.48_9.00_2.21_45.88_-23.50_-1.57_35.31_-22.62_-12.19_0.4169_0.4651_-0.6105_-0.4870end-0.41_9.02_2.25_45.88_-23.50_-1.57_35.31_-22.62_-12.19_0.4180_0.4611_-0.6089_-0.4919end,24.1390126,120.7484652,114.80000305175781
612,,24.1390126,120.7484652,114.80000305175781
613,,24.1390126,120.7484652,114.80000305175781
614,,24.1390126,120.7484652,114.80000305175781
615,-0.35_9.02_2.07_45.88_-23.50_-1.57_35.31_-22.62_-12.19_0.4180_0.4611_-0.6089_-0.4919end-0.34_8.99_2.17_45.88_-23.50_-1.57_35.31_-22.62_-12.19_0.4180_0.4611_-0.6089_-0.4919end-0.34_8.99_2.17_45.88_-23.50_-1.57_35.31_-24.31_-9.06_0.4203_0.4562_-0.6060_-0.4979end-0.45_9.05_2.29_45.88_-23.50_-1.57_35.31_-24.31_-9.06_0.4214_0.4552_-0.6050_-0.4991end-0.52_9.10_2.32_45.88_-23.50_-1.57_35.31_-24.31_-9.06_0.4225_0.4544_-0.6039_-0.5002end-0.52_9.10_2.32_45.88_-23.50_-1.57_34.56_-24.69_-9.56_0.4240_0.4537_-0.6027_-0.5012end-1.31_8.99_2.27_45.88_-23.50_-1.57_34.56_-24.69_-9.56_0.4269_0.4528_-0.5999_-0.5029end-1.31_8.99_2.27_45.88_-23.50_-1.57_35.31_-23.94_-8.56_0.,24.1390126,120.7484652,114.80000305175781
616,4286_0.4524_-0.5984_-0.5036end-1.73_9.02_2.18_45.88_-23.50_-1.57_35.31_-23.94_-8.56_0.4302_0.4520_-0.5969_-0.5044end-1.73_9.02_2.18_45.88_-23.50_-1.57_35.31_-23.94_-8.56_0.4333_0.4510_-0.5939_-0.5060end,24.1390126,120.7484652,114.80000305175781
617,,24.1390126,120.7484652,114.80000305175781
618,,24.1390126,120.7484652,114.80000305175781
619,,24.1390126,120.7484652,114.80000305175781
620,,24.1390126,120.7484652,114.80000305175781
621,,24.1390126,120.7484652,114.80000305175781
622,,24.1390126,120.7484652,114.80000305175781
623,-2.09_8.99_1.93_45.88_-23.50_-1.57_35.31_-23.94_-8.56_0.4348_0.4505_-0.5924_-0.5070end-2.18_8.91_2.00_45.88_-23.50_-1.57_35.31_-23.94_-8.56_0.4348_0.4505_-0.5924_-0.5070end-2.15_9.13_2.13_51.70_12.76_0.78_35.31_-23.94_-8.56_0.4348_0.4505_-0.5924_-0.5070end-2.15_9.13_2.13_52.48_9.29_2.01_35.31_-23.94_-8.56_0.4389_0.4485_-0.5882_-0.5102end-2.13_8.86_2.25_52.48_9.29_2.01_35.31_-23.94_-8.56_0.4413_0.4470_-0.5854_-0.5126end-2.25_8.64_2.17_53.04_8.39_3.36_35.31_-23.94_-8.56_0.4413_0.4470_-0.5854_-0.5126end-2.32_4.01_2.51_52.82_8.39_4.03_35.31_-23.94_-8.56_0.4413_0.4470_-0.5854_-0.5126end-2.32_4.01_2.51_53.71_9.74_3.92_35.31_-23.94_-8.56_0.4460_0.4440_-0.5797_-0.5176end-2.68_8.80_-0.42_53.71_9.74_3.92_35.31_-23.94_-8.56_0.4470_0.4432_-0.5782_-0.5190end-1.65_8.78_1.50_53.71_9.74_3.92_34.94_-25.31_-6.81_0.4470_0.4432_-0.5782_-0.5190end,24.1390126,120.7484652,114.80000305175781
624,,24.1390126,120.7484652,114.80000305175781
625,,24.1390126,120.7484652,114.80000305175781
626,,24.1390126,120.7484652,114.80000305175781
627,,24.1390126,120.7484652,114.80000305175781
628,,24.1390126,120.7484652,114.80000305175781
629,,24.1390126,120.7484652,114.80000305175781
630,-2.18_8.96_0.22_54.05_3.36_7.27_34.94_-25.31_-6.81_0.4500_0.4407_-0.5739_-0.5234end-2.34_8.83_1.51_54.05_3.36_7.27_34.94_-25.31_-6.81_0.4509_0.4398_-0.5724_-0.5250end-2.99_8.80_0.89_54.05_3.36_7.27_35.69_-24.94_-6.37_0.4509_0.4398_-0.5724_-0.5250end-2.99_8.80_0.89_54.05_3.36_7.27_35.69_-24.94_-6.37_0.4531_0.4366_-0.5684_-0.5300end-1.75_8.81_1.28_57.74_-23.95_10.85_34.25_-24.94_-5.87_0.4535_0.4353_-0.5673_-0.5320end-2.66_8.77_1.08_57.74_-23.95_10.85_34.25_-24.94_-5.87_0.4537_0.4338_-0.5663_-0.5341end-2.07_8.75_1.36_57.74_-23.95_10.85_34.25_-24.94_-5.87_0.4538_0.4322_-0.5653_-0.5364end-2.00_8.70_0.99_58.41_-35.25_11.30_34.25_-24.94_-5.87_0.4538_0.4305_-0.5644_-0.5386end-2.00_8.70_0.99_58.19_-36.71_11.08_34.63_-25.31_-6.37_0.4538_0.4305_-0.5644_-0.5386end-2.00_8.70_0.99_58.19_-36.71_11.08_34.63_-25.31_-6.37_0.4534_0.4252_-0.5620_-0.5458end,24.1390126,120.7484652,114.80000305175781
631,,24.1390126,120.7484652,114.80000305175781
632,,24.1390126,120.7484652,114.80000305175781
633,,24.1390126,120.7484652,114.80000305175781
634,,24.1390126,120.7484652,114.80000305175781
635,,24.1390126,120.7484652,114.80000305175781
636,,24.1390126,120.7484652,114.80000305175781
637,-2.00_8.70_0.99_58.19_-36.71_11.08_34.63_-26.00_-6.37_0.4534_0.4252_-0.5620_-0.5458end-2.00_8.70_0.99_57.52_-54.72_12.53_34.25_-25.69_-6.81_0.4534_0.4252_-0.5620_-0.5458end2.08_47.59_-1.53_57.52_-54.72_12.53_34.25_-25.69_-6.81_0.4515_0.4167_-0.5595_-0.5563end7.16_0.28_1.13_57.52_-54.72_12.53_34.19_-27.06_-6.81_0.4508_0.4142_-0.5588_-0.5594end-3.02_8.44_-2.30_57.52_-54.72_12.53_34.19_-27.06_-6.81_0.4499_0.4117_-0.5583_-0.5625end-0.75_9.04_1.52_57.52_-54.72_12.53_33.13_-26.69_-6.81_0.4499_0.4117_-0.5583_-0.5625end-5.39_7.95_-0.82_57.52_-54.72_12.53_34.25_-26.69_-6.81_0.4470_0.4043_-0.5572_-0.5712end2.57_8.44_-1.29_57.52_-54.72_12.53_34.25_-26.69_-6.81_0.4467_0.4021_-0.5566_-0.5735end2.57_8.44_-1.29_57.52_-54.72_12.53_33.88_-25.62_-5.94_0.4467_0.4000_-0.5558_-0.5757end2.99_8.44_-1.71_67.14_-74.19_9.40_33.88_-25.62_-5.94_0.4467_0.4000_-0.5558_-0.5757end,24.1390126,120.7484652,114.80000305175781
638,,24.1390126,120.7484652,114.80000305175781
639,,24.1390126,120.7484652,114.80000305175781
640,,24.1390126,120.7484652,114.80000305175781
641,,24.1390126,120.7484652,114.80000305175781
642,,24.1390126,120.7484652,114.80000305175781
643,,24.1390126,120.7484652,114.80000305175781
644,2.99_8.44_-1.71_67.14_-74.19_9.40_33.50_-26.69_-6.44_0.4460_0.3951_-0.5545_-0.5809end2.99_8.44_-1.71_67.14_-74.19_9.40_33.50_-26.69_-6.44_0.4442_0.3893_-0.5536_-0.5871end1.96_8.57_-1.16_67.14_-74.19_9.40_33.50_-27.37_-7.31_0.4435_0.3869_-0.5530_-0.5897end1.30_8.55_-1.52_67.14_-74.19_9.40_33.50_-27.37_-7.31_0.4435_0.3869_-0.5530_-0.5897end0.32_8.50_-2.58_67.14_-74.19_9.40_34.19_-27.75_-6.87_0.4435_0.3869_-0.5530_-0.5897end0.32_8.50_-2.58_67.14_-74.19_9.40_32.75_-27.37_-6.44_0.4446_0.3803_-0.5484_-0.5974end1.25_8.40_-3.49_67.14_-74.19_9.40_32.75_-27.37_-6.44_0.4452_0.3788_-0.5472_-0.5991end0.58_8.37_-3.90_67.14_-74.19_9.40_34.25_-28.00_-5.06_0.4456_0.3772_-0.5460_-0.6009end1.29_8.50_-3.33_67.14_-74.19_9.40_34.25_-28.00_-5.06_0.4456_0.3772_-0.5460_-0.6009end1.29_8.50_-3.33_59.76_-6.49_3.80_34.25_-28.00_-5.06_0.4470_0.3726_-0.5421_-0.6063end,24.1390126,120.7484652,114.80000305175781
645,,24.1390126,120.7484652,114.80000305175781
646,,24.1390126,120.7484652,114.80000305175781
647,,24.1390126,120.7484652,114.80000305175781
648,,24.1390126,120.7484652,114.80000305175781
649,,24.1390126,120.7484652,114.80000305175781
650,,24.1390126,120.7484652,114.80000305175781
651,0.36_8.50_-3.71_59.76_-6.49_3.80_34.25_-28.00_-5.06_0.4470_0.3726_-0.5421_-0.6063end0.36_8.50_-3.71_58.19_3.92_2.57_32.75_-27.69_-6.00_0.4470_0.3726_-0.5421_-0.6063end0.36_8.50_-3.71_55.17_17.68_0.22_32.75_-27.69_-6.00_0.4502_0.3699_-0.5369_-0.6101end0.26_8.59_-3.58_55.17_17.68_0.22_33.50_-28.00_-5.56_0.4502_0.3699_-0.5369_-0.6101end0.26_8.59_-3.58_54.16_14.44_0.67_33.50_-28.00_-5.56_0.4539_0.3680_-0.5316_-0.6132end-0.29_8.59_-4.69_54.39_7.05_2.01_33.50_-28.00_-5.56_0.4548_0.3672_-0.5300_-0.6143end-0.39_8.59_-4.71_54.39_7.05_2.01_33.50_-28.00_-5.56_0.4558_0.3663_-0.5284_-0.6155end-0.69_8.63_-4.52_53.94_3.02_2.91_33.50_-28.00_-5.56_0.4558_0.3663_-0.5284,24.1390126,120.7484652,114.80000305175781
652,_-0.6155end-0.69_8.63_-4.52_52.15_-0.90_1.34_34.63_-27.94_-3.69_0.4575_0.3644_-0.5253_-0.6180end-0.48_8.70_-4.15_52.15_-0.90_1.34_34.63_-27.94_-3.69_0.4591_0.3623_-0.5225_-0.6205end,24.1390126,120.7484652,114.80000305175781
653,,24.1390126,120.7484652,114.80000305175781
654,,24.1390126,120.7484652,114.80000305175781
655,,24.1390126,120.7484652,114.80000305175781
656,,24.1390126,120.7484652,114.80000305175781
657,,24.1390126,120.7484652,114.80000305175781
658,,24.1390126,120.7484652,114.80000305175781
659,-0.25_8.84_-4.28_52.15_-0.90_1.34_33.13_-28.00_-4.69_0.4597_0.3610_-0.5212_-0.6218end-0.04_8.74_-4.37_48.57_-18.69_1.57_33.13_-28.00_-4.69_0.4603_0.3582_-0.5193_-0.6246end-0.09_8.79_-4.65_48.57_-18.69_1.57_33.13_-28.31_-3.69_0.4604_0.3565_-0.5185_-0.6262end0.08_8.66_-4.96_48.57_-18.69_1.57_33.13_-28.31_-3.69_0.4604_0.3548_-0.5178_-0.6277end0.00_8.65_-5.06_48.57_-18.69_1.57_33.13_-28.31_-3.69_0.4604_0.3548_-0.5178_-0.6277end0.10_8.38_-5.04_45.99_-29.43_1.68_33.13_-28.31_-3.69_0.4604_0.3548_-0.5178_-0.6277end0.10_8.38_-5.04_45.77_-28.87_0.90_33.13_-29.37_-5.12_0.4604_0.3480_-0.5150_-0.6339end0.45_8.74_-4.62_45.77_-28.87_0.90_33.13_-29.37_-5.12_0.4604_0.3463_-0.5142_-0.6353end0.70_8.79_-4.39_45.77_-28.87_0.90_33.13_-29.37_-5.12_0.4604_0.3463_-0.5142_-0.6353end0.68_8.82_-4.30_42.86_-27.31_-0.22_33.13_-29.37_-5.12_0.4604_0.3463_-0.5142_-0.6353end,24.1390126,120.7484652,114.80000305175781
660,,24.1390126,120.7484652,114.80000305175781
661,,24.1390126,120.7484652,114.80000305175781
662,,24.1390126,120.7484652,114.80000305175781
663,,24.1390126,120.7484652,114.80000305175781
664,,24.1390126,120.7484652,114.80000305175781
665,,24.1390126,120.7484652,114.80000305175781
666,,24.1390126,120.7484652,114.80000305175781
667,,24.1390126,120.7484652,114.80000305175781
668,,24.1390126,120.7484652,114.80000305175781
669,0.70_8.79_-4.34_42.86_-27.31_-0.22_33.50_-29.00_-4.19_0.4604_0.3463_-0.5142_-0.6353end0.70_8.79_-4.34_42.86_-27.31_-0.22_33.50_-29.00_-4.19_0.4609_0.3383_-0.5109_-0.6420end0.71_8.75_-4.44_42.86_-27.31_-0.22_32.75_-28.31_-2.81_0.4611_0.3369_-0.5103_-0.6431end0.70_8.78_-4.32_42.86_-27.31_-0.22_33.13_-29.00_-1.94_0.4612_0.3354_-0.5095_-0.6443end0.73_8.82_-4.20_40.51_-16.67_-2.57_33.13_-29.00_-1.94_0.4612_0.3354_-0.5095_-0.6443end0.73_8.82_-4.20_40.51_-16.67_-2.57_33.13_-29.00_-1.94_0.4622_0.3315_-0.5072_-0.6475end0.71_8.83_-3.86_40.51_-16.67_-2.57_33.13_-29.00_-1.94_0.4625_0.3301_-0.5064_-0.6486end0.72_8.81_-3.70_40.51_-16.67_-2.57_33.13_-29.00_-1.94_0.46,24.1390126,120.7484652,114.80000305175781
670,29_0.3289_-0.5056_-0.6495end0.72_8.84_-3.66_40.51_-16.67_-2.57_33.13_-29.00_-1.94_0.4633_0.3276_-0.5048_-0.6505end0.72_8.84_-3.66_40.51_-16.67_-2.57_32.75_-27.94_-2.81_0.4638_0.3264_-0.5040_-0.6514end,24.1390126,120.7484652,114.80000305175781
671,,24.1390126,120.7484652,114.80000305175781
672,,24.1390126,120.7484652,114.80000305175781
673,,24.1390126,120.7484652,114.80000305175781
674,,24.1390126,120.7484652,114.80000305175781
675,0.72_8.84_-3.66_40.51_-16.67_-2.57_32.75_-27.94_-2.81_0.4648_0.3241_-0.5024_-0.6531end0.53_8.76_-3.51_40.51_-16.67_-2.57_32.75_-27.94_-2.81_0.4653_0.3229_-0.5015_-0.6540end0.49_8.78_-3.37_38.16_-5.15_-5.93_32.75_-27.94_-2.81_0.4653_0.3229_-0.5015_-0.6540end0.49_8.78_-3.37_38.16_-5.15_-5.93_33.13_-27.56_-1.87_0.4665_0.3209_-0.4997_-0.6555end0.49_8.78_-3.37_37.82_-1.57_-6.49_33.13_-27.56_-1.87_0.4672_0.3199_-0.4988_-0.6562end0.49_8.78_-3.37_38.38_0.11_-6.83_32.38_-28.62_-2.31_0.4672_0.3199_-0.4988_-0.6562end0.49_8.78_-3.37_38.38_0.11_-6.83_32.38_-28.62_-2.31_0.4694_0.3171_-0.4957_-0.6583end0.06_8.78_-2.81_38.38_0.11_-6.83_32.38_-28.62_-2.31_0.4703_0.3162_-0.4946_-0.6590end-0.13_8.71_-2.44_39.28_6.49_-7.72_32.38_-28.62_-2.31_0.4711_0.3154_-0.4934_-0.6596end-0.13_8.71_-2.44_39.28_6.49_-7.72_33.13_-27.62_-1.87_0.4711_0.3154_-0.4934_-0.6596end,24.1390126,120.7484652,114.80000305175781
676,,24.1390126,120.7484652,114.80000305175781
677,,24.1390126,120.7484652,114.80000305175781
678,,24.1390126,120.7484652,114.80000305175781
679,,24.1390126,120.7484652,114.80000305175781
680,,24.1390126,120.7484652,114.80000305175781
681,-0.35_8.70_-2.07_39.28_6.49_-7.72_33.13_-27.62_-1.87_0.4711_0.3154_-0.4934_-0.6596end-0.35_8.70_-2.07_40.62_14.32_-7.27_33.13_-28.62_-0.13_0.4711_0.3154_-0.4934_-0.6596end-0.64_8.65_-1.70_40.62_14.32_-7.27_33.13_-28.62_-0.13_0.4773_0.3115_-0.4856_-0.6628end-0.80_8.62_-1.48_40.62_14.32_-7.27_33.13_-28.62_-0.13_0.4773_0.3115_-0.48,24.1390126,120.7484652,114.80000305175781
682,56_-0.6628end-0.80_8.62_-1.48_42.75_12.31_-7.50_33.13_-28.62_-0.13_0.4773_0.3115_-0.4856_-0.6628end-0.82_8.55_-1.36_42.75_12.31_-7.50_33.50_-28.62_-1.50_0.4773_0.3115_-0.4856_-0.6628end-0.74_8.54_-1.02_42.75_12.31_-7.50_33.50_-28.62_-1.50_0.4773_0.3115_-0.4856_-0.6628end-0.72_8.53_-0.79_42.75_12.31_-7.50_33.50_-28.25_0.37_0.4773_0.3115_-0.4856_-0.6628end-0.70_8.51_-0.64_45.66_-30.55_-8.50_33.50_-28.25_0.37_0.4773_0.3115_-0.4856_-0.6628end-0.70_8.51_-0.64_45.66_-30.55_-8.50_33.50_-28.25_0.37_0.4841_0.3007_-0.4756_-0.6700end,24.1390126,120.7484652,114.80000305175781
683,,24.1390126,120.7484652,114.80000305175781
684,,24.1390126,120.7484652,114.80000305175781
685,,24.1390126,120.7484652,114.80000305175781
686,,24.1390126,120.7484652,114.80000305175781
687,,24.1390126,120.7484652,114.80000305175781
688,,24.1390126,120.7484652,114.80000305175781
689,-0.67_8.76_-0.31_45.66_-30.55_-8.50_33.88_-27.94_-0.50_0.4841_0.2981_-0.4754_-0.6714end0.09_17.55_-0.97_45.66_-30.55_-8.50_33.88_-27.94_-0.50_0.4841_0.2981_-0.4754_-0.6714end-0.25_14.78_-0.73_49.35_-75.20_-8.73_33.50_-28.94_0.75_0.4841_0.2981_-0.4754_-0.6714end0.31_21.10_-2.59_48.34_-82.81_-9.18_34.25_-28.94_-0.56_0.4841_0.2981_-0.4754_-0.6714end0.51_22.34_-3.06_44.65_-84.49_-9.51_34.25_-28.94_-0.56_0.4807_0.2811_-0.4768_-0.6802end1.06_22.02_-3.07_44.65_-84.49_-9.51_33.50_-28.25_-0.56_0.4796_0.2772_-0.4774_-0.6820end1.77_22.07_-5.00_44.65_-84.49_-9.51_33.50_-28.25_-0.56_0.4786_0.2735_-0.4781_-0.6838end1.61_22.19_-5.25_34.58_-60.43_-10.74_33.88_-27.56_-0.13_0.4786_0.2735_-0.4781_-0.6838end1.86_22.64_-5.89_34.58_-60.43_-10.74_33.88_-27.56_-0.13_0.4766_0.2646_-0.4794_-0.6877end2.12_23.07_-6.61_34.58_-60.43_-10.74_33.88_-27.56_-0.13_0.4768_0.2630_-0.4792_-0.6884end,24.1390126,120.7484652,114.80000305175781
690,,24.1390126,120.7484652,114.80000305175781
691,,24.1390126,120.7484652,114.80000305175781
692,,24.1390126,120.7484652,114.80000305175781
693,,24.1390126,120.7484652,114.80000305175781
694,,24.1390126,120.7484652,114.80000305175781
695,,24.1390126,120.7484652,114.80000305175781
696,,24.1390126,120.7484652,114.80000305175781
697,2.15_23.07_-6.89_34.58_-60.43_-10.74_33.88_-28.25_-1.00_0.4768_0.2630_-0.4792_-0.6884end2.11_22.84_-6.62_16.79_22.05_-16.56_33.88_-28.25_-1.00_0.4783_0.2615_-0.4782_-0.6887end1.62_22.14_-5.87_16.79_22.05_-16.56_33.88_-28.25_-1.00_0.4806_0.2614_-0.4766_-0.6882end1.62_22.14_-5.87_16.79_22.05_-16.56_33.13_-28.62_-0.56_0.4818_0.2616_-0.4760_-0.6877end1.37_20.99_-5.25_16.79_22.05_-16.56_33.13_-28.62_-0.56_0.4818_0.2616_-0.4760_-0.6877end1.61_20.39_-5.00_0.00_33.12_-18.91_33.13_-28.62_-0.56_0.4818_0.2616_-0.4760_-0.6877end1.61_20.39_-5.00_0.00_33.12_-18.91_34.25_-27.31_-1.50_0.4855_0.2632_-0.4743_-0.6855end1.67_18.32_-4.80_-8.84_34.80_-19.14_34.25_-27.31_-1.,24.1390126,120.7484652,114.80000305175781
698,50_0.4880_0.2649_-0.4738_-0.6835end1.11_16.79_-4.74_-8.84_34.80_-19.14_34.25_-27.31_-1.50_0.4891_0.2659_-0.4736_-0.6824end0.69_15.54_-4.75_-8.84_34.80_-19.14_33.50_-27.56_-0.56_0.4891_0.2659_-0.4736_-0.6824end,24.1390126,120.7484652,114.80000305175781
699,,24.1390126,120.7484652,114.80000305175781
700,,24.1390126,120.7484652,114.80000305175781
701,,24.1390126,120.7484652,114.80000305175781
702,,24.1390126,120.7484652,114.80000305175781
703,0.68_14.91_-4.67_-33.35_50.47_-17.46_34.63_-27.94_-1.00_0.4891_0.2659_-0.4736_-0.6824end0.55_14.26_-4.66_-33.35_50.47_-17.46_34.63_-27.94_-1.00_0.4927_0.2705_-0.4736_-0.6781end0.55_14.26_-4.66_-33.35_50.47_-17.46_34.63_-27.94_-1.00_0.4949_0.2745_-0.4741_-0.6746end0.37_12.64_-4.64_-33.35_50.47_-17.46_34.63_-27.94_-1.00_0.4958_0.2766_-0.4746_-0.6727end0.18_11.75_-4.70_-33.35_50.47_-17.46_34.63_-27.94_-1.00_0.4958_0.2766_-0.4746_-0.6727end0.16_10.82_-4.44_-33.35_50.47_-17.46_34.63_-27.94_-1.00_0.4972_0.2809_-0.4761_-0.6687end0.18_10.41_-4.29_-70.84_47.22_-12.65_34.63_-27.94_-1.00_0.4977_0.2834_-0.4772_-0.6665end0.18_10.41_-4.29_-70.84_47.22_-12.65_34.63_-,24.1390126,120.7484652,114.80000305175781
704,27.94_-1.00_0.4987_0.2886_-0.4795_-0.6619end0.26_9.58_-3.92_-70.84_47.22_-12.65_33.94_-26.25_0.81_0.4991_0.2917_-0.4808_-0.6592end-0.04_8.49_-3.46_-70.84_47.22_-12.65_33.94_-26.25_0.81_0.4991_0.2917_-0.4808_-0.6592end,24.1390126,120.7484652,114.80000305175781
705,,24.1390126,120.7484652,114.80000305175781
706,,24.1390126,120.7484652,114.80000305175781
707,,24.1390126,120.7484652,114.80000305175781
708,,24.1390126,120.7484652,114.80000305175781
709,,24.1390126,120.7484652,114.80000305175781
710,-0.21_8.15_-3.34_-96.35_69.27_-9.96_33.94_-26.56_1.69_0.4991_0.2917_-0.4808_-0.6592end-0.43_7.59_-2.87_-96.35_69.27_-9.96_33.94_-26.56_1.69_0.5005_0.3021_-0.4847_-0.6506end-0.50_7.39_-2.56_-105.19_77.22_-9.96_35.00_-27.25_0.37_0.5005_0.3021_-0.4847_-0.6506end-0.50_7.39_-2.56_-105.19_77.22_-9.96_35.00_-27.25_0.37_0.5020_0.3146_-0.4889_-0.6403end-0.93_6.80_-1.97_-105.19_77.22_-9.96_35.00_-27.25_0.37_0.5020_0.3146_-0.4889_-0.6403end-1.14_6.61_-1.84_-116.72_77.22_-8.39_36.06_-27.87_-0.50_0.5020_0.3146_-0.4889_-0.6403end-1.14_6.61_-1.84_-116.72_77.22_-8.39_36.06_-27.87_-0.50_0.5029_0.3281_-0.4937_-0.6291end-1.14_6.61_-1.84_-126.79_67.03_-6.71_36.06_-27.87_-,24.1390126,120.7484652,114.80000305175781
711,0.50_0.5029_0.3327_-0.4956_-0.6251end-1.14_6.61_-1.84_-126.79_67.03_-6.71_36.06_-27.87_-0.50_0.5027_0.3371_-0.4976_-0.6213end-1.14_6.61_-1.84_-132.16_57.86_-5.71_36.06_-27.87_-0.50_0.5020_0.3458_-0.5020_-0.6136end,24.1390126,120.7484652,114.80000305175781
712,,24.1390126,120.7484652,114.80000305175781
713,,24.1390126,120.7484652,114.80000305175781
714,,24.1390126,120.7484652,114.80000305175781
715,,24.1390126,120.7484652,114.80000305175781
716,,24.1390126,120.7484652,114.80000305175781
717,,24.1390126,120.7484652,114.80000305175781
718,-1.35_5.41_-1.59_-135.07_54.83_-4.92_36.06_-27.87_-0.50_0.5005_0.3545_-0.5068_-0.6057end-1.36_5.26_-1.54_-139.21_51.14_-3.36_35.38_-25.88_-0.94_0.5005_0.3545_-0.5068_-0.6057end-1.36_5.26_-1.54_-139.21_51.14_-3.36_35.38_-25.88_-0.94_0.4987_0.3632_-0.5120_-0.5977end-1.23_4.42_-1.30_-139.21_51.14_-3.36_34.63_-26.56_-0.50_0.4987_0.3,24.1390126,120.7484652,114.80000305175781
719,632_-0.5120_-0.5977end-1.39_3.92_-1.61_-145.25_45.32_-1.68_34.63_-26.56_-0.50_0.4987_0.3632_-0.5120_-0.5977end-1.35_3.71_-1.62_-148.16_40.17_-1.45_34.63_-26.62_-1.44_0.4987_0.3632_-0.5120_-0.5977end-1.26_3.69_-1.54_-148.83_35.70_-0.34_34.63_-26.62_-1.44_0.4921_0.3845_-0.5259_-0.5775end-1.09_3.35_-1.16_-148.83_35.70_-0.34_35.38_-25.88_-1.44_0.4904_0.3884_-0.5289_-0.5735end-1.09_3.35_-1.16_-149.73_21.37_1.01_35.75_-26.62_-2.37_0.4904_0.3884_-0.5289_-0.5735end-1.04_3.21_-1.02_-150.29_13.32_1.79_35.75_-26.62_-2.37_0.4904_0.3884_-0.5289_-0.5735end,24.1390126,120.7484652,114.80000305175781
720,,24.1390126,120.7484652,114.80000305175781
721,,24.1390126,120.7484652,114.80000305175781
722,,24.1390126,120.7484652,114.80000305175781
723,,24.1390126,120.7484652,114.80000305175781
724,,24.1390126,120.7484652,114.80000305175781
725,-1.04_3.21_-1.02_-150.29_13.32_1.79_35.75_-26.62_-2.37_0.4811_0.4029_-0.5425_-0.5585end-0.70_2.89_-1.70_-150.29_13.32_1.79_35.75_-26.62_-2.37_0.4784_0.4061_-0.5460_-0.5551end-0.46_2.89_-1.96_-148.83_-8.73_4.25_35.75_-26.62_-2.37_0.4784_0.4061_-0.5460_-0.5551end-0.37_2.85_-1.84_-146.60_-11.75_5.04_35.75_-26.62_-2.37_0.4784_0.4061_-0.5460_-0.5551end-0.37_2.85_-1.84_-146.60_-11.75_5.04_35.75_-26.62_-2.37_0.4695_0.4150_-0.5569_-0.5451end-0.37_2.85_-1.84_-146.60_-11.75_5.04_35.75_-26.62_-2.37_0.4635_0.4205_-0.5641_-0.5386end0.34_3.84_0.73_-146.60_-11.75_5.04_35.75_-26.62_-2.37_0.4602_0.4233_-0.5679_-0.5352end0.05_4.01_-0.50_-146.60_-11.75_5.04_35.75_-26.62_,24.1390126,120.7484652,114.80000305175781
726,-2.37_0.4602_0.4233_-0.5679_-0.5352end-0.04_3.96_-1.23_-145.48_-21.49_8.62_35.31_-25.69_-7.69_0.4602_0.4233_-0.5679_-0.5352end-0.57_3.95_-2.07_-145.48_-21.49_8.62_35.31_-25.69_-7.69_0.4465_0.4339_-0.5825_-0.5226end,24.1390126,120.7484652,114.80000305175781
727,,24.1390126,120.7484652,114.80000305175781
728,,24.1390126,120.7484652,114.80000305175781
729,,24.1390126,120.7484652,114.80000305175781
730,,24.1390126,120.7484652,114.80000305175781
731,,24.1390126,120.7484652,114.80000305175781
732,,24.1390126,120.7484652,114.80000305175781
733,-0.71_3.78_-2.12_-145.48_-21.49_8.62_35.31_-26.06_-9.06_0.4465_0.4339_-0.5825_-0.5226end-0.73_3.84_-1.82_-145.48_-21.49_8.62_35.31_-25.31_-8.69_0.4465_0.4339_-0.5825_-0.5226end-0.61_4.00_-1.23_-137.98_9.18_6.15_35.31_-25.31_-8.69_0.4465_0.4339_-0.5825_-0.5226end-0.39_4.50_-0.73_-135.63_20.25_5.71_35.31_-25.31_-8.69_0.4361_0.4460_-0.5937_-0.5083end-0.39_4.50_-0.73_-132.94_28.98_5.82_34.94_-25.69_-9.06_0.4340_0.4492_-0.5961_-0.5045end-1.31_4.38_-1.82_-132.94_28.98_5.82_34.94_-25.69_-9.06_0.4318_0.4526_-0.5985_-0.5005end-1.60_4.59_-1.72_-132.94_28.98_5.82_34.94_-25.69_-9.06_0.4269_0.4628_-0.6042_-0.4884end-1.47_4.86_-1.40_-132.94_28.98_5.82_34.94_-24.69_-11.31_0.4254_0.4663_-0.6060_-0.4842end-1.36_5.25_-1.12_-120.52_33.46_5.26_34.94_-24.69_-11.31_0.4239_0.4695_-0.6077_-0.4803end-1.36_5.25_-1.12_-118.96_19.81_5.71_35.69_-24.37_-11.31_0.4239_0.4695_-0.6077_-0.4803end,24.1390126,120.7484652,114.80000305175781
734,,24.1390126,120.7484652,114.80000305175781
735,,24.1390126,120.7484652,114.80000305175781
736,,24.1390126,120.7484652,114.80000305175781
737,,24.1390126,120.7484652,114.80000305175781
738,,24.1390126,120.7484652,114.80000305175781
739,,24.1390126,120.7484652,114.80000305175781
740,,24.1390126,120.7484652,114.80000305175781
741,-1.36_5.25_-1.12_-118.96_19.81_5.71_35.69_-24.37_-11.31_0.4173_0.4775_-0.6137_-0.4703end-0.59_8.10_-1.90_-118.96_19.81_5.71_35.69_-24.37_-11.31_0.4145_0.4795_-0.6160_-0.4677end-0.16_8.96_-2.15_-109.00_-25.40_8.50_35.69_-24.37_-11.31_0.4145_0.4795_-0.6160_-0.4677end0.01_9.22_-2.16_-109.00_-25.40_8.50_35.69_-24.37_-11.31_0.4082_0.4830_-0.6209_-0.4631end0.21_9.43_-2.04_-103.18_-29.32_9.18_35.69_-24.37_-11.31_0.4020_0.4861_-0.6255_-0.4590end0.31_9.67_-2.02_-98.59_-20.25_8.95_35.69_-24.37_-11.31_0.3990_0.4878_-0.6278_-0.4568end0.23_10.01_-2.05_-98.59_-20.25_8.95_35.69_-24.37_-11.31_0.3990_0.4878_-0.6278_-0.4568end0.23_10.01_-2.05_-92.66_-8.28_7.83_35.69_-24,24.1390126,120.7484652,114.80000305175781
742,.37_-11.31_0.3939_0.4910_-0.6316_-0.4525end0.51_10.20_-1.50_-92.66_-8.28_7.83_35.69_-24.37_-11.31_0.3916_0.4928_-0.6334_-0.4502end0.32_10.23_-1.12_-92.66_-8.28_7.83_35.69_-24.37_-11.31_0.3895_0.4944_-0.6349_-0.4479end,24.1390126,120.7484652,114.80000305175781
743,,24.1390126,120.7484652,114.80000305175781
744,,24.1390126,120.7484652,114.80000305175781
745,,24.1390126,120.7484652,114.80000305175781
746,,24.1390126,120.7484652,114.80000305175781
747,0.13_10.16_-0.96_-82.14_1.79_7.16_35.69_-24.37_-11.31_0.3875_0.4962_-0.6364_-0.4457end-0.23_9.94_-0.70_-82.14_1.79_7.16_35.69_-24.37_-11.31_0.3856_0.4978_-0.6378_-0.4435end-0.14_9.79_-0.34_-82.14_1.79_7.16_35.69_-24.37_-11.31_0.3820_0.5010_-0.6404_-0.4391end-0.16_9.70_-0.19_-72.29_1.01_6.71_35.69_-24.37_-11.31_0.3820_0.5010_-0.6,24.1390126,120.7484652,114.80000305175781
748,404_-0.4391end-0.16_9.70_-0.19_-72.29_1.01_6.71_35.69_-24.37_-11.31_0.3770_0.5052_-0.6439_-0.4335end-0.39_9.26_0.41_-72.29_1.01_6.71_35.69_-24.37_-11.31_0.3752_0.5065_-0.6450_-0.4320end-0.56_8.96_0.83_-72.29_1.01_6.71_35.69_-24.37_-11.31_0.3752_0.5065_-0.6450_-0.4320end-0.50_8.86_0.96_-56.51_-18.02_8.84_35.69_-24.37_-11.31_0.3695_0.5093_-0.6484_-0.4285end-0.48_8.76_0.98_-49.80_-30.66_10.07_35.69_-24.37_-11.31_0.3674_0.5099_-0.6495_-0.4279end-0.48_8.65_1.20_-49.80_-30.66_10.07_35.69_-24.37_-11.31_0.3674_0.5099_-0.6495_-0.4279end,24.1390126,120.7484652,114.80000305175781
749,,24.1390126,120.7484652,114.80000305175781
750,,24.1390126,120.7484652,114.80000305175781
751,,24.1390126,120.7484652,114.80000305175781
752,,24.1390126,120.7484652,114.80000305175781
753,,24.1390126,120.7484652,114.80000305175781
754,,24.1390126,120.7484652,114.80000305175781
755,-0.57_8.63_1.48_-49.80_-30.66_10.07_33.81_-22.69_-15.75_0.3674_0.5099_-0.6495_-0.4279end-0.57_8.72_1.53_-38.72_-51.14_12.42_33.81_-22.69_-15.75_0.3674_0.5099_-0.6495_-0.4279end-0.58_8.79_1.63_-38.72_-51.14_12.42_33.81_-22.69_-15.75_0.3551_0.5107_-0.6555_-0.4282end-0.46_8.88_1.59_-38.72_-51.14_12.42_33.81_-22.69_-15.75_0.3524_0.5104_-0.6567_-0.4290end-0.29_8.95_1.48_-38.72_-51.14_12.42_33.81_-22.69_-15.75_0.3524_0.5104_-0.6567_-0.4290end-0.23_8.97_1.57_-38.72_-51.14_12.42_33.81_-22.69_-15.75_0.3524_0.5104_-0.6567_-0.4290end-0.21_9.00_1.55_-12.76_-72.74_15.55_33.81_-22.69_-15.75_0.3524_0.5104_-0.6567_-0.4290end-0.14_9.08_1.72_-12.76_-72.74_15.55_33.81_-2,24.1390126,120.7484652,114.80000305175781
756,2.69_-15.75_0.3386_0.5074_-0.6619_-0.4355end-0.04_9.14_1.67_-12.76_-72.74_15.55_33.81_-22.69_-15.75_0.3362_0.5068_-0.6627_-0.4370end0.18_9.37_1.48_-12.76_-72.74_15.55_33.81_-22.69_-15.75_0.3362_0.5068_-0.6627_-0.4370end,24.1390126,120.7484652,114.80000305175781
757,,24.1390126,120.7484652,114.80000305175781
758,,24.1390126,120.7484652,114.80000305175781
759,,24.1390126,120.7484652,114.80000305175781
760,,24.1390126,120.7484652,114.80000305175781
761,,24.1390126,120.7484652,114.80000305175781
762,0.18_9.37_1.48_1.79_-57.07_14.66_32.31_-21.75_-19.44_0.3362_0.5068_-0.6627_-0.4370end0.29_9.43_1.37_1.79_-57.07_14.66_32.31_-21.75_-19.44_0.3362_0.5068_-0.6627_-0.4370end0.29_9.43_1.37_10.18_-44.43_14.21_32.69_-22.81_-19.87_0.3288_0.5042_-0.6644_-0.4431end0.29_9.43_1.37_10.18_-44.43_14.21_31.56_-22.44_-20.31_0.3268_0.5031_-0.6643_-0.4459end0.08_9.54_1.84_21.82_-23.39_12.09_31.56_-22.44_-20.31_0.3268_0.5031_-0.6643_-0.4459end0.08_9.54_1.84_29.54_-11.53_11.19_31.56_-22.44_-20.31_0.3259_0.5021_-0.6629_-0.4498end7.55_27.83_-12.46_29.54_-11.53_11.19_31.56_-22.44_-20.31_0.3253_0.5017_-0.6622_-0.4515end-10.45_2.00_31.33_29.54_-11.53_11.19_31.25_-22.81_-19.44_,24.1390126,120.7484652,114.80000305175781
763,0.3253_0.5017_-0.6622_-0.4515end-4.24_8.93_-2.99_29.54_-11.53_11.19_31.94_-24.81_-19.00_0.3253_0.5017_-0.6622_-0.4515end-6.50_10.37_13.14_29.54_-11.53_11.19_31.94_-24.81_-19.00_0.3264_0.4985_-0.6605_-0.4568end,24.1390126,120.7484652,114.80000305175781
764,,24.1390126,120.7484652,114.80000305175781
765,,24.1390126,120.7484652,114.80000305175781
766,,24.1390126,120.7484652,114.80000305175781
767,,24.1390126,120.7484652,114.80000305175781
768,,24.1390126,120.7484652,114.80000305175781
769,,24.1390126,120.7484652,114.80000305175781
770,,24.1390126,120.7484652,114.80000305175781
771,,24.1390126,120.7484652,114.80000305175781
772,-6.50_10.37_13.14_29.54_-11.53_11.19_31.56_-23.50_-20.81_0.3303_0.4991_-0.6595_-0.4548end1.37_6.21_6.09_29.54_-11.53_11.19_31.56_-23.50_-20.81_0.3357_0.5006_-0.6579_-0.4515end1.79_7.57_3.82_29.54_-11.53_11.19_31.56_-23.50_-20.81_0.3357_0.5006_-0.6579_-0.4515end1.73_9.16_10.20_37.26_60.99_-15.89_31.56_-23.50_-20.81_0.3357_0.5006_-0.6579_-0.4515end1.73_9.16_10.20_38.50_-22.94_5.60_32.31_-22.44_-19.44_0.3455_0.5020_-0.6539_-0.4484end-3.15_9.73_10.07_38.50_-22.94_5.60_32.31_-22.44_-19.44_0.3464_0.5006_-0.6527_-0.4510end-3.15_9.73_10.07_24.28_-1.01_0.22_32.00_-23.12_-17.69_0.3467_0.5001_-0.6522_-0.4521end-4.82_8.85_5.84_31.33_26.63_-4.81_32.00_-23.12_-17.69,24.1390126,120.7484652,114.80000305175781
773,,24.1390126,120.7484652,114.80000305175781
774,,24.1390126,120.7484652,114.80000305175781
775,_0.3467_0.5001_-0.6522_-0.4521end-1.82_8.61_3.32_31.33_26.63_-4.81_33.06_-23.12_-18.06_0.3520_0.5000_-0.6494_-0.4522end-1.10_8.83_2.48_36.48_71.84_-17.12_33.06_-23.12_-18.06_0.3550_0.5004_-0.6479_-0.4515end,24.1390126,120.7484652,114.80000305175781
776,,24.1390126,120.7484652,114.80000305175781
777,0.09_8.67_2.68_36.48_71.84_-17.12_33.06_-23.12_-18.06_0.3582_0.5007_-0.6464_-0.4507end0.09_8.67_2.68_40.29_51.25_-11.08_33.44_-23.75_-16.31_0.3610_0.5009_-0.6450_-0.4503end0.39_8.93_3.27_40.29_51.25_-11.08_33.06_-22.69_-15.81_0.3630_0.5008_-0.6438_-0.4505end0.33_9.05_4.58_43.20_7.61_-2.46_33.06_-22.69_-15.81_0.3656_0.4997_-0.6418_-0.4525end-0.71_9.04_4.00_39.84_-2.57_-0.11_33.06_-22.69_-15.81_0.3665_0.4991_-0.6411_-0.4536end-1.23_9.01_4.07_39.39_4.48_-2.46_33.06_-22.69_-15.81_0.3665_0.4991_-0.6411_-0.4536end-1.24_8.97_3.79_39.39_4.48_-2.46_33.44_-23.06_-15.38_0.3665_0.4991_-0.6411_-0.4536end-1.24_8.97_3.79_37.49_40.40_-9.51_33.06_-23.75_-16.31_0.3703_0,24.1390126,120.7484652,114.80000305175781
778,.4976_-0.6383_-0.4559end0.11_8.93_3.06_37.49_40.40_-9.51_33.06_-23.75_-16.31_0.3724_0.4975_-0.6371_-0.4560end0.52_8.91_3.26_37.49_40.40_-9.51_33.06_-23.75_-16.31_0.3766_0.4974_-0.6346_-0.4562end,24.1390126,120.7484652,114.80000305175781
779,,24.1390126,120.7484652,114.80000305175781
780,,24.1390126,120.7484652,114.80000305175781
781,,24.1390126,120.7484652,114.80000305175781
782,,24.1390126,120.7484652,114.80000305175781
783,,24.1390126,120.7484652,114.80000305175781
784,0.09_8.95_3.46_37.49_40.40_-9.51_33.06_-23.75_-16.31_0.3785_0.4973_-0.6333_-0.4564end-0.43_8.96_3.57_42.41_29.88_-1.45_33.06_-23.75_-16.31_0.3822_0.4971_-0.6306_-0.4574end-0.80_9.04_3.96_42.41_29.88_-1.45_33.06_-23.75_-16.31_0.3840_0.4969_-0.6292_-0.4579end-1.18_9.04_4.32_42.41_29.88_-1.45_33.06_-23.75_-16.31_0.3862_0.4969_-0.62,24.1390126,120.7484652,114.80000305175781
785,77_-0.4583end-1.18_9.06_4.65_42.41_29.88_-1.45_33.06_-23.75_-16.31_0.3884_0.4969_-0.6262_-0.4584end-0.81_9.04_4.61_42.41_50.47_-6.49_33.06_-23.75_-16.31_0.3884_0.4969_-0.6262_-0.4584end-0.09_8.96_4.33_42.41_50.47_-6.49_34.56_-24.75_-13.62_0.3954_0.4971_-0.6215_-0.4585end0.11_8.96_4.07_42.41_50.47_-6.49_33.81_-24.06_-13.62_0.3973_0.4969_-0.6202_-0.4589end-0.04_8.95_3.64_44.65_16.34_0.11_33.81_-24.06_-13.62_0.3973_0.4969_-0.6202_-0.4589end-0.61_9.00_3.40_44.65_16.34_0.11_33.81_-24.06_-13.62_0.4013_0.4954_-0.6167_-0.4617end,24.1390126,120.7484652,114.80000305175781
786,,24.1390126,120.7484652,114.80000305175781
787,,24.1390126,120.7484652,114.80000305175781
788,,24.1390126,120.7484652,114.80000305175781
789,,24.1390126,120.7484652,114.80000305175781
790,,24.1390126,120.7484652,114.80000305175781
791,,24.1390126,120.7484652,114.80000305175781
792,-0.72_8.91_3.36_44.65_16.34_0.11_33.44_-25.44_-12.25_0.4023_0.4948_-0.6157_-0.4629end-0.91_8.99_3.16_44.65_16.34_0.11_33.44_-25.44_-12.25_0.4034_0.4939_-0.6147_-0.4641end-0.64_8.96_3.18_44.65_16.34_0.11_33.13_-24.37_-11.31_0.4045_0.4931_-0.6138_-0.4653end-0.10_8.91_3.08_44.65_16.34_0.11_33.13_-24.37_-11.31_0.4045_0.4931_-0.6138_-0.4653end-0.10_8.91_3.08_44.65_16.34_0.11_34.56_-25.44_-13.13_0.4066_0.4913_-0.6121_-0.4677end-0.10_8.91_3.08_47.78_-16.90_-0.78_34.56_-25.44_-13.13_0.4075_0.4902_-0.6113_-0.4691end-0.10_8.91_3.08_47.78_-16.90_-0.78_33.13_-24.37_-10.88_0.4081_0.4891_-0.6105_-0.4706end0.43_8.95_2.95_48.12_-21.71_0.11_33.13_-24.37_-10.88_0.4081_0,24.1390126,120.7484652,114.80000305175781
793,.4891_-0.6105_-0.4706end0.43_8.95_2.95_48.12_-21.71_0.11_34.19_-24.69_-11.75_0.4096_0.4853_-0.6086_-0.4757end0.43_8.95_2.95_48.12_-21.71_0.11_34.19_-24.69_-11.75_0.4110_0.4829_-0.6071_-0.4788end,24.1390126,120.7484652,114.80000305175781
794,,24.1390126,120.7484652,114.80000305175781
795,,24.1390126,120.7484652,114.80000305175781
796,,24.1390126,120.7484652,114.80000305175781
797,,24.1390126,120.7484652,114.80000305175781
798,,24.1390126,120.7484652,114.80000305175781
799,0.20_8.95_2.96_48.12_-21.71_0.11_33.81_-25.75_-11.38_0.4120_0.4819_-0.6062_-0.4802end0.69_8.91_2.91_48.12_-21.71_0.11_33.81_-25.75_-11.38_0.4131_0.4808_-0.6053_-0.4814end0.75_8.91_2.89_49.46_3.47_-4.48_33.81_-25.75_-11.38_0.4131_0.4808_-0.6053_-0.4814end0.76_8.91_2.88_49.46_3.47_-4.48_33.81_-25.75_-11.38_0.4169_0.4780_-0.6022_-0.4849end0.72_8.89_2.88_49.46_3.47_-4.48_33.81_-25.75_-11.38_0.4181_0.4772_-0.6011_-0.4861end0.36_8.92_2.74_49.46_3.47_-4.48_33.81_-25.75_-11.38_0.4194_0.4762_-0.5999_-0.4873end0.24_8.91_2.75_52.15_7.27_-4.03_33.81_-25.75_-11.38_0.4194_0.4762_-0.5999_-0.4873end0.28_8.89_2.68_52.37_8.84_-4.25_33.81_-25.75_-11.38_0.4194_0.4762_-0.5,24.1390126,120.7484652,114.80000305175781
800,999_-0.4873end0.28_8.89_2.68_52.37_8.84_-4.25_33.88_-25.37_-9.06_0.4235_0.4736_-0.5964_-0.4906end0.54_8.91_2.46_52.37_8.84_-4.25_33.88_-25.37_-9.06_0.4263_0.4716_-0.5941_-0.4929end,24.1390126,120.7484652,114.80000305175781
801,,24.1390126,120.7484652,114.80000305175781
802,,24.1390126,120.7484652,114.80000305175781
803,,24.1390126,120.7484652,114.80000305175781
804,,24.1390126,120.7484652,114.80000305175781
805,,24.1390126,120.7484652,114.80000305175781
806,,24.1390126,120.7484652,114.80000305175781
807,0.54_8.91_2.46_53.71_-1.01_-5.82_33.88_-25.37_-9.06_0.4276_0.4705_-0.5930_-0.4941end0.68_8.83_2.48_53.71_-1.01_-5.82_33.06_-26.81_-11.81_0.4276_0.4705_-0.5930_-0.4941end0.69_8.86_2.42_53.71_-1.01_-5.82_33.13_-25.37_-10.88_0.4276_0.4705_-0.5930_-0.4941end0.66_8.82_2.30_53.71_-1.01_-5.82_33.13_-25.37_-10.88_0.4316_0.4651_-0.5893_-0.5001end0.64_8.80_2.15_53.71_-1.01_-5.82_33.13_-25.37_-10.88_0.4326_0.4636_-0.5884_-0.5016end0.71_8.77_2.04_53.71_-1.01_-5.82_33.13_-25.37_-10.88_0.4337_0.4622_-0.5876_-0.5031end0.75_8.80_1.93_53.71_-1.01_-5.82_33.13_-25.37_-10.88_0.4337_0.4622_-0.5876_-0.5031end1.03_8.79_1.32_53.71_-1.01_-5.82_33.13_-25.37_-10.88_0.4337_0.4622,24.1390126,120.7484652,114.80000305175781
808,_-0.5876_-0.5031end1.03_8.79_1.32_53.71_-1.01_-5.82_33.13_-25.37_-10.88_0.4382_0.4566_-0.5838_-0.5086end1.07_8.69_0.68_53.71_-1.01_-5.82_33.13_-25.37_-10.88_0.4394_0.4552_-0.5828_-0.5099end,24.1390126,120.7484652,114.80000305175781
809,,24.1390126,120.7484652,114.80000305175781
810,,24.1390126,120.7484652,114.80000305175781
811,,24.1390126,120.7484652,114.80000305175781
812,,24.1390126,120.7484652,114.80000305175781
813,,24.1390126,120.7484652,114.80000305175781
814,1.09_8.84_0.40_55.51_-1.12_-9.51_33.13_-25.37_-10.88_0.4394_0.4552_-0.5828_-0.5099end1.09_8.84_0.40_55.51_-1.12_-9.51_33.13_-25.37_-10.88_0.4434_0.4514_-0.5796_-0.5135end1.09_8.72_-0.07_55.51_-1.12_-9.51_33.13_-25.37_-10.88_0.4434_0.4514_-0.5796_-0.5135end1.11_8.69_-0.12_55.51_-1.12_-9.51_33.13_-25.37_-10.88_0.4468_0.4492_-0.5770_-0.5154end1.11_8.69_-0.12_55.95_24.95_-13.20_33.13_-25.37_-10.88_0.4468_0.4492_-0.5770_-0.5154end1.15_8.71_-0.16_55.95_24.95_-13.20_33.13_-25.37_-10.88_0.4532_0.4468_-0.5723_-0.5172end1.15_8.74_-0.14_55.95_24.95_-13.20_34.56_-27.06_-6.81_0.4556_0.4462_-0.5704_-0.5176end1.03_8.75_-0.17_55.95_24.95_-13.20_34.56_-27.06_-6.81_0.45,24.1390126,120.7484652,114.80000305175781
815,56_0.4462_-0.5704_-0.5176end1.03_8.75_-0.17_56.29_54.72_-14.77_34.63_-26.69_-5.94_0.4556_0.4462_-0.5704_-0.5176end1.03_8.75_-0.17_56.18_60.76_-15.00_34.63_-26.69_-5.94_0.4637_0.4453_-0.5643_-0.5178end,24.1390126,120.7484652,114.80000305175781
816,,24.1390126,120.7484652,114.80000305175781
817,,24.1390126,120.7484652,114.80000305175781
818,,24.1390126,120.7484652,114.80000305175781
819,,24.1390126,120.7484652,114.80000305175781
820,,24.1390126,120.7484652,114.80000305175781
821,,24.1390126,120.7484652,114.80000305175781
822,0.73_8.75_-0.29_56.18_60.76_-15.00_34.63_-26.69_-5.94_0.4700_0.4453_-0.5596_-0.5173end0.68_8.80_-0.37_56.18_60.76_-15.00_34.63_-26.69_-5.94_0.4733_0.4456_-0.5571_-0.5168end0.51_8.75_-0.36_56.18_60.76_-15.00_34.63_-26.69_-5.94_0.4733_0.4456_-0.5571_-0.5168end0.64_8.79_-0.33_56.18_60.76_-15.00_35.00_-27.00_-3.25_0.4839_0.4470_-0.5488_-0.5146end-0.09_8.79_-0.46_56.18_60.76_-15.00_35.00_-27.00_-3.25_0.4877_0.4478_-0.5457_-0.5137end-0.11_8.71_-0.64_56.18_60.76_-15.00_35.00_-27.00_-3.25_0.4915_0.4486_-0.5426_-0.5126end-0.48_8.70_-0.95_54.05_112.69_-14.55_35.00_-27.00_-3.25_0.4955_0.4496_-0.5392_-0.5114end-0.68_8.70_-0.89_54.05_112.69_-14.55_35.00_-27.00_-3.25_0.4955_0.4496_-0.5392_-0.5114end-0.68_8.70_-0.89_54.05_112.69_-14.55_35.00_-27.00_-3.25_0.5080_0.4529_-0.5287_-0.5073end-0.65_8.67_-1.18_54.05_112.69_-14.55_35.00_-27.00_-3.25_0.5120_0.4540_-0.5251_-0.5059end,24.1390126,120.7484652,114.80000305175781
823,,24.1390126,120.7484652,114.80000305175781
824,,24.1390126,120.7484652,114.80000305175781
825,,24.1390126,120.7484652,114.80000305175781
826,,24.1390126,120.7484652,114.80000305175781
827,,24.1390126,120.7484652,114.80000305175781
828,,24.1390126,120.7484652,114.80000305175781
829,-1.08_8.70_-0.97_54.05_112.69_-14.55_35.00_-27.00_-3.25_0.5120_0.4540_-0.5251_-0.5059end-1.45_8.78_-1.20_56.40_110.79_-9.62_35.00_-27.00_-3.25_0.5120_0.4540_-0.5251_-0.5059end-1.64_8.75_-1.22_56.40_110.79_-9.62_35.38_-26.19_1.75_0.5120_0.4540_-0.5251_-0.5059end-1.64_8.75_-1.22_56.96_107.99_-9.51_35.38_-26.19_1.75_0.5275_0.4578_-0.5109_-0.5012end-1.64_8.75_-1.22_56.96_107.99_-9.51_35.38_-26.19_1.75_0.5311_0.4586_-0.5074_-0.5002end-1.64_8.75_-1.22_56.96_107.99_-9.51_35.38_-26.19_1.75_0.5383_0.4600_-0.5005_-0.4981end-1.86_8.81_-0.95_55.95_86.50_-7.16_35.38_-26.19_1.75_0.5447_0.4608_-0.4942_-0.4968end-1.95_8.76_-1.01_55.95_86.50_-7.16_35.38_-26.19_1.75_0.5,24.1390126,120.7484652,114.80000305175781
830,474_0.4609_-0.4914_-0.4964end-2.17_8.78_-1.24_55.95_86.50_-7.16_35.38_-26.19_1.75_0.5474_0.4609_-0.4914_-0.4964end-2.21_8.77_-1.35_55.95_86.50_-7.16_35.38_-26.19_4.00_0.5541_0.4601_-0.4843_-0.4967end,24.1390126,120.7484652,114.80000305175781
831,,24.1390126,120.7484652,114.80000305175781
832,,24.1390126,120.7484652,114.80000305175781
833,,24.1390126,120.7484652,114.80000305175781
834,,24.1390126,120.7484652,114.80000305175781
835,,24.1390126,120.7484652,114.80000305175781
836,-2.22_8.79_-1.38_55.95_86.50_-7.16_35.81_-25.12_5.37_0.5558_0.4595_-0.4824_-0.4973end-2.22_8.75_-1.52_55.95_86.50_-7.16_35.81_-25.12_5.37_0.5574_0.4587_-0.4807_-0.4979end-1.98_8.76_-1.66_55.95_86.50_-7.16_35.06_-26.50_5.37_0.5574_0.4587_-0.4807_-0.4979end-1.89_8.75_-1.68_52.82_-2.01_0.67_35.06_-26.50_5.37_0.5574_0.4587_-0.4807_-0.4979end-1.71_8.70_-1.76_52.93_-11.30_1.23_35.06_-26.50_5.37_0.5614_0.4534_-0.4761_-0.5025end-1.68_8.67_-1.74_52.15_-28.98_2.57_35.06_-26.50_5.37_0.5618_0.4516_-0.4755_-0.5042end-1.61_8.65_-1.80_52.15_-28.98_2.57_35.06_-26.50_5.37_0.5621_0.4497_-0.4752_-0.5060end-1.50_8.52_-2.08_52.15_-28.98_2.57_35.06_-26.50_5.37_0.5621_0.4497,24.1390126,120.7484652,114.80000305175781
837,_-0.4752_-0.5060end-1.41_8.72_-2.02_51.59_-48.79_3.69_33.94_-25.44_5.81_0.5621_0.4497_-0.4752_-0.5060end-1.35_8.77_-2.09_51.81_-53.83_3.69_33.94_-25.44_5.81_0.5619_0.4407_-0.4749_-0.5143end,24.1390126,120.7484652,114.80000305175781
838,,24.1390126,120.7484652,114.80000305175781
839,,24.1390126,120.7484652,114.80000305175781
840,,24.1390126,120.7484652,114.80000305175781
841,,24.1390126,120.7484652,114.80000305175781
842,,24.1390126,120.7484652,114.80000305175781
843,-1.16_8.63_-2.17_51.81_-53.83_3.69_33.94_-25.44_5.81_0.5616_0.4381_-0.4752_-0.5167end-0.93_8.61_-2.13_51.81_-53.83_3.69_35.06_-26.12_5.37_0.5616_0.4381_-0.4752_-0.5167end-0.76_8.65_-2.29_51.92_-61.32_2.46_35.06_-26.12_5.37_0.5616_0.4381_-0.4752_-0.5167end-0.67_8.61_-2.24_51.92_-61.32_2.46_35.06_-26.12_5.37_0.5602_0.4277_-0.4761_-0.5259end-0.55_8.68_-2.48_51.92_-61.32_2.46_35.06_-26.12_5.37_0.5599_0.4252_-0.4763_-0.5281end-0.58_8.64_-2.54_51.92_-61.32_2.46_35.06_-26.12_5.37_0.5598_0.4229_-0.4763_-0.5301end-0.50_8.62_-2.65_51.92_-61.32_2.46_35.75_-25.44_4.94_0.5598_0.4229_-0.4763_-0.5301end-0.70_8.54_-2.71_51.81_-34.69_1.12_35.75_-25.44_4.94_0.5599_0.418,24.1390126,120.7484652,114.80000305175781
844,5_-0.4758_-0.5339end-0.70_8.54_-2.71_51.81_-34.69_1.12_35.75_-25.81_5.37_0.5599_0.4185_-0.4758_-0.5339end-0.70_8.54_-2.71_52.04_-23.72_0.45_35.75_-25.81_5.37_0.5610_0.4128_-0.4741_-0.5386end,24.1390126,120.7484652,114.80000305175781
845,,24.1390126,120.7484652,114.80000305175781
846,,24.1390126,120.7484652,114.80000305175781
847,,24.1390126,120.7484652,114.80000305175781
848,,24.1390126,120.7484652,114.80000305175781
849,,24.1390126,120.7484652,114.80000305175781
850,-0.70_8.54_-2.71_52.04_-23.72_0.45_35.75_-25.81_4.50_0.5610_0.4128_-0.4741_-0.5386end-0.85_8.60_-2.70_52.04_-23.72_0.45_35.75_-25.81_4.50_0.5615_0.4111_-0.4733_-0.5400end-0.91_8.53_-2.71_52.04_-23.72_0.45_34.69_-24.75_5.81_0.5615_0.4111_-0.4733_-0.5400end-0.91_8.53_-2.71_52.04_-23.72_0.45_35.81_-25.06_6.75_0.5640_0.4047_-0.4698_,24.1390126,120.7484652,114.80000305175781
851,-0.5453end-0.98_8.51_-2.88_52.04_-23.72_0.45_35.81_-25.06_6.75_0.5648_0.4031_-0.4688_-0.5466end-1.09_8.51_-2.98_52.04_-23.72_0.45_35.75_-26.12_4.87_0.5648_0.4031_-0.4688_-0.5466end-1.23_8.41_-3.10_51.48_-7.61_0.11_35.75_-26.12_4.87_0.5648_0.4031_-0.4688_-0.5466end-1.30_8.45_-3.16_51.03_-6.71_0.00_35.75_-26.12_4.87_0.5677_0.3973_-0.4647_-0.5513end-1.35_8.54_-3.23_51.03_-6.71_0.00_35.75_-26.12_4.87_0.5684_0.3959_-0.4636_-0.5524end-1.39_8.48_-3.33_51.03_-6.71_0.00_35.75_-26.12_4.87_0.5684_0.3959_-0.4636_-0.5524end,24.1390126,120.7484652,114.80000305175781
852,,24.1390126,120.7484652,114.80000305175781
853,,24.1390126,120.7484652,114.80000305175781
854,,24.1390126,120.7484652,114.80000305175781
855,,24.1390126,120.7484652,114.80000305175781
856,,24.1390126,120.7484652,114.80000305175781
857,,24.1390126,120.7484652,114.80000305175781
858,-1.56_8.55_-3.41_51.03_-6.71_0.00_35.81_-25.44_6.75_0.5684_0.3959_-0.4636_-0.5524end-1.56_8.55_-3.41_51.03_-6.71_0.00_35.44_-25.06_6.69_0.5705_0.3915_-0.4606_-0.5560end-1.57_8.48_-3.55_51.03_-6.71_0.00_35.44_-25.06_6.69_0.5717_0.3884_-0.4587_-0.5585end-1.55_8.45_-3.59_50.02_-16.11_1.01_35.81_-24.75_5.87_0.5717_0.3884_-0.4587_-0.5585end-1.58_8.42_-3.64_49.91_-19.25_1.57_35.81_-24.75_5.87_0.5717_0.3884_-0.4587_-0.5585end-1.52_8.45_-3.68_49.91_-19.25_1.57_35.81_-24.75_5.87_0.5735_0.3818_-0.4554_-0.5638end-1.52_8.34_-3.68_49.57_-22.16_1.68_35.81_-24.75_5.87_0.5739_0.3801_-0.4547_-0.5652end-1.44_8.41_-3.64_49.57_-22.16_1.68_35.81_-24.75_5.87_0.5739_0.3801_-0.4547_-0.5652end-1.45_8.38_-3.69_49.24_-24.84_1.79_35.81_-24.75_5.87_0.5739_0.3801_-0.4547_-0.5652end-1.45_8.38_-3.69_49.24_-24.84_1.79_35.06_-24.37_8.06_0.5750_0.3729_-0.4521_-0.5709end,24.1390126,120.7484652,114.80000305175781
859,,24.1390126,120.7484652,114.80000305175781
860,,24.1390126,120.7484652,114.80000305175781
861,,24.1390126,120.7484652,114.80000305175781
862,,24.1390126,120.7484652,114.80000305175781
863,,24.1390126,120.7484652,114.80000305175781
864,,24.1390126,120.7484652,114.80000305175781
865,-1.41_8.41_-3.75_49.24_-24.84_1.79_35.06_-24.37_8.06_0.5752_0.3711_-0.4515_-0.5723end-1.45_8.34_-3.81_49.24_-24.84_1.79_35.06_-24.37_8.06_0.5752_0.3711_-0.4515_-0.5723end-1.45_8.34_-3.81_49.24_-24.84_1.79_35.44_-24.37_7.19_0.5757_0.3674_-0.4503_-0.5752end-1.43_8.34_-3.96_48.34_-23.95_2.69_35.44_-24.37_7.19_0.5762_0.3639_-0.4490_,24.1390126,120.7484652,114.80000305175781
866,-0.5780end-1.41_8.32_-3.97_48.12_-21.49_2.35_35.44_-24.37_7.19_0.5764_0.3622_-0.4482_-0.5793end-1.44_8.28_-4.03_48.12_-21.49_2.35_35.44_-24.37_7.19_0.5767_0.3605_-0.4475_-0.5806end-1.54_8.28_-4.13_48.12_-21.49_2.35_34.69_-24.75_7.69_0.5767_0.3605_-0.4475_-0.5806end-1.54_8.28_-4.13_47.78_-17.35_2.69_34.69_-24.75_7.69_0.5774_0.3572_-0.4459_-0.5832end-1.54_8.28_-4.13_47.78_-17.35_2.69_36.19_-25.44_7.19_0.5778_0.3557_-0.4451_-0.5844end-1.54_8.28_-4.13_47.22_-14.55_2.91_36.19_-25.44_7.19_0.5781_0.3541_-0.4443_-0.5856end,24.1390126,120.7484652,114.80000305175781
867,,24.1390126,120.7484652,114.80000305175781
868,,24.1390126,120.7484652,114.80000305175781
869,,24.1390126,120.7484652,114.80000305175781
870,,24.1390126,120.7484652,114.80000305175781
871,,24.1390126,120.7484652,114.80000305175781
872,,24.1390126,120.7484652,114.80000305175781
873,-1.54_8.28_-4.13_47.22_-14.55_2.91_36.19_-25.44_7.19_0.5789_0.3511_-0.4424_-0.5881end-1.87_8.21_-4.56_47.34_-15.22_3.25_36.19_-25.44_7.19_0.5789_0.3511_-0.4424_-0.5881end-1.87_8.21_-4.56_47.22_-16.00_3.58_36.19_-25.37_7.69_0.5789_0.3511_-0.4424_-0.5881end-1.99_8.10_-4.58_47.22_-16.00_3.58_36.19_-25.37_7.69_0.5801_0.3450_-0.4390_-0.5930end-2.01_8.32_-4.68_47.22_-16.00_3.58_34.69_-25.44_7.56_0.5804_0.3434_-0.4382_-0.5943end-2.00_8.20_-4.75_46.33_-20.70_4.48_34.69_-25.44_7.56_0.5804_0.3434_-0.4382_-0.5943end-1.91_8.16_-4.88_46.33_-20.70_4.48_34.69_-25.44_7.56_0.5804_0.3434_-0.4382_-0.5943end-1.82_8.15_-4.95_45.66_-25.40_4.81_34.69_-25.44_7.56_0.5804_0.3434_-0.4382_-0.5943end-1.82_8.15_-4.95_45.66_-25.40_4.81_34.69_-25.44_7.56_0.5809_0.3367_-0.4354_-0.5997end-1.82_8.15_-4.95_45.66_-25.40_4.81_34.69_-25.44_7.56_0.5809_0.3349_-0.4349_-0.6011end,24.1390126,120.7484652,114.80000305175781
874,,24.1390126,120.7484652,114.80000305175781
875,,24.1390126,120.7484652,114.80000305175781
876,,24.1390126,120.7484652,114.80000305175781
877,,24.1390126,120.7484652,114.80000305175781
878,,24.1390126,120.7484652,114.80000305175781
879,,24.1390126,120.7484652,114.80000305175781
880,-1.18_8.01_-5.33_45.66_-25.40_4.81_34.69_-25.44_7.56_0.5809_0.3349_-0.4349_-0.6011end-1.18_8.01_-5.33_45.66_-25.40_4.81_34.69_-25.44_7.56_0.5803_0.3275_-0.4334_-0.6068end-0.79_8.14_-6.16_45.66_-25.40_4.81_34.69_-25.44_7.56_0.5801_0.3257_-0.4330_-0.6082end-0.75_8.13_-6.61_45.66_-25.40_4.81_34.69_-25.44_7.56_0.5801_0.3257_-0.4330_-0.6082end-0.75_8.13_-6.61_40.06_-23.72_4.70_35.06_-25.06_8.06_0.5801_0.3257_-0.4330_-0.6082end-0.75_8.13_-6.61_40.06_-23.72_4.70_35.06_-25.06_8.06_0.5801_0.3194_-0.4308_-0.6130end-0.99_8.11_-7.44_40.06_-23.72_4.70_35.06_-25.06_8.06_0.5801_0.3194_-0.4308_-0.6130end-1.12_8.10_-7.35_40.06_-23.72_4.70_35.06_-25.06_8.06_0.5802_0.316,24.1390126,120.7484652,114.80000305175781
881,5_-0.4297_-0.6153end-1.18_8.10_-7.23_38.94_-26.07_4.25_35.06_-25.06_8.06_0.5802_0.3165_-0.4297_-0.6153end-1.18_8.10_-7.23_38.38_-32.68_4.03_35.06_-25.06_8.06_0.5798_0.3113_-0.4286_-0.6190end,24.1390126,120.7484652,114.80000305175781
882,,24.1390126,120.7484652,114.80000305175781
883,,24.1390126,120.7484652,114.80000305175781
884,,24.1390126,120.7484652,114.80000305175781
885,,24.1390126,120.7484652,114.80000305175781
886,,24.1390126,120.7484652,114.80000305175781
887,-1.18_8.13_-7.01_36.93_-49.91_3.80_35.06_-25.06_8.06_0.5793_0.3093_-0.4287_-0.6204end-0.86_8.18_-7.02_36.93_-49.91_3.80_35.06_-25.06_8.06_0.5793_0.3093_-0.4287_-0.6204end-0.63_8.08_-7.04_35.03_-66.36_3.25_35.06_-25.06_8.06_0.5770_0.3017_-0.4304_-0.6251end-0.43_8.10_-7.17_33.57_-75.65_2.35_35.06_-25.06_8.06_0.5760_0.2988_-0.4313_,24.1390126,120.7484652,114.80000305175781
888,-0.6268end-0.05_7.89_-7.20_33.57_-75.65_2.35_35.06_-25.06_8.06_0.5750_0.2960_-0.4323_-0.6285end0.20_7.02_-7.04_32.90_-73.41_1.34_35.06_-25.06_8.06_0.5750_0.2960_-0.4323_-0.6285end0.39_7.18_-6.76_32.90_-73.41_1.34_35.06_-25.06_6.31_0.5729_0.2903_-0.4341_-0.6317end1.17_18.08_-6.26_32.01_-67.70_0.56_35.06_-25.06_6.31_0.5711_0.2849_-0.4357_-0.6347end-0.11_8.08_-6.72_32.01_-67.70_0.56_35.06_-25.06_6.31_0.5704_0.2824_-0.4362_-0.6361end0.52_8.21_-5.62_33.01_-42.08_-1.68_35.06_-25.06_6.31_0.5704_0.2824_-0.4362_-0.6361end,24.1390126,120.7484652,114.80000305175781
889,,24.1390126,120.7484652,114.80000305175781
890,,24.1390126,120.7484652,114.80000305175781
891,,24.1390126,120.7484652,114.80000305175781
892,,24.1390126,120.7484652,114.80000305175781
893,,24.1390126,120.7484652,114.80000305175781
894,,24.1390126,120.7484652,114.80000305175781
895,,24.1390126,120.7484652,114.80000305175781
896,,24.1390126,120.7484652,114.80000305175781
897,,24.1390126,120.7484652,114.80000305175781
898,,24.1390126,120.7484652,114.80000305175781
899,-0.21_8.25_-5.24_29.21_-32.23_-2.24_35.06_-24.75_7.69_0.5704_0.2824_-0.4362_-0.6361end-0.21_8.25_-5.24_29.21_-32.23_-2.24_35.06_-24.75_7.69_0.5695_0.2753_-0.4362_-0.6400end-0.25_8.16_-5.93_26.41_-6.15_-4.25_35.81_-24.06_6.75_0.5695_0.2753_-0.4362_-0.6400end-0.25_8.16_-5.93_26.41_-6.15_-4.25_35.81_-24.06_6.75_0.5701_0.2734_-0.4351_-0.6410end-1.03_8.04_-5.96_27.08_10.97_-4.81_35.81_-24.06_6.75_0.5701_0.2734_-0.4351_-0.6410end-1.03_8.04_-5.96_27.08_10.97_-4.81_35.81_-24.06_6.75_0.5723_0.2722_-0.4320_-0.6417end-1.79_8.07_-6.14_27.08_10.97_-4.81_35.81_-24.06_6.75_0.5732_0.2721_-0.4307_-0.6418end-2.09_8.05_-5.93_27.08_10.97_-4.81_36.19_-24.69_7.69_0.5732_0.2721_-0.4307_-0.6418end-2.40_8.07_-5.53_27.08_10.97_-4.81_36.19_-24.69_7.69_0.5732_0.2721_-0.4307_-0.6418end-2.63_8.08_-5.18_27.08_10.97_-4.81_35.06_-24.69_8.06_0.5773_0.2723_-0.4247_-0.6420end,24.1390126,120.7484652,114.80000305175781
900,,24.1390126,120.7484652,114.80000305175781
901,,24.1390126,120.7484652,114.80000305175781
902,,24.1390126,120.7484652,114.80000305175781
903,,24.1390126,120.7484652,114.80000305175781
904,,24.1390126,120.7484652,114.80000305175781
905,,24.1390126,120.7484652,114.80000305175781
906,,24.1390126,120.7484652,114.80000305175781
907,-2.85_8.08_-4.96_27.08_10.97_-4.81_35.06_-24.69_8.06_0.5784_0.2726_-0.4231_-0.6420end-2.99_8.08_-4.55_27.08_10.97_-4.81_35.06_-24.69_8.06_0.5784_0.2726_-0.4231_-0.6420end-3.09_7.82_-4.46_26.30_30.89_-2.80_35.06_-24.69_8.06_0.5784_0.2726_-0.4231_-0.6420end-3.09_7.82_-4.46_25.63_22.72_-1.01_35.06_-24.69_8.06_0.5822_0.2730_-0.4172_-0.6423end-3.62_-4.20_-3.70_25.63_22.72_-1.01_35.81_-23.31_8.63_0.5829_0.2730_-0.4160_-0.6425end2.51_51.06_-8.92_25.63_22.72_-1.01_35.81_-23.31_8.63_0.5829_0.2730_-0.4160_-0.6425end-5.07_1.82_-10.79_33.24_1.23_-0.56_35.81_-23.31_8.63_0.5829_0.2730_-0.4160_-0.6425end-5.07_1.82_-10.79_24.95_5.93_1.12_35.44_-24.37_8.13_0.5845_0.271,24.1390126,120.7484652,114.80000305175781
908,,24.1390126,120.7484652,114.80000305175781
909,,24.1390126,120.7484652,114.80000305175781
910,,24.1390126,120.7484652,114.80000305175781
911,,24.1390126,120.7484652,114.80000305175781
912,,24.1390126,120.7484652,114.80000305175781
913,,24.1390126,120.7484652,114.80000305175781
914,,24.1390126,120.7484652,114.80000305175781
915,,24.1390126,120.7484652,114.80000305175781
916,,24.1390126,120.7484652,114.80000305175781
917,,24.1390126,120.7484652,114.80000305175781
918,,24.1390126,120.7484652,114.80000305175781
919,,24.1390126,120.7484652,114.80000305175781
920,2_-0.4126_-0.6439end-2.81_8.27_-6.82_24.95_5.93_1.12_35.44_-24.37_8.13_0.5852_0.2696_-0.4106_-0.6451end-3.90_8.20_-4.29_24.95_5.93_1.12_35.44_-24.37_8.13_0.5847_0.2680_-0.4106_-0.6462end-2.93_7.95_-1.33_19.58_-58.30_7.05_35.44_-24.37_8.13_0.5847_0.2680_-0.4106_-0.6462end-4.68_7.82_-4.63_19.58_-58.30_7.05_35.44_-24.37_8.13_0.5817_0.2615_-0.4129_-0.6502end-3.77_7.68_-5.20_19.58_-58.30_7.05_35.81_-24.06_7.19_0.5810_0.2596_-0.4134_-0.6512end-3.39_7.74_-5.48_29.32_-56.85_7.05_35.81_-24.06_7.19_0.5810_0.2596_-0.4134_,24.1390126,120.7484652,114.80000305175781
921,-0.6512end-2.89_7.86_-4.58_29.32_-56.85_7.05_35.81_-24.06_7.19_0.5793_0.2554_-0.4144_-0.6537end-2.89_7.86_-4.58_29.32_-56.85_7.05_35.06_-24.75_7.69_0.5773_0.2510_-0.4155_-0.6565end-4.24_7.82_-5.12_29.32_-56.85_7.05_35.06_-24.75_7.69_0.5760_0.2485_-0.4163_-0.6581end-4.86_7.89_-5.23_27.86_-72.96_14.10_35.44_-23.31_7.69_0.5760_0.2485_-0.4163_-0.6581end-5.15_7.95_-5.94_25.40_-67.81_13.65_35.81_-23.69_8.56_0.5760_0.2485_-0.4163_-0.6581end-5.68_7.97_-6.15_24.28_-64.23_12.98_35.81_-23.69_8.56_0.5706_0.2390_-0.4196_-0.6642end-5.78_8.03_-6.20_24.28_-64.23_12.98_35.81_-23.69_8.56_0.5692_0.2367_-0.4205_-0.6657end-5.53_9.13_-6.64_24.28_-64.23_12.98_35.81_-23.69_8.56_0.5692_0.2367_-0.4205_-0.6657end-5.15_17.21_-6.44_24.28_-64.23_12.98_35.81_-23.69_8.56_0.5692_0.2367_-0.4205_-0.6657end-5.15_17.21_-6.44_25.07_-128.24_18.35_35.81_-23.69_8.56_0.5637_0.2278_-,24.1390126,120.7484652,114.80000305175781
922,0.4246_-0.6708end-5.15_17.21_-6.44_25.07_-128.24_18.35_34.69_-24.75_5.37_0.5583_0.2196_-0.4291_-0.6752end-2.07_25.05_-4.35_25.07_-128.24_18.35_35.81_-24.37_6.81_0.5551_0.2150_-0.4319_-0.6776end-3.61_22.11_-7.78_25.07_-128.24_18.35_35.81_-24.37_6.81_0.5515_0.2103_-0.4351_-0.6800end-2.32_22.26_-3.37_25.07_-128.24_18.35_35.75_-25.44_4.50_0.5515_0.2103_-0.4351_-0.6800end-2.42_20.75_-5.72_19.02_-167.97_25.07_35.75_-25.44_4.50_0.5515_0.2103_-0.4351_-0.6800end-2.42_20.75_-5.72_19.02_-167.97_25.07_35.75_-25.44_4.50_0.5368_0.1920_-0.4475_-0.6890end,24.1390126,120.7484652,114.80000305175781
923,,24.1390126,120.7484652,114.80000305175781
924,,24.1390126,120.7484652,114.80000305175781
925,,24.1390126,120.7484652,114.80000305175781
926,,24.1390126,120.7484652,114.80000305175781
927,,24.1390126,120.7484652,114.80000305175781
928,,24.1390126,120.7484652,114.80000305175781
929,,24.1390126,120.7484652,114.80000305175781
930,,24.1390126,120.7484652,114.80000305175781
931,,24.1390126,120.7484652,114.80000305175781
932,,24.1390126,120.7484652,114.80000305175781
933,,24.1390126,120.7484652,114.80000305175781
934,,24.1390126,120.7484652,114.80000305175781
935,,24.1390126,120.7484652,114.80000305175781
936,,24.1390126,120.7484652,114.80000305175781
937,,24.1390126,120.7484652,114.80000305175781
938,-1.52_20.19_-4.36_7.50_-120.07_24.95_35.75_-25.44_4.50_0.5368_0.1920_-0.4475_-0.6890end-0.71_19.81_-3.70_7.50_-120.07_24.95_35.75_-25.44_4.50_0.5306_0.1854_-0.4524_-0.6924end-1.73_19.37_-3.48_7.50_-120.07_24.95_35.75_-25.44_4.50_0.5256_0.1809_-0.4558_-0.6952end-1.49_19.02_-3.11_7.50_-120.07_24.95_35.75_-25.44_4.50_0.5234_0.1795_-0.4571_-0.6964end-2.04_17.99_-2.94_7.50_-120.07_24.95_35.75_-25.44_4.50_0.5217_0.1787_-0.4579_-0.6973end-2.31_17.77_-3.07_-5.71_-29.43_27.64_35.75_-25.44_4.50_0.5217_0.1787_-0.4579_-0.6973end-2.31_17.77_-3.07_-5.71_-29.43_27.64_35.00_-25.50_2.19_0.5172_0.1781_-0.4599_-0.6995end-2.80_16.99_-3.93_-5.71_-29.43_27.64_35.00_-25.50_2.19_0.5155_0.1780_-0.4607_-0.7003end-3.25_16.89_-4.16_-11.97_-33.57_33.68_35.00_-26.19_1.31_0.5155_0.1780_-0.4607_-0.7003end-3.50_16.68_-4.04_-13.88_-31.89_33.80_34.63_-26.25_-0.50_0.5155_0.1780_-0.4607_-0.7003end,24.1390126,120.7484652,114.80000305175781
939,,24.1390126,120.7484652,114.80000305175781
940,,24.1390126,120.7484652,114.80000305175781
941,,24.1390126,120.7484652,114.80000305175781
942,,24.1390126,120.7484652,114.80000305175781
943,-2.95_16.16_-3.68_-16.45_-31.00_34.02_34.63_-26.25_-0.50_0.5084_0.1780_-0.4642_-0.7031end-2.60_15.85_-3.39_-16.45_-31.00_34.02_34.63_-26.25_-0.50_0.5063_0.1780_-0.4654_-0.7038end-2.55_14.97_-3.41_-16.45_-31.00_34.02_34.63_-26.25_-0.50_0.5063_0.1780_-0.4654_-0.7038end-2.86_13.95_-3.74_-16.45_-31.00_34.02_34.63_-26.25_-0.50_0.4991,24.1390126,120.7484652,114.80000305175781
944,_0.1778_-0.4700_-0.7060end-2.99_13.46_-3.83_-16.45_-31.00_34.02_33.88_-26.25_-1.00_0.4966_0.1780_-0.4716_-0.7067end-2.54_12.61_-3.82_-16.45_-31.00_34.02_33.88_-26.25_-1.00_0.4966_0.1780_-0.4716_-0.7067end-2.29_11.99_-3.57_-16.45_-31.00_34.02_33.88_-26.25_-1.00_0.4918_0.1790_-0.4748_-0.7076end-2.29_11.78_-3.41_-42.52_-34.24_46.78,24.1390126,120.7484652,114.80000305175781
945,_33.88_-26.25_-1.00_0.4918_0.1790_-0.4748_-0.7076end-2.42_11.56_-3.45_-46.11_-33.80_48.12_33.88_-26.25_-1.00_0.4843_0.1815_-0.4799_-0.7087end-2.56_11.11_-3.49_-46.11_-33.80_48.12_33.88_-26.94_-1.87_0.4815_0.1827_-0.4819_-0.7089end,24.1390126,120.7484652,114.80000305175781
946,,24.1390126,120.7484652,114.80000305175781
947,,24.1390126,120.7484652,114.80000305175781
948,,24.1390126,120.7484652,114.80000305175781
949,,24.1390126,120.7484652,114.80000305175781
950,-2.54_10.91_-3.59_-46.11_-33.80_48.12_33.88_-26.94_-1.87_0.4815_0.1827_-0.4819_-0.7089end-2.54_10.91_-3.59_-59.65_-33.57_51.92_33.88_-27.00_-3.69_0.4815_0.1827_-0.4819_-0.7089end-1.98_10.70_-3.85_-63.11_-36.03_53.27_33.88_-27.00_-3.69_0.4732_0.1864_-0.4881_-0.7093end-1.98_10.70_-3.85_-66.14_-38.61_54.83_33.50_-27.94_-2.81_0.4672_0.1891_-0.4928_-0.7093end-2.01_10.20_-4.05_-66.14_-38.61_54.83_33.50_-27.94_-2.81_0.4672_0.1891_-0.4928_-0.7093end-1.95_9.73_-3.96_-66.14_-38.61_54.83_33.50_-27.94_-2.81_0.4608_0.1922_-0.4980_-0.7090end-1.84_9.40_-3.84_-66.14_-38.61_54.83_33.13_-28.00_-5.56_0.4608_0.1922_-0.4980_-0.7090end-1.76_9.04_-3.75_-66.14_-38.61_54.83_33,24.1390126,120.7484652,114.80000305175781
951,.13_-28.00_-5.56_0.4510_0.1979_-0.5062_-0.7079end-1.69_8.75_-3.67_-66.14_-38.61_54.83_33.13_-28.00_-5.56_0.4477_0.2000_-0.5091_-0.7074end-1.47_8.11_-3.49_-66.14_-38.61_54.83_33.13_-28.00_-5.56_0.4442_0.2019_-0.5121_-0.7068end-1.47_8.11_-3.49_-98.48_-40.17_63.11_33.13_-28.00_-5.56_0.4442_0.2019_-0.5121_-0.7068end-1.22_7.76_-3.29_-98.48_-40.17_63.11_33.13_-28.00_-5.56_0.4329_0.2083_-0.5220_-0.7048end-0.79_7.32_-3.11_-98.48_-40.17_63.11_30.56_-28.38_-7.37_0.4291_0.2105_-0.5253_-0.7040end-0.38_6.95_-3.04_-98.48_-40.17_63.11_30.56_-28.38_-7.37_0.4252_0.2130_-0.5289_-0.7029end-0.38_6.95_-3.04_-114.26_-31.22_65.02_30.56_-28.38_-7.37_0.4177_0.2183_-0.5357_-0.7006end0.43_6.78_-2.89_-114.26_-31.22_65.02_31.62_-29.44_-8.75_0.4177_0.2183_-0.5357_-0.7006end0.66_6.74_-2.67_-124.22_-7.72_63.56_31.62_-29.44_-8.75_0.4106_0.2247_-0.5425_-0.6976end0.66_6.74_-2.67_-126.79_0.34_62.44_31.62_-29.44_-8.75_0.4075_0.2283_-0.5457_-0.6957end1.26_6.64_-2.44_-126.79_0.34_62.44_30.88_-30.50_-9.69_0.4044_0.2321_-0.5490_-0.6937end1.05_6.26_-2.46_-134.06_14.66_60.21_30.88_-30.50_-9.69_0.4014_0.2363_-0.5522_-0.6915end,24.1390126,120.7484652,114.80000305175781
952,,24.1390126,120.7484652,114.80000305175781
953,,24.1390126,120.7484652,114.80000305175781
954,,24.1390126,120.7484652,114.80000305175781
955,,24.1390126,120.7484652,114.80000305175781
956,,24.1390126,120.7484652,114.80000305175781
957,1.05_6.26_-2.46_-134.06_14.66_60.21_30.12_-29.12_-11.44_0.3987_0.2407_-0.5553_-0.6890end1.06_5.98_-2.54_-134.06_14.66_60.21_30.50_-28.81_-11.88_0.3987_0.2407_-0.5553_-0.6890end1.06_5.98_-2.54_-134.06_14.66_60.21_30.50_-28.81_-11.88_0.3911_0.2621_-0.5666_-0.6763end0.75_5.43_-1.07_-134.06_14.66_60.21_29.75_-28.81_-13.25_0.3898_0.2681_-0.5692_-0.6725end0.05_5.21_0.05_-134.06_14.66_60.21_29.75_-28.81_-13.25_0.3898_0.2681_-0.5692_-0.6725end-0.11_5.19_0.29_-161.48_73.41_43.64_30.50_-28.81_-12.81_0.3898_0.2681_-0.5692_-0.6725end-0.11_5.19_0.29_-161.48_73.41_43.64_29.37_-30.19_-12.88_0.3859_0.2863_-0.5774_-0.6601end-0.11_5.19_0.29_-163.27_67.14_42.30_29.37_-30,24.1390126,120.7484652,114.80000305175781
958,.19_-12.88_0.3843_0.2922_-0.5804_-0.6557end-0.11_5.19_0.29_-164.61_59.42_41.63_29.37_-30.19_-12.88_0.3843_0.2922_-0.5804_-0.6557end-0.11_5.19_0.29_-165.84_51.59_40.62_29.37_-30.19_-12.88_0.3808_0.3031_-0.5867_-0.6473end,24.1390126,120.7484652,114.80000305175781
959,,24.1390126,120.7484652,114.80000305175781
960,,24.1390126,120.7484652,114.80000305175781
961,,24.1390126,120.7484652,114.80000305175781
962,,24.1390126,120.7484652,114.80000305175781
963,,24.1390126,120.7484652,114.80000305175781
964,-0.11_5.19_0.29_-165.84_51.59_40.62_29.75_-28.50_-14.13_0.3764_0.3134_-0.5935_-0.6387end-0.33_4.93_1.23_-169.87_35.81_37.38_29.75_-28.50_-14.13_0.3741_0.3182_-0.5970_-0.6344end-0.33_4.93_1.23_-170.77_32.56_36.71_29.75_-28.50_-14.13_0.3691_0.3276_-0.6042_-0.6256end-0.10_5.24_1.15_-170.77_32.56_36.71_29.75_-28.50_-14.13_0.3665_0.3,24.1390126,120.7484652,114.80000305175781
965,322_-0.6078_-0.6213end-0.05_5.44_1.25_-170.66_24.40_35.59_29.75_-28.50_-14.13_0.3665_0.3322_-0.6078_-0.6213end-0.13_5.60_1.23_-170.32_20.14_34.69_29.75_-28.50_-14.13_0.3579_0.3449_-0.6189_-0.6082end-0.18_5.73_1.27_-170.32_20.14_34.69_29.75_-28.50_-14.13_0.3549_0.3488_-0.6226_-0.6039end-0.19_6.00_1.25_-170.32_20.14_34.69_29.75_-28.50_-14.13_0.3549_0.3488_-0.6226_-0.6039end-0.25_6.13_1.17_-166.52_9.40_31.56_29.75_-28.50_-14.13_0.3486_0.3564_-0.6301_-0.5953end-0.25_6.13_1.17_-164.95_7.95_30.55_28.62_-28.25_-17.81_0.3486_0.3564_-0.6301_-0.5953end,24.1390126,120.7484652,114.80000305175781
966,,24.1390126,120.7484652,114.80000305175781
967,,24.1390126,120.7484652,114.80000305175781
968,,24.1390126,120.7484652,114.80000305175781
969,,24.1390126,120.7484652,114.80000305175781
970,,24.1390126,120.7484652,114.80000305175781
971,-0.25_6.13_1.17_-164.95_7.95_30.55_28.62_-27.62_-17.75_0.3424_0.3634_-0.6373_-0.5870end0.88_6.38_1.85_-160.14_-1.23_31.67_28.62_-27.62_-17.75_0.3356_0.3699_-0.6445_-0.5789end0.09_6.71_2.75_-160.14_-1.23_31.67_28.62_-27.62_-17.75_0.3356_0.3699_-0.6445_-0.5789end0.09_6.78_2.70_-160.25_-11.30_32.23_28.62_-27.62_-17.75_0.3278_0.3759,24.1390126,120.7484652,114.80000305175781
972,_-0.6519_-0.5712end0.09_6.78_2.70_-160.25_-11.30_32.23_29.75_-26.94_-20.44_0.3205_0.3817_-0.6590_-0.5634end0.54_6.62_0.64_-160.25_-11.30_32.23_29.75_-26.94_-20.44_0.3171_0.3847_-0.6624_-0.5592end0.98_6.45_0.09_-160.25_-11.30_32.23_28.62_-26.62_-20.94_0.3171_0.3847_-0.6624_-0.5592end1.13_6.43_0.13_-152.19_7.72_28.42_28.62_-26.62_,24.1390126,120.7484652,114.80000305175781
973,,24.1390126,120.7484652,114.80000305175781
974,,24.1390126,120.7484652,114.80000305175781
975,,24.1390126,120.7484652,114.80000305175781
976,,24.1390126,120.7484652,114.80000305175781
977,,24.1390126,120.7484652,114.80000305175781
978,-20.94_0.3171_0.3847_-0.6624_-0.5592end0.88_6.52_0.66_-152.19_7.72_28.42_28.62_-26.62_-20.94_0.3079_0.3940_-0.6718_-0.5466end0.88_6.52_0.66_-152.19_7.72_28.42_28.62_-26.62_-20.94_0.3021_0.4001_-0.6775_-0.5382end,24.1390126,120.7484652,114.80000305175781
979,0.54_6.57_1.06_-152.19_7.72_28.42_28.25_-25.62_-22.69_0.3021_0.4001_-0.6775_-0.5382end0.54_6.57_1.06_-142.23_33.80_23.28_28.62_-24.25_-23.06_0.3021_0.4001_-0.6775_-0.5382end0.54_6.57_1.06_-141.34_43.08_20.81_28.62_-24.25_-23.06_0.2953_0.4099_-0.6851_-0.5248end0.54_6.57_1.06_-139.43_49.80_19.36_28.62_-24.25_-23.56_0.2924_0.4169_-0.6894_-0.5152end0.95_7.02_0.06_-139.43_49.80_19.36_28.62_-24.25_-23.56_0.2924_0.4169_-0.6894_-0.5152end0.95_7.02_0.06_-133.17_59.42_16.00_29.00_-23.56_-24.94_0.2924_0.4169_-0.6894_-0.5152end0.73_7.46_0.34_-130.26_61.44_14.44_29.00_-23.56_-24.94_0.2883_0.4309_-0.6971_-0.4953end0.71_7.73_0.48_-130.26_61.44_14.44_29.00_-23.56_-24.94_0.2876_0.4341_-0.6988_-0.4904end0.77_8.31_0.62_-130.26_61.44_14.44_29.00_-23.56_-24.94_0.2867_0.4372_-0.7006_-0.4857end0.81_8.54_0.46_-130.26_61.44_14.44_29.75_-21.50_-24.37_0.2867_0.4372_-0.7006_-0.4857end,24.1390126,120.7484652,114.80000305175781
980,,24.1390126,120.7484652,114.80000305175781
981,,24.1390126,120.7484652,114.80000305175781
982,,24.1390126,120.7484652,114.80000305175781
983,,24.1390126,120.7484652,114.80000305175781
984,,24.1390126,120.7484652,114.80000305175781
985,0.81_8.54_0.46_-130.26_61.44_14.44_30.06_-22.87_-24.87_0.2844_0.4427_-0.7042_-0.4766end0.58_8.61_-0.18_-130.26_61.44_14.44_30.06_-22.87_-24.87_0.2812_0.4473_-0.7081_-0.4685end0.58_8.61_-0.18_-130.26_61.44_14.44_29.00_-22.25_-26.19_0.2794_0.4492_-0.7101_-0.4646end0.58_8.61_-0.18_-106.87_6.38_5.60_29.00_-22.25_-26.19_0.2775_0.4510_-0.7120_-0.4611end0.58_8.61_-0.18_-106.87_6.38_5.60_30.12_-19.81_-24.81_0.2755_0.4526_-0.7140_-0.4576end0.58_8.61_-0.18_-101.16_3.25_4.48_30.12_-19.81_-24.81_0.2734_0.4543_-0.7159_-0.4542end0.36_9.04_0.01_-101.16_3.25_4.48_30.12_-19.81_-24.81_0.2695_0.4571_-0.7196_-0.4478end0.36_9.04_0.01_-94.45_2.80_3.80_29.75_-20.19_-26.62_0.,24.1390126,120.7484652,114.80000305175781
986,2695_0.4571_-0.7196_-0.4478end0.59_9.35_-0.07_-94.45_2.80_3.80_29.37_-19.56_-28.44_0.2658_0.4597_-0.7231_-0.4417end0.43_9.42_-0.16_-88.85_2.91_1.79_29.37_-19.56_-28.44_0.2624_0.4620_-0.7263_-0.4360end,24.1390126,120.7484652,114.80000305175781
987,,24.1390126,120.7484652,114.80000305175781
988,,24.1390126,120.7484652,114.80000305175781
989,,24.1390126,120.7484652,114.80000305175781
990,,24.1390126,120.7484652,114.80000305175781
991,,24.1390126,120.7484652,114.80000305175781
992,0.58_9.51_-0.04_-88.85_2.91_1.79_29.37_-19.56_-28.44_0.2606_0.4631_-0.7279_-0.4333end0.76_9.60_0.59_-88.85_2.91_1.79_29.37_-19.56_-28.44_0.2588_0.4640_-0.7294_-0.4309end-0.04_9.25_0.55_-71.84_2.13_1.34_29.37_-19.56_-28.44_0.2588_0.4640_-0.7294_-0.4309end-0.04_9.25_0.55_-71.84_2.13_1.34_30.06_-18.50_-28.87_0.2556_0.4658_-0.7322_-0.4262end-0.04_9.25_0.55_-71.84_2.13_1.34_30.06_-18.50_-28.87_0.2535_0.4678_-0.7344_-0.4213end-0.16_8.23_0.49_-71.84_2.13_1.34_29.75_-18.19_-28.38_0.2529_0.4689_-0.7354_-0.4189end-0.04_8.38_0.21_-71.84_2.13_1.34_29.75_-18.19_-28.38_0.2529_0.4689_-0.7354_-0.4189end-0.53_7.99_0.97_-71.84_2.13_1.34_29.75_-18.19_-28.38_0.2529_0.4689_-0.7354_-0.4189end-0.53_7.99_0.97_-71.84_2.13_1.34_29.75_-17.81_-28.38_0.2518_0.4732_-0.7380_-0.4099end-0.64_7.12_1.83_-71.84_2.13_1.34_29.75_-17.81_-28.38_0.2517_0.4741_-0.7385_-0.4081end,24.1390126,120.7484652,114.80000305175781
993,,24.1390126,120.7484652,114.80000305175781
994,,24.1390126,120.7484652,114.80000305175781
995,,24.1390126,120.7484652,114.80000305175781
996,,24.1390126,120.7484652,114.80000305175781
997,,24.1390126,120.7484652,114.80000305175781
998,,24.1390126,120.7484652,114.80000305175781
999,,24.1390126,120.7484652,114.80000305175781
1000,-0.58_6.75_2.51_-71.84_2.13_1.34_29.75_-17.81_-28.38_0.2516_0.4749_-0.7389_-0.4065end-0.79_6.66_2.96_-29.21_9.40_1.01_29.75_-17.81_-28.38_0.2516_0.4749_-0.7389_-0.4065end-0.96_6.62_3.18_-24.06_0.22_1.90_29.75_-17.81_-28.38_0.2503_0.4761_-0.7401_-0.4036end-1.01_6.70_3.19_-24.06_0.22_1.90_29.75_-17.81_-28.38_0.2493_0.4761_-0.7405_,24.1390126,120.7484652,114.80000305175781
1001,-0.4034end-0.75_7.27_3.53_-24.06_0.22_1.90_29.75_-17.81_-28.38_0.2479_0.4758_-0.7410_-0.4039end-0.50_7.53_3.53_-2.24_-59.76_4.59_29.75_-17.81_-28.38_0.2479_0.4758_-0.7410_-0.4039end-0.20_8.02_3.56_3.47_-77.44_5.93_29.75_-17.81_-28.38_0.2479_0.4758_-0.7410_-0.4039end-0.01_8.25_3.54_3.47_-77.44_5.93_29.75_-17.12_-28.87_0.2379_0.4711_-0.7435_-0.4108end0.06_8.45_3.45_20.48_-117.05_7.05_29.75_-17.12_-28.87_0.2346_0.4691_-0.7441_-0.4136end0.36_8.83_3.24_20.48_-117.05_7.05_29.37_-17.19_-30.62_0.2346_0.4691_-0.7441_-0.4136end,24.1390126,120.7484652,114.80000305175781
1002,,24.1390126,120.7484652,114.80000305175781
1003,,24.1390126,120.7484652,114.80000305175781
1004,,24.1390126,120.7484652,114.80000305175781
1005,,24.1390126,120.7484652,114.80000305175781
1006,,24.1390126,120.7484652,114.80000305175781
1007,0.68_9.16_2.91_20.48_-117.05_7.05_29.37_-17.19_-30.62_0.2346_0.4691_-0.7441_-0.4136end0.83_9.38_2.82_20.48_-117.05_7.05_29.37_-17.19_-30.62_0.2204_0.4595_-0.7464_-0.4279end1.05_9.72_2.72_20.48_-117.05_7.05_29.37_-17.19_-30.62_0.2170_0.4568_-0.7468_-0.4319end1.15_9.82_2.77_20.48_-117.05_7.05_27.87_-17.56_-30.69_0.2139_0.4542_-0.7469_-0.4359end1.26_9.89_2.70_54.27_-116.83_0.11_27.87_-17.56_-30.69_0.2139_0.4542_-0.7469_-0.4359end1.30_9.93_2.70_54.27_-116.83_0.11_27.56_-18.25_-31.50_0.2111_0.4515_-0.7470_-0.4399end1.30_9.93_2.70_62.44_-105.42_-3.47_27.56_-18.25_-31.50_0.2062_0.4460_-0.7469_-0.4481end1.30_9.93_2.70_66.02_-99.37_-5.15_27.56_-18.25_-31.50_0.2062_0.4460_-0.7469_-0.4481end1.55_10.02_2.62_66.02_-99.37_-5.15_26.81_-18.62_-32.88_0.2062_0.4460_-0.7469_-0.4481end1.55_10.02_2.62_80.46_-73.97_-11.41_26.81_-18.62_-32.88_0.1993_0.4328_-0.7444_-0.4678end,24.1390126,120.7484652,114.80000305175781
1008,,24.1390126,120.7484652,114.80000305175781
1009,,24.1390126,120.7484652,114.80000305175781
1010,,24.1390126,120.7484652,114.80000305175781
1011,,24.1390126,120.7484652,114.80000305175781
1012,,24.1390126,120.7484652,114.80000305175781
1013,,24.1390126,120.7484652,114.80000305175781
1014,,24.1390126,120.7484652,114.80000305175781
1015,1.63_10.20_2.87_80.46_-73.97_-11.41_26.81_-18.62_-32.88_0.1993_0.4328_-0.7444_-0.4678end1.66_10.22_2.86_87.06_-62.11_-14.44_25.00_-19.94_-32.06_0.1993_0.4328_-0.7444_-0.4678end1.77_10.32_2.85_89.97_-55.95_-15.89_25.00_-19.94_-32.06_0.1993_0.4328_-0.7444_-0.4678end1.77_10.32_2.85_95.68_-40.73_-18.91_25.00_-19.94_-32.06_0.1997_0.4205_-0.7391_-0.4869end1.83_10.29_2.81_95.68_-40.73_-18.91_24.25_-20.62_-32.06_0.2007_0.4183_-0.7377_-0.4905end1.80_10.47_2.72_95.68_-40.73_-18.91_24.25_-20.62_-32.06_0.2007_0.4183_-0.7377_-0.4905end1.77_10.57_2.66_95.68_-40.73_-18.91_24.63_-21.00_-32.50_0.2007_0.4183_-0.7377_-0.4905end1.74_10.68_2.57_95.68_-40.73_-18.91_24.25_-21.62_-30.31_0.2089_0.4110_-0.7307_-0.5035end1.57_10.66_2.32_95.68_-40.73_-18.91_24.25_-21.62_-30.31_0.2089_0.4110_-0.7307_-0.5035end1.57_10.66_2.32_95.68_-40.73_-18.91_23.50_-22.31_-30.31_0.2156_0.4085_-0.7263_-0.5090end,24.1390126,120.7484652,114.80000305175781
1016,,24.1390126,120.7484652,114.80000305175781
1017,,24.1390126,120.7484652,114.80000305175781
1018,,24.1390126,120.7484652,114.80000305175781
1019,,24.1390126,120.7484652,114.80000305175781
1020,,24.1390126,120.7484652,114.80000305175781
1021,,24.1390126,120.7484652,114.80000305175781
1022,,24.1390126,120.7484652,114.80000305175781
1023,1.57_10.66_2.32_170.99_66.25_-24.73_23.50_-22.31_-30.31_0.2183_0.4073_-0.7252_-0.5105end1.57_10.66_2.32_170.99_66.25_-24.73_23.50_-22.31_-30.31_0.2183_0.4073_-0.7252_-0.5105end1.57_10.66_2.32_-5.93_-31.45_-20.48_23.50_-22.31_-30.31_0.2260_0.4052_-0.7203_-0.5157end1.57_10.66_2.32_-5.93_-31.45_-20.48_23.50_-22.31_-30.31_0.2267_0.4042_-0.7199_-0.5167end0.64_3.88_6.16_-5.93_-31.45_-20.48_23.50_-22.31_-30.31_0.2267_0.4042_-0.7199_-0.5167end0.64_3.88_6.16_-5.93_-31.45_-20.48_24.63_-23.69_-29.94_0.2370_0.4076_-0.7225_-0.5057end-0.89_3.34_-4.09_-5.93_-31.45_-20.48_24.63_-23.69_-29.94_0.2410_0.4085_-0.7219_-0.5038end1.46_-4.58_-23.17_22.60_137.53_-31.33_25.37_-,24.1390126,120.7484652,114.80000305175781
1024,22.25_-28.06_0.2410_0.4085_-0.7219_-0.5038end-1.86_1.85_-3.30_22.60_137.53_-31.33_25.37_-22.25_-28.06_0.2410_0.4085_-0.7219_-0.5038end-8.84_6.00_20.04_22.60_137.53_-31.33_25.37_-22.25_-28.06_0.2570_0.4125_-0.7159_-0.5012end,24.1390126,120.7484652,114.80000305175781
1025,,24.1390126,120.7484652,114.80000305175781
1026,,24.1390126,120.7484652,114.80000305175781
1027,,24.1390126,120.7484652,114.80000305175781
1028,,24.1390126,120.7484652,114.80000305175781
1029,,24.1390126,120.7484652,114.80000305175781
1030,0.72_6.58_7.27_22.60_137.53_-31.33_25.37_-22.25_-28.06_0.2690_0.4155_-0.7104_-0.5003end-6.99_5.93_18.54_22.60_137.53_-31.33_25.37_-22.25_-28.06_0.2690_0.4155_-0.7104_-0.5003end3.57_6.94_2.93_22.60_137.53_-31.33_25.37_-22.25_-28.06_0.2841_0.4196_-0.7056_-0.4952end-1.16_8.25_6.53_22.60_137.53_-31.33_25.37_-22.25_-28.06_0.2841_0.4196_-0.7056_-0.4952end-2.98_8.00_-2.11_22.60_137.53_-31.33_25.37_-22.25_-28.06_0.2862_0.4195_-0.7052_-0.4948end-2.98_8.00_-2.11_40.62_-95.90_-10.18_25.37_-22.25_-28.06_0.2844_0.4142_-0.7057_-0.4995end-2.09_8.62_-3.57_40.62_-95.90_-10.18_29.00_-23.94_-25.81_0.2831_0.4116_-0.7059_-0.5022end0.68_7.99_-5.45_40.62_-95.90_-10.18_29.00_-23.94_-25.81_0.2830_0.4095_-0.7056_-0.5043end0.00_8.72_1.32_65.13_16.11_-23.95_29.00_-23.94_-25.81_0.2830_0.4095_-0.7056_-0.5043end-0.95_8.51_1.07_65.13_16.11_-23.95_28.62_-24.63_-25.37_0.2895_0.4058_-0.7020_-0.5086end,24.1390126,120.7484652,114.80000305175781
1031,,24.1390126,120.7484652,114.80000305175781
1032,,24.1390126,120.7484652,114.80000305175781
1033,,24.1390126,120.7484652,114.80000305175781
1034,,24.1390126,120.7484652,114.80000305175781
1035,,24.1390126,120.7484652,114.80000305175781
1036,,24.1390126,120.7484652,114.80000305175781
1037,1.72_9.31_3.09_65.13_16.11_-23.95_28.62_-24.63_-25.37_0.2923_0.4048_-0.7004_-0.5100end2.93_9.25_10.21_65.13_16.11_-23.95_28.62_-24.63_-25.37_0.2923_0.4048_-0.7004_-0.5100end-0.36_8.57_3.95_46.89_30.77_-21.15_28.62_-24.63_-25.37_0.2923_0.4048_-0.7004_-0.5100end3.84_9.45_9.82_46.89_30.77_-21.15_30.06_-23.87_-24.00_0.3016_0.4022_-0,24.1390126,120.7484652,114.80000305175781
1038,.6956_-0.5132end1.59_9.09_7.83_46.89_30.77_-21.15_28.62_-23.56_-24.44_0.3034_0.4018_-0.6948_-0.5135end-0.08_8.71_3.29_46.89_30.77_-21.15_28.62_-23.56_-24.44_0.3051_0.4016_-0.6940_-0.5137end0.70_8.74_3.64_46.89_30.77_-21.15_30.81_-24.25_-24.44_0.3051_0.4016_-0.6940_-0.5137end0.70_8.74_3.64_33.80_20.59_-19.70_30.81_-24.25_-24.44_0.3083_0.4008_-0.6926_-0.5143end1.11_8.66_1.09_33.80_20.59_-19.70_30.81_-24.25_-24.44_0.3099_0.4003_-0.6920_-0.5146end-0.79_8.20_-0.87_41.41_3.25_-20.81_29.69_-24.63_-24.06_0.3099_0.4003_-0.6920_-0.5146end,24.1390126,120.7484652,114.80000305175781
1039,,24.1390126,120.7484652,114.80000305175781
1040,,24.1390126,120.7484652,114.80000305175781
1041,,24.1390126,120.7484652,114.80000305175781
1042,,24.1390126,120.7484652,114.80000305175781
1043,,24.1390126,120.7484652,114.80000305175781
1044,,24.1390126,120.7484652,114.80000305175781
1045,1.34_8.58_-1.10_41.41_3.25_-20.81_29.69_-24.63_-24.06_0.3099_0.4003_-0.6920_-0.5146end0.30_8.70_1.03_41.41_3.25_-20.81_29.69_-24.63_-24.06_0.3175_0.3947_-0.6882_-0.5194end1.75_8.76_2.82_41.41_3.25_-20.81_29.69_-24.63_-24.06_0.3192_0.3933_-0.6873_-0.5206end0.94_8.84_3.18_56.06_5.93_-23.39_29.69_-24.63_-24.06_0.3192_0.3933_-0.6873_-0.5206end2.20_9.01_3.84_56.06_5.93_-23.39_29.69_-24.63_-24.06_0.3246_0.3897_-0.6843_-0.5239end0.26_8.95_4.09_56.06_5.93_-23.39_29.69_-24.63_-24.06_0.3267_0.3889_-0.6832_-0.5246end1.16_8.96_4.13_47.11_32.45_-24.40_29.69_-24.63_-24.06_0.3267_0.3889_-0.6832_-0.5246end1.07_8.93_4.52_45.55_36.37_-24.95_29.69_-24.63_-24.06_0.3267_0.,24.1390126,120.7484652,114.80000305175781
1046,3889_-0.6832_-0.5246end1.07_8.93_4.52_45.55_36.37_-24.95_30.12_-24.87_-21.31_0.3361_0.3865_-0.6787_-0.5262end0.61_8.78_3.77_45.55_36.37_-24.95_30.12_-24.87_-21.31_0.3385_0.3859_-0.6776_-0.5266end,24.1390126,120.7484652,114.80000305175781
1047,,24.1390126,120.7484652,114.80000305175781
1048,,24.1390126,120.7484652,114.80000305175781
1049,,24.1390126,120.7484652,114.80000305175781
1050,,24.1390126,120.7484652,114.80000305175781
1051,,24.1390126,120.7484652,114.80000305175781
1052,,24.1390126,120.7484652,114.80000305175781
1053,0.47_8.69_3.63_42.08_30.33_-24.84_30.06_-25.25_-21.75_0.3385_0.3859_-0.6776_-0.5266end0.25_8.60_2.39_42.52_30.89_-25.51_30.06_-25.25_-21.75_0.3385_0.3859_-0.6776_-0.5266end0.25_8.60_2.39_42.52_30.89_-25.51_30.06_-25.25_-21.75_0.3475_0.3832_-0.6735_-0.5281end-0.06_8.50_1.12_49.24_31.67_-26.19_30.06_-25.25_-21.75_0.3475_0.3832_-0.6735_-0.5281end-0.41_8.67_2.10_49.24_31.67_-26.19_30.06_-25.25_-21.75_0.3475_0.3832_-0.6735_-0.5281end-0.40_8.65_1.99_49.24_31.67_-26.19_33.06_-24.81_-19.50_0.3475_0.3832_-0.6735_-0.5281end-0.40_8.65_1.99_49.24_31.67_-26.19_33.06_-24.81_-19.50_0.3591_0.3787_-0.6674_-0.5312end-0.54_8.76_2.27_49.24_31.67_-26.19_33.06_-24.81_-19.50_0.3615_0.3777_-0.6660_-0.5320end-0.74_8.76_1.99_49.24_31.67_-26.19_30.81_-25.25_-20.88_0.3615_0.3777_-0.6660_-0.5320end-0.74_8.76_1.99_51.25_25.07_-25.40_30.81_-25.25_-20.88_0.3660_0.3759_-0.6636_-0.5334end,24.1390126,120.7484652,114.80000305175781
1054,,24.1390126,120.7484652,114.80000305175781
1055,,24.1390126,120.7484652,114.80000305175781
1056,,24.1390126,120.7484652,114.80000305175781
1057,,24.1390126,120.7484652,114.80000305175781
1058,,24.1390126,120.7484652,114.80000305175781
1059,,24.1390126,120.7484652,114.80000305175781
1060,-1.21_8.82_1.65_51.25_25.07_-25.40_30.81_-25.25_-20.88_0.3703_0.3738_-0.6612_-0.5347end-1.36_8.78_1.08_51.25_25.07_-25.40_30.81_-25.25_-20.88_0.3723_0.3729_-0.6602_-0.5353end-1.54_8.80_0.61_51.25_25.07_-25.40_30.81_-25.25_-20.88_0.3723_0.3729_-0.6602_-0.5353end-1.68_8.80_-0.23_46.78_18.58_-25.07_30.81_-25.25_-20.88_0.3723_0.3729_-0.6602_-0.5353end-1.61_8.83_-0.23_46.78_18.58_-25.07_33.75_-25.88_-18.12_0.3799_0.3687_-0.6560_-0.5379end-1.66_8.70_-0.70_46.78_18.58_-25.07_33.75_-25.88_-18.12_0.3818_0.3676_-0.6550_-0.5386end-1.82_8.88_-1.36_48.79_17.90_-23.84_33.75_-25.88_-18.12_0.3837_0.3665_-0.6539_-0.5393end-1.82_8.88_-1.36_49.01_18.24_-23.16_33.06_-25.1,24.1390126,120.7484652,114.80000305175781
1061,9_-18.12_0.3837_0.3665_-0.6539_-0.5393end-1.82_8.88_-1.36_49.01_18.24_-23.16_33.06_-25.19_-18.12_0.3892_0.3634_-0.6506_-0.5414end-2.42_8.90_-1.12_49.01_18.24_-23.16_33.06_-25.19_-18.12_0.3910_0.3624_-0.6495_-0.5421end,24.1390126,120.7484652,114.80000305175781
1062,,24.1390126,120.7484652,114.80000305175781
1063,,24.1390126,120.7484652,114.80000305175781
1064,,24.1390126,120.7484652,114.80000305175781
1065,,24.1390126,120.7484652,114.80000305175781
1066,,24.1390126,120.7484652,114.80000305175781
1067,-2.50_8.90_-1.16_45.10_21.26_-21.49_33.06_-25.19_-18.12_0.3910_0.3624_-0.6495_-0.5421end-2.50_8.90_-1.16_44.76_20.81_-21.26_33.06_-25.19_-18.12_0.3965_0.3597_-0.6462_-0.5439end-2.71_8.96_-1.21_44.76_20.81_-21.26_33.06_-25.19_-18.12_0.3983_0.3588_-0.6451_-0.5445end-2.71_8.95_-1.37_44.76_20.81_-21.26_33.06_-25.19_-18.12_0.3983_0.3,24.1390126,120.7484652,114.80000305175781
1068,588_-0.6451_-0.5445end-2.93_8.96_-1.45_44.76_20.81_-21.26_33.06_-25.19_-18.12_0.3983_0.3588_-0.6451_-0.5445end-2.93_8.99_-1.52_44.76_20.81_-21.26_33.81_-25.81_-16.81_0.4030_0.3561_-0.6421_-0.5464end-3.18_9.03_-1.59_44.76_20.81_-21.26_33.81_-25.81_-16.81_0.4056_0.3540_-0.6403_-0.5479end-3.18_9.05_-1.57_41.41_7.16_-16.45_34.19_-25,24.1390126,120.7484652,114.80000305175781
1069,.81_-14.94_0.4056_0.3540_-0.6403_-0.5479end-3.20_9.11_-1.57_40.62_5.82_-16.56_34.19_-25.81_-14.94_0.4056_0.3540_-0.6403_-0.5479end-3.14_9.17_-1.57_40.62_5.82_-16.56_34.88_-26.50_-15.88_0.4103_0.3499_-0.6370_-0.5509end,24.1390126,120.7484652,114.80000305175781
1070,,24.1390126,120.7484652,114.80000305175781
1071,,24.1390126,120.7484652,114.80000305175781
1072,,24.1390126,120.7484652,114.80000305175781
1073,,24.1390126,120.7484652,114.80000305175781
1074,,24.1390126,120.7484652,114.80000305175781
1075,-3.11_9.13_-1.57_40.62_5.82_-16.56_35.25_-25.81_-15.44_0.4113_0.3488_-0.6362_-0.5517end-3.02_9.16_-1.68_37.82_-2.91_-14.21_35.25_-25.81_-15.44_0.4113_0.3488_-0.6362_-0.5517end-3.05_9.17_-1.79_37.82_-2.91_-14.21_35.25_-25.81_-15.44_0.4113_0.3488_-0.6362_-0.5517end-3.08_9.23_-1.93_37.82_-2.91_-14.21_35.25_-25.81_-15.44_0.4143_0.34,24.1390126,120.7484652,114.80000305175781
1076,41_-0.6338_-0.5552end-3.10_9.21_-1.94_35.47_-10.07_-11.86_35.25_-25.81_-15.44_0.4143_0.3441_-0.6338_-0.5552end-3.17_9.29_-2.05_35.47_-10.07_-11.86_35.25_-25.81_-15.44_0.4153_0.3417_-0.6328_-0.5571end-3.10_9.25_-1.98_34.36_-11.19_-10.85_35.25_-25.81_-15.44_0.4153_0.3417_-0.6328_-0.5571end-3.10_9.25_-1.98_34.36_-11.19_-10.85_34.56_-25.75_-14.06_0.4168_0.3381_-0.6313_-0.5598end-3.11_9.33_-1.88_34.36_-11.19_-10.85_34.56_-25.75_-14.06_0.4172_0.3369_-0.6309_-0.5607end-3.03_9.34_-1.75_34.36_-11.19_-10.85_34.56_-25.75_-14.06_0.4175_0.3356_-0.6305_-0.5617end,24.1390126,120.7484652,114.80000305175781
1077,,24.1390126,120.7484652,114.80000305175781
1078,,24.1390126,120.7484652,114.80000305175781
1079,,24.1390126,120.7484652,114.80000305175781
1080,,24.1390126,120.7484652,114.80000305175781
1081,,24.1390126,120.7484652,114.80000305175781
1082,,24.1390126,120.7484652,114.80000305175781
1083,-3.01_9.35_-1.55_32.56_-18.24_-8.84_34.56_-25.75_-14.06_0.4175_0.3356_-0.6305_-0.5617end-3.02_9.35_-1.50_31.56_-20.48_-8.50_34.19_-26.81_-14.06_0.4175_0.3356_-0.6305_-0.5617end-3.00_9.39_-1.48_31.33_-21.93_-7.95_34.19_-26.81_-14.06_0.4180_0.3304_-0.6293_-0.5658end-2.94_9.37_-1.45_31.33_-21.93_-7.95_34.88_-26.50_-15.44_0.4179_0.3290_-0.6291_-0.5668end-2.85_9.39_-1.28_31.33_-21.93_-7.95_34.88_-26.50_-15.44_0.4178_0.3277_-0.6289_-0.5679end-2.71_9.37_-1.14_31.33_-21.93_-7.95_34.88_-26.50_-15.44_0.4177_0.3262_-0.6288_-0.5690end-2.67_9.39_-1.11_29.43_-31.11_-6.38_34.88_-26.50_-15.44_0.4171_0.3233_-0.6287_-0.5712end-2.59_9.43_-0.96_29.43_-31.11_-6.38_34.56_-25.81_-14.94_0.4167_0.3217_-0.6287_-0.5724end-2.57_9.41_-0.86_29.43_-31.11_-6.38_34.56_-25.81_-14.94_0.4161_0.3200_-0.6287_-0.5737end-2.52_9.40_-0.77_28.42_-43.42_-4.92_34.56_-25.81_-14.94_0.4161_0.3200_-0.6287_-0.5737end,24.1390126,120.7484652,114.80000305175781
1084,,24.1390126,120.7484652,114.80000305175781
1085,,24.1390126,120.7484652,114.80000305175781
1086,,24.1390126,120.7484652,114.80000305175781
1087,,24.1390126,120.7484652,114.80000305175781
1088,,24.1390126,120.7484652,114.80000305175781
1089,,24.1390126,120.7484652,114.80000305175781
1090,-2.44_9.39_-0.68_28.65_-44.87_-4.81_34.56_-25.81_-14.94_0.4161_0.3200_-0.6287_-0.5737end-2.44_9.39_-0.68_28.65_-44.87_-4.81_34.88_-26.12_-15.94_0.4133_0.3130_-0.6293_-0.5789end-2.04_9.46_-0.53_28.65_-44.87_-4.81_34.88_-26.12_-15.94_0.4125_0.3112_-0.6295_-0.5802end-2.04_9.46_-0.53_27.19_-45.21_-4.70_32.69_-25.81_-14.94_0.4125_0.3,24.1390126,120.7484652,114.80000305175781
1091,,24.1390126,120.7484652,114.80000305175781
1092,112_-0.6295_-0.5802end-1.91_9.37_-0.52_27.19_-45.21_-4.70_32.69_-25.81_-14.94_0.4125_0.3112_-0.6295_-0.5802end-1.84_9.39_-0.49_27.19_-41.96_-4.48_32.69_-25.81_-14.94_0.4103_0.3060_-0.6300_-0.5840end-1.84_9.39_-0.49_27.19_-41.96_-4.48_32.69_-25.81_-14.94_0.4092_0.3027_-0.6301_-0.5864end-1.82_9.77_-0.41_27.19_-41.96_-4.48_32.69_-25.81_-14.94_0.4087_0.3012_-0.6301_-0.5875end-1.82_9.43_-0.37_27.19_-41.96_-4.48_33.81_-27.19_-15.44_0.4087_0.3012_-0.6301_-0.5875end-1.77_9.40_-0.21_27.08_-26.41_-5.15_33.81_-27.19_-15.44_0.4087_0.3012_-0.6301_-0.5875end,24.1390126,120.7484652,114.80000305175781
1093,,24.1390126,120.7484652,114.80000305175781
1094,,24.1390126,120.7484652,114.80000305175781
1095,,24.1390126,120.7484652,114.80000305175781
1096,,24.1390126,120.7484652,114.80000305175781
1097,-1.77_9.40_-0.21_27.08_-26.41_-5.15_33.81_-27.19_-15.44_0.4077_0.2960_-0.6295_-0.5916end-1.72_9.43_-0.09_27.08_-26.41_-5.15_33.81_-27.19_-15.44_0.4077_0.2948_-0.6292_-0.5925end-1.80_9.38_-0.06_27.86_-14.21_-5.26_33.81_-27.19_-15.44_0.4077_0.2948_-0.6292_-0.5925end-1.90_9.37_0.12_27.86_-10.63_-5.26_33.81_-27.19_-15.44_0.4077_0.2948_-0.6292_-0.5925end-1.93_9.38_0.30_27.86_-10.63_-5.26_33.81_-27.19_-15.44_0.4085_0.2911_-0.6272_-0.5958end-2.11_9.40_0.45_27.86_-10.63_-5.26_33.81_-27.19_-15.44_0.4091_0.2905_-0.6265_-0.5965end-2.13_9.43_0.62_27.86_-10.63_-5.26_33.81_-27.19_-15.44_0.4097_0.2900_-0.6257_-0.5971end-2.42_9.46_1.06_27.86_-10.63_-5.26_33.81_-27.19_,24.1390126,120.7484652,114.80000305175781
1098,-15.44_0.4097_0.2900_-0.6257_-0.5971end-2.42_9.46_1.06_27.86_-10.63_-5.26_33.81_-27.19_-15.44_0.4127_0.2896_-0.6226_-0.5986end-2.29_9.30_1.54_29.99_28.31_-3.36_33.81_-27.19_-15.44_0.4127_0.2896_-0.6226_-0.5986end,24.1390126,120.7484652,114.80000305175781
1099,,24.1390126,120.7484652,114.80000305175781
1100,,24.1390126,120.7484652,114.80000305175781
1101,,24.1390126,120.7484652,114.80000305175781
1102,,24.1390126,120.7484652,114.80000305175781
1103,,24.1390126,120.7484652,114.80000305175781
1104,,24.1390126,120.7484652,114.80000305175781
1105,-2.29_9.30_1.54_29.99_28.31_-3.36_33.81_-27.19_-15.44_0.4152_0.2897_-0.6201_-0.5994end-3.39_9.39_2.65_29.99_28.31_-3.36_33.81_-27.19_-15.44_0.4152_0.2897_-0.6201_-0.5994end-3.92_9.39_2.29_31.22_20.48_-0.67_33.81_-27.19_-15.44_0.4152_0.2897_-0.6201_-0.5994end-3.72_9.42_2.17_31.22_20.48_-0.67_33.44_-26.81_-14.56_0.4182_0.2896_-0.6165_-0.6010end-3.72_9.42_2.17_31.22_20.48_-0.67_33.44_-26.81_-14.56_0.4194_0.2888_-0.6146_-0.6025end-3.66_9.22_1.36_31.22_20.48_-0.67_33.44_-26.81_-14.56_0.4194_0.2888_-0.6146_-0.6025end-3.38_9.22_1.32_31.22_20.48_-0.67_33.44_-26.81_-14.56_0.4191_0.2865_-0.6135_-0.6049end-3.00_9.14_1.10_36.93_-60.09_1.12_33.44_-26.81_-14.56_0.4184_0.2848_-0.6134_-0.6063end-3.00_9.14_1.10_36.93_-60.09_1.12_33.44_-26.81_-14.56_0.4160_0.2803_-0.6136_-0.6098end-2.29_9.09_1.22_36.93_-60.09_1.12_33.81_-27.81_-13.69_0.4146_0.2778_-0.6138_-0.6118end,24.1390126,120.7484652,114.80000305175781
1106,,24.1390126,120.7484652,114.80000305175781
1107,,24.1390126,120.7484652,114.80000305175781
1108,,24.1390126,120.7484652,114.80000305175781
1109,,24.1390126,120.7484652,114.80000305175781
1110,,24.1390126,120.7484652,114.80000305175781
1111,,24.1390126,120.7484652,114.80000305175781
1112,,24.1390126,120.7484652,114.80000305175781
1113,-1.61_9.10_1.20_36.93_-60.09_1.12_33.81_-27.81_-13.69_0.4131_0.2753_-0.6140_-0.6136end-1.22_9.08_1.15_36.93_-60.09_1.12_33.81_-27.81_-13.69_0.4131_0.2753_-0.6140_-0.6136end-0.99_9.05_1.05_36.93_-60.09_1.12_33.81_-27.81_-13.69_0.4091_0.2678_-0.6144_-0.6193end-0.61_8.95_0.46_36.93_-60.09_1.12_33.81_-27.81_-13.69_0.4091_0.2678_-0.6144_-0.6193end-0.48_8.91_0.27_41.07_-32.45_-1.68_33.81_-27.81_-13.69_0.4091_0.2678_-0.6144_-0.6193end-0.46_8.90_-0.04_41.07_-32.45_-1.68_33.44_-28.19_-15.88_0.4067_0.2617_-0.6136_-0.6241end-0.45_8.89_-0.00_42.08_-22.94_-2.46_33.44_-28.19_-15.88_0.4066_0.2589_-0.6122_-0.6268end-0.43_8.87_-0.06_42.08_-22.94_-2.46_33.44_-28.19_-15.,24.1390126,120.7484652,114.80000305175781
1114,88_0.4069_0.2577_-0.6112_-0.6281end-0.74_8.85_-0.15_42.08_-22.94_-2.46_33.44_-28.19_-15.88_0.4069_0.2577_-0.6112_-0.6281end-1.07_8.83_-0.18_42.08_-22.94_-2.46_34.50_-28.50_-15.50_0.4089_0.2552_-0.6075_-0.6313end,24.1390126,120.7484652,114.80000305175781
1115,,24.1390126,120.7484652,114.80000305175781
1116,,24.1390126,120.7484652,114.80000305175781
1117,,24.1390126,120.7484652,114.80000305175781
1118,,24.1390126,120.7484652,114.80000305175781
1119,,24.1390126,120.7484652,114.80000305175781
1120,-1.33_8.82_-0.17_45.88_13.65_-4.14_34.50_-28.50_-15.50_0.4098_0.2546_-0.6061_-0.6324end-1.47_8.80_-0.19_45.88_13.65_-4.14_34.50_-28.50_-15.50_0.4098_0.2546_-0.6061_-0.6324end-1.96_8.75_-0.50_45.88_13.65_-4.14_34.50_-28.50_-15.50_0.4108_0.2542_-0.6046_-0.6334end-1.96_8.75_-0.50_45.88_13.65_-4.14_34.50_-28.50_-15.50_0.4140_0.2527_-0.6000_-0.6362end-2.21_8.75_-0.91_45.88_13.65_-4.14_34.50_-28.50_-15.50_0.4150_0.2521_-0.5986_-0.6371end-2.49_8.69_-1.51_45.88_13.65_-4.14_34.50_-28.50_-15.50_0.4150_0.2521_-0.5986_-0.6371end-2.57_8.68_-1.71_47.78_1.23_-3.25_34.50_-28.50_-15.50_0.4150_0.2521_-0.5986_-0.6371end-2.50_8.66_-1.75_47.78_1.23_-3.25_32.69_-29.19_-13.2,24.1390126,120.7484652,114.80000305175781
1121,5_0.4172_0.2498_-0.5944_-0.6404end-2.50_8.66_-1.75_48.68_-1.23_-3.13_32.69_-29.19_-13.25_0.4185_0.2478_-0.5918_-0.6429end-2.19_8.68_-1.63_48.68_-1.23_-3.13_32.69_-29.19_-13.25_0.4189_0.2467_-0.5905_-0.6441end,24.1390126,120.7484652,114.80000305175781
1122,,24.1390126,120.7484652,114.80000305175781
1123,,24.1390126,120.7484652,114.80000305175781
1124,,24.1390126,120.7484652,114.80000305175781
1125,,24.1390126,120.7484652,114.80000305175781
1126,,24.1390126,120.7484652,114.80000305175781
1127,,24.1390126,120.7484652,114.80000305175781
1128,,24.1390126,120.7484652,114.80000305175781
1129,-2.19_8.68_-1.63_49.46_-5.26_-3.58_32.69_-29.19_-13.25_0.4195_0.2455_-0.5892_-0.6454end-1.68_8.59_-1.53_49.46_-5.26_-3.58_32.69_-29.19_-13.25_0.4200_0.2444_-0.5880_-0.6467end-1.68_8.59_-1.53_49.35_1.01_-3.58_32.69_-29.19_-13.25_0.4211_0.2423_-0.5853_-0.6491end-0.95_8.57_-1.97_49.35_1.01_-3.58_32.69_-29.19_-13.25_0.4211_0.2423_-0.5853_-0.6491end-0.90_8.53_-2.12_49.57_11.64_-4.03_32.31_-30.19_-11.44_0.4211_0.2423_-0.5853_-0.6491end-0.90_8.53_-2.12_50.02_23.72_-4.48_32.31_-30.19_-11.44_0.4211_0.2423_-0.5853_-0.6491end-0.90_8.53_-2.12_50.02_23.72_-4.48_33.81_-29.50_-11.88_0.4262_0.2393_-0.5771_-0.6543end-0.73_8.34_-2.46_50.02_23.72_-4.48_33.81_-29.50_-11.88_0.4277_0.2391_-0.5751_-0.6551end-0.75_8.49_-2.40_50.02_23.72_-4.48_33.81_-29.50_-11.88_0.4277_0.2391_-0.5751_-0.6551end-0.73_8.45_-2.39_51.81_48.46_-5.60_33.81_-29.50_-11.88_0.4277_0.2391_-0.5751_-0.6551end,24.1390126,120.7484652,114.80000305175781
1130,,24.1390126,120.7484652,114.80000305175781
1131,,24.1390126,120.7484652,114.80000305175781
1132,,24.1390126,120.7484652,114.80000305175781
1133,,24.1390126,120.7484652,114.80000305175781
1134,-0.73_8.45_-2.39_51.92_63.45_-6.15_33.81_-29.50_-11.88_0.4331_0.2396_-0.5683_-0.6573end-0.73_8.45_-2.39_51.92_63.45_-6.15_33.81_-30.44_-9.19_0.4377_0.2410_-0.5630_-0.6583end-0.70_8.21_-1.98_51.92_63.45_-6.15_33.81_-30.44_-9.19_0.4402_0.2419_-0.5602_-0.6587end-0.62_8.37_-1.93_51.92_63.45_-6.15_33.81_-30.44_-9.19_0.4427_0.2429_-0.5574_-0.6591end-0.65_8.30_-2.01_53.04_70.39_-5.26_33.81_-30.44_-9.19_0.4427_0.2429_-0.5574_-0.6591end-0.65_8.30_-2.01_53.16_65.80_-5.37_33.81_-30.44_-9.19_0.4501_0.2456_-0.5488_-0.6602end-0.58_8.38_-2.31_53.16_65.80_-5.37_33.81_-30.44_-9.19_0.4523_0.2463_-0.5461_-0.6607end-0.58_8.38_-2.31_53.16_65.80_-5.37_34.56_-30.44_-8.31_0.4,24.1390126,120.7484652,114.80000305175781
1135,523_0.2463_-0.5461_-0.6607end-0.46_8.27_-2.48_53.16_65.80_-5.37_34.56_-30.44_-8.31_0.4523_0.2463_-0.5461_-0.6607end-0.46_8.27_-2.48_53.16_65.80_-5.37_34.56_-32.13_-5.62_0.4586_0.2474_-0.5382_-0.6624end,24.1390126,120.7484652,114.80000305175781
1136,,24.1390126,120.7484652,114.80000305175781
1137,,24.1390126,120.7484652,114.80000305175781
1138,,24.1390126,120.7484652,114.80000305175781
1139,,24.1390126,120.7484652,114.80000305175781
1140,,24.1390126,120.7484652,114.80000305175781
1141,-0.46_8.27_-2.48_53.16_65.80_-5.37_34.56_-32.13_-5.62_0.4626_0.2479_-0.5330_-0.6636end-0.80_8.18_-2.79_53.16_65.80_-5.37_34.56_-32.13_-5.62_0.4647_0.2482_-0.5304_-0.6642end-1.32_8.18_-3.22_53.16_65.80_-5.37_34.56_-32.13_-5.62_0.4647_0.2482_-0.5304_-0.6642end-1.58_8.14_-3.39_53.16_65.80_-5.37_34.56_-32.13_-5.62_0.4647_0.2482_-0.5304_-0.6642end-1.90_8.09_-3.66_54.95_56.51_-5.26_34.56_-32.13_-5.62_0.4647_0.2482_-0.5304_-0.6642end-1.90_8.09_-3.66_55.06_57.07_-4.92_34.56_-32.13_-5.62_0.4726_0.2495_-0.5198_-0.6665end-1.90_8.09_-3.66_55.06_57.07_-4.92_34.94_-30.37_-4.19_0.4747_0.2499_-0.5170_-0.6670end-1.90_8.09_-3.66_55.17_57.30_-4.59_34.94_-30.37_-4.19_0.48,24.1390126,120.7484652,114.80000305175781
1142,07_0.2512_-0.5088_-0.6686end-2.73_8.07_-4.77_55.17_57.30_-4.59_34.94_-30.37_-4.19_0.4825_0.2515_-0.5060_-0.6692end-3.00_8.07_-4.74_55.17_57.30_-4.59_34.94_-30.37_-4.19_0.4825_0.2515_-0.5060_-0.6692end,24.1390126,120.7484652,114.80000305175781
1143,,24.1390126,120.7484652,114.80000305175781
1144,,24.1390126,120.7484652,114.80000305175781
1145,,24.1390126,120.7484652,114.80000305175781
1146,,24.1390126,120.7484652,114.80000305175781
1147,,24.1390126,120.7484652,114.80000305175781
1148,-3.11_8.11_-4.68_54.16_47.22_-0.78_34.94_-30.37_-4.19_0.4825_0.2515_-0.5060_-0.6692end-3.11_8.11_-4.68_53.16_38.38_0.34_34.94_-30.37_-4.19_0.4825_0.2515_-0.5060_-0.6692end-3.21_8.05_-4.58_53.16_33.57_1.23_34.94_-30.37_-4.19_0.4904_0.2522_-0.4935_-0.6725end-3.27_8.01_-4.53_53.16_33.57_1.23_34.94_-30.37_-4.19_0.4904_0.2522_-0.4935,24.1390126,120.7484652,114.80000305175781
1149,_-0.6725end-3.26_8.02_-4.56_51.81_24.84_1.79_34.94_-30.37_-4.19_0.4904_0.2522_-0.4935_-0.6725end-3.22_8.01_-4.66_51.81_24.84_1.79_34.94_-31.37_-1.06_0.4945_0.2508_-0.4852_-0.6761end-3.16_7.95_-4.79_51.81_24.84_1.79_34.94_-31.37_-1.06_0.4953_0.2502_-0.4833_-0.6771end-3.25_7.93_-5.24_51.81_24.84_1.79_35.31_-31.69_-1.06_0.4953_0.2502_-0.4833_-0.6771end-3.26_7.91_-5.38_49.91_6.60_5.93_35.31_-31.69_-1.06_0.4953_0.2502_-0.4833_-0.6771end-3.26_7.91_-5.38_49.91_6.60_5.93_35.31_-31.69_-1.06_0.4974_0.2472_-0.4765_-0.6815end,24.1390126,120.7484652,114.80000305175781
1150,,24.1390126,120.7484652,114.80000305175781
1151,,24.1390126,120.7484652,114.80000305175781
1152,,24.1390126,120.7484652,114.80000305175781
1153,,24.1390126,120.7484652,114.80000305175781
1154,,24.1390126,120.7484652,114.80000305175781
1155,,24.1390126,120.7484652,114.80000305175781
1156,-3.20_7.94_-5.84_49.91_6.60_5.93_35.69_-32.06_-0.69_0.4978_0.2464_-0.4749_-0.6826end-2.98_7.93_-6.45_49.91_6.60_5.93_35.69_-32.06_-0.69_0.4983_0.2457_-0.4731_-0.6838end-2.81_7.88_-6.57_49.91_6.60_5.93_35.69_-32.00_0.69_0.4983_0.2457_-0.4731_-0.6838end-2.69_7.93_-6.79_49.91_6.60_5.93_35.69_-32.00_0.69_0.5005_0.2447_-0.4672_-0.6865end-2.32_8.85_-7.02_49.91_6.60_5.93_35.69_-32.00_0.69_0.5016_0.2451_-0.4647_-0.6873end-2.21_12.73_-7.41_49.91_6.60_5.93_35.00_-32.00_1.62_0.5031_0.2458_-0.4620_-0.6878end-2.43_15.97_-7.35_47.56_73.19_8.39_35.00_-32.00_1.62_0.5065_0.2484_-0.4557_-0.6885end-2.43_15.97_-7.35_46.44_89.52_10.63_34.63_-33.06_1.19_0.5065_0.2484_-0.4557_-0.6885end-2.43_15.97_-7.35_46.44_89.52_10.63_35.69_-33.31_3.87_0.5102_0.2520_-0.4490_-0.6890end-1.68_17.26_-5.45_46.44_89.52_10.63_35.69_-33.31_3.87_0.5117_0.2537_-0.4459_-0.6892end,24.1390126,120.7484652,114.80000305175781
1157,,24.1390126,120.7484652,114.80000305175781
1158,,24.1390126,120.7484652,114.80000305175781
1159,,24.1390126,120.7484652,114.80000305175781
1160,,24.1390126,120.7484652,114.80000305175781
1161,,24.1390126,120.7484652,114.80000305175781
1162,,24.1390126,120.7484652,114.80000305175781
1163,-1.98_25.23_-7.89_29.99_40.29_20.03_35.69_-33.31_3.87_0.5117_0.2537_-0.4459_-0.6892end-1.98_25.23_-7.89_22.38_32.68_20.48_35.75_-32.31_3.87_0.5135_0.2563_-0.4409_-0.6901end-1.98_25.23_-7.89_22.38_32.68_20.48_35.75_-32.31_3.87_0.5140_0.2580_-0.4376_-0.6912end-1.98_25.23_-7.89_16.23_6.49_21.49_35.75_-32.31_3.87_0.5139_0.2584_-0.43,24.1390126,120.7484652,114.80000305175781
1164,65_-0.6918end-0.83_26.70_-7.50_16.23_6.49_21.49_33.88_-33.38_3.81_0.5139_0.2584_-0.4365_-0.6918end0.20_26.43_-7.95_8.50_-7.83_21.26_33.88_-33.38_3.81_0.5128_0.2585_-0.4354_-0.6934end0.20_26.43_-7.95_8.50_-7.83_21.26_33.88_-33.38_3.81_0.5120_0.2585_-0.4351_-0.6941end1.48_24.25_-7.01_5.93_-14.77_22.72_33.88_-33.38_3.81_0.5112_0.2584_-0.4349_-0.6948end1.48_24.25_-7.01_2.80_-16.67_24.28_33.88_-33.38_3.81_0.5092_0.2582_-0.4349_-0.6964end0.45_22.18_-5.51_-4.81_-1.79_23.39_33.88_-33.38_3.81_0.5092_0.2582_-0.4349_-0.6964end,24.1390126,120.7484652,114.80000305175781
1165,,24.1390126,120.7484652,114.80000305175781
1166,,24.1390126,120.7484652,114.80000305175781
1167,,24.1390126,120.7484652,114.80000305175781
1168,,24.1390126,120.7484652,114.80000305175781
1169,,24.1390126,120.7484652,114.80000305175781
1170,,24.1390126,120.7484652,114.80000305175781
1171,,24.1390126,120.7484652,114.80000305175781
1172,0.45_22.18_-5.51_-4.81_-1.79_23.39_33.88_-33.38_3.81_0.5066_0.2592_-0.4348_-0.6980end0.38_20.28_-4.61_-4.81_-1.79_23.39_33.88_-33.38_3.81_0.5059_0.2599_-0.4348_-0.6982end0.77_19.09_-5.05_-4.81_-1.79_23.39_33.88_-33.38_3.81_0.5059_0.2599_-0.4348_-0.6982end0.62_17.72_-5.66_-4.81_-1.79_23.39_33.88_-33.38_3.81_0.5040_0.2610_-0.4356_-0.6987end0.58_17.05_-6.22_-24.28_-19.36_23.05_33.88_-33.38_3.81_0.5040_0.2610_-0.4356_-0.6987end0.58_17.05_-6.22_-24.28_-19.36_23.05_33.88_-33.38_3.81_0.4999_0.2623_-0.4385_-0.6993end0.10_14.48_-5.60_-24.28_-19.36_23.05_33.88_-33.38_3.81_0.4985_0.2628_-0.4396_-0.6994end0.50_13.92_-5.12_-38.83_-15.67_19.36_33.88_-33.38_3.81_0.4985_0.2628_-0.4396_-0.6994end0.64_13.29_-5.00_-38.83_-15.67_19.36_32.75_-34.06_1.56_0.4942_0.2650_-0.4439_-0.6989end0.76_12.65_-4.80_-38.83_-15.67_19.36_32.75_-34.06_1.56_0.4926_0.2658_-0.4457_-0.6985end,24.1390126,120.7484652,114.80000305175781
1173,,24.1390126,120.7484652,114.80000305175781
1174,,24.1390126,120.7484652,114.80000305175781
1175,,24.1390126,120.7484652,114.80000305175781
1176,,24.1390126,120.7484652,114.80000305175781
1177,,24.1390126,120.7484652,114.80000305175781
1178,,24.1390126,120.7484652,114.80000305175781
1179,0.62_11.05_-5.55_-38.83_-15.67_19.36_32.75_-34.06_1.56_0.4909_0.2667_-0.4478_-0.6981end0.68_10.52_-5.76_-66.36_-15.89_18.24_32.75_-34.06_1.56_0.4909_0.2667_-0.4478_-0.6981end0.68_10.52_-5.76_-76.77_-7.50_16.34_33.13_-34.44_0.62_0.4876_0.2693_-0.4521_-0.6967end0.68_10.52_-5.76_-76.77_-7.50_16.34_33.13_-34.44_0.62_0.4846_0.2726_-0,24.1390126,120.7484652,114.80000305175781
1180,,24.1390126,120.7484652,114.80000305175781
1181,.4567_-0.6945end0.72_8.48_-4.63_-76.77_-7.50_16.34_33.13_-34.44_0.62_0.4828_0.2745_-0.4593_-0.6932end0.58_7.60_-4.44_-93.55_-10.18_15.55_33.13_-34.44_0.62_0.4828_0.2745_-0.4593_-0.6932end0.59_7.11_-4.55_-93.55_-10.18_15.55_33.50_-33.75_-0.25_0.4775_0.2805_-0.4680_-0.6887end0.75_6.38_-4.48_-93.55_-10.18_15.55_33.50_-33.75_-0.25_0,24.1390126,120.7484652,114.80000305175781
1182,,24.1390126,120.7484652,114.80000305175781
1183,.4775_0.2805_-0.4680_-0.6887end0.87_5.94_-3.99_-115.49_-6.60_12.31_33.50_-33.75_-0.25_0.4775_0.2805_-0.4680_-0.6887end0.86_5.64_-3.66_-115.49_-6.60_12.31_32.38_-33.44_-2.50_0.4696_0.2903_-0.4818_-0.6805end,24.1390126,120.7484652,114.80000305175781
1184,,24.1390126,120.7484652,114.80000305175781
1185,,24.1390126,120.7484652,114.80000305175781
1186,,24.1390126,120.7484652,114.80000305175781
1187,0.83_5.35_-3.41_-131.15_-2.46_10.18_32.38_-33.44_-2.50_0.4676_0.2930_-0.4855_-0.6780end0.97_4.33_-2.67_-131.15_-2.46_10.18_32.38_-33.44_-2.50_0.4676_0.2930_-0.4855_-0.6780end0.99_4.09_-2.39_-131.15_-2.46_10.18_32.38_-33.50_-4.69_0.4676_0.2930_-0.4855_-0.6780end1.02_3.96_-2.15_-145.59_15.44_6.49_32.38_-33.50_-4.69_0.4676_0.2930_-0.4855_-0.6780end1.02_3.96_-2.15_-145.59_15.44_6.49_32.31_-33.88_-5.69_0.4601_0.3060_-0.5009_-0.6661end0.74_3.20_-1.27_-153.42_26.19_3.80_32.31_-33.88_-5.69_0.4585_0.3098_-0.5047_-0.6627end0.74_3.20_-1.27_-153.42_26.19_3.80_32.75_-32.81_-5.19_0.4569_0.3138_-0.5087_-0.6588end0.55_2.82_-0.60_-164.39_36.37_-0.78_33.44_-32.81_-5.19_0.4539_0.3221_-0.5164_-0.6508end0.55_2.82_-0.60_-169.76_34.24_-3.47_33.44_-32.81_-5.19_0.4539_0.3221_-0.5164_-0.6508end0.55_2.82_-0.60_-172.00_30.66_-4.14_32.38_-32.81_-5.69_0.4509_0.3307_-0.5245_-0.6420end,24.1390126,120.7484652,114.80000305175781
1188,,24.1390126,120.7484652,114.80000305175781
1189,,24.1390126,120.7484652,114.80000305175781
1190,,24.1390126,120.7484652,114.80000305175781
1191,,24.1390126,120.7484652,114.80000305175781
1192,,24.1390126,120.7484652,114.80000305175781
1193,,24.1390126,120.7484652,114.80000305175781
1194,0.55_2.82_-0.60_-172.00_30.66_-4.14_32.69_-33.19_-8.38_0.4475_0.3390_-0.5331_-0.6329end0.01_2.59_0.62_-176.70_25.51_-5.71_31.62_-30.81_-8.31_0.4475_0.3390_-0.5331_-0.6329end-0.04_2.65_0.68_-176.70_25.51_-5.71_31.62_-30.81_-8.31_0.4418_0.3507_-0.5463_-0.6191end-0.27_2.75_0.89_-176.70_25.51_-5.71_31.62_-30.81_-8.31_0.4398_0.3547_-,24.1390126,120.7484652,114.80000305175781
1195,0.5510_-0.6141end-0.40_2.84_1.03_-176.70_25.51_-5.71_32.69_-31.50_-10.13_0.4398_0.3547_-0.5510_-0.6141end-0.40_2.84_1.03_-182.41_20.93_-8.50_32.31_-30.19_-11.00_0.4355_0.3622_-0.5601_-0.6045end-0.40_2.84_1.03_-183.75_15.78_-8.62_32.31_-30.19_-11.00_0.4332_0.3660_-0.5648_-0.5994end-0.40_2.84_1.03_-183.97_12.42_-8.39_32.69_-29.12_-11.88_0.4309_0.3696_-0.5695_-0.5945end-0.40_2.84_1.03_-184.53_2.01_-7.95_32.69_-29.12_-11.88_0.4257_0.3764_-0.5788_-0.5849end-0.40_2.84_1.03_-183.86_-8.73_-6.49_32.69_-30.19_-13.25_0.4257_0.3764_-0.5788_-0.5849end,24.1390126,120.7484652,114.80000305175781
1196,,24.1390126,120.7484652,114.80000305175781
1197,,24.1390126,120.7484652,114.80000305175781
1198,,24.1390126,120.7484652,114.80000305175781
1199,,24.1390126,120.7484652,114.80000305175781
1200,,24.1390126,120.7484652,114.80000305175781
1201,-0.40_2.84_1.03_-183.86_-8.73_-6.49_32.69_-29.87_-13.25_0.4166_0.3855_-0.5934_-0.5707end-1.06_3.99_1.66_-181.74_-16.23_-4.59_32.69_-29.87_-13.25_0.4132_0.3884_-0.5984_-0.5660end-1.03_3.98_1.74_-181.74_-16.23_-4.59_32.69_-29.87_-13.25_0.4132_0.3884_-0.5984_-0.5660end-1.09_3.99_1.55_-181.74_-16.23_-4.59_32.69_-29.87_-13.25_0.4062_,24.1390126,120.7484652,114.80000305175781
1202,0.3937_-0.6080_-0.5571end-1.09_3.99_1.55_-177.82_-26.41_-0.90_32.69_-29.87_-13.25_0.4025_0.3962_-0.6129_-0.5527end-1.09_3.99_1.55_-175.24_-31.00_0.00_31.56_-27.87_-17.25_0.4025_0.3962_-0.6129_-0.5527end-1.09_3.99_1.55_-172.45_-35.25_1.01_31.56_-27.87_-17.25_0.3907_0.4028_-0.6268_-0.5405end-0.95_4.31_2.50_-172.45_-35.25_1.01_32.31_-26.87_-18.62_0.3907_0.4028_-0.6268_-0.5405end-0.95_4.31_2.50_-168.53_-40.17_1.45_32.31_-26.87_-18.62_0.3824_0.4067_-0.6362_-0.5325end-0.95_4.31_2.50_-168.53_-40.17_1.45_31.94_-27.25_-19.06_0.3784_0.4086_-0.6406_-0.5286end,24.1390126,120.7484652,114.80000305175781
1203,,24.1390126,120.7484652,114.80000305175781
1204,,24.1390126,120.7484652,114.80000305175781
1205,,24.1390126,120.7484652,114.80000305175781
1206,,24.1390126,120.7484652,114.80000305175781
1207,,24.1390126,120.7484652,114.80000305175781
1208,-0.95_4.31_2.50_-168.53_-40.17_1.45_31.94_-27.25_-19.06_0.3740_0.4106_-0.6453_-0.5245end-0.09_4.13_1.84_-168.53_-40.17_1.45_31.94_-27.25_-19.06_0.3740_0.4106_-0.6453_-0.5245end-0.09_4.13_1.84_-168.53_-40.17_1.45_31.94_-24.87_-21.75_0.3571_0.4182_-0.6621_-0.5092end-0.89_3.95_2.37_-168.53_-40.17_1.45_31.94_-24.87_-21.75_0.3533_0.4,24.1390126,120.7484652,114.80000305175781
1209,203_-0.6658_-0.5052end-0.89_3.95_2.37_-152.64_-16.67_7.50_31.94_-23.87_-23.06_0.3533_0.4203_-0.6658_-0.5052end-0.86_4.00_2.99_-152.64_-16.67_7.50_31.94_-23.87_-23.06_0.3463_0.4246_-0.6728_-0.4971end-0.71_4.64_3.24_-148.50_-20.70_8.39_31.94_-23.87_-23.06_0.3428_0.4266_-0.6761_-0.4933end-0.71_4.64_3.24_-148.50_-20.70_8.39_32.31_-23.19_-22.62_0.3392_0.4286_-0.6794_-0.4895end-0.71_4.64_3.24_-141.45_-36.37_10.97_32.31_-23.19_-22.62_0.3314_0.4321_-0.6862_-0.4824end-1.02_5.22_1.61_-141.45_-36.37_10.97_32.69_-22.87_-24.00_0.3314_0.4321_-0.6862_-0.4824end,24.1390126,120.7484652,114.80000305175781
1210,,24.1390126,120.7484652,114.80000305175781
1211,,24.1390126,120.7484652,114.80000305175781
1212,,24.1390126,120.7484652,114.80000305175781
1213,,24.1390126,120.7484652,114.80000305175781
1214,,24.1390126,120.7484652,114.80000305175781
1215,,24.1390126,120.7484652,114.80000305175781
1216,-1.02_5.22_1.61_-136.86_-38.94_11.19_32.69_-22.87_-24.00_0.3194_0.4364_-0.6957_-0.4728end-0.30_5.86_2.33_-136.86_-38.94_11.19_32.69_-22.87_-24.00_0.3154_0.4377_-0.6987_-0.4699end-0.16_6.09_2.19_-136.86_-38.94_11.19_32.69_-22.87_-24.00_0.3154_0.4377_-0.6987_-0.4699end-0.18_6.16_1.54_-136.86_-38.94_11.19_32.69_-22.87_-24.00_0.3154_0.4377_-0.6987_-0.4699end-0.18_6.16_1.54_-136.86_-38.94_11.19_32.69_-22.87_-24.00_0.3013_0.4429_-0.7094_-0.4581end0.50_5.84_1.47_-136.86_-38.94_11.19_32.69_-22.87_-24.00_0.2990_0.4446_-0.7114_-0.4547end0.30_5.64_1.48_-136.86_-38.94_11.19_32.69_-22.87_-24.00_0.2990_0.4446_-0.7114_-0.4547end0.07_5.53_1.49_-103.85_41.29_5.26_32.69,24.1390126,120.7484652,114.80000305175781
1217,_-22.87_-24.00_0.2990_0.4446_-0.7114_-0.4547end0.07_5.53_1.49_-103.85_41.29_5.26_32.69_-22.87_-24.00_0.2954_0.4512_-0.7162_-0.4431end0.07_5.53_1.49_-103.85_41.29_5.26_31.94_-18.87_-28.38_0.2961_0.4567_-0.7180_-0.4340end,24.1390126,120.7484652,114.80000305175781
1218,,24.1390126,120.7484652,114.80000305175781
1219,,24.1390126,120.7484652,114.80000305175781
1220,,24.1390126,120.7484652,114.80000305175781
1221,,24.1390126,120.7484652,114.80000305175781
1222,,24.1390126,120.7484652,114.80000305175781
1223,-1.50_4.79_1.32_-103.85_41.29_5.26_31.94_-18.87_-28.38_0.2971_0.4595_-0.7186_-0.4293end-2.45_5.32_1.10_-86.06_91.54_-2.01_31.94_-18.87_-28.38_0.2982_0.4623_-0.7191_-0.4246end-2.45_5.32_1.10_-86.06_91.54_-2.01_31.94_-18.87_-28.38_0.2982_0.4623_-0.7191_-0.4246end-2.79_6.43_0.25_-78.33_69.49_-1.79_31.94_-18.87_-28.38_0.3005_0.4693_,24.1390126,120.7484652,114.80000305175781
1224,,24.1390126,120.7484652,114.80000305175781
1225,-0.7206_-0.4125end-2.58_8.95_-1.37_-78.33_69.49_-1.79_31.94_-18.87_-28.38_0.3005_0.4693_-0.7206_-0.4125end-2.41_9.96_-1.73_-66.02_12.76_-0.56_31.94_-18.87_-28.38_0.3005_0.4693_-0.7206_-0.4125end-1.99_10.79_-2.25_-61.77_-3.25_-0.22_31.94_-18.87_-28.38_0.2969_0.4737_-0.7247_-0.4029end-0.93_11.91_-3.12_-53.27_-22.16_-0.34_32.31_-16,24.1390126,120.7484652,114.80000305175781
1226,,24.1390126,120.7484652,114.80000305175781
1227,.81_-28.81_0.2952_0.4741_-0.7259_-0.4015end-0.18_12.68_-3.09_-53.27_-22.16_-0.34_32.31_-16.81_-28.81_0.2935_0.4743_-0.7271_-0.4003end0.13_12.75_-3.03_-38.83_5.60_-4.36_32.31_-16.81_-28.81_0.2935_0.4743_-0.7271_-0.4003end,24.1390126,120.7484652,114.80000305175781
1228,,24.1390126,120.7484652,114.80000305175781
1229,,24.1390126,120.7484652,114.80000305175781
1230,,24.1390126,120.7484652,114.80000305175781
1231,0.28_12.75_-2.59_-38.83_5.60_-4.36_32.31_-16.81_-28.81_0.2910_0.4754_-0.7296_-0.3963end0.08_12.71_-2.25_-38.83_5.60_-4.36_32.69_-15.75_-27.87_0.2917_0.4763_-0.7297_-0.3943end-0.70_13.19_-1.69_-38.83_5.60_-4.36_32.69_-15.75_-27.87_0.2917_0.4763_-0.7297_-0.3943end-1.58_14.27_-1.65_-17.90_70.05_-11.19_32.69_-15.75_-27.87_0.2917_0.4,24.1390126,120.7484652,114.80000305175781
1232,763_-0.7297_-0.3943end-1.58_14.27_-1.65_-1.68_40.29_-10.63_34.13_-16.06_-27.87_0.2971_0.4793_-0.7291_-0.3879end-1.58_14.27_-1.65_6.15_19.58_-11.64_34.13_-16.06_-27.87_0.3000_0.4800_-0.7286_-0.3858end-2.50_14.60_-0.98_6.15_19.58_-11.64_32.69_-16.06_-27.44_0.3007_0.4796_-0.7285_-0.3857end-2.10_14.13_-0.32_6.15_19.58_-11.64_32.69_-16.06_-27.44_0.3008_0.4788_-0.7286_-0.3864end-1.93_14.16_-0.29_6.15_19.58_-11.64_33.06_-15.75_-28.81_0.3008_0.4788_-0.7286_-0.3864end-1.88_14.05_-0.41_6.15_19.58_-11.64_33.06_-15.75_-28.81_0.2982_0.4738_-0.7296_-0.3928end,24.1390126,120.7484652,114.80000305175781
1233,,24.1390126,120.7484652,114.80000305175781
1234,,24.1390126,120.7484652,114.80000305175781
1235,,24.1390126,120.7484652,114.80000305175781
1236,,24.1390126,120.7484652,114.80000305175781
1237,,24.1390126,120.7484652,114.80000305175781
1238,,24.1390126,120.7484652,114.80000305175781
1239,-1.08_12.89_-1.10_6.15_19.58_-11.64_33.81_-15.38_-27.87_0.2969_0.4714_-0.7300_-0.3959end-0.52_12.31_-1.06_6.15_19.58_-11.64_32.69_-16.06_-28.31_0.2958_0.4690_-0.7302_-0.3993end-0.10_11.78_-0.95_73.19_-67.03_-11.97_32.69_-16.06_-28.31_0.2958_0.4690_-0.7302_-0.3993end0.06_10.70_-0.48_80.91_-57.74_-13.20_32.69_-16.06_-28.31_0.2953_0.4614_-0.7292_-0.4100end-0.11_10.16_-0.32_80.91_-57.74_-13.20_31.19_-16.12_-28.81_0.2961_0.4590_-0.7285_-0.4135end-0.38_9.23_-0.29_80.91_-57.74_-13.20_31.19_-16.12_-28.81_0.2975_0.4567_-0.7274_-0.4171end-1.02_28.47_-1.86_111.68_-11.75_-19.14_31.94_-17.81_-29.25_0.2995_0.4543_-0.7260_-0.4207end-0.68_34.44_-41.96_127.01_-6.38_-20,24.1390126,120.7484652,114.80000305175781
1240,.70_31.94_-17.81_-29.25_0.2995_0.4543_-0.7260_-0.4207end-0.68_34.44_-41.96_29.99_-52.48_-39.61_31.94_-17.81_-29.25_0.3054_0.4465_-0.7216_-0.4321end25.42_9.07_52.72_147.49_-157.45_40.73_31.94_-17.81_-29.25_0.3054_0.4465_-0.7216_-0.4321end,24.1390126,120.7484652,114.80000305175781
1241,,24.1390126,120.7484652,114.80000305175781
1242,,24.1390126,120.7484652,114.80000305175781
1243,,24.1390126,120.7484652,114.80000305175781
1244,,24.1390126,120.7484652,114.80000305175781
1245,,24.1390126,120.7484652,114.80000305175781
1246,14.78_12.15_49.81_147.49_-157.45_40.73_31.94_-17.81_-29.25_0.3064_0.4431_-0.7183_-0.4403end14.78_12.15_49.81_147.49_-157.45_40.73_31.19_-18.50_-29.25_0.2946_0.4391_-0.7217_-0.4466end2.45_6.12_-29.92_-116.38_-76.88_19.92_31.19_-18.50_-29.25_0.2894_0.4391_-0.7242_-0.4459end2.45_6.12_-29.92_-168.75_-47.00_1.79_31.19_-18.50_-29.25_0,24.1390126,120.7484652,114.80000305175781
1247,,24.1390126,120.7484652,114.80000305175781
1248,.2845_0.4401_-0.7276_-0.4427end1.67_5.00_-9.36_14.10_42.97_-17.90_31.19_-18.50_-29.25_0.2845_0.4401_-0.7276_-0.4427end1.67_5.00_-9.36_14.10_42.97_-17.90_30.06_-18.19_-30.69_0.2845_0.4401_-0.7276_-0.4427end1.67_5.00_-9.36_34.91_79.12_-24.17_31.94_-18.56_-30.62_0.2899_0.4409_-0.7272_-0.4390end-2.39_7.85_-9.27_34.91_79.12_-24.17_31.94_-18.56_-30.62_0.2979_0.4395_-0.7224_-0.4429end1.60_8.69_12.91_34.91_79.12_-24.17_31.94_-18.56_-30.62_0.2979_0.4395_-0.7224_-0.4429end0.66_11.94_16.96_74.86_-59.20_17.35_31.94_-18.56_-30.62_0.2979_0.4395_-0.7224_-0.4429end,24.1390126,120.7484652,114.80000305175781
1249,,24.1390126,120.7484652,114.80000305175781
1250,,24.1390126,120.7484652,114.80000305175781
1251,,24.1390126,120.7484652,114.80000305175781
1252,,24.1390126,120.7484652,114.80000305175781
1253,0.66_11.94_16.96_74.86_-59.20_17.35_31.19_-19.56_-27.50_0.3023_0.4364_-0.7170_-0.4517end0.66_11.94_16.96_74.86_-59.20_17.35_31.19_-19.56_-27.50_0.3000_0.4341_-0.7163_-0.4566end-3.97_9.04_9.36_74.86_-59.20_17.35_31.19_-19.56_-27.50_0.2988_0.4336_-0.7169_-0.4570end0.92_9.12_-1.75_74.86_-59.20_17.35_31.19_-19.56_-27.50_0.2988_0.433,24.1390126,120.7484652,114.80000305175781
1254,6_-0.7169_-0.4570end2.77_8.24_-3.88_-5.93_-23.50_-4.48_31.19_-19.56_-27.50_0.2988_0.4336_-0.7169_-0.4570end2.77_8.24_-3.88_32.01_-43.64_-1.45_31.19_-19.56_-27.50_0.2963_0.4318_-0.7184_-0.4580end0.68_7.66_-5.41_32.01_-43.64_-1.45_31.19_-19.56_-27.50_0.2963_0.4318_-0.7184_-0.4580end-1.46_7.30_-3.68_62.00_-23.72_0.11_31.19_-19.56_-27.50_0.2963_0.4318_-0.7184_-0.4580end-1.46_7.30_-3.68_62.00_-23.72_0.11_29.75_-19.87_-27.06_0.2971_0.4253_-0.7150_-0.4687end0.46_9.34_7.59_62.00_-23.72_0.11_29.75_-19.87_-27.06_0.2987_0.4244_-0.7135_-0.4707end,24.1390126,120.7484652,114.80000305175781
1255,,24.1390126,120.7484652,114.80000305175781
1256,,24.1390126,120.7484652,114.80000305175781
1257,,24.1390126,120.7484652,114.80000305175781
1258,,24.1390126,120.7484652,114.80000305175781
1259,,24.1390126,120.7484652,114.80000305175781
1260,,24.1390126,120.7484652,114.80000305175781
1261,-1.34_10.48_18.78_57.52_11.86_-4.03_29.75_-19.87_-27.06_0.2987_0.4244_-0.7135_-0.4707end0.04_10.05_18.37_52.82_6.49_-5.15_29.69_-21.56_-28.06_0.2987_0.4244_-0.7135_-0.4707end0.01_9.26_11.06_25.51_5.37_-6.27_29.69_-21.56_-28.06_0.3030_0.4217_-0.7100_-0.4756end-0.63_8.95_7.02_25.51_5.37_-6.27_29.69_-21.56_-28.06_0.3027_0.4209_-0.7101_-0.4765end-0.63_8.95_7.02_25.51_5.37_-6.27_30.06_-20.19_-27.50_0.3027_0.4209_-0.7101_-0.4765end-0.87_7.73_-1.50_25.51_5.37_-6.27_30.06_-20.19_-27.50_0.3019_0.4199_-0.7103_-0.4775end-0.87_7.73_-1.50_25.51_5.37_-6.27_30.06_-20.19_-27.50_0.2992_0.4166_-0.7103_-0.4821end-1.86_8.20_-1.24_25.51_5.37_-6.27_30.06_-20.19_-27.50_0.2994_0.4157_-0.7097_-0.4835end-0.05_8.32_0.23_25.51_5.37_-6.27_29.69_-20.88_-27.56_0.3005_0.4150_-0.7088_-0.4849end0.64_8.90_2.63_58.64_15.67_-8.39_29.69_-20.88_-27.56_0.3005_0.4150_-0.7088_-0.4849end,24.1390126,120.7484652,114.80000305175781
1262,,24.1390126,120.7484652,114.80000305175781
1263,,24.1390126,120.7484652,114.80000305175781
1264,,24.1390126,120.7484652,114.80000305175781
1265,,24.1390126,120.7484652,114.80000305175781
1266,,24.1390126,120.7484652,114.80000305175781
1267,,24.1390126,120.7484652,114.80000305175781
1268,-0.33_9.14_6.51_58.64_15.67_-8.39_29.69_-20.88_-27.56_0.3055_0.4129_-0.7051_-0.4888end1.12_9.27_6.50_58.64_15.67_-8.39_29.00_-20.50_-27.06_0.3068_0.4120_-0.7040_-0.4904end-0.57_9.35_7.76_58.64_15.67_-8.39_29.00_-20.50_-27.06_0.3068_0.4120_-0.7040_-0.4904end0.49_9.18_7.02_37.82_-13.76_-2.80_29.00_-20.50_-27.06_0.3068_0.4120_-0.70,24.1390126,120.7484652,114.80000305175781
1269,40_-0.4904end0.49_9.18_7.02_26.63_-23.95_-0.22_29.69_-20.88_-28.44_0.3080_0.4090_-0.7021_-0.4948end-0.88_8.62_3.14_26.63_-23.95_-0.22_29.69_-20.88_-28.44_0.3076_0.4071_-0.7017_-0.4974end-0.42_8.54_2.08_24.84_-26.75_-1.79_29.69_-20.88_-28.44_0.3076_0.4071_-0.7017_-0.4974end-1.48_8.57_0.90_24.84_-26.75_-1.79_30.06_-21.19_-26.19_0.3076_0.4071_-0.7017_-0.4974end-0.90_8.41_-0.21_31.67_-30.10_-5.04_30.06_-21.19_-26.19_0.3063_0.4023_-0.7010_-0.5029end-0.10_8.43_-0.25_31.67_-30.10_-5.04_30.06_-21.19_-26.19_0.3061_0.4007_-0.7007_-0.5048end,24.1390126,120.7484652,114.80000305175781
1270,,24.1390126,120.7484652,114.80000305175781
1271,,24.1390126,120.7484652,114.80000305175781
1272,,24.1390126,120.7484652,114.80000305175781
1273,,24.1390126,120.7484652,114.80000305175781
1274,,24.1390126,120.7484652,114.80000305175781
1275,,24.1390126,120.7484652,114.80000305175781
1276,0.88_8.79_2.62_31.67_-30.10_-5.04_30.06_-21.19_-26.19_0.3059_0.3990_-0.7003_-0.5068end0.86_8.91_3.64_31.67_-30.10_-5.04_29.00_-21.87_-27.56_0.3059_0.3990_-0.7003_-0.5068end0.86_8.91_3.64_31.67_-30.10_-5.04_29.00_-21.87_-27.56_0.3049_0.3936_-0.6990_-0.5134end0.77_9.14_5.66_31.67_-30.10_-5.04_29.00_-21.87_-27.56_0.3045_0.3920_-0.6985_-0.5154end-0.18_8.92_4.54_31.67_-30.10_-5.04_29.00_-21.87_-27.56_0.3042_0.3906_-0.6982_-0.5172end0.08_8.92_3.76_35.59_-26.86_-5.26_29.00_-21.87_-27.56_0.3042_0.3906_-0.6982_-0.5172end0.08_8.92_3.76_35.59_-26.86_-5.26_28.25_-22.94_-28.50_0.3038_0.3878_-0.6976_-0.5203end0.37_8.75_1.55_36.37_-28.09_-8.17_28.25_-22.94_-28.50_0.3038_0.3865_-0.6973_-0.5217end0.37_8.75_1.55_36.37_-28.09_-8.17_28.25_-22.94_-28.50_0.3037_0.3850_-0.6970_-0.5233end0.37_8.75_1.55_42.86_-32.79_-9.18_28.62_-22.25_-27.13_0.3037_0.3850_-0.6970_-0.5233end,24.1390126,120.7484652,114.80000305175781
1277,,24.1390126,120.7484652,114.80000305175781
1278,,24.1390126,120.7484652,114.80000305175781
1279,,24.1390126,120.7484652,114.80000305175781
1280,,24.1390126,120.7484652,114.80000305175781
1281,,24.1390126,120.7484652,114.80000305175781
1282,,24.1390126,120.7484652,114.80000305175781
1283,0.37_8.75_1.55_45.43_-31.00_-9.51_28.62_-22.25_-27.13_0.3036_0.3818_-0.6962_-0.5267end0.37_8.75_1.55_48.23_-17.57_-8.95_27.56_-22.94_-27.62_0.3046_0.3775_-0.6942_-0.5317end0.92_8.99_4.29_45.77_-3.36_-8.50_27.56_-22.94_-27.62_0.3054_0.3764_-0.6934_-0.5332end0.37_8.90_4.13_45.77_-3.36_-8.50_27.56_-22.94_-27.62_0.3063_0.3754_-0.692,24.1390126,120.7484652,114.80000305175781
1284,5_-0.5345end0.02_8.88_3.62_42.64_6.49_-9.40_27.56_-22.94_-27.62_0.3063_0.3754_-0.6925_-0.5345end0.02_8.88_3.62_42.64_6.49_-9.40_28.62_-23.25_-25.81_0.3097_0.3732_-0.6898_-0.5376end-0.36_8.80_1.99_42.64_6.49_-9.40_28.62_-23.25_-25.81_0.3110_0.3726_-0.6888_-0.5386end-0.25_8.83_1.79_42.64_6.49_-9.40_28.25_-23.25_-26.25_0.3110_0.3726_-0.6888_-0.5386end-0.09_8.81_1.79_46.89_21.49_-12.09_28.25_-23.25_-26.25_0.3110_0.3726_-0.6888_-0.5386end-0.09_8.81_1.79_46.89_21.49_-12.09_27.56_-23.62_-25.37_0.3176_0.3703_-0.6840_-0.5423end,24.1390126,120.7484652,114.80000305175781
1285,,24.1390126,120.7484652,114.80000305175781
1286,,24.1390126,120.7484652,114.80000305175781
1287,,24.1390126,120.7484652,114.80000305175781
1288,,24.1390126,120.7484652,114.80000305175781
1289,,24.1390126,120.7484652,114.80000305175781
1290,,24.1390126,120.7484652,114.80000305175781
1291,,24.1390126,120.7484652,114.80000305175781
1292,-0.48_8.97_3.29_46.89_21.49_-12.09_27.56_-23.62_-25.37_0.3195_0.3699_-0.6826_-0.5432end-0.76_8.95_3.57_50.69_37.26_-9.51_27.56_-23.62_-25.37_0.3195_0.3699_-0.6826_-0.5432end-0.76_8.95_3.57_50.69_37.26_-9.51_27.56_-23.62_-25.37_0.3260_0.3696_-0.6779_-0.5455end-1.84_8.91_3.65_50.69_37.26_-9.51_28.62_-22.87_-24.94_0.3260_0.3696_-0.6779_-0.5455end-2.58_8.90_2.80_48.12_43.64_-7.61_28.62_-22.87_-24.94_0.3307_0.3698_-0.6746_-0.5466end-2.75_8.85_2.48_48.12_43.64_-7.61_28.62_-22.87_-24.94_0.3350_0.3698_-0.6713_-0.5480end-3.20_8.86_2.13_48.12_43.64_-7.61_28.62_-22.87_-24.94_0.3371_0.3698_-0.6697_-0.5488end-3.53_8.87_2.05_48.12_43.64_-7.61_28.62_-22.87_-24.94_0.3,24.1390126,120.7484652,114.80000305175781
1293,391_0.3697_-0.6680_-0.5496end-3.58_8.91_2.14_53.83_30.10_-3.36_28.62_-22.87_-24.94_0.3391_0.3697_-0.6680_-0.5496end-3.68_8.93_2.36_53.83_30.10_-3.36_28.62_-22.87_-24.94_0.3442_0.3688_-0.6631_-0.5530end,24.1390126,120.7484652,114.80000305175781
1294,,24.1390126,120.7484652,114.80000305175781
1295,,24.1390126,120.7484652,114.80000305175781
1296,,24.1390126,120.7484652,114.80000305175781
1297,,24.1390126,120.7484652,114.80000305175781
1298,,24.1390126,120.7484652,114.80000305175781
1299,-3.80_8.96_2.55_53.83_30.10_-3.36_28.62_-22.87_-24.94_0.3456_0.3683_-0.6616_-0.5543end-3.69_8.95_2.60_53.83_30.10_-3.36_29.31_-24.63_-24.44_0.3469_0.3677_-0.6600_-0.5557end-3.62_8.92_2.42_53.83_4.14_1.68_29.31_-24.63_-24.44_0.3469_0.3677_-0.6600_-0.5557end-3.62_8.92_2.42_53.83_4.14_1.68_29.75_-24.87_-21.75_0.3499_0.3656_-0.6558_-0.5602end-3.17_8.82_1.88_53.83_4.14_1.68_29.75_-24.87_-21.75_0.3505_0.3647_-0.6545_-0.5619end-2.84_8.82_1.76_53.83_4.14_1.68_29.75_-24.87_-21.75_0.3511_0.3637_-0.6532_-0.5637end-2.33_8.78_2.00_53.83_4.14_1.68_29.75_-24.87_-21.75_0.3516_0.3627_-0.6519_-0.5655end-2.33_8.78_2.00_53.83_4.14_1.68_29.31_-25.94_-23.12_0.3522_0.3617_-0.6506_-0.5674end-2.33_8.78_2.00_58.64_-9.85_5.26_29.31_-25.94_-23.12_0.3527_0.3606_-0.6492_-0.5693end-2.33_8.78_2.00_59.09_-10.85_5.93_29.31_-25.94_-23.12_0.3535_0.3585_-0.6465_-0.5732end,24.1390126,120.7484652,114.80000305175781
1300,,24.1390126,120.7484652,114.80000305175781
1301,,24.1390126,120.7484652,114.80000305175781
1302,,24.1390126,120.7484652,114.80000305175781
1303,,24.1390126,120.7484652,114.80000305175781
1304,,24.1390126,120.7484652,114.80000305175781
1305,,24.1390126,120.7484652,114.80000305175781
1306,-1.74_8.82_2.55_59.09_-10.85_5.93_30.06_-26.62_-21.81_0.3535_0.3585_-0.6465_-0.5732end-1.74_8.82_2.55_58.53_-10.74_7.05_28.62_-26.62_-21.31_0.3544_0.3565_-0.6436_-0.5771end-1.74_8.82_2.55_58.19_-6.49_7.05_28.62_-26.62_-21.31_0.3549_0.3556_-0.6422_-0.5790end-1.74_8.82_2.55_58.08_-5.71_6.83_28.62_-26.62_-21.31_0.3554_0.3547_-0.6407_-0.5807end-1.74_8.82_2.55_58.08_-5.71_6.83_29.37_-26.25_-21.31_0.3560_0.3538_-0.6392_-0.5827end-1.29_8.70_-0.35_58.08_-5.71_6.83_29.37_-26.25_-21.31_0.3564_0.3528_-0.6378_-0.5846end-1.29_8.70_-0.35_58.08_-5.71_6.83_29.37_-26.25_-21.31_0.3574_0.3496_-0.6334_-0.5906end-1.05_8.72_-0.66_58.08_-5.71_6.83_29.37_-26.25_-21.31_0.3575_,24.1390126,120.7484652,114.80000305175781
1307,0.3484_-0.6321_-0.5927end-0.57_8.75_-1.14_58.08_-5.71_6.83_29.37_-26.25_-21.31_0.3575_0.3484_-0.6321_-0.5927end0.00_8.76_-1.90_57.41_-24.06_7.50_29.37_-26.25_-21.31_0.3575_0.3484_-0.6321_-0.5927end,24.1390126,120.7484652,114.80000305175781
1308,,24.1390126,120.7484652,114.80000305175781
1309,,24.1390126,120.7484652,114.80000305175781
1310,,24.1390126,120.7484652,114.80000305175781
1311,,24.1390126,120.7484652,114.80000305175781
1312,,24.1390126,120.7484652,114.80000305175781
1313,,24.1390126,120.7484652,114.80000305175781
1314,0.00_8.76_-1.90_57.41_-24.06_7.50_28.62_-28.00_-20.50_0.3575_0.3444_-0.6284_-0.5990end0.00_8.76_-1.90_57.41_-24.06_7.50_28.62_-28.00_-20.50_0.3574_0.3417_-0.6260_-0.6030end0.73_8.75_-2.88_53.71_-19.02_6.83_28.62_-28.00_-20.50_0.3574_0.3417_-0.6260_-0.6030end0.64_8.84_-3.04_53.71_-19.02_6.83_28.62_-28.00_-20.50_0.3575_0.3392_-0.6237_-0.6068end0.46_8.86_-3.00_52.71_-12.87_7.50_28.62_-28.00_-20.50_0.3575_0.3392_-0.6237_-0.6068end0.46_8.86_-3.00_52.71_-12.87_7.50_30.06_-27.62_-19.56_0.3582_0.3362_-0.6198_-0.6120end-0.10_8.93_-2.93_52.71_-12.87_7.50_30.06_-27.62_-19.56_0.3584_0.3353_-0.6185_-0.6136end-0.10_8.93_-2.93_49.80_-8.28_6.94_29.75_-28.25_-19.06_0.3,24.1390126,120.7484652,114.80000305175781
1315,587_0.3344_-0.6172_-0.6154end0.09_8.91_-3.01_49.24_-10.07_5.71_29.37_-28.31_-17.81_0.3587_0.3344_-0.6172_-0.6154end0.56_8.99_-2.94_49.69_-12.31_4.70_29.37_-28.31_-17.81_0.3587_0.3344_-0.6172_-0.6154end,24.1390126,120.7484652,114.80000305175781
1316,,24.1390126,120.7484652,114.80000305175781
1317,,24.1390126,120.7484652,114.80000305175781
1318,,24.1390126,120.7484652,114.80000305175781
1319,,24.1390126,120.7484652,114.80000305175781
1320,,24.1390126,120.7484652,114.80000305175781
1321,0.56_8.99_-2.94_49.69_-12.31_4.70_29.37_-28.31_-17.81_0.3594_0.3301_-0.6124_-0.6219end1.09_9.02_-2.73_49.69_-12.31_4.70_29.37_-28.31_-17.81_0.3594_0.3301_-0.6124_-0.6219end1.36_9.08_-2.75_49.69_-12.31_4.70_29.37_-28.31_-17.81_0.3596_0.3278_-0.6102_-0.6252end1.36_9.08_-2.75_47.67_-14.21_3.92_29.37_-28.31_-17.81_0.3600_0.3256_-0.6080_-0.6283end1.42_9.10_-2.95_47.67_-14.21_3.92_29.37_-28.31_-17.81_0.3600_0.3256_-0.6080_-0.6283end1.41_9.09_-3.10_47.67_-14.21_3.92_29.37_-28.31_-17.81_0.3608_0.3240_-0.6055_-0.6310end1.39_9.09_-3.21_44.43_5.15_1.23_29.37_-28.31_-17.81_0.3608_0.3240_-0.6055_-0.6310end1.32_9.10_-3.31_44.09_9.74_0.78_29.37_-28.31_-17.81_0.3631_0.3224_-0.6015_-0.6343end1.27_9.17_-3.15_44.09_9.74_0.78_29.37_-28.31_-17.81_0.3641_0.3221_-0.6001_-0.6353end1.20_9.14_-3.14_44.09_9.74_0.78_27.56_-29.31_-18.25_0.3641_0.3221_-0.6001_-0.6353end,24.1390126,120.7484652,114.80000305175781
1322,,24.1390126,120.7484652,114.80000305175781
1323,,24.1390126,120.7484652,114.80000305175781
1324,,24.1390126,120.7484652,114.80000305175781
1325,,24.1390126,120.7484652,114.80000305175781
1326,,24.1390126,120.7484652,114.80000305175781
1327,,24.1390126,120.7484652,114.80000305175781
1328,1.20_9.14_-3.14_41.96_26.30_-0.22_29.37_-29.56_-16.44_0.3664_0.3219_-0.5970_-0.6369end1.20_9.14_-3.14_40.85_29.43_-0.34_29.37_-29.56_-16.44_0.3677_0.3220_-0.5955_-0.6376end1.20_9.14_-3.14_40.73_31.45_-1.01_28.25_-30.25_-16.44_0.3677_0.3220_-0.5955_-0.6376end1.20_9.14_-3.14_40.06_33.24_-1.12_28.25_-30.25_-16.44_0.3719_0.3225_-0.5906_-0.6395end0.50_9.21_-1.89_40.06_32.56_-1.45_28.25_-30.25_-16.44_0.3719_0.3225_-0.5906_-0.6395end0.49_9.23_-1.51_40.06_32.56_-1.45_28.25_-30.25_-16.44_0.3719_0.3225_-0.5906_-0.6395end0.52_9.25_-1.09_40.06_32.56_-1.45_28.25_-30.25_-16.44_0.3775_0.3231_-0.5842_-0.6418end0.62_9.26_-0.89_40.06_32.56_-1.45_28.25_-30.25_-16.44_0.37,24.1390126,120.7484652,114.80000305175781
1329,88_0.3231_-0.5826_-0.6423end0.57_9.21_-0.88_38.72_28.65_-2.24_28.25_-30.25_-16.44_0.3788_0.3231_-0.5826_-0.6423end0.51_9.21_-0.91_38.72_28.65_-2.24_28.25_-30.25_-16.44_0.3815_0.3232_-0.5796_-0.6435end,24.1390126,120.7484652,114.80000305175781
1330,,24.1390126,120.7484652,114.80000305175781
1331,,24.1390126,120.7484652,114.80000305175781
1332,,24.1390126,120.7484652,114.80000305175781
1333,,24.1390126,120.7484652,114.80000305175781
1334,,24.1390126,120.7484652,114.80000305175781
1335,,24.1390126,120.7484652,114.80000305175781
1336,0.43_9.16_-1.21_38.61_28.76_-2.35_28.25_-30.25_-16.44_0.3840_0.3233_-0.5766_-0.6447end0.34_9.18_-1.26_38.61_28.76_-2.35_29.00_-30.25_-15.06_0.3853_0.3234_-0.5750_-0.6452end0.25_9.16_-1.34_38.61_28.76_-2.35_29.00_-30.25_-15.06_0.3853_0.3234_-0.5750_-0.6452end0.10_9.17_-1.27_39.28_25.51_-2.13_29.00_-30.25_-15.06_0.3853_0.3234_-0.5,24.1390126,120.7484652,114.80000305175781
1337,750_-0.6452end0.10_9.17_-1.27_39.28_25.51_-2.13_30.50_-30.56_-13.75_0.3890_0.3233_-0.5706_-0.6470end0.08_9.03_-0.95_39.28_25.51_-2.13_30.50_-30.56_-13.75_0.3901_0.3231_-0.5691_-0.6477end0.08_9.03_-0.95_39.39_17.90_-2.35_29.75_-30.56_-12.88_0.3901_0.3231_-0.5691_-0.6477end0.08_9.03_-0.95_39.39_17.90_-2.35_29.75_-30.56_-12.88_0.3942_0.3218_-0.5637_-0.6506end-0.01_9.16_-1.01_39.39_17.90_-2.35_29.75_-30.56_-12.88_0.3942_0.3218_-0.5637_-0.6506end0.03_9.10_-0.95_39.61_7.16_-2.01_29.75_-30.56_-12.88_0.3942_0.3218_-0.5637_-0.6506end,24.1390126,120.7484652,114.80000305175781
1338,,24.1390126,120.7484652,114.80000305175781
1339,,24.1390126,120.7484652,114.80000305175781
1340,,24.1390126,120.7484652,114.80000305175781
1341,,24.1390126,120.7484652,114.80000305175781
1342,,24.1390126,120.7484652,114.80000305175781
1343,,24.1390126,120.7484652,114.80000305175781
1344,0.03_9.10_-0.95_40.29_4.59_-2.46_29.75_-32.25_-12.44_0.3942_0.3218_-0.5637_-0.6506end0.29_9.07_-0.85_40.29_4.59_-2.46_29.75_-32.25_-12.44_0.3978_0.3187_-0.5577_-0.6551end0.29_9.07_-0.85_41.63_-0.67_-2.80_29.37_-30.56_-12.88_0.3984_0.3179_-0.5565_-0.6561end0.59_9.01_-0.60_41.63_-0.67_-2.80_29.37_-30.56_-12.88_0.3984_0.3179_-0.5565_-0.6561end0.59_9.01_-0.60_41.63_-0.67_-2.80_29.00_-31.94_-12.44_0.3984_0.3179_-0.5565_-0.6561end0.69_9.02_-0.56_41.63_-0.67_-2.80_29.00_-31.94_-12.44_0.3984_0.3179_-0.5565_-0.6561end0.69_9.02_-0.56_42.19_1.90_-3.36_29.00_-31.94_-12.44_0.4016_0.3136_-0.5508_-0.6611end0.75_8.92_-0.71_42.19_1.90_-3.36_29.00_-31.94_-12.44_0.4023_0,24.1390126,120.7484652,114.80000305175781
1345,.3128_-0.5496_-0.6620end0.76_8.91_-0.77_44.43_4.14_-3.80_29.00_-31.94_-12.44_0.4023_0.3128_-0.5496_-0.6620end0.76_8.91_-0.77_44.43_4.14_-3.80_29.00_-31.94_-12.44_0.4040_0.3112_-0.5469_-0.6639end,24.1390126,120.7484652,114.80000305175781
1346,,24.1390126,120.7484652,114.80000305175781
1347,,24.1390126,120.7484652,114.80000305175781
1348,,24.1390126,120.7484652,114.80000305175781
1349,,24.1390126,120.7484652,114.80000305175781
1350,,24.1390126,120.7484652,114.80000305175781
1351,0.84_8.80_-0.55_44.43_4.14_-3.80_29.00_-31.94_-12.44_0.4057_0.3096_-0.5442_-0.6659end0.99_8.80_-0.50_44.43_4.14_-3.80_29.00_-31.94_-12.44_0.4057_0.3096_-0.5442_-0.6659end1.12_8.79_-0.38_44.43_4.14_-3.80_30.50_-30.88_-11.50_0.4091_0.3076_-0.5396_-0.6685end1.11_8.70_-0.39_49.57_26.41_-6.94_29.06_-31.19_-9.75_0.4103_0.3071_-0.5379_-0.6693end1.07_8.66_-0.50_49.57_26.41_-6.94_29.06_-31.19_-9.75_0.4103_0.3071_-0.5379_-0.6693end0.92_8.63_-0.48_49.57_26.41_-6.94_30.12_-31.56_-10.13_0.4103_0.3071_-0.5379_-0.6693end0.92_8.63_-0.48_50.92_37.94_-7.95_30.12_-31.56_-10.13_0.4155_0.3069_-0.5319_-0.6710end0.92_8.63_-0.48_52.82_47.22_-7.50_30.12_-31.56_-10.13_0.4174_0.3070_-0.5297_-0.6716end0.92_8.63_-0.48_52.82_47.22_-7.50_30.12_-31.56_-10.13_0.4194_0.3072_-0.5274_-0.6720end0.92_8.63_-0.48_52.60_35.70_-6.27_30.12_-31.56_-10.13_0.4231_0.3074_-0.5229_-0.6730end,24.1390126,120.7484652,114.80000305175781
1352,,24.1390126,120.7484652,114.80000305175781
1353,,24.1390126,120.7484652,114.80000305175781
1354,,24.1390126,120.7484652,114.80000305175781
1355,,24.1390126,120.7484652,114.80000305175781
1356,,24.1390126,120.7484652,114.80000305175781
1357,,24.1390126,120.7484652,114.80000305175781
1358,-1.02_8.66_-0.41_51.70_23.05_-5.48_30.12_-31.56_-10.13_0.4231_0.3074_-0.5229_-0.6730end-1.08_8.50_-0.71_52.15_11.97_-5.48_30.12_-32.56_-8.38_0.4231_0.3074_-0.5229_-0.6730end-0.95_8.36_-1.34_52.48_3.58_-6.15_30.12_-32.56_-8.38_0.4277_0.3044_-0.5162_-0.6768end-0.71_8.31_-1.59_53.71_-8.39_-7.95_30.12_-32.56_-8.38_0.4284_0.3030_-0.5,24.1390126,120.7484652,114.80000305175781
1359,148_-0.6779end-0.09_8.27_-1.86_53.71_-8.39_-7.95_30.12_-32.56_-8.38_0.4284_0.3030_-0.5148_-0.6779end0.22_8.14_-1.95_53.71_-8.39_-7.95_30.12_-32.56_-8.38_0.4284_0.3030_-0.5148_-0.6779end0.38_8.34_-2.10_53.71_-8.39_-7.95_30.12_-32.56_-8.38_0.4284_0.3030_-0.5148_-0.6779end0.38_8.34_-2.10_55.17_-18.58_-5.71_30.12_-32.56_-8.38_0.4284_0.3030_-0.5148_-0.6779end0.30_8.50_-2.61_55.17_-18.58_-5.71_30.88_-32.19_-7.44_0.4315_0.2928_-0.5075_-0.6860end0.04_8.21_-2.96_55.17_-18.58_-5.71_30.88_-32.19_-7.44_0.4320_0.2911_-0.5062_-0.6873end,24.1390126,120.7484652,114.80000305175781
1360,,24.1390126,120.7484652,114.80000305175781
1361,,24.1390126,120.7484652,114.80000305175781
1362,,24.1390126,120.7484652,114.80000305175781
1363,,24.1390126,120.7484652,114.80000305175781
1364,,24.1390126,120.7484652,114.80000305175781
1365,-0.13_8.17_-3.28_55.17_-18.58_-5.71_30.88_-32.19_-7.44_0.4320_0.2911_-0.5062_-0.6873end-0.08_8.08_-3.45_54.95_-10.85_-8.17_30.88_-32.19_-7.44_0.4320_0.2911_-0.5062_-0.6873end-0.08_8.08_-3.45_54.95_-10.85_-8.17_30.88_-32.19_-7.44_0.4345_0.2846_-0.5009_-0.6923end-0.02_8.10_-3.69_54.95_-10.85_-8.17_30.88_-32.19_-7.44_0.4345_0.2846_,24.1390126,120.7484652,114.80000305175781
1366,-0.5009_-0.6923end-0.25_8.04_-3.79_56.29_-20.81_-7.39_30.88_-32.19_-7.44_0.4345_0.2846_-0.5009_-0.6923end-0.31_8.02_-3.88_55.84_-22.05_-7.50_30.88_-32.19_-7.44_0.4345_0.2846_-0.5009_-0.6923end-0.31_8.02_-3.88_55.84_-22.05_-7.50_29.75_-32.88_-6.56_0.4362_0.2771_-0.4960_-0.6978end-0.45_7.98_-4.16_55.84_-22.05_-7.50_29.75_-32.88_-6.56_0.4368_0.2731_-0.4939_-0.7005end-0.46_7.95_-4.60_55.84_-22.05_-7.50_29.75_-32.88_-6.56_0.4371_0.2708_-0.4928_-0.7019end-0.45_7.95_-4.69_54.95_-33.68_-8.95_29.75_-32.88_-6.56_0.4371_0.2708_-0.4928_-0.7019end,24.1390126,120.7484652,114.80000305175781
1367,,24.1390126,120.7484652,114.80000305175781
1368,,24.1390126,120.7484652,114.80000305175781
1369,,24.1390126,120.7484652,114.80000305175781
1370,,24.1390126,120.7484652,114.80000305175781
1371,,24.1390126,120.7484652,114.80000305175781
1372,,24.1390126,120.7484652,114.80000305175781
1373,,24.1390126,120.7484652,114.80000305175781
1374,-0.39_7.91_-4.91_54.95_-33.68_-8.95_29.75_-32.88_-6.56_0.4374_0.2637_-0.4901_-0.7063end-0.37_7.91_-4.96_54.95_-33.68_-8.95_29.75_-32.88_-6.56_0.4375_0.2612_-0.4893_-0.7078end-0.32_7.80_-5.06_54.95_-33.68_-8.95_29.75_-32.88_-6.56_0.4375_0.2612_-0.4893_-0.7078end-0.27_8.04_-5.13_54.83_-40.96_-9.85_29.75_-32.88_-6.56_0.4375_0.2612_-0.4893_-0.7078end-0.27_8.04_-5.13_54.83_-40.96_-9.85_30.19_-31.75_-3.81_0.4375_0.2535_-0.4868_-0.7123end-0.18_7.91_-5.11_54.83_-40.96_-9.85_30.19_-31.75_-3.81_0.4375_0.2535_-0.4868_-0.7123end-0.18_7.91_-5.11_53.49_-38.83_-11.30_30.12_-32.81_-5.19_0.4375_0.2535_-0.4868_-0.7123end-0.33_7.87_-5.21_53.49_-38.83_-11.30_30.12_-32.81_-5.19_0.4375_0.2535_-0.4868_-0.7123end-0.44_7.75_-5.32_53.60_-37.15_-11.30_30.12_-32.81_-5.19_0.4378_0.2410_-0.4827_-0.7191end-0.44_7.75_-5.32_53.60_-37.15_-11.30_30.12_-32.81_-5.19_0.4379_0.2386_-0.4819_-0.7205end,24.1390126,120.7484652,114.80000305175781
1375,,24.1390126,120.7484652,114.80000305175781
1376,,24.1390126,120.7484652,114.80000305175781
1377,,24.1390126,120.7484652,114.80000305175781
1378,,24.1390126,120.7484652,114.80000305175781
1379,,24.1390126,120.7484652,114.80000305175781
1380,,24.1390126,120.7484652,114.80000305175781
1381,-0.44_7.75_-5.32_53.38_-35.81_-12.31_30.12_-32.81_-5.19_0.4381_0.2361_-0.4810_-0.7217end-0.71_7.77_-5.27_53.38_-35.81_-12.31_30.12_-32.81_-5.19_0.4384_0.2313_-0.4794_-0.7242end-0.82_7.74_-5.12_53.38_-35.81_-12.31_30.12_-32.81_-5.19_0.4384_0.2313_-0.4794_-0.7242end-1.05_7.68_-5.05_53.38_-35.81_-12.31_30.19_-32.50_-4.69_0.4384_0.2234_-0.4771_-0.7281end-1.10_7.72_-5.10_53.38_-35.81_-12.31_30.12_-32.88_-5.69_0.4384_0.2205_-0.4765_-0.7296end-1.18_7.71_-5.13_51.48_-50.69_-13.09_30.12_-32.88_-5.69_0.4384_0.2205_-0.4765_-0.7296end-1.18_7.71_-5.13_51.48_-50.69_-13.09_30.12_-32.88_-5.69_0.4377_0.2118_-0.4749_-0.7335end-1.45_7.65_-5.07_51.48_-50.69_-13.09_30.12_-32.88_-5.69_0.4375_0.2087_-0.4745_-0.7348end-1.71_7.65_-5.04_51.48_-50.69_-13.09_30.12_-32.88_-5.69_0.4375_0.2087_-0.4745_-0.7348end-1.71_7.65_-5.04_50.25_-58.75_-13.65_30.88_-32.50_-6.06_0.4375_0.2087_-0.4745_-0.7348end,24.1390126,120.7484652,114.80000305175781
1382,,24.1390126,120.7484652,114.80000305175781
1383,,24.1390126,120.7484652,114.80000305175781
1384,,24.1390126,120.7484652,114.80000305175781
1385,,24.1390126,120.7484652,114.80000305175781
1386,,24.1390126,120.7484652,114.80000305175781
1387,,24.1390126,120.7484652,114.80000305175781
1388,,24.1390126,120.7484652,114.80000305175781
1389,,24.1390126,120.7484652,114.80000305175781
1390,,24.1390126,120.7484652,114.80000305175781
1391,,24.1390126,120.7484652,114.80000305175781
1392,-1.71_7.65_-5.04_50.25_-58.75_-13.65_30.88_-32.50_-6.06_0.4359_0.1959_-0.4730_-0.7402end-2.16_7.56_-4.92_50.25_-58.75_-13.65_30.88_-32.50_-6.06_0.4359_0.1959_-0.4730_-0.7402end-2.16_7.57_-4.96_50.25_-58.75_-13.65_30.88_-32.50_-6.06_0.4347_0.1891_-0.4726_-0.7429end-1.97_7.55_-5.13_49.01_-70.72_-13.99_30.88_-32.50_-6.06_0.4347_0.1,24.1390126,120.7484652,114.80000305175781
1393,891_-0.4726_-0.7429end-1.97_7.55_-5.13_49.01_-70.72_-13.99_30.88_-32.50_-6.06_0.4329_0.1785_-0.4721_-0.7469end-0.95_7.48_-5.95_49.01_-70.72_-13.99_30.88_-32.50_-6.06_0.4323_0.1751_-0.4719_-0.7482end-0.67_7.45_-6.41_48.23_-52.48_-15.33_30.88_-32.50_-6.06_0.4323_0.1751_-0.4719_-0.7482end-0.67_7.45_-6.41_48.23_-52.48_-15.33_30.88_-32.50_-6.06_0.4319_0.1667_-0.4701_-0.7514end-0.02_7.49_-8.82_48.23_-52.48_-15.33_30.88_-32.50_-6.06_0.4323_0.1648_-0.4691_-0.7523end-0.08_7.94_-9.82_42.19_-2.46_-17.90_30.88_-32.50_-6.06_0.4323_0.1648_-0.4691_-0.7523end,24.1390126,120.7484652,114.80000305175781
1394,,24.1390126,120.7484652,114.80000305175781
1395,,24.1390126,120.7484652,114.80000305175781
1396,-0.08_7.94_-9.82_42.19_-2.46_-17.90_30.88_-32.50_-6.06_0.4349_0.1615_-0.4653_-0.7538end-0.23_15.20_-12.70_42.19_-2.46_-17.90_31.62_-31.75_-3.81_0.4349_0.1615_-0.4653_-0.7538end-0.23_15.20_-12.70_36.48_21.37_-18.02_31.62_-31.75_-3.81_0.4374_0.1608_-0.4625_-0.7543end-1.27_24.39_-15.84_36.48_21.37_-18.02_31.62_-31.75_-3.81_0.4388_0.1606_-0.4610_-0.7545end-1.27_24.39_-15.84_36.48_21.37_-18.02_31.62_-31.75_-3.81_0.4401_0.1604_-0.4597_-0.7545end-1.27_24.39_-15.84_22.94_8.39_-16.79_31.62_-31.75_-3.81_0.4418_0.1595_-0.4581_-0.7546end-1.27_24.39_-15.84_10.41_2.57_-16.00_31.62_-31.75_-3.81_0.4418_0.1595_-0.4581_-0.7546end-0.38_26.14_-11.52_10.41_2.57_-16.00_31.6,24.1390126,120.7484652,114.80000305175781
1397,2_-31.75_-3.81_0.4418_0.1595_-0.4581_-0.7546end-1.61_26.73_-12.86_10.41_2.57_-16.00_31.62_-31.75_-3.81_0.4457_0.1599_-0.4558_-0.7537end-1.49_25.21_-10.27_10.41_2.57_-16.00_31.62_-32.13_-3.37_0.4471_0.1611_-0.4549_-0.7531end,24.1390126,120.7484652,114.80000305175781
1398,,24.1390126,120.7484652,114.80000305175781
1399,,24.1390126,120.7484652,114.80000305175781
1400,,24.1390126,120.7484652,114.80000305175781
1401,,24.1390126,120.7484652,114.80000305175781
1402,,24.1390126,120.7484652,114.80000305175781
1403,,24.1390126,120.7484652,114.80000305175781
1404,,24.1390126,120.7484652,114.80000305175781
1405,-2.00_25.09_-9.50_10.41_2.57_-16.00_31.62_-32.13_-3.37_0.4471_0.1611_-0.4549_-0.7531end-2.02_23.67_-8.21_10.41_2.57_-16.00_31.25_-32.13_-2.87_0.4471_0.1611_-0.4549_-0.7531end-2.02_23.67_-8.21_10.41_2.57_-16.00_32.00_-31.75_-2.50_0.4540_0.1707_-0.4507_-0.7495end-3.27_21.70_-7.10_10.41_2.57_-16.00_32.00_-31.75_-2.50_0.4554_0.1733_-0.4500_-0.7484end-4.58_21.35_-7.40_-26.41_61.88_-1.01_32.00_-32.44_-2.00_0.4554_0.1733_-0.4500_-0.7484end-4.58_20.88_-7.89_-31.89_58.64_-0.45_32.00_-32.44_-2.00_0.4554_0.1733_-0.4500_-0.7484end-4.21_19.79_-8.46_-31.89_58.64_-0.45_32.00_-32.44_-2.00_0.4591_0.1834_-0.4493_-0.7441end-3.88_19.14_-8.84_-31.89_58.64_-0.45_31.31_-31.3,24.1390126,120.7484652,114.80000305175781
1406,7_-2.00_0.4596_0.1856_-0.4498_-0.7430end-2.45_18.02_-8.70_-47.00_5.15_8.73_31.31_-31.37_-2.00_0.4596_0.1856_-0.4498_-0.7430end-2.45_18.02_-8.70_-49.80_-5.82_12.09_31.31_-31.37_-2.00_0.4594_0.1889_-0.4517_-0.7411end,24.1390126,120.7484652,114.80000305175781
1407,,24.1390126,120.7484652,114.80000305175781
1408,,24.1390126,120.7484652,114.80000305175781
1409,,24.1390126,120.7484652,114.80000305175781
1410,,24.1390126,120.7484652,114.80000305175781
1411,-2.45_18.02_-8.70_-49.80_-5.82_12.09_32.00_-31.75_-2.87_0.4575_0.1911_-0.4549_-0.7397end-3.03_14.89_-5.98_-49.80_-5.82_12.09_32.00_-31.75_-2.87_0.4563_0.1922_-0.4567_-0.7391end-3.03_14.89_-5.98_-64.79_-2.35_16.11_30.94_-31.37_-2.00_0.4563_0.1922_-0.4567_-0.7391end-2.09_12.83_-5.98_-64.79_-2.35_16.11_31.62_-31.06_-4.25_0.4563_0.1922_-0.4567_-0.7391end-1.94_12.11_-6.17_-74.53_6.15_18.91_31.62_-31.06_-4.25_0.4516_0.1993_-0.4650_-0.7350end-2.16_11.29_-6.21_-74.53_6.15_18.91_31.62_-31.06_-4.25_0.4503_0.2015_-0.4671_-0.7338end-2.42_9.89_-5.89_-74.53_6.15_18.91_31.62_-31.06_-4.25_0.4490_0.2040_-0.4694_-0.7325end-2.62_8.76_-5.06_-74.53_6.15_18.91_31.62_-31.06_,24.1390126,120.7484652,114.80000305175781
1412,-4.25_0.4476_0.2066_-0.4716_-0.7311end-2.43_8.27_-4.55_-94.34_14.55_27.53_31.62_-31.06_-4.25_0.4446_0.2122_-0.4766_-0.7281end-2.30_7.86_-4.24_-94.34_14.55_27.53_30.88_-32.13_-3.81_0.4446_0.2122_-0.4766_-0.7281end,24.1390126,120.7484652,114.80000305175781
1413,,24.1390126,120.7484652,114.80000305175781
1414,,24.1390126,120.7484652,114.80000305175781
1415,,24.1390126,120.7484652,114.80000305175781
1416,,24.1390126,120.7484652,114.80000305175781
1417,,24.1390126,120.7484652,114.80000305175781
1418,-2.30_7.86_-4.24_-108.77_1.68_32.68_30.88_-32.13_-3.81_0.4429_0.2151_-0.4794_-0.7265end-1.90_6.05_-3.62_-108.77_1.68_32.68_30.88_-32.13_-3.81_0.4429_0.2151_-0.4794_-0.7265end-1.87_5.18_-3.25_-117.39_-4.03_36.03_30.88_-32.13_-3.81_0.4339_0.2266_-0.4924_-0.7197end-1.69_4.79_-2.91_-125.78_-0.90_38.16_29.75_-31.50_-7.87_0.4339_0.226,24.1390126,120.7484652,114.80000305175781
1419,6_-0.4924_-0.7197end-1.51_4.41_-2.55_-125.78_-0.90_38.16_29.75_-31.50_-7.87_0.4315_0.2296_-0.4960_-0.7178end-1.51_4.41_-2.55_-129.70_0.22_39.50_29.75_-31.50_-7.87_0.4263_0.2360_-0.5032_-0.7137end-1.16_3.67_-1.64_-129.70_0.22_39.50_30.19_-30.81_-6.56_0.4263_0.2360_-0.5032_-0.7137end-1.18_3.50_-1.59_-142.90_3.47_42.75_30.19_-30.81_-6.56_0.4263_0.2360_-0.5032_-0.7137end-1.18_3.50_-1.59_-146.93_6.27_43.31_29.75_-31.50_-7.44_0.4180_0.2468_-0.5148_-0.7066end-1.18_3.50_-1.59_-150.74_8.95_43.53_29.37_-31.56_-9.25_0.4152_0.2508_-0.5189_-0.7039end,24.1390126,120.7484652,114.80000305175781
1420,,24.1390126,120.7484652,114.80000305175781
1421,,24.1390126,120.7484652,114.80000305175781
1422,,24.1390126,120.7484652,114.80000305175781
1423,,24.1390126,120.7484652,114.80000305175781
1424,,24.1390126,120.7484652,114.80000305175781
1425,,24.1390126,120.7484652,114.80000305175781
1426,-0.90_2.70_-0.96_-154.32_10.63_44.09_29.37_-31.56_-9.25_0.4095_0.2589_-0.5269_-0.6983end-0.90_2.70_-0.96_-154.32_10.63_44.09_29.37_-31.56_-9.25_0.4066_0.2631_-0.5309_-0.6954end-0.90_2.70_-0.96_-165.28_12.98_46.22_29.37_-31.56_-9.25_0.4005_0.2718_-0.5395_-0.6890end-0.60_2.63_-0.02_-165.28_12.98_46.22_29.37_-31.56_-9.25_0.3973_0.2762_-0.5438_-0.6857end-0.46_2.56_0.53_-174.13_14.77_46.66_29.37_-31.56_-9.25_0.3973_0.2762_-0.5438_-0.6857end-0.38_2.48_0.76_-174.13_14.77_46.66_28.62_-30.56_-12.81_0.3875_0.2897_-0.5569_-0.6751end-0.34_2.43_0.96_-174.13_14.77_46.66_28.62_-30.56_-12.81_0.3840_0.2944_-0.5615_-0.6713end-0.29_2.43_1.32_-174.13_14.77_46.66_28.62_-30,24.1390126,120.7484652,114.80000305175781
1427,.56_-12.81_0.3840_0.2944_-0.5615_-0.6713end-0.27_2.50_1.42_-174.13_14.77_46.66_28.62_-30.25_-14.19_0.3840_0.2944_-0.5615_-0.6713end-0.27_2.50_1.42_-186.88_18.91_47.34_28.62_-30.25_-14.19_0.3702_0.3129_-0.5793_-0.6554end,24.1390126,120.7484652,114.80000305175781
1428,,24.1390126,120.7484652,114.80000305175781
1429,,24.1390126,120.7484652,114.80000305175781
1430,,24.1390126,120.7484652,114.80000305175781
1431,,24.1390126,120.7484652,114.80000305175781
1432,,24.1390126,120.7484652,114.80000305175781
1433,,24.1390126,120.7484652,114.80000305175781
1434,,24.1390126,120.7484652,114.80000305175781
1435,,24.1390126,120.7484652,114.80000305175781
1436,-0.27_2.55_1.50_-186.88_18.91_47.34_27.25_-29.94_-14.69_0.3702_0.3129_-0.5793_-0.6554end-0.30_2.80_1.95_-188.00_19.14_46.89_27.25_-29.94_-14.69_0.3667_0.3176_-0.5836_-0.6512end-0.30_2.80_1.95_-189.23_17.57_46.55_27.25_-29.94_-14.69_0.3632_0.3222_-0.5880_-0.6470end-0.30_2.80_1.95_-189.46_13.09_46.22_27.25_-29.94_-14.69_0.3596_0.3,24.1390126,120.7484652,114.80000305175781
1437,270_-0.5925_-0.6425end-0.30_2.80_1.95_-189.46_13.09_46.22_27.87_-29.25_-18.25_0.3486_0.3403_-0.6054_-0.6294end-0.25_3.31_2.27_-189.46_13.09_46.22_27.87_-29.25_-18.25_0.3444_0.3447_-0.6099_-0.6249end-0.29_3.37_2.23_-188.79_3.36_47.00_27.87_-29.25_-18.25_0.3362_0.3527_-0.6186_-0.6164end-0.39_3.45_2.33_-188.79_3.36_47.00_26.50_-28.00_-19.56_0.3318_0.3566_-0.6230_-0.6120end-0.39_3.53_2.33_-188.79_3.36_47.00_26.50_-28.00_-19.56_0.3274_0.3604_-0.6274_-0.6077end-0.37_3.61_2.29_-188.79_3.36_47.00_26.12_-26.62_-20.44_0.3274_0.3604_-0.6274_-0.6077end,24.1390126,120.7484652,114.80000305175781
1438,,24.1390126,120.7484652,114.80000305175781
1439,,24.1390126,120.7484652,114.80000305175781
1440,,24.1390126,120.7484652,114.80000305175781
1441,-0.38_3.90_2.23_-182.85_-16.00_48.90_26.12_-26.62_-20.44_0.3181_0.3675_-0.6360_-0.5994end-0.38_3.90_2.23_-180.28_-19.47_49.46_25.75_-27.69_-22.25_0.3181_0.3675_-0.6360_-0.5994end-0.38_3.90_2.23_-180.28_-19.47_49.46_25.75_-27.69_-22.25_0.3039_0.3772_-0.6483_-0.5875end-0.65_4.00_2.49_-180.28_-19.47_49.46_26.44_-27.00_-23.12_0.3039,24.1390126,120.7484652,114.80000305175781
1442,_0.3772_-0.6483_-0.5875end-0.65_4.00_2.49_-170.54_-21.37_49.13_26.44_-27.00_-23.12_0.2941_0.3832_-0.6561_-0.5798end-0.40_4.29_3.97_-170.54_-21.37_49.13_26.44_-27.00_-23.12_0.2845_0.3892_-0.6636_-0.5720end0.61_5.15_4.29_-169.65_-24.84_51.03_26.44_-27.00_-23.12_0.2796_0.3920_-0.6673_-0.5682end0.59_5.18_3.67_-169.65_-24.84_51.03_26.44_-27.00_-23.12_0.2746_0.3948_-0.6710_-0.5645end0.12_5.02_2.40_-160.81_-20.25_54.16_26.44_-27.00_-23.12_0.2746_0.3948_-0.6710_-0.5645end-0.45_4.78_1.88_-160.81_-20.25_54.16_26.44_-27.00_-23.12_0.2645_0.4005_-0.6779_-0.5569end,24.1390126,120.7484652,114.80000305175781
1443,,24.1390126,120.7484652,114.80000305175781
1444,,24.1390126,120.7484652,114.80000305175781
1445,,24.1390126,120.7484652,114.80000305175781
1446,,24.1390126,120.7484652,114.80000305175781
1447,,24.1390126,120.7484652,114.80000305175781
1448,,24.1390126,120.7484652,114.80000305175781
1449,,24.1390126,120.7484652,114.80000305175781
1450,-0.45_4.78_1.88_-153.98_-10.07_52.82_26.44_-27.00_-23.12_0.2598_0.4033_-0.6810_-0.5532end-0.45_4.78_1.88_-153.98_-10.07_52.82_23.87_-25.06_-27.19_0.2555_0.4063_-0.6839_-0.5494end0.13_5.54_3.59_-151.18_-8.62_52.60_23.87_-25.06_-27.19_0.2469_0.4123_-0.6895_-0.5419end0.13_5.54_3.59_-151.18_-8.62_52.60_25.37_-24.00_-28.12_0.2469_0.4123_-0.6895_-0.5419end0.13_5.54_3.59_-144.69_-20.81_53.71_25.37_-24.00_-28.12_0.2379_0.4178_-0.6949_-0.5347end0.16_5.86_3.56_-144.69_-20.81_53.71_25.37_-24.00_-28.12_0.2379_0.4178_-0.6949_-0.5347end0.16_5.86_3.56_-144.69_-20.81_53.71_22.81_-21.31_-29.37_0.2379_0.4178_-0.6949_-0.5347end0.26_6.37_2.95_-144.69_-20.81_53.71_22.81_-2,24.1390126,120.7484652,114.80000305175781
1451,1.31_-29.37_0.2148_0.4294_-0.7072_-0.5190end0.41_6.82_2.97_-125.67_-30.77_54.61_23.12_-22.00_-30.31_0.2102_0.4315_-0.7094_-0.5162end0.47_7.00_3.00_-122.76_-33.24_54.83_22.44_-20.94_-30.75_0.2102_0.4315_-0.7094_-0.5162end,24.1390126,120.7484652,114.80000305175781
1452,,24.1390126,120.7484652,114.80000305175781
1453,,24.1390126,120.7484652,114.80000305175781
1454,,24.1390126,120.7484652,114.80000305175781
1455,,24.1390126,120.7484652,114.80000305175781
1456,,24.1390126,120.7484652,114.80000305175781
1457,0.49_7.14_3.01_-119.74_-35.81_54.83_22.44_-20.94_-30.75_0.1961_0.4373_-0.7155_-0.5084end0.74_7.19_3.00_-119.74_-35.81_54.83_22.44_-20.94_-30.75_0.1914_0.4390_-0.7173_-0.5061end0.78_7.09_3.07_-110.12_-48.12_54.72_21.69_-20.31_-32.50_0.1914_0.4390_-0.7173_-0.5061end0.78_7.09_3.07_-105.75_-52.60_54.95_21.69_-20.31_-32.50_0.1816_0.4420_-0.7209_-0.5020end0.78_7.09_3.07_-99.60_-62.11_54.72_21.69_-20.31_-32.50_0.1714_0.4445_-0.7242_-0.4985end1.32_7.39_3.14_-99.60_-62.11_54.72_21.31_-20.00_-32.06_0.1714_0.4445_-0.7242_-0.4985end1.32_7.39_3.14_-92.55_-73.63_54.16_21.31_-20.00_-32.06_0.1611_0.4463_-0.7273_-0.4958end1.57_7.45_3.06_-92.55_-73.63_54.16_21.31_-20.00_-32.06_0.1555_0.4470_-0.7288_-0.4948end1.57_7.45_3.06_-85.50_-85.50_53.49_20.56_-20.00_-33.88_0.1501_0.4474_-0.7302_-0.4940end2.05_7.77_2.72_-85.50_-85.50_53.49_20.56_-20.00_-33.88_0.1388_0.4478_-0.7328_-0.4930end,24.1390126,120.7484652,114.80000305175781
1458,,24.1390126,120.7484652,114.80000305175781
1459,,24.1390126,120.7484652,114.80000305175781
1460,,24.1390126,120.7484652,114.80000305175781
1461,,24.1390126,120.7484652,114.80000305175781
1462,,24.1390126,120.7484652,114.80000305175781
1463,,24.1390126,120.7484652,114.80000305175781
1464,2.42_8.23_2.50_-73.86_-98.70_51.48_20.56_-20.00_-33.88_0.1388_0.4478_-0.7328_-0.4930end2.42_8.23_2.50_-65.69_-99.37_49.01_20.56_-20.00_-33.88_0.1217_0.4474_-0.7363_-0.4928end2.83_9.43_2.46_-65.69_-99.37_49.01_20.56_-20.00_-33.88_0.1160_0.4472_-0.7373_-0.4929end3.36_10.50_2.61_-65.69_-99.37_49.01_20.56_-20.00_-33.88_0.1160_0.4472_-0.7373_-0.4929end3.51_10.71_2.67_-65.69_-99.37_49.01_17.00_-18.37_-35.25_0.1160_0.4472_-0.7373_-0.4929end3.65_10.96_2.67_-65.69_-99.37_49.01_17.00_-18.37_-35.25_0.0973_0.4468_-0.7401_-0.4930end3.87_11.27_2.77_-65.69_-99.37_49.01_18.12_-18.75_-36.13_0.0935_0.4469_-0.7406_-0.4930end3.98_11.38_2.86_-65.69_-99.37_49.01_17.00_-18.06_-35.63_0.0935_0.4469_-0.7406_-0.4930end3.98_11.38_2.86_-39.39_-53.83_36.82_17.00_-18.06_-35.63_0.0868_0.4472_-0.7414_-0.4928end4.19_11.56_2.86_-39.39_-53.83_36.82_17.00_-18.06_-35.63_0.0837_0.4472_-0.7417_-0.4929end,24.1390126,120.7484652,114.80000305175781
1465,,24.1390126,120.7484652,114.80000305175781
1466,,24.1390126,120.7484652,114.80000305175781
1467,,24.1390126,120.7484652,114.80000305175781
1468,,24.1390126,120.7484652,114.80000305175781
1469,,24.1390126,120.7484652,114.80000305175781
1470,,24.1390126,120.7484652,114.80000305175781
1471,,24.1390126,120.7484652,114.80000305175781
1472,4.19_11.56_2.86_-27.19_-48.57_29.54_17.00_-18.06_-35.63_0.0809_0.4473_-0.7419_-0.4930end4.19_11.56_2.86_-19.25_-42.52_23.72_17.00_-18.06_-35.63_0.0758_0.4471_-0.7422_-0.4935end4.79_11.05_3.07_-15.00_-36.26_20.81_17.00_-18.06_-35.63_0.0758_0.4471_-0.7422_-0.4935end4.82_10.60_3.04_-11.53_-27.98_17.57_14.44_-17.37_-36.56_0.0758_0.4471_-0.7422_-0.4935end4.74_10.13_3.07_-11.53_-27.98_17.57_14.44_-17.37_-36.56_0.0699_0.4471_-0.7422_-0.4942end4.74_10.13_3.07_0.45_12.09_7.95_14.44_-17.37_-36.56_0.0697_0.4475_-0.7421_-0.4941end4.37_9.49_3.09_0.45_12.09_7.95_14.44_-17.37_-36.56_0.0697_0.4475_-0.7421_-0.4941end4.37_9.49_3.09_7.95_44.99_1.34_14.44_-17.06_-37.00_0.0697_0.4475_-0.7421_-0.4941end4.37_9.49_3.09_7.95_44.99_1.34_14.44_-17.06_-37.00_0.0732_0.4500_-0.7413_-0.4925end4.37_9.49_3.09_7.95_44.99_1.34_14.44_-17.06_-37.00_0.0787_0.4526_-0.7405_-0.4905end,24.1390126,120.7484652,114.80000305175781
1473,,24.1390126,120.7484652,114.80000305175781
1474,,24.1390126,120.7484652,114.80000305175781
1475,,24.1390126,120.7484652,114.80000305175781
1476,,24.1390126,120.7484652,114.80000305175781
1477,,24.1390126,120.7484652,114.80000305175781
1478,,24.1390126,120.7484652,114.80000305175781
1479,3.21_8.17_2.80_7.95_44.99_1.34_14.81_-17.37_-36.56_0.0787_0.4526_-0.7405_-0.4905end3.01_7.95_2.75_28.76_102.84_-14.66_14.81_-17.37_-36.56_0.0787_0.4526_-0.7405_-0.4905end2.87_7.80_2.82_28.76_102.84_-14.66_14.81_-17.37_-36.56_0.0941_0.4587_-0.7381_-0.4857end2.62_7.53_2.91_28.76_102.84_-14.66_16.31_-17.69_-35.25_0.0985_0.4602_-0.7373_-0.4846end2.45_7.64_2.93_28.76_102.84_-14.66_16.31_-17.69_-35.25_0.1031_0.4617_-0.7365_-0.4836end2.34_7.86_2.88_41.63_106.20_-21.49_16.31_-17.69_-35.25_0.1031_0.4617_-0.7365_-0.4836end2.34_7.86_2.88_46.89_100.38_-24.51_16.31_-17.69_-35.25_0.1169_0.4653_-0.7338_-0.4810end2.05_8.42_2.43_46.89_100.38_-24.51_16.31_-17.69_-35.25_0.1216_0.4663_-0.7328_-0.4804end1.98_8.61_2.30_52.82_90.08_-26.07_16.31_-17.69_-35.25_0.1216_0.4663_-0.7328_-0.4804end1.98_8.61_2.30_52.82_90.08_-26.07_16.31_-17.69_-35.25_0.1304_0.4677_-0.7307_-0.4799end,24.1390126,120.7484652,114.80000305175781
1480,,24.1390126,120.7484652,114.80000305175781
1481,,24.1390126,120.7484652,114.80000305175781
1482,,24.1390126,120.7484652,114.80000305175781
1483,,24.1390126,120.7484652,114.80000305175781
1484,,24.1390126,120.7484652,114.80000305175781
1485,,24.1390126,120.7484652,114.80000305175781
1486,2.00_9.00_2.02_52.82_90.08_-26.07_18.50_-18.69_-33.38_0.1390_0.4686_-0.7286_-0.4799end2.07_9.01_1.97_52.82_90.08_-26.07_18.50_-18.69_-33.38_0.1432_0.4687_-0.7274_-0.4802end2.19_8.93_1.76_52.82_90.08_-26.07_21.69_-19.00_-33.38_0.1432_0.4687_-0.7274_-0.4802end2.23_8.86_1.79_67.59_65.24_-32.79_21.69_-19.00_-33.38_0.1432_0.4687_-0.7274_-0.4802end2.16_8.71_1.69_67.59_65.24_-32.79_21.69_-19.00_-33.38_0.1595_0.4681_-0.7228_-0.4825end2.23_8.49_1.57_67.59_65.24_-32.79_19.87_-18.62_-31.56_0.1638_0.4678_-0.7216_-0.4833end2.33_8.43_1.54_67.59_65.24_-32.79_20.94_-19.69_-31.56_0.1679_0.4674_-0.7203_-0.4842end2.37_8.32_1.50_77.89_60.54_-38.27_20.94_-19.69_-31.56_0.16,24.1390126,120.7484652,114.80000305175781
1487,79_0.4674_-0.7203_-0.4842end2.38_8.16_1.49_79.68_60.43_-39.61_20.94_-19.69_-31.56_0.1679_0.4674_-0.7203_-0.4842end2.38_8.16_1.49_83.59_61.66_-41.74_20.94_-19.69_-31.56_0.1808_0.4657_-0.7164_-0.4870end,24.1390126,120.7484652,114.80000305175781
1488,,24.1390126,120.7484652,114.80000305175781
1489,,24.1390126,120.7484652,114.80000305175781
1490,,24.1390126,120.7484652,114.80000305175781
1491,,24.1390126,120.7484652,114.80000305175781
1492,,24.1390126,120.7484652,114.80000305175781
1493,2.38_8.16_1.49_83.59_61.66_-41.74_20.94_-19.69_-31.56_0.1897_0.4644_-0.7136_-0.4890end2.38_8.16_1.49_86.84_65.58_-44.20_20.94_-19.69_-31.56_0.1945_0.4636_-0.7121_-0.4901end2.18_7.93_1.36_86.84_65.58_-44.20_22.44_-20.62_-29.37_0.1945_0.4636_-0.7121_-0.4901end2.18_7.93_1.36_91.65_74.75_-47.45_22.44_-20.62_-29.37_0.2042_0.4622_-0.7,24.1390126,120.7484652,114.80000305175781
1494,090_-0.4919end2.18_7.93_1.36_91.65_74.75_-47.45_22.75_-20.94_-30.75_0.2094_0.4615_-0.7073_-0.4929end2.18_7.93_1.36_91.65_74.75_-47.45_22.75_-20.94_-30.75_0.2198_0.4600_-0.7038_-0.4947end1.79_8.63_0.99_91.65_74.75_-47.45_22.75_-20.94_-30.75_0.2255_0.4589_-0.7018_-0.4960end24.85_23.00_-14.34_91.65_74.75_-47.45_22.75_-20.94_-30.75_0.2255_0.4589_-0.7018_-0.4960end24.85_23.00_-14.34_155.66_-65.24_16.11_25.37_-21.94_-27.62_0.2255_0.4589_-0.7018_-0.4960end-6.90_8.31_25.86_155.66_-65.24_16.11_25.37_-21.94_-27.62_0.2368_0.4543_-0.6957_-0.5035end,24.1390126,120.7484652,114.80000305175781
1495,,24.1390126,120.7484652,114.80000305175781
1496,,24.1390126,120.7484652,114.80000305175781
1497,,24.1390126,120.7484652,114.80000305175781
1498,,24.1390126,120.7484652,114.80000305175781
1499,,24.1390126,120.7484652,114.80000305175781
1500,,24.1390126,120.7484652,114.80000305175781
1501,13.96_7.70_20.08_155.66_-65.24_16.11_25.37_-21.94_-27.62_0.2311_0.4511_-0.6976_-0.5064end4.89_6.18_8.23_155.66_-65.24_16.11_25.37_-21.94_-27.62_0.2266_0.4481_-0.6989_-0.5093end-0.64_6.91_-13.59_-13.99_-98.48_-11.86_25.37_-21.94_-27.62_0.2266_0.4481_-0.6989_-0.5093end0.61_7.89_3.90_20.59_-28.65_-26.07_25.37_-21.94_-27.62_0.2224_0.4420_-0.7012_-0.5133end1.86_7.28_-3.48_20.59_-28.65_-26.07_25.37_-21.94_-27.62_0.2249_0.4413_-0.7004_-0.5139end2.29_8.54_-0.95_20.59_-28.65_-26.07_23.12_-21.94_-29.00_0.2294_0.4415_-0.6990_-0.5136end3.19_7.52_-1.53_65.58_131.15_-36.37_23.12_-21.94_-29.00_0.2294_0.4415_-0.6990_-0.5136end3.19_7.52_-1.53_65.58_131.15_-36.37_23.12_,24.1390126,120.7484652,114.80000305175781
1502,-21.94_-29.00_0.2483_0.4453_-0.6923_-0.5107end3.19_7.52_-1.53_65.58_131.15_-36.37_24.63_-22.25_-26.25_0.2543_0.4466_-0.6899_-0.5098end2.00_8.96_6.39_65.58_131.15_-36.37_26.12_-22.56_-25.31_0.2543_0.4466_-0.6899_-0.5098end,24.1390126,120.7484652,114.80000305175781
1503,,24.1390126,120.7484652,114.80000305175781
1504,,24.1390126,120.7484652,114.80000305175781
1505,,24.1390126,120.7484652,114.80000305175781
1506,,24.1390126,120.7484652,114.80000305175781
1507,,24.1390126,120.7484652,114.80000305175781
1508,2.80_8.77_9.63_52.15_79.12_-23.72_26.12_-22.56_-25.31_0.2543_0.4466_-0.6899_-0.5098end0.32_8.46_6.56_52.15_79.12_-23.72_25.75_-23.25_-25.81_0.2543_0.4466_-0.6899_-0.5098end0.32_8.46_6.56_36.93_32.79_-18.80_25.75_-23.25_-25.81_0.2718_0.4480_-0.6829_-0.5090end0.71_8.48_4.37_36.93_32.79_-18.80_26.12_-23.25_-23.56_0.2718_0.4480_-0.6829_-0.5090end0.71_8.48_4.37_36.03_40.40_-18.91_26.12_-23.25_-23.56_0.2740_0.4478_-0.6819_-0.5093end-1.12_7.99_0.23_36.03_40.40_-18.91_26.87_-23.56_-24.06_0.2740_0.4478_-0.6819_-0.5093end-1.12_7.99_0.23_39.39_45.21_-21.15_26.87_-23.56_-24.06_0.2844_0.4473_-0.6779_-0.5095end0.93_8.25_0.35_39.39_45.21_-21.15_27.25_-21.87_-24.00_0.2872_0.4470_-0.6767_-0.5097end0.51_8.31_-0.84_39.39_45.21_-21.15_27.25_-21.87_-24.00_0.2897_0.4465_-0.6755_-0.5101end0.71_8.46_0.04_52.82_28.87_-22.27_27.25_-21.87_-24.00_0.2897_0.4465_-0.6755_-0.5101end,24.1390126,120.7484652,114.80000305175781
1509,,24.1390126,120.7484652,114.80000305175781
1510,,24.1390126,120.7484652,114.80000305175781
1511,,24.1390126,120.7484652,114.80000305175781
1512,,24.1390126,120.7484652,114.80000305175781
1513,,24.1390126,120.7484652,114.80000305175781
1514,,24.1390126,120.7484652,114.80000305175781
1515,0.85_8.58_1.64_52.82_28.87_-22.27_26.87_-23.19_-22.69_0.2897_0.4465_-0.6755_-0.5101end0.85_8.58_1.64_52.82_28.87_-22.27_26.87_-23.19_-22.69_0.2991_0.4436_-0.6713_-0.5130end0.78_8.65_1.61_52.82_28.87_-22.27_27.87_-23.19_-22.62_0.3014_0.4429_-0.6702_-0.5137end0.79_8.81_3.67_52.82_28.87_-22.27_27.87_-23.19_-22.62_0.3037_0.4421_-0.6,24.1390126,120.7484652,114.80000305175781
1516,691_-0.5145end0.77_8.83_3.73_52.82_28.87_-22.27_28.25_-22.87_-22.19_0.3061_0.4415_-0.6680_-0.5150end0.78_8.83_3.80_50.13_35.14_-22.60_28.25_-22.87_-22.19_0.3110_0.4402_-0.6656_-0.5161end0.86_8.91_4.87_50.13_35.14_-22.60_27.56_-23.19_-22.62_0.3134_0.4396_-0.6646_-0.5166end0.88_8.84_4.57_45.32_30.77_-22.16_27.56_-23.19_-22.62_0.3134_0.4396_-0.6646_-0.5166end0.81_8.77_4.07_45.32_30.77_-22.16_27.56_-23.19_-22.62_0.3134_0.4396_-0.6646_-0.5166end1.07_8.74_4.02_43.76_22.60_-21.82_27.56_-23.19_-22.62_0.3134_0.4396_-0.6646_-0.5166end,24.1390126,120.7484652,114.80000305175781
1517,,24.1390126,120.7484652,114.80000305175781
1518,,24.1390126,120.7484652,114.80000305175781
1519,,24.1390126,120.7484652,114.80000305175781
1520,,24.1390126,120.7484652,114.80000305175781
1521,,24.1390126,120.7484652,114.80000305175781
1522,,24.1390126,120.7484652,114.80000305175781
1523,,24.1390126,120.7484652,114.80000305175781
1524,0.68_8.69_3.19_43.76_22.60_-21.82_28.62_-23.87_-21.31_0.3218_0.4368_-0.6608_-0.5187end0.73_8.50_1.98_43.76_22.60_-21.82_28.62_-23.87_-21.31_0.3252_0.4351_-0.6592_-0.5200end0.73_8.50_1.98_44.65_14.21_-21.93_29.00_-24.19_-19.94_0.3268_0.4341_-0.6584_-0.5208end0.61_8.58_0.86_44.65_14.21_-21.93_29.00_-24.19_-19.94_0.3287_0.4332_-0.6576_-0.5215end0.71_8.57_0.80_44.65_14.21_-21.93_29.37_-22.44_-19.44_0.3324_0.4312_-0.6558_-0.5229end0.60_8.61_0.83_50.47_20.25_-22.83_29.37_-22.44_-19.44_0.3344_0.4302_-0.6548_-0.5237end0.69_8.69_1.19_51.03_22.60_-22.38_29.37_-22.44_-19.44_0.3364_0.4293_-0.6538_-0.5245end0.43_8.75_1.84_51.03_22.60_-22.38_29.37_-22.44_-19.44_0.33,24.1390126,120.7484652,114.80000305175781
1525,85_0.4284_-0.6527_-0.5252end0.43_8.80_2.21_49.80_27.19_-21.60_29.37_-22.44_-19.44_0.3385_0.4284_-0.6527_-0.5252end0.11_8.79_2.48_49.80_27.19_-21.60_29.75_-25.19_-19.00_0.3428_0.4268_-0.6504_-0.5266end,24.1390126,120.7484652,114.80000305175781
1526,,24.1390126,120.7484652,114.80000305175781
1527,,24.1390126,120.7484652,114.80000305175781
1528,,24.1390126,120.7484652,114.80000305175781
1529,,24.1390126,120.7484652,114.80000305175781
1530,0.11_8.79_2.48_49.01_25.51_-21.82_29.75_-25.19_-19.00_0.3471_0.4253_-0.6482_-0.5277end0.10_8.81_2.83_49.01_25.51_-21.82_29.75_-25.19_-19.00_0.3492_0.4244_-0.6471_-0.5284end0.10_8.81_2.83_48.12_20.59_-22.38_29.75_-25.19_-19.00_0.3512_0.4236_-0.6461_-0.5290end0.03_8.74_2.89_48.12_20.59_-22.38_30.50_-25.19_-17.69_0.3512_0.4236_-0.6,24.1390126,120.7484652,114.80000305175781
1531,461_-0.5290end0.03_8.74_2.89_50.81_10.63_-21.49_30.50_-25.19_-17.69_0.3566_0.4204_-0.6432_-0.5314end-0.05_8.79_2.59_51.25_12.76_-21.49_31.25_-24.81_-17.19_0.3566_0.4204_-0.6432_-0.5314end-0.05_8.79_2.59_51.25_12.76_-21.49_31.25_-24.81_-17.19_0.3601_0.4182_-0.6412_-0.5331end-0.18_8.79_2.34_51.25_12.76_-21.49_31.25_-24.81_-17.19_0.3601_0.4182_-0.6412_-0.5331end-0.18_8.79_2.34_51.25_12.76_-21.49_30.12_-24.12_-16.31_0.3666_0.4156_-0.6375_-0.5353end-0.86_8.79_2.17_51.25_12.76_-21.49_30.12_-24.12_-16.31_0.3690_0.4149_-0.6361_-0.5358end,24.1390126,120.7484652,114.80000305175781
1532,,24.1390126,120.7484652,114.80000305175781
1533,,24.1390126,120.7484652,114.80000305175781
1534,,24.1390126,120.7484652,114.80000305175781
1535,,24.1390126,120.7484652,114.80000305175781
1536,,24.1390126,120.7484652,114.80000305175781
1537,-1.10_8.81_2.21_52.15_36.82_-20.25_30.12_-23.06_-15.81_0.3690_0.4149_-0.6361_-0.5358end-1.30_8.74_2.10_52.26_36.59_-20.14_30.12_-23.06_-15.81_0.3690_0.4149_-0.6361_-0.5358end-1.30_8.74_2.10_52.26_36.59_-20.14_31.25_-24.81_-17.19_0.3784_0.4125_-0.6304_-0.5378end-1.58_8.78_1.50_52.26_36.59_-20.14_31.62_-24.12_-15.44_0.3805_0.4117_,24.1390126,120.7484652,114.80000305175781
1538,-0.6290_-0.5385end-1.86_8.80_1.02_52.26_36.59_-20.14_31.62_-24.12_-15.44_0.3805_0.4117_-0.6290_-0.5385end-1.71_8.79_0.68_52.26_36.59_-20.14_31.62_-24.12_-15.44_0.3864_0.4090_-0.6252_-0.5409end-1.84_8.80_0.61_53.83_12.53_-17.01_30.50_-24.75_-14.56_0.3864_0.4090_-0.6252_-0.5409end-1.84_8.80_0.61_53.94_9.51_-16.56_30.50_-24.75_-14.56_0.3898_0.4068_-0.6228_-0.5429end-1.80_8.84_0.38_53.94_9.51_-16.56_30.50_-24.75_-14.56_0.3913_0.4056_-0.6217_-0.5439end-1.68_8.86_0.41_53.94_9.51_-16.56_31.25_-24.44_-13.62_0.3913_0.4056_-0.6217_-0.5439end,24.1390126,120.7484652,114.80000305175781
1539,,24.1390126,120.7484652,114.80000305175781
1540,,24.1390126,120.7484652,114.80000305175781
1541,,24.1390126,120.7484652,114.80000305175781
1542,,24.1390126,120.7484652,114.80000305175781
1543,,24.1390126,120.7484652,114.80000305175781
1544,,24.1390126,120.7484652,114.80000305175781
1545,,24.1390126,120.7484652,114.80000305175781
1546,-1.72_8.87_0.21_54.50_1.01_-14.88_31.25_-24.44_-13.62_0.3913_0.4056_-0.6217_-0.5439end-1.72_8.87_0.21_53.16_-2.24_-14.32_30.88_-25.12_-14.06_0.3954_0.4017_-0.6185_-0.5475end-1.72_8.87_0.21_53.16_-2.24_-14.32_30.88_-25.12_-14.06_0.3977_0.3989_-0.6165_-0.5500end-1.61_8.88_-0.16_53.16_-2.24_-14.32_30.88_-25.81_-13.19_0.3988_0.3975_-0.6156_-0.5514end-1.58_8.88_-0.55_53.16_-2.24_-14.32_30.88_-25.81_-13.19_0.3988_0.3975_-0.6156_-0.5514end-1.58_8.88_-0.55_53.16_-2.24_-14.32_30.88_-25.81_-13.69_0.4007_0.3946_-0.6138_-0.5540end-1.58_8.88_-0.55_53.16_-2.24_-14.32_30.88_-25.81_-13.69_0.4024_0.3914_-0.6122_-0.5568end-1.72_8.92_-1.22_53.16_-2.24_-14.32_30.88_-25.81,24.1390126,120.7484652,114.80000305175781
1547,_-13.69_0.4024_0.3914_-0.6122_-0.5568end-1.67_8.93_-1.27_53.16_-2.24_-14.32_32.00_-24.44_-14.06_0.4038_0.3883_-0.6107_-0.5597end-1.66_8.97_-1.29_53.16_-2.24_-14.32_32.00_-24.44_-14.06_0.4038_0.3883_-0.6107_-0.5597end,24.1390126,120.7484652,114.80000305175781
1548,,24.1390126,120.7484652,114.80000305175781
1549,,24.1390126,120.7484652,114.80000305175781
1550,,24.1390126,120.7484652,114.80000305175781
1551,,24.1390126,120.7484652,114.80000305175781
1552,,24.1390126,120.7484652,114.80000305175781
1553,-1.66_8.97_-1.29_49.57_-16.23_-11.08_33.06_-25.75_-12.75_0.4038_0.3883_-0.6107_-0.5597end-1.66_8.97_-1.29_49.13_-16.34_-11.19_33.06_-25.75_-12.75_0.4058_0.3834_-0.6085_-0.5640end-1.66_8.97_-1.29_48.34_-16.45_-10.41_30.12_-25.44_-13.69_0.4058_0.3834_-0.6085_-0.5640end-1.66_8.97_-1.29_47.67_-16.79_-9.62_30.12_-25.44_-13.69_0.4076_0.3788_-0.6063_-0.5682end-1.68_9.05_-1.57_47.67_-16.79_-9.62_30.12_-25.44_-13.69_0.4081_0.3773_-0.6055_-0.5695end-1.91_9.11_-1.61_47.67_-16.79_-9.62_30.12_-25.44_-13.69_0.4092_0.3743_-0.6041_-0.5723end-1.97_9.09_-1.55_45.32_-14.88_-8.62_31.62_-25.75_-12.25_0.4098_0.3729_-0.6034_-0.5736end-2.03_9.10_-1.49_44.65_-14.44_-8.50_31.62,24.1390126,120.7484652,114.80000305175781
1554,_-25.75_-12.25_0.4098_0.3729_-0.6034_-0.5736end-2.03_9.10_-1.49_44.65_-14.44_-8.50_30.88_-26.12_-11.38_0.4114_0.3686_-0.6012_-0.5775end-2.15_9.14_-1.31_43.98_-12.53_-7.61_30.88_-26.12_-11.38_0.4114_0.3686_-0.6012_-0.5775end,24.1390126,120.7484652,114.80000305175781
1555,,24.1390126,120.7484652,114.80000305175781
1556,,24.1390126,120.7484652,114.80000305175781
1557,,24.1390126,120.7484652,114.80000305175781
1558,,24.1390126,120.7484652,114.80000305175781
1559,,24.1390126,120.7484652,114.80000305175781
1560,,24.1390126,120.7484652,114.80000305175781
1561,,24.1390126,120.7484652,114.80000305175781
1562,-2.31_9.21_-1.18_43.98_-12.53_-7.61_30.88_-26.12_-11.38_0.4114_0.3686_-0.6012_-0.5775end-2.35_9.21_-1.20_43.20_-8.06_-6.04_31.62_-25.75_-12.25_0.4114_0.3686_-0.6012_-0.5775end-2.35_9.21_-1.20_42.97_-6.71_-5.60_31.62_-25.75_-12.25_0.4137_0.3635_-0.5980_-0.5823end-2.35_9.21_-1.20_42.75_-5.71_-5.15_31.62_-25.75_-12.25_0.4149_0.3613_-0.5962_-0.5847end-2.85_9.27_-1.24_42.75_-5.71_-5.15_31.62_-25.75_-12.25_0.4155_0.3602_-0.5953_-0.5858end-3.03_9.23_-1.36_42.75_-5.71_-5.15_31.62_-25.75_-12.25_0.4155_0.3602_-0.5953_-0.5858end-3.20_9.25_-1.47_41.29_-7.05_-3.58_31.25_-25.75_-11.38_0.4155_0.3602_-0.5953_-0.5858end-3.28_9.26_-1.50_41.18_-10.63_-2.69_32.75_-26.12_-11.88_0.4155_0.3602_-0.5953_-0.5858end-3.31_9.25_-1.49_40.51_-15.00_-1.79_32.75_-26.12_-11.88_0.4177_0.3546_-0.5911_-0.5919end-3.41_9.25_-1.49_40.51_-15.00_-1.79_32.75_-26.12_-11.88_0.4177_0.3533_-0.5905_-0.5933end,24.1390126,120.7484652,114.80000305175781
1563,,24.1390126,120.7484652,114.80000305175781
1564,,24.1390126,120.7484652,114.80000305175781
1565,,24.1390126,120.7484652,114.80000305175781
1566,,24.1390126,120.7484652,114.80000305175781
1567,,24.1390126,120.7484652,114.80000305175781
1568,-3.45_9.27_-1.38_40.51_-15.00_-1.79_31.25_-26.12_-12.31_0.4177_0.3533_-0.5905_-0.5933end-3.41_9.27_-1.35_39.95_-46.11_2.01_31.25_-26.12_-12.31_0.4177_0.3533_-0.5905_-0.5933end-3.37_9.28_-1.37_39.50_-51.81_2.69_31.62_-25.44_-12.25_0.4166_0.3481_-0.5894_-0.5983end-3.37_9.28_-1.37_39.50_-51.81_2.69_31.62_-25.44_-12.25_0.4150_0.3441_-0.5891_-0.6021end-3.03_9.25_-1.25_39.50_-51.81_2.69_31.62_-25.44_-12.25_0.4139_0.3419_-0.5891_-0.6040end-3.03_9.25_-1.25_38.50_-65.80_4.48_31.62_-25.44_-12.25_0.4139_0.3419_-0.5891_-0.6040end-2.83_9.24_-1.24_38.50_-65.80_4.48_31.62_-25.44_-12.25_0.4139_0.3419_-0.5891_-0.6040end-2.83_9.24_-1.24_37.38_-74.75_5.93_31.62_-25.44_-12.25_0.4084_0.3322_-0.5896_-0.6125end-2.57_9.23_-1.22_37.38_-74.75_5.93_31.62_-25.44_-12.25_0.4068_0.3297_-0.5898_-0.6147end-2.38_9.25_-1.16_37.38_-74.75_5.93_31.62_-25.44_-12.25_0.4051_0.3270_-0.5901_-0.6170end,24.1390126,120.7484652,114.80000305175781
1569,,24.1390126,120.7484652,114.80000305175781
1570,,24.1390126,120.7484652,114.80000305175781
1571,,24.1390126,120.7484652,114.80000305175781
1572,,24.1390126,120.7484652,114.80000305175781
1573,,24.1390126,120.7484652,114.80000305175781
1574,,24.1390126,120.7484652,114.80000305175781
1575,-2.29_9.25_-1.04_38.05_-80.91_7.05_31.62_-25.44_-12.25_0.4051_0.3270_-0.5901_-0.6170end-2.29_9.25_-1.04_37.49_-82.59_7.05_30.12_-27.50_-11.44_0.4051_0.3270_-0.5901_-0.6170end-2.29_9.25_-1.04_37.38_-84.82_7.27_29.75_-26.44_-12.31_0.3998_0.3189_-0.5911_-0.6237end-2.29_9.25_-1.04_36.59_-86.73_7.50_29.75_-26.44_-12.31_0.3979_0.3160_-0.5915_-0.6261end-2.29_9.25_-1.04_36.71_-87.96_7.72_29.75_-26.44_-12.31_0.3940_0.3104_-0.5923_-0.6306end-1.80_9.21_-1.19_36.71_-87.96_7.72_29.75_-26.44_-12.31_0.3918_0.3074_-0.5927_-0.6329end-1.80_9.21_-1.19_36.15_-89.86_7.39_29.75_-26.81_-13.69_0.3878_0.3016_-0.5936_-0.6375end-1.80_9.21_-1.19_36.48_-89.64_7.16_30.12_-27.19_-14.13_0.3857_0.2986_-0.5939_-0.6398end-1.14_9.17_-1.33_36.48_-89.64_7.16_30.12_-27.19_-14.13_0.3836_0.2957_-0.5944_-0.6420end-1.14_9.17_-1.33_37.04_-89.08_6.71_27.94_-28.12_-12.81_0.3836_0.2957_-0.5944_-0.6420end,24.1390126,120.7484652,114.80000305175781
1576,,24.1390126,120.7484652,114.80000305175781
1577,,24.1390126,120.7484652,114.80000305175781
1578,,24.1390126,120.7484652,114.80000305175781
1579,,24.1390126,120.7484652,114.80000305175781
1580,,24.1390126,120.7484652,114.80000305175781
1581,,24.1390126,120.7484652,114.80000305175781
1582,-0.71_9.17_-0.99_37.04_-89.08_6.71_29.00_-27.87_-14.63_0.3836_0.2957_-0.5944_-0.6420end-0.35_9.16_-1.06_37.04_-89.08_6.71_29.00_-27.87_-14.63_0.3755_0.2838_-0.5956_-0.6509end-0.27_9.16_-1.01_37.26_-81.80_5.15_29.00_-27.87_-14.63_0.3755_0.2838_-0.5956_-0.6509end-0.17_9.16_-1.01_37.26_-81.80_5.15_29.00_-27.87_-14.63_0.3702_0.2755_,24.1390126,120.7484652,114.80000305175781
1583,-0.5961_-0.6570end-0.07_9.14_-0.99_37.26_-81.80_5.15_29.00_-27.81_-14.63_0.3702_0.2755_-0.5961_-0.6570end0.01_9.10_-1.04_37.26_-81.80_5.15_29.00_-27.81_-14.63_0.3675_0.2708_-0.5959_-0.6606end-0.08_9.04_-1.01_36.82_-52.15_3.47_29.00_-27.81_-14.63_0.3675_0.2708_-0.5959_-0.6606end-0.19_9.07_-0.95_37.26_-45.99_3.13_29.00_-27.81_-14.63_0.3675_0.2708_-0.5959_-0.6606end-0.19_9.07_-0.95_37.26_-45.99_3.13_28.31_-26.50_-14.56_0.3640_0.2632_-0.5944_-0.6670end-0.41_9.00_-0.68_37.26_-45.99_3.13_28.31_-26.50_-14.56_0.3640_0.2632_-0.5944_-0.6670end,24.1390126,120.7484652,114.80000305175781
1584,,24.1390126,120.7484652,114.80000305175781
1585,,24.1390126,120.7484652,114.80000305175781
1586,,24.1390126,120.7484652,114.80000305175781
1587,,24.1390126,120.7484652,114.80000305175781
1588,,24.1390126,120.7484652,114.80000305175781
1589,,24.1390126,120.7484652,114.80000305175781
1590,,24.1390126,120.7484652,114.80000305175781
1591,-0.73_8.96_-0.29_37.49_-22.38_1.34_28.31_-26.50_-14.56_0.3640_0.2632_-0.5944_-0.6670end-0.73_8.96_-0.29_37.49_-22.38_1.34_26.87_-27.87_-14.63_0.3632_0.2582_-0.5914_-0.6721end-1.22_9.02_-0.15_37.49_-22.38_1.34_26.87_-27.87_-14.63_0.3632_0.2573_-0.5905_-0.6732end-2.23_9.08_-0.72_37.49_-22.38_1.34_27.25_-27.56_-13.25_0.3632_0.2573_-0.5905_-0.6732end-2.23_9.08_-0.72_34.13_-6.71_3.69_27.25_-27.56_-13.25_0.3634_0.2558_-0.5886_-0.6754end-2.23_9.08_-0.72_33.01_-11.41_4.03_28.31_-27.87_-14.63_0.3634_0.2558_-0.5886_-0.6754end-2.23_9.08_-0.72_33.46_-37.04_3.58_28.31_-27.87_-14.63_0.3627_0.2529_-0.5864_-0.6787end-1.89_8.91_-2.64_33.46_-37.04_3.58_28.31_-28.50_-14.13_0.3627_0.2529_-0.5864_-0.6787end-1.89_8.91_-2.64_37.38_-69.05_1.79_28.31_-28.50_-14.13_0.3606_0.2487_-0.5859_-0.6818end0.32_8.88_-1.95_37.38_-69.05_1.79_28.31_-28.50_-14.13_0.3606_0.2487_-0.5859_-0.6818end,24.1390126,120.7484652,114.80000305175781
1592,,24.1390126,120.7484652,114.80000305175781
1593,,24.1390126,120.7484652,114.80000305175781
1594,,24.1390126,120.7484652,114.80000305175781
1595,,24.1390126,120.7484652,114.80000305175781
1596,,24.1390126,120.7484652,114.80000305175781
1597,0.32_8.88_-1.95_37.38_-69.05_1.79_27.25_-28.19_-15.06_0.3559_0.2397_-0.5860_-0.6874end2.33_8.95_-0.33_37.38_-69.05_1.79_27.25_-28.19_-15.06_0.3544_0.2369_-0.5859_-0.6891end2.68_8.90_-0.07_37.38_-69.05_1.79_27.25_-28.19_-15.06_0.3544_0.2369_-0.5859_-0.6891end2.42_8.87_-0.20_37.38_-46.33_-0.78_27.25_-28.19_-15.06_0.3544_0.2369_-0.5859_-0.6891end2.42_8.87_-0.20_37.71_-16.56_-2.24_27.25_-28.19_-15.06_0.3514_0.2288_-0.5842_-0.6949end0.89_8.77_-1.21_37.71_-16.56_-2.24_27.25_-28.19_-15.06_0.3516_0.2277_-0.5832_-0.6960end-0.50_8.72_-1.61_37.71_-16.56_-2.24_27.25_-28.19_-15.06_0.3516_0.2277_-0.5832_-0.6960end-0.99_8.69_-1.46_37.71_-16.56_-2.24_26.12_-29.56_-13.,24.1390126,120.7484652,114.80000305175781
1598,31_0.3527_0.2263_-0.5807_-0.6979end-0.99_8.69_-1.46_45.55_1.12_-5.60_26.12_-29.56_-13.31_0.3527_0.2263_-0.5807_-0.6979end-0.99_8.69_-1.46_45.99_-3.92_-5.37_28.25_-28.87_-15.06_0.3541_0.2249_-0.5780_-0.7000end,24.1390126,120.7484652,114.80000305175781
1599,,24.1390126,120.7484652,114.80000305175781
1600,,24.1390126,120.7484652,114.80000305175781
1601,,24.1390126,120.7484652,114.80000305175781
1602,,24.1390126,120.7484652,114.80000305175781
1603,,24.1390126,120.7484652,114.80000305175781
1604,,24.1390126,120.7484652,114.80000305175781
1605,-1.82_8.80_-1.04_45.99_-3.92_-5.37_28.25_-28.87_-15.06_0.3552_0.2228_-0.5754_-0.7023end-2.35_8.69_-1.72_45.99_-3.92_-5.37_28.25_-28.87_-15.06_0.3554_0.2215_-0.5743_-0.7034end-2.36_8.65_-2.05_44.20_-22.38_-5.71_28.25_-28.87_-15.06_0.3554_0.2215_-0.5743_-0.7034end-2.36_8.65_-2.05_44.20_-22.38_-5.71_26.87_-29.19_-14.19_0.3552_0.2164_-0.5716_-0.7073end-1.89_8.62_-3.13_44.20_-22.38_-5.71_26.87_-29.19_-14.19_0.3547_0.2142_-0.5709_-0.7088end-1.36_8.62_-3.71_44.20_-22.38_-5.71_26.87_-29.19_-14.19_0.3547_0.2142_-0.5709_-0.7088end-1.00_8.56_-3.74_44.20_-22.38_-5.71_26.87_-29.19_-14.19_0.3534_0.2093_-0.5697_-0.7119end-1.00_8.56_-3.74_47.34_-52.04_-6.60_26.87_-29.19_-14.19_0.3527_0.2067_-0.5692_-0.7134end0.11_8.52_-3.56_47.34_-52.04_-6.60_26.87_-29.19_-14.19_0.3527_0.2067_-0.5692_-0.7134end0.12_8.57_-3.58_47.34_-52.04_-6.60_26.87_-29.19_-14.19_0.3508_0.1993_-0.5672_-0.7180end,24.1390126,120.7484652,114.80000305175781
1606,,24.1390126,120.7484652,114.80000305175781
1607,,24.1390126,120.7484652,114.80000305175781
1608,,24.1390126,120.7484652,114.80000305175781
1609,,24.1390126,120.7484652,114.80000305175781
1610,,24.1390126,120.7484652,114.80000305175781
1611,,24.1390126,120.7484652,114.80000305175781
1612,,24.1390126,120.7484652,114.80000305175781
1613,0.12_8.55_-3.60_45.55_-36.37_-7.61_26.87_-29.19_-14.19_0.3508_0.1993_-0.5672_-0.7180end0.00_8.55_-3.54_45.66_-31.67_-7.61_26.87_-29.19_-14.19_0.3508_0.1993_-0.5672_-0.7180end0.00_8.55_-3.54_45.66_-31.67_-7.61_26.87_-29.56_-13.31_0.3502_0.1917_-0.5637_-0.7231end-0.50_8.51_-3.48_45.66_-31.67_-7.61_26.87_-29.56_-13.31_0.3503_0.1900_-0.5626_-0.7243end-0.71_8.50_-3.32_45.66_-31.67_-7.61_26.87_-29.56_-13.31_0.3503_0.1900_-0.5626_-0.7243end-0.84_8.48_-3.20_47.22_-13.88_-10.18_26.87_-29.56_-13.31_0.3503_0.1900_-0.5626_-0.7243end-1.04_8.50_-2.77_47.22_-13.88_-10.18_26.87_-29.56_-13.31_0.3513_0.1856_-0.5591_-0.7277end-1.04_8.50_-2.77_48.46_-6.04_-11.08_26.87_-29.56_-13.31_0.3513_0.1856_-0.5591_-0.7277end-1.04_8.50_-2.77_48.46_-4.14_-11.19_26.87_-29.56_-13.31_0.3524_0.1830_-0.5565_-0.7299end-1.04_8.50_-2.77_48.46_-4.14_-11.19_26.87_-29.56_-13.31_0.3536_0.1807_-0.5536_-0.7320end,24.1390126,120.7484652,114.80000305175781
1614,,24.1390126,120.7484652,114.80000305175781
1615,,24.1390126,120.7484652,114.80000305175781
1616,,24.1390126,120.7484652,114.80000305175781
1617,,24.1390126,120.7484652,114.80000305175781
1618,,24.1390126,120.7484652,114.80000305175781
1619,,24.1390126,120.7484652,114.80000305175781
1620,,24.1390126,120.7484652,114.80000305175781
1621,-1.04_8.50_-2.77_49.35_-6.71_-10.52_26.87_-29.56_-13.31_0.3548_0.1783_-0.5508_-0.7341end-2.14_8.36_-2.24_49.35_-6.71_-10.52_26.87_-29.56_-13.31_0.3548_0.1783_-0.5508_-0.7341end-2.14_8.36_-2.24_49.35_-6.71_-10.52_27.62_-30.56_-11.00_0.3561_0.1740_-0.5468_-0.7375end-1.87_8.32_-2.67_49.35_-6.71_-10.52_27.62_-30.56_-11.00_0.3563_0.1,24.1390126,120.7484652,114.80000305175781
1622,722_-0.5456_-0.7388end-1.09_8.23_-3.03_49.35_-6.71_-10.52_27.62_-30.56_-11.00_0.3565_0.1704_-0.5444_-0.7399end-0.90_8.11_-3.23_51.81_-24.95_-11.75_27.62_-30.56_-11.00_0.3569_0.1666_-0.5419_-0.7424end-0.55_8.21_-3.39_51.81_-23.28_-11.86_27.62_-30.56_-11.00_0.3571_0.1647_-0.5407_-0.7437end-0.21_8.19_-3.85_51.81_-23.28_-11.86_26.87_-30.88_-11.50_0.3573_0.1628_-0.5394_-0.7449end-0.09_8.12_-4.07_52.26_-15.89_-12.20_26.87_-30.88_-11.50_0.3573_0.1628_-0.5394_-0.7449end0.22_8.11_-4.52_52.26_-15.89_-12.20_26.87_-30.88_-11.50_0.3573_0.1628_-0.5394_-0.7449end,24.1390126,120.7484652,114.80000305175781
1623,,24.1390126,120.7484652,114.80000305175781
1624,,24.1390126,120.7484652,114.80000305175781
1625,,24.1390126,120.7484652,114.80000305175781
1626,,24.1390126,120.7484652,114.80000305175781
1627,,24.1390126,120.7484652,114.80000305175781
1628,,24.1390126,120.7484652,114.80000305175781
1629,,24.1390126,120.7484652,114.80000305175781
1630,,24.1390126,120.7484652,114.80000305175781
1631,,24.1390126,120.7484652,114.80000305175781
1632,,24.1390126,120.7484652,114.80000305175781
1633,0.22_8.11_-4.52_53.16_7.72_-14.44_26.87_-30.88_-11.50_0.3587_0.1583_-0.5351_-0.7483end0.22_8.11_-4.52_53.83_17.46_-15.33_27.62_-30.88_-10.63_0.3596_0.1572_-0.5334_-0.7493end0.22_8.11_-4.52_53.83_17.46_-15.33_27.62_-30.88_-10.63_0.3622_0.1559_-0.5295_-0.7511end0.76_8.00_-5.14_53.83_17.46_-15.33_27.94_-31.25_-10.63_0.3638_0.1557_-,24.1390126,120.7484652,114.80000305175781
1634,0.5273_-0.7519end0.57_7.96_-5.44_52.82_50.92_-16.11_27.94_-30.88_-10.63_0.3638_0.1557_-0.5273_-0.7519end0.57_7.96_-5.44_51.36_73.19_-15.89_27.94_-30.88_-10.63_0.3704_0.1575_-0.5197_-0.7537end0.16_7.96_-5.72_51.36_73.19_-15.89_28.31_-30.88_-10.63_0.3730_0.1588_-0.5168_-0.7540end-0.43_7.97_-6.06_49.57_90.08_-16.67_28.31_-30.88_-10.63_0.3730_0.1588_-0.5168_-0.7540end-0.93_7.90_-6.36_49.57_90.08_-16.67_28.31_-30.88_-10.63_0.3730_0.1588_-0.5168_-0.7540end-1.22_7.78_-6.44_48.79_95.90_-17.46_28.31_-30.88_-10.63_0.3730_0.1588_-0.5168_-0.7540end,24.1390126,120.7484652,114.80000305175781
1635,-1.22_7.78_-6.44_48.79_95.90_-17.46_28.31_-30.88_-10.63_0.3876_0.1678_-0.5017_-0.7549end-1.92_7.79_-6.24_48.79_95.90_-17.46_28.31_-30.44_-6.06_0.3876_0.1678_-0.5017_-0.7549end-2.20_7.88_-6.21_48.12_76.43_-15.00_28.31_-30.44_-6.06_0.3876_0.1678_-0.5017_-0.7549end-2.20_7.88_-6.21_47.67_65.58_-13.99_28.31_-30.44_-6.06_0.3955_0.1723,24.1390126,120.7484652,114.80000305175781
1636,,24.1390126,120.7484652,114.80000305175781
1637,,24.1390126,120.7484652,114.80000305175781
1638,,24.1390126,120.7484652,114.80000305175781
1639,,24.1390126,120.7484652,114.80000305175781
1640,,24.1390126,120.7484652,114.80000305175781
1641,,24.1390126,120.7484652,114.80000305175781
1642,,24.1390126,120.7484652,114.80000305175781
1643,_-0.4932_-0.7554end-2.50_8.11_-5.87_47.67_65.58_-13.99_28.69_-31.12_-5.19_0.3955_0.1723_-0.4932_-0.7554end-2.50_8.11_-5.87_44.99_37.94_-13.09_28.69_-31.12_-5.19_0.4012_0.1740_-0.4861_-0.7566end-2.48_7.97_-5.83_44.09_32.34_-12.98_28.69_-31.12_-5.19_0.4012_0.1740_-0.4861_-0.7566end-2.28_7.93_-6.28_44.09_32.34_-12.98_29.06_-30.75_-4.25_0.4012_0.1740_-0.4861_-0.7566end-2.30_7.94_-6.46_41.85_24.17_-11.75_29.44_-30.06_-4.25_0.4012_0.1740_-0.4861_-0.7566end-2.30_7.94_-6.46_41.85_24.17_-11.75_29.81_-30.75_-4.25_0.4066_0.1738_-0.4788_-0.7585end-1.87_9.59_-7.35_41.85_24.17_-11.75_29.81_-30.75_-4.25_0.4089_0.1732_-0.4753_-0.7595end-1.36_13.15_-7.96_41.85_24.17_-11.75_29.06_-30.75_-4.25_0.4089_0.1732_-0.4753_-0.7595end-0.30_17.78_-7.79_41.85_22.38_-11.97_29.06_-30.75_-4.25_0.4089_0.1732_-0.4753_-0.7595end0.20_20.29_-8.84_41.85_22.38_-11.97_29.81_-30.75_-2.00_0.4089_0.173,24.1390126,120.7484652,114.80000305175781
1644,2_-0.4753_-0.7595end0.20_20.29_-8.84_41.85_22.38_-11.97_30.19_-30.37_-2.00_0.4149_0.1724_-0.4670_-0.7616end0.18_23.18_-9.38_29.88_28.31_-12.42_30.19_-30.37_-2.00_0.4149_0.1724_-0.4670_-0.7616end1.32_25.07_-8.84_29.88_28.31_-12.42_30.19_-30.37_-2.00_0.4149_0.1724_-0.4670_-0.7616end1.32_25.07_-8.84_29.88_28.31_-12.42_29.81_-30.37_-2.87_0.4173_0.1726_-0.4642_-0.7620end1.77_27.92_-7.09_29.88_28.31_-12.42_29.81_-30.37_-2.87_0.4198_0.1724_-0.4621_-0.7619end2.58_27.37_-7.95_29.88_28.31_-12.42_29.81_-30.37_-2.87_0.4207_0.1725_-0.4616_-0.7617end,24.1390126,120.7484652,114.80000305175781
1645,,24.1390126,120.7484652,114.80000305175781
1646,,24.1390126,120.7484652,114.80000305175781
1647,,24.1390126,120.7484652,114.80000305175781
1648,,24.1390126,120.7484652,114.80000305175781
1649,2.47_27.27_-8.05_1.23_34.24_-15.89_29.81_-30.37_-2.87_0.4207_0.1725_-0.4616_-0.7617end2.47_27.27_-8.05_-4.25_54.95_-17.35_29.81_-30.37_-2.87_0.4207_0.1725_-0.4616_-0.7617end2.15_26.40_-6.36_-4.25_54.95_-17.35_29.81_-30.75_-2.00_0.4263_0.1771_-0.4591_-0.7590end1.74_25.40_-5.72_-4.25_54.95_-17.35_29.81_-30.75_-2.00_0.4283_0.1791_-,24.1390126,120.7484652,114.80000305175781
1650,0.4583_-0.7579end1.37_24.25_-5.81_-4.25_54.95_-17.35_29.81_-30.75_-2.00_0.4283_0.1791_-0.4583_-0.7579end1.37_24.25_-5.81_-18.69_78.89_-21.60_29.81_-30.75_-2.00_0.4283_0.1791_-0.4583_-0.7579end1.15_23.05_-5.87_-18.69_78.89_-21.60_29.81_-30.75_-2.00_0.4366_0.1890_-0.4556_-0.7524end0.82_21.80_-6.05_-18.69_78.89_-21.60_29.81_-30.75_-2.00_0.4386_0.1915_-0.4551_-0.7509end0.31_20.48_-5.87_-18.69_78.89_-21.60_29.81_-30.75_-2.00_0.4386_0.1915_-0.4551_-0.7509end0.31_20.48_-5.87_-18.69_78.89_-21.60_29.81_-30.75_-2.00_0.4444_0.1996_-0.4543_-0.7458end,24.1390126,120.7484652,114.80000305175781
1651,,24.1390126,120.7484652,114.80000305175781
1652,,24.1390126,120.7484652,114.80000305175781
1653,,24.1390126,120.7484652,114.80000305175781
1654,,24.1390126,120.7484652,114.80000305175781
1655,,24.1390126,120.7484652,114.80000305175781
1656,,24.1390126,120.7484652,114.80000305175781
1657,0.05_18.60_-5.00_-18.69_78.89_-21.60_30.94_-29.63_-0.56_0.4444_0.1996_-0.4543_-0.7458end0.05_18.60_-5.00_-45.10_71.96_-19.47_30.94_-29.63_-0.56_0.4479_0.2053_-0.4544_-0.7421end0.10_16.18_-4.86_-45.10_71.96_-19.47_30.94_-29.63_-0.56_0.4479_0.2053_-0.4544_-0.7421end-0.21_14.42_-4.86_-52.37_71.73_-16.90_30.94_-29.63_-0.56_0.4479_0.2053_-0.4544_-0.7421end-0.21_14.42_-4.86_-55.95_75.42_-16.23_30.94_-29.63_-0.56_0.4525_0.2141_-0.4555_-0.7361end-0.21_14.42_-4.86_-59.65_81.02_-15.55_30.94_-29.69_-1.06_0.4525_0.2141_-0.4555_-0.7361end-0.21_14.42_-4.86_-59.65_81.02_-15.55_30.94_-29.69_-1.06_0.4556_0.2210_-0.4564_-0.7316end-0.67_10.22_-4.12_-59.65_81.02_-15.55_30.94_-29.69_-1.06_0.4556_0.2210_-0.4564_-0.7316end-0.67_10.22_-4.12_-59.65_81.02_-15.55_31.69_-28.94_0.31_0.4619_0.2375_-0.4585_-0.7211end-1.25_9.05_-4.13_-59.65_81.02_-15.55_31.69_-28.94_0.31_0.4633_0.2421_-0.4592_-0.7183end,24.1390126,120.7484652,114.80000305175781
1658,,24.1390126,120.7484652,114.80000305175781
1659,,24.1390126,120.7484652,114.80000305175781
1660,,24.1390126,120.7484652,114.80000305175781
1661,,24.1390126,120.7484652,114.80000305175781
1662,,24.1390126,120.7484652,114.80000305175781
1663,,24.1390126,120.7484652,114.80000305175781
1664,-1.51_8.41_-3.86_-89.52_95.12_-8.17_31.69_-29.63_0.31_0.4633_0.2421_-0.4592_-0.7183end-1.57_7.99_-3.73_-93.78_88.63_-6.83_32.81_-28.56_0.37_0.4633_0.2421_-0.4592_-0.7183end-1.58_7.55_-3.69_-97.92_78.67_-4.92_32.81_-28.56_0.37_0.4669_0.2599_-0.4642_-0.7064end-1.56_7.08_-3.60_-97.92_78.67_-4.92_32.81_-28.56_0.37_0.4670_0.2639_-0.4661_-0.7036end-1.00_5.79_-3.14_-97.92_78.67_-4.92_32.81_-28.56_0.37_0.4670_0.2639_-0.4661_-0.7036end-0.77_5.37_-2.92_-97.92_78.67_-4.92_31.31_-29.31_-1.06_0.4670_0.2639_-0.4661_-0.7036end-0.61_5.02_-2.71_-97.92_78.67_-4.92_31.31_-29.31_-1.06_0.4653_0.2745_-0.4739_-0.6954end-0.27_4.00_-2.11_-97.92_78.67_-4.92_30.94_-28.62_-0.56_0,24.1390126,120.7484652,114.80000305175781
1665,.4653_0.2745_-0.4739_-0.6954end-0.27_4.00_-2.11_-97.92_78.67_-4.92_31.69_-28.62_-1.06_0.4620_0.2852_-0.4833_-0.6868end-0.27_4.00_-2.11_-135.97_38.72_8.95_31.69_-28.62_-1.06_0.4609_0.2891_-0.4864_-0.6837end,24.1390126,120.7484652,114.80000305175781
1666,,24.1390126,120.7484652,114.80000305175781
1667,,24.1390126,120.7484652,114.80000305175781
1668,,24.1390126,120.7484652,114.80000305175781
1669,,24.1390126,120.7484652,114.80000305175781
1670,,24.1390126,120.7484652,114.80000305175781
1671,-0.27_4.00_-2.11_-139.99_43.53_9.85_31.69_-28.62_-1.06_0.4609_0.2891_-0.4864_-0.6837end-0.27_4.00_-2.11_-146.71_47.00_11.08_31.69_-28.62_-1.06_0.4573_0.3021_-0.4959_-0.6735end0.04_2.35_-0.72_-146.71_47.00_11.08_31.69_-28.62_-1.06_0.4561_0.3066_-0.4991_-0.6699end0.04_2.35_-0.72_-153.53_44.20_12.53_31.69_-28.62_-1.06_0.4547_0.3112,24.1390126,120.7484652,114.80000305175781
1672,_-0.5025_-0.6663end0.17_2.16_-0.39_-153.53_44.20_12.53_31.69_-28.62_-1.06_0.4514_0.3204_-0.5096_-0.6587end0.30_1.99_-0.17_-153.53_44.20_12.53_31.69_-28.62_-1.06_0.4514_0.3204_-0.5096_-0.6587end0.10_2.07_0.13_-165.06_32.01_15.67_31.69_-28.62_-1.06_0.4514_0.3204_-0.5096_-0.6587end0.09_2.16_0.23_-167.19_27.53_16.00_32.38_-28.00_-5.06_0.4514_0.3204_-0.5096_-0.6587end0.09_2.16_0.23_-167.19_27.53_16.00_32.38_-28.00_-5.06_0.4404_0.3426_-0.5291_-0.6393end0.22_2.22_0.68_-167.19_27.53_16.00_31.31_-28.38_-5.12_0.4404_0.3426_-0.5291_-0.6393end,24.1390126,120.7484652,114.80000305175781
1673,,24.1390126,120.7484652,114.80000305175781
1674,,24.1390126,120.7484652,114.80000305175781
1675,,24.1390126,120.7484652,114.80000305175781
1676,,24.1390126,120.7484652,114.80000305175781
1677,,24.1390126,120.7484652,114.80000305175781
1678,,24.1390126,120.7484652,114.80000305175781
1679,0.22_2.22_0.68_-173.23_11.64_17.90_31.31_-28.38_-5.12_0.4377_0.3467_-0.5333_-0.6354end0.39_2.16_1.16_-173.23_11.64_17.90_31.31_-28.38_-5.12_0.4348_0.3506_-0.5376_-0.6317end0.39_2.16_1.16_-176.03_1.01_19.36_31.31_-28.38_-5.12_0.4283_0.3583_-0.5467_-0.6240end0.39_2.16_1.16_-177.82_-4.59_20.70_31.31_-28.38_-5.12_0.4249_0.3620_-0.5511_-0.6202end0.39_2.16_1.16_-178.15_-5.82_20.93_31.62_-27.75_-8.25_0.4178_0.3693_-0.5604_-0.6124end0.69_2.30_2.17_-178.83_-6.94_21.93_31.62_-27.75_-8.25_0.4178_0.3693_-0.5604_-0.6124end0.70_2.36_2.21_-178.60_-7.27_21.82_31.62_-27.75_-8.25_0.4069_0.3799_-0.5737_-0.6008end0.64_2.39_2.27_-178.60_-7.27_21.82_31.62_-28.06_-10.06_0.40,24.1390126,120.7484652,114.80000305175781
1680,31_0.3835_-0.5781_-0.5968end0.51_2.41_2.31_-175.36_-8.73_22.38_31.62_-28.06_-10.06_0.4031_0.3835_-0.5781_-0.5968end0.22_2.55_2.21_-175.36_-8.73_22.38_31.62_-28.06_-10.06_0.4031_0.3835_-0.5781_-0.5968end,24.1390126,120.7484652,114.80000305175781
1681,,24.1390126,120.7484652,114.80000305175781
1682,,24.1390126,120.7484652,114.80000305175781
1683,,24.1390126,120.7484652,114.80000305175781
1684,,24.1390126,120.7484652,114.80000305175781
1685,,24.1390126,120.7484652,114.80000305175781
1686,,24.1390126,120.7484652,114.80000305175781
1687,0.22_2.55_2.21_-175.36_-8.73_22.38_31.62_-27.50_-13.19_0.3918_0.3937_-0.5909_-0.5850end0.22_2.55_2.21_-175.36_-8.73_22.38_31.62_-27.50_-13.19_0.3880_0.3970_-0.5951_-0.5811end0.22_2.55_2.21_-168.64_-12.09_22.83_31.25_-28.12_-12.81_0.3880_0.3970_-0.5951_-0.5811end0.22_2.55_2.21_-160.81_-16.56_22.49_31.25_-28.12_-12.81_0.3765_0.4062_-0.6071_-0.5699end0.22_2.55_2.21_-160.81_-19.58_22.05_31.25_-28.12_-12.81_0.3765_0.4062_-0.6071_-0.5699end0.22_2.55_2.21_-160.14_-26.41_22.38_31.25_-28.12_-12.81_0.3687_0.4116_-0.6147_-0.5628end0.25_3.92_4.31_-160.14_-26.41_22.38_31.25_-28.12_-12.81_0.3596_0.4161_-0.6229_-0.5563end0.24_4.13_2.86_-154.65_-65.13_28.31_31.25_-28.12_-12.81_0.3596_0.4161_-0.6229_-0.5563end-0.55_4.13_0.78_-154.65_-65.13_28.31_30.12_-26.19_-17.25_0.3493_0.4197_-0.6314_-0.5506end-0.55_4.13_0.78_-146.93_-59.42_27.75_30.12_-26.19_-17.25_0.3391_0.4229_-0.6393_-0.5454end,24.1390126,120.7484652,114.80000305175781
1688,,24.1390126,120.7484652,114.80000305175781
1689,,24.1390126,120.7484652,114.80000305175781
1690,,24.1390126,120.7484652,114.80000305175781
1691,,24.1390126,120.7484652,114.80000305175781
1692,,24.1390126,120.7484652,114.80000305175781
1693,,24.1390126,120.7484652,114.80000305175781
1694,-0.02_4.75_0.93_-146.93_-59.42_27.75_30.12_-26.19_-17.25_0.3342_0.4244_-0.6431_-0.5428end-0.02_4.75_0.93_-146.93_-59.42_27.75_29.00_-25.88_-18.62_0.3293_0.4260_-0.6467_-0.5402end-0.02_4.75_0.93_-136.30_-49.80_26.75_29.00_-25.88_-18.62_0.3248_0.4276_-0.6501_-0.5375end0.58_6.74_1.51_-136.30_-49.80_26.75_29.00_-25.88_-18.62_0.3203_0.4291_-0.6534_-0.5350end0.58_6.74_1.51_-131.15_-42.41_26.19_29.00_-25.88_-18.62_0.3158_0.4307_-0.6567_-0.5323end0.58_6.74_1.51_-129.59_-34.24_24.84_28.25_-26.25_-20.94_0.3158_0.4307_-0.6567_-0.5323end0.34_9.31_-1.43_-129.59_-34.24_24.84_28.25_-26.25_-20.94_0.3041_0.4358_-0.6655_-0.5241end0.34_9.31_-1.43_-129.59_-34.24_24.84_28.,24.1390126,120.7484652,114.80000305175781
1695,25_-26.25_-20.94_0.2971_0.4390_-0.6707_-0.5188end0.15_10.15_-1.01_-129.59_-34.24_24.84_29.75_-24.87_-21.75_0.2936_0.4404_-0.6732_-0.5163end0.12_10.50_-0.93_-129.59_-34.24_24.84_29.75_-24.87_-21.75_0.2900_0.4417_-0.6758_-0.5139end,24.1390126,120.7484652,114.80000305175781
1696,,24.1390126,120.7484652,114.80000305175781
1697,,24.1390126,120.7484652,114.80000305175781
1698,,24.1390126,120.7484652,114.80000305175781
1699,,24.1390126,120.7484652,114.80000305175781
1700,,24.1390126,120.7484652,114.80000305175781
1701,,24.1390126,120.7484652,114.80000305175781
1702,0.53_11.29_-0.93_-129.59_-34.24_24.84_29.00_-24.56_-23.06_0.2900_0.4417_-0.6758_-0.5139end0.53_11.29_-0.93_-96.46_-49.91_15.44_27.87_-23.87_-22.69_0.2828_0.4437_-0.6807_-0.5097end0.35_12.00_-1.04_-96.46_-49.91_15.44_27.87_-23.87_-22.69_0.2755_0.4449_-0.6856_-0.5061end0.35_12.00_-1.04_-89.08_-50.02_13.09_27.19_-23.94_-24.44_0.2719_0.4453_-0.6879_-0.5045end0.08_12.43_-1.48_-89.08_-50.02_13.09_27.19_-23.94_-24.44_0.2719_0.4453_-0.6879_-0.5045end0.06_12.66_-1.27_-89.08_-50.02_13.09_27.87_-23.25_-23.94_0.2627_0.4466_-0.6942_-0.4997end0.20_12.79_-1.31_-71.28_-29.43_5.60_27.87_-23.25_-23.94_0.2602_0.4470_-0.6959_-0.4982end0.41_12.89_-0.78_-71.28_-29.43_5.60_26.44_-23.94_-26.25_0.2602_0.4470_-0.6959_-0.4982end0.41_12.89_-0.78_-66.70_-27.42_3.92_26.44_-23.94_-26.25_0.2557_0.4476_-0.6993_-0.4952end0.64_13.29_-0.66_-66.70_-27.42_3.92_26.44_-23.94_-26.25_0.2539_0.4480_-0.7007_-0.4937end,24.1390126,120.7484652,114.80000305175781
1703,,24.1390126,120.7484652,114.80000305175781
1704,,24.1390126,120.7484652,114.80000305175781
1705,,24.1390126,120.7484652,114.80000305175781
1706,,24.1390126,120.7484652,114.80000305175781
1707,,24.1390126,120.7484652,114.80000305175781
1708,,24.1390126,120.7484652,114.80000305175781
1709,,24.1390126,120.7484652,114.80000305175781
1710,0.64_13.29_-0.66_-54.16_-14.77_-1.79_28.25_-22.56_-25.81_0.2523_0.4482_-0.7022_-0.4923end0.64_13.29_-0.66_-54.16_-14.77_-1.79_28.25_-22.56_-25.81_0.2523_0.4482_-0.7022_-0.4923end0.64_13.29_-0.66_-45.66_-7.72_-6.04_26.50_-22.25_-24.94_0.2490_0.4489_-0.7058_-0.4883end0.64_13.29_-0.66_-37.38_-2.57_-9.18_27.19_-22.56_-25.31_0.2477_0.4490_-0.7078_-0.4858end0.28_11.58_-0.18_-37.38_-2.57_-9.18_27.56_-22.25_-27.13_0.2473_0.4491_-0.7087_-0.4847end0.10_10.37_-0.36_-37.38_-2.57_-9.18_27.56_-22.25_-27.13_0.2473_0.4491_-0.7087_-0.4847end0.04_9.98_-0.52_-37.38_-2.57_-9.18_27.56_-22.25_-27.13_0.2469_0.4489_-0.7103_-0.4828end0.04_9.98_-0.52_-37.38_-2.57_-9.18_27.19_-22.25_-25.81_0.2468_0.4487_-0.7109_-0.4819end0.04_9.98_-0.52_-12.09_11.08_-18.58_27.19_-22.25_-25.81_0.2474_0.4484_-0.7121_-0.4803end-0.37_8.54_-0.17_-12.09_11.08_-18.58_27.19_-21.19_-27.06_0.2480_0.4483_-0.7125_-0.4795end,24.1390126,120.7484652,114.80000305175781
1711,,24.1390126,120.7484652,114.80000305175781
1712,,24.1390126,120.7484652,114.80000305175781
1713,,24.1390126,120.7484652,114.80000305175781
1714,,24.1390126,120.7484652,114.80000305175781
1715,,24.1390126,120.7484652,114.80000305175781
1716,,24.1390126,120.7484652,114.80000305175781
1717,,24.1390126,120.7484652,114.80000305175781
1718,,24.1390126,120.7484652,114.80000305175781
1719,-0.39_8.23_-0.12_-2.69_29.43_-21.26_27.19_-21.19_-27.06_0.2480_0.4483_-0.7125_-0.4795end-0.39_8.23_-0.12_-2.69_29.43_-21.26_27.19_-21.19_-27.06_0.2515_0.4483_-0.7131_-0.4768end-0.54_8.14_0.06_-2.69_29.43_-21.26_27.19_-20.88_-26.19_0.2532_0.4484_-0.7130_-0.4758end-0.95_8.69_0.18_-2.69_29.43_-21.26_27.19_-20.88_-26.19_0.2551_0.4486_-0.7129_-0.4749end-1.07_8.91_0.19_10.41_48.90_-24.06_27.87_-21.19_-26.69_0.2551_0.4486_-0.7129_-0.4749end-1.07_8.91_0.19_12.98_51.70_-24.40_29.00_-20.81_-25.75_0.2551_0.4486_-0.7129_-0.4749end-1.07_8.91_0.19_18.91_55.17_-25.18_29.00_-20.81_-25.75_0.2645_0.4495_-0.7112_-0.4713end-1.35_9.79_-0.00_18.91_55.17_-25.18_29.00_-20.81_-25.75_0.2672_0.4496_-0.7107_-0.4705end-1.56_10.16_0.00_18.91_55.17_-25.18_29.00_-20.81_-25.75_0.2672_0.4496_-0.7107_-0.4705end-1.72_10.20_0.00_18.91_55.17_-25.18_29.00_-20.12_-25.25_0.2753_0.4501_-0.7084_-0.4687end,24.1390126,120.7484652,114.80000305175781
1720,,24.1390126,120.7484652,114.80000305175781
1721,,24.1390126,120.7484652,114.80000305175781
1722,,24.1390126,120.7484652,114.80000305175781
1723,,24.1390126,120.7484652,114.80000305175781
1724,-1.84_10.14_0.07_18.91_55.17_-25.18_29.75_-21.50_-24.87_0.2779_0.4502_-0.7076_-0.4684end-1.82_9.85_0.11_18.91_55.17_-25.18_29.75_-21.50_-24.87_0.2779_0.4502_-0.7076_-0.4684end-1.73_9.43_0.43_18.91_55.17_-25.18_29.75_-21.50_-24.87_0.2828_0.4498_-0.7060_-0.4683end-1.60_9.23_0.51_41.85_13.65_-19.14_29.75_-21.50_-24.87_0.2828_0.4498_-0.7060_-0.4683end-1.60_9.23_0.51_41.85_13.65_-19.14_29.75_-21.50_-24.87_0.2881_0.4477_-0.7039_-0.4703end-1.22_9.10_1.08_41.85_13.65_-19.14_29.75_-21.50_-24.87_0.2893_0.4466_-0.7033_-0.4714end-1.10_9.14_1.10_50.92_-22.94_-16.67_29.75_-21.50_-24.87_0.2893_0.4466_-0.7033_-0.4714end-1.10_9.14_1.10_50.92_-22.94_-16.67_29.75_-21.50_,24.1390126,120.7484652,114.80000305175781
1725,-24.87_0.2916_0.4421_-0.7018_-0.4764end-0.93_9.25_1.06_50.92_-22.94_-16.67_29.75_-22.19_-22.62_0.2920_0.4404_-0.7014_-0.4785end-0.73_9.43_0.92_50.92_-22.94_-16.67_29.75_-22.19_-22.62_0.2923_0.4384_-0.7009_-0.4807end,24.1390126,120.7484652,114.80000305175781
1726,,24.1390126,120.7484652,114.80000305175781
1727,,24.1390126,120.7484652,114.80000305175781
1728,,24.1390126,120.7484652,114.80000305175781
1729,,24.1390126,120.7484652,114.80000305175781
1730,,24.1390126,120.7484652,114.80000305175781
1731,-0.12_47.98_-33.43_50.92_-22.94_-16.67_29.75_-22.19_-22.62_0.2923_0.4384_-0.7009_-0.4807end0.22_-9.16_42.70_87.73_-55.95_-16.23_30.88_-21.44_-22.13_0.2923_0.4384_-0.7009_-0.4807end0.22_-9.16_42.70_33.01_-86.17_-1.01_30.88_-21.44_-22.13_0.2922_0.4293_-0.6990_-0.4916end-1.74_11.70_31.94_33.01_-86.17_-1.01_30.12_-22.87_-23.06_0.289,24.1390126,120.7484652,114.80000305175781
1732,2_0.4268_-0.6998_-0.4944end7.32_10.44_7.78_16.56_-152.53_4.70_30.12_-22.87_-23.06_0.2892_0.4268_-0.6998_-0.4944end-1.16_10.33_13.18_16.56_-152.53_4.70_30.12_-22.87_-23.06_0.2792_0.4189_-0.7034_-0.5018end2.78_6.61_-1.16_18.80_-12.76_-20.59_30.12_-22.87_-23.06_0.2786_0.4175_-0.7039_-0.5026end1.55_8.50_5.62_18.80_-12.76_-20.59_28.62_-22.25_-25.81_0.2794_0.4165_-0.7037_-0.5032end1.27_8.73_2.55_18.80_-12.76_-20.59_28.62_-22.25_-25.81_0.2809_0.4156_-0.7032_-0.5038end2.13_8.86_2.50_43.53_26.19_-18.58_28.62_-22.25_-25.81_0.2809_0.4156_-0.7032_-0.5038end,24.1390126,120.7484652,114.80000305175781
1733,,24.1390126,120.7484652,114.80000305175781
1734,,24.1390126,120.7484652,114.80000305175781
1735,,24.1390126,120.7484652,114.80000305175781
1736,,24.1390126,120.7484652,114.80000305175781
1737,,24.1390126,120.7484652,114.80000305175781
1738,2.13_8.86_2.50_43.53_26.19_-18.58_28.62_-22.25_-25.81_0.2866_0.4143_-0.7003_-0.5058end0.26_9.02_6.47_43.53_26.19_-18.58_28.62_-22.56_-25.31_0.2880_0.4139_-0.6992_-0.5068end0.70_9.21_7.41_43.53_26.19_-18.58_28.62_-22.56_-25.31_0.2880_0.4139_-0.6992_-0.5068end-1.70_9.12_6.55_38.16_9.40_-9.40_28.62_-22.56_-25.31_0.2880_0.4139_-0.69,24.1390126,120.7484652,114.80000305175781
1739,92_-0.5068end-1.70_9.12_6.55_33.12_16.90_-16.34_29.00_-23.19_-23.56_0.2915_0.4122_-0.6967_-0.5097end-1.70_9.12_6.55_33.91_15.44_-17.68_29.00_-23.19_-23.56_0.2944_0.4111_-0.6953_-0.5107end-0.23_8.92_3.66_33.91_15.44_-17.68_30.12_-22.87_-22.62_0.2958_0.4105_-0.6946_-0.5114end0.60_8.58_1.59_33.91_15.44_-17.68_29.37_-22.13_-22.13_0.2971_0.4097_-0.6940_-0.5120end0.49_8.65_1.42_38.72_-3.69_-13.54_29.37_-22.13_-22.13_0.2990_0.4078_-0.6929_-0.5141end-0.05_8.75_1.79_38.72_-3.69_-13.54_29.37_-22.13_-22.13_0.2994_0.4066_-0.6923_-0.5155end,24.1390126,120.7484652,114.80000305175781
1740,,24.1390126,120.7484652,114.80000305175781
1741,,24.1390126,120.7484652,114.80000305175781
1742,,24.1390126,120.7484652,114.80000305175781
1743,,24.1390126,120.7484652,114.80000305175781
1744,,24.1390126,120.7484652,114.80000305175781
1745,,24.1390126,120.7484652,114.80000305175781
1746,-1.25_8.93_2.78_38.72_-3.69_-13.54_29.37_-22.13_-22.13_0.2994_0.4066_-0.6923_-0.5155end-1.55_9.05_3.39_38.72_-3.69_-13.54_29.75_-22.19_-24.00_0.2994_0.4066_-0.6923_-0.5155end-1.33_9.06_3.76_38.72_-3.69_-13.54_29.75_-22.19_-24.00_0.3017_0.4019_-0.6898_-0.5212end-1.33_9.06_3.76_38.72_-3.69_-13.54_29.75_-23.56_-24.00_0.3024_0.4008_-0.6893_-0.5223end0.06_9.00_3.68_38.72_-3.69_-13.54_29.75_-23.56_-24.00_0.3024_0.4008_-0.6893_-0.5223end0.41_8.98_3.47_37.82_-20.48_-13.43_29.75_-23.56_-24.00_0.3024_0.4008_-0.6893_-0.5223end0.41_8.98_3.47_37.82_-20.48_-13.43_29.00_-22.50_-23.06_0.3038_0.3954_-0.6877_-0.5277end0.48_8.87_2.96_37.82_-20.48_-13.43_29.00_-22.50_-23.06_0.3036_0.3938_-0.6874_-0.5294end-0.31_8.97_3.01_37.82_-20.48_-13.43_29.00_-22.50_-23.06_0.3036_0.3938_-0.6874_-0.5294end-0.53_8.96_3.01_37.82_-20.48_-13.43_29.00_-22.50_-23.06_0.3037_0.3895_-0.6861_-0.5342end,24.1390126,120.7484652,114.80000305175781
1747,,24.1390126,120.7484652,114.80000305175781
1748,,24.1390126,120.7484652,114.80000305175781
1749,,24.1390126,120.7484652,114.80000305175781
1750,,24.1390126,120.7484652,114.80000305175781
1751,,24.1390126,120.7484652,114.80000305175781
1752,,24.1390126,120.7484652,114.80000305175781
1753,-0.57_8.98_3.10_40.29_-8.95_-12.09_29.00_-23.56_-23.56_0.3037_0.3895_-0.6861_-0.5342end-0.57_8.98_3.10_40.29_-8.95_-12.09_29.00_-23.56_-23.56_0.3051_0.3873_-0.6848_-0.5366end-0.20_9.02_3.19_40.29_-8.95_-12.09_28.62_-23.56_-22.62_0.3051_0.3873_-0.6848_-0.5366end-0.20_9.02_3.19_40.06_4.36_-14.77_28.62_-23.56_-22.62_0.3073_0.3855_-0.6833_-0.5386end-0.20_9.02_3.19_40.29_2.69_-13.76_28.62_-23.56_-22.62_0.3073_0.3855_-0.6833_-0.5386end-0.20_9.02_3.19_40.62_-0.11_-12.87_28.62_-23.56_-22.62_0.3094_0.3837_-0.6818_-0.5405end-0.16_8.92_2.96_40.62_-0.11_-12.87_28.62_-23.56_-22.62_0.3114_0.3819_-0.6802_-0.5427end-0.65_8.93_2.71_40.62_-0.11_-12.87_28.62_-23.56_-22.6,24.1390126,120.7484652,114.80000305175781
1754,2_0.3114_0.3819_-0.6802_-0.5427end-0.71_8.98_2.84_40.62_-0.11_-12.87_29.75_-23.87_-21.75_0.3151_0.3799_-0.6773_-0.5456end-1.26_9.01_2.89_40.62_-0.11_-12.87_29.75_-23.87_-21.75_0.3165_0.3793_-0.6763_-0.5465end,24.1390126,120.7484652,114.80000305175781
1755,,24.1390126,120.7484652,114.80000305175781
1756,,24.1390126,120.7484652,114.80000305175781
1757,,24.1390126,120.7484652,114.80000305175781
1758,,24.1390126,120.7484652,114.80000305175781
1759,,24.1390126,120.7484652,114.80000305175781
1760,,24.1390126,120.7484652,114.80000305175781
1761,-1.26_9.01_3.07_43.98_14.10_-10.63_29.75_-23.87_-21.75_0.3165_0.3793_-0.6763_-0.5465end-1.26_9.01_3.07_43.98_14.10_-10.63_29.37_-24.94_-22.19_0.3193_0.3782_-0.6741_-0.5483end-1.42_9.05_3.26_43.98_14.10_-10.63_29.37_-24.94_-22.19_0.3219_0.3769_-0.6720_-0.5503end-1.53_9.02_3.25_44.54_3.92_-9.62_29.37_-24.94_-22.19_0.3219_0.3769_-0.6720_-0.5503end-1.45_9.04_3.12_44.76_-0.67_-8.62_29.37_-24.94_-22.19_0.3219_0.3769_-0.6720_-0.5503end-1.50_8.99_3.12_44.76_-0.67_-8.62_28.62_-24.87_-21.31_0.3219_0.3769_-0.6720_-0.5503end-1.57_9.01_3.12_44.76_-0.67_-8.62_28.62_-24.87_-21.31_0.3265_0.3722_-0.6673_-0.5564end-1.56_8.98_3.12_44.76_-0.67_-8.62_28.62_-24.87_-21.31_0.3271_0.3712_-0.6664_-0.5578end-1.48_8.96_3.09_44.76_-0.67_-8.62_29.75_-24.56_-20.88_0.3278_0.3701_-0.6655_-0.5592end-1.57_8.98_3.14_44.76_-0.67_-8.62_29.75_-24.56_-20.88_0.3278_0.3701_-0.6655_-0.5592end,24.1390126,120.7484652,114.80000305175781
1762,,24.1390126,120.7484652,114.80000305175781
1763,,24.1390126,120.7484652,114.80000305175781
1764,,24.1390126,120.7484652,114.80000305175781
1765,,24.1390126,120.7484652,114.80000305175781
1766,,24.1390126,120.7484652,114.80000305175781
1767,,24.1390126,120.7484652,114.80000305175781
1768,,24.1390126,120.7484652,114.80000305175781
1769,-1.62_8.98_3.22_44.76_-0.67_-8.62_29.75_-24.56_-20.88_0.3300_0.3669_-0.6626_-0.5634end-1.69_8.95_3.28_44.76_-0.67_-8.62_29.75_-24.87_-21.31_0.3307_0.3658_-0.6615_-0.5649end-1.76_8.96_3.31_50.13_-11.97_-4.48_29.75_-24.87_-21.31_0.3307_0.3658_-0.6615_-0.5649end-1.76_8.96_3.31_50.69_-14.55_-4.03_29.75_-24.87_-21.31_0.3325_0.3625_-0.6585_-0.5695end-1.86_8.93_3.23_50.69_-14.55_-4.03_29.75_-24.87_-21.31_0.3329_0.3613_-0.6575_-0.5712end-1.77_8.88_3.10_50.69_-14.55_-4.03_30.12_-25.56_-19.50_0.3329_0.3613_-0.6575_-0.5712end-1.68_8.84_3.00_52.82_-26.97_-3.36_30.12_-25.56_-19.50_0.3329_0.3613_-0.6575_-0.5712end-1.68_8.84_3.00_52.82_-26.97_-3.36_29.37_-26.25_-19.9,24.1390126,120.7484652,114.80000305175781
1770,4_0.3336_0.3569_-0.6547_-0.5768end-1.10_8.84_2.59_52.82_-26.97_-3.36_29.37_-26.25_-19.94_0.3336_0.3569_-0.6547_-0.5768end-0.86_8.80_2.52_54.95_-41.29_-3.47_29.00_-25.56_-19.50_0.3336_0.3569_-0.6547_-0.5768end,24.1390126,120.7484652,114.80000305175781
1771,,24.1390126,120.7484652,114.80000305175781
1772,,24.1390126,120.7484652,114.80000305175781
1773,,24.1390126,120.7484652,114.80000305175781
1774,,24.1390126,120.7484652,114.80000305175781
1775,,24.1390126,120.7484652,114.80000305175781
1776,-0.51_8.75_2.36_54.95_-41.29_-3.47_29.00_-25.56_-19.50_0.3336_0.3569_-0.6547_-0.5768end-0.33_8.76_2.32_54.95_-41.29_-3.47_29.37_-26.25_-19.06_0.3336_0.3569_-0.6547_-0.5768end-0.33_8.76_2.32_54.95_-41.29_-3.47_28.62_-26.25_-19.56_0.3326_0.3457_-0.6500_-0.5894end-0.02_8.69_2.17_54.95_-41.29_-3.47_28.62_-26.25_-19.56_0.3326_0.3457_-0.6500_-0.5894end-0.02_8.69_2.17_54.95_-41.29_-3.47_29.37_-26.62_-19.94_0.3329_0.3405_-0.6470_-0.5955end-0.02_8.69_2.17_59.76_-7.72_-4.25_29.37_-26.62_-19.94_0.3333_0.3390_-0.6458_-0.5974end-0.02_8.69_2.17_59.76_-7.72_-4.25_29.37_-26.62_-19.94_0.3333_0.3390_-0.6458_-0.5974end-0.45_8.63_2.44_60.09_-1.12_-4.59_29.37_-26.62_-19.94_0.3348_0.3366_-0.6431_-0.6008end-0.45_8.63_2.44_61.55_10.74_-4.03_29.37_-26.62_-19.94_0.3359_0.3357_-0.6415_-0.6024end-0.45_8.63_2.44_61.55_10.74_-4.03_29.37_-26.62_-19.94_0.3385_0.3342_-0.6381_-0.6054end,24.1390126,120.7484652,114.80000305175781
1777,,24.1390126,120.7484652,114.80000305175781
1778,,24.1390126,120.7484652,114.80000305175781
1779,,24.1390126,120.7484652,114.80000305175781
1780,,24.1390126,120.7484652,114.80000305175781
1781,,24.1390126,120.7484652,114.80000305175781
1782,,24.1390126,120.7484652,114.80000305175781
1783,-0.45_8.63_2.44_61.55_10.74_-4.03_29.37_-27.62_-18.69_0.3385_0.3342_-0.6381_-0.6054end-0.45_8.63_2.44_61.55_10.74_-4.03_29.37_-27.62_-18.69_0.3414_0.3330_-0.6344_-0.6083end-0.45_8.63_2.44_61.55_10.74_-4.03_29.37_-27.62_-18.69_0.3428_0.3324_-0.6325_-0.6098end-2.00_8.54_2.27_61.55_10.74_-4.03_29.00_-28.25_-18.19_0.3428_0.3324_-0.6,24.1390126,120.7484652,114.80000305175781
1784,325_-0.6098end-1.73_8.43_1.95_61.55_10.74_-4.03_29.00_-28.25_-18.19_0.3428_0.3324_-0.6325_-0.6098end-1.58_8.45_1.86_61.55_10.74_-4.03_29.00_-28.25_-18.19_0.3481_0.3275_-0.6238_-0.6183end-1.58_8.45_1.86_61.55_10.74_-4.03_29.00_-28.25_-18.19_0.3490_0.3243_-0.6208_-0.6226end-0.72_8.31_1.53_61.55_10.74_-4.03_29.00_-28.25_-18.19_0.3490_0.3243_-0.6208_-0.6226end-0.50_8.31_1.30_68.82_-33.12_-0.56_29.00_-28.25_-18.19_0.3490_0.3243_-0.6208_-0.6226end-0.12_8.24_0.84_68.82_-33.12_-0.56_29.00_-28.25_-18.19_0.3490_0.3243_-0.6208_-0.6226end,24.1390126,120.7484652,114.80000305175781
1785,,24.1390126,120.7484652,114.80000305175781
1786,,24.1390126,120.7484652,114.80000305175781
1787,,24.1390126,120.7484652,114.80000305175781
1788,,24.1390126,120.7484652,114.80000305175781
1789,,24.1390126,120.7484652,114.80000305175781
1790,,24.1390126,120.7484652,114.80000305175781
1791,-0.12_8.24_0.84_68.82_-33.12_-0.56_29.00_-28.25_-18.19_0.3495_0.3145_-0.6140_-0.6340end0.43_8.20_0.21_69.72_-36.59_-2.46_29.00_-28.25_-18.19_0.3495_0.3123_-0.6126_-0.6364end1.00_8.12_-0.27_69.72_-36.59_-2.46_29.00_-28.25_-18.19_0.3496_0.3102_-0.6113_-0.6387end1.19_8.14_-0.44_70.16_-34.69_-3.69_29.00_-28.25_-18.19_0.3496_0.3102_-0.6113_-0.6387end1.34_8.09_-0.61_70.16_-34.69_-3.69_29.37_-29.56_-15.94_0.3502_0.3038_-0.6070_-0.6455end1.50_8.08_-1.03_70.16_-34.69_-3.69_29.37_-29.56_-15.94_0.3505_0.3018_-0.6055_-0.6476end1.50_8.07_-1.24_70.72_-24.40_-5.71_29.00_-29.94_-17.31_0.3505_0.3018_-0.6055_-0.6476end1.47_8.06_-1.42_70.61_-20.93_-6.49_29.00_-29.94_-17.31_0.3505_0.3018_-0.6055_-0.6476end1.44_8.07_-1.79_70.61_-20.93_-6.49_29.37_-29.19_-15.06_0.3526_0.2944_-0.5991_-0.6557end1.37_8.07_-2.00_70.61_-20.93_-6.49_29.00_-29.56_-15.56_0.3534_0.2927_-0.5975_-0.6577end,24.1390126,120.7484652,114.80000305175781
1792,,24.1390126,120.7484652,114.80000305175781
1793,,24.1390126,120.7484652,114.80000305175781
1794,,24.1390126,120.7484652,114.80000305175781
1795,,24.1390126,120.7484652,114.80000305175781
1796,,24.1390126,120.7484652,114.80000305175781
1797,,24.1390126,120.7484652,114.80000305175781
1798,,24.1390126,120.7484652,114.80000305175781
1799,1.34_8.07_-2.24_68.82_-14.21_-9.40_29.00_-29.56_-15.56_0.3534_0.2927_-0.5975_-0.6577end1.26_8.02_-2.89_68.71_-13.99_-9.85_29.00_-29.56_-15.56_0.3549_0.2893_-0.5942_-0.6613end1.26_8.02_-2.89_68.49_-13.88_-10.52_28.62_-30.62_-16.00_0.3549_0.2893_-0.5942_-0.6613end1.26_8.02_-2.89_68.49_-13.88_-10.52_28.62_-30.62_-16.00_0.3574_0.2841_-0.5893_-0.6666end1.11_8.06_-3.54_68.49_-13.88_-10.52_29.37_-29.94_-15.94_0.3574_0.2841_-0.5893_-0.6666end1.11_8.06_-3.54_67.48_-13.32_-12.65_29.37_-29.94_-15.94_0.3591_0.2805_-0.5861_-0.6700end1.14_8.02_-3.99_66.36_-13.76_-13.54_29.37_-29.94_-15.94_0.3591_0.2805_-0.5861_-0.6700end1.14_8.02_-3.99_64.57_-13.32_-14.44_29.37_-29.,24.1390126,120.7484652,114.80000305175781
1800,94_-15.94_0.3608_0.2770_-0.5829_-0.6732end1.09_6.49_-4.82_64.57_-13.32_-14.44_29.37_-29.94_-15.94_0.3608_0.2770_-0.5829_-0.6732end1.34_10.06_-5.10_63.56_-10.63_-16.00_29.37_-29.94_-15.94_0.3608_0.2770_-0.5829_-0.6732end,24.1390126,120.7484652,114.80000305175781
1801,,24.1390126,120.7484652,114.80000305175781
1802,,24.1390126,120.7484652,114.80000305175781
1803,,24.1390126,120.7484652,114.80000305175781
1804,,24.1390126,120.7484652,114.80000305175781
1805,,24.1390126,120.7484652,114.80000305175781
1806,1.34_10.06_-5.10_63.56_-10.63_-16.00_29.37_-29.94_-15.94_0.3657_0.2684_-0.5753_-0.6807end0.93_8.23_-4.89_63.56_-10.63_-16.00_29.37_-29.94_-15.94_0.3668_0.2668_-0.5738_-0.6820end0.87_8.12_-5.41_58.97_-2.35_-16.90_29.37_-29.94_-15.94_0.3668_0.2668_-0.5738_-0.6820end0.75_7.83_-5.66_58.30_2.46_-17.90_29.37_-29.94_-15.94_0.3668_0.2668_-0.5738_-0.6820end0.75_7.83_-5.66_56.85_12.98_-19.25_29.37_-29.94_-15.94_0.3719_0.2617_-0.5674_-0.6865end0.82_10.22_-5.89_56.85_12.98_-19.25_29.37_-29.94_-15.94_0.3736_0.2607_-0.5657_-0.6874end0.82_10.22_-5.89_56.85_12.98_-19.25_27.87_-32.31_-14.25_0.3736_0.2607_-0.5657_-0.6874end0.70_8.60_-5.89_56.85_12.98_-19.25_27.87_-32.31,24.1390126,120.7484652,114.80000305175781
1807,_-14.25_0.3736_0.2607_-0.5657_-0.6874end0.70_8.60_-5.89_56.85_12.98_-19.25_27.87_-32.31_-14.25_0.3801_0.2570_-0.5589_-0.6907end0.17_8.21_-5.19_56.85_12.98_-19.25_27.87_-32.31_-14.25_0.3817_0.2562_-0.5573_-0.6915end,24.1390126,120.7484652,114.80000305175781
1808,,24.1390126,120.7484652,114.80000305175781
1809,,24.1390126,120.7484652,114.80000305175781
1810,,24.1390126,120.7484652,114.80000305175781
1811,,24.1390126,120.7484652,114.80000305175781
1812,,24.1390126,120.7484652,114.80000305175781
1813,,24.1390126,120.7484652,114.80000305175781
1814,,24.1390126,120.7484652,114.80000305175781
1815,-0.04_8.17_-5.45_56.85_12.98_-19.25_29.75_-30.19_-12.37_0.3851_0.2546_-0.5540_-0.6927end0.00_8.46_-5.41_56.85_12.98_-19.25_30.12_-31.56_-12.37_0.3868_0.2540_-0.5524_-0.6933end-0.18_8.63_-5.50_56.85_12.98_-19.25_30.12_-31.56_-12.37_0.3886_0.2534_-0.5507_-0.6938end-0.25_8.33_-5.04_56.85_12.98_-19.25_30.12_-31.56_-12.37_0.3905_0.2529_-0.5490_-0.6944end-0.40_8.76_-5.19_56.85_12.98_-19.25_30.12_-31.56_-12.37_0.3905_0.2529_-0.5490_-0.6944end-0.55_8.18_-4.89_56.85_12.98_-19.25_30.12_-31.56_-12.37_0.3944_0.2522_-0.5455_-0.6952end-0.55_8.18_-4.89_45.99_42.19_-20.81_30.12_-31.56_-12.37_0.3965_0.2520_-0.5437_-0.6955end-0.55_8.18_-4.89_45.99_42.19_-20.81_30.12_-31.56_-12.37_0.4008_0.2520_-0.5399_-0.6960end-1.73_8.51_-4.17_46.22_43.98_-20.37_30.12_-31.56_-12.37_0.4029_0.2520_-0.5380_-0.6963end-1.73_8.51_-4.17_45.55_42.97_-20.14_31.62_-30.50_-10.56_0.4029_0.2520_-0.5380_-0.6963end,24.1390126,120.7484652,114.80000305175781
1816,,24.1390126,120.7484652,114.80000305175781
1817,,24.1390126,120.7484652,114.80000305175781
1818,,24.1390126,120.7484652,114.80000305175781
1819,,24.1390126,120.7484652,114.80000305175781
1820,,24.1390126,120.7484652,114.80000305175781
1821,,24.1390126,120.7484652,114.80000305175781
1822,-1.73_8.51_-4.17_45.55_42.97_-20.14_31.62_-30.50_-10.56_0.4091_0.2520_-0.5322_-0.6970end-2.59_8.50_-3.21_45.55_42.97_-20.14_31.62_-30.50_-10.56_0.4109_0.2518_-0.5305_-0.6973end-2.73_8.38_-3.07_44.43_27.53_-17.68_31.62_-30.50_-10.56_0.4109_0.2518_-0.5305_-0.6973end-2.73_8.38_-3.07_44.43_27.53_-17.68_31.62_-30.50_-10.56_0.4158_0.2507_-0.5256_-0.6985end-2.75_8.37_-2.75_44.43_27.53_-17.68_31.62_-30.50_-10.56_0.4174_0.2501_-0.5240_-0.6990end-2.77_8.45_-2.52_44.43_27.53_-17.68_31.62_-30.50_-10.56_0.4188_0.2495_-0.5225_-0.6995end-2.77_8.45_-2.52_44.43_27.53_-17.68_31.62_-30.50_-10.56_0.4216_0.2486_-0.5193_-0.7006end-2.91_8.50_-2.71_44.43_27.53_-17.68_31.62_-3,24.1390126,120.7484652,114.80000305175781
1823,0.50_-10.56_0.4230_0.2482_-0.5177_-0.7010end-3.37_8.38_-3.36_44.43_27.53_-17.68_31.62_-30.50_-10.56_0.4244_0.2479_-0.5161_-0.7015end-3.49_8.36_-3.58_44.43_27.53_-17.68_32.00_-31.50_-6.94_0.4244_0.2479_-0.5161_-0.7015end,24.1390126,120.7484652,114.80000305175781
1824,,24.1390126,120.7484652,114.80000305175781
1825,,24.1390126,120.7484652,114.80000305175781
1826,,24.1390126,120.7484652,114.80000305175781
1827,,24.1390126,120.7484652,114.80000305175781
1828,,24.1390126,120.7484652,114.80000305175781
1829,-3.64_8.40_-3.78_44.43_27.53_-17.68_32.38_-32.50_-5.56_0.4271_0.2473_-0.5128_-0.7025end-3.69_8.42_-4.15_42.64_13.65_-9.40_32.38_-32.50_-5.56_0.4292_0.2461_-0.5099_-0.7037end-3.68_8.37_-4.18_42.64_13.65_-9.40_32.38_-32.50_-5.56_0.4299_0.2451_-0.5086_-0.7045end-3.23_8.34_-4.34_42.64_13.65_-9.40_32.38_-32.50_-5.56_0.4299_0.2451_-0.5086_-0.7045end-2.68_8.38_-4.27_42.64_13.65_-9.40_32.38_-32.50_-5.56_0.4307_0.2422_-0.5066_-0.7065end-2.35_8.32_-4.23_42.64_13.65_-9.40_32.38_-32.50_-5.56_0.4308_0.2404_-0.5058_-0.7076end-2.05_8.33_-4.24_44.76_-35.70_-6.94_32.38_-32.50_-5.56_0.4307_0.2363_-0.5045_-0.7101end-1.67_8.28_-4.24_44.76_-35.70_-6.94_32.38_-32.50_-5.56_0,24.1390126,120.7484652,114.80000305175781
1830,.4305_0.2341_-0.5039_-0.7113end-1.20_8.27_-4.40_44.76_-35.70_-6.94_32.38_-32.50_-5.56_0.4305_0.2341_-0.5039_-0.7113end-1.09_8.23_-4.44_44.09_-34.58_-5.82_32.38_-32.50_-5.56_0.4305_0.2341_-0.5039_-0.7113end,24.1390126,120.7484652,114.80000305175781
1831,,24.1390126,120.7484652,114.80000305175781
1832,,24.1390126,120.7484652,114.80000305175781
1833,,24.1390126,120.7484652,114.80000305175781
1834,,24.1390126,120.7484652,114.80000305175781
1835,,24.1390126,120.7484652,114.80000305175781
1836,-1.09_8.23_-4.44_44.09_-34.58_-5.82_32.00_-31.81_-5.62_0.4299_0.2277_-0.5021_-0.7150end-1.09_8.23_-4.44_44.09_-34.58_-5.82_32.00_-31.81_-5.62_0.4297_0.2237_-0.5006_-0.7173end-1.14_8.17_-4.25_44.09_-34.58_-5.82_32.00_-31.81_-5.62_0.4297_0.2217_-0.4999_-0.7185end-1.12_7.97_-4.29_44.54_-33.12_-7.05_32.00_-31.81_-5.62_0.4297_0.2217_-0.4999_-0.7185end-0.97_7.98_-4.11_44.54_-34.47_-7.05_32.38_-31.81_-5.56_0.4297_0.2217_-0.4999_-0.7185end-0.93_8.46_-4.24_45.66_-37.82_-8.17_32.38_-31.81_-5.56_0.4297_0.2217_-0.4999_-0.7185end-0.93_8.46_-4.24_44.76_-38.16_-8.39_32.38_-31.81_-5.56_0.4292_0.2111_-0.4965_-0.7244end-0.95_2.14_-3.88_44.76_-38.16_-8.39_32.00_-31.44_-5.56_0.4291_0.2089_-0.4959_-0.7255end-2.35_-20.72_-4.87_46.55_-39.28_-8.84_32.00_-31.44_-5.56_0.4291_0.2089_-0.4959_-0.7255end-2.35_-20.72_-4.87_46.55_-39.28_-8.84_31.62_-31.44_-6.06_0.4290_0.2067_-0.4953_-0.7266end,24.1390126,120.7484652,114.80000305175781
1837,,24.1390126,120.7484652,114.80000305175781
1838,,24.1390126,120.7484652,114.80000305175781
1839,,24.1390126,120.7484652,114.80000305175781
1840,,24.1390126,120.7484652,114.80000305175781
1841,,24.1390126,120.7484652,114.80000305175781
1842,,24.1390126,120.7484652,114.80000305175781
1843,-2.35_-20.72_-4.87_45.32_-21.82_-10.85_31.62_-31.44_-6.06_0.4287_0.2017_-0.4940_-0.7291end-2.35_-20.72_-4.87_45.32_-21.82_-10.85_31.62_-31.44_-6.06_0.4288_0.1995_-0.4930_-0.7302end-2.35_-20.72_-4.87_44.31_-52.26_-8.28_31.62_-31.44_-6.06_0.4290_0.1977_-0.4922_-0.7311end-2.35_-20.72_-4.87_44.31_-52.26_-8.28_31.62_-31.44_-6.06_0.4283_0.1926_-0.4913_-0.7335end-2.35_-20.72_-4.87_41.52_-27.64_-11.75_31.62_-31.44_-6.06_0.4286_0.1887_-0.4898_-0.7354end-0.07_7.72_-5.20_41.52_-27.64_-11.75_33.81_-31.75_-4.69_0.4286_0.1887_-0.4898_-0.7354end0.28_7.79_-4.42_41.52_-27.64_-11.75_33.81_-31.75_-4.69_0.4286_0.1887_-0.4898_-0.7354end-0.16_7.72_-4.98_41.52_-27.64_-11.75_,24.1390126,120.7484652,114.80000305175781
1844,32.38_-32.13_-6.06_0.4286_0.1887_-0.4898_-0.7354end-1.68_7.78_-4.64_48.57_-26.63_-12.53_32.38_-32.13_-6.06_0.4286_0.1887_-0.4898_-0.7354end-1.70_7.80_-4.49_48.57_-26.63_-12.53_32.38_-32.13_-6.06_0.4301_0.1766_-0.4841_-0.7412end,24.1390126,120.7484652,114.80000305175781
1845,,24.1390126,120.7484652,114.80000305175781
1846,,24.1390126,120.7484652,114.80000305175781
1847,,24.1390126,120.7484652,114.80000305175781
1848,,24.1390126,120.7484652,114.80000305175781
1849,,24.1390126,120.7484652,114.80000305175781
1850,,24.1390126,120.7484652,114.80000305175781
1851,,24.1390126,120.7484652,114.80000305175781
1852,,24.1390126,120.7484652,114.80000305175781
1853,,24.1390126,120.7484652,114.80000305175781
1854,-1.70_7.80_-4.49_48.57_-26.63_-12.53_33.44_-32.44_-4.69_0.4305_0.1747_-0.4830_-0.7422end-1.05_7.71_-5.13_48.57_-26.63_-12.53_33.44_-32.44_-4.69_0.4305_0.1747_-0.4830_-0.7422end-1.05_7.71_-5.13_42.86_-16.23_-13.88_32.38_-32.50_-4.69_0.4305_0.1747_-0.4830_-0.7422end-1.05_7.71_-5.13_42.86_-16.23_-13.88_32.38_-32.50_-4.69_0.4322_0.1,24.1390126,120.7484652,114.80000305175781
1855,680_-0.4791_-0.7453end-2.85_7.59_-7.02_42.86_-16.23_-13.88_32.38_-32.50_-4.69_0.4322_0.1680_-0.4791_-0.7453end-2.27_7.59_-6.70_44.76_-24.40_-13.65_32.38_-32.50_-4.69_0.4322_0.1680_-0.4791_-0.7453end-2.73_7.64_-6.68_44.76_-24.40_-13.65_33.44_-32.13_-5.62_0.4330_0.1623_-0.4764_-0.7479end-2.24_7.59_-6.48_44.76_-24.40_-13.65_33.44_-32.13_-5.62_0.4332_0.1580_-0.4748_-0.7496end-2.04_7.61_-6.25_44.76_-24.40_-13.65_33.44_-32.13_-5.62_0.4332_0.1556_-0.4741_-0.7505end-2.41_7.65_-6.31_44.76_-24.40_-13.65_33.44_-32.13_-5.62_0.4330_0.1533_-0.4736_-0.7515end,24.1390126,120.7484652,114.80000305175781
1856,,24.1390126,120.7484652,114.80000305175781
1857,,24.1390126,120.7484652,114.80000305175781
1858,-2.34_7.60_-6.26_44.76_-24.40_-13.65_33.44_-32.13_-5.62_0.4330_0.1533_-0.4736_-0.7515end-2.54_7.59_-6.43_44.76_-24.40_-13.65_32.75_-31.12_-5.56_0.4322_0.1454_-0.4723_-0.7543end-2.66_7.57_-6.86_44.76_-24.40_-13.65_32.75_-31.12_-5.56_0.4318_0.1428_-0.4720_-0.7552end-3.19_7.55_-7.07_44.76_-24.40_-13.65_32.75_-31.12_-5.56_0.4318_0.1428_-0.4720_-0.7552end-3.21_7.54_-7.22_37.82_-58.08_-11.97_32.75_-31.12_-5.56_0.4318_0.1428_-0.4720_-0.7552end-4.09_7.55_-7.11_37.82_-58.08_-11.97_32.75_-32.44_-4.69_0.4294_0.1310_-0.4716_-0.7589end-3.81_7.43_-7.00_37.82_-58.08_-11.97_32.00_-31.44_-5.19_0.4285_0.1277_-0.4718_-0.7599end-3.79_7.57_-7.69_35.25_-92.99_-9.51_32.00_-3,24.1390126,120.7484652,114.80000305175781
1859,1.44_-5.19_0.4285_0.1277_-0.4718_-0.7599end-3.79_7.57_-7.69_35.25_-112.24_-8.84_32.00_-31.44_-5.19_0.4257_0.1198_-0.4731_-0.7620end-3.79_7.57_-7.69_33.24_-129.36_-8.95_33.44_-31.75_-4.69_0.4257_0.1198_-0.4731_-0.7620end,24.1390126,120.7484652,114.80000305175781
1860,,24.1390126,120.7484652,114.80000305175781
1861,,24.1390126,120.7484652,114.80000305175781
1862,,24.1390126,120.7484652,114.80000305175781
1863,,24.1390126,120.7484652,114.80000305175781
1864,,24.1390126,120.7484652,114.80000305175781
1865,,24.1390126,120.7484652,114.80000305175781
1866,-3.79_7.57_-7.69_33.24_-129.36_-8.95_33.44_-31.75_-4.69_0.4186_0.1039_-0.4775_-0.7654end-3.79_7.57_-7.69_33.24_-129.36_-8.95_33.06_-32.13_-5.62_0.4186_0.1039_-0.4775_-0.7654end-3.79_7.57_-7.69_27.08_-167.19_-10.30_33.06_-32.13_-5.62_0.4158_0.0978_-0.4796_-0.7665end-3.05_7.66_-8.86_27.08_-167.19_-10.30_32.69_-31.50_-7.44_0.4158_0.0978_-0.4796_-0.7665end-3.05_7.66_-8.86_27.08_-167.19_-10.30_32.69_-31.50_-7.44_0.4057_0.0774_-0.4867_-0.7698end-3.05_7.66_-8.86_27.08_-167.19_-10.30_32.69_-32.19_-8.75_0.3987_0.0634_-0.4914_-0.7717end-1.60_9.39_-9.50_27.08_-167.19_-10.30_31.94_-31.87_-9.69_0.3987_0.0634_-0.4914_-0.7717end-1.61_17.18_-9.92_27.08_-167.19_-10.30_31.94_-31.87_-9.69_0.3987_0.0634_-0.4914_-0.7717end-0.93_21.39_-9.18_27.08_-167.19_-10.30_31.94_-31.87_-9.69_0.3987_0.0634_-0.4914_-0.7717end-0.57_21.07_-9.21_27.08_-167.19_-10.30_31.94_-31.87_-9.69_0.3906_0.0418_-0.4964_-0.7741end,24.1390126,120.7484652,114.80000305175781
1867,,24.1390126,120.7484652,114.80000305175781
1868,,24.1390126,120.7484652,114.80000305175781
1869,,24.1390126,120.7484652,114.80000305175781
1870,,24.1390126,120.7484652,114.80000305175781
1871,,24.1390126,120.7484652,114.80000305175781
1872,,24.1390126,120.7484652,114.80000305175781
1873,,24.1390126,120.7484652,114.80000305175781
1874,,24.1390126,120.7484652,114.80000305175781
1875,-1.10_24.49_-8.89_27.08_-167.19_-10.30_31.94_-31.87_-9.69_0.3906_0.0418_-0.4964_-0.7741end-0.40_24.61_-7.10_8.73_4.25_-17.79_31.94_-31.19_-10.56_0.3906_0.0418_-0.4964_-0.7741end-1.61_24.83_-5.93_8.73_4.25_-17.79_31.94_-31.19_-10.56_0.3931_0.0389_-0.4950_-0.7739end-2.69_25.05_-6.97_2.57_16.45_-18.80_31.94_-31.19_-10.56_0.3940_0.0388_-0.4946_-0.7737end-3.01_24.51_-7.05_2.57_16.45_-18.80_31.94_-31.19_-10.56_0.3951_0.0391_-0.4943_-0.7733end-3.05_24.09_-6.82_-1.34_32.01_-20.93_31.94_-31.19_-10.56_0.3951_0.0391_-0.4943_-0.7733end-3.06_23.64_-6.20_-1.23_31.56_-19.92_31.94_-31.19_-10.56_0.3951_0.0391_-0.4943_-0.7733end-3.06_23.64_-6.20_-1.23_31.56_-19.92_32.69_-30.44_-8.69_0.4000_0.0411_-0.4927_-0.7717end-3.18_21.43_-3.85_-1.23_31.56_-19.92_32.69_-30.44_-8.69_0.4007_0.0411_-0.4926_-0.7715end-3.39_19.48_-2.70_-1.23_31.56_-19.92_32.69_-30.44_-8.69_0.4007_0.0411_-0.4926_-0.7715end,24.1390126,120.7484652,114.80000305175781
1876,,24.1390126,120.7484652,114.80000305175781
1877,,24.1390126,120.7484652,114.80000305175781
1878,,24.1390126,120.7484652,114.80000305175781
1879,,24.1390126,120.7484652,114.80000305175781
1880,,24.1390126,120.7484652,114.80000305175781
1881,-3.22_19.06_-2.48_-3.92_-0.11_-12.31_33.06_-31.19_-9.63_0.4007_0.0411_-0.4926_-0.7715end-2.98_18.70_-2.47_-4.36_1.57_-12.09_33.06_-31.19_-9.63_0.4025_0.0405_-0.4930_-0.7703end-2.67_18.43_-2.59_-4.36_1.57_-12.09_33.06_-31.19_-9.63_0.4030_0.0405_-0.4930_-0.7700end-2.52_17.55_-2.38_-4.36_1.57_-12.09_33.44_-31.19_-10.13_0.4030_0.0405_-0.4930_-0.7700end-2.68_17.29_-2.24_-6.60_12.65_-5.60_33.44_-31.19_-10.13_0.4030_0.0405_-0.4930_-0.7700end-2.68_17.29_-2.24_-6.60_12.65_-5.60_33.44_-31.19_-10.13_0.4048_0.0423_-0.4930_-0.7689end-2.36_16.33_-1.19_-6.60_12.65_-5.60_33.44_-31.19_-10.13_0.4052_0.0432_-0.4930_-0.7687end-4.09_15.44_-1.47_-6.60_12.65_-5.60_33.44_-31.19_-10.13_0.4052_0.0432_-0.4930_-0.7687end-3.99_15.01_-1.74_-15.11_30.89_2.35_33.44_-31.19_-10.13_0.4052_0.0432_-0.4930_-0.7687end-3.99_15.01_-1.74_-16.45_35.47_2.91_33.44_-31.19_-10.13_0.4073_0.0483_-0.4928_-0.7674end,24.1390126,120.7484652,114.80000305175781
1882,,24.1390126,120.7484652,114.80000305175781
1883,,24.1390126,120.7484652,114.80000305175781
1884,,24.1390126,120.7484652,114.80000305175781
1885,,24.1390126,120.7484652,114.80000305175781
1886,,24.1390126,120.7484652,114.80000305175781
1887,,24.1390126,120.7484652,114.80000305175781
1888,,24.1390126,120.7484652,114.80000305175781
1889,-2.14_13.39_-3.09_-16.45_35.47_2.91_33.44_-31.19_-10.13_0.4078_0.0498_-0.4927_-0.7671end-2.43_13.03_-2.59_-14.66_20.14_9.51_33.44_-31.19_-10.13_0.4078_0.0498_-0.4927_-0.7671end-2.77_12.56_-1.70_-14.88_11.75_13.76_33.44_-31.19_-10.13_0.4078_0.0498_-0.4927_-0.7671end-3.49_12.35_-1.23_-14.88_11.75_13.76_33.44_-31.19_-10.13_0.4075_0.0543_-0.4935_-0.7664end-3.29_12.00_-1.92_-14.88_11.75_13.76_33.44_-31.19_-10.13_0.4075_0.0543_-0.4935_-0.7664end-2.58_11.62_-2.81_-28.42_41.29_18.13_33.44_-31.19_-10.13_0.4075_0.0543_-0.4935_-0.7664end-2.41_11.45_-3.68_-31.56_46.66_20.14_33.44_-31.19_-10.13_0.4075_0.0543_-0.4935_-0.7664end-2.41_11.45_-3.68_-31.56_46.66_20.14_33,24.1390126,120.7484652,114.80000305175781
1890,.44_-31.19_-10.13_0.4081_0.0659_-0.4946_-0.7645end-3.61_11.23_-4.22_-31.56_46.66_20.14_33.44_-31.19_-10.13_0.4081_0.0687_-0.4949_-0.7641end-3.68_11.30_-4.16_-42.30_54.72_31.00_32.69_-30.50_-11.00_0.4081_0.0687_-0.4949_-0.7641end,24.1390126,120.7484652,114.80000305175781
1891,,24.1390126,120.7484652,114.80000305175781
1892,,24.1390126,120.7484652,114.80000305175781
1893,,24.1390126,120.7484652,114.80000305175781
1894,,24.1390126,120.7484652,114.80000305175781
1895,,24.1390126,120.7484652,114.80000305175781
1896,,24.1390126,120.7484652,114.80000305175781
1897,,24.1390126,120.7484652,114.80000305175781
1898,-3.68_11.30_-4.16_-51.25_59.53_34.24_32.69_-30.50_-11.00_0.4081_0.0687_-0.4949_-0.7641end-3.41_11.11_-4.05_-51.25_59.53_34.24_32.69_-30.50_-11.00_0.4081_0.0824_-0.4967_-0.7616end-3.13_10.57_-4.95_-51.25_59.53_34.24_32.69_-30.50_-11.00_0.4081_0.0824_-0.4967_-0.7616end-3.20_10.41_-5.04_-51.25_59.53_34.24_33.44_-30.50_-10.06_0.4081,24.1390126,120.7484652,114.80000305175781
1899,_0.0824_-0.4967_-0.7616end-3.29_10.28_-4.94_-51.25_59.53_34.24_32.31_-30.50_-10.56_0.4058_0.0971_-0.5009_-0.7582end-3.25_10.18_-4.15_-51.25_59.53_34.24_32.31_-30.50_-10.56_0.4051_0.1013_-0.5022_-0.7573end-3.17_9.96_-3.86_-81.58_64.12_51.25_32.31_-30.50_-10.56_0.4051_0.1013_-0.5022_-0.7573end-3.17_9.96_-3.86_-91.32_73.75_56.62_31,24.1390126,120.7484652,114.80000305175781
1900,,24.1390126,120.7484652,114.80000305175781
1901,.94_-31.19_-10.13_0.4038_0.1107_-0.5049_-0.7549end-3.17_9.96_-3.86_-91.32_73.75_56.62_31.94_-31.19_-10.13_0.4024_0.1213_-0.5078_-0.7520end-3.13_8.36_-3.50_-100.49_81.36_61.32_31.94_-31.19_-10.13_0.4017_0.1269_-0.5092_-0.7505end,24.1390126,120.7484652,114.80000305175781
1902,,24.1390126,120.7484652,114.80000305175781
1903,-3.15_8.01_-3.32_-100.49_81.36_61.32_31.94_-31.19_-10.13_0.4009_0.1328_-0.5107_-0.7488end-3.09_7.40_-3.00_-100.49_81.36_61.32_31.25_-31.19_-11.50_0.4009_0.1328_-0.5107_-0.7488end-3.04_6.95_-2.67_-114.37_84.60_68.15_31.25_-31.19_-11.50_0.3990_0.1452_-0.5142_-0.7452end-3.04_6.95_-2.67_-114.37_84.60_68.15_31.25_-31.19_-11.50_0.3979_0.1514_-0.5161_-0.7432end-2.99_6.42_-2.54_-125.11_78.56_73.63_31.25_-31.19_-11.50_0.3966_0.1577_-0.5181_-0.7411end-2.89_6.28_-2.50_-129.59_74.75_75.87_31.25_-31.19_-11.50_0.3966_0.1577_-0.5181_-0.7411end-2.89_6.28_-2.50_-139.21_67.48_80.80_30.12_-32.25_-11.50_0.3966_0.1577_-0.5181_-0.7411end-2.48_6.26_-2.27_-139.21_67.48_80.80_,24.1390126,120.7484652,114.80000305175781
1904,30.12_-31.25_-11.94_0.3966_0.1577_-0.5181_-0.7411end-2.48_6.26_-2.27_-139.21_67.48_80.80_30.12_-31.25_-11.94_0.3840_0.1962_-0.5342_-0.7271end-1.49_5.89_-1.74_-139.21_67.48_80.80_29.37_-31.62_-13.81_0.3840_0.1962_-0.5342_-0.7271end,24.1390126,120.7484652,114.80000305175781
1905,,24.1390126,120.7484652,114.80000305175781
1906,,24.1390126,120.7484652,114.80000305175781
1907,,24.1390126,120.7484652,114.80000305175781
1908,,24.1390126,120.7484652,114.80000305175781
1909,,24.1390126,120.7484652,114.80000305175781
1910,-1.02_5.52_-1.65_-139.21_67.48_80.80_29.37_-31.62_-13.81_0.3785_0.2095_-0.5407_-0.7215end-1.02_5.52_-1.65_-165.62_60.65_90.64_29.37_-31.62_-13.81_0.3785_0.2095_-0.5407_-0.7215end-1.02_5.52_-1.65_-165.62_60.65_90.64_29.75_-30.25_-14.63_0.3694_0.2299_-0.5509_-0.7122end-0.13_5.11_-0.72_-165.62_60.65_90.64_29.00_-30.56_-14.19_0.3694,24.1390126,120.7484652,114.80000305175781
1911,_0.2299_-0.5509_-0.7122end-0.13_5.11_-0.72_-176.03_57.41_91.87_29.00_-30.56_-14.19_0.3630_0.2434_-0.5580_-0.7054end0.25_4.98_-0.37_-176.03_57.41_91.87_29.00_-30.56_-14.19_0.3596_0.2505_-0.5618_-0.7017end0.25_4.98_-0.37_-185.32_57.97_91.87_29.00_-30.56_-14.19_0.3561_0.2573_-0.5654_-0.6981end0.70_4.84_-0.17_-185.32_57.97_91.87_29.00_-30.56_-14.19_0.3493_0.2711_-0.5728_-0.6902end0.85_4.61_0.03_-185.32_57.97_91.87_29.00_-30.56_-14.19_0.3456_0.2781_-0.5767_-0.6860end0.84_4.52_0.09_-193.60_53.04_89.41_29.00_-30.56_-14.19_0.3456_0.2781_-0.5767_-0.6860end,24.1390126,120.7484652,114.80000305175781
1912,,24.1390126,120.7484652,114.80000305175781
1913,,24.1390126,120.7484652,114.80000305175781
1914,,24.1390126,120.7484652,114.80000305175781
1915,,24.1390126,120.7484652,114.80000305175781
1916,,24.1390126,120.7484652,114.80000305175781
1917,,24.1390126,120.7484652,114.80000305175781
1918,0.84_4.52_0.09_-193.60_53.04_89.41_27.87_-31.37_-19.19_0.3383_0.2915_-0.5844_-0.6776end0.84_4.52_0.09_-196.39_46.89_87.40_27.87_-31.37_-19.19_0.3304_0.3046_-0.5923_-0.6688end1.02_4.15_0.37_-196.39_46.89_87.40_27.87_-31.37_-19.19_0.3264_0.3109_-0.5963_-0.6643end1.16_4.09_0.36_-196.39_46.89_87.40_27.87_-31.37_-19.19_0.3264_0.3109_,24.1390126,120.7484652,114.80000305175781
1919,-0.5963_-0.6643end1.16_4.09_0.36_-198.52_31.11_83.59_27.87_-31.37_-19.19_0.3264_0.3109_-0.5963_-0.6643end1.16_4.09_0.36_-198.52_31.11_83.59_27.87_-31.37_-19.19_0.3091_0.3344_-0.6125_-0.6462end1.32_4.12_0.27_-198.52_31.11_83.59_27.87_-31.37_-19.19_0.3046_0.3401_-0.6166_-0.6413end1.07_3.96_-0.16_-198.52_31.11_83.59_27.87_-31.37_-19.19_0.3002_0.3457_-0.6206_-0.6366end1.07_3.96_-0.16_-194.04_37.82_71.84_27.87_-31.37_-19.19_0.3002_0.3457_-0.6206_-0.6366end1.60_3.62_-0.32_-194.04_37.82_71.84_27.87_-31.37_-19.19_0.2919_0.3569_-0.6283_-0.6266end,24.1390126,120.7484652,114.80000305175781
1920,,24.1390126,120.7484652,114.80000305175781
1921,,24.1390126,120.7484652,114.80000305175781
1922,,24.1390126,120.7484652,114.80000305175781
1923,,24.1390126,120.7484652,114.80000305175781
1924,,24.1390126,120.7484652,114.80000305175781
1925,,24.1390126,120.7484652,114.80000305175781
1926,1.60_3.62_-0.32_-189.57_36.82_70.16_27.87_-31.37_-19.19_0.2842_0.3677_-0.6354_-0.6166end2.20_3.66_0.94_-189.57_36.82_70.16_27.87_-31.37_-19.19_0.2803_0.3729_-0.6389_-0.6116end2.20_3.66_0.94_-188.79_26.75_69.83_27.87_-31.37_-19.19_0.2761_0.3781_-0.6425_-0.6066end1.09_3.87_3.27_-188.79_26.75_69.83_24.63_-27.37_-25.06_0.2761_0.3781_-0.6425_-0.6066end1.09_3.87_3.27_-189.34_26.52_68.82_24.63_-27.37_-25.06_0.2639_0.3929_-0.6529_-0.5914end0.70_2.96_0.97_-183.53_42.30_60.43_25.37_-26.06_-25.88_0.2603_0.3979_-0.6561_-0.5861end0.86_2.71_0.75_-183.53_42.30_60.43_25.37_-26.06_-25.88_0.2568_0.4028_-0.6592_-0.5807end0.86_2.71_0.75_-173.34_32.23_58.53_25.37_-26.06_-2,24.1390126,120.7484652,114.80000305175781
1927,5.88_0.2495_0.4119_-0.6652_-0.5706end-0.27_3.05_2.68_-173.34_32.23_58.53_25.37_-26.06_-25.88_0.2457_0.4160_-0.6681_-0.5659end-0.25_2.78_2.31_-162.71_10.97_56.29_25.37_-26.06_-25.88_0.2457_0.4160_-0.6681_-0.5659end,24.1390126,120.7484652,114.80000305175781
1928,,24.1390126,120.7484652,114.80000305175781
1929,,24.1390126,120.7484652,114.80000305175781
1930,,24.1390126,120.7484652,114.80000305175781
1931,,24.1390126,120.7484652,114.80000305175781
1932,,24.1390126,120.7484652,114.80000305175781
1933,-0.25_2.78_2.31_-162.71_10.97_56.29_24.94_-24.69_-29.06_0.2375_0.4235_-0.6738_-0.5569end0.62_2.56_2.29_-154.43_9.96_52.26_24.94_-24.69_-29.06_0.2337_0.4271_-0.6765_-0.5526end0.62_2.56_2.29_-154.43_9.96_52.26_23.87_-24.06_-29.44_0.2299_0.4304_-0.6791_-0.5483end0.62_2.56_2.29_-140.67_5.60_49.57_24.63_-23.31_-29.44_0.2299_0.4304_-0.6791_-0.5483end0.62_2.56_2.29_-135.29_11.75_47.67_24.63_-23.31_-29.44_0.2189_0.4397_-0.6862_-0.5365end0.29_1.97_1.23_-130.26_20.93_44.65_24.25_-21.94_-29.37_0.2189_0.4397_-0.6862_-0.5365end0.29_1.97_1.23_-124.89_31.45_42.52_24.25_-21.94_-29.37_0.2108_0.4492_-0.6918_-0.5246end0.27_2.05_1.14_-124.89_31.45_42.52_24.25_-21.94_-29.3,24.1390126,120.7484652,114.80000305175781
1934,7_0.2108_0.4492_-0.6918_-0.5246end-0.27_2.08_1.06_-124.89_31.45_42.52_24.25_-21.94_-29.37_0.2108_0.4492_-0.6918_-0.5246end-0.56_2.21_0.50_-124.89_31.45_42.52_24.25_-21.94_-29.37_0.2057_0.4630_-0.6968_-0.5078end,24.1390126,120.7484652,114.80000305175781
1935,,24.1390126,120.7484652,114.80000305175781
1936,,24.1390126,120.7484652,114.80000305175781
1937,,24.1390126,120.7484652,114.80000305175781
1938,,24.1390126,120.7484652,114.80000305175781
1939,,24.1390126,120.7484652,114.80000305175781
1940,,24.1390126,120.7484652,114.80000305175781
1941,-0.46_2.87_-0.07_-91.76_72.96_29.54_24.25_-21.94_-29.37_0.2057_0.4630_-0.6968_-0.5078end-0.36_3.45_-0.25_-91.76_72.96_29.54_25.37_-21.31_-30.25_0.2050_0.4731_-0.6990_-0.4955end-0.16_4.09_-0.40_-74.19_68.93_23.39_24.63_-21.31_-30.31_0.2050_0.4731_-0.6990_-0.4955end-0.16_4.09_-0.40_-74.19_68.93_23.39_24.63_-21.31_-30.31_0.2050_0.4792_-0.7000_-0.4883end-0.19_5.99_-0.89_-74.19_68.93_23.39_25.00_-19.94_-30.75_0.2050_0.4792_-0.7000_-0.4883end-0.19_5.99_-0.89_-56.85_42.19_19.92_25.00_-19.94_-30.75_0.2048_0.4838_-0.7007_-0.4826end-0.19_5.99_-0.89_-50.13_25.85_19.02_25.00_-19.94_-30.75_0.2048_0.4838_-0.7007_-0.4826end-0.19_5.99_-0.89_-36.59_-18.24_17.01_25.00_-,24.1390126,120.7484652,114.80000305175781
1942,19.94_-30.75_0.2034_0.4871_-0.7016_-0.4786end-0.19_5.99_-0.89_-36.59_-18.24_17.01_25.00_-19.94_-30.75_0.2000_0.4882_-0.7028_-0.4772end2.50_12.31_-1.51_-36.59_-18.24_17.01_25.00_-19.94_-30.75_0.2000_0.4882_-0.7028_-0.4772end,24.1390126,120.7484652,114.80000305175781
1943,,24.1390126,120.7484652,114.80000305175781
1944,,24.1390126,120.7484652,114.80000305175781
1945,,24.1390126,120.7484652,114.80000305175781
1946,,24.1390126,120.7484652,114.80000305175781
1947,,24.1390126,120.7484652,114.80000305175781
1948,2.98_12.77_-1.63_-18.13_-58.19_11.41_24.63_-18.94_-31.56_0.2000_0.4882_-0.7028_-0.4772end2.98_12.77_-1.63_-4.92_-54.39_6.60_24.63_-18.94_-31.56_0.1909_0.4861_-0.7051_-0.4796end3.44_13.27_-1.52_-4.92_-54.39_6.60_24.25_-19.31_-31.56_0.1891_0.4854_-0.7055_-0.4805end3.69_14.29_-0.56_-4.92_-54.39_6.60_24.25_-19.31_-31.56_0.1891_0.4854_-0.7055_-0.4805end3.67_14.68_-0.48_-4.92_-54.39_6.60_25.00_-18.25_-30.69_0.1891_0.4854_-0.7055_-0.4805end3.79_15.08_-0.44_20.70_-31.67_-6.94_25.00_-18.25_-30.69_0.1860_0.4818_-0.7058_-0.4849end3.86_15.78_-0.52_20.70_-31.67_-6.94_24.63_-20.00_-31.56_0.1860_0.4807_-0.7057_-0.4861end3.80_16.03_-0.49_20.70_-31.67_-6.94_24.25_-19.62_-32.06_0.1863_0.4795_-0.7054_-0.4876end3.46_15.94_-0.21_20.70_-31.67_-6.94_24.25_-19.62_-32.06_0.1863_0.4795_-0.7054_-0.4876end3.22_15.75_-0.04_51.03_-25.74_-21.37_24.25_-19.62_-32.06_0.1863_0.4795_-0.7054_-0.4876end,24.1390126,120.7484652,114.80000305175781
1949,,24.1390126,120.7484652,114.80000305175781
1950,,24.1390126,120.7484652,114.80000305175781
1951,,24.1390126,120.7484652,114.80000305175781
1952,,24.1390126,120.7484652,114.80000305175781
1953,,24.1390126,120.7484652,114.80000305175781
1954,3.26_15.45_0.03_56.85_-26.41_-24.28_24.25_-18.94_-30.75_0.1863_0.4795_-0.7054_-0.4876end3.24_15.12_0.01_61.88_-27.08_-26.75_24.25_-18.94_-30.75_0.1902_0.4714_-0.7032_-0.4971end3.44_14.73_0.01_61.88_-27.08_-26.75_24.25_-18.94_-30.75_0.1914_0.4694_-0.7026_-0.4995end3.24_13.63_-0.38_61.88_-27.08_-26.75_24.25_-18.94_-30.75_0.1914_0.,24.1390126,120.7484652,114.80000305175781
1955,4694_-0.7026_-0.4995end3.12_13.16_-0.39_61.88_-27.08_-26.75_23.50_-19.31_-31.12_0.1943_0.4649_-0.7012_-0.5045end3.03_12.70_-0.38_82.59_-17.79_-38.72_23.50_-19.31_-31.12_0.1943_0.4649_-0.7012_-0.5045end3.03_12.70_-0.38_82.59_-17.79_-38.72_23.50_-19.31_-31.12_0.1982_0.4604_-0.6993_-0.5095end3.03_12.70_-0.38_82.59_-17.79_-38.72_23.50_-19.31_-31.12_0.2007_0.4584_-0.6983_-0.5118end3.17_11.06_-0.16_82.59_-17.79_-38.72_23.50_-19.31_-31.12_0.2007_0.4584_-0.6983_-0.5118end3.11_10.65_-0.11_82.59_-17.79_-38.72_23.50_-19.31_-31.12_0.2007_0.4584_-0.6983_-0.5118end,24.1390126,120.7484652,114.80000305175781
1956,,24.1390126,120.7484652,114.80000305175781
1957,,24.1390126,120.7484652,114.80000305175781
1958,,24.1390126,120.7484652,114.80000305175781
1959,,24.1390126,120.7484652,114.80000305175781
1960,,24.1390126,120.7484652,114.80000305175781
1961,,24.1390126,120.7484652,114.80000305175781
1962,3.11_10.65_-0.11_82.59_-17.79_-38.72_23.50_-22.00_-29.87_0.2145_0.4509_-0.6929_-0.5201end3.11_10.65_-0.11_105.42_53.49_-53.49_23.50_-22.00_-29.87_0.2236_0.4478_-0.6895_-0.5236end4.31_16.50_0.09_105.42_53.49_-53.49_23.50_-22.00_-29.87_0.2289_0.4457_-0.6867_-0.5267end-8.52_32.08_-41.57_105.42_53.49_-53.49_23.50_-22.00_-29.87_0.2342_0.4435_-0.6842_-0.5294end23.45_10.10_-0.41_105.42_53.49_-53.49_24.25_-21.94_-28.12_0.2374_0.4418_-0.6828_-0.5313end0.04_6.86_15.90_59.42_-158.01_3.25_25.75_-21.94_-27.62_0.2374_0.4418_-0.6828_-0.5313end8.78_6.17_22.84_25.63_-165.51_0.78_25.75_-21.94_-27.62_0.2291_0.4318_-0.6837_-0.5419end-2.54_9.49_14.44_25.63_-165.51_0.78_25.,24.1390126,120.7484652,114.80000305175781
1963,75_-21.94_-27.62_0.2288_0.4309_-0.6843_-0.5420end0.28_7.20_-5.02_25.63_-165.51_0.78_25.75_-21.94_-27.62_0.2288_0.4309_-0.6843_-0.5420end5.86_6.66_-1.63_25.63_-165.51_0.78_24.25_-22.31_-29.00_0.2288_0.4309_-0.6843_-0.5420end,24.1390126,120.7484652,114.80000305175781
1964,,24.1390126,120.7484652,114.80000305175781
1965,,24.1390126,120.7484652,114.80000305175781
1966,,24.1390126,120.7484652,114.80000305175781
1967,,24.1390126,120.7484652,114.80000305175781
1968,,24.1390126,120.7484652,114.80000305175781
1969,,24.1390126,120.7484652,114.80000305175781
1970,5.86_6.66_-1.63_25.63_-165.51_0.78_25.75_-22.62_-27.13_0.2529_0.4398_-0.6782_-0.5317end1.06_7.23_-5.07_25.63_-165.51_0.78_25.75_-22.62_-27.13_0.2529_0.4398_-0.6782_-0.5317end1.83_7.65_0.66_25.63_-165.51_0.78_25.75_-22.62_-27.13_0.2689_0.4449_-0.6721_-0.5273end0.84_7.18_-0.04_92.77_70.05_-29.21_25.75_-22.62_-27.13_0.2755_0.4462_-0.6692_-0.5265end0.84_7.18_-0.04_94.56_38.83_-27.75_25.75_-22.62_-27.13_0.2806_0.4465_-0.6666_-0.5268end0.70_9.20_3.51_76.43_21.82_-27.42_25.75_-22.62_-27.13_0.2806_0.4465_-0.6666_-0.5268end0.70_9.20_3.51_76.43_21.82_-27.42_27.87_-22.56_-24.94_0.2878_0.4446_-0.6625_-0.5297end0.70_9.20_3.51_73.07_-22.27_-24.06_27.87_-22.56_-24.94,24.1390126,120.7484652,114.80000305175781
1971,_0.2917_0.4412_-0.6602_-0.5334end0.70_9.20_3.51_45.88_3.02_-28.54_28.62_-22.56_-24.87_0.2917_0.4412_-0.6602_-0.5334end2.18_7.80_1.66_41.63_19.25_-31.00_28.62_-22.56_-24.87_0.2950_0.4382_-0.6589_-0.5356end,24.1390126,120.7484652,114.80000305175781
1972,,24.1390126,120.7484652,114.80000305175781
1973,,24.1390126,120.7484652,114.80000305175781
1974,,24.1390126,120.7484652,114.80000305175781
1975,,24.1390126,120.7484652,114.80000305175781
1976,,24.1390126,120.7484652,114.80000305175781
1977,2.18_7.80_1.66_41.63_19.25_-31.00_28.62_-21.81_-23.50_0.2999_0.4368_-0.6572_-0.5360end2.89_7.25_-5.21_41.63_19.25_-31.00_28.25_-23.25_-23.56_0.2999_0.4368_-0.6572_-0.5360end2.89_7.25_-5.21_49.46_78.89_-32.79_29.75_-22.87_-23.06_0.2999_0.4368_-0.6572_-0.5360end2.89_7.25_-5.21_49.46_78.89_-32.79_29.75_-22.87_-23.06_0.3112_0.4373_-0.6528_-0.5346end0.80_8.04_-0.00_49.46_78.89_-32.79_29.75_-22.87_-23.06_0.3157_0.4376_-0.6507_-0.5343end1.09_8.03_0.03_49.46_78.89_-32.79_30.12_-22.50_-21.25_0.3157_0.4376_-0.6507_-0.5343end0.43_8.27_1.23_74.75_108.10_-26.97_30.12_-22.50_-21.25_0.3157_0.4376_-0.6507_-0.5343end0.04_8.66_2.40_74.75_108.10_-26.97_30.12_-22.50_-21.2,24.1390126,120.7484652,114.80000305175781
1978,5_0.3397_0.4406_-0.6380_-0.5325end-1.02_8.28_4.05_74.75_108.10_-26.97_30.12_-22.50_-21.25_0.3447_0.4413_-0.6352_-0.5319end1.26_8.77_2.83_74.75_108.10_-26.97_30.12_-22.50_-21.25_0.3497_0.4420_-0.6324_-0.5313end,24.1390126,120.7484652,114.80000305175781
1979,,24.1390126,120.7484652,114.80000305175781
1980,,24.1390126,120.7484652,114.80000305175781
1981,,24.1390126,120.7484652,114.80000305175781
1982,,24.1390126,120.7484652,114.80000305175781
1983,,24.1390126,120.7484652,114.80000305175781
1984,,24.1390126,120.7484652,114.80000305175781
1985,-0.33_8.70_4.04_68.82_86.06_-23.95_30.12_-22.50_-21.25_0.3497_0.4420_-0.6324_-0.5313end-0.33_8.70_4.04_68.82_86.06_-23.95_30.12_-22.50_-21.25_0.3582_0.4427_-0.6276_-0.5309end-0.33_8.70_4.04_68.82_86.06_-23.95_30.12_-22.50_-21.25_0.3657_0.4431_-0.6234_-0.5305end-0.87_8.32_3.34_68.82_86.06_-23.95_32.00_-22.37_-16.69_0.3690_0.4429_-0.6215_-0.5305end-0.50_8.48_2.62_53.38_52.48_-22.05_32.00_-22.37_-16.69_0.3690_0.4429_-0.6215_-0.5305end-0.50_8.48_2.62_53.38_52.48_-22.05_32.69_-22.75_-17.62_0.3719_0.4427_-0.6198_-0.5306end-0.50_8.48_2.62_60.76_31.56_-18.46_32.69_-22.75_-17.62_0.3798_0.4411_-0.6151_-0.5318end-0.71_8.27_1.04_60.76_31.56_-18.46_32.38_-22.37_-16.25_0.3798_0.4411_-0.6151_-0.5318end-0.71_8.27_1.04_59.87_30.10_-17.57_32.38_-22.37_-16.25_0.3822_0.4403_-0.6135_-0.5326end-0.71_8.27_1.04_59.87_30.10_-17.57_32.38_-22.37_-16.25_0.3846_0.4395_-0.6119_-0.5333end,24.1390126,120.7484652,114.80000305175781
1986,,24.1390126,120.7484652,114.80000305175781
1987,,24.1390126,120.7484652,114.80000305175781
1988,,24.1390126,120.7484652,114.80000305175781
1989,,24.1390126,120.7484652,114.80000305175781
1990,,24.1390126,120.7484652,114.80000305175781
1991,,24.1390126,120.7484652,114.80000305175781
1992,-1.86_8.27_0.04_59.87_30.10_-17.57_32.38_-22.37_-16.25_0.3846_0.4395_-0.6119_-0.5333end-1.28_8.25_0.53_59.87_30.10_-17.57_32.38_-22.37_-16.25_0.3946_0.4359_-0.6050_-0.5370end-1.51_8.66_2.25_59.87_30.10_-17.57_32.38_-22.37_-16.25_0.3969_0.4348_-0.6033_-0.5380end-1.58_8.50_1.53_63.90_20.48_-15.22_33.44_-23.75_-14.50_0.3969_0.4348_-0.6033_-0.5380end-1.95_8.44_1.19_63.90_20.48_-15.22_33.44_-23.75_-14.50_0.3969_0.4348_-0.6033_-0.5380end-2.54_8.52_0.79_63.90_20.48_-15.22_34.19_-23.69_-13.13_0.4047_0.4307_-0.5972_-0.5424end-2.55_8.42_-0.74_63.90_20.48_-15.22_34.19_-23.69_-13.13_0.4062_0.4296_-0.5958_-0.5435end-3.20_8.45_-1.48_63.90_20.48_-15.22_33.81_-22.69_-14.00_0.4062_0.4296_-0.5958_-0.5435end-2.89_8.28_-1.95_61.32_-18.02_-10.18_33.81_-23.38_-13.13_0.4062_0.4296_-0.5958_-0.5435end-2.89_8.28_-1.95_63.34_-27.86_-9.74_33.81_-23.38_-13.13_0.4099_0.4253_-0.5925_-0.5478end,24.1390126,120.7484652,114.80000305175781
1993,,24.1390126,120.7484652,114.80000305175781
1994,,24.1390126,120.7484652,114.80000305175781
1995,,24.1390126,120.7484652,114.80000305175781
1996,,24.1390126,120.7484652,114.80000305175781
1997,,24.1390126,120.7484652,114.80000305175781
1998,,24.1390126,120.7484652,114.80000305175781
1999,-2.30_8.55_-1.42_63.34_-27.86_-9.74_33.81_-23.69_-13.13_0.4112_0.4213_-0.5908_-0.5517end-2.20_8.66_-1.19_63.34_-27.86_-9.74_33.50_-23.38_-12.63_0.4115_0.4189_-0.5902_-0.5540end-2.11_8.57_-0.74_62.56_-49.01_-7.61_33.50_-23.38_-12.63_0.4115_0.4189_-0.5902_-0.5540end-1.90_8.64_-1.01_62.56_-49.01_-7.61_32.75_-24.06_-12.69_0.4114_0.4114_-0.5889_-0.5610end-1.92_8.63_-1.38_55.51_-53.83_-6.27_34.19_-25.12_-14.50_0.4114_0.4114_-0.5889_-0.5610end-2.01_8.48_-1.77_55.51_-53.83_-6.27_34.19_-25.12_-14.50_0.4109_0.4066_-0.5883_-0.5656end-1.93_8.64_-2.88_55.51_-53.83_-6.27_34.19_-25.12_-14.50_0.4109_0.4066_-0.5883_-0.5656end-2.13_8.62_-3.64_55.51_-53.83_-6.27_34.19_-2,24.1390126,120.7484652,114.80000305175781
2000,5.12_-14.50_0.4105_0.4041_-0.5881_-0.5677end-2.13_8.62_-3.64_55.51_-53.83_-6.27_34.19_-24.37_-12.25_0.4097_0.3992_-0.5876_-0.5722end-2.07_8.53_-4.09_52.37_-57.52_-5.26_34.19_-24.37_-12.25_0.4093_0.3968_-0.5875_-0.5744end,24.1390126,120.7484652,114.80000305175781
2001,,24.1390126,120.7484652,114.80000305175781
2002,,24.1390126,120.7484652,114.80000305175781
2003,,24.1390126,120.7484652,114.80000305175781
2004,,24.1390126,120.7484652,114.80000305175781
2005,,24.1390126,120.7484652,114.80000305175781
2006,,24.1390126,120.7484652,114.80000305175781
2007,-2.07_8.53_-4.09_53.60_-59.76_-5.26_33.06_-24.06_-14.50_0.4093_0.3968_-0.5875_-0.5744end-1.87_8.75_-3.62_53.60_-59.76_-5.26_33.06_-24.06_-14.50_0.4088_0.3942_-0.5873_-0.5768end-1.87_8.75_-3.62_53.60_-59.76_-5.26_34.19_-23.69_-12.69_0.4071_0.3862_-0.5868_-0.5838end-1.39_8.97_-2.18_52.93_-66.81_-5.04_32.75_-24.37_-13.13_0.4064_0.3,24.1390126,120.7484652,114.80000305175781
2008,,24.1390126,120.7484652,114.80000305175781
2009,833_-0.5867_-0.5863end-1.39_8.97_-2.18_52.04_-66.36_-5.04_32.75_-24.37_-13.13_0.4050_0.3779_-0.5865_-0.5909end-1.03_8.95_-1.96_52.04_-66.36_-5.04_32.75_-24.37_-13.13_0.4042_0.3751_-0.5865_-0.5933end-1.03_8.95_-1.96_47.78_-67.48_-5.71_33.06_-25.12_-14.06_0.4042_0.3751_-0.5865_-0.5933end-1.03_8.95_-1.96_47.78_-67.48_-5.71_33.06_-2,24.1390126,120.7484652,114.80000305175781
2010,,24.1390126,120.7484652,114.80000305175781
2011,5.12_-14.06_0.4016_0.3668_-0.5867_-0.6000end-0.53_8.87_-2.58_47.78_-67.48_-5.71_33.06_-25.12_-14.06_0.4008_0.3640_-0.5867_-0.6022end-0.19_8.99_-2.68_47.78_-67.48_-5.71_32.00_-24.75_-14.06_0.4008_0.3640_-0.5867_-0.6022end,24.1390126,120.7484652,114.80000305175781
2012,,24.1390126,120.7484652,114.80000305175781
2013,,24.1390126,120.7484652,114.80000305175781
2014,0.41_9.13_-2.67_47.78_-67.48_-5.71_32.00_-24.75_-14.06_0.4008_0.3640_-0.5867_-0.6022end0.60_9.03_-2.61_47.67_-63.90_-7.39_32.00_-24.75_-14.06_0.3976_0.3529_-0.5867_-0.6108end0.59_9.12_-2.52_46.22_-53.71_-8.62_31.25_-25.12_-14.94_0.3976_0.3529_-0.5867_-0.6108end0.56_9.09_-2.65_46.22_-53.71_-8.62_31.25_-25.12_-14.94_0.3966_0.3480_-0.5864_-0.6146end0.48_9.12_-2.69_44.31_-40.85_-9.06_31.62_-24.75_-14.50_0.3966_0.3480_-0.5864_-0.6146end0.41_9.08_-2.75_43.87_-34.13_-9.62_31.62_-24.75_-14.50_0.3966_0.3480_-0.5864_-0.6146end0.41_9.08_-2.75_43.87_-34.13_-9.62_31.62_-24.75_-14.50_0.3964_0.3419_-0.5853_-0.6192end-0.18_9.01_-2.69_43.87_-34.13_-9.62_31.62_-24.75_-1,24.1390126,120.7484652,114.80000305175781
2015,4.50_0.3964_0.3419_-0.5853_-0.6192end-0.42_9.35_-2.50_43.87_-34.13_-9.62_31.62_-24.75_-14.50_0.3977_0.3373_-0.5832_-0.6229end-0.66_9.04_-2.19_42.64_-5.71_-10.63_31.62_-24.75_-14.50_0.3977_0.3373_-0.5832_-0.6229end,24.1390126,120.7484652,114.80000305175781
2016,,24.1390126,120.7484652,114.80000305175781
2017,,24.1390126,120.7484652,114.80000305175781
2018,,24.1390126,120.7484652,114.80000305175781
2019,,24.1390126,120.7484652,114.80000305175781
2020,,24.1390126,120.7484652,114.80000305175781
2021,-0.84_9.20_-2.19_42.64_-5.71_-10.63_31.62_-24.75_-14.50_0.3998_0.3336_-0.5805_-0.6260end-1.32_9.05_-1.79_42.64_-5.71_-10.63_31.62_-24.75_-14.50_0.4006_0.3325_-0.5795_-0.6270end-1.58_8.77_-1.72_42.64_-5.71_-10.63_31.62_-24.75_-14.50_0.4014_0.3315_-0.5787_-0.6279end-1.78_9.91_-2.05_42.64_-5.71_-10.63_31.62_-24.75_-14.50_0.4014_0.3315_-0.5787_-0.6279end-2.29_9.29_-2.01_40.06_-13.09_-9.18_31.62_-24.75_-14.50_0.4014_0.3315_-0.5787_-0.6279end-2.29_9.29_-2.01_39.50_-23.39_-8.62_32.38_-24.75_-13.13_0.4030_0.3278_-0.5763_-0.6309end-2.22_9.16_-2.05_39.50_-23.39_-8.62_32.38_-24.75_-13.13_0.4033_0.3246_-0.5752_-0.6333end-2.22_9.16_-2.05_39.28_-30.44_-8.39_31.62_-2,24.1390126,120.7484652,114.80000305175781
2022,5.12_-13.56_0.4033_0.3246_-0.5752_-0.6333end-1.76_9.18_-1.90_38.50_-32.79_-8.50_31.62_-25.12_-13.56_0.4033_0.3210_-0.5743_-0.6359end-1.76_9.18_-1.90_38.38_-35.92_-7.61_32.00_-25.44_-14.06_0.4033_0.3210_-0.5743_-0.6359end,24.1390126,120.7484652,114.80000305175781
2023,,24.1390126,120.7484652,114.80000305175781
2024,,24.1390126,120.7484652,114.80000305175781
2025,,24.1390126,120.7484652,114.80000305175781
2026,,24.1390126,120.7484652,114.80000305175781
2027,,24.1390126,120.7484652,114.80000305175781
2028,,24.1390126,120.7484652,114.80000305175781
2029,,24.1390126,120.7484652,114.80000305175781
2030,-1.76_9.18_-1.90_36.93_-40.62_-6.60_32.00_-25.44_-14.06_0.4030_0.3173_-0.5737_-0.6385end-1.76_9.18_-1.90_36.93_-40.62_-6.60_32.38_-25.06_-13.13_0.4027_0.3154_-0.5734_-0.6400end-1.76_9.18_-1.90_36.37_-39.61_-6.49_32.38_-25.06_-13.13_0.4020_0.3115_-0.5730_-0.6427end-1.76_9.18_-1.90_36.59_-37.60_-7.16_30.88_-25.44_-13.62_0.4020_0.3115_-0.5730_-0.6427end-1.76_9.18_-1.90_36.03_-36.15_-7.16_32.38_-24.37_-13.13_0.4014_0.3077_-0.5724_-0.6454end-1.76_9.18_-1.90_36.03_-36.15_-7.16_32.38_-24.37_-13.13_0.4009_0.3040_-0.5719_-0.6479end-0.82_9.14_-3.11_36.03_-36.15_-7.16_32.38_-24.37_-13.13_0.4009_0.3040_-0.5719_-0.6479end-1.02_9.14_-3.18_34.58_-34.80_-6.38_32.38_-24.37_-13.13_0.4009_0.3040_-0.5719_-0.6479end-1.02_9.14_-3.18_33.80_-38.94_-5.60_32.00_-25.12_-14.56_0.4002_0.2986_-0.5710_-0.6516end-1.25_9.17_-3.05_33.80_-38.94_-5.60_32.00_-25.12_-14.56_0.3994_0.2949_-0.5706_-0.6542end,24.1390126,120.7484652,114.80000305175781
2031,,24.1390126,120.7484652,114.80000305175781
2032,,24.1390126,120.7484652,114.80000305175781
2033,,24.1390126,120.7484652,114.80000305175781
2034,,24.1390126,120.7484652,114.80000305175781
2035,,24.1390126,120.7484652,114.80000305175781
2036,-1.16_9.13_-3.04_33.80_-38.94_-5.60_32.00_-25.12_-14.56_0.3988_0.2928_-0.5705_-0.6556end-0.93_9.14_-2.92_33.80_-38.94_-5.60_32.00_-25.12_-14.56_0.3988_0.2928_-0.5705_-0.6556end-0.65_9.16_-2.88_33.80_-38.94_-5.60_29.75_-25.81_-14.06_0.3988_0.2928_-0.5705_-0.6556end-0.65_9.16_-2.88_33.80_-38.94_-5.60_31.25_-25.12_-14.06_0.3968_0.2861_-0.5706_-0.6597end-0.65_9.16_-2.88_33.80_-38.94_-5.60_31.25_-25.12_-14.06_0.3951_0.2812_-0.5709_-0.6625end0.22_9.13_-3.04_33.80_-38.94_-5.60_31.25_-25.12_-14.06_0.3943_0.2788_-0.5710_-0.6639end0.32_9.09_-3.11_31.11_-54.72_-7.50_31.25_-25.12_-14.06_0.3943_0.2788_-0.5710_-0.6639end0.38_9.09_-3.18_31.11_-54.72_-7.50_31.25_-25.81_-15.88_0.3943_0.2788_-0.5710_-0.6639end0.38_9.09_-3.18_31.11_-54.72_-7.50_30.88_-25.12_-14.56_0.3917_0.2700_-0.5712_-0.6689end0.59_9.11_-3.12_31.11_-54.72_-7.50_30.88_-25.12_-14.56_0.3914_0.2680_-0.5711_-0.6699end,24.1390126,120.7484652,114.80000305175781
2037,,24.1390126,120.7484652,114.80000305175781
2038,,24.1390126,120.7484652,114.80000305175781
2039,,24.1390126,120.7484652,114.80000305175781
2040,,24.1390126,120.7484652,114.80000305175781
2041,,24.1390126,120.7484652,114.80000305175781
2042,,24.1390126,120.7484652,114.80000305175781
2043,,24.1390126,120.7484652,114.80000305175781
2044,0.71_9.08_-2.92_31.11_-54.72_-7.50_30.88_-25.12_-14.56_0.3912_0.2662_-0.5710_-0.6709end0.71_9.08_-2.87_29.77_-29.21_-12.31_30.88_-25.12_-14.56_0.3911_0.2645_-0.5707_-0.6719end0.71_9.08_-2.87_29.77_-29.21_-12.31_30.88_-25.12_-14.56_0.3909_0.2610_-0.5703_-0.6737end0.58_9.09_-2.75_29.77_-29.21_-12.31_30.88_-25.12_-14.56_0.3909_0.2594_-0.5700_-0.6745end0.26_9.09_-2.63_29.77_-29.21_-12.31_30.88_-25.12_-14.56_0.3909_0.2594_-0.5700_-0.6745end0.15_9.02_-2.44_29.66_-15.67_-14.21_30.88_-25.12_-14.56_0.3909_0.2594_-0.5700_-0.6745end0.15_9.02_-2.44_29.66_-15.67_-14.21_30.88_-25.12_-14.56_0.3917_0.2551_-0.5688_-0.6768end-0.27_9.06_-2.19_28.76_-7.95_-15.67_30.88_-25.12_-14.56_0.3917_0.2551_-0.5688_-0.6768end-0.42_9.01_-2.12_29.77_-4.48_-15.67_30.88_-25.12_-14.56_0.3917_0.2551_-0.5688_-0.6768end-0.74_9.13_-2.00_29.88_-3.25_-15.55_30.88_-25.12_-14.56_0.3917_0.2551_-0.5688_-0.6768end,24.1390126,120.7484652,114.80000305175781
2045,,24.1390126,120.7484652,114.80000305175781
2046,,24.1390126,120.7484652,114.80000305175781
2047,,24.1390126,120.7484652,114.80000305175781
2048,,24.1390126,120.7484652,114.80000305175781
2049,,24.1390126,120.7484652,114.80000305175781
2050,,24.1390126,120.7484652,114.80000305175781
2051,,24.1390126,120.7484652,114.80000305175781
2052,-0.97_9.04_-2.02_29.88_-3.25_-15.55_31.62_-25.44_-14.94_0.3917_0.2551_-0.5688_-0.6768end-0.97_9.04_-2.02_30.10_4.59_-16.34_31.62_-25.44_-14.94_0.3956_0.2488_-0.5650_-0.6800end-1.39_8.99_-1.92_30.10_4.59_-16.34_31.62_-25.44_-14.94_0.3965_0.2479_-0.5642_-0.6804end-1.51_8.99_-1.94_30.10_4.59_-16.34_30.12_-25.81_-15.44_0.3965_0.2479,24.1390126,120.7484652,114.80000305175781
2053,_-0.5642_-0.6804end-1.70_8.99_-2.01_30.10_7.61_-16.79_30.12_-25.81_-15.44_0.3994_0.2457_-0.5617_-0.6816end-1.89_8.95_-2.08_30.10_7.61_-16.79_30.12_-25.81_-15.44_0.4004_0.2449_-0.5609_-0.6820end-1.89_8.95_-2.08_30.10_7.61_-16.79_30.12_-25.81_-15.44_0.4004_0.2449_-0.5609_-0.6820end-2.19_8.98_-2.14_31.33_5.82_-15.44_30.12_-25.81_-15.44_0.4004_0.2449_-0.5609_-0.6820end-2.19_8.98_-2.14_31.33_5.82_-15.44_30.12_-25.81_-15.44_0.4041_0.2419_-0.5574_-0.6837end-2.55_8.92_-2.11_31.33_5.82_-15.44_30.88_-25.81_-13.69_0.4050_0.2411_-0.5565_-0.6842end,24.1390126,120.7484652,114.80000305175781
2054,,24.1390126,120.7484652,114.80000305175781
2055,,24.1390126,120.7484652,114.80000305175781
2056,,24.1390126,120.7484652,114.80000305175781
2057,,24.1390126,120.7484652,114.80000305175781
2058,,24.1390126,120.7484652,114.80000305175781
2059,-2.56_8.88_-2.14_31.89_2.01_-14.44_30.88_-25.81_-13.69_0.4066_0.2394_-0.5548_-0.6852end-2.61_8.91_-2.19_31.89_2.01_-14.44_30.88_-25.81_-13.69_0.4073_0.2383_-0.5540_-0.6859end-2.66_8.89_-2.24_31.89_2.01_-14.44_30.88_-25.81_-13.69_0.4073_0.2383_-0.5540_-0.6859end-2.77_8.27_-2.29_32.34_-4.25_-12.98_30.88_-25.81_-13.69_0.4091_0.2352_-0.5516_-0.6877end-3.28_-3.75_-1.66_32.34_-4.25_-12.98_30.88_-25.81_-13.69_0.4097_0.2342_-0.5509_-0.6884end-4.46_7.23_-6.74_32.34_-4.25_-12.98_32.69_-24.75_-14.50_0.4097_0.2342_-0.5509_-0.6884end-1.62_9.39_-7.84_39.50_-6.04_-10.30_32.38_-25.44_-13.19_0.4097_0.2342_-0.5509_-0.6884end-1.62_9.39_-7.84_32.34_-4.92_-8.84_32.38_-25.44_-13.19_0.4113_0.2303_-0.5480_-0.6910end-1.62_9.39_-7.84_30.55_-15.11_-8.17_32.38_-25.44_-13.19_0.4118_0.2292_-0.5471_-0.6918end-4.20_8.90_-0.84_30.55_-15.11_-8.17_32.38_-25.44_-13.19_0.4118_0.2292_-0.5471_-0.6918end,24.1390126,120.7484652,114.80000305175781
2060,,24.1390126,120.7484652,114.80000305175781
2061,,24.1390126,120.7484652,114.80000305175781
2062,,24.1390126,120.7484652,114.80000305175781
2063,,24.1390126,120.7484652,114.80000305175781
2064,,24.1390126,120.7484652,114.80000305175781
2065,,24.1390126,120.7484652,114.80000305175781
2066,-3.69_8.78_-3.45_31.00_-17.57_-9.06_32.38_-25.44_-13.19_0.4118_0.2292_-0.5471_-0.6918end-3.69_8.78_-3.45_31.00_-17.57_-9.06_32.38_-25.44_-13.19_0.4124_0.2225_-0.5442_-0.6959end-3.76_8.68_-3.55_33.01_-34.47_-7.27_32.38_-25.44_-13.19_0.4122_0.2206_-0.5438_-0.6970end-2.62_8.67_-3.14_33.01_-34.47_-7.27_32.38_-25.44_-13.19_0.4122_0.2206_-0.5438_-0.6970end-2.52_8.69_-2.83_35.14_-42.86_-5.71_32.38_-25.44_-13.19_0.4122_0.2206_-0.5438_-0.6970end-2.52_8.69_-2.83_35.14_-42.86_-5.71_31.62_-26.44_-12.31_0.4107_0.2145_-0.5430_-0.7004end-2.80_8.76_-2.43_36.48_-51.14_-4.36_31.62_-26.44_-12.31_0.4092_0.2098_-0.5426_-0.7029end-2.21_8.71_-2.21_36.48_-51.14_-4.36_31.62_-2,24.1390126,120.7484652,114.80000305175781
2067,6.44_-12.31_0.4084_0.2075_-0.5424_-0.7042end-2.29_8.66_-1.86_34.58_-53.60_-5.26_31.62_-26.44_-12.31_0.4084_0.2075_-0.5424_-0.7042end-1.72_8.66_-1.76_34.58_-53.60_-5.26_31.62_-25.44_-13.19_0.4084_0.2075_-0.5424_-0.7042end,24.1390126,120.7484652,114.80000305175781
2068,,24.1390126,120.7484652,114.80000305175781
2069,,24.1390126,120.7484652,114.80000305175781
2070,,24.1390126,120.7484652,114.80000305175781
2071,,24.1390126,120.7484652,114.80000305175781
2072,,24.1390126,120.7484652,114.80000305175781
2073,,24.1390126,120.7484652,114.80000305175781
2074,-1.78_8.61_-2.05_34.58_-53.60_-5.26_30.12_-25.44_-13.19_0.4059_0.2001_-0.5423_-0.7079end-1.78_8.61_-2.05_34.58_-53.60_-5.26_30.12_-25.44_-13.19_0.4041_0.1949_-0.5423_-0.7104end-1.42_8.54_-1.90_36.37_-58.08_-5.26_30.12_-25.44_-13.19_0.4031_0.1923_-0.5422_-0.7116end-1.48_8.54_-1.79_36.37_-58.08_-5.26_30.12_-25.44_-13.19_0.4031_0.1923_-0.5422_-0.7116end-1.39_8.50_-1.37_36.37_-58.08_-5.26_30.12_-25.44_-13.19_0.4031_0.1923_-0.5422_-0.7116end-1.45_8.46_-1.23_36.37_-58.08_-5.26_30.12_-25.44_-13.19_0.4001_0.1824_-0.5414_-0.7166end-1.26_8.46_-0.71_36.37_-58.08_-5.26_30.12_-25.44_-13.19_0.3996_0.1800_-0.5410_-0.7178end-1.26_8.40_-0.59_36.37_-58.08_-5.26_30.12_-2,24.1390126,120.7484652,114.80000305175781
2075,5.44_-13.19_0.3991_0.1777_-0.5405_-0.7191end-1.26_8.40_-0.59_41.63_-42.52_-8.39_30.12_-25.44_-13.19_0.3991_0.1777_-0.5405_-0.7191end-1.26_8.40_-0.59_41.63_-42.52_-8.39_30.88_-25.12_-13.19_0.3982_0.1731_-0.5394_-0.7214end,24.1390126,120.7484652,114.80000305175781
2076,,24.1390126,120.7484652,114.80000305175781
2077,,24.1390126,120.7484652,114.80000305175781
2078,,24.1390126,120.7484652,114.80000305175781
2079,,24.1390126,120.7484652,114.80000305175781
2080,-1.39_8.28_-0.49_42.19_-41.85_-8.50_30.88_-26.19_-15.44_0.3982_0.1731_-0.5394_-0.7214end-1.39_8.28_-0.49_42.97_-40.96_-8.95_30.88_-26.19_-15.44_0.3974_0.1686_-0.5383_-0.7238end-1.56_8.24_-0.57_45.32_-37.38_-9.40_30.12_-26.50_-15.00_0.3974_0.1686_-0.5383_-0.7238end-1.56_8.24_-0.57_46.33_-34.91_-10.07_30.12_-26.50_-15.00_0.3965_0.,24.1390126,120.7484652,114.80000305175781
2081,1619_-0.5363_-0.7273end-1.56_8.24_-0.57_47.45_-32.45_-10.18_30.12_-26.50_-15.00_0.3964_0.1599_-0.5354_-0.7285end-1.56_8.24_-0.57_48.34_-29.88_-10.85_30.12_-26.50_-15.00_0.3964_0.1557_-0.5335_-0.7308end-1.56_8.24_-0.57_48.34_-29.88_-10.85_30.50_-25.44_-13.19_0.3964_0.1557_-0.5335_-0.7308end-1.86_8.03_-1.21_48.34_-29.88_-10.85_30.50_-25.44_-13.19_0.3964_0.1557_-0.5335_-0.7308end-1.80_8.07_-1.44_48.34_-29.88_-10.85_30.50_-25.44_-13.19_0.3970_0.1481_-0.5289_-0.7354end-1.49_7.90_-2.57_48.34_-29.88_-10.85_30.50_-25.44_-13.19_0.3970_0.1481_-0.5289_-0.7354end,24.1390126,120.7484652,114.80000305175781
2082,,24.1390126,120.7484652,114.80000305175781
2083,,24.1390126,120.7484652,114.80000305175781
2084,,24.1390126,120.7484652,114.80000305175781
2085,,24.1390126,120.7484652,114.80000305175781
2086,,24.1390126,120.7484652,114.80000305175781
2087,,24.1390126,120.7484652,114.80000305175781
2088,,24.1390126,120.7484652,114.80000305175781
2089,,24.1390126,120.7484652,114.80000305175781
2090,-1.20_8.18_-3.64_48.34_-29.88_-10.85_30.50_-25.44_-13.19_0.3976_0.1446_-0.5264_-0.7375end-1.01_10.93_-4.62_49.80_-13.09_-12.87_30.50_-25.44_-13.19_0.3976_0.1446_-0.5264_-0.7375end-0.80_14.82_-5.45_49.46_-10.41_-13.99_30.50_-25.44_-13.19_0.3990_0.1399_-0.5225_-0.7405end-0.21_18.19_-6.93_49.46_-10.41_-13.99_30.50_-25.44_-13.19_0.3,24.1390126,120.7484652,114.80000305175781
2091,995_0.1384_-0.5211_-0.7413end0.62_24.93_-10.64_49.46_-10.41_-13.99_30.50_-25.44_-13.19_0.3995_0.1384_-0.5211_-0.7413end0.62_24.93_-10.64_44.31_-1.90_-13.88_30.50_-25.44_-13.19_0.3995_0.1384_-0.5211_-0.7413end1.36_27.77_-9.96_44.31_-1.90_-13.88_30.50_-25.44_-13.19_0.4020_0.1337_-0.5162_-0.7443end1.52_29.22_-10.58_44.31_-1.90_-13.88_30.50_-25.44_-13.19_0.4023_0.1326_-0.5154_-0.7449end1.18_29.30_-10.34_25.85_-7.61_-10.63_30.50_-25.44_-13.19_0.4023_0.1326_-0.5154_-0.7449end1.77_29.07_-10.35_22.16_-2.46_-11.64_30.88_-25.44_-12.25_0.4023_0.1326_-0.5154_-0.7449end,24.1390126,120.7484652,114.80000305175781
2092,,24.1390126,120.7484652,114.80000305175781
2093,,24.1390126,120.7484652,114.80000305175781
2094,,24.1390126,120.7484652,114.80000305175781
2095,,24.1390126,120.7484652,114.80000305175781
2096,1.17_28.56_-9.98_18.46_9.29_-12.20_30.88_-25.44_-12.25_0.4045_0.1301_-0.5126_-0.7462end1.61_27.71_-9.38_18.46_9.29_-12.20_30.88_-25.44_-12.25_0.4057_0.1306_-0.5116_-0.7461end1.68_24.58_-6.69_18.46_9.29_-12.20_31.62_-25.75_-12.25_0.4057_0.1306_-0.5116_-0.7461end1.37_23.55_-6.12_18.46_9.29_-12.20_32.38_-26.75_-10.94_0.4111_0.1353_-0.5076_-0.7450end0.80_22.45_-5.57_18.46_9.29_-12.20_31.62_-25.75_-10.88_0.4133_0.1378_-0.5060_-0.7444end0.43_20.41_-4.98_-2.13_111.57_-10.07_31.62_-25.75_-10.88_0.4133_0.1378_-0.5060_-0.7444end0.09_18.84_-4.88_-2.13_111.57_-10.07_31.62_-25.75_-10.88_0.4133_0.1378_-0.5060_-0.7444end-0.20_18.20_-4.84_-7.95_132.05_-7.83_31.62_-25.,24.1390126,120.7484652,114.80000305175781
2097,75_-10.88_0.4133_0.1378_-0.5060_-0.7444end-0.20_18.20_-4.84_-7.95_132.05_-7.83_31.62_-25.75_-10.88_0.4249_0.1530_-0.4980_-0.7403end-1.09_15.87_-4.62_-7.95_132.05_-7.83_31.62_-25.75_-10.88_0.4279_0.1575_-0.4958_-0.7391end,24.1390126,120.7484652,114.80000305175781
2098,,24.1390126,120.7484652,114.80000305175781
2099,,24.1390126,120.7484652,114.80000305175781
2100,,24.1390126,120.7484652,114.80000305175781
2101,,24.1390126,120.7484652,114.80000305175781
2102,,24.1390126,120.7484652,114.80000305175781
2103,-1.21_15.27_-4.34_-20.59_144.13_0.11_31.62_-25.75_-10.88_0.4279_0.1575_-0.4958_-0.7391end-1.45_14.10_-3.74_-20.59_144.13_0.11_31.62_-25.75_-10.88_0.4368_0.1723_-0.4896_-0.7347end-1.45_14.10_-3.74_-33.57_129.59_7.27_31.62_-25.75_-10.88_0.4395_0.1774_-0.4876_-0.7332end-1.45_14.10_-3.74_-33.57_129.59_7.27_31.62_-25.75_-10.88_0.4439_0.1871_-0.4847_-0.7300end-1.45_14.10_-3.74_-43.98_109.22_12.65_31.62_-25.75_-10.88_0.4456_0.1917_-0.4837_-0.7285end-1.49_11.76_-3.51_-43.98_109.22_12.65_33.13_-26.00_-7.31_0.4456_0.1917_-0.4837_-0.7285end-1.49_11.76_-3.51_-58.97_81.02_20.25_33.13_-26.00_-7.31_0.4480_0.2006_-0.4827_-0.7253end-1.49_11.76_-3.51_-58.97_81.02_20.25_33.13_-25.69_-7.69_0.4490_0.2089_-0.4828_-0.7222end-1.20_10.05_-2.67_-58.97_81.02_20.25_33.13_-25.69_-7.69_0.4492_0.2129_-0.4834_-0.7206end-1.07_9.75_-2.55_-58.97_81.02_20.25_33.13_-25.69_-7.69_0.4490_0.2169_-0.4842_-0.7190end,24.1390126,120.7484652,114.80000305175781
2104,,24.1390126,120.7484652,114.80000305175781
2105,,24.1390126,120.7484652,114.80000305175781
2106,,24.1390126,120.7484652,114.80000305175781
2107,,24.1390126,120.7484652,114.80000305175781
2108,,24.1390126,120.7484652,114.80000305175781
2109,,24.1390126,120.7484652,114.80000305175781
2110,-0.96_9.51_-2.52_-82.59_54.50_29.10_33.13_-25.69_-7.69_0.4490_0.2169_-0.4842_-0.7190end-0.66_8.99_-2.64_-82.59_54.50_29.10_34.56_-27.00_-5.94_0.4490_0.2169_-0.4842_-0.7190end-0.66_8.99_-2.64_-82.59_54.50_29.10_34.56_-27.00_-5.94_0.4457_0.2324_-0.4901_-0.7121end-0.20_8.28_-2.57_-82.59_54.50_29.10_34.56_-27.00_-5.94_0.4444_0.2365_,24.1390126,120.7484652,114.80000305175781
2111,-0.4922_-0.7102end0.06_7.95_-2.50_-82.59_54.50_29.10_34.56_-27.00_-5.94_0.4429_0.2404_-0.4944_-0.7083end0.27_7.70_-2.50_-116.61_36.93_39.06_34.56_-27.00_-5.94_0.4429_0.2404_-0.4944_-0.7083end0.39_7.50_-2.50_-121.98_39.61_39.95_34.56_-27.00_-5.94_0.4378_0.2534_-0.5019_-0.7016end0.72_7.00_-2.40_-121.98_39.61_39.95_34.56_-27.00_-5.94_0.4362_0.2581_-0.5045_-0.6990end0.81_6.46_-2.24_-121.98_39.61_39.95_34.56_-27.00_-5.94_0.4362_0.2581_-0.5045_-0.6990end0.81_6.46_-2.24_-143.24_62.67_40.85_32.00_-27.06_-7.31_0.4362_0.2581_-0.5045_-0.6990end,24.1390126,120.7484652,114.80000305175781
2112,,24.1390126,120.7484652,114.80000305175781
2113,,24.1390126,120.7484652,114.80000305175781
2114,,24.1390126,120.7484652,114.80000305175781
2115,,24.1390126,120.7484652,114.80000305175781
2116,,24.1390126,120.7484652,114.80000305175781
2117,,24.1390126,120.7484652,114.80000305175781
2118,0.96_5.75_-1.96_-147.94_70.16_40.85_32.00_-27.06_-7.31_0.4314_0.2742_-0.5125_-0.6900end0.96_5.75_-1.96_-157.45_85.83_39.61_32.00_-27.06_-7.31_0.4288_0.2864_-0.5178_-0.6827end0.96_5.75_-1.96_-161.70_93.22_38.61_32.00_-27.06_-7.31_0.4288_0.2864_-0.5178_-0.6827end0.96_5.75_-1.96_-165.96_98.92_37.38_32.00_-27.06_-7.31_0.4266_0.2996_-0.5228_-0.6745end0.99_4.60_-1.18_-165.96_98.92_37.38_32.00_-27.06_-7.31_0.4266_0.2996_-0.5228_-0.6745end0.99_4.60_-1.18_-165.96_98.92_37.38_32.00_-27.06_-7.31_0.4238_0.3209_-0.5304_-0.6603end0.94_4.08_-0.77_-165.96_98.92_37.38_32.00_-27.06_-7.31_0.4230_0.3282_-0.5328_-0.6552end0.87_3.97_-0.70_-165.96_98.92_37.38_33.13_-27.06_-7.75_0.4224_0.3359_-0.5354_-0.6497end0.78_3.93_-0.60_-187.89_131.49_25.85_33.13_-27.06_-7.75_0.4224_0.3359_-0.5354_-0.6497end0.78_3.93_-0.60_-187.89_131.49_25.85_32.75_-26.37_-8.63_0.4212_0.3511_-0.5402_-0.6384end,24.1390126,120.7484652,114.80000305175781
2119,,24.1390126,120.7484652,114.80000305175781
2120,,24.1390126,120.7484652,114.80000305175781
2121,,24.1390126,120.7484652,114.80000305175781
2122,,24.1390126,120.7484652,114.80000305175781
2123,,24.1390126,120.7484652,114.80000305175781
2124,,24.1390126,120.7484652,114.80000305175781
2125,0.78_3.93_-0.60_-190.35_134.18_24.17_32.75_-26.37_-8.63_0.4207_0.3590_-0.5427_-0.6321end0.78_3.93_-0.60_-192.03_134.96_22.60_32.75_-26.75_-8.63_0.4207_0.3590_-0.5427_-0.6321end0.78_3.93_-0.60_-194.94_132.61_18.80_32.75_-26.75_-8.63_0.4191_0.3819_-0.5499_-0.6133end0.17_2.77_0.07_-194.94_132.61_18.80_32.75_-26.75_-8.63_0.4185_0.3896_-0.5525_-0.6065end-0.02_2.41_0.36_-194.94_132.61_18.80_33.13_-27.06_-7.75_0.4169_0.4041_-0.5576_-0.5933end-0.25_2.01_0.64_-194.94_132.61_18.80_33.13_-27.06_-7.75_0.4169_0.4041_-0.5576_-0.5933end-0.43_1.65_1.02_-194.94_132.61_18.80_33.13_-27.06_-7.75_0.4149_0.4180_-0.5630_-0.5798end-0.46_1.45_1.16_-197.07_107.65_10.52_33.13_-24.31_-9.56_0.4149_0.4180_-0.5630_-0.5798end-0.46_1.45_1.16_-195.28_97.58_8.95_33.13_-24.31_-9.56_0.4109_0.4373_-0.5714_-0.5599end-0.53_1.25_1.29_-195.28_97.58_8.95_34.19_-25.69_-9.06_0.4109_0.4373_-0.5714_-0.5599end,24.1390126,120.7484652,114.80000305175781
2126,,24.1390126,120.7484652,114.80000305175781
2127,,24.1390126,120.7484652,114.80000305175781
2128,,24.1390126,120.7484652,114.80000305175781
2129,,24.1390126,120.7484652,114.80000305175781
2130,,24.1390126,120.7484652,114.80000305175781
2131,,24.1390126,120.7484652,114.80000305175781
2132,,24.1390126,120.7484652,114.80000305175781
2133,-0.53_1.25_1.29_-191.92_87.40_7.83_34.19_-25.69_-9.06_0.4092_0.4432_-0.5742_-0.5535end-0.53_1.25_1.29_-191.92_87.40_7.83_34.19_-25.69_-9.06_0.4057_0.4548_-0.5800_-0.5405end-0.53_1.25_1.29_-186.66_76.10_6.83_34.19_-25.69_-9.06_0.4038_0.4600_-0.5829_-0.5344end-0.53_1.25_1.29_-186.66_76.10_6.83_34.19_-24.69_-10.88_0.4017_0.4652_-0.5858_-0.5283end-0.53_1.25_1.29_-186.66_76.10_6.83_33.81_-25.06_-11.38_0.3973_0.4752_-0.5917_-0.5160end-0.46_0.20_2.24_-186.66_76.10_6.83_33.81_-25.06_-11.38_0.3973_0.4752_-0.5917_-0.5160end-0.23_0.11_2.00_-182.97_68.26_3.69_34.94_-23.31_-10.81_0.3973_0.4752_-0.5917_-0.5160end-0.50_0.03_1.52_-179.83_69.72_3.80_34.94_-23.31_-10.81_0.3973_0.4752_-0.5917_-0.5160end-0.50_0.03_1.52_-179.83_69.72_3.80_34.94_-23.31_-10.81_0.3866_0.4988_-0.6051_-0.4854end-1.18_0.24_1.31_-179.83_69.72_3.80_34.19_-23.69_-13.13_0.3866_0.4988_-0.6051_-0.4854end,24.1390126,120.7484652,114.80000305175781
2134,,24.1390126,120.7484652,114.80000305175781
2135,,24.1390126,120.7484652,114.80000305175781
2136,,24.1390126,120.7484652,114.80000305175781
2137,,24.1390126,120.7484652,114.80000305175781
2138,,24.1390126,120.7484652,114.80000305175781
2139,,24.1390126,120.7484652,114.80000305175781
2140,-1.18_0.24_1.31_-171.22_77.66_3.13_34.19_-23.69_-13.13_0.3830_0.5082_-0.6096_-0.4728end-1.02_0.46_1.34_-171.22_77.66_3.13_34.19_-23.69_-13.13_0.3815_0.5128_-0.6115_-0.4664end-0.51_1.20_0.74_-165.51_93.55_-0.45_34.19_-23.69_-13.13_0.3801_0.5175_-0.6134_-0.4598end-0.51_1.20_0.74_-165.51_93.55_-0.45_34.94_-21.94_-11.25_0.3801_0.517,24.1390126,120.7484652,114.80000305175781
2141,5_-0.6134_-0.4598end-0.51_1.20_0.74_-160.81_98.59_-1.45_34.94_-21.94_-11.25_0.3769_0.5311_-0.6182_-0.4402end-0.77_2.35_0.15_-155.66_103.40_-2.35_34.94_-21.94_-11.25_0.3760_0.5358_-0.6196_-0.4333end-1.00_3.66_0.05_-155.66_103.40_-2.35_34.94_-21.94_-11.25_0.3752_0.5402_-0.6208_-0.4266end-0.86_5.09_0.11_-155.66_103.40_-2.35_34.94_-,24.1390126,120.7484652,114.80000305175781
2142,21.94_-11.25_0.3752_0.5402_-0.6208_-0.4266end-0.71_6.02_0.16_-155.66_103.40_-2.35_34.94_-21.94_-11.25_0.3725_0.5528_-0.6245_-0.4069end-0.65_9.10_0.20_-155.66_103.40_-2.35_34.94_-21.94_-11.25_0.3710_0.5563_-0.6260_-0.4012end,24.1390126,120.7484652,114.80000305175781
2143,,24.1390126,120.7484652,114.80000305175781
2144,,24.1390126,120.7484652,114.80000305175781
2145,,24.1390126,120.7484652,114.80000305175781
2146,,24.1390126,120.7484652,114.80000305175781
2147,-0.65_9.10_0.20_-155.66_103.40_-2.35_36.06_-20.56_-13.50_0.3688_0.5594_-0.6278_-0.3962end-0.29_12.49_0.14_-137.31_-1.90_-1.01_36.06_-20.56_-13.50_0.3657_0.5620_-0.6301_-0.3918end-0.29_12.49_0.14_-137.31_-1.90_-1.01_36.06_-20.56_-13.50_0.3657_0.5620_-0.6301_-0.3918end-0.29_12.49_0.14_-130.03_-71.84_1.57_36.06_-20.56_-13.50_0.3657_0.5620_-0.6301_-0.3918end-0.29_12.49_0.14_-125.22_-104.18_3.58_36.06_-20.56_-13.50_0.3513_0.5656_-0.6392_-0.3848end-0.29_12.49_0.14_-121.42_-133.39_5.71_34.94_-20.25_-13.06_0.3378_0.5652_-0.6469_-0.3846end2.18_16.26_0.92_-121.42_-133.39_5.71_34.94_-20.25_-13.06_0.3378_0.5652_-0.6469_-0.3846end2.79_16.30_1.22_-107.54_-178.83_10.,24.1390126,120.7484652,114.80000305175781
2148,41_34.94_-20.25_-13.06_0.3143_0.5621_-0.6591_-0.3882end2.79_16.00_0.99_-107.54_-178.83_10.41_34.94_-20.25_-13.06_0.3069_0.5611_-0.6628_-0.3895end3.04_15.82_1.09_-107.54_-178.83_10.41_34.94_-20.25_-13.06_0.3069_0.5611_-0.6628_-0.3895end,24.1390126,120.7484652,114.80000305175781
2149,,24.1390126,120.7484652,114.80000305175781
2150,,24.1390126,120.7484652,114.80000305175781
2151,,24.1390126,120.7484652,114.80000305175781
2152,,24.1390126,120.7484652,114.80000305175781
2153,,24.1390126,120.7484652,114.80000305175781
2154,3.14_15.31_1.18_-107.54_-178.83_10.41_34.94_-20.25_-13.06_0.3069_0.5611_-0.6628_-0.3895end2.97_14.77_1.44_-107.54_-178.83_10.41_32.38_-19.37_-19.37_0.2885_0.5588_-0.6719_-0.3914end2.97_14.77_1.44_-74.08_-87.73_3.58_32.38_-19.37_-19.37_0.2835_0.5583_-0.6743_-0.3915end2.97_14.77_1.44_-74.08_-87.73_3.58_32.69_-19.06_-19.75_0.2794_0.5579_-0.6765_-0.3914end2.97_14.77_1.44_-55.51_-60.43_-1.79_32.69_-19.06_-19.75_0.2723_0.5571_-0.6802_-0.3909end1.90_12.77_2.17_-55.51_-60.43_-1.79_32.69_-19.06_-19.75_0.2693_0.5567_-0.6818_-0.3907end1.90_12.77_2.17_-37.38_-50.13_-6.94_32.69_-19.06_-19.75_0.2643_0.5556_-0.6848_-0.3906end1.28_11.95_2.56_-37.38_-50.13_-6.94_32.69_,24.1390126,120.7484652,114.80000305175781
2155,-19.06_-19.75_0.2621_0.5550_-0.6861_-0.3906end0.69_11.07_2.82_-37.38_-50.13_-6.94_32.69_-19.06_-19.75_0.2621_0.5550_-0.6861_-0.3906end0.62_10.74_2.91_-19.14_-50.69_-10.41_32.69_-19.06_-19.75_0.2621_0.5550_-0.6861_-0.3906end,24.1390126,120.7484652,114.80000305175781
2156,,24.1390126,120.7484652,114.80000305175781
2157,,24.1390126,120.7484652,114.80000305175781
2158,,24.1390126,120.7484652,114.80000305175781
2159,,24.1390126,120.7484652,114.80000305175781
2160,,24.1390126,120.7484652,114.80000305175781
2161,,24.1390126,120.7484652,114.80000305175781
2162,0.62_10.74_2.91_-19.14_-50.69_-10.41_32.69_-19.06_-19.75_0.2548_0.5512_-0.6906_-0.3928end0.07_9.93_3.59_-19.14_-50.69_-10.41_32.69_-19.06_-19.75_0.2532_0.5500_-0.6916_-0.3938end-0.08_9.88_3.54_5.60_-59.76_-14.44_32.69_-19.06_-19.75_0.2532_0.5500_-0.6916_-0.3938end-0.17_9.95_3.48_5.60_-59.76_-14.44_32.69_-19.06_-19.75_0.2490_0.5455_-0.6941_-0.3984end-0.20_9.86_3.18_5.60_-59.76_-14.44_32.69_-19.06_-19.75_0.2476_0.5436_-0.6948_-0.4003end-0.20_9.86_3.18_5.60_-59.76_-14.44_31.62_-18.06_-22.06_0.2463_0.5416_-0.6956_-0.4027end-0.07_9.77_2.53_5.60_-59.76_-14.44_31.62_-18.06_-22.06_0.2463_0.5416_-0.6956_-0.4027end-0.04_9.76_2.46_40.29_-74.42_-19.58_32.31_-18.44_-23.44_0.2463_0.5416_-0.6956_-0.4027end0.06_9.80_2.49_45.21_-70.39_-20.70_32.31_-18.44_-23.44_0.2426_0.5326_-0.6976_-0.4134end0.01_9.96_2.37_45.21_-70.39_-20.70_32.31_-18.44_-23.44_0.2422_0.5303_-0.6978_-0.4162end,24.1390126,120.7484652,114.80000305175781
2163,,24.1390126,120.7484652,114.80000305175781
2164,,24.1390126,120.7484652,114.80000305175781
2165,,24.1390126,120.7484652,114.80000305175781
2166,,24.1390126,120.7484652,114.80000305175781
2167,,24.1390126,120.7484652,114.80000305175781
2168,,24.1390126,120.7484652,114.80000305175781
2169,-0.07_10.24_2.16_45.21_-70.39_-20.70_30.50_-18.75_-23.44_0.2422_0.5303_-0.6978_-0.4162end-0.01_10.52_2.12_45.21_-70.39_-20.70_30.88_-19.44_-22.94_0.2427_0.5229_-0.6978_-0.4250end0.02_10.79_2.05_45.21_-70.39_-20.70_30.88_-18.75_-22.94_0.2432_0.5204_-0.6977_-0.4281end0.32_11.59_1.74_45.21_-70.39_-20.70_30.12_-19.12_-22.56_0.2432_0.5204_-0.6977_-0.4281end0.32_11.59_1.74_83.93_-54.27_-31.45_30.12_-19.12_-22.56_0.2446_0.5150_-0.6971_-0.4348end0.32_11.59_1.74_88.52_-52.15_-32.56_30.12_-19.12_-22.56_0.2467_0.5092_-0.6963_-0.4416end0.45_12.24_1.18_88.52_-52.15_-32.56_30.50_-18.81_-24.31_0.2467_0.5092_-0.6963_-0.4416end0.45_12.24_1.18_97.02_-35.70_-36.37_30.50_,24.1390126,120.7484652,114.80000305175781
2170,-18.81_-24.31_0.2502_0.5035_-0.6949_-0.4483end0.66_12.44_0.98_97.02_-35.70_-36.37_30.50_-18.81_-24.31_0.2527_0.5010_-0.6939_-0.4514end0.66_12.44_0.98_108.66_-1.01_-40.96_30.50_-18.81_-24.31_0.2557_0.4984_-0.6927_-0.4543end,24.1390126,120.7484652,114.80000305175781
2171,,24.1390126,120.7484652,114.80000305175781
2172,,24.1390126,120.7484652,114.80000305175781
2173,,24.1390126,120.7484652,114.80000305175781
2174,,24.1390126,120.7484652,114.80000305175781
2175,,24.1390126,120.7484652,114.80000305175781
2176,,24.1390126,120.7484652,114.80000305175781
2177,-7.89_27.12_-30.36_108.66_-1.01_-40.96_30.50_-18.81_-24.31_0.2582_0.4960_-0.6918_-0.4567end16.60_14.74_30.16_160.47_48.01_-38.16_30.50_-18.81_-24.31_0.2652_0.4917_-0.6880_-0.4631end4.17_13.78_54.98_160.47_48.01_-38.16_31.25_-19.75_-21.69_0.2632_0.4893_-0.6882_-0.4666end17.14_11.59_19.70_160.47_48.01_-38.16_31.25_-19.75_-21.69_0.2632_0.4893_-0.6882_-0.4666end0.45_3.66_-4.77_160.47_48.01_-38.16_31.25_-19.75_-21.69_0.2584_0.4863_-0.6910_-0.4683end0.35_7.07_-7.49_160.47_48.01_-38.16_31.25_-19.75_-21.69_0.2604_0.4872_-0.6911_-0.4661end2.78_7.52_-1.70_160.47_48.01_-38.16_31.19_-20.81_-23.50_0.2604_0.4872_-0.6911_-0.4661end2.78_7.52_-1.70_34.58_146.82_-26.97_31.19_-20.81_-23.50_0.2604_0.4872_-0.6911_-0.4661end-1.39_6.26_-6.86_34.58_146.82_-26.97_31.19_-20.81_-23.50_0.2604_0.4872_-0.6911_-0.4661end-2.29_7.56_-2.30_34.58_146.82_-26.97_31.19_-20.81_-23.50_0.2812_0.4927_-0.6842_-0.4583end,24.1390126,120.7484652,114.80000305175781
2178,,24.1390126,120.7484652,114.80000305175781
2179,,24.1390126,120.7484652,114.80000305175781
2180,,24.1390126,120.7484652,114.80000305175781
2181,,24.1390126,120.7484652,114.80000305175781
2182,,24.1390126,120.7484652,114.80000305175781
2183,,24.1390126,120.7484652,114.80000305175781
2184,-1.58_8.80_-2.63_34.58_146.82_-26.97_31.94_-21.06_-19.81_0.2812_0.4927_-0.6842_-0.4583end-1.64_8.61_6.44_84.94_118.51_-20.81_31.94_-21.06_-19.81_0.2812_0.4927_-0.6842_-0.4583end-1.82_10.29_1.40_62.11_121.64_-19.14_33.06_-20.37_-19.37_0.2812_0.4927_-0.6842_-0.4583end-1.82_10.29_1.40_62.11_121.64_-19.14_33.06_-20.37_-19.37_0.3144_,24.1390126,120.7484652,114.80000305175781
2185,,24.1390126,120.7484652,114.80000305175781
2186,0.4980_-0.6686_-0.4540end-3.46_9.76_9.62_62.11_121.64_-19.14_33.06_-20.37_-19.37_0.3144_0.4980_-0.6686_-0.4540end-1.41_7.93_5.69_62.11_121.64_-19.14_33.44_-20.69_-17.62_0.3144_0.4980_-0.6686_-0.4540end-1.41_7.93_5.69_34.02_118.06_-17.35_33.44_-20.69_-17.62_0.3281_0.5015_-0.6622_-0.4498end-1.41_7.93_5.69_32.12_110.23_-14.32_33.44_-20.69_-17.62_0.3323_0.5027_-0.6603_-0.4481end-1.41_7.93_5.69_32.12_110.23_-14.32_33.44_-20.69_-17.62_0.3365_0.5040_-0.6584_-0.4464end-1.41_7.93_5.69_44.09_81.58_-7.27_33.44_-20.69_-17.62_0.3442_0.5060_-0.6545_-0.4440end,24.1390126,120.7484652,114.80000305175781
2187,,24.1390126,120.7484652,114.80000305175781
2188,,24.1390126,120.7484652,114.80000305175781
2189,,24.1390126,120.7484652,114.80000305175781
2190,,24.1390126,120.7484652,114.80000305175781
2191,,24.1390126,120.7484652,114.80000305175781
2192,-1.63_8.20_-1.93_44.76_64.57_-4.36_33.44_-20.69_-17.62_0.3501_0.5068_-0.6509_-0.4437end-1.42_8.23_-1.52_44.76_64.57_-4.36_33.44_-20.69_-17.62_0.3524_0.5069_-0.6493_-0.4442end-2.73_8.36_-1.78_44.76_64.57_-4.36_33.44_-20.69_-17.62_0.3544_0.5067_-0.6478_-0.4450end-3.31_8.69_0.39_44.76_64.57_-4.36_33.44_-20.69_-17.62_0.3544_0.5067_-0.6478_-0.4450end-2.89_8.95_2.23_44.76_64.57_-4.36_33.44_-20.69_-17.62_0.3544_0.5067_-0.6478_-0.4450end-2.89_8.95_2.23_44.76_64.57_-4.36_33.44_-20.69_-17.62_0.3615_0.5048_-0.6426_-0.4490end-1.63_9.00_3.16_44.76_64.57_-4.36_33.44_-20.69_-17.62_0.3615_0.5048_-0.6426_-0.4490end-1.46_9.01_3.82_41.29_7.72_-6.27_33.44_-20.69_-17.62_0.,24.1390126,120.7484652,114.80000305175781
2193,3615_0.5048_-0.6426_-0.4490end-0.64_8.84_3.08_38.05_-5.04_-3.69_33.44_-20.69_-17.62_0.3615_0.5048_-0.6426_-0.4490end-0.25_8.79_2.34_38.72_-18.58_-0.67_33.44_-20.69_-17.62_0.3664_0.5021_-0.6393_-0.4528end,24.1390126,120.7484652,114.80000305175781
2194,,24.1390126,120.7484652,114.80000305175781
2195,,24.1390126,120.7484652,114.80000305175781
2196,,24.1390126,120.7484652,114.80000305175781
2197,,24.1390126,120.7484652,114.80000305175781
2198,,24.1390126,120.7484652,114.80000305175781
2199,,24.1390126,120.7484652,114.80000305175781
2200,-1.11_8.82_1.76_38.72_-18.58_-0.67_33.44_-20.69_-17.62_0.3671_0.5002_-0.6383_-0.4556end-1.24_8.87_1.57_38.72_-18.58_-0.67_35.69_-23.00_-14.44_0.3669_0.4990_-0.6379_-0.4576end-1.91_8.88_1.95_41.41_-46.22_6.49_35.69_-23.00_-14.44_0.3660_0.4962_-0.6374_-0.4620end-2.45_8.96_2.05_41.41_-46.22_6.49_35.31_-22.00_-14.87_0.3655_0.4948_-0.6372_-0.4643end-2.13_9.01_2.42_41.41_-46.22_6.49_34.56_-22.69_-13.56_0.3650_0.4932_-0.6370_-0.4666end-1.84_9.02_2.43_39.50_-45.88_1.68_34.56_-22.69_-13.56_0.3650_0.4932_-0.6370_-0.4666end-1.84_9.02_2.43_39.50_-45.88_1.68_34.56_-22.69_-13.56_0.3635_0.4886_-0.6367_-0.4730end-0.46_9.00_2.42_39.50_-45.88_1.68_34.56_-22.69_-13.56_0.3635_0.4886_-0.6367_-0.4730end-0.44_9.01_2.30_39.28_-71.84_4.92_34.56_-22.69_-13.56_0.3635_0.4886_-0.6367_-0.4730end-0.53_9.02_2.40_39.84_-81.80_6.04_34.56_-22.69_-13.56_0.3635_0.4886_-0.6367_-0.4730end,24.1390126,120.7484652,114.80000305175781
2201,,24.1390126,120.7484652,114.80000305175781
2202,,24.1390126,120.7484652,114.80000305175781
2203,,24.1390126,120.7484652,114.80000305175781
2204,,24.1390126,120.7484652,114.80000305175781
2205,,24.1390126,120.7484652,114.80000305175781
2206,-0.53_9.02_2.40_39.84_-81.80_6.04_33.81_-23.06_-14.87_0.3585_0.4807_-0.6375_-0.4837end-0.53_9.02_2.40_39.84_-93.89_7.05_33.81_-23.06_-14.87_0.3548_0.4760_-0.6384_-0.4899end-1.12_9.13_2.75_39.84_-93.89_7.05_33.81_-23.06_-14.87_0.3528_0.4735_-0.6389_-0.4932end-0.87_9.08_2.95_39.84_-93.89_7.05_33.81_-23.06_-14.87_0.3528_0.4735_-0.6,24.1390126,120.7484652,114.80000305175781
2207,389_-0.4932end-0.87_9.08_2.95_38.16_-87.85_3.80_33.81_-23.06_-14.87_0.3492_0.4687_-0.6398_-0.4991end-0.87_9.08_2.95_38.50_-86.17_3.80_33.81_-23.06_-14.87_0.3458_0.4639_-0.6405_-0.5049end-0.10_9.10_3.28_38.50_-86.17_3.80_33.81_-23.75_-14.87_0.3458_0.4639_-0.6405_-0.5049end-0.21_9.07_3.45_38.50_-86.17_3.80_33.81_-23.06_-16.69_0.3424_0.4592_-0.6412_-0.5107end-0.21_9.07_3.45_39.61_-87.73_6.04_33.81_-23.06_-16.69_0.3424_0.4592_-0.6412_-0.5107end-0.63_9.14_3.84_39.61_-87.73_6.04_33.81_-23.06_-16.69_0.3372_0.4521_-0.6419_-0.5195end,24.1390126,120.7484652,114.80000305175781
2208,,24.1390126,120.7484652,114.80000305175781
2209,,24.1390126,120.7484652,114.80000305175781
2210,,24.1390126,120.7484652,114.80000305175781
2211,,24.1390126,120.7484652,114.80000305175781
2212,,24.1390126,120.7484652,114.80000305175781
2213,-0.66_9.14_3.84_39.61_-87.73_6.04_33.81_-23.06_-16.69_0.3356_0.4498_-0.6421_-0.5223end-0.59_9.13_3.78_40.06_-78.67_2.91_33.81_-23.06_-16.69_0.3356_0.4498_-0.6421_-0.5223end-0.59_9.13_3.78_40.06_-78.67_2.91_31.56_-24.81_-17.19_0.3313_0.4429_-0.6425_-0.5303end0.02_9.12_3.55_40.06_-78.67_2.91_31.56_-24.81_-17.19_0.3299_0.4406_-0.64,24.1390126,120.7484652,114.80000305175781
2214,26_-0.5330end0.20_9.00_3.31_40.06_-78.67_2.91_31.56_-24.81_-17.19_0.3299_0.4406_-0.6426_-0.5330end0.04_8.97_2.95_40.06_-78.67_2.91_31.62_-24.12_-16.31_0.3259_0.4338_-0.6427_-0.5408end0.22_9.00_3.06_40.06_-78.67_2.91_31.94_-23.81_-18.56_0.3248_0.4318_-0.6426_-0.5433end0.18_9.05_3.01_41.74_-58.19_2.80_31.94_-23.81_-18.56_0.3248_0.4318_-0.6426_-0.5433end-0.52_8.98_2.98_41.74_-58.19_2.80_31.94_-23.81_-18.56_0.3231_0.4280_-0.6421_-0.5478end-0.61_8.99_2.96_42.52_-44.99_2.24_31.94_-23.81_-18.56_0.3231_0.4280_-0.6421_-0.5478end,24.1390126,120.7484652,114.80000305175781
2215,,24.1390126,120.7484652,114.80000305175781
2216,,24.1390126,120.7484652,114.80000305175781
2217,,24.1390126,120.7484652,114.80000305175781
2218,,24.1390126,120.7484652,114.80000305175781
2219,,24.1390126,120.7484652,114.80000305175781
2220,,24.1390126,120.7484652,114.80000305175781
2221,-0.61_8.99_2.96_43.64_-39.61_1.34_31.56_-24.81_-18.56_0.3231_0.4280_-0.6421_-0.5478end-0.87_9.02_3.55_44.99_-37.82_0.34_30.88_-25.19_-17.25_0.3218_0.4233_-0.6406_-0.5540end-0.87_9.02_3.55_46.11_-38.50_-0.11_30.88_-25.19_-17.25_0.3217_0.4217_-0.6400_-0.5560end-0.75_9.00_3.82_47.90_-47.67_0.22_30.88_-25.19_-17.25_0.3217_0.4217_-0.6400_-0.5560end-0.75_9.00_3.82_48.68_-52.15_0.45_30.12_-25.19_-18.12_0.3205_0.4165_-0.6384_-0.5623end-0.75_9.00_3.82_49.01_-53.38_0.90_30.12_-25.19_-18.12_0.3199_0.4145_-0.6379_-0.5647end0.29_8.86_4.48_49.01_-53.38_0.90_30.12_-25.19_-18.12_0.3190_0.4108_-0.6368_-0.5692end0.33_8.91_4.42_49.01_-53.38_0.90_30.12_-25.56_-18.62_0.3190_0.4108_-0.6368_-0.5692end0.41_8.84_4.48_49.01_-53.38_0.90_30.81_-26.56_-18.12_0.3196_0.4068_-0.6340_-0.5748end0.18_8.76_4.88_49.01_-53.38_0.90_30.81_-26.56_-18.12_0.3203_0.4059_-0.6328_-0.5764end,24.1390126,120.7484652,114.80000305175781
2222,,24.1390126,120.7484652,114.80000305175781
2223,,24.1390126,120.7484652,114.80000305175781
2224,,24.1390126,120.7484652,114.80000305175781
2225,,24.1390126,120.7484652,114.80000305175781
2226,,24.1390126,120.7484652,114.80000305175781
2227,,24.1390126,120.7484652,114.80000305175781
2228,,24.1390126,120.7484652,114.80000305175781
2229,-0.10_8.77_5.26_51.48_-5.26_2.35_30.81_-26.56_-18.12_0.3217_0.4043_-0.6302_-0.5795end-0.17_8.74_5.23_51.48_-5.26_2.35_29.75_-26.25_-18.12_0.3222_0.4033_-0.6290_-0.5812end-0.12_8.67_4.41_51.48_-5.26_2.35_29.75_-26.25_-18.12_0.3223_0.4019_-0.6280_-0.5833end0.70_8.56_3.49_51.48_-5.26_2.35_30.12_-26.56_-17.75_0.3223_0.4019_-0.6280_-0.5833end0.70_8.56_3.49_56.40_-63.90_-2.35_29.75_-26.25_-19.50_0.3223_0.4019_-0.6280_-0.5833end1.83_8.45_2.40_56.40_-63.90_-2.35_29.75_-26.25_-19.50_0.3205_0.3932_-0.6253_-0.5930end2.61_8.37_1.95_56.40_-63.90_-2.35_29.75_-26.25_-19.50_0.3199_0.3906_-0.6248_-0.5956end4.20_8.36_1.37_56.40_-63.90_-2.35_29.75_-26.25_-19.50_0.3199_0.3906_-0.6248_-0.5956end4.45_8.33_1.25_65.13_-29.54_-5.82_29.75_-26.25_-19.50_0.3199_0.3906_-0.6248_-0.5956end4.20_8.38_1.59_65.91_-14.66_-5.48_29.75_-26.25_-19.50_0.3204_0.3821_-0.6208_-0.6049end,24.1390126,120.7484652,114.80000305175781
2230,,24.1390126,120.7484652,114.80000305175781
2231,,24.1390126,120.7484652,114.80000305175781
2232,,24.1390126,120.7484652,114.80000305175781
2233,,24.1390126,120.7484652,114.80000305175781
2234,,24.1390126,120.7484652,114.80000305175781
2235,,24.1390126,120.7484652,114.80000305175781
2236,,24.1390126,120.7484652,114.80000305175781
2237,3.77_8.34_1.79_65.80_0.22_-5.93_29.75_-26.25_-19.50_0.3215_0.3809_-0.6191_-0.6068end2.72_8.34_1.78_65.02_22.49_-8.50_29.75_-26.25_-19.50_0.3215_0.3809_-0.6191_-0.6068end2.72_8.34_1.78_65.02_22.49_-8.50_29.75_-26.25_-19.50_0.3268_0.3788_-0.6136_-0.6108end1.42_8.28_0.93_65.02_22.49_-8.50_29.75_-26.25_-19.50_0.3289_0.3783_-0.6117_-0.6120end1.34_8.25_0.64_66.14_22.05_-11.97_29.75_-26.25_-19.50_0.3289_0.3783_-0.6117_-0.6120end1.16_8.21_0.09_67.37_17.01_-11.97_29.75_-26.25_-19.50_0.3289_0.3783_-0.6117_-0.6120end1.14_8.24_0.00_68.82_12.76_-11.97_29.75_-28.25_-16.37_0.3289_0.3783_-0.6117_-0.6120end1.13_8.25_0.02_69.83_9.06_-11.97_29.75_-28.25_-16.37_0.3383_0.3740_-0.6024_-0.6187end1.04_8.25_0.02_69.83_9.06_-11.97_29.75_-28.25_-16.37_0.3400_0.3727_-0.6005_-0.6203end0.83_8.25_0.17_69.83_9.06_-11.97_29.75_-28.25_-16.37_0.3400_0.3727_-0.6005_-0.6203end,24.1390126,120.7484652,114.80000305175781
2238,,24.1390126,120.7484652,114.80000305175781
2239,,24.1390126,120.7484652,114.80000305175781
2240,,24.1390126,120.7484652,114.80000305175781
2241,,24.1390126,120.7484652,114.80000305175781
2242,,24.1390126,120.7484652,114.80000305175781
2243,,24.1390126,120.7484652,114.80000305175781
2244,0.83_8.25_0.17_70.84_5.48_-11.53_29.75_-28.25_-16.37_0.3433_0.3704_-0.5969_-0.6234end0.74_8.28_0.04_70.84_5.48_-11.53_29.75_-28.25_-16.37_0.3448_0.3691_-0.5952_-0.6250end0.74_8.28_0.04_70.28_2.24_-12.98_30.12_-28.87_-14.13_0.3464_0.3677_-0.5934_-0.6266end0.74_8.28_0.04_70.28_-1.68_-13.32_30.12_-28.87_-14.13_0.3464_0.3677_-0.5934_-0.6266end0.85_8.19_-0.80_70.28_-1.68_-13.32_30.50_-27.87_-14.63_0.3494_0.3650_-0.5900_-0.6298end0.85_8.19_-0.80_71.73_-4.03_-13.32_30.12_-28.81_-13.25_0.3494_0.3650_-0.5900_-0.6298end0.85_8.19_-0.80_71.73_-4.03_-13.32_29.75_-28.12_-13.25_0.3553_0.3588_-0.5831_-0.6365end0.84_8.18_-0.72_71.73_-4.03_-13.32_29.75_-28.12_-13.25_0.3553_0.3588_-0.5831_-0.6365end0.78_8.17_-0.93_70.95_-6.71_-14.66_29.75_-28.12_-13.25_0.3580_0.3557_-0.5797_-0.6397end0.78_8.17_-0.93_70.95_-6.71_-14.66_30.88_-29.50_-13.75_0.3608_0.3524_-0.5764_-0.6430end,24.1390126,120.7484652,114.80000305175781
2245,,24.1390126,120.7484652,114.80000305175781
2246,,24.1390126,120.7484652,114.80000305175781
2247,,24.1390126,120.7484652,114.80000305175781
2248,,24.1390126,120.7484652,114.80000305175781
2249,,24.1390126,120.7484652,114.80000305175781
2250,,24.1390126,120.7484652,114.80000305175781
2251,0.83_8.11_-1.56_70.39_-10.41_-15.55_30.88_-29.50_-13.75_0.3608_0.3524_-0.5764_-0.6430end0.99_8.12_-1.94_70.39_-10.41_-15.55_29.75_-30.19_-13.25_0.3634_0.3489_-0.5732_-0.6463end1.07_8.11_-2.11_71.28_-14.88_-16.00_29.75_-30.19_-13.25_0.3658_0.3450_-0.5701_-0.6497end1.22_8.10_-2.33_71.06_-16.45_-16.34_29.75_-30.19_-13.25_0.3658_0.3450_-0.5701_-0.6497end1.22_8.09_-2.45_71.06_-16.45_-16.34_29.75_-30.19_-13.25_0.3680_0.3410_-0.5671_-0.6531end1.26_8.14_-2.57_69.49_-9.40_-17.23_29.75_-30.19_-13.25_0.3680_0.3410_-0.5671_-0.6531end1.26_8.14_-2.57_69.49_-9.40_-17.23_29.75_-30.19_-13.25_0.3719_0.3354_-0.5624_-0.6579end1.07_8.11_-2.81_69.49_-9.40_-17.23_30.12_-29.5,24.1390126,120.7484652,114.80000305175781
2252,0_-11.00_0.3735_0.3337_-0.5607_-0.6594end0.89_8.11_-3.23_69.49_-9.40_-17.23_30.12_-29.50_-11.00_0.3750_0.3322_-0.5590_-0.6607end0.78_8.12_-3.45_69.49_-9.40_-17.23_30.12_-29.50_-11.00_0.3750_0.3322_-0.5590_-0.6607end,24.1390126,120.7484652,114.80000305175781
2253,,24.1390126,120.7484652,114.80000305175781
2254,,24.1390126,120.7484652,114.80000305175781
2255,,24.1390126,120.7484652,114.80000305175781
2256,,24.1390126,120.7484652,114.80000305175781
2257,,24.1390126,120.7484652,114.80000305175781
2258,,24.1390126,120.7484652,114.80000305175781
2259,0.66_8.14_-3.82_69.49_-9.40_-17.23_31.25_-30.50_-11.00_0.3750_0.3322_-0.5590_-0.6607end0.66_8.14_-3.82_69.49_-9.40_-17.23_31.25_-30.50_-11.00_0.3820_0.3271_-0.5518_-0.6653end0.04_8.11_-4.29_69.49_-9.40_-17.23_30.50_-30.50_-11.00_0.3820_0.3271_-0.5518_-0.6653end0.04_8.11_-4.29_65.35_19.70_-18.91_30.50_-30.50_-11.00_0.3859_0.3250_-0.5479_-0.6672end-0.36_8.20_-4.25_65.69_22.49_-18.69_30.50_-30.50_-11.00_0.3879_0.3241_-0.5460_-0.6682end-0.36_8.20_-4.25_65.69_22.49_-18.69_32.00_-29.44_-10.06_0.3900_0.3233_-0.5439_-0.6690end-0.36_8.20_-4.25_63.56_25.96_-18.80_32.00_-29.44_-10.06_0.3941_0.3217_-0.5399_-0.6707end-0.64_8.24_-4.44_63.56_25.96_-18.80_30.88_-30.19_-10.13_0.3941_0.3217_-0.5399_-0.6707end-0.82_8.25_-4.64_61.21_15.44_-17.35_30.88_-30.19_-10.13_0.3979_0.3199_-0.5360_-0.6724end-0.91_8.27_-4.75_61.21_15.44_-17.35_30.88_-30.19_-10.13_0.4011_0.3177_-0.5325_-0.6742end,24.1390126,120.7484652,114.80000305175781
2260,,24.1390126,120.7484652,114.80000305175781
2261,,24.1390126,120.7484652,114.80000305175781
2262,,24.1390126,120.7484652,114.80000305175781
2263,,24.1390126,120.7484652,114.80000305175781
2264,,24.1390126,120.7484652,114.80000305175781
2265,,24.1390126,120.7484652,114.80000305175781
2266,-0.93_8.27_-4.80_61.21_15.44_-17.35_30.88_-30.19_-10.13_0.4026_0.3165_-0.5309_-0.6752end-0.89_8.27_-4.91_61.21_15.44_-17.35_30.88_-30.19_-10.13_0.4026_0.3165_-0.5309_-0.6752end-0.80_8.25_-4.83_58.53_1.34_-16.90_30.88_-30.19_-10.13_0.4026_0.3165_-0.5309_-0.6752end-0.80_8.25_-4.83_58.53_1.34_-16.90_30.88_-30.19_-10.13_0.4069_0.3125_-0.5262_-0.6781end-0.80_8.25_-4.83_56.74_-3.13_-15.78_30.88_-30.19_-10.13_0.4094_0.3096_-0.5234_-0.6802end-0.64_8.38_-4.77_56.74_-3.13_-15.78_30.88_-30.19_-10.13_0.4106_0.3082_-0.5220_-0.6812end-0.64_8.34_-4.75_56.74_-3.13_-15.78_30.88_-30.19_-10.13_0.4117_0.3068_-0.5206_-0.6822end-0.60_8.32_-4.71_53.71_-3.13_-15.67_30.88_-30.,24.1390126,120.7484652,114.80000305175781
2267,19_-10.13_0.4117_0.3068_-0.5206_-0.6822end-0.60_8.32_-4.71_53.71_-3.13_-15.67_30.88_-30.19_-10.13_0.4152_0.3025_-0.5165_-0.6851end-0.53_8.34_-4.51_53.71_-3.13_-15.67_30.88_-30.19_-10.13_0.4163_0.3010_-0.5152_-0.6860end,24.1390126,120.7484652,114.80000305175781
2268,,24.1390126,120.7484652,114.80000305175781
2269,,24.1390126,120.7484652,114.80000305175781
2270,,24.1390126,120.7484652,114.80000305175781
2271,,24.1390126,120.7484652,114.80000305175781
2272,,24.1390126,120.7484652,114.80000305175781
2273,-0.48_8.36_-4.47_53.71_-3.13_-15.67_32.38_-30.44_-6.00_0.4173_0.2996_-0.5140_-0.6870end-0.44_8.34_-4.41_52.48_-9.85_-15.11_32.38_-30.44_-6.00_0.4192_0.2964_-0.5115_-0.6890end-0.40_8.32_-4.35_52.48_-9.85_-15.11_32.00_-30.44_-6.50_0.4200_0.2947_-0.5104_-0.6901end-0.31_8.34_-4.28_50.81_-15.44_-15.33_32.00_-30.44_-6.50_0.4209_0.2930,24.1390126,120.7484652,114.80000305175781
2274,_-0.5094_-0.6910end-0.17_8.32_-4.19_50.81_-15.44_-15.33_32.00_-30.44_-6.50_0.4209_0.2930_-0.5094_-0.6910end-0.05_8.31_-4.14_50.13_-17.23_-15.67_32.00_-30.44_-6.50_0.4209_0.2930_-0.5094_-0.6910end0.01_8.27_-4.14_49.80_-17.79_-15.78_31.62_-30.06_-5.62_0.4209_0.2930_-0.5094_-0.6910end0.08_8.29_-4.15_49.80_-18.35_-16.11_31.62_-30.06_-5.62_0.4247_0.2841_-0.5043_-0.6961end0.09_8.29_-4.12_49.80_-18.35_-16.11_31.62_-30.06_-5.62_0.4254_0.2823_-0.5034_-0.6971end0.17_8.23_-4.24_49.80_-18.35_-16.11_31.62_-30.06_-5.62_0.4254_0.2823_-0.5034_-0.6971end,24.1390126,120.7484652,114.80000305175781
2275,,24.1390126,120.7484652,114.80000305175781
2276,,24.1390126,120.7484652,114.80000305175781
2277,,24.1390126,120.7484652,114.80000305175781
2278,,24.1390126,120.7484652,114.80000305175781
2279,,24.1390126,120.7484652,114.80000305175781
2280,,24.1390126,120.7484652,114.80000305175781
2281,0.15_8.20_-4.26_49.80_-18.35_-16.11_32.75_-30.44_-6.50_0.4254_0.2823_-0.5034_-0.6971end0.18_8.21_-4.32_49.80_-18.35_-16.11_32.75_-30.75_-4.25_0.4276_0.2768_-0.5005_-0.7000end0.25_8.17_-4.39_49.80_-18.35_-16.11_32.75_-30.75_-4.25_0.4276_0.2768_-0.5005_-0.7000end0.25_8.17_-4.39_47.67_-16.79_-18.02_32.75_-30.75_-4.25_0.4299_0.2714_-0.4977_-0.7027end0.25_8.17_-4.39_47.34_-16.00_-18.46_32.75_-29.75_-6.00_0.4299_0.2714_-0.4977_-0.7027end0.25_8.17_-4.39_47.00_-15.22_-18.46_32.75_-29.75_-6.00_0.4315_0.2679_-0.4959_-0.7044end0.25_8.17_-4.39_47.11_-14.66_-18.91_32.75_-30.75_-5.62_0.4331_0.2644_-0.4940_-0.7061end0.31_8.08_-4.57_47.11_-14.66_-18.91_32.75_-30.75_-5,24.1390126,120.7484652,114.80000305175781
2282,.62_0.4331_0.2644_-0.4940_-0.7061end0.27_8.08_-4.49_47.11_-14.66_-18.91_32.75_-30.75_-5.62_0.4331_0.2644_-0.4940_-0.7061end0.27_8.08_-4.49_47.11_-14.66_-18.91_32.75_-30.06_-4.25_0.4358_0.2593_-0.4910_-0.7084end,24.1390126,120.7484652,114.80000305175781
2283,,24.1390126,120.7484652,114.80000305175781
2284,,24.1390126,120.7484652,114.80000305175781
2285,,24.1390126,120.7484652,114.80000305175781
2286,,24.1390126,120.7484652,114.80000305175781
2287,,24.1390126,120.7484652,114.80000305175781
2288,0.27_8.08_-4.49_46.33_-9.96_-19.92_32.75_-30.06_-4.25_0.4377_0.2562_-0.4890_-0.7098end0.18_8.02_-4.42_46.33_-9.96_-19.92_33.44_-31.06_-5.12_0.4387_0.2545_-0.4879_-0.7104end0.12_8.01_-4.34_46.33_-9.96_-19.92_33.44_-31.06_-5.12_0.4397_0.2529_-0.4869_-0.7111end0.05_7.98_-4.37_45.43_-9.18_-21.49_33.44_-31.06_-5.12_0.4397_0.2529_-0.4869_-0.7111end-0.01_7.93_-4.34_45.43_-9.18_-21.49_33.13_-31.06_-4.25_0.4417_0.2498_-0.4849_-0.7124end-0.11_7.91_-4.34_45.43_-10.07_-21.82_33.13_-31.06_-4.25_0.4436_0.2465_-0.4828_-0.7137end-0.16_7.89_-4.36_45.43_-10.07_-21.82_33.13_-31.06_-4.25_0.4446_0.2448_-0.4819_-0.7143end-0.20_7.86_-4.32_45.32_-11.86_-22.38_33.13_-31.06_-4.,24.1390126,120.7484652,114.80000305175781
2289,25_0.4446_0.2448_-0.4819_-0.7143end-0.16_7.85_-4.34_45.32_-11.86_-22.38_33.50_-29.69_-3.31_0.4446_0.2448_-0.4819_-0.7143end-0.16_7.85_-4.34_45.32_-11.86_-22.38_33.50_-29.69_-3.31_0.4485_0.2380_-0.4780_-0.7167end,24.1390126,120.7484652,114.80000305175781
2290,,24.1390126,120.7484652,114.80000305175781
2291,,24.1390126,120.7484652,114.80000305175781
2292,,24.1390126,120.7484652,114.80000305175781
2293,,24.1390126,120.7484652,114.80000305175781
2294,,24.1390126,120.7484652,114.80000305175781
2295,,24.1390126,120.7484652,114.80000305175781
2296,-0.15_7.78_-4.39_45.32_-11.86_-22.38_33.50_-29.69_-3.31_0.4485_0.2380_-0.4780_-0.7167end-0.15_7.74_-4.46_45.32_-11.86_-22.38_33.50_-29.69_-3.31_0.4506_0.2347_-0.4760_-0.7178end-0.13_7.70_-4.44_44.99_-6.49_-24.17_33.50_-29.69_-3.31_0.4506_0.2347_-0.4760_-0.7178end-0.20_7.71_-4.50_44.99_-5.82_-24.62_33.50_-29.69_-3.31_0.4540_0.2300_-0.4729_-0.7194end-0.27_7.65_-4.47_44.76_-3.69_-24.84_33.50_-29.69_-3.31_0.4551_0.2285_-0.4718_-0.7198end-0.27_7.65_-4.47_44.76_-3.69_-24.84_33.50_-29.69_-3.75_0.4563_0.2269_-0.4706_-0.7203end-0.43_7.60_-4.74_44.76_-3.69_-24.84_35.00_-29.31_-1.94_0.4563_0.2269_-0.4706_-0.7203end-0.45_7.57_-4.94_44.99_-3.13_-26.07_35.00_-29.31_,24.1390126,120.7484652,114.80000305175781
2297,-1.94_0.4563_0.2269_-0.4706_-0.7203end-0.48_7.53_-5.04_44.99_-3.13_-26.07_35.00_-29.31_-1.94_0.4612_0.2208_-0.4662_-0.7219end-0.48_7.56_-5.14_44.99_-3.13_-26.07_35.00_-29.31_-1.94_0.4624_0.2193_-0.4651_-0.7223end,24.1390126,120.7484652,114.80000305175781
2298,,24.1390126,120.7484652,114.80000305175781
2299,,24.1390126,120.7484652,114.80000305175781
2300,,24.1390126,120.7484652,114.80000305175781
2301,,24.1390126,120.7484652,114.80000305175781
2302,,24.1390126,120.7484652,114.80000305175781
2303,-0.39_7.48_-5.32_44.99_-3.13_-26.07_35.00_-29.31_-1.94_0.4624_0.2193_-0.4651_-0.7223end-0.35_7.45_-5.46_44.99_0.22_-27.86_35.00_-29.31_-1.94_0.4624_0.2193_-0.4651_-0.7223end-0.35_7.45_-5.46_45.21_2.80_-28.31_35.00_-29.31_-1.94_0.4662_0.2147_-0.4618_-0.7234end-0.30_7.37_-5.76_45.21_2.80_-28.31_35.00_-29.31_-1.94_0.4690_0.2119_-0.4593_-0.7240end-0.29_7.34_-5.93_45.21_2.80_-28.31_35.69_-29.25_-0.56_0.4705_0.2107_-0.4580_-0.7242end-0.29_7.36_-6.02_44.65_12.42_-29.32_35.69_-29.25_-0.56_0.4705_0.2107_-0.4580_-0.7242end-0.23_7.34_-6.12_44.65_12.42_-29.32_35.69_-29.25_-0.56_0.4720_0.2095_-0.4567_-0.7244end-0.23_7.34_-6.12_43.20_17.68_-30.10_35.38_-28.25_-1.00_0.4754_0.2075_-0.4537_-0.7246end-0.04_7.30_-7.18_43.20_17.68_-30.10_35.38_-28.25_-1.00_0.4788_0.2057_-0.4509_-0.7247end-0.04_7.30_-7.18_43.20_17.68_-30.10_35.38_-28.25_-1.00_0.4788_0.2057_-0.4509_-0.7247end,24.1390126,120.7484652,114.80000305175781
2304,,24.1390126,120.7484652,114.80000305175781
2305,,24.1390126,120.7484652,114.80000305175781
2306,,24.1390126,120.7484652,114.80000305175781
2307,,24.1390126,120.7484652,114.80000305175781
2308,,24.1390126,120.7484652,114.80000305175781
2309,,24.1390126,120.7484652,114.80000305175781
2310,,24.1390126,120.7484652,114.80000305175781
2311,-0.04_7.30_-7.18_40.40_17.90_-31.45_35.38_-28.25_-1.00_0.4822_0.2039_-0.4481_-0.7246end-0.04_7.30_-7.18_40.40_17.90_-31.45_35.38_-28.25_-1.00_0.4856_0.2021_-0.4456_-0.7244end0.69_11.97_-9.36_40.40_17.90_-31.45_35.38_-28.25_-1.00_0.4856_0.2021_-0.4456_-0.7244end0.62_12.35_-8.86_37.04_11.97_-34.80_35.38_-28.25_-1.00_0.4856_0.2021_-0.4456_-0.7244end1.00_12.62_-7.27_37.04_11.97_-34.80_36.44_-28.94_0.37_0.4856_0.2021_-0.4456_-0.7244end0.78_13.29_-8.66_37.04_11.97_-34.80_36.44_-28.94_0.37_0.4939_0.1968_-0.4402_-0.7235end0.23_13.84_-11.34_37.04_11.97_-34.80_36.44_-28.94_0.37_0.4956_0.1960_-0.4395_-0.7230end-0.60_12.77_-8.91_37.04_11.97_-34.80_36.50_-27.25_1.31_0.4976_0.1955_-0.4386_-0.7224end0.53_13.50_-3.48_32.45_33.46_-42.19_36.50_-27.25_1.31_0.4976_0.1955_-0.4386_-0.7224end0.53_13.50_-3.48_32.45_33.46_-42.19_36.50_-27.25_1.31_0.5040_0.1949_-0.4355_-0.7200end,24.1390126,120.7484652,114.80000305175781
2312,,24.1390126,120.7484652,114.80000305175781
2313,,24.1390126,120.7484652,114.80000305175781
2314,,24.1390126,120.7484652,114.80000305175781
2315,,24.1390126,120.7484652,114.80000305175781
2316,,24.1390126,120.7484652,114.80000305175781
2317,,24.1390126,120.7484652,114.80000305175781
2318,1.74_15.33_-13.59_32.45_33.46_-42.19_36.50_-27.25_1.31_0.5062_0.1949_-0.4346_-0.7189end-0.21_14.43_-9.54_32.45_33.46_-42.19_36.50_-27.25_1.31_0.5062_0.1949_-0.4346_-0.7189end-0.23_15.80_-7.86_14.32_36.03_-40.51_37.13_-27.25_0.44_0.5062_0.1949_-0.4346_-0.7189end-0.91_17.81_-7.06_13.54_41.96_-40.40_37.19_-27.81_3.56_0.5062_0.1949_,24.1390126,120.7484652,114.80000305175781
2319,,24.1390126,120.7484652,114.80000305175781
2320,-0.4346_-0.7189end-1.18_13.27_-6.64_13.54_41.96_-40.40_37.19_-27.81_3.56_0.5169_0.1962_-0.4303_-0.7136end-0.59_15.17_-6.39_13.54_41.96_-40.40_37.19_-27.81_3.56_0.5193_0.1972_-0.4296_-0.7120end-0.16_17.68_-7.48_13.54_41.96_-40.40_37.19_-27.81_3.56_0.5193_0.1972_-0.4296_-0.7120end-0.69_17.48_-7.37_-16.90_69.05_-44.09_37.19_-27.56_,24.1390126,120.7484652,114.80000305175781
2321,,24.1390126,120.7484652,114.80000305175781
2322,,24.1390126,120.7484652,114.80000305175781
2323,3.06_0.5193_0.1972_-0.4296_-0.7120end-0.82_17.68_-8.13_-16.90_69.05_-44.09_37.19_-27.56_3.06_0.5270_0.2015_-0.4273_-0.7064end-1.64_17.44_-7.70_-16.90_69.05_-44.09_37.56_-26.12_4.50_0.5318_0.2050_-0.4260_-0.7026end,24.1390126,120.7484652,114.80000305175781
2324,,24.1390126,120.7484652,114.80000305175781
2325,,24.1390126,120.7484652,114.80000305175781
2326,-2.15_17.60_-7.02_-16.90_69.05_-44.09_37.56_-26.12_4.50_0.5341_0.2068_-0.4254_-0.7007end-2.50_17.74_-6.69_-25.18_75.87_-37.38_37.56_-26.12_4.50_0.5341_0.2068_-0.4254_-0.7007end-3.30_17.85_-6.34_-25.18_75.87_-37.38_39.38_-25.06_4.94_0.5341_0.2068_-0.4254_-0.7007end-3.30_17.85_-6.34_-33.12_90.31_-37.60_38.25_-26.50_4.50_0.5411_0.2137_-0.4233_-0.6945end-3.30_17.85_-6.34_-33.12_90.31_-37.60_38.25_-26.50_4.50_0.5461_0.2194_-0.4218_-0.6898end-3.24_17.82_-6.16_-33.12_90.31_-37.60_37.19_-25.44_4.94_0.5461_0.2194_-0.4218_-0.6898end-3.24_17.82_-6.16_-38.50_77.66_-32.45_37.19_-25.44_4.94_0.5505_0.2249_-0.4206_-0.6851end-3.24_17.82_-6.16_-40.96_69.61_-29.99_37.19_,24.1390126,120.7484652,114.80000305175781
2327,-25.44_4.94_0.5505_0.2249_-0.4206_-0.6851end-4.32_17.01_-5.49_-42.86_63.34_-27.64_37.19_-25.44_4.94_0.5541_0.2300_-0.4202_-0.6807end-4.32_17.01_-5.49_-44.99_60.54_-26.19_37.19_-25.44_4.94_0.5541_0.2300_-0.4202_-0.6807end,24.1390126,120.7484652,114.80000305175781
2328,,24.1390126,120.7484652,114.80000305175781
2329,,24.1390126,120.7484652,114.80000305175781
2330,,24.1390126,120.7484652,114.80000305175781
2331,,24.1390126,120.7484652,114.80000305175781
2332,,24.1390126,120.7484652,114.80000305175781
2333,-4.32_17.01_-5.49_-44.99_60.54_-26.19_37.19_-25.44_4.94_0.5583_0.2373_-0.4207_-0.6745end-4.29_15.95_-5.18_-44.99_60.54_-26.19_37.19_-25.44_4.94_0.5595_0.2397_-0.4211_-0.6724end-4.34_15.65_-5.07_-44.99_60.54_-26.19_37.19_-25.44_4.94_0.5605_0.2421_-0.4216_-0.6704end-4.96_14.52_-4.96_-44.99_60.54_-26.19_37.19_-25.44_4.94_0.5613_0.2445_-0.4223_-0.6685end-5.04_14.13_-4.89_-61.10_34.36_-12.65_37.19_-25.44_4.94_0.5626_0.2514_-0.4252_-0.6629end-5.12_13.37_-4.69_-61.10_34.36_-12.65_37.94_-24.69_7.19_0.5627_0.2537_-0.4265_-0.6611end-5.02_12.66_-4.55_-61.10_34.36_-12.65_37.94_-24.69_7.19_0.5628_0.2560_-0.4277_-0.6594end-5.09_12.30_-4.52_-61.10_34.36_-12.65_37.94_,24.1390126,120.7484652,114.80000305175781
2334,-24.69_7.19_0.5627_0.2584_-0.4291_-0.6577end-5.09_12.30_-4.52_-61.10_34.36_-12.65_37.94_-24.69_7.19_0.5624_0.2609_-0.4307_-0.6559end-5.36_10.99_-4.56_-61.10_34.36_-12.65_37.94_-24.69_7.19_0.5624_0.2609_-0.4307_-0.6559end,24.1390126,120.7484652,114.80000305175781
2335,,24.1390126,120.7484652,114.80000305175781
2336,,24.1390126,120.7484652,114.80000305175781
2337,,24.1390126,120.7484652,114.80000305175781
2338,,24.1390126,120.7484652,114.80000305175781
2339,,24.1390126,120.7484652,114.80000305175781
2340,,24.1390126,120.7484652,114.80000305175781
2341,-5.16_10.52_-4.36_-85.61_9.40_6.38_37.94_-24.69_7.19_0.5624_0.2609_-0.4307_-0.6559end-4.98_10.36_-4.32_-85.61_9.40_6.38_37.94_-24.69_7.19_0.5588_0.2734_-0.4400_-0.6476end-4.90_10.11_-4.27_-85.61_9.40_6.38_37.94_-24.69_7.19_0.5574_0.2757_-0.4424_-0.6462end-4.68_9.54_-4.27_-85.61_9.40_6.38_37.19_-25.12_4.00_0.5574_0.2757_-0.4424_-,24.1390126,120.7484652,114.80000305175781
2342,0.6462end-4.43_8.97_-4.23_-85.61_9.40_6.38_37.19_-25.12_4.00_0.5574_0.2757_-0.4424_-0.6462end-4.18_8.65_-4.17_-103.96_-36.37_19.81_37.19_-25.12_4.00_0.5574_0.2757_-0.4424_-0.6462end-3.68_7.98_-3.95_-103.96_-36.37_19.81_37.19_-25.12_4.00_0.5490_0.2838_-0.4550_-0.6412end-3.68_7.98_-3.95_-106.87_-40.62_21.26_37.19_-25.12_4.00_0.5463_0.2857_-0.4586_-0.6400end-3.68_7.98_-3.95_-106.87_-40.62_21.26_37.56_-25.81_3.12_0.5435_0.2875_-0.4622_-0.6389end-3.68_7.98_-3.95_-113.36_-45.99_25.07_37.56_-25.81_3.12_0.5405_0.2894_-0.4661_-0.6378end,24.1390126,120.7484652,114.80000305175781
2343,,24.1390126,120.7484652,114.80000305175781
2344,,24.1390126,120.7484652,114.80000305175781
2345,,24.1390126,120.7484652,114.80000305175781
2346,,24.1390126,120.7484652,114.80000305175781
2347,,24.1390126,120.7484652,114.80000305175781
2348,-3.68_7.98_-3.95_-113.36_-45.99_25.07_37.88_-26.56_0.81_0.5374_0.2914_-0.4701_-0.6367end-3.68_7.98_-3.95_-123.88_-55.06_31.22_37.88_-26.56_0.81_0.5309_0.2953_-0.4781_-0.6344end-3.68_7.98_-3.95_-123.88_-55.06_31.22_37.88_-26.56_0.81_0.5236_0.2993_-0.4867_-0.6320end-2.83_5.19_-2.25_-123.88_-55.06_31.22_37.50_-24.87_-1.37_0.5236_0.,24.1390126,120.7484652,114.80000305175781
2349,2993_-0.4867_-0.6320end-2.67_4.84_-2.22_-123.88_-55.06_31.22_37.50_-24.87_-1.37_0.5197_0.3012_-0.4911_-0.6309end-2.67_4.84_-2.22_-123.88_-55.06_31.22_37.50_-24.87_-1.37_0.5060_0.3058_-0.5060_-0.6281end-1.55_5.19_-2.41_-123.88_-55.06_31.22_36.75_-26.94_-3.25_0.5010_0.3069_-0.5112_-0.6273end-1.23_5.18_-2.07_-123.88_-55.06_31.22_37.50_-25.62_-4.50_0.4955_0.3081_-0.5168_-0.6265end-0.96_5.19_-2.19_-139.99_-103.29_44.43_37.50_-25.62_-4.50_0.4955_0.3081_-0.5168_-0.6265end-0.72_5.09_-2.25_-139.99_-103.29_44.43_37.50_-25.62_-4.50_0.4849_0.3106_-0.5274_-0.6247end,24.1390126,120.7484652,114.80000305175781
2350,,24.1390126,120.7484652,114.80000305175781
2351,,24.1390126,120.7484652,114.80000305175781
2352,,24.1390126,120.7484652,114.80000305175781
2353,,24.1390126,120.7484652,114.80000305175781
2354,,24.1390126,120.7484652,114.80000305175781
2355,,24.1390126,120.7484652,114.80000305175781
2356,-0.72_5.09_-2.25_-145.03_-72.85_45.99_37.50_-25.62_-4.50_0.4796_0.3123_-0.5327_-0.6235end-0.72_5.09_-2.25_-145.03_-72.85_45.99_36.44_-26.31_-6.81_0.4745_0.3141_-0.5375_-0.6223end-0.02_5.11_-1.61_-146.15_-60.76_45.99_36.44_-26.31_-6.81_0.4698_0.3164_-0.5422_-0.6207end-0.02_5.11_-1.61_-146.15_-60.76_45.99_36.44_-26.31_-6.81_0.4651_0.3192_-0.5467_-0.6188end-0.18_5.16_-1.29_-150.40_-33.46_44.65_36.44_-26.31_-6.81_0.4567_0.3251_-0.5550_-0.6147end-0.18_5.16_-1.29_-150.40_-33.46_44.65_36.44_-26.31_-6.81_0.4484_0.3317_-0.5630_-0.6099end-0.29_4.96_-0.81_-150.40_-33.46_44.65_36.44_-26.31_-6.81_0.4444_0.3350_-0.5669_-0.6074end-0.38_4.59_-0.63_-150.40_-33.46_44.65,24.1390126,120.7484652,114.80000305175781
2357,,24.1390126,120.7484652,114.80000305175781
2358,,24.1390126,120.7484652,114.80000305175781
2359,_36.44_-26.31_-6.81_0.4404_0.3383_-0.5707_-0.6049end-0.45_4.32_-0.51_-153.42_-32.34_43.87_36.44_-26.31_-6.81_0.4404_0.3383_-0.5707_-0.6049end-0.48_4.16_-0.50_-153.42_-32.34_43.87_36.00_-26.44_-11.75_0.4404_0.3383_-0.5707_-0.6049end,24.1390126,120.7484652,114.80000305175781
2360,,24.1390126,120.7484652,114.80000305175781
2361,,24.1390126,120.7484652,114.80000305175781
2362,,24.1390126,120.7484652,114.80000305175781
2363,-0.48_4.16_-0.50_-152.08_-35.14_42.30_36.00_-26.44_-11.75_0.4277_0.3478_-0.5826_-0.5972end0.24_4.01_-0.20_-152.08_-35.14_42.30_36.00_-26.44_-11.75_0.4277_0.3478_-0.5826_-0.5972end0.24_4.01_-0.20_-151.30_-38.05_42.64_34.56_-26.12_-14.06_0.4147_0.3569_-0.5944_-0.5894end0.24_4.01_-0.20_-149.28_-37.82_43.87_34.56_-26.12_-14.06_0.4103_0.3597_-0.5982_-0.5868end0.24_4.01_-0.20_-149.28_-37.82_43.87_33.81_-25.12_-14.94_0.4103_0.3597_-0.5982_-0.5868end0.24_4.01_-0.20_-148.28_-32.12_43.31_34.19_-26.12_-14.94_0.4103_0.3597_-0.5982_-0.5868end0.24_4.01_-0.20_-148.83_-24.62_42.75_34.19_-26.12_-14.94_0.3974_0.3687_-0.6092_-0.5789end0.24_4.01_-0.20_-149.28_-10.18_40.85,24.1390126,120.7484652,114.80000305175781
2364,_33.81_-25.50_-16.81_0.3859_0.3787_-0.6190_-0.5696end-0.07_4.05_1.05_-149.28_-10.18_40.85_33.81_-25.50_-16.81_0.3824_0.3823_-0.6220_-0.5663end-0.12_4.07_0.54_-149.28_-10.18_40.85_33.81_-25.50_-16.81_0.3790_0.3859_-0.6251_-0.5628end,24.1390126,120.7484652,114.80000305175781
2365,,24.1390126,120.7484652,114.80000305175781
2366,,24.1390126,120.7484652,114.80000305175781
2367,,24.1390126,120.7484652,114.80000305175781
2368,,24.1390126,120.7484652,114.80000305175781
2369,,24.1390126,120.7484652,114.80000305175781
2370,-0.01_4.35_0.17_-149.28_-10.18_40.85_33.81_-25.50_-16.81_0.3790_0.3859_-0.6251_-0.5628end-0.04_4.47_0.31_-149.28_-10.18_40.85_33.81_-25.50_-16.81_0.3688_0.3962_-0.6335_-0.5528end0.28_5.18_1.19_-149.28_-10.18_40.85_33.81_-25.50_-16.81_0.3655_0.3995_-0.6362_-0.5496end0.28_5.18_1.19_-138.20_-1.90_35.92_33.81_-24.12_-19.00_0.3655_0.3995_-0.6362_-0.5496end0.58_5.40_1.34_-138.20_-1.90_35.92_33.81_-24.12_-19.00_0.3655_0.3995_-0.6362_-0.5496end0.70_5.63_1.30_-136.08_7.05_34.02_33.81_-24.12_-19.00_0.3558_0.4092_-0.6441_-0.5396end0.70_5.63_1.30_-136.08_7.05_34.02_33.81_-24.12_-19.00_0.3530_0.4125_-0.6464_-0.5361end0.70_5.63_1.30_-132.05_24.28_31.89_33.81_-24.12_,24.1390126,120.7484652,114.80000305175781
2371,-19.00_0.3504_0.4159_-0.6486_-0.5325end0.34_6.61_1.44_-132.05_24.28_31.89_33.81_-24.12_-19.00_0.3462_0.4233_-0.6525_-0.5247end0.20_6.87_1.62_-126.90_51.81_27.64_33.81_-24.12_-19.00_0.3462_0.4233_-0.6525_-0.5247end,24.1390126,120.7484652,114.80000305175781
2372,,24.1390126,120.7484652,114.80000305175781
2373,,24.1390126,120.7484652,114.80000305175781
2374,,24.1390126,120.7484652,114.80000305175781
2375,,24.1390126,120.7484652,114.80000305175781
2376,,24.1390126,120.7484652,114.80000305175781
2377,-0.21_7.35_2.04_-124.77_56.62_26.41_33.81_-24.12_-19.00_0.3462_0.4233_-0.6525_-0.5247end-0.21_7.35_2.04_-120.86_54.61_24.95_33.81_-24.12_-19.00_0.3407_0.4390_-0.6583_-0.5078end-0.48_7.91_2.42_-120.86_54.61_24.95_33.81_-24.12_-19.00_0.3407_0.4390_-0.6583_-0.5078end-0.46_8.20_2.48_-116.05_35.47_24.17_33.81_-24.12_-19.00_0.3407_0.4390_-0.6583_-0.5078end-0.46_8.20_2.48_-116.05_35.47_24.17_33.06_-22.44_-21.69_0.3359_0.4492_-0.6626_-0.4963end-0.08_8.82_2.54_-116.05_35.47_24.17_33.06_-22.44_-21.69_0.3359_0.4492_-0.6626_-0.4963end-0.08_8.82_2.54_-105.19_-8.62_24.28_33.06_-22.81_-22.13_0.3359_0.4492_-0.6626_-0.4963end0.00_9.04_2.70_-105.19_-8.62_24.28_33.06_-22,24.1390126,120.7484652,114.80000305175781
2378,.81_-22.13_0.3359_0.4492_-0.6626_-0.4963end0.11_9.21_2.83_-99.15_-22.60_24.51_33.06_-22.81_-22.13_0.3224_0.4604_-0.6716_-0.4826end0.11_9.21_2.83_-99.15_-22.60_24.51_33.06_-22.81_-22.13_0.3193_0.4621_-0.6735_-0.4806end,24.1390126,120.7484652,114.80000305175781
2379,,24.1390126,120.7484652,114.80000305175781
2380,,24.1390126,120.7484652,114.80000305175781
2381,,24.1390126,120.7484652,114.80000305175781
2382,,24.1390126,120.7484652,114.80000305175781
2383,,24.1390126,120.7484652,114.80000305175781
2384,,24.1390126,120.7484652,114.80000305175781
2385,0.11_9.21_2.83_-92.43_-30.44_24.28_33.06_-22.81_-22.13_0.3161_0.4635_-0.6753_-0.4788end0.11_9.21_2.83_-92.43_-30.44_24.28_32.31_-20.81_-23.94_0.3094_0.4661_-0.6790_-0.4755end0.82_9.44_2.80_-82.70_-38.94_23.39_32.31_-20.81_-23.94_0.3029_0.4682_-0.6823_-0.4727end0.83_9.40_2.77_-82.70_-38.94_23.39_31.94_-20.44_-24.81_0.2997_0.4692_-0.6840_-0.4714end0.88_9.40_2.74_-82.70_-38.94_23.39_31.94_-20.44_-24.81_0.2968_0.4702_-0.6854_-0.4702end0.91_9.24_2.80_-82.70_-38.94_23.39_31.94_-20.44_-24.81_0.2968_0.4702_-0.6854_-0.4702end0.78_9.05_2.95_-65.24_-24.84_20.03_31.94_-20.44_-24.81_0.2968_0.4702_-0.6854_-0.4702end0.78_9.05_2.95_-58.08_-12.87_18.46_31.56_-19.50_-25.25_0.2890_0.4731_-0.6892_-0.4664end0.78_9.05_2.95_-58.08_-12.87_18.46_31.56_-19.50_-25.25_0.2852_0.4753_-0.6910_-0.4639end0.60_8.61_3.31_-58.08_-12.87_18.46_31.56_-19.50_-25.25_0.2838_0.4766_-0.6918_-0.4625end,24.1390126,120.7484652,114.80000305175781
2386,,24.1390126,120.7484652,114.80000305175781
2387,,24.1390126,120.7484652,114.80000305175781
2388,,24.1390126,120.7484652,114.80000305175781
2389,,24.1390126,120.7484652,114.80000305175781
2390,,24.1390126,120.7484652,114.80000305175781
2391,,24.1390126,120.7484652,114.80000305175781
2392,0.43_8.30_3.66_-58.08_-12.87_18.46_30.06_-20.19_-26.62_0.2838_0.4766_-0.6918_-0.4625end0.34_8.19_3.76_-43.08_18.91_14.66_30.06_-20.19_-26.62_0.2814_0.4807_-0.6929_-0.4579end0.21_7.97_3.78_-43.08_18.91_14.66_30.06_-20.19_-26.62_0.2811_0.4821_-0.6930_-0.4564end0.07_7.94_3.84_-43.08_18.91_14.66_30.44_-19.50_-26.12_0.2811_0.4821_-0.6930_-0.4564end-0.02_8.07_3.80_-43.08_18.91_14.66_30.44_-19.50_-26.12_0.2812_0.4849_-0.6929_-0.4535end-0.02_8.15_3.72_-24.51_32.79_11.41_30.44_-19.50_-26.12_0.2812_0.4849_-0.6929_-0.4535end-0.02_8.15_3.72_-24.51_32.79_11.41_31.94_-18.81_-26.12_0.2820_0.4888_-0.6923_-0.4498end0.09_8.54_3.57_-24.51_32.79_11.41_31.94_-18.81_-26.12_,24.1390126,120.7484652,114.80000305175781
2393,0.2822_0.4898_-0.6920_-0.4489end0.20_8.91_3.54_-24.51_32.79_11.41_31.94_-18.81_-26.12_0.2822_0.4898_-0.6920_-0.4489end0.39_9.18_3.40_-24.51_32.79_11.41_31.94_-18.81_-26.12_0.2822_0.4898_-0.6920_-0.4489end,24.1390126,120.7484652,114.80000305175781
2394,,24.1390126,120.7484652,114.80000305175781
2395,,24.1390126,120.7484652,114.80000305175781
2396,,24.1390126,120.7484652,114.80000305175781
2397,,24.1390126,120.7484652,114.80000305175781
2398,,24.1390126,120.7484652,114.80000305175781
2399,,24.1390126,120.7484652,114.80000305175781
2400,0.46_9.40_3.28_-24.51_32.79_11.41_31.94_-18.81_-26.12_0.2824_0.4924_-0.6910_-0.4476end0.68_9.67_2.93_-24.51_32.79_11.41_31.94_-18.81_-26.12_0.2824_0.4924_-0.6910_-0.4476end0.74_9.92_2.54_-24.51_32.79_11.41_31.94_-18.81_-26.12_0.2822_0.4929_-0.6905_-0.4480end0.76_10.02_2.29_10.41_-5.26_7.39_31.94_-18.81_-26.12_0.2822_0.4929_-0.6905_-0.4480end0.74_10.09_2.13_10.41_-5.26_7.39_31.94_-18.81_-26.12_0.2821_0.4928_-0.6895_-0.4496end0.75_10.11_1.89_10.41_-5.26_7.39_31.94_-20.12_-24.81_0.2822_0.4927_-0.6890_-0.4504end0.77_9.89_1.70_10.41_-5.26_7.39_31.94_-20.12_-24.81_0.2822_0.4927_-0.6890_-0.4504end0.83_9.81_1.66_24.40_-4.59_3.69_31.94_-20.12_-24.81_0.2822_0.4927_-0.6890_-0.4504end0.83_9.81_1.66_24.40_-4.59_3.69_31.56_-19.50_-25.25_0.2834_0.4917_-0.6870_-0.4539end0.88_9.33_1.62_24.40_-4.59_3.69_31.56_-19.50_-25.25_0.2841_0.4915_-0.6863_-0.4548end,24.1390126,120.7484652,114.80000305175781
2401,,24.1390126,120.7484652,114.80000305175781
2402,,24.1390126,120.7484652,114.80000305175781
2403,,24.1390126,120.7484652,114.80000305175781
2404,,24.1390126,120.7484652,114.80000305175781
2405,,24.1390126,120.7484652,114.80000305175781
2406,0.79_9.17_1.67_35.03_5.93_0.56_30.81_-19.50_-25.75_0.2841_0.4915_-0.6863_-0.4548end0.87_9.08_1.45_36.93_10.85_-0.34_30.81_-19.50_-25.75_0.2841_0.4915_-0.6863_-0.4548end0.87_9.08_1.45_36.93_10.85_-0.34_30.81_-19.50_-25.75_0.2886_0.4905_-0.6828_-0.4582end0.81_9.22_1.30_44.09_21.60_-2.69_30.81_-19.50_-25.75_0.2902_0.4904_-0.6817_-0.4589end0.73_9.02_0.94_44.09_21.60_-2.69_30.81_-19.50_-25.75_0.2919_0.4902_-0.6805_-0.4598end0.68_8.81_0.72_48.23_23.95_-3.80_30.50_-19.50_-23.94_0.2919_0.4902_-0.6805_-0.4598end0.62_8.55_0.62_50.02_25.63_-4.25_30.50_-19.50_-23.94_0.2919_0.4902_-0.6805_-0.4598end0.71_8.13_0.50_50.02_25.63_-4.25_30.50_-19.50_-23.94_0.2996_0.4892_,24.1390126,120.7484652,114.80000305175781
2407,-0.6755_-0.4632end0.68_7.90_0.41_55.84_30.44_-6.04_30.50_-19.50_-23.94_0.3017_0.4890_-0.6742_-0.4641end0.66_7.51_0.29_55.84_30.44_-6.04_30.50_-19.50_-23.94_0.3017_0.4890_-0.6742_-0.4641end,24.1390126,120.7484652,114.80000305175781
2408,,24.1390126,120.7484652,114.80000305175781
2409,,24.1390126,120.7484652,114.80000305175781
2410,,24.1390126,120.7484652,114.80000305175781
2411,,24.1390126,120.7484652,114.80000305175781
2412,,24.1390126,120.7484652,114.80000305175781
2413,,24.1390126,120.7484652,114.80000305175781
2414,0.62_7.26_0.35_58.64_34.91_-6.94_30.50_-19.50_-23.94_0.3017_0.4890_-0.6742_-0.4641end0.62_7.26_0.35_62.00_40.40_-7.95_30.50_-19.50_-23.94_0.3088_0.4882_-0.6697_-0.4667end-2.73_55.69_-19.84_62.00_40.40_-7.95_30.50_-19.50_-23.94_0.3144_0.4876_-0.6663_-0.4684end17.90_5.62_34.40_102.06_-39.95_-4.81_30.50_-19.50_-23.94_0.3165_0.4863_-0.6646_-0.4708end-12.70_11.30_-9.23_102.06_-39.95_-4.81_31.19_-21.12_-22.56_0.3165_0.4863_-0.6646_-0.4708end-10.23_8.73_29.01_148.28_41.52_-3.02_31.19_-21.12_-22.56_0.3207_0.4849_-0.6613_-0.4741end4.80_8.44_-12.16_148.28_41.52_-3.02_31.19_-21.12_-22.56_0.3242_0.4852_-0.6603_-0.4729end4.56_11.09_15.55_148.28_41.52_-3.02_32.69_-21.75_-20.81_0.3242_0.4852_-0.6603_-0.4729end4.56_11.09_15.55_52.37_112.13_-58.19_32.69_-21.75_-20.81_0.3352_0.4858_-0.6570_-0.4689end4.56_11.09_15.55_52.71_60.54_-45.21_32.69_-21.75_-20.81_0.3427_0.4839_-0.6550_-0.4683end,24.1390126,120.7484652,114.80000305175781
2415,,24.1390126,120.7484652,114.80000305175781
2416,,24.1390126,120.7484652,114.80000305175781
2417,,24.1390126,120.7484652,114.80000305175781
2418,,24.1390126,120.7484652,114.80000305175781
2419,,24.1390126,120.7484652,114.80000305175781
2420,,24.1390126,120.7484652,114.80000305175781
2421,3.26_8.63_4.36_52.71_60.54_-45.21_33.44_-21.44_-20.31_0.3427_0.4839_-0.6550_-0.4683end3.26_8.63_4.36_59.65_-43.20_-10.74_33.44_-21.44_-20.31_0.3445_0.4796_-0.6542_-0.4725end3.53_8.53_4.50_59.65_-43.20_-10.74_33.44_-21.44_-20.31_0.3447_0.4775_-0.6538_-0.4750end-0.90_7.99_3.98_46.55_-9.96_-8.39_33.44_-21.44_-20.31_0.3451_0.4760_-0.6533_-0.4771end-0.90_7.99_3.98_50.02_59.09_-16.56_33.06_-21.06_-20.75_0.3467_0.4753_-0.6523_-0.4780end0.38_8.11_1.29_50.02_59.09_-16.56_33.06_-21.06_-20.75_0.3529_0.4752_-0.6490_-0.4778end1.29_8.03_-1.22_50.02_59.09_-16.56_33.06_-21.06_-20.75_0.3571_0.4756_-0.6470_-0.4770end-0.70_8.08_-0.10_50.69_106.31_-29.77_33.06_-21.06_-20.,24.1390126,120.7484652,114.80000305175781
2422,75_0.3571_0.4756_-0.6470_-0.4770end-0.70_8.08_-0.10_50.69_106.31_-29.77_33.06_-21.06_-20.75_0.3699_0.4763_-0.6412_-0.4745end0.90_8.25_0.25_58.75_36.71_-24.95_33.06_-21.06_-20.75_0.3699_0.4763_-0.6412_-0.4745end,24.1390126,120.7484652,114.80000305175781
2423,,24.1390126,120.7484652,114.80000305175781
2424,,24.1390126,120.7484652,114.80000305175781
2425,,24.1390126,120.7484652,114.80000305175781
2426,,24.1390126,120.7484652,114.80000305175781
2427,,24.1390126,120.7484652,114.80000305175781
2428,,24.1390126,120.7484652,114.80000305175781
2429,,24.1390126,120.7484652,114.80000305175781
2430,-0.46_8.45_0.49_58.75_36.71_-24.95_34.19_-21.00_-16.25_0.3730_0.4756_-0.6398_-0.4747end0.45_8.46_1.57_62.33_3.02_-20.48_34.19_-21.00_-16.25_0.3730_0.4756_-0.6398_-0.4747end0.45_8.46_1.57_62.33_3.02_-20.48_35.25_-22.06_-18.00_0.3790_0.4715_-0.6368_-0.4781end0.45_8.46_1.57_62.33_3.02_-20.48_35.25_-22.06_-18.00_0.3828_0.4687_-0.6348_-0.4803end-0.32_8.58_1.91_62.33_3.02_-20.48_35.25_-22.06_-18.00_0.3854_0.4678_-0.6336_-0.4809end-0.60_8.55_1.34_52.37_45.66_-25.51_35.25_-22.06_-18.00_0.3854_0.4678_-0.6336_-0.4809end0.46_8.63_1.72_52.37_45.66_-25.51_35.25_-22.06_-18.00_0.3854_0.4678_-0.6336_-0.4809end0.74_8.57_1.94_52.37_45.66_-25.51_35.25_-22.06_-18.00_0.396,24.1390126,120.7484652,114.80000305175781
2431,8_0.4655_-0.6281_-0.4811end0.08_8.51_1.07_52.37_45.66_-25.51_35.25_-22.06_-18.00_0.3968_0.4655_-0.6281_-0.4811end-1.09_8.46_0.70_52.37_45.66_-25.51_36.38_-21.69_-17.12_0.4052_0.4642_-0.6235_-0.4813end,24.1390126,120.7484652,114.80000305175781
2432,,24.1390126,120.7484652,114.80000305175781
2433,,24.1390126,120.7484652,114.80000305175781
2434,,24.1390126,120.7484652,114.80000305175781
2435,,24.1390126,120.7484652,114.80000305175781
2436,,24.1390126,120.7484652,114.80000305175781
2437,-1.28_8.42_0.40_52.37_45.66_-25.51_36.06_-22.00_-13.94_0.4083_0.4639_-0.6218_-0.4811end-1.42_8.64_1.51_52.37_45.66_-25.51_36.06_-22.00_-13.94_0.4083_0.4639_-0.6218_-0.4811end-1.50_8.60_1.20_52.37_45.66_-25.51_36.69_-22.00_-14.44_0.4083_0.4639_-0.6218_-0.4811end-1.50_8.60_1.20_56.06_71.06_-22.83_36.69_-22.00_-14.44_0.4185_0.4635_-0.6160_-0.4803end-1.50_8.60_1.20_56.06_71.06_-22.83_36.75_-20.56_-13.50_0.4219_0.4633_-0.6140_-0.4800end-1.50_8.60_1.20_56.62_60.99_-21.04_36.75_-20.56_-13.50_0.4252_0.4630_-0.6121_-0.4799end-1.50_8.60_1.20_57.18_53.16_-19.36_36.44_-21.62_-13.06_0.4252_0.4630_-0.6121_-0.4799end-1.50_8.60_1.20_55.51_42.75_-16.90_36.44_-21.62_-13,24.1390126,120.7484652,114.80000305175781
2438,.06_0.4312_0.4620_-0.6085_-0.4800end-1.50_8.60_1.20_55.51_42.75_-16.90_37.44_-21.25_-12.13_0.4365_0.4608_-0.6051_-0.4806end-1.91_8.70_1.87_54.27_39.84_-17.12_37.44_-21.25_-12.13_0.4414_0.4594_-0.6021_-0.4813end,24.1390126,120.7484652,114.80000305175781
2439,,24.1390126,120.7484652,114.80000305175781
2440,,24.1390126,120.7484652,114.80000305175781
2441,,24.1390126,120.7484652,114.80000305175781
2442,,24.1390126,120.7484652,114.80000305175781
2443,,24.1390126,120.7484652,114.80000305175781
2444,-1.84_8.63_1.45_54.27_39.84_-17.12_37.44_-21.25_-12.13_0.4440_0.4587_-0.6005_-0.4816end-1.84_8.57_1.14_54.27_39.84_-17.12_37.44_-21.25_-12.13_0.4463_0.4579_-0.5989_-0.4820end-1.50_8.63_0.89_54.27_39.84_-17.12_37.44_-21.56_-11.69_0.4507_0.4562_-0.5961_-0.4831end-1.56_8.69_0.68_54.27_39.84_-17.12_37.81_-21.94_-11.25_0.4529_0.4552_,24.1390126,120.7484652,114.80000305175781
2445,-0.5947_-0.4838end-1.69_8.73_0.87_54.27_39.84_-17.12_37.81_-21.94_-11.25_0.4529_0.4552_-0.5947_-0.4838end-1.69_8.73_0.87_57.41_22.94_-13.43_37.81_-21.94_-11.25_0.4529_0.4552_-0.5947_-0.4838end-1.69_8.73_0.87_57.41_22.94_-13.43_37.81_-21.94_-11.25_0.4589_0.4520_-0.5905_-0.4862end-1.66_8.71_0.97_57.41_22.94_-13.43_37.81_-21.94_-11.25_0.4589_0.4520_-0.5905_-0.4862end-1.51_8.70_0.85_57.41_22.94_-13.43_37.88_-20.88_-10.31_0.4589_0.4520_-0.5905_-0.4862end-1.47_8.69_0.79_56.18_23.28_-13.09_37.88_-20.88_-10.31_0.4589_0.4520_-0.5905_-0.4862end,24.1390126,120.7484652,114.80000305175781
2446,,24.1390126,120.7484652,114.80000305175781
2447,,24.1390126,120.7484652,114.80000305175781
2448,,24.1390126,120.7484652,114.80000305175781
2449,,24.1390126,120.7484652,114.80000305175781
2450,,24.1390126,120.7484652,114.80000305175781
2451,-1.39_8.66_0.43_56.18_23.28_-13.09_37.88_-20.88_-10.31_0.4707_0.4459_-0.5820_-0.4908end-1.41_8.63_0.21_56.18_23.28_-13.09_37.50_-20.81_-8.56_0.4725_0.4448_-0.5806_-0.4917end-1.56_8.67_-0.10_55.51_16.34_-10.97_37.50_-20.81_-8.56_0.4725_0.4448_-0.5806_-0.4917end-1.56_8.67_-0.10_55.17_16.67_-11.08_37.50_-20.81_-8.56_0.4759_0.4426_-,24.1390126,120.7484652,114.80000305175781
2452,0.5780_-0.4935end-1.56_8.67_-0.10_55.17_16.67_-11.08_38.25_-21.50_-8.50_0.4793_0.4403_-0.5754_-0.4953end-1.51_8.63_-0.48_55.17_16.67_-11.08_38.25_-21.50_-8.50_0.4811_0.4392_-0.5740_-0.4962end-1.43_8.72_-0.60_55.17_16.67_-11.08_37.88_-20.81_-7.56_0.4811_0.4392_-0.5740_-0.4962end-1.42_8.70_-0.70_55.17_16.67_-11.08_37.88_-21.87_-9.38_0.4811_0.4392_-0.5740_-0.4962end-1.42_8.67_-0.93_55.51_17.12_-9.96_37.88_-21.87_-9.38_0.4811_0.4392_-0.5740_-0.4962end-1.42_8.67_-0.93_55.06_16.56_-9.74_37.88_-21.87_-9.38_0.4896_0.4338_-0.5671_-0.5005end,24.1390126,120.7484652,114.80000305175781
2453,,24.1390126,120.7484652,114.80000305175781
2454,,24.1390126,120.7484652,114.80000305175781
2455,,24.1390126,120.7484652,114.80000305175781
2456,,24.1390126,120.7484652,114.80000305175781
2457,,24.1390126,120.7484652,114.80000305175781
2458,-1.62_8.71_-1.25_55.06_16.56_-9.74_38.25_-21.81_-6.31_0.4896_0.4338_-0.5671_-0.5005end-1.64_8.72_-1.37_53.16_17.35_-9.29_38.63_-22.19_-6.69_0.4896_0.4338_-0.5671_-0.5005end-1.64_8.72_-1.37_52.82_17.01_-8.95_38.63_-22.19_-6.69_0.4944_0.4307_-0.5630_-0.5031end-1.62_8.74_-1.69_52.26_15.78_-8.95_38.63_-22.19_-6.69_0.4944_0.4307_-0.5,24.1390126,120.7484652,114.80000305175781
2459,630_-0.5031end-1.62_8.74_-1.69_52.26_15.78_-8.95_38.25_-22.19_-6.31_0.4990_0.4276_-0.5591_-0.5056end-1.54_8.78_-1.52_52.60_12.65_-8.17_38.25_-22.19_-6.31_0.4990_0.4276_-0.5591_-0.5056end-1.54_8.78_-1.52_52.60_12.65_-8.17_38.25_-22.19_-6.31_0.5034_0.4243_-0.5552_-0.5082end-1.56_8.78_-1.37_52.60_12.65_-8.17_38.25_-22.19_-6.31_0.5049_0.4233_-0.5538_-0.5092end-1.61_8.79_-1.39_52.60_12.65_-8.17_38.25_-22.19_-6.31_0.5063_0.4223_-0.5525_-0.5099end-1.79_8.81_-1.53_52.60_12.65_-8.17_38.25_-22.19_-6.31_0.5078_0.4214_-0.5511_-0.5107end,24.1390126,120.7484652,114.80000305175781
2460,,24.1390126,120.7484652,114.80000305175781
2461,,24.1390126,120.7484652,114.80000305175781
2462,,24.1390126,120.7484652,114.80000305175781
2463,,24.1390126,120.7484652,114.80000305175781
2464,,24.1390126,120.7484652,114.80000305175781
2465,,24.1390126,120.7484652,114.80000305175781
2466,-1.79_8.81_-1.53_48.57_16.67_-6.49_38.25_-22.13_-4.94_0.5078_0.4214_-0.5511_-0.5107end-1.86_8.82_-1.82_48.57_16.67_-6.49_38.25_-22.13_-4.94_0.5118_0.4184_-0.5473_-0.5132end-1.68_8.88_-1.95_48.57_16.67_-6.49_38.25_-22.13_-4.94_0.5128_0.4171_-0.5464_-0.5143end-1.68_8.88_-1.95_48.57_16.67_-6.49_39.69_-22.13_-4.00_0.5135_0.4155_-0.5,24.1390126,120.7484652,114.80000305175781
2467,456_-0.5156end-1.28_8.84_-1.86_48.57_16.67_-6.49_39.69_-22.13_-4.00_0.5143_0.4119_-0.5447_-0.5187end-1.28_8.84_-1.86_48.01_-35.81_-6.38_39.69_-22.13_-4.00_0.5145_0.4099_-0.5446_-0.5203end-0.71_8.83_-2.07_48.01_-35.81_-6.38_38.25_-22.13_-4.44_0.5145_0.4099_-0.5446_-0.5203end-0.50_8.87_-2.18_47.22_-38.61_-7.05_38.25_-22.13_-4.44_0.5145_0.4099_-0.5446_-0.5203end-0.38_8.84_-2.25_47.22_-38.61_-7.05_39.38_-21.81_-4.87_0.5148_0.4011_-0.5442_-0.5272end-0.36_8.81_-2.44_47.22_-38.61_-7.05_39.38_-21.81_-4.87_0.5150_0.3990_-0.5441_-0.5288end,24.1390126,120.7484652,114.80000305175781
2468,,24.1390126,120.7484652,114.80000305175781
2469,,24.1390126,120.7484652,114.80000305175781
2470,,24.1390126,120.7484652,114.80000305175781
2471,,24.1390126,120.7484652,114.80000305175781
2472,,24.1390126,120.7484652,114.80000305175781
2473,,24.1390126,120.7484652,114.80000305175781
2474,,24.1390126,120.7484652,114.80000305175781
2475,-0.33_8.84_-2.40_47.78_-27.75_-9.29_39.38_-21.81_-4.87_0.5150_0.3990_-0.5441_-0.5288end-0.33_8.84_-2.40_47.78_-27.75_-9.29_38.63_-21.81_-3.56_0.5154_0.3948_-0.5436_-0.5319end-0.69_8.88_-2.02_47.78_-27.75_-9.29_38.63_-21.81_-3.56_0.5164_0.3911_-0.5427_-0.5347end-0.69_8.88_-2.02_46.89_-18.58_-10.52_38.25_-21.81_-3.56_0.5169_0.3892_-0.5422_-0.5359end-0.97_8.87_-1.99_46.89_-18.58_-10.52_38.25_-21.81_-3.56_0.5169_0.3892_-0.5422_-0.5359end-0.97_8.87_-1.99_45.21_-21.49_-11.30_38.25_-21.81_-3.56_0.5186_0.3839_-0.5409_-0.5396end-1.29_8.84_-2.31_45.21_-21.49_-11.30_39.00_-21.81_-4.00_0.5191_0.3819_-0.5405_-0.5409end-1.18_8.83_-2.48_45.21_-21.49_-11.30_39.00_-21.,24.1390126,120.7484652,114.80000305175781
2476,,24.1390126,120.7484652,114.80000305175781
2477,,24.1390126,120.7484652,114.80000305175781
2478,,24.1390126,120.7484652,114.80000305175781
2479,81_-4.00_0.5191_0.3819_-0.5405_-0.5409end-0.95_8.82_-2.57_45.21_-21.49_-11.30_39.00_-21.81_-4.00_0.5198_0.3778_-0.5401_-0.5435end-0.90_8.85_-2.60_45.66_-39.39_-13.09_39.00_-21.81_-4.00_0.5201_0.3733_-0.5400_-0.5463end,24.1390126,120.7484652,114.80000305175781
2480,,24.1390126,120.7484652,114.80000305175781
2481,-0.90_8.85_-2.60_46.33_-37.94_-12.53_38.63_-20.75_-4.87_0.5201_0.3733_-0.5400_-0.5463end-0.90_8.85_-2.60_46.33_-37.94_-12.53_38.63_-21.12_-4.44_0.5203_0.3710_-0.5400_-0.5479end-0.90_8.85_-2.60_43.31_-7.39_-14.21_38.63_-21.12_-4.44_0.5203_0.3710_-0.5400_-0.5479end-0.90_8.85_-2.60_43.31_-7.39_-14.21_38.63_-21.12_-4.44_0.5226_0.363,24.1390126,120.7484652,114.80000305175781
2482,8_-0.5383_-0.5521end-1.62_8.83_-2.77_43.31_-7.39_-14.21_38.63_-21.12_-4.44_0.5237_0.3624_-0.5374_-0.5529end-1.88_8.78_-2.93_42.41_4.36_-13.09_38.63_-21.12_-4.44_0.5237_0.3624_-0.5374_-0.5529end-2.41_8.81_-3.09_42.41_4.36_-13.09_38.63_-21.12_-4.44_0.5258_0.3599_-0.5356_-0.5542end-2.41_8.81_-3.09_42.41_4.36_-13.09_38.63_-21.12_-4.44_0.5283_0.3577_-0.5334_-0.5554end-2.70_8.84_-2.92_42.41_4.36_-13.09_38.63_-21.12_-4.44_0.5297_0.3568_-0.5322_-0.5558end-2.75_8.85_-2.89_42.41_20.70_-13.76_37.88_-20.75_-3.50_0.5297_0.3568_-0.5322_-0.5558end,24.1390126,120.7484652,114.80000305175781
2483,,24.1390126,120.7484652,114.80000305175781
2484,,24.1390126,120.7484652,114.80000305175781
2485,,24.1390126,120.7484652,114.80000305175781
2486,,24.1390126,120.7484652,114.80000305175781
2487,,24.1390126,120.7484652,114.80000305175781
2488,,24.1390126,120.7484652,114.80000305175781
2489,,24.1390126,120.7484652,114.80000305175781
2490,-2.90_8.84_-2.82_42.41_20.70_-13.76_37.88_-20.75_-3.50_0.5297_0.3568_-0.5322_-0.5558end-2.90_8.84_-2.82_42.41_20.70_-13.76_37.88_-20.75_-3.50_0.5352_0.3534_-0.5270_-0.5576end-3.22_8.88_-2.94_42.41_20.70_-13.76_38.63_-21.75_-2.25_0.5366_0.3525_-0.5258_-0.5580end-3.39_8.87_-2.97_42.41_20.70_-13.76_38.63_-21.75_-2.25_0.5377_0.3517_,24.1390126,120.7484652,114.80000305175781
2491,,24.1390126,120.7484652,114.80000305175781
2492,,24.1390126,120.7484652,114.80000305175781
2493,,24.1390126,120.7484652,114.80000305175781
2494,,24.1390126,120.7484652,114.80000305175781
2495,-0.5246_-0.5585end-3.78_8.85_-3.28_42.41_20.70_-13.76_38.63_-21.75_-2.25_0.5377_0.3517_-0.5246_-0.5585end-3.82_8.84_-3.34_39.50_3.02_-9.06_38.63_-21.75_-2.25_0.5405_0.3484_-0.5217_-0.5605end-3.77_8.89_-3.37_38.83_-12.65_-8.39_38.63_-21.75_-2.25_0.5411_0.3470_-0.5211_-0.5615end-3.60_8.86_-3.45_38.83_-12.65_-8.39_38.63_-21.75_-2.25_0.5414_0.3455_-0.5207_-0.5624end-3.49_8.87_-3.46_38.05_-35.25_-5.93_38.63_-21.75_-2.25_0.5414_0.3455_-0.5207_-0.5624end-3.30_8.87_-3.57_38.05_-35.25_-5.93_38.63_-21.75_-2.25_0.5414_0.3398_-0.5204_-0.5662end,24.1390126,120.7484652,114.80000305175781
2496,,24.1390126,120.7484652,114.80000305175781
2497,-3.14_8.84_-3.56_38.05_-35.25_-5.93_38.63_-21.75_-2.25_0.5411_0.3377_-0.5205_-0.5676end-3.07_8.88_-3.59_36.71_-49.24_-4.70_38.63_-21.75_-2.25_0.5411_0.3377_-0.5205_-0.5676end-3.07_8.88_-3.59_36.71_-49.24_-4.70_38.63_-20.75_-2.62_0.5396_0.3308_-0.5215_-0.5722end-2.58_8.83_-3.60_36.71_-49.24_-4.70_38.63_-20.75_-2.62_0.5389_0.3284_-0.5220_-0.5738end-2.48_8.84_-3.60_35.47_-56.18_-4.36_38.63_-20.75_-2.62_0.5389_0.3284_-0.5220_-0.5738end-2.32_8.81_-3.54_35.47_-56.18_-4.36_38.63_-20.75_-2.62_0.5375_0.3236_-0.5229_-0.5769end-2.28_8.79_-3.56_35.14_-56.85_-4.14_38.63_-20.75_-2.62_0.5375_0.3236_-0.5229_-0.5769end-2.28_8.79_-3.56_34.58_-56.51_-4.03_38.25_-21.44_-3.50_0.5354_0.3164_-0.5245_-0.5815end-2.09_8.77_-3.41_34.58_-56.51_-4.03_39.75_-19.69_-3.50_0.5347_0.3141_-0.5249_-0.5830end-2.01_8.80_-3.43_34.58_-56.51_-4.03_39.75_-19.69_-3.50_0.5341_0.3117_-0.5253_-0.5845end,24.1390126,120.7484652,114.80000305175781
2498,,24.1390126,120.7484652,114.80000305175781
2499,,24.1390126,120.7484652,114.80000305175781
2500,,24.1390126,120.7484652,114.80000305175781
2501,,24.1390126,120.7484652,114.80000305175781
2502,,24.1390126,120.7484652,114.80000305175781
2503,,24.1390126,120.7484652,114.80000305175781
2504,,24.1390126,120.7484652,114.80000305175781
2505,,24.1390126,120.7484652,114.80000305175781
2506,,24.1390126,120.7484652,114.80000305175781
2507,,24.1390126,120.7484652,114.80000305175781
2508,,24.1390126,120.7484652,114.80000305175781
2509,,24.1390126,120.7484652,114.80000305175781
2510,,24.1390126,120.7484652,114.80000305175781
2511,,24.1390126,120.7484652,114.80000305175781
2512,,24.1390126,120.7484652,114.80000305175781
2513,-1.91_8.79_-3.37_33.24_-46.66_-5.26_39.75_-19.69_-3.50_0.5341_0.3117_-0.5253_-0.5845end-1.91_8.79_-3.37_33.24_-46.66_-5.26_37.88_-21.44_-4.44_0.5330_0.3073_-0.5260_-0.5872end-1.71_8.77_-3.25_33.24_-46.66_-5.26_37.88_-21.44_-4.44_0.5320_0.3030_-0.5266_-0.5898end-1.71_8.77_-3.25_32.56_-41.63_-5.60_38.63_-21.12_-4.00_0.5316_0.3010_,24.1390126,120.7484652,114.80000305175781
2514,-0.5267_-0.5911end-1.71_8.76_-3.18_32.79_-39.50_-5.60_38.63_-21.12_-4.00_0.5316_0.3010_-0.5267_-0.5911end-1.71_8.76_-3.18_33.12_-37.26_-6.15_38.63_-21.12_-4.00_0.5309_0.2971_-0.5270_-0.5935end-1.71_8.76_-3.18_32.79_-34.36_-6.38_40.06_-20.75_-4.87_0.5306_0.2952_-0.5270_-0.5946end-1.71_8.76_-3.18_32.90_-27.75_-7.27_40.06_-20.75_-4,24.1390126,120.7484652,114.80000305175781
2515,,24.1390126,120.7484652,114.80000305175781
2516,,24.1390126,120.7484652,114.80000305175781
2517,,24.1390126,120.7484652,114.80000305175781
2518,.87_0.5304_0.2917_-0.5270_-0.5966end-1.88_8.73_-2.81_32.90_-27.75_-7.27_38.63_-20.37_-3.50_0.5304_0.2917_-0.5270_-0.5966end-1.94_8.70_-2.70_33.01_-23.72_-7.27_38.63_-20.37_-3.50_0.5305_0.2885_-0.5266_-0.5984end-1.94_8.70_-2.70_33.01_-23.72_-7.27_38.63_-20.37_-3.50_0.5309_0.2858_-0.5257_-0.6000end-2.04_8.70_-2.52_33.01_-23.72_-7.27_38.63_-20.75_-5.37_0.5313_0.2845_-0.5251_-0.6008end-2.17_8.70_-2.35_33.01_-23.72_-7.27_38.63_-20.75_-5.37_0.5317_0.2832_-0.5245_-0.6016end-2.35_8.70_-2.21_34.13_-4.25_-7.50_38.63_-20.75_-5.37_0.5317_0.2832_-0.5245_-0.6016end-2.35_8.70_-2.21_34.13_-4.25_-7.50_38.25_-21.44_-3.50_0.5327_0.2809_-0.5232_-0.6030end-2.64_8.63_-1.94_34.13_-4.25_-7.50_38.25_-21.44_-3.50_0.5338_0.2786_-0.5217_-0.6044end-2.64_8.63_-1.94_34.69_-2.24_-7.83_39.38_-21.12_-5.31_0.5343_0.2775_-0.5209_-0.6051end-2.73_8.56_-1.89_34.69_-2.24_-7.83_39.38_-21.12_-5.31_0,24.1390126,120.7484652,114.80000305175781
2519,.5349_0.2764_-0.5202_-0.6058end-2.84_8.55_-1.84_35.81_-0.11_-7.50_39.38_-21.12_-5.31_0.5349_0.2764_-0.5202_-0.6058end-2.84_8.55_-1.84_36.03_0.56_-7.16_39.38_-21.12_-5.31_0.5360_0.2742_-0.5185_-0.6072end-3.04_8.53_-1.82_36.03_0.56_-7.16_39.38_-21.12_-5.31_0.5372_0.2720_-0.5167_-0.6086end-3.08_8.54_-1.79_36.03_0.56_-7.16_38.63_-19.75_-4.00_0.5379_0.2709_-0.5157_-0.6093end-3.28_8.49_-1.74_36.03_0.56_-7.16_38.63_-19.75_-4.00_0.5379_0.2709_-0.5157_-0.6093end-3.49_8.45_-1.68_37.94_3.80_-6.04_38.63_-19.75_-4.00_0.5379_0.2709_-0.5157_,24.1390126,120.7484652,114.80000305175781
2520,,24.1390126,120.7484652,114.80000305175781
2521,,24.1390126,120.7484652,114.80000305175781
2522,,24.1390126,120.7484652,114.80000305175781
2523,,24.1390126,120.7484652,114.80000305175781
2524,,24.1390126,120.7484652,114.80000305175781
2525,,24.1390126,120.7484652,114.80000305175781
2526,,24.1390126,120.7484652,114.80000305175781
2527,-0.6093end-3.59_8.46_-1.67_38.61_4.36_-6.15_38.63_-20.06_-3.06_0.5379_0.2709_-0.5157_-0.6093end-3.64_8.44_-1.69_38.83_4.92_-5.60_38.63_-20.06_-3.06_0.5412_0.2659_-0.5105_-0.6130end-3.82_8.40_-1.70_38.83_4.92_-5.60_38.63_-20.06_-3.06_0.5412_0.2659_-0.5105_-0.6130end-3.90_8.40_-1.73_38.83_4.92_-5.60_38.63_-20.06_-3.06_0.5412_0.2659_-0.5105_-0.6130end-4.09_8.36_-1.71_38.83_4.92_-5.60_38.63_-20.06_-3.06_0.5425_0.2640_-0.5083_-0.6145end-4.09_8.32_-1.66_38.83_4.92_-5.60_38.25_-20.37_-3.50_0.5425_0.2640_-0.5083_-0.6145end,24.1390126,120.7484652,114.80000305175781
2528,-4.26_8.29_-1.70_38.83_4.92_-5.60_39.75_-21.06_-1.31_0.5425_0.2640_-0.5083_-0.6145end-4.26_8.29_-1.70_38.83_4.92_-5.60_39.75_-21.06_-1.31_0.5448_0.2563_-0.5026_-0.6204end-4.32_8.27_-1.74_38.83_4.92_-5.60_38.63_-20.75_-2.62_0.5449_0.2546_-0.5019_-0.6216end-4.27_8.14_-1.91_38.83_4.92_-5.60_38.63_-20.75_-2.62_0.5449_0.2546_-0.5019_-0.6216end-4.27_8.14_-1.91_38.83_4.92_-5.60_38.63_-20.75_-2.62_0.5446_0.2509_-0.5009_-0.6243end-4.27_8.14_-1.91_38.83_4.92_-5.60_38.63_-21.06_-3.12_0.5442_0.2487_-0.5004_-0.6257end-4.09_8.05_-2.71_38.83_4.92_-5.60_38.63_-21.06_-3.12_0.5442_0.2487_-0.5004_-0.6257end-4.12_7.98_-2.70_38.83_4.92_-5.60_38.63_-20.37_-3.06_0.5442_0.2487_-0.5004_-0.6257end-4.12_7.98_-2.70_38.83_4.92_-5.60_39.38_-20.37_-3.06_0.5419_0.2394_-0.4997_-0.6320end-4.12_7.98_-2.70_38.83_4.92_-5.60_39.38_-20.37_-3.06_0.5402_0.2341_-0.4998_-0.6353end,24.1390126,120.7484652,114.80000305175781
2529,,24.1390126,120.7484652,114.80000305175781
2530,,24.1390126,120.7484652,114.80000305175781
2531,,24.1390126,120.7484652,114.80000305175781
2532,,24.1390126,120.7484652,114.80000305175781
2533,,24.1390126,120.7484652,114.80000305175781
2534,-4.30_7.96_-3.45_38.83_4.92_-5.60_38.25_-20.37_-1.75_0.5392_0.2314_-0.4998_-0.6371end-4.32_7.97_-3.84_38.83_4.92_-5.60_38.25_-20.37_-1.75_0.5392_0.2314_-0.4998_-0.6371end-4.32_8.18_-4.28_38.83_4.92_-5.60_38.25_-20.37_-1.75_0.5366_0.2237_-0.4997_-0.6422end-4.28_9.10_-4.58_45.10_-46.89_4.25_37.88_-21.12_-4.00_0.5366_0.2237_-0.4997_-0.6422end-4.28_9.10_-4.58_45.10_-46.89_4.25_37.88_-21.12_-4.00_0.5352_0.2190_-0.4992_-0.6453end-4.13_14.98_-5.28_45.10_-46.89_4.25_37.88_-21.12_-3.50_0.5352_0.2190_-0.4992_-0.6453end-4.13_14.98_-5.28_45.43_-33.35_5.93_37.88_-21.12_-3.50_0.5341_0.2149_-0.4984_-0.6483end-4.02_17.73_-5.93_45.43_-33.35_5.93_37.88_-21.12_-3.50_0.5336_0.2131_-0.4977_-0.6497end-4.07_20.48_-7.46_41.52_-29.10_9.85_37.88_-21.12_-3.50_0.5331_0.2114_-0.4971_-0.6511end-1.39_21.54_-6.53_41.52_-29.10_9.85_38.63_-20.06_-4.87_0.5331_0.2114_-0.4971_-0.6511end,24.1390126,120.7484652,114.80000305175781
2535,,24.1390126,120.7484652,114.80000305175781
2536,,24.1390126,120.7484652,114.80000305175781
2537,,24.1390126,120.7484652,114.80000305175781
2538,,24.1390126,120.7484652,114.80000305175781
2539,,24.1390126,120.7484652,114.80000305175781
2540,,24.1390126,120.7484652,114.80000305175781
2541,-2.19_18.16_-5.97_41.52_-29.10_9.85_38.63_-20.06_-4.87_0.5320_0.2083_-0.4958_-0.6540end-1.23_23.64_-6.53_28.42_-59.09_19.58_38.63_-20.06_-4.87_0.5320_0.2083_-0.4958_-0.6540end-1.23_23.64_-6.53_28.42_-59.09_19.58_39.00_-22.44_-2.62_0.5256_0.2002_-0.4973_-0.6606end-0.61_24.07_-7.06_28.42_-59.09_19.58_39.00_-22.44_-2.62_0.5230_0.1974_-0.4987_-0.6624end0.37_23.30_-6.68_28.42_-59.09_19.58_39.00_-22.44_-2.62_0.5230_0.1974_-0.4987_-0.6624end0.48_22.32_-5.80_28.42_-59.09_19.58_37.50_-22.50_-6.31_0.5230_0.1974_-0.4987_-0.6624end0.79_21.86_-5.58_10.74_-99.15_30.77_37.50_-22.50_-6.31_0.5230_0.1974_-0.4987_-0.6624end0.79_21.86_-5.58_10.74_-99.15_30.77_37.50_-22.50_-6.31_0.5074_0.1827_-0.5076_-0.6720end0.77_20.84_-4.89_10.74_-99.15_30.77_37.88_-22.19_-6.31_0.5051_0.1813_-0.5085_-0.6733end0.82_19.57_-4.71_10.74_-99.15_30.77_37.88_-22.19_-6.31_0.5035_0.1808_-0.5089_-0.6744end,24.1390126,120.7484652,114.80000305175781
2542,,24.1390126,120.7484652,114.80000305175781
2543,,24.1390126,120.7484652,114.80000305175781
2544,,24.1390126,120.7484652,114.80000305175781
2545,,24.1390126,120.7484652,114.80000305175781
2546,,24.1390126,120.7484652,114.80000305175781
2547,,24.1390126,120.7484652,114.80000305175781
2548,0.72_19.24_-4.73_0.22_7.50_32.68_37.88_-22.19_-6.31_0.5035_0.1808_-0.5089_-0.6744end0.72_19.24_-4.73_0.22_7.50_32.68_37.13_-23.25_-6.75_0.5017_0.1844_-0.5069_-0.6763end-0.15_17.94_-3.88_0.22_7.50_32.68_37.13_-23.25_-6.75_0.5020_0.1873_-0.5054_-0.6765end-0.75_16.62_-2.85_0.22_7.50_32.68_37.13_-23.25_-6.75_0.5020_0.1873_-0.5054_-0,24.1390126,120.7484652,114.80000305175781
2549,.6765end-0.93_16.25_-2.65_-12.42_81.92_39.28_37.13_-23.25_-6.75_0.5020_0.1873_-0.5054_-0.6765end-0.95_15.96_-2.52_-12.42_81.92_39.28_37.50_-22.87_-5.81_0.5036_0.2007_-0.4986_-0.6764end-1.12_15.24_-2.41_-12.42_81.92_39.28_37.50_-22.87_-5.81_0.5035_0.2039_-0.4973_-0.6765end-1.12_14.42_-2.07_-12.42_81.92_39.28_36.06_-24.25_-6.37_0.5035_0.2039_-0.4973_-0.6765end-1.05_14.00_-1.90_-12.42_81.92_39.28_37.50_-23.87_-3.56_0.5035_0.2039_-0.4973_-0.6765end-0.89_13.61_-1.70_-12.42_81.92_39.28_37.50_-23.87_-3.56_0.5004_0.2156_-0.4946_-0.6772end,24.1390126,120.7484652,114.80000305175781
2550,,24.1390126,120.7484652,114.80000305175781
2551,,24.1390126,120.7484652,114.80000305175781
2552,,24.1390126,120.7484652,114.80000305175781
2553,,24.1390126,120.7484652,114.80000305175781
2554,,24.1390126,120.7484652,114.80000305175781
2555,,24.1390126,120.7484652,114.80000305175781
2556,-0.57_12.51_-1.44_-12.42_81.92_39.28_36.75_-23.50_-4.06_0.4989_0.2183_-0.4944_-0.6774end-0.48_12.19_-1.52_-42.08_20.25_59.76_35.69_-24.56_-5.37_0.4989_0.2183_-0.4944_-0.6774end-0.48_12.19_-1.52_-42.08_20.25_59.76_35.69_-24.56_-5.37_0.4939_0.2263_-0.4949_-0.6782end-0.07_11.20_-1.77_-42.08_20.25_59.76_35.69_-24.56_-5.37_0.4920_0.2292_-0.4953_-0.6783end-0.07_11.20_-1.77_-42.08_20.25_59.76_34.63_-24.94_-5.00_0.4920_0.2292_-0.4953_-0.6783end0.07_10.98_-1.70_-52.48_21.49_62.56_34.63_-24.94_-5.00_0.4920_0.2292_-0.4953_-0.6783end0.33_10.54_-1.69_-59.65_20.48_63.90_34.63_-24.94_-5.00_0.4861_0.2386_-0.4968_-0.6782end0.33_10.54_-1.69_-59.65_20.48_63.90_35.69_-25.,24.1390126,120.7484652,114.80000305175781
2557,25_-5.50_0.4861_0.2386_-0.4968_-0.6782end0.33_10.54_-1.69_-63.79_20.03_64.46_35.69_-25.25_-5.50_0.4795_0.2487_-0.4994_-0.6774end0.58_9.99_-2.14_-63.79_20.03_64.46_35.69_-25.25_-5.50_0.4795_0.2487_-0.4994_-0.6774end,24.1390126,120.7484652,114.80000305175781
2558,,24.1390126,120.7484652,114.80000305175781
2559,,24.1390126,120.7484652,114.80000305175781
2560,,24.1390126,120.7484652,114.80000305175781
2561,,24.1390126,120.7484652,114.80000305175781
2562,,24.1390126,120.7484652,114.80000305175781
2563,,24.1390126,120.7484652,114.80000305175781
2564,0.58_9.99_-2.14_-63.79_20.03_64.46_34.94_-28.00_-6.44_0.4722_0.2591_-0.5032_-0.6758end0.82_9.37_-2.44_-63.79_20.03_64.46_34.94_-28.00_-6.44_0.4695_0.2628_-0.5048_-0.6750end1.02_8.99_-2.42_-93.44_12.98_65.46_34.94_-28.00_-6.44_0.4695_0.2628_-0.5048_-0.6750end1.02_8.99_-2.42_-93.44_12.98_65.46_34.56_-27.00_-6.44_0.4641_0.2701_-0.5082_-0.6734end1.25_8.49_-2.38_-101.95_16.45_64.46_34.56_-27.00_-6.44_0.4586_0.2780_-0.5120_-0.6711end1.46_7.97_-2.38_-101.95_16.45_64.46_34.56_-27.00_-6.44_0.4559_0.2820_-0.5140_-0.6697end1.55_7.73_-2.34_-101.95_16.45_64.46_34.19_-27.75_-6.87_0.4559_0.2820_-0.5140_-0.6697end1.71_7.21_-2.27_-101.95_16.45_64.46_33.81_-27.44_-8.25_,24.1390126,120.7484652,114.80000305175781
2565,0.4481_0.2957_-0.5200_-0.6643end1.77_6.87_-2.10_-101.95_16.45_64.46_33.81_-27.44_-8.25_0.4458_0.3007_-0.5220_-0.6621end1.85_5.95_-1.59_-101.95_16.45_64.46_33.81_-27.44_-8.25_0.4435_0.3061_-0.5240_-0.6595end,24.1390126,120.7484652,114.80000305175781
2566,,24.1390126,120.7484652,114.80000305175781
2567,,24.1390126,120.7484652,114.80000305175781
2568,,24.1390126,120.7484652,114.80000305175781
2569,,24.1390126,120.7484652,114.80000305175781
2570,,24.1390126,120.7484652,114.80000305175781
2571,1.85_5.95_-1.59_-101.95_16.45_64.46_33.44_-27.75_-8.63_0.4415_0.3116_-0.5259_-0.6569end1.85_5.95_-1.59_-137.76_71.62_53.49_33.44_-27.75_-8.63_0.4396_0.3173_-0.5277_-0.6539end1.72_5.15_-1.32_-137.76_71.62_53.49_33.44_-27.75_-8.63_0.4396_0.3173_-0.5277_-0.6539end1.53_4.65_-1.02_-144.58_85.61_49.91_33.44_-27.75_-8.63_0.4349_0.3358_,24.1390126,120.7484652,114.80000305175781
2572,-0.5330_-0.6434end1.53_4.65_-1.02_-150.18_96.02_46.11_33.44_-27.75_-8.63_0.4349_0.3358_-0.5330_-0.6434end1.53_4.65_-1.02_-150.18_96.02_46.11_31.62_-28.75_-8.69_0.4323_0.3491_-0.5364_-0.6353end0.83_3.73_-0.16_-157.45_101.50_40.73_31.62_-28.75_-8.69_0.4323_0.3491_-0.5364_-0.6353end0.71_3.46_0.07_-157.45_101.50_40.73_31.62_-28.75_-8.69_0.4298_0.3622_-0.5398_-0.6266end0.52_3.29_0.18_-157.45_101.50_40.73_31.62_-28.75_-8.69_0.4272_0.3755_-0.5435_-0.6172end0.39_3.23_0.35_-162.38_92.77_36.37_31.62_-28.75_-8.69_0.4272_0.3755_-0.5435_-0.6172end,24.1390126,120.7484652,114.80000305175781
2573,,24.1390126,120.7484652,114.80000305175781
2574,,24.1390126,120.7484652,114.80000305175781
2575,,24.1390126,120.7484652,114.80000305175781
2576,,24.1390126,120.7484652,114.80000305175781
2577,,24.1390126,120.7484652,114.80000305175781
2578,0.39_3.23_0.35_-162.38_92.77_36.37_31.62_-28.38_-8.69_0.4243_0.3881_-0.5475_-0.6079end0.28_3.12_0.73_-164.17_81.58_34.24_31.62_-28.38_-8.69_0.4225_0.3943_-0.5498_-0.6031end0.28_3.12_0.73_-164.84_74.98_33.24_32.00_-28.75_-10.56_0.4207_0.4001_-0.5521_-0.5985end0.18_3.03_0.97_-165.28_63.34_31.78_32.00_-28.75_-10.56_0.4164_0.4113_-0.5570_-0.5892end0.18_3.03_0.97_-165.28_63.34_31.78_33.44_-27.13_-10.94_0.4164_0.4113_-0.5570_-0.5892end0.18_3.03_0.97_-164.95_58.30_31.11_33.44_-27.13_-10.94_0.4117_0.4216_-0.5621_-0.5803end0.18_3.03_0.97_-164.95_58.30_31.11_31.25_-27.81_-11.44_0.4067_0.4317_-0.5674_-0.5712end0.20_2.69_0.99_-164.95_58.30_31.11_31.25_-27.81_-11.4,24.1390126,120.7484652,114.80000305175781
2579,4_0.4042_0.4365_-0.5699_-0.5668end-0.07_2.37_0.46_-164.95_58.30_31.11_31.25_-27.81_-11.44_0.4018_0.4413_-0.5724_-0.5623end-0.78_2.17_1.34_-157.00_52.82_27.98_31.25_-27.81_-11.44_0.4018_0.4413_-0.5724_-0.5623end,24.1390126,120.7484652,114.80000305175781
2580,,24.1390126,120.7484652,114.80000305175781
2581,,24.1390126,120.7484652,114.80000305175781
2582,,24.1390126,120.7484652,114.80000305175781
2583,,24.1390126,120.7484652,114.80000305175781
2584,,24.1390126,120.7484652,114.80000305175781
2585,,24.1390126,120.7484652,114.80000305175781
2586,-0.78_2.17_1.34_-157.00_52.82_27.98_32.69_-27.75_-12.31_0.3969_0.4508_-0.5772_-0.5533end-0.95_2.39_1.88_-155.44_54.39_25.85_32.69_-27.75_-12.31_0.3969_0.4508_-0.5772_-0.5533end-0.95_2.39_1.88_-155.44_54.39_25.85_32.69_-27.75_-12.31_0.3898_0.4645_-0.5841_-0.5396end-0.61_2.85_2.17_-155.44_54.39_25.85_32.69_-27.75_-12.31_0.3872_0.4689_-0.5865_-0.5350end-0.23_3.20_1.14_-154.21_35.47_25.18_32.69_-27.75_-12.31_0.3845_0.4730_-0.5889_-0.5307end-0.23_3.20_1.14_-152.08_27.98_26.97_32.31_-27.56_-15.50_0.3784_0.4808_-0.5939_-0.5225end-1.21_3.91_-0.18_-152.08_27.98_26.97_32.31_-27.56_-15.50_0.3751_0.4844_-0.5963_-0.5187end-1.06_4.32_0.16_-152.08_27.98_26.97_32.31_-,24.1390126,120.7484652,114.80000305175781
2587,27.56_-15.50_0.3717_0.4879_-0.5988_-0.5150end-0.81_4.70_0.32_-152.08_27.98_26.97_32.69_-26.87_-15.44_0.3683_0.4912_-0.6012_-0.5114end-0.81_4.70_0.32_-152.08_27.98_26.97_32.69_-26.87_-15.44_0.3649_0.4944_-0.6036_-0.5080end,24.1390126,120.7484652,114.80000305175781
2588,,24.1390126,120.7484652,114.80000305175781
2589,,24.1390126,120.7484652,114.80000305175781
2590,,24.1390126,120.7484652,114.80000305175781
2591,,24.1390126,120.7484652,114.80000305175781
2592,,24.1390126,120.7484652,114.80000305175781
2593,-0.81_4.70_0.32_-152.08_27.98_26.97_33.06_-24.81_-16.31_0.3572_0.5001_-0.6088_-0.5016end-0.36_6.23_-0.12_-152.08_27.98_26.97_33.06_-24.81_-16.31_0.3531_0.5026_-0.6114_-0.4988end-0.43_6.43_-0.21_-131.94_-28.76_30.77_33.06_-24.81_-16.31_0.3531_0.5026_-0.6114_-0.4988end-0.43_6.43_-0.21_-131.94_-28.76_30.77_33.06_-24.81_-16.31_0.340,24.1390126,120.7484652,114.80000305175781
2594,0_0.5092_-0.6192_-0.4917end0.29_6.97_-0.37_-131.94_-28.76_30.77_30.50_-25.19_-19.50_0.3400_0.5092_-0.6192_-0.4917end0.66_7.21_-0.40_-120.07_-36.26_30.66_30.50_-25.19_-19.50_0.3312_0.5130_-0.6241_-0.4874end0.66_7.21_-0.40_-117.05_-37.82_30.89_30.50_-25.19_-19.50_0.3269_0.5148_-0.6265_-0.4854end0.97_7.92_-0.32_-117.05_-37.82_30.89_30.50_-25.19_-19.50_0.3226_0.5164_-0.6288_-0.4836end0.97_7.92_-0.32_-107.43_-27.64_28.76_30.50_-25.19_-19.50_0.3145_0.5198_-0.6331_-0.4797end0.97_7.92_-0.32_-105.30_-24.06_28.31_30.50_-25.19_-19.50_0.3145_0.5198_-0.6331_-0.4797end,24.1390126,120.7484652,114.80000305175781
2595,,24.1390126,120.7484652,114.80000305175781
2596,,24.1390126,120.7484652,114.80000305175781
2597,,24.1390126,120.7484652,114.80000305175781
2598,,24.1390126,120.7484652,114.80000305175781
2599,,24.1390126,120.7484652,114.80000305175781
2600,1.46_8.70_-0.18_-105.30_-24.06_28.31_30.88_-24.19_-19.87_0.3145_0.5198_-0.6331_-0.4797end1.46_8.70_-0.18_-96.35_-13.09_25.96_30.88_-24.19_-19.87_0.3037_0.5250_-0.6385_-0.4737end1.25_8.63_-0.53_-96.35_-13.09_25.96_31.19_-23.87_-21.25_0.3005_0.5268_-0.6401_-0.4716end1.05_8.83_-0.38_-93.22_-9.62_24.84_31.19_-23.87_-21.25_0.2945_0.5,24.1390126,120.7484652,114.80000305175781
2601,303_-0.6431_-0.4674end1.06_9.02_-0.40_-93.22_-9.62_24.84_31.19_-23.87_-21.25_0.2918_0.5320_-0.6445_-0.4654end0.95_9.31_-0.27_-93.22_-9.62_24.84_31.19_-23.87_-21.25_0.2918_0.5320_-0.6445_-0.4654end0.95_9.31_-0.27_-93.22_-9.62_24.84_30.81_-23.19_-23.50_0.2846_0.5369_-0.6480_-0.4591end0.93_9.65_-0.10_-93.22_-9.62_24.84_30.81_-23.19_-23.50_0.2825_0.5385_-0.6490_-0.4571end0.85_9.88_-0.13_-93.22_-9.62_24.84_30.81_-23.19_-23.50_0.2825_0.5385_-0.6490_-0.4571end0.74_10.14_-0.02_-93.22_-9.62_24.84_30.81_-23.19_-23.50_0.2787_0.5416_-0.6509_-0.4531end,24.1390126,120.7484652,114.80000305175781
2602,,24.1390126,120.7484652,114.80000305175781
2603,,24.1390126,120.7484652,114.80000305175781
2604,,24.1390126,120.7484652,114.80000305175781
2605,,24.1390126,120.7484652,114.80000305175781
2606,,24.1390126,120.7484652,114.80000305175781
2607,,24.1390126,120.7484652,114.80000305175781
2608,0.74_10.14_-0.02_-93.22_-9.62_24.84_30.81_-23.19_-23.50_0.2755_0.5444_-0.6525_-0.4494end0.76_10.53_0.13_-93.22_-9.62_24.84_30.81_-23.19_-23.50_0.2755_0.5444_-0.6525_-0.4494end0.80_10.82_0.46_-93.22_-9.62_24.84_30.81_-23.19_-23.50_0.2726_0.5469_-0.6540_-0.4460end0.77_10.87_0.55_-49.91_4.14_11.19_30.81_-23.19_-23.50_0.2726_0.5469_,24.1390126,120.7484652,114.80000305175781
2609,-0.6540_-0.4460end0.77_10.87_0.55_-46.22_2.13_9.74_29.69_-22.87_-25.31_0.2726_0.5469_-0.6540_-0.4460end0.95_11.00_0.93_-41.74_0.90_8.39_29.75_-22.87_-23.06_0.2687_0.5497_-0.6559_-0.4420end0.95_11.00_0.93_-37.26_0.45_7.39_29.75_-22.87_-23.06_0.2676_0.5505_-0.6565_-0.4409end0.97_11.16_1.27_-29.43_-2.35_5.04_29.75_-22.87_-23.06_0.2657_0.5516_-0.6575_-0.4391end0.97_11.16_1.27_-29.43_-2.35_5.04_29.37_-21.50_-24.00_0.2657_0.5516_-0.6575_-0.4391end0.97_11.16_1.27_-25.18_-2.35_3.69_29.37_-21.50_-24.00_0.2642_0.5523_-0.6584_-0.4379end,24.1390126,120.7484652,114.80000305175781
2610,,24.1390126,120.7484652,114.80000305175781
2611,,24.1390126,120.7484652,114.80000305175781
2612,,24.1390126,120.7484652,114.80000305175781
2613,,24.1390126,120.7484652,114.80000305175781
2614,,24.1390126,120.7484652,114.80000305175781
2615,0.96_11.30_1.30_-25.18_-2.35_3.69_29.37_-21.50_-24.00_0.2632_0.5527_-0.6590_-0.4370end0.96_11.61_1.47_-25.18_-2.35_3.69_29.37_-21.19_-24.87_0.2632_0.5527_-0.6590_-0.4370end1.07_12.36_1.91_-25.18_-2.35_3.69_29.37_-21.19_-24.87_0.2628_0.5526_-0.6594_-0.4367end1.06_12.65_1.94_3.13_-8.73_-4.81_29.37_-21.19_-24.87_0.2628_0.5526_-0.6594_-0.4367end1.06_12.65_1.94_11.86_-15.67_-8.39_29.37_-21.19_-24.87_0.2625_0.5513_-0.6600_-0.4377end1.11_13.44_2.02_11.86_-15.67_-8.39_29.37_-21.19_-24.87_0.2625_0.5506_-0.6601_-0.4384end1.14_13.75_2.18_11.86_-15.67_-8.39_29.00_-21.87_-24.87_0.2625_0.5506_-0.6601_-0.4384end1.07_13.82_2.32_26.75_-25.07_-12.76_29.00_-21.87_-24.87_,24.1390126,120.7484652,114.80000305175781
2616,0.2625_0.5506_-0.6601_-0.4384end1.07_13.82_2.32_26.75_-25.07_-12.76_29.00_-21.87_-24.87_0.2628_0.5474_-0.6604_-0.4417end0.83_13.51_2.70_26.75_-25.07_-12.76_29.00_-21.87_-24.87_0.2636_0.5446_-0.6604_-0.4447end,24.1390126,120.7484652,114.80000305175781
2617,,24.1390126,120.7484652,114.80000305175781
2618,,24.1390126,120.7484652,114.80000305175781
2619,,24.1390126,120.7484652,114.80000305175781
2620,,24.1390126,120.7484652,114.80000305175781
2621,,24.1390126,120.7484652,114.80000305175781
2622,0.83_13.51_2.70_45.55_-23.95_-19.14_29.00_-21.87_-24.87_0.2643_0.5432_-0.6603_-0.4463end0.85_13.39_2.70_45.55_-23.95_-19.14_29.00_-21.87_-24.87_0.2643_0.5432_-0.6603_-0.4463end0.73_12.92_2.88_45.55_-23.95_-19.14_29.00_-21.87_-24.87_0.2643_0.5432_-0.6603_-0.4463end0.73_12.92_2.88_45.55_-23.95_-19.14_29.00_-21.87_-24.87_0.2682_0.5361_-0.6592_-0.4539end0.61_12.60_2.93_45.55_-23.95_-19.14_29.00_-21.87_-24.87_0.2694_0.5340_-0.6588_-0.4563end0.37_12.06_2.75_45.55_-23.95_-19.14_29.00_-21.87_-24.87_0.2694_0.5340_-0.6588_-0.4563end0.28_11.86_2.63_75.65_-37.49_-27.75_29.00_-21.87_-24.87_0.2694_0.5340_-0.6588_-0.4563end0.21_11.38_2.33_75.65_-37.49_-27.75_29.00_-2,24.1390126,120.7484652,114.80000305175781
2623,1.87_-24.87_0.2742_0.5242_-0.6571_-0.4672end0.11_11.15_2.12_75.65_-37.49_-27.75_28.62_-21.50_-24.37_0.2753_0.5214_-0.6566_-0.4703end3.20_4.26_5.08_75.65_-37.49_-27.75_28.62_-21.50_-24.37_0.2764_0.5186_-0.6561_-0.4735end,24.1390126,120.7484652,114.80000305175781
2624,,24.1390126,120.7484652,114.80000305175781
2625,,24.1390126,120.7484652,114.80000305175781
2626,,24.1390126,120.7484652,114.80000305175781
2627,,24.1390126,120.7484652,114.80000305175781
2628,,24.1390126,120.7484652,114.80000305175781
2629,,24.1390126,120.7484652,114.80000305175781
2630,,24.1390126,120.7484652,114.80000305175781
2631,3.54_11.84_11.67_118.73_-48.01_-27.53_29.37_-22.56_-24.87_0.2764_0.5186_-0.6561_-0.4735end3.54_11.84_11.67_2.69_-153.98_-11.08_29.37_-22.56_-24.87_0.2758_0.5092_-0.6556_-0.4847end8.85_9.43_-1.22_2.69_-153.98_-11.08_29.37_-22.19_-24.44_0.2720_0.5053_-0.6575_-0.4882end2.70_5.38_3.73_2.69_-153.98_-11.08_28.62_-22.19_-25.31_0.2720_0.5053_-0.6575_-0.4882end2.36_6.71_-6.77_2.69_-153.98_-11.08_28.25_-22.87_-24.44_0.2688_0.4984_-0.6613_-0.4919end4.03_7.76_1.51_2.69_-153.98_-11.08_28.25_-22.87_-24.44_0.2703_0.4969_-0.6614_-0.4924end-1.11_7.99_1.75_2.69_-153.98_-11.08_27.56_-22.25_-25.81_0.2703_0.4969_-0.6614_-0.4924end4.73_6.71_-3.52_2.69_-153.98_-11.08_27.56_-,24.1390126,120.7484652,114.80000305175781
2632,,24.1390126,120.7484652,114.80000305175781
2633,22.25_-25.81_0.2703_0.4969_-0.6614_-0.4924end-0.23_9.03_2.48_2.69_-153.98_-11.08_27.56_-22.25_-25.81_0.2820_0.4940_-0.6581_-0.4933end-0.23_9.03_2.48_58.64_33.57_-22.49_27.87_-22.94_-25.31_0.2847_0.4932_-0.6569_-0.4941end,24.1390126,120.7484652,114.80000305175781
2634,,24.1390126,120.7484652,114.80000305175781
2635,,24.1390126,120.7484652,114.80000305175781
2636,,24.1390126,120.7484652,114.80000305175781
2637,,24.1390126,120.7484652,114.80000305175781
2638,0.27_8.85_3.32_58.64_33.57_-22.49_27.87_-22.94_-25.31_0.2847_0.4932_-0.6569_-0.4941end1.39_8.48_1.59_54.50_60.09_-22.38_29.75_-22.87_-24.44_0.2847_0.4932_-0.6569_-0.4941end1.39_8.48_1.59_54.50_60.09_-22.38_29.37_-22.50_-23.06_0.2939_0.4924_-0.6529_-0.4948end-1.26_8.63_1.82_54.50_60.09_-22.38_29.37_-22.50_-23.06_0.3015_0.4929_-0.6500_-0.4937end-1.63_8.54_2.15_54.50_60.09_-22.38_29.00_-23.19_-23.56_0.3058_0.4937_-0.6484_-0.4922end-2.52_8.45_2.12_39.84_118.84_-31.67_29.00_-23.19_-23.56_0.3058_0.4937_-0.6484_-0.4922end-2.52_8.45_2.12_39.84_118.84_-31.67_31.19_-22.50_-21.69_0.3207_0.4973_-0.6428_-0.4865end-1.54_8.28_-0.51_39.84_118.84_-31.67_31.19_-22.50_-2,24.1390126,120.7484652,114.80000305175781
2639,1.69_0.3257_0.4985_-0.6407_-0.4846end-1.54_8.28_-0.51_47.90_114.93_-20.93_31.19_-22.50_-21.69_0.3306_0.4998_-0.6385_-0.4830end-2.42_8.50_-0.05_47.90_114.93_-20.93_31.56_-22.81_-20.81_0.3306_0.4998_-0.6385_-0.4830end,24.1390126,120.7484652,114.80000305175781
2640,,24.1390126,120.7484652,114.80000305175781
2641,,24.1390126,120.7484652,114.80000305175781
2642,,24.1390126,120.7484652,114.80000305175781
2643,,24.1390126,120.7484652,114.80000305175781
2644,,24.1390126,120.7484652,114.80000305175781
2645,-3.62_8.93_1.81_51.59_96.91_-14.88_31.56_-22.81_-20.81_0.3393_0.5017_-0.6341_-0.4807end-3.62_8.93_1.81_51.59_96.91_-14.88_31.56_-22.81_-20.81_0.3432_0.5024_-0.6320_-0.4799end-3.62_8.93_1.81_46.44_71.51_-13.99_32.69_-23.44_-19.44_0.3470_0.5032_-0.6299_-0.4791end-3.99_9.07_3.34_46.44_71.51_-13.99_32.69_-23.44_-19.44_0.3504_0.5036_,24.1390126,120.7484652,114.80000305175781
2646,-0.6281_-0.4786end-3.99_9.07_3.34_46.44_71.51_-13.99_32.69_-23.44_-19.44_0.3588_0.5040_-0.6237_-0.4778end-2.86_8.93_2.73_46.44_71.51_-13.99_33.44_-23.44_-18.56_0.3607_0.5036_-0.6227_-0.4781end-2.35_8.86_2.35_46.44_71.51_-13.99_33.44_-23.44_-18.56_0.3620_0.5029_-0.6218_-0.4789end-2.44_8.88_2.29_46.44_71.51_-13.99_33.44_-23.44_-18.56_0.3620_0.5029_-0.6218_-0.4789end-2.59_8.93_2.60_46.44_71.51_-13.99_33.44_-23.44_-18.56_0.3622_0.4984_-0.6210_-0.4846end-2.77_9.05_3.14_46.44_71.51_-13.99_33.44_-23.44_-18.56_0.3611_0.4960_-0.6212_-0.4875end,24.1390126,120.7484652,114.80000305175781
2647,,24.1390126,120.7484652,114.80000305175781
2648,,24.1390126,120.7484652,114.80000305175781
2649,,24.1390126,120.7484652,114.80000305175781
2650,,24.1390126,120.7484652,114.80000305175781
2651,,24.1390126,120.7484652,114.80000305175781
2652,-2.40_9.07_3.38_43.87_-95.90_-0.67_33.44_-23.44_-18.56_0.3611_0.4960_-0.6212_-0.4875end-1.52_9.02_3.29_43.08_-107.09_-1.68_33.44_-23.44_-18.56_0.3556_0.4872_-0.6233_-0.4977end-1.05_8.99_3.19_43.08_-107.09_-1.68_32.69_-24.12_-17.69_0.3533_0.4838_-0.6243_-0.5013end0.17_9.02_2.60_43.08_-107.09_-1.68_32.69_-24.12_-17.69_0.3506_0.480,24.1390126,120.7484652,114.80000305175781
2653,3_-0.6254_-0.5051end0.38_9.00_2.40_43.08_-107.09_-1.68_32.69_-22.37_-17.62_0.3506_0.4803_-0.6254_-0.5051end0.45_9.00_2.23_43.08_-107.09_-1.68_31.19_-24.19_-19.00_0.3506_0.4803_-0.6254_-0.5051end0.51_8.95_1.90_40.29_-125.67_1.68_31.19_-24.19_-19.00_0.3391_0.4657_-0.6299_-0.5209end0.05_8.97_1.26_40.29_-125.67_1.68_30.88_-23.50_-19.44_0.3391_0.4657_-0.6299_-0.5209end0.05_8.97_1.26_38.83_-97.81_-1.68_30.88_-23.50_-19.44_0.3344_0.4593_-0.6315_-0.5277end0.37_9.02_1.10_38.83_-97.81_-1.68_30.88_-23.50_-19.44_0.3328_0.4565_-0.6320_-0.5306end,24.1390126,120.7484652,114.80000305175781
2654,,24.1390126,120.7484652,114.80000305175781
2655,,24.1390126,120.7484652,114.80000305175781
2656,,24.1390126,120.7484652,114.80000305175781
2657,,24.1390126,120.7484652,114.80000305175781
2658,,24.1390126,120.7484652,114.80000305175781
2659,,24.1390126,120.7484652,114.80000305175781
2660,,24.1390126,120.7484652,114.80000305175781
2661,0.37_9.02_1.10_38.61_-73.52_-4.92_30.88_-23.50_-19.44_0.3314_0.4540_-0.6323_-0.5332end0.74_9.06_1.29_38.61_-73.52_-4.92_30.88_-23.50_-19.44_0.3294_0.4493_-0.6326_-0.5379end0.75_9.06_1.22_38.61_-73.52_-4.92_30.88_-23.50_-19.44_0.3285_0.4470_-0.6328_-0.5402end0.77_9.00_1.20_38.61_-73.52_-4.92_29.37_-24.19_-21.31_0.3275_0.4446_-0.6330_-0.5426end0.73_9.04_1.21_38.61_-73.52_-4.92_29.37_-24.19_-21.31_0.3264_0.4421_-0.6332_-0.5450end0.73_9.04_1.21_38.61_-73.52_-4.92_29.75_-24.56_-21.31_0.3239_0.4370_-0.6337_-0.5501end0.69_9.05_1.28_38.61_-73.52_-4.92_28.62_-24.19_-20.37_0.3225_0.4343_-0.6340_-0.5526end0.59_9.13_1.34_38.61_-73.52_-4.92_28.62_-24.19_-20.37_0.3225_0.4343_-0.6340_-0.5526end0.71_9.13_1.41_38.61_-73.52_-4.92_28.62_-24.19_-20.37_0.3184_0.4260_-0.6350_-0.5603end0.92_8.67_1.64_38.61_-73.52_-4.92_28.25_-24.94_-21.81_0.3184_0.4260_-0.6350_-0.5603end,24.1390126,120.7484652,114.80000305175781
2662,,24.1390126,120.7484652,114.80000305175781
2663,,24.1390126,120.7484652,114.80000305175781
2664,,24.1390126,120.7484652,114.80000305175781
2665,,24.1390126,120.7484652,114.80000305175781
2666,,24.1390126,120.7484652,114.80000305175781
2667,,24.1390126,120.7484652,114.80000305175781
2668,,24.1390126,120.7484652,114.80000305175781
2669,1.15_9.44_1.75_38.72_-77.77_-8.95_28.25_-24.94_-21.81_0.3184_0.4260_-0.6350_-0.5603end1.15_9.44_1.75_38.72_-74.53_-9.29_28.25_-24.94_-21.81_0.3135_0.4150_-0.6362_-0.5700end1.28_9.16_1.85_38.72_-74.53_-9.29_27.56_-25.25_-22.19_0.3124_0.4124_-0.6364_-0.5722end1.07_9.18_2.23_38.72_-74.53_-9.29_27.56_-25.25_-22.19_0.3124_0.4124_-0.6364_-0.5722end1.07_9.18_2.23_37.60_-62.78_-9.18_28.25_-24.94_-22.19_0.3124_0.4124_-0.6364_-0.5722end1.07_9.18_2.23_37.04_-55.62_-9.85_28.25_-24.94_-22.19_0.3094_0.4032_-0.6365_-0.5801end0.72_9.13_2.68_37.04_-55.62_-9.85_27.87_-24.94_-21.31_0.3094_0.4032_-0.6365_-0.5801end0.72_9.13_2.68_38.72_-36.82_-12.87_27.87_-24.94_-21.31_0.3,24.1390126,120.7484652,114.80000305175781
2670,089_0.3991_-0.6362_-0.5836end0.47_9.18_3.11_39.61_-27.75_-13.43_27.87_-24.94_-21.31_0.3089_0.3991_-0.6362_-0.5836end0.47_9.18_3.11_39.61_-27.75_-13.43_28.62_-26.31_-22.69_0.3099_0.3942_-0.6349_-0.5878end,24.1390126,120.7484652,114.80000305175781
2671,,24.1390126,120.7484652,114.80000305175781
2672,,24.1390126,120.7484652,114.80000305175781
2673,,24.1390126,120.7484652,114.80000305175781
2674,,24.1390126,120.7484652,114.80000305175781
2675,0.54_9.12_3.52_39.61_-27.75_-13.43_28.62_-26.31_-22.69_0.3104_0.3929_-0.6343_-0.5891end0.13_9.14_3.61_39.61_-27.75_-13.43_28.62_-26.31_-22.69_0.3104_0.3929_-0.6343_-0.5891end-0.18_9.13_3.57_39.61_-27.75_-13.43_28.62_-26.31_-22.69_0.3116_0.3901_-0.6329_-0.5917end-0.18_9.13_3.57_42.64_-15.33_-11.19_28.62_-26.31_-22.69_0.3121_0.388,24.1390126,120.7484652,114.80000305175781
2676,8_-0.6323_-0.5930end-0.18_9.13_3.57_42.64_-15.33_-11.19_28.62_-26.31_-22.69_0.3133_0.3860_-0.6309_-0.5957end-0.89_8.99_3.48_42.64_-15.33_-11.19_27.19_-25.25_-21.81_0.3138_0.3846_-0.6302_-0.5971end-0.96_8.79_3.07_42.64_-15.33_-11.19_27.19_-25.25_-21.81_0.3138_0.3846_-0.6302_-0.5971end-0.62_8.33_3.20_43.20_-40.73_-9.96_27.19_-25.25_-21.81_0.3138_0.3846_-0.6302_-0.5971end-0.62_8.33_3.20_43.20_-40.73_-9.96_26.87_-25.94_-21.31_0.3138_0.3788_-0.6288_-0.6022end0.05_9.12_2.13_44.54_-89.19_-9.51_26.87_-25.94_-21.31_0.3116_0.3731_-0.6288_-0.6068end,24.1390126,120.7484652,114.80000305175781
2677,,24.1390126,120.7484652,114.80000305175781
2678,,24.1390126,120.7484652,114.80000305175781
2679,,24.1390126,120.7484652,114.80000305175781
2680,,24.1390126,120.7484652,114.80000305175781
2681,,24.1390126,120.7484652,114.80000305175781
2682,,24.1390126,120.7484652,114.80000305175781
2683,,24.1390126,120.7484652,114.80000305175781
2684,,24.1390126,120.7484652,114.80000305175781
2685,0.05_9.12_2.13_46.33_-99.26_-10.74_26.87_-25.94_-21.31_0.3116_0.3731_-0.6288_-0.6068end1.49_8.81_2.02_46.33_-99.26_-10.74_26.87_-25.94_-21.31_0.3116_0.3731_-0.6288_-0.6068end1.49_8.81_2.02_46.33_-99.26_-10.74_26.87_-25.94_-21.31_0.3066_0.3621_-0.6298_-0.6150end4.24_8.79_1.57_46.33_-99.26_-10.74_26.87_-25.94_-21.31_0.3038_0.3546_,24.1390126,120.7484652,114.80000305175781
2686,-0.6303_-0.6202end5.57_8.74_1.27_46.33_-99.26_-10.74_26.87_-25.94_-21.31_0.3029_0.3513_-0.6303_-0.6225end5.72_8.70_1.00_46.33_-99.26_-10.74_25.37_-26.31_-22.75_0.3025_0.3483_-0.6301_-0.6246end5.49_8.62_0.41_46.33_-99.26_-10.74_25.37_-26.31_-22.75_0.3025_0.3483_-0.6301_-0.6246end5.49_8.62_0.41_49.01_16.90_-21.93_25.37_-26.31_-22.,24.1390126,120.7484652,114.80000305175781
2687,,24.1390126,120.7484652,114.80000305175781
2688,75_0.3047_0.3430_-0.6279_-0.6287end3.80_8.52_-0.16_49.01_16.90_-21.93_25.37_-26.31_-22.75_0.3068_0.3423_-0.6265_-0.6295end3.16_8.63_-0.27_49.01_16.90_-21.93_25.37_-26.69_-21.87_0.3068_0.3423_-0.6265_-0.6295end,24.1390126,120.7484652,114.80000305175781
2689,,24.1390126,120.7484652,114.80000305175781
2690,,24.1390126,120.7484652,114.80000305175781
2691,,24.1390126,120.7484652,114.80000305175781
2692,1.40_8.65_0.21_52.37_54.50_-24.95_25.37_-26.69_-21.87_0.3121_0.3420_-0.6232_-0.6302end1.40_8.65_0.21_52.37_54.50_-24.95_27.19_-25.94_-21.81_0.3121_0.3420_-0.6232_-0.6302end1.40_8.65_0.21_53.83_55.84_-25.74_27.19_-25.94_-21.81_0.3121_0.3420_-0.6232_-0.6302end1.40_8.65_0.21_54.83_49.24_-25.63_27.19_-25.94_-21.81_0.3210_0.3422_-0.6177_-0.6311end1.40_8.65_0.21_54.83_49.24_-25.63_27.19_-26.31_-21.31_0.3268_0.3419_-0.6140_-0.6319end1.40_8.65_0.21_53.71_40.06_-25.29_26.50_-27.00_-20.94_0.3318_0.3411_-0.6107_-0.6329end-0.87_8.50_-0.13_53.71_40.06_-25.29_26.50_-27.00_-20.94_0.3318_0.3411_-0.6107_-0.6329end-0.87_8.50_-0.13_53.71_24.84_-24.06_26.50_-27.00_-20.94_0.3318_0.3411_-0.6107_-0.6329end-0.87_8.50_-0.13_53.71_24.84_-24.06_27.56_-27.31_-20.00_0.3403_0.3379_-0.6048_-0.6358end-0.79_8.58_-0.48_53.71_24.84_-24.06_28.25_-26.94_-20.44_0.3403_0.3379_-0.6048_-0.6358end,24.1390126,120.7484652,114.80000305175781
2693,,24.1390126,120.7484652,114.80000305175781
2694,,24.1390126,120.7484652,114.80000305175781
2695,,24.1390126,120.7484652,114.80000305175781
2696,,24.1390126,120.7484652,114.80000305175781
2697,,24.1390126,120.7484652,114.80000305175781
2698,-0.51_8.56_-0.62_53.71_24.84_-24.06_27.62_-26.56_-17.75_0.3403_0.3379_-0.6048_-0.6358end-0.40_8.61_-0.67_56.62_9.06_-23.39_27.62_-26.56_-17.75_0.3472_0.3330_-0.5993_-0.6398end-0.27_8.60_-0.74_56.62_9.06_-23.39_27.62_-26.56_-17.75_0.3472_0.3330_-0.5993_-0.6398end-0.14_8.60_-0.82_56.62_9.06_-23.39_27.56_-26.94_-18.69_0.3472_0.3330,24.1390126,120.7484652,114.80000305175781
2699,_-0.5993_-0.6398end-0.10_8.54_-0.76_56.85_6.04_-22.83_27.56_-26.94_-18.69_0.3472_0.3330_-0.5993_-0.6398end0.01_8.54_-0.64_57.18_6.15_-23.05_27.56_-26.94_-18.69_0.3552_0.3264_-0.5926_-0.6451end0.12_8.58_-0.54_57.18_6.15_-23.05_27.56_-26.94_-18.69_0.3568_0.3251_-0.5912_-0.6461end0.55_8.46_-0.29_57.18_6.15_-23.05_27.56_-26.94_-18.69_0.3584_0.3236_-0.5898_-0.6472end0.55_8.46_-0.29_57.18_6.15_-23.05_27.56_-26.94_-18.69_0.3616_0.3207_-0.5871_-0.6494end0.94_8.45_-0.14_57.18_6.15_-23.05_28.62_-27.25_-18.19_0.3633_0.3193_-0.5856_-0.6505end,24.1390126,120.7484652,114.80000305175781
2700,,24.1390126,120.7484652,114.80000305175781
2701,,24.1390126,120.7484652,114.80000305175781
2702,,24.1390126,120.7484652,114.80000305175781
2703,,24.1390126,120.7484652,114.80000305175781
2704,,24.1390126,120.7484652,114.80000305175781
2705,,24.1390126,120.7484652,114.80000305175781
2706,0.94_8.45_-0.14_57.18_6.15_-23.05_29.75_-26.56_-16.87_0.3651_0.3180_-0.5841_-0.6515end0.99_8.46_-0.20_57.18_6.15_-23.05_29.75_-26.56_-16.87_0.3651_0.3180_-0.5841_-0.6515end0.99_8.46_-0.20_57.18_6.15_-23.05_29.75_-26.56_-16.87_0.3711_0.3148_-0.5791_-0.6541end0.73_8.24_-0.65_57.18_6.15_-23.05_28.31_-26.87_-15.50_0.3733_0.3138_-0.5,24.1390126,120.7484652,114.80000305175781
2707,773_-0.6548end0.52_8.23_-0.95_57.18_6.15_-23.05_28.31_-26.87_-15.50_0.3755_0.3130_-0.5755_-0.6556end0.52_8.23_-0.95_63.67_32.12_-26.19_29.37_-26.50_-15.88_0.3755_0.3130_-0.5755_-0.6556end-0.21_12.39_-0.93_63.67_32.12_-26.19_29.37_-26.50_-15.88_0.3826_0.3106_-0.5696_-0.6578end-0.21_12.39_-0.93_61.32_26.30_-27.42_29.37_-26.50_-15.88_0.3826_0.3106_-0.5696_-0.6578end-0.21_12.39_-0.93_61.32_26.30_-27.42_29.37_-26.50_-15.88_0.3872_0.3086_-0.5658_-0.6593end-0.21_12.39_-0.93_61.77_22.72_-25.29_29.37_-26.50_-15.88_0.3914_0.3066_-0.5621_-0.6609end,24.1390126,120.7484652,114.80000305175781
2708,,24.1390126,120.7484652,114.80000305175781
2709,,24.1390126,120.7484652,114.80000305175781
2710,,24.1390126,120.7484652,114.80000305175781
2711,,24.1390126,120.7484652,114.80000305175781
2712,,24.1390126,120.7484652,114.80000305175781
2713,,24.1390126,120.7484652,114.80000305175781
2714,,24.1390126,120.7484652,114.80000305175781
2715,-0.71_8.24_-2.71_61.77_22.72_-25.29_29.37_-26.50_-15.88_0.3914_0.3066_-0.5621_-0.6609end-0.31_8.27_-3.36_61.77_22.72_-25.29_31.25_-27.87_-13.19_0.3978_0.3035_-0.5566_-0.6633end-0.69_8.20_-3.68_61.77_22.72_-25.29_31.25_-27.87_-13.19_0.4000_0.3024_-0.5546_-0.6641end-0.52_8.23_-3.39_61.77_22.72_-25.29_29.75_-27.56_-14.63_0.4000_0.3,24.1390126,120.7484652,114.80000305175781
2716,024_-0.5546_-0.6641end-0.65_8.24_-3.98_61.77_22.72_-25.29_29.75_-27.56_-14.63_0.4042_0.3005_-0.5508_-0.6655end-1.06_8.25_-3.64_61.77_22.72_-25.29_29.75_-27.56_-14.63_0.4083_0.2985_-0.5471_-0.6670end-1.50_8.33_-4.30_61.77_22.72_-25.29_30.50_-27.50_-14.13_0.4103_0.2975_-0.5453_-0.6677end-1.59_8.31_-4.23_61.77_22.72_-25.29_30.50_-27.50_-14.13_0.4103_0.2975_-0.5453_-0.6677end-1.76_8.34_-5.19_61.77_22.72_-25.29_30.50_-27.50_-14.13_0.4103_0.2975_-0.5453_-0.6677end-1.76_8.34_-5.19_56.85_13.32_-22.16_30.50_-27.50_-14.13_0.4103_0.2975_-0.5453_-0.6677end,24.1390126,120.7484652,114.80000305175781
2717,,24.1390126,120.7484652,114.80000305175781
2718,,24.1390126,120.7484652,114.80000305175781
2719,,24.1390126,120.7484652,114.80000305175781
2720,,24.1390126,120.7484652,114.80000305175781
2721,,24.1390126,120.7484652,114.80000305175781
2722,-1.60_8.31_-5.24_55.84_10.63_-21.93_30.50_-27.50_-14.13_0.4191_0.2919_-0.5369_-0.6715end-1.39_8.32_-5.27_55.84_10.63_-21.93_30.50_-27.50_-14.13_0.4191_0.2919_-0.5369_-0.6715end-1.28_8.42_-5.32_53.94_5.48_-21.15_30.50_-27.50_-14.13_0.4191_0.2919_-0.5369_-0.6715end-1.28_8.42_-5.32_53.94_5.48_-21.15_32.00_-27.19_-13.19_0.4249_0.2864_-0.5311_-0.6748end-1.07_8.42_-5.24_53.94_5.48_-21.15_32.00_-27.19_-13.19_0.4261_0.2850_-0.5298_-0.6756end-0.98_8.37_-5.64_53.94_5.48_-21.15_32.00_-27.13_-10.00_0.4261_0.2850_-0.5298_-0.6756end-0.91_8.54_-5.81_49.57_3.36_-20.37_32.00_-27.13_-10.00_0.4299_0.2809_-0.5260_-0.6780end-0.85_8.36_-5.89_49.57_3.36_-20.37_32.00_-27.13_-,24.1390126,120.7484652,114.80000305175781
2723,11.38_0.4299_0.2809_-0.5260_-0.6780end-0.85_8.36_-5.89_48.79_3.25_-20.14_32.00_-27.13_-11.38_0.4324_0.2783_-0.5234_-0.6794end-0.58_8.44_-5.77_48.79_3.25_-20.14_32.38_-26.44_-10.88_0.4324_0.2783_-0.5234_-0.6794end,24.1390126,120.7484652,114.80000305175781
2724,,24.1390126,120.7484652,114.80000305175781
2725,,24.1390126,120.7484652,114.80000305175781
2726,,24.1390126,120.7484652,114.80000305175781
2727,,24.1390126,120.7484652,114.80000305175781
2728,,24.1390126,120.7484652,114.80000305175781
2729,-0.58_8.44_-5.77_47.90_4.25_-19.92_31.62_-26.75_-10.00_0.4349_0.2758_-0.5210_-0.6807end-0.58_8.44_-5.77_46.33_7.16_-20.03_31.62_-26.75_-10.00_0.4362_0.2745_-0.5197_-0.6814end-0.29_8.43_-5.34_45.55_9.40_-20.03_32.38_-26.75_-10.50_0.4362_0.2745_-0.5197_-0.6814end-0.25_8.40_-5.38_44.54_11.75_-20.03_32.38_-26.75_-10.50_0.4402_0.2715_-0.5159_-0.6830end-0.29_8.41_-5.32_44.54_11.75_-20.03_32.00_-27.13_-10.00_0.4430_0.2697_-0.5132_-0.6839end-0.21_8.53_-5.36_44.54_11.75_-20.03_32.38_-26.75_-9.13_0.4444_0.2688_-0.5119_-0.6843end-0.30_8.38_-5.25_44.54_11.75_-20.03_32.38_-26.75_-9.13_0.4458_0.2680_-0.5106_-0.6846end-0.15_8.45_-5.06_44.54_11.75_-20.03_32.38_-26.75_-9.13_0.4458_0.2680_-0.5106_-0.6846end-0.09_8.44_-4.84_41.85_18.91_-21.26_32.38_-26.75_-9.13_0.4458_0.2680_-0.5106_-0.6846end-0.09_8.44_-4.84_40.96_20.25_-21.15_32.75_-26.37_-9.63_0.4503_0.2656_-0.5065_-0.6857end,24.1390126,120.7484652,114.80000305175781
2730,,24.1390126,120.7484652,114.80000305175781
2731,,24.1390126,120.7484652,114.80000305175781
2732,,24.1390126,120.7484652,114.80000305175781
2733,,24.1390126,120.7484652,114.80000305175781
2734,,24.1390126,120.7484652,114.80000305175781
2735,,24.1390126,120.7484652,114.80000305175781
2736,,24.1390126,120.7484652,114.80000305175781
2737,,24.1390126,120.7484652,114.80000305175781
2738,-0.06_8.31_-4.55_40.96_20.25_-21.15_32.75_-26.37_-9.63_0.4533_0.2640_-0.5038_-0.6863end-0.06_8.31_-4.55_40.73_19.36_-21.37_32.75_-26.37_-9.63_0.4548_0.2633_-0.5024_-0.6866end-0.07_8.40_-4.48_40.73_19.36_-21.37_32.75_-26.37_-9.63_0.4548_0.2633_-0.5024_-0.6866end-0.42_8.46_-4.07_40.73_19.36_-21.37_32.75_-26.37_-9.63_0.4548_0.2633_,24.1390126,120.7484652,114.80000305175781
2739,-0.5024_-0.6866end-0.42_8.46_-4.07_40.73_19.36_-21.37_32.75_-26.37_-9.63_0.4607_0.2603_-0.4971_-0.6876end-0.48_9.28_-4.34_40.73_19.36_-21.37_32.38_-27.06_-7.31_0.4623_0.2596_-0.4958_-0.6879end-0.48_9.28_-4.34_40.73_19.36_-21.37_33.13_-26.69_-7.75_0.4637_0.2587_-0.4944_-0.6881end-0.54_8.63_-3.95_40.73_19.36_-21.37_33.13_-26.69_-7.75_0.4637_0.2587_-0.4944_-0.6881end-0.54_8.63_-3.95_40.73_19.36_-21.37_33.13_-26.69_-7.75_0.4680_0.2561_-0.4907_-0.6889end-1.02_8.32_-4.27_38.50_19.14_-22.83_33.13_-26.69_-7.75_0.4694_0.2554_-0.4894_-0.6891end,24.1390126,120.7484652,114.80000305175781
2740,,24.1390126,120.7484652,114.80000305175781
2741,,24.1390126,120.7484652,114.80000305175781
2742,,24.1390126,120.7484652,114.80000305175781
2743,-0.67_8.24_-4.32_38.50_19.14_-22.83_33.13_-26.69_-7.75_0.4709_0.2547_-0.4881_-0.6893end-0.81_8.25_-4.29_38.50_19.14_-22.83_33.13_-26.69_-7.75_0.4726_0.2540_-0.4868_-0.6894end-0.81_8.25_-4.29_38.50_19.14_-22.83_32.00_-25.69_-6.81_0.4741_0.2534_-0.4854_-0.6895end-0.81_8.25_-4.29_38.50_19.14_-22.83_32.00_-25.69_-6.81_0.4772_0.2519_,24.1390126,120.7484652,114.80000305175781
2744,-0.4827_-0.6898end-0.88_8.14_-3.95_39.61_18.80_-22.83_32.00_-25.69_-6.81_0.4786_0.2511_-0.4814_-0.6899end-1.06_8.14_-3.39_39.61_18.80_-22.83_34.25_-25.31_-5.50_0.4786_0.2511_-0.4814_-0.6899end-1.11_8.12_-3.13_39.95_14.77_-22.72_34.25_-25.31_-5.50_0.4786_0.2511_-0.4814_-0.6899end-1.11_8.12_-3.13_39.95_14.77_-22.72_33.50_-25.31_-6.37_0.4829_0.2485_-0.4775_-0.6906end-1.11_8.12_-3.13_39.95_14.77_-22.72_33.50_-25.31_-6.37_0.4855_0.2463_-0.4753_-0.6912end-1.24_8.08_-2.89_39.95_14.77_-22.72_33.50_-25.31_-6.37_0.4867_0.2451_-0.4742_-0.6915end,24.1390126,120.7484652,114.80000305175781
2745,,24.1390126,120.7484652,114.80000305175781
2746,,24.1390126,120.7484652,114.80000305175781
2747,,24.1390126,120.7484652,114.80000305175781
2748,,24.1390126,120.7484652,114.80000305175781
2749,,24.1390126,120.7484652,114.80000305175781
2750,,24.1390126,120.7484652,114.80000305175781
2751,-1.14_7.97_-3.16_39.95_14.77_-22.72_33.50_-25.31_-6.37_0.4867_0.2451_-0.4742_-0.6915end-1.14_7.97_-3.16_39.95_14.77_-22.72_33.88_-24.94_-6.37_0.4867_0.2451_-0.4742_-0.6915end-1.14_7.95_-3.22_39.95_14.77_-22.72_35.00_-24.25_-5.00_0.4867_0.2451_-0.4742_-0.6915end-1.14_7.95_-3.22_39.95_14.77_-22.72_35.00_-24.25_-5.00_0.4913_0.2399_-0.4700_-0.6929end-1.14_7.95_-3.22_41.96_5.26_-23.16_34.25_-24.94_-4.12_0.4913_0.2399_-0.4700_-0.6929end-1.14_7.95_-3.22_43.20_8.73_-23.16_34.25_-24.94_-4.12_0.4951_0.2362_-0.4665_-0.6939end-1.14_7.95_-3.22_43.98_10.41_-23.05_34.25_-24.94_-4.12_0.4951_0.2362_-0.4665_-0.6939end-1.14_7.95_-3.22_44.20_12.31_-23.16_34.25_-24.94_-4.12_0.4977_0.2340_-0.4639_-0.6945end-1.67_7.73_-2.83_45.66_15.22_-23.16_34.25_-24.94_-4.12_0.4977_0.2340_-0.4639_-0.6945end-1.78_7.72_-2.84_46.11_16.56_-23.39_35.00_-24.56_-4.50_0.4977_0.2340_-0.4639_-0.6945end,24.1390126,120.7484652,114.80000305175781
2752,,24.1390126,120.7484652,114.80000305175781
2753,,24.1390126,120.7484652,114.80000305175781
2754,,24.1390126,120.7484652,114.80000305175781
2755,,24.1390126,120.7484652,114.80000305175781
2756,,24.1390126,120.7484652,114.80000305175781
2757,,24.1390126,120.7484652,114.80000305175781
2758,-1.82_7.71_-2.94_46.78_18.58_-23.28_35.00_-24.56_-4.50_0.4977_0.2340_-0.4639_-0.6945end-1.82_7.71_-2.94_48.01_22.38_-22.60_35.00_-24.56_-4.50_0.4977_0.2340_-0.4639_-0.6945end-2.00_7.61_-2.90_48.01_22.38_-22.60_34.63_-24.94_-4.12_0.5081_0.2271_-0.4529_-0.6965end-2.13_7.55_-2.99_48.01_22.38_-22.60_34.63_-24.94_-4.12_0.5081_0.2271_-0.4529_-0.6965end-2.38_7.51_-3.05_48.01_22.38_-22.60_34.63_-24.94_-4.12_0.5114_0.2256_-0.4492_-0.6970end-2.48_7.43_-3.06_49.69_38.50_-20.37_34.63_-24.94_-4.12_0.5114_0.2256_-0.4492_-0.6970end-2.48_7.43_-3.06_49.69_38.50_-20.37_35.38_-24.19_-2.31_0.5167_0.2242_-0.4429_-0.6976end-2.92_7.45_-3.41_49.69_38.50_-20.37_35.38_-24.19_-2,24.1390126,120.7484652,114.80000305175781
2759,.31_0.5186_0.2241_-0.4405_-0.6977end-3.36_7.32_-3.64_49.69_38.50_-20.37_34.63_-24.87_-2.31_0.5207_0.2242_-0.4379_-0.6978end-3.68_7.39_-3.80_51.03_63.00_-18.24_34.63_-24.87_-2.31_0.5207_0.2242_-0.4379_-0.6978end,24.1390126,120.7484652,114.80000305175781
2760,,24.1390126,120.7484652,114.80000305175781
2761,,24.1390126,120.7484652,114.80000305175781
2762,,24.1390126,120.7484652,114.80000305175781
2763,,24.1390126,120.7484652,114.80000305175781
2764,,24.1390126,120.7484652,114.80000305175781
2765,,24.1390126,120.7484652,114.80000305175781
2766,,24.1390126,120.7484652,114.80000305175781
2767,-3.68_7.39_-3.80_51.59_72.51_-16.00_34.63_-24.87_-2.31_0.5251_0.2249_-0.4323_-0.6977end-5.25_7.27_-4.29_51.59_72.51_-16.00_34.63_-24.87_-2.31_0.5273_0.2255_-0.4293_-0.6977end-5.99_7.29_-4.60_52.26_74.31_-13.32_34.63_-24.87_-2.31_0.5273_0.2255_-0.4293_-0.6977end-6.34_7.32_-4.87_53.04_70.28_-12.31_34.63_-24.87_-2.31_0.5273_0.2255_-0.4293_-0.6977end-6.34_7.32_-4.87_52.82_62.56_-10.85_34.63_-24.87_-2.31_0.5380_0.2283_-0.4139_-0.6979end-6.86_7.25_-5.70_52.82_62.56_-10.85_34.63_-24.87_-2.31_0.5396_0.2283_-0.4113_-0.6983end-7.02_7.18_-6.50_52.82_62.56_-10.85_35.38_-23.81_0.88_0.5396_0.2283_-0.4113_-0.6983end-7.04_7.16_-6.97_52.82_62.56_-10.85_35.75_-24.50_-0.,24.1390126,120.7484652,114.80000305175781
2768,44_0.5396_0.2283_-0.4113_-0.6983end-7.04_7.16_-6.97_52.82_62.56_-10.85_35.75_-24.50_-0.44_0.5425_0.2238_-0.4044_-0.7014end-6.77_7.10_-8.00_52.82_62.56_-10.85_35.75_-24.50_-0.44_0.5424_0.2214_-0.4037_-0.7028end,24.1390126,120.7484652,114.80000305175781
2769,,24.1390126,120.7484652,114.80000305175781
2770,,24.1390126,120.7484652,114.80000305175781
2771,,24.1390126,120.7484652,114.80000305175781
2772,,24.1390126,120.7484652,114.80000305175781
2773,-6.23_7.63_-9.02_52.82_62.56_-10.85_35.00_-23.81_0.44_0.5424_0.2214_-0.4037_-0.7028end-5.78_9.16_-9.58_49.46_-81.58_3.58_35.00_-23.81_0.44_0.5424_0.2214_-0.4037_-0.7028end-2.93_15.20_-11.11_48.46_-98.59_4.59_35.00_-23.81_0.44_0.5396_0.2114_-0.4042_-0.7076end-2.93_15.20_-11.11_48.46_-98.59_4.59_35.75_-23.81_0.00_0.5396_0.2114_-0.,24.1390126,120.7484652,114.80000305175781
2774,4042_-0.7076end-2.93_15.20_-11.11_36.59_-136.41_6.27_35.75_-23.81_0.00_0.5338_0.1973_-0.4083_-0.7137end2.25_20.10_-9.31_36.59_-136.41_6.27_35.75_-23.81_0.00_0.5338_0.1973_-0.4083_-0.7137end0.76_22.75_-15.32_35.14_-151.07_8.95_35.75_-23.81_0.00_0.5338_0.1973_-0.4083_-0.7137end-4.79_22.05_-18.19_35.14_-151.07_8.95_35.38_-23.50_-2.31_0.5338_0.1973_-0.4083_-0.7137end-4.79_22.05_-18.19_10.41_-124.44_0.67_34.63_-23.19_-2.69_0.5231_0.1761_-0.4178_-0.7217end2.12_23.81_-11.28_10.41_-124.44_0.67_34.63_-23.19_-2.69_0.5185_0.1675_-0.4228_-0.7241end,24.1390126,120.7484652,114.80000305175781
2775,,24.1390126,120.7484652,114.80000305175781
2776,,24.1390126,120.7484652,114.80000305175781
2777,,24.1390126,120.7484652,114.80000305175781
2778,,24.1390126,120.7484652,114.80000305175781
2779,,24.1390126,120.7484652,114.80000305175781
2780,,24.1390126,120.7484652,114.80000305175781
2781,,24.1390126,120.7484652,114.80000305175781
2782,9.29_22.21_-1.52_1.34_-128.02_2.01_34.63_-23.19_-2.69_0.5185_0.1675_-0.4228_-0.7241end-0.46_23.24_-14.97_1.34_-128.02_2.01_35.75_-23.87_-3.62_0.5107_0.1556_-0.4318_-0.7269end4.50_23.42_-12.78_1.34_-128.02_2.01_35.75_-23.87_-3.62_0.5090_0.1528_-0.4343_-0.7273end1.04_23.03_-12.02_-22.60_-68.82_-5.04_35.75_-23.87_-3.62_0.5062_0.1488_-0.4387_-0.7274end3.08_24.60_-7.65_-22.60_-68.82_-5.04_35.75_-23.87_-3.62_0.5047_0.1469_-0.4412_-0.7274end1.98_21.73_-6.41_-22.60_-68.82_-5.04_35.75_-23.87_-3.62_0.5029_0.1453_-0.4438_-0.7273end1.98_21.73_-6.41_-41.85_-61.66_3.02_35.00_-22.87_-7.25_0.5029_0.1453_-0.4438_-0.7273end1.98_21.73_-6.41_-44.43_-39.50_1.90_35.00_-22.87_-7.25_0.4999_0.1434_-0.4490_-0.7266end0.94_18.26_-6.57_-44.43_-39.50_1.90_35.00_-22.87_-7.25_0.4999_0.1434_-0.4490_-0.7266end0.94_18.26_-6.57_-51.03_1.45_-0.67_35.00_-22.87_-7.25_0.4999_0.1434_-0.4490_-0.7266end,24.1390126,120.7484652,114.80000305175781
2783,,24.1390126,120.7484652,114.80000305175781
2784,,24.1390126,120.7484652,114.80000305175781
2785,,24.1390126,120.7484652,114.80000305175781
2786,,24.1390126,120.7484652,114.80000305175781
2787,,24.1390126,120.7484652,114.80000305175781
2788,0.94_18.26_-6.57_-53.16_7.16_0.22_35.00_-22.87_-7.25_0.4983_0.1456_-0.4543_-0.7239end0.94_18.26_-6.57_-54.27_6.49_3.02_34.63_-22.56_-7.25_0.4983_0.1456_-0.4543_-0.7239end0.39_15.56_-4.58_-54.27_6.49_3.02_34.63_-22.56_-7.25_0.4983_0.1456_-0.4543_-0.7239end-0.11_15.07_-4.34_-54.27_6.49_3.02_34.63_-22.56_-7.25_0.4967_0.1542_-0.4622_-0.7183end0.01_13.39_-4.21_-54.27_6.49_3.02_34.63_-22.56_-7.25_0.4965_0.1566_-0.4637_-0.7169end-0.13_13.04_-4.25_-70.28_22.94_10.30_34.63_-22.56_-7.25_0.4965_0.1566_-0.4637_-0.7169end-0.48_12.70_-4.07_-70.28_22.94_10.30_34.63_-22.56_-7.25_0.4951_0.1638_-0.4687_-0.7130end-0.98_11.97_-3.89_-70.28_22.94_10.30_33.88_-21.87_-7.62_0.,24.1390126,120.7484652,114.80000305175781
2789,4946_0.1664_-0.4705_-0.7116end-1.18_11.46_-3.74_-70.28_22.94_10.30_33.88_-21.87_-7.62_0.4940_0.1693_-0.4721_-0.7102end-1.18_11.46_-3.74_-84.82_42.30_20.37_35.00_-21.87_-7.19_0.4940_0.1693_-0.4721_-0.7102end,24.1390126,120.7484652,114.80000305175781
2790,,24.1390126,120.7484652,114.80000305175781
2791,,24.1390126,120.7484652,114.80000305175781
2792,,24.1390126,120.7484652,114.80000305175781
2793,,24.1390126,120.7484652,114.80000305175781
2794,,24.1390126,120.7484652,114.80000305175781
2795,-1.18_11.46_-3.74_-87.73_46.11_22.38_35.00_-21.87_-7.19_0.4931_0.1760_-0.4753_-0.7070end-1.18_11.46_-3.74_-87.73_46.11_22.38_35.00_-21.87_-7.19_0.4922_0.1833_-0.4784_-0.7037end-1.67_10.29_-4.09_-87.73_46.11_22.38_34.25_-22.25_-8.13_0.4922_0.1833_-0.4784_-0.7037end-1.80_9.89_-4.05_-87.73_46.11_22.38_34.63_-22.56_-7.25_0.4922_0.1833_-0.4784_-0.7037end-1.80_9.89_-4.05_-98.03_57.63_28.87_34.63_-22.56_-7.25_0.4902_0.2006_-0.4844_-0.6962end-1.82_9.56_-3.99_-98.03_57.63_28.87_35.00_-22.25_-7.62_0.4896_0.2051_-0.4861_-0.6943end-1.93_8.95_-4.02_-98.03_57.63_28.87_35.00_-22.25_-7.62_0.4888_0.2097_-0.4878_-0.6923end-1.96_8.71_-3.96_-98.03_57.63_28.87_33.50_-21.87,24.1390126,120.7484652,114.80000305175781
2796,_-7.25_0.4868_0.2192_-0.4915_-0.6880end-1.99_8.44_-3.86_-98.03_57.63_28.87_33.50_-21.87_-7.25_0.4856_0.2239_-0.4935_-0.6859end-1.86_7.78_-3.64_-98.03_57.63_28.87_34.63_-22.87_-7.25_0.4856_0.2239_-0.4935_-0.6859end,24.1390126,120.7484652,114.80000305175781
2797,,24.1390126,120.7484652,114.80000305175781
2798,,24.1390126,120.7484652,114.80000305175781
2799,,24.1390126,120.7484652,114.80000305175781
2800,,24.1390126,120.7484652,114.80000305175781
2801,,24.1390126,120.7484652,114.80000305175781
2802,-1.86_7.78_-3.64_-122.42_40.96_42.52_34.63_-22.87_-7.25_0.4842_0.2286_-0.4957_-0.6838end-1.86_7.78_-3.64_-125.45_36.71_43.64_34.63_-22.19_-7.25_0.4810_0.2380_-0.5004_-0.6794end-1.86_7.78_-3.64_-128.47_32.34_45.10_35.38_-22.56_-7.62_0.4791_0.2426_-0.5029_-0.6772end-1.86_7.78_-3.64_-128.47_32.34_45.10_35.38_-22.56_-7.62_0.4791_0.2426_-0.5029_-0.6772end-1.86_7.78_-3.64_-133.39_26.41_48.12_33.88_-22.94_-7.69_0.4791_0.2426_-0.5029_-0.6772end-1.12_5.39_-2.90_-138.54_25.18_50.47_34.63_-23.25_-7.69_0.4791_0.2426_-0.5029_-0.6772end-1.08_5.23_-2.79_-143.46_27.64_52.48_34.63_-23.25_-7.69_0.4791_0.2426_-0.5029_-0.6772end-1.07_5.10_-2.75_-143.46_27.64_52.48_34.63_-,24.1390126,120.7484652,114.80000305175781
2803,23.25_-7.69_0.4621_0.2755_-0.5232_-0.6609end-1.08_4.89_-2.79_-143.46_27.64_52.48_34.63_-23.25_-7.69_0.4594_0.2807_-0.5262_-0.6582end-1.09_4.76_-2.77_-143.46_27.64_52.48_34.63_-23.25_-7.69_0.4568_0.2858_-0.5292_-0.6555end,24.1390126,120.7484652,114.80000305175781
2804,,24.1390126,120.7484652,114.80000305175781
2805,,24.1390126,120.7484652,114.80000305175781
2806,,24.1390126,120.7484652,114.80000305175781
2807,,24.1390126,120.7484652,114.80000305175781
2808,,24.1390126,120.7484652,114.80000305175781
2809,,24.1390126,120.7484652,114.80000305175781
2810,-0.91_4.13_-2.48_-143.46_27.64_52.48_34.63_-23.25_-7.69_0.4568_0.2858_-0.5292_-0.6555end-0.84_4.00_-2.25_-143.46_27.64_52.48_34.63_-23.25_-7.69_0.4486_0.3018_-0.5381_-0.6466end-0.89_3.94_-2.18_-143.46_27.64_52.48_33.50_-22.62_-10.44_0.4486_0.3018_-0.5381_-0.6466end-0.89_3.94_-2.18_-161.03_35.59_55.62_33.50_-22.62_-10.44_0.4486_0.3018_-0.5381_-0.6466end-0.89_3.69_-1.88_-161.03_35.59_55.62_33.50_-24.00_-10.44_0.4399_0.3180_-0.5473_-0.6371end-0.81_3.43_-1.49_-161.03_35.59_55.62_33.50_-24.00_-10.44_0.4368_0.3233_-0.5504_-0.6338end-0.81_3.43_-1.49_-166.07_25.40_56.40_33.50_-24.00_-10.44_0.4368_0.3233_-0.5504_-0.6338end-0.81_3.43_-1.49_-166.07_25.40_56.40_34,24.1390126,120.7484652,114.80000305175781
2811,.19_-23.31_-10.81_0.4304_0.3339_-0.5568_-0.6271end-0.74_2.62_-0.25_-166.07_25.40_56.40_34.19_-23.31_-10.81_0.4304_0.3339_-0.5568_-0.6271end-0.74_2.62_-0.25_-166.07_25.40_56.40_34.19_-23.31_-10.81_0.4198_0.3489_-0.5667_-0.6172end,24.1390126,120.7484652,114.80000305175781
2812,,24.1390126,120.7484652,114.80000305175781
2813,,24.1390126,120.7484652,114.80000305175781
2814,,24.1390126,120.7484652,114.80000305175781
2815,,24.1390126,120.7484652,114.80000305175781
2816,,24.1390126,120.7484652,114.80000305175781
2817,,24.1390126,120.7484652,114.80000305175781
2818,,24.1390126,120.7484652,114.80000305175781
2819,-0.75_2.39_-0.06_-166.07_25.40_56.40_34.19_-23.31_-10.81_0.4160_0.3539_-0.5701_-0.6138end-0.78_2.37_0.01_-166.07_25.40_56.40_34.19_-23.31_-10.81_0.4083_0.3635_-0.5767_-0.6071end-0.78_2.34_0.06_-168.08_14.55_57.97_34.19_-23.31_-10.81_0.4083_0.3635_-0.5767_-0.6071end-0.78_2.34_0.06_-167.41_14.66_58.08_31.62_-22.00_-13.13_0.4083_0.,24.1390126,120.7484652,114.80000305175781
2820,3635_-0.5767_-0.6071end-0.80_2.27_-0.09_-167.19_14.21_57.63_31.62_-22.00_-13.13_0.3965_0.3778_-0.5864_-0.5967end-0.80_2.27_-0.09_-165.28_14.10_57.18_32.00_-22.69_-14.00_0.3965_0.3778_-0.5864_-0.5967end-0.82_2.08_-0.16_-165.28_14.10_57.18_32.00_-22.69_-14.00_0.3848_0.3917_-0.5956_-0.5862end-0.82_2.08_-0.16_-159.80_15.00_55.73_33.44_-21.69_-14.87_0.3848_0.3917_-0.5956_-0.5862end-0.82_2.08_-0.16_-159.80_15.00_55.73_33.44_-21.69_-14.87_0.3810_0.3962_-0.5985_-0.5828end-0.82_2.08_-0.16_-159.80_15.00_55.73_33.44_-21.69_-14.87_0.3691_0.4092_-0.6072_-0.5724end,24.1390126,120.7484652,114.80000305175781
2821,,24.1390126,120.7484652,114.80000305175781
2822,,24.1390126,120.7484652,114.80000305175781
2823,,24.1390126,120.7484652,114.80000305175781
2824,,24.1390126,120.7484652,114.80000305175781
2825,-0.02_2.87_2.04_-159.80_15.00_55.73_32.00_-22.75_-15.81_0.3691_0.4092_-0.6072_-0.5724end-0.02_2.87_2.04_-159.80_15.00_55.73_32.00_-22.75_-15.81_0.3599_0.4172_-0.6134_-0.5658end-0.72_2.94_-0.21_-159.80_15.00_55.73_32.00_-22.75_-15.81_0.3511_0.4250_-0.6191_-0.5593end-0.77_2.85_-0.36_-159.80_15.00_55.73_32.00_-22.75_-15.81_0.3469_0.4291_-0.6218_-0.5558end-0.45_2.81_-0.19_-159.80_15.00_55.73_31.62_-20.69_-17.12_0.3469_0.4291_-0.6218_-0.5558end-0.36_3.05_0.62_-151.07_8.39_56.18_31.62_-20.69_-17.12_0.3469_0.4291_-0.6218_-0.5558end-0.36_3.05_0.62_-146.37_9.62_54.72_31.62_-20.69_-17.12_0.3348_0.4409_-0.6292_-0.5455end-0.36_3.05_0.62_-146.37_9.62_54.72_31.62_-21.37_-17.12_0.3310_0.4448_-0.6314_-0.5422end-0.36_3.05_0.62_-144.47_12.09_54.61_31.62_-21.37_-17.12_0.3235_0.4523_-0.6357_-0.5353end0.13_3.96_0.53_-139.77_20.14_52.26_31.25_-21.75_-18.94_0.3235_0.4523_-0.6357_-0.5353end,24.1390126,120.7484652,114.80000305175781
2826,,24.1390126,120.7484652,114.80000305175781
2827,,24.1390126,120.7484652,114.80000305175781
2828,,24.1390126,120.7484652,114.80000305175781
2829,,24.1390126,120.7484652,114.80000305175781
2830,,24.1390126,120.7484652,114.80000305175781
2831,,24.1390126,120.7484652,114.80000305175781
2832,0.13_3.96_0.53_-136.75_23.72_51.36_31.25_-21.75_-18.94_0.3165_0.4601_-0.6396_-0.5282end0.13_3.96_0.53_-130.93_28.09_49.46_31.25_-21.75_-18.94_0.3101_0.4678_-0.6431_-0.5210end0.18_4.45_1.03_-130.93_28.09_49.46_31.25_-21.75_-18.94_0.3071_0.4714_-0.6447_-0.5175end0.25_5.66_1.21_-130.93_28.09_49.46_31.25_-21.75_-18.94_0.3071_0.4714_-0.6447_-0.5175end0.38_6.17_1.24_-130.93_28.09_49.46_30.88_-20.75_-19.44_0.3014_0.4788_-0.6476_-0.5104end0.38_6.50_1.11_-120.30_26.75_44.99_30.88_-20.75_-19.44_0.3014_0.4788_-0.6476_-0.5104end0.37_7.41_0.91_-116.94_21.37_43.76_30.88_-20.75_-19.44_0.2928_0.4885_-0.6518_-0.5008end0.38_7.78_0.94_-116.94_21.37_43.76_30.50_-19.44_-20.31_0.2928_0.4885_-0.6518_-0.5008end0.26_8.50_1.14_-105.42_-4.92_42.19_30.50_-19.44_-20.31_0.2865_0.4940_-0.6546_-0.4954end0.26_8.50_1.14_-101.72_-15.55_41.74_30.50_-19.44_-20.31_0.2831_0.4962_-0.6561_-0.4932end,24.1390126,120.7484652,114.80000305175781
2833,,24.1390126,120.7484652,114.80000305175781
2834,,24.1390126,120.7484652,114.80000305175781
2835,,24.1390126,120.7484652,114.80000305175781
2836,,24.1390126,120.7484652,114.80000305175781
2837,,24.1390126,120.7484652,114.80000305175781
2838,,24.1390126,120.7484652,114.80000305175781
2839,,24.1390126,120.7484652,114.80000305175781
2840,0.37_9.20_1.54_-101.72_-15.55_41.74_30.50_-19.44_-20.31_0.2793_0.4982_-0.6577_-0.4913end0.37_9.20_1.54_-89.08_-49.24_41.52_30.50_-19.44_-20.31_0.2793_0.4982_-0.6577_-0.4913end0.59_9.30_2.43_-89.08_-49.24_41.52_30.50_-19.44_-20.31_0.2714_0.5012_-0.6606_-0.4886end0.64_10.14_2.36_-89.08_-49.24_41.52_30.50_-19.44_-20.31_0.2714_0.5012_-0.6606_-0.4886end0.71_10.36_2.23_-70.95_-87.62_40.29_29.75_-20.44_-22.13_0.2714_0.5012_-0.6606_-0.4886end0.72_10.50_2.00_-70.95_-87.62_40.29_29.75_-20.44_-22.13_0.2527_0.5037_-0.6671_-0.4873end0.72_10.50_2.00_-70.95_-87.62_40.29_30.12_-19.50_-23.94_0.2424_0.5032_-0.6703_-0.4886end1.01_11.32_1.91_-70.95_-87.62_40.29_28.31_-18.,24.1390126,120.7484652,114.80000305175781
2841,81_-24.37_0.2371_0.5027_-0.6718_-0.4897end1.39_11.87_2.06_-70.95_-87.62_40.29_28.31_-18.81_-24.37_0.2318_0.5019_-0.6732_-0.4910end1.92_12.26_1.98_-42.97_-108.55_36.26_28.31_-18.81_-24.37_0.2318_0.5019_-0.6732_-0.4910end,24.1390126,120.7484652,114.80000305175781
2842,,24.1390126,120.7484652,114.80000305175781
2843,,24.1390126,120.7484652,114.80000305175781
2844,,24.1390126,120.7484652,114.80000305175781
2845,,24.1390126,120.7484652,114.80000305175781
2846,2.16_12.38_2.04_-42.97_-108.55_36.26_28.31_-18.81_-24.37_0.2177_0.4995_-0.6766_-0.4953end2.40_12.43_2.06_-42.97_-108.55_36.26_28.31_-18.81_-24.37_0.2137_0.4988_-0.6774_-0.4966end2.87_12.13_2.27_-42.97_-108.55_36.26_28.31_-18.81_-24.37_0.2103_0.4982_-0.6780_-0.4979end2.89_11.93_2.43_-15.55_-60.32_25.18_28.31_-18.81_-24.37_0.2103_,24.1390126,120.7484652,114.80000305175781
2847,0.4982_-0.6780_-0.4979end2.89_11.93_2.43_-9.62_-51.25_22.72_27.62_-19.81_-25.25_0.2103_0.4982_-0.6780_-0.4979end2.95_11.17_2.68_-4.36_-43.20_19.92_26.12_-19.25_-27.56_0.2028_0.4969_-0.6789_-0.5010end2.95_11.17_2.68_1.45_-35.92_16.79_26.12_-19.25_-27.56_0.2028_0.4969_-0.6789_-0.5010end2.95_11.17_2.68_1.45_-35.92_16.79_25.75_-19.81_-26.69_0.2012_0.4966_-0.6789_-0.5020end2.95_11.17_2.68_18.80_-17.01_8.17_25.75_-19.81_-26.69_0.1986_0.4958_-0.6781_-0.5049end2.95_11.17_2.68_24.40_-12.76_5.71_26.12_-18.81_-25.25_0.1986_0.4958_-0.6781_-0.5049end,24.1390126,120.7484652,114.80000305175781
2848,,24.1390126,120.7484652,114.80000305175781
2849,,24.1390126,120.7484652,114.80000305175781
2850,,24.1390126,120.7484652,114.80000305175781
2851,,24.1390126,120.7484652,114.80000305175781
2852,,24.1390126,120.7484652,114.80000305175781
2853,,24.1390126,120.7484652,114.80000305175781
2854,,24.1390126,120.7484652,114.80000305175781
2855,2.84_9.65_2.83_30.21_-8.28_2.69_26.12_-18.81_-25.25_0.1992_0.4947_-0.6763_-0.5081end2.85_9.36_2.77_30.21_-8.28_2.69_26.12_-18.81_-25.25_0.2000_0.4943_-0.6755_-0.5092end2.84_9.25_2.76_51.59_10.52_-7.95_25.75_-19.81_-25.75_0.2000_0.4943_-0.6755_-0.5092end2.84_9.25_2.76_72.40_-62.33_-48.46_25.75_-19.81_-25.75_0.2025_0.4934_-0.6736_-0.5116end21.23_24.63_1.76_72.40_-62.33_-48.46_25.75_-19.81_-25.75_0.2025_0.4934_-0.6736_-0.5116end-17.15_-6.45_14.80_43.64_28.09_-28.87_25.75_-19.81_-25.75_0.2025_0.4934_-0.6736_-0.5116end8.78_8.27_-12.34_43.64_28.09_-28.87_25.75_-19.81_-25.75_0.2072_0.4858_-0.6715_-0.5197end5.22_6.24_13.39_43.64_28.09_-28.87_25.75_-19.81_-25.7,24.1390126,120.7484652,114.80000305175781
2856,5_0.2072_0.4858_-0.6715_-0.5197end9.89_6.28_17.77_43.64_28.09_-28.87_25.75_-19.81_-25.75_0.2199_0.4878_-0.6693_-0.5154end7.34_8.38_4.97_61.32_73.86_-42.52_25.75_-19.81_-25.75_0.2199_0.4878_-0.6693_-0.5154end,24.1390126,120.7484652,114.80000305175781
2857,,24.1390126,120.7484652,114.80000305175781
2858,,24.1390126,120.7484652,114.80000305175781
2859,,24.1390126,120.7484652,114.80000305175781
2860,,24.1390126,120.7484652,114.80000305175781
2861,,24.1390126,120.7484652,114.80000305175781
2862,9.07_7.04_7.74_61.32_73.86_-42.52_25.75_-19.81_-25.75_0.2343_0.4882_-0.6663_-0.5126end9.07_7.04_7.74_62.22_-27.98_-15.78_25.75_-19.81_-25.75_0.2357_0.4868_-0.6656_-0.5143end0.97_8.48_8.66_62.22_-27.98_-15.78_27.94_-19.75_-22.56_0.2357_0.4868_-0.6656_-0.5143end1.73_6.47_7.76_64.57_-8.95_-14.44_27.94_-19.75_-22.56_0.2357_0.4868_-0.6656_-0.5143end1.73_6.47_7.76_64.57_-8.95_-14.44_28.25_-21.50_-22.13_0.2396_0.4827_-0.6627_-0.5200end1.73_6.47_7.76_64.57_-8.95_-14.44_28.25_-21.50_-22.13_0.2484_0.4832_-0.6593_-0.5198end1.55_7.59_3.00_64.57_-8.95_-14.44_28.31_-21.12_-21.69_0.2484_0.4832_-0.6593_-0.5198end2.66_7.19_2.23_64.57_-8.95_-14.44_28.31_-21.12_-21.69_0.,24.1390126,120.7484652,114.80000305175781
2863,2484_0.4832_-0.6593_-0.5198end3.30_7.15_2.45_64.57_-8.95_-14.44_28.31_-21.12_-21.69_0.2751_0.4884_-0.6501_-0.5129end3.57_7.30_2.33_64.57_-8.95_-14.44_30.12_-21.44_-19.81_0.2808_0.4893_-0.6478_-0.5119end,24.1390126,120.7484652,114.80000305175781
2864,,24.1390126,120.7484652,114.80000305175781
2865,,24.1390126,120.7484652,114.80000305175781
2866,,24.1390126,120.7484652,114.80000305175781
2867,,24.1390126,120.7484652,114.80000305175781
2868,,24.1390126,120.7484652,114.80000305175781
2869,2.36_7.47_2.70_64.57_-8.95_-14.44_30.12_-21.44_-19.81_0.2808_0.4893_-0.6478_-0.5119end1.98_7.36_2.10_72.07_100.49_-26.63_29.75_-22.13_-18.94_0.2808_0.4893_-0.6478_-0.5119end1.98_7.36_2.10_70.84_94.45_-23.28_29.75_-22.13_-18.94_0.2998_0.4914_-0.6387_-0.5106end-0.78_7.68_1.46_70.84_94.45_-23.28_30.50_-21.37_-18.56_0.2998_0.4914_-0.6387_-0.5106end-0.78_7.68_1.46_69.83_106.31_-26.07_30.50_-21.37_-18.56_0.3046_0.4920_-0.6364_-0.5101end-0.46_7.69_0.96_69.83_106.31_-26.07_30.88_-21.37_-17.12_0.3099_0.4928_-0.6339_-0.5092end0.38_7.69_0.76_68.71_112.91_-29.66_32.38_-21.69_-15.38_0.3099_0.4928_-0.6339_-0.5092end0.38_7.69_0.76_69.49_102.62_-27.75_32.38_-21.69_-15.38_0.3099_0.4928_-0.6339_-0.5092end0.49_7.80_1.42_69.49_102.62_-27.75_32.38_-21.69_-15.38_0.3342_0.4955_-0.6221_-0.5058end0.49_7.80_1.42_72.18_54.72_-18.69_32.00_-22.69_-15.38_0.3380_0.4952_-0.6200_-0.5061end,24.1390126,120.7484652,114.80000305175781
2870,,24.1390126,120.7484652,114.80000305175781
2871,,24.1390126,120.7484652,114.80000305175781
2872,,24.1390126,120.7484652,114.80000305175781
2873,,24.1390126,120.7484652,114.80000305175781
2874,,24.1390126,120.7484652,114.80000305175781
2875,,24.1390126,120.7484652,114.80000305175781
2876,,24.1390126,120.7484652,114.80000305175781
2877,-0.34_7.98_2.44_72.18_54.72_-18.69_32.00_-22.69_-15.38_0.3380_0.4952_-0.6200_-0.5061end-0.57_8.04_2.66_72.18_54.72_-18.69_32.00_-23.06_-14.50_0.3380_0.4952_-0.6200_-0.5061end-0.56_8.05_2.86_72.18_54.72_-18.69_32.75_-22.00_-13.56_0.3470_0.4934_-0.6146_-0.5084end0.38_8.04_2.61_72.18_54.72_-18.69_32.75_-22.00_-13.56_0.3470_0.4934_-0.6146_-0.5084end0.73_8.04_2.27_72.18_54.72_-18.69_32.75_-22.31_-14.00_0.3470_0.4934_-0.6146_-0.5084end0.73_8.04_2.27_72.18_54.72_-18.69_32.75_-22.31_-14.00_0.3590_0.4878_-0.6076_-0.5138end0.95_7.99_1.64_72.18_54.72_-18.69_32.75_-22.31_-14.00_0.3590_0.4878_-0.6076_-0.5138end0.95_7.99_1.64_72.18_54.72_-18.69_32.75_-22.31_-14.00_0.3621_0.4847_-0.6055_-0.5170end0.95_7.99_1.64_65.80_-12.98_-13.20_32.75_-22.62_-12.19_0.3635_0.4830_-0.6044_-0.5189end0.95_7.99_1.64_65.13_-11.53_-13.99_32.75_-22.62_-12.19_0.3648_0.4813_-0.6035_-0.5206end,24.1390126,120.7484652,114.80000305175781
2878,,24.1390126,120.7484652,114.80000305175781
2879,,24.1390126,120.7484652,114.80000305175781
2880,,24.1390126,120.7484652,114.80000305175781
2881,,24.1390126,120.7484652,114.80000305175781
2882,,24.1390126,120.7484652,114.80000305175781
2883,,24.1390126,120.7484652,114.80000305175781
2884,0.95_7.99_1.64_63.67_-6.83_-15.67_32.75_-22.69_-14.00_0.3679_0.4781_-0.6014_-0.5237end0.95_7.99_1.64_61.55_3.25_-19.02_32.75_-22.69_-14.00_0.3679_0.4781_-0.6014_-0.5237end0.95_7.99_1.64_61.55_3.25_-19.02_33.81_-23.69_-11.75_0.3695_0.4767_-0.6004_-0.5250end0.95_7.99_1.64_61.55_3.25_-19.02_33.81_-23.69_-11.75_0.3750_0.4725_-0.5972_-0.5286end1.26_8.14_-0.68_61.55_3.25_-19.02_33.81_-23.69_-11.75_0.3750_0.4725_-0.5972_-0.5286end1.17_8.28_-0.31_61.55_3.25_-19.02_33.81_-23.69_-11.75_0.3782_0.4693_-0.5952_-0.5314end0.98_8.27_-0.25_65.58_-9.62_-16.45_33.81_-23.69_-11.75_0.3782_0.4693_-0.5952_-0.5314end0.98_8.27_-0.25_65.58_-9.62_-16.45_33.81_-23.69_-11.75_0.382,24.1390126,120.7484652,114.80000305175781
2885,6_0.4642_-0.5921_-0.5363end0.75_8.43_0.10_65.58_-9.62_-16.45_33.81_-23.69_-11.75_0.3842_0.4625_-0.5910_-0.5377end0.85_8.46_0.26_65.58_-9.62_-16.45_33.50_-24.37_-11.31_0.3842_0.4625_-0.5910_-0.5377end,24.1390126,120.7484652,114.80000305175781
2886,,24.1390126,120.7484652,114.80000305175781
2887,,24.1390126,120.7484652,114.80000305175781
2888,,24.1390126,120.7484652,114.80000305175781
2889,,24.1390126,120.7484652,114.80000305175781
2890,,24.1390126,120.7484652,114.80000305175781
2891,,24.1390126,120.7484652,114.80000305175781
2892,1.07_8.42_0.25_61.77_4.48_-20.81_33.50_-24.37_-11.31_0.3842_0.4625_-0.5910_-0.5377end1.07_8.42_0.25_60.21_4.36_-21.15_33.50_-24.37_-11.31_0.3894_0.4581_-0.5878_-0.5413end1.07_8.42_0.25_60.21_4.36_-21.15_33.50_-24.37_-11.31_0.3930_0.4552_-0.5856_-0.5435end1.20_8.39_-0.20_60.21_4.36_-21.15_33.50_-24.37_-11.31_0.3930_0.4552_-0.5856_-0.5435end1.04_8.37_-0.27_60.21_3.80_-19.36_33.50_-24.37_-11.31_0.3930_0.4552_-0.5856_-0.5435end1.04_8.37_-0.27_58.86_10.41_-18.80_33.50_-24.37_-11.31_0.4000_0.4496_-0.5811_-0.5479end1.05_8.51_0.66_58.86_10.41_-18.80_34.63_-22.94_-8.56_0.4019_0.4484_-0.5798_-0.5488end0.17_8.42_-0.30_58.86_10.41_-18.80_34.63_-22.94_-8.56_0.4019_0.4484_-0.5798_-0.5488end0.56_8.44_-0.41_58.86_10.41_-18.80_34.63_-22.94_-9.50_0.4019_0.4484_-0.5798_-0.5488end0.37_8.49_-0.32_58.97_17.35_-22.38_34.63_-22.94_-9.50_0.4078_0.4451_-0.5761_-0.5511end,24.1390126,120.7484652,114.80000305175781
2893,,24.1390126,120.7484652,114.80000305175781
2894,,24.1390126,120.7484652,114.80000305175781
2895,,24.1390126,120.7484652,114.80000305175781
2896,,24.1390126,120.7484652,114.80000305175781
2897,,24.1390126,120.7484652,114.80000305175781
2898,,24.1390126,120.7484652,114.80000305175781
2899,0.50_8.48_-0.64_58.97_17.35_-22.38_34.63_-22.94_-9.50_0.4120_0.4426_-0.5735_-0.5526end0.64_8.55_-0.29_58.97_17.35_-22.38_34.63_-22.94_-9.50_0.4139_0.4413_-0.5723_-0.5535end0.31_8.57_-0.12_58.97_17.35_-22.38_34.63_-22.94_-9.50_0.4139_0.4413_-0.5723_-0.5535end0.31_8.57_-0.12_59.20_4.25_-19.70_35.38_-21.87_-8.13_0.4139_0.4413_-0.5723_-0.5535end-0.09_8.59_0.06_59.20_4.25_-19.70_35.38_-21.87_-8.13_0.4139_0.4413_-0.5723_-0.5535end-0.36_8.62_0.00_57.07_4.36_-19.02_35.38_-21.87_-8.13_0.4209_0.4355_-0.5677_-0.5576end-0.36_8.62_0.00_57.07_4.36_-19.02_35.38_-21.87_-8.13_0.4225_0.4341_-0.5667_-0.5585end-0.36_8.62_0.00_54.95_1.68_-19.02_34.63_-23.94_-7.69_0.4241_0.4327_-0.5656_-0.5594end-0.36_8.62_0.00_54.27_-3.13_-19.25_34.63_-23.94_-7.69_0.4269_0.4296_-0.5638_-0.5616end-0.64_8.55_-0.56_54.27_-3.13_-19.25_34.63_-23.94_-7.69_0.4269_0.4296_-0.5638_-0.5616end,24.1390126,120.7484652,114.80000305175781
2900,,24.1390126,120.7484652,114.80000305175781
2901,,24.1390126,120.7484652,114.80000305175781
2902,,24.1390126,120.7484652,114.80000305175781
2903,,24.1390126,120.7484652,114.80000305175781
2904,,24.1390126,120.7484652,114.80000305175781
2905,,24.1390126,120.7484652,114.80000305175781
2906,-0.64_8.55_-0.56_54.27_-3.13_-19.25_34.63_-22.87_-5.87_0.4301_0.4239_-0.5617_-0.5655end-0.27_8.62_-0.75_54.27_-3.13_-19.25_34.63_-22.87_-5.87_0.4311_0.4219_-0.5611_-0.5669end-0.05_8.58_-0.77_54.27_-3.13_-19.25_34.63_-22.87_-5.87_0.4311_0.4219_-0.5611_-0.5669end0.05_8.62_-0.86_54.50_-17.12_-18.91_34.63_-22.87_-5.87_0.4311_0.4219_-0.5611_-0.5669end0.05_8.62_-0.86_52.71_-9.06_-19.14_34.63_-22.87_-5.87_0.4341_0.4161_-0.5591_-0.5708end0.35_8.62_-1.30_52.71_-9.06_-19.14_34.63_-22.87_-5.87_0.4365_0.4127_-0.5576_-0.5729end0.32_8.63_-1.53_51.48_-6.38_-19.25_34.63_-22.87_-5.87_0.4377_0.4111_-0.5567_-0.5740end0.39_8.57_-1.88_51.48_-6.38_-19.25_35.38_-22.19_-5.44_,24.1390126,120.7484652,114.80000305175781
2907,0.4377_0.4111_-0.5567_-0.5740end0.45_8.58_-2.09_50.36_-13.99_-18.91_35.38_-22.19_-5.44_0.4377_0.4111_-0.5567_-0.5740end0.45_8.58_-2.09_50.36_-13.99_-18.91_35.38_-22.19_-5.44_0.4418_0.4039_-0.5541_-0.5784end,24.1390126,120.7484652,114.80000305175781
2908,,24.1390126,120.7484652,114.80000305175781
2909,,24.1390126,120.7484652,114.80000305175781
2910,,24.1390126,120.7484652,114.80000305175781
2911,,24.1390126,120.7484652,114.80000305175781
2912,,24.1390126,120.7484652,114.80000305175781
2913,,24.1390126,120.7484652,114.80000305175781
2914,0.71_8.62_-2.18_50.36_-13.99_-18.91_35.38_-22.19_-5.44_0.4425_0.4018_-0.5538_-0.5797end1.38_8.56_-2.93_50.36_-13.99_-18.91_35.38_-22.19_-5.44_0.4425_0.4018_-0.5538_-0.5797end1.77_8.58_-3.12_47.45_-33.91_-23.28_35.38_-22.19_-5.44_0.4425_0.4018_-0.5538_-0.5797end1.77_8.58_-3.12_47.45_-33.91_-23.28_35.38_-22.19_-5.44_0.4451_0.3926_-0.5530_-0.5848end2.96_8.59_-3.87_47.45_-33.91_-23.28_35.38_-22.19_-5.44_0.4460_0.3905_-0.5526_-0.5858end3.12_8.54_-3.99_46.22_-7.27_-27.31_35.38_-22.19_-5.44_0.4460_0.3905_-0.5526_-0.5858end3.25_8.55_-4.09_46.22_-7.27_-27.31_35.38_-22.19_-5.44_0.4460_0.3905_-0.5526_-0.5858end3.25_8.55_-4.09_46.22_-7.27_-27.31_35.38_-22.19_-4.94,24.1390126,120.7484652,114.80000305175781
2915,_0.4525_0.3849_-0.5494_-0.5876end2.83_8.61_-4.05_46.22_-7.27_-27.31_35.38_-22.19_-4.94_0.4548_0.3842_-0.5481_-0.5875end1.98_8.63_-4.13_46.22_-7.27_-27.31_35.38_-22.19_-4.94_0.4572_0.3837_-0.5466_-0.5873end,24.1390126,120.7484652,114.80000305175781
2916,,24.1390126,120.7484652,114.80000305175781
2917,,24.1390126,120.7484652,114.80000305175781
2918,,24.1390126,120.7484652,114.80000305175781
2919,,24.1390126,120.7484652,114.80000305175781
2920,,24.1390126,120.7484652,114.80000305175781
2921,1.62_8.70_-4.18_42.30_48.79_-30.55_35.38_-23.19_-4.50_0.4572_0.3837_-0.5466_-0.5873end0.70_8.67_-4.48_42.30_48.79_-30.55_35.38_-23.19_-4.50_0.4651_0.3828_-0.5421_-0.5860end0.49_8.67_-4.60_42.30_48.79_-30.55_35.38_-23.19_-4.50_0.4677_0.3823_-0.5406_-0.5856end-0.05_8.69_-4.62_42.30_48.79_-30.55_36.50_-22.13_-3.56_0.4677_0.3823_-0.5406_-0.5856end-0.05_8.69_-4.62_42.86_30.77_-34.80_36.50_-22.13_-3.56_0.4724_0.3808_-0.5381_-0.5850end-0.35_8.78_-4.01_43.20_29.43_-35.14_36.50_-22.13_-3.56_0.4747_0.3799_-0.5370_-0.5848end-0.35_8.78_-4.01_43.64_31.45_-35.59_36.13_-22.50_-4.06_0.4747_0.3799_-0.5370_-0.5848end-0.35_8.78_-4.01_43.64_31.45_-35.59_36.13_-22.50_-4.06_0.4819_0.3774_-0.5333_-0.5839end-0.59_8.79_-3.46_43.64_31.45_-35.59_37.19_-22.13_-2.69_0.4819_0.3774_-0.5333_-0.5839end-0.59_8.79_-3.46_40.96_50.69_-31.89_37.19_-20.37_-2.62_0.4819_0.3774_-0.5333_-0.5839end,24.1390126,120.7484652,114.80000305175781
2922,,24.1390126,120.7484652,114.80000305175781
2923,,24.1390126,120.7484652,114.80000305175781
2924,,24.1390126,120.7484652,114.80000305175781
2925,,24.1390126,120.7484652,114.80000305175781
2926,,24.1390126,120.7484652,114.80000305175781
2927,,24.1390126,120.7484652,114.80000305175781
2928,,24.1390126,120.7484652,114.80000305175781
2929,-0.59_8.79_-3.46_40.96_50.69_-31.89_35.75_-21.75_-2.25_0.4925_0.3760_-0.5270_-0.5817end-3.79_8.83_-2.79_40.96_50.69_-31.89_35.75_-21.75_-2.25_0.4925_0.3760_-0.5270_-0.5817end-4.21_8.90_-2.36_40.96_50.69_-31.89_37.56_-20.69_-0.37_0.5005_0.3754_-0.5219_-0.5798end-4.32_8.97_-2.05_40.96_50.69_-31.89_37.88_-21.06_-2.62_0.5030_0.3749_-0.5203_-0.5794end-4.52_8.95_-1.24_42.08_29.99_-27.19_37.88_-21.06_-2.62_0.5030_0.3749_-0.5203_-0.5794end-4.74_8.99_-0.86_42.08_29.99_-27.19_37.88_-21.06_-2.62_0.5070_0.3735_-0.5177_-0.5792end-4.77_9.00_-0.88_40.40_2.24_-22.72_37.88_-21.06_-2.62_0.5070_0.3735_-0.5177_-0.5792end-4.77_9.00_-0.88_40.73_-5.26_-21.60_37.88_-21.06_-2.62_0.5113_0.3697_-0.5152_-0.5801end-4.21_8.93_-1.45_40.73_-5.26_-21.60_37.88_-21.06_-2.62_0.5123_0.3682_-0.5147_-0.5806end-3.95_8.91_-1.59_42.08_-21.93_-20.81_37.88_-21.06_-2.62_0.5123_0.3682_-0.5147_-0.5806end,24.1390126,120.7484652,114.80000305175781
2930,,24.1390126,120.7484652,114.80000305175781
2931,,24.1390126,120.7484652,114.80000305175781
2932,,24.1390126,120.7484652,114.80000305175781
2933,,24.1390126,120.7484652,114.80000305175781
2934,,24.1390126,120.7484652,114.80000305175781
2935,,24.1390126,120.7484652,114.80000305175781
2936,,24.1390126,120.7484652,114.80000305175781
2937,-3.12_8.88_-1.74_42.08_-21.93_-20.81_37.88_-21.06_-2.62_0.5146_0.3625_-0.5137_-0.5829end-2.43_8.86_-1.77_42.08_-21.93_-20.81_37.88_-21.06_-2.62_0.5153_0.3604_-0.5135_-0.5839end-2.18_8.88_-1.78_43.53_-26.41_-18.91_37.88_-21.06_-2.62_0.5153_0.3604_-0.5135_-0.5839end-2.18_8.88_-1.78_43.53_-26.41_-18.91_37.88_-21.06_-2.62_0.5170_0.3545_-0.5127_-0.5867end-1.97_8.85_-1.82_43.53_-26.41_-18.91_37.88_-21.06_-2.62_0.5178_0.3527_-0.5122_-0.5875end-2.25_8.85_-2.13_43.53_-26.41_-18.91_37.88_-21.06_-2.62_0.5178_0.3527_-0.5122_-0.5875end-2.54_8.77_-2.60_42.08_-11.86_-15.67_37.88_-21.06_-2.62_0.5178_0.3527_-0.5122_-0.5875end-2.54_8.77_-2.60_42.08_-11.86_-15.67_38.63_-,24.1390126,120.7484652,114.80000305175781
2938,20.00_-0.81_0.5201_0.3478_-0.5104_-0.5898end-2.75_8.80_-3.28_42.08_-11.86_-15.67_38.63_-20.00_-0.81_0.5215_0.3445_-0.5094_-0.5914end-2.67_8.76_-3.52_42.08_-17.68_-15.33_38.63_-20.00_-0.81_0.5215_0.3445_-0.5094_-0.5914end,24.1390126,120.7484652,114.80000305175781
2939,,24.1390126,120.7484652,114.80000305175781
2940,,24.1390126,120.7484652,114.80000305175781
2941,,24.1390126,120.7484652,114.80000305175781
2942,,24.1390126,120.7484652,114.80000305175781
2943,,24.1390126,120.7484652,114.80000305175781
2944,-2.62_8.78_-3.62_41.85_-18.69_-15.22_38.31_-19.31_0.06_0.5215_0.3445_-0.5094_-0.5914end-2.55_8.79_-3.70_41.74_-18.91_-14.88_38.31_-19.31_0.06_0.5240_0.3376_-0.5074_-0.5948end-2.48_8.78_-3.86_41.74_-18.91_-14.88_38.31_-19.31_0.06_0.5247_0.3358_-0.5070_-0.5958end-2.49_8.76_-3.88_41.74_-18.91_-14.88_37.94_-19.00_0.13_0.5247_0.3358_,24.1390126,120.7484652,114.80000305175781
2945,-0.5070_-0.5958end-2.50_8.79_-3.77_41.18_-19.58_-13.09_37.94_-19.00_0.13_0.5256_0.3324_-0.5061_-0.5975end-2.50_8.79_-3.77_41.18_-19.58_-13.09_37.94_-19.00_0.13_0.5261_0.3306_-0.5057_-0.5984end-2.50_8.79_-3.77_39.95_-23.61_-12.53_37.94_-19.69_-1.31_0.5266_0.3288_-0.5054_-0.5994end-2.50_8.79_-3.77_39.61_-25.18_-12.76_37.94_-19.69_-1.31_0.5269_0.3270_-0.5050_-0.6003end-2.50_8.79_-3.77_38.16_-29.32_-12.31_37.94_-19.69_-1.31_0.5275_0.3232_-0.5046_-0.6022end-1.50_8.72_-3.80_38.16_-29.32_-12.31_37.94_-19.69_-1.31_0.5275_0.3232_-0.5046_-0.6022end,24.1390126,120.7484652,114.80000305175781
2946,,24.1390126,120.7484652,114.80000305175781
2947,,24.1390126,120.7484652,114.80000305175781
2948,,24.1390126,120.7484652,114.80000305175781
2949,,24.1390126,120.7484652,114.80000305175781
2950,,24.1390126,120.7484652,114.80000305175781
2951,-1.50_8.72_-3.80_38.16_-29.32_-12.31_37.94_-19.69_-1.31_0.5278_0.3173_-0.5044_-0.6053end-1.24_8.71_-4.14_38.16_-29.32_-12.31_37.94_-19.69_-1.31_0.5279_0.3152_-0.5044_-0.6063end-1.14_8.66_-4.27_38.16_-29.32_-12.31_37.94_-19.69_-1.31_0.5279_0.3152_-0.5044_-0.6063end-0.91_8.65_-4.46_38.16_-29.32_-12.31_37.94_-19.69_-1.31_0.5279_0.3152_-0.5044_-0.6063end-0.81_8.65_-4.52_35.59_-31.45_-12.98_37.94_-19.69_-1.31_0.5284_0.3074_-0.5042_-0.6100end-0.79_8.68_-4.48_35.59_-31.45_-12.98_37.94_-19.69_-1.31_0.5286_0.3055_-0.5040_-0.6108end-0.86_8.65_-4.47_35.59_-31.45_-12.98_37.94_-19.69_-1.31_0.5286_0.3055_-0.5040_-0.6108end-0.86_8.65_-4.47_34.13_-23.39_-13.54_37.94_-,24.1390126,120.7484652,114.80000305175781
2952,19.69_-1.31_0.5286_0.3055_-0.5040_-0.6108end-0.86_8.65_-4.47_34.13_-23.39_-13.54_39.06_-18.37_-0.75_0.5295_0.3004_-0.5035_-0.6132end-1.07_8.64_-4.30_32.68_-21.26_-13.99_39.06_-18.37_-0.75_0.5302_0.2971_-0.5030_-0.6145end,24.1390126,120.7484652,114.80000305175781
2953,,24.1390126,120.7484652,114.80000305175781
2954,,24.1390126,120.7484652,114.80000305175781
2955,,24.1390126,120.7484652,114.80000305175781
2956,,24.1390126,120.7484652,114.80000305175781
2957,,24.1390126,120.7484652,114.80000305175781
2958,,24.1390126,120.7484652,114.80000305175781
2959,-1.16_8.66_-4.28_32.68_-21.26_-13.99_39.06_-18.37_-0.75_0.5305_0.2955_-0.5028_-0.6152end-1.16_8.66_-4.28_32.68_-21.26_-13.99_37.94_-19.69_-0.81_0.5305_0.2955_-0.5028_-0.6152end-1.16_8.66_-4.28_32.01_-27.75_-15.89_39.38_-18.69_-0.31_0.5305_0.2955_-0.5028_-0.6152end-0.90_8.61_-4.20_32.01_-27.75_-15.89_37.94_-18.37_-1.69_0.5317_0.2884_-0.5024_-0.6179end-0.71_8.57_-4.05_32.01_-27.75_-15.89_37.94_-18.37_-1.69_0.5319_0.2864_-0.5024_-0.6186end-0.56_8.55_-4.00_32.01_-27.75_-15.89_37.94_-18.37_-1.69_0.5321_0.2845_-0.5025_-0.6193end-0.50_8.54_-3.99_31.56_-30.66_-17.12_37.94_-18.37_-1.69_0.5321_0.2845_-0.5025_-0.6193end-0.44_8.55_-3.93_30.89_-28.09_-17.68_37.94_-18.37_-1.69_0.5328_0.2789_-0.5025_-0.6211end-0.45_8.52_-3.83_30.89_-28.09_-17.68_39.06_-18.00_-0.31_0.5333_0.2772_-0.5024_-0.6216end-0.48_8.50_-3.76_30.89_-28.09_-17.68_39.06_-18.00_-0.31_0.5338_0.2756_-0.5021_-0.6220end,24.1390126,120.7484652,114.80000305175781
2960,,24.1390126,120.7484652,114.80000305175781
2961,,24.1390126,120.7484652,114.80000305175781
2962,,24.1390126,120.7484652,114.80000305175781
2963,,24.1390126,120.7484652,114.80000305175781
2964,,24.1390126,120.7484652,114.80000305175781
2965,,24.1390126,120.7484652,114.80000305175781
2966,-0.57_8.51_-3.71_29.88_-8.17_-19.81_39.06_-18.00_-0.31_0.5338_0.2756_-0.5021_-0.6220end-0.62_8.46_-3.73_29.99_-3.36_-19.92_39.06_-18.00_-0.31_0.5338_0.2756_-0.5021_-0.6220end-0.75_8.42_-3.71_29.99_-3.36_-19.92_38.31_-17.69_-0.75_0.5372_0.2707_-0.5001_-0.6230end-0.90_8.39_-3.62_29.99_-3.36_-19.92_38.31_-17.69_-0.75_0.5383_0.2697_,24.1390126,120.7484652,114.80000305175781
2967,-0.4993_-0.6230end-1.01_8.39_-3.66_29.99_-3.36_-19.92_39.38_-18.00_-1.69_0.5383_0.2697_-0.4993_-0.6230end-1.07_8.38_-3.59_30.44_16.79_-22.27_39.38_-18.00_-1.69_0.5383_0.2697_-0.4993_-0.6230end-1.20_8.37_-3.64_30.44_16.79_-22.27_39.38_-18.00_-1.69_0.5434_0.2664_-0.4957_-0.6229end-1.37_8.36_-3.56_30.44_16.79_-22.27_39.00_-18.00_-1.69_0.5448_0.2658_-0.4946_-0.6228end-1.45_8.34_-3.55_30.44_16.79_-22.27_39.00_-18.00_-1.69_0.5463_0.2651_-0.4935_-0.6227end-1.62_8.29_-3.50_30.44_16.79_-22.27_39.00_-18.00_-1.69_0.5463_0.2651_-0.4935_-0.6227end,24.1390126,120.7484652,114.80000305175781
2968,,24.1390126,120.7484652,114.80000305175781
2969,,24.1390126,120.7484652,114.80000305175781
2970,,24.1390126,120.7484652,114.80000305175781
2971,,24.1390126,120.7484652,114.80000305175781
2972,,24.1390126,120.7484652,114.80000305175781
2973,,24.1390126,120.7484652,114.80000305175781
2974,-1.67_8.30_-3.49_30.77_21.82_-23.84_39.00_-18.00_-1.69_0.5463_0.2651_-0.4935_-0.6227end-1.67_8.30_-3.49_30.77_21.82_-24.28_39.06_-17.31_-0.25_0.5508_0.2632_-0.4901_-0.6222end-1.67_8.30_-3.49_30.77_21.82_-24.28_39.06_-17.31_-0.25_0.5538_0.2620_-0.4879_-0.6218end-1.30_8.21_-3.75_30.77_21.82_-24.28_39.44_-16.62_0.13_0.5538_0.2620_-0.4879_-0.6218end-1.20_8.21_-3.90_30.77_21.82_-24.28_39.44_-16.62_0.13_0.5538_0.2620_-0.4879_-0.6218end-1.01_8.16_-4.03_31.11_21.82_-25.18_40.50_-16.56_1.56_0.5538_0.2620_-0.4879_-0.6218end-1.01_8.16_-4.03_31.11_24.28_-26.07_40.50_-16.56_1.56_0.5599_0.2592_-0.4835_-0.6210end-0.60_8.04_-4.45_31.11_27.53_-26.07_40.19_-16.94_1.56_0.5599_0.2592_-0.4835_-0.6210end-0.60_8.04_-4.45_30.66_39.17_-26.97_40.19_-16.94_1.56_0.5599_0.2592_-0.4835_-0.6210end-0.60_8.04_-4.45_30.66_39.17_-26.97_39.81_-16.25_1.94_0.5650_0.2578_-0.4796_-0.6199end,24.1390126,120.7484652,114.80000305175781
2975,,24.1390126,120.7484652,114.80000305175781
2976,,24.1390126,120.7484652,114.80000305175781
2977,,24.1390126,120.7484652,114.80000305175781
2978,,24.1390126,120.7484652,114.80000305175781
2979,,24.1390126,120.7484652,114.80000305175781
2980,,24.1390126,120.7484652,114.80000305175781
2981,-0.86_7.85_-4.71_30.77_56.18_-27.75_39.81_-16.25_1.94_0.5650_0.2578_-0.4796_-0.6199end-1.24_8.08_-4.83_30.77_56.18_-27.75_39.81_-16.25_1.94_0.5742_0.2585_-0.4717_-0.6172end-1.74_7.88_-4.65_30.77_56.18_-27.75_39.81_-16.25_1.94_0.5770_0.2593_-0.4692_-0.6162end-2.30_7.98_-4.49_31.33_87.96_-27.42_39.81_-16.25_1.94_0.5770_0.2593_-0.4,24.1390126,120.7484652,114.80000305175781
2982,692_-0.6162end-2.67_8.07_-4.41_31.67_92.21_-27.86_39.44_-15.88_3.31_0.5770_0.2593_-0.4692_-0.6162end-2.90_8.02_-4.30_32.45_94.56_-27.19_39.44_-15.88_3.31_0.5888_0.2636_-0.4576_-0.6118end-3.36_8.05_-4.09_32.45_94.56_-27.19_39.44_-15.88_3.31_0.5918_0.2648_-0.4547_-0.6107end-3.77_8.02_-3.97_32.45_94.56_-27.19_39.81_-15.50_5.62_0.5947_0.2659_-0.4517_-0.6096end-3.91_7.97_-3.94_32.45_94.56_-27.19_39.81_-15.50_5.62_0.5947_0.2659_-0.4517_-0.6096end-4.03_7.91_-3.89_32.45_94.56_-27.19_39.81_-15.50_5.62_0.6030_0.2686_-0.4430_-0.6066end,24.1390126,120.7484652,114.80000305175781
2983,,24.1390126,120.7484652,114.80000305175781
2984,,24.1390126,120.7484652,114.80000305175781
2985,,24.1390126,120.7484652,114.80000305175781
2986,,24.1390126,120.7484652,114.80000305175781
2987,,24.1390126,120.7484652,114.80000305175781
2988,-4.32_7.77_-3.84_32.45_94.56_-27.19_39.81_-15.50_5.62_0.6056_0.2693_-0.4402_-0.6058end-4.38_7.97_-3.72_32.45_94.56_-27.19_40.56_-14.81_5.62_0.6080_0.2698_-0.4376_-0.6050end-4.40_7.91_-3.62_35.25_64.91_-21.15_40.56_-14.75_7.00_0.6080_0.2698_-0.4376_-0.6050end-4.39_7.89_-3.48_35.47_59.98_-20.14_40.56_-14.75_7.00_0.6145_0.2708_-0.4305_-0.6031end-4.40_7.82_-3.41_36.37_50.25_-18.13_40.56_-14.75_7.00_0.6165_0.2708_-0.4283_-0.6027end-4.38_7.81_-3.22_36.37_50.25_-18.13_40.56_-14.75_7.00_0.6165_0.2708_-0.4283_-0.6027end-4.40_7.77_-3.18_36.37_50.25_-18.13_40.56_-14.75_7.00_0.6200_0.2706_-0.4243_-0.6020end-4.37_7.76_-3.18_37.49_40.96_-15.44_40.56_-14.75_7.00_0.6200_0.2706_-0.4243_-0.6020end-4.37_7.76_-3.18_38.05_39.28_-14.66_39.50_-14.75_7.87_0.6200_0.2706_-0.4243_-0.6020end-4.41_7.70_-3.15_38.27_38.50_-14.21_39.50_-14.75_7.87_0.6249_0.2699_-0.4184_-0.6014end,24.1390126,120.7484652,114.80000305175781
2989,,24.1390126,120.7484652,114.80000305175781
2990,,24.1390126,120.7484652,114.80000305175781
2991,,24.1390126,120.7484652,114.80000305175781
2992,,24.1390126,120.7484652,114.80000305175781
2993,,24.1390126,120.7484652,114.80000305175781
2994,,24.1390126,120.7484652,114.80000305175781
2995,,24.1390126,120.7484652,114.80000305175781
2996,-4.41_7.70_-3.15_38.27_38.50_-14.21_39.50_-14.75_7.87_0.6264_0.2697_-0.4164_-0.6012end-4.41_7.70_-3.15_40.17_37.60_-11.30_40.56_-15.06_8.81_0.6264_0.2697_-0.4164_-0.6012end-4.41_7.70_-3.15_40.17_36.82_-10.41_40.56_-15.06_8.81_0.6309_0.2687_-0.4106_-0.6011end-4.41_7.70_-3.15_40.73_36.03_-9.40_40.25_-14.00_11.50_0.6336_0.2680_-0.4067_-0.6011end-4.94_7.52_-3.41_40.73_36.03_-9.40_40.25_-14.00_11.50_0.6349_0.2676_-0.4046_-0.6013end-5.07_7.49_-3.43_42.64_29.88_-6.71_40.25_-14.00_11.50_0.6349_0.2676_-0.4046_-0.6013end-5.07_7.49_-3.43_43.20_24.06_-4.70_40.25_-14.00_11.50_0.6385_0.2659_-0.3990_-0.6019end-5.19_7.43_-3.69_43.20_24.06_-4.70_40.25_-14.00_11.50_0.6396_0.2653_-0.3972_-0.6023end-5.21_7.40_-4.02_43.20_24.06_-4.70_41.00_-13.69_10.13_0.6396_0.2653_-0.3972_-0.6023end-5.21_7.40_-4.02_43.20_24.06_-4.70_40.63_-13.69_10.63_0.6422_0.2626_-0.3925_-0.6038end,24.1390126,120.7484652,114.80000305175781
2997,,24.1390126,120.7484652,114.80000305175781
2998,,24.1390126,120.7484652,114.80000305175781
2999,,24.1390126,120.7484652,114.80000305175781
3000,,24.1390126,120.7484652,114.80000305175781
3001,,24.1390126,120.7484652,114.80000305175781
3002,,24.1390126,120.7484652,114.80000305175781
3003,-5.05_7.32_-4.67_43.20_24.06_-4.70_40.63_-13.69_10.63_0.6428_0.2616_-0.3912_-0.6045end-4.81_7.27_-5.33_43.20_-2.13_1.23_40.63_-13.69_10.63_0.6428_0.2616_-0.3912_-0.6045end-4.64_7.52_-5.58_43.08_-6.60_1.79_39.88_-12.94_11.50_0.6428_0.2616_-0.3912_-0.6045end-4.44_8.48_-5.89_42.75_-11.53_2.01_39.88_-12.94_11.50_0.6428_0.2616_-0.3912_-0.6045end-3.56_12.02_-6.69_42.75_-11.53_2.01_39.88_-12.94_11.50_0.6445_0.2545_-0.3864_-0.6088end-2.50_13.63_-7.30_42.75_-11.53_2.01_39.88_-12.94_11.50_0.6445_0.2527_-0.3858_-0.6098end-2.50_13.88_-7.02_41.41_-38.16_2.80_39.88_-12.94_11.50_0.6445_0.2527_-0.3858_-0.6098end-2.77_14.22_-7.31_41.41_-38.16_2.80_39.88_-12.94_11.50_0.,24.1390126,120.7484652,114.80000305175781
3004,6443_0.2488_-0.3853_-0.6121end-2.77_14.22_-7.31_36.03_-34.80_-1.68_41.00_-14.00_10.13_0.6441_0.2465_-0.3851_-0.6132end1.09_14.40_-8.91_36.03_-34.80_-1.68_41.00_-14.00_10.13_0.6439_0.2426_-0.3851_-0.6151end,24.1390126,120.7484652,114.80000305175781
3005,,24.1390126,120.7484652,114.80000305175781
3006,,24.1390126,120.7484652,114.80000305175781
3007,,24.1390126,120.7484652,114.80000305175781
3008,,24.1390126,120.7484652,114.80000305175781
3009,,24.1390126,120.7484652,114.80000305175781
3010,,24.1390126,120.7484652,114.80000305175781
3011,1.05_15.21_-10.81_30.44_-30.77_-3.92_41.00_-14.00_10.13_0.6439_0.2426_-0.3851_-0.6151end0.58_13.88_-9.54_11.08_-18.69_-6.71_39.88_-14.00_11.50_0.6439_0.2426_-0.3851_-0.6151end2.46_15.16_-8.74_29.21_5.48_-9.96_39.88_-14.00_11.50_0.6451_0.2383_-0.3839_-0.6161end1.73_15.39_-14.27_29.21_5.48_-9.96_39.88_-14.00_11.50_0.6465_0.2389_-0.3821_-0.6155end-0.77_16.60_-11.49_29.21_5.48_-9.96_39.88_-14.00_11.50_0.6465_0.2389_-0.3821_-0.6155end-1.18_17.02_-10.10_29.21_5.48_-9.96_40.25_-13.00_10.63_0.6465_0.2389_-0.3821_-0.6155end-0.69_18.21_-9.40_29.21_5.48_-9.96_40.63_-13.94_13.31_0.6544_0.2455_-0.3718_-0.6109end-1.39_18.70_-8.29_29.21_5.48_-9.96_40.63_-13.94_13.31_,24.1390126,120.7484652,114.80000305175781
3012,0.6544_0.2455_-0.3718_-0.6109end-2.28_18.66_-7.81_-8.95_179.61_-29.32_39.94_-12.94_13.81_0.6544_0.2455_-0.3718_-0.6109end-2.28_18.66_-7.81_-11.64_169.43_-28.98_39.94_-13.56_16.06_0.6690_0.2628_-0.3523_-0.5994end,24.1390126,120.7484652,114.80000305175781
3013,,24.1390126,120.7484652,114.80000305175781
3014,,24.1390126,120.7484652,114.80000305175781
3015,,24.1390126,120.7484652,114.80000305175781
3016,,24.1390126,120.7484652,114.80000305175781
3017,,24.1390126,120.7484652,114.80000305175781
3018,-4.60_17.19_-7.13_-11.64_169.43_-28.98_39.94_-13.56_16.06_0.6690_0.2628_-0.3523_-0.5994end-4.60_17.19_-7.13_-15.55_156.22_-28.98_38.81_-12.88_15.56_0.6690_0.2628_-0.3523_-0.5994end-4.60_17.19_-7.13_-17.01_114.48_-29.32_38.81_-12.88_15.56_0.6807_0.2786_-0.3370_-0.5877end-4.60_17.19_-7.13_-17.01_114.48_-29.32_38.50_-12.19_17.44_0.6827_0.2812_-0.3349_-0.5854end-4.60_17.19_-7.13_-22.16_34.69_-25.18_38.50_-12.19_17.44_0.6854_0.2847_-0.3329_-0.5816end-4.18_15.23_-4.93_-23.61_17.46_-23.39_38.50_-12.19_17.44_0.6854_0.2847_-0.3329_-0.5816end-4.12_14.99_-4.90_-26.07_8.62_-22.16_38.50_-12.19_17.44_0.6854_0.2847_-0.3329_-0.5816end-3.76_14.81_-4.00_-30.44_-1.45_-20,24.1390126,120.7484652,114.80000305175781
3019,.37_38.50_-12.19_17.44_0.6870_0.2872_-0.3342_-0.5778end-3.76_14.81_-4.00_-30.44_-1.45_-20.37_38.50_-12.19_17.44_0.6874_0.2883_-0.3362_-0.5756end-3.85_14.06_-4.47_-30.44_-1.45_-20.37_38.50_-11.88_17.00_0.6874_0.2888_-0.3376_-0.5746end,24.1390126,120.7484652,114.80000305175781
3020,,24.1390126,120.7484652,114.80000305175781
3021,,24.1390126,120.7484652,114.80000305175781
3022,,24.1390126,120.7484652,114.80000305175781
3023,,24.1390126,120.7484652,114.80000305175781
3024,,24.1390126,120.7484652,114.80000305175781
3025,-3.82_13.57_-4.58_-30.44_-1.45_-20.37_38.50_-11.88_17.00_0.6873_0.2891_-0.3391_-0.5737end-3.80_13.24_-4.15_-35.81_-29.54_-16.34_38.50_-11.88_17.00_0.6864_0.2894_-0.3430_-0.5723end-4.23_13.39_-4.19_-35.81_-29.54_-16.34_38.50_-11.88_17.00_0.6857_0.2892_-0.3454_-0.5717end-3.56_12.81_-4.15_-35.81_-29.54_-16.34_38.50_-11.88_17.00_0.6849_0.2891_-0.3479_-0.5713end-3.56_12.81_-4.15_-35.81_-29.54_-16.34_39.56_-11.88_15.69_0.6840_0.2889_-0.3505_-0.5709end-2.84_12.39_-4.11_-35.81_-29.54_-16.34_39.56_-11.88_15.69_0.6840_0.2889_-0.3505_-0.5709end-2.84_12.39_-4.11_-35.81_-29.54_-16.34_38.81_-12.25_14.31_0.6840_0.2889_-0.3505_-0.5709end-2.50_12.30_-3.91_-35.81_-29.54,24.1390126,120.7484652,114.80000305175781
3026,_-16.34_38.44_-12.56_16.50_0.6840_0.2889_-0.3505_-0.5709end-2.50_12.30_-3.91_-35.81_-29.54_-16.34_38.44_-12.56_16.50_0.6792_0.2899_-0.3632_-0.5681end-2.09_11.72_-3.70_-35.81_-29.54_-16.34_38.44_-12.56_16.50_0.6782_0.2905_-0.3655_-0.5674end,24.1390126,120.7484652,114.80000305175781
3027,,24.1390126,120.7484652,114.80000305175781
3028,,24.1390126,120.7484652,114.80000305175781
3029,,24.1390126,120.7484652,114.80000305175781
3030,,24.1390126,120.7484652,114.80000305175781
3031,,24.1390126,120.7484652,114.80000305175781
3032,,24.1390126,120.7484652,114.80000305175781
3033,,24.1390126,120.7484652,114.80000305175781
3034,-1.99_11.59_-3.56_-55.06_-31.56_-6.15_38.44_-12.56_16.50_0.6782_0.2905_-0.3655_-0.5674end-1.99_11.59_-3.56_-57.18_-33.01_-5.71_38.44_-12.56_16.50_0.6751_0.2928_-0.3727_-0.5653end-2.07_11.35_-3.64_-57.18_-33.01_-5.71_38.44_-12.56_16.50_0.6739_0.2936_-0.3752_-0.5646end-1.87_11.12_-3.99_-57.18_-33.01_-5.71_38.44_-12.56_16.50_0.6739_0.2936_-0.3752_-0.5646end-1.76_11.04_-4.16_-66.02_-62.67_-0.11_38.44_-12.56_16.50_0.6739_0.2936_-0.3752_-0.5646end-1.76_11.04_-4.16_-66.02_-62.67_-0.11_39.88_-13.31_12.44_0.6692_0.2954_-0.3845_-0.5631end-1.76_11.04_-4.16_-69.27_-72.85_2.35_39.88_-13.31_12.44_0.6652_0.2960_-0.3918_-0.5626end-1.92_10.98_-4.17_-69.27_-72.85_2.35_3,24.1390126,120.7484652,114.80000305175781
3035,9.50_-13.69_11.50_0.6630_0.2963_-0.3955_-0.5623end-1.53_11.45_-4.24_-69.27_-72.85_2.35_39.50_-13.69_11.50_0.6630_0.2963_-0.3955_-0.5623end-1.53_11.45_-4.24_-75.42_-69.94_4.48_40.63_-13.62_11.50_0.6562_0.2979_-0.4069_-0.5613end,24.1390126,120.7484652,114.80000305175781
3036,,24.1390126,120.7484652,114.80000305175781
3037,,24.1390126,120.7484652,114.80000305175781
3038,,24.1390126,120.7484652,114.80000305175781
3039,,24.1390126,120.7484652,114.80000305175781
3040,-0.82_12.05_-4.60_-75.42_-69.94_4.48_40.63_-13.62_11.50_0.6540_0.2986_-0.4106_-0.5608end-0.23_12.77_-5.30_-75.42_-69.94_4.48_40.63_-13.62_11.50_0.6540_0.2986_-0.4106_-0.5608end-0.23_12.77_-5.30_-86.62_-52.60_8.50_40.63_-13.62_11.50_0.6540_0.2986_-0.4106_-0.5608end-0.23_12.77_-5.30_-91.54_-34.02_9.40_39.88_-13.00_11.12_0.6540_0.2986_-0.4106_-0.5608end-0.23_12.77_-5.30_-91.54_-34.02_9.40_40.63_-14.06_9.25_0.6451_0.3041_-0.4243_-0.5580end-0.23_12.77_-5.30_-94.00_-23.39_9.51_40.63_-14.06_9.25_0.6431_0.3063_-0.4273_-0.5568end1.02_13.14_-5.70_-94.00_-23.39_9.51_40.63_-14.06_9.25_0.6396_0.3115_-0.4324_-0.5540end1.03_12.70_-5.72_-103.18_7.27_11.30_40.63_-14.06,24.1390126,120.7484652,114.80000305175781
3041,_9.25_0.6396_0.3115_-0.4324_-0.5540end1.03_12.70_-5.72_-103.18_7.27_11.30_40.63_-14.06_9.25_0.6365_0.3181_-0.4366_-0.5505end1.03_12.70_-5.72_-103.18_7.27_11.30_40.63_-14.06_9.25_0.6339_0.3258_-0.4401_-0.5462end,24.1390126,120.7484652,114.80000305175781
3042,,24.1390126,120.7484652,114.80000305175781
3043,,24.1390126,120.7484652,114.80000305175781
3044,,24.1390126,120.7484652,114.80000305175781
3045,,24.1390126,120.7484652,114.80000305175781
3046,,24.1390126,120.7484652,114.80000305175781
3047,,24.1390126,120.7484652,114.80000305175781
3048,0.57_10.92_-5.49_-103.18_7.27_11.30_39.50_-15.44_7.87_0.6326_0.3302_-0.4417_-0.5437end0.50_9.80_-4.57_-103.18_7.27_11.30_39.50_-15.44_7.87_0.6315_0.3347_-0.4431_-0.5412end0.61_9.40_-4.22_-103.18_7.27_11.30_39.88_-15.44_7.44_0.6315_0.3347_-0.4431_-0.5412end0.59_8.79_-3.71_-125.67_37.26_17.46_39.88_-15.44_7.44_0.6289_0.3441_-0.4460_-0.5359end0.45_7.83_-3.20_-125.67_37.26_17.46_39.88_-15.44_7.44_0.6259_0.3533_-0.4492_-0.5307end0.26_7.21_-2.99_-130.93_31.89_20.93_39.88_-15.44_7.44_0.6241_0.3582_-0.4510_-0.5280end0.18_6.70_-2.80_-130.93_31.89_20.93_39.88_-15.44_7.44_0.6221_0.3630_-0.4528_-0.5255end0.10_6.20_-2.57_-130.93_31.89_20.93_40.19_-15.13_7.44_0.6221,24.1390126,120.7484652,114.80000305175781
3049,_0.3630_-0.4528_-0.5255end0.09_5.25_-2.07_-130.93_31.89_20.93_40.19_-15.13_7.44_0.6221_0.3630_-0.4528_-0.5255end0.09_5.25_-2.07_-140.89_17.23_28.65_40.19_-15.13_7.44_0.6155_0.3774_-0.4587_-0.5179end,24.1390126,120.7484652,114.80000305175781
3050,,24.1390126,120.7484652,114.80000305175781
3051,,24.1390126,120.7484652,114.80000305175781
3052,,24.1390126,120.7484652,114.80000305175781
3053,,24.1390126,120.7484652,114.80000305175781
3054,,24.1390126,120.7484652,114.80000305175781
3055,0.09_5.25_-2.07_-140.89_17.23_28.65_39.50_-16.50_7.87_0.6155_0.3774_-0.4587_-0.5179end0.09_5.25_-2.07_-142.01_10.63_30.77_38.75_-16.12_8.31_0.6155_0.3774_-0.4587_-0.5179end0.09_5.25_-2.07_-144.47_5.04_32.56_39.44_-17.19_7.37_0.6042_0.3962_-0.4682_-0.5087end0.09_5.25_-2.07_-146.71_-3.69_36.26_39.44_-17.19_7.37_0.6042_0.3962_-0.4682_-0.5087end0.09_5.25_-2.07_-147.49_-5.71_37.94_39.44_-17.19_7.37_0.5938_0.4100_-0.4762_-0.5025end0.68_2.57_-0.04_-147.49_-5.71_37.94_38.75_-17.19_6.50_0.5902_0.4146_-0.4788_-0.5005end0.73_2.37_0.19_-147.49_-5.71_37.94_38.75_-17.19_6.50_0.5902_0.4146_-0.4788_-0.5005end0.73_2.37_0.19_-147.49_-5.71_37.94_38.69_-18.25_6.00_0.5792_0.4289_-0.4863_-0.4941end0.76_2.23_0.33_-147.49_-5.71_37.94_38.69_-17.87_5.06_0.5755_0.4338_-0.4886_-0.4919end0.76_2.27_0.36_-147.49_-5.71_37.94_38.69_-17.87_5.06_0.5717_0.4388_-0.4909_-0.4896end,24.1390126,120.7484652,114.80000305175781
3056,,24.1390126,120.7484652,114.80000305175781
3057,,24.1390126,120.7484652,114.80000305175781
3058,,24.1390126,120.7484652,114.80000305175781
3059,,24.1390126,120.7484652,114.80000305175781
3060,,24.1390126,120.7484652,114.80000305175781
3061,,24.1390126,120.7484652,114.80000305175781
3062,0.84_2.31_0.23_-147.49_-5.71_37.94_37.63_-18.25_5.06_0.5717_0.4388_-0.4909_-0.4896end0.84_2.31_0.23_-152.42_-2.80_48.34_37.63_-18.25_5.06_0.5640_0.4484_-0.4954_-0.4852end0.84_2.31_0.23_-152.42_-2.80_48.34_37.63_-18.25_5.06_0.5640_0.4484_-0.4954_-0.4852end0.84_2.31_0.23_-152.42_-6.60_48.90_38.69_-18.94_5.06_0.5516_0.4625_-0.5024_-0.4789end1.14_2.72_-0.18_-151.63_-17.35_49.91_38.69_-18.94_5.06_0.5516_0.4625_-0.5024_-0.4789end1.14_2.72_-0.18_-151.18_-19.81_50.13_38.69_-18.94_5.06_0.5427_0.4716_-0.5073_-0.4751end1.27_2.75_-0.19_-151.18_-19.81_50.13_38.69_-18.94_5.06_0.5336_0.4801_-0.5123_-0.4715end1.51_2.85_-0.44_-151.18_-19.81_50.13_38.69_-18.94_5.06_0.52,24.1390126,120.7484652,114.80000305175781
3063,91_0.4843_-0.5148_-0.4697end1.55_2.85_-0.70_-151.18_-19.81_50.13_38.69_-18.94_5.06_0.5291_0.4843_-0.5148_-0.4697end1.21_2.84_-1.26_-151.18_-19.81_50.13_38.69_-18.94_5.06_0.5291_0.4843_-0.5148_-0.4697end,24.1390126,120.7484652,114.80000305175781
3064,,24.1390126,120.7484652,114.80000305175781
3065,,24.1390126,120.7484652,114.80000305175781
3066,,24.1390126,120.7484652,114.80000305175781
3067,,24.1390126,120.7484652,114.80000305175781
3068,,24.1390126,120.7484652,114.80000305175781
3069,,24.1390126,120.7484652,114.80000305175781
3070,0.68_2.92_-0.12_-151.18_-19.81_50.13_37.94_-20.69_1.44_0.5114_0.5014_-0.5234_-0.4615end0.95_3.03_0.09_-151.18_-19.81_50.13_37.94_-21.00_0.56_0.5074_0.5057_-0.5252_-0.4592end0.95_3.03_0.09_-145.93_1.45_44.43_37.94_-21.00_0.56_0.5035_0.5101_-0.5270_-0.4567end1.38_3.95_0.39_-145.93_1.45_44.43_37.94_-21.00_0.56_0.4992_0.5145_-0.5289_-0.4542end1.38_3.95_0.39_-144.47_-15.11_46.78_37.94_-21.00_0.56_0.4905_0.5225_-0.5330_-0.4500end1.07_4.12_-0.66_-144.47_-15.11_46.78_37.50_-22.44_-1.75_0.4905_0.5225_-0.5330_-0.4500end1.07_4.12_-0.66_-138.54_-11.97_44.09_37.50_-22.44_-1.75_0.4860_0.5264_-0.5350_-0.4478end1.07_4.12_-0.66_-138.54_-11.97_44.09_37.50_-22.44_-1.75_0.4815_0.5302_-0.5370_-0.4458end1.48_6.18_-1.27_-138.54_-11.97_44.09_37.50_-22.44_-1.75_0.4815_0.5302_-0.5370_-0.4458end1.48_6.18_-1.27_-132.61_-22.38_38.27_37.50_-22.44_-1.75_0.4645_0.5444_-0.5446_-0.4374end,24.1390126,120.7484652,114.80000305175781
3071,,24.1390126,120.7484652,114.80000305175781
3072,,24.1390126,120.7484652,114.80000305175781
3073,,24.1390126,120.7484652,114.80000305175781
3074,,24.1390126,120.7484652,114.80000305175781
3075,,24.1390126,120.7484652,114.80000305175781
3076,,24.1390126,120.7484652,114.80000305175781
3077,1.34_6.67_-1.99_-132.61_-22.38_38.27_37.50_-22.44_-1.75_0.4601_0.5475_-0.5466_-0.4355end0.99_6.83_-2.16_-127.68_-23.61_35.81_37.50_-22.44_-1.75_0.4601_0.5475_-0.5466_-0.4355end0.99_6.83_-2.16_-125.11_-15.55_33.46_36.13_-23.50_-3.56_0.4601_0.5475_-0.5466_-0.4355end0.62_7.09_-2.11_-125.11_-15.55_33.46_36.13_-23.50_-3.56_0.4444_0.5601_-0.5536_-0.4270end0.62_7.09_-2.11_-116.16_14.77_25.18_36.44_-23.87_-4.06_0.4413_0.5634_-0.5549_-0.4243end0.21_6.64_-1.57_-112.58_18.24_23.84_36.44_-23.87_-4.06_0.4413_0.5634_-0.5549_-0.4243end0.21_6.64_-1.57_-112.58_18.24_23.84_37.13_-23.19_-4.50_0.4384_0.5667_-0.5560_-0.4214end0.21_6.64_-1.57_-102.51_13.88_18.69_37.13_-23.1,24.1390126,120.7484652,114.80000305175781
3078,9_-4.50_0.4305_0.5754_-0.5592_-0.4134end-1.78_6.08_-0.54_-102.51_13.88_18.69_36.06_-23.87_-5.00_0.4305_0.5754_-0.5592_-0.4134end-1.78_6.08_-0.54_-92.77_-1.68_15.89_36.06_-23.87_-5.00_0.4305_0.5754_-0.5592_-0.4134end,24.1390126,120.7484652,114.80000305175781
3079,,24.1390126,120.7484652,114.80000305175781
3080,,24.1390126,120.7484652,114.80000305175781
3081,,24.1390126,120.7484652,114.80000305175781
3082,,24.1390126,120.7484652,114.80000305175781
3083,,24.1390126,120.7484652,114.80000305175781
3084,,24.1390126,120.7484652,114.80000305175781
3085,-1.93_6.21_-0.23_-92.77_-1.68_15.89_36.06_-23.87_-5.00_0.4254_0.5802_-0.5615_-0.4089end-1.93_6.21_-0.23_-78.11_-30.21_14.44_36.06_-23.87_-5.00_0.4197_0.5839_-0.5642_-0.4056end-1.93_6.21_-0.23_-78.11_-30.21_14.44_35.38_-22.87_-5.37_0.4138_0.5867_-0.5672_-0.4036end-1.84_5.95_-0.27_-78.11_-30.21_14.44_35.38_-22.87_-5.37_0.4109_0.5877_-0.5687_-0.4030end-1.84_5.95_-0.27_-62.33_-30.44_11.86_36.06_-23.56_-5.44_0.4083_0.5887_-0.5700_-0.4023end-1.73_6.40_-0.55_-62.33_-30.44_11.86_36.06_-23.56_-5.44_0.4059_0.5896_-0.5712_-0.4017end-1.66_6.62_-0.81_-46.55_-20.81_8.73_36.06_-23.56_-5.44_0.4059_0.5896_-0.5712_-0.4017end-1.77_6.91_-0.95_-46.55_-20.81_8.73_36.06_-23.,24.1390126,120.7484652,114.80000305175781
3086,56_-5.44_0.4000_0.5920_-0.5740_-0.4001end-2.35_7.09_-1.57_-46.55_-20.81_8.73_36.06_-23.56_-5.44_0.3984_0.5927_-0.5748_-0.3996end-2.50_7.21_-1.59_-25.85_-9.74_5.82_36.06_-23.56_-5.44_0.3984_0.5927_-0.5748_-0.3996end,24.1390126,120.7484652,114.80000305175781
3087,,24.1390126,120.7484652,114.80000305175781
3088,,24.1390126,120.7484652,114.80000305175781
3089,,24.1390126,120.7484652,114.80000305175781
3090,,24.1390126,120.7484652,114.80000305175781
3091,,24.1390126,120.7484652,114.80000305175781
3092,-2.50_7.47_-1.73_-20.70_-11.97_5.48_36.06_-23.56_-5.44_0.3950_0.5942_-0.5763_-0.3984end-2.54_7.74_-1.80_-20.70_-11.97_5.48_36.06_-23.56_-5.44_0.3941_0.5945_-0.5767_-0.3984end-2.42_8.67_-2.19_-20.70_-11.97_5.48_36.06_-23.56_-5.44_0.3941_0.5945_-0.5767_-0.3984end-2.31_9.00_-2.33_-5.82_-26.97_4.81_36.06_-23.56_-5.44_0.3941_0.5945_-0.5767_-0.3984end-2.13_15.48_-2.65_-5.82_-26.97_4.81_36.44_-23.56_-7.62_0.3906_0.5938_-0.5782_-0.4006end-10.95_60.05_-33.79_-5.82_-26.97_4.81_36.44_-23.56_-7.62_0.3892_0.5909_-0.5796_-0.4044end-12.38_2.09_-45.88_-5.82_-26.97_4.81_36.44_-23.56_-7.62_0.3892_0.5909_-0.5796_-0.4044end-1.52_4.10_44.73_-5.82_-26.97_4.81_36.44_-23.56_-,24.1390126,120.7484652,114.80000305175781
3093,7.62_0.3772_0.5881_-0.5831_-0.4145end9.25_8.93_-23.07_-5.82_-26.97_4.81_35.31_-23.94_-7.69_0.3816_0.5881_-0.5807_-0.4139end-5.25_4.21_-6.70_-5.82_-26.97_4.81_35.31_-23.94_-7.69_0.3890_0.5898_-0.5773_-0.4094end,24.1390126,120.7484652,114.80000305175781
3094,,24.1390126,120.7484652,114.80000305175781
3095,,24.1390126,120.7484652,114.80000305175781
3096,,24.1390126,120.7484652,114.80000305175781
3097,,24.1390126,120.7484652,114.80000305175781
3098,,24.1390126,120.7484652,114.80000305175781
3099,,24.1390126,120.7484652,114.80000305175781
3100,,24.1390126,120.7484652,114.80000305175781
3101,,24.1390126,120.7484652,114.80000305175781
3102,,24.1390126,120.7484652,114.80000305175781
3103,,24.1390126,120.7484652,114.80000305175781
3104,,24.1390126,120.7484652,114.80000305175781
3105,4.54_16.29_15.77_-5.82_-26.97_4.81_35.31_-23.94_-7.69_0.3969_0.5905_-0.5740_-0.4053end4.54_16.29_15.77_-5.82_-26.97_4.81_35.31_-23.94_-7.69_0.4012_0.5894_-0.5727_-0.4047end14.42_9.52_11.54_-5.82_-26.97_4.81_35.31_-23.94_-7.69_0.3990_0.5820_-0.5755_-0.4133end6.96_10.19_17.79_-5.82_-26.97_4.81_35.31_-23.94_-7.69_0.3937_0.5776_-0.5787_-0.4202end-1.65_9.80_3.07_-5.82_-26.97_4.81_35.31_-23.94_-7.69_0.3937_0.5776_-0.5787_-0.4202end2.21_6.16_0.61_12.42_-115.71_12.09_35.31_-23.94_-7.69_0.3821_0.5697_-0.5846_-0.4333end-5.85_8.15_-2.52_12.42_-115.71_12.09_35.31_-23.94_-7.69_0.3826_0.5693_-0.5841_-0.4339end-4.73_7.55_-7.02_12.42_-115.71_12.09_35.31_-23.25_-9.00_0.3826_0.5693_-0.5841_-0.4339end-4.73_7.55_-7.02_46.33_105.19_-21.82_34.63_-22.56_-9.00_0.3886_0.5703_-0.5809_-0.4315end-4.73_7.55_-7.02_54.72_101.95_-25.29_34.63_-22.56_-9.00_0.3886_0.5703_-0.5809_-0.4315end,24.1390126,120.7484652,114.80000305175781
3106,,24.1390126,120.7484652,114.80000305175781
3107,-0.95_8.63_-1.70_54.72_101.95_-25.29_35.00_-22.56_-7.25_0.3929_0.5709_-0.5788_-0.4297end-0.95_8.63_-1.70_64.68_46.22_-22.38_35.00_-22.56_-7.25_0.3929_0.5709_-0.5788_-0.4297end-0.95_8.63_-1.70_64.68_46.22_-22.38_35.69_-23.25_-7.25_0.4047_0.5677_-0.5734_-0.4304end-0.95_8.63_-1.70_53.83_-30.33_-9.96_36.06_-23.56_-7.62_0.4047_0.5677_-0.5734_-0.4304end-0.71_9.45_5.39_53.83_-30.33_-9.96_36.06_-23.56_-7.62_0.4064_0.5634_-0.5728_-0.4352end-2.96_9.25_3.08_53.83_-30.33_-9.96_36.06_-23.94_-6.75_0.4067_0.5625_-0.5726_-0.4362end-1.92_8.72_-0.88_53.83_-30.33_-9.96_36.44_-23.94_-7.25_0.4072_0.5619_-0.5724_-0.4368end-1.26_8.53_-2.59_21.82_13.88_-7.16_36.44_-23.94_-7.2,24.1390126,120.7484652,114.80000305175781
3108,5_0.4092_0.5613_-0.5714_-0.4371end-1.48_8.76_-2.00_21.82_13.88_-7.16_36.06_-23.94_-7.25_0.4103_0.5609_-0.5707_-0.4374end-1.25_8.71_-1.91_38.94_-4.59_-5.71_36.06_-23.94_-7.25_0.4114_0.5601_-0.5701_-0.4382end,24.1390126,120.7484652,114.80000305175781
3109,,24.1390126,120.7484652,114.80000305175781
3110,,24.1390126,120.7484652,114.80000305175781
3111,,24.1390126,120.7484652,114.80000305175781
3112,,24.1390126,120.7484652,114.80000305175781
3113,,24.1390126,120.7484652,114.80000305175781
3114,,24.1390126,120.7484652,114.80000305175781
3115,-1.76_9.04_-0.23_38.94_-4.59_-5.71_36.06_-23.94_-7.25_0.4114_0.5601_-0.5701_-0.4382end-1.69_9.20_1.66_46.22_-17.23_-6.27_36.06_-23.94_-7.25_0.4114_0.5601_-0.5701_-0.4382end-1.69_9.20_1.66_46.22_-17.23_-6.27_35.38_-23.56_-6.37_0.4139_0.5567_-0.5687_-0.4420end-0.35_9.58_6.46_46.22_-17.23_-6.27_35.38_-23.56_-6.37_0.4139_0.5567_-0.5687_-0.4420end0.26_9.39_4.99_33.35_-23.84_-6.83_35.38_-23.56_-6.37_0.4139_0.5567_-0.5687_-0.4420end0.26_9.39_4.99_29.88_-25.29_-5.71_35.38_-23.56_-6.37_0.4139_0.5567_-0.5687_-0.4420end0.18_9.14_3.75_29.88_-25.29_-5.71_35.38_-23.56_-6.37_0.4164_0.5496_-0.5677_-0.4497end0.02_9.10_2.23_29.88_-25.29_-5.71_35.38_-23.56_-6.37_0.4166_0,24.1390126,120.7484652,114.80000305175781
3116,,24.1390126,120.7484652,114.80000305175781
3117,,24.1390126,120.7484652,114.80000305175781
3118,,24.1390126,120.7484652,114.80000305175781
3119,,24.1390126,120.7484652,114.80000305175781
3120,,24.1390126,120.7484652,114.80000305175781
3121,.5487_-0.5676_-0.4508end-0.75_9.04_1.11_29.88_-25.29_-5.71_35.38_-23.56_-6.37_0.4166_0.5487_-0.5676_-0.4508end-1.01_9.05_0.68_29.88_-25.29_-5.71_36.44_-23.94_-7.69_0.4180_0.5460_-0.5665_-0.4541end,24.1390126,120.7484652,114.80000305175781
3122,,24.1390126,120.7484652,114.80000305175781
3123,,24.1390126,120.7484652,114.80000305175781
3124,,24.1390126,120.7484652,114.80000305175781
3125,,24.1390126,120.7484652,114.80000305175781
3126,,24.1390126,120.7484652,114.80000305175781
3127,,24.1390126,120.7484652,114.80000305175781
3128,-1.26_9.18_1.53_29.88_-25.29_-5.71_36.44_-23.94_-7.69_0.4187_0.5450_-0.5660_-0.4552end-0.88_9.29_2.12_29.88_-25.29_-5.71_36.06_-24.25_-6.75_0.4187_0.5450_-0.5660_-0.4552end-0.76_9.37_2.56_29.88_-25.29_-5.71_35.38_-24.25_-5.37_0.4187_0.5450_-0.5660_-0.4552end-0.76_9.37_2.56_29.88_-25.29_-5.71_35.38_-24.25_-5.37_0.4203_0.5403_-0.5651_-0.4604end-0.30_9.33_2.74_29.88_-25.29_-5.71_35.38_-24.25_-5.37_0.4201_0.5388_-0.5652_-0.4623end-0.48_9.27_2.09_29.88_-25.29_-5.71_35.38_-24.25_-5.37_0.4201_0.5388_-0.5652_-0.4623end-0.72_9.24_1.70_32.12_-58.64_0.22_35.38_-24.25_-5.37_0.4184_0.5339_-0.5662_-0.4684end-0.91_9.23_1.36_32.12_-58.64_0.22_35.69_-23.56_-7.25_0.4177_0.5322_-0.5665_-0.4705end-0.93_9.25_1.14_32.12_-58.64_0.22_36.06_-23.56_-7.25_0.4170_0.5305_-0.5669_-0.4726end-0.69_9.26_1.11_33.01_-59.20_-1.34_36.06_-23.56_-7.25_0.4170_0.5305_-0.5669_-0.4726end,24.1390126,120.7484652,114.80000305175781
3129,,24.1390126,120.7484652,114.80000305175781
3130,,24.1390126,120.7484652,114.80000305175781
3131,,24.1390126,120.7484652,114.80000305175781
3132,,24.1390126,120.7484652,114.80000305175781
3133,,24.1390126,120.7484652,114.80000305175781
3134,,24.1390126,120.7484652,114.80000305175781
3135,,24.1390126,120.7484652,114.80000305175781
3136,-0.50_9.27_1.40_33.01_-59.20_-1.34_36.06_-23.56_-7.25_0.4170_0.5305_-0.5669_-0.4726end-0.38_9.29_1.43_33.01_-59.20_-1.34_36.06_-23.56_-7.25_0.4141_0.5228_-0.5687_-0.4814end-0.19_9.32_1.62_33.01_-59.20_-1.34_36.06_-23.56_-7.25_0.4130_0.5206_-0.5693_-0.4839end-0.13_9.34_1.85_33.01_-59.20_-1.34_35.00_-23.94_-6.75_0.4130_0.5206_-0.5693_-0.4839end-0.13_9.34_1.85_33.91_-88.97_-0.34_35.00_-23.94_-6.75_0.4130_0.5206_-0.5693_-0.4839end-0.13_9.34_1.85_33.12_-97.36_-0.22_35.00_-23.94_-6.75_0.4090_0.5134_-0.5718_-0.4922end-0.13_9.34_1.85_33.12_-97.36_-0.22_34.63_-23.94_-8.13_0.4074_0.5107_-0.5728_-0.4951end-0.13_9.34_1.85_32.45_-99.15_-0.78_34.63_-23.94_-8.13_0.40,24.1390126,120.7484652,114.80000305175781
3137,57_0.5081_-0.5737_-0.4980end-0.13_9.34_1.85_32.23_-102.95_-1.45_35.31_-24.31_-9.06_0.4021_0.5024_-0.5760_-0.5042end0.43_9.30_1.76_32.01_-105.53_-0.78_33.88_-24.00_-9.06_0.4021_0.5024_-0.5760_-0.5042end,24.1390126,120.7484652,114.80000305175781
3138,,24.1390126,120.7484652,114.80000305175781
3139,,24.1390126,120.7484652,114.80000305175781
3140,,24.1390126,120.7484652,114.80000305175781
3141,0.50_9.32_1.55_32.23_-109.56_-1.12_33.88_-24.00_-9.06_0.3962_0.4937_-0.5794_-0.5134end0.56_9.34_1.47_32.23_-109.56_-1.12_33.88_-24.00_-9.06_0.3940_0.4906_-0.5807_-0.5166end0.48_9.37_1.06_32.23_-109.56_-1.12_33.88_-24.00_-9.06_0.3940_0.4906_-0.5807_-0.5166end0.62_9.29_0.78_32.23_-109.56_-1.12_34.56_-24.37_-11.75_0.3893_0.4841_-0.5834_-0.5232end0.62_9.29_0.78_31.78_-120.19_-3.13_34.56_-24.37_-11.75_0.3893_0.4841_-0.5834_-0.5232end0.92_9.33_0.21_31.78_-120.19_-3.13_34.56_-24.37_-11.75_0.3826_0.4743_-0.5873_-0.5326end1.09_9.31_0.14_31.78_-120.19_-3.13_34.56_-24.37_-11.75_0.3804_0.4709_-0.5887_-0.5357end1.32_9.36_0.07_31.78_-120.19_-3.13_34.56_-24.37_-11.75_0.3784_0.4677_-0.5899_-0.5386end1.38_9.30_0.02_30.55_-107.54_-6.94_34.56_-24.37_-11.75_0.3784_0.4677_-0.5899_-0.5386end1.50_9.33_0.04_30.55_-107.54_-6.94_32.38_-24.75_-13.13_0.3726_0.4584_-0.5933_-0.5469end,24.1390126,120.7484652,114.80000305175781
3142,,24.1390126,120.7484652,114.80000305175781
3143,,24.1390126,120.7484652,114.80000305175781
3144,,24.1390126,120.7484652,114.80000305175781
3145,,24.1390126,120.7484652,114.80000305175781
3146,,24.1390126,120.7484652,114.80000305175781
3147,,24.1390126,120.7484652,114.80000305175781
3148,,24.1390126,120.7484652,114.80000305175781
3149,,24.1390126,120.7484652,114.80000305175781
3150,1.45_9.34_0.08_30.55_-107.54_-6.94_32.38_-24.75_-13.13_0.3710_0.4556_-0.5942_-0.5493end1.43_9.37_0.00_30.55_-107.54_-6.94_33.44_-25.06_-13.13_0.3710_0.4556_-0.5942_-0.5493end1.51_9.38_0.19_28.87_-75.31_-9.96_33.44_-25.06_-13.13_0.3684_0.4503_-0.5957_-0.5538end1.51_9.38_0.19_28.87_-75.31_-9.96_33.44_-25.06_-13.13_0.3684_0.4503_-0.5957_-0.5538end1.51_9.38_0.19_27.75_-53.60_-12.65_33.44_-25.06_-13.13_0.3666_0.4456_-0.5969_-0.5574end1.51_9.38_0.19_27.75_-53.60_-12.65_33.44_-25.06_-13.13_0.3660_0.4435_-0.5973_-0.5591end1.51_9.38_0.19_28.31_-43.31_-13.54_33.44_-25.06_-13.13_0.3655_0.4415_-0.5977_-0.5605end1.51_9.38_0.19_28.20_-38.05_-13.54_33.44_-25.06_-13.1,24.1390126,120.7484652,114.80000305175781
3151,3_0.3651_0.4362_-0.5983_-0.5644end1.32_9.41_-0.04_28.20_-38.05_-13.54_33.44_-25.06_-13.13_0.3651_0.4362_-0.5983_-0.5644end1.23_9.41_0.04_28.09_-21.04_-15.11_33.44_-25.06_-13.13_0.3651_0.4362_-0.5983_-0.5644end,24.1390126,120.7484652,114.80000305175781
3152,,24.1390126,120.7484652,114.80000305175781
3153,,24.1390126,120.7484652,114.80000305175781
3154,,24.1390126,120.7484652,114.80000305175781
3155,1.20_9.40_0.13_28.09_-21.04_-15.11_33.44_-25.06_-13.13_0.3666_0.4309_-0.5979_-0.5678end1.14_9.44_0.16_28.09_-21.04_-15.11_33.44_-25.06_-13.13_0.3674_0.4298_-0.5977_-0.5684end1.13_9.44_0.36_28.09_-21.04_-15.11_33.44_-25.06_-13.13_0.3682_0.4288_-0.5974_-0.5690end1.12_9.41_0.36_27.86_-2.57_-17.79_33.44_-25.06_-13.13_0.3682_0.4288_-,24.1390126,120.7484652,114.80000305175781
3156,0.5974_-0.5690end1.04_9.43_0.45_27.86_-2.57_-17.79_33.44_-25.06_-13.13_0.3710_0.4261_-0.5964_-0.5703end1.02_9.43_0.50_27.86_-2.57_-17.79_33.06_-23.75_-14.50_0.3720_0.4252_-0.5959_-0.5707end0.87_9.43_0.61_27.86_-2.57_-17.79_33.06_-23.75_-14.50_0.3720_0.4252_-0.5959_-0.5707end0.80_9.43_0.62_28.09_4.14_-18.69_33.06_-23.75_-14.50_0.3720_0.4252_-0.5959_-0.5707end0.80_9.43_0.62_28.09_4.14_-18.69_33.06_-23.75_-14.50_0.3765_0.4220_-0.5942_-0.5719end0.74_9.45_0.85_28.09_4.14_-18.69_33.06_-23.75_-14.50_0.3765_0.4220_-0.5942_-0.5719end,24.1390126,120.7484652,114.80000305175781
3157,,24.1390126,120.7484652,114.80000305175781
3158,,24.1390126,120.7484652,114.80000305175781
3159,,24.1390126,120.7484652,114.80000305175781
3160,,24.1390126,120.7484652,114.80000305175781
3161,,24.1390126,120.7484652,114.80000305175781
3162,0.73_9.45_0.88_28.31_13.65_-19.81_32.75_-24.75_-12.25_0.3765_0.4220_-0.5942_-0.5719end0.68_9.40_0.94_28.65_15.67_-19.70_32.75_-24.75_-12.25_0.3821_0.4196_-0.5918_-0.5724end0.62_9.46_0.95_28.65_15.67_-19.70_32.75_-24.75_-12.25_0.3821_0.4196_-0.5918_-0.5724end0.48_9.44_1.07_29.54_20.93_-20.03_32.75_-24.75_-12.25_0.3821_0.4196_-0.5,24.1390126,120.7484652,114.80000305175781
3163,918_-0.5724end0.43_9.40_1.11_29.66_22.49_-20.14_32.75_-24.75_-12.25_0.3821_0.4196_-0.5918_-0.5724end0.43_9.40_1.11_30.33_23.28_-20.14_32.75_-24.75_-12.25_0.3902_0.4172_-0.5881_-0.5726end0.35_9.43_1.15_30.33_23.28_-20.14_34.19_-24.37_-11.31_0.3918_0.4169_-0.5873_-0.5725end0.27_9.39_1.23_30.33_23.28_-20.14_34.19_-24.37_-11.31_0.3918_0.4169_-0.5873_-0.5725end0.21_9.43_1.32_30.33_23.28_-20.14_34.19_-24.37_-11.31_0.3918_0.4169_-0.5873_-0.5725end0.21_9.43_1.32_30.33_23.28_-20.14_34.19_-23.69_-12.19_0.3970_0.4155_-0.5848_-0.5725end,24.1390126,120.7484652,114.80000305175781
3164,,24.1390126,120.7484652,114.80000305175781
3165,,24.1390126,120.7484652,114.80000305175781
3166,,24.1390126,120.7484652,114.80000305175781
3167,0.16_9.41_1.20_30.33_23.28_-20.14_34.19_-23.69_-12.19_0.4003_0.4145_-0.5831_-0.5726end0.13_9.38_1.12_30.33_23.28_-20.14_34.56_-24.06_-13.13_0.4020_0.4139_-0.5823_-0.5727end0.12_9.35_1.07_33.01_20.70_-20.48_34.56_-24.06_-13.13_0.4020_0.4139_-0.5823_-0.5727end0.13_9.38_0.98_33.01_20.70_-20.48_34.56_-24.37_-12.69_0.4070_0.4123_-0.5798_-0.5729end0.05_9.31_0.89_33.80_24.06_-20.59_34.56_-24.37_-12.69_0.4087_0.4118_-0.5789_-0.5729end0.03_9.34_0.81_33.80_24.06_-20.59_34.56_-24.37_-12.69_0.4105_0.4113_-0.5779_-0.5729end-0.10_9.34_0.80_33.80_24.06_-20.59_34.56_-24.37_-12.69_0.4122_0.4109_-0.5770_-0.5730end-0.16_9.30_0.88_35.36_30.21_-20.25_34.56_-24.37_-12.69_0.,24.1390126,120.7484652,114.80000305175781
3168,4122_0.4109_-0.5770_-0.5730end-0.16_9.30_0.88_36.03_32.01_-20.14_34.56_-24.37_-12.69_0.4122_0.4109_-0.5770_-0.5730end-0.16_9.30_0.88_36.59_33.46_-20.03_34.94_-24.31_-10.44_0.4122_0.4109_-0.5770_-0.5730end,24.1390126,120.7484652,114.80000305175781
3169,,24.1390126,120.7484652,114.80000305175781
3170,,24.1390126,120.7484652,114.80000305175781
3171,,24.1390126,120.7484652,114.80000305175781
3172,,24.1390126,120.7484652,114.80000305175781
3173,,24.1390126,120.7484652,114.80000305175781
3174,,24.1390126,120.7484652,114.80000305175781
3175,-0.16_9.30_0.88_36.59_33.80_-19.58_34.94_-24.31_-10.44_0.4203_0.4096_-0.5724_-0.5727end-0.16_9.30_0.88_37.04_33.01_-19.81_34.94_-24.31_-10.44_0.4242_0.4089_-0.5701_-0.5726end-0.16_9.30_0.88_37.38_28.76_-19.25_34.94_-24.31_-10.44_0.4260_0.4086_-0.5689_-0.5726end-0.16_9.30_0.88_37.38_28.76_-19.25_34.94_-24.31_-10.44_0.4260_0.4086_-0.5689_-0.5726end-0.16_9.30_0.88_38.16_18.13_-18.35_34.94_-24.31_-10.44_0.4260_0.4086_-0.5689_-0.5726end-0.84_9.28_1.06_38.16_18.13_-18.35_34.94_-24.31_-10.44_0.4260_0.4086_-0.5689_-0.5726end-0.93_9.29_0.94_38.16_18.13_-18.35_34.94_-24.31_-10.44_0.4260_0.4086_-0.5689_-0.5726end-0.93_9.29_0.94_38.16_18.13_-18.35_34.94_-24.31_-10.44_0.4371_0.4034_-0.5621_-0.5746end-0.99_9.18_0.80_38.16_18.13_-18.35_34.94_-24.31_-10.44_0.4371_0.4034_-0.5621_-0.5746end-0.93_9.20_0.79_38.16_18.13_-18.35_34.94_-24.31_-10.44_0.4394_0.4010_-0.5607_-0.5759end,24.1390126,120.7484652,114.80000305175781
3176,,24.1390126,120.7484652,114.80000305175781
3177,,24.1390126,120.7484652,114.80000305175781
3178,,24.1390126,120.7484652,114.80000305175781
3179,,24.1390126,120.7484652,114.80000305175781
3180,,24.1390126,120.7484652,114.80000305175781
3181,,24.1390126,120.7484652,114.80000305175781
3182,,24.1390126,120.7484652,114.80000305175781
3183,,24.1390126,120.7484652,114.80000305175781
3184,-0.87_9.20_0.82_41.74_-11.08_-17.01_34.94_-24.31_-10.44_0.4394_0.4010_-0.5607_-0.5759end-0.87_9.20_0.82_41.74_-11.08_-17.01_34.94_-24.31_-10.44_0.4420_0.3964_-0.5592_-0.5787end-0.73_9.17_0.86_42.75_-25.40_-16.34_34.94_-24.31_-10.44_0.4426_0.3947_-0.5588_-0.5797end-0.41_9.10_1.03_42.75_-25.40_-16.34_34.94_-24.31_-10.44_0.4426_0.3,24.1390126,120.7484652,114.80000305175781
3185,,24.1390126,120.7484652,114.80000305175781
3186,947_-0.5588_-0.5797end-0.14_9.09_1.11_43.87_-32.45_-16.67_34.94_-24.31_-10.44_0.4426_0.3947_-0.5588_-0.5797end-0.14_9.09_1.11_43.87_-32.45_-16.67_36.06_-24.63_-6.75_0.4439_0.3887_-0.5581_-0.5834end0.13_9.00_1.07_43.87_-32.45_-16.67_36.06_-24.63_-6.75_0.4446_0.3843_-0.5578_-0.5861end0.13_9.00_1.07_45.66_-39.73_-17.35_36.06_-24.63,24.1390126,120.7484652,114.80000305175781
3187,,24.1390126,120.7484652,114.80000305175781
3188,_-6.75_0.4449_0.3821_-0.5576_-0.5875end0.45_8.95_0.89_45.66_-39.73_-17.35_36.06_-23.62_-8.13_0.4451_0.3798_-0.5576_-0.5889end0.53_8.92_0.80_46.22_-40.40_-18.46_36.06_-23.62_-8.13_0.4451_0.3798_-0.5576_-0.5889end,24.1390126,120.7484652,114.80000305175781
3189,,24.1390126,120.7484652,114.80000305175781
3190,0.62_8.88_0.68_46.22_-40.40_-18.46_36.06_-23.62_-8.13_0.4460_0.3727_-0.5571_-0.5931end0.62_8.88_0.68_46.22_-40.40_-18.46_36.06_-23.94_-7.25_0.4465_0.3704_-0.5569_-0.5944end0.85_8.79_0.03_46.22_-40.40_-18.46_36.06_-23.94_-7.25_0.4465_0.3704_-0.5569_-0.5944end0.91_8.80_-0.08_48.23_-27.31_-21.15_36.06_-23.94_-7.25_0.4465_0.3704_-0.5569_-0.5944end0.96_8.74_-0.19_48.23_-27.31_-21.15_36.06_-23.94_-7.25_0.4493_0.3619_-0.5553_-0.5989end1.03_8.71_-0.20_49.69_-9.29_-23.50_36.06_-23.94_-7.25_0.4504_0.3601_-0.5546_-0.5999end0.99_8.65_-0.48_49.69_-9.29_-23.50_36.06_-23.94_-7.25_0.4504_0.3601_-0.5546_-0.5999end0.97_8.62_-0.66_49.69_5.26_-24.95_36.06_-23.94_-7.25_0.4,24.1390126,120.7484652,114.80000305175781
3191,504_0.3601_-0.5546_-0.5999end0.97_8.62_-0.66_50.92_19.47_-26.30_36.06_-23.94_-7.25_0.4549_0.3557_-0.5517_-0.6018end0.97_8.62_-0.66_50.92_19.47_-26.30_36.06_-23.94_-7.25_0.4588_0.3535_-0.5491_-0.6025end,24.1390126,120.7484652,114.80000305175781
3192,,24.1390126,120.7484652,114.80000305175781
3193,,24.1390126,120.7484652,114.80000305175781
3194,,24.1390126,120.7484652,114.80000305175781
3195,,24.1390126,120.7484652,114.80000305175781
3196,,24.1390126,120.7484652,114.80000305175781
3197,0.81_8.53_-1.29_50.92_19.47_-26.30_36.44_-23.19_-5.87_0.4588_0.3535_-0.5491_-0.6025end0.74_8.48_-1.63_50.92_19.47_-26.30_36.44_-23.19_-5.87_0.4588_0.3535_-0.5491_-0.6025end0.74_8.48_-1.63_50.92_19.47_-26.30_36.44_-23.19_-5.87_0.4686_0.3508_-0.5422_-0.6027end0.66_8.48_-1.84_50.92_19.47_-26.30_36.81_-23.25_-6.31_0.4714_0.3505_-0.5403_-0.6025end0.57_8.45_-2.04_50.92_19.47_-26.30_36.81_-23.25_-6.31_0.4714_0.3505_-0.5403_-0.6025end0.57_8.45_-2.04_51.92_55.17_-29.32_37.13_-22.87_-5.44_0.4772_0.3499_-0.5361_-0.6020end0.57_8.45_-2.04_52.48_62.22_-29.77_37.13_-22.87_-5.44_0.4772_0.3499_-0.5361_-0.6020end0.57_8.45_-2.04_52.48_62.22_-29.77_37.13_-22.87_-5.44_0.4832_0.3496_-0.5317_-0.6013end0.57_8.45_-2.04_53.49_73.30_-29.99_37.13_-22.87_-5.44_0.4897_0.3497_-0.5269_-0.6003end0.45_8.29_-2.47_53.49_73.30_-29.99_37.13_-22.87_-5.44_0.4897_0.3497_-0.5269_-0.6003end,24.1390126,120.7484652,114.80000305175781
3198,,24.1390126,120.7484652,114.80000305175781
3199,,24.1390126,120.7484652,114.80000305175781
3200,,24.1390126,120.7484652,114.80000305175781
3201,,24.1390126,120.7484652,114.80000305175781
3202,,24.1390126,120.7484652,114.80000305175781
3203,,24.1390126,120.7484652,114.80000305175781
3204,0.39_8.21_-2.66_53.49_73.30_-29.99_37.13_-22.87_-5.44_0.4965_0.3500_-0.5217_-0.5990end0.37_8.15_-2.80_53.38_87.73_-30.89_37.13_-22.87_-5.44_0.4965_0.3500_-0.5217_-0.5990end0.30_8.12_-2.92_53.16_93.22_-30.77_37.13_-22.87_-5.44_0.4965_0.3500_-0.5217_-0.5990end0.30_8.12_-2.92_52.82_105.19_-30.77_38.25_-22.06_-0.37_0.5076_0.3517_-0.5129_-0.5963end0.30_8.12_-2.92_52.82_105.19_-30.77_38.25_-22.06_-0.37_0.5156_0.3536_-0.5063_-0.5939end-0.18_8.32_-4.44_52.82_105.19_-30.77_38.25_-22.06_-0.37_0.5197_0.3547_-0.5029_-0.5926end-0.31_8.38_-4.86_51.59_123.10_-29.66_38.25_-22.06_-0.37_0.5197_0.3547_-0.5029_-0.5926end-0.31_8.38_-4.86_51.59_123.10_-29.66_38.63_-22.75_0.50_0.5327_0.3591_-0.4916_-0.5879end-0.68_8.06_-5.47_51.59_123.10_-29.66_38.63_-22.75_0.50_0.5372_0.3607_-0.4875_-0.5861end-1.08_8.41_-5.79_51.59_123.10_-29.66_38.63_-22.75_0.50_0.5372_0.3607_-0.4875_-0.5861end,24.1390126,120.7484652,114.80000305175781
3205,,24.1390126,120.7484652,114.80000305175781
3206,,24.1390126,120.7484652,114.80000305175781
3207,,24.1390126,120.7484652,114.80000305175781
3208,,24.1390126,120.7484652,114.80000305175781
3209,,24.1390126,120.7484652,114.80000305175781
3210,,24.1390126,120.7484652,114.80000305175781
3211,,24.1390126,120.7484652,114.80000305175781
3212,-1.24_8.10_-5.55_53.49_143.46_-27.64_37.94_-21.37_2.31_0.5372_0.3607_-0.4875_-0.5861end-1.24_8.10_-5.55_53.49_143.46_-27.64_37.94_-21.37_2.31_0.5509_0.3661_-0.4747_-0.5806end-1.24_8.10_-5.55_51.70_121.08_-24.73_37.94_-21.37_2.31_0.5552_0.3678_-0.4705_-0.5789end-1.24_8.10_-5.55_51.70_121.08_-24.73_38.31_-20.25_6.00_0.5594_0.3693_-0.4664_-0.5772end-1.24_8.10_-5.55_51.03_84.49_-23.05_38.31_-20.25_6.00_0.5664_0.3710_-0.4595_-0.5747end-1.24_8.10_-5.55_50.25_62.56_-22.27_39.06_-20.56_6.87_0.5718_0.3708_-0.4546_-0.5735end-1.52_8.36_-4.14_50.25_62.56_-22.27_39.06_-20.56_6.87_0.5737_0.3699_-0.4530_-0.5735end-1.52_8.36_-4.14_50.25_62.56_-22.27_38.31_-19.87_5.94_0.5751_0.3685_-0.4520_-0.5737end-1.00_8.14_-4.26_50.25_62.56_-22.27_38.31_-19.87_5.94_0.5751_0.3685_-0.4520_-0.5737end-0.82_8.15_-4.30_50.25_62.56_-22.27_38.31_-19.87_5.94_0.5777_0.3622_-0.4510_-0.5759end,24.1390126,120.7484652,114.80000305175781
3213,,24.1390126,120.7484652,114.80000305175781
3214,,24.1390126,120.7484652,114.80000305175781
3215,,24.1390126,120.7484652,114.80000305175781
3216,,24.1390126,120.7484652,114.80000305175781
3217,,24.1390126,120.7484652,114.80000305175781
3218,,24.1390126,120.7484652,114.80000305175781
3219,-0.57_8.27_-4.62_50.25_62.56_-22.27_38.31_-19.87_5.94_0.5782_0.3597_-0.4510_-0.5769end-0.67_8.31_-4.64_46.55_-32.34_-19.58_38.31_-19.87_5.94_0.5782_0.3597_-0.4510_-0.5769end-0.67_8.31_-4.64_46.55_-32.34_-19.58_38.31_-19.87_5.94_0.5804_0.3531_-0.4504_-0.5792end-0.71_8.27_-4.17_46.55_-32.34_-19.58_38.31_-19.87_5.94_0.5804_0.3531_-,24.1390126,120.7484652,114.80000305175781
3220,0.4504_-0.5792end-1.23_8.54_-3.85_46.33_10.52_-21.71_38.31_-19.87_5.94_0.5804_0.3531_-0.4504_-0.5792end-1.45_8.31_-3.70_45.99_23.84_-21.71_39.06_-19.50_7.31_0.5804_0.3531_-0.4504_-0.5792end-1.45_8.31_-3.70_46.55_36.15_-21.60_39.06_-19.50_7.31_0.5886_0.3475_-0.4439_-0.5794end-1.98_8.29_-3.46_46.55_36.15_-21.60_39.44_-19.50_8.25_0.5909_0.3473_-0.4417_-0.5789end-2.30_8.24_-3.35_46.55_36.15_-21.60_39.44_-19.50_8.25_0.5934_0.3473_-0.4391_-0.5782end-3.50_8.27_-3.56_46.55_36.15_-21.60_39.44_-19.50_8.25_0.5960_0.3475_-0.4365_-0.5775end,24.1390126,120.7484652,114.80000305175781
3221,,24.1390126,120.7484652,114.80000305175781
3222,,24.1390126,120.7484652,114.80000305175781
3223,,24.1390126,120.7484652,114.80000305175781
3224,,24.1390126,120.7484652,114.80000305175781
3225,,24.1390126,120.7484652,114.80000305175781
3226,,24.1390126,120.7484652,114.80000305175781
3227,-3.84_8.28_-3.69_45.88_79.90_-19.47_39.44_-19.50_8.25_0.6015_0.3485_-0.4305_-0.5757end-3.84_8.28_-3.69_46.66_84.94_-17.35_39.13_-19.50_11.00_0.6042_0.3491_-0.4274_-0.5747end-4.34_12.64_-3.66_46.66_84.94_-17.35_39.81_-19.19_10.00_0.6070_0.3497_-0.4243_-0.5739end-4.09_14.39_-3.79_47.00_76.21_-15.78_39.81_-19.19_10.00_0.6096_0.3502_-0.4213_-0.5730end-4.09_14.39_-3.79_46.33_64.68_-14.77_39.81_-19.19_10.00_0.6121_0.3505_-0.4183_-0.5723end-1.26_18.40_-1.97_46.33_64.68_-14.77_39.13_-18.81_10.94_0.6121_0.3505_-0.4183_-0.5723end-1.26_18.40_-1.97_42.19_-34.91_-6.94_39.13_-18.81_10.94_0.6155_0.3477_-0.4145_-0.5732end-1.26_18.40_-1.97_42.75_-65.35_-6.60_38.00_-18.,24.1390126,120.7484652,114.80000305175781
3228,50_11.88_0.6155_0.3477_-0.4145_-0.5732end-1.26_18.40_-1.97_39.95_-99.37_-5.15_38.00_-18.50_11.88_0.6147_0.3419_-0.4161_-0.5762end-1.26_18.40_-1.97_33.35_-168.31_-0.11_38.00_-18.50_11.88_0.6147_0.3419_-0.4161_-0.5762end,24.1390126,120.7484652,114.80000305175781
3229,,24.1390126,120.7484652,114.80000305175781
3230,,24.1390126,120.7484652,114.80000305175781
3231,,24.1390126,120.7484652,114.80000305175781
3232,,24.1390126,120.7484652,114.80000305175781
3233,,24.1390126,120.7484652,114.80000305175781
3234,0.99_23.22_-5.86_33.35_-168.31_-0.11_38.00_-18.50_11.88_0.6083_0.3277_-0.4254_-0.5845end1.49_22.58_-6.76_33.35_-168.31_-0.11_40.56_-17.81_9.19_0.6083_0.3277_-0.4254_-0.5845end2.07_22.16_-6.30_24.84_-156.56_-4.25_40.56_-17.81_9.19_0.6083_0.3277_-0.4254_-0.5845end2.07_22.16_-6.30_24.84_-156.56_-4.25_40.56_-17.81_9.19_0.5990_0.3095_-0.4388_-0.5941end3.24_20.77_-5.48_24.84_-156.56_-4.25_40.56_-18.19_7.37_0.5979_0.3067_-0.4406_-0.5952end2.82_20.39_-5.30_24.84_-156.56_-4.25_39.06_-17.87_7.37_0.5974_0.3048_-0.4417_-0.5959end2.71_20.03_-5.29_9.74_-8.73_-12.53_39.06_-17.87_7.37_0.5974_0.3048_-0.4417_-0.5959end2.71_20.03_-5.29_9.74_-8.73_-12.53_41.31_-18.50_8.25,24.1390126,120.7484652,114.80000305175781
3235,_0.5991_0.3039_-0.4412_-0.5950end1.70_18.68_-5.23_9.74_-8.73_-12.53_41.31_-18.50_8.25_0.6006_0.3049_-0.4399_-0.5939end1.34_17.55_-5.04_9.74_-8.73_-12.53_41.31_-18.50_8.25_0.6006_0.3049_-0.4399_-0.5939end,24.1390126,120.7484652,114.80000305175781
3236,,24.1390126,120.7484652,114.80000305175781
3237,,24.1390126,120.7484652,114.80000305175781
3238,,24.1390126,120.7484652,114.80000305175781
3239,,24.1390126,120.7484652,114.80000305175781
3240,,24.1390126,120.7484652,114.80000305175781
3241,,24.1390126,120.7484652,114.80000305175781
3242,0.93_16.50_-4.84_9.74_-8.73_-12.53_41.31_-18.50_8.25_0.6067_0.3106_-0.4344_-0.5888end0.41_15.89_-4.81_9.74_-8.73_-12.53_39.81_-17.50_8.75_0.6087_0.3128_-0.4326_-0.5869end-0.39_14.52_-4.45_-12.98_88.41_-18.58_39.81_-17.50_8.75_0.6087_0.3128_-0.4326_-0.5869end-0.50_13.30_-3.75_-12.98_88.41_-18.58_39.81_-17.50_8.75_0.6127_0.3174_-0,24.1390126,120.7484652,114.80000305175781
3243,,24.1390126,120.7484652,114.80000305175781
3244,.4290_-0.5829end-0.12_12.65_-3.29_-19.81_80.80_-19.47_39.81_-17.50_8.75_0.6127_0.3174_-0.4290_-0.5829end-0.15_12.00_-2.99_-23.28_71.06_-18.46_39.81_-17.50_8.75_0.6176_0.3240_-0.4253_-0.5769end-0.36_11.05_-2.96_-23.28_71.06_-18.46_39.50_-18.12_10.50_0.6185_0.3259_-0.4248_-0.5751end-0.63_10.39_-3.07_-23.28_71.06_-18.46_39.50_-18.12_10.50_0.6193_0.3278_-0.4246_-0.5734end-0.65_10.05_-3.01_-45.43_44.31_-13.76_39.50_-18.12_10.50_0.6193_0.3278_-0.4246_-0.5734end-0.25_9.55_-2.75_-49.13_44.87_-12.98_39.88_-18.50_11.00_0.6205_0.3318_-0.4246_-0.5697end,24.1390126,120.7484652,114.80000305175781
3245,,24.1390126,120.7484652,114.80000305175781
3246,,24.1390126,120.7484652,114.80000305175781
3247,,24.1390126,120.7484652,114.80000305175781
3248,,24.1390126,120.7484652,114.80000305175781
3249,0.08_9.16_-2.27_-49.13_44.87_-12.98_39.88_-18.50_11.00_0.6215_0.3362_-0.4249_-0.5658end-0.02_8.96_-2.09_-58.30_43.53_-10.85_39.88_-18.50_11.00_0.6219_0.3413_-0.4257_-0.5616end-0.25_8.70_-2.08_-58.30_43.53_-10.85_39.88_-18.50_11.00_0.6221_0.3441_-0.4263_-0.5594end-0.23_8.49_-2.15_-58.30_43.53_-10.85_40.19_-18.12_11.00_0.6221_0.34,24.1390126,120.7484652,114.80000305175781
3250,41_-0.4263_-0.5594end-0.23_8.49_-2.15_-79.57_54.50_-8.50_38.38_-18.12_11.00_0.6221_0.3441_-0.4263_-0.5594end-0.23_8.49_-2.15_-84.82_56.51_-7.72_38.38_-18.12_11.00_0.6222_0.3538_-0.4279_-0.5519end-0.23_8.49_-2.15_-89.52_56.96_-6.60_39.50_-18.81_11.88_0.6222_0.3538_-0.4279_-0.5519end-0.23_8.49_-2.15_-99.71_59.42_-4.70_39.50_-18.81_11.88_0.6216_0.3651_-0.4301_-0.5435end-0.45_7.18_-1.69_-99.71_59.42_-4.70_39.50_-18.81_11.88_0.6216_0.3651_-0.4301_-0.5435end-0.48_6.94_-1.61_-99.71_59.42_-4.70_39.50_-18.81_11.88_0.6212_0.3693_-0.4309_-0.5404end,24.1390126,120.7484652,114.80000305175781
3251,,24.1390126,120.7484652,114.80000305175781
3252,,24.1390126,120.7484652,114.80000305175781
3253,,24.1390126,120.7484652,114.80000305175781
3254,,24.1390126,120.7484652,114.80000305175781
3255,,24.1390126,120.7484652,114.80000305175781
3256,,24.1390126,120.7484652,114.80000305175781
3257,-0.48_6.94_-1.61_-99.71_59.42_-4.70_39.50_-18.81_11.88_0.6195_0.3829_-0.4338_-0.5305end-0.68_6.73_-1.67_-99.71_59.42_-4.70_39.50_-18.81_11.88_0.6186_0.3878_-0.4351_-0.5270end-1.02_6.61_-1.66_-130.59_57.86_1.34_39.50_-18.81_11.88_0.6186_0.3878_-0.4351_-0.5270end-1.28_6.60_-1.79_-130.59_57.86_1.34_39.50_-18.81_11.88_0.6176_0.3927_-0.4363_-0.5235end-1.48_6.71_-2.03_-130.59_57.86_1.34_39.50_-18.81_11.88_0.6130_0.4077_-0.4413_-0.5130end-1.60_6.82_-2.09_-130.59_57.86_1.34_39.88_-19.81_12.31_0.6111_0.4127_-0.4433_-0.5096end-1.66_6.79_-2.11_-153.76_31.56_10.07_39.88_-19.81_12.31_0.6111_0.4127_-0.4433_-0.5096end-1.80_6.71_-1.86_-153.76_31.56_10.07_39.88_-19.81_,24.1390126,120.7484652,114.80000305175781
3258,12.31_0.6063_0.4228_-0.4481_-0.5029end-1.80_6.71_-1.86_-164.95_11.75_16.90_39.88_-19.81_12.31_0.6035_0.4278_-0.4506_-0.4998end-1.80_6.71_-1.86_-164.95_11.75_16.90_39.88_-19.81_12.31_0.5971_0.4376_-0.4564_-0.4937end,24.1390126,120.7484652,114.80000305175781
3259,,24.1390126,120.7484652,114.80000305175781
3260,,24.1390126,120.7484652,114.80000305175781
3261,,24.1390126,120.7484652,114.80000305175781
3262,,24.1390126,120.7484652,114.80000305175781
3263,,24.1390126,120.7484652,114.80000305175781
3264,-1.80_6.71_-1.86_-170.99_-4.81_21.49_39.88_-19.81_12.31_0.5933_0.4425_-0.4597_-0.4907end-1.87_6.29_-1.32_-170.99_-4.81_21.49_39.06_-20.88_9.56_0.5933_0.4425_-0.4597_-0.4907end-1.87_6.29_-1.32_-177.93_-29.43_28.87_39.06_-20.88_9.56_0.5851_0.4518_-0.4667_-0.4855end-1.87_6.29_-1.32_-177.93_-29.43_28.87_38.00_-21.25_9.06_0.5756_0.4609_-0.4745_-0.4807end-1.65_5.59_-1.12_-177.93_-29.43_28.87_38.00_-21.25_9.06_0.5756_0.4609_-0.4745_-0.4807end-1.50_5.23_-0.76_-177.93_-29.43_28.87_38.00_-21.25_9.06_0.5651_0.4699_-0.4827_-0.4763end-1.41_5.05_-0.57_-182.74_-44.76_38.05_38.00_-21.25_9.06_0.5651_0.4699_-0.4827_-0.4763end-1.41_4.88_-0.45_-182.74_-44.76_38.05_38.00_-,24.1390126,120.7484652,114.80000305175781
3265,21.25_9.06_0.5543_0.4786_-0.4907_-0.4722end-1.41_4.88_-0.45_-183.08_-45.66_43.42_38.00_-21.25_9.06_0.5487_0.4831_-0.4946_-0.4701end-1.41_4.88_-0.45_-183.08_-45.66_43.42_38.00_-21.25_9.06_0.5371_0.4920_-0.5023_-0.4659end,24.1390126,120.7484652,114.80000305175781
3266,,24.1390126,120.7484652,114.80000305175781
3267,,24.1390126,120.7484652,114.80000305175781
3268,,24.1390126,120.7484652,114.80000305175781
3269,,24.1390126,120.7484652,114.80000305175781
3270,,24.1390126,120.7484652,114.80000305175781
3271,-1.41_4.88_-0.45_-182.63_-41.85_45.99_38.00_-21.25_9.06_0.5314_0.4963_-0.5060_-0.4639end-0.76_3.97_-0.51_-182.63_-41.85_45.99_38.63_-24.44_3.62_0.5314_0.4963_-0.5060_-0.4639end-0.76_3.97_-0.51_-179.05_-24.73_47.45_38.63_-24.44_3.62_0.5255_0.5010_-0.5096_-0.4617end-0.76_3.97_-0.51_-179.05_-24.73_47.45_37.56_-24.44_2.25_0.5143_0.5,24.1390126,120.7484652,114.80000305175781
3272,099_-0.5162_-0.4573end-0.76_3.97_-0.51_-176.81_-16.56_47.11_37.56_-24.44_2.25_0.5037_0.5197_-0.5216_-0.4518end-0.29_3.92_0.47_-174.68_-5.15_48.90_37.56_-24.44_2.25_0.5037_0.5197_-0.5216_-0.4518end-0.29_3.92_0.47_-174.68_-5.15_48.90_38.25_-26.19_0.88_0.4937_0.5295_-0.5263_-0.4460end-0.29_3.92_0.47_-174.68_-5.15_48.90_38.25_-26.19,24.1390126,120.7484652,114.80000305175781
3273,_0.88_0.4834_0.5394_-0.5308_-0.4399end-0.89_4.37_0.19_-173.90_5.82_48.68_38.63_-25.88_-0.94_0.4785_0.5443_-0.5329_-0.4368end-0.66_4.43_-0.18_-173.90_5.82_48.68_38.63_-25.88_-0.94_0.4735_0.5494_-0.5349_-0.4335end,24.1390126,120.7484652,114.80000305175781
3274,,24.1390126,120.7484652,114.80000305175781
3275,,24.1390126,120.7484652,114.80000305175781
3276,,24.1390126,120.7484652,114.80000305175781
3277,,24.1390126,120.7484652,114.80000305175781
3278,,24.1390126,120.7484652,114.80000305175781
3279,,24.1390126,120.7484652,114.80000305175781
3280,,24.1390126,120.7484652,114.80000305175781
3281,,24.1390126,120.7484652,114.80000305175781
3282,-1.18_4.20_-1.21_-173.90_5.82_48.68_36.44_-26.56_-1.44_0.4735_0.5494_-0.5349_-0.4335end-1.18_4.20_-1.21_-166.18_12.31_48.01_36.44_-26.56_-1.44_0.4642_0.5589_-0.5384_-0.4270end-1.18_4.20_-1.21_-166.18_12.31_48.01_36.44_-26.56_-1.44_0.4595_0.5637_-0.5399_-0.4237end-1.18_4.20_-1.21_-158.68_1.01_47.22_35.69_-27.69_-3.69_0.4595_0.563,24.1390126,120.7484652,114.80000305175781
3283,,24.1390126,120.7484652,114.80000305175781
3284,7_-0.5399_-0.4237end-1.18_4.20_-1.21_-158.68_1.01_47.22_35.69_-27.69_-3.69_0.4453_0.5770_-0.5448_-0.4148end-1.18_4.20_-1.21_-158.68_1.01_47.22_35.69_-27.69_-3.69_0.4356_0.5854_-0.5479_-0.4091end-0.88_5.45_-1.14_-158.68_1.01_47.22_35.69_-27.69_-3.69_0.4309_0.5894_-0.5494_-0.4063end-1.07_5.65_-1.56_-158.68_1.01_47.22_35.69_-27.69_-3.69_0.4309_0.5894_-0.5494_-0.4063end-1.23_5.85_-1.56_-138.99_14.10_42.64_36.06_-27.37_-6.44_0.4309_0.5894_-0.5494_-0.4063end-1.33_6.50_-1.25_-138.99_14.10_42.64_35.69_-27.69_-5.56_0.4178_0.6014_-0.5529_-0.3976end,24.1390126,120.7484652,114.80000305175781
3285,,24.1390126,120.7484652,114.80000305175781
3286,,24.1390126,120.7484652,114.80000305175781
3287,-1.33_6.50_-1.25_-135.29_17.01_41.29_35.69_-27.69_-5.56_0.4139_0.6052_-0.5538_-0.3947end-1.33_6.50_-1.25_-128.36_14.10_39.28_35.69_-27.69_-5.56_0.4062_0.6127_-0.5554_-0.3887end-1.33_6.50_-1.25_-124.77_10.74_38.72_35.69_-27.69_-5.56_0.4025_0.6161_-0.5563_-0.3860end-0.66_8.02_-1.47_-124.77_10.74_38.72_35.69_-27.69_-5.56_0.4025_0.6,24.1390126,120.7484652,114.80000305175781
3288,161_-0.5563_-0.3860end-0.66_8.02_-1.47_-112.24_11.75_34.91_35.69_-27.69_-5.56_0.3952_0.6227_-0.5579_-0.3807end-0.66_8.02_-1.47_-112.24_11.75_34.91_36.00_-28.69_-8.25_0.3885_0.6286_-0.5591_-0.3759end-0.10_8.83_-0.93_-112.24_11.75_34.91_36.00_-28.69_-8.25_0.3854_0.6315_-0.5597_-0.3734end-0.05_8.95_-0.73_-98.59_16.90_30.55_36.00_-28.69_-8.25_0.3854_0.6315_-0.5597_-0.3734end0.04_9.04_-0.67_-93.89_17.01_29.43_36.00_-28.69_-8.25_0.3854_0.6315_-0.5597_-0.3734end0.06_9.17_-0.55_-93.89_17.01_29.43_34.56_-27.75_-8.63_0.3854_0.6315_-0.5597_-0.3734end,24.1390126,120.7484652,114.80000305175781
3289,,24.1390126,120.7484652,114.80000305175781
3290,,24.1390126,120.7484652,114.80000305175781
3291,,24.1390126,120.7484652,114.80000305175781
3292,,24.1390126,120.7484652,114.80000305175781
3293,,24.1390126,120.7484652,114.80000305175781
3294,,24.1390126,120.7484652,114.80000305175781
3295,0.17_9.30_-0.50_-93.89_17.01_29.43_34.56_-27.75_-8.63_0.3723_0.6443_-0.5613_-0.3621end0.33_9.51_-0.25_-74.64_8.62_23.50_34.56_-28.75_-9.56_0.3700_0.6465_-0.5615_-0.3602end0.39_9.65_-0.15_-68.93_4.81_22.05_35.31_-28.06_-10.00_0.3700_0.6465_-0.5615_-0.3602end0.31_9.70_0.06_-68.93_4.81_22.05_35.31_-28.06_-10.00_0.3634_0.6517_-0.562,24.1390126,120.7484652,114.80000305175781
3296,5_-0.3561end0.23_9.68_0.10_-54.16_-17.12_19.81_34.56_-28.44_-10.06_0.3611_0.6530_-0.5630_-0.3553end0.23_9.68_0.10_-48.79_-25.29_19.25_34.56_-28.44_-10.06_0.3611_0.6530_-0.5630_-0.3553end0.23_9.68_0.10_-48.79_-25.29_19.25_34.19_-28.44_-11.44_0.3541_0.6555_-0.5646_-0.3552end-0.04_9.32_0.80_-48.79_-25.29_19.25_34.19_-27.44_-11.38_0,24.1390126,120.7484652,114.80000305175781
3297,.3541_0.6555_-0.5646_-0.3552end-0.05_9.25_1.00_-27.98_-60.32_16.90_34.19_-27.44_-11.38_0.3541_0.6555_-0.5646_-0.3552end-0.11_9.14_1.05_-27.98_-60.32_16.90_34.19_-28.75_-11.44_0.3541_0.6555_-0.5646_-0.3552end,24.1390126,120.7484652,114.80000305175781
3298,,24.1390126,120.7484652,114.80000305175781
3299,,24.1390126,120.7484652,114.80000305175781
3300,,24.1390126,120.7484652,114.80000305175781
3301,,24.1390126,120.7484652,114.80000305175781
3302,,24.1390126,120.7484652,114.80000305175781
3303,-0.11_9.14_1.05_-27.98_-60.32_16.90_34.50_-29.81_-12.31_0.3412_0.6548_-0.5687_-0.3624end-0.10_9.10_0.89_-27.98_-60.32_16.90_34.50_-29.81_-12.31_0.3412_0.6548_-0.5687_-0.3624end-0.10_9.10_0.89_-6.27_-98.37_15.44_34.50_-29.81_-12.31_0.3354_0.6528_-0.5708_-0.3682end-0.10_9.10_0.89_4.81_-115.26_14.66_34.50_-29.81_-12.31_0.3325_0.6514_-0.5720_-0.3715end-0.10_9.10_0.89_4.81_-115.26_14.66_33.44_-29.87_-13.75_0.3295_0.6497_-0.5731_-0.3752end-0.10_9.10_0.89_14.77_-127.13_12.65_33.44_-29.87_-13.75_0.3266_0.6478_-0.5743_-0.3792end0.53_8.21_0.48_14.77_-127.13_12.65_33.44_-29.87_-13.75_0.3236_0.6457_-0.5755_-0.3835end0.75_7.95_0.23_14.77_-127.13_12.65_33.44_-29.87_-13.75_0.3183_0.6413_-0.5776_-0.3922end0.75_7.95_0.23_14.77_-127.13_12.65_32.31_-29.87_-14.63_0.3141_0.6367_-0.5791_-0.4008end1.12_7.79_0.43_14.77_-127.13_12.65_32.31_-29.87_-14.63_0.3141_0.6367_-0.5791_-0.4008end,24.1390126,120.7484652,114.80000305175781
3304,,24.1390126,120.7484652,114.80000305175781
3305,,24.1390126,120.7484652,114.80000305175781
3306,,24.1390126,120.7484652,114.80000305175781
3307,,24.1390126,120.7484652,114.80000305175781
3308,,24.1390126,120.7484652,114.80000305175781
3309,1.29_7.71_0.62_50.36_-87.40_1.23_32.31_-29.87_-14.63_0.3109_0.6301_-0.5801_-0.4121end1.36_7.86_0.70_59.20_-65.02_-3.58_32.31_-29.87_-15.94_0.3107_0.6281_-0.5801_-0.4154end1.45_7.97_0.64_63.90_-54.16_-5.60_32.31_-29.87_-15.94_0.3110_0.6261_-0.5798_-0.4185end1.41_8.08_0.56_73.52_-32.12_-10.41_29.75_-28.56_-15.94_0.3110_0.6261_-0.5,24.1390126,120.7484652,114.80000305175781
3310,798_-0.4185end1.41_8.08_0.56_73.52_-32.12_-10.41_31.19_-29.56_-15.06_0.3129_0.6223_-0.5788_-0.4241end1.47_9.00_0.51_73.52_-32.12_-10.41_31.19_-29.56_-15.06_0.3167_0.6188_-0.5769_-0.4289end10.59_7.34_11.79_73.52_-32.12_-10.41_31.19_-29.56_-15.06_0.3199_0.6160_-0.5760_-0.4317end10.59_7.34_11.79_122.76_-67.03_-23.95_30.12_-30.25_-14.19_0.3199_0.6160_-0.5760_-0.4317end10.59_7.34_11.79_107.32_-72.51_2.35_30.12_-30.25_-14.19_0.3250_0.6096_-0.5740_-0.4396end10.59_7.34_11.79_107.32_-72.51_2.35_32.31_-29.87_-14.63_0.3264_0.6073_-0.5726_-0.4436end,24.1390126,120.7484652,114.80000305175781
3311,,24.1390126,120.7484652,114.80000305175781
3312,,24.1390126,120.7484652,114.80000305175781
3313,,24.1390126,120.7484652,114.80000305175781
3314,,24.1390126,120.7484652,114.80000305175781
3315,,24.1390126,120.7484652,114.80000305175781
3316,,24.1390126,120.7484652,114.80000305175781
3317,10.59_7.34_11.79_-50.36_123.21_-29.54_32.31_-29.87_-14.63_0.3263_0.6072_-0.5738_-0.4422end10.59_7.34_11.79_-95.34_195.28_-45.21_31.56_-30.19_-13.75_0.3263_0.6072_-0.5738_-0.4422end10.59_7.34_11.79_-84.27_164.50_-43.53_31.56_-30.19_-13.75_0.3321_0.6141_-0.5741_-0.4278end10.59_7.34_11.79_2.46_107.21_-32.23_30.88_-30.19_-13.25_0.3379_0.6168_-0.5732_-0.4205end3.87_7.10_-5.56_2.46_107.21_-32.23_30.88_-30.19_-13.25_0.3379_0.6168_-0.5732_-0.4205end5.70_6.75_-3.18_57.86_-23.50_-9.18_30.88_-30.19_-13.25_0.3379_0.6168_-0.5732_-0.4205end-0.01_9.22_-2.52_57.86_-23.50_-9.18_30.88_-30.19_-13.25_0.3379_0.6168_-0.5732_-0.4205end0.08_9.93_7.93_57.86_-23.50_-9.18_30.88_-30.19_-13.25_0.3439_0.6096_-0.5709_-0.4291end0.59_10.09_18.29_57.86_-23.50_-9.18_30.88_-30.19_-13.25_0.3439_0.6096_-0.5709_-0.4291end0.59_10.09_18.29_57.63_14.55_-12.98_33.06_-30.19_-13.25_0.3439_0.6096_-0.5709_-0.4291end,24.1390126,120.7484652,114.80000305175781
3318,,24.1390126,120.7484652,114.80000305175781
3319,,24.1390126,120.7484652,114.80000305175781
3320,,24.1390126,120.7484652,114.80000305175781
3321,,24.1390126,120.7484652,114.80000305175781
3322,,24.1390126,120.7484652,114.80000305175781
3323,0.59_10.09_18.29_57.63_14.55_-12.98_33.06_-30.19_-13.25_0.3502_0.6072_-0.5682_-0.4311end0.59_10.09_18.29_57.63_14.55_-12.98_31.94_-29.19_-12.81_0.3556_0.6084_-0.5664_-0.4273end-0.08_8.70_8.02_57.63_14.55_-12.98_32.31_-30.19_-11.00_0.3588_0.6094_-0.5652_-0.4247end2.20_7.59_-2.37_57.63_14.55_-12.98_32.31_-30.19_-11.00_0.3621_0.610,24.1390126,120.7484652,114.80000305175781
3324,5_-0.5640_-0.4221end-0.91_8.08_-0.62_30.44_75.20_-15.78_32.31_-30.19_-11.00_0.3621_0.6105_-0.5640_-0.4221end-1.18_8.43_-0.23_30.44_75.20_-15.78_32.31_-30.19_-11.00_0.3705_0.6115_-0.5601_-0.4185end0.37_8.27_0.62_30.44_75.20_-15.78_34.19_-29.44_-10.94_0.3727_0.6110_-0.5590_-0.4186end-0.90_9.00_5.69_30.44_75.20_-15.78_34.19_-29.44_-10.94_0.3727_0.6110_-0.5590_-0.4186end0.61_9.17_5.97_52.04_-1.34_-11.30_34.19_-29.44_-10.94_0.3727_0.6110_-0.5590_-0.4186end2.37_9.10_6.45_52.04_-1.34_-11.30_33.06_-30.50_-10.56_0.3792_0.6067_-0.5562_-0.4229end,24.1390126,120.7484652,114.80000305175781
3325,,24.1390126,120.7484652,114.80000305175781
3326,,24.1390126,120.7484652,114.80000305175781
3327,,24.1390126,120.7484652,114.80000305175781
3328,,24.1390126,120.7484652,114.80000305175781
3329,,24.1390126,120.7484652,114.80000305175781
3330,0.30_9.55_9.64_52.04_-1.34_-11.30_33.44_-29.81_-10.06_0.3802_0.6054_-0.5558_-0.4243end1.45_8.86_7.87_52.04_-1.34_-11.30_33.44_-29.81_-10.06_0.3802_0.6054_-0.5558_-0.4243end0.72_8.76_8.27_52.04_-1.34_-11.30_34.19_-30.12_-10.56_0.3802_0.6054_-0.5558_-0.4243end1.61_8.66_6.88_35.03_12.76_-14.77_34.19_-30.12_-10.56_0.3856_0.6021_-0.5,24.1390126,120.7484652,114.80000305175781
3331,541_-0.4264end1.62_8.48_4.98_35.03_12.76_-14.77_33.44_-30.12_-11.00_0.3873_0.6014_-0.5534_-0.4266end1.29_8.55_5.58_35.03_12.76_-14.77_33.81_-31.19_-10.56_0.3892_0.6006_-0.5527_-0.4271end1.57_8.54_5.21_35.03_12.76_-14.77_33.81_-31.19_-10.56_0.3909_0.5997_-0.5519_-0.4278end0.99_8.74_6.42_53.71_-1.45_-12.98_33.81_-31.19_-10.56_0.3909_0.5997_-0.5519_-0.4278end0.99_8.74_6.42_53.38_-3.02_-14.32_33.44_-28.38_-7.75_0.3942_0.5975_-0.5504_-0.4297end0.99_8.74_6.42_52.60_-2.35_-15.67_33.44_-28.38_-7.75_0.3975_0.5948_-0.5491_-0.4319end,24.1390126,120.7484652,114.80000305175781
3332,,24.1390126,120.7484652,114.80000305175781
3333,,24.1390126,120.7484652,114.80000305175781
3334,,24.1390126,120.7484652,114.80000305175781
3335,,24.1390126,120.7484652,114.80000305175781
3336,,24.1390126,120.7484652,114.80000305175781
3337,,24.1390126,120.7484652,114.80000305175781
3338,2.54_8.57_6.63_52.60_-2.35_-15.67_33.44_-28.38_-7.75_0.3991_0.5936_-0.5486_-0.4329end2.63_8.48_5.95_52.60_-2.35_-15.67_34.19_-29.06_-9.13_0.3991_0.5936_-0.5486_-0.4329end2.74_8.46_5.33_52.60_-2.35_-15.67_32.75_-29.12_-9.19_0.4046_0.5902_-0.5465_-0.4351end2.50_8.32_4.61_53.27_19.36_-14.55_32.75_-29.12_-9.19_0.4046_0.5902_-0.5465_-0.4351end1.88_8.33_3.77_53.27_19.36_-14.55_32.75_-29.12_-9.19_0.4066_0.5892_-0.5456_-0.4357end1.88_8.33_3.77_55.73_26.30_-14.66_33.81_-30.44_-7.81_0.4113_0.5876_-0.5433_-0.4364end1.88_8.33_3.77_58.86_41.52_-16.45_33.81_-30.44_-7.81_0.4113_0.5876_-0.5433_-0.4364end1.88_8.33_3.77_58.86_41.52_-16.45_34.56_-29.44_-8.25_0.4170_0.586,24.1390126,120.7484652,114.80000305175781
3339,2_-0.5403_-0.4365end1.88_8.33_3.77_60.65_56.06_-19.36_34.56_-29.44_-8.25_0.4170_0.5862_-0.5403_-0.4365end1.88_8.33_3.77_60.65_56.06_-19.36_33.81_-30.44_-6.94_0.4265_0.5847_-0.5353_-0.4355end,24.1390126,120.7484652,114.80000305175781
3340,,24.1390126,120.7484652,114.80000305175781
3341,,24.1390126,120.7484652,114.80000305175781
3342,,24.1390126,120.7484652,114.80000305175781
3343,,24.1390126,120.7484652,114.80000305175781
3344,,24.1390126,120.7484652,114.80000305175781
3345,1.40_8.41_5.05_60.65_56.06_-19.36_34.19_-29.06_-7.37_0.4297_0.5841_-0.5336_-0.4352end1.24_8.35_4.86_61.55_51.70_-17.35_34.19_-29.06_-7.37_0.4297_0.5841_-0.5336_-0.4352end1.05_8.33_4.73_61.55_51.70_-17.35_34.19_-29.06_-7.37_0.4359_0.5830_-0.5302_-0.4347end0.72_8.31_4.54_61.55_51.70_-17.35_34.19_-29.06_-7.37_0.4420_0.5817_-0.5268_,24.1390126,120.7484652,114.80000305175781
3346,-0.4345end0.72_8.29_4.54_64.35_42.52_-16.34_34.19_-29.06_-7.37_0.4420_0.5817_-0.5268_-0.4345end0.72_8.29_4.54_65.91_40.29_-16.56_34.19_-29.06_-7.37_0.4508_0.5793_-0.5218_-0.4347end0.77_8.19_4.39_65.91_40.29_-16.56_34.19_-29.06_-7.37_0.4537_0.5784_-0.5201_-0.4349end0.91_8.17_4.23_65.91_40.29_-16.56_33.88_-29.31_-3.31_0.4537_0.5784_-0.5201_-0.4349end0.88_8.16_4.10_68.60_25.18_-16.34_33.88_-29.31_-3.31_0.4537_0.5784_-0.5201_-0.4349end0.88_8.16_4.10_68.60_25.18_-16.34_34.63_-29.69_-2.44_0.4619_0.5750_-0.5156_-0.4361end,24.1390126,120.7484652,114.80000305175781
3347,,24.1390126,120.7484652,114.80000305175781
3348,,24.1390126,120.7484652,114.80000305175781
3349,,24.1390126,120.7484652,114.80000305175781
3350,,24.1390126,120.7484652,114.80000305175781
3351,,24.1390126,120.7484652,114.80000305175781
3352,,24.1390126,120.7484652,114.80000305175781
3353,0.88_8.16_4.10_68.60_25.18_-16.34_34.63_-29.69_-2.44_0.4670_0.5723_-0.5129_-0.4374end0.72_8.05_3.61_68.60_25.18_-16.34_34.63_-29.69_-2.44_0.4694_0.5709_-0.5116_-0.4383end0.28_8.20_3.20_68.60_25.18_-16.34_34.63_-29.69_-2.44_0.4694_0.5709_-0.5116_-0.4383end1.19_7.94_2.75_68.60_25.18_-16.34_34.63_-29.69_-2.44_0.4764_0.5667_-0.5077_-0.4406end0.68_7.87_1.99_68.60_25.85_-16.79_34.63_-29.69_-2.44_0.4789_0.5653_-0.5063_-0.4412end0.93_7.86_1.55_68.60_25.85_-16.79_34.63_-29.69_-2.44_0.4816_0.5641_-0.5048_-0.4416end1.37_7.98_1.32_68.60_25.85_-16.79_34.63_-29.63_-0.56_0.4816_0.5641_-0.5048_-0.4416end0.90_7.91_1.25_68.60_25.85_-16.79_34.63_-29.63_-0.56_0.4816_0.5641_-0.5048_-0.4416end0.90_7.91_1.25_71.84_32.79_-18.13_35.38_-29.25_1.69_0.4816_0.5641_-0.5048_-0.4416end0.90_7.91_1.25_72.51_34.69_-18.13_35.38_-29.25_1.69_0.4929_0.5590_-0.4983_-0.4431end,24.1390126,120.7484652,114.80000305175781
3354,,24.1390126,120.7484652,114.80000305175781
3355,,24.1390126,120.7484652,114.80000305175781
3356,,24.1390126,120.7484652,114.80000305175781
3357,,24.1390126,120.7484652,114.80000305175781
3358,,24.1390126,120.7484652,114.80000305175781
3359,,24.1390126,120.7484652,114.80000305175781
3360,0.90_7.91_1.25_73.86_36.71_-17.46_34.63_-29.63_0.31_0.4929_0.5590_-0.4983_-0.4431end0.90_7.91_1.25_73.75_40.40_-16.79_34.63_-29.63_0.31_0.5016_0.5553_-0.4929_-0.4440end0.47_7.97_0.34_73.75_40.40_-16.79_34.63_-29.63_0.31_0.5016_0.5553_-0.4929_-0.4440end0.47_7.97_0.34_72.51_43.08_-16.56_34.63_-29.63_0.31_0.5016_0.5553_-0.4929_-0.4440end0.21_7.99_-0.19_72.51_43.08_-16.56_36.13_-28.50_3.06_0.5016_0.5553_-0.4929_-0.4440end0.26_7.98_-0.25_72.51_43.08_-16.56_36.13_-28.50_3.06_0.5170_0.5499_-0.4828_-0.4442end0.12_8.01_-0.73_72.51_43.08_-16.56_36.13_-28.50_3.06_0.5201_0.5489_-0.4807_-0.4441end0.18_8.02_-0.79_72.07_46.33_-17.35_36.13_-28.50_3.06_0.5201_0.5489_-0,24.1390126,120.7484652,114.80000305175781
3361,.4807_-0.4441end0.02_8.02_-1.02_72.07_46.33_-17.35_36.13_-28.50_3.06_0.5290_0.5455_-0.4747_-0.4442end-0.14_8.06_-1.00_72.07_46.33_-17.35_36.50_-29.56_4.44_0.5318_0.5442_-0.4728_-0.4445end,24.1390126,120.7484652,114.80000305175781
3362,,24.1390126,120.7484652,114.80000305175781
3363,,24.1390126,120.7484652,114.80000305175781
3364,,24.1390126,120.7484652,114.80000305175781
3365,,24.1390126,120.7484652,114.80000305175781
3366,,24.1390126,120.7484652,114.80000305175781
3367,,24.1390126,120.7484652,114.80000305175781
3368,,24.1390126,120.7484652,114.80000305175781
3369,-0.25_8.08_-1.03_72.07_33.12_-15.55_36.50_-29.56_4.44_0.5318_0.5442_-0.4728_-0.4445end-0.33_8.10_-1.18_72.07_33.12_-15.55_36.50_-29.56_4.44_0.5399_0.5402_-0.4673_-0.4454end-0.41_8.20_-1.23_72.07_33.12_-15.55_35.75_-28.12_6.69_0.5426_0.5388_-0.4655_-0.4457end-0.40_8.23_-1.51_72.07_33.12_-15.55_35.75_-28.12_6.69_0.5452_0.5375_-0.4637_-0.4460end-0.46_8.16_-1.65_68.93_29.66_-15.00_35.75_-28.12_6.69_0.5452_0.5375_-0.4637_-0.4460end-0.46_8.16_-1.65_68.04_24.40_-13.76_35.75_-28.12_6.69_0.5526_0.5333_-0.4587_-0.4471end-0.68_8.21_-2.41_68.04_24.40_-13.76_35.75_-28.12_6.69_0.5526_0.5333_-0.4587_-0.4471end-0.89_8.27_-2.88_67.26_18.02_-12.87_35.75_-28.12_6.69_0.5526_0.5333_-0.4587_-0.4471end-0.95_8.25_-3.01_67.48_15.00_-12.42_35.75_-28.12_6.69_0.5526_0.5333_-0.4587_-0.4471end-0.95_8.25_-3.01_67.48_15.00_-12.42_35.38_-28.12_6.25_0.5613_0.5272_-0.4528_-0.4494end,24.1390126,120.7484652,114.80000305175781
3370,,24.1390126,120.7484652,114.80000305175781
3371,,24.1390126,120.7484652,114.80000305175781
3372,,24.1390126,120.7484652,114.80000305175781
3373,,24.1390126,120.7484652,114.80000305175781
3374,,24.1390126,120.7484652,114.80000305175781
3375,,24.1390126,120.7484652,114.80000305175781
3376,-0.95_8.25_-3.01_66.92_10.74_-12.53_35.38_-28.12_6.25_0.5653_0.5239_-0.4502_-0.4509end-1.07_8.35_-3.26_66.92_10.74_-12.53_35.06_-27.75_8.94_0.5653_0.5239_-0.4502_-0.4509end-1.07_8.35_-3.26_65.13_2.01_-11.53_35.06_-27.75_8.94_0.5689_0.5204_-0.4479_-0.4526end-1.04_8.42_-3.24_65.13_2.01_-11.53_35.06_-27.75_8.94_0.5706_0.5186_-0.4469_-0.4536end-1.02_8.45_-3.35_63.34_-6.49_-10.97_35.06_-27.75_8.94_0.5722_0.5167_-0.4460_-0.4547end-1.02_8.45_-3.35_63.34_-6.49_-10.97_36.50_-27.13_8.06_0.5750_0.5128_-0.4445_-0.4570end-0.93_8.46_-3.57_63.34_-6.49_-10.97_36.50_-27.13_8.06_0.5750_0.5128_-0.4445_-0.4570end-0.74_8.53_-3.74_63.34_-6.49_-10.97_36.50_-27.13_8.06_0.5776_0.5087_-0.4434_-0.4595end-0.65_8.50_-3.80_58.97_-19.92_-10.63_36.50_-27.13_8.06_0.5776_0.5087_-0.4434_-0.4595end-0.53_8.51_-3.82_58.41_-20.93_-10.97_36.50_-27.13_8.06_0.5809_0.5024_-0.4420_-0.4634end,24.1390126,120.7484652,114.80000305175781
3377,,24.1390126,120.7484652,114.80000305175781
3378,,24.1390126,120.7484652,114.80000305175781
3379,,24.1390126,120.7484652,114.80000305175781
3380,,24.1390126,120.7484652,114.80000305175781
3381,,24.1390126,120.7484652,114.80000305175781
3382,,24.1390126,120.7484652,114.80000305175781
3383,-0.44_8.52_-3.84_58.41_-20.93_-10.97_36.50_-27.13_8.06_0.5821_0.5004_-0.4416_-0.4646end-0.27_8.58_-3.84_58.41_-20.93_-10.97_36.50_-27.13_8.06_0.5821_0.5004_-0.4416_-0.4646end-0.27_8.58_-3.84_58.41_-20.93_-10.97_36.56_-26.75_11.25_0.5858_0.4948_-0.4398_-0.4677end-0.38_8.61_-3.83_58.41_-20.93_-10.97_36.56_-26.75_11.25_0.5871_0.493,24.1390126,120.7484652,114.80000305175781
3384,1_-0.4390_-0.4685end-0.60_8.61_-3.84_58.41_-20.93_-10.97_37.56_-26.75_9.88_0.5871_0.4931_-0.4390_-0.4685end-0.60_8.66_-3.86_58.41_-20.93_-10.97_36.56_-26.75_10.81_0.5871_0.4931_-0.4390_-0.4685end-0.78_8.68_-3.71_52.71_7.83_-11.08_36.56_-26.75_10.81_0.5871_0.4931_-0.4390_-0.4685end-0.83_8.70_-3.71_52.71_7.83_-11.08_36.56_-27.06_10.31_0.5871_0.4931_-0.4390_-0.4685end-0.83_8.70_-3.71_51.48_10.97_-11.30_36.56_-27.06_10.31_0.5961_0.4845_-0.4328_-0.4719end-0.83_8.70_-3.71_51.48_10.97_-11.30_36.88_-26.37_12.63_0.5975_0.4832_-0.4317_-0.4723end,24.1390126,120.7484652,114.80000305175781
3385,,24.1390126,120.7484652,114.80000305175781
3386,,24.1390126,120.7484652,114.80000305175781
3387,,24.1390126,120.7484652,114.80000305175781
3388,,24.1390126,120.7484652,114.80000305175781
3389,,24.1390126,120.7484652,114.80000305175781
3390,-1.02_8.74_-3.50_51.48_10.97_-11.30_36.56_-26.37_10.31_0.5975_0.4832_-0.4317_-0.4723end-1.09_8.75_-3.48_49.91_8.95_-10.63_36.56_-26.37_10.31_0.5975_0.4832_-0.4317_-0.4723end-1.09_8.75_-3.48_49.01_7.05_-9.96_36.56_-26.37_10.31_0.5975_0.4832_-0.4317_-0.4723end-1.11_8.74_-3.43_49.01_7.05_-9.96_37.25_-26.00_11.75_0.6047_0.4766_-0.4265_-0.4746end-1.14_8.75_-3.35_49.01_7.05_-9.96_37.25_-26.00_11.75_0.6060_0.4753_-0.4256_-0.4752end-1.14_8.79_-3.26_47.56_3.92_-9.74_37.25_-26.00_11.75_0.6060_0.4753_-0.4256_-0.4752end-1.08_8.75_-3.23_47.56_3.92_-9.74_37.25_-26.37_11.25_0.6085_0.4725_-0.4238_-0.4762end-1.08_8.75_-3.23_47.56_3.92_-9.74_37.25_-26.37_11.25_0.6109_0.4698_-0.4222_-0.4774end-1.11_8.77_-3.16_46.55_0.22_-9.06_37.25_-26.37_11.25_0.6121_0.4683_-0.4214_-0.4780end-1.11_8.75_-3.14_46.55_0.22_-9.06_38.00_-25.62_12.63_0.6121_0.4683_-0.4214_-0.4780end,24.1390126,120.7484652,114.80000305175781
3391,,24.1390126,120.7484652,114.80000305175781
3392,,24.1390126,120.7484652,114.80000305175781
3393,,24.1390126,120.7484652,114.80000305175781
3394,,24.1390126,120.7484652,114.80000305175781
3395,,24.1390126,120.7484652,114.80000305175781
3396,,24.1390126,120.7484652,114.80000305175781
3397,,24.1390126,120.7484652,114.80000305175781
3398,-1.11_8.75_-3.14_45.99_2.46_-8.39_38.00_-25.62_12.63_0.6144_0.4656_-0.4198_-0.4791end-1.16_8.74_-3.09_45.99_2.46_-8.39_38.00_-25.62_12.63_0.6155_0.4643_-0.4189_-0.4796end-1.21_8.75_-3.02_45.43_5.04_-8.62_38.00_-25.62_12.63_0.6167_0.4630_-0.4180_-0.4802end-1.21_8.75_-3.02_45.43_5.04_-8.62_37.25_-25.31_11.75_0.6167_0.4630_-0.4180_-0.4802end-1.21_8.75_-3.02_44.54_6.04_-7.27_37.25_-25.31_11.75_0.6202_0.4593_-0.4152_-0.4816end-1.46_8.75_-2.91_44.54_6.04_-7.27_37.25_-25.31_11.75_0.6202_0.4593_-0.4152_-0.4816end-1.46_8.75_-2.91_44.54_6.04_-7.27_37.63_-25.62_14.44_0.6224_0.4568_-0.4135_-0.4827end-1.67_8.71_-2.93_44.54_6.04_-7.27_37.63_-25.62_14.44_0.6244_0.454,24.1390126,120.7484652,114.80000305175781
3399,0_-0.4120_-0.4840end-1.70_8.71_-2.97_43.76_-10.07_-6.27_36.88_-23.94_13.94_0.6244_0.4540_-0.4120_-0.4840end-1.68_8.67_-3.07_43.76_-10.07_-6.27_36.88_-23.94_13.94_0.6244_0.4540_-0.4120_-0.4840end,24.1390126,120.7484652,114.80000305175781
3400,,24.1390126,120.7484652,114.80000305175781
3401,,24.1390126,120.7484652,114.80000305175781
3402,,24.1390126,120.7484652,114.80000305175781
3403,,24.1390126,120.7484652,114.80000305175781
3404,,24.1390126,120.7484652,114.80000305175781
3405,-1.60_8.70_-3.05_43.76_-10.07_-6.27_36.56_-24.63_13.06_0.6275_0.4478_-0.4101_-0.4874end-1.54_8.69_-3.02_43.76_-10.07_-6.27_36.88_-23.87_14.94_0.6282_0.4461_-0.4099_-0.4883end-1.45_8.66_-3.04_43.76_-10.07_-6.27_36.88_-23.87_14.94_0.6287_0.4443_-0.4096_-0.4894end-1.37_8.63_-3.22_43.76_-10.07_-6.27_36.88_-23.87_14.94_0.6287_0.4443_,24.1390126,120.7484652,114.80000305175781
3406,-0.4096_-0.4894end-1.32_8.65_-3.26_41.85_-23.84_-4.70_36.88_-23.87_14.94_0.6287_0.4443_-0.4096_-0.4894end-1.21_8.61_-3.49_41.85_-23.84_-4.70_36.88_-23.87_14.94_0.6307_0.4374_-0.4090_-0.4936end-1.18_8.59_-3.50_41.85_-23.84_-4.70_37.63_-23.56_14.06_0.6312_0.4358_-0.4088_-0.4946end-1.09_8.62_-3.53_40.29_-21.93_-4.70_37.63_-23.56_14.06_0.6321_0.4324_-0.4084_-0.4966end-0.88_8.57_-3.62_40.29_-21.93_-4.70_38.38_-23.56_13.56_0.6326_0.4307_-0.4083_-0.4976end-0.61_8.54_-3.46_40.29_-21.93_-4.70_38.38_-23.56_13.56_0.6332_0.4291_-0.4080_-0.4985end,24.1390126,120.7484652,114.80000305175781
3407,,24.1390126,120.7484652,114.80000305175781
3408,,24.1390126,120.7484652,114.80000305175781
3409,,24.1390126,120.7484652,114.80000305175781
3410,,24.1390126,120.7484652,114.80000305175781
3411,,24.1390126,120.7484652,114.80000305175781
3412,-0.44_8.55_-3.33_40.29_-21.93_-4.70_38.38_-23.56_13.56_0.6332_0.4291_-0.4080_-0.4985end-0.48_8.53_-3.08_40.73_-11.08_-5.93_38.38_-23.56_13.56_0.6332_0.4291_-0.4080_-0.4985end-0.79_8.50_-3.14_40.73_-11.08_-5.93_38.38_-23.56_13.56_0.6359_0.4232_-0.4062_-0.5015end-0.93_8.53_-3.20_39.28_-6.83_-4.70_38.38_-23.56_13.56_0.6359_0.4232_-,24.1390126,120.7484652,114.80000305175781
3413,0.4062_-0.5015end-1.37_8.50_-3.74_38.50_-7.72_-4.70_38.38_-23.56_13.56_0.6359_0.4232_-0.4062_-0.5015end-1.47_8.53_-4.11_38.50_-7.72_-4.70_38.38_-23.56_13.56_0.6387_0.4177_-0.4041_-0.5043end-1.66_8.48_-5.06_38.50_-7.72_-4.70_38.38_-23.56_13.56_0.6392_0.4163_-0.4037_-0.5051end-1.73_8.50_-5.97_38.50_-7.72_-4.70_38.38_-23.56_13.56_0,24.1390126,120.7484652,114.80000305175781
3414,,24.1390126,120.7484652,114.80000305175781
3415,.6397_0.4148_-0.4036_-0.5059end-1.65_8.46_-6.26_37.26_-26.19_-6.27_38.38_-23.56_13.56_0.6397_0.4148_-0.4036_-0.5059end-1.59_8.45_-6.47_37.71_-31.45_-6.15_38.38_-23.56_13.56_0.6397_0.4148_-0.4036_-0.5059end,24.1390126,120.7484652,114.80000305175781
3416,,24.1390126,120.7484652,114.80000305175781
3417,,24.1390126,120.7484652,114.80000305175781
3418,,24.1390126,120.7484652,114.80000305175781
3419,,24.1390126,120.7484652,114.80000305175781
3420,-1.59_8.45_-6.47_38.83_-38.50_-6.27_38.38_-22.50_14.06_0.6406_0.4094_-0.4037_-0.5089end-1.59_8.45_-6.47_38.83_-38.50_-6.27_38.38_-22.50_14.06_0.6409_0.4053_-0.4044_-0.5112end-0.83_8.53_-6.36_38.83_-38.50_-6.27_38.00_-23.19_14.50_0.6409_0.4053_-0.4044_-0.5112end-0.63_8.48_-6.27_37.82_-43.08_-6.94_38.00_-23.19_14.50_0.6409_0.4053_-0.4044_-0.5112end-0.63_8.48_-6.27_37.82_-43.08_-6.94_38.38_-22.56_13.13_0.6412_0.3969_-0.4062_-0.5161end-0.39_8.42_-6.61_37.82_-43.08_-6.94_38.38_-22.56_13.13_0.6413_0.3948_-0.4067_-0.5171end-0.39_8.42_-6.61_33.35_-34.13_-8.06_38.38_-22.56_13.13_0.6414_0.3930_-0.4071_-0.5181end-0.34_8.48_-7.40_33.35_-34.13_-8.06_37.25_-22.56_13,24.1390126,120.7484652,114.80000305175781
3421,.13_0.6414_0.3930_-0.4071_-0.5181end-0.50_8.53_-7.67_32.34_-26.41_-8.50_37.25_-22.56_13.13_0.6422_0.3878_-0.4077_-0.5206end-0.50_8.53_-7.67_31.56_-20.03_-9.18_37.25_-22.56_13.13_0.6422_0.3878_-0.4077_-0.5206end,24.1390126,120.7484652,114.80000305175781
3422,,24.1390126,120.7484652,114.80000305175781
3423,,24.1390126,120.7484652,114.80000305175781
3424,,24.1390126,120.7484652,114.80000305175781
3425,,24.1390126,120.7484652,114.80000305175781
3426,,24.1390126,120.7484652,114.80000305175781
3427,-0.57_8.51_-7.04_31.56_-20.03_-9.18_37.25_-22.56_13.13_0.6425_0.3862_-0.4077_-0.5213end-0.59_8.52_-6.80_31.56_-20.03_-9.18_37.25_-22.56_13.13_0.6440_0.3821_-0.4073_-0.5229end-0.55_8.59_-6.50_31.56_-20.03_-9.18_38.75_-22.87_14.94_0.6445_0.3808_-0.4070_-0.5233end-0.63_8.59_-6.46_31.56_-20.03_-9.18_39.13_-22.19_14.06_0.6445_0.3808_,24.1390126,120.7484652,114.80000305175781
3428,-0.4070_-0.5233end-0.74_8.61_-6.55_26.63_-1.23_-10.30_39.13_-22.19_14.06_0.6445_0.3808_-0.4070_-0.5233end-0.84_8.57_-6.70_26.63_-1.23_-10.30_39.13_-22.19_14.06_0.6472_0.3769_-0.4055_-0.5241end-1.12_8.51_-7.04_26.63_-1.23_-10.30_39.13_-22.50_14.06_0.6479_0.3762_-0.4049_-0.5242end-1.18_8.49_-7.02_26.63_-1.23_-10.30_39.13_-22.50_14.06_0.6487_0.3754_-0.4044_-0.5242end-1.28_8.48_-6.98_23.50_6.27_-10.97_39.13_-20.81_14.13_0.6487_0.3754_-0.4044_-0.5242end-1.23_8.50_-6.80_23.50_6.27_-10.97_39.13_-20.81_14.13_0.6501_0.3740_-0.4033_-0.5242end,24.1390126,120.7484652,114.80000305175781
3429,,24.1390126,120.7484652,114.80000305175781
3430,,24.1390126,120.7484652,114.80000305175781
3431,,24.1390126,120.7484652,114.80000305175781
3432,,24.1390126,120.7484652,114.80000305175781
3433,,24.1390126,120.7484652,114.80000305175781
3434,,24.1390126,120.7484652,114.80000305175781
3435,-1.23_8.50_-6.80_23.50_6.27_-10.97_39.13_-20.81_14.13_0.6516_0.3723_-0.4025_-0.5243end-1.16_8.58_-5.64_23.50_6.27_-10.97_39.13_-20.81_14.13_0.6516_0.3723_-0.4025_-0.5243end-1.24_8.54_-5.37_22.72_-3.13_-10.97_39.13_-20.81_14.13_0.6516_0.3723_-0.4025_-0.5243end-1.35_8.55_-5.25_22.72_-3.13_-10.97_39.13_-21.12_14.13_0.6538_0.3687_-0,24.1390126,120.7484652,114.80000305175781
3436,,24.1390126,120.7484652,114.80000305175781
3437,.4014_-0.5248end-1.46_8.54_-5.08_22.72_-3.13_-10.97_39.13_-21.12_14.13_0.6544_0.3679_-0.4012_-0.5250end-1.57_8.53_-4.98_22.72_-3.13_-10.97_38.75_-20.81_13.62_0.6544_0.3679_-0.4012_-0.5250end-1.68_8.54_-4.88_22.72_-3.13_-10.97_39.88_-21.12_14.50_0.6561_0.3655_-0.4004_-0.5251end-1.78_8.55_-4.86_18.35_2.13_-10.30_39.88_-21.12_14.50,24.1390126,120.7484652,114.80000305175781
3438,,24.1390126,120.7484652,114.80000305175781
3439,,24.1390126,120.7484652,114.80000305175781
3440,,24.1390126,120.7484652,114.80000305175781
3441,_0.6566_0.3648_-0.4001_-0.5251end-2.01_8.48_-4.77_18.35_2.13_-10.30_39.88_-21.12_14.50_0.6572_0.3641_-0.3998_-0.5251end-2.01_8.48_-4.77_18.35_2.13_-10.30_39.88_-20.81_14.56_0.6578_0.3635_-0.3994_-0.5250end,24.1390126,120.7484652,114.80000305175781
3442,-2.07_8.49_-4.66_18.35_2.13_-10.30_39.88_-20.81_14.56_0.6578_0.3635_-0.3994_-0.5250end-2.18_8.48_-4.41_18.35_2.13_-10.30_39.88_-20.81_14.56_0.6599_0.3618_-0.3978_-0.5248end-2.18_8.50_-4.27_18.35_2.13_-10.30_39.88_-20.81_14.56_0.6606_0.3614_-0.3972_-0.5247end-2.28_8.50_-4.05_18.35_2.13_-10.30_39.50_-21.44_15.44_0.6606_0.3614_-0.3,24.1390126,120.7484652,114.80000305175781
3443,972_-0.5247end-2.32_8.51_-3.87_18.91_17.23_-9.74_39.50_-21.44_15.44_0.6606_0.3614_-0.3972_-0.5247end-2.32_8.51_-3.87_18.91_17.23_-9.74_40.25_-21.12_15.00_0.6630_0.3604_-0.3950_-0.5240end-2.63_8.51_-3.71_19.25_13.09_-8.39_40.25_-21.12_15.00_0.6644_0.3595_-0.3936_-0.5238end-2.71_8.45_-3.66_19.25_13.09_-8.39_40.25_-21.12_15.00_0.6650_0.3589_-0.3931_-0.5239end-2.90_8.46_-3.68_19.25_13.09_-8.39_40.25_-21.12_15.00_0.6650_0.3589_-0.3931_-0.5239end-2.90_8.44_-3.64_19.02_-9.51_-6.60_40.25_-21.12_15.00_0.6660_0.3565_-0.3927_-0.5245end,24.1390126,120.7484652,114.80000305175781
3444,,24.1390126,120.7484652,114.80000305175781
3445,,24.1390126,120.7484652,114.80000305175781
3446,,24.1390126,120.7484652,114.80000305175781
3447,,24.1390126,120.7484652,114.80000305175781
3448,,24.1390126,120.7484652,114.80000305175781
3449,,24.1390126,120.7484652,114.80000305175781
3450,-2.84_8.46_-3.66_19.02_-9.51_-6.60_40.25_-21.12_15.00_0.6661_0.3554_-0.3929_-0.5250end-2.77_8.42_-3.62_19.02_-9.51_-6.60_40.25_-21.12_15.00_0.6661_0.3541_-0.3934_-0.5256end-2.39_8.38_-3.41_19.02_-9.51_-6.60_40.25_-21.12_15.00_0.6661_0.3541_-0.3934_-0.5256end-2.11_8.38_-3.25_19.02_-9.51_-6.60_40.25_-21.12_15.00_0.6656_0.3510_-0.3948_-0.5271end-2.01_8.36_-3.11_20.59_-47.67_-4.92_39.13_-19.37_16.37_0.6656_0.3510_-0.3948_-0.5271end-2.01_8.36_-3.11_20.59_-47.67_-4.92_39.13_-19.37_16.37_0.6645_0.3457_-0.3976_-0.5298end-1.63_8.37_-2.80_20.59_-47.67_-4.92_39.13_-19.37_16.37_0.6645_0.3457_-0.3976_-0.5298end-1.54_8.32_-2.71_20.59_-47.67_-4.92_39.13_-19.37_16.37_,24.1390126,120.7484652,114.80000305175781
3451,0.6636_0.3420_-0.3998_-0.5319end-1.52_8.31_-2.67_21.49_-56.85_-4.25_39.13_-19.37_16.37_0.6636_0.3420_-0.3998_-0.5319end-1.52_8.31_-2.67_21.49_-56.85_-4.25_39.13_-19.37_16.37_0.6619_0.3358_-0.4034_-0.5352end,24.1390126,120.7484652,114.80000305175781
3452,,24.1390126,120.7484652,114.80000305175781
3453,,24.1390126,120.7484652,114.80000305175781
3454,,24.1390126,120.7484652,114.80000305175781
3455,,24.1390126,120.7484652,114.80000305175781
3456,,24.1390126,120.7484652,114.80000305175781
3457,-1.39_8.27_-2.44_21.49_-56.85_-4.25_39.13_-19.37_16.37_0.6613_0.3336_-0.4047_-0.5363end-1.30_8.23_-2.14_21.49_-56.85_-4.25_39.13_-19.37_16.37_0.6613_0.3336_-0.4047_-0.5363end-1.25_8.24_-2.04_24.84_-54.72_-5.48_39.13_-19.37_16.37_0.6613_0.3336_-0.4047_-0.5363end-1.25_8.24_-2.04_24.84_-54.72_-5.48_40.25_-18.81_13.19_0.6594_0.3251_-0.4089_-0.5407end-1.16_8.12_-1.93_24.84_-54.72_-5.48_40.25_-18.81_13.19_0.6591_0.3231_-0.4097_-0.5417end-1.21_8.06_-1.84_24.84_-54.72_-5.48_41.31_-19.75_13.19_0.6591_0.3231_-0.4097_-0.5417end-1.27_8.18_-1.96_31.45_-40.85_-6.49_41.31_-19.75_13.19_0.6591_0.3231_-0.4097_-0.5417end-1.27_8.18_-1.96_32.34_-38.16_-6.49_39.88_-19.12_13.19_0.6591_0.3231_-0.4097_-0.5417end-1.27_8.18_-1.96_31.22_-33.68_-6.71_39.88_-19.12_13.19_0.6584_0.3131_-0.4122_-0.5464end-2.00_8.14_-2.13_31.22_-33.68_-6.71_39.88_-19.12_13.19_0.6584_0.3113_-0.4125_-0.5472end,24.1390126,120.7484652,114.80000305175781
3458,,24.1390126,120.7484652,114.80000305175781
3459,,24.1390126,120.7484652,114.80000305175781
3460,,24.1390126,120.7484652,114.80000305175781
3461,,24.1390126,120.7484652,114.80000305175781
3462,,24.1390126,120.7484652,114.80000305175781
3463,-2.00_8.14_-2.13_28.20_-36.37_-7.27_39.88_-19.12_13.19_0.6583_0.3095_-0.4129_-0.5480end-2.07_8.13_-2.97_26.52_-41.96_-7.61_39.88_-19.12_13.19_0.6583_0.3095_-0.4129_-0.5480end-1.98_10.20_-3.94_26.52_-41.96_-7.61_39.88_-19.12_13.19_0.6573_0.3033_-0.4155_-0.5507end-1.98_10.20_-3.94_26.41_-81.36_-8.39_40.56_-18.81_12.31_0.6566_0.300,24.1390126,120.7484652,114.80000305175781
3464,7_-0.4170_-0.5519end-2.17_10.95_-4.56_25.74_-98.03_-8.62_40.56_-18.81_12.31_0.6566_0.3007_-0.4170_-0.5519end-2.11_16.36_-8.61_23.50_-111.35_-9.29_40.56_-18.81_12.31_0.6566_0.3007_-0.4170_-0.5519end-2.11_16.36_-8.61_23.50_-111.35_-9.29_42.44_-19.12_11.44_0.6505_0.2861_-0.4276_-0.5587end-0.88_19.73_-6.82_23.50_-111.35_-9.29_42.44_-19.12_11.44_0.6482_0.2815_-0.4313_-0.5609end-0.84_20.59_-7.69_25.74_-153.76_-7.95_41.31_-18.81_10.50_0.6482_0.2815_-0.4313_-0.5609end-0.77_20.80_-6.64_25.74_-153.76_-7.95_41.31_-18.81_10.50_0.6436_0.2723_-0.4387_-0.5649end,24.1390126,120.7484652,114.80000305175781
3465,,24.1390126,120.7484652,114.80000305175781
3466,,24.1390126,120.7484652,114.80000305175781
3467,,24.1390126,120.7484652,114.80000305175781
3468,,24.1390126,120.7484652,114.80000305175781
3469,,24.1390126,120.7484652,114.80000305175781
3470,,24.1390126,120.7484652,114.80000305175781
3471,,24.1390126,120.7484652,114.80000305175781
3472,-0.77_20.80_-6.64_25.74_-153.76_-7.95_41.31_-18.81_10.50_0.6393_0.2639_-0.4453_-0.5686end1.07_21.72_-3.66_25.74_-153.76_-7.95_41.69_-18.19_8.25_0.6393_0.2639_-0.4453_-0.5686end0.85_21.57_-4.05_25.74_-153.76_-7.95_41.69_-18.19_8.25_0.6360_0.2574_-0.4505_-0.5712end0.41_20.72_-5.45_25.74_-153.76_-7.95_42.75_-18.19_7.87_0.6345_0.2536_-0.4533_-0.5724end0.13_20.16_-5.86_9.62_-4.59_-12.65_42.75_-18.87_6.94_0.6346_0.2527_-0.4536_-0.5724end0.05_19.38_-5.68_9.62_-4.59_-12.65_42.75_-18.87_6.94_0.6351_0.2522_-0.4534_-0.5722end-0.10_18.67_-4.77_9.62_-4.59_-12.65_42.75_-18.87_6.94_0.6360_0.2522_-0.4527_-0.5718end-0.25_18.27_-4.21_10.07_39.06_-14.44_42.75_-18.87_6.94_0.6360_0.2522_-0.4527_-0.5718end-0.89_17.49_-3.25_10.07_39.06_-14.44_42.75_-18.87_6.94_0.6398_0.2536_-0.4490_-0.5699end-1.22_17.20_-3.10_10.07_39.06_-14.44_43.50_-17.50_7.37_0.6412_0.2545_-0.4476_-0.5691end,24.1390126,120.7484652,114.80000305175781
3473,,24.1390126,120.7484652,114.80000305175781
3474,,24.1390126,120.7484652,114.80000305175781
3475,,24.1390126,120.7484652,114.80000305175781
3476,,24.1390126,120.7484652,114.80000305175781
3477,,24.1390126,120.7484652,114.80000305175781
3478,,24.1390126,120.7484652,114.80000305175781
3479,-1.53_16.61_-2.94_10.07_39.06_-14.44_43.50_-17.50_7.37_0.6412_0.2545_-0.4476_-0.5691end-1.61_16.05_-2.82_10.07_39.06_-14.44_43.50_-17.50_7.37_0.6452_0.2578_-0.4431_-0.5666end-1.98_15.94_-2.71_10.07_39.06_-14.44_43.50_-17.50_7.37_0.6463_0.2590_-0.4417_-0.5657end-3.17_15.44_-3.83_10.07_39.06_-14.44_43.50_-17.50_7.37_0.6463_0.2590_-0.4417_-0.5657end-3.43_14.82_-5.20_-8.17_61.55_-5.15_43.50_-17.50_7.37_0.6463_0.2590_-0.4417_-0.5657end-3.43_14.82_-5.20_-9.06_67.93_-4.03_43.50_-17.06_11.06_0.6498_0.2636_-0.4374_-0.5629end-2.22_13.75_-4.70_-9.06_67.93_-4.03_43.50_-17.06_11.06_0.6523_0.2673_-0.4341_-0.5608end-2.22_13.75_-4.70_-10.41_53.83_3.25_42.06_-18.12_11.,24.1390126,120.7484652,114.80000305175781
3480,00_0.6533_0.2689_-0.4327_-0.5600end-3.43_13.15_-2.45_-10.41_53.83_3.25_42.06_-17.81_10.56_0.6533_0.2689_-0.4327_-0.5600end-3.70_12.81_-2.15_-16.56_50.13_8.06_42.06_-17.81_10.56_0.6552_0.2743_-0.4292_-0.5579end,24.1390126,120.7484652,114.80000305175781
3481,,24.1390126,120.7484652,114.80000305175781
3482,,24.1390126,120.7484652,114.80000305175781
3483,,24.1390126,120.7484652,114.80000305175781
3484,,24.1390126,120.7484652,114.80000305175781
3485,,24.1390126,120.7484652,114.80000305175781
3486,,24.1390126,120.7484652,114.80000305175781
3487,,24.1390126,120.7484652,114.80000305175781
3488,,24.1390126,120.7484652,114.80000305175781
3489,-3.36_11.94_-2.40_-16.56_50.13_8.06_42.06_-17.81_10.56_0.6558_0.2766_-0.4280_-0.5571end-2.75_11.17_-3.07_-16.56_50.13_8.06_42.06_-17.06_11.94_0.6558_0.2766_-0.4280_-0.5571end-2.73_10.77_-3.36_-31.45_59.53_12.53_42.06_-17.06_11.94_0.6572_0.2841_-0.4246_-0.5542end-3.02_10.57_-3.55_-36.03_48.46_18.80_42.06_-17.06_11.94_0.6573_0.286,24.1390126,120.7484652,114.80000305175781
3490,,24.1390126,120.7484652,114.80000305175781
3491,,24.1390126,120.7484652,114.80000305175781
3492,6_-0.4237_-0.5535end-3.19_10.31_-3.62_-36.03_48.46_18.80_42.06_-17.06_11.94_0.6572_0.2892_-0.4230_-0.5527end-3.41_10.18_-3.12_-36.03_48.46_18.80_42.06_-18.81_11.44_0.6572_0.2892_-0.4230_-0.5527end-3.10_10.29_-3.01_-47.00_42.52_23.39_42.06_-18.81_12.81_0.6572_0.2892_-0.4230_-0.5527end-2.47_10.35_-3.43_-56.29_31.67_27.53_42.06_-18,24.1390126,120.7484652,114.80000305175781
3493,.81_12.81_0.6572_0.2892_-0.4230_-0.5527end-2.47_10.35_-3.43_-56.29_31.67_27.53_42.06_-18.81_12.81_0.6546_0.3030_-0.4218_-0.5493end-2.41_9.97_-4.36_-56.29_31.67_27.53_42.06_-18.81_12.81_0.6546_0.3030_-0.4218_-0.5493end,24.1390126,120.7484652,114.80000305175781
3494,-2.17_9.70_-4.46_-56.29_31.67_27.53_42.06_-18.81_12.81_0.6522_0.3091_-0.4227_-0.5481end-1.91_9.58_-4.40_-77.66_30.33_35.36_42.06_-18.81_12.81_0.6522_0.3091_-0.4227_-0.5481end-1.91_9.58_-4.40_-77.66_30.33_35.36_42.06_-18.81_12.81_0.6482_0.3195_-0.4243_-0.5457end-1.49_9.34_-4.21_-77.66_30.33_35.36_40.94_-19.44_12.31_0.6482_0.3195_-0.4243_-0.5457end-1.49_9.34_-4.21_-87.40_39.17_38.27_40.94_-19.44_12.31_0.6454_0.3276_-0.4250_-0.5436end-1.50_8.97_-4.40_-87.40_39.17_38.27_40.94_-19.44_12.31_0.6440_0.3322_-0.4254_-0.5422end-1.41_8.45_-4.25_-102.17_58.86_40.51_40.94_-19.44_12.31_0.6440_0.3322_-0.4254_-0.5422end-1.41_8.45_-4.25_-111.57_68.15_41.63_40.94_-19.44_,24.1390126,120.7484652,114.80000305175781
3495,12.31_0.6399_0.3474_-0.4258_-0.5371end-1.41_8.45_-4.25_-116.49_70.16_42.64_40.19_-20.81_11.38_0.6399_0.3474_-0.4258_-0.5371end-1.45_7.84_-3.49_-116.49_70.16_42.64_40.19_-20.81_11.38_0.6399_0.3474_-0.4258_-0.5371end,24.1390126,120.7484652,114.80000305175781
3496,,24.1390126,120.7484652,114.80000305175781
3497,,24.1390126,120.7484652,114.80000305175781
3498,,24.1390126,120.7484652,114.80000305175781
3499,,24.1390126,120.7484652,114.80000305175781
3500,-1.55_7.54_-3.37_-130.15_74.64_44.54_40.19_-20.81_11.38_0.6399_0.3474_-0.4258_-0.5371end-1.55_7.54_-3.37_-134.51_74.31_44.99_40.19_-22.94_10.94_0.6399_0.3474_-0.4258_-0.5371end-1.41_7.18_-2.82_-134.51_74.31_44.99_40.19_-22.94_10.94_0.6399_0.3474_-0.4258_-0.5371end-1.44_7.26_-2.62_-134.51_74.31_44.99_39.44_-22.87_12.69_0.6255_0.3,24.1390126,120.7484652,114.80000305175781
3501,961_-0.4279_-0.5184end-1.42_7.12_-2.52_-134.51_74.31_44.99_39.44_-22.94_11.31_0.6232_0.4024_-0.4286_-0.5157end-1.44_7.18_-2.37_-134.51_74.31_44.99_39.44_-22.94_11.31_0.6207_0.4088_-0.4293_-0.5131end-1.31_6.95_-2.01_-134.51_74.31_44.99_39.44_-22.94_11.31_0.6207_0.4088_-0.4293_-0.5131end-1.23_6.92_-1.91_-159.35_65.13_48.90_39.44_-22.94_11.31_0.6207_0.4088_-0.4293_-0.5131end-1.16_6.87_-1.77_-159.35_65.13_48.90_39.44_-22.94_11.31_0.6125_0.4286_-0.4319_-0.5046end-1.16_6.87_-1.77_-166.40_57.63_50.36_39.44_-22.94_11.31_0.6094_0.4354_-0.4329_-0.5016end,24.1390126,120.7484652,114.80000305175781
3502,,24.1390126,120.7484652,114.80000305175781
3503,,24.1390126,120.7484652,114.80000305175781
3504,,24.1390126,120.7484652,114.80000305175781
3505,,24.1390126,120.7484652,114.80000305175781
3506,,24.1390126,120.7484652,114.80000305175781
3507,,24.1390126,120.7484652,114.80000305175781
3508,-1.16_6.87_-1.77_-166.40_57.63_50.36_36.88_-25.37_10.81_0.6063_0.4420_-0.4340_-0.4987end-1.16_6.87_-1.77_-168.53_54.05_50.47_36.88_-25.37_10.81_0.5997_0.4550_-0.4364_-0.4929end-0.80_7.28_-1.18_-168.53_54.05_50.47_37.94_-25.69_9.44_0.5997_0.4550_-0.4364_-0.4929end-0.80_7.28_-1.18_-174.80_44.09_51.36_37.94_-25.69_9.44_0.5923_0.4681_-0.4392_-0.4870end-0.80_7.28_-1.18_-174.80_44.09_51.36_36.88_-27.13_9.00_0.5846_0.4810_-0.4422_-0.4810end-0.34_7.18_-0.29_-174.80_44.09_51.36_36.88_-27.13_9.00_0.5807_0.4872_-0.4437_-0.4781end-0.23_7.11_-0.14_-174.80_44.09_51.36_36.88_-27.13_9.00_0.5807_0.4872_-0.4437_-0.4781end-0.21_7.08_-0.00_-176.59_39.39_51.81_36.88_-27.13_9.00_0.5807_0.4872_-0.4437_-0.4781end-0.19_6.88_0.02_-176.59_39.39_51.81_36.88_-27.13_9.00_0.5684_0.5060_-0.4482_-0.4691end-0.19_6.88_0.02_-175.13_36.37_51.36_36.88_-27.13_9.00_0.5642_0.5121_-0.4497_-0.4661end,24.1390126,120.7484652,114.80000305175781
3509,,24.1390126,120.7484652,114.80000305175781
3510,,24.1390126,120.7484652,114.80000305175781
3511,,24.1390126,120.7484652,114.80000305175781
3512,,24.1390126,120.7484652,114.80000305175781
3513,,24.1390126,120.7484652,114.80000305175781
3514,,24.1390126,120.7484652,114.80000305175781
3515,-0.19_6.88_0.02_-175.13_36.37_51.36_36.88_-27.13_9.00_0.5555_0.5242_-0.4527_-0.4600end-0.19_6.88_0.02_-172.78_31.67_50.81_36.88_-27.13_9.00_0.5513_0.5300_-0.4542_-0.4570end0.21_6.64_0.09_-172.78_31.67_50.81_35.00_-28.50_5.75_0.5513_0.5300_-0.4542_-0.4570end0.21_6.64_0.09_-172.33_19.36_49.24_35.00_-28.50_5.75_0.5423_0.5414_-0.4573_-0.4513end0.21_6.64_0.09_-172.33_19.36_49.24_35.00_-28.50_5.75_0.5330_0.5521_-0.4607_-0.4459end0.81_6.82_0.38_-172.33_19.36_49.24_35.00_-28.50_5.75_0.5330_0.5521_-0.4607_-0.4459end1.06_6.80_0.10_-172.33_19.36_49.24_35.00_-30.25_4.81_0.5231_0.5626_-0.4645_-0.4406end1.14_6.80_-0.20_-170.10_2.80_49.24_35.00_-30.25_4.81_0.5231_0.5,24.1390126,120.7484652,114.80000305175781
3516,626_-0.4645_-0.4406end1.14_6.80_-0.20_-170.10_2.80_49.24_35.38_-30.94_2.56_0.5078_0.5771_-0.4703_-0.4334end1.00_6.68_-0.23_-164.95_0.00_50.47_35.38_-30.94_2.56_0.5027_0.5818_-0.4722_-0.4312end,24.1390126,120.7484652,114.80000305175781
3517,,24.1390126,120.7484652,114.80000305175781
3518,,24.1390126,120.7484652,114.80000305175781
3519,,24.1390126,120.7484652,114.80000305175781
3520,,24.1390126,120.7484652,114.80000305175781
3521,,24.1390126,120.7484652,114.80000305175781
3522,,24.1390126,120.7484652,114.80000305175781
3523,0.72_6.66_-0.15_-164.95_0.00_50.47_35.38_-30.94_2.56_0.4977_0.5864_-0.4739_-0.4288end0.77_6.70_0.10_-164.95_0.00_50.47_34.25_-31.00_1.19_0.4977_0.5864_-0.4739_-0.4288end1.07_6.93_0.21_-160.92_12.09_47.45_34.25_-31.00_1.19_0.4977_0.5864_-0.4739_-0.4288end1.07_6.93_0.21_-159.47_12.53_46.78_34.25_-31.00_1.19_0.4831_0.6003_-0.4785_-0.4211end1.29_7.22_-0.17_-157.56_11.19_47.11_34.25_-31.00_1.19_0.4783_0.6047_-0.4799_-0.4185end1.29_7.22_-0.17_-157.56_11.19_47.11_32.06_-31.69_0.25_0.4687_0.6136_-0.4827_-0.4134end1.03_7.30_-0.32_-157.56_11.19_47.11_32.06_-31.69_0.25_0.4591_0.6219_-0.4854_-0.4084end1.30_7.64_-0.43_-157.56_11.19_47.11_32.06_-31.69_0.25_0.4545_0.,24.1390126,120.7484652,114.80000305175781
3524,6259_-0.4867_-0.4060end1.74_8.04_-0.46_-157.56_11.19_47.11_32.38_-32.44_-3.81_0.4499_0.6298_-0.4880_-0.4036end1.79_8.23_-0.61_-143.02_5.93_41.85_32.38_-32.44_-3.81_0.4499_0.6298_-0.4880_-0.4036end,24.1390126,120.7484652,114.80000305175781
3525,,24.1390126,120.7484652,114.80000305175781
3526,,24.1390126,120.7484652,114.80000305175781
3527,,24.1390126,120.7484652,114.80000305175781
3528,,24.1390126,120.7484652,114.80000305175781
3529,,24.1390126,120.7484652,114.80000305175781
3530,,24.1390126,120.7484652,114.80000305175781
3531,1.81_8.39_-0.63_-143.02_5.93_41.85_32.00_-33.13_-3.37_0.4499_0.6298_-0.4880_-0.4036end1.81_8.39_-0.63_-138.65_11.75_39.84_32.00_-33.13_-3.37_0.4363_0.6411_-0.4915_-0.3962end1.81_8.39_-0.63_-136.41_17.35_38.72_32.00_-33.13_-3.37_0.4280_0.6486_-0.4933_-0.3907end1.81_8.39_-0.63_-131.83_28.98_35.36_32.00_-33.13_-3.37_0.4243_0.6523_-0.4941_-0.3879end1.81_8.39_-0.63_-131.83_28.98_35.36_32.00_-33.13_-3.37_0.4243_0.6523_-0.4941_-0.3879end1.81_8.39_-0.63_-124.10_40.96_30.55_32.00_-33.13_-3.37_0.4139_0.6633_-0.4957_-0.3782end1.63_7.81_-0.16_-124.10_40.96_30.55_32.00_-33.13_-3.37_0.4139_0.6633_-0.4957_-0.3782end1.42_7.56_-0.13_-124.10_40.96_30.55_32.00_-33.13_-3.37_0.4078_0.6702_-0.4964_-0.3716end1.34_7.43_-0.13_-115.82_45.99_26.30_32.00_-33.13_-3.37_0.4078_0.6702_-0.4964_-0.3716end1.34_7.43_-0.13_-115.82_45.99_26.30_32.00_-33.13_-3.37_0.3994_0.6802_-0.4971_-0.3614end,24.1390126,120.7484652,114.80000305175781
3532,,24.1390126,120.7484652,114.80000305175781
3533,,24.1390126,120.7484652,114.80000305175781
3534,,24.1390126,120.7484652,114.80000305175781
3535,,24.1390126,120.7484652,114.80000305175781
3536,,24.1390126,120.7484652,114.80000305175781
3537,,24.1390126,120.7484652,114.80000305175781
3538,1.32_7.13_0.02_-115.82_45.99_26.30_31.25_-33.19_-6.56_0.3969_0.6835_-0.4972_-0.3578end1.21_6.40_-0.02_-99.48_58.53_19.25_31.25_-33.19_-6.56_0.3969_0.6835_-0.4972_-0.3578end1.21_6.40_-0.02_-96.35_62.11_18.13_31.25_-33.19_-6.56_0.3925_0.6896_-0.4972_-0.3509end1.21_6.40_-0.02_-96.35_62.11_18.13_31.25_-33.19_-6.56_0.3888_0.6957_-0.4969_-0.3435end1.11_5.48_0.54_-96.35_62.11_18.13_32.00_-32.19_-7.44_0.3888_0.6957_-0.4969_-0.3435end1.11_5.48_0.54_-87.17_77.55_14.44_32.00_-32.50_-6.94_0.3888_0.6957_-0.4969_-0.3435end0.78_4.83_0.05_-87.17_77.55_14.44_32.00_-32.50_-6.94_0.3888_0.6957_-0.4969_-0.3435end0.78_4.83_0.05_-77.44_98.25_9.96_32.00_-32.50_-6.94_0.3888_0.6957_-0.4969_-0.3435end0.58_4.16_0.46_-77.44_98.25_9.96_32.00_-32.50_-6.94_0.3831_0.7132_-0.4932_-0.3182end0.13_3.99_0.68_-77.44_98.25_9.96_32.00_-33.56_-7.00_0.3831_0.7132_-0.4932_-0.3182end,24.1390126,120.7484652,114.80000305175781
3539,,24.1390126,120.7484652,114.80000305175781
3540,,24.1390126,120.7484652,114.80000305175781
3541,,24.1390126,120.7484652,114.80000305175781
3542,,24.1390126,120.7484652,114.80000305175781
3543,,24.1390126,120.7484652,114.80000305175781
3544,,24.1390126,120.7484652,114.80000305175781
3545,-0.04_3.91_0.76_-68.15_107.21_7.72_32.00_-33.56_-7.00_0.3830_0.7215_-0.4900_-0.3043end-0.21_3.83_0.73_-68.15_107.21_7.72_31.25_-33.19_-6.06_0.3832_0.7242_-0.4888_-0.2996end-0.54_3.84_0.64_-68.15_107.21_7.72_31.25_-33.19_-6.06_0.3834_0.7267_-0.4877_-0.2952end-1.02_3.85_0.68_-68.15_107.21_7.72_31.25_-33.19_-6.06_0.3834_0.7267_-0.4877_-0.2952end-1.02_3.85_0.68_-68.15_107.21_7.72_32.38_-32.19_-6.94_0.3836_0.7313_-0.4854_-0.2871end-2.05_3.99_0.76_-68.15_107.21_7.72_32.38_-32.19_-6.94_0.3836_0.7313_-0.4854_-0.2871end-2.55_4.35_0.58_-68.15_107.21_7.72_32.38_-32.19_-6.94_0.3836_0.7313_-0.4854_-0.2871end-2.55_4.35_0.58_-68.15_107.21_7.72_32.38_-32.19_-6.94_0.3804_0.7390_-0.4826_-0.2764end-2.75_5.57_0.32_-68.15_107.21_7.72_31.62_-32.88_-7.44_0.3787_0.7396_-0.4828_-0.2766end-2.71_5.74_0.28_-68.15_107.21_7.72_32.00_-33.19_-6.06_0.3763_0.7399_-0.4835_-0.2780end,24.1390126,120.7484652,114.80000305175781
3546,,24.1390126,120.7484652,114.80000305175781
3547,,24.1390126,120.7484652,114.80000305175781
3548,,24.1390126,120.7484652,114.80000305175781
3549,,24.1390126,120.7484652,114.80000305175781
3550,,24.1390126,120.7484652,114.80000305175781
3551,,24.1390126,120.7484652,114.80000305175781
3552,-2.56_5.77_0.40_-24.51_-90.76_21.93_32.00_-33.19_-6.06_0.3763_0.7399_-0.4835_-0.2780end-1.95_5.77_0.64_-20.48_-115.82_23.50_32.00_-33.19_-6.06_0.3668_0.7386_-0.4870_-0.2876end-1.65_5.72_0.77_-20.48_-115.82_23.50_31.56_-33.94_-9.25_0.3629_0.7375_-0.4886_-0.2924end-0.83_5.81_1.00_-20.48_-115.82_23.50_31.56_-33.94_-9.25_0.3589_0.7362_-0.4904_-0.2977end-0.13_6.30_0.78_2.80_-172.00_25.29_31.56_-33.94_-9.25_0.3589_0.7362_-0.4904_-0.2977end-0.13_6.30_0.78_2.80_-172.00_25.29_30.12_-34.00_-11.56_0.3507_0.7328_-0.4941_-0.3094end-0.13_6.30_0.78_12.76_-159.80_21.93_30.12_-34.00_-11.56_0.3434_0.7291_-0.4974_-0.3210end0.82_8.31_-0.05_12.76_-159.80_21.93_30.12_-34.00,24.1390126,120.7484652,114.80000305175781
3553,_-11.56_0.3401_0.7271_-0.4988_-0.3267end1.04_8.68_-0.11_12.76_-159.80_21.93_29.75_-34.31_-12.00_0.3401_0.7271_-0.4988_-0.3267end1.28_9.14_0.04_28.31_-125.78_13.99_28.62_-34.00_-12.94_0.3351_0.7233_-0.5012_-0.3368end,24.1390126,120.7484652,114.80000305175781
3554,,24.1390126,120.7484652,114.80000305175781
3555,,24.1390126,120.7484652,114.80000305175781
3556,,24.1390126,120.7484652,114.80000305175781
3557,,24.1390126,120.7484652,114.80000305175781
3558,,24.1390126,120.7484652,114.80000305175781
3559,,24.1390126,120.7484652,114.80000305175781
3560,1.28_9.14_0.04_33.46_-114.14_10.97_28.62_-34.00_-12.94_0.3333_0.7213_-0.5021_-0.3416end2.04_10.58_0.40_38.50_-103.85_7.72_29.37_-34.00_-13.38_0.3333_0.7213_-0.5021_-0.3416end2.04_10.58_0.40_43.98_-94.34_4.59_29.37_-34.00_-13.38_0.3333_0.7213_-0.5021_-0.3416end2.04_10.58_0.40_43.98_-94.34_4.59_29.37_-34.00_-13.38_0.3309_0.7174_-0.5034_-0.3499end2.04_10.58_0.40_43.98_-94.34_4.59_27.87_-34.38_-13.38_0.3302_0.7134_-0.5043_-0.3574end2.04_10.58_0.40_43.98_-94.34_4.59_28.62_-35.06_-12.94_0.3314_0.7094_-0.5047_-0.3636end2.04_10.58_0.40_43.98_-94.34_4.59_28.62_-35.06_-12.94_0.3327_0.7073_-0.5046_-0.3665end2.04_10.58_0.40_81.24_-21.04_-22.72_28.62_-35.06_-12.94_,24.1390126,120.7484652,114.80000305175781
3561,0.3345_0.7054_-0.5045_-0.3689end2.81_12.19_0.52_81.24_-21.04_-22.72_28.62_-35.06_-12.94_0.3392_0.7014_-0.5038_-0.3731end2.74_12.25_0.33_91.65_-6.60_-29.99_28.62_-35.06_-12.94_0.3392_0.7014_-0.5038_-0.3731end,24.1390126,120.7484652,114.80000305175781
3562,,24.1390126,120.7484652,114.80000305175781
3563,,24.1390126,120.7484652,114.80000305175781
3564,,24.1390126,120.7484652,114.80000305175781
3565,,24.1390126,120.7484652,114.80000305175781
3566,,24.1390126,120.7484652,114.80000305175781
3567,-0.67_29.96_-1.09_91.65_-6.60_-29.99_27.87_-35.38_-12.00_0.3467_0.6943_-0.5045_-0.3784end14.74_5.98_42.82_91.65_-6.60_-29.99_27.87_-35.38_-12.00_0.3498_0.6906_-0.5050_-0.3818end11.71_19.51_67.32_106.20_-185.65_2.35_27.87_-35.38_-12.00_0.3498_0.6906_-0.5050_-0.3818end26.83_13.38_44.36_106.20_-185.65_2.35_27.87_-36.06_-12.50_0.3491_0.6818_-0.5064_-0.3961end12.85_5.85_34.93_-5.04_-97.69_-2.91_27.87_-36.06_-12.50_0.3422_0.6786_-0.5112_-0.4014end2.64_2.70_-5.67_-5.04_-97.69_-2.91_27.87_-36.06_-12.50_0.3401_0.6802_-0.5131_-0.3978end6.64_5.38_-3.86_-77.77_119.18_-37.82_27.87_-36.06_-12.50_0.3401_0.6802_-0.5131_-0.3978end6.64_5.38_-3.86_21.82_152.98_-35.70_29.37_-34.00_-13.38_0.3401_0.6802_-0.5131_-0.3978end6.64_5.38_-3.86_21.82_152.98_-35.70_29.37_-34.00_-13.38_0.3477_0.6856_-0.5123_-0.3828end6.64_5.38_-3.86_21.82_152.98_-35.70_29.37_-34.69_-11.56_0.3597_0.6884_-0.5075_-0.3730end,24.1390126,120.7484652,114.80000305175781
3568,,24.1390126,120.7484652,114.80000305175781
3569,,24.1390126,120.7484652,114.80000305175781
3570,,24.1390126,120.7484652,114.80000305175781
3571,,24.1390126,120.7484652,114.80000305175781
3572,,24.1390126,120.7484652,114.80000305175781
3573,,24.1390126,120.7484652,114.80000305175781
3574,,24.1390126,120.7484652,114.80000305175781
3575,1.06_9.08_-4.18_21.82_152.98_-35.70_29.75_-35.31_-9.31_0.3660_0.6890_-0.5046_-0.3699end3.37_8.98_9.76_21.82_152.98_-35.70_29.75_-35.31_-9.31_0.3660_0.6890_-0.5046_-0.3699end3.37_8.98_9.76_78.11_114.82_-16.79_30.12_-34.94_-8.81_0.3660_0.6890_-0.5046_-0.3699end0.43_9.09_6.02_78.11_114.82_-16.79_30.12_-34.94_-8.81_0.3660_0.6890_-0.5046_-0.3699end-3.45_10.27_19.41_58.75_66.25_-19.81_30.12_-34.94_-8.81_0.3856_0.6894_-0.4951_-0.3619end-3.45_10.27_19.41_58.75_66.25_-19.81_30.12_-34.31_-9.31_0.3888_0.6893_-0.4939_-0.3603end-3.45_10.27_19.41_7.27_94.22_-36.48_30.12_-34.31_-9.31_0.3917_0.6896_-0.4931_-0.3574end0.49_8.29_2.02_7.27_94.22_-36.48_30.12_-34.31_-9.31_,24.1390126,120.7484652,114.80000305175781
3576,,24.1390126,120.7484652,114.80000305175781
3577,0.3969_0.6903_-0.4922_-0.3515end0.49_8.29_2.02_7.27_94.22_-36.48_30.12_-34.31_-9.31_0.4017_0.6904_-0.4916_-0.3470end2.80_7.59_-3.14_7.27_94.22_-36.48_31.62_-34.56_-6.12_0.4017_0.6904_-0.4916_-0.3470end,24.1390126,120.7484652,114.80000305175781
3578,,24.1390126,120.7484652,114.80000305175781
3579,,24.1390126,120.7484652,114.80000305175781
3580,,24.1390126,120.7484652,114.80000305175781
3581,2.80_7.59_-3.14_53.38_33.01_-15.33_31.62_-34.56_-6.12_0.4017_0.6904_-0.4916_-0.3470end2.80_7.59_-3.14_58.53_52.82_-16.34_31.25_-33.50_-4.31_0.4086_0.6888_-0.4897_-0.3446end-1.72_7.77_-0.44_58.53_52.82_-16.34_31.25_-33.50_-4.31_0.4149_0.6876_-0.4870_-0.3434end-1.80_9.30_7.82_49.13_113.70_-21.93_32.38_-33.50_-4.69_0.4149_0.6876_-0.4870_-0.3434end-1.80_9.30_7.82_49.13_113.70_-21.93_32.38_-33.50_-4.69_0.4273_0.6876_-0.4807_-0.3370end-2.01_8.81_12.10_49.13_113.70_-21.93_32.38_-33.50_-4.69_0.4315_0.6877_-0.4785_-0.3345end-0.04_8.96_8.43_49.13_113.70_-21.93_32.00_-33.81_-2.50_0.4354_0.6884_-0.4763_-0.3312end-1.54_8.87_8.46_30.66_103.96_-21.82_32.00_-33.81_-2.,24.1390126,120.7484652,114.80000305175781
3582,50_0.4421_0.6893_-0.4728_-0.3253end-1.97_8.61_8.47_23.50_79.68_-19.81_32.00_-33.81_-2.50_0.4450_0.6896_-0.4714_-0.3229end0.26_8.51_4.86_23.50_79.68_-19.81_32.00_-33.81_-2.50_0.4474_0.6896_-0.4703_-0.3212end,24.1390126,120.7484652,114.80000305175781
3583,,24.1390126,120.7484652,114.80000305175781
3584,,24.1390126,120.7484652,114.80000305175781
3585,,24.1390126,120.7484652,114.80000305175781
3586,,24.1390126,120.7484652,114.80000305175781
3587,,24.1390126,120.7484652,114.80000305175781
3588,,24.1390126,120.7484652,114.80000305175781
3589,-1.47_8.32_2.80_23.50_79.68_-19.81_32.38_-33.44_-2.00_0.4474_0.6896_-0.4703_-0.3212end-0.88_8.35_2.97_45.43_6.38_-8.95_32.38_-33.44_-2.00_0.4474_0.6896_-0.4703_-0.3212end-2.12_8.42_2.46_49.57_-8.28_-7.72_32.38_-33.44_-2.00_0.4527_0.6871_-0.4684_-0.3218end-2.12_8.42_2.46_54.16_-12.09_-11.97_32.38_-33.44_-2.00_0.4541_0.6858_-0.4682_-0.3230end-2.12_8.42_2.46_54.16_-12.09_-11.97_32.00_-34.13_-0.69_0.4556_0.6843_-0.4680_-0.3242end-2.12_8.42_2.46_53.49_-13.65_-13.76_32.00_-34.13_-0.69_0.4572_0.6827_-0.4679_-0.3255end-2.12_8.42_2.46_47.45_-16.56_-16.90_32.00_-34.13_-0.69_0.4612_0.6781_-0.4682_-0.3290end-2.12_8.42_2.46_47.45_-16.56_-16.90_32.38_-33.06_0.69_0.4,24.1390126,120.7484652,114.80000305175781
3590,621_0.6766_-0.4686_-0.3304end1.03_8.51_3.37_47.45_-16.56_-16.90_32.38_-33.06_0.69_0.4621_0.6766_-0.4686_-0.3304end1.27_8.45_2.43_47.45_-16.56_-16.90_32.38_-33.75_-0.25_0.4621_0.6766_-0.4686_-0.3304end,24.1390126,120.7484652,114.80000305175781
3591,,24.1390126,120.7484652,114.80000305175781
3592,,24.1390126,120.7484652,114.80000305175781
3593,,24.1390126,120.7484652,114.80000305175781
3594,,24.1390126,120.7484652,114.80000305175781
3595,,24.1390126,120.7484652,114.80000305175781
3596,,24.1390126,120.7484652,114.80000305175781
3597,,24.1390126,120.7484652,114.80000305175781
3598,1.27_8.45_2.43_41.85_-28.09_-8.84_32.38_-33.75_-0.25_0.4641_0.6719_-0.4698_-0.3351end1.27_8.45_2.43_41.85_-28.09_-8.84_32.38_-33.75_-0.25_0.4657_0.6691_-0.4703_-0.3380end-0.11_8.50_1.87_41.85_-28.09_-8.84_32.38_-33.75_-0.25_0.4657_0.6691_-0.4703_-0.3380end-0.29_8.61_2.31_45.88_-5.04_-12.65_32.38_-33.75_-0.25_0.4657_0.6691_-0.4703_-0.3380end-0.07_8.71_2.79_48.23_0.34_-15.33_32.00_-33.06_0.25_0.4657_0.6691_-0.4703_-0.3380end-0.14_8.69_2.89_48.68_-3.13_-16.34_32.00_-33.06_0.25_0.4728_0.6625_-0.4693_-0.3423end0.29_8.79_3.45_48.68_-3.13_-16.34_32.75_-33.75_1.56_0.4728_0.6625_-0.4693_-0.3423end0.41_8.80_3.55_48.68_-3.13_-16.34_32.75_-33.75_1.56_0.4756_0.6597,24.1390126,120.7484652,114.80000305175781
3599,,24.1390126,120.7484652,114.80000305175781
3600,_-0.4692_-0.3442end0.37_8.79_3.56_47.22_-26.63_-13.20_32.75_-33.75_1.56_0.4756_0.6597_-0.4692_-0.3442end0.37_8.79_3.56_46.22_-28.42_-12.76_32.75_-33.75_1.56_0.4789_0.6547_-0.4697_-0.3484end,24.1390126,120.7484652,114.80000305175781
3601,,24.1390126,120.7484652,114.80000305175781
3602,,24.1390126,120.7484652,114.80000305175781
3603,,24.1390126,120.7484652,114.80000305175781
3604,0.39_8.81_3.50_46.22_-28.42_-12.76_32.38_-32.38_0.25_0.4799_0.6531_-0.4699_-0.3499end0.31_8.75_2.21_46.22_-28.42_-12.76_32.38_-32.38_0.25_0.4799_0.6531_-0.4699_-0.3499end0.29_8.75_1.76_42.86_-25.18_-14.21_32.38_-32.38_0.25_0.4799_0.6531_-0.4699_-0.3499end0.29_8.75_1.76_42.86_-25.18_-14.21_32.38_-32.06_0.25_0.4825_0.6483_-0.4708_-0.3541end0.60_8.75_0.48_42.86_-25.18_-14.21_32.38_-32.06_0.25_0.4843_0.6450_-0.4713_-0.3567end0.62_8.75_0.28_42.75_-26.19_-15.11_32.38_-32.06_0.25_0.4852_0.6434_-0.4716_-0.3580end0.68_8.79_-0.07_42.97_-26.41_-15.67_32.38_-32.06_0.25_0.4861_0.6417_-0.4719_-0.3593end0.73_8.79_-0.18_42.97_-26.41_-15.67_32.38_-32.06_0.25_0.4870_0.6,24.1390126,120.7484652,114.80000305175781
3605,401_-0.4723_-0.3607end0.76_8.80_-0.21_42.08_-23.39_-16.23_33.13_-31.37_0.31_0.4870_0.6401_-0.4723_-0.3607end0.78_8.90_-0.17_42.08_-23.39_-16.23_33.13_-31.37_0.31_0.4870_0.6401_-0.4723_-0.3607end,24.1390126,120.7484652,114.80000305175781
3606,,24.1390126,120.7484652,114.80000305175781
3607,,24.1390126,120.7484652,114.80000305175781
3608,,24.1390126,120.7484652,114.80000305175781
3609,,24.1390126,120.7484652,114.80000305175781
3610,,24.1390126,120.7484652,114.80000305175781
3611,0.78_8.90_-0.17_42.08_-23.39_-16.23_33.13_-31.37_0.31_0.4919_0.6322_-0.4735_-0.3663end0.82_8.92_-0.18_42.08_-23.39_-16.23_34.63_-32.38_1.19_0.4930_0.6307_-0.4736_-0.3671end0.85_8.96_0.02_42.08_-23.39_-16.23_34.63_-32.38_1.19_0.4943_0.6293_-0.4736_-0.3678end0.73_9.04_0.26_42.08_-23.39_-16.23_32.75_-32.00_2.06_0.4943_0.6293_-0.473,24.1390126,120.7484652,114.80000305175781
3612,6_-0.3678end0.62_9.05_0.45_39.61_8.84_-18.69_32.75_-32.00_2.06_0.4987_0.6259_-0.4729_-0.3687end0.17_9.09_0.79_39.61_8.84_-18.69_34.63_-31.00_1.62_0.4987_0.6259_-0.4729_-0.3687end0.17_9.09_0.79_36.71_28.76_-18.80_34.63_-31.00_1.62_0.5004_0.6249_-0.4724_-0.3685end0.17_9.09_0.79_36.71_28.76_-18.80_34.63_-31.00_1.62_0.5043_0.6235_-0.4709_-0.3677end0.17_9.09_0.79_34.47_37.60_-18.46_34.63_-31.00_1.62_0.5062_0.6229_-0.4702_-0.3671end-1.20_9.20_0.70_34.47_37.60_-18.46_33.50_-31.62_3.44_0.5062_0.6229_-0.4702_-0.3671end,24.1390126,120.7484652,114.80000305175781
3613,,24.1390126,120.7484652,114.80000305175781
3614,,24.1390126,120.7484652,114.80000305175781
3615,,24.1390126,120.7484652,114.80000305175781
3616,,24.1390126,120.7484652,114.80000305175781
3617,,24.1390126,120.7484652,114.80000305175781
3618,-1.20_9.20_0.70_32.12_40.29_-17.23_33.50_-31.62_3.44_0.5121_0.6215_-0.4673_-0.3647end-1.99_9.16_0.30_32.12_40.29_-17.23_33.50_-31.62_3.44_0.5140_0.6211_-0.4665_-0.3639end-2.03_9.29_0.11_32.12_40.29_-17.23_33.50_-31.62_3.44_0.5140_0.6211_-0.4665_-0.3639end-2.03_9.32_0.26_31.22_19.02_-13.20_34.25_-30.62_3.00_0.5140_0.6211_-0.4665_-0.3639end-2.03_9.32_0.26_31.22_19.02_-13.20_34.25_-30.62_3.00_0.5204_0.6188_-0.4637_-0.3622end-2.71_9.31_-0.16_31.22_19.02_-13.20_34.63_-31.62_5.25_0.5217_0.6179_-0.4634_-0.3624end-2.79_9.34_0.06_31.22_19.02_-13.20_34.63_-30.94_3.87_0.5228_0.6169_-0.4631_-0.3627end-2.66_9.35_0.08_32.56_-8.73_-12.31_34.63_-30.94_3.87_0.5228_0.6169_-0.4631_-0.3627end-2.09_9.43_0.55_32.23_-31.00_-11.30_34.63_-30.94_3.87_0.5245_0.6146_-0.4632_-0.3641end-1.94_9.42_0.80_32.23_-31.00_-11.30_34.63_-30.94_3.87_0.5253_0.6118_-0.4642_-0.3665end,24.1390126,120.7484652,114.80000305175781
3619,,24.1390126,120.7484652,114.80000305175781
3620,,24.1390126,120.7484652,114.80000305175781
3621,,24.1390126,120.7484652,114.80000305175781
3622,,24.1390126,120.7484652,114.80000305175781
3623,,24.1390126,120.7484652,114.80000305175781
3624,,24.1390126,120.7484652,114.80000305175781
3625,-1.57_9.43_0.45_32.23_-31.00_-11.30_34.63_-30.94_3.87_0.5253_0.6118_-0.4642_-0.3665end-1.53_9.41_0.10_28.65_-57.30_-8.28_34.63_-30.94_3.87_0.5248_0.6066_-0.4671_-0.3719end-1.33_9.39_-0.05_27.19_-61.32_-7.72_34.63_-30.56_4.37_0.5245_0.6049_-0.4683_-0.3739end-1.23_9.40_-0.29_27.19_-61.32_-7.72_34.63_-30.56_4.37_0.5245_0.6049_-0.46,24.1390126,120.7484652,114.80000305175781
3626,83_-0.3739end-0.83_9.44_-0.21_27.19_-61.32_-7.72_34.63_-30.56_4.37_0.5237_0.6013_-0.4706_-0.3779end-0.83_9.44_-0.21_26.97_-58.19_-8.84_34.63_-30.56_4.37_0.5237_0.6013_-0.4706_-0.3779end-0.63_9.47_-0.16_26.97_-58.19_-8.84_34.63_-30.56_4.37_0.5237_0.6013_-0.4706_-0.3779end-0.63_9.47_-0.16_26.97_-58.19_-8.84_34.31_-29.19_4.44_0.5223_0.5942_-0.4750_-0.3854end-0.38_9.46_0.30_26.97_-58.19_-8.84_34.31_-29.19_4.44_0.5219_0.5925_-0.4760_-0.3873end-0.33_9.50_0.49_26.97_-58.19_-8.84_35.00_-30.56_3.50_0.5219_0.5925_-0.4760_-0.3873end,24.1390126,120.7484652,114.80000305175781
3627,,24.1390126,120.7484652,114.80000305175781
3628,,24.1390126,120.7484652,114.80000305175781
3629,,24.1390126,120.7484652,114.80000305175781
3630,,24.1390126,120.7484652,114.80000305175781
3631,,24.1390126,120.7484652,114.80000305175781
3632,,24.1390126,120.7484652,114.80000305175781
3633,,24.1390126,120.7484652,114.80000305175781
3634,-0.36_9.50_0.66_26.19_-54.72_-8.39_35.00_-30.56_3.50_0.5219_0.5925_-0.4760_-0.3873end-0.36_9.50_0.66_26.19_-54.72_-8.39_35.00_-30.56_3.50_0.5206_0.5856_-0.4801_-0.3944end-0.21_9.54_0.78_24.40_-52.93_-9.51_35.00_-30.56_3.50_0.5203_0.5840_-0.4811_-0.3961end0.09_9.52_0.70_24.40_-52.93_-9.51_35.00_-30.56_3.50_0.5203_0.5840_-0.4811_-,24.1390126,120.7484652,114.80000305175781
3635,0.3961end0.25_9.50_0.64_24.40_-52.93_-9.51_35.00_-30.56_3.50_0.5203_0.5840_-0.4811_-0.3961end0.25_9.50_0.64_24.40_-52.93_-9.51_33.94_-30.25_4.37_0.5189_0.5771_-0.4852_-0.4027end0.29_9.49_0.61_24.40_-52.93_-9.51_33.94_-30.25_4.37_0.5186_0.5755_-0.4862_-0.4043end0.26_9.52_0.68_24.40_-52.93_-9.51_33.94_-30.25_4.37_0.5183_0.5738_-0.4872_-0.4059end0.25_9.53_0.73_24.17_-41.18_-11.08_33.94_-30.25_4.37_0.5183_0.5738_-0.4872_-0.4059end0.31_9.55_0.77_24.06_-35.47_-11.64_33.94_-30.25_4.37_0.5183_0.5694_-0.4893_-0.4095end,24.1390126,120.7484652,114.80000305175781
3636,,24.1390126,120.7484652,114.80000305175781
3637,,24.1390126,120.7484652,114.80000305175781
3638,,24.1390126,120.7484652,114.80000305175781
3639,,24.1390126,120.7484652,114.80000305175781
3640,0.37_9.54_0.81_23.72_-25.51_-12.53_33.94_-30.25_4.37_0.5185_0.5681_-0.4899_-0.4105end0.39_9.55_0.90_23.72_-25.51_-12.53_33.94_-30.25_4.37_0.5188_0.5669_-0.4903_-0.4113end0.34_9.50_0.81_23.61_-17.46_-12.98_33.94_-30.25_4.37_0.5188_0.5669_-0.4903_-0.4113end0.23_9.54_0.79_23.61_-17.46_-12.98_36.13_-29.56_2.12_0.5197_0.5646_-0.4908_,24.1390126,120.7484652,114.80000305175781
3641,-0.4126end0.23_9.54_0.79_23.61_-17.46_-12.98_36.13_-29.56_2.12_0.5209_0.5626_-0.4910_-0.4135end-0.06_9.50_0.78_23.61_-17.46_-12.98_35.38_-28.87_2.12_0.5218_0.5618_-0.4910_-0.4136end-0.29_9.51_1.00_23.61_-17.46_-12.98_35.38_-28.87_2.12_0.5228_0.5610_-0.4907_-0.4138end-0.34_9.56_1.04_23.61_-17.46_-12.98_36.50_-29.19_4.44_0.5228_0.5610_-0.4907_-0.4138end-0.36_9.55_1.03_23.61_-17.46_-12.98_36.50_-29.19_4.44_0.5262_0.5591_-0.4894_-0.4133end-0.67_9.56_1.17_23.61_-17.46_-12.98_36.50_-29.19_4.44_0.5275_0.5587_-0.4890_-0.4130end,24.1390126,120.7484652,114.80000305175781
3642,,24.1390126,120.7484652,114.80000305175781
3643,,24.1390126,120.7484652,114.80000305175781
3644,,24.1390126,120.7484652,114.80000305175781
3645,,24.1390126,120.7484652,114.80000305175781
3646,,24.1390126,120.7484652,114.80000305175781
3647,,24.1390126,120.7484652,114.80000305175781
3648,-0.77_9.50_1.15_24.51_19.92_-14.21_36.50_-29.19_4.44_0.5287_0.5581_-0.4884_-0.4128end-0.85_9.52_1.14_24.40_19.81_-13.99_36.50_-29.19_4.44_0.5287_0.5581_-0.4884_-0.4128end-1.07_9.59_1.11_24.40_19.81_-13.99_36.50_-29.19_4.44_0.5313_0.5571_-0.4873_-0.4122end-1.07_9.59_1.11_25.40_21.26_-14.10_36.50_-29.19_4.44_0.5340_0.5560_-0.4861_-0.4116end-1.16_9.55_1.12_25.40_21.26_-14.10_36.13_-28.50_3.94_0.5353_0.5555_-0.4855_-0.4113end-1.16_9.55_1.12_25.51_20.48_-13.65_35.38_-28.87_3.94_0.5353_0.5555_-0.4855_-0.4113end-1.14_9.56_1.13_25.85_20.37_-13.76_35.38_-28.87_3.94_0.5353_0.5555_-0.4855_-0.4113end-1.14_9.56_1.13_25.85_20.37_-13.76_35.75_-29.87_3.50_0.5378_0.5544_-0.4843_-0.4108end-1.14_9.56_1.13_26.19_18.91_-12.65_35.75_-29.87_3.50_0.5416_0.5528_-0.4825_-0.4102end-1.31_9.52_1.01_26.19_18.91_-12.65_35.75_-28.87_3.94_0.5416_0.5528_-0.4825_-0.4102end,24.1390126,120.7484652,114.80000305175781
3649,,24.1390126,120.7484652,114.80000305175781
3650,,24.1390126,120.7484652,114.80000305175781
3651,,24.1390126,120.7484652,114.80000305175781
3652,,24.1390126,120.7484652,114.80000305175781
3653,,24.1390126,120.7484652,114.80000305175781
3654,,24.1390126,120.7484652,114.80000305175781
3655,-1.31_9.52_1.01_26.41_19.36_-12.65_35.75_-28.87_3.94_0.5442_0.5517_-0.4813_-0.4097end-1.31_9.52_1.01_26.97_21.26_-12.31_35.75_-28.87_3.94_0.5442_0.5517_-0.4813_-0.4097end-1.31_9.52_1.01_26.97_21.26_-12.31_36.13_-28.81_4.81_0.5481_0.5500_-0.4792_-0.4091end-1.12_9.50_0.71_26.97_21.26_-12.31_36.13_-28.81_4.81_0.5494_0.5496_-0.4785_,24.1390126,120.7484652,114.80000305175781
3656,-0.4088end-1.07_9.55_0.68_27.75_24.51_-11.97_36.13_-28.81_4.81_0.5494_0.5496_-0.4785_-0.4088end-1.04_9.53_0.68_27.75_24.51_-11.97_36.13_-28.81_4.81_0.5536_0.5481_-0.4761_-0.4080end-1.08_9.50_0.68_27.75_24.51_-11.97_36.13_-28.87_4.44_0.5551_0.5477_-0.4752_-0.4077end-1.00_9.52_0.66_27.75_24.51_-11.97_36.13_-28.87_4.44_0.5551_0.5477_-0.4752_-0.4077end-0.98_9.50_0.53_28.65_33.91_-11.64_36.13_-28.87_4.44_0.5551_0.5477_-0.4752_-0.4077end-0.98_9.50_0.53_28.65_33.91_-11.64_35.38_-28.50_5.75_0.5614_0.5463_-0.4709_-0.4057end,24.1390126,120.7484652,114.80000305175781
3657,,24.1390126,120.7484652,114.80000305175781
3658,,24.1390126,120.7484652,114.80000305175781
3659,,24.1390126,120.7484652,114.80000305175781
3660,,24.1390126,120.7484652,114.80000305175781
3661,,24.1390126,120.7484652,114.80000305175781
3662,,24.1390126,120.7484652,114.80000305175781
3663,,24.1390126,120.7484652,114.80000305175781
3664,-0.76_9.51_0.41_28.65_33.91_-11.64_35.38_-28.50_5.75_0.5632_0.5461_-0.4695_-0.4050end-0.55_9.50_0.15_28.65_33.91_-11.64_35.38_-28.50_5.75_0.5651_0.5460_-0.4681_-0.4042end-0.55_9.50_0.15_29.66_55.39_-11.64_36.50_-27.75_7.12_0.5651_0.5460_-0.4681_-0.4042end-0.50_9.50_-0.04_29.66_55.39_-11.64_36.50_-27.75_7.12_0.5714_0.5461_-0.4631_-0.4010end-0.54_9.47_-0.08_29.66_55.39_-11.64_36.50_-27.75_7.12_0.5737_0.5464_-0.4611_-0.3997end-0.54_9.47_-0.08_30.10_79.23_-11.53_36.19_-28.06_8.94_0.5737_0.5464_-0.4611_-0.3997end-0.77_9.48_-0.12_30.10_79.23_-11.53_36.19_-28.06_8.94_0.5813_0.5476_-0.4542_-0.3948end-0.88_9.49_-0.13_30.10_79.23_-11.53_36.19_-28.06_8.94_0.5839_,24.1390126,120.7484652,114.80000305175781
3665,0.5482_-0.4517_-0.3931end-1.09_9.50_-0.15_30.10_79.23_-11.53_36.19_-28.06_8.94_0.5839_0.5482_-0.4517_-0.3931end-1.20_9.47_-0.16_30.55_85.83_-10.07_35.81_-27.06_11.19_0.5839_0.5482_-0.4517_-0.3931end,24.1390126,120.7484652,114.80000305175781
3666,,24.1390126,120.7484652,114.80000305175781
3667,,24.1390126,120.7484652,114.80000305175781
3668,,24.1390126,120.7484652,114.80000305175781
3669,,24.1390126,120.7484652,114.80000305175781
3670,,24.1390126,120.7484652,114.80000305175781
3671,-1.20_9.47_-0.16_30.55_85.83_-10.07_35.06_-27.31_12.56_0.5919_0.5497_-0.4441_-0.3878end-1.47_9.43_-0.10_30.55_85.83_-10.07_35.06_-27.31_12.56_0.5969_0.5505_-0.4393_-0.3845end-1.47_9.43_-0.10_30.66_71.73_-9.06_35.81_-27.06_11.19_0.5969_0.5505_-0.4393_-0.3845end-1.61_9.47_0.01_30.66_71.73_-9.06_35.81_-27.06_11.19_0.5969_0.5505_-0.4393_-0.3845end-1.54_9.47_0.04_31.11_59.20_-7.61_35.06_-28.38_12.06_0.6053_0.5509_-0.4312_-0.3798end-1.51_9.45_0.11_31.11_59.20_-7.61_35.06_-28.38_12.06_0.6071_0.5508_-0.4295_-0.3790end-1.50_9.45_0.09_31.11_59.20_-7.61_35.06_-28.38_12.06_0.6071_0.5508_-0.4295_-0.3790end-1.35_9.44_0.15_31.11_59.20_-7.61_35.06_-28.38_12.06_0.6104_0.5503_-0.4265_-0.3777end-1.35_9.44_0.15_32.01_35.81_-6.38_35.06_-28.38_12.06_0.6135_0.5495_-0.4238_-0.3768end-1.25_9.45_0.13_32.01_35.81_-6.38_35.06_-27.37_13.06_0.6135_0.5495_-0.4238_-0.3768end,24.1390126,120.7484652,114.80000305175781
3672,,24.1390126,120.7484652,114.80000305175781
3673,,24.1390126,120.7484652,114.80000305175781
3674,,24.1390126,120.7484652,114.80000305175781
3675,,24.1390126,120.7484652,114.80000305175781
3676,,24.1390126,120.7484652,114.80000305175781
3677,,24.1390126,120.7484652,114.80000305175781
3678,-1.25_9.45_0.13_32.45_32.79_-5.60_35.06_-27.37_13.06_0.6151_0.5491_-0.4225_-0.3765end-0.91_9.38_0.22_32.45_32.79_-5.60_35.44_-26.69_13.50_0.6151_0.5491_-0.4225_-0.3765end-0.96_9.43_0.46_32.79_32.56_-5.82_35.44_-26.69_13.50_0.6194_0.5477_-0.4187_-0.3754end-0.96_9.43_0.46_32.79_32.56_-5.82_35.13_-27.00_14.38_0.6209_0.5472_-0.4174_,24.1390126,120.7484652,114.80000305175781
3679,-0.3751end-0.96_9.43_0.46_32.79_32.56_-5.82_35.13_-27.00_14.38_0.6240_0.5463_-0.4146_-0.3745end-1.20_9.32_0.86_32.79_32.56_-5.82_35.13_-27.00_14.38_0.6240_0.5463_-0.4146_-0.3745end-1.26_9.34_0.93_35.25_34.36_-4.81_35.81_-27.62_15.75_0.6240_0.5463_-0.4146_-0.3745end-1.26_9.34_0.93_36.15_32.79_-4.59_35.81_-27.62_15.75_0.6301_0.5443_-0.4091_-0.3734end-1.23_9.34_1.07_36.15_32.79_-4.59_35.13_-26.62_16.19_0.6315_0.5437_-0.4078_-0.3732end-1.27_9.33_1.12_36.15_32.79_-4.59_35.13_-26.62_16.19_0.6329_0.5430_-0.4066_-0.3732end,24.1390126,120.7484652,114.80000305175781
3680,,24.1390126,120.7484652,114.80000305175781
3681,,24.1390126,120.7484652,114.80000305175781
3682,,24.1390126,120.7484652,114.80000305175781
3683,,24.1390126,120.7484652,114.80000305175781
3684,,24.1390126,120.7484652,114.80000305175781
3685,-1.24_9.23_1.30_36.15_32.79_-4.59_35.13_-26.62_16.19_0.6329_0.5430_-0.4066_-0.3732end-1.22_9.26_1.36_38.94_17.68_-3.47_35.13_-26.62_16.19_0.6329_0.5430_-0.4066_-0.3732end-1.20_9.25_1.44_38.94_17.68_-3.47_35.13_-26.62_16.19_0.6381_0.5395_-0.4024_-0.3740end-1.18_9.22_1.40_38.94_17.68_-3.47_35.13_-26.62_16.19_0.6393_0.5385_-0.4016_,24.1390126,120.7484652,114.80000305175781
3686,-0.3744end-1.12_9.18_1.32_41.85_6.83_-3.02_35.13_-26.62_16.19_0.6393_0.5385_-0.4016_-0.3744end-1.12_9.16_1.23_41.96_5.26_-2.91_35.13_-26.62_16.19_0.6393_0.5385_-0.4016_-0.3744end-1.12_9.16_1.23_41.96_5.26_-2.91_35.13_-26.31_16.19_0.6426_0.5351_-0.3992_-0.3759end-1.12_9.07_0.81_43.31_1.68_-2.57_35.13_-26.31_16.19_0.6448_0.5327_-0.3978_-0.3773end-1.27_8.99_0.12_43.31_1.68_-2.57_35.13_-26.31_16.19_0.6448_0.5327_-0.3978_-0.3773end-1.37_9.00_-0.08_44.54_-2.01_-2.01_35.13_-25.25_16.19_0.6448_0.5327_-0.3978_-0.3773end,24.1390126,120.7484652,114.80000305175781
3687,,24.1390126,120.7484652,114.80000305175781
3688,,24.1390126,120.7484652,114.80000305175781
3689,,24.1390126,120.7484652,114.80000305175781
3690,,24.1390126,120.7484652,114.80000305175781
3691,,24.1390126,120.7484652,114.80000305175781
3692,,24.1390126,120.7484652,114.80000305175781
3693,-1.39_8.93_-0.19_45.77_-4.03_-1.68_35.13_-25.25_16.19_0.6448_0.5327_-0.3978_-0.3773end-1.39_8.93_-0.19_45.77_-4.92_-2.01_35.13_-25.25_16.19_0.6500_0.5258_-0.3947_-0.3812end-1.51_8.96_-0.81_45.77_-4.92_-2.01_35.13_-25.25_16.19_0.6509_0.5244_-0.3941_-0.3821end-1.53_8.90_-1.29_45.77_-4.92_-2.01_34.06_-25.62_17.56_0.6509_0.5244_-0.3941_-0.3821end-1.55_8.90_-1.51_46.11_-7.50_-1.68_34.06_-25.62_17.56_0.6509_0.5244_-0.3941_-0.3821end-1.55_8.90_-1.51_46.11_-7.50_-1.68_34.06_-25.62_17.56_0.6547_0.5185_-0.3920_-0.3858end-1.50_8.91_-1.80_46.11_-7.50_-1.68_34.06_-25.62_17.56_0.6556_0.5169_-0.3915_-0.3868end-1.43_8.83_-1.92_46.11_-7.50_-1.68_34.06_-25.62_17.56_0.6556_0.5169_-0.3915_-0.3868end-1.31_8.83_-1.99_46.11_-7.50_-1.68_34.06_-25.62_17.56_0.6556_0.5169_-0.3915_-0.3868end-1.27_8.84_-2.01_46.11_-7.50_-1.68_34.06_-25.62_17.56_0.6588_0.5104_-0.3903_-0.3914end,24.1390126,120.7484652,114.80000305175781
3694,,24.1390126,120.7484652,114.80000305175781
3695,,24.1390126,120.7484652,114.80000305175781
3696,,24.1390126,120.7484652,114.80000305175781
3697,,24.1390126,120.7484652,114.80000305175781
3698,,24.1390126,120.7484652,114.80000305175781
3699,,24.1390126,120.7484652,114.80000305175781
3700,-1.16_8.79_-2.01_46.11_-7.50_-1.68_34.06_-25.62_17.56_0.6595_0.5087_-0.3901_-0.3926end-1.04_8.76_-2.03_46.11_-7.50_-1.68_34.06_-25.62_17.56_0.6602_0.5070_-0.3900_-0.3938end-0.93_8.77_-2.07_46.11_-7.50_-1.68_34.06_-25.62_17.56_0.6602_0.5070_-0.3900_-0.3938end-0.93_8.77_-2.07_46.11_-7.50_-1.68_34.06_-25.62_17.56_0.6623_0.5018_-0.3894_-0.3975end-0.83_8.73_-2.10_46.11_-7.50_-1.68_35.50_-24.87_18.50_0.6623_0.5018_-0.3894_-0.3975end-0.83_8.73_-2.10_46.33_-14.66_-1.45_35.50_-24.87_18.50_0.6630_0.5001_-0.3891_-0.3986end-0.83_8.73_-2.10_46.78_-10.30_-1.45_35.50_-24.87_18.50_0.6648_0.4969_-0.3881_-0.4005end-0.57_8.69_-2.21_47.00_0.56_-2.46_35.50_-24.87_18.50_0.6,24.1390126,120.7484652,114.80000305175781
3701,658_0.4955_-0.3874_-0.4013end-0.57_8.69_-2.21_47.00_0.56_-2.46_35.50_-24.87_18.50_0.6658_0.4955_-0.3874_-0.4013end-0.50_8.73_-2.17_47.22_12.65_-3.13_35.50_-24.87_18.50_0.6695_0.4918_-0.3843_-0.4028end,24.1390126,120.7484652,114.80000305175781
3702,,24.1390126,120.7484652,114.80000305175781
3703,,24.1390126,120.7484652,114.80000305175781
3704,,24.1390126,120.7484652,114.80000305175781
3705,,24.1390126,120.7484652,114.80000305175781
3706,,24.1390126,120.7484652,114.80000305175781
3707,,24.1390126,120.7484652,114.80000305175781
3708,-0.50_8.67_-2.19_47.22_12.65_-3.13_35.50_-24.87_18.50_0.6695_0.4918_-0.3843_-0.4028end-0.50_8.69_-2.21_47.90_33.12_-3.69_35.50_-24.87_18.50_0.6695_0.4918_-0.3843_-0.4028end-0.54_8.66_-2.23_48.12_36.71_-3.36_35.50_-24.87_18.50_0.6741_0.4888_-0.3797_-0.4033end-0.67_8.63_-2.32_48.12_36.71_-3.36_35.50_-24.87_18.50_0.6774_0.4871_-0.3760_-0.4031end-0.84_8.61_-2.41_48.12_36.71_-3.36_35.50_-24.87_18.50_0.6792_0.4863_-0.3740_-0.4029end-0.88_8.58_-2.46_48.01_43.76_-3.36_35.50_-24.87_18.50_0.6792_0.4863_-0.3740_-0.4029end-0.93_8.59_-2.48_48.57_44.65_-3.58_35.50_-24.87_18.50_0.6846_0.4841_-0.3677_-0.4022end-1.04_8.55_-2.59_48.57_44.65_-3.58_35.50_-24.87_18.50_0.6863_0.4834_-0.3657_-0.4020end-1.00_8.39_-2.60_48.57_44.65_-3.58_35.50_-24.87_18.50_0.6880_0.4826_-0.3637_-0.4018end-1.03_8.57_-2.64_49.13_36.71_-2.69_34.44_-23.50_20.31_0.6880_0.4826_-0.3637_-0.4018end,24.1390126,120.7484652,114.80000305175781
3709,,24.1390126,120.7484652,114.80000305175781
3710,,24.1390126,120.7484652,114.80000305175781
3711,,24.1390126,120.7484652,114.80000305175781
3712,,24.1390126,120.7484652,114.80000305175781
3713,,24.1390126,120.7484652,114.80000305175781
3714,,24.1390126,120.7484652,114.80000305175781
3715,-1.02_8.48_-2.61_49.35_33.01_-2.46_34.81_-23.12_22.56_0.6880_0.4826_-0.3637_-0.4018end-0.96_8.51_-2.58_49.57_29.88_-1.68_34.81_-23.12_22.56_0.6945_0.4788_-0.3564_-0.4019end-0.96_8.46_-2.63_49.57_29.88_-1.68_34.81_-23.12_22.56_0.6959_0.4777_-0.3548_-0.4020end-0.90_8.40_-2.67_49.57_29.88_-1.68_34.44_-23.44_23.06_0.6959_0.4777_-0.3548_-0.4020end-0.85_8.36_-2.77_49.57_29.88_-1.68_34.44_-23.44_23.06_0.6987_0.4754_-0.3518_-0.4025end-0.82_8.34_-2.86_49.57_29.88_-1.68_34.44_-23.44_23.06_0.7013_0.4730_-0.3491_-0.4032end-0.74_8.39_-2.95_49.57_29.88_-1.68_34.44_-23.44_23.06_0.7026_0.4717_-0.3478_-0.4036end-0.61_8.32_-3.09_49.57_29.88_-1.68_34.44_-23.44_23.06_0.70,24.1390126,120.7484652,114.80000305175781
3716,39_0.4705_-0.3464_-0.4040end-0.61_8.33_-3.16_49.91_16.34_-1.57_34.44_-23.44_23.06_0.7039_0.4705_-0.3464_-0.4040end-0.46_8.25_-3.28_49.91_16.34_-1.57_34.44_-23.44_23.06_0.7078_0.4666_-0.3423_-0.4050end,24.1390126,120.7484652,114.80000305175781
3717,,24.1390126,120.7484652,114.80000305175781
3718,,24.1390126,120.7484652,114.80000305175781
3719,,24.1390126,120.7484652,114.80000305175781
3720,,24.1390126,120.7484652,114.80000305175781
3721,,24.1390126,120.7484652,114.80000305175781
3722,-0.46_8.23_-3.23_49.91_16.34_-1.57_33.38_-21.69_24.37_0.7091_0.4654_-0.3409_-0.4053end-0.38_8.44_-3.46_49.91_16.34_-1.57_33.38_-21.69_24.37_0.7091_0.4654_-0.3409_-0.4053end-0.41_8.18_-3.51_49.69_18.91_-2.01_33.38_-21.69_24.37_0.7091_0.4654_-0.3409_-0.4053end-0.41_8.18_-3.51_49.69_18.91_-2.01_33.38_-21.69_24.37_0.7131_0.4617_-0.3,24.1390126,120.7484652,114.80000305175781
3723,366_-0.4062end-0.46_8.14_-4.20_48.90_15.78_-1.68_33.38_-21.69_24.37_0.7156_0.4592_-0.3340_-0.4069end-0.46_8.14_-4.20_48.01_9.29_-1.34_34.13_-21.00_24.87_0.7156_0.4592_-0.3340_-0.4069end-0.48_8.13_-4.48_48.01_9.29_-1.34_34.13_-21.00_24.87_0.7156_0.4592_-0.3340_-0.4069end-0.48_8.13_-4.48_48.01_4.92_-1.45_34.13_-21.00_24.87_0.7188_0.4549_-0.3309_-0.4085end-0.48_8.13_-4.48_48.01_4.92_-1.45_33.75_-21.31_24.87_0.7198_0.4532_-0.3302_-0.4092end-0.48_8.13_-4.48_47.78_-14.88_-2.13_33.75_-21.31_24.87_0.7206_0.4515_-0.3297_-0.4101end,24.1390126,120.7484652,114.80000305175781
3724,,24.1390126,120.7484652,114.80000305175781
3725,,24.1390126,120.7484652,114.80000305175781
3726,,24.1390126,120.7484652,114.80000305175781
3727,,24.1390126,120.7484652,114.80000305175781
3728,,24.1390126,120.7484652,114.80000305175781
3729,,24.1390126,120.7484652,114.80000305175781
3730,0.00_8.11_-4.64_48.12_-23.50_-2.13_33.75_-21.31_24.87_0.7219_0.4477_-0.3296_-0.4122end0.17_7.98_-4.62_48.12_-23.50_-2.13_33.75_-21.31_24.87_0.7227_0.4431_-0.3304_-0.4150end0.41_8.08_-4.42_48.12_-23.50_-2.13_33.75_-21.31_24.87_0.7229_0.4406_-0.3312_-0.4166end0.54_8.02_-4.42_48.12_-23.50_-2.13_34.13_-19.25_26.31_0.7231_0.4380_-0.3,24.1390126,120.7484652,114.80000305175781
3731,322_-0.4183end0.66_7.99_-4.40_46.89_-59.09_-4.25_34.13_-19.25_26.31_0.7231_0.4380_-0.3322_-0.4183end0.66_7.99_-4.40_46.89_-59.09_-4.25_33.00_-20.69_24.87_0.7234_0.4302_-0.3354_-0.4232end0.76_7.94_-4.59_46.89_-59.09_-4.25_33.00_-20.69_24.87_0.7235_0.4274_-0.3366_-0.4249end0.78_7.95_-4.77_46.89_-59.09_-4.25_33.00_-20.69_24.87_0.7235_0.4274_-0.3366_-0.4249end0.80_7.85_-4.90_46.89_-59.09_-4.25_35.63_-19.62_24.94_0.7239_0.4196_-0.3398_-0.4294end0.81_7.87_-5.02_45.43_-50.69_-10.18_34.88_-19.94_24.50_0.7239_0.4196_-0.3398_-0.4294end,24.1390126,120.7484652,114.80000305175781
3732,,24.1390126,120.7484652,114.80000305175781
3733,,24.1390126,120.7484652,114.80000305175781
3734,,24.1390126,120.7484652,114.80000305175781
3735,,24.1390126,120.7484652,114.80000305175781
3736,,24.1390126,120.7484652,114.80000305175781
3737,,24.1390126,120.7484652,114.80000305175781
3738,,24.1390126,120.7484652,114.80000305175781
3739,,24.1390126,120.7484652,114.80000305175781
3740,,24.1390126,120.7484652,114.80000305175781
3741,0.83_7.87_-5.11_45.43_-50.69_-10.18_34.88_-19.94_24.50_0.7242_0.4170_-0.3408_-0.4307end0.76_7.79_-5.19_45.43_-50.69_-10.18_34.88_-19.94_24.50_0.7252_0.4095_-0.3433_-0.4342end0.77_7.79_-5.18_44.99_-39.84_-13.09_35.25_-18.94_24.44_0.7252_0.4095_-0.3433_-0.4342end0.77_7.79_-5.18_44.99_-39.84_-13.09_35.25_-18.94_24.44_0.7261_0.4048_,24.1390126,120.7484652,114.80000305175781
3742,,24.1390126,120.7484652,114.80000305175781
3743,,24.1390126,120.7484652,114.80000305175781
3744,,24.1390126,120.7484652,114.80000305175781
3745,-0.3445_-0.4361end0.74_7.78_-5.26_44.99_-39.84_-13.09_35.25_-18.94_24.44_0.7266_0.4025_-0.3451_-0.4370end0.66_7.71_-5.45_44.99_-39.84_-13.09_36.31_-19.62_24.50_0.7266_0.4025_-0.3451_-0.4370end0.64_7.68_-5.50_43.98_-29.32_-16.45_36.31_-19.62_24.50_0.7266_0.4025_-0.3451_-0.4370end0.64_7.68_-5.50_43.31_-23.72_-18.02_36.31_-19.62_24.50_0.7285_0.3958_-0.3463_-0.4391end0.64_7.68_-5.50_43.31_-23.72_-18.02_36.31_-19.62_24.50_0.7299_0.3915_-0.3468_-0.4401end0.50_7.54_-5.75_43.31_-23.72_-18.02_36.31_-19.62_24.50_0.7299_0.3915_-0.3468_-0.4401end0.45_7.57_-5.82_42.86_-15.22_-20.37_36.31_-19.62_24.50_0.7299_0.3915_-0.3468_-0.4401end0.30_7.60_-6.04_42.86_-15.22_-20.37_35.94_-19.25_24.94_0.7334_0.3837_-0.3468_-0.4411end0.18_7.52_-6.12_42.86_-15.22_-20.37_35.63_-17.94_24.94_0.7345_0.3819_-0.3466_-0.4412end-0.21_7.55_-6.39_41.41_0.34_-22.38_35.63_-17.94_24.94_0.7345_0.3819_-0.3466_-0.4412end-0.37_7.50_-6.48_40.85_6.15_-23.05_36.69_-17.62_24.06_0.7345_0.3819_-0.3466_-0.4412end-0.37_7.50_-6.48_40.96_12.20_-23.50_36.69_-17.62_24.06_0.7380_0.3771_-0.3449_-0.4407end-0.37_7.50_-6.48_40.06_24.62_-24.73_36.38_-17.25_25.88_0.7393_0.3757_-0.3441_-0.4403end-0.37_7.50_-6.48_39.95_30.77_-25.07_36.38_-17.25_25.8,24.1390126,120.7484652,114.80000305175781
3746,8_0.7393_0.3757_-0.3441_-0.4403end-0.37_7.50_-6.48_39.95_30.77_-25.07_36.38_-17.25_25.88_0.7440_0.3723_-0.3403_-0.4384end-0.37_7.50_-6.48_38.16_40.62_-24.95_36.38_-17.25_25.88_0.7456_0.3714_-0.3387_-0.4375end,24.1390126,120.7484652,114.80000305175781
3747,,24.1390126,120.7484652,114.80000305175781
3748,,24.1390126,120.7484652,114.80000305175781
3749,,24.1390126,120.7484652,114.80000305175781
3750,,24.1390126,120.7484652,114.80000305175781
3751,,24.1390126,120.7484652,114.80000305175781
3752,,24.1390126,120.7484652,114.80000305175781
3753,-1.91_7.76_-7.57_38.16_40.62_-24.95_36.38_-17.25_25.88_0.7473_0.3706_-0.3370_-0.4365end-1.91_7.76_-7.57_38.16_40.62_-24.95_35.25_-15.88_25.00_0.7510_0.3694_-0.3330_-0.4344end-3.37_7.59_-8.50_38.16_40.62_-24.95_35.25_-15.88_25.00_0.7510_0.3694_-0.3330_-0.4344end-3.83_7.54_-8.78_38.16_40.62_-24.95_35.25_-15.88_25.00_0.7549_0.3688_,24.1390126,120.7484652,114.80000305175781
3754,-0.3281_-0.4318end-4.76_7.73_-9.56_38.16_40.62_-24.95_35.63_-15.81_26.81_0.7593_0.3692_-0.3218_-0.4285end-5.27_8.53_-9.75_38.16_40.62_-24.95_34.56_-15.44_29.06_0.7616_0.3698_-0.3181_-0.4266end-5.98_17.20_-9.94_38.16_40.62_-24.95_34.56_-15.44_29.06_0.7641_0.3705_-0.3140_-0.4246end-5.82_20.10_-8.92_38.16_40.62_-24.95_34.56_-15.50_,24.1390126,120.7484652,114.80000305175781
3755,,24.1390126,120.7484652,114.80000305175781
3756,28.62_0.7665_0.3714_-0.3098_-0.4225end-6.16_23.08_-10.93_27.86_110.00_-17.68_34.56_-15.50_28.62_0.7665_0.3714_-0.3098_-0.4225end-4.95_24.07_-9.79_26.86_82.25_-14.77_34.56_-15.50_28.62_0.7723_0.3729_-0.2999_-0.4177end,24.1390126,120.7484652,114.80000305175781
3757,,24.1390126,120.7484652,114.80000305175781
3758,,24.1390126,120.7484652,114.80000305175781
3759,-4.24_24.99_-7.68_26.86_82.25_-14.77_34.56_-15.50_28.62_0.7731_0.3721_-0.2993_-0.4176end-4.85_14.63_-6.33_20.70_-71.73_0.90_34.56_-15.50_28.62_0.7731_0.3721_-0.2993_-0.4176end-4.28_21.33_-6.51_16.00_-110.23_5.26_34.56_-15.50_28.62_0.7731_0.3721_-0.2993_-0.4176end-4.28_21.33_-6.51_1.45_-129.70_5.71_34.56_-15.50_28.62_0.7704_0.365,24.1390126,120.7484652,114.80000305175781
3760,,24.1390126,120.7484652,114.80000305175781
3761,,24.1390126,120.7484652,114.80000305175781
3762,,24.1390126,120.7484652,114.80000305175781
3763,7_-0.3067_-0.4227end-4.28_21.33_-6.51_1.45_-129.70_5.71_34.56_-15.50_28.62_0.7669_0.3609_-0.3149_-0.4271end-3.37_18.51_-7.12_1.45_-129.70_5.71_35.31_-14.81_28.19_0.7669_0.3609_-0.3149_-0.4271end-1.28_17.94_-7.86_1.45_-129.70_5.71_36.38_-14.81_27.25_0.7669_0.3609_-0.3149_-0.4271end-1.33_18.32_-8.63_-9.40_-67.59_5.93_36.38_-14.81_,24.1390126,120.7484652,114.80000305175781
3764,27.25_0.7614_0.3558_-0.3262_-0.4327end-2.21_18.57_-7.06_-9.40_-67.59_5.93_36.38_-14.81_27.25_0.7604_0.3553_-0.3280_-0.4336end-2.61_19.11_-6.95_-9.40_-67.59_5.93_36.38_-15.13_26.81_0.7604_0.3553_-0.3280_-0.4336end,24.1390126,120.7484652,114.80000305175781
3765,,24.1390126,120.7484652,114.80000305175781
3766,,24.1390126,120.7484652,114.80000305175781
3767,-2.95_19.25_-6.59_-18.91_-31.56_8.84_36.38_-15.13_26.81_0.7575_0.3554_-0.3322_-0.4354end-2.63_19.26_-6.44_-18.91_-31.56_8.84_36.38_-15.13_26.81_0.7567_0.3559_-0.3332_-0.4357end-2.57_19.09_-6.36_-18.91_-31.56_8.84_36.38_-15.13_26.81_0.7567_0.3559_-0.3332_-0.4357end-2.75_18.87_-6.68_-18.91_-31.56_8.84_36.38_-14.81_25.44_0.7567_0.3559_-0.3332_-0.4357end-2.98_18.11_-6.42_-18.91_-31.56_8.84_37.06_-15.19_25.94_0.7538_0.3583_-0.3363_-0.4362end-2.98_18.11_-6.42_-18.91_-31.56_8.84_37.06_-15.19_25.94_0.7516_0.3606_-0.3385_-0.4364end-3.59_17.14_-6.61_-18.91_-31.56_8.84_35.63_-15.50_26.31_0.7505_0.3619_-0.3395_-0.4363end-3.64_16.05_-6.52_-18.91_-31.56_8.84_35.63_-,24.1390126,120.7484652,114.80000305175781
3768,15.50_26.31_0.7505_0.3619_-0.3395_-0.4363end-3.64_16.05_-6.52_-18.91_-31.56_8.84_36.38_-15.50_25.50_0.7474_0.3669_-0.3419_-0.4358end-3.37_14.38_-5.40_-18.91_-31.56_8.84_36.38_-15.50_25.50_0.7462_0.3688_-0.3427_-0.4355end,24.1390126,120.7484652,114.80000305175781
3769,,24.1390126,120.7484652,114.80000305175781
3770,,24.1390126,120.7484652,114.80000305175781
3771,,24.1390126,120.7484652,114.80000305175781
3772,,24.1390126,120.7484652,114.80000305175781
3773,,24.1390126,120.7484652,114.80000305175781
3774,-3.62_13.32_-4.92_-18.91_-31.56_8.84_36.38_-15.50_25.50_0.7462_0.3688_-0.3427_-0.4355end-3.82_12.20_-4.70_-18.91_-31.56_8.84_36.38_-15.50_25.50_0.7423_0.3749_-0.3454_-0.4349end-3.91_11.70_-4.77_-18.91_-31.56_8.84_36.31_-16.94_24.06_0.7409_0.3773_-0.3463_-0.4345end-3.66_10.86_-4.77_-18.91_-31.56_8.84_36.31_-16.94_24.06_0.7409_0.3773_-0.3463_-0.4345end-3.54_10.09_-4.87_-18.91_-31.56_8.84_36.31_-16.94_24.06_0.7409_0.3773_-0.3463_-0.4345end-3.54_10.09_-4.87_-18.91_-31.56_8.84_35.63_-16.19_25.00_0.7361_0.3848_-0.3495_-0.4335end-3.54_10.09_-4.87_-75.87_-11.19_22.72_35.63_-16.19_25.00_0.7343_0.3873_-0.3508_-0.4332end-3.49_9.02_-4.67_-78.56_-13.99_23.72_35.63_-16.19_25.00_0.7324_0.3899_-0.3523_-0.4330end-3.49_9.02_-4.67_-81.80_-16.11_23.95_36.38_-17.25_25.44_0.7324_0.3899_-0.3523_-0.4330end-3.13_8.58_-4.46_-81.80_-16.11_23.95_36.38_-17.25_25.44_0.7259_0.3981_-0.3574_-0.4323end,24.1390126,120.7484652,114.80000305175781
3775,,24.1390126,120.7484652,114.80000305175781
3776,,24.1390126,120.7484652,114.80000305175781
3777,,24.1390126,120.7484652,114.80000305175781
3778,,24.1390126,120.7484652,114.80000305175781
3779,,24.1390126,120.7484652,114.80000305175781
3780,,24.1390126,120.7484652,114.80000305175781
3781,-3.13_8.58_-4.46_-91.87_-20.25_25.51_35.94_-17.25_23.19_0.7259_0.3981_-0.3574_-0.4323end-3.13_8.58_-4.46_-91.87_-20.25_25.51_35.94_-18.00_22.69_0.7236_0.4009_-0.3592_-0.4321end-3.13_8.58_-4.46_-91.87_-20.25_25.51_35.94_-18.00_22.69_0.7159_0.4101_-0.3653_-0.4310end-2.55_7.47_-4.96_-91.87_-20.25_25.51_35.94_-18.00_22.69_0.7159_0.4101_-0.3653_-0.4310end-2.52_7.32_-4.94_-91.87_-20.25_25.51_35.94_-18.00_22.69_0.7159_0.4101_-0.3653_-0.4310end-2.23_6.75_-4.42_-91.87_-20.25_25.51_35.94_-18.00_22.69_0.7159_0.4101_-0.3653_-0.4310end-2.23_6.75_-4.42_-91.87_-20.25_25.51_36.69_-20.00_21.75_0.7018_0.4274_-0.3760_-0.4282end-2.07_6.34_-4.13_-91.87_-20.25_25.51_36.31_-19.69_20.88_0.6987_0.4312_-0.3784_-0.4274end-1.95_5.82_-3.92_-91.87_-20.25_25.51_36.31_-19.69_20.88_0.6956_0.4349_-0.3807_-0.4266end-1.82_5.50_-3.74_-127.01_-20.48_27.08_36.31_-19.69_20.88_0.6956_0.4349_-0.3807_-0.4266end,24.1390126,120.7484652,114.80000305175781
3782,,24.1390126,120.7484652,114.80000305175781
3783,,24.1390126,120.7484652,114.80000305175781
3784,,24.1390126,120.7484652,114.80000305175781
3785,,24.1390126,120.7484652,114.80000305175781
3786,,24.1390126,120.7484652,114.80000305175781
3787,,24.1390126,120.7484652,114.80000305175781
3788,,24.1390126,120.7484652,114.80000305175781
3789,-1.82_5.50_-3.74_-129.81_-21.49_26.86_36.25_-21.75_19.44_0.6956_0.4349_-0.3807_-0.4266end-1.53_5.07_-3.18_-129.81_-21.49_26.86_36.25_-21.75_19.44_0.6821_0.4507_-0.3909_-0.4229end-1.34_4.71_-2.80_-137.08_-26.30_26.75_34.81_-22.13_19.00_0.6821_0.4507_-0.3909_-0.4229end-1.34_4.71_-2.80_-139.66_-26.75_26.63_34.81_-22.13_19.00_0.6747_0.4588_-0.3964_-0.4208end-1.34_4.71_-2.80_-141.90_-26.75_26.52_35.88_-22.81_17.12_0.6747_0.4588_-0.3964_-0.4208end-1.34_4.71_-2.80_-146.15_-26.19_26.41_35.88_-22.81_17.12_0.6632_0.4713_-0.4050_-0.4172end-0.91_4.15_-2.31_-146.15_-26.19_26.41_35.88_-22.50_17.62_0.6632_0.4713_-0.4050_-0.4172end-0.91_4.15_-2.31_-150.07_-25.85_26.19_35.88_-22.50_17.62_0.6552_0.4797_-0.4107_-0.4146end-0.71_3.97_-2.05_-152.75_-26.07_25.63_35.88_-22.50_17.62_0.6552_0.4797_-0.4107_-0.4146end-0.59_3.83_-1.68_-152.75_-26.07_25.63_35.88_-22.50_17.62_0.6428_0.4926_-0.4194_-0.4102end,24.1390126,120.7484652,114.80000305175781
3790,,24.1390126,120.7484652,114.80000305175781
3791,,24.1390126,120.7484652,114.80000305175781
3792,,24.1390126,120.7484652,114.80000305175781
3793,,24.1390126,120.7484652,114.80000305175781
3794,,24.1390126,120.7484652,114.80000305175781
3795,,24.1390126,120.7484652,114.80000305175781
3796,-0.56_3.82_-1.54_-152.75_-26.07_25.63_35.88_-22.50_17.62_0.6385_0.4969_-0.4223_-0.4087end-0.56_3.73_-1.31_-157.68_-21.71_25.18_35.88_-22.50_17.62_0.6385_0.4969_-0.4223_-0.4087end-0.56_3.73_-1.31_-158.68_-19.36_24.73_35.88_-22.50_17.62_0.6298_0.5057_-0.4282_-0.4053end-0.56_3.73_-1.31_-158.68_-19.36_24.73_35.44_-26.00_13.00_0.6211_0.5147_-0.4337_-0.4016end-0.52_3.57_-0.72_-158.68_-19.36_24.73_35.44_-26.00_13.00_0.6168_0.5192_-0.4363_-0.3995end-0.54_3.56_-0.42_-160.81_-12.53_24.17_35.81_-25.69_12.13_0.6168_0.5192_-0.4363_-0.3995end-0.54_3.56_-0.42_-161.37_-11.08_23.95_35.81_-25.69_12.13_0.6038_0.5328_-0.4440_-0.3930end-0.54_3.56_-0.42_-161.82_-9.18_23.95_35.81_-26.06_9.88_0.6038_0.5328_-0.4440_-0.3930end-0.54_3.56_-0.42_-161.93_-8.28_23.84_35.81_-26.06_9.88_0.5952_0.5417_-0.4487_-0.3884end-0.75_3.57_0.15_-161.93_-8.28_23.84_35.81_-26.75_10.31_0.5952_0.5417_-0.4487_-0.3884end,24.1390126,120.7484652,114.80000305175781
3797,,24.1390126,120.7484652,114.80000305175781
3798,,24.1390126,120.7484652,114.80000305175781
3799,,24.1390126,120.7484652,114.80000305175781
3800,,24.1390126,120.7484652,114.80000305175781
3801,,24.1390126,120.7484652,114.80000305175781
3802,,24.1390126,120.7484652,114.80000305175781
3803,-0.75_3.57_0.15_-162.15_-6.38_23.95_35.81_-26.75_10.31_0.5819_0.5554_-0.4557_-0.3812end-0.87_3.43_0.62_-161.70_-5.93_24.06_35.81_-26.75_10.31_0.5819_0.5554_-0.4557_-0.3812end-0.95_3.29_0.86_-161.70_-5.93_24.06_35.81_-26.75_10.31_0.5819_0.5554_-0.4557_-0.3812end-0.98_3.25_1.07_-161.70_-5.93_24.06_35.81_-26.75_10.31_0.5640_0.5729_-0.4645_-0.3713end-1.05_3.26_1.28_-161.70_-5.93_24.06_35.81_-26.75_10.31_0.5594_0.5773_-0.4667_-0.3688end-1.09_3.28_1.28_-157.23_-8.95_25.63_35.81_-26.75_10.31_0.5594_0.5773_-0.4667_-0.3688end-1.09_3.28_1.28_-157.23_-8.95_25.63_35.06_-27.50_6.25_0.5503_0.5856_-0.4708_-0.3642end-1.09_3.28_1.28_-154.32_-12.76_26.52_35.06_-27.50_6.,24.1390126,120.7484652,114.80000305175781
3804,25_0.5455_0.5897_-0.4729_-0.3619end-1.34_3.28_1.61_-152.08_-14.44_27.08_35.38_-27.81_5.75_0.5455_0.5897_-0.4729_-0.3619end-1.34_3.28_1.61_-152.08_-14.44_27.08_35.38_-27.81_5.75_0.5316_0.6013_-0.4789_-0.3557end,24.1390126,120.7484652,114.80000305175781
3805,,24.1390126,120.7484652,114.80000305175781
3806,,24.1390126,120.7484652,114.80000305175781
3807,,24.1390126,120.7484652,114.80000305175781
3808,,24.1390126,120.7484652,114.80000305175781
3809,,24.1390126,120.7484652,114.80000305175781
3810,-1.22_3.70_2.78_-152.08_-14.44_27.08_35.38_-27.81_5.75_0.5267_0.6051_-0.4810_-0.3538end-1.06_4.30_2.89_-149.62_-22.72_29.54_35.38_-28.87_3.94_0.5219_0.6088_-0.4829_-0.3519end-1.06_4.30_2.89_-148.50_-24.84_30.10_35.38_-28.87_3.94_0.5119_0.6160_-0.4870_-0.3483end-1.01_4.50_2.53_-148.50_-24.84_30.10_35.38_-28.87_3.94_0.5070_0.6195_-0.4890_-0.3466end-0.90_4.77_2.02_-148.50_-24.84_30.10_34.63_-29.25_2.12_0.5070_0.6195_-0.4890_-0.3466end-0.85_4.93_2.34_-135.52_-34.13_34.58_34.63_-29.25_2.12_0.5070_0.6195_-0.4890_-0.3466end-0.85_4.93_2.34_-135.52_-34.13_34.58_34.63_-29.25_2.12_0.4871_0.6324_-0.4963_-0.3413end-0.77_5.21_3.09_-135.52_-34.13_34.58_34.63_-29.25_2.12_0.4822_0.6354_-0.4981_-0.3402end-0.60_5.52_3.16_-135.52_-34.13_34.58_34.25_-29.94_0.31_0.4822_0.6354_-0.4981_-0.3402end-0.46_5.64_3.06_-126.34_-41.85_36.71_33.88_-28.25_-1.94_0.4822_0.6354_-0.4981_-0.3402end,24.1390126,120.7484652,114.80000305175781
3811,,24.1390126,120.7484652,114.80000305175781
3812,,24.1390126,120.7484652,114.80000305175781
3813,,24.1390126,120.7484652,114.80000305175781
3814,,24.1390126,120.7484652,114.80000305175781
3815,,24.1390126,120.7484652,114.80000305175781
3816,,24.1390126,120.7484652,114.80000305175781
3817,-0.46_5.64_3.06_-123.32_-43.87_37.38_33.88_-28.25_-1.94_0.4672_0.6439_-0.5032_-0.3375end-0.46_5.64_3.06_-120.30_-45.66_37.94_33.88_-30.00_-2.44_0.4672_0.6439_-0.5032_-0.3375end-0.46_5.64_3.06_-113.25_-47.11_38.83_33.88_-30.00_-2.44_0.4672_0.6439_-0.5032_-0.3375end-0.30_5.68_3.22_-113.25_-47.11_38.83_33.88_-30.00_-2.44_0.4524_0.6516_-0.5079_-0.3359end-0.08_5.83_3.34_-113.25_-47.11_38.83_33.88_-30.00_-2.44_0.4428_0.6562_-0.5108_-0.3353end-0.05_5.89_3.21_-100.38_-50.69_40.40_33.13_-30.37_-5.12_0.4428_0.6562_-0.5108_-0.3353end0.00_5.87_3.12_-96.46_-50.69_40.73_32.75_-30.75_-5.12_0.4428_0.6562_-0.5108_-0.3353end0.00_5.87_3.12_-89.30_-47.11_40.29_32.75_-30.75_-5.12_0.4428_0.6562_-0.5108_-0.3353end0.15_6.02_3.04_-89.30_-47.11_40.29_32.75_-30.75_-5.12_0.4160_0.6682_-0.5177_-0.3354end0.29_6.17_3.07_-89.30_-47.11_40.29_32.75_-30.75_-5.12_0.4160_0.6682_-0.5177_-0.3354end,24.1390126,120.7484652,114.80000305175781
3818,,24.1390126,120.7484652,114.80000305175781
3819,,24.1390126,120.7484652,114.80000305175781
3820,,24.1390126,120.7484652,114.80000305175781
3821,,24.1390126,120.7484652,114.80000305175781
3822,,24.1390126,120.7484652,114.80000305175781
3823,0.45_6.46_3.21_-89.30_-47.11_40.29_32.75_-30.75_-5.12_0.4120_0.6699_-0.5185_-0.3355end0.45_6.46_3.21_-68.37_-28.20_38.83_32.75_-30.75_-5.12_0.4048_0.6733_-0.5197_-0.3356end0.39_7.12_2.98_-68.37_-28.20_38.83_32.75_-30.75_-5.12_0.3984_0.6767_-0.5204_-0.3355end0.30_7.32_2.78_-68.37_-28.20_38.83_31.62_-30.81_-7.44_0.3956_0.6783_-0.5206_-0.3353end0.60_7.52_3.05_-68.37_-28.20_38.83_31.62_-30.81_-7.44_0.3930_0.6800_-0.5205_-0.3350end1.27_7.86_3.90_-68.37_-28.20_38.83_30.88_-30.81_-9.19_0.3930_0.6800_-0.5205_-0.3350end0.79_8.48_3.34_-68.37_-28.20_38.83_30.88_-30.81_-9.19_0.3930_0.6800_-0.5205_-0.3350end0.74_9.09_3.06_-42.52_-3.25_34.02_30.88_-30.81_-9.19_0.386,24.1390126,120.7484652,114.80000305175781
3824,7_0.6845_-0.5199_-0.3342end0.74_9.09_3.06_-42.52_-3.25_34.02_30.88_-30.81_-9.19_0.3849_0.6860_-0.5195_-0.3338end0.74_9.09_3.06_-32.79_8.50_30.44_30.12_-31.50_-9.25_0.3849_0.6860_-0.5195_-0.3338end,24.1390126,120.7484652,114.80000305175781
3825,,24.1390126,120.7484652,114.80000305175781
3826,,24.1390126,120.7484652,114.80000305175781
3827,,24.1390126,120.7484652,114.80000305175781
3828,,24.1390126,120.7484652,114.80000305175781
3829,,24.1390126,120.7484652,114.80000305175781
3830,,24.1390126,120.7484652,114.80000305175781
3831,0.74_9.09_3.06_-21.82_13.09_28.31_30.12_-31.50_-9.25_0.3849_0.6860_-0.5195_-0.3338end0.74_9.09_3.06_-21.82_13.09_28.31_30.12_-31.50_-9.25_0.3804_0.6921_-0.5161_-0.3318end1.22_11.75_3.56_-21.82_13.09_28.31_30.12_-31.50_-9.25_0.3804_0.6921_-0.5161_-0.3318end1.32_11.93_3.62_-21.82_13.09_28.31_31.25_-31.87_-9.25_0.3798_0.6937_-0.514,24.1390126,120.7484652,114.80000305175781
3832,3_-0.3317end1.42_12.13_3.63_10.74_10.30_20.59_31.25_-31.87_-9.25_0.3798_0.6937_-0.5143_-0.3317end1.42_12.13_3.63_10.74_10.30_20.59_29.06_-31.50_-7.87_0.3802_0.6952_-0.5115_-0.3323end1.80_12.75_3.86_10.74_10.30_20.59_29.06_-31.50_-7.87_0.3807_0.6954_-0.5105_-0.3329end1.93_13.18_4.12_10.74_10.30_20.59_29.06_-31.50_-7.87_0.3814_0.6954_-0.5095_-0.3336end-3.66_49.40_-24.44_10.74_10.30_20.59_29.06_-31.50_-7.87_0.3814_0.6954_-0.5095_-0.3336end25.77_22.37_33.76_10.74_10.30_20.59_29.06_-31.50_-7.87_0.3848_0.6923_-0.5063_-0.3410end,24.1390126,120.7484652,114.80000305175781
3833,,24.1390126,120.7484652,114.80000305175781
3834,,24.1390126,120.7484652,114.80000305175781
3835,,24.1390126,120.7484652,114.80000305175781
3836,,24.1390126,120.7484652,114.80000305175781
3837,,24.1390126,120.7484652,114.80000305175781
3838,,24.1390126,120.7484652,114.80000305175781
3839,-15.77_11.61_-17.03_10.74_10.30_20.59_29.06_-31.50_-7.87_0.3824_0.6915_-0.5072_-0.3439end5.06_8.02_-5.32_10.74_10.30_20.59_29.06_-31.50_-7.87_0.3837_0.6906_-0.5066_-0.3452end5.06_8.02_-5.32_42.75_123.99_-29.10_29.37_-32.88_-7.87_0.3837_0.6906_-0.5066_-0.3452end5.06_8.02_-5.32_42.75_123.99_-29.10_29.37_-32.88_-7.87_0.4023_0.6922_-0.4986_-0.3322end4.71_13.43_24.80_42.75_123.99_-29.10_29.81_-32.19_-6.06_0.4093_0.6936_-0.4954_-0.3255end4.42_8.27_20.27_42.75_123.99_-29.10_29.81_-32.19_-6.06_0.4093_0.6936_-0.4954_-0.3255end7.85_7.64_8.26_50.92_23.61_8.28_29.81_-32.19_-6.06_0.4093_0.6936_-0.4954_-0.3255end2.97_7.86_10.88_50.92_23.61_8.28_31.25_-31.81_-5.56_0.4216_0.6948_-0.4887_-0.3173end-2.07_7.61_7.49_50.13_6.71_12.42_31.25_-31.81_-5.56_0.4216_0.6948_-0.4887_-0.3173end-3.43_7.44_2.49_50.13_6.71_12.42_31.25_-31.81_-5.56_0.4272_0.6935_-0.4846_-0.3189end,24.1390126,120.7484652,114.80000305175781
3840,,24.1390126,120.7484652,114.80000305175781
3841,,24.1390126,120.7484652,114.80000305175781
3842,,24.1390126,120.7484652,114.80000305175781
3843,,24.1390126,120.7484652,114.80000305175781
3844,,24.1390126,120.7484652,114.80000305175781
3845,,24.1390126,120.7484652,114.80000305175781
3846,-5.68_7.52_1.87_60.76_71.51_-4.03_31.25_-31.81_-5.56_0.4272_0.6935_-0.4846_-0.3189end-5.68_7.52_1.87_60.76_71.51_-4.03_31.25_-32.13_-3.81_0.4384_0.6931_-0.4780_-0.3146end-2.01_7.97_1.97_60.76_71.51_-4.03_31.25_-32.13_-3.81_0.4429_0.6928_-0.4757_-0.3123end1.57_7.83_4.81_60.76_71.51_-4.03_31.25_-32.13_-3.81_0.4429_0.6928_-0.4757_-0.3123end1.77_7.89_4.73_71.84_31.11_-13.99_31.25_-32.13_-3.81_0.4429_0.6928_-0.4757_-0.3123end1.77_7.89_4.73_71.84_31.11_-13.99_30.94_-31.75_-1.12_0.4551_0.6879_-0.4708_-0.3129end2.95_8.12_7.16_71.84_31.11_-13.99_30.94_-31.75_-1.12_0.4566_0.6862_-0.4705_-0.3151end0.52_8.02_5.64_71.84_31.11_-13.99_30.94_-31.75_-1.12_0.4578_0.6843_-0.4703_-0.3176end1.04_7.91_4.67_71.84_31.11_-13.99_30.94_-31.75_-1.12_0.4578_0.6843_-0.4703_-0.3176end0.80_7.82_3.80_58.64_1.68_-3.92_30.94_-31.75_-1.12_0.4628_0.6802_-0.4686_-0.3218end,24.1390126,120.7484652,114.80000305175781
3847,,24.1390126,120.7484652,114.80000305175781
3848,,24.1390126,120.7484652,114.80000305175781
3849,,24.1390126,120.7484652,114.80000305175781
3850,,24.1390126,120.7484652,114.80000305175781
3851,,24.1390126,120.7484652,114.80000305175781
3852,,24.1390126,120.7484652,114.80000305175781
3853,0.55_7.75_1.80_58.64_1.68_-3.92_30.94_-31.75_-1.12_0.4653_0.6794_-0.4673_-0.3218end1.58_7.75_1.85_58.64_1.68_-3.92_32.00_-31.75_-1.12_0.4653_0.6794_-0.4673_-0.3218end1.58_7.75_1.85_64.57_57.86_-9.96_32.06_-31.69_0.25_0.4713_0.6779_-0.4641_-0.3208end1.58_7.75_1.85_66.92_60.76_-9.29_32.06_-31.69_0.25_0.4713_0.6779_-0.4641_-0.3208end1.58_7.75_1.85_66.92_60.76_-9.29_31.69_-31.69_1.19_0.4747_0.6772_-0.4622_-0.3202end1.58_7.75_1.85_69.38_70.05_-7.61_31.69_-31.69_1.19_0.4850_0.6750_-0.4559_-0.3181end0.79_8.20_3.95_69.38_70.05_-7.61_31.69_-31.69_1.19_0.4885_0.6744_-0.4537_-0.3172end0.58_8.20_3.73_63.67_84.82_-10.30_31.69_-31.69_1.19_0.4885_0.6744_-0.4537_-0.31,24.1390126,120.7484652,114.80000305175781
3854,72end0.58_8.20_3.73_62.44_83.82_-9.85_31.69_-31.69_1.19_0.4957_0.6735_-0.4490_-0.3146end0.58_8.20_3.73_61.32_79.90_-9.40_31.69_-31.69_1.19_0.4995_0.6731_-0.4465_-0.3131end,24.1390126,120.7484652,114.80000305175781
3855,,24.1390126,120.7484652,114.80000305175781
3856,,24.1390126,120.7484652,114.80000305175781
3857,,24.1390126,120.7484652,114.80000305175781
3858,,24.1390126,120.7484652,114.80000305175781
3859,,24.1390126,120.7484652,114.80000305175781
3860,,24.1390126,120.7484652,114.80000305175781
3861,1.09_8.07_1.65_61.32_79.90_-9.40_31.69_-31.69_1.19_0.5063_0.6722_-0.4420_-0.3105end0.89_8.03_1.37_61.21_66.36_-6.49_31.69_-31.69_1.19_0.5063_0.6722_-0.4420_-0.3105end0.89_8.03_1.37_61.21_66.36_-6.49_31.69_-31.69_1.19_0.5156_0.6703_-0.4357_-0.3080end0.48_8.07_0.73_61.21_66.36_-6.49_31.69_-31.69_1.19_0.5186_0.6696_-0.4338_-0.3076end0.20_8.23_0.47_61.21_66.36_-6.49_31.69_-31.69_1.19_0.5186_0.6696_-0.4338_-0.3076end0.41_8.25_0.57_63.56_50.58_-7.05_31.69_-31.69_1.19_0.5186_0.6696_-0.4338_-0.3076end0.70_8.31_0.66_63.34_50.81_-8.84_32.13_-30.19_9.31_0.5186_0.6696_-0.4338_-0.3076end0.80_8.34_0.66_63.23_45.88_-9.18_32.13_-30.19_9.31_0.5329_0.6650_-0.4250_-0.305,24.1390126,120.7484652,114.80000305175781
3862,4end1.32_8.44_0.78_63.23_45.88_-9.18_32.13_-30.19_9.31_0.5329_0.6650_-0.4250_-0.3054end1.32_8.44_0.73_62.56_38.83_-7.61_32.13_-30.19_9.31_0.5329_0.6650_-0.4250_-0.3054end,24.1390126,120.7484652,114.80000305175781
3863,,24.1390126,120.7484652,114.80000305175781
3864,,24.1390126,120.7484652,114.80000305175781
3865,,24.1390126,120.7484652,114.80000305175781
3866,,24.1390126,120.7484652,114.80000305175781
3867,,24.1390126,120.7484652,114.80000305175781
3868,1.32_8.44_0.73_62.56_38.83_-7.61_32.06_-31.25_7.50_0.5409_0.6618_-0.4203_-0.3047end1.32_8.44_0.73_60.54_41.52_-6.71_32.06_-31.25_7.50_0.5460_0.6598_-0.4171_-0.3042end0.94_8.71_0.77_60.54_41.52_-6.71_31.75_-30.88_9.31_0.5460_0.6598_-0.4171_-0.3042end0.94_8.71_0.77_59.31_59.65_-9.06_31.75_-30.88_9.31_0.5516_0.6581_-0.4134_-0.3029end0.54_8.40_1.11_59.31_59.65_-9.06_31.75_-30.88_9.31_0.5546_0.6573_-0.4114_-0.3019end0.54_8.40_1.11_57.74_67.37_-10.30_31.75_-30.88_9.31_0.5576_0.6566_-0.4092_-0.3008end0.81_8.55_0.57_57.74_67.37_-10.30_31.75_-30.88_9.31_0.5605_0.6559_-0.4072_-0.2997end0.78_8.50_0.54_57.74_67.37_-10.30_31.37_-29.81_10.63_0.5605_0.6559_-0.4072_-0,24.1390126,120.7484652,114.80000305175781
3869,.2997end0.61_8.65_0.45_57.74_67.37_-10.30_31.37_-29.81_10.63_0.5693_0.6536_-0.4009_-0.2964end0.50_8.59_0.31_58.41_63.34_-8.17_31.37_-29.81_10.63_0.5693_0.6536_-0.4009_-0.2964end,24.1390126,120.7484652,114.80000305175781
3870,,24.1390126,120.7484652,114.80000305175781
3871,,24.1390126,120.7484652,114.80000305175781
3872,,24.1390126,120.7484652,114.80000305175781
3873,,24.1390126,120.7484652,114.80000305175781
3874,,24.1390126,120.7484652,114.80000305175781
3875,,24.1390126,120.7484652,114.80000305175781
3876,0.32_8.63_0.17_57.63_64.35_-8.39_31.37_-29.81_10.63_0.5693_0.6536_-0.4009_-0.2964end0.32_8.63_0.17_57.63_64.35_-8.39_31.44_-30.44_14.25_0.5779_0.6514_-0.3946_-0.2934end0.32_8.63_0.17_57.97_66.70_-9.29_31.44_-30.44_14.25_0.5836_0.6498_-0.3903_-0.2911end0.07_8.63_0.68_57.97_66.70_-9.29_31.44_-30.44_14.25_0.5865_0.6490_-0.3881_-0.2900end-0.02_8.71_0.96_57.97_66.70_-9.29_31.44_-30.44_14.25_0.5865_0.6490_-0.3881_-0.2900end-0.02_8.71_0.96_56.18_60.32_-8.73_31.44_-30.44_14.25_0.5947_0.6465_-0.3820_-0.2870end-0.23_8.71_0.75_55.95_46.44_-7.72_31.44_-30.44_14.25_0.5947_0.6465_-0.3820_-0.2870end-0.39_8.74_0.51_55.95_46.44_-7.72_30.31_-29.37_15.19_0.5998_0.6447_-0.3784_-0.2855end-0.45_8.79_0.45_55.73_42.08_-7.27_30.31_-29.37_15.19_0.6045_0.6425_-0.3751_-0.2846end-0.43_8.80_0.43_55.73_42.08_-7.27_30.31_-29.37_15.19_0.6068_0.6414_-0.3737_-0.2844end,24.1390126,120.7484652,114.80000305175781
3877,,24.1390126,120.7484652,114.80000305175781
3878,,24.1390126,120.7484652,114.80000305175781
3879,,24.1390126,120.7484652,114.80000305175781
3880,,24.1390126,120.7484652,114.80000305175781
3881,,24.1390126,120.7484652,114.80000305175781
3882,,24.1390126,120.7484652,114.80000305175781
3883,-0.40_8.79_0.43_56.06_29.99_-7.16_30.31_-29.37_15.19_0.6068_0.6414_-0.3737_-0.2844end-0.38_8.74_0.37_55.84_21.60_-6.83_32.56_-30.06_17.44_0.6068_0.6414_-0.3737_-0.2844end-0.32_8.63_0.29_55.62_18.02_-6.83_32.56_-30.06_17.44_0.6149_0.6363_-0.3690_-0.2844end-0.32_8.63_0.29_55.62_18.02_-6.83_30.00_-28.00_17.50_0.6168_0.6349_-0.3680_-0.2846end-0.37_8.81_0.16_55.62_18.02_-6.83_30.00_-28.00_17.50_0.6187_0.6334_-0.3671_-0.2849end-0.41_8.75_0.58_55.62_18.02_-6.83_30.00_-28.00_17.50_0.6205_0.6320_-0.3663_-0.2852end-0.41_8.75_0.58_54.50_11.75_-6.94_30.00_-28.00_17.50_0.6241_0.6291_-0.3647_-0.2859end-0.27_8.81_-0.15_54.50_11.75_-6.94_29.63_-28.31_16.56_0.6241_0.62,24.1390126,120.7484652,114.80000305175781
3884,91_-0.3647_-0.2859end-0.27_8.81_-0.15_53.49_8.50_-6.60_29.63_-28.31_16.56_0.6274_0.6262_-0.3632_-0.2868end-0.30_8.74_-0.08_53.16_5.48_-5.71_29.63_-28.31_16.56_0.6274_0.6262_-0.3632_-0.2868end,24.1390126,120.7484652,114.80000305175781
3885,,24.1390126,120.7484652,114.80000305175781
3886,,24.1390126,120.7484652,114.80000305175781
3887,,24.1390126,120.7484652,114.80000305175781
3888,,24.1390126,120.7484652,114.80000305175781
3889,,24.1390126,120.7484652,114.80000305175781
3890,,24.1390126,120.7484652,114.80000305175781
3891,-0.30_8.74_-0.08_53.16_5.48_-5.71_29.63_-28.31_16.56_0.6321_0.6218_-0.3614_-0.2885end-0.62_8.66_-1.08_53.16_5.48_-5.71_29.63_-28.31_16.56_0.6321_0.6218_-0.3614_-0.2885end-0.81_7.21_-1.31_53.16_5.48_-5.71_29.63_-28.31_16.56_0.6368_0.6172_-0.3597_-0.2902end-0.19_10.45_-1.53_53.16_5.48_-5.71_30.00_-26.62_18.87_0.6383_0.6156_-0.3593_-0.2907end-0.50_8.73_-0.77_53.16_5.48_-5.71_30.00_-26.62_18.87_0.6383_0.6156_-0.3593_-0.2907end-0.04_8.79_-1.04_52.37_-5.15_-8.62_30.00_-26.62_18.87_0.6383_0.6156_-0.3593_-0.2907end-0.04_8.79_-1.04_52.37_-5.15_-8.62_30.00_-26.62_18.87_0.6427_0.6106_-0.3583_-0.2928end-0.53_8.90_-1.39_52.37_-5.15_-8.62_30.00_-26.62_18.87_0.6453_0.6072_-0.3579_-0.2947end-0.82_8.89_-1.47_50.92_-10.41_-7.50_31.12_-27.31_20.69_0.6453_0.6072_-0.3579_-0.2947end-0.69_8.84_-1.53_50.69_-9.06_-8.50_31.12_-26.62_19.81_0.6453_0.6072_-0.3579_-0.2947end,24.1390126,120.7484652,114.80000305175781
3892,,24.1390126,120.7484652,114.80000305175781
3893,,24.1390126,120.7484652,114.80000305175781
3894,,24.1390126,120.7484652,114.80000305175781
3895,,24.1390126,120.7484652,114.80000305175781
3896,,24.1390126,120.7484652,114.80000305175781
3897,,24.1390126,120.7484652,114.80000305175781
3898,,24.1390126,120.7484652,114.80000305175781
3899,,24.1390126,120.7484652,114.80000305175781
3900,,24.1390126,120.7484652,114.80000305175781
3901,,24.1390126,120.7484652,114.80000305175781
3902,-0.54_8.79_-1.79_49.91_-9.06_-9.29_31.12_-26.62_19.81_0.6505_0.6004_-0.3573_-0.2979end-0.57_8.88_-1.82_49.91_-9.06_-9.29_30.75_-27.25_19.75_0.6517_0.5988_-0.3572_-0.2987end-0.29_8.89_-2.17_49.01_-15.44_-9.62_30.75_-27.25_19.75_0.6517_0.5988_-0.3572_-0.2987end-0.29_8.89_-2.17_49.01_-15.44_-9.62_32.25_-26.25_21.62_0.6517_0.5988_-0,24.1390126,120.7484652,114.80000305175781
3903,.3572_-0.2987end-0.35_8.86_-2.29_49.01_-15.44_-9.62_32.25_-26.25_21.62_0.6561_0.5917_-0.3576_-0.3026end-0.56_8.90_-2.59_49.01_-15.44_-9.62_32.25_-26.25_21.62_0.6572_0.5898_-0.3577_-0.3035end-0.52_8.93_-2.62_49.01_-15.44_-9.62_31.12_-25.56_20.25_0.6583_0.5881_-0.3578_-0.3044end-0.54_8.93_-2.75_45.99_-14.55_-11.08_31.12_-25.56_20.25_0.6583_0.5881_-0.3578_-0.3044end-0.54_8.93_-2.75_45.99_-14.55_-11.08_31.12_-25.56_20.25_0.6616_0.5831_-0.3581_-0.3068end-0.51_9.00_-2.96_45.99_-14.55_-11.08_31.12_-25.56_20.25_0.6627_0.5814_-0.3581_-0.3075end,24.1390126,120.7484652,114.80000305175781
3904,,24.1390126,120.7484652,114.80000305175781
3905,,24.1390126,120.7484652,114.80000305175781
3906,,24.1390126,120.7484652,114.80000305175781
3907,-0.54_8.99_-3.10_45.99_-14.55_-11.08_31.12_-25.56_20.25_0.6627_0.5814_-0.3581_-0.3075end-0.79_8.99_-3.39_44.31_-11.53_-10.85_31.12_-25.56_20.25_0.6627_0.5814_-0.3581_-0.3075end-0.95_8.99_-3.53_44.31_-11.53_-10.85_31.87_-24.87_21.62_0.6660_0.5765_-0.3582_-0.3095end-1.07_9.00_-3.62_44.31_-11.53_-10.85_31.87_-24.87_21.62_0.6682_0.5,24.1390126,120.7484652,114.80000305175781
3908,735_-0.3580_-0.3105end-1.28_9.04_-3.82_44.31_-11.53_-10.85_32.25_-24.50_20.75_0.6693_0.5721_-0.3578_-0.3109end-1.41_9.03_-3.94_44.31_-11.53_-10.85_32.25_-24.50_20.75_0.6705_0.5707_-0.3575_-0.3112end-1.41_9.03_-3.94_40.17_6.38_-12.42_33.00_-24.81_22.50_0.6705_0.5707_-0.3575_-0.3112end-1.44_9.05_-3.95_40.17_6.38_-12.42_33.00_-24.8,24.1390126,120.7484652,114.80000305175781
3909,,24.1390126,120.7484652,114.80000305175781
3910,1_22.50_0.6730_0.5682_-0.3567_-0.3115end-1.77_9.09_-3.87_39.17_9.29_-11.75_33.00_-24.81_22.50_0.6743_0.5670_-0.3561_-0.3115end-1.77_9.09_-3.87_38.61_9.18_-11.30_32.25_-24.19_21.62_0.6743_0.5670_-0.3561_-0.3115end,24.1390126,120.7484652,114.80000305175781
3911,,24.1390126,120.7484652,114.80000305175781
3912,,24.1390126,120.7484652,114.80000305175781
3913,-1.77_9.09_-3.87_38.61_9.18_-11.30_32.25_-24.50_21.12_0.6780_0.5634_-0.3546_-0.3116end-1.77_9.09_-3.87_36.82_8.95_-10.41_32.25_-24.50_21.12_0.6792_0.5623_-0.3541_-0.3117end-1.77_9.09_-3.87_35.70_7.83_-10.30_32.25_-24.50_21.12_0.6815_0.5601_-0.3531_-0.3118end-2.47_9.20_-3.90_35.70_7.83_-10.30_32.63_-23.12_22.06_0.6815_0.5601_-0.3,24.1390126,120.7484652,114.80000305175781
3914,,24.1390126,120.7484652,114.80000305175781
3915,,24.1390126,120.7484652,114.80000305175781
3916,,24.1390126,120.7484652,114.80000305175781
3917,,24.1390126,120.7484652,114.80000305175781
3918,531_-0.3118end-2.47_9.20_-3.90_35.70_7.83_-10.30_32.25_-23.81_23.44_0.6843_0.5565_-0.3525_-0.3126end-2.56_9.17_-4.03_35.70_7.83_-10.30_32.25_-23.81_23.44_0.6851_0.5553_-0.3525_-0.3131end-2.66_9.24_-4.17_35.70_7.83_-10.30_32.25_-23.81_23.44_0.6851_0.5553_-0.3525_-0.3131end-2.58_9.29_-4.28_35.70_7.83_-10.30_32.25_-23.81_23.44_0.6863_0.5528_-0.3530_-0.3144end-2.56_9.25_-4.30_29.88_-23.28_-7.05_32.25_-23.81_23.44_0.6863_0.5528_-0.3530_-0.3144end-2.56_9.25_-4.30_28.54_-29.77_-6.83_32.25_-23.81_23.44_0.6875_0.5488_-0.3545_-0.3170end,24.1390126,120.7484652,114.80000305175781
3919,,24.1390126,120.7484652,114.80000305175781
3920,-2.40_9.27_-4.37_28.54_-29.77_-6.83_32.25_-23.81_23.44_0.6878_0.5474_-0.3552_-0.3180end-2.11_9.30_-4.35_28.54_-29.77_-6.83_32.63_-22.37_24.37_0.6878_0.5474_-0.3552_-0.3180end-2.05_9.26_-4.34_26.19_-36.26_-5.48_32.63_-22.37_24.37_0.6878_0.5474_-0.3552_-0.3180end-2.05_9.26_-4.34_24.95_-37.38_-5.15_31.87_-23.81_22.56_0.6883_0.5433_-0.3577_-0.3213end-2.05_9.26_-4.34_24.95_-37.38_-5.15_31.87_-23.81_22.56_0.6884_0.5406_-0.3594_-0.3235end-2.01_9.30_-4.00_24.95_-37.38_-5.15_33.00_-22.44_22.19_0.6884_0.5406_-0.3594_-0.3235end-1.96_9.32_-4.03_24.95_-37.38_-5.15_33.00_-22.44_22.19_0.6886_0.5380_-0.3610_-0.3256end-1.96_9.32_-4.03_21.15_-27.19_-4.70_33.00_-22.44_22,24.1390126,120.7484652,114.80000305175781
3921,.19_0.6887_0.5368_-0.3618_-0.3266end-1.95_9.34_-3.82_20.70_-26.07_-4.48_33.00_-22.44_22.19_0.6890_0.5345_-0.3630_-0.3283end-1.96_9.33_-3.74_20.70_-26.07_-4.48_33.00_-22.44_22.19_0.6891_0.5335_-0.3636_-0.3291end,24.1390126,120.7484652,114.80000305175781
3922,,24.1390126,120.7484652,114.80000305175781
3923,,24.1390126,120.7484652,114.80000305175781
3924,,24.1390126,120.7484652,114.80000305175781
3925,,24.1390126,120.7484652,114.80000305175781
3926,,24.1390126,120.7484652,114.80000305175781
3927,-2.04_9.35_-3.62_20.70_-26.07_-4.48_33.00_-22.06_22.13_0.6891_0.5335_-0.3636_-0.3291end-2.07_9.35_-3.54_19.25_-24.95_-4.03_33.00_-22.06_22.13_0.6891_0.5335_-0.3636_-0.3291end-2.11_9.36_-3.43_18.69_-24.84_-4.14_33.00_-22.06_22.13_0.6891_0.5335_-0.3636_-0.3291end-2.11_9.36_-3.43_18.69_-24.84_-4.14_34.13_-21.37_24.44_0.6896_0.5284_,24.1390126,120.7484652,114.80000305175781
3928,-0.3665_-0.3330end-2.09_9.38_-3.30_18.69_-24.84_-4.14_34.13_-21.37_24.44_0.6896_0.5275_-0.3671_-0.3338end-1.99_9.38_-3.10_18.69_-24.84_-4.14_34.06_-22.06_22.19_0.6896_0.5275_-0.3671_-0.3338end-1.90_9.37_-2.92_18.69_-24.84_-4.14_34.06_-22.06_22.19_0.6896_0.5275_-0.3671_-0.3338end-1.87_9.37_-2.82_18.69_-24.84_-4.14_34.06_-22.06_22.19_0.6897_0.5237_-0.3695_-0.3369end-1.87_9.37_-2.82_15.55_-24.84_-3.36_34.06_-22.06_22.19_0.6898_0.5228_-0.3701_-0.3376end-1.87_9.37_-2.82_15.55_-24.84_-3.36_34.06_-21.37_21.25_0.6898_0.5228_-0.3701_-0.3376end,24.1390126,120.7484652,114.80000305175781
3929,,24.1390126,120.7484652,114.80000305175781
3930,,24.1390126,120.7484652,114.80000305175781
3931,,24.1390126,120.7484652,114.80000305175781
3932,,24.1390126,120.7484652,114.80000305175781
3933,,24.1390126,120.7484652,114.80000305175781
3934,,24.1390126,120.7484652,114.80000305175781
3935,,24.1390126,120.7484652,114.80000305175781
3936,-1.86_9.38_-2.75_15.55_-24.84_-3.36_34.06_-21.37_21.25_0.6898_0.5228_-0.3701_-0.3376end-1.84_9.38_-2.75_15.55_-24.84_-3.36_34.06_-21.37_21.25_0.6898_0.5194_-0.3722_-0.3404end-1.87_9.38_-2.82_15.55_-24.84_-3.36_34.06_-21.37_21.25_0.6899_0.5186_-0.3726_-0.3409end-1.88_9.34_-2.86_15.55_-24.84_-3.36_34.44_-21.37_21.69_0.6899_0.5186_-0.3726_-0.3409end-1.88_9.34_-2.86_13.99_-12.76_-2.35_34.44_-21.37_21.69_0.6902_0.5165_-0.3735_-0.3425end-2.12_9.34_-2.82_13.99_-12.76_-2.35_34.13_-21.69_23.06_0.6904_0.5159_-0.3737_-0.3430end-2.12_9.34_-2.82_13.99_-12.76_-2.35_34.44_-22.06_23.06_0.6906_0.5153_-0.3738_-0.3433end-2.23_9.37_-2.71_13.99_-12.76_-2.35_34.44_-22.06_23.06_0.6906_0.5153_-0.3738_-0.3433end-2.23_9.37_-2.71_13.54_-2.91_-2.01_34.44_-22.06_23.06_0.6910_0.5142_-0.3739_-0.3439end-2.23_9.37_-2.71_13.54_-2.91_-2.01_34.44_-22.06_23.06_0.6916_0.5132_-0.3738_-0.3444end,24.1390126,120.7484652,114.80000305175781
3937,,24.1390126,120.7484652,114.80000305175781
3938,,24.1390126,120.7484652,114.80000305175781
3939,,24.1390126,120.7484652,114.80000305175781
3940,,24.1390126,120.7484652,114.80000305175781
3941,,24.1390126,120.7484652,114.80000305175781
3942,-2.39_9.39_-2.43_13.54_-2.91_-2.01_34.44_-22.06_23.06_0.6916_0.5132_-0.3738_-0.3444end-2.48_9.34_-2.31_13.54_-2.91_-2.01_34.44_-22.06_23.06_0.6916_0.5132_-0.3738_-0.3444end-2.49_9.38_-2.26_13.54_-2.91_-2.01_34.44_-22.06_23.06_0.6926_0.5112_-0.3735_-0.3456end-2.47_9.36_-2.13_13.54_-2.91_-2.01_34.44_-22.06_23.06_0.6928_0.5107_-0.3,24.1390126,120.7484652,114.80000305175781
3943,735_-0.3459end-2.48_9.39_-1.88_13.54_-2.91_-2.01_34.44_-22.06_23.06_0.6930_0.5101_-0.3736_-0.3463end-2.47_9.37_-1.82_13.20_-13.09_0.22_34.44_-22.06_23.06_0.6930_0.5101_-0.3736_-0.3463end-2.47_9.37_-1.82_13.20_-13.09_0.22_34.44_-22.06_23.06_0.6931_0.5083_-0.3743_-0.3481end-2.37_9.38_-1.56_13.20_-13.09_0.22_34.44_-22.06_23.06_0.6930_0.5076_-0.3748_-0.3488end-2.22_9.38_-1.44_13.20_-13.09_0.22_33.75_-20.69_22.19_0.6930_0.5076_-0.3748_-0.3488end-2.17_9.37_-1.38_13.54_-31.22_1.79_33.75_-20.69_22.19_0.6930_0.5076_-0.3748_-0.3488end,24.1390126,120.7484652,114.80000305175781
3944,,24.1390126,120.7484652,114.80000305175781
3945,,24.1390126,120.7484652,114.80000305175781
3946,,24.1390126,120.7484652,114.80000305175781
3947,,24.1390126,120.7484652,114.80000305175781
3948,,24.1390126,120.7484652,114.80000305175781
3949,,24.1390126,120.7484652,114.80000305175781
3950,-2.17_9.37_-1.38_13.54_-31.22_1.79_33.75_-21.00_23.50_0.6924_0.5050_-0.3767_-0.3516end-1.86_9.36_-1.18_13.54_-31.22_1.79_33.75_-21.00_23.50_0.6917_0.5031_-0.3784_-0.3538end-1.86_9.36_-1.18_14.10_-37.15_2.01_33.75_-21.00_23.50_0.6914_0.5022_-0.3792_-0.3549end-1.78_9.34_-1.16_14.10_-37.15_2.01_33.75_-21.00_23.50_0.6914_0.5022_-0.3,24.1390126,120.7484652,114.80000305175781
3951,,24.1390126,120.7484652,114.80000305175781
3952,792_-0.3549end-1.73_9.37_-1.12_14.10_-37.15_2.01_34.06_-20.69_20.81_0.6914_0.5022_-0.3792_-0.3549end-1.76_9.37_-1.10_14.66_-30.77_2.35_34.06_-20.69_20.81_0.6914_0.5022_-0.3792_-0.3549end-1.76_9.37_-1.10_14.66_-30.77_2.35_34.44_-20.37_20.81_0.6902_0.4984_-0.3823_-0.3592end-1.76_9.37_-1.10_15.44_-28.31_2.35_34.44_-20.37_20.81_0.69,24.1390126,120.7484652,114.80000305175781
3953,00_0.4975_-0.3829_-0.3602end-1.76_9.37_-1.10_15.33_-25.40_2.01_34.44_-20.69_22.19_0.6900_0.4975_-0.3829_-0.3602end-1.76_9.37_-1.10_16.00_-20.93_1.90_34.44_-20.69_22.19_0.6898_0.4951_-0.3842_-0.3627end,24.1390126,120.7484652,114.80000305175781
3954,,24.1390126,120.7484652,114.80000305175781
3955,,24.1390126,120.7484652,114.80000305175781
3956,,24.1390126,120.7484652,114.80000305175781
3957,,24.1390126,120.7484652,114.80000305175781
3958,,24.1390126,120.7484652,114.80000305175781
3959,-2.10_9.30_-0.99_16.67_-19.70_2.01_34.44_-20.69_22.19_0.6898_0.4951_-0.3842_-0.3627end-2.29_9.27_-0.96_16.67_-19.70_2.01_34.44_-20.69_22.19_0.6897_0.4927_-0.3851_-0.3651end-2.37_9.29_-1.07_17.23_-22.83_2.80_34.44_-20.69_22.19_0.6897_0.4927_-0.3851_-0.3651end-2.54_9.25_-1.02_17.68_-26.41_2.91_34.44_-20.69_22.19_0.6897_0.4927_-0.3,24.1390126,120.7484652,114.80000305175781
3960,851_-0.3651end-2.56_9.20_-0.99_17.90_-30.89_3.13_34.44_-20.69_22.19_0.6892_0.4889_-0.3870_-0.3691end-2.64_9.29_-0.96_17.90_-30.89_3.13_34.44_-20.69_22.19_0.6889_0.4878_-0.3878_-0.3703end-2.57_9.21_-0.91_17.90_-30.89_3.13_34.44_-20.69_22.19_0.6889_0.4878_-0.3878_-0.3703end-2.52_9.21_-0.80_17.90_-30.89_3.13_36.31_-20.06_19.50_0.6889_0.4878_-0.3878_-0.3703end-2.43_9.23_-0.67_21.04_-58.30_4.48_36.31_-20.06_19.50_0.6889_0.4878_-0.3878_-0.3703end-2.43_9.23_-0.67_21.04_-58.30_4.48_36.31_-20.06_19.50_0.6860_0.4805_-0.3939_-0.3786end,24.1390126,120.7484652,114.80000305175781
3961,,24.1390126,120.7484652,114.80000305175781
3962,,24.1390126,120.7484652,114.80000305175781
3963,,24.1390126,120.7484652,114.80000305175781
3964,,24.1390126,120.7484652,114.80000305175781
3965,,24.1390126,120.7484652,114.80000305175781
3966,,24.1390126,120.7484652,114.80000305175781
3967,-2.38_9.20_-0.59_21.04_-58.30_4.48_36.31_-20.06_19.50_0.6852_0.4787_-0.3956_-0.3806end-2.40_9.17_-0.71_21.04_-58.30_4.48_36.31_-20.06_19.50_0.6852_0.4787_-0.3956_-0.3806end-2.42_9.16_-0.73_22.49_-70.72_5.48_36.31_-20.06_19.50_0.6852_0.4787_-0.3956_-0.3806end-2.42_9.16_-0.73_22.49_-70.72_5.48_35.94_-20.75_18.12_0.6827_0.4734_-0.4,24.1390126,120.7484652,114.80000305175781
3968,003_-0.3866end-2.42_9.16_-0.73_23.61_-64.35_5.04_35.94_-20.75_18.12_0.6812_0.4699_-0.4033_-0.3905end-2.40_9.09_-1.02_23.61_-64.35_5.04_35.94_-20.75_18.12_0.6805_0.4682_-0.4047_-0.3924end-2.37_9.23_-1.02_23.61_-64.35_5.04_35.19_-20.06_17.69_0.6805_0.4682_-0.4047_-0.3924end-2.58_9.08_-1.11_23.61_-64.35_5.04_36.94_-21.44_17.69_0.68,24.1390126,120.7484652,114.80000305175781
3969,,24.1390126,120.7484652,114.80000305175781
3970,,24.1390126,120.7484652,114.80000305175781
3971,,24.1390126,120.7484652,114.80000305175781
3972,,24.1390126,120.7484652,114.80000305175781
3973,,24.1390126,120.7484652,114.80000305175781
3974,,24.1390126,120.7484652,114.80000305175781
3975,05_0.4682_-0.4047_-0.3924end-2.59_9.04_-1.06_23.61_-64.35_5.04_36.94_-21.44_17.69_0.6782_0.4616_-0.4091_-0.3994end-2.77_9.05_-0.89_23.61_-64.35_5.04_36.25_-20.44_17.69_0.6779_0.4601_-0.4099_-0.4010end,24.1390126,120.7484652,114.80000305175781
3976,-2.73_9.01_-0.85_23.61_-64.35_5.04_36.25_-20.06_17.69_0.6775_0.4586_-0.4106_-0.4025end-2.70_9.07_-0.98_27.98_-42.75_5.37_36.25_-20.06_17.69_0.6775_0.4586_-0.4106_-0.4025end-2.70_9.07_-0.98_27.98_-42.75_5.37_36.25_-20.06_17.69_0.6766_0.4541_-0.4126_-0.4071end-2.93_8.97_-1.18_27.98_-42.75_5.37_36.25_-20.06_17.69_0.6763_0.4526_-0.4131_-0.4086end-2.92_8.96_-1.14_29.43_-40.73_5.71_36.25_-20.06_17.69_0.6763_0.4526_-0.4131_-0.4086end-2.95_8.97_-1.14_29.99_-40.73_5.93_36.25_-20.06_17.69_0.6763_0.4526_-0.4131_-0.4086end-2.98_8.97_-1.18_29.99_-40.73_5.93_36.25_-20.06_17.69_0.6754_0.4465_-0.4153_-0.4147end-2.98_8.91_-1.12_29.99_-40.73_5.93_36.25_-20.06_17.69_0.67,24.1390126,120.7484652,114.80000305175781
3977,,24.1390126,120.7484652,114.80000305175781
3978,,24.1390126,120.7484652,114.80000305175781
3979,,24.1390126,120.7484652,114.80000305175781
3980,,24.1390126,120.7484652,114.80000305175781
3981,,24.1390126,120.7484652,114.80000305175781
3982,54_0.4465_-0.4153_-0.4147end-2.99_8.88_-1.16_29.99_-40.73_5.93_38.06_-20.75_16.31_0.6754_0.4465_-0.4153_-0.4147end-2.99_8.84_-1.10_32.34_-39.39_6.49_38.06_-20.75_16.31_0.6754_0.4465_-0.4153_-0.4147end,24.1390126,120.7484652,114.80000305175781
3983,-2.99_8.84_-1.10_33.46_-32.45_7.39_38.06_-20.75_16.31_0.6744_0.4388_-0.4173_-0.4224end-3.09_8.90_-1.34_33.46_-32.45_7.39_38.44_-20.44_16.81_0.6744_0.4388_-0.4173_-0.4224end-3.09_8.90_-1.34_33.68_-28.09_7.16_38.44_-20.44_16.81_0.6744_0.4360_-0.4174_-0.4252end-3.26_8.79_-1.57_34.13_-18.13_7.50_38.44_-20.44_16.81_0.6744_0.4360_-0.4174_-0.4252end-3.41_8.75_-1.80_34.13_-18.13_7.50_38.44_-20.44_16.81_0.6751_0.4326_-0.4164_-0.4286end-3.50_9.22_-2.09_34.13_-18.13_7.50_38.06_-20.75_16.31_0.6751_0.4326_-0.4164_-0.4286end-3.58_9.84_-2.29_35.14_-2.91_8.73_38.06_-20.75_16.31_0.6751_0.4326_-0.4164_-0.4286end-3.58_9.84_-2.29_35.14_-2.91_8.73_38.06_-18.75_15.94_0.6769_0.4286_-0.4135_-0.4326end-3.69_12.29_-2.82_35.14_-2.91_8.73_38.06_-18.75_15.94_0.6772_0.4277_-0.4127_-0.4336end-3.69_12.78_-2.86_34.69_-7.72_12.09_37.31_-19.69_17.69_0.6772_0.4277_-0.4127_-0.4336end,24.1390126,120.7484652,114.80000305175781
3984,,24.1390126,120.7484652,114.80000305175781
3985,,24.1390126,120.7484652,114.80000305175781
3986,,24.1390126,120.7484652,114.80000305175781
3987,,24.1390126,120.7484652,114.80000305175781
3988,,24.1390126,120.7484652,114.80000305175781
3989,,24.1390126,120.7484652,114.80000305175781
3990,-2.77_13.37_-1.69_34.36_-16.23_14.44_37.31_-19.69_17.69_0.6772_0.4277_-0.4127_-0.4336end-3.10_11.26_-0.23_34.36_-16.23_14.44_37.31_-19.69_17.69_0.6772_0.4233_-0.4114_-0.4392end-4.57_13.23_-4.64_34.36_-16.23_14.44_37.31_-19.69_17.69_0.6766_0.4219_-0.4119_-0.4412end-2.65_13.47_-2.70_34.36_-16.23_14.44_37.31_-19.69_17.69_0.6766_0.4,24.1390126,120.7484652,114.80000305175781
3991,,24.1390126,120.7484652,114.80000305175781
3992,,24.1390126,120.7484652,114.80000305175781
3993,,24.1390126,120.7484652,114.80000305175781
3994,,24.1390126,120.7484652,114.80000305175781
3995,219_-0.4119_-0.4412end-2.65_13.47_-2.70_31.33_-72.63_21.15_37.31_-19.69_17.69_0.6751_0.4185_-0.4131_-0.4454end-1.67_13.91_-2.81_31.33_-72.63_21.15_38.06_-20.75_16.31_0.6751_0.4185_-0.4131_-0.4454end-1.08_16.43_-3.49_31.33_-72.63_21.15_38.06_-20.75_16.31_0.6751_0.4185_-0.4131_-0.4454end-1.26_16.46_-4.14_31.33_-72.63_21.15_38.06_-,24.1390126,120.7484652,114.80000305175781
3996,,24.1390126,120.7484652,114.80000305175781
3997,,24.1390126,120.7484652,114.80000305175781
3998,,24.1390126,120.7484652,114.80000305175781
3999,,24.1390126,120.7484652,114.80000305175781
4000,,24.1390126,120.7484652,114.80000305175781
4001,,24.1390126,120.7484652,114.80000305175781
4002,,24.1390126,120.7484652,114.80000305175781
4003,20.06_15.44_0.6677_0.4083_-0.4207_-0.4589end-1.26_16.46_-4.14_15.44_-91.54_25.18_38.06_-20.06_15.44_0.6677_0.4083_-0.4207_-0.4589end-0.97_17.05_-6.31_15.44_-91.54_25.18_38.06_-20.06_15.44_0.6677_0.4083_-0.4207_-0.4589end-0.76_17.20_-6.50_15.44_-91.54_25.18_39.13_-19.44_14.13_0.6603_0.4016_-0.4276_-0.4688end-0.79_17.23_-6.24_15.44_-91.54_25.18_39.13_-19.44_14.13_0.6588_0.4005_-0.4288_-0.4708end-0.42_17.01_-4.70_15.44_-91.54_25.18_37.63_-21.12_15.00_0.6588_0.4005_-0.4288_-0.4708end-0.36_16.87_-4.35_15.44_-91.54_25.18_39.50_-21.19_12.75_0.6588_0.4,24.1390126,120.7484652,114.80000305175781
4004,005_-0.4288_-0.4708end-0.29_16.59_-4.03_15.44_-91.54_25.18_39.50_-21.19_12.75_0.6533_0.3978_-0.4325_-0.4775end-0.25_15.69_-3.91_15.44_-91.54_25.18_38.00_-21.50_14.50_0.6519_0.3975_-0.4332_-0.4788end-0.09_15.16_-3.83_15.44_-91.54_25.18_38.00_-21.50_14.50_0.6506_0.3975_-0.4340_-0.4800end-0.07_14.12_-3.86_15.44_-91.54_25.18_39.13_-,24.1390126,120.7484652,114.80000305175781
4005,,24.1390126,120.7484652,114.80000305175781
4006,,24.1390126,120.7484652,114.80000305175781
4007,,24.1390126,120.7484652,114.80000305175781
4008,,24.1390126,120.7484652,114.80000305175781
4009,20.81_12.75_0.6506_0.3975_-0.4340_-0.4800end-0.02_13.65_-3.61_-8.84_-21.37_24.28_39.13_-20.81_12.75_0.6506_0.3975_-0.4340_-0.4800end-0.02_13.65_-3.61_-8.84_-21.37_24.28_39.50_-21.19_12.25_0.6473_0.3980_-0.4352_-0.4828end-0.02_13.65_-3.61_-11.75_-11.30_23.95_39.50_-21.19_12.25_0.6455_0.3990_-0.4355_-0.4841end0.02_12.42_-2.48_-11.75_-11.30_23.95_39.50_-21.19_12.25_0.6447_0.3998_-0.4356_-0.4846end0.18_11.96_-2.25_-11.75_-11.30_23.95_39.50_-21.19_12.25_0.6447_0.3998_-0.4356_-0.4846end0.18_11.96_-2.25_-18.46_1.45_22.60_39.50_-21.19_12.25_0.6431_0.4016_-0.4355_-0.4852end0.30_11.32_-2.44_-20.14_2.57_22.60_39.50_-21.19_12.25_0.6415_0.4036_-0.4355_-0.4857end0.34_10.98_-2.50_-20.14_2.57_22.60_39.50_-21.19_12.25_0.6407_0.4047_-0.4355_-0.4858end0.33_10.63_-2.46_-20.14_2.57_22.60_39.44_-21.50_11.81_0.6407_0.4047_-0.4355_-0.4858end0.38_10.57_-2.39_-27.31_10.18_20.25_39.44_-21.50_11.81_0.6385_0.4084_-0.4354_-0.4858end0.45_10.31_-2.36_-27.31_10.18_20.25_39.44_-21.50_11.81_0.6378_0.4098_-0.4352_-0.4856end0.45_10.31_-2.36_-31.45_17.57_19.70_37.63_-23.56_13.06_0.6378_0.4098_-0.4352_-0.4856end,24.1390126,120.7484652,114.80000305175781
4010,0.46_10.16_-2.52_-31.45_17.57_19.70_37.63_-23.56_13.06_0.6360_0.4148_-0.4346_-0.4843end0.46_10.16_-2.52_-31.45_17.57_19.70_38.00_-22.56_13.13_0.6356_0.4167_-0.4341_-0.4836end0.43_9.86_-2.73_-31.45_17.57_19.70_38.00_-22.56_13.13_0.6353_0.4189_-0.4336_-0.4827end0.43_9.86_-2.73_-42.19_51.25_15.55_38.00_-22.56_13.13_0.6353_0.4189_-0.4336_-0.4827end0.35_9.74_-2.60_-42.19_51.25_15.55_38.00_-22.56_13.13_0.6347_0.4262_-0.4313_-0.4791end0.34_9.70_-2.50_-42.19_51.25_15.55_38.00_-22.56_13.13_0.6346_0.4290_-0.4304_-0.4775end0.23_9.47_-2.50_-42.19_51.25_15.55_37.25_-22.87_14.06_0.6346_0.4290_-0.4304_-0.4775end0.23_9.31_-2.43_-42.19_51.25_15.55_37.25_-22.87_14.06_0.6346_0.4347_-0.4284_-0.4742end0.23_9.31_-2.43_-54.95_67.26_12.09_36.56_-23.62_12.69_0.6345_0.4377_-0.4274_-0.4723end0.23_9.31_-2.43_-54.95_67.26_12.09_36.56_-23.62_12.69_0.6345_0.4439_-0.4255_-0.4684end,24.1390126,120.7484652,114.80000305175781
4011,,24.1390126,120.7484652,114.80000305175781
4012,,24.1390126,120.7484652,114.80000305175781
4013,,24.1390126,120.7484652,114.80000305175781
4014,,24.1390126,120.7484652,114.80000305175781
4015,,24.1390126,120.7484652,114.80000305175781
4016,0.15_8.45_-2.16_-54.95_67.26_12.09_36.56_-23.62_12.69_0.6344_0.4472_-0.4246_-0.4662end0.10_8.29_-2.04_-60.76_68.82_10.41_36.56_-23.62_12.69_0.6344_0.4472_-0.4246_-0.4662end0.10_8.29_-2.04_-64.46_69.94_9.51_36.56_-23.62_12.69_0.6344_0.4472_-0.4246_-0.4662end0.10_7.94_-1.90_-66.58_70.50_8.84_36.56_-23.62_12.69_0.6337_0.4604_-0.4211_-0.4573end0.17_7.43_-1.79_-66.58_70.50_8.84_36.56_-23.62_12.69_0.6335_0.4637_-0.4203_-0.4548end0.20_7.25_-1.76_-70.28_69.83_7.72_36.56_-23.62_12.69_0.6335_0.4637_-0.4203_-0.4548end0.20_7.25_-1.76_-70.28_69.83_7.72_36.56_-24.94_14.44_0.6326_0.4741_-0.4183_-0.4473end0.13_6.80_-1.53_-70.28_69.83_7.72_36.56_-24.94_14.44_0.6322_0.4,24.1390126,120.7484652,114.80000305175781
4017,777_-0.4177_-0.4446end0.13_6.80_-1.53_-78.00_70.05_5.04_35.13_-23.94_14.44_0.6322_0.4777_-0.4177_-0.4446end0.13_6.80_-1.53_-78.78_70.05_4.48_35.13_-23.94_14.44_0.6322_0.4777_-0.4177_-0.4446end,24.1390126,120.7484652,114.80000305175781
4018,,24.1390126,120.7484652,114.80000305175781
4019,,24.1390126,120.7484652,114.80000305175781
4020,,24.1390126,120.7484652,114.80000305175781
4021,,24.1390126,120.7484652,114.80000305175781
4022,,24.1390126,120.7484652,114.80000305175781
4023,0.13_6.80_-1.53_-78.78_70.05_4.48_35.13_-23.94_14.44_0.6313_0.4849_-0.4166_-0.4391end0.17_6.71_-1.34_-78.78_70.05_4.48_35.13_-23.94_14.44_0.6296_0.4957_-0.4153_-0.4305end0.17_6.71_-1.34_-86.06_69.83_1.90_35.13_-23.94_14.44_0.6296_0.4957_-0.4153_-0.4305end0.17_6.71_-1.34_-86.06_69.83_1.90_35.13_-23.94_14.44_0.6284_0.5031_-0.4146_,24.1390126,120.7484652,114.80000305175781
4024,-0.4245end0.17_6.71_-1.34_-86.06_69.83_1.90_36.25_-23.94_14.44_0.6277_0.5068_-0.4142_-0.4213end-0.05_6.48_-0.93_-86.06_69.83_1.90_36.25_-23.94_14.44_0.6277_0.5068_-0.4142_-0.4213end-0.11_6.47_-0.84_-86.06_69.83_1.90_36.19_-25.31_14.44_0.6277_0.5068_-0.4142_-0.4213end-0.14_6.47_-0.80_-95.23_69.05_-2.57_36.19_-25.31_14.44_0.6277_0.5068_-0.4142_-0.4213end-0.20_6.46_-0.77_-95.23_69.05_-2.57_36.19_-25.31_14.44_0.6229_0.5292_-0.4130_-0.4018end-0.31_6.64_-0.57_-95.23_69.05_-2.57_36.19_-25.31_14.44_0.6219_0.5330_-0.4129_-0.3983end,24.1390126,120.7484652,114.80000305175781
4025,,24.1390126,120.7484652,114.80000305175781
4026,,24.1390126,120.7484652,114.80000305175781
4027,,24.1390126,120.7484652,114.80000305175781
4028,,24.1390126,120.7484652,114.80000305175781
4029,,24.1390126,120.7484652,114.80000305175781
4030,-0.34_6.68_-0.53_-98.14_64.79_-3.69_36.19_-25.31_14.44_0.6219_0.5330_-0.4129_-0.3983end-0.39_6.73_-0.45_-99.04_63.34_-4.14_36.19_-25.31_14.44_0.6219_0.5330_-0.4129_-0.3983end-0.42_6.72_-0.43_-99.71_61.66_-4.25_35.88_-25.31_14.44_0.6219_0.5330_-0.4129_-0.3983end-0.41_6.68_-0.33_-100.60_60.65_-4.48_35.88_-25.31_14.44_0.6161_0.5513,24.1390126,120.7484652,114.80000305175781
4031,_-0.4134_-0.3815end-0.44_6.57_-0.20_-100.60_60.65_-4.48_35.88_-25.31_14.44_0.6149_0.5548_-0.4136_-0.3782end-0.46_6.57_-0.17_-100.60_60.65_-4.48_34.75_-27.00_14.38_0.6149_0.5548_-0.4136_-0.3782end-0.46_6.57_-0.17_-102.73_55.06_-4.81_34.75_-27.00_14.38_0.6120_0.5620_-0.4143_-0.3715end-0.45_6.52_-0.15_-102.73_55.06_-4.81_34.75_-27.00_14.38_0.6105_0.5654_-0.4147_-0.3683end-0.45_6.52_-0.15_-103.85_48.57_-5.48_34.38_-26.37_11.69_0.6088_0.5690_-0.4152_-0.3649end-0.45_6.52_-0.15_-104.07_44.65_-5.71_34.38_-26.37_11.69_0.6088_0.5690_-0.4152_-0.3649end,24.1390126,120.7484652,114.80000305175781
4032,,24.1390126,120.7484652,114.80000305175781
4033,,24.1390126,120.7484652,114.80000305175781
4034,,24.1390126,120.7484652,114.80000305175781
4035,,24.1390126,120.7484652,114.80000305175781
4036,,24.1390126,120.7484652,114.80000305175781
4037,,24.1390126,120.7484652,114.80000305175781
4038,-0.45_6.52_-0.15_-104.07_44.65_-5.71_35.06_-26.69_12.13_0.6056_0.5756_-0.4163_-0.3586end-0.45_6.52_-0.15_-104.07_44.65_-5.71_35.06_-26.69_12.13_0.6002_0.5854_-0.4183_-0.3494end-0.51_6.15_0.17_-103.07_36.71_-4.70_34.38_-27.37_12.56_0.5983_0.5886_-0.4189_-0.3464end-0.60_6.23_0.22_-102.84_36.59_-4.81_34.38_-27.37_12.56_0.5983_0.5886_-0.4189_-0.3464end-0.60_6.23_0.22_-102.62_36.48_-4.81_34.38_-27.37_12.56_0.5945_0.5949_-0.4204_-0.3405end-0.60_6.23_0.22_-102.62_36.48_-4.81_34.69_-28.06_12.06_0.5906_0.6010_-0.4218_-0.3347end-0.53_6.31_0.13_-102.62_36.48_-4.81_34.69_-28.06_12.06_0.5886_0.6041_-0.4225_-0.3317end-0.61_6.59_0.14_-102.62_36.48_-4.81_34.69_-28.06_,24.1390126,120.7484652,114.80000305175781
4039,,24.1390126,120.7484652,114.80000305175781
4040,,24.1390126,120.7484652,114.80000305175781
4041,12.06_0.5886_0.6041_-0.4225_-0.3317end-0.61_6.59_0.14_-102.62_36.48_-4.81_33.94_-29.06_11.63_0.5847_0.6100_-0.4238_-0.3262end-0.61_6.59_0.14_-102.62_36.48_-4.81_33.94_-29.06_11.63_0.5807_0.6158_-0.4252_-0.3207end,24.1390126,120.7484652,114.80000305175781
4042,,24.1390126,120.7484652,114.80000305175781
4043,,24.1390126,120.7484652,114.80000305175781
4044,,24.1390126,120.7484652,114.80000305175781
4045,-1.02_7.00_0.72_-102.62_36.48_-4.81_34.31_-28.06_11.69_0.5787_0.6186_-0.4258_-0.3180end-0.96_7.32_1.57_-98.03_27.98_-2.69_34.31_-28.06_11.69_0.5787_0.6186_-0.4258_-0.3180end-0.96_7.32_1.57_-98.03_27.98_-2.69_34.31_-28.06_11.69_0.5765_0.6215_-0.4266_-0.3152end-0.96_7.32_1.57_-98.03_27.98_-2.69_36.19_-28.38_12.06_0.5765_0.6215_-0.4266_-0.3152end-0.96_7.32_1.57_-98.03_27.98_-2.69_32.13_-28.06_10.75_0.5722_0.6269_-0.4282_-0.3102end-0.96_7.32_1.57_-92.99_4.59_2.01_32.13_-28.06_10.75_0.5699_0.6295_-0.4291_-0.3080end-1.02_8.10_0.83_-92.99_4.59_2.01_35.06_-29.50_8.88_0.5649_0.6345_-0.4311_-0.3040end-0.88_8.27_1.21_-92.99_4.59_2.01_35.06_-29.50_8.88_0.5598_0.63,24.1390126,120.7484652,114.80000305175781
4046,92_-0.4333_-0.3005end-0.88_8.27_1.21_-87.73_-5.48_4.03_35.06_-29.50_8.88_0.5573_0.6414_-0.4343_-0.2990end-0.74_8.61_1.36_-87.73_-5.48_4.03_35.06_-29.50_8.88_0.5547_0.6436_-0.4355_-0.2975end,24.1390126,120.7484652,114.80000305175781
4047,,24.1390126,120.7484652,114.80000305175781
4048,,24.1390126,120.7484652,114.80000305175781
4049,,24.1390126,120.7484652,114.80000305175781
4050,,24.1390126,120.7484652,114.80000305175781
4051,,24.1390126,120.7484652,114.80000305175781
4052,,24.1390126,120.7484652,114.80000305175781
4053,-0.63_8.62_1.37_-87.73_-5.48_4.03_33.94_-29.50_8.88_0.5494_0.6476_-0.4379_-0.2950end-0.50_8.66_1.34_-81.58_-18.91_8.17_33.94_-29.50_8.88_0.5494_0.6476_-0.4379_-0.2950end-0.50_8.66_1.34_-79.68_-19.25_9.06_33.94_-29.50_8.88_0.5439_0.6514_-0.4404_-0.2931end-0.50_8.66_1.34_-77.89_-17.57_9.96_33.94_-29.50_8.88_0.5384_0.6551_-0.4427_-0.2915end-0.68_8.61_1.46_-77.89_-17.57_9.96_33.94_-29.50_8.88_0.5384_0.6551_-0.4427_-0.2915end-0.61_8.67_1.50_-74.42_-10.52_10.63_33.94_-29.50_8.88_0.5308_0.6605_-0.4456_-0.2889end-0.57_8.65_1.53_-74.42_-10.52_10.63_34.63_-29.87_5.69_0.5285_0.6623_-0.4462_-0.2880end-0.63_8.95_1.61_-74.42_-10.52_10.63_34.63_-29.87_5.69_0.5264_0.6,24.1390126,120.7484652,114.80000305175781
4054,,24.1390126,120.7484652,114.80000305175781
4055,641_-0.4468_-0.2870end-0.75_9.04_1.61_-64.57_-0.45_13.43_34.25_-30.56_4.81_0.5264_0.6641_-0.4468_-0.2870end-0.75_9.04_1.61_-64.57_-0.45_13.43_33.94_-30.56_5.69_0.5221_0.6676_-0.4478_-0.2850end,24.1390126,120.7484652,114.80000305175781
4056,,24.1390126,120.7484652,114.80000305175781
4057,,24.1390126,120.7484652,114.80000305175781
4058,,24.1390126,120.7484652,114.80000305175781
4059,,24.1390126,120.7484652,114.80000305175781
4060,,24.1390126,120.7484652,114.80000305175781
4061,-0.75_9.04_1.61_-60.43_-2.57_14.88_33.94_-30.56_5.69_0.5181_0.6710_-0.4485_-0.2833end-0.84_9.12_1.78_-60.43_-2.57_14.88_33.94_-30.56_6.62_0.5161_0.6725_-0.4489_-0.2826end-0.82_9.16_1.81_-55.62_-10.63_16.34_33.94_-30.56_6.62_0.5161_0.6725_-0.4489_-0.2826end-0.82_9.16_1.81_-52.93_-16.34_17.23_33.94_-30.56_6.62_0.5120_0.6754_-0.449,24.1390126,120.7484652,114.80000305175781
4062,8_-0.2818end-0.82_9.16_1.81_-51.14_-22.16_18.24_33.50_-31.31_3.87_0.5120_0.6754_-0.4498_-0.2818end-0.87_9.59_1.78_-48.90_-26.07_19.25_33.50_-31.31_3.87_0.5077_0.6779_-0.4509_-0.2819end-0.87_9.59_1.78_-46.89_-29.10_20.03_33.56_-30.94_5.25_0.5077_0.6779_-0.4509_-0.2819end-0.87_9.59_1.78_-46.89_-29.10_20.03_33.56_-30.94_5.25_0.5011_0.6810_-0.4528_-0.2832end-0.87_9.59_1.78_-46.89_-29.10_20.03_33.94_-31.25_5.69_0.4969_0.6828_-0.4539_-0.2845end-0.48_9.69_1.78_-46.89_-29.10_20.03_33.94_-31.25_5.69_0.4949_0.6836_-0.4543_-0.2852end,24.1390126,120.7484652,114.80000305175781
4063,,24.1390126,120.7484652,114.80000305175781
4064,,24.1390126,120.7484652,114.80000305175781
4065,,24.1390126,120.7484652,114.80000305175781
4066,,24.1390126,120.7484652,114.80000305175781
4067,,24.1390126,120.7484652,114.80000305175781
4068,-0.38_9.56_1.88_-46.89_-29.10_20.03_33.94_-31.25_5.69_0.4949_0.6836_-0.4543_-0.2852end-0.37_9.39_2.06_-30.55_-31.45_23.39_33.94_-31.25_5.69_0.4949_0.6836_-0.4543_-0.2852end-0.36_9.37_2.02_-28.09_-31.11_23.84_33.13_-32.00_2.06_0.4949_0.6836_-0.4543_-0.2852end-0.38_9.40_2.00_-25.63_-29.54_24.28_33.13_-32.00_2.06_0.4861_0.6871_-0.4,24.1390126,120.7484652,114.80000305175781
4069,559_-0.2895end-0.37_9.43_1.97_-25.63_-29.54_24.28_33.13_-32.00_2.06_0.4845_0.6877_-0.4561_-0.2905end-0.29_9.68_1.87_-25.63_-29.54_24.28_33.13_-32.00_2.06_0.4845_0.6877_-0.4561_-0.2905end-0.27_9.77_1.83_-25.63_-29.54_24.28_33.50_-32.69_2.56_0.4845_0.6877_-0.4561_-0.2905end-0.27_9.77_1.83_-10.85_-36.59_25.40_33.13_-32.38_2.56_0.48,24.1390126,120.7484652,114.80000305175781
4070,,24.1390126,120.7484652,114.80000305175781
4071,,24.1390126,120.7484652,114.80000305175781
4072,,24.1390126,120.7484652,114.80000305175781
4073,,24.1390126,120.7484652,114.80000305175781
4074,02_0.6891_-0.4564_-0.2938end-0.21_10.07_1.69_-10.85_-36.59_25.40_33.13_-32.38_2.56_0.4774_0.6896_-0.4567_-0.2966end-0.11_10.31_1.49_-6.38_-40.62_25.18_33.13_-32.38_2.56_0.4761_0.6898_-0.4568_-0.2982end,24.1390126,120.7484652,114.80000305175781
4075,0.12_10.55_1.30_-2.13_-40.96_24.73_33.13_-32.38_2.56_0.4761_0.6898_-0.4568_-0.2982end0.12_10.55_1.30_-2.13_-40.96_24.73_33.13_-32.38_2.56_0.4724_0.6898_-0.4573_-0.3032end0.27_10.78_1.27_-2.13_-40.96_24.73_33.13_-32.69_1.19_0.4713_0.6898_-0.4573_-0.3049end0.32_10.73_1.29_-2.13_-40.96_24.73_33.13_-32.69_1.19_0.4704_0.6897_-0.4573_-0.3066end0.20_10.70_1.34_6.15_-29.77_23.28_33.13_-32.69_1.19_0.4704_0.6897_-0.4573_-0.3066end0.18_10.62_1.29_6.15_-29.77_23.28_31.31_-32.38_1.56_0.4690_0.6896_-0.4569_-0.3096end0.18_10.62_1.29_13.32_-16.23_21.60_31.31_-32.38_1.56_0.4681_0.6895_-0.4561_-0.3122end18.30_5.16_18.28_13.32_-16.23_21.60_31.31_-32.38_1.56_0.4678_0.6885,24.1390126,120.7484652,114.80000305175781
4076,_-0.4558_-0.3151end-12.87_17.64_-23.20_13.32_-16.23_21.60_32.00_-33.06_-0.25_0.4678_0.6885_-0.4558_-0.3151end-0.86_10.05_11.98_24.40_0.90_-8.62_32.00_-33.06_-0.25_0.4655_0.6871_-0.4572_-0.3196end,24.1390126,120.7484652,114.80000305175781
4077,,24.1390126,120.7484652,114.80000305175781
4078,,24.1390126,120.7484652,114.80000305175781
4079,,24.1390126,120.7484652,114.80000305175781
4080,,24.1390126,120.7484652,114.80000305175781
4081,,24.1390126,120.7484652,114.80000305175781
4082,,24.1390126,120.7484652,114.80000305175781
4083,-6.84_8.75_-1.76_24.40_0.90_-8.62_32.00_-33.06_-0.25_0.4684_0.6871_-0.4557_-0.3175end-1.99_11.49_1.66_24.40_0.90_-8.62_31.69_-33.44_0.75_0.4684_0.6871_-0.4557_-0.3175end5.98_8.69_13.06_33.01_37.26_-24.51_32.75_-33.06_0.75_0.4684_0.6871_-0.4557_-0.3175end5.98_8.69_13.06_33.01_37.26_-24.51_31.69_-33.00_3.81_0.4785_0.6860_-0.4520_-0.3102end5.98_8.69_13.06_33.01_37.26_-24.51_31.69_-33.00_3.81_0.4807_0.6833_-0.4523_-0.3120end1.79_10.07_14.83_33.01_37.26_-24.51_31.69_-33.00_3.81_0.4803_0.6816_-0.4534_-0.3149end-2.56_9.01_8.68_21.15_-100.16_10.63_31.69_-33.00_3.81_0.4803_0.6816_-0.4534_-0.3149end-2.56_9.01_8.68_21.15_-100.16_10.63_32.75_-32.69_2.44_0.4771_0.6,24.1390126,120.7484652,114.80000305175781
4084,772_-0.4570_-0.3240end-1.21_9.04_3.80_21.15_-100.16_10.63_32.75_-32.69_2.44_0.4766_0.6762_-0.4577_-0.3259end-3.19_8.91_1.59_21.15_-100.16_10.63_32.75_-32.69_2.44_0.4766_0.6762_-0.4577_-0.3259end,24.1390126,120.7484652,114.80000305175781
4085,,24.1390126,120.7484652,114.80000305175781
4086,,24.1390126,120.7484652,114.80000305175781
4087,,24.1390126,120.7484652,114.80000305175781
4088,,24.1390126,120.7484652,114.80000305175781
4089,,24.1390126,120.7484652,114.80000305175781
4090,0.06_8.90_-0.07_21.15_-100.16_10.63_32.75_-32.69_2.44_0.4774_0.6748_-0.4579_-0.3272end-0.27_8.75_1.01_32.12_7.61_-11.08_32.75_-32.69_2.44_0.4774_0.6748_-0.4579_-0.3272end-0.27_8.75_1.01_32.12_7.61_-11.08_32.75_-32.69_2.44_0.4812_0.6727_-0.4569_-0.3272end0.53_9.18_2.95_32.12_7.61_-11.08_32.75_-32.69_2.44_0.4824_0.6717_-0.4567_-0.3279end-0.36_9.23_4.01_41.63_-16.90_-7.27_32.75_-32.69_2.44_0.4824_0.6717_-0.4567_-0.3279end-0.36_9.23_4.01_41.63_-16.90_-7.27_32.75_-32.69_2.44_0.4852_0.6679_-0.4568_-0.3315end-0.45_9.37_4.62_34.80_-11.75_-7.16_32.75_-32.69_2.44_0.4852_0.6679_-0.4568_-0.3315end-0.29_9.37_5.25_34.80_-11.75_-7.16_32.75_-32.69_2.44_0.4852_0.6679_-,24.1390126,120.7484652,114.80000305175781
4091,0.4568_-0.3315end-0.29_9.37_5.25_34.80_-11.75_-7.16_33.50_-32.38_2.06_0.4880_0.6651_-0.4564_-0.3336end-0.29_9.09_2.83_25.51_7.50_-6.60_33.50_-32.38_2.06_0.4890_0.6645_-0.4561_-0.3337end,24.1390126,120.7484652,114.80000305175781
4092,,24.1390126,120.7484652,114.80000305175781
4093,,24.1390126,120.7484652,114.80000305175781
4094,,24.1390126,120.7484652,114.80000305175781
4095,,24.1390126,120.7484652,114.80000305175781
4096,,24.1390126,120.7484652,114.80000305175781
4097,-0.29_9.09_2.83_25.51_7.50_-6.60_33.50_-32.38_2.06_0.4899_0.6639_-0.4557_-0.3339end-0.29_9.09_2.83_27.86_3.80_-3.13_33.50_-32.38_2.06_0.4899_0.6639_-0.4557_-0.3339end-0.29_9.09_2.83_30.77_-1.79_-2.35_33.50_-32.38_2.06_0.4927_0.6622_-0.4545_-0.3348end-0.29_9.09_2.83_32.56_-6.04_-2.91_32.75_-32.69_2.94_0.4945_0.6605_-0.4540_-0.336,24.1390126,120.7484652,114.80000305175781
4098,3end-1.43_9.16_1.51_32.56_-6.04_-2.91_32.75_-32.69_2.94_0.4954_0.6595_-0.4539_-0.3372end-0.83_9.33_2.82_32.56_-6.04_-2.91_32.75_-32.69_2.94_0.4962_0.6584_-0.4538_-0.3382end-0.68_9.34_3.16_34.58_-18.13_-6.60_32.75_-32.69_2.94_0.4962_0.6584_-0.4538_-0.3382end-0.27_9.36_3.42_31.00_-27.31_-5.71_32.75_-32.69_2.94_0.4962_0.6584_-0.4538_-0.3382end0.00_9.31_2.97_31.00_-27.31_-5.71_32.75_-32.69_2.94_0.4985_0.6537_-0.4545_-0.3430end-0.11_9.29_2.60_31.00_-27.31_-5.71_32.44_-32.38_2.56_0.4987_0.6525_-0.4550_-0.3445end,24.1390126,120.7484652,114.80000305175781
4099,,24.1390126,120.7484652,114.80000305175781
4100,,24.1390126,120.7484652,114.80000305175781
4101,,24.1390126,120.7484652,114.80000305175781
4102,,24.1390126,120.7484652,114.80000305175781
4103,,24.1390126,120.7484652,114.80000305175781
4104,,24.1390126,120.7484652,114.80000305175781
4105,-0.27_9.22_1.61_31.00_-27.31_-5.71_32.44_-32.38_2.56_0.4987_0.6525_-0.4550_-0.3445end-0.27_9.22_1.61_31.00_-27.31_-5.71_32.44_-32.38_2.56_0.4987_0.6488_-0.4564_-0.3494end-0.67_9.18_0.35_31.00_-27.31_-5.71_32.44_-32.38_2.56_0.4987_0.6476_-0.4569_-0.3510end-0.72_9.21_-0.11_31.00_-27.31_-5.71_32.44_-32.38_2.56_0.4987_0.6476_-0.4569_-0.3510end-0.34_9.25_-0.06_27.75_-36.82_-3.69_32.44_-32.38_2.56_0.4987_0.6476_-0.4569_-0.3510end-0.19_9.26_0.01_27.64_-39.28_-4.36_33.50_-32.31_2.56_0.4987_0.6476_-0.4569_-0.3510end0.04_9.32_0.16_27.98_-43.76_-4.14_33.50_-32.31_2.56_0.4988_0.6411_-0.4597_-0.3590end0.24_9.31_0.41_27.98_-43.76_-4.14_33.13_-32.69_1.56_0.4987_0.639,24.1390126,120.7484652,114.80000305175781
4106,6_-0.4604_-0.3610end0.33_9.37_1.01_27.19_-56.74_-2.80_33.13_-32.69_1.56_0.4987_0.6396_-0.4604_-0.3610end0.32_9.42_1.03_24.51_-55.84_-2.80_32.06_-32.69_2.94_0.4987_0.6396_-0.4604_-0.3610end,24.1390126,120.7484652,114.80000305175781
4107,,24.1390126,120.7484652,114.80000305175781
4108,,24.1390126,120.7484652,114.80000305175781
4109,,24.1390126,120.7484652,114.80000305175781
4110,,24.1390126,120.7484652,114.80000305175781
4111,0.32_9.42_1.03_23.28_-52.37_-3.47_32.06_-32.69_2.94_0.4976_0.6349_-0.4631_-0.3671end0.32_9.42_1.03_22.49_-47.67_-3.92_32.44_-32.69_2.94_0.4969_0.6321_-0.4648_-0.3708end0.38_9.40_0.71_22.49_-47.67_-3.92_32.44_-32.69_2.94_0.4966_0.6308_-0.4656_-0.3724end0.59_9.42_0.34_22.49_-47.67_-3.92_32.44_-32.69_2.94_0.4966_0.6308_-0.4656_-0.3724end0.59_9.39_0.15_21.15_-35.03_-4.59_32.44_-32.69_2.94_0.4966_0.6308_-0.4656_-0.3724end0.59_9.39_0.15_21.15_-35.03_-4.59_33.50_-32.38_2.06_0.4963_0.6273_-0.4674_-0.3766end0.59_9.39_0.15_20.81_-31.89_-4.92_33.50_-32.38_2.06_0.4962_0.6261_-0.4680_-0.3779end0.41_9.42_0.23_21.15_-29.66_-4.81_33.50_-32.38_2.06_0.4962_0.6239_-0.468,24.1390126,120.7484652,114.80000305175781
4112,9_-0.3803end0.21_9.46_0.62_21.15_-29.66_-4.81_33.50_-32.38_2.06_0.4962_0.6239_-0.4689_-0.3803end0.26_9.49_0.72_19.02_-22.27_-6.27_33.50_-32.38_1.56_0.4962_0.6239_-0.4689_-0.3803end,24.1390126,120.7484652,114.80000305175781
4113,,24.1390126,120.7484652,114.80000305175781
4114,,24.1390126,120.7484652,114.80000305175781
4115,,24.1390126,120.7484652,114.80000305175781
4116,,24.1390126,120.7484652,114.80000305175781
4117,,24.1390126,120.7484652,114.80000305175781
4118,,24.1390126,120.7484652,114.80000305175781
4119,0.26_9.49_0.72_19.02_-22.27_-6.27_33.50_-32.00_2.56_0.4966_0.6210_-0.4700_-0.3833end0.26_9.49_0.72_19.02_-22.27_-6.27_33.50_-32.00_2.56_0.4969_0.6191_-0.4707_-0.3849end0.21_9.50_0.73_17.35_-22.49_-5.82_33.50_-32.00_2.56_0.4970_0.6183_-0.4711_-0.3858end0.16_9.55_0.70_17.35_-22.49_-5.82_33.50_-32.00_2.56_0.4971_0.6174_-0.4714_-0.3867end-0.02_9.52_0.60_17.35_-22.49_-5.82_33.50_-32.00_2.56_0.4971_0.6174_-0.4714_-0.3867end-0.02_9.52_0.60_17.35_-22.49_-5.82_33.50_-31.69_1.62_0.4971_0.6156_-0.4723_-0.3885end-0.02_9.52_0.60_17.35_-22.49_-5.82_33.50_-31.69_1.62_0.4969_0.6138_-0.4732_-0.3904end-0.40_9.52_0.61_17.35_-22.49_-5.82_33.50_-31.69_1.62_0.4969_0.6138_-0,24.1390126,120.7484652,114.80000305175781
4120,.4732_-0.3904end-0.50_9.58_0.72_17.35_-22.49_-5.82_33.50_-31.69_1.62_0.4968_0.6129_-0.4737_-0.3914end-0.50_9.58_0.72_17.35_-22.49_-5.82_33.50_-31.69_1.62_0.4969_0.6104_-0.4748_-0.3936end,24.1390126,120.7484652,114.80000305175781
4121,,24.1390126,120.7484652,114.80000305175781
4122,,24.1390126,120.7484652,114.80000305175781
4123,,24.1390126,120.7484652,114.80000305175781
4124,,24.1390126,120.7484652,114.80000305175781
4125,,24.1390126,120.7484652,114.80000305175781
4126,-0.48_9.58_0.87_17.35_-22.49_-5.82_33.50_-31.69_1.62_0.4971_0.6097_-0.4752_-0.3943end-0.65_9.59_1.12_17.35_-22.49_-5.82_33.50_-31.69_1.62_0.4971_0.6097_-0.4752_-0.3943end-0.71_9.65_1.14_13.43_-23.61_-4.36_33.50_-31.69_1.62_0.4971_0.6097_-0.4752_-0.3943end-0.71_9.65_1.14_13.43_-23.61_-4.36_33.88_-32.69_1.19_0.4971_0.6074_-0.4762_-0.3965end-1.01_9.64_1.30_13.43_-23.61_-4.36_33.88_-32.69_1.19_0.4968_0.6057_-0.4771_-0.3983end-1.01_9.64_1.30_12.09_-34.02_-3.13_33.50_-31.37_0.31_0.4966_0.6048_-0.4777_-0.3994end-1.02_9.67_1.29_11.53_-38.16_-2.91_33.50_-31.37_0.31_0.4966_0.6048_-0.4777_-0.3994end-1.02_9.67_1.29_10.97_-42.97_-2.91_33.50_-31.37_0.31_0.4957_0.6028_-0.4791_-0.4017end-0.95_9.66_1.12_10.97_-42.97_-2.91_33.50_-31.37_0.31_0.4951_0.6017_-0.4800_-0.4031end-0.95_9.66_1.12_10.41_-50.81_-2.80_33.50_-31.37_0.31_0.4936_0.5993_-0.4819_-0.4061end,24.1390126,120.7484652,114.80000305175781
4127,,24.1390126,120.7484652,114.80000305175781
4128,,24.1390126,120.7484652,114.80000305175781
4129,,24.1390126,120.7484652,114.80000305175781
4130,,24.1390126,120.7484652,114.80000305175781
4131,,24.1390126,120.7484652,114.80000305175781
4132,,24.1390126,120.7484652,114.80000305175781
4133,,24.1390126,120.7484652,114.80000305175781
4134,-0.75_9.64_1.16_10.41_-50.81_-2.80_33.50_-32.06_0.31_0.4936_0.5993_-0.4819_-0.4061end-0.75_9.64_1.16_10.41_-55.51_-2.01_33.50_-32.06_0.31_0.4919_0.5969_-0.4840_-0.4093end-0.54_9.63_1.32_10.41_-55.51_-2.01_33.50_-32.06_0.31_0.4919_0.5969_-0.4840_-0.4093end-0.54_9.63_1.32_10.85_-53.94_-1.79_33.88_-31.31_0.31_0.4902_0.5943_-0.4861_-0.4126end-0.54_9.63_1.32_10.85_-53.94_-1.79_33.88_-31.31_0.31_0.4886_0.5918_-0.4881_-0.4157end-0.44_9.65_1.49_10.85_-53.94_-1.79_33.88_-31.31_0.31_0.4877_0.5905_-0.4891_-0.4174end-0.48_9.65_1.81_10.85_-53.94_-1.79_33.88_-31.31_0.31_0.4877_0.5905_-0.4891_-0.4174end-0.48_9.65_1.81_10.85_-53.94_-1.79_33.88_-31.31_0.31_0.4854_0.586,24.1390126,120.7484652,114.80000305175781
4135,8_-0.4919_-0.4221end-0.33_9.71_1.91_10.85_-53.94_-1.79_33.88_-31.31_0.31_0.4846_0.5856_-0.4929_-0.4236end-0.36_9.68_1.92_10.85_-53.94_-1.79_33.88_-31.31_0.31_0.4838_0.5844_-0.4937_-0.4250end,24.1390126,120.7484652,114.80000305175781
4136,,24.1390126,120.7484652,114.80000305175781
4137,,24.1390126,120.7484652,114.80000305175781
4138,,24.1390126,120.7484652,114.80000305175781
4139,,24.1390126,120.7484652,114.80000305175781
4140,,24.1390126,120.7484652,114.80000305175781
4141,-0.31_9.67_1.79_10.63_-46.11_-1.12_34.25_-31.00_-0.56_0.4838_0.5844_-0.4937_-0.4250end-0.33_9.66_1.79_10.63_-45.66_-0.90_34.25_-31.00_-0.56_0.4824_0.5821_-0.4954_-0.4279end-0.27_9.69_1.74_10.63_-45.66_-0.90_34.25_-31.00_-0.56_0.4810_0.5799_-0.4969_-0.4307end-0.25_9.70_1.73_11.41_-46.33_-1.01_34.25_-31.00_-0.56_0.4802_0.5787_-0.4977_-0.4321end-0.18_9.68_1.81_11.41_-46.33_-1.01_34.25_-31.00_-0.56_0.4796_0.5776_-0.4985_-0.4335end-0.12_9.68_1.89_12.42_-47.78_-0.67_34.25_-31.00_-0.56_0.4796_0.5776_-0.4985_-0.4335end-0.12_9.68_1.89_12.42_-47.78_-0.67_33.88_-30.31_-1.06_0.4781_0.5752_-0.5001_-0.4364end0.03_9.71_2.04_12.42_-47.78_-0.67_33.88_-30.31_-1.06_0.4769_0.5728_-0.5016_-0.4392end0.12_9.68_2.06_12.53_-40.51_-0.90_33.13_-31.37_-2.44_0.4763_0.5717_-0.5023_-0.4406end0.20_9.70_2.07_12.53_-36.59_-0.90_33.13_-31.37_-2.44_0.4763_0.5717_-0.5023_-0.4406end,24.1390126,120.7484652,114.80000305175781
4142,,24.1390126,120.7484652,114.80000305175781
4143,,24.1390126,120.7484652,114.80000305175781
4144,,24.1390126,120.7484652,114.80000305175781
4145,,24.1390126,120.7484652,114.80000305175781
4146,,24.1390126,120.7484652,114.80000305175781
4147,0.20_9.67_2.05_12.53_-36.59_-0.90_33.50_-31.37_-2.00_0.4750_0.5687_-0.5038_-0.4440end0.22_9.70_2.04_12.53_-36.59_-0.90_32.75_-31.06_-1.56_0.4747_0.5679_-0.5042_-0.4449end0.21_9.67_1.91_12.53_-36.59_-0.90_32.75_-31.06_-1.56_0.4745_0.5670_-0.5045_-0.4459end0.17_9.67_1.91_12.53_-36.59_-0.90_34.25_-31.37_-1.56_0.4744_0.5663_-0.5047_,24.1390126,120.7484652,114.80000305175781
4148,-0.4467end0.17_9.68_1.91_13.65_-16.56_-1.45_34.25_-31.37_-1.56_0.4744_0.5663_-0.5047_-0.4467end0.17_9.68_1.91_13.65_-16.56_-1.45_34.25_-31.37_-1.56_0.4745_0.5643_-0.5049_-0.4487end-0.02_9.70_1.96_13.65_-16.56_-1.45_34.25_-31.37_-1.56_0.4747_0.5638_-0.5049_-0.4492end-0.10_9.70_1.98_14.66_-6.49_-1.57_34.25_-31.37_-1.56_0.4747_0.5638_-0.5049_-0.4492end-0.16_9.71_2.00_14.66_-6.49_-1.57_32.75_-31.37_-2.87_0.4753_0.5628_-0.5047_-0.4501end-0.16_9.71_2.00_14.66_-6.49_-1.57_32.75_-31.37_-2.87_0.4759_0.5620_-0.5044_-0.4509end,24.1390126,120.7484652,114.80000305175781
4149,,24.1390126,120.7484652,114.80000305175781
4150,,24.1390126,120.7484652,114.80000305175781
4151,,24.1390126,120.7484652,114.80000305175781
4152,,24.1390126,120.7484652,114.80000305175781
4153,,24.1390126,120.7484652,114.80000305175781
4154,,24.1390126,120.7484652,114.80000305175781
4155,,24.1390126,120.7484652,114.80000305175781
4156,-0.20_9.70_2.05_14.66_-6.49_-1.57_32.75_-31.37_-2.87_0.4763_0.5615_-0.5042_-0.4514end-0.31_9.70_2.14_14.66_-6.49_-1.57_32.75_-31.37_-2.87_0.4766_0.5611_-0.5039_-0.4517end-0.30_9.70_2.21_16.34_-0.56_-0.78_32.75_-31.37_-2.87_0.4770_0.5607_-0.5037_-0.4521end-0.30_9.70_2.21_16.34_-0.56_-0.78_32.75_-31.37_-2.87_0.4778_0.5599_-0.5031_-0.4528end-0.38_9.70_2.27_16.34_-0.56_-0.78_32.75_-31.37_-2.87_0.4783_0.5595_-0.5028_-0.4532end-0.33_9.71_2.27_16.34_-0.56_-0.78_32.75_-31.37_-2.87_0.4786_0.5591_-0.5025_-0.4536end-0.29_9.72_2.25_17.57_-0.90_-0.56_32.75_-31.37_-2.87_0.4786_0.5591_-0.5025_-0.4536end-0.29_9.72_2.25_17.90_-1.23_-0.22_32.75_-31.37_-2.87_0.4796_0.5583_-0.5019_-0.4544end-0.18_9.69_2.21_17.90_-1.23_-0.22_32.75_-31.37_-2.87_0.4799_0.5579_-0.5016_-0.4548end-0.11_9.68_2.19_18.91_-2.80_0.22_32.75_-31.37_-2.87_0.4799_0.5579_-0.5016_-0.4548end,24.1390126,120.7484652,114.80000305175781
4157,,24.1390126,120.7484652,114.80000305175781
4158,,24.1390126,120.7484652,114.80000305175781
4159,,24.1390126,120.7484652,114.80000305175781
4160,,24.1390126,120.7484652,114.80000305175781
4161,,24.1390126,120.7484652,114.80000305175781
4162,,24.1390126,120.7484652,114.80000305175781
4163,,24.1390126,120.7484652,114.80000305175781
4164,-0.04_9.67_2.20_18.91_-2.80_0.22_33.50_-31.75_-1.56_0.4816_0.5560_-0.5004_-0.4568end-0.01_9.70_2.15_18.91_-2.80_0.22_33.50_-31.75_-1.56_0.4819_0.5555_-0.5001_-0.4573end0.04_9.71_2.17_20.03_-5.04_0.56_33.50_-31.75_-1.56_0.4819_0.5555_-0.5001_-0.4573end0.13_9.69_2.14_19.92_-5.26_0.34_33.50_-31.75_-1.56_0.4819_0.5555_-0.5001_-0.457,24.1390126,120.7484652,114.80000305175781
4165,3end0.18_9.68_2.09_19.92_-5.26_0.34_33.50_-31.75_-1.56_0.4835_0.5533_-0.4988_-0.4597end0.28_9.69_2.13_21.26_-3.25_0.22_33.50_-31.75_-1.56_0.4839_0.5529_-0.4985_-0.4602end0.37_9.64_2.05_21.26_-3.25_0.22_33.50_-31.75_-1.56_0.4843_0.5523_-0.4981_-0.4608end0.43_9.64_2.04_22.16_-3.25_0.22_33.50_-31.75_-1.56_0.4848_0.5518_-0.4977_-0.4613end0.49_9.64_2.00_22.38_-3.58_-0.11_33.50_-31.75_-1.56_0.4852_0.5512_-0.4974_-0.4619end0.59_9.64_1.97_22.38_-3.58_-0.11_33.88_-32.75_-1.56_0.4857_0.5507_-0.4970_-0.4625end,24.1390126,120.7484652,114.80000305175781
4166,,24.1390126,120.7484652,114.80000305175781
4167,,24.1390126,120.7484652,114.80000305175781
4168,,24.1390126,120.7484652,114.80000305175781
4169,,24.1390126,120.7484652,114.80000305175781
4170,,24.1390126,120.7484652,114.80000305175781
4171,0.59_9.64_1.97_22.94_-3.69_0.22_33.88_-32.75_-1.56_0.4861_0.5501_-0.4966_-0.4630end0.59_9.64_1.97_22.94_-3.69_0.22_33.88_-32.75_-1.56_0.4871_0.5490_-0.4958_-0.4642end0.59_9.64_1.97_23.50_-5.04_-0.22_34.56_-32.75_-1.56_0.4875_0.5483_-0.4955_-0.4648end0.59_9.64_1.97_23.50_-5.04_-0.22_34.56_-32.75_-1.56_0.4875_0.5483_-0.4955_-0.4648end0.81_9.63_1.83_23.72_-5.04_-0.45_34.56_-32.75_-1.56_0.4890_0.5464_-0.4944_-0.4667end0.81_9.63_1.83_23.72_-5.04_-0.45_33.50_-32.06_-2.00_0.4894_0.5458_-0.4941_-0.4673end0.81_9.63_1.83_24.51_-4.70_-1.12_33.50_-33.06_-0.62_0.4894_0.5458_-0.4941_-0.4673end0.81_9.63_1.83_24.51_-4.70_-1.12_33.50_-33.06_-0.62_0.4910_0.5438_-0.4930_-0.4692end0.89_9.59_1.41_24.51_-4.70_-1.12_33.50_-33.06_-0.62_0.4910_0.5438_-0.4930_-0.4692end0.94_9.56_1.37_25.40_-6.04_-2.35_33.50_-33.06_-0.62_0.4910_0.5438_-0.4930_-0.4692end,24.1390126,120.7484652,114.80000305175781
4172,,24.1390126,120.7484652,114.80000305175781
4173,,24.1390126,120.7484652,114.80000305175781
4174,,24.1390126,120.7484652,114.80000305175781
4175,,24.1390126,120.7484652,114.80000305175781
4176,,24.1390126,120.7484652,114.80000305175781
4177,,24.1390126,120.7484652,114.80000305175781
4178,1.04_9.59_1.34_25.40_-6.04_-2.35_33.50_-31.00_-0.19_0.4930_0.5409_-0.4917_-0.4718end1.05_9.56_1.32_25.40_-6.04_-2.35_33.50_-31.00_-0.19_0.4935_0.5401_-0.4915_-0.4725end1.12_9.54_1.28_25.40_-6.04_-2.35_34.25_-32.75_0.25_0.4940_0.5392_-0.4911_-0.4732end1.14_9.56_1.29_25.40_-6.04_-2.35_33.88_-32.06_-1.06_0.4940_0.5392_-0.4911_-0.47,24.1390126,120.7484652,114.80000305175781
4179,32end1.09_9.58_1.25_25.40_-6.04_-2.35_33.88_-32.06_-1.06_0.4956_0.5367_-0.4902_-0.4753end1.07_9.58_1.16_25.40_-6.04_-2.35_33.50_-31.37_-1.06_0.4962_0.5358_-0.4899_-0.4760end1.09_9.57_1.11_25.40_-6.04_-2.35_33.88_-32.75_-0.62_0.4968_0.5350_-0.4897_-0.4767end1.11_9.55_1.07_26.63_-10.41_-4.81_33.88_-32.75_-0.62_0.4968_0.5350_-0.4897_-0.4767end1.23_9.55_0.86_26.63_-10.41_-4.81_33.88_-32.75_-0.62_0.4982_0.5321_-0.4891_-0.4789end1.30_9.52_0.74_27.42_-18.58_-5.82_33.88_-32.75_-0.62_0.4986_0.5311_-0.4891_-0.4798end,24.1390126,120.7484652,114.80000305175781
4180,,24.1390126,120.7484652,114.80000305175781
4181,,24.1390126,120.7484652,114.80000305175781
4182,,24.1390126,120.7484652,114.80000305175781
4183,,24.1390126,120.7484652,114.80000305175781
4184,,24.1390126,120.7484652,114.80000305175781
4185,,24.1390126,120.7484652,114.80000305175781
4186,,24.1390126,120.7484652,114.80000305175781
4187,1.50_9.52_0.49_27.42_-18.58_-5.82_33.88_-32.75_-0.62_0.4986_0.5311_-0.4891_-0.4798end1.61_9.46_0.23_27.75_-23.16_-6.71_33.88_-32.75_-0.62_0.4986_0.5311_-0.4891_-0.4798end1.70_9.53_0.12_27.75_-23.16_-6.71_33.88_-32.75_-0.62_0.4998_0.5261_-0.4894_-0.4836end1.74_9.50_-0.04_27.75_-23.16_-6.71_33.88_-32.75_-0.62_0.5001_0.5248_-0.4895,24.1390126,120.7484652,114.80000305175781
4188,_-0.4847end1.67_9.55_-0.13_27.75_-23.16_-6.71_33.88_-32.75_-0.62_0.5005_0.5235_-0.4896_-0.4856end1.67_9.55_-0.13_28.20_-19.25_-8.95_33.88_-32.75_-0.62_0.5005_0.5235_-0.4896_-0.4856end1.57_9.48_-0.21_28.20_-19.25_-8.95_33.88_-32.75_-0.62_0.5005_0.5235_-0.4896_-0.4856end1.46_9.49_-0.23_28.20_-19.25_-8.95_33.88_-31.31_0.31_0.5024_0.5188_-0.4895_-0.4887end1.39_9.46_-0.31_28.20_-19.25_-8.95_33.88_-31.31_0.31_0.5032_0.5178_-0.4893_-0.4893end1.39_9.45_-0.27_28.20_-19.25_-8.95_33.88_-31.31_0.31_0.5049_0.5159_-0.4887_-0.4900end,24.1390126,120.7484652,114.80000305175781
4189,,24.1390126,120.7484652,114.80000305175781
4190,,24.1390126,120.7484652,114.80000305175781
4191,,24.1390126,120.7484652,114.80000305175781
4192,,24.1390126,120.7484652,114.80000305175781
4193,,24.1390126,120.7484652,114.80000305175781
4194,,24.1390126,120.7484652,114.80000305175781
4195,,24.1390126,120.7484652,114.80000305175781
4196,,24.1390126,120.7484652,114.80000305175781
4197,1.30_9.50_-0.20_28.09_8.84_-12.53_33.88_-31.37_-0.62_0.5049_0.5159_-0.4887_-0.4900end1.30_9.50_-0.20_28.09_8.84_-12.53_33.88_-31.37_-0.62_0.5071_0.5145_-0.4877_-0.4902end1.12_9.50_-0.20_28.09_8.84_-12.53_33.88_-31.37_-0.62_0.5098_0.5135_-0.4862_-0.4899end0.89_9.48_-0.21_27.75_31.89_-13.65_34.25_-31.69_0.69_0.5098_0.5135_-0.4862_,24.1390126,120.7484652,114.80000305175781
4198,-0.4899end0.89_9.48_-0.21_27.75_31.89_-13.65_34.25_-31.69_0.69_0.5129_0.5130_-0.4843_-0.4891end0.61_9.52_-0.25_27.75_31.89_-13.65_35.31_-31.69_0.69_0.5129_0.5130_-0.4843_-0.4891end0.35_9.50_-0.34_28.20_44.99_-14.66_35.31_-31.69_0.69_0.5129_0.5130_-0.4843_-0.4891end0.35_9.50_-0.34_28.20_44.99_-14.66_35.31_-31.69_0.69_0.5204_0.5130_-0.4792_-0.4862end0.05_9.49_-0.40_28.20_44.99_-14.66_35.31_-31.69_0.69_0.5224_0.5131_-0.4778_-0.4854end-0.31_9.52_-0.57_28.20_44.99_-14.66_35.31_-31.69_0.69_0.5224_0.5131_-0.4778_-0.4854end,24.1390126,120.7484652,114.80000305175781
4199,,24.1390126,120.7484652,114.80000305175781
4200,,24.1390126,120.7484652,114.80000305175781
4201,-0.40_9.52_-0.67_28.09_49.13_-14.32_35.31_-31.69_0.69_0.5224_0.5131_-0.4778_-0.4854end-0.40_9.52_-0.67_28.20_47.34_-14.32_35.31_-31.69_0.69_0.5283_0.5133_-0.4736_-0.4828end-0.56_9.52_-0.77_28.20_47.34_-14.32_35.31_-31.69_0.69_0.5283_0.5133_-0.4736_-0.4828end-0.75_9.52_-0.74_28.20_47.34_-14.32_35.31_-31.69_0.69_0.5339_0.5134_-0.4696_-0.4805end-0.76_9.58_-0.78_28.09_42.41_-13.32_35.31_-31.69_0.69_0.5339_0.5134_-0.4696_-0.4805end-0.79_9.52_-0.87_28.09_40.29_-13.32_35.31_-31.69_0.69_0.5392_0.5131_-0.4658_-0.4785end-1.02_9.57_-0.91_28.09_40.29_-13.32_35.31_-31.69_0.69_0.5408_0.5130_-0.4647_-0.4779end-0.95_9.59_-0.93_27.86_35.70_-11.97_35.31_-31.69_0.69_0.54,24.1390126,120.7484652,114.80000305175781
4202,08_0.5130_-0.4647_-0.4779end-0.95_9.59_-0.93_27.86_34.47_-12.20_35.38_-30.25_4.37_0.5408_0.5130_-0.4647_-0.4779end-1.06_9.71_-0.93_27.86_34.47_-12.20_35.38_-30.25_4.37_0.5408_0.5130_-0.4647_-0.4779end,24.1390126,120.7484652,114.80000305175781
4203,,24.1390126,120.7484652,114.80000305175781
4204,,24.1390126,120.7484652,114.80000305175781
4205,,24.1390126,120.7484652,114.80000305175781
4206,,24.1390126,120.7484652,114.80000305175781
4207,,24.1390126,120.7484652,114.80000305175781
4208,-1.06_9.71_-0.93_27.86_33.80_-11.86_35.38_-30.25_4.37_0.5487_0.5120_-0.4590_-0.4755end-0.91_11.77_-0.99_27.86_33.80_-11.86_35.38_-30.25_4.37_0.5502_0.5118_-0.4579_-0.4751end-0.68_12.72_-1.48_28.20_31.11_-9.96_35.38_-30.25_4.37_0.5502_0.5118_-0.4579_-0.4751end-0.68_12.72_-1.48_28.20_31.11_-9.96_35.75_-30.56_5.69_0.5516_0.5115_-0.,24.1390126,120.7484652,114.80000305175781
4209,4568_-0.4747end-0.68_12.72_-1.48_28.20_31.11_-9.96_35.75_-30.56_5.69_0.5553_0.5108_-0.4539_-0.4740end-0.93_13.61_-0.36_28.20_31.11_-9.96_35.75_-31.25_6.62_0.5562_0.5106_-0.4532_-0.4738end-0.78_13.53_-0.74_14.88_21.82_-4.36_35.75_-29.87_6.69_0.5562_0.5106_-0.4532_-0.4738end-0.74_13.46_-1.41_13.32_23.28_-3.69_35.75_-29.87_6.69_0.5562_0.5106_-0.4532_-0.4738end-0.43_13.28_-0.84_13.32_23.28_-3.69_35.75_-29.87_6.69_0.5595_0.5108_-0.4501_-0.4727end-0.50_13.32_-0.33_13.32_23.28_-3.69_34.63_-31.56_7.06_0.5602_0.5109_-0.4493_-0.4724end,24.1390126,120.7484652,114.80000305175781
4210,,24.1390126,120.7484652,114.80000305175781
4211,,24.1390126,120.7484652,114.80000305175781
4212,,24.1390126,120.7484652,114.80000305175781
4213,,24.1390126,120.7484652,114.80000305175781
4214,,24.1390126,120.7484652,114.80000305175781
4215,,24.1390126,120.7484652,114.80000305175781
4216,,24.1390126,120.7484652,114.80000305175781
4217,-0.65_13.37_0.17_13.32_23.28_-3.69_34.63_-31.56_7.06_0.5602_0.5109_-0.4493_-0.4724end-0.62_13.28_0.26_8.39_25.18_2.24_34.63_-31.56_7.06_0.5602_0.5109_-0.4493_-0.4724end-0.62_13.28_0.26_8.39_25.18_2.24_35.38_-30.19_8.00_0.5628_0.5123_-0.4460_-0.4710end-0.20_12.95_-0.25_8.39_25.18_2.24_35.38_-30.19_8.00_0.5634_0.5129_-0.4451_-0.47,24.1390126,120.7484652,114.80000305175781
4218,05end-0.04_12.79_-0.18_3.80_29.10_5.04_35.38_-30.19_8.00_0.5634_0.5129_-0.4451_-0.4705end-0.04_12.79_-0.18_2.69_27.75_5.71_35.75_-31.19_7.06_0.5634_0.5129_-0.4451_-0.4705end-0.04_12.79_-0.18_2.69_27.75_5.71_35.75_-31.19_7.06_0.5654_0.5154_-0.4416_-0.4687end0.08_12.58_0.33_2.69_27.75_5.71_35.38_-31.19_7.94_0.5654_0.5154_-0.4416_-,24.1390126,120.7484652,114.80000305175781
4219,,24.1390126,120.7484652,114.80000305175781
4220,0.4687end0.47_12.09_0.29_2.69_27.75_5.71_35.75_-30.88_7.56_0.5654_0.5154_-0.4416_-0.4687end0.58_11.90_0.19_-3.25_42.86_7.72_35.75_-30.88_7.56_0.5654_0.5154_-0.4416_-0.4687end,24.1390126,120.7484652,114.80000305175781
4221,,24.1390126,120.7484652,114.80000305175781
4222,,24.1390126,120.7484652,114.80000305175781
4223,0.68_11.54_0.17_-3.25_42.86_7.72_34.69_-30.56_7.06_0.5674_0.5189_-0.4375_-0.4662end0.68_11.54_0.17_-3.25_42.86_7.72_34.69_-30.56_7.06_0.5687_0.5212_-0.4350_-0.4644end0.66_11.17_0.30_-3.25_42.86_7.72_35.75_-30.50_9.38_0.5695_0.5226_-0.4336_-0.4633end0.70_10.86_0.38_-3.25_42.86_7.72_35.75_-30.50_9.38_0.5695_0.5226_-0.4336_-0.4633e,24.1390126,120.7484652,114.80000305175781
4224,nd0.76_10.68_0.43_-3.25_42.86_7.72_35.75_-30.50_9.38_0.5712_0.5255_-0.4305_-0.4608end0.76_10.68_0.43_-3.25_42.86_7.72_35.75_-30.50_9.38_0.5731_0.5290_-0.4269_-0.4578end0.83_10.15_0.21_-3.25_42.86_7.72_35.75_-30.50_9.38_0.5731_0.5290_-0.4269_-0.4578end0.80_9.99_0.22_-3.25_42.86_7.72_35.75_-30.50_9.38_0.5731_0.5290_-0.4269_-0.4578end0.82_9.92_0.21_-3.25_42.86_7.72_35.75_-30.50_9.38_0.5773_0.5367_-0.4191_-0.4506end0.83_9.80_0.25_-3.25_42.86_7.72_35.75_-30.50_9.38_0.5773_0.5367_-0.4191_-0.4506end,24.1390126,120.7484652,114.80000305175781
4225,,24.1390126,120.7484652,114.80000305175781
4226,,24.1390126,120.7484652,114.80000305175781
4227,,24.1390126,120.7484652,114.80000305175781
4228,,24.1390126,120.7484652,114.80000305175781
4229,,24.1390126,120.7484652,114.80000305175781
4230,,24.1390126,120.7484652,114.80000305175781
4231,,24.1390126,120.7484652,114.80000305175781
4232,,24.1390126,120.7484652,114.80000305175781
4233,,24.1390126,120.7484652,114.80000305175781
4234,0.83_9.80_0.25_-3.25_42.86_7.72_33.94_-31.19_10.19_0.5773_0.5367_-0.4191_-0.4506end0.83_9.80_0.25_-15.78_89.75_6.49_33.94_-31.19_10.19_0.5817_0.5455_-0.4108_-0.4419end0.88_9.61_0.11_-15.78_89.75_6.49_33.94_-31.19_10.19_0.5817_0.5455_-0.4108_-0.4419end0.86_9.50_0.08_-15.78_89.75_6.49_33.94_-31.19_10.19_0.5839_0.5502_-0.4065_-0.43,24.1390126,120.7484652,114.80000305175781
4235,,24.1390126,120.7484652,114.80000305175781
4236,72end0.90_9.41_0.09_-21.15_93.67_5.71_33.94_-31.19_10.19_0.5839_0.5502_-0.4065_-0.4372end0.90_9.41_0.09_-21.15_93.67_5.71_33.19_-32.19_11.56_0.5859_0.5549_-0.4023_-0.4323end1.03_9.23_0.16_-23.61_95.90_4.70_33.19_-32.19_11.56_0.5870_0.5574_-0.4001_-0.4296end1.03_9.23_0.16_-23.61_95.90_4.70_32.88_-31.50_12.06_0.5880_0.5599_-0.3980_-0.4270end1.03_9.23_0.16_-27.86_97.47_3.47_32.88_-31.50_12.06_0.5898_0.5649_-0.3939_-0.4216end1.00_9.01_0.21_-27.86_97.47_3.47_32.88_-31.50_12.06_0.5908_0.5676_-0.3917_-0.4188end,24.1390126,120.7484652,114.80000305175781
4237,,24.1390126,120.7484652,114.80000305175781
4238,0.97_8.91_0.22_-30.89_96.69_2.80_32.88_-31.50_12.06_0.5916_0.5701_-0.3897_-0.4160end0.97_8.91_0.22_-30.89_96.69_2.80_32.13_-31.50_12.50_0.5931_0.5753_-0.3859_-0.4102end0.92_8.88_0.39_-30.89_96.69_2.80_32.13_-31.50_12.50_0.5931_0.5753_-0.3859_-0.4102end0.92_8.83_0.37_-37.26_82.92_0.67_32.13_-31.50_12.50_0.5944_0.5803_-0.3824_-0.4,24.1390126,120.7484652,114.80000305175781
4239,047end0.91_8.79_0.36_-37.26_82.92_0.67_32.13_-31.50_12.50_0.5952_0.5851_-0.3793_-0.3992end0.90_8.74_0.34_-37.26_82.92_0.67_32.13_-31.50_12.50_0.5955_0.5875_-0.3781_-0.3967end0.92_8.57_0.36_-37.26_82.92_0.67_32.13_-31.50_12.50_0.5956_0.5898_-0.3768_-0.3942end0.90_8.51_0.32_-42.41_69.38_-0.78_32.13_-31.50_12.50_0.5956_0.5898_-0.3768_-0.3942end0.90_8.51_0.32_-42.41_69.38_-0.78_32.13_-31.50_12.50_0.5957_0.5966_-0.3738_-0.3867end0.89_8.48_0.38_-42.41_69.38_-0.78_32.13_-31.50_12.50_0.5955_0.5988_-0.3730_-0.3843end,24.1390126,120.7484652,114.80000305175781
4240,,24.1390126,120.7484652,114.80000305175781
4241,,24.1390126,120.7484652,114.80000305175781
4242,,24.1390126,120.7484652,114.80000305175781
4243,,24.1390126,120.7484652,114.80000305175781
4244,,24.1390126,120.7484652,114.80000305175781
4245,0.89_8.51_0.28_-42.41_69.38_-0.78_32.13_-31.50_12.50_0.5955_0.5988_-0.3730_-0.3843end0.89_8.50_0.29_-48.90_55.06_-2.24_32.13_-31.50_12.50_0.5955_0.5988_-0.3730_-0.3843end0.89_8.50_0.29_-48.90_55.06_-2.24_31.37_-32.50_13.81_0.5946_0.6052_-0.3713_-0.3774end0.88_8.44_0.22_-48.90_55.06_-2.24_31.37_-32.50_13.81_0.5946_0.6052_-0.3713_,24.1390126,120.7484652,114.80000305175781
4246,-0.3774end0.88_8.44_0.22_-53.04_41.29_-3.58_31.00_-31.81_13.81_0.5946_0.6052_-0.3713_-0.3774end0.89_8.40_0.24_-53.04_41.29_-3.58_31.00_-31.81_13.81_0.5946_0.6052_-0.3713_-0.3774end0.88_8.37_0.22_-55.17_36.37_-4.25_31.00_-31.81_13.81_0.5913_0.6152_-0.3704_-0.3669end0.88_8.37_0.22_-55.17_36.37_-4.25_31.00_-31.81_13.81_0.5905_0.6171_-0.3705_-0.3650end0.88_8.37_0.22_-57.52_33.01_-5.37_31.00_-31.81_13.81_0.5896_0.6190_-0.3707_-0.3630end0.81_8.29_0.20_-57.52_33.01_-5.37_31.00_-31.81_13.81_0.5876_0.6228_-0.3712_-0.3591end,24.1390126,120.7484652,114.80000305175781
4247,,24.1390126,120.7484652,114.80000305175781
4248,,24.1390126,120.7484652,114.80000305175781
4249,,24.1390126,120.7484652,114.80000305175781
4250,,24.1390126,120.7484652,114.80000305175781
4251,,24.1390126,120.7484652,114.80000305175781
4252,,24.1390126,120.7484652,114.80000305175781
4253,0.82_8.27_0.20_-60.54_25.63_-6.27_31.00_-31.81_13.81_0.5876_0.6228_-0.3712_-0.3591end0.82_8.27_0.20_-61.21_23.61_-6.49_31.00_-31.81_13.81_0.5842_0.6284_-0.3726_-0.3536end0.77_8.15_0.11_-61.21_23.61_-6.49_31.00_-31.81_13.81_0.5831_0.6301_-0.3731_-0.3518end0.78_8.14_0.21_-61.21_23.61_-6.49_31.00_-31.81_13.81_0.5831_0.6301_-0.3731_-0.3518end0.77_8.01_0.26_-61.21_23.61_-6.49_31.00_-31.81_13.81_0.5831_0.6301_-0.3731_-0.3518end0.77_8.01_0.26_-64.35_16.00_-7.61_31.00_-31.81_13.81_0.5791_0.6354_-0.3751_-0.3466end0.74_7.85_0.37_-64.35_16.00_-7.61_31.00_-31.81_13.81_0.5763_0.6389_-0.3766_-0.3432end0.74_7.78_0.37_-64.35_16.00_-7.61_32.13_-32.88_12.44_0.5763_0.638,24.1390126,120.7484652,114.80000305175781
4254,9_-0.3766_-0.3432end0.74_7.62_0.48_-64.35_16.00_-7.61_32.13_-32.88_12.44_0.5749_0.6406_-0.3775_-0.3416end0.73_7.53_0.54_-65.35_14.32_-8.62_32.13_-32.88_12.44_0.5749_0.6406_-0.3775_-0.3416end,24.1390126,120.7484652,114.80000305175781
4255,,24.1390126,120.7484652,114.80000305175781
4256,,24.1390126,120.7484652,114.80000305175781
4257,,24.1390126,120.7484652,114.80000305175781
4258,,24.1390126,120.7484652,114.80000305175781
4259,,24.1390126,120.7484652,114.80000305175781
4260,,24.1390126,120.7484652,114.80000305175781
4261,0.71_7.39_0.59_-65.35_14.32_-8.62_31.75_-32.88_11.94_0.5704_0.6457_-0.3801_-0.3365end0.71_7.39_0.59_-65.35_14.32_-8.62_31.75_-32.88_11.94_0.5674_0.6490_-0.3818_-0.3332end0.62_7.09_0.81_-65.35_14.32_-8.62_31.75_-32.88_11.94_0.5659_0.6506_-0.3827_-0.3315end0.57_6.74_0.93_-65.35_14.32_-8.62_31.75_-32.88_11.94_0.5659_0.6506_-0.3827_-0.3315end0.56_6.54_1.02_-65.35_14.32_-8.62_31.75_-32.88_11.94_0.5659_0.6506_-0.3827_-0.3315end0.52_6.36_1.06_-65.35_14.32_-8.62_31.75_-32.88_11.94_0.5600_0.6571_-0.3862_-0.3248end0.50_6.28_1.10_-63.90_13.43_-9.51_31.75_-32.88_11.94_0.5600_0.6571_-0.3862_-0.3248end0.45_6.15_1.15_-63.90_13.43_-9.51_31.75_-32.88_11.94_0.5570_0.660,24.1390126,120.7484652,114.80000305175781
4262,3_-0.3879_-0.3214end0.45_6.15_1.15_-63.90_13.43_-9.51_31.37_-33.63_10.13_0.5541_0.6633_-0.3896_-0.3180end0.41_5.66_1.42_-63.90_13.43_-9.51_31.37_-33.63_10.13_0.5528_0.6649_-0.3903_-0.3163end,24.1390126,120.7484652,114.80000305175781
4263,,24.1390126,120.7484652,114.80000305175781
4264,,24.1390126,120.7484652,114.80000305175781
4265,,24.1390126,120.7484652,114.80000305175781
4266,,24.1390126,120.7484652,114.80000305175781
4267,,24.1390126,120.7484652,114.80000305175781
4268,,24.1390126,120.7484652,114.80000305175781
4269,0.59_5.53_1.20_-63.90_13.43_-9.51_30.62_-34.31_9.25_0.5528_0.6649_-0.3903_-0.3163end0.59_5.53_1.20_-59.76_18.02_-10.30_30.62_-34.31_9.25_0.5502_0.6678_-0.3918_-0.3127end0.59_5.53_1.20_-56.18_16.00_-11.08_30.62_-34.31_9.25_0.5477_0.6707_-0.3931_-0.3092end0.43_5.90_1.86_-56.18_16.00_-11.08_30.62_-34.31_9.25_0.5477_0.6707_-0.3931_-0.3092end0.43_5.90_1.86_-54.95_14.10_-11.86_30.62_-34.31_9.25_0.5453_0.6733_-0.3945_-0.3059end0.69_6.27_2.08_-54.95_14.10_-11.86_30.62_-34.31_9.25_0.5428_0.6758_-0.3962_-0.3027end0.74_6.52_1.72_-54.95_14.10_-11.86_30.62_-34.31_9.25_0.5415_0.6770_-0.3971_-0.3013end0.73_6.64_1.21_-54.95_14.10_-11.86_30.62_-34.31_9.25_0.5415_0.6770,24.1390126,120.7484652,114.80000305175781
4270,_-0.3971_-0.3013end0.84_6.79_1.11_-49.24_0.78_-11.08_30.62_-34.31_9.25_0.5415_0.6770_-0.3971_-0.3013end0.48_7.21_0.93_-49.24_0.78_-11.08_32.06_-34.31_7.87_0.5375_0.6801_-0.4000_-0.2975end,24.1390126,120.7484652,114.80000305175781
4271,,24.1390126,120.7484652,114.80000305175781
4272,,24.1390126,120.7484652,114.80000305175781
4273,,24.1390126,120.7484652,114.80000305175781
4274,,24.1390126,120.7484652,114.80000305175781
4275,,24.1390126,120.7484652,114.80000305175781
4276,0.57_7.51_1.01_-47.56_2.13_-11.64_32.06_-34.31_7.87_0.5351_0.6820_-0.4018_-0.2952end0.62_8.10_1.07_-47.56_2.13_-11.64_32.06_-34.31_7.87_0.5340_0.6829_-0.4026_-0.2939end0.73_8.56_0.95_-47.56_2.13_-11.64_32.06_-34.69_8.75_0.5340_0.6829_-0.4026_-0.2939end0.73_8.56_0.95_-47.56_2.13_-11.64_31.31_-34.38_6.56_0.5314_0.6859_-0.4044_-0.2893end0.57_8.82_0.68_-47.56_2.13_-11.64_31.31_-34.38_6.56_0.5306_0.6868_-0.4049_-0.2877end0.56_8.82_0.62_-47.56_2.13_-11.64_31.31_-34.38_6.56_0.5306_0.6868_-0.4049_-0.2877end0.56_8.82_0.62_-47.56_2.13_-11.64_31.31_-34.38_6.56_0.5301_0.6878_-0.4052_-0.2859end0.24_8.46_0.71_-47.56_2.13_-11.64_31.31_-34.38_6.56_0.5301_0.6878_-0.4052_-0.2859end0.24_8.46_0.71_-34.13_44.99_-15.22_31.31_-34.38_6.56_0.5291_0.6909_-0.4056_-0.2797end-0.27_7.64_1.11_-34.13_44.99_-15.22_31.31_-34.38_6.56_0.5289_0.6931_-0.4053_-0.2751end,24.1390126,120.7484652,114.80000305175781
4277,,24.1390126,120.7484652,114.80000305175781
4278,,24.1390126,120.7484652,114.80000305175781
4279,,24.1390126,120.7484652,114.80000305175781
4280,,24.1390126,120.7484652,114.80000305175781
4281,,24.1390126,120.7484652,114.80000305175781
4282,,24.1390126,120.7484652,114.80000305175781
4283,-0.40_7.39_1.34_-31.00_47.67_-15.11_31.31_-34.38_6.56_0.5289_0.6931_-0.4053_-0.2751end-0.40_7.39_1.34_-31.00_47.67_-15.11_31.31_-34.38_6.56_0.5292_0.6960_-0.4045_-0.2682end-0.85_6.91_1.57_-31.00_47.67_-15.11_31.31_-34.38_6.56_0.5293_0.6968_-0.4042_-0.2661end-1.11_6.76_1.65_-31.00_47.67_-15.11_31.31_-34.38_6.56_0.5293_0.6968_-0.4,24.1390126,120.7484652,114.80000305175781
4284,042_-0.2661end15.67_32.52_-2.75_-20.93_34.36_-13.09_31.31_-34.38_6.56_0.5293_0.6968_-0.4042_-0.2661end15.67_32.52_-2.75_-173.79_-86.39_5.37_31.31_-34.38_6.56_0.5306_0.6973_-0.4039_-0.2629end-10.96_8.48_11.60_-173.79_-86.39_5.37_31.31_-34.38_6.56_0.5242_0.6981_-0.4088_-0.2659end-10.96_8.48_11.60_52.37_-110.90_-0.90_31.69_-35.75_6.50_0.5236_0.6959_-0.4107_-0.2701end-8.07_9.25_3.65_52.37_-110.90_-0.90_32.44_-33.69_6.12_0.5236_0.6959_-0.4107_-0.2701end-5.28_6.17_-12.41_77.33_50.25_-25.85_32.44_-33.69_6.12_0.5236_0.6959_-0.4107_-0.2701end,24.1390126,120.7484652,114.80000305175781
4285,,24.1390126,120.7484652,114.80000305175781
4286,,24.1390126,120.7484652,114.80000305175781
4287,,24.1390126,120.7484652,114.80000305175781
4288,,24.1390126,120.7484652,114.80000305175781
4289,,24.1390126,120.7484652,114.80000305175781
4290,,24.1390126,120.7484652,114.80000305175781
4291,1.11_10.57_13.30_77.33_50.25_-25.85_32.44_-33.69_6.12_0.5312_0.6899_-0.4094_-0.2723end1.79_10.14_15.55_77.33_50.25_-25.85_32.44_-33.69_6.12_0.5350_0.6889_-0.4077_-0.2703end1.02_11.88_9.88_77.33_50.25_-25.85_32.44_-33.31_7.50_0.5350_0.6889_-0.4077_-0.2703end1.76_10.55_19.54_32.12_31.56_-18.35_32.44_-33.31_7.50_0.5416_0.6871_-0.4048_-0.2660end2.27_10.67_18.51_-17.57_30.89_-7.72_32.44_-33.31_7.50_0.5422_0.6875_-0.4042_-0.2645end-1.03_8.75_-0.48_-5.82_29.43_-7.27_32.44_-33.31_7.50_0.5425_0.6880_-0.4039_-0.2631end0.54_9.07_1.36_-5.82_29.43_-7.27_32.44_-33.31_7.50_0.5425_0.6880_-0.4039_-0.2631end-3.37_7.86_-9.05_-5.82_29.43_-7.27_32.81_-33.31_8.38_0.5425_0.6,24.1390126,120.7484652,114.80000305175781
4292,880_-0.4039_-0.2631end-3.37_7.86_-9.05_-5.82_29.43_-7.27_32.81_-33.31_8.38_0.5463_0.6896_-0.4002_-0.2568end-1.08_8.72_-5.45_-5.82_29.43_-7.27_32.81_-33.31_8.38_0.5485_0.6895_-0.3986_-0.2549end,24.1390126,120.7484652,114.80000305175781
4293,,24.1390126,120.7484652,114.80000305175781
4294,,24.1390126,120.7484652,114.80000305175781
4295,,24.1390126,120.7484652,114.80000305175781
4296,,24.1390126,120.7484652,114.80000305175781
4297,,24.1390126,120.7484652,114.80000305175781
4298,-1.30_9.04_-3.03_-5.82_29.43_-7.27_32.81_-33.31_8.38_0.5509_0.6892_-0.3969_-0.2530end-1.12_9.16_0.35_47.78_42.30_-12.65_32.81_-33.31_8.38_0.5535_0.6886_-0.3953_-0.2515end-1.12_9.16_0.35_47.78_42.30_-12.65_32.81_-33.31_8.38_0.5581_0.6868_-0.3929_-0.2500end-2.13_9.66_5.72_47.78_42.30_-12.65_32.81_-33.56_11.06_0.5581_0.6868_-0.3929_-0.2500end-2.13_9.66_5.72_38.38_22.83_-9.74_32.81_-33.56_11.06_0.5615_0.6850_-0.3915_-0.2495end-2.21_10.29_4.30_38.38_22.83_-9.74_32.81_-33.56_11.06_0.5627_0.6843_-0.3911_-0.2493end-2.21_10.29_4.30_12.65_36.59_-10.07_32.81_-33.56_11.06_0.5627_0.6843_-0.3911_-0.2493end-2.21_10.29_4.30_3.92_48.79_-9.74_32.81_-33.56_11.06_0.5650_0.6840_-0.3896_-0.2473end-2.21_10.29_4.30_7.83_46.22_-9.74_32.81_-33.56_11.06_0.5672_0.6844_-0.3877_-0.2443end-1.12_9.17_0.72_7.83_46.22_-9.74_32.50_-32.56_11.06_0.5672_0.6844_-0.3877_-0.2443end,24.1390126,120.7484652,114.80000305175781
4299,,24.1390126,120.7484652,114.80000305175781
4300,,24.1390126,120.7484652,114.80000305175781
4301,,24.1390126,120.7484652,114.80000305175781
4302,,24.1390126,120.7484652,114.80000305175781
4303,,24.1390126,120.7484652,114.80000305175781
4304,,24.1390126,120.7484652,114.80000305175781
4305,,24.1390126,120.7484652,114.80000305175781
4306,-2.35_8.91_-3.00_7.83_46.22_-9.74_32.50_-32.56_11.06_0.5703_0.6848_-0.3848_-0.2404end-2.75_9.12_-1.16_22.49_27.75_-4.36_32.50_-32.56_11.06_0.5715_0.6845_-0.3839_-0.2397end-2.94_9.25_-0.93_22.49_27.75_-4.36_32.50_-32.56_11.06_0.5715_0.6845_-0.3839_-0.2397end-2.44_9.31_0.31_33.57_25.85_-7.61_32.50_-32.50_12.88_0.5715_0.6845_-0.3839_-0.2397end-2.44_9.31_0.31_34.24_22.16_-7.95_33.19_-32.50_12.44_0.5756_0.6830_-0.3815_-0.2381end-1.80_9.82_3.97_34.24_22.16_-7.95_33.19_-32.50_12.44_0.5756_0.6830_-0.3815_-0.2381end-1.80_9.82_3.97_27.86_11.97_-5.60_32.13_-31.87_11.56_0.5756_0.6830_-0.3815_-0.2381end-1.80_9.82_3.97_27.86_11.97_-5.60_32.13_-31.87_11.56_0.5806_0.6,24.1390126,120.7484652,114.80000305175781
4307,802_-0.3793_-0.2375end-1.80_9.82_3.97_27.86_11.97_-5.60_32.13_-31.87_11.56_0.5821_0.6793_-0.3787_-0.2374end-1.78_9.52_2.43_27.86_11.97_-5.60_31.37_-32.19_14.25_0.5821_0.6793_-0.3787_-0.2374end,24.1390126,120.7484652,114.80000305175781
4308,,24.1390126,120.7484652,114.80000305175781
4309,,24.1390126,120.7484652,114.80000305175781
4310,,24.1390126,120.7484652,114.80000305175781
4311,,24.1390126,120.7484652,114.80000305175781
4312,,24.1390126,120.7484652,114.80000305175781
4313,-1.64_9.44_1.43_9.74_11.75_-1.12_31.37_-32.19_14.25_0.5821_0.6793_-0.3787_-0.2374end-1.64_9.44_1.43_11.08_9.96_-1.01_31.37_-32.19_14.25_0.5837_0.6786_-0.3776_-0.2368end-1.64_9.44_1.43_11.08_9.96_-1.01_31.37_-32.19_14.25_0.5847_0.6782_-0.3770_-0.2366end-2.15_9.26_-0.54_11.08_9.96_-1.01_31.37_-32.19_14.25_0.5847_0.6782_-0.3770_-0.2366end-2.15_9.39_0.08_19.70_2.69_-1.57_31.37_-32.19_14.25_0.5847_0.6782_-0.3770_-0.2366end-2.05_9.38_0.35_21.82_2.01_-2.01_32.13_-32.19_12.44_0.5847_0.6782_-0.3770_-0.2366end-1.82_9.42_0.81_22.94_0.90_-1.79_32.13_-32.19_12.44_0.5880_0.6757_-0.3759_-0.2378end-1.68_9.52_1.37_22.94_0.90_-1.79_31.06_-31.12_13.88_0.5886_0.6749_-0.3758_-0.2382end-1.56_9.63_2.67_23.16_-5.48_-0.34_31.06_-31.12_13.88_0.5886_0.6749_-0.3758_-0.2382end-1.88_9.78_3.16_23.16_-5.48_-0.34_31.06_-31.12_13.88_0.5898_0.6736_-0.3757_-0.2394end,24.1390126,120.7484652,114.80000305175781
4314,,24.1390126,120.7484652,114.80000305175781
4315,,24.1390126,120.7484652,114.80000305175781
4316,,24.1390126,120.7484652,114.80000305175781
4317,,24.1390126,120.7484652,114.80000305175781
4318,,24.1390126,120.7484652,114.80000305175781
4319,,24.1390126,120.7484652,114.80000305175781
4320,-1.78_9.75_3.73_16.34_-8.62_0.34_31.06_-31.12_13.88_0.5898_0.6736_-0.3757_-0.2394end-1.78_9.75_3.73_16.34_-8.62_0.34_31.37_-31.12_13.38_0.5910_0.6719_-0.3757_-0.2411end-1.86_9.59_2.54_16.34_-8.62_0.34_31.37_-31.12_13.38_0.5912_0.6714_-0.3759_-0.2418end-1.76_9.50_1.64_16.34_-8.62_0.34_32.13_-30.81_12.50_0.5913_0.6708_-0.3762_-0.2,24.1390126,120.7484652,114.80000305175781
4321,426end-1.86_9.45_1.08_13.65_-25.51_2.01_32.13_-30.81_12.50_0.5913_0.6708_-0.3762_-0.2426end-1.86_9.45_1.08_16.11_-36.59_2.69_32.13_-30.81_12.50_0.5911_0.6689_-0.3777_-0.2459end-2.00_9.42_0.64_16.11_-36.59_2.69_32.13_-30.81_12.50_0.5909_0.6681_-0.3785_-0.2474end-1.97_9.52_1.01_16.11_-36.59_2.69_32.13_-30.81_12.50_0.5909_0.6681_-0.3785_-0.2474end-1.97_9.52_1.13_16.11_-36.59_2.69_32.13_-31.12_13.88_0.5905_0.6663_-0.3802_-0.2508end-1.86_9.58_1.24_19.70_-49.01_2.57_32.13_-31.12_13.88_0.5899_0.6642_-0.3822_-0.2545end,24.1390126,120.7484652,114.80000305175781
4322,,24.1390126,120.7484652,114.80000305175781
4323,,24.1390126,120.7484652,114.80000305175781
4324,,24.1390126,120.7484652,114.80000305175781
4325,,24.1390126,120.7484652,114.80000305175781
4326,,24.1390126,120.7484652,114.80000305175781
4327,,24.1390126,120.7484652,114.80000305175781
4328,-1.70_9.58_1.45_19.70_-49.01_2.57_32.13_-31.12_13.88_0.5895_0.6631_-0.3833_-0.2565end-1.53_9.64_1.66_19.70_-49.01_2.57_32.13_-31.12_13.88_0.5895_0.6631_-0.3833_-0.2565end-1.54_9.60_1.64_15.89_-64.35_4.59_32.88_-31.12_12.50_0.5895_0.6631_-0.3833_-0.2565end-1.54_9.60_1.64_15.89_-64.35_4.59_32.50_-30.81_13.38_0.5872_0.6588_-0.3884_-0.2652end-1.57_9.55_0.85_15.89_-64.35_4.59_32.50_-30.81_13.38_0.5864_0.6577_-0.3899_-0.2675end-1.57_9.55_0.85_14.66_-67.81_4.70_32.50_-30.44_12.50_0.5864_0.6577_-0.3899_-0.2675end-1.57_9.55_0.85_14.66_-67.81_4.70_32.13_-31.50_11.06_0.5848_0.6555_-0.3927_-0.2722end-1.25_9.52_0.31_14.66_-67.81_4.70_32.13_-31.50_11.06_0.5831_0.6532_-0.3957_-0.2770end-1.20_9.58_0.39_14.66_-67.81_4.70_32.50_-30.81_11.12_0.5831_0.6532_-0.3957_-0.2770end-1.12_9.61_0.57_16.23_-73.41_4.70_32.50_-30.81_11.12_0.5831_0.6532_-0.3957_-0.2770end,24.1390126,120.7484652,114.80000305175781
4329,,24.1390126,120.7484652,114.80000305175781
4330,,24.1390126,120.7484652,114.80000305175781
