ID,data,latitude,longitude,altitude
1,-0.82_9.63_2.61_23.28_-7.05_11.30_-10.94_-31.12_29.06_0.6413_0.7509_0.1130_0.1102end-0.73_9.62_2.61_23.28_-7.05_11.30_-10.94_-31.12_29.06_0.6443_0.7489_0.1118_0.1071end-0.52_9.62_2.51_23.28_-7.05_11.30_-10.94_-31.12_28.69_0.6454_0.7482_0.1111_0.1057end-0.41_9.60_2.49_23.28_-7.05_11.30_-10.94_-30.44_29.06_0.6465_0.7476_0.1103_0.1042end-0.31_9.62_2.44_27.08_-43.31_12.65_-10.94_-30.44_29.06_0.6465_0.7476_0.1103_0.1042end-0.10_9.62_2.44_27.08_-43.31_12.65_-10.94_-30.44_29.06_0.6500_0.7457_0.1074_0.0992end-0.01_9.58_2.43_27.86_-46.66_12.65_-10.94_-30.44_29.06_0.6512_0.7451_0.1064_0.0975end0.12_9.56_2.42_27.86_-46.66_12.65_-10.94_-30.44_29.06_0.6512_0.7451_0,24.18738108,120.73588007,381.69830322265625
2,.1064_0.0975end0.18_9.61_2.48_28.76_-45.10_12.31_-10.94_-30.44_29.06_0.6512_0.7451_0.1064_0.0975end0.20_9.57_2.52_30.21_-40.17_11.75_-10.94_-30.44_29.06_0.6559_0.7423_0.1024_0.0909end,24.18738108,120.73588007,381.69830322265625
3,,24.18738108,120.73588007,381.69830322265625
4,0.21_9.57_2.58_30.21_-40.17_11.75_-10.94_-30.44_29.06_0.6571_0.7415_0.1016_0.0894end0.26_9.58_2.60_30.21_-40.17_11.75_-10.94_-30.44_29.06_0.6571_0.7415_0.1016_0.0894end0.28_9.57_2.63_30.21_-40.17_11.75_-10.94_-30.44_29.06_0.6595_0.7399_0.1001_0.0869end0.27_9.54_2.67_32.12_-27.86_10.74_-10.94_-30.44_29.06_0.6619_0.7382_0.0990_0.0847end0.28_9.53_2.67_32.12_-27.86_10.74_-10.94_-30.44_29.06_0.6630_0.7373_0.0986_0.0838end0.30_9.53_2.66_32.12_-27.86_10.74_-10.94_-30.44_29.06_0.6630_0.7373_0.0986_0.0838end0.33_9.53_2.61_33.68_-16.00_10.41_-10.94_-30.44_29.06_0.6655_0.7354_0.0978_0.0822end0.33_9.53_2.61_34.47_-13.32_10.18_-9.13_-30.37_32.69_0.6666_0.7344_0.0977_0.0816end0.33_9.53_2.61_34.47_-9.85_10.41_-9.81_-29.31_31.81_0.6678_0.7334_0.0975_0.0811end0.33_9.53_2.61_34.91_-7.61_10.07_-9.81_-29.31_31.81_0.6678_0.7334_0.0975_0.0811end,24.18738108,120.73588007,381.69830322265625
5,,24.18738108,120.73588007,381.69830322265625
6,0.33_9.53_2.61_34.91_-7.61_10.07_-9.81_-29.31_31.81_0.6714_0.7303_0.0975_0.0800end0.33_9.53_2.61_34.91_-7.61_10.07_-9.06_-27.94_33.13_0.6725_0.7292_0.0976_0.0798end0.56_9.48_2.09_37.26_-0.67_9.06_-9.06_-27.94_33.13_0.6725_0.7292_0.0976_0.0798end0.59_9.45_2.01_37.26_-0.67_9.06_-9.06_-27.94_33.13_0.6762_0.7258_0.0980_0.0793end0.71_9.40_1.99_37.26_-0.67_9.06_-8.81_-28.56_33.56_0.6774_0.7247_0.0983_0.0793end0.88_9.41_2.12_39.61_8.50_8.39_-8.81_-28.56_33.56_0.6774_0.7247_0.0983_0.0793end0.88_9.41_2.12_40.73_19.02_8.28_-8.81_-28.56_33.56_0.6812_0.7209_0.0996_0.0801end0.91_9.39_2.16_40.73_19.02_8.28_-8.81_-28.56_33.56_0.6823_0.7196_0.1003_0.0807end0.84_9.39_2.14_41.74_30.44_8.06_-8.81_-28.56_33.56_0.6823_0.7196_0.1003_0.0807end0.78_9.40_2.01_42.19_35.70_7.61_-8.81_-28.56_33.56_0.6823_0.7196_0.1003_0.0807end,24.18738108,120.73588007,381.69830322265625
7,,24.18738108,120.73588007,381.69830322265625
8,,24.18738108,120.73588007,381.69830322265625
9,,24.18738108,120.73588007,381.69830322265625
10,0.69_9.31_1.93_42.19_35.70_7.61_-9.44_-28.31_32.63_0.6870_0.7140_0.1049_0.0850end0.70_9.54_1.64_42.19_35.70_7.61_-9.44_-28.31_32.63_0.6882_0.7125_0.1064_0.0864end0.42_9.30_1.10_41.74_42.75_7.95_-9.44_-28.31_32.63_0.6882_0.7125_0.1064_0.0864end0.41_9.48_0.71_41.74_42.75_7.95_-10.56_-26.87_35.31_0.6904_0.7096_0.1091_0.0890end0.20_,24.18738108,120.73588007,381.69830322265625
11,9.36_0.65_42.41_40.73_8.62_-10.56_-26.87_35.31_0.6927_0.7067_0.1118_0.0914end0.04_9.31_0.26_42.41_40.73_8.62_-10.56_-26.87_35.31_0.6938_0.7052_0.1130_0.0925end-0.18_9.33_-0.03_42.41_40.73_8.62_-10.56_-26.87_35.31_0.6938_0.7052_0.1130_0.0925end-0.18_9.33_-0.03_42.41_40.73_8.62_-10.56_-26.50_34.88_0.6938_0.7052_0.1130_0.0925end-0.18_9.33_-0.03_42.41_40.73_8.62_-10.56_-26.50_34.88_0.6985_0.6993_0.1172_0.0963end-0.27_9.35_-0.24_42.41_40.73_8.62_-10.56_-26.50_34.88_0.6998_0.6978_0.1182_0.0971end-0.37_9.37_-0.25_43.98_25.07_10.07_-10.56_-26.50_34.88_0.6998_0.6978_0.1182_0.0971end-0.41_9.35_-0.24_43.98_25.07_10.07_-10.56_-26.50_34.88_0.7035_0.6933_0.1209_0.0992end-0.50_9.33_-0.34_43.98_25.07_10.07_-10.56_-26.50_34.88_0.7047_0.6918_0.1219_0.1000end-0.50_9.35_-0.44_43.98_25.07_10.07_-11.25_-25.81_35.31_0.7059_0.6902_0.1230_0.1008end-0.54_9.33_-0.51_42.30_30.33_11.30_-11.25_-25.81_35.31_0.7083_0.6873_0.1251_0.1024end-0.65_9.36_-0.77_42.30_30.33_11.30_-12.37_-25.50_34.06_0.7094_0.6858_0.1261_0.1030end-0.69_9.34_-0.91_42.30_30.33_11.30_-12.00_-24.81_35.38_0.7106_0.6843_0.1269_0.1034end-0.65_9.37_-0.96_41.74_9.74_13.32_-12.00_-24.81_35.38_0.7106_0.6843_0.1269_0.1034end-0.47_9.30_-1.08_41.74_9.74_13.32_-12.00_-24.81_35.38_0.7144_0.6801_0.1281_0.1035end-0.30_9.32_-1.09_41.74_9.74_13.32_-12.69_-24.12_33.63_0.7157_0.6788_0.1281_0.1030end,24.18738108,120.73588007,381.69830322265625
12,,24.18738108,120.73588007,381.69830322265625
13,0.10_9.35_-1.06_41.63_-24.84_13.65_-12.69_-24.12_33.63_0.7157_0.6788_0.1281_0.1030end0.53_9.35_-1.05_41.63_-24.84_13.65_-12.69_-24.12_33.63_0.7198_0.6750_0.1268_0.1006end0.65_9.35_-1.02_41.63_-24.84_13.65_-12.69_-23.00_35.81_0.7214_0.6738_0.1259_0.0994end0.78_9.31_-1.00_41.63_-24.84_13.65_-12.69_-23.00_35.81_0.7228_0.6725_0.1249_0.0981end1.11_9.30_-1.00_41.63_-24.84_13.65_-12.69_-24.44_34.88_0.7228_0.6725_0.1249_0.0981end1.11_9.30_-1.00_40.73_-40.17_12.53_-12.69_-24.44_34.88_0.7256_0.6702_0.1229_0.0954end1.11_9.30_-1.00_40.62_-39.28_12.09_-12.31_-23.69_37.13_0.7256_0.6702_0.1229_0.0954end1.11_9.30_-1.00_40.40_-37.15_11.64_-12.31_-23.69_37.13_0.7300_0.6666_0.1197_0.0916end1.75_9.27_-1.15_40.40_-37.15_11.64_-11.56_-22.31_36.25_0.7300_0.6666_0.1197_0.0916end1.75_9.27_-1.15_40.62_-33.24_11.08_-11.56_-22.31_36.25_0.7328_0.6642_0.1178_0.0892end,24.18738108,120.73588007,381.69830322265625
14,,24.18738108,120.73588007,381.69830322265625
15,,24.18738108,120.73588007,381.69830322265625
16,1.75_9.32_-1.25_40.29_-31.11_10.30_-12.31_-22.62_38.06_0.7328_0.6642_0.1178_0.0892end1.79_9.30_-1.23_40.51_-29.32_9.40_-12.31_-22.62_38.06_0.7369_0.6605_0.1152_0.0862end1.80_9.30_-1.30_40.51_-29.32_9.40_-12.31_-22.62_38.06_0.7382_0.6593_0.1144_0.0853end1.82_9.31_-1.32_40.17_-28.87_8.17_-12.31_-22.62_38.06_0.7382_0.6593_0.1144_0.0853end1.73_9.28_-1.41_40.17_-28.87_8.17_-10.50_-22.31_37.19_0.7382_0.6593_0.1144_0.0853end1.73_9.28_-1.41_40.17_-28.87_8.17_-10.50_-22.31_37.19_0.7435_0.6545_0.1108_0.0816end1.60_9.27_-1.47_40.17_-28.87_8.17_-10.50_-22.31_37.19_0.7448_0.6533_0.1096_0.0806end1.60_9.28_-1.45_40.17_-28.87_8.17_-10.50_-22.31_37.19_0.7461_0.6521_0.1085_0.0795end1.61_9.28_-1.40_40.51_-38.05_5.15_-10.50_-22.31_37.19_0.7461_0.6521_0.1085_0.0795end1.61_9.28_-1.40_40.51_-38.05_5.15_-10.50_-22.31_37.19_0.7501_0.6485_0.1047_0.0764end,24.18738108,120.73588007,381.69830322265625
17,,24.18738108,120.73588007,381.69830322265625
18,1.63_9.28_-1.38_40.51_-38.05_5.15_-10.50_-22.31_37.19_0.7514_0.6473_0.1034_0.0753end1.55_9.25_-1.34_40.51_-38.05_5.15_-10.50_-22.31_37.19_0.7527_0.6461_0.1022_0.0744end1.45_9.24_-1.41_39.95_-31.33_3.58_-10.50_-22.31_37.19_0.7527_0.6461_0.1022_0.0744end1.45_9.24_-1.41_39.95_-23.61_2.35_-10.44_-20.56_37.63_0.7552_0.6436_0.1001_0.0728end1.25_9.24_-1.48_39.95_-23.61_2.35_-10.44_-20.56_37.63_0.7577_0.6412_0.0984_0.0717end1.25_9.24_-1.48_40.17_-16.79_1.57_-10.44_-20.56_37.63_0.7589_0.6398_0.0977_0.0712end1.20_9.23_-1.47_40.17_-16.79_1.57_-10.44_-19.50_39.38_0.7589_0.6398_0.0977_0.0712end1.20_9.23_-1.47_41.52_-9.06_0.56_-10.44_-19.50_39.38_0.7613_0.6373_0.0966_0.0707end1.17_9.17_-1.39_41.52_-9.06_0.56_-10.44_-19.50_39.38_0.7636_0.6346_0.0958_0.0706end1.17_9.17_-1.39_41.52_-9.06_0.56_-9.69_-19.19_39.00_0.7648_0.6332_0.0955_0.0706end,24.18738108,120.73588007,381.69830322265625
19,,24.18738108,120.73588007,381.69830322265625
20,0.73_9.19_-1.57_40.73_3.69_0.78_-9.69_-19.19_39.00_0.7648_0.6332_0.0955_0.0706end0.62_9.15_-1.61_40.73_3.69_0.00_-9.69_-19.19_39.00_0.7670_0.6305_0.0954_0.0710end0.62_9.15_-1.61_40.73_3.69_0.00_-9.69_-19.19_39.00_0.7681_0.6292_0.0954_0.0713end0.62_9.15_-1.61_40.85_1.68_0.45_-9.69_-19.19_39.00_0.7703_0.6264_0.0952_0.0717end0.01_9.16_-1.73_40.85_1.68_0.45_-9.69_-19.19_39.00_0.7703_0.6264_0.0952_0.0717end-0.03_9.18_-1.72_41.52_-14.55_0.45_-9.69_-19.19_39.00_0.7703_0.6264_0.0952_0.0717end-0.07_9.12_-1.70_41.52_-14.55_0.45_-9.69_-19.19_39.00_0.7750_0.6210_0.0927_0.0707end-0.07_9.12_-1.70_41.74_-38.94_0.56_-7.94_-17.37_39.44_0.7763_0.6198_0.0914_0.0699end0.18_9.11_-1.66_41.74_-38.94_0.56_-7.94_-17.37_39.44_0.7776_0.6185_0.0898_0.0689end0.18_9.11_-1.66_41.74_-38.94_0.56_-8.63_-17.69_41.19_0.7776_0.6185_0.0898_0.0689end,24.18738108,120.73588007,381.69830322265625
21,,24.18738108,120.73588007,381.69830322265625
22,0.43_9.05_-1.65_41.74_-38.94_0.56_-8.63_-17.69_41.19_0.7802_0.6160_0.0862_0.0665end0.47_9.03_-1.52_42.30_-44.87_-0.22_-8.63_-17.69_41.19_0.7828_0.6133_0.0826_0.0641end0.47_9.03_-1.52_42.30_-44.87_-0.22_-8.63_-17.06_39.44_0.7828_0.6133_0.0826_0.0641end0.47_9.03_-1.52_42.97_-37.71_0.00_-8.63_-16.31_39.94_0.7828_0.6133_0.0826_0.0641end0.47_9.03_-1.52_44.43_-16.45_-0.45_-8.63_-16.31_39.94_0.7828_0.6133_0.0826_0.0641end0.46_8.91_-0.76_44.43_-16.45_-0.45_-8.63_-16.31_39.94_0.7891_0.6063_0.0774_0.0614end0.35_8.91_-0.86_44.43_-16.45_-0.45_-8.94_-17.00_41.63_0.7891_0.6063_0.0774_0.0614end0.37_8.89_-1.02_44.43_-16.45_-0.45_-8.94_-17.00_41.63_0.7926_0.6017_0.0770_0.0620end0.28_8.80_-1.33_44.43_-16.45_-0.45_-8.25_-16.31_40.31_0.7938_0.6001_0.0772_0.0624end0.22_8.80_-1.47_44.43_-16.45_-0.45_-8.94_-16.00_40.31_0.7949_0.5984_0.0776_0.0630end,24.18738108,120.73588007,381.69830322265625
23,,24.18738108,120.73588007,381.69830322265625
24,,24.18738108,120.73588007,381.69830322265625
25,,24.18738108,120.73588007,381.69830322265625
26,,24.18738108,120.73588007,381.69830322265625
27,,24.18738108,120.73588007,381.69830322265625
28,0.04_8.74_-1.58_44.43_-16.45_-0.45_-8.94_-16.00_40.31_0.7949_0.5984_0.0776_0.0630end-0.19_8.76_-1.66_44.43_-16.45_-0.45_-8.94_-16.00_40.31_0.7972_0.5951_0.0787_0.0644end-0.19_8.76_-1.66_48.79_20.37_0.22_-8.25_-14.25_41.25_0.7996_0.5916_0.0799_0.0659end-0.41_8.74_-1.66_48.79_20.37_0.22_-8.25_-14.25_41.25_0.8007_0.5898_0.0804_0.0665end-0.41_8.74_-1.66_49.35_14.66_0.67_-7.87_-14.94_41.63_0.8007_0.5898_0.0804_0.0665end-0.41_8.74_-1.66_49.35_14.66_0.67_-8.94_-14.25_41.69_0.8044_0.5846_0.0814_0.0679end-0.43_8.63_-2.18_49.35_14.66_0.67_-8.94_-14.25_41.69_0.8056_0.5828_0.0815_0.0682end-0.43_8.63_-2.18_49.01_2.91_1.90_-7.87_-12.81_42.13_0.8068_0.5811_0.0816_0.0,24.18738108,120.73588007,381.69830322265625
29,685end-0.36_8.61_-2.59_49.01_2.91_1.90_-7.87_-12.81_42.13_0.8081_0.5793_0.0815_0.0687end-0.37_8.55_-2.78_49.80_-1.68_2.46_-7.87_-12.81_42.13_0.8081_0.5793_0.0815_0.0687end-0.24_8.52_-3.21_49.80_-1.68_2.46_-7.87_-12.81_42.13_0.8118_0.5741_0.0812_0.0688end0.20_8.47_-3.52_49.80_-1.68_2.46_-7.87_-12.81_42.13_0.8118_0.5741_0.0812_0.0688end0.27_8.46_-3.54_49.80_-1.68_2.46_-7.87_-12.88_41.31_0.8118_0.5741_0.0812_0.0688end0.27_8.46_-3.54_49.80_-1.68_2.46_-8.63_-12.50_42.13_0.8155_0.5687_0.0816_0.0696end0.20_8.41_-3.62_49.80_-1.68_2.46_-8.63_-12.50_42.13_0.8179_0.5649_0.0829_0.0708end0.13_8.41_-3.76_51.14_31.22_4.48_-9.25_-12.19_41.69_0.8179_0.5649_0.0829_0.0708end0.00_8.41_-3.89_50.81_34.24_5.26_-9.25_-12.19_41.69_0.8179_0.5649_0.0829_0.0708end-0.15_8.41_-3.96_50.81_34.24_5.26_-9.63_-11.44_42.62_0.8224_0.5573_0.0875_0.0741end-0.21_8.38_-4.03_50.36_33.57_5.04_-9.63_-11.44_42.62_0.8235_0.5553_0.0887_0.0750end0.03_8.37_-4.13_50.36_33.57_5.04_-9.63_-11.44_42.62_0.8235_0.5553_0.0887_0.0750end0.08_8.31_-3.97_50.36_33.57_5.04_-9.63_-11.44_42.62_0.8257_0.5515_0.0906_0.0763end0.08_8.31_-3.97_50.36_33.57_5.04_-9.63_-11.44_42.62_0.8269_0.5496_0.0910_0.0767end0.12_8.27_-3.14_50.36_33.57_5.04_-9.63_-11.44_42.62_0.8282_0.5477_0.0911_0.0767end0.08_8.25_-3.11_50.36_33.57_5.04_-9.63_-10.75_41.37_0.8282_0.5477_0.0911_0.0767end0.,24.18738108,120.73588007,381.69830322265625
30,01_8.29_-3.11_49.91_-28.87_6.38_-9.63_-10.75_41.37_0.8282_0.5477_0.0911_0.0767end0.01_8.29_-3.11_48.79_-31.11_6.71_-9.63_-10.75_41.37_0.8346_0.5389_0.0869_0.0738end-0.05_8.16_-4.46_48.79_-31.11_6.71_-9.63_-9.00_41.75_0.8346_0.5389_0.0869_0.0738end-0.05_8.16_-4.46_47.11_-25.74_6.71_-9.63_-9.00_41.75_0.8371_0.5356_0.0848_0.0723end0.07_8.13_-5.81_47.11_-21.26_6.83_-9.63_-9.00_41.75_0.8371_0.5356_0.0848_0.0723end0.20_8.05_-6.15_48.12_-10.30_6.94_-9.25_-8.38_42.31_0.8371_0.5356_0.0848_0.0723end,24.18738108,120.73588007,381.69830322265625
31,0.52_8.08_-6.18_48.12_-10.30_6.94_-9.25_-8.38_42.31_0.8418_0.5288_0.0825_0.0706end0.54_8.05_-5.89_49.35_-6.38_6.38_-8.19_-9.00_42.19_0.8418_0.5288_0.0825_0.0706end0.55_8.05_-5.52_50.13_-8.17_6.94_-8.19_-9.00_42.19_0.8418_0.5288_0.0825_0.0706end0.55_8.05_-5.52_50.13_-8.17_6.94_-8.19_-9.00_42.19_0.8453_0.5233_0.0816_0.0698end0.55_,24.18738108,120.73588007,381.69830322265625
32,8.05_-5.52_48.12_-24.17_7.61_-9.19_-6.94_43.56_0.8465_0.5215_0.0811_0.0694end0.47_8.14_-4.32_48.12_-24.17_7.61_-9.19_-6.94_43.56_0.8489_0.5181_0.0793_0.0681end0.24_8.00_-4.98_48.12_-24.17_7.61_-9.19_-6.94_43.56_0.8501_0.5165_0.0780_0.0672end0.21_7.89_-5.50_42.52_-50.13_5.82_-9.19_-6.94_43.56_0.8501_0.5165_0.0780_0.0672end0.37_7.96_-7.12_42.52_-50.13_5.82_-9.19_-6.94_43.56_0.8524_0.5134_0.0748_0.0651end0.59_7.95_-7.83_42.52_-50.13_5.82_-9.19_-6.94_43.56_0.8546_0.5106_0.0707_0.0624end,24.18738108,120.73588007,381.69830322265625
33,0.72_7.96_-8.32_42.52_-50.13_5.82_-9.19_-6.94_43.56_0.8557_0.5092_0.0685_0.0610end1.29_7.87_-8.88_42.52_-50.13_5.82_-7.81_-5.87_44.06_0.8557_0.5092_0.0685_0.0610end1.94_7.91_-8.79_42.52_-50.13_5.82_-7.81_-5.87_44.06_0.8557_0.5092_0.0685_0.0610end2.20_8.00_-8.34_42.52_-50.13_5.82_-7.81_-5.87_44.06_0.8602_0.5033_0.0601_0.0560end2.,24.18738108,120.73588007,381.69830322265625
34,52_8.02_-7.97_42.52_-50.13_5.82_-7.81_-5.87_44.06_0.8613_0.5018_0.0583_0.0551end2.57_8.05_-7.94_42.52_-50.13_5.82_-6.69_-5.50_42.31_0.8613_0.5018_0.0583_0.0551end2.49_8.05_-7.94_35.92_-33.57_1.23_-5.25_-5.19_42.31_0.8613_0.5018_0.0583_0.0551end2.49_8.05_-7.94_34.24_-33.80_0.34_-5.25_-5.19_42.31_0.8641_0.4977_0.0540_0.0527end2.09_7.99_-9.38_34.24_-33.80_0.34_-6.69_-3.44_43.19_0.8657_0.4953_0.0513_0.0514end2.17_7.97_-9.68_34.24_-33.80_0.34_-5.25_-5.19_42.69_0.8665_0.4941_0.0498_0.0508end,24.18738108,120.73588007,381.69830322265625
35,,24.18738108,120.73588007,381.69830322265625
36,,24.18738108,120.73588007,381.69830322265625
37,,24.18738108,120.73588007,381.69830322265625
38,,24.18738108,120.73588007,381.69830322265625
39,2.03_7.99_-9.78_30.55_-35.81_-3.02_-5.25_-5.19_42.69_0.8665_0.4941_0.0498_0.0508end2.10_7.96_-9.63_32.23_-28.65_-4.14_-5.25_-5.19_42.69_0.8665_0.4941_0.0498_0.0508end2.10_7.96_-9.63_32.56_-20.25_-4.25_-5.25_-5.19_42.69_0.8694_0.4897_0.0444_0.0489end2.10_7.96_-9.63_31.33_-10.30_-4.36_-5.94_-3.37_44.06_0.8701_0.4885_0.0437_0.0488end1.54_8.32_-7.12_31.33_-10.30_-4.36_-5.94_-3.37_44.06_0.8707_0.4874_0.0433_0.0488end0.18_8.01_-7.43_31.33_-10.30_-4.36_-5.94_-3.37_44.06_0.8707_0.4874_0.0433_0.0488end-0.02_8.11_-6.77_27.31_4.25_-3.58_-5.94_-3.37_44.06_0.8719_0.4853_0.0431_0.0493end-0.02_8.11_-6.77_27.31_4.25_-3.58_-5.94_-3.37_44.06_0.8724_0.4843_0.0431_0.0495e,24.18738108,120.73588007,381.69830322265625
40,,24.18738108,120.73588007,381.69830322265625
41,nd-0.02_8.11_-6.77_25.96_-1.12_-5.37_-5.94_-3.37_44.06_0.8730_0.4833_0.0429_0.0497end-0.50_8.10_-8.48_25.96_-1.12_-5.37_-5.94_-3.37_44.06_0.8740_0.4815_0.0422_0.0502end-0.20_8.03_-8.76_25.96_-1.12_-5.37_-4.81_-3.06_42.75_0.8740_0.4815_0.0422_0.0502end-0.31_8.14_-9.43_21.71_-27.75_-4.59_-4.81_-3.06_42.75_0.8754_0.4792_0.0392_0.0494end-0.50_8.08_-9.16_21.71_-27.75_-4.59_-4.81_-3.06_42.75_0.8759_0.4786_0.0374_0.0487end-0.55_8.12_-9.09_19.70_-50.13_-4.03_-4.81_-3.06_42.75_0.8759_0.4786_0.0374_0.0487end-0.57_8.14_-8.45_19.70_-50.13_-4.03_-4.81_-3.06_42.75_0.8759_0.4786_0.0374_0.0487end-0.57_8.14_-8.45_18.02_-45.66_-6.04_-3.75_-2.69_44.13_0.8773_0.4767_0.0313_0.0462end-0.57_8.14_-8.45_17.90_-45.32_-4.92_-3.75_-2.69_44.13_0.8782_0.4755_0.0275_0.0448end0.18_8.13_-6.79_17.90_-45.32_-4.92_-3.75_-2.69_44.13_0.8785_0.4749_0.0256_0.0441end0.18_8.13_-6.79_17.90_-45.32_-4.92_-4.06_-1.69_43.25_0.8789_0.4744_0.0239_0.0433end-0.38_8.11_-5.77_17.90_-45.32_-4.92_-4.06_-1.69_43.25_0.8797_0.4733_0.0204_0.0418end,24.18738108,120.73588007,381.69830322265625
42,-0.86_8.16_-5.01_17.35_-40.85_-4.48_-3.37_-1.31_43.75_0.8797_0.4733_0.0204_0.0418end-0.86_8.16_-5.01_17.35_-40.85_-4.48_-3.37_-1.31_43.75_0.8804_0.4721_0.0170_0.0405end-1.43_8.12_-4.09_17.35_-40.85_-4.48_-3.37_-1.31_43.75_0.8808_0.4716_0.0153_0.0399end-1.43_8.12_-4.09_17.35_-40.85_-4.48_-3.00_-1.94_44.13_0.8808_0.4716_0.0153_0.0399end-1.55_8.13_-3.70_17.35_-40.85_-4.48_-3.00_-1.94_44.13_0.8820_0.4698_0.0088_0.0370end-2.18_8.13_-3.25_17.35_-40.85_-4.48_-3.00_-1.31_43.69_0.8820_0.4698_0.0088_0.0370end-2.34_8.14_-3.21_19.47_-79.68_-1.68_-3.00_-1.31_43.69_0.8820_0.4698_0.0088_0.0370end-2.34_8.14_-3.21_19.47_-79.68_-1.68_-3.00_-1.31_43.69_0.8832_0.4679_-0.0,24.18738108,120.73588007,381.69830322265625
43,002_0.0326end-2.26_8.04_-3.18_19.47_-79.68_-1.68_-3.00_-1.31_43.69_0.8832_0.4679_-0.0002_0.0326end-2.16_8.03_-3.27_19.36_-89.64_-1.90_-3.00_-1.31_43.69_0.8832_0.4679_-0.0002_0.0326end,24.18738108,120.73588007,381.69830322265625
44,-1.98_7.99_-3.54_19.36_-89.64_-1.90_-3.00_-1.31_43.69_0.8832_0.4679_-0.0002_0.0326end-2.11_7.97_-3.54_19.36_-89.64_-1.90_-3.00_-1.31_43.69_0.8853_0.4641_-0.0211_0.0222end-1.92_7.90_-3.63_19.36_-89.64_-1.90_-3.00_-1.31_43.69_0.8856_0.4633_-0.0245_0.0203end-1.92_7.99_-3.87_19.36_-89.64_-1.90_-1.56_-1.31_41.88_0.8859_0.4626_-0.0276,24.18738108,120.73588007,381.69830322265625
45,_0.0187end-1.92_7.99_-3.87_22.60_-70.50_-0.11_-1.56_-1.31_41.88_0.8859_0.4626_-0.0276_0.0187end-1.71_7.98_-3.82_22.60_-70.50_-0.11_0.25_-2.31_41.06_0.8859_0.4626_-0.0276_0.0187end-1.41_7.81_-3.78_22.60_-70.50_-0.11_0.25_-2.31_41.06_0.8859_0.4626_-0.0276_0.0187end-1.41_7.81_-3.78_22.38_-68.93_-0.56_0.25_-2.31_41.06_0.8876_0.4585_-0.0419_0.0113end-0.92_7.72_-4.06_22.38_-68.93_-0.56_0.25_-2.31_41.06_0.8879_0.4576_-0.0457_0.0093end-0.89_7.65_-3.85_22.38_-68.93_-0.56_0.25_-2.31_41.06_0.8882_0.4567_-0.0499_0.0070end,24.18738108,120.73588007,381.69830322265625
46,-1.07_7.63_-3.67_22.38_-68.93_-0.56_0.25_-2.31_41.06_0.8886_0.4548_-0.0595_0.0020end-1.20_7.61_-3.73_22.38_-68.93_-0.56_0.25_-2.31_41.06_0.8888_0.4537_-0.0643_-0.0007end-1.39_7.83_-4.09_22.38_-68.93_-0.56_6.44_-0.94_41.06_0.8888_0.4537_-0.0643_-0.0007end-1.70_7.75_-4.62_26.30_-120.30_-1.57_7.19_-0.25_40.69_0.8888_0.4537_-0.0643_-0.0007end-1.70_7.75_-4.62_25.63_-125.33_-1.68_7.19_-0.25_40.69_0.8893_0.4504_-0.0786_-0.0080end-1.71_8.85_-5.23_25.63_-125.33_-1.68_7.19_-0.25_40.69_0.8894_0.4484_-0.0884_-0.0130end-2.07_14.49_-4.47_25.63_-125.33_-1.68_7.19_-0.25_40.69_0.8893_0.4472_-0.0942_-0.0159end-1.62_17.04_-4.65_28.31_-166.52_-1.45_7.19_-0.25_40.69_0.8893_0.4472_-0.0942_-0.0159end-1.41_18.64_-4.68_30.21_-179.72_-1.68_7.19_-0.25_40.69_0.8893_0.4472_-0.0942_-0.0159end-1.41_18.64_-4.68_30.21_-179.72_-1.68_7.19_-0.25_40.69_0.8884_0.4418_-0.1215_-0.0298end,24.18738108,120.73588007,381.69830322265625
47,,24.18738108,120.73588007,381.69830322265625
48,,24.18738108,120.73588007,381.69830322265625
49,-0.96_26.31_-5.23_30.21_-179.72_-1.68_7.19_-0.25_40.69_0.8884_0.4418_-0.1215_-0.0298end-1.57_28.73_-3.52_36.37_-184.20_-6.38_12.31_3.37_43.00_0.8884_0.4418_-0.1215_-0.0298end-1.57_28.73_-3.52_30.89_-176.81_-5.37_12.31_3.37_43.00_0.8871_0.4368_-0.1434_-0.0406end-1.57_28.73_-3.52_27.64_-177.15_-3.25_13.38_3.37_41.25_0.8871_0.4368_-0.1434_-0.0406end-1.57_28.73_-3.52_28.20_-124.89_-8.39_13.38_3.37_41.25_0.8856_0.4324_-0.1624_-0.0499end1.54_30.80_-7.36_28.20_-124.89_-8.39_15.19_2.31_41.25_0.8856_0.4324_-0.1624_-0.0499end1.54_30.80_-7.36_26.52_-25.18_-17.57_15.19_2.31_41.25_0.8856_0.4297_-0.1685_-0.0520end2.78_26.24_-5.09_25.74_20.70_-20.25_15.19_2.31_41.25_0.8868_0.4276_-0.1677_-0.0502end5.59_23.96_-7.53_25.74_20.70_-20.25_15.19_2.31_41.25_0.8878_0.4267_-0.1655_-0.0484end3.14_22.79_-4.86_25.74_20.70_-20.25_15.25_3.37_41.63_0.8878_0.4267_-0.1655_-0.0484end,24.18738108,120.73588007,381.69830322265625
50,,24.18738108,120.73588007,381.69830322265625
51,1.26_21.79_-5.43_26.30_130.93_-20.93_15.25_3.37_41.63_0.8878_0.4267_-0.1655_-0.0484end1.98_21.59_-5.17_26.30_130.93_-20.93_15.25_4.75_41.69_0.8934_0.4232_-0.1466_-0.0360end1.59_21.39_-5.29_20.59_197.96_-28.65_15.25_4.75_41.69_0.8950_0.4224_-0.1396_-0.0316end0.00_20.93_-4.82_20.59_197.96_-28.65_15.25_4.75_41.69_0.8950_0.4224_-0.1396_-0.0316end-0.87_20.81_-5.98_20.59_197.96_-28.65_15.25_4.75_41.69_0.8950_0.4224_-0.1396_-0.0316end-1.39_20.93_-5.05_20.59_197.96_-28.65_15.25_4.75_41.69_0.9005_0.4203_-0.1110_-0.0133end-1.27_20.61_-7.00_20.59_197.96_-28.65_15.25_4.75_41.69_0.9014_0.4200_-0.1050_-0.0095end-2.29_20.40_-7.16_9.74_128.02_-18.69_15.25_4.75_41.69_0.9014_0.4200_-0.1050_-0.0095end-1.92_19.90_-6.21_9.74_128.02_-18.69_15.25_4.75_41.69_0.9033_0.4189_-0.0920_-0.0009end-1.92_19.90_-6.21_9.74_128.02_-18.69_10.13_4.37_41.63_0.9037_0.4189_-0.0891_0.0012end,24.18738108,120.73588007,381.69830322265625
52,,24.18738108,120.73588007,381.69830322265625
53,,24.18738108,120.73588007,381.69830322265625
54,,24.18738108,120.73588007,381.69830322265625
55,,24.18738108,120.73588007,381.69830322265625
56,-2.41_17.33_-6.43_9.74_128.02_-18.69_10.13_4.37_41.63_0.9039_0.4189_-0.0869_0.0031end-2.41_17.33_-6.43_-8.39_48.90_-15.89_10.13_4.37_41.63_0.9039_0.4189_-0.0869_0.0031end-2.41_17.33_-6.43_-8.39_48.90_-15.89_10.13_4.37_41.63_0.9039_0.4194_-0.0836_0.0062end-2.49_14.96_-6.62_-8.39_48.90_-15.89_7.94_0.13_41.56_0.9039_0.4194_-0.0836_0.0062end-1.29_13.68_-7.22_-8.39_48.90_-15.89_7.94_0.13_41.56_0.9039_0.4194_-0.0836_0.0062end-1.74_12.83_-6.92_-26.75_12.20_-7.72_7.94_0.13_41.56_0.9039_0.4194_-0.0836_0.0062end-1.74_12.83_-6.92_-26.75_12.20_-7.72_5.37_2.56_42.00_0.9016_0.4250_-0.0804_0.0109end-1.93_11.12_-7.20_-26.75_12.20_-7.72_5.37_2.56_42.00_0.9008_0.4266_-0.0805_0.0112end-1.96_9.95_-7.63_-26.75_12.20_-7.72_3.94_2.25_42.88_0.9008_0.4266_-0.0805_0.0112end-1.96_9.95_-7.63_-50.69_-7.05_-2.46_4.69_1.50_42.06_0.9008_0.4266_-0.0805_0.0112end-1.97_8.11_-8.77_-50.69_-7.05_-2.46_4.69_1.50_42.06_0.8968_0.4347_-0.0817_0.0117end-2.16_7.53_-9.03_-66.25_-7.27_2.35_4.69_1.50_42.06_0.8956_0.4372_-0.0819_0.0117end-2.19_6.70_-9.52_-71.17_-1.68_3.47_4.69_1.50_42.06_0.8956_0.4372_-0.0819_0.0117end-2.23_6.14_-9.55_-71.17_-1.68_3.47_4.69_1.50_42.06_0.8913_0.4459_-0.0811_0.0123end-2.01_5.74_-9.58_-71.17_-1.68_3.47_5.06_2.25_42.44_0.8897_0.4493_-0.0800_0.0129end-2.09_5.28_-9.18_-71.17_-1.68_3.47_5.06_2.25_42.44_0.8897_0.4493_-0.0800_0.0129end-2.09_5.28_-9.18_-92.43_49.35_7.16_5.06_2.25_42.44_0.8864_0.4564_-0.0757_0.0149end-2.09_5.28_-9.18_-109.22_110.45_8.06_5.75_1.87_43.38_0.8828_0.4645_-0.0683_0.0186end-1.57_3.48_-8.71_-109.22_110.45_8.06_5.37_-0.19_42.88_0.8828_0.4645_-0.0683_0.0186end-1.57_3.48_-8.71_-121.87_153.20_6.83_5.37_-0.19_42.88_0.8788_0.4731_-0.0577_0.0240end,24.18738108,120.73588007,381.69830322265625
57,,24.18738108,120.73588007,381.69830322265625
58,-1.64_2.78_-9.31_-127.13_167.08_6.60_5.37_-0.19_42.88_0.8742_0.4825_-0.0443_0.0310end-2.09_2.96_-8.63_-136.64_176.25_5.60_5.37_-0.19_42.88_0.8717_0.4874_-0.0374_0.0347end-2.43_3.48_-8.09_-136.64_176.25_5.60_5.37_-0.19_42.88_0.8689_0.4926_-0.0303_0.0385end-2.24_3.71_-7.77_-151.30_157.23_3.47_5.37_-0.19_42.88_0.8689_0.4926_-0.0303,24.18738108,120.73588007,381.69830322265625
59,_0.0385end-2.24_3.71_-7.77_-151.30_157.23_3.47_0.62_-4.37_44.13_0.8596_0.5084_-0.0112_0.0489end-1.98_4.03_-6.71_-151.30_157.23_3.47_-0.88_-5.12_43.19_0.8561_0.5142_-0.0054_0.0520end-2.00_4.03_-6.30_-162.93_119.29_3.13_-0.88_-5.12_43.19_0.8525_0.5199_-0.0003_0.0547end-2.00_4.03_-6.30_-166.29_106.20_3.80_-0.88_-5.12_43.19_0.8488_0.5257_0.0043_0.0571end-1.88_3.85_-5.17_-166.29_106.20_3.80_-1.25_-7.19_43.56_0.8488_0.5257_0.0043_0.0571end-1.88_3.85_-5.17_-175.80_68.15_4.36_-1.25_-7.19_43.56_0.8447_0.5318_0.0086_0.0593end,24.18738108,120.73588007,381.69830322265625
60,,24.18738108,120.73588007,381.69830322265625
61,-1.88_3.85_-5.17_-175.80_68.15_4.36_-2.31_-8.25_43.13_0.8367_0.5439_0.0156_0.0626end-1.88_3.85_-5.17_-179.83_51.36_5.15_-2.31_-8.25_43.13_0.8279_0.5566_0.0211_0.0648end-1.88_3.85_-5.17_-182.07_48.01_6.38_-4.56_-11.75_42.19_0.8279_0.5566_0.0211_0.0648end-1.18_2.83_-2.99_-184.20_46.78_6.60_-4.56_-11.75_42.19_0.8142_0.5760_0.0283_0.0670end-1.03_3.05_-2.38_-184.20_46.78_6.60_-4.56_-11.75_42.19_0.8095_0.5825_0.0306_0.0677end-1.02_3.34_-2.07_-184.20_46.78_6.60_-4.19_-12.81_41.31_0.8047_0.5889_0.0330_0.0683end-0.96_3.77_-1.66_-184.20_46.78_6.60_-4.19_-12.81_41.31_0.8047_0.5889_0.0330_0.0683end-0.96_3.77_-1.66_-190.02_41.96_9.18_-4.25_-14.94_41.25_0.7946_0.601,24.18738108,120.73588007,381.69830322265625
62,9_0.0377_0.0695end-0.96_3.77_-1.66_-190.35_37.94_9.40_-4.25_-14.94_41.25_0.7845_0.6146_0.0419_0.0701end-0.96_3.77_-1.66_-190.91_27.08_10.63_-6.06_-16.31_38.56_0.7845_0.6146_0.0419_0.0701end,24.18738108,120.73588007,381.69830322265625
63,-0.96_3.77_-1.66_-190.91_27.08_10.63_-5.37_-17.69_41.19_0.7792_0.6212_0.0438_0.0702end-0.96_3.77_-1.66_-189.90_13.88_11.75_-5.37_-17.69_41.19_0.7792_0.6212_0.0438_0.0702end-0.96_3.77_-1.66_-189.90_13.88_11.75_-5.37_-17.69_41.19_0.7582_0.6465_0.0498_0.0691end-0.03_3.43_-0.23_-189.90_13.88_11.75_-6.50_-18.81_38.13_0.7528_0.6526_0.0512_0.0687end-1.13_3.34_0.53_-187.22_15.44_12.65_-6.50_-18.81_38.13_0.7528_0.6526_0.0512_0.0687end-1.27_3.34_1.67_-185.76_20.14_11.64_-6.50_-18.81_38.13_0.7365_0.6708_0.0557_0.0677end-0.04_3.56_1.41_-185.76_20.14_11.64_-6.50_-18.81_38.13_0.7310_0.6766_0.0571_0.0676end-0.23_3.27_0.96_-185.76_20.14_11.64_-6.50_-18.81_38.13_0.7253_0.6827_0.0585_0.0672end-0.23_3.27_0.96_-180.84_0.34_12.09_-6.50_-24.00_36.25_0.7253_0.6827_0.0585_0.0672end0.55_3.42_2.95_-180.17_-13.88_14.10_-6.50_-24.00_36.25_0.7145_0.6940_0.0602_0.0654end,24.18738108,120.73588007,381.69830322265625
64,,24.18738108,120.73588007,381.69830322265625
65,0.55_3.42_2.95_-180.39_-31.45_16.56_-6.87_-25.06_36.25_0.7145_0.6940_0.0602_0.0654end0.55_3.42_2.95_-180.39_-31.45_16.56_-6.87_-25.06_36.25_0.6984_0.7108_0.0598_0.0591end0.24_3.01_2.05_-180.39_-31.45_16.56_-6.87_-25.06_36.25_0.6931_0.7162_0.0590_0.0562end0.24_3.01_2.05_-171.66_-69.61_19.25_-6.87_-25.06_36.25_0.6878_0.7216_0.0580_0.0530end0.37_1.85_1.56_-167.86_-76.99_21.04_-6.87_-25.06_36.25_0.6826_0.7269_0.0568_0.0497end0.95_1.18_1.76_-165.96_-77.89_21.93_-6.87_-25.06_36.25_0.6776_0.7319_0.0556_0.0463end1.02_0.89_2.02_-165.96_-77.89_21.93_-6.87_-25.06_36.25_0.6672_0.7419_0.0531_0.0392end1.23_0.84_2.08_-162.60_-74.19_24.17_-6.87_-25.06_36.25_0.6672_0.7419_0.0531_0.0392end1.23_0.84_2.08_-160.70_-67.59_24.95_-4.06_-31.00_31.31_0.6672_0.7419_0.0531_0.0392end1.23_0.84_2.08_-158.46_-58.53_24.73_-4.06_-31.00_31.31_0.6517_0.7563_0.0501_0.0291end,24.18738108,120.73588007,381.69830322265625
66,,24.18738108,120.73588007,381.69830322265625
67,,24.18738108,120.73588007,381.69830322265625
68,,24.18738108,120.73588007,381.69830322265625
69,,24.18738108,120.73588007,381.69830322265625
70,,24.18738108,120.73588007,381.69830322265625
71,,24.18738108,120.73588007,381.69830322265625
72,1.37_0.76_2.16_-158.46_-58.53_24.73_-4.06_-31.00_31.31_0.6466_0.7607_0.0496_0.0263end1.37_0.76_2.16_-150.96_-15.22_22.60_-4.06_-31.00_31.31_0.6365_0.7693_0.0498_0.0223end1.63_1.02_2.59_-150.96_-15.22_22.60_-4.44_-31.75_30.44_0.6365_0.7693_0.0498_0.0223end1.63_1.02_2.59_-146.26_20.03_19.58_-4.44_-31.75_30.44_0.6265_0.7774_0.0516_0.0206end1.48_1.32_2.64_-146.26_20.03_19.58_-4.44_-31.75_30.44_0.6165_0.7852_0.0553_0.0216end1.48_1.32_2.64_-146.26_20.03_19.58_-5.19_-33.19_29.12_0.6115_0.7888_0.0578_0.0231end0.71_1.24_2.76_-146.26_20.03_19.58_-5.19_-33.19_29.12_0.6065_0.7924_0.0607_0.0255end0.50_1.08_2.79_-133.50_115.60_10.74_-5.19_-33.19_29.12_0.6065_0.7924_0.0607_0.0255end-0.54_0.56_2.78_-133.50_115.60_10.74_-5.19_-33.19_29.12_0.5914_0.8024_0.0718_0.0363end-0.27_0.83_3.39_-133.50_115.60_10.74_-7.06_-35.00_25.56_0.5862_0.8055_0.0762_0.0411end-1.03_0.91_3.32_-123.32_158.68_4.70_-7.06_-35.00_25.56_0.5862_0.8055_0.0762_0.0411end-2.38_0.99_3.65_-121.31_156.78_3.02_-7.06_-35.00_25.56_0.5764_0.8112_0.0849_0.0510end-2.38_0.99_3.65_-121.31_156.78_3.02_-5.94_-36.00_24.19_0.5764_0.8112_0.0849_0.0510end-2.38_0.99_3.65_-114.70_101.27_3.13_-5.94_-36.00_24.19_0.5621_0.8190_0.0962_0.0638end-2.50_1.59_3.30_-114.70_101.27_3.13_-5.94_-36.00_24.19_0.5576_0.8215_0.0986_0.0662end-2.22_1.97_2.65_-114.70_101.27_3.13_-5.94_-36.00_24.19_0.5533_0.8242_0.1002_0.0671end-2.22_1.97_2.65_-109.00_-29.43_7.05_-8.94_-37.44_21.50_0.5533_0.8242_0.1002_0.0671end-2.22_1.97_2.65_-105.53_-127.13_10.97_-8.94_-37.44_21.50_0.5533_0.8242_0.1002_0.0671end-2.22_1.97_2.65_-105.53_-127.13_10.97_-7.81_-37.44_22.37_0.5533_0.8242_0.1002_0.0671end0.11_5.26_0.34_-105.53_-127.13_10.97_-7.81_-37.44_22.37_0.5533_0.8242_0.1002_0.0671end,24.18738108,120.73588007,381.69830322265625
73,0.92_7.18_-0.45_-105.53_-127.13_10.97_-7.81_-37.44_22.37_0.5533_0.8242_0.1002_0.0671end1.98_9.50_-1.23_-105.53_-127.13_10.97_-7.81_-37.44_22.37_0.5300_0.8434_0.0833_0.0284end1.98_9.50_-1.23_-97.58_-183.19_17.35_-7.81_-37.44_22.37_0.5271_0.8459_0.0791_0.0200end1.98_9.50_-1.23_-97.58_-183.19_17.35_-7.81_-37.44_22.37_0.5210_0.8505_0.0722_0.0051end2.89_14.29_-2.15_-96.13_-107.54_15.22_-7.81_-37.44_22.37_0.5178_0.8526_0.0699_-0.0003end2.89_14.29_-2.15_-96.13_-107.54_15.22_-6.00_-38.19_19.75_0.5178_0.8526_0.0699_-0.0003end2.89_14.29_-2.15_-94.90_-64.91_13.32_-6.00_-38.19_19.75_0.5076_0.8588_0.0681_-0.0073end2.96_15.44_-1.31_-87.73_29.88_8.06_-5.62_-38.88_20.,24.18738108,120.73588007,381.69830322265625
74,62_0.5076_0.8588_0.0681_-0.0073end1.95_15.06_0.30_-87.73_29.88_8.06_-5.62_-38.88_20.62_0.5009_0.8627_0.0698_-0.0061end1.61_14.52_-0.02_-87.73_29.88_8.06_-5.62_-38.88_20.62_0.5009_0.8627_0.0698_-0.0061end,24.18738108,120.73588007,381.69830322265625
75,,24.18738108,120.73588007,381.69830322265625
76,1.61_14.52_-0.02_-87.73_29.88_8.06_-6.00_-38.88_17.94_0.4943_0.8663_0.0725_-0.0029end0.50_14.53_3.18_-87.73_29.88_8.06_-6.00_-38.88_17.94_0.4882_0.8695_0.0750_0.0006end-1.06_14.54_4.90_-87.73_29.88_8.06_-6.00_-40.31_15.75_0.4854_0.8710_0.0758_0.0020end0.78_14.52_3.41_-65.02_21.37_-5.04_-6.00_-40.31_15.75_0.4854_0.8710_0.0758_0.0020end0.34_14.73_3.49_-65.02_21.37_-5.04_-5.62_-40.31_17.06_0.4778_0.8752_0.0758_0.0026end0.00_14.74_2.98_-65.02_21.37_-5.04_-5.62_-40.31_17.06_0.4759_0.8763_0.0749_0.0011end1.05_14.23_3.28_-65.02_21.37_-5.04_-5.62_-40.31_17.06_0.4759_0.8763_0.0749_0.0011end1.09_13.54_2.88_-36.26_-78.22_-6.15_-5.69_-41.00_15.75_0.4759_0.8763_0.0749_0.0011end0.99_13.30_4.69_-30.89_-67.48_-8.95_-5.69_-41.00_15.75_0.4716_0.8790_0.0698_-0.0074end1.21_13.01_4.73_-30.89_-67.48_-8.95_-5.69_-41.00_15.75_0.4694_0.8804_0.0663_-0.0125end,24.18738108,120.73588007,381.69830322265625
77,,24.18738108,120.73588007,381.69830322265625
78,2.23_12.02_3.85_-30.89_-67.48_-8.95_-5.69_-41.00_15.75_0.4686_0.8809_0.0647_-0.0146end1.61_11.57_4.01_-16.45_-47.45_-12.42_-5.69_-41.00_15.75_0.4686_0.8809_0.0647_-0.0146end1.61_11.57_4.01_-16.45_-47.45_-12.42_-5.69_-41.75_16.25_0.4675_0.8817_0.0618_-0.0177end1.11_10.34_4.26_-5.60_-26.30_-15.22_-5.69_-41.75_16.25_0.4672_0.8819_0.0605_-0.0187end1.11_10.34_4.26_-5.60_-26.30_-15.22_-5.69_-41.75_16.25_0.4671_0.8820_0.0595_-0.0192end1.11_10.34_4.26_8.73_5.26_-21.82_-4.94_-41.37_16.25_0.4675_0.8819_0.0578_-0.0187end1.11_10.34_4.26_12.76_4.36_-23.50_-4.94_-41.37_16.25_0.4678_0.8818_0.0570_-0.0181end1.11_10.34_4.26_20.93_0.78_-24.51_-4.94_-41.37_16.25_0.4719_0.8798_0.0542_-0.0177end-1.20_11.81_-33.21_20.93_0.78_-24.51_-4.94_-41.37_16.25_0.4719_0.8798_0.0542_-0.0177end-5.27_0.32_-9.38_20.93_0.78_-24.51_-4.94_-41.37_16.25_0.4684_0.8817_0.0518_-0.0214end,24.18738108,120.73588007,381.69830322265625
79,,24.18738108,120.73588007,381.69830322265625
80,,24.18738108,120.73588007,381.69830322265625
81,-1.47_7.09_17.28_20.93_0.78_-24.51_-4.94_-41.37_16.25_0.4710_0.8804_0.0517_-0.0212end-1.47_7.09_17.28_66.14_-5.82_-11.41_-4.94_-41.00_16.25_0.4710_0.8804_0.0517_-0.0212end5.39_5.11_-21.05_66.14_-5.82_-11.41_-4.94_-40.63_17.12_0.4783_0.8765_0.0490_-0.0210end0.66_9.32_15.79_66.14_-5.82_-11.41_-4.94_-40.63_17.12_0.4826_0.8743_0.0466_-0.0228end7.79_8.59_19.82_81.80_-96.91_-30.21_-4.56_-40.63_18.00_0.4826_0.8743_0.0466_-0.0228end6.69_8.56_27.69_59.53_-110.90_-22.38_-4.56_-40.63_18.00_0.4826_0.8743_0.0466_-0.0228end6.36_7.62_15.14_59.53_-110.90_-22.38_-4.19_-40.63_17.12_0.4922_0.8690_0.0345_-0.0367end6.15_7.21_14.98_59.53_-110.90_-22.38_-4.19_-40.63_17.12_0.4933_0.8683_0.0321_-0.0402end0.14_6.56_2.49_59.53_-110.90_-22.38_-3.44_-40.63_17.94_0.4944_0.8676_0.0302_-0.0430end4.30_7.37_0.79_58.75_-5.71_-16.56_-1.31_-39.88_18.06_0.4944_0.8676_0.0302_-0.0430end,24.18738108,120.73588007,381.69830322265625
82,,24.18738108,120.73588007,381.69830322265625
83,4.30_7.37_0.79_67.37_11.19_-20.59_-1.31_-39.88_18.06_0.5002_0.8644_0.0274_-0.0441end0.65_7.07_0.14_67.37_11.19_-20.59_-1.31_-39.88_18.06_0.5027_0.8630_0.0272_-0.0422end1.13_7.95_3.29_67.37_11.19_-20.59_-2.31_-40.25_19.31_0.5053_0.8616_0.0275_-0.0392end1.40_7.39_3.92_73.75_70.39_-34.80_-2.31_-40.25_19.31_0.5106_0.8588_0.0282_-0.0324end2.13_7.27_2.10_73.75_70.39_-34.80_-3.06_-39.56_18.87_0.5132_0.8573_0.0286_-0.0288end2.68_8.20_8.57_73.75_70.39_-34.80_-3.06_-39.56_18.87_0.5158_0.8558_0.0290_-0.0256end2.71_7.48_7.68_73.75_70.39_-34.80_-3.06_-39.56_18.87_0.5158_0.8558_0.0290_-0.0256end1.36_7.63_8.90_63.45_59.87_-20.70_-3.06_-39.56_18.87_0.5158_0.8558_0.029,24.18738108,120.73588007,381.69830322265625
84,,24.18738108,120.73588007,381.69830322265625
85,0_-0.0256end0.23_7.38_5.62_63.45_59.87_-20.70_-3.06_-39.56_18.87_0.5248_0.8505_0.0317_-0.0138end0.23_7.38_5.62_65.58_89.30_-22.72_-3.06_-39.56_18.87_0.5248_0.8505_0.0317_-0.0138end,24.18738108,120.73588007,381.69830322265625
86,,24.18738108,120.73588007,381.69830322265625
87,-0.54_7.38_5.57_65.58_89.30_-22.72_-3.44_-39.19_20.62_0.5248_0.8505_0.0317_-0.0138end-0.73_7.45_4.26_69.27_105.08_-26.52_-3.44_-39.19_20.62_0.5317_0.8462_0.0356_-0.0015end-0.73_7.45_4.26_69.27_105.08_-26.52_-3.44_-39.19_20.62_0.5340_0.8447_0.0370_0.0030end-0.73_7.45_4.26_72.96_94.78_-25.74_-3.44_-39.19_20.62_0.5366_0.8430_0.0383,24.18738108,120.73588007,381.69830322265625
88,_0.0074end-0.45_7.59_4.49_72.96_94.78_-25.74_-3.44_-39.19_20.62_0.5391_0.8412_0.0394_0.0114end-0.73_7.65_4.93_73.41_59.53_-19.14_-3.44_-39.19_20.62_0.5443_0.8377_0.0411_0.0178end-0.73_7.65_4.93_73.41_59.53_-19.14_-3.44_-39.19_20.62_0.5493_0.8343_0.0422_0.0227end-1.31_7.63_3.64_73.41_59.53_-19.14_-3.44_-39.19_20.62_0.5493_0.8343_,24.18738108,120.73588007,381.69830322265625
89,0.0422_0.0227end-1.31_7.63_3.64_73.41_59.53_-19.14_-3.75_-36.69_23.31_0.5541_0.8309_0.0431_0.0274end-1.31_7.63_3.64_73.41_59.53_-19.14_-3.75_-36.69_23.31_0.5565_0.8292_0.0435_0.0297end-0.98_7.74_2.05_73.41_59.53_-19.14_-3.00_-37.38_25.06_0.5565_0.8292_0.0435_0.0297end-0.96_7.79_1.91_73.41_59.53_-19.14_-3.75_-37.38_25.44_0.5565_0.8292_0.0435_0.0297end-1.08_7.83_1.80_72.63_27.64_-13.65_-3.75_-37.38_25.44_0.5565_0.8292_0.0435_0.0297end-1.05_7.90_1.81_72.63_27.64_-13.65_-4.87_-37.69_25.94_0.5714_0.8185_0.0445_0.0,24.18738108,120.73588007,381.69830322265625
90,399end-0.88_7.91_1.75_72.63_27.64_-13.65_-4.87_-37.69_25.94_0.5738_0.8168_0.0444_0.0411end-0.70_7.93_1.53_70.05_21.26_-13.88_-4.87_-37.69_25.94_0.5738_0.8168_0.0444_0.0411end-0.63_7.96_1.46_70.05_21.26_-13.88_-3.75_-36.31_26.37_0.5810_0.8115_0.0441_0.0447end-0.59_8.01_1.33_69.38_16.11_-12.42_-3.75_-36.31_26.37_0.5834_0.8098_0.0439_0.0457end-0.61_8.06_1.23_69.38_16.11_-12.42_-3.75_-36.31_26.37_0.5834_0.8098_0.0439_0.0457end-0.70_8.12_1.25_69.38_16.11_-12.42_-4.12_-34.94_26.87_0.5834_0.8098_0.0439_0.0457end-0.77_8.13_1.30_69.16_17.79_-11.41_-4.12_-34.94_26.87_0.5834_0.8098_0.0439_0.0457end-0.77_8.13_1.30_68.04_29.77_-11.41_-4.12_-34.94_26.87_0.5928_0.8026_0.0436_0.0500end-0.92_8.25_1.29_68.04_29.77_-11.41_-3.75_-34.25_26.37_0.5952_0.8008_0.0438_0.0515end-0.92_8.25_1.29_66.81_35.70_-11.19_-3.75_-34.25_26.37_0.5952_0.8008_0.0438_0.0515end-0.92_8.25_1.29_66.81_35.70_-11.19_-3.75_-34.25_26.37_0.5996_0.7972_0.0444_0.0546end-1.04_8.29_1.20_66.81_35.70_-11.19_-4.06_-32.81_28.19_0.5996_0.7972_0.0444_0.0546end-1.04_8.29_1.20_66.81_35.70_-11.19_-4.06_-32.81_28.19_0.6083_0.7900_0.0462_0.0611end-1.59_8.56_1.06_66.81_35.70_-11.19_-4.06_-32.81_28.19_0.6105_0.7881_0.0467_0.0627end-2.02_8.51_1.01_66.81_35.70_-11.19_-4.06_-32.81_28.19_0.6105_0.7881_0.0467_0.0627end-1.80_8.57_1.27_66.81_35.70_-11.19_-4.06_-32.81_28.19_0.6170_0.7827_0.0479_0.0669end,24.18738108,120.73588007,381.69830322265625
91,,24.18738108,120.73588007,381.69830322265625
92,-1.56_8.63_1.11_65.58_26.07_-6.71_-5.50_-32.44_30.44_0.6170_0.7827_0.0479_0.0669end-2.03_8.89_1.21_65.69_21.82_-6.04_-4.81_-31.44_29.12_0.6170_0.7827_0.0479_0.0669end-1.61_8.38_2.12_64.46_11.08_-4.70_-4.81_-31.44_29.12_0.6255_0.7755_0.0485_0.0709end-1.76_8.50_1.46_64.46_11.08_-4.70_-4.81_-31.44_29.12_0.6276_0.7737_0.0483_0.0715end-1.71_8.42_0.93_64.46_11.08_-4.70_-4.81_-31.44_29.12_0.6276_0.7737_0.0483_0.0715end-1.74_8.64_0.87_64.46_11.08_-4.70_-4.81_-31.44_29.12_0.6341_0.7684_0.0474_0.0721end-1.60_8.58_0.92_64.46_11.08_-4.70_-4.81_-31.44_29.12_0.6362_0.7667_0.0469_0.0722end-1.46_8.56_0.85_64.46_11.08_-4.70_-4.81_-31.44_29.12_0.6362_0.7667_0.0469_0.0722end-1.37_8.61_0.86_64.46_11.08_-4.70_-4.75_-30.31_30.50_0.6362_0.7667_0.0469_0.0722end-1.37_8.61_0.86_64.46_11.08_-4.70_-4.75_-30.31_30.50_0.6445_0.7598_0.0455_0.0726end,24.18738108,120.73588007,381.69830322265625
93,,24.18738108,120.73588007,381.69830322265625
94,,24.18738108,120.73588007,381.69830322265625
95,-1.54_8.66_0.93_64.46_11.08_-4.70_-4.75_-30.31_30.50_0.6467_0.7579_0.0452_0.0727end-1.76_8.73_1.17_64.46_11.08_-4.70_-4.75_-30.31_30.50_0.6487_0.7562_0.0450_0.0728end-1.83_8.67_1.27_62.78_1.12_-0.56_-4.75_-30.31_30.50_0.6487_0.7562_0.0450_0.0728end-1.93_8.67_1.33_62.78_1.12_-0.56_-4.75_-30.31_30.50_0.6529_0.7526_0.0446_0.0731end-1.93_8.67_1.33_62.78_0.56_0.11_-4.75_-30.31_30.50_0.6549_0.7509_0.0444_0.0733end-1.93_8.67_1.33_62.89_-2.24_0.56_-4.00_-29.63_32.69_0.6549_0.7509_0.0444_0.0733end-1.93_8.67_1.33_62.89_-6.04_0.90_-4.00_-29.63_32.69_0.6611_0.7455_0.0435_0.0731end-2.07_8.60_1.27_62.89_-6.04_0.90_-4.00_-28.56_32.25_0.6611_0.7455_0.0435_0.0731end-2.07_8.60_1.27_65.35_-21.37_3.02_-4.00_-28.56_32.25_0.6652_0.7419_0.0424_0.0724end-2.07_8.60_1.27_63.45_-23.72_3.25_-4.00_-28.56_32.25_0.6694_0.7383_0.0410_0.0710end,24.18738108,120.73588007,381.69830322265625
96,,24.18738108,120.73588007,381.69830322265625
97,-2.38_8.57_1.02_63.45_-23.72_3.25_-4.00_-28.56_32.25_0.6715_0.7366_0.0402_0.0703end-2.07_8.64_1.29_63.45_-23.72_3.25_-4.00_-28.56_32.25_0.6715_0.7366_0.0402_0.0703end-2.07_8.64_1.29_63.45_-23.72_3.25_-4.37_-26.81_34.88_0.6757_0.7329_0.0387_0.0690end-2.07_8.64_1.29_63.45_-23.72_3.25_-4.37_-26.81_34.88_0.6799_0.7292_0.0374_0.0678end-1.76_8.63_1.27_63.45_-23.72_3.25_-4.37_-26.81_34.88_0.6820_0.7273_0.0368_0.0672end-1.46_8.51_1.23_63.45_-23.72_3.25_-4.37_-26.81_34.88_0.6820_0.7273_0.0368_0.0672end-1.30_8.63_1.17_63.45_-23.72_3.25_-3.62_-27.19_34.00_0.6820_0.7273_0.0368_0.0672end-1.30_8.63_1.17_64.68_-9.06_5.26_-3.62_-27.19_34.00_0.6883_0.7216_0.0350_0.0654end-1.30_8.63_1.17_64.68_-9.06_5.26_-3.62_-27.19_34.00_0.6924_0.7178_0.0344_0.0646end-0.73_8.49_0.00_64.68_-9.06_5.26_-3.62_-27.19_34.00_0.6944_0.7159_0.0344_0.0646end,24.18738108,120.73588007,381.69830322265625
98,,24.18738108,120.73588007,381.69830322265625
99,,24.18738108,120.73588007,381.69830322265625
100,,24.18738108,120.73588007,381.69830322265625
101,,24.18738108,120.73588007,381.69830322265625
102,-0.77_8.43_-0.22_64.46_13.20_5.48_-3.62_-27.19_34.00_0.6964_0.7139_0.0346_0.0646end-0.77_8.43_-0.22_64.46_13.20_5.48_-3.62_-27.19_34.00_0.7003_0.7099_0.0353_0.0653end-0.77_5.59_-0.39_64.35_23.39_5.71_-3.62_-26.06_36.63_0.7024_0.7078_0.0360_0.0659end0.82_30.36_2.39_64.35_23.39_5.71_-3.62_-26.06_36.63_0.7043_0.7059_0.0366_0.0664end0.00_8.50_-2.74_66.14_8.95_7.27_-3.62_-26.06_36.63_0.7043_0.7059_0.0366_0.0664end0.00_8.50_-2.74_66.14_8.95_7.27_-3.62_-25.75_35.88_0.7085_0.7015_0.0374_0.0671end0.00_8.50_-2.74_66.14_8.95_7.27_-3.62_-25.75_35.88_0.7125_0.6975_0.0376_0.0670end0.51_8.25_0.05_65.69_-14.21_4.92_-3.62_-25.75_35.88_0.7144_0.6956_0.0372_0.0666end0.75,24.18738108,120.73588007,381.69830322265625
103,_8.30_0.23_65.69_-14.21_4.92_-3.62_-25.75_35.88_0.7144_0.6956_0.0372_0.0666end1.52_8.33_-0.77_65.69_-14.21_4.92_-3.62_-25.75_35.88_0.7186_0.6915_0.0359_0.0654end1.62_8.29_-0.77_67.59_-13.09_3.25_-3.62_-25.75_35.88_0.7186_0.6915_0.0359_0.0654end1.62_8.29_-0.77_67.59_-13.09_3.25_-5.06_-23.31_37.56_0.7247_0.6853_0.0342_0.0641end1.25_8.23_-0.94_67.59_-13.09_3.25_-5.06_-23.31_37.56_0.7247_0.6853_0.0342_0.0641end1.25_8.23_-0.94_67.59_-0.56_4.48_-5.06_-23.31_37.56_0.7286_0.6810_0.0341_0.0640end1.25_8.23_-0.94_68.26_33.35_2.01_-5.06_-23.31_37.56_0.7307_0.6787_0.0345_0.0645end-0.48_8.34_-1.60_68.26_33.35_2.01_-4.31_-22.25_38.06_0.7327_0.6765_0.0353_0.0653end-0.48_8.34_-1.60_68.04_43.42_1.34_-4.31_-22.25_38.06_0.7327_0.6765_0.0353_0.0653end-0.96_8.37_-1.81_68.04_43.42_1.34_-4.31_-22.25_38.06_0.7366_0.6719_0.0375_0.0678end-1.32_8.42_-1.95_68.04_43.42_1.34_-4.31_-22.25_38.06_0.7366_0.6719_0.0375_0.0678end-1.45_8.39_-2.23_68.04_43.42_1.34_-4.31_-22.25_38.06_0.7443_0.6628_0.0403_0.0708end,24.18738108,120.73588007,381.69830322265625
104,-1.34_8.43_-2.84_68.04_43.42_1.34_-4.31_-22.25_38.06_0.7463_0.6606_0.0402_0.0707end-0.77_8.41_-3.68_68.04_43.42_1.34_-4.62_-20.50_39.00_0.7463_0.6606_0.0402_0.0707end-0.35_8.37_-4.14_68.04_43.42_1.34_-5.00_-20.19_38.13_0.7463_0.6606_0.0402_0.0707end0.13_8.38_-4.62_68.04_43.42_1.34_-5.00_-20.19_38.13_0.7540_0.6524_0.0361_0.0679en,24.18738108,120.73588007,381.69830322265625
105,d0.13_8.38_-4.62_68.04_43.42_1.34_-5.00_-20.19_39.44_0.7559_0.6503_0.0346_0.0668end0.84_8.37_-6.47_68.04_43.42_1.34_-4.25_-18.75_39.88_0.7577_0.6484_0.0332_0.0657end0.81_8.43_-6.80_62.00_-26.30_1.90_-4.25_-18.75_39.88_0.7577_0.6484_0.0332_0.0657end0.63_8.46_-6.97_61.55_-13.76_2.13_-4.25_-18.75_39.88_0.7630_0.6425_0.0309_0.0643end0.41_8.55_-7.09_61.55_-13.76_2.13_-4.62_-18.06_40.75_0.7646_0.6404_0.0311_0.0646end0.00_8.64_-6.91_61.55_-13.76_2.13_-4.62_-18.06_40.75_0.7662_0.6384_0.0318_0.0653end,24.18738108,120.73588007,381.69830322265625
106,-0.19_8.69_-6.61_57.18_41.18_0.11_-4.62_-18.06_40.75_0.7693_0.6343_0.0342_0.0677end-0.25_8.73_-6.51_57.18_41.18_0.11_-4.62_-17.31_41.19_0.7708_0.6324_0.0355_0.0690end-0.22_8.75_-6.43_57.18_41.18_0.11_-4.62_-17.31_41.19_0.7722_0.6304_0.0369_0.0704end-0.61_8.80_-6.28_57.18_41.18_0.11_-4.62_-17.31_41.19_0.7722_0.6304_0.0369_0.0704end-0.88_8.82_-6.25_57.18_41.18_0.11_-6.06_-17.00_40.75_0.7750_0.6265_0.0398_0.0731end-1.24_8.84_-6.23_49.24_46.78_1.45_-6.06_-17.00_40.75_0.7775_0.6229_0.0426_0.0756end-1.51_8.94_-6.16_49.24_46.78_1.45_-6.06_-17.00_40.75_0.7787_0.6212_0.0436_0.0764end-1.71_8.93_-6.09_49.24_46.78_1.45_-5.69_-16.25_41.63_0.7787_0.6212_0.0436_0.076,24.18738108,120.73588007,381.69830322265625
107,4end-1.69_8.93_-5.54_47.00_-26.52_3.80_-5.69_-16.25_41.63_0.7813_0.6180_0.0433_0.0762end-1.69_8.93_-5.54_47.00_-26.52_3.80_-5.69_-16.25_41.63_0.7826_0.6165_0.0419_0.0751end,24.18738108,120.73588007,381.69830322265625
108,,24.18738108,120.73588007,381.69830322265625
109,,24.18738108,120.73588007,381.69830322265625
110,-1.69_8.93_-5.54_45.21_-69.16_1.90_-6.06_-15.63_38.56_0.7839_0.6152_0.0399_0.0735end-1.69_8.93_-5.54_41.96_-97.25_1.01_-6.06_-15.63_38.56_0.7839_0.6152_0.0399_0.0735end-1.69_8.93_-5.54_41.96_-97.25_1.01_-6.06_-15.63_38.56_0.7878_0.6116_0.0303_0.0664end0.86_9.15_-4.95_41.96_-97.25_1.01_-5.31_-16.31_39.94_0.7878_0.6116_0.0303_0.0664end0.64_8.88_-5.18_41.96_-97.25_1.01_-5.31_-16.31_39.94_0.7912_0.6086_0.0184_0.0572end0.78_8.93_-5.59_41.96_-97.25_1.01_-5.31_-16.31_39.94_0.7912_0.6086_0.0184_0.0572end0.86_8.84_-5.51_41.96_-97.25_1.01_-5.31_-16.31_39.94_0.7943_0.6055_0.0073_0.0489end0.92_8.94_-5.45_36.03_-82.92_-2.57_-2.00_-14.87_41.75_0.7943_0.6055_0.0073_0.0489end1.14_8.91_-4.97_36.03_-82.92_-2.57_-2.00_-14.87_41.75_0.7952_0.6044_0.0041_0.0466end1.37_8.94_-4.34_36.03_-82.92_-2.57_-2.00_-14.87_41.75_0.7972_0.6022_-0.0013_0.0430end,24.18738108,120.73588007,381.69830322265625
111,1.38_8.93_-4.01_36.82_-50.81_-4.03_-2.00_-14.87_41.75_0.7972_0.6022_-0.0013_0.0430end1.38_8.93_-4.01_36.82_-50.81_-4.03_-2.00_-14.87_41.75_0.8000_0.5987_-0.0064_0.0401end1.25_8.92_-3.46_35.92_-8.50_-5.93_-2.00_-14.87_41.75_0.8009_0.5974_-0.0071_0.0399end0.71_8.93_-3.15_35.92_-8.50_-5.93_-2.00_-14.87_41.75_0.8009_0.5974_-0.0071_0.0399end0.57_8.90_-3.14_35.14_17.23_-6.71_-2.00_-14.87_41.75_0.8036_0.5936_-0.0068_0.0414end0.39_8.91_-3.07_34.91_34.24_-7.39_-0.94_-12.06_42.19_0.8036_0.5936_-0.0068_0.0414end0.39_8.91_-3.07_35.47_37.71_-7.72_-0.94_-12.06_42.19_0.8054_0.5911_-0.0049_0.0436end-0.66_8.85_-2.78_35.47_37.71_-7.72_-0.94_-12.06_42.19_0.8064_0.5897_-0.0038_0.0449end-0.96_8.85_-2.65_36.82_36.48_-7.39_-0.94_-12.06_42.19_0.8064_0.5897_-0.0038_0.0449end-1.10_8.84_-2.61_36.82_36.48_-7.39_-0.94_-12.06_42.19_0.8091_0.5856_-0.0010_0.0483end,24.18738108,120.73588007,381.69830322265625
112,,24.18738108,120.73588007,381.69830322265625
113,,24.18738108,120.73588007,381.69830322265625
114,-1.20_8.86_-2.50_36.82_36.48_-7.39_-0.94_-12.06_42.19_0.8101_0.5842_-0.0001_0.0494end-1.33_8.80_-2.29_36.82_36.48_-7.39_-0.94_-12.06_42.19_0.8101_0.5842_-0.0001_0.0494end-1.47_8.77_-2.23_36.82_36.48_-7.39_-0.94_-12.06_42.19_0.8121_0.5813_0.0017_0.0516end-1.47_8.77_-2.23_38.38_43.76_-6.04_-0.94_-12.06_42.19_0.8130_0.5798_0.0028_0,24.18738108,120.73588007,381.69830322265625
115,.0529end-1.78_8.78_-2.34_38.38_43.76_-6.04_-1.62_-11.75_42.62_0.8149_0.5769_0.0054_0.0554end-1.78_8.78_-2.34_38.94_42.41_-4.48_-1.62_-11.75_42.62_0.8149_0.5769_0.0054_0.0554end-1.78_8.78_-2.34_38.94_42.41_-4.48_-1.62_-11.75_42.62_0.8178_0.5724_0.0089_0.0588end-2.12_8.67_-2.28_38.94_42.41_-4.48_-1.62_-11.75_42.62_0.8188_0.5709_0.,24.18738108,120.73588007,381.69830322265625
116,0095_0.0595end-2.12_8.67_-1.82_38.94_42.41_-4.48_-1.62_-11.75_42.62_0.8198_0.5694_0.0097_0.0599end-2.12_8.67_-1.82_38.94_42.41_-4.48_-2.69_-10.69_42.62_0.8209_0.5679_0.0096_0.0601end,24.18738108,120.73588007,381.69830322265625
117,,24.18738108,120.73588007,381.69830322265625
118,-2.12_8.67_-1.82_38.94_42.41_-4.48_-2.31_-10.31_42.25_0.8218_0.5665_0.0090_0.0599end-2.12_8.67_-1.82_42.75_-24.17_-1.68_-2.31_-10.31_42.25_0.8229_0.5649_0.0081_0.0595end-2.12_8.67_-1.82_42.86_-29.88_-1.57_-1.94_-9.25_44.44_0.8229_0.5649_0.0081_0.0595end-2.12_8.67_-1.82_42.08_-31.89_-0.90_-1.94_-9.25_44.44_0.8251_0.5620_0.0057_0.0582end-2.12_8.67_-1.82_42.08_-31.89_-0.90_-2.69_-8.56_42.62_0.8271_0.5591_0.0032_0.0568end-1.13_8.34_-3.56_42.19_-16.90_-1.34_-2.69_-8.56_42.62_0.8271_0.5591_0.0032_0.0568end-1.13_8.34_-3.56_42.19_-16.90_-1.34_-2.69_-8.56_42.62_0.8302_0.5547_0.0007_0.0555end-1.32_8.25_-4.89_42.19_-16.90_-1.34_-2.69_-8.56_42.62_0.8302_0.5547_0.0007_0.0555end-1.32_8.25_-5.07_42.19_-16.90_-1.34_-2.31_-8.25_42.69_0.8302_0.5547_0.0007_0.0555end-1.39_8.29_-5.04_44.99_-6.83_0.22_-2.31_-8.25_42.69_0.8302_0.5547_0.0007_0.0555end,24.18738108,120.73588007,381.69830322265625
119,,24.18738108,120.73588007,381.69830322265625
120,-1.50_8.27_-4.46_44.99_-6.83_0.22_-2.31_-8.25_42.69_0.8355_0.5468_-0.0010_0.0548end-1.50_8.27_-4.46_44.99_-6.83_0.22_-1.94_-8.25_41.37_0.8365_0.5451_-0.0016_0.0544end-1.34_8.30_-4.37_44.99_-6.83_0.22_-1.94_-8.25_41.37_0.8365_0.5451_-0.0016_0.0544end-1.07_8.26_-4.64_43.31_-36.26_0.34_-1.94_-8.25_41.37_0.8365_0.5451_-0.0016_0.0544end-1.07_8.26_-4.64_43.31_-36.26_0.34_-0.88_-7.19_43.56_0.8397_0.5405_-0.0054_0.0522end-0.63_8.16_-5.00_40.85_-51.70_-0.11_-0.88_-7.19_43.56_0.8416_0.5377_-0.0094_0.0498end-0.44_8.10_-5.29_40.85_-51.70_-0.11_-0.88_-7.19_43.56_0.8425_0.5364_-0.0116_0.0485end-0.13_8.08_-5.45_40.85_-51.70_-0.11_-0.88_-7.19_43.56_0.8434_0.5350_-0.0139_0.0471end0.50_8.02_-5.85_41.29_-49.24_-1.79_-0.88_-7.19_43.56_0.8434_0.5350_-0.0139_0.0471end0.50_8.02_-5.85_42.52_-38.94_-2.46_-0.88_-7.19_43.56_0.8453_0.5322_-0.0182_0.0446end,24.18738108,120.73588007,381.69830322265625
121,0.54_8.09_-5.48_42.52_-38.94_-2.46_-0.13_-6.12_43.56_0.8472_0.5292_-0.0213_0.0429end0.54_8.09_-5.48_42.52_-38.94_-2.46_-0.50_-5.44_44.50_0.8481_0.5276_-0.0222_0.0425end0.31_8.12_-5.45_42.52_-38.94_-2.46_-0.50_-5.44_44.50_0.8481_0.5276_-0.0222_0.0425end0.16_8.12_-5.64_42.52_-38.94_-2.46_-0.50_-5.44_44.50_0.8500_0.5246_-0.0228_0.0425end0.16_8.12_-5.64_42.52_-38.94_-2.46_-0.50_-5.44_44.50_0.8518_0.5215_-0.0223_0.0433end-0.77_7.99_-6.86_42.52_-38.94_-2.46_-0.50_-5.44_44.50_0.8518_0.5215_-0.0223_0.0433end-1.10_7.98_-7.24_42.52_-38.94_-2.46_-0.50_-5.44_44.50_0.8518_0.5215_-0.0223_0.0433end-1.10_7.98_-7.24_42.52_-38.94_-2.46_-0.13_-5.06_45.88_0.8553_0.5157_-0,24.18738108,120.73588007,381.69830322265625
122,.0217_0.0447end-1.36_8.00_-6.74_42.52_-38.94_-2.46_-0.13_-5.06_45.88_0.8562_0.5142_-0.0223_0.0446end-1.41_8.05_-6.38_42.52_-38.94_-2.46_-0.13_-5.06_45.88_0.8571_0.5127_-0.0232_0.0443end,24.18738108,120.73588007,381.69830322265625
123,,24.18738108,120.73588007,381.69830322265625
124,,24.18738108,120.73588007,381.69830322265625
125,-1.37_8.07_-6.26_38.83_-31.45_-4.25_-0.13_-5.06_45.88_0.8571_0.5127_-0.0232_0.0443end-1.39_8.08_-6.17_37.38_-36.82_-4.48_-0.13_-5.06_45.88_0.8596_0.5085_-0.0275_0.0424end-1.48_8.04_-6.38_34.47_-45.10_-4.70_-0.13_-4.06_44.13_0.8603_0.5073_-0.0293_0.0416end-1.51_8.00_-6.66_34.47_-45.10_-4.70_-0.13_-4.06_44.13_0.8610_0.5061_-0.0312,24.18738108,120.73588007,381.69830322265625
126,_0.0408end-1.57_7.96_-7.36_34.47_-45.10_-4.70_-0.13_-4.06_44.13_0.8622_0.5037_-0.0353_0.0388end-1.59_7.93_-7.73_34.47_-45.10_-4.70_1.00_-4.00_45.38_0.8622_0.5037_-0.0353_0.0388end-1.59_7.93_-7.73_33.57_-53.16_-4.81_1.00_-4.00_45.38_0.8635_0.5014_-0.0396_0.0367end-1.59_7.93_-7.73_33.35_-52.60_-5.26_1.00_-4.00_45.38_0.8635_0.5014_-0.0396_0.0367end-1.59_7.93_-7.73_33.24_-52.60_-5.37_1.00_-4.00_45.38_0.8648_0.4990_-0.0439_0.0347end-1.33_7.99_-7.53_33.24_-52.60_-5.37_1.00_-4.00_45.38_0.8648_0.4990_-0.0439_0.0347end,24.18738108,120.73588007,381.69830322265625
127,-1.33_7.99_-7.53_30.44_-55.95_-5.60_1.00_-4.00_45.38_0.8660_0.4966_-0.0483_0.0327end-0.89_7.96_-6.55_30.44_-55.95_-5.60_1.00_-4.00_45.38_0.8665_0.4956_-0.0505_0.0316end-0.89_7.96_-6.55_30.44_-55.95_-5.60_1.00_-4.00_45.38_0.8676_0.4934_-0.0552_0.0295end-0.45_7.82_-6.12_30.44_-55.95_-5.60_1.00_-4.00_45.38_0.8685_0.4913_-0.0601_0.0,24.1873773,120.73565891,371.30517578125
128,273end-0.18_7.88_-5.98_30.44_-55.95_-5.60_1.00_-4.00_45.38_0.8690_0.4902_-0.0626_0.0263end-0.08_7.84_-5.77_30.44_-55.95_-5.60_1.00_-4.00_45.38_0.8694_0.4892_-0.0652_0.0252end-0.12_7.82_-5.70_27.42_-62.00_-8.06_1.00_-4.00_45.38_0.8694_0.4892_-0.0652_0.0252end-0.12_7.82_-5.70_27.42_-62.00_-8.06_1.00_-4.00_45.38_0.8706_0.4861_-0.0729_0.0219end-0.42_7.83_-5.14_27.42_-62.00_-8.06_1.00_-4.00_45.38_0.8710_0.4850_-0.0756_0.0208end-0.61_7.76_-4.93_26.86_-68.82_-9.74_1.00_-4.00_45.38_0.8710_0.4850_-0.0756_0.0208end,24.1873773,120.73565891,371.30517578125
129,,24.1873773,120.73565891,371.30517578125
130,,24.1873773,120.73565891,371.30517578125
131,-0.64_7.78_-4.78_27.42_-70.28_-10.74_1.00_-4.00_45.38_0.8710_0.4850_-0.0756_0.0208end-0.63_7.75_-4.53_27.98_-70.39_-11.97_1.00_-4.00_45.38_0.8710_0.4850_-0.0756_0.0208end-0.75_7.70_-3.95_27.98_-70.39_-11.97_1.00_-4.00_45.38_0.8710_0.4850_-0.0756_0.0208end-0.65_7.70_-3.76_28.87_-66.02_-12.53_1.00_-4.00_45.38_0.8710_0.4850_-0.0756_0.0208end-0.55_7.79_-3.76_28.65_-62.44_-12.76_1.00_-4.00_45.38_0.8710_0.4850_-0.0756_0.0208end-1.18_7.59_-3.37_28.65_-62.44_-12.76_7.94_-0.88_43.69_0.8740_0.4752_-0.1005_0.0117end-0.78_7.76_-4.46_28.65_-62.44_-12.76_7.94_-0.88_43.69_0.8745_0.4739_-0.1022_0.0115end-1.11_7.89_-6.16_28.65_-62.44_-12.76_7.94_0.50_42.00_0.8745_0.4739_-0.1022_0.0115end-1.41_11.45_-7.16_28.65_-62.44_-12.76_7.94_0.50_43.25_0.8762_0.4706_-0.1029_0.0133end-0.86_15.83_-9.32_28.65_-62.44_-12.76_7.56_1.94_42.88_0.8769_0.4696_-0.1014_0.0150end,24.1873773,120.73565891,371.30517578125
132,,24.1873773,120.73565891,371.30517578125
133,,24.1873773,120.73565891,371.30517578125
134,,24.1873773,120.73565891,371.30517578125
135,,24.1873773,120.73565891,371.30517578125
136,-3.96_31.31_-13.51_28.65_-62.44_-12.76_7.56_1.94_42.88_0.8769_0.4696_-0.1014_0.0150end-2.93_35.70_-14.69_21.37_161.37_-21.82_6.50_2.31_45.12_0.8769_0.4696_-0.1014_0.0150end-2.93_35.70_-14.69_15.55_157.12_-16.67_6.50_2.31_45.12_0.8795_0.4666_-0.0900_0.0239end-1.49_35.74_-8.59_15.55_157.12_-16.67_6.12_2.94_43.75_0.8813_0.4648_-0.0790_0.0314end-0.63_34.84_-8.14_15.55_157.12_-16.67_4.31_3.62_42.00_0.8819_0.4643_-0.0741_0.0345end0.31_34.04_-8.09_1.57_92.32_-12.65_4.31_3.62_42.00_0.8819_0.4643_-0.0741_0.0345end0.37_32.61_-7.43_-2.13_55.51_-11.30_4.31_3.62_42.00_0.8819_0.4643_-0.0741_0.0345end0.37_32.61_-7.43_-2.13_55.51_-11.30_1.00_2.87_42.44_0.8824_0.4641_-0.0662_0.0410end0.69_28.56_-8.08_-2.13_55.51_-11.30_1.00_2.87_42.44_0.8821_0.4645_-0.0664_0.0413end0.32_24.57_-8.06_-16.67_-7.16_-8.17_1.00_2.87_42.44_0.8821_0.4645_-0.0664_0.0413end0.27_24.29_-6.38_-18.91_0.45_-7.16_1.00_2.87_42.44_0.8821_0.4645_-0.0664_0.0413end0.27_24.29_-6.38_-20.03_13.20_-7.72_1.00_2.87_42.44_0.8806_0.4672_-0.0664_0.0430end1.07_22.73_-4.54_-20.03_13.20_-7.72_0.69_2.56_42.44_0.8801_0.4681_-0.0657_0.0438end1.05_20.35_-4.18_-20.03_13.20_-7.72_0.69_2.56_42.44_0.8797_0.4690_-0.0649_0.0447end0.72_20.12_-4.45_-32.68_27.64_-8.95_0.69_2.56_42.44_0.8797_0.4690_-0.0649_0.0447end0.72_20.12_-4.45_-32.68_27.64_-8.95_1.37_-0.25_41.94_0.8785_0.4711_-0.0630_0.0468end0.72_20.12_-4.45_-32.68_27.64_-8.95_1.37_-0.25_41.94_0.8772_0.4737_-0.0612_0.0488end0.33_17.70_-5.40_-38.27_20.37_-8.06_1.37_-0.25_41.94_0.8765_0.4750_-0.0604_0.0497end0.11_16.36_-5.09_-38.27_20.37_-8.06_1.37_-0.25_41.94_0.8765_0.4750_-0.0604_0.0497end0.39_15.69_-4.91_-38.27_20.37_-8.06_1.37_-0.25_41.94_0.8748_0.4780_-0.0593_0.0511end,24.1873773,120.73565891,371.30517578125
137,0.39_15.69_-4.91_-50.47_11.53_-5.82_1.37_-0.25_41.94_0.8748_0.4780_-0.0593_0.0511end0.08_12.93_-4.96_-50.47_11.53_-5.82_1.37_-0.25_41.94_0.8748_0.4780_-0.0593_0.0511end-0.10_11.45_-4.91_-50.47_11.53_-5.82_1.37_-0.25_41.94_0.8707_0.4854_-0.0571_0.0538end-0.10_11.45_-4.91_-58.19_30.55_-5.37_2.44_-1.62_44.13_0.8707_0.4854_-0.0571_0,24.1873773,120.73565891,371.30517578125
138,.0538end-0.10_11.45_-4.91_-58.19_30.55_-5.37_2.44_-1.62_44.13_0.8672_0.4919_-0.0531_0.0571end-0.21_9.36_-4.44_-58.19_30.55_-5.37_2.44_-1.62_44.13_0.8659_0.4942_-0.0511_0.0584end-0.47_8.16_-4.39_-58.19_30.55_-5.37_1.00_-2.31_42.75_0.8659_0.4942_-0.0511_0.0584end-0.47_8.16_-4.39_-73.07_72.85_-3.69_1.31_-2.62_41.88_0.8659_0.4942_-0,24.1873773,120.73565891,371.30517578125
139,.0511_0.0584end-0.47_8.16_-4.39_-76.21_78.33_-3.02_1.31_-2.62_41.88_0.8616_0.5016_-0.0431_0.0637end-0.47_8.16_-4.39_-79.79_81.92_-2.69_0.56_-4.75_43.13_0.8616_0.5016_-0.0431_0.0637end,24.1873773,120.73565891,371.30517578125
140,-0.47_8.16_-4.39_-86.73_81.13_-0.45_0.56_-4.75_43.13_0.8566_0.5101_-0.0333_0.0698end-2.25_5.60_-5.35_-86.73_81.13_-0.45_0.56_-4.75_43.13_0.8566_0.5101_-0.0333_0.0698end-2.12_5.37_-5.34_-93.55_71.96_1.34_0.56_-4.75_43.13_0.8566_0.5101_-0.0333_0.0698end-2.12_5.37_-5.34_-93.55_71.96_1.34_0.56_-4.75_43.13_0.8486_0.5231_-0.0215_0.0763end-1.87_4.62_-5.15_-93.55_71.96_1.34_0.56_-4.75_43.13_0.8486_0.5231_-0.0215_0.0763end-1.57_4.22_-5.11_-93.55_71.96_1.34_-0.50_-6.19_43.19_0.8486_0.5231_-0.0215_0.0763end-1.45_4.05_-4.98_-115.15_32.34_8.17_-0.50_-6.19_43.19_0.8486_0.5231_-0.0215_0.0763end-1.37_3.75_-4.64_-115.15_32.34_8.17_-0.50_-6.19_43.19_0.8361_0.5426_-0.0115_0.0801end-1.43_3.45_-4.12_-115.15_32.34_8.17_-0.50_-6.19_43.19_0.8333_0.5468_-0.0096_0.0807end-1.45_3.28_-3.91_-124.66_43.87_10.52_-0.50_-6.19_43.19_0.8333_0.5468_-0.0096_0.0807end,24.1873773,120.73565891,371.30517578125
141,,24.1873773,120.73565891,371.30517578125
142,-1.59_3.04_-3.55_-128.02_51.25_11.08_-0.50_-6.19_43.19_0.8333_0.5468_-0.0096_0.0807end-1.61_2.90_-3.41_-130.93_57.52_11.64_-3.06_-9.25_43.13_0.8333_0.5468_-0.0096_0.0807end-1.61_2.90_-3.41_-136.19_64.35_13.20_-3.06_-9.25_43.13_0.8333_0.5468_-0.0096_0.0807end-1.61_2.90_-3.41_-138.43_63.90_13.99_-3.06_-10.69_41.75_0.8179_0.5690_0.0037_0.0852end-2.12_2.16_-2.96_-138.43_63.90_13.99_-3.06_-10.69_41.75_0.8179_0.5690_0.0037_0.0852end-2.12_2.16_-2.96_-143.13_56.74_15.44_-3.06_-10.69_41.75_0.8075_0.5831_0.0129_0.0882end-2.12_2.16_-2.96_-145.14_49.80_16.45_-3.44_-12.44_42.56_0.8075_0.5831_0.0129_0.0882end-2.12_2.16_-2.96_-147.60_42.52_17.46_-3.44_-12.44_42.56_0.,24.1873773,120.73565891,371.30517578125
143,8000_0.5930_0.0184_0.0894end-1.99_1.82_-2.29_-147.60_42.52_17.46_-3.44_-12.44_42.56_0.7924_0.6029_0.0231_0.0897end-1.80_1.86_-1.83_-147.60_42.52_17.46_-3.44_-12.44_42.56_0.7924_0.6029_0.0231_0.0897end,24.1873773,120.73565891,371.30517578125
144,-1.48_1.87_-1.50_-153.76_24.28_21.82_-4.25_-15.94_40.38_0.7924_0.6029_0.0231_0.0897end-1.48_1.87_-1.50_-157.79_23.50_23.05_-4.25_-15.94_40.38_0.7803_0.6183_0.0292_0.0891end-0.97_2.03_-1.80_-157.79_23.50_23.05_-4.25_-15.94_40.38_0.7718_0.6288_0.0333_0.0884end-0.88_2.06_-1.85_-160.25_25.63_24.06_-4.25_-15.94_40.38_0.7675_0.6340_0.0354_0.0881end-0.68_2.31_-1.85_-161.14_28.87_24.06_-4.25_-15.94_40.38_0.7675_0.6340_0.0354_0.0881end-0.68_2.31_-1.85_-161.14_28.87_24.06_-5.37_-18.75_39.44_0.7541_0.6495_0.0424_0.0875end-0.60_2.93_-1.02_-161.14_28.87_24.06_-6.12_-19.12_39.00_0.7541_0.6495_0.0424_0.0875end-0.60_2.93_-1.02_-164.05_48.34_24.62_-6.12_-19.12_39.00_0.7448_0.6599_0.0480_0.0876end-0.60_2.93_-1.02_-164.50_53.27_24.84_-6.12_-21.25_38.88_0.7448_0.6599_0.0480_0.0876end-0.60_2.93_-1.02_-164.28_54.83_24.95_-6.12_-21.25_38.88_0.7303_0.6749_0.0572_0.0888end,24.1873773,120.73565891,371.30517578125
145,,24.1873773,120.73565891,371.30517578125
146,,24.1873773,120.73565891,371.30517578125
147,,24.1873773,120.73565891,371.30517578125
148,-0.60_4.28_0.12_-164.28_54.83_24.95_-7.62_-21.87_38.88_0.7303_0.6749_0.0572_0.0888end-0.60_4.28_0.12_-162.93_48.01_25.96_-7.62_-21.87_38.88_0.7206_0.6846_0.0632_0.0894end-0.41_5.31_0.61_-162.26_41.18_26.86_-7.62_-21.87_38.88_0.7206_0.6846_0.0632_0.0894end-0.41_5.31_0.61_-162.26_41.18_26.86_-7.62_-21.87_38.88_0.7059_0.6991_0.0711_0.0887end-2.32_5.84_1.32_-162.26_41.18_26.86_-8.38_-24.75_34.88_0.7011_0.7037_0.0732_0.0881end-0.32_5.89_2.14_-160.70_25.96_24.17_-8.38_-24.75_34.88_0.7011_0.7037_0.0732_0.0881end0.05_6.23_0.78_-160.70_25.96_24.17_-7.31_-25.81_35.38_0.6863_0.7178_0.0792_0.0859end-0.19_6.18_0.66_-160.70_25.96_24.17_-8.75_-26.19_34.00_0.6815_0.72,24.1873773,120.73565891,371.30517578125
149,,24.1873773,120.73565891,371.30517578125
150,25_0.0806_0.0845end-0.19_6.18_0.66_-155.44_-12.31_30.10_-8.75_-26.19_34.00_0.6766_0.7271_0.0819_0.0828end-0.17_5.87_0.94_-154.21_-18.69_31.56_-8.75_-26.19_34.00_0.6766_0.7271_0.0819_0.0828end,24.1873773,120.73565891,371.30517578125
151,0.32_5.50_1.76_-154.21_-18.69_31.56_-9.81_-27.94_33.06_0.6766_0.7271_0.0819_0.0828end0.32_5.50_1.76_-152.75_-21.93_32.79_-9.81_-27.94_33.06_0.6575_0.7448_0.0861_0.0745end0.24_5.55_2.57_-152.75_-21.93_32.79_-7.69_-28.94_33.56_0.6575_0.7448_0.0861_0.0745end0.24_5.55_2.57_-151.18_-4.59_32.45_-7.69_-28.94_33.56_0.6478_0.7532_0.0890_0.0712end0.24_5.55_2.57_-145.70_15.89_33.24_-8.06_-29.63_32.25_0.6478_0.7532_0.0890_0.0712end0.42_5.02_2.20_-145.70_15.89_33.24_-8.81_-31.06_29.56_0.6478_0.7532_0.0890_0.0712end0.14_5.20_3.36_-145.70_15.89_33.24_-8.81_-31.06_29.56_0.6287_0.7684_0.0981_0.0688end0.18_5.29_3.20_-139.55_56.85_31.22_-8.81_-31.06_29.56_0.6240_0.7719_0.1010_0.0691end0.25_5.47_3.09_-137.42_58.97_31.00_-8.81_-31.06_29.56_0.6240_0.7719_0.1010_0.0691end0.14_5.45_3.00_-137.42_58.97_31.00_-8.81_-31.06_29.56_0.6143_0.7786_0.1071_0.0701end,24.1873773,120.73565891,371.30517578125
152,0.14_5.45_3.00_-130.48_31.45_31.11_-8.81_-31.06_29.56_0.6051_0.7851_0.1124_0.0702end0.20_5.42_3.00_-130.48_31.45_31.11_-10.63_-32.88_27.75_0.6051_0.7851_0.1124_0.0702end0.20_5.42_3.00_-126.68_6.71_30.89_-10.63_-32.88_27.75_0.5961_0.7915_0.1163_0.0687end-0.34_5.58_3.83_-126.68_6.71_30.89_-10.63_-32.88_27.75_0.5919_0.7946_0.1177_0.0671end-0.34_5.58_3.83_-119.63_-41.63_32.45_-10.63_-32.88_27.75_0.5838_0.8007_0.1192_0.0623end0.82_5.23_2.25_-117.72_-48.68_32.68_-11.00_-33.25_26.87_0.5838_0.8007_0.1192_0.0623end0.82_5.23_2.25_-117.72_-48.68_32.68_-11.00_-33.25_26.87_0.5763_0.8065_0.1197_0.0561end1.34_5.12_2.52_-117.72_-48.68_32.68_-10.31_-35.00_25.56_0.5763_0.8065_0.1197_0.0561end1.42_5.19_2.56_-108.88_-45.66_32.34_-10.31_-35.00_25.56_0.5763_0.8065_0.1197_0.0561end1.56_5.30_2.43_-108.88_-45.66_32.34_-10.31_-35.00_25.56_0.5618_0.8173_0.1205_0.0436end,24.1873773,120.73565891,371.30517578125
153,,24.1873773,120.73565891,371.30517578125
154,1.67_5.42_2.59_-108.88_-45.66_32.34_-10.31_-35.00_25.56_0.5582_0.8198_0.1209_0.0408end1.82_6.18_2.52_-108.88_-45.66_32.34_-10.31_-35.00_25.56_0.5548_0.8221_0.1215_0.0384end1.77_6.41_2.59_-108.88_-45.66_32.34_-10.31_-36.75_23.69_0.5548_0.8221_0.1215_0.0384end1.70_6.52_2.55_-96.57_-18.69_30.44_-10.31_-36.75_23.69_0.5447_0.8288_0.1237_0.0323end1.71_6.59_2.48_-91.99_-10.52_28.20_-10.31_-36.75_23.69_0.5415_0.8309_0.1246_0.0307end1.63_6.62_2.39_-91.99_-10.52_28.20_-10.31_-36.75_23.69_0.5415_0.8309_0.1246_0.0307end1.57_6.70_2.44_-86.39_-4.70_26.75_-10.31_-36.75_23.69_0.5415_0.8309_0.1246_0.0307end1.57_6.70_2.44_-84.27_-2.91_26.19_-10.31_-36.44_22.00_0.5415_0.8309_0.1246_0.0307end1.57_6.70_2.44_-81.69_-1.90_25.18_-10.31_-36.44_22.00_0.5291_0.8384_0.1284_0.0255end1.57_6.70_2.44_-79.23_-1.57_24.28_-11.06_-36.81_21.12_0.5291_0.8384_0.1284_0.0255end,24.1873773,120.73565891,371.30517578125
155,,24.1873773,120.73565891,371.30517578125
156,1.57_6.70_2.44_-73.97_-4.36_22.60_-11.06_-36.81_21.12_0.5206_0.8434_0.1312_0.0222end1.40_8.14_2.55_-73.97_-4.36_22.60_-11.81_-38.19_20.19_0.5206_0.8434_0.1312_0.0222end1.34_8.88_2.40_-68.04_-11.97_21.37_-11.81_-38.19_20.19_0.5154_0.8464_0.1326_0.0198end1.34_8.88_2.40_-68.04_-11.97_21.37_-11.81_-38.19_20.19_0.5109_0.8491_0.1334_0.0167end1.01_9.53_1.78_-68.04_-11.97_21.37_-11.81_-38.19_20.19_0.5087_0.8504_0.1335_0.0147end1.01_9.53_1.78_-68.04_-11.97_21.37_-11.81_-38.56_18.44_0.5068_0.8516_0.1335_0.0125end0.98_9.36_1.57_-53.16_-59.42_19.25_-11.81_-38.56_18.44_0.5068_0.8516_0.1335_0.0125end1.12_9.06_1.50_-53.16_-59.42_19.25_-11.81_-38.56_18.44_0.5016_0.854,24.1873773,120.73565891,371.30517578125
157,9_0.1321_0.0040end1.13_8.82_1.82_-53.16_-59.42_19.25_-11.44_-38.94_18.81_0.5002_0.8559_0.1313_0.0007end1.44_8.71_2.32_-53.16_-59.42_19.25_-11.44_-38.94_18.81_0.4990_0.8568_0.1304_-0.0027end,24.1873773,120.73565891,371.30517578125
158,,24.1873773,120.73565891,371.30517578125
159,1.44_8.71_2.32_-39.84_-78.56_16.67_-11.44_-38.94_18.81_0.4990_0.8568_0.1304_-0.0027end1.70_8.94_2.98_-39.84_-78.56_16.67_-10.31_-38.19_19.75_0.4990_0.8568_0.1304_-0.0027end2.03_9.28_3.65_-39.84_-78.56_16.67_-10.31_-38.19_19.75_0.4952_0.8594_0.1258_-0.0168end2.04_9.42_3.73_-39.84_-78.56_16.67_-10.31_-38.19_19.75_0.4947_0.8599_0.1246_-0.0201end2.23_10.15_3.96_-39.84_-78.56_16.67_-11.06_-38.56_17.56_0.4947_0.8599_0.1246_-0.0201end2.26_10.69_3.90_-16.11_-71.73_8.06_-11.06_-38.56_17.56_0.4947_0.8599_0.1246_-0.0201end2.26_10.69_3.90_-16.11_-71.73_8.06_-11.06_-38.56_17.56_0.4938_0.8607_0.1208_-0.0294end2.36_13.06_2.77_-7.61_-77.33_3.47_-11.06_-38.56_17.56_0.4,24.1873773,120.73565891,371.30517578125
160,938_0.8607_0.1208_-0.0294end2.34_13.36_2.18_4.48_-107.88_-1.79_-11.44_-38.19_19.75_0.4938_0.8607_0.1208_-0.0294end2.34_13.36_2.18_9.06_-113.36_-4.03_-10.00_-39.25_19.69_0.4950_0.8604_0.1135_-0.0429end,24.1873773,120.73565891,371.30517578125
161,2.34_13.36_2.18_9.06_-113.36_-4.03_-10.00_-39.25_19.69_0.4968_0.8596_0.1083_-0.0511end2.32_12.68_1.36_9.06_-113.36_-4.03_-9.63_-39.25_18.00_0.4979_0.8590_0.1057_-0.0549end2.32_12.68_1.36_21.15_-91.76_-12.42_-9.63_-39.25_18.00_0.4991_0.8584_0.1033_-0.0583end2.53_12.19_1.55_21.15_-91.76_-12.42_-9.63_-39.25_18.00_0.5003_0.8578_0.1010_-0.0610end2.84_10.32_1.91_21.15_-91.76_-12.42_-9.63_-39.25_18.00_0.5016_0.8571_0.0990_-0.0630end2.84_10.32_1.91_30.44_-33.80_-20.93_-9.63_-39.25_18.00_0.5043_0.8558_0.0961_-0.0643end2.79_7.57_1.66_30.44_-33.80_-20.93_-9.25_-39.25_20.19_0.5043_0.8558_0.0961_-0.0643end2.79_7.57_1.66_41.41_17.01_-29.54_-9.25_-39.25_20.19_0.5072_0.8543_0.0944_-0.0627end-9.75_9.19_13.63_182.97_-20.37_-58.30_-9.25_-39.25_20.19_0.5072_0.8543_0.0944_-0.0627end2.50_-47.89_19.12_182.97_-20.37_-58.30_-7.81_-38.56_19.31_0.5126_0.8514_0.0945_-0.0576end,24.1873773,120.73565891,371.30517578125
162,,24.1873773,120.73565891,371.30517578125
163,,24.1873773,120.73565891,371.30517578125
164,,24.1873773,120.73565891,371.30517578125
165,6.26_7.91_9.53_182.97_-20.37_-58.30_-7.81_-38.56_19.31_0.5126_0.8514_0.0945_-0.0576end0.13_7.19_-3.91_-7.27_161.48_-28.98_-7.81_-38.56_19.31_0.5168_0.8492_0.0995_-0.0442end-1.25_4.82_11.07_-7.27_161.48_-28.98_-7.81_-38.56_19.31_0.5172_0.8491_0.1015_-0.0376end2.64_7.06_18.62_-7.27_161.48_-28.98_-9.25_-38.88_19.75_0.5185_0.8483_0.1028_-0.0317end-0.36_7.03_4.05_79.45_-9.96_-38.50_-9.25_-38.88_19.75_0.5185_0.8483_0.1028_-0.0317end-0.36_7.03_4.05_79.45_-9.96_-38.50_-8.88_-38.88_22.81_0.5237_0.8453_0.1024_-0.0253end7.16_7.67_17.35_79.45_-9.96_-38.50_-8.88_-38.88_22.81_0.5295_0.8422_0.0977_-0.0278end7.16_7.67_17.35_58.53_-106.53_-19.81_-8.56_-37.44_22.44_0.53,24.1873773,120.73565891,371.30517578125
166,,24.1873773,120.73565891,371.30517578125
167,24_0.8406_0.0944_-0.0311end7.02_7.63_13.51_58.53_-106.53_-19.81_-8.56_-37.44_22.44_0.5349_0.8393_0.0914_-0.0343end2.49_7.23_8.32_58.53_-106.53_-19.81_-8.56_-37.44_22.44_0.5349_0.8393_0.0914_-0.0343end4.50_7.18_4.21_44.43_-32.34_-30.44_-8.56_-37.44_22.44_0.5408_0.8360_0.0851_-0.0373end4.50_7.18_4.21_58.41_50.69_-39.28_-7.81_-37.81_22.81_0.5428_0.8348_0.0847_-0.0352end1.47_7.12_1.71_58.41_50.69_-39.28_-6.00_-37.06_22.87_0.5448_0.8337_0.0848_-0.0316end1.27_7.31_1.34_58.41_50.69_-39.28_-6.00_-37.06_22.87_0.5469_0.8324_0.0857_-0.0271end1.54_7.25_-0.64_64.68_110.34_-36.26_-6.00_-37.06_22.87_0.5469_0.8324_0.0857_-0.0271end0.31_7.39_1.61_69.38_119.85_-34.13_-8.19_-37.44_23.69_0.5469_0.8324_0.0857_-0.0271end-0.18_7.86_3.17_69.16_124.66_-32.56_-8.19_-37.44_23.69_0.5550_0.8267_0.0920_-0.0061end-1.61_7.93_6.08_69.16_124.66_-32.56_-8.19_-37.44_23.69_0.5550_0.82,24.18742013,120.73568761,375.8287353515625
168,67_0.0920_-0.0061end-0.82_7.69_6.33_68.04_117.39_-33.12_-8.56_-37.06_23.75_0.5550_0.8267_0.0920_-0.0061end-0.82_7.69_6.33_67.14_104.52_-33.12_-8.56_-37.06_23.75_0.5610_0.8221_0.0971_0.0099end,24.18742013,120.73568761,375.8287353515625
169,-0.82_7.69_6.33_69.72_52.82_-30.55_-8.56_-37.06_23.75_0.5651_0.8189_0.0987_0.0178end0.11_7.71_7.54_69.72_52.82_-30.55_-9.56_-36.38_25.94_0.5651_0.8189_0.0987_0.0178end0.11_7.71_7.54_71.40_24.62_-28.65_-9.56_-36.38_25.94_0.5699_0.8156_0.0978_0.0217end0.11_7.71_7.54_72.85_-4.70_-27.19_-8.81_-35.31_25.06_0.5699_0.8156_0.0978_0.0217end0.59_7.59_5.41_73.75_0.90_-26.97_-8.81_-35.31_25.06_0.5751_0.8121_0.0956_0.0236end0.73_7.62_5.27_73.75_15.89_-27.64_-8.81_-35.31_25.06_0.5801_0.8087_0.0944_0.0267end1.01_7.57_4.91_73.75_15.89_-27.64_-7.75_-35.31_25.56_0.5801_0.8087_0.0944_0.0267end1.01_7.57_4.91_73.75_15.89_-27.64_-7.75_-35.31_25.56_0.5871_0.8030_0.0961_0.036,24.18742013,120.73568761,375.8287353515625
170,5end0.59_7.49_4.61_79.12_93.33_-25.63_-8.13_-36.31_27.25_0.5871_0.8030_0.0961_0.0365end-0.07_7.46_4.96_79.12_93.33_-25.63_-8.13_-36.31_27.25_0.5894_0.8010_0.0974_0.0406end,24.18742013,120.73568761,375.8287353515625
171,-1.08_7.59_5.09_79.12_93.33_-25.63_-8.13_-36.31_27.25_0.5941_0.7966_0.1003_0.0493end-1.37_7.57_5.24_79.12_93.33_-25.63_-10.25_-33.63_26.37_0.5965_0.7943_0.1018_0.0536end-1.37_7.57_5.24_84.49_83.15_-22.72_-10.25_-33.63_26.37_0.6014_0.7897_0.1046_0.0618end-1.86_7.39_5.11_84.49_83.15_-22.72_-10.25_-33.63_26.37_0.6039_0.7874_0.1056_0.0654end-1.59_7.46_4.78_84.49_83.15_-22.72_-9.50_-33.25_28.19_0.6039_0.7874_0.1056_0.0654end-1.47_7.42_4.47_84.82_42.75_-19.36_-9.50_-33.25_28.19_0.6039_0.7874_0.1056_0.0654end-1.47_7.42_4.47_84.82_42.75_-19.36_-9.50_-33.19_29.06_0.6117_0.7804_0.1068_0.0733end-1.47_7.42_4.47_86.39_13.65_-16.79_-9.50_-33.19_29.06_0.6144_0.7781_0,24.18742013,120.73568761,375.8287353515625
172,.1065_0.0748end-1.47_7.42_4.47_86.73_4.36_-16.56_-9.50_-33.19_29.06_0.6202_0.7736_0.1051_0.0769end-1.47_7.42_4.47_88.18_1.68_-16.00_-9.50_-33.19_29.06_0.6231_0.7712_0.1043_0.0778end,24.18742013,120.73568761,375.8287353515625
173,,24.18742013,120.73568761,375.8287353515625
174,-0.58_7.44_3.00_88.18_1.68_-16.00_-9.50_-33.19_29.06_0.6231_0.7712_0.1043_0.0778end-0.40_7.32_2.41_89.08_14.66_-16.79_-9.50_-33.19_29.06_0.6317_0.7640_0.1027_0.0814end-0.13_7.29_1.97_89.08_14.66_-16.79_-9.50_-33.19_29.06_0.6317_0.7640_0.1027_0.0814end-0.14_7.29_1.48_89.08_14.66_-16.79_-10.25_-31.44_29.94_0.6401_0.7564_0.1027_0.0870end-0.33_7.27_1.12_89.08_14.66_-16.79_-9.50_-30.75_30.88_0.6428_0.7538_0.1030_0.0889end-0.56_7.23_0.44_89.08_14.66_-16.79_-9.50_-30.75_30.88_0.6455_0.7513_0.1031_0.0909end-0.68_7.48_0.01_88.18_31.78_-12.76_-9.50_-30.75_30.88_0.6483_0.7487_0.1033_0.0928end-0.80_7.33_-0.29_88.18_31.78_-12.76_-9.50_-30.75_30.88_0.6509_0.7461_0.1034_0.0945end-0.80_7.33_-0.29_85.38_10.74_-11.19_-9.13_-30.37_31.31_0.6509_0.7461_0.1034_0.0945end-0.80_7.33_-0.29_84.49_3.25_-10.30_-10.19_-30.00_31.25_0.6563_0.7411_0.1029_0.0971end,24.18742013,120.73568761,375.8287353515625
175,,24.18742013,120.73568761,375.8287353515625
176,,24.18742013,120.73568761,375.8287353515625
177,-0.80_7.33_-0.29_84.49_3.25_-10.30_-10.19_-30.00_31.25_0.6616_0.7363_0.1018_0.0986end-1.93_7.71_-3.98_84.49_3.25_-10.30_-9.81_-29.31_33.13_0.6616_0.7363_0.1018_0.0986end-2.05_7.70_-4.69_80.91_-10.30_-9.40_-9.81_-29.31_33.13_0.6616_0.7363_0.1018_0.0986end-2.05_7.70_-4.69_78.67_-17.68_-9.29_-10.19_-28.94_33.50_0.6616_0.7363_0.1018_0.0986end-2.07_7.80_-5.21_78.67_-17.68_-9.29_-9.81_-27.25_33.56_0.6745_0.7250_0.0968_0.0999end-1.79_8.07_-5.52_78.67_-17.68_-9.29_-9.81_-27.25_33.56_0.6745_0.7250_0.0968_0.0999end-1.79_8.07_-5.52_78.67_-17.68_-9.29_-9.81_-28.56_33.50_0.6745_0.7250_0.0968_0.0999end-1.69_8.11_-5.52_76.77_-22.16_-8.39_-9.81_-28.56_33.50_0.6745_0.7250_0.0968_0.0999end-1.69_8.11_-5.52_73.86_-15.44_-7.72_-9.81_-28.56_33.50_0.6843_0.7165_0.0920_0.0995end-1.50_8.43_-4.87_73.86_-15.44_-7.72_-9.81_-28.56_33.50_0.6866_0.7144_0.0911_0.0995end,24.18742013,120.73568761,375.8287353515625
178,,24.18742013,120.73568761,375.8287353515625
179,,24.18742013,120.73568761,375.8287353515625
180,,24.18742013,120.73568761,375.8287353515625
181,,24.18742013,120.73568761,375.8287353515625
182,,24.18742013,120.73568761,375.8287353515625
183,-1.50_8.43_-4.87_69.38_2.35_-6.15_-9.81_-28.56_33.50_0.6910_0.7102_0.0898_0.1003end-1.71_8.55_-4.53_68.15_7.72_-5.71_-9.81_-28.56_33.50_0.6910_0.7102_0.0898_0.1003end-1.71_8.55_-4.53_68.15_7.72_-5.71_-9.81_-28.56_33.50_0.6971_0.7040_0.0892_0.1023end-2.25_8.71_-4.28_68.15_7.72_-5.71_-9.81_-28.56_33.50_0.6971_0.7040_0.0892_0.1023end-2.32_8.72_-4.18_63.79_-4.92_-3.02_-9.81_-28.56_33.50_0.6971_0.7040_0.0892_0.1023end-2.32_8.72_-4.18_61.88_-24.51_-2.91_-10.13_-24.06_35.38_0.7029_0.6982_0.0879_0.1032end-2.32_8.72_-4.18_61.88_-24.51_-2.91_-10.13_-24.06_35.38_0.7068_0.6946_0.0856_0.1024end-1.58_8.80_-3.94_61.88_-24.51_-2.91_-10.13_-24.06_35.38_0.7087_0.6930_0.0842_0.1016end-1.58_8.80_-3.94_61.88_-24.51_-2.91_-9.38_-24.06_35.75_0.7108_0.6913_0.0825_0.1006end-1.58_8.80_-3.94_61.88_-24.51_-2.91_-9.38_-24.06_35.75_0.7145_0.6882_0.0787_0.0981end,24.18742013,120.73568761,375.8287353515625
184,-0.19_8.91_-4.01_61.88_-24.51_-2.91_-9.38_-24.06_35.75_0.7163_0.6867_0.0768_0.0969end0.11_8.94_-4.10_61.88_-24.51_-2.91_-9.38_-24.06_35.75_0.7182_0.6852_0.0750_0.0956end0.30_8.98_-4.00_61.88_-24.51_-2.91_-8.00_-23.31_36.69_0.7182_0.6852_0.0750_0.0956end0.47_8.94_-3.89_61.88_-24.51_-2.91_-8.00_-23.31_36.69_0.7216_0.6821_0.0720_0.0939end0.95_8.96_-3.57_61.88_-24.51_-2.91_-7.62_-23.69_36.75_0.7216_0.6821_0.0720_0.0939end1.21_9.05_-3.37_61.88_-24.51_-2.91_-8.00_-22.94_37.19_0.7216_0.6821_0.0720_0.0939end1.31_8.99_-3.16_61.88_-24.51_-2.91_-8.00_-22.94_37.19_0.7294_0.6739_0.0694_0.0947end1.48_9.01_-2.78_61.88_-24.51_-2.91_-8.00_-22.94_37.19_0.7308_0.6722_0.0699_0.0959end1.09_9.00_-2.49_61.88_-24.51_-2.91_-8.00_-22.94_37.19_0.7308_0.6722_0.0699_0.0959end0.86_9.03_-2.40_49.91_59.98_-6.49_-8.00_-22.94_37.19_0.7308_0.6722_0.0699_0.0959end,24.18742013,120.73568761,375.8287353515625
185,0.86_9.03_-2.40_49.91_59.98_-6.49_-8.00_-22.94_37.19_0.7359_0.6648_0.0757_0.1040end-0.38_9.13_-2.17_49.91_59.98_-6.49_-8.00_-22.94_37.19_0.7371_0.6628_0.0776_0.1064end-0.73_9.10_-2.01_49.24_59.31_-4.81_-8.00_-22.94_37.19_0.7371_0.6628_0.0776_0.1064end-0.73_9.10_-2.01_49.24_59.31_-4.81_-8.69_-21.94_36.69_0.7371_0.6628_0.0776_0.1064end-0.73_9.10_-2.01_49.35_45.77_-5.15_-8.69_-21.94_36.69_0.7407_0.6575_0.0814_0.1118end-0.73_9.10_-2.01_49.35_45.77_-5.15_-8.69_-21.94_36.69_0.7407_0.6575_0.0814_0.1118end-0.73_9.10_-2.01_49.35_45.77_-5.15_-8.69_-21.94_36.69_0.7434_0.6542_0.0814_0.1132end-0.73_9.10_-2.01_49.35_45.77_-5.15_-8.69_-21.94_36.69_0.7463_0.6513_0.0790_0.1124end-0.73_9.10_-2.01_49.35_45.77_-5.15_-8.69_-21.94_36.69_0.7493_0.6488_0.0747_0.1097end-0.73_9.07_-1.49_49.35_45.77_-5.15_-7.94_-19.50_39.81_0.7508_0.6477_0.0721_0.1080end,24.18742013,120.73568761,375.8287353515625
186,,24.18742013,120.73568761,375.8287353515625
187,,24.18742013,120.73568761,375.8287353515625
188,-0.58_9.05_-1.71_49.35_45.77_-5.15_-7.94_-19.50_39.81_0.7508_0.6477_0.0721_0.1080end-0.58_9.05_-1.71_49.35_45.77_-5.15_-7.94_-19.50_39.81_0.7523_0.6465_0.0692_0.1061end-0.18_9.00_-1.99_49.35_45.77_-5.15_-7.94_-19.50_39.81_0.7523_0.6465_0.0692_0.1061end-0.18_9.00_-1.99_46.44_-61.88_-5.60_-7.94_-19.50_39.81_0.7582_0.6417_0.0589_0.0996end0.24_8.94_-1.63_47.34_-29.43_-6.49_-7.94_-19.50_39.81_0.7582_0.6417_0.0589_0.0996end0.22_8.92_-1.48_47.34_-29.43_-6.49_-6.81_-18.75_39.44_0.7610_0.6389_0.0554_0.0980end0.12_8.95_-1.38_48.23_-18.80_-6.27_-6.81_-18.75_39.44_0.7637_0.6359_0.0534_0.0976end-0.02_8.92_-1.28_48.23_-18.80_-6.27_-6.81_-18.75_39.44_0.7650_0.6343_0.,24.18742013,120.73568761,375.8287353515625
189,0529_0.0977end-0.42_8.91_-1.41_48.23_-18.80_-6.27_-6.81_-18.75_39.44_0.7650_0.6343_0.0529_0.0977end-0.54_8.93_-1.41_48.23_-18.80_-6.27_-6.81_-18.75_39.44_0.7677_0.6310_0.0523_0.0986end,24.18742013,120.73568761,375.8287353515625
190,,24.18742013,120.73568761,375.8287353515625
191,-0.71_8.84_-1.63_47.90_10.52_-7.27_-6.81_-18.75_39.44_0.7677_0.6310_0.0523_0.0986end-0.71_8.84_-1.63_47.90_10.52_-7.27_-5.69_-17.69_40.75_0.7715_0.6261_0.0521_0.1005end-0.82_8.81_-1.85_47.90_10.52_-7.27_-7.56_-16.00_39.88_0.7728_0.6245_0.0521_0.1011end-1.13_8.76_-1.98_47.90_10.52_-7.27_-7.56_-16.00_39.88_0.7728_0.6245_0.0521_0.1011end-1.23_8.80_-1.93_49.46_1.01_-5.60_-7.56_-16.00_39.88_0.7728_0.6245_0.0521_0.1011end-1.46_8.79_-1.80_49.46_1.01_-5.60_-7.56_-17.00_40.31_0.7767_0.6194_0.0511_0.1022end-1.46_8.79_-1.74_50.13_-2.91_-5.37_-7.56_-17.00_40.31_0.7794_0.6160_0.0502_0.1027end-1.43_8.72_-1.42_50.13_-2.91_-5.37_-7.56_-17.00_40.31_0.7794_0.6160_0.0502,24.18742013,120.73568761,375.8287353515625
192,_0.1027end-1.34_8.73_-1.20_50.13_-2.91_-5.37_-7.56_-17.00_40.31_0.7821_0.6126_0.0491_0.1030end-1.35_8.68_-1.33_50.81_-7.16_-5.04_-7.56_-17.00_40.31_0.7821_0.6126_0.0491_0.1030end,24.18742013,120.73568761,375.8287353515625
193,-1.45_8.69_-1.58_50.13_-9.29_-3.58_-7.56_-17.00_40.31_0.7821_0.6126_0.0491_0.1030end-1.45_8.69_-1.58_49.91_-10.41_-3.25_-7.56_-17.00_40.31_0.7875_0.6058_0.0466_0.1031end-1.66_8.55_-2.57_49.91_-10.41_-3.25_-7.56_-17.00_40.31_0.7889_0.6041_0.0460_0.1031end-1.79_8.63_-2.84_49.91_-10.41_-3.25_-6.81_-14.94_40.75_0.7889_0.6041_0.0460_0.1031end-1.99_8.46_-3.12_49.91_-10.41_-3.25_-6.81_-14.94_40.75_0.7889_0.6041_0.0460_0.1031end-1.99_8.46_-3.12_49.91_-10.41_-3.25_-6.81_-14.94_40.75_0.7940_0.5975_0.0437_0.1030end-1.62_7.97_-3.76_49.91_-10.41_-3.25_-6.81_-14.94_40.75_0.7953_0.5959_0.0430_0.1028end-1.24_9.49_-4.16_49.91_-10.41_-3.25_-7.50_-14.87_41.63_0.7953_0.5959_0.0430_0.1028end-0.68_8.52_-4.18_49.91_-10.41_-3.25_-7.50_-14.87_41.63_0.7953_0.5959_0.0430_0.1028end-0.27_8.50_-3.50_50.36_-54.39_-2.01_-7.50_-14.87_41.63_0.7994_0.5911_0.0385_0.1006end,24.18742013,120.73568761,375.8287353515625
194,,24.18742013,120.73568761,375.8287353515625
195,,24.18742013,120.73568761,375.8287353515625
196,-0.27_8.50_-3.50_50.36_-54.39_-2.01_-6.06_-13.19_41.25_0.8008_0.5896_0.0361_0.0992end-0.27_8.50_-3.50_49.69_-70.05_-2.91_-6.06_-13.19_41.25_0.8022_0.5881_0.0334_0.0977end0.67_8.32_-3.69_46.66_-55.17_-5.15_-6.06_-13.19_41.25_0.8048_0.5853_0.0281_0.0945end0.67_8.32_-3.69_44.65_-41.07_-5.82_-6.06_-13.19_41.25_0.8073_0.5824_0.0236_0,24.18742013,120.73568761,375.8287353515625
197,,24.18742013,120.73568761,375.8287353515625
198,,24.18742013,120.73568761,375.8287353515625
199,.0922end-0.48_-16.61_-3.48_40.40_-29.54_-7.83_-6.06_-13.19_41.25_0.8083_0.5811_0.0221_0.0917end3.51_2.43_2.57_40.40_-29.54_-7.83_-4.94_-12.81_43.06_0.8083_0.5811_0.0221_0.0917end7.85_11.43_-13.64_58.19_34.36_-8.39_-4.94_-12.81_43.06_0.8130_0.5743_0.0205_0.0931end2.03_8.70_-9.13_52.60_21.93_1.01_-4.94_-12.81_43.06_0.8144_0.5722_0,24.18742013,120.73568761,375.8287353515625
200,.0212_0.0941end-4.70_7.79_6.27_52.60_21.93_1.01_-4.94_-12.81_43.06_0.8158_0.5701_0.0220_0.0947end-1.43_7.52_-5.83_38.72_35.47_2.57_-4.94_-12.81_43.06_0.8158_0.5701_0.0220_0.0947end-5.22_8.39_-6.91_38.72_35.47_2.57_-4.94_-12.81_43.06_0.8192_0.5645_0.0259_0.0981end-3.45_8.72_1.43_38.72_35.47_2.57_-5.62_-11.44_42.62_0.8203_0.5626_0.0275_0.1001end-1.43_8.26_-4.44_53.94_36.37_-14.66_-5.62_-11.44_42.62_0.8213_0.5606_0.0285_0.1019end-2.27_8.36_-2.12_57.41_9.51_-9.85_-5.62_-11.44_42.62_0.8213_0.5606_0.0285_0.1019,24.18742013,120.73568761,375.8287353515625
201,end-2.27_8.36_-2.12_57.41_9.51_-9.85_-5.62_-11.44_42.62_0.8254_0.5544_0.0274_0.1030end-1.77_8.48_-1.71_57.41_9.51_-9.85_-5.62_-11.44_42.62_0.8254_0.5544_0.0274_0.1030end-1.84_8.30_-4.00_57.41_9.51_-9.85_-5.62_-11.44_42.62_0.8281_0.5505_0.0264_0.1030end-1.94_8.25_-3.91_48.57_34.58_-5.26_-5.62_-11.44_42.62_0.8281_0.5505_0.0264_0.1030end-1.94_8.25_-3.91_48.57_34.58_-5.26_-5.62_-11.44_42.62_0.8314_0.5446_0.0295_0.1066end-1.39_8.30_-5.21_48.57_34.58_-5.26_-5.62_-11.44_42.62_0.8324_0.5425_0.0312_0.1083end-1.27_7.90_-5.73_48.57_34.58_-5.26_-6.37_-8.63_41.75_0.8324_0.5425_0.0312_0.1083end-1.04_8.00_-6.52_52.48_72.63_-1.12_-6.37_-8.63_41.75_0.8324_0.5425_0.0312_0.1083end-1.30_8.06_-6.58_52.82_81.58_0.22_-6.37_-8.63_41.75_0.8358_0.5359_0.0372_0.1135end-1.30_8.06_-6.58_52.82_81.58_0.22_-7.06_-7.62_42.62_0.8379_0.5313_0.0425_0.1175end,24.18742013,120.73568761,375.8287353515625
202,-1.72_8.14_-6.48_52.82_81.58_0.22_-7.06_-7.62_42.62_0.8389_0.5289_0.0457_0.1198end-1.85_8.25_-6.21_52.82_81.58_0.22_-7.06_-7.62_42.62_0.8389_0.5289_0.0457_0.1198end-1.64_8.16_-6.55_47.56_89.41_-0.78_-7.44_-6.94_42.25_0.8389_0.5289_0.0457_0.1198end-1.64_8.16_-6.55_47.56_89.41_-0.78_-7.44_-6.94_42.25_0.8417_0.5221_0.0548_0.1264end-1.64_8.16_-6.55_42.97_42.97_2.80_-7.44_-6.94_42.25_0.8426_0.5200_0.0572_0.1281end-1.64_8.16_-6.55_42.97_42.97_2.80_-9.56_-6.25_43.56_0.8434_0.5181_0.0588_0.1293end,24.18742013,120.73568761,375.8287353515625
203,-1.64_8.16_-6.55_42.86_4.25_4.25_-9.56_-6.25_43.56_0.8453_0.5146_0.0603_0.1304end-1.64_8.16_-6.55_42.97_-15.78_4.70_-8.88_-6.25_42.69_0.8453_0.5146_0.0603_0.1304end-1.16_8.05_-8.02_42.97_-15.78_4.70_-9.19_-5.56_42.69_0.8484_0.5103_0.0571_0.1286end-0.57_8.12_-6.91_42.97_-15.78_4.70_-9.19_-5.56_42.69_0.8495_0.5090_0.0547_0.1272end-0.45_8.10_-6.72_38.50_-83.71_3.69_-9.19_-5.56_42.69_0.8495_0.5090_0.0547_0.1272end-0.45_8.10_-6.72_38.50_-83.71_3.69_-8.81_-4.81_44.00_0.8527_0.5062_0.0444_0.1212end-0.10_8.00_-6.66_38.50_-83.71_3.69_-8.81_-4.81_44.00_0.8538_0.5055_0.0400_0.1185end-0.03_8.00_-6.89_38.50_-83.71_3.69_-7.81_-4.44_43.56_0.8538_0.5055_0.0400_0.1185end-0.05_7.95_-6.99_38.50_-83.71_3.69_-7.81_-4.44_43.56_0.8556_0.5042_0.0306_0.1130end-0.05_7.95_-6.99_38.50_-83.71_3.69_-6.31_-4.81_44.06_0.8574_0.5030_0.0203_0.1071end,24.18742013,120.73568761,375.8287353515625
204,,24.18742013,120.73568761,375.8287353515625
205,,24.18742013,120.73568761,375.8287353515625
206,0.03_8.00_-7.11_38.50_-83.71_3.69_-5.94_-4.06_44.06_0.8582_0.5024_0.0152_0.1041end0.20_8.02_-6.72_38.50_-83.71_3.69_-5.94_-4.06_44.06_0.8591_0.5018_0.0099_0.1011end0.22_7.98_-6.56_38.50_-83.71_3.69_-5.94_-4.06_44.06_0.8605_0.5005_-0.0004_0.0953end0.14_7.95_-6.35_38.50_-83.71_3.69_-5.19_-3.75_43.63_0.8611_0.4998_-0.0056_0.0924end0.29_7.92_-5.96_38.50_-83.71_3.69_-5.19_-3.75_43.63_0.8618_0.4991_-0.0107_0.0895end0.27_7.95_-5.75_38.50_-83.71_3.69_-1.25_-3.00_44.50_0.8624_0.4985_-0.0156_0.0870end0.34_7.93_-5.73_30.21_-115.93_-3.69_-1.25_-3.00_44.50_0.8624_0.4985_-0.0156_0.0870end0.32_7.88_-5.14_30.21_-115.93_-3.69_-1.25_-3.00_44.50_0.8635_0.4969_-0.0247_0.0,24.18742013,120.73568761,375.8287353515625
207,822end0.32_7.88_-5.14_30.89_-84.27_-6.49_-1.25_-3.00_44.50_0.8641_0.4962_-0.0288_0.0801end0.32_7.88_-5.14_30.89_-84.27_-6.49_-0.50_-2.31_43.63_0.8646_0.4953_-0.0324_0.0784end,24.18742013,120.73568761,375.8287353515625
208,0.32_7.88_-5.14_31.56_-60.21_-8.50_-0.50_-2.31_43.63_0.8657_0.4933_-0.0385_0.0757end0.95_7.78_-4.66_31.56_-60.21_-8.50_0.25_-2.62_44.06_0.8657_0.4933_-0.0385_0.0757end0.95_7.78_-4.66_32.34_-34.58_-10.41_0.25_-2.62_44.06_0.8674_0.4901_-0.0440_0.0741end1.32_7.62_-3.79_32.90_-1.68_-12.42_-0.13_-2.69_42.75_0.8674_0.4901_-0.0440_0.07,24.18742013,120.73568761,375.8287353515625
209,41end1.23_7.61_-3.48_34.36_18.46_-13.54_0.62_-1.94_43.69_0.8674_0.4901_-0.0440_0.0741end0.99_7.58_-3.13_36.26_39.39_-14.44_0.62_-1.94_43.69_0.8704_0.4843_-0.0427_0.0776end0.84_7.57_-2.80_36.26_39.39_-14.44_0.62_-1.94_43.69_0.8713_0.4825_-0.0405_0.0796end0.74_7.55_-2.37_36.26_39.39_-14.44_0.62_-1.94_43.69_0.8723_0.4807_-0.0377_0.0819end-0.02_7.41_-1.36_36.26_39.39_-14.44_0.62_-1.94_43.69_0.8723_0.4807_-0.0377_0.0819end0.11_7.54_-1.10_42.86_116.61_-14.10_0.62_-1.94_43.69_0.8723_0.4807_-0.0377_0.0819end,24.18742013,120.73568761,375.8287353515625
210,,24.18742013,120.73568761,375.8287353515625
211,0.11_7.54_-1.10_42.86_116.61_-14.10_0.62_-1.94_43.69_0.8763_0.4720_-0.0222_0.0934end-0.45_7.48_-1.40_42.86_116.61_-14.10_0.62_-1.94_43.69_0.8773_0.4698_-0.0183_0.0962end-1.37_7.37_-1.09_42.86_116.61_-14.10_0.62_-1.94_43.69_0.8773_0.4698_-0.0183_0.0962end-0.86_7.32_-1.25_42.86_116.61_-14.10_0.62_-1.94_43.69_0.8773_0.4698_-0.0183_0.0962end-0.82_7.20_-1.54_42.86_116.61_-14.10_-3.31_-0.62_44.56_0.8812_0.4608_-0.0078_0.1052end-0.22_7.13_-2.12_42.86_116.61_-14.10_-3.31_-0.62_44.56_0.8812_0.4608_-0.0078_0.1052end-0.29_7.02_-3.16_42.86_116.61_-14.10_-3.31_-0.62_44.56_0.8829_0.4571_-0.0085_0.1066end-0.29_7.01_-3.55_45.66_-63.23_-14.21_-3.31_-0.62_44.56_0.8829_0,24.18742013,120.73568761,375.8287353515625
212,.4571_-0.0085_0.1066end-0.29_6.85_-4.07_44.99_-88.97_-15.22_-3.31_-0.62_44.56_0.8854_0.4528_-0.0185_0.1039end-0.61_6.93_-4.96_44.99_-88.97_-15.22_-3.31_-0.62_44.56_0.8861_0.4515_-0.0234_0.1024end,24.18742013,120.73568761,375.8287353515625
213,,24.18742013,120.73568761,375.8287353515625
214,,24.18742013,120.73568761,375.8287353515625
215,,24.18742013,120.73568761,375.8287353515625
216,0.34_9.19_-6.87_44.99_-88.97_-15.22_-3.31_-0.62_44.56_0.8861_0.4515_-0.0234_0.1024end0.10_13.81_-8.18_44.99_-88.97_-15.22_-3.31_-0.62_44.56_0.8875_0.4489_-0.0336_0.0994end-0.52_16.02_-8.16_46.66_-113.81_-25.18_-3.31_-0.62_44.56_0.8875_0.4489_-0.0336_0.0994end1.71_21.29_-11.14_46.66_-113.81_-25.18_-1.87_1.50_45.06_0.8893_0.4446_-0.0481_0.0959end0.90_21.35_-8.53_46.66_-113.81_-25.18_-1.87_1.50_45.06_0.8898_0.4432_-0.0524_0.0950end0.22_19.09_-7.14_46.66_-113.81_-25.18_-1.87_1.50_45.06_0.8898_0.4432_-0.0524_0.0950end0.22_19.09_-7.14_35.03_-63.56_-23.95_1.37_1.19_44.19_0.8898_0.4432_-0.0524_0.0950end-0.02_23.30_-7.98_35.03_-63.56_-23.95_1.37_1.19_44.19_0.89,24.18742013,120.73568761,375.8287353515625
217,14_0.4391_-0.0622_0.0936end-0.02_23.30_-7.98_35.03_-63.56_-23.95_1.37_1.19_44.19_0.8918_0.4379_-0.0645_0.0936end-0.02_23.30_-7.98_23.72_-18.13_-24.95_-0.44_2.94_45.50_0.8918_0.4379_-0.0645_0.0936end-0.02_23.30_-7.98_15.33_-1.23_-25.29_-0.44_2.94_45.50_0.8918_0.4379_-0.0645_0.0936end0.12_20.35_-9.73_15.33_-1.23_-25.29_-0.44_2.94_45.50_0.8926_0.4353_-0.0679_0.0955end-0.54_19.78_-8.65_15.33_-1.23_-25.29_-0.44_2.94_45.50_0.8931_0.4335_-0.0689_0.0984end-0.48_19.61_-7.54_15.33_-1.23_-25.29_-0.44_2.94_45.50_0.8931_0.4335_-0.0689_,24.18742013,120.73568761,375.8287353515625
218,0.0984end-0.56_19.61_-7.39_0.78_-0.56_-20.93_-0.44_2.94_45.50_0.8931_0.4335_-0.0689_0.0984end-0.56_19.61_-7.39_-3.36_-7.83_-19.58_1.75_4.00_44.25_0.8931_0.4335_-0.0689_0.0984end-0.56_19.61_-7.39_-3.36_-7.83_-19.58_1.75_4.00_44.25_0.8926_0.4333_-0.0720_0.1019end-1.30_19.95_-9.24_-3.36_-7.83_-19.58_1.75_4.00_44.25_0.8922_0.4338_-0.0733_0.1022end-1.06_20.09_-9.41_-3.36_-7.83_-19.58_1.75_4.00_44.25_0.8918_0.4344_-0.0748_0.1022end-1.06_20.09_-9.41_-3.36_-7.83_-19.58_1.06_2.94_45.50_0.8907_0.4360_-0.0778_0.1022end,24.18742013,120.73568761,375.8287353515625
219,-1.11_20.34_-9.43_-3.36_-7.83_-19.58_0.69_3.62_45.50_0.8907_0.4360_-0.0778_0.1022end-1.59_19.70_-9.66_-3.36_-7.83_-19.58_0.69_3.62_45.50_0.8895_0.4380_-0.0797_0.1024end-1.74_19.19_-9.71_-32.45_7.95_-8.28_0.69_3.62_45.50_0.8883_0.4404_-0.0790_0.1036end-1.74_18.68_-9.69_-32.45_7.95_-8.28_2.50_2.94_44.63_0.8876_0.4417_-0.0777_0.1047end-1.80_18.09_-9.66_-32.45_7.95_-8.28_2.50_2.94_44.63_0.8870_0.4429_-0.0759_0.1058end-2.44_16.96_-9.64_-32.45_7.95_-8.28_2.50_2.94_44.63_0.8864_0.4443_-0.0737_0.1071end-2.64_16.96_-9.74_-50.02_63.11_3.69_2.50_2.94_44.63_0.8864_0.4443_-0.0737_0.1071end-3.00_17.29_-9.52_-50.02_63.11_3.69_2.50_2.94_44.63_0.8842_0.4491_-0.0657_0.1109end-2.87_17.34_-9.22_-54.27_63.11_8.95_2.50_2.94_44.63_0.8834_0.4508_-0.0629_0.1120end-3.16_17.17_-9.82_-54.27_63.11_8.95_2.50_2.94_44.63_0.8824_0.4526_-0.0599_0.1130end,24.18742013,120.73568761,375.8287353515625
220,,24.18742013,120.73568761,375.8287353515625
221,-4.63_16.90_-7.15_-54.27_63.11_8.95_2.50_2.94_44.63_0.8824_0.4526_-0.0599_0.1130end-4.63_16.90_-7.15_-54.27_63.11_8.95_-0.81_0.44_43.69_0.8795_0.4586_-0.0510_0.1161end-2.64_14.74_-9.23_-54.27_63.11_8.95_-0.81_0.44_43.69_0.8784_0.4610_-0.0483_0.1168end-2.30_13.86_-8.00_-68.26_40.62_18.02_-0.81_0.44_43.69_0.8784_0.4610_-0.0483_0.1,24.18742013,120.73568761,375.8287353515625
222,168end-2.15_13.64_-7.59_-70.28_40.62_20.48_-0.81_0.44_43.69_0.8784_0.4610_-0.0483_0.1168end-2.54_13.27_-7.49_-70.28_40.62_20.48_-0.44_-0.25_44.56_0.8734_0.4709_-0.0385_0.1179end-2.63_12.76_-7.59_-70.28_40.62_20.48_-0.44_-0.25_44.56_0.8721_0.4735_-0.0353_0.1185end-2.25_11.68_-7.80_-70.28_40.62_20.48_-0.44_-0.25_44.56_0.8706_0.4763_-0.0314_0.1193end-2.29_11.09_-7.80_-70.28_40.62_20.48_-0.44_-0.25_44.56_0.8692_0.4789_-0.0273_0.1201end-2.36_9.94_-7.54_-70.28_40.62_20.48_-0.44_-0.25_44.56_0.8692_0.4789_-0.0273_0.1201end,24.18742013,120.73568761,375.8287353515625
223,-2.36_9.94_-7.54_-90.87_90.98_30.33_-0.44_-0.25_44.56_0.8661_0.4844_-0.0186_0.1219end-2.36_9.94_-7.54_-93.67_93.22_29.32_-0.44_-0.25_44.56_0.8627_0.4903_-0.0093_0.1237end-2.50_7.01_-7.12_-93.67_93.22_29.32_-0.44_-0.25_44.56_0.8608_0.4933_-0.0048_0.1246end-2.35_6.40_-7.09_-93.67_93.22_29.32_-0.44_-0.25_44.56_0.8589_0.4965_0.0000_0.1255end-2.16_5.59_-6.16_-93.67_93.22_29.32_-0.44_-0.25_44.56_0.8589_0.4965_0.0000_0.1255end-2.16_5.59_-6.16_-104.07_83.48_31.33_-0.44_-0.25_44.56_0.8549_0.5030_0.0089_0.1271end-1.74_4.64_-6.39_-106.87_79.23_32.01_-0.44_-0.25_44.56_0.8527_0.5064_0.0132_0.1276end-1.74_4.64_-6.39_-109.44_74.86_32.79_-5.25_-6.19_44.00_0.8527_0.506,24.18742013,120.73568761,375.8287353515625
224,4_0.0132_0.1276end-1.74_4.64_-6.39_-109.44_74.86_32.79_-5.25_-6.19_44.00_0.8457_0.5174_0.0253_0.1285end-1.37_4.05_-6.08_-109.44_74.86_32.79_-5.25_-6.19_44.00_0.8431_0.5213_0.0293_0.1287end,24.18742013,120.73568761,375.8287353515625
225,,24.18742013,120.73568761,375.8287353515625
226,-1.37_4.05_-6.08_-119.96_64.12_34.13_-6.69_-6.56_42.69_0.8405_0.5252_0.0331_0.1287end-1.37_4.05_-6.08_-125.56_67.48_33.80_-7.44_-7.62_42.62_0.8379_0.5292_0.0369_0.1288end-1.05_3.92_-5.59_-127.91_71.40_33.35_-7.44_-7.62_42.62_0.8379_0.5292_0.0369_0.1288end-1.05_3.92_-5.59_-130.26_76.32_32.79_-8.19_-10.06_42.62_0.8379_0.5292_0.036,24.18742013,120.73568761,375.8287353515625
227,9_0.1288end-1.12_3.43_-4.68_-130.26_76.32_32.79_-8.19_-10.06_42.62_0.8228_0.5502_0.0579_0.1302end-1.30_3.14_-4.29_-130.26_76.32_32.79_-8.19_-10.06_42.62_0.8195_0.5544_0.0626_0.1308end-1.59_2.96_-3.95_-130.26_76.32_32.79_-8.19_-10.06_42.62_0.8162_0.5587_0.0673_0.1314end-1.59_2.96_-3.95_-141.23_91.65_31.45_-8.19_-10.06_42.62_0.8162_0.5587_0.0673_0.1314end-1.59_2.96_-3.95_-141.23_91.65_31.45_-10.38_-11.81_41.25_0.8090_0.5675_0.0770_0.1328end-1.59_2.96_-3.95_-144.36_89.86_31.33_-10.00_-13.25_39.88_0.8053_0.5718_0.0818_0.1334end,24.18742013,120.73568761,375.8287353515625
228,-1.59_2.96_-3.95_-146.15_87.17_31.33_-10.00_-13.25_39.88_0.8016_0.5762_0.0865_0.1340end-2.32_2.90_-2.94_-149.17_78.33_31.89_-10.00_-13.25_39.88_0.7937_0.5854_0.0956_0.1349end-2.32_2.90_-2.94_-150.74_71.51_31.56_-10.75_-14.31_41.25_0.7937_0.5854_0.0956_0.1349end-2.32_2.90_-2.94_-154.32_51.36_32.45_-10.75_-14.31_41.25_0.7856_0.5947_0.1040_0.1350end-2.32_2.90_-2.94_-154.32_51.36_32.45_-10.75_-14.31_41.25_0.7776_0.6042_0.1110_0.1340end-2.19_2.87_-2.69_-154.32_51.36_32.45_-10.75_-14.31_41.25_0.7776_0.6042_0.1110_0.1340end-2.05_2.86_-2.67_-154.32_51.36_32.45_-10.75_-14.31_41.25_0.7776_0.6042_0.1110_0.1340end-1.66_2.73_-2.55_-154.32_51.36_32.45_-10.75_-14.31_,24.18742013,120.73568761,375.8287353515625
229,41.25_0.7612_0.6245_0.1201_0.1275end-1.55_2.73_-2.37_-154.32_51.36_32.45_-10.75_-14.31_41.25_0.7569_0.6299_0.1215_0.1249end-1.55_2.73_-2.37_-164.28_-30.44_38.16_-11.19_-18.12_36.75_0.7569_0.6299_0.1215_0.1249end,24.18742013,120.73568761,375.8287353515625
230,,24.18742013,120.73568761,375.8287353515625
231,,24.18742013,120.73568761,375.8287353515625
232,,24.18742013,120.73568761,375.8287353515625
233,-1.32_2.79_-2.41_-165.51_-39.95_40.51_-11.19_-18.12_36.75_0.7443_0.6459_0.1241_0.1157end-1.16_2.86_-2.32_-165.51_-39.95_40.51_-12.63_-19.56_38.50_0.7443_0.6459_0.1241_0.1157end-1.16_2.86_-2.32_-167.75_-41.18_41.63_-12.63_-19.56_38.50_0.7401_0.6512_0.1248_0.1123end-1.16_2.86_-2.32_-167.75_-41.18_41.63_-12.63_-19.56_38.50_0.7314_0.6618_0.1261_0.1055end-0.69_3.38_-1.96_-169.65_-36.48_42.41_-12.63_-19.56_38.50_0.7268_0.6673_0.1269_0.1021end-0.69_3.38_-1.96_-170.43_-29.21_43.53_-11.56_-21.94_36.31_0.7222_0.6725_0.1278_0.0988end-0.69_3.38_-1.96_-170.43_-29.21_43.53_-12.31_-23.38_36.25_0.7176_0.6777_0.1288_0.0956end-0.22_2.79_-1.60_-170.43_-29.21_43.53_-12.31_-23.38_36.25_0.7176_0.6777_0.1288_0.0956end-0.37_2.03_-0.59_-170.43_-29.21_43.53_-12.31_-23.38_36.25_0.7176_0.6777_0.1288_0.0956end-0.37_2.03_-0.59_-171.44_-17.35_44.43_-12.31_-23.38_36.25_0.6934_0.7032_0.1352_0.0803end,24.18742013,120.73568761,375.8287353515625
234,0.34_1.80_-0.05_-171.44_-17.35_44.43_-12.75_-26.25_32.19_0.6884_0.7081_0.1368_0.0776end0.18_1.65_0.50_-171.44_-3.58_45.10_-12.75_-26.25_32.19_0.6884_0.7081_0.1368_0.0776end0.18_1.65_0.50_-171.44_-3.58_45.10_-12.75_-27.31_31.75_0.6833_0.7130_0.1386_0.0751end0.18_1.65_0.50_-169.43_26.52_41.63_-12.75_-27.31_31.75_0.6674_0.7271_0.1452_0.0690end0.14_2.56_0.83_-169.43_26.52_41.63_-13.13_-26.62_31.81_0.6674_0.7271_0.1452_0.0690end0.14_2.56_0.83_-167.30_45.88_39.28_-13.13_-26.62_31.81_0.6564_0.7361_0.1509_0.0668end0.48_3.93_1.63_-167.30_45.88_39.28_-13.13_-26.62_31.81_0.6564_0.7361_0.1509_0.0668end0.48_3.93_1.63_-167.30_45.88_39.28_-13.13_-26.62_31.81_0.6394_0.7490_0.1609_0.0657end0.09_4.52_1.93_-167.30_45.88_39.28_-14.63_-30.12_29.50_0.6337_0.7531_0.1644_0.0659end0.14_4.57_2.01_-167.30_45.88_39.28_-14.63_-30.12_29.50_0.6279_0.7571_0.1680_0.0662end,24.18742013,120.73568761,375.8287353515625
235,0.10_4.35_2.55_-161.82_78.67_29.88_-14.63_-30.12_29.50_0.6279_0.7571_0.1680_0.0662end-0.09_4.32_2.61_-160.25_75.98_28.65_-14.63_-30.12_29.50_0.6279_0.7571_0.1680_0.0662end-0.09_4.32_2.61_-158.91_69.94_27.53_-16.81_-31.19_26.37_0.6279_0.7571_0.1680_0.0662end-0.27_4.67_2.89_-157.23_62.78_26.41_-16.81_-31.19_26.37_0.6046_0.7725_0.1816_0.0680end-0.27_4.67_2.89_-155.66_54.72_25.63_-15.69_-31.56_25.50_0.6046_0.7725_0.1816_0.0680end-0.27_4.67_2.89_-155.66_54.72_25.63_-15.38_-32.63_25.56_0.5880_0.7835_0.1895_0.0673end-0.27_4.67_2.89_-149.39_28.98_24.06_-15.38_-32.63_25.56_0.5880_0.7835_0.1895_0.0673end-0.27_4.67_2.89_-149.39_28.98_24.06_-15.38_-32.63_25.56_0.5773_0.7906_0.1934_0.0654end-0.89_5.89_4.71_-149.39_28.98_24.06_-15.38_-32.63_25.56_0.5674_0.7972_0.1962_0.0623end0.16_6.11_4.68_-149.39_28.98_24.06_-15.38_-32.63_25.56_0.5674_0.7972_0.1962_0.0623end,24.18742013,120.73568761,375.8287353515625
236,,24.18742013,120.73568761,375.8287353515625
237,0.09_6.43_4.57_-149.39_28.98_24.06_-15.38_-32.63_25.56_0.5674_0.7972_0.1962_0.0623end0.24_6.37_5.09_-149.39_28.98_24.06_-17.56_-35.06_21.12_0.5674_0.7972_0.1962_0.0623end0.48_6.52_4.94_-149.39_28.98_24.06_-17.56_-35.06_21.12_0.5450_0.8129_0.1992_0.0496end0.59_6.74_4.75_-149.39_28.98_24.06_-17.56_-35.06_21.12_0.5409_0.8158_0.1993_0.0468end1.00_7.16_4.68_-149.39_28.98_24.06_-17.56_-35.06_21.12_0.5409_0.8158_0.1993_0.0468end1.00_7.16_4.68_-149.39_28.98_24.06_-16.12_-34.81_20.62_0.5409_0.8158_0.1993_0.0468end1.00_7.16_4.68_-114.14_-33.35_18.13_-16.12_-34.81_20.62_0.5291_0.8239_0.1997_0.0388end1.11_7.55_4.58_-114.14_-33.35_18.13_-16.12_-34.81_20.62_0.5253_0,24.18742013,120.73568761,375.8287353515625
238,.8263_0.1998_0.0362end1.11_7.55_4.58_-102.95_-25.63_16.00_-16.12_-34.81_20.62_0.5181_0.8310_0.2000_0.0314end0.93_7.58_5.09_-102.95_-25.63_16.00_-16.12_-34.81_20.62_0.5181_0.8310_0.2000_0.0314end,24.18742013,120.73568761,375.8287353515625
239,,24.18742013,120.73568761,375.8287353515625
240,,24.18742013,120.73568761,375.8287353515625
241,0.93_7.58_5.09_-96.24_-15.67_13.99_-16.12_-34.81_20.62_0.5080_0.8373_0.2007_0.0258end0.97_6.70_5.29_-96.24_-15.67_13.99_-17.25_-36.56_17.94_0.5080_0.8373_0.2007_0.0258end0.91_6.26_5.02_-85.38_-7.72_10.52_-17.25_-36.56_17.94_0.5080_0.8373_0.2007_0.0258end0.78_6.11_5.01_-85.38_-7.72_10.52_-16.87_-37.25_17.06_0.5080_0.8373_0.2007_0.0258end0.70_6.03_5.11_-85.38_-7.72_10.52_-16.87_-37.25_17.06_0.4932_0.8459_0.2018_0.0189end0.75_6.02_5.26_-85.38_-7.72_10.52_-16.87_-37.25_17.06_0.4907_0.8475_0.2016_0.0170end0.78_6.21_5.32_-85.38_-7.72_10.52_-16.87_-37.25_17.06_0.4885_0.8489_0.2012_0.0150end1.16_6.48_5.19_-85.38_-7.72_10.52_-16.50_-38.31_16.62_0.4885_0.8489_0.,24.18742013,120.73568761,375.8287353515625
242,2012_0.0150end1.33_6.57_4.96_-60.43_-68.37_5.60_-16.50_-38.31_16.62_0.4885_0.8489_0.2012_0.0150end1.33_6.57_4.96_-60.43_-68.37_5.60_-17.62_-37.63_15.31_0.4819_0.8539_0.1963_0.0023end,24.18742013,120.73568761,375.8287353515625
243,1.77_7.15_4.07_-60.43_-68.37_5.60_-17.62_-37.63_15.31_0.4808_0.8550_0.1944_-0.0020end2.04_7.44_3.70_-47.78_-110.12_2.80_-17.62_-37.63_15.31_0.4808_0.8550_0.1944_-0.0020end2.04_7.44_3.70_-44.31_-114.14_1.68_-15.88_-38.31_16.25_0.4808_0.8550_0.1944_-0.0020end2.04_7.44_3.70_-41.52_-115.04_0.22_-15.88_-38.31_16.25_0.4785_0.8577_0.1876_-0.0157end2.04_7.44_3.70_-38.83_-114.03_-1.12_-15.88_-38.31_16.25_0.4774_0.8591_0.1827_-0.0249end2.81_8.18_3.37_-38.83_-114.03_-1.12_-15.50_-38.31_16.62_0.4774_0.8591_0.1827_-0.0249end2.81_8.18_3.37_-33.12_-104.86_-4.70_-15.50_-38.31_16.62_0.4766_0.8603_0.1779_-0.0330end2.68_8.33_3.14_-33.12_-104.86_-4.70_-15.50_-38.31_16.62_0.4762_0.8608_0.1756_-0.0367end2.33_7.99_2.80_-25.07_-76.32_-9.74_-15.50_-38.31_16.62_0.4758_0.8613_0.1736_-0.0398end2.33_7.99_2.80_-25.07_-76.32_-9.74_-13.69_-40.06_16.12_0.4752_0.8622_0.1700_-0.0444end,24.18742013,120.73568761,375.8287353515625
244,,24.18742013,120.73568761,375.8287353515625
245,,24.18742013,120.73568761,375.8287353515625
246,,24.18742013,120.73568761,375.8287353515625
247,,24.18742013,120.73568761,375.8287353515625
248,1.77_7.36_2.68_-25.07_-76.32_-9.74_-13.69_-40.06_16.12_0.4752_0.8622_0.1700_-0.0444end1.63_7.29_2.71_-13.65_-26.19_-15.55_-13.69_-40.06_16.12_0.4752_0.8622_0.1700_-0.0444end1.30_7.30_3.24_-13.65_-26.19_-15.55_-14.00_-38.63_16.62_0.4743_0.8632_0.1662_-0.0475end1.30_7.30_3.24_-7.72_-9.18_-17.90_-14.00_-38.63_16.62_0.4739_0.8638_0.1644_-0.0476end1.01_7.84_3.99_-7.72_-9.18_-17.90_-14.38_-39.00_16.25_0.4739_0.8640_0.1636_-0.0473end1.18_8.69_4.02_-7.72_-9.18_-17.90_-14.38_-37.94_17.56_0.4739_0.8640_0.1636_-0.0473end1.27_8.99_3.83_3.47_-8.84_-24.40_-14.38_-37.94_17.56_0.4744_0.8643_0.1605_-0.0466end1.25_9.41_3.69_3.47_-8.84_-24.40_-14.38_-37.94_17.56_0.4749_0,24.18742013,120.73568761,375.8287353515625
249,,24.18742013,120.73568761,375.8287353515625
250,.8643_0.1589_-0.0471end1.11_9.88_3.61_3.47_-8.84_-24.40_-14.38_-37.94_17.56_0.4749_0.8643_0.1589_-0.0471end0.67_11.06_2.80_3.47_-8.84_-24.40_-14.38_-37.94_17.56_0.4749_0.8643_0.1589_-0.0471end,24.18742013,120.73568761,375.8287353515625
251,0.67_11.06_2.80_19.25_-72.29_-28.98_-13.31_-40.00_17.50_0.4776_0.8636_0.1530_-0.0508end0.69_11.30_2.08_19.25_-72.29_-28.98_-13.31_-40.00_17.50_0.4802_0.8629_0.1478_-0.0547end1.16_11.55_1.99_19.25_-72.29_-28.98_-13.31_-40.00_17.50_0.4815_0.8625_0.1452_-0.0567end1.16_11.55_1.99_26.86_-72.40_-32.90_-13.69_-39.31_17.06_0.4815_0.8625_0.1452_-0.0567end1.16_11.55_1.99_26.86_-72.40_-32.90_-13.69_-39.31_17.06_0.4863_0.8608_0.1371_-0.0622end1.75_12.03_2.82_26.86_-72.40_-32.90_-12.19_-39.31_16.62_0.4880_0.8601_0.1344_-0.0638end1.90_12.25_2.62_26.86_-72.40_-32.90_-12.19_-39.31_16.62_0.4898_0.8594_0.1316_-0.0652end2.07_12.75_2.42_26.86_-72.40_-32.90_-12.19_-39.31_1,24.18742013,120.73568761,375.8287353515625
252,6.62_0.4916_0.8586_0.1289_-0.0665end1.98_12.88_2.52_41.63_-59.31_-43.20_-10.69_-37.88_17.94_0.4916_0.8586_0.1289_-0.0665end1.98_12.88_2.52_44.99_-58.19_-45.43_-10.69_-37.88_17.94_0.4978_0.8560_0.1205_-0.0696end-0.46_26.73_-2.02_44.99_-58.19_-45.43_-10.69_-38.94_19.69_0.4978_0.8560_0.1205_-0.0696end-0.46_26.73_-2.02_228.06_-64.91_-59.20_-10.69_-38.94_19.69_0.4978_0.8560_0.1205_-0.0696end-0.46_26.73_-2.02_228.06_-64.91_-59.20_-9.63_-37.81_20.19_0.5061_0.8520_0.1143_-0.0703end-0.46_26.73_-2.02_100.83_-131.15_-2.35_-9.63_-37.81_20.19_0.5042_0.8535_0.1094_-0.0732end7.88_8.16_11.64_100.83_-131.15_-2.35_-9.63_-37.81_20.19_0.5100_0.8499_0.1035_-0.0831end8.88_6.12_10.57_100.83_-131.15_-2.35_-9.63_-37.81_20.19_0.5117_0.8488_0.1007_-0.0878end7.13_6.59_-6.29_100.83_-131.15_-2.35_-9.63_-37.81_20.19_0.5117_0.8488_0.1007_-0.0878end-0.05_7.58_9.09_100.83_-131.15_-2.35_-8.19_-38.88_20.62_0.5162_0.8458_0.0950_-0.0959end2.43_7.70_12.02_65.80_-101.27_-28.42_-8.19_-38.88_20.62_0.5221_0.8422_0.0891_-0.1013end6.61_8.29_14.28_65.80_-101.27_-28.42_-8.19_-38.88_20.62_0.5221_0.8422_0.0891_-0.1013end,24.18742013,120.73568761,375.8287353515625
253,,24.18742013,120.73568761,375.8287353515625
254,6.27_7.69_9.53_50.02_-82.70_-34.58_-8.19_-38.88_20.62_0.5221_0.8422_0.0891_-0.1013end6.27_7.69_9.53_50.02_-82.70_-34.58_-6.37_-37.81_21.12_0.5297_0.8375_0.0796_-0.1078end6.27_7.69_9.53_50.02_-82.70_-34.58_-6.37_-37.81_21.12_0.5341_0.8347_0.0738_-0.1125end4.10_7.01_3.84_50.02_-82.70_-34.58_-6.37_-37.81_21.12_0.5363_0.8332_0.0712_-0.1147end3.09_6.98_2.82_55.62_-44.87_-27.86_-6.37_-37.81_21.12_0.5363_0.8332_0.0712_-0.1147end3.09_6.98_2.82_62.11_-20.81_-29.88_-5.62_-38.13_23.25_0.5363_0.8332_0.0712_-0.1147end3.09_6.98_2.82_65.69_9.51_-32.56_-5.62_-38.13_23.25_0.5433_0.8288_0.0667_-0.1157end1.81_7.55_2.53_65.69_9.51_-32.56_-5.62_-38.13_23.25_0.5458_0.8275_0,24.18742013,120.73568761,375.8287353515625
255,.0663_-0.1139end1.34_7.84_2.77_66.36_69.27_-32.12_-5.62_-38.13_23.25_0.5507_0.8250_0.0672_-0.1080end1.34_7.84_2.77_66.36_69.27_-32.12_-5.62_-37.38_24.19_0.5507_0.8250_0.0672_-0.1080end,24.18742013,120.73568761,375.8287353515625
256,1.34_7.84_2.77_58.86_100.49_-34.13_-5.62_-37.38_24.19_0.5549_0.8230_0.0695_-0.0999end0.05_7.55_3.60_58.86_100.49_-34.13_-5.62_-37.38_24.19_0.5588_0.8212_0.0728_-0.0902end0.52_7.52_3.23_58.86_100.49_-34.13_-5.62_-37.38_24.19_0.5607_0.8202_0.0744_-0.0854end0.03_7.82_3.90_58.86_100.49_-34.13_-5.62_-37.38_24.19_0.5607_0.8202_0.0744_-0.0854end0.13_7.66_4.15_68.93_57.63_-23.95_-5.62_-37.38_24.19_0.5607_0.8202_0.0744_-0.0854end-0.14_8.33_5.73_68.93_57.63_-23.95_-5.62_-37.38_24.19_0.5673_0.8165_0.0782_-0.0739end0.14_8.09_6.44_68.93_57.63_-23.95_-5.62_-37.38_24.19_0.5720_0.8135_0.0790_-0.0695end0.14_8.09_6.44_68.93_57.63_-23.95_-6.69_-36.31_25.94_0.5744_0.8119_0.0787_-0.0681end0.24_8.02_6.85_68.93_57.63_-23.95_-6.69_-36.31_25.94_0.5768_0.8104_0.0781_-0.0672end1.52_7.75_6.16_68.93_57.63_-23.95_-6.69_-36.31_25.94_0.5768_0.8104_0.0781_-0.0672end,24.18742013,120.73568761,375.8287353515625
257,,24.18742013,120.73568761,375.8287353515625
258,1.60_7.70_5.68_68.93_57.63_-23.95_-7.06_-35.25_27.75_0.5768_0.8104_0.0781_-0.0672end1.69_7.62_4.49_68.93_57.63_-23.95_-7.06_-35.25_27.75_0.5870_0.8035_0.0732_-0.0670end1.48_7.59_4.01_68.93_57.63_-23.95_-7.06_-35.25_27.75_0.5870_0.8035_0.0732_-0.0670end1.48_7.59_4.01_68.93_57.63_-23.95_-7.06_-35.25_27.75_0.5897_0.8016_0.0720_-0.0670end0.84_7.76_3.68_68.93_57.63_-23.95_-7.06_-35.25_27.75_0.5897_0.8016_0.0720_-0.0670end0.84_7.76_3.68_68.93_57.63_-23.95_-7.06_-35.25_27.75_0.5995_0.7947_0.0715_-0.0620end0.36_7.82_4.24_68.93_57.63_-23.95_-7.06_-35.25_27.75_0.6019_0.7931_0.0721_-0.0597end-0.02_7.70_4.22_71.96_39.50_-20.14_-7.06_-35.25_27.75_0.6019_0.7931_0.07,24.18742013,120.73568761,375.8287353515625
259,21_-0.0597end-0.01_7.90_3.71_72.29_29.10_-18.91_-6.25_-33.56_28.56_0.6019_0.7931_0.0721_-0.0597end-0.01_7.90_3.71_72.40_17.57_-18.02_-6.25_-33.56_28.56_0.6116_0.7860_0.0731_-0.0529end,24.18742013,120.73568761,375.8287353515625
260,,24.18742013,120.73568761,375.8287353515625
261,-0.32_7.77_2.80_72.40_17.57_-18.02_-6.25_-33.56_28.56_0.6142_0.7841_0.0727_-0.0521end0.60_7.76_0.99_72.40_-4.48_-17.90_-6.25_-33.56_28.56_0.6167_0.7822_0.0722_-0.0515end0.60_7.76_0.99_72.40_-4.48_-17.90_-5.19_-33.19_29.06_0.6167_0.7822_0.0722_-0.0515end1.79_7.87_0.18_72.18_-8.73_-18.80_-5.19_-33.19_29.06_0.6243_0.7764_0.0701_-0.0500end2.40_7.77_-0.01_72.18_-8.73_-18.80_-6.62_-33.13_31.25_0.6268_0.7745_0.0694_-0.0497end2.90_7.76_0.19_72.18_-8.73_-18.80_-5.19_-32.13_29.06_0.6268_0.7745_0.0694_-0.0497end2.90_7.76_0.19_72.18_-8.73_-18.80_-5.19_-32.13_29.06_0.6343_0.7686_0.0677_-0.0479end3.17_7.83_0.61_72.18_-8.73_-18.80_-5.50_-32.06_32.63_0.6367_0.7667_0.0,24.18742013,120.73568761,375.8287353515625
262,676_-0.0466end2.70_7.92_1.17_72.18_-8.73_-18.80_-5.50_-32.06_32.63_0.6392_0.7648_0.0679_-0.0449end2.49_8.01_1.18_73.30_50.58_-20.48_-5.50_-32.06_32.63_0.6392_0.7648_0.0679_-0.0449end,24.18742013,120.73568761,375.8287353515625
263,,24.18742013,120.73568761,375.8287353515625
264,,24.18742013,120.73568761,375.8287353515625
265,,24.18742013,120.73568761,375.8287353515625
266,2.03_7.95_1.09_73.30_50.58_-20.48_-4.37_-30.69_31.75_0.6392_0.7648_0.0679_-0.0449end0.96_8.05_0.67_72.40_71.51_-19.36_-4.37_-30.69_31.75_0.6483_0.7572_0.0726_-0.0338end-0.14_7.97_0.18_72.40_71.51_-19.36_-4.37_-30.69_31.75_0.6503_0.7554_0.0743_-0.0305end-0.14_7.97_0.18_68.93_76.10_-15.22_-4.37_-30.69_31.75_0.6503_0.7554_0.0743_-0.0305end-1.95_8.18_-0.71_68.93_76.10_-15.22_-4.37_-30.69_31.75_0.6503_0.7554_0.0743_-0.0305end-1.95_8.18_-0.71_68.93_76.10_-15.22_-7.31_-29.25_33.50_0.6584_0.7480_0.0806_-0.0189end-2.79_8.42_-1.32_68.93_76.10_-15.22_-7.31_-29.25_33.50_0.6605_0.7462_0.0816_-0.0167end-3.02_8.39_-1.49_68.93_76.10_-15.22_-7.31_-29.25_33.50_0.6626_0.7443_0.0823_-0.0148end-2.87_8.37_-1.02_70.28_22.27_-10.85_-7.31_-29.25_33.50_0.6626_0.7443_0.0823_-0.0148end-3.02_8.38_-0.73_71.06_12.53_-9.85_-7.31_-29.25_33.50_0.6693_0.7383_0.0830_-0.0115end-2.62_8.48_-0.22_71.06_12.53_-9.85_-7.31_-29.25_33.50_0.6715_0.7363_0.0829_-0.0109end-2.65_8.57_-0.13_71.06_12.53_-9.85_-7.31_-28.56_32.69_0.6715_0.7363_0.0829_-0.0109end-2.65_8.57_-0.13_65.58_-8.28_-2.69_-6.56_-27.56_34.88_0.6758_0.7324_0.0824_-0.0104end-2.65_8.57_-0.13_63.23_-10.97_-1.01_-6.56_-27.56_34.88_0.6780_0.7304_0.0820_-0.0105end-3.15_8.50_-1.25_61.44_-11.53_-0.11_-6.56_-27.56_34.88_0.6800_0.7286_0.0817_-0.0106end-3.15_8.50_-1.25_61.44_-11.53_-0.11_-7.31_-27.56_33.94_0.6819_0.7267_0.0814_-0.0108end-3.15_8.50_-1.25_56.51_-29.32_3.13_-7.31_-27.56_33.94_0.6858_0.7233_0.0804_-0.0118end-2.35_8.73_-3.89_57.86_-63.34_4.48_-7.31_-27.56_33.94_0.6858_0.7233_0.0804_-0.0118end-2.11_8.58_-4.41_58.30_-79.12_3.80_-7.31_-27.56_33.94_0.6897_0.7197_0.0779_-0.0145end-0.68_8.29_-4.96_58.30_-79.12_3.80_-7.31_-27.56_33.94_0.6938_0.7161_0.0735_-0.0192end,24.18742013,120.73568761,375.8287353515625
267,,24.18742013,120.73568761,375.8287353515625
268,0.41_8.43_-4.91_58.30_-79.12_3.80_-7.31_-27.56_33.94_0.6960_0.7142_0.0707_-0.0220end2.43_8.75_-4.52_58.30_-79.12_3.80_-6.19_-26.12_36.19_0.6960_0.7142_0.0707_-0.0220end2.43_8.75_-4.52_59.42_-102.62_-0.45_-5.06_-25.75_36.19_0.6960_0.7142_0.0707_-0.0220end4.48_9.06_-3.57_59.42_-102.62_-0.45_-4.69_-25.06_36.19_0.6960_0.7142_0.0707_-0.0220end4.48_9.06_-3.57_54.05_-64.68_-0.11_-4.69_-25.06_36.19_0.7063_0.7047_0.0568_-0.0356end4.35_8.96_-3.59_54.05_-64.68_-0.11_-3.62_-24.00_35.31_0.7081_0.7031_0.0551_-0.0371end3.62_8.93_-3.67_54.05_-64.68_-0.11_-3.62_-24.00_35.31_0.7097_0.7014_0.0540_-0.0380end3.44_8.99_-3.60_50.47_-9.96_-5.60_-3.62_-24.00_35.31_0.7097_0.701,24.18742013,120.73568761,375.8287353515625
269,4_0.0540_-0.0380end3.44_8.99_-3.60_50.47_-9.96_-5.60_-3.62_-24.00_35.31_0.7145_0.6966_0.0524_-0.0386end2.85_9.01_-3.11_50.47_-9.96_-5.60_-3.62_-24.00_35.31_0.7161_0.6949_0.0519_-0.0386end,24.18742013,120.73568761,375.8287353515625
270,2.58_9.14_-2.12_50.47_-9.96_-5.60_-3.62_-24.00_35.31_0.7177_0.6934_0.0514_-0.0387end2.48_9.13_-1.85_51.03_-16.79_-7.61_-3.62_-24.00_35.31_0.7177_0.6934_0.0514_-0.0387end2.19_9.14_-1.68_49.46_-16.11_-8.28_-3.62_-24.00_35.31_0.7177_0.6934_0.0514_-0.0387end2.19_9.14_-1.68_47.00_-12.20_-9.06_-3.25_-24.00_37.56_0.7224_0.6886_0.0494_-0.0390end2.19_9.14_-1.68_45.99_-11.86_-8.62_-3.25_-24.00_37.56_0.7253_0.6856_0.0482_-0.0390end1.52_9.17_-2.02_45.99_-11.86_-8.62_-3.25_-24.00_37.56_0.7267_0.6841_0.0476_-0.0390end0.78_9.15_-2.18_45.99_-11.86_-8.62_-3.25_-24.00_37.56_0.7267_0.6841_0.0476_-0.0390end0.78_9.15_-2.18_45.99_-11.86_-8.62_-3.19_-23.25_38.00_0.7295_0.6813_0.0463_-0.0392end0.78_9.15_-2.18_45.99_-11.86_-8.62_-3.19_-23.25_38.00_0.7324_0.6783_0.0447_-0.0395end0.74_9.23_-1.87_45.99_-11.86_-8.62_-2.44_-22.19_38.00_0.7324_0.6783_0.0447_-0.0395end,24.18742013,120.73568761,375.8287353515625
271,,24.18742013,120.73568761,375.8287353515625
272,0.74_9.23_-1.87_46.11_-19.70_-10.52_-2.44_-22.19_38.00_0.7352_0.6753_0.0430_-0.0399end1.00_9.23_-1.66_46.11_-19.70_-10.52_-2.44_-22.19_38.00_0.7367_0.6738_0.0421_-0.0400end1.00_9.23_-1.66_44.76_-18.46_-9.96_-2.44_-22.19_38.00_0.7380_0.6723_0.0413_-0.0401end1.22_9.22_-1.46_44.76_-18.46_-9.96_-2.44_-22.19_38.00_0.7394_0.6708_0.0405_-0.0402end1.11_9.20_-1.59_44.76_-18.46_-9.96_-2.44_-22.19_38.00_0.7408_0.6694_0.0397_-0.0403end1.11_9.19_-1.82_44.76_-18.46_-9.96_-2.44_-22.19_38.00_0.7433_0.6666_0.0384_-0.0405end1.11_9.19_-1.82_41.85_-11.97_-10.41_-2.81_-20.12_39.31_0.7433_0.6666_0.0384_-0.0405end1.26_9.18_-1.93_41.85_-11.97_-10.41_-2.81_-20.12_39.31_0.7471_,24.18742013,120.73568761,375.8287353515625
273,0.6624_0.0364_-0.0403end1.26_9.15_-1.77_41.85_-11.97_-10.41_-2.81_-20.12_39.31_0.7471_0.6624_0.0364_-0.0403end1.18_9.02_-1.60_41.85_-11.97_-10.41_-2.81_-20.12_39.31_0.7484_0.6611_0.0357_-0.0403end,24.18742013,120.73568761,375.8287353515625
274,1.19_9.20_-1.55_42.41_-21.49_-9.96_-2.81_-20.12_39.31_0.7484_0.6611_0.0357_-0.0403end1.19_9.20_-1.55_42.41_-21.49_-9.96_-1.37_-19.81_38.56_0.7535_0.6553_0.0320_-0.0411end0.86_9.15_-1.31_42.41_-21.49_-9.96_-1.37_-19.81_38.56_0.7548_0.6539_0.0309_-0.0416end0.86_9.15_-1.31_41.18_-30.77_-10.52_-1.69_-20.12_40.69_0.7560_0.6525_0.0297_-0.0420end1.07_9.11_-1.42_40.96_-31.67_-11.30_-1.69_-20.12_40.69_0.7560_0.6525_0.0297_-0.0420end1.16_9.11_-1.47_41.52_-33.57_-11.86_-1.37_-18.75_39.81_0.7560_0.6525_0.0297_-0.0420end1.16_9.11_-1.47_41.52_-33.57_-11.86_-1.37_-18.75_39.81_0.7610_0.6469_0.0244_-0.0439end1.43_9.05_-1.48_41.52_-33.57_-11.86_-1.37_-18.75_39.81_0.7610_0.6469_0.0244_-0.0439end1.40_9.06_-1.35_41.52_-33.57_-11.86_-1.37_-18.75_39.81_0.7635_0.6439_0.0219_-0.0447end1.37_9.05_-1.28_42.52_-23.39_-11.75_-1.37_-18.75_39.81_0.7635_0.6439_0.0219_-0.0447end,24.18742013,120.73568761,375.8287353515625
275,,24.18742013,120.73568761,375.8287353515625
276,,24.18742013,120.73568761,375.8287353515625
277,1.37_9.05_-1.28_42.52_-23.39_-11.75_-1.37_-18.75_39.81_0.7672_0.6395_0.0189_-0.0452end1.16_9.00_-1.31_42.52_-23.39_-11.75_-1.37_-18.75_39.81_0.7684_0.6381_0.0180_-0.0452end0.93_8.91_-1.32_42.52_-23.39_-11.75_-0.62_-18.37_39.00_0.7684_0.6381_0.0180_-0.0452end0.89_8.96_-1.46_42.52_-23.39_-11.75_-0.62_-18.37_39.00_0.7721_0.6337_0.0155_-0.0451end0.69_8.85_-1.66_42.52_-23.39_-11.75_-0.62_-18.00_40.25_0.7733_0.6323_0.0146_-0.0452end0.68_8.98_-1.78_42.52_-23.39_-11.75_-0.62_-18.00_40.25_0.7733_0.6323_0.0146_-0.0452end0.69_8.73_-1.87_42.52_-23.39_-11.75_-0.62_-18.00_40.25_0.7733_0.6323_0.0146_-0.0452end0.69_8.73_-1.87_42.52_-23.39_-11.75_-0.25_-17.62_41.25_0.7,24.18742013,120.73568761,375.8287353515625
278,770_0.6277_0.0116_-0.0454end0.94_8.46_-1.54_42.52_-23.39_-11.75_-0.25_-17.62_41.25_0.7795_0.6246_0.0098_-0.0453end0.94_8.46_-1.54_45.43_-12.65_-14.55_-0.25_-17.62_41.25_0.7808_0.6231_0.0090_-0.0451end,24.18742013,120.73568761,375.8287353515625
279,1.05_10.02_-1.11_45.43_-12.65_-14.55_-0.25_-17.62_41.25_0.7808_0.6231_0.0090_-0.0451end0.73_9.00_-0.95_45.43_-12.65_-14.55_0.81_-17.31_40.75_0.7808_0.6231_0.0090_-0.0451end0.65_8.95_-1.38_45.99_5.04_-14.21_0.81_-17.31_40.75_0.7859_0.6168_0.0071_-0.0436end0.18_8.59_-0.57_45.99_5.04_-14.21_-0.25_-16.56_40.75_0.7859_0.6168_0.0071_-0.0436end0.18_8.59_-0.57_45.55_9.40_-13.99_-0.25_-16.56_40.75_0.7859_0.6168_0.0071_-0.0436end0.18_8.59_-0.57_46.55_11.64_-14.44_-0.25_-16.56_40.75_0.7897_0.6121_0.0072_-0.0413end0.18_8.59_-0.57_48.34_7.61_-14.55_-0.25_-16.56_40.75_0.7910_0.6105_0.0072_-0.0405end0.18_8.59_-0.57_49.01_3.25_-13.76_0.50_-15.88_43.44_0.7936_0.6071_0.,24.18742013,120.73568761,375.8287353515625
280,0068_-0.0394end-0.33_8.66_-0.58_49.01_3.25_-13.76_0.50_-15.88_43.44_0.7950_0.6053_0.0065_-0.0389end-0.33_8.66_-0.58_49.01_3.25_-13.76_0.50_-15.88_43.44_0.7963_0.6036_0.0060_-0.0386end,24.18742013,120.73568761,375.8287353515625
281,-0.33_8.66_-0.58_49.01_3.25_-13.76_0.50_-15.88_43.44_0.7991_0.6000_0.0048_-0.0382end-0.41_8.51_-0.82_49.01_3.25_-13.76_0.50_-15.88_43.44_0.8004_0.5982_0.0040_-0.0381end-0.24_8.45_-1.05_49.01_3.25_-13.76_1.94_-14.19_41.69_0.8004_0.5982_0.0040_-0.0381end-0.15_8.45_-1.07_53.27_-18.69_-13.09_1.25_-13.13_42.13_0.8004_0.5982_0.0040_-0.0381end-0.11_8.39_-1.19_54.27_-16.11_-12.65_1.25_-13.13_42.13_0.8004_0.5982_0.0040_-0.0381end-0.11_8.39_-1.19_54.83_-13.20_-12.20_1.25_-13.13_42.13_0.8076_0.5886_-0.0002_-0.0379end-0.20_8.30_-1.23_54.83_-13.20_-12.20_2.37_-13.13_42.62_0.8076_0.5886_-0.0002_-0.0379end-0.20_8.30_-1.23_54.83_-13.20_-12.20_2.37_-13.13_42.62_0.8090_0.5867_-0.0009_-0.0378end-0.35_8.34_-1.40_54.83_-13.20_-12.20_2.37_-13.13_42.62_0.8090_0.5867_-0.0009_-0.0378end-0.48_8.28_-1.81_54.83_-13.20_-12.20_2.37_-13.13_42.62_0.8090_0.5867_-0.0009_-0.0378end,24.18742013,120.73568761,375.8287353515625
282,,24.18742013,120.73568761,375.8287353515625
283,,24.18742013,120.73568761,375.8287353515625
284,,24.18742013,120.73568761,375.8287353515625
285,-0.48_8.28_-1.81_54.83_-13.20_-12.20_1.62_-12.37_42.62_0.8162_0.5765_-0.0037_-0.0369end0.01_8.13_-3.16_55.84_-13.99_-11.75_1.62_-12.37_42.62_0.8162_0.5765_-0.0037_-0.0369end0.35_8.05_-3.90_55.39_-17.01_-11.86_1.62_-12.37_42.62_0.8162_0.5765_-0.0037_-0.0369end0.61_8.01_-4.64_55.39_-17.01_-11.86_1.62_-12.37_42.62_0.8219_0.5684_-0.0070_-0.0369end0.70_8.02_-4.96_56.18_-24.51_-12.09_1.62_-12.37_42.62_0.8219_0.5684_-0.0070_-0.0369end0.84_7.93_-5.36_56.18_-24.51_-12.09_1.62_-12.37_42.62_0.8246_0.5643_-0.0091_-0.0372end0.84_7.97_-5.39_56.85_-24.95_-12.76_1.62_-12.37_42.62_0.8246_0.5643_-0.0091_-0.0372end0.82_7.97_-5.39_56.96_-22.49_-13.09_1.62_-12.37_42.62_0.8289_0.5580_-0.0123_-0.0376end0.66_8.04_-5.25_56.96_-22.49_-13.09_2.75_-9.25_43.06_0.8303_0.5559_-0.0132_-0.0375end0.57_8.05_-5.18_56.96_-22.49_-13.09_2.75_-9.25_43.06_0.8317_0.5537_-0.0140_-0.0374end,24.18742013,120.73568761,375.8287353515625
286,0.24_8.04_-5.39_56.96_-22.49_-13.09_2.37_-9.25_43.06_0.8317_0.5537_-0.0140_-0.0374end0.24_8.04_-5.39_56.96_-22.49_-13.09_2.37_-9.25_43.06_0.8344_0.5497_-0.0151_-0.0369end-0.26_8.03_-5.83_56.96_-22.49_-13.09_2.37_-9.25_43.06_0.8371_0.5457_-0.0159_-0.0361end-0.64_7.97_-6.39_56.96_-22.49_-13.09_2.37_-9.25_43.06_0.8383_0.5437_-0.0162_-0.0357end-0.64_7.97_-6.39_52.60_-9.18_-13.54_2.37_-9.25_43.06_0.8397_0.5417_-0.0168_-0.0354end-0.64_7.97_-6.89_52.60_-9.18_-13.54_2.37_-8.50_44.44_0.8397_0.5417_-0.0168_-0.0354end-0.21_7.96_-7.11_52.71_-18.35_-14.66_2.37_-8.50_44.44_0.8421_0.5378_-0.0182_-0.0350end-0.21_7.96_-7.11_52.71_-18.35_-14.66_2.37_-8.50_44.44_0.8434_0,24.18742013,120.73568761,375.8287353515625
287,.5358_-0.0192_-0.0350end-0.21_7.96_-7.11_51.36_-19.92_-14.88_2.37_-8.50_44.44_0.8446_0.5339_-0.0203_-0.0350end-0.21_7.96_-7.11_51.36_-19.92_-14.88_2.37_-8.50_44.44_0.8458_0.5319_-0.0212_-0.0349end,24.18742013,120.73568761,375.8287353515625
288,,24.18742013,120.73568761,375.8287353515625
289,1.71_7.98_-7.74_51.36_-19.92_-14.88_2.37_-8.50_44.44_0.8469_0.5301_-0.0221_-0.0347end1.71_7.98_-7.74_51.36_-19.92_-14.88_2.75_-6.50_42.69_0.8503_0.5248_-0.0228_-0.0328end2.25_7.93_-8.07_51.36_-19.92_-14.88_2.75_-6.50_42.69_0.8514_0.5231_-0.0223_-0.0317end2.24_8.02_-7.95_45.77_39.28_-18.13_2.06_-5.81_43.13_0.8514_0.5231_-0.0223_-0.0317end2.24_7.86_-7.74_44.99_50.36_-18.91_2.06_-5.81_43.13_0.8514_0.5231_-0.0223_-0.0317end2.24_7.86_-7.74_44.99_50.36_-18.91_2.44_-5.75_43.63_0.8558_0.5165_-0.0164_-0.0244end2.10_7.93_-7.10_44.99_50.36_-18.91_2.44_-5.75_43.63_0.8569_0.5149_-0.0142_-0.0221end2.00_8.35_-6.28_41.52_77.10_-20.03_2.44_-5.75_43.63_0.8569_0.5149_-0.0142_-0.0221end2.00_8.35_-6.28_40.51_74.42_-20.14_1.69_-5.06_43.13_0.8569_0.5149_-0.0142_-0.0221end1.95_7.93_-6.56_40.51_74.42_-20.14_1.69_-5.06_43.13_0.8607_0.5089_-0.0047_-0.0124end,24.18747414,120.73573887,385.364013671875
290,,24.18747414,120.73573887,385.364013671875
291,1.44_7.84_-6.71_40.06_71.17_-21.37_1.69_-5.06_43.13_0.8616_0.5074_-0.0024_-0.0100end1.61_7.87_-6.06_40.06_71.17_-21.37_1.69_-5.06_43.13_0.8626_0.5059_-0.0003_-0.0076end1.49_7.79_-5.56_40.06_71.17_-21.37_1.69_-5.06_43.13_0.8626_0.5059_-0.0003_-0.0076end1.48_7.90_-5.79_40.73_48.46_-22.27_1.69_-5.06_43.13_0.8626_0.5059_-0.0003_-0.0076end1.48_7.90_-5.79_40.73_48.46_-22.27_-0.13_-3.69_42.75_0.8654_0.5012_0.0042_-0.0016end1.01_7.76_-4.91_40.73_48.46_-22.27_-0.13_-3.69_42.75_0.8654_0.5012_0.0042_-0.0016end1.00_7.84_-4.84_39.17_3.69_-23.16_-0.13_-3.69_42.75_0.8654_0.5012_0.0042_-0.0016end0.94_7.65_-4.70_39.06_-8.73_-23.50_-0.13_-3.69_42.75_0.8654_0.5012_0.0042_-0.0016end0.86_7.70_-4.70_39.06_-8.73_-23.50_-0.13_-2.62_44.56_0.8705_0.4922_0.0021_0.0043end0.93_7.71_-4.80_39.06_-8.73_-23.50_-0.50_-2.31_43.63_0.8713_0.4907_0.0000_0.0044end,24.18747414,120.73573887,385.364013671875
292,,24.18747414,120.73573887,385.364013671875
293,,24.18747414,120.73573887,385.364013671875
294,0.92_7.62_-5.12_39.06_-8.73_-23.50_-0.50_-2.31_43.63_0.8713_0.4907_0.0000_0.0044end0.98_7.61_-5.26_39.06_-8.73_-23.50_0.62_-1.56_44.56_0.8737_0.4865_-0.0085_0.0034end0.98_7.57_-5.33_36.48_-78.45_-26.30_0.62_-1.56_44.56_0.8745_0.4850_-0.0121_0.0027end1.03_7.48_-5.43_36.48_-78.45_-26.30_0.62_-0.94_45.06_0.8752_0.4836_-0.0157_0.0021end0.98_7.46_-5.38_36.48_-78.45_-26.30_-0.13_-0.94_43.19_0.8752_0.4836_-0.0157_0.0021end1.03_7.46_-5.37_36.48_-78.45_-26.30_-0.13_-0.94_43.19_0.8773_0.4792_-0.0260_0.0005end0.79_7.41_-5.03_36.48_-78.45_-26.30_2.12_-0.94_44.13_0.8781_0.4777_-0.0290_0.0004end0.79_7.41_-5.03_36.48_-78.45_-26.30_1.37_-0.56_44.13_0.8788_0.4761_-0.03,24.18747414,120.73573887,385.364013671875
295,,24.18747414,120.73573887,385.364013671875
296,17_0.0004end0.68_7.38_-4.89_36.48_-78.45_-26.30_1.37_-0.56_44.13_0.8795_0.4747_-0.0339_0.0006end0.68_7.38_-4.89_36.48_-78.45_-26.30_2.50_-0.56_45.44_0.8802_0.4731_-0.0356_0.0011end0.68_7.38_-4.89_38.38_-12.76_-31.45_2.50_-0.56_45.44_0.8818_0.4701_-0.0380_0.0029end0.68_7.38_-4.89_40.62_9.74_-31.89_2.50_-0.56_45.44_0.8818_0.4701_-0.0380_0.0029end0.68_7.38_-4.89_40.51_20.70_-32.45_2.50_1.56_44.63_0.8834_0.4669_-0.0385_0.0056end-0.43_7.20_-3.85_40.51_20.70_-32.45_2.50_1.56_44.63_0.8853_0.4636_-0.0374_0.0093en,24.18747414,120.73573887,385.364013671875
297,d-0.71_7.22_-4.13_40.51_20.70_-32.45_2.50_1.56_44.63_0.8861_0.4619_-0.0364_0.0114end-1.54_7.18_-5.48_40.51_20.70_-32.45_2.50_1.56_44.63_0.8870_0.4603_-0.0350_0.0136end-1.88_7.20_-6.21_40.51_20.70_-32.45_2.50_3.62_43.75_0.8879_0.4586_-0.0336_0.0160end-1.88_7.20_-6.21_33.80_42.08_-30.66_2.50_3.62_43.75_0.8879_0.4586_-0.0336_0.0160end-1.88_7.20_-6.21_31.45_28.76_-29.99_0.31_5.00_45.94_0.8895_0.4555_-0.0311_0.0203end-1.88_7.20_-6.21_31.45_28.76_-29.99_0.31_5.00_45.94_0.8907_0.4529_-0.0301_0.0237end,24.18747414,120.73573887,385.364013671875
298,-3.91_24.24_-14.08_31.45_28.76_-29.99_0.31_5.00_45.94_0.8907_0.4529_-0.0301_0.0237end-3.06_30.17_-14.39_30.10_-7.83_-31.22_0.31_5.00_45.94_0.8907_0.4529_-0.0301_0.0237end-3.06_30.17_-14.39_30.10_-7.83_-31.22_1.06_5.31_46.44_0.8931_0.4478_-0.0339_0.0278end0.49_38.63_-9.99_30.10_-7.83_-31.22_1.06_5.31_46.44_0.8936_0.4464_-0.0363_0,24.18747414,120.73573887,385.364013671875
299,,24.18747414,120.73573887,385.364013671875
300,.0281end-1.53_42.95_-9.82_30.10_-7.83_-31.22_1.06_5.31_46.44_0.8936_0.4464_-0.0363_0.0281end5.25_39.17_-7.66_30.10_-7.83_-31.22_1.06_5.31_46.44_0.8941_0.4448_-0.0448_0.0266end0.13_34.99_-9.12_30.10_-7.83_-31.22_1.06_5.31_46.44_0.8937_0.4445_-0.0564_0.0228end1.86_31.00_-11.58_30.10_-7.83_-31.22_3.62_6.69_45.12_0.8934_0.4446_-0.06,24.18747414,120.73573887,385.364013671875
301,07_0.0217end4.95_29.57_-9.77_30.10_-7.83_-31.22_3.62_6.69_45.12_0.8931_0.4450_-0.0627_0.0221end0.75_25.44_-13.64_30.10_-7.83_-31.22_3.62_6.69_45.12_0.8931_0.4450_-0.0627_0.0221end,24.18747414,120.73573887,385.364013671875
302,2.76_25.38_-10.01_-7.16_80.57_-33.57_3.62_6.69_45.12_0.8928_0.4457_-0.0580_0.0291end3.50_23.29_-7.60_-7.16_80.57_-33.57_3.25_4.69_43.81_0.8928_0.4459_-0.0536_0.0330end0.82_20.90_-4.36_-7.16_80.57_-33.57_3.25_4.69_43.81_0.8928_0.4462_-0.0481_0.0375end1.35_19.71_-5.75_-24.73_180.84_-37.82_3.25_4.69_43.81_0.8928_0.4462_-0.0481_0.0375end1.35_19.71_-5.75_-24.73_180.84_-37.82_1.00_2.19_43.75_0.8925_0.4472_-0.0358_0.0473end-0.48_14.71_-4.10_-24.73_180.84_-37.82_1.00_2.19_43.75_0.8917_0.4484_-0.0234_0.0571end-0.48_14.71_-4.10_-35.03_160.03_-34.13_-0.06_1.87_44.63_0.8911_0.4492_-0.0176_0.0616end-1.31_11.59_-6.78_-35.03_160.03_-34.13_-0.06_1.87_44.63_0.8911_0.4492_-0.0176_0.0616end-1.95_10.71_-6.14_-35.03_160.03_-34.13_-1.19_1.50_44.13_0.8897_0.4511_-0.0074_0.0699end-1.95_10.71_-6.14_-38.05_128.80_-32.45_-1.19_1.50_44.13_0.8890_0.4520_-0.0029_0.0735end,24.18747414,120.73573887,385.364013671875
303,,24.18747414,120.73573887,385.364013671875
304,-1.95_10.71_-6.14_-38.05_128.80_-32.45_-2.62_0.44_43.69_0.8881_0.4530_0.0015_0.0773end-1.95_10.71_-6.14_-45.10_125.89_-30.44_-2.62_0.44_43.69_0.8862_0.4553_0.0106_0.0849end-2.37_7.38_-3.60_-45.10_125.89_-30.44_-2.62_0.44_43.69_0.8851_0.4566_0.0150_0.0885end-2.37_7.38_-3.60_-52.82_134.40_-28.65_-2.62_0.44_43.69_0.8839_0.4581_0.0197_0.0922end-2.90_5.78_-4.79_-52.82_134.40_-28.65_-2.62_0.44_43.69_0.8812_0.4612_0.0298_0.0999end-2.92_5.64_-5.05_-52.82_134.40_-28.65_-5.19_-0.62_44.56_0.8797_0.4628_0.0352_0.1037end-2.92_5.64_-5.05_-62.22_148.05_-23.84_-6.25_-0.62_44.94_0.8797_0.4628_0.0352_0.1037end-2.92_5.64_-5.05_-62.22_148.05_-23.84_-6.25_-0.62_44.94_0.8764_0.4662_0.0462_0.1113end-2.92_5.64_-5.05_-69.72_146.93_-21.26_-6.25_-0.62_44.94_0.8727_0.4701_0.0571_0.1185end-2.45_4.94_-5.14_-69.72_146.93_-21.26_-6.25_-0.62_44.94_0.8727_0.4701_0.0571_0.1185end,24.18747414,120.73573887,385.364013671875
305,,24.18747414,120.73573887,385.364013671875
306,-2.47_4.91_-5.02_-79.68_133.95_-18.02_-6.25_-0.62_44.94_0.8727_0.4701_0.0571_0.1185end-2.47_4.91_-5.02_-79.68_133.95_-18.02_-9.94_-3.81_42.25_0.8665_0.4769_0.0728_0.1285end-2.47_4.91_-5.02_-87.17_118.40_-16.23_-9.94_-3.81_42.25_0.8618_0.4822_0.0821_0.1341end-2.12_4.80_-4.88_-87.17_118.40_-16.23_-11.38_-3.50_41.81_0.8618_0.4822_0.0821_0.1341end-2.12_4.80_-4.88_-99.37_92.77_-14.55_-11.38_-3.50_41.81_0.8568_0.4883_0.0903_0.1389end-1.64_4.80_-5.32_-99.37_92.77_-14.55_-11.38_-3.50_41.81_0.8542_0.4915_0.0938_0.1408end-1.39_4.81_-6.16_-107.88_75.54_-13.88_-11.38_-3.50_41.81_0.8516_0.4950_0.0971_0.1426end-1.39_4.81_-6.16_-107.88_75.54_-13.88_-13.25_-4.19_42.19_0.8459_0.5026_0.1033_0.1458end-1.18_4.88_-6.64_-107.88_75.54_-13.88_-13.25_-4.19_42.19_0.8430_0.5065_0.1063_0.1472end-1.24_5.08_-6.67_-107.88_75.54_-13.88_-13.25_-5.94_40.50_0.8398_0.5105_0.1093_0.1486end,24.18747414,120.73573887,385.364013671875
307,,24.18747414,120.73573887,385.364013671875
308,,24.18747414,120.73573887,385.364013671875
309,,24.18747414,120.73573887,385.364013671875
310,,24.18747414,120.73573887,385.364013671875
311,,24.18747414,120.73573887,385.364013671875
312,-0.65_5.84_-6.41_-129.25_76.99_-14.21_-14.38_-6.31_41.37_0.8398_0.5105_0.1093_0.1486end-0.65_5.84_-6.41_-129.25_76.99_-14.21_-14.38_-6.31_41.37_0.8296_0.5235_0.1193_0.1534end-0.89_6.24_-5.67_-129.25_76.99_-14.21_-14.38_-7.00_41.25_0.8296_0.5235_0.1193_0.1534end-0.91_6.25_-4.77_-129.25_76.99_-14.21_-15.44_-10.13_40.81_0.8296_0.5235_0.1193_0.1534end-0.91_6.25_-4.77_-147.16_66.14_-14.66_-15.44_-10.13_40.81_0.8183_0.5375_0.1291_0.1575end-0.91_6.25_-4.77_-150.74_61.55_-15.89_-15.44_-10.13_40.81_0.8144_0.5424_0.1320_0.1588end-0.41_5.97_-4.73_-150.74_61.55_-15.89_-15.44_-10.13_40.81_0.8102_0.5476_0.1348_0.1599end-0.41_5.97_-4.73_-159.13_38.27_-16.67_-15.44_-1,24.18747414,120.73573887,385.364013671875
313,0.13_40.81_0.8019_0.5580_0.1395_0.1614end-0.21_5.84_-4.48_-159.13_38.27_-16.67_-15.44_-10.13_40.81_0.7977_0.5634_0.1414_0.1618end-0.21_5.84_-4.48_-164.28_26.19_-17.12_-15.81_-12.63_39.44_0.7933_0.5691_0.1432_0.1621end-0.21_5.84_-4.48_-166.29_22.38_-17.57_-15.81_-12.63_39.44_0.7845_0.5803_0.1462_0.1624end-0.31_6.44_-3.23_-166.29_22.38_-17.57_-15.81_-12.63_39.44_0.7799_0.5862_0.1475_0.1623end-0.05_6.99_-2.45_-166.29_22.38_-17.57_-15.81_-12.63_39.44_0.7753_0.5920_0.1486_0.1621end-0.10_7.07_-2.35_-174.68_-9.62_-17.12_-15.81_-12.63_39.44_0.7753_0.5920_0.1486_0.1621end-0.10_7.07_-2.35_-174.68_-9.62_-17.12_-15.81_-12.63_39.44_0.7614_0.6099_0.1505_0.1601end-0.30_7.12_-2.44_-174.68_-9.62_-17.12_-17.37_-17.12_37.13_0.7614_0.6099_0.1505_0.1601end-0.30_7.12_-2.44_-177.82_-28.20_-16.45_-17.37_-17.12_37.13_0.7521_0.6221_0.1502_0.1573end-0.40_6.98_-2.61_-177.82_-28.20_-16.45_-17.37_-17.12_37.13_0.7521_0.6221_0.1502_0.1573end-0.40_6.98_-2.61_-177.82_-28.20_-16.45_-17.37_-17.12_37.13_0.7473_0.6285_0.1497_0.1555end-0.40_6.98_-2.61_-181.62_-55.95_-12.20_-17.37_-17.12_37.13_0.7329_0.6473_0.1472_0.1491end,24.18747414,120.73573887,385.364013671875
314,-0.13_6.66_-2.22_-183.30_-55.51_-10.63_-17.37_-17.12_37.13_0.7329_0.6473_0.1472_0.1491end-0.13_6.66_-2.22_-183.30_-55.51_-10.63_-14.87_-22.31_36.19_0.7231_0.6596_0.1454_0.1443end-0.13_6.66_-2.22_-183.30_-55.51_-10.63_-14.87_-22.31_36.19_0.7130_0.6719_0.1437_0.1395end0.05_6.46_-1.70_-183.30_-55.51_-10.63_-14.87_-22.31_36.19_0.7079_0.6780_0.1431_0.1373end-0.04_6.38_-1.46_-183.30_-55.51_-10.63_-15.19_-23.75_36.19_0.7079_0.6780_0.1431_0.1373end-0.04_6.38_-1.46_-183.08_-33.46_-7.27_-15.19_-23.75_36.19_0.6973_0.6899_0.1422_0.1331end-0.04_6.38_-1.46_-183.08_-33.46_-7.27_-15.19_-23.75_36.19_0.6866_0.7013_0.1417_0.1292end-0.04_6.38_-1.46_-183.19_-32.01_-4.36_-14.19_-25.19_33.13_0.6866_0.7013_0.1417_0.1292end-0.04_6.38_-1.46_-183.19_-32.01_-4.36_-13.50_-27.31_32.19_0.6810_0.7071_0.1416_0.1271end-0.04_6.38_-1.46_-178.94_-9.29_-5.60_-13.50_-27.31_32.19_0.6701_0.7180_0.1418_0.1235end,24.18747414,120.73573887,385.364013671875
315,,24.18747414,120.73573887,385.364013671875
316,,24.18747414,120.73573887,385.364013671875
317,-0.04_6.38_-1.46_-178.94_-9.29_-5.60_-13.50_-27.31_32.19_0.6701_0.7180_0.1418_0.1235end-0.04_6.38_-1.46_-177.59_-5.48_-5.48_-13.13_-28.31_30.88_0.6588_0.7287_0.1428_0.1210end-0.04_6.38_-1.46_-177.59_-5.48_-5.48_-13.13_-28.31_30.88_0.6476_0.7388_0.1440_0.1188end0.01_3.42_0.53_-177.59_-5.48_-5.48_-13.13_-28.31_30.88_0.6417_0.7440_0.1447_0.1177end0.01_3.42_0.53_-173.12_-9.06_-6.49_-13.50_-30.12_28.62_0.6360_0.7488_0.1453_0.1166end-0.17_2.85_0.94_-173.12_-9.06_-6.49_-13.50_-30.12_28.62_0.6248_0.7585_0.1461_0.1142end-0.18_2.70_1.02_-171.66_-26.86_-5.82_-14.31_-32.19_28.56_0.6248_0.7585_0.1461_0.1142end-0.18_2.70_1.02_-170.43_-39.17_-4.92_-14.31_-32.19_28.56_0.6136_0.7681_0.1459_0.1105end-0.18_2.70_1.02_-168.98_-51.25_-4.36_-13.56_-32.56_26.81_0.6136_0.7681_0.1459_0.1105end-0.18_2.70_1.02_-167.86_-62.56_-3.80_-13.56_-32.56_26.81_0.6027_0.7777_0.1444_0.1050end,24.18747414,120.73573887,385.364013671875
318,,24.18747414,120.73573887,385.364013671875
319,-0.18_2.70_1.02_-165.84_-72.29_-3.58_-12.81_-34.00_25.94_0.6027_0.7777_0.1444_0.1050end-0.18_2.70_1.02_-162.82_-87.06_-1.57_-12.81_-34.00_25.94_0.5873_0.7915_0.1404_0.0945end-0.18_2.70_1.02_-159.02_-96.57_1.12_-12.81_-34.00_25.50_0.5873_0.7915_0.1404_0.0945end-0.18_2.70_1.02_-157.23_-99.26_2.13_-11.75_-34.38_24.63_0.5771_0.8005_,24.18747414,120.73573887,385.364013671875
320,0.1369_0.0861end-0.18_2.70_1.02_-157.23_-99.26_2.13_-11.75_-34.38_24.63_0.5672_0.8090_0.1332_0.0771end0.14_3.01_2.54_-157.23_-99.26_2.13_-11.75_-34.38_24.63_0.5624_0.8131_0.1313_0.0726end0.14_3.01_2.54_-150.85_-102.84_4.81_-11.44_-36.75_22.37_0.5624_0.8131_0.1313_0.0726end0.43_3.05_2.29_-148.39_-102.95_5.48_-11.44_-36.75_22.37_0.5528_0.8210_0.1276_0.0632end0.43_3.05_2.29_-148.39_-102.95_5.48_-11.06_-36.75_22.37_0.5435_0.8284_0.1238_0.0538end0.43_3.05_2.29_-140.89_-111.46_8.50_-11.06_-36.75_22.37_0.5391_0.8320_0.1218_0.0490end,24.18747414,120.73573887,385.364013671875
321,0.06_3.68_3.13_-140.89_-111.46_8.50_-10.31_-37.44_22.37_0.5391_0.8320_0.1218_0.0490end0.06_3.68_3.13_-138.32_-112.80_9.74_-10.31_-37.44_22.37_0.5259_0.8420_0.1158_0.0337end0.06_3.68_3.13_-130.37_-116.05_12.20_-9.25_-37.81_21.50_0.5259_0.8420_0.1158_0.0337end0.10_5.08_2.79_-130.37_-116.05_12.20_-9.25_-37.81_21.50_0.5259_0.8420_0.1158_0.0337end0.02_5.21_2.92_-124.22_-116.61_14.44_-9.25_-37.81_21.50_0.5259_0.8420_0.1158_0.0337end0.29_5.46_2.86_-121.42_-116.16_15.11_-9.25_-37.81_21.50_0.5259_0.8420_0.1158_0.0337end0.29_5.46_2.86_-121.42_-116.16_15.11_-10.00_-38.94_18.44_0.5016_0.8588_0.1038_0.0023end-0.58_4.96_1.65_-121.42_-116.16_15.11_-9.25_-39.25_18.81_0.4979_0.8612_0.1020_-0.0028end1.31_5.94_3.13_-121.42_-116.16_15.11_-9.25_-39.25_18.81_0.4941_0.8635_0.1002_-0.0078end-0.25_5.03_3.47_-121.42_-116.16_15.11_-9.25_-40.69_17.94_0.4941_0.8635_0.1002_-0.0078end,24.18747414,120.73573887,385.364013671875
322,,24.18747414,120.73573887,385.364013671875
323,0.93_5.38_3.36_-102.06_-106.09_17.57_-9.25_-40.69_17.94_0.4871_0.8678_0.0969_-0.0172end0.93_5.38_3.36_-102.06_-106.09_17.57_-9.25_-40.69_17.94_0.4836_0.8698_0.0952_-0.0222end0.93_5.38_3.36_-95.68_-107.99_17.01_-8.25_-40.38_15.75_0.4772_0.8734_0.0918_-0.0318end1.75_6.74_3.95_-95.68_-107.99_17.01_-8.25_-40.38_15.75_0.4772_0.8734_0.0918_-0.0318end2.09_6.97_4.09_-95.68_-107.99_17.01_-8.25_-40.38_15.75_0.4685_0.8780_0.0864_-0.0464end2.08_7.41_4.04_-95.68_-107.99_17.01_-8.25_-40.38_15.75_0.4659_0.8793_0.0847_-0.0510end1.85_7.59_3.93_-95.68_-107.99_17.01_-8.25_-40.38_15.75_0.4659_0.8793_0.0847_-0.0510end1.85_7.66_3.73_-65.13_-61.77_10.63_-7.87_-40.69_16.19_0.,24.18747414,120.73573887,385.364013671875
324,,24.18747414,120.73573887,385.364013671875
325,4659_0.8793_0.0847_-0.0510end1.85_7.66_3.73_-65.13_-61.77_10.63_-7.12_-40.69_15.31_0.4584_0.8829_0.0805_-0.0622end1.71_7.66_4.02_-65.13_-61.77_10.63_-7.12_-40.69_15.31_0.4540_0.8850_0.0792_-0.0663end,24.18747414,120.73573887,385.364013671875
326,1.71_7.66_4.02_-53.27_-0.34_5.71_-7.12_-40.69_15.31_0.4540_0.8850_0.0792_-0.0663end1.68_7.78_3.99_-53.27_-0.34_5.71_-7.12_-40.69_15.31_0.4519_0.8860_0.0790_-0.0670end1.47_8.00_3.87_-53.27_-0.34_5.71_-6.44_-42.06_14.44_0.4479_0.8881_0.0798_-0.0660end1.29_8.22_3.73_-41.74_50.47_0.56_-6.44_-42.06_14.44_0.4479_0.8881_0.0798_-0.0660end1.32_8.50_3.86_-41.74_50.47_0.56_-6.44_-42.06_14.44_0.4427_0.8909_0.0825_-0.0601end1.39_8.80_4.20_-41.74_50.47_0.56_-8.94_-41.37_13.50_0.4412_0.8917_0.0837_-0.0574end1.33_8.98_4.98_-41.74_50.47_0.56_-8.94_-41.37_13.50_0.4399_0.8924_0.0848_-0.0546end1.21_9.33_4.81_-21.49_71.62_-6.60_-8.94_-41.37_13.50_0.4399_0.8924_0.0848_-0.05,24.18747414,120.73573887,385.364013671875
327,,24.18747414,120.73573887,385.364013671875
328,,24.18747414,120.73573887,385.364013671875
329,46end1.21_9.33_4.81_-21.49_71.62_-6.60_-8.25_-41.81_12.69_0.4368_0.8940_0.0878_-0.0463end0.62_10.30_4.48_-21.49_71.62_-6.60_-8.25_-41.81_12.69_0.4362_0.8944_0.0886_-0.0437end0.53_10.72_4.52_-5.71_52.60_-9.96_-8.25_-41.81_12.69_0.4362_0.8944_0.0886_-0.0437end0.39_10.88_4.55_-1.01_45.21_-10.52_-9.31_-42.81_12.69_0.4362_0.8944_0.0886_-0.0437end0.41_11.05_4.81_2.91_37.82_-11.08_-9.31_-42.81_12.69_0.4362_0.8944_0.0886_-0.0437end0.55_11.44_5.05_2.91_37.82_-11.08_-9.31_-42.81_12.69_0.4353_0.8950_0.0904_-0.0359end0.59_11.68_5.09_2.91_37.82_-11.08_-9.31_-42.81_12.69_0.4360_0.8948_0.0904_-0.0337end0.84_12.08_5.06_2.91_37.82_-11.08_-8.25_-42.06_13.06_0.4375_0.8942_0.0897_-0.0327end1.01_12.14_4.94_2.91_37.82_-11.08_-7.87_-41.75_13.13_0.4385_0.8937_0.0891_-0.0326end1.11_12.27_4.87_2.91_37.82_-11.08_-7.87_-41.75_13.13_0.4397_0.8932_0.0883_-0.0326end1.20_12.41_4.70_39.50_-10.63_-15.33_-7.87_-41.75_13.13_0.4397_0.8932_0.0883_-0.0326end1.20_12.41_4.70_43.42_-7.27_-16.79_-7.87_-41.75_13.13_0.4426_0.8919_0.0869_-0.0327end,24.18747414,120.73573887,385.364013671875
330,,24.18747414,120.73573887,385.364013671875
331,1.20_12.41_4.70_47.22_-3.69_-17.46_-7.87_-41.75_13.13_0.4460_0.8903_0.0854_-0.0323end1.38_12.25_4.45_47.22_-3.69_-17.46_-7.87_-41.75_13.13_0.4481_0.8894_0.0847_-0.0318end1.46_12.23_4.39_47.22_-3.69_-17.46_-7.87_-41.75_13.13_0.4481_0.8894_0.0847_-0.0318end1.47_12.23_4.39_58.75_1.12_-20.25_-6.44_-42.06_14.44_0.4481_0.8894_0.0847_-0.0318end1.47_12.23_4.39_62.11_0.90_-20.81_-6.75_-41.31_15.25_0.4481_0.8894_0.0847_-0.0318end1.47_12.23_4.39_62.11_0.90_-20.81_-6.75_-41.31_15.25_0.4598_0.8839_0.0811_-0.0286end1.38_11.91_4.22_62.11_0.90_-20.81_-6.44_-41.31_14.87_0.4598_0.8839_0.0811_-0.0286end-10.74_39.03_-38.51_62.11_0.90_-20.81_-6.44_-41.31_14.87_0.4598_0.883,24.18747414,120.73573887,385.364013671875
332,9_0.0811_-0.0286end3.55_-42.47_42.02_62.11_0.90_-20.81_-7.50_-41.69_16.12_0.4598_0.8839_0.0811_-0.0286end3.55_-42.47_42.02_62.11_0.90_-20.81_-7.50_-41.69_16.12_0.4723_0.8775_0.0792_-0.0257end,24.18747414,120.73573887,385.364013671875
333,,24.18747414,120.73573887,385.364013671875
334,-3.70_9.27_37.27_62.11_0.90_-20.81_-7.50_-41.69_16.12_0.4752_0.8759_0.0782_-0.0278end1.69_7.04_17.00_62.11_0.90_-20.81_-7.50_-41.69_16.12_0.4752_0.8759_0.0782_-0.0278end4.62_9.94_16.48_-9.85_-21.15_-15.33_-7.50_-41.69_16.12_0.4752_0.8759_0.0782_-0.0278end4.62_9.94_16.48_52.26_0.56_-16.23_-7.50_-41.69_16.12_0.4756_0.8759_0.0746_-0.0336end4.62_9.94_16.48_52.26_0.56_-16.23_-7.12_-40.63_17.94_0.4785_0.8744_0.0732_-0.0333end-0.01_7.76_8.87_60.76_-16.00_-12.42_-7.12_-40.63_17.94_0.4785_0.8744_0.0732_-0.0333end2.30_8.41_8.11_60.76_-16.00_-12.42_-7.12_-40.63_17.94_0.4785_0.8744_0.0732_-0.0333end2.30_8.41_8.11_60.76_-16.00_-12.42_-6.37_-40.63_17.50_0.4860_0.870,24.18747414,120.73573887,385.364013671875
335,4_0.0710_-0.0336end1.79_8.33_11.09_60.76_-16.00_-12.42_-6.37_-40.63_17.50_0.4908_0.8678_0.0698_-0.0339end2.33_7.75_11.43_60.76_-16.00_-12.42_-6.37_-40.63_17.50_0.4928_0.8667_0.0691_-0.0342end,24.18747414,120.73573887,385.364013671875
336,1.21_7.48_9.79_42.86_-19.70_-10.63_-5.62_-41.00_18.81_0.4928_0.8667_0.0691_-0.0342end1.88_7.53_7.51_42.86_-19.70_-10.63_-5.62_-41.00_18.81_0.4982_0.8638_0.0667_-0.0354end0.97_7.37_6.33_42.86_-19.70_-10.63_-5.62_-41.00_18.81_0.5002_0.8626_0.0656_-0.0361end0.97_7.37_6.33_42.86_-19.70_-10.63_-5.25_-40.25_19.31_0.5026_0.8613_0.0644_-0.0370end0.84_7.70_5.50_42.86_-19.70_-10.63_-5.25_-40.25_19.31_0.5075_0.8585_0.0618_-0.0394end0.80_7.71_5.30_42.86_-19.70_-10.63_-6.00_-40.25_19.31_0.5075_0.8585_0.0618_-0.0394end0.80_7.71_5.30_60.21_-41.96_-11.97_-6.00_-40.25_19.31_0.5099_0.8572_0.0605_-0.0406end0.80_7.71_5.30_58.53_-35.47_-12.53_-6.00_-40.25_19.31_0.5145_0.85,24.18747414,120.73573887,385.364013671875
337,44_0.0582_-0.0424end0.80_7.71_5.30_55.95_-16.00_-13.99_-6.00_-40.25_19.31_0.5167_0.8532_0.0574_-0.0427end0.90_7.66_4.22_55.95_-16.00_-13.99_-6.00_-40.25_19.31_0.5167_0.8532_0.0574_-0.0427end,24.18747414,120.73573887,385.364013671875
338,0.91_7.67_3.75_59.65_-2.35_-14.10_-6.00_-40.25_19.31_0.5233_0.8493_0.0557_-0.0419end0.70_7.82_3.86_59.65_-2.35_-14.10_-6.00_-40.25_19.31_0.5233_0.8493_0.0557_-0.0419end0.70_7.82_3.86_59.65_-2.35_-14.10_-6.00_-40.25_19.31_0.5302_0.8452_0.0551_-0.0398end0.54_7.93_4.16_59.65_-2.35_-14.10_-6.00_-40.25_19.31_0.5302_0.8452_0.0551_-0.0398end0.55_7.95_4.08_59.65_-2.35_-14.10_-6.00_-40.25_19.31_0.5323_0.8438_0.0549_-0.0389end0.59_7.96_3.81_59.65_-2.35_-14.10_-4.87_-38.81_23.25_0.5323_0.8438_0.0549_-0.0389end0.63_7.93_3.71_60.65_7.83_-12.42_-4.87_-38.81_23.25_0.5389_0.8398_0.0546_-0.0361end0.63_7.93_3.71_60.65_7.83_-12.42_-4.87_-38.81_23.25_0.5434_0.8370_0.0543_-0.0347end0.70_8.00_3.81_60.65_7.83_-12.42_-4.50_-38.13_23.31_0.5457_0.8356_0.0540_-0.0342end0.78_8.07_4.20_60.65_7.83_-12.42_-4.50_-38.13_23.31_0.5479_0.8342_0.0536_-0.0338end,24.18747414,120.73573887,385.364013671875
339,,24.18747414,120.73573887,385.364013671875
340,,24.18747414,120.73573887,385.364013671875
341,,24.18747414,120.73573887,385.364013671875
342,,24.18747414,120.73573887,385.364013671875
343,0.89_8.11_4.62_60.65_7.83_-12.42_-4.50_-38.13_23.31_0.5479_0.8342_0.0536_-0.0338end0.89_8.11_4.62_60.65_7.83_-12.42_-4.50_-37.06_22.81_0.5525_0.8312_0.0527_-0.0333end1.55_8.07_4.69_60.65_7.83_-12.42_-4.50_-37.06_22.81_0.5525_0.8312_0.0527_-0.0333end1.75_8.09_4.59_61.32_-15.11_-12.42_-4.12_-38.44_25.06_0.5525_0.8312_0.0527_-0.0333end1.96_8.04_4.46_61.32_-15.11_-12.42_-4.12_-38.44_25.06_0.5525_0.8312_0.0527_-0.0333end1.96_8.04_4.46_62.00_-28.31_-12.76_-4.12_-38.44_25.06_0.5662_0.8222_0.0481_-0.0341end2.08_8.05_4.27_62.00_-28.31_-12.76_-4.12_-36.00_24.19_0.5684_0.8207_0.0470_-0.0347end2.21_8.11_3.90_62.00_-28.31_-12.76_-4.12_-36.00_24.19_0.5707_0.8191_0.0,24.18747414,120.73573887,385.364013671875
344,458_-0.0354end2.25_8.09_3.67_62.00_-28.31_-12.76_-3.75_-36.69_24.12_0.5707_0.8191_0.0458_-0.0354end2.40_8.09_3.43_62.22_-37.04_-16.00_-3.75_-36.69_24.12_0.5707_0.8191_0.0458_-0.0354end2.40_8.09_3.43_62.22_-37.04_-16.00_-4.50_-36.31_25.88_0.5800_0.8127_0.0403_-0.0386end2.72_8.09_2.80_62.22_-37.04_-16.00_-4.50_-36.31_25.88_0.5823_0.8111_0.0389_-0.0393end2.72_8.09_2.80_62.89_-26.30_-17.79_-4.50_-36.31_25.88_0.5823_0.8111_0.0389_-0.0393end2.71_8.08_2.62_62.89_-26.30_-17.79_-2.25_-34.56_27.69_0.5823_0.8111_0.0389_-0.0393end2.46_8.14_2.50_63.45_-10.07_-18.46_-2.25_-34.56_27.69_0.5823_0.8111_0.0389_-0.0393end2.46_8.14_2.50_63.34_8.95_-19.81_-2.25_-34.56_27.69_0.5937_0.8030_0.0345_-0.0388end2.01_8.17_2.37_63.34_8.95_-19.81_-2.25_-34.56_27.69_0.5959_0.8014_0.0343_-0.0377end2.01_8.17_2.37_63.34_22.72_-20.59_-2.25_-34.56_27.69_0.5981_0.7998_0.0342_-0.0364end1.77_8.25_2.14_63.00_26.07_-21.26_-2.25_-34.56_27.69_0.6025_0.7967_0.0342_-0.0333end1.79_8.24_2.12_63.00_26.07_-21.26_-2.25_-34.56_27.69_0.6047_0.7950_0.0342_-0.0317end,24.18747414,120.73573887,385.364013671875
345,1.73_8.21_2.09_63.00_26.07_-21.26_-2.25_-34.56_27.69_0.6069_0.7935_0.0342_-0.0302end1.69_8.27_2.09_63.00_26.07_-21.26_-2.25_-34.56_27.69_0.6091_0.7918_0.0342_-0.0287end1.64_8.29_2.12_63.79_16.45_-21.26_-2.25_-34.56_27.69_0.6091_0.7918_0.0342_-0.0287end1.46_8.30_1.93_63.79_16.45_-21.26_-2.25_-33.13_29.50_0.6157_0.7869_0.0334_-0.0251end1.35_8.36_1.82_63.79_16.45_-21.26_-3.00_-33.50_29.50_0.6179_0.7852_0.0331_-0.0240end1.34_8.39_1.70_62.89_16.45_-22.05_-3.00_-33.50_29.50_0.6179_0.7852_0.0331_-0.0240end1.34_8.39_1.70_62.33_20.25_-22.05_-2.94_-33.50_30.81_0.6179_0.7852_0.0331_-0.0240end1.34_8.39_1.70_62.33_29.66_-21.60_-2.62_-33.13_29.50_0.6243_0.7803_0.032,24.18747414,120.73573887,385.364013671875
346,6_-0.0200end1.34_8.39_1.70_62.33_29.66_-21.60_-2.62_-33.13_29.50_0.6285_0.7770_0.0328_-0.0166end0.58_8.42_0.95_62.33_29.66_-21.60_-1.87_-31.69_30.88_0.6306_0.7753_0.0331_-0.0147end,24.18747414,120.73573887,385.364013671875
347,0.41_8.55_1.07_62.33_29.66_-21.60_-1.87_-31.69_30.88_0.6306_0.7753_0.0331_-0.0147end-0.18_8.59_1.02_61.66_33.57_-19.58_-1.87_-31.69_30.88_0.6306_0.7753_0.0331_-0.0147end-0.18_8.59_1.02_61.66_33.57_-19.58_-2.94_-32.06_31.25_0.6367_0.7703_0.0341_-0.0093end-0.23_8.58_1.52_61.66_33.57_-19.58_-2.94_-32.06_31.25_0.6408_0.7669_0.0342_-0.0062end-0.12_8.52_1.48_62.00_15.22_-19.92_-2.94_-32.06_31.25_0.6408_0.7669_0.0342_-0.0062end-0.04_8.56_1.62_61.55_11.19_-19.47_-2.94_-32.06_31.25_0.6408_0.7669_0.0342_-0.0062end-0.05_8.56_1.71_61.55_11.19_-19.47_-3.31_-31.75_31.25_0.6408_0.7669_0.0342_-0.0062end0.05_8.57_1.67_61.55_11.19_-19.47_-3.31_-31.75_31.25_0.6510_0.7584_0.0325_-0.0013end-0.09_8.55_1.71_61.55_11.19_-19.47_-3.69_-30.69_30.88_0.6531_0.7567_0.0320_-0.0005end-0.09_8.55_1.71_62.89_8.06_-18.69_-3.69_-30.69_30.88_0.6531_0.7567_0.0320_-0.0005end,24.18747414,120.73573887,385.364013671875
348,,24.18747414,120.73573887,385.364013671875
349,-0.09_8.55_1.71_62.89_8.06_-18.69_-2.19_-30.62_31.69_0.6552_0.7548_0.0316_0.0003end-0.09_8.55_1.71_63.45_11.53_-18.24_-2.19_-30.62_31.69_0.6592_0.7513_0.0310_0.0023end-0.09_8.55_1.71_63.45_11.53_-18.24_-2.94_-29.56_32.69_0.6614_0.7495_0.0310_0.0036end-0.09_8.55_1.71_63.67_28.09_-17.68_-2.94_-29.56_32.69_0.6654_0.7458_0.0314_0.00,24.18747414,120.73573887,385.364013671875
350,66end-0.37_8.41_2.24_63.67_35.36_-16.67_-2.56_-28.87_33.06_0.6654_0.7458_0.0314_0.0066end-0.75_8.64_2.18_64.12_35.70_-15.55_-2.56_-28.87_33.06_0.6654_0.7458_0.0314_0.0066end-0.75_8.64_2.18_64.12_35.70_-15.55_-2.87_-27.81_35.25_0.6735_0.7383_0.0333_0.0134end-0.81_8.55_2.07_64.12_35.70_-15.55_-2.87_-27.81_35.25_0.6756_0.7363_0.0339_0.0151end-0.87_8.52_1.65_64.12_35.70_-15.55_-2.87_-27.81_35.25_0.6756_0.7363_0.0339_0.0151end-0.87_8.52_1.65_66.81_35.81_-14.66_-2.87_-27.81_35.25_0.6756_0.7363_0.0339_0.0151end,24.18747414,120.73573887,385.364013671875
351,-1.05_8.47_1.54_66.81_35.81_-14.66_-3.62_-28.19_34.44_0.6756_0.7363_0.0339_0.0151end-1.05_8.47_1.54_66.81_35.81_-14.66_-3.62_-27.50_34.88_0.6860_0.7264_0.0367_0.0234end-1.18_8.48_1.27_66.81_35.81_-14.66_-3.62_-27.50_34.88_0.6880_0.7243_0.0372_0.0250end-1.18_8.48_1.27_68.82_29.54_-10.30_-3.62_-27.50_34.88_0.6880_0.7243_0.0372_0.0,24.18747414,120.73573887,385.364013671875
352,250end-1.35_8.47_1.57_68.71_19.47_-9.85_-3.62_-27.50_34.88_0.6880_0.7243_0.0372_0.0250end-1.35_8.47_1.57_69.16_12.20_-9.62_-2.87_-27.13_35.75_0.6965_0.7159_0.0385_0.0297end-0.84_8.46_1.12_69.16_12.20_-9.62_-2.87_-27.13_35.75_0.6987_0.7138_0.0384_0.0304end-0.63_8.38_0.84_68.93_-3.58_-8.95_-2.87_-27.13_35.75_0.6987_0.7138_0.0384_0.0304end-0.63_8.38_0.84_68.93_-3.58_-8.95_-2.87_-27.13_35.75_0.7050_0.7075_0.0368_0.0311end-0.34_8.36_-0.79_68.93_-3.58_-8.95_-2.87_-27.13_35.75_0.7050_0.7075_0.0368_0.0311end,24.18747414,120.73573887,385.364013671875
353,,24.18747414,120.73573887,385.364013671875
354,,24.18747414,120.73573887,385.364013671875
355,-0.50_8.35_-1.82_66.92_-1.23_-7.61_-2.87_-27.13_35.75_0.7050_0.7075_0.0368_0.0311end-0.50_8.35_-1.82_66.92_-1.23_-7.61_-3.56_-24.31_36.69_0.7112_0.7014_0.0355_0.0318end-0.50_8.35_-1.82_66.02_10.07_-7.05_-3.56_-24.31_36.69_0.7132_0.6993_0.0354_0.0323end-0.50_8.35_-1.82_66.02_13.76_-6.83_-3.56_-24.31_36.69_0.7171_0.6952_0.0356_0.0,24.18747414,120.73573887,385.364013671875
356,338end-0.50_8.35_-1.82_67.14_17.68_-7.83_-2.87_-24.69_37.06_0.7171_0.6952_0.0356_0.0338end-0.50_8.35_-1.82_67.14_17.68_-7.83_-2.50_-24.00_37.13_0.7192_0.6931_0.0358_0.0347end-0.50_8.35_-1.82_68.93_19.25_-7.72_-2.50_-24.00_37.13_0.7231_0.6888_0.0363_0.0365end-0.50_8.65_-2.77_68.04_19.25_-6.94_-2.50_-23.94_37.56_0.7252_0.6865_0.03,24.18747414,120.73573887,385.364013671875
357,66_0.0375end-0.50_8.65_-2.77_65.46_20.25_-4.36_-2.50_-23.94_37.56_0.7291_0.6823_0.0372_0.0392end-1.28_8.69_-2.90_65.46_20.25_-4.36_-2.50_-23.94_37.56_0.7291_0.6823_0.0372_0.0392end-1.28_8.69_-2.90_65.46_20.25_-4.36_-2.50_-23.94_37.56_0.7345_0.6761_0.0391_0.0422end-2.30_8.63_-4.09_65.46_20.25_-4.36_-2.50_-23.94_37.56_0.7361_0.6743_0.0400_0.0435end-2.63_9.94_-4.66_65.46_20.25_-4.36_-2.50_-23.94_37.56_0.7361_0.6743_0.0400_0.0435end-3.06_8.86_-5.14_65.46_20.25_-4.36_-2.50_-23.94_37.56_0.7394_0.6704_0.0419_0.0457end-3.06_8.86_-5.14_65.46_20.25_-4.36_-3.94_-21.19_39.31_0.7410_0.6685_0.0423_0.0464end-2.75_8.97_-3.57_65.46_20.25_-4.36_-3.94_-21.19_39.31_0.7445_0.6647_0.0421_0.0465end-2.40_8.98_-3.40_65.46_20.25_-4.36_-3.94_-21.19_39.31_0.7463_0.6627_0.0413_0.0460end-1.68_8.98_-2.48_65.46_20.25_-4.36_-4.69_-21.25_38.50_0.7463_0.6627_0.0413_0.0460end-1.39_9.01_-2.47_54.95_-41.63_1.12_-4.69_-21.25_38.50_0.7463_0.6627_0.0413_0.0460end-0.94_8.98_-2.84_54.95_-41.63_1.12_-3.56_-20.50_38.94_0.7516_0.6571_0.0375_0.0433end,24.18747414,120.73573887,385.364013671875
358,,24.18747414,120.73573887,385.364013671875
359,-0.82_8.84_-3.83_52.48_-44.20_2.35_-3.56_-20.50_38.94_0.7548_0.6538_0.0345_0.0407end-0.70_8.75_-4.54_52.48_-44.20_2.35_-3.56_-20.50_38.94_0.7563_0.6522_0.0330_0.0394end-0.94_8.79_-5.66_52.48_-44.20_2.35_-3.56_-20.50_38.94_0.7563_0.6522_0.0330_0.0394end-0.73_8.79_-6.13_52.48_-44.20_2.35_-3.56_-20.50_38.94_0.7563_0.6522_0.0330_0.0394end-0.54_8.91_-6.08_52.48_-44.20_2.35_-3.56_-20.50_38.94_0.7623_0.6457_0.0268_0.0341end0.01_8.96_-5.55_52.48_-44.20_2.35_-3.56_-20.50_38.94_0.7623_0.6457_0.0268_0.0341end0.21_9.02_-5.29_52.48_-44.20_2.35_-3.56_-20.50_38.94_0.7654_0.6423_0.0237_0.0316end0.27_9.06_-5.29_46.33_-36.93_2.35_-3.56_-20.50_38.94_0.7654_0.6423_0.0237_0.0316end0.27_9.06_-5.29_46.33_-36.93_2.35_-2.44_-18.75_39.81_0.7682_0.6392_0.0210_0.0294end0.27_9.06_-5.29_44.43_-31.89_2.01_-3.12_-17.69_39.38_0.7695_0.6377_0.0198_0.0284end,24.18747414,120.73573887,385.364013671875
360,,24.18747414,120.73573887,385.364013671875
361,0.27_9.06_-5.29_42.97_-28.20_1.90_-3.12_-17.69_39.38_0.7708_0.6362_0.0188_0.0275end-0.26_9.02_-5.55_43.08_-24.40_0.45_-2.44_-18.00_41.13_0.7708_0.6362_0.0188_0.0275end-0.26_9.02_-5.55_43.53_-23.16_0.56_-2.44_-18.00_41.13_0.7744_0.6320_0.0162_0.0255end-0.26_9.02_-5.55_43.20_-22.49_0.45_-2.44_-18.00_41.13_0.7756_0.6306_0.0154_0.0248end0.18_9.12_-4.86_43.20_-22.49_0.45_-2.44_-18.00_41.13_0.7780_0.6277_0.0139_0.0237end0.18_9.12_-4.86_43.20_-22.49_0.45_-1.69_-17.31_39.88_0.7780_0.6277_0.0139_0.0237end0.53_9.18_-4.10_43.20_-22.49_0.45_-1.69_-17.31_39.88_0.7780_0.6277_0.0139_0.0237end0.76_9.15_-4.09_43.20_-22.49_0.45_-1.69_-17.31_39.88_0.7780_0.6277_0.0139_0.0237end0.89_9.11_-4.33_43.20_-22.49_0.45_-1.69_-17.31_39.88_0.7833_0.6212_0.0112_0.0221end0.93_9.13_-4.37_35.03_-11.19_-1.34_-0.62_-16.62_40.75_0.7833_0.6212_0.0112_0.0221end,24.18747414,120.73573887,385.364013671875
362,,24.18747414,120.73573887,385.364013671875
363,,24.18747414,120.73573887,385.364013671875
364,0.93_9.13_-4.37_35.03_-11.19_-1.34_-0.62_-16.62_40.75_0.7862_0.6176_0.0097_0.0213end1.30_9.12_-4.20_35.03_-11.19_-1.34_-1.62_-15.88_42.56_0.7871_0.6163_0.0091_0.0210end1.39_9.14_-4.07_35.03_-11.19_-1.34_-1.37_-15.88_40.75_0.7881_0.6151_0.0084_0.0206end1.46_9.13_-3.81_35.25_-12.76_-3.58_-1.37_-15.88_40.75_0.7881_0.6151_0.0084_0.0206end1.59_9.09_-3.41_35.25_-12.76_-3.58_-1.37_-15.88_40.75_0.7910_0.6115_0.0068_0.0203end1.60_9.11_-3.25_34.36_0.22_-4.92_-1.37_-15.88_40.75_0.7919_0.6102_0.0066_0.0204end1.59_9.10_-3.04_34.36_0.22_-4.92_-1.37_-15.88_40.75_0.7928_0.6091_0.0065_0.0207end1.49_9.10_-2.94_34.02_8.28_-5.26_-1.00_-14.81_41.19_0.7928_0.6091_0.0065_0.0,24.18747414,120.73573887,385.364013671875
365,207end1.43_9.09_-2.85_34.13_11.75_-6.27_-1.00_-14.81_41.19_0.7928_0.6091_0.0065_0.0207end1.35_9.07_-2.76_34.13_11.75_-6.27_-0.25_-15.19_41.69_0.7964_0.6043_0.0073_0.0228end,24.18747414,120.73573887,385.364013671875
366,,24.18747414,120.73573887,385.364013671875
367,1.28_9.06_-2.70_34.13_11.75_-6.27_-0.25_-15.19_41.69_0.7973_0.6031_0.0078_0.0237end1.29_9.06_-2.62_34.13_11.75_-6.27_-0.25_-15.19_41.69_0.7982_0.6018_0.0083_0.0245end1.05_9.05_-2.45_34.13_11.75_-6.27_-0.25_-15.19_41.69_0.7991_0.6006_0.0089_0.0255end1.05_9.04_-2.43_34.69_26.19_-8.62_-0.25_-15.19_41.69_0.8009_0.5981_0.0102_0.0275e,24.18747414,120.73573887,385.364013671875
368,nd1.03_9.02_-2.38_34.69_26.19_-8.62_-1.31_-13.81_42.13_0.8018_0.5969_0.0108_0.0286end0.86_9.00_-2.36_34.69_26.19_-8.62_-1.31_-13.81_42.13_0.8018_0.5969_0.0108_0.0286end0.86_9.00_-2.36_34.69_26.19_-8.62_-1.31_-13.81_42.13_0.8027_0.5956_0.0115_0.0296end0.45_8.96_-2.41_34.69_26.19_-8.62_-1.31_-13.81_42.13_0.8027_0.5956_0.0115_0.0296end0.45_8.96_-2.41_34.69_26.19_-8.62_-1.62_-13.13_42.13_0.8062_0.5905_0.0139_0.0337end0.05_8.93_-2.38_34.69_26.19_-8.62_-1.62_-13.13_42.13_0.8071_0.5892_0.0143_0.0346end,24.18747414,120.73573887,385.364013671875
369,,24.18747414,120.73573887,385.364013671875
370,0.05_8.93_-2.38_36.15_12.20_-9.40_-1.62_-13.13_42.13_0.8080_0.5879_0.0145_0.0353end-0.11_8.93_-2.36_36.15_12.20_-9.40_-0.94_-12.06_42.13_0.8080_0.5879_0.0145_0.0353end-0.10_8.94_-2.31_36.15_12.20_-9.40_-0.94_-13.13_43.00_0.8108_0.5840_0.0137_0.0366end-0.12_8.89_-2.28_36.93_-16.11_-10.30_-0.94_-13.13_43.00_0.8118_0.5827_0.0129_0.0366end0.11_8.84_-2.28_36.93_-16.11_-10.30_-0.94_-13.13_43.00_0.8127_0.5814_0.0120_0.0365end0.24_8.80_-2.35_36.93_-16.11_-10.30_-1.62_-11.00_43.00_0.8127_0.5814_0.0120_0.0365end0.41_8.75_-2.48_37.38_-25.96_-10.30_-1.62_-11.00_43.00_0.8127_0.5814_0.0120_0.0365end0.39_8.74_-2.62_37.38_-25.96_-10.30_-2.00_-12.06_42.62_0.8155_0.5776,24.18747414,120.73573887,385.364013671875
371,_0.0084_0.0358end0.39_8.74_-2.62_37.38_-25.96_-10.30_-2.00_-12.06_42.62_0.8174_0.5749_0.0062_0.0356end0.33_8.69_-2.75_37.38_-25.96_-10.30_-2.00_-12.06_42.62_0.8174_0.5749_0.0062_0.0356end,24.18747414,120.73573887,385.364013671875
372,0.25_8.66_-2.80_37.38_-25.96_-10.30_-1.31_-12.06_43.87_0.8174_0.5749_0.0062_0.0356end0.10_8.64_-2.66_38.61_3.80_-10.97_-1.31_-12.06_43.87_0.8174_0.5749_0.0062_0.0356end0.10_8.64_-2.66_40.96_37.82_-11.41_-1.31_-12.06_43.87_0.8222_0.5679_0.0063_0.0389end-0.30_8.63_-2.33_40.96_37.82_-11.41_-1.31_-11.00_42.62_0.8222_0.5679_0.0063_0.,24.18747414,120.73573887,385.364013671875
373,,24.18747414,120.73573887,385.364013671875
374,,24.18747414,120.73573887,385.364013671875
375,0389end-0.30_8.63_-2.33_41.52_46.78_-11.19_-1.31_-11.00_42.62_0.8242_0.5647_0.0090_0.0420end-0.83_8.61_-2.10_42.08_57.52_-10.52_-1.31_-11.00_42.62_0.8242_0.5647_0.0090_0.0420end-1.10_8.59_-2.29_42.64_57.97_-10.30_-1.31_-11.00_42.62_0.8242_0.5647_0.0090_0.0420end-1.21_8.54_-2.47_42.64_57.97_-10.30_-2.37_-10.69_41.75_0.8282_0.5581_0.0156_0.0490end-1.26_8.52_-2.63_42.64_57.97_-10.30_-2.37_-10.69_41.75_0.8292_0.5565_0.0168_0.0505end-1.36_8.43_-2.99_42.64_57.97_-10.30_-2.37_-10.69_41.75_0.8292_0.5565_0.0168_0.0505end,24.18747414,120.73573887,385.364013671875
376,-1.37_8.42_-3.03_42.64_57.97_-10.30_-2.69_-9.63_43.13_0.8292_0.5565_0.0168_0.0505end-1.37_8.42_-3.03_42.64_57.97_-10.30_-2.69_-9.63_43.13_0.8333_0.5499_0.0188_0.0541end-1.35_8.38_-3.17_42.64_57.97_-10.30_-2.69_-9.63_43.13_0.8344_0.5482_0.0184_0.0543end-1.39_8.31_-3.23_42.64_57.97_-10.30_-3.06_-8.56_43.56_0.8354_0.5466_0.0178_0.0544end-1.47_5.52_-3.13_42.64_57.97_-10.30_-3.06_-8.56_43.56_0.8354_0.5466_0.0178_0.0544end-1.47_5.52_-3.13_42.64_57.97_-10.30_-3.06_-8.56_43.56_0.8386_0.5419_0.0139_0.0531end-0.95_25.00_-2.00_49.91_-48.79_-6.49_-3.06_-8.56_43.56_0.8398_0.5403_0.0120_0.0523end-0.20_8.34_-6.21_49.91_-48.79_-6.49_-3.06_-8.56_43.56_0.8398_0.5403_0.0120_0.0523end-0.21_8.27_-3.73_44.99_-69.16_-5.26_-3.06_-8.56_43.56_0.8398_0.5403_0.0120_0.0523end-0.21_8.27_-3.73_44.99_-69.16_-5.26_-2.31_-7.25_43.56_0.8439_0.5344_0.0011_0.0469end,24.18747414,120.73573887,385.364013671875
377,0.00_8.05_-4.60_44.99_-69.16_-5.26_-2.31_-7.25_43.56_0.8449_0.5330_-0.0020_0.0453end0.04_8.00_-5.86_42.75_-71.06_-7.61_-2.31_-7.25_43.56_0.8449_0.5330_-0.0020_0.0453end0.41_8.04_-5.54_42.75_-71.06_-7.61_-1.56_-7.56_43.94_0.8449_0.5330_-0.0020_0.0453end0.12_8.08_-4.62_42.75_-71.06_-7.61_-1.56_-7.56_43.94_0.8489_0.5269_-0.0118_0.0411end-0.07_8.05_-4.47_44.76_-26.97_-8.39_-1.56_-7.56_43.94_0.8489_0.5269_-0.0118_0.0411end-0.54_7.97_-4.54_44.54_-20.48_-8.39_-0.50_-5.81_43.50_0.8489_0.5269_-0.0118_0.0411end-1.07_0.97_-4.37_43.98_-14.77_-7.72_-0.50_-5.81_43.50_0.8528_0.5203_-0.0160_0.0403end-1.26_-15.97_-3.16_43.98_-14.77_-7.72_-0.50_-5.81_43.50_0.8538_0.5187,24.18747414,120.73573887,385.364013671875
378,_-0.0164_0.0405end-3.74_15.46_-5.75_43.98_-14.77_-7.72_-0.50_-5.81_43.50_0.8538_0.5187_-0.0164_0.0405end7.88_15.26_-23.09_43.98_-14.77_-7.72_-0.50_-5.81_43.50_0.8538_0.5187_-0.0164_0.0405end,24.18747414,120.73573887,385.364013671875
379,-5.34_8.00_-2.31_58.08_-5.04_-1.23_-0.50_-5.81_43.50_0.8538_0.5187_-0.0164_0.0405end-5.34_8.00_-2.31_58.08_-5.04_-1.23_-0.50_-5.81_43.50_0.8586_0.5107_-0.0181_0.0414end-4.05_7.44_-4.79_58.08_-5.04_-1.23_-0.50_-5.81_43.50_0.8595_0.5092_-0.0181_0.0415end-1.92_8.20_-6.70_34.24_15.33_-10.97_-0.50_-5.81_43.50_0.8595_0.5092_-0.0181_0.0415end-1.92_8.20_-6.70_43.76_-2.35_-12.20_-0.88_-4.06_44.00_0.8595_0.5092_-0.0181_0.0415end-4.45_8.02_-4.47_43.76_-2.35_-12.20_-0.88_-4.06_44.00_0.8621_0.5046_-0.0189_0.0428end-4.45_8.02_-4.47_40.40_-22.83_-11.75_-0.50_-3.69_44.06_0.8621_0.5046_-0.0189_0.0428end-4.45_8.02_-4.47_41.85_-46.33_-3.58_-0.50_-3.69_44.06_0.8638_0.5016_-0.0214_0.0425end-4.45_8.02_-4.47_41.85_-46.33_-3.58_0.25_-3.69_43.63_0.8647_0.5000_-0.0232_0.0417end-4.45_8.02_-4.47_46.89_-50.92_-1.57_0.25_-3.69_43.63_0.8666_0.4968_-0.0272_0.0396end,24.18747414,120.73573887,385.364013671875
380,,24.18747414,120.73573887,385.364013671875
381,,24.18747414,120.73573887,385.364013671875
382,-4.45_8.02_-4.47_46.89_-50.92_-1.57_0.25_-3.69_43.63_0.8684_0.4935_-0.0308_0.0380end-1.56_7.84_-4.46_46.89_-50.92_-1.57_0.25_-3.69_43.63_0.8693_0.4918_-0.0322_0.0375end-0.30_7.77_-4.14_46.89_-50.92_-1.57_0.25_-3.69_43.63_0.8702_0.4902_-0.0338_0.0371end-0.30_7.66_-4.57_41.41_-37.71_-8.39_2.06_-2.62_42.75_0.8702_0.4902_-0.0338_0.0371end0.27_7.62_-4.68_41.18_-41.41_-6.60_2.06_-2.62_42.75_0.8727_0.4855_-0.0389_0.0353end-0.10_7.53_-5.07_42.30_-39.06_-5.37_2.06_-2.62_42.75_0.8735_0.4839_-0.0406_0.0346end-0.26_7.58_-4.99_42.97_-29.77_-6.71_2.06_-2.62_42.75_0.8735_0.4839_-0.0406_0.0346end-0.09_7.50_-4.77_42.97_-29.77_-6.71_2.12_-1.87_44.94_0.8761_0.4789_-0.0442_0.0338end0.09_7.52_-4.47_46.33_-6.38_-11.41_2.12_-1.87_44.94_0.8770_0.4772_-0.0448_0.0339end0.20_7.39_-3.74_46.33_-6.38_-11.41_2.12_-1.87_44.94_0.8770_0.4772_-0.0448_0.0339end,24.18747414,120.73573887,385.364013671875
383,,24.18747414,120.73573887,385.364013671875
384,0.18_7.37_-3.36_46.33_-6.38_-11.41_2.12_-1.87_44.94_0.8789_0.4736_-0.0460_0.0343end0.06_7.36_-3.29_45.55_-24.17_-9.40_2.12_-1.87_44.94_0.8789_0.4736_-0.0460_0.0343end0.06_7.36_-3.29_44.65_-30.21_-9.29_2.12_-1.87_44.94_0.8815_0.4683_-0.0493_0.0339end-0.61_7.25_-3.55_44.65_-30.21_-9.29_2.12_-1.87_44.94_0.8824_0.4666_-0.0507_0.0335end-0.61_7.25_-3.55_44.65_-30.21_-9.29_2.12_-0.94_43.69_0.8832_0.4649_-0.0524_0.0331end-0.73_7.17_-3.93_44.65_-30.21_-9.29_2.12_-0.94_43.69_0.8832_0.4649_-0.0524_0.0331end-0.70_7.21_-4.14_44.65_-30.21_-9.29_2.12_-0.94_43.69_0.8832_0.4649_-0.0524_0.0331end-0.70_7.21_-4.14_44.65_-30.21_-9.29_2.12_-0.94_43.69_0.8865_0.4578_-0.0609_0.0309end-0.43_6.83_-4.69_44.65_-30.21_-9.29_2.12_-0.94_43.69_0.8873_0.4559_-0.0634_0.0302end-0.14_7.01_-5.40_44.65_-30.21_-9.29_2.12_-0.94_43.69_0.8873_0.4559_-0.0634_0.0302end,24.18747414,120.73573887,385.364013671875
385,,24.18747414,120.73573887,385.364013671875
386,,24.18747414,120.73573887,385.364013671875
387,,24.18747414,120.73573887,385.364013671875
388,0.13_7.04_-5.92_49.57_-52.93_-14.55_4.69_-0.25_40.69_0.8873_0.4559_-0.0634_0.0302end0.13_7.04_-5.92_49.13_-49.01_-15.22_4.69_-0.25_40.69_0.8905_0.4482_-0.0726_0.0280end0.58_8.37_-10.07_49.13_-49.01_-15.22_4.69_-0.25_40.69_0.8905_0.4482_-0.0726_0.0280end1.29_19.55_-13.91_49.13_-49.01_-15.22_5.75_0.50_44.13_0.8905_0.4482_-0.0726_0.0280end1.29_19.55_-13.91_34.36_46.78_-26.07_5.75_0.50_44.13_0.8905_0.4482_-0.0726_0.0280end1.29_19.55_-13.91_34.36_46.78_-26.07_6.06_0.88_44.13_0.8935_0.4417_-0.0753_0.0303end1.29_19.55_-13.91_29.54_73.07_-27.53_6.06_0.88_44.13_0.8943_0.4402_-0.0735_0.0323end1.29_19.55_-13.91_29.54_73.07_-27.53_6.44_1.56_42.38_0.8951_0.4388_-0.,24.18747414,120.73573887,385.364013671875
389,0703_0.0353end1.29_19.55_-13.91_23.72_149.39_-24.17_6.44_1.56_42.38_0.8970_0.4359_-0.0601_0.0432end0.57_39.47_-11.08_23.72_149.39_-24.17_6.44_1.56_42.38_0.8978_0.4345_-0.0550_0.0466end0.57_39.47_-11.08_23.72_149.39_-24.17_6.44_1.56_42.38_0.8989_0.4327_-0.0455_0.0528end0.42_31.12_-10.93_23.72_149.39_-24.17_6.44_1.56_42.38_0.8990_0.4323_-0.0413_0.0555end-2.88_27.13_-7.60_23.72_149.39_-24.17_6.44_1.56_42.38_0.8992_0.4321_-0.0371_0.0582end-2.88_27.13_-7.60_-0.45_82.59_-10.85_3.25_1.87_42.00_0.8992_0.4321_-0.0371_0.0582end2.22_23.77_-6.99_-13.32_100.94_-19.58_3.25_1.87_42.00_0.8992_0.4321_-0.0371_0.0582end2.22_23.77_-6.99_-13.32_100.94_-19.58_3.25_1.87_42.00_0.8989_0.4321_-0.0237_0.0678end0.91_19.90_-3.90_-13.32_100.94_-19.58_3.25_1.87_42.00_0.8987_0.4324_-0.0211_0.0698end-0.75_18.70_-3.45_-15.55_47.34_-7.95_3.25_1.87_42.00_0.8987_0.4324,24.18747414,120.73573887,385.364013671875
390,,24.18747414,120.73573887,385.364013671875
391,_-0.0211_0.0698end-0.75_18.70_-3.45_-15.55_47.34_-7.95_3.25_1.87_42.00_0.8980_0.4335_-0.0154_0.0737end-0.50_17.02_-2.97_-17.01_36.71_-1.68_3.25_1.87_42.00_0.8977_0.4340_-0.0140_0.0745end-0.77_15.86_-2.85_-17.01_36.71_-1.68_3.25_1.87_42.00_0.8974_0.4346_-0.0125_0.0753end-1.33_14.88_-2.94_-20.70_50.25_-1.57_3.25_1.87_42.00_0.8974_0.4346_-0.0125_0.0753end-0.32_14.15_-3.21_-24.40_68.93_-4.36_-1.87_0.75_42.31_0.8974_0.4346_-0.0125_0.0753end-1.16_13.59_-3.38_-25.96_72.96_-0.45_-1.87_0.75_42.31_0.8957_0.4373_-0.0026_0,24.18747414,120.73573887,385.364013671875
392,.0804end-1.18_13.07_-2.57_-25.96_72.96_-0.45_-1.87_0.75_42.31_0.8952_0.4380_0.0004_0.0818end-1.48_11.95_-4.33_-25.96_72.96_-0.45_-4.44_0.75_43.63_0.8952_0.4380_0.0004_0.0818end-1.23_11.81_-4.63_-32.23_70.28_5.15_-4.44_0.75_43.63_0.8940_0.4400_0.0063_0.0842end-1.23_11.81_-4.63_-35.81_61.66_8.95_-4.44_0.75_43.63_0.8934_0.4410_0.0092_0.0853end-1.23_11.81_-4.63_-35.81_61.66_8.95_-5.19_1.44_42.81_0.8928_0.4421_0.0119_0.0861end-1.23_11.81_-4.63_-43.53_52.60_10.74_-5.19_1.44_42.81_0.8928_0.4421_0.0119_0.0861end,24.18747414,120.73573887,385.364013671875
393,-1.23_11.81_-4.63_-43.53_52.60_10.74_-5.87_1.81_43.25_0.8912_0.4447_0.0171_0.0875end-1.23_11.81_-4.63_-53.27_47.78_11.30_-5.87_1.81_43.25_0.8893_0.4480_0.0217_0.0886end-0.77_11.07_-7.18_-53.27_47.78_11.30_-5.87_1.81_43.25_0.8882_0.4500_0.0240_0.0889end-0.77_11.07_-7.18_-53.27_47.78_11.30_-5.87_1.81_43.25_0.8871_0.4521_0.0261_0.0893end-0.34_8.71_-7.09_-53.27_47.78_11.30_-5.87_1.81_43.25_0.8871_0.4521_0.0261_0.0893end-0.34_8.71_-7.09_-78.45_33.46_13.76_-5.87_1.81_43.25_0.8830_0.4594_0.0325_0.0902end0.30_7.18_-6.82_-78.45_33.46_13.76_-5.87_1.81_43.25_0.8799_0.4651_0.0362_0.0903end0.68_6.78_-7.00_-88.29_26.63_15.55_-5.87_1.81_43.25_0.8781_0.4683_0.0380_0.0,24.18747414,120.73573887,385.364013671875
394,901end0.82_6.34_-6.79_-88.29_26.63_15.55_-5.87_1.81_43.25_0.8763_0.4716_0.0397_0.0899end0.82_6.34_-6.79_-97.58_36.37_13.20_-5.87_1.81_43.25_0.8723_0.4786_0.0438_0.0901end,24.18747414,120.73573887,385.364013671875
395,1.68_4.34_-7.00_-97.58_36.37_13.20_-5.87_1.81_43.25_0.8699_0.4825_0.0465_0.0907end1.77_4.09_-6.61_-111.01_69.83_6.04_-5.87_1.81_43.25_0.8699_0.4825_0.0465_0.0907end2.26_3.97_-6.09_-115.60_79.01_4.48_-5.87_1.81_43.25_0.8699_0.4825_0.0465_0.0907end2.26_3.97_-6.09_-122.65_92.66_1.68_-8.44_-4.50_43.13_0.8623_0.4944_0.0566_0.0941end2,24.18747414,120.73573887,385.364013671875
396,.26_3.97_-6.09_-122.65_92.66_1.68_-8.44_-4.50_43.13_0.8565_0.5027_0.0646_0.0972end2.20_3.41_-6.17_-122.65_92.66_1.68_-9.19_-5.87_44.88_0.8533_0.5073_0.0692_0.0993end2.15_3.28_-6.34_-136.30_120.41_-5.93_-9.19_-5.87_44.88_0.8533_0.5073_0.0692_0.0993end2.15_3.28_-6.34_-139.77_130.37_-9.51_-9.19_-5.87_44.88_0.8464_0.5162_0.0789_0.1042end2.16_2.64_-7.14_-139.77_130.37_-9.51_-9.19_-5.87_44.88_0.8427_0.5208_0.0842_0.1071end2.16_2.64_-7.14_-148.50_146.60_-17.12_-9.19_-5.87_44.88_0.8345_0.5305_0.0956_0.1140end,24.18747414,120.73573887,385.364013671875
397,,24.18747414,120.73573887,385.364013671875
398,2.08_2.05_-7.68_-148.50_146.60_-17.12_-11.44_-7.31_43.06_0.8345_0.5305_0.0956_0.1140end2.08_2.05_-7.68_-159.80_163.49_-27.08_-11.44_-7.31_43.06_0.8255_0.5405_0.1077_0.1217end1.80_1.87_-7.02_-159.80_163.49_-27.08_-11.44_-7.31_43.06_0.8159_0.5505_0.1199_0.1301end1.52_1.91_-6.15_-159.80_163.49_-27.08_-11.44_-7.31_43.06_0.8107_0.555,24.18747414,120.73573887,385.364013671875
399,6_0.1260_0.1346end1.16_1.99_-5.25_-159.80_163.49_-27.08_-14.75_-10.81_41.19_0.8052_0.5610_0.1324_0.1393end1.04_2.02_-4.85_-175.58_168.64_-44.54_-14.75_-10.81_41.19_0.8052_0.5610_0.1324_0.1393end1.04_2.02_-4.85_-175.58_168.64_-44.54_-15.81_-13.69_39.38_0.7881_0.5771_0.1494_0.1530end0.55_2.18_-3.84_-175.58_168.64_-44.54_-15.81_-13.69_39.38_0.7823_0.5827_0.1541_0.1572end0.14_2.27_-3.53_-183.19_117.50_-55.95_-17.69_-15.06_37.19_0.7823_0.5827_0.1541_0.1572end0.14_2.27_-3.53_-184.64_99.04_-56.74_-17.69_-15.06_37.19_0.7704_0.5943_0.1617_0.1644end,24.18747414,120.73573887,385.364013671875
400,,24.18747414,120.73573887,385.364013671875
401,0.14_2.27_-3.53_-186.21_80.80_-57.86_-18.06_-15.75_37.19_0.7704_0.5943_0.1617_0.1644end0.14_2.27_-3.53_-187.89_48.79_-58.97_-18.06_-15.75_37.19_0.7531_0.6124_0.1685_0.1719end-0.89_3.20_-2.12_-187.89_48.79_-58.97_-17.69_-17.12_37.13_0.7531_0.6124_0.1685_0.1719end-0.89_3.20_-2.12_-189.01_25.40_-58.97_-17.69_-17.12_37.13_0.7414_0.6251_0.1705_0.1749end-1.00_3.71_-1.50_-189.01_25.40_-58.97_-17.69_-17.12_37.13_0.7297_0.6380_0.1712_0.1766end-1.25_4.14_-1.32_-189.01_25.40_-58.97_-19.25_-21.37_35.31_0.7240_0.6443_0.1711_0.1770end-1.15_4.47_-1.31_-189.01_25.40_-58.97_-19.25_-21.37_35.31_0.7183_0.6508_0.1707_0.1771end-1.49_4.82_-1.35_-189.01_25.40_-58.97_-19.25_-,24.18747414,120.73573887,385.364013671875
402,21.37_35.31_0.7183_0.6508_0.1707_0.1771end-1.53_5.11_-1.35_-189.01_25.40_-58.97_-19.25_-21.37_35.31_0.7012_0.6703_0.1680_0.1754end-1.54_5.91_-1.15_-189.01_25.40_-58.97_-16.69_-24.50_32.19_0.7012_0.6703_0.1680_0.1754end,24.18747414,120.73573887,385.364013671875
403,,24.18747414,120.73573887,385.364013671875
404,-1.58_6.09_-0.95_-190.35_-51.14_-47.45_-16.69_-24.50_32.19_0.7012_0.6703_0.1680_0.1754end-2.79_6.55_0.19_-189.01_-53.38_-45.77_-16.69_-24.50_32.19_0.6842_0.6898_0.1636_0.1713end-2.79_6.55_0.19_-189.01_-53.38_-45.77_-17.06_-25.94_33.06_0.6842_0.6898_0.1636_0.1713end-2.79_6.55_0.19_-188.23_-49.46_-45.32_-17.06_-25.94_33.06_0.6668_,24.18747414,120.73573887,385.364013671875
405,0.7084_0.1597_0.1673end-1.94_6.63_0.97_-186.44_-23.28_-43.87_-15.63_-27.31_30.81_0.6668_0.7084_0.1597_0.1673end-0.35_6.46_2.39_-184.53_-12.53_-42.41_-15.38_-29.37_29.06_0.6668_0.7084_0.1597_0.1673end-1.09_6.39_2.14_-183.08_-7.72_-38.94_-15.38_-29.37_29.06_0.6429_0.7311_0.1581_0.1650end-1.64_6.23_2.23_-183.08_-7.72_-38.94_-15.38_,24.18747414,120.73573887,385.364013671875
406,-29.37_29.06_0.6368_0.7363_0.1584_0.1649end-2.24_5.75_2.66_-183.08_-7.72_-38.94_-15.38_-29.37_29.06_0.6368_0.7363_0.1584_0.1649end-2.24_5.75_2.66_-183.08_-7.72_-38.94_-16.06_-30.81_27.69_0.6245_0.7462_0.1600_0.1661end,24.18747414,120.73573887,385.364013671875
407,-2.29_5.58_3.05_-167.97_58.30_-39.06_-16.06_-30.81_27.69_0.6183_0.7507_0.1613_0.1674end-2.29_5.58_3.05_-167.97_58.30_-39.06_-14.63_-31.87_27.25_0.6122_0.7551_0.1627_0.1690end-2.29_5.58_3.05_-162.93_55.95_-37.04_-14.63_-31.87_27.25_0.5997_0.7636_0.1657_0.1725end-1.45_5.17_2.94_-162.93_55.95_-37.04_-14.63_-31.87_27.25_0.5937_0.7676_0.1671_0.1740end-1.45_5.17_2.94_-158.35_41.96_-35.03_-14.63_-31.87_27.25_0.5937_0.7676_0.1671_0.1740end-1.45_5.17_2.94_-158.35_41.96_-35.03_-15.06_-34.00_25.00_0.5818_0.7757_0.1693_0.1763end-2.15_4.16_2.33_-153.09_29.21_-34.58_-15.06_-34.00_25.00_0.5706_0.7834_0.1707_0.1777end-1.75_4.24_2.37_-153.09_29.21_-34.58_-15.06_-34.00_25.00_0.5649_0.7874_0.1712_0.1780end-1.76_4.40_2.43_-153.09_29.21_-34.58_-15.06_-34.00_25.00_0.5596_0.7911_0.1714_0.1781end-1.60_4.45_2.50_-143.46_-14.66_-29.21_-15.38_-36.44_22.81_0.5596_0.7911_0.1714_0.1781end,24.18745363,120.73578845,387.55792236328125
408,-1.60_4.45_2.50_-143.46_-14.66_-29.21_-14.38_-37.50_21.50_0.5490_0.7987_0.1713_0.1771end-1.60_4.45_2.50_-141.23_-26.75_-27.64_-14.38_-37.50_21.50_0.5440_0.8024_0.1710_0.1759end-1.60_4.45_2.50_-137.31_-55.28_-25.29_-14.38_-37.50_21.50_0.5392_0.8062_0.1703_0.1744end-1.60_4.45_2.50_-135.07_-73.41_-23.61_-14.38_-37.50_21.50_0.5298_0.8138_0.1679_0.1695end-0.88_4.56_2.49_-135.07_-73.41_-23.61_-14.38_-37.50_21.50_0.5256_0.8177_0.1662_0.1661end-0.88_4.56_2.49_-130.71_-140.11_-17.12_-14.38_-37.50_21.50_0.5174_0.8257_0.1613_0.1566end-0.67_4.13_2.11_-130.71_-140.11_-17.12_-14.38_-37.50_21.50_0.5137_0.8297_0.1582_0.1506end-0.37_4.11_1.53_-130.71_-140.11_-17.12_-14.38_-37.50_21.50_0.5137_0.8297_0.1582_0.1506end-0.15_4.21_1.35_-122.76_-203.33_-8.17_-14.38_-37.50_21.50_0.5067_0.8378_0.1508_0.1362end-0.15_4.21_1.35_-120.86_-201.77_-6.71_-14.38_-37.50_21.50_0.5034_0.8417_0.1467_0.1284end,24.18745363,120.73578845,387.55792236328125
409,,24.18745363,120.73578845,387.55792236328125
410,0.21_4.42_1.46_-120.86_-201.77_-6.71_-14.38_-37.50_21.50_0.4970_0.8491_0.1389_0.1125end0.39_4.64_2.12_-120.86_-201.77_-6.71_-11.44_-40.38_17.94_0.4970_0.8491_0.1389_0.1125end0.39_4.64_2.12_-113.25_-138.43_-3.47_-10.75_-40.00_17.94_0.4970_0.8491_0.1389_0.1125end0.39_4.64_2.12_-111.23_-101.83_-3.02_-10.75_-40.00_17.94_0.4868_0.8586_0.1302_0.0938end0.39_4.64_2.12_-108.88_-61.66_-3.25_-10.38_-39.63_17.06_0.4868_0.8586_0.1302_0.0938end0.39_4.64_2.12_-102.51_16.45_-5.82_-10.38_-39.63_17.06_0.4753_0.8660_0.1282_0.0875end0.39_4.64_2.12_-99.71_48.68_-7.50_-10.38_-39.63_17.06_0.4753_0.8660_0.1282_0.0875end0.14_5.08_2.28_-99.71_48.68_-7.50_-10.38_-39.69_14.44_0.4,24.18745363,120.73578845,387.55792236328125
411,753_0.8660_0.1282_0.0875end0.03_5.27_2.42_-99.71_48.68_-7.50_-10.38_-39.69_14.44_0.4589_0.8730_0.1339_0.0963end-0.85_5.71_2.84_-99.71_48.68_-7.50_-10.38_-41.06_14.38_0.4547_0.8745_0.1359_0.0999end,24.18745363,120.73578845,387.55792236328125
412,-1.58_6.30_2.91_-99.71_48.68_-7.50_-10.38_-41.06_14.38_0.4508_0.8759_0.1376_0.1031end-1.81_6.59_3.12_-83.15_71.73_-11.53_-10.38_-41.06_14.38_0.4508_0.8759_0.1376_0.1031end-1.81_6.59_3.12_-83.15_71.73_-11.53_-10.38_-41.06_14.38_0.4401_0.8802_0.1407_0.1086end-2.01_8.09_3.43_-83.15_71.73_-11.53_-10.38_-41.06_14.38_0.4373_0.8817_0.1406_0.1083end-1.87_9.11_2.92_-83.15_71.73_-11.53_-10.38_-41.06_14.38_0.4373_0.8817_0.1406_0.1083end-1.64_9.98_2.51_-68.49_-86.28_-5.93_-10.38_-41.06_14.38_0.4373_0.8817_0.1406_0.1083end-1.64_9.98_2.51_-62.22_-125.22_-2.35_-10.44_-42.13_10.44_0.4303_0.8867_0.1368_0.0994end-1.45_10.78_2.20_-62.22_-125.22_-2.35_-10.44_-42.13_10.44_0.4268_0.8901_0.1324_0.0891end-1.45_10.78_2.20_-56.18_-125.78_-0.45_-9.69_-42.13_11.31_0.4253_0.8917_0.1302_0.0839end-0.98_10.26_2.76_-56.18_-125.78_-0.45_-9.69_-42.13_11.31_0.4238_0.8931_0.1282_0.0789end,24.18745363,120.73578845,387.55792236328125
413,,24.18745363,120.73578845,387.55792236328125
414,-0.98_10.26_2.76_-56.18_-125.78_-0.45_-10.38_-42.13_11.75_0.4224_0.8945_0.1263_0.0741end-0.98_10.26_2.76_-45.32_-89.75_2.57_-10.38_-42.13_11.75_0.4210_0.8958_0.1245_0.0696end-0.98_10.26_2.76_-45.32_-89.75_2.57_-10.44_-42.50_11.31_0.4197_0.8969_0.1230_0.0657end-0.98_10.26_2.76_-37.71_-81.24_3.13_-10.44_-42.50_11.31_0.4185_0.8979_0.1217_0.0620end-0.98_10.26_2.76_-37.71_-81.24_3.13_-10.44_-42.50_11.31_0.4163_0.8997_0.1191_0.0549end-0.98_10.26_2.76_-28.76_-88.41_4.36_-10.44_-42.50_11.31_0.4155_0.9005_0.1178_0.0513end-0.77_7.69_5.01_-28.76_-88.41_4.36_-10.44_-42.50_11.31_0.4150_0.9011_0.1163_0.0474end-0.77_7.69_5.01_-28.76_-88.41_4.36_-9.69_-42.13_10.94_0.4145_0.9022_0.1130_0.0389end-0.37_10.39_5.75_-28.76_-88.41_4.36_-9.69_-42.13_10.94_0.4145_0.9022_0.1130_0.0389end-0.23_11.15_5.65_-4.70_-107.43_5.04_-7.94_-42.81_10.44_0.4145_0.9022_0.1130_0.0389end,24.18745363,120.73578845,387.55792236328125
415,,24.18745363,120.73578845,387.55792236328125
416,,24.18745363,120.73578845,387.55792236328125
417,-0.23_11.15_5.65_5.15_-97.02_4.14_-7.94_-42.81_10.44_0.4152_0.9030_0.1077_0.0257end-0.38_11.68_5.53_5.15_-97.02_4.14_-7.94_-42.81_10.44_0.4164_0.9030_0.1044_0.0178end-0.13_13.06_5.19_5.15_-97.02_4.14_-7.94_-42.81_10.44_0.4164_0.9030_0.1044_0.0178end0.02_14.27_3.34_5.15_-97.02_4.14_-7.94_-42.81_10.44_0.4184_0.9025_0.1013_0.0107end1.30_14.61_4.58_25.18_-84.15_0.67_-7.94_-42.81_10.44_0.4184_0.9025_0.1013_0.0107end0.31_14.34_5.34_25.18_-84.15_0.67_-9.31_-42.81_11.31_0.4184_0.9025_0.1013_0.0107end0.31_14.34_5.34_25.18_-84.15_0.67_-7.87_-42.44_12.19_0.4244_0.9005_0.0947_-0.0027end1.01_13.82_4.88_25.18_-84.15_0.67_-7.87_-42.44_12.19_0.4244_0.9005_0.0947_-0.00,24.18745363,120.73578845,387.55792236328125
418,,24.18745363,120.73578845,387.55792236328125
419,,24.18745363,120.73578845,387.55792236328125
420,,24.18745363,120.73578845,387.55792236328125
421,27end1.82_13.76_4.87_25.18_-84.15_0.67_-7.87_-42.44_12.19_0.4286_0.8989_0.0909_-0.0096end1.69_13.64_4.98_52.71_-82.47_-7.61_-7.87_-42.44_12.19_0.4286_0.8989_0.0909_-0.0096end1.69_13.64_4.98_52.71_-82.47_-7.61_-8.25_-42.13_11.75_0.4332_0.8969_0.0873_-0.0153end1.69_13.64_4.98_60.21_-59.20_-12.09_-8.25_-42.13_11.75_0.4359_0.8958_0.0856_-0.0176end2.34_13.13_4.62_60.21_-59.20_-12.09_-8.25_-42.13_11.75_0.4384_0.8946_0.0842_-0.0192end2.34_13.13_4.62_71.73_-18.80_-18.02_-8.25_-42.13_11.75_0.4440_0.8920_0.0818_-0.0206end2.08_12.27_3.82_71.73_-18.80_-18.02_-8.25_-42.13_11.75_0.4469_0.8907_0.0808_-0.0204end1.87_12.47_3.83_79.79_6.49_-21.93_-7.12_-42.06_14.38_0.4499_0.8893_0.0801_-0.0197end1.87_12.47_3.83_87.51_18.24_-29.54_-7.12_-42.06_14.38_0.4580_0.8853_0.0787_-0.0167end5.69_16.50_-12.42_87.51_18.24_-29.54_-7.12_-41.69_14.44_0.4580_0.8853_0.0787_-0.0167end2.08_8.84_34.67_87.51_18.24_-29.54_-5.69_-42.38_14.87_0.4580_0.8853_0.0787_-0.0167end8.51_7.89_16.88_5.37_-72.85_-3.36_-5.69_-42.38_14.87_0.4609_0.8838_0.0792_-0.0153end,24.18745363,120.73578845,387.55792236328125
422,3.44_7.27_16.34_5.37_-72.85_-3.36_-5.69_-42.38_14.87_0.4626_0.8831_0.0759_-0.0208end2.06_7.33_2.00_5.37_-72.85_-3.36_-5.69_-42.38_14.87_0.4633_0.8828_0.0736_-0.0242end-0.37_6.50_5.53_36.37_-81.02_-7.83_-5.69_-42.38_14.87_0.4633_0.8828_0.0736_-0.0242end-0.37_6.50_5.53_36.37_-81.02_-7.83_-6.37_-41.06_15.31_0.4679_0.8806_0.0682_-0.0323end1.82_7.74_5.01_60.88_-65.91_-6.04_-6.37_-41.06_15.31_0.4703_0.8793_0.0666_-0.0347end1.14_7.23_7.61_60.88_-65.91_-6.04_-6.75_-41.00_16.62_0.4728_0.8780_0.0652_-0.0367end-0.55_7.87_6.31_71.06_-33.80_-9.96_-6.75_-41.00_16.62_0.4728_0.8780_0.0652_-0.0367end-0.55_7.87_6.31_60.21_16.23_-16.45_-5.69_-41.00_17.94_0.4783_0.8751_0.0632_-0.0383end-0.55_7.87_6.31_60.21_16.23_-16.45_-5.69_-41.00_17.94_0.4829_0.8727_0.0627_-0.0363end1.23_7.70_10.57_60.21_16.23_-16.45_-6.00_-40.31_17.56_0.4847_0.8717_0.0629_-0.0348end,24.18745363,120.73578845,387.55792236328125
423,,24.18745363,120.73578845,387.55792236328125
424,0.63_7.33_7.56_60.21_16.23_-16.45_-6.00_-40.31_17.56_0.4866_0.8707_0.0631_-0.0332end0.27_7.28_6.10_60.21_16.23_-16.45_-6.00_-40.31_17.56_0.4884_0.8697_0.0635_-0.0318end-0.82_7.48_4.33_60.21_16.23_-16.45_-6.00_-40.31_17.56_0.4924_0.8674_0.0645_-0.0288end-1.18_7.52_4.03_60.21_16.23_-16.45_-6.00_-40.31_17.56_0.4924_0.8674_0.0645_-0.0288end-1.58_7.67_4.20_60.21_16.23_-16.45_-6.00_-40.31_17.56_0.4924_0.8674_0.0645_-0.0288end-1.66_7.70_4.45_60.21_16.23_-16.45_-6.00_-40.31_17.56_0.5013_0.8623_0.0682_-0.0198end-0.94_7.82_4.90_60.21_16.23_-16.45_-6.00_-39.94_19.25_0.5035_0.8610_0.0693_-0.0171end-0.69_7.74_4.93_60.21_16.23_-16.45_-7.12_-39.25_18.81_0.5056_0.8597,24.18745363,120.73578845,387.55792236328125
425,_0.0701_-0.0147end-0.55_7.69_4.94_60.32_31.56_-5.15_-7.12_-39.25_18.81_0.5078_0.8585_0.0708_-0.0129end-0.56_7.72_5.03_60.32_10.63_-1.34_-7.12_-39.25_18.81_0.5100_0.8571_0.0712_-0.0118end,24.18745363,120.73578845,387.55792236328125
426,-0.56_7.72_5.03_61.21_-10.63_1.57_-6.75_-39.19_20.12_0.5100_0.8571_0.0712_-0.0118end-0.56_7.72_5.03_61.21_-10.63_1.57_-6.75_-39.19_20.12_0.5170_0.8530_0.0701_-0.0135end-0.77_7.92_5.19_61.21_-10.63_1.57_-6.75_-39.19_20.12_0.5194_0.8516_0.0691_-0.0151end-0.42_7.88_5.55_61.55_-63.34_-2.01_-6.75_-39.19_20.12_0.5219_0.8502_0.0678_-0.0171end-0.42_7.88_5.55_62.00_-72.18_-3.58_-6.37_-39.19_21.87_0.5269_0.8472_0.0643_-0.0220end0.79_7.83_5.79_62.00_-72.18_-3.58_-6.37_-39.19_21.87_0.5295_0.8457_0.0622_-0.0250end2.59_7.83_6.49_62.00_-72.18_-3.58_-6.37_-39.19_21.87_0.5295_0.8457_0.0622_-0.0250end2.79_7.82_6.70_62.00_-72.18_-3.58_-6.37_-39.19_21.87_0.5374_0.8408_0.0,24.18745363,120.73578845,387.55792236328125
427,551_-0.0355end2.79_7.82_6.70_65.80_-90.64_-2.57_-6.00_-38.44_23.69_0.5401_0.8391_0.0527_-0.0389end2.75_7.81_6.60_65.80_-90.64_-2.57_-6.00_-38.44_23.69_0.5427_0.8374_0.0508_-0.0417end,24.18745363,120.73578845,387.55792236328125
428,2.92_7.75_6.23_65.80_-90.64_-2.57_-6.00_-38.44_23.69_0.5427_0.8374_0.0508_-0.0417end3.20_7.67_5.65_65.80_-90.64_-2.57_-4.50_-38.44_24.56_0.5477_0.8341_0.0480_-0.0449end3.20_7.67_5.65_65.80_-90.64_-2.57_-4.50_-38.44_24.56_0.5527_0.8308_0.0466_-0.0453end3.37_7.62_4.87_65.80_-90.64_-2.57_-4.50_-38.44_24.56_0.5552_0.8292_0.0464_-0.0448end3.34_7.63_4.70_70.95_19.14_-11.41_-4.50_-38.44_24.56_0.5552_0.8292_0.0464_-0.0448end2.95_7.69_4.43_70.95_19.14_-11.41_-4.12_-37.75_25.06_0.5629_0.8242_0.0474_-0.0410end2.70_7.67_4.33_70.95_19.14_-11.41_-4.12_-38.06_25.06_0.5654_0.8225_0.0481_-0.0389end2.43_7.67_4.18_72.96_59.09_-12.87_-4.12_-38.06_25.06_0.5654_0.8225_0.048,24.18745363,120.73578845,387.55792236328125
429,1_-0.0389end2.23_7.67_4.00_72.96_59.09_-12.87_-4.12_-38.06_25.06_0.5654_0.8225_0.0481_-0.0389end2.06_7.68_3.86_72.96_59.09_-12.87_-4.12_-38.06_25.06_0.5754_0.8157_0.0532_-0.0275end,24.18745363,120.73578845,387.55792236328125
430,,24.18745363,120.73578845,387.55792236328125
431,2.00_7.68_3.85_75.09_77.22_-13.43_-4.12_-38.06_25.06_0.5754_0.8157_0.0532_-0.0275end1.89_7.76_3.83_75.09_77.22_-13.43_-4.81_-35.94_26.75_0.5754_0.8157_0.0532_-0.0275end1.89_7.76_3.83_75.31_76.32_-12.76_-4.81_-35.94_26.75_0.5828_0.8103_0.0577_-0.0179end1.89_7.76_3.83_75.98_65.58_-11.08_-4.81_-35.94_26.75_0.5879_0.8066_0.0605_-0.0120end1.07_7.79_3.55_75.98_65.58_-11.08_-4.81_-35.94_26.75_0.5879_0.8066_0.0605_-0.0120end1.07_7.79_3.55_75.76_54.61_-10.97_-4.81_-35.94_26.75_0.5930_0.8027_0.0630_-0.0067end0.91_7.77_3.10_75.54_47.45_-11.19_-4.81_-35.94_26.75_0.5930_0.8027_0.0630_-0.0067end0.91_7.77_3.10_76.21_29.32_-10.41_-5.56_-34.56_27.69_0.5980_0.7990_0.064,24.18745363,120.73578845,387.55792236328125
432,6_-0.0025end0.91_7.77_3.10_76.21_19.70_-9.85_-5.56_-34.56_27.69_0.6031_0.7950_0.0654_0.0005end0.76_7.79_2.33_76.21_19.70_-9.85_-5.19_-34.50_30.31_0.6057_0.7930_0.0655_0.0015end,24.18745363,120.73578845,387.55792236328125
433,,24.18745363,120.73578845,387.55792236328125
434,,24.18745363,120.73578845,387.55792236328125
435,,24.18745363,120.73578845,387.55792236328125
436,,24.18745363,120.73578845,387.55792236328125
437,0.76_7.79_2.33_76.21_2.35_-9.62_-5.19_-34.50_30.31_0.6083_0.7911_0.0653_0.0022end0.70_7.85_1.82_75.98_-5.04_-9.06_-5.19_-34.50_30.31_0.6083_0.7911_0.0653_0.0022end0.81_7.88_1.77_75.31_-17.46_-9.51_-5.19_-34.50_30.31_0.6135_0.7870_0.0644_0.0028end0.86_7.90_1.45_75.31_-17.46_-9.51_-5.19_-34.50_30.31_0.6135_0.7870_0.0644_0.0028end1.11_7.93_1.27_75.31_-17.46_-9.51_-5.19_-34.50_30.31_0.6214_0.7811_0.0618_0.0023end1.16_7.89_1.14_74.42_-28.98_-10.63_-5.19_-34.50_30.31_0.6214_0.7811_0.0618_0.0023end1.16_7.89_1.14_74.08_-31.56_-10.97_-5.19_-34.50_30.31_0.6265_0.7771_0.0595_0.0013end1.16_7.89_1.14_74.08_-31.56_-10.97_-5.19_-34.50_30.31_0.6318_0.7731_0.0571_0.0002end1.32_8.17_0.93_74.08_-31.56_-10.97_-5.19_-34.50_30.31_0.6318_0.7731_0.0571_0.0002end1.27_8.01_0.97_73.75_-28.31_-11.53_-5.19_-34.50_30.31_0.6318_0.7731_0.0571_0.0002end,24.18745363,120.73578845,387.55792236328125
438,1.19_8.04_0.98_73.75_-25.85_-12.20_-5.19_-34.50_30.31_0.6318_0.7731_0.0571_0.0002end1.19_8.04_0.98_73.75_-25.85_-12.20_-4.06_-30.31_30.81_0.6419_0.7650_0.0524_-0.0015end1.19_8.04_0.98_72.85_-18.80_-13.32_-4.06_-30.31_30.81_0.6469_0.7609_0.0504_-0.0017end1.14_8.11_0.91_72.85_-18.80_-13.32_-4.06_-30.31_32.19_0.6469_0.7609_0.0504_-0.0017end1.14_8.11_0.91_73.19_-11.30_-13.88_-4.06_-30.31_32.19_0.6517_0.7568_0.0489_-0.0014end1.14_8.11_0.91_73.30_-4.81_-14.44_-3.69_-32.06_31.69_0.6517_0.7568_0.0489_-0.0014end1.14_8.11_0.91_73.07_-2.80_-14.21_-3.69_-32.06_31.69_0.6566_0.7527_0.0476_-0.0006end0.74_8.16_0.65_73.07_-2.80_-14.21_-3.69_-32.06_31.69_0.6614_0.7485_0,24.18745363,120.73578845,387.55792236328125
439,.0467_0.0005end0.74_8.20_0.52_73.07_-2.80_-14.21_-3.69_-32.06_31.69_0.6614_0.7485_0.0467_0.0005end0.74_8.20_0.41_72.74_5.93_-15.11_-3.69_-32.06_31.69_0.6685_0.7424_0.0457_0.0027end,24.18745363,120.73578845,387.55792236328125
440,,24.18745363,120.73578845,387.55792236328125
441,0.72_8.16_0.34_72.74_5.93_-15.11_-4.00_-28.87_33.50_0.6708_0.7402_0.0454_0.0037end0.66_8.17_0.23_72.74_5.93_-15.11_-4.00_-28.87_33.50_0.6731_0.7382_0.0452_0.0046end0.48_8.18_0.01_72.74_5.93_-15.11_-3.62_-28.19_33.50_0.6731_0.7382_0.0452_0.0046end0.43_8.16_-0.26_71.40_14.10_-14.44_-3.62_-28.19_33.50_0.6731_0.7382_0.0452_0.0046end0.45_8.20_-0.32_71.40_14.10_-14.44_-3.62_-27.19_35.25_0.6731_0.7382_0.0452_0.0046end0.50_8.26_-0.26_71.40_14.10_-14.44_-4.00_-27.81_34.81_0.6821_0.7298_0.0450_0.0088end0.56_8.22_-0.40_71.40_14.10_-14.44_-4.00_-27.81_34.81_0.6821_0.7298_0.0450_0.0088end0.53_8.26_-0.27_71.40_14.10_-14.44_-4.00_-27.81_34.81_0.6910_0.7213_0.0461_0.0145end0.53_8.26_-0.27_72.74_39.61_-14.21_-4.00_-27.81_34.81_0.6932_0.7190_0.0467_0.0163end0.23_8.26_-0.26_72.74_39.61_-14.21_-4.37_-26.81_36.56_0.6932_0.7190_0.0467_0.0163end,24.18745363,120.73578845,387.55792236328125
442,,24.18745363,120.73578845,387.55792236328125
443,0.02_8.30_-0.18_72.51_50.02_-13.32_-4.37_-26.81_36.56_0.6997_0.7123_0.0496_0.0224end0.02_8.28_-0.05_72.74_58.64_-12.65_-4.37_-26.81_36.56_0.7018_0.7101_0.0508_0.0247end-0.54_8.29_0.29_72.74_58.64_-12.65_-4.37_-26.81_36.56_0.7039_0.7079_0.0521_0.0270end-0.54_8.29_0.29_72.07_59.98_-11.86_-4.37_-26.12_35.75_0.7039_0.7079_0.0521_0.0270end-0.69_8.29_0.34_72.74_54.83_-10.63_-4.37_-26.12_35.75_0.7039_0.7079_0.0521_0.0270end-0.84_8.94_0.29_72.74_54.83_-10.63_-4.37_-26.12_35.75_0.7101_0.7010_0.0560_0.0338end-0.69_8.27_0.07_72.74_54.83_-10.63_-4.37_-26.12_35.75_0.7144_0.6965_0.0572_0.0368end-0.26_8.20_-0.34_71.28_-0.22_-8.73_-4.37_-26.12_35.75_0.7144_0.6965_0.05,24.18745363,120.73578845,387.55792236328125
444,72_0.0368end-0.26_8.20_-0.34_71.28_-0.22_-8.73_-5.44_-24.00_37.50_0.7207_0.6900_0.0554_0.0375end0.71_8.17_-1.05_71.28_-0.22_-8.73_-5.44_-24.00_37.50_0.7230_0.6878_0.0540_0.0370end,24.18745363,120.73578845,387.55792236328125
445,,24.18745363,120.73578845,387.55792236328125
446,1.21_8.12_-1.46_71.28_-0.22_-8.73_-5.44_-24.00_37.50_0.7230_0.6878_0.0540_0.0370end1.51_8.14_-1.93_71.28_-0.22_-8.73_-5.44_-24.00_37.50_0.7294_0.6814_0.0498_0.0357end1.50_8.05_-2.03_69.72_-5.60_-10.30_-5.44_-24.00_37.50_0.7314_0.6793_0.0490_0.0358end1.30_7.54_-1.95_69.72_-5.60_-10.30_-5.44_-24.00_37.50_0.7314_0.6793_0.0490_0.0358end0.21_-3.14_-0.75_69.72_-5.60_-10.30_-5.44_-24.00_37.50_0.7355_0.6747_0.0487_0.0374end1.02_25.25_0.15_75.98_32.68_-11.30_-5.44_-24.00_37.50_0.7355_0.6747_0.0487_0.0374end1.71_6.49_-1.57_62.33_33.24_-11.75_-5.44_-24.00_37.50_0.7413_0.6680_0.0504_0.0416end-0.77_8.34_-4.05_62.33_33.24_-11.75_-5.44_-24.00_37.50_0.7433_0.6655_0.0513_0.0432end-2.11_8.26_-0.68_62.33_33.24_-11.75_-4.69_-22.25_38.00_0.7433_0.6655_0.0513_0.0432end-2.16_8.25_-3.05_65.13_37.60_-6.27_-4.69_-22.25_38.00_0.7433_0.6655_0.0513_0.0432end,24.18745363,120.73578845,387.55792236328125
447,,24.18745363,120.73578845,387.55792236328125
448,,24.18745363,120.73578845,387.55792236328125
449,-2.16_8.25_-3.05_65.13_37.60_-6.27_-5.37_-20.50_39.31_0.7507_0.6565_0.0547_0.0490end-2.05_8.18_-5.33_65.13_37.60_-6.27_-5.37_-20.50_39.31_0.7526_0.6544_0.0549_0.0499end-2.05_8.18_-5.33_66.70_0.56_-8.28_-6.12_-20.19_38.94_0.7544_0.6522_0.0547_0.0505end-2.05_8.18_-5.33_67.26_-12.98_-6.15_-5.00_-19.44_40.25_0.7544_0.6522_0.0547_0.0505end-1.88_8.41_-4.63_67.26_-12.98_-6.15_-5.00_-19.44_40.25_0.7602_0.6457_0.0520_0.0500end-2.41_8.59_-4.30_66.92_-36.48_-2.24_-5.75_-19.12_39.31_0.7602_0.6457_0.0520_0.0500end-2.41_8.59_-4.30_64.57_-35.47_-2.01_-5.75_-19.12_39.31_0.7602_0.6457_0.0520_0.0500end-2.41_8.59_-4.30_64.57_-35.47_-2.01_-4.62_-18.44_39.38_0.7659_0.6394_0.0479_0.0478end-2.41_8.59_-4.30_60.43_-29.54_-2.91_-4.62_-18.44_39.38_0.7694_0.6354_0.0454_0.0466end-2.19_8.50_-4.68_60.43_-29.54_-2.91_-4.62_-18.44_39.38_0.7694_0.6354_0.0454_0.0466end,24.18745363,120.73578845,387.55792236328125
450,,24.18745363,120.73578845,387.55792236328125
451,-2.15_8.52_-4.70_60.43_-29.54_-2.91_-4.62_-18.44_39.38_0.7727_0.6317_0.0426_0.0449end-1.96_8.46_-4.72_59.09_-53.27_0.56_-4.62_-18.44_39.38_0.7762_0.6279_0.0388_0.0421end-1.57_8.63_-4.94_59.09_-53.27_0.56_-3.50_-17.69_41.13_0.7779_0.6260_0.0367_0.0406end-1.20_8.59_-5.04_59.09_-53.27_0.56_-4.25_-16.62_41.13_0.7796_0.6240_0.0347_0.,24.18745363,120.73578845,387.55792236328125
452,0392end-0.54_8.60_-5.33_59.09_-53.27_0.56_-4.25_-16.62_41.13_0.7796_0.6240_0.0347_0.0392end-0.54_8.60_-5.33_59.09_-53.27_0.56_-4.25_-16.62_41.13_0.7844_0.6186_0.0291_0.0355end0.39_8.52_-5.79_59.09_-53.27_0.56_-4.25_-16.62_41.13_0.7844_0.6186_0.0291_0.0355end0.41_8.55_-5.87_53.38_-52.26_0.11_-4.25_-16.62_41.13_0.7844_0.6186_0.0291_0.0355end0.41_8.55_-5.87_53.71_-52.60_0.00_-2.00_-16.25_42.06_0.7844_0.6186_0.0291_0.0355end0.41_8.55_-5.87_53.71_-52.60_0.00_-2.00_-16.25_42.06_0.7919_0.6097_0.0195_0.0289end,24.18745363,120.73578845,387.55792236328125
453,,24.18745363,120.73578845,387.55792236328125
454,,24.18745363,120.73578845,387.55792236328125
455,,24.18745363,120.73578845,387.55792236328125
456,0.74_8.65_-5.20_53.71_-52.60_0.00_-2.00_-16.25_42.06_0.7919_0.6097_0.0195_0.0289end1.17_8.71_-5.36_50.92_-60.76_-4.48_-2.00_-16.25_42.06_0.7919_0.6097_0.0195_0.0289end1.40_8.67_-5.45_49.80_-62.00_-4.81_-2.00_-16.25_42.06_0.7919_0.6097_0.0195_0.0289end1.56_8.68_-5.62_49.80_-62.00_-4.81_-1.31_-14.81_41.69_0.7987_0.6013_0.0084_0.0221end1.51_8.60_-5.80_49.80_-62.00_-4.81_-1.31_-14.81_41.69_0.8000_0.5996_0.0065_0.0211end1.54_8.61_-6.16_49.80_-62.00_-4.81_-1.31_-14.81_41.69_0.8000_0.5996_0.0065_0.0211end1.52_8.69_-6.08_49.80_-62.00_-4.81_-1.62_-13.81_43.00_0.8000_0.5996_0.0065_0.0211end1.52_8.64_-6.02_46.66_-4.14_-8.62_-1.62_-13.81_43.00_0.8000_0.5996_0.0065_0.0211end1.52_8.64_-6.02_46.66_-4.14_-8.62_-1.62_-13.81_43.00_0.8060_0.5915_0.0032_0.0211end0.84_8.68_-5.65_46.66_-4.14_-8.62_-1.62_-13.81_43.00_0.8072_0.5899_0.0038_0.0220end0.01_8.72_-5.42_46.66_-4.14_-8.62_-1.62_-13.81_43.00_0.8072_0.5899_0.0038_0.0220end-0.71_8.79_-5.40_46.66_-4.14_-8.62_-1.62_-13.81_43.00_0.8072_0.5899_0.0038_0.0220end-1.36_8.76_-5.22_46.66_-4.14_-8.62_-1.62_-13.81_43.00_0.8115_0.5837_0.0074_0.0266end-1.55_8.77_-5.09_41.29_10.18_-7.61_-1.62_-13.81_43.00_0.8115_0.5837_0.0074_0.0266end-1.45_8.80_-5.00_41.29_10.18_-7.61_-1.62_-12.06_42.62_0.8146_0.5793_0.0071_0.0278end-1.23_8.78_-4.88_41.29_10.18_-7.61_-1.31_-12.06_43.44_0.8156_0.5779_0.0062_0.0277end-1.02_8.80_-4.71_41.29_10.18_-7.61_-1.31_-12.06_43.44_0.8166_0.5765_0.0050_0.0274end-0.71_8.70_-4.47_41.29_10.18_-7.61_-1.31_-12.37_45.19_0.8166_0.5765_0.0050_0.0274end-0.71_8.70_-4.47_38.16_-36.59_-7.27_-1.31_-12.37_45.19_0.8185_0.5739_0.0021_0.0263end-0.71_8.70_-4.47_37.94_-37.71_-6.15_-1.31_-12.37_45.19_0.8204_0.5712_-0.0009_0.0249end,24.18745363,120.73578845,387.55792236328125
457,,24.18745363,120.73578845,387.55792236328125
458,-0.61_8.71_-3.92_37.94_-37.71_-6.15_-0.94_-10.31_42.62_0.8214_0.5699_-0.0024_0.0243end-0.61_8.71_-3.55_37.94_-37.71_-6.15_-0.94_-10.31_42.62_0.8214_0.5699_-0.0024_0.0243end-0.54_8.72_-3.46_37.71_-29.32_-7.16_-0.94_-10.31_42.62_0.8241_0.5659_-0.0063_0.0228end-0.45_8.61_-3.24_37.71_-29.32_-7.16_-0.56_-11.00_42.62_0.8251_0.5645_-0.0075_0.0224end-0.34_8.61_-3.13_37.71_-29.32_-7.16_-0.56_-11.00_42.62_0.8260_0.5632_-0.0086_0.0221end-0.29_8.61_-2.95_37.71_-29.32_-7.16_0.56_-9.94_43.06_0.8269_0.5618_-0.0096_0.0218end-0.29_8.61_-2.95_38.50_-21.93_-7.39_0.56_-9.56_43.44_0.8269_0.5618_-0.0096_0.0218end-0.29_8.61_-2.95_39.06_-19.81_-6.71_0.56_-9.56_43.44_0.8288_0.,24.18745363,120.73578845,387.55792236328125
459,,24.18745363,120.73578845,387.55792236328125
460,5590_-0.0117_0.0212end-0.54_8.54_-2.55_39.06_-19.81_-6.71_0.56_-9.56_43.44_0.8306_0.5562_-0.0135_0.0208end-0.71_8.50_-2.48_39.06_-19.81_-6.71_0.56_-9.56_43.44_0.8306_0.5562_-0.0135_0.0208end,24.18745363,120.73578845,387.55792236328125
461,-0.67_8.50_-2.39_39.06_-19.81_-6.71_1.62_-9.25_42.69_0.8306_0.5562_-0.0135_0.0208end-0.71_8.46_-2.35_39.06_-19.81_-6.71_1.62_-9.25_42.69_0.8346_0.5502_-0.0161_0.0208end-0.71_8.39_-2.30_39.06_-19.81_-6.71_-0.56_-8.56_43.94_0.8356_0.5487_-0.0163_0.0210end-0.78_8.37_-2.27_39.06_-19.81_-6.71_-0.88_-8.19_44.38_0.8366_0.5472_-0.0163_0.0214end-0.84_8.33_-2.18_39.06_-19.81_-6.71_-0.88_-8.19_44.38_0.8376_0.5456_-0.0162_0.0219end-1.02_8.31_-2.17_39.06_-19.81_-6.71_-0.88_-8.19_44.38_0.8376_0.5456_-0.0162_0.0219end-1.02_8.31_-2.17_39.06_-19.81_-6.71_-0.88_-8.19_44.38_0.8408_0.5406_-0.0149_0.0239end-1.21_8.25_-2.19_39.06_-19.81_-6.71_-0.88_-8.19_44.38_0.8419_0.5389,24.18745363,120.73578845,387.55792236328125
462,_-0.0143_0.0246end-1.23_8.18_-2.39_46.66_16.23_-6.60_-0.88_-8.19_44.38_0.8419_0.5389_-0.0143_0.0246end-1.23_8.18_-2.39_46.66_16.23_-6.60_-0.50_-6.87_43.50_0.8441_0.5354_-0.0136_0.0258end,24.18745363,120.73578845,387.55792236328125
463,,24.18745363,120.73578845,387.55792236328125
464,-1.20_8.05_-2.63_46.66_16.23_-6.60_-0.50_-6.87_43.50_0.8463_0.5319_-0.0139_0.0263end-1.27_7.97_-2.64_47.22_-16.00_-5.15_-1.25_-6.87_42.62_0.8463_0.5319_-0.0139_0.0263end-1.35_7.95_-2.65_47.22_-16.00_-5.15_-1.25_-6.87_42.62_0.8463_0.5319_-0.0139_0.0263end-1.41_7.92_-2.38_47.22_-16.00_-5.15_-1.25_-6.87_42.62_0.8463_0.5319_-0.0139_0.0263end-1.41_7.92_-2.38_50.58_-47.11_-4.59_-0.88_-5.12_44.00_0.8506_0.5249_-0.0181_0.0247end-1.45_7.88_-2.19_50.58_-47.11_-4.59_-0.88_-5.12_44.00_0.8529_0.5211_-0.0220_0.0228end-1.25_7.77_-1.89_50.58_-47.11_-4.59_-0.88_-5.12_44.00_0.8529_0.5211_-0.0220_0.0228end-1.25_7.77_-1.89_53.04_-57.86_-4.92_-0.88_-5.12_44.00_0.8529_0.521,24.18745363,120.73578845,387.55792236328125
465,1_-0.0220_0.0228end-1.25_7.77_-1.89_53.94_-57.30_-5.04_-0.88_-5.12_44.00_0.8574_0.5134_-0.0309_0.0183end-1.03_7.66_-1.58_53.94_-57.30_-5.04_-0.13_-4.37_44.00_0.8574_0.5134_-0.0309_0.0183end,24.18745363,120.73578845,387.55792236328125
466,,24.18745363,120.73578845,387.55792236328125
467,-0.99_7.59_-1.63_55.28_-42.97_-5.60_-0.13_-4.37_44.00_0.8597_0.5093_-0.0349_0.0164end-0.99_7.59_-1.63_55.62_-36.26_-5.60_-0.13_-4.37_44.00_0.8597_0.5093_-0.0349_0.0164end-0.99_7.59_-1.63_56.40_-28.76_-5.71_-0.13_-4.37_44.00_0.8621_0.5051_-0.0380_0.0151end-1.18_7.74_-3.19_56.40_-28.76_-5.71_0.94_-4.75_41.81_0.8621_0.5051_-0.0380_0.0151end-1.58_10.39_-4.07_56.40_-28.76_-5.71_0.94_-4.75_41.81_0.8657_0.4987_-0.0407_0.0142end-1.18_13.65_-5.45_56.40_-28.76_-5.71_1.31_-5.06_43.13_0.8657_0.4987_-0.0407_0.0142end-1.24_15.95_-6.10_56.62_-0.90_-7.95_1.31_-5.06_43.13_0.8657_0.4987_-0.0407_0.0142end-1.24_15.95_-6.10_56.62_-0.90_-7.95_1.31_-5.06_43.13_0.8705_0.4902_-0.0419_0.0149end-0.48_20.75_-7.32_56.62_-0.90_-7.95_1.31_-5.06_43.13_0.8716_0.4882_-0.0421_0.0151end0.27_23.39_-7.00_56.62_-0.90_-7.95_1.31_-5.06_43.13_0.8716_0.4882_-0.0421_0.0151end,24.18745363,120.73578845,387.55792236328125
468,,24.18745363,120.73578845,387.55792236328125
469,1.23_24.34_-9.18_41.96_-5.26_-7.05_1.31_-5.06_43.13_0.8716_0.4882_-0.0421_0.0151end1.68_24.24_-9.37_41.96_-5.26_-7.05_2.06_-3.00_42.75_0.8751_0.4818_-0.0438_0.0153end1.60_24.20_-9.58_41.96_-5.26_-7.05_1.69_-3.31_44.44_0.8758_0.4804_-0.0442_0.0151end0.75_24.02_-8.43_28.98_-8.62_-0.56_1.69_-3.31_44.44_0.8758_0.4804_-0.0442_0.0151end0.57_24.20_-7.28_28.98_-8.62_-0.56_1.75_-2.25_44.50_0.8774_0.4774_-0.0450_0.0146end0.60_23.95_-7.40_16.90_8.06_-1.23_2.44_-2.31_41.81_0.8774_0.4774_-0.0450_0.0146end0.58_23.26_-6.86_16.90_8.06_-1.23_2.44_-2.31_41.81_0.8782_0.4760_-0.0445_0.0150end0.81_22.92_-6.48_11.41_16.79_-2.46_2.44_-2.31_41.81_0.8785_0.4755_-0.0439_0.0154e,24.18745363,120.73578845,387.55792236328125
470,,24.18745363,120.73578845,387.55792236328125
471,nd0.81_22.92_-6.48_11.41_16.79_-2.46_1.69_-2.31_42.81_0.8787_0.4750_-0.0434_0.0158end0.56_22.18_-6.02_11.41_16.79_-2.46_1.69_-2.31_42.81_0.8787_0.4750_-0.0434_0.0158end,24.18745363,120.73578845,387.55792236328125
472,0.80_21.92_-6.24_11.41_16.79_-2.46_1.69_-2.31_42.81_0.8790_0.4745_-0.0421_0.0165end0.57_20.89_-6.62_11.41_16.79_-2.46_1.69_-2.31_42.81_0.8790_0.4745_-0.0421_0.0165end0.69_20.52_-6.49_-8.28_16.79_3.02_1.69_-2.31_42.81_0.8790_0.4745_-0.0421_0.0165end0.82_19.79_-6.13_-8.28_16.79_3.02_0.62_-2.31_42.31_0.8789_0.4750_-0.0404_0.0172end0.96_19.37_-6.07_-11.30_20.37_3.69_0.62_-2.31_42.31_0.8785_0.4758_-0.0387_0.0178end0.94_18.61_-6.38_-11.30_20.37_3.69_0.62_-2.31_42.31_0.8782_0.4764_-0.0375_0.0182end0.86_18.16_-6.54_-20.81_39.73_5.82_0.62_-2.31_42.31_0.8782_0.4764_-0.0375_0.0182end0.80_17.13_-6.60_-20.81_39.73_5.82_0.62_-2.31_42.31_0.8775_0.4779_-0.0342_0.0196end0.80_17.13_-6.60_-20.81_39.73_5.82_0.62_-2.31_42.31_0.8765_0.4799_-0.0295_0.0215end0.74_16.05_-6.29_-20.81_39.73_5.82_0.62_-2.31_42.31_0.8760_0.4811_-0.0270_0.0226end,24.18745363,120.73578845,387.55792236328125
473,0.67_14.80_-5.84_-20.81_39.73_5.82_0.62_-2.31_42.31_0.8753_0.4824_-0.0244_0.0237end0.62_14.41_-5.88_-40.51_63.79_8.28_0.62_-2.31_42.31_0.8753_0.4824_-0.0244_0.0237end0.74_13.85_-6.10_-40.51_63.79_8.28_0.62_-2.31_42.31_0.8738_0.4853_-0.0190_0.0259end0.74_13.85_-6.10_-50.81_55.39_9.29_0.62_-2.31_42.31_0.8729_0.4869_-0.0165_0.0269end0.69_13.84_-6.66_-50.81_55.39_9.29_0.62_-2.31_42.31_0.8719_0.4888_-0.0142_0.0278end0.62_13.86_-6.68_-58.53_54.50_10.52_0.62_-2.31_42.31_0.8719_0.4888_-0.0142_0.0278end0.64_13.42_-6.64_-58.53_54.50_10.52_0.62_-2.31_42.31_0.8683_0.4950_-0.0070_0.0303end0.62_13.01_-6.50_-66.25_62.22_10.41_-1.25_-3.37_44.06_0.8683_0.4950_-0.0070_0.0303end0.62_13.01_-6.50_-74.98_70.95_10.52_-1.25_-3.37_44.06_0.8655_0.4999_-0.0016_0.0323end0.62_13.01_-6.50_-74.98_70.95_10.52_-1.56_-4.75_43.13_0.8640_0.5025_0.0013_0.0334end,24.18745363,120.73578845,387.55792236328125
474,,24.18745363,120.73578845,387.55792236328125
475,,24.18745363,120.73578845,387.55792236328125
476,0.62_13.01_-6.50_-83.26_75.65_10.41_-1.56_-4.75_43.13_0.8604_0.5082_0.0075_0.0359end0.68_9.84_-6.07_-83.26_75.65_10.41_-1.56_-4.75_43.13_0.8585_0.5113_0.0107_0.0371end0.68_8.30_-5.71_-90.87_78.56_10.07_-1.56_-4.75_43.13_0.8585_0.5113_0.0107_0.0371end0.68_8.30_-5.71_-90.87_78.56_10.07_-3.37_-5.81_44.00_0.8521_0.5213_0.0208_0.0413end0.64_7.67_-5.28_-90.87_78.56_10.07_-3.37_-5.81_44.00_0.8521_0.5213_0.0208_0.0413end0.63_7.71_-5.13_-110.79_93.22_7.83_-3.37_-5.81_44.00_0.8521_0.5213_0.0208_0.0413end0.63_7.71_-5.13_-114.70_95.57_6.83_-3.37_-5.81_44.00_0.8446_0.5324_0.0318_0.0461end0.33_7.42_-4.29_-114.70_95.57_6.83_-4.12_-7.94_44.38_0.8391_0.5403_0.0396_0.04,24.18745363,120.73578845,387.55792236328125
477,97end0.25_6.99_-3.79_-121.98_96.80_5.60_-4.12_-7.94_44.38_0.8391_0.5403_0.0396_0.0497end0.20_6.74_-3.69_-125.22_94.34_4.59_-4.12_-7.94_44.38_0.8391_0.5403_0.0396_0.0497end,24.18745363,120.73578845,387.55792236328125
478,0.20_6.74_-3.69_-129.14_89.97_4.03_-4.12_-7.94_44.38_0.8264_0.5576_0.0547_0.0569end0.05_6.31_-3.83_-129.14_89.97_4.03_-6.75_-10.38_43.87_0.8264_0.5576_0.0547_0.0569end-0.31_6.01_-3.90_-129.14_89.97_4.03_-6.75_-10.38_43.87_0.8264_0.5576_0.0547_0.0569end-0.31_6.01_-3.90_-138.99_71.28_3.13_-6.75_-10.38_43.87_0.8192_0.5670_0.0612_0.0598end-0.58_6.04_-3.52_-145.48_58.19_2.57_-6.75_-10.38_43.87_0.8118_0.5768_0.0667_0.0620end-0.58_6.04_-3.52_-151.52_43.87_3.02_-6.75_-10.38_43.87_0.8040_0.5869_0.0712_0.0635end-0.58_6.04_-3.52_-154.65_36.93_3.02_-6.75_-10.38_43.87_0.7999_0.5923_0.0732_0.0640end-0.77_6.19_-2.74_-154.65_36.93_3.02_-6.75_-10.38_43.87_0.7999_0.5923,24.18745363,120.73578845,387.55792236328125
479,_0.0732_0.0640end-0.84_6.24_-2.16_-154.65_36.93_3.02_-6.75_-10.38_43.87_0.7916_0.6028_0.0764_0.0644end-0.84_6.21_-1.97_-161.70_24.73_4.14_-8.56_-15.94_41.13_0.7916_0.6028_0.0764_0.0644end,24.18745363,120.73578845,387.55792236328125
480,,24.18745363,120.73578845,387.55792236328125
481,-0.84_6.21_-1.97_-165.84_25.96_4.36_-8.56_-15.94_41.13_0.7783_0.6194_0.0807_0.0643end-0.73_6.05_-1.55_-165.84_25.96_4.36_-8.56_-15.94_41.13_0.7737_0.6248_0.0822_0.0643end-0.75_5.46_-1.04_-165.84_25.96_4.36_-8.56_-15.94_41.13_0.7689_0.6306_0.0838_0.0644end-0.75_5.46_-1.04_-165.84_25.96_4.36_-8.63_-18.06_39.38_0.7642_0.6360_0.0855_0.0646end-0.75_5.46_-1.04_-171.44_38.72_4.25_-8.63_-18.06_39.38_0.7593_0.6415_0.0873_0.0648end-0.73_4.94_-0.38_-171.44_38.72_4.25_-9.38_-19.50_38.44_0.7593_0.6415_0.0873_0.0648end-0.73_4.94_-0.38_-173.79_45.99_3.58_-9.38_-19.50_38.44_0.7441_0.6581_0.0933_0.0660end-0.73_4.94_-0.38_-174.13_47.67_3.13_-9.75_-20.25_37.94_0.7441_0.6581_0.0933_0.0660end-0.73_4.07_0.36_-174.80_48.12_2.57_-9.75_-20.25_37.94_0.7336_0.6692_0.0976_0.0671end-0.75_3.89_0.75_-174.80_48.12_2.57_-9.75_-20.25_37.94_0.7283_0.6746_0.0997_0.0677end,24.18745363,120.73578845,387.55792236328125
482,,24.18745363,120.73578845,387.55792236328125
483,-0.75_3.89_0.75_-174.80_48.12_2.57_-9.75_-20.25_37.94_0.7177_0.6852_0.1038_0.0688end-0.80_3.62_1.02_-174.80_48.12_2.57_-10.88_-23.75_34.81_0.7121_0.6907_0.1057_0.0692end-0.77_3.28_1.25_-174.80_48.12_2.57_-10.88_-23.75_34.81_0.7067_0.6959_0.1074_0.0695end-0.68_3.09_1.38_-174.80_48.12_2.57_-10.13_-25.12_35.69_0.7067_0.6959_0.1074_0.0695end-0.54_2.63_1.72_-174.46_18.24_1.23_-10.13_-25.12_35.69_0.6956_0.7065_0.1102_0.0694end-0.54_2.63_1.72_-173.79_-2.13_1.45_-10.13_-25.12_35.69_0.6956_0.7065_0.1102_0.0694end-0.54_2.63_1.72_-173.79_-2.13_1.45_-10.94_-27.56_34.81_0.6793_0.7222_0.1121_0.0670end-0.31_2.11_1.67_-173.45_-24.17_2.46_-10.94_-27.56_34.81_0.6793_0.7,24.18745363,120.73578845,387.55792236328125
484,222_0.1121_0.0670end0.02_1.70_1.34_-173.45_-24.17_2.46_-10.94_-27.56_34.81_0.6633_0.7374_0.1113_0.0615end0.12_1.55_1.27_-171.89_-48.57_4.36_-10.94_-27.56_34.81_0.6578_0.7427_0.1105_0.0590end,24.18745363,120.73578845,387.55792236328125
485,0.39_1.29_1.09_-171.89_-48.57_4.36_-10.94_-27.56_34.81_0.6578_0.7427_0.1105_0.0590end0.04_0.11_0.60_-170.99_-51.14_5.26_-10.94_-27.56_34.81_0.6578_0.7427_0.1105_0.0590end1.07_2.09_1.20_-170.99_-51.14_5.26_-10.94_-27.56_34.81_0.6364_0.7622_0.1076_0.0492end-0.04_1.19_1.08_-170.99_-51.14_5.26_-10.19_-30.37_31.25_0.6364_0.7622_0.1076_0.0492end0.62_1.31_1.50_-169.09_-29.43_5.15_-9.50_-32.19_29.06_0.6310_0.7669_0.1072_0.0472end0.62_1.31_1.50_-167.19_-12.53_3.69_-9.50_-32.19_29.06_0.6255_0.7715_0.1071_0.0455end0.62_1.31_1.50_-166.52_-4.70_3.36_-11.00_-31.50_29.00_0.6255_0.7715_0.1071_0.0455end1.04_1.94_1.91_-163.83_1.79_3.92_-11.00_-31.50_29.00_0.6086_0.7850_0.1077_0.0419end1.04_1.94_1.91_-163.83_1.79_3.92_-11.00_-31.50_29.00_0.5973_0.7936_0.1086_0.0403end0.13_2.50_2.31_-163.83_1.79_3.92_-11.00_-31.50_29.00_0.5859_0.8021_0.1093_0.0383end,24.18745363,120.73578845,387.55792236328125
486,,24.18745363,120.73578845,387.55792236328125
487,,24.18745363,120.73578845,387.55792236328125
488,-0.03_2.75_2.11_-163.83_1.79_3.92_-11.00_-31.50_29.00_0.5803_0.8061_0.1096_0.0373end0.01_2.71_2.18_-163.83_1.79_3.92_-11.00_-31.50_29.00_0.5803_0.8061_0.1096_0.0373end0.33_2.94_2.61_-155.88_-21.37_4.03_-11.00_-31.50_29.00_0.5803_0.8061_0.1096_0.0373end0.23_3.24_2.58_-154.99_-31.78_4.92_-9.56_-36.00_24.56_0.5803_0.8061_0.1096_0.0373end0.06_3.50_2.45_-154.77_-41.63_5.71_-9.56_-36.00_24.56_0.5586_0.8217_0.1089_0.0306end0.06_3.50_2.45_-151.97_-53.49_6.27_-9.56_-36.00_24.56_0.5533_0.8254_0.1083_0.0282end0.06_3.50_2.45_-151.97_-53.49_6.27_-10.31_-37.13_21.94_0.5479_0.8292_0.1074_0.0255end0.06_3.50_2.45_-148.39_-57.30_5.82_-10.31_-37.13_21.94_0.5376_0.8363_0.1056_0.0197end0.06_3.50_2.45_-144.81_-53.71_5.48_-8.88_-37.44_21.44_0.5376_0.8363_0.1056_0.0197end0.06_3.50_2.45_-144.81_-53.71_5.48_-9.25_-37.50_21.06_0.5273_0.8433_0.1036_0.0140end,24.18745363,120.73578845,387.55792236328125
489,,24.18745363,120.73578845,387.55792236328125
490,0.06_3.50_2.45_-142.79_-49.57_5.60_-9.25_-38.56_20.56_0.5172_0.8497_0.1019_0.0089end1.38_6.55_3.64_-142.79_-49.57_5.60_-9.25_-38.56_20.56_0.5172_0.8497_0.1019_0.0089end1.22_6.85_3.98_-135.18_-31.67_4.92_-9.25_-38.56_20.56_0.5023_0.8588_0.1003_0.0029end1.31_7.04_4.08_-135.18_-31.67_4.92_-8.88_-39.63_17.94_0.4976_0.8616_0.0999_0.0013end1.17_7.48_4.14_-135.18_-31.67_4.92_-8.88_-39.63_17.94_0.4976_0.8616_0.0999_0.0013end0.93_7.84_4.35_-123.77_-24.95_2.57_-8.88_-39.63_17.94_0.4836_0.8698_0.0986_-0.0033end0.84_7.97_4.37_-118.40_-40.51_2.46_-8.56_-40.69_17.94_0.4836_0.8698_0.0986_-0.0033end0.84_7.97_4.37_-118.40_-40.51_2.46_-8.56_-40.69_17.94_0.4748_0.8747_0.0971_-0.0075end0.64_8.03_4.93_-118.40_-40.51_2.46_-8.25_-40.69_16.19_0.4748_0.8747_0.0971_-0.0075end0.64_8.03_4.93_-107.21_-71.62_2.57_-8.25_-40.69_16.19_0.4668_0.8792_0.0947_-0.0133end,24.18745363,120.73578845,387.55792236328125
491,,24.18745363,120.73578845,387.55792236328125
492,,24.18745363,120.73578845,387.55792236328125
493,0.64_8.03_4.93_-104.07_-80.46_3.13_-7.87_-41.31_17.44_0.4668_0.8792_0.0947_-0.0133end0.64_8.03_4.93_-104.07_-80.46_3.13_-7.87_-41.31_17.44_0.4561_0.8851_0.0898_-0.0242end1.34_8.73_5.16_-104.07_-80.46_3.13_-7.87_-41.31_17.44_0.4526_0.8869_0.0880_-0.0283end1.34_8.73_5.16_-104.07_-80.46_3.13_-8.56_-42.06_14.87_0.4495_0.8885_0.0861_-0.0323end1.81_9.11_5.41_-85.05_-90.42_2.80_-8.25_-42.06_14.00_0.4495_0.8885_0.0861_-0.0323end2.18_9.40_5.58_-80.80_-86.62_2.13_-8.25_-42.06_14.00_0.4406_0.8930_0.0809_-0.0436end2.48_9.34_5.51_-80.80_-86.62_2.13_-8.25_-42.06_14.00_0.4379_0.8943_0.0793_-0.0468end2.55_9.15_5.26_-69.16_-61.21_-1.23_-8.25_-42.06_14.00_0.4379_0.8943_,24.18745363,120.73578845,387.55792236328125
494,0.0793_-0.0468end2.60_8.60_5.09_-69.16_-61.21_-1.23_-6.81_-42.06_11.75_0.4305_0.8978_0.0756_-0.0538end2.43_8.27_5.03_-69.16_-61.21_-1.23_-6.81_-42.06_11.75_0.4283_0.8989_0.0747_-0.0550end,24.18745363,120.73578845,387.55792236328125
495,,24.18745363,120.73578845,387.55792236328125
496,1.79_7.65_5.02_-69.16_-61.21_-1.23_-6.81_-42.06_11.75_0.4261_0.8999_0.0740_-0.0557end1.17_7.36_4.68_-69.16_-61.21_-1.23_-6.81_-42.06_11.75_0.4241_0.9009_0.0736_-0.0557end0.94_7.31_4.37_-46.11_19.36_-10.07_-6.81_-42.06_11.75_0.4241_0.9009_0.0736_-0.0557end0.94_7.31_4.37_-43.08_30.21_-11.53_-6.81_-42.06_11.31_0.4241_0.9009_0.0736_-0.0557end1.05_7.52_4.04_-40.17_38.50_-12.87_-6.81_-42.06_11.31_0.4185_0.9037_0.0734_-0.0527end1.05_7.52_4.04_-36.37_43.20_-14.44_-7.56_-42.44_11.75_0.4185_0.9037_0.0734_-0.0527end1.05_7.52_4.04_-36.37_43.20_-14.44_-7.56_-42.44_11.75_0.4141_0.9060_0.0737_-0.0473end1.21_8.82_4.69_-36.37_43.20_-14.44_-7.56_-42.44_11.75_0.4141_0.90,24.18745363,120.73578845,387.55792236328125
497,60_0.0737_-0.0473end1.21_8.82_4.69_-36.37_43.20_-14.44_-7.56_-42.44_11.75_0.4110_0.9077_0.0733_-0.0428end0.62_10.09_4.74_-16.23_27.53_-18.46_-7.56_-42.44_11.75_0.4102_0.9081_0.0731_-0.0414end,24.18745363,120.73578845,387.55792236328125
498,0.90_10.45_3.84_-16.23_27.53_-18.46_-7.56_-42.44_11.75_0.4102_0.9081_0.0731_-0.0414end0.37_11.45_2.20_-16.23_27.53_-18.46_-7.56_-42.44_11.75_0.4102_0.9081_0.0731_-0.0414end0.12_12.04_1.63_-16.23_27.53_-18.46_-7.56_-42.44_11.75_0.4082_0.9094_0.0725_-0.0344end-0.29_12.39_1.56_-16.23_27.53_-18.46_-7.56_-42.44_11.75_0.4079_0.9096_0.0728_-0.0317end-0.32_12.54_1.52_2.57_92.66_-20.81_-7.56_-42.44_11.75_0.4079_0.9096_0.0728_-0.0317end-0.54_12.63_1.79_4.59_106.87_-21.60_-7.56_-42.44_11.75_0.4074_0.9099_0.0739_-0.0247end-0.56_12.37_2.49_4.59_106.87_-21.60_-7.56_-42.44_11.75_0.4070_0.9101_0.0760_-0.0156end-0.77_12.25_2.80_4.59_106.87_-21.60_-7.56_-42.44_11.75_0.4,24.18745363,120.73578845,387.55792236328125
499,070_0.9101_0.0773_-0.0103end-0.88_12.34_3.50_4.59_106.87_-21.60_-7.56_-42.13_10.44_0.4070_0.9100_0.0787_-0.0049end-0.88_12.34_3.50_15.33_124.66_-19.58_-6.81_-43.19_10.44_0.4070_0.9100_0.0787_-0.0049end,24.18745363,120.73578845,387.55792236328125
500,,24.18745363,120.73578845,387.55792236328125
501,-0.88_12.34_3.50_15.33_124.66_-19.58_-6.44_-43.50_10.44_0.4076_0.9094_0.0828_0.0106end-1.05_13.93_3.66_15.33_124.66_-19.58_-6.44_-43.50_10.44_0.4081_0.9089_0.0839_0.0148end-1.22_14.84_3.42_28.20_80.35_-15.22_-6.44_-43.50_10.44_0.4081_0.9089_0.0839_0.0148end-1.22_14.84_3.42_28.20_80.35_-15.22_-7.87_-42.50_10.00_0.4106_0.9074_0.0861_0.0248end-2.55_15.64_3.99_28.20_80.35_-15.22_-7.87_-42.50_10.00_0.4117_0.9067_0.0865_0.0272end-1.94_15.92_3.63_39.61_33.24_-11.30_-7.87_-42.50_10.00_0.4117_0.9067_0.0865_0.0272end-1.94_15.92_3.63_41.85_18.46_-9.96_-7.19_-42.81_11.75_0.4158_0.9047_0.0870_0.0326end-1.32_15.80_3.44_41.85_18.46_-9.96_-7.19_-42.81_11.75_0.4158_0.9,24.18745363,120.73578845,387.55792236328125
502,047_0.0870_0.0326end-1.32_15.80_3.44_49.24_-23.39_-5.82_-7.87_-42.81_12.63_0.4158_0.9047_0.0870_0.0326end-1.43_14.82_4.89_51.92_-44.54_-4.92_-7.87_-42.81_12.63_0.4214_0.9023_0.0853_0.0320end-1.43_14.82_4.89_51.92_-44.54_-4.92_-7.87_-42.81_12.63_0.4237_0.9014_0.0841_0.0302end-1.43_14.82_4.89_60.09_-88.07_-5.48_-7.87_-42.81_12.63_0.4288_0.8995_0.0807_0.0248end-0.42_13.25_5.07_60.09_-88.07_-5.48_-7.87_-42.81_12.63_0.4315_0.8984_0.0787_0.0215end-0.42_13.25_5.07_67.37_-98.70_-5.37_-5.69_-42.75_14.38_0.4315_0.8984_0.0787_0.0215end-0.42_13.25_5.07_70.61_-97.92_-5.93_-5.69_-42.75_14.38_0.4405_0.8948_0.0723_0.0112end0.49_12.86_4.66_70.61_-97.92_-5.93_-5.69_-42.75_14.38_0.4437_0.8934_0.0703_0.0081end1.04_12.41_4.35_70.61_-97.92_-5.93_-5.69_-42.75_14.38_0.4470_0.8919_0.0683_0.0053end1.16_11.82_4.22_81.92_-66.14_-12.53_-5.69_-42.75_14.38_0.4470_0.891,24.18745363,120.73578845,387.55792236328125
503,9_0.0683_0.0053end1.05_11.22_4.22_81.92_-66.14_-12.53_-6.06_-42.00_15.25_0.4470_0.8919_0.0683_0.0053end1.05_11.22_4.22_81.92_-66.14_-12.53_-6.06_-42.00_15.25_0.4608_0.8854_0.0616_-0.0013end,24.18745363,120.73578845,387.55792236328125
504,,24.18745363,120.73578845,387.55792236328125
505,1.24_10.01_4.18_81.92_-66.14_-12.53_-6.06_-42.00_15.25_0.4608_0.8854_0.0616_-0.0013end-3.19_34.16_-27.07_81.92_-66.14_-12.53_-6.06_-42.00_15.25_0.4681_0.8817_0.0590_-0.0024end-0.34_-19.55_34.01_146.82_-24.06_-31.78_-6.06_-42.00_15.25_0.4681_0.8817_0.0590_-0.0024end-0.34_-19.55_34.01_146.82_-24.06_-31.78_-6.06_-42.00_15.25_0.4761_0.8776_0.0566_-0.0020end12.93_14.95_38.00_146.82_-24.06_-31.78_-4.56_-41.63_16.56_0.4802_0.8755_0.0544_-0.0063end1.05_8.37_13.42_146.82_-24.06_-31.78_-4.56_-41.63_16.56_0.4821_0.8745_0.0518_-0.0119end1.05_8.37_13.42_13.43_-190.80_11.53_-5.69_-41.25_18.81_0.4821_0.8745_0.0518_-0.0119end-1.83_8.03_13.42_10.85_-201.43_7.95_-5.69_-41.25_18.81_0.4821_0.8745_0.0518_-0.0119end-1.83_8.03_13.42_17.90_-175.80_1.68_-4.56_-40.25_18.37_0.4821_0.8745_0.0518_-0.0119end-1.83_8.03_13.42_53.49_-122.76_-5.93_-4.56_-40.25_18.37_0.4821_0.8745_0.0518_-0.0119end,24.18745363,120.73578845,387.55792236328125
506,,24.18745363,120.73578845,387.55792236328125
507,-1.83_8.03_13.42_53.49_-122.76_-5.93_-2.75_-41.63_18.81_0.4883_0.8708_0.0347_-0.0446end-1.83_8.03_13.42_67.37_-32.23_-22.72_-2.75_-41.63_18.81_0.4931_0.8680_0.0305_-0.0497end3.29_7.85_0.76_67.37_-32.23_-22.72_-2.75_-41.63_18.81_0.4958_0.8665_0.0294_-0.0499end3.29_7.85_0.76_67.37_-32.23_-22.72_-2.75_-41.63_18.81_0.5016_0.8633_0.0286_-0.0478end3.18_8.14_6.12_67.37_-32.23_-22.72_-2.75_-41.63_18.81_0.5043_0.8618_0.0289_-0.0455end1.46_7.83_11.02_67.37_-32.23_-22.72_-2.75_-41.63_18.81_0.5093_0.8590_0.0297_-0.0428end3.36_7.67_7.33_67.37_-32.23_-22.72_-2.75_-41.63_18.81_0.5115_0.8577_0.0300_-0.0423end1.89_8.37_7.17_67.37_-32.23_-22.72_-3.06_-39.88_20.56_0.5135_0.8565_0.0306_-0.0417end-4.04_7.42_4.05_67.37_-32.23_-22.72_-3.06_-39.88_20.56_0.5135_0.8565_0.0306_-0.0417end-4.04_7.42_4.05_67.37_-32.23_-22.72_-3.06_-39.88_20.56_0.5198_0.8528_0.0338_-0.0372end,24.18745363,120.73578845,387.55792236328125
508,,24.18745363,120.73578845,387.55792236328125
509,,24.18745363,120.73578845,387.55792236328125
510,-1.79_8.33_3.65_67.37_-32.23_-22.72_-3.06_-39.88_20.56_0.5219_0.8516_0.0355_-0.0339end-2.03_7.75_2.78_67.37_-32.23_-22.72_-3.06_-39.88_20.56_0.5219_0.8516_0.0355_-0.0339end-1.10_7.99_3.42_62.44_83.82_-13.65_-3.06_-39.88_20.56_0.5219_0.8516_0.0355_-0.0339end-1.10_7.99_3.42_62.44_83.82_-13.65_-3.81_-38.81_21.44_0.5308_0.8462_0.0408_-0.0218end-1.16_8.04_5.17_62.44_83.82_-13.65_-3.81_-38.81_21.44_0.5333_0.8447_0.0410_-0.0213end-0.39_8.22_7.59_70.05_-39.84_2.46_-3.81_-38.81_21.44_0.5333_0.8447_0.0410_-0.0213end-0.35_8.13_7.22_65.58_-65.91_3.92_-3.81_-38.81_21.44_0.5333_0.8447_0.0410_-0.0213end-0.38_8.05_7.03_65.58_-65.91_3.92_-3.44_-38.13_22.31_0.5435_0.8381_0.0360_-0.0298end0.21_8.04_6.91_65.58_-65.91_3.92_-2.31_-37.75_23.69_0.5458_0.8365_0.0338_-0.0333end0.74_7.79_5.69_65.58_-65.91_3.92_-2.31_-37.75_23.69_0.5482_0.8350_0.0314_-0.0368end,24.18745363,120.73578845,387.55792236328125
511,,24.18745363,120.73578845,387.55792236328125
512,1.75_7.83_5.02_65.58_-65.91_3.92_-2.31_-37.75_23.69_0.5482_0.8350_0.0314_-0.0368end2.07_7.78_4.59_66.02_-95.12_-1.68_-2.31_-37.75_23.69_0.5482_0.8350_0.0314_-0.0368end2.79_7.88_4.52_66.02_-95.12_-1.68_-2.31_-37.75_23.69_0.5557_0.8297_0.0245_-0.0469end2.79_7.88_4.52_69.94_-46.44_-3.58_-2.31_-37.75_23.69_0.5582_0.8279_0.0228_-0.0494end2.79_7.88_4.52_69.94_-46.44_-3.58_-2.31_-37.75_23.69_0.5634_0.8243_0.0206_-0.0524end2.79_7.88_4.52_67.59_0.22_-7.39_-2.31_-37.75_23.69_0.5659_0.8226_0.0202_-0.0526end2.86_7.83_4.45_67.59_0.22_-7.39_-2.31_-37.00_25.50_0.5659_0.8226_0.0202_-0.0526end2.86_7.83_4.45_66.81_36.71_-6.60_-2.31_-37.00_25.50_0.5706_0.8194_0.0208_-0.0509end2.86_7.83_4.45_66.81_36.71_-6.60_-2.31_-37.00_25.50_0.5753_0.8162_0.0224_-0.0479end1.55_7.88_3.09_66.81_36.71_-6.60_-2.31_-37.00_25.50_0.5776_0.8146_0.0234_-0.0463end,24.18745363,120.73578845,387.55792236328125
513,,24.18745363,120.73578845,387.55792236328125
514,,24.18745363,120.73578845,387.55792236328125
515,,24.18745363,120.73578845,387.55792236328125
516,1.16_7.88_2.44_66.81_36.71_-6.60_-1.94_-36.25_26.37_0.5800_0.8130_0.0245_-0.0446end0.84_7.97_1.97_67.03_48.68_-6.38_-1.94_-36.25_26.37_0.5800_0.8130_0.0245_-0.0446end0.84_7.97_1.97_67.03_48.68_-6.38_-1.94_-36.25_26.37_0.5870_0.8082_0.0278_-0.0386end0.58_7.99_1.50_67.03_48.68_-6.38_-1.94_-36.25_26.37_0.5870_0.8082_0.0278_-0.0386end0.57_8.03_2.01_71.51_42.08_-8.95_-1.94_-36.25_26.37_0.5870_0.8082_0.0278_-0.0386end0.57_8.03_2.01_72.85_32.90_-6.94_-1.87_-35.56_28.94_0.5870_0.8082_0.0278_-0.0386end0.57_8.03_2.01_72.85_32.90_-6.94_-1.87_-35.56_28.94_0.5995_0.7991_0.0318_-0.0306end0.39_8.20_3.75_72.85_32.90_-6.94_-1.87_-35.56_28.94_0.6021_0.7972_0.0322_-0.029,24.18745363,120.73578845,387.55792236328125
517,8end0.51_8.16_3.84_72.85_32.90_-6.94_-1.87_-35.56_28.94_0.6047_0.7952_0.0325_-0.0290end0.76_8.16_3.62_72.85_15.44_-7.83_-3.00_-33.88_29.00_0.6047_0.7952_0.0325_-0.0290end0.76_8.16_3.62_70.50_12.65_-8.17_-3.00_-33.88_29.00_0.6122_0.7896_0.0331_-0.0265end1.51_8.08_2.29_70.50_12.65_-8.17_-3.00_-33.88_29.00_0.6147_0.7877_0.0332_-0.0258end1.11_8.02_1.23_70.50_12.65_-8.17_-3.31_-33.81_30.37_0.6147_0.7877_0.0332_-0.0258end0.91_8.07_1.02_71.06_18.13_-4.92_-3.31_-33.81_30.37_0.6147_0.7877_0.0332_-0.0258end0.48_8.09_0.64_71.06_18.13_-4.92_-3.31_-33.81_30.37_0.6220_0.7819_0.0342_-0.0233end0.48_8.09_0.64_72.18_38.50_-5.60_-3.31_-33.13_29.87_0.6268_0.7781_0.0358_-0.0206end0.36_8.16_0.61_72.18_38.50_-5.60_-3.31_-33.13_29.87_0.6292_0.7762_0.0367_-0.0189end0.21_8.17_0.89_72.18_38.50_-5.60_-3.31_-32.06_32.13_0.6292_0.7762_0.0367_-0.018,24.18745363,120.73578845,387.55792236328125
518,9end0.21_8.17_0.89_73.52_33.57_-5.82_-3.31_-32.06_32.13_0.6341_0.7722_0.0385_-0.0158end0.26_8.32_1.21_73.52_33.57_-5.82_-2.56_-32.38_32.06_0.6341_0.7722_0.0385_-0.0158end,24.18745363,120.73578845,387.55792236328125
519,0.26_8.32_1.21_72.96_26.97_-4.81_-2.56_-32.38_32.06_0.6413_0.7662_0.0402_-0.0125end-0.07_8.39_0.48_72.96_26.97_-4.81_-4.37_-31.00_32.56_0.6413_0.7662_0.0402_-0.0125end-0.07_8.39_0.48_69.05_15.33_-2.57_-4.37_-31.00_32.56_0.6459_0.7623_0.0411_-0.0110end-0.22_8.34_-0.36_68.60_10.07_-3.02_-4.37_-31.00_32.56_0.6459_0.7623_0.0411_-0.0110end-0.22_8.34_-0.36_68.60_10.07_-3.02_-3.31_-30.62_33.50_0.6505_0.7584_0.0417_-0.0097end-0.07_8.45_-0.77_68.60_10.07_-3.02_-3.31_-30.62_33.50_0.6550_0.7544_0.0418_-0.0090end-0.07_8.45_-0.77_69.61_-7.39_-1.23_-3.31_-30.62_33.50_0.6573_0.7524_0.0417_-0.0089end-0.05_8.49_-0.71_69.61_-7.39_-1.23_-3.31_-30.62_33.50_0.6573_0.7524_0.0417_-0.0089end0.01_8.52_-0.62_69.61_-7.39_-1.23_-3.31_-30.62_33.50_0.6573_0.7524_0.0417_-0.0089end0.10_8.59_-0.60_69.61_-7.39_-1.23_-3.31_-29.56_33.50_0.6664_0.7444_0.0397_-0.0105end,24.18745363,120.73578845,387.55792236328125
520,,24.18745363,120.73578845,387.55792236328125
521,,24.18745363,120.73578845,387.55792236328125
522,0.33_8.59_-0.74_65.35_-29.66_-1.45_-3.31_-29.56_33.50_0.6664_0.7444_0.0397_-0.0105end0.53_8.59_-0.98_65.35_-29.66_-1.45_-3.31_-29.56_33.50_0.6708_0.7405_0.0379_-0.0121end0.59_8.61_-1.10_63.56_-37.82_-1.45_-3.31_-29.56_33.50_0.6708_0.7405_0.0379_-0.0121end0.59_8.61_-1.10_63.56_-37.82_-1.45_-3.31_-29.56_33.50_0.6772_0.7349_0.0344_-0.0154end0.80_8.61_-1.21_63.56_-37.82_-1.45_-3.31_-29.56_33.50_0.6793_0.7330_0.0330_-0.0167end0.86_8.64_-1.19_62.89_-46.33_-1.79_-3.31_-29.56_33.50_0.6793_0.7330_0.0330_-0.0167end0.98_8.68_-1.09_62.78_-45.21_-2.69_-3.31_-29.56_33.50_0.6793_0.7330_0.0330_-0.0167end0.98_8.68_-1.09_62.78_-45.21_-2.69_-3.31_-29.56_33.50_0.6875_0.72,24.18745363,120.73578845,387.55792236328125
523,53_0.0276_-0.0217end1.34_8.71_-0.66_62.78_-45.21_-2.69_-3.31_-29.56_33.50_0.6875_0.7253_0.0276_-0.0217end1.47_8.72_-0.53_61.32_-35.36_-4.14_-3.31_-29.56_33.50_0.6875_0.7253_0.0276_-0.0217end,24.18745363,120.73578845,387.55792236328125
524,,24.18745363,120.73578845,387.55792236328125
525,1.47_8.72_-0.53_60.76_-32.79_-4.25_-1.50_-27.13_35.69_0.6875_0.7253_0.0276_-0.0217end1.52_8.77_-0.51_60.76_-32.79_-4.25_-1.50_-27.13_35.69_0.6955_0.7177_0.0231_-0.0253end1.52_8.73_-0.47_59.76_-23.61_-5.15_-1.50_-27.13_35.69_0.6993_0.7140_0.0212_-0.0266end1.52_8.73_-0.47_59.76_-23.61_-5.15_-1.44_-25.75_36.13_0.6993_0.7140_0.0212_-0.0266end1.52_8.73_-0.47_59.53_-20.81_-5.82_-1.44_-25.75_36.13_0.7031_0.7103_0.0198_-0.0273end1.52_8.73_-0.47_59.53_-20.81_-5.82_-1.44_-25.75_36.13_0.7050_0.7084_0.0192_-0.0276end1.37_8.72_-0.46_59.65_-12.42_-7.16_-1.44_-25.75_36.13_0.7068_0.7065_0.0186_-0.0278end1.37_8.72_-0.46_59.65_-12.42_-7.16_-1.44_-25.00_36.63_0.7106_0.7028_0.0176_-0.0278end1.33_8.73_-0.40_59.65_-12.42_-7.16_-0.75_-26.75_36.56_0.7106_0.7028_0.0176_-0.0278end1.27_8.68_-0.36_59.98_-7.39_-7.95_-0.75_-26.75_36.56_0.7106_0.7028_0.0176_-0.0278end,24.18745363,120.73578845,387.55792236328125
526,,24.18745363,120.73578845,387.55792236328125
527,1.27_8.68_-0.36_59.98_-7.39_-7.95_-0.75_-26.75_36.56_0.7181_0.6953_0.0159_-0.0275end1.23_8.71_-0.30_59.98_-7.39_-7.95_-0.75_-26.75_36.56_0.7199_0.6934_0.0155_-0.0274end1.32_8.70_-0.34_60.54_-9.51_-9.06_-0.75_-26.75_36.56_0.7199_0.6934_0.0155_-0.0274end1.33_8.68_-0.30_59.98_-10.74_-9.62_-0.75_-26.75_36.56_0.7199_0.6934_0.0155_-0.0274end1.33_8.68_-0.30_59.98_-10.74_-9.62_-0.31_-23.56_38.44_0.7273_0.6857_0.0134_-0.0273end1.34_8.68_-0.32_59.98_-10.74_-9.62_0.06_-22.19_37.56_0.7291_0.6838_0.0128_-0.0272end1.32_8.66_-0.34_59.98_-10.74_-9.62_0.06_-22.19_37.56_0.7310_0.6818_0.0121_-0.0272end1.30_8.67_-0.37_60.32_-8.50_-11.08_0.06_-22.19_37.56_0.7310_0.6818_0.0121_-0.0272end1.30_8.67_-0.37_60.32_-8.50_-11.08_-1.06_-22.50_40.19_0.7365_0.6758_0.0107_-0.0266end1.24_8.64_-0.26_60.32_-8.50_-11.08_-1.06_-22.50_40.19_0.7383_0.6739_0.0104_-0.0261end,24.18745363,120.73578845,387.55792236328125
528,,24.18745363,120.73578845,387.55792236328125
529,,24.18745363,120.73578845,387.55792236328125
530,1.20_8.56_-0.28_60.32_-8.50_-11.08_-0.31_-22.19_39.75_0.7383_0.6739_0.0104_-0.0261end1.09_8.52_-0.30_62.00_9.74_-12.87_-0.31_-22.19_39.75_0.7383_0.6739_0.0104_-0.0261end1.04_8.51_-0.41_62.33_17.46_-13.20_0.06_-23.19_39.75_0.7383_0.6739_0.0104_-0.0261end1.04_8.51_-0.41_62.33_17.46_-13.20_0.06_-23.19_39.75_0.7474_0.6639_0.0107_-0.,24.18745363,120.73578845,387.55792236328125
531,0222end0.86_8.43_-0.76_62.33_17.46_-13.20_0.06_-23.19_39.75_0.7474_0.6639_0.0107_-0.0222end0.82_8.44_-1.00_62.33_17.46_-13.20_0.06_-23.19_39.75_0.7511_0.6598_0.0116_-0.0200end0.74_8.46_-1.08_64.01_28.31_-12.76_0.06_-23.19_39.75_0.7511_0.6598_0.0116_-0.0200end0.74_8.46_-1.08_64.01_28.31_-12.76_0.06_-23.19_39.75_0.7567_0.6534_0.0135_-0.0161end0.63_8.41_-1.11_64.01_28.31_-12.76_0.06_-23.19_39.75_0.7585_0.6514_0.0142_-0.0148end0.56_8.39_-0.93_64.01_28.31_-12.76_0.06_-23.19_39.75_0.7585_0.6514_0.0142_-0.0148end,24.18745363,120.73578845,387.55792236328125
532,0.56_8.39_-0.93_65.80_23.61_-12.42_-1.37_-19.75_41.13_0.7623_0.6470_0.0154_-0.0123end0.56_8.39_-0.93_66.25_17.23_-12.09_-1.37_-19.75_41.13_0.7641_0.6448_0.0157_-0.0113end0.56_8.39_-0.93_66.70_9.74_-12.31_-1.69_-18.00_40.75_0.7659_0.6426_0.0159_-0.0104end0.56_8.39_-0.93_67.14_0.45_-12.31_-1.69_-18.00_40.75_0.7659_0.6426_0.0159_-0.0104end0.84_8.25_0.01_67.14_0.45_-12.31_-1.69_-18.00_40.75_0.7716_0.6359_0.0145_-0.0094end0.99_8.16_0.13_67.14_0.45_-12.31_-1.69_-18.69_40.25_0.7716_0.6359_0.0145_-0.0094end1.11_8.13_0.16_67.14_0.45_-12.31_-1.69_-18.69_40.25_0.7774_0.6288_0.0109_-0.0100end1.41_8.09_0.04_67.14_0.45_-12.31_-0.62_-17.62_41.13_0.7793_0.6265_0.0095_-0.0104end1.71_7.91_-0.26_67.14_0.45_-12.31_-0.62_-17.31_40.69_0.7813_0.6240_0.0081_-0.0107end1.71_7.87_-0.30_71.40_-11.97_-16.79_-0.62_-17.31_40.69_0.7852_0.6192_0.0059_-0.0106end,24.18745363,120.73578845,387.55792236328125
533,,24.18745363,120.73578845,387.55792236328125
534,1.77_7.80_-0.30_71.40_-11.97_-16.79_-0.62_-17.31_40.69_0.7852_0.6192_0.0059_-0.0106end1.54_7.69_-0.47_71.40_-11.97_-16.79_-0.62_-17.31_40.69_0.7891_0.6141_0.0050_-0.0093end1.45_7.86_-0.52_74.64_29.43_-19.36_-0.62_-17.31_40.69_0.7891_0.6141_0.0050_-0.0093end1.14_7.59_-0.77_74.64_29.43_-19.36_-0.62_-17.31_40.69_0.7952_0.6063_0.007,24.18745363,120.73578845,387.55792236328125
535,,24.18745363,120.73578845,387.55792236328125
536,,24.18745363,120.73578845,387.55792236328125
537,4_-0.0043end0.96_7.78_-0.96_74.64_29.43_-19.36_-0.62_-17.31_40.69_0.7971_0.6038_0.0091_-0.0018end0.53_8.43_-1.18_74.64_29.43_-19.36_-0.62_-17.31_40.69_0.7971_0.6038_0.0091_-0.0018end0.62_12.71_-1.97_75.31_92.77_-21.82_-0.62_-17.31_40.69_0.7971_0.6038_0.0091_-0.0018end1.34_14.88_-3.41_74.86_99.60_-22.60_-2.00_-13.81_42.50_0.7971_,24.18745363,120.73578845,387.55792236328125
538,0.6038_0.0091_-0.0018end1.52_16.44_-3.85_75.54_99.15_-21.37_-2.00_-13.81_42.50_0.8066_0.5905_0.0222_0.0140end0.27_18.40_-3.55_75.54_99.15_-21.37_-2.75_-13.81_43.00_0.8085_0.5877_0.0247_0.0171end0.94_17.82_-5.38_75.54_99.15_-21.37_-2.75_-13.81_43.00_0.8085_0.5877_0.0247_0.0171end0.94_17.82_-5.38_69.16_70.84_-17.35_-2.75_-13.81_43.00_0.8118_0.5828_0.0287_0.0221end0.94_17.82_-5.38_57.30_50.92_-17.01_-3.44_-12.81_43.38_0.8118_0.5828_0.0287_0.0221end0.88_22.23_-8.74_57.30_50.92_-17.01_-3.44_-12.81_43.38_0.8146_0.5785_0.0314,24.18745363,120.73578845,387.55792236328125
539,,24.18745363,120.73578845,387.55792236328125
540,,24.18745363,120.73578845,387.55792236328125
541,,24.18745363,120.73578845,387.55792236328125
542,_0.0261end0.88_22.23_-8.74_57.30_50.92_-17.01_-3.06_-11.75_41.63_0.8146_0.5785_0.0314_0.0261end0.88_22.23_-8.74_52.26_36.26_-16.90_-3.06_-11.75_41.63_0.8183_0.5730_0.0338_0.0309end1.68_22.98_-6.29_52.26_36.26_-16.90_-3.06_-11.75_41.63_0.8183_0.5730_0.0338_0.0309end1.79_22.85_-6.09_34.80_40.06_-18.58_-4.94_-10.38_42.56_0.8183_0.5730_0.0338_0.0309end2.00_22.52_-6.02_29.77_42.08_-19.02_-4.94_-10.38_42.56_0.8214_0.5678_0.0374_0.0377end2.09_22.14_-6.00_29.77_42.08_-19.02_-4.94_-10.38_42.56_0.8220_0.5669_0.0383_0.0394end,24.18745363,120.73578845,387.55792236328125
543,1.94_20.73_-5.73_29.77_42.08_-19.02_-4.94_-10.38_42.56_0.8224_0.5661_0.0392_0.0412end2.00_20.20_-5.52_29.77_42.08_-19.02_-5.25_-10.69_43.87_0.8230_0.5649_0.0406_0.0446end2.10_19.76_-5.50_7.39_33.80_-22.94_-5.25_-10.69_43.87_0.8231_0.5645_0.0413_0.0462end2.11_19.31_-5.60_7.39_33.80_-22.94_-5.25_-10.69_43.87_0.8231_0.5643_0.0419_0.0479end2.14_18.93_-5.75_7.39_33.80_-22.94_-4.87_-10.38_43.44_0.8231_0.5643_0.0419_0.0479end1.79_18.14_-6.21_-4.59_28.65_-24.40_-4.87_-10.38_43.44_0.8231_0.5643_0.0419_0.0479end1.46_17.25_-6.62_-4.59_28.65_-24.40_-4.87_-10.38_43.44_0.8226_0.5645_0.0433_0.0527end1.17_16.24_-6.91_-4.59_28.65_-24.40_-4.87_-10.38_43.44_0.8218_0.5653_0.0443_0.0561end1.05_15.78_-7.10_-23.39_36.03_-27.98_-4.87_-10.38_43.44_0.8218_0.5653_0.0443_0.0561end1.05_15.78_-7.10_-23.39_36.03_-27.98_-5.25_-11.06_42.62_0.8195_0.5679_0.0464_0.0617end0.55_14.23_-7.14_-37.71_44.09_-28.31_-5.25_-11.06_42.62_0.8184_0.5691_0.0474_0.0637end0.30_13.38_-6.95_-37.71_44.09_-28.31_-5.25_-11.06_42.62_0.8184_0.5691_0.0474_0.0637end-0.05_12.32_-6.95_-37.71_44.09_-28.31_-5.25_-11.06_42.62_0.8160_0.5720_0.0496_0.0680end-0.05_12.32_-6.95_-54.16_53.04_-29.88_-6.00_-11.75_44.31_0.8160_0.5720_0.0496_0.0680end-0.05_12.32_-6.95_-54.16_53.04_-29.88_-6.00_-11.75_44.31_0.8112_0.5776_0.0533_0.0746end-0.75_11.16_-6.85_-54.16_53.04_-29.88_-6.75_-12.13_43.38_0.8094_0.5797_0.0544_0.0766end-1.20_10.17_-5.37_-54.16_53.04_-29.88_-6.75_-12.13_43.38_0.8075_0.5820_0.0555_0.0786end-1.20_10.17_-5.37_-74.53_47.45_-27.98_-6.75_-12.81_43.00_0.8054_0.5845_0.0568_0.0806end-1.32_9.77_-4.98_-78.89_51.48_-28.20_-6.75_-12.81_43.00_0.8054_0.5845_0.0568_0.0806end-1.08_8.39_-4.29_-83.15_56.74_-27.75_-6.75_-12.81_43.00_0.8010_0.5897_0.0594_0.0848end,24.18745363,120.73578845,387.55792236328125
544,-1.08_8.39_-4.29_-83.15_56.74_-27.75_-6.44_-14.25_42.94_0.7985_0.5925_0.0612_0.0872end-1.08_8.39_-4.29_-91.99_66.47_-27.86_-6.44_-14.25_42.94_0.7933_0.5983_0.0649_0.0919end-1.06_6.97_-3.32_-91.99_66.47_-27.86_-6.81_-14.87_42.44_0.7933_0.5983_0.0649_0.0919end-1.36_6.62_-2.68_-96.24_71.73_-27.19_-6.81_-14.87_42.44_0.7877_0.6044_0.0690_0.0969end-1.36_6.62_-2.68_-96.24_71.73_-27.19_-6.81_-14.87_42.44_0.7818_0.6107_0.0737_0.1022end-1.55_6.36_-2.21_-103.62_94.11_-27.64_-9.69_-16.31_40.75_0.7818_0.6107_0.0737_0.1022end-1.55_6.36_-2.21_-103.62_94.11_-27.64_-9.69_-16.31_40.75_0.7754_0.6170_0.0796_0.1085end-1.71_5.39_-1.29_-108.66_113.25_-27.31_-9.69_-16.31_40.75_0.7754_0.6170_0.0796_0.1085end-1.74_4.74_-0.65_-108.66_113.25_-27.31_-10.44_-18.81_39.75_0.7685_0.6234_0.0865_0.1155end-1.92_4.42_-0.38_-108.66_113.25_-27.31_-10.44_-18.81_39.75_0.7614_0.6296_0.0937_0.1225end,24.18745363,120.73578845,387.55792236328125
545,,24.18745363,120.73578845,387.55792236328125
546,,24.18745363,120.73578845,387.55792236328125
547,,24.18745363,120.73578845,387.55792236328125
548,-2.16_4.09_-0.25_-108.66_113.25_-27.31_-10.44_-18.81_39.75_0.7578_0.6329_0.0972_0.1259end-2.39_4.04_-0.14_-108.66_113.25_-27.31_-10.06_-17.06_39.38_0.7578_0.6329_0.0972_0.1259end-2.39_4.04_-0.14_-114.37_101.27_-25.96_-10.06_-17.06_39.38_0.7502_0.6395_0.1037_0.1323end-2.39_4.04_-0.14_-116.38_80.80_-24.95_-11.56_-19.19_38.44_0.7465_0.6428_0.1064_0.1349end-2.09_3.75_1.98_-117.84_66.81_-24.28_-11.56_-19.19_38.44_0.7426_0.6464_0.1089_0.1373end-2.09_3.75_1.98_-117.84_66.81_-24.28_-12.31_-20.62_36.63_0.7426_0.6464_0.1089_0.1373end-2.09_3.75_1.98_-118.96_49.91_-22.60_-12.31_-20.62_36.63_0.7316_0.6573_0.1130_0.1410end-1.97_3.16_2.76_-120.75_-10.30_-16.90_-12.31,24.18745363,120.73578845,387.55792236328125
549,,24.18745363,120.73578845,387.55792236328125
550,,24.18745363,120.73578845,387.55792236328125
551,_-20.62_36.63_0.7245_0.6653_0.1129_0.1403end-1.52_3.05_2.91_-120.75_-10.30_-16.90_-12.31_-20.62_36.63_0.7211_0.6694_0.1119_0.1390end-1.52_3.05_2.91_-120.75_-10.30_-16.90_-13.06_-21.62_37.13_0.7177_0.6738_0.1105_0.1370end-1.52_3.05_2.91_-123.10_-74.19_-9.40_-13.06_-21.62_37.13_0.7177_0.6738_0.1105_0.1370end-0.52_3.14_2.31_-123.10_-74.19_-9.40_-10.50_-24.75_35.31_0.7177_0.6738_0.1105_0.1370end-0.48_3.09_2.14_-123.10_-74.19_-9.40_-10.50_-24.75_35.31_0.7043_0.6909_0.1032_0.1267end-0.48_3.09_2.14_-125.89_-67.26_-1.90_-11.25_-24.44_35.75_0.7008_0.6951_0.1016_0.1241end-0.38_3.02_2.16_-125.89_-67.26_-1.90_-10.13_-24.75_35.69_0.7008_0.6951_0.1016_0.1241end-0.37_3.08_2.11_-126.79_-50.58_0.56_-10.13_-24.75_35.69_0.7008_0.6951_0.1016_0.1241end-0.37_3.08_2.11_-126.79_-50.58_0.56_-10.13_-24.75_35.69_0.6862_0.7114_0.0982_0.1156end-0.48_3.29_2.14_-126.79_-50.58_0.56_-11.25_-26.87_34.,24.18745363,120.73578845,387.55792236328125
552,38_0.6862_0.7114_0.0982_0.1156end-0.48_3.29_2.14_-129.25_-22.16_5.26_-11.25_-26.87_34.38_0.6784_0.7194_0.0980_0.1124end-0.48_3.29_2.14_-129.25_-22.16_5.26_-10.56_-27.87_34.38_0.6784_0.7194_0.0980_0.1124end-0.44_3.89_2.59_-130.26_-15.78_6.15_-10.56_-27.87_34.38_0.6705_0.7271_0.0988_0.1100end-0.44_3.89_2.59_-131.49_-5.93_7.95_-10.56_-28.62_33.00_0.6705_0.7271_0.0988_0.1100end-0.44_3.89_2.59_-131.49_-5.93_7.95_-10.56_-28.62_33.00_0.6580_0.7385_0.1010_0.1071end-0.60_4.05_2.54_-131.49_-5.93_7.95_-10.56_-28.62_33.00_0.6537_0.7423_0.1019_0.1061end-0.71_4.01_2.52_-131.49_-5.93_7.95_-10.56_-28.62_33.00_0.6537_0.7423_0.1019_0.1061end-0.71_4.01_2.52_-131.49_-5.93_7.95_-10.56_-28.62_33.00_0.6452_0.7498_0.1037_0.1041end-0.71_4.01_2.52_-131.49_-5.93_7.95_-10.56_-28.62_33.00_0.6409_0.7534_0.1046_0.1028end-0.71_4.01_2.52_-131.49_-5.93_7.95_-10.56_-28.62_33.00_0.6365_0.7573_0.1053_0.1013end-1.05_4.62_1.99_-131.49_-5.93_7.95_-10.56_-28.62_33.00_0.6365_0.7573_0.1053_0.1013end-1.05_4.62_1.99_-131.49_-5.93_7.95_-10.63_-33.56_29.44_0.6234_0.7688_0.1065_0.0951end,24.18745363,120.73578845,387.55792236328125
553,,24.18745363,120.73578845,387.55792236328125
554,,24.18745363,120.73578845,387.55792236328125
555,-1.05_4.62_1.99_-139.99_-53.27_21.60_-10.63_-33.56_29.44_0.6190_0.7726_0.1065_0.0923end-1.05_4.62_1.99_-139.99_-64.12_23.84_-10.63_-33.56_29.44_0.6190_0.7726_0.1065_0.0923end-1.05_4.62_1.99_-140.33_-73.41_26.07_-10.63_-33.56_29.44_0.6060_0.7843_0.1052_0.0814end-1.05_4.62_1.99_-140.44_-82.59_29.32_-9.88_-33.94_27.19_0.6060_0.7843_0.1052_0.0814end-1.05_4.62_1.99_-140.44_-82.59_29.32_-9.88_-33.94_27.19_0.5929_0.7957_0.1033_0.0687end0.66_6.18_2.05_-139.77_-74.53_33.01_-9.88_-33.94_27.19_0.5929_0.7957_0.1033_0.0687end0.66_6.18_2.05_-139.43_-67.70_33.68_-9.88_-33.94_27.19_0.5929_0.7957_0.1033_0.0687end0.79_6.14_2.45_-139.43_-67.70_33.68_-9.88_-33.94_27.19_0.5750_0.8099_0.1027_0.0535end1.21_5.92_2.96_-139.43_-67.70_33.68_-9.88_-33.94_27.19_0.5750_0.8099_0.1027_0.0535end1.27_6.00_3.14_-139.43_-67.70_33.68_-9.88_-33.94_27.19_0.5659_0.8165_0.1037_0.0479end,24.18745363,120.73578845,387.55792236328125
556,,24.18745363,120.73578845,387.55792236328125
557,,24.18745363,120.73578845,387.55792236328125
558,1.17_6.23_3.28_-139.43_-67.70_33.68_-9.88_-33.94_27.19_0.5566_0.8229_0.1057_0.0435end1.17_6.23_3.28_-139.43_-67.70_33.68_-10.31_-37.44_24.06_0.5519_0.8259_0.1069_0.0418end1.47_6.35_3.11_-139.43_-67.70_33.68_-9.19_-37.13_22.81_0.5519_0.8259_0.1069_0.0418end1.47_6.35_3.11_-130.03_-2.91_31.67_-9.19_-37.13_22.81_0.5519_0.8259_0.1069_0.0418end1.47_6.35_3.11_-130.03_-2.91_31.67_-9.19_-37.13_22.81_0.5381_0.8347_0.1108_0.0376end1.47_6.35_3.11_-130.03_-2.91_31.67_-9.19_-37.13_22.81_0.5335_0.8375_0.1122_0.0364end1.40_7.21_3.88_-123.43_-0.11_31.67_-9.19_-37.13_22.81_0.5291_0.8402_0.1136_0.0351end1.40_7.21_3.88_-123.43_-0.11_31.67_-10.00_-39.63_20.12_0.5203_0.8454_0.1163_0.0327end1.40_7.21_3.88_-117.39_9.62_28.31_-10.00_-39.63_20.12_0.5157_0.8480_0.1178_0.0317end1.50_7.48_3.63_-114.70_12.42_26.75_-10.00_-39.63_20.12_0.5073_0.8528_0.1206_0.0302end,24.18745363,120.73578845,387.55792236328125
559,,24.18745363,120.73578845,387.55792236328125
560,,24.18745363,120.73578845,387.55792236328125
561,1.55_7.49_3.88_-114.70_12.42_26.75_-10.00_-39.63_20.12_0.5030_0.8551_0.1220_0.0295end1.05_7.62_4.36_-114.70_12.42_26.75_-10.00_-39.63_20.12_0.5030_0.8551_0.1220_0.0295end1.07_7.59_4.00_-104.86_13.32_22.38_-10.75_-40.00_17.44_0.5030_0.8551_0.1220_0.0295end1.07_7.59_4.00_-104.86_13.32_22.38_-10.75_-40.00_17.44_0.4869_0.8638_0.1271_0.0271end0.76_6.73_3.96_-104.86_13.32_22.38_-11.12_-40.00_16.19_0.4831_0.8657_0.1283_0.0266end0.72_6.48_3.95_-104.86_13.32_22.38_-11.81_-40.38_14.81_0.4794_0.8676_0.1294_0.0261end0.66_6.45_4.06_-94.56_10.63_18.80_-11.81_-40.38_14.81_0.4756_0.8696_0.1305_0.0255end0.66_6.45_4.06_-90.98_9.96_17.90_-11.12_-41.00_14.81_0.4756_0.8696_0.1305_0.0255end0.66_6.45_4.06_-84.04_8.73_16.67_-11.12_-41.00_14.81_0.4756_0.8696_0.1305_0.0255end0.66_6.45_4.06_-81.02_7.83_15.78_-11.12_-41.00_14.81_0.4622_0.8763_0.1342_0.0235end,24.18745363,120.73578845,387.55792236328125
562,,24.18745363,120.73578845,387.55792236328125
563,,24.18745363,120.73578845,387.55792236328125
564,0.66_6.45_4.06_-77.33_6.49_15.00_-11.12_-41.00_14.81_0.4591_0.8777_0.1350_0.0230end1.17_8.10_5.49_-77.33_6.49_15.00_-11.12_-41.00_14.81_0.4534_0.8806_0.1365_0.0219end1.42_8.55_5.28_-77.33_6.49_15.00_-11.12_-41.00_14.81_0.4508_0.8818_0.1370_0.0214end1.55_8.65_5.14_-63.11_-1.79_10.97_-11.12_-41.00_14.81_0.4508_0.8818_0.1370_0.0214end1.55_8.65_5.14_-63.11_-1.79_10.97_-12.94_-41.44_12.63_0.4437_0.8852_0.1382_0.0192end1.57_8.59_5.02_-63.11_-1.79_10.97_-12.94_-41.44_12.63_0.4418_0.8862_0.1384_0.0183end1.35_8.41_4.96_-63.11_-1.79_10.97_-12.56_-41.37_14.38_0.4418_0.8862_0.1384_0.0183end1.14_8.24_5.09_-45.21_-14.77_6.49_-11.50_-42.44_13.50_0.4418_0.8862_0.1384_,24.18745363,120.73578845,387.55792236328125
565,,24.18745363,120.73578845,387.55792236328125
566,0.0183end1.31_8.17_4.68_-38.38_-20.70_5.04_-11.50_-42.44_13.50_0.4352_0.8895_0.1384_0.0144end1.19_8.48_4.08_-38.38_-20.70_5.04_-11.50_-42.44_13.50_0.4338_0.8902_0.1382_0.0132end,24.18745363,120.73578845,387.55792236328125
567,,24.18745363,120.73578845,387.55792236328125
568,1.12_8.65_4.02_-31.00_-22.83_3.80_-11.88_-42.81_12.56_0.4338_0.8902_0.1382_0.0132end0.88_8.56_4.07_-23.95_-18.80_2.13_-11.88_-42.81_12.56_0.4338_0.8902_0.1382_0.0132end0.88_8.56_4.07_-23.95_-18.80_2.13_-11.88_-42.81_12.56_0.4301_0.8923_0.1372_0.0091end1.16_8.38_4.07_-23.95_-18.80_2.13_-11.88_-42.81_12.56_0.4294_0.8926_0.1370_0.0085end1.21_8.36_3.24_-23.95_-18.80_2.13_-11.88_-42.81_12.56_0.4288_0.8929_0.1368_0.0081end1.09_8.31_3.24_-13.09_2.24_-1.23_-11.88_-42.81_12.56_0.4288_0.8929_0.1368_0.0081end1.09_8.31_3.24_-13.09_2.24_-1.23_-11.88_-41.81_11.75_0.4273_0.8936_0.1370_0.0085end1.20_8.88_3.07_-13.09_2.24_-1.23_-11.88_-41.81_11.75_0.4270_0.8937_0.1372_0.0092end1.38_9.43_3.16_-13.09_2.24_-1.23_-11.88_-41.81_11.75_0.4270_0.8937_0.1372_0.0092end1.07_10.29_2.71_-13.09_2.24_-1.23_-10.75_-42.50_10.81_0.4265_0.8939_0.1380_0.0124end0.90_10.73_2.48_5.15_30.77_-5.93_-12.94_-41.81_12.19_0.4265_0.8939_0.1380_0.0124end0.50_11.54_2.59_5.15_30.77_-5.93_-12.94_-41.81_12.19_0.4265_0.8937_0.1387_0.0150end0.23_11.82_2.90_10.52_30.10_-6.15_-11.88_-42.13_11.69_0.4266_0.8936_0.1390_0.0164end0.23_11.82_2.90_12.98_26.75_-6.60_-11.88_-42.13_11.69_0.4266_0.8936_0.1390_0.016,24.18745363,120.73578845,387.55792236328125
569,4end0.59_12.23_2.84_12.98_26.75_-6.60_-11.88_-42.13_11.69_0.4279_0.8928_0.1393_0.0193end0.56_12.16_3.07_12.98_26.75_-6.60_-11.88_-42.13_11.69_0.4286_0.8925_0.1390_0.0195end1.09_12.14_3.05_12.98_26.75_-6.60_-12.63_-42.50_11.69_0.4286_0.8925_0.1390_0.0195end0.59_12.13_2.46_24.84_-43.76_-6.60_-12.63_-42.50_11.69_0.4286_0.8925_0.1390_0.0195end1.46_12.76_3.28_27.42_-57.52_-6.60_-12.63_-42.50_11.69_0.4286_0.8925_0.1390_0.0195end1.82_12.95_3.49_27.42_-57.52_-6.60_-11.88_-41.75_12.19_0.4351_0.8904_0.1331_0.0116end,24.18745363,120.73578845,387.55792236328125
570,,24.18745363,120.73578845,387.55792236328125
571,1.41_13.00_3.81_35.81_-82.70_-10.74_-11.88_-41.75_12.19_0.4368_0.8899_0.1312_0.0089end2.37_13.36_4.12_35.81_-82.70_-10.74_-11.88_-41.75_12.19_0.4368_0.8899_0.1312_0.0089end2.27_13.69_4.45_42.86_-82.59_-12.09_-11.88_-41.75_12.19_0.4368_0.8899_0.1312_0.0089end2.46_13.89_4.39_50.13_-61.66_-15.33_-11.88_-41.75_12.19_0.4430_0.8878_0.1250_0.0007end2.55_14.09_4.29_50.13_-61.66_-15.33_-11.88_-41.75_12.19_0.4476_0.8859_0.1215_-0.0028end2.90_14.16_4.36_50.13_-61.66_-15.33_-11.88_-41.75_12.19_0.4499_0.8849_0.1200_-0.0035end3.11_14.08_4.12_50.13_-61.66_-15.33_-11.88_-41.75_12.19_0.4499_0.8849_0.1200_-0.0035end3.20_13.94_4.10_65.80_10.85_-24.17_-11.88_-41.75_12.19_,24.18745363,120.73578845,387.55792236328125
572,0.4499_0.8849_0.1200_-0.0035end3.20_13.54_4.06_69.49_29.66_-26.07_-10.75_-41.69_15.69_0.4499_0.8849_0.1200_-0.0035end3.20_13.54_4.06_69.49_29.66_-26.07_-10.75_-41.69_15.69_0.4623_0.8789_0.1172_0.0044end,24.18745363,120.73578845,387.55792236328125
573,,24.18745363,120.73578845,387.55792236328125
574,2.96_12.87_3.86_69.49_29.66_-26.07_-10.38_-41.37_14.81_0.4651_0.8774_0.1174_0.0082end2.68_11.47_3.57_69.49_29.66_-26.07_-10.38_-41.37_14.81_0.4677_0.8759_0.1179_0.0124end2.49_11.56_3.48_69.49_29.66_-26.07_-10.38_-41.69_15.75_0.4677_0.8759_0.1179_0.0124end-8.77_55.45_-47.75_251.90_133.62_-15.89_-10.38_-41.69_15.75_0.4794_0.8689_0.1202_0.0281end9.91_12.14_29.48_251.90_133.62_-15.89_-10.38_-41.69_15.75_0.4804_0.8676_0.1233_0.0347end9.91_12.14_29.48_137.87_28.76_19.81_-10.38_-40.69_16.56_0.4796_0.8676_0.1260_0.0386end0.10_7.48_41.60_50.81_-40.17_10.07_-10.38_-40.69_16.56_0.4796_0.8676_0.1260_0.0386end0.10_7.48_41.60_50.81_-40.17_10.07_-10.75_-40.69_17.06_0,24.18745363,120.73578845,387.55792236328125
575,.4847_0.8649_0.1252_0.0358end0.10_7.48_41.60_28.20_-163.49_14.66_-10.75_-40.69_17.06_0.4861_0.8647_0.1229_0.0306end0.10_7.48_41.60_28.20_-163.49_14.66_-10.75_-40.69_17.06_0.4890_0.8641_0.1172_0.0203end,24.18745363,120.73578845,387.55792236328125
576,,24.18745363,120.73578845,387.55792236328125
577,0.10_7.48_41.60_44.99_-116.27_-7.95_-10.00_-40.00_17.44_0.4890_0.8641_0.1172_0.0203end0.10_7.48_41.60_62.89_-72.18_-17.90_-10.00_-40.00_17.44_0.4912_0.8633_0.1145_0.0163end0.10_7.48_41.60_62.89_-72.18_-17.90_-10.00_-40.00_17.44_0.4990_0.8599_0.1072_0.0086end1.95_7.18_4.50_62.89_-72.18_-17.90_-10.00_-40.00_17.44_0.5020_0.8583_0.1060_0.0085end4.75_8.42_10.51_62.89_-72.18_-17.90_-8.19_-39.56_20.12_0.5048_0.8568_0.1053_0.0099end4.75_8.42_10.51_57.52_44.31_-13.20_-8.19_-39.56_20.12_0.5073_0.8553_0.1053_0.0120end4.67_7.80_8.41_57.52_44.31_-13.20_-8.19_-39.56_20.12_0.5112_0.8527_0.1063_0.0165end1.21_7.21_5.69_57.52_44.31_-13.20_-8.19_-39.56_20.12_0.5129_0.851,24.18745363,120.73578845,387.55792236328125
578,6_0.1070_0.0190end1.01_7.46_4.74_57.52_44.31_-13.20_-10.00_-39.56_21.00_0.5129_0.8516_0.1070_0.0190end0.43_7.69_3.71_57.52_44.31_-13.20_-10.00_-39.56_21.00_0.5181_0.8477_0.1105_0.0291end,24.18745363,120.73578845,387.55792236328125
579,-0.92_7.65_2.28_57.52_44.31_-13.20_-10.00_-39.56_21.00_0.5199_0.8462_0.1121_0.0333end-0.68_8.20_2.65_57.52_44.31_-13.20_-10.00_-39.56_21.00_0.5217_0.8447_0.1136_0.0375end-2.19_7.36_3.09_65.02_97.47_-15.55_-10.00_-39.56_21.00_0.5217_0.8447_0.1136_0.0375end-0.77_7.95_3.60_65.02_97.47_-15.55_-10.00_-39.56_21.00_0.5256_0.8414_0.1167_0.0460end-0.77_7.95_3.60_63.00_48.79_-12.76_-10.00_-39.56_21.00_0.5275_0.8399_0.1178_0.0495end-0.77_7.95_3.60_63.00_48.79_-12.76_-10.00_-39.56_21.00_0.5316_0.8369_0.1188_0.0543end0.18_7.89_4.86_63.00_48.79_-12.76_-10.00_-39.25_21.44_0.5316_0.8369_0.1188_0.0543end0.18_7.89_4.86_63.56_0.11_-9.51_-10.00_-39.25_21.44_0.5338_0.8354_0.1186_0.0552end0.75_8.05_5.98_65.02_-30.77_-8.73_-10.00_-39.25_21.44_0.5386_0.8326_0.1168_0.0551end0.75_8.05_5.98_65.02_-30.77_-8.73_-10.69_-38.50_21.87_0.5437_0.8297_0.1143_0.0538end,24.18745363,120.73578845,387.55792236328125
580,,24.18745363,120.73578845,387.55792236328125
581,,24.18745363,120.73578845,387.55792236328125
582,,24.18745363,120.73578845,387.55792236328125
583,,24.18745363,120.73578845,387.55792236328125
584,,24.18745363,120.73578845,387.55792236328125
585,1.41_8.00_7.18_65.02_-30.77_-8.73_-10.69_-38.50_21.87_0.5463_0.8282_0.1130_0.0533end1.57_7.96_7.78_65.02_-30.77_-8.73_-10.69_-38.50_21.87_0.5463_0.8282_0.1130_0.0533end1.37_7.84_7.28_66.14_2.46_-12.09_-10.69_-38.50_21.87_0.5463_0.8282_0.1130_0.0533end0.99_7.84_7.05_67.59_18.58_-10.97_-9.94_-37.13_22.81_0.5463_0.8282_0.1130_0.0533end0.99_7.84_7.05_67.59_18.58_-10.97_-9.94_-37.13_22.81_0.5582_0.8203_0.1108_0.0572end0.57_7.83_6.42_69.16_26.86_-9.74_-9.94_-37.13_22.81_0.5605_0.8186_0.1109_0.0587end-0.02_7.79_5.81_70.28_28.65_-9.96_-9.94_-37.13_22.81_0.5629_0.8168_0.1110_0.0602end-0.31_7.77_5.47_70.28_28.65_-9.96_-9.94_-37.13_22.81_0.5652_0.8151_0.1112_0.0618end-0.31_7.77_5.47_72.07_28.65_-10.52_-9.94_-37.13_22.81_0.5700_0.8115_0.1115_0.0650end-0.90_7.77_4.25_72.07_28.65_-10.52_-9.94_-37.13_22.81_0.5725_0.8096_0.1115_0.0665end-1.02_7.75_3.90_72.07_28.65_-10.52_-10.31_-36.38_25.44_0.5725_0.8096_0.1115_0.0665end-1.28_7.79_3.55_73.07_15.89_-8.39_-10.31_-36.38_25.44_0.5725_0.8096_0.1115_0.0665end-1.60_7.84_3.66_73.07_15.89_-8.39_-10.31_-36.38_25.44_0.5800_0.8040_0.1113_0.0701end-1.60_7.84_3.66_73.07_15.89_-8.39_-10.31_-36.38_25.44_0.5849_0.8003_0.1110_0.0717end-1.68_7.86_4.39_73.07_15.89_-8.39_-10.63_-35.63_26.31_0.5849_0.8003_0.1110_0.0717end-2.11_7.87_3.99_73.07_15.89_-8.39_-10.63_-35.63_26.31_0.5849_0.8003_0.1110_0.0717end-2.11_7.87_3.99_75.87_1.79_-5.93_-10.63_-35.31_26.31_0.5849_0.8003_0.1110_0.0717end-1.74_7.83_4.15_75.87_1.79_-5.93_-10.63_-35.31_26.31_0.5980_0.7905_0.109,24.18745363,120.73578845,387.55792236328125
586,1_0.0744end-1.12_7.82_3.92_75.87_1.79_-5.93_-10.25_-34.94_25.88_0.6008_0.7885_0.1086_0.0748end-1.12_7.82_3.92_80.35_-6.15_-4.59_-10.25_-34.94_25.88_0.6008_0.7885_0.1086_0.0748end-1.12_7.82_3.92_80.35_-6.15_-4.59_-10.25_-34.94_25.88_0.6064_0.7842_0.1074_0.0754end-1.12_7.82_3.92_79.34_-4.25_-1.23_-10.25_-34.94_25.88_0.6091_0.7822_0.1069_0.0757end-0.61_7.84_3.59_79.34_-4.25_-1.23_-9.56_-34.31_27.69_0.6091_0.7822_0.1069_0.0757end-0.61_7.84_3.59_77.89_0.34_-2.24_-9.56_-34.31_27.69_0.6144_0.7781_0.1063_0.0764end-1.04_7.78_1.44_77.89_0.34_-2.24_-9.56_-34.31_27.69_0.6197_0.7739_0.1056_0.0772end-0.83_7.86_0.62_77.89_0.34_-2.24_-9.56_-34.31_27.69_0.6224_0.7717_0.1052_0.0776end-0.83_7.86_0.62_80.46_-1.23_-3.02_-10.25_-33.19_29.44_0.6224_0.7717_0.1052_0.0776end-0.83_7.86_0.62_80.46_-1.23_-3.02_-10.25_-33.19_29.44_0.6305_0.7651_0.1041_0.07,24.18745363,120.73578845,387.55792236328125
587,88end-0.67_7.93_-0.22_80.46_-1.23_-3.02_-10.25_-33.19_29.44_0.6332_0.7629_0.1037_0.0791end-0.75_8.00_-0.62_80.46_-1.23_-3.02_-10.25_-33.19_29.44_0.6359_0.7607_0.1034_0.0795end,24.18745363,120.73578845,387.55792236328125
588,-0.70_8.03_-0.83_77.33_1.90_-0.11_-10.25_-33.19_29.44_0.6410_0.7563_0.1030_0.0803end-0.65_8.05_-1.41_77.33_1.90_-0.11_-10.25_-31.44_32.06_0.6436_0.7542_0.1029_0.0809end-0.47_8.11_-1.77_77.33_1.90_-0.11_-10.25_-31.44_32.06_0.6459_0.7520_0.1030_0.0817end-0.34_8.02_-2.20_77.33_1.90_-0.11_-10.25_-31.44_32.06_0.6459_0.7520_0.1030_0.0817end-0.12_8.18_-2.31_73.86_24.06_0.11_-10.25_-31.44_32.06_0.6459_0.7520_0.1030_0.0817end-0.12_8.18_-2.31_73.07_36.48_1.45_-9.88_-30.69_32.13_0.6529_0.7454_0.1041_0.0848end-0.25_8.28_-2.27_73.07_36.48_1.45_-9.88_-30.69_32.13_0.6573_0.7410_0.1057_0.0877end-0.25_8.28_-2.27_72.07_54.83_2.13_-10.25_-31.06_31.62_0.6595_0.7386_0.1070,24.18745363,120.73578845,387.55792236328125
589,_0.0897end-0.88_8.47_-1.70_72.07_54.83_2.13_-11.31_-30.00_32.94_0.6595_0.7386_0.1070_0.0897end-1.06_8.52_-1.45_70.16_68.49_3.13_-11.31_-30.00_32.94_0.6595_0.7386_0.1070_0.0897end,24.18745363,120.73578845,387.55792236328125
590,,24.18745363,120.73578845,387.55792236328125
591,-1.31_8.52_-1.21_70.16_68.49_3.13_-11.31_-30.00_32.94_0.6674_0.7293_0.1137_0.0988end-1.70_8.59_-0.54_70.16_68.49_3.13_-11.69_-29.00_32.56_0.6674_0.7293_0.1137_0.0988end-1.70_8.59_-0.54_68.15_46.33_5.82_-12.37_-29.00_33.00_0.6674_0.7293_0.1137_0.0988end-1.70_8.59_-0.54_67.48_6.60_7.39_-12.37_-29.00_33.00_0.6756_0.7208_0.1163_0.1026end-1.53_8.63_0.02_67.48_6.60_7.39_-12.37_-28.62_32.06_0.6756_0.7208_0.1163_0.1026end-1.53_8.63_0.02_65.69_-51.70_8.39_-12.37_-28.62_32.06_0.6802_0.7170_0.1142_0.1006end-0.77_8.60_-0.21_65.02_-63.56_9.18_-12.37_-28.62_32.06_0.6802_0.7170_0.1142_0.1006end-0.26_8.55_-0.41_65.02_-63.56_9.18_-11.31_-27.56_33.00_0.6874_0.7119_0.1085_0.0947end-0.05_8.55_-0.62_65.02_-63.56_9.18_-11.31_-27.56_33.00_0.6898_0.7101_0.1064_0.0926end0.25_8.59_-0.89_65.02_-63.56_9.18_-11.31_-27.56_33.00_0.6898_0.7101_0.1064_0.0926end,24.18745363,120.73578845,387.55792236328125
592,,24.18745363,120.73578845,387.55792236328125
593,0.44_8.56_-1.06_65.02_-63.56_9.18_-11.31_-27.56_33.00_0.6898_0.7101_0.1064_0.0926end0.50_8.61_-1.23_64.35_-21.49_7.50_-11.31_-27.56_33.00_0.6987_0.7029_0.1010_0.0870end0.52_8.56_-1.23_64.35_-21.49_7.50_-11.31_-27.56_33.00_0.7007_0.7010_0.1004_0.0866end0.37_8.64_-1.10_64.35_-21.49_7.50_-11.31_-27.56_33.00_0.7028_0.6989_0.1002_0.0864end0.24_8.67_-0.98_63.45_4.59_7.72_-11.31_-27.56_33.00_0.7028_0.6989_0.1002_0.0864end0.03_8.64_-0.93_63.67_9.51_7.39_-11.31_-27.56_33.00_0.7086_0.6929_0.1008_0.0872end-0.46_8.63_-0.57_63.00_13.20_7.72_-9.75_-25.44_37.06_0.7086_0.6929_0.1008_0.0872end-0.73_8.69_-0.48_63.00_13.20_7.72_-9.75_-25.44_37.06_0.7125_0.6887_0.1016_0.0,24.18745363,120.73578845,387.55792236328125
594,880end-0.80_8.66_-0.44_62.78_4.59_8.17_-9.75_-25.44_37.06_0.7125_0.6887_0.1016_0.0880end-0.80_8.66_-0.44_62.78_4.59_8.17_-10.88_-24.06_36.56_0.7183_0.6827_0.1015_0.0880end,24.18745363,120.73578845,387.55792236328125
595,-0.79_8.64_-0.51_62.78_4.59_8.17_-10.88_-24.06_36.56_0.7203_0.6807_0.1009_0.0873end-0.48_8.61_-0.61_62.78_4.59_8.17_-10.88_-24.37_37.44_0.7203_0.6807_0.1009_0.0873end-0.21_8.68_-0.77_62.44_-45.10_9.40_-10.88_-24.37_37.44_0.7203_0.6807_0.1009_0.0873end0.02_8.55_-0.76_62.44_-45.10_9.40_-10.88_-23.00_35.31_0.7203_0.6807_0.1009_0.0873end0.29_8.70_-0.75_62.44_-45.10_9.40_-10.88_-23.00_35.31_0.7308_0.6713_0.0941_0.0806end0.49_8.58_-0.60_62.44_-45.10_9.40_-9.38_-23.31_36.63_0.7328_0.6694_0.0927_0.0793end0.60_8.59_-0.59_62.44_-45.10_9.40_-9.75_-22.94_38.81_0.7349_0.6674_0.0914_0.0781end0.80_8.54_-0.32_64.57_-25.40_7.72_-9.75_-22.94_38.81_0.7370_0.6653_0.0904_0,24.18745363,120.73578845,387.55792236328125
596,.0772end0.80_8.54_-0.32_64.79_-14.44_7.27_-9.75_-22.94_38.81_0.7408_0.6613_0.0895_0.0764end0.80_8.54_-0.32_64.35_2.57_7.27_-9.75_-22.25_37.94_0.7408_0.6613_0.0895_0.0764end,24.18745363,120.73578845,387.55792236328125
597,,24.18745363,120.73578845,387.55792236328125
598,,24.18745363,120.73578845,387.55792236328125
599,,24.18745363,120.73578845,387.55792236328125
600,0.80_8.54_-0.32_64.35_2.57_7.27_-9.38_-22.62_38.38_0.7427_0.6592_0.0894_0.0764end0.80_8.54_-0.32_63.67_11.08_7.50_-9.38_-22.62_38.38_0.7465_0.6548_0.0900_0.0768end-0.30_8.44_-1.23_63.45_11.41_7.61_-9.38_-22.62_38.38_0.7501_0.6505_0.0906_0.0775end-0.58_8.41_-1.36_63.45_11.41_7.61_-9.38_-22.62_38.38_0.7501_0.6505_0.0906_0.0775end-,24.18745363,120.73578845,387.55792236328125
601,0.78_8.31_-1.64_64.12_-8.39_8.62_-9.38_-22.62_38.38_0.7501_0.6505_0.0906_0.0775end-0.78_8.31_-1.64_64.12_-8.39_8.62_-9.38_-22.62_38.38_0.7576_0.6420_0.0895_0.0762end-0.73_8.35_-1.37_64.12_-8.39_8.62_-9.38_-22.62_38.38_0.7576_0.6420_0.0895_0.0762end-0.59_8.26_-0.89_66.92_-43.76_8.84_-9.38_-22.62_38.38_0.7576_0.6420_0.0895_0.0762end-0.59_8.26_-0.89_66.92_-43.76_8.84_-9.00_-18.81_39.31_0.7638_0.6356_0.0856_0.0728end-0.25_8.16_-1.15_66.92_-43.76_8.84_-9.00_-18.81_39.31_0.7679_0.6313_0.0825_0.0699end-0.25_8.16_-1.15_65.80_-48.68_9.06_-9.00_-18.81_39.31_0.7699_0.6293_0.0809_0.0685end-0.07_7.79_-1.81_65.80_-48.68_9.06_-10.06_-18.81_40.19_0.7720_0.6271_0.0793_0.0671end0.22_8.09_-1.87_64.91_-42.41_9.18_-10.06_-18.81_40.19_0.7759_0.6229_0.0766_0.0648end0.39_8.88_-1.91_64.91_-42.41_9.18_-9.69_-18.12_39.81_0.7779_0.6206_0.0754_0.0637end0.60_8.09_-2.50_66.02_-31.22_8.39_-9.69_-18.12_39.81_0.7779_0.6206_0.0754_0.0637end0.59_8.09_-2.23_66.02_-31.22_8.39_-8.94_-17.37_42.00_0.7817_0.6162_0.0734_0.0618end0.57_8.07_-1.96_67.70_-29.32_7.16_-8.94_-17.37_42.00_0.7817_0.6162_0.0734_0.0618end0.57_8.07_-1.96_67.70_-29.32_7.16_-8.94_-17.37_42.00_0.7875_0.6094_0.0704_0,24.18745363,120.73578845,387.55792236328125
602,.0593end0.48_8.12_-1.95_67.70_-29.32_7.16_-8.94_-17.37_42.00_0.7895_0.6071_0.0693_0.0584end0.54_8.17_-1.96_67.70_-29.32_7.16_-8.94_-17.37_42.00_0.7895_0.6071_0.0693_0.0584end,24.18745363,120.73578845,387.55792236328125
603,,24.18745363,120.73578845,387.55792236328125
604,0.62_8.04_-2.26_68.82_-31.00_6.83_-8.94_-17.37_42.00_0.7895_0.6071_0.0693_0.0584end0.86_8.08_-3.25_68.82_-31.00_6.83_-8.94_-17.37_42.00_0.7972_0.5977_0.0651_0.0551end1.07_7.95_-3.66_65.46_-24.51_4.92_-8.94_-17.37_42.00_0.7972_0.5977_0.0651_0.0551end1.51_7.86_-4.39_65.80_-24.84_5.26_-7.50_-14.87_42.44_0.7972_0.5977_0.0651_0.0551end1.51_7.86_-4.39_65.02_-24.84_5.04_-7.50_-14.87_42.44_0.8026_0.5909_0.0625_0.0532end1.51_7.86_-4.39_65.02_-24.84_5.04_-8.19_-13.94_41.19_0.8043_0.5886_0.0616_0.0526end1.51_7.86_-4.39_65.58_-20.14_3.92_-8.19_-13.94_41.19_0.8061_0.5864_0.0608_0.0521end1.51_7.86_-4.39_66.14_-15.55_3.13_-8.19_-13.56_41.63_0.8061_0.5864_0.0608_0.0521end1.51_7.86_-4.39_67.59_-4.03_2.13_-8.19_-13.56_41.63_0.8113_0.5793_0.0592_0.0513end1.51_7.86_-4.39_67.59_1.23_2.13_-6.75_-12.81_41.63_0.8113_0.5793_0.0592_0.0513end,24.18745363,120.73578845,387.55792236328125
605,,24.18745363,120.73578845,387.55792236328125
606,1.51_7.86_-4.39_66.47_9.96_2.35_-6.75_-12.81_41.63_0.8164_0.5721_0.0593_0.0519end0.88_7.98_-5.17_66.47_9.96_2.35_-6.75_-12.81_41.63_0.8181_0.5697_0.0596_0.0523end0.53_7.96_-5.23_66.47_9.96_2.35_-6.75_-12.81_41.63_0.8181_0.5697_0.0596_0.0523end0.24_7.92_-5.79_66.47_9.96_2.35_-6.75_-12.81_41.63_0.8181_0.5697_0.0596_0.0523end0.18_7.89_-6.12_66.47_9.96_2.35_-6.75_-12.81_41.63_0.8242_0.5605_0.0608_0.0538end0.14_7.87_-6.75_66.47_9.96_2.35_-6.75_-12.81_41.63_0.8242_0.5605_0.0608_0.0538end0.22_7.86_-7.36_66.47_9.96_2.35_-6.75_-12.81_41.63_0.8271_0.5562_0.0600_0.0536end0.20_7.90_-7.57_58.19_-34.02_1.23_-6.75_-12.81_41.63_0.8271_0.5562_0.0600_0.0536end0.20_7.90_,24.18745363,120.73578845,387.55792236328125
607,-7.57_58.19_-34.02_1.23_-7.81_-10.00_43.81_0.8317_0.5499_0.0564_0.0518end0.25_7.96_-7.68_58.19_-34.02_1.23_-6.37_-8.94_44.31_0.8332_0.5480_0.0547_0.0508end,24.18745363,120.73578845,387.55792236328125
608,,24.18745363,120.73578845,387.55792236328125
609,,24.18745363,120.73578845,387.55792236328125
610,0.22_8.04_-8.57_58.19_-34.02_1.23_-6.37_-8.94_44.31_0.8332_0.5480_0.0547_0.0508end0.22_8.04_-8.57_50.02_-73.30_0.78_-6.37_-8.94_44.31_0.8332_0.5480_0.0547_0.0508end0.46_8.04_-9.09_50.02_-73.30_0.78_-6.75_-8.94_43.06_0.8387_0.5409_0.0449_0.0449end0.70_8.01_-9.29_50.02_-73.30_0.78_-6.75_-8.94_43.06_0.8400_0.5392_0.0420_0.0432end1.20_8.08_-9.34_50.02_-73.30_0.78_-6.75_-8.94_43.06_0.8400_0.5392_0.0420_0.0432end1.50_8.07_-8.95_47.34_-69.16_-2.01_-6.75_-8.94_43.06_0.8400_0.5392_0.0420_0.0432end1.57_8.09_-8.66_47.34_-69.16_-2.01_-6.75_-8.94_43.06_0.8450_0.5326_0.0314_0.0374end1.54_8.13_-8.44_47.34_-69.16_-2.01_-4.12_-8.94_43.87_0.8461_0.5310_0.0292_0.0363end1.54_8.13_-8.44_43.53_-45.32_-2.57_-4.12_-8.94_43.87_0.8472_0.5294_0.0273_0.0353end1.34_8.24_-8.00_41.52_-38.38_-3.58_-4.12_-8.94_43.87_0.8472_0.5294_0.0273_0.0353end,24.18745363,120.73578845,387.55792236328125
611,1.30_8.25_-7.94_41.52_-38.38_-3.58_-4.12_-8.94_43.87_0.8483_0.5278_0.0256_0.0345end0.95_8.28_-8.36_38.50_-25.40_-5.48_-4.12_-8.94_43.87_0.8502_0.5250_0.0229_0.0335end0.95_8.28_-8.36_38.50_-25.40_-5.48_-3.06_-6.87_44.38_0.8502_0.5250_0.0229_0.0335end0.95_8.28_-8.36_36.93_-20.93_-5.82_-3.06_-6.87_44.38_0.8527_0.5209_0.0206_0.0332end0.86_8.09_-7.88_35.25_4.59_-7.50_-3.06_-6.87_44.38_0.8527_0.5209_0.0206_0.0332end0.86_8.09_-7.88_36.37_12.65_-6.83_-3.06_-6.87_44.38_0.8543_0.5182_0.0204_0.0341end0.33_8.21_-6.00_36.37_12.65_-6.83_-3.06_-6.87_44.38_0.8552_0.5168_0.0207_0.0346end-0.25_8.12_-5.30_36.03_8.95_-6.27_-3.06_-6.87_44.38_0.8552_0.5168_0.0207_0.0346end-0.25_8.12_-5.30_35.81_4.03_-6.27_-3.37_-6.56_43.50_0.8552_0.5168_0.0207_0.0346end-1.15_8.23_-4.23_35.81_4.03_-6.27_-3.37_-6.56_43.50_0.8591_0.5100_0.0204_0.0364end,24.18745363,120.73578845,387.55792236328125
612,,24.18745363,120.73578845,387.55792236328125
613,,24.18745363,120.73578845,387.55792236328125
614,,24.18745363,120.73578845,387.55792236328125
615,,24.18745363,120.73578845,387.55792236328125
616,-1.15_8.23_-4.23_34.47_-32.68_-6.60_-3.00_-5.12_44.81_0.8600_0.5087_0.0192_0.0362end-1.03_8.26_-3.91_34.47_-32.68_-6.60_-3.37_-5.12_43.50_0.8600_0.5087_0.0192_0.0362end-0.77_8.25_-4.18_33.24_-61.55_-7.05_-3.37_-5.12_43.50_0.8623_0.5051_0.0126_0.0335end-0.58_8.18_-4.23_33.24_-61.55_-7.05_-3.37_-4.75_44.81_0.8631_0.5039_0.0095_0.0,24.18745363,120.73578845,387.55792236328125
617,322end-0.41_8.05_-4.44_32.90_-78.89_-7.16_-3.37_-4.75_44.81_0.8631_0.5039_0.0095_0.0322end-0.10_8.04_-4.49_32.90_-78.89_-7.16_-3.37_-4.75_44.81_0.8646_0.5016_0.0033_0.0294end-0.10_8.04_-4.49_32.90_-78.89_-7.16_-3.37_-4.75_44.81_0.8661_0.4990_-0.0023_0.0269end-0.10_8.04_-4.49_36.48_-49.69_-7.61_-1.56_-4.37_44.81_0.8669_0.4977_-0.0046_0.0260end-0.01_7.96_-4.14_36.48_-49.69_-7.61_-1.56_-4.37_44.81_0.8677_0.4963_-0.0065_0.0253end-0.03_7.97_-4.00_36.48_-28.54_-7.72_-1.56_-4.37_44.81_0.8677_0.4963_-0.0065_0.0253end,24.18745363,120.73578845,387.55792236328125
618,-0.03_7.97_-4.00_36.48_-28.54_-7.72_-1.56_-4.37_44.81_0.8701_0.4921_-0.0099_0.0246end-0.20_7.92_-3.73_36.48_-28.54_-7.72_-1.56_-4.37_44.81_0.8710_0.4907_-0.0106_0.0247end-0.18_7.84_-3.63_36.48_-28.54_-7.72_-1.56_-4.37_44.81_0.8710_0.4907_-0.0106_0.0247end-0.27_7.83_-3.39_36.48_-28.54_-7.72_-1.56_-4.37_44.81_0.8710_0.4907_-0.0106,24.18745363,120.73578845,387.55792236328125
619,_0.0247end-0.27_7.83_-3.39_40.29_-0.56_-9.18_-0.50_-1.94_44.88_0.8734_0.4861_-0.0116_0.0255end-0.27_7.73_-3.10_40.29_-0.56_-9.18_-0.50_-1.94_44.88_0.8751_0.4830_-0.0121_0.0261end-0.25_7.69_-3.00_40.29_-0.56_-9.18_-0.50_-1.94_44.88_0.8760_0.4814_-0.0125_0.0264end-0.26_7.63_-2.85_40.29_-0.56_-9.18_-1.50_-2.62_44.44_0.8760_0.4814_-0.0125_0.0264end-0.21_7.61_-2.84_42.64_-8.95_-9.18_-1.50_-2.62_44.44_0.8760_0.4814_-0.0125_0.0264end-0.21_7.61_-2.84_42.64_-8.95_-9.18_-0.13_-1.56_44.88_0.8787_0.4764_-0.0140_0.0269end-0.21_7.61_-2.84_42.64_-8.95_-9.18_-0.13_-1.56_44.88_0.8805_0.4730_-0.0156_0.0270end-0.04_7.46_-2.79_42.64_-8.95_-9.18_-0.13_-1.56_44.88_0.8814_0.4713_-0.0167_0.0270end0.07_7.39_-2.70_42.64_-8.95_-9.18_-0.13_-1.56_44.88_0.8814_0.4713_-0.0167_0.0270end0.16_7.31_-2.62_42.64_-8.95_-9.18_-0.88_-1.62_43.63_0.8814_0.4713_-0.0167_0.0270end0.16_7.31_-2.62_42.64_-8.95_-9.18_0.25_-1.31_44.50_0.8842_0.4659_-0.0206_0.0264end0.16_7.31_-2.62_42.64_-8.95_-9.18_0.25_-1.31_44.50_0.8861_0.4622_-0.0242_0.0256end0.28_7.11_-2.28_42.64_-8.95_-9.18_-0.44_-1.25_45.38_0.8861_0.4622_-0.0242_0.0256end0.28_7.11_-2.28_51.25_-45.99_-11.86_-0.44_-1.25_45.38_0.8879_0.4584_-0.0281_0.0247end0.28_7.11_-2.28_52.04_-47.34_-12.42_-0.44_-1.25_45.38_0.8879_0.4584_-0.0281_0.0247end0.28_7.11_-2.28_52.37_-48.68_-12.76_-0.44_-1.25_45.38_0.8899_0.4544_-0.0324_0.0236end,24.18745363,120.73578845,387.55792236328125
620,0.03_6.77_-1.87_54.27_-52.15_-13.54_-0.44_-1.25_45.38_0.8899_0.4544_-0.0324_0.0236end-0.03_6.74_-1.97_55.62_-56.62_-14.77_-0.44_-1.25_45.38_0.8899_0.4544_-0.0324_0.0236end-0.03_6.74_-1.97_55.62_-56.62_-14.77_0.31_1.19_44.50_0.8938_0.4459_-0.0418_0.0213end-0.03_6.74_-1.97_56.62_-61.32_-16.00_0.31_1.19_44.50_0.8958_0.4415_-0.0472_0.0200end-0.15_6.67_-3.24_56.62_-61.32_-16.00_0.31_1.19_44.50_0.8967_0.4393_-0.0499_0.0194end-0.11_6.62_-4.49_56.62_-61.32_-16.00_1.75_1.56_44.94_0.8967_0.4393_-0.0499_0.0194end0.37_9.67_-6.50_56.62_-61.32_-16.00_1.75_1.56_44.94_0.8986_0.4349_-0.0552_0.0184end0.88_12.49_-7.64_54.39_-44.54_-22.05_1.75_1.56_44.94_0.8995_0.4326_-0.,24.18745363,120.73578845,387.55792236328125
621,0576_0.0182end0.88_12.49_-7.64_54.39_-44.54_-22.05_1.75_1.56_44.94_0.9014_0.4283_-0.0609_0.0187end0.45_18.48_-9.57_54.39_-44.54_-22.05_2.87_2.56_44.06_0.9024_0.4260_-0.0615_0.0198end,24.18745363,120.73578845,387.55792236328125
622,,24.18745363,120.73578845,387.55792236328125
623,2.25_29.25_-11.77_54.39_-44.54_-22.05_2.87_2.56_44.06_0.9034_0.4238_-0.0611_0.0212end0.94_26.96_-9.47_53.49_52.04_-27.19_2.50_3.62_43.69_0.9034_0.4238_-0.0611_0.0212end0.94_26.96_-9.47_53.49_52.04_-27.19_2.50_3.62_43.69_0.9055_0.4195_-0.0582_0.0251end0.94_26.96_-9.47_53.49_52.04_-27.19_2.50_3.62_43.69_0.9072_0.4161_-0.0540_0.0293end0.79_31.44_-8.84_27.31_59.65_-21.49_2.19_5.00_44.63_0.9078_0.4149_-0.0519_0.0313end0.76_29.80_-8.59_27.31_59.65_-21.49_2.19_5.00_44.63_0.9078_0.4149_-0.0519_0.0313end0.92_29.46_-8.32_27.31_59.65_-21.49_2.19_5.25_44.63_0.9078_0.4149_-0.0519_0.0313end0.75_28.61_-10.41_12.87_1.79_-15.11_2.19_5.25_44.63_0.9094_0.4115_-0.0495_0.0358end-0.66_27.65_-10.59_12.87_1.79_-15.11_1.06_4.31_43.25_0.9095_0.4109_-0.0506_0.0359end0.49_24.82_-7.72_12.87_1.79_-15.11_1.06_4.31_43.25_0.9097_0.4105_-0.0519_0.0361end,24.18745363,120.73578845,387.55792236328125
624,,24.18745363,120.73578845,387.55792236328125
625,,24.18745363,120.73578845,387.55792236328125
626,0.99_24.41_-6.41_-0.45_-45.32_-11.64_1.06_4.31_43.25_0.9097_0.4105_-0.0519_0.0361end0.99_24.41_-6.41_-5.71_-50.36_-10.07_1.06_4.31_43.25_0.9097_0.4101_-0.0552_0.0359end0.48_22.84_-6.14_-5.71_-50.36_-10.07_1.06_4.31_43.25_0.9097_0.4101_-0.0552_0.0359end-0.19_21.45_-7.28_-5.71_-50.36_-10.07_1.06_4.31_43.25_0.9097_0.4101_-0.0552_0.0359end0.52_20.25_-7.52_-14.66_-42.86_-9.40_1.06_4.31_43.25_0.9081_0.4122_-0.0653_0.0339end0.11_19.69_-7.47_-14.66_-42.86_-9.40_2.50_5.00_44.63_0.9077_0.4130_-0.0668_0.0337end0.06_18.77_-7.34_-14.66_-42.86_-9.40_2.50_5.00_44.63_0.9077_0.4130_-0.0668_0.0337end-0.26_17.87_-7.84_-29.88_-15.22_-4.59_2.50_5.00_44.63_0.9077_0.4130_-0.0668_0.0337end-0.26_17.87_-7.84_-38.50_4.92_-1.79_2.50_5.00_44.63_0.9060_0.4161_-0.0693_0.0336end-0.70_16.49_-8.13_-38.50_4.92_-1.79_2.50_5.00_44.63_0.9047_0.4191_-0.0688_0.0341end,24.18745363,120.73578845,387.55792236328125
627,,24.18745363,120.73578845,387.55792236328125
628,-0.48_15.75_-7.57_-45.77_24.73_-1.01_2.50_5.00_44.63_0.9047_0.4191_-0.0688_0.0341end-0.17_15.43_-7.32_-45.77_24.73_-1.01_4.00_3.31_45.44_0.9031_0.4227_-0.0668_0.0354end-0.17_15.43_-7.32_-58.19_32.56_1.90_4.00_3.31_45.44_0.9031_0.4227_-0.0668_0.0354end0.08_14.16_-7.62_-58.19_32.56_1.90_3.25_2.94_44.56_0.9031_0.4227_-0.0668_0.0354end-0.05_13.71_-7.96_-66.92_42.19_3.02_3.25_2.94_44.56_0.9031_0.4227_-0.0668_0.0354end-0.05_13.71_-7.96_-71.17_53.38_3.02_3.25_2.94_44.56_0.8969_0.4369_-0.0563_0.0405end-0.21_12.97_-8.73_-71.17_53.38_3.02_1.75_1.87_44.56_0.8969_0.4369_-0.0563_0.0405end-1.07_11.99_-10.03_-71.17_53.38_3.02_1.75_1.87_44.56_0.8941_0.4429_-0.0495_0.0438end-1.39_11.55_-10.46_-71.17_53.38_3.02_1.75_0.81_43.63_0.8941_0.4429_-0.0495_0.0438end-1.39_11.55_-10.46_-71.17_53.38_3.02_0.25_-0.25_43.63_0.8892_0.4534_-0.0357_0.0504end,24.18745363,120.73578845,387.55792236328125
629,,24.18745363,120.73578845,387.55792236328125
630,,24.18745363,120.73578845,387.55792236328125
631,-2.34_9.41_-11.08_-71.17_53.38_3.02_0.25_-0.25_43.63_0.8873_0.4572_-0.0307_0.0528end-2.34_9.41_-11.08_-115.37_117.50_5.04_-0.44_-0.56_44.88_0.8873_0.4572_-0.0307_0.0528end-2.56_8.96_-10.91_-120.86_110.34_5.82_-0.44_-0.56_44.88_0.8873_0.4572_-0.0307_0.0528end-2.56_8.96_-10.91_-126.45_100.94_6.83_-0.13_-2.25_44.50_0.8873_0.4572_-0.0307_0.0528end-2.56_8.96_-10.91_-137.87_78.67_8.06_-0.13_-2.25_44.50_0.8751_0.4798_-0.0084_0.0627end-2.56_8.96_-10.91_-143.35_67.59_8.50_-3.00_-3.37_44.94_0.8751_0.4798_-0.0084_0.0627end-2.56_8.96_-10.91_-148.61_56.85_9.29_-3.00_-3.37_44.94_0.8692_0.4902_-0.0022_0.0650end-2.56_8.96_-10.91_-152.98_48.01_10.74_-3.00_-3.37_43.94_0,24.18745363,120.73578845,387.55792236328125
632,,24.18745363,120.73578845,387.55792236328125
633,.8625_0.5016_0.0029_0.0663end-2.07_5.23_-7.22_-152.98_48.01_10.74_-3.00_-3.37_43.94_0.8625_0.5016_0.0029_0.0663end-1.88_4.38_-6.62_-152.98_48.01_10.74_-3.00_-3.37_43.94_0.8555_0.5133_0.0072_0.0670end-1.82_4.03_-6.28_-172.45_37.38_13.43_-3.00_-3.37_43.94_0.8555_0.5133_0.0072_0.0670end-1.82_4.03_-6.28_-175.13_38.72_14.10_-3.00_-3.37_43.94_0.8439_0.5320_0.0138_0.0678end-1.58_3.47_-5.61_-175.13_38.72_14.10_-3.00_-3.37_43.94_0.8398_0.5383_0.0161_0.0681end-1.37_2.82_-4.90_-175.13_38.72_14.10_-3.81_-8.94_44.31_0.8398_0.5383_0.0161_0.0681end-1.37_2.82_-4.90_-183.08_41.41_13.88_-4.19_-10.00_43.94_0.8312_0.5513_0.0209_0.0688end-1.37_2.82_-4.90_-185.20_40.62_13.65_-4.19_-10.00_43.94_0.8268_0.5577_0.0233_0.0691end-0.88_1.99_-3.16_-186.32_39.39_13.65_-4.19_-10.00_43.94_0.8221_0.5645_0.0256_0.0694end-0.88_1.99_-3.16_-186.32_39.39_13.65_-4.56_-11.75_43.44_0.8176_0.5709_0.0279_0.0696end-0.88_1.99_-3.16_-190.58_35.59_12.76_-4.56_-11.75_43.44_0.8079_0.5842_0.0323_0.0701end-0.82_1.27_-2.09_-190.58_35.59_12.76_-4.56_-11.75_43.44_0.8031_0.5907_0.0345_0.0703end,24.18745363,120.73578845,387.55792236328125
634,,24.18745363,120.73578845,387.55792236328125
635,-0.81_1.14_-1.96_-193.49_35.81_11.64_-4.56_-11.75_43.44_0.8031_0.5907_0.0345_0.0703end-0.90_0.84_-1.70_-193.49_35.81_11.64_-4.56_-11.75_43.44_0.7878_0.6105_0.0410_0.0709end-1.04_0.74_-1.52_-193.49_35.81_11.64_-4.56_-11.75_43.44_0.7827_0.6169_0.0432_0.0711end-1.13_0.54_-1.32_-193.49_35.81_11.64_-4.56_-11.75_43.44_0.7827_0.6169_0.0432_0.0711end-1.13_0.54_-1.32_-195.50_39.39_10.63_-7.19_-18.75_39.75_0.7827_0.6169_0.0432_0.0711end-1.14_0.39_-1.16_-195.50_39.39_10.63_-7.19_-18.75_39.75_0.7827_0.6169_0.0432_0.0711end-1.14_0.39_-1.16_-195.50_38.27_10.52_-7.19_-18.75_39.75_0.7610_0.6426_0.0520_0.0723end-1.09_0.13_-0.95_-195.50_38.27_10.52_-6.12_-19.81_40.63_0.7610_0.6426_0.0520_0.0723end-1.09_0.13_-0.95_-195.50_37.49_10.30_-6.12_-19.81_40.63_0.7498_0.6553_0.0564_0.0728end-1.09_0.13_-0.95_-195.95_37.38_9.62_-6.12_-19.81_40.63_0.7385_0.6675_0.0606_0.0733end,24.18745363,120.73578845,387.55792236328125
636,,24.18745363,120.73578845,387.55792236328125
637,-1.22_0.08_-0.46_-195.95_37.38_9.62_-6.12_-19.81_40.63_0.7267_0.6799_0.0647_0.0737end-1.28_0.12_-0.25_-195.95_37.38_9.62_-7.25_-25.06_37.94_0.7209_0.6859_0.0665_0.0737end-1.29_0.18_-0.25_-195.95_37.38_9.62_-7.62_-25.12_35.31_0.7151_0.6918_0.0683_0.0735end-1.39_0.18_-0.17_-194.16_20.37_10.63_-7.62_-25.12_35.31_0.7151_0.6918_0.0683_0.0735end-1.39_0.23_-0.15_-193.26_15.78_11.30_-7.62_-25.81_33.94_0.7151_0.6918_0.0683_0.0735end-1.39_0.23_-0.15_-192.48_11.53_11.86_-7.62_-25.81_33.94_0.6973_0.7094_0.0729_0.0724end-1.39_0.23_-0.15_-192.48_11.53_11.86_-8.31_-26.87_33.88_0.6912_0.7153_0.0742_0.0717end-1.39_0.23_-0.15_-189.90_-2.69_13.65_-8.31_-26.87_33.88_0.6852_0.7209_0.0753_0.0708end-1.39_0.23_-0.15_-189.90_-2.69_13.65_-6.94_-27.87_33.00_0.6793_0.7265_0.0763_0.0698end-1.39_0.23_-0.15_-189.23_-8.17_14.32_-6.94_-27.87_33.00_0.6732_0.7322_0.0771_0.0685end,24.18745363,120.73578845,387.55792236328125
638,,24.18745363,120.73578845,387.55792236328125
639,,24.18745363,120.73578845,387.55792236328125
640,-1.39_0.23_-0.15_-185.99_-20.70_16.00_-6.94_-27.87_33.00_0.6556_0.7484_0.0788_0.0637end-0.32_1.61_1.12_-185.99_-20.70_16.00_-6.94_-27.87_33.00_0.6556_0.7484_0.0788_0.0637end-0.37_1.77_0.94_-185.99_-20.70_16.00_-7.37_-31.44_29.87_0.6556_0.7484_0.0788_0.0637end-0.37_1.77_0.94_-185.99_-20.70_16.00_-7.37_-31.44_29.87_0.6312_0.7697_0.0792_0.0547end-0.44_2.18_1.01_-185.99_-20.70_16.00_-7.37_-31.44_29.87_0.6253_0.7747_0.0789_0.0519end-0.10_2.50_1.08_-185.99_-20.70_16.00_-7.37_-31.44_29.87_0.6194_0.7796_0.0786_0.0490end-0.10_2.50_1.08_-178.04_-56.85_21.93_-7.37_-31.44_29.87_0.6136_0.7844_0.0782_0.0459end-0.05_2.59_1.42_-178.04_-56.85_21.93_-7.75_-33.56_28.56_0.6136_0.7844_0.0782_0.0459end-0.05_2.59_1.42_-175.36_-54.05_24.17_-7.75_-33.56_28.56_0.5960_0.7984_0.0773_0.0366end-0.25_3.00_1.73_-175.36_-54.05_24.17_-7.75_-33.56_28.56_0.5900_0.8030_0.0771_0.0335end,24.18745363,120.73578845,387.55792236328125
641,,24.18745363,120.73578845,387.55792236328125
642,-0.25_3.00_1.73_-169.65_-44.99_25.07_-7.75_-33.56_28.56_0.5843_0.8073_0.0771_0.0307end-0.19_4.02_2.20_-169.65_-44.99_25.07_-7.75_-33.56_28.56_0.5786_0.8115_0.0771_0.0280end-0.19_4.02_2.20_-169.65_-44.99_25.07_-7.75_-33.56_28.56_0.5670_0.8198_0.0772_0.0227end0.50_4.55_2.41_-169.65_-44.99_25.07_-7.75_-33.56_28.56_0.5614_0.8237_0.0772_0.0201end0.70_4.39_2.65_-169.65_-44.99_25.07_-7.06_-37.06_23.69_0.5614_0.8237_0.0772_0.0201end0.70_4.39_2.65_-155.44_-40.17_26.30_-7.06_-37.75_23.69_0.5614_0.8237_0.0772_0.0201end0.70_4.39_2.65_-152.30_-37.38_26.75_-7.06_-37.75_23.69_0.5447_0.8350_0.0776_0.0121end0.03_5.02_3.30_-152.30_-37.38_26.75_-7.12_-39.19_21.87_0.5447_,24.18745363,120.73578845,387.55792236328125
643,0.8350_0.0776_0.0121end0.03_5.02_3.30_-144.58_-31.67_25.40_-7.12_-39.19_21.87_0.5287_0.8452_0.0783_0.0051end0.42_5.75_3.81_-144.58_-31.67_25.40_-7.12_-39.19_21.87_0.5236_0.8483_0.0786_0.0028end,24.18745363,120.73578845,387.55792236328125
644,0.42_5.75_3.81_-137.87_-41.41_25.85_-7.12_-39.19_21.87_0.5186_0.8514_0.0787_0.0004end0.42_5.75_3.81_-137.87_-41.41_25.85_-6.75_-39.56_19.25_0.5135_0.8544_0.0786_-0.0024end0.42_5.75_3.81_-137.87_-41.41_25.85_-6.75_-39.56_19.25_0.5043_0.8600_0.0778_-0.0090end1.19_8.74_4.03_-137.87_-41.41_25.85_-6.75_-39.56_19.25_0.4996_0.8627_0.0771_-0.0129end1.19_8.74_4.03_-137.87_-41.41_25.85_-6.75_-39.25_19.25_0.4953_0.8652_0.0762_-0.0170end1.38_9.18_3.28_-137.87_-41.41_25.85_-6.75_-39.25_19.25_0.4869_0.8699_0.0743_-0.0255end1.68_9.18_3.37_-137.87_-41.41_25.85_-6.75_-40.00_16.19_0.4826_0.8723_0.0734_-0.0295end0.78_9.50_4.05_-137.87_-41.41_25.85_-6.75_-40.00_16.19_0.47,24.18745363,120.73578845,387.55792236328125
645,88_0.8743_0.0727_-0.0330end2.04_9.61_3.73_-102.73_-64.35_23.16_-6.75_-40.00_16.19_0.4788_0.8743_0.0727_-0.0330end1.44_9.54_3.95_-102.73_-64.35_23.16_-6.06_-41.00_15.69_0.4710_0.8783_0.0714_-0.0399end,24.18745363,120.73578845,387.55792236328125
646,,24.18745363,120.73578845,387.55792236328125
647,,24.18745363,120.73578845,387.55792236328125
648,,24.18745363,120.73578845,387.55792236328125
649,1.68_9.36_3.38_-97.47_-57.74_22.27_-6.06_-41.00_15.69_0.4638_0.8820_0.0704_-0.0458end1.67_9.30_3.80_-97.47_-57.74_22.27_-6.06_-41.00_15.69_0.4602_0.8837_0.0701_-0.0484end1.75_9.49_4.23_-97.47_-57.74_22.27_-6.75_-41.00_14.81_0.4602_0.8837_0.0701_-0.0484end2.09_10.10_4.37_-85.83_-36.82_18.46_-6.75_-41.00_14.81_0.4537_0.8868_0.0697_-0.0526end2.09_10.10_4.37_-79.45_-29.43_15.89_-6.81_-42.38_14.38_0.4537_0.8868_0.0697_-0.0526end2.20_11.02_3.94_-79.45_-29.43_15.89_-7.87_-41.75_13.00_0.4476_0.8898_0.0694_-0.0560end2.20_11.02_3.94_-72.40_-26.63_12.98_-7.87_-41.75_13.00_0.4476_0.8898_0.0694_-0.0560end2.20_11.02_3.94_-72.40_-26.63_12.98_-7.87_-41.75_13.00_0.4396,24.18745363,120.73578845,387.55792236328125
650,_0.8936_0.0688_-0.0604end2.14_11.67_4.05_-72.40_-26.63_12.98_-6.81_-41.37_12.63_0.4396_0.8936_0.0688_-0.0604end2.14_11.67_4.05_-72.40_-26.63_12.98_-6.81_-41.75_12.63_0.4328_0.8967_0.0681_-0.0638end2.55_10.82_4.18_-72.40_-26.63_12.98_-6.81_-41.75_12.63_0.4307_0.8976_0.0679_-0.0647end2.23_10.45_3.00_-47.34_-10.63_1.79_-6.81_-41.75_12.63_0.4288_0.8985_0.0677_-0.0653end2.23_10.45_3.00_-38.05_-3.80_-1.45_-7.50_-42.06_12.63_0.4271_0.8993_0.0674_-0.0659end2.23_10.45_3.00_-38.05_-3.80_-1.45_-7.50_-42.06_12.63_0.4240_0.9008_0.0670_-0.0663end1.89_9.56_3.66_-38.05_-3.80_-1.45_-7.50_-42.06_12.63_0.4227_0.9014_0.0669_-0.0661end2.06_9.56_4.45_-38.05_-3.80_-1.45_-7.19_-43.13_11.31_0.4215_0.9020_0.0670_-0.0654end2.21_9.48_4.92_-17.23_58.86_-11.30_-7.19_-43.13_11.31_0.4215_0.9020_0.0670_-0.0654end2.30_9.48_4.97_-12.65_76.66_-13.43_-7.19_-43.13_11.31_0.4188_0.9036_0.0684_-0.0591end1.91_9.66_4.97_-12.65_76.66_-13.43_-6.81_-43.19_10.44_0.4181_0.9041_0.0694_-0.0554end1.73_9.96_4.92_-12.65_76.66_-13.43_-6.44_-42.44_12.63_0.4181_0.9041_0.0694_-0.0554end,24.18745363,120.73578845,387.55792236328125
651,,24.18745363,120.73578845,387.55792236328125
652,1.41_10.30_4.70_0.22_124.44_-18.46_-6.44_-42.44_12.63_0.4181_0.9041_0.0694_-0.0554end1.41_10.30_4.70_0.22_124.44_-18.46_-6.44_-42.44_12.63_0.4167_0.9053_0.0754_-0.0349end0.79_11.81_4.18_0.22_124.44_-18.46_-6.44_-42.44_12.63_0.4167_0.9053_0.0773_-0.0287end0.60_12.50_4.51_0.22_124.44_-18.46_-6.44_-42.44_12.63_0.4167_0.9053_0.0773_-0.0287end0.60_12.50_4.51_23.39_150.18_-22.27_-5.69_-42.81_10.44_0.4167_0.9053_0.0773_-0.0287end0.48_13.05_4.66_23.39_150.18_-22.27_-5.69_-42.81_10.44_0.4167_0.9053_0.0773_-0.0287end0.48_13.05_4.66_28.31_146.60_-22.60_-5.69_-42.81_10.44_0.4192_0.9038_0.0862_0.0024end-0.19_12.84_4.86_28.31_146.60_-22.60_-7.94_-43.50_11.31_0.4192_0.9038_0.0862_0.0024end-0.19_12.84_4.86_46.33_104.52_-20.93_-7.94_-43.50_11.31_0.4203_0.9031_0.0876_0.0078end-0.19_12.84_4.86_46.33_104.52_-20.93_-8.25_-42.81_11.69_0.4215_0.9023_0.0887_0.0126end,24.18745363,120.73578845,387.55792236328125
653,,24.18745363,120.73578845,387.55792236328125
654,-0.26_12.76_5.46_46.33_104.52_-20.93_-7.56_-42.81_10.44_0.4215_0.9023_0.0887_0.0126end-0.26_12.76_5.46_46.33_104.52_-20.93_-7.56_-42.81_10.44_0.4289_0.8984_0.0909_0.0264end-0.18_12.49_5.21_46.33_104.52_-20.93_-7.56_-42.81_10.44_0.4314_0.8972_0.0908_0.0284end0.02_12.41_4.97_72.85_20.81_-17.57_-7.56_-42.81_10.44_0.4314_0.8972_0.0908_0.0284end0.02_12.41_4.97_72.85_20.81_-17.57_-7.87_-42.81_11.31_0.4314_0.8972_0.0908_0.0284end0.51_12.44_4.93_72.85_20.81_-17.57_-7.56_-42.81_12.19_0.4314_0.8972_0.0908_0.0284end0.57_12.38_4.87_90.53_20.03_-17.46_-7.56_-42.81_12.19_0.4314_0.8972_0.0908_0.0284end0.70_12.28_4.74_90.53_20.03_-17.46_-7.56_-42.81_12.19_0.4534_0.886,24.18745363,120.73578845,387.55792236328125
655,1_0.0881_0.0386end0.72_12.11_4.60_103.18_40.17_-18.46_-7.50_-41.69_14.00_0.4570_0.8842_0.0879_0.0407end-1.23_18.62_-35.85_103.18_40.17_-18.46_-7.50_-41.69_14.00_0.4570_0.8842_0.0879_0.0407end,24.18745363,120.73578845,387.55792236328125
656,4.51_-15.21_31.42_103.18_40.17_-18.46_-6.75_-41.69_16.12_0.4570_0.8842_0.0879_0.0407end-2.96_5.75_13.89_55.51_115.49_-3.13_-6.75_-41.69_16.12_0.4570_0.8842_0.0879_0.0407end-2.96_5.75_13.89_45.32_38.05_-7.83_-6.75_-41.69_16.12_0.4686_0.8771_0.0909_0.0534end-2.96_5.75_13.89_45.32_38.05_-7.83_-7.50_-40.94_17.06_0.4706_0.8759_0.0914_0.0553end-2.96_5.75_13.89_10.97_0.90_-10.63_-7.50_-40.94_17.06_0.4728_0.8747_0.0908_0.0566end-0.87_7.75_9.18_50.81_-0.34_-6.71_-6.75_-41.31_14.81_0.4728_0.8747_0.0908_0.0566end0.20_5.92_4.03_50.81_-0.34_-6.71_-8.56_-41.00_16.56_0.4758_0.8730_0.0901_0.0573end0.20_5.92_4.03_50.81_-0.34_-6.71_-8.56_-41.00_16.56_0.4807_0.8704_0.089,24.18745363,120.73578845,387.55792236328125
657,5_0.0576end-1.84_6.77_5.24_77.77_-13.99_0.11_-8.56_-41.00_16.56_0.4835_0.8689_0.0892_0.0574end-1.97_7.39_3.29_77.77_-13.99_0.11_-8.25_-41.31_17.06_0.4835_0.8689_0.0892_0.0574end,24.18745363,120.73578845,387.55792236328125
658,,24.18745363,120.73578845,387.55792236328125
659,,24.18745363,120.73578845,387.55792236328125
660,,24.18745363,120.73578845,387.55792236328125
661,,24.18745363,120.73578845,387.55792236328125
662,,24.18745363,120.73578845,387.55792236328125
663,,24.18745363,120.73578845,387.55792236328125
664,-1.68_7.48_4.43_77.77_-13.99_0.11_-6.75_-41.00_16.19_0.4930_0.8635_0.0880_0.0591end-2.13_7.31_6.18_77.77_-13.99_0.11_-7.87_-40.31_17.44_0.4960_0.8618_0.0876_0.0603end0.47_7.20_9.24_77.77_-13.99_0.11_-7.87_-40.31_17.44_0.4960_0.8618_0.0876_0.0603end0.47_7.20_9.24_72.40_-13.99_-7.95_-7.12_-40.63_17.94_0.4960_0.8618_0.0876_0.0603end0.49_7.11_7.78_71.73_-28.87_-3.58_-7.12_-40.63_17.94_0.5071_0.8556_0.0845_0.0600end-0.52_6.98_5.64_71.73_-28.87_-3.58_-7.12_-40.31_18.37_0.5099_0.8541_0.0834_0.0587end-0.99_7.23_4.46_71.73_-28.87_-3.58_-7.12_-40.31_18.37_0.5128_0.8527_0.0825_0.0576end-1.71_7.15_3.50_71.73_-28.87_-3.58_-7.12_-40.31_18.37_0.5128_0.8527_0.0825_0.0,24.18745363,120.73578845,387.55792236328125
665,576end-1.71_7.15_3.50_75.31_22.72_-7.72_-7.12_-40.31_18.37_0.5183_0.8494_0.0812_0.0569end-1.71_7.15_3.50_75.31_22.72_-7.72_-6.37_-39.56_20.12_0.5210_0.8477_0.0811_0.0579end-1.13_7.27_2.84_75.31_22.72_-7.72_-6.37_-39.56_20.12_0.5210_0.8477_0.0811_0.0579end-0.78_7.42_3.24_77.89_46.44_-6.04_-6.37_-39.56_20.12_0.5210_0.8477_0.0811_0.0579end-0.90_7.46_3.28_76.99_43.42_-3.02_-6.37_-39.56_20.12_0.5210_0.8477_0.0811_0.0579end-0.97_7.45_3.45_75.87_38.94_-0.45_-6.37_-39.56_20.12_0.5369_0.8365_0.0843_0.0689e,24.18745363,120.73578845,387.55792236328125
666,nd-1.16_7.50_3.42_75.87_38.94_-0.45_-6.37_-39.56_20.12_0.5395_0.8348_0.0849_0.0704end-1.27_7.54_2.96_75.87_38.94_-0.45_-6.37_-39.56_20.12_0.5395_0.8348_0.0849_0.0704end-1.27_7.54_2.96_73.86_34.24_-0.45_-6.37_-39.56_20.12_0.5446_0.8311_0.0861_0.0735end-1.09_7.55_2.57_73.86_34.24_-0.45_-6.37_-39.56_20.12_0.5471_0.8292_0.0866_0.0752end-1.09_7.55_2.57_73.97_37.82_-1.79_-6.37_-39.56_20.12_0.5497_0.8273_0.0872_0.0769end-0.58_7.62_2.08_73.97_37.82_-1.79_-6.37_-39.56_20.12_0.5522_0.8254_0.0878_0.0785end-0.58_7.62_2.08_73.63_24.73_2.46_-6.37_-39.56_20.12_0.5572_0.8217_0.0888_0.0811end-0.92_7.80_2.34_72.85_19.25_3.25_-6.37_-39.56_20.12_0.5572_0.8217_0.0888_0.0811end-0.92_7.90_2.39_71.73_13.88_2.46_-6.37_-39.56_20.12_0.5572_0.8217_0.0888_0.0811end-0.91_7.87_2.37_71.73_13.88_2.46_-7.44_-36.69_23.69_0.5572_0.8217_0.0888_0.0811end-0.89_7.83_2.36_71.73_13.88_2.46_-7.44_-36.69_23.69_0.5698_0.8125_0.0894_0.0844end-0.65_7.92_2.08_71.73_13.88_2.46_-7.81_-36.38_24.12_0.5698_0.8125_0.0894_0.0844end-0.65_7.92_2.08_70.84_-16.34_2.80_-8.81_-37.06_24.50_0.5698_0.8125_0.0894_0.0844end-0.56_8.00_2.20_70.39_-26.63_4.14_-8.81_-37.06_24.50_0.5698_0.8125_0.0894_0.0844end-0.56_8.00_2.20_70.39_-26.63_4.14_-8.81_-37.06_24.50_0.5826_0.8040_0.0865_0.0822end-0.71_8.06_2.06_70.39_-26.63_4.14_-8.81_-35.69_25.00_0.5826_0.8040_0.0865_0.0822end-0.66_8.14_2.08_70.39_-26.63_4.14_-8.81_-34.94_25.88_0.5876_0.8005_0.0850_0.0809end-0.66_8.14_2.08_70.39_-26.63_4.14_-8.81_-34.94_25.88_0.5925_0.7971_0.0840_0.0803end-0.67_8.14_2.02_70.39_-26.63_4.14_-7.37_-34.94_25.88_0.5950_0.7953_0.0836_0.0801end-0.80_8.14_1.85_68.71_-2.80_3.69_-7.37_-34.94_25.88_0.5950_0.7953_0.0836_0.0801end-0.80_8.14_1.85_68.71_-2.80_3.69_-8.44_-35.25_27.62_0.5950_0.7953_0.0836_0.0801end-0.80_8.14_1.85_68.71_-2.80_3.69_-8.44_-35.25_27.62_0.6045_0.7881_0.0832_0.0806end-1.21_8.25_2.02_68.71_-2.80_3.69_-8.44_-35.25_27.62_0.6068_0.7863_0.0832_0.0808end-1.28_8.25_2.01_68.71_-2.80_3.69_-8.44_-35.25_27.62_0.6092_0.7845_0.0831_0.0809end-,24.18745363,120.73578845,387.55792236328125
667,1.20_8.29_2.12_68.71_-2.80_3.69_-8.44_-35.25_27.62_0.6092_0.7845_0.0831_0.0809end-1.20_8.29_2.12_67.14_-13.99_4.59_-6.69_-33.94_26.81_0.6092_0.7845_0.0831_0.0809end,24.18745363,120.73578845,387.55792236328125
668,,24.18745363,120.73578845,387.55792236328125
669,-1.20_8.29_2.12_67.48_-21.60_4.59_-8.44_-33.19_28.12_0.6162_0.7792_0.0820_0.0801end-1.20_8.29_2.12_68.04_-29.54_4.48_-8.44_-33.19_28.12_0.6187_0.7774_0.0812_0.0793end-0.35_8.29_1.76_68.15_-45.10_4.70_-8.44_-33.19_28.12_0.6235_0.7740_0.0790_0.0770end-0.35_8.29_1.76_67.93_-51.36_4.25_-6.62_-32.50_28.12_0.6235_0.7740_0.0790_0.0770e,24.18745363,120.73578845,387.55792236328125
670,nd-0.35_8.29_1.76_67.93_-51.36_4.25_-6.62_-32.50_28.12_0.6285_0.7706_0.0761_0.0738end0.39_8.38_1.21_67.93_-51.36_4.25_-6.62_-32.50_28.12_0.6309_0.7689_0.0745_0.0720end0.56_8.41_0.66_67.93_-51.36_4.25_-7.00_-32.81_30.31_0.6309_0.7689_0.0745_0.0720end0.56_8.41_0.66_66.58_-44.99_2.69_-6.25_-31.37_31.69_0.6309_0.7689_0.0745_0.0720en,24.18745363,120.73578845,387.55792236328125
671,d0.56_8.41_0.66_66.58_-44.99_2.69_-6.25_-31.37_31.69_0.6428_0.7603_0.0676_0.0649end0.59_8.46_0.13_66.58_-44.99_2.69_-6.25_-31.37_31.69_0.6428_0.7603_0.0676_0.0649end,24.18745363,120.73578845,387.55792236328125
672,0.62_8.48_0.09_66.58_-44.99_2.69_-6.25_-31.37_31.69_0.6471_0.7568_0.0663_0.0639end0.43_8.48_-0.07_64.35_-2.57_1.12_-6.25_-31.37_31.69_0.6514_0.7532_0.0659_0.0640end0.29_8.51_-0.17_64.35_-2.57_1.12_-6.62_-30.69_31.19_0.6534_0.7513_0.0660_0.0645end-0.11_8.52_-0.37_64.35_-2.57_1.12_-6.62_-30.69_31.19_0.6555_0.7495_0.0663_0.0653end-0.15_8.47_-0.25_65.35_29.43_-0.22_-6.62_-30.69_31.19_0.6555_0.7495_0.0663_0.0653end-0.30_8.91_-0.19_65.91_34.91_-0.11_-6.62_-30.69_31.19_0.6555_0.7495_0.0663_0.0653end-0.30_8.91_-0.19_66.36_42.41_1.12_-6.62_-30.69_31.19_0.6616_0.7435_0.0685_0.0690end-0.83_8.73_0.27_66.36_42.41_1.12_-6.62_-30.69_31.19_0.6616_0.7435_0.0685_0.0690end-0.93_8.38_0.54_65.58_49.80_1.79_-6.62_-30.69_31.19_0.6616_0.7435_0.0685_0.0690end-0.93_8.38_0.54_64.35_50.58_2.35_-6.62_-30.69_31.19_0.6616_0.7435_0.0685_0.0690end,24.18745363,120.73578845,387.55792236328125
673,,24.18745363,120.73578845,387.55792236328125
674,-1.20_8.68_0.45_64.35_50.58_2.35_-6.62_-30.69_31.19_0.6616_0.7435_0.0685_0.0690end-1.20_8.68_0.45_63.23_36.93_2.80_-8.06_-28.94_34.38_0.6734_0.7311_0.0758_0.0789end-1.09_8.60_0.21_63.23_36.93_2.80_-8.06_-28.94_34.38_0.6772_0.7271_0.0777_0.0815end-1.03_8.71_0.00_63.23_36.93_2.80_-7.69_-28.94_34.25_0.6772_0.7271_0.0777_0.0815end-1.04_8.80_-0.15_62.67_6.49_5.48_-7.69_-28.94_34.25_0.6772_0.7271_0.0777_0.0815end-1.04_8.80_-0.15_62.22_-1.79_5.82_-7.69_-28.94_34.25_0.6830_0.7214_0.0786_0.0828end-0.82_8.71_-0.32_62.22_-1.79_5.82_-7.69_-28.94_34.25_0.6851_0.7195_0.0784_0.0827end-0.82_8.71_-0.32_62.11_-13.99_5.71_-7.69_-28.94_34.25_0.6870_0.7177_0.0780_0.0823end-0.39_8.73_-0.30_62.22_-21.15_5.71_-8.06_-27.25_33.50_0.6870_0.7177_0.0780_0.0823end-0.39_8.73_-0.30_62.11_-23.39_5.93_-7.31_-27.50_35.69_0.6870_0.7177_0.0780_0.0823end,24.18745363,120.73578845,387.55792236328125
675,,24.18745363,120.73578845,387.55792236328125
676,,24.18745363,120.73578845,387.55792236328125
677,-0.39_8.73_-0.30_62.11_-23.39_5.93_-7.31_-27.50_35.69_0.6971_0.7086_0.0746_0.0792end-0.40_8.73_-0.25_62.11_-23.39_5.93_-8.31_-26.12_35.25_0.6971_0.7086_0.0746_0.0792end-0.50_8.86_-0.22_62.11_-23.39_5.93_-8.31_-26.12_35.25_0.6971_0.7086_0.0746_0.0792end-0.50_8.86_-0.22_61.32_-19.36_6.49_-8.31_-26.12_35.25_0.7051_0.7013_0.0720_0.0765end-0.59_8.38_-0.23_61.32_-19.36_6.49_-8.31_-26.12_35.25_0.7070_0.6995_0.0715_0.0761end-0.65_8.71_-0.55_61.32_-19.36_6.49_-7.62_-25.81_35.31_0.7070_0.6995_0.0715_0.0761end-0.65_8.71_-0.55_61.44_-17.79_6.38_-7.62_-25.81_35.31_0.7128_0.6938_0.0701_0.0747end-0.68_8.75_0.32_61.77_-22.16_7.05_-7.62_-25.81_35.31_0.7147_0.6920_0.069,24.18745363,120.73578845,387.55792236328125
678,,24.18745363,120.73578845,387.55792236328125
679,5_0.0741end-0.56_8.64_0.28_61.77_-22.16_7.05_-7.62_-25.81_35.31_0.7167_0.6901_0.0688_0.0733end-0.80_8.66_0.17_61.77_-22.16_7.05_-6.19_-24.69_37.00_0.7167_0.6901_0.0688_0.0733end-0.75_8.77_0.10_62.78_-39.06_7.05_-6.19_-24.69_37.00_0.7167_0.6901_0.0688_0.0733end-0.75_8.77_0.10_62.78_-39.06_7.05_-6.87_-24.00_36.63_0.7247_0.6826_0.0640_0.0686end-0.22_8.64_-0.16_62.78_-39.06_7.05_-6.87_-24.00_36.63_0.7267_0.6807_0.0626_0.0672end-0.21_8.61_-0.24_62.00_-47.67_6.27_-6.87_-24.00_36.63_0.7267_0.6807_0.0626_0.0672end0.14_8.59_-0.36_62.00_-47.67_6.27_-6.87_-24.00_36.63_0.7267_0.6807_0.0626_0.0672end0.16_8.43_-0.50_62.00_-47.67_6.27_-6.87_-24.00_36.63_0.7346_0.6733_0.0569_0.0618end0.12_8.71_-0.75_63.45_-31.45_5.71_-6.87_-24.00_36.63_0.7346_0.6733_0.0569_0.0618end0.37_8.52_-0.96_64.46_-22.38_5.15_-5.75_-22.56_37.50_0.7346_0.6733_0.0569_0.0618end0.37_8.52_-0.96_64.01_-1.68_4.59_-5.75_-22.56_37.50_0.7405_0.6672_0.0543_0.0594end0.37_8.52_-0.96_64.01_-1.68_4.59_-5.75_-22.56_37.50_0.7424_0.6652_0.0540_0.0591end,24.18745363,120.73578845,387.55792236328125
680,0.37_8.52_-0.96_64.91_7.50_4.14_-4.62_-20.88_38.44_0.7424_0.6652_0.0540_0.0591end0.37_8.52_-0.96_65.80_30.21_4.59_-4.62_-20.88_38.44_0.7479_0.6588_0.0551_0.0602end-0.41_8.46_-0.93_66.25_32.90_5.04_-4.62_-20.88_38.44_0.7498_0.6566_0.0559_0.0610end-0.46_8.45_-0.95_66.25_32.90_5.04_-4.62_-20.88_38.44_0.7534_0.6520_0.0579_0.0629end-0.96_8.38_-0.96_66.25_32.90_5.04_-4.62_-20.88_38.44_0.7534_0.6520_0.0579_0.0629end-1.04_8.41_-0.89_66.02_25.96_6.27_-4.62_-20.88_38.44_0.7534_0.6520_0.0579_0.0629end-1.12_8.39_-0.81_66.02_25.96_6.27_-6.81_-19.81_39.75_0.7607_0.6429_0.0612_0.0655end-1.24_8.35_-0.74_66.02_25.96_6.27_-6.81_-19.81_39.75_0.7625_0.6407_0.0614_0.0656en,24.18745363,120.73578845,387.55792236328125
681,d-1.22_8.30_-0.68_66.02_25.96_6.27_-6.12_-19.12_40.12_0.7625_0.6407_0.0614_0.0656end-1.10_8.28_-0.60_67.26_-12.98_8.28_-6.12_-19.12_40.12_0.7625_0.6407_0.0614_0.0656end,24.18745363,120.73578845,387.55792236328125
682,-0.95_8.25_-0.79_67.59_-18.46_8.39_-6.12_-19.12_40.12_0.7703_0.6317_0.0600_0.0640end-0.83_8.21_-0.92_67.59_-18.46_8.39_-6.44_-17.69_39.75_0.7722_0.6295_0.0593_0.0632end-0.52_8.14_-1.40_67.59_-18.46_8.39_-6.44_-17.69_39.75_0.7722_0.6295_0.0593_0.0632end-0.30_8.16_-1.93_67.59_-18.46_8.39_-6.44_-17.69_39.75_0.7761_0.6250_0.0577_0.0616end-0.30_8.16_-1.93_67.59_-18.46_8.39_-6.44_-17.69_39.75_0.7798_0.6206_0.0565_0.0602end-0.13_8.05_-2.22_67.59_-18.46_8.39_-6.44_-17.69_39.75_0.7816_0.6183_0.0562_0.0598end-0.03_8.01_-2.57_67.59_-18.46_8.39_-6.44_-17.69_39.75_0.7835_0.6160_0.0559_0.0593end0.01_8.00_-2.88_69.16_4.03_9.18_-6.44_-17.69_39.75_0.7835_0.6160_0.0559_0.0593end-0.05_8.04_-3.23_69.16_4.03_9.18_-6.44_-17.69_39.75_0.7891_0.6088_0.0563_0.0590end-0.05_8.00_-3.27_69.16_4.03_9.18_-6.81_-15.56_42.44_0.7909_0.6064_0.0566_0.0591end,24.18745363,120.73578845,387.55792236328125
683,,24.18745363,120.73578845,387.55792236328125
684,-0.20_7.97_-3.67_66.92_13.20_10.41_-6.81_-15.56_42.44_0.7909_0.6064_0.0566_0.0591end-0.29_8.14_-4.54_66.92_13.20_10.41_-6.81_-15.56_42.44_0.7944_0.6017_0.0577_0.0594end-0.29_8.14_-4.54_64.01_10.30_11.08_-6.81_-15.56_42.44_0.7962_0.5992_0.0582_0.0596end-0.29_8.14_-4.54_64.01_10.30_11.08_-7.12_-14.56_42.06_0.7979_0.5970_0.0587_0.0,24.18745363,120.73578845,387.55792236328125
685,597end-0.29_8.14_-4.54_62.67_8.73_11.08_-7.12_-14.56_42.06_0.8012_0.5925_0.0596_0.0597end-0.30_7.96_-6.83_62.67_8.73_11.08_-5.69_-14.87_41.56_0.8012_0.5925_0.0596_0.0597end-0.30_7.96_-6.83_64.68_3.02_9.62_-5.69_-14.87_41.56_0.8044_0.5880_0.0602_0.0596end-0.30_7.96_-6.83_64.68_3.02_9.62_-5.69_-14.87_41.56_0.8077_0.5834_0.0605_0.0594end0.56_8.05_-4.95_64.68_3.02_9.62_-5.69_-14.87_41.56_0.8094_0.5811_0.0607_0.0593end0.49_8.11_-4.46_64.68_3.02_9.62_-7.87_-13.88_42.06_0.8111_0.5787_0.0609_0.0591end,24.18745363,120.73578845,387.55792236328125
686,,24.18745363,120.73578845,387.55792236328125
687,0.37_8.16_-4.06_64.23_-0.78_12.53_-7.87_-13.88_42.06_0.8111_0.5787_0.0609_0.0591end0.37_8.16_-4.06_64.23_-0.78_12.53_-7.87_-13.88_42.06_0.8160_0.5719_0.0611_0.0582end-0.22_8.09_-4.83_64.23_-0.78_12.53_-7.87_-13.88_42.06_0.8175_0.5698_0.0610_0.0577end-0.10_8.06_-5.48_56.06_-11.64_10.97_-7.87_-13.88_42.06_0.8175_0.5698_0.0610_0.05,24.18745363,120.73578845,387.55792236328125
688,77end0.14_8.00_-6.84_55.73_-18.24_9.96_-6.37_-12.13_42.06_0.8175_0.5698_0.0610_0.0577end0.14_8.00_-6.84_55.39_-25.85_10.07_-7.12_-10.75_42.94_0.8234_0.5618_0.0588_0.0550end0.52_8.02_-8.04_55.39_-25.85_10.07_-7.12_-10.75_42.94_0.8234_0.5618_0.0588_0.0550end0.62_8.05_-7.91_55.39_-25.85_10.07_-7.12_-10.75_42.94_0.8263_0.5579_0.0562_0.0527end0.64_8.09_-7.73_56.62_-43.20_10.63_-7.12_-10.75_42.94_0.8263_0.5579_0.0562_0.0527end0.64_8.12_-7.55_55.73_-41.74_10.63_-7.12_-10.75_42.94_0.8307_0.5520_0.0521_0.0489end,24.18745363,120.73578845,387.55792236328125
689,,24.18745363,120.73578845,387.55792236328125
690,,24.18745363,120.73578845,387.55792236328125
691,,24.18745363,120.73578845,387.55792236328125
692,,24.18745363,120.73578845,387.55792236328125
693,,24.18745363,120.73578845,387.55792236328125
694,,24.18745363,120.73578845,387.55792236328125
695,0.75_8.17_-7.42_55.73_-41.74_10.63_-7.12_-10.75_42.94_0.8322_0.5502_0.0508_0.0477end0.84_8.18_-7.21_55.73_-41.74_10.63_-7.12_-10.75_42.94_0.8322_0.5502_0.0508_0.0477end1.16_8.20_-7.22_55.73_-41.74_10.63_-7.12_-10.75_42.94_0.8322_0.5502_0.0508_0.0477end1.16_8.20_-7.22_55.73_-41.74_10.63_-4.19_-8.94_43.00_0.8360_0.5449_0.0467_0.0443end1.62_8.16_-7.87_55.73_-41.74_10.63_-4.19_-8.94_43.00_0.8384_0.5416_0.0436_0.0418end1.81_8.16_-8.09_45.32_-40.62_6.15_-4.50_-8.94_42.56_0.8384_0.5416_0.0436_0.0418end1.81_8.16_-8.09_44.99_-35.14_5.71_-3.81_-8.94_42.56_0.8384_0.5416_0.0436_0.0418end1.81_8.16_-8.09_44.09_-21.49_3.80_-3.81_-8.94_42.56_0.8430_0.5352_0.0388_0.0382end2.04_8.21_-7.54_44.09_-21.49_3.80_-5.62_-8.25_42.56_0.8440_0.5336_0.0382_0.0377end2.00_8.21_-7.37_42.30_-6.15_2.91_-5.62_-8.25_42.56_0.8440_0.5336_0.0382_0.0377end,24.18745363,120.73578845,387.55792236328125
696,2.00_8.21_-7.37_41.07_-0.22_3.02_-5.62_-8.25_42.56_0.8460_0.5305_0.0377_0.0374end1.82_8.20_-6.89_41.07_-0.22_3.02_-5.62_-8.25_42.56_0.8469_0.5291_0.0378_0.0374end1.82_8.20_-6.89_39.61_8.39_2.46_-5.62_-8.25_42.56_0.8488_0.5261_0.0384_0.0377end1.02_8.18_-7.32_39.61_8.39_2.46_-4.87_-7.56_43.87_0.8488_0.5261_0.0384_0.0377end1.02_8.18_-7.32_38.38_6.27_1.34_-4.87_-7.56_43.87_0.8505_0.5231_0.0389_0.0381end0.58_8.27_-5.80_38.94_4.81_1.57_-4.87_-7.56_43.87_0.8505_0.5231_0.0389_0.0381end0.48_8.13_-6.19_38.94_4.81_1.57_-3.75_-6.56_42.62_0.8531_0.5188_0.0391_0.0385end0.64_8.24_-5.86_38.94_4.81_1.57_-3.75_-6.56_42.62_0.8531_0.5188_0.0391_0.0385end0.42_8.23_-5.68_36.26_-6.04_0.45_-3.75_-6.56_42.62_0.8531_0.5188_0.0391_0.0385end0.47_8.29_-5.36_35.92_-11.41_0.90_-3.75_-6.56_42.62_0.8531_0.5188_0.0391_0.0385end0.25_8.20_-5.09_35.92_-11.41_0.90_-3.75_-6.56_42.62_0.8574_0.5120_0.0375_0.0378end0.32_8.17_-4.89_36.15_-6.83_0.22_-3.75_-6.56_42.62_0.8574_0.5120_0.0375_0.0378end0.14_8.21_-4.66_35.92_-3.47_-0.34_-3.75_-6.56_42.62_0.8574_0.5120_0.0375_0.0378end0.12_8.09_-4.52_35.92_-3.47_-0.34_-3.75_-5.12_43.94_0.8607_0.5065_0.0368_0.0378end0.14_8.14_-4.20_35.92_-3.47_-0.34_-4.87_-5.12_42.62_0.8615_0.5051_0.0369_0.0380end0.09_8.14_-4.06_37.60_7.27_1.01_-4.87_-5.12_42.62_0.8615_0.5051_0.0369_0.0380end-0.26_8.11_-3.84_37.60_7.27_1.01_-4.87_-5.12_42.62_0.8631_0.5021_0.0374_0.0384end-0.32_8.10_-3.83_37.71_9.96_1.12_-4.87_-5.12_42.62_0.8631_0.5021_0.0374_0.0384end-0.54_8.09_-3.78_37.26_9.96_1.23_-4.87_-5.12_42.62_0.8655_0.4978_0.0383_0.0391end-0.61_8.04_-3.91_37.71_9.29_1.12_-4.87_-5.12_42.62_0.8663_0.4963_0.0386_0.0394end,24.18745363,120.73578845,387.55792236328125
697,,24.18745363,120.73578845,387.55792236328125
698,-0.63_7.96_-4.16_37.26_4.14_1.68_-4.87_-5.12_42.62_0.8663_0.4963_0.0386_0.0394end-0.70_7.91_-4.50_37.26_4.14_1.68_-4.87_-5.12_42.62_0.8688_0.4920_0.0391_0.0398end-0.62_7.90_-4.80_37.26_4.14_1.68_-4.87_-5.12_42.62_0.8696_0.4906_0.0390_0.0397end-0.65_7.84_-5.05_37.26_4.14_1.68_-4.87_-5.12_42.62_0.8696_0.4906_0.0390_0.0397end-0.65_7.84_-5.05_38.16_-14.44_3.36_-4.87_-5.12_42.62_0.8696_0.4906_0.0390_0.0397end-0.71_7.79_-5.36_38.16_-14.44_3.36_-4.87_-5.12_42.62_0.8730_0.4848_0.0373_0.0386end-0.73_7.76_-5.34_38.94_-17.57_3.92_-4.87_-5.12_42.62_0.8730_0.4848_0.0373_0.0386end-0.71_7.77_-5.30_39.06_-20.25_4.03_-4.87_-5.12_42.62_0.8730_0.4848_0.0373_0.0386end-0.7,24.18745363,120.73578845,387.55792236328125
699,1_7.77_-5.30_38.83_-24.51_4.48_-3.37_-3.37_41.81_0.8730_0.4848_0.0373_0.0386end-0.71_7.77_-5.30_38.83_-24.51_4.48_-3.37_-3.37_41.81_0.8773_0.4774_0.0328_0.0356end,24.18745363,120.73578845,387.55792236328125
700,-0.44_7.69_-4.70_39.61_-46.44_5.04_-3.37_-3.37_41.81_0.8782_0.4760_0.0312_0.0346end-0.27_7.66_-4.14_39.61_-46.44_5.04_-3.37_-3.37_41.81_0.8782_0.4760_0.0312_0.0346end-0.15_7.71_-3.77_39.61_-46.44_5.04_-3.37_-3.37_41.81_0.8782_0.4760_0.0312_0.0346end0.07_7.62_-3.13_39.61_-46.44_5.04_-3.37_-3.37_41.81_0.8782_0.4760_0.0312_0.0346end0.07_7.62_-3.13_39.61_-46.44_5.04_-3.37_-3.37_41.81_0.8829_0.4684_0.0185_0.0271end0.34_7.45_-2.57_39.61_-46.44_5.04_-3.37_-3.37_41.81_0.8839_0.4668_0.0151_0.0251end0.33_7.38_-2.25_39.61_-46.44_5.04_-3.37_-3.37_41.81_0.8839_0.4668_0.0151_0.0251end0.33_7.38_-2.25_43.53_-102.62_3.80_-1.50_-1.62_43.13_0.8857_0.4637_0.0077_0.0209end,24.18745363,120.73578845,387.55792236328125
701,0.33_7.38_-2.25_44.31_-105.64_3.69_-1.50_-1.62_43.13_0.8867_0.4620_0.0036_0.0187end0.33_7.38_-2.25_44.31_-105.64_3.69_-1.87_0.06_41.88_0.8867_0.4620_0.0036_0.0187end,24.18745363,120.73578845,387.55792236328125
702,0.41_7.16_-2.00_46.33_-107.54_1.79_-1.87_0.06_41.88_0.8894_0.4569_-0.0089_0.0120end0.41_7.16_-2.00_46.33_-107.54_1.79_-1.87_0.06_41.88_0.8894_0.4569_-0.0089_0.0120end0.46_6.95_-1.60_50.69_-100.72_-0.34_-1.87_0.06_41.88_0.8894_0.4569_-0.0089_0.0120end0.33_6.81_-0.98_50.69_-100.72_-0.34_-1.87_0.06_41.88_0.8931_0.4492_-0.0244_0.0040end0.27_6.82_-0.68_55.95_-82.47_-1.79_-1.87_0.06_41.88_0.8931_0.4492_-0.0244_0.0040end0.29_6.72_-0.55_57.52_-73.86_-2.46_-1.87_0.06_41.88_0.8962_0.4424_-0.0336_-0.0004end0.23_6.56_-0.28_57.52_-73.86_-2.46_-1.87_0.06_41.88_0.8972_0.4401_-0.0361_-0.0015end0.03_6.43_-0.15_57.52_-73.86_-2.46_2.12_1.87_43.69_0.8983_0.4377_-0.0381_-0.0024end0.13_6.34_-0.24_64.46_-38.94_-5.60_2.12_1.87_43.69_0.8983_0.4377_-0.0381_-0.0024end0.13_6.34_-0.24_64.46_-38.94_-5.60_2.87_4.00_43.25_0.9019_0.4299_-0.0426_-0.0040end,24.18745363,120.73578845,387.55792236328125
703,,24.18745363,120.73578845,387.55792236328125
704,-0.37_6.18_-1.53_64.46_-38.94_-5.60_2.87_4.00_43.25_0.9031_0.4272_-0.0433_-0.0042end-0.37_6.18_-1.53_65.91_13.09_-7.95_2.50_4.69_43.25_0.9031_0.4272_-0.0433_-0.0042end-0.37_6.18_-1.53_65.91_13.09_-7.95_2.50_4.31_41.06_0.9056_0.4218_-0.0436_-0.0038end-0.37_6.18_-1.53_65.91_13.09_-7.95_2.50_4.31_41.06_0.9081_0.4167_-0.0417_-0.0023end-1.09_9.68_-9.80_54.50_58.53_-11.86_2.50_4.31_41.06_0.9092_0.4144_-0.0400_-0.0010end-1.98_21.52_-16.47_54.50_58.53_-11.86_2.50_4.31_41.06_0.9092_0.4144_-0.0400_-0.0010end0.84_26.56_-14.78_42.19_95.57_-17.79_2.50_4.31_41.06_0.9092_0.4144_-0.0400_-0.0010end0.84_26.56_-14.78_42.19_95.57_-17.79_2.50_4.31_41.06_0.9133_0.4064_-0.0281_0.0070end2.97_34.13_-17.61_42.19_95.57_-17.79_2.50_4.31_41.06_0.9143_0.4041_-0.0260_0.0084end1.83_35.44_-12.28_42.19_95.57_-17.79_-1.44_6.25_40.69_0.9153_0.4020_-0.0250_0.0093end,24.18745363,120.73578845,387.55792236328125
705,,24.18745363,120.73578845,387.55792236328125
706,,24.18745363,120.73578845,387.55792236328125
707,,24.18745363,120.73578845,387.55792236328125
708,1.40_27.68_-9.59_33.24_-22.38_-13.65_-1.44_6.25_40.69_0.9153_0.4020_-0.0250_0.0093end1.40_27.68_-9.59_33.24_-22.38_-13.65_-1.81_5.87_39.31_0.9167_0.3987_-0.0258_0.0099end1.40_27.68_-9.59_24.95_-33.12_-15.22_-1.81_5.87_39.31_0.9171_0.3975_-0.0272_0.0099end1.40_27.68_-9.59_20.59_-31.89_-16.45_-0.44_5.87_38.44_0.9171_0.3975_-0.0272,24.18745363,120.73578845,387.55792236328125
709,_0.0099end1.40_27.68_-9.59_7.50_-14.55_-18.24_-0.44_5.87_38.44_0.9177_0.3959_-0.0303_0.0101end1.40_27.68_-9.59_7.50_-14.55_-18.24_0.31_6.56_38.94_0.9178_0.3955_-0.0314_0.0105end1.40_27.68_-9.59_7.50_-14.55_-18.24_0.31_5.56_39.31_0.9180_0.3951_-0.0320_0.0128end1.39_24.34_-9.24_7.50_-14.55_-18.24_0.31_5.56_39.31_0.9180_0.3951_-0.0320_0.0128end1.39_24.34_-9.24_-7.16_21.82_-19.70_2.12_4.94_39.69_0.9180_0.3951_-0.0320_0.0128end1.39_24.34_-9.24_-17.79_14.55_-19.92_2.12_4.94_39.69_0.9175_0.3962_-0.0303_0.0173end,24.18745363,120.73578845,387.55792236328125
710,1.05_21.90_-8.12_-17.79_14.55_-19.92_2.87_4.62_41.50_0.9172_0.3969_-0.0301_0.0184end0.64_19.03_-7.22_-17.79_14.55_-19.92_2.87_4.62_41.50_0.9168_0.3977_-0.0302_0.0192end0.45_18.12_-7.66_-26.63_-1.68_-18.80_2.50_4.62_40.63_0.9168_0.3977_-0.0302_0.0192end0.45_18.12_-7.66_-26.63_-1.68_-18.80_2.50_4.62_40.63_0.9159_0.3997_-0.0309_0.0208end0.42_16.09_-6.75_-28.76_-0.45_-19.58_2.50_4.62_40.63_0.9149_0.4019_-0.0315_0.0225end0.26_15.07_-6.48_-28.76_-0.45_-19.58_2.50_4.62_40.63_0.9143_0.4032_-0.0316_0.0234end-0.17_14.54_-6.87_-39.50_11.53_-18.58_2.50_4.62_40.63_0.9143_0.4032_-0.0316_0.0234end-0.17_14.54_-6.87_-39.50_11.53_-18.58_2.50_4.62_40.63_0.9121_0.4080_-0.0306_0.0266end-0.80_12.79_-8.06_-39.50_11.53_-18.58_2.50_4.62_40.63_0.9113_0.4098_-0.0297_0.0279end-0.93_12.54_-8.04_-51.48_38.27_-16.45_2.50_4.62_40.63_0.9113_0.4098_-0.0297_0.0279end,24.18745363,120.73578845,387.55792236328125
711,,24.18745363,120.73578845,387.55792236328125
712,-1.26_12.42_-8.43_-55.62_44.43_-15.89_2.50_4.62_40.63_0.9113_0.4098_-0.0297_0.0279end-1.26_12.42_-8.43_-64.46_54.95_-15.00_0.31_2.87_43.19_0.9084_0.4160_-0.0255_0.0323end-1.62_11.83_-9.12_-64.46_54.95_-15.00_0.31_2.87_43.19_0.9062_0.4208_-0.0215_0.0356end-1.62_11.06_-9.63_-72.74_65.02_-13.32_1.00_2.56_42.81_0.9049_0.4235_-0.0192_0.0374end-1.62_11.06_-9.63_-76.99_71.17_-12.76_0.31_2.19_43.69_0.9049_0.4235_-0.0192_0.0374end-1.41_9.96_-9.88_-76.99_71.17_-12.76_0.31_2.19_43.69_0.9006_0.4324_-0.0107_0.0433end-1.41_9.71_-9.74_-90.87_93.55_-11.86_-0.44_2.56_43.69_0.8989_0.4359_-0.0071_0.0455end-1.18_9.48_-9.57_-90.87_93.55_-11.86_-0.44_2.56_43.69_0.8971_0.439,24.18745363,120.73578845,387.55792236328125
713,3_-0.0034_0.0479end-0.99_9.07_-9.25_-90.87_93.55_-11.86_-0.44_2.56_43.69_0.8932_0.4465_0.0046_0.0528end-0.87_8.84_-9.04_-90.87_93.55_-11.86_-0.44_2.56_43.69_0.8910_0.4505_0.0090_0.0554end,24.18745363,120.73578845,387.55792236328125
714,,24.18745363,120.73578845,387.55792236328125
715,-0.70_8.28_-8.57_-90.87_93.55_-11.86_-0.44_2.56_43.69_0.8888_0.4545_0.0132_0.0580end-0.58_8.03_-8.50_-90.87_93.55_-11.86_-3.31_0.06_44.88_0.8888_0.4545_0.0132_0.0580end-0.58_8.03_-8.50_-90.87_93.55_-11.86_-4.44_-0.62_44.00_0.8839_0.4630_0.0219_0.0633end-0.58_8.03_-8.50_-123.88_105.42_-14.55_-4.44_-0.62_44.00_0.8812_0.4674_0.0259_0.0658end-0.58_8.03_-8.50_-128.58_102.73_-14.88_-4.44_-0.62_44.00_0.8755_0.4767_0.0341_0.0709end-0.58_8.03_-8.50_-134.73_98.03_-16.11_-4.44_-0.62_44.00_0.8726_0.4814_0.0378_0.0733end-0.54_5.37_-7.56_-134.73_98.03_-16.11_-5.19_-3.06_43.56_0.8726_0.4814_0.0378_0.0733end-0.54_5.37_-7.56_-143.58_85.72_-17.35_-5.19_-3.06_43.56_0.869,24.18745363,120.73578845,387.55792236328125
716,5_0.4863_0.0416_0.0757end-0.54_5.37_-7.56_-145.81_77.44_-17.23_-5.19_-3.06_43.56_0.8629_0.4965_0.0488_0.0804end-0.64_4.19_-5.11_-145.81_77.44_-17.23_-5.19_-3.06_43.56_0.8596_0.5016_0.0519_0.0825end,24.18745363,120.73578845,387.55792236328125
717,-0.70_4.05_-4.92_-151.74_39.28_-16.45_-5.19_-3.06_43.56_0.8525_0.5123_0.0573_0.0861end-0.54_3.74_-4.79_-151.74_39.28_-16.45_-5.19_-3.06_43.56_0.8454_0.5233_0.0606_0.0883end-0.39_3.54_-4.65_-155.44_17.57_-15.78_-5.19_-3.06_43.56_0.8418_0.5289_0.0616_0.0889end-0.17_2.92_-4.68_-155.44_17.57_-15.78_-5.19_-3.06_43.56_0.8418_0.5289_0.0616_0.0889end-0.17_2.92_-4.68_-155.44_17.57_-15.78_-8.50_-9.69_42.94_0.8342_0.5405_0.0629_0.0898end-0.17_2.92_-4.68_-160.58_7.72_-16.34_-8.50_-9.69_42.94_0.8304_0.5462_0.0635_0.0901end0.14_2.14_-4.33_-160.58_7.72_-16.34_-8.50_-9.69_42.94_0.8263_0.5522_0.0640_0.0905end0.14_2.14_-4.33_-165.51_16.56_-17.46_-8.50_-9.69_42.94_0.8182_0.5638_0.0654_0.0914end-0.03_1.86_-3.85_-165.51_16.56_-17.46_-8.50_-9.69_42.94_0.8140_0.5697_0.0663_0.0920end-0.03_1.86_-3.85_-168.19_24.17_-18.91_-8.50_-9.69_42.94_0.8096_0.5757_0.0673_0.0928end,24.18745363,120.73578845,387.55792236328125
718,,24.18745363,120.73578845,387.55792236328125
719,,24.18745363,120.73578845,387.55792236328125
720,,24.18745363,120.73578845,387.55792236328125
721,,24.18745363,120.73578845,387.55792236328125
722,-0.03_1.86_-3.85_-169.87_28.65_-19.25_-8.50_-9.69_42.94_0.8096_0.5757_0.0673_0.0928end-0.03_1.86_-3.85_-169.87_28.65_-19.25_-8.50_-9.69_42.94_0.7961_0.5934_0.0708_0.0953end-0.22_1.42_-3.05_-169.87_28.65_-19.25_-8.50_-9.69_42.94_0.7916_0.5992_0.0720_0.0961end-0.17_1.36_-2.85_-174.68_25.40_-18.80_-8.50_-9.69_42.94_0.7916_0.5992_0.,24.18745363,120.73578845,387.55792236328125
723,0720_0.0961end-0.17_1.36_-2.85_-174.68_25.40_-18.80_-8.56_-15.25_39.81_0.7820_0.6111_0.0743_0.0977end-0.45_1.23_-2.72_-176.36_25.29_-19.14_-8.56_-15.25_39.81_0.7723_0.6228_0.0764_0.0992end-0.27_1.02_-2.68_-176.36_25.29_-19.14_-8.56_-15.25_39.81_0.7673_0.6287_0.0776_0.1000end-0.27_1.02_-2.68_-178.15_26.97_-19.25_-8.56_-15.25_39.8,24.18745363,120.73578845,387.55792236328125
724,1_0.7621_0.6347_0.0787_0.1008end-0.61_0.53_-2.09_-178.15_26.97_-19.25_-8.63_-18.06_39.75_0.7621_0.6347_0.0787_0.1008end-0.61_0.53_-2.09_-180.39_33.35_-21.26_-8.63_-18.06_39.75_0.7570_0.6405_0.0799_0.1016end-0.61_0.53_-2.09_-180.39_33.35_-21.26_-9.38_-19.87_38.81_0.7410_0.6580_0.0837_0.1045end-0.30_0.97_-0.22_-180.39_33.35_-21.26_-9.38_-19.87_38.81_0.7357_0.6636_0.0850_0.1055end-0.18_1.22_0.10_-180.39_32.23_-23.05_-9.38_-19.87_38.81_0.7357_0.6636_0.0850_0.1055end-0.47_1.38_0.26_-180.06_19.47_-23.16_-9.38_-19.87_38.81_0.7357_0.6636_0.0850_0.1055end-0.47_1.38_0.26_-179.39_13.54_-23.39_-9.38_-19.87_38.81_0.7136_0.6863_0.0889_0.1087end-0.52_2.01_0.31_-179.39_13.54_-23.39_-10.13_-24.75_34.81_0.7079_0.6921_0.0894_0.1090end-0.96_2.06_0.24_-179.05_2.46_-22.94_-10.13_-24.75_34.81_0.7024_0.6976_0.0897_0.1092end-0.96_2.06_0.24_-178.94_-0.78_-22.16_-10.13_-24.75_34.8,24.18745363,120.73578845,387.55792236328125
725,,24.18745363,120.73578845,387.55792236328125
726,,24.18745363,120.73578845,387.55792236328125
727,1_0.6968_0.7031_0.0898_0.1092end-0.92_2.14_0.17_-178.94_-0.78_-22.16_-9.44_-25.12_35.25_0.6968_0.7031_0.0898_0.1092end-0.92_2.14_0.17_-177.48_-8.73_-19.70_-9.44_-25.12_35.25_0.6911_0.7088_0.0900_0.1091end-0.92_2.14_0.17_-177.48_-8.73_-19.70_-8.00_-26.19_34.31_0.6744_0.7249_0.0900_0.1081end-0.92_2.14_0.17_-176.92_-15.78_-18.02_-8.00_-26.19_34.31_0.6744_0.7249_0.0900_0.1081end-0.92_2.14_0.17_-176.92_-15.78_-18.02_-8.75_-29.31_33.38_0.6686_0.7303_0.0898_0.1075end-0.64_3.35_0.18_-172.67_-25.96_-14.88_-8.75_-29.31_33.38_0.6686_0.7303_0.0898_0.1075end-0.64_3.35_0.18_-172.67_-25.96_-14.88_-8.75_-29.31_33.38_0.6461_0.7510_0.0884_0.1037end-0.77_4.70_0.69_-172.67_-25.96_-14.88_-8.75_-29.31_33.38_0.6406_0.7559_0.0879_0.1025end-0.54_5.04_0.91_-167.63_-28.09_-12.87_-8.75_-29.31_33.38_0.6406_0.7559_0.0879_0.1025end0.55_5.28_2.67_-167.63_-28.09_-12.87_-8.75_-29.31_33,24.18749475,120.73576428,386.73297119140625
728,.38_0.6295_0.7656_0.0869_0.1000end0.55_5.28_2.67_-166.29_-41.96_-8.62_-8.75_-32.13_30.75_0.6240_0.7703_0.0864_0.0985end0.55_5.28_2.67_-166.29_-41.96_-8.62_-8.75_-32.13_30.75_0.6129_0.7798_0.0850_0.0950end-0.32_5.88_1.79_-166.29_-41.96_-8.62_-8.81_-34.19_28.06_0.6129_0.7798_0.0850_0.0950end-0.32_5.88_1.79_-159.69_-42.97_-9.85_-8.81_-34.19_28.06_0.6021_0.7888_0.0835_0.0917end-0.32_5.88_1.79_-156.67_-49.13_-8.50_-7.00_-34.56_27.69_0.6021_0.7888_0.0835_0.0917end-0.32_5.88_1.79_-154.77_-59.09_-6.94_-7.00_-34.56_27.69_0.5914_0.7975_0.0815_0.0875end-0.32_5.88_1.79_-153.65_-66.92_-4.92_-6.69_-34.94_25.44_0.5914_0.7975_0.0815_0.0875end-0.32_5.88_1.79_-151.30_-76.43_-3.13_-7.44_-35.63_26.31_0.5760_0.8100_0.0773_0.0787end-0.26_5.07_3.87_-151.30_-76.43_-3.13_-7.44_-35.63_26.31_0.5760_0.8100_0.0773_0.0787end-0.26_5.07_3.87_-151.30_-76.43_-3.13_-7.44_-35.63_26.31_0.5613_0.8217_0.0721_0.0681end0.16_5.02_4.02_-137.98_-98.37_1.23_-7.44_-35.63_26.31_0.5566_0.8253_0.0702_0.0643end0.16_5.07_3.84_-137.98_-98.37_1.23_-5.94_-36.00_23.62_0.5566_0.8253_0.0702_0.0643end,24.18749475,120.73576428,386.73297119140625
729,,24.18749475,120.73576428,386.73297119140625
730,,24.18749475,120.73576428,386.73297119140625
731,0.01_5.12_3.55_-132.27_-102.39_4.81_-5.94_-36.00_23.62_0.5475_0.8323_0.0663_0.0562end0.01_5.12_3.55_-128.92_-100.83_6.04_-5.62_-37.06_22.75_0.5475_0.8323_0.0663_0.0562end0.01_5.12_3.55_-128.92_-100.83_6.04_-5.62_-37.06_22.75_0.5343_0.8419_0.0609_0.0440end-0.02_6.09_2.52_-128.92_-100.83_6.04_-4.50_-37.75_22.31_0.5343_0.8419_0.0609_0.0440end-0.02_6.09_2.52_-117.05_-71.40_6.15_-4.50_-37.75_22.31_0.5259_0.8477_0.0584_0.0377end-0.18_6.78_4.24_-117.05_-71.40_6.15_-4.50_-37.75_22.31_0.5179_0.8529_0.0568_0.0328end1.25_7.03_3.65_-117.05_-71.40_6.15_-5.25_-39.88_21.44_0.5139_0.8555_0.0562_0.0305end0.48_8.16_2.80_-117.05_-71.40_6.15_-5.25_-39.88_21.44_0.5101_0.8578_0.0556_0.0284end0.48_8.16_2.80_-99.26_-32.23_7.05_-4.87_-39.56_19.25_0.5027_0.8624_0.0549_0.0252end0.37_8.74_2.84_-94.11_-16.79_5.93_-4.87_-39.56_19.25_0.4991_0.8644_0.0549_0.0240end,24.18749475,120.73576428,386.73297119140625
732,,24.18749475,120.73576428,386.73297119140625
733,0.42_8.76_2.82_-91.65_-10.63_6.27_-4.87_-39.56_19.25_0.4956_0.8665_0.0549_0.0232end-0.05_9.02_3.20_-91.65_-10.63_6.27_-4.87_-39.56_19.25_0.4956_0.8665_0.0549_0.0232end-0.05_9.02_3.20_-86.06_-3.13_6.38_-4.19_-40.94_17.87_0.4956_0.8665_0.0549_0.0232end-0.20_9.39_3.43_-86.06_-3.13_6.38_-4.19_-40.94_17.87_0.4825_0.8738_0.0558_0.0211end0.37_9.64_3.29_-77.33_-11.41_6.15_-3.44_-40.69_15.31_0.4825_0.8738_0.0558_0.0211end0.60_9.77_3.33_-74.19_-21.37_5.71_-4.19_-41.63_16.56_0.4825_0.8738_0.0558_0.0211end0.66_10.01_3.40_-70.95_-35.70_6.60_-4.19_-41.63_16.56_0.4738_0.8787_0.0556_0.0181end0.66_10.01_3.40_-64.23_-64.12_7.16_-4.19_-41.63_16.56_0.4711_0.8802_0.0550_0.0161end0.66_10.01_3.40_-64.23_-64.12_7.16_-4.56_-41.69_15.31_0.4688_0.8815_0.0541_0.0136end0.66_10.01_3.40_-58.19_-79.34_6.60_-4.56_-41.69_15.31_0.4644_0.8840_0.0518_0.0075end,24.18749475,120.73576428,386.73297119140625
734,,24.18749475,120.73576428,386.73297119140625
735,,24.18749475,120.73576428,386.73297119140625
736,0.66_10.01_3.40_-55.73_-78.22_5.82_-3.81_-40.94_14.81_0.4644_0.8840_0.0518_0.0075end0.66_10.01_3.40_-51.81_-71.51_5.26_-3.81_-40.94_14.81_0.4604_0.8864_0.0491_0.0010end1.75_10.18_3.15_-51.81_-71.51_5.26_-3.81_-40.94_14.81_0.4569_0.8882_0.0471_-0.0040end1.32_10.43_3.77_-51.81_-71.51_5.26_-3.81_-40.94_14.81_0.4569_0.8882_0.0471_-0.0040end1.48_10.35_4.75_-51.81_-71.51_5.26_-3.81_-40.94_14.81_0.4569_0.8882_0.0471_-0.0040end1.48_10.35_4.75_-51.81_-71.51_5.26_-3.87_-42.00_14.81_0.4525_0.8906_0.0457_-0.0077end1.48_10.35_4.75_-51.81_-71.51_5.26_-3.87_-42.00_14.81_0.4501_0.8918_0.0457_-0.0076end1.11_10.43_4.41_-51.81_-71.51_5.26_-3.87_-42.00_14.81_0.4492_0.8922,24.18749475,120.73576428,386.73297119140625
737,_0.0460_-0.0068end0.84_10.64_4.15_-51.81_-71.51_5.26_-3.87_-42.00_14.81_0.4492_0.8922_0.0460_-0.0068end0.93_10.90_4.13_-51.81_-71.51_5.26_-3.87_-42.38_13.94_0.4492_0.8922_0.0460_-0.0068end,24.18749475,120.73576428,386.73297119140625
738,,24.18749475,120.73576428,386.73297119140625
739,0.93_10.90_4.13_-5.37_54.50_-5.71_-3.87_-42.38_13.94_0.4492_0.8922_0.0460_-0.0068end0.93_10.90_4.13_-5.37_54.50_-5.71_-3.50_-42.75_14.38_0.4464_0.8935_0.0496_0.0023end0.65_11.11_4.18_-5.37_54.50_-5.71_-3.50_-42.75_14.38_0.4462_0.8935_0.0504_0.0047end0.57_10.96_4.20_6.38_61.32_-6.71_-3.50_-42.75_14.38_0.4462_0.8935_0.0504_0.0047end0.39_10.93_4.31_9.62_62.22_-7.16_-3.50_-42.75_14.38_0.4462_0.8935_0.0504_0.0047end0.39_10.93_4.31_16.00_55.84_-7.72_-3.50_-42.75_14.38_0.4466_0.8931_0.0532_0.0123end0.45_10.50_3.79_16.00_55.84_-7.72_-3.50_-42.75_14.38_0.4476_0.8924_0.0547_0.0170end0.55_10.39_3.98_16.00_55.84_-7.72_-3.50_-42.75_14.38_0.4483_0.8920_0.0552_0.0189end0.76_10.30_4.35_16.00_55.84_-7.72_-3.50_-42.75_14.38_0.4492_0.8915_0.0555_0.0204end0.86_10.31_4.70_16.00_55.84_-7.72_-4.56_-42.38_14.81_0.4492_0.8915_0.0555_0.0204end,24.18749475,120.73576428,386.73297119140625
740,,24.18749475,120.73576428,386.73297119140625
741,,24.18749475,120.73576428,386.73297119140625
742,,24.18749475,120.73576428,386.73297119140625
743,0.86_10.31_4.70_16.00_55.84_-7.72_-4.19_-40.69_13.13_0.4529_0.8895_0.0554_0.0229end0.95_10.37_5.05_16.00_55.84_-7.72_-4.19_-40.69_13.13_0.4529_0.8895_0.0554_0.0229end0.92_10.37_5.02_16.00_55.84_-7.72_-4.19_-40.69_13.13_0.4529_0.8895_0.0554_0.0229end0.77_10.58_4.66_16.00_55.84_-7.72_-4.19_-40.69_13.13_0.4529_0.8895_0.0554_0.0229e,24.18749475,120.73576428,386.73297119140625
744,nd0.76_10.98_4.51_58.75_39.28_-11.53_-4.56_-41.31_15.31_0.4529_0.8895_0.0554_0.0229end0.76_11.19_4.47_62.11_45.66_-12.20_-4.56_-41.31_15.31_0.4642_0.8835_0.0554_0.0302end0.76_11.19_4.47_62.11_45.66_-12.20_-4.19_-40.69_15.69_0.4664_0.8822_0.0558_0.0324end0.71_11.79_4.00_62.11_45.66_-12.20_-4.19_-40.69_15.69_0.4689_0.8808_0.0563_0.0347end0.69_11.92_3.94_62.11_45.66_-12.20_-4.19_-40.69_15.69_0.4715_0.8793_0.0568_0.0372end0.70_12.19_3.77_76.32_50.47_-11.97_-4.19_-40.69_15.69_0.4769_0.8760_0.0577_0.0418end0.71_12.37_3.73_76.32_50.47_-11.97_-4.19_-40.69_15.69_0.4800_0.8743_0.0580_0.0441end0.68_12.66_3.27_76.32_50.47_-11.97_-4.19_-40.69_15.69_0.4800_0.8743_0.0580_0.0441end0.57_12.68_2.89_87.73_35.47_-11.30_-4.19_-40.69_15.69_0.4800_0.8743_0.0580_0.0441end0.57_12.68_2.89_87.73_35.47_-11.30_-4.56_-40.25_18.37_0.4893_0.8687_0.0585_0.0,24.18749475,120.73576428,386.73297119140625
745,497end9.63_-9.27_25.04_87.73_35.47_-11.30_-4.56_-40.25_18.37_0.4977_0.8638_0.0585_0.0529end9.63_-9.27_25.04_36.15_69.05_-1.45_-4.19_-39.56_18.87_0.5016_0.8613_0.0590_0.0549end-6.20_3.84_25.06_4.14_85.50_-2.69_-4.19_-39.56_18.87_0.5016_0.8613_0.0590_0.0549end2.12_8.59_9.92_4.14_85.50_-2.69_-4.19_-39.56_18.87_0.5048_0.8587_0.0625_,24.18749475,120.73576428,386.73297119140625
746,0.0632end-1.21_7.72_19.51_4.14_85.50_-2.69_-4.19_-39.56_18.87_0.5054_0.8581_0.0630_0.0656end-1.91_6.88_5.37_4.14_85.50_-2.69_-4.19_-39.56_18.87_0.5054_0.8581_0.0630_0.0656end0.84_6.35_6.34_62.67_1.68_-8.06_-4.19_-39.56_18.87_0.5054_0.8581_0.0630_0.0656end0.84_6.35_6.34_72.40_-22.72_-4.59_-4.19_-39.56_18.87_0.5103_0.8549_0.0630_0.0699end-0.75_7.58_3.96_72.40_-22.72_-4.59_-4.19_-39.56_18.87_0.5156_0.8519_0.0613_0.0692end-0.50_8.37_5.65_72.40_-22.72_-4.59_-4.19_-39.56_18.87_0.5184_0.8503_0.0601_0.0681end-0.69_8.00_7.08_74.19_-36.82_-4.70_-4.19_-39.56_18.87_0.5184_0.8503_0.0601_0.0681end-0.75_8.04_7.90_74.19_-36.82_-4.70_-4.19_-39.56_18.87_0.5264_0.8458_0.0568_0.0656end-0.73_7.71_6.57_74.19_-36.82_-4.70_-4.50_-38.13_21.94_0.5286_0.8445_0.0561_0.0656end0.05_7.79_5.51_74.19_-36.82_-4.70_-4.50_-38.13_21.94_0.5286_0.8445_0.0561_0.0656end-0.58_7.72_2.88_61.55_20.70_-10.30_-4.50_-38.13_21.94_0.5286_0.8445_0.0561_0.0656end-0.58_7.72_2.88_61.55_20.70_-10.30_-4.87_-37.75_22.31_0.5351_0.8401_0.0555_0.0685end,24.18749475,120.73576428,386.73297119140625
747,,24.18749475,120.73576428,386.73297119140625
748,-1.10_7.80_1.61_64.12_26.75_-8.06_-4.87_-37.75_22.31_0.5397_0.8370_0.0557_0.0712end-1.10_7.80_1.61_65.69_23.84_-6.38_-4.87_-37.44_21.94_0.5397_0.8370_0.0557_0.0712end-1.37_7.96_1.43_65.69_23.84_-6.38_-4.87_-37.44_21.94_0.5397_0.8370_0.0557_0.0712end-1.37_7.96_1.43_63.79_27.75_-7.16_-4.87_-37.44_21.94_0.5466_0.8322_0.0561_0.0748end-1.37_7.96_1.43_63.79_27.75_-7.16_-4.50_-38.13_22.75_0.5488_0.8306_0.0563_0.0760end-1.37_7.96_1.43_62.78_25.96_-7.27_-4.50_-38.13_22.75_0.5510_0.8290_0.0565_0.0773end-1.45_8.21_1.58_62.22_21.15_-7.61_-3.75_-37.75_24.12_0.5510_0.8290_0.0565_0.0773end-1.37_8.20_1.62_61.88_-6.83_-4.70_-3.75_-37.75_24.12_0.5510_0.8290_0.0565_0.0773end-1.37_8.20_1.62_61.66_-15.55_-4.14_-3.75_-37.75_24.12_0.5620_0.8214_0.0551_0.0801end-1.00_8.30_2.39_61.66_-15.55_-4.14_-4.12_-37.38_25.88_0.5642_0.8200_0.0543_0.0796end,24.18749475,120.73576428,386.73297119140625
749,,24.18749475,120.73576428,386.73297119140625
750,,24.18749475,120.73576428,386.73297119140625
751,-1.16_8.35_2.80_61.66_-15.55_-4.14_-4.12_-37.38_25.88_0.5664_0.8186_0.0532_0.0788end-1.04_8.38_3.88_61.66_-15.55_-4.14_-4.12_-37.38_25.88_0.5664_0.8186_0.0532_0.0788end-1.03_8.33_4.18_61.66_-15.55_-4.14_-4.12_-35.94_25.88_0.5710_0.8159_0.0506_0.0765end-0.88_8.39_4.52_61.66_-15.55_-4.14_-4.12_-35.94_25.88_0.5756_0.8130_0.0472_0.0735end-0.71_8.38_4.86_61.66_-15.55_-4.14_-4.12_-35.94_25.88_0.5778_0.8117_0.0455_0.0718end-0.73_8.38_5.09_61.66_-15.55_-4.14_-4.12_-35.94_25.88_0.5801_0.8103_0.0436_0.0701end-0.47_8.39_5.77_61.66_-15.55_-4.14_-4.12_-35.94_25.88_0.5824_0.8090_0.0418_0.0684end-0.47_8.31_5.77_63.56_-53.83_-5.37_-4.12_-35.94_25.88_0.5824_0.8090_0.0418_0.0684end-0.45_8.31_5.76_63.56_-53.83_-5.37_-3.75_-35.94_26.81_0.5824_0.8090_0.0418_0.0684end-0.45_8.31_5.76_63.56_-53.83_-5.37_-4.06_-34.50_28.12_0.5918_0.8029_0.0355_0.0629end,24.18749475,120.73576428,386.73297119140625
752,-0.48_8.24_5.36_63.56_-53.83_-5.37_-4.06_-34.50_28.12_0.5918_0.8029_0.0355_0.0629end-0.43_8.22_5.19_63.56_-53.83_-5.37_-4.06_-34.50_28.12_0.5964_0.7996_0.0338_0.0624end-0.42_8.17_4.86_68.60_7.72_-8.17_-4.06_-34.50_28.12_0.5964_0.7996_0.0338_0.0624end-0.48_8.17_4.77_69.49_17.57_-8.28_-4.06_-34.50_28.12_0.6035_0.7941_0.0333_0.0645,24.18749475,120.73576428,386.73297119140625
753,end-0.45_8.16_4.31_70.50_32.12_-8.06_-4.06_-34.50_28.12_0.6058_0.7922_0.0336_0.0658end-0.54_8.12_3.70_70.50_32.12_-8.06_-4.06_-34.50_28.12_0.6083_0.7902_0.0341_0.0673end-0.64_8.13_3.52_71.28_38.61_-7.61_-4.06_-34.50_28.12_0.6083_0.7902_0.0341_0.0673end-0.64_8.13_3.52_71.28_38.61_-7.61_-2.94_-32.44_29.87_0.6130_0.7861_0.0351_0.0706end-0.64_8.13_3.52_72.96_40.29_-7.05_-2.94_-32.44_29.87_0.6154_0.7841_0.0357_0.0723end-0.64_8.13_3.52_73.19_41.41_-6.71_-2.94_-32.44_29.87_0.6154_0.7841_0.0357_0.0723end,24.18749475,120.73576428,386.73297119140625
754,,24.18749475,120.73576428,386.73297119140625
755,-0.64_8.13_3.52_72.85_42.30_-6.15_-2.94_-32.44_29.87_0.6226_0.7778_0.0376_0.0773end-0.85_8.14_1.53_72.85_42.30_-6.15_-2.94_-32.44_29.87_0.6250_0.7756_0.0383_0.0790end-0.85_8.14_1.53_72.63_46.55_-4.48_-2.94_-32.44_29.87_0.6250_0.7756_0.0383_0.0790end-0.85_8.14_1.53_71.96_47.67_-3.92_-2.94_-32.44_29.87_0.6321_0.7692_0.0408_0.0845end-0.94_8.18_1.16_71.96_47.67_-3.92_-2.94_-32.44_29.87_0.6344_0.7670_0.0417_0.0863end-1.01_8.23_1.16_71.96_47.67_-3.92_-4.44_-32.44_31.69_0.6344_0.7670_0.0417_0.0863end-1.33_8.18_1.08_71.51_48.90_-2.69_-4.44_-32.44_31.69_0.6344_0.7670_0.0417_0.0863end-1.33_8.18_1.08_71.51_48.90_-2.69_-5.12_-31.06_30.81_0.6413_0.7604_0.0447_0.091,24.18749475,120.73576428,386.73297119140625
756,8end-1.43_8.20_0.72_73.30_52.82_-3.69_-5.12_-31.06_30.81_0.6459_0.7560_0.0468_0.0957end-1.33_8.20_0.89_73.30_52.82_-3.69_-5.12_-31.06_30.81_0.6483_0.7536_0.0479_0.0977end,24.18749475,120.73576428,386.73297119140625
757,,24.18749475,120.73576428,386.73297119140625
758,,24.18749475,120.73576428,386.73297119140625
759,,24.18749475,120.73576428,386.73297119140625
760,-1.18_8.27_1.12_73.30_52.82_-3.69_-5.12_-31.06_30.81_0.6483_0.7536_0.0479_0.0977end-1.20_8.28_1.37_73.30_52.82_-3.69_-4.75_-31.00_32.06_0.6483_0.7536_0.0479_0.0977end-1.22_8.28_1.46_74.64_43.87_0.34_-4.75_-31.00_32.06_0.6576_0.7443_0.0518_0.1047end-1.32_8.30_1.73_74.64_43.87_0.34_-5.12_-31.37_32.94_0.6599_0.7419_0.0527_0.1063end-1.32_8.30_1.73_73.52_41.63_0.34_-6.94_-29.63_33.44_0.6622_0.7396_0.0536_0.1077end-1.16_8.24_1.45_73.52_41.63_0.34_-6.94_-29.63_33.44_0.6622_0.7396_0.0536_0.1077end-1.05_8.21_1.04_73.52_41.63_0.34_-6.94_-29.63_33.44_0.6690_0.7327_0.0559_0.1118end-1.00_8.21_0.84_73.52_41.63_0.34_-6.56_-28.56_33.44_0.6714_0.7303_0.0565_0.1130end-1.04_8.22_0.57_73.75_24.84_2.80_-6.56_-28.56_33.44_0.6714_0.7303_0.0565_0.1130end-1.04_8.22_0.57_74.64_23.28_3.36_-6.56_-28.56_33.44_0.6760_0.7257_0.0574_0.1147end,24.18749475,120.73576428,386.73297119140625
761,-1.18_8.22_0.06_74.64_23.28_3.36_-6.19_-27.87_33.88_0.6760_0.7257_0.0574_0.1147end-1.18_8.22_0.06_74.31_26.63_2.57_-6.19_-27.87_33.88_0.6829_0.7187_0.0588_0.1174end-1.18_8.22_0.06_73.63_31.33_2.91_-6.56_-28.19_33.88_0.6829_0.7187_0.0588_0.1174end-0.84_8.22_-0.50_73.19_32.45_3.02_-6.56_-28.19_33.88_0.6829_0.7187_0.0588_0.1174end-0.84_8.22_-0.50_73.19_32.45_3.02_-6.94_-26.87_34.31_0.6917_0.7092_0.0615_0.1217end-0.77_8.25_-0.91_73.19_32.45_3.02_-6.94_-26.87_34.31_0.6939_0.7068_0.0623_0.1227end-0.92_8.29_-0.77_73.19_32.45_3.02_-6.94_-26.87_34.31_0.6961_0.7043_0.0630_0.1238end-1.06_8.29_-0.95_73.19_32.45_3.02_-7.31_-26.50_35.19_0.6961_0.7043_0.0630_0.1238end-0.98_8.37_-1.16_73.19_32.45_3.02_-7.31_-26.50_35.19_0.7025_0.6971_0.0656_0.1271end-0.98_8.37_-1.16_73.19_32.45_3.02_-7.25_-25.12_34.81_0.7046_0.6948_0.0664_0.1282end,24.18749475,120.73576428,386.73297119140625
762,,24.18749475,120.73576428,386.73297119140625
763,-1.20_7.91_-1.48_73.19_32.45_3.02_-7.25_-25.12_34.81_0.7067_0.6923_0.0673_0.1293end-1.07_8.46_-1.47_71.51_35.47_6.49_-7.25_-25.12_34.81_0.7067_0.6923_0.0673_0.1293end-1.07_8.46_-1.47_71.06_33.91_7.16_-7.25_-25.12_34.81_0.7130_0.6850_0.0699_0.1326end-1.14_8.44_-1.51_71.06_33.91_7.16_-8.69_-24.06_35.69_0.7150_0.6826_0.0708_0.1335end-1.16_8.37_-1.73_70.05_27.64_8.28_-8.69_-24.06_35.69_0.7150_0.6826_0.0708_0.1335end-1.16_8.37_-1.73_70.05_27.64_8.28_-8.69_-24.06_35.69_0.7212_0.6754_0.0726_0.1356end-1.16_8.34_-1.63_70.05_27.64_8.28_-8.69_-24.06_35.69_0.7233_0.6731_0.0730_0.1359end-0.91_8.31_-1.59_69.16_4.03_9.18_-8.69_-24.06_35.69_0.7233_0.6731_0.0730_0.1359,24.18749475,120.73576428,386.73297119140625
764,end-0.81_8.33_-1.63_69.16_4.03_9.18_-8.31_-22.62_37.06_0.7295_0.6665_0.0725_0.1357end-0.70_8.33_-1.70_69.16_4.03_9.18_-8.31_-22.62_37.06_0.7316_0.6643_0.0718_0.1351end,24.18749475,120.73576428,386.73297119140625
765,,24.18749475,120.73576428,386.73297119140625
766,-0.60_8.34_-1.71_69.16_4.03_9.18_-8.25_-21.94_37.94_0.7316_0.6643_0.0718_0.1351end-0.36_8.33_-1.91_69.16_4.03_9.18_-8.25_-21.94_37.50_0.7316_0.6643_0.0718_0.1351end-0.36_8.33_-1.91_67.59_-34.47_9.29_-8.25_-21.94_37.50_0.7358_0.6603_0.0697_0.1332end-0.19_8.30_-2.32_66.70_-37.71_8.84_-8.25_-21.94_37.50_0.7421_0.6543_0.0658_0.1298end-0.19_8.30_-2.32_65.46_-28.87_8.28_-8.25_-21.94_37.50_0.7421_0.6543_0.0658_0.1298end-0.19_8.30_-2.32_65.46_-28.87_8.28_-8.25_-21.94_37.50_0.7441_0.6523_0.0646_0.1288end0.18_8.31_-3.29_65.46_-28.87_8.28_-8.25_-21.94_37.50_0.7461_0.6503_0.0637_0.1280end0.18_8.31_-3.29_65.46_-28.87_8.28_-7.94_-19.81_39.31_0.7518_0.6440_0.0622_0.1271end0.16_8.27_-3.78_65.46_-28.87_8.28_-7.94_-19.81_39.31_0.7536_0.6418_0.0622_0.1273end0.23_8.26_-4.04_65.46_-28.87_8.28_-6.81_-18.81_38.44_0.7536_0.6418_0.0622_0.1273end,24.18749475,120.73576428,386.73297119140625
767,,24.18749475,120.73576428,386.73297119140625
768,0.14_8.30_-4.28_64.23_18.46_6.04_-6.81_-18.81_38.44_0.7536_0.6418_0.0622_0.1273end0.06_8.33_-4.33_64.23_18.46_6.04_-6.81_-18.81_38.44_0.7607_0.6329_0.0637_0.1291end0.00_8.37_-4.25_64.23_18.46_6.04_-6.81_-18.81_38.44_0.7625_0.6306_0.0642_0.1296end-0.13_8.39_-4.26_64.23_18.46_6.04_-6.81_-18.81_38.44_0.7643_0.6283_0.0648_0.1302end-,24.18749475,120.73576428,386.73297119140625
769,,24.18749475,120.73576428,386.73297119140625
770,0.29_8.46_-3.94_64.23_18.46_6.04_-6.81_-18.81_38.44_0.7676_0.6238_0.0660_0.1313end-0.33_8.41_-3.81_61.88_24.06_5.48_-6.81_-18.81_38.44_0.7693_0.6215_0.0666_0.1320end-0.42_8.54_-3.69_61.88_24.06_5.48_-7.94_-17.75_38.88_0.7693_0.6215_0.0666_0.1320end-0.43_8.42_-3.74_61.88_24.06_5.48_-8.25_-17.00_40.25_0.7693_0.6215_0.0666_0.1320end-0.47_8.42_-3.89_61.88_24.06_5.48_-8.25_-17.00_40.25_0.7758_0.6127_0.0690_0.1344end-0.65_8.46_-4.08_61.88_24.06_5.48_-8.94_-16.31_41.06_0.7773_0.6105_0.0696_0.1349end,24.18749475,120.73576428,386.73297119140625
771,-0.84_8.43_-4.20_61.88_24.06_5.48_-8.94_-16.31_41.06_0.7788_0.6084_0.0702_0.1355end-0.92_8.44_-4.20_58.53_26.30_6.94_-8.94_-16.31_41.06_0.7788_0.6084_0.0702_0.1355end-0.97_8.44_-4.13_58.53_26.30_6.94_-8.94_-16.31_41.06_0.7819_0.6040_0.0717_0.1367end-0.97_8.44_-4.13_58.53_26.30_6.94_-8.94_-16.31_41.06_0.7834_0.6018_0.0724_0.1374end-0.97_8.44_-4.13_58.53_26.30_6.94_-10.06_-14.94_40.19_0.7864_0.5975_0.0739_0.1385end-1.07_8.46_-3.85_58.53_26.30_6.94_-9.31_-15.25_40.69_0.7864_0.5975_0.0739_0.1385end-1.16_8.43_-3.71_58.53_26.30_6.94_-9.31_-15.25_40.69_0.7893_0.5932_0.0751_0.1395end-1.24_8.43_-3.61_56.62_16.56_9.18_-10.06_-14.56_40.31_0.7893_0.5932_0.0751_0.1395end-1.24_8.43_-3.61_56.18_11.75_9.85_-10.06_-14.56_40.31_0.7923_0.5890_0.0760_0.1400end-1.24_8.43_-3.61_56.18_11.75_9.85_-10.38_-14.56_41.13_0.7937_0.5870_0.0764_0.1402end,24.18749475,120.73576428,386.73297119140625
772,,24.18749475,120.73576428,386.73297119140625
773,,24.18749475,120.73576428,386.73297119140625
774,,24.18749475,120.73576428,386.73297119140625
775,,24.18749475,120.73576428,386.73297119140625
776,,24.18749475,120.73576428,386.73297119140625
777,-1.24_8.43_-3.61_56.40_6.38_9.96_-10.38_-14.56_41.13_0.7967_0.5828_0.0768_0.1404end-1.24_8.43_-3.61_56.18_3.02_10.52_-9.63_-13.94_41.13_0.7967_0.5828_0.0768_0.1404end-1.24_8.43_-3.61_56.51_-0.56_11.19_-9.63_-13.94_41.13_0.7996_0.5789_0.0769_0.1401end-1.16_8.29_-2.80_56.51_-0.56_11.19_-9.63_-13.94_41.13_0.8027_0.5748_0.0765_0.139,24.18749475,120.73576428,386.73297119140625
778,5end-1.03_8.31_-2.82_56.51_-0.56_11.19_-9.63_-13.94_41.13_0.8027_0.5748_0.0765_0.1395end-0.89_8.25_-3.00_56.51_-0.56_11.19_-9.63_-13.94_41.13_0.8073_0.5690_0.0748_0.1377end-0.82_8.21_-3.09_56.51_-0.56_11.19_-10.00_-12.50_41.63_0.8088_0.5671_0.0739_0.1368end-0.75_8.18_-3.29_56.51_-0.56_11.19_-10.00_-12.50_41.63_0.8104_0.5653_0.07,24.18749475,120.73576428,386.73297119140625
779,28_0.1359end-0.37_8.09_-3.82_56.51_-0.56_11.19_-10.00_-12.50_41.63_0.8104_0.5653_0.0728_0.1359end-0.27_8.06_-3.99_55.28_-42.75_11.86_-8.88_-12.13_42.50_0.8104_0.5653_0.0728_0.1359end-0.11_8.07_-4.11_55.17_-46.44_11.75_-8.88_-12.13_42.50_0.8167_0.5582_0.0667_0.1307end-0.05_8.01_-4.25_55.17_-46.44_11.75_-8.88_-12.13_42.50_0.8182_0.5565_0.0649_0.1292end0.08_8.01_-4.43_55.62_-48.23_10.74_-8.88_-12.13_42.50_0.8182_0.5565_0.0649_0.1292end0.35_7.97_-4.74_55.62_-48.23_10.74_-8.88_-12.13_42.50_0.8214_0.5529_0.0613_0.1264end0.49_7.99_-4.75_55.51_-36.37_9.29_-8.88_-12.13_42.50_0.8214_0.5529_0.0613_0.1264end0.55_7.97_-4.90_55.51_-36.37_9.29_-8.88_-12.13_42.50_0.8258_0.5474_0.0569_0.1230end0.54_7.97_-4.95_54.83_-23.84_8.62_-8.88_-12.13_42.50_0.8273_0.5455_0.0558_0.1222end0.56_7.93_-5.01_54.83_-23.84_8.62_-8.88_-12.13_42.50_0.8287_0.5436_0.0551_0.1215end0.53_7.91_-5.07_54.83_-23.84_8.62_-8.88_-12.13_42.50_0.8301_0.5417_0.0545_0.1210end0.53_7.91_-5.07_54.83_-23.84_8.62_-7.81_-8.63_41.69_0.8328_0.5376_0.0541_0.1206end,24.18749475,120.73576428,386.73297119140625
780,,24.18749475,120.73576428,386.73297119140625
781,0.37_7.88_-5.05_55.17_11.86_7.50_-7.81_-8.63_41.69_0.8328_0.5376_0.0541_0.1206end0.18_7.87_-4.96_55.17_11.86_7.50_-7.81_-8.63_41.69_0.8354_0.5334_0.0547_0.1208end0.09_7.90_-4.81_54.95_23.95_6.83_-7.81_-8.63_41.69_0.8367_0.5312_0.0553_0.1212end0.09_7.90_-4.81_54.83_24.95_7.27_-7.81_-8.63_41.69_0.8392_0.5270_0.0568_0.1220end-0.17_7.80_-4.55_54.83_24.95_7.27_-7.81_-8.63_41.69_0.8405_0.5247_0.0576_0.1224end-0.35_7.82_-4.41_54.83_24.95_7.27_-8.88_-6.62_42.13_0.8405_0.5247_0.0576_0.1224end-0.35_7.82_-4.41_54.95_16.67_7.61_-8.88_-6.62_42.13_0.8442_0.5182_0.0595_0.1235end-0.50_7.71_-4.21_54.95_16.67_7.61_-9.25_-8.00_43.44_0.8442_0.5182_0.0595_0.1235end-0.50_7.71_-4.21_55.39_10.41_8.06_-9.25_-8.00_43.44_0.8455_0.5161_0.0599_0.1237end-0.50_7.71_-4.21_55.39_10.41_8.06_-9.25_-8.00_43.44_0.8480_0.5118_0.0604_0.1238end,24.18749475,120.73576428,386.73297119140625
782,,24.18749475,120.73576428,386.73297119140625
783,-0.50_7.71_-4.21_55.84_5.48_8.28_-9.25_-8.00_43.44_0.8492_0.5097_0.0605_0.1238end-0.96_7.61_-3.73_55.84_5.48_8.28_-9.25_-8.00_43.44_0.8505_0.5076_0.0606_0.1237end-0.96_7.61_-3.73_57.41_5.48_9.18_-9.25_-8.00_43.44_0.8531_0.5032_0.0608_0.1236end-1.56_7.53_-2.82_57.41_5.48_9.18_-9.25_-8.00_43.44_0.8531_0.5032_0.0608_0.1236end-1.64_7.44_-2.59_57.41_5.48_9.18_-8.44_-5.19_43.00_0.8571_0.4965_0.0613_0.1234end-1.75_7.37_-2.24_57.41_5.48_9.18_-8.44_-5.19_43.00_0.8571_0.4965_0.0613_0.1234end-1.85_7.29_-1.97_60.54_15.11_11.19_-8.44_-5.19_43.00_0.8571_0.4965_0.0613_0.1234end-1.86_7.24_-1.85_60.54_15.11_11.19_-9.56_-4.87_41.75_0.8624_0.4868_0.0632_0.1237end-1.94_7.18_-1.80_63.00_21.26_13.09_-9.56_-4.87_41.75_0.8638_0.4843_0.0640_0.1238end-1.94_7.01_-1.63_63.00_21.26_13.09_-9.56_-4.50_40.38_0.8638_0.4843_0.0640_0.1238end,24.18749475,120.73576428,386.73297119140625
784,,24.18749475,120.73576428,386.73297119140625
785,,24.18749475,120.73576428,386.73297119140625
786,-1.94_7.01_-1.63_65.02_24.40_14.32_-9.56_-3.12_42.19_0.8638_0.4843_0.0640_0.1238end-1.94_7.01_-1.63_66.14_25.51_14.66_-9.56_-3.12_42.19_0.8693_0.4737_0.0674_0.1244end-1.94_7.01_-1.63_66.14_25.51_14.66_-10.31_-3.44_41.75_0.8706_0.4710_0.0684_0.1245end-1.78_6.64_-2.30_66.14_25.51_14.66_-10.31_-3.44_41.75_0.8721_0.4681_0.0693_0.1246end-1.71_6.60_-2.64_68.37_24.06_17.46_-10.31_-3.44_41.75_0.8721_0.4681_0.0693_0.1246end-1.71_6.60_-2.64_68.37_24.06_17.46_-10.31_-3.44_41.75_0.8763_0.4597_0.0718_0.1246end-1.80_6.43_-4.03_68.37_24.06_17.46_-9.88_-1.69_41.75_0.8777_0.4570_0.0724_0.1245end-1.67_6.47_-5.54_68.37_24.06_17.46_-9.88_-1.69_41.75_0.8777_0.4570_0.0724_0.1245end-1.59_7.79_-6.47_67.37_0.22_18.13_-9.88_-1.69_41.75_0.8777_0.4570_0.0724_0.1245end-1.08_10.92_-7.60_67.37_0.22_18.13_-9.88_-1.69_41.75_0.8834_0.4462_0.0732_0.1229end,24.18749475,120.73576428,386.73297119140625
787,,24.18749475,120.73576428,386.73297119140625
788,,24.18749475,120.73576428,386.73297119140625
789,-0.43_15.51_-8.75_67.37_0.22_18.13_-10.63_-0.37_40.50_0.8848_0.4436_0.0729_0.1223end-1.07_14.96_-3.71_64.68_-11.41_16.67_-10.25_0.31_41.81_0.8848_0.4436_0.0729_0.1223end2.41_21.98_-14.07_64.68_-11.41_16.67_-11.75_0.31_41.81_0.8848_0.4436_0.0729_0.1223end-0.50_19.58_-6.48_65.69_-24.62_21.37_-11.75_0.31_41.81_0.8848_0.4436_0.0729_0.1223end-0.50_19.58_-6.48_38.61_-16.34_19.25_-11.75_0.31_41.81_0.8903_0.4341_0.0701_0.1187end-0.50_19.58_-6.48_38.61_-16.34_19.25_-11.31_1.37_42.25_0.8914_0.4322_0.0694_0.1176end-0.50_19.58_-6.48_58.19_11.08_20.59_-11.31_1.37_42.25_0.8936_0.4280_0.0696_0.1163end-0.50_19.58_-6.48_44.99_34.47_19.14_-11.31_2.06_41.37_0.8936_0.4280_0.0696_0.1163end-0.50_19.58_-6.48_42.64_57.30_19.47_-11.31_2.06_41.37_0.8953_0.4238_0.0725_0.1164end-1.12_25.48_-8.25_42.64_57.30_19.47_-11.31_2.06_41.37_0.8964_0.4202_0.0784_0.1177end,24.18749475,120.73576428,386.73297119140625
790,,24.18749475,120.73576428,386.73297119140625
791,-1.39_24.12_-8.71_42.64_57.30_19.47_-11.31_2.06_41.37_0.8964_0.4202_0.0784_0.1177end-1.10_22.08_-8.91_22.60_88.07_22.72_-11.31_2.06_41.37_0.8964_0.4202_0.0784_0.1177end-1.10_22.08_-8.91_15.89_73.75_24.28_-12.44_3.50_41.88_0.8971_0.4156_0.0894_0.1202end-1.10_22.08_-8.91_11.41_60.65_24.95_-12.44_3.50_41.88_0.8974_0.4134_0.0959_0.1210end-1.43_19.96_-7.83_11.41_60.65_24.95_-12.44_3.50_41.88_0.8975_0.4126_0.0983_0.1210end-1.47_18.34_-6.89_11.41_60.65_24.95_-12.44_3.50_41.88_0.8975_0.4126_0.0983_0.1210end-1.41_17.86_-6.64_11.41_60.65_24.95_-11.31_3.81_42.31_0.8975_0.4126_0.0983_0.1210end-1.41_17.86_-6.64_11.41_60.65_24.95_-12.44_3.81_42.31_0.8981_0.4116_0.10,24.18749475,120.73576428,386.73297119140625
792,16_0.1172end-1.51_16.87_-7.70_11.41_60.65_24.95_-12.44_3.81_42.31_0.8983_0.4119_0.1009_0.1154end-1.14_16.54_-8.60_11.41_60.65_24.95_-11.69_4.19_41.88_0.8983_0.4119_0.1009_0.1154end,24.18749475,120.73576428,386.73297119140625
793,,24.18749475,120.73576428,386.73297119140625
794,,24.18749475,120.73576428,386.73297119140625
795,-0.80_16.45_-8.85_-16.56_-51.70_32.23_-11.69_4.19_41.88_0.8983_0.4119_0.1009_0.1154end-0.80_16.45_-8.85_-16.56_-51.70_32.23_-11.31_4.19_43.63_0.8985_0.4150_0.0956_0.1064end-0.25_16.13_-9.30_-16.56_-51.70_32.23_-11.31_4.19_43.63_0.8984_0.4161_0.0941_0.1039end0.18_15.92_-9.21_-16.56_-51.70_32.23_-11.31_4.19_43.63_0.8984_0.4161_0.0941_0.1039end0.33_15.71_-9.24_-16.56_-51.70_32.23_-10.25_3.12_42.38_0.8975_0.4205_0.0903_0.0969end0.46_15.58_-9.38_-47.78_-39.84_32.01_-10.25_3.12_42.38_0.8975_0.4205_0.0903_0.0969end0.56_15.27_-9.63_-47.78_-39.84_32.01_-10.25_3.12_42.38_0.8970_0.4224_0.0895_0.0947end0.65_14.98_-9.70_-47.78_-39.84_32.01_-10.25_3.12_42.38_0.8956_,24.18749475,120.73576428,386.73297119140625
796,,24.18749475,120.73576428,386.73297119140625
797,,24.18749475,120.73576428,386.73297119140625
798,0.4265_0.0881_0.0904end0.65_14.98_-9.70_-47.78_-39.84_32.01_-9.88_2.06_41.88_0.8939_0.4313_0.0865_0.0861end1.46_13.94_-9.42_-47.78_-39.84_32.01_-9.88_2.06_41.88_0.8929_0.4340_0.0855_0.0839end1.87_13.49_-9.06_-47.78_-39.84_32.01_-9.88_2.06_41.88_0.8918_0.4370_0.0842_0.0815end2.08_13.30_-8.88_-83.82_-70.72_24.73_-9.88_2.06_41.88_0.8918_0.4370_0.0842_0.0815end2.08_13.30_-8.88_-83.82_-70.72_24.73_-9.88_2.06_41.88_0.8881_0.4468_0.0787_0.0738end2.66_12.91_-8.45_-83.82_-70.72_24.73_-8.38_1.75_43.63_0.8867_0.4504_0.0764_0.0712end2.95_12.70_-8.04_-83.82_-70.72_24.73_-8.38_1.75_43.63_0.8851_0.4543_0.0739_0.0684end3.53_12.41_-7.16_-83.82_-70.72_24.73_-8.38_1.75_43.63_0.8818_0.4622_0.0689_0.0630end3.20_12.12_-6.66_-107.77_-80.91_17.57_-7.37_-0.31_42.25_0.8818_0.4622_0.0689_0.0630end3.20_12.12_-6.66_-111.23_-75.09_15.44_-7.37_-0.31_42.25_0.8780_0.4709_,24.18749475,120.73576428,386.73297119140625
799,0.0640_0.0578end2.70_11.31_-6.43_-111.23_-75.09_15.44_-7.37_-0.31_42.25_0.8780_0.4709_0.0640_0.0578end2.47_10.37_-6.45_-118.28_-59.65_11.97_-7.37_-0.31_42.25_0.8780_0.4709_0.0640_0.0578end,24.18749475,120.73576428,386.73297119140625
800,,24.18749475,120.73576428,386.73297119140625
801,2.31_9.86_-6.48_-118.28_-59.65_11.97_-5.94_-3.06_44.38_0.8689_0.4893_0.0568_0.0496end2.18_9.27_-6.48_-128.02_-49.46_8.06_-5.94_-3.06_44.38_0.8663_0.4941_0.0554_0.0480end1.66_8.05_-6.34_-128.02_-49.46_8.06_-7.06_-2.69_43.56_0.8663_0.4941_0.0554_0.0480end1.66_8.05_-6.34_-134.96_-50.81_6.94_-7.06_-2.69_43.56_0.8663_0.4941_0.0554_0.0480end1.66_8.05_-6.34_-141.90_-57.18_5.82_-5.94_-4.81_43.50_0.8550_0.5146_0.0493_0.0411end1.12_6.27_-6.17_-141.90_-57.18_5.82_-5.94_-4.81_44.31_0.8550_0.5146_0.0493_0.0411end1.12_6.27_-6.17_-145.25_-60.54_6.27_-5.94_-4.81_44.31_0.8486_0.5257_0.0455_0.0373end1.12_6.27_-6.17_-151.97_-67.14_5.60_-4.87_-5.50_43.50_0.8486_0.5257_0.0455_0.0373end0.67_4.07_-6.22_-155.44_-68.82_5.48_-4.87_-5.50_43.50_0.8486_0.5257_0.0455_0.0373end0.67_4.07_-6.22_-155.44_-68.82_5.48_-3.44_-8.56_44.31_0.8346_0.5488_0.0370_0.0291end,24.18749475,120.73576428,386.73297119140625
802,0.62_3.85_-5.73_-155.44_-68.82_5.48_-3.44_-8.56_44.31_0.8309_0.5547_0.0350_0.0272end0.65_3.86_-5.41_-155.44_-68.82_5.48_-3.44_-8.56_44.31_0.8309_0.5547_0.0350_0.0272end0.55_4.00_-4.77_-155.44_-68.82_5.48_-3.06_-9.25_43.44_0.8309_0.5547_0.0350_0.0272end0.55_4.00_-4.77_-174.80_-34.91_5.26_-3.06_-9.25_43.44_0.8186_0.5731_0.0302_0.0219end0.55_4.00_-4.77_-174.80_-34.91_5.26_-2.00_-11.06_42.56_0.8142_0.5795_0.0291_0.0205end0.37_4.07_-3.39_-174.80_-34.91_5.26_-2.00_-11.06_42.56_0.8098_0.5857_0.0283_0.0193end0.37_4.07_-3.39_-178.27_-18.13_4.25_-2.37_-14.50_42.50_0.8054_0.5919_0.0278_0.0184end0.28_3.93_-2.78_-178.27_-18.13_4.25_-2.37_-14.50_42.50_0.8008_0.5981_,24.18749475,120.73576428,386.73297119140625
803,0.0275_0.0176end0.16_3.64_-2.57_-182.29_5.37_2.57_-2.37_-14.50_42.50_0.7863_0.6169_0.0283_0.0168end0.01_3.30_-2.37_-184.42_16.23_1.12_-2.37_-14.50_42.50_0.7812_0.6234_0.0289_0.0169end,24.18749475,120.73576428,386.73297119140625
804,,24.18749475,120.73576428,386.73297119140625
805,0.01_3.30_-2.37_-186.77_21.60_0.34_-2.37_-14.50_42.50_0.7762_0.6296_0.0297_0.0172end0.01_3.30_-2.37_-186.77_21.60_0.34_-2.37_-14.50_42.50_0.7656_0.6423_0.0314_0.0178end-0.29_2.52_-1.85_-186.77_21.60_0.34_-3.19_-18.75_40.63_0.7656_0.6423_0.0314_0.0178end-0.37_2.33_-1.71_-188.90_19.58_-0.90_-3.19_-18.75_40.63_0.7551_0.6546_0.0330_0.0185end-0.37_2.33_-1.71_-189.34_17.23_-1.90_-3.19_-18.75_40.63_0.7496_0.6607_0.0338_0.0188end-0.43_1.84_-1.13_-189.34_17.23_-1.90_-3.19_-18.75_40.63_0.7440_0.6671_0.0344_0.0190end-0.43_1.84_-1.13_-190.02_5.82_-2.46_-3.19_-18.75_40.63_0.7329_0.6791_0.0352_0.0192end-0.41_1.45_-0.30_-190.35_1.12_-2.35_-4.62_-20.88_39.31_0.7329_0.6791_0.0352_0.0192end-0.41_1.45_-0.30_-190.35_1.12_-2.35_-4.62_-20.88_39.31_0.7271_0.6854_0.0354_0.0191end-0.41_1.45_-0.30_-190.35_1.12_-2.35_-4.62_-20.88_39.31_0.7100_0.7031_0.0351_0.0179end,24.18749475,120.73576428,386.73297119140625
806,,24.18749475,120.73576428,386.73297119140625
807,-0.37_1.16_0.09_-190.35_1.12_-2.35_-4.62_-20.88_39.31_0.7041_0.7090_0.0347_0.0173end0.06_1.12_0.62_-190.35_1.12_-2.35_-4.62_-20.88_39.31_0.7041_0.7090_0.0347_0.0173end0.06_1.12_0.62_-187.89_-32.01_-0.56_-4.62_-20.88_39.31_0.6925_0.7205_0.0333_0.0153end0.06_1.12_0.62_-187.67_-39.06_0.78_-3.25_-27.81_34.81_0.6865_0.7263_0.0323_0.0139end0.06_1.12_0.62_-186.88_-43.53_1.23_-3.25_-27.81_34.81_0.6807_0.7319_0.0313_0.0123end0.06_1.12_0.62_-184.53_-49.01_2.13_-2.56_-27.81_33.44_0.6689_0.7427_0.0289_0.0088end0.06_1.12_0.62_-183.75_-51.36_3.13_-2.56_-27.81_33.44_0.6628_0.7482_0.0275_0.0068end0.06_1.12_0.62_-183.19_-54.05_3.80_-2.19_-29.56_32.13_0.6570_0.7534_0.0261_0.0048end0.06_1.12_0.62_-183.30_-56.18_4.92_-2.19_-29.56_32.13_0.6449_0.7639_0.0233_0.0004end0.12_1.43_0.47_-183.30_-56.18_4.92_-2.19_-29.56_32.13_0.6449_0.7639_0.0233_0.0004end,24.18749475,120.73576428,386.73297119140625
808,,24.18749475,120.73576428,386.73297119140625
809,,24.18749475,120.73576428,386.73297119140625
810,0.10_1.01_0.48_-183.30_-56.18_4.92_-2.19_-29.56_32.13_0.6266_0.7791_0.0195_-0.0059end1.03_2.06_0.28_-177.59_-37.82_6.15_-0.81_-33.81_29.87_0.6206_0.7839_0.0185_-0.0075end0.36_1.88_0.36_-177.59_-37.82_6.15_-0.81_-33.81_29.87_0.6206_0.7839_0.0185_-0.0075end0.41_1.81_1.20_-177.59_-37.82_6.15_-0.50_-33.88_27.25_0.6206_0.7839_0.0185_-0.0075end0.02_2.02_0.71_-177.37_-32.01_7.16_-0.50_-33.88_27.25_0.6206_0.7839_0.0185_-0.0075end0.02_2.02_0.71_-172.78_-10.74_7.16_-0.50_-33.88_27.25_0.5963_0.8026_0.0159_-0.0129end-0.32_2.32_1.75_-172.78_-10.74_7.16_-0.88_-34.81_28.12_0.5902_0.8070_0.0156_-0.0138end-0.32_2.32_1.75_-168.98_5.60_7.16_-0.88_-34.81_28.12_0.5902_0.80,24.18749475,120.73576428,386.73297119140625
811,70_0.0156_-0.0138end-0.34_2.78_2.44_-168.98_5.60_7.16_-0.88_-34.81_28.12_0.5780_0.8157_0.0158_-0.0145end-0.64_3.21_2.74_-164.84_15.44_7.95_-0.88_-34.81_28.12_0.5780_0.8157_0.0158_-0.0145end,24.18749475,120.73576428,386.73297119140625
812,-0.43_3.37_2.91_-162.38_19.14_7.83_-1.25_-36.69_23.25_0.5780_0.8157_0.0158_-0.0145end-0.31_3.57_2.99_-162.38_19.14_7.83_-1.25_-36.69_23.25_0.5485_0.8358_0.0186_-0.0132end-0.25_3.77_3.27_-162.38_19.14_7.83_-1.25_-36.69_23.25_0.5427_0.8397_0.0193_-0.0127end-1.13_4.44_4.22_-162.38_19.14_7.83_-1.25_-36.69_23.25_0.5370_0.8433_0.0199_-0.0124end-0.23_4.79_4.01_-162.38_19.14_7.83_-1.25_-36.69_23.25_0.5314_0.8468_0.0204_-0.0121end0.25_5.18_4.01_-149.39_11.86_3.47_-1.25_-36.69_23.25_0.5314_0.8468_0.0204_-0.0121end0.25_5.18_4.01_-141.45_-4.14_4.92_-1.31_-38.81_19.69_0.5202_0.8537_0.0210_-0.0117end0.41_5.55_4.48_-141.45_-4.14_4.92_-1.31_-38.81_19.69_0.5149_0.8569_0.0211_-0.0120end0.41_5.55_4.48_-138.32_-12.31_6.49_-1.31_-38.81_19.69_0.5044_0.8631_0.0208_-0.0134end-0.45_5.96_5.03_-138.32_-12.31_6.49_-2.31_-39.56_18.81_0.5044_0.8631_0.0208_-0.0134end,24.18754657,120.73576221,381.826904296875
813,,24.18754657,120.73576221,381.826904296875
814,-0.52_6.18_5.08_-131.83_-17.79_7.16_-2.31_-39.56_18.81_0.4946_0.8688_0.0204_-0.0151end-0.52_6.18_5.08_-131.83_-17.79_7.16_-2.31_-39.56_18.81_0.4896_0.8715_0.0204_-0.0158end-0.52_6.18_5.08_-120.86_-1.90_5.48_-2.31_-39.56_18.81_0.4850_0.8741_0.0204_-0.0162end0.25_6.55_5.44_-120.86_-1.90_5.48_-0.56_-40.88_17.00_0.4850_0.8741_0.0204_-0.0162end0.32_6.76_5.44_-120.86_-1.90_5.48_-1.62_-40.63_17.06_0.4677_0.8835_0.0212_-0.0167end0.43_7.37_5.55_-120.86_-1.90_5.48_-2.00_-40.63_16.19_0.4637_0.8856_0.0215_-0.0167end0.55_7.63_5.55_-120.86_-1.90_5.48_-2.00_-40.63_16.19_0.4598_0.8876_0.0217_-0.0167end0.86_8.18_5.53_-120.86_-1.90_5.48_-2.00_-40.63_16.19_0.4562_0.8895_,24.18754657,120.73576221,381.826904296875
815,0.0219_-0.0167end0.99_8.54_5.50_-87.51_-2.13_3.92_-2.00_-40.63_16.19_0.4562_0.8895_0.0219_-0.0167end0.99_8.54_5.50_-87.51_-2.13_3.92_-1.31_-42.00_15.31_0.4461_0.8945_0.0219_-0.0176end,24.18754657,120.73576221,381.826904296875
816,,24.18754657,120.73576221,381.826904296875
817,1.13_9.25_5.19_-87.51_-2.13_3.92_-1.31_-42.00_15.31_0.4431_0.8961_0.0217_-0.0182end1.20_9.49_5.27_-71.40_-12.87_1.12_-1.31_-42.00_15.31_0.4431_0.8961_0.0217_-0.0182end1.11_9.61_5.30_-66.92_-12.65_0.78_-1.37_-42.69_13.50_0.4431_0.8961_0.0217_-0.0182end1.24_9.79_5.25_-62.89_-11.08_-0.56_-1.37_-42.69_13.50_0.4325_0.9012_0.0206_-0.0203end1.05_10.06_5.28_-62.89_-11.08_-0.56_-1.37_-42.69_13.50_0.4302_0.9023_0.0203_-0.0205end0.96_10.37_4.88_-62.89_-11.08_-0.56_-1.37_-42.69_13.50_0.4302_0.9023_0.0203_-0.0205end0.96_10.37_4.88_-46.55_3.80_-2.35_-1.37_-42.69_13.50_0.4262_0.9042_0.0201_-0.0206end0.96_10.37_4.88_-42.64_9.18_-3.25_-1.00_-43.44_12.19_0.4262_0.9042_0.0201_-0.0206end0.96_10.37_4.88_-38.38_14.10_-3.92_-1.00_-43.44_12.19_0.4228_0.9058_0.0201_-0.0198end0.79_10.12_5.42_-33.91_16.67_-4.70_-1.37_-42.75_10.88_0.4228_0.9058_0.0201_-0.0198end,24.18754657,120.73576221,381.826904296875
818,,24.18754657,120.73576221,381.826904296875
819,,24.18754657,120.73576221,381.826904296875
820,0.79_10.12_5.42_-29.10_17.12_-5.15_-1.37_-42.75_10.88_0.4201_0.9070_0.0203_-0.0184end0.79_10.12_5.42_-22.94_4.70_-4.92_-1.37_-43.44_10.88_0.4201_0.9070_0.0203_-0.0184end0.79_10.12_5.42_-22.94_4.70_-4.92_-1.37_-43.44_10.88_0.4172_0.9084_0.0200_-0.0173end0.79_10.12_5.42_-22.94_4.70_-4.92_-1.37_-43.44_10.88_0.4162_0.9089_0.0188_-0.0184end2.09_11.14_4.88_-22.94_4.70_-4.92_-1.37_-43.44_10.88_0.4160_0.9090_0.0179_-0.0197end1.96_11.53_4.31_-22.94_4.70_-4.92_-1.37_-41.69_10.88_0.4160_0.9090_0.0179_-0.0197end1.98_11.81_4.26_3.58_-63.11_-8.84_-1.37_-41.69_10.88_0.4160_0.9090_0.0179_-0.0197end1.62_12.21_3.82_3.58_-63.11_-8.84_-1.37_-41.69_10.88_0.4162_0.9088_0.0137_-0.0259end1.62_12.21_3.82_3.58_-63.11_-8.84_-0.62_-43.06_11.31_0.4162_0.9088_0.0137_-0.0259end1.68_13.18_3.31_3.58_-63.11_-8.84_-0.62_-43.06_11.31_0.4171_0.9083_0.0106_-0.0304end,24.18754657,120.73576221,381.826904296875
821,1.68_13.18_3.31_3.58_-63.11_-8.84_-0.62_-43.06_11.31_0.4186_0.9075_0.0079_-0.0331end1.26_14.54_4.25_3.58_-63.11_-8.84_-0.62_-43.06_11.31_0.4208_0.9066_0.0064_-0.0330end1.26_14.54_4.25_35.03_32.90_-18.69_-0.62_-43.06_11.31_0.4221_0.9060_0.0061_-0.0317end0.90_14.60_4.54_35.03_32.90_-18.69_-0.62_-43.06_11.31_0.4221_0.9060_0.0061_-0.0317end0.98_14.48_4.64_35.03_32.90_-18.69_-0.25_-42.69_12.63_0.4221_0.9060_0.0061_-0.0317end1.21_14.45_4.69_52.37_74.31_-22.83_-0.25_-42.69_12.63_0.4269_0.9040_0.0070_-0.0236end1.41_14.25_4.96_52.37_74.31_-22.83_-0.25_-42.69_12.63_0.4310_0.9022_0.0080_-0.0171end1.36_14.04_5.09_52.37_74.31_-22.83_0.13_-42.38_13.50_0.4333_0.9011_,24.18754657,120.73576221,381.826904296875
822,0.0082_-0.0142end1.05_13.45_5.34_52.37_74.31_-22.83_0.13_-42.38_13.50_0.4333_0.9011_0.0082_-0.0142end0.95_13.22_5.37_52.37_74.31_-22.83_0.13_-42.38_13.50_0.4415_0.8972_0.0076_-0.0086end,24.18754657,120.73576221,381.826904296875
823,,24.18754657,120.73576221,381.826904296875
824,1.24_12.98_5.40_52.37_74.31_-22.83_-0.25_-41.63_13.56_0.4446_0.8957_0.0071_-0.0073end1.55_13.05_5.21_52.37_74.31_-22.83_-0.25_-41.63_13.56_0.4478_0.8941_0.0064_-0.0061end1.63_13.21_5.05_90.53_22.38_-26.86_-0.25_-41.63_13.56_0.4478_0.8941_0.0064_-0.0061end1.63_13.21_5.05_90.53_22.38_-26.86_-0.25_-41.63_13.56_0.4586_0.8887_0.0049_-0.0012end1.31_13.48_4.50_90.53_22.38_-26.86_-0.25_-41.63_13.56_0.4586_0.8887_0.0049_-0.0012end1.36_13.29_4.46_107.65_64.91_-30.10_0.13_-42.00_15.31_0.4586_0.8887_0.0049_-0.0012end1.26_12.91_4.30_111.91_76.32_-31.11_0.13_-42.00_15.31_0.4586_0.8887_0.0049_-0.0012end1.15_12.63_4.22_111.91_76.32_-31.11_0.13_-42.00_15.31_0.4796_0.8773_0.0060_0.0153end1.29_13.10_4.31_111.91_76.32_-31.11_0.13_-42.00_15.31_0.4860_0.8737_0.0063_0.0193end-2.11_16.47_-11.59_111.91_76.32_-31.11_0.13_-42.00_15.31_0.4949_0.8686_0.0074_0.0237end,24.18754657,120.73576221,381.826904296875
825,,24.18754657,120.73576221,381.826904296875
826,,24.18754657,120.73576221,381.826904296875
827,-2.11_16.47_-11.59_111.91_76.32_-31.11_1.25_-40.88_18.75_0.4990_0.8660_0.0100_0.0290end-2.11_16.47_-11.59_21.93_29.21_1.01_1.25_-40.88_18.75_0.5002_0.8652_0.0123_0.0333end-2.11_16.47_-11.59_21.93_29.21_1.01_-0.19_-40.50_19.69_0.5024_0.8638_0.0134_0.0351end-2.11_16.47_-11.59_25.40_-51.70_0.11_-0.19_-40.50_19.69_0.5024_0.8638_0.0134_0.0351end-2.11_16.47_-11.59_25.40_-51.70_0.11_-0.19_-39.56_18.37_0.5046_0.8626_0.0128_0.0338end-2.11_16.47_-11.59_65.13_-53.38_-7.95_-0.19_-39.56_18.37_0.5079_0.8608_0.0099_0.0302end-2.71_6.12_-0.57_65.13_-53.38_-7.95_-0.19_-39.56_18.37_0.5104_0.8594_0.0082_0.0283end-2.71_6.12_-0.57_65.13_-53.38_-7.95_-0.56_-39.19_18.81_0.5159_0.8563_0.0042_0.0235end-0.23_6.95_4.39_65.13_-53.38_-7.95_-0.56_-39.19_18.81_0.5190_0.8546_0.0020_0.0211end1.05_7.07_2.45_94.00_-72.29_-11.41_-0.19_-39.81_21.44_0.5190_0.8546_0.0020_0.0211end,24.18754657,120.73576221,381.826904296875
828,,24.18754657,120.73576221,381.826904296875
829,-0.42_6.56_2.48_97.36_-80.91_-8.50_-0.19_-39.81_21.44_0.5295_0.8482_-0.0046_0.0132end-2.49_7.29_2.74_97.36_-80.91_-8.50_0.94_-38.44_21.06_0.5330_0.8460_-0.0069_0.0107end0.74_7.62_9.36_97.36_-80.91_-8.50_0.94_-38.44_21.06_0.5363_0.8439_-0.0092_0.0082end0.48_7.17_8.84_97.36_-80.91_-8.50_0.94_-38.44_21.06_0.5363_0.8439_-0.0092_0.0082end0.45_6.74_5.36_97.36_-80.91_-8.50_0.94_-38.44_21.06_0.5445_0.8386_-0.0159_0.0007end0.86_6.87_1.80_97.36_-80.91_-8.50_0.94_-38.44_21.06_0.5445_0.8386_-0.0159_0.0007end0.64_6.92_0.90_97.36_-80.91_-8.50_2.06_-37.31_23.25_0.5527_0.8331_-0.0214_-0.0048end0.61_6.91_0.49_97.36_-80.91_-8.50_2.06_-37.31_23.25_0.5555_0.8312_-0.0225_-0.0054end0.49_7.10_0.63_97.36_-80.91_-8.50_1.69_-38.00_24.12_0.5555_0.8312_-0.0225_-0.0054end0.22_7.16_0.57_97.36_-80.91_-8.50_3.12_-37.31_24.12_0.5555_0.8312_-0.0225_-0.0054end,24.18754657,120.73576221,381.826904296875
830,,24.18754657,120.73576221,381.826904296875
831,0.22_7.16_0.57_97.36_-80.91_-8.50_2.44_-36.94_25.00_0.5676_0.8231_-0.0216_0.0010end-0.39_7.50_1.83_97.36_-80.91_-8.50_2.44_-36.94_25.00_0.5706_0.8210_-0.0201_0.0046end-0.39_7.50_1.83_80.91_115.60_-17.68_2.44_-37.63_25.44_0.5706_0.8210_-0.0201_0.0046end-0.45_7.53_2.28_79.90_125.22_-16.90_2.44_-37.63_25.44_0.5706_0.8210_-0.0201_0.0046end-0.86_7.50_2.42_79.90_125.22_-16.90_1.00_-34.88_25.94_0.5706_0.8210_-0.0201_0.0046end-0.86_7.50_2.42_79.57_129.92_-11.53_1.00_-34.88_25.94_0.5851_0.8104_-0.0076_0.0283end-0.86_7.50_2.42_79.57_125.33_-9.85_1.00_-35.56_26.75_0.5851_0.8104_-0.0076_0.0283end-0.86_7.50_2.42_79.01_118.17_-9.40_1.00_-35.56_26.75_0.5907_0.8060_-0,24.18754657,120.73576221,381.826904296875
832,.0022_0.0374end-2.15_7.78_2.51_79.01_118.17_-9.40_1.00_-35.56_26.75_0.5936_0.8037_0.0003_0.0417end-2.15_7.78_2.51_79.45_85.16_-6.71_1.00_-35.56_26.75_0.5936_0.8037_0.0003_0.0417end,24.18754657,120.73576221,381.826904296875
833,,24.18754657,120.73576221,381.826904296875
834,-2.03_7.78_2.40_79.45_85.16_-6.71_1.00_-35.56_26.75_0.6019_0.7969_0.0062_0.0518end-1.95_7.70_2.01_79.45_85.16_-6.71_1.00_-35.56_26.75_0.6019_0.7969_0.0062_0.0518end-1.93_7.78_1.98_79.23_48.01_-4.25_1.00_-35.56_26.75_0.6019_0.7969_0.0062_0.0518end-1.95_7.78_2.12_79.23_48.01_-4.25_-1.50_-33.13_28.56_0.6127_0.7881_0.0100_0.0592end-1.86_7.84_1.68_79.23_48.01_-4.25_-1.50_-33.13_28.56_0.6153_0.7859_0.0106_0.0604end-1.86_7.84_1.68_78.00_30.10_-0.56_-0.81_-33.50_29.44_0.6153_0.7859_0.0106_0.0604end-1.89_7.80_1.64_77.44_30.66_-0.34_-0.81_-33.50_29.44_0.6153_0.7859_0.0106_0.0604end-2.13_7.82_1.59_76.88_30.89_-0.11_-0.81_-33.50_29.44_0.6232_0.7794_0.0124_0.0636en,24.18754657,120.73576221,381.826904296875
835,d-2.13_7.82_1.59_76.88_30.89_-0.11_-1.50_-33.50_29.00_0.6258_0.7772_0.0129_0.0646end-2.13_7.82_1.59_77.55_22.05_1.45_-1.50_-33.50_29.00_0.6310_0.7728_0.0140_0.0665end,24.18754657,120.73576221,381.826904296875
836,,24.18754657,120.73576221,381.826904296875
837,-1.82_7.91_1.70_77.55_22.05_1.45_-1.50_-33.13_30.31_0.6310_0.7728_0.0140_0.0665end-1.82_7.91_1.70_77.89_16.34_1.90_-1.50_-33.13_30.31_0.6362_0.7684_0.0146_0.0676end-1.24_7.96_1.71_77.89_16.34_1.90_-1.50_-33.13_30.31_0.6415_0.7640_0.0146_0.0680end-1.18_8.00_1.93_77.89_16.34_1.90_-1.50_-33.13_30.31_0.6440_0.7618_0.0145_0.0680end-1.12_8.00_1.93_78.33_-2.24_3.25_-1.50_-33.13_30.31_0.6440_0.7618_0.0145_0.0680end-1.18_7.97_2.03_78.67_-4.14_3.47_-1.50_-33.13_30.31_0.6440_0.7618_0.0145_0.0680end-1.18_7.97_2.03_78.67_-4.14_3.47_-2.94_-30.69_31.19_0.6519_0.7552_0.0139_0.0676end-0.91_7.95_1.96_79.01_-5.71_3.69_-2.94_-30.69_31.19_0.6571_0.7507_0.0133_0.0670end-0.7,24.18754657,120.73576221,381.826904296875
838,5_7.96_1.91_79.01_-5.71_3.69_-2.94_-30.69_31.19_0.6597_0.7485_0.0130_0.0668end-0.05_7.91_1.54_79.01_-5.71_3.69_-2.94_-30.69_31.19_0.6622_0.7462_0.0127_0.0666end,24.18754657,120.73576221,381.826904296875
839,0.18_7.91_1.34_80.12_-4.59_1.68_-2.94_-30.69_31.19_0.6675_0.7416_0.0120_0.0663end0.34_7.89_1.09_79.79_1.01_1.79_-1.44_-28.87_33.00_0.6700_0.7393_0.0118_0.0662end0.24_7.92_0.03_79.79_1.01_1.79_-1.44_-28.87_33.00_0.6700_0.7393_0.0118_0.0662end0.11_7.93_-0.27_79.79_1.01_1.79_-1.81_-28.50_33.88_0.6700_0.7393_0.0118_0.0662end-0.12_7.89_-0.48_79.79_1.01_1.79_-1.81_-28.50_33.88_0.6801_0.7299_0.0126_0.0676end-0.40_7.92_-1.18_79.79_1.01_1.79_-1.12_-28.12_35.19_0.6826_0.7275_0.0132_0.0685end-0.71_7.96_-1.59_79.79_1.01_1.79_-1.12_-28.12_35.19_0.6850_0.7251_0.0140_0.0695end-0.55_7.99_-1.87_79.79_1.01_1.79_-1.81_-27.19_33.44_0.6850_0.7251_0.0140_0.0695end-0.55_7.99,24.18754657,120.73576221,381.826904296875
840,_-1.87_76.54_34.80_1.79_-1.81_-27.19_33.44_0.6898_0.7203_0.0156_0.0717end-0.55_7.99_-1.87_76.54_34.80_1.79_-2.50_-27.13_35.19_0.6898_0.7203_0.0156_0.0717end,24.18754657,120.73576221,381.826904296875
841,,24.18754657,120.73576221,381.826904296875
842,,24.18754657,120.73576221,381.826904296875
843,-0.55_7.99_-1.87_76.10_33.35_2.80_-2.50_-27.13_35.19_0.6945_0.7155_0.0173_0.0738end-1.01_8.09_-2.54_76.10_33.35_2.80_-2.87_-27.44_35.69_0.6945_0.7155_0.0173_0.0738end-1.37_8.21_-2.68_75.87_34.02_3.02_-2.87_-27.44_35.69_0.6992_0.7106_0.0191_0.0759end-1.62_8.20_-2.66_75.87_34.02_3.02_-2.87_-26.44_36.13_0.6992_0.7106_0.0191_0.0759end-1.72_8.30_-2.59_75.87_34.02_3.02_-2.87_-26.44_36.13_0.7083_0.7009_0.0231_0.0803end-1.80_8.41_-2.61_75.87_34.02_3.02_-2.87_-26.44_36.13_0.7104_0.6986_0.0242_0.0814end-1.93_8.38_-2.61_75.87_34.02_3.02_-2.87_-26.44_36.13_0.7126_0.6962_0.0253_0.0824end-2.16_8.43_-2.37_75.87_34.02_3.02_-2.87_-26.44_36.13_0.7169_0.6915_0.0274_0.0843end-2.21_8.41_-2.31_70.16_33.24_7.50_-2.87_-26.44_36.13_0.7169_0.6915_0.0274_0.0843end-2.24_8.36_-2.11_70.16_33.24_7.50_-2.87_-26.44_36.13_0.7211_0.6868_0.0294_0.0860end-2.17_8.46_-1.86_70.16_33.24_7.50_-2.87_-26.44_36.13_0.7211_0.6868_0.0294_0.0860end-2.21_8.41_-1.79_68.71_20.59_10.18_-4.69_-23.62_37.44_0.7211_0.6868_0.0294_0.0860end-2.16_8.50_-1.76_68.71_20.59_10.18_-4.69_-23.62_37.44_0.7294_0.6777_0.0325_0.0880end-2.27_8.44_-1.70_68.71_20.59_10.18_-3.19_-23.31_36.56_0.7313_0.6755_0.0330_0.0883end-2.26_8.50_-1.86_68.71_20.59_10.18_-3.19_-23.31_36.56_0.7333_0.6733_0.0336_0.0884end-2.19_8.46_-1.91_66.70_13.88_12.53_-3.19_-23.31_36.56_0.7333_0.6733_0.0336_0.0884end-2.11_8.43_-1.95_66.36_12.98_13.09_-3.19_-23.31_36.56_0.7393_0.6666_0.0352_0.0886end-2.04_8.39_-1.99_66.36_12.98_13.09_-3.19_-23.31_36.56_0.7411_0.6645_0.035,24.18754657,120.73576221,381.826904296875
844,6_0.0886end-1.93_8.37_-1.83_66.36_12.98_13.09_-4.69_-21.50_37.94_0.7411_0.6645_0.0356_0.0886end-1.87_8.43_-1.75_66.14_4.36_15.00_-4.69_-21.50_37.94_0.7411_0.6645_0.0356_0.0886end,24.18754657,120.73576221,381.826904296875
845,,24.18754657,120.73576221,381.826904296875
846,-1.86_8.42_-1.68_66.14_4.36_15.00_-4.62_-20.50_39.25_0.7411_0.6645_0.0356_0.0886end-1.86_8.42_-1.68_66.47_-3.02_16.11_-4.62_-20.50_39.25_0.7490_0.6557_0.0368_0.0875end-1.86_8.42_-1.68_66.70_-7.05_16.45_-4.62_-20.50_39.25_0.7529_0.6514_0.0368_0.0862end-1.37_8.41_-1.36_65.69_-16.11_16.45_-4.62_-20.50_39.25_0.7549_0.6492_0.0366_0.0854end-1.37_8.41_-1.36_65.69_-16.11_16.45_-4.62_-20.50_39.25_0.7549_0.6492_0.0366_0.0854end-1.05_8.30_-1.64_64.91_-23.61_16.90_-4.62_-20.50_39.25_0.7607_0.6429_0.0351_0.0822end-0.77_8.27_-2.14_64.91_-23.61_16.90_-4.62_-20.50_39.25_0.7607_0.6429_0.0351_0.0822end-0.77_8.27_-2.14_64.91_-23.61_16.90_-5.00_-19.12_40.19_0.7607_0.6429_0.0351_0.0822end-0.78_8.22_-2.16_64.91_-23.61_16.90_-5.37_-18.06_40.19_0.7607_0.6429_0.0351_0.0822end-0.66_8.20_-2.45_64.91_-23.61_16.90_-5.37_-18.06_40.19_0.7607_0.6429_0.0351_0.0822end,24.18754657,120.73576221,381.826904296875
847,,24.18754657,120.73576221,381.826904296875
848,-0.66_8.20_-2.45_64.57_-13.88_17.12_-5.37_-18.06_40.19_0.7720_0.6302_0.0320_0.0756end-0.66_8.20_-2.45_64.57_-13.88_17.12_-5.37_-18.06_40.19_0.7758_0.6259_0.0316_0.0739end-0.67_8.17_-2.59_64.57_-13.88_17.12_-5.37_-18.06_40.19_0.7776_0.6238_0.0313_0.0729end-0.66_7.97_-2.54_64.57_-13.88_17.12_-2.75_-16.94_40.69_0.7794_0.6216_0.0309,24.18754657,120.73576221,381.826904296875
849,_0.0720end-0.71_8.41_-2.59_64.57_-13.88_17.12_-2.75_-16.94_40.69_0.7813_0.6194_0.0305_0.0709end-0.65_8.11_-2.73_64.57_-13.88_17.12_-2.75_-16.94_40.69_0.7831_0.6172_0.0300_0.0698end-0.65_8.11_-2.73_64.57_-13.88_17.12_-4.62_-15.94_41.13_0.7849_0.6151_0.0294_0.0687end-0.66_7.95_-2.73_64.57_-13.88_17.12_-4.62_-15.94_41.13_0.7886_0.6107_0.0275_0.0658end-0.66_7.95_-2.73_64.79_-42.41_16.67_-4.25_-15.56_41.56_0.7904_0.6086_0.0264_0.0643end-0.58_7.93_-2.66_64.79_-42.41_16.67_-4.25_-15.56_41.56_0.7904_0.6086_0.0264_0.0643end,24.18754657,120.73576221,381.826904296875
850,-0.69_7.98_-2.32_66.02_-47.22_16.56_-4.25_-15.56_41.56_0.7959_0.6021_0.0223_0.0591end-0.63_8.03_-2.32_66.47_-49.91_16.34_-3.12_-15.19_41.56_0.7977_0.5999_0.0209_0.0573end-0.56_7.96_-1.98_66.47_-49.91_16.34_-3.12_-15.19_41.56_0.7977_0.5999_0.0209_0.0573end-0.56_7.96_-1.98_66.47_-49.91_16.34_-2.75_-13.50_42.50_0.8014_0.5955_0.0179_0.0537end-0.33_7.88_-1.98_67.03_-43.87_14.44_-2.75_-13.50_42.50_0.8032_0.5932_0.0165_0.0520end0.00_7.90_-2.15_67.03_-43.87_14.44_-2.75_-13.50_42.50_0.8050_0.5910_0.0151_0.0504end0.00_7.90_-2.15_66.92_-37.38_14.44_-2.75_-13.50_42.50_0.8068_0.5886_0.0139_0.0488end0.00_7.90_-2.15_66.92_-37.38_14.44_-2.75_-13.50_42.50_0.8103_0.5841,24.18754657,120.73576221,381.826904296875
851,_0.0117_0.0460end0.00_7.90_-2.15_67.37_-29.21_13.99_-2.75_-13.50_42.50_0.8121_0.5817_0.0107_0.0447end0.11_7.67_-3.13_67.37_-29.21_13.99_-3.06_-11.75_41.19_0.8121_0.5817_0.0107_0.0447end,24.18754657,120.73576221,381.826904296875
852,,24.18754657,120.73576221,381.826904296875
853,0.11_7.67_-3.13_67.59_-13.32_12.31_-3.06_-11.75_41.19_0.8156_0.5770_0.0095_0.0426end0.11_7.46_-3.54_67.59_-13.32_12.31_-3.06_-11.75_41.19_0.8190_0.5722_0.0089_0.0411end0.10_7.53_-3.98_67.59_-13.32_12.31_-3.06_-11.75_41.19_0.8207_0.5698_0.0088_0.0405end0.20_7.49_-4.04_67.70_1.34_11.41_-3.06_-11.75_41.19_0.8207_0.5698_0.0088_0.040,24.18754657,120.73576221,381.826904296875
854,5end0.09_7.66_-4.45_67.70_1.34_11.41_-3.06_-11.75_41.19_0.8242_0.5649_0.0090_0.0397end0.09_7.66_-4.45_67.70_1.34_11.41_-3.06_-11.75_41.19_0.8275_0.5600_0.0095_0.0390end-0.52_1.97_-4.83_67.14_3.92_12.31_-3.06_-11.75_41.19_0.8292_0.5575_0.0098_0.0387end-0.64_7.21_-8.13_67.14_3.92_12.31_-3.06_-11.75_41.19_0.8292_0.5575_0.0098_0.0387end-0.22_7.93_-6.10_65.13_5.04_11.30_-3.06_-11.75_41.19_0.8339_0.5505_0.0106_0.0378end-0.55_7.54_-5.09_65.13_5.04_11.30_-1.56_-9.63_43.38_0.8356_0.5480_0.0108_0.0373end,24.18754657,120.73576221,381.826904296875
855,,24.18754657,120.73576221,381.826904296875
856,-0.91_7.54_-4.83_64.91_-7.72_13.09_-1.56_-9.63_43.38_0.8356_0.5480_0.0108_0.0373end-0.92_7.52_-5.98_64.91_-7.72_13.09_-1.56_-9.63_43.38_0.8387_0.5433_0.0107_0.0361end-0.77_7.49_-6.43_64.79_-20.48_12.53_-1.56_-9.63_43.38_0.8403_0.5408_0.0103_0.0353end-0.77_7.49_-6.43_64.79_-20.48_12.53_-1.56_-9.63_43.38_0.8434_0.5362_0.0093_0.033,24.18754657,120.73576221,381.826904296875
857,5end-0.73_7.53_-6.60_64.79_-20.48_12.53_-1.94_-7.19_43.87_0.8448_0.5339_0.0086_0.0325end-0.47_7.52_-6.99_64.79_-20.48_12.53_-1.94_-7.19_43.87_0.8464_0.5316_0.0078_0.0316end-0.14_7.67_-7.07_64.79_-20.48_12.53_-1.94_-7.19_43.87_0.8464_0.5316_0.0078_0.0316end-0.15_7.46_-7.37_60.88_-26.97_12.42_-0.88_-6.12_43.94_0.8464_0.5316_0.0078_0.0316end-0.04_7.48_-7.66_60.21_-26.86_12.76_-0.88_-6.12_43.94_0.8521_0.5227_0.0047_0.0273end-0.05_7.48_-7.89_60.21_-26.86_12.76_-0.88_-6.12_43.94_0.8534_0.5206_0.0039_0.0263end,24.18754657,120.73576221,381.826904296875
858,,24.18754657,120.73576221,381.826904296875
859,-0.05_7.48_-7.89_60.21_-26.86_12.76_-1.19_-5.44_44.38_0.8547_0.5184_0.0032_0.0253end-0.05_7.48_-7.89_57.41_-26.97_10.97_-1.19_-5.44_44.38_0.8561_0.5162_0.0023_0.0243end0.42_7.53_-7.92_56.74_-28.31_10.85_-1.19_-5.44_44.38_0.8586_0.5121_0.0006_0.0222end0.42_7.53_-7.92_55.17_-30.66_10.52_-1.19_-5.44_44.38_0.8599_0.5099_-0.0004_0.02,24.18754657,120.73576221,381.826904296875
860,11end0.49_7.55_-8.00_55.17_-30.66_10.52_-1.19_-5.44_44.38_0.8611_0.5079_-0.0013_0.0201end0.49_7.55_-8.00_52.04_-25.63_9.29_-1.19_-5.44_44.38_0.8635_0.5040_-0.0032_0.0181end0.52_7.58_-8.07_52.04_-25.63_9.29_-1.19_-5.44_44.38_0.8646_0.5021_-0.0039_0.0172end0.49_7.56_-8.21_52.04_-25.63_9.29_-1.19_-5.44_44.38_0.8657_0.5002_-0.0045_0.0164end0.57_7.57_-8.34_52.04_-25.63_9.29_-1.19_-5.44_44.38_0.8657_0.5002_-0.0045_0.0164end0.59_7.57_-8.46_48.46_-15.67_7.95_-1.19_-5.44_44.38_0.8657_0.5002_-0.0045_0.0164end0.59_7.57_-8.46_48.46_-15.67_7.95_-1.19_-3.37_43.06_0.8699_0.4929_-0.0065_0.0137end0.55_7.55_-8.51_48.46_-15.67_7.95_-1.19_-3.37_43.06_0.8710_0.4911_-0.0071_0.0131end0.65_7.46_-8.66_48.46_-15.67_7.95_0.62_-1.56_43.13_0.8710_0.4911_-0.0071_0.0131end0.88_7.61_-8.87_45.21_-27.53_6.83_0.62_-1.56_43.13_0.8710_0.4911_-0.0071_0.0131end0.36_7.59_-8.14_45.21_-27.53_6.83_0.62_-1.56_43.13_0.8747_0.4844_-0.0106_0.0098end0.67_7.61_-8.50_45.21_-27.53_6.83_0.62_-1.56_43.13_0.8756_0.4828_-0.0115_0.0090end0.67_7.61_-8.50_45.21_-27.53_6.83_-0.13_-0.94_43.63_0.8765_0.4812_-0.0121_0.0084end0.65_7.60_-8.17_45.21_-27.53_6.83_-0.13_-0.94_43.63_0.8774_0.4796_-0.0128_0.0078end,24.18754657,120.73576221,381.826904296875
861,0.57_7.62_-8.00_39.84_-15.00_4.81_-0.13_-0.94_43.63_0.8774_0.4796_-0.0128_0.0078end0.67_7.63_-7.68_39.84_-15.00_4.81_-0.13_-0.94_43.63_0.8799_0.4750_-0.0145_0.0062end,24.18754657,120.73576221,381.826904296875
862,0.54_7.61_-7.44_39.84_-15.00_4.81_-0.13_-0.94_43.63_0.8807_0.4734_-0.0149_0.0057end0.62_7.61_-7.11_39.84_-15.00_4.81_-0.13_-0.94_43.63_0.8807_0.4734_-0.0149_0.0057end0.57_7.58_-6.96_37.94_-10.52_3.25_-0.13_-0.94_43.63_0.8807_0.4734_-0.0149_0.0057end0.57_7.58_-6.96_37.94_-10.52_3.25_0.62_-0.94_42.75_0.8838_0.4676_-0.0163_0.0043end0.53_7.53_-5.98_37.94_-10.52_3.25_0.62_-0.94_42.75_0.8845_0.4661_-0.0166_0.0040end0.53_7.53_-5.98_37.26_-8.95_2.01_-0.50_-1.31_42.25_0.8853_0.4647_-0.0169_0.0037end0.53_7.53_-5.98_37.15_-9.96_2.24_0.25_0.44_42.69_0.8853_0.4647_-0.0169_0.0037end0.53_7.53_-5.98_37.15_-9.96_2.24_0.25_0.44_42.69_0.8876_0.4603_-0.0181_0.0027end0.30_7.40_-4.77_37.15_-9.96_2.24_0.25_0.44_42.75_0.8883_0.4589_-0.0187_0.0024end0.23_7.49_-4.18_37.15_-9.96_2.24_0.25_0.44_42.75_0.8883_0.4589_-0.0187_0.0024end,24.18754657,120.73576221,381.826904296875
863,,24.18754657,120.73576221,381.826904296875
864,0.16_7.44_-3.76_39.50_-25.96_0.56_1.37_-0.25_42.25_0.8883_0.4589_-0.0187_0.0024end0.16_7.44_-3.76_41.07_-27.19_0.56_1.37_-0.25_42.25_0.8906_0.4543_-0.0212_0.0009end-0.05_7.39_-2.50_41.07_-27.19_0.56_1.37_-0.25_42.25_0.8922_0.4511_-0.0234_-0.0003end-0.07_7.32_-2.09_41.07_-27.19_0.56_1.37_-0.62_42.75_0.8929_0.4495_-0.0245_-0.0009end-0.09_7.27_-1.73_41.07_-27.19_0.56_1.37_-0.62_42.75_0.8938_0.4477_-0.0256_-0.0015end-0.33_7.06_-0.59_41.07_-27.19_0.56_1.37_-0.62_42.75_0.8938_0.4477_-0.0256_-0.0015end-0.33_7.06_-0.59_41.07_-27.19_0.56_2.12_0.13_42.31_0.8956_0.4441_-0.0279_-0.0027end-0.33_7.06_-0.59_48.46_-29.43_-0.11_2.12_0.13_42.31_0.8965_0.4421_-0.0291_-0.,24.18754657,120.73576221,381.826904296875
865,0034end-0.33_7.06_-0.59_49.69_-29.43_0.00_2.12_0.13_42.31_0.8983_0.4383_-0.0313_-0.0046end-0.26_7.02_-0.32_49.69_-29.43_0.00_2.12_0.81_41.88_0.8983_0.4383_-0.0313_-0.0046end,24.18754657,120.73576221,381.826904296875
866,,24.18754657,120.73576221,381.826904296875
867,,24.18754657,120.73576221,381.826904296875
868,-0.26_7.02_-0.32_52.82_-27.64_-0.45_2.12_0.81_41.88_0.9002_0.4341_-0.0335_-0.0058end-0.26_7.02_-0.32_52.82_-27.64_-0.45_2.12_1.50_42.31_0.9012_0.4320_-0.0345_-0.0063end-0.26_7.02_-0.32_53.49_-24.95_-3.25_2.87_1.87_42.31_0.9022_0.4299_-0.0356_-0.0068end-0.26_7.02_-0.32_51.25_-26.07_-5.37_2.87_1.87_42.31_0.9022_0.4299_-0.0356_-0.0068end1.02_6.60_-6.23_51.25_-26.07_-5.37_2.87_1.87_42.31_0.9022_0.4299_-0.0356_-0.0068end1.02_6.60_-6.23_51.25_-26.07_-5.37_2.87_1.87_42.31_0.9067_0.4198_-0.0407_-0.0079end-0.11_19.20_-9.94_51.25_-26.07_-5.37_2.87_1.87_42.31_0.9075_0.4179_-0.0411_-0.0074end2.61_22.15_-9.75_52.60_26.97_-18.80_2.87_1.87_42.31_0.9075_0.4179_-0.0411_-0.0074end4.46_25.64_-13.34_52.60_26.97_-18.80_2.87_1.87_42.31_0.9095_0.4136_-0.0399_-0.0053end4.46_25.64_-13.34_52.60_26.97_-18.80_1.75_4.62_41.50_0.9117_0.4092_-0.0365_-0.0026end,24.18754657,120.73576221,381.826904296875
869,2.28_27.73_-4.20_52.60_26.97_-18.80_1.75_4.62_41.50_0.9117_0.4092_-0.0365_-0.0026end1.49_25.35_-5.70_52.60_26.97_-18.80_1.75_4.62_41.50_0.9137_0.4052_-0.0303_0.0014end1.70_24.06_-5.84_36.48_92.32_-13.76_1.75_4.62_41.50_0.9137_0.4052_-0.0303_0.0014end1.43_22.56_-8.02_31.89_82.81_-15.00_1.75_4.62_41.50_0.9158_0.4009_-0.0209_0.0075end1.60_21.29_-8.45_32.34_49.13_-18.69_0.69_5.62_43.25_0.9158_0.4009_-0.0209_0.0075end1.77_18.25_-6.46_32.34_49.13_-18.69_0.69_5.62_43.25_0.9171_0.3983_-0.0177_0.0106end1.91_17.37_-5.98_27.64_15.55_-21.82_0.31_5.94_41.50_0.9171_0.3983_-0.0177_0.0106end1.49_15.80_-5.82_25.07_8.95_-24.17_0.31_5.94_41.50_0.9171_0.3983_-0.0177_0.010,24.18754657,120.73576221,381.826904296875
870,6end1.49_15.80_-5.82_25.07_8.95_-24.17_0.31_5.94_41.50_0.9188_0.3940_-0.0173_0.0154end4.43_15.16_-5.29_25.07_8.95_-24.17_0.31_5.94_41.50_0.9192_0.3931_-0.0175_0.0165end,24.18754657,120.73576221,381.826904296875
871,,24.18754657,120.73576221,381.826904296875
872,,24.18754657,120.73576221,381.826904296875
873,1.67_15.20_-6.48_19.47_-3.47_-21.49_0.31_5.94_41.50_0.9192_0.3931_-0.0175_0.0165end0.75_15.05_-5.41_19.36_5.26_-22.16_-1.06_7.00_42.88_0.9192_0.3931_-0.0175_0.0165end0.75_15.05_-5.41_19.36_5.26_-22.16_-1.06_7.00_42.88_0.9204_0.3900_-0.0173_0.0211end1.86_15.24_-5.85_19.36_5.26_-22.16_-1.06_7.00_42.88_0.9207_0.3893_-0.0160_0.0230end1.25_15.03_-6.17_19.36_5.26_-22.16_-1.06_7.00_42.88_0.9209_0.3887_-0.0142_0.0253end1.54_14.79_-6.36_9.29_73.52_-34.13_-1.06_7.00_42.88_0.9209_0.3887_-0.0142_0.0253end1.54_14.79_-6.36_9.29_73.52_-34.13_-1.06_7.00_42.88_0.9213_0.3873_-0.0070_0.0331end2.96_13.98_-7.10_9.29_73.52_-34.13_-4.00_6.94_42.88_0.9213_0.3870_-0.0042_0.035,24.18754657,120.73576221,381.826904296875
874,,24.18754657,120.73576221,381.826904296875
875,9end0.35_13.46_-7.51_9.29_73.52_-34.13_-4.00_6.94_42.88_0.9213_0.3870_-0.0042_0.0359end0.41_13.21_-6.48_-1.45_76.10_-31.56_-2.87_7.31_42.88_0.9213_0.3870_-0.0042_0.0359end,24.18754657,120.73576221,381.826904296875
876,0.41_13.21_-6.48_-1.45_76.10_-31.56_-2.87_7.31_42.88_0.9213_0.3870_-0.0042_0.0359end0.41_13.21_-6.48_-8.17_76.77_-32.68_-2.50_8.69_42.88_0.9208_0.3870_0.0084_0.0488end0.41_13.21_-6.48_-11.75_74.86_-33.46_-2.50_8.69_42.88_0.9205_0.3873_0.0109_0.0515end-0.09_12.23_-7.24_-12.98_74.98_-34.24_-2.50_8.69_42.88_0.9198_0.3880_0.0157_0.0566end0.03_12.03_-6.00_-12.98_74.98_-34.24_-2.50_8.69_42.88_0.9198_0.3880_0.0157_0.0566end-0.24_11.95_-5.92_-20.25_64.79_-33.80_-2.50_8.69_42.88_0.9184_0.3898_0.0223_0.0641end-0.19_11.62_-6.02_-20.25_64.79_-33.80_-4.75_7.62_42.81_0.9179_0.3905_0.0242_0.0663end-0.47_10.90_-6.11_-20.25_64.79_-33.80_-4.75_7.62_42.81_0.9173_0.3914_0,24.18754657,120.73576221,381.826904296875
877,.0260_0.0686end-0.54_10.38_-6.23_-27.75_51.25_-30.89_-4.75_7.62_42.81_0.9161_0.3933_0.0292_0.0728end-0.35_10.21_-6.28_-27.75_51.25_-30.89_-5.87_6.25_42.75_0.9161_0.3933_0.0292_0.0728end,24.18754657,120.73576221,381.826904296875
878,-0.35_10.21_-6.28_-27.75_51.25_-30.89_-5.87_6.25_42.75_0.9147_0.3956_0.0322_0.0766end-0.23_10.36_-7.64_-27.75_51.25_-30.89_-5.87_6.62_43.63_0.9147_0.3956_0.0322_0.0766end-0.27_10.55_-7.93_-37.60_37.71_-28.42_-5.87_5.19_41.94_0.9147_0.3956_0.0322_0.0766end-0.22_10.89_-8.19_-39.95_31.89_-27.75_-5.87_5.19_41.94_0.9114_0.4013_0.0366_0.0834end0.13_11.34_-8.27_-39.95_31.89_-27.75_-5.87_5.19_41.94_0.9105_0.4030_0.0374_0.0849end0.46_13.01_-8.82_-39.95_31.89_-27.75_-5.87_5.19_41.94_0.9105_0.4030_0.0374_0.0849end0.58_13.42_-9.07_-53.83_36.48_-28.87_-6.25_5.19_41.94_0.9105_0.4030_0.0374_0.0849end0.58_13.42_-9.07_-53.83_36.48_-28.87_-6.94_4.87_42.31_0.9074_0.4086_0.0398_0.0896end0.58_13.42_-9.07_-53.83_36.48_-28.87_-6.94_4.87_42.31_0.9050_0.4129_0.0428_0.0933end0.72_14.36_-9.98_-53.83_36.48_-28.87_-6.94_4.87_42.31_0.9036_0.4151_0.0447_0.0955end,24.18754657,120.73576221,381.826904296875
879,,24.18754657,120.73576221,381.826904296875
880,0.82_14.20_-10.45_-53.83_36.48_-28.87_-6.94_4.87_42.31_0.9036_0.4151_0.0447_0.0955end0.69_13.60_-10.91_-53.83_36.48_-28.87_-6.94_4.87_42.31_0.9036_0.4151_0.0447_0.0955end0.69_13.60_-10.91_-53.83_36.48_-28.87_-8.75_2.44_42.69_0.8990_0.4227_0.0514_0.1024end0.69_13.60_-10.91_-86.50_57.97_-35.14_-8.75_2.44_42.69_0.8973_0.4256_0.0536_0.1047end0.69_13.60_-10.91_-86.50_57.97_-35.14_-8.75_2.12_43.13_0.8954_0.4286_0.0556_0.1069end0.69_13.60_-10.91_-90.42_38.27_-31.22_-8.75_2.12_43.13_0.8954_0.4286_0.0556_0.1069end0.69_13.60_-10.91_-90.42_38.27_-31.22_-9.50_1.44_42.75_0.8915_0.4353_0.0591_0.1109end0.69_13.60_-10.91_-101.50_33.01_-32.34_-9.50_1.44_42.75_0.8873_0.4427_0.0615_0.1143end0.69_13.60_-10.91_-108.21_30.77_-33.24_-9.50_1.06_43.63_0.8826_0.4508_0.0637_0.1174end0.41_8.53_-11.46_-108.21_30.77_-33.24_-9.50_1.06_43.63_0.8826_0.4508_0.0637_0.1174end,24.18754657,120.73576221,381.826904296875
881,0.56_7.73_-11.73_-123.77_37.71_-37.71_-9.50_1.06_43.63_0.8826_0.4508_0.0637_0.1174end0.49_7.52_-11.25_-123.77_37.71_-37.71_-10.25_-1.37_43.94_0.8826_0.4508_0.0637_0.1174end0.49_7.52_-11.25_-123.77_37.71_-37.71_-10.25_-1.37_43.94_0.8683_0.4744_0.0705_0.1265end0.09_6.91_-9.57_-123.77_37.71_-37.71_-10.25_-1.37_43.94_0.8683_0.4744_0.0705_0.1265end-0.26_6.59_-9.07_-123.77_37.71_-37.71_-10.31_-3.81_42.19_0.8683_0.4744_0.0705_0.1265end-0.12_6.33_-8.89_-151.97_57.97_-39.28_-10.31_-3.81_42.19_0.8583_0.4901_0.0757_0.1322end-0.12_6.33_-8.89_-151.97_57.97_-39.28_-10.31_-3.81_42.19_0.8509_0.5009_0.0801_0.1365end-0.69_5.91_-8.51_-151.97_57.97_-39.28_-11.06_-5.56_42.,24.18754657,120.73576221,381.826904296875
882,13_0.8509_0.5009_0.0801_0.1365end-0.69_5.91_-8.51_-157.12_63.79_-40.96_-11.06_-5.56_42.13_0.8430_0.5121_0.0849_0.1412end-0.56_5.21_-6.93_-157.12_63.79_-40.96_-11.06_-5.56_42.13_0.8389_0.5178_0.0872_0.1435end,24.18754657,120.73576221,381.826904296875
883,,24.18754657,120.73576221,381.826904296875
884,,24.18754657,120.73576221,381.826904296875
885,-0.92_4.61_-5.65_-164.95_58.08_-40.96_-11.06_-5.56_42.13_0.8389_0.5178_0.0872_0.1435end-0.92_4.61_-5.65_-168.75_53.49_-41.18_-11.06_-5.56_42.13_0.8389_0.5178_0.0872_0.1435end-0.92_4.61_-5.65_-168.75_53.49_-41.18_-12.94_-10.44_41.13_0.8216_0.5411_0.0958_0.1519end-0.94_3.76_-4.44_-168.75_53.49_-41.18_-12.94_-10.44_41.13_0.8171_0.5470_0.0977_0.1537end-0.87_3.39_-3.80_-168.75_53.49_-41.18_-12.94_-10.44_41.13_0.8123_0.5532_0.0996_0.1556end-0.81_3.18_-3.53_-174.35_41.41_-41.41_-12.94_-10.44_41.13_0.8030_0.5651_0.1028_0.1590end-0.79_2.74_-2.68_-174.35_41.41_-41.41_-12.56_-11.88_40.25_0.7980_0.5714_0.1044_0.1605end-0.84_2.61_-2.45_-174.35_41.41_-41.41_-12.56_-13.62_40.25_0.7932_0.5775_0.1057_0.1619end-0.92_2.48_-2.20_-177.59_26.86_-40.73_-12.56_-13.62_40.25_0.7932_0.5775_0.1057_0.1619end-0.98_2.20_-1.79_-177.59_26.86_-40.73_-12.56_-13.62_40.25_0.7834_0.5895_0.1080_0.1644end,24.18754657,120.73576221,381.826904296875
886,-0.98_2.20_-1.79_-178.27_19.70_-40.29_-12.56_-13.62_40.25_0.7783_0.5958_0.1090_0.1656end-0.98_2.20_-1.79_-178.27_19.70_-40.29_-14.06_-16.06_39.31_0.7733_0.6018_0.1099_0.1666end-0.98_2.20_-1.79_-178.49_15.89_-38.94_-14.06_-16.06_39.31_0.7630_0.6140_0.1117_0.1685end-1.07_1.69_-0.96_-178.49_15.89_-38.94_-14.13_-18.12_39.69_0.7630_0.6140_0.1117_0.1685end-1.07_1.69_-0.96_-178.49_6.38_-37.04_-14.13_-18.12_39.69_0.7527_0.6259_0.1130_0.1700end-0.90_1.48_-0.70_-178.49_6.38_-37.04_-14.13_-18.19_37.94_0.7474_0.6320_0.1136_0.1705end-0.83_1.42_-0.65_-178.49_6.38_-37.04_-14.13_-18.19_37.94_0.7370_0.6437_0.1145_0.1713end-0.83_1.42_-0.65_-178.27_-3.25_-35.25_-14.13_-1,24.18754657,120.73576221,381.826904296875
887,8.19_37.94_0.7318_0.6495_0.1148_0.1716end-0.84_1.23_-0.57_-177.82_-5.04_-34.36_-14.13_-18.19_37.94_0.7209_0.6614_0.1152_0.1718end-0.77_1.13_-0.50_-177.82_-5.04_-34.36_-12.69_-21.31_35.25_0.7156_0.6671_0.1154_0.1718end,24.18754657,120.73576221,381.826904296875
888,,24.18754657,120.73576221,381.826904296875
889,,24.18754657,120.73576221,381.826904296875
890,-0.83_1.07_-0.42_-177.82_-5.04_-34.36_-13.06_-23.75_34.75_0.7101_0.6730_0.1155_0.1717end-0.77_1.05_-0.37_-177.71_-11.08_-33.46_-13.06_-23.75_34.75_0.7101_0.6730_0.1155_0.1717end-0.83_0.95_-0.15_-177.15_-14.10_-33.01_-13.06_-23.75_34.75_0.6993_0.6844_0.1154_0.1713end-0.83_0.95_-0.15_-176.70_-17.12_-32.45_-12.37_-25.50_35.63_0.6993_0.6844_0.1154_0.1713end-0.83_0.95_-0.15_-176.70_-17.12_-32.45_-12.37_-25.50_35.63_0.6827_0.7013_0.1148_0.1699end-0.64_0.97_-0.05_-176.70_-17.12_-32.45_-12.37_-25.50_35.63_0.6772_0.7068_0.1145_0.1693end-0.79_1.08_-0.06_-176.70_-17.12_-32.45_-12.37_-25.50_35.63_0.6716_0.7125_0.1141_0.1685end-0.79_1.08_-0.06_-175.58_-29.54_-29.66_-11.69_-28.62_32.13_0.6605_0.7233_0.1131_0.1666end-0.30_1.26_0.69_-175.02_-37.38_-26.30_-11.69_-28.62_32.13_0.6548_0.7289_0.1125_0.1653end-0.68_1.52_0.67_-175.02_-37.38_-26.30_-11.69_-28.62_32.13_0.6493_0.7342_0.1118_0.1640end,24.18754657,120.73576221,381.826904296875
891,-0.68_1.52_0.67_-172.78_-38.50_-24.84_-10.56_-29.31_31.19_0.6437_0.7394_0.1112_0.1626end-0.84_1.67_1.02_-172.78_-38.50_-24.84_-10.56_-30.75_30.75_0.6382_0.7446_0.1105_0.1613end-0.84_1.67_1.02_-170.77_-35.47_-23.28_-10.56_-30.75_30.75_0.6326_0.7498_0.1099_0.1599end-0.61_1.75_1.36_-170.77_-35.47_-23.28_-10.56_-30.75_30.75_0.6270_0.7548_0.1094_0.1586end-0.61_1.75_1.36_-170.77_-35.47_-23.28_-10.56_-30.75_30.75_0.6215_0.7597_0.1089_0.1573end-0.61_1.75_1.36_-166.74_-28.98_-21.15_-10.63_-32.88_28.50_0.6215_0.7597_0.1089_0.1573end-0.61_1.75_1.36_-163.61_-25.63_-19.36_-10.63_-32.88_28.50_0.5993_0.7784_0.1078_0.1526end-0.71_2.27_1.88_-163.61_-25.63_-19.36_-10.63_-32.88_28.50_0.5936_0.7830_0.1076_0.1516end-0.71_2.59_2.10_-163.61_-25.63_-19.36_-9.94_-34.63_25.88_0.5936_0.7830_0.1076_0.1516end-0.64_2.70_2.16_-163.61_-25.63_-19.36_-9.94_-34.63_25.88_0.5828_0.7915_0.1074_0.1495end,24.18754657,120.73576221,381.826904296875
892,,24.18754657,120.73576221,381.826904296875
893,,24.18754657,120.73576221,381.826904296875
894,-0.64_2.84_2.36_-154.88_-22.27_-16.34_-9.94_-34.63_25.88_0.5828_0.7915_0.1074_0.1495end-0.64_2.84_2.36_-154.88_-22.27_-16.34_-9.94_-36.00_24.50_0.5667_0.8038_0.1069_0.1460end-0.73_3.20_2.67_-154.88_-22.27_-16.34_-9.94_-36.00_24.50_0.5615_0.8077_0.1066_0.1447end-0.78_3.35_2.88_-154.88_-22.27_-16.34_-9.19_-36.38_24.12_0.5615_0.8077_0.1066_0.1447end-0.82_3.47_3.02_-143.46_-35.03_-11.75_-9.19_-36.38_24.12_0.5615_0.8077_0.1066_0.1447end-0.82_3.47_3.02_-140.89_-37.04_-10.41_-9.94_-37.13_22.31_0.5615_0.8077_0.1066_0.1447end-0.82_3.47_3.02_-135.97_-39.73_-8.73_-9.94_-37.13_22.31_0.5365_0.8262_0.1047_0.1362end-0.85_3.96_3.31_-135.97_-39.73_-8.73_-9.94_-37.13_22,24.18754657,120.73576221,381.826904296875
895,.31_0.5318_0.8296_0.1043_0.1344end-0.85_3.96_3.31_-131.49_-39.28_-6.94_-9.94_-37.13_22.31_0.5318_0.8296_0.1043_0.1344end-0.88_4.66_3.22_-131.49_-39.28_-6.94_-9.94_-37.13_22.31_0.5270_0.8330_0.1039_0.1325end,24.18754657,120.73576221,381.826904296875
896,-0.79_5.48_3.33_-131.49_-39.28_-6.94_-8.50_-39.94_20.50_0.5270_0.8330_0.1039_0.1325end-0.67_6.02_3.67_-131.49_-39.28_-6.94_-9.63_-38.56_18.75_0.5270_0.8330_0.1039_0.1325end-0.60_7.25_4.03_-131.49_-39.28_-6.94_-9.63_-38.56_18.75_0.5270_0.8330_0.1039_0.1325end-0.32_8.20_4.27_-131.49_-39.28_-6.94_-9.63_-38.56_18.75_0.5011_0.8512_0.1007_0.1191end-0.32_8.20_4.27_-131.49_-39.28_-6.94_-9.63_-38.56_18.75_0.4935_0.8569_0.0982_0.1117end-0.05_9.20_3.98_-131.49_-39.28_-6.94_-9.63_-38.56_18.75_0.4935_0.8569_0.0982_0.1117end-0.75_9.60_5.16_-99.71_-120.75_5.82_-9.63_-38.56_18.75_0.4935_0.8569_0.0982_0.1117end-0.75_9.60_5.16_-99.71_-120.75_5.82_-7.50_-39.63_16.56_0.4805_0.8675_0.0907_0.0914end-0.07_9.39_3.40_-99.71_-120.75_5.82_-7.50_-39.63_16.56_0.4775_0.8699_0.0886_0.0856end-0.07_9.39_3.40_-86.84_-135.18_11.19_-6.37_-40.63_17.94_0.4775_0.8699_0.0886_0.0856end,24.18754657,120.73576221,381.826904296875
897,,24.18754657,120.73576221,381.826904296875
898,0.49_9.15_3.09_-86.84_-135.18_11.19_-6.37_-40.63_17.94_0.4775_0.8699_0.0886_0.0856end0.42_9.10_2.69_-81.13_-121.53_12.42_-6.37_-40.63_17.94_0.4694_0.8765_0.0826_0.0689end0.42_9.10_2.69_-81.13_-121.53_12.42_-6.37_-40.63_17.94_0.4667_0.8784_0.0808_0.0638end0.42_9.10_2.69_-75.09_-104.41_13.09_-6.37_-41.31_15.25_0.4642_0.8802_0.0793_0.0591end0.42_9.10_2.69_-72.07_-98.70_13.54_-6.37_-41.31_15.25_0.4594_0.8835_0.0767_0.0505end0.59_10.66_2.72_-72.07_-98.70_13.54_-6.37_-41.31_15.25_0.4594_0.8835_0.0767_0.0505end0.59_10.66_2.72_-72.07_-98.70_13.54_-5.69_-41.00_13.50_0.4530_0.8876_0.0731_0.0386end0.52_11.01_4.80_-72.07_-98.70_13.54_-6.44_-42.44_12.63_0.4510_0.88,24.18754657,120.73576221,381.826904296875
899,89_0.0720_0.0347end1.19_10.96_4.31_-72.07_-98.70_13.54_-6.44_-42.44_12.63_0.4510_0.8889_0.0720_0.0347end1.00_10.91_3.73_-47.34_-84.04_12.31_-6.44_-42.44_12.63_0.4510_0.8889_0.0720_0.0347end,24.18754657,120.73576221,381.826904296875
900,,24.18754657,120.73576221,381.826904296875
901,,24.18754657,120.73576221,381.826904296875
902,,24.18754657,120.73576221,381.826904296875
903,,24.18754657,120.73576221,381.826904296875
904,,24.18754657,120.73576221,381.826904296875
905,,24.18754657,120.73576221,381.826904296875
906,1.00_10.91_3.73_-47.34_-84.04_12.31_-6.44_-42.44_12.63_0.4447_0.8929_0.0676_0.0204end0.99_10.95_3.86_-47.34_-84.04_12.31_-6.44_-42.44_12.63_0.4434_0.8937_0.0667_0.0175end1.41_10.69_4.06_-31.78_-58.97_9.18_-6.44_-42.44_12.63_0.4434_0.8937_0.0667_0.0175end1.41_10.69_4.06_-31.78_-58.97_9.18_-6.44_-42.44_12.63_0.4403_0.8955_0.0643_0.0097end1.51_10.68_3.63_-31.78_-58.97_9.18_-6.44_-42.44_12.63_0.4395_0.8959_0.0635_0.0071end2.21_11.34_3.45_-31.78_-58.97_9.18_-6.44_-42.44_12.63_0.4395_0.8959_0.0635_0.0071end2.99_11.70_3.75_-14.44_-66.81_4.59_-6.44_-42.44_12.63_0.4395_0.8959_0.0635_0.0071end2.99_11.70_3.75_-14.44_-66.81_4.59_-5.31_-42.44_12.13_0.4381_0.8969_0.0604_-0.0011end3.23_12.98_4.53_-5.48_-72.74_2.24_-5.31_-41.69_13.06_0.4379_0.8970_0.0591_-0.0040end3.23_12.98_4.53_-2.35_-73.75_0.34_-5.31_-41.69_13.06_0.4379_0.8971_0.0577_-0.0070end3.23_12.98_4.53_5.15_-65.02_-2.24_-3.87_-42.38_13.50_0.4384_0.8970_0.0551_-0.0123end3.23_12.98_4.53_9.29_-54.83_-4.25_-3.87_-42.38_13.50_0.4388_0.8969_0.0537_-0.0146end3.23_12.98_4.53_13.43_-40.62_-5.82_-3.87_-42.38_13.50_0.4394_0.8966_0.0526_-0.0164end1.56_14.73_3.98_13.43_-40.62_-5.82_-4.94_-41.00_14.44_0.4409_0.8959_0.0511_-0,24.18754657,120.73576221,381.826904296875
907,.0178end1.56_14.73_3.98_13.43_-40.62_-5.82_-4.19_-42.06_13.50_0.4418_0.8955_0.0508_-0.0175end1.56_14.73_3.98_13.43_-40.62_-5.82_-4.19_-42.06_13.50_0.4440_0.8945_0.0512_-0.0145end0.53_15.31_4.26_13.43_-40.62_-5.82_-4.19_-42.06_13.50_0.4453_0.8938_0.0519_-0.0120end0.73_14.32_4.56_13.43_-40.62_-5.82_-4.19_-42.06_13.50_0.4453_0.8938_0.0519_-0.0120end0.73_13.12_4.93_51.36_79.12_-12.98_-4.19_-41.00_13.50_0.4453_0.8938_0.0519_-0.0120end1.09_12.57_5.22_56.06_71.17_-12.53_-4.19_-41.00_13.50_0.4499_0.8914_0.0549_-0.0023end1.01_11.64_6.10_56.06_71.17_-12.53_-4.19_-41.00_13.50_0.4539_0.8892_0.0567_0.0040end0.86_11.18_6.52_56.06_71.17_-12.53_-4.19_-41.00_13.50_0.4562_0.8880_0.0573_0.0065end0.75_11.03_6.52_70.95_37.04_-12.53_-4.19_-41.00_13.50_0.4562_0.8880_0.0573_0.0065end0.73_10.94_6.41_75.09_29.66_-12.87_-4.19_-41.00_13.50_0.4644_0.8837_0.0577_0.0117end0.71_10.72_6.09_75.09_29.66_-12.87_-4.19_-41.00_13.50_0.4675_0.8820_0.0577_0.0132end0.61_10.35_5.57_75.09_29.66_-12.87_-5.31_-41.69_16.06_0.4675_0.8820_0.0577_0.0132end0.57_10.21_5.40_93.89_29.43_-13.76_-5.31_-41.69_16.06_0.4675_0.8820_0.0577_0.0132end0.54_10.11_5.21_93.89_29.43_-13.76_-5.31_-40.31_17.87_0.4675_0.8820_0.0577_0.0132end2.06_15.64_-24.69_170.21_22.38_-23.61_-5.31_-40.31_17.87_0.4904_0.8693_0.0572_0.0213end-4.89_9.61_-2.91_170.21_22.38_-23.61_-5.31_-40.31_17.87_0.4904_0.8693_0.0572_0.0213end,24.18754657,120.73576221,381.826904296875
908,,24.18754657,120.73576221,381.826904296875
909,6.14_6.75_32.78_126.23_46.89_-3.36_-5.31_-40.31_17.87_0.4904_0.8693_0.0572_0.0213end-1.35_10.00_20.83_33.68_40.51_-13.20_-5.31_-40.31_17.87_0.4988_0.8642_0.0592_0.0291end3.34_6.55_21.84_14.66_0.34_-16.45_-5.31_-40.31_17.87_0.4996_0.8638_0.0587_0.0297end-0.97_6.34_7.35_14.66_0.34_-16.45_-5.31_-40.31_17.87_0.4996_0.8638_0.0587_0.0297end-1.41_6.13_1.40_64.68_-5.26_-1.12_-5.31_-40.31_17.87_0.4996_0.8638_0.0587_0.0297end-0.84_6.23_3.88_68.71_-15.33_-0.11_-5.31_-40.31_17.87_0.5044_0.8610_0.0576_0.0303end-0.85_7.27_6.29_68.71_-15.33_-0.11_-5.31_-40.31_17.87_0.5098_0.8579_0.0566_0.0294end-1.87_6.51_3.05_68.71_-15.33_-0.11_-4.56_-39.88_19.62_0.5129_0.8561_0.055,24.18754657,120.73576221,381.826904296875
910,8_0.0286end-0.65_7.16_4.66_68.71_-15.33_-0.11_-4.56_-39.88_19.62_0.5129_0.8561_0.0558_0.0286end-0.33_7.43_5.82_68.71_-15.33_-0.11_-4.19_-39.19_20.94_0.5129_0.8561_0.0558_0.0286end,24.18754657,120.73576221,381.826904296875
911,-0.33_7.43_5.82_85.38_-10.97_-19.47_-4.19_-39.19_20.94_0.5129_0.8561_0.0558_0.0286end-0.33_7.43_5.82_85.38_-10.97_-19.47_-4.19_-39.19_20.94_0.5290_0.8466_0.0507_0.0286end1.85_7.36_10.14_85.38_-10.97_-19.47_-4.19_-39.19_20.94_0.5317_0.8450_0.0496_0.0283end1.04_7.07_7.67_85.38_-10.97_-19.47_-4.19_-39.19_20.94_0.5344_0.8434_0.0486_0.0276end-0.35_7.08_5.11_85.38_-10.97_-19.47_-4.19_-39.19_20.94_0.5399_0.8400_0.0471_0.0264end-0.77_6.91_3.57_85.38_-10.97_-19.47_-4.12_-37.75_22.75_0.5426_0.8383_0.0469_0.0267end-1.58_7.29_2.90_78.78_42.08_-7.72_-4.12_-37.75_22.75_0.5426_0.8383_0.0469_0.0267end-1.45_7.23_2.91_78.78_42.08_-7.72_-4.12_-37.38_23.62_0.5482_0.8344_0.0482_0.0305end-1.32_7.20_2.74_80.46_87.85_-12.42_-4.12_-37.38_23.62_0.5482_0.8344_0.0482_0.0305end-0.33_7.33_2.41_80.46_87.85_-12.42_-4.12_-37.38_23.62_0.5563_0.8282_0.0530_0.0417end,24.18754657,120.73576221,381.826904296875
912,,24.18754657,120.73576221,381.826904296875
913,,24.18754657,120.73576221,381.826904296875
914,-0.01_7.35_2.54_83.15_95.46_-10.18_-3.75_-36.69_23.69_0.5563_0.8282_0.0530_0.0417end0.05_7.37_2.76_83.15_95.46_-10.18_-3.75_-36.69_23.69_0.5591_0.8260_0.0548_0.0457end0.01_7.49_3.26_82.14_75.42_-4.92_-3.75_-36.69_23.69_0.5591_0.8260_0.0548_0.0457end-0.61_7.45_3.36_81.47_66.36_-3.13_-3.75_-36.69_23.69_0.5591_0.8260_0.0548_0.0457end-0.85_7.50_3.18_79.68_63.00_-2.35_-3.75_-36.69_23.69_0.5726_0.8152_0.0621_0.0605end-1.76_7.62_3.14_79.68_63.00_-2.35_-3.75_-36.69_23.69_0.5753_0.8130_0.0635_0.0632end-2.07_7.62_2.57_79.68_63.00_-2.35_-6.31_-36.31_25.88_0.5753_0.8130_0.0635_0.0632end-2.38_7.58_2.10_78.11_69.49_-0.90_-6.31_-36.31_25.88_0.5753_0.8130_0.0635_0.0632end-2.19_7.77_1.93_78.11_69.49_-0.90_-5.94_-35.63_26.75_0.5830_0.8065_0.0679_0.0712end-2.19_7.77_1.93_75.54_38.38_3.47_-5.94_-35.63_26.75_0.5830_0.8065_0.0679_0.0712end,24.18754657,120.73576221,381.826904296875
915,,24.18754657,120.73576221,381.826904296875
916,-2.19_7.77_1.93_75.54_38.38_3.47_-7.00_-34.19_26.75_0.5880_0.8022_0.0703_0.0753end-2.19_7.77_1.93_76.54_7.27_4.59_-7.00_-34.19_26.75_0.5933_0.7982_0.0712_0.0770end-1.66_7.74_3.15_76.54_7.27_4.59_-5.94_-33.94_26.31_0.5933_0.7982_0.0712_0.0770end-1.66_7.74_3.15_82.36_-26.30_2.80_-5.94_-33.94_26.31_0.6017_0.7920_0.0699_0.0762end0.09_7.74_4.92_83.26_-28.98_2.46_-5.94_-33.94_26.31_0.6017_0.7920_0.0699_0.0762end0.69_7.71_4.97_83.26_-28.98_2.46_-5.94_-33.94_26.31_0.6075_0.7878_0.0681_0.0746end0.69_7.71_4.97_83.26_-28.98_2.46_-6.62_-33.56_28.12_0.6133_0.7835_0.0668_0.0738end1.24_7.59_2.61_83.26_-28.98_2.46_-6.62_-33.56_28.12_0.6160_0.7815_0.0667_0.0739end0.44_7.69_0.72_83.26_-28.98_2.46_-6.62_-33.56_28.12_0.6184_0.7794_0.0669_0.0745end0.27_7.70_0.14_72.18_32.56_4.59_-6.62_-33.56_28.12_0.6184_0.7794_0.0669_0.0745end,24.18754657,120.73576221,381.826904296875
917,,24.18754657,120.73576221,381.826904296875
918,,24.18754657,120.73576221,381.826904296875
919,,24.18754657,120.73576221,381.826904296875
920,-0.34_7.66_-0.13_73.07_41.07_5.48_-6.62_-33.56_28.12_0.6256_0.7731_0.0696_0.0783end-1.58_7.67_-1.31_73.07_41.07_5.48_-6.62_-33.56_28.12_0.6280_0.7709_0.0708_0.0800end-1.58_7.67_-1.31_73.07_41.07_5.48_-6.62_-31.75_30.31_0.6305_0.7685_0.0721_0.0818end-2.30_7.93_-1.38_73.07_41.07_5.48_-6.62_-31.75_30.31_0.6356_0.7637_0.0740_0.0848end-2.02_8.04_-1.21_73.07_41.07_5.48_-7.37_-31.75_29.87_0.6384_0.7613_0.0745_0.0858end-1.54_8.21_-0.40_73.07_41.07_5.48_-7.37_-31.75_29.87_0.6411_0.7590_0.0746_0.0862end-1.31_8.34_-0.42_78.00_-5.82_6.38_-7.00_-30.69_30.75_0.6411_0.7590_0.0746_0.0862end-0.75_8.47_-0.96_75.54_-10.52_6.83_-7.00_-30.69_30.75_0.6411_0.7590_0.0746_0.08,24.18754657,120.73576221,381.826904296875
921,62end-0.52_8.39_-1.32_75.54_-10.52_6.83_-7.00_-30.69_30.75_0.6511_0.7505_0.0735_0.0854end0.16_8.22_-2.72_75.54_-10.52_6.83_-7.00_-30.69_30.75_0.6534_0.7486_0.0732_0.0851end0.16_8.22_-2.72_75.54_-10.52_6.83_-6.62_-30.00_31.62_0.6559_0.7465_0.0728_0.0849end0.16_8.22_-2.72_72.74_-12.87_6.27_-6.62_-30.00_31.62_0.6583_0.7445_0.0724_0.0845end0.52_8.29_-2.30_72.74_-12.87_6.27_-6.62_-30.00_31.62_0.6607_0.7424_0.0720_0.0842end0.35_8.53_-1.87_72.96_-11.53_6.49_-8.06_-30.69_32.56_0.6631_0.7403_0.0716_0.0838end0.35_8.53_-1.87_71.06_-7.05_5.71_-8.06_-30.69_32.56_0.6631_0.7403_0.0716_0.0838end0.35_8.53_-1.87_71.06_-7.05_5.71_-8.06_-30.69_32.56_0.6700_0.7343_0.0709_0.0834end0.16_8.64_-2.39_71.06_-7.05_5.71_-8.06_-30.69_32.56_0.6741_0.7305_0.0707_0.0836end-0.17_8.66_-3.33_60.65_-5.04_5.48_-8.06_-30.69_32.56_0.6761_0.7286_0.0706_0.0834en,24.18754657,120.73576221,381.826904296875
922,d-0.31_8.68_-4.05_60.65_-5.04_5.48_-8.06_-30.69_32.56_0.6781_0.7268_0.0703_0.0833end-0.37_8.69_-4.61_59.65_-9.51_4.92_-8.06_-30.69_32.56_0.6781_0.7268_0.0703_0.0833end,24.18754657,120.73576221,381.826904296875
923,-0.41_8.77_-4.65_59.53_-10.18_4.48_-7.31_-28.56_33.38_0.6781_0.7268_0.0703_0.0833end-0.38_8.82_-4.60_59.09_-9.74_4.36_-7.31_-28.56_33.38_0.6859_0.7198_0.0689_0.0822end-0.38_8.90_-4.47_59.09_-9.74_4.36_-7.69_-26.87_33.94_0.6877_0.7181_0.0686_0.0820end-0.41_8.97_-4.04_59.09_-9.74_4.36_-7.69_-26.87_33.94_0.6895_0.7164_0.0683_0.0817end-0.50_9.05_-3.73_59.09_-9.74_4.36_-7.69_-26.87_33.94_0.6913_0.7147_0.0680_0.0815end-0.56_9.10_-3.56_51.14_-5.26_5.93_-7.69_-26.87_33.94_0.6913_0.7147_0.0680_0.0815end-0.59_9.12_-3.20_51.14_-5.26_5.93_-7.69_-26.87_33.94_0.6963_0.7100_0.0675_0.0809end-0.62_9.16_-3.15_51.14_-5.26_5.93_-7.31_-26.50_35.69_0.6979_0.7084_0.0675_0.0809end-0.54_9.19_-2.89_51.14_-5.26_5.93_-7.31_-26.50_35.69_0.6979_0.7084_0.0675_0.0809end-0.47_9.21_-2.50_48.12_15.22_5.04_-7.31_-26.50_35.69_0.7023_0.7038_0.0686_0.0819end,24.18754657,120.73576221,381.826904296875
924,,24.18754657,120.73576221,381.826904296875
925,,24.18754657,120.73576221,381.826904296875
926,-0.48_9.20_-2.17_47.56_26.86_5.93_-8.69_-25.44_35.19_0.7023_0.7038_0.0686_0.0819end-0.65_9.26_-1.48_47.56_26.86_5.93_-8.69_-25.44_35.19_0.7051_0.7006_0.0703_0.0835end-0.97_9.32_-0.76_47.45_37.82_7.16_-7.62_-25.44_35.25_0.7051_0.7006_0.0703_0.0835end-1.16_9.35_-0.37_47.22_42.41_7.27_-7.62_-25.44_35.25_0.7051_0.7006_0.0703_0.0835end-1.29_9.33_-0.16_47.00_44.43_7.83_-7.62_-25.44_35.25_0.7105_0.6940_0.0754_0.0881end-1.43_9.34_0.13_47.00_44.43_7.83_-7.62_-25.44_35.25_0.7119_0.6924_0.0768_0.0892end-1.57_9.26_0.94_47.00_44.43_7.83_-7.62_-25.44_35.25_0.7119_0.6924_0.0768_0.0892end-1.48_9.30_1.14_47.00_44.43_7.83_-7.62_-25.44_35.25_0.7146_0.6892_0.0787_0.0906end-1.28_9.26_1.29_47.00_44.43_7.83_-7.62_-25.44_35.25_0.7175_0.6861_0.0792_0.0905end-1.28_9.26_1.29_47.45_-23.16_11.08_-8.31_-23.69_36.13_0.7175_0.6861_0.0792_0.0905end,24.18754657,120.73576221,381.826904296875
927,,24.18754657,120.73576221,381.826904296875
928,,24.18754657,120.73576221,381.826904296875
929,-1.28_9.26_1.29_48.23_-41.63_11.41_-8.31_-23.69_36.13_0.7206_0.6832_0.0781_0.0888end-1.28_9.26_1.29_48.23_-41.63_11.41_-8.31_-23.31_37.50_0.7222_0.6818_0.0770_0.0875end-1.28_9.26_1.29_49.01_-50.58_11.30_-8.31_-23.31_37.50_0.7255_0.6790_0.0744_0.0844end-0.50_9.10_1.37_49.01_-50.58_11.30_-8.31_-23.31_37.50_0.7272_0.6775_0.0729_0.0826end-0.50_9.10_1.37_51.14_-51.92_11.30_-8.31_-23.31_37.50_0.7289_0.6761_0.0714_0.0809end-0.50_9.10_1.37_51.92_-50.13_10.97_-8.31_-22.94_37.94_0.7324_0.6730_0.0685_0.0775end0.28_9.01_1.51_51.92_-50.13_10.97_-8.31_-22.94_37.94_0.7341_0.6714_0.0672_0.0760end0.39_8.95_1.30_51.92_-50.13_10.97_-8.31_-22.94_37.94_0.7341_0.6714_0.0672_0.0760end0.44_8.90_1.07_51.92_-50.13_10.97_-6.50_-21.19_37.94_0.7393_0.6665_0.0641_0.0723end0.41_8.89_0.93_51.92_-50.13_10.97_-6.50_-21.19_37.94_0.7409_0.6648_0.0634_0.0714end,24.18754657,120.73576221,381.826904296875
930,,24.18754657,120.73576221,381.826904296875
931,0.36_8.82_0.57_51.92_-50.13_10.97_-6.50_-21.19_37.94_0.7409_0.6648_0.0634_0.0714end0.26_8.80_0.10_51.92_-50.13_10.97_-6.50_-21.19_37.94_0.7443_0.6612_0.0626_0.0701end0.29_8.76_0.01_56.96_-3.25_8.95_-6.50_-21.19_37.94_0.7443_0.6612_0.0626_0.0701end0.29_8.76_0.01_56.96_-3.25_8.95_-6.50_-20.56_38.38_0.7493_0.6556_0.0624_0.0693end0.11_8.71_-0.18_57.97_-1.45_8.95_-6.50_-20.56_38.38_0.7510_0.6536_0.0624_0.0691end-0.03_8.68_-0.29_57.97_-1.45_8.95_-6.50_-20.56_38.38_0.7527_0.6517_0.0624_0.0689end-0.16_8.65_-0.26_59.42_-6.15_9.40_-6.50_-20.56_38.38_0.7527_0.6517_0.0624_0.0689end-0.16_8.65_-0.26_59.42_-6.15_9.40_-7.19_-19.81_38.88_0.7562_0.6478_0.0623_0.0684end-0.16_8.65_-0.26_60.21_-9.96_9.40_-7.19_-19.81_38.88_0.7597_0.6438_0.0620_0.0676end-0.50_8.61_-0.26_60.21_-9.96_9.40_-7.19_-18.44_38.94_0.7615_0.6417_0.0616_0.0671end,24.18760818,120.73577529,383.03253173828125
932,,24.18760818,120.73577529,383.03253173828125
933,,24.18760818,120.73577529,383.03253173828125
934,-0.50_8.58_-0.26_60.21_-9.96_9.40_-7.19_-18.44_38.94_0.7615_0.6417_0.0616_0.0671end-0.45_8.51_-0.26_60.21_-9.96_9.40_-7.19_-18.44_38.94_0.7651_0.6377_0.0607_0.0659end-0.41_8.50_-0.25_61.44_-26.63_9.62_-7.19_-18.44_38.94_0.7651_0.6377_0.0607_0.0659end-0.34_8.46_-0.27_61.44_-26.63_9.62_-7.19_-18.44_38.94_0.7705_0.6316_0.0585_0.0634end-0.29_8.39_-0.60_61.44_-26.63_9.62_-5.75_-18.06_40.25_0.7723_0.6296_0.0576_0.0624end-0.27_8.39_-1.25_61.44_-26.63_9.62_-5.75_-18.06_40.25_0.7723_0.6296_0.0576_0.0624end-0.27_8.39_-1.25_61.66_-32.34_10.07_-6.06_-18.75_41.94_0.7723_0.6296_0.0576_0.0624end-0.23_8.32_-1.49_61.66_-32.34_10.07_-6.06_-18.75_41.94_0.7723_0.6296_0.05,24.18760818,120.73577529,383.03253173828125
935,,24.18760818,120.73577529,383.03253173828125
936,,24.18760818,120.73577529,383.03253173828125
937,76_0.0624end-0.27_8.22_-1.20_64.12_-30.33_9.85_-6.06_-18.75_41.94_0.7795_0.6213_0.0538_0.0582end-0.27_8.22_-1.20_64.12_-30.33_9.85_-6.81_-17.37_41.06_0.7814_0.6191_0.0529_0.0573end-0.27_8.22_-1.20_64.68_-22.83_9.40_-6.81_-17.37_41.06_0.7833_0.6169_0.0522_0.0564end-0.22_8.16_-1.15_64.68_-22.83_9.40_-6.81_-17.37_41.06_0.7869_0.6125_0.0508_0.0548end-0.22_8.16_-1.15_64.68_-22.83_9.40_-6.81_-17.37_41.06_0.7906_0.6080_0.0491_0.0530end-0.22_8.16_-1.15_64.68_-22.83_9.40_-6.06_-16.31_40.19_0.7925_0.6057_0.0482_0.0520end-0.02_8.20_-0.92_64.68_-22.83_9.40_-6.06_-16.31_40.19_0.7944_0.6034_0.0472_0.0510end0.13_7.99_-1.09_66.70_-33.35_9.18_-6.06_-16.31_40.19_0.7944_0.6034_0.0472_0.0510end0.46_7.95_-1.77_66.70_-33.35_9.18_-6.06_-16.31_40.19_0.8000_0.5966_0.0438_0.0477end0.58_7.78_-2.19_66.70_-33.35_9.18_-4.94_-14.50_42.00_0.8018_0.5943_0.0425_,24.18760818,120.73577529,383.03253173828125
938,0.0466end0.77_6.81_-3.07_66.70_-33.35_9.18_-4.94_-14.50_42.00_0.8036_0.5920_0.0411_0.0453end1.07_7.54_-3.71_66.81_-37.71_6.38_-4.56_-13.50_41.63_0.8036_0.5920_0.0411_0.0453end1.07_7.54_-3.71_66.70_-20.48_4.81_-4.56_-13.50_41.63_0.8073_0.5873_0.0386_0.0432end1.07_7.54_-3.71_66.70_-20.48_4.81_-4.56_-13.50_41.63_0.8107_0.5827_0.0372_0.0421end1.26_6.29_-4.84_66.70_-20.48_4.81_-4.19_-12.81_43.38_0.8107_0.5827_0.0372_0.0421end1.09_-11.20_-1.09_66.70_-20.48_4.81_-4.19_-12.81_43.38_0.8107_0.5827_0.0372_0.0421end2.72_2.94_-10.91_66.70_-20.48_4.81_-4.19_-12.81_43.38_0.8181_0.5723_0.0373_0.0419end2.41_9.40_-8.79_64.01_19.25_2.80_-4.19_-12.81_43.38_0.8196_0.5701_0.0377_0.0424end2.41_9.40_-8.79_64.01_19.25_2.80_-4.94_-11.75_42.50_0.8196_0.5701_0.0377_0.0424end0.02_7.83_0.25_64.01_19.25_2.80_-4.94_-11.75_42.50_0.8196_0.5701_0.0377_0.0424,24.18760818,120.73577529,383.03253173828125
939,end-1.47_7.42_-5.18_64.01_19.25_2.80_-4.56_-11.06_42.56_0.8246_0.5629_0.0383_0.0422end-0.20_8.04_-6.66_58.53_-7.16_6.71_-4.56_-11.06_42.56_0.8275_0.5587_0.0378_0.0415end,24.18760818,120.73577529,383.03253173828125
940,,24.18760818,120.73577529,383.03253173828125
941,-1.16_7.75_-4.14_58.53_-7.16_6.71_-4.56_-11.06_42.56_0.8291_0.5563_0.0373_0.0411end0.45_7.71_-6.95_58.53_-7.16_6.71_-4.56_-11.06_42.56_0.8291_0.5563_0.0373_0.0411end-0.14_7.82_-6.59_63.90_-17.12_2.46_-3.81_-11.06_43.44_0.8291_0.5563_0.0373_0.0411end-0.14_7.82_-6.59_63.90_-17.12_2.46_-3.81_-11.06_43.44_0.8322_0.5519_0.0362_0.0406end-0.14_7.82_-6.59_64.23_-25.18_6.49_-3.81_-11.06_43.44_0.8353_0.5472_0.0346_0.0395end-0.14_7.82_-6.59_63.00_-29.77_8.50_-3.81_-7.94_42.13_0.8353_0.5472_0.0346_0.0395end-0.14_7.82_-6.59_58.53_-20.81_6.27_-3.81_-7.94_42.13_0.8399_0.5405_0.0320_0.0371end-0.68_7.97_-6.41_56.29_-18.58_3.80_-3.81_-7.94_42.13_0.8426_0.5365_0.0306_0.0,24.18760818,120.73577529,383.03253173828125
942,360end-0.32_7.87_-7.38_56.29_-18.58_3.80_-3.81_-7.94_42.13_0.8439_0.5344_0.0295_0.0354end0.54_7.84_-8.51_56.29_-18.58_3.80_-3.75_-7.62_42.62_0.8439_0.5344_0.0295_0.0354end,24.18760818,120.73577529,383.03253173828125
943,,24.18760818,120.73577529,383.03253173828125
944,0.54_7.84_-8.51_56.29_-18.58_3.80_-3.75_-7.62_42.62_0.8465_0.5307_0.0263_0.0333end0.54_7.84_-8.51_56.29_-18.58_3.80_-3.06_-6.87_43.87_0.8491_0.5270_0.0220_0.0303end0.27_7.91_-9.86_56.29_-18.58_3.80_-3.06_-6.87_43.87_0.8503_0.5252_0.0198_0.0289end0.41_7.98_-9.66_56.29_-18.58_3.80_-3.06_-6.87_43.87_0.8527_0.5216_0.0158_0.0263end0.51_8.05_-9.12_56.29_-18.58_3.80_-1.56_-6.87_43.50_0.8538_0.5198_0.0140_0.0252end0.76_8.08_-8.74_56.29_-18.58_3.80_-1.56_-6.87_43.50_0.8549_0.5182_0.0122_0.0241end0.84_8.09_-8.39_41.96_-46.66_1.34_-1.56_-6.87_43.50_0.8549_0.5182_0.0122_0.0241end0.84_8.09_-8.39_41.96_-46.66_1.34_-1.19_-5.12_43.06_0.8569_0.5150_0.0086_0.0219end0.84,24.18760818,120.73577529,383.03253173828125
945,_8.09_-8.39_41.96_-46.66_1.34_-1.19_-5.12_43.06_0.8588_0.5119_0.0054_0.0200end0.88_7.69_-8.30_41.96_-46.66_1.34_-1.19_-3.69_44.88_0.8597_0.5104_0.0040_0.0192end,24.18760818,120.73577529,383.03253173828125
946,,24.18760818,120.73577529,383.03253173828125
947,1.24_8.14_-7.78_41.96_-46.66_1.34_-1.19_-3.69_44.88_0.8597_0.5104_0.0040_0.0192end1.30_7.93_-8.39_41.96_-46.66_1.34_-1.94_-4.44_43.94_0.8597_0.5104_0.0040_0.0192end1.63_8.14_-7.57_41.96_-46.66_1.34_-1.94_-4.44_43.94_0.8632_0.5046_0.0022_0.0189end1.64_8.09_-6.83_41.96_-46.66_1.34_-1.19_-4.37_43.94_0.8640_0.5031_0.0024_0.0192end1.62_8.11_-6.35_41.96_-46.66_1.34_-1.94_-5.12_43.56_0.8648_0.5017_0.0027_0.0195end1.24_8.13_-5.95_41.96_-46.66_1.34_-1.94_-5.12_43.56_0.8648_0.5017_0.0027_0.0195end1.24_8.13_-5.95_35.70_18.58_-4.59_-1.94_-5.12_43.56_0.8665_0.4988_0.0035_0.0204end1.24_8.13_-5.95_35.70_18.58_-4.59_-1.94_-5.12_43.56_0.8680_0.4960_0.0046_0.0216end0.90_8.05_-5.07_35.70_18.58_-4.59_-0.88_-4.06_43.94_0.8688_0.4946_0.0051_0.0222end0.90_8.05_-5.07_35.59_13.76_-6.38_-1.50_-3.37_44.38_0.8696_0.4932_0.0056_0.0228end,24.18760818,120.73577529,383.03253173828125
948,,24.18760818,120.73577529,383.03253173828125
949,,24.18760818,120.73577529,383.03253173828125
950,0.66_8.04_-4.54_35.59_13.76_-6.38_-1.50_-3.37_44.38_0.8696_0.4932_0.0056_0.0228end0.57_7.95_-4.37_35.59_13.76_-6.38_-1.50_-3.37_44.38_0.8719_0.4890_0.0059_0.0241end0.57_7.95_-4.37_35.81_-1.45_-6.27_-1.50_-3.00_44.88_0.8727_0.4876_0.0057_0.0244end0.49_7.91_-4.13_36.26_-3.80_-6.04_-1.50_-3.00_44.88_0.8727_0.4876_0.0057_0.0244end0.44_7.91_-4.09_37.15_-1.57_-6.94_-1.50_-3.37_44.38_0.8727_0.4876_0.0057_0.0244end0.44_7.91_-4.09_37.82_1.57_-7.50_-1.50_-3.37_44.38_0.8751_0.4834_0.0049_0.0249end0.28_7.82_-3.67_37.82_1.57_-7.50_-1.50_-3.37_44.38_0.8766_0.4804_0.0046_0.0256end0.28_7.82_-3.46_37.82_1.57_-7.50_-1.50_-2.62_44.44_0.8775_0.4789_0.0046_0.0261end0.24_7.75_-3.31_39.73_11.41_-8.28_-1.50_-2.62_44.44_0.8783_0.4774_0.0048_0.0266end0.24_7.75_-3.31_40.62_13.54_-7.72_-1.50_-2.62_44.44_0.8792_0.4757_0.0051_0.0272end,24.18760818,120.73577529,383.03253173828125
951,,24.18760818,120.73577529,383.03253173828125
952,,24.18760818,120.73577529,383.03253173828125
953,,24.18760818,120.73577529,383.03253173828125
954,0.16_7.68_-2.80_40.62_13.54_-7.72_-3.00_-1.31_43.13_0.8792_0.4757_0.0051_0.0272end0.16_7.68_-2.80_42.30_18.13_-7.27_-3.00_-1.31_43.13_0.8817_0.4708_0.0063_0.0291end0.16_7.68_-2.80_42.52_19.25_-7.72_-2.25_-2.00_42.69_0.8817_0.4708_0.0063_0.0291end0.16_7.68_-2.80_43.31_19.58_-7.39_-2.25_-2.00_42.69_0.8834_0.4675_0.0074_0.0305end0.16_7.68_-2.80_44.31_19.47_-7.72_-1.50_-1.31_44.44_0.8834_0.4675_0.0074_0.0305end-0.29_7.42_-2.29_44.31_19.47_-7.72_-1.50_-1.31_44.44_0.8861_0.4622_0.0089_0.0325end-0.45_7.37_-2.27_44.31_19.47_-7.72_-1.50_-1.31_44.44_0.8871_0.4604_0.0092_0.0331end-0.50_7.28_-2.15_44.31_19.47_-7.72_-1.50_-1.31_44.44_0.8871_0.4604_0.0092_0.0331end-,24.18760818,120.73577529,383.03253173828125
955,0.59_7.21_-2.21_49.13_3.92_-6.38_-1.50_-1.31_44.44_0.8871_0.4604_0.0092_0.0331end-0.64_7.14_-2.32_49.13_3.92_-6.38_-3.00_-0.62_43.19_0.8871_0.4604_0.0092_0.0331end-0.64_7.14_-2.32_51.03_-9.96_-6.38_-3.00_-0.62_43.19_0.8920_0.4506_0.0084_0.0347end-0.61_7.07_-2.67_51.03_-9.96_-6.38_-3.00_-0.62_43.19_0.8920_0.4506_0.0084_0.0347end-0.55_6.98_-2.97_51.03_-9.96_-6.38_-3.00_-0.62_43.19_0.8940_0.4466_0.0069_0.0347end-0.42_6.83_-3.04_53.04_-22.60_-6.60_-3.00_-0.62_43.19_0.8940_0.4466_0.0069_0.0347end-0.38_6.79_-3.19_54.05_-25.51_-6.60_-3.00_-0.62_43.19_0.8972_0.4403_0.0035_0.0341end-0.23_6.70_-3.35_55.84_-29.43_-7.05_-3.69_1.12_42.75_0.8972_0.4403_0.0035_0.0341end-0.23_6.70_-3.35_55.84_-29.43_-7.05_-3.69_1.12_42.75_0.8994_0.4359_0.0007_0.0336end-0.02_6.60_-3.42_55.84_-29.43_-7.05_-2.19_2.50_42.75_0.8994_0.4359_0.0007_0.0336end0.08_6.43_-3.40_58.97_-27.98_-7.16_-2.19_2.50_42.75_0.8994_0.4359_0.0007_0.0336end0.08_6.43_-3.40_58.97_-27.98_-7.16_-2.56_2.87_42.81_0.9038_0.4266_-0.0045_0.0327end,24.18760818,120.73577529,383.03253173828125
956,,24.18760818,120.73577529,383.03253173828125
957,0.02_6.39_-3.39_58.97_-27.98_-7.16_-2.56_2.87_42.81_0.9049_0.4243_-0.0054_0.0327end-0.26_6.25_-3.35_58.97_-27.98_-7.16_-2.56_2.87_42.81_0.9049_0.4243_-0.0054_0.0327end-0.48_6.25_-3.36_63.79_6.04_-7.39_-2.56_2.87_42.81_0.9072_0.4193_-0.0067_0.0328end-0.83_6.15_-3.74_65.02_14.10_-7.39_-2.56_2.87_42.81_0.9084_0.4167_-0.0068_0.0331e,24.18760818,120.73577529,383.03253173828125
958,nd-1.27_6.04_-3.95_65.02_14.10_-7.39_-2.56_2.87_42.81_0.9108_0.4114_-0.0062_0.0342end-1.39_5.97_-4.14_65.02_14.10_-7.39_-2.56_2.87_42.81_0.9119_0.4088_-0.0054_0.0349end-1.50_5.91_-4.95_65.02_14.10_-7.39_-2.56_2.87_42.81_0.9119_0.4088_-0.0054_0.0349end-1.28_5.89_-5.43_66.92_26.41_-6.60_-2.56_2.87_42.81_0.9119_0.4088_-0.0054_0.0349end-1.28_5.89_-5.43_66.92_26.41_-6.60_-2.56_2.87_42.81_0.9155_0.4006_-0.0029_0.0371end-1.28_5.89_-5.43_66.36_9.62_-6.83_-2.56_2.87_42.81_0.9155_0.4006_-0.0029_0.0371end,24.18760818,120.73577529,383.03253173828125
959,,24.18760818,120.73577529,383.03253173828125
960,0.21_5.74_-7.44_66.36_9.62_-6.83_-2.56_2.87_42.81_0.9155_0.4006_-0.0029_0.0371end1.42_6.82_-9.73_66.36_9.62_-6.83_-2.56_2.87_42.81_0.9155_0.4006_-0.0029_0.0371end1.21_10.17_-10.04_66.36_9.62_-6.83_-2.56_2.87_42.81_0.9211_0.3873_-0.0063_0.0378end1.21_10.17_-10.04_64.57_-21.49_-15.44_-2.56_2.87_42.81_0.9233_0.3820_-0.0097_0.0377end0.88_13.77_-10.26_64.57_-21.49_-15.44_-2.87_7.31_43.75_0.9233_0.3820_-0.0097_0.0377end0.88_13.77_-10.26_57.86_0.56_-17.90_-2.87_7.31_43.75_0.9243_0.3796_-0.0106_0.0382end0.88_13.77_-10.26_57.86_0.56_-17.90_-2.87_7.31_43.75_0.9261_0.3749_-0.0114_0.0396end0.88_13.77_-10.26_53.16_-7.83_-15.44_-2.87_7.31_43.75_0.9270_0.3727_-0.0120_0.0401end0.03_33.23_-11.69_42.97_-19.25_-14.21_-2.87_7.31_43.75_0.9278_0.3707_-0.0129_0.0405end0.03_33.23_-11.69_42.97_-19.25_-14.21_-4.37_8.38_43.38_0.9285_0.3687_-0.0139_0.0407end,24.18760818,120.73577529,383.03253173828125
961,,24.18760818,120.73577529,383.03253173828125
962,,24.18760818,120.73577529,383.03253173828125
963,0.48_30.62_-12.19_42.97_-19.25_-14.21_-4.37_8.38_43.38_0.9291_0.3671_-0.0148_0.0411end0.00_27.62_-11.71_42.97_-19.25_-14.21_-4.37_8.38_43.38_0.9304_0.3636_-0.0162_0.0428end0.10_24.74_-11.03_42.97_-19.25_-14.21_-4.37_8.38_43.38_0.9304_0.3636_-0.0162_0.0428end0.97_22.17_-10.89_11.41_-3.69_-17.12_-4.37_8.38_43.38_0.9304_0.3636_-0.0162_0.0428end0.97_22.17_-10.89_6.94_-30.21_-14.21_-4.75_8.69_40.69_0.9310_0.3619_-0.0174_0.0447end0.97_22.17_-10.89_5.04_-36.26_-13.76_-4.75_8.69_40.69_0.9311_0.3614_-0.0201_0.0450end0.16_18.97_-10.22_5.04_-36.26_-13.76_-4.75_9.75_41.13_0.9311_0.3613_-0.0219_0.0450end0.14_17.20_-7.68_5.04_-36.26_-13.76_-4.75_9.75_41.13_0.9310_0.3614_-0.0235_0.0450end0.31_16.91_-7.68_-11.19_-24.06_-16.45_-4.37_9.38_42.00_0.9310_0.3614_-0.0235_0.0450end0.31_16.91_-7.68_-11.19_-24.06_-16.45_-4.37_9.38_42.00_0.9304_0.3626_-0.0275_0.0458end,24.18760818,120.73577529,383.03253173828125
964,,24.18760818,120.73577529,383.03253173828125
965,,24.18760818,120.73577529,383.03253173828125
966,0.31_16.91_-7.68_-11.19_-24.06_-16.45_-4.37_9.00_40.69_0.9301_0.3632_-0.0284_0.0461end0.20_16.62_-7.72_-11.19_-24.06_-16.45_-4.37_9.00_40.69_0.9298_0.3640_-0.0293_0.0466end0.55_16.82_-7.91_-11.19_-24.06_-16.45_-4.37_9.00_40.69_0.9298_0.3640_-0.0293_0.0466end0.35_17.16_-7.83_-23.84_-12.53_-16.56_-4.37_9.00_40.69_0.9298_0.3640_-0.0293_0.0466end0.41_17.37_-7.61_-28.65_-4.36_-16.56_-4.37_9.00_40.69_0.9281_0.3677_-0.0320_0.0488end0.39_17.50_-7.36_-28.65_-4.36_-16.56_-4.37_9.00_40.69_0.9276_0.3689_-0.0322_0.0496end0.27_17.32_-7.34_-28.65_-4.36_-16.56_-4.37_9.00_40.69_0.9276_0.3689_-0.0322_0.0496end0.27_17.32_-7.34_-39.95_25.29_-18.02_-2.56_8.00_40.25_0.9265_0.3715_-0.0318_0.0514end0.22_16.52_-8.14_-39.95_25.29_-18.02_-2.56_8.00_40.25_0.9251_0.3746_-0.0302_0.0538end0.03_16.25_-8.36_-46.44_30.44_-16.79_-2.56_8.00_40.25_0.9244_0.3763_-0.0292_0.0550end,24.18760818,120.73577529,383.03253173828125
967,,24.18760818,120.73577529,383.03253173828125
968,,24.18760818,120.73577529,383.03253173828125
969,-0.43_15.54_-8.81_-46.44_30.44_-16.79_-1.44_7.69_42.00_0.9244_0.3763_-0.0292_0.0550end-0.50_15.16_-9.00_-53.38_29.21_-15.78_-1.44_7.69_42.00_0.9244_0.3763_-0.0292_0.0550end-0.61_14.35_-10.04_-53.38_29.21_-15.78_-1.44_7.69_42.00_0.9219_0.3822_-0.0260_0.0586end-0.61_14.35_-10.04_-66.02_29.43_-14.88_-2.56_6.94_41.50_0.9197_0.3870_-0.0239_0.0609end-0.89_13.51_-11.05_-66.02_29.43_-14.88_-2.94_6.25_41.50_0.9186_0.3896_-0.0227_0.0621end-0.89_13.51_-11.05_-66.02_29.43_-14.88_-2.94_6.25_41.50_0.9174_0.3923_-0.0214_0.0634end-0.89_13.51_-11.05_-66.02_29.43_-14.88_-1.81_5.56_42.38_0.9146_0.3984_-0.0179_0.0665end-0.56_11.68_-11.30_-66.02_29.43_-14.88_-1.81_5.56_42.,24.18760818,120.73577529,383.03253173828125
970,,24.18760818,120.73577529,383.03253173828125
971,,24.18760818,120.73577529,383.03253173828125
972,38_0.9131_0.4017_-0.0159_0.0681end-0.68_11.11_-11.20_-66.02_29.43_-14.88_-1.81_5.56_42.38_0.9131_0.4017_-0.0159_0.0681end-0.68_11.11_-11.20_-66.02_29.43_-14.88_-3.31_4.62_43.19_0.9078_0.4129_-0.0089_0.0733end-0.88_10.13_-10.93_-66.02_29.43_-14.88_-3.31_4.62_43.19_0.9058_0.4169_-0.0062_0.0751end-0.77_9.05_-10.22_-116.05_69.94_-17.12_-3.31_4.62_43.19_0.9058_0.4169_-0.0062_0.0751end-0.64_8.65_-10.02_-116.05_69.94_-17.12_-3.31_2.87_42.75_0.8991_0.4302_0.0024_0.0812end-0.60_8.27_-9.80_-116.05_69.94_-17.12_-4.06_2.87_43.19_0.8965_0.4351_0.0056_0.0834end-0.61_7.46_-9.38_-116.05_69.94_-17.12_-4.06_2.87_43.19_0.8939_0.4399_0.0087_0.0855end-0.75_6.53_-8.88_-116.05_69.94_-17.12_-4.06_2.87_43.19_0.8912_0.4448_0.0120_0.0877end-0.66_6.09_-8.71_-142.57_83.71_-20.14_-4.06_2.87_43.19_0.8912_0.4448_0.0120_0.0877end-0.66_6.09_-8.71_-142.57_83.71_-20.14_-5.87_0.44_44.00_0.8853_0.4553_0.0189_0.0924end-0.66_6.09_-8.71_-150.51_91.32_-22.38_-5.87_0.44_44.00_0.8822_0.4606_0.0224_0.0948end-0.36_4.91_-7.91_-150.51_91.32_-22.38_-5.87_0.44_44.00_0.8790_0.4661_0.0261_0.0974end-0.52_4.11_-7.34_-159.69_102.95_-25.18_-5.87_0.44_44.00_0.8720_0.4774_0.0341_0.1030end-0.52_4.11_-7.34_-162.26_107.43_-26.41_-7.06_-2.69_43.94_0.8720_0.4774_0.0341_0.1030end-0.84_3.04_-5.92_-162.26_107.43_-26.41_-7.06_-2.69_43.94_0.8645_0.4888_0.0427_0.1090end-0.84_3.04_-5.92_-162.26_107.43_-26.41_-7.44_-4.12_43.94_0.8566_0.5002_0.0519_0.1155end-1.06_2.14_-5.21_-172.78_126.23_-32.45_-7.44_-4.12_43.94_0.8524_0.5060_0.0566_0.1190end-1.00_1.84_-4.86_-172.78_126.23_-32.45_-7.44_-4.12_43.94_0.8479_0.5120_0.0617_0.1227end-1.00_1.79_-4.83_-176.14_127.24_-35.36_-7.44_-4.12_43.94_0.8479_0.5120_0.0617_0.1227end-1.00_1.79_-4.83_-176.14_127.24_-35.36_-9.56_-7.31_4,24.18760818,120.73577529,383.03253173828125
973,3.44_0.8389_0.5237_0.0713_0.1299end-1.05_1.66_-4.55_-179.72_117.95_-38.16_-9.56_-7.31_43.44_0.8389_0.5237_0.0713_0.1299end-1.05_1.66_-4.55_-179.72_117.95_-38.16_-9.56_-7.31_43.44_0.8245_0.5417_0.0842_0.1403end,24.18760818,120.73577529,383.03253173828125
974,,24.18760818,120.73577529,383.03253173828125
975,,24.18760818,120.73577529,383.03253173828125
976,-1.02_1.61_-4.09_-179.72_117.95_-38.16_-9.56_-7.31_43.44_0.8196_0.5478_0.0879_0.1433end-1.10_1.66_-3.82_-179.72_117.95_-38.16_-9.56_-7.31_43.44_0.8144_0.5541_0.0913_0.1462end-1.04_1.80_-3.66_-187.11_73.07_-42.64_-9.56_-7.31_43.44_0.8144_0.5541_0.0913_0.1462end-1.04_1.80_-3.66_-187.11_73.07_-42.64_-9.56_-7.31_43.44_0.7988_0.5732_0.0990_0.1534end-0.96_1.80_-3.01_-187.11_73.07_-42.64_-9.56_-7.31_43.44_0.7936_0.5796_0.1008_0.1553end-0.96_1.80_-3.01_-187.11_73.07_-42.64_-13.31_-14.94_40.19_0.7883_0.5861_0.1023_0.1569end-0.97_1.82_-2.86_-187.11_73.07_-42.64_-13.31_-14.94_40.19_0.7883_0.5861_0.1023_0.1569end-0.91_1.86_-2.43_-187.11_73.07_-42.64_-13.31_-14.94_40.19_0.7883_0.5861_0.1023_0.1569end-0.91_1.86_-2.43_-195.50_15.22_-43.08_-13.31_-14.94_40.19_0.7720_0.6059_0.1057_0.1607end-0.91_1.86_-2.43_-195.50_15.22_-43.08_-13.31_-14.94_40.19_0.7607_0.6193_0.1072_0.1627end,24.18760818,120.73577529,383.03253173828125
977,,24.18760818,120.73577529,383.03253173828125
978,-0.91_1.86_-2.43_-195.84_14.77_-42.19_-13.31_-14.94_40.19_0.7550_0.6257_0.1078_0.1635end-1.25_2.23_-1.93_-195.84_14.77_-42.19_-12.31_-18.50_37.56_0.7550_0.6257_0.1078_0.1635end-1.25_2.23_-1.93_-196.62_24.17_-41.41_-12.31_-18.50_37.56_0.7433_0.6389_0.1096_0.1654end-1.25_2.23_-1.93_-196.62_24.17_-41.41_-13.38_-19.56_37.56_0.7316_0.6514_0.1116_0.1675end-1.52_2.62_-1.26_-197.40_30.33_-40.62_-12.31_-21.25_37.06_0.7316_0.6514_0.1116_0.1675end-1.43_2.65_-1.11_-197.40_30.33_-40.62_-12.31_-21.25_37.06_0.7255_0.6576_0.1128_0.1686end-1.43_2.62_-1.10_-195.95_31.56_-38.94_-12.31_-21.25_37.06_0.7131_0.6700_0.1154_0.1710end-1.21_2.50_-0.81_-195.95_31.56_-38.94_-12.75,24.18760818,120.73577529,383.03253173828125
979,_-24.81_34.38_0.7069_0.6760_0.1167_0.1722end-1.21_2.50_-0.81_-195.16_26.86_-38.38_-12.75_-24.81_34.38_0.6943_0.6880_0.1191_0.1743end-1.21_2.50_-0.81_-194.38_25.74_-38.27_-13.13_-26.56_33.44_0.6943_0.6880_0.1191_0.1743end,24.18760818,120.73577529,383.03253173828125
980,-1.20_2.35_-0.21_-194.38_25.74_-38.27_-13.13_-27.31_32.13_0.6943_0.6880_0.1191_0.1743end-1.20_2.35_-0.21_-193.15_22.05_-37.15_-13.13_-27.31_32.13_0.6818_0.6996_0.1213_0.1760end-1.20_2.35_-0.21_-191.02_11.97_-35.70_-13.13_-28.31_32.13_0.6692_0.7111_0.1230_0.1772end-3.29_2.79_1.12_-189.23_6.04_-34.91_-13.50_-28.69_30.31_0.6630_0.7167_0.1237_0.1774end-1.47_3.01_1.16_-189.68_6.94_-36.93_-13.50_-28.69_30.31_0.6630_0.7167_0.1237_0.1774end-1.61_3.21_1.13_-189.68_6.94_-36.93_-13.50_-28.69_30.31_0.6502_0.7280_0.1248_0.1780end-1.77_3.37_1.23_-189.68_6.94_-36.93_-13.19_-31.50_29.00_0.6312_0.7443_0.1259_0.1781end-0.36_3.42_2.24_-189.68_6.94_-36.93_-13.19_-31.50_29.00_0.6250_0.7496_0.1260_0.1777end-1.06_3.60_1.81_-189.68_6.94_-36.93_-11.75_-32.56_27.62_0.6250_0.7496_0.1260_0.1777end-1.24_3.64_1.32_-181.40_-21.37_-27.75_-11.75_-32.56_27.62_0.6125_0.7603_0.1259_0.1759end,24.18760818,120.73577529,383.03253173828125
981,,24.18760818,120.73577529,383.03253173828125
982,-1.24_3.64_1.32_-181.40_-21.37_-27.75_-11.75_-32.56_27.62_0.6125_0.7603_0.1259_0.1759end-1.24_3.64_1.32_-177.15_-10.07_-27.64_-11.75_-32.56_27.62_0.6004_0.7703_0.1259_0.1741end-1.24_3.64_1.32_-174.46_-7.05_-26.75_-11.75_-32.56_27.62_0.5941_0.7753_0.1260_0.1735end-1.24_3.64_1.32_-174.46_-7.05_-26.75_-11.75_-32.56_27.62_0.5820_0.7846_0.1265_0.1724end-0.87_4.39_2.62_-174.46_-7.05_-26.75_-11.75_-32.56_27.62_0.5698_0.7935_0.1271_0.1715end-1.06_4.57_3.16_-174.46_-7.05_-26.75_-11.75_-32.56_27.62_0.5698_0.7935_0.1271_0.1715end-1.22_4.45_3.26_-174.46_-7.05_-26.75_-11.75_-32.56_27.62_0.5581_0.8019_0.1279_0.1707end-1.39_4.27_3.22_-160.14_4.48_-20.93_-11.75_-32.56_27.62_0.5581_0.8019_0.1279_0.1707end-1.39_4.27_3.22_-160.14_4.48_-20.93_-10.69_-37.44_23.62_0.5405_0.8136_0.1299_0.1703end-1.29_4.01_3.30_-160.14_4.48_-20.93_-10.69_-37.44_23.62_0.5405_0.8136_0.1299_0.1703end,24.18760818,120.73577529,383.03253173828125
983,,24.18760818,120.73577529,383.03253173828125
984,,24.18760818,120.73577529,383.03253173828125
985,,24.18760818,120.73577529,383.03253173828125
986,-1.29_4.01_3.30_-149.17_23.28_-19.47_-10.69_-37.44_23.62_0.5347_0.8173_0.1307_0.1706end-1.29_4.01_3.30_-146.26_24.06_-18.46_-10.69_-37.44_23.62_0.5291_0.8207_0.1317_0.1710end-1.29_4.01_3.30_-146.26_24.06_-18.46_-10.69_-39.25_21.00_0.5235_0.8240_0.1326_0.1714end-1.29_4.01_3.30_-140.55_22.83_-17.35_-10.69_-39.25_21.00_0.5125_0.8304_0.1346_0.1722end-1.29_4.01_3.30_-134.62_14.44_-16.34_-11.06_-39.25_18.75_0.5073_0.8334_0.1355_0.1726end-1.62_4.64_3.50_-134.62_14.44_-16.34_-11.06_-39.25_18.75_0.4969_0.8394_0.1370_0.1727end-1.55_5.37_3.54_-134.62_14.44_-16.34_-10.00_-40.38_15.69_0.4969_0.8394_0.1370_0.1727end-1.55_5.64_3.46_-126.90_-21.15_-12.53_-10.00_-40.38,24.18760818,120.73577529,383.03253173828125
987,,24.18760818,120.73577529,383.03253173828125
988,,24.18760818,120.73577529,383.03253173828125
989,_15.69_0.4828_0.8481_0.1375_0.1697end-1.50_6.00_3.38_-126.90_-21.15_-12.53_-10.38_-40.00_15.69_0.4783_0.8511_0.1371_0.1674end-1.11_7.53_3.29_-126.90_-21.15_-12.53_-10.38_-40.00_15.69_0.4741_0.8542_0.1364_0.1645end-0.77_8.11_3.25_-113.58_-104.86_-4.70_-10.38_-40.00_15.69_0.4741_0.8542_0.1364_0.1645end-0.37_9.13_3.48_-113.58_-104.86_-4.70_-10.38_-40.00_15.69_0.4662_0.8604_0.1339_0.1567end-0.37_9.13_3.48_-110.34_-118.40_-3.25_-10.38_-40.00_15.69_0.4626_0.8633_0.1323_0.1520end-0.37_9.13_3.48_-110.34_-118.40_-3.25_-10.38_-41.37_14.38_0.4592_0.8663_0.1304_0.1468end0.18_10.68_3.32_-102.51_-138.43_0.34_-10.38_-41.37_14.38_0.4527_0.8723_0.1263_0.1354end0.18_10.68_3.32_-102.51_-138.43_0.34_-10.00_-41.37_13.50_0.4527_0.8723_0.1263_0.1354end0.18_10.68_3.32_-95.23_-129.03_2.69_-10.00_-41.75_12.63_0.4436_0.8801_0.1205_0.1187end0.18_10.68_3.32_-89.19_-107.54_3.69_-10.00_-41.75_12.63_0.4436_0.8801_0.1205_0.1187end0.64_9.94_2.82_-89.19_-107.54_3.69_-10.00_-41.75_12.63_0.4436_0.8801_0.1205_0.1187end0.62_9.79_2.96_-89.19_-107.54_3.69_-8.56_-42.13_11.25_0.4322_0.8886_0.1154_0.1017end0.59_9.77_2.90_-89.19_-107.54_3.69_-8.56_-42.13_11.25_0.4295_0.8904_0.1144_0.0982end0.49_10.06_3.17_-89.19_-107.54_3.69_-8.94_-42.81_10.81_0.4295_0.8904_0.1144_0.0982end0.48_10.25_3.43_-89.19_-107.54_3.69_-8.25_-41.37_11.25_0.4295_0.8904_0.1144_0.0982end0.48_10.25_3.43_-89.19_-107.54_3.69_-8.25_-41.37_11.25_0.4199_0.8969_0.1105_0.0842end0.35_10.41_3.81_-89.19_-107.54_3.69_-8.25_-41.37_11.25_0.4178_0.8983_0.1094_0.0805end0.45_10.49_3.81_-89.19_-107.54_3.69_-8.25_-42.81_9.94_0.4159_0.8997_0.1082_0.0768end0.26_10.32_3.96_-53.83_-89.86_5.82_-8.25_-42.81_9.94_0.4159_0.8997_0.1082_0.0768end0.26_10.32_3.96_-50.58_-92.88_5.60_-8.25_-42.81_9.94_0.4125_0.9022_0.1058_0.0691end0.24_9.99_3.85_-50.58_-92.88_5.60_-8.25_-42.81_9.94_0.4096_0.9044_0.1032_0.0610end0.24_9.99_3.85_-37.60_-88.85_6.27_-8.25_-42.81_9.94_0.4084_0.9053_0.1019_0.0571end,24.18760818,120.73577529,383.03253173828125
990,,24.18760818,120.73577529,383.03253173828125
991,,24.18760818,120.73577529,383.03253173828125
992,0.41_10.08_3.34_-37.60_-88.85_6.27_-6.81_-42.81_9.94_0.4084_0.9053_0.1019_0.0571end0.41_10.08_3.34_-26.86_-95.90_7.61_-6.81_-42.81_9.94_0.4073_0.9061_0.1006_0.0532end0.13_10.55_4.87_-26.86_-95.90_7.61_-6.81_-42.81_9.94_0.4057_0.9076_0.0981_0.0455end0.09_10.89_4.22_-26.86_-95.90_7.61_-6.81_-42.81_9.94_0.4046_0.9088_0.0953_0.0371end0.56_11.50_4.84_-26.86_-95.90_7.61_-7.56_-42.13_9.56_0.4046_0.9088_0.0953_0.0371end0.70_11.53_5.01_-10.41_-108.77_6.49_-7.56_-42.13_9.56_0.4046_0.9088_0.0953_0.0371end0.70_11.53_5.01_-6.15_-110.34_6.49_-7.56_-42.50_8.19_0.4046_0.9088_0.0953_0.0371end1.41_11.06_4.88_-6.15_-110.34_6.49_-7.56_-42.50_8.19_0.4050_0.9100_0.0872_0.01,24.18760818,120.73577529,383.03253173828125
993,51end1.48_10.77_4.93_7.72_-100.94_3.36_-7.56_-42.50_9.56_0.4050_0.9100_0.0872_0.0151end1.64_10.62_4.80_11.97_-92.10_1.68_-7.56_-42.50_9.56_0.4050_0.9100_0.0872_0.0151end,24.18760818,120.73577529,383.03253173828125
994,,24.18760818,120.73577529,383.03253173828125
995,,24.18760818,120.73577529,383.03253173828125
996,1.64_10.62_4.80_11.97_-92.10_1.68_-5.69_-43.50_9.56_0.4080_0.9094_0.0812_0.0008end1.73_10.46_5.20_11.97_-92.10_1.68_-5.69_-43.50_9.56_0.4092_0.9089_0.0801_-0.0015end1.71_10.00_5.51_11.97_-92.10_1.68_-5.69_-43.50_9.56_0.4092_0.9089_0.0801_-0.0015end1.71_10.00_5.51_11.97_-92.10_1.68_-5.69_-43.50_9.56_0.4119_0.9078_0.0786_-0.0042end1.71_10.00_5.51_11.97_-92.10_1.68_-5.69_-43.50_9.56_0.4135_0.9072_0.0781_-0.0045end1.60_9.04_5.32_11.97_-92.10_1.68_-5.69_-43.50_9.56_0.4169_0.9056_0.0776_-0.0036end1.51_9.14_5.53_11.97_-92.10_1.68_-6.44_-42.13_10.88_0.4189_0.9047_0.0775_-0.0027end1.49_9.27_5.61_65.02_17.90_-12.87_-6.44_-42.13_10.88_0.4189_0.9047_0.0775_-0.0027end1.49_9.27_5.61_65.02_17.90_-12.87_-6.44_-42.81_11.31_0.4260_0.9014_0.0771_0.0007end1.43_9.95_5.71_65.02_17.90_-12.87_-6.44_-42.81_11.31_0.4288_0.9001_0.0768_0.0019end,24.18760818,120.73577529,383.03253173828125
997,1.44_10.52_5.74_65.02_17.90_-12.87_-6.44_-42.81_11.31_0.4318_0.8987_0.0766_0.0031end1.29_11.12_5.63_83.26_16.56_-16.67_-6.44_-42.75_13.50_0.4318_0.8987_0.0766_0.0031end1.29_11.12_5.63_87.85_17.68_-17.35_-6.44_-42.75_13.50_0.4382_0.8957_0.0759_0.0056end1.29_11.12_5.63_92.21_18.46_-18.69_-5.69_-42.75_12.63_0.4382_0.8957_0.0759_0.0,24.18760818,120.73577529,383.03253173828125
998,056end1.29_11.12_5.63_100.72_20.03_-20.48_-5.69_-42.75_12.63_0.4489_0.8904_0.0748_0.0098end1.33_11.79_4.81_100.72_20.03_-20.48_-6.44_-41.69_13.50_0.4489_0.8904_0.0748_0.0098end1.33_11.79_4.81_109.11_18.69_-21.82_-6.44_-41.69_13.50_0.4568_0.8864_0.0738_0.0129end1.14_12.02_4.17_109.11_18.69_-21.82_-6.44_-41.69_13.50_0.4568_0.8864_0.0738_0.0129end1.14_12.02_4.17_109.11_18.69_-21.82_-6.44_-41.69_13.50_0.4698_0.8796_0.0721_0.0174end0.92_11.92_3.64_109.11_18.69_-21.82_-6.44_-41.69_13.50_0.4743_0.8773_0.0714_0.0189end,24.18760818,120.73577529,383.03253173828125
999,,24.18760818,120.73577529,383.03253173828125
1000,0.91_11.44_3.38_127.91_15.78_-25.40_-6.44_-41.69_13.50_0.4743_0.8773_0.0714_0.0189end0.91_11.44_3.38_127.91_15.78_-25.40_-6.44_-41.69_13.50_0.4837_0.8721_0.0701_0.0220end0.89_10.64_3.18_127.91_15.78_-25.40_-6.00_-40.63_17.44_0.4933_0.8668_0.0685_0.0250end7.70_-17.23_31.18_127.91_15.78_-25.40_-6.00_-40.63_17.44_0.4993_0.8635_0.0671_0.0255end5.67_21.47_38.34_-35.92_59.09_-17.12_-6.00_-40.63_17.44_0.4993_0.8635_0.0671_0.0255end-0.97_3.68_51.55_167.63_-2.57_5.82_-5.25_-39.94_19.25_0.4993_0.8635_0.0671_0.0255end-0.97_3.68_51.55_6.49_-91.32_-4.25_-5.25_-39.94_19.25_0.5087_0.8582_0.0642_0.0239end4.00_7.87_23.96_6.49_-91.32_-4.25_-5.25_-39.94_19.25_0.5094_0.85,24.18760818,120.73577529,383.03253173828125
1001,,24.18760818,120.73577529,383.03253173828125
1002,,24.18760818,120.73577529,383.03253173828125
1003,,24.18760818,120.73577529,383.03253173828125
1004,81_0.0616_0.0200end-0.69_6.18_1.13_6.49_-91.32_-4.25_-5.25_-39.94_19.25_0.5094_0.8581_0.0616_0.0200end5.00_7.29_-8.67_47.90_-65.91_-8.95_-4.19_-39.88_19.62_0.5094_0.8581_0.0616_0.0200end5.00_7.29_-8.67_47.90_-65.91_-8.95_-4.19_-39.88_19.62_0.5142_0.8560_0.0524_0.0075end-1.24_7.56_0.12_47.90_-65.91_-8.95_-4.19_-39.88_19.62_0.5165_0.8547_0.0513_0.0070end-1.02_6.39_-3.56_47.90_-65.91_-8.95_-3.06_-38.50_19.25_0.5165_0.8547_0.0513_0.0070end2.43_7.96_-1.93_94.90_69.94_-22.72_-3.06_-38.50_19.25_0.5165_0.8547_0.0513_0.0070end2.43_7.96_-1.93_95.01_86.73_-20.81_-3.06_-38.50_19.25_0.5254_0.8491_0.0526_0.0153end0.78_7.18_2.44_95.01_86.73_-20.81_-3.06_-38.50_19.25_0.5287_0.8469_0.0539_0.0195end0.78_7.18_2.44_88.41_81.80_-10.07_-3.06_-38.50_19.25_0.5354_0.8422_0.0569_0.0275end-1.30_7.93_16.58_66.25_73.41_-10.30_-3.06_-38.50_19.25_0.5381_0.8403_0.05,24.18760818,120.73577529,383.03253173828125
1005,83_0.0309end-1.84_7.78_13.75_66.25_73.41_-10.30_-3.06_-38.50_19.25_0.5403_0.8387_0.0594_0.0337end-2.46_7.17_9.80_55.84_50.13_-10.97_-3.06_-38.50_19.25_0.5403_0.8387_0.0594_0.0337end-1.52_7.20_2.82_55.84_50.13_-10.97_-5.62_-37.75_21.87_0.5441_0.8359_0.0609_0.0383end-1.48_7.20_1.02_56.51_61.44_-12.42_-5.62_-37.75_21.87_0.5480_0.8329_0.0627_0.0436end-2.48_7.22_1.87_56.51_61.44_-12.42_-5.62_-37.75_21.87_0.5504_0.8312_0.0637_0.0461end-1.73_7.40_1.64_56.51_61.44_-12.42_-5.62_-37.75_21.87_0.5504_0.8312_0.0637_0.0461end-2.02_7.46_1.19_56.51_61.44_-12.42_-5.94_-37.06_24.12_0.5586_0.8253_0.0655_0.0510end-2.29_7.65_1.71_56.51_61.44_-12.42_-5.94_-36.38_24.12_0.5615_0.8232_0.0659_0.0524end-2.21_7.77_3.42_56.51_61.44_-12.42_-5.94_-36.38_24.12_0.5615_0.8232_0.0659_0.0524end-1.25_7.79_4.08_56.51_61.44_-12.42_-5.94_-36.38_24.12_0.5615_0.8232_0.06,24.18760818,120.73577529,383.03253173828125
1006,59_0.0524end-1.30_7.92_4.38_56.51_61.44_-12.42_-5.94_-36.38_24.12_0.5615_0.8232_0.0659_0.0524end-0.47_7.74_4.34_56.51_61.44_-12.42_-5.94_-36.38_24.12_0.5615_0.8232_0.0659_0.0524end,24.18760818,120.73577529,383.03253173828125
1007,-0.27_7.69_4.18_56.51_61.44_-12.42_-5.94_-36.38_24.12_0.5779_0.8116_0.0640_0.0560end-0.43_7.72_3.87_74.42_-59.42_0.78_-5.94_-36.38_24.12_0.5835_0.8081_0.0609_0.0523end-0.59_7.72_3.81_74.42_-59.42_0.78_-4.44_-35.25_27.19_0.5863_0.8063_0.0591_0.0504end-0.59_7.72_3.81_75.31_-43.87_-4.36_-4.44_-35.25_27.19_0.5891_0.8046_0.0576_0.049,24.18760818,120.73577529,383.03253173828125
1008,0end-0.29_7.74_2.82_75.31_-43.87_-4.36_-5.56_-35.94_26.31_0.5891_0.8046_0.0576_0.0490end-0.29_7.74_2.82_76.10_-25.96_-6.94_-5.56_-35.94_26.31_0.5945_0.8008_0.0555_0.0479end-0.29_7.74_2.82_76.10_-25.96_-6.94_-5.19_-34.88_27.19_0.5971_0.7988_0.0551_0.0482end-0.29_7.74_2.82_77.10_20.59_-5.82_-5.19_-34.88_27.19_0.5998_0.7968_0.0550_0.0491end-0.29_7.74_2.82_77.22_30.89_-4.25_-5.19_-35.25_27.19_0.5998_0.7968_0.0550_0.0491end-1.13_7.97_1.48_77.22_30.89_-4.25_-5.19_-35.25_27.19_0.5998_0.7968_0.0550_0.0491end,24.18760818,120.73577529,383.03253173828125
1009,,24.18760818,120.73577529,383.03253173828125
1010,-1.15_7.96_1.32_77.22_30.89_-4.25_-4.81_-34.19_29.00_0.6123_0.7863_0.0596_0.0582end-1.29_8.05_1.09_77.22_30.89_-4.25_-4.81_-34.19_29.00_0.6146_0.7841_0.0610_0.0606end-1.48_8.05_0.43_77.22_30.89_-4.25_-4.81_-34.19_29.00_0.6146_0.7841_0.0610_0.0606end-1.52_8.04_-0.46_77.22_30.89_-4.25_-5.19_-32.44_29.44_0.6146_0.7841_0.0610_0.0606end-1.52_8.04_-0.46_77.22_30.89_-4.25_-5.19_-32.44_29.44_0.6239_0.7756_0.0660_0.0693end-1.66_8.20_-1.47_77.22_30.89_-4.25_-5.19_-32.44_29.44_0.6262_0.7736_0.0669_0.0707end-1.74_8.23_-1.59_77.22_30.89_-4.25_-6.25_-32.44_29.87_0.6285_0.7715_0.0676_0.0720end-1.81_8.29_-1.57_71.62_25.74_2.35_-6.25_-32.44_29.87_0.6285_0.7715_0.0676_0.0720end-1.81_8.29_-1.57_71.62_25.74_2.35_-6.25_-32.44_29.87_0.6354_0.7654_0.0692_0.0750end-1.68_8.41_-1.98_71.62_25.74_2.35_-6.25_-32.44_29.87_0.6376_0.7634_0.0696_0.0757end,24.18760818,120.73577529,383.03253173828125
1011,,24.18760818,120.73577529,383.03253173828125
1012,,24.18760818,120.73577529,383.03253173828125
1013,-1.66_8.51_-2.40_71.62_25.74_2.35_-6.25_-32.44_29.87_0.6376_0.7634_0.0696_0.0757end-1.57_8.55_-2.84_64.91_15.33_4.36_-6.25_-32.44_29.87_0.6376_0.7634_0.0696_0.0757end-1.62_8.60_-3.06_63.79_14.77_5.26_-6.25_-31.75_31.19_0.6376_0.7634_0.0696_0.0757end-1.62_8.63_-3.16_62.78_15.22_6.15_-6.25_-31.75_31.19_0.6482_0.7540_0.0717_0.0787end-1.60_8.64_-3.27_62.78_15.22_6.15_-6.25_-31.75_31.19_0.6501_0.7522_0.0722_0.0793end-1.62_8.79_-3.24_62.78_15.22_6.15_-6.25_-31.75_31.19_0.6501_0.7522_0.0722_0.0793end-1.62_8.79_-3.24_59.98_21.49_6.83_-6.25_-31.75_31.19_0.6541_0.7485_0.0734_0.0807end-1.62_8.82_-3.27_59.98_21.49_6.83_-6.25_-31.75_31.19_0.6559_0.7468_0.0741_0.0814end-1.62_8.82_-3.27_57.63_23.05_8.17_-7.00_-30.37_31.62_0.6577_0.7450_0.0748_0.0822end-1.62_8.82_-3.27_56.85_21.49_8.62_-7.00_-30.37_31.62_0.6577_0.7450_0.0748_0.0822end,24.18760818,120.73577529,383.03253173828125
1014,,24.18760818,120.73577529,383.03253173828125
1015,-1.62_8.82_-3.27_56.85_21.49_8.62_-7.00_-30.37_31.62_0.6631_0.7399_0.0769_0.0839end-1.72_9.05_-1.66_56.85_21.49_8.62_-7.00_-30.37_31.62_0.6631_0.7399_0.0769_0.0839end-1.72_9.05_-1.66_56.85_21.49_8.62_-7.69_-29.31_31.69_0.6682_0.7350_0.0785_0.0848end-1.70_9.12_-0.94_56.85_21.49_8.62_-7.69_-29.31_31.69_0.6699_0.7334_0.0789_0.0849end-1.64_9.14_-0.32_56.85_21.49_8.62_-7.69_-29.31_31.69_0.6699_0.7334_0.0789_0.0849end-1.68_9.16_-0.21_51.03_-4.92_12.53_-7.69_-29.31_31.69_0.6699_0.7334_0.0789_0.0849end-1.68_9.16_-0.21_50.81_-10.97_13.09_-7.69_-29.31_31.69_0.6766_0.7273_0.0792_0.0835end-1.62_9.20_0.15_50.81_-10.97_13.09_-7.69_-29.31_31.69_0.6783_0.7258_0.0789_0,24.18760818,120.73577529,383.03253173828125
1016,.0827end-1.60_9.18_0.61_50.81_-10.97_13.09_-7.69_-29.31_31.69_0.6783_0.7258_0.0789_0.0827end-1.55_9.19_0.82_49.91_-21.49_14.66_-7.31_-28.19_34.31_0.6783_0.7258_0.0789_0.0827end,24.18760818,120.73577529,383.03253173828125
1017,,24.18760818,120.73577529,383.03253173828125
1018,,24.18760818,120.73577529,383.03253173828125
1019,-1.55_9.19_0.82_49.91_-21.49_14.66_-7.69_-26.87_33.00_0.6835_0.7214_0.0778_0.0799end-1.47_9.14_1.16_49.91_-21.37_14.88_-7.69_-26.87_33.00_0.6868_0.7184_0.0771_0.0781end-1.48_9.11_1.20_49.91_-21.37_14.88_-7.69_-26.87_33.00_0.6885_0.7170_0.0768_0.0771end-1.54_9.14_1.38_49.91_-21.37_14.88_-7.69_-26.87_33.00_0.6885_0.7170_0.0768_0.0771end-1.55_9.11_1.48_49.91_-21.37_14.88_-7.69_-26.87_33.00_0.6885_0.7170_0.0768_0.0771end-1.55_9.11_1.48_49.91_-21.37_14.88_-7.69_-27.19_35.19_0.6937_0.7124_0.0759_0.0740end-1.55_9.11_1.48_49.91_-21.37_14.88_-7.69_-27.19_35.19_0.6972_0.7093_0.0753_0.0719end-1.37_9.02_1.52_49.91_-21.37_14.88_-7.31_-25.81_35.19_0.6990_0.7077_0.07,24.18760818,120.73577529,383.03253173828125
1020,49_0.0707end-1.14_9.01_1.38_49.91_-21.37_14.88_-7.31_-25.81_35.19_0.7007_0.7061_0.0744_0.0695end-1.06_8.94_1.36_52.71_-32.12_18.58_-7.31_-25.81_35.19_0.7007_0.7061_0.0744_0.0695end-1.04_8.93_1.29_52.71_-32.12_18.58_-6.94_-25.44_36.13_0.7061_0.7014_0.0726_0.0653end-1.01_8.90_1.10_52.71_-32.12_18.58_-6.94_-25.44_36.13_0.7080_0.6996_0.0718_0.0637end-0.96_8.88_1.06_54.72_-40.40_19.25_-6.94_-25.44_36.13_0.7080_0.6996_0.0718_0.0637end-0.96_8.86_0.94_54.72_-40.40_19.25_-6.87_-24.37_36.56_0.7136_0.6947_0.0693_0.0587end-0.84_8.81_0.93_54.72_-40.40_19.25_-6.87_-24.37_36.56_0.7155_0.6930_0.0684_0.0569end-0.84_8.81_0.93_56.74_-49.24_19.92_-6.87_-25.06_36.50_0.7155_0.6930_0.0684_0.0569end-0.81_8.82_0.89_56.74_-49.24_19.92_-6.87_-25.06_36.50_0.7192_0.6896_0.0663_0.0532end-0.81_8.82_0.89_57.18_-52.82_20.03_-6.87_-25.06_36.50_0.7211_0.6878_0.0652_0.0512end-0.81_8.82_0.89_57.18_-52.82_20.03_-6.19_-24.00_36.56_0.7230_0.6861_0.0640_0.0493end-0.81_8.82_0.89_57.74_-55.39_19.81_-6.19_-24.00_36.56_0.7269_0.6826_0.0615_0.0450end,24.18760818,120.73577529,383.03253173828125
1021,,24.18760818,120.73577529,383.03253173828125
1022,-0.63_8.68_0.59_57.74_-55.39_19.81_-7.25_-22.25_37.44_0.7269_0.6826_0.0615_0.0450end-0.27_8.67_0.23_59.31_-66.70_19.25_-7.25_-22.25_37.44_0.7307_0.6790_0.0585_0.0403end-0.27_8.67_0.23_59.31_-66.70_19.25_-7.25_-22.25_37.44_0.7347_0.6753_0.0549_0.0353end0.45_8.58_-0.32_59.31_-66.70_19.25_-7.25_-22.25_37.44_0.7366_0.6735_0.0530_0.0328end0.65_8.52_-0.80_59.31_-66.70_19.25_-7.25_-22.25_37.44_0.7366_0.6735_0.0530_0.0328end0.84_8.54_-1.11_59.65_-69.05_17.68_-7.25_-22.25_37.44_0.7366_0.6735_0.0530_0.0328end0.84_8.54_-1.11_59.65_-69.05_17.68_-5.00_-21.12_39.63_0.7424_0.6678_0.0476_0.0253end0.84_8.54_-1.11_59.65_-69.05_17.68_-5.00_-21.12_39.63_0.7462_0.6639_0.04,24.18760818,120.73577529,383.03253173828125
1023,44_0.0209end1.59_8.51_-1.46_59.65_-69.05_17.68_-4.31_-21.12_40.12_0.7462_0.6639_0.0444_0.0209end1.79_8.51_-1.82_59.65_-69.05_17.68_-3.56_-20.88_37.94_0.7462_0.6639_0.0444_0.0209end,24.18760818,120.73577529,383.03253173828125
1024,,24.18760818,120.73577529,383.03253173828125
1025,1.79_8.51_-1.82_59.98_-47.90_13.20_-3.56_-20.88_37.94_0.7462_0.6639_0.0444_0.0209end1.94_8.48_-2.33_59.98_-47.90_13.20_-3.56_-20.88_37.94_0.7553_0.6542_0.0378_0.0118end1.96_8.49_-2.68_59.98_-47.90_13.20_-3.56_-20.88_37.94_0.7571_0.6522_0.0367_0.0103end1.96_8.52_-2.80_59.98_-47.90_13.20_-2.81_-20.12_41.06_0.7571_0.6522_0.0367_0.0103end1.96_8.51_-2.90_59.98_-47.90_13.20_-2.81_-20.12_41.06_0.7623_0.6463_0.0338_0.0063end1.65_8.49_-2.97_59.98_-47.90_13.20_-2.81_-20.12_41.06_0.7640_0.6443_0.0331_0.0052end1.65_8.49_-2.97_59.98_-47.90_13.20_-3.19_-19.44_40.19_0.7657_0.6423_0.0324_0.0043end1.39_8.46_-3.05_59.98_-47.90_13.20_-3.19_-19.44_40.19_0.7657_0.6423_0.0324_0.0043end1.32_8.52_-3.18_59.98_-47.90_13.20_-3.19_-19.44_40.19_0.7691_0.6384_0.0312_0.0026end1.32_8.52_-3.18_58.97_-28.54_7.72_-3.19_-19.44_40.19_0.7725_0.6343_0.0297_0.0006end,24.18760818,120.73577529,383.03253173828125
1026,,24.18760818,120.73577529,383.03253173828125
1027,1.23_8.54_-3.11_58.97_-28.54_7.72_-3.19_-19.44_40.19_0.7741_0.6324_0.0289_-0.0004end1.23_8.54_-3.11_58.08_-29.54_5.93_-3.19_-19.44_40.19_0.7758_0.6303_0.0280_-0.0014end1.48_8.60_-3.73_56.96_-24.62_5.15_-1.69_-18.00_40.19_0.7758_0.6303_0.0280_-0.0014end1.48_8.60_-3.73_56.96_-24.62_5.15_-1.69_-18.00_40.19_0.7805_0.6246_0.0264_-0.0034end1.70_8.58_-5.46_56.96_-24.62_5.15_-1.69_-18.00_40.19_0.7805_0.6246_0.0264_-0.0034end1.59_8.52_-5.48_52.15_7.61_3.58_-1.69_-18.00_40.19_0.7805_0.6246_0.0264_-0.0034end1.59_8.52_-5.48_52.15_7.61_3.58_-1.69_-18.00_40.19_0.7848_0.6192_0.0270_-0.0033end1.59_8.52_-5.48_52.15_7.61_3.58_-1.69_-16.25_40.63_0.7877_0.6154_0.0284_-0.0024end1.44_8.52_-3.22_52.15_7.61_3.58_-1.69_-16.25_40.63_0.7892_0.6135_0.0292_-0.0018end1.49_8.68_-2.30_58.97_24.17_2.80_-1.69_-16.25_40.63_0.7892_0.6135_0.0292_-0.0018end,24.18760818,120.73577529,383.03253173828125
1028,,24.18760818,120.73577529,383.03253173828125
1029,,24.18760818,120.73577529,383.03253173828125
1030,1.49_8.68_-2.30_58.97_24.17_2.80_-3.50_-15.19_42.88_0.7923_0.6094_0.0311_-0.0005end1.49_8.68_-2.30_58.97_24.17_2.80_-3.50_-15.19_42.88_0.7952_0.6054_0.0331_0.0009end1.34_8.76_-0.37_58.97_24.17_2.80_-2.37_-15.19_41.63_0.7966_0.6035_0.0342_0.0018end1.05_8.56_-0.45_58.97_24.17_2.80_-2.37_-15.19_41.63_0.7966_0.6035_0.0342_0.0018end0.88_8.46_-1.28_58.97_24.17_2.80_-2.37_-15.19_41.63_0.7993_0.5998_0.0364_0.0035end0.84_8.42_-1.54_54.50_26.30_1.23_-2.37_-15.19_41.63_0.7993_0.5998_0.0364_0.0035end0.77_8.35_-1.87_54.50_26.30_1.23_-2.37_-14.50_40.75_0.8034_0.5941_0.0394_0.0059end0.84_8.34_-2.31_58.30_19.92_1.45_-2.37_-14.50_40.75_0.8049_0.5920_0.0402_0.0065end0.82_8.31_-2.10_58.30_19.92_1.45_-2.37_-13.81_42.94_0.8049_0.5920_0.0402_0.0065end0.82_8.31_-2.10_58.30_19.92_1.45_-2.37_-13.81_42.94_0.8094_0.5856_0.0421_0.0081end,24.18760818,120.73577529,383.03253173828125
1031,1.05_8.33_-1.85_58.30_19.92_1.45_-2.37_-13.81_42.94_0.8110_0.5834_0.0425_0.0085end1.36_8.27_-2.32_58.30_19.92_1.45_-3.44_-12.81_42.94_0.8110_0.5834_0.0425_0.0085end1.42_8.26_-2.73_58.53_4.48_0.11_-3.44_-12.81_42.94_0.8110_0.5834_0.0425_0.0085end1.63_8.14_-3.84_58.53_4.48_0.11_-4.56_-12.50_41.63_0.8155_0.5771_0.0432_0.0093end1.80_8.09_-5.09_58.53_4.48_0.11_-4.56_-12.50_41.63_0.8184_0.5730_0.0430_0.0095end1.90_8.07_-5.59_56.62_-4.70_-1.23_-4.56_-12.50_41.63_0.8198_0.5710_0.0428_0.0096end1.94_8.05_-5.98_56.96_-5.71_-1.23_-4.56_-12.50_41.63_0.8198_0.5710_0.0428_0.0096end2.02_8.09_-6.51_56.96_-5.71_-1.23_-4.56_-12.50_41.63_0.8227_0.5668_0.0422_0.0096end2.08_8.13_-6.57_56.96_-8.17_-1.90_-4.56_-12.50_41.63_0.8255_0.5628_0.0415_0.0096end2.05_8.16_-6.54_56.96_-8.17_-1.90_-3.06_-10.31_42.94_0.8255_0.5628_0.0415_0.0096end,24.18760818,120.73577529,383.03253173828125
1032,,24.18760818,120.73577529,383.03253173828125
1033,,24.18760818,120.73577529,383.03253173828125
1034,,24.18760818,120.73577529,383.03253173828125
1035,2.05_8.16_-6.54_55.06_-12.65_-3.58_-3.06_-10.31_42.94_0.8269_0.5607_0.0410_0.0096end2.05_8.16_-6.54_55.06_-12.65_-3.58_-3.81_-9.31_41.19_0.8283_0.5588_0.0405_0.0095end2.05_8.16_-6.54_54.27_-13.88_-4.03_-3.81_-9.31_41.19_0.8310_0.5548_0.0392_0.0093end2.05_8.16_-6.54_54.27_-13.88_-4.03_-3.06_-10.00_42.50_0.8310_0.5548_0.0392_0.0093end2.05_8.16_-6.54_49.91_-15.22_-6.27_-3.06_-10.00_42.50_0.8348_0.5493_0.0371_0.0091end1.84_8.14_-6.70_49.91_-15.22_-6.27_-3.06_-10.00_42.50_0.8348_0.5493_0.0371_0.0091end1.69_8.14_-6.71_48.90_-13.88_-6.94_-3.06_-10.00_42.50_0.8348_0.5493_0.0371_0.0091end1.39_8.17_-6.94_48.90_-13.88_-6.94_-2.69_-7.94_43.00_0.8395_0.5422_0.0344_0.0092end1.11_8.18_-6.93_48.90_-13.88_-6.94_-2.69_-7.94_43.00_0.8406_0.5405_0.0338_0.0093end0.61_8.18_-6.82_48.90_-13.88_-6.94_-2.69_-7.94_43.00_0.8406_0.5405_0.0338_0.0093end,24.18760818,120.73577529,383.03253173828125
1036,0.28_8.22_-6.81_48.90_-13.88_-6.94_-2.31_-7.56_42.56_0.8439_0.5355_0.0325_0.0099end0.22_8.23_-6.77_48.90_-13.88_-6.94_-2.31_-7.56_42.56_0.8449_0.5339_0.0321_0.0101end-0.27_8.26_-6.36_48.90_-13.88_-6.94_-2.31_-7.56_42.56_0.8449_0.5339_0.0321_0.0101end-0.22_8.21_-6.34_43.08_-8.84_-7.95_-1.94_-6.50_44.31_0.8449_0.5339_0.0321_0.0101end-0.22_8.21_-6.34_43.08_-8.84_-7.95_-1.94_-6.50_44.31_0.8490_0.5275_0.0302_0.0109end-0.22_8.21_-6.34_43.08_-8.84_-7.95_-3.37_-7.25_43.44_0.8500_0.5258_0.0295_0.0110end-0.25_8.20_-5.40_43.08_-8.84_-7.95_-1.94_-6.87_44.31_0.8510_0.5243_0.0289_0.0111end-0.23_8.21_-5.00_43.08_-8.84_-7.95_-1.94_-6.87_44.31_0.8510_0.5243_0.0289_0.01,24.18760818,120.73577529,383.03253173828125
1037,11end-0.21_8.18_-4.48_41.85_-8.84_-7.27_-1.94_-6.87_44.31_0.8510_0.5243_0.0289_0.0111end-0.21_8.18_-4.48_41.52_-6.27_-7.16_-3.00_-5.81_43.44_0.8539_0.5196_0.0273_0.0115end,24.18760818,120.73577529,383.03253173828125
1038,,24.18760818,120.73577529,383.03253173828125
1039,-0.21_8.18_-4.48_41.41_-6.38_-6.71_-3.00_-5.81_43.44_0.8558_0.5165_0.0264_0.0118end-0.23_8.17_-3.86_41.41_-6.38_-6.71_-3.00_-5.81_43.44_0.8568_0.5149_0.0260_0.0120end-0.27_8.13_-3.68_41.41_-6.38_-6.71_-3.00_-5.81_43.44_0.8568_0.5149_0.0260_0.0120end-0.15_8.11_-3.40_41.41_-6.38_-6.71_-3.00_-5.81_43.44_0.8568_0.5149_0.0260_0.0120end-0.15_8.02_-3.29_41.41_-6.38_-6.71_-3.00_-5.81_43.44_0.8606_0.5086_0.0236_0.0122end-0.10_8.05_-3.29_41.41_-6.38_-6.71_-3.00_-5.81_43.44_0.8616_0.5070_0.0227_0.0121end0.05_7.92_-3.23_41.41_-6.38_-6.71_-2.62_-5.12_43.06_0.8616_0.5070_0.0227_0.0121end0.05_7.92_-3.23_41.41_-6.38_-6.71_-1.56_-4.37_43.94_0.8635_0.5037_0.0204_0.0115e,24.18760818,120.73577529,383.03253173828125
1040,nd0.05_7.92_-3.23_41.41_-6.38_-6.71_-1.56_-4.37_43.94_0.8655_0.5005_0.0176_0.0107end0.20_7.80_-3.09_44.76_-39.73_-6.71_-1.56_-4.37_43.94_0.8665_0.4987_0.0160_0.0101end,24.18760818,120.73577529,383.03253173828125
1041,,24.18760818,120.73577529,383.03253173828125
1042,0.35_7.73_-3.01_45.66_-41.63_-6.83_-1.56_-4.37_43.94_0.8665_0.4987_0.0160_0.0101end0.49_7.70_-2.96_45.66_-41.63_-6.83_-1.56_-4.37_43.94_0.8665_0.4987_0.0160_0.0101end0.54_7.63_-2.90_45.66_-41.63_-6.83_-1.56_-4.37_43.94_0.8707_0.4918_0.0087_0.0076end0.55_7.58_-2.94_47.67_-45.66_-8.17_-1.56_-4.37_43.94_0.8707_0.4918_0.0087_0.0076end0.53_7.57_-2.89_47.67_-45.66_-8.17_0.25_-4.06_44.38_0.8707_0.4918_0.0087_0.0076end0.51_7.46_-2.88_48.01_-44.65_-8.50_0.25_-4.06_44.38_0.8738_0.4863_0.0030_0.0057end0.51_7.46_-2.88_49.91_-38.27_-9.40_0.25_-4.06_44.38_0.8748_0.4844_0.0012_0.0052end0.51_7.46_-2.88_49.91_-38.27_-9.40_-0.13_-2.62_44.38_0.8759_0.4825_-0.0005_0.0048end0.51_7.46_-2.88_51.48_-33.24_-10.30_-0.13_-2.62_44.38_0.8780_0.4786_-0.0037_0.0040end0.51_7.46_-2.88_52.37_-31.00_-10.30_-0.13_-1.31_44.00_0.8801_0.4747_-0.0065_0.0035end,24.18760818,120.73577529,383.03253173828125
1043,,24.18760818,120.73577529,383.03253173828125
1044,0.34_7.25_-2.84_54.16_-27.53_-10.63_-0.13_-1.31_44.00_0.8813_0.4725_-0.0078_0.0033end0.16_7.14_-2.79_54.16_-27.53_-10.63_0.62_-0.94_44.00_0.8824_0.4705_-0.0091_0.0031end0.10_7.08_-2.78_55.39_-26.19_-11.19_-1.12_-0.94_43.56_0.8824_0.4705_-0.0091_0.0031end0.10_7.08_-2.78_55.39_-26.19_-11.19_0.62_-1.94_44.44_0.8846_0.4661_-0.0116_0.0029end0.10_7.08_-2.78_57.86_-26.63_-12.31_0.62_-1.94_44.44_0.8869_0.4617_-0.0142_0.0027end0.01_6.86_-2.77_57.86_-26.63_-12.31_0.62_-1.94_44.44_0.8881_0.4594_-0.0154_0.0026end-0.12_6.72_-2.76_57.86_-26.63_-12.31_0.62_-1.94_44.44_0.8881_0.4594_-0.0154_0.0026end-0.29_6.73_-2.69_57.86_-26.63_-12.31_0.62_-1.94_44.44_0.8904_0.4547_-0.0181_0.0024end-0.61_6.59_-2.47_57.86_-26.63_-12.31_0.62_-1.94_44.44_0.8929_0.4498_-0.0210_0.0021end-0.98_6.46_-2.16_57.86_-26.63_-12.31_0.31_1.87_42.69_0.8941_0.4473_-0.0224_0.0019end,24.18760818,120.73577529,383.03253173828125
1045,,24.18760818,120.73577529,383.03253173828125
1046,,24.18760818,120.73577529,383.03253173828125
1047,-1.39_6.43_-1.87_57.86_-26.63_-12.31_0.31_1.87_42.69_0.8953_0.4448_-0.0239_0.0017end-1.49_6.36_-1.84_66.70_-37.15_-11.86_0.31_1.87_42.69_0.8953_0.4448_-0.0239_0.0017end-1.69_6.32_-1.95_66.70_-37.15_-11.86_0.31_1.87_42.69_0.8990_0.4369_-0.0288_0.0009end-1.87_6.21_-2.57_66.70_-37.15_-11.86_0.31_1.87_42.69_0.9003_0.4342_-0.0307_0.0,24.18760818,120.73577529,383.03253173828125
1048,004end-1.87_6.21_-2.57_66.70_-37.15_-11.86_1.37_2.56_43.63_0.9016_0.4315_-0.0330_-0.0002end-1.88_5.98_-3.97_66.70_-37.15_-11.86_2.12_4.00_43.63_0.9016_0.4315_-0.0330_-0.0002end-1.24_5.87_-5.11_66.70_-37.15_-11.86_2.12_4.00_43.63_0.9016_0.4315_-0.0330_-0.0002end-1.24_5.87_-5.11_66.70_-37.15_-11.86_2.12_4.00_43.63_0.9061_0.4207_-0.0439_-0.0032end-0.71_5.71_-6.57_67.37_-75.87_-16.45_2.50_5.62_43.75_0.9072_0.4180_-0.0471_-0.0040end-0.31_5.70_-8.80_67.37_-75.87_-16.45_2.50_5.62_43.75_0.9072_0.4180_-0.0471_-0.0040end,24.18760818,120.73577529,383.03253173828125
1049,-0.31_5.70_-8.80_65.91_-78.56_-17.46_2.50_5.62_43.75_0.9093_0.4126_-0.0540_-0.0057end-0.31_5.70_-8.80_65.91_-78.56_-17.46_2.50_5.94_43.25_0.9102_0.4101_-0.0575_-0.0066end-0.31_5.70_-8.80_65.91_-78.56_-17.46_2.87_5.62_43.25_0.9111_0.4077_-0.0609_-0.0073end-0.31_5.70_-8.80_49.13_-41.07_-24.73_2.87_5.62_43.25_0.9111_0.4077_-0.0609_-0.0073end-0.31_5.70_-8.80_49.13_-41.07_-24.73_2.87_5.62_43.69_0.9127_0.4031_-0.0663_-0.0078end-0.52_36.63_-13.66_49.13_-41.07_-24.73_2.87_5.62_43.69_0.9127_0.4031_-0.0663_-0.0078end-0.52_36.63_-13.66_40.73_-26.19_-22.94_2.87_5.62_43.69_0.9150_0.3972_-0.0706_-0.0068end1.00_34.43_-10.77_40.73_-26.19_-22.94_2.87_5.62_43.69_0.9150_0.3972_-0.0706_-0.0068end-0.05_28.83_-13.28_27.64_-42.19_-23.95_2.94_8.06_42.44_0.9150_0.3972_-0.0706_-0.0068end-0.04_27.04_-14.77_21.04_-41.85_-23.72_3.31_7.75_44.19_0.9150_0.3972_-0.0706_-0.0068end,24.18760818,120.73577529,383.03253173828125
1050,,24.18760818,120.73577529,383.03253173828125
1051,,24.18760818,120.73577529,383.03253173828125
1052,2.64_24.21_-11.69_21.04_-41.85_-23.72_3.31_7.75_44.19_0.9174_0.3898_-0.0807_-0.0048end2.64_24.21_-11.69_2.46_-15.89_-25.96_3.62_8.44_42.81_0.9174_0.3895_-0.0818_-0.0040end2.84_19.98_-11.03_2.46_-15.89_-25.96_3.69_8.75_43.31_0.9174_0.3895_-0.0818_-0.0040end2.62_18.62_-12.88_-8.50_6.38_-26.41_3.69_8.75_43.31_0.9172_0.3898_-0.0831_-0.0008end0.11_17.30_-10.87_-8.50_6.38_-26.41_3.69_8.75_43.31_0.9171_0.3900_-0.0827_0.0005end0.61_17.19_-6.07_-8.50_6.38_-26.41_3.62_8.44_42.44_0.9171_0.3900_-0.0827_0.0005end0.52_16.96_-5.23_-12.65_49.91_-24.95_3.62_8.44_42.44_0.9171_0.3900_-0.0827_0.0005end0.42_16.51_-6.33_-12.65_49.91_-24.95_2.19_7.69_42.44_0.9170_0.3910_-0.0,24.18760818,120.73577529,383.03253173828125
1053,786_0.0059end0.42_16.51_-6.33_-12.65_49.91_-24.95_2.19_7.69_42.44_0.9169_0.3920_-0.0750_0.0101end0.64_16.66_-5.48_-12.65_49.91_-24.95_1.81_8.75_41.13_0.9167_0.3926_-0.0731_0.0123end,24.18765024,120.73575135,377.5887451171875
1054,,24.18765024,120.73575135,377.5887451171875
1055,0.65_17.04_-2.59_-12.65_49.91_-24.95_1.81_8.75_41.13_0.9167_0.3926_-0.0731_0.0123end-0.22_16.98_-3.16_-12.65_49.91_-24.95_1.81_8.75_41.13_0.9164_0.3939_-0.0699_0.0163end-0.22_16.98_-3.16_-12.65_49.91_-24.95_1.81_8.75_41.13_0.9161_0.3947_-0.0682_0.0184end0.20_16.32_-5.04_-23.05_61.10_-28.42_1.81_8.75_41.13_0.9156_0.3962_-0.0643_0.0229end0.61_16.30_-5.30_-23.05_61.10_-28.42_1.81_8.75_41.13_0.9153_0.3970_-0.0618_0.0256end0.61_16.30_-5.30_-25.51_90.42_-31.67_1.81_8.75_41.13_0.9153_0.3970_-0.0618_0.0256end0.61_16.30_-5.30_-25.51_90.42_-31.67_1.81_8.75_41.13_0.9146_0.3997_-0.0518_0.0346end-0.20_16.60_-6.17_-25.51_90.42_-31.67_0.69_6.62_41.50_0.9146_0.3997_-0,24.18765024,120.73575135,377.5887451171875
1056,.0518_0.0346end-0.20_16.60_-6.17_-34.36_122.20_-32.23_0.69_6.62_41.50_0.9138_0.4019_-0.0430_0.0417end-0.20_16.60_-6.17_-42.97_132.38_-31.11_0.69_6.62_41.50_0.9138_0.4019_-0.0430_0.0417end,24.18765024,120.73575135,377.5887451171875
1057,,24.18765024,120.73575135,377.5887451171875
1058,-0.20_16.60_-6.17_-47.34_133.62_-30.21_0.69_6.62_41.50_0.9125_0.4047_-0.0333_0.0490end-0.20_16.60_-6.17_-46.66_122.65_-24.84_0.69_6.62_41.50_0.9125_0.4047_-0.0333_0.0490end-0.20_16.60_-6.17_-51.92_116.49_-24.17_0.69_6.62_41.50_0.9109_0.4080_-0.0239_0.0558end-1.75_14.14_-9.43_-51.92_116.49_-24.17_0.69_6.62_41.50_0.9109_0.4080_-0.0239_0.0558end-1.75_14.14_-9.43_-62.89_103.07_-23.61_-1.81_4.62_42.75_0.9109_0.4080_-0.0239_0.0558end-2.38_13.54_-9.27_-62.89_103.07_-23.61_-1.81_4.62_42.75_0.9055_0.4186_-0.0040_0.0705end-1.04_13.30_-9.16_-62.89_103.07_-23.61_-2.19_2.87_42.31_0.9039_0.4213_-0.0007_0.0731end-1.66_12.50_-9.66_-62.89_103.07_-23.61_-2.19_3.56_43.19_0.9023_0.4243_0.0024_0.0754end-0.63_11.47_-9.88_-62.89_103.07_-23.61_-2.19_3.56_43.19_0.9006_0.4275_0.0053_0.0778end-1.05_10.96_-9.82_-94.78_72.63_-20.81_-2.19_3.56_43.19_0.9006_0.4275_0.0053_0.0778end,24.18765024,120.73575135,377.5887451171875
1059,,24.18765024,120.73575135,377.5887451171875
1060,,24.18765024,120.73575135,377.5887451171875
1061,-1.05_10.96_-9.82_-94.78_72.63_-20.81_-2.19_3.56_43.19_0.8948_0.4383_0.0135_0.0841end-1.35_9.09_-9.18_-94.78_72.63_-20.81_-2.19_3.56_43.19_0.8948_0.4383_0.0135_0.0841end-1.35_9.09_-9.18_-116.38_64.79_-21.37_-4.81_1.12_43.13_0.8948_0.4383_0.0135_0.0841end-0.63_8.25_-9.16_-116.38_64.79_-21.37_-4.81_1.12_43.13_0.8948_0.4383_0.0135_0.0841end-0.46_7.43_-8.92_-125.33_60.54_-20.70_-4.81_1.12_43.13_0.8853_0.4553_0.0236_0.0920end-0.46_7.43_-8.92_-134.96_55.17_-20.48_-4.81_1.12_43.13_0.8825_0.4601_0.0261_0.0938end-0.46_7.43_-8.92_-134.96_55.17_-20.48_-4.81_1.12_43.13_0.8768_0.4700_0.0306_0.0973end-0.46_7.43_-8.92_-144.25_53.38_-21.49_-7.37_-2.37_43.94_0.8704_0.4807_0.0350_0.1008end-0.45_5.23_-7.84_-144.25_53.38_-21.49_-7.37_-2.37_43.94_0.8671_0.4861_0.0372_0.1025end-0.46_4.39_-6.93_-144.25_53.38_-21.49_-6.69_-4.44_44.31_0.8671_0.4861_0.0372_0.1025end,24.18765024,120.73575135,377.5887451171875
1062,,24.18765024,120.73575135,377.5887451171875
1063,-0.48_4.15_-6.76_-163.49_46.33_-23.28_-6.69_-4.44_44.31_0.8671_0.4861_0.0372_0.1025end-0.48_4.15_-6.76_-167.19_46.55_-23.50_-6.69_-4.44_44.31_0.8524_0.5093_0.0453_0.1089end-0.78_3.53_-6.54_-167.19_46.55_-23.50_-6.69_-4.44_44.31_0.8483_0.5156_0.0475_0.1105end-0.46_3.64_-6.08_-167.19_46.55_-23.50_-7.06_-6.94_43.44_0.8483_0.5156_0.0475_0.1105end-0.44_3.67_-6.09_-177.04_53.16_-25.07_-7.06_-6.94_43.44_0.8483_0.5156_0.0475_0.1105end-0.48_3.67_-5.78_-177.04_53.16_-25.07_-7.06_-6.94_43.44_0.8356_0.5344_0.0541_0.1157end-0.48_3.67_-5.78_-185.88_49.46_-25.85_-7.06_-6.94_43.44_0.8311_0.5407_0.0563_0.1174end-0.48_3.67_-5.78_-185.88_49.46_-25.85_-7.06_-6.94_43.44_0.8218_0.5536_0.0605_0.1206end-0.48_3.67_-5.78_-191.02_46.33_-26.41_-7.06_-6.94_43.44_0.8168_0.5604_0.0626_0.1222end-0.87_3.26_-4.98_-191.02_46.33_-26.41_-8.88_-11.12_41.63_0.8168_0.5604_0.0626_0.1222end,24.18765024,120.73575135,377.5887451171875
1064,,24.18765024,120.73575135,377.5887451171875
1065,,24.18765024,120.73575135,377.5887451171875
1066,-0.87_3.26_-4.98_-197.85_37.49_-26.75_-8.88_-11.12_41.63_0.8068_0.5736_0.0665_0.1252end-0.87_3.26_-4.98_-197.85_37.49_-26.75_-9.25_-12.50_41.56_0.7961_0.5873_0.0699_0.1277end-0.94_2.26_-4.05_-202.55_27.75_-26.30_-10.00_-13.56_41.50_0.7908_0.5941_0.0714_0.1288end-0.94_2.26_-4.05_-204.68_23.28_-26.30_-10.06_-15.31_40.63_0.7908_0.5,24.18765024,120.73575135,377.5887451171875
1067,941_0.0714_0.1288end-0.94_2.26_-4.05_-204.68_23.28_-26.30_-9.31_-16.69_39.69_0.7795_0.6082_0.0739_0.1306end-0.94_2.26_-4.05_-208.48_11.75_-25.74_-9.31_-16.69_39.69_0.7739_0.6151_0.0750_0.1311end-0.94_2.26_-4.05_-210.27_5.04_-25.07_-9.31_-16.69_39.69_0.7739_0.6151_0.0750_0.1311end-0.94_2.26_-4.05_-211.73_-1.57_-24.28_-9.31_-16.69,24.18765024,120.73575135,377.5887451171875
1068,,24.18765024,120.73575135,377.5887451171875
1069,_39.69_0.7561_0.6365_0.0767_0.1317end-0.95_1.62_-2.73_-211.73_-1.57_-24.28_-9.31_-16.69_39.69_0.7561_0.6365_0.0767_0.1317end-1.03_1.82_-2.50_-216.65_-14.10_-21.60_-9.31_-16.69_39.69_0.7437_0.6509_0.0772_0.1310end-1.03_1.82_-2.50_-216.65_-14.10_-21.60_-9.31_-16.69_39.69_0.7312_0.6652_0.0776_0.1301end-1.18_1.90_-2.04_-216.65_-14.10_-21.60_-9.38_-23.00_37.00_0.7249_0.6722_0.0778_0.1295end-1.58_1.99_-1.31_-216.65_-14.10_-21.60_-9.38_-23.00_37.00_0.7181_0.6794_0.0782_0.1288end-1.64_2.00_-1.05_-216.65_-14.10_-21.60_-9.38_-23.00_37.00_0.7181_0,24.18765024,120.73575135,377.5887451171875
1070,.6794_0.0782_0.1288end-1.64_2.00_-1.05_-221.01_-8.06_-12.31_-7.62_-25.12_34.38_0.7050_0.6932_0.0791_0.1277end-1.64_2.00_-1.05_-221.24_-10.41_-10.74_-7.62_-25.12_34.38_0.6912_0.7069_0.0803_0.1264end-1.82_2.27_-0.21_-221.24_-10.41_-10.74_-7.62_-25.12_34.38_0.6844_0.7136_0.0809_0.1255end-1.92_2.41_0.18_-221.24_-10.41_-10.74_-7.62_-25.12_34.38_0.6844_0.7136_0.0809_0.1255end-1.83_2.43_0.53_-221.24_-10.41_-10.74_-8.38_-28.25_33.88_0.6706_0.7271_0.0815_0.1229end-1.83_2.43_0.53_-217.77_-52.04_1.23_-8.38_-28.25_33.88_0.6570_0.7401_0.0814_0.1188end-1.81_2.50_0.27_-217.77_-52.04_1.23_-8.38_-28.25_33.88_0.6500_0.7467_0.0809_0.1160end-3.17_2.68_1.38_-217.77_-52.04_1.23_-8.00_-31.75_30.69_0.6500_0.7467_0.0809_0.1160end-3.17_2.68_1.38_-215.31_-62.11_2.80_-8.00_-31.75_30.69_0.6432_0.7530_0.0804_0.1132end-3.17_2.68_1.38_-217.43_-74.08_7.05_-8.75_-32.81_29.81_0.6224_0.7719_0.0782,24.18765024,120.73575135,377.5887451171875
1071,_0.1035end-1.28_3.78_1.71_-217.43_-74.08_7.05_-8.75_-32.81_29.81_0.6156_0.7780_0.0773_0.0995end-1.06_3.89_1.71_-217.43_-74.08_7.05_-8.75_-32.81_29.81_0.6088_0.7838_0.0764_0.0954end-1.29_3.88_1.81_-217.43_-74.08_7.05_-8.75_-32.81_29.81_0.6088_0.7838_0.0764_0.0954end-1.36_3.79_3.11_-217.43_-74.08_7.05_-7.37_-34.94_27.19_0.6088_0.7838_0.0764_0.0954end-1.36_3.79_3.11_-206.91_-89.97_24.73_-7.37_-34.94_27.19_0.5814_0.8066_0.0731_0.0774end-0.55_4.11_2.75_-206.91_-89.97_24.73_-7.37_-34.94_27.19_0.5746_0.8119_0.0726_0.0731end,24.18765024,120.73575135,377.5887451171875
1072,,24.18765024,120.73575135,377.5887451171875
1073,-0.12_4.32_2.37_-206.91_-89.97_24.73_-7.37_-34.94_27.19_0.5746_0.8119_0.0726_0.0731end0.10_4.34_3.02_-194.49_-75.76_32.68_-7.37_-34.94_27.19_0.5614_0.8219_0.0720_0.0646end0.10_4.34_3.02_-194.49_-75.76_32.68_-7.37_-34.94_27.19_0.5480_0.8314_0.0721_0.0566end0.49_4.56_3.42_-194.49_-75.76_32.68_-7.37_-34.94_27.19_0.5414_0.8359_0.0723_0.0529end0.59_4.74_3.50_-194.49_-75.76_32.68_-7.37_-34.94_27.19_0.5347_0.8405_0.0728_0.0493end0.63_4.74_3.71_-181.06_-46.44_37.26_-7.37_-34.94_27.19_0.5347_0.8405_0.0728_0.0493end0.73_4.73_4.13_-181.06_-46.44_37.26_-7.37_-34.94_27.19_0.5219_0.8487_0.0741_0.0430end0.73_4.73_4.13_-171.89_-30.10_37.82_-7.37_-34.94_27.19_0.5153_0.,24.18765024,120.73575135,377.5887451171875
1074,8528_0.0750_0.0401end0.73_4.73_4.13_-171.89_-30.10_37.82_-5.62_-39.56_20.56_0.5091_0.8566_0.0760_0.0375end0.73_4.73_4.13_-167.97_-25.40_38.05_-5.62_-39.56_20.56_0.4968_0.8637_0.0782_0.0328end,24.18765024,120.73575135,377.5887451171875
1075,0.98_4.91_4.87_-167.97_-25.40_38.05_-6.37_-39.25_17.50_0.4968_0.8637_0.0782_0.0328end0.98_4.91_4.87_-153.20_-5.71_36.71_-6.37_-39.25_17.50_0.4847_0.8704_0.0808_0.0288end0.98_4.91_4.87_-153.20_-5.71_36.71_-6.00_-40.56_17.44_0.4790_0.8735_0.0822_0.0272end1.29_5.81_5.36_-153.20_-5.71_36.71_-6.00_-40.56_17.44_0.4790_0.8735_0.0822_0.0272end1.12_5.94_5.23_-153.20_-5.71_36.71_-6.81_-42.06_14.38_0.4790_0.8735_0.0822_0.0272end1.20_6.19_5.32_-137.53_24.51_33.80_-6.81_-42.06_14.38_0.4790_0.8735_0.0822_0.0272end1.33_6.76_4.97_-137.53_24.51_33.80_-6.81_-42.06_14.38_0.4511_0.8875_0.0910_0.0234end1.33_6.76_4.97_-137.53_24.51_33.80_-8.19_-42.75_13.50_0.4408_0.8922_0.0951_0.0239end1.30_7.21_4.91_-137.53_24.51_33.80_-8.19_-42.75_13.50_0.4357_0.8945_0.0972_0.0245end1.32_7.82_4.93_-119.29_42.97_27.75_-8.19_-42.75_13.50_0.4308_0.8966_0.0992_0.0251end,24.18765024,120.73575135,377.5887451171875
1076,,24.18765024,120.73575135,377.5887451171875
1077,1.32_7.82_4.93_-119.29_42.97_27.75_-7.50_-41.37_10.88_0.4308_0.8966_0.0992_0.0251end1.32_7.82_4.93_-114.03_35.81_25.85_-8.25_-42.13_10.88_0.4308_0.8966_0.0992_0.0251end1.32_7.82_4.93_-111.23_35.03_24.73_-8.25_-42.13_10.88_0.4167_0.9026_0.1049_0.0266end1.32_7.82_4.93_-101.83_25.51_24.73_-8.56_-43.19_9.94_0.4167_0.9026_0.1049_0.0266end1.32_7.82_4.93_-101.83_25.51_24.73_-8.56_-43.19_9.94_0.4084_0.9060_0.1078_0.0264end1.03_8.09_4.87_-101.83_25.51_24.73_-8.56_-43.19_9.94_0.4084_0.9060_0.1078_0.0264end1.12_7.78_4.96_-101.83_25.51_24.73_-8.56_-42.88_8.19_0.4084_0.9060_0.1078_0.0264end1.12_7.78_4.96_-101.83_25.51_24.73_-8.56_-42.88_8.19_0.3912_0.9138_0.1088_0.0121end1.22_7.34_5.15_-101.83_25.51_24.73_-8.56_-42.88_8.19_0.3912_0.9138_0.1088_0.0121end1.22_7.34_5.15_-101.83_25.51_24.73_-8.56_-42.88_7.31_0.3912_0.9138_0.1088_0.0121end,24.18765024,120.73575135,377.5887451171875
1078,,24.18765024,120.73575135,377.5887451171875
1079,,24.18765024,120.73575135,377.5887451171875
1080,1.71_6.98_4.90_-101.83_25.51_24.73_-8.56_-42.88_7.31_0.3835_0.9174_0.1064_-0.0032end1.98_7.01_4.89_-61.21_-109.44_23.61_-8.56_-42.88_7.31_0.3835_0.9174_0.1064_-0.0032end2.06_7.09_4.95_-61.21_-109.44_23.61_-8.25_-42.50_8.69_0.3835_0.9174_0.1064_-0.0032end2.06_7.09_4.95_-56.62_-107.09_22.83_-8.25_-42.50_8.69_0.3755_0.9208_0.1028_-0.0234end2.06_7.09_4.95_-43.87_-96.91_20.25_-8.25_-42.50_8.69_0.3739_0.9214_0.1019_-0.0281end2.06_7.09_4.95_-43.87_-96.91_20.25_-8.25_-42.50_6.87_0.3724_0.9219_0.1011_-0.0326end2.06_7.09_4.95_-32.34_-78.67_15.44_-8.25_-42.50_6.87_0.3711_0.9224_0.1003_-0.0370end2.06_7.09_4.95_-32.34_-78.67_15.44_-8.25_-42.50_6.87_0.3679_0.9234_0.0981_-0.0481end2.31_7.83_3.46_-32.34_-78.67_15.44_-8.25_-42.50_6.87_0.3670_0.9236_0.0975_-0.0511end1.77_7.36_3.54_-32.34_-78.67_15.44_-8.25_-42.50_6.87_0.3670_0.9236_0.0975_-0.0511end,24.18765024,120.73575135,377.5887451171875
1081,,24.18765024,120.73575135,377.5887451171875
1082,,24.18765024,120.73575135,377.5887451171875
1083,,24.18765024,120.73575135,377.5887451171875
1084,1.96_7.18_3.90_-17.23_-56.40_9.51_-8.25_-42.50_6.87_0.3670_0.9236_0.0975_-0.0511end1.96_7.18_3.90_-9.51_-48.34_6.49_-10.06_-42.19_6.44_0.3652_0.9241_0.0958_-0.0590end1.96_7.18_3.90_-4.92_-44.31_4.59_-10.06_-42.19_6.44_0.3648_0.9241_0.0947_-0.0631end2.32_7.42_5.08_2.35_-34.91_1.23_-10.06_-42.19_6.44_0.3648_0.9241_0.0947_-0.0631en,24.18765024,120.73575135,377.5887451171875
1085,d2.76_7.06_4.20_2.35_-34.91_1.23_-9.31_-43.56_6.44_0.3649_0.9239_0.0937_-0.0665end3.44_7.50_5.04_4.81_-29.99_-0.22_-9.31_-43.56_6.44_0.3655_0.9236_0.0927_-0.0688end2.87_7.62_4.48_4.81_-29.99_-0.22_-9.31_-43.56_6.44_0.3661_0.9233_0.0922_-0.0697end2.79_8.07_4.04_4.81_-29.99_-0.22_-9.31_-43.56_6.44_0.3661_0.9233_0.0922_-0.0697end3.09_8.52_4.00_4.81_-29.99_-0.22_-8.63_-43.56_6.44_0.3661_0.9233_0.0922_-0.0697end2.89_8.67_3.99_27.98_17.79_-13.32_-8.63_-43.56_6.44_0.3661_0.9233_0.0922_-0.0697end,24.18765024,120.73575135,377.5887451171875
1086,2.85_9.00_3.37_27.98_17.79_-13.32_-8.63_-43.56_6.44_0.3707_0.9218_0.0907_-0.0681end2.68_9.09_3.21_36.37_56.51_-18.13_-8.63_-43.56_6.44_0.3719_0.9214_0.0909_-0.0659end2.79_9.20_3.36_36.37_56.51_-18.13_-8.63_-43.56_6.44_0.3731_0.9211_0.0914_-0.0627end2.71_9.14_3.70_42.41_102.73_-22.05_-8.63_-43.56_6.44_0.3757_0.9205_0.0931_-0.0535,24.18765024,120.73575135,377.5887451171875
1087,end2.30_8.66_4.06_42.41_102.73_-22.05_-8.56_-42.88_7.31_0.3771_0.9201_0.0945_-0.0475end1.77_8.08_4.41_42.41_102.73_-22.05_-8.56_-42.88_7.31_0.3785_0.9197_0.0961_-0.0410end1.77_8.08_4.41_56.29_165.73_-25.63_-8.94_-43.56_8.19_0.3785_0.9197_0.0961_-0.0410end1.77_8.08_4.41_56.29_165.73_-25.63_-8.56_-42.50_8.69_0.3834_0.9178_0.1016_-0.0188end0.70_7.65_4.87_56.29_165.73_-25.63_-8.56_-42.50_8.69_0.3853_0.9169_0.1034_-0.0113end0.65_7.81_4.91_56.29_165.73_-25.63_-8.94_-42.88_8.19_0.3873_0.9159_0.1053_-0.0037end0.58_8.30_4.87_75.20_152.42_-24.95_-8.94_-42.88_8.19_0.3895_0.9148_0.1069_0.0033end0.58_8.30_4.87_79.12_138.99_-23.72_-8.56_-43.56_9.56_0.3895_0.9148_0.1069_0.0033end0.58_8.30_4.87_82.36_124.77_-23.05_-8.56_-43.56_9.56_0.3943_0.9122_0.1096_0.0158end0.58_8.30_4.87_85.50_112.02_-22.16_-8.56_-41.81_9.56_0.3943_0.9122_0.1096_0.0158end0.58_8.30_4.87_91.99_94.22_-21.04_-8.56_-41.81_9.56_0.4064_0.9059_0.1131_0.0356end0.20_10.33_3.75_91.99_94.22_-21.04_-8.56_-41.81_9.56_0.4097_0.9042_0.1138_0.0400end0.07_10.88_3.66_91.99_94.22_-21.04_-8.56_-41.81_9.56_0.4130_0.9024_0.1145_0.0444end-0.07_11.21_3.52_91.99_94.22_-21.04_-8.56_-42.81_11.69_0.4130_0.9024_0.1145_0.0444end-0.21_11.66_3.26_91.99_94.22_-21.04_-8.56_-42.81_11.69_0.4236_0.8963_0.1172_0.0587end-0.48_12.76_3.14_91.99_94.22_-21.04_-9.69_-41.75_10.88_0.4272_0.8942_0.1183_0.0636end,24.18765024,120.73575135,377.5887451171875
1088,,24.18765024,120.73575135,377.5887451171875
1089,,24.18765024,120.73575135,377.5887451171875
1090,-0.64_13.19_3.14_91.99_94.22_-21.04_-8.94_-42.13_10.88_0.4310_0.8918_0.1194_0.0685end-0.71_13.60_3.13_114.26_92.99_-10.85_-8.94_-42.13_10.88_0.4310_0.8918_0.1194_0.0685end-0.75_13.89_3.14_116.61_81.80_-9.06_-8.94_-42.13_10.88_0.4310_0.8918_0.1194_0.0685end-0.75_13.89_3.14_120.63_54.16_-6.04_-8.94_-42.13_10.88_0.4427_0.8846_0.1221_0.0808end-0.70_14.17_3.05_120.63_54.16_-6.04_-8.19_-41.75_12.13_0.4427_0.8846_0.1221_0.0808end-0.70_14.17_3.05_122.87_40.06_-4.70_-8.19_-41.75_12.13_0.4515_0.8795_0.1229_0.0865end-0.66_14.44_2.86_122.87_40.06_-4.70_-8.19_-41.75_12.13_0.4559_0.8770_0.1229_0.0886end-0.66_14.44_2.86_182.29_-8.62_-14.88_-8.19_-41.75_12.13_0.4665_0,24.18765024,120.73575135,377.5887451171875
1091,.8713_0.1219_0.0913end-3.83_-17.52_35.41_257.83_-48.23_21.82_-8.19_-41.75_12.13_0.4798_0.8641_0.1208_0.0922end-4.09_10.18_53.95_257.83_-48.23_21.82_-8.19_-41.75_12.13_0.4811_0.8629_0.1219_0.0952end,24.18765024,120.73575135,377.5887451171875
1092,-8.71_11.52_15.80_-0.11_16.00_-23.28_-8.19_-41.75_12.13_0.4811_0.8629_0.1219_0.0952end-8.71_11.52_15.80_-0.11_16.00_-23.28_-9.25_-40.63_16.19_0.4825_0.8618_0.1215_0.0984end-8.71_11.52_15.80_-0.11_16.00_-23.28_-9.25_-40.63_16.19_0.4824_0.8621_0.1199_0.0979end-1.93_5.77_-0.46_-0.11_16.00_-23.28_-9.25_-40.63_16.19_0.4832_0.8621_0.1187_0.0960end2.01_4.89_1.90_42.41_-82.81_1.12_-9.25_-40.63_16.19_0.4832_0.8621_0.1187_0.0960end-2.23_16.49_-4.62_42.41_-82.81_1.12_-9.63_-40.25_17.44_0.4895_0.8602_0.1130_0.0878end0.45_5.64_-7.62_76.66_-48.90_-9.85_-9.63_-40.25_17.44_0.4925_0.8589_0.1111_0.0862end-1.95_7.41_2.08_76.66_-48.90_-9.85_-9.63_-40.25_17.44_0.4957_0.857,24.18765024,120.73575135,377.5887451171875
1093,3_0.1096_0.0853end-1.03_7.28_2.36_76.66_-48.90_-9.85_-9.63_-40.25_17.44_0.4988_0.8557_0.1085_0.0851end0.93_8.05_2.23_86.73_-0.90_-7.16_-9.63_-40.25_17.44_0.4988_0.8557_0.1085_0.0851end,24.18765024,120.73575135,377.5887451171875
1094,,24.18765024,120.73575135,377.5887451171875
1095,0.93_8.05_2.23_86.73_-0.90_-7.16_-9.63_-40.25_17.44_0.5082_0.8501_0.1071_0.0869end-0.75_9.05_13.57_86.73_-0.90_-7.16_-8.50_-39.25_19.19_0.5107_0.8485_0.1071_0.0876end-0.84_8.13_10.64_86.73_-0.90_-7.16_-8.50_-39.25_19.19_0.5107_0.8485_0.1071_0.0876end-3.41_7.89_8.86_51.03_47.34_-5.48_-8.50_-39.25_19.19_0.5107_0.8485_0.1071_0.0876end-1.62_7.61_4.38_48.90_68.15_-9.62_-8.50_-39.25_19.19_0.5107_0.8485_0.1071_0.0876end-2.09_7.58_3.09_48.90_68.15_-9.62_-9.63_-39.25_20.06_0.5192_0.8416_0.1108_0.0996end-2.66_7.48_3.09_48.90_68.15_-9.62_-9.63_-39.25_20.06_0.5211_0.8399_0.1119_0.1025end-1.25_7.62_2.28_48.90_68.15_-9.62_-9.63_-39.25_20.06_0.5232_0.8382_0.1127_0.1049end-1.25_7.62_2.28_70.61_29.21_2.46_-9.63_-39.25_20.06_0.5256_0.8364_0.1133_0.1066end-2.23_7.84_3.52_70.61_29.21_2.46_-9.63_-39.25_20.06_0.5281_0.8346_0.1136_0.1077end,24.18765024,120.73575135,377.5887451171875
1096,,24.18765024,120.73575135,377.5887451171875
1097,,24.18765024,120.73575135,377.5887451171875
1098,-2.87_8.04_6.16_71.17_4.03_1.34_-9.63_-39.25_20.06_0.5306_0.8329_0.1136_0.1083end-2.87_8.04_6.16_71.17_4.03_1.34_-9.63_-38.88_20.56_0.5306_0.8329_0.1136_0.1083end-2.87_8.04_6.16_69.61_-5.60_-0.45_-9.63_-38.88_20.56_0.5383_0.8283_0.1117_0.1082end-2.87_8.04_6.16_69.61_-5.60_-0.45_-9.63_-38.88_20.56_0.5435_0.8257_0.1086_0.1053end-0.87_7.76_5.17_69.61_-5.60_-0.45_-9.63_-38.88_20.56_0.5461_0.8245_0.1066_0.1028end-0.89_7.79_4.74_66.47_-93.67_3.69_-9.63_-38.88_20.56_0.5461_0.8245_0.1066_0.1028end-0.99_7.75_4.62_69.49_-89.41_2.35_-9.63_-38.88_20.56_0.5461_0.8245_0.1066_0.1028end-0.99_7.75_4.62_70.05_-76.54_0.56_-9.63_-38.88_20.56_0.5576_0.8194_0.0973_0.0909end,24.18765024,120.73575135,377.5887451171875
1099,,24.18765024,120.73575135,377.5887451171875
1100,-1.08_7.88_4.58_70.05_-76.54_0.56_-8.44_-36.00_24.12_0.5604_0.8179_0.0953_0.0888end-0.59_7.89_4.89_70.05_-76.54_0.56_-8.44_-36.00_24.12_0.5604_0.8179_0.0953_0.0888end-0.59_7.89_4.89_71.40_-24.73_-3.69_-8.13_-37.06_25.81_0.5604_0.8179_0.0953_0.0888end-0.59_7.89_4.89_71.40_-24.73_-3.69_-8.13_-37.06_25.81_0.5710_0.8113_0.0912_0.0865end-0.54_7.88_4.57_71.40_-24.73_-3.69_-8.06_-36.00_24.94_0.5735_0.8094_0.0912_0.0872end-0.97_7.86_4.08_71.40_-24.73_-3.69_-7.81_-36.38_25.37_0.5735_0.8094_0.0912_0.0872end-1.16_7.87_3.73_72.29_40.40_0.34_-7.81_-36.38_25.37_0.5807_0.8035_0.0930_0.0916end-1.37_7.52_3.30_72.29_40.40_0.34_-7.81_-36.38_25.37_0.5831_0.8015_0.0941_0.0939end-1.47_7.84_2.50_72.29_40.40_0.34_-8.06_-36.38_25.37_0.5831_0.8015_0.0941_0.0939end-1.06_8.04_2.37_73.86_73.52_-0.22_-8.06_-36.00_26.69_0.5831_0.8015_0.0941_0.09,24.18765024,120.73575135,377.5887451171875
1101,,24.18765024,120.73575135,377.5887451171875
1102,39end-1.06_8.04_2.37_73.86_73.52_-0.22_-8.06_-36.00_26.69_0.5899_0.7949_0.0984_0.1022end-1.06_7.91_1.90_73.52_70.05_1.01_-8.06_-36.00_26.69_0.5899_0.7949_0.0984_0.1022end-1.06_7.91_1.90_73.52_70.05_1.01_-9.56_-34.25_26.31_0.5944_0.7905_0.1014_0.1075end-1.06_7.95_1.58_73.41_54.27_4.25_-9.56_-34.25_26.31_0.5944_0.7905_0.1014_0.1075end-1.06_7.95_1.58_73.52_50.25_5.04_-9.56_-34.25_26.31_0.6013_0.7838_0.1052_0.1141end-1.41_8.07_1.30_73.52_50.25_5.04_-9.56_-34.25_26.31_0.6036_0.7816_0.1063_0.1160end-1.41_8.07_1.30_71.84_39.73_5.82_-9.56_-34.25_26.31_0.6060_0.7794_0.1073_0.1177end-1.41_8.07_1.30_71.84_36.26_5.93_-9.13_-32.88_27.19_0.6105_0.7751_0.1091_0.1208end-1.51_8.10_0.96_71.84_36.26_5.93_-9.13_-32.88_27.19_0.6105_0.7751_0.1091_0.1208end-1.43_8.03_0.94_71.84_36.26_5.93_-9.13_-32.88_27.19_0.6174_0.7687_0.1113_0.1245end-1.5,24.18765024,120.73575135,377.5887451171875
1103,1_8.23_1.02_71.84_36.26_5.93_-9.13_-32.88_27.19_0.6198_0.7666_0.1119_0.1255end-1.39_8.29_0.86_70.50_22.60_9.18_-9.13_-32.88_27.19_0.6198_0.7666_0.1119_0.1255end,24.18765024,120.73575135,377.5887451171875
1104,,24.18765024,120.73575135,377.5887451171875
1105,-1.39_8.31_0.88_69.72_20.14_9.62_-9.13_-32.88_27.19_0.6198_0.7666_0.1119_0.1255end-1.39_8.31_0.88_69.72_20.14_9.62_-10.25_-32.88_29.37_0.6289_0.7583_0.1138_0.1284end-1.01_8.33_0.89_69.72_20.14_9.62_-10.25_-32.88_29.37_0.6312_0.7563_0.1141_0.1289end-1.01_8.33_0.89_69.05_10.74_10.74_-11.00_-31.50_28.50_0.6334_0.7543_0.1144_0.1293end-1.01_8.33_0.89_69.05_10.74_10.74_-11.00_-31.50_28.50_0.6358_0.7522_0.1146_0.1298end-1.01_8.33_0.89_69.05_10.74_10.74_-11.31_-31.81_29.81_0.6403_0.7482_0.1151_0.1303end-0.66_6.82_0.80_69.05_10.74_10.74_-11.31_-31.81_29.81_0.6426_0.7461_0.1152_0.1306end-1.04_8.21_0.43_69.05_10.74_10.74_-11.31_-31.81_29.81_0.6426_0.7461_0.1152_0.1306end-0.33_8.57_1.11_69.05_10.74_10.74_-11.31_-31.81_29.81_0.6472_0.7421_0.1155_0.1309end-0.59_8.42_0.88_68.15_5.04_11.64_-11.31_-31.81_29.81_0.6494_0.7401_0.1155_0.1310end,24.18765024,120.73575135,377.5887451171875
1106,,24.18765024,120.73575135,377.5887451171875
1107,,24.18765024,120.73575135,377.5887451171875
1108,-0.59_8.42_0.88_68.15_5.04_11.64_-11.31_-31.81_29.81_0.6539_0.7360_0.1158_0.1314end-0.46_8.37_0.82_67.93_6.15_11.64_-11.31_-31.81_29.81_0.6562_0.7339_0.1160_0.1316end-0.37_8.46_0.59_67.93_6.15_11.64_-11.31_-31.81_29.81_0.6562_0.7339_0.1160_0.1316end-0.37_8.46_0.59_67.37_8.62_11.75_-10.56_-29.31_32.06_0.6562_0.7339_0.1160_0.1316end-0.02_8.47_0.14_67.26_10.07_11.97_-10.56_-29.31_32.06_0.6628_0.7277_0.1166_0.1324end-0.02_8.47_0.14_67.26_10.07_11.97_-10.56_-29.31_32.06_0.6628_0.7277_0.1166_0.1324end-0.02_8.47_0.14_66.14_14.10_12.09_-11.69_-28.62_31.62_0.6691_0.7215_0.1178_0.1335end-0.02_8.47_0.14_66.14_14.10_12.09_-11.69_-28.62_31.62_0.6691_0.7215_0.1178_0.1335end-0.02_8.47_0.14_66.81_27.08_12.31_-11.69_-28.62_31.62_0.6691_0.7215_0.1178_0.1335end-0.02_8.47_0.14_66.81_27.08_12.31_-11.69_-28.62_31.62_0.6752_0.7150_0.1199_0.1359end,24.18765024,120.73575135,377.5887451171875
1109,,24.18765024,120.73575135,377.5887451171875
1110,,24.18765024,120.73575135,377.5887451171875
1111,-0.26_8.49_-0.57_66.81_27.08_12.31_-11.69_-28.62_31.62_0.6792_0.7105_0.1219_0.1379end-0.03_8.52_-0.74_66.81_27.08_12.31_-12.37_-26.56_34.31_0.6812_0.7083_0.1229_0.1390end0.04_8.58_-0.86_66.81_27.08_12.31_-12.37_-26.56_34.31_0.6812_0.7083_0.1229_0.1390end0.04_8.58_-0.86_64.23_23.95_13.20_-12.37_-26.56_34.31_0.6869_0.7017_0.1256_0.1417end0.00_8.59_-0.80_64.23_23.95_13.20_-12.37_-26.56_33.44_0.6869_0.7017_0.1256_0.1417end-0.24_8.54_-0.73_64.23_23.95_13.20_-12.37_-26.56_33.44_0.6869_0.7017_0.1256_0.1417end-0.21_8.68_-0.79_63.67_8.28_13.76_-12.37_-26.56_33.44_0.6869_0.7017_0.1256_0.1417end-0.21_8.68_-0.79_63.67_8.28_13.76_-12.37_-26.56_33.44_0.6948_0.6932_0.1273_0.1431end-0.16_8.63_-0.64_63.67_8.28_13.76_-12.37_-26.56_33.44_0.6989_0.6891_0.1276_0.1432end-0.16_8.63_-0.64_64.46_5.04_13.43_-12.37_-26.56_33.44_0.7008_0.6870_0.1277_0.1434end,24.18765024,120.73575135,377.5887451171875
1112,,24.18765024,120.73575135,377.5887451171875
1113,0.14_8.66_-0.17_64.46_5.04_13.43_-13.13_-25.50_34.31_0.7008_0.6870_0.1277_0.1434end0.04_8.67_0.16_64.46_5.04_13.43_-12.75_-24.81_33.44_0.7008_0.6870_0.1277_0.1434end0.21_8.59_0.27_64.46_5.04_13.43_-12.69_-24.06_35.63_0.7086_0.6785_0.1292_0.1447end0.03_8.71_0.52_64.46_5.04_13.43_-12.69_-24.06_35.63_0.7086_0.6785_0.1292_0.1447end-0.12_8.61_0.67_64.46_5.04_13.43_-13.06_-24.44_36.13_0.7086_0.6785_0.1292_0.1447end-0.12_8.61_0.67_64.46_5.04_13.43_-13.06_-24.44_36.13_0.7160_0.6696_0.1321_0.1470end-0.56_8.58_1.04_64.46_5.04_13.43_-13.06_-24.44_36.13_0.7178_0.6673_0.1329_0.1477end-0.87_8.68_0.88_64.46_5.04_13.43_-13.06_-24.44_36.13_0.7197_0.6649_0.1339_0.1485en,24.18765024,120.73575135,377.5887451171875
1114,d-0.87_8.68_0.88_66.02_31.11_15.55_-13.06_-24.44_36.13_0.7215_0.6625_0.1349_0.1493end-0.87_8.68_0.88_66.02_31.11_15.55_-13.44_-23.06_35.63_0.7233_0.6602_0.1359_0.1501end,24.18765024,120.73575135,377.5887451171875
1115,,24.18765024,120.73575135,377.5887451171875
1116,,24.18765024,120.73575135,377.5887451171875
1117,,24.18765024,120.73575135,377.5887451171875
1118,-0.87_8.68_0.88_65.69_22.94_16.34_-13.44_-23.06_35.63_0.7271_0.6554_0.1376_0.1514end-1.29_8.29_-0.59_65.69_22.94_16.34_-13.44_-23.06_35.63_0.7289_0.6531_0.1384_0.1519end-1.29_8.29_-0.59_65.58_16.45_17.79_-13.44_-23.06_35.63_0.7289_0.6531_0.1384_0.1519end-1.29_8.29_-0.59_65.58_16.45_17.79_-13.44_-23.06_35.63_0.7327_0.6484_0.1396_0.1525end-1.34_8.25_-1.78_65.02_13.09_19.14_-13.44_-23.06_35.63_0.7365_0.6439_0.1406_0.1528end-1.30_8.27_-1.89_65.02_13.09_19.14_-13.44_-23.06_35.63_0.7384_0.6415_0.1411_0.1529end-1.34_8.18_-1.99_65.02_13.09_19.14_-13.44_-23.06_35.63_0.7384_0.6415_0.1411_0.1529end-1.36_8.34_-1.82_65.02_13.09_19.14_-15.19_-20.62_36.13_0.7384_0.64,24.18765024,120.73575135,377.5887451171875
1119,15_0.1411_0.1529end-1.36_8.34_-1.82_65.02_13.09_19.14_-14.50_-19.94_36.56_0.7443_0.6345_0.1419_0.1526end-1.36_8.34_-1.82_65.02_13.09_19.14_-14.50_-19.94_36.56_0.7485_0.6300_0.1415_0.1514end-0.93_8.29_-1.83_67.14_-24.95_21.82_-15.19_-20.62_36.06_0.7485_0.6300_0.1415_0.1514end-0.69_8.30_-2.12_67.14_-24.95_21.82_-15.19_-20.62_36.06_0.7505_0.6278_0.1409_0.1505end-0.29_8.17_-2.66_67.14_-24.95_21.82_-15.19_-20.62_36.06_0.7549_0.6235_0.1393_0.1482end-0.29_8.17_-2.66_64.46_-45.21_21.93_-15.19_-20.62_36.06_0.7570_0.6215_0.1382_0.1469end-0.29_8.17_-2.66_64.46_-45.21_21.93_-15.19_-20.62_36.06_0.7614_0.6174_0.1356_0.1437end0.39_8.23_-3.57_64.46_-45.21_21.93_-15.19_-20.62_36.06_0.7635_0.6155_0.1340_0.1420end0.92_8.27_-4.28_64.46_-45.21_21.93_-14.50_-18.19_38.38_0.7635_0.6155_0.1340_0.1420end0.97_8.25_-4.39_64.91_-58.53_20.37_-14.50_-18.19_38.38_0.770,24.18765024,120.73575135,377.5887451171875
1120,1_0.6096_0.1287_0.1365end1.13_8.18_-4.54_64.12_-52.71_19.14_-13.75_-17.44_39.25_0.7701_0.6096_0.1287_0.1365end1.13_8.18_-4.54_64.12_-52.71_19.14_-13.75_-17.44_39.25_0.7744_0.6057_0.1254_0.1331end,24.18765024,120.73575135,377.5887451171875
1121,1.43_8.39_-4.77_64.12_-52.71_19.14_-13.75_-17.44_39.25_0.7744_0.6057_0.1254_0.1331end1.43_8.39_-4.77_64.12_-52.71_19.14_-13.75_-17.44_39.25_0.7784_0.6018_0.1226_0.1301end1.43_8.39_-4.77_60.21_-39.06_17.57_-13.00_-17.06_39.69_0.7784_0.6018_0.1226_0.1301end1.43_8.39_-4.77_58.75_-34.47_16.34_-13.00_-17.06_39.69_0.7840_0.5960_0.1190_0.1263end1.48_8.30_-5.35_58.75_-34.47_16.34_-13.00_-17.06_39.69_0.7858_0.5941_0.1180_0.1252end1.48_8.30_-5.35_57.63_-31.11_14.88_-13.00_-17.06_39.69_0.7858_0.5941_0.1180_0.1252end1.48_8.30_-5.35_55.95_-30.77_13.88_-12.63_-16.37_39.31_0.7875_0.5922_0.1169_0.1242end1.79_8.38_-5.75_55.62_-31.00_13.20_-12.63_-16.37_39.31_0.7910_0.5884_0.1150_0.1222end1.90_8.38_-5.81_55.62_-31.00_13.20_-12.63_-16.37_39.31_0.7943_0.5847_0.1129_0.1203end1.88_8.16_-5.71_53.94_-28.20_12.09_-12.63_-16.37_39.31_0.7943_0.5847_0.1129_0.1203end,24.18765024,120.73575135,377.5887451171875
1122,,24.18765024,120.73575135,377.5887451171875
1123,1.83_8.41_-5.52_53.94_-28.20_12.09_-12.63_-16.37_39.31_0.7990_0.5793_0.1102_0.1179end1.98_8.41_-5.44_53.94_-28.20_12.09_-11.88_-13.62_39.31_0.8005_0.5775_0.1096_0.1172end1.94_8.41_-5.11_53.94_-28.20_12.09_-11.88_-13.62_39.31_0.8005_0.5775_0.1096_0.1172end1.94_8.41_-5.11_52.60_-9.29_10.07_-11.88_-13.62_40.63_0.8005_0.5775_0.1096_0.1172end1.94_8.41_-5.11_52.60_-9.29_10.07_-12.56_-12.56_41.06_0.8062_0.5701_0.1082_0.1159end2.00_8.45_-4.08_52.60_-9.29_10.07_-12.56_-12.56_41.06_0.8075_0.5682_0.1081_0.1158end2.00_8.45_-4.08_51.36_4.59_7.61_-11.50_-13.25_40.25_0.8075_0.5682_0.1081_0.1158end1.96_8.47_-3.82_51.36_4.59_7.61_-11.50_-12.19_40.63_0.8075_0.5682_0.1081_0.1158end1.98_8.41_-3.67_50.92_10.41_6.38_-11.50_-12.19_40.63_0.8126_0.5605_0.1088_0.1166end1.86_8.43_-3.68_50.92_10.41_6.38_-11.50_-12.19_40.63_0.8138_0.5587_0.1091_0.1169end,24.18765024,120.73575135,377.5887451171875
1124,,24.18765024,120.73575135,377.5887451171875
1125,1.79_8.39_-3.64_50.92_10.41_6.38_-11.50_-12.19_40.63_0.8138_0.5587_0.1091_0.1169end1.71_8.34_-3.65_50.47_22.60_4.48_-12.56_-12.19_40.63_0.8138_0.5587_0.1091_0.1169end1.71_8.34_-3.65_50.47_22.60_4.48_-12.56_-12.19_40.63_0.8185_0.5509_0.1115_0.1191end1.51_8.33_-3.27_50.47_22.60_4.48_-12.56_-12.19_40.63_0.8196_0.5489_0.1122_0.1199end1.51_8.33_-3.27_50.47_22.60_4.48_-12.94_-11.12_41.13_0.8207_0.5468_0.1131_0.1207end1.36_8.32_-2.94_50.47_22.60_4.48_-12.94_-11.12_41.13_0.8207_0.5468_0.1131_0.1207end1.27_8.27_-2.63_50.47_22.60_4.48_-12.94_-11.12_41.13_0.8229_0.5427_0.1150_0.1224end1.27_8.27_-2.63_50.47_22.60_4.48_-12.94_-11.12_41.13_0.8252_0.5385_0.1171_0.124,24.18765024,120.73575135,377.5887451171875
1126,3end1.05_8.23_-2.36_50.47_22.60_4.48_-14.00_-9.75_40.69_0.8262_0.5363_0.1182_0.1252end0.95_8.18_-2.20_50.47_22.60_4.48_-14.00_-9.75_40.69_0.8273_0.5342_0.1191_0.1262end,24.18765024,120.73575135,377.5887451171875
1127,,24.18765024,120.73575135,377.5887451171875
1128,0.84_8.14_-2.12_50.47_22.60_4.48_-12.94_-9.75_40.31_0.8273_0.5342_0.1191_0.1262end0.84_8.14_-2.12_53.83_28.87_3.92_-12.94_-9.75_41.56_0.8273_0.5342_0.1191_0.1262end0.84_8.14_-2.12_54.50_22.83_3.92_-12.94_-9.75_41.56_0.8307_0.5278_0.1218_0.1287end0.84_8.14_-2.12_54.50_22.83_3.92_-14.69_-8.38_42.06_0.8318_0.5256_0.1224_0.1294end0.84_8.14_-2.12_55.39_15.44_4.36_-14.69_-8.38_42.06_0.8342_0.5214_0.1234_0.1306end0.84_8.14_-2.12_56.06_11.19_4.81_-14.31_-8.00_41.19_0.8342_0.5214_0.1234_0.1306end0.84_8.14_-2.12_56.06_11.19_4.81_-14.31_-8.00_41.19_0.8380_0.5149_0.1237_0.1316end0.61_7.83_-2.14_56.06_11.19_4.81_-13.62_-6.69_40.75_0.8393_0.5128_0.1235_0.1318end0.55,24.18765024,120.73575135,377.5887451171875
1129,_7.70_-2.16_58.19_-4.81_4.70_-13.62_-6.69_40.75_0.8393_0.5128_0.1235_0.1318end0.54_7.61_-2.20_58.19_-4.81_4.70_-13.62_-7.00_41.19_0.8434_0.5063_0.1221_0.1318end,24.18765024,120.73575135,377.5887451171875
1130,,24.18765024,120.73575135,377.5887451171875
1131,,24.18765024,120.73575135,377.5887451171875
1132,,24.18765024,120.73575135,377.5887451171875
1133,0.56_7.63_-2.36_58.19_-4.81_4.70_-14.31_-6.69_41.63_0.8449_0.5041_0.1213_0.1316end0.52_7.53_-2.49_58.19_-4.81_4.70_-14.31_-6.69_41.63_0.8449_0.5041_0.1213_0.1316end0.51_7.46_-2.84_58.19_-4.81_4.70_-14.31_-6.69_41.63_0.8478_0.4998_0.1194_0.1310end0.54_7.41_-3.03_60.76_-24.73_4.59_-14.31_-6.69_41.63_0.8478_0.4998_0.1194_0.1310end0.54_7.41_-3.03_60.76_-24.73_4.59_-14.31_-6.69_41.63_0.8522_0.4933_0.1159_0.1298end0.55_7.36_-3.54_60.76_-24.73_4.59_-13.25_-6.31_41.63_0.8537_0.4912_0.1146_0.1294end0.55_7.29_-4.01_60.76_-24.73_4.59_-13.25_-6.31_41.63_0.8552_0.4890_0.1133_0.1290end0.54_7.23_-4.48_60.76_-24.73_4.59_-13.25_-6.31_41.63_0.8552_0.4890_0.1133_0.1290en,24.18765024,120.73575135,377.5887451171875
1134,d0.55_7.14_-4.70_60.76_-24.73_4.59_-13.25_-3.81_42.06_0.8596_0.4822_0.1102_0.1282end0.50_7.08_-5.11_60.76_-24.73_4.59_-13.25_-3.81_42.06_0.8596_0.4822_0.1102_0.1282end0.50_7.04_-5.30_63.56_-4.36_3.58_-13.25_-3.81_42.06_0.8596_0.4822_0.1102_0.1282end0.41_7.03_-5.58_63.56_-4.36_3.58_-13.94_-2.44_41.31_0.8638_0.4751_0.1085_0.1282end0.41_7.03_-5.58_63.67_9.06_4.59_-13.94_-2.44_41.31_0.8651_0.4726_0.1083_0.1284end0.20_6.97_-6.17_63.67_9.06_4.59_-13.94_-2.44_41.31_0.8677_0.4677_0.1085_0.1290end0.13,24.18765024,120.73575135,377.5887451171875
1135,_6.83_-6.34_62.78_15.44_4.36_-13.94_-2.44_41.31_0.8677_0.4677_0.1085_0.1290end-0.03_6.77_-6.73_62.78_15.44_4.36_-13.94_-2.44_41.31_0.8677_0.4677_0.1085_0.1290end-0.05_6.55_-6.97_62.78_15.44_4.36_-13.19_-0.75_42.13_0.8726_0.4576_0.1099_0.1309end-0.09_5.43_-7.09_62.78_15.44_4.36_-13.19_-0.75_42.13_0.8738_0.4551_0.1102_0.1313end0.13_7.02_-8.18_62.78_15.44_4.36_-13.19_-0.75_42.13_0.8750_0.4526_0.1104_0.1317end-0.02_6.63_-7.29_63.00_4.70_6.04_-13.19_-0.75_42.13_0.8750_0.4526_0.1104_0.1317end,24.18765024,120.73575135,377.5887451171875
1136,-0.02_6.63_-7.29_63.00_4.70_6.04_-14.63_-0.75_41.75_0.8775_0.4476_0.1104_0.1320end-0.02_6.63_-7.29_59.31_-7.27_7.39_-14.63_-0.75_41.75_0.8787_0.4453_0.1101_0.1320end-0.02_6.63_-7.29_59.31_-7.27_7.39_-14.31_-0.06_42.19_0.8799_0.4431_0.1097_0.1320end-0.23_6.72_-7.29_58.64_-15.11_7.27_-14.31_-0.06_42.19_0.8824_0.4385_0.1085_0.1315end-0.23_6.72_-7.29_58.64_-15.11_7.27_-13.56_0.31_42.62_0.8824_0.4385_0.1085_0.1315end-0.11_6.75_-7.18_57.52_-26.30_7.50_-13.56_0.31_42.62_0.8849_0.4343_0.1065_0.1307end-0.11_6.75_-7.18_57.52_-26.30_7.50_-13.56_0.31_42.62_0.8875_0.4301_0.1036_0.1293end-0.24_6.63_-7.20_57.52_-26.30_7.50_-12.44_1.37_43.50_0.8875_0.4301_0.1036_0.1293end-0.32_6.67_-7.25_57.52_-26.30_7.50_-13.94_1.37_42.62_0.8875_0.4301_0.1036_0.1293end-0.32_6.67_-7.25_57.52_-26.30_7.50_-13.94_1.37_42.62_0.8928_0.4224_0.0945_0.1249end,24.18765024,120.73575135,377.5887451171875
1137,,24.18765024,120.73575135,377.5887451171875
1138,-0.42_6.62_-7.27_57.52_-26.30_7.50_-13.94_1.37_42.62_0.8942_0.4205_0.0916_0.1235end-0.47_6.64_-7.56_57.52_-26.30_7.50_-13.94_1.37_42.62_0.8955_0.4187_0.0884_0.1220end-0.44_6.55_-7.68_53.94_-86.62_8.17_-13.94_1.37_42.62_0.8955_0.4187_0.0884_0.1220end-0.44_6.55_-7.68_53.27_-92.55_8.28_-11.69_2.81_42.69_0.8955_0.4187_0.0884_0.1220end-0.44_6.55_-7.68_53.27_-92.55_8.28_-11.69_2.81_42.69_0.9009_0.4120_0.0735_0.1149end-0.27_6.52_-8.20_53.27_-92.55_8.28_-11.69_2.81_42.69_0.9009_0.4120_0.0735_0.1149end0.20_6.47_-8.46_53.27_-92.55_8.28_-11.69_2.81_42.69_0.9009_0.4120_0.0735_0.1149end0.20_6.47_-8.46_53.27_-92.55_8.28_-11.69_2.81_42.69_0.9059_0.4059_0.0559_0.1066end0.76_6.66_-9.14_53.27_-92.55_8.28_-11.69_2.81_42.69_0.9072_0.4044_0.0511_0.1045end0.72_6.61_-9.84_47.11_-128.13_3.36_-9.81_6.19_43.63_0.9072_0.4044_0.0511_0.1045end,24.18765024,120.73575135,377.5887451171875
1139,,24.18765024,120.73575135,377.5887451171875
1140,0.61_6.54_-11.86_47.11_-128.13_3.36_-9.81_6.19_43.63_0.9072_0.4044_0.0511_0.1045end0.71_8.47_-13.07_47.11_-128.13_3.36_-8.75_6.56_43.63_0.9072_0.4044_0.0511_0.1045end2.34_18.62_-16.33_35.14_-127.57_-5.37_-8.75_6.56_43.63_0.9111_0.3998_0.0299_0.0956end2.34_18.62_-16.33_30.77_-122.76_-8.28_-8.38_6.94_43.63_0.9111_0.3998_0.0299_0.0956end2.34_18.62_-16.33_30.77_-122.76_-8.28_-8.38_6.94_43.63_0.9131_0.3972_0.0142_0.0900end5.62_34.79_-17.11_30.77_-122.76_-8.28_-8.38_6.94_43.63_0.9138_0.3964_0.0085_0.0880end5.62_34.79_-17.11_37.15_-134.18_-7.05_-10.19_6.19_43.13_0.9144_0.3956_0.0029_0.0859end5.62_34.79_-17.11_12.65_-82.36_-15.55_-10.19_6.19_43.13_0.9149_0.3948_-0.0024_0.0841end1.57_41.51_-6.70_12.65_-82.36_-15.55_-10.19_6.19_43.13_0.9153_0.3942_-0.0095_0.0826end6.33_34.22_-9.39_12.65_-82.36_-15.55_-10.19_6.19_43.13_0.9153_0.3940_-0.0106_0.0831end,24.18765024,120.73575135,377.5887451171875
1141,,24.18765024,120.73575135,377.5887451171875
1142,6.33_34.22_-9.39_-2.80_29.10_-16.79_-8.38_3.50_39.63_0.9153_0.3940_-0.0106_0.0831end1.75_28.02_-10.83_-2.80_29.10_-16.79_-8.38_3.50_39.63_0.9149_0.3940_-0.0065_0.0872end0.98_26.61_-9.76_-2.80_29.10_-16.79_-8.38_3.50_39.63_0.9147_0.3942_-0.0032_0.0894end0.09_23.64_-9.05_-2.80_29.10_-16.79_-8.38_3.50_39.63_0.9147_0.3942_-0.0032_0.0894end-0.96_22.51_-7.84_-16.23_123.88_-20.70_-8.38_3.50_39.63_0.9147_0.3942_-0.0032_0.0894end-1.14_21.52_-6.43_-16.23_123.88_-20.70_-5.56_2.06_38.75_0.9130_0.3950_0.0147_0.1010end-2.28_19.82_-4.62_-16.23_123.88_-20.70_-5.56_2.06_38.75_0.9124_0.3954_0.0192_0.1038end-2.14_19.40_-4.86_-29.43_88.97_-16.45_-5.19_2.44_40.06_0.9124_0.3954_0.0192_0.1038end-2.45_18.71_-5.38_-31.11_67.93_-14.21_-5.19_2.44_40.06_0.9124_0.3954_0.0192_0.1038end-2.45_18.71_-5.38_-35.47_29.54_-10.30_-5.19_2.44_40.06_0.9104_0.3979_0.0281_0.1096end,24.18765024,120.73575135,377.5887451171875
1143,,24.18765024,120.73575135,377.5887451171875
1144,,24.18765024,120.73575135,377.5887451171875
1145,-3.21_17.89_-6.57_-35.47_29.54_-10.30_-5.19_2.44_40.06_0.9090_0.4005_0.0306_0.1114end-2.73_17.10_-6.57_-35.47_29.54_-10.30_-5.19_2.44_40.06_0.9090_0.4005_0.0306_0.1114end-2.47_16.70_-6.39_-45.10_5.93_-8.06_-6.25_1.37_39.63_0.9090_0.4005_0.0306_0.1114end-2.22_15.53_-6.03_-45.10_5.93_-8.06_-6.25_1.37_39.63_0.9074_0.4037_0.0317_0.1125end-2.22_15.53_-6.03_-53.49_-5.04_-3.69_-6.25_1.37_39.63_0.9056_0.4075_0.0319_0.1128end-2.22_15.53_-6.03_-57.41_-5.15_-1.68_-6.25_1.06_40.00_0.9056_0.4075_0.0319_0.1128end-2.22_15.53_-6.03_-63.34_-0.22_1.45_-6.25_1.06_40.00_0.9056_0.4075_0.0319_0.1128end-1.81_12.49_-7.07_-63.34_-0.22_1.45_-6.25_1.06_40.00_0.9025_0.4146_0.0323,24.18765024,120.73575135,377.5887451171875
1146,_0.1124end-1.68_12.10_-7.20_-70.28_6.27_4.48_-7.37_1.75_41.81_0.9025_0.4146_0.0323_0.1124end-1.72_11.88_-7.07_-74.19_9.96_5.71_-7.37_1.75_41.81_0.8974_0.4254_0.0350_0.1119end,24.18765024,120.73575135,377.5887451171875
1147,,24.18765024,120.73575135,377.5887451171875
1148,,24.18765024,120.73575135,377.5887451171875
1149,,24.18765024,120.73575135,377.5887451171875
1150,,24.18765024,120.73575135,377.5887451171875
1151,-1.69_11.52_-6.83_-74.19_9.96_5.71_-7.37_1.75_41.81_0.8974_0.4254_0.0350_0.1119end-1.51_11.17_-6.89_-74.19_9.96_5.71_-7.37_1.75_41.81_0.8943_0.4317_0.0374_0.1116end-1.41_10.32_-6.59_-74.19_9.96_5.71_-8.38_1.44_42.69_0.8943_0.4317_0.0374_0.1116end-1.61_9.92_-6.43_-97.36_20.37_10.52_-8.38_1.44_42.69_0.8943_0.4317_0.0374_0.1116end-1.61_9.22_-6.41_-97.36_20.37_10.52_-8.06_0.37_42.19_0.8891_0.4420_0.0417_0.1113end-1.61_9.22_-6.41_-101.27_20.59_11.08_-8.06_0.37_42.19_0.8873_0.4457_0.0432_0.1111end-1.62_8.14_-6.52_-101.27_20.59_11.08_-8.06_0.37_42.19_0.8853_0.4495_0.0447_0.1108end-1.41_7.48_-6.59_-112.02_19.81_13.09_-8.06_0.37_42.19_0.8853_0.4495_0.0447_0.1108end-1.41_7.48_-6.59_-112.02_19.81_13.09_-8.81_-1.69_43.94_0.8788_0.4619_0.0493_0.1099end-1.11_6.86_-6.61_-119.40_16.45_13.65_-8.81_-1.69_43.94_0.8739_0.4708_0.0522_0.1089end-0.75_6.59_-6.78_-119.40_16.45_13.65_-8.81_-1.69_43.94_0.8714_0.4755_0.0535_0.1082end-0.61_5.71_-6.96_-119.40_16.45_13.65_-8.81_-1.69_43.94_0.8714_0.4755_0.0535_0.1082end-0.61_5.71_-6.96_-119.40_16.45_13.65_-9.56_-3.06_43.87_0.8660_0.4854_0.0554_0.1063end-0.61_5.71_-6.96_-143.24_-15.00_16.79_-9.56_-3.06_43.87_0.8632_0.4905_0.056,24.18765024,120.73575135,377.5887451171875
1152,0_0.1051end-0.48_5.00_-6.80_-143.24_-15.00_16.79_-9.56_-3.06_43.87_0.8632_0.4905_0.0560_0.1051end-0.48_5.00_-6.80_-147.04_-17.90_16.67_-9.56_-3.06_43.87_0.8541_0.5070_0.0573_0.1011end0.02_3.64_-5.99_-147.04_-17.90_16.67_-9.56_-3.06_43.87_0.8509_0.5126_0.0574_0.0995end0.02_3.64_-5.99_-157.90_-24.73_17.35_-9.56_-3.06_43.87_0.8474_0.5186_0.0576_0.0980end0.22_2.80_-5.62_-163.94_-22.60_17.46_-9.56_-3.06_43.87_0.8440_0.5245_0.0577_0.0964end0.22_2.26_-5.24_-163.94_-22.60_17.46_-9.56_-3.06_43.87_0.8367_0.5365_0.0583_0.0933end,24.18765024,120.73575135,377.5887451171875
1153,0.16_2.01_-5.02_-170.77_-12.65_17.01_-9.56_-3.06_43.87_0.8367_0.5365_0.0583_0.0933end0.22_1.97_-4.89_-170.77_-12.65_17.01_-8.88_-11.06_42.88_0.8288_0.5490_0.0596_0.0906end0.30_1.90_-4.80_-177.37_0.34_15.55_-8.88_-11.06_42.88_0.8203_0.5618_0.0618_0.0885end0.26_1.75_-4.57_-177.37_0.34_15.55_-8.88_-11.06_42.88_0.8159_0.5681_0.0631_0.0877end0.29_1.68_-4.37_-177.37_0.34_15.55_-7.81_-12.13_42.44_0.8159_0.5681_0.0631_0.0877end0.29_1.68_-4.37_-188.79_19.36_13.09_-7.81_-12.88_42.00_0.8159_0.5681_0.0631_0.0877end0.29_1.68_-4.37_-192.14_22.05_11.41_-7.81_-12.88_42.00_0.8016_0.5876_0.0681_0.0861end0.39_1.79_-4.10_-192.14_22.05_11.41_-7.81_-12.88_42.00_0.7967_0.5942_0.0699_0.0856end0.39_1.79_-4.10_-199.86_25.96_8.62_-7.81_-12.88_42.00_0.7862_0.6077_0.0735_0.0850end0.18_1.82_-2.89_-202.21_28.42_7.72_-9.69_-15.25_41.50_0.7862_0.6077_0.0735_0.0850end,24.18765024,120.73575135,377.5887451171875
1154,,24.18765024,120.73575135,377.5887451171875
1155,,24.18765024,120.73575135,377.5887451171875
1156,,24.18765024,120.73575135,377.5887451171875
1157,0.13_1.86_-2.55_-202.21_28.42_7.72_-7.56_-16.31_40.63_0.7862_0.6077_0.0735_0.0850end0.13_1.86_-2.55_-202.21_28.42_7.72_-7.56_-16.31_40.63_0.7637_0.6348_0.0818_0.0850end0.01_1.82_-1.93_-202.21_28.42_7.72_-7.56_-16.31_40.63_0.7577_0.6415_0.0842_0.0854end-0.05_1.79_-1.70_-202.21_28.42_7.72_-9.38_-19.87_37.06_0.7577_0.6415_0.0842_0.0854end-0.27_1.80_-1.11_-214.52_58.86_-0.22_-9.38_-19.87_37.06_0.7451_0.6552_0.0896_0.0869end-0.27_1.80_-1.11_-214.52_58.86_-0.22_-9.38_-19.87_37.06_0.7388_0.6618_0.0923_0.0878end-0.27_1.80_-1.11_-216.76_62.11_-3.02_-9.75_-22.31_36.06_0.7388_0.6618_0.0923_0.0878end-0.27_1.80_-1.11_-218.89_59.76_-5.37_-9.75_-22.31_36.06_0.7188_0.,24.18765024,120.73575135,377.5887451171875
1158,6819_0.1004_0.0908end-0.86_2.32_0.27_-218.89_59.76_-5.37_-9.75_-22.31_36.06_0.7188_0.6819_0.1004_0.0908end-0.89_2.41_0.46_-218.89_59.76_-5.37_-9.75_-22.31_36.06_0.6981_0.7017_0.1077_0.0935end-0.90_2.84_0.96_-218.89_59.76_-5.37_-9.75_-22.31_36.06_0.6981_0.7017_0.1077_0.0935end-0.85_2.96_1.05_-220.34_44.43_-8.95_-9.75_-22.31_36.06_0.6767_0.7211_0.1138_0.0954end-0.83_3.15_1.16_-219.45_38.61_-9.85_-9.75_-22.31_36.06_0.6767_0.7211_0.1138_0.0954end-0.83_3.15_1.16_-219.45_38.61_-9.85_-9.75_-22.31_36.06_0.6624_0.7336_0.1172_0.0963end-0.87_3.54_1.51_-219.45_38.61_-9.85_-10.56_-29.69_31.19_0.6624_0.7336_0.1172_0.0963end-1.01_3.78_2.10_-216.87_33.46_-11.41_-10.56_-29.69_31.19_0.6478_0.7460_0.1204_0.0969end-1.01_3.78_2.10_-214.52_31.45_-12.20_-10.56_-29.69_31.19_0.6478_0.7460_0.1204_0.0969end-1.01_3.78_2.10_-214.52_31.45_-12.20_-11.00_-31.50_29.00_0.6259_0.7637_0.1246_0.0976end-1.01_3.78_2.10_-214.52_31.45_-12.20_-11.00_-31.50_29.00_0.6259_0.7637_0.1246_0.0976end-1.01_3.78_2.10_-207.59_29.66_-13.20_-11.00_-31.50_29.00_0.6186_0.7693_0.1259_0.0978end,24.18765024,120.73575135,377.5887451171875
1159,,24.18765024,120.73575135,377.5887451171875
1160,,24.18765024,120.73575135,377.5887451171875
1161,-0.77_3.84_3.01_-203.22_28.54_-12.09_-11.00_-31.50_29.00_0.6114_0.7749_0.1271_0.0980end-0.77_3.84_3.01_-202.21_22.16_-10.41_-11.00_-31.50_29.00_0.5969_0.7856_0.1296_0.0984end-1.37_4.01_4.33_-202.21_22.16_-10.41_-11.00_-31.50_29.00_0.5827_0.7959_0.1318_0.0983end-1.16_4.01_4.25_-202.21_22.16_-10.41_-11.00_-31.50_29.00_0.5827_0.7959_0.1318_0.0983end-0.39_3.86_4.13_-193.04_26.41_-9.40_-11.00_-31.50_29.00_0.5827_0.7959_0.1318_0.0983end-0.39_3.86_4.13_-184.53_21.93_-8.62_-11.06_-36.44_22.75_0.5615_0.8104_0.1352_0.0981end-0.39_3.86_4.13_-186.21_26.86_-11.97_-11.06_-36.44_22.75_0.5478_0.8194_0.1373_0.0981end-1.14_4.21_5.93_-186.21_26.86_-11.97_-11.06_-36.44_22,24.18765024,120.73575135,377.5887451171875
1162,.75_0.5478_0.8194_0.1373_0.0981end-1.20_4.16_5.44_-179.61_17.79_-12.87_-11.06_-36.44_22.75_0.5478_0.8194_0.1373_0.0981end-1.20_4.16_5.44_-179.61_17.79_-12.87_-11.06_-38.19_19.19_0.5276_0.8322_0.1397_0.0980end,24.18765024,120.73575135,377.5887451171875
1163,,24.18765024,120.73575135,377.5887451171875
1164,,24.18765024,120.73575135,377.5887451171875
1165,,24.18765024,120.73575135,377.5887451171875
1166,-1.20_4.16_5.44_-165.62_-43.64_-4.70_-11.06_-38.19_19.19_0.5155_0.8401_0.1396_0.0948end-1.64_4.34_6.08_-165.62_-43.64_-4.70_-11.44_-38.25_18.75_0.5155_0.8401_0.1396_0.0948end-1.64_4.34_6.08_-162.04_-62.67_-3.13_-11.44_-38.25_18.75_0.5041_0.8480_0.1379_0.0883end-1.64_4.34_6.08_-155.55_-97.58_-1.34_-10.69_-38.94_18.31_0.5041_0.8480_0.1379_0.0883end-1.64_4.34_6.08_-151.30_-118.28_0.45_-10.69_-38.94_18.31_0.4936_0.8555_0.1347_0.0792end-0.41_5.70_5.43_-151.30_-118.28_0.45_-10.69_-38.94_18.31_0.4843_0.8626_0.1300_0.0670end0.21_6.57_4.78_-139.77_-172.89_10.52_-11.44_-39.69_16.56_0.4843_0.8626_0.1300_0.0670end-1.16_4.85_4.75_-140.11_-176.70_11.86_-11.44_-39.69,24.18765024,120.73575135,377.5887451171875
1167,_16.56_0.4843_0.8626_0.1300_0.0670end2.95_7.24_2.57_-140.11_-176.70_11.86_-9.63_-41.37_13.94_0.4712_0.8724_0.1216_0.0446end-0.34_7.02_4.48_-125.33_-158.46_14.32_-9.63_-41.37_13.94_0.4630_0.8782_0.1165_0.0303end-0.34_7.02_4.48_-123.88_-153.65_16.34_-9.63_-41.37_13.94_0.4630_0.8782_0.1165_0.0303end-0.34_7.02_4.48_-123.88_-153.65_16.34_-9.63_-40.69_14.81_0.4590_0.8807_0.1142_0.0235end-0.34_7.02_4.48_-115.26_-121.08_17.90_-9.63_-40.69_14.81_0.4512_0.8856_0.1100_0.0107end-0.34_7.02_4.48_-115.26_-121.08_17.90_-8.94_-41.00_14.31_0.4512_0.8856_0.1100_0.0107end1.35_7.02_2.61_-111.68_-107.43_17.57_-8.94_-41.00_14.31_0.4434_0.8900_0.1067_-0.0005end1.28_7.31_3.05_-111.68_-107.43_17.57_-8.94_-41.00_14.31_0.4357_0.8940_0.1043_-0.0098end1.28_7.31_3.05_-111.68_-107.43_17.57_-8.94_-41.00_14.31_0.4283_0.8976_0.1025_-0.0176end1.39_7.64_3.32_-111.68_-107.43_17.57_-8.94_-41.00_1,24.18765024,120.73575135,377.5887451171875
1168,4.31_0.4247_0.8994_0.1017_-0.0212end1.50_7.86_3.03_-111.68_-107.43_17.57_-8.94_-41.00_14.31_0.4211_0.9011_0.1008_-0.0248end1.50_7.86_3.03_-91.20_-76.32_15.78_-8.94_-41.00_14.31_0.4211_0.9011_0.1008_-0.0248end1.52_8.28_2.60_-91.20_-76.32_15.78_-8.94_-41.00_14.31_0.4211_0.9011_0.1008_-0.0248end1.66_8.53_2.30_-91.20_-76.32_15.78_-8.94_-42.50_10.38_0.4083_0.9068_0.0971_-0.0399end1.73_8.82_1.96_-91.20_-76.32_15.78_-8.94_-42.50_10.38_0.4055_0.9080_0.0961_-0.0437end1.85_9.30_1.16_-91.20_-76.32_15.78_-9.31_-42.13_9.94_0.4055_0.9080_0.0961_-0.0437end2.03_9.55_1.27_-73.86_-70.05_12.20_-9.31_-42.13_9.94_0.3999_0.9103_0.0941_-0.0510end2.03_9.55_1.27_-73.86_-70.05_12.20_-9.31_-42.13_9.94_0.3972_0.9114_0.0932_-0.0540end2.25_9.44_2.29_-67.37_-47.00_9.40_-7.56_-43.19_8.19_0.3947_0.9124_0.0925_-0.0566end1.95_9.27_2.57_-63.79_-33.57_7.95_-7.56_-43.19_8.19_0.3897_0.9144_0.0917_-0.0601end2.00_9.10_3.22_-57.97_-4.14_4.92_-7.56_-43.19_8.19_0.3897_0.9144_0.0917_-0.0601end2.00_9.10_3.22_-57.97_-4.14_4.92_-7.56_-42.19_6.94_0.3850_0.9163_0.0916_-0.0610end,24.18765024,120.73575135,377.5887451171875
1169,,24.18765024,120.73575135,377.5887451171875
1170,1.69_8.46_4.64_-57.97_-4.14_4.92_-7.56_-42.19_6.94_0.3809_0.9180_0.0920_-0.0601end1.62_8.46_4.87_-38.83_28.09_-2.46_-7.56_-42.19_6.94_0.3792_0.9188_0.0923_-0.0591end1.47_8.60_4.74_-34.58_29.10_-3.58_-7.56_-42.19_6.94_0.3792_0.9188_0.0923_-0.0591end1.48_8.64_4.46_-29.99_27.64_-5.15_-8.63_-43.25_6.44_0.3792_0.9188_0.0923_-0.0591end1.48_8.64_4.46_-29.99_27.64_-5.15_-8.63_-43.25_6.44_0.3737_0.9213_0.0930_-0.0550end1.48_8.64_4.46_-29.99_27.64_-5.15_-8.94_-42.88_6.00_0.3729_0.9216_0.0928_-0.0542end1.92_9.11_4.02_-29.99_27.64_-5.15_-9.31_-43.25_6.00_0.3723_0.9219_0.0925_-0.0536end2.01_9.35_4.97_0.90_-2.13_-15.00_-9.31_-43.25_6.00_0.3723_0.9219_0.0925_-0.0536end1.91_9.70_5.46_0.90_-2.13_-15.00_-9.31_-43.25_6.00_0.3721_0.9222_0.0908_-0.0529end1.85_9.90_5.53_0.90_-2.13_-15.00_-7.94_-43.25_6.44_0.3725_0.9221_0.0900_-0.0527end,24.18765024,120.73575135,377.5887451171875
1171,,24.18765024,120.73575135,377.5887451171875
1172,2.26_10.35_5.34_0.90_-2.13_-15.00_-7.94_-43.25_6.44_0.3725_0.9221_0.0900_-0.0527end2.26_10.35_5.34_0.90_-2.13_-15.00_-7.56_-43.56_6.44_0.3750_0.9214_0.0874_-0.0516end2.57_11.10_4.62_0.90_-2.13_-15.00_-7.56_-43.56_6.44_0.3763_0.9210_0.0864_-0.0509end2.49_10.99_4.39_0.90_-2.13_-15.00_-7.56_-43.56_6.44_0.3763_0.9210_0.0864_-0.0509e,24.18765024,120.73575135,377.5887451171875
1173,nd2.25_10.69_4.46_45.21_18.46_-31.89_-7.56_-43.56_6.44_0.3763_0.9210_0.0864_-0.0509end2.20_10.50_4.61_50.69_29.32_-34.47_-7.94_-42.88_7.81_0.3763_0.9210_0.0864_-0.0509end2.20_10.50_4.61_50.69_29.32_-34.47_-7.94_-42.88_7.81_0.3856_0.9180_0.0824_-0.0423end1.83_10.07_4.86_50.69_29.32_-34.47_-7.56_-43.87_8.19_0.3856_0.9180_0.0824_-0.0423end1.47_9.98_4.80_50.69_29.32_-34.47_-7.94_-43.87_8.19_0.3856_0.9180_0.0824_-0.0423end1.14_9.94_4.51_76.66_69.94_-42.30_-7.94_-43.87_8.19_0.3856_0.9180_0.0824_-0.0423end,24.18765024,120.73575135,377.5887451171875
1174,,24.18765024,120.73575135,377.5887451171875
1175,0.93_9.99_4.38_76.66_69.94_-42.30_-7.94_-43.87_8.19_0.3993_0.9130_0.0803_-0.0243end0.61_9.96_4.12_76.66_69.94_-42.30_-7.19_-42.81_10.38_0.4027_0.9116_0.0800_-0.0202end0.41_9.95_3.95_95.46_70.84_-44.20_-6.44_-42.81_9.50_0.4061_0.9102_0.0795_-0.0162end0.16_9.99_3.95_99.60_66.47_-44.09_-6.44_-42.81_9.50_0.4061_0.9102_0.0795_-0.0162end-0.73_10.25_3.90_103.40_59.53_-43.08_-6.44_-42.81_9.50_0.4136_0.9070_0.0786_-0.0087end-0.73_10.25_3.90_111.23_41.07_-41.96_-7.19_-42.13_9.50_0.4136_0.9070_0.0786_-0.0087end-0.73_10.25_3.90_111.23_41.07_-41.96_-7.19_-42.13_9.50_0.4261_0.9015_0.0760_0.0001end-0.73_10.25_3.90_111.23_41.07_-41.96_-6.81_-42.81_10.38_0.4261_0.9015_,24.18769511,120.73573404,378.34552001953125
1176,0.0760_0.0001end-0.73_10.25_3.90_120.97_4.36_-39.73_-6.81_-42.81_10.38_0.4351_0.8974_0.0735_0.0037end-1.41_10.11_2.93_123.99_-8.50_-38.94_-6.81_-42.81_10.38_0.4351_0.8974_0.0735_0.0037end,24.18769511,120.73573404,378.34552001953125
1177,-1.41_10.11_2.93_129.70_-33.01_-38.27_-6.81_-42.81_10.38_0.4498_0.8905_0.0681_0.0054end-0.86_9.90_2.61_129.70_-33.01_-38.27_-6.81_-42.81_10.38_0.4549_0.8881_0.0658_0.0051end6.80_5.80_-57.31_129.70_-33.01_-38.27_-6.81_-42.81_10.38_0.4622_0.8845_0.0632_0.0039end16.36_40.94_43.54_242.72_-30.10_-17.46_-6.81_-42.81_10.38_0.4622_0.884,24.18769511,120.73573404,378.34552001953125
1178,5_0.0632_0.0039end16.36_40.94_43.54_-63.00_-142.57_-25.40_-3.81_-41.63_16.50_0.4622_0.8845_0.0632_0.0039end12.98_-4.43_-4.01_-63.00_-142.57_-25.40_-4.56_-42.00_17.00_0.4778_0.8768_0.0525_-0.0069end7.37_15.53_18.10_-63.00_-142.57_-25.40_-4.56_-42.00_17.00_0.4764_0.8778_0.0475_-0.0159end-4.34_6.61_-8.97_-63.00_-142.57_-25.40_-4.56_-42.00_17.00_0.4763_0.8779_0.0419_-0.0271end13.19_6.99_-5.88_-18.58_-194.27_-8.06_-4.56_-42.00_17.00_0.4763_0.8779_0.0419_-0.0271end13.19_6.99_-5.88_-18.58_-194.27_-8.06_-2.75_-40.94_14.38_0.4760_0.8777_0.0330_-0.0432end,24.18769511,120.73573404,378.34552001953125
1179,,24.18769511,120.73573404,378.34552001953125
1180,,24.18769511,120.73573404,378.34552001953125
1181,,24.18769511,120.73573404,378.34552001953125
1182,3.67_6.08_-6.45_84.94_-118.84_-9.85_-2.75_-40.94_14.38_0.4786_0.8762_0.0298_-0.0485end3.67_6.08_-6.45_91.54_-28.54_-28.09_-2.00_-41.63_18.25_0.4786_0.8762_0.0298_-0.0485end5.05_6.82_9.54_91.54_-28.54_-28.09_-2.00_-41.63_18.25_0.4906_0.8696_0.0260_-0.0495end5.05_6.82_9.54_98.70_45.77_-31.45_-2.00_-40.94_17.50_0.4906_0.8696_0.0260_-0.0495end5.05_6.82_9.54_98.70_45.77_-31.45_-2.00_-40.94_17.50_0.4982_0.8655_0.0258_-0.0455end3.75_9.32_25.33_98.70_45.77_-31.45_-2.00_-40.94_17.50_0.5028_0.8630_0.0261_-0.0424end2.80_6.94_12.94_98.70_45.77_-31.45_-1.31_-39.56_18.81_0.5028_0.8630_0.0261_-0.0424end0.20_6.19_2.08_33.68_173.57_-26.41_-1.31_-39.56_18.81_0.5028_0.86,24.18769511,120.73573404,378.34552001953125
1183,30_0.0261_-0.0424end0.20_6.19_2.08_33.68_173.57_-26.41_-1.31_-39.56_18.81_0.5073_0.8608_0.0338_-0.0219end-1.37_7.01_3.73_33.68_173.57_-26.41_-1.31_-39.56_18.81_0.5073_0.8608_0.0338_-0.0219end-0.44_6.62_-0.32_33.68_173.57_-26.41_-1.31_-39.56_18.81_0.5111_0.8585_0.0427_-0.0030end0.21_8.95_0.61_72.63_240.15_-19.58_-1.31_-39.56_18.81_0.5111_0.8585_0.0427_-0.0030end0.21_8.95_0.61_72.63_240.15_-19.58_-1.31_-39.56_18.81_0.5176_0.8534_0.0566_0.0261end-0.80_7.70_5.73_72.63_240.15_-19.58_-4.19_-40.19_20.06_0.5203_0.8513_0.0599_0.0333end-2.79_7.91_9.54_72.63_240.15_-19.58_-4.19_-40.19_20.06_0.5203_0.8513_0.0599_0.0333end-2.79_7.91_9.54_85.38_76.32_-15.55_-4.87_-39.19_20.56_0.5203_0.8513_0.0599_0.0333end-2.79_7.91_9.54_75.09_45.32_-14.44_-4.87_-39.19_20.56_0.5290_0.8450_0.0644_0.0458end-3.19_7.89_14.34_75.09_45.32_-14.44_-4.87_-39.19_20.56_0.5315_0.8433_0.0645_0.0475end-3.19_7.89_14.34_63.79_11.41_-8.95_-4.87_-39.19_20.56_0.5362_0.8401_0.0642_0.0497end0.43_6.95_5.32_63.79_11.41_-8.95_-4.87_-39.19_20.56_0.5385_0.8386_0.0641_0.0506end,24.18769511,120.73573404,378.34552001953125
1184,0.43_6.95_5.32_72.85_29.99_-6.15_-5.25_-38.50_22.25_0.5385_0.8386_0.0641_0.0506end0.25_7.01_4.95_72.85_29.99_-6.15_-5.25_-38.50_22.25_0.5463_0.8331_0.0656_0.0558end-1.16_7.02_4.97_72.85_29.99_-6.15_-4.12_-38.13_22.25_0.5491_0.8310_0.0668_0.0588end-1.16_7.02_4.97_88.07_97.02_-8.95_-5.25_-37.75_22.75_0.5491_0.8310_0.0668_0.0588end-1.12_7.28_5.81_89.64_111.79_-8.39_-5.25_-37.75_22.75_0.5491_0.8310_0.0668_0.0588end-1.12_7.28_5.81_89.64_111.79_-8.39_-5.25_-37.75_22.75_0.5606_0.8212_0.0746_0.0756end-1.45_7.45_5.24_89.64_111.79_-8.39_-5.25_-37.75_22.75_0.5633_0.8188_0.0767_0.0798end-3.06_7.05_4.17_89.64_111.79_-8.39_-5.25_-37.75_22.75_0.5633_0.8188_0.0767_0.0,24.18769511,120.73573404,378.34552001953125
1185,798end-1.91_7.20_2.12_79.34_85.83_-0.34_-5.25_-37.75_22.75_0.5633_0.8188_0.0767_0.0798end-1.91_7.20_2.12_78.67_73.30_2.57_-6.31_-36.00_24.50_0.5710_0.8118_0.0823_0.0903end,24.18769511,120.73573404,378.34552001953125
1186,,24.18769511,120.73573404,378.34552001953125
1187,-2.49_7.62_-0.44_78.67_73.30_2.57_-6.31_-36.00_24.50_0.5760_0.8073_0.0855_0.0960end-2.49_7.62_-0.44_80.01_73.52_2.13_-7.44_-36.69_24.06_0.5786_0.8049_0.0872_0.0989end-2.55_7.28_-1.02_81.47_74.86_2.24_-7.44_-36.69_24.06_0.5786_0.8049_0.0872_0.0989end-2.55_7.28_-1.02_81.47_74.86_2.24_-6.69_-35.63_26.31_0.5812_0.8026_0.0887_0.1017end-2.55_7.28_-1.02_83.82_61.44_6.83_-6.69_-35.63_26.31_0.5891_0.7952_0.0933_0.1096end-2.46_7.75_0.36_83.82_61.44_6.83_-7.75_-35.31_25.44_0.5891_0.7952_0.0933_0.1096end-2.46_7.75_0.36_81.36_51.03_9.40_-7.75_-35.31_25.44_0.5944_0.7903_0.0959_0.1136end-2.71_7.93_1.06_76.77_46.55_9.85_-7.75_-35.31_25.44_0.5944_0.7903_0.0959_0.1136en,24.18769511,120.73573404,378.34552001953125
1188,d-2.71_7.93_1.06_74.08_44.31_10.07_-7.75_-35.31_25.44_0.5995_0.7856_0.0983_0.1172end-2.71_7.93_1.06_74.08_44.31_10.07_-9.19_-34.25_26.31_0.6044_0.7811_0.1006_0.1203end,24.18769511,120.73573404,378.34552001953125
1189,,24.18769511,120.73573404,378.34552001953125
1190,-2.32_7.87_-0.18_74.08_44.31_10.07_-9.19_-34.25_26.31_0.6068_0.7789_0.1016_0.1216end-2.25_7.91_-0.32_72.74_33.01_13.76_-9.56_-34.63_26.25_0.6068_0.7789_0.1016_0.1216end-2.53_7.97_-0.34_72.85_29.21_15.22_-9.56_-34.63_26.25_0.6068_0.7789_0.1016_0.1216end-2.59_8.02_-0.27_72.85_29.21_15.22_-9.88_-33.88_27.62_0.6164_0.7703_0.1052_0.1253end-2.69_8.04_-0.19_72.85_29.21_15.22_-9.88_-33.88_27.62_0.6188_0.7681_0.1060_0.1259end-2.59_8.21_1.15_72.85_29.21_15.22_-9.88_-33.88_27.62_0.6188_0.7681_0.1060_0.1259end-2.50_8.29_1.45_71.17_-0.11_18.02_-8.44_-33.19_28.00_0.6188_0.7681_0.1060_0.1259end-2.50_8.29_1.45_71.17_-0.11_18.02_-10.63_-33.25_28.87_0.6262_0.7617_0.1074,24.18769511,120.73573404,378.34552001953125
1191,_0.1266end-1.81_8.23_1.57_71.17_-0.11_18.02_-10.63_-33.25_28.87_0.6312_0.7578_0.1074_0.1257end-1.68_8.23_1.40_71.17_-0.11_18.02_-9.88_-31.81_29.31_0.6337_0.7559_0.1072_0.1249end,24.18769511,120.73573404,378.34552001953125
1192,,24.18769511,120.73573404,378.34552001953125
1193,-1.60_8.22_1.00_71.17_-0.11_18.02_-9.88_-31.81_29.31_0.6361_0.7540_0.1069_0.1240end-1.48_8.21_0.86_71.17_-0.11_18.02_-11.00_-32.19_29.31_0.6386_0.7521_0.1066_0.1230end-1.48_8.21_0.86_71.17_-0.11_18.02_-11.00_-32.19_29.31_0.6434_0.7484_0.1063_0.1213end-1.18_8.18_1.00_71.17_-0.11_18.02_-11.00_-32.19_29.31_0.6434_0.7484_0.1063_0.1213end-1.14_8.25_1.18_71.17_-0.11_18.02_-9.50_-31.12_29.81_0.6434_0.7484_0.1063_0.1213end-0.99_8.24_1.30_69.94_-16.34_20.59_-9.50_-31.12_29.81_0.6508_0.7424_0.1058_0.1189end-0.99_8.24_1.30_69.94_-16.34_20.59_-9.50_-31.12_29.81_0.6533_0.7404_0.1056_0.1180end-0.99_8.24_1.30_69.83_-21.71_21.49_-9.50_-31.12_29.81_0.6558_0.7384_0.1053_0.1170end-0.99_8.24_1.30_69.05_-20.93_20.93_-9.50_-31.12_29.81_0.6606_0.7344_0.1047_0.1151end-0.25_8.29_1.70_68.93_-18.58_20.81_-9.50_-31.12_29.81_0.6606_0.7344_0.1047_0.1151end,24.18769511,120.73573404,378.34552001953125
1194,,24.18769511,120.73573404,378.34552001953125
1195,,24.18769511,120.73573404,378.34552001953125
1196,,24.18769511,120.73573404,378.34552001953125
1197,-0.09_8.25_1.43_68.37_-15.44_20.70_-9.50_-31.12_29.81_0.6606_0.7344_0.1047_0.1151end-0.09_8.25_1.43_68.37_-11.41_20.59_-9.50_-31.12_29.81_0.6700_0.7264_0.1042_0.1119end-0.05_8.22_0.63_68.37_-11.41_20.59_-10.56_-28.25_32.06_0.6700_0.7264_0.1042_0.1119end-0.12_8.29_0.36_68.71_-0.11_21.15_-10.56_-28.25_32.06_0.6700_0.7264_0.1042_0.1119end-0.12_8.29_0.36_68.71_-0.11_21.15_-9.13_-29.31_32.94_0.6792_0.7178_0.1055_0.1107end-0.40_8.23_0.36_68.71_-0.11_21.15_-10.19_-28.94_33.81_0.6814_0.7157_0.1060_0.1106end-0.54_8.29_0.44_69.83_3.92_20.81_-10.19_-28.94_33.81_0.6814_0.7157_0.1060_0.1106end-0.58_8.27_0.89_70.28_-3.25_20.70_-10.19_-28.94_33.81_0.6859_0.7114_0.106,24.18769511,120.73573404,378.34552001953125
1198,,24.18769511,120.73573404,378.34552001953125
1199,9_0.1102end-0.50_8.29_0.83_70.28_-3.25_20.70_-10.19_-28.94_33.81_0.6882_0.7091_0.1071_0.1099end-0.43_8.29_0.84_70.72_-6.04_21.04_-10.19_-28.94_33.81_0.6882_0.7091_0.1071_0.1099end-0.43_8.29_0.84_70.72_-6.04_21.04_-10.56_-26.87_33.44_0.6927_0.7047_0.1074_0.1089end0.07_8.25_0.57_70.72_-6.04_21.04_-10.56_-26.87_33.44_0.6927_0.7047_0.1074_0.1089end0.25_8.22_0.48_69.61_-9.06_20.70_-10.56_-26.87_33.44_0.6927_0.7047_0.1074_0.1089end0.25_8.22_0.48_69.16_-9.85_20.59_-11.63_-25.81_35.63_0.7042_0.6938_0.1075_0.1061end0.68_8.17_-0.28_69.16_-9.85_20.59_-11.63_-25.81_35.63_0.7064_0.6917_0.1075_0.1055end0.70_8.14_-0.30_68.93_-5.60_20.37_-10.19_-26.19_36.06_0.7064_0.6917_0.1075_0.1055end0.78_8.14_-0.68_68.93_0.45_19.92_-10.19_-26.19_36.06_0.7064_0.6917_0.1075_0.1055end0.75_8.18_-0.98_68.93_0.45_19.92_-10.19_-26.19_36.06_0.7129_0.6849_0.1082_0.1044end0.74_8.17_-1.10_69.83_25.18_19.36_-10.19_-26.19_36.06_0.7171_0.6802_0.1098_0.1049end0.74_8.17_-1.10_69.83_25.18_19.36_-12.00_-24.44_36.06_0.7171_0.6802_0.1098_0.1049end,24.18769511,120.73573404,378.34552001953125
1200,0.63_8.20_-1.25_70.39_30.89_18.91_-12.00_-24.44_36.06_0.7171_0.6802_0.1098_0.1049end0.63_8.20_-1.25_70.95_32.12_20.25_-10.88_-24.06_36.50_0.7252_0.6703_0.1148_0.1075end0.36_8.27_-0.80_70.95_32.12_20.25_-10.88_-24.06_36.50_0.7272_0.6679_0.1160_0.1082end0.30_8.26_-0.91_70.95_32.12_20.25_-10.88_-24.06_36.50_0.7291_0.6655_0.1171_0.1086end0.30_8.26_-0.91_70.95_32.12_20.25_-12.69_-21.94_36.56_0.7312_0.6629_0.1182_0.1091end0.39_8.24_-1.89_70.95_32.12_20.25_-12.69_-21.94_36.56_0.7351_0.6581_0.1200_0.1097end0.51_8.20_-2.24_70.95_32.12_20.25_-12.69_-21.94_36.56_0.7371_0.6558_0.1208_0.1100end0.46_8.21_-2.31_68.04_18.80_20.48_-12.69_-21.94_36.56_0.7371_0.6558_0.1208_0.1100end0.33_8.18_-2.22_68.04_18.80_20.48_-12.69_-21.94_36.56_0.7410_0.6509_0.1224_0.1104end0.33_8.18_-2.22_68.26_21.93_20.93_-12.69_-21.62_36.56_0.7449_0.6461_0.1244_0.1110end,24.18769511,120.73573404,378.34552001953125
1201,,24.18769511,120.73573404,378.34552001953125
1202,-0.20_8.28_-1.81_68.26_21.93_20.93_-12.69_-21.62_36.56_0.7449_0.6461_0.1244_0.1110end-0.56_8.28_-1.30_68.49_24.73_22.60_-12.69_-21.62_36.56_0.7449_0.6461_0.1244_0.1110end-0.67_8.24_-1.07_68.49_20.59_22.94_-12.69_-21.62_36.56_0.7449_0.6461_0.1244_0.1110end-0.61_8.30_-0.92_68.49_20.59_22.94_-11.94_-21.25_38.31_0.7543_0.6338_0.1293_0.1122end-0.57_8.26_-0.86_68.49_20.59_22.94_-11.94_-21.25_38.31_0.7563_0.6314_0.1298_0.1121end-0.48_8.22_-0.79_68.49_20.59_22.94_-11.94_-21.25_38.31_0.7583_0.6290_0.1302_0.1118end0.20_8.23_-1.10_68.49_20.59_22.94_-11.94_-21.25_38.31_0.7603_0.6266_0.1304_0.1114end0.36_8.00_-1.40_67.59_-11.41_23.61_-11.94_-21.25_38.31_0.7603_0.62,24.18769511,120.73573404,378.34552001953125
1203,66_0.1304_0.1114end0.36_8.00_-1.40_67.59_-11.41_23.61_-13.38_-17.44_38.81_0.7603_0.6266_0.1304_0.1114end0.72_7.91_-2.62_67.59_-11.41_23.61_-13.38_-17.44_38.81_0.7663_0.6196_0.1301_0.1091end,24.18769511,120.73573404,378.34552001953125
1204,,24.18769511,120.73573404,378.34552001953125
1205,0.82_8.04_-2.79_68.60_-19.47_23.95_-13.38_-17.44_38.81_0.7663_0.6196_0.1301_0.1091end0.90_7.90_-3.02_68.37_-18.35_22.94_-12.63_-16.37_39.69_0.7663_0.6196_0.1301_0.1091end0.90_7.90_-3.02_68.37_-18.35_22.94_-12.63_-16.37_39.69_0.7745_0.6103_0.1288_0.1055end0.90_7.90_-3.02_68.04_-14.44_21.82_-12.63_-16.37_39.69_0.7765_0.6079_0.1285_0.1047end0.90_7.90_-3.02_68.04_-14.44_21.82_-12.63_-16.00_39.69_0.7786_0.6055_0.1282_0.1039end0.90_7.90_-3.02_66.70_-8.39_21.15_-12.63_-16.00_39.69_0.7786_0.6055_0.1282_0.1039end2.40_8.05_-5.09_66.70_-8.39_21.15_-12.63_-16.00_39.69_0.7823_0.6008_0.1279_0.1026end2.45_8.02_-5.33_66.70_-8.39_21.15_-12.63_-16.00_39.69_0.7878_0.5937,24.18769511,120.73573404,378.34552001953125
1206,_0.1284_0.1014end2.35_8.09_-5.82_66.70_-8.39_21.15_-12.63_-16.00_39.69_0.7896_0.5914_0.1287_0.1011end2.20_8.13_-5.93_63.23_0.34_19.36_-12.63_-16.00_39.69_0.7896_0.5914_0.1287_0.1011end,24.18769511,120.73573404,378.34552001953125
1207,,24.18769511,120.73573404,378.34552001953125
1208,2.20_8.13_-5.93_63.23_0.34_19.36_-12.63_-14.94_39.75_0.7930_0.5868_0.1291_0.1005end1.95_8.29_-6.43_63.23_0.34_19.36_-12.63_-14.94_39.75_0.7964_0.5824_0.1288_0.0994end1.93_8.26_-6.64_58.19_-23.61_17.46_-12.63_-14.94_39.75_0.7981_0.5804_0.1284_0.0986end1.94_8.30_-7.01_56.51_-32.68_17.35_-12.63_-14.94_39.75_0.7981_0.5804_0.1284_0.0986end2.00_8.25_-7.24_55.06_-40.96_16.67_-12.25_-13.62_39.75_0.7981_0.5804_0.1284_0.0986end2.06_8.29_-7.43_53.71_-47.67_16.56_-12.25_-13.62_39.75_0.8032_0.5746_0.1251_0.0950end2.20_8.33_-7.61_53.71_-47.67_16.56_-12.25_-13.62_39.75_0.8065_0.5712_0.1218_0.0919end2.31_8.34_-7.51_53.71_-47.67_16.56_-12.25_-13.62_39.75_0.8082_0.5695_0.1199_0.0903end2.43_8.41_-7.50_50.36_-59.42_13.43_-12.25_-13.62_39.75_0.8082_0.5695_0.1199_0.0903end2.58_8.43_-7.28_49.69_-60.76_12.98_-12.25_-13.62_39.75_0.8082_0.5695_0.1199_0.0903end,24.18769511,120.73573404,378.34552001953125
1209,,24.18769511,120.73573404,378.34552001953125
1210,2.58_8.43_-7.28_49.69_-60.76_12.98_-12.25_-13.62_39.75_0.8145_0.5631_0.1119_0.0835end2.74_8.51_-6.62_49.69_-60.76_12.98_-12.25_-13.62_39.75_0.8160_0.5616_0.1098_0.0818end2.81_8.50_-6.43_45.10_-61.44_10.63_-12.25_-13.62_39.75_0.8160_0.5616_0.1098_0.0818end2.84_8.51_-6.38_43.98_-60.54_9.74_-11.81_-11.81_43.25_0.8160_0.5616_0.1098_0.0818end2.86_8.55_-6.27_43.08_-59.20_8.62_-11.81_-11.81_43.25_0.8215_0.5560_0.1015_0.0754end2.84_8.50_-6.21_43.08_-59.20_8.62_-11.81_-11.81_43.25_0.8229_0.5546_0.0995_0.0740end2.93_8.54_-5.98_43.08_-59.20_8.62_-11.44_-10.44_40.69_0.8229_0.5546_0.0995_0.0740end2.91_8.56_-5.77_41.63_-50.69_5.60_-11.44_-10.44_40.69_0.8229_0.5546_0.0995_0.0740end2.89_8.50_-5.48_41.63_-50.69_5.60_-10.38_-10.75_42.44_0.8277_0.5491_0.0925_0.0694end2.89_8.50_-5.48_41.63_-50.69_5.60_-9.63_-11.12_42.00_0.8277_0.5491_0.0925_0.0694end,24.18769511,120.73573404,378.34552001953125
1211,,24.18769511,120.73573404,378.34552001953125
1212,,24.18769511,120.73573404,378.34552001953125
1213,,24.18769511,120.73573404,378.34552001953125
1214,2.89_8.50_-5.48_39.50_-37.49_3.25_-9.63_-11.12_42.00_0.8299_0.5465_0.0898_0.0677end2.46_8.52_-5.14_39.50_-37.49_3.25_-9.63_-11.12_42.00_0.8299_0.5465_0.0898_0.0677end2.01_8.55_-5.03_39.50_-37.49_3.25_-10.38_-10.44_41.13_0.8330_0.5425_0.0866_0.0660end1.87_8.60_-4.94_39.50_-37.49_3.25_-9.25_-9.38_42.00_0.8340_0.5411_0.0858_0.0657end1.73_8.54_-4.84_37.94_-12.65_-0.78_-9.25_-9.38_42.00_0.8340_0.5411_0.0858_0.0657end1.73_8.54_-4.84_37.94_-12.65_-0.78_-9.25_-9.38_42.00_0.8368_0.5370_0.0842_0.0655end1.28_8.56_-4.53_37.94_-12.65_-0.78_-9.25_-9.38_42.00_0.8377_0.5356_0.0837_0.0655end1.05_8.53_-4.32_37.94_-12.65_-0.78_-9.25_-9.38_42.00_0.8377_0.5356_0.0837_0.0655end0.80_8.52_-4.20_37.38_-10.63_-1.23_-9.25_-9.38_42.00_0.8405_0.5316_0.0823_0.0653end0.91_8.54_-4.14_37.38_-15.44_-1.57_-8.88_-8.63_43.31_0.8414_0.5302_0.0815_0.0652end0.73_8.52_-3.91_37.38_-15.44_-1.57_-8.88_-8.63_43.31_0.8414_0.5302_0.0815_0.0652end0.79_8.53_-3.82_37.94_-19.02_-2.80_-7.75_-7.94_43.31_0.8414_0.5302_0.0815_0.0652end1.02_8.46_-3.56_37.94_-19.02_-2.80_-7.75_-7.94_43.31_0.8414_0.5302_0.0815_0.0652end1.02_8.46_-3.56_37.71_-18.02_-3.25_-7.75_-7.94_43.31_0.8461_0.5236_0.0773_0.0643end1.07_8.39_-3.36_37.71_-18.02_-3.25_-7.75_-7.94_43.31_0.8470_0.5222_0.0765_0.0641end1.07_8.39_-3.36_37.71_-18.02_-3.25_-7.75_-7.62_43.31_0.8479_0.5208_0.0757_0.0640end0.89_8.34_-3.23_39.28_-7.05_-3.36_-7.75_-7.62_43.31_0.8479_0.5208_0.0757_0.0640end0.89_8.34_-3.23_39.28_-7.05_-3.36_-8.50_-6.25_42.94_0.8497_0.5180_0.0745_0.0640e,24.18769511,120.73573404,378.34552001953125
1215,nd0.61_8.29_-2.97_39.28_-7.05_-3.36_-8.50_-6.25_42.94_0.8515_0.5151_0.0740_0.0644end0.58_8.30_-2.92_39.73_5.48_-4.14_-8.50_-6.62_41.63_0.8515_0.5151_0.0740_0.0644end,24.18769511,120.73573404,378.34552001953125
1216,0.55_8.25_-2.97_40.40_8.06_-4.03_-8.50_-6.62_41.63_0.8515_0.5151_0.0740_0.0644end0.55_8.22_-2.92_40.40_8.06_-4.03_-8.13_-4.81_42.56_0.8515_0.5151_0.0740_0.0644end0.55_8.22_-2.92_40.40_8.06_-4.03_-8.13_-4.81_42.56_0.8559_0.5074_0.0745_0.0668end0.44_8.17_-2.92_40.40_8.06_-4.03_-8.13_-4.81_42.56_0.8568_0.5057_0.0747_0.0673end0.20_8.14_-2.79_40.40_8.06_-4.03_-8.13_-4.81_42.56_0.8577_0.5041_0.0750_0.0679end0.08_8.09_-2.85_44.65_13.76_-3.13_-8.13_-4.81_42.56_0.8577_0.5041_0.0750_0.0679end0.08_8.09_-2.85_44.76_12.31_-3.13_-8.13_-4.81_42.56_0.8605_0.4990_0.0759_0.0696end-0.08_8.00_-2.72_44.76_12.31_-3.13_-8.13_-4.81_42.56_0.8614_0.4973_0.0762_0.0701end-0.10_7.,24.18769511,120.73573404,378.34552001953125
1217,96_-2.74_44.76_12.31_-3.13_-8.06_-4.12_44.75_0.8614_0.4973_0.0762_0.0701end-0.15_7.93_-2.74_46.11_4.92_-2.46_-8.06_-4.12_44.75_0.8614_0.4973_0.0762_0.0701end,24.18769511,120.73573404,378.34552001953125
1218,,24.18769511,120.73573404,378.34552001953125
1219,-0.15_7.93_-2.74_46.11_4.92_-2.46_-7.44_-4.81_43.00_0.8653_0.4902_0.0760_0.0715end-0.17_7.82_-2.91_46.11_4.92_-2.46_-7.44_-4.81_43.00_0.8663_0.4885_0.0757_0.0717end-0.20_7.77_-3.23_46.11_4.92_-2.46_-7.44_-4.81_43.00_0.8663_0.4885_0.0757_0.0717end-0.25_7.75_-3.48_47.90_-9.18_-1.23_-7.44_-4.81_43.00_0.8663_0.4885_0.0757_0.0717end-0.29_7.70_-3.56_47.90_-9.18_-1.23_-9.19_-4.12_43.38_0.8705_0.4812_0.0737_0.0718end-0.32_7.62_-3.71_47.90_-9.18_-1.23_-9.19_-4.12_43.38_0.8716_0.4794_0.0731_0.0717end-0.32_7.62_-3.71_47.90_-9.18_-1.23_-8.44_-3.06_44.38_0.8727_0.4775_0.0724_0.0716end-0.32_7.62_-3.68_50.92_-16.79_-0.34_-8.44_-3.06_44.38_0.8738_0.4756_0.0716_0.0715end-0.41_7.55_-3.71_50.92_-16.79_-0.34_-8.44_-3.06_44.38_0.8749_0.4737_0.0707_0.0712end-0.41_7.46_-3.64_52.04_-23.05_0.34_-8.44_-3.06_44.38_0.8760_0.4718_0.0698_0.0710end,24.18769511,120.73573404,378.34552001953125
1220,,24.18769511,120.73573404,378.34552001953125
1221,,24.18769511,120.73573404,378.34552001953125
1222,,24.18769511,120.73573404,378.34552001953125
1223,-0.41_7.46_-3.64_52.04_-23.05_0.34_-8.44_-2.69_45.19_0.8760_0.4718_0.0698_0.0710end-0.41_7.46_-3.64_51.92_-26.52_0.22_-8.44_-2.69_45.19_0.8795_0.4661_0.0661_0.0696end-0.47_7.36_-3.60_51.92_-26.52_0.22_-8.44_-2.69_45.19_0.8795_0.4661_0.0661_0.0696end-0.47_7.36_-3.60_51.92_-26.52_0.22_-8.44_-2.69_45.19_0.8831_0.4602_0.0612_0.0676end-0.29_7.16_-3.46_51.92_-26.52_0.22_-8.44_-2.69_45.19_0.8843_0.4582_0.0592_0.0668end-0.17_-1.00_-2.69_55.62_-52.48_0.90_-8.44_-2.69_45.19_0.8843_0.4582_0.0592_0.0668end-1.57_-3.94_-2.89_57.74_-56.18_1.34_-6.25_-0.31_44.81_0.8843_0.4582_0.0592_0.0668end-1.56_-4.39_-3.29_57.74_-56.18_1.34_-6.25_-0.31_44.81_0.8894_0.4500_0.0501_0.0629end-1.51_-3.33_-3.03_57.74_-56.18_1.34_-6.25_-0.31_44.81_0.8907_0.4477_0.0479_0.0621end-0.92_-0.04_-1.36_66.36_-50.13_-4.48_-6.25_-0.31_44.81_0.8921_0.4453_0.0457_0.0615end,24.18769511,120.73573404,378.34552001953125
1224,,24.18769511,120.73573404,378.34552001953125
1225,-1.75_-0.34_-0.93_66.36_-50.13_-4.48_-6.25_-0.31_44.81_0.8936_0.4427_0.0435_0.0608end0.93_8.47_-10.79_70.28_-67.14_-1.12_-6.25_-0.31_44.81_0.8964_0.4379_0.0378_0.0587end4.76_8.26_-11.66_70.28_-67.14_-1.12_-6.25_1.06_43.06_0.8975_0.4359_0.0350_0.0574end2.83_6.47_-11.37_70.28_-67.14_-1.12_-6.25_1.06_43.06_0.8987_0.4338_0.0320_0.0560end1.26_7.04_-7.60_70.28_-67.14_-1.12_-6.25_1.06_43.06_0.8987_0.4338_0.0320_0.0560end-0.83_6.59_-18.22_37.71_-65.02_1.12_-6.25_1.06_43.06_0.9012_0.4294_0.0242_0.0525end0.10_10.24_-13.48_37.71_-65.02_1.12_-4.06_2.50_44.00_0.9021_0.4277_0.0230_0.0524end0.08_13.36_-17.82_37.71_-65.02_1.12_-4.06_2.50_44.00_0.9030_0.4258_0.0224_0.0529end5.19_22.21_-18.33_54.27_10.18_-17.79_-3.31_3.56_44.44_0.9030_0.4258_0.0224_0.0529end1.83_25.97_-14.69_51.25_-6.60_-14.66_-4.37_3.94_43.13_0.9030_0.4258_0.0224_0.0529end,24.18769511,120.73573404,378.34552001953125
1226,,24.18769511,120.73573404,378.34552001953125
1227,,24.18769511,120.73573404,378.34552001953125
1228,,24.18769511,120.73573404,378.34552001953125
1229,1.83_25.97_-14.69_47.34_-17.23_-9.85_-4.37_3.94_43.13_0.9067_0.4178_0.0198_0.0547end1.42_35.88_-12.11_47.34_-17.23_-9.85_-4.37_3.94_43.13_0.9075_0.4161_0.0188_0.0548end1.79_33.48_-9.14_47.34_-17.23_-9.85_-4.37_3.94_43.13_0.9075_0.4161_0.0188_0.0548end1.79_33.48_-9.14_22.83_-41.85_-11.41_-4.37_3.94_43.13_0.9086_0.4139_0.0158_0.0545end2.10_35.23_-9.29_22.83_-41.85_-11.41_-2.56_3.94_44.44_0.9089_0.4133_0.0135_0.0540end2.10_35.23_-9.29_10.52_-85.38_-11.86_-3.69_4.94_44.06_0.9091_0.4130_0.0103_0.0532end2.10_35.23_-9.29_4.59_-101.61_-12.76_-3.69_4.94_44.06_0.9093_0.4129_0.0063_0.0520end3.18_26.01_-8.66_0.34_-94.00_-17.01_-3.69_4.94_44.06_0.9092_0.4133_-0.0023_0.0495end2.49_25.30_-7.88_0.34_-94.00_-17.01_-4.75_4.87_42.75_0.9092_0.4133_-0.0023_0.0495end2.49_25.30_-7.88_-7.83_-46.11_-16.11_-2.56_4.62_42.31_0.9091_0.4136_-0.0093_0.0479end,24.18769511,120.73573404,378.34552001953125
1230,,24.18769511,120.73573404,378.34552001953125
1231,,24.18769511,120.73573404,378.34552001953125
1232,1.31_23.55_-5.07_-7.83_-46.11_-16.11_-2.56_4.62_42.31_0.9088_0.4144_-0.0135_0.0475end1.05_22.81_-4.95_-7.83_-46.11_-16.11_-2.56_4.62_42.31_0.9084_0.4150_-0.0141_0.0480end0.41_21.06_-4.87_-7.83_-46.11_-16.11_-2.56_4.62_42.31_0.9084_0.4150_-0.0141_0.0480end0.52_20.20_-4.99_-7.83_-46.11_-16.11_-1.44_4.31_44.06_0.9073_0.4172_-0.0115,24.18769511,120.73573404,378.34552001953125
1233,_0.0515end0.26_19.42_-5.13_-25.63_51.59_-13.20_-1.44_4.31_44.06_0.9069_0.4180_-0.0098_0.0530end-0.54_18.00_-5.39_-25.63_51.59_-13.20_-1.44_4.31_44.06_0.9064_0.4189_-0.0079_0.0544end-0.54_18.00_-5.39_-29.66_57.18_-11.97_-1.44_4.31_44.06_0.9058_0.4199_-0.0058_0.0560end-1.79_16.05_-5.30_-29.66_57.18_-11.97_-2.19_3.25_43.13_0.9058_0.4199_-0.0058_0.0560end-1.30_15.03_-4.41_-29.66_57.18_-11.97_-2.19_3.25_43.13_0.9039_0.4233_0.0007_0.0607end-1.16_14.60_-4.10_-29.66_57.18_-11.97_-2.94_2.50_42.69_0.9032_0.4247_0.0025_0.0621end-1.41_13.80_-4.44_-29.66_57.18_-11.97_-2.94_2.50_42.69_0.9023_0.4263_0.0040_0.0632end-1.25_13.42_-5.32_-29.66_57.18_-11.97_-2.94_2.50_42.69_0.9015_0.4280_0.0052_0.0641end-1.25_13.21_-5.77_-48.79_20.93_-7.05_-2.94_2.50_42.69_0.9015_0.4280_0.0052_0.0641end-1.25_13.21_-5.77_-48.79_20.93_-7.05_-2.94_2.50_42.69_0.8986_0.4337_0.0076_0.0660end-1.10_12.80_-5.96_-59.20_14.77_-4.48_-2.94_2.50_42.69_0.8986_0.4337_0.0076_0.0660end-0.95_12.17_-6.43_-59.20_14.77_-4.48_-2.94_2.50_42.69_0.8975_0.4360_0.0082_0.0664end-0.94_11.99_-6.66_-71.28_24.62_-3.36_-2.94_2.50_42.69_0.8975_0.4360_0.0082_0.0664end-0.94_11.99_-6.66_-71.28_24.62_-3.36_-4.44_0.75_42.69_0.8936_0.4435_0.0108_0.0679end-0.94_11.99_-6.66_-79.23_33.46_-2.35_-4.44_0.75_42.69_0.8907_0.4491_0.0134_0.0691end-0.73_10.97_-7.11_-79.23_33.46_-2.35_-4.81_-1.00_41.37_0.8891_0.4521_0.0150_0.0698end,24.18769511,120.73573404,378.34552001953125
1234,,24.18769511,120.73573404,378.34552001953125
1235,-0.79_10.45_-7.02_-79.23_33.46_-2.35_-4.81_-1.00_41.37_0.8873_0.4554_0.0167_0.0706end-0.83_9.88_-6.89_-79.23_33.46_-2.35_-4.81_-1.00_41.37_0.8873_0.4554_0.0167_0.0706end-0.97_9.63_-6.87_-95.68_39.61_-0.34_-4.81_-1.00_41.37_0.8816_0.4658_0.0220_0.0727end-0.91_9.25_-6.89_-95.68_39.61_-0.34_-4.06_-0.62_43.06_0.8795_0.4696_0.0239_0.0735end-0.81_8.82_-6.83_-95.68_39.61_-0.34_-4.44_-2.37_42.62_0.8773_0.4734_0.0259_0.0742end-0.79_8.56_-6.75_-111.68_41.41_0.22_-4.44_-2.37_42.62_0.8725_0.4818_0.0298_0.0756end-0.83_8.00_-6.55_-111.68_41.41_0.22_-5.19_-4.81_43.87_0.8700_0.4861_0.0317_0.0763end-0.78_7.67_-6.43_-123.77_38.27_0.56_-5.19_-4.81_43.87_0.8674_0.4905_0.0,24.18769511,120.73573404,378.34552001953125
1236,336_0.0769end-0.71_7.04_-6.09_-123.77_38.27_0.56_-5.19_-4.81_43.87_0.8674_0.4905_0.0336_0.0769end-0.71_7.04_-6.09_-131.27_35.14_0.56_-5.94_-5.12_43.38_0.8674_0.4905_0.0336_0.0769end,24.18769511,120.73573404,378.34552001953125
1237,-0.58_6.44_-6.00_-135.29_32.34_0.78_-5.94_-5.12_43.38_0.8674_0.4905_0.0336_0.0769end-0.58_6.44_-6.00_-143.02_22.27_1.23_-5.94_-5.12_43.38_0.8524_0.5151_0.0421_0.0792end-0.58_6.44_-6.00_-146.04_16.79_1.45_-5.62_-5.87_43.44_0.8524_0.5151_0.0421_0.0792end-0.88_5.24_-5.70_-146.04_16.79_1.45_-5.62_-5.87_43.44_0.8458_0.5257_0.0444_0.0793end-0.88_5.24_-5.70_-153.31_6.27_2.01_-5.62_-5.87_43.44_0.8386_0.5370_0.0460_0.0788end-0.96_4.32_-5.03_-153.31_6.27_2.01_-6.00_-8.94_43.38_0.8386_0.5370_0.0460_0.0788end-1.02_3.83_-4.63_-153.31_6.27_2.01_-6.00_-8.94_43.38_0.8311_0.5487_0.0470_0.0778end-1.08_3.60_-4.56_-165.96_-12.65_4.48_-6.00_-8.94_43.38_0.8311_0.5487_0.0470,24.18769511,120.73573404,378.34552001953125
1238,_0.0778end-1.03_3.16_-4.51_-165.96_-12.65_4.48_-6.00_-8.94_43.38_0.8191_0.5667_0.0475_0.0752end-0.82_2.87_-4.39_-165.96_-12.65_4.48_-6.00_-8.94_43.38_0.8148_0.5731_0.0475_0.0741end,24.18769511,120.73573404,378.34552001953125
1239,,24.18769511,120.73573404,378.34552001953125
1240,-0.77_2.76_-4.30_-165.96_-12.65_4.48_-6.37_-12.81_43.31_0.8148_0.5731_0.0475_0.0741end-0.77_2.76_-4.30_-181.62_-21.26_8.62_-6.44_-13.88_41.94_0.8060_0.5856_0.0475_0.0718end-0.60_2.52_-3.90_-181.62_-21.26_8.62_-6.44_-13.88_41.94_0.8060_0.5856_0.0475_0.0718end-0.60_2.52_-3.90_-183.97_-19.58_9.18_-6.44_-13.88_41.94_0.7920_0.6049_0.0478_0.0681end-0.60_2.52_-3.90_-187.78_-15.11_9.85_-6.06_-15.25_39.75_0.7920_0.6049_0.0478_0.0681end-0.60_2.52_-3.90_-187.78_-15.11_9.85_-5.00_-16.62_40.63_0.7869_0.6115_0.0480_0.0670end-0.60_2.52_-3.90_-189.68_-12.20_10.30_-5.00_-16.62_40.63_0.7820_0.6179_0.0484_0.0659end-0.60_2.52_-3.90_-193.93_-3.58_10.97_-5.00_-16.62_40.63_0,24.18769511,120.73573404,378.34552001953125
1241,.7662_0.6375_0.0503_0.0630end-0.84_1.84_-1.97_-193.93_-3.58_10.97_-6.44_-19.12_40.06_0.7609_0.6439_0.0513_0.0623end-0.84_1.84_-1.97_-193.93_-3.58_10.97_-6.44_-19.12_40.06_0.7554_0.6503_0.0523_0.0616end,24.18769511,120.73573404,378.34552001953125
1242,,24.18769511,120.73573404,378.34552001953125
1243,-0.84_1.84_-1.97_-193.93_-3.58_10.97_-6.44_-19.12_40.06_0.7439_0.6633_0.0548_0.0606end-0.83_1.68_-1.33_-193.93_-3.58_10.97_-6.44_-19.12_40.06_0.7382_0.6696_0.0562_0.0602end-0.93_1.72_-0.80_-193.93_-3.58_10.97_-6.44_-19.12_40.06_0.7382_0.6696_0.0562_0.0602end-0.93_1.72_-0.80_-193.93_-3.58_10.97_-6.19_-24.37_36.94_0.7262_0.6824_0.0591_0.0594end-0.90_2.13_-0.34_-201.43_20.03_11.75_-6.19_-24.37_36.94_0.7202_0.6886_0.0605_0.0591end-0.90_2.13_-0.34_-201.54_20.03_11.75_-6.19_-24.69_36.50_0.7202_0.6886_0.0605_0.0591end-0.90_2.13_-0.34_-201.54_20.03_11.75_-6.19_-24.69_36.50_0.7017_0.7072_0.0649_0.0581end-0.75_2.65_-0.25_-201.88_11.97_11.97_-5.81_-25.81_35.25_0.,24.18769511,120.73573404,378.34552001953125
1244,7017_0.7072_0.0649_0.0581end-0.75_2.65_-0.25_-201.88_11.97_11.97_-5.81_-25.81_35.25_0.6892_0.7192_0.0674_0.0569end-0.75_2.65_-0.25_-201.88_11.97_11.97_-6.19_-28.19_34.31_0.6827_0.7253_0.0685_0.0562end,24.18769511,120.73573404,378.34552001953125
1245,-0.39_4.07_0.64_-201.88_11.97_11.97_-6.19_-28.19_34.31_0.6827_0.7253_0.0685_0.0562end-0.42_4.18_1.10_-201.88_11.97_11.97_-6.19_-28.19_34.31_0.6635_0.7430_0.0708_0.0527end-0.41_4.19_1.32_-197.74_-11.86_13.65_-6.19_-28.19_34.31_0.6635_0.7430_0.0708_0.0527end-0.41_4.19_1.32_-195.84_-12.42_13.76_-6.19_-28.19_34.31_0.6440_0.7599_0.0725_0.0486end-0.30_4.32_1.69_-195.84_-12.42_13.76_-6.19_-28.19_34.31_0.6377_0.7654_0.0730_0.0472end-0.35_4.53_1.42_-195.84_-12.42_13.76_-6.25_-32.50_29.31_0.6377_0.7654_0.0730_0.0472end-0.35_4.53_1.42_-190.24_-11.64_15.00_-6.25_-33.44_29.31_0.6377_0.7654_0.0730_0.0472end-0.35_4.53_1.42_-190.24_-19.58_18.46_-6.25_-33.44_29.31_0.61,24.18769511,120.73573404,378.34552001953125
1246,85_0.7811_0.0746_0.0428end-0.41_5.09_2.48_-190.24_-19.58_18.46_-6.25_-33.44_29.31_0.6121_0.7861_0.0750_0.0410end-0.04_5.41_2.06_-185.32_-15.78_18.46_-6.25_-33.44_29.31_0.5992_0.7961_0.0759_0.0374end,24.18769511,120.73573404,378.34552001953125
1247,,24.18769511,120.73573404,378.34552001953125
1248,,24.18769511,120.73573404,378.34552001953125
1249,-0.04_5.41_2.06_-185.32_-15.78_18.46_-7.37_-35.25_27.13_0.5992_0.7961_0.0759_0.0374end-0.04_5.41_2.06_-182.18_-11.75_17.68_-6.69_-35.25_25.81_0.5867_0.8054_0.0771_0.0345end-0.04_5.41_2.06_-177.59_-7.95_17.90_-6.69_-35.25_25.81_0.5740_0.8145_0.0785_0.0318end0.16_5.37_3.85_-177.59_-7.95_17.90_-6.69_-35.25_25.81_0.5679_0.8187_0.0792_0.0305end0.16_5.28_4.02_-173.45_-4.81_17.12_-6.69_-37.75_24.00_0.5679_0.8187_0.0792_0.0305end-0.11_5.32_4.45_-165.28_-1.45_16.45_-6.69_-37.75_24.00_0.5679_0.8187_0.0792_0.0305end-0.11_5.32_4.45_-161.26_-2.13_16.45_-6.69_-37.75_24.00_0.5435_0.8350_0.0821_0.0260end0.14_5.41_5.80_-161.26_-2.13_16.45_-8.13_-37.44_21.87_0.5375_0.8388_0.0828_0.0249end0.14_5.41_5.80_-155.44_-7.16_17.12_-8.13_-37.44_21.87_0.5319_0.8424_0.0834_0.0237end-0.29_6.07_6.23_-155.44_-7.16_17.12_-8.13_-37.44_21.87_0.5263_0.8458_0.0840_0.0225end,24.18769511,120.73573404,378.34552001953125
1250,,24.18769511,120.73573404,378.34552001953125
1251,-0.29_6.07_6.23_-143.02_-3.36_16.11_-8.13_-37.44_21.87_0.5209_0.8491_0.0846_0.0213end-0.29_6.07_6.23_-142.57_-0.34_15.67_-7.12_-39.25_20.06_0.5209_0.8491_0.0846_0.0213end-0.29_6.07_6.23_-136.19_-2.35_16.00_-7.12_-39.25_20.06_0.5104_0.8554_0.0860_0.0194end-0.29_6.07_6.23_-132.38_-11.86_15.89_-7.50_-39.25_18.75_0.5004_0.8612_0.0869_0.0169end-0.29_6.07_6.23_-119.63_-22.27_14.44_-7.50_-40.63_16.12_0.5004_0.8612_0.0869_0.0169end1.00_7.22_6.10_-119.63_-22.27_14.44_-7.50_-40.63_16.12_0.4869_0.8690_0.0875_0.0123end1.64_8.27_5.41_-119.63_-22.27_14.44_-7.50_-40.63_16.12_0.4827_0.8713_0.0875_0.0104end1.64_8.27_5.41_-119.63_-22.27_14.44_-6.75_-40.25_16.12_0.4786_0.8736_0.0874_0.0085end1.75_8.61_4.94_-119.63_-22.27_14.44_-6.75_-40.25_16.12_0.4786_0.8736_0.0874_0.0085end1.77_8.61_4.43_-119.63_-22.27_14.44_-6.75_-40.25_16.12_0.4672_0.8799_0.0867_0.0027end,24.18769511,120.73573404,378.34552001953125
1252,,24.18769511,120.73573404,378.34552001953125
1253,1.79_8.54_4.14_-119.63_-22.27_14.44_-7.87_-41.69_13.94_0.4636_0.8818_0.0864_0.0009end1.87_8.41_4.14_-89.52_-30.21_8.50_-7.87_-41.69_13.94_0.4636_0.8818_0.0864_0.0009end1.87_8.41_4.14_-86.28_-28.76_7.50_-7.87_-41.69_13.94_0.4568_0.8854_0.0859_-0.0026end1.95_7.41_3.69_-86.28_-28.76_7.50_-6.44_-41.37_12.19_0.4568_0.8854_0.0859_-0.0026end1.95_7.41_3.69_-77.66_-28.87_4.81_-6.44_-41.37_12.19_0.4505_0.8887_0.0853_-0.0056end1.95_7.41_3.69_-77.66_-28.87_4.81_-7.87_-41.37_13.94_0.4474_0.8903_0.0849_-0.0071end1.95_7.41_3.69_-74.53_-30.21_3.36_-7.87_-41.37_13.94_0.4446_0.8917_0.0845_-0.0086end1.51_6.15_3.98_-65.13_-36.71_0.90_-7.87_-41.37_13.94_0.4446_0.8917_0.0845_-0.0086end1.51_6.15_3.98_-65.13_-36.71_0.90_-6.81_-41.75_11.69_0.4368_0.8957_0.0827_-0.0134end1.51_6.15_3.98_-58.75_-40.40_-0.34_-6.81_-41.75_11.69_0.4321_0.8980_0.0812_-0.0168end,24.18769511,120.73573404,378.34552001953125
1254,,24.18769511,120.73573404,378.34552001953125
1255,,24.18769511,120.73573404,378.34552001953125
1256,1.34_5.53_4.05_-58.75_-40.40_-0.34_-7.50_-41.75_10.88_0.4299_0.8991_0.0803_-0.0187end1.22_5.21_3.98_-52.71_-40.96_-2.35_-7.50_-41.75_10.88_0.4299_0.8991_0.0803_-0.0187end1.17_5.25_3.86_-52.71_-40.96_-2.35_-7.50_-41.75_10.88_0.4260_0.9011_0.0786_-0.0222end1.17_5.25_3.86_-52.71_-40.96_-2.35_-7.19_-41.75_11.69_0.4224_0.9028_0.0767_-0.0255end1.17_5.24_2.82_-52.71_-40.96_-2.35_-7.19_-41.75_11.69_0.4224_0.9028_0.0767_-0.0255end1.25_5.55_2.35_-52.71_-40.96_-2.35_-7.19_-41.75_11.69_0.4194_0.9042_0.0748_-0.0286end1.20_5.89_2.12_-52.71_-40.96_-2.35_-7.19_-41.75_11.69_0.4180_0.9049_0.0738_-0.0301end0.98_6.08_1.77_-33.35_-35.36_-7.61_-7.19_-41.75_11.69_0.4156_0.9061_0.0718_-0.0328end1.09_6.30_1.53_-33.35_-35.36_-7.61_-7.19_-41.75_11.69_0.4144_0.9067_0.0708_-0.0339end1.11_6.66_1.69_-33.35_-35.36_-7.61_-7.19_-41.75_11.69_0.4134_0.9072_0.0699_-0.0349end,24.18769511,120.73573404,378.34552001953125
1257,,24.18769511,120.73573404,378.34552001953125
1258,,24.18769511,120.73573404,378.34552001953125
1259,1.11_6.77_1.86_-24.17_-18.80_-11.19_-7.19_-41.75_11.69_0.4134_0.9072_0.0699_-0.0349end0.86_6.93_2.12_-21.93_-12.87_-11.97_-7.19_-41.75_11.69_0.4134_0.9072_0.0699_-0.0349end0.81_7.02_2.36_-17.35_0.45_-13.88_-5.31_-42.44_9.06_0.4134_0.9072_0.0699_-0.0349end0.72_6.99_2.58_-14.88_6.38_-15.11_-5.31_-42.44_9.06_0.4092_0.9093_0.0665_-0.0359end0.72_6.99_2.58_-14.88_6.38_-15.11_-6.06_-43.19_9.06_0.4086_0.9096_0.0660_-0.0353end0.67_7.22_3.07_-6.38_20.37_-16.90_-6.06_-43.19_9.06_0.4086_0.9096_0.0660_-0.0353end0.62_7.23_2.92_-3.25_23.61_-17.46_-6.06_-43.19_9.06_0.4078_0.9101_0.0652_-0.0335end0.47_7.67_3.09_-3.25_23.61_-17.46_-6.06_-43.19_9.06_0.4073_0.9105_0.0647_,24.18769511,120.73573404,378.34552001953125
1260,-0.0311end0.42_8.09_3.07_3.02_29.43_-18.69_-6.06_-43.19_9.06_0.4073_0.9105_0.0645_-0.0296end0.27_9.02_2.97_9.40_33.01_-19.25_-6.81_-43.19_9.94_0.4073_0.9105_0.0645_-0.0296end,24.18769511,120.73573404,378.34552001953125
1261,0.26_9.88_2.90_9.40_33.01_-19.25_-6.81_-43.19_9.94_0.4079_0.9105_0.0639_-0.0248end0.32_10.29_3.25_9.40_33.01_-19.25_-6.81_-43.19_9.94_0.4084_0.9103_0.0637_-0.0231end0.32_10.43_3.39_20.03_27.42_-19.92_-6.81_-43.19_9.94_0.4084_0.9103_0.0637_-0.0231end0.37_10.59_3.62_23.61_23.84_-19.70_-6.81_-43.19_9.94_0.4084_0.9103_0.0637_-0.0231,24.18769511,120.73573404,378.34552001953125
1262,end0.37_10.59_3.62_23.61_23.84_-19.70_-6.81_-43.19_9.94_0.4117_0.9090_0.0623_-0.0177end0.63_11.27_4.25_23.61_23.84_-19.70_-6.81_-43.19_9.94_0.4117_0.9090_0.0623_-0.0177end0.77_11.56_4.54_38.50_10.97_-21.49_-6.81_-43.19_9.94_0.4117_0.9090_0.0623_-0.0177end0.82_11.76_4.61_47.45_13.43_-22.83_-5.31_-43.13_9.94_0.4117_0.9090_0.0623_-,24.18769511,120.73573404,378.34552001953125
1263,0.0177end0.82_12.14_4.68_47.45_13.43_-22.83_-5.31_-43.13_9.94_0.4196_0.9057_0.0593_-0.0126end0.82_12.32_4.68_55.84_25.40_-23.72_-5.00_-43.13_9.50_0.4196_0.9057_0.0593_-0.0126end,24.18769511,120.73573404,378.34552001953125
1264,0.75_12.39_4.57_59.87_33.80_-24.28_-5.00_-42.81_10.88_0.4196_0.9057_0.0593_-0.0126end0.75_12.39_4.57_68.71_49.91_-25.63_-5.00_-42.81_10.88_0.4285_0.9016_0.0580_-0.0049end0.74_12.37_4.46_68.71_49.91_-25.63_-5.00_-42.81_10.88_0.4312_0.9004_0.0580_-0.0022end0.52_12.46_4.59_68.71_49.91_-25.63_-5.00_-42.81_10.88_0.4312_0.9004_0.0580_-0.0022end0.44_12.44_4.64_68.71_49.91_-25.63_-3.87_-43.13_11.69_0.4312_0.9004_0.0580_-0.0022end0.36_12.38_4.69_85.83_62.44_-25.63_-3.87_-43.13_11.69_0.4432_0.8944_0.0586_0.0101end0.09_12.36_4.64_85.83_62.44_-25.63_-3.87_-43.13_11.69_0.4466_0.8927_0.0587_0.0131end-0.04_12.30_4.57_85.83_62.44_-25.63_-3.87_-43.13_11.69_0.4501_0.890,24.18769511,120.73573404,378.34552001953125
1265,,24.18769511,120.73573404,378.34552001953125
1266,,24.18769511,120.73573404,378.34552001953125
1267,9_0.0588_0.0159end-0.17_12.24_4.45_85.83_62.44_-25.63_-3.87_-43.13_11.69_0.4537_0.8890_0.0587_0.0185end-0.17_12.24_4.45_104.63_37.94_-23.05_-4.25_-42.38_13.44_0.4537_0.8890_0.0587_0.0185end-0.17_12.24_4.45_112.13_22.94_-21.49_-4.25_-42.38_13.44_0.4616_0.8849_0.0583_0.0229end-0.17_12.24_4.45_112.13_22.94_-21.49_-4.25_-42.38_13.44_0.4701_0.8804_0.0573_0.0261end-0.17_12.24_4.45_118.51_10.85_-20.25_-4.25_-42.38_13.44_0.4745_0.8780_0.0567_0.0273end-0.61_11.39_3.96_118.51_10.85_-20.25_-4.25_-42.38_13.44_0.4789_0.8756_0.0560_0.0284end-0.61_11.39_3.96_118.51_10.85_-20.25_-4.25_-42.38_13.44_0.4885_0.8704_0.0542_0.0300end-6.28_34.92_-9.82_164.28_2.69_-32.01_-4.25_-42.38_13.44_0.4940_0.8673_0.0530_0.0311end-4.14_9.18_18.41_164.28_2.69_-32.01_-4.25_-42.38_13.44_0.4977_0.8651_0.0527_0.0325end-4.14_9.18_18.41_164.28_2.69_-32.01_-3.81_-40.19_18.75_0.4986_0.8647_0.0516_0.0305end2.43_7.95_46.09_-12.65_-104.74_-4.03_-3.81_-40.19_18.75_0.4992_0.8646_0.0496_0.0275end-3.68_6.11_4.79_-12.65_-104.74_-4.03_-3.81_-40.19_18.75_0.4992_0.8646_0.0496_0.0275end,24.18769511,120.73573404,378.34552001953125
1268,,24.18769511,120.73573404,378.34552001953125
1269,,24.18769511,120.73573404,378.34552001953125
1270,0.66_6.50_-7.55_40.73_-99.71_-14.66_-3.81_-40.19_18.75_0.4992_0.8646_0.0496_0.0275end0.66_6.50_-7.55_40.73_-99.71_-14.66_-3.06_-39.88_17.87_0.5008_0.8645_0.0406_0.0148end-1.83_6.47_-1.33_40.73_-99.71_-14.66_-3.06_-39.88_17.87_0.5045_0.8627_0.0350_0.0073end-1.83_6.47_-1.33_58.64_-89.30_-15.67_-3.06_-39.88_17.87_0.5067_0.8616_0.0323_0.0039end0.24_7.92_-0.27_58.64_-89.30_-15.67_-3.06_-39.88_17.87_0.5067_0.8616_0.0323_0.0039end0.24_7.92_-0.27_71.06_-57.41_-14.88_-1.31_-40.50_19.19_0.5118_0.8586_0.0279_-0.0007end0.24_7.92_-0.27_71.06_-57.41_-14.88_-1.25_-39.50_20.06_0.5175_0.8553_0.0250_-0.0031end0.24_7.92_-0.27_79.34_-9.06_-13.99_-1.25_-39.50_20.06_0.5204_0.8536_0.0242_-0.0035end-0.56_8.96_11.21_79.34_-9.06_-13.99_-1.25_-39.50_20.06_0.5204_0.8536_0.0242_-0.0035end-0.56_8.96_11.21_51.14_23.28_-17.46_-1.25_-39.50_20.06_0.5253_0.8506_0.0233_-0.0021end,24.18769511,120.73573404,378.34552001953125
1271,-0.56_8.96_11.21_51.14_23.28_-17.46_-1.25_-39.50_20.06_0.5291_0.8483_0.0231_0.0004end-0.79_7.46_7.01_51.14_23.28_-17.46_-1.25_-39.50_20.06_0.5308_0.8472_0.0231_0.0017end-1.08_7.54_5.92_51.14_23.28_-17.46_-1.25_-39.50_20.06_0.5308_0.8472_0.0231_0.0017end-1.04_7.56_3.88_64.35_6.15_-9.62_-1.25_-39.50_20.06_0.5308_0.8472_0.0231_0.0017end-1.04_7.56_3.88_64.35_6.15_-9.62_-1.25_-38.44_21.00_0.5372_0.8431_0.0228_0.0044end-1.87_8.00_4.92_64.35_6.15_-9.62_-1.25_-38.44_21.00_0.5420_0.8401_0.0223_0.0052end-1.87_8.00_4.92_66.58_4.92_-11.97_-2.31_-38.44_22.25_0.5445_0.8385_0.0220_0.0057end-1.41_8.02_5.79_66.02_6.27_-13.09_-2.31_-38.44_22.25_0.5445_0.8385_0.0220_0.0057end-0.39_7.95_5.70_66.02_6.27_-13.09_-2.31_-38.44_22.25_0.5492_0.8354_0.0212_0.0068end-0.11_7.88_5.55_64.01_-13.99_-11.19_-2.31_-38.44_22.25_0.5492_0.8354_0.0212_0.0068end,24.18769511,120.73573404,378.34552001953125
1272,,24.18769511,120.73573404,378.34552001953125
1273,,24.18769511,120.73573404,378.34552001953125
1274,-0.11_7.88_5.55_64.01_-13.99_-11.19_-2.31_-37.75_23.19_0.5562_0.8308_0.0192_0.0069end0.46_7.85_4.78_64.01_-13.99_-11.19_-1.56_-37.75_22.75_0.5585_0.8293_0.0182_0.0060end0.33_7.86_4.55_64.01_-13.99_-11.19_-1.56_-37.75_22.75_0.5585_0.8293_0.0182_0.0060end0.35_7.91_4.46_67.37_-44.20_-9.29_-1.56_-37.75_22.75_0.5585_0.8293_0.0182_0.0060end0.35_7.91_4.46_67.37_-44.20_-9.29_-1.56_-37.75_22.75_0.5658_0.8244_0.0141_0.0023end0.35_7.91_4.46_67.37_-44.20_-9.29_-1.56_-37.75_22.75_0.5707_0.8211_0.0114_0.0005end0.88_7.87_4.39_67.37_-44.20_-9.29_-1.56_-37.75_22.75_0.5731_0.8195_0.0103_-0.0001end0.96_7.90_4.41_67.37_-44.20_-9.29_-1.56_-37.75_22.75_0.5755_0.8177_0.0093_-0.0004end0.92_7.88_4.39_67.37_-44.20_-9.29_-0.50_-37.69_26.25_0.5755_0.8177_0.0093_-0.0004end0.82_7.92_4.35_67.37_-44.20_-9.29_-0.50_-37.69_26.25_0.5804_0.8143_0.0080_-0.0004end,24.18769511,120.73573404,378.34552001953125
1275,,24.18769511,120.73573404,378.34552001953125
1276,0.52_7.95_4.29_67.37_-44.20_-9.29_-0.50_-37.00_25.81_0.5804_0.8143_0.0080_-0.0004end0.52_7.95_4.29_70.16_31.89_-14.21_-0.50_-36.25_25.81_0.5804_0.8143_0.0080_-0.0004end0.46_7.95_4.15_70.16_31.89_-14.21_-0.50_-36.25_25.81_0.5878_0.8090_0.0077_0.0022end0.46_7.95_4.15_71.28_55.28_-14.88_-0.88_-36.25_26.25_0.5928_0.8053_0.0089_0.0061end0.46_7.95_4.15_71.28_55.28_-14.88_-0.88_-36.25_26.25_0.5928_0.8053_0.0089_0.0061end0.46_7.95_4.15_71.51_64.91_-14.32_-0.88_-36.25_26.25_0.6002_0.7997_0.0126_0.0145end-0.22_7.93_2.99_71.51_64.91_-14.32_-0.88_-36.25_26.25_0.6051_0.7957_0.0164_0.0214end-0.54_8.01_2.61_71.51_64.91_-14.32_-0.13_-34.50_28.06_0.6075_0.7937_0.0185_0,24.18769511,120.73573404,378.34552001953125
1277,.0251end-0.73_8.04_2.42_71.51_64.91_-14.32_-0.13_-34.50_28.06_0.6100_0.7916_0.0208_0.0291end-1.18_8.03_2.30_72.85_105.42_-9.96_-1.56_-35.56_27.62_0.6100_0.7916_0.0208_0.0291end,24.18769511,120.73573404,378.34552001953125
1278,,24.18769511,120.73573404,378.34552001953125
1279,,24.18769511,120.73573404,378.34552001953125
1280,-1.48_8.07_1.97_72.85_105.42_-9.96_-1.56_-35.56_27.62_0.6100_0.7916_0.0208_0.0291end-1.66_8.11_1.62_72.85_105.42_-9.96_-1.56_-35.56_27.62_0.6171_0.7854_0.0276_0.0405end-1.75_8.20_1.45_72.40_74.42_-4.70_-2.94_-33.13_30.31_0.6171_0.7854_0.0276_0.0405end-1.89_8.20_1.16_72.40_74.42_-4.70_-3.00_-33.19_28.06_0.6171_0.7854_0.0276_0.0405end-2.07_8.14_0.91_70.84_51.36_-3.47_-3.00_-33.19_28.06_0.6288_0.7750_0.0354_0.0534end-1.87_8.18_0.34_70.50_35.25_-3.58_-3.00_-33.19_28.06_0.6310_0.7729_0.0362_0.0549end-1.78_8.18_0.04_70.50_35.25_-3.58_-3.00_-33.19_28.06_0.6333_0.7709_0.0367_0.0562end-1.52_8.20_-0.13_70.50_35.25_-3.58_-3.31_-32.44_29.81_0.6333_0.7709_0.0367_0.,24.18769511,120.73573404,378.34552001953125
1281,0562end-1.35_8.22_-0.25_70.50_14.10_-1.01_-3.31_-32.44_29.81_0.6333_0.7709_0.0367_0.0562end-1.26_8.35_-0.25_70.50_14.10_-1.01_-4.44_-34.13_29.81_0.6333_0.7709_0.0367_0.0562end-1.26_8.35_-0.25_70.72_8.50_-0.22_-4.44_-34.13_29.81_0.6450_0.7610_0.0375_0.0590end-1.26_8.35_-0.25_68.60_2.69_0.34_-2.94_-32.06_30.75_0.6450_0.7610_0.0375_0.0590end-1.26_8.35_-0.25_67.48_3.36_0.34_-2.94_-32.06_30.75_0.6495_0.7571_0.0374_0.0594end-1.22_8.50_-0.03_67.48_3.36_0.34_-2.94_-32.06_30.75_0.6517_0.7552_0.0373_0.0596end-1.22_8.50_-0.03_67.48_3.36_0.34_-2.94_-32.06_30.75_0.6560_0.7514_0.0371_0.0600end-1.00_8.52_0.07_67.48_3.36_0.34_-2.94_-32.06_30.75_0.6583_0.7495_0.0370_0.0601end-1.12_8.56_0.11_67.48_3.36_0.34_-3.31_-30.62_33.38_0.6583_0.7495_0.0370_0.0601end-1.14_8.58_0.18_66.02_-0.22_2.46_-3.31_-30.62_33.38_0.6583_0.7495_0.0370_0.0601end-1.14_8.58_0.18_66.02_-0.22_2.46_-3.69_-29.94_32.50_0.6668_0.7418_0.0367_0.0604end-1.16_8.63_0.42_66.02_-0.22_2.46_-3.69_-29.94_32.50_0.6689_0.7399_0.0367_0.0606end,24.18769511,120.73573404,378.34552001953125
1282,,24.18769511,120.73573404,378.34552001953125
1283,,24.18769511,120.73573404,378.34552001953125
1284,-1.16_8.63_0.42_64.91_5.93_2.13_-4.75_-29.94_33.38_0.6710_0.7380_0.0367_0.0608end-1.01_8.63_0.42_64.79_5.37_2.57_-3.62_-29.56_33.38_0.6710_0.7380_0.0367_0.0608end-0.94_8.64_0.40_64.35_2.24_3.80_-3.62_-29.56_33.38_0.6710_0.7380_0.0367_0.0608end-0.94_8.64_0.40_64.35_2.24_3.80_-3.62_-29.56_33.38_0.6793_0.7303_0.0369_0.0614end-1.09_8.63_0.39_64.35_2.24_3.80_-3.62_-29.56_33.38_0.6793_0.7303_0.0369_0.0614end-1.04_8.67_0.34_64.35_2.24_3.80_-4.00_-29.56_34.19_0.6793_0.7303_0.0369_0.0614end-1.01_8.65_0.36_64.68_3.36_4.25_-4.00_-29.56_34.19_0.6793_0.7303_0.0369_0.0614end-0.98_8.64_0.34_64.68_3.36_4.25_-4.00_-29.56_34.19_0.6895_0.7207_0.0372_0.0618end-0.86_8.64_0.38_64.68_3.36_4.25_-4.00_-29.56_34.19_0.6915_0.7187_0.0373_0.0620end-0.86_8.64_0.38_64.68_3.36_4.25_-4.75_-26.81_35.19_0.6935_0.7167_0.0375_0.0621end,24.18769511,120.73573404,378.34552001953125
1285,,24.18769511,120.73573404,378.34552001953125
1286,-0.96_8.65_0.38_64.68_3.36_4.25_-4.75_-26.81_35.19_0.6935_0.7167_0.0375_0.0621end-1.03_8.65_0.36_64.79_5.82_5.82_-3.62_-26.81_35.13_0.6935_0.7167_0.0375_0.0621end-1.05_8.64_0.24_64.79_7.16_6.27_-3.62_-26.81_35.13_0.7016_0.7088_0.0383_0.0627end-1.09_8.65_0.14_64.79_7.16_6.27_-3.62_-26.81_35.13_0.7016_0.7088_0.0383_0.0627end-0.99_8.63_-0.02_64.79_7.16_6.27_-3.62_-26.81_35.13_0.7055_0.7048_0.0389_0.0632end-0.99_8.63_-0.02_64.57_12.76_5.93_-4.00_-25.75_34.75_0.7055_0.7048_0.0389_0.0632end-1.01_8.67_-0.16_64.23_12.09_7.16_-4.00_-25.75_34.75_0.7095_0.7007_0.0397_0.0638end-1.01_8.67_-0.16_64.23_12.09_7.16_-5.06_-25.81_34.75_0.7114_0.6987_0.0401_0.0641end-1.01_8.67_-0.16_63.79_9.62_8.06_-5.06_-25.81_34.75_0.7153_0.6946_0.0409_0.0645end-0.97_8.73_-0.42_63.79_9.62_8.06_-5.06_-25.81_34.75_0.7173_0.6926_0.0412_0.0646end,24.18769511,120.73573404,378.34552001953125
1287,,24.18769511,120.73573404,378.34552001953125
1288,,24.18769511,120.73573404,378.34552001953125
1289,-0.97_8.73_-0.42_63.11_5.48_8.73_-5.06_-25.81_34.75_0.7192_0.6906_0.0415_0.0647end-1.10_8.71_-0.79_63.11_5.48_8.73_-5.06_-25.81_34.75_0.7211_0.6885_0.0417_0.0647end-1.10_8.71_-0.79_63.00_3.47_8.95_-4.69_-24.69_36.94_0.7249_0.6845_0.0421_0.0646end-1.29_8.71_-0.91_63.00_3.47_8.95_-5.75_-22.94_37.44_0.7269_0.6824_0.0424_0.0645end-1.39_8.59_-0.75_64.68_2.91_10.18_-5.75_-22.94_37.44_0.7269_0.6824_0.0424_0.0645end-1.39_8.59_-0.75_65.24_0.56_10.85_-4.69_-23.94_38.75_0.7269_0.6824_0.0424_0.0645end-1.39_8.59_-0.75_65.24_0.56_10.85_-4.69_-23.94_38.75_0.7346_0.6741_0.0430_0.0639end-1.52_8.59_-0.22_65.24_0.56_10.85_-4.69_-23.94_38.75_0.7365_0.6721_0.0430_0.0635end-1.52_8.59_-0.22_63.90_-12.76_11.75_-4.69_-23.94_38.75_0.7384_0.6700_0.0429_0.0630end-1.64_8.54_-0.11_63.90_-12.76_11.75_-3.94_-22.94_37.88_0.7384_0.6700_0.0429_0.0630end,24.18769511,120.73573404,378.34552001953125
1290,,24.18769511,120.73573404,378.34552001953125
1291,-1.97_8.50_0.10_63.90_-12.76_11.75_-3.94_-22.94_37.88_0.7442_0.6639_0.0413_0.0602end-2.28_8.52_0.17_63.90_-12.76_11.75_-5.75_-21.87_39.25_0.7462_0.6619_0.0403_0.0588end-2.53_8.45_0.42_63.90_-12.76_11.75_-5.75_-21.87_39.25_0.7462_0.6619_0.0403_0.0588end-2.66_8.43_0.37_65.13_-45.66_15.55_-5.75_-21.87_39.25_0.7462_0.6619_0.0403_0.0588end-2.66_8.43_0.37_65.13_-45.66_15.55_-4.69_-21.19_38.75_0.7542_0.6537_0.0354_0.0521end-2.48_8.33_0.11_65.13_-45.66_15.55_-4.69_-21.19_38.75_0.7561_0.6516_0.0338_0.0500end-2.21_8.28_-0.21_65.13_-45.66_15.55_-4.69_-21.19_38.75_0.7581_0.6496_0.0319_0.0478end-2.21_8.28_-0.21_65.13_-45.66_15.55_-4.69_-21.19_38.75_0.7621_0.6455_0.,24.18769511,120.73573404,378.34552001953125
1292,0275_0.0427end-1.50_8.21_-1.23_65.13_-45.66_15.55_-4.69_-21.19_38.75_0.7621_0.6455_0.0275_0.0427end-1.23_8.16_-1.68_65.13_-45.66_15.55_-2.81_-18.75_39.69_0.7621_0.6455_0.0275_0.0427end,24.18769511,120.73573404,378.34552001953125
1293,,24.18769511,120.73573404,378.34552001953125
1294,,24.18769511,120.73573404,378.34552001953125
1295,,24.18769511,120.73573404,378.34552001953125
1296,,24.18769511,120.73573404,378.34552001953125
1297,-0.62_8.05_-2.75_65.13_-45.66_15.55_-2.81_-18.75_39.69_0.7660_0.6414_0.0226_0.0372end-0.62_8.05_-2.75_68.26_-68.71_14.21_-2.81_-18.75_39.69_0.7699_0.6371_0.0182_0.0322end-0.62_8.05_-2.75_69.61_-57.07_13.43_-2.81_-18.00_41.00_0.7719_0.6349_0.0164_0.0300end-0.62_8.05_-2.75_70.50_-45.55_12.98_-2.81_-18.00_41.00_0.7719_0.6349_0.0164_0.0300end0.41_7.70_-2.32_70.50_-45.55_12.98_-2.81_-18.00_41.00_0.7739_0.6325_0.0149_0.0282end0.30_8.11_-2.08_71.51_-11.64_13.65_-1.69_-18.00_39.69_0.7739_0.6325_0.0149_0.0282end-0.17_9.06_-2.29_69.05_6.49_13.43_-1.69_-18.00_39.69_0.7739_0.6325_0.0149_0.0282end-0.17_9.06_-2.29_69.05_6.49_13.43_-1.69_-18.00_39.69_0.7855_0.6182_0.,24.18769511,120.73573404,378.34552001953125
1298,0139_0.0236end-0.14_8.07_-3.90_69.05_6.49_13.43_-1.69_-18.00_39.69_0.7855_0.6182_0.0139_0.0236end0.18_7.84_-4.61_69.05_6.49_13.43_-1.69_-18.00_39.69_0.7891_0.6136_0.0154_0.0236end,24.18769511,120.73573404,378.34552001953125
1299,0.04_8.09_-4.91_66.70_14.88_11.97_-1.69_-18.00_39.69_0.7891_0.6136_0.0154_0.0236end0.04_8.09_-4.91_67.03_12.53_11.64_-1.69_-18.00_39.69_0.7945_0.6066_0.0175_0.0236end0.42_8.01_-5.49_67.03_12.53_11.64_-0.94_-15.88_42.38_0.7963_0.6042_0.0179_0.0233end0.53_8.03_-5.60_67.03_12.53_11.64_-0.94_-15.88_42.38_0.7980_0.6019_0.0179_0.0228end0.62_8.09_-5.51_67.03_12.53_11.64_-1.62_-14.50_41.56_0.7999_0.5994_0.0178_0.0221end0.98_8.12_-5.35_66.70_-26.19_12.31_-1.62_-14.50_41.56_0.7999_0.5994_0.0178_0.0221end1.09_8.14_-5.47_65.46_-31.56_11.08_-1.62_-14.50_41.56_0.8051_0.5926_0.0155_0.0189end1.27_8.18_-5.64_65.46_-31.56_11.08_-1.62_-14.50_41.56_0.8068_0.5905_0.0145_0.,24.18774528,120.73574774,378.9365234375
1300,0177end1.52_8.02_-6.29_65.46_-31.56_11.08_-1.62_-14.50_41.56_0.8068_0.5905_0.0145_0.0177end0.41_8.79_-6.62_65.46_-31.56_11.08_-1.62_-14.50_41.56_0.8099_0.5862_0.0123_0.0154end1.05_8.17_-6.04_58.53_-29.43_8.95_-1.62_-14.50_41.56_0.8099_0.5862_0.0123_0.0154end1.05_8.17_-6.04_58.53_-29.43_8.95_-1.62_-14.50_41.56_0.8143_0.5801_0.0101_0.0126end1.11_8.23_-7.66_58.53_-29.43_8.95_-0.88_-13.13_42.38_0.8158_0.5781_0.0098_0.0120end0.48_8.27_-7.59_55.39_-7.83_7.50_-0.88_-13.13_42.38_0.8158_0.5781_0.0098_0.0120end0.45_8.35_-7.85_55.39_-7.83_7.50_-0.56_-11.75_41.50_0.8172_0.5762_0.0096_0.0115end0.45_8.35_-7.85_53.83_-7.61_6.71_-0.56_-11.75_41.50_0.8172_0.5762_0.0096_0.0115end0.45_8.35_-7.85_53.83_-7.61_6.71_-0.56_-11.75_41.50_0.8213_0.5703_0.0092_0.0103end0.45_8.35_-7.85_53.83_-7.61_6.71_-0.56_-11.69_44.63_0.8226_0.5685_0.0090_0.0099end0.45_8.35_-7.85_48.23_-12.53_5.26_-0.88_-11.00_42.00_0.8226_0.5685_0.0090_0.0099end0.45_8.35_-7.85_48.23_-12.53_5.26_-0.88_-11.00_42.00_0.8250_0.5649_0.0084_0.0090end,24.18774528,120.73574774,378.9365234375
1301,0.45_8.35_-7.85_48.23_-12.53_5.26_-0.88_-12.06_42.00_0.8250_0.5649_0.0084_0.0090end1.30_8.41_-7.24_48.23_-12.53_5.26_-0.88_-12.06_42.00_0.8250_0.5649_0.0084_0.0090end1.23_8.48_-6.98_48.23_-12.53_5.26_-1.25_-11.00_43.31_0.8250_0.5649_0.0084_0.0090end1.18_8.52_-6.91_43.31_-20.14_3.69_-1.25_-11.00_43.31_0.8250_0.5649_0.0084_0.0090end1.18_8.52_-6.91_43.31_-20.14_3.69_-1.25_-11.00_43.31_0.8338_0.5520_0.0038_0.0046end0.92_8.71_-6.23_43.31_-20.14_3.69_-1.25_-11.00_43.31_0.8348_0.5505_0.0029_0.0039end1.14_8.56_-5.80_43.31_-20.14_3.69_-1.25_-11.00_43.31_0.8348_0.5505_0.0029_0.0039end1.33_8.55_-6.08_38.27_-27.31_1.12_-1.25_-11.00_43.31_0.8348_0.5505_0.0029_0.0039end1.33_8.55_-6.08_38.27_-27.31_1.12_-1.25_-11.00_43.31_0.8386_0.5448_-0.0010_0.0012end1.24_8.52_-5.72_38.27_-27.31_1.12_-1.25_-11.00_43.31_0.8394_0.5435_-0.0021_0.0005end,24.18774528,120.73574774,378.9365234375
1302,,24.18774528,120.73574774,378.9365234375
1303,1.33_8.50_-5.55_36.93_-31.33_-0.56_-0.19_-9.63_43.81_0.8394_0.5435_-0.0021_0.0005end1.18_8.56_-5.32_36.48_-30.66_-0.56_-0.19_-9.63_43.81_0.8394_0.5435_-0.0021_0.0005end1.18_8.56_-5.32_36.48_-30.66_-0.56_-0.19_-9.63_43.81_0.8428_0.5381_-0.0067_-0.0021end1.04_8.50_-4.58_36.48_-30.66_-0.56_-0.19_-9.63_43.81_0.8437_0.5367_-0.0077_-0.0027end1.02_8.52_-4.43_36.15_-21.82_-2.57_-0.19_-9.63_43.81_0.8437_0.5367_-0.0077_-0.0027end1.02_8.52_-4.43_36.15_-21.82_-2.57_1.31_-8.19_44.25_0.8462_0.5327_-0.0101_-0.0037end1.13_8.50_-4.08_36.37_-8.84_-4.25_1.31_-8.19_44.25_0.8470_0.5314_-0.0106_-0.0038end0.88_8.49_-3.60_36.37_-8.84_-4.25_0.94_-6.12_44.25_0.8470_0.5314_-0.0106_-0.0038end0.82_8.43_-3.39_36.59_-0.90_-4.70_0.94_-6.12_44.25_0.8470_0.5314_-0.0106_-0.0038end0.82_8.43_-3.39_36.59_-0.90_-4.70_1.31_-7.19_43.87_0.8496_0.5273_-0.0112_-0.0035end,24.18774528,120.73574774,378.9365234375
1304,,24.18774528,120.73574774,378.9365234375
1305,,24.18774528,120.73574774,378.9365234375
1306,0.82_8.43_-3.39_36.59_-0.90_-4.70_1.31_-7.19_43.87_0.8513_0.5245_-0.0110_-0.0028end0.58_8.38_-2.92_36.59_-0.90_-4.70_1.31_-7.19_43.87_0.8522_0.5231_-0.0107_-0.0023end0.49_8.30_-2.75_36.59_-0.90_-4.70_1.31_-7.19_43.87_0.8522_0.5231_-0.0107_-0.0023end0.44_8.30_-2.69_36.59_-0.90_-4.70_0.56_-6.81_44.75_0.8522_0.5231_-0.0107_-0.0023end0.41_8.27_-2.66_39.61_24.17_-6.94_0.56_-6.81_44.75_0.8549_0.5187_-0.0091_-0.0003end0.41_8.27_-2.66_39.61_24.17_-6.94_0.56_-6.81_44.75_0.8567_0.5157_-0.0076_0.0013end0.20_8.17_-2.69_39.61_24.17_-6.94_0.56_-6.81_44.75_0.8576_0.5142_-0.0067_0.0021end0.13_8.11_-2.73_41.29_30.10_-6.38_0.56_-6.81_44.75_0.8576_0.5142_-0.0067_0.0021en,24.18774528,120.73574774,378.9365234375
1307,d0.09_8.12_-2.78_41.74_32.79_-6.71_0.56_-6.81_44.75_0.8576_0.5142_-0.0067_0.0021end0.09_8.12_-2.78_43.31_37.49_-6.49_-0.88_-5.12_43.50_0.8604_0.5095_-0.0037_0.0050end,24.18774528,120.73574774,378.9365234375
1308,,24.18774528,120.73574774,378.9365234375
1309,-0.30_8.02_-2.80_43.31_37.49_-6.49_-0.88_-5.12_43.50_0.8624_0.5062_-0.0012_0.0071end-0.37_7.97_-2.86_45.21_44.65_-5.82_-0.88_-5.12_43.50_0.8624_0.5062_-0.0012_0.0071end-0.37_7.97_-2.86_45.21_44.65_-5.82_-0.81_-4.75_43.00_0.8643_0.5029_0.0017_0.0095end-0.55_7.91_-2.87_45.77_45.88_-5.37_-0.81_-4.75_43.00_0.8643_0.5029_0.0017_0.0095end-0.55_7.91_-2.87_47.00_46.44_-4.48_-0.81_-4.75_43.00_0.8673_0.4976_0.0065_0.0132end-0.65_7.87_-2.95_47.00_46.44_-4.48_-0.13_-4.75_44.31_0.8673_0.4976_0.0065_0.0132end-0.65_7.87_-2.95_47.78_44.76_-3.92_-0.13_-4.75_44.31_0.8693_0.4939_0.0096_0.0156end-0.65_7.87_-2.95_48.23_42.75_-3.69_-1.19_-3.69_44.81_0.8693_0.4939_0.0096_0.0,24.18774528,120.73574774,378.9365234375
1310,156end-0.65_7.87_-2.95_48.23_42.75_-3.69_-1.19_-3.69_44.81_0.8714_0.4901_0.0127_0.0178end-1.15_7.63_-3.30_48.23_42.75_-3.69_-1.19_-3.69_44.81_0.8724_0.4883_0.0140_0.0187end,24.18774528,120.73574774,378.9365234375
1311,-1.15_7.63_-3.30_48.23_42.75_-3.69_-1.19_-3.69_44.81_0.8734_0.4863_0.0153_0.0196end-1.37_7.54_-3.40_48.23_42.75_-3.69_-1.19_-3.69_44.81_0.8734_0.4863_0.0153_0.0196end-1.37_7.54_-3.40_51.48_10.63_0.45_-3.37_-2.31_44.81_0.8766_0.4804_0.0179_0.0215end-1.37_7.54_-3.40_51.48_10.63_0.45_-3.37_-2.31_44.81_0.8787_0.4764_0.0186_0.0220end-1.39_7.41_-3.34_51.48_10.63_0.45_-3.37_-2.31_44.81_0.8798_0.4744_0.0186_0.0220end-1.25_7.35_-3.39_51.48_10.63_0.45_-3.37_-2.31_44.81_0.8798_0.4744_0.0186_0.0220end-1.25_7.35_-3.39_53.83_-32.34_2.46_-3.37_-2.31_44.81_0.8832_0.4683_0.0164_0.0209end-1.04_7.23_-3.40_53.83_-32.34_2.46_-3.00_-0.62_44.81_0.8843_0.4662_0.0149_0.0200end-0.99_7.12_-3.24_53.83_-32.34_2.46_-3.00_-0.62_44.81_0.8854_0.4641_0.0131_0.0190end-0.98_7.09_-3.05_53.83_-32.34_2.46_-3.00_-0.62_44.81_0.8854_0.4641_0.0131_0.0190end,24.18774528,120.73574774,378.9365234375
1312,,24.18774528,120.73574774,378.9365234375
1313,-1.07_7.08_-2.67_53.83_-32.34_2.46_-3.00_-0.62_44.81_0.8890_0.4576_0.0063_0.0153end-1.10_6.87_-2.46_53.83_-32.34_2.46_-3.00_-0.62_44.81_0.8890_0.4576_0.0063_0.0153end-1.39_3.64_-2.04_53.83_-32.34_2.46_-3.00_-0.62_44.81_0.8901_0.4554_0.0038_0.0139end-1.39_3.64_-2.04_53.83_-32.34_2.46_-3.00_-0.62_44.81_0.8938_0.4484_-0.0035_0.0098end-2.71_6.18_-2.00_53.83_-32.34_2.46_-3.00_-0.62_44.81_0.8950_0.4460_-0.0056_0.0087end0.21_-2.25_-2.31_53.83_-32.34_2.46_0.31_1.19_43.50_0.8962_0.4434_-0.0073_0.0077end-3.32_33.57_-1.78_78.56_-30.66_-0.56_0.31_1.19_43.50_0.8962_0.4434_-0.0073_0.0077end-3.32_33.57_-1.78_71.62_-35.59_4.14_0.31_1.19_43.50_0.8993_0.4372_-0.0106_0.0,24.18774528,120.73574774,378.9365234375
1314,059end-3.32_33.57_-1.78_78.33_-33.91_7.83_1.37_2.94_43.56_0.9007_0.4343_-0.0118_0.0052end-3.32_33.57_-1.78_78.33_-33.91_7.83_1.37_2.94_43.56_0.9035_0.4283_-0.0143_0.0034end,24.18774528,120.73574774,378.9365234375
1315,,24.18774528,120.73574774,378.9365234375
1316,,24.18774528,120.73574774,378.9365234375
1317,,24.18774528,120.73574774,378.9365234375
1318,-3.32_33.57_-1.78_68.71_-36.26_6.94_1.06_2.94_44.88_0.9048_0.4256_-0.0156_0.0024end-3.32_33.57_-1.78_50.13_-17.12_1.34_1.06_2.94_44.88_0.9048_0.4256_-0.0156_0.0024end-3.32_33.57_-1.78_50.13_-17.12_1.34_2.87_3.62_42.75_0.9078_0.4189_-0.0181_0.0007end-3.32_33.57_-1.78_40.29_29.66_-3.58_2.87_3.62_42.75_0.9078_0.4189_-0.0181_0.0007end-3.32_33.57_-1.78_40.29_29.66_-3.58_2.87_3.62_42.75_0.9094_0.4156_-0.0158_0.0021end0.49_36.39_-22.25_40.29_29.66_-3.58_2.87_3.62_42.75_0.9094_0.4156_-0.0158_0.0021end0.49_36.39_-22.25_40.29_29.66_-3.58_0.31_5.25_45.38_0.9114_0.4113_-0.0096_0.0060end6.46_30.90_-9.80_40.29_29.66_-3.58_0.31_5.25_45.38_0.9120_0.4099_-0.0109_0.0053end1.07_27.75_-11.18_20.81_-171.89_8.06_0.31_5.25_45.38_0.9120_0.4099_-0.0109_0.0053end2.56_26.44_-9.46_20.81_-171.89_8.06_1.44_5.25_44.50_0.9127_0.4081_-0.0203_0.0003end2.39_27.05_-8.29_5.48_-192.48_3.36_1.44_5.25_44.50_0.9125_0.4075_-0.0355_-0.0067end4.63_26.13_-9.73_5.48_-192.48_3.36_1.44_5.25_44.50_0.9121_0.4075_-0.0434_-0.0101end3.73_24.40_-8.48_5.48_-192.48_3.36_1.44_5.25_44.50_0.9121_0.4075_-0.0434_-0.0101end2.89_23.25_-7.04_5.48_-192.48_3.36_5.12_6.69_43.25_0.9109_0.4081_-0.0583_-0.0158end4.48_22.46_-8.84_-21.82_-122.20_-16.23_5.12_6.69_43.25_0.9095_0.4095_-0.0687_-0.0189end4.56_21.50_-8.65_-21.82_-122.20_-16.23_5.12_6.69_43.25_0.9095_0.4095_-0.0687_-0.0189end4.79_21.49_-6.83_-21.82_-122.20_-16.23_5.12_6.69_43.25_0.9083_0.4110_-0.0751_-0.0202end4.79_21.49_-6.83_-21.82_-122.20_-16.23_6.12_6.69_43.63_0.9077_0.4120_-0.0773_-0.0205end4.79_21.49_-6.83_-21.82_-122.20_-16.23_6.12_6.69_43.63_0.9063_0.4147_-0.0788_-0.0193end2.20_20.32_-6.18_-21.82_-122.20_-16.23_6.12_6.69_43.63_0.9057_0.4163_-0.0784_-0.0181end,24.18774528,120.73574774,378.9365234375
1319,,24.18774528,120.73574774,378.9365234375
1320,,24.18774528,120.73574774,378.9365234375
1321,2.23_19.95_-8.46_-21.82_-122.20_-16.23_6.12_6.69_43.63_0.9057_0.4163_-0.0784_-0.0181end1.98_19.79_-9.79_-48.12_47.67_-22.83_6.12_6.69_43.63_0.9057_0.4163_-0.0784_-0.0181end1.98_19.79_-9.79_-54.61_62.11_-24.51_6.12_6.69_43.63_0.9036_0.4217_-0.0746_-0.0126end0.75_19.30_-9.42_-54.61_62.11_-24.51_6.12_6.69_43.63_0.9020_0.4259_-0.0707_-0.0079end0.61_19.04_-9.26_-64.01_83.15_-25.40_6.12_6.69_43.63_0.9020_0.4259_-0.0707_-0.0079end0.39_18.10_-9.08_-68.49_97.13_-25.63_6.12_6.69_43.63_0.9020_0.4259_-0.0707_-0.0079end0.39_17.59_-9.01_-72.40_111.12_-26.86_6.12_6.69_43.63_0.9020_0.4259_-0.0707_-0.0079end0.20_17.00_-9.14_-72.40_111.12_-26.86_6.12_6.69_43.63_0.8967_0.4393_-0.0531_0.0079end-0.05_15.58_-9.88_-72.40_111.12_-26.86_4.31_3.31_43.19_0.8954_0.4425_-0.0485_0.0117end-0.05_15.58_-9.88_-91.20_136.08_-28.98_3.25_1.87_43.56_0.8954_0.4425_-0.0485_0.0117end,24.18774528,120.73574774,378.9365234375
1322,,24.18774528,120.73574774,378.9365234375
1323,-0.23_15.03_-10.05_-95.68_135.63_-29.21_3.25_1.87_43.56_0.8954_0.4425_-0.0485_0.0117end-0.23_15.03_-10.05_-95.68_135.63_-29.21_2.50_1.19_44.94_0.8923_0.4493_-0.0389_0.0197end-1.18_12.71_-9.61_-105.08_133.62_-30.55_2.50_1.19_44.94_0.8923_0.4493_-0.0389_0.0197end-1.18_12.71_-9.61_-109.78_131.71_-30.89_2.50_1.19_44.94_0.8866_0.4608_-0.0247_0.0316end-1.55_11.64_-8.93_-117.50_123.99_-30.55_1.37_-1.25_44.38_0.8866_0.4608_-0.0247_0.0316end-1.82_10.45_-8.04_-117.50_123.99_-30.55_1.37_-1.25_44.38_0.8797_0.4734_-0.0115_0.0432end-2.01_9.30_-7.34_-117.50_123.99_-30.55_1.37_-1.25_44.38_0.8797_0.4734_-0.0115_0.0432end-2.21_8.74_-7.08_-117.50_123.99_-30.55_1.37_-1.25,24.18774528,120.73574774,378.9365234375
1324,_44.38_0.8797_0.4734_-0.0115_0.0432end-2.45_8.12_-6.72_-117.50_123.99_-30.55_1.37_-1.25_44.38_0.8686_0.4923_0.0035_0.0569end-2.62_6.64_-6.07_-117.50_123.99_-30.55_-1.50_-2.31_43.50_0.8622_0.5024_0.0101_0.0632end,24.18774528,120.73574774,378.9365234375
1325,,24.18774528,120.73574774,378.9365234375
1326,,24.18774528,120.73574774,378.9365234375
1327,,24.18774528,120.73574774,378.9365234375
1328,,24.18774528,120.73574774,378.9365234375
1329,-2.62_6.20_-5.69_-117.50_123.99_-30.55_-3.75_-4.81_43.38_0.8590_0.5075_0.0132_0.0662end-2.57_5.43_-5.09_-117.50_123.99_-30.55_-3.75_-4.81_43.38_0.8590_0.5075_0.0132_0.0662end-2.55_5.07_-4.77_-147.72_85.61_-27.64_-3.37_-6.50_43.81_0.8590_0.5075_0.0132_0.0662end-2.55_5.07_-4.77_-151.86_80.68_-26.30_-3.37_-6.50_43.81_0.8448_0.5288_0.0250_0.0772end-2.27_4.04_-4.04_-151.86_80.68_-26.30_-4.50_-7.25_42.94_0.8448_0.5288_0.0250_0.0772end-2.27_4.04_-4.04_-158.01_66.14_-24.73_-4.50_-7.25_42.94_0.8372_0.5399_0.0302_0.0820end-2.27_4.04_-4.04_-160.92_54.50_-24.17_-3.75_-8.25_44.19_0.8372_0.5399_0.0302_0.0820end-1.87_3.32_-3.08_-160.92_54.50_-24.17_-3.75_-8.25_44.19_0.8251_0.5569_0.0365_0.0881end-1.82_3.09_-2.95_-160.92_54.50_-24.17_-6.00_-11.44_42.88_0.8210_0.5625_0.0381_0.0898end-1.76_2.87_-2.82_-160.92_54.50_-24.17_-6.00_-11.44_42.88_0.8168_0.5682_0.0396_0.0912end-1.71_2.55_-2.64_-166.74_32.45_-20.81_-6.00_-11.44_42.88_0.8168_0.5682_0.0396_0.0912end-1.69_2.38_-2.55_-166.74_32.45_-20.81_-6.44_-13.56_41.50_0.8081_0.5800_0.0422_0.0937end-1.66_2.20_-2.46_-168.53_25.96_-19.81_-6.44_-13.56_41.50_0.7993_0.5916_0.0444_0.0958end-1.70_1.82_-2.43_-168.53_25.96_-19.81_-6.06_-14.87_41.44_0.7993_0.5916_0.0444_0.0958end-1.70_1.82_-2.43_-170.77_21.26_-18.46_-6.06_-14.87_41.44_0.7901_0.6034_0.0464_0.0975end-1.70_1.82_-2.43_-173.57_15.00_-17.12_-6.44_-17.00_40.63_0.7901_0.6034_0.0464_0.0975end-1.70_1.82_-2.43_-174.35_10.41_-16.23_-6.44_-17.00_40.63_0.7808_0.6151_0.0480_0.0988end-1.70_1.82_-2.43_-175.80_3.13_-15.44_-6.81_-17.37_4,24.18774528,120.73574774,378.9365234375
1330,0.12_0.7808_0.6151_0.0480_0.0988end-0.60_1.32_-1.98_-176.81_-6.27_-14.66_-6.81_-17.37_40.12_0.7662_0.6331_0.0488_0.0990end-0.60_1.32_-1.98_-176.81_-6.27_-14.66_-6.81_-17.37_40.12_0.7610_0.6393_0.0484_0.0984end-0.60_1.32_-1.98_-176.81_-6.27_-14.66_-6.81_-17.37_40.12_0.7511_0.6516_0.0464_0.0961end-0.34_1.32_-1.77_-176.81_-6.27_-14.66_-6.81_-17.37_40.12_0.7460_0.6577_0.0449_0.0944end-0.17_1.29_-1.84_-182.63_-74.53_-9.06_-6.81_-17.37_40.12_0.7460_0.6577_0.0449_0.0944end-0.12_1.25_-1.80_-182.63_-74.53_-9.06_-4.31_-23.25_38.75_0.7460_0.6577_0.0449_0.0944end-0.11_1.14_-1.74_-182.63_-81.58_-6.94_-4.31_-23.25_38.75_0.7303_0.6764_0.0388_0.0874end-0.11_1.14_-1.74_-185.20_-81.80_-3.36_-4.31_-23.25_38.75_0.7249_0.6827_0.0366_0.0847end-0.11_1.14_-1.74_-185.20_-81.80_-3.36_-4.31_-23.25_38.75_0.7195_0.6888_0.0345_0.0820end-0.11_1.14_-1.74_-185.99_-67.48_-1.12_-4.31_-23.25_38.75_0.7083_0.7010_0.0310_0.0770end-0.11_1.19_-1.19_-185.99_-67.48_-1.12_-4.31_-23.25_38.75_0.7083_0.7010_0.0310_0.0770end-0.14_1.20_-1.04_-185.99_-67.48_-1.12_-4.31_-23.25_38.75_0.6913_0.7184_0.0281_0.0717end,24.18774528,120.73574774,378.9365234375
1331,,24.18774528,120.73574774,378.9365234375
1332,,24.18774528,120.73574774,378.9365234375
1333,-0.26_1.55_-0.63_-185.99_-67.48_-1.12_-2.87_-27.44_34.25_0.6854_0.7242_0.0280_0.0707end-0.26_1.55_-0.63_-185.20_-2.24_0.22_-3.62_-28.50_33.81_0.6795_0.7297_0.0283_0.0701end-0.26_1.55_-0.63_-185.20_-2.24_0.22_-4.00_-30.31_32.94_0.6736_0.7352_0.0290_0.0701end-0.48_2.05_-0.28_-183.97_30.77_-0.56_-4.00_-30.31_32.94_0.6736_0.7352_0.0290_0.0701end-0.75_2.26_-0.25_-183.97_30.77_-0.56_-4.00_-30.31_32.94_0.6555_0.7509_0.0339_0.0732end-0.82_2.59_0.44_-183.97_30.77_-0.56_-4.00_-30.31_32.94_0.6555_0.7509_0.0339_0.0732end-0.82_2.59_0.44_-181.40_88.41_-1.90_-4.00_-30.31_32.94_0.6555_0.7509_0.0339_0.0732end-0.82_2.59_0.44_-181.40_88.41_-1.90_-3.31_-32.44_31.12_0.6369,24.18774528,120.73574774,378.9365234375
1334,_0.7655_0.0425_0.0807end-0.82_2.59_0.44_-181.40_88.41_-1.90_-3.31_-31.75_29.81_0.6307_0.7700_0.0460_0.0842end-0.82_2.59_0.44_-176.36_128.24_-5.04_-3.31_-31.75_29.81_0.6181_0.7787_0.0540_0.0923end,24.18774528,120.73574774,378.9365234375
1335,-1.81_3.43_1.01_-176.36_128.24_-5.04_-5.19_-32.81_28.44_0.6181_0.7787_0.0540_0.0923end-1.81_3.43_1.01_-172.67_140.11_-6.60_-4.81_-34.88_26.69_0.6054_0.7869_0.0625_0.1013end-1.81_3.43_1.01_-170.43_130.26_-8.62_-4.81_-34.88_26.69_0.5992_0.7908_0.0665_0.1056end-1.81_3.43_1.01_-170.43_130.26_-8.62_-4.81_-34.88_26.69_0.5864_0.7985_0.0737_0.1140end-2.16_5.11_2.49_-170.43_130.26_-8.62_-6.69_-36.00_24.94_0.5864_0.7985_0.0737_0.1140end-1.60_5.55_1.68_-170.43_130.26_-8.62_-7.06_-36.69_25.31_0.5864_0.7985_0.0737_0.1140end-1.30_5.62_2.39_-162.04_36.82_-11.41_-7.06_-36.69_25.31_0.5677_0.8101_0.0811_0.1220end-1.30_5.62_2.39_-162.26_2.46_-9.85_-7.06_-36.69_25.31_0.56,24.18774528,120.73574774,378.9365234375
1336,17_0.8141_0.0821_0.1224end-1.30_5.62_2.39_-161.26_-32.79_-7.61_-7.44_-37.06_24.06_0.5617_0.8141_0.0821_0.1224end-1.30_5.62_2.39_-160.14_-64.35_-5.93_-7.44_-37.06_24.06_0.5450_0.8264_0.0804_0.1161end,24.18774528,120.73574774,378.9365234375
1337,,24.18774528,120.73574774,378.9365234375
1338,-1.32_5.43_2.75_-160.14_-64.35_-5.93_-7.44_-37.06_24.06_0.5396_0.8308_0.0786_0.1117end-0.56_5.71_3.57_-152.53_-146.93_1.45_-7.44_-37.06_24.06_0.5345_0.8350_0.0762_0.1063end-0.56_5.71_3.57_-152.53_-146.93_1.45_-6.37_-38.88_20.94_0.5245_0.8435_0.0699_0.0926end-0.04_6.26_4.41_-144.13_-206.69_11.08_-6.37_-38.50_20.06_0.5245_0.8435_0.0699_0.0926end-0.04_6.48_4.43_-140.89_-215.42_14.55_-6.37_-38.50_20.06_0.5245_0.8435_0.0699_0.0926end-0.04_6.48_4.43_-140.89_-215.42_14.55_-4.19_-40.25_17.81_0.5106_0.8552_0.0588_0.0676end0.22_6.52_3.93_-133.73_-208.82_19.58_-4.19_-40.25_17.81_0.5106_0.8552_0.0588_0.0676end0.22_6.52_3.93_-129.81_-195.16_20.93_-4.19_-40.25_17.81,24.18774528,120.73574774,378.9365234375
1339,_0.4972_0.8652_0.0488_0.0428end0.86_6.55_3.71_-129.81_-195.16_20.93_-4.94_-39.56_17.44_0.4972_0.8652_0.0488_0.0428end0.86_6.55_3.71_-118.06_-132.05_23.95_-4.94_-39.56_17.44_0.4885_0.8709_0.0442_0.0295end,24.18774528,120.73574774,378.9365234375
1340,0.86_6.55_3.71_-114.82_-106.31_24.28_-3.81_-40.94_17.87_0.4885_0.8709_0.0442_0.0295end0.86_6.55_3.71_-110.12_-81.80_24.28_-3.81_-40.94_17.87_0.4802_0.8760_0.0417_0.0198end1.16_6.86_3.61_-110.12_-81.80_24.28_-3.81_-40.94_17.87_0.4802_0.8760_0.0417_0.0198end1.34_7.33_4.05_-103.62_-39.17_22.94_-3.81_-40.94_17.87_0.4802_0.8760_0.0417_0.0198end1.66_7.91_4.25_-103.62_-39.17_22.94_-3.81_-40.94_17.87_0.4610_0.8864_0.0425_0.0095end1.66_7.91_4.25_-103.62_-39.17_22.94_-2.75_-42.38_14.75_0.4575_0.8881_0.0429_0.0082end1.51_8.38_4.34_-103.62_-39.17_22.94_-2.75_-42.38_14.75_0.4575_0.8881_0.0429_0.0082end1.52_8.60_4.16_-103.62_-39.17_22.94_-2.75_-42.38_14.75_0.4509_0.,24.18774528,120.73574774,378.9365234375
1341,8915_0.0432_0.0045end0.45_8.25_3.84_-74.42_-60.32_16.56_-2.75_-42.38_14.75_0.4509_0.8915_0.0432_0.0045end2.99_9.41_3.52_-74.42_-60.32_16.56_-3.87_-42.38_13.94_0.4424_0.8959_0.0418_-0.0037end,24.18774528,120.73574774,378.9365234375
1342,,24.18774528,120.73574774,378.9365234375
1343,,24.18774528,120.73574774,378.9365234375
1344,1.23_9.00_4.13_-64.79_-75.65_15.89_-3.87_-42.38_13.94_0.4399_0.8971_0.0410_-0.0069end2.15_8.60_4.10_-64.79_-75.65_15.89_-3.50_-43.13_12.56_0.4399_0.8971_0.0410_-0.0069end1.89_8.68_4.31_-56.29_-78.56_14.88_-3.50_-43.13_12.56_0.4399_0.8971_0.0410_-0.0069end2.04_8.24_4.08_-56.29_-78.56_14.88_-3.12_-42.38_13.06_0.4313_0.9012_0.0375_,24.18774528,120.73574774,378.9365234375
1345,-0.0200end2.08_7.92_4.10_-56.29_-78.56_14.88_-3.12_-42.38_13.06_0.4295_0.9020_0.0369_-0.0225end2.12_7.49_4.43_-56.29_-78.56_14.88_-3.12_-42.38_13.06_0.4295_0.9020_0.0369_-0.0225end2.12_7.49_4.43_-31.56_-16.34_6.71_-3.12_-42.38_13.06_0.4263_0.9035_0.0361_-0.0259end1.67_7.11_4.35_-31.56_-16.34_6.71_-3.12_-42.38_13.06_0.4250_0.9041_0.0359_-0.0269end1.67_7.11_4.35_-24.28_-5.26_4.36_-3.12_-42.38_13.06_0.4227_0.9052_0.0359_-0.0280end1.66_7.16_4.36_-19.81_-2.24_2.35_-2.75_-42.44_10.81_0.4227_0.9052_0.0359_-0.0280end1.44_7.29_3.98_-19.81_-2.24_2.35_-2.75_-42.44_10.81_0.4218_0.9056_0.0360_-0.0282end1.44_7.29_3.98_-19.81_-2.24_2.35_-3.87_-43.50_11.25_0.4218_0.9056_0.0360_-0.0282end1.44_7.29_3.98_-3.13_0.90_-1.23_-3.87_-43.50_11.25_0.4199_0.9064_0.0359_-0.0284end1.05_7.71_4.10_-3.13_0.90_-1.23_-3.12_-42.75_10.88_0.4198_0.9064_0.0359_-0.0283end,24.18774528,120.73574774,378.9365234375
1346,0.58_9.12_3.84_4.81_8.62_-2.80_-3.12_-42.75_10.88_0.4198_0.9064_0.0359_-0.0283end0.58_9.12_3.84_4.81_8.62_-2.80_-2.75_-43.13_10.88_0.4203_0.9063_0.0363_-0.0265end0.61_10.53_3.48_4.81_8.62_-2.80_-3.87_-43.13_9.88_0.4208_0.9061_0.0366_-0.0253end0.64_11.43_3.63_4.81_8.62_-2.80_-3.87_-43.13_9.88_0.4214_0.9058_0.0371_-0.0237end0.59_11.78_3.85_23.84_40.29_-5.60_-3.87_-43.13_9.88_0.4214_0.9058_0.0371_-0.0237end0.59_11.78_3.85_31.45_39.50_-6.60_-3.87_-43.13_9.88_0.4241_0.9046_0.0387_-0.0186end,24.18774528,120.73574774,378.9365234375
1347,,24.18774528,120.73574774,378.9365234375
1348,0.61_12.36_4.41_31.45_39.50_-6.60_-3.87_-43.13_9.88_0.4241_0.9046_0.0387_-0.0186end0.57_12.45_4.52_39.61_34.47_-6.60_-3.87_-43.13_9.88_0.4241_0.9046_0.0387_-0.0186end0.50_12.50_4.64_43.76_31.00_-7.05_-3.87_-43.13_9.88_0.4241_0.9046_0.0387_-0.0186end0.54_12.56_4.77_43.76_31.00_-7.05_-2.37_-43.06_12.56_0.4319_0.9009_0.0405_-0.0111end0.56_12.60_5.00_43.76_31.00_-7.05_-2.37_-43.06_12.56_0.4340_0.9000_0.0406_-0.0099end0.57_12.54_5.02_43.76_31.00_-7.05_-2.37_-43.06_12.56_0.4362_0.8989_0.0408_-0.0089end0.72_12.33_5.18_43.76_31.00_-7.05_-2.37_-43.06_12.56_0.4385_0.8978_0.0408_-0.0080end0.81_12.27_5.14_69.72_13.43_-8.39_-2.37_-43.06_12.56_0.4385_0.8978_0.0408_-,24.18774528,120.73574774,378.9365234375
1349,0.0080end0.94_12.25_5.11_69.72_13.43_-8.39_-2.37_-43.06_12.56_0.4468_0.8937_0.0406_-0.0056end1.01_12.32_5.11_83.03_13.09_-9.62_-2.37_-43.06_12.56_0.4499_0.8922_0.0405_-0.0048end,24.18774528,120.73574774,378.9365234375
1350,1.12_12.38_4.90_83.03_13.09_-9.62_-2.37_-43.06_12.56_0.4499_0.8922_0.0405_-0.0048end1.03_12.17_4.57_90.42_19.70_-10.63_-2.37_-43.06_12.56_0.4499_0.8922_0.0405_-0.0048end1.03_12.17_4.57_98.25_30.21_-11.41_-4.19_-41.63_16.12_0.4599_0.8871_0.0404_-0.0016end1.03_12.17_4.57_98.25_30.21_-11.41_-4.19_-41.63_16.12_0.4673_0.8831_0.0407_0.0016end0.66_11.80_4.35_98.25_30.21_-11.41_-3.12_-41.63_16.12_0.4713_0.8810_0.0410_0.0035end0.54_11.85_4.38_98.25_30.21_-11.41_-3.12_-41.63_16.12_0.4713_0.8810_0.0410_0.0035end0.41_11.84_4.27_98.25_30.21_-11.41_-2.69_-40.56_17.87_0.4836_0.8742_0.0423_0.0098end0.31_11.85_4.16_98.25_30.21_-11.41_-2.69_-40.56_17.87_0.4879_0.8718_0.,24.18774528,120.73574774,378.9365234375
1351,0426_0.0117end0.00_11.53_3.52_98.25_30.21_-11.41_-2.69_-40.56_17.87_0.4879_0.8718_0.0426_0.0117end-0.07_11.39_3.26_98.25_30.21_-11.41_-3.06_-40.19_18.31_0.4879_0.8718_0.0426_0.0117end,24.18774528,120.73574774,378.9365234375
1352,-0.07_11.39_3.26_98.25_30.21_-11.41_-3.06_-40.19_19.56_0.5016_0.8639_0.0428_0.0158end-0.07_11.39_3.26_254.14_-22.94_7.72_-3.06_-40.19_19.56_0.5089_0.8596_0.0425_0.0160end-0.07_11.39_3.26_166.07_10.18_8.17_-3.06_-40.19_19.56_0.5195_0.8532_0.0431_0.0168end-0.07_11.39_3.26_70.50_7.95_-5.04_-3.06_-40.19_19.56_0.5208_0.8524_0.0435_0.0177end3.92_8.95_16.77_70.50_7.95_-5.04_-3.06_-40.19_19.56_0.5208_0.8524_0.0435_0.0177end3.42_5.75_13.07_15.33_-56.62_-22.72_-3.06_-40.19_19.56_0.5232_0.8512_0.0386_0.0142end-1.39_6.73_0.97_15.33_-56.62_-22.72_-3.06_-40.19_19.56_0.5232_0.8512_0.0386_0.0142end-6.10_4.11_6.37_15.33_-56.62_-22.72_-3.06_-40.19_19.56_0.5232_0.8512_0.,24.18774528,120.73574774,378.9365234375
1353,0386_0.0142end-6.10_4.11_6.37_15.33_-56.62_-22.72_-2.31_-40.12_21.37_0.5312_0.8467_0.0290_0.0032end-2.60_6.48_-1.58_15.33_-56.62_-22.72_-2.31_-40.12_21.37_0.5339_0.8452_0.0269_0.0004end,24.18774528,120.73574774,378.9365234375
1354,-0.27_9.06_4.28_15.33_-56.62_-22.72_-2.31_-40.12_21.37_0.5367_0.8434_0.0249_-0.0025end-0.27_9.06_4.28_79.90_-57.30_-1.90_-2.31_-40.12_21.37_0.5367_0.8434_0.0249_-0.0025end0.61_8.22_-0.87_79.90_-57.30_-1.90_-2.31_-40.12_21.37_0.5458_0.8376_0.0206_-0.0089end-0.91_8.04_-0.05_79.90_-57.30_-1.90_-2.31_-40.12_21.37_0.5489_0.8356_0.0195_-0.0105end-0.78_7.92_7.12_79.90_-57.30_-1.90_-2.31_-40.12_21.37_0.5489_0.8356_0.0195_-0.0105end-0.29_8.07_5.59_59.98_-2.91_-18.24_-2.31_-40.12_21.37_0.5489_0.8356_0.0195_-0.0105end-0.29_8.07_5.59_59.98_-2.91_-18.24_-0.88_-37.69_23.19_0.5562_0.8308_0.0170_-0.0109end1.26_7.50_1.54_59.98_-2.91_-18.24_-0.88_-37.69_23.19_0.5601_0.8282_0.0152_-0.0105end0.06_7.50_1.46_62.33_-35.36_-10.63_-0.88_-37.69_23.19_0.5601_0.8282_0.0152_-0.0105end-0.27_7.10_2.25_63.79_-40.06_-8.50_-0.88_-37.69_23.19_0.5601_0.8282_0.0152_-0.0105end,24.18774528,120.73574774,378.9365234375
1355,,24.18774528,120.73574774,378.9365234375
1356,,24.18774528,120.73574774,378.9365234375
1357,,24.18774528,120.73574774,378.9365234375
1358,,24.18774528,120.73574774,378.9365234375
1359,,24.18774528,120.73574774,378.9365234375
1360,-0.27_7.10_2.25_63.79_-40.06_-8.50_-0.19_-37.38_23.19_0.5692_0.8220_0.0104_-0.0146end1.18_8.52_0.27_63.79_-40.06_-8.50_-0.19_-37.38_23.19_0.5717_0.8203_0.0095_-0.0157end-1.86_8.25_2.34_72.40_-30.21_-0.34_-0.19_-37.38_23.19_0.5717_0.8203_0.0095_-0.0157end-1.86_8.25_2.34_70.16_-9.51_-4.03_-0.13_-36.25_25.37_0.5717_0.8203_0.0095_-0.0157end-1.34_8.41_3.01_65.02_19.36_-10.41_-0.13_-36.25_25.37_0.5717_0.8203_0.0095_-0.0157end-0.33_8.26_3.88_63.11_41.18_-14.77_-0.13_-37.69_26.69_0.5814_0.8135_0.0084_-0.0157end-0.33_8.26_3.88_61.88_59.98_-17.46_-0.13_-37.69_26.69_0.5858_0.8104_0.0100_-0.0109end-0.33_8.26_3.88_64.23_50.36_-13.09_0.25_-35.94_25.37_0.5858_0.8104_,24.18774528,120.73574774,378.9365234375
1361,0.0100_-0.0109end-0.33_8.26_3.88_66.81_37.60_-8.62_0.25_-35.94_25.37_0.5903_0.8071_0.0117_-0.0067end-0.07_8.18_4.20_69.05_24.17_-4.36_0.25_-35.94_25.37_0.5903_0.8071_0.0117_-0.0067end-0.07_8.18_4.20_69.05_24.17_-4.36_0.25_-35.94_25.37_0.5974_0.8019_0.0131_-0.0038end-0.59_8.42_4.14_69.05_24.17_-4.36_-1.87_-34.50_26.75_0.5997_0.8000_0.0137_-0.0026end-1.31_8.23_3.26_65.13_48.12_-8.39_-1.87_-34.50_26.75_0.5997_0.8000_0.0137_-0.0026end-1.31_8.23_3.26_63.34_70.28_-9.96_-1.87_-34.50_26.75_0.6063_0.7950_0.0171_0.0038end-1.06_8.27_2.50_63.34_70.28_-9.96_-1.50_-34.13_28.94_0.6085_0.7933_0.0186_0.0065end-0.54_8.30_1.91_63.34_70.28_-9.96_-1.50_-34.13_28.94_0.6106_0.7916_0.0203_0.0091end-1.16_8.23_1.99_63.34_70.28_-9.96_-1.50_-34.13_28.94_0.6106_0.7916_0.0203_0.0091end-1.58_8.34_1.85_63.34_70.28_-9.96_-1.50_-34.13_28.94_0.6174_0.7861_0.0249_0.0154end-1.58_8.34_1.85_70.16_62.11_-1.34_-1.50_-33.44_29.37_0.6174_0.7861_0.0249_0.0154end-1.48_8.39_2.39_70.16_62.11_-1.34_-1.50_-33.44_29.37_0.6220_0.7822_0.0281_0.0200end,24.18774528,120.73574774,378.9365234375
1362,-1.23_8.38_2.41_71.73_67.59_-5.26_-1.50_-33.44_29.37_0.6220_0.7822_0.0281_0.0200end-0.29_8.48_2.78_71.73_67.59_-5.26_-1.50_-33.44_29.37_0.6290_0.7762_0.0328_0.0272end-0.38_8.44_2.40_68.49_49.46_1.68_-2.94_-33.13_30.25_0.6312_0.7743_0.0341_0.0292end-0.41_8.43_1.52_68.49_49.46_1.68_-2.94_-33.13_30.25_0.6312_0.7743_0.0341_0.0292end-0.63_8.44_1.06_66.02_32.79_6.15_-4.44_-32.13_30.25_0.6312_0.7743_0.0341_0.0292end-0.63_8.44_1.06_64.35_28.42_5.26_-4.44_-32.13_30.25_0.6378_0.7686_0.0374_0.0328end-0.63_8.44_1.06_64.01_25.74_3.25_-4.06_-32.06_31.62_0.6378_0.7686_0.0374_0.0328end-0.63_8.44_1.06_65.02_16.56_0.45_-4.06_-32.06_31.62_0.6442_0.7631_0.0394_0.0353end-0,24.18774528,120.73574774,378.9365234375
1363,.19_8.43_-1.18_65.02_16.56_0.45_-3.31_-31.00_30.69_0.6442_0.7631_0.0394_0.0353end-0.19_8.43_-1.18_66.14_-3.69_3.47_-3.31_-31.00_30.69_0.6484_0.7594_0.0396_0.0359end,24.18774528,120.73574774,378.9365234375
1364,0.28_8.65_-1.06_66.14_-3.69_3.47_-3.31_-31.00_30.69_0.6484_0.7594_0.0396_0.0359end0.28_8.65_-1.06_66.14_-3.69_3.47_-3.31_-31.00_30.69_0.6550_0.7538_0.0387_0.0344end-0.64_8.77_-0.51_66.14_-3.69_3.47_-3.31_-31.00_30.69_0.6570_0.7521_0.0383_0.0339end-0.61_8.80_-0.74_59.65_-11.86_3.92_-3.31_-31.00_30.69_0.6570_0.7521_0.0383_0.0339end-0.33_8.80_-1.21_59.65_-11.86_3.92_-3.31_-30.62_33.38_0.6630_0.7470_0.0372_0.0325end-0.11_8.76_-1.48_57.41_-24.51_3.36_-3.31_-30.62_33.38_0.6630_0.7470_0.0372_0.0325end-0.08_8.77_-1.81_57.41_-24.51_3.36_-3.31_-30.62_33.38_0.6630_0.7470_0.0372_0.0325end-0.22_8.81_-1.75_58.19_-31.22_5.71_-3.31_-30.62_33.38_0.6687_0.7421_0.0351_0.0298end-0.50_8.91_-1.49_58.53_-21.93_4.92_-3.31_-30.62_33.38_0.6687_0.7421_0.0351_0.0298end-0.50_8.91_-1.49_58.30_-15.11_4.03_-3.31_-30.62_33.38_0.6726_0.7387_0.0337_0.0279end,24.18774528,120.73574774,378.9365234375
1365,,24.18774528,120.73574774,378.9365234375
1366,,24.18774528,120.73574774,378.9365234375
1367,-0.45_9.03_-0.25_58.30_-15.11_4.03_-3.31_-30.62_33.38_0.6726_0.7387_0.0337_0.0279end-0.31_9.02_-0.14_58.30_-15.11_4.03_-3.25_-28.19_34.75_0.6782_0.7336_0.0327_0.0265end-0.31_9.02_-0.14_58.30_-15.11_4.03_-3.25_-28.19_34.75_0.6818_0.7304_0.0322_0.0258end-0.32_9.01_0.09_58.30_-15.11_4.03_-3.25_-28.19_34.75_0.6835_0.7288_0.0319_0.0253end-0.54_9.03_0.09_58.30_-15.11_4.03_-2.94_-28.87_33.81_0.6835_0.7288_0.0319_0.0253end-0.54_9.03_0.09_58.30_-15.11_4.03_-2.94_-28.87_33.81_0.6887_0.7241_0.0303_0.0229end-0.52_9.02_-0.11_58.30_-15.11_4.03_-1.81_-27.81_34.25_0.6905_0.7224_0.0297_0.0221end-0.29_9.04_-0.04_58.30_-15.11_4.03_-1.81_-27.81_34.25_0.6922_0.7208_0.0291_0.0213end-0.03_9.07_0.22_58.30_-15.11_4.03_-1.06_-27.44_36.06_0.6922_0.7208_0.0291_0.0213end0.02_9.01_0.41_54.61_-27.31_4.92_-1.06_-27.44_36.06_0.6922_0.7208_0.0291_0.0213end,24.18774528,120.73574774,378.9365234375
1368,,24.18774528,120.73574774,378.9365234375
1369,0.01_9.04_0.72_54.61_-27.31_4.92_-1.06_-27.44_36.06_0.6974_0.7159_0.0269_0.0186end0.01_9.04_0.72_54.72_-32.45_5.71_-1.06_-27.44_36.06_0.7009_0.7126_0.0253_0.0165end-0.05_9.01_0.88_54.72_-32.45_5.71_-2.50_-26.81_36.06_0.7009_0.7126_0.0253_0.0165end-0.11_9.03_1.13_54.50_-32.79_5.37_-2.50_-26.81_36.06_0.7009_0.7126_0.0253_0.0165end-0.11_9.03_1.13_54.95_-34.24_4.48_-1.75_-25.75_35.63_0.7079_0.7059_0.0217_0.0120end0.23_8.95_1.11_54.95_-34.24_4.48_-1.75_-25.75_35.63_0.7079_0.7059_0.0217_0.0120end0.23_8.95_1.11_55.62_-35.59_4.25_-1.75_-25.75_35.63_0.7113_0.7025_0.0197_0.0096end0.37_8.90_1.27_55.62_-35.59_4.25_-1.75_-25.75_35.63_0.7148_0.6990_0.0176_0.0073end0,24.18774528,120.73574774,378.9365234375
1370,.37_8.90_1.23_55.62_-35.59_4.25_-1.75_-25.75_35.63_0.7166_0.6972_0.0167_0.0062end0.45_8.88_1.25_55.62_-35.59_4.25_-1.75_-25.75_35.63_0.7184_0.6954_0.0157_0.0051end,24.18774528,120.73574774,378.9365234375
1371,,24.18774528,120.73574774,378.9365234375
1372,0.54_8.84_1.21_58.41_-29.88_3.25_-1.75_-25.75_35.63_0.7220_0.6917_0.0140_0.0031end0.60_8.80_1.15_58.41_-29.88_3.25_-1.00_-25.37_37.38_0.7238_0.6899_0.0132_0.0023end0.72_8.80_1.02_58.41_-29.88_3.25_-0.37_-25.00_37.38_0.7255_0.6880_0.0125_0.0015end0.82_8.77_0.92_59.65_-22.27_2.24_-0.37_-25.00_37.38_0.7255_0.6880_0.0125_0.0015end0.82_8.77_0.92_60.21_-19.47_1.57_-1.00_-23.25_37.44_0.7255_0.6880_0.0125_0.0015end0.82_8.77_0.92_60.21_-19.47_1.57_-1.37_-23.62_38.25_0.7310_0.6823_0.0107_-0.0004end1.09_8.68_0.17_60.21_-19.47_1.57_-1.37_-23.62_38.25_0.7347_0.6783_0.0099_-0.0012end1.07_8.67_0.07_60.21_-19.47_1.57_-1.75_-23.56_39.63_0.7347_0.6783_0.0099_-0.0012end0,24.18774528,120.73574774,378.9365234375
1373,.96_8.59_-0.15_60.21_-19.47_1.57_-0.69_-22.19_38.38_0.7347_0.6783_0.0099_-0.0012end0.96_8.59_-0.19_62.78_4.70_-0.45_-0.69_-22.19_38.38_0.7420_0.6703_0.0100_-0.0010end,24.18774528,120.73574774,378.9365234375
1374,,24.18774528,120.73574774,378.9365234375
1375,,24.18774528,120.73574774,378.9365234375
1376,,24.18774528,120.73574774,378.9365234375
1377,0.89_8.58_-0.20_62.78_4.70_-0.45_-0.69_-22.19_38.38_0.7438_0.6683_0.0103_-0.0007end0.84_8.61_-0.01_62.78_4.70_-0.45_-1.00_-21.50_38.31_0.7438_0.6683_0.0103_-0.0007end0.84_8.46_-0.26_62.78_4.70_-0.45_-1.00_-20.75_38.81_0.7438_0.6683_0.0103_-0.0007end0.78_8.55_-0.32_62.78_4.70_-0.45_-1.00_-20.75_38.81_0.7512_0.6600_0.0123_0.0015end0.88_8.44_-0.34_62.78_4.70_-0.45_-1.00_-20.75_38.81_0.7530_0.6579_0.0129_0.0021end0.90_8.43_-0.47_62.78_4.70_-0.45_-1.00_-20.75_38.81_0.7548_0.6558_0.0133_0.0026end1.14_8.31_-0.82_62.78_4.70_-0.45_0.06_-20.75_38.81_0.7548_0.6558_0.0133_0.0026end1.14_8.31_-0.82_64.35_13.65_-2.01_-1.37_-20.75_38.81_0.7548_0.6558_0.0133_0.0026end1.34_8.45_-0.94_64.57_16.56_-3.13_-1.37_-20.75_38.81_0.7603_0.6495_0.0145_0.0041end1.34_8.45_-0.94_64.57_16.56_-3.13_-1.37_-20.75_38.81_0.7639_0.6451_0.0154_0.0053end1.86_8.29_-1.51_64.57_16.56_-3.13_-0.94_-18.31_41.44_0.7639_0.6451_0.0154_0.0053end1.86_8.29_-1.51_64.57_16.56_-3.13_-0.94_-18.31_41.44_0.7639_0.6451_0.0154_0.0053end1.86_8.29_-1.51_65.69_37.60_-3.80_-2.44_-18.37_40.12_0.7639_0.6451_0.0154_0.0053end1.52_8.25_-1.28_65.69_37.60_-3.80_-2.44_-18.37_40.12_0.7729_0.6340_0.0221_0.0123end0.98_8.18_-1.07_65.69_37.60_-3.80_-2.44_-18.37_40.12_0.7729_0.6340_0.0221_0.0123end0.80_8.25_-1.17_65.69_37.60_-3.80_-3.12_-18.00_40.50_0.7729_0.6340_0.0221_0.0123end0.37_8.34_-1.31_67.59_82.03_-2.46_-3.12_-18.00_40.50_0.7729_0.6340_0.0221_0.0123end0.26_8.27_-1.44_67.59_82.03_-2.46_-2.81_-17.69_40.12_0.7729_0.6340_0.0221_0.0123end0.26_8.27_-1.44_66.47_71.96_-1.23_-2.81_-17.69_40.12_0.7833_0.6200_0.0372_0.0260end0.00_8.22_-1.68_66.47_71.96_-1.23_-2.81_-17.69_40.12_0.7850_0.6176_0.0392_0.0279end,24.18774528,120.73574774,378.9365234375
1378,,24.18774528,120.73574774,378.9365234375
1379,-0.38_8.08_-2.14_69.27_15.78_0.11_-2.81_-17.69_40.12_0.7850_0.6176_0.0392_0.0279end-0.38_8.08_-2.14_69.27_15.78_0.11_-4.25_-16.25_41.44_0.7904_0.6104_0.0417_0.0303end-0.62_8.07_-1.89_69.27_15.78_0.11_-4.25_-16.25_41.44_0.7922_0.6080_0.0414_0.0303end-0.65_8.09_-2.14_69.27_15.78_0.11_-4.25_-16.25_41.44_0.7942_0.6055_0.0409_0.0301end-0.71_8.02_-2.38_69.05_-12.98_0.34_-4.25_-16.25_41.44_0.7942_0.6055_0.0409_0.0301end-0.83_7.98_-2.91_67.70_-9.74_1.01_-4.25_-16.25_41.44_0.7996_0.5985_0.0396_0.0295end-1.00_7.95_-3.54_67.70_-9.74_1.01_-4.25_-16.25_41.44_0.8014_0.5961_0.0394_0.0295end-1.58_7.88_-5.79_67.70_-9.74_1.01_-3.87_-14.50_42.38_0.8014_0.5961_0.0394_0.02,24.18774528,120.73574774,378.9365234375
1380,95end-1.76_7.88_-6.40_64.46_-0.56_3.13_-3.87_-14.50_42.38_0.8014_0.5961_0.0394_0.0295end-1.80_7.50_-6.79_64.46_-0.56_3.13_-4.56_-13.88_42.38_0.8080_0.5872_0.0389_0.0292end,24.18774528,120.73574774,378.9365234375
1381,,24.18774528,120.73574774,378.9365234375
1382,-1.02_7.93_-10.47_64.46_-0.56_3.13_-4.56_-13.88_42.38_0.8095_0.5851_0.0382_0.0286end-0.52_8.61_-11.34_61.21_-42.86_3.80_-4.56_-13.88_42.38_0.8095_0.5851_0.0382_0.0286end0.25_8.13_-4.37_66.58_-57.74_5.04_-4.56_-13.88_42.38_0.8095_0.5851_0.0382_0.0286end0.25_8.13_-4.37_64.91_-66.25_4.59_-3.06_-11.75_43.75_0.8095_0.5851_0.0382_0.0286end0.25_8.13_-4.37_61.21_-69.16_3.47_-3.06_-11.75_43.75_0.8179_0.5743_0.0283_0.0212end0.13_8.22_-5.64_61.21_-69.16_3.47_-3.44_-11.75_42.44_0.8179_0.5743_0.0283_0.0212end0.13_8.22_-5.64_60.32_-66.36_2.57_-3.44_-11.75_42.44_0.8210_0.5702_0.0236_0.0180end0.84_8.03_-7.17_60.32_-66.36_2.57_-3.44_-11.75_42.44_0.8224_0.5682_0.0214_0.0165end0.49_8.09_-8.10_56.74_-56.74_3.47_-3.44_-11.75_42.44_0.8239_0.5662_0.0194_0.0150end0.49_8.09_-8.10_56.74_-56.74_3.47_-3.06_-11.75_41.56_0.8267_0.5623_0.0159_0.0124end,24.18774528,120.73574774,378.9365234375
1383,,24.18774528,120.73574774,378.9365234375
1384,,24.18774528,120.73574774,378.9365234375
1385,0.08_8.21_-8.11_56.74_-56.74_3.47_-3.06_-11.75_41.56_0.8267_0.5623_0.0159_0.0124end0.10_8.27_-8.00_54.61_-35.59_1.23_-3.06_-11.75_41.56_0.8267_0.5623_0.0159_0.0124end0.39_8.25_-7.90_53.83_-34.02_0.78_-3.06_-11.75_41.56_0.8267_0.5623_0.0159_0.0124end0.84_8.31_-7.93_53.83_-34.02_0.78_-0.56_-10.69_42.88_0.8334_0.5525_0.0093_0.0079end0.70_8.27_-8.02_53.83_-34.02_0.78_-0.56_-10.69_42.88_0.8347_0.5507_0.0082_0.0073end1.64_8.24_-7.79_53.83_-34.02_0.78_-1.56_-8.94_42.44_0.8358_0.5490_0.0072_0.0067end1.59_8.23_-7.73_47.67_-19.02_-1.23_-1.56_-8.94_42.44_0.8381_0.5454_0.0057_0.0059end1.92_8.23_-7.57_46.33_-2.35_-2.35_-1.56_-8.94_42.44_0.8392_0.5437_0.0054_0.0059end2.12_8.27_-7.07_46.33_-2.35_-2.35_-1.19_-8.19_43.81_0.8404_0.5419_0.0054_0.0060end2.21_8.30_-6.82_46.33_-2.35_-2.35_-0.81_-7.19_43.81_0.8414_0.5403_0.0056_0.0063end,24.18774528,120.73574774,378.9365234375
1386,,24.18774528,120.73574774,378.9365234375
1387,2.13_8.29_-6.61_44.65_18.91_-4.03_-0.81_-7.19_43.81_0.8414_0.5403_0.0056_0.0063end2.13_8.29_-6.61_44.65_18.91_-4.03_-0.81_-7.19_43.81_0.8436_0.5370_0.0067_0.0074end2.13_8.29_-6.61_44.65_18.91_-4.03_-0.81_-7.19_43.81_0.8455_0.5338_0.0081_0.0089end1.37_8.20_-6.75_44.65_18.91_-4.03_-0.81_-7.19_43.81_0.8455_0.5338_0.0081_0.0089end1.75_8.41_-6.08_40.62_30.10_-6.49_-0.81_-7.19_43.81_0.8483_0.5292_0.0107_0.0115end1.42_8.20_-5.77_40.62_30.10_-6.49_-1.56_-7.56_43.81_0.8492_0.5277_0.0115_0.0125end1.44_8.29_-5.90_40.62_30.10_-6.49_-1.56_-7.56_43.81_0.8502_0.5262_0.0122_0.0133end1.30_8.27_-5.54_40.62_30.10_-6.49_-1.56_-7.56_43.81_0.8520_0.5232_0.0131_0.0147end1.20_8.26_-5.37_39.17_12.09_-7.72_-1.56_-6.12_44.25_0.8528_0.5217_0.0134_0.0153end0.98_8.26_-5.00_39.17_12.09_-7.72_-1.56_-6.12_44.25_0.8528_0.5217_0.0134_0.0153end,24.18774528,120.73574774,378.9365234375
1388,,24.18774528,120.73574774,378.9365234375
1389,,24.18774528,120.73574774,378.9365234375
1390,,24.18774528,120.73574774,378.9365234375
1391,,24.18774528,120.73574774,378.9365234375
1392,0.76_8.32_-4.84_39.17_12.09_-7.72_-1.56_-6.12_44.25_0.8547_0.5188_0.0136_0.0163end0.79_8.21_-4.89_38.27_-1.45_-8.28_-1.56_-6.12_44.25_0.8555_0.5173_0.0134_0.0166end0.79_8.21_-4.89_38.27_-1.45_-8.28_-1.56_-6.12_44.25_0.8572_0.5145_0.0129_0.0173end0.73_8.18_-4.86_38.27_-1.45_-8.28_-1.56_-5.44_43.87_0.8572_0.5145_0.0129_0.0173end0.,24.18774528,120.73574774,378.9365234375
1393,73_8.18_-4.86_37.38_0.67_-9.18_-1.56_-5.44_43.87_0.8581_0.5131_0.0126_0.0176end0.73_8.18_-4.86_37.82_2.01_-9.29_-1.56_-5.44_43.87_0.8597_0.5102_0.0124_0.0185end0.73_8.18_-4.86_38.83_8.39_-9.85_-1.56_-5.44_43.87_0.8606_0.5088_0.0123_0.0190end0.73_8.18_-4.86_38.94_16.56_-9.85_-1.56_-5.44_43.87_0.8606_0.5088_0.0123_0.0190end0.73_8.18_-4.86_38.94_16.56_-9.85_-1.56_-5.44_43.87_0.8623_0.5058_0.0128_0.0203end0.68_8.09_-4.01_38.94_16.56_-9.85_-2.62_-4.44_43.87_0.8623_0.5058_0.0128_0.0203end0.25_7.96_-3.42_38.94_16.56_-9.85_-1.50_-3.00_43.94_0.8623_0.5058_0.0128_0.0203end0.25_7.96_-3.42_38.94_16.56_-9.85_-1.50_-3.00_43.94_0.8666_0.4982_0.0154_0.0245end0.22_7.93_-3.38_38.94_16.56_-9.85_-1.50_-3.00_43.94_0.8674_0.4967_0.0160_0.0254end0.23_7.87_-3.11_38.94_16.56_-9.85_-1.50_-3.00_43.94_0.8683_0.4951_0.0165_0.0262end0.10_7.86_-3.01_42.19_12.87_-9.96_-1.50_-3.00_43.94_0.8683_0.4951_0.0165_0.0262end0.10_7.86_-3.01_42.19_12.87_-9.96_-1.50_-3.00_43.94_0.8710_0.4902_0.0175_0.0284end-0.10_7.73_-2.55_42.19_12.87_-9.96_-1.50_-3.00_43.94_0.8719_0.4885_0.0174_0.0289end-0.05_7.70_-2.53_44.09_-4.25_-8.95_-1.50_-3.00_43.94_0.8719_0.4885_0.0174_0.0289end-0.05_7.70_-2.53_45.32_-16.79_-8.73_-1.50_-3.00_43.94_0.8748_0.4834_0.0157_0.0295end-0.31_7.62_-2.36_45.32_-16.79_-8.73_-1.50_-3.00_43.94_0.8757_0.4817_0.0148_0.0295end,24.18774528,120.73574774,378.9365234375
1394,-0.43_7.59_-2.42_45.32_-16.79_-8.73_-3.37_-1.62_44.81_0.8757_0.4817_0.0148_0.0295end-0.43_7.59_-2.42_46.44_-35.81_-8.84_-1.50_-0.25_45.25_0.8757_0.4817_0.0148_0.0295end-0.40_7.46_-2.80_46.44_-35.81_-8.84_-1.87_-0.62_44.81_0.8787_0.4764_0.0103_0.0285end-0.40_7.46_-2.80_47.45_-48.01_-9.29_-1.87_-0.62_44.81_0.8807_0.4729_0.0060_0.0273end-0.20_7.27_-3.12_47.45_-48.01_-9.29_-1.87_-0.62_44.81_0.8807_0.4729_0.0060_0.0273end-0.13_7.19_-3.20_49.69_-62.22_-9.62_-1.87_0.81_44.38_0.8807_0.4729_0.0060_0.0273end-0.13_7.19_-3.20_49.69_-62.22_-9.62_-1.87_0.81_44.38_0.8847_0.4655_-0.0044_0.0237end0.05_7.18_-3.58_51.03_-69.16_-11.19_-1.87_0.81_44.38_0.8857_0.4636_-0.007,24.18774528,120.73574774,378.9365234375
1395,3_0.0228end0.28_7.11_-4.20_51.03_-69.16_-11.19_-1.50_1.50_44.00_0.8857_0.4636_-0.0073_0.0228end0.29_7.00_-4.56_51.03_-69.16_-11.19_-0.44_1.87_43.13_0.8857_0.4636_-0.0073_0.0228end,24.18774528,120.73574774,378.9365234375
1396,,24.18774528,120.73574774,378.9365234375
1397,0.32_6.98_-4.90_51.03_-69.16_-11.19_-0.44_1.87_43.13_0.8897_0.4557_-0.0193_0.0188end0.30_6.92_-5.77_51.03_-69.16_-11.19_-0.75_2.19_43.50_0.8906_0.4538_-0.0221_0.0179end0.31_6.82_-6.41_51.03_-69.16_-11.19_-0.75_2.19_43.50_0.8916_0.4518_-0.0249_0.0172end0.25_6.71_-6.59_51.48_-52.48_-14.55_-0.75_2.19_43.50_0.8916_0.4518_-0.0249_0.0172end0.23_6.70_-6.64_51.48_-52.48_-14.55_-0.75_2.19_43.50_0.8935_0.4479_-0.0295_0.0161end0.23_6.70_-6.64_52.93_-37.82_-15.67_-0.75_2.19_43.50_0.8945_0.4457_-0.0316_0.0159end0.23_6.70_-6.64_53.83_-30.33_-15.89_-0.06_3.94_44.06_0.8945_0.4457_-0.0316_0.0159end0.23_6.70_-6.64_54.61_-23.05_-16.00_-0.06_3.94_44.06_0.8974_0.4395_-0.0357_0.0159end-0.33_11.93_-5.28_54.61_-23.05_-16.00_-0.06_4.62_42.31_0.8974_0.4395_-0.0357_0.0159end-0.33_11.93_-5.28_57.86_4.36_-16.11_-0.06_4.62_42.31_0.8995_0.4349_-0.0372_0.0166end,24.18774528,120.73574774,378.9365234375
1398,,24.18774528,120.73574774,378.9365234375
1399,,24.18774528,120.73574774,378.9365234375
1400,,24.18774528,120.73574774,378.9365234375
1401,-0.33_11.93_-5.28_55.95_7.39_-15.44_-0.06_4.62_42.31_0.9017_0.4303_-0.0375_0.0178end-1.51_6.59_-4.11_55.95_7.39_-15.44_-0.06_4.62_42.31_0.9028_0.4281_-0.0375_0.0186end-2.19_6.48_-4.03_55.95_7.39_-15.44_-0.37_6.31_43.63_0.9049_0.4235_-0.0372_0.0200end-2.55_6.56_-4.56_55.95_7.39_-15.44_-0.37_6.31_43.63_0.9059_0.4213_-0.0369_0.0208end-3.06_6.55_-6.20_55.95_7.39_-15.44_-0.37_6.31_43.63_0.9070_0.4191_-0.0368_0.0215end-2.87_6.44_-7.00_55.95_7.39_-15.44_-3.25_7.31_42.31_0.9080_0.4169_-0.0368_0.0222end-2.57_8.08_-7.90_53.83_-1.68_-14.44_-3.25_7.31_42.31_0.9080_0.4169_-0.0368_0.0222end-2.57_8.08_-7.90_53.83_-1.68_-14.44_-3.25_7.31_41.44_0.9080_0.4169_-0.0368_0.0222end-2.09_25.52_-13.02_53.83_-1.68_-14.44_-3.25_7.31_41.44_0.9108_0.4103_-0.0383_0.0234end-2.30_28.61_-11.80_49.13_-13.88_-15.55_-3.25_7.31_41.44_0.9108_0.4103_-0.0383_0.0234end,24.18774528,120.73574774,378.9365234375
1402,,24.18774528,120.73574774,378.9365234375
1403,-2.30_28.61_-11.80_40.62_-14.66_-15.55_-5.12_6.56_40.12_0.9108_0.4103_-0.0383_0.0234end-2.30_28.61_-11.80_40.62_-14.66_-15.55_-5.12_6.56_40.12_0.9146_0.4012_-0.0428_0.0249end0.61_33.99_-13.45_40.62_-14.66_-15.55_-5.12_6.56_40.12_0.9146_0.4012_-0.0428_0.0249end0.09_33.60_-12.23_40.62_-14.66_-15.55_-5.12_6.56_40.12_0.9155_0.3989_-0.0466_0.0242end0.09_33.60_-12.23_40.62_-14.66_-15.55_-0.75_3.81_35.69_0.9160_0.3971_-0.0522_0.0225end-0.64_31.59_-10.30_40.62_-14.66_-15.55_-0.75_3.81_35.69_0.9161_0.3964_-0.0547_0.0217end0.45_29.58_-8.98_40.62_-14.66_-15.55_-0.75_3.81_35.69_0.9163_0.3959_-0.0568_0.0213end0.61_28.82_-8.00_8.50_-18.02_-11.86_-0.75_3.81_35.69_0.9,24.18774528,120.73574774,378.9365234375
1404,163_0.3959_-0.0568_0.0213end1.07_27.93_-7.29_5.60_-4.25_-11.97_-0.75_3.81_35.69_0.9165_0.3951_-0.0589_0.0220end0.23_26.31_-6.83_5.60_-4.25_-11.97_-0.75_3.81_35.69_0.9166_0.3949_-0.0589_0.0225end,24.18774528,120.73574774,378.9365234375
1405,,24.18774528,120.73574774,378.9365234375
1406,0.00_24.28_-5.94_5.60_-4.25_-11.97_5.44_3.56_37.94_0.9166_0.3949_-0.0589_0.0225end-0.07_23.15_-5.82_-0.78_13.20_-12.53_5.44_3.56_37.94_0.9166_0.3949_-0.0589_0.0225end0.05_21.05_-4.62_-0.78_13.20_-12.53_6.12_3.94_39.25_0.9166_0.3947_-0.0581_0.0245end-0.13_20.08_-4.20_-1.23_11.41_-11.86_6.12_3.94_39.25_0.9166_0.3948_-0.0576_0.0258end-0.38_18.52_-4.24_-1.23_11.41_-11.86_6.12_3.94_39.25_0.9166_0.3948_-0.0574_0.0265end-0.69_17.51_-4.62_-6.27_12.65_-10.74_6.12_3.94_39.25_0.9166_0.3948_-0.0574_0.0265end-1.01_17.02_-5.28_-6.27_12.65_-10.74_6.12_3.94_39.25_0.9166_0.3948_-0.0574_0.0265end-0.84_16.02_-5.49_-6.27_12.65_-10.74_6.12_3.94_39.25_0.9162_0.3959_-0.0549_,24.18774528,120.73574774,378.9365234375
1407,,24.18774528,120.73574774,378.9365234375
1408,,24.18774528,120.73574774,378.9365234375
1409,,24.18774528,120.73574774,378.9365234375
1410,0.0297end-0.96_15.67_-5.66_-6.27_12.65_-10.74_6.12_3.94_39.25_0.9160_0.3963_-0.0537_0.0307end-1.16_14.78_-5.52_-6.27_12.65_-10.74_6.12_3.94_39.25_0.9158_0.3969_-0.0522_0.0319end-0.87_14.55_-6.29_-21.15_49.80_-9.18_6.12_3.94_39.25_0.9158_0.3969_-0.0522_0.0319end-1.50_14.03_-9.10_-21.15_49.80_-9.18_6.12_3.94_39.25_0.9153_0.3984_-0.0485_0.0344end-1.50_14.03_-9.10_-25.85_57.74_-7.05_5.44_2.94_42.69_0.9150_0.3992_-0.0466_0.0356end-1.13_13.35_-8.31_-25.85_57.74_-7.05_5.44_2.94_42.69_0.9142_0.4011_-0.0421_0.0383end-1.02_13.36_-7.57_-34.13_64.01_-7.83_5.44_2.94_42.69_0.9142_0.4011_-0.0421_0.0383end-1.02_13.36_-7.57_-34.13_64.01_-7.83_3.62_3.62_43.19_0.9133_0.4036_-0.0372_0.0412end-0.60_13.00_-9.05_-34.13_64.01_-7.83_3.62_3.62_43.19_0.9119_0.4068_-0.0322_0.0441end-0.55_12.75_-9.71_-34.13_64.01_-7.83_1.06_4.62_41.37_0.9111_0.4087_-0.02,24.18774528,120.73574774,378.9365234375
1411,98_0.0455end-0.97_11.99_-10.16_-34.13_64.01_-7.83_1.06_4.62_41.37_0.9111_0.4087_-0.0298_0.0455end-1.03_11.70_-10.14_-34.13_64.01_-7.83_1.75_3.62_43.56_0.9111_0.4087_-0.0298_0.0455end-1.03_11.70_-10.14_-72.07_68.37_-6.49_0.69_2.56_44.00_0.9080_0.4154_-0.0220_0.0499end-1.11_11.09_-9.54_-72.07_68.37_-6.49_0.69_2.56_44.00_0.9055_0.4208_-0.0165_0.0530end-0.89_9.87_-9.29_-72.07_68.37_-6.49_0.69_2.56_44.00_0.9055_0.4208_-0.0165_0.0530end-0.95_9.41_-9.36_-90.98_60.99_-5.26_0.69_2.56_44.00_0.9055_0.4208_-0.0165_0.0530end-1.13_8.47_-9.44_-90.98_60.99_-5.26_0.69_2.56_44.00_0.9009_0.4302_-0.0087_0.0574end-1.13_8.47_-9.44_-95.57_61.55_-5.60_0.69_2.56_44.00_0.8972_0.4374_-0.0035_0.0602end-0.88_7.65_-9.16_-95.57_61.55_-5.60_0.69_2.56_44.00_0.8953_0.4412_-0.0009_0.0616end-0.59_6.54_-8.45_-109.11_62.33_-5.82_0.69_2.56_44.00_0.8931_0.4453_0.0018_0.0631end-0.59_6.54_-8.45_-109.11_62.33_-5.82_-1.12_0.81_44.00_0.8931_0.4453_0.0018_0.0631end-0.59_6.54_-8.45_-121.64_59.09_-6.27_-1.12_0.81_44.00_0.8863_0.4581_0.0094_0.0672end,24.18774528,120.73574774,378.9365234375
1412,,24.18774528,120.73574774,378.9365234375
1413,-0.50_4.88_-7.73_-121.64_59.09_-6.27_-1.12_0.81_44.00_0.8863_0.4581_0.0094_0.0672end-0.52_4.57_-7.41_-129.03_59.98_-7.50_-1.12_0.81_44.00_0.8863_0.4581_0.0094_0.0672end-0.48_4.28_-7.20_-129.03_59.98_-7.50_-3.75_-1.62_43.06_0.8863_0.4581_0.0094_0.0672end-0.48_4.28_-7.20_-129.03_59.98_-7.50_-3.75_-1.62_43.06_0.8726_0.4824_0.0220_0.0742end-0.59_3.84_-6.70_-129.03_59.98_-7.50_-3.75_-1.62_43.06_0.8695_0.4875_0.0244_0.0756end-0.61_3.64_-6.62_-129.03_59.98_-7.50_-3.75_-1.62_43.06_0.8663_0.4929_0.0268_0.0769end-0.60_3.31_-6.32_-129.03_59.98_-7.50_-3.75_-1.62_43.06_0.8663_0.4929_0.0268_0.0769end-0.60_3.31_-6.32_-154.88_45.66_-9.96_-3.75_-1.62_43.06_0.8562_0.5093_0.0333_0.0806end-0.63_2.77_-5.98_-154.88_45.66_-9.96_-7.06_-5.19_42.94_0.8525_0.5151_0.0353_0.0817end-0.63_2.62_-5.94_-160.81_38.38_-9.85_-7.06_-5.19_42.94_0.8488_0.5209_0.0371_0.0827end,24.18774528,120.73574774,378.9365234375
1414,,24.18774528,120.73574774,378.9365234375
1415,-0.63_2.62_-5.94_-163.38_35.03_-9.96_-7.06_-5.19_42.94_0.8450_0.5267_0.0388_0.0836end-0.63_2.62_-5.94_-166.18_31.45_-10.07_-6.31_-7.25_43.31_0.8450_0.5267_0.0388_0.0836end-0.63_2.62_-5.94_-166.18_31.45_-10.07_-6.31_-7.25_43.31_0.8330_0.5448_0.0432_0.0859end-1.04_1.74_-4.84_-166.18_31.45_-10.07_-6.75_-8.25_43.31_0.8330_0.5448_0.0432_0.0859end-1.04_1.74_-4.84_-176.48_9.85_-8.73_-6.75_-8.25_43.31_0.8289_0.5510_0.0443_0.0863end-1.18_1.39_-5.02_-176.48_9.85_-8.73_-6.75_-8.25_43.31_0.8245_0.5574_0.0452_0.0866end-1.18_1.39_-5.02_-176.48_9.85_-8.73_-6.06_-12.50_41.06_0.8157_0.5701_0.0465_0.0867end-1.18_1.39_-5.02_-176.48_9.85_-8.73_-6.06_-12.50_41.06_0.8063_0.,24.18774528,120.73574774,378.9365234375
1416,5833_0.0474_0.0864end-1.43_1.12_-4.94_-176.48_9.85_-8.73_-6.06_-12.50_41.06_0.8015_0.5898_0.0478_0.0861end-1.50_1.16_-4.78_-191.02_-4.48_-4.92_-6.06_-12.50_41.06_0.8015_0.5898_0.0478_0.0861end,24.18774528,120.73574774,378.9365234375
1417,-1.50_1.16_-4.78_-191.02_-4.48_-4.92_-7.12_-14.87_41.44_0.7864_0.6099_0.0493_0.0850end-1.62_1.40_-4.22_-191.02_-4.48_-4.92_-7.12_-14.87_41.44_0.7812_0.6166_0.0499_0.0847end-1.62_1.40_-4.22_-199.42_2.35_-1.45_-7.12_-14.87_41.44_0.7756_0.6235_0.0507_0.0843end-1.62_1.62_-3.33_-199.42_2.35_-1.45_-7.19_-16.62_41.00_0.7756_0.6235_0.0507_0.0843end-1.62_1.67_-2.71_-202.10_4.59_0.11_-7.19_-16.62_41.00_0.7646_0.6368_0.0523_0.0836end-1.62_1.67_-2.71_-202.10_4.59_0.11_-7.19_-16.62_41.00_0.7589_0.6437_0.0533_0.0833end-1.62_1.67_-2.71_-204.12_6.15_1.90_-7.19_-19.50_39.19_0.7532_0.6503_0.0543_0.0829end-1.62_1.67_-2.71_-204.90_5.93_2.57_-7.19_-19.50_39.19_0.7415_0.663,24.18774528,120.73574774,378.9365234375
1418,5_0.0562_0.0821end-1.08_2.13_-1.41_-204.90_5.93_2.57_-7.19_-19.50_39.19_0.7415_0.6635_0.0562_0.0821end-1.08_2.13_-1.41_-204.90_5.93_2.57_-7.62_-23.31_37.81_0.7234_0.6833_0.0586_0.0800end,24.187801,120.73574153,380.531982421875
1419,,24.187801,120.73574153,380.531982421875
1420,-0.65_2.70_-1.09_-204.90_5.93_2.57_-7.62_-23.31_37.81_0.7170_0.6901_0.0591_0.0789end-0.55_3.09_-0.67_-207.36_-23.72_6.49_-7.25_-24.69_36.94_0.7170_0.6901_0.0591_0.0789end-0.55_3.09_-0.67_-207.14_-31.11_7.61_-7.25_-24.69_36.94_0.7170_0.6901_0.0591_0.0789end-0.55_3.09_-0.67_-207.14_-31.11_7.61_-7.25_-24.69_36.94_0.6985_0.7093_0.0593_0.0741end-0.55_3.09_-0.67_-206.58_-47.56_10.18_-7.25_-24.69_36.94_0.6857_0.7221_0.0586_0.0698end-0.20_4.21_0.17_-206.58_-47.56_10.18_-6.56_-26.81_33.88_0.6857_0.7221_0.0586_0.0698end-0.20_4.21_0.17_-205.35_-50.36_11.08_-6.56_-26.81_33.88_0.6729_0.7346_0.0575_0.0648end-0.20_4.21_0.17_-201.99_-52.71_12.76_-6.19_-27.50_33.38_0.6,24.187801,120.73574153,380.531982421875
1421,729_0.7346_0.0575_0.0648end-0.20_4.21_0.17_-200.42_-51.36_13.65_-5.87_-30.31_33.81_0.6537_0.7525_0.0559_0.0571end0.66_4.89_2.00_-200.42_-51.36_13.65_-5.87_-30.31_33.81_0.6474_0.7581_0.0555_0.0546end,24.187801,120.73574153,380.531982421875
1422,,24.187801,120.73574153,380.531982421875
1423,,24.187801,120.73574153,380.531982421875
1424,-0.01_5.12_2.52_-200.42_-51.36_13.65_-5.87_-30.31_33.81_0.6411_0.7637_0.0551_0.0519end0.36_5.17_1.80_-197.74_-57.63_21.04_-4.75_-30.69_30.25_0.6411_0.7637_0.0551_0.0519end0.36_5.17_1.80_-195.16_-54.61_21.60_-4.75_-30.69_30.25_0.6281_0.7749_0.0542_0.0460end0.36_5.17_1.80_-192.03_-52.04_21.37_-4.44_-33.44_29.81_0.6281_0.7749_0.0542_0.0460end0.36_5.17_1.80_-187.67_-50.47_22.16_-4.44_-33.44_29.81_0.6089_0.7905_0.0533_0.0376end0.73_5.61_2.28_-187.67_-50.47_22.16_-5.56_-33.44_28.94_0.6089_0.7905_0.0533_0.0376end0.73_5.61_2.28_-185.99_-58.53_24.51_-5.56_-33.44_28.94_0.5964_0.8004_0.0527_0.0318end0.41_6.34_2.91_-183.86_-60.76_24.17_-5.56_-33.44_28.94_0.5837_0.,24.187801,120.73574153,380.531982421875
1425,,24.187801,120.73574153,380.531982421875
1426,8099_0.0518_0.0255end0.75_6.56_3.07_-183.86_-60.76_24.17_-5.56_-33.44_28.94_0.5776_0.8145_0.0513_0.0224end0.75_6.56_3.07_-173.57_-57.18_24.40_-4.50_-36.00_24.94_0.5715_0.8188_0.0509_0.0193end1.13_6.10_4.05_-173.57_-57.18_24.40_-4.50_-36.00_24.94_0.5593_0.8273_0.0502_0.0132end0.76_5.78_4.57_-173.57_-57.18_24.40_-4.50_-36.00_24.94_0.5535_0.8313_0.0499_0.0101end0.72_5.55_4.23_-173.57_-57.18_24.40_-4.12_-37.75_22.69_0.5474_0.8353_0.0497_0.0071end0.62_5.33_4.43_-173.57_-57.18_24.40_-4.12_-37.75_22.69_0.5417_0.8391_0.0496_0.0044end0.69_5.04_4.43_-154.99_-42.19_26.75_-4.12_-37.75_22.69_0.5417_0.8391_0.0496_0.0044end0.69_5.04_4.43_-148.39_-41.74_27.31_-3.81_-38.50_21.37_0.5417_0.8391_0.0496_0.0044end1.26_4.90_4.21_-148.39_-41.74_27.31_-3.81_-38.50_21.37_0.5197_0.8529_0.0496_-0.0057end1.26_4.90_4.21_-148.39_-41.74_27.31_-3.81_-38.50_21.37_0.5197_0.,24.187801,120.73574153,380.531982421875
1427,8529_0.0496_-0.0057end1.26_4.90_4.21_-141.11_-46.55_28.09_-3.44_-39.81_19.56_0.5092_0.8591_0.0495_-0.0112end2.73_6.57_0.49_-137.31_-53.04_26.86_-3.44_-39.81_19.56_0.5092_0.8591_0.0495_-0.0112end,24.187801,120.73574153,380.531982421875
1428,,24.187801,120.73574153,380.531982421875
1429,1.20_4.70_2.05_-137.31_-53.04_26.86_-4.56_-40.19_18.31_0.4991_0.8649_0.0491_-0.0168end1.41_7.13_2.44_-127.68_-58.30_26.63_-4.56_-40.19_18.31_0.4894_0.8704_0.0482_-0.0231end3.37_7.07_2.24_-127.68_-58.30_26.63_-4.56_-40.19_18.31_0.4847_0.8729_0.0474_-0.0272end2.83_7.62_2.05_-127.68_-58.30_26.63_-4.56_-40.19_18.31_0.4847_0.8729_0.0474_-0.0272end2.70_7.58_2.27_-127.68_-58.30_26.63_-4.19_-40.63_16.12_0.4714_0.8799_0.0431_-0.0422end2.84_7.40_1.91_-127.68_-58.30_26.63_-4.19_-40.63_16.12_0.4672_0.8819_0.0415_-0.0474end2.99_7.11_2.12_-127.68_-58.30_26.63_-4.19_-40.63_16.12_0.4672_0.8819_0.0415_-0.0474end2.99_7.11_2.12_-105.64_-91.99_25.07_-4.19_-40.94_14.75_0.4672_0.8819_0.0415_-0.0474end2.99_7.11_2.12_-105.64_-91.99_25.07_-4.19_-40.94_14.75_0.4550_0.8876_0.0378_-0.0608end2.99_7.11_2.12_-96.80_-42.64_22.38_-4.19_-40.94_14.75_0.4510_0.8894_0.0372_-0.0640end,24.187801,120.73574153,380.531982421875
1430,2.99_7.11_2.12_-96.80_-42.64_22.38_-4.19_-42.38_14.31_0.4471_0.8912_0.0368_-0.0667end2.99_7.11_2.12_-90.08_-20.25_19.58_-4.19_-42.38_14.31_0.4399_0.8945_0.0367_-0.0701end2.99_7.11_2.12_-90.08_-20.25_19.58_-4.19_-42.38_14.31_0.4330_0.8977_0.0369_-0.0726end1.77_5.71_3.82_-90.08_-20.25_19.58_-4.19_-42.38_14.31_0.4299_0.8991_0.0369_-0.0740end1.66_6.38_4.49_-90.08_-20.25_19.58_-3.87_-43.44_13.44_0.4299_0.8991_0.0369_-0.0740end1.71_6.89_4.72_-68.71_-51.14_15.89_-3.87_-43.44_13.44_0.4299_0.8991_0.0369_-0.0740end1.71_6.89_4.72_-68.71_-51.14_15.89_-3.87_-43.44_13.44_0.4214_0.9026_0.0355_-0.0807end2.43_8.37_4.66_-59.98_-74.08_14.66_-3.87_-43.44_13.44_0.4214_0.90,24.187801,120.73574153,380.531982421875
1431,26_0.0355_-0.0807end2.48_8.54_4.23_-51.59_-87.29_13.09_-3.87_-43.44_13.44_0.4214_0.9026_0.0355_-0.0807end2.76_8.43_3.59_-47.34_-86.62_11.86_-3.87_-43.44_13.44_0.4214_0.9026_0.0355_-0.0807end,24.187801,120.73574153,380.531982421875
1432,,24.187801,120.73574153,380.531982421875
1433,2.76_8.43_3.59_-39.06_-68.82_9.18_-3.87_-43.44_13.44_0.4093_0.9063_0.0287_-0.1014end2.20_8.55_2.37_-39.06_-68.82_9.18_-3.50_-42.44_11.25_0.4078_0.9067_0.0278_-0.1041end1.75_8.58_3.01_-39.06_-68.82_9.18_-3.50_-42.44_11.25_0.4078_0.9067_0.0278_-0.1041end1.75_8.58_3.01_-27.98_-13.99_4.14_-3.87_-43.87_9.00_0.4078_0.9067_0.0278_-0.1041end1.75_8.58_3.01_-27.98_-13.99_4.14_-3.87_-43.87_9.00_0.4033_0.9084_0.0270_-0.1067end1.37_7.84_3.39_-27.98_-13.99_4.14_-3.87_-43.87_9.00_0.4033_0.9084_0.0270_-0.1067end0.58_7.54_4.53_-27.98_-13.99_4.14_-3.87_-43.87_9.00_0.4024_0.9090_0.0276_-0.1052end0.58_7.54_4.53_-27.98_-13.99_4.14_-3.87_-43.87_9.00_0.4009_0.9105_0.0310_-0.0968end0.49_7.95_5.13_-27.98_-13.99_4.14_-3.87_-43.87_9.00_0.4008_0.9108_0.0323_-0.0934end0.59_8.33_5.20_-27.98_-13.99_4.14_-3.87_-43.87_9.00_0.4008_0.9108_0.0323_-0.0934end,24.187801,120.73574153,380.531982421875
1434,,24.187801,120.73574153,380.531982421875
1435,,24.187801,120.73574153,380.531982421875
1436,0.55_8.41_5.05_11.19_61.66_-4.92_-3.87_-43.87_9.00_0.4008_0.9108_0.0323_-0.0934end0.55_8.41_5.05_11.19_61.66_-4.92_-3.87_-43.87_9.00_0.4020_0.9111_0.0359_-0.0837end0.73_9.23_4.53_11.19_61.66_-4.92_-3.87_-43.87_9.00_0.4029_0.9108_0.0363_-0.0826end0.88_10.25_4.26_11.19_61.66_-4.92_-3.87_-43.87_9.00_0.4029_0.9108_0.0363_-0.0826end1.05_10.87_3.45_11.19_61.66_-4.92_-3.87_-43.87_9.00_0.4052_0.9099_0.0363_-0.0816end1.05_10.87_3.45_41.74_-2.69_-7.27_-3.87_-43.13_10.38_0.4066_0.9092_0.0362_-0.0815end1.05_10.87_3.45_46.78_2.13_-7.95_-3.87_-43.13_10.38_0.4100_0.9078_0.0359_-0.0813end1.13_10.80_3.14_46.78_2.13_-7.95_-3.87_-43.13_10.38_0.4119_0.9069_0.0358_-0.0808end1.25_10.30_3.81_46.78_2.13_-7.95_-3.87_-43.13_10.75_0.4119_0.9069_0.0358_-0.0808end1.28_10.03_4.28_59.42_43.31_-10.85_-3.87_-43.13_10.75_0.4185_0.9043_0.0371_-0.0758end,24.187801,120.73574153,380.531982421875
1437,,24.187801,120.73574153,380.531982421875
1438,,24.187801,120.73574153,380.531982421875
1439,,24.187801,120.73574153,380.531982421875
1440,1.19_9.68_4.66_59.42_43.31_-10.85_-3.87_-43.13_10.75_0.4209_0.9034_0.0381_-0.0729end0.98_9.66_4.70_59.42_43.31_-10.85_-3.87_-42.75_11.69_0.4209_0.9034_0.0381_-0.0729end0.70_9.86_4.35_59.42_43.31_-10.85_-3.87_-42.75_11.69_0.4263_0.9013_0.0407_-0.0656end0.58_10.29_3.91_79.79_85.83_-12.20_-3.87_-42.75_11.69_0.4263_0.9013_0.0407_-0.0656end0.58_10.29_3.91_79.79_85.83_-12.20_-3.87_-42.75_11.69_0.4355_0.8974_0.0445_-0.0549end0.61_10.63_3.55_92.21_59.31_-11.41_-4.56_-42.00_14.31_0.4389_0.8959_0.0455_-0.0521end0.68_11.16_3.26_92.21_59.31_-11.41_-4.56_-42.00_14.31_0.4389_0.8959_0.0455_-0.0521end0.68_11.41_3.09_92.21_59.31_-11.41_-4.56_-42.00_14.31_0.4460_0.8925_,24.187801,120.73574153,380.531982421875
1441,0.0469_-0.0474end0.77_11.89_2.62_92.21_59.31_-11.41_-4.56_-42.00_14.31_0.4500_0.8906_0.0475_-0.0453end0.84_12.07_2.45_103.18_35.70_-11.75_-4.56_-42.00_14.31_0.4578_0.8868_0.0485_-0.0417end0.91_12.20_2.34_103.18_35.70_-11.75_-4.56_-42.00_14.31_0.4619_0.8846_0.0488_-0.0399end0.91_12.20_2.34_103.18_35.70_-11.75_-4.19_-41.63_16.50_0.4619_0.8846_0.0488_-0.0399end1.12_12.49_2.23_103.18_35.70_-11.75_-3.81_-40.56_16.12_0.4619_0.8846_0.0488_-0.0399end1.12_12.49_2.23_115.15_23.72_-12.76_-3.81_-40.56_16.12_0.4745_0.8781_0.0496_-0.0354end-6.56_49.08_-43.90_115.15_23.72_-12.76_-3.81_-40.56_16.12_0.4814_0.8745_0.0492_-0.0341end-6.56_49.08_-43.90_-13.88_39.73_7.27_-3.81_-40.56_16.12_0.4913_0.8690_0.0510_-0.0316end2.46_6.76_53.77_104.07_27.75_-11.64_-3.81_-40.56_16.12_0.4913_0.8690_0.0510_-0.0316end2.46_6.76_53.77_104.07_27.75_-11.64_-3.81_-40.56_16.12,24.187801,120.73574153,380.531982421875
1442,,24.187801,120.73574153,380.531982421875
1443,_0.4925_0.8683_0.0500_-0.0295end1.01_3.35_1.38_104.07_27.75_-11.64_-3.81_-40.56_16.12_0.4926_0.8684_0.0479_-0.0305end7.11_8.54_-6.93_3.47_-70.95_-23.05_-3.81_-40.56_16.12_0.4926_0.8684_0.0479_-0.0305end,24.187801,120.73574153,380.531982421875
1444,-4.18_7.23_7.95_3.47_-70.95_-23.05_-3.81_-40.19_19.19_0.4963_0.8664_0.0407_-0.0377end3.13_7.29_3.05_3.47_-70.95_-23.05_-4.94_-39.94_18.75_0.4988_0.8649_0.0382_-0.0406end1.01_7.58_2.40_3.47_-70.95_-23.05_-4.94_-39.94_18.75_0.4988_0.8649_0.0382_-0.0406end1.61_7.31_6.28_3.47_-70.95_-23.05_-3.44_-39.56_18.69_0.5041_0.8618_0.0342_-0.0457end1.61_7.31_6.28_3.47_-70.95_-23.05_-3.44_-39.56_18.69_0.5095_0.8585_0.0320_-0.0480end2.66_8.82_4.12_3.47_-70.95_-23.05_-3.44_-39.56_18.69_0.5121_0.8569_0.0314_-0.0490end-1.36_7.96_9.14_3.47_-70.95_-23.05_-3.44_-39.56_18.69_0.5145_0.8555_0.0308_-0.0498end-0.27_7.82_7.69_48.79_2.80_-13.88_-3.44_-39.56_18.69_0.5145_0.8555_0.0308_-0.0498end-1.23_7.74_6.08_48.79_2.80_-13.88_-3.44_-39.56_18.69_0.5201_0.8522_0.0298_-0.0475end1.02_7.70_3.12_48.79_2.80_-13.88_-3.44_-39.56_18.69_0.5220_0.8512_0.0299_-0.0453end,24.187801,120.73574153,380.531982421875
1445,,24.187801,120.73574153,380.531982421875
1446,,24.187801,120.73574153,380.531982421875
1447,0.52_7.63_2.40_54.72_37.60_-23.72_-3.44_-39.56_18.69_0.5220_0.8512_0.0299_-0.0453end0.60_7.67_3.37_58.86_27.31_-19.36_-3.44_-39.56_18.69_0.5220_0.8512_0.0299_-0.0453end0.60_7.67_3.37_60.76_3.02_-10.07_-1.94_-39.50_21.75_0.5281_0.8477_0.0300_-0.0402end0.60_7.67_3.37_60.76_3.02_-10.07_-1.94_-39.50_21.75_0.5327_0.8449_0.0296_-0.0393end0.34_8.29_3.87_60.76_3.02_-10.07_-1.94_-39.19_20.94_0.5327_0.8449_0.0296_-0.0393end-1.22_8.21_4.59_59.20_-15.22_-6.71_-1.94_-39.19_20.94_0.5327_0.8449_0.0296_-0.0393end-1.22_8.21_4.59_55.73_8.06_-16.23_-1.94_-39.19_20.94_0.5394_0.8406_0.0282_-0.0400end-0.94_8.08_4.72_55.73_8.06_-16.23_-3.06_-38.13_22.69_0.5435_0.8381_0.0275_,24.187801,120.73574153,380.531982421875
1448,-0.0387end0.54_8.05_4.68_55.73_8.06_-16.23_-3.06_-38.13_22.69_0.5435_0.8381_0.0275_-0.0387end0.54_8.05_4.68_59.31_11.86_-17.90_-3.06_-38.13_22.69_0.5477_0.8354_0.0271_-0.0364end,24.187801,120.73574153,380.531982421875
1449,0.54_8.05_4.68_60.88_3.13_-14.55_-2.69_-37.75_24.06_0.5477_0.8354_0.0271_-0.0364end0.54_8.05_4.68_60.99_-7.50_-10.74_-2.69_-37.75_24.06_0.5522_0.8325_0.0264_-0.0354end0.78_8.17_6.21_60.99_-7.50_-10.74_-2.69_-37.75_24.06_0.5566_0.8296_0.0253_-0.0359end0.41_8.18_6.77_60.99_-7.50_-10.74_-2.69_-37.75_24.06_0.5566_0.8296_0.0253_-0.0359end0.20_8.18_6.87_61.21_-5.93_-10.74_-2.69_-37.75_24.06_0.5566_0.8296_0.0253_-0.0359end0.20_8.18_6.87_61.21_-5.93_-10.74_-2.31_-37.69_24.44_0.5656_0.8235_0.0234_-0.0355end1.11_8.00_6.95_61.21_-5.93_-10.74_-2.31_-37.69_24.44_0.5680_0.8220_0.0231_-0.0347end1.21_8.09_6.74_65.80_3.02_-15.78_-1.94_-37.00_24.94_0.5680_0.8220_0.0231_,24.187801,120.73574153,380.531982421875
1450,-0.0347end1.37_8.07_6.78_67.03_-1.79_-13.43_-2.62_-35.94_26.25_0.5680_0.8220_0.0231_-0.0347end1.37_8.07_6.78_67.70_-5.04_-11.19_-2.62_-35.94_26.25_0.5680_0.8220_0.0231_-0.0347end,24.187801,120.73574153,380.531982421875
1451,1.37_8.07_6.78_68.37_-5.82_-9.40_-2.62_-35.94_26.25_0.5800_0.8137_0.0212_-0.0331end1.37_8.07_6.78_68.37_-5.82_-9.40_-2.25_-35.63_25.37_0.5825_0.8119_0.0211_-0.0327end-0.73_8.02_5.89_68.37_-5.82_-9.40_-2.25_-35.63_25.37_0.5850_0.8101_0.0211_-0.0320end-1.45_8.02_5.32_68.37_-5.82_-9.40_-1.19_-36.25_27.56_0.5875_0.8083_0.0212_-0.0311end-1.54_7.97_4.77_72.29_21.37_-12.53_-1.19_-36.25_27.56_0.5875_0.8083_0.0212_-0.0311end-1.54_7.97_4.77_72.29_21.37_-12.53_-1.19_-36.25_27.56_0.5950_0.8029_0.0217_-0.0278end-1.29_7.92_4.14_72.29_21.37_-12.53_-1.19_-36.25_27.56_0.5950_0.8029_0.0217_-0.0278end-1.33_7.84_3.69_72.29_21.37_-12.53_-1.19_-36.25_27.56_0.6002_0.7991_0.0214_-0.0270end-1.29_7.92_3.52_73.63_-26.86_-5.93_-1.19_-36.25_27.56_0.6002_0.7991_0.0214_-0.0270end-1.29_7.92_3.52_74.08_-53.16_-5.60_-1.19_-36.25_27.56_0.6080_0.7932_0.0184_-0.0298end,24.187801,120.73574153,380.531982421875
1452,,24.187801,120.73574153,380.531982421875
1453,-0.83_7.95_3.30_74.08_-53.16_-5.60_-1.19_-36.25_27.56_0.6107_0.7911_0.0167_-0.0317end-0.22_7.89_2.21_74.08_-53.16_-5.60_-1.19_-36.25_27.56_0.6107_0.7911_0.0167_-0.0317end-0.22_7.89_2.21_74.08_-53.16_-5.60_-1.12_-33.75_29.81_0.6157_0.7870_0.0131_-0.0356end0.56_7.91_1.05_73.30_-62.33_-8.50_-1.12_-33.75_29.81_0.6183_0.7849_0.0111_-0.0375end0.56_7.91_1.05_73.19_-58.08_-8.62_-0.81_-32.75_29.37_0.6183_0.7849_0.0111_-0.0375end0.56_7.91_1.05_73.19_-58.08_-8.62_-0.81_-32.75_29.37_0.6259_0.7787_0.0062_-0.0423end0.74_7.93_0.71_73.19_-58.08_-8.62_-0.81_-32.75_29.37_0.6285_0.7766_0.0050_-0.0435end0.74_7.93_0.71_74.31_-25.18_-8.28_-0.81_-32.75_29.37_0.6310_0.7745_0.0040_-0.0443end0.53_8.06_0.94_74.19_-7.83_-9.85_-0.81_-32.75_29.37_0.6310_0.7745_0.0040_-0.0443end0.52_8.12_1.27_74.19_-7.83_-9.85_-0.81_-32.75_29.37_0.6385_0.7682_0.0025_-0.0447end,24.187801,120.73574153,380.531982421875
1454,,24.187801,120.73574153,380.531982421875
1455,,24.187801,120.73574153,380.531982421875
1456,,24.187801,120.73574153,380.531982421875
1457,0.58_8.13_1.23_74.19_-7.83_-9.85_-0.81_-32.75_29.37_0.6411_0.7662_0.0023_-0.0444end0.59_8.16_1.20_73.52_3.58_-9.96_-0.81_-32.75_29.37_0.6411_0.7662_0.0023_-0.0444end0.57_8.14_1.23_73.52_3.58_-9.96_-0.81_-32.75_29.37_0.6485_0.7600_0.0020_-0.0432end0.54_8.18_1.21_73.52_3.58_-9.96_0.69_-31.31_32.06_0.6509_0.7579_0.0018_-0.0428end0.55_8.21_1.12_73.52_3.58_-9.96_0.69_-31.31_32.06_0.6534_0.7558_0.0017_-0.0425end0.48_8.17_1.05_73.52_3.58_-9.96_0.69_-31.31_32.06_0.6534_0.7558_0.0017_-0.0425end0.54_8.20_0.93_73.52_3.58_-9.96_0.69_-31.31_32.06_0.6606_0.7496_0.0012_-0.0417end0.86_8.14_0.77_73.52_3.58_-9.96_0.69_-31.31_32.06_0.6630_0.7475_0.0010_-0.0414end1.07_8.2,24.187801,120.73574153,380.531982421875
1458,5_0.57_72.07_-1.57_-10.41_0.69_-31.31_32.06_0.6630_0.7475_0.0010_-0.0414end1.18_8.20_0.54_72.96_-1.23_-9.96_0.69_-31.31_32.06_0.6630_0.7475_0.0010_-0.0414end,24.187801,120.73574153,380.531982421875
1459,1.18_8.20_0.54_72.85_0.22_-9.51_0.69_-31.31_32.06_0.6725_0.7390_0.0002_-0.0403end1.07_8.22_0.46_72.85_0.22_-9.51_0.69_-29.19_33.81_0.6749_0.7369_0.0002_-0.0399end0.88_8.29_0.21_72.85_0.22_-9.51_0.69_-29.19_33.81_0.6772_0.7347_0.0004_-0.0392end0.81_8.22_-0.01_72.85_0.22_-9.51_0.31_-27.75_34.75_0.6772_0.7347_0.0004_-0.0392end0.80_8.22_-0.05_71.62_28.31_-10.97_0.31_-27.75_34.75_0.6841_0.7285_0.0018_-0.0359end0.80_8.22_-0.05_71.62_28.31_-10.97_0.69_-28.50_34.25_0.6865_0.7264_0.0027_-0.0344end0.53_8.38_-0.16_71.62_28.31_-10.97_0.31_-27.75_34.75_0.6865_0.7264_0.0027_-0.0344end0.53_8.25_-0.24_71.17_40.73_-10.07_0.31_-27.75_34.75_0.6865_0.7264_0.0027_-0.0344en,24.187801,120.73574153,380.531982421875
1460,d0.53_8.25_-0.24_71.51_44.31_-8.50_0.31_-27.75_34.75_0.6932_0.7200_0.0059_-0.0296end-0.58_8.34_0.05_71.51_44.31_-8.50_0.31_-27.75_34.75_0.6955_0.7180_0.0070_-0.0280end,24.187801,120.73574153,380.531982421875
1461,-0.58_8.34_0.05_70.61_43.98_-7.16_0.31_-27.75_34.75_0.6999_0.7138_0.0095_-0.0247end-1.37_8.32_-0.28_70.28_40.06_-7.16_0.31_-27.75_34.75_0.6999_0.7138_0.0095_-0.0247end-1.37_8.32_-0.28_70.28_40.06_-7.16_0.31_-27.75_34.75_0.7064_0.7074_0.0125_-0.0206end-1.87_8.33_-0.94_70.28_40.06_-7.16_0.31_-27.75_34.75_0.7086_0.7052_0.0132_-0.0195end-1.95_8.41_-1.36_69.27_28.42_-3.69_0.31_-27.75_34.75_0.7086_0.7052_0.0132_-0.0195end-2.11_8.42_-1.57_69.38_29.88_-2.80_-1.00_-25.37_37.81_0.7086_0.7052_0.0132_-0.0195end-2.18_8.39_-1.58_69.49_30.21_-1.79_-1.00_-25.37_37.81_0.7171_0.6966_0.0167_-0.0153end-2.19_8.43_-1.47_69.49_30.21_-1.79_-1.00_-25.37_37.81_0.7192_0.6945_0.0,24.187801,120.73574153,380.531982421875
1462,177_-0.0143end-2.11_8.46_-1.31_69.49_30.21_-1.79_-1.00_-25.37_37.81_0.7213_0.6923_0.0186_-0.0134end-1.92_8.41_-0.94_69.49_30.21_-1.79_-1.00_-25.37_37.81_0.7234_0.6901_0.0194_-0.0127end,24.187801,120.73574153,380.531982421875
1463,-1.91_8.44_-0.67_69.05_13.20_2.35_-1.00_-25.37_37.81_0.7234_0.6901_0.0194_-0.0127end-1.91_8.44_-0.67_69.05_13.20_2.35_-1.75_-23.62_37.00_0.7296_0.6834_0.0211_-0.0113end-1.76_8.34_-0.22_69.05_13.20_2.35_-1.75_-22.56_37.38_0.7316_0.6813_0.0215_-0.0112end-1.53_8.31_-0.37_68.04_-2.35_5.26_-1.75_-22.56_37.38_0.7316_0.6813_0.0215_-0.0,24.187801,120.73574153,380.531982421875
1464,112end-1.16_8.43_-0.36_68.04_-2.35_5.26_-1.75_-23.62_37.38_0.7316_0.6813_0.0215_-0.0112end-1.16_8.43_-0.36_68.04_-2.35_5.26_-1.75_-23.62_37.38_0.7397_0.6725_0.0215_-0.0123end-0.61_8.03_-0.85_68.04_-2.35_5.26_-1.75_-23.62_37.38_0.7417_0.6703_0.0213_-0.0128end-0.25_8.33_-0.81_68.04_-2.35_5.26_-1.75_-23.62_37.38_0.7438_0.6680_0.021,24.187801,120.73574153,380.531982421875
1465,2_-0.0132end0.18_8.34_-0.85_68.04_-2.35_5.26_-1.37_-22.19_38.75_0.7438_0.6680_0.0212_-0.0132end0.28_8.31_-0.93_71.51_-3.13_6.38_-1.37_-22.19_38.75_0.7438_0.6680_0.0212_-0.0132end0.28_8.31_-0.93_71.51_-3.13_6.38_-1.37_-21.12_39.19_0.7500_0.6609_0.0214_-0.0141end0.28_8.31_-0.93_72.96_1.79_7.27_-1.37_-21.12_39.19_0.7521_0.6586_0.0216_-0.0142end0.28_8.31_-0.93_73.52_4.48_7.39_-1.37_-21.12_39.19_0.7562_0.6538_0.0225_-0.0143end0.28_8.31_-0.93_73.63_14.21_7.27_-0.94_-19.44_40.50_0.7562_0.6538_0.0225_-0.0143end0.28_8.31_-0.93_73.63_14.21_7.27_-1.31_-19.81_39.19_0.7584_0.6513_0.0231_-0.0142end0.28_8.31_-0.93_72.07_43.98_5.93_-1.31_-19.81_39.19_0.7604_0.6489_0.0239_-0.0138end0.28_8.31_-0.93_72.07_43.98_5.93_-1.31_-19.81_39.19_0.7664_0.6417_0.0284_-0.0109end0.81_8.00_-1.93_72.07_43.98_5.93_-1.31_-19.81_39.19_0.7683_0.6393_0.0302_-0.0097end0.41_8.02_-1.98_72.07_43.98_5.93_-1.31_-19.81_39.19_0.7683_0.6393_0.0302_-0.0097end0.41_8.02_-1.98_72.07_43.98_5.93_-1.31_-19.81_39.19_0.7743_0.6318_0.0359_-0.0063end,24.187801,120.73574153,380.531982421875
1466,,24.187801,120.73574153,380.531982421875
1467,0.00_7.93_-2.10_72.07_43.98_5.93_-1.31_-19.81_39.19_0.7762_0.6293_0.0379_-0.0051end0.07_8.02_-1.76_72.07_43.98_5.93_-1.31_-19.81_39.19_0.7783_0.6266_0.0400_-0.0038end0.14_8.04_-1.80_75.20_52.93_8.95_-1.31_-19.81_39.19_0.7783_0.6266_0.0400_-0.0038end0.14_8.04_-1.80_75.20_52.93_8.95_-3.87_-17.69_41.88_0.7840_0.6190_0.0458_-0.0002end0.54_7.88_-2.71_75.20_52.93_8.95_-3.87_-17.69_41.88_0.7859_0.6165_0.0474_0.0005end0.52_7.87_-3.07_71.96_23.39_12.65_-4.62_-16.94_42.31_0.7859_0.6165_0.0474_0.0005end0.52_7.87_-3.07_71.73_15.78_12.42_-3.50_-14.87_41.44_0.7859_0.6165_0.0474_0.0005end0.52_7.87_-3.07_73.07_8.06_10.41_-3.50_-14.87_41.44_0.7935_0.6064_0.0511_0.0014e,24.187801,120.73574153,380.531982421875
1468,nd1.25_7.75_-4.37_73.07_8.06_10.41_-3.50_-14.87_41.44_0.7954_0.6039_0.0516_0.0015end2.04_7.82_-4.44_73.07_8.06_10.41_-3.50_-14.87_41.44_0.7954_0.6039_0.0516_0.0015end,24.187801,120.73574153,380.531982421875
1469,,24.187801,120.73574153,380.531982421875
1470,2.22_7.84_-4.55_72.96_7.95_10.18_-3.50_-14.87_41.44_0.7954_0.6039_0.0516_0.0015end2.15_7.85_-4.71_72.96_7.95_10.18_-3.50_-14.87_41.44_0.8029_0.5936_0.0537_0.0015end2.15_7.85_-4.71_72.96_7.95_10.18_-4.56_-14.50_41.94_0.8047_0.5911_0.0544_0.0016end1.77_7.86_-5.00_72.96_7.95_10.18_-4.19_-14.19_41.44_0.8047_0.5911_0.0544_0.0016end1.77_7.86_-5.00_65.69_12.42_9.85_-4.19_-14.19_41.44_0.8082_0.5863_0.0558_0.0018end1.33_7.86_-5.60_64.91_7.83_9.74_-4.19_-14.19_41.44_0.8098_0.5839_0.0565_0.0019end1.15_7.91_-6.93_64.91_7.83_9.74_-4.19_-14.19_41.44_0.8115_0.5817_0.0568_0.0018end1.15_7.91_-6.93_62.67_-25.18_9.96_-4.19_-14.19_41.44_0.8115_0.5817_0.0568_0.0018end1.15_,24.187801,120.73574153,380.531982421875
1471,,24.187801,120.73574153,380.531982421875
1472,,24.187801,120.73574153,380.531982421875
1473,7.96_-7.75_62.67_-25.18_9.96_-5.31_-12.50_41.50_0.8147_0.5771_0.0563_0.0008end1.12_7.99_-8.10_62.67_-25.18_9.96_-5.31_-12.50_41.50_0.8147_0.5771_0.0563_0.0008end1.37_8.08_-8.54_62.67_-25.18_9.96_-5.31_-12.50_41.50_0.8212_0.5684_0.0512_-0.0042end1.37_8.08_-8.54_55.39_-55.73_7.50_-4.94_-11.06_43.75_0.8227_0.5663_0.0494_-0.0057end1.70_8.04_-8.59_55.39_-55.73_7.50_-3.44_-10.31_42.81_0.8227_0.5663_0.0494_-0.0057end1.75_8.13_-8.55_52.71_-59.65_6.83_-3.44_-10.31_42.81_0.8270_0.5604_0.0436_-0.0104end1.91_8.09_-8.46_51.14_-61.66_5.93_-3.44_-10.31_42.81_0.8284_0.5585_0.0416_-0.0120end1.85_8.13_-8.32_51.14_-61.66_5.93_-3.06_-10.69_42.88_0.8284_0.5585_0.0416_-0.0120end1.85_8.13_-8.32_50.13_-62.44_5.93_-3.06_-10.69_42.88_0.8311_0.5547_0.0374_-0.0153end1.70_8.26_-8.23_45.99_-63.23_4.92_-3.06_-10.69_42.88_0.8311_0.5547_0.037,24.187801,120.73574153,380.531982421875
1474,4_-0.0153end1.70_8.26_-8.23_44.65_-66.81_4.48_-3.06_-10.69_42.88_0.8336_0.5511_0.0333_-0.0184end1.70_8.26_-8.23_44.65_-66.81_4.48_-1.56_-9.94_44.19_0.8359_0.5477_0.0286_-0.0218end,24.187801,120.73574153,380.531982421875
1475,1.36_8.61_-6.86_44.65_-66.81_4.48_-1.56_-9.94_44.19_0.8359_0.5477_0.0286_-0.0218end1.41_8.13_-9.82_41.07_-84.38_2.35_-1.56_-9.94_44.19_0.8359_0.5477_0.0286_-0.0218end1.41_8.13_-9.82_41.07_-84.38_2.35_-0.56_-9.25_42.94_0.8392_0.5428_0.0202_-0.0276end1.41_8.13_-9.82_41.07_-84.38_2.35_-0.56_-9.25_42.94_0.8412_0.5397_0.0145_-0.0312end1.46_8.29_-8.18_41.07_-84.38_2.35_-0.19_-8.19_43.38_0.8422_0.5381_0.0117_-0.0330end1.66_8.28_-7.09_41.07_-84.38_2.35_-0.19_-8.19_43.38_0.8431_0.5366_0.0091_-0.0345end1.66_8.28_-7.09_36.71_-55.84_-2.01_-0.19_-8.19_44.25_0.8431_0.5366_0.0091_-0.0345end1.71_8.38_-6.95_36.71_-55.84_-2.01_-0.19_-8.19_44.25_0.8449_0.5336_0.0046_-0.0372end1.71_8.38_-6.95_36.26_-47.67_-2.46_-0.19_-8.19_44.25_0.8458_0.5322_0.0026_-0.0384end1.71_8.38_-6.95_35.25_-38.38_-2.91_-0.19_-8.19_44.25_0.8466_0.5308_0.0010_-0.0392end,24.187801,120.73574153,380.531982421875
1476,,24.187801,120.73574153,380.531982421875
1477,1.00_8.41_-5.52_35.14_-28.76_-3.25_-0.19_-8.19_44.25_0.8483_0.5281_-0.0012_-0.0403end1.00_8.41_-5.52_34.47_-4.92_-5.04_0.19_-7.81_43.81_0.8483_0.5281_-0.0012_-0.0403end1.00_8.41_-5.52_34.47_-4.92_-5.04_1.31_-6.81_44.25_0.8506_0.5242_-0.0023_-0.0404end0.61_8.43_-4.78_34.47_-4.92_-5.04_1.31_-6.81_44.25_0.8506_0.5242_-0.0023_-0.0404end0.61_8.43_-4.78_34.47_-4.92_-5.04_1.69_-6.50_43.38_0.8530_0.5203_-0.0021_-0.0396end0.42_8.34_-4.36_34.47_-4.92_-5.04_1.69_-6.50_43.38_0.8539_0.5190_-0.0019_-0.0391end0.10_8.33_-3.95_34.47_-4.92_-5.04_1.69_-6.50_43.38_0.8539_0.5190_-0.0019_-0.0391end-0.04_8.34_-3.86_34.47_-4.92_-5.04_1.69_-6.44_45.12_0.8563_0.5152_-0.0008_-0.0378end-0.07_8.31_-3.84_34.47_-4.92_-5.04_1.69_-6.44_45.12_0.8571_0.5139_-0.0004_-0.0374end-0.07_8.31_-3.84_34.47_-4.92_-5.04_0.56_-5.75_45.63_0.8578_0.5126_0.0001_-0.0369end,24.187801,120.73574153,380.531982421875
1478,,24.187801,120.73574153,380.531982421875
1479,,24.187801,120.73574153,380.531982421875
1480,0.06_8.29_-3.08_34.47_-4.92_-5.04_0.56_-5.75_45.63_0.8587_0.5112_0.0005_-0.0363end-0.09_8.23_-2.79_38.27_16.23_-5.15_0.56_-5.75_45.63_0.8587_0.5112_0.0005_-0.0363end-0.09_8.23_-2.79_38.27_16.23_-5.15_0.56_-5.75_45.63_0.8613_0.5069_0.0024_-0.0345end0.32_8.16_-2.29_38.27_16.23_-5.15_0.56_-5.75_45.63_0.8622_0.5054_0.0033_-0.0338end0.37_8.12_-1.89_38.27_16.23_-5.15_0.56_-5.75_45.63_0.8631_0.5039_0.0042_-0.0330end0.36_8.06_-1.78_41.52_32.90_-3.69_0.56_-5.75_45.63_0.8631_0.5039_0.0042_-0.0330end0.16_7.98_-1.61_43.08_45.10_-3.58_0.56_-5.75_45.63_0.8631_0.5039_0.0042_-0.0330end0.16_7.98_-1.61_43.08_45.10_-3.58_0.56_-5.75_45.63_0.8668_0.4977_0.0100_-0.0289end0.,24.187801,120.73574153,380.531982421875
1481,14_7.92_-1.72_43.08_45.10_-3.58_0.56_-5.75_45.63_0.8677_0.4960_0.0119_-0.0276end0.01_7.91_-2.27_43.08_45.10_-3.58_1.00_-3.69_44.31_0.8688_0.4944_0.0141_-0.0262end,24.187801,120.73574153,380.531982421875
1482,-0.05_7.87_-2.55_43.08_45.10_-3.58_-0.13_-3.31_45.19_0.8688_0.4944_0.0141_-0.0262end-0.11_7.80_-2.79_45.32_56.85_-2.01_-0.13_-3.31_45.19_0.8688_0.4944_0.0141_-0.0262end-0.11_7.80_-2.79_44.99_53.38_-1.45_-0.13_-3.31_45.19_0.8725_0.4877_0.0228_-0.0207end-0.33_7.68_-3.25_44.99_53.38_-1.45_-0.81_-2.25_45.19_0.8734_0.4860_0.0247_-0.0195end-0.81_7.55_-3.85_44.99_53.38_-1.45_-0.81_-2.25_45.19_0.8734_0.4860_0.0247_-0.0195end-1.02_7.49_-3.99_47.56_39.84_0.11_-0.81_-2.25_45.19_0.8734_0.4860_0.0247_-0.0195end-1.02_7.49_-3.99_50.36_25.74_1.12_-2.25_-2.31_45.19_0.8762_0.4807_0.0297_-0.0166end-1.02_7.49_-3.99_50.36_25.74_1.12_-2.25_-2.31_45.19_0.8783_0.4768_0.0317_-,24.187801,120.73574153,380.531982421875
1483,0.0155end-1.01_7.48_-3.67_50.36_25.74_1.12_-2.62_-0.94_45.25_0.8793_0.4749_0.0323_-0.0153end-1.18_7.41_-3.08_50.36_25.74_1.12_-2.62_-0.94_45.25_0.8793_0.4749_0.0323_-0.0153end,24.187801,120.73574153,380.531982421875
1484,,24.187801,120.73574153,380.531982421875
1485,-1.16_7.39_-2.94_50.36_25.74_1.12_-1.87_-1.62_43.87_0.8793_0.4749_0.0323_-0.0153end-1.16_7.39_-2.94_52.60_-29.66_5.60_-1.87_-1.62_43.87_0.8837_0.4667_0.0308_-0.0167end-1.08_7.31_-2.61_52.60_-29.66_5.60_-1.87_-1.62_43.87_0.8849_0.4646_0.0297_-0.0175end-1.08_7.31_-2.61_52.60_-29.66_5.60_-2.25_0.13_44.38_0.8860_0.4624_0.0282_-0.0186end-1.08_7.31_-2.61_54.16_-55.17_5.93_-2.25_0.13_44.38_0.8872_0.4603_0.0264_-0.0197end-1.08_7.31_-2.61_54.72_-64.23_6.60_-2.25_0.13_44.38_0.8872_0.4603_0.0264_-0.0197end-1.08_7.31_-2.61_56.74_-85.38_6.83_-2.25_0.13_44.38_0.8895_0.4558_0.0217_-0.0226end-1.08_7.31_-2.61_56.74_-85.38_6.83_-2.25_0.13_44.38_0.8907_0.4536_0.0188_-0.0,24.187801,120.73574153,380.531982421875
1486,244end0.41_6.70_-1.96_56.74_-85.38_6.83_-2.25_0.13_44.38_0.8931_0.4489_0.0118_-0.0286end0.41_6.70_-1.96_56.74_-85.38_6.83_-0.44_0.81_43.50_0.8943_0.4463_0.0077_-0.0310end,24.187801,120.73574153,380.531982421875
1487,,24.187801,120.73574153,380.531982421875
1488,1.18_6.50_-2.12_62.00_-127.35_3.80_-0.44_0.81_43.50_0.8943_0.4463_0.0077_-0.0310end1.18_6.50_-2.12_63.34_-133.28_2.91_0.69_2.56_44.81_0.8943_0.4463_0.0077_-0.0310end1.18_6.50_-2.12_64.35_-138.32_0.67_3.25_3.69_44.88_0.8991_0.4357_-0.0115_-0.0413end1.94_6.07_-2.27_64.35_-138.32_0.67_3.25_3.69_44.88_0.9013_0.4301_-0.0219_-0.0466end2.00_6.04_-2.45_64.35_-138.32_0.67_3.25_3.69_44.88_0.9025_0.4271_-0.0273_-0.0492end2.16_5.93_-3.42_64.35_-138.32_0.67_3.25_3.69_44.88_0.9035_0.4243_-0.0324_-0.0516end2.32_6.00_-4.28_64.35_-138.32_0.67_5.44_3.25_41.81_0.9035_0.4243_-0.0324_-0.0516end2.37_5.94_-5.11_64.35_-138.32_0.67_5.44_4.69_42.25_0.9056_0.4183_-0.0422_-0.0558,24.187801,120.73574153,380.531982421875
1489,,24.187801,120.73574153,380.531982421875
1490,end2.06_6.00_-6.62_66.47_-107.43_-10.18_5.44_4.69_42.25_0.9066_0.4154_-0.0466_-0.0577end2.06_6.00_-6.62_64.01_-71.84_-16.00_5.44_4.69_42.25_0.9086_0.4097_-0.0538_-0.0602end1.84_8.06_-9.09_64.01_-71.84_-16.00_5.44_4.69_42.25_0.9097_0.4069_-0.0564_-0.0606end3.12_14.82_-11.14_64.01_-71.84_-16.00_6.12_6.69_44.50_0.9097_0.4069_-0.0564_-0.0606end3.12_14.82_-11.14_57.63_-17.90_-22.27_6.12_6.69_44.50_0.9108_0.4044_-0.0578_-0.0605end3.12_14.82_-11.14_47.67_37.49_-17.79_6.12_6.69_44.50_0.9129_0.3996_-0.0582_-0.0591end3.12_14.82_-11.14_47.67_37.49_-17.79_6.12_6.69_44.50_0.9149_0.3958_-0.0557_-0.0566end1.14_32.10_-15.30_47.67_37.49_-17.79_6.12_6.69_44.50_0.9149_0.3958_-0.0557_-0.0566end1.14_32.10_-15.30_32.23_18.24_-24.73_6.12_6.69_44.50_0.9168_0.3922_-0.0527_-0.0538end1.14_32.10_-15.30_32.23_18.24_-24.73_5.12_9.50_43.69_0.9181_0.38,24.187801,120.73574153,380.531982421875
1491,95_-0.0522_-0.0516end0.36_28.80_-12.50_32.23_18.24_-24.73_5.12_9.50_43.69_0.9185_0.3884_-0.0536_-0.0511end1.63_28.05_-12.98_13.76_-39.84_-27.98_4.75_9.13_42.81_0.9185_0.3884_-0.0536_-0.0511end,24.187801,120.73574153,380.531982421875
1492,3.60_27.13_-13.40_8.50_-39.06_-28.09_4.75_9.13_42.81_0.9185_0.3884_-0.0536_-0.0511end1.88_26.76_-12.55_8.50_-39.06_-28.09_4.37_10.50_41.94_0.9185_0.3884_-0.0536_-0.0511end2.33_26.29_-11.52_8.50_-39.06_-28.09_4.37_10.50_41.94_0.9191_0.3858_-0.0634_-0.0494end2.33_26.29_-11.52_8.50_-39.06_-28.09_4.37_10.19_42.38_0.9191_0.3857_-0.0643_-0.0486end2.11_24.07_-7.77_8.50_-39.06_-28.09_4.37_10.19_42.38_0.9191_0.3857_-0.0643_-0.0486end0.41_23.53_-8.23_-6.71_3.92_-28.87_4.37_10.19_42.38_0.9191_0.3857_-0.0643_-0.0486end0.35_22.78_-6.89_-7.39_5.26_-29.66_4.37_10.19_42.38_0.9189_0.3864_-0.0657_-0.0436end-0.33_21.68_-6.29_-7.39_5.26_-29.66_4.37_10.19_42.38_0.9188_0.3868_-0.0662_-0.0424end0.56_21.32_-6.89_-17.23_0.78_-28.98_4.37_10.19_42.38_0.9188_0.3868_-0.0662_-0.0424end0.07_19.79_-8.66_-19.81_6.27_-28.87_5.50_9.44_41.13_0.9188_0.3868_-0.0662_-0.0424end,24.187801,120.73574153,380.531982421875
1493,,24.187801,120.73574153,380.531982421875
1494,,24.187801,120.73574153,380.531982421875
1495,,24.187801,120.73574153,380.531982421875
1496,-0.18_19.20_-8.55_-21.60_11.97_-28.87_4.00_8.44_42.38_0.9188_0.3868_-0.0662_-0.0424end-0.18_19.20_-8.55_-28.42_31.11_-28.98_4.00_8.44_42.38_0.9175_0.3906_-0.0667_-0.0353end-0.03_17.71_-8.09_-28.42_31.11_-28.98_4.00_8.44_42.38_0.9171_0.3918_-0.0658_-0.0334end-0.05_17.34_-7.28_-28.42_31.11_-28.98_4.75_9.13_41.00_0.9171_0.3918_-0.0658_-0.0334end-1.46_16.14_-12.83_-41.07_64.46_-30.77_4.75_9.13_41.00_0.9171_0.3918_-0.0658_-0.0334end-1.46_16.14_-12.83_-41.07_64.46_-30.77_4.75_9.13_41.00_0.9151_0.3980_-0.0596_-0.0247end-0.17_15.26_-10.18_-41.07_64.46_-30.77_4.75_9.13_41.00_0.9145_0.3998_-0.0574_-0.0223end-0.17_15.26_-10.18_-41.07_64.46_-30.77_5.12_6.31_42.31_0.9138_0.4019_-0.0552_-0.0200end-0.22_14.77_-10.37_-41.07_64.46_-30.77_5.12_6.31_42.31_0.9138_0.4019_-0.0552_-0.0200end-0.29_14.50_-10.64_-67.93_69.05_-25.40_5.12_6.31_42.31_0.9138_0.4019_-0.0552_-0.0200end,24.187801,120.73574153,380.531982421875
1497,,24.187801,120.73574153,380.531982421875
1498,-0.29_14.50_-10.64_-79.23_77.77_-27.19_5.12_6.31_42.31_0.9109_0.4095_-0.0485_-0.0128end-0.29_14.50_-10.64_-79.23_77.77_-27.19_5.12_6.31_42.31_0.9084_0.4159_-0.0433_-0.0074end0.20_12.15_-12.43_-79.23_77.77_-27.19_3.62_4.31_43.56_0.9084_0.4159_-0.0433_-0.0074end0.25_11.09_-11.77_-79.23_77.77_-27.19_3.62_4.31_43.56_0.9084_0.4159_-0.0433_-0.0074end0.25_11.09_-11.77_-102.17_82.14_-25.96_3.62_4.31_43.56_0.9036_0.4268_-0.0352_0.0007end0.25_11.09_-11.77_-108.21_83.48_-26.75_2.87_3.69_45.31_0.9036_0.4268_-0.0352_0.0007end-0.41_8.43_-10.42_-114.70_85.16_-27.31_2.87_3.69_45.31_0.8998_0.4352_-0.0296_0.0062end-0.41_8.43_-10.42_-119.96_87.06_-27.98_2.87_3.69_45.31_0,24.187801,120.73574153,380.531982421875
1499,.8954_0.4445_-0.0237_0.0120end-0.73_6.82_-9.52_-119.96_87.06_-27.98_1.37_1.87_43.50_0.8954_0.4445_-0.0237_0.0120end-0.73_6.82_-9.52_-134.85_87.62_-27.75_1.00_0.50_44.38_0.8954_0.4445_-0.0237_0.0120end,24.187801,120.73574153,380.531982421875
1500,,24.187801,120.73574153,380.531982421875
1501,-0.73_6.82_-9.52_-134.85_87.62_-27.75_1.00_0.50_44.38_0.8849_0.4650_-0.0119_0.0237end-1.22_4.77_-7.40_-134.85_87.62_-27.75_1.00_0.50_44.38_0.8849_0.4650_-0.0119_0.0237end-1.10_4.45_-7.04_-134.85_87.62_-27.75_0.25_-0.94_44.75_0.8756_0.4819_-0.0033_0.0325end-1.10_4.11_-6.76_-134.85_87.62_-27.75_-0.81_-2.31_43.87_0.8723_0.4878_-0.0007_0.0352end-1.20_3.93_-6.51_-162.60_72.85_-27.98_-0.81_-2.31_43.87_0.8723_0.4878_-0.0007_0.0352end-1.41_3.34_-6.05_-162.60_72.85_-27.98_-1.87_-3.69_44.75_0.8723_0.4878_-0.0007_0.0352end-1.41_3.34_-6.05_-172.00_65.35_-28.09_-1.87_-3.69_44.75_0.8651_0.4999_0.0042_0.0405end-1.41_3.34_-6.05_-175.02_62.44_-27.98_-1.87_-3.69_44.75_0.8535_0.5188_0.0108_0.0479end-1.41_3.34_-6.05_-175.02_62.44_-27.98_-1.87_-3.69_44.75_0.8535_0.5188_0.0108_0.0479end-1.41_3.34_-6.05_-178.04_59.42_-27.98_-1.87_-3.69_44.75_0.8452_0.5316_0.0146_0.0525end,24.187801,120.73574153,380.531982421875
1502,,24.187801,120.73574153,380.531982421875
1503,,24.187801,120.73574153,380.531982421875
1504,,24.187801,120.73574153,380.531982421875
1505,,24.187801,120.73574153,380.531982421875
1506,,24.187801,120.73574153,380.531982421875
1507,-1.43_2.90_-5.52_-178.04_59.42_-27.98_-1.87_-3.69_44.75_0.8364_0.5449_0.0184_0.0569end-1.49_2.90_-5.29_-188.00_56.29_-26.75_-2.31_-9.25_44.19_0.8364_0.5449_0.0184_0.0569end-1.49_2.90_-5.29_-188.00_56.29_-26.75_-2.31_-9.25_44.19_0.8271_0.5582_0.0222_0.0612end-1.80_2.75_-4.25_-188.00_56.29_-26.75_-2.31_-9.25_44.19_0.8222_0.5651_0.0240_0.0633end-1.80_2.75_-4.25_-194.94_49.01_-25.63_-2.31_-9.25_44.19_0.8222_0.5651_0.0240_0.0633end-1.83_2.59_-4.08_-194.94_49.01_-25.63_-2.31_-9.25_44.19_0.8070_0.5858_0.0287_0.0688end-1.86_1.88_-3.66_-194.94_49.01_-25.63_-4.19_-13.88_41.94_0.8070_0.5858_0.0287_0.0688end-1.86_1.88_-3.66_-202.33_19.92_-22.49_-4.19_-13.88_41.94_0.7965_0.5996_0.0306_0.0714end-1.86_1.88_-3.66_-206.13_3.80_-19.81_-4.19_-13.88_41.94_0.7965_0.5996_0.0306_0.0714end-1.93_1.02_-3.10_-206.13_3.80_-19.81_-4.19_-13.88_41.94_0.7799_0.6208_0.0318_0.0732end,24.187801,120.73574153,380.531982421875
1508,-1.93_1.02_-3.10_-208.93_-9.18_-17.01_-4.19_-13.88_41.94_0.7799_0.6208_0.0318_0.0732end-1.93_1.02_-3.10_-211.17_-14.44_-15.33_-4.62_-17.31_40.12_0.7742_0.6278_0.0317_0.0734end-1.93_1.02_-3.10_-214.97_-24.17_-11.30_-4.62_-17.31_40.12_0.7682_0.6351_0.0316_0.0734end-2.49_1.08_-3.16_-214.97_-24.17_-11.30_-4.25_-19.44_40.06_0.7682_0.,24.187801,120.73574153,380.531982421875
1509,6351_0.0316_0.0734end-2.00_0.83_-2.61_-214.97_-24.17_-11.30_-4.25_-19.44_40.06_0.7439_0.6639_0.0297_0.0709end-1.76_0.62_-2.25_-219.00_-49.91_-5.15_-4.25_-19.44_40.06_0.7439_0.6639_0.0297_0.0709end-1.14_0.15_-1.55_-220.01_-62.00_-2.46_-4.31_-21.87_37.38_0.7439_0.6639_0.0297_0.0709end-1.14_0.15_-1.55_-221.13_-72.85_-0.22_-4.31_-21.87_37.38_0.7246_0.6855_0.0259_0.0654end-1.14_0.15_-1.55_-221.80_-81.24_2.01_-2.87_-23.31_35.63_0.7115_0.6997_0.0223_0.0601end-0.75_-0.54_-0.25_-221.80_-81.24_2.01_-2.87_-23.31_35.63_0.7115_0.6997_0.0223_0.0601end,24.187801,120.73574153,380.531982421875
1510,-0.66_-0.46_-0.01_-222.47_-77.22_8.62_-2.12_-26.75_35.13_0.7115_0.6997_0.0223_0.0601end-0.56_-0.31_0.32_-221.57_-66.02_10.63_-2.12_-26.75_35.13_0.6842_0.7275_0.0165_0.0491end-0.75_0.83_0.78_-221.57_-66.02_10.63_-2.12_-26.75_35.13_0.6770_0.7343_0.0160_0.0471end-0.61_0.76_0.95_-221.57_-66.02_10.63_-2.12_-26.75_35.13_0.6700_0.7407_,24.187801,120.73574153,380.531982421875
1511,0.0160_0.0457end-0.61_0.76_0.95_-219.56_-6.38_13.88_-2.12_-26.75_35.13_0.6556_0.7535_0.0174_0.0441end-0.83_1.91_0.89_-219.56_-6.38_13.88_-2.19_-30.62_32.06_0.6556_0.7535_0.0174_0.0441end-0.96_2.27_1.25_-215.42_13.09_15.78_-2.19_-30.62_32.06_0.6556_0.7535_0.0174_0.0441end-0.96_2.27_1.25_-215.42_13.09_15.78_-2.94_-32.06_29.75_0.6414_0.7657_0.0197_0.0436end-1.37_2.46_1.77_-215.42_13.09_15.78_-2.94_-32.06_29.75_0.6199_0.7833_0.0231_0.0421end-1.41_2.48_1.95_-215.42_13.09_15.78_-2.25_-33.06_30.25_0.6127_0.7889_0.0238_0.0408end-2.02_2.44_3.46_-215.42_13.09_15.78_-1.87_-34.50_28.44_0.6127_0.7889_0.0238_0.0408end-3.11_2.54_4.71_-206.35_-61.77_25.29_-1.87_-34.50_28.44_0.6127_0.7889_0.0238_0.0408end-1.28_3.09_3.10_-209.49_-69.61_24.73_-1.87_-34.50_28.44_0.6127_0.7889_0.0238_0.0408end-1.28_3.09_3.10_-209.49_-69.61_24.73_-0.88_-35.56_25.37_0.5768_0.8162_0.0215_0.0252end-0.07_3.26_2.18_-209.49_-69.61_24.73_-0.88_-35.56_25.37_0.5698_0.8213_0.0202_0.0204end0.41_3.31_3.28_-194.72_-127.13_36.59_-1.56_-36.63_24.87_0.5698_0.8213_0.0202_0.0204end0.41_3.31_3.28_-192.70_-135.18_40.29_-1.56_-36.63_24.87_0.5558_0.8311_0.0169_0.0092end0.41_3.31_3.28_-190.58_-136.30_42.52_-1.19_-37.38_23.12_0.5558_0.8311_0.0169_0.0092end0.41_3.31_3.28_-187.44_-130.59_44.31_-1.19_-37.38_23.12_0.5422_0.8401_0.0136_-0.0027end0.41_3.31_3.28_-183.64_-119.07_45.21_-1.19_-37.38_23.12_0.5353_0.8445_0.0123_-0.0087end,24.187801,120.73574153,380.531982421875
1512,,24.187801,120.73574153,380.531982421875
1513,0.82_3.99_4.64_-183.64_-119.07_45.21_-1.19_-37.38_23.12_0.5222_0.8525_0.0107_-0.0184end0.98_4.11_4.89_-171.78_-71.73_47.34_-1.19_-37.38_23.12_0.5222_0.8525_0.0107_-0.0184end0.94_4.36_5.09_-171.78_-71.73_47.34_-1.19_-37.38_23.12_0.5029_0.8638_0.0111_-0.0292end0.86_4.34_5.13_-171.78_-71.73_47.34_-0.94_-39.81_17.81_0.4968_0.8672_0.0118_-0.0319end0.82_4.27_5.21_-156.11_-25.51_47.34_-0.94_-39.81_17.81_0.4968_0.8672_0.0118_-0.0319end0.82_4.27_5.21_-156.11_-25.51_47.34_-2.00_-40.25_16.12_0.4789_0.8770_0.0150_-0.0378end1.22_4.25_5.73_-156.11_-25.51_47.34_-1.62_-40.94_15.25_0.4731_0.8800_0.0161_-0.0397end1.19_4.34_5.87_-156.11_-25.51_47.34_-1.62_-40.94_15.25_0.,24.187801,120.73574153,380.531982421875
1514,4676_0.8828_0.0170_-0.0417end2.05_5.59_3.71_-156.11_-25.51_47.34_-1.62_-41.31_14.75_0.4676_0.8828_0.0170_-0.0417end2.19_5.39_5.26_-128.24_-43.20_44.76_-1.62_-41.31_14.75_0.4573_0.8879_0.0184_-0.0467end,24.187801,120.73574153,380.531982421875
1515,,24.187801,120.73574153,380.531982421875
1516,2.28_5.64_5.30_-128.24_-43.20_44.76_-1.62_-41.31_14.75_0.4474_0.8926_0.0192_-0.0528end1.54_5.91_5.30_-117.50_-78.89_44.31_-2.75_-41.69_12.56_0.4474_0.8926_0.0192_-0.0528end2.24_7.16_4.88_-117.50_-78.89_44.31_-2.75_-41.69_12.56_0.4380_0.8967_0.0191_-0.0608end2.24_7.16_4.88_-117.50_-78.89_44.31_-2.75_-41.69_12.56_0.4295_0.9002_0.0184_-0.0697end2.76_7.91_4.41_-99.82_-96.13_41.18_-2.75_-41.69_12.56_0.4254_0.9017_0.0179_-0.0743end3.46_9.06_3.07_-99.82_-96.13_41.18_-2.37_-42.75_11.69_0.4214_0.9033_0.0175_-0.0789end3.46_9.06_3.07_-92.32_-88.41_38.38_-1.69_-43.13_11.25_0.4214_0.9033_0.0175_-0.0789end3.46_9.06_3.07_-92.32_-88.41_38.38_-2.06_-43.50_9.50_0.4102_0,24.187801,120.73574153,380.531982421875
1517,,24.187801,120.73574153,380.531982421875
1518,,24.187801,120.73574153,380.531982421875
1519,.9073_0.0164_-0.0910end3.20_10.60_1.48_-92.32_-88.41_38.38_-2.06_-43.50_9.50_0.4067_0.9085_0.0163_-0.0941end3.20_10.60_1.48_-80.01_-45.88_31.00_-3.87_-42.81_9.88_0.4067_0.9085_0.0163_-0.0941end,24.187801,120.73574153,380.531982421875
1520,,24.187801,120.73574153,380.531982421875
1521,,24.187801,120.73574153,380.531982421875
1522,3.09_10.75_1.41_-76.99_-33.80_28.98_-3.87_-42.81_9.88_0.4067_0.9085_0.0163_-0.0941end2.87_10.89_1.91_-74.08_-22.83_26.97_-3.87_-42.81_9.88_0.3970_0.9122_0.0168_-0.1006end2.87_10.89_1.91_-74.08_-22.83_26.97_-3.12_-43.50_9.00_0.3940_0.9133_0.0172_-0.1018end2.87_10.89_1.91_-67.70_-5.37_23.28_-3.12_-43.50_9.00_0.3883_0.9155_0.0182_-0.1031end2.75_11.20_3.28_-67.70_-5.37_23.28_-3.12_-43.50_9.00_0.3857_0.9166_0.0189_-0.1034end2.11_10.64_3.39_-67.70_-5.37_23.28_-3.12_-43.50_9.00_0.3857_0.9166_0.0189_-0.1034end2.11_10.64_3.39_-67.70_-5.37_23.28_-3.12_-43.50_9.00_0.3809_0.9186_0.0201_-0.1030end2.11_10.64_3.39_-49.01_18.69_12.76_-3.12_-43.50_9.00_0.3768_0.9204_0.0213_-0.1021end1.55_9.77_3.68_-49.01_18.69_12.76_-3.12_-43.50_9.00_0.3768_0.9204_0.0213_-0.1021end1.42_10.41_2.88_-37.71_11.86_8.39_-3.12_-43.50_9.00_0.3768_0.9204_0.0213_-0.1021end,24.187801,120.73574153,380.531982421875
1523,1.40_10.64_2.79_-33.80_6.71_6.71_-3.12_-43.50_9.00_0.3768_0.9204_0.0213_-0.1021end1.09_10.97_2.71_-33.80_6.71_6.71_-3.87_-43.19_7.25_0.3692_0.9236_0.0227_-0.1011end1.12_11.67_2.53_-33.80_6.71_6.71_-3.12_-43.50_7.25_0.3682_0.9239_0.0226_-0.1016end0.80_13.48_3.30_-33.80_6.71_6.71_-3.12_-43.50_7.25_0.3674_0.9241_0.0224_-0.1022end1.09_13.34_3.43_-33.80_6.71_6.71_-3.56_-44.63_5.94_0.3674_0.9241_0.0224_-0.1022end1.09_12.89_3.73_-33.80_6.71_6.71_-3.56_-44.63_5.94_0.3661_0.9246_0.0220_-0.1030end1.09_12.89_3.73_-33.80_6.71_6.71_-4.62_-43.50_7.69_0.3659_0.9247_0.0221_-0.1024end1.43_11.26_5.03_-33.80_6.71_6.71_-4.62_-43.50_7.69_0.3659_0.9249_0.0222_-0.1014end1.29_10.39_5.63_-33.80_6.71_6.71_-4.62_-43.50_7.69_0.3659_0.9249_0.0222_-0.1014end1.87_9.56_7.43_17.23_6.60_-7.39_-4.62_-43.50_7.69_0.3659_0.9249_0.0222_-0.1014end,24.187801,120.73574153,380.531982421875
1524,1.87_9.56_7.43_28.87_-26.86_-9.85_-4.62_-43.50_7.69_0.3676_0.9244_0.0220_-0.0998end1.87_9.56_7.43_28.87_-26.86_-9.85_-4.62_-43.50_7.69_0.3700_0.9232_0.0207_-0.1015end3.00_10.25_6.46_28.87_-26.86_-9.85_-3.50_-43.19_6.87_0.3700_0.9232_0.0207_-0.1015end3.00_10.25_6.46_46.11_-49.24_-17.12_-3.50_-43.19_6.87_0.3700_0.9232_0.0207_-0.1015end3.21_10.80_5.92_46.11_-49.24_-17.12_-3.50_-43.19_6.87_0.3777_0.9195_0.0159_-0.1074end3.53_11.30_6.11_46.11_-49.24_-17.12_-3.50_-43.19_6.87_0.3804_0.9184_0.0148_-0.1079end3.53_11.30_6.11_46.11_-49.24_-17.12_-3.50_-43.19_7.75_0.3804_0.9184_0.0148_-0.1079end3.54_11.22_6.52_46.11_-49.24_-17.12_-3.50_-43.19_7.75_0.3804_0.9184_0.0148_-0.1079end3.50_11.09_6.35_46.11_-49.24_-17.12_-3.50_-42.81_9.00_0.3895_0.9148_0.0125_-0.1062end3.50_11.09_6.35_46.11_-49.24_-17.12_-3.50_-42.81_9.00_0.3967_0.9120_0.0112_-0.1031end,24.187801,120.73574153,380.531982421875
1525,,24.187801,120.73574153,380.531982421875
1526,3.25_10.53_5.70_46.11_-49.24_-17.12_-2.75_-43.13_9.88_0.4006_0.9105_0.0105_-0.1014end3.06_10.42_5.66_46.11_-49.24_-17.12_-2.75_-43.13_9.88_0.4006_0.9105_0.0105_-0.1014end3.06_10.42_5.66_113.25_25.40_-46.33_-2.06_-43.13_10.38_0.4006_0.9105_0.0105_-0.1014end3.06_10.42_5.66_113.25_25.40_-46.33_-2.00_-42.44_10.38_0.4186_0.9033_0.0071_-0.0940end2.83_10.64_4.84_113.25_25.40_-46.33_-2.00_-42.44_10.38_0.4234_0.9012_0.0062_-0.0921end2.66_10.63_4.45_113.25_25.40_-46.33_-2.00_-42.44_10.38_0.4283_0.8991_0.0052_-0.0901end2.66_10.63_4.45_113.25_25.40_-46.33_-1.62_-42.38_13.88_0.4390_0.8944_0.0032_-0.0859end2.25_10.62_3.99_113.25_25.40_-46.33_-1.62_-42.38_13.88_0.4443_0.8920_0.0021_-0.0836end2.17_10.69_3.84_113.25_25.40_-46.33_-1.00_-42.69_15.19_0.4499_0.8894_0.0012_-0.0812end-3.86_33.74_-22.83_113.25_25.40_-46.33_-1.00_-42.69_15.19_0.4499_0.8894_0.0012_-0.0812end,24.187801,120.73574153,380.531982421875
1527,,24.187801,120.73574153,380.531982421875
1528,-3.86_33.74_-22.83_113.25_25.40_-46.33_-1.00_-42.69_15.19_0.4741_0.8774_-0.0014_-0.0740end16.09_11.05_40.88_113.25_25.40_-46.33_-1.00_-42.69_15.19_0.4747_0.8768_-0.0029_-0.0773end13.29_10.20_30.74_113.25_25.40_-46.33_-0.94_-41.94_16.50_0.4747_0.8768_-0.0029_-0.0773end-0.92_7.75_17.39_-20.48_-222.24_8.62_-0.94_-41.94_16.50_0.4747_0.8768_-0.0029_-0.0773end-0.43_5.89_-8.50_-26.07_-179.16_-5.71_-0.94_-41.94_16.50_0.4712_0.8756_-0.0177_-0.1046end-0.43_5.89_-8.50_47.67_-68.04_-23.28_0.50_-41.25_15.19_0.4717_0.8749_-0.0203_-0.1074end-2.12_6.41_0.63_47.67_-68.04_-23.28_1.25_-41.25_15.19_0.4738_0.8737_-0.0220_-0.1086end-3.54_4.89_-6.20_68.49_58.19_-51.81_1.25_-41.25_15.19_0.4738_0.8737_-0.0220_-0.1086end-3.54_4.89_-6.20_87.29_88.63_-49.80_1.25_-41.25_15.19_0.4797_0.8711_-0.0231_-0.1032end4.67_6.44_1.54_87.29_88.63_-49.80_1.25_-41.25_15.19_0.4834_0.8695_-0.0225_-0.0988end,24.187801,120.73574153,380.531982421875
1529,,24.187801,120.73574153,380.531982421875
1530,,24.187801,120.73574153,380.531982421875
1531,,24.187801,120.73574153,380.531982421875
1532,4.67_6.44_1.54_85.38_134.85_-49.69_1.25_-41.25_15.19_0.4908_0.8666_-0.0198_-0.0872end2.70_6.74_14.16_85.38_134.85_-49.69_1.25_-41.25_15.19_0.4943_0.8652_-0.0181_-0.0823end2.84_8.26_14.70_55.84_86.28_-7.27_1.25_-41.25_15.19_0.4943_0.8652_-0.0181_-0.0823end1.05_7.19_9.39_55.84_86.28_-7.27_0.88_-40.88_18.31_0.4997_0.8628_-0.0148_-0.0754end-4.91_6.76_7.90_55.62_92.32_-4.70_0.88_-40.88_18.31_0.5019_0.8619_-0.0129_-0.0720end-2.81_7.40_4.70_55.62_92.32_-4.70_1.25_-40.50_18.31_0.5062_0.8602_-0.0075_-0.0605end-2.69_7.25_1.91_58.75_235.00_-33.35_1.25_-40.50_18.31_0.5062_0.8602_-0.0075_-0.0605end-0.18_7.34_-0.69_58.75_235.00_-33.35_-0.19_-39.81_19.62_0.5062_0.8602_-0.0075_-0.0605end-0.18_7.34_-0.69_58.75_235.00_-33.35_-0.19_-39.81_19.62_0.5158_0.8564_0.0100_-0.0204end-1.11_7.10_1.34_73.97_201.09_-17.01_-0.19_-39.81_19.62_0.5184_0.8550_0.0142_-0.0118end,24.187801,120.73574153,380.531982421875
1533,-1.13_6.65_2.52_73.97_201.09_-17.01_-0.19_-39.81_19.62_0.5184_0.8550_0.0142_-0.0118end-1.13_6.65_2.52_78.67_136.53_-5.37_-0.19_-39.81_19.62_0.5237_0.8516_0.0212_0.0015end-1.13_6.65_2.52_77.89_108.55_-5.04_-0.19_-38.13_20.94_0.5237_0.8516_0.0212_0.0015end-1.13_6.65_2.52_77.89_108.55_-5.04_-1.94_-39.19_20.88_0.5319_0.8463_0.0275_0.0138end-2.81_8.00_10.52_77.89_108.55_-5.04_-1.94_-39.19_20.88_0.5346_0.8444_0.0286_0.0170end-2.80_7.99_12.03_77.89_108.55_-5.04_-1.94_-39.19_20.88_0.5372_0.8427_0.0293_0.0194end-0.25_7.50_10.09_77.89_108.55_-5.04_-2.69_-38.44_21.81_0.5372_0.8427_0.0293_0.0194end0.57_7.50_8.38_71.96_-11.97_-7.72_-1.94_-38.81_21.37_0.5372_0.8427_,24.187801,120.73574153,380.531982421875
1534,0.0293_0.0194end0.21_7.39_7.67_72.29_-25.29_0.11_-1.94_-38.81_21.37_0.5372_0.8427_0.0293_0.0194end-1.12_6.94_5.95_72.29_-25.29_0.11_-1.94_-38.81_21.37_0.5477_0.8359_0.0275_0.0199end,24.187801,120.73574153,380.531982421875
1535,,24.187801,120.73574153,380.531982421875
1536,,24.187801,120.73574153,380.531982421875
1537,,24.187801,120.73574153,380.531982421875
1538,,24.187801,120.73574153,380.531982421875
1539,,24.187801,120.73574153,380.531982421875
1540,-1.08_7.49_6.08_72.29_-25.29_0.11_-1.94_-38.81_21.37_0.5531_0.8325_0.0272_0.0198end-1.41_7.39_6.49_72.29_-25.29_0.11_-2.31_-38.44_22.69_0.5531_0.8325_0.0272_0.0198end-1.86_7.32_6.48_79.68_69.27_-5.04_-2.31_-38.44_22.69_0.5531_0.8325_0.0272_0.0198end-1.86_7.32_6.48_79.68_69.27_-5.04_-2.31_-38.44_22.69_0.5641_0.8246_0.0316_0.0283end-1.91_7.28_6.44_79.68_69.27_-5.04_-1.56_-37.00_26.19_0.5670_0.8224_0.0328_0.0308end-1.76_7.34_6.71_79.68_69.27_-5.04_-1.56_-37.00_26.19_0.5670_0.8224_0.0328_0.0308end-1.91_7.40_6.58_86.39_30.21_-0.34_-1.56_-37.00_26.19_0.5670_0.8224_0.0328_0.0308end-2.07_7.30_6.15_85.72_21.04_1.45_-3.00_-35.94_25.81_0.5670_0.8224_0.0328_0.0308,24.187801,120.73574153,380.531982421875
1541,end-2.07_7.30_6.15_83.15_18.80_2.35_-3.00_-35.94_25.81_0.5820_0.8115_0.0361_0.0370end-2.17_7.20_4.49_83.15_18.80_2.35_-3.00_-35.94_25.81_0.5820_0.8115_0.0361_0.0370end-2.17_7.20_4.49_81.92_27.64_2.80_-2.62_-35.63_25.37_0.5878_0.8073_0.0372_0.0388end-2.17_7.20_4.49_83.48_27.64_3.69_-3.37_-35.25_26.69_0.5936_0.8028_0.0386_0.0408end-2.13_7.19_2.59_83.48_27.64_3.69_-3.37_-35.25_26.69_0.5966_0.8005_0.0392_0.0417end-2.54_6.99_2.43_83.48_27.64_3.69_-3.37_-35.25_26.69_0.5966_0.8005_0.0392_0.0417end-2.50_7.45_2.59_89.86_19.70_7.72_-3.37_-35.25_26.69_0.6058_0.7933_0.0411_0.0438end-2.47_7.36_2.73_89.86_19.70_7.72_-4.44_-34.88_27.94_0.6089_0.7909_0.0416_0.0442end-1.90_7.45_2.44_89.86_19.70_7.72_-4.44_-34.88_27.94_0.6121_0.7885_0.0419_0.0444end-1.90_7.45_2.44_87.51_-4.59_8.50_-3.69_-33.81_27.56_0.6121_0.7885_0.0419_0.0444end-0.84_7.43_0.34_85.38_-15.67_9.06_-3.69_-33.81_27.56_0.6121_0.7885_0.0419_0.0444end0.06_7.28_-1.29_85.38_-15.67_9.06_-3.69_-33.81_27.56_0.6240_0.7792_0.0411_0.0424end0.11_7.44_-1.82_80.91_-25.07_10.41_-4.06_-33.13_29.31_0.6240_0.7792_0.0411_0.0424end0.11_7.44_-1.82_80.91_-25.07_10.41_-3.31_-33.13_28.87_0.6325_0.7725_0.0397_0.0394end0.39_7.61_-3.48_80.91_-25.07_10.41_-3.31_-33.13_28.87_0.6353_0.7703_0.0391_0.0383end0.55_7.66_-3.74_80.57_-29.99_9.29_-3.31_-33.13_28.87_0.6353_0.7703_0.0391_0.0383end0.55_7.66_-3.74_80.24_-29.32_8.62_-3.69_-31.37_30.25_0.6353_0.7703_0.0391_0.0383end0.55_7.66_-3.74_78.22_-25.07_7.95_-3.69_-31.37_30.25_0.6462_0.7615_0.0365_0.0341end0.50_8.04_-3.50_78.22_-25.07_7.95_-3.69_-31.37_30.25_0.6488_0.7594_0.0360_0.0331end0.37_8.18_-3.20_78.22_-25.07_7.95_-3.69_-31.37_30.25_0.6488_0.7594_0.0360_0.0331end0.24_8.20_-3.20_72.96_-17.23_7.72_-2.94_-31.00_31.12_0.6488_0.7594_0.0360_0.0331end0.24_8.20_-3.20_69.61_-4.25_6.94_-2.94_-31.00_31.12_0.6586_0.7511_0.0348_0.0306end,24.18784225,120.73571414,380.5950927734375
1542,,24.18784225,120.73571414,380.5950927734375
1543,0.25_8.26_-3.19_69.61_-4.25_6.94_-2.56_-31.00_32.44_0.6586_0.7511_0.0348_0.0306end0.25_8.26_-3.19_68.93_2.91_6.38_-2.56_-31.00_32.44_0.6609_0.7490_0.0349_0.0305end0.25_8.26_-3.19_68.49_9.85_6.83_-2.56_-31.00_32.44_0.6653_0.7451_0.0357_0.0310end-0.50_8.64_-2.53_67.14_21.26_7.27_-2.56_-31.00_32.44_0.6653_0.7451_0.0357_0.0310end-0.50_8.64_-2.53_65.46_30.33_7.72_-4.00_-29.63_32.44_0.6697_0.7410_0.0372_0.0322end-0.50_8.64_-2.53_64.46_32.23_8.17_-4.00_-29.63_32.44_0.6738_0.7371_0.0393_0.0339end-1.23_8.71_-1.66_64.46_32.23_8.17_-4.00_-29.63_32.44_0.6758_0.7351_0.0404_0.0348end-1.68_8.76_-1.39_64.46_32.23_8.17_-3.69_-29.94_33.31_0.6758_0.7351_0.0404_0.0348end-,24.18784225,120.73571414,380.5950927734375
1544,1.84_8.82_-1.25_60.21_10.74_10.97_-3.69_-29.94_33.31_0.6758_0.7351_0.0404_0.0348end-2.00_8.81_-1.15_59.53_-2.46_11.97_-3.69_-29.94_33.31_0.6817_0.7294_0.0431_0.0366end,24.18784225,120.73571414,380.5950927734375
1545,-2.09_8.86_-0.79_59.53_-2.46_11.97_-3.69_-29.94_33.31_0.6836_0.7276_0.0435_0.0364end-2.07_8.85_-0.72_59.31_-30.33_11.97_-3.69_-29.94_33.31_0.6836_0.7276_0.0435_0.0364end-1.75_8.85_-0.48_58.64_-54.39_12.65_-3.69_-29.94_33.31_0.6876_0.7241_0.0431_0.0349end-1.75_8.85_-0.48_58.08_-63.34_13.20_-3.69_-29.94_33.31_0.6914_0.7206_0.0411_0.0317end-1.75_8.85_-0.48_58.08_-63.34_13.20_-3.25_-27.06_35.94_0.6954_0.7172_0.0380_0.0272end-0.97_8.86_-0.22_58.08_-63.34_13.20_-3.25_-27.06_35.94_0.6973_0.7155_0.0361_0.0246end-0.78_8.88_-0.21_57.07_-79.57_14.21_-3.25_-27.06_35.94_0.6973_0.7155_0.0361_0.0246end-0.78_8.88_-0.21_57.07_-79.57_14.21_-3.25_-27.13_33.81_0.7030_0.7104_0.0300_0.0162end0.16_8.90_-0.26_57.07_-79.57_14.21_-3.25_-27.13_33.81_0.7048_0.7087_0.0281_0.0136end0.16_8.90_-0.26_56.62_-67.59_12.31_-3.25_-26.12_34.75_0.7067_0.7069_0.0262_0.0110end,24.18784225,120.73571414,380.5950927734375
1546,,24.18784225,120.73571414,380.5950927734375
1547,,24.18784225,120.73571414,380.5950927734375
1548,0.60_8.82_-0.18_57.18_-61.55_12.09_-2.87_-26.06_36.44_0.7067_0.7069_0.0262_0.0110end0.60_8.82_-0.18_57.86_-49.69_11.64_-2.87_-26.06_36.44_0.7104_0.7034_0.0232_0.0067end0.60_8.82_-0.18_58.08_-44.09_11.75_-2.87_-26.06_36.44_0.7141_0.6998_0.0208_0.0031end0.79_8.82_0.26_58.08_-44.09_11.75_-1.37_-25.00_37.38_0.7141_0.6998_0.0208_0.0031end0.79_8.82_0.26_57.63_-36.15_10.97_-1.37_-25.00_37.38_0.7176_0.6962_0.0190_0.0001end0.79_8.82_0.26_57.86_-32.56_10.74_-1.75_-23.94_37.00_0.7176_0.6962_0.0190_0.0001end0.63_8.80_0.31_57.30_-31.33_9.06_-1.75_-23.94_37.00_0.7230_0.6907_0.0168_-0.0037end0.91_8.77_0.04_58.19_-36.48_8.28_-1.75_-23.94_37.00_0.7230_0.6907_0.0168_-0.0037end0.91_8.77_0.04_58.19_-36.48_8.28_0.00_-23.94_37.38_0.7265_0.6870_0.0152_-0.0062end0.91_8.77_0.04_58.19_-36.48_8.28_0.00_-23.94_37.38_0.7300_0.6832_0.0133_-0.0089end,24.18784225,120.73571414,380.5950927734375
1549,,24.18784225,120.73571414,380.5950927734375
1550,,24.18784225,120.73571414,380.5950927734375
1551,1.27_8.71_-0.40_58.19_-36.48_8.28_-0.69_-23.25_37.38_0.7319_0.6813_0.0123_-0.0103end1.46_8.69_-0.39_59.31_-34.47_7.27_-0.69_-23.25_37.38_0.7319_0.6813_0.0123_-0.0103end1.61_8.72_-0.50_59.31_-34.47_7.27_-0.69_-23.25_37.38_0.7354_0.6774_0.0106_-0.0126end1.66_8.69_-0.40_60.65_-11.86_4.92_-0.69_-23.25_37.38_0.7372_0.6755_0.0101_-0.0135end1.66_8.69_-0.40_60.32_-1.79_4.59_-0.69_-23.25_37.38_0.7390_0.6735_0.0097_-0.0141end1.66_8.68_-0.42_60.32_-1.79_4.59_-0.69_-23.25_37.38_0.7390_0.6735_0.0097_-0.0141end1.17_8.65_-0.39_60.32_-1.79_4.59_-0.69_-23.25_37.38_0.7390_0.6735_0.0097_-0.0141end1.17_8.65_-0.39_60.32_-1.79_4.59_-0.69_-23.25_37.38_0.7479_0.6636_0.0121_-0,24.18784225,120.73571414,380.5950927734375
1552,.0131end0.45_8.63_-0.30_60.32_-1.79_4.59_-0.69_-23.25_37.38_0.7497_0.6616_0.0133_-0.0123end0.25_8.63_-0.29_61.44_31.11_4.36_-0.69_-23.25_37.38_0.7497_0.6616_0.0133_-0.0123end,24.18784225,120.73571414,380.5950927734375
1553,,24.18784225,120.73571414,380.5950927734375
1554,,24.18784225,120.73571414,380.5950927734375
1555,,24.18784225,120.73571414,380.5950927734375
1556,0.25_8.63_-0.29_61.44_31.11_4.36_-0.69_-23.25_37.38_0.7549_0.6555_0.0165_-0.0101end0.06_8.63_-0.24_61.44_31.11_4.36_-0.69_-23.25_37.38_0.7568_0.6534_0.0173_-0.0096end0.07_8.57_-0.23_61.44_31.11_4.36_-0.69_-23.25_37.38_0.7568_0.6534_0.0173_-0.0096end0.09_8.55_-0.23_63.79_-3.25_4.81_-0.69_-23.25_37.38_0.7568_0.6534_0.0173_-0.0096end0.09_8.55_-0.23_63.79_-3.25_4.81_-1.00_-21.12_40.00_0.7622_0.6470_0.0184_-0.0095end0.37_8.43_-0.29_63.79_-3.25_4.81_-1.00_-21.12_40.00_0.7658_0.6427_0.0183_-0.0099end0.46_8.43_-0.41_63.79_-3.25_4.81_-1.00_-21.12_40.00_0.7676_0.6406_0.0182_-0.0103end0.50_8.42_-0.59_63.79_-3.25_4.81_-1.00_-21.12_40.00_0.7695_0.6383_0.0183_-0.0104end0.50_8.42_-0.59_64.68_3.13_5.15_-1.00_-21.12_40.00_0.7712_0.6362_0.0186_-0.0105end0.53_8.37_-0.98_64.68_3.13_5.15_-1.00_-21.12_40.00_0.7730_0.6340_0.0189_-0.0104end0.31_8.30_-1.51_64.68_13.32_5.26_-1.00_-21.12_40.00_0.7748_0.6318_0.0195_-0.0103end0.31_8.30_-1.51_64.68_13.32_5.26_-1.69_-16.94_40.12_0.7766_0.6296_0.0201_-0.0100end0.31_8.30_-1.51_64.68_13.32_5.26_-1.69_-16.94_40.12_0.7801_0.6252_0.0218_-0.0092end-0.52_8.21_-1.66_64.68_13.32_5.26_-1.69_-16.94_40.12_0.7801_0.6252_0.0218_-0.0092end-0.59_8.21_-1.68_66.02_14.77_6.94_-1.69_-17.62_41.44_0.7801_0.6252_0.0218_-0.0092end-0.66_8.18_-1.72_66.58_9.85_7.39_-1.69_-17.62_41.44_0.7801_0.6252_0.0218_-0.0092end-0.77_8.18_-1.51_66.58_9.85_7.39_-1.69_-17.62_41.44_0.7891_0.6137_0.0248_-0.0084end-0.71_8.18_-1.70_66.58_9.85_7.39_-1.69_-17.62_41.44_0.7909_0.6114_0.0250_-0.0,24.18784225,120.73571414,380.5950927734375
1557,086end-0.71_8.18_-1.70_66.81_-4.92_8.17_-1.69_-15.56_41.44_0.7909_0.6114_0.0250_-0.0086end-0.57_8.12_-2.00_66.81_-4.92_8.17_-1.69_-15.56_41.44_0.7962_0.6044_0.0250_-0.0098end,24.18784225,120.73571414,380.5950927734375
1558,-0.57_8.12_-2.00_66.81_-4.92_8.17_-2.75_-15.88_41.88_0.7980_0.6021_0.0248_-0.0104end-0.44_8.04_-2.64_66.81_-4.92_8.17_-2.37_-15.19_41.44_0.7997_0.5997_0.0243_-0.0112end-0.18_7.96_-3.73_66.81_-4.92_8.17_-2.37_-15.19_41.44_0.7997_0.5997_0.0243_-0.0112end0.33_7.91_-4.14_66.81_-4.92_8.17_-2.37_-15.19_41.44_0.8050_0.5927_0.0222_-0.0141end0.44_7.90_-4.20_66.81_-4.92_8.17_-2.37_-15.19_41.44_0.8067_0.5904_0.0212_-0.0152end0.62_7.92_-3.89_66.81_-4.92_8.17_-1.25_-14.13_42.75_0.8084_0.5880_0.0201_-0.0164end0.66_7.87_-3.64_67.03_-38.72_9.06_-1.25_-14.13_42.75_0.8084_0.5880_0.0201_-0.0164end0.66_7.87_-3.64_67.03_-38.72_9.06_-1.62_-12.81_41.94_0.8120_0.5831_0.0180_-0.0188end0.84_7.91_-3.35_67.03_-38.72_9.06_-1.62_-12.81_41.94_0.8120_0.5831_0.0180_-0.0188end0.97_7.91_-3.91_67.03_-38.72_9.06_-1.62_-12.81_41.94_0.8120_0.5831_0.0180_-0.0188end,24.18784225,120.73571414,380.5950927734375
1559,,24.18784225,120.73571414,380.5950927734375
1560,,24.18784225,120.73571414,380.5950927734375
1561,0.98_7.83_-4.28_65.46_-22.72_7.05_-1.62_-12.81_42.38_0.8120_0.5831_0.0180_-0.0188end1.07_7.84_-4.82_65.46_-22.72_7.05_-1.62_-12.81_42.38_0.8220_0.5688_0.0138_-0.0240end1.15_7.82_-5.92_65.46_-22.72_7.05_-1.62_-12.81_42.38_0.8235_0.5665_0.0136_-0.0244end1.14_7.80_-6.41_65.46_-22.72_7.05_0.13_-12.06_42.81_0.8235_0.5665_0.0136_-0.0244end1.03_7.76_-6.87_62.89_-8.50_5.93_-0.56_-12.06_42.81_0.8267_0.5620_0.0135_-0.0251end1.03_7.76_-6.87_62.67_-10.41_6.15_-0.56_-12.06_42.81_0.8282_0.5596_0.0134_-0.0256end1.03_7.76_-6.87_63.11_-13.32_5.60_-0.19_-9.94_42.44_0.8298_0.5574_0.0131_-0.0260end1.03_7.76_-6.87_63.23_-16.67_4.92_-0.19_-9.94_42.44_0.8328_0.5527_0.0123_-0,24.18784225,120.73571414,380.5950927734375
1562,.0271end1.09_7.98_-7.89_63.23_-16.67_4.92_-0.19_-9.94_42.44_0.8343_0.5505_0.0117_-0.0277end1.27_8.04_-7.79_63.23_-16.67_4.92_-0.19_-9.94_42.44_0.8358_0.5483_0.0109_-0.0284end,24.18784225,120.73571414,380.5950927734375
1563,,24.18784225,120.73571414,380.5950927734375
1564,1.27_8.04_-7.79_63.23_-16.67_4.92_-0.19_-9.63_43.31_0.8385_0.5440_0.0090_-0.0300end1.57_8.00_-8.29_63.23_-16.67_4.92_-0.19_-9.63_43.31_0.8398_0.5420_0.0080_-0.0308end1.58_7.98_-8.73_63.23_-16.67_4.92_-0.19_-9.63_43.31_0.8410_0.5400_0.0070_-0.0317end1.58_7.98_-8.73_51.03_-27.64_1.57_0.19_-9.25_42.94_0.8410_0.5400_0.0070_-0.0317end1.58_7.98_-8.73_51.03_-27.64_1.57_0.19_-9.25_42.94_0.8447_0.5343_0.0046_-0.0334end2.05_8.06_-8.75_49.35_-5.48_-0.90_0.19_-9.25_42.94_0.8458_0.5324_0.0043_-0.0336end2.46_8.08_-8.38_49.35_-5.48_-0.90_0.19_-9.25_42.94_0.8458_0.5324_0.0043_-0.0336end0.99_7.82_-7.30_47.67_9.40_-1.01_0.19_-6.81_44.69_0.8458_0.5324_0.0043_-0.0336end2.,24.18784225,120.73571414,380.5950927734375
1565,92_8.04_-7.46_42.30_12.76_-1.79_0.19_-6.81_44.69_0.8502_0.5255_0.0057_-0.0325end2.04_8.24_-8.27_43.42_36.26_-2.69_0.19_-6.81_44.69_0.8511_0.5240_0.0068_-0.0316end,24.18784225,120.73571414,380.5950927734375
1566,2.32_8.12_-8.05_43.42_36.26_-2.69_0.19_-6.81_44.69_0.8511_0.5240_0.0068_-0.0316end2.05_8.26_-7.86_41.63_45.99_-3.13_-0.19_-7.19_42.50_0.8511_0.5240_0.0068_-0.0316end1.77_8.17_-7.91_41.29_43.64_-3.13_-0.19_-7.19_42.50_0.8549_0.5179_0.0132_-0.0271end1.69_8.21_-7.19_41.07_32.79_-3.02_-0.19_-7.19_42.50_0.8558_0.5164_0.0145_-0.0261end1.35_8.26_-6.74_41.07_32.79_-3.02_-0.19_-7.19_42.50_0.8558_0.5164_0.0145_-0.0261end1.35_8.26_-6.74_39.28_20.70_-3.80_-0.50_-5.81_42.94_0.8558_0.5164_0.0145_-0.0261end1.35_8.26_-6.74_39.28_20.70_-3.80_-0.50_-5.81_42.94_0.8594_0.5106_0.0174_-0.0236end1.28_8.24_-6.02_39.28_20.70_-3.80_-0.50_-5.81_42.94_0.8594_0.5106_0.0174_-0.0236end1.37_8.20_-6.00_39.28_20.70_-3.80_-0.81_-5.12_44.31_0.8594_0.5106_0.0174_-0.0236end1.28_8.17_-5.70_35.36_-12.20_-5.04_-0.81_-5.12_44.31_0.8594_0.5106_0.0174_-0.0236end,24.18784225,120.73571414,380.5950927734375
1567,,24.18784225,120.73571414,380.5950927734375
1568,1.25_8.16_-5.63_35.36_-12.20_-5.04_-0.81_-5.12_44.31_0.8634_0.5038_0.0154_-0.0234end1.20_8.16_-5.43_35.36_-12.20_-5.04_-0.81_-5.12_44.31_0.8642_0.5024_0.0145_-0.0236end1.21_8.13_-5.11_35.36_-12.20_-5.04_-0.81_-5.12_44.31_0.8642_0.5024_0.0145_-0.0236end1.12_8.14_-4.91_35.70_-21.93_-5.82_-0.81_-5.12_44.31_0.8642_0.5024_0.0145_-0.0236end1.12_8.14_-4.91_35.70_-21.93_-5.82_-0.13_-4.37_46.00_0.8674_0.4969_0.0109_-0.0245end1.00_8.10_-4.18_35.70_-21.93_-5.82_-0.13_-4.37_46.00_0.8682_0.4955_0.0101_-0.0245end0.91_8.11_-3.94_35.25_-12.42_-6.71_0.25_-4.00_45.12_0.8682_0.4955_0.0101_-0.0245end0.82_8.04_-3.91_35.36_-6.04_-7.05_0.25_-4.00_45.12_0.8682_0.4955_0.0101_-,24.18784225,120.73571414,380.5950927734375
1569,0.0245end0.82_8.04_-3.91_35.70_-3.58_-7.39_-0.13_-3.00_44.25_0.8705_0.4915_0.0085_-0.0244end0.82_8.04_-3.91_35.70_-3.58_-7.39_-0.13_-3.00_44.25_0.8721_0.4887_0.0081_-0.0239end,24.18784225,120.73571414,380.5950927734375
1570,,24.18784225,120.73571414,380.5950927734375
1571,0.58_7.98_-3.68_35.70_-3.58_-7.39_-0.13_-3.00_44.25_0.8721_0.4887_0.0081_-0.0239end0.58_7.98_-3.68_37.26_6.38_-7.61_-0.13_-3.00_44.25_0.8737_0.4859_0.0081_-0.0231end0.54_7.92_-3.59_37.26_6.38_-7.61_-0.13_-3.00_44.25_0.8753_0.4830_0.0084_-0.0222end0.35_7.84_-3.15_37.26_6.38_-7.61_0.25_-2.62_43.87_0.8753_0.4830_0.0084_-0.0222end0.,24.18784225,120.73571414,380.5950927734375
1572,18_7.84_-2.86_37.26_6.38_-7.61_0.25_-2.62_43.87_0.8753_0.4830_0.0084_-0.0222end0.05_7.77_-2.74_41.41_16.00_-7.16_0.25_-2.62_43.87_0.8753_0.4830_0.0084_-0.0222end0.05_7.77_-2.74_41.41_16.00_-7.16_0.25_-2.62_43.87_0.8796_0.4752_0.0106_-0.0190end-0.18_7.74_-2.49_41.41_16.00_-7.16_0.62_-1.56_45.19_0.8805_0.4736_0.0111_-0.0184end-0.44_7.65_-2.22_41.41_16.00_-7.16_0.62_-1.56_45.19_0.8805_0.4736_0.0111_-0.0184end-0.50_7.56_-2.17_43.76_10.41_-6.38_0.62_-1.56_45.19_0.8805_0.4736_0.0111_-0.0184end,24.18784225,120.73571414,380.5950927734375
1573,,24.18784225,120.73571414,380.5950927734375
1574,-0.54_7.53_-2.02_45.77_1.45_-5.71_0.62_-1.56_45.19_0.8842_0.4667_0.0121_-0.0165end-0.56_7.53_-2.00_45.77_1.45_-5.71_0.62_-1.56_45.19_0.8851_0.4649_0.0120_-0.0164end-0.57_7.45_-2.02_45.77_1.45_-5.71_0.62_-1.56_45.19_0.8851_0.4649_0.0120_-0.0164end-0.62_7.29_-1.91_45.77_1.45_-5.71_-0.50_-1.31_44.38_0.8851_0.4649_0.0120_-0.0164end-0.66_7.36_-1.89_49.35_-17.46_-4.48_-0.50_-1.31_44.38_0.8891_0.4573_0.0098_-0.0165end-0.77_7.16_-1.81_49.35_-17.46_-4.48_-0.50_-1.31_44.38_0.8901_0.4553_0.0089_-0.0167end-0.96_7.07_-1.63_49.35_-17.46_-4.48_-0.50_-1.31_44.38_0.8912_0.4532_0.0080_-0.0169end-1.12_7.02_-1.56_54.05_-20.70_-3.47_-0.50_-1.31_44.38_0.8912_0.4532_0.0080_-,24.18784225,120.73571414,380.5950927734375
1575,0.0169end-1.12_7.02_-1.56_56.74_-18.35_-2.35_-0.06_1.50_44.81_0.8934_0.4489_0.0063_-0.0174end-1.12_7.02_-1.56_56.74_-18.35_-2.35_-0.06_1.50_44.81_0.8957_0.4443_0.0048_-0.0179end,24.18784225,120.73571414,380.5950927734375
1576,,24.18784225,120.73571414,380.5950927734375
1577,,24.18784225,120.73571414,380.5950927734375
1578,-1.73_6.71_-1.46_56.74_-18.35_-2.35_-0.06_1.50_44.81_0.8968_0.4420_0.0042_-0.0181end-1.90_6.53_-1.70_60.21_-18.58_-1.12_-0.06_1.50_44.81_0.8968_0.4420_0.0042_-0.0181end-1.72_6.64_-2.16_60.21_-18.58_-1.12_0.62_1.19_43.94_0.9003_0.4348_0.0018_-0.0192end-1.71_6.45_-2.41_60.21_-18.58_-1.12_0.62_1.19_43.94_0.9015_0.4324_0.0007_-0.0197end-1.48_6.27_-3.12_60.21_-18.58_-1.12_0.62_1.19_43.94_0.9015_0.4324_0.0007_-0.0197end-1.34_6.44_-3.87_60.21_-18.58_-1.12_0.62_1.19_43.94_0.9039_0.4272_-0.0025_-0.0212end-1.34_6.44_-3.87_60.21_-18.58_-1.12_0.62_1.19_43.94_0.9062_0.4222_-0.0069_-0.0232end-0.64_5.83_-5.16_60.21_-18.58_-1.12_0.62_1.19_43.94_0.9062_0.4222_-0.0069_-0.0232end-0.29_6.31_-6.21_60.21_-18.58_-1.12_0.62_1.19_43.94_0.9085_0.4169_-0.0124_-0.0258end-0.44_6.57_-7.02_64.46_-82.70_-1.90_0.62_1.19_43.94_0.9085_0.4169_-0.0124_-0.0258end,24.18784225,120.73571414,380.5950927734375
1579,-0.44_6.57_-7.02_64.46_-82.70_-1.90_3.62_4.37_44.44_0.9107_0.4116_-0.0189_-0.0287end-0.64_9.81_-9.68_62.11_-103.18_-2.91_3.62_4.37_44.44_0.9118_0.4088_-0.0228_-0.0304end-0.64_9.81_-9.68_62.11_-103.18_-2.91_4.00_5.00_44.50_0.9128_0.4062_-0.0271_-0.0323end-0.64_9.81_-9.68_57.30_-153.42_-5.82_4.00_5.00_44.50_0.9145_0.4012_-0.0379_-0.0369end-0.48_25.20_-13.82_57.30_-153.42_-5.82_4.00_5.00_44.50_0.9145_0.4012_-0.0379_-0.0369end-0.48_25.20_-13.82_57.30_-153.42_-5.82_4.00_5.00_44.50_0.9161_0.3942_-0.0583_-0.0451end0.60_26.81_-17.75_57.30_-153.42_-5.82_6.12_6.31_42.75_0.9164_0.3920_-0.0652_-0.0479end-0.25_28.73_-15.27_36.93_-149.51_-3.58_6.12_6.31_42.75_0.9164_0.3920_-0.0652_-0.0479end0.76_27.38_-14.64_36.93_-149.51_-3.58_6.12_6.31_42.75_0.9164_0.3920_-0.0652_-0.0479end0.76_27.38_-14.64_36.93_-149.51_-3.58_6.12_6.31_42.75_0.9169_0.3859_-0.0848_-0.0558end,24.18784225,120.73571414,380.5950927734375
1580,,24.18784225,120.73571414,380.5950927734375
1581,0.88_22.87_-13.28_36.93_-149.51_-3.58_6.12_6.31_42.75_0.9169_0.3851_-0.0878_-0.0568end0.95_21.69_-13.35_36.93_-149.51_-3.58_10.56_6.75_44.06_0.9169_0.3846_-0.0904_-0.0576end1.07_20.65_-13.21_1.45_-52.26_-6.71_10.56_6.75_44.06_0.9169_0.3846_-0.0904_-0.0576end0.54_19.20_-11.03_1.45_-52.26_-6.71_10.56_6.75_44.06_0.9164_0.3837_-0.09,24.18784225,120.73571414,380.5950927734375
1582,72_-0.0594end0.59_18.78_-9.86_1.45_-52.26_-6.71_10.94_7.81_42.81_0.9162_0.3836_-0.0989_-0.0598end0.58_18.49_-8.95_-9.18_-24.95_-8.39_10.94_7.81_42.81_0.9162_0.3836_-0.0989_-0.0598end0.58_18.49_-8.95_-11.97_-15.11_-9.51_10.94_7.81_42.81_0.9158_0.3841_-0.1013_-0.0598end0.65_17.67_-8.70_-11.97_-15.11_-9.51_10.56_7.44_43.69_0.9158_0.3841_-0.1013_-0.0598end0.65_17.67_-8.70_-15.33_1.90_-10.97_10.56_7.44_43.69_0.9153_0.3850_-0.1022_-0.0591end0.65_17.67_-8.70_-15.33_1.90_-10.97_10.56_7.44_43.69_0.9151_0.3856_-0.1022_-0.0585end,24.18784225,120.73571414,380.5950927734375
1583,,24.18784225,120.73571414,380.5950927734375
1584,0.50_17.40_-5.43_-23.72_29.43_-9.62_10.56_7.44_43.69_0.9151_0.3856_-0.1022_-0.0585end0.34_16.83_-6.98_-23.72_29.43_-9.62_10.56_7.44_43.69_0.9151_0.3856_-0.1022_-0.0585end-0.05_16.92_-5.84_-24.40_49.13_-10.18_10.56_7.44_43.69_0.9151_0.3856_-0.1022_-0.0585end-0.05_17.02_-4.97_-24.40_57.63_-10.74_10.56_7.44_43.69_0.9151_0.3856_-0.1022_-0.0585end-0.32_17.15_-5.55_-24.40_57.63_-10.74_10.56_7.06_42.31_0.9151_0.3856_-0.1022_-0.0585end-0.68_17.24_-4.81_-24.40_57.63_-10.74_10.56_7.06_42.31_0.9134_0.3943_-0.0893_-0.0475end-0.68_17.24_-4.81_-24.40_57.63_-10.74_9.44_7.06_41.88_0.9131_0.3955_-0.0870_-0.0460end-0.96_17.54_-5.25_-24.40_57.63_-10.74_9.44_7.06_41.88_0.,24.18784225,120.73571414,380.5950927734375
1585,9131_0.3955_-0.0870_-0.0460end-0.79_17.47_-6.07_-33.35_58.08_-7.05_9.44_7.06_41.88_0.9131_0.3955_-0.0870_-0.0460end-1.22_17.20_-6.64_-33.35_58.08_-7.05_9.44_7.06_41.88_0.9118_0.4010_-0.0787_-0.0403end,24.18784225,120.73571414,380.5950927734375
1586,,24.18784225,120.73571414,380.5950927734375
1587,,24.18784225,120.73571414,380.5950927734375
1588,,24.18784225,120.73571414,380.5950927734375
1589,-1.09_17.11_-6.34_-41.07_55.51_-6.38_9.44_7.06_41.88_0.9113_0.4026_-0.0767_-0.0390end-0.43_16.50_-6.85_-41.07_55.51_-6.38_9.44_7.06_41.88_0.9113_0.4026_-0.0767_-0.0390end-1.08_15.73_-7.61_-41.07_55.51_-6.38_9.44_7.06_41.88_0.9101_0.4063_-0.0728_-0.0363end-0.52_15.31_-8.86_-50.81_58.19_-8.50_9.44_7.06_41.88_0.9101_0.4063_-0.0728_-0.0363end-0.52_15.31_-8.86_-50.81_58.19_-8.50_7.25_4.75_43.13_0.9080_0.4126_-0.0662_-0.0314end-1.16_14.32_-7.83_-50.81_58.19_-8.50_7.25_4.75_43.13_0.9072_0.4149_-0.0637_-0.0296end-1.16_14.32_-7.83_-50.81_58.19_-8.50_6.87_4.37_43.13_0.9072_0.4149_-0.0637_-0.0296end0.39_13.66_-9.14_-50.81_58.19_-8.50_6.87_4.37_43.13_0.9072_0.4149_-0.0637_-0.0296end0.39_13.66_-9.14_-50.81_58.19_-8.50_6.87_4.37_43.13_0.9042_0.4227_-0.0556_-0.0240end0.39_13.66_-9.14_-50.81_58.19_-8.50_6.12_2.62_43.56_0.9018_0.4288_-0.0501_-0.0206end-0.14_12.92_-8.10_-50.81_58.19_-8.50_6.12_2.62_43.56_0.9004_0.4321_-0.0472_-0.0188end-1.66_12.30_-10.42_-50.81_58.19_-8.50_6.12_2.62_43.56_0.9004_0.4321_-0.0472_-0.0188end-1.66_12.30_-10.42_-50.81_58.19_-8.50_3.94_1.56_43.56_0.8956_0.4431_-0.0373_-0.0121end-0.27_10.82_-9.48_-102.84_94.78_-10.52_3.94_1.56_43.56_0.8939_0.4470_-0.0338_-0.0096end-0.61_10.41_-8.76_-102.84_94.78_-10.52_3.94_1.56_43.56_0.8919_0.4511_-0.0305_-0.0073end-0.18_9.50_-8.74_-102.84_94.78_-10.52_2.50_0.81_44.38_0.8919_0.4511_-0.0305_-0.0073end-1.01_8.59_-8.40_-117.39_77.89_-7.27_2.50_0.81_44.38_0.8876_0.4600_-0.0243_-0.0031end-1.34_7.58_-7.93_-117.39_77.89_-7.27_2.50_0.81_44.38_0.882,24.18784225,120.73571414,380.5950927734375
1590,8_0.4694_-0.0187_0.0009end-1.56_6.96_-7.52_-117.39_77.89_-7.27_2.50_0.81_44.38_0.8828_0.4694_-0.0187_0.0009end-1.23_6.53_-7.06_-117.39_77.89_-7.27_2.50_0.81_44.38_0.8828_0.4694_-0.0187_0.0009end,24.18784225,120.73571414,380.5950927734375
1591,-1.23_6.53_-7.06_-117.39_77.89_-7.27_2.50_0.81_44.38_0.8748_0.4844_-0.0109_0.0069end-0.87_4.75_-6.26_-117.39_77.89_-7.27_2.50_0.81_44.38_0.8748_0.4844_-0.0109_0.0069end-1.08_4.50_-6.22_-147.94_51.81_-8.95_2.50_0.81_44.38_0.8748_0.4844_-0.0109_0.0069end-1.07_4.29_-6.11_-147.94_51.81_-8.95_2.50_0.81_44.38_0.8588_0.5120_-0.0009_0.0,24.18784225,120.73571414,380.5950927734375
1592,150end-1.10_4.05_-5.72_-147.94_51.81_-8.95_-0.50_-6.12_44.69_0.8553_0.5178_0.0006_0.0164end-0.83_4.02_-5.53_-160.36_41.07_-10.41_-0.50_-6.12_44.69_0.8553_0.5178_0.0006_0.0164end-0.71_3.99_-5.32_-160.36_41.07_-10.41_-1.19_-7.25_42.94_0.8516_0.5238_0.0021_0.0178end-0.71_3.99_-5.32_-168.87_38.38_-9.51_-1.19_-7.25_42.94_0.8516_0.5238_0.0021_0.0178end-0.71_3.99_-5.32_-168.87_38.38_-9.51_-0.88_-7.87_42.50_0.8402_0.5417_0.0061_0.0214end-0.94_2.79_-4.77_-171.55_39.73_-9.85_-1.94_-8.94_42.88_0.8402_0.5417_0.0061_0.0214end,24.18784225,120.73571414,380.5950927734375
1593,,24.18784225,120.73571414,380.5950927734375
1594,-0.89_2.62_-4.64_-176.48_42.52_-10.41_-1.94_-8.94_42.88_0.8402_0.5417_0.0061_0.0214end-0.79_2.19_-4.43_-176.48_42.52_-10.41_-1.94_-8.94_42.88_0.8187_0.5734_0.0133_0.0280end-0.79_2.19_-4.43_-183.64_39.39_-10.63_-2.37_-12.44_42.88_0.8141_0.5798_0.0146_0.0292end-0.90_1.73_-4.12_-183.64_39.39_-10.63_-2.37_-12.44_42.88_0.8141_0.5798_0.0146_0.0292end-0.92_1.59_-4.03_-183.64_39.39_-10.63_-2.37_-13.88_41.50_0.8141_0.5798_0.0146_0.0292end-0.89_1.45_-3.98_-183.64_39.39_-10.63_-2.37_-13.88_41.50_0.7944_0.6061_0.0194_0.0337end-0.73_1.36_-3.77_-183.64_39.39_-10.63_-2.37_-15.94_40.19_0.7944_0.6061_0.0194_0.0337end-0.73_1.36_-3.77_-196.06_22.16_-10.74_-2.37_-15.94_40,24.18784225,120.73571414,380.5950927734375
1595,.19_0.7891_0.6129_0.0203_0.0346end-0.73_1.36_-3.77_-196.06_22.16_-10.74_-2.37_-15.94_40.19_0.7786_0.6262_0.0219_0.0362end-0.73_1.36_-3.77_-200.76_17.79_-10.74_-2.37_-15.94_40.19_0.7729_0.6331_0.0226_0.0369end,24.18784225,120.73571414,380.5950927734375
1596,,24.18784225,120.73571414,380.5950927734375
1597,-0.70_1.28_-3.11_-200.76_17.79_-10.74_-2.37_-15.94_40.19_0.7673_0.6397_0.0232_0.0375end-0.70_1.28_-3.11_-203.33_18.02_-10.52_-3.50_-18.75_40.12_0.7559_0.6531_0.0244_0.0388end-0.70_1.28_-3.11_-205.68_20.81_-10.63_-3.50_-18.75_40.12_0.7559_0.6531_0.0244_0.0388end-0.87_1.22_-2.01_-205.68_20.81_-10.63_-3.56_-22.19_37.81_0.7559_0.6531_0.0244_0.0388end-0.91_1.22_-1.84_-207.81_24.40_-10.41_-3.56_-22.19_37.81_0.7314_0.6801_0.0276_0.0419end-1.01_1.26_-1.59_-207.81_24.40_-10.41_-3.56_-22.19_37.81_0.7252_0.6866_0.0286_0.0427end-1.11_1.31_-1.45_-207.81_24.40_-10.41_-3.94_-23.31_36.00_0.7252_0.6866_0.0286_0.0427end-1.11_1.31_-1.45_-210.38_28.20_-9.85_-3.25_-25.75_36.88_0.7252_0.6866_0.0286_0.0427end-1.11_1.31_-1.45_-210.72_26.63_-9.96_-3.25_-25.75_36.88_0.7059_0.7062_0.0315_0.0453end-1.11_1.31_-1.45_-211.28_20.03_-9.18_-3.62_-25.37_36.00_0.7059_0.7062_0.0315_0.0453end,24.18784225,120.73571414,380.5950927734375
1598,,24.18784225,120.73571414,380.5950927734375
1599,,24.18784225,120.73571414,380.5950927734375
1600,,24.18784225,120.73571414,380.5950927734375
1601,-1.11_1.31_-1.45_-211.28_20.03_-9.18_-4.37_-28.19_35.06_0.6859_0.7253_0.0339_0.0474end-1.01_1.95_-0.28_-209.94_3.13_-7.27_-4.37_-28.19_35.06_0.6859_0.7253_0.0339_0.0474end-1.01_1.95_-0.28_-209.94_3.13_-7.27_-2.94_-29.25_33.81_0.6658_0.7438_0.0350_0.0477end-0.86_2.76_0.25_-208.26_-10.41_-5.37_-2.94_-29.25_33.81_0.6588_0.7500_0.0350_0.0472end-0.75_3.33_0.62_-208.26_-10.41_-5.37_-2.94_-29.25_33.81_0.6588_0.7500_0.0350_0.0472end-0.75_3.33_0.62_-205.79_-22.05_-3.36_-2.94_-31.00_32.00_0.6588_0.7500_0.0350_0.0472end-0.75_3.33_0.62_-205.79_-22.05_-3.36_-2.94_-31.00_32.00_0.6453_0.7618_0.0346_0.0458end-0.75_3.33_0.62_-198.74_-29.77_-0.78_-2.94_-31.00_32.00_0.6317_0.7733_0.0339_0.0436end-0.75_3.33_0.62_-195.72_-29.66_0.34_-3.69_-33.81_28.44_0.6249_0.7788_0.0334_0.0424end-0.54_5.08_4.23_-195.72_-29.66_0.34_-3.69_-33.81_28.44_0.6181_0.7844_0.0330_0.0411end,24.18784225,120.73571414,380.5950927734375
1602,-0.38_5.32_2.88_-195.72_-29.66_0.34_-3.00_-35.19_27.56_0.6181_0.7844_0.0330_0.0411end0.04_5.12_2.68_-195.72_-29.66_0.34_-3.37_-35.25_25.75_0.5908_0.8054_0.0316_0.0360end0.14_4.70_1.42_-195.72_-29.66_0.34_-3.37_-35.25_25.75_0.5908_0.8054_0.0316_0.0360end0.14_4.54_2.72_-186.88_-19.36_3.47_-3.37_-35.25_25.75_0.5908_0.8054_0.0316_0.0360end0.09_4.43_2.61_-186.88_-19.36_3.47_-2.31_-38.44_24.87_0.5908_0.8054_0.0316_0.0360end0.09_4.43_2.61_-184.64_-23.16_5.04_-2.31_-38.44_24.87_0.5575_0.8290_0.0309_0.0304end0.09_4.43_2.61_-179.50_-22.27_5.93_-2.31_-38.44_24.87_0.5575_0.8290_0.0309_0.0304end0.09_4.43_2.61_-176.25_-22.94_6.27_-2.31_-38.44_24.87_0.5444_0.8378_0.0,24.18784225,120.73571414,380.5950927734375
1603,307_0.0280end-0.16_5.41_4.31_-176.25_-22.94_6.27_-2.31_-38.44_24.87_0.5380_0.8419_0.0306_0.0267end-0.04_5.78_4.89_-176.25_-22.94_6.27_-2.31_-38.44_24.87_0.5380_0.8419_0.0306_0.0267end,24.18784225,120.73571414,380.5950927734375
1604,,24.18784225,120.73571414,380.5950927734375
1605,,24.18784225,120.73571414,380.5950927734375
1606,-0.03_5.94_4.74_-176.25_-22.94_6.27_-3.06_-38.81_20.50_0.5194_0.8537_0.0302_0.0228end-0.09_6.25_4.94_-176.25_-22.94_6.27_-2.37_-40.56_18.69_0.5134_0.8574_0.0300_0.0211end-0.27_6.53_5.26_-176.25_-22.94_6.27_-2.37_-40.56_18.69_0.5134_0.8574_0.0300_0.0211end-0.27_6.53_5.26_-176.25_-22.94_6.27_-2.37_-40.56_18.69_0.4960_0.8677_0.0288_0.0153end0.36_7.22_5.55_-176.25_-22.94_6.27_-2.00_-40.19_16.94_0.4905_0.8709_0.0284_0.0132end0.56_7.24_5.03_-136.53_-52.04_13.20_-2.00_-40.19_16.94_0.4905_0.8709_0.0284_0.0132end-0.47_7.10_6.51_-136.53_-52.04_13.20_-1.62_-41.25_16.06_0.4850_0.8740_0.0279_0.0108end-0.47_7.10_6.51_-132.27_-82.14_15.44_-1.62_-41.25_16.06_0.4749_0.,24.18784225,120.73571414,380.5950927734375
1607,8796_0.0262_0.0048end1.14_7.92_5.45_-132.27_-82.14_15.44_-1.62_-41.25_16.06_0.4651_0.8849_0.0236_-0.0034end1.14_7.92_5.45_-119.40_-115.82_16.00_-1.62_-41.25_16.06_0.4651_0.8849_0.0236_-0.0034end,24.18784225,120.73571414,380.5950927734375
1608,1.14_7.92_5.45_-119.40_-115.82_16.00_-1.25_-41.63_13.88_0.4562_0.8896_0.0202_-0.0131end1.14_7.92_5.45_-107.09_-141.67_18.02_-2.37_-42.69_13.88_0.4517_0.8918_0.0181_-0.0188end1.14_7.92_5.45_-107.09_-141.67_18.02_-2.00_-41.31_13.00_0.4436_0.8956_0.0139_-0.0305end3.05_11.95_3.79_-99.37_-138.65_17.23_-1.00_-43.06_12.06_0.4436_0.8956_0.0139_-0.0305end3.15_11.92_3.55_-95.12_-128.13_16.11_-1.00_-43.06_12.06_0.4321_0.9006_0.0078_-0.0471end2.94_11.81_3.43_-95.12_-128.13_16.11_-1.31_-43.44_11.69_0.4285_0.9021_0.0062_-0.0513end2.70_11.14_2.99_-95.12_-128.13_16.11_-1.31_-43.44_11.69_0.4249_0.9036_0.0049_-0.0549end2.50_10.70_2.84_-95.12_-128.13_16.11_-1.69_-42.75_1,24.18784225,120.73571414,380.5950927734375
1609,1.69_0.4249_0.9036_0.0049_-0.0549end2.21_10.29_2.82_-79.79_-25.85_10.63_-1.69_-42.75_11.69_0.4249_0.9036_0.0049_-0.0549end2.21_10.29_2.82_-76.32_-6.27_9.06_-1.69_-42.75_11.69_0.4150_0.9078_0.0036_-0.0600end,24.18784225,120.73571414,380.5950927734375
1610,1.35_8.55_3.50_-76.32_-6.27_9.06_-1.69_-42.75_11.69_0.4120_0.9092_0.0038_-0.0601end1.35_8.55_3.50_-67.48_31.56_5.15_-1.69_-42.75_11.69_0.4064_0.9118_0.0048_-0.0585end0.99_7.60_4.52_-64.23_33.80_4.03_-1.69_-42.75_11.69_0.4064_0.9118_0.0048_-0.0585end1.09_7.59_4.64_-64.23_33.80_4.03_-1.69_-43.13_8.63_0.4012_0.9142_0.0059_-0.0562end1.09_7.59_4.64_-52.37_10.63_1.90_-1.69_-43.13_8.63_0.4012_0.9142_0.0059_-0.0562end1.09_7.59_4.64_-52.37_10.63_1.90_-1.69_-43.13_8.63_0.3945_0.9172_0.0066_-0.0544end1.19_8.12_5.81_-52.37_10.63_1.90_-1.69_-43.13_8.63_0.3945_0.9172_0.0066_-0.0544end1.18_8.21_5.36_-40.96_-41.85_0.90_-1.69_-43.13_8.63_0.3892_0.9193_0.0048_-0.0584end1.70_8.08_4.77_-40.96_-41.85_0.90_-1.31_-43.50_8.63_0.3878_0.9197_0.0035_-0.0610end1.68_7.93_4.80_-40.96_-41.85_0.90_-1.31_-43.50_8.63_0.3865_0.9200_0.0021_-0.0640end,24.18784225,120.73571414,380.5950927734375
1611,,24.18784225,120.73571414,380.5950927734375
1612,,24.18784225,120.73571414,380.5950927734375
1613,1.55_7.74_4.37_-40.96_-41.85_0.90_-0.62_-43.81_8.13_0.3865_0.9200_0.0021_-0.0640end1.29_7.29_4.00_-21.93_-88.18_-2.24_-0.62_-43.81_8.13_0.3865_0.9200_0.0021_-0.0640end1.29_7.29_4.00_-21.93_-88.18_-2.24_-0.62_-43.81_8.13_0.3828_0.9206_-0.0042_-0.0775end1.17_7.22_3.12_-21.93_-88.18_-2.24_-0.62_-43.81_8.13_0.3822_0.9206_-0.0057_-0.0803end1.36_7.23_2.86_-9.62_-54.05_-6.94_-0.62_-43.81_8.13_0.3822_0.9206_-0.0057_-0.0803end1.11_7.06_2.89_-9.62_-54.05_-6.94_-1.31_-43.81_8.13_0.3822_0.9206_-0.0057_-0.0803end1.11_7.06_2.89_-9.62_-54.05_-6.94_-1.31_-43.81_8.13_0.3812_0.9204_-0.0096_-0.0860end0.66_6.75_3.66_-9.62_-54.05_-6.94_-1.31_-43.81_8.13_0.3813_0.9204_-0.0099_-0.0858end0.62_6.61_4.30_-9.62_-54.05_-6.94_-1.31_-43.81_8.13_0.3816_0.9204_-0.0101_-0.0847end0.57_6.54_4.32_11.86_47.78_-13.32_-1.31_-43.81_8.13_0.3816_0.9204_-0.0101_-0.0847end,24.18784225,120.73571414,380.5950927734375
1614,,24.18784225,120.73571414,380.5950927734375
1615,0.57_6.54_4.32_18.13_72.18_-14.44_-1.31_-43.81_8.13_0.3816_0.9204_-0.0101_-0.0847end0.52_6.27_4.26_18.13_72.18_-14.44_-1.31_-43.81_8.13_0.3842_0.9202_-0.0081_-0.0744end-0.14_5.71_3.90_18.13_72.18_-14.44_0.44_-43.87_6.37_0.3852_0.9201_-0.0073_-0.0710end-0.27_5.67_3.89_29.99_78.67_-14.77_0.44_-43.87_6.37_0.3852_0.9201_-0.0073_-0.0710end-0.27_5.67_3.89_29.99_78.67_-14.77_0.44_-43.87_6.37_0.3877_0.9196_-0.0057_-0.0643end-0.45_6.43_4.02_29.99_78.67_-14.77_0.44_-43.87_6.37_0.3891_0.9191_-0.0050_-0.0612end-0.45_6.43_4.02_44.54_50.47_-13.09_0.06_-43.50_8.13_0.3891_0.9191_-0.0050_-0.0612end-0.41_6.81_3.99_44.54_50.47_-13.09_0.06_-43.50_8.13_0.3891_0.9191_-0.005,24.18784225,120.73571414,380.5950927734375
1616,0_-0.0612end-0.41_6.81_3.99_51.59_32.79_-12.53_-0.62_-43.50_8.56_0.3984_0.9158_-0.0031_-0.0510end-0.40_7.10_4.01_51.59_32.79_-12.53_-0.62_-43.50_8.56_0.4008_0.9149_-0.0031_-0.0498end,24.18784225,120.73571414,380.5950927734375
1617,,24.18784225,120.73571414,380.5950927734375
1618,-0.29_7.32_4.13_51.59_32.79_-12.53_0.13_-43.13_9.06_0.4008_0.9149_-0.0031_-0.0498end-0.20_7.52_4.17_51.59_32.79_-12.53_1.19_-43.44_8.63_0.4008_0.9149_-0.0031_-0.0498end-0.02_7.77_4.10_51.59_32.79_-12.53_1.19_-43.44_8.63_0.4113_0.9103_-0.0034_-0.0468end0.13_8.42_4.00_51.59_32.79_-12.53_1.19_-43.44_8.63_0.4113_0.9103_-0.0034_-0.04,24.18784225,120.73571414,380.5950927734375
1619,,24.18784225,120.73571414,380.5950927734375
1620,68end0.26_8.74_3.88_51.59_32.79_-12.53_0.13_-42.75_11.19_0.4172_0.9076_-0.0039_-0.0464end0.49_9.14_3.57_51.59_32.79_-12.53_0.13_-42.75_11.19_0.4172_0.9076_-0.0039_-0.0464end0.49_9.14_3.57_85.83_-18.46_-11.75_1.19_-42.75_11.19_0.4172_0.9076_-0.0039_-0.0464end0.59_9.50_3.33_85.83_-18.46_-11.75_1.19_-42.75_11.19_0.4172_0.9076_-0.0039_-0.0464end0.89_9.89_3.39_91.76_-27.08_-12.53_1.19_-42.75_11.19_0.4344_0.8993_-0.0072_-0.0494end0.89_9.89_3.39_97.81_-32.12_-14.10_1.19_-42.75_11.19_0.4382_0.8974_-0.0081_-0.0504end,24.18784225,120.73571414,380.5950927734375
1621,,24.18784225,120.73571414,380.5950927734375
1622,,24.18784225,120.73571414,380.5950927734375
1623,1.23_10.71_3.31_102.51_-34.02_-15.55_-0.62_-43.06_12.56_0.4382_0.8974_-0.0081_-0.0504end1.25_10.75_3.16_102.51_-34.02_-15.55_-0.62_-43.06_12.56_0.4501_0.8913_-0.0112_-0.0535end1.30_10.80_2.87_102.51_-34.02_-15.55_-0.62_-43.06_12.56_0.4542_0.8892_-0.0123_-0.0545end1.29_10.75_2.65_102.51_-34.02_-15.55_-0.62_-43.06_12.56_0.4586_0.8868_-0.0134_-0.0555end-3.82_34.39_-7.34_102.51_-34.02_-15.55_-0.62_-43.06_12.56_0.4628_0.8846_-0.0146_-0.0564end3.79_48.59_-38.95_246.08_-28.20_-6.27_-0.62_-43.06_12.56_0.4628_0.8846_-0.0146_-0.0564end3.79_48.59_-38.95_-15.55_-40.06_1.68_-0.62_-43.06_12.56_0.4799_0.8752_-0.0169_-0.0585end0.64_2.41_45.30_-15.55_-40.06_1.68_-0.62_-43.06_12.56_0.4794_0.8753_-0.0181_-0.0607end-1.05_8.58_17.99_-15.55_-40.06_1.68_-0.62_-43.06_12.56_0.4794_0.8753_-0.0181_-0.0607end-1.26_5.67_2.05_-20.81_-95.23_-8.39_-0.62_-43.06_12.56_0.4794_0.8753_-0.0181_-0.0607end1.30_6.41_-15.96_-51.70_-81.13_-11.97_3.06_-41.94_16.06_0.4794_0.8753_-0.0181_-0.0607end1.38_5.71_6.89_-51.70_-81.13_-11.97_3.06_-41.94_16.06_0.4777_0.8751_-0.0275_-0.0735end-3.15_6.76_1.29_-51.70_-81.13_-11.97_3.06_-41.94_16.06_0.4794_0.8739_-0.0289_-0.0754end4.46_7.93_-0.20_-51.70_-81.13_-11.97_2.00_-41.56_16.56_0.4794_0.8739_-0.0289_-0.0754end3.07_8.90_7.89_-51.70_-81.13_-11.97_2.00_-41.63_15.63_0.4873_0.8691_-0.0323_-0.0777end-1.11_6.40_7.72_74.08_-24.95_-20.48_2.00_-41.63_15.63_0.4902_0.8674_-0.0334_-0.0784end3.85_8.30_6.95_74.08_-24.95_-20.48_2.00_-41.63_15.63_0.4902_0.8674_-0.0334_-0.0784end3.85_8.30_6.95_75.09_-47.67_-7.05_2.00_-41.63_15.63_0.4962_0.8638_-0.0352_-0.0799end1.54_8.65_18.84_75.09_-47.67_-7.05_2.00_-41.63_15.63_0.4984_0.8624_-0.0363_-0.0815end5.23_8.26_10.53_75.09_-47.67_-7.05_3.44_-40.88_17.81_0.4984_0.8624_-0.0363_-0.0815end,24.18784225,120.73571414,380.5950927734375
1624,,24.18784225,120.73571414,380.5950927734375
1625,5.23_8.26_10.53_36.15_13.20_-21.37_3.44_-40.88_17.81_0.4999_0.8613_-0.0373_-0.0826end2.05_7.57_7.53_36.15_13.20_-21.37_3.44_-40.88_17.81_0.5027_0.8596_-0.0387_-0.0828end0.68_7.03_3.05_36.15_13.20_-21.37_3.44_-40.88_17.81_0.5027_0.8596_-0.0387_-0.0828end1.73_7.50_3.07_64.79_56.40_-20.59_3.44_-40.88_17.81_0.5089_0.8564_-0.0387_-0.,24.18784225,120.73571414,380.5950927734375
1626,0784end1.73_7.50_3.07_68.15_63.45_-18.35_3.44_-40.88_17.81_0.5140_0.8538_-0.0373_-0.0735end1.17_7.78_3.82_68.15_63.45_-18.35_2.75_-38.81_20.06_0.5167_0.8525_-0.0363_-0.0707end1.37_7.97_5.68_68.15_63.45_-18.35_2.75_-38.81_20.06_0.5192_0.8513_-0.0351_-0.0678end0.72_7.83_5.97_56.62_79.12_-19.25_2.75_-38.81_20.06_0.5192_0.8513_-0.03,24.18784225,120.73571414,380.5950927734375
1627,51_-0.0678end0.72_7.83_5.97_56.62_79.12_-19.25_2.00_-39.44_21.37_0.5238_0.8490_-0.0326_-0.0615end0.72_7.83_5.97_56.62_79.12_-19.25_2.00_-39.44_21.37_0.5284_0.8467_-0.0303_-0.0551end,24.18784225,120.73571414,380.5950927734375
1628,0.61_7.70_4.68_61.55_64.79_-19.02_2.37_-39.75_21.81_0.5307_0.8455_-0.0292_-0.0522end0.67_7.75_4.64_61.55_64.79_-19.02_2.37_-39.75_21.81_0.5307_0.8455_-0.0292_-0.0522end0.67_7.75_4.64_64.79_46.89_-16.11_2.37_-39.75_21.81_0.5307_0.8455_-0.0292_-0.0522end0.67_7.75_4.64_65.02_40.17_-15.11_2.37_-38.75_21.81_0.5406_0.8397_-0.0266_-0.0438end0.28_7.96_6.17_65.02_40.17_-15.11_2.37_-38.75_21.81_0.5429_0.8383_-0.0263_-0.0424end0.41_7.82_6.10_63.23_23.72_-16.56_2.37_-38.75_21.81_0.5429_0.8383_-0.0263_-0.0424end0.41_7.82_6.10_63.23_23.72_-16.56_2.37_-38.75_21.81_0.5500_0.8339_-0.0259_-0.0386end0.61_7.79_5.28_63.23_23.72_-16.56_2.37_-38.75_21.81_0.5524_0.8323_-0.0260_-0.0377end0.60_7.82_4.97_63.23_23.72_-16.56_2.37_-38.75_23.56_0.5547_0.8307_-0.0262_-0.0370end0.54_7.84_5.06_67.03_6.83_-14.21_2.37_-38.75_23.56_0.5547_0.8307_-0.0262_-0.0370end,24.18784225,120.73571414,380.5950927734375
1629,,24.18784225,120.73571414,380.5950927734375
1630,,24.18784225,120.73571414,380.5950927734375
1631,0.54_7.84_5.06_67.03_6.83_-14.21_2.37_-38.75_23.56_0.5621_0.8259_-0.0269_-0.0354end0.48_7.96_5.23_67.03_6.83_-14.21_2.37_-38.75_23.56_0.5646_0.8242_-0.0271_-0.0348end0.52_7.86_5.36_67.03_6.83_-14.21_2.06_-37.31_24.50_0.5646_0.8242_-0.0271_-0.0348end0.56_7.84_5.61_67.70_12.87_-15.78_2.06_-37.31_24.50_0.5696_0.8208_-0.0274_-0.0333end0.56_7.84_5.61_69.16_14.21_-16.23_2.81_-36.94_24.87_0.5696_0.8208_-0.0274_-0.0333end0.56_7.84_5.61_71.17_10.18_-15.22_2.81_-36.94_24.87_0.5746_0.8173_-0.0276_-0.0316end0.56_7.84_5.61_71.17_10.18_-15.22_2.81_-36.94_24.87_0.5772_0.8156_-0.0278_-0.0309end0.56_7.84_5.61_71.62_7.95_-14.32_2.81_-36.94_24.87_0.5797_0.8138_-0.0280_-0.0303end-0.05_7.76_4.90_71.62_7.95_-14.32_2.81_-36.94_24.87_0.5849_0.8101_-0.0285_-0.0293end-0.07_7.84_4.53_71.84_8.06_-15.11_2.81_-36.94_24.87_0.5849_0.8101_-0.0285_-0.0293end,24.18784225,120.73571414,380.5950927734375
1632,,24.18784225,120.73571414,380.5950927734375
1633,-0.04_7.80_3.73_71.84_8.06_-15.11_2.81_-36.94_24.87_0.5927_0.8045_-0.0291_-0.0275end-0.10_7.77_3.01_71.84_8.06_-15.11_2.81_-36.94_24.87_0.5927_0.8045_-0.0291_-0.0275end-0.12_7.82_2.78_74.42_20.59_-14.44_2.81_-36.94_24.87_0.5927_0.8045_-0.0291_-0.0275end-0.32_7.83_2.37_74.42_20.59_-14.44_2.81_-36.94_24.87_0.6005_0.7988_-0.0291_-0.0248end-0.48_7.89_2.28_74.42_20.59_-14.44_2.81_-36.94_24.87_0.6057_0.7949_-0.0287_-0.0227end-0.52_7.89_2.14_74.42_20.59_-14.44_2.44_-35.50_27.56_0.6083_0.7929_-0.0285_-0.0216end-0.52_7.89_2.14_73.19_26.86_-12.87_2.81_-33.44_27.13_0.6109_0.7910_-0.0281_-0.0204end-0.77_7.99_1.42_73.19_26.86_-12.87_2.81_-33.44_27.13_0.6109_0.7910_-0.0281_-0.0204end-0.77_7.99_1.21_73.19_26.86_-12.87_2.44_-33.75_29.31_0.6109_0.7910_-0.0281_-0.0204end-0.81_7.98_1.06_73.19_26.86_-12.87_2.44_-33.75_29.31_0.6210_0.7831_-0.0269_-0.0161end,24.18784225,120.73571414,380.5950927734375
1634,,24.18784225,120.73571414,380.5950927734375
1635,-1.04_8.06_0.80_73.19_26.86_-12.87_2.44_-33.75_29.31_0.6235_0.7812_-0.0266_-0.0151end-1.22_8.13_0.87_73.19_26.86_-12.87_2.44_-33.75_29.31_0.6260_0.7793_-0.0262_-0.0142end-1.67_8.06_0.71_70.84_25.29_-9.18_2.44_-33.75_29.31_0.6260_0.7793_-0.0262_-0.0142end-1.78_8.18_0.36_70.50_28.20_-9.62_2.44_-33.75_29.31_0.6333_0.7734_-0.0249_-0,24.18784225,120.73571414,380.5950927734375
1636,.0109end-1.89_8.25_0.52_71.84_32.12_-9.74_3.19_-32.38_28.94_0.6333_0.7734_-0.0249_-0.0109end-1.89_8.25_0.52_71.84_32.12_-9.74_3.19_-32.38_28.94_0.6382_0.7694_-0.0237_-0.0084end-1.94_8.31_0.66_71.84_32.12_-9.74_1.75_-32.06_30.25_0.6382_0.7694_-0.0237_-0.0084end-1.94_8.31_0.66_71.06_21.60_-6.71_1.75_-32.06_30.25_0.6431_0.7654_-0.0227_-0.0063end-1.94_8.31_0.66_70.61_16.67_-5.26_2.50_-32.75_31.12_0.6478_0.7615_-0.0221_-0.0051end-2.09_8.38_0.74_70.61_16.67_-5.26_2.50_-32.75_31.12_0.6501_0.7595_-0.0220_-0.0047end,24.18784225,120.73571414,380.5950927734375
1637,-2.09_8.38_0.74_68.71_5.48_-4.25_2.50_-31.31_32.00_0.6501_0.7595_-0.0220_-0.0047end-2.09_8.38_0.74_68.71_5.48_-4.25_2.50_-31.31_32.00_0.6569_0.7536_-0.0220_-0.0042end-1.79_8.42_0.36_68.71_5.48_-4.25_2.87_-29.87_31.62_0.6592_0.7516_-0.0221_-0.0042end-1.56_8.50_0.16_68.71_5.48_-4.25_2.87_-29.87_31.62_0.6614_0.7496_-0.0222_-0.0043end-1.52_8.48_0.10_68.04_-4.70_-1.34_2.87_-29.87_31.62_0.6614_0.7496_-0.0222_-0.0043end-1.52_8.50_0.26_68.04_-4.70_-1.34_2.19_-28.81_32.88_0.6658_0.7457_-0.0226_-0.0046end-1.47_8.54_0.34_67.70_-1.23_-0.78_2.19_-28.81_32.88_0.6703_0.7418_-0.0226_-0.0048end-1.43_8.52_0.39_67.70_-1.23_-0.78_2.19_-28.81_32.88_0.6724_0.7398_-0.0225_-0,24.18784225,120.73571414,380.5950927734375
1638,.0047end-1.20_8.55_0.37_67.70_-1.23_-0.78_2.19_-28.81_32.88_0.6724_0.7398_-0.0225_-0.0047end-1.15_8.51_0.36_67.70_-1.23_-0.78_2.19_-28.81_32.88_0.6768_0.7358_-0.0220_-0.0043end,24.18784225,120.73571414,380.5950927734375
1639,,24.18784225,120.73571414,380.5950927734375
1640,-1.02_8.56_0.24_67.70_-1.23_-0.78_2.19_-28.81_32.88_0.6768_0.7358_-0.0220_-0.0043end-1.07_8.56_0.11_67.70_-1.23_-0.78_2.19_-28.81_32.88_0.6833_0.7299_-0.0208_-0.0034end-1.10_8.57_-0.05_67.70_-1.23_-0.78_2.19_-28.81_32.88_0.6854_0.7279_-0.0203_-0.0031end-1.04_8.52_-0.11_66.02_15.22_2.24_2.19_-28.81_32.88_0.6854_0.7279_-0.0203_-0.0031end-1.08_8.64_-0.18_65.91_16.11_2.01_2.19_-28.81_32.88_0.6917_0.7220_-0.0187_-0.0020end-0.91_8.73_-0.19_65.80_17.46_2.46_2.19_-28.81_32.88_0.6937_0.7200_-0.0181_-0.0015end-0.94_8.63_-0.18_65.80_17.46_2.46_2.19_-27.37_35.19_0.6959_0.7180_-0.0175_-0.0011end-0.85_8.55_-0.19_65.80_17.46_2.46_2.19_-27.37_35.19_0.6979_0.7159_-0.0168_-0.0007end-0.89_8.63_-0.13_65.80_17.46_2.46_1.81_-26.75_34.31_0.6979_0.7159_-0.0168_-0.0007end-0.93_8.63_-0.13_65.80_17.46_2.46_1.81_-26.75_34.31_0.7041_0.7099_-0.0147_0.0005end,24.18784225,120.73571414,380.5950927734375
1641,,24.18784225,120.73571414,380.5950927734375
1642,-1.02_8.63_-0.17_65.80_17.46_2.46_1.81_-26.75_34.31_0.7061_0.7079_-0.0140_0.0009end-1.01_8.63_-0.22_65.80_17.46_2.46_1.44_-26.69_35.56_0.7061_0.7079_-0.0140_0.0009end-1.01_8.63_-0.22_64.68_20.14_5.15_2.19_-25.31_36.50_0.7102_0.7039_-0.0125_0.0018end-1.01_8.63_-0.22_63.00_11.30_6.38_2.19_-25.31_36.50_0.7102_0.7039_-0.0125_0.0018end-1.01_8.63_-0.22_63.00_11.30_6.38_1.12_-26.06_36.00_0.7141_0.7000_-0.0112_0.0023end-0.83_8.75_-0.70_63.34_6.71_7.16_1.12_-26.06_36.00_0.7180_0.6960_-0.0103_0.0022end-0.87_8.41_-1.18_61.44_1.23_7.83_1.12_-26.06_36.00_0.7180_0.6960_-0.0103_0.0022end-0.87_8.41_-1.18_62.44_2.91_8.28_1.12_-26.06_36.00_0.7217_0.6922_-0.0098_0.0017en,24.18784225,120.73571414,380.5950927734375
1643,d-0.96_8.74_-1.04_62.44_2.91_8.28_1.12_-26.06_36.00_0.7255_0.6882_-0.0091_0.0013end-0.88_8.72_-0.98_63.34_6.38_7.95_1.12_-26.06_36.00_0.7255_0.6882_-0.0091_0.0013end,24.18784225,120.73571414,380.5950927734375
1644,,24.18784225,120.73571414,380.5950927734375
1645,-0.88_8.72_-0.98_63.34_6.38_7.95_1.12_-26.06_36.00_0.7312_0.6821_-0.0078_0.0010end-0.61_8.64_-0.44_63.34_6.38_7.95_1.12_-26.06_36.00_0.7331_0.6801_-0.0074_0.0009end-0.47_8.61_-0.22_63.34_6.38_7.95_1.12_-26.06_36.00_0.7331_0.6801_-0.0074_0.0009end-0.39_8.54_0.04_64.91_-1.79_9.96_1.12_-26.06_36.00_0.7389_0.6738_-0.0065_-0.0001end-0.15_9.20_0.32_64.68_-1.68_9.51_0.44_-22.50_39.56_0.7389_0.6738_-0.0065_-0.0001end0.23_8.54_0.12_64.68_-1.68_9.51_0.44_-22.50_39.56_0.7408_0.6718_-0.0063_-0.0005end0.60_8.31_0.09_62.89_0.34_8.62_1.87_-21.44_39.13_0.7408_0.6718_-0.0063_-0.0005end0.62_8.59_0.38_63.00_-0.78_8.84_1.87_-21.44_39.13_0.7408_0.6718_-0.0063_-0.0005end0.8,24.18784225,120.73571414,380.5950927734375
1646,4_8.34_0.63_63.00_-0.78_8.84_0.44_-21.81_39.19_0.7408_0.6718_-0.0063_-0.0005end0.84_8.34_0.63_63.00_-0.78_8.84_0.44_-21.81_39.19_0.7520_0.6592_-0.0050_-0.0026end,24.18784225,120.73571414,380.5950927734375
1647,0.82_8.51_0.95_63.00_-0.78_8.84_0.44_-21.81_39.19_0.7538_0.6570_-0.0049_-0.0031end0.62_8.38_1.35_63.00_-0.78_8.84_0.44_-21.81_39.19_0.7538_0.6570_-0.0049_-0.0031end0.72_8.37_1.36_70.16_-7.39_8.17_0.44_-21.81_39.19_0.7538_0.6570_-0.0049_-0.0031end0.71_8.28_0.92_70.16_-7.39_8.17_0.44_-20.06_39.13_0.7617_0.6479_-0.0047_-0.0049end0.91_8.25_0.70_70.16_-7.39_8.17_0.44_-20.06_39.13_0.7637_0.6455_-0.0043_-0.0050end1.01_8.16_0.08_68.04_11.97_6.94_0.44_-20.06_39.13_0.7637_0.6455_-0.0043_-0.0050end1.01_8.16_0.08_68.26_14.88_7.72_0.44_-19.75_40.94_0.7637_0.6455_-0.0043_-0.0050end0.86_8.06_-0.34_69.83_17.46_7.72_0.44_-19.75_40.94_0.7637_0.6455_-0.0043_-0.0050end0.86_8.06_-0.34_69.83_17.46_7.72_0.06_-19.44_39.63_0.7714_0.6364_-0.0016_-0.0045end0.86_8.06_-0.34_71.73_18.13_7.16_0.06_-19.44_39.63_0.7733_0.6340_-0.0007_-0.0042end,24.18784225,120.73571414,380.5950927734375
1648,,24.18784225,120.73571414,380.5950927734375
1649,,24.18784225,120.73571414,380.5950927734375
1650,,24.18784225,120.73571414,380.5950927734375
1651,,24.18784225,120.73571414,380.5950927734375
1652,,24.18784225,120.73571414,380.5950927734375
1653,0.86_8.06_-0.34_73.63_18.02_6.49_-0.62_-18.37_40.50_0.7733_0.6340_-0.0007_-0.0042end0.86_8.06_-0.34_75.42_14.10_5.26_-0.62_-18.37_40.50_0.7794_0.6265_0.0015_-0.0034end0.86_8.06_-0.34_74.98_9.74_5.26_1.56_-18.00_40.56_0.7794_0.6265_0.0015_-0.0034end0.86_8.06_-0.34_74.98_9.74_5.26_-0.25_-16.94_41.37_0.7855_0.6188_0.0031_-0.0031end1.11_7.86_-1.45_72.85_7.61_5.71_-0.25_-16.94_41.37_0.7875_0.6163_0.0035_-0.0030end1.03_7.82_-1.91_72.85_7.61_5.71_-0.25_-16.94_41.37_0.7875_0.6163_0.0035_-0.0030end0.82_7.78_-2.66_72.85_7.61_5.71_-0.25_-16.94_41.37_0.7933_0.6088_0.0048_-0.0028end0.77_7.76_-2.98_73.07_16.11_4.48_-0.25_-16.25_41.88_0.7933_0.6088_0.0048_-0.0028end0,24.18784225,120.73571414,380.5950927734375
1654,,24.18784225,120.73571414,380.5950927734375
1655,.77_7.76_-2.98_74.19_19.47_4.14_-0.25_-16.25_41.88_0.7972_0.6036_0.0062_-0.0023end0.75_7.70_-3.83_74.19_19.47_4.14_-0.25_-16.25_41.88_0.7991_0.6011_0.0070_-0.0018end0.75_7.70_-3.83_74.19_19.47_4.14_-1.31_-16.56_42.75_0.8011_0.5985_0.0080_-0.0013end0.80_7.78_-4.78_74.19_19.47_4.14_-1.31_-16.56_42.75_0.8011_0.5985_0.0080_-0.0013end0.78_7.79_-5.09_74.19_19.47_4.14_-0.88_-14.13_43.25_0.8068_0.5907_0.0115_0.0008end0.59_7.79_-6.08_74.19_19.47_4.14_-0.88_-14.13_43.25_0.8086_0.5883_0.0128_0.0015end0.56_7.79_-6.48_74.19_19.47_4.14_-0.88_-14.13_43.25_0.8104_0.5857_0.0139_0.0021end0.56_7.79_-6.48_74.19_19.47_4.14_-0.56_-13.81_44.13_0.8121_0.5833_0.0148_0.0026end0.56_7.79_-6.48_68.37_-3.13_4.59_-0.56_-13.81_44.13_0.8156_0.5784_0.0155_0.0026end0.11_7.87_-7.89_68.37_-3.13_4.59_-2.37_-13.50_42.75_0.8173_0.5760_0.0153_0.0023end0.,24.18784225,120.73571414,380.5950927734375
1656,53_8.02_-8.00_68.37_-3.13_4.59_-2.37_-13.50_42.75_0.8173_0.5760_0.0153_0.0023end0.63_8.05_-8.10_68.37_-3.13_4.59_-1.62_-12.06_42.31_0.8173_0.5760_0.0153_0.0023end0.75_8.09_-8.27_68.37_-3.13_4.59_-1.62_-12.06_42.31_0.8238_0.5668_0.0121_-0.0005end0.75_8.09_-8.27_68.37_-3.13_4.59_-2.00_-11.38_42.81_0.8252_0.5647_0.0110_-0.0015end1.27_8.08_-9.92_68.37_-3.13_4.59_-1.25_-11.75_42.81_0.8252_0.5647_0.0110_-0.0015end1.27_8.08_-9.92_54.95_-32.01_2.46_-1.25_-11.75_42.81_0.8280_0.5606_0.0086_-0.0034end1.27_8.08_-9.92_54.95_-32.01_2.46_-0.19_-11.38_43.25_0.8293_0.5587_0.0076_-0.0041end1.27_8.08_-9.92_53.27_-19.92_0.34_-0.19_-11.38_43.25_0.8307_0.5567_0.0068_-0.0047end1.27_8.08_-9.92_52.37_-12.31_-0.34_-0.19_-11.38_43.25_0.8332_0.5529_0.0059_-0.0052end1.27_8.08_-9.92_49.80_4.25_-0.56_-0.19_-11.38_43.25_0.8344_0.5511_0.0059_-0.0052end2.56_8.39_-8.85_49.80_4.25_-0.56_0.19_-9.94_42.38_0.8344_0.5511_0.0059_-0.0052end2.56_8.39_-8.85_49.80_4.25_-0.56_0.56_-9.25_43.75_0.8377_0.5460_0.0069_-0.0045end,24.18784225,120.73571414,380.5950927734375
1657,,24.18784225,120.73571414,380.5950927734375
1658,1.37_8.20_-8.41_49.80_4.25_-0.56_0.56_-9.25_43.75_0.8377_0.5460_0.0069_-0.0045end1.60_8.44_-7.73_49.80_4.25_-0.56_-0.88_-9.25_43.25_0.8377_0.5460_0.0069_-0.0045end1.37_8.50_-7.89_39.61_12.76_-2.46_-0.88_-9.25_43.25_0.8377_0.5460_0.0069_-0.0045end1.37_8.50_-7.89_39.61_12.76_-2.46_-0.88_-9.25_43.25_0.8425_0.5386_0.0082_-0.0029end0.21_8.54_-7.04_39.61_12.76_-2.46_-0.88_-9.25_43.25_0.8434_0.5372_0.0068_-0.0037end1.16_8.54_-6.91_39.61_12.76_-2.46_-0.81_-7.87_43.31_0.8434_0.5372_0.0068_-0.0037end1.55_8.58_-6.82_34.91_-68.93_-5.71_-0.81_-7.87_43.31_0.8434_0.5372_0.0068_-0.0037end1.55_8.58_-6.82_34.91_-68.93_-5.71_-0.81_-7.87_43.31_0.8467_0.5319_-0.0039_-0.0094end1.54_8.41_-7.00_34.91_-68.93_-5.71_-0.81_-7.87_43.31_0.8475_0.5306_-0.0076_-0.0114end1.56_8.38_-7.08_30.77_-95.34_-6.49_-0.81_-7.87_43.31_0.8475_0.5306_-0.0076_-0.0114end,24.18784225,120.73571414,380.5950927734375
1659,,24.18784225,120.73571414,380.5950927734375
1660,1.77_8.45_-7.11_30.21_-87.73_-6.94_-0.81_-7.87_43.31_0.8475_0.5306_-0.0076_-0.0114end1.77_8.45_-7.11_30.21_-87.73_-6.94_1.31_-7.50_44.19_0.8502_0.5258_-0.0208_-0.0182end1.55_8.38_-7.13_30.21_-87.73_-6.94_1.31_-7.50_44.19_0.8508_0.5247_-0.0230_-0.0193end1.30_8.43_-5.66_30.21_-87.73_-6.94_1.31_-7.50_44.19_0.8514_0.5234_-0.0248_-0.0200end1.29_8.44_-5.73_29.43_-25.51_-10.74_1.31_-7.50_44.19_0.8514_0.5234_-0.0248_-0.0200end1.29_8.50_-5.44_28.98_-14.55_-11.30_1.31_-7.50_44.19_0.8535_0.5201_-0.0278_-0.0203end0.96_8.45_-5.18_28.98_-14.55_-11.30_2.75_-7.50_43.38_0.8541_0.5190_-0.0281_-0.0199end1.00_8.47_-5.09_28.98_-14.55_-11.30_2.75_-7.50_43.38_0.8547_0.5179_-,24.18784225,120.73571414,380.5950927734375
1661,0.0281_-0.0192end0.62_8.45_-5.07_28.98_-14.55_-11.30_3.12_-6.81_43.81_0.8547_0.5179_-0.0281_-0.0192end0.61_8.46_-5.11_27.42_30.33_-13.20_3.12_-6.81_43.81_0.8547_0.5179_-0.0281_-0.0192end,24.18784225,120.73571414,380.5950927734375
1662,,24.18784225,120.73571414,380.5950927734375
1663,0.61_8.46_-5.11_27.42_30.33_-13.20_2.44_-5.75_44.31_0.8574_0.5138_-0.0247_-0.0148end0.41_8.39_-5.11_27.42_30.33_-13.20_2.44_-5.75_44.31_0.8582_0.5128_-0.0232_-0.0132end0.16_8.41_-5.12_27.42_30.33_-13.20_2.44_-5.75_44.31_0.8582_0.5128_-0.0232_-0.0132end0.16_8.41_-5.12_27.42_30.33_-13.20_2.06_-6.50_43.38_0.8582_0.5128_-0.0232_-0.0132end0.16_8.41_-5.12_28.87_72.63_-13.43_2.06_-6.50_43.38_0.8610_0.5085_-0.0145_-0.0054end-0.81_8.39_-4.60_28.87_72.63_-13.43_2.06_-6.50_43.38_0.8610_0.5085_-0.0145_-0.0054end-1.13_8.41_-4.61_28.87_72.63_-13.43_2.06_-6.50_43.38_0.8623_0.5063_-0.0090_-0.0010end-1.20_8.41_-4.61_29.43_78.11_-11.97_2.06_-6.50_43.38_0.8623_0.5063_-0.,24.18784225,120.73571414,380.5950927734375
1664,0090_-0.0010end-1.20_8.41_-4.61_29.21_68.49_-11.53_2.06_-6.50_43.38_0.8623_0.5063_-0.0090_-0.0010end-1.34_8.39_-4.57_29.21_68.49_-11.53_-0.50_-4.75_43.81_0.8650_0.5017_0.0009_0.0071end,24.18784225,120.73571414,380.5950927734375
1665,,24.18784225,120.73571414,380.5950927734375
1666,-1.33_8.34_-4.69_29.21_68.49_-11.53_-0.50_-4.75_43.81_0.8657_0.5005_0.0030_0.0089end-1.33_8.34_-4.69_29.66_59.65_-10.07_-0.81_-4.75_44.69_0.8657_0.5005_0.0030_0.0089end-1.32_8.32_-4.67_29.54_59.65_-8.84_-0.81_-4.75_44.69_0.8657_0.5005_0.0030_0.0089end-1.32_8.32_-4.67_30.55_58.86_-7.61_-0.81_-4.75_44.69_0.8676_0.4971_0.0092_0.0139end-1.41_8.30_-4.18_30.55_58.86_-7.61_-1.19_-5.12_42.94_0.8676_0.4971_0.0092_0.0139end-1.41_8.30_-4.18_31.67_57.18_-6.83_-1.19_-5.12_42.94_0.8695_0.4934_0.0151_0.0185end-1.41_8.30_-4.18_31.67_57.18_-6.83_-1.94_-4.06_43.81_0.8702_0.4921_0.0168_0.0198end-1.24_8.22_-2.43_31.67_57.18_-6.83_-1.94_-4.06_43.81_0.8715_0.4894_0.0196_0.0220end-1.45_8.23_-2.41_31.67_57.18_-6.83_-3.37_-3.69_45.12_0.8722_0.4882_0.0204_0.0228end-1.51_8.21_-2.66_31.67_57.18_-6.83_-1.87_-3.69_44.25_0.8729_0.4869_0.0209_0.0233end,24.18784225,120.73571414,380.5950927734375
1667,,24.18784225,120.73571414,380.5950927734375
1668,,24.18784225,120.73571414,380.5950927734375
1669,,24.18784225,120.73571414,380.5950927734375
1670,-1.60_8.14_-2.95_31.45_-2.91_-2.80_-1.87_-3.69_44.25_0.8729_0.4869_0.0209_0.0233end-1.60_8.14_-2.95_31.45_-2.91_-2.80_-1.87_-3.69_44.25_0.8749_0.4832_0.0197_0.0231end-1.71_8.01_-4.22_31.45_-2.91_-2.80_-1.87_-3.69_44.25_0.8757_0.4821_0.0186_0.0226end-1.45_7.92_-4.86_31.45_-2.91_-2.80_-1.87_-3.69_44.25_0.8757_0.4821_0.0186_0.0226end-1.34_7.95_-5.07_33.80_-45.88_-0.34_-1.87_-3.69_44.25_0.8757_0.4821_0.0186_0.0226end-1.34_7.95_-5.07_33.80_-45.88_-0.34_-1.87_-3.69_44.25_0.8785_0.4771_0.0120_0.0193end-1.34_7.95_-5.07_33.80_-45.88_-0.34_-2.25_-2.31_43.44_0.8793_0.4758_0.0101_0.0182end-1.12_7.88_-3.88_33.80_-45.88_-0.34_-2.25_-2.31_43.44_0.8793_0.4758_0.0101_0,24.18784225,120.73571414,380.5950927734375
1671,.0182end-1.12_7.88_-3.88_36.48_-58.19_1.45_-1.12_-1.94_44.25_0.8793_0.4758_0.0101_0.0182end-1.16_7.88_-3.13_36.48_-58.19_1.45_-1.12_-1.94_44.25_0.8824_0.4703_0.0013_0.0134end,24.18784225,120.73571414,380.5950927734375
1672,-1.16_7.88_-3.13_36.93_-58.86_0.90_-0.13_-1.94_43.87_0.8832_0.4688_-0.0010_0.0121end-1.05_7.75_-3.25_36.93_-58.86_0.90_-0.13_-1.94_43.87_0.8832_0.4688_-0.0010_0.0121end-1.05_7.72_-3.46_36.93_-58.86_0.90_0.25_-1.94_44.25_0.8855_0.4645_-0.0075_0.0085end-1.03_7.66_-3.83_37.15_-50.02_1.57_0.25_-1.94_44.25_0.8862_0.4631_-0.0095_0.0074end-1.07_7.61_-4.50_37.15_-50.02_1.57_0.25_-1.94_44.25_0.8862_0.4631_-0.0095_0.0074end-1.07_7.61_-4.50_37.15_-50.02_1.57_0.25_-1.94_44.25_0.8877_0.4602_-0.0132_0.0053end-1.07_7.61_-4.50_37.15_-50.02_1.57_0.25_-1.94_44.25_0.8885_0.4587_-0.0149_0.0043end-1.07_7.61_-4.50_40.40_-45.66_2.24_0.25_-1.94_44.25_0.8900_0.4556_-0.0184_0.0022end-1.64_7.50_-4.31_40.40_-45.66_2.24_1.00_0.81_43.06_0.8909_0.4539_-0.0201_0.0012end-1.74_7.48_-3.89_40.40_-45.66_2.24_1.00_0.81_43.06_0.8917_0.4521_-0.0219_0.0001end,24.18784225,120.73571414,380.5950927734375
1673,-1.69_7.46_-3.81_42.86_-50.36_2.24_2.50_0.13_43.44_0.8917_0.4521_-0.0219_0.0001end-1.73_7.37_-3.73_42.86_-50.36_2.24_2.50_0.13_43.44_0.8917_0.4521_-0.0219_0.0001end-1.73_7.37_-3.73_42.97_-56.85_3.02_2.50_0.13_43.44_0.8948_0.4453_-0.0300_-0.0046end-1.86_7.31_-3.89_42.97_-56.85_3.02_2.50_0.13_43.44_0.8956_0.4436_-0.0321_-0.0059end-1.87_7.27_-3.95_42.97_-56.85_3.02_2.50_0.13_43.44_0.8964_0.4418_-0.0343_-0.0071end-2.02_7.19_-4.11_42.97_-56.85_3.02_2.50_0.13_43.44_0.8964_0.4418_-0.0343_-0.0071end-2.09_7.16_-4.04_45.99_-57.86_3.36_2.50_0.13_43.44_0.8964_0.4418_-0.0343_-0.0071end-2.09_7.16_-4.04_45.99_-57.86_3.36_3.56_1.87_43.50_0.8996_0.4344_-0.0431_-0.0125end-2.30_7.07_-3.79_48.68_-65.69_4.70_3.56_1.87_43.50_0.8996_0.4344_-0.0431_-0.0125end-2.30_7.07_-3.79_48.68_-65.69_4.70_3.56_1.87_43.50_0.9012_0.4305_-0.0480_-0.0155end,24.18784225,120.73571414,380.5950927734375
1674,,24.18784225,120.73571414,380.5950927734375
1675,,24.18784225,120.73571414,380.5950927734375
1676,-2.30_7.07_-3.79_49.80_-80.91_4.59_5.44_2.62_44.44_0.9012_0.4305_-0.0480_-0.0155end-2.30_7.07_-3.79_50.25_-86.50_4.81_5.44_2.62_44.44_0.9034_0.4245_-0.0568_-0.0208end-2.42_6.74_-3.46_51.03_-90.08_4.48_5.44_2.62_44.44_0.9034_0.4245_-0.0568_-0.0208end-2.30_6.69_-3.94_51.03_-90.08_4.48_5.44_2.62_44.44_0.9034_0.4245_-0.0568_-0.0208e,24.18784225,120.73571414,380.5950927734375
1677,nd-2.03_6.57_-4.44_51.03_-90.08_4.48_5.44_2.62_44.44_0.9034_0.4245_-0.0568_-0.0208end-2.00_6.63_-4.72_53.16_-83.59_4.59_5.44_2.62_44.44_0.9034_0.4245_-0.0568_-0.0208end-1.86_6.48_-5.07_53.16_-83.59_4.59_5.44_2.62_44.44_0.9076_0.4115_-0.0768_-0.0324end-1.86_6.48_-5.07_53.16_-83.59_4.59_7.25_6.00_43.13_0.9091_0.4070_-0.0821_-0.0356end-1.47_6.40_-6.30_53.16_-83.59_4.59_7.25_6.00_43.13_0.9091_0.4070_-0.0821_-0.0356end-1.27_6.36_-7.09_53.16_-83.59_4.59_7.25_6.00_43.13_0.9091_0.4070_-0.0821_-0.0356end,24.18784225,120.73571414,380.5950927734375
1678,-1.31_6.31_-7.32_54.16_-44.09_2.35_7.25_6.00_43.13_0.9091_0.4070_-0.0821_-0.0356end-1.27_6.28_-8.02_54.16_-44.09_2.35_7.25_6.00_43.13_0.9128_0.3958_-0.0913_-0.0414end-1.14_6.43_-9.50_52.04_-37.60_1.12_7.25_6.00_43.13_0.9136_0.3937_-0.0927_-0.0424end-0.59_6.42_-11.05_52.04_-37.60_1.12_8.00_8.13_43.63_0.9136_0.3937_-0.0927_-0.0424end-0.64_7.76_-13.38_48.12_-26.75_-0.22_8.00_8.13_43.63_0.9136_0.3937_-0.0927_-0.0424end-0.50_12.75_-15.49_48.12_-26.75_-0.22_8.00_8.13_43.63_0.9164_0.3858_-0.0965_-0.0447end-0.52_17.62_-16.55_48.12_-26.75_-0.22_4.00_8.81_44.06_0.9171_0.3842_-0.0964_-0.0446end-1.62_24.88_-16.01_33.24_34.80_-7.83_4.00_8.81_44.06_0.9178_0.3828_-0.0955_-0.0441end1.86_39.58_-20.61_33.24_34.80_-7.83_2.56_8.06_44.06_0.9178_0.3828_-0.0955_-0.0441end1.86_39.58_-20.61_33.01_45.66_-6.38_2.19_7.75_44.06_0.9178_0.3828_-0.0955_-0.0441end,24.18784225,120.73571414,380.5950927734375
1679,,24.18784225,120.73571414,380.5950927734375
1680,,24.18784225,120.73571414,380.5950927734375
1681,1.86_39.58_-20.61_33.01_45.66_-6.38_1.81_6.62_42.69_0.9202_0.3787_-0.0905_-0.0416end0.56_41.06_-7.39_33.01_45.66_-6.38_1.81_6.62_42.69_0.9214_0.3759_-0.0897_-0.0414end4.52_39.80_-7.89_14.21_-45.10_-1.12_1.44_5.56_40.50_0.9214_0.3759_-0.0897_-0.0414end4.52_39.80_-7.89_14.21_-45.10_-1.12_1.44_5.56_40.50_0.9218_0.3738_-0.0938_-0.04,24.18784225,120.73571414,380.5950927734375
1682,30end1.87_31.74_-10.56_14.21_-45.10_-1.12_1.44_5.56_40.50_0.9216_0.3736_-0.0961_-0.0439end2.02_29.83_-11.55_14.21_-45.10_-1.12_5.06_4.31_40.94_0.9214_0.3736_-0.0976_-0.0444end1.16_28.27_-10.15_14.21_-45.10_-1.12_5.06_4.31_40.94_0.9212_0.3738_-0.0984_-0.0440end-0.03_23.61_-9.24_14.21_-45.10_-1.12_6.12_4.31_38.75_0.9211_0.3742_-0.,24.18784225,120.73571414,380.5950927734375
1683,0978_-0.0433end-0.03_23.61_-9.24_14.21_-45.10_-1.12_6.50_4.69_39.63_0.9211_0.3748_-0.0968_-0.0422end0.33_21.18_-9.21_14.21_-45.10_-1.12_6.50_4.69_39.63_0.9211_0.3748_-0.0968_-0.0422end,24.18784225,120.73571414,380.5950927734375
1684,,24.18784225,120.73571414,380.5950927734375
1685,,24.18784225,120.73571414,380.5950927734375
1686,,24.18784225,120.73571414,380.5950927734375
1687,,24.18784225,120.73571414,380.5950927734375
1688,-0.70_19.74_-6.95_14.21_-45.10_-1.12_6.50_4.69_39.63_0.9210_0.3757_-0.0942_-0.0401end-0.70_19.74_-6.95_-19.58_20.14_-4.59_6.50_4.69_39.63_0.9210_0.3763_-0.0931_-0.0394end-0.71_18.05_-5.58_-19.58_20.14_-4.59_6.50_4.69_39.63_0.9205_0.3779_-0.0917_-0.0382end-0.71_18.05_-5.58_-26.52_3.02_-1.79_6.50_4.69_39.63_0.9201_0.3790_-0.0915_-0.0378end-0.97_16.05_-5.48_-26.52_3.02_-1.79_7.94_5.25_39.19_0.9201_0.3790_-0.0915_-0.0378end-1.60_15.46_-7.19_-26.52_3.02_-1.79_8.31_5.00_40.06_0.9185_0.3829_-0.0920_-0.0376end-3.02_14.91_-8.63_-38.61_14.66_-2.69_8.31_5.00_40.06_0.9178_0.3843_-0.0918_-0.0372end-3.02_14.91_-8.63_-38.61_14.66_-2.69_8.31_5.31_41.00_0.9172_0.3860_-0.0911_-0.0366end-0.94_13.81_-7.53_-38.61_14.66_-2.69_8.31_5.31_41.00_0.9172_0.3860_-0.0911_-0.0366end-1.11_13.64_-6.59_-50.58_36.59_-0.34_7.94_4.69_41.81_0.9172_0.3860_-0.0911_-0.0366end,24.18784225,120.73571414,380.5950927734375
1689,0.02_13.08_-8.39_-56.74_43.31_0.78_7.94_4.69_41.81_0.9144_0.3943_-0.0855_-0.0333end-1.15_12.37_-8.57_-56.74_43.31_0.78_7.94_4.69_41.81_0.9135_0.3968_-0.0836_-0.0324end-1.11_11.89_-8.74_-65.91_56.74_5.82_7.94_4.69_41.81_0.9135_0.3968_-0.0836_-0.0324end-1.11_11.89_-8.74_-65.91_56.74_5.82_6.87_4.69_41.37_0.9106_0.4052_-0.0764_-0.0292end-1.67_10.52_-8.54_-65.91_56.74_5.82_6.87_4.69_41.37_0.9094_0.4084_-0.0735_-0.0278end-0.97_9.66_-8.64_-65.91_56.74_5.82_6.87_4.69_41.37_0.9094_0.4084_-0.0735_-0.0278end-0.86_9.52_-8.57_-65.91_56.74_5.82_6.19_4.00_42.25_0.9054_0.4190_-0.0642_-0.0232end-0.75_9.28_-8.65_-65.91_56.74_5.82_5.44_2.94_42.62_0.9039_0.4229_-0.0613_-0.0218end-1.37_8.61_-8.42_-65.91_56.74_5.82_5.44_2.94_42.62_0.9039_0.4229_-0.0613_-0.0218end-1.37_8.61_-8.42_-65.91_56.74_5.82_5.44_2.62_43.56_0.8984_0.4355_-0.0535_-0.0180end-1.36_7.25_-7.85_-65.91_56.74_5.82_5.44_2.62_43.56_0.8964_0.4399_-0.0510_-0.0168end-1.08_6.36_-7.59_-120.30_55.39_5.93_5.44_2.62_43.56_0.8964_0.4399_-0.0510_-0.0168end-1.16_5.89_-7.52_-120.30_55.39_5.93_3.56_0.81_43.94_0.8964_0.4399_-0.0510_-0.0168end-1.16_5.89_-7.52_-133.06_34.58_7.39_3.56_0.81_43.94_0.8869_0.4597_-0.0433_-0.0130end-1.03_4.96_-7.36_-133.06_34.58_7.39_3.56_0.81_43.94_0.8843_0.4649_-0.0420_-0.0124end-0.83_4.09_-7.21_-133.06_34.58_7.39_3.94_-2.25_43.87_0.8843_0.4649_-0.0420_-0.0124end-0.57_3.45_-6.73_-140.78_27.08_7.16_3.94_-2.25_43.87_0.8843_0.4649_-0.0420_-0.0124end-0.57_3.45_-6.73_-140.78_27.08_7.16_3.94_-2.25_43.00_0.8725_0.4871_-0.0377_-0.0103end-0.19_2.61_-6.28_-154.77_26.41_6.83_3.94_-2.25_43.00_0.8693_0.4929_-0.0366_-0.0098end0.04_2.16_-6.16_-162.04_32.01_6.15_3.94_-2.25_43.00_0.8693_0.4929_-0.0366_-0.0098end,24.18784225,120.73571414,380.5950927734375
1690,,24.18784225,120.73571414,380.5950927734375
1691,0.04_2.16_-6.16_-162.04_32.01_6.15_3.94_-2.25_43.00_0.8589_0.5111_-0.0330_-0.0077end-0.01_1.68_-6.07_-162.04_32.01_6.15_3.94_-2.25_43.00_0.8551_0.5175_-0.0314_-0.0068end0.01_1.55_-5.77_-162.04_32.01_6.15_2.81_-6.12_44.19_0.8551_0.5175_-0.0314_-0.0068end-0.07_1.53_-5.36_-174.01_41.63_3.13_2.81_-6.12_44.19_0.8551_0.5175_-0.0314_-0.0068end-0.07_1.53_-5.36_-174.01_41.63_3.13_3.50_-8.56_42.00_0.8434_0.5365_-0.0269_-0.0037end-0.07_1.53_-5.36_-179.39_41.63_1.79_3.50_-8.56_42.00_0.8392_0.5433_-0.0252_-0.0026end-0.07_1.53_-5.36_-179.39_41.63_1.79_3.50_-8.56_42.00_0.8350_0.5498_-0.0237_-0.0015end-0.39_1.00_-4.73_-187.33_38.27_0.11_3.50_-8.56_42.00_0.8350_0.5498_,24.18784225,120.73571414,380.5950927734375
1692,-0.0237_-0.0015end-0.39_1.00_-4.73_-187.33_38.27_0.11_1.25_-11.38_41.94_0.8260_0.5633_-0.0208_0.0007end-0.39_1.00_-4.73_-187.33_38.27_0.11_1.25_-11.38_41.94_0.8117_0.5838_-0.0170_0.0040end,24.18784225,120.73571414,380.5950927734375
1693,,24.18784225,120.73571414,380.5950927734375
1694,-0.29_1.32_-4.81_-187.33_38.27_0.11_2.00_-13.13_41.94_0.8068_0.5906_-0.0160_0.0050end-0.34_1.45_-4.74_-187.33_38.27_0.11_2.00_-13.13_41.94_0.8016_0.5975_-0.0150_0.0059end-0.52_1.57_-4.60_-187.33_38.27_0.11_2.00_-13.13_41.94_0.8016_0.5975_-0.0150_0.0059end-0.52_1.57_-4.60_-187.33_38.27_0.11_2.00_-13.13_41.94_0.7855_0.6187_-0.0126_0.0084end-0.61_1.46_-3.89_-187.33_38.27_0.11_1.94_-18.00_40.94_0.7855_0.6187_-0.0126_0.0084end-0.61_1.46_-3.89_-209.15_24.28_-3.13_1.94_-18.00_40.94_0.7741_0.6329_-0.0110_0.0101end-0.52_1.14_-3.31_-209.15_24.28_-3.13_1.94_-18.00_40.94_0.7684_0.6398_-0.0101_0.0110end-0.62_0.87_-2.73_-209.15_24.28_-3.13_1.94_-18.00_40.94_0.7625_0,24.18784225,120.73571414,380.5950927734375
1695,.6469_-0.0092_0.0120end-0.62_0.87_-2.73_-213.85_32.68_-4.36_0.44_-20.44_38.31_0.7625_0.6469_-0.0092_0.0120end-0.62_0.87_-2.73_-213.85_32.68_-4.36_0.44_-20.44_38.31_0.7440_0.6679_-0.0060_0.0155end,24.18784225,120.73571414,380.5950927734375
1696,,24.18784225,120.73571414,380.5950927734375
1697,-0.44_0.95_-2.02_-213.85_32.68_-4.36_0.44_-20.44_38.31_0.7378_0.6748_-0.0049_0.0167end-0.50_0.91_-1.11_-213.85_32.68_-4.36_0.44_-20.44_38.31_0.7313_0.6819_-0.0038_0.0179end-0.54_1.17_-0.59_-213.85_32.68_-4.36_0.44_-20.44_38.31_0.7184_0.6954_-0.0022_0.0198end-0.61_1.78_-0.25_-213.85_32.68_-4.36_0.44_-20.44_38.31_0.7119_0.7020_-0.0015_0.0207end-0.61_1.78_-0.25_-213.85_32.68_-4.36_0.75_-26.06_35.13_0.7050_0.7089_-0.0010_0.0214end-0.62_1.96_-0.15_-213.85_32.68_-4.36_0.75_-26.06_35.13_0.6983_0.7155_-0.0005_0.0221end-0.62_1.96_-0.15_-213.85_32.68_-4.36_0.00_-26.75_34.69_0.6916_0.7219_-0.0001_0.0226end-0.62_1.96_-0.15_-214.64_11.53_-6.15_0.00_-26.75_34.69_0.6846_0.7286_0.0004_0.0233end-0.62_1.96_-0.15_-214.64_11.53_-6.15_-0.37_-28.50_33.31_0.6779_0.7349_0.0007_0.0238end-0.83_2.94_1.23_-214.64_11.53_-6.15_-0.37_-28.50_33.31_0.6640_0.7473_0.0016_0.0250end,24.18784225,120.73571414,380.5950927734375
1698,,24.18784225,120.73571414,380.5950927734375
1699,-0.86_3.04_1.27_-205.91_18.46_-4.92_-0.37_-28.50_33.31_0.6640_0.7473_0.0016_0.0250end-0.86_3.04_1.27_-205.91_18.46_-4.92_-0.37_-28.50_33.31_0.6436_0.7649_0.0032_0.0270end-1.21_3.29_0.78_-203.22_19.70_-4.36_-0.44_-31.37_30.69_0.6436_0.7649_0.0032_0.0270end-1.21_3.29_0.78_-203.22_19.70_-4.36_-0.44_-31.37_30.69_0.6297_0.7763_0.0045_0.0284end-1.58_4.06_2.57_-201.43_7.27_-0.56_-0.44_-31.37_30.69_0.6297_0.7763_0.0045_0.0284end-1.58_4.06_2.57_-201.43_7.27_-0.56_0.25_-35.19_28.44_0.6089_0.7927_0.0059_0.0291end-1.89_4.21_3.56_-201.43_7.27_-0.56_0.25_-35.19_28.44_0.6089_0.7927_0.0059_0.0291end-1.89_4.21_3.56_-195.84_5.82_-2.80_-0.50_-35.25_24.50_0.6089_0.7927_0.,24.18784225,120.73571414,380.5950927734375
1700,0059_0.0291end-0.95_4.20_2.80_-192.25_0.90_-2.35_-0.50_-35.25_24.50_0.5883_0.8081_0.0067_0.0294end-0.95_4.20_2.80_-192.25_0.90_-2.35_-0.50_-35.25_24.50_0.5883_0.8081_0.0067_0.0294end,24.18784225,120.73571414,380.5950927734375
1701,,24.18784225,120.73571414,380.5950927734375
1702,,24.18784225,120.73571414,380.5950927734375
1703,,24.18784225,120.73571414,380.5950927734375
1704,-0.95_4.20_2.80_-185.88_-11.64_0.11_-0.50_-35.25_24.50_0.5682_0.8224_0.0067_0.0282end-1.13_4.00_4.05_-185.88_-11.64_0.11_-1.19_-36.69_24.00_0.5682_0.8224_0.0067_0.0282end-0.56_4.02_4.11_-185.88_-11.64_0.11_-1.19_-36.69_24.00_0.5551_0.8314_0.0062_0.0260end-1.08_3.86_4.17_-185.88_-11.64_0.11_-1.19_-36.69_24.00_0.5422_0.8399_0.0059_0.0240end-0.61_3.89_4.64_-185.88_-11.64_0.11_-1.19_-36.69_24.00_0.5422_0.8399_0.0059_0.0240end-0.43_3.73_4.94_-185.88_-11.64_0.11_-1.19_-36.69_24.00_0.5298_0.8478_0.0062_0.0228end-0.03_3.73_4.63_-163.61_-8.06_6.83_-1.19_-36.69_24.00_0.5298_0.8478_0.0062_0.0228end-0.03_3.73_4.63_-163.61_-8.06_6.83_-0.56_-39.81_19.62_0.5175_0.855,24.18784225,120.73571414,380.5950927734375
1705,3_0.0067_0.0219end-0.03_3.73_4.63_-156.00_-9.74_9.06_-0.56_-39.81_19.62_0.5117_0.8589_0.0070_0.0213end-0.03_3.73_4.63_-150.51_-1.23_8.62_-0.56_-40.50_19.12_0.5117_0.8589_0.0070_0.0213end-0.03_3.73_4.63_-145.59_-6.15_8.39_-0.56_-40.50_19.12_0.4946_0.8688_0.0082_0.0203end0.55_4.23_5.19_-145.59_-6.15_8.39_-0.56_-40.50_19.12_0.4946_0.8688_0.0082_0.0203end0.23_5.08_5.34_-145.59_-6.15_8.39_-0.56_-40.50_19.12_0.4946_0.8688_0.0082_0.0203end0.23_5.08_5.34_-145.59_-6.15_8.39_-0.56_-40.50_19.12_0.4734_0.8807_0.0066_0.0128end1.40_7.11_5.11_-145.59_-6.15_8.39_-0.25_-41.25_16.06_0.4683_0.8835_0.0051_0.0087end1.73_7.46_4.76_-124.22_-135.52_13.65_-0.25_-41.25_16.06_0.4635_0.8861_0.0032_0.0037end2.00_7.88_4.53_-120.30_-160.47_14.88_-0.25_-41.25_16.06_0.4635_0.8861_0.0032_0.0037end2.22_8.27_4.18_-113.02_-196.51_16.79_-0.25_-41.25_16.06_0.4635_0.8861_0.0032_0.0037end2.22_8.27_4.18_-109.44_-204.12_17.57_-0.25_-41.25_16.06_0.4451_0.8951_-0.0085_-0.0250end3.06_8.77_3.19_-109.44_-204.12_17.57_0.88_-42.38_12.56_0.4451_0.8951_-0.0085_-0.0250end,24.18788633,120.73569351,380.258544921875
1706,,24.18788633,120.73569351,380.258544921875
1707,3.06_8.77_3.19_-106.42_-204.79_17.46_0.88_-42.38_12.56_0.4365_0.8986_-0.0152_-0.0415end3.17_8.46_2.28_-106.42_-204.79_17.46_0.13_-43.06_10.81_0.4365_0.8986_-0.0152_-0.0415end2.85_7.93_1.95_-97.47_-164.84_17.23_0.13_-43.06_10.81_0.4283_0.9017_-0.0211_-0.0561end2.85_7.93_1.95_-97.47_-164.84_17.23_0.13_-43.06_10.81_0.4241_0.9031_-0.0235_-0.0625end2.85_7.93_1.95_-90.76_-121.31_15.78_1.56_-42.38_12.13_0.4203_0.9045_-0.0256_-0.0679end2.85_7.93_1.95_-84.15_-84.04_12.98_1.56_-42.38_12.13_0.4203_0.9045_-0.0256_-0.0679end2.50_8.13_3.48_-84.15_-84.04_12.98_1.56_-42.38_12.13_0.4131_0.9070_-0.0286_-0.0762end2.32_8.27_3.71_-84.15_-84.04_12.98_1.56_-42.38_12.13_0.4032_0.9106_-0.0317_-0.0848end1.87_8.30_4.02_-84.15_-84.04_12.98_1.56_-42.38_12.13_0.4032_0.9106_-0.0317_-0.0848end1.57_8.18_4.27_-65.69_-51.36_8.73_1.56_-42.38_12.13_0.4032_0.9106_-0.0317_-0.0848end,24.18788633,120.73569351,380.258544921875
1708,,24.18788633,120.73569351,380.258544921875
1709,1.51_8.17_4.20_-61.55_-46.44_7.95_1.56_-42.38_12.13_0.4032_0.9106_-0.0317_-0.0848end1.51_8.17_4.20_-61.55_-46.44_7.95_1.56_-42.38_12.13_0.3920_0.9146_-0.0348_-0.0931end1.51_8.17_4.20_-61.55_-46.44_7.95_1.56_-42.38_12.13_0.3873_0.9163_-0.0359_-0.0960end1.04_7.27_3.71_-61.55_-46.44_7.95_1.56_-43.81_8.56_0.3853_0.9170_-0.0363_-0.0971end0.88_6.09_3.96_-61.55_-46.44_7.95_1.56_-43.81_8.56_0.3853_0.9170_-0.0363_-0.0971end0.88_6.09_3.96_-41.85_-18.35_4.14_1.56_-43.50_7.25_0.3817_0.9183_-0.0369_-0.0986end0.88_6.09_3.96_-35.92_-15.89_3.02_1.56_-43.50_7.25_0.3801_0.9189_-0.0372_-0.0992end0.88_6.09_3.96_-30.66_-18.13_2.57_0.44_-42.81_7.25_0.3787_0.9193_-0.0375_-0.,24.18788633,120.73569351,380.258544921875
1710,0999end0.88_6.09_3.96_-22.27_-23.28_0.22_0.44_-42.81_7.25_0.3787_0.9193_-0.0375_-0.0999end0.88_6.09_3.96_-22.27_-23.28_0.22_1.19_-44.19_7.75_0.3765_0.9200_-0.0383_-0.1016end,24.18788633,120.73569351,380.258544921875
1711,,24.18788633,120.73569351,380.258544921875
1712,0.88_6.09_3.96_-22.27_-23.28_0.22_1.19_-44.19_7.75_0.3749_0.9204_-0.0392_-0.1035end0.88_6.09_3.96_-22.27_-23.28_0.22_1.19_-44.19_7.75_0.3740_0.9206_-0.0400_-0.1052end-0.13_7.19_4.26_-22.27_-23.28_0.22_1.19_-44.19_7.75_0.3737_0.9206_-0.0402_-0.1056end-0.29_7.46_4.26_-22.27_-23.28_0.22_1.19_-44.19_7.75_0.3737_0.9206_-0.0404_-0.1058end-0.29_7.46_4.26_8.28_0.34_-3.92_1.19_-43.87_4.69_0.3737_0.9206_-0.0404_-0.1058end-0.29_7.46_4.26_8.28_0.34_-3.92_1.19_-43.87_4.69_0.3749_0.9200_-0.0408_-0.1061end0.37_8.13_4.74_8.28_0.34_-3.92_1.19_-43.87_4.69_0.3757_0.9197_-0.0411_-0.1068end0.62_9.56_5.01_8.28_0.34_-3.92_1.19_-43.87_4.69_0.3757_0.9197_-0.0411_-0.1068end1.02,24.18788633,120.73569351,380.258544921875
1713,_10.23_5.04_34.69_-45.21_-6.04_1.19_-43.87_4.69_0.3757_0.9197_-0.0411_-0.1068end1.02_10.23_5.04_34.69_-45.21_-6.04_2.31_-43.81_7.25_0.3793_0.9175_-0.0433_-0.1115end,24.18788633,120.73569351,380.258544921875
1714,,24.18788633,120.73569351,380.258544921875
1715,1.37_12.86_4.94_34.69_-45.21_-6.04_2.31_-43.81_7.25_0.3826_0.9155_-0.0451_-0.1154end1.55_13.34_4.95_56.51_-42.64_-11.64_2.31_-43.81_7.25_0.3826_0.9155_-0.0451_-0.1154end1.75_13.56_5.12_62.33_-33.57_-13.43_2.31_-43.81_7.25_0.3826_0.9155_-0.0451_-0.1154end1.87_13.84_5.20_73.19_-14.21_-17.57_3.37_-43.13_8.19_0.3826_0.9155_-0.0451_-0.1154end2.05_13.92_5.22_78.56_-6.60_-19.47_3.37_-43.13_8.19_0.3925_0.9106_-0.0482_-0.1203end2.43_13.57_4.92_78.56_-6.60_-19.47_3.37_-43.13_8.19_0.3954_0.9092_-0.0486_-0.1205end2.57_13.34_4.87_78.56_-6.60_-19.47_2.69_-43.44_9.06_0.3954_0.9092_-0.0486_-0.1205end2.62_13.05_4.91_100.83_9.85_-27.42_2.69_-43.44_9.06_0.3954_0.9092_-0.0486_-0.1205end2.62_13.05_4.91_106.31_15.11_-29.43_2.69_-43.44_9.06_0.4141_0.9011_-0.0505_-0.1186end2.66_12.45_4.90_106.31_15.11_-29.43_2.69_-43.44_9.06_0.4186_0.8990_-0.0508_-0.1176end,24.18788633,120.73569351,380.258544921875
1716,,24.18788633,120.73569351,380.258544921875
1717,,24.18788633,120.73569351,380.258544921875
1718,,24.18788633,120.73569351,380.258544921875
1719,2.66_12.45_4.90_106.31_15.11_-29.43_1.94_-43.13_9.44_0.4232_0.8971_-0.0511_-0.1163end3.14_16.96_4.17_106.31_15.11_-29.43_1.94_-43.13_9.44_0.4232_0.8971_-0.0511_-0.1163end-14.89_25.86_-58.29_124.55_35.36_-36.15_3.44_-43.06_12.50_0.4232_0.8971_-0.0511_-0.1163end11.88_1.18_50.89_125.89_32.79_-62.44_3.44_-43.06_12.50_0.4434_0.8882_-0.0520_-0.1089end5.74_9.33_16.32_125.89_32.79_-62.44_3.44_-43.06_12.50_0.4462_0.8870_-0.0511_-0.1071end6.68_6.93_21.58_125.89_32.79_-62.44_3.44_-43.06_12.50_0.4465_0.8870_-0.0511_-0.1058end3.51_9.25_37.42_125.89_32.79_-62.44_3.44_-42.00_13.00_0.4465_0.8870_-0.0511_-0.1058end3.51_9.25_37.42_125.89_32.79_-62.44_3.44_-42.00_13.00_0,24.18788633,120.73569351,380.258544921875
1720,.4432_0.8890_-0.0532_-0.1026end3.36_1.74_-11.32_125.89_32.79_-62.44_3.44_-42.00_13.00_0.4424_0.8895_-0.0539_-0.1011end-6.61_5.02_-4.53_125.89_32.79_-62.44_2.31_-41.63_12.50_0.4424_0.8895_-0.0539_-0.1011end-6.61_5.02_-4.53_92.10_26.75_-29.54_2.31_-41.63_12.50_0.4489_0.8864_-0.0557_-0.0989end3.50_6.86_-4.14_92.10_26.75_-29.54_2.31_-41.63_12.50_0.4526_0.8845_-0.0560_-0.0983end1.69_7.29_1.48_92.10_26.75_-29.54_2.31_-41.63_12.50_0.4526_0.8845_-0.0560_-0.0983end4.02_8.77_2.93_88.29_-42.64_-16.56_2.31_-41.63_12.50_0.4526_0.8845_-0.0560_,24.18788633,120.73569351,380.258544921875
1721,-0.0983end1.40_8.42_17.20_88.29_-42.64_-16.56_2.31_-41.63_12.50_0.4629_0.8789_-0.0584_-0.0989end1.40_8.42_17.20_81.69_-77.77_-10.30_2.31_-41.63_12.50_0.4660_0.8770_-0.0598_-0.1012end1.40_8.42_17.20_49.13_-71.62_-16.00_3.44_-41.63_14.31_0.4660_0.8770_-0.0598_-0.1012end1.40_8.42_17.20_39.06_-62.33_-19.25_3.44_-41.63_14.31_0.4713_0.8730_-0.0650_-0.1078end2.00_7.82_7.14_39.06_-62.33_-19.25_4.56_-41.94_14.75_0.4713_0.8730_-0.0650_-0.1078end2.00_7.82_7.14_55.17_66.25_-30.21_4.56_-41.94_14.75_0.4744_0.8713_-0.0666_-0.1061end,24.18788633,120.73569351,380.258544921875
1722,,24.18788633,120.73569351,380.258544921875
1723,0.63_6.95_2.74_55.17_66.25_-30.21_4.56_-41.94_14.75_0.4792_0.8695_-0.0656_-0.1000end1.12_7.16_3.13_55.17_66.25_-30.21_4.56_-41.94_14.75_0.4822_0.8685_-0.0640_-0.0952end1.25_7.06_2.28_55.17_66.25_-30.21_5.31_-40.88_16.94_0.4852_0.8676_-0.0620_-0.0898end2.02_7.87_3.80_67.26_165.28_-17.68_5.31_-40.88_16.94_0.4852_0.8676_-0.0620_-0.0898end2.02_7.87_3.80_63.56_171.33_-16.67_5.31_-40.88_16.94_0.4912_0.8658_-0.0564_-0.0775end2.02_7.87_3.80_63.56_171.33_-16.67_5.31_-40.88_16.94_0.4969_0.8640_-0.0498_-0.0640end2.02_7.87_3.80_63.56_171.33_-16.67_3.44_-40.12_18.75_0.4995_0.8632_-0.0464_-0.0566end-2.00_7.54_4.43_63.56_171.33_-16.67_3.44_-40.12_18.75_0.4995_0.8632_-0.0464_-0.0566end-1.64_7.54_4.23_59.53_187.33_-23.28_3.44_-40.12_18.75_0.4995_0.8632_-0.0464_-0.0566end-1.64_7.54_4.23_61.21_165.73_-20.37_3.44_-40.12_18.75_0.5098_0.8592_-0.0334_-0.0284end,24.18788633,120.73569351,380.258544921875
1724,,24.18788633,120.73569351,380.258544921875
1725,-1.90_7.61_5.15_61.21_165.73_-20.37_3.12_-40.81_19.62_0.5126_0.8578_-0.0311_-0.0235end-2.05_7.84_7.14_61.21_165.73_-20.37_3.12_-40.81_19.62_0.5152_0.8563_-0.0295_-0.0201end-2.05_7.84_7.14_67.37_44.31_-7.72_3.12_-39.75_20.44_0.5152_0.8563_-0.0295_-0.0201end-2.05_7.84_7.14_65.35_25.07_-8.62_3.12_-39.75_20.44_0.5203_0.8533_-0.0280_-0.0164end-1.70_7.87_7.55_65.35_25.07_-8.62_2.00_-38.75_21.81_0.5203_0.8533_-0.0280_-0.0164end-1.70_7.87_7.55_63.56_13.43_-9.85_2.00_-38.75_21.81_0.5275_0.8490_-0.0281_-0.0146end-0.48_7.65_6.19_63.56_13.43_-9.85_2.00_-38.75_21.81_0.5298_0.8475_-0.0283_-0.0142end-0.48_7.65_6.19_66.47_8.39_-8.95_2.00_-38.75_21.81_0.5322_0.8460_-0.,24.18788633,120.73569351,380.258544921875
1726,0285_-0.0137end0.00_7.69_5.32_68.93_18.02_-5.48_2.00_-38.75_21.81_0.5347_0.8445_-0.0285_-0.0133end0.00_7.69_5.32_68.93_18.02_-5.48_2.00_-38.75_21.81_0.5399_0.8412_-0.0280_-0.0118end,24.18788633,120.73569351,380.258544921875
1727,,24.18788633,120.73569351,380.258544921875
1728,-0.54_7.87_5.76_68.93_18.02_-5.48_2.75_-38.06_20.94_0.5424_0.8396_-0.0274_-0.0107end-1.22_7.76_6.00_68.93_18.02_-5.48_2.75_-38.06_20.94_0.5424_0.8396_-0.0274_-0.0107end-1.28_7.76_5.94_68.93_42.75_-6.83_2.75_-38.06_20.94_0.5424_0.8396_-0.0274_-0.0107end-1.68_7.70_6.04_68.93_42.75_-6.83_1.31_-37.69_23.56_0.5500_0.8347_-0.0251_-0.0062end-1.73_7.69_5.90_71.40_29.32_-4.03_1.31_-37.69_23.56_0.5500_0.8347_-0.0251_-0.0062end-1.81_7.76_5.90_71.40_29.32_-4.03_1.31_-37.69_23.56_0.5578_0.8297_-0.0233_-0.0025end-2.11_7.87_5.63_71.40_29.32_-4.03_1.31_-37.69_23.56_0.5578_0.8297_-0.0233_-0.0025end-2.01_7.91_5.46_71.40_29.32_-4.03_2.81_-36.25_25.81_0.5578_0.8297_-0.0233_-0.0025end-1.91_7.84_5.16_72.18_-15.22_-0.45_2.81_-36.25_25.81_0.5578_0.8297_-0.0233_-0.0025end-1.91_7.84_5.16_72.18_-15.22_-0.45_2.81_-36.25_25.81_0.5708_0.8207_-0.0239_-0.0035end,24.18788633,120.73569351,380.258544921875
1729,,24.18788633,120.73569351,380.258544921875
1730,-1.39_7.80_4.18_72.18_-15.22_-0.45_2.81_-36.25_25.81_0.5734_0.8189_-0.0244_-0.0043end-0.31_7.66_2.63_72.18_-15.22_-0.45_2.81_-36.25_25.81_0.5734_0.8189_-0.0244_-0.0043end0.20_7.64_1.97_73.07_-20.14_-2.35_2.81_-36.25_25.81_0.5734_0.8189_-0.0244_-0.0043end0.20_7.64_1.97_73.07_-20.14_-2.35_2.81_-36.25_25.81_0.5837_0.8115_-0.0266_-0.0072end0.75_7.78_0.97_73.07_-20.14_-2.35_2.81_-36.25_25.81_0.5837_0.8115_-0.0266_-0.0072end0.75_7.78_0.97_74.31_-6.60_-1.68_3.19_-35.88_27.06_0.5837_0.8115_-0.0266_-0.0072end0.71_7.88_0.98_74.31_-6.60_-1.68_3.19_-35.88_27.06_0.5837_0.8115_-0.0266_-0.0072end0.71_7.88_0.98_71.73_4.92_-3.47_3.19_-35.88_27.06_0.5940_0.8040_-0.0273_-0.0083end0.71_7.88_0.98_71.73_4.92_-3.47_3.19_-35.88_27.06_0.5991_0.8002_-0.0273_-0.0079end0.98_8.03_0.62_70.72_5.60_-4.36_3.19_-35.88_27.06_0.5991_0.8002_-0.0273_-0.0079end,24.18788633,120.73569351,380.258544921875
1731,,24.18788633,120.73569351,380.258544921875
1732,0.98_8.03_0.62_70.72_5.60_-4.36_3.19_-35.88_27.06_0.6039_0.7965_-0.0273_-0.0075end1.18_8.09_0.01_70.72_5.60_-4.36_3.19_-35.88_27.06_0.6039_0.7965_-0.0273_-0.0075end1.35_8.13_0.11_70.72_5.60_-4.36_3.19_-35.88_27.06_0.6112_0.7910_-0.0272_-0.0067end1.25_8.17_0.22_69.38_11.30_-5.60_1.75_-34.13_28.00_0.6135_0.7892_-0.0270_-0.0063end1.34_8.24_0.01_69.38_11.30_-5.60_1.75_-34.13_28.00_0.6135_0.7892_-0.0270_-0.0063end1.28_8.29_0.08_68.15_17.90_-7.05_1.75_-34.13_28.00_0.6135_0.7892_-0.0270_-0.0063end1.28_8.29_0.08_68.15_17.90_-7.05_2.50_-32.69_29.81_0.6230_0.7818_-0.0261_-0.0035end1.05_8.44_0.28_68.15_17.90_-7.05_2.50_-32.69_29.81_0.6252_0.7800_-0.0257_-0.0026en,24.18788633,120.73569351,380.258544921875
1733,d0.72_8.44_0.11_65.35_20.81_-7.05_2.50_-32.75_29.81_0.6252_0.7800_-0.0257_-0.0026end0.57_8.41_0.14_64.79_18.91_-7.27_2.50_-32.75_29.81_0.6319_0.7747_-0.0247_-0.0002end,24.18788633,120.73569351,380.258544921875
1734,,24.18788633,120.73569351,380.258544921875
1735,,24.18788633,120.73569351,380.258544921875
1736,0.44_8.48_0.16_64.79_18.91_-7.27_2.50_-32.75_29.81_0.6340_0.7729_-0.0245_0.0005end-0.22_8.52_0.24_64.79_18.91_-7.27_1.75_-31.69_31.56_0.6340_0.7729_-0.0245_0.0005end-0.38_8.58_0.30_63.56_15.33_-8.39_1.75_-31.69_31.56_0.6340_0.7729_-0.0245_0.0005end-0.38_8.58_0.30_63.56_15.33_-8.39_1.75_-31.69_31.56_0.6405_0.7676_-0.0241_0.0025en,24.18788633,120.73569351,380.258544921875
1737,d-1.14_8.66_0.83_63.56_15.33_-8.39_1.75_-31.69_31.56_0.6426_0.7659_-0.0240_0.0031end-1.67_8.69_1.16_63.56_15.33_-8.39_1.75_-31.69_31.56_0.6426_0.7659_-0.0240_0.0031end-1.90_8.69_1.27_62.00_2.24_-5.82_2.50_-29.94_31.62_0.6426_0.7659_-0.0240_0.0031end-1.90_8.69_1.27_62.00_2.24_-5.82_2.87_-29.87_31.62_0.6509_0.7588_-0.0239_0.0048en,24.18788633,120.73569351,380.258544921875
1738,d-1.90_8.69_1.27_62.00_2.24_-5.82_2.87_-29.87_31.62_0.6550_0.7552_-0.0245_0.0048end-2.09_8.73_1.50_61.88_-12.09_-5.26_2.87_-29.87_31.62_0.6570_0.7535_-0.0249_0.0045end,24.18788633,120.73569351,380.258544921875
1739,-1.98_8.72_1.51_61.88_-12.09_-5.26_2.87_-29.87_31.62_0.6570_0.7535_-0.0249_0.0045end-1.90_8.71_1.50_62.22_-21.26_-3.25_2.87_-29.87_31.62_0.6570_0.7535_-0.0249_0.0045end-1.90_8.71_1.50_62.22_-21.26_-3.25_2.87_-29.56_32.88_0.6630_0.7481_-0.0269_0.0030end-1.90_8.71_1.50_62.89_-20.14_-2.91_2.87_-29.56_32.88_0.6650_0.7463_-0.0276_0.0,24.18788633,120.73569351,380.258544921875
1740,023end-1.98_8.72_1.81_62.67_-17.35_-2.69_2.87_-29.56_32.88_0.6671_0.7444_-0.0283_0.0017end-1.98_8.72_1.81_62.67_-17.35_-2.69_2.12_-29.87_33.75_0.6691_0.7427_-0.0288_0.0012end-1.98_8.72_1.81_63.67_2.46_-1.79_2.12_-29.87_33.75_0.6732_0.7389_-0.0294_0.0007end-1.98_8.72_1.81_63.67_2.46_-1.79_3.62_-28.12_33.81_0.6732_0.7389_-0.0294_0.0007end-1.86_8.71_2.14_65.13_6.27_-1.23_3.62_-28.12_33.81_0.6772_0.7352_-0.0294_0.0009end-1.86_8.71_2.14_65.13_6.27_-1.23_3.62_-28.12_33.81_0.6794_0.7332_-0.0292_0.0010end-1.92_8.65_1.93_65.13_6.27_-1.23_3.62_-28.12_33.81_0.6794_0.7332_-0.0292_0.0010end-1.86_8.60_1.69_65.13_6.27_-1.23_3.31_-26.69_34.25_0.6877_0.7254_-0.0273_0.0026end-1.78_8.58_1.55_65.13_6.27_-1.23_2.94_-26.69_34.25_0.6899_0.7234_-0.0266_0.0031end-1.57_8.55_1.29_67.37_28.76_1.79_2.94_-26.69_34.25_0.6899_0.7234_-0.0266_0.0031end-1.39_8.51_1.18_68.82_38.72_2.57_2.94_-26.69_34.25_0.6899_0.7234_-0.0266_0.0031end-1.39_8.51_1.18_68.82_38.72_2.57_2.94_-26.31_36.00_0.6985_0.7152_-0.0223_0.0068end-1.25_8.52_1.29_68.82_38.72_2.57_2.94_-26.31_36.00_0.6985_0.7152_-0.0223_0.0068end-1.23_8.52_1.29_68.82_38.72_2.57_2.94_-26.31_36.00_0.6985_0.7152_-0.0223_0.0068end-1.18_8.48_1.57_68.82_38.72_2.57_2.94_-26.31_36.00_0.6985_0.7152_-0.0223_0.0068end-1.18_8.48_1.57_70.95_63.45_5.48_2.94_-26.31_36.00_0.7073_0.7066_-0.0153_0.0126end,24.18788633,120.73569351,380.258544921875
1741,,24.18788633,120.73569351,380.258544921875
1742,,24.18788633,120.73569351,380.258544921875
1743,-1.18_8.48_1.57_70.95_63.45_5.48_2.94_-26.31_36.00_0.7118_0.7021_-0.0111_0.0161end-0.99_8.38_1.46_70.95_63.45_5.48_2.94_-26.31_36.00_0.7140_0.6999_-0.0090_0.0178end-0.77_8.34_1.21_71.40_55.28_7.95_2.94_-26.31_36.00_0.7140_0.6999_-0.0090_0.0178end-0.77_8.34_1.21_71.28_47.00_8.73_0.37_-23.94_37.81_0.7140_0.6999_-0.0090_0.0178end-0.77_8.34_1.21_72.74_29.43_9.62_0.37_-23.94_37.81_0.7227_0.6908_-0.0025_0.0223end-0.55_8.23_1.20_72.74_29.43_9.62_-0.31_-23.25_37.81_0.7250_0.6884_-0.0014_0.0228end-0.43_8.18_0.86_72.74_29.43_9.62_-0.31_-23.25_37.81_0.7250_0.6884_-0.0014_0.0228end-0.43_8.18_0.86_73.52_20.70_9.29_-0.31_-23.62_36.94_0.7250_0.6884_-0.0014_0.0228end-,24.18788633,120.73569351,380.258544921875
1744,0.43_8.18_0.86_74.42_22.94_10.30_-0.31_-23.62_36.94_0.7250_0.6884_-0.0014_0.0228end-0.43_8.18_0.86_74.42_22.94_10.30_0.37_-22.87_38.69_0.7338_0.6790_0.0022_0.0240end,24.18788633,120.73569351,380.258544921875
1745,,24.18788633,120.73569351,380.258544921875
1746,-0.43_8.18_0.86_74.31_29.54_11.19_0.37_-22.87_38.69_0.7338_0.6790_0.0022_0.0240end-0.11_7.96_0.84_74.31_29.54_11.19_-0.62_-22.87_39.13_0.7381_0.6742_0.0043_0.0249end-0.07_7.93_0.27_74.31_29.54_11.19_-1.00_-22.56_37.81_0.7425_0.6693_0.0070_0.0262end-0.15_8.00_0.30_74.31_29.54_11.19_-1.00_-22.56_37.81_0.7469_0.6643_0.0106_0.0281end-0.15_8.00_0.30_74.86_54.39_12.53_-1.37_-20.81_38.75_0.7490_0.6618_0.0125_0.0293end-0.32_7.86_0.43_74.86_54.39_12.53_-1.37_-20.81_38.75_0.7511_0.6593_0.0145_0.0305end-0.55_7.75_0.62_74.86_54.39_12.53_-1.00_-20.75_39.13_0.7511_0.6593_0.0145_0.0305end-0.64_7.82_0.42_78.11_33.46_14.77_-1.00_-20.75_39.13_0.7511_0.6593_0.0145_0.0305,24.18788633,120.73569351,380.258544921875
1747,end-0.71_7.73_0.03_78.67_22.27_15.00_-1.00_-20.75_39.13_0.7577_0.6515_0.0198_0.0332end-0.71_7.73_0.03_79.23_11.53_15.44_-2.44_-19.44_38.75_0.7621_0.6462_0.0220_0.0336end,24.18788633,120.73569351,380.258544921875
1748,-0.59_7.61_-0.67_79.23_11.53_15.44_-2.44_-19.44_38.75_0.7643_0.6436_0.0225_0.0334end-0.24_7.62_-2.21_79.23_11.53_15.44_-2.44_-19.44_38.75_0.7643_0.6436_0.0225_0.0334end0.18_7.42_-3.46_77.55_-7.83_14.32_-2.44_-19.44_38.75_0.7643_0.6436_0.0225_0.0334end0.18_7.42_-3.46_77.55_-7.83_14.32_-2.44_-19.44_38.75_0.7730_0.6332_0.0229_0.0311end-6.81_2.05_-11.34_77.55_-7.83_14.32_-2.44_-19.44_38.75_0.7748_0.6310_0.0229_0.0305end1.26_7.06_-9.34_77.55_-7.83_14.32_-2.44_-19.44_38.75_0.7766_0.6288_0.0233_0.0302end1.26_7.06_-9.34_80.68_12.76_14.10_-2.44_-19.44_38.75_0.7766_0.6288_0.0233_0.0302end0.16_7.96_-4.79_80.68_12.76_14.10_-2.44_-19.44_38.75_0.7829_0.6208_0.0255_0,24.18788633,120.73569351,380.258544921875
1749,.0300end1.30_7.57_-3.09_80.68_12.76_14.10_-2.00_-16.56_42.31_0.7829_0.6208_0.0255_0.0300end1.30_7.57_-3.09_78.89_30.10_14.32_-2.00_-16.56_42.31_0.7850_0.6182_0.0264_0.0301end,24.18788633,120.73569351,380.258544921875
1750,1.30_7.57_-3.09_78.89_30.10_14.32_-2.00_-16.56_42.31_0.7892_0.6127_0.0289_0.0308end1.30_7.57_-3.09_76.99_38.16_13.76_-2.00_-16.56_42.31_0.7913_0.6099_0.0305_0.0314end1.79_7.80_-1.12_76.99_38.16_13.76_-2.00_-16.56_42.31_0.7933_0.6072_0.0321_0.0320end1.79_7.80_-1.12_71.17_43.98_13.32_-2.00_-16.56_42.31_0.7971_0.6019_0.0355_0.0335end1.02_7.32_-3.96_71.17_43.98_13.32_-2.00_-16.56_42.31_0.7971_0.6019_0.0355_0.0335end1.25_7.40_-5.86_71.17_43.98_13.32_-2.00_-16.56_42.31_0.7971_0.6019_0.0355_0.0335end1.25_7.40_-5.86_71.17_43.98_13.32_-4.56_-13.19_41.88_0.8044_0.5914_0.0419_0.0360end1.33_7.61_-7.34_71.17_43.98_13.32_-4.56_-13.19_41.88_0.8064_0.5887_0.0432_0.036,24.18788633,120.73569351,380.258544921875
1751,4end-0.02_7.71_-6.05_71.17_43.98_13.32_-4.56_-13.19_41.88_0.8083_0.5859_0.0442_0.0367end1.12_7.73_-5.79_77.66_18.02_14.10_-4.56_-13.19_41.88_0.8083_0.5859_0.0442_0.0367end,24.18788633,120.73569351,380.258544921875
1752,,24.18788633,120.73569351,380.258544921875
1753,,24.18788633,120.73569351,380.258544921875
1754,,24.18788633,120.73569351,380.258544921875
1755,1.12_7.73_-5.79_74.31_9.18_15.11_-4.56_-13.19_41.88_0.8083_0.5859_0.0442_0.0367end0.37_7.86_-5.98_74.31_9.18_15.11_-5.69_-11.75_41.94_0.8160_0.5750_0.0471_0.0366end1.15_7.77_-6.48_74.31_9.18_15.11_-5.69_-11.75_41.94_0.8177_0.5726_0.0474_0.0363end0.88_7.72_-7.36_74.31_9.18_15.11_-5.69_-11.75_41.94_0.8177_0.5726_0.0474_0.0363end1.23_7.70_-9.29_62.22_-15.78_12.76_-5.69_-11.75_41.94_0.8177_0.5726_0.0474_0.0363end1.23_7.70_-9.29_60.99_-23.61_11.08_-5.69_-11.75_41.94_0.8226_0.5657_0.0467_0.0343end1.23_7.70_-9.29_60.99_-23.61_11.08_-5.69_-11.75_41.94_0.8256_0.5614_0.0453_0.0326end2.57_7.87_-10.36_60.99_-23.61_11.08_-5.69_-11.75_41.94_0.8272_0.5592_0.0446_0.0316end3.06_7.98_-9.96_60.99_-23.61_11.08_-4.87_-10.38_42.81_0.8287_0.5571_0.0439_0.0308end3.11_7.99_-9.73_59.20_-13.32_9.85_-4.87_-10.38_42.81_0.8316_0.5529_0.0433_0.0297end,24.18788633,120.73569351,380.258544921875
1756,3.29_8.11_-9.17_59.20_-13.32_9.85_-3.81_-10.00_44.13_0.8316_0.5529_0.0433_0.0297end3.29_8.11_-9.17_52.71_16.11_7.16_-3.81_-10.00_44.13_0.8343_0.5488_0.0441_0.0297end4.34_9.02_-7.62_52.71_16.11_7.16_-3.81_-10.00_44.13_0.8355_0.5468_0.0447_0.0299end4.34_9.02_-7.62_49.80_19.02_5.93_-3.81_-10.00_44.13_0.8367_0.5449_0.0454_0.0302end2.56_8.08_-9.21_49.80_19.02_5.93_-3.81_-10.00_44.13_0.8379_0.5430_0.0462_0.0305end2.56_8.08_-9.21_45.88_15.55_3.47_-3.81_-10.00_44.13_0.8400_0.5396_0.0477_0.0313end2.56_8.08_-9.21_45.77_5.04_3.80_-3.81_-10.00_44.13_0.8400_0.5396_0.0477_0.0313end2.62_8.26_-8.10_45.77_5.04_3.80_-3.81_-10.00_44.13_0.8400_0.5396_0.0477_0.0313end2.45_8.31_-7.94_45.77_5.04_3.80_-4.87_-8.25_43.25_0.8400_0.5396_0.0477_0.0313end2.19_8.25_-7.70_45.77_5.04_3.80_-5.62_-7.56_42.00_0.8400_0.5396_0.0477_0.0313end,24.18788633,120.73569351,380.258544921875
1757,,24.18788633,120.73569351,380.258544921875
1758,2.23_8.39_-7.34_45.77_5.04_3.80_-5.62_-7.56_42.00_0.8463_0.5302_0.0444_0.0292end1.96_8.32_-7.24_45.77_5.04_3.80_-5.62_-7.56_42.00_0.8463_0.5302_0.0444_0.0292end1.88_8.33_-7.17_36.15_-49.35_-0.56_-5.62_-7.56_42.00_0.8463_0.5302_0.0444_0.0292end1.88_8.33_-7.17_36.15_-49.35_-0.56_-5.62_-7.56_42.00_0.8499_0.5250_0.0370_0.0251end1.54_8.30_-6.99_36.15_-49.35_-0.56_-5.62_-7.56_42.00_0.8508_0.5237_0.0350_0.0241end1.43_8.34_-6.80_34.13_-49.24_-2.46_-5.62_-7.56_42.00_0.8508_0.5237_0.0350_0.0241end1.28_8.33_-6.30_34.47_-47.67_-3.02_-5.62_-7.56_42.00_0.8508_0.5237_0.0350_0.0241end1.28_8.33_-6.30_34.47_-47.67_-3.02_-5.62_-7.56_42.00_0.8541_0.5189_0.0277_0.0205end0.,24.18788633,120.73569351,380.258544921875
1759,94_8.30_-5.36_34.47_-47.67_-3.02_-5.62_-7.56_42.00_0.8549_0.5177_0.0262_0.0199end0.94_8.30_-5.36_33.01_-27.64_-4.48_-2.25_-4.75_44.19_0.8557_0.5165_0.0250_0.0194end,24.18788633,120.73569351,380.258544921875
1760,,24.18788633,120.73569351,380.258544921875
1761,0.59_8.30_-4.67_33.01_-27.64_-4.48_-2.25_-4.75_44.19_0.8565_0.5153_0.0239_0.0190end0.52_8.30_-4.52_33.01_-27.64_-4.48_-2.25_-4.75_44.19_0.8580_0.5128_0.0226_0.0189end0.25_8.30_-4.39_33.01_-27.64_-4.48_-2.25_-4.75_44.19_0.8587_0.5116_0.0223_0.0190end-0.05_8.25_-4.41_33.01_-27.64_-4.48_-1.94_-5.44_44.19_0.8587_0.5116_0.0223_0.0190end-0.15_8.22_-4.41_32.23_13.20_-4.59_-1.94_-5.44_44.19_0.8608_0.5079_0.0231_0.0203end-0.24_8.24_-4.43_32.79_24.17_-5.26_-1.94_-5.44_44.19_0.8616_0.5067_0.0237_0.0209end-0.41_8.14_-4.37_32.79_24.17_-5.26_-1.94_-5.44_44.19_0.8622_0.5054_0.0245_0.0217end-0.56_7.95_-4.33_32.79_24.17_-5.26_-1.56_-4.75_43.75_0.8622_0.5054_0.0245_0.0217end-1.00_8.21_-4.16_34.80_40.51_-4.03_-1.56_-4.75_43.75_0.8622_0.5054_0.0245_0.0217end-1.01_8.14_-4.21_34.80_40.51_-4.03_-3.00_-3.37_44.25_0.8644_0.5014_0.0284_0.0248end,24.18788633,120.73569351,380.258544921875
1762,,24.18788633,120.73569351,380.258544921875
1763,-1.01_8.14_-4.21_34.80_40.51_-4.03_-3.00_-3.37_44.25_0.8658_0.4985_0.0322_0.0274end-1.51_8.16_-4.04_34.80_40.51_-4.03_-3.00_-3.37_44.25_0.8658_0.4985_0.0322_0.0274end-1.84_8.04_-4.11_34.80_40.51_-4.03_-3.00_-3.37_44.25_0.8672_0.4957_0.0367_0.0303end-1.93_8.11_-4.00_35.25_69.72_-0.45_-3.00_-3.37_44.25_0.8672_0.4957_0.0367_0.0303end-1.93_8.11_-4.00_35.25_69.72_-0.45_-3.00_-3.37_44.25_0.8691_0.4913_0.0444_0.0350end-2.41_7.99_-3.43_35.25_69.72_-0.45_-3.00_-3.37_44.25_0.8698_0.4899_0.0469_0.0363end-2.50_8.05_-2.94_35.25_69.72_-0.45_-4.44_-3.37_44.25_0.8698_0.4899_0.0469_0.0363end-2.50_8.05_-2.94_38.61_36.37_5.48_-5.19_-3.06_43.81_0.8698_0.4899_0.0469_0.0363,24.18788633,120.73569351,380.258544921875
1764,end-2.50_8.05_-2.94_39.39_19.14_6.94_-5.19_-3.06_43.81_0.8720_0.4852_0.0519_0.0388end-2.91_7.95_-2.17_39.39_19.14_6.94_-5.56_-3.06_43.38_0.8720_0.4852_0.0519_0.0388end,24.18788633,120.73569351,380.258544921875
1765,,24.18788633,120.73569351,380.258544921875
1766,-2.91_7.95_-2.17_40.06_0.67_7.83_-5.56_-3.06_43.38_0.8746_0.4806_0.0512_0.0375end-2.91_7.95_-2.17_40.85_-57.41_10.30_-5.19_-2.00_43.75_0.8746_0.4806_0.0512_0.0375end-2.91_7.95_-2.17_40.06_-72.18_10.52_-5.19_-2.00_43.75_0.8766_0.4776_0.0471_0.0345end-2.91_7.95_-2.17_40.06_-83.93_10.97_-4.81_-1.94_45.12_0.8766_0.4776_0.0471_0.0345end-1.28_7.48_-3.30_40.06_-83.93_10.97_-4.81_-1.94_45.12_0.8787_0.4747_0.0412_0.0304end-1.05_7.49_-4.32_40.06_-83.93_10.97_-4.81_-1.94_45.12_0.8807_0.4717_0.0343_0.0258end-0.90_7.40_-4.68_43.64_-84.27_12.20_-4.81_-1.94_45.12_0.8807_0.4717_0.0343_0.0258end-1.04_7.39_-5.11_44.20_-67.93_12.31_-4.81_-1.94_45.12_0.8838_0.4667_0.0264_,24.18788633,120.73569351,380.258544921875
1767,0.0200end-1.18_7.34_-5.54_45.99_-20.48_11.86_-3.69_-0.62_44.25_0.8848_0.4650_0.0253_0.0189end-1.45_7.33_-5.79_45.99_-20.48_11.86_-3.69_-0.62_44.25_0.8857_0.4632_0.0252_0.0183end,24.18788633,120.73569351,380.258544921875
1768,,24.18788633,120.73569351,380.258544921875
1769,,24.18788633,120.73569351,380.258544921875
1770,,24.18788633,120.73569351,380.258544921875
1771,-2.39_7.22_-6.52_45.99_-20.48_11.86_-1.87_0.81_43.44_0.8857_0.4632_0.0252_0.0183end-2.39_7.22_-6.52_45.32_40.29_15.00_-2.56_1.50_44.31_0.8857_0.4632_0.0252_0.0183end-3.11_7.37_-6.50_44.99_43.42_16.67_-2.56_1.50_44.31_0.8857_0.4632_0.0252_0.0183end-3.95_7.18_-6.17_44.99_43.42_16.67_-2.56_1.50_44.31_0.8901_0.4542_0.0331_0.0189end-4.10_7.07_-6.36_44.99_43.42_16.67_-3.31_0.06_42.94_0.8901_0.4542_0.0331_0.0189end-4.37_7.19_-6.09_45.32_-55.51_22.05_-3.31_0.06_42.94_0.8901_0.4542_0.0331_0.0189end-4.37_7.19_-6.09_45.32_-55.51_22.05_-3.31_0.06_42.94_0.8938_0.4472_0.0308_0.0139end-4.02_7.17_-5.73_45.32_-55.51_22.05_-3.31_0.06_42.94_0.8948_0.4454_0.0272_0.0110end,24.18788633,120.73569351,380.258544921875
1772,-3.21_7.07_-5.79_45.32_-55.51_22.05_-3.31_0.06_42.94_0.8959_0.4437_0.0223_0.0075end-3.21_7.07_-5.79_43.31_-157.00_24.40_-3.31_0.06_42.94_0.8959_0.4437_0.0223_0.0075end-2.16_6.86_-6.43_43.31_-157.00_24.40_-3.31_0.06_42.94_0.8959_0.4437_0.0223_0.0075end-1.75_6.73_-6.62_43.31_-157.00_24.40_-3.31_0.06_42.94_0.8995_0.4368_-0.0004_-0.0083end-1.25_6.74_-6.86_43.31_-157.00_24.40_-3.31_0.06_42.94_0.8995_0.4368_-0.0004_-0.0083end-1.25_6.74_-6.86_45.21_-137.42_24.51_1.75_2.94_42.62_0.8995_0.4368_-0.0004_-0.0083end-0.89_6.70_-6.45_45.21_-137.42_24.51_1.75_2.94_42.62_0.8995_0.4368_-0.0004_-0.0083end-0.89_6.70_-6.45_48.34_-120.07_24.17_1.75_2.94_42.62_0.9034_0.4273_-0.0240_-0.0258end-0.73_6.63_-5.75_48.34_-120.07_24.17_1.75_2.94_42.62_0.9042_0.4253_-0.0279_-0.0287end-0.96_6.64_-5.21_48.34_-120.07_24.17_1.75_2.94_42.62_0.9042_0.4253_-0.0279_-0.0287end-1.14_6.60_-5.21_48.34_-120.07_24.17_1.75_2.94_42.62_0.9049_0.4232_-0.0317_-0.0319end-1.14_6.60_-5.21_48.46_-105.30_22.60_1.75_2.94_42.62_0.9063_0.4191_-0.0388_-0.0376end,24.18788633,120.73569351,380.258544921875
1773,-1.28_6.38_-5.77_48.46_-105.30_22.60_1.75_2.94_42.62_0.9077_0.4149_-0.0462_-0.0434end-1.34_6.34_-6.07_48.46_-105.30_22.60_1.75_2.94_42.62_0.9083_0.4128_-0.0500_-0.0463end-1.16_6.28_-6.53_48.46_-105.30_22.60_1.75_2.94_42.62_0.9083_0.4128_-0.0500_-0.0463end-1.20_6.31_-6.79_48.46_-105.30_22.60_1.75_2.94_42.62_0.9095_0.4083_-0.0579_-0.0522end-1.21_6.26_-6.87_52.37_-109.89_20.37_7.25_5.69_44.00_0.9095_0.4083_-0.0579_-0.0522end-1.20_6.33_-7.00_52.48_-106.42_20.48_7.25_5.69_44.00_0.9113_0.4014_-0.0693_-0.0607end-1.18_6.19_-7.32_52.48_-106.42_20.48_7.25_5.69_44.00_0.9118_0.3991_-0.0728_-0.0634end-1.64_6.10_-6.87_52.48_-106.42_20.48_7.25_5.69_44.00_0.9118_0.399,24.18788633,120.73569351,380.258544921875
1774,1_-0.0728_-0.0634end-1.58_6.17_-6.73_51.36_-78.67_18.46_9.13_7.81_44.06_0.9130_0.3945_-0.0789_-0.0683end-1.58_6.17_-6.73_50.92_-70.84_17.68_9.13_7.81_44.06_0.9130_0.3945_-0.0789_-0.0683end,24.18788633,120.73569351,380.258544921875
1775,,24.18788633,120.73569351,380.258544921875
1776,-0.99_6.17_-7.83_50.92_-70.84_17.68_9.13_7.81_44.06_0.9141_0.3901_-0.0836_-0.0725end-0.99_6.17_-7.83_50.92_-70.84_17.68_10.19_8.50_42.31_0.9146_0.3880_-0.0857_-0.0744end-0.99_6.17_-7.83_50.25_-70.95_16.67_10.19_8.50_42.31_0.9157_0.3837_-0.0902_-0.0785end-0.67_6.59_-7.70_50.25_-70.95_16.67_10.19_8.50_42.31_0.9157_0.3837_-0.0902_-0.0785end-0.67_6.59_-7.70_50.25_-70.95_16.67_7.62_9.88_42.75_0.9172_0.3769_-0.0976_-0.0845end0.01_6.46_-8.35_50.25_-70.95_16.67_7.62_9.88_42.75_0.9177_0.3747_-0.0998_-0.0863end0.30_6.41_-11.15_50.25_-70.95_16.67_7.62_9.88_42.75_0.9182_0.3726_-0.1016_-0.0879end0.77_7.15_-13.00_42.52_-29.54_10.07_7.62_9.88_42.75_0.9182_0.3726_-0.1,24.18788633,120.73569351,380.258544921875
1777,016_-0.0879end0.77_7.15_-13.00_35.92_19.58_3.47_7.62_9.88_42.75_0.9182_0.3726_-0.1016_-0.0879end0.16_16.48_-15.50_35.92_19.58_3.47_7.25_7.75_41.81_0.9206_0.3662_-0.1014_-0.0900end,24.18788633,120.73569351,380.258544921875
1778,,24.18788633,120.73569351,380.258544921875
1779,4.32_32.53_-20.45_35.92_19.58_3.47_7.25_7.75_41.81_0.9213_0.3651_-0.1000_-0.0896end1.77_39.84_-22.60_25.51_3.92_2.80_7.25_7.75_41.81_0.9213_0.3651_-0.1000_-0.0896end1.77_39.84_-22.60_25.51_3.92_2.80_9.81_5.94_38.81_0.9224_0.3616_-0.1007_-0.0906end1.18_37.14_-13.20_25.51_3.92_2.80_9.81_5.94_38.81_0.9225_0.3606_-0.1023_-0.0915end-0.44_42.68_-9.82_-1.12_-10.30_-6.49_9.81_5.94_38.81_0.9225_0.3606_-0.1023_-0.0915end2.17_38.74_-9.42_-1.12_-10.30_-6.49_9.81_5.94_38.81_0.9227_0.3595_-0.1047_-0.0923end-0.13_36.71_-9.75_-1.12_-10.30_-6.49_12.75_8.13_40.06_0.9227_0.3595_-0.1047_-0.0923end5.59_33.06_-7.55_-1.12_-10.30_-6.49_12.75_8.13_40.06_0.9227_0.3595_-0.1047_-,24.18788633,120.73569351,380.258544921875
1780,0.0923end1.62_29.02_-10.36_-1.12_-10.30_-6.49_12.75_8.13_40.06_0.9223_0.3615_-0.1034_-0.0900end1.62_29.02_-10.36_-26.86_-3.69_-2.01_12.75_8.13_40.06_0.9223_0.3615_-0.1034_-0.0900end,24.18788633,120.73569351,380.258544921875
1781,0.68_25.22_-8.46_-26.86_-3.69_-2.01_13.81_7.06_40.12_0.9223_0.3615_-0.1034_-0.0900end0.68_25.22_-8.46_-26.86_-3.69_-2.01_13.81_7.81_41.06_0.9205_0.3659_-0.1042_-0.0887end1.25_19.50_-7.42_-26.86_-3.69_-2.01_13.81_7.81_41.06_0.9200_0.3673_-0.1041_-0.0880end1.35_18.47_-6.89_-38.94_26.63_-12.87_13.81_7.81_41.06_0.9200_0.3673_-0.1041_-0.0880end-0.19_17.87_-5.68_-42.30_33.24_-12.42_13.81_7.81_41.06_0.9200_0.3673_-0.1041_-0.0880end0.34_17.09_-5.75_-46.22_42.52_-12.87_13.44_7.06_41.44_0.9200_0.3673_-0.1041_-0.0880end0.05_16.14_-5.35_-46.22_42.52_-12.87_13.44_7.06_41.44_0.9176_0.3764_-0.0983_-0.0813end0.05_16.14_-5.35_-53.94_65.69_-10.41_12.75_6.75_42.25_0.9171,24.18788633,120.73569351,380.258544921875
1782,_0.3787_-0.0963_-0.0797end-0.62_14.85_-5.86_-56.29_73.63_-9.51_12.75_6.75_42.25_0.9165_0.3810_-0.0938_-0.0779end-0.62_14.85_-5.86_-58.75_82.81_-9.62_12.75_7.06_41.44_0.9165_0.3810_-0.0938_-0.0779end,24.18788633,120.73569351,380.258544921875
1783,-0.62_14.85_-5.86_-58.75_82.81_-9.62_12.75_7.06_41.44_0.9152_0.3862_-0.0879_-0.0738end-0.71_13.89_-6.49_-58.75_82.81_-9.62_12.75_7.06_41.44_0.9152_0.3862_-0.0879_-0.0738end-0.71_13.89_-6.49_-58.75_82.81_-9.62_12.75_7.06_41.44_0.9131_0.3948_-0.0765_-0.0667end-1.67_12.54_-7.06_-58.75_82.81_-9.62_12.75_7.06_41.44_0.9124_0.3979_-0.0,24.18788633,120.73569351,380.258544921875
1784,719_-0.0639end-1.55_12.24_-6.87_-74.42_134.96_-10.30_12.75_7.06_41.44_0.9124_0.3979_-0.0719_-0.0639end-1.55_12.24_-6.87_-82.59_131.27_-8.39_12.75_7.06_41.44_0.9106_0.4045_-0.0620_-0.0579end-1.55_12.24_-6.87_-82.59_131.27_-8.39_8.31_5.00_42.69_0.9095_0.4080_-0.0571_-0.0550end-1.55_12.24_-6.87_-87.96_120.75_-7.50_8.31_5.00_42.69_0.9095_0.4080_-0.0571_-0.0550end-1.55_12.24_-6.87_-87.96_120.75_-7.50_7.56_3.69_43.13_0.9071_0.4153_-0.0477_-0.0494end-1.55_12.24_-6.87_-98.92_89.86_-6.49_7.56_3.69_43.13_0.9042_0.4229_-0.0396_-0.0444end,24.18788633,120.73569351,380.258544921875
1785,,24.18788633,120.73569351,380.258544921875
1786,-1.55_12.24_-6.87_-98.92_89.86_-6.49_6.19_3.31_43.94_0.9026_0.4268_-0.0361_-0.0422end-1.55_12.24_-6.87_-98.92_89.86_-6.49_6.19_3.31_43.94_0.8990_0.4352_-0.0307_-0.0386end-1.09_8.27_-7.54_-112.80_40.51_-4.14_6.19_3.31_43.94_0.8990_0.4352_-0.0307_-0.0386end-1.09_8.27_-7.54_-112.80_40.51_-4.14_3.94_0.88_44.31_0.8949_0.4440_-0.0272_-0.0359end-1.09_8.27_-7.54_-112.80_40.51_-4.14_3.94_0.88_44.31_0.8905_0.4531_-0.0251_-0.0341end-0.58_6.12_-7.09_-112.80_40.51_-4.14_3.94_0.88_44.31_0.8881_0.4578_-0.0245_-0.0333end-0.33_5.76_-7.10_-127.91_18.80_-3.02_3.94_0.88_44.31_0.8881_0.4578_-0.0245_-0.0333end-0.08_5.13_-7.20_-127.91_18.80_-3.02_3.94_-0.88_44.31_0.8802_0.47,24.18788633,120.73569351,380.258544921875
1787,,24.18788633,120.73569351,380.258544921875
1788,,24.18788633,120.73569351,380.258544921875
1789,29_-0.0232_-0.0314end0.34_4.69_-7.28_-127.91_18.80_-3.02_3.19_-1.94_43.38_0.8774_0.4783_-0.0231_-0.0309end0.29_4.30_-7.18_-141.67_6.71_-3.13_3.19_-1.94_43.38_0.8745_0.4836_-0.0230_-0.0305end0.29_4.30_-7.18_-144.92_6.38_-2.91_3.19_-1.94_43.38_0.8715_0.4890_-0.0230_-0.0301end0.33_3.62_-6.59_-144.92_6.38_-2.91_4.25_-3.31_43.81_0.8715_0.4890_-0.0230_-0.0301end0.33_3.62_-6.59_-154.77_14.77_-4.48_4.25_-3.31_43.81_0.8715_0.4890_-0.0230_-0.0301end0.33_3.62_-6.59_-154.77_14.77_-4.48_2.06_-4.00_44.75_0.8618_0.5060_-0.0228_-0.0286end0.33_3.62_-6.59_-157.56_18.02_-5.37_2.06_-4.00_44.75_0.8547_0.5179_-0.0220_-0.0271end0.33_3.62_-6.59_-163.61_19.47_-6.49_3.87_-6.81_42.06_0.8547_0.5179_-0.0220_-0.0271end0.69_2.15_-5.90_-166.52_19.36_-7.39_2.06_-7.50_43.69_0.8547_0.5179_-0.0220_-0.0271end0.69_2.15_-5.90_-170.43_16.90_-9.06_2.06_-7.50_43.69_0.8434_0.5364_,24.18788633,120.73569351,380.258544921875
1790,-0.0210_-0.0245end0.69_2.15_-5.90_-170.43_16.90_-9.06_2.06_-7.50_43.69_0.8354_0.5488_-0.0205_-0.0228end0.57_1.64_-5.03_-170.43_16.90_-9.06_2.37_-8.19_43.69_0.8354_0.5488_-0.0205_-0.0228end,24.18788633,120.73569351,380.258544921875
1791,0.57_1.64_-5.03_-179.05_15.78_-11.41_2.00_-9.94_43.75_0.8354_0.5488_-0.0205_-0.0228end0.62_1.61_-5.06_-183.64_16.00_-12.87_2.00_-9.94_43.75_0.8354_0.5488_-0.0205_-0.0228end0.62_1.61_-5.06_-183.64_16.00_-12.87_2.75_-11.00_42.38_0.8180_0.5746_-0.0200_-0.0189end0.62_1.61_-5.06_-185.65_15.67_-13.32_2.75_-11.00_42.38_0.8085_0.5879_-0,24.18788633,120.73569351,380.258544921875
1792,.0198_-0.0168end0.61_2.08_-4.91_-185.65_15.67_-13.32_2.75_-11.00_42.38_0.8037_0.5945_-0.0198_-0.0157end0.61_2.08_-4.91_-194.49_16.23_-16.11_2.75_-11.00_42.38_0.7936_0.6080_-0.0198_-0.0135end0.37_2.13_-4.58_-194.49_16.23_-16.11_2.00_-13.50_41.06_0.7885_0.6146_-0.0198_-0.0123end0.28_2.01_-4.01_-194.49_16.23_-16.11_2.00_-13.50_41.06_0.7833_0.6213_-0.0197_-0.0110end0.05_1.99_-3.27_-199.19_25.96_-17.90_2.00_-13.50_41.06_0.7833_0.6213_-0.0197_-0.0110end-0.01_1.96_-2.95_-199.19_25.96_-17.90_2.00_-13.50_41.06_0.7667_0.6417_-0.0186_-0.0064end,24.18788633,120.73569351,380.258544921875
1793,-0.12_2.02_-2.65_-199.19_25.96_-17.90_1.56_-18.31_40.94_0.7609_0.6486_-0.0182_-0.0046end-0.18_2.15_-2.43_-199.19_25.96_-17.90_2.25_-19.75_39.63_0.7552_0.6552_-0.0177_-0.0029end-0.21_2.38_-2.07_-204.34_29.77_-20.93_2.25_-19.75_39.63_0.7552_0.6552_-0.0177_-0.0029end-0.21_2.38_-2.07_-204.34_29.77_-20.93_1.50_-20.75_39.63_0.7495_0.6,24.18788633,120.73569351,380.258544921875
1794,619_-0.0173_-0.0012end-0.21_2.38_-2.07_-205.68_11.53_-21.04_1.50_-20.75_39.63_0.7495_0.6619_-0.0173_-0.0012end-0.21_2.38_-2.07_-205.68_11.53_-21.04_0.75_-22.87_38.69_0.7314_0.6818_-0.0171_0.0032end-0.21_2.38_-2.07_-206.13_-2.80_-20.70_0.75_-22.87_38.69_0.7189_0.6948_-0.0180_0.0051end-0.21_2.38_-2.07_-205.57_-15.22_-18.91_0.75_-2,24.18788633,120.73569351,380.258544921875
1795,2.87_38.69_0.7189_0.6948_-0.0180_0.0051end-0.21_2.38_-2.07_-205.01_-20.14_-18.02_0.75_-22.87_38.69_0.7001_0.7137_-0.0208_0.0063end-0.87_3.50_-0.07_-205.01_-20.14_-18.02_0.75_-22.87_38.69_0.6935_0.7201_-0.0219_0.0064end-0.92_3.58_0.02_-202.55_-25.74_-16.45_0.75_-22.87_38.69_0.6935_0.7201_-0.0219_0.0064end-0.93_3.68_0.19_-202.55_-25.74_-16.45_0.75_-22.87_38.69_0.6807_0.7321_-0.0244_0.0063end-0.93_3.68_0.19_-198.07_-20.03_-12.65_0.75_-22.87_38.69_0.6741_0.7382_-0.0255_0.0061end-0.93_3.68_0.19_-198.07_-20.03_-12.65_0.75_-22.87_38.69_0.6613_0.7496_-0.0273_0.0061end-0.93_3.68_0.19_-193.49_-5.71_-10.41_0.75_-22.87_38.69_0.6548_0.7553_-0.0279_0.0063end-0.64_4.18_3.11_-193.49_-5.71_-10.41_1.44_-29.56_33.31_0.6548_0.7553_-0.0279_0.0063end-0.64_4.18_3.11_-192.70_17.12_-8.17_1.44_-29.56_33.31_0.6484_0.7607_-0.0283_0.0067end-0.64_4.18_3.11_-190.69_33.24_-9.85_2.87_-31.31_31.56_0,24.18788633,120.73569351,380.258544921875
1796,.6356_0.7715_-0.0283_0.0079end-1.09_5.30_2.60_-190.69_33.24_-9.85_2.87_-31.31_31.56_0.6226_0.7820_-0.0271_0.0110end-0.97_5.28_2.20_-179.61_40.51_-9.51_2.87_-31.31_31.56_0.6226_0.7820_-0.0271_0.0110end,24.18788633,120.73569351,380.258544921875
1797,,24.18788633,120.73569351,380.258544921875
1798,-0.61_5.47_3.60_-179.61_40.51_-9.51_2.12_-33.44_27.62_0.6039_0.7965_-0.0245_0.0167end-1.12_5.76_3.48_-179.61_40.51_-9.51_2.12_-33.44_27.62_0.5978_0.8011_-0.0240_0.0179end-1.11_5.79_3.49_-179.61_40.51_-9.51_2.12_-33.44_27.62_0.5854_0.8102_-0.0239_0.0190end-0.98_5.76_3.37_-168.19_-19.36_-4.48_2.12_-33.44_27.62_0.5794_0.8145_-0.0242_0.0189end-0.96_5.61_3.28_-168.19_-19.36_-4.48_2.12_-33.44_27.62_0.5794_0.8145_-0.0242_0.0189end-0.96_5.61_3.28_-163.16_-49.91_-2.46_2.12_-33.44_27.62_0.5674_0.8229_-0.0259_0.0170end-0.31_5.40_3.32_-163.16_-49.91_-2.46_2.12_-33.44_27.62_0.5615_0.8268_-0.0273_0.0151end-0.07_5.26_3.01_-163.16_-49.91_-2.46_2.75_-38.00_24.37_0.5615,24.18788633,120.73569351,380.258544921875
1799,_0.8268_-0.0273_0.0151end-0.07_5.26_3.01_-159.35_-84.60_1.68_2.75_-38.00_24.37_0.5557_0.8307_-0.0291_0.0126end-0.07_5.26_3.01_-154.32_-114.03_5.15_2.06_-38.06_23.50_0.5382_0.8420_-0.0361_0.0013end,24.18788633,120.73569351,380.258544921875
1800,,24.18788633,120.73569351,380.258544921875
1801,1.03_4.98_1.95_-154.32_-114.03_5.15_2.06_-38.06_23.50_0.5325_0.8456_-0.0388_-0.0034end1.40_4.90_1.73_-148.50_-142.23_9.06_2.06_-38.06_23.50_0.5325_0.8456_-0.0388_-0.0034end1.41_4.82_1.74_-146.48_-146.82_10.52_2.06_-38.06_23.50_0.5151_0.8556_-0.0478_-0.0191end1.70_4.83_1.54_-146.48_-146.82_10.52_2.06_-38.06_23.50_0.5092_0.8588_-0.0508_-0.0247end1.89_4.80_1.54_-146.48_-146.82_10.52_3.81_-39.75_20.06_0.5092_0.8588_-0.0508_-0.0247end2.11_4.87_1.36_-138.76_-138.88_13.88_4.94_-40.12_19.12_0.5092_0.8588_-0.0508_-0.0247end2.11_4.87_1.36_-136.97_-129.48_14.21_4.94_-40.12_19.12_0.4923_0.8675_-0.0591_-0.0403end2.11_4.87_1.36_-134.96_-116.16_14.10_4.94_-40.12_19.1,24.18788633,120.73569351,380.258544921875
1802,,24.18788633,120.73569351,380.258544921875
1803,2_0.4813_0.8729_-0.0635_-0.0491end2.11_4.87_1.36_-131.94_-81.13_13.99_4.94_-40.12_19.12_0.4760_0.8755_-0.0651_-0.0524end2.11_4.87_1.36_-131.94_-81.13_13.99_4.19_-40.19_16.50_0.4706_0.8781_-0.0663_-0.0550end,24.18788633,120.73569351,380.258544921875
1804,0.96_4.47_2.11_-128.13_-39.73_12.65_4.19_-40.19_16.50_0.4604_0.8832_-0.0677_-0.0579end1.39_4.79_2.33_-128.13_-39.73_12.65_4.19_-40.19_16.50_0.4604_0.8832_-0.0677_-0.0579end1.11_5.20_2.14_-122.65_-27.64_12.09_4.19_-40.19_16.50_0.4604_0.8832_-0.0677_-0.0579end1.09_5.41_2.41_-122.65_-27.64_12.09_4.19_-40.19_16.50_0.4604_0.8832_-0.0677_-0.0579end0.88_5.43_2.46_-122.65_-27.64_12.09_4.19_-40.19_16.50_0.4359_0.8949_-0.0706_-0.0643end0.97_5.79_3.09_-122.65_-27.64_12.09_5.25_-41.94_13.00_0.4359_0.8949_-0.0706_-0.0643end0.97_5.79_3.09_-122.65_-27.64_12.09_5.62_-41.25_11.75_0.4265_0.8988_-0.0734_-0.0704end0.97_5.79_3.09_-104.07_-120.75_14.10_5.62_-41.25_11.75_0.4218_0.9005_-0.0752_-0.0743end0.97_5.79_3.09_-104.07_-120.75_14.10_5.25_-41.63_11.75_0.4171_0.9022_-0.0771_-0.0790end0.97_5.79_3.09_-100.27_-122.76_14.55_5.25_-41.63_11.75_0.4126_0.9036_-0.0792_-0.0836end,24.18788633,120.73569351,380.258544921875
1805,,24.18788633,120.73569351,380.258544921875
1806,0.97_5.79_3.09_-100.27_-122.76_14.55_5.25_-41.63_11.75_0.4083_0.9050_-0.0811_-0.0883end0.97_5.79_3.09_-100.27_-122.76_14.55_6.25_-43.06_9.06_0.3999_0.9075_-0.0846_-0.0969end1.05_6.87_4.31_-100.27_-122.76_14.55_5.94_-43.06_8.56_0.3960_0.9086_-0.0861_-0.1006end1.35_7.12_4.10_-81.69_-76.43_13.76_5.94_-43.06_8.56_0.3922_0.9098_-0.08,24.18788633,120.73569351,380.258544921875
1807,73_-0.1039end1.35_7.12_4.10_-81.69_-76.43_13.76_5.94_-43.06_8.56_0.3854_0.9119_-0.0892_-0.1088end1.84_8.08_3.82_-81.69_-76.43_13.76_5.62_-43.06_7.75_0.3854_0.9119_-0.0892_-0.1088end2.04_8.39_3.81_-63.00_-31.00_7.95_6.25_-43.06_7.69_0.3854_0.9119_-0.0892_-0.1088end2.04_8.39_3.81_-58.75_-26.07_6.38_6.25_-43.06_7.69_0.3765_0.9150_-0.0909_-0.1133end1.96_8.55_4.02_-58.75_-26.07_6.38_5.87_-43.13_6.44_0.3713_0.9167_-0.0919_-0.1151end2.10_8.41_3.99_-58.75_-26.07_6.38_4.50_-43.13_5.50_0.3690_0.9175_-0.0923_-0.1158end,24.18788633,120.73569351,380.258544921875
1808,,24.18788633,120.73569351,380.258544921875
1809,2.08_8.24_4.06_-48.12_-14.66_2.35_4.50_-43.13_5.50_0.3690_0.9175_-0.0923_-0.1158end1.63_8.25_3.86_-43.87_-8.84_0.45_4.50_-43.13_5.50_0.3690_0.9175_-0.0923_-0.1158end1.63_8.25_3.86_-36.03_12.20_-3.25_5.56_-43.81_5.12_0.3632_0.9197_-0.0933_-0.1166end1.63_8.25_3.86_-36.03_12.20_-3.25_5.56_-43.81_5.12_0.3604_0.9210_-0.0935_-0.1152end1.63_8.25_3.86_-27.31_36.15_-5.93_5.56_-43.81_5.12_0.3593_0.9216_-0.0934_-0.1137end1.00_7.54_4.58_-27.31_36.15_-5.93_5.56_-43.50_4.62_0.3593_0.9216_-0.0934_-0.1137end1.00_7.54_4.58_-14.77_64.23_-9.96_5.56_-43.50_4.62_0.3578_0.9227_-0.0928_-0.1096end1.00_7.54_4.58_-14.77_64.23_-9.96_5.25_-42.44_4.25_0.3578_0.9227_-0.0928_-0.1096end1.00_7.54_4.58_-10.52_67.70_-11.75_5.25_-42.44_4.25_0.3572_0.9236_-0.0917_-0.1040end0.82_7.78_4.36_-10.52_67.70_-11.75_5.25_-42.44_4.25_0.3573_0.9244_-0.0907_-0.0983end,24.18788633,120.73569351,380.258544921875
1810,,24.18788633,120.73569351,380.258544921875
1811,0.80_7.91_4.43_3.13_55.95_-13.76_5.25_-42.44_4.25_0.3573_0.9244_-0.0907_-0.0983end0.80_7.91_4.43_3.13_55.95_-13.76_7.00_-43.50_3.37_0.3586_0.9246_-0.0899_-0.0913end0.55_8.33_4.43_3.13_55.95_-13.76_7.00_-43.50_3.37_0.3594_0.9246_-0.0898_-0.0894end0.54_8.56_4.41_3.13_55.95_-13.76_7.00_-43.50_3.37_0.3594_0.9246_-0.0898_-0.0894end0.59_8.76_4.47_3.13_55.95_-13.76_7.00_-43.50_3.37_0.3613_0.9241_-0.0899_-0.0862end0.59_8.88_4.22_28.20_32.23_-18.02_7.00_-43.50_3.37_0.3613_0.9241_-0.0899_-0.0862end0.59_9.14_4.27_28.20_32.23_-18.02_7.00_-43.50_3.37_0.3655_0.9228_-0.0902_-0.0818end0.60_9.20_4.47_28.20_32.23_-18.02_7.00_-43.50_3.37_0.3672_0.9222_-0.0904_-0.0803end0.70_9.40_4.26_28.20_32.23_-18.02_7.00_-43.50_3.37_0.3692_0.9216_-0.0906_-0.0789end0.73_9.45_4.28_49.69_32.56_-22.05_7.00_-43.50_3.37_0.3692_0.9216_-0.0906_-0.0789end,24.18788633,120.73569351,380.258544921875
1812,,24.18788633,120.73569351,380.258544921875
1813,0.72_9.52_4.25_49.69_32.56_-22.05_6.62_-43.44_8.19_0.3759_0.9191_-0.0911_-0.0745end0.57_9.62_4.27_49.69_32.56_-22.05_6.62_-43.44_8.19_0.3786_0.9182_-0.0912_-0.0729end0.53_9.68_4.29_49.69_32.56_-22.05_6.62_-42.75_7.69_0.3786_0.9182_-0.0912_-0.0729end0.44_10.03_4.20_70.72_40.96_-25.07_6.62_-42.75_7.69_0.3786_0.9182_-0.0912_-0.0729end0.34_10.67_4.10_70.72_40.96_-25.07_6.62_-42.75_7.69_0.3908_0.9135_-0.0916_-0.0659end0.21_10.92_4.00_83.48_44.65_-25.18_6.62_-42.75_7.69_0.3942_0.9122_-0.0916_-0.0640end0.03_11.09_3.85_86.62_44.31_-25.51_6.62_-42.75_7.69_0.3942_0.9122_-0.0916_-0.0640end-0.24_11.28_3.54_93.89_42.75_-25.07_6.62_-42.75_7.69_0.3942_0.9122_-0.0916_,24.18788633,120.73569351,380.258544921875
1814,-0.0640end-0.24_11.28_3.54_96.69_42.08_-25.07_6.62_-42.75_7.69_0.4055_0.9077_-0.0916_-0.0585end-0.24_11.28_3.54_96.69_42.08_-25.07_7.75_-42.38_8.63_0.4136_0.9042_-0.0916_-0.0551end,24.18788633,120.73569351,380.258544921875
1815,,24.18788633,120.73569351,380.258544921875
1816,,24.18788633,120.73569351,380.258544921875
1817,,24.18788633,120.73569351,380.258544921875
1818,,24.18788633,120.73569351,380.258544921875
1819,-0.58_11.64_2.86_96.69_42.08_-25.07_7.75_-42.38_8.63_0.4177_0.9023_-0.0916_-0.0535end-6.45_51.98_-10.91_96.69_42.08_-25.07_7.75_-42.38_8.63_0.4177_0.9023_-0.0916_-0.0535end-6.45_51.98_-10.91_233.55_-44.54_-31.56_7.06_-41.63_12.13_0.4177_0.9023_-0.0916_-0.0535end-6.45_51.98_-10.91_-23.28_104.52_25.29_7.06_-41.63_12.13_0.4330_0.8952_-0.0918_-0.0517end-6.45_51.98_-10.91_77.44_18.91_11.30_7.06_-41.63_12.13_0.4343_0.8949_-0.0899_-0.0498end3.04_7.64_34.07_-96.46_-8.95_-17.79_7.06_-41.63_12.13_0.4377_0.8932_-0.0899_-0.0494end3.04_7.64_34.07_-96.46_-8.95_-17.79_8.13_-41.25_13.06_0.4377_0.8932_-0.0899_-0.0494end3.04_7.64_34.07_-16.34_-26.19_-17.46_7.06_-41.63_1,24.18788633,120.73569351,380.258544921875
1820,2.63_0.4338_0.8948_-0.0924_-0.0503end3.04_7.64_34.07_30.44_-91.99_-4.36_7.06_-41.63_12.63_0.4324_0.8953_-0.0939_-0.0515end-0.13_6.99_6.45_30.44_-91.99_-4.36_7.06_-41.63_12.63_0.4337_0.8939_-0.0975_-0.0580end2.95_7.04_1.04_30.44_-91.99_-4.36_7.06_-41.63_12.63_0.4352_0.8926_-0.0996_-0.0621end1.43_8.42_8.09_73.63_-98.70_-12.09_7.06_-41.63_12.63_0.4352_0.8926_-0.0996_-0.0621end2.29_7.15_0.37_73.63_-98.70_-12.09_7.06_-41.63_12.63_0.4421_0.8875_-0.1063_-0.0745end-0.66_8.89_7.55_73.63_-98.70_-12.09_9.25_-41.56_13.44_0.4448_0.8856_-0.1085_-0.0787end1.92_8.34_16.42_73.63_-98.70_-12.09_9.25_-41.56_13.44_0.4448_0.8856_-0.1085_-0.0787end1.92_8.34_16.42_38.83_-65.46_-12.09_8.88_-41.19_14.31_0.4448_0.8856_-0.1085_-0.0787end1.92_8.34_16.42_38.83_-65.46_-12.09_8.88_-41.19_14.31_0.4505_0.8809_-0.1150_-0.0891end1.12_6.93_3.80_38.83_-65.46_-12.09_8.88_-41.19_14.31_0.4505_0.,24.18788633,120.73569351,380.258544921875
1821,8809_-0.1150_-0.0891end0.50_6.97_2.91_41.63_-11.19_-15.44_8.88_-41.19_14.31_0.4505_0.8809_-0.1150_-0.0891end0.50_6.97_2.91_41.63_-11.19_-15.44_8.50_-41.25_13.44_0.4565_0.8771_-0.1179_-0.0909end0.47_7.50_2.91_41.63_-11.19_-15.44_8.50_-41.25_13.44_0.4587_0.8760_-0.1183_-0.0911end1.09_7.82_5.01_57.52_2.46_-17.57_8.50_-41.25_13.44_0.4587_0.8760_-0.1183_-0.0911end1.09_7.82_5.01_52.93_5.26_-20.81_10.38_-40.12_15.25_0.4633_0.8735_-0.1191_-0.0908end1.09_7.82_5.01_49.13_-1.34_-21.49_10.38_-40.12_15.25_0.4674_0.8712_-0.1201_-0.0903end2.12_7.71_7.53_49.13_-1.34_-21.49_10.38_-40.12_15.25_0.4694_0.8701_-0.1208_-0.0903end1.94_7.45_7.18_49.13_-1.34_-21.49_10.75_-40.44_16.12_0.4694_0.8701_-0.1208_-0.0903end2.00_7.63_6.91_49.13_-1.34_-21.49_9.63_-40.50_16.12_0.4694_0.8701_-0.1208_-0.0903end1.30_7.57_7.00_49.13_-1.34_-21.49_9.63_-40.50_16.12_0.4766_0.8651_-0.1250_-0.0943end0.96_7.84_7.54_49.13_-1.34_-21.49_9.63_-40.50_16.12_0.4785_0.8637_-0.1260_-0.0953end0.67_7.75_8.05_49.13_-1.34_-21.49_9.63_-40.50_16.12_0.4807_0.8623_-0.1269_-0.0959end,24.18788633,120.73569351,380.258544921875
1822,,24.18788633,120.73569351,380.258544921875
1823,0.68_7.75_8.90_49.13_-1.34_-21.49_9.63_-40.50_16.12_0.4807_0.8623_-0.1269_-0.0959end0.99_7.76_9.18_49.13_-1.34_-21.49_10.38_-39.75_15.63_0.4807_0.8623_-0.1269_-0.0959end1.22_7.68_8.94_57.18_20.48_-24.17_10.38_-39.75_15.63_0.4875_0.8585_-0.1280_-0.0942end1.22_7.68_8.94_57.18_20.48_-24.17_10.38_-39.75_15.63_0.4901_0.8572_-0.1279_-0.0927end0.88_7.56_7.76_58.75_46.22_-21.93_10.38_-39.75_15.63_0.4926_0.8561_-0.1276_-0.0909end0.88_7.56_7.76_60.32_53.60_-20.48_10.75_-38.38_18.75_0.4926_0.8561_-0.1276_-0.0909end-0.09_7.58_6.60_60.32_53.60_-20.48_10.75_-38.38_18.75_0.5006_0.8524_-0.1254_-0.0839end-0.09_7.58_6.60_60.32_53.60_-20.48_10.75_-38.38_18.75_0.5064_0.8500_-0.1227_-0.0775end-0.52_7.62_6.02_60.32_53.60_-20.48_10.75_-38.38_18.75_0.5095_0.8488_-0.1210_-0.0735end-0.79_7.62_5.64_60.32_53.60_-20.48_10.75_-38.38_18.75_0.5126_0.8475_-0.1193_-0.0695end,24.18788633,120.73569351,380.258544921875
1824,,24.18788633,120.73569351,380.258544921875
1825,-0.91_7.68_5.18_60.32_53.60_-20.48_10.75_-38.38_18.75_0.5126_0.8475_-0.1193_-0.0695end-1.09_7.69_4.93_60.32_53.60_-20.48_10.75_-38.38_18.75_0.5188_0.8448_-0.1156_-0.0614end-1.56_7.69_4.39_60.32_53.60_-20.48_10.75_-38.38_18.75_0.5248_0.8421_-0.1120_-0.0540end-1.56_7.69_4.39_60.32_53.60_-20.48_10.44_-37.63_21.37_0.5277_0.8408_-0.1102_-0.0506end-2.11_7.73_3.84_60.32_53.60_-20.48_10.44_-37.63_21.37_0.5307_0.8393_-0.1085_-0.0472end-2.51_7.83_3.27_60.32_53.60_-20.48_10.44_-37.63_21.37_0.5307_0.8393_-0.1085_-0.0472end-2.53_7.84_3.16_67.70_79.34_-12.53_10.44_-37.63_21.37_0.5393_0.8348_-0.1038_-0.0384end-2.46_7.86_3.07_67.70_79.34_-12.53_8.56_-36.94_22.25_0.5421_0.8333_-0.1024_-0.0359end-2.35_7.91_3.07_67.70_79.34_-12.53_8.56_-36.94_22.25_0.5449_0.8317_-0.1012_-0.0337end-2.35_7.91_3.07_67.70_50.02_-7.72_8.56_-36.94_22.75_0.5449_0.8317_-0.1012_-0.0337end,24.18788633,120.73569351,380.258544921875
1826,,24.18788633,120.73569351,380.258544921875
1827,,24.18788633,120.73569351,380.258544921875
1828,-2.40_7.97_3.05_67.14_42.52_-5.93_8.56_-36.94_22.75_0.5449_0.8317_-0.1012_-0.0337end-2.49_8.02_2.99_66.58_36.93_-5.15_8.94_-36.56_24.06_0.5449_0.8317_-0.1012_-0.0337end-2.49_8.02_2.99_66.36_33.57_-4.70_8.94_-36.56_24.06_0.5449_0.8317_-0.1012_-0.0337end-2.49_8.02_2.99_66.36_33.57_-4.70_8.94_-36.56_24.06_0.5604_0.8222_-0.0962_-0.0259end-2.49_8.02_2.99_65.58_30.55_-3.69_8.25_-35.88_23.62_0.5604_0.8222_-0.0962_-0.0259end-2.49_8.02_2.99_66.25_28.65_-2.24_8.25_-35.88_23.62_0.5654_0.8190_-0.0948_-0.0241end-2.17_8.17_2.71_66.25_28.65_-2.24_8.25_-35.88_23.62_0.5703_0.8158_-0.0934_-0.0225end-2.27_8.22_2.87_66.25_28.65_-2.24_8.25_-35.88_23.62_0.5728_0.8142_-0.092,24.18788633,120.73569351,380.258544921875
1829,7_-0.0219end-2.57_8.24_2.97_66.25_28.65_-2.24_8.25_-35.88_23.62_0.5728_0.8142_-0.0927_-0.0219end-2.75_8.26_2.97_65.02_25.96_1.79_8.25_-35.88_23.62_0.5728_0.8142_-0.0927_-0.0219end,24.18788633,120.73569351,380.258544921875
1830,,24.18788633,120.73569351,380.258544921875
1831,-2.75_8.26_2.97_65.02_25.96_1.79_8.25_-35.50_25.81_0.5825_0.8077_-0.0897_-0.0193end-2.87_8.29_3.05_65.02_25.96_1.79_8.25_-35.50_25.81_0.5848_0.8061_-0.0889_-0.0188end-2.87_8.29_3.05_65.02_25.96_1.79_8.25_-35.50_25.81_0.5895_0.8028_-0.0876_-0.0182end-2.81_8.37_2.99_65.02_25.96_1.79_8.25_-35.50_25.81_0.5919_0.8011_-0.0872_-0.0182end-2.81_8.33_2.86_64.91_2.80_6.60_8.25_-35.50_25.81_0.5919_0.8011_-0.0872_-0.0182end-2.68_8.34_2.66_64.91_2.80_6.60_8.25_-35.50_25.81_0.5964_0.7979_-0.0864_-0.0188end-2.65_8.42_2.61_64.91_2.80_6.60_8.25_-35.50_25.81_0.6008_0.7945_-0.0861_-0.0201end-2.35_8.39_2.52_64.91_2.80_6.60_8.25_-35.50_25.81_0.6029_0.7928_-0.0861_-0.0209end-2.38_8.38_2.44_63.79_-13.09_10.07_8.25_-35.50_25.81_0.6029_0.7928_-0.0861_-0.0209end-2.30_8.38_2.40_63.79_-13.09_10.07_8.25_-35.50_25.81_0.6029_0.7928_-0.0861_-0.0209end,24.18788633,120.73569351,380.258544921875
1832,,24.18788633,120.73569351,380.258544921875
1833,-2.23_8.41_2.35_63.79_-13.09_10.07_8.25_-35.50_25.81_0.6115_0.7862_-0.0858_-0.0248end-2.36_8.46_2.30_63.79_-13.09_10.07_7.19_-32.69_28.06_0.6115_0.7862_-0.0858_-0.0248end-2.58_8.42_2.00_63.79_-13.09_10.07_7.56_-33.38_29.31_0.6115_0.7862_-0.0858_-0.0248end-2.55_8.41_1.90_64.23_-1.57_11.41_7.56_-33.38_29.31_0.6202_0.7794_-0.0844_-,24.18788633,120.73569351,380.258544921875
1834,,24.18788633,120.73569351,380.258544921875
1835,,24.18788633,120.73569351,380.258544921875
1836,0.0277end-2.45_8.47_1.75_64.23_-1.57_11.41_7.56_-33.38_29.31_0.6224_0.7777_-0.0839_-0.0282end-2.34_8.50_1.68_64.23_-1.57_11.41_7.19_-32.63_29.75_0.6224_0.7777_-0.0839_-0.0282end-2.30_8.46_1.61_64.91_-2.57_13.20_7.19_-32.63_29.75_0.6224_0.7777_-0.0839_-0.0282end-2.30_8.46_1.61_64.91_-4.59_14.66_7.56_-30.94_30.62_0.6289_0.7725_-0.0825_-0.0302end-2.20_8.55_1.42_64.91_-5.82_15.33_7.56_-30.94_30.62_0.6310_0.7708_-0.0821_-0.0309end-2.20_8.55_1.42_64.46_-6.27_15.44_7.56_-30.94_30.62_0.6331_0.7690_-0.0817_-0.0318end,24.18788633,120.73569351,380.258544921875
1837,,24.18788633,120.73569351,380.258544921875
1838,,24.18788633,120.73569351,380.258544921875
1839,,24.18788633,120.73569351,380.258544921875
1840,,24.18788633,120.73569351,380.258544921875
1841,-2.20_8.55_1.42_63.67_-4.59_15.33_7.56_-30.94_30.62_0.6374_0.7656_-0.0807_-0.0335end-1.81_8.44_1.27_63.67_-4.59_15.33_7.56_-30.94_30.62_0.6395_0.7639_-0.0802_-0.0342end-1.81_8.44_1.27_64.12_-1.23_16.79_7.56_-30.56_32.50_0.6437_0.7604_-0.0790_-0.0357end-1.39_8.50_1.68_64.12_-1.23_16.79_7.56_-30.56_32.50_0.6458_0.7586_-0.0783_-0.0,24.18788633,120.73569351,380.258544921875
1842,364end-1.43_8.55_2.12_64.12_-1.23_16.79_7.56_-30.56_32.50_0.6479_0.7569_-0.0776_-0.0370end-1.33_8.55_2.32_65.58_5.26_18.24_7.56_-30.56_32.50_0.6479_0.7569_-0.0776_-0.0370end-1.32_8.56_2.48_65.80_6.04_18.02_7.56_-30.56_32.50_0.6544_0.7515_-0.0750_-0.0386end-1.39_8.50_2.58_65.80_6.04_18.02_7.56_-30.56_32.50_0.6566_0.7496_-0.0741_-0.0392end-1.24_8.46_2.71_65.80_6.04_18.02_7.56_-30.56_32.50_0.6587_0.7478_-0.0733_-0.0398end-0.89_8.38_2.33_65.80_6.04_18.02_7.56_-30.56_32.50_0.6587_0.7478_-0.0733_-0.0398end-0.71_8.29_2.16_65.80_6.04_18.02_7.56_-30.56_32.50_0.6650_0.7422_-0.0710_-0.0421end-0.61_8.34_1.54_65.80_6.04_18.02_7.56_-30.56_32.50_0.6650_0.7422_-0.0710_-0.0421end-0.60_8.39_1.21_65.80_6.04_18.02_6.50_-28.44_33.81_0.6650_0.7422_-0.0710_-0.0421end-0.77_8.47_1.20_65.80_18.13_20.70_6.50_-28.44_33.81_0.6650_0.7422_-0.0710_-0.0421end-0.77_8.47_1.20_65.80_18.13_20.70_6.50_-28.06_33.81_0.6757_0.7331_-0.0649_-0.0435end-0.78_8.33_0.72_65.80_18.13_20.70_6.50_-28.06_33.81_0.6779_0.7312_-0.0631_-0.0432end-0.54_8.43_0.37_65.80_18.13_20.70_6.50_-28.06_33.81_0.6779_0.7312_-0.0631_-0.0432end-0.52_8.43_0.48_69.05_41.29_20.25_6.50_-28.06_33.81_0.6779_0.7312_-0.0631_-,24.18788633,120.73569351,380.258544921875
1843,0.0432end-0.52_8.43_0.48_69.05_41.29_20.25_6.50_-28.06_33.81_0.6869_0.7235_-0.0553_-0.0413end0.34_8.34_0.13_69.05_41.29_20.25_6.50_-28.06_33.81_0.6890_0.7216_-0.0536_-0.0411end0.65_8.35_-0.09_69.05_41.29_20.25_3.69_-26.31_35.13_0.6890_0.7216_-0.0536_-0.0411end0.65_8.35_-0.09_67.59_14.88_22.16_3.69_-26.31_35.13_0.6934_0.7177_-0.0507_-0.0415end0.65_8.35_-0.09_67.59_14.88_22.16_4.75_-26.00_36.00_0.6954_0.7157_-0.0495_-0.0419end0.65_8.35_-0.09_66.92_15.22_21.60_4.75_-26.00_36.00_0.6974_0.7137_-0.0483_-0.0422end0.65_8.35_-0.09_67.03_19.92_21.15_4.75_-26.00_36.00_0.6974_0.7137_-0.0483_-0.0422end0.65_8.35_-0.09_67.03_19.92_21.15_5.12_-26.00_35.56_0.6974_0.7137_-0.0483_-0.0422end0.65_8.35_-0.09_67.59_21.71_21.37_4.37_-26.31_36.88_0.6974_0.7137_-0.0483_-0.0422end0.65_8.35_-0.09_69.38_32.01_20.81_4.37_-26.31_36.88_0.7079_0.7037_-0.0411_-0.0429end0.96_8.34_-0.22_69.38_32.01_20.81_4.37_-26.31_36.88_0.7122_0.6997_-0.0377_-0.0424end0.86_8.39_-0.27_69.38_32.01_20.81_4.37_-26.31_36.88_0.7122_0.6997_-0.0377_-0.0424end0.79_8.35_-0.32_69.38_32.01_20.81_3.31_-24.25_36.44_0.7122_0.6997_-0.0377_-0.0424end0.75_8.39_-0.48_67.48_27.08_20.59_3.31_-24.25_36.44_0.7205_0.6915_-0.0309_-0.0416end0.82_8.35_-1.10_66.81_10.41_20.48_3.31_-24.25_36.44_0.7205_0.6915_-0.0309_-0.0416end0.82_8.35_-1.10_66.81_10.41_20.48_3.31_-24.25_36.44_0.7225_0.6894_-0.0297_-0.0419end1.34_8.33_-1.98_67.26_1.34_19.92_3.31_-24.25_36.44_0.7225_0.6894_-0.0297_-0.0419end1.71_8.34_-2.52_67.26_1.34_19.92_3.31_-24.25_36.44_0.7303_0.6810_-0.0277_-0.0454end1.92_8.37_-2.86_67.26_1.34_19.92_3.31_-24.25_36.44_0.7322_0.6788_-0.0278_-0.0468end1.98_8.37_-3.01_64.12_-28.87_18.13_3.31_-24.25_36.44_0.7322_0.6788_-0.0278_,24.18788633,120.73569351,380.258544921875
1844,-0.0468end1.98_8.37_-3.01_64.12_-28.87_18.13_3.31_-24.25_36.44_0.7378_0.6725_-0.0284_-0.0512end1.84_8.41_-3.64_64.12_-28.87_18.13_3.31_-24.25_36.44_0.7396_0.6704_-0.0288_-0.0527end,24.18788633,120.73569351,380.258544921875
1845,1.77_8.46_-3.64_62.67_-34.02_16.34_3.31_-24.25_36.44_0.7396_0.6704_-0.0288_-0.0527end1.87_8.44_-3.60_61.66_-35.59_15.78_3.31_-24.25_36.44_0.7396_0.6704_-0.0288_-0.0527end1.88_8.46_-3.60_61.66_-37.49_14.44_3.37_-21.75_40.00_0.7396_0.6704_-0.0288_-0.0527end2.11_8.54_-3.63_61.66_-37.49_14.44_3.37_-21.75_40.00_0.7481_0.6600_-0.0319_,24.18788633,120.73569351,380.258544921875
1846,-0.0609end2.18_8.55_-3.59_59.87_-43.87_12.98_3.37_-21.75_40.00_0.7481_0.6600_-0.0319_-0.0609end2.23_8.55_-3.54_59.65_-44.99_12.31_3.37_-21.75_40.00_0.7513_0.6559_-0.0336_-0.0643end2.23_8.55_-3.54_58.30_-45.55_10.52_3.37_-21.75_40.00_0.7546_0.6517_-0.0356_-0.0678end2.23_8.55_-3.54_58.30_-45.55_10.52_3.37_-21.75_40.00_0.7546_0.651,24.18788633,120.73569351,380.258544921875
1847,,24.18788633,120.73569351,380.258544921875
1848,7_-0.0356_-0.0678end2.23_8.55_-3.54_57.86_-44.43_9.18_4.50_-19.37_40.06_0.7546_0.6517_-0.0356_-0.0678end2.23_8.55_-3.54_56.74_-37.38_6.49_4.50_-19.37_40.06_0.7576_0.6478_-0.0377_-0.0710end,24.18788633,120.73569351,380.258544921875
1849,,24.18788633,120.73569351,380.258544921875
1850,,24.18788633,120.73569351,380.258544921875
1851,,24.18788633,120.73569351,380.258544921875
1852,2.23_8.55_-3.54_56.74_-37.38_6.49_4.81_-19.69_40.06_0.7607_0.6437_-0.0396_-0.0740end3.15_8.65_-3.29_56.74_-37.38_6.49_4.81_-19.69_40.06_0.7637_0.6397_-0.0412_-0.0765end3.15_8.65_-3.29_55.73_-28.76_4.25_4.81_-19.69_40.06_0.7652_0.6378_-0.0419_-0.0776end3.24_8.58_-3.36_55.73_-28.76_4.25_4.87_-18.31_39.19_0.7652_0.6378_-0.0419_-0.0776end3.24_8.58_-3.36_55.73_-28.76_4.25_4.87_-18.31_40.06_0.7696_0.6320_-0.0433_-0.0798end3.34_8.52_-3.58_55.73_-28.76_4.25_4.87_-18.31_40.06_0.7711_0.6302_-0.0434_-0.0801end3.34_8.55_-3.74_55.73_-28.76_4.25_4.87_-18.31_40.06_0.7711_0.6302_-0.0434_-0.0801end2.98_8.58_-4.16_52.15_24.62_-2.24_5.25_-16.87_41.00_0.7711_0.6302_-0.043,24.18788633,120.73569351,380.258544921875
1853,4_-0.0801end2.53_8.59_-4.33_51.92_34.80_-2.46_5.25_-16.87_41.00_0.7755_0.6249_-0.0420_-0.0794end2.53_8.59_-4.33_51.48_42.86_-2.35_5.25_-16.87_41.00_0.7785_0.6216_-0.0394_-0.0775end0.81_8.64_-4.86_51.48_42.86_-2.35_5.25_-16.87_41.00_0.7800_0.6200_-0.0378_-0.0763end0.37_8.55_-4.69_52.26_47.45_-1.79_5.25_-16.87_41.00_0.7800_0.6200_-0.0378_-0.0763end0.37_8.55_-4.69_52.26_47.45_-1.79_5.25_-16.87_41.00_0.7844_0.6151_-0.0330_-0.0727end-0.35_8.93_-3.93_52.26_47.45_-1.79_5.25_-16.87_41.00_0.7859_0.6133_-0.0318_-0.0719end-0.19_8.91_-3.89_51.81_10.74_-3.02_5.25_-16.87_41.00_0.7859_0.6133_-0.0318_-0.0719end-0.08_8.88_-3.71_50.25_-5.82_-2.57_5.25_-16.87_41.00_0.7859_0.6133_-0.0318_-0.0719end-0.08_8.88_-3.71_50.25_-5.82_-2.57_4.50_-14.44_41.00_0.7913_0.6063_-0.0323_-0.0724end0.46_9.78_-3.73_50.25_-5.82_-2.57_4.50_-14.44_41.00_0.7925_0.6046_-0.0337_-0.0735end0.46_9.78_-3.73_47.56_-59.65_-1.34_4.50_-14.44_41.00_0.7936_0.6027_-0.0355_-0.0750end1.29_8.67_-3.61_47.56_-59.65_-1.34_5.25_-14.44_41.88_0.7936_0.6027_-0.0355_-0.0750end1.57_8.67_-3.52_47.56_-59.65_-1.34_5.25_-14.44_41.88_0.7971_0.5970_-0.0419_-0.0800end1.80_8.63_-3.17_47.56_-59.65_-1.34_5.25_-13.06_41.88_0.7983_0.5952_-0.0438_-0.0814end2.20_8.59_-2.75_47.56_-59.65_-1.34_5.25_-13.06_41.88_0.7994_0.5933_-0.0455_-0.0826end2.17_8.59_-2.45_47.56_-59.65_-1.34_5.62_-13.75_41.88_0.7994_0.5933_-0.0455_-0.0826end2.12_8.60_-2.29_48.34_0.67_-6.04_5.62_-13.75_41.88_0.7994_0.5933_-0.0455_-0.0826end1.65_8.55_-2.03_48.34_0.67_-6.04_5.62_-13.75_41.88_0.8031_0.5880_-0.0478_-0.0840end1.65_8.55_-2.03_48.23_17.23_-7.05_5.62_-13.75_41.88_0.8044_0.5863_-0.0475_-0.0836end1.65_8.55_-2.03_48.23_17.23_-7.05_5.62_-13.75_41.88_0.8071_0.5831_-0.0452_-0.0817end0.18_8.50_-1.47_50.69_55.28_-7.83_5.62_-13.75_41.88_0.8085_0.5815_-0.0435_-0.0802end0.18_8.50_-1.47_50.69_55.28_-7.83_6.31_-12.75_41.06_0.8085_0.5815_-0.0435_-0.0802end,24.18788633,120.73569351,380.258544921875
1854,,24.18788633,120.73569351,380.258544921875
1855,0.18_8.50_-1.47_51.14_60.76_-7.72_6.31_-12.75_41.06_0.8127_0.5765_-0.0372_-0.0751end-1.10_8.14_-1.54_51.14_60.76_-7.72_6.31_-12.75_41.06_0.8127_0.5765_-0.0372_-0.0751end-1.26_8.53_-1.48_53.83_52.04_-6.27_5.69_-12.00_44.13_0.8127_0.5765_-0.0372_-0.0751end-1.48_8.58_-1.58_54.27_47.67_-5.26_5.69_-12.00_44.13_0.8185_0.5695_-0.0297_-0.0694end-1.64_8.27_-1.85_54.27_47.67_-5.26_5.69_-12.00_44.13_0.8200_0.5676_-0.0281_-0.0682end-2.00_8.29_-1.95_54.27_47.67_-5.26_5.69_-12.00_44.13_0.8214_0.5657_-0.0266_-0.0671end-2.05_8.20_-2.08_54.27_47.67_-5.26_4.19_-10.25_42.81_0.8214_0.5657_-0.0266_-0.0671end-2.11_8.09_-2.14_54.27_47.67_-5.26_4.19_-10.25_42.81_0.8257_0.5600_-0.0217_-0.0640end-2.11_8.09_-2.14_57.52_46.55_0.56_3.12_-10.25_43.69_0.8271_0.5581_-0.0199_-0.0630end-2.55_8.07_-2.65_57.52_46.55_0.56_3.12_-10.25_43.69_0.8286_0.5562_-0.0181_-0.0619end,24.18788633,120.73569351,380.258544921875
1856,,24.18788633,120.73569351,380.258544921875
1857,,24.18788633,120.73569351,380.258544921875
1858,-2.73_8.09_-2.74_58.41_49.46_2.80_3.12_-10.25_43.69_0.8286_0.5562_-0.0181_-0.0619end-2.73_8.09_-2.74_58.41_49.46_2.80_3.12_-10.25_43.69_0.8329_0.5502_-0.0120_-0.0588end-3.00_8.00_-3.43_58.41_49.46_2.80_3.12_-10.25_43.69_0.8344_0.5481_-0.0099_-0.0578end-2.96_7.91_-4.08_58.41_49.46_2.80_3.12_-10.25_43.69_0.8344_0.5481_-0.0099_-0.0578end-2.86_7.83_-5.00_57.74_35.14_8.95_3.12_-10.25_43.69_0.8344_0.5481_-0.0099_-0.0578end-2.71_7.88_-5.18_56.62_27.08_11.19_3.12_-10.25_43.69_0.8384_0.5421_-0.0048_-0.0561end-2.71_7.88_-5.18_56.62_27.08_11.19_3.12_-10.25_43.69_0.8411_0.5381_-0.0021_-0.0556end-2.49_7.78_-5.70_56.62_27.08_11.19_1.69_-7.81_44.13_0.8423_0.5361_-0.0009_-0.0556end-2.34_7.80_-6.10_56.62_27.08_11.19_1.69_-7.81_44.13_0.8436_0.5341_0.0001_-0.0558end-2.30_7.20_-6.10_56.06_5.04_15.78_1.69_-7.81_44.13_0.8461_0.5300_0.0014_-0.0567end,24.18788633,120.73569351,380.258544921875
1859,,24.18788633,120.73569351,380.258544921875
1860,,24.18788633,120.73569351,380.258544921875
1861,-2.05_7.78_-6.06_56.06_5.04_15.78_1.69_-7.81_44.13_0.8474_0.5279_0.0017_-0.0574end-2.09_3.69_-5.74_56.06_5.04_15.78_1.69_-7.81_44.13_0.8474_0.5279_0.0017_-0.0574end-2.09_3.69_-5.74_50.13_-29.43_18.13_1.69_-7.81_44.13_0.8497_0.5239_0.0014_-0.0597end-1.99_-19.53_-5.03_50.13_-29.43_18.13_1.69_-7.81_44.13_0.8509_0.5217_0.0007_-0.0612end-1.99_-19.53_-5.03_102.39_-48.68_19.70_1.69_-7.81_44.13_0.8527_0.5186_-0.0004_-0.0629end-1.99_-19.53_-5.03_37.38_-62.44_23.05_2.75_-6.81_44.19_0.8527_0.5186_-0.0004_-0.0629end-1.99_-19.53_-5.03_38.50_-28.65_20.70_2.75_-6.81_44.19_0.8559_0.5125_-0.0045_-0.0695end-3.00_7.75_-0.07_38.50_-28.65_20.70_2.75_-6.81_44.19_0.8568_0.51,24.18788633,120.73569351,380.258544921875
1862,08_-0.0048_-0.0707end-4.38_6.66_-6.43_38.50_-28.65_20.70_2.06_-5.06_45.12_0.8568_0.5108_-0.0048_-0.0707end-2.18_7.22_-5.41_38.50_-28.65_20.70_2.06_-5.06_45.12_0.8598_0.5052_-0.0057_-0.0739end,24.18788633,120.73569351,380.258544921875
1863,,24.18788633,120.73569351,380.258544921875
1864,2.02_7.23_-11.52_38.50_-28.65_20.70_2.06_-5.06_45.12_0.8608_0.5032_-0.0065_-0.0753end-1.49_7.34_-7.04_38.50_-28.65_20.70_2.06_-5.06_45.12_0.8619_0.5012_-0.0073_-0.0767end0.95_7.33_-8.42_49.91_-34.36_21.71_2.06_-5.06_45.12_0.8640_0.4971_-0.0085_-0.0798end1.98_7.64_-8.65_50.81_-26.63_22.16_2.81_-4.00_44.25_0.8640_0.4971_-0.0085_-0.0798end1.34_7.76_-7.61_50.81_-26.63_22.16_2.81_-4.00_44.25_0.8659_0.4933_-0.0091_-0.0825end1.34_7.76_-7.61_44.76_-24.40_17.68_3.56_-3.62_44.25_0.8668_0.4915_-0.0094_-0.0837end1.14_7.59_-8.36_41.85_-34.47_16.56_3.56_-3.62_44.25_0.8677_0.4897_-0.0099_-0.0849end0.43_7.39_-9.34_41.85_-34.47_16.56_5.00_-3.62_44.69_0.8677_0.4897_-0.0099_-0.0849end0.43_7.39_-9.34_41.85_-34.47_16.56_5.00_-3.62_44.69_0.8693_0.4862_-0.0129_-0.0885end1.47_7.48_-9.98_41.85_-34.47_16.56_5.00_-3.62_44.69_0.8693_0.4862_-0.0129_-0.0885end,24.18788633,120.73569351,380.258544921875
1865,,24.18788633,120.73569351,380.258544921875
1866,,24.18788633,120.73569351,380.258544921875
1867,,24.18788633,120.73569351,380.258544921875
1868,0.43_7.46_-10.74_41.85_-34.47_16.56_4.62_-2.62_42.94_0.8713_0.4806_-0.0218_-0.0966end2.48_7.50_-10.06_41.85_-34.47_16.56_4.62_-2.62_42.94_0.8713_0.4806_-0.0218_-0.0966end2.48_7.50_-10.06_38.94_-99.93_13.76_4.62_-2.62_42.94_0.8732_0.4748_-0.0320_-0.1049end3.23_7.52_-8.34_38.94_-99.93_13.76_4.62_-2.62_42.94_0.8738_0.4728_-0.0354_-0.1075end3.59_7.58_-8.50_35.92_-90.31_13.76_4.62_-2.62_42.94_0.8738_0.4728_-0.0354_-0.1075end3.59_7.58_-8.50_34.02_-78.78_13.09_7.19_-1.56_42.56_0.8738_0.4728_-0.0354_-0.1075end3.04_7.56_-8.29_34.02_-78.78_13.09_7.19_-1.56_42.56_0.8738_0.4728_-0.0354_-0.1075end3.04_7.56_-8.29_32.56_-66.14_12.31_7.19_-1.56_42.56_0.8764_0.4648_-0.,24.18788633,120.73569351,380.258544921875
1869,0467_-0.1173end3.04_7.56_-8.29_30.21_-21.93_7.72_7.56_-0.88_43.44_0.8764_0.4648_-0.0467_-0.1173end1.96_7.57_-9.66_29.88_-13.88_7.39_7.56_-0.88_43.44_0.8764_0.4648_-0.0467_-0.1173end1.96_7.57_-9.66_29.43_-9.74_7.39_7.56_-0.88_43.44_0.8785_0.4599_-0.0480_-0.1201end0.98_7.58_-9.85_29.43_-9.74_7.39_7.56_-0.88_43.44_0.8790_0.4587_-0.0481_-0.1206end0.98_7.58_-9.85_29.43_-9.74_7.39_9.38_-0.50_43.00_0.8790_0.4587_-0.0481_-0.1206end-0.42_7.70_-9.34_29.43_-9.74_7.39_9.38_-0.50_43.00_0.8804_0.4554_-0.0497_-0.1229end-,24.18788633,120.73569351,380.258544921875
1870,0.75_7.73_-8.88_29.43_-9.74_7.39_9.38_-0.50_43.00_0.8804_0.4554_-0.0497_-0.1229end-0.86_7.65_-8.49_22.05_-55.17_6.83_9.38_-0.50_43.00_0.8804_0.4554_-0.0497_-0.1229end-0.88_7.62_-8.15_22.05_-55.17_6.83_8.69_0.88_43.87_0.8816_0.4506_-0.0573_-0.1285end-0.87_7.66_-7.86_22.05_-55.17_6.83_8.69_0.88_43.87_0.8817_0.4493_-0.0602_-0.1305end-1.11_7.70_-7.30_22.05_-55.17_6.83_8.69_0.88_43.87_0.8817_0.4493_-0.0602_-0.1305end-1.41_7.71_-6.91_21.15_-109.56_9.29_10.88_1.25_41.75_0.8817_0.4493_-0.0602_-0.1305end,24.18793124,120.7356755,380.2862548828125
1871,,24.18793124,120.7356755,380.2862548828125
1872,-1.41_7.71_-6.91_21.15_-109.56_9.29_10.88_1.25_41.75_0.8820_0.4437_-0.0748_-0.1401end-1.41_7.71_-6.91_21.15_-109.56_9.29_10.50_2.31_42.62_0.8820_0.4422_-0.0787_-0.1426end-1.37_7.67_-5.96_19.36_-106.65_8.62_10.50_2.31_42.62_0.8820_0.4407_-0.0826_-0.1452end-1.31_7.14_-5.50_19.36_-106.65_8.62_10.50_2.31_42.62_0.8820_0.4407_-0.0826_-0.1452end-1.27_7.56_-5.09_19.70_-109.67_9.96_10.50_2.31_42.62_0.8817_0.4364_-0.0942_-0.1527end-1.00_7.75_-4.97_21.93_-112.58_9.85_13.00_0.50_37.81_0.8815_0.4349_-0.0982_-0.1553end-1.20_7.52_-4.56_21.93_-112.58_9.85_13.00_0.50_37.81_0.8815_0.4349_-0.0982_-0.1553end-1.01_7.55_-4.04_21.93_-112.58_9.85_13.00_0.50_37.81_0.8813_0.4317_-0.1059_-0.1603end-1.01_7.55_-4.04_24.95_-99.93_8.50_15.56_-0.13_40.81_0.8813_0.4317_-0.1059_-0.1603end-1.01_7.55_-4.04_24.51_-88.18_8.28_15.56_-0.13_40.81_0.8812_0.4268_-0.1161_-0.1671end,24.18793124,120.7356755,380.2862548828125
1873,,24.18793124,120.7356755,380.2862548828125
1874,-0.64_7.57_-3.64_24.51_-88.18_8.28_18.12_-0.19_38.69_0.8812_0.4268_-0.1161_-0.1671end-0.64_7.57_-3.64_24.28_-79.68_8.62_18.12_-0.19_38.69_0.8812_0.4268_-0.1161_-0.1671end-0.64_7.57_-3.64_24.28_-79.68_8.62_18.12_-0.19_38.69_0.8810_0.4224_-0.1245_-0.1730end-0.64_7.57_-3.64_24.28_-71.40_8.50_19.44_-0.13_40.00_0.8810_0.4209_-0.1270_-0.1748end-1.07_7.29_-4.48_24.62_-67.03_8.50_19.81_0.94_40.00_0.8810_0.4209_-0.1270_-0.1748end-1.18_7.25_-4.37_25.85_-64.12_8.39_19.81_0.94_40.00_0.8811_0.4166_-0.1335_-0.1798end-1.23_7.23_-4.05_25.85_-64.12_8.39_20.19_0.94_41.37_0.8811_0.4166_-0.1335_-0.1798end-1.23_7.23_-4.05_32.23_-73.41_8.28_20.19_0.94_41.37_0.8813_0.4116_-0.1401_-0.1849end-1.27_7.29_-3.17_32.23_-73.41_8.28_20.19_0.94_41.37_0.8814_0.4097_-0.1428_-0.1868end-1.21_7.03_-2.71_32.23_-73.41_8.28_19.50_3.06_40.94_0.8814_0.4097_-0.1428_-0.1868end,24.18793124,120.7356755,380.2862548828125
1875,,24.18793124,120.7356755,380.2862548828125
1876,,24.18793124,120.7356755,380.2862548828125
1877,-1.01_6.94_-2.26_33.80_-96.57_7.50_19.50_3.06_40.94_0.8814_0.4058_-0.1484_-0.1908end-0.96_7.45_-2.36_33.80_-103.51_6.94_19.50_3.06_40.94_0.8812_0.4016_-0.1551_-0.1952end-0.99_6.69_-2.42_34.36_-111.12_6.94_19.50_3.06_40.94_0.8812_0.4016_-0.1551_-0.1952end-0.99_6.69_-2.42_36.93_-127.57_6.49_19.50_3.06_40.94_0.8809_0.3970_-0.1628_-0.2000end-0.99_6.69_-2.42_36.93_-127.57_6.49_20.94_3.00_38.25_0.8802_0.3919_-0.1718_-0.2054end-0.62_7.37_-2.02_36.93_-127.57_6.49_20.94_3.00_38.25_0.8798_0.3892_-0.1766_-0.2082end0.13_6.84_-1.02_36.93_-127.57_6.49_22.06_4.06_37.50_0.8798_0.3892_-0.1766_-0.2082end0.13_6.84_-1.02_46.66_-151.52_1.68_22.06_4.06_37.50_0.8789_0.3830_-,24.18793124,120.7356755,380.2862548828125
1878,0.1871_-0.2141end0.13_6.84_-1.02_46.66_-151.52_1.68_24.25_2.69_37.44_0.8785_0.3798_-0.1924_-0.2170end0.13_6.84_-1.02_57.07_-144.58_-1.57_24.25_2.69_37.44_0.8781_0.3763_-0.1975_-0.2198end,24.18793124,120.7356755,380.2862548828125
1879,,24.18793124,120.7356755,380.2862548828125
1880,0.13_6.84_-1.02_53.27_-133.62_-5.82_24.25_2.69_37.44_0.8777_0.3693_-0.2068_-0.2247end0.13_6.84_-1.02_68.15_-97.13_-10.07_24.25_2.69_37.44_0.8778_0.3658_-0.2104_-0.2266end6.22_-10.37_1.79_68.15_-97.13_-10.07_24.25_3.37_36.13_0.8782_0.3624_-0.2131_-0.2280end6.22_-10.37_1.79_66.92_5.82_-22.72_25.69_4.06_36.63_0.8789_0.3589_-0.2148_,24.18793124,120.7356755,380.2862548828125
1881,-0.2291end6.22_-10.37_1.79_66.92_5.82_-22.72_25.69_4.06_36.63_0.8817_0.3533_-0.2137_-0.2285end6.22_-10.37_1.79_66.92_5.82_-22.72_24.63_5.37_36.19_0.8837_0.3510_-0.2108_-0.2269end-2.88_1.77_-13.28_66.92_5.82_-22.72_26.44_5.69_35.31_0.8883_0.3470_-0.2024_-0.2225end6.56_6.36_-12.22_66.92_5.82_-22.72_26.44_5.69_35.31_0.8911_0.3450_-0.1969_-0.2197end-1.91_13.72_-25.21_66.92_5.82_-22.72_23.94_6.06_36.19_0.8911_0.3450_-0.1969_-0.2197end-1.37_24.80_-16.51_66.92_5.82_-22.72_23.19_7.12_37.06_0.8911_0.3450_-0.1969_-0.2197end,24.18793124,120.7356755,380.2862548828125
1882,-1.37_24.80_-16.51_61.77_172.78_-20.81_23.19_7.12_37.06_0.9005_0.3386_-0.1743_-0.2100end-3.45_33.96_-13.27_61.77_172.78_-20.81_21.75_7.12_37.94_0.9005_0.3386_-0.1743_-0.2100end-3.45_33.96_-13.27_71.96_206.47_-20.37_21.75_7.12_37.94_0.9031_0.3375_-0.1666_-0.2068end-3.45_33.96_-13.27_71.96_206.47_-20.37_21.00_7.81_40.19_0.9056_0.3368_-0.1581_-0.2034end-3.27_35.72_-9.16_71.96_206.47_-20.37_19.50_7.44_38.81_0.9081_0.3364_-0.1490_-0.1997end-3.27_35.72_-9.16_51.14_110.67_-10.52_19.50_7.44_38.81_0.9081_0.3364_-0.1490_-0.1997end-3.27_35.72_-9.16_51.14_110.67_-10.52_18.56_8.13_39.25_0.9150_0.3331_-0.1248_-0.1901end-3.27_35.72_-9.16_47.78_47.67_-1.01_18.19_9.88_,24.18793124,120.7356755,380.2862548828125
1883,39.31_0.9150_0.3331_-0.1248_-0.1901end-3.27_35.72_-9.16_47.78_47.67_-1.01_19.25_8.50_39.25_0.9176_0.3282_-0.1199_-0.1893end-1.18_27.63_-7.60_47.78_47.67_-1.01_19.25_8.50_39.25_0.9182_0.3266_-0.1197_-0.1895end,24.18793124,120.7356755,380.2862548828125
1884,,24.18793124,120.7356755,380.2862548828125
1885,,24.18793124,120.7356755,380.2862548828125
1886,1.20_25.85_-8.81_35.70_4.48_-5.93_17.87_10.25_40.63_0.9182_0.3266_-0.1197_-0.1895end0.45_24.82_-9.13_34.36_-16.56_-3.80_17.87_10.25_40.63_0.9182_0.3266_-0.1197_-0.1895end0.55_24.40_-8.95_34.36_-16.56_-3.80_18.19_9.19_40.12_0.9200_0.3204_-0.1212_-0.1902end1.45_23.64_-7.77_34.36_-16.56_-3.80_18.19_9.19_40.12_0.9203_0.3189_-0.1224_-0.1906end1.86_23.18_-8.00_34.36_-16.56_-3.80_18.19_9.19_40.12_0.9205_0.3175_-0.1238_-0.1910end4.18_21.46_-12.36_34.36_-16.56_-3.80_18.19_9.19_40.12_0.9205_0.3175_-0.1238_-0.1910end2.20_21.03_-12.32_19.70_-28.87_-0.45_18.19_9.19_40.12_0.9205_0.3175_-0.1238_-0.1910end2.20_21.03_-12.32_19.70_-28.87_-0.45_17.87_10.25_38.88_0.9211_0.3138_-0.1271_-0.1922end1.05_19.61_-9.50_19.70_-28.87_-0.45_18.19_10.25_38.88_0.9213_0.3135_-0.1268_-0.1921end-0.30_18.71_-9.10_1.01_31.11_-1.23_18.19_10.25_38.88_0.9213_0.3135_-0.1268_-0.1921end,24.18793124,120.7356755,380.2862548828125
1887,-0.30_18.71_-9.10_1.01_31.11_-1.23_18.56_10.25_39.75_0.9220_0.3144_-0.1221_-0.1902end-0.17_17.46_-10.11_-10.30_69.27_-4.03_18.56_10.25_39.75_0.9222_0.3152_-0.1196_-0.1891end0.65_16.84_-9.86_-10.30_69.27_-4.03_18.56_10.25_39.75_0.9222_0.3152_-0.1196_-0.1891end0.03_16.48_-10.24_-10.30_69.27_-4.03_18.56_10.25_39.75_0.9222_0.3152_-0.1196_-0.1891end0.03_16.48_-10.24_-23.28_64.46_-1.57_18.25_11.25_39.31_0.9222_0.3152_-0.1196_-0.1891end0.03_16.48_-10.24_-23.28_64.46_-1.57_18.25_11.25_39.31_0.9225_0.3220_-0.1074_-0.1835end0.61_15.73_-11.33_-23.28_64.46_-1.57_18.25_11.25_39.31_0.9224_0.3237_-0.1053_-0.1826end0.64_15.11_-11.54_-23.28_64.46_-1.57_16.75_10.63_39.7,24.18793124,120.7356755,380.2862548828125
1888,5_0.9224_0.3237_-0.1053_-0.1826end0.64_15.11_-11.54_-50.13_82.70_0.11_16.75_10.63_39.75_0.9214_0.3306_-0.0980_-0.1790end0.52_14.00_-11.17_-50.13_82.70_0.11_16.00_9.56_42.75_0.9214_0.3306_-0.0980_-0.1790end,24.18793124,120.7356755,380.2862548828125
1889,,24.18793124,120.7356755,380.2862548828125
1890,0.52_14.00_-11.17_-54.95_92.66_-0.11_16.00_9.56_42.75_0.9207_0.3364_-0.0914_-0.1758end0.18_11.49_-10.31_-64.57_106.76_0.34_16.00_9.56_42.75_0.9207_0.3364_-0.0914_-0.1758end0.12_10.79_-10.15_-64.57_106.76_0.34_16.00_9.56_42.75_0.9189_0.3467_-0.0801_-0.1702end0.36_8.94_-9.92_-64.57_106.76_0.34_16.00_9.56_42.75_0.9182_0.3506_-0.076,24.18793124,120.7356755,380.2862548828125
1891,0_-0.1682end0.48_8.36_-9.90_-81.80_110.45_-1.12_16.00_9.56_42.75_0.9182_0.3506_-0.0760_-0.1682end0.71_7.54_-9.79_-86.06_106.31_-1.01_16.00_9.56_42.75_0.9182_0.3506_-0.0760_-0.1682end0.82_7.25_-9.73_-86.06_106.31_-1.01_14.50_6.75_42.31_0.9152_0.3631_-0.0650_-0.1622end0.82_7.25_-9.73_-98.81_87.62_-2.57_14.50_6.75_42.31_0.9152_0.3631_-0.0650_-0.1622end0.82_7.25_-9.73_-98.81_87.62_-2.57_12.37_6.75_43.56_0.9127_0.3718_-0.0590_-0.1586end0.82_7.25_-9.73_-106.53_80.35_-5.37_12.37_6.75_43.56_0.9114_0.3764_-0.0563_-0.1568end,24.18793124,120.7356755,380.2862548828125
1892,0.82_7.25_-9.73_-106.53_80.35_-5.37_13.06_5.37_44.00_0.9098_0.3812_-0.0538_-0.1550end0.82_7.25_-9.73_-110.90_79.23_-6.71_13.06_5.37_44.00_0.9066_0.3909_-0.0493_-0.1513end0.82_7.25_-9.73_-121.87_84.27_-11.08_13.06_4.75_43.56_0.9047_0.3962_-0.0469_-0.1492end0.82_7.25_-9.73_-121.87_84.27_-11.08_13.06_4.75_43.56_0.9010_0.4067_-0.042,24.18793124,120.7356755,380.2862548828125
1893,3_-0.1450end0.82_7.25_-9.73_-121.87_84.27_-11.08_11.63_3.69_43.13_0.8968_0.4180_-0.0373_-0.1401end2.30_3.78_-7.84_-121.87_84.27_-11.08_11.63_3.69_43.13_0.8968_0.4180_-0.0373_-0.1401end2.26_3.75_-7.92_-140.11_91.87_-20.59_11.63_3.69_43.13_0.8968_0.4180_-0.0373_-0.1401end2.26_3.75_-7.92_-143.02_87.85_-23.16_9.75_0.88_43.50_0.8968_0.4180_-0.0373_-0.1401end2.26_3.75_-7.92_-146.04_80.46_-25.29_9.75_0.88_43.50_0.8873_0.4418_-0.0282_-0.1293end2.26_3.75_-7.92_-148.95_71.28_-26.75_7.19_0.56_44.75_0.8873_0.4418_-0.0282_-0.1293end,24.18793124,120.7356755,380.2862548828125
1894,2.26_3.75_-7.92_-155.33_60.88_-29.66_7.19_0.56_44.75_0.8791_0.4602_-0.0244_-0.1215end2.50_4.05_-7.43_-155.33_60.88_-29.66_6.81_-1.19_44.31_0.8791_0.4602_-0.0244_-0.1215end2.50_4.05_-7.43_-158.23_60.88_-31.22_6.81_-1.19_44.31_0.8732_0.4728_-0.0225_-0.1163end2.50_4.05_-7.43_-158.23_60.88_-31.22_6.81_-1.19_44.31_0.8668_0.4860_-0.02,24.18793124,120.7356755,380.2862548828125
1895,00_-0.1102end1.42_4.02_-7.07_-158.23_60.88_-31.22_6.81_-1.19_44.31_0.8635_0.4926_-0.0183_-0.1069end1.38_3.96_-6.97_-158.23_60.88_-31.22_5.00_-3.62_44.25_0.8600_0.4996_-0.0162_-0.1030end1.32_3.94_-6.82_-172.89_104.74_-41.96_5.00_-3.62_44.25_0.8600_0.4996_-0.0162_-0.1030end0.99_3.94_-6.34_-172.89_104.74_-41.96_5.00_-3.62_44.25_0.8528_0.5132_-0.0119_-0.0952end0.99_3.94_-6.34_-176.36_105.08_-44.99_5.00_-3.62_44.25_0.8453_0.5272_-0.0076_-0.0869end0.69_3.72_-5.74_-176.36_105.08_-44.99_5.00_-3.62_44.25_0.8414_0.5341_-0.0056_-0.0828end,24.18793124,120.7356755,380.2862548828125
1896,,24.18793124,120.7356755,380.2862548828125
1897,0.44_3.10_-5.31_-181.18_93.55_-48.12_5.00_-3.62_44.25_0.8373_0.5409_-0.0039_-0.0788end0.44_3.10_-5.31_-182.52_88.97_-49.01_3.12_-7.81_44.63_0.8373_0.5409_-0.0039_-0.0788end0.44_3.10_-5.31_-182.52_88.97_-49.01_3.12_-7.81_44.63_0.8246_0.5616_0.0002_-0.0671end0.06_2.27_-4.30_-182.52_88.97_-49.01_3.12_-7.81_44.63_0.8203_0.5685_0.0011_-0.0635end0.06_2.27_-4.30_-186.32_63.79_-51.03_1.25_-12.37_42.75_0.8203_0.5685_0.0011_-0.0635end0.06_2.27_-4.30_-186.32_63.79_-51.03_1.25_-12.37_42.75_0.8065_0.5889_0.0021_-0.0536end-0.15_2.03_-3.82_-186.32_63.79_-51.03_1.25_-12.37_42.75_0.8016_0.5958_0.0018_-0.0508end-0.99_1.68_-3.89_-186.32_63.79_-51.03_1.25_-12.37_42.75_0.7,24.18793124,120.7356755,380.2862548828125
1898,968_0.6024_0.0012_-0.0483end-0.99_1.68_-3.89_-186.32_63.79_-51.03_0.13_-14.44_42.69_0.7919_0.6089_0.0003_-0.0458end0.16_1.82_-2.30_-192.03_24.17_-52.48_0.13_-14.44_42.69_0.7868_0.6157_-0.0006_-0.0433end,24.18793124,120.7356755,380.2862548828125
1899,,24.18793124,120.7356755,380.2862548828125
1900,,24.18793124,120.7356755,380.2862548828125
1901,,24.18793124,120.7356755,380.2862548828125
1902,0.16_1.82_-2.30_-192.03_24.17_-52.48_0.50_-16.94_40.94_0.7817_0.6223_-0.0016_-0.0410end0.16_1.82_-2.30_-194.04_5.71_-48.79_1.56_-18.00_40.50_0.7817_0.6223_-0.0016_-0.0410end0.16_1.82_-2.30_-194.38_3.13_-48.12_1.56_-18.00_40.50_0.7659_0.6420_-0.0058_-0.0352end-0.42_1.21_-2.57_-194.60_1.01_-47.00_1.19_-18.69_40.44_0.7606_0.6484_-0.0074_-0.0334end-0.42_1.21_-2.57_-195.50_2.46_-46.44_1.19_-18.69_40.44_0.7606_0.6484_-0.0074_-0.0334end-0.50_1.33_-1.92_-195.50_2.46_-46.44_1.19_-18.69_40.44_0.7495_0.6613_-0.0105_-0.0302end-0.26_1.27_-1.84_-194.72_4.81_-45.21_1.87_-22.19_38.25_0.7495_0.6613_-0.0105_-0.0302end-0.31_1.16_-1.79_-194.60_3.92_-44.43_1.87_-22.19_38.25_0.7326_0.6800_-0.0148_-0.0250end-0.60_1.09_-1.71_-194.60_3.92_-44.43_1.87_-22.19_38.25_0.7209_0.6924_-0.0176_-0.0216end-0.71_1.08_-1.53_-194.60_3.92_-44.43_2.19_-24.31_36.44_0.7209_0.6924_-0.0176_-0.0216end-0.71_1.08_-1.53_-194.04_4.36_-43.08_2.19_-24.31_36.44_0.7091_0.7046_-0.0204_-0.0183end-0.78_1.03_-1.18_-194.04_4.36_-43.08_2.19_-24.31_36.44_0.7091_0.7046_-0.0204_-0.0183end-0.78_1.03_-1.18_-193.15_0.34_-41.85_2.56_-26.69_35.13_0.6973_0.7163_-0.0231_-0.0152end-0.78_1.03_-1.18_-193.15_0.34_-41.85_2.56_-26.69_35.13_0.6913_0.7220_-0.0245_-0.0139end-0.78_1.03_-1.18_-191.25_-21.26_-36.26_2.19_-28.81_35.06_0.6913_0.7220_-0.0245_-0.0139end-0.78_1.03_-1.18_-190.91_-27.42_-35.59_2.19_-28.81_35.06_0.6729_0.7390_-0.0297_-0.0109end-0.78_1.03_-1.18_-190.91_-27.42_-35.59_2.19_-28.81_35.06_0.6603_0.7501_-0.0338_-0.0100end-0.93_1.18_-0.27_-190.91_-27.42_-35.59_2.19_-28.81_35.06_0.6541_0.7555_-0.0359_-0.0099end-0.83_1.23_-0.24_-186.88_-43.42_-29.43_2.87_-29.87_32.88_0.6541_0.7555_-0.0359_-0.0099end-0.83_1.23_-0.24_-185.76_-43.42_-28.20_4.00_-30.94_31.12_0.6414_0.7661_-0.0405_-0.0103end,24.18793124,120.7356755,380.2862548828125
1903,,24.18793124,120.7356755,380.2862548828125
1904,-0.56_1.42_-0.11_-185.76_-43.42_-28.20_4.00_-30.94_31.12_0.6351_0.7712_-0.0427_-0.0106end-0.43_1.63_-0.15_-185.76_-43.42_-28.20_4.00_-30.94_31.12_0.6351_0.7712_-0.0427_-0.0106end-0.43_1.63_-0.15_-182.63_-34.47_-25.63_4.00_-30.94_31.12_0.6161_0.7861_-0.0491_-0.0114end-0.25_1.77_-0.09_-182.63_-34.47_-25.63_4.00_-30.94_31.12_0.6098_0.7908_-0.0508_-0.0114end-0.25_1.77_-0.09_-180.62_-24.17_-24.17_4.00_-30.94_31.12_0.6033_0.7957_-0.0526_-0.0112end-0.07_2.24_-0.26_-180.62_-24.17_-24.17_4.00_-30.94_31.12_0.5908_0.8048_-0.0554_-0.0105end-0.03_2.59_-0.48_-180.62_-24.17_-24.17_4.00_-30.94_31.12_0.5908_0.8048_-0.0554_-0.0105end0.11_2.87_-0.55_-176.81_-10.97_-23.28,24.18793124,120.7356755,380.2862548828125
1905,_4.00_-30.94_31.12_0.5908_0.8048_-0.0554_-0.0105end0.11_2.87_-0.55_-173.57_-16.34_-23.28_4.00_-30.94_31.12_0.5718_0.8182_-0.0590_-0.0087end0.20_4.21_-0.06_-173.57_-16.34_-23.28_4.00_-30.94_31.12_0.5655_0.8225_-0.0602_-0.0081end,24.18793124,120.7356755,380.2862548828125
1906,,24.18793124,120.7356755,380.2862548828125
1907,0.20_4.21_-0.06_-170.54_-31.67_-21.93_5.00_-36.94_23.56_0.5655_0.8225_-0.0602_-0.0081end0.11_5.00_0.42_-170.54_-31.67_-21.93_5.00_-36.94_23.56_0.5655_0.8225_-0.0602_-0.0081end0.11_5.00_0.42_-167.52_-50.13_-20.25_5.00_-36.94_23.56_0.5400_0.8390_-0.0668_-0.0087end-0.13_5.76_0.94_-167.52_-50.13_-20.25_5.00_-36.94_23.56_0.5338_0.8428_-0.0688_-0.0097end-0.13_5.76_0.94_-163.61_-68.04_-18.58_5.00_-36.94_23.56_0.5276_0.8464_-0.0711_-0.0111end0.39_6.90_1.09_-163.61_-68.04_-18.58_5.00_-36.94_23.56_0.5150_0.8537_-0.0761_-0.0150end0.62_7.45_0.75_-157.00_-90.08_-15.33_5.00_-36.94_23.56_0.5150_0.8537_-0.0761_-0.0150end0.46_7.78_1.21_-153.53_-92.32_-14.10_5.00_-36.94,24.18793124,120.7356755,380.2862548828125
1908,_23.56_0.5150_0.8537_-0.0761_-0.0150end0.46_7.78_1.21_-153.53_-92.32_-14.10_7.06_-40.12_17.00_0.4903_0.8669_-0.0867_-0.0250end0.92_8.44_1.50_-153.53_-92.32_-14.10_7.06_-40.12_17.00_0.4844_0.8699_-0.0892_-0.0274end,24.18793124,120.7356755,380.2862548828125
1909,1.12_8.65_1.45_-142.90_-76.54_-12.65_7.06_-40.12_17.00_0.4844_0.8699_-0.0892_-0.0274end1.12_8.65_1.45_-136.97_-64.23_-12.76_7.06_-40.50_15.63_0.4728_0.8756_-0.0937_-0.0316end1.12_8.65_1.45_-136.97_-64.23_-12.76_7.06_-40.50_15.63_0.4618_0.8809_-0.0977_-0.0348end1.27_9.80_2.24_-136.97_-64.23_-12.76_8.13_-40.88_13.44_0.4618_0.8809_-0.0977_-0.0348end1.27_9.80_2.24_-126.57_-60.21_-13.32_8.13_-40.88_13.44_0.4512_0.8858_-0.1015_-0.0377end1.22_9.94_2.69_-126.57_-60.21_-13.32_8.13_-40.88_13.44_0.4461_0.8881_-0.1034_-0.0393end1.22_9.94_2.69_-118.40_-72.40_-13.32_8.13_-40.88_13.44_0.4412_0.8903_-0.1055_-0.0411end0.81_10.80_3.67_-118.40_-72.40_-13.32_8.13_-40.88_13.44_0.4315_0.8942_-0.1099_-0.0457end-0.02_11.69_3.82_-101.83_-77.66_-12.20_8.13_-40.88_13.44_0.4315_0.8942_-0.1099_-0.0457end0.14_10.81_3.99_-101.83_-77.66_-12.20_9.25_-41.63_10.00_0.4223_0.8978_-0.1144_-0.0505end,24.18793124,120.7356755,380.2862548828125
1910,,24.18793124,120.7356755,380.2862548828125
1911,,24.18793124,120.7356755,380.2862548828125
1912,-0.13_11.30_4.26_-94.90_-75.42_-11.53_9.25_-41.63_10.00_0.4180_0.8994_-0.1165_-0.0528end-0.13_11.30_4.26_-91.54_-75.87_-11.86_9.25_-41.63_10.00_0.4140_0.9008_-0.1185_-0.0551end0.33_12.06_3.92_-91.54_-75.87_-11.86_9.25_-41.63_10.00_0.4140_0.9008_-0.1185_-0.0551end0.73_12.52_4.57_-91.54_-75.87_-11.86_9.25_-41.63_10.00_0.4027_0.9047_-0.1246_-0.0620end1.02_12.40_3.91_-68.15_-75.09_-11.64_9.25_-41.63_10.00_0.4027_0.9047_-0.1246_-0.0620end1.05_12.33_4.21_-68.15_-75.09_-11.64_9.25_-41.63_10.00_0.3931_0.9076_-0.1304_-0.0690end1.54_12.23_4.46_-68.15_-75.09_-11.64_9.25_-41.63_10.00_0.3903_0.9083_-0.1322_-0.0711end1.48_12.57_4.13_-68.15_-75.09_-11.64_9.25_-41.63_10.00_0.3903_0.9083_-0.1322_-0.0711end1.48_12.57_4.13_-47.78_-35.47_-16.45_10.69_-42.69_8.63_0.3903_0.9083_-0.1322_-0.0711end1.48_12.57_4.13_-42.52_-16.79_-17.46_10.69_-42.69_8.63_0.3837_0.9103_-0.1367_-0.0745end,24.18793124,120.7356755,380.2862548828125
1913,,24.18793124,120.7356755,380.2862548828125
1914,,24.18793124,120.7356755,380.2862548828125
1915,,24.18793124,120.7356755,380.2862548828125
1916,1.48_12.57_4.13_-32.45_29.43_-18.91_10.69_-42.69_8.63_0.3837_0.9103_-0.1367_-0.0745end1.48_12.57_4.13_-32.45_29.43_-18.91_10.69_-43.75_7.31_0.3800_0.9119_-0.1384_-0.0708end1.48_12.57_4.13_-20.70_81.13_-22.05_10.69_-43.75_7.31_0.3800_0.9119_-0.1384_-0.0708end1.48_12.57_4.13_-20.70_81.13_-22.05_10.69_-43.75_7.31_0.3795_0.9123_-0.1381_-0.0676end-0.10_11.03_5.30_-20.70_81.13_-22.05_10.69_-43.75_7.31_0.3798_0.9134_-0.1361_-0.0543end-0.42_10.52_5.11_-20.70_81.13_-22.05_10.69_-43.75_7.31_0.3798_0.9134_-0.1361_-0.0543end-1.16_10.38_5.04_-20.70_81.13_-22.05_10.31_-42.00_7.75_0.3818_0.9134_-0.1344_-0.0424end-1.18_10.27_4.99_17.12_64.35_-22.16_10.31_-42.00_7.75_0,24.18793124,120.7356755,380.2862548828125
1917,,24.18793124,120.7356755,380.2862548828125
1918,.3828_0.9132_-0.1341_-0.0393end-1.18_10.27_4.99_17.12_64.35_-22.16_10.69_-42.69_7.31_0.3840_0.9128_-0.1340_-0.0366end-1.08_9.96_4.89_17.12_64.35_-22.16_11.06_-41.63_7.31_0.3840_0.9128_-0.1340_-0.0366end-1.25_9.82_4.70_31.11_43.20_-20.25_11.06_-41.63_7.31_0.3840_0.9128_-0.1340_-0.0366end-1.25_9.82_4.70_31.11_43.20_-20.25_11.06_-41.63_7.31_0.3900_0.9105_-0.1340_-0.0289end-1.66_9.11_4.33_31.11_43.20_-20.25_11.44_-43.00_8.19_0.3919_0.9098_-0.1340_-0.0273end-1.57_8.86_4.46_31.11_43.20_-20.25_11.44_-43.00_8.19_0.3940_0.9089_-0.1340_-0.0258end-1.57_8.86_4.46_60.54_35.70_-15.55_11.44_-41.63_8.63_0.3940_0.9089_-0.1340_-0.0258end-1.57_8.86_4.46_60.54_35.70_-15.55_11.06_-41.94_9.13_0.3989_0.9069_-0.1339_-0.0229end-1.84_8.14_4.38_60.54_35.70_-15.55_11.06_-41.94_9.13_0.4016_0.9057_-0.1339_-0.0217end-1.97_8.16_4.32_73.75_23.61_-11.97_11.06_-41.94_9.13_0.4016_0.9057_-0.1339_-0.0217end-1.97_8.16_4.32_73.75_23.61_-11.97_12.19_-42.25_12.13_0.4105_0.9018_-0.1339_-0.0193end-1.97_8.16_4.32_73.75_23.61_-11.97_12.19_-42.25_12.13_0.4172_0.8987_-0.1339_-0.0186end,24.18793124,120.7356755,380.2862548828125
1919,-1.82_8.60_4.31_73.75_23.61_-11.97_10.69_-41.94_9.94_0.4207_0.8970_-0.1340_-0.0186end-1.86_9.06_4.20_73.75_23.61_-11.97_10.69_-41.94_9.94_0.4207_0.8970_-0.1340_-0.0186end-1.97_9.38_3.96_73.75_23.61_-11.97_10.69_-41.94_9.94_0.4282_0.8934_-0.1344_-0.0195end-1.97_9.48_3.75_106.87_-14.55_-3.69_10.69_-41.94_9.94_0.4282_0.8934_-0.1344_-0.0195end-1.90_9.75_3.48_106.87_-14.55_-3.69_11.44_-42.25_13.06_0.4360_0.8895_-0.1349_-0.0215end-1.90_9.75_3.48_114.03_-17.57_-1.68_11.44_-42.25_13.06_0.4445_0.8852_-0.1356_-0.0239end-1.72_9.94_3.40_114.03_-17.57_-1.68_11.44_-42.25_13.06_0.4487_0.8829_-0.1359_-0.0253end-1.72_9.94_3.40_185.32_-36.03_-49.24_11.44_-42.25_13.06_0.,24.18793124,120.7356755,380.2862548828125
1920,4544_0.8798_-0.1372_-0.0267end7.85_1.34_43.91_185.32_-36.03_-49.24_12.19_-40.50_14.75_0.4544_0.8798_-0.1372_-0.0267end7.85_1.34_43.91_44.09_-1.12_12.65_12.19_-40.50_14.75_0.4691_0.8719_-0.1370_-0.0306end,24.18793124,120.7356755,380.2862548828125
1921,-4.55_9.46_19.52_44.09_-1.12_12.65_12.19_-40.50_14.75_0.4691_0.8719_-0.1370_-0.0306end-2.14_8.55_13.31_44.09_-1.12_12.65_12.19_-40.50_14.75_0.4674_0.8726_-0.1382_-0.0317end-0.66_3.73_-5.45_44.09_-1.12_12.65_11.81_-40.81_15.25_0.4651_0.8737_-0.1389_-0.0317end0.53_6.21_-3.75_-24.73_-8.50_-6.27_11.81_-40.81_15.25_0.4651_0.8737_-0.1389_-0.0317end-4.50_5.76_1.45_32.45_-74.98_6.15_11.44_-40.50_14.38_0.4651_0.8737_-0.1389_-0.0317end-4.50_5.76_1.45_32.45_-74.98_6.15_11.44_-40.50_14.38_0.4645_0.8732_-0.1423_-0.0381end-0.47_7.88_-3.03_32.45_-74.98_6.15_11.44_-40.50_14.38_0.4645_0.8732_-0.1423_-0.0381end-2.26_7.31_7.12_32.45_-74.98_6.15_11.44_-40.50_14.38_0.4691_,24.18793124,120.7356755,380.2862548828125
1922,0.8699_-0.1451_-0.0451end-2.26_7.31_7.12_32.45_-74.98_6.15_12.19_-40.50_14.75_0.4715_0.8682_-0.1468_-0.0493end-2.26_7.31_7.12_73.52_-123.99_8.50_12.19_-40.50_14.75_0.4764_0.8642_-0.1506_-0.0591end,24.18793124,120.7356755,380.2862548828125
1923,,24.18793124,120.7356755,380.2862548828125
1924,-0.81_9.71_16.85_73.52_-123.99_8.50_12.19_-40.12_15.25_0.4778_0.8627_-0.1525_-0.0641end-0.71_8.41_14.00_73.52_-123.99_8.50_12.19_-40.12_15.25_0.4778_0.8627_-0.1525_-0.0641end0.12_7.79_10.98_20.70_-87.06_0.34_12.19_-40.12_15.25_0.4790_0.8602_-0.1578_-0.0753end-0.11_7.59_6.19_27.53_-56.06_-2.46_13.25_-40.06_17.00_0.4794_0.8596_-0.1591_-0.0776end0.69_7.37_0.21_27.53_-56.06_-2.46_13.25_-40.06_17.00_0.4803_0.8586_-0.1602_-0.0798end0.69_7.37_0.21_45.66_-35.03_1.57_13.62_-40.06_15.69_0.4803_0.8586_-0.1602_-0.0798end0.69_7.37_0.21_45.66_-35.03_1.57_12.88_-40.12_15.63_0.4849_0.8554_-0.1614_-0.0845end-1.03_8.29_3.42_45.66_-35.03_1.57_12.88_-40.12_15.63_0.4870_0.8541_-0.1613_-0.0855end-1.41_8.21_4.81_62.89_15.78_-2.46_13.62_-39.38_17.44_0.4870_0.8541_-0.1613_-0.0855end-1.41_8.21_4.81_59.87_35.03_-7.16_13.62_-39.38_17.44_0.4918_0.8516_-0.1604_-0.0851end,24.18793124,120.7356755,380.2862548828125
1925,,24.18793124,120.7356755,380.2862548828125
1926,,24.18793124,120.7356755,380.2862548828125
1927,-0.58_8.46_8.08_55.39_44.76_-9.29_13.62_-39.38_17.44_0.4943_0.8504_-0.1596_-0.0838end-0.58_8.46_8.08_55.39_44.76_-9.29_13.62_-39.38_17.44_0.4966_0.8494_-0.1588_-0.0823end0.82_8.05_7.12_44.65_38.83_-5.60_13.62_-39.38_17.44_0.4966_0.8494_-0.1588_-0.0823end0.82_8.05_7.12_42.86_16.34_3.02_12.25_-38.69_17.94_0.4966_0.8494_-0.1588_-0.0823end-0.89_7.93_3.29_42.86_16.34_3.02_12.25_-38.69_17.94_0.5039_0.8458_-0.1560_-0.0793end-0.89_7.93_3.29_42.86_16.34_3.02_12.25_-38.69_17.94_0.5077_0.8439_-0.1547_-0.0792end-1.81_8.28_4.07_42.86_16.34_3.02_12.25_-38.69_17.94_0.5098_0.8428_-0.1538_-0.0787end-2.55_8.29_4.62_42.86_16.34_3.02_12.25_-38.69_17.94_0.5098_0.8428_-0.15,24.18793124,120.7356755,380.2862548828125
1928,38_-0.0787end-1.91_8.35_5.14_54.50_49.46_-2.91_12.25_-38.69_17.94_0.5098_0.8428_-0.1538_-0.0787end-1.91_8.35_5.14_54.50_49.46_-2.91_12.56_-38.00_19.19_0.5166_0.8395_-0.1505_-0.0748end,24.18793124,120.7356755,380.2862548828125
1929,-1.91_8.35_5.14_54.50_49.46_-2.91_12.56_-38.00_19.19_0.5211_0.8375_-0.1481_-0.0723end-1.23_8.33_6.66_54.50_49.46_-2.91_12.56_-38.00_19.19_0.5231_0.8364_-0.1472_-0.0718end-1.66_8.27_6.06_54.50_49.46_-2.91_12.56_-38.00_19.19_0.5250_0.8353_-0.1464_-0.0717end-1.89_8.24_5.80_51.70_1.01_8.39_12.25_-38.00_20.12_0.5250_0.8353_-0.1464_-0.0717end-1.89_8.24_5.80_53.49_-0.34_5.71_12.25_-38.00_20.12_0.5307_0.8318_-0.1450_-0.0731end-1.58_8.22_5.80_54.83_1.34_4.70_12.25_-38.00_20.12_0.5326_0.8306_-0.1447_-0.0735end-0.88_8.26_5.97_54.83_1.34_4.70_12.25_-38.00_20.12_0.5346_0.8294_-0.1443_-0.0739end-0.75_8.27_6.33_57.63_0.67_5.26_12.25_-38.00_20.12_0.5346_0.8294_-0.1443,24.18793124,120.7356755,380.2862548828125
1930,_-0.0739end-0.75_8.27_6.33_57.63_0.67_5.26_12.25_-38.00_20.12_0.5408_0.8254_-0.1431_-0.0756end-0.61_8.29_7.55_57.63_0.67_5.26_12.25_-38.00_20.12_0.5408_0.8254_-0.1431_-0.0756end,24.18793124,120.7356755,380.2862548828125
1931,,24.18793124,120.7356755,380.2862548828125
1932,,24.18793124,120.7356755,380.2862548828125
1933,-0.69_8.26_7.61_59.42_-14.32_8.17_12.25_-38.00_20.12_0.5408_0.8254_-0.1431_-0.0756end-0.70_8.21_7.49_59.42_-14.32_8.17_12.25_-38.00_20.12_0.5488_0.8199_-0.1423_-0.0797end-0.60_8.14_7.39_59.42_-14.32_8.17_12.94_-36.56_22.69_0.5510_0.8184_-0.1422_-0.0807end-0.26_8.13_7.11_59.42_-14.32_8.17_12.94_-36.56_22.69_0.5530_0.8168_-0.1421_-0.0818end-0.09_8.09_6.91_64.23_-15.67_6.83_12.94_-36.56_22.69_0.5530_0.8168_-0.1421_-0.0818end-0.09_8.09_6.91_64.23_-15.67_6.83_11.56_-36.19_24.00_0.5596_0.8121_-0.1417_-0.0851end0.01_8.05_6.09_64.23_-15.67_6.83_11.56_-36.19_24.00_0.5618_0.8105_-0.1414_-0.0861end0.01_8.05_6.09_66.47_-2.57_7.72_11.88_-35.88_23.19_0.5618_0.8105_-,24.18793124,120.7356755,380.2862548828125
1934,0.1414_-0.0861end0.07_8.01_5.57_67.59_3.58_7.27_11.88_-35.88_23.19_0.5618_0.8105_-0.1414_-0.0861end0.07_8.01_5.57_67.59_3.58_7.27_13.31_-35.81_22.81_0.5665_0.8073_-0.1405_-0.0875end0.07_8.01_5.57_70.05_15.78_6.27_13.31_-35.81_22.81_0.5739_0.8024_-0.1382_-0.0881end0.26_7.98_4.48_70.05_15.78_6.27_12.31_-34.75_25.00_0.5739_0.8024_-0.1382_-0.0881end0.26_7.98_4.48_71.06_18.58_6.94_12.31_-34.75_25.00_0.5739_0.8024_-0.1382_-0.0881end-0.08_7.96_4.00_71.06_18.58_6.94_12.31_-34.75_25.00_0.5789_0.7991_-0.1364_-0.0880end-0.14_8.03_3.93_71.06_18.58_6.94_12.31_-34.06_26.69_0.5867_0.7939_-0.1332_-0.0877end-0.33_8.02_3.77_71.06_18.58_6.94_12.31_-34.06_26.69_0.5892_0.7923_-0.1321_-0.0875end-0.26_8.01_3.64_71.96_23.95_6.83_12.31_-34.06_26.69_0.5892_0.7923_-0.1321_-0.0875end-0.27_8.00_3.49_71.96_23.95_6.83_12.31_-35.13_26.69_0.5970_0.7870_-0.1288_-0.0870end-0.19_8.02_3.16_71.96_23.95_6.83_12.31_-35.13_26.69_0.5996_0.7852_-0.1279_-0.0870end-0.24_8.00_3.00_72.96_6.71_8.50_12.31_-35.13_26.69_0.5996_0.7852_-0.1279_-0.0870end,24.18793124,120.7356755,380.2862548828125
1935,,24.18793124,120.7356755,380.2862548828125
1936,,24.18793124,120.7356755,380.2862548828125
1937,-0.22_8.04_2.73_72.96_6.71_8.50_10.81_-33.69_27.56_0.5996_0.7852_-0.1279_-0.0870end-0.22_8.04_2.73_72.96_6.71_8.50_10.81_-33.69_27.56_0.6094_0.7777_-0.1254_-0.0894end-0.19_8.04_2.45_72.96_6.71_8.50_10.81_-33.69_27.56_0.6094_0.7777_-0.1254_-0.0894end-0.16_8.02_2.36_72.96_6.71_8.50_10.81_-33.69_27.56_0.6141_0.7739_-0.1250_-0.0916end-0.16_8.02_2.36_72.96_6.71_8.50_10.88_-33.00_28.44_0.6165_0.7718_-0.1250_-0.0930end-0.16_8.02_2.36_72.96_6.71_8.50_10.88_-33.00_28.44_0.6188_0.7698_-0.1251_-0.0944end-0.16_8.02_2.36_72.96_6.71_8.50_10.88_-33.00_28.44_0.6233_0.7656_-0.1259_-0.0980end0.33_8.07_2.00_72.96_6.71_8.50_10.88_-33.00_28.44_0.6233_0.7656_-0.1259_-0.0980,24.18793124,120.7356755,380.2862548828125
1938,end0.33_8.06_1.99_73.86_-49.24_7.95_10.88_-33.00_28.44_0.6233_0.7656_-0.1259_-0.0980end0.33_8.06_1.99_73.86_-49.24_7.95_12.00_-31.94_30.25_0.6318_0.7568_-0.1288_-0.1069end,24.18793124,120.7356755,380.2862548828125
1939,,24.18793124,120.7356755,380.2862548828125
1940,0.42_8.09_1.66_73.86_-49.24_7.95_12.00_-31.94_30.25_0.6339_0.7546_-0.1298_-0.1093end0.47_8.10_1.57_73.86_-49.24_7.95_12.31_-31.62_29.75_0.6339_0.7546_-0.1298_-0.1093end0.47_8.10_1.57_73.63_-50.92_5.93_12.31_-31.62_29.75_0.6381_0.7501_-0.1316_-0.1140end0.46_8.07_1.29_73.63_-50.92_5.93_12.31_-31.62_29.75_0.6381_0.7501_-0.1316_-0.1140end0.46_8.07_1.29_74.42_-34.69_4.81_12.31_-31.62_29.75_0.6422_0.7456_-0.1331_-0.1182end0.46_8.12_1.05_74.42_-34.69_4.81_12.31_-31.62_29.75_0.6443_0.7433_-0.1335_-0.1199end0.45_8.16_1.04_74.31_-27.53_4.25_12.69_-30.19_29.81_0.6466_0.7411_-0.1339_-0.1215end0.52_8.13_0.98_74.31_-27.53_4.25_12.69_-30.19_29.81_0.6534_0.7346_-0.1337_-0.1246end0.52_8.13_0.98_74.98_1.57_2.91_12.69_-29.50_30.31_0.6558_0.7325_-0.1332_-0.1252end0.48_8.14_0.86_74.98_1.57_2.91_13.06_-29.81_31.56_0.6581_0.7304_-0.1326_-0.1255end,24.18793124,120.7356755,380.2862548828125
1941,0.39_8.18_0.80_74.98_1.57_2.91_13.06_-29.81_31.56_0.6606_0.7283_-0.1318_-0.1258end0.35_8.17_0.80_74.86_16.00_3.02_13.06_-29.81_31.56_0.6606_0.7283_-0.1318_-0.1258end0.35_8.17_0.80_74.86_18.58_3.02_12.00_-28.44_31.56_0.6606_0.7283_-0.1318_-0.1258end0.20_8.18_0.61_74.53_20.03_3.25_12.00_-28.44_31.56_0.6704_0.7201_-0.1277_-0.1255end0.16_8.22_0.50_74.53_20.03_3.25_12.00_-28.44_31.56_0.6728_0.7180_-0.1266_-0.1254end-0.04_8.21_0.18_74.53_20.03_3.25_12.00_-28.44_31.56_0.6752_0.7160_-0.1255_-0.1253end-0.01_8.20_-0.09_74.53_20.03_3.25_12.69_-27.31_33.81_0.6752_0.7160_-0.1255_-0.1253end0.04_8.13_-0.42_74.53_20.03_3.25_12.69_-27.31_33.81_0.6823_0.7098_-0.1224_-0.1251end0.25_8.21_-0.84_74.53_20.03_3.25_12.69_-27.31_33.81_0.6846_0.7078_-0.1214_-0.1251end0.30_8.16_-1.16_74.53_20.03_3.25_11.63_-28.06_33.38_0.6870_0.7056_-0.1204_-0.1251end,24.18793124,120.7356755,380.2862548828125
1942,,24.18793124,120.7356755,380.2862548828125
1943,0.10_8.28_-1.35_73.63_17.46_4.03_11.63_-28.06_33.38_0.6870_0.7056_-0.1204_-0.1251end0.10_8.28_-1.35_73.63_17.46_4.03_11.63_-28.06_33.38_0.6939_0.6994_-0.1171_-0.1249end-0.03_8.24_-1.40_73.63_17.46_4.03_11.63_-28.06_33.38_0.6962_0.6974_-0.1159_-0.1248end0.11_8.25_-1.76_73.63_17.46_4.03_11.63_-28.06_33.38_0.6962_0.6974_-0.1159_-0.1248end0.30_8.27_-2.01_71.84_24.73_4.81_12.06_-25.62_35.56_0.6962_0.6974_-0.1159_-0.1248end0.30_8.27_-2.01_70.72_24.62_4.14_12.06_-25.62_35.56_0.7029_0.6913_-0.1121_-0.1241end0.30_8.27_-2.01_70.28_21.37_4.03_12.06_-24.94_35.19_0.7029_0.6913_-0.1121_-0.1241end0.30_8.27_-2.01_69.38_10.74_5.26_12.06_-24.94_35.19_0.7073_0.6873_-0.10,24.18793124,120.7356755,380.2862548828125
1944,98_-0.1238end0.30_8.27_-2.01_69.38_10.74_5.26_11.69_-24.56_35.56_0.7095_0.6852_-0.1089_-0.1238end0.30_8.27_-2.01_68.04_0.00_5.15_11.69_-24.56_35.56_0.7135_0.6811_-0.1075_-0.1245end,24.18793124,120.7356755,380.2862548828125
1945,,24.18793124,120.7356755,380.2862548828125
1946,,24.18793124,120.7356755,380.2862548828125
1947,0.30_8.27_-2.01_67.37_-3.80_5.37_12.06_-23.87_34.31_0.7135_0.6811_-0.1075_-0.1245end1.42_8.61_-2.25_67.48_-5.82_5.04_12.06_-23.87_34.31_0.7194_0.6747_-0.1064_-0.1263end1.54_8.52_-1.87_67.48_-5.82_5.04_12.06_-23.87_34.31_0.7213_0.6727_-0.1061_-0.1270end1.61_8.45_-1.53_67.48_-5.82_5.04_12.06_-23.87_34.31_0.7232_0.6704_-0.1058_-0.1,24.18793124,120.7356755,380.2862548828125
1948,,24.18793124,120.7356755,380.2862548828125
1949,275end1.58_8.46_-1.31_67.48_-5.82_5.04_11.69_-23.50_35.63_0.7232_0.6704_-0.1058_-0.1275end1.47_8.36_-1.43_65.35_6.38_2.24_11.69_-23.50_35.63_0.7271_0.6662_-0.1051_-0.1284end1.47_8.36_-1.43_65.35_6.38_2.24_11.69_-23.50_35.63_0.7309_0.6622_-0.1038_-0.1288end1.38_8.50_-1.95_65.35_6.38_2.24_11.69_-22.81_36.50_0.7327_0.6602_-0.1030_-0.1287end1.03_8.52_-3.19_65.35_6.38_2.24_11.69_-22.81_36.50_0.7346_0.6584_-0.1019_-0.1285end0.59_8.54_-4.25_65.35_6.38_2.24_11.69_-22.81_36.50_0.7346_0.6584_-0.1019_-0.1285end0.59_8.54_-4.25_65.35_6.38_2.24_11.38_-22.44_36.50_0.7400_0.6532_-0.0980_-0.1270end-0.26_8.51_-5.20_65.35_6.38_2.24_11.38_-22.44_36.50_0.7400_0.6532_-0.0980_-0.1270end-0.34_8.52_-5.02_62.22_43.87_1.68_10.25_-21.75_37.00_0.7400_0.6532_-0.0980_-0.1270end-0.52_8.63_-4.03_63.79_45.77_1.90_10.25_-21.75_37.00_0.7400_0.6532_-0.0980_-0.,24.18793124,120.7356755,380.2862548828125
1950,1270end-0.61_8.69_-3.62_64.23_46.22_3.69_10.25_-20.31_38.69_0.7400_0.6532_-0.0980_-0.1270end-0.61_8.69_-3.62_64.23_46.22_3.69_10.25_-20.31_38.69_0.7516_0.6424_-0.0870_-0.1215end-1.18_8.88_-2.54_64.23_46.22_3.69_10.25_-20.31_38.69_0.7516_0.6424_-0.0870_-0.1215end-1.49_8.77_-2.68_64.23_46.22_3.69_10.25_-20.31_38.69_0.7554_0.6389_-0.0829_-0.1197end-2.07_-4.03_-2.84_55.39_42.52_5.71_10.25_-20.31_38.69_0.7554_0.6389_-0.0829_-0.1197end-2.07_-4.03_-2.84_55.39_42.52_5.71_9.19_-19.31_39.63_0.7586_0.6358_-0.0793_-0.1181end,24.18793124,120.7356755,380.2862548828125
1951,0.97_7.04_-5.30_50.81_30.89_5.82_9.19_-19.31_39.63_0.7601_0.6343_-0.0778_-0.1175end0.97_7.04_-5.30_50.81_30.89_5.82_8.06_-19.37_39.19_0.7617_0.6327_-0.0765_-0.1172end-2.70_9.36_-8.44_54.16_-0.78_12.09_8.06_-19.31_39.63_0.7617_0.6327_-0.0765_-0.1172end-2.70_9.36_-8.44_55.62_4.81_12.42_8.06_-19.31_39.63_0.7661_0.6274_-0.0742_-0.1186end-1.46_8.48_-3.77_47.67_7.95_10.74_8.06_-19.31_39.63_0.7675_0.6257_-0.0734_-0.1190end-1.46_8.48_-3.77_47.67_7.95_10.74_8.06_-19.31_39.63_0.7703_0.6223_-0.0719_-0.1197end-0.33_8.85_-4.91_47.67_7.95_10.74_8.06_-19.31_39.63_0.7703_0.6223_-0.0719_-0.1197end-1.81_8.84_-4.23_50.47_-20.25_14.66_8.06_-19.31_39.63_0.7703_0.6223_-0.0719_-0.1197end-1.03_8.65_-4.08_50.47_-20.25_14.66_8.06_-19.31_39.63_0.7753_0.6152_-0.0714_-0.1236end-0.98_8.68_-5.45_50.47_-20.25_14.66_8.06_-19.31_39.63_0.7765_0.6135_-0.0715_-0.1249end,24.18793124,120.7356755,380.2862548828125
1952,,24.18793124,120.7356755,380.2862548828125
1953,0.09_8.59_-5.24_50.47_-20.25_14.66_8.06_-19.31_39.63_0.7765_0.6135_-0.0715_-0.1249end-0.22_8.67_-5.63_49.69_-30.10_14.55_8.06_-19.31_39.63_0.7765_0.6135_-0.0715_-0.1249end-0.22_8.67_-5.63_49.69_-30.10_14.55_8.06_-19.31_39.63_0.7811_0.6062_-0.0730_-0.1308end1.02_8.69_-4.57_49.69_-30.10_14.55_8.88_-15.44_40.94_0.7822_0.6043_-0.073,24.18793124,120.7356755,380.2862548828125
1954,9_-0.1326end1.68_8.88_-4.49_49.69_-30.10_14.55_8.88_-15.44_40.94_0.7832_0.6024_-0.0751_-0.1346end1.92_8.80_-4.43_46.55_-58.19_14.21_8.88_-15.44_40.94_0.7832_0.6024_-0.0751_-0.1346end1.92_8.80_-4.43_46.55_-58.19_14.21_10.69_-16.50_40.56_0.7859_0.5968_-0.0789_-0.1409end1.82_8.72_-5.48_46.55_-58.19_14.21_10.69_-16.50_40.56_0.7869_0,24.18793124,120.7356755,380.2862548828125
1955,,24.18793124,120.7356755,380.2862548828125
1956,.5951_-0.0800_-0.1427end2.00_8.70_-6.10_41.63_-37.26_11.19_10.69_-16.50_40.56_0.7869_0.5951_-0.0800_-0.1427end1.81_8.73_-6.18_42.19_-32.01_10.63_10.69_-16.50_40.56_0.7869_0.5951_-0.0800_-0.1427end,24.18793124,120.7356755,380.2862548828125
1957,1.65_8.67_-6.34_42.19_-32.01_10.63_10.31_-15.81_40.56_0.7904_0.5886_-0.0823_-0.1483end1.61_8.73_-6.43_42.19_-32.01_10.63_10.31_-15.81_40.56_0.7913_0.5871_-0.0827_-0.1494end1.09_8.80_-6.25_42.19_-32.01_10.63_11.81_-14.38_41.44_0.7913_0.5871_-0.0827_-0.1494end0.95_8.81_-6.17_39.61_-22.49_9.96_11.81_-14.38_41.44_0.7913_0.5871_-0.0827_-0.1494end0.72_8.86_-5.98_39.61_-22.49_9.96_10.00_-14.44_40.12_0.7939_0.5826_-0.0836_-0.1526end0.53_8.88_-5.62_39.61_-22.49_9.96_10.00_-14.44_40.12_0.7939_0.5826_-0.0836_-0.1526end0.47_8.88_-5.60_39.61_-22.49_9.96_11.06_-14.38_40.56_0.7939_0.5826_-0.0836_-0.1526end0.42_8.85_-5.47_39.61_-22.49_9.96_11.06_-14.38_40.56_0.7979_0.5757_-0.0850_-0.1575end0.20_8.86_-5.43_39.61_-22.49_9.96_11.06_-14.38_40.56_0.7986_0.5743_-0.0853_-0.1586end0.20_8.86_-5.43_33.46_-25.51_9.29_11.81_-14.00_41.00_0.7986_0.5743_-0.0853_-0.1586end,24.18793124,120.7356755,380.2862548828125
1958,,24.18793124,120.7356755,380.2862548828125
1959,0.14_8.86_-5.35_33.24_-25.85_9.18_11.81_-14.00_41.00_0.7986_0.5743_-0.0853_-0.1586end-0.01_8.89_-5.14_33.24_-25.85_9.18_11.81_-13.06_40.63_0.7986_0.5743_-0.0853_-0.1586end-0.01_8.89_-5.14_32.12_-24.51_8.62_11.81_-13.06_40.63_0.8006_0.5704_-0.0866_-0.1618end-0.01_8.89_-5.14_32.12_-24.51_8.62_12.19_-13.69_40.63_0.8019_0.5679_-0.0875_-0.1639end-0.01_8.89_-5.14_31.78_-24.73_9.06_12.19_-13.69_40.63_0.8019_0.5679_-0.0875_-0.1639end-0.01_8.89_-5.14_31.78_-24.73_9.06_12.19_-13.69_40.63_0.8038_0.5641_-0.0887_-0.1670end-0.01_8.89_-5.14_31.78_-24.73_9.06_12.19_-13.69_40.63_0.8050_0.5616_-0.0895_-0.1691end0.26_8.85_-3.64_31.33_-21.49_9.18_12.19_-13.69_40.63_0.8056_0.5604_-0.0898_-0.1701end0.39_8.84_-3.12_31.33_-21.49_9.18_12.19_-13.69_40.63_0.8056_0.5604_-0.0898_-0.1701end0.39_8.84_-3.12_31.56_-16.79_9.06_12.19_-13.69_40.63_0.8056_0.5604_-0.0898_-0.1701end,24.18793124,120.7356755,380.2862548828125
1960,0.44_8.77_-3.00_31.56_-16.79_9.06_11.81_-12.00_41.13_0.8056_0.5604_-0.0898_-0.1701end0.44_8.77_-3.00_31.56_-16.79_9.06_11.81_-12.00_41.13_0.8089_0.5543_-0.0902_-0.1742end0.31_8.73_-2.52_31.56_-16.79_9.06_11.81_-12.00_41.13_0.8096_0.5531_-0.0901_-0.1749end0.28_8.73_-2.47_33.24_-9.40_10.07_11.81_-12.00_41.13_0.8096_0.5531_-0.0901_-0.1749end0.30_8.69_-2.25_33.24_-9.40_10.07_11.81_-12.00_41.13_0.8096_0.5531_-0.0901_-0.1749end0.41_8.65_-2.04_33.24_-9.40_10.07_11.81_-12.00_41.13_0.8123_0.5482_-0.0899_-0.1780end0.47_8.63_-1.96_35.03_-23.72_9.51_11.81_-12.00_41.13_0.8123_0.5482_-0.0899_-0.1780end0.53_8.61_-1.75_35.03_-23.72_9.51_11.81_-12.00_41.13_0.8143_0.5439_-0.0911_-0.1812end0.56_8.55_-1.64_35.03_-23.72_9.51_12.88_-11.63_40.19_0.8149_0.5424_-0.0917_-0.1824end0.50_8.52_-1.45_35.03_-23.72_9.51_12.88_-11.63_40.19_0.8157_0.5408_-0.0924_-0.1837end,24.18793124,120.7356755,380.2862548828125
1961,,24.18793124,120.7356755,380.2862548828125
1962,,24.18793124,120.7356755,380.2862548828125
1963,0.42_8.48_-1.43_35.03_-23.72_9.51_12.88_-11.63_40.19_0.8157_0.5408_-0.0924_-0.1837end0.42_8.48_-1.43_35.03_-23.72_9.51_14.00_-10.94_41.06_0.8157_0.5408_-0.0924_-0.1837end0.21_8.46_-1.42_35.03_-23.72_9.51_14.00_-10.94_41.06_0.8186_0.5346_-0.0937_-0.1880end-0.07_8.30_-1.44_35.03_-23.72_9.51_12.88_-9.50_41.56_0.8194_0.5331_-0.0937_-0.1888end-0.19_8.33_-1.78_35.03_-23.72_9.51_12.88_-9.50_41.56_0.8194_0.5331_-0.0937_-0.1888end-0.16_8.29_-2.04_41.18_-11.41_9.51_12.88_-9.50_41.56_0.8194_0.5331_-0.0937_-0.1888end-0.16_8.29_-2.04_41.18_-11.41_9.51_13.62_-10.56_41.13_0.8219_0.5284_-0.0933_-0.1912end-0.16_8.29_-2.04_43.76_-15.78_10.52_13.62_-10.56_41.13_0.8228_0.5268_-0.0933_-0.1920end-0.20_8.20_-2.76_43.76_-15.78_10.52_12.94_-8.44_41.56_0.8228_0.5268_-0.0933_-0.1920end-0.23_8.10_-2.86_43.76_-15.78_10.52_12.94_-8.44_41.56_0.8253_0.5217_-0.0932_-0.1948end,24.18793124,120.7356755,380.2862548828125
1964,,24.18793124,120.7356755,380.2862548828125
1965,,24.18793124,120.7356755,380.2862548828125
1966,-0.25_8.07_-3.21_43.76_-15.78_10.52_14.00_-9.88_40.19_0.8271_0.5182_-0.0933_-0.1968end-0.10_8.05_-3.52_43.76_-15.78_10.52_14.00_-9.88_40.19_0.8279_0.5164_-0.0934_-0.1978end0.05_7.97_-3.74_43.76_-15.78_10.52_14.00_-8.81_40.19_0.8279_0.5164_-0.0934_-0.1978end0.10_7.89_-3.92_46.44_-24.06_10.63_14.00_-8.81_40.19_0.8279_0.5164_-0.0934_-0.1978end0.10_7.89_-3.92_46.44_-24.06_10.63_14.00_-8.81_40.19_0.8313_0.5090_-0.0943_-0.2023end0.16_7.92_-4.18_46.44_-24.06_10.63_14.00_-8.81_40.19_0.8322_0.5071_-0.0946_-0.2034end0.30_7.81_-4.82_46.44_-24.06_10.63_14.00_-8.81_40.19_0.8322_0.5071_-0.0946_-0.2034end0.39_7.78_-4.95_46.44_-24.06_10.63_14.00_-8.81_40.19_0.8338_0.5033_-0.0953_-0.2058end0.43_7.79_-5.11_46.44_-24.06_10.63_14.38_-7.75_42.50_0.8338_0.5033_-0.0953_-0.2058end0.43_7.79_-5.11_47.22_-25.40_10.07_14.38_-7.75_42.50_0.8355_0.4995_-0.0959_-0.2081end,24.18793124,120.7356755,380.2862548828125
1967,,24.18793124,120.7356755,380.2862548828125
1968,0.43_7.79_-5.11_47.22_-25.40_10.07_15.13_-8.06_41.56_0.8363_0.4976_-0.0961_-0.2092end0.43_7.79_-5.11_47.22_-25.85_10.30_15.13_-8.06_41.56_0.8380_0.4937_-0.0967_-0.2114end0.43_7.79_-5.11_47.22_-25.85_10.30_14.38_-7.12_41.13_0.8380_0.4937_-0.0967_-0.2114end0.80_7.66_-5.26_47.56_-26.97_10.41_14.00_-6.06_41.13_0.8396_0.4898_-0.0974_-0.2137end0.80_7.66_-5.26_47.56_-26.97_10.41_14.00_-6.06_41.13_0.8412_0.4858_-0.0980_-0.2160end0.88_7.61_-5.19_47.56_-26.97_10.41_14.00_-6.06_41.13_0.8420_0.4839_-0.0984_-0.2172end0.86_7.57_-5.29_47.56_-26.97_10.41_16.25_-5.69_40.25_0.8420_0.4839_-0.0984_-0.2172end0.86_7.54_-5.37_47.56_-26.97_10.41_16.25_-5.69_40.25_0.8444_0.4780_-0.0993_-0.2204end0.84_7.50_-5.85_47.56_-26.97_10.41_15.13_-5.31_41.63_0.8452_0.4761_-0.0995_-0.2214end0.84_7.50_-5.85_47.56_-26.97_10.41_16.62_-5.69_40.75_0.8460_0.4742_-0.0998_-0.2224end,24.18793124,120.7356755,380.2862548828125
1969,,24.18793124,120.7356755,380.2862548828125
1970,0.80_7.42_-6.20_47.56_-26.97_10.41_16.62_-5.69_40.75_0.8460_0.4742_-0.0998_-0.2224end0.75_7.40_-6.34_47.56_-26.97_10.41_16.62_-5.69_40.75_0.8460_0.4742_-0.0998_-0.2224end0.73_7.44_-6.39_47.56_-26.97_10.41_16.62_-5.69_40.75_0.8492_0.4665_-0.1005_-0.2261end0.64_7.37_-6.41_47.56_-26.97_10.41_16.62_-5.69_40.75_0.8500_0.4646_-0.1006_-0.2270end0.65_7.39_-6.34_46.66_-18.58_7.16_16.62_-5.69_40.75_0.8508_0.4627_-0.1006_-0.2278end0.58_7.39_-6.27_46.11_-17.90_6.83_16.62_-5.69_40.75_0.8508_0.4627_-0.1006_-0.2278end0.58_7.39_-6.27_46.11_-17.90_6.83_16.62_-5.69_40.75_0.8531_0.4570_-0.1009_-0.2303end0.53_7.34_-6.12_46.11_-17.90_6.83_16.62_-5.69_40.75_0.8539_0.4552_-0.1010_-0.2311end0.52_7.32_-6.13_45.43_-17.46_6.60_17.37_-3.94_40.81_0.8539_0.4552_-0.1010_-0.2311end0.53_7.28_-6.19_45.66_-18.80_6.38_17.37_-3.94_40.81_0.8539_0.4552_-0.1010_-0.2311end,24.18793124,120.7356755,380.2862548828125
1971,,24.18793124,120.7356755,380.2862548828125
1972,0.53_7.28_-6.19_45.66_-18.80_6.38_17.37_-3.94_40.81_0.8562_0.4496_-0.1013_-0.2335end0.56_7.20_-6.21_45.66_-22.94_6.15_17.37_-3.94_40.81_0.8562_0.4496_-0.1013_-0.2335end0.52_7.19_-6.26_45.66_-22.94_6.15_16.62_-3.62_40.31_0.8562_0.4496_-0.1013_-0.2335end0.43_7.19_-6.21_44.76_-30.89_5.82_16.62_-3.62_40.31_0.8562_0.4496_-0.1013_-0.2335end0.43_7.19_-6.21_44.76_-30.89_5.82_16.62_-3.62_40.31_0.8604_0.4377_-0.1042_-0.2394end0.46_7.13_-6.72_44.76_-30.89_5.82_17.37_-2.19_39.94_0.8604_0.4377_-0.1042_-0.2394end0.59_7.04_-7.19_44.76_-30.89_5.82_17.37_-2.19_39.94_0.8604_0.4377_-0.1042_-0.2394end0.54_7.04_-7.17_42.75_-44.99_4.70_18.44_-3.25_40.31_0.8604_0.4377_-0.1042_-0.2394end0.54_7.04_-7.17_43.31_-48.23_4.03_18.44_-3.25_40.31_0.8632_0.4274_-0.1096_-0.2454end0.62_7.00_-7.05_43.31_-48.23_4.03_18.44_-3.25_40.31_0.8638_0.4252_-0.1110_-0.2466end,24.18793124,120.7356755,380.2862548828125
1973,,24.18793124,120.7356755,380.2862548828125
1974,,24.18793124,120.7356755,380.2862548828125
1975,0.66_6.99_-6.86_43.31_-48.23_4.03_18.81_-1.50_38.19_0.8638_0.4252_-0.1110_-0.2466end0.66_6.99_-6.86_43.76_-51.81_3.58_18.81_-1.50_38.19_0.8643_0.4230_-0.1123_-0.2479end0.66_6.99_-6.86_43.20_-52.82_3.02_19.44_-2.87_39.50_0.8643_0.4230_-0.1123_-0.2479end0.66_6.99_-6.86_43.42_-50.81_2.35_19.44_-2.87_39.50_0.8658_0.4164_-0.1166_-0.2518end0.88_6.98_-6.40_43.08_-47.11_1.79_19.44_-2.87_39.50_0.8658_0.4164_-0.1166_-0.2518end0.90_6.84_-6.27_43.08_-47.11_1.79_19.44_-2.87_39.50_0.8668_0.4120_-0.1192_-0.2541end0.84_6.86_-6.34_43.31_-28.09_0.22_21.62_-1.81_39.06_0.8668_0.4120_-0.1192_-0.2541end0.95_6.91_-6.35_43.31_-10.85_-1.34_21.62_-1.81_39.06_0.8668_0.4120_-0.11,24.18793124,120.7356755,380.2862548828125
1976,92_-0.2541end0.95_6.91_-6.35_43.42_-2.46_-1.68_21.62_-1.81_39.06_0.8701_0.4025_-0.1212_-0.2573end0.59_6.69_-6.41_43.42_-2.46_-1.68_21.62_-1.81_39.06_0.8709_0.4009_-0.1207_-0.2574end,24.18793124,120.7356755,380.2862548828125
1977,,24.18793124,120.7356755,380.2862548828125
1978,,24.18793124,120.7356755,380.2862548828125
1979,0.50_6.68_-6.49_43.64_13.54_-1.68_23.12_-1.44_38.69_0.8709_0.4009_-0.1207_-0.2574end0.50_6.68_-6.49_43.64_13.54_-1.68_23.12_-1.44_38.69_0.8735_0.3964_-0.1174_-0.2570end-0.03_6.59_-6.48_43.64_13.54_-1.68_23.12_-1.44_38.69_0.8745_0.3950_-0.1157_-0.2567end-0.25_6.59_-6.37_43.64_13.54_-1.68_23.50_-0.44_38.25_0.8755_0.3937_-0.1138_-0.2562end-0.41_6.59_-6.25_45.66_45.32_-0.90_23.50_-0.44_38.25_0.8755_0.3937_-0.1138_-0.2562end-0.41_6.59_-6.25_45.66_45.32_-0.90_23.50_-0.44_38.25_0.8785_0.3900_-0.1069_-0.2543end-0.80_6.53_-5.84_45.66_45.32_-0.90_23.50_-0.44_38.25_0.8795_0.3887_-0.1045_-0.2537end-0.97_6.31_-5.63_45.66_45.32_-0.90_23.50_-0.44_38.25_0.8795_0.3887_,24.18793124,120.7356755,380.2862548828125
1980,,24.18793124,120.7356755,380.2862548828125
1981,-0.1045_-0.2537end-1.16_6.23_-5.64_46.66_46.78_0.78_23.50_-0.44_38.25_0.8795_0.3887_-0.1045_-0.2537end-1.16_6.23_-5.64_46.66_46.78_0.78_23.50_-0.44_38.25_0.8834_0.3836_-0.0954_-0.2516end-1.22_6.37_-5.60_47.67_14.88_2.80_23.50_-0.44_38.25_0.8834_0.3836_-0.0954_-0.2516end-0.85_6.24_-5.63_47.67_14.88_2.80_23.50_-0.44_38.25_0.8859_0.3788_-0.0914_-0.2515end-0.92_5.60_-6.00_48.46_-9.51_3.47_21.37_5.37_40.50_0.8867_0.3769_-0.0909_-0.2519end-0.05_7.10_-7.32_48.46_-9.51_3.47_21.37_5.37_40.50_0.8867_0.3769_-0.0909_-0.2519end0.08_6.78_-9.22_44.99_-34.47_3.13_21.37_5.37_40.50_0.8867_0.3769_-0.0909_-0.2519end0.08_6.78_-9.22_43.31_-40.40_2.91_21.37_5.37_40.50_0.8867_0.3769_-0.0909_-0.2519end0.18_10.26_-11.66_43.31_-40.40_2.91_21.37_5.37_40.50_0.8895_0.3666_-0.0945_-0.2559end-0.03_14.17_-12.77_43.31_-40.40_2.91_21.37_5.37_40.50_0.8900_0.3649_-0.0948,24.18793124,120.7356755,380.2862548828125
1982,_-0.2562end1.50_23.23_-11.18_43.31_-40.40_2.91_20.25_6.44_41.88_0.8900_0.3649_-0.0948_-0.2562end0.66_29.25_-15.93_43.31_-40.40_2.91_20.25_6.44_41.88_0.8913_0.3625_-0.0933_-0.2558end,24.18793124,120.7356755,380.2862548828125
1983,,24.18793124,120.7356755,380.2862548828125
1984,-1.43_21.36_-6.12_43.31_-40.40_2.91_20.25_6.44_41.88_0.8927_0.3601_-0.0905_-0.2553end-1.43_21.36_-6.12_36.48_39.50_3.69_19.87_6.44_41.00_0.8927_0.3601_-0.0905_-0.2553end-0.77_29.22_-7.75_36.48_39.50_3.69_19.87_6.44_41.00_0.8947_0.3579_-0.0835_-0.2537end1.11_28.07_-5.98_36.48_39.50_3.69_19.87_6.44_41.00_0.8953_0.3578_-0.0803_-0.2527end-1.45_26.23_-5.42_36.48_39.50_3.69_19.87_6.44_41.00_0.8953_0.3578_-0.0803_-0.2527end-0.89_25.14_-6.33_10.97_61.10_7.50_19.87_6.44_41.00_0.8953_0.3578_-0.0803_-0.2527end-0.89_25.14_-6.33_10.97_61.10_7.50_18.19_7.50_41.37_0.8964_0.3583_-0.0718_-0.2507end-0.89_25.14_-6.33_4.36_19.58_7.83_18.19_7.50_41.37_0.8964_0.3583_-0.0718,24.18793124,120.7356755,380.2862548828125
1985,_-0.2507end-0.89_25.14_-6.33_4.36_19.58_7.83_18.19_7.50_41.37_0.8967_0.3586_-0.0679_-0.2503end-0.89_25.14_-6.33_1.68_-4.70_5.15_18.19_7.50_41.37_0.8967_0.3585_-0.0677_-0.2505end,24.18793124,120.7356755,380.2862548828125
1986,0.47_18.08_-6.70_1.68_-4.70_5.15_18.19_7.50_41.37_0.8967_0.3585_-0.0677_-0.2505end0.47_18.08_-6.70_0.78_-20.14_6.15_18.19_7.50_41.37_0.8967_0.3585_-0.0677_-0.2505end0.27_15.97_-4.35_0.78_-20.14_6.15_18.19_7.50_41.37_0.8967_0.3585_-0.0677_-0.2505end1.31_15.54_-5.50_0.78_-20.14_6.15_18.19_7.50_41.37_0.8967_0.3585_-0.0677_-0.2505end1.59_15.28_-5.98_-9.62_-40.29_10.74_18.19_7.50_41.37_0.8967_0.3585_-0.0677_-0.2505end1.26_14.98_-5.92_-9.62_-40.29_10.74_18.19_7.50_41.37_0.8949_0.3578_-0.0756_-0.2559end1.25_14.75_-6.04_-9.62_-40.29_10.74_18.19_7.50_41.37_0.8944_0.3579_-0.0771_-0.2570end1.95_14.36_-5.72_-9.62_-40.29_10.74_21.00_4.44_38.75_0.8944_0.3579_-0.0771_-0.2570end1.96_13.97_-6.54_-23.16_-33.12_8.62_21.00_4.44_38.75_0.8944_0.3579_-0.0771_-0.2570end1.96_13.97_-6.54_-23.16_-33.12_8.62_20.19_2.69_38.31_0.8922_0.3600_-0.0825_-0.2599end,24.18793124,120.7356755,380.2862548828125
1987,,24.18793124,120.7356755,380.2862548828125
1988,2.48_12.63_-7.34_-23.16_-33.12_8.62_20.19_2.69_38.31_0.8917_0.3610_-0.0833_-0.2602end2.55_11.93_-7.09_-32.90_-0.45_2.57_20.19_2.69_38.31_0.8917_0.3610_-0.0833_-0.2602end2.58_11.56_-7.25_-36.48_7.27_1.23_20.19_2.69_38.31_0.8917_0.3610_-0.0833_-0.2602end2.43_11.19_-7.23_-36.48_7.27_1.23_18.12_3.00_38.75_0.8894_0.3670_-0.0838_-0.2594end2.35_10.83_-7.19_-36.48_7.27_1.23_17.75_2.31_40.44_0.8888_0.3690_-0.0833_-0.2588end2.43_10.25_-7.34_-36.48_7.27_1.23_17.75_2.31_40.44_0.8888_0.3690_-0.0833_-0.2588end2.43_10.25_-7.34_-36.48_7.27_1.23_17.75_2.31_40.44_0.8881_0.3712_-0.0827_-0.2581end2.50_9.61_-7.82_-36.48_7.27_1.23_17.75_2.31_40.44_0.8881_0.3712_-0.0827_-0.2,24.18793124,120.7356755,380.2862548828125
1989,581end2.15_9.18_-8.13_-36.48_7.27_1.23_17.75_2.31_40.44_0.8851_0.3818_-0.0797_-0.2538end2.18_8.99_-8.04_-36.48_7.27_1.23_17.75_2.31_40.44_0.8843_0.3848_-0.0790_-0.2526end,24.18793124,120.7356755,380.2862548828125
1990,,24.18793124,120.7356755,380.2862548828125
1991,2.19_8.53_-7.95_-75.42_34.24_-13.43_17.75_2.31_40.44_0.8843_0.3848_-0.0790_-0.2526end2.19_8.53_-7.95_-75.42_34.24_-13.43_17.75_2.31_40.44_0.8813_0.3942_-0.0781_-0.2485end2.02_8.04_-7.82_-75.42_34.24_-13.43_17.75_2.31_40.44_0.8802_0.3976_-0.0779_-0.2471end1.79_7.63_-7.70_-75.42_34.24_-13.43_17.75_2.31_40.44_0.8802_0.3976_-0.0779_,24.18793124,120.7356755,380.2862548828125
1992,-0.2471end1.77_7.42_-7.69_-88.85_39.61_-17.90_17.75_2.31_40.44_0.8802_0.3976_-0.0779_-0.2471end1.77_7.42_-7.69_-88.85_39.61_-17.90_17.75_2.31_40.44_0.8765_0.4087_-0.0772_-0.2423end1.77_7.42_-7.69_-88.85_39.61_-17.90_17.75_2.31_40.44_0.8752_0.4127_-0.0768_-0.2404end1.89_6.61_-8.28_-88.85_39.61_-17.90_14.81_-0.88_39.94_0.8752_0.4127_-0.0768_-0.2404end1.84_6.30_-8.55_-88.85_39.61_-17.90_14.81_-0.88_39.94_0.8708_0.4255_-0.0756_-0.2341end1.68_6.06_-8.37_-88.85_39.61_-17.90_14.81_-0.88_39.94_0.8708_0.4255_-0.0756_-0.2341end,24.18793124,120.7356755,380.2862548828125
1993,,24.18793124,120.7356755,380.2862548828125
1994,,24.18793124,120.7356755,380.2862548828125
1995,1.58_5.96_-8.17_-113.02_48.79_-27.53_14.81_-0.88_39.94_0.8658_0.4394_-0.0750_-0.2272end1.65_5.91_-7.91_-113.02_48.79_-27.53_14.81_-0.88_39.94_0.8640_0.4442_-0.0749_-0.2248end1.54_5.76_-7.79_-113.02_48.79_-27.53_14.81_-0.88_39.94_0.8621_0.4491_-0.0750_-0.2224end1.54_5.76_-7.79_-126.79_44.43_-32.56_14.81_-0.88_39.94_0.8600_0.4543_-0.0751_-0.2198end1.54_5.76_-7.79_-129.59_41.85_-33.46_14.81_-2.87_41.69_0.8600_0.4543_-0.0751_-0.2198end1.54_5.76_-7.79_-135.63_37.82_-35.36_14.81_-2.87_41.69_0.8558_0.4644_-0.0757_-0.2148end1.54_5.76_-7.79_-135.63_37.82_-35.36_14.81_-2.87_41.69_0.8511_0.4751_-0.0769_-0.2097end0.90_5.76_-7.27_-135.63_37.82_-35.36_13.31_-5.00_42,24.18793124,120.7356755,380.2862548828125
1996,,24.18793124,120.7356755,380.2862548828125
1997,.50_0.8511_0.4751_-0.0769_-0.2097end0.91_5.85_-7.19_-146.60_28.65_-38.83_13.31_-5.00_42.50_0.8487_0.4804_-0.0777_-0.2072end0.91_5.85_-7.19_-148.95_27.42_-39.28_12.25_-6.06_41.63_0.8434_0.4914_-0.0796_-0.2020end0.69_6.00_-6.73_-148.95_27.42_-39.28_13.31_-7.12_42.00_0.8407_0.4969_-0.0807_-0.1995end0.60_6.06_-6.58_-151.74_27.08_-39.73_13.31_-7.12_42.00_0.8348_0.5083_-0.0831_-0.1943end0.44_6.19_-6.30_-156.67_28.31_-40.73_13.31_-7.37_41.56_0.8348_0.5083_-0.0831_-0.1943end0.27_6.17_-6.02_-156.67_28.31_-40.73_13.31_-7.37_41.56_0.8288_0.5197_-0.0855_-0.1890end0.23_6.11_-5.75_-162.04_25.63_-41.18_13.25_-9.13_42.06_0.8288_0.5197_-0.0855_-0.1890end0.23_6.11_-5.75_-162.04_25.63_-41.18_13.25_-9.13_42.06_0.8189_0.5374_-0.0895_-0.1808end-0.02_5.56_-5.35_-162.04_25.63_-41.18_13.25_-9.13_42.06_0.8189_0.5374_-0.0895_-0.1808end0.06_5.36_-5.13_-162.04_25.63_-41.18_13.62_-11.63_41.94_0.8189_0.5374_-0.0895_-0.1808end0.04_5.33_-4.92_-167.63_12.09_-40.40_13.62_-11.63_41.94_0.8189_0.5374_-0.0895_-0.1808end0.04_5.33_-4.92_-170.32_-6.27_-38.27_13.62_-11.63_41.94_0.8002_0.5666_-0.0997_-0.1697end,24.18793124,120.7356755,380.2862548828125
1998,,24.18793124,120.7356755,380.2862548828125
1999,-0.29_5.85_-4.62_-170.32_-6.27_-38.27_12.88_-13.38_40.63_0.8002_0.5666_-0.0997_-0.1697end-0.29_5.85_-4.62_-172.78_-42.30_-36.26_12.88_-13.38_40.63_0.7919_0.5776_-0.1061_-0.1671end0.50_6.69_-3.73_-172.78_-42.30_-36.26_12.88_-13.38_40.63_0.7919_0.5776_-0.1061_-0.1671end0.12_6.86_-3.57_-172.78_-42.30_-36.26_13.19_-14.38_39.69_0.7784_0.5937_-0.1185_-0.1656end0.16_7.12_-3.27_-172.78_-42.30_-36.26_13.19_-14.38_39.69_0.7784_0.5937_-0.1185_-0.1656end0.16_7.12_-3.27_-172.78_-42.30_-36.26_13.19_-14.38_39.69_0.7739_0.5989_-0.1229_-0.1653end-1.02_7.06_-1.74_-172.78_-42.30_-36.26_15.00_-17.19_38.81_0.7739_0.5989_-0.1229_-0.1653end-1.02_7.06_-1.74_-172.78_-42.30_-36,24.18793124,120.7356755,380.2862548828125
2000,.26_15.00_-17.19_38.81_0.7549_0.6203_-0.1376_-0.1625end0.77_7.04_-1.57_-172.78_-42.30_-36.26_15.00_-19.31_36.19_0.7499_0.6260_-0.1405_-0.1610end-0.19_6.31_-2.49_-172.78_-42.30_-36.26_15.00_-19.31_36.19_0.7452_0.6315_-0.1431_-0.1594end,24.18793124,120.7356755,380.2862548828125
2001,,24.18793124,120.7356755,380.2862548828125
2002,-0.19_6.31_-2.49_-178.49_-3.92_-26.41_16.06_-20.31_36.56_0.7452_0.6315_-0.1431_-0.1594end-0.36_6.09_-2.78_-178.04_11.75_-26.41_16.06_-20.31_36.56_0.7452_0.6315_-0.1431_-0.1594end-0.36_6.09_-2.78_-178.04_11.75_-26.41_16.06_-20.69_36.06_0.7307_0.6483_-0.1490_-0.1534end-0.36_6.09_-2.78_-178.49_16.90_-26.30_16.06_-20.69_36.06_0.7260_0.6539_-0.1505_-0.1511end-0.36_6.09_-2.78_-178.49_22.16_-26.30_16.44_-22.44_33.88_0.7260_0.6539_-0.1505_-0.1511end-0.36_6.09_-2.78_-177.59_27.64_-25.51_16.44_-22.44_33.88_0.7162_0.6651_-0.1530_-0.1458end-0.36_6.09_-2.78_-177.59_27.64_-25.51_16.44_-22.44_33.88_0.7066_0.6760_-0.1550_-0.1403end-0.36_6.09_-2.78_-178.27_20.70_-24.95,24.18793124,120.7356755,380.2862548828125
2003,_16.44_-22.44_33.88_0.6966_0.6870_-0.1571_-0.1348end-0.41_4.04_-1.41_-178.15_14.21_-25.29_16.44_-22.44_33.88_0.6966_0.6870_-0.1571_-0.1348end-0.39_4.10_-1.40_-178.83_5.26_-24.40_16.00_-25.62_33.44_0.6966_0.6870_-0.1571_-0.1348end,24.18793124,120.7356755,380.2862548828125
2004,,24.18793124,120.7356755,380.2862548828125
2005,-0.42_4.24_-1.35_-179.16_-5.82_-24.06_16.00_-25.62_33.44_0.6755_0.7078_-0.1637_-0.1263end-0.38_4.54_-1.25_-179.16_-5.82_-24.06_14.50_-28.38_31.62_0.6699_0.7127_-0.1661_-0.1251end-0.43_4.91_-1.08_-179.16_-5.82_-24.06_14.50_-28.38_31.62_0.6699_0.7127_-0.1661_-0.1251end-0.26_5.10_-1.07_-179.50_-41.52_-21.82_16.00_-28.44_28.94_0.6699_0.7127_-0.1661_-0.1251end-0.26_5.10_-1.07_-178.83_-67.93_-18.91_16.00_-28.44_28.94_0.6461_0.7317_-0.1785_-0.1237end0.03_5.49_-0.94_-178.83_-67.93_-18.91_15.25_-28.75_29.81_0.6461_0.7317_-0.1785_-0.1237end0.03_5.49_-0.94_-178.15_-72.29_-17.23_15.25_-28.75_29.81_0.6338_0.7405_-0.1855_-0.1245end-0.11_5.46_-0.91_-178.15_-72.29_-17,24.18793124,120.7356755,380.2862548828125
2006,.23_15.25_-28.75_29.81_0.6276_0.7449_-0.1890_-0.1248end-0.41_5.46_-1.00_-176.48_-64.23_-15.55_15.94_-31.56_28.12_0.6276_0.7449_-0.1890_-0.1248end-0.41_5.46_-1.00_-176.48_-64.23_-15.55_17.44_-31.25_26.75_0.6150_0.7536_-0.1954_-0.1252end,24.18793124,120.7356755,380.2862548828125
2007,-0.41_5.46_-1.00_-176.48_-64.23_-15.55_17.44_-31.25_26.75_0.6023_0.7623_-0.2010_-0.1251end-0.58_5.04_-0.34_-176.48_-64.23_-15.55_17.37_-32.25_25.88_0.6023_0.7623_-0.2010_-0.1251end-0.58_5.04_-0.34_-173.79_-22.38_-9.85_17.37_-32.25_25.88_0.5901_0.7709_-0.2054_-0.1238end-0.58_5.04_-0.34_-172.00_-11.30_-9.29_18.50_-32.25_24.56_0.5901_0.7709_-0.2054_-0.1238end-0.58_5.04_-0.34_-170.77_8.28_-9.96_18.50_-32.25_24.56_0.5901_0.7709_-0.2054_-0.1238end-0.58_5.04_-0.34_-170.77_8.28_-9.96_17.75_-33.69_22.37_0.5726_0.7836_-0.2097_-0.1190end-0.58_5.04_-0.34_-165.06_19.81_-8.73_17.75_-33.69_22.37_0.5612_0.7920_-0.2114_-0.1144end-0.58_5.04_-0.34_-165.06_19.81_-8.73_18.,24.18793124,120.7356755,380.2862548828125
2008,,24.18793124,120.7356755,380.2862548828125
2009,,24.18793124,120.7356755,380.2862548828125
2010,75_-35.13_21.00_0.5557_0.7960_-0.2120_-0.1120end-0.96_4.53_1.82_-163.27_18.13_-8.28_18.75_-35.13_21.00_0.5446_0.8040_-0.2134_-0.1073end-0.92_4.43_1.96_-158.46_3.36_-7.95_18.75_-35.13_21.00_0.5446_0.8040_-0.2134_-0.1073end,24.18793124,120.7356755,380.2862548828125
2011,,24.18793124,120.7356755,380.2862548828125
2012,,24.18793124,120.7356755,380.2862548828125
2013,,24.18793124,120.7356755,380.2862548828125
2014,-0.92_4.43_1.96_-158.46_3.36_-7.95_17.69_-35.50_19.31_0.5336_0.8114_-0.2150_-0.1033end-0.92_4.43_1.96_-158.46_3.36_-7.95_17.69_-35.50_19.31_0.5223_0.8185_-0.2171_-0.1003end-0.84_4.41_2.23_-151.97_-21.15_-5.04_17.31_-36.25_18.37_0.5223_0.8185_-0.2171_-0.1003end-0.84_4.41_2.23_-151.97_-21.15_-5.04_17.31_-36.25_18.37_0.5111_0.8251_-0.2197_-0.0987end-0.96_4.74_2.16_-151.97_-21.15_-5.04_17.69_-36.94_17.50_0.5111_0.8251_-0.2197_-0.0987end-0.93_4.95_2.06_-145.48_-39.84_-1.79_17.69_-36.94_17.50_0.4997_0.8313_-0.2228_-0.0982end-0.93_4.95_2.06_-145.48_-39.84_-1.79_17.69_-36.94_17.50_0.4941_0.8342_-0.2244_-0.0983end-0.55_5.21_2.27_-141.11_-48.34_0.11_17.69_-36.94,24.18793124,120.7356755,380.2862548828125
2015,_17.50_0.4885_0.8370_-0.2260_-0.0986end-0.45_5.20_2.20_-141.11_-48.34_0.11_18.06_-36.94_15.31_0.4885_0.8370_-0.2260_-0.0986end-0.47_5.32_2.30_-141.11_-48.34_0.11_18.69_-38.00_14.00_0.4885_0.8370_-0.2260_-0.0986end-0.47_5.32_2.30_-141.11_-48.34_0.11_18.69_-38.00_14.00_0.4602_0.8500_-0.2347_-0.1029end-0.38_6.06_3.07_-141.11_-48.34_0.11_19.37_-38.38_13.06_0.4548_0.8523_-0.2364_-0.1043end-0.39_6.30_3.16_-124.10_-71.06_7.50_19.37_-38.38_13.06_0.4492_0.8546_-0.2382_-0.1058end-0.29_6.59_3.29_-124.10_-71.06_7.50_19.37_-38.38_13.06_0.4438_0.8568_-0.2399_-0.1073end-0.29_6.77_3.21_-118.73_-70.72_9.29_19.37_-38.38_13.06_0.4334_0.8608_-0.2430_-0.1104end-0.38_6.86_3.30_-118.73_-70.72_9.29_19.37_-38.38_13.06_0.4334_0.8608_-0.2430_-0.1104end-0.37_6.97_3.24_-109.67_-66.47_11.86_19.37_-38.38_13.06_0.4334_0.8608_-0.2430_-0.1104end-0.41_6.91_3.46_-109.67_-66.47_11.86_19.37_-38.38_13.06_0.4185_0.8664_-0.2471_-0.1151end-0.41_6.91_3.46_-102.95_-62.33_12.98_19.37_-38.38_13.06_0.4091_0.8698_-0.2495_-0.1180end-0.33_7.01_3.77_-102.95_-62.33_12.98_19.37_-38.38_13.06_0.4047_0.8713_-0.2505_-0.1194end-0.33_7.01_3.77_-92.32_-56.40_14.66_19.37_-38.38_13.06_0.4005_0.8728_-0.2514_-0.1208end-0.27_6.97_4.09_-92.32_-56.40_14.66_19.37_-38.38_13.06_0.3962_0.8743_-0.2523_-0.1223end-0.27_6.97_4.09_-84.04_-53.94_15.22_19.37_-38.38_13.06_0.3923_0.8757_-0.2532_-0.1236end0.11_7.13_4.60_-84.04_-53.94_15.22_19.37_-38.38_13.06_0.3884_0.8770_-0.2540_-0.1250end0.37_7.25_4.87_-71.96_-51.81_15.67_19.37_-38.38_13.06_0.3884_0.8770_-0.2540_-0.1250end0.37_7.25_4.87_-68.15_-51.25_15.89_18.62_-40.56_4.31_0.3779_0.8803_-0.2560_-0.1293end0.34_7.95_4.62_-68.15_-51.25_15.89_18.62_-40.56_4.31_0.3747_0.8813_-0.2567_-0.1307end0.49_8.20_4.69_-68.15_-51.25_15.89_18.62_-40.56_4.31_0.3688_0.8831_-0.2578_-0.1334end0.73_8.30_4.55_-68.15_-51.25_15.89_18.62_-39.88_4.75_0.3661_0.8838_-0.2582_-0.1348end0.82_8.60_5.22_-68.15_-51.25_15.89_18.62_-39.88_4.75_0.3636_0.8845_-0.2587_-0.1362end,24.18793124,120.7356755,380.2862548828125
2016,0.88_9.06_5.61_-36.59_-39.06_12.09_18.62_-39.88_4.75_0.3636_0.8845_-0.2587_-0.1362end1.09_9.24_5.46_-31.45_-34.80_11.41_18.62_-39.88_4.75_0.3575_0.8860_-0.2598_-0.1401end1.27_9.40_5.44_-31.45_-34.80_11.41_18.31_-40.56_3.00_0.3560_0.8864_-0.2601_-0.1411end1.11_9.39_5.69_-31.45_-34.80_11.41_18.94_-40.25_2.56_0.3547_0.8867_-0.2603_-0.1418end1.27_9.44_5.80_-16.11_-13.76_7.83_18.94_-40.25_2.56_0.3547_0.8867_-0.2603_-0.1418end1.27_9.44_5.80_-16.11_-13.76_7.83_18.94_-40.25_2.56_0.3525_0.8875_-0.2602_-0.1429end1.24_9.18_5.57_-16.11_-13.76_7.83_18.94_-40.25_2.56_0.3524_0.8876_-0.2600_-0.1430end0.99_8.99_5.41_-16.11_-13.76_7.83_18.94_-40.25_2.56_0.3524_0.8876_-0.2600_-0.1430end0.88_8.77_5.49_8.06_8.50_2.46_18.94_-40.25_2.56_0.3524_0.8876_-0.2600_-0.1430end0.88_8.77_5.49_8.06_8.50_2.46_18.94_-40.25_2.56_0.3539_0.8875_-0.2590_-0.1421end,24.18793124,120.7356755,380.2862548828125
2017,,24.18793124,120.7356755,380.2862548828125
2018,,24.18793124,120.7356755,380.2862548828125
2019,0.69_7.84_4.10_8.06_8.50_2.46_18.94_-40.25_2.56_0.3549_0.8872_-0.2585_-0.1417end0.55_8.17_4.62_8.06_8.50_2.46_18.94_-40.25_2.56_0.3549_0.8872_-0.2585_-0.1417end0.36_8.75_4.92_8.06_8.50_2.46_18.00_-39.56_3.00_0.3549_0.8872_-0.2585_-0.1417end0.36_8.75_4.92_36.26_-10.97_-1.90_18.00_-39.56_3.00_0.3596_0.8851_-0.2582_-0.1434end0.76_9.66_5.30_36.26_-10.97_-1.90_18.00_-39.56_3.00_0.3611_0.8843_-0.2583_-0.1443end1.34_10.16_5.46_36.26_-10.97_-1.90_18.00_-39.56_3.00_0.3611_0.8843_-0.2583_-0.1443end1.09_10.17_5.30_36.26_-10.97_-1.90_18.31_-40.56_3.00_0.3668_0.8815_-0.2585_-0.1471end1.20_10.09_5.04_64.23_-11.53_-8.17_18.31_-40.56_3.00_0.3691_0.8803_-0.2586_-0.1481,24.18793124,120.7356755,380.2862548828125
2020,end1.32_9.96_5.03_64.23_-11.53_-8.17_18.31_-40.56_3.00_0.3691_0.8803_-0.2586_-0.1481end1.32_9.96_5.03_64.23_-11.53_-8.17_18.31_-40.56_3.00_0.3716_0.8791_-0.2587_-0.1492end,24.18793124,120.7356755,380.2862548828125
2021,,24.18793124,120.7356755,380.2862548828125
2022,1.34_9.66_4.41_64.23_-11.53_-8.17_18.31_-40.56_3.00_0.3803_0.8749_-0.2586_-0.1516end1.41_9.41_3.52_64.23_-11.53_-8.17_18.31_-40.56_3.00_0.3803_0.8749_-0.2586_-0.1516end1.41_9.41_3.52_64.23_-11.53_-8.17_18.31_-40.56_3.00_0.3906_0.8703_-0.2582_-0.1530end1.34_9.24_2.82_95.01_15.33_-16.56_18.31_-40.56_3.00_0.3906_0.8703_-0.2582_-0.1530end1.07_8.78_2.41_95.01_15.33_-16.56_18.31_-40.56_3.00_0.3906_0.8703_-0.2582_-0.1530end1.07_8.78_2.41_95.01_15.33_-16.56_18.31_-40.56_3.00_0.4069_0.8632_-0.2568_-0.1532end0.81_8.44_2.52_95.01_15.33_-16.56_18.31_-40.56_3.00_0.4113_0.8613_-0.2562_-0.1528end0.63_8.42_2.77_95.01_15.33_-16.56_18.31_-40.56_3.00_0.4113_0.8613_-0.256,24.18793124,120.7356755,380.2862548828125
2023,2_-0.1528end0.63_8.42_2.77_113.81_35.03_-19.14_19.31_-39.06_8.69_0.4113_0.8613_-0.2562_-0.1528end0.63_8.42_2.77_117.05_31.89_-19.25_19.31_-39.06_8.69_0.4255_0.8552_-0.2542_-0.1517end,24.18793124,120.7356755,380.2862548828125
2024,,24.18793124,120.7356755,380.2862548828125
2025,0.56_9.56_2.98_117.05_31.89_-19.25_19.31_-39.06_8.69_0.4303_0.8530_-0.2537_-0.1516end0.56_9.56_2.98_126.01_11.19_-19.81_19.31_-39.06_8.69_0.4401_0.8481_-0.2527_-0.1522end0.57_10.72_2.47_126.01_11.19_-19.81_19.31_-39.06_8.69_0.4401_0.8481_-0.2527_-0.1522end0.65_11.27_2.03_126.01_11.19_-19.81_19.31_-39.06_8.69_0.4550_0.8398_-0.2523_-0.1552end0.74_11.54_1.81_137.42_-6.83_-21.26_19.37_-38.69_10.50_0.4550_0.8398_-0.2523_-0.1552end0.99_11.84_1.52_137.42_-6.83_-21.26_19.37_-38.69_10.50_0.4651_0.8338_-0.2522_-0.1578end1.12_11.91_1.46_137.42_-6.83_-21.26_19.37_-38.69_10.50_0.4703_0.8306_-0.2521_-0.1589end1.25_11.86_1.37_137.42_-6.83_-21.26_19.37_-38.69_10.50_0.4703_0.8306_-0.2521_-0.1589end1.25_11.86_1.37_137.42_-6.83_-21.26_19.37_-38.69_10.50_0.4874_0.8206_-0.2510_-0.1611end-10.20_38.55_1.91_137.42_-6.83_-21.26_19.37_-38.69_10.50_0.4941_0.8171_-0.2495_-0.1611end,24.18793124,120.7356755,380.2862548828125
2026,,24.18793124,120.7356755,380.2862548828125
2027,,24.18793124,120.7356755,380.2862548828125
2028,,24.18793124,120.7356755,380.2862548828125
2029,,24.18793124,120.7356755,380.2862548828125
2030,,24.18793124,120.7356755,380.2862548828125
2031,1.27_20.37_47.52_137.42_-6.83_-21.26_19.37_-38.69_10.50_0.4941_0.8171_-0.2495_-0.1611end1.27_20.37_47.52_161.59_3.80_12.53_19.37_-36.56_17.50_0.4941_0.8171_-0.2495_-0.1611end6.88_16.69_33.42_161.59_3.80_12.53_19.37_-36.56_17.50_0.4941_0.8171_-0.2495_-0.1611end-3.02_10.37_34.75_-6.60_-1.34_-0.56_19.37_-36.56_17.50_0.5056_0.8126_-0.2430_-0.1583end-3.02_10.37_34.75_-6.60_-1.34_-0.56_19.37_-36.56_17.50_0.5031_0.8143_-0.2435_-0.1572end-3.02_10.37_34.75_-98.14_0.45_-10.18_19.00_-36.94_16.12_0.5031_0.8143_-0.2435_-0.1572end-3.02_10.37_34.75_6.04_-38.05_-0.11_19.75_-36.25_15.75_0.4971_0.8168_-0.2465_-0.1577end-3.02_10.37_34.75_6.04_-38.05_-0.11_19.75_-36.25_15,24.18793124,120.7356755,380.2862548828125
2032,.75_0.5017_0.8126_-0.2485_-0.1619end0.41_7.46_9.50_6.04_-38.05_-0.11_19.37_-36.94_15.75_0.5055_0.8093_-0.2496_-0.1652end8.81_10.90_3.98_6.04_-38.05_-0.11_19.37_-36.94_15.75_0.5087_0.8063_-0.2506_-0.1680end7.64_11.47_17.05_106.87_-43.42_-6.27_19.37_-36.94_15.75_0.5087_0.8063_-0.2506_-0.1680end7.64_11.47_17.05_106.87_-43.42_-6.27_19.37_-36.94_15.75_0.5159_0.7991_-0.2528_-0.1772end-0.18_8.24_12.41_106.87_-43.42_-6.27_19.37_-36.94_15.75_0.5159_0.7991_-0.2528_-0.1772end-5.96_8.30_7.35_10.30_4.59_1.12_19.37_-36.94_15.75_0.5159_0.7991_-0.2528_-0.1772end2.66_7.07_-4.01_0.11_83.93_-10.41_19.37_-36.94_15.75_0.5159_0.7991_-0.2528_-0.1772end2.66_7.07_-4.01_48.90_129.03_-9.40_19.75_-35.19_17.06_0.5190_0.7983_-0.2505_-0.1747end2.66_7.07_-4.01_54.61_144.36_-14.21_19.75_-35.19_17.06_0.5251_0.7980_-0.2447_-0.1660end-0.88_8.25_-2.67_54.61_144.36_-14.21_19.75_-35.19_17.06_0.5289_0.7975_-0.2413_-0.1611end-1.51_7.96_2.20_54.61_144.36_-14.21_19.06_-35.13_18.44_0.5289_0.7975_-0.2413_-0.1611end-1.68_8.50_5.00_54.61_144.36_-14.21_19.06_-34.44_19.69_0.5289_0.7975_-0.2413_-0.1611end-0.52_8.48_0.16_81.58_54.95_4.70_19.06_-34.44_19.69_0.5289_0.7975_-0.2413_-0.1611end-3.44_9.64_7.84_81.58_54.95_4.70_19.06_-34.44_19.69_0.5473_0.7917_-0.2277_-0.1474end-2.12_9.13_11.67_81.58_54.95_4.70_19.06_-34.44_19.69_0.5498_0.7903_-0.2266_-0.1473end-3.29_8.52_7.69_81.58_54.95_4.70_19.06_-34.44_19.69_0.5498_0.7903_-0.2266_-0.1473end-2.36_8.44_5.20_43.53_15.00_-2.57_19.06_-34.44_19.69_0.5498_0.7903_-0.2266_-0.1473end-2.36_8.44_5.20_43.53_15.00_-2.57_19.06_-34.75_21.00_0.5567_0.7863_-0.2241_-0.1469end-1.66_8.21_-0.66_43.53_15.00_-2.57_19.06_-34.75_21.00_0.5585_0.7852_-0.2236_-0.1472end-0.59_8.43_0.37_43.53_15.00_-2.57_19.06_-34.75_21.00_0.5603_0.7839_,24.18797723,120.73564699,375.79150390625
2033,-0.2230_-0.1476end-0.59_8.43_0.37_57.41_-1.34_9.85_18.75_-34.06_21.06_0.5603_0.7839_-0.2230_-0.1476end-0.59_8.43_0.37_57.41_-1.34_9.85_18.75_-34.06_21.06_0.5660_0.7798_-0.2209_-0.1502end,24.18797723,120.73564699,375.79150390625
2034,,24.18797723,120.73564699,375.79150390625
2035,,24.18797723,120.73564699,375.79150390625
2036,-1.64_8.64_1.64_57.41_-1.34_9.85_18.75_-34.06_21.06_0.5682_0.7784_-0.2202_-0.1509end-1.08_8.84_2.92_57.41_-1.34_9.85_19.06_-33.00_23.25_0.5682_0.7784_-0.2202_-0.1509end-0.39_8.96_3.11_58.30_18.46_-1.90_19.06_-33.00_23.25_0.5746_0.7742_-0.2179_-0.1511end0.41_8.72_2.84_55.17_7.16_0.34_18.81_-32.63_23.25_0.5746_0.7742_-0.2179_-0.1511end0.62_8.67_2.67_55.17_7.16_0.34_18.81_-32.63_23.25_0.5785_0.7716_-0.2168_-0.1517end0.62_8.67_2.67_52.60_-9.51_6.94_18.12_-33.31_23.25_0.5785_0.7716_-0.2168_-0.1517end0.60_8.63_2.39_52.60_-9.51_6.94_18.12_-33.31_23.25_0.5818_0.7689_-0.2161_-0.1537end-0.57_8.69_1.40_52.82_-14.10_11.30_18.12_-33.31_23.25_0.5834_0.7675_-0.2158_-0.1549end-0.57_8.69_1.40_52.82_-14.10_11.30_18.12_-32.25_23.69_0.5850_0.7662_-0.2153_-0.1561end-0.57_8.69_1.40_53.27_17.57_5.82_18.75_-33.31_22.81_0.5886_0.7637_-0.2137_-0.1571end,24.18797723,120.73564699,375.79150390625
2037,-0.57_8.69_1.40_53.49_29.54_3.80_18.75_-33.31_22.81_0.5905_0.7625_-0.2126_-0.1570end-0.57_8.69_1.40_53.94_40.73_3.80_18.81_-32.00_23.31_0.5926_0.7614_-0.2113_-0.1564end-0.84_8.85_1.00_53.94_40.73_3.80_18.81_-32.00_23.31_0.5926_0.7614_-0.2113_-0.1564end-0.98_8.93_1.10_53.94_40.73_3.80_18.12_-32.31_25.94_0.5926_0.7614_-0.2113_-0.1564end-1.29_8.96_1.18_51.59_11.75_10.85_18.12_-32.31_25.94_0.6009_0.7569_-0.2054_-0.1544end-1.29_8.96_1.18_50.92_3.92_11.08_18.12_-32.31_25.94_0.6027_0.7557_-0.2042_-0.1545end-1.29_8.96_1.18_49.91_-2.46_9.74_18.12_-32.31_25.94_0.6044_0.7545_-0.2034_-0.1550end-1.02_8.98_0.80_49.91_-2.46_9.74_18.12_-32.31_25.94_0.6060_0.7532_-0.2026_-0.1558end-0.73_8.93_0.57_48.57_-13.65_8.50_18.12_-32.31_25.94_0.6060_0.7532_-0.2026_-0.1558end-0.18_8.95_0.04_49.13_-20.48_8.95_18.12_-32.31_25.94_0.6060_0.7532_-0.2026_-0.1558end,24.18797723,120.73564699,375.79150390625
2038,,24.18797723,120.73564699,375.79150390625
2039,,24.18797723,120.73564699,375.79150390625
2040,0.08_9.02_-0.25_49.13_-20.48_8.95_18.12_-32.31_25.94_0.6118_0.7479_-0.2016_-0.1603end0.12_9.02_-0.27_48.79_-38.94_11.86_17.75_-31.25_26.37_0.6118_0.7479_-0.2016_-0.1603end-0.07_9.10_-0.29_48.79_-38.94_11.86_17.75_-31.25_26.37_0.6118_0.7479_-0.2016_-0.1603end-0.05_9.05_-0.30_48.79_-38.94_11.86_17.75_-31.25_26.37_0.6177_0.7405_-0.2028_-0.1697end0.01_9.14_-0.50_48.79_-38.94_11.86_17.75_-31.25_26.37_0.6190_0.7392_-0.2029_-0.1712end0.06_9.18_-0.63_48.79_-38.94_11.86_17.75_-30.88_26.75_0.6190_0.7392_-0.2029_-0.1712end0.10_9.16_-0.59_42.86_-13.65_10.63_17.75_-30.88_26.75_0.6190_0.7392_-0.2029_-0.1712end-0.13_9.11_-0.54_42.41_-14.21_11.30_17.75_-30.88_26.75_0.,24.18797723,120.73564699,375.79150390625
2041,6226_0.7355_-0.2023_-0.1748end-0.13_9.11_-0.54_43.87_-15.00_11.19_17.75_-30.88_26.75_0.6249_0.7331_-0.2017_-0.1771end-0.47_9.21_-0.21_43.87_-15.00_11.19_18.50_-29.81_26.75_0.6261_0.7318_-0.2015_-0.1783end,24.18797723,120.73564699,375.79150390625
2042,-0.40_9.24_0.24_43.87_-15.00_11.19_18.50_-29.81_26.75_0.6261_0.7318_-0.2015_-0.1783end-0.05_9.32_0.54_44.54_-31.45_9.40_18.50_-29.81_26.75_0.6261_0.7318_-0.2015_-0.1783end-0.05_9.32_0.54_44.54_-31.45_9.40_18.50_-29.81_26.31_0.6295_0.7277_-0.2018_-0.1829end1.27_9.33_0.87_44.54_-31.45_9.40_18.50_-29.81_26.31_0.6312_0.7245_-0.2036_-0.1877end1.27_9.33_0.87_41.74_-77.89_9.06_18.50_-29.50_27.69_0.6318_0.7228_-0.2050_-0.1906end1.86_9.30_-0.05_41.18_-82.70_9.29_18.50_-29.50_27.69_0.6318_0.7228_-0.2050_-0.1906end1.86_9.30_-0.05_41.18_-82.70_9.29_19.12_-28.75_29.00_0.6328_0.7192_-0.2083_-0.1970end1.86_9.30_-0.05_41.18_-82.70_9.29_19.12_-28.75_29.00_0.6338_0.7160,24.18797723,120.73564699,375.79150390625
2043,_-0.2111_-0.2028end1.91_9.27_-1.06_41.18_-82.70_9.29_18.81_-29.50_26.81_0.6338_0.7160_-0.2111_-0.2028end1.91_9.27_-1.06_39.28_-33.91_4.92_18.81_-29.50_26.81_0.6353_0.7130_-0.2127_-0.2069end,24.18797723,120.73564699,375.79150390625
2044,,24.18797723,120.73564699,375.79150390625
2045,1.88_9.26_-1.23_39.28_-33.91_4.92_18.81_-29.50_26.81_0.6362_0.7117_-0.2130_-0.2082end1.67_9.37_-0.89_40.29_-8.50_3.13_18.81_-29.50_26.81_0.6373_0.7105_-0.2129_-0.2091end1.67_9.37_-0.89_40.29_-8.50_3.13_19.50_-28.75_27.19_0.6398_0.7083_-0.2120_-0.2100end1.13_9.48_-0.23_40.29_-8.50_3.13_19.50_-28.75_27.19_0.6398_0.7083_-0.2120_-0.2100end0.65_9.49_-0.06_40.29_-8.50_3.13_19.50_-28.75_27.19_0.6424_0.7062_-0.2105_-0.2103end0.55_9.53_0.04_38.50_17.12_1.79_19.50_-28.75_27.19_0.6424_0.7062_-0.2105_-0.2103end0.55_9.53_0.04_37.71_19.36_1.90_19.50_-28.75_27.19_0.6464_0.7035_-0.2078_-0.2098end0.20_9.50_-0.14_37.71_19.36_1.90_18.56_-27.37_28.56_0.6478_0.7026_-0.2068_-0.2095end-0.02_9.50_-0.27_37.71_19.36_1.90_18.56_-27.37_28.56_0.6491_0.7018_-0.2058_-0.2093end-0.27_9.49_-0.34_37.71_19.36_1.90_19.87_-28.44_27.69_0.6491_0.7018_-0.2058_-0.2093end,24.18797723,120.73564699,375.79150390625
2046,,24.18797723,120.73564699,375.79150390625
2047,,24.18797723,120.73564699,375.79150390625
2048,-0.48_9.53_-0.30_37.71_16.23_2.69_19.87_-28.44_27.69_0.6491_0.7018_-0.2058_-0.2093end-0.55_9.58_-0.26_37.49_11.08_3.02_18.87_-28.06_28.56_0.6491_0.7018_-0.2058_-0.2093end-0.55_9.58_-0.26_37.49_11.08_3.02_18.87_-28.06_28.56_0.6555_0.6972_-0.2015_-0.2090end-0.71_9.55_-0.09_37.49_11.08_3.02_18.87_-28.06_28.56_0.6555_0.6972_-0.2015_-0.2090end-0.73_9.57_-0.02_37.49_11.08_3.02_18.87_-28.06_28.56_0.6578_0.6953_-0.2003_-0.2095end-0.75_9.57_-0.04_36.26_3.69_3.92_18.87_-28.06_28.56_0.6578_0.6953_-0.2003_-0.2095end-0.79_9.54_-0.09_35.81_2.01_4.59_18.87_-28.06_28.56_0.6611_0.6923_-0.1986_-0.2105end-0.86_9.54_-0.20_35.81_2.01_4.59_18.87_-28.06_28.56_0.6621_0.6912_-,24.18797723,120.73564699,375.79150390625
2049,0.1981_-0.2109end-0.86_9.54_-0.20_35.81_2.01_4.59_19.56_-27.31_29.06_0.6631_0.6902_-0.1977_-0.2114end-0.89_9.56_-0.20_35.81_2.01_4.59_19.56_-27.31_29.06_0.6631_0.6902_-0.1977_-0.2114end,24.18797723,120.73564699,375.79150390625
2050,-0.83_9.54_-0.13_35.81_2.01_4.59_19.56_-27.31_29.06_0.6662_0.6872_-0.1964_-0.2131end-0.73_9.57_0.03_35.81_2.01_4.59_19.56_-27.31_29.06_0.6672_0.6861_-0.1959_-0.2137end-0.67_9.56_0.08_36.48_-5.15_7.16_19.56_-27.31_29.06_0.6672_0.6861_-0.1959_-0.2137end-0.69_9.56_0.18_36.26_-5.93_7.72_19.56_-27.31_29.06_0.6672_0.6861_-0.1959_-0.21,24.18797723,120.73564699,375.79150390625
2051,37end-0.69_9.56_0.18_36.26_-5.93_7.72_18.87_-26.25_30.37_0.6711_0.6818_-0.1943_-0.2166end-0.70_9.54_0.49_36.26_-5.93_7.72_18.87_-26.25_30.37_0.6721_0.6808_-0.1939_-0.2173end-0.73_9.53_0.43_36.03_-8.06_8.95_18.87_-26.25_30.37_0.6721_0.6808_-0.1939_-0.2173end-0.73_9.53_0.43_36.03_-8.06_8.95_18.87_-26.25_30.37_0.6749_0.6775_-0.1929_-0.2198end-0.68_9.49_0.34_36.03_-8.06_8.95_18.87_-26.25_30.37_0.6758_0.6764_-0.1926_-0.2207end-0.55_9.50_0.28_36.03_-8.06_8.95_18.87_-26.25_30.37_0.6758_0.6764_-0.1926_-0.2207end,24.18797723,120.73564699,375.79150390625
2052,,24.18797723,120.73564699,375.79150390625
2053,-0.55_9.50_0.28_36.03_-8.06_8.95_18.87_-26.25_30.37_0.6783_0.6728_-0.1922_-0.2241end-0.27_9.48_-0.02_36.03_-8.06_8.95_18.87_-26.25_30.37_0.6783_0.6728_-0.1922_-0.2241end-0.05_9.46_-0.19_36.03_-8.06_8.95_18.87_-26.25_30.37_0.6800_0.6702_-0.1923_-0.2268end-0.05_9.46_-0.19_37.15_-27.19_10.97_19.94_-26.62_30.37_0.6800_0.6702_-0.1923_-0.2268end-0.05_9.46_-0.19_37.15_-27.19_10.97_19.94_-26.62_30.37_0.6823_0.6663_-0.1926_-0.2311end0.27_9.42_-0.28_37.15_-27.19_10.97_19.94_-26.62_30.37_0.6831_0.6650_-0.1927_-0.2325end0.42_9.41_-0.32_37.15_-27.19_10.97_19.94_-26.62_30.37_0.6838_0.6636_-0.1929_-0.2339end0.42_9.41_-0.32_38.16_-23.84_11.30_19.94_-26.62_30.37_0.6838,24.18797723,120.73564699,375.79150390625
2054,_0.6636_-0.1929_-0.2339end0.41_9.41_-0.36_38.16_-23.84_11.30_18.87_-24.25_30.81_0.6838_0.6636_-0.1929_-0.2339end0.41_9.41_-0.36_38.61_-15.55_10.97_18.87_-24.25_30.81_0.6863_0.6598_-0.1927_-0.2378end,24.18797723,120.73564699,375.79150390625
2055,0.39_9.39_-0.36_38.61_-15.55_10.97_19.19_-25.25_30.81_0.6863_0.6598_-0.1927_-0.2378end0.39_9.39_-0.36_38.61_-12.65_10.74_19.19_-25.25_30.81_0.6890_0.6561_-0.1918_-0.2410end0.39_9.39_-0.36_38.61_-12.65_10.74_19.94_-24.87_31.69_0.6890_0.6561_-0.1918_-0.2410end0.39_9.39_-0.36_39.17_-14.44_11.41_19.56_-24.56_30.37_0.6917_0.6523_-0.1909_-0.2442end0.28_9.31_-0.23_39.17_-14.44_11.41_19.56_-24.56_30.37_0.6925_0.6511_-0.1907_-0.2454end0.35_9.36_-0.23_39.95_-21.49_11.41_19.56_-24.56_30.37_0.6925_0.6511_-0.1907_-0.2454end0.41_9.35_-0.23_39.95_-21.49_11.41_19.56_-23.50_31.31_0.6950_0.6469_-0.1906_-0.2493end0.54_9.36_-0.26_39.95_-21.49_11.41_19.56_-23.50_31.31_0.6959_0.6455_-0.1906_-0.2507end0.64_9.30_-0.30_39.95_-21.49_11.41_19.19_-24.94_30.37_0.6959_0.6455_-0.1906_-0.2507end0.70_9.26_-0.39_40.51_-28.20_10.74_19.19_-24.94_30.37_0.6959_0.6455_-0.1906_-0.2507end,24.18797723,120.73564699,375.79150390625
2056,,24.18797723,120.73564699,375.79150390625
2057,,24.18797723,120.73564699,375.79150390625
2058,0.70_9.26_-0.39_40.51_-28.20_10.74_19.19_-24.94_30.37_0.6991_0.6396_-0.1909_-0.2563end0.99_9.23_-0.61_40.51_-28.20_10.74_19.19_-24.94_30.37_0.7000_0.6381_-0.1909_-0.2578end1.03_9.22_-0.74_40.51_-28.20_10.74_19.19_-23.81_32.56_0.7008_0.6367_-0.1909_-0.2590end1.05_9.21_-0.82_41.85_-18.35_9.96_19.19_-23.81_32.56_0.7008_0.6367_-0.1909_-0.2590end1.05_9.21_-0.82_41.85_-18.35_9.96_19.94_-23.50_31.69_0.7036_0.6324_-0.1902_-0.2624end1.11_9.23_-0.76_41.85_-18.35_9.96_19.94_-23.50_31.69_0.7045_0.6311_-0.1898_-0.2634end1.17_9.18_-0.96_41.85_-18.35_9.96_19.94_-23.50_31.69_0.7045_0.6311_-0.1898_-0.2634end1.14_9.16_-1.07_41.74_-5.48_9.29_20.69_-23.12_32.13_0.7045_0.6,24.18797723,120.73564699,375.79150390625
2059,311_-0.1898_-0.2634end1.07_9.15_-1.23_41.74_-5.48_9.29_20.69_-23.12_32.13_0.7086_0.6259_-0.1877_-0.2666end1.17_9.12_-1.39_41.74_-5.48_9.29_20.69_-23.12_32.13_0.7086_0.6259_-0.1877_-0.2666end,24.18797723,120.73564699,375.79150390625
2060,,24.18797723,120.73564699,375.79150390625
2061,,24.18797723,120.73564699,375.79150390625
2062,1.11_9.07_-1.70_41.74_-5.48_9.29_20.69_-23.12_32.13_0.7107_0.6233_-0.1863_-0.2678end1.11_9.07_-1.70_43.20_4.36_7.95_19.25_-22.81_33.00_0.7107_0.6233_-0.1863_-0.2678end1.11_9.07_-1.70_43.20_4.36_7.95_19.25_-22.81_33.00_0.7141_0.6196_-0.1837_-0.2692end1.22_9.09_-1.73_43.08_9.51_7.72_19.56_-21.75_31.31_0.7153_0.6184_-0.1827_-0.2695end1.14_9.14_-1.82_43.08_9.51_7.72_19.56_-21.75_31.31_0.7164_0.6172_-0.1816_-0.2698end1.14_9.14_-1.82_43.31_9.96_7.83_19.94_-21.75_32.13_0.7164_0.6172_-0.1816_-0.2698end1.14_9.14_-1.82_43.31_9.96_7.83_19.94_-22.06_33.06_0.7200_0.6136_-0.1786_-0.2707end1.11_9.05_-1.86_43.31_9.96_7.83_19.94_-22.06_33.06_0.7200_0.6136_-0.1786_-0.27,24.18797723,120.73564699,375.79150390625
2063,,24.18797723,120.73564699,375.79150390625
2064,07end1.13_9.03_-1.86_44.09_11.53_7.05_19.94_-22.06_33.06_0.7235_0.6099_-0.1754_-0.2715end1.04_9.04_-1.68_44.43_14.44_7.16_19.94_-22.06_33.06_0.7247_0.6088_-0.1743_-0.2717end,24.18797723,120.73564699,375.79150390625
2065,1.04_9.04_-1.68_44.43_14.44_7.16_18.94_-21.75_33.13_0.7260_0.6075_-0.1730_-0.2719end0.82_9.02_-1.50_44.43_14.44_7.16_18.94_-20.69_34.38_0.7260_0.6075_-0.1730_-0.2719end0.82_9.02_-1.50_45.21_19.47_7.27_18.94_-21.37_34.81_0.7285_0.6052_-0.1705_-0.2720end0.57_8.96_-1.23_45.21_19.47_7.27_18.94_-21.37_34.81_0.7310_0.6028_-0.1678_-0.2722end0.57_8.96_-1.23_45.10_15.44_7.27_19.25_-20.00_33.56_0.7310_0.6028_-0.1678_-0.2722end0.63_8.96_-1.23_45.10_11.08_7.16_19.25_-20.00_33.56_0.7310_0.6028_-0.1678_-0.2722end0.79_8.89_-1.47_45.21_5.60_7.16_19.25_-20.00_33.56_0.7347_0.5990_-0.1644_-0.2728end0.79_8.89_-1.47_45.21_5.60_7.16_20.00_-21.00_34.38_0.7358_0.5977_-0.1636_,24.18797723,120.73564699,375.79150390625
2066,-0.2733end0.79_8.89_-1.47_45.88_-4.92_7.95_18.25_-20.31_33.50_0.7358_0.5977_-0.1636_-0.2733end0.79_8.89_-1.47_45.99_-8.39_8.06_18.25_-20.31_33.50_0.7380_0.5947_-0.1624_-0.2747end,24.18797723,120.73564699,375.79150390625
2067,0.79_8.89_-1.47_46.55_-9.85_8.17_18.25_-20.31_33.50_0.7410_0.5900_-0.1609_-0.2771end0.94_8.79_-1.80_46.55_-9.85_8.17_18.94_-19.69_34.81_0.7410_0.5900_-0.1609_-0.2771end1.03_8.73_-1.81_46.55_-9.85_8.17_18.62_-18.62_33.94_0.7410_0.5900_-0.1609_-0.2771end1.03_8.73_-1.81_48.12_-1.90_7.50_18.62_-18.62_33.94_0.7455_0.5837_-0.1584_-0.2,24.18797723,120.73564699,375.79150390625
2068,799end1.05_8.68_-1.73_48.12_-1.90_7.50_18.62_-18.62_33.94_0.7466_0.5822_-0.1577_-0.2805end1.05_8.65_-1.79_48.12_-1.90_7.50_18.31_-18.25_34.44_0.7478_0.5806_-0.1570_-0.2811end1.09_8.68_-1.76_47.90_-4.14_7.16_18.31_-18.25_34.44_0.7500_0.5774_-0.1558_-0.2825end1.11_8.65_-1.80_48.90_-5.93_7.27_18.31_-18.25_34.44_0.7511_0.5758_-0.1552_-0.2832end1.12_8.60_-1.95_48.90_-5.93_7.27_18.31_-18.25_34.44_0.7523_0.5742_-0.1545_-0.2839end1.18_8.56_-1.99_49.91_-5.37_6.83_18.31_-18.25_34.44_0.7523_0.5742_-0.1545_-0.2839end1.19_8.53_-1.98_50.36_-4.81_7.16_18.31_-18.25_34.44_0.7523_0.5742_-0.1545_-0.2839end1.19_8.53_-1.98_50.69_-3.47_6.38_19.31_-17.87_36.13_0.7557_0.5691_-0.1526_-0.2859end1.21_8.50_-2.16_50.69_-3.47_6.38_19.31_-17.87_36.13_0.7581_0.5657_-0.1513_-0.2872end1.15_8.41_-2.33_51.25_-3.47_6.38_19.31_-17.87_36.13_0.7581_0.5657_-0.1513_-0.2872end1.23_8.42_-2.37_51.25_-4.48_6.27_18.69_-17.19_36.13_0.7581_0.5657_-0.1513_-0.2872end1.24_8.39_-2.39_51.81_-6.04_6.27_18.69_-17.19_36.13_0.7627_0.5587_-0.1488_-0.2899end1.29_8.43_-2.54_51.81_-6.04_6.27_18.69_-17.19_36.13_0.7639_0.5569_-0.1483_-0.2906end1.30_8.36_-2.54_51.81_-6.04_6.27_19.00_-16.12_35.31_0.7639_0.5569_-0.1483_-0.2906end1.47_8.33_-2.49_51.81_-6.04_6.27_20.37_-16.50_36.19_0.7639_0.5569_-0.1483_-0.2906end1.57_8.28_-2.66_51.81_-6.04_6.27_20.37_-16.50_36.19_0.7682_0.5489_-0.1478_-0.2946end,24.18797723,120.73564699,375.79150390625
2069,,24.18797723,120.73564699,375.79150390625
2070,,24.18797723,120.73564699,375.79150390625
2071,,24.18797723,120.73564699,375.79150390625
2072,1.61_8.22_-2.79_51.81_-6.04_6.27_18.69_-15.81_36.19_0.7692_0.5468_-0.1479_-0.2958end1.61_8.22_-2.79_51.81_-6.04_6.27_19.00_-15.75_37.56_0.7702_0.5447_-0.1481_-0.2969end1.54_8.20_-3.07_51.81_-6.04_6.27_19.00_-15.75_37.56_0.7702_0.5447_-0.1481_-0.2969end1.43_8.05_-3.23_51.81_-6.04_6.27_19.00_-15.75_37.56_0.7702_0.5447_-0.1481_-0.2969end1.43_8.05_-3.23_51.81_-6.04_6.27_20.06_-14.06_35.31_0.7743_0.5361_-0.1490_-0.3015end1.38_7.93_-3.86_51.81_-6.04_6.27_20.06_-14.06_35.31_0.7754_0.5340_-0.1490_-0.3024end1.45_7.96_-3.94_51.81_-6.04_6.27_20.06_-14.06_35.31_0.7765_0.5320_-0.1489_-0.3032end1.39_7.96_-3.92_54.95_-13.09_2.24_21.50_-15.06_36.25_0.7765_0.5320_-0.1489_-0.3032end1.39_7.96_-3.92_55.51_-10.30_2.69_21.50_-15.06_36.25_0.7800_0.5259_-0.1477_-0.3054end1.05_7.96_-3.63_55.51_-10.30_2.69_19.69_-14.75_36.19_0.7800_0.5259_-0.1477_-0.3054end,24.18797723,120.73564699,375.79150390625
2073,,24.18797723,120.73564699,375.79150390625
2074,1.05_7.96_-3.63_55.95_-3.13_3.02_19.69_-14.75_36.19_0.7812_0.5239_-0.1470_-0.3059end1.05_7.96_-3.63_56.06_5.71_2.35_21.19_-13.00_36.69_0.7812_0.5239_-0.1470_-0.3059end1.05_7.96_-3.63_55.95_10.18_2.24_21.19_-13.00_36.69_0.7850_0.5184_-0.1443_-0.3070end1.05_7.96_-3.63_55.84_13.20_1.90_19.69_-13.38_37.19_0.7850_0.5184_-0.1443_-0.3070end0.55_7.82_-3.88_55.84_13.20_1.90_19.69_-13.38_37.19_0.7876_0.5150_-0.1418_-0.3073end0.50_7.72_-4.11_55.84_15.33_2.80_19.69_-13.38_37.19_0.7876_0.5150_-0.1418_-0.3073end0.50_7.72_-4.11_56.74_13.76_3.13_19.69_-13.38_37.19_0.7929_0.5080_-0.1365_-0.3076end0.32_7.67_-4.48_56.74_13.76_3.13_19.69_-13.38_37.19_0.7942_0.5062_-0.1353,24.18797723,120.73564699,375.79150390625
2075,_-0.3077end0.28_7.66_-4.43_56.74_11.53_3.58_19.69_-13.38_37.19_0.7955_0.5045_-0.1340_-0.3079end0.28_7.66_-4.43_56.74_11.53_3.58_19.37_-11.94_38.00_0.7980_0.5008_-0.1315_-0.3083end,24.18797723,120.73564699,375.79150390625
2076,0.18_7.60_-4.50_56.74_11.53_3.58_19.37_-11.94_38.00_0.7993_0.4990_-0.1302_-0.3085end0.39_7.57_-4.88_56.74_11.53_3.58_19.37_-11.94_38.00_0.7993_0.4990_-0.1302_-0.3085end0.44_7.57_-4.98_56.74_11.53_3.58_19.37_-11.94_38.00_0.8018_0.4952_-0.1281_-0.3091end0.44_7.57_-4.98_56.74_11.53_3.58_19.37_-11.94_38.00_0.8041_0.4913_-0.1263_-0.3100end0.55_7.44_-5.22_56.74_11.53_3.58_19.37_-11.94_38.00_0.8052_0.4893_-0.1254_-0.3105end0.53_7.45_-5.30_56.62_-1.23_5.15_19.37_-11.94_38.00_0.8052_0.4893_-0.1254_-0.3105end0.55_7.39_-5.17_56.62_-1.23_5.15_19.37_-11.94_38.00_0.8052_0.4893_-0.1254_-0.3105end0.58_7.40_-5.04_57.07_4.14_5.71_19.37_-11.94_38.00_0.8052_0.4893_-0.1254,24.18797723,120.73564699,375.79150390625
2077,_-0.3105end0.58_7.40_-5.04_57.07_4.14_5.71_19.75_-9.88_38.50_0.8110_0.4795_-0.1207_-0.3127end0.55_7.34_-4.88_57.07_4.14_5.71_19.75_-9.88_38.50_0.8121_0.4776_-0.1196_-0.3131end,24.18797723,120.73564699,375.79150390625
2078,,24.18797723,120.73564699,375.79150390625
2079,0.53_7.29_-4.86_56.74_10.18_6.27_19.75_-9.88_38.50_0.8121_0.4776_-0.1196_-0.3131end0.50_7.23_-4.93_56.74_12.09_6.60_20.12_-8.06_38.56_0.8121_0.4776_-0.1196_-0.3131end0.50_7.23_-4.93_57.30_14.66_6.71_20.12_-8.06_38.56_0.8168_0.4702_-0.1143_-0.3142end0.48_7.20_-5.01_57.30_14.66_6.71_20.12_-8.06_38.56_0.8179_0.4684_-0.1128_-0.3145end0.48_7.14_-5.04_57.30_14.66_6.71_20.12_-8.06_38.56_0.8191_0.4666_-0.1113_-0.3146end0.44_7.04_-5.21_57.63_12.42_7.95_20.12_-8.06_38.56_0.8191_0.4666_-0.1113_-0.3146end0.31_7.05_-5.19_57.63_12.42_7.95_20.12_-8.06_38.56_0.8214_0.4628_-0.1085_-0.3152end0.32_7.01_-5.22_57.63_12.42_7.95_20.12_-8.06_38.56_0.8225_0.4610_-0.1071_-0.315,24.18797723,120.73564699,375.79150390625
2080,,24.18797723,120.73564699,375.79150390625
2081,5end0.32_7.01_-5.22_57.97_10.41_8.39_20.12_-8.06_38.56_0.8236_0.4592_-0.1057_-0.3158end0.32_7.01_-5.22_57.97_10.41_8.39_20.12_-8.06_38.56_0.8257_0.4553_-0.1030_-0.3165end,24.18797723,120.73564699,375.79150390625
2082,0.32_7.01_-5.22_58.08_8.39_9.85_20.12_-8.06_38.56_0.8268_0.4534_-0.1017_-0.3170end-0.03_6.88_-5.56_58.08_8.39_9.85_19.37_-7.12_39.00_0.8268_0.4534_-0.1017_-0.3170end-0.03_6.88_-5.56_56.96_3.25_11.08_19.37_-7.12_39.00_0.8289_0.4495_-0.0992_-0.3179end-0.24_6.80_-6.27_56.96_3.25_11.08_18.81_-6.00_40.31_0.8299_0.4475_-0.0981_-0.3185end-0.23_6.80_-6.39_56.96_3.25_11.08_18.81_-6.00_40.31_0.8299_0.4475_-0.0981_-0.3185end-0.15_6.78_-6.84_56.96_3.25_11.08_18.81_-6.00_40.31_0.8299_0.4475_-0.0981_-0.3185end-0.12_6.70_-7.01_56.96_3.25_11.08_18.81_-6.00_40.31_0.8345_0.4371_-0.0939_-0.3222end-0.12_6.70_-7.01_56.96_3.25_11.08_18.06_-6.06_39.44_0.8353_0.4348_-0.0936_-0.3232end-0.11_6.64_-7.08_56.96_3.25_11.08_18.06_-6.06_39.44_0.8353_0.4348_-0.0936_-0.3232end-0.22_6.65_-7.08_53.94_-29.54_10.52_18.06_-6.06_39.44_0.8353_0.4348_-0.0936_-0.3232end,24.18797723,120.73564699,375.79150390625
2083,-0.22_6.65_-7.08_53.94_-29.54_10.52_18.06_-6.06_39.44_0.8384_0.4254_-0.0934_-0.3276end-0.35_6.51_-6.93_53.94_-29.54_10.52_18.44_-4.31_39.44_0.8391_0.4231_-0.0936_-0.3287end-0.35_6.51_-6.93_53.38_-39.06_11.41_18.44_-4.31_39.44_0.8398_0.4206_-0.0941_-0.3301end0.57_6.33_-8.00_53.38_-39.06_11.41_19.44_-3.25_39.44_0.8398_0.4206_-0.0941_-0.3301end0.82_6.41_-7.98_53.38_-39.06_11.41_19.44_-4.31_38.13_0.8411_0.4154_-0.0953_-0.3331end0.82_6.41_-7.98_54.72_-56.18_17.23_19.44_-4.31_38.13_0.8421_0.4099_-0.0972_-0.3369end0.43_6.39_-8.15_54.72_-56.18_17.23_19.81_-3.25_39.06_0.8425_0.4071_-0.0983_-0.3387end0.52_6.34_-9.46_54.72_-56.18_17.23_19.81_-3.25_39.06_0.8429_0.,24.18797723,120.73564699,375.79150390625
2084,4045_-0.0994_-0.3406end0.54_6.40_-10.31_48.68_-57.18_14.55_19.81_-3.25_39.06_0.8429_0.4045_-0.0994_-0.3406end0.54_6.40_-10.31_48.68_-57.18_14.55_20.94_-0.81_38.69_0.8441_0.3967_-0.1027_-0.3457end,24.18797723,120.73564699,375.79150390625
2085,,24.18797723,120.73564699,375.79150390625
2086,1.71_6.88_-12.85_48.68_-57.18_14.55_20.94_-0.81_38.69_0.8445_0.3943_-0.1039_-0.3473end2.20_7.85_-13.21_44.09_-61.44_10.30_20.94_-0.81_38.69_0.8451_0.3892_-0.1069_-0.3506end2.66_9.01_-13.89_44.09_-61.44_10.30_20.94_-0.81_38.69_0.8453_0.3866_-0.1086_-0.3524end2.71_10.20_-10.24_44.09_-61.44_10.30_21.62_-1.12_37.31_0.8453_0.3866_-0.1086_-0.3524end2.71_10.20_-10.24_39.84_-79.57_9.06_23.12_-1.12_36.44_0.8456_0.3812_-0.1130_-0.3563end2.71_10.20_-10.24_36.48_-81.36_10.41_23.12_-1.12_36.44_0.8457_0.3785_-0.1152_-0.3581end2.71_10.20_-10.24_28.09_-75.65_10.07_22.37_-1.12_36.94_0.8456_0.3762_-0.1174_-0.3599end2.71_10.20_-10.24_13.32_-55.84_7.50_22.37_-1.12_36.94_0.8455_0.3744_-0.1194_-0.3615end2.71_10.20_-10.24_28.20_-21.60_6.49_22.37_-1.12_36.94_0.8455_0.3717_-0.1215_-0.3636end3.63_20.00_-11.60_28.20_-21.60_6.49_22.75_-0.13_36.06_0.8455_0.3717_-0.1215_-0.3636end,24.18797723,120.73564699,375.79150390625
2087,,24.18797723,120.73564699,375.79150390625
2088,,24.18797723,120.73564699,375.79150390625
2089,3.63_20.00_-11.60_28.20_-21.60_6.49_22.75_-0.13_36.06_0.8467_0.3704_-0.1185_-0.3630end1.50_21.09_-10.34_28.20_-21.60_6.49_22.75_-0.13_36.06_0.8474_0.3711_-0.1161_-0.3617end5.39_18.51_-7.95_28.20_-21.60_6.49_22.75_-0.13_36.06_0.8480_0.3721_-0.1133_-0.3601end3.86_18.18_-8.81_-4.25_62.00_-7.16_22.75_-0.13_36.06_0.8480_0.3721_-0.1133_-0.3601end2.46_17.31_-9.09_-8.62_39.95_-4.48_22.75_-0.13_36.06_0.8488_0.3751_-0.1082_-0.3567end2.10_16.50_-8.40_-13.32_21.26_-9.40_21.62_-2.19_35.63_0.8488_0.3751_-0.1082_-0.3567end3.03_16.05_-8.52_-13.32_21.26_-9.40_21.62_-2.19_35.63_0.8488_0.3766_-0.1075_-0.3553end2.10_15.74_-8.83_-15.33_-4.70_-11.86_21.62_-2.19_35.63_0.8487,24.18797723,120.73564699,375.79150390625
2090,_0.3771_-0.1078_-0.3547end3.12_15.77_-6.85_-15.33_-4.70_-11.86_21.62_-2.19_35.63_0.8486_0.3776_-0.1085_-0.3543end2.87_15.71_-7.02_-18.35_-7.83_-15.89_21.62_-2.19_35.63_0.8484_0.3785_-0.1102_-0.3532end,24.18797723,120.73564699,375.79150390625
2091,2.10_15.73_-7.11_-18.35_-7.83_-15.89_23.06_-3.94_36.38_0.8484_0.3790_-0.1111_-0.3525end2.45_15.66_-7.78_-18.35_-7.83_-15.89_23.06_-3.94_36.38_0.8483_0.3797_-0.1118_-0.3517end4.23_15.73_-4.39_-18.35_-7.83_-15.89_23.06_-3.94_36.38_0.8483_0.3805_-0.1123_-0.3507end2.08_15.46_-5.07_-31.78_8.73_-18.46_23.06_-3.94_36.38_0.8483_0.3805_-0.1123_-0.3507end2.08_15.46_-5.07_-32.90_22.05_-20.37_23.06_-3.94_36.38_0.8478_0.3839_-0.1137_-0.3478end2.30_14.89_-7.01_-32.90_22.05_-20.37_23.06_-3.94_36.38_0.8477_0.3853_-0.1135_-0.3464end1.85_13.54_-5.18_-32.90_22.05_-20.37_23.06_-3.94_36.38_0.8477_0.3870_-0.1130_-0.3447end1.77_13.35_-5.24_-34.13_45.55_-24.51_23.06_-3.94_36.38_0.8477_0.3870_-0.1130_-0.3447end1.77_13.35_-5.24_-34.58_49.24_-26.41_23.06_-3.94_36.38_0.8478_0.3925_-0.1107_-0.3391end1.82_12.51_-4.54_-34.58_49.24_-26.41_23.06_-3.94_36.38_0.8478_0.3943_-0.1099_-0.3371end,24.18797723,120.73564699,375.79150390625
2092,,24.18797723,120.73564699,375.79150390625
2093,,24.18797723,120.73564699,375.79150390625
2094,1.86_11.81_-3.91_-34.58_49.24_-26.41_23.06_-3.94_36.38_0.8478_0.3943_-0.1099_-0.3371end2.35_11.65_-2.67_-35.59_47.00_-28.31_23.06_-3.94_36.38_0.8478_0.3943_-0.1099_-0.3371end1.73_11.43_-2.48_-35.59_47.00_-28.31_22.37_-4.25_39.94_0.8478_0.3943_-0.1099_-0.3371end1.73_11.43_-2.48_-40.96_43.42_-28.76_22.37_-4.25_39.94_0.8477_0.4037_-0.1067_-0.3271end1.82_10.56_-3.78_-40.96_43.42_-28.76_22.37_-4.25_39.94_0.8477_0.4037_-0.1067_-0.3271end1.58_9.86_-3.38_-40.96_43.42_-28.76_22.37_-4.25_39.94_0.8477_0.4037_-0.1067_-0.3271end1.56_9.58_-2.90_-41.41_56.62_-32.68_22.37_-4.25_39.94_0.8477_0.4037_-0.1067_-0.3271end1.56_9.58_-2.90_-41.41_59.98_-33.80_22.37_-4.25_39.94,24.18797723,120.73564699,375.79150390625
2095,,24.18797723,120.73564699,375.79150390625
2096,_0.8475_0.4120_-0.1038_-0.3182end1.56_9.58_-2.90_-41.41_59.98_-33.80_20.50_-4.62_40.31_0.8475_0.4163_-0.1018_-0.3132end1.59_8.64_-2.88_-42.64_66.02_-35.70_20.50_-4.62_40.31_0.8475_0.4186_-0.1006_-0.3106end1.86_8.05_-2.55_-43.42_66.36_-36.59_19.81_-5.00_39.88_0.8475_0.4186_-0.1006_-0.3106end1.86_8.05_-2.55_-43.42_66.36_-36.59_20.50_-5.31_40.31_0.8474_0.4233_-0.0982_-0.3051end1.64_7.67_-2.57_-45.66_66.70_-37.82_20.50_-5.31_40.31_0.8473_0.4281_-0.0959_-0.2993end1.71_7.27_-2.52_-45.66_66.70_-37.82_20.50_-5.31_40.31_0.8472_0.4305_-0.0947_-0.2964end1.52_6.80_-2.43_-45.66_66.70_-37.82_19.12_-6.00_40.75_0.8472_0.4305_-0.0947_-0.2964end1.81_6.71_-2.61_-50.47_65.02_-44.20_19.12_-5.31_41.19_0.8472_0.4305_-0.0947_-0.2964end1.81_6.71_-2.61_-50.47_65.02_-44.20_18.06_-5.00_39.44_0.8469_0.4380_-0.0916_-0.2872end1.81_6.71_-2.61_-50.47_65.02_-44.20_18.06_-5.00_39.44_0.84,24.18797723,120.73564699,375.79150390625
2097,64_0.4430_-0.0902_-0.2814end1.46_6.14_-4.04_-50.47_65.02_-44.20_17.31_-5.00_39.88_0.8462_0.4453_-0.0898_-0.2786end2.22_5.92_-3.33_-52.93_48.90_-44.54_17.31_-5.00_39.88_0.8462_0.4453_-0.0898_-0.2786end,24.18797723,120.73564699,375.79150390625
2098,1.84_6.02_-2.63_-55.28_49.46_-45.21_19.12_-4.94_42.06_0.8462_0.4453_-0.0898_-0.2786end1.84_6.02_-2.63_-55.28_49.46_-45.21_19.12_-4.94_42.06_0.8456_0.4500_-0.0892_-0.2731end1.84_6.02_-2.63_-59.98_56.51_-48.46_19.12_-4.94_42.06_0.8448_0.4552_-0.0886_-0.2670end1.84_6.02_-2.63_-59.65_59.76_-50.02_16.25_-6.06_39.88_0.8448_0.4552_-0.0886_-0.2670end1.84_6.02_-2.63_-61.55_65.02_-52.15_16.25_-6.06_39.88_0.8436_0.4634_-0.0869_-0.2570end1.88_6.09_-3.59_-64.46_65.58_-53.71_16.25_-6.06_39.88_0.8427_0.4691_-0.0857_-0.2500end1.96_6.17_-3.59_-64.46_65.58_-53.71_16.25_-6.06_39.88_0.8421_0.4722_-0.0850_-0.2463end1.51_6.43_-3.62_-64.46_65.58_-53.71_16.25_-6.06_39.88_0.8416_0.4752_-0.0844_-0.2426end1.35_6.48_-3.50_-71.06_72.85_-57.18_16.25_-6.06_39.88_0.8416_0.4752_-0.0844_-0.2426end1.35_6.48_-3.50_-71.06_72.85_-57.18_14.00_-7.06_42.44_0.8396_0.4849_-0.0821_-0.2308end,24.18797723,120.73564699,375.79150390625
2099,,24.18797723,120.73564699,375.79150390625
2100,1.11_6.59_-3.37_-71.06_72.85_-57.18_14.00_-7.06_42.44_0.8389_0.4882_-0.0812_-0.2267end1.17_6.57_-3.52_-78.45_81.13_-60.88_14.00_-7.06_42.44_0.8389_0.4882_-0.0812_-0.2267end1.09_6.57_-3.57_-80.24_81.92_-61.21_14.00_-7.06_42.44_0.8389_0.4882_-0.0812_-0.2267end1.09_6.57_-3.57_-83.71_83.93_-62.67_13.62_-8.13_42.00_0.8389_0.4882_-0.0812_-0.2267end0.82_6.59_-3.67_-83.71_83.93_-62.67_13.62_-8.13_42.00_0.8344_0.5059_-0.0767_-0.2050end0.70_6.63_-3.62_-87.85_87.73_-64.23_13.62_-8.13_42.00_0.8344_0.5059_-0.0767_-0.2050end0.70_6.63_-3.62_-89.30_88.29_-65.13_13.62_-8.13_42.00_0.8344_0.5059_-0.0767_-0.2050end0.70_6.63_-3.62_-89.30_88.29_-65.13_12.88_-8.44_41.13_0.83,24.18797723,120.73564699,375.79150390625
2101,11_0.5170_-0.0738_-0.1913end0.70_6.63_-3.62_-89.30_88.29_-65.13_11.12_-9.19_41.06_0.8298_0.5210_-0.0729_-0.1865end0.70_6.63_-3.62_-95.01_83.82_-66.70_11.12_-9.19_41.06_0.8270_0.5287_-0.0714_-0.1774end,24.18797723,120.73564699,375.79150390625
2102,0.70_6.77_-3.94_-95.01_83.82_-66.70_11.12_-9.19_41.06_0.8254_0.5327_-0.0709_-0.1727end0.70_6.77_-3.94_-101.27_70.39_-68.37_11.12_-9.19_41.06_0.8239_0.5366_-0.0707_-0.1683end0.67_7.03_-3.91_-101.27_70.39_-68.37_11.12_-9.19_41.06_0.8222_0.5405_-0.0706_-0.1640end0.78_7.25_-3.86_-105.08_62.78_-69.16_11.12_-9.19_41.06_0.8222_0.5405_-0.0706_-0.1640end0.78_7.25_-3.86_-105.08_62.78_-69.16_11.12_-9.19_41.06_0.8165_0.5526_-0.0712_-0.1512end0.78_7.25_-3.86_-105.08_62.78_-69.16_10.00_-11.63_41.50_0.8145_0.5566_-0.0717_-0.1470end0.91_7.75_-3.95_-116.05_49.80_-71.40_10.00_-11.63_41.50_0.8145_0.5566_-0.0717_-0.1470end0.95_7.79_-3.79_-116.05_49.80_-71.40_10.00_-11.63_41.50_0.8101_0.5650_-0.0729_-0.1387end0.95_7.79_-3.79_-120.19_50.13_-71.96_10.00_-11.63_41.50_0.8078_0.5692_-0.0736_-0.1346end0.81_7.93_-3.52_-120.19_50.13_-71.96_10.00_-11.63_41.50_0.8029_0.5778_-0.0750_-0.1262end,24.18797723,120.73564699,375.79150390625
2103,,24.18797723,120.73564699,375.79150390625
2104,,24.18797723,120.73564699,375.79150390625
2105,0.76_7.87_-3.33_-120.19_50.13_-71.96_10.00_-11.63_41.50_0.8029_0.5778_-0.0750_-0.1262end0.76_7.87_-3.33_-125.22_53.16_-72.63_9.63_-14.38_41.88_0.8029_0.5778_-0.0750_-0.1262end0.54_7.70_-3.02_-127.13_55.28_-72.96_9.63_-14.38_41.88_0.8029_0.5778_-0.0750_-0.1262end0.54_7.70_-3.02_-127.13_55.28_-72.96_9.63_-14.38_41.88_0.7896_0.5997,24.18797723,120.73564699,375.79150390625
2106,,24.18797723,120.73564699,375.79150390625
2107,_-0.0780_-0.1045end0.21_7.30_-1.81_-127.13_55.28_-72.96_9.63_-14.38_41.88_0.7866_0.6043_-0.0783_-0.0998end-0.61_7.08_-1.23_-131.15_64.57_-71.17_9.63_-14.38_41.88_0.7837_0.6088_-0.0786_-0.0952end-0.61_7.08_-1.23_-131.04_64.23_-70.50_8.50_-16.19_40.12_0.7837_0.6088_-0.0786_-0.0952end-0.87_7.03_-1.36_-131.04_64.23_-70.50_8.50_-16.19_40.12_0.7745_0.6222_-0.0795_-0.0818end-0.98_7.27_-1.38_-131.04_64.23_-70.50_8.50_-16.19_40.12_0.7714_0.6265_-0.0802_-0.0778end-0.68_7.65_-1.75_-131.04_64.23_-70.50_8.50_-16.19_40.12_0.7681_0.6308_-0.0812_-0.0741end,24.18797723,120.73564699,375.79150390625
2108,,24.18797723,120.73564699,375.79150390625
2109,-1.08_7.95_-2.15_-133.95_16.45_-64.12_8.50_-16.19_40.12_0.7681_0.6308_-0.0812_-0.0741end-1.08_7.95_-2.15_-133.95_16.45_-64.12_8.81_-19.31_39.63_0.7576_0.6436_-0.0867_-0.0652end-1.02_9.05_-1.44_-133.95_16.45_-64.12_8.81_-19.31_39.63_0.7539_0.6478_-0.0892_-0.0630end0.32_9.65_-2.02_-133.95_16.45_-64.12_8.81_-19.31_39.63_0.7539_0.6478_-0.0892_-0.0630end0.32_9.65_-2.02_-133.95_16.45_-64.12_10.25_-21.37_37.81_0.7539_0.6478_-0.0892_-0.0630end0.32_9.65_-2.02_-141.23_-46.22_-57.07_10.25_-21.37_37.81_0.7539_0.6478_-0.0892_-0.0630end0.32_9.65_-2.02_-143.69_-56.74_-52.15_10.25_-21.37_37.81_0.7374_0.6650_-0.1029_-0.0579end0.32_9.65_-2.02_-143.69_-56.74_-52.15_10.63,24.18797723,120.73564699,375.79150390625
2110,,24.18797723,120.73564699,375.79150390625
2111,,24.18797723,120.73564699,375.79150390625
2112,_-22.44_36.00_0.7332_0.6692_-0.1066_-0.0573end0.32_9.65_-2.02_-144.25_-46.33_-49.91_10.63_-22.44_36.00_0.7246_0.6775_-0.1135_-0.0557end0.32_9.65_-2.02_-144.36_-39.73_-48.12_9.88_-23.50_36.06_0.7246_0.6775_-0.1135_-0.0557end0.32_9.65_-2.02_-144.36_-39.73_-48.12_9.88_-23.50_36.06_0.7114_0.6901_-0.1223_-0.0522end0.86_9.09_-1.15_-144.36_-39.73_-48.12_9.88_-23.50_36.06_0.7068_0.6945_-0.1246_-0.0506end0.28_8.98_-0.39_-144.36_-39.73_-48.12_9.88_-23.50_36.06_0.7068_0.6945_-0.1246_-0.0506end0.44_9.09_-0.25_-145.25_-1.90_-45.21_9.88_-23.50_36.06_0.7068_0.6945_-0.1246_-0.0506end0.33_9.14_-0.34_-145.25_-1.90_-45.21_11.69_-25.62_34.69_0.7068_0.6945_-0.1246_-0.0506end0.21_9.09_-0.44_-145.25_-1.90_-45.21_11.69_-25.62_34.69_0.6848_0.7152_-0.1337_-0.0408end0.05_9.04_-0.45_-145.25_-1.90_-45.21_11.31_-26.62_34.69_0.6848_0.7152_-0.1337_-0.0408end0.05_9.04_-0.45_-144.47_-23.16_-37.71_11.31_-,24.18797723,120.73564699,375.79150390625
2113,26.62_34.69_0.6755_0.7234_-0.1376_-0.0377end-0.27_9.36_-0.55_-144.47_-23.16_-37.71_11.31_-26.62_34.69_0.6709_0.7273_-0.1398_-0.0366end-0.27_9.36_-0.55_-144.02_-37.60_-35.59_11.31_-26.62_34.69_0.6613_0.7352_-0.1448_-0.0352end0.04_9.94_-0.42_-144.02_-37.60_-35.59_11.63_-28.06_34.25_0.6613_0.7352_-0.1448_-0.0352end0.04_9.94_-0.42_-142.23_-57.74_-29.77_11.63_-28.06_34.25_0.6516_0.7427_-0.1501_-0.0349end-0.14_10.19_-0.16_-142.12_-61.10_-26.75_11.63_-28.06_34.25_0.6516_0.7427_-0.1501_-0.0349end-0.14_10.19_-0.16_-142.12_-61.10_-26.75_13.75_-29.81_29.37_0.6416_0.7502_-0.1558_-0.0353end0.22_9.89_-0.13_-141.34_-61.77_-25.40_13.75_-29.81_29.37_0.6316_0.7575_-0.1613_-0.0359end0.24_9.65_-0.15_-141.34_-61.77_-25.40_13.75_-29.81_29.37_0.6264_0.7612_-0.1640_-0.0363end-0.05_9.00_0.32_-141.34_-61.77_-25.40_13.75_-29.81_29.37_0.6215_0.7646_-0.1665_-0.0367end-0.13_8.80_0.61_-136.19_-49.91_-19.36_13.75_-29.81_29.37_0.6215_0.7646_-0.1665_-0.0367end-0.13_8.80_0.61_-136.19_-49.91_-19.36_13.75_-29.81_29.37_0.6068_0.7750_-0.1727_-0.0367end-0.27_8.52_0.87_-136.19_-49.91_-19.36_13.75_-29.81_29.37_0.6021_0.7783_-0.1743_-0.0363end,24.18797723,120.73564699,375.79150390625
2114,,24.18797723,120.73564699,375.79150390625
2115,-0.47_8.13_1.23_-136.19_-49.91_-19.36_15.94_-31.94_26.75_0.6021_0.7783_-0.1743_-0.0363end-0.11_8.05_1.76_-129.92_-19.36_-16.11_15.94_-31.94_26.75_0.6021_0.7783_-0.1743_-0.0363end-0.11_8.05_1.76_-129.48_-15.89_-12.53_15.94_-31.94_26.75_0.5883_0.7881_-0.1779_-0.0340end-0.52_7.62_1.33_-129.48_-15.89_-12.53_15.94_-31.94_26.75_0.5838,24.18797723,120.73564699,375.79150390625
2116,_0.7913_-0.1790_-0.0333end-0.52_7.62_1.33_-122.54_-17.68_-9.62_15.94_-31.94_26.75_0.5748_0.7974_-0.1808_-0.0319end-0.80_7.24_1.39_-122.54_-17.68_-9.62_15.94_-31.94_26.75_0.5748_0.7974_-0.1808_-0.0319end-0.80_7.24_1.39_-122.54_-17.68_-9.62_15.50_-34.44_22.37_0.5617_0.8061_-0.1838_-0.0305end-0.60_7.12_1.71_-122.54_-17.68_-9.62_15.50_-34.44_22.37_0.5574_0.8088_-0.1848_-0.0303end-0.54_7.29_1.69_-112.58_-32.12_-2.46_15.50_-34.44_22.37_0.5574_0.8088_-0.1848_-0.0303end-0.57_7.31_1.75_-112.58_-32.12_-2.46_16.25_-36.19_20.94_0.5487_0.8143_-0.1868_-0.0303end,24.18797723,120.73564699,375.79150390625
2117,-0.57_7.31_1.75_-108.55_-32.90_-1.23_16.25_-36.19_20.94_0.5403_0.8195_-0.1888_-0.0308end-0.71_7.39_1.67_-108.55_-32.90_-1.23_16.25_-36.19_20.94_0.5403_0.8195_-0.1888_-0.0308end-0.40_7.64_1.88_-108.55_-32.90_-1.23_16.25_-36.19_20.94_0.5403_0.8195_-0.1888_-0.0308end-0.48_7.73_1.87_-108.55_-32.90_-1.23_16.62_-36.19_20.06_0.5403_0.8,24.18797723,120.73564699,375.79150390625
2118,195_-0.1888_-0.0308end-0.48_7.73_1.87_-98.37_-28.31_4.36_16.62_-36.19_20.06_0.5242_0.8290_-0.1921_-0.0318end-0.57_7.96_1.86_-98.37_-28.31_4.36_15.50_-36.25_18.81_0.5242_0.8290_-0.1921_-0.0318end-0.57_7.96_1.86_-96.57_-27.64_5.04_15.50_-36.25_18.81_0.5128_0.8357_-0.1939_-0.0327end-0.71_7.96_1.71_-96.57_-27.64_5.04_15.50_-36.25_18,24.18797723,120.73564699,375.79150390625
2119,.81_0.5090_0.8379_-0.1943_-0.0329end-0.71_7.96_1.71_-90.08_-22.27_7.39_15.50_-36.25_18.81_0.5056_0.8399_-0.1948_-0.0331end-0.62_8.04_1.93_-90.08_-22.27_7.39_16.25_-36.94_18.37_0.5056_0.8399_-0.1948_-0.0331end,24.18797723,120.73564699,375.79150390625
2120,-0.62_8.04_1.93_-87.73_-21.71_8.39_16.25_-36.94_18.37_0.4953_0.8457_-0.1956_-0.0339end-0.58_7.91_2.32_-80.91_-25.18_11.08_16.25_-36.94_18.37_0.4953_0.8457_-0.1956_-0.0339end-0.42_7.91_2.52_-80.91_-25.18_11.08_16.25_-36.94_18.37_0.4953_0.8457_-0.1956_-0.0339end-0.32_7.91_2.63_-73.19_-32.23_13.09_16.94_-38.00_16.56_0.4953_0.8457_-,24.18797723,120.73564699,375.79150390625
2121,0.1956_-0.0339end-0.32_7.91_2.63_-73.19_-32.23_13.09_16.94_-38.69_15.31_0.4826_0.8527_-0.1967_-0.0364end-0.11_7.83_2.92_-70.05_-35.03_13.88_16.94_-38.69_15.31_0.4767_0.8557_-0.1973_-0.0383end-0.22_7.84_2.99_-70.05_-35.03_13.88_16.94_-38.69_15.31_0.4738_0.8572_-0.1977_-0.0395end-0.27_7.84_3.09_-70.05_-35.03_13.88_16.94_-38.69_15.31_0.4738_0.8572_-0.1977_-0.0395end-0.17_7.87_3.07_-70.05_-35.03_13.88_15.81_-38.06_14.44_0.4660_0.8612_-0.1984_-0.0430end-0.17_7.91_3.13_-70.05_-35.03_13.88_16.94_-39.00_15.31_0.4636_0.8624_-0.1985_-0.0440end,24.18797723,120.73564699,375.79150390625
2122,-0.05_8.05_3.35_-70.05_-35.03_13.88_16.94_-39.00_15.31_0.4636_0.8624_-0.1985_-0.0440end-0.09_8.01_3.27_-70.05_-35.03_13.88_15.81_-39.38_13.94_0.4574_0.8656_-0.1983_-0.0469end-0.13_8.09_3.29_-70.05_-35.03_13.88_16.19_-39.44_12.63_0.4556_0.8666_-0.1981_-0.0477end-0.19_8.21_3.31_-70.05_-35.03_13.88_16.19_-39.44_12.63_0.4556_0.8666_-0.1981_-0.0477end-0.12_8.28_3.28_-70.05_-35.03_13.88_16.19_-39.44_12.63_0.4509_0.8691_-0.1973_-0.0500end-0.12_8.31_3.41_-27.08_-13.09_20.25_15.81_-40.12_12.63_0.4509_0.8691_-0.1973_-0.0500end-0.09_8.25_3.30_-27.08_-13.09_20.25_15.81_-40.12_12.63_0.4496_0.8698_-0.1968_-0.0507end-0.18_8.22_3.20_-27.08_-13.09_20.25_15.81_-40.12_12.63_0.4475_0.8710_-0.1959_-0.0521end-0.07_8.13_3.25_-18.02_-13.32_21.15_15.81_-40.12_12.63_0.4475_0.8710_-0.1959_-0.0521end0.01_8.02_3.34_-14.55_-16.00_21.37_15.81_-40.12_12.63_0.4475_0.8710_-0.1959_-0.0521end,24.18797723,120.73564699,375.79150390625
2123,,24.18797723,120.73564699,375.79150390625
2124,,24.18797723,120.73564699,375.79150390625
2125,0.01_8.02_3.34_-14.55_-16.00_21.37_16.19_-40.12_13.00_0.4450_0.8724_-0.1944_-0.0547end0.01_8.02_3.34_-8.50_-24.17_21.49_16.19_-40.12_13.00_0.4438_0.8730_-0.1937_-0.0572end0.01_8.02_3.34_-2.35_-32.90_22.38_16.19_-40.12_13.00_0.4438_0.8730_-0.1937_-0.0572end0.42_7.24_3.69_0.90_-35.70_22.49_16.19_-40.12_13.00_0.4430_0.8734_-0.1933_,24.18797723,120.73564699,375.79150390625
2126,-0.0605end0.42_7.24_3.69_0.90_-35.70_22.49_16.19_-40.12_13.00_0.4430_0.8734_-0.1933_-0.0605end0.42_7.24_3.69_10.63_-28.09_21.71_16.19_-40.12_13.00_0.4426_0.8734_-0.1930_-0.0641end-0.07_6.69_4.68_10.63_-28.09_21.71_16.19_-40.12_13.00_0.4426_0.8734_-0.1930_-0.0641end0.74_6.02_4.20_10.63_-28.09_21.71_16.19_-40.12_13.00_0.4431_0.8729_-0.1920_-0.0689end0.36_6.01_4.04_20.48_-25.18_21.60_16.19_-40.12_13.00_0.4431_0.8729_-0.1920_-0.0689end0.49_5.78_3.98_20.48_-25.18_21.60_16.19_-40.12_13.00_0.4448_0.8720_-0.1907_-0.0734end,24.18797723,120.73564699,375.79150390625
2127,,24.18797723,120.73564699,375.79150390625
2128,0.39_5.86_3.77_20.48_-25.18_21.60_16.19_-40.12_13.00_0.4457_0.8716_-0.1901_-0.0747end0.43_5.94_3.68_33.35_-11.19_20.14_16.19_-40.12_13.00_0.4457_0.8716_-0.1901_-0.0747end0.39_6.25_3.55_36.37_-9.40_20.14_16.19_-40.12_13.00_0.4457_0.8716_-0.1901_-0.0747end0.39_6.25_3.55_42.64_-12.76_19.92_13.62_-40.12_12.63_0.4492_0.8699_-0.1881_-0.0780end0.39_6.25_3.55_42.64_-12.76_19.92_13.62_-40.12_12.63_0.4520_0.8685_-0.1868_-0.0805end0.41_7.16_3.58_42.64_-12.76_19.92_13.62_-40.12_12.63_0.4520_0.8685_-0.1868_-0.0805end0.57_7.88_3.84_42.64_-12.76_19.92_14.69_-39.44_12.63_0.4520_0.8685_-0.1868_-0.0805end0.57_7.88_3.84_56.06_-41.74_19.25_14.69_-39.44_12.63_0.4585_0.8645,24.18797723,120.73564699,375.79150390625
2129,_-0.1857_-0.0889end0.73_8.29_3.42_56.06_-41.74_19.25_14.31_-39.06_12.63_0.4603_0.8633_-0.1858_-0.0916end0.94_8.37_2.41_56.06_-41.74_19.25_14.31_-39.06_12.63_0.4622_0.8619_-0.1859_-0.0945end,24.18797723,120.73564699,375.79150390625
2130,1.09_8.35_2.14_67.48_-48.34_17.01_14.69_-39.44_12.63_0.4622_0.8619_-0.1859_-0.0945end1.02_8.39_1.95_70.84_-42.19_15.89_14.69_-39.44_12.63_0.4622_0.8619_-0.1859_-0.0945end0.84_8.38_1.44_70.84_-42.19_15.89_15.44_-40.12_13.50_0.4711_0.8560_-0.1855_-0.1041end0.76_8.27_1.29_70.84_-42.19_15.89_14.69_-39.38_15.25_0.4738_0.8545_-0.1849_-0.1057end0.65_8.33_1.06_80.24_4.59_12.98_14.69_-39.38_15.25_0.4738_0.8545_-0.1849_-0.1057end0.59_8.43_0.70_80.24_4.59_12.98_14.69_-39.38_15.25_0.4797_0.8514_-0.1830_-0.1072end0.57_8.51_0.47_80.24_4.59_12.98_14.69_-39.38_15.25_0.4862_0.8484_-0.1802_-0.1069end0.47_8.63_0.47_80.24_4.59_12.98_14.69_-39.38_15.25_0.4897_0.8467_-0.1785_-0.1063end0.42_8.89_0.65_89.75_46.55_11.86_14.69_-39.38_15.25_0.4897_0.8467_-0.1785_-0.1063end0.27_9.01_0.79_91.43_47.00_11.86_14.69_-39.38_15.25_0.4897_0.8467_-0.1785_-0.1063end,24.18797723,120.73564699,375.79150390625
2131,,24.18797723,120.73564699,375.79150390625
2132,0.27_9.01_0.79_94.67_43.20_12.65_14.00_-39.38_16.94_0.4897_0.8467_-0.1785_-0.1063end0.32_9.41_0.78_94.67_43.20_12.65_13.25_-38.69_17.87_0.4897_0.8467_-0.1785_-0.1063end0.32_9.41_0.78_96.35_40.17_12.42_13.25_-38.69_17.87_0.5081_0.8383_-0.1693_-0.1030end0.32_9.41_0.78_98.25_36.59_12.53_13.25_-38.69_17.87_0.5157_0.8344_-0.1658_-0.1024end0.32_9.41_0.78_102.06_28.87_13.32_13.25_-38.69_17.87_0.5195_0.8323_-0.1642_-0.1023end-15.11_32.51_-39.20_102.06_28.87_13.32_13.25_-38.69_17.87_0.5195_0.8323_-0.1642_-0.1023end-15.11_32.51_-39.20_1.01_157.56_-8.50_13.25_-38.69_17.87_0.5291_0.8267_-0.1611_-0.1034end-19.23_4.98_18.58_1.01_157.56_-8.50_13.25_-38.69_17.87_0.533,24.18797723,120.73564699,375.79150390625
2133,1_0.8263_-0.1550_-0.0950end4.09_8.47_35.21_1.01_157.56_-8.50_13.25_-38.69_17.87_0.5336_0.8271_-0.1526_-0.0887end2.05_7.83_1.98_-66.02_137.42_-38.27_13.25_-38.69_17.87_0.5336_0.8271_-0.1526_-0.0887end,24.18797723,120.73564699,375.79150390625
2134,,24.18797723,120.73564699,375.79150390625
2135,2.05_7.83_1.98_4.14_-33.12_-0.34_13.25_-38.69_17.87_0.5336_0.8271_-0.1526_-0.0887end-0.18_5.87_5.14_4.14_-33.12_-0.34_12.56_-37.25_20.94_0.5295_0.8309_-0.1517_-0.0795end3.41_6.71_4.24_4.14_-33.12_-0.34_12.56_-37.25_20.94_0.5301_0.8297_-0.1539_-0.0839end0.86_8.09_3.64_77.33_-147.94_13.76_12.56_-37.25_20.94_0.5301_0.8297_-0.1539_-0.0839end1.83_10.77_7.24_77.33_-147.94_13.76_12.94_-35.88_20.94_0.5328_0.8256_-0.1591_-0.0960end1.83_10.77_7.24_72.18_-62.89_10.52_12.94_-35.88_20.94_0.5363_0.8216_-0.1625_-0.1048end1.54_10.66_11.30_72.18_-62.89_10.52_12.94_-36.25_20.94_0.5383_0.8199_-0.1630_-0.1071end2.13_9.30_13.59_27.64_53.49_-6.27_12.94_-36.25_20.94_0.5383_0,24.18797723,120.73564699,375.79150390625
2136,.8199_-0.1630_-0.1071end0.20_8.95_6.78_22.27_97.92_-10.63_14.38_-37.25_20.06_0.5383_0.8199_-0.1630_-0.1071end0.31_8.58_4.57_16.45_131.04_-15.00_14.38_-37.25_20.06_0.5429_0.8186_-0.1585_-0.1001end,24.18797723,120.73564699,375.79150390625
2137,3.46_8.00_-3.11_16.45_131.04_-15.00_14.38_-37.25_20.06_0.5429_0.8186_-0.1585_-0.1001end-0.54_8.38_0.47_16.45_131.04_-15.00_13.69_-36.94_21.44_0.5429_0.8186_-0.1585_-0.1001end1.19_8.67_1.46_41.29_158.01_-4.48_13.69_-36.94_21.44_0.5429_0.8186_-0.1585_-0.1001end1.19_8.67_1.46_46.89_142.34_-1.01_13.69_-36.94_21.44_0.5539_0.8175_-0.1407_-0.0714end0.00_8.20_0.44_46.89_142.34_-1.01_11.56_-35.88_23.12_0.5539_0.8175_-0.1407_-0.0714end0.00_8.20_0.44_49.57_136.19_0.78_11.56_-35.88_23.12_0.5615_0.8152_-0.1301_-0.0573end-0.27_9.87_2.57_49.57_136.19_0.78_11.56_-35.88_23.12_0.5639_0.8143_-0.1268_-0.0535end-0.27_9.87_2.57_49.57_136.19_0.78_11.56_-35.88_23.12_0.5639_0.8143_-0.1268_-0.0535end-2.64_9.35_5.95_45.21_104.97_6.27_11.56_-35.88_23.12_0.5686_0.8123_-0.1208_-0.0470end-2.64_9.35_5.95_45.21_104.97_6.27_11.19_-35.13_23.62_0.5707_0.8115_-0.1177_-0.0432end,24.18797723,120.73564699,375.79150390625
2138,,24.18797723,120.73564699,375.79150390625
2139,-1.82_9.09_4.28_45.21_104.97_6.27_11.19_-35.13_23.62_0.5707_0.8115_-0.1177_-0.0432end-1.82_9.09_4.28_45.21_104.97_6.27_11.19_-35.13_23.62_0.5779_0.8088_-0.1059_-0.0258end-0.58_8.55_1.56_45.21_104.97_6.27_11.19_-35.13_23.62_0.5797_0.8079_-0.1035_-0.0225end-0.45_8.96_2.40_45.21_104.97_6.27_11.19_-35.13_23.62_0.5797_0.8079_-0.1035_-0.0225end-1.05_9.16_3.13_45.21_104.97_6.27_9.00_-36.19_25.31_0.5848_0.8051_-0.0980_-0.0175end-1.08_9.28_3.84_45.21_104.97_6.27_8.63_-34.13_25.37_0.5864_0.8040_-0.0968_-0.0168end-1.24_9.21_5.13_45.21_104.97_6.27_8.63_-34.13_25.37_0.5880_0.8030_-0.0958_-0.0161end-0.36_9.20_5.07_45.21_104.97_6.27_9.75_-34.44_26.25_0.5880_0.8030_-0,24.18797723,120.73564699,375.79150390625
2140,.0958_-0.0161end-0.36_9.20_5.07_38.27_30.44_-0.90_9.75_-34.44_26.25_0.5909_0.8011_-0.0939_-0.0141end0.65_9.06_4.50_38.27_30.44_-0.90_9.75_-34.44_26.25_0.5939_0.7991_-0.0923_-0.0123end,24.18797723,120.73564699,375.79150390625
2141,,24.18797723,120.73564699,375.79150390625
2142,1.25_9.01_4.00_38.27_30.44_-0.90_9.75_-34.44_26.25_0.5953_0.7982_-0.0917_-0.0119end0.98_9.00_3.93_40.85_6.94_7.39_9.75_-34.44_26.25_0.5953_0.7982_-0.0917_-0.0119end0.53_9.11_4.00_40.85_6.94_7.39_9.75_-34.44_26.25_0.5997_0.7950_-0.0903_-0.0122end0.54_9.15_4.05_41.85_17.23_3.92_7.19_-35.13_27.94_0.6012_0.7939_-0.0898_-0.0121end0.51_9.09_3.79_41.85_17.23_3.92_7.19_-35.13_27.94_0.6012_0.7939_-0.0898_-0.0121end1.42_9.05_3.42_41.96_39.61_-2.24_7.19_-35.13_27.94_0.6012_0.7939_-0.0898_-0.0121end1.52_9.00_3.19_42.41_47.34_-2.69_7.19_-33.69_28.44_0.6012_0.7939_-0.0898_-0.0121end1.52_9.00_3.19_43.53_56.85_-0.34_7.19_-33.69_28.44_0.6076_0.7896_-0.0859_-0.0076end1.,24.18797723,120.73564699,375.79150390625
2143,,24.18797723,120.73564699,375.79150390625
2144,52_9.00_3.19_43.20_59.98_1.12_7.19_-33.69_28.44_0.6093_0.7884_-0.0844_-0.0058end1.52_9.00_3.19_43.20_59.98_1.12_7.56_-33.69_28.44_0.6110_0.7873_-0.0828_-0.0040end,24.18797723,120.73564699,375.79150390625
2145,1.52_9.00_3.19_42.86_77.33_0.56_7.56_-33.69_28.44_0.6144_0.7850_-0.0792_0.0000end1.52_9.00_3.19_42.86_77.33_0.56_7.19_-33.38_27.94_0.6161_0.7838_-0.0772_0.0023end1.52_9.00_3.19_42.97_84.38_-1.57_7.19_-33.38_27.94_0.6179_0.7827_-0.0751_0.0049end1.52_9.00_3.19_42.30_94.67_-4.36_7.19_-33.38_27.94_0.6179_0.7827_-0.0751_0.0049end0.71_9.07_0.72_42.30_94.67_-4.36_7.19_-33.38_27.94_0.6214_0.7803_-0.0704_0.0110end0.75_9.14_0.67_42.30_94.67_-4.36_4.69_-33.69_30.56_0.6214_0.7803_-0.0704_0.0110end0.67_9.16_0.59_42.30_94.67_-4.36_4.69_-33.69_30.56_0.6282_0.7753_-0.0609_0.0232end0.33_9.20_0.21_42.30_94.67_-4.36_4.69_-33.69_30.56_0.6282_0.7753_-0.0609_0.0232end0.34_9.21_0.05_42.30_94.67_-4.36_5.06_-33.00_31.00_0.6282_0.7753_-0.0609_0.0232end0.34_9.21_0.05_42.30_94.67_-4.36_5.06_-33.00_31.00_0.6346_0.7703_-0.0515_0.0349end,24.18797723,120.73564699,375.79150390625
2146,,24.18797723,120.73564699,375.79150390625
2147,0.41_9.31_-0.17_42.30_94.67_-4.36_5.06_-33.00_31.00_0.6346_0.7703_-0.0515_0.0349end0.50_9.26_-0.51_42.30_94.67_-4.36_5.06_-33.00_31.00_0.6376_0.7678_-0.0465_0.0413end0.50_9.26_-0.51_37.71_97.47_-2.57_2.87_-32.63_31.87_0.6376_0.7678_-0.0465_0.0413end0.50_9.26_-0.51_37.71_97.47_-2.57_2.87_-32.63_31.87_0.6420_0.7640_-0.0387_0.0510end0.26_9.37_-0.68_37.71_97.47_-2.57_2.87_-31.69_31.00_0.6420_0.7640_-0.0387_0.0510end0.26_9.37_-0.68_35.14_102.06_-0.90_2.87_-31.69_31.00_0.6433_0.7628_-0.0361_0.0543end0.26_9.37_-0.68_35.14_102.06_-0.90_2.87_-31.69_31.00_0.6459_0.7603_-0.0306_0.0609end0.26_9.37_-0.68_35.14_102.06_-0.90_2.87_-31.69_31.00_0.6472_0.7591_-0.0278_0.,24.18797723,120.73564699,375.79150390625
2148,0643end0.26_9.37_-0.68_34.36_100.94_-2.91_2.87_-31.69_31.00_0.6497_0.7565_-0.0224_0.0710end-0.71_9.41_-0.29_35.14_96.35_-2.80_2.87_-31.69_31.00_0.6497_0.7565_-0.0224_0.0710end,24.18797723,120.73564699,375.79150390625
2149,,24.18797723,120.73564699,375.79150390625
2150,-0.65_9.54_0.02_34.80_81.69_-1.34_2.87_-31.69_31.00_0.6497_0.7565_-0.0224_0.0710end-0.59_9.58_0.34_34.80_81.69_-1.34_2.87_-31.69_31.00_0.6545_0.7513_-0.0129_0.0828end-0.59_9.58_0.34_33.46_69.05_-0.67_-0.44_-30.62_31.50_0.6556_0.7501_-0.0110_0.0851end-0.50_9.57_0.50_32.56_65.13_-1.01_-0.44_-30.62_31.50_0.6556_0.7501_-0.0110_0.0851end-0.16_9.62_0.28_32.56_65.13_-1.01_1.44_-30.94_34.56_0.6556_0.7501_-0.0110_0.0851end-0.16_9.62_0.28_32.56_65.13_-1.01_1.44_-30.94_34.56_0.6599_0.7455_-0.0044_0.0935end0.43_9.50_-0.76_32.56_65.13_-1.01_1.44_-30.94_34.56_0.6608_0.7444_-0.0027_0.0956end0.41_9.49_-1.08_28.54_68.71_-1.90_-1.44_-29.94_33.19_0.6608_0.7444_-0.0027_0.,24.18797723,120.73564699,375.79150390625
2151,0956end0.43_9.54_-1.23_28.42_72.63_-1.57_-1.44_-29.94_33.19_0.6636_0.7411_0.0029_0.1025end0.43_9.54_-1.23_28.42_72.63_-1.57_-1.81_-29.56_32.38_0.6644_0.7399_0.0049_0.1051end,24.18797723,120.73564699,375.79150390625
2152,,24.18797723,120.73564699,375.79150390625
2153,-0.07_9.57_-1.57_28.42_72.63_-1.57_-1.44_-29.94_32.81_0.6644_0.7399_0.0049_0.1051end-0.18_9.56_-1.57_26.63_91.20_-3.36_-1.44_-29.94_32.81_0.6644_0.7399_0.0049_0.1051end-0.18_9.56_-1.57_26.63_91.20_-3.36_-1.44_-29.94_32.81_0.6677_0.7350_0.0144_0.1168end-0.40_9.65_-1.43_26.63_91.20_-3.36_-1.44_-29.94_32.81_0.6685_0.7338_0.0168_0.1197end-0.54_9.64_-1.39_26.63_91.20_-3.36_-2.94_-29.56_34.56_0.6685_0.7338_0.0168_0.1197end-0.54_9.64_-1.39_24.73_87.40_-3.13_-2.94_-29.56_34.56_0.6699_0.7314_0.0214_0.1254end-0.86_9.70_-1.06_24.73_87.40_-3.13_-4.00_-29.25_33.19_0.6699_0.7314_0.0214_0.1254end-0.86_9.70_-1.06_23.39_81.02_-2.57_-4.00_-29.25_33.19_0.6719_0.7281_0.0277_0.1332end-0.86_9.70_-1.06_21.93_69.61_-3.02_-4.00_-29.25_33.19_0.6719_0.7281_0.0277_0.1332end-0.86_9.70_-1.06_21.93_69.61_-3.02_-4.75_-28.87_32.81_0.6730_0.7260_0.0314_0.1378end,24.18801742,120.73566986,374.650146484375
2154,,24.18801742,120.73566986,374.650146484375
2155,-0.83_9.74_-0.80_21.04_58.41_-2.91_-4.75_-28.87_32.81_0.6730_0.7260_0.0314_0.1378end-0.83_9.74_-0.80_21.04_58.41_-2.91_-4.75_-28.87_32.81_0.6747_0.7231_0.0357_0.1434end-0.82_9.73_-0.91_21.04_58.41_-2.91_-4.75_-28.87_32.81_0.6747_0.7231_0.0357_0.1434end-0.87_9.71_-0.94_21.04_58.41_-2.91_-4.37_-27.81_34.13_0.6747_0.7231_0.0357_0.1434end-0.88_9.74_-0.93_21.04_58.41_-2.91_-5.12_-28.87_34.56_0.6768_0.7198_0.0400_0.1490end-0.87_9.74_-0.95_21.04_58.41_-2.91_-5.12_-28.87_34.56_0.6773_0.7191_0.0410_0.1503end-0.81_9.75_-0.89_21.04_58.41_-2.91_-5.87_-28.94_32.38_0.6773_0.7191_0.0410_0.1503end-0.81_9.75_-0.89_21.04_58.41_-2.91_-5.81_-28.19_34.56_0.6782_0.7175_0.04,24.18801742,120.73566986,374.650146484375
2156,28_0.1529end-0.82_9.77_-0.62_21.04_58.41_-2.91_-5.81_-28.19_34.56_0.6791_0.7159_0.0448_0.1555end-0.92_9.78_-0.57_21.04_58.41_-2.91_-5.81_-28.19_34.56_0.6791_0.7159_0.0448_0.1555end,24.18801742,120.73566986,374.650146484375
2157,,24.18801742,120.73566986,374.650146484375
2158,-0.95_9.77_-0.45_21.04_58.41_-2.91_-6.87_-28.19_33.19_0.6791_0.7159_0.0448_0.1555end-0.95_9.77_-0.45_21.04_58.41_-2.91_-6.87_-28.19_33.19_0.6808_0.7129_0.0489_0.1609end-1.00_9.78_-0.53_21.04_58.41_-2.91_-6.87_-28.19_33.19_0.6812_0.7122_0.0499_0.1623end-1.04_9.77_-0.72_14.77_40.73_-3.02_-6.87_-28.19_33.19_0.6812_0.7122_0.0499_0.1,24.18801742,120.73566986,374.650146484375
2159,623end-1.13_9.78_-0.75_14.77_40.73_-3.02_-7.62_-27.87_34.13_0.6823_0.7100_0.0530_0.1663end-1.14_9.79_-0.79_14.77_40.73_-3.02_-7.62_-27.87_34.13_0.6826_0.7094_0.0539_0.1675end-1.20_9.81_-0.83_14.77_40.73_-3.02_-7.62_-27.87_34.13_0.6829_0.7087_0.0547_0.1686end-1.22_9.79_-0.77_14.77_40.73_-3.02_-7.62_-27.87_34.13_0.6833_0.7079_0.05,24.18801742,120.73566986,374.650146484375
2160,,24.18801742,120.73566986,374.650146484375
2161,,24.18801742,120.73566986,374.650146484375
2162,56_0.1698end-1.26_9.81_-0.79_13.32_34.24_-3.02_-7.62_-27.87_34.13_0.6833_0.7079_0.0556_0.1698end-1.26_9.81_-0.79_13.09_34.13_-3.13_-7.62_-27.87_34.13_0.6842_0.7060_0.0581_0.1732end-1.28_9.82_-0.71_13.09_34.13_-3.13_-7.62_-27.87_34.13_0.6845_0.7054_0.0590_0.1743end-1.39_9.81_-0.76_13.09_34.13_-3.13_-7.62_-27.87_34.13_0.6845_0.7054_0.0590_0.1743end-1.45_9.79_-0.83_12.09_37.82_-2.46_-7.62_-27.87_34.13_0.6845_0.7054_0.0590_0.1743end-1.45_9.79_-0.83_12.09_37.82_-2.46_-8.69_-27.87_34.06_0.6856_0.7028_0.0629_0.1793end-1.64_9.82_-0.94_12.09_37.82_-2.46_-8.69_-27.87_34.06_0.6858_0.7021_0.0640_0.1807end-1.67_9.79_-0.93_11.53_47.34_-2.57_-8.31_-27.19_34.13_0.6858_0.7021_0.0640_0.1807end-1.79_9.75_-0.98_11.30_48.68_-2.24_-8.31_-27.19_34.13_0.6858_0.7021_0.0640_0.1807end-1.83_9.84_-0.86_11.30_48.68_-2.24_-8.31_-27.19_34.13_0.6864_0.6999_0.0679_0.1853end-1.83_9.84_-0.86_10.52_49.57_-1.90_-8.31_-27.19_34.13_0.6868_0.6984_0.0706_0.1885end-1.99_9.86_-0.87_10.52_49.57_-1.90_-8.31_-27.19_34.13_0.6870_0.6978_0.0719_0.1900end,24.18801742,120.73566986,374.650146484375
2163,-2.11_9.83_-0.92_10.52_49.57_-1.90_-7.94_-26.81_34.56_0.6870_0.6978_0.0719_0.1900end-2.11_9.83_-0.92_8.28_48.01_-0.34_-7.94_-26.81_34.56_0.6871_0.6970_0.0732_0.1916end-2.13_9.89_-1.21_7.72_46.11_-0.34_-7.94_-26.81_34.56_0.6873_0.6957_0.0760_0.1947end-2.30_9.83_-1.36_7.72_46.11_-0.34_-9.81_-27.50_34.50_0.6874_0.6944_0.0786_0.1975end-2.16_9.86_-1.74_7.72_46.11_-0.34_-9.81_-27.50_34.50_0.6876_0.6933_0.0810_0.1999end-2.16_9.86_-1.74_5.48_33.68_0.34_-9.81_-26.81_34.13_0.6877_0.6928_0.0820_0.2009end-2.09_9.77_-1.84_5.48_33.68_0.34_-9.81_-26.81_34.13_0.6877_0.6924_0.0829_0.2018end-2.09_9.81_-1.73_5.48_33.68_0.34_-10.56_-26.50_32.44_0.6877_0.6924_0.0829_0.2018,24.18801742,120.73566986,374.650146484375
2164,end-2.30_9.82_-1.52_6.04_17.23_1.79_-10.56_-26.50_32.44_0.6877_0.6924_0.0829_0.2018end-2.23_9.83_-1.31_6.27_11.97_2.24_-10.56_-27.56_33.19_0.6877_0.6924_0.0829_0.2018end,24.18801742,120.73566986,374.650146484375
2165,,24.18801742,120.73566986,374.650146484375
2166,-2.15_9.86_-0.88_7.16_7.72_2.24_-10.56_-27.56_33.19_0.6885_0.6907_0.0853_0.2038end-2.15_9.91_-0.23_7.16_7.72_2.24_-10.56_-27.56_33.19_0.6888_0.6905_0.0854_0.2038end-1.98_9.92_0.11_7.16_7.72_2.24_-10.88_-26.50_33.69_0.6888_0.6905_0.0854_0.2038end-1.87_9.90_0.22_7.16_7.72_2.24_-10.88_-26.50_34.56_0.6888_0.6905_0.0854_0.2038end-1.87_9.90_0.22_7.16_7.72_2.24_-10.88_-26.50_34.56_0.6896_0.6897_0.0858_0.2036end-1.69_9.88_0.06_7.16_7.72_2.24_-10.88_-26.50_34.56_0.6898_0.6895_0.0859_0.2035end-1.62_9.86_-0.26_7.16_7.72_2.24_-10.88_-26.50_34.56_0.6898_0.6895_0.0859_0.2035end-1.60_9.84_-0.36_3.92_13.54_3.80_-10.88_-26.50_34.56_0.6898_0.6895_0.0859_0.2035end-1.60_9,24.18801742,120.73566986,374.650146484375
2167,.84_-0.36_3.92_13.54_3.80_-10.88_-26.50_34.56_0.6903_0.6885_0.0875_0.2042end-1.62_9.80_-0.89_3.92_13.54_3.80_-10.56_-26.87_32.81_0.6903_0.6885_0.0875_0.2042end,24.18801742,120.73566986,374.650146484375
2168,,24.18801742,120.73566986,374.650146484375
2169,-1.73_9.83_-1.09_3.92_13.54_3.80_-10.56_-26.87_32.81_0.6904_0.6882_0.0882_0.2046end-1.77_9.86_-1.06_4.70_24.06_4.14_-10.56_-26.87_32.81_0.6904_0.6882_0.0882_0.2046end-1.77_9.86_-1.06_4.70_24.06_4.14_-10.56_-26.87_32.81_0.6907_0.6871_0.0906_0.2062end-1.96_9.88_-0.74_4.70_24.06_4.14_-10.56_-26.87_32.81_0.6909_0.6864_0.0922_0.2073end-1.96_9.88_-0.74_3.58_18.69_4.70_-10.56_-26.87_32.81_0.6910_0.6861_0.0929_0.2078end-1.97_9.86_-0.67_3.58_18.69_4.70_-10.56_-26.87_32.81_0.6910_0.6861_0.0929_0.2078end-1.78_9.84_-0.52_3.58_18.69_4.70_-10.56_-26.87_32.81_0.6910_0.6861_0.0929_0.2078end-1.69_9.86_-0.51_3.58_18.69_4.70_-10.56_-26.87_32.81_0.6915_0.6852_0.0948_0.2084end-1.69_9.86_-0.51_3.58_18.69_4.70_-12.37_-26.87_33.69_0.6916_0.6851_0.0950_0.2083end-1.39_9.86_-0.34_3.58_18.69_4.70_-12.37_-26.87_33.69_0.6918_0.6849_0.0952_0.2081end,24.18801742,120.73566986,374.650146484375
2170,,24.18801742,120.73566986,374.650146484375
2171,-1.32_9.86_-0.27_3.13_-1.23_5.82_-12.37_-26.87_33.69_0.6918_0.6849_0.0952_0.2081end-1.29_9.87_-0.24_3.13_-1.23_5.82_-11.25_-26.87_33.69_0.6921_0.6847_0.0955_0.2076end-1.29_9.87_-0.24_3.13_-1.23_5.82_-11.25_-26.87_33.69_0.6924_0.6844_0.0959_0.2074end-1.30_9.87_-0.26_3.13_-1.23_5.82_-11.25_-26.87_33.69_0.6924_0.6844_0.0959_0.2074end-1.47_9.87_-0.32_3.13_-1.23_5.82_-11.25_-26.87_33.69_0.6926_0.6840_0.0968_0.2075end-1.55_9.84_-0.36_2.91_14.44_6.27_-11.63_-25.50_34.19_0.6926_0.6840_0.0968_0.2075end-1.64_9.86_-0.42_2.80_16.79_6.60_-11.63_-25.50_34.19_0.6929_0.6832_0.0987_0.2083end-1.83_9.86_-0.38_2.80_16.79_6.60_-11.63_-25.50_34.19_0.6929_0.6830_0.0995_0.2086end-1.86_9.87_-0.32_2.80_16.79_6.60_-11.63_-25.50_34.19_0.6930_0.6827_0.1002_0.2090end-1.89_9.88_-0.30_2.80_16.79_6.60_-11.63_-26.50_33.69_0.6930_0.6827_0.1002_0.2090end,24.18801742,120.73566986,374.650146484375
2172,,24.18801742,120.73566986,374.650146484375
