ID,data,latitude,longitude,altitude
1,2.77_-1.66_-9.18_0.11_1.12_-0.11_12.31_25.69_26.25_0.9222_-0.0298_0.1556_-0.3528end2.83_-1.66_-9.17_-0.90_-0.90_0.22_12.31_25.69_26.25_0.9222_-0.0298_0.1556_-0.3528end2.83_-1.66_-9.17_-0.90_-0.90_0.22_13.06_24.94_25.37_0.9221_-0.0297_0.1556_-0.3529end2.83_-1.60_-9.23_-0.22_-0.56_0.34_13.06_24.94_25.37_0.9221_-0.0297_0.1556_-0.3529end2.81_-1.64_-9.20_-0.22_-0.56_0.34_13.06_24.94_25.37_0.9221_-0.0297_0.1556_-0.3530end2.81_-1.64_-9.20_0.11_0.11_0.00_11.25_25.31_24.50_0.9221_-0.0297_0.1556_-0.3530end2.81_-1.64_-9.20_0.00_0.90_0.11_12.69_25.31_25.81_0.9221_-0.0297_0.1556_-0.3530end2.81_-1.64_-9.20_0.00_0.90_0.11_12.69_25.31_25.81_0.9221_-0.0297_0.1557_-0.3531end2.76_-1.68_-9.21_0.00_0.90_0.11_12.69_25.31_25.81_0.9221_-0.0297_0.1557_-0.3531end2.81_-1.69_-9.18_0.45_1.12_0.45_12.69_25.31_25.81_0.9221_-0.0297_0.1557_-0.3531end,0.0,0.0,0.0
2,,0.0,0.0,0.0
3,,0.0,0.0,0.0
4,2.78_-1.68_-9.17_0.45_1.12_0.45_11.94_25.00_26.62_0.9221_-0.0297_0.1557_-0.3531end2.78_-1.68_-9.17_0.45_1.12_0.45_11.94_25.00_26.62_0.9220_-0.0296_0.1560_-0.3532end2.78_-1.69_-9.20_0.45_1.12_0.45_11.94_25.00_26.62_0.9219_-0.0296_0.1561_-0.3533end2.78_-1.69_-9.20_0.45_1.12_0.45_12.31_26.00_26.62_0.9219_-0.0296_0.1561_-0.3533end2.78_-1.69_-9.20_0.45_1.12_0.45_12.31_26.00_26.62_0.9219_-0.0296_0.1562_-0.3533end2.78_-1.69_-9.20_0.45_1.12_0.45_12.31_26.00_26.62_0.9219_-0.0296_0.1563_-0.3533end2.78_-1.66_-9.16_0.45_1.12_0.45_10.88_25.62_24.94_0.9218_-0.0296_0.1564_-0.3534end2.75_-1.64_-9.13_0.45_1.12_0.45_10.88_25.62_24.94_0.9218_-0.0296_0.1564_-0.3534end2.76_-1.69_-9.14_0.45_1.12_0.45_10.88_25.62_24.94_0.9218_-0.0297_0.1565_-0.3535end2.78_-1.66_-9.14_0.45_1.12_0.45_11.56_25.31_24.94_0.9218_-0.0297_0.1565_-0.3535end,0.0,0.0,0.0
5,,0.0,0.0,0.0
6,2.79_-1.69_-9.17_0.67_-0.78_0.45_11.56_25.31_24.94_0.9218_-0.0297_0.1565_-0.3535end2.79_-1.69_-9.17_0.67_-0.78_0.45_11.56_25.31_24.94_0.9218_-0.0298_0.1565_-0.3536end2.79_-1.71_-9.17_0.67_-0.78_0.45_12.31_24.94_25.81_0.9218_-0.0298_0.1565_-0.3536end2.77_-1.70_-9.16_0.67_-0.78_0.45_12.31_24.94_25.81_0.9218_-0.0298_0.1565_-0.3536e,0.0,0.0,0.0
7,nd2.77_-1.70_-9.16_0.67_-0.78_0.45_12.31_24.63_26.25_0.9217_-0.0299_0.1565_-0.3537end2.80_-1.71_-9.16_0.11_-0.90_-0.22_12.31_24.63_26.25_0.9217_-0.0299_0.1564_-0.3537end2.77_-1.69_-9.17_0.34_-0.11_-0.78_12.31_24.63_26.25_0.9217_-0.0299_0.1564_-0.3537end2.75_-1.66_-9.20_0.78_0.11_-0.22_13.44_24.94_26.25_0.9217_-0.0299_0.1564_-0.3537end2.73_-1.64_-9.18_0.78_0.45_-0.45_13.44_24.94_26.25_0.9217_-0.0299_0.1564_-0.3537end2.73_-1.64_-9.18_0.90_0.45_-0.45_11.94_25.00_26.62_0.9217_-0.0300_0.1566_-0.3536end,0.0,0.0,0.0
8,,0.0,0.0,0.0
9,2.76_-1.64_-9.21_0.90_0.45_-0.45_11.94_25.00_26.62_0.9217_-0.0300_0.1567_-0.3536end2.71_-1.64_-9.14_0.90_0.45_-0.45_11.94_25.00_26.62_0.9217_-0.0300_0.1567_-0.3536end2.72_-1.64_-9.14_0.67_0.45_-0.67_12.69_25.62_24.94_0.9217_-0.0300_0.1567_-0.3536end2.72_-1.64_-9.14_0.67_0.45_-0.67_11.94_25.62_24.94_0.9216_-0.0300_0.1569_-0.3536end2.77_-1.66_-9.20_0.56_0.00_-0.45_11.94_25.62_24.94_0.9216_-0.0300_0.1569_-0.3536end2.77_-1.66_-9.17_0.56_0.00_-0.45_11.94_25.62_24.94_0.9216_-0.0300_0.1569_-0.3536end2.80_-1.64_-9.13_0.56_0.00_-0.45_11.94_25.62_24.94_0.9216_-0.0300_0.1569_-0.3536end2.78_-1.66_-9.14_0.56_0.00_-0.45_11.94_25.62_24.94_0.9217_-0.0300_0.1569_-0.3536end2.74_-1.66_-9.12_0.56_0.00_-0.45_11.94_25.62_24.94_0.9217_-0.0300_0.1569_-0.3536end2.75_-1.68_-9.13_0.56_0.00_-0.45_11.94_25.62_24.94_0.9218_-0.0302_0.1569_-0.3534end,0.0,0.0,0.0
10,,0.0,0.0,0.0
11,2.77_-1.68_-9.10_0.56_0.00_-0.45_11.94_25.62_24.94_0.9218_-0.0302_0.1569_-0.3534end2.79_-1.68_-9.14_0.56_0.00_-0.45_11.94_25.62_24.94_0.9218_-0.0302_0.1569_-0.3533end2.80_-1.69_-9.18_0.56_0.00_-0.45_11.94_25.62_24.94_0.9218_-0.0303_0.1568_-0.3531end2.80_-1.66_-9.22_0.56_0.00_-0.45_11.94_25.62_24.94_0.9218_-0.0303_0.1568_-0.3531end2.78_-1.68_-9.24_0.45_-1.12_-2.13_11.94_25.62_24.94_0.9218_-0.0303_0.1568_-0.3531end2.78_-1.68_-9.24_0.56_0.00_-2.91_11.94_25.62_24.94_0.9219_-0.0303_0.1567_-0.3529end2.76_-1.64_-9.21_0.56_0.00_-2.91_11.94_25.62_24.94_0.9220_-0.0303_0.1569_-0.3527end2.80_-1.64_-9.16_0.67_1.12_-2.46_11.94_25.62_24.94_0.9220_-0.0303_0.1569_-0.35,0.0,0.0,0.0
12,27end2.78_-1.64_-9.20_0.45_1.45_-2.80_11.94_25.62_24.94_0.9221_-0.0303_0.1570_-0.3524end2.80_-1.68_-9.21_0.78_2.13_-2.35_11.94_25.62_24.94_0.9221_-0.0303_0.1572_-0.3523end,0.0,0.0,0.0
13,,0.0,0.0,0.0
14,2.80_-1.71_-9.21_0.56_2.13_-2.46_11.94_25.62_24.94_0.9221_-0.0302_0.1573_-0.3522end2.80_-1.69_-9.20_0.56_2.13_-2.46_11.94_25.62_24.94_0.9221_-0.0302_0.1573_-0.3522end2.81_-1.68_-9.17_0.56_2.13_-2.46_11.94_25.62_24.94_0.9221_-0.0302_0.1575_-0.3521end2.78_-1.68_-9.21_1.01_0.11_-2.57_11.94_25.62_24.94_0.9221_-0.0302_0.1575_-0.3521end2.78_-1.68_-9.21_1.01_0.11_-2.57_11.94_25.62_24.94_0.9222_-0.0302_0.1577_-0.3518end2.78_-1.66_-9.18_1.01_0.11_-2.57_11.94_25.62_25.37_0.9222_-0.0303_0.1577_-0.3517end2.79_-1.68_-9.13_2.13_-0.11_-2.57_11.94_25.31_25.31_0.9222_-0.0303_0.1577_-0.3516end2.80_-1.66_-9.12_2.24_-0.45_-2.24_11.94_25.31_25.31_0.9222_-0.0303_0.1577_-0.3,0.0,0.0,0.0
15,516end2.79_-1.68_-9.09_2.24_-0.45_-2.24_11.94_25.31_25.31_0.9224_-0.0306_0.1578_-0.3513end2.78_-1.68_-9.11_2.24_-0.45_-2.24_11.94_25.31_25.31_0.9224_-0.0306_0.1578_-0.3513end,0.0,0.0,0.0
16,,0.0,0.0,0.0
17,2.81_-1.68_-9.09_1.79_-3.13_-2.01_11.94_25.31_25.31_0.9224_-0.0306_0.1578_-0.3513end2.81_-1.68_-9.09_1.90_-2.91_-1.90_11.94_25.31_25.31_0.9224_-0.0309_0.1577_-0.3511end2.81_-1.68_-9.09_1.57_-3.13_-2.13_11.19_25.62_25.44_0.9225_-0.0310_0.1577_-0.3510end2.81_-1.68_-9.09_1.57_-3.13_-2.13_11.19_25.62_25.44_0.9225_-0.0312_0.1575_-0.3508end2.85_-1.71_-9.12_1.57_-3.13_-2.13_11.19_25.62_25.44_0.9226_-0.0312_0.1574_-0.3507end2.86_-1.71_-9.14_1.57_-3.13_-2.13_11.19_25.62_25.44_0.9226_-0.0312_0.1574_-0.3507end2.86_-1.71_-9.14_1.57_-3.13_-2.13_11.19_25.62_25.44_0.9227_-0.0313_0.1573_-0.3505end2.86_-1.73_-9.20_1.57_-3.13_-2.13_11.19_25.62_25.44_0.9228_-0.0313_0.1573_-0.3503end2.84_-1.69_-9.21_1.57_-3.13_-2.13_11.94_26.37_26.25_0.9228_-0.0313_0.1573_-0.3503end2.80_-1.68_-9.16_1.57_-3.13_-2.13_11.56_25.31_25.81_0.9228_-0.0313_0.1573_-0.3503end,0.0,0.0,0.0
18,,0.0,0.0,0.0
19,2.87_-1.68_-9.17_1.57_-3.13_-2.13_11.56_25.31_25.81_0.9229_-0.0313_0.1575_-0.3500end2.82_-1.68_-9.18_1.57_-3.13_-2.13_11.56_25.31_25.81_0.9229_-0.0313_0.1575_-0.3499end2.78_-1.66_-9.14_1.57_-3.13_-2.13_11.56_25.31_25.81_0.9229_-0.0314_0.1575_-0.3499end2.82_-1.66_-9.16_1.23_-0.11_-1.79_11.56_25.31_25.81_0.9229_-0.0314_0.1575_-0.3499end2.82_-1.66_-9.16_1.23_-0.11_-1.79_11.56_25.31_25.81_0.9230_-0.0314_0.1576_-0.3497end2.82_-1.66_-9.16_1.68_-0.78_-1.68_11.56_25.31_25.81_0.9230_-0.0315_0.1577_-0.3495end2.84_-1.68_-9.25_1.68_-0.78_-1.68_11.56_25.31_25.81_0.9230_-0.0315_0.1577_-0.3495end2.88_-1.68_-9.24_1.68_-0.78_-1.68_11.56_25.31_25.81_0.9230_-0.0315_0.157,0.0,0.0,0.0
20,7_-0.3495end2.88_-1.68_-9.24_1.23_-1.23_-1.79_10.88_25.31_24.50_0.9231_-0.0317_0.1576_-0.3494end2.90_-1.66_-9.23_1.23_-1.23_-1.79_10.88_25.31_24.50_0.9232_-0.0317_0.1576_-0.3492end,0.0,0.0,0.0
21,2.90_-1.66_-9.23_1.34_-0.34_-2.01_11.56_27.06_25.88_0.9232_-0.0318_0.1576_-0.3492end2.85_-1.61_-9.20_1.23_-0.11_-2.13_11.56_27.06_25.88_0.9232_-0.0318_0.1576_-0.3492end2.82_-1.64_-9.20_1.79_-0.22_-1.68_11.56_27.06_25.88_0.9232_-0.0318_0.1576_-0.3492end2.86_-1.64_-9.27_1.79_-0.22_-1.68_11.56_27.06_25.88_0.9233_-0.0320_0.1577_-0.3,0.0,0.0,0.0
22,489end2.87_-1.66_-9.24_1.79_-0.22_-1.68_10.88_26.31_24.56_0.9233_-0.0321_0.1576_-0.3488end2.85_-1.64_-9.16_1.79_-0.22_-1.68_10.88_26.31_24.56_0.9233_-0.0322_0.1575_-0.3488end2.85_-1.66_-9.22_1.79_-3.69_-1.23_10.88_26.31_24.56_0.9233_-0.0322_0.1575_-0.3488end2.83_-1.68_-9.21_1.79_-3.69_-1.23_11.94_25.31_25.31_0.9233_-0.0325_0.1573_-0.3487end2.83_-1.68_-9.21_2.57_-1.45_-1.12_11.94_25.31_25.31_0.9234_-0.0326_0.1572_-0.3486end2.84_-1.66_-9.16_2.57_-1.45_-1.12_11.94_25.31_25.31_0.9234_-0.0328_0.1572_-0.3486end,0.0,0.0,0.0
23,,0.0,0.0,0.0
24,,0.0,0.0,0.0
25,2.86_-1.66_-9.12_2.57_-1.45_-1.12_11.94_25.31_25.31_0.9235_-0.0330_0.1572_-0.3485end2.84_-1.69_-9.16_2.46_0.45_-1.57_11.94_25.31_25.31_0.9235_-0.0330_0.1572_-0.3485end2.89_-1.68_-9.12_2.46_0.56_-1.23_11.94_25.31_25.31_0.9235_-0.0330_0.1572_-0.3485end2.89_-1.68_-9.12_2.46_0.56_-1.23_12.31_26.00_25.81_0.9235_-0.0332_0.1575_-0.3483end2.89_-1.68_-9.12_1.90_-0.34_-1.34_12.31_26.00_25.81_0.9235_-0.0333_0.1576_-0.3482end2.85_-1.64_-9.07_1.90_-0.34_-1.34_12.31_26.00_25.81_0.9235_-0.0334_0.1576_-0.3481end2.80_-1.64_-9.10_1.90_-0.34_-1.34_11.56_25.69_27.13_0.9235_-0.0334_0.1576_-0.3481end2.80_-1.64_-9.10_1.90_-0.34_-1.34_11.94_26.00_25.81_0.9235_-0.0336_0.1577_-0.3480end2.82_-1.68_-9.10_1.90_-0.34_-1.34_11.94_26.00_25.81_0.9235_-0.0336_0.1577_-0.3480end2.84_-1.61_-9.11_1.90_-0.34_-1.34_11.94_26.00_25.81_0.9235_-0.0336_0.1577_-0.3480end,0.0,0.0,0.0
26,,0.0,0.0,0.0
27,2.84_-1.61_-9.11_1.57_-0.90_-1.01_10.88_26.00_24.94_0.9235_-0.0336_0.1577_-0.3480end2.84_-1.61_-9.11_1.57_-0.90_-1.01_10.88_26.00_24.94_0.9236_-0.0338_0.1577_-0.3478end2.84_-1.61_-9.11_1.57_-0.90_-1.01_10.88_26.00_24.94_0.9236_-0.0339_0.1577_-0.3477end2.85_-1.68_-9.09_1.57_-0.90_-1.01_11.94_26.37_26.25_0.9236_-0.0339_0.1577_-0.3477end2.85_-1.68_-9.09_0.67_-0.34_-1.45_11.94_26.37_26.25_0.9236_-0.0339_0.1577_-0.3477end2.85_-1.68_-9.08_0.67_-0.34_-1.45_11.94_26.37_26.25_0.9237_-0.0340_0.1578_-0.3475end2.83_-1.66_-9.11_0.67_-0.34_-1.45_11.94_26.37_26.25_0.9237_-0.0341_0.1578_-0.3475end2.82_-1.68_-9.09_0.67_-0.34_-1.45_11.94_26.37_26.25_0.9237_-0.0341_0.1578_-0.3475end2.81_-1.68_-9.09_0.00_-0.45_-1.34_11.94_26.37_26.25_0.9237_-0.0341_0.1578_-0.3475end2.81_-1.68_-9.09_0.00_-0.45_-1.34_11.25_25.31_26.25_0.9238_-0.0341_0.1577_-0.3474end,0.0,0.0,0.0
28,,0.0,0.0,0.0
29,2.86_-1.71_-9.16_0.00_-0.45_-1.34_11.25_25.31_26.25_0.9238_-0.0340_0.1577_-0.3474end2.89_-1.71_-9.24_0.00_-0.45_-1.34_11.25_25.31_26.25_0.9238_-0.0340_0.1577_-0.3473end2.89_-1.68_-9.20_0.00_-0.45_-1.34_11.25_25.31_26.25_0.9238_-0.0339_0.1578_-0.3473end2.86_-1.68_-9.21_0.00_-0.45_-1.34_11.25_25.31_26.25_0.9238_-0.0339_0.1578_-0.3,0.0,0.0,0.0
30,473end2.88_-1.69_-9.22_0.00_-0.45_-1.34_11.25_25.31_26.25_0.9238_-0.0339_0.1579_-0.3472end2.88_-1.69_-9.22_0.00_-0.45_-1.34_11.19_25.62_24.94_0.9238_-0.0339_0.1580_-0.3472end2.85_-1.66_-9.21_0.00_-0.45_-1.34_12.31_26.00_25.37_0.9238_-0.0338_0.1580_-0.3471end2.84_-1.66_-9.16_0.00_-0.45_-1.34_12.31_26.00_25.37_0.9238_-0.0338_0.1581_-0.3471end2.84_-1.66_-9.16_0.34_0.67_-0.78_12.31_24.94_25.31_0.9238_-0.0338_0.1581_-0.3471end2.84_-1.66_-9.16_0.34_0.67_-0.78_12.31_24.94_25.31_0.9238_-0.0338_0.1582_-0.3470end,0.0,0.0,0.0
31,2.83_-1.72_-9.18_0.34_0.67_-0.78_12.31_24.94_25.31_0.9238_-0.0338_0.1583_-0.3470end2.83_-1.72_-9.18_0.22_0.00_-0.56_11.94_25.62_24.94_0.9238_-0.0338_0.1583_-0.3470end2.83_-1.72_-9.18_0.22_0.00_-0.56_11.94_25.62_24.94_0.9238_-0.0338_0.1583_-0.3470end2.83_-1.72_-9.18_0.22_0.00_-0.56_11.94_25.62_24.94_0.9238_-0.0338_0.1583_-0.3470end2.85_-1.74_-9.20_0.22_0.00_-0.56_11.94_25.62_24.94_0.9238_-0.0338_0.1583_-0.3470end2.85_-1.74_-9.20_-0.45_-0.90_-0.67_11.94_25.31_25.31_0.9238_-0.0338_0.1583_-0.3470end2.85_-1.74_-9.20_0.00_-0.34_-0.90_11.94_25.31_25.31_0.9238_-0.0338_0.1581_-0.3469end2.86_-1.70_-9.25_0.34_-0.56_-1.34_12.31_26.37_26.62_0.9238_-0.0338_0.1582_-0.3469end2.86_-1.71_-9.16_0.34_-0.56_-1.34_12.31_26.37_26.62_0.9239_-0.0338_0.1582_-0.3469end2.85_-1.73_-9.21_0.34_-0.56_-1.34_12.31_26.37_26.62_0.9239_-0.0338_0.1582_-0.3468end,0.0,0.0,0.0
32,,0.0,0.0,0.0
33,2.83_-1.72_-9.18_0.90_0.00_-1.23_12.31_24.63_26.62_0.9239_-0.0338_0.1582_-0.3468end2.83_-1.72_-9.18_0.90_0.00_-1.23_12.31_24.63_26.62_0.9239_-0.0338_0.1583_-0.3467end2.83_-1.70_-9.16_0.90_0.00_-1.23_12.31_24.63_26.62_0.9239_-0.0339_0.1583_-0.3467end2.81_-1.73_-9.14_0.90_0.00_-1.23_12.31_24.63_26.62_0.9239_-0.0339_0.1583_-0.3467end2.82_-1.72_-9.13_0.90_0.00_-1.23_12.69_25.31_24.94_0.9239_-0.0339_0.1583_-0.3467end2.78_-1.74_-9.14_1.45_0.45_-1.01_12.69_25.31_24.94_0.9239_-0.0339_0.1585_-0.3466end2.80_-1.71_-9.17_1.45_0.45_-1.01_12.69_25.31_24.94_0.9239_-0.0340_0.1586_-0.3465end2.83_-1.75_-9.17_1.45_0.45_-1.01_12.69_25.31_24.94_0.9240_-0.0340_0.1587_-0.346,0.0,0.0,0.0
34,4end2.82_-1.74_-9.18_1.45_0.45_-1.01_12.69_25.31_24.94_0.9240_-0.0341_0.1588_-0.3464end2.82_-1.74_-9.18_1.45_0.45_-1.01_12.69_25.31_24.94_0.9240_-0.0341_0.1589_-0.3463end,0.0,0.0,0.0
35,,0.0,0.0,0.0
36,2.80_-1.76_-9.18_1.12_1.57_-2.01_11.56_25.62_25.37_0.9240_-0.0341_0.1589_-0.3463end2.80_-1.76_-9.18_1.12_1.57_-2.01_11.56_25.62_25.37_0.9240_-0.0341_0.1591_-0.3462end2.82_-1.74_-9.20_1.12_1.57_-2.01_11.56_25.62_25.37_0.9240_-0.0341_0.1591_-0.3462end2.80_-1.69_-9.14_1.34_1.23_-2.35_11.56_25.62_25.37_0.9240_-0.0341_0.1591_-0.3462end2.80_-1.69_-9.14_1.34_1.23_-2.35_11.56_25.62_25.37_0.9240_-0.0341_0.1594_-0.3458end2.79_-1.76_-9.13_1.34_1.23_-2.35_11.56_25.62_25.37_0.9240_-0.0341_0.1595_-0.3458end2.80_-1.76_-9.11_1.34_1.23_-2.35_11.56_25.62_25.37_0.9240_-0.0341_0.1595_-0.3458end2.78_-1.76_-9.12_1.34_1.23_-2.35_11.56_25.62_25.37_0.9240_-0.0341_0.1595_-0.345,0.0,0.0,0.0
37,8end2.78_-1.79_-9.18_1.34_1.23_-2.35_11.56_25.62_25.37_0.9241_-0.0343_0.1597_-0.3455end2.83_-1.74_-9.13_1.34_1.23_-2.35_11.56_25.62_25.37_0.9241_-0.0344_0.1597_-0.3455end,0.0,0.0,0.0
38,,0.0,0.0,0.0
39,2.84_-1.77_-9.16_1.34_1.23_-2.35_11.56_25.62_25.37_0.9241_-0.0344_0.1598_-0.3454end2.85_-1.77_-9.18_1.34_-0.34_-1.90_11.56_25.62_25.37_0.9241_-0.0344_0.1598_-0.3454end2.81_-1.75_-9.21_1.34_-0.34_-1.90_11.56_25.62_25.37_0.9241_-0.0344_0.1598_-0.3453end2.81_-1.75_-9.21_0.45_-0.90_-1.90_11.19_27.06_24.94_0.9242_-0.0345_0.1598_-0.3452end2.81_-1.69_-9.27_0.45_-0.90_-1.90_11.19_27.06_24.94_0.9243_-0.0345_0.1598_-0.3451end2.85_-1.71_-9.23_0.45_-0.90_-1.90_11.19_27.06_24.94_0.9243_-0.0345_0.1598_-0.3451end2.85_-1.71_-9.23_0.45_-0.90_-1.90_11.56_25.62_25.37_0.9243_-0.0345_0.1599_-0.3448end2.79_-1.73_-9.22_0.45_-0.90_-1.90_11.56_25.62_25.37_0.9243_-0.0344_0.1599_-0.3447end2.81_-1.73_-9.20_0.45_-0.90_-1.90_11.56_25.62_25.37_0.9244_-0.0344_0.1600_-0.3446end2.80_-1.75_-9.16_0.56_-0.45_-1.57_11.56_25.62_25.37_0.9244_-0.0344_0.1600_-0.3445end,0.0,0.0,0.0
40,,0.0,0.0,0.0
41,2.86_-1.81_-9.13_0.56_-0.45_-1.57_11.56_25.62_25.37_0.9244_-0.0344_0.1600_-0.3445end2.87_-1.86_-9.14_0.90_-2.80_-1.57_11.56_25.62_25.37_0.9244_-0.0344_0.1600_-0.3445end2.87_-1.86_-9.14_0.90_-2.80_-1.57_11.94_26.37_25.44_0.9246_-0.0346_0.1597_-0.3443end2.95_-1.87_-9.20_0.90_-2.80_-1.57_11.94_26.37_25.44_0.9246_-0.0347_0.1597_-0.3442end2.93_-1.84_-9.16_2.46_-2.13_-3.13_11.94_26.37_25.44_0.9246_-0.0348_0.1596_-0.3441end2.94_-1.86_-9.16_2.46_-2.13_-3.13_11.94_26.31_24.56_0.9246_-0.0348_0.1596_-0.3441end2.92_-1.82_-9.20_2.46_-2.13_-3.13_11.94_26.31_24.56_0.9248_-0.0351_0.1597_-0.3436end2.91_-1.74_-9.18_2.46_-2.13_-3.13_11.94_26.31_24.56_0.9248_-0.0351_0.1597_-0.3436end2.91_-1.71_-9.18_5.37_0.34_-4.59_11.94_26.31_24.56_0.9248_-0.0351_0.1597_-0.3436end2.92_-1.72_-9.20_5.37_0.34_-4.59_12.31_26.00_26.25_0.9250_-0.0358_0.1602_-0.3428end,0.0,0.0,0.0
42,,0.0,0.0,0.0
43,2.93_-1.68_-9.17_5.37_0.34_-4.59_12.31_26.00_26.25_0.9250_-0.0359_0.1603_-0.3425end2.90_-1.62_-9.16_5.37_0.34_-4.59_12.31_26.00_26.25_0.9250_-0.0362_0.1603_-0.3423end2.96_-1.62_-9.17_5.37_0.34_-4.59_11.56_24.25_24.50_0.9251_-0.0365_0.1604_-0.3422end2.95_-1.58_-9.11_6.83_-0.45_-3.58_11.56_24.25_24.50_0.9251_-0.0365_0.1604_-0.3422end2.95_-1.58_-9.11_6.83_-0.45_-3.58_11.56_24.25_24.50_0.9252_-0.0372_0.1607_-0.3416end2.98_-1.57_-9.11_6.83_-0.45_-3.58_11.56_26.69_25.81_0.9253_-0.0375_0.1608_-0.3414end2.98_-1.57_-9.11_6.60_-0.11_-4.25_11.56_26.69_25.81_0.9253_-0.0375_0.1608_-0.3414end2.98_-1.57_-9.04_6.60_-0.11_-4.25_11.56_26.69_25.81_0.9254_-0.0379_0.1611_-0.3410end2.98_-1.57_-9.04_6.60_-0.56_-5.15_10.50_25.69_25.37_0.9255_-0.0384_0.1613_-0.3405end2.95_-1.56_-8.96_6.60_-0.56_-5.15_10.50_25.69_25.37_0.9255_-0.0384_0.1613_-0.3405end,0.0,0.0,0.0
44,,0.0,0.0,0.0
45,,0.0,0.0,0.0
46,2.94_-1.59_-8.95_6.60_-0.56_-5.15_10.50_25.69_25.37_0.9257_-0.0388_0.1614_-0.3400end2.93_-1.58_-8.93_5.04_-0.45_-6.04_10.50_25.69_25.37_0.9257_-0.0388_0.1614_-0.3400end2.90_-1.58_-8.96_4.92_0.11_-5.93_10.50_25.69_25.37_0.9259_-0.0392_0.1617_-0.3392end2.92_-1.62_-8.87_4.92_0.11_-5.93_10.88_26.00_25.81_0.9260_-0.0394_0.1618_-0.3389end2.88_-1.68_-8.82_4.92_0.11_-5.93_10.88_26.00_25.81_0.9260_-0.0394_0.1618_-0.3389end2.88_-1.68_-8.82_3.25_1.90_-6.15_10.88_26.00_25.81_0.9260_-0.0394_0.1618_-0.3389end2.87_-1.69_-8.81_3.25_1.90_-6.15_10.88_26.00_25.81_0.9262_-0.0396_0.1624_-0.3379end2.87_-1.78_-8.79_3.25_1.90_-6.15_10.88_26.00_25.81_0.9262_-0.0396_0.1624_-0.3379end2.86_-1.79_-8.86_3.25_1.90_-6.15_10.88_26.00_25.81_0.9264_-0.0395_0.1629_-0.3372end2.85_-1.78_-8.87_3.25_1.90_-6.15_11.19_25.69_25.81_0.9265_-0.0394_0.1631_-0.3370end,0.0,0.0,0.0
47,,0.0,0.0,0.0
48,2.85_-1.80_-8.90_3.25_1.90_-6.15_11.19_25.69_25.81_0.9265_-0.0394_0.1631_-0.3370end2.84_-1.76_-8.91_-1.12_4.14_-5.48_11.19_25.69_25.81_0.9265_-0.0394_0.1631_-0.3370end2.84_-1.76_-8.91_-1.12_4.14_-5.48_11.56_26.00_24.94_0.9266_-0.0390_0.1636_-0.3364end2.80_-1.71_-8.93_-2.01_3.58_-5.04_11.56_26.00_24.94_0.9267_-0.0386_0.1639_-0.3361end2.81_-1.74_-8.92_-2.01_3.58_-5.04_11.56_26.00_24.94_0.9267_-0.0385_0.1639_-0.3359end2.80_-1.73_-8.99_-2.01_3.58_-5.04_11.56_26.00_24.94_0.9267_-0.0385_0.1639_-0.3359end2.79_-1.73_-8.96_-2.01_3.58_-5.04_11.56_26.00_24.94_0.9268_-0.0380_0.1641_-0.3356end2.80_-1.76_-9.00_-2.01_3.58_-5.04_11.56_26.00_24.94_0.9269_-0.0378_0.1642_-0.3355end2.85_-1.74_-9.17_-2.01_3.58_-5.04_11.56_26.00_24.94_0.9269_-0.0377_0.1642_-0.3354end2.85_-1.74_-9.17_-3.36_0.22_-1.45_10.50_26.37_25.81_0.9269_-0.0377_0.1642_-0.3354end,0.0,0.0,0.0
49,,0.0,0.0,0.0
50,,0.0,0.0,0.0
51,2.85_-1.74_-9.17_-3.36_0.22_-1.45_11.19_26.00_25.37_0.9269_-0.0374_0.1641_-0.3354end2.88_-1.66_-9.20_-3.36_0.22_-1.45_11.19_26.00_25.37_0.9269_-0.0371_0.1641_-0.3354end2.88_-1.66_-9.20_-3.36_0.22_-1.45_10.88_26.69_24.56_0.9269_-0.0370_0.1641_-0.3354end2.88_-1.66_-9.20_-3.36_0.22_-1.45_10.50_26.00_24.94_0.9269_-0.0369_0.1641_-0.3354end2.85_-1.68_-9.30_-3.36_0.22_-1.45_10.50_26.00_24.94_0.9269_-0.0369_0.1641_-0.3355end2.85_-1.68_-9.30_-3.36_0.22_-1.45_9.75_26.37_25.81_0.9269_-0.0368_0.1640_-0.3355end2.85_-1.68_-9.30_-3.36_0.22_-1.45_10.50_26.37_24.56_0.9269_-0.0368_0.1639_-0.3356end2.88_-1.68_-9.34_-3.36_0.22_-1.45_10.50_26.37_24.56_0.9269_-0.0369_0.1637,0.0,0.0,0.0
52,_-0.3356end2.90_-1.71_-9.39_-0.34_-3.69_0.78_10.13_27.44_25.88_0.9269_-0.0369_0.1637_-0.3356end2.95_-1.72_-9.39_-0.34_-3.69_0.78_10.13_27.44_25.88_0.9269_-0.0370_0.1633_-0.3358end,0.0,0.0,0.0
53,,0.0,0.0,0.0
54,2.97_-1.75_-9.38_-0.34_-3.69_0.78_12.31_26.69_24.94_0.9269_-0.0370_0.1631_-0.3358end2.97_-1.73_-9.35_-0.56_-2.01_-0.22_12.31_26.69_24.94_0.9269_-0.0370_0.1630_-0.3358end2.99_-1.72_-9.41_-0.56_-2.01_-0.22_12.31_26.69_24.94_0.9269_-0.0370_0.1630_-0.3358end3.02_-1.70_-9.46_0.00_-0.90_-0.78_12.31_26.69_24.94_0.9269_-0.0370_0.1630_-0.3358end3.02_-1.70_-9.46_0.78_1.45_-1.45_12.31_26.69_24.94_0.9270_-0.0369_0.1630_-0.3358end3.02_-1.70_-9.46_0.78_1.45_-1.45_12.31_26.69_24.94_0.9270_-0.0369_0.1631_-0.3357end3.02_-1.68_-9.42_0.78_1.45_-1.45_12.31_26.69_24.94_0.9270_-0.0370_0.1632_-0.3356end3.04_-1.69_-9.41_0.78_1.45_-1.45_12.31_26.69_24.94_0.9270_-0.0370_0.1632_-0.3356end3.04_-1.69_-9.41_0.78_1.45_-1.45_11.19_26.37_24.94_0.9270_-0.0371_0.1636_-0.3354end3.02_-1.71_-9.27_0.78_1.45_-1.45_11.19_26.37_24.94_0.9270_-0.0372_0.1638_-0.3354end,0.0,0.0,0.0
55,,0.0,0.0,0.0
56,,0.0,0.0,0.0
57,3.00_-1.70_-9.27_0.78_1.45_-1.45_11.19_26.37_24.94_0.9270_-0.0372_0.1638_-0.3354end3.00_-1.70_-9.27_3.92_2.13_-0.67_11.19_26.37_24.94_0.9269_-0.0375_0.1643_-0.3353end2.97_-1.72_-9.07_3.92_2.13_-0.67_11.19_26.37_24.94_0.9269_-0.0377_0.1644_-0.3352end2.89_-1.74_-9.07_3.92_2.13_-0.67_10.88_25.69_25.37_0.9269_-0.0377_0.1644_-0.3352end2.92_-1.76_-9.07_3.80_-0.11_0.34_10.88_25.69_25.37_0.9269_-0.0377_0.1644_-0.3352end2.92_-1.76_-9.07_3.80_-0.11_0.34_10.88_26.00_24.94_0.9269_-0.0381_0.1647_-0.3352end2.92_-1.76_-9.07_3.80_-0.11_0.34_10.88_26.00_24.94_0.9268_-0.0384_0.1647_-0.3353end2.94_-1.75_-9.07_3.80_-0.11_0.34_11.19_26.37_25.81_0.9268_-0.0385_0.1647_-0.3353end2.96_-1.76_-9.11_2.91_-2.46_1.45_11.19_26.37_25.81_0.9268_-0.0385_0.1647_-0.3353end2.96_-1.76_-9.11_2.46_-2.01_1.79_10.88_26.37_25.44_0.9268_-0.0385_0.1647_-0.3353end,0.0,0.0,0.0
58,,0.0,0.0,0.0
59,2.96_-1.76_-9.11_2.46_-2.01_1.79_11.56_25.62_25.37_0.9268_-0.0390_0.1645_-0.3354end2.98_-1.71_-9.11_2.46_-2.01_1.79_11.56_25.62_25.37_0.9268_-0.0390_0.1645_-0.3354end2.97_-1.71_-9.09_2.46_-2.01_1.79_11.56_25.62_25.37_0.9267_-0.0392_0.1646_-0.3356end2.96_-1.72_-9.07_2.35_1.57_1.23_11.56_25.62_25.37_0.9267_-0.0392_0.1646_-0.3356end2.96_-1.72_-9.07_2.35_2.01_1.79_11.56_25.62_25.37_0.9266_-0.0395_0.1649_-0.3357end2.97_-1.73_-9.05_2.35_2.01_1.79_11.19_26.00_25.44_0.9265_-0.0396_0.1650_-0.3358end2.97_-1.81_-9.09_2.13_2.01_2.46_11.19_26.00_25.44_0.9265_-0.0396_0.1650_-0.3358end2.95_-1.78_-9.12_2.13_2.01_2.46_11.19_26.00_25.44_0.9263_-0.0397_0.1653_-0.3361end2,0.0,0.0,0.0
60,.92_-1.74_-9.12_2.13_2.01_2.46_10.88_26.37_25.37_0.9263_-0.0397_0.1655_-0.3362end2.98_-1.70_-9.12_1.68_2.80_4.48_10.88_26.37_25.37_0.9261_-0.0399_0.1658_-0.3366end,0.0,0.0,0.0
61,2.98_-1.70_-9.12_1.45_2.91_5.37_10.88_26.37_25.81_0.9261_-0.0399_0.1658_-0.3366end2.90_-1.64_-9.16_1.45_2.91_5.37_10.88_26.37_25.81_0.9261_-0.0399_0.1658_-0.3366end2.91_-1.66_-9.17_1.68_3.92_6.60_10.88_26.37_25.81_0.9261_-0.0399_0.1658_-0.3366end2.87_-1.59_-9.13_1.68_3.92_6.60_10.88_26.37_25.81_0.9255_-0.0401_0.1666_-0.3379end2.87_-1.60_-9.13_1.68_3.92_6.60_10.88_26.37_25.81_0.9253_-0.0402_0.1667_-0.3382end2.83_-1.62_-9.17_1.01_0.45_9.29_10.88_26.37_25.81_0.9253_-0.0402_0.1667_-0.3382end2.88_-1.64_-9.17_0.45_-1.23_9.85_10.88_26.37_25.81_0.9249_-0.0404_0.1667_-0.3394end2.86_-1.59_-9.16_-0.45_-3.13_10.30_11.56_26.00_24.94_0.9249_-0.0404_0.1667_-0.3394end2.86_-1.59_-9.16_-0.45_-3.13_10.30_11.56_26.00_24.94_0.9246_-0.0406_0.1664_-0.3403end2.85_-1.59_-9.16_-0.45_-3.13_10.30_10.13_26.69_24.94_0.9246_-0.0406_0.1664_-0.3403end,0.0,0.0,0.0
62,,0.0,0.0,0.0
63,2.85_-1.59_-9.16_-1.01_-3.02_11.19_10.81_27.06_24.06_0.9246_-0.0406_0.1664_-0.3403end2.85_-1.59_-9.16_-1.01_-3.25_11.86_10.81_27.06_24.06_0.9240_-0.0410_0.1659_-0.3421end2.79_-1.53_-9.11_-1.01_-3.25_11.86_10.81_27.06_24.06_0.9238_-0.0410_0.1657_-0.3426end2.70_-1.50_-9.08_-1.01_-3.25_11.86_10.81_27.06_24.06_0.9238_-0.0410_0.1657_-0.3426end2.69_-1.56_-9.08_-1.01_-3.25_11.86_11.56_26.37_25.81_0.9233_-0.0412_0.1652_-0.3441end2.69_-1.57_-9.09_-2.35_-3.13_12.87_11.56_26.37_25.81_0.9232_-0.0413_0.1650_-0.3447end2.66_-1.55_-8.99_-2.35_-3.13_12.87_11.56_26.37_25.81_0.9230_-0.0413_0.1648_-0.3452end2.59_-1.58_-8.88_-2.35_-3.13_12.87_11.94_26.69_24.06_0.9230_-0.0413_0.1648_-0.3452end2.59_-1.58_-8.88_-2.35_-3.13_12.87_11.94_26.69_24.06_0.9225_-0.0413_0.1644_-0.3469end2.57_-1.57_-8.83_-2.35_-3.13_12.87_11.94_26.69_24.06_0.9225_-0.0413_0.1644_-0.3469end,0.0,0.0,0.0
64,,0.0,0.0,0.0
65,2.52_-1.66_-8.76_-2.35_-3.13_12.87_11.94_26.69_24.06_0.9223_-0.0413_0.1642_-0.3475end2.49_-1.68_-8.74_-4.81_-3.13_13.43_11.94_26.69_24.06_0.9219_-0.0412_0.1639_-0.3486end2.49_-1.68_-8.74_-5.71_-3.80_13.32_11.94_26.69_24.06_0.9216_-0.0411_0.1635_-0.3497end2.48_-1.77_-8.73_-6.49_-4.14_12.98_11.94_26.69_24.06_0.9214_-0.0410_0.1632_,0.0,0.0,0.0
66,-0.3503end2.47_-1.77_-8.71_-6.49_-4.14_12.98_11.94_26.69_24.06_0.9212_-0.0408_0.1629_-0.3509end2.45_-1.77_-8.70_-7.72_-5.15_12.09_11.94_26.69_24.06_0.9212_-0.0408_0.1629_-0.3509end2.45_-1.77_-8.70_-7.72_-5.15_12.09_12.31_26.00_26.62_0.9208_-0.0403_0.1619_-0.3525end2.38_-1.80_-8.64_-7.72_-5.15_12.09_12.31_26.00_26.62_0.9207_-0.0402_0.1616_-0.3530end2.34_-1.79_-8.65_-9.51_-6.71_10.07_11.19_26.00_25.37_0.9207_-0.0402_0.1616_-0.3530end2.34_-1.79_-8.65_-10.07_-7.27_9.40_11.19_25.69_26.25_0.9207_-0.0402_0.1616_-0.3530end,0.0,0.0,0.0
67,,0.0,0.0,0.0
68,2.34_-1.79_-8.65_-10.07_-7.27_9.40_11.19_25.69_26.25_0.9203_-0.0392_0.1597_-0.3548end2.27_-1.81_-8.59_-10.07_-7.27_9.40_11.94_26.69_25.37_0.9203_-0.0389_0.1591_-0.3552end2.18_-1.81_-8.57_-10.07_-7.27_9.40_11.94_26.69_25.37_0.9203_-0.0386_0.1584_-0.3557end2.19_-1.87_-8.59_-15.00_-15.00_8.73_11.94_26.69_25.37_0.9203_-0.0386_0.1584,0.0,0.0,0.0
69,_-0.3557end2.19_-1.87_-8.59_-15.00_-15.00_8.73_12.69_24.94_24.50_0.9203_-0.0375_0.1558_-0.3570end2.25_-1.92_-8.96_-15.00_-15.00_8.73_12.69_24.94_24.50_0.9203_-0.0372_0.1547_-0.3574end2.28_-1.92_-9.04_-15.00_-15.00_8.73_12.31_25.62_24.94_0.9203_-0.0367_0.1537_-0.3578end2.43_-1.87_-9.17_-22.49_-17.79_6.83_12.31_25.62_24.94_0.9203_-0.0367_0.1537_-0.3578end2.43_-1.87_-9.17_-22.49_-17.79_6.83_13.06_25.62_25.44_0.9205_-0.0348_0.1506_-0.3589end2.39_-1.71_-9.34_-22.49_-17.79_6.83_13.06_25.62_25.44_0.9205_-0.0341_0.1496_-0.3593end2.36_-1.61_-9.43_-22.49_-17.79_6.83_13.06_25.62_25.44_0.9205_-0.0341_0.1496_-0.3593end2.38_-1.60_-9.48_-22.49_-17.79_6.83_13.06_25.62_25.44_0.9207_-0.0324_0.1479_-0.3597end2.36_-1.58_-9.50_-22.94_-5.26_-2.24_13.06_25.62_25.44_0.9207_-0.0324_0.1479_-0.3597end2.36_-1.58_-9.50_-22.94_-5.26_-2.24_13.06_25.62_25.44_0.9210_-0.0298_0.1,0.0,0.0,0.0
70,462_-0.3599end2.38_-1.58_-9.46_-21.82_-4.36_-3.47_12.31_24.94_25.37_0.9210_-0.0298_0.1462_-0.3599end2.32_-1.53_-9.55_-21.82_-4.36_-3.47_12.31_24.94_25.37_0.9212_-0.0282_0.1452_-0.3599end2.36_-1.52_-9.60_-20.59_-5.15_-4.70_12.31_24.94_25.37_0.9212_-0.0282_0.1452_-0.3599end2.39_-1.48_-9.52_-20.59_-5.15_-4.70_12.69_25.31_24.94_0.9216_-0.0259_0.1436_-0.3597end2.36_-1.46_-9.47_-20.59_-5.15_-4.70_12.69_25.31_24.94_0.9218_-0.0253_0.1429_-0.3596end2.40_-1.50_-9.41_-16.56_-12.76_-6.15_12.69_25.31_24.94_0.9218_-0.0253_0.1429_-0.3596end,0.0,0.0,0.0
71,,0.0,0.0,0.0
72,,0.0,0.0,0.0
73,2.40_-1.50_-9.41_-16.56_-12.76_-6.15_12.69_24.63_26.25_0.9221_-0.0241_0.1415_-0.3594end2.30_-1.58_-9.21_-16.56_-12.76_-6.15_12.69_24.63_26.25_0.9225_-0.0232_0.1399_-0.3591end2.36_-1.64_-9.34_-15.78_-19.36_-6.60_12.69_24.63_26.25_0.9225_-0.0232_0.1399_-0.3591end2.34_-1.62_-9.43_-16.11_-22.72_-6.83_12.69_24.63_26.25_0.9225_-0.0232_0.1399_-0.3591end2.32_-1.38_-9.43_-16.11_-22.72_-6.83_12.69_24.63_26.25_0.9225_-0.0232_0.1399_-0.3591end2.32_-1.38_-9.43_-16.11_-22.72_-6.83_12.69_24.63_26.25_0.9238_-0.0214_0.1343_-0.3580end2.32_-1.60_-9.43_-16.11_-22.72_-6.83_14.19_24.25_27.13_0.9240_-0.0211_0.1332_-0.3578end2.30_-1.54_-9.46_-16.11_-22.72_-6.83_12.69_25.31_26.25_0.9243_-0.0206_0.1321_-0.3575end2.32_-1.50_-9.47_-16.11_-22.72_-6.83_12.69_25.31_26.25_0.9243_-0.0206_0.1321_-0.3575end2.32_-1.38_-9.41_-16.11_-22.72_-6.83_12.69_25.31_26.25_0.9252_-0.0192_0.1296_-0.3563end,0.0,0.0,0.0
74,,0.0,0.0,0.0
75,2.30_-1.36_-9.46_-16.11_-22.72_-6.83_13.44_24.25_25.31_0.9255_-0.0187_0.1288_-0.3558end2.26_-1.33_-9.46_-13.32_-16.67_-14.44_13.44_24.25_25.31_0.9255_-0.0187_0.1288_-0.3558end2.26_-1.33_-9.46_-12.98_-17.68_-14.88_13.44_24.25_25.31_0.9261_-0.0179_0.1272_-0.3548end2.26_-1.33_-9.46_-12.98_-17.68_-14.88_13.81_24.25_26.69_0.9268_-0.0173_0.1254_-0.3538end2.25_-1.36_-9.43_-12.31_-17.35_-15.11_13.81_24.25_26.69_0.9268_-0.0173_0.1254_-0.3538end2.25_-1.39_-9.46_-11.19_-16.56_-15.67_13.81_24.25_26.69_0.9268_-0.0173_0.1254_-0.3538end2.28_-1.39_-9.43_-10.85_-15.22_-15.67_13.06_24.63_26.25_0.9268_-0.0173_0.1254_-0.3538end2.28_-1.39_-9.41_-10.41_-13.43_-16.45_13.06_2,0.0,0.0,0.0
76,4.63_26.25_0.9283_-0.0157_0.1216_-0.3509end2.30_-1.39_-9.50_-10.41_-13.43_-16.45_13.06_24.94_25.37_0.9287_-0.0154_0.1210_-0.3502end2.32_-1.33_-9.44_-8.95_-8.50_-17.79_13.06_24.94_25.37_0.9287_-0.0154_0.1210_-0.3502end,0.0,0.0,0.0
77,2.29_-1.34_-9.45_-8.95_-8.50_-17.79_13.06_24.63_25.81_0.9287_-0.0154_0.1210_-0.3502end2.28_-1.34_-9.42_-8.95_-8.50_-17.79_13.06_24.63_25.81_0.9299_-0.0140_0.1195_-0.3475end2.23_-1.32_-9.37_-8.95_-8.50_-17.79_13.44_24.25_26.62_0.9302_-0.0136_0.1193_-0.3467end2.20_-1.28_-9.35_-8.95_-8.50_-17.79_13.06_23.94_26.19_0.9305_-0.0132_0.1191_-0.3460end2.22_-1.28_-9.33_-7.61_0.00_-20.70_13.06_23.94_26.19_0.9305_-0.0132_0.1191_-0.3460end2.23_-1.36_-9.37_-7.95_-0.11_-20.59_13.06_23.94_26.19_0.9315_-0.0119_0.1188_-0.3436end2.27_-1.39_-9.34_-8.73_-0.90_-20.81_13.06_23.94_26.19_0.9315_-0.0119_0.1188_-0.3436end2.27_-1.43_-9.39_-8.73_-0.90_-20.81_13.06_23.94_26.19_0.9321_-0.0110_0.1185_-0.3420end2.32_-1.45_-9.44_-10.18_-2.46_-21.15_12.69_23.94_26.19_0.9321_-0.0110_0.1185_-0.3420end2.34_-1.43_-9.42_-10.97_-2.80_-21.60_11.63_23.94_26.62_0.9321_-0.0110_0.1185_-0.3420end,0.0,0.0,0.0
78,,0.0,0.0,0.0
79,,0.0,0.0,0.0
80,2.34_-1.43_-9.45_-11.30_-2.57_-22.38_11.63_23.94_26.62_0.9335_-0.0089_0.1176_-0.3387end2.36_-1.43_-9.41_-11.30_-2.57_-22.38_11.63_23.94_26.62_0.9338_-0.0083_0.1173_-0.3379end2.34_-1.45_-9.39_-11.30_-2.57_-22.38_11.63_23.94_26.62_0.9338_-0.0083_0.1173_-0.3379end2.34_-1.45_-9.39_-12.87_-3.25_-24.51_13.06_24.25_25.81_0.9338_-0.0083_0.1173_-0.3379end2.34_-1.45_-9.39_-12.87_-3.25_-24.51_11.94_24.25_27.13_0.9349_-0.0065_0.1165_-0.3351end2.34_-1.45_-9.39_-12.87_-3.25_-24.51_11.94_24.25_27.13_0.9357_-0.0052_0.1157_-0.3333end2.30_-1.30_-9.41_-12.87_-3.25_-24.51_12.69_24.25_27.50_0.9360_-0.0046_0.1153_-0.3324end2.30_-1.23_-9.42_-13.76_-7.50_-23.95_12.69_24.25_27.50_0.9360_-0.0046_0.1153_-0.3324end2.28_-1.17_-9.41_-13.76_-7.50_-23.95_12.69_24.25_27.50_0.9360_-0.0046_0.1153_-0.3324end2.28_-1.17_-9.41_-13.76_-7.50_-23.95_11.56_24.31_27.50_0.9372_-0.0029_0.1139_-0.3297end,0.0,0.0,0.0
81,2.28_-1.17_-9.41_-13.09_-6.49_-22.83_11.56_24.31_27.50_0.9376_-0.0023_0.1134_-0.3288end2.28_-1.17_-9.41_-13.09_-6.49_-22.83_12.69_24.25_27.50_0.9379_-0.0017_0.1130_-0.3279end2.28_-1.17_-9.41_-12.98_-8.50_-22.05_12.69_24.25_27.50_0.9387_-0.0006_0.1120_-0.3262end2.28_-1.17_-9.41_-12.20_-9.40_-21.71_11.56_24.63_27.13_0.9387_-0.0006,0.0,0.0,0.0
82,_0.1120_-0.3262end2.37_-0.88_-9.76_-12.20_-9.40_-21.71_11.56_24.63_27.13_0.9397_0.0008_0.1104_-0.3237end2.34_-0.82_-9.82_-10.30_-7.27_-21.93_11.56_24.63_27.13_0.9400_0.0013_0.1099_-0.3229end2.37_-0.73_-9.86_-10.30_-7.27_-21.93_11.56_24.63_27.13_0.9404_0.0017_0.1096_-0.3220end2.36_-0.69_-9.89_-6.71_-3.58_-21.93_11.56_24.63_27.13_,0.0,0.0,0.0
83,0.9404_0.0017_0.1096_-0.3220end2.36_-0.69_-9.86_-6.71_-3.58_-21.93_11.56_24.63_27.13_0.9413_0.0027_0.1090_-0.3195end2.32_-0.70_-9.88_-2.46_0.78_-21.49_11.56_24.63_27.13_0.9416_0.0029_0.1089_-0.3186end,0.0,0.0,0.0
84,2.32_-0.70_-9.88_-2.46_0.78_-21.49_11.94_24.25_26.19_0.9419_0.0032_0.1089_-0.3177end2.29_-0.86_-9.71_-2.46_0.78_-21.49_11.94_24.25_26.19_0.9422_0.0033_0.1090_-0.3169end2.30_-0.86_-9.65_2.57_0.11_-19.47_11.94_24.25_26.19_0.9422_0.0033_0.1090_-0.3169end2.30_-0.86_-9.65_3.80_-0.22_-19.25_11.94_24.25_26.19_0.9430_0.0034_0.1091_-0.3145end2.22_-0.99_-9.52_3.80_-0.22_-19.25_11.94_24.25_26.19_0.9432_0.0033_0.1092_-0.3136end2.20_-1.10_-9.48_3.80_-0.22_-19.25_11.56_25.00_26.62_0.9432_0.0033_0.1092_-0.3136end2.21_-1.08_-9.50_5.15_0.90_-17.79_11.56_25.00_26.62_0.9432_0.0033_0.1092_-0.3136end2.21_-1.08_-9.50_5.15_0.90_-17.79_10.50_25.00_26.25_0.9442_0.0029_0.1097_-,0.0,0.0,0.0
85,0.3106end2.23_-1.16_-9.38_5.15_0.90_-17.79_10.50_25.00_26.25_0.9444_0.0027_0.1099_-0.3099end2.16_-1.19_-9.33_5.15_0.90_-17.79_10.88_24.25_26.62_0.9444_0.0027_0.1099_-0.3099end,0.0,0.0,0.0
86,2.22_-1.24_-9.28_5.15_0.90_-17.79_10.50_24.31_27.50_0.9444_0.0027_0.1099_-0.3099end2.22_-1.24_-9.28_3.36_0.11_-16.90_10.50_24.31_27.50_0.9444_0.0027_0.1099_-0.3099end2.22_-1.24_-9.28_3.25_-1.45_-16.56_10.50_24.31_27.50_0.9453_0.0025_0.1104_-0.3070end2.15_-1.21_-9.27_3.25_-1.45_-16.56_10.50_24.31_27.50_0.9457_0.0024_0.1104_-0.3057end2.23_-1.17_-9.38_3.25_-1.45_-16.56_10.50_24.31_27.50_0.9459_0.0024_0.1103_-0.3050end2.23_-1.17_-9.38_1.01_-4.48_-16.00_10.50_24.31_27.50_0.9459_0.0024_0.1103_-0.3050end2.16_-1.08_-9.50_1.01_-4.48_-16.00_10.50_24.31_27.50_0.9459_0.0024_0.1103_-0.3050end2.16_-1.08_-9.50_-0.11_-5.48_-16.00_10.50_24.31_27.50_0.9469_0.0024_0.1095,0.0,0.0,0.0
87,_-0.3024end2.15_-1.03_-9.61_-0.11_-5.48_-16.00_10.50_24.31_27.50_0.9469_0.0024_0.1095_-0.3024end2.17_-1.00_-9.63_-0.22_-5.71_-15.55_10.50_24.31_27.50_0.9469_0.0024_0.1095_-0.3024end,0.0,0.0,0.0
88,,0.0,0.0,0.0
89,2.21_-1.02_-9.67_-0.34_-5.82_-15.55_9.75_24.63_26.25_0.9469_0.0024_0.1095_-0.3024end2.24_-0.99_-9.67_-0.22_-6.38_-15.00_9.75_24.63_26.25_0.9480_0.0024_0.1083_-0.2992end2.28_-1.00_-9.85_-0.22_-6.38_-15.00_9.75_24.63_26.25_0.9482_0.0024_0.1080_-0.2986end2.32_-1.04_-9.89_-0.22_-6.38_-15.00_10.50_26.00_25.37_0.9482_0.0024_0.1080_-0.2986end2.36_-1.01_-9.94_-0.22_-6.38_-15.00_10.50_25.31_25.44_0.9482_0.0024_0.1080_-0.2986end2.36_-1.01_-9.94_-0.22_-6.38_-15.00_10.50_25.31_25.44_0.9492_0.0021_0.1068_-0.2962end2.34_-1.00_-9.86_-0.22_-6.38_-15.00_10.88_24.31_27.13_0.9493_0.0020_0.1065_-0.2957end2.36_-0.98_-9.86_-0.22_-6.38_-15.00_10.13_26.69_26.25_0.9496_0.0019_,0.0,0.0,0.0
90,0.1063_-0.2950end2.34_-0.98_-9.85_4.81_-5.26_-14.88_10.13_26.69_26.25_0.9496_0.0019_0.1063_-0.2950end2.32_-0.98_-9.81_4.81_-5.26_-14.88_10.13_26.69_26.25_0.9502_0.0012_0.1059_-0.2932end,0.0,0.0,0.0
91,2.30_-1.00_-9.77_4.81_-5.26_-14.88_9.75_25.00_27.13_0.9504_0.0010_0.1058_-0.2925end2.34_-1.02_-9.72_4.81_-5.26_-14.88_9.75_25.00_27.13_0.9504_0.0010_0.1058_-0.2925end2.34_-1.05_-9.62_4.81_-5.26_-14.88_9.75_25.00_27.13_0.9507_0.0002_0.1058_-0.2914end2.34_-1.05_-9.62_4.81_-5.26_-14.88_10.50_25.69_27.13_0.9509_-0.0002_0.1058_-0.2908end2.36_-1.02_-9.56_4.81_-5.26_-14.88_10.50_25.69_27.13_0.9512_-0.0010_0.1058_-0.2898end2.32_-1.03_-9.53_11.97_-3.69_-10.97_9.75_25.69_27.13_0.9512_-0.0010_0.1058_-0.2898end2.32_-1.03_-9.53_11.97_-3.69_-10.97_9.75_25.69_27.13_0.9515_-0.0020_0.1058_-0.2888end2.32_-1.01_-9.43_11.97_-3.69_-10.97_9.75_25.69_27.13_0.9518_-0.0031_0.1058_-0.2878end2.32_-1.01_-9.38_11.97_-3.69_-10.97_11.19_26.00_26.25_0.9520_-0.0037_0.1059_-0.2874end2.32_-0.98_-9.35_11.97_-3.69_-10.97_11.19_26.00_26.25_0.9521_-0.0042_0.1059_-0.2869end,0.0,0.0,0.0
92,,0.0,0.0,0.0
93,2.29_-1.02_-9.29_11.97_-3.69_-10.97_9.75_25.69_27.56_0.9521_-0.0042_0.1059_-0.2869end2.27_-1.03_-9.16_13.99_-3.80_-9.18_9.75_25.69_27.56_0.9521_-0.0042_0.1059_-0.2869end2.25_-1.05_-9.13_13.99_-3.80_-9.18_10.13_25.31_25.31_0.9526_-0.0065_0.1060_-0.2851end2.26_-1.04_-9.07_13.99_-3.80_-9.18_10.13_25.31_25.31_0.9527_-0.0071_0.1060_-0.2847end2.19_-1.04_-9.05_13.99_-3.80_-9.18_10.13_25.31_25.31_0.9527_-0.0071_0.1060_-0.2847end2.19_-1.04_-9.05_13.99_-3.80_-9.18_10.50_25.69_26.25_0.9531_-0.0089_0.1058_-0.2836end2.26_-1.05_-9.03_13.99_-3.80_-9.18_10.50_25.69_26.25_0.9532_-0.0095_0.1057_-0.2832end2.22_-1.01_-9.06_11.75_-6.15_-7.39_10.50_25.69_26.25_0.9532_-0.009,0.0,0.0,0.0
94,5_0.1057_-0.2832end2.20_-1.04_-9.10_10.85_-4.81_-7.39_10.50_25.69_26.25_0.9532_-0.0095_0.1057_-0.2832end2.23_-0.96_-9.11_10.85_-4.81_-7.39_10.50_25.69_26.25_0.9536_-0.0114_0.1054_-0.2818end,0.0,0.0,0.0
95,,0.0,0.0,0.0
96,2.19_-0.94_-9.07_10.85_-4.81_-7.39_10.50_25.69_26.25_0.9537_-0.0118_0.1054_-0.2814end2.23_-0.90_-9.09_10.85_-4.81_-7.39_9.75_26.00_24.56_0.9537_-0.0118_0.1054_-0.2814end2.14_-0.91_-9.09_9.62_-2.24_-8.17_9.75_26.00_24.56_0.9537_-0.0118_0.1054_-0.2814end2.16_-0.87_-9.13_9.51_-2.24_-8.06_9.75_26.00_24.56_0.9541_-0.0134_0.1055_-0.2800end2.14_-0.87_-9.21_9.51_-2.24_-8.06_9.75_26.00_24.56_0.9542_-0.0138_0.1056_-0.2795end2.14_-0.86_-9.21_9.51_-2.24_-8.06_10.50_26.37_26.75_0.9543_-0.0142_0.1056_-0.2792end2.14_-0.86_-9.28_8.17_-2.91_-7.72_10.50_26.37_26.75_0.9543_-0.0142_0.1056_-0.2792end2.14_-0.86_-9.28_8.17_-2.91_-7.72_10.50_26.37_26.75_0.9546_-0.0151_0.1055_-0.2781end2.21_-0.83_-9.43_8.17_-2.91_-7.72_10.50_26.37_26.75_0.9546_-0.0151_0.1055_-0.2781end2.21_-0.79_-9.52_6.49_-2.57_-8.06_10.50_26.37_26.75_0.9546_-0.0151_0.1055_-0.2781end,0.0,0.0,0.0
97,,0.0,0.0,0.0
98,2.18_-0.75_-9.54_6.49_-1.68_-8.73_10.50_26.37_26.75_0.9546_-0.0151_0.1055_-0.2781end2.16_-0.73_-9.59_6.49_-1.68_-8.73_9.75_27.44_26.25_0.9546_-0.0151_0.1055_-0.2781end2.16_-0.73_-9.59_6.71_0.11_-9.29_9.75_27.44_26.25_0.9551_-0.0164_0.1056_-0.2762end2.14_-0.75_-9.59_6.71_0.11_-9.29_9.75_27.44_26.25_0.9553_-0.0168_0.1058_-0.2755end2.14_-0.73_-9.59_6.71_0.11_-9.29_9.75_27.44_26.25_0.9554_-0.0171_0.1059_-0.2750end2.11_-0.75_-9.61_7.95_-0.67_-9.51_9.75_27.44_26.25_0.9554_-0.0171_0.1059_-0.2750end2.11_-0.75_-9.61_7.95_-0.67_-9.51_9.75_27.44_26.25_0.9557_-0.0179_0.1061_-0.2737end2.12_-0.75_-9.64_7.95_-0.67_-9.51_9.75_27.44_26.25_0.9559_-0.0183_0.1061_-0.2733end2.12_-0.75_-9.65_9.74_-3.13_-8.39_9.75_27.44_26.25_0.9559_-0.0183_0.1061_-0.2733end2.16_-0.75_-9.64_9.62_-3.36_-8.73_9.75_27.44_26.25_0.9559_-0.0183_0.1061_-0.2733end,0.0,0.0,0.0
99,,0.0,0.0,0.0
100,2.16_-0.75_-9.64_9.62_-3.36_-8.73_10.50_26.37_24.56_0.9563_-0.0200_0.1061_-0.2717end2.19_-0.77_-9.64_9.62_-3.36_-8.73_10.50_26.37_24.56_0.9564_-0.0204_0.1061_-0.2713end2.21_-0.68_-9.63_9.62_-3.36_-8.73_10.50_26.37_24.56_0.9564_-0.0204_0.1061_-0.2713end2.22_-0.68_-9.67_11.86_-3.58_-9.18_10.13_26.31_24.06_0.9564_-0.0204_0.1061_-0.,0.0,0.0,0.0
101,2713end2.19_-0.71_-9.63_12.09_-3.47_-9.51_10.13_26.31_24.06_0.9564_-0.0204_0.1061_-0.2713end2.20_-0.71_-9.61_12.09_-3.47_-9.51_10.13_26.31_24.06_0.9570_-0.0228_0.1061_-0.2691end2.22_-0.71_-9.63_12.09_-3.47_-9.51_10.13_26.31_24.06_0.9571_-0.0234_0.1062_-0.2686end2.21_-0.68_-9.63_12.09_-3.47_-9.51_9.06_27.37_23.25_0.9572_-0.0239_0.1062_-0.2681end2.20_-0.68_-9.59_12.09_-3.47_-9.51_9.06_27.37_23.25_0.9572_-0.0239_0.1062_-0.2681end2.19_-0.67_-9.56_13.32_-2.46_-10.30_9.06_27.37_23.25_0.9575_-0.0255_0.1064_-0.2667end,0.0,0.0,0.0
102,2.21_-0.66_-9.54_13.32_-2.46_-10.30_9.38_27.37_24.56_0.9576_-0.0260_0.1065_-0.2662end2.15_-0.65_-9.46_13.32_-2.46_-10.30_9.38_27.37_24.56_0.9578_-0.0266_0.1066_-0.2658end2.16_-0.63_-9.38_13.32_-2.46_-10.30_9.38_27.37_24.56_0.9578_-0.0271_0.1067_-0.2653end2.14_-0.63_-9.38_13.32_-2.46_-10.30_9.38_27.37_24.56_0.9578_-0.0271_0.1067_-0.2653end2.14_-0.63_-9.38_12.98_-1.79_-9.51_9.38_27.37_24.56_0.9581_-0.0287_0.1070_-0.2640end2.14_-0.68_-9.34_12.98_-1.79_-9.51_9.38_27.37_24.56_0.9583_-0.0292_0.1071_-0.2635end2.18_-0.63_-9.26_12.98_-1.79_-9.51_9.38_27.37_24.56_0.9583_-0.0292_0.1071_-0.2635end2.20_-0.63_-9.25_12.98_-1.79_-9.51_9.75_27.69_23.69_0.9583_-0.0292_0.1071_-0.2635end2.20_-0.63_-9.25_12.98_-1.79_-9.51_8.31_27.69_25.88_0.9586_-0.0306_0.1073_-0.2621end2.22_-0.63_-9.18_10.97_-2.46_-9.74_8.31_27.69_25.88_0.9587_-0.0315_0.1074_-0.2612end,0.0,0.0,0.0
103,,0.0,0.0,0.0
104,,0.0,0.0,0.0
105,,0.0,0.0,0.0
106,2.22_-0.62_-9.18_10.97_-2.46_-9.74_8.69_27.37_24.56_0.9589_-0.0319_0.1075_-0.2607end2.23_-0.64_-9.18_9.51_-1.79_-10.07_8.69_27.37_24.56_0.9589_-0.0319_0.1075_-0.2607end2.23_-0.64_-9.18_9.18_-2.01_-10.30_8.69_27.37_24.56_0.9589_-0.0319_0.1075_-0.2607end2.23_-0.64_-9.18_9.18_-2.01_-10.30_8.69_27.37_24.56_0.9592_-0.0330_0.1076_-0.2593end2.23_-0.64_-9.18_8.62_-1.79_-10.30_8.69_27.37_24.56_0.9594_-0.0336_0.1077_-0.2584end2.25_-0.60_-9.13_7.95_-2.91_-10.41_8.31_28.06_25.88_0.9594_-0.0336_0.1077_-0.2584end2.23_-0.58_-9.16_7.83_-3.02_-10.41_8.31_28.06_25.88_0.9598_-0.0346_0.1077_-0.2570end2.23_-0.61_-9.12_7.83_-3.02_-10.41_8.69_27.69_23.69_0.9598_-0.0346_0.107,0.0,0.0,0.0
107,7_-0.2570end2.25_-0.67_-9.07_7.83_-3.02_-10.41_8.69_27.69_23.69_0.9598_-0.0346_0.1077_-0.2570end2.20_-0.69_-9.06_7.83_-3.02_-10.41_8.69_27.69_23.69_0.9598_-0.0346_0.1077_-0.2570end,0.0,0.0,0.0
108,,0.0,0.0,0.0
109,2.22_-0.69_-9.08_6.71_-2.46_-9.62_8.69_27.69_23.69_0.9603_-0.0360_0.1077_-0.2548end2.23_-0.66_-9.10_6.71_-2.46_-9.62_8.69_27.69_23.69_0.9604_-0.0362_0.1077_-0.2543end2.24_-0.64_-9.06_6.71_-2.46_-9.62_9.75_28.00_24.12_0.9604_-0.0362_0.1077_-0.2543end2.23_-0.64_-9.09_4.48_-2.69_-8.95_9.75_28.00_24.12_0.9604_-0.0362_0.1077_-0.2543end2.23_-0.64_-9.09_2.91_-2.91_-8.62_9.75_28.00_24.12_0.9608_-0.0367_0.1075_-0.2531end2.26_-0.64_-9.18_2.91_-2.91_-8.62_9.75_28.00_24.12_0.9608_-0.0367_0.1075_-0.2531end2.29_-0.63_-9.20_1.34_-2.57_-8.50_9.75_28.00_24.12_0.9608_-0.0367_0.1075_-0.2531end2.29_-0.63_-9.20_0.56_-2.35_-8.73_7.94_27.37_24.06_0.9608_-0.0367_0.1075_-0.2531end2.28_-0.62_-9.24_0.56_-2.35_-8.73_7.94_27.37_24.06_0.9614_-0.0370_0.1072_-0.2509end2.28_-0.62_-9.24_-1.23_-1.12_-7.83_9.75_28.69_23.25_0.9614_-0.0370_0.1071_-0.2506end,0.0,0.0,0.0
110,,0.0,0.0,0.0
111,,0.0,0.0,0.0
112,2.27_-0.59_-9.29_-1.23_-1.12_-7.83_9.75_28.69_23.25_0.9614_-0.0370_0.1071_-0.2506end2.27_-0.59_-9.29_-1.23_-1.12_-7.83_9.75_28.69_23.25_0.9617_-0.0367_0.1071_-0.2496end2.32_-0.60_-9.29_-1.23_-1.12_-7.83_9.38_28.00_24.06_0.9618_-0.0366_0.1070_-0.2493end2.32_-0.59_-9.36_-1.23_-1.12_-7.83_9.38_28.00_24.06_0.9619_-0.0366_0.1069_-0.2491end2.32_-0.58_-9.41_-1.23_-1.12_-7.83_9.38_28.00_24.06_0.9619_-0.0365_0.1069_-0.2488end2.32_-0.61_-9.43_-1.68_-1.23_-6.15_9.38_28.00_24.06_0.9619_-0.0365_0.1069_-0.2488end2.32_-0.61_-9.43_-1.68_-1.23_-6.15_9.38_28.00_24.06_0.9622_-0.0362_0.1068_-0.2481end2.36_-0.70_-9.38_-1.68_-1.23_-6.15_9.38_28.00_24.06_0.9622_-0.0361_0.1068_-0.2479end2.34_-0.66_-9.35_-1.68_0.11_-5.04_9.38_28.00_24.06_0.9622_-0.0361_0.1068_-0.2479end2.30_-0.69_-9.37_-2.13_-0.22_-4.36_9.38_28.00_24.06_0.9622_-0.0361_0.1068_-0.2479end,0.0,0.0,0.0
113,,0.0,0.0,0.0
114,,0.0,0.0,0.0
115,2.30_-0.69_-9.37_-2.13_-0.22_-4.36_8.31_28.38_24.19_0.9624_-0.0357_0.1067_-0.2472end2.34_-0.75_-9.29_-2.13_-0.22_-4.36_8.31_28.38_24.19_0.9625_-0.0356_0.1066_-0.2471end2.32_-0.82_-9.30_-2.13_-0.22_-4.36_8.31_28.38_24.19_0.9625_-0.0356_0.1066_-0.2471end2.32_-0.82_-9.30_-2.13_-0.22_-4.36_9.06_27.06_25.88_0.9626_-0.0352_0.1063_-0.2468end2.36_-0.85_-9.30_-2.13_-0.22_-4.36_9.06_27.06_25.88_0.9626_-0.0350_0.1062_-0.2468end2.30_-0.85_-9.32_-4.92_-1.90_-0.45_9.06_27.06_25.88_0.9626_-0.0350_0.1062_-0.2468end2.30_-0.85_-9.32_-4.92_-1.57_-0.22_8.69_28.38_24.06_0.9626_-0.0350_0.1062_-0.2468end2.30_-0.85_-9.32_-4.92_-1.57_-0.22_8.69_28.38_24.06_0.9626_-0.0342_0.1058_-0.2469end2.30_-0.91_-9.32_-4.92_-1.57_-0.22_8.31_28.06_24.56_0.9626_-0.0342_0.1058_-0.2469end2.32_-0.90_-9.30_-5.15_-0.67_1.68_8.31_28.06_24.56_0.9626_-0.0342_0.1058_-0.2469end,0.0,0.0,0.0
116,,0.0,0.0,0.0
117,2.30_-0.90_-9.34_-5.15_-0.67_1.68_8.69_28.38_24.56_0.9626_-0.0334_0.1055_-0.2473end2.30_-0.89_-9.33_-5.15_-0.67_1.68_7.94_28.75_25.00_0.9626_-0.0331_0.1053_-0.2474end2.25_-0.92_-9.29_-5.15_-0.67_1.68_7.94_28.75_25.00_0.9626_-0.0330_0.1052_-0.2476end2.27_-0.95_-9.36_-5.15_-0.67_1.68_8.69_28.06_25.00_0.9626_-0.0330_0.1052_-0.2476e,0.0,0.0,0.0
118,nd2.25_-0.96_-9.32_-5.82_-2.24_4.81_8.69_28.06_25.00_0.9626_-0.0330_0.1052_-0.2476end2.25_-0.96_-9.32_-5.82_-2.24_4.81_8.31_27.06_24.06_0.9624_-0.0321_0.1046_-0.2485end2.24_-0.96_-9.31_-5.82_-2.24_4.81_8.31_27.06_24.06_0.9624_-0.0319_0.1044_-0.2488end2.22_-0.94_-9.31_-5.82_-2.24_4.81_8.31_27.06_24.06_0.9624_-0.0319_0.1044_-0.2488end2.25_-0.98_-9.29_-7.50_-2.57_6.04_8.31_27.06_24.06_0.9623_-0.0314_0.1041_-0.2493end2.22_-0.98_-9.34_-8.06_-2.35_6.15_8.31_27.06_24.06_0.9623_-0.0311_0.1039_-0.2496end,0.0,0.0,0.0
119,2.21_-0.98_-9.39_-8.06_-2.35_6.15_8.31_27.06_24.06_0.9622_-0.0305_0.1035_-0.2502end2.24_-1.03_-9.39_-8.06_-2.35_6.15_8.31_27.06_24.06_0.9621_-0.0302_0.1034_-0.2505end2.21_-1.02_-9.39_-8.06_-2.35_6.15_8.31_27.06_24.06_0.9621_-0.0302_0.1034_-0.2505end2.19_-1.01_-9.41_-10.18_-0.34_6.04_8.31_27.06_24.06_0.9621_-0.0302_0.1034_-0.2505,0.0,0.0,0.0
120,end2.25_-1.01_-9.42_-10.18_-0.34_6.04_8.31_27.37_24.06_0.9619_-0.0286_0.1029_-0.2518end2.20_-1.01_-9.46_-10.18_-0.34_6.04_8.31_27.37_24.06_0.9618_-0.0281_0.1028_-0.2521end2.20_-0.99_-9.55_-10.18_-0.34_6.04_8.31_27.37_24.06_0.9618_-0.0281_0.1028_-0.2521end2.20_-0.99_-9.55_-11.64_2.69_6.83_9.38_28.38_24.56_0.9618_-0.0281_0.1028_-0.2521end2.20_-0.99_-9.55_-11.64_4.36_7.16_9.38_28.38_24.56_0.9615_-0.0262_0.1028_-0.2535end2.15_-1.06_-9.68_-11.64_4.36_7.16_9.38_28.38_24.56_0.9614_-0.0257_0.1028_-0.2538end,0.0,0.0,0.0
121,,0.0,0.0,0.0
122,2.11_-1.08_-9.81_-11.64_4.36_7.16_9.38_28.38_24.56_0.9614_-0.0257_0.1028_-0.2538end2.05_-1.06_-9.89_-11.19_7.50_7.83_9.38_28.38_24.56_0.9614_-0.0257_0.1028_-0.2538end2.05_-1.06_-9.89_-11.19_7.50_7.83_9.38_28.38_24.56_0.9610_-0.0236_0.1036_-0.2554end1.98_-0.99_-9.96_-11.19_7.50_7.83_9.38_28.38_24.56_0.9609_-0.0231_0.1038_-0.2557end2.02_-0.94_-9.93_-11.19_7.50_7.83_9.38_28.38_24.56_0.9608_-0.0227_0.1041_-0.2562end2.02_-0.94_-9.93_-11.19_7.50_7.83_9.38_28.38_24.56_0.9606_-0.0222_0.1042_-0.2567end1.94_-0.89_-10.00_-11.19_7.50_7.83_9.38_28.38_24.56_0.9603_-0.0214_0.1046_-0.2576end1.92_-0.87_-9.98_-11.19_7.50_7.83_9.38_28.38_24.56_0.9602_-0.0211_0.1046_-0.25,0.0,0.0,0.0
123,80end1.91_-0.85_-9.95_-7.72_2.69_10.41_9.38_28.38_24.56_0.9602_-0.0211_0.1046_-0.2580end1.87_-0.92_-9.90_-7.50_1.12_10.41_9.38_28.38_24.56_0.9602_-0.0211_0.1046_-0.2580end,0.0,0.0,0.0
124,,0.0,0.0,0.0
125,,0.0,0.0,0.0
126,1.87_-0.92_-9.90_-7.61_0.90_10.41_9.38_28.38_24.56_0.9598_-0.0202_0.1046_-0.2595end1.87_-0.92_-9.90_-7.61_0.90_10.41_9.38_28.38_24.56_0.9597_-0.0196_0.1046_-0.2604end1.92_-1.15_-9.77_-7.61_0.90_10.41_9.38_28.38_24.56_0.9595_-0.0193_0.1045_-0.2609end1.82_-1.13_-9.69_-7.61_0.90_10.41_9.38_28.38_24.56_0.9594_-0.0190_0.1045_-0.2613end1.82_-1.13_-9.69_-7.61_0.90_10.41_9.38_28.38_24.56_0.9592_-0.0184_0.1046_-0.2621end1.75_-1.17_-9.60_-7.61_0.90_10.41_9.75_27.37_26.25_0.9590_-0.0181_0.1047_-0.2626end1.70_-1.20_-9.51_-6.83_5.82_9.18_9.75_27.37_26.25_0.9590_-0.0181_0.1047_-0.2626end1.70_-1.20_-9.51_-6.83_5.82_9.18_9.75_27.37_26.25_0.9587_-0.0172_0.1053_-0.2639end1.64_-1.26_-9.48_-6.83_5.82_9.18_9.38_27.37_24.56_0.9585_-0.0168_0.1055_-0.2642end1.64_-1.32_-9.46_-6.83_5.82_9.18_9.38_27.37_24.56_0.9584_-0.0165_0.1058_-0.2646end,0.0,0.0,0.0
127,,0.0,0.0,0.0
128,,0.0,0.0,0.0
129,1.62_-1.35_-9.42_-6.83_5.82_9.18_8.69_27.44_26.75_0.9584_-0.0165_0.1058_-0.2646end1.58_-1.41_-9.36_-6.83_5.82_9.18_8.69_27.44_26.75_0.9579_-0.0156_0.1067_-0.2659end1.58_-1.41_-9.36_-6.83_5.82_9.18_9.75_27.37_24.94_0.9578_-0.0153_0.1070_-0.2663end1.55_-1.47_-9.31_-6.83_5.82_9.18_9.75_27.37_24.94_0.9578_-0.0153_0.1070_-0.2663end1.56_-1.49_-9.33_-5.48_9.85_8.73_9.75_27.37_24.94_0.9578_-0.0153_0.1070_-0.2663end1.56_-1.49_-9.33_-5.48_9.85_8.73_9.06_26.75_26.25_0.9572_-0.0141_0.1083_-0.2679end1.48_-1.51_-9.30_-5.48_9.85_8.73_9.75_26.69_24.94_0.9571_-0.0138_0.1087_-0.2683end1.46_-1.48_-9.38_-4.70_9.29_8.50_9.75_26.69_24.94_0.9571_-0.0138_0.1087_-0.2683end1.45,0.0,0.0,0.0
130,,0.0,0.0,0.0
131,,0.0,0.0,0.0
132,_-1.48_-9.34_-4.70_8.95_8.06_9.75_26.69_24.94_0.9571_-0.0138_0.1087_-0.2683end1.46_-1.43_-9.38_-4.70_8.95_8.06_9.75_26.69_24.94_0.9565_-0.0128_0.1100_-0.2698end,0.0,0.0,0.0
133,1.41_-1.36_-9.33_-4.70_8.95_8.06_9.75_26.69_24.94_0.9564_-0.0126_0.1103_-0.2701end1.37_-1.34_-9.30_-4.70_8.95_8.06_9.75_26.69_24.94_0.9563_-0.0123_0.1106_-0.2705end1.36_-1.31_-9.29_-2.80_7.27_6.49_9.75_26.69_24.94_0.9563_-0.0123_0.1106_-0.2705end1.36_-1.31_-9.29_-2.80_7.27_6.49_9.75_26.69_24.94_0.9559_-0.0118_0.1115_-0.2714end1.,0.0,0.0,0.0
134,37_-1.29_-9.29_-1.79_6.94_6.04_9.75_26.69_24.94_0.9558_-0.0117_0.1117_-0.2717end1.35_-1.30_-9.27_-1.79_6.94_6.04_9.75_27.44_26.75_0.9558_-0.0117_0.1117_-0.2717end1.35_-1.30_-9.30_-1.68_5.48_5.82_9.75_27.44_26.75_0.9555_-0.0114_0.1124_-0.2724end1.39_-1.28_-9.29_-1.79_3.47_5.71_9.75_27.44_26.75_0.9554_-0.0112_0.1125_-0.2726end1.35_-1.19_-9.33_-1.79_3.47_5.71_9.75_27.44_26.75_0.9554_-0.0112_0.1125_-0.2726end1.37_-1.19_-9.33_-0.90_2.69_4.92_9.75_27.44_26.75_0.9554_-0.0112_0.1125_-0.2726end,0.0,0.0,0.0
135,1.37_-1.19_-9.33_-0.90_2.69_4.92_10.13_27.06_25.88_0.9552_-0.0110_0.1129_-0.2733end1.33_-1.15_-9.43_-0.90_2.69_4.92_10.13_27.06_25.88_0.9551_-0.0109_0.1132_-0.2737end1.35_-1.13_-9.46_-1.01_5.37_4.03_10.13_27.06_25.88_0.9550_-0.0109_0.1134_-0.2739end1.35_-1.16_-9.47_-1.68_6.38_3.69_10.13_27.06_25.88_0.9549_-0.0107_0.1136_-0.2740end1.35_-1.16_-9.47_-2.24_6.60_3.25_10.13_26.00_26.25_0.9548_-0.0105_0.1141_-0.2744end1.32_-1.15_-9.54_-3.58_6.71_3.47_10.13_26.00_26.25_0.9548_-0.0105_0.1141_-0.2744end1.28_-1.20_-9.55_-3.58_6.71_3.47_9.38_26.37_26.25_0.9546_-0.0101_0.1146_-0.2747end1.28_-1.17_-9.56_-3.58_6.38_3.69_9.38_26.37_26.25_0.9546_-0.0101_0.1146_-0.2747end1.25_-1.19_-9.59_-3.58_6.38_3.69_9.38_26.37_26.25_0.9544_-0.0095_0.1153_-0.2752end1.24_-1.17_-9.64_-4.36_5.71_3.47_9.38_26.37_26.25_0.9544_-0.0095_0.1153_-0.2752end1.25_-1.13_-9.69_-4.70_5.26_3.47_9.38_26.37_26.25_0.9544_-0.0095_0.1153_-0.2752end1.25_-1.13_-9.69_-4.70_5.26_3.47_9.38_26.37_26.25_0.9541_-0.0085_0.1160_-0.2759end1.24_-1.14_-9.71_-4.70_5.26_3.47_9.38_26.37_26.25_0.9540_-0.0082_0.1161_-0.2761end1.24_-1.17_-9.71_-4.70_5.26_3.47_9.38_26.37_26.25_0.9540_-0.0080_0.1163_-0.2762end1.25_-1.13_-9.67_-4.48_4.03_2.80_9.38_26.37_26.25_0.9540_-0.0080_0.1163_-0.2762end1.24_-1.11_-9.68_-4.48_4.03_2.80_9.38_26.37_26.25_0.9539_-0.0074_0.1167_-0.2766end1.22_-1.13_-9.60_-4.48_4.03_2.80_8.31_26.06_28.00_0.9538_-0.0072_0.1168_-0.2767end1.21_-1.13_-9.57_-2.69_2.35_2.13_8.31_26.06_28.00_0.9537_-0.0070_0.1169_-0.2770end1.19,0.0,0.0,0.0
136,_-1.20_-9.52_-2.69_2.35_2.13_10.88_25.69_25.44_0.9537_-0.0069_0.1169_-0.2770end1.19_-1.25_-9.52_-2.69_2.35_2.13_10.88_25.69_25.44_0.9537_-0.0069_0.1169_-0.2770end,0.0,0.0,0.0
137,,0.0,0.0,0.0
138,1.21_-1.26_-9.49_-0.90_-1.57_1.90_10.88_25.69_25.44_0.9537_-0.0069_0.1169_-0.2770end1.21_-1.26_-9.49_-0.34_-3.36_1.12_10.88_25.69_25.44_0.9537_-0.0069_0.1169_-0.2770end1.21_-1.26_-9.49_-0.34_-3.36_1.12_9.38_26.69_25.81_0.9536_-0.0069_0.1165_-0.2774end1.21_-1.35_-9.47_-0.34_-3.36_1.12_9.38_26.69_25.81_0.9536_-0.0069_0.1165_-0.2774end1.20_-1.34_-9.47_-0.78_-4.70_-1.57_9.38_26.69_25.81_0.9536_-0.0069_0.1165_-0.2774end1.20_-1.34_-9.47_-1.01_-5.26_-2.69_10.13_27.06_25.88_0.9537_-0.0070_0.1160_-0.2773end1.20_-1.34_-9.47_-1.01_-5.60_-4.03_10.13_27.06_25.88_0.9539_-0.0070_0.1155_-0.2772end1.22_-1.35_-9.48_-1.01_-5.60_-4.03_10.13_27.06_25.88_0.9539_-0.0070_0.1153_-0.2770end1.21_-1.39_-9.61_-1.01_-5.60_-4.03_10.13_27.06_25.88_0.9539_-0.0070_0.1153_-0.2770end1.21_-1.43_-9.60_-2.13_-4.25_-8.28_8.69_26.37_25.81_0.9539_-0.0070_0.1153_-0.2770end,0.0,0.0,0.0
139,,0.0,0.0,0.0
140,1.20_-1.43_-9.56_-2.13_-4.25_-8.28_8.69_26.37_25.81_0.9543_-0.0067_0.1144_-0.2758end1.19_-1.38_-9.58_-2.13_-4.25_-8.28_8.69_26.37_25.81_0.9545_-0.0066_0.1143_-0.2754end1.21_-1.34_-9.59_-2.24_-2.13_-12.20_8.69_26.37_25.81_0.9547_-0.0065_0.1142_-0.2749end1.22_-1.32_-9.64_-1.68_-2.46_-14.55_8.69_25.69_26.25_0.9547_-0.0065_0.1142_-0,0.0,0.0,0.0
141,.2749end1.22_-1.32_-9.64_-0.78_-2.69_-15.44_8.69_25.69_26.25_0.9550_-0.0062_0.1140_-0.2739end1.22_-1.32_-9.64_-0.78_-2.69_-15.44_9.38_26.69_25.81_0.9554_-0.0060_0.1138_-0.2726end1.26_-1.36_-9.71_0.00_-3.36_-18.02_9.38_26.69_25.81_0.9554_-0.0060_0.1138_-0.2726end1.26_-1.37_-9.68_0.45_-3.36_-19.36_9.38_26.69_25.81_0.9554_-0.0060_0.1138_-0.2726end1.30_-1.37_-9.71_0.90_-3.80_-20.70_9.38_26.69_25.81_0.9554_-0.0060_0.1138_-0.2726end1.32_-1.39_-9.72_1.23_-3.58_-22.49_9.38_26.69_25.81_0.9566_-0.0059_0.1132_-0.2683end,0.0,0.0,0.0
142,,0.0,0.0,0.0
143,1.33_-1.41_-9.73_1.23_-3.58_-22.49_9.38_26.69_25.81_0.9569_-0.0059_0.1131_-0.2673end1.43_-1.43_-9.77_1.23_-3.58_-22.49_9.38_27.06_25.88_0.9569_-0.0059_0.1131_-0.2673end1.43_-1.43_-9.77_1.23_-3.58_-22.49_9.38_27.06_25.88_0.9576_-0.0059_0.1130_-0.2651end1.43_-1.43_-9.77_1.23_-3.58_-22.49_9.38_27.06_25.88_0.9583_-0.0059_0.1132_-0.2,0.0,0.0,0.0
144,625end1.56_-1.37_-9.71_1.23_-3.58_-22.49_9.38_27.06_25.88_0.9583_-0.0059_0.1132_-0.2625end1.61_-1.38_-9.73_4.92_4.03_-33.80_8.69_27.06_26.69_0.9583_-0.0059_0.1132_-0.2625end1.61_-1.38_-9.73_4.92_4.03_-33.80_8.69_26.00_26.25_0.9593_-0.0059_0.1136_-0.2584end1.61_-1.38_-9.73_4.92_4.03_-33.80_8.69_26.00_26.25_0.9600_-0.0058_0.1142_-0.2555end1.70_-1.37_-9.75_4.92_4.03_-33.80_7.94_28.06_26.69_0.9604_-0.0058_0.1146_-0.2540end1.76_-1.39_-9.69_4.92_4.03_-33.80_7.94_28.06_26.69_0.9608_-0.0058_0.1149_-0.2524end,0.0,0.0,0.0
145,,0.0,0.0,0.0
146,1.78_-1.35_-9.71_4.92_4.03_-33.80_7.94_28.06_26.69_0.9611_-0.0058_0.1152_-0.2510end1.78_-1.35_-9.71_4.92_4.03_-33.80_7.94_28.06_26.69_0.9614_-0.0058_0.1156_-0.2495end1.78_-1.35_-9.71_4.92_4.03_-33.80_7.94_28.06_26.69_0.9618_-0.0058_0.1160_-0.2480end1.86_-1.32_-9.69_4.92_4.03_-33.80_7.94_28.06_26.69_0.9624_-0.0059_0.1167_-0.2451e,0.0,0.0,0.0
147,nd1.91_-1.29_-9.71_4.92_4.03_-33.80_7.94_28.06_26.69_0.9628_-0.0059_0.1171_-0.2437end1.97_-1.23_-9.64_8.28_9.29_-31.11_7.94_28.06_26.69_0.9628_-0.0059_0.1171_-0.2437end1.97_-1.23_-9.64_8.28_9.29_-31.11_6.87_26.75_25.81_0.9633_-0.0061_0.1181_-0.2409end1.97_-1.23_-9.64_9.51_8.28_-28.98_6.87_26.75_25.81_0.9639_-0.0063_0.1191_-0.2383end2.04_-1.11_-9.59_9.51_8.28_-28.98_6.50_26.75_25.44_0.9641_-0.0065_0.1195_-0.2370end2.04_-1.13_-9.59_10.41_6.94_-26.75_6.50_26.75_25.44_0.9641_-0.0065_0.1195_-0.2370end,0.0,0.0,0.0
148,,0.0,0.0,0.0
149,2.11_-1.08_-9.48_10.41_6.94_-26.75_6.50_26.75_25.44_0.9646_-0.0070_0.1204_-0.2346end2.06_-1.09_-9.41_11.75_4.03_-23.05_6.50_26.75_25.44_0.9648_-0.0073_0.1207_-0.2335end2.06_-1.09_-9.41_11.97_3.13_-21.93_6.50_26.75_25.44_0.9650_-0.0076_0.1210_-0.2325end2.06_-1.09_-9.41_12.53_2.57_-20.59_6.50_26.75_25.44_0.9652_-0.0079_0.1213_-0.2,0.0,0.0,0.0
150,314end2.14_-1.10_-9.39_12.53_2.57_-20.59_6.50_26.75_25.44_0.9652_-0.0079_0.1213_-0.2314end2.18_-1.11_-9.35_13.32_1.79_-18.02_6.50_26.75_25.44_0.9652_-0.0079_0.1213_-0.2314end2.18_-1.11_-9.35_13.32_1.79_-18.02_6.50_26.75_25.44_0.9661_-0.0100_0.1224_-0.2272end2.18_-1.12_-9.20_13.32_1.79_-18.02_6.50_26.75_25.44_0.9662_-0.0105_0.1226_-0.2264end2.15_-1.10_-9.16_13.99_0.56_-13.99_7.25_28.38_24.56_0.9662_-0.0105_0.1226_-0.2264end2.15_-1.11_-9.12_13.99_0.56_-13.99_6.12_28.06_25.00_0.9662_-0.0105_0.1226_-0.2264end,0.0,0.0,0.0
151,2.14_-1.09_-9.12_14.21_0.00_-11.86_6.12_28.06_25.00_0.9667_-0.0126_0.1233_-0.2239end2.14_-1.08_-9.12_14.21_0.00_-11.86_6.12_28.06_25.00_0.9668_-0.0131_0.1234_-0.2234end2.19_-1.09_-9.13_14.21_0.00_-11.86_6.12_28.06_25.00_0.9669_-0.0137_0.1235_-0.2230end2.17_-1.11_-9.16_14.21_-0.56_-7.95_6.12_28.06_25.00_0.9669_-0.0137_0.1235_-0.2230end2.17_-1.08_-9.13_14.21_-0.56_-7.95_6.12_28.06_25.00_0.9670_-0.0154_0.1240_-0.2217end2.18_-1.02_-9.13_14.21_-0.56_-7.95_5.37_27.75_25.44_0.9671_-0.0159_0.1241_-0.2214end2.11_-0.99_-9.13_14.21_-0.56_-7.95_5.37_28.06_25.88_0.9672_-0.0164_0.1243_-0.2212end2.15_-0.99_-9.18_12.65_1.68_-3.47_5.37_28.06_25.88_0.9672_-0.0164_0.1243_-0.2212end2.15_-0.99_-9.18_12.65_1.68_-3.47_5.37_28.06_25.88_0.9672_-0.0179_0.1249_-0.2205end2.14_-1.03_-9.30_12.65_1.68_-3.47_5.37_28.44_25.00_0.9672_-0.0184_0.1251_-0.2203end,0.0,0.0,0.0
152,2.19_-0.99_-9.41_12.65_1.68_-3.47_5.37_28.44_25.00_0.9672_-0.0184_0.1251_-0.2203end2.17_-0.90_-9.56_8.95_0.67_-1.34_5.37_28.44_25.00_0.9672_-0.0184_0.1251_-0.2203end2.17_-0.90_-9.56_8.95_0.67_-1.34_6.50_28.38_24.56_0.9672_-0.0195_0.1254_-0.2200end2.16_-0.86_-9.80_6.83_1.01_-0.67_6.50_28.38_24.56_0.9672_-0.0201_0.1257_-0.2198end2.20_-0.83_-9.91_6.83_1.01_-0.67_6.50_28.38_24.56_0.9672_-0.0203_0.1258_-0.2198end2.23_-0.80_-9.96_6.83_1.01_-0.67_6.50_28.38_24.56_0.9672_-0.0203_0.1258_-0.2198end2.21_-0.75_-10.19_6.83_1.01_-0.67_6.50_28.38_24.56_0.9672_-0.0203_0.1258_-0.2198end2.24_-0.77_-10.28_6.83_1.01_-0.67_6.50_28.38_24.56_0.9671_-0.0206_0.1263_-0.2199end2,0.0,0.0,0.0
153,.24_-0.77_-10.28_6.83_1.01_-0.67_4.69_28.75_24.12_0.9670_-0.0206_0.1265_-0.2200end2.27_-0.77_-10.35_6.83_1.01_-0.67_4.69_28.75_24.12_0.9670_-0.0206_0.1265_-0.2200end,0.0,0.0,0.0
154,,0.0,0.0,0.0
155,2.28_-0.81_-10.35_-1.57_1.34_3.25_4.69_28.75_24.12_0.9670_-0.0206_0.1265_-0.2200end2.28_-0.81_-10.35_-1.68_0.00_4.59_6.50_27.69_25.44_0.9670_-0.0206_0.1265_-0.2200end2.28_-0.85_-10.28_-0.78_-0.90_5.26_6.50_27.69_25.44_0.9669_-0.0203_0.1266_-0.2208end2.30_-0.88_-10.25_-0.78_-0.90_5.26_6.50_27.69_25.44_0.9668_-0.0204_0.1266_-0.2210end2.28_-0.91_-10.02_-0.78_-0.90_5.26_6.50_27.69_25.44_0.9667_-0.0204_0.1265_-0.2213end2.30_-0.92_-9.98_3.13_-1.68_7.27_6.50_27.69_25.44_0.9667_-0.0204_0.1265_-0.2213end2.30_-0.92_-9.98_4.92_-1.79_7.83_6.50_27.69_25.44_0.9666_-0.0212_0.1264_-0.2221end2.42_-0.92_-9.71_4.92_-1.79_7.83_6.50_27.69_25.44_0.9665_-0.0216_0.1263_-0.222,0.0,0.0,0.0
156,4end2.39_-0.92_-9.52_4.92_-1.79_7.83_5.75_28.06_25.88_0.9665_-0.0216_0.1263_-0.2224end2.39_-0.94_-9.51_12.98_-4.70_9.51_5.75_28.06_25.88_0.9665_-0.0216_0.1263_-0.2224end,0.0,0.0,0.0
157,2.39_-0.94_-9.51_12.98_-4.70_9.51_5.37_28.38_24.56_0.9662_-0.0242_0.1261_-0.2237end2.45_-0.98_-9.20_12.98_-4.70_9.51_5.37_28.38_24.56_0.9661_-0.0250_0.1260_-0.2241end2.43_-0.96_-9.13_19.81_-6.04_10.07_5.37_28.38_24.56_0.9661_-0.0250_0.1260_-0.2241end2.45_-1.03_-8.96_19.81_-6.04_10.07_6.12_29.06_23.69_0.9659_-0.0269_0.1259_-0.2247end2.41_-1.05_-8.90_21.71_-5.71_10.18_6.12_29.06_23.69_0.9657_-0.0290_0.1258_-0.2252end2.44_-1.05_-8.83_21.71_-5.71_10.18_6.12_29.06_23.69_0.9656_-0.0300_0.1258_-0.2255end2.41_-1.09_-8.68_21.71_-5.71_10.18_6.12_29.06_23.69_0.9656_-0.0300_0.1258_-0.2255end2.37_-1.11_-8.62_21.71_-5.71_10.18_6.12_29.06_23.69_0.9654_-0.0322_0.1259_-0.2260end2.39_-1.13_-8.54_21.71_-5.71_10.18_6.12_29.06_23.69_0.9652_-0.0342_0.1259_-0.2266end2.38_-1.18_-8.54_21.71_-5.71_10.18_6.50_28.75_25.37_0.9651_-0.0351_0.1259_-0.2267end,0.0,0.0,0.0
158,,0.0,0.0,0.0
159,2.38_-1.16_-8.57_21.71_-5.71_10.18_6.50_28.75_25.37_0.9650_-0.0361_0.1259_-0.2270end2.44_-1.15_-8.52_21.71_-5.71_10.18_6.50_28.75_25.37_0.9650_-0.0361_0.1259_-0.2270end2.45_-1.13_-8.59_21.71_-5.71_10.18_6.50_28.75_25.37_0.9648_-0.0385_0.1257_-0.2275end2.41_-1.06_-8.62_21.71_-5.71_10.18_6.50_28.75_25.37_0.9648_-0.0392_0.1257_-0.2277end2.42_-1.00_-8.66_21.71_-5.71_10.18_5.37_28.38_24.06_0.9648_-0.0392_0.1257_-0.2277end2.38_-0.98_-8.70_10.07_-1.79_3.80_5.37_28.38_24.06_0.9648_-0.0392_0.1257_-0.2277end2.37_-1.01_-8.69_9.18_-0.45_3.69_6.12_29.44_23.69_0.9648_-0.0392_0.1257_-0.2277end2.34_-0.98_-8.78_7.61_0.90_3.25_6.12_29.44_23.69_0.9645_-0.0414_0.1259_-0.2,0.0,0.0,0.0
160,282end2.34_-1.00_-8.86_7.61_0.90_3.25_6.12_29.44_23.69_0.9645_-0.0416_0.1260_-0.2283end2.37_-0.98_-8.96_7.61_0.90_3.25_6.12_29.44_23.69_0.9645_-0.0417_0.1261_-0.2285end,0.0,0.0,0.0
161,2.38_-0.98_-8.93_0.00_1.57_3.69_6.12_29.44_23.69_0.9645_-0.0417_0.1261_-0.2285end2.34_-0.99_-9.03_0.00_1.57_3.69_6.12_29.44_23.69_0.9644_-0.0416_0.1262_-0.2289end2.38_-0.98_-9.23_0.00_1.57_3.69_6.87_28.75_22.81_0.9643_-0.0415_0.1262_-0.2291end2.37_-0.94_-9.31_0.00_1.57_3.69_5.75_29.06_23.25_0.9643_-0.0413_0.1261_-0.2292end2.40_-0.94_-9.33_-6.49_0.90_3.36_5.75_29.06_23.25_0.9643_-0.0413_0.1261_-0.2292end2.40_-0.94_-9.33_-6.71_1.79_3.02_5.75_29.06_23.25_0.9642_-0.0408_0.1260_-0.2296end2.40_-0.94_-9.33_-6.71_1.79_3.02_6.50_29.44_24.12_0.9642_-0.0403_0.1260_-0.2299end2.40_-0.89_-9.49_-6.71_1.79_3.02_6.50_29.44_24.12_0.9642_-0.0400_0.1260_-0.2301end2.34_-0.,0.0,0.0,0.0
162,95_-9.57_-6.71_1.79_3.02_6.50_29.44_24.12_0.9642_-0.0400_0.1260_-0.2301end2.36_-0.95_-9.58_-5.71_0.90_2.57_6.50_29.81_24.12_0.9642_-0.0400_0.1260_-0.2301end,0.0,0.0,0.0
163,,0.0,0.0,0.0
164,2.40_-0.96_-9.60_-5.04_0.34_3.13_6.50_29.81_24.12_0.9641_-0.0391_0.1259_-0.2307end2.42_-0.96_-9.64_-5.04_0.34_3.13_6.50_29.81_24.12_0.9641_-0.0389_0.1259_-0.2308end2.40_-0.99_-9.62_-5.04_0.34_3.13_6.50_29.81_24.12_0.9641_-0.0389_0.1259_-0.2308end2.39_-0.96_-9.59_-5.04_0.34_3.13_7.56_29.44_22.87_0.9641_-0.0389_0.1259_-0.2308end2.,0.0,0.0,0.0
165,40_-0.96_-9.62_1.23_-2.57_4.14_7.56_29.44_22.87_0.9641_-0.0389_0.1259_-0.2308end2.39_-0.95_-9.59_1.23_-2.57_4.14_7.56_29.44_22.87_0.9639_-0.0391_0.1252_-0.2316end2.37_-0.98_-9.54_1.23_-2.57_4.14_5.00_28.75_24.12_0.9639_-0.0392_0.1251_-0.2318end2.34_-0.99_-9.50_5.71_-1.57_4.25_5.00_28.75_24.12_0.9639_-0.0392_0.1251_-0.2318end2.30_-1.03_-9.44_6.94_-1.34_4.36_5.00_28.75_24.12_0.9639_-0.0392_0.1251_-0.2318end2.30_-1.03_-9.44_6.94_-1.34_4.36_6.12_29.06_23.69_0.9637_-0.0405_0.1251_-0.2323end,0.0,0.0,0.0
166,2.28_-1.02_-9.32_6.94_-1.34_4.36_6.12_29.06_23.69_0.9637_-0.0410_0.1251_-0.2324end2.22_-1.10_-9.18_6.94_-1.34_4.36_6.12_29.06_23.69_0.9636_-0.0415_0.1251_-0.2325end2.19_-1.11_-9.22_10.63_-3.02_4.59_6.12_29.06_23.69_0.9636_-0.0415_0.1251_-0.2325end2.19_-1.11_-9.22_10.63_-3.02_4.59_6.12_29.06_23.69_0.9634_-0.0430_0.1251_-0.2329end2.19_-1.14_-9.11_10.63_-3.02_4.59_6.12_29.06_23.69_0.9634_-0.0435_0.1250_-0.2330end2.10_-1.15_-9.03_10.63_-3.02_4.59_6.12_29.06_23.69_0.9634_-0.0435_0.1250_-0.2330end2.09_-1.18_-9.05_10.63_-3.02_4.59_6.50_29.44_22.81_0.9634_-0.0435_0.1250_-0.2330end2.08_-1.23_-9.01_10.63_-3.02_4.59_6.50_29.44_24.12_0.9633_-0.0449_0.1249_-0.2333end2.02_-1.23_-9.00_8.50_-2.46_2.91_6.50_29.44_24.12_0.9633_-0.0457_0.1249_-0.2334end2.06_-1.28_-8.96_6.60_-3.69_1.79_6.50_29.44_24.12_0.9632_-0.0460_0.1248_-0.2335end,0.0,0.0,0.0
167,,0.0,0.0,0.0
168,2.04_-1.37_-8.95_6.60_-3.69_1.79_6.50_29.44_24.12_0.9632_-0.0460_0.1248_-0.2335end2.01_-1.39_-8.96_6.60_-3.69_1.79_6.50_29.44_24.12_0.9632_-0.0460_0.1248_-0.2335end2.01_-1.39_-8.96_6.60_-3.69_1.79_6.87_29.44_22.81_0.9633_-0.0470_0.1241_-0.2335end2.01_-1.50_-9.02_6.60_-3.69_1.79_6.87_29.44_22.81_0.9633_-0.0471_0.1238_-0.2334end2.02_-1.52_-8.99_6.60_-3.69_1.79_6.87_29.44_22.81_0.9634_-0.0472_0.1236_-0.2333end2.03_-1.54_-8.98_-0.34_-6.71_-3.36_6.87_29.44_22.81_0.9634_-0.0472_0.1236_-0.2333end2.03_-1.55_-9.04_-1.34_-6.15_-4.59_6.87_29.44_22.81_0.9634_-0.0472_0.1236_-0.2333end2.03_-1.55_-9.04_-1.34_-6.15_-4.59_6.12_29.81_24.12_0.9637_-0.0471_0.1225_-0.2325e,0.0,0.0,0.0
169,nd2.01_-1.58_-9.06_-1.34_-6.15_-4.59_6.12_29.81_24.12_0.9638_-0.0470_0.1223_-0.2321end2.03_-1.56_-9.09_-1.34_-6.15_-4.59_6.12_30.12_23.69_0.9639_-0.0468_0.1221_-0.2318end,0.0,0.0,0.0
170,,0.0,0.0,0.0
171,,0.0,0.0,0.0
172,2.00_-1.56_-9.20_-1.34_-6.15_-4.59_6.12_30.12_23.69_0.9641_-0.0466_0.1219_-0.2314end1.99_-1.54_-9.27_-5.15_-3.25_-12.09_6.12_30.12_23.69_0.9644_-0.0461_0.1216_-0.2304end2.03_-1.55_-9.26_-5.15_-3.25_-12.09_6.12_30.12_23.69_0.9645_-0.0459_0.1214_-0.2298end2.07_-1.53_-9.29_-5.37_-2.80_-16.34_6.12_30.12_23.69_0.9645_-0.0459_0.1214_-0.2298end2.07_-1.53_-9.29_-4.81_-2.24_-17.57_6.12_29.06_23.25_0.9645_-0.0459_0.1214_-0.2298end2.07_-1.53_-9.29_-4.81_-2.24_-17.57_6.12_29.06_23.25_0.9651_-0.0451_0.1210_-0.2277end2.07_-1.53_-9.29_-4.81_-2.24_-17.57_6.12_29.06_23.25_0.9656_-0.0446_0.1210_-0.2260end2.05_-1.62_-9.32_-4.81_-2.24_-17.57_5.75_29.75_22.87_0.9656_-0.0446_0.1210_-0.2260end2.04_-1.68_-9.28_-2.35_2.46_-25.40_5.75_29.75_22.87_0.9656_-0.0446_0.1210_-0.2260end2.00_-1.74_-9.29_-2.35_2.46_-25.40_5.75_29.75_22.87_0.9665_-0.0436_0.1213_-0.2219end,0.0,0.0,0.0
173,,0.0,0.0,0.0
174,2.04_-1.85_-9.26_-2.01_3.47_-27.53_5.75_29.75_22.87_0.9667_-0.0433_0.1215_-0.2208end2.06_-1.91_-9.23_-2.01_3.47_-27.53_5.75_29.75_22.87_0.9670_-0.0430_0.1216_-0.2197end2.17_-1.95_-9.33_-2.01_3.47_-27.53_5.75_29.75_22.87_0.9670_-0.0430_0.1216_-0.2197end2.24_-1.92_-9.41_-2.01_2.91_-30.77_5.75_29.75_22.87_0.9670_-0.0430_0.1216_-0.2197end2.24_-1.92_-9.41_-2.01_3.47_-33.91_6.50_29.75_22.87_0.9670_-0.0430_0.1216_-0.2197end2.26_-1.86_-9.52_-2.01_3.47_-33.91_6.50_29.75_22.87_0.9684_-0.0417_0.1226_-0.2130end2.25_-1.79_-9.59_-2.01_3.47_-33.91_6.50_29.75_22.87_0.9688_-0.0413_0.1227_-0.2115end2.29_-1.80_-9.64_-1.79_7.05_-39.73_3.94_29.81_22.81_0.9688_-0.0413_0.1227_-0.2115end2.29_-1.80_-9.64_-1.79_7.05_-39.73_3.94_29.81_22.81_0.9697_-0.0403_0.1237_-0.2066end2.28_-1.82_-9.68_-1.79_7.05_-39.73_3.94_29.81_22.81_0.9700_-0.0399_0.1241_-0.2049end,0.0,0.0,0.0
175,,0.0,0.0,0.0
176,,0.0,0.0,0.0
177,2.28_-1.89_-9.74_-1.79_7.05_-39.73_3.94_29.81_22.81_0.9704_-0.0395_0.1245_-0.2031end2.29_-1.90_-9.79_-3.36_8.50_-42.52_3.94_29.81_22.81_0.9704_-0.0395_0.1245_-0.2031end2.29_-1.90_-9.79_-3.36_8.50_-42.52_3.94_29.81_22.81_0.9714_-0.0381_0.1257_-0.1978end2.34_-1.86_-9.89_-3.36_8.50_-42.52_3.94_29.81_22.81_0.9717_-0.0377_0.1260_-0.1960end2.37_-1.84_-10.00_-3.36_8.50_-42.52_3.94_29.81_22.81_0.9717_-0.0377_0.1260_-0.1960end2.38_-1.83_-10.05_-5.37_6.94_-43.76_3.94_29.81_22.81_0.9717_-0.0377_0.1260_-0.1960end2.38_-1.83_-10.05_-5.37_6.94_-43.76_3.94_29.81_22.81_0.9731_-0.0356_0.1274_-0.1887end2.41_-1.78_-10.07_-5.37_6.94_-43.76_3.94_29.81_22.81_0.9731_-0.0356_0.1274_-0.1887end2.42_-1.81_-10.06_-4.70_7.83_-43.76_3.94_29.44_23.75_0.9731_-0.0356_0.1274_-0.1887end2.42_-1.81_-10.06_-4.25_7.27_-43.53_3.94_29.44_23.75_0.9741_-0.0341_0.1284_-0.1832end,0.0,0.0,0.0
178,,0.0,0.0,0.0
179,,0.0,0.0,0.0
180,2.42_-1.81_-10.06_-3.69_6.60_-43.42_3.25_28.44_23.69_0.9741_-0.0341_0.1284_-0.1832end2.42_-1.81_-10.06_-2.80_6.27_-43.08_3.25_28.44_23.69_0.9747_-0.0332_0.1291_-0.1796end2.42_-1.81_-10.06_-2.24_5.15_-43.31_2.50_29.50_25.00_0.9747_-0.0332_0.1291_-0.1796end2.42_-1.81_-10.06_-1.34_4.36_-42.64_2.50_29.44_23.31_0.9756_-0.0322_0.1298_-0.1742end2.41_-1.74_-9.74_0.90_3.02_-42.30_1.81_28.75_24.12_0.9756_-0.0322_0.1298_-0.1742end2.38_-1.73_-9.63_1.90_3.13_-42.19_1.81_28.75_24.12_0.9765_-0.0316_0.1304_-0.1688end2.39_-1.73_-9.62_1.90_3.13_-42.19_1.81_28.75_24.12_0.9767_-0.0314_0.1307_-0.1669end2.39_-1.71_-9.50_1.90_3.13_-42.19_1.81_28.75_24.12_0.9767_-0.0314_0.130,0.0,0.0,0.0
181,7_-0.1669end2.40_-1.68_-9.37_1.90_3.13_-42.19_1.75_29.44_23.69_0.9776_-0.0314_0.1314_-0.1615end2.36_-1.71_-9.22_1.90_3.13_-42.19_1.75_29.44_23.69_0.9778_-0.0315_0.1317_-0.1597end2.32_-1.72_-9.07_8.84_2.69_-41.18_1.75_29.44_23.69_0.9778_-0.0315_0.1317_-0.1597end2.32_-1.72_-9.04_9.74_1.68_-40.85_1.44_29.12_23.31_0.9778_-0.0315_0.1317_-0.1597end2.32_-1.72_-9.04_9.74_1.68_-40.85_1.44_29.12_23.31_0.9789_-0.0321_0.1326_-0.1524end2.27_-1.76_-8.88_9.74_1.68_-40.85_1.44_29.12_23.31_0.9789_-0.0321_0.1326_-0.1524e,0.0,0.0,0.0
182,nd2.22_-1.81_-8.79_9.74_1.68_-40.85_1.44_29.12_23.31_0.9794_-0.0325_0.1329_-0.1489end2.19_-1.86_-8.75_9.06_1.01_-39.95_1.44_29.12_23.31_0.9794_-0.0325_0.1329_-0.1489end2.21_-1.89_-8.67_8.50_1.57_-39.84_1.44_29.12_23.31_0.9800_-0.0329_0.1334_-0.1436end2.15_-1.89_-8.65_7.27_2.01_-39.61_0.31_30.88_22.81_0.9800_-0.0329_0.1334_-0.143,0.0,0.0,0.0
183,6end2.15_-1.89_-8.65_7.27_2.01_-39.61_0.31_30.88_22.81_0.9805_-0.0330_0.1338_-0.1400end2.18_-1.90_-8.61_7.27_2.01_-39.61_0.31_30.88_22.81_0.9805_-0.0330_0.1338_-0.1400end,0.0,0.0,0.0
184,2.16_-1.90_-8.61_3.80_2.69_-39.17_0.31_30.88_22.81_0.9805_-0.0330_0.1338_-0.1400end2.16_-1.90_-8.61_3.80_2.69_-39.17_0.31_30.88_22.81_0.9814_-0.0328_0.1345_-0.1332end2.12_-1.87_-8.61_3.80_2.69_-39.17_-0.06_30.12_22.00_0.9814_-0.0328_0.1345_-0.1332end2.12_-1.89_-8.64_3.80_2.69_-39.17_-0.06_30.12_22.00_0.9814_-0.0328_0.1345_-0.133,0.0,0.0,0.0
185,,0.0,0.0,0.0
186,2end2.08_-1.80_-8.66_3.80_2.69_-39.17_-0.06_30.12_22.00_0.9814_-0.0328_0.1345_-0.1332end2.05_-1.85_-8.77_3.80_2.69_-39.17_-0.06_30.12_22.00_0.9824_-0.0316_0.1353_-0.1247end2.11_-1.85_-8.80_3.80_2.69_-39.17_-0.06_30.12_22.00_0.9827_-0.0312_0.1353_-0.1230end2.10_-1.85_-8.85_-3.13_0.00_-39.06_-0.06_30.12_22.00_0.9827_-0.0312_0.1353_-0.1230end2.10_-1.85_-8.85_-3.13_0.00_-39.06_-0.06_30.12_22.00_0.9833_-0.0301_0.1354_-0.1180end2.09_-1.85_-8.96_-3.13_0.00_-39.06_-0.06_30.12_22.00_0.9833_-0.0301_0.1354_-0.1180end,0.0,0.0,0.0
187,2.08_-1.81_-9.09_-3.13_0.00_-39.06_-0.06_30.12_22.00_0.9835_-0.0297_0.1353_-0.1163end2.08_-1.81_-9.09_-3.13_0.00_-39.06_-0.06_30.12_22.00_0.9842_-0.0283_0.1351_-0.1112end2.11_-1.80_-9.18_-3.13_0.00_-39.06_-0.06_30.12_22.00_0.9844_-0.0278_0.1350_-0.1095end2.14_-1.86_-9.34_-3.13_0.00_-39.06_-0.06_30.12_22.00_0.9846_-0.0274_0.1349_-0.1078end2.13_-1.86_-9.41_-5.82_-2.13_-41.18_-0.06_30.12_22.00_0.9846_-0.0274_0.1349_-0.1078end2.13_-1.86_-9.41_-5.37_-2.01_-41.52_-0.06_30.12_22.00_0.9850_-0.0264_0.1348_-0.1042end2.16_-1.83_-9.52_-5.37_-2.01_-41.52_-0.06_30.12_22.00_0.9854_-0.0255_0.1346_-0.1007end2.17_-1.85_-9.58_-4.70_-1.68_-41.85_-0.06_30.12_22.00_0.9854_-0.0255_0.1346_-0.1007end2.22_-1.83_-9.63_-4.70_-1.68_-41.85_-0.06_30.12_22.00_0.9858_-0.0247_0.1345_-0.0972end2.22_-1.83_-9.63_-2.69_-1.57_-42.75_-0.06_30.12_22.00_0.9860_-0.0242_0.1345_-0.0953end,0.0,0.0,0.0
188,,0.0,0.0,0.0
189,2.22_-1.83_-9.63_-2.69_-1.57_-42.75_-0.06_30.12_22.00_0.9864_-0.0236_0.1345_-0.0917end2.22_-1.83_-9.63_-1.23_-0.34_-43.53_-0.06_30.12_22.00_0.9866_-0.0233_0.1345_-0.0898end2.19_-1.86_-9.73_-0.11_0.00_-43.64_-0.06_30.12_22.00_0.9866_-0.0233_0.1345_-0.0898end2.17_-1.81_-9.68_-0.11_0.00_-43.64_-0.06_30.12_22.00_0.9871_-0.0225_0.1346_-0.0842end2.16_-1.82_-9.68_-0.11_0.00_-43.64_-0.06_30.12_22.00_0.9872_-0.0223_0.1348_-0.0822end2.21_-1.76_-9.71_-0.11_0.00_-43.64_-4.37_29.50_22.00_0.9872_-0.0223_0.1348_-0.0822end2.21_-1.76_-9.71_4.81_2.13_-44.87_-4.37_29.50_22.00_0.9876_-0.0222_0.1352_-0.0764end2.23_-1.71_-9.64_4.81_2.13_-44.87_-4.37_29.50_22.00_0.9877_-0.0222_0.1354_-0.0743end2.17_-1.72_-9.54_4.81_2.13_-44.87_-4.75_30.56_23.31_0.9877_-0.0222_0.1354_-0.0743end2.16_-1.68_-9.51_10.52_1.45_-44.43_-4.75_30.56_23.31_0.9877_-0.0222_0.1354_-0.0743end,0.0,0.0,0.0
190,,0.0,0.0,0.0
191,,0.0,0.0,0.0
192,2.15_-1.71_-9.45_10.52_1.45_-44.43_-5.12_29.50_24.12_0.9881_-0.0225_0.1358_-0.0683end2.15_-1.70_-9.38_11.97_1.01_-44.76_-5.12_29.50_24.12_0.9883_-0.0231_0.1360_-0.0643end2.19_-1.73_-9.28_11.97_1.01_-44.76_-5.12_29.50_24.12_0.9885_-0.0234_0.1362_-0.0623end2.15_-1.74_-9.21_14.88_-0.45_-44.20_-5.12_29.50_24.12_0.9885_-0.0234_0.1362_-0.0623end2.15_-1.74_-9.21_14.88_-0.45_-44.20_-5.87_29.81_22.87_0.9888_-0.0246_0.1363_-0.0563end2.12_-1.72_-9.00_14.88_-0.45_-44.20_-5.87_29.81_22.87_0.9889_-0.0251_0.1363_-0.0542end2.11_-1.77_-8.95_14.88_-0.45_-44.20_-5.87_29.81_22.87_0.9889_-0.0251_0.1363_-0.0542end2.13_-1.81_-8.89_14.88_-0.45_-44.20_-5.87_29.81_22.87_0.9891_-0.0261_0.1362_-0.0502end2.13_-1.81_-8.89_16.67_-3.69_-43.87_-5.87_29.87_23.69_0.9893_-0.0270_0.1361_-0.0462end2.16_-1.71_-8.83_16.67_-3.69_-43.87_-5.87_29.87_23.69_0.9893_-0.0270_0.1361_-0.0462end,0.0,0.0,0.0
193,,0.0,0.0,0.0
194,,0.0,0.0,0.0
195,2.14_-1.68_-8.82_16.67_-3.69_-43.87_-5.87_29.87_23.69_0.9894_-0.0280_0.1359_-0.0422end2.19_-1.66_-8.86_16.11_-3.69_-44.54_-5.87_29.87_23.69_0.9894_-0.0280_0.1359_-0.0422end2.14_-1.64_-8.86_15.55_-3.69_-44.99_-5.87_29.87_23.69_0.9897_-0.0293_0.1357_-0.0360end2.14_-1.69_-8.86_15.55_-3.69_-44.99_-6.87_29.81_21.50_0.9897_-0.0297_0.1356_-0.0339end2.20_-1.66_-8.83_15.55_-3.69_-44.99_-6.87_29.81_21.50_0.9898_-0.0301_0.1356_-0.0318end2.19_-1.64_-8.82_15.55_-3.69_-44.99_-8.00_29.81_21.12_0.9898_-0.0301_0.1356_-0.0318end2.14_-1.57_-8.93_13.54_-1.90_-45.66_-8.00_29.81_21.12_0.9899_-0.0308_0.1355_-0.0276end2.11_-1.57_-8.91_13.54_-1.90_-45.66_-8.00_29.81_21.12_0.9900_-0.0314_0.1355_-0.0234end2.11_-1.53_-8.91_13.54_-1.90_-45.66_-8.00_29.81_21.12_0.9901_-0.0318_0.1355_-0.0214end2.08_-1.49_-8.82_13.20_-0.56_-44.87_-8.00_29.81_21.12_0.9901_-0.0318_0.1355_-0.0214end,0.0,0.0,0.0
196,,0.0,0.0,0.0
197,2.08_-1.49_-8.82_13.20_-0.56_-44.87_-8.00_29.81_21.12_0.9901_-0.0328_0.1356_-0.0153end2.04_-1.41_-8.84_13.20_-0.56_-44.87_-8.00_29.81_21.12_0.9901_-0.0331_0.1356_-0.0132end2.00_-1.31_-8.85_15.55_-4.36_-42.75_-8.00_29.81_21.12_0.9902_-0.0336_0.1355_-0.0112end1.95_-1.21_-8.93_15.55_-4.36_-42.75_-8.00_29.81_21.12_0.9902_-0.0344_0.1353_-0.0073end1.95_-1.19_-9.09_15.55_-4.36_-42.75_-8.00_29.81_21.12_0.9902_-0.0349_0.1351_-0.0053end1.91_-0.98_-9.54_15.55_-4.36_-42.75_-8.00_29.81_21.12_0.9902_-0.0349_0.1351_-0.0053end1.91_-0.98_-9.54_15.33_-4.14_-42.08_-8.00_29.81_21.12_0.9902_-0.0357_0.1349_-0.0015end1.87_-0.73_-10.10_15.33_-4.14_-42.08_-8.00_29.81_21.12_0.9902_-0.0360_0.1348_0.0004end1.87_-0.73_-10.10_8.50_-4.81_-41.52_-8.75_30.19_21.12_0.9902_-0.0362_0.1347_0.0023end1.87_-0.73_-10.10_4.81_-6.71_-41.18_-8.75_30.19_21.12_0.9902_-0.0363_0.1345_0.0042end,0.0,0.0,0.0
198,,0.0,0.0,0.0
199,1.87_-0.73_-10.10_0.22_-9.96_-40.85_-8.75_30.19_21.12_0.9904_-0.0358_0.1337_0.0078end2.11_-0.94_-11.41_0.22_-9.96_-40.85_-8.75_30.19_21.12_0.9904_-0.0358_0.1337_0.0078end2.11_-0.94_-11.41_0.22_-9.96_-40.85_-8.75_30.19_21.12_0.9907_-0.0337_0.1313_0.0131end2.32_-1.20_-11.70_0.22_-9.96_-40.85_-8.75_30.19_21.12_0.9907_-0.0337_0.1313_0.0131end2.42_-1.31_-11.62_-23.16_-26.75_-43.08_-8.75_30.19_21.12_0.9907_-0.0337_0.1313_0.0131end2.39_-1.41_-11.48_-24.17_-26.07_-44.20_-9.44_28.81_21.50_0.9907_-0.0337_0.1313_0.0131end2.42_-1.47_-11.41_-23.95_-23.72_-45.43_-9.44_28.81_21.50_0.9913_-0.0276_0.1263_0.0222end2.34_-1.52_-11.36_-23.95_-23.72_-45.43_-9.44_28.81_21.50,0.0,0.0,0.0
200,_0.9914_-0.0265_0.1257_0.0242end2.32_-1.50_-11.30_-23.95_-23.72_-45.43_-9.44_28.81_21.50_0.9914_-0.0265_0.1257_0.0242end2.25_-1.46_-11.04_-23.95_-23.72_-45.43_-9.44_28.81_21.50_0.9914_-0.0265_0.1257_0.0242end,0.0,0.0,0.0
201,2.24_-1.45_-10.88_-23.95_-23.72_-45.43_-9.44_28.81_21.50_0.9913_-0.0239_0.1253_0.0324end2.24_-1.45_-10.88_-23.95_-23.72_-45.43_-11.31_29.19_21.50_0.9912_-0.0240_0.1254_0.0345end2.05_-1.01_-10.35_-23.95_-23.72_-45.43_-11.31_29.19_21.50_0.9911_-0.0243_0.1255_0.0366end1.98_-0.95_-10.26_23.28_-4.48_-43.76_-11.31_29.19_21.50_0.9911_-0.0243_0.1255_0.0366end1.91_-0.86_-10.07_36.26_-10.74_-40.85_-11.31_29.19_21.50_0.9911_-0.0243_0.1255_0.0366end1.92_-0.70_-9.82_36.26_-10.74_-40.85_-11.31_29.19_21.50_0.9908_-0.0286_0.1241_0.0447end1.91_-0.65_-9.67_36.26_-10.74_-40.85_-11.31_29.19_21.50_0.9908_-0.0302_0.1235_0.0468end1.89_-0.55_-9.30_36.26_-10.74_-40.85_-11.31_29.19_21.50_0.9907_-0.0343_0.1218_0.0508end1.91_-0.50_-9.11_36.26_-10.74_-40.85_-12.31_29.50_21.50_0.9906_-0.0365_0.1209_0.0528end1.85_-0.54_-8.88_36.26_-10.74_-40.85_-12.31_29.50_21.50_0.9906_-0.0365_0.1209_0.0528end,0.0,0.0,0.0
202,,0.0,0.0,0.0
203,,0.0,0.0,0.0
204,1.74_-0.52_-8.65_36.26_-10.74_-40.85_-12.31_29.50_21.50_0.9906_-0.0365_0.1209_0.0528end1.66_-0.50_-8.53_36.26_-10.74_-40.85_-12.31_29.50_21.50_0.9901_-0.0463_0.1176_0.0614end1.68_-0.54_-8.42_62.11_-13.88_-43.53_-12.31_29.50_21.50_0.9901_-0.0463_0.1176_0.0614end1.62_-0.59_-8.39_62.11_-13.88_-43.53_-13.44_28.81_19.81_0.9901_-0.0463_0.1176_0.0614end1.62_-0.59_-8.39_62.11_-13.88_-43.53_-13.06_30.56_19.81_0.9893_-0.0556_0.1152_0.0706end1.59_-0.49_-8.27_62.11_-13.88_-43.53_-13.06_30.56_19.81_0.9890_-0.0577_0.1147_0.0730end1.52_-0.39_-8.27_62.11_-13.88_-43.53_-13.44_30.56_19.44_0.9890_-0.0577_0.1147_0.0730end1.52_-0.39_-8.27_48.79_-10.74_-48.46_-13.44_30.56_19.44_0.9886_-0.0613_0.1137_0.0778end1.54_-0.30_-8.29_48.79_-10.74_-48.46_-13.44_30.56_19.44_0.9883_-0.0630_0.1132_0.0801end1.47_-0.20_-8.30_37.94_-12.20_-49.80_-13.44_30.56_19.44_0.9883_-0.0630_0.1132_0.0801end,0.0,0.0,0.0
205,,0.0,0.0,0.0
206,1.47_-0.20_-8.30_34.13_-11.86_-50.02_-13.44_30.56_19.44_0.9877_-0.0668_0.1117_0.0873end1.48_-0.05_-8.44_23.95_-11.08_-49.57_-13.44_30.56_19.44_0.9877_-0.0668_0.1117_0.0873end1.48_-0.05_-8.44_23.95_-11.08_-49.57_-16.00_30.56_18.50_0.9872_-0.0686_0.1108_0.0919end1.50_0.07_-8.76_23.95_-11.08_-49.57_-16.00_30.56_18.50_0.9868_-0.0699,0.0,0.0,0.0
207,_0.1100_0.0966end1.50_0.07_-8.76_14.77_-10.30_-49.01_-16.00_30.56_18.50_0.9865_-0.0704_0.1096_0.0989end1.56_0.10_-9.07_14.77_-10.30_-49.01_-16.00_30.56_18.50_0.9865_-0.0704_0.1096_0.0989end1.58_0.08_-9.44_14.77_-10.30_-49.01_-14.94_30.19_18.12_0.9865_-0.0704_0.1096_0.0989end1.61_0.10_-9.62_6.60_-11.19_-49.24_-14.94_30.19_18.12_0.9865_-0.0704_0.1096_0.0989end1.61_0.10_-9.62_4.59_-10.41_-49.80_-14.94_30.19_18.12_0.9855_-0.0709_0.1078_0.1101end1.66_0.18_-9.97_4.59_-10.41_-49.80_-15.63_30.88_18.06_0.9855_-0.0709_0.1078_0.1101end,0.0,0.0,0.0
208,,0.0,0.0,0.0
209,1.68_0.45_-10.39_4.59_-10.41_-49.80_-15.63_30.88_18.06_0.9853_-0.0707_0.1076_0.1124end1.66_0.58_-10.49_-1.34_-3.92_-54.50_-15.63_30.88_18.06_0.9853_-0.0707_0.1076_0.1124end1.66_0.58_-10.49_-1.34_-3.92_-54.50_-15.63_29.81_17.25_0.9846_-0.0698_0.1073_0.1194end1.52_0.88_-10.71_-0.78_-2.24_-54.95_-15.63_29.81_17.25_0.9840_-0.0693_0.1074_0.1243end1.47_0.97_-10.86_-0.78_-2.24_-54.95_-15.63_29.81_17.25_0.9840_-0.0693_0.1074_0.1243end1.45_0.96_-10.86_-0.78_-2.24_-54.95_-15.63_29.81_17.25_0.9833_-0.0689_0.1077_0.1292end1.43_0.89_-10.88_4.81_-0.22_-56.51_-15.63_29.81_17.25_0.9827_-0.0688_0.1080_0.1342end1.40_0.82_-10.92_8.28_-1.90_-56.51_-15.63_29.81_17.25_0.982,0.0,0.0,0.0
210,,0.0,0.0,0.0
211,3_-0.0689_0.1081_0.1367end1.32_0.56_-10.91_8.28_-1.90_-56.51_-17.12_29.19_18.50_0.9819_-0.0691_0.1081_0.1392end1.27_0.36_-10.77_13.09_-2.24_-56.06_-17.12_29.19_18.50_0.9819_-0.0691_0.1081_0.1392end1.27_0.36_-10.77_13.09_-2.24_-56.06_-17.12_29.19_18.50_0.9808_-0.0699_0.1081_0.1468end1.21_0.18_-10.50_13.09_-2.24_-56.06_-17.12_29.19_18.50_0.9803_-0.0703_0.1081_0.1493end1.21_0.18_-10.50_13.09_-2.24_-56.06_-18.50_28.44_17.62_0.9799_-0.0709_0.1081_0.1520end1.21_0.14_-10.27_21.60_-0.90_-57.74_-18.50_28.44_17.62_0.9799_-0.0709_0.1081_0.1520end1.21_0.14_-10.27_22.94_-1.23_-58.19_-18.50_28.44_17.62_0.9790_-0.0720_0.1082_0.1571end1.21_0.14_-10.27_22.94_-1.23_-58.19_-18.50_28.44_17.62_0.9780_-0.0735_0.1081_0.1625end1.10_0.14_-9.82_22.94_-1.23_-58.19_-19.62_28.12_17.62_0.9775_-0.0743_0.1080_0.1652end1.10_0.14_-9.82_26.97_-3.36_-60.76_-19.25_29.50_15.44_0.977,0.0,0.0,0.0
212,5_-0.0743_0.1080_0.1652end1.10_0.14_-9.82_27.86_-4.36_-61.44_-19.25_29.50_15.44_0.9764_-0.0760_0.1077_0.1708end1.10_0.14_-9.82_28.20_-5.48_-62.44_-19.94_27.75_17.19_0.9764_-0.0760_0.1077_0.1708end,0.0,0.0,0.0
213,,0.0,0.0,0.0
214,1.10_0.14_-9.82_28.31_-6.71_-64.57_-19.94_27.75_17.19_0.9748_-0.0787_0.1069_0.1793end0.98_-0.07_-9.30_28.31_-6.71_-64.57_-19.94_27.75_17.19_0.9742_-0.0795_0.1066_0.1824end0.94_-0.17_-9.09_28.31_-6.71_-64.57_-19.94_27.75_17.19_0.9742_-0.0795_0.1066_0.1824end0.93_-0.25_-9.03_25.74_-6.27_-70.28_-19.94_27.75_17.19_0.9742_-0.0795_0.1066_0.1824end0.85_-0.33_-8.93_25.74_-6.27_-70.28_-19.94_27.75_17.19_0.9716_-0.0827_0.1056_0.1949end0.82_-0.39_-8.91_25.74_-6.27_-70.28_-21.44_27.75_16.31_0.9709_-0.0834_0.1054_0.1982end0.75_-0.54_-8.84_22.05_-4.48_-74.75_-21.44_27.75_16.31_0.9709_-0.0834_0.1054_0.1982end0.65_-0.63_-8.90_22.05_-4.48_-74.75_-21.44_27.75_16.31_0.96,0.0,0.0,0.0
215,94_-0.0845_0.1052_0.2050end0.60_-0.69_-8.88_17.35_-1.34_-79.79_-21.44_27.75_16.31_0.9694_-0.0845_0.1052_0.2050end0.60_-0.69_-8.88_17.35_-1.34_-79.79_-21.44_27.13_17.19_0.9670_-0.0858_0.1053_0.2155end,0.0,0.0,0.0
216,0.52_-0.75_-8.91_17.35_-1.34_-79.79_-21.44_27.13_17.19_0.9662_-0.0861_0.1054_0.2190end0.48_-0.73_-8.90_17.35_-1.34_-79.79_-21.44_27.13_17.19_0.9662_-0.0861_0.1054_0.2190end0.47_-0.79_-8.95_9.96_-0.56_-87.73_-21.44_26.75_15.38_0.9662_-0.0861_0.1054_0.2190end0.47_-0.79_-8.95_9.96_-0.56_-87.73_-22.50_25.75_15.00_0.9635_-0.0865_0.10,0.0,0.0,0.0
217,60_0.2302end0.47_-0.79_-8.95_9.96_-0.56_-87.73_-22.50_25.75_15.00_0.9616_-0.0864_0.1064_0.2379end0.48_-0.86_-9.12_9.96_-0.56_-87.73_-23.94_25.75_16.25_0.9606_-0.0862_0.1066_0.2419end0.54_-0.96_-9.30_3.25_-3.36_-92.88_-23.94_25.75_16.25_0.9606_-0.0862_0.1066_0.2419end0.60_-0.98_-9.44_3.25_-3.36_-92.88_-23.94_25.75_16.25_0.9586_-0.0856_0.1069_0.2498end0.64_-0.98_-9.46_-1.90_-3.80_-97.58_-23.94_25.75_16.25_0.9586_-0.0856_0.1069_0.2498end0.64_-0.98_-9.46_-2.80_-3.47_-99.26_-23.94_25.75_16.25_0.9564_-0.0847_0.1072_0.2581end,0.0,0.0,0.0
218,,0.0,0.0,0.0
219,0.67_-0.96_-9.50_-3.80_-2.57_-100.60_-23.94_25.75_16.25_0.9564_-0.0847_0.1072_0.2581end0.67_-0.96_-9.50_-3.80_-2.57_-100.60_-25.75_24.69_15.88_0.9542_-0.0836_0.1077_0.2665end0.67_-0.96_-9.50_-4.36_-0.56_-102.95_-25.75_24.69_15.88_0.9517_-0.0822_0.1085_0.2751end0.80_-0.85_-9.76_-4.48_0.67_-103.96_-25.75_24.69_15.88_0.9492_-0.0809_0.1093_0.2838end0.80_-0.85_-9.76_-4.48_0.67_-103.96_-25.75_24.00_15.38_0.9479_-0.0803_0.1098_0.2881end0.91_-0.77_-9.89_-4.48_0.67_-103.96_-25.75_24.00_15.38_0.9465_-0.0798_0.1103_0.2926end0.93_-0.77_-9.96_-0.90_4.14_-106.65_-25.75_24.00_15.38_0.9465_-0.0798_0.1103_0.2926end0.94_-0.79_-9.98_-0.90_4.14_-106.65_-25.75_24.00_15.38_0.9421_-0.0785_0.1119_0.3060end0.96_-0.75_-9.98_-0.90_4.14_-106.65_-25.75_24.00_15.38_0.9407_-0.0782_0.1125_0.3105end1.02_-0.75_-10.00_-0.90_4.14_-106.65_-25.75_24.00_15.38_0.9407_-0.0782_0.1125_0.3105end,0.0,0.0,0.0
220,,0.0,0.0,0.0
221,1.06_-0.75_-9.96_8.62_5.60_-105.97_-25.75_24.00_15.38_0.9407_-0.0782_0.1125_0.3105end1.09_-0.73_-9.99_13.09_4.25_-104.86_-25.75_24.00_15.38_0.9360_-0.0779_0.1140_0.3238end1.15_-0.80_-9.99_13.09_4.25_-104.86_-25.75_24.00_15.38_0.9328_-0.0782_0.1146_0.3327end1.19_-0.80_-10.00_13.09_4.25_-104.86_-25.75_24.00_15.38_0.9312_-0.0784_0.1148_0.3370end1.22_-0.83_-9.95_13.09_4.25_-104.86_-25.75_24.00_15.38_0.9312_-0.0784_0.1148_0.3370end1.22_-0.89_-9.89_19.81_1.57_-102.51_-25.75_24.00_15.38_0.9312_-0.0784_0.1148_0.3370end1.22_-0.89_-9.89_19.81_1.57_-102.51_-30.06_19.56_13.62_0.9262_-0.0793_0.1152_0.3501end1.22_-0.89_-9.89_23.39_2.46_-102.28_-30.06_19.56_13.62_0.9229_-0.0803_0.1154_0.3586end1.22_-0.89_-9.89_26.19_4.59_-101.61_-30.06_19.56_13.62_0.9229_-0.0803_0.1154_0.3586end1.24_-1.07_-9.65_27.53_5.71_-101.27_-30.06_19.56_13.62_0.9229_-0.0803_0.1154_0.3586end,0.0,0.0,0.0
222,,0.0,0.0,0.0
223,1.24_-1.07_-9.65_27.53_5.71_-101.27_-30.06_17.81_14.87_0.9158_-0.0831_0.1159_0.3755end1.23_-1.13_-9.55_27.53_5.71_-101.27_-30.06_17.81_14.87_0.9139_-0.0839_0.1160_0.3798end1.27_-1.19_-9.54_27.53_5.71_-101.27_-30.06_17.81_14.87_0.9139_-0.0839_0.1160_0.3798end1.27_-1.19_-9.55_27.53_5.71_-101.27_-30.75_16.12_12.25_0.9139_-0.0839_0.1160_0.3798end1.26_-1.15_-9.52_34.24_5.82_-96.69_-30.75_16.12_12.25_0.9084_-0.0867_0.1163_0.3921end1.26_-1.15_-9.52_34.47_5.04_-96.35_-30.75_16.12_12.25_0.9066_-0.0876_0.1164_0.3961end1.26_-1.15_-9.52_34.47_5.04_-96.35_-30.75_15.75_11.81_0.9028_-0.0897_0.1163_0.4042end1.29_-0.94_-9.63_34.47_5.04_-96.35_-30.75_15.75_11.81_0.9010_-0.0906_0.1162_0.4081end1.38_-0.82_-9.64_37.04_3.92_-95.01_-30.75_15.75_11.81_0.9010_-0.0906_0.1162_0.4081end1.38_-0.82_-9.64_37.38_3.92_-94.67_-31.12_15.38_11.38_0.9010_-0.0906_0.1162_0.4081end,0.0,0.0,0.0
224,,0.0,0.0,0.0
225,,0.0,0.0,0.0
226,,0.0,0.0,0.0
227,1.38_-0.82_-9.64_38.16_2.91_-94.45_-31.12_15.38_11.38_0.8933_-0.0949_0.1155_0.4238end1.48_-0.64_-9.77_38.16_2.91_-94.45_-31.12_15.38_11.38_0.8913_-0.0960_0.1153_0.4278end1.54_-0.49_-9.97_38.16_2.91_-94.45_-31.12_15.38_11.38_0.8893_-0.0972_0.1151_0.4317end1.54_-0.49_-9.97_39.95_4.81_-94.22_-32.94_13.31_11.81_0.8893_-0.0972_0.1151_0.4317end1.51_-0.42_-10.01_39.61_6.38_-94.11_-32.94_13.31_11.81_0.8893_-0.0972_0.1151_0.4317end1.47_-0.25_-10.23_40.40_9.06_-93.67_-32.25_13.00_11.31_0.8832_-0.1008_0.1146_0.4434end1.47_-0.25_-10.23_40.62_10.97_-93.44_-32.25_13.00_11.31_0.8812_-0.1021_0.1146_0.4471end1.47_-0.17_-10.57_38.05_14.55_-91.65_-33.31_12.25_10.50_0.8812_-0.1021_0.1146_0.4471end1.52_-0.10_-11.11_36.48_15.11_-90.20_-33.31_11.94_9.19_0.8750_-0.1060_0.1152_0.4582end1.52_-0.10_-11.11_30.66_13.20_-87.40_-33.31_11.94_9.19_0.8729_-0.1071_0.1154_0.4617end,0.0,0.0,0.0
228,1.53_-0.13_-11.29_30.66_13.20_-87.40_-33.31_11.94_9.19_0.8689_-0.1091_0.1160_0.4686end1.81_-0.22_-11.76_30.66_13.20_-87.40_-33.31_11.94_9.19_0.8670_-0.1099_0.1161_0.4720end1.91_-0.30_-11.76_19.58_2.80_-82.92_-33.31_11.94_9.19_0.8670_-0.1099_0.1161_0.4720end1.99_-0.34_-11.71_19.58_2.80_-82.92_-34.00_9.88_10.38_0.8615_-0.1107_0.11,0.0,0.0,0.0
229,63_0.4817end2.03_-0.40_-11.55_19.58_2.80_-82.92_-34.00_9.88_10.38_0.8597_-0.1106_0.1161_0.4849end2.10_-0.41_-11.29_19.58_2.80_-82.92_-34.00_9.88_10.38_0.8580_-0.1105_0.1159_0.4880end2.11_-0.38_-11.12_11.30_-8.62_-78.33_-34.00_10.25_10.00_0.8580_-0.1105_0.1159_0.4880end2.07_-0.39_-10.98_12.98_-6.38_-77.66_-34.00_10.25_10.00_0.8580_-0.1105_0.1159_0.4880end2.07_-0.37_-10.65_12.98_-6.38_-77.66_-34.31_7.81_9.06_0.8511_-0.1105_0.1153_0.5002end2.10_-0.49_-10.40_12.98_-6.38_-77.66_-34.31_7.81_9.06_0.8493_-0.1109_0.1152_0.5031end,0.0,0.0,0.0
230,,0.0,0.0,0.0
231,2.10_-0.50_-10.26_27.19_2.35_-73.41_-34.31_7.81_9.06_0.8493_-0.1109_0.1152_0.5031end2.07_-0.52_-9.89_27.19_2.35_-73.41_-34.31_7.81_9.06_0.8493_-0.1109_0.1152_0.5031end2.07_-0.54_-9.69_27.19_2.35_-73.41_-34.31_7.81_9.06_0.8422_-0.1141_0.1138_0.5145end2.08_-0.52_-9.34_27.19_2.35_-73.41_-34.31_7.81_9.06_0.8405_-0.1152_0.1130_0.5173end2.11_-0.57_-9.17_27.19_2.35_-73.41_-33.94_6.50_9.13_0.8405_-0.1152_0.1130_0.5173end2.08_-0.64_-8.84_48.57_-16.90_-67.26_-33.94_6.50_9.13_0.8370_-0.1172_0.1106_0.5229end2.08_-0.64_-8.84_48.57_-16.90_-67.26_-33.94_6.50_9.13_0.8353_-0.1183_0.1091_0.5256end2.08_-0.64_-8.84_48.57_-16.90_-67.26_-33.94_6.50_9.13_0.8336_-0.1194_0.1075_0.5285end2.06_-0.86_-8.32_54.05_-23.16_-68.82_-33.94_6.50_9.13_0.8336_-0.1194_0.1075_0.5285end2.06_-0.86_-8.32_54.05_-23.16_-68.82_-33.94_6.50_9.13_0.8300_-0.1216_0.1041_0.5343end,0.0,0.0,0.0
232,,0.0,0.0,0.0
233,,0.0,0.0,0.0
234,2.09_-0.96_-8.11_54.05_-23.16_-68.82_-33.94_6.50_9.13_0.8300_-0.1216_0.1041_0.5343end2.09_-0.96_-8.11_54.05_-23.16_-68.82_-33.94_6.50_9.13_0.8242_-0.1251_0.0989_0.5433end2.03_-1.02_-7.95_54.05_-23.16_-68.82_-33.94_6.50_9.13_0.8242_-0.1251_0.0989_0.5433end1.99_-1.04_-7.98_54.05_-23.16_-68.82_-33.94_6.50_9.13_0.8242_-0.1251_0.0989_0.5433end1.99_-1.04_-7.98_54.05_-23.16_-68.82_-33.25_3.00_8.19_0.8242_-0.1251_0.0989_0.5433end1.83_-1.14_-8.15_54.05_-23.16_-68.82_-33.25_3.00_8.19_0.8242_-0.1251_0.0989_0.5433end1.83_-1.15_-8.32_54.05_-23.16_-68.82_-33.25_3.00_8.19_0.8086_-0.1328_0.0904_0.5660end1.76_-1.10_-8.40_39.17_-1.23_-89.75_-33.56_1.69_8.56_0.8086_-0.1328_0.0904_0.5660end1.76_-1.07_-8.49_36.15_0.90_-90.98_-33.56_1.69_8.56_0.8011_-0.1357_0.0891_0.5760end1.74_-0.90_-8.62_36.15_0.90_-90.98_-33.56_1.69_8.56_0.7986_-0.1365_0.0889_0.5794end,0.0,0.0,0.0
235,,0.0,0.0,0.0
236,,0.0,0.0,0.0
237,1.74_-0.71_-8.80_36.15_0.90_-90.98_-34.31_1.31_8.13_0.7986_-0.1365_0.0889_0.5794end1.76_-0.67_-8.95_22.94_-5.15_-92.10_-34.31_1.31_8.13_0.7986_-0.1365_0.0889_0.5794end1.80_-0.56_-9.23_22.94_-5.15_-92.10_-33.94_-0.06_8.56_0.7910_-0.1381_0.0883_0.5894end1.80_-0.56_-9.23_21.04_-7.83_-91.54_-33.94_-0.06_8.56_0.7886_-0.1383_0.0881_0.5927end1.80_-0.56_-9.23_21.04_-7.83_-91.54_-35.00_-0.37_8.50_0.7861_-0.1384_0.0878_0.5961end1.80_-0.56_-9.23_16.34_-11.19_-91.87_-35.00_-0.37_8.50_0.7811_-0.1384_0.0872_0.6025end2.16_-0.24_-10.22_16.34_-11.19_-91.87_-33.88_-1.44_9.38_0.7811_-0.1384_0.0872_0.6025end2.16_-0.24_-10.22_16.34_-11.19_-91.87_-33.88_-1.44_9.38_0.7735_-0,0.0,0.0,0.0
238,.1382_0.0867_0.6124end2.24_-0.11_-10.52_16.34_-11.19_-91.87_-33.88_-3.12_8.06_0.7709_-0.1384_0.0867_0.6157end2.32_-0.01_-10.96_16.34_-11.19_-91.87_-33.88_-3.12_8.06_0.7709_-0.1384_0.0867_0.6157end,0.0,0.0,0.0
239,2.34_-0.01_-11.01_16.34_-11.19_-91.87_-33.50_-4.19_8.06_0.7626_-0.1395_0.0873_0.6255end2.36_0.04_-11.16_16.34_-11.19_-91.87_-33.50_-4.19_8.06_0.7597_-0.1401_0.0876_0.6289end2.40_0.05_-11.29_16.34_-11.19_-91.87_-33.50_-4.19_8.06_0.7569_-0.1407_0.0878_0.6321end2.41_-0.03_-11.28_16.34_-11.19_-91.87_-33.50_-4.19_8.06_0.7540_-0.1414_0.0879_0.6354end2.44_-0.09_-11.26_27.19_3.47_-96.69_-33.50_-4.19_8.06_0.7482_-0.1426_0.0878_0.6420end2.41_-0.12_-11.20_27.19_3.47_-96.69_-32.81_-5.94_8.44_0.7453_-0.1432_0.0875_0.6453end2.39_-0.22_-11.03_27.19_3.47_-96.69_-32.44_-7.31_7.56_0.7424_-0.1438_0.0870_0.6485end2.38_-0.30_-10.79_35.81_-7.27_-94.67_-32.44_-7.31_7.56_0.74,0.0,0.0,0.0
240,24_-0.1438_0.0870_0.6485end2.40_-0.34_-10.56_35.81_-7.27_-94.67_-32.44_-7.31_7.56_0.7424_-0.1438_0.0870_0.6485end2.43_-0.32_-10.51_35.81_-7.27_-94.67_-32.44_-7.31_7.56_0.7307_-0.1464_0.0838_0.6616end,0.0,0.0,0.0
241,,0.0,0.0,0.0
242,2.43_-0.26_-10.32_35.81_-7.27_-94.67_-32.44_-7.31_7.56_0.7277_-0.1471_0.0827_0.6648end2.41_-0.26_-10.22_35.81_-7.27_-94.67_-32.06_-8.31_8.00_0.7277_-0.1471_0.0827_0.6648end2.41_-0.26_-10.22_48.90_-12.76_-92.88_-32.06_-8.31_8.00_0.7218_-0.1487_0.0803_0.6711end2.41_-0.23_-9.98_48.90_-12.76_-92.88_-32.06_-8.31_8.00_0.7186_-0.1498_0,0.0,0.0,0.0
243,.0789_0.6744end2.41_-0.23_-9.98_57.86_-12.31_-93.22_-32.06_-8.31_8.00_0.7186_-0.1498_0.0789_0.6744end2.41_-0.23_-9.98_57.86_-12.31_-93.22_-32.06_-8.31_8.00_0.7093_-0.1530_0.0745_0.6840end2.34_-0.17_-9.30_57.86_-12.31_-93.22_-29.87_-9.69_8.38_0.7093_-0.1530_0.0745_0.6840end2.32_-0.16_-9.17_60.76_-12.87_-93.44_-29.87_-9.69_8.38_0.7093_-0.1530_0.0745_0.6840end2.28_-0.15_-9.05_60.76_-12.87_-93.44_-31.00_-11.06_8.88_0.6967_-0.1581_0.0667_0.6965end2.30_-0.11_-8.97_60.76_-12.87_-93.44_-31.00_-11.06_8.88_0.6935_-0.1593_0.0650_0.6996end,0.0,0.0,0.0
244,,0.0,0.0,0.0
245,2.27_-0.07_-8.79_60.76_-12.87_-93.44_-31.00_-11.06_8.88_0.6935_-0.1593_0.0650_0.6996end2.28_-0.14_-8.77_60.76_-12.87_-93.44_-31.00_-11.06_8.88_0.6935_-0.1593_0.0650_0.6996end2.22_-0.10_-8.67_60.76_-12.87_-93.44_-31.00_-11.06_8.88_0.6870_-0.1614_0.0615_0.7059end2.22_-0.10_-8.67_60.76_-12.87_-93.44_-28.75_-12.81_9.25_0.6773_-0.164,0.0,0.0,0.0
246,2_0.0559_0.7150end2.29_-0.11_-8.53_60.76_-12.87_-93.44_-28.75_-12.81_9.25_0.6741_-0.1651_0.0538_0.7180end2.27_-0.07_-8.41_60.76_-12.87_-93.44_-28.75_-12.81_9.25_0.6741_-0.1651_0.0538_0.7180end2.30_-0.11_-8.41_51.03_-19.92_-92.99_-28.75_-12.81_9.25_0.6741_-0.1651_0.0538_0.7180end2.30_-0.11_-8.41_47.45_-19.36_-93.55_-28.75_-12.81_9.25_0.6644_-0.1673_0.0482_0.7268end2.32_-0.07_-8.29_47.45_-19.36_-93.55_-28.75_-12.81_9.25_0.6580_-0.1686_0.0450_0.7325end2.32_-0.07_-8.29_44.31_-17.68_-93.55_-27.00_-15.19_10.00_0.6580_-0.1686_0.0450_0.7325end,0.0,0.0,0.0
247,2.30_-0.11_-8.28_42.30_-16.79_-93.55_-27.00_-15.19_10.00_0.6580_-0.1686_0.0450_0.7325end2.32_-0.14_-8.24_40.62_-16.00_-93.11_-27.00_-15.19_10.00_0.6481_-0.1702_0.0410_0.7411end2.32_-0.14_-8.24_40.62_-16.00_-93.11_-27.00_-15.19_10.00_0.6449_-0.1706_0.0399_0.7439end2.32_-0.14_-8.24_37.60_-14.10_-92.66_-24.75_-15.25_9.63_0.6449_-0.1706_0.0399_0.7439end2.32_-0.14_-8.24_34.47_-12.09_-92.55_-24.75_-15.25_9.63_0.6449_-0.1706_0.0399_0.7439end2.32_-0.14_-8.24_34.47_-12.09_-92.55_-25.12_-15.94_10.88_0.6351_-0.1719_0.0370_0.7521end2.32_-0.14_-8.24_34.47_-12.09_-92.55_-25.12_-15.94_10.88_0.6254_-0.1730_0.0348_0.7601end2.32_-0.10_-8.33_34.47_-12.09_-92.55_-24.06_-16.62_10.06_0.6222_-0.1733_0.0341_0.7626end2.34_-0.09_-8.36_34.47_-12.09_-92.55_-24.06_-16.62_10.06_0.6190_-0.1736_0.0334_0.7653end2.34_-0.07_-8.38_25.40_-14.32_-89.19_-22.62_-17.31_10.88_0.6190_-0.1736_0.0334_0.7653end,0.0,0.0,0.0
248,,0.0,0.0,0.0
249,,0.0,0.0,0.0
250,,0.0,0.0,0.0
251,2.36_-0.09_-8.40_25.40_-14.32_-89.19_-22.62_-17.31_10.88_0.6127_-0.1737_0.0321_0.7703end2.37_-0.17_-8.52_25.40_-14.32_-89.19_-22.62_-17.31_10.88_0.6064_-0.1735_0.0308_0.7753end2.43_-0.22_-8.54_25.40_-14.32_-89.19_-22.62_-17.31_10.88_0.6064_-0.1735_0.0308_0.7753end2.46_-0.25_-8.52_25.40_-14.32_-89.19_-22.62_-17.31_10.88_0.6003_-0.1729_0.0298_0.7803end2.50_-0.35_-8.63_15.55_-21.26_-88.52_-22.62_-17.31_10.88_0.5941_-0.1721_0.0287_0.7852end2.49_-0.36_-8.71_15.55_-21.26_-88.52_-22.62_-17.31_10.88_0.5911_-0.1716_0.0283_0.7877end2.54_-0.40_-8.73_15.55_-21.26_-88.52_-21.12_-18.00_10.44_0.5911_-0.1716_0.0283_0.7877end2.53_-0.43_-8.79_9.62_-16.00_-88.41_-21.12_-18.00_10.44_0.5817_-0.1703_0.0275_0.7949end2.55_-0.41_-8.84_9.62_-16.00_-88.41_-21.12_-18.00_10.44_0.5817_-0.1703_0.0275_0.7949end2.60_-0.43_-8.91_9.62_-16.00_-88.41_-20.06_-19.37_11.75_0.5817_-0.1703_0.0275_0.7949end,0.0,0.0,0.0
252,,0.0,0.0,0.0
253,2.60_-0.43_-8.91_7.95_-14.66_-87.29_-20.06_-19.37_11.75_0.5724_-0.1691_0.0272_0.8019end2.60_-0.43_-8.91_7.61_-14.88_-86.28_-20.06_-19.37_11.75_0.5663_-0.1683_0.0272_0.8064end2.59_-0.54_-9.05_7.61_-14.88_-86.28_-18.94_-19.69_10.81_0.5663_-0.1683_0.0272_0.8064end2.59_-0.54_-9.05_5.93_-15.00_-83.82_-18.94_-19.69_10.81_0.5603_-0.1673_0.0271_0.8107end2.69_-0.56_-9.16_5.93_-15.00_-83.82_-18.94_-19.69_10.81_0.5573_-0.1668_0.0270_0.8129end2.69_-0.56_-9.16_5.15_-15.33_-81.69_-18.94_-19.69_10.81_0.5544_-0.1663_0.0270_0.8151end2.75_-0.57_-9.34_5.15_-15.33_-81.69_-18.94_-19.69_10.81_0.5486_-0.1652_0.0271_0.8191end2.77_-0.54_-9.38_5.15_-15.33_-81.69_-18.94_-19.69_10.81_0.5486_-0.1652_0.0271_0.8191end2.79_-0.55_-9.48_5.15_-15.33_-81.69_-18.94_-19.69_10.81_0.5429_-0.1642_0.0271_0.8232end2.81_-0.52_-9.48_5.04_-14.21_-78.56_-18.94_-19.69_10.81_0.5429_-0.1642_0.0271_0.8232end,0.0,0.0,0.0
254,,0.0,0.0,0.0
255,,0.0,0.0,0.0
256,2.81_-0.52_-9.48_5.71_-13.32_-77.55_-18.94_-19.69_10.81_0.5429_-0.1642_0.0271_0.8232end2.81_-0.52_-9.48_6.04_-12.65_-77.22_-18.94_-19.69_10.81_0.5317_-0.1624_0.0269_0.8308end2.72_-0.62_-9.41_6.04_-12.65_-77.22_-18.94_-19.69_10.81_0.5317_-0.1624_0.0269_0.8308end2.72_-0.62_-9.41_8.62_-10.85_-73.63_-18.94_-19.69_10.81_0.5234_-0.1614_0.0266_0.8362end2.65_-0.73_-9.30_8.62_-10.85_-73.63_-16.06_-20.44_11.31_0.5207_-0.1611_0.0265_0.8380end2.65_-0.87_-9.26_8.62_-10.85_-73.63_-16.06_-20.44_11.31_0.5179_-0.1608_0.0264_0.8397end2.67_-0.92_-9.29_8.95_-11.97_-70.28_-16.06_-20.44_11.31_0.5179_-0.1608_0.0264_0.8397end2.67_-0.92_-9.29_9.18_-11.97_-67.70_-15.31_-20.75_11.31_0.5128_-0.1602_0.0259_0.8431end2.67_-0.92_-9.29_9.18_-11.97_-67.70_-15.31_-20.75_11.31_0.5077_-0.1595_0.0255_0.8463end2.62_-0.93_-9.12_9.18_-11.97_-67.70_-15.31_-20.75_11.31_0.5052_-0.1592_0.0253_0.8478end,0.0,0.0,0.0
257,,0.0,0.0,0.0
258,2.62_-0.94_-9.06_9.18_-11.97_-67.70_-16.44_-20.75_11.69_0.5052_-0.1592_0.0253_0.8478end2.57_-0.92_-9.00_9.18_-11.97_-67.70_-15.31_-20.75_12.13_0.5052_-0.1592_0.0253_0.8478end2.57_-0.92_-9.00_14.10_-9.18_-60.09_-15.31_-20.75_12.13_0.4957_-0.1585_0.0242_0.8536end2.55_-0.96_-8.92_14.10_-9.18_-60.09_-15.31_-20.75_12.13_0.4933_-0.1584_0.0237_0.8550end2.53_-0.98_-8.88_14.10_-9.18_-60.09_-14.63_-20.81_11.31_0.4933_-0.1584_0.0237_0.8550end2.53_-0.98_-8.88_15.44_-11.97_-56.74_-14.63_-20.81_11.31_0.4911_-0.1582_0.0234_0.8563end2.53_-0.98_-8.88_16.00_-16.34_-53.04_-14.63_-20.81_11.31_0.4847_-0.1573_0.0217_0.8601end2.53_-1.04_-8.65_16.00_-16.34_-53.04_-14.63_-20.8,0.0,0.0,0.0
259,1_11.31_0.4828_-0.1569_0.0210_0.8613end2.51_-1.02_-8.63_16.00_-16.34_-53.04_-14.63_-20.81_11.31_0.4828_-0.1569_0.0210_0.8613end2.55_-1.04_-8.61_16.67_-22.60_-48.46_-14.63_-20.81_11.31_0.4828_-0.1569_0.0210_0.8613end,0.0,0.0,0.0
260,,0.0,0.0,0.0
261,,0.0,0.0,0.0
262,2.55_-1.04_-8.61_16.67_-22.60_-48.46_-13.13_-20.75_12.63_0.4770_-0.1553_0.0185_0.8649end2.51_-1.04_-8.54_16.67_-22.60_-48.46_-13.13_-20.75_12.63_0.4770_-0.1553_0.0185_0.8649end2.49_-1.04_-8.49_14.77_-20.81_-45.77_-13.13_-20.75_12.63_0.4770_-0.1553_0.0185_0.8649end2.49_-1.04_-8.49_13.99_-19.58_-45.55_-13.88_-20.44_13.44_0.4770_-0.1553_0.0185_0.8649end2.49_-1.04_-8.49_11.86_-18.91_-44.43_-13.88_-20.44_13.44_0.4661_-0.1520_0.0140_0.8715end2.47_-1.06_-8.40_11.86_-18.91_-44.43_-13.88_-20.44_13.44_0.4644_-0.1516_0.0134_0.8724end2.42_-1.10_-8.34_9.18_-19.36_-43.76_-13.88_-20.44_13.44_0.4644_-0.1516_0.0134_0.8724end2.36_-1.16_-8.31_9.18_-19.36_-43.76_-13.88_-2,0.0,0.0,0.0
263,,0.0,0.0,0.0
264,,0.0,0.0,0.0
265,0.44_13.44_0.4611_-0.1503_0.0124_0.8745end2.37_-1.19_-8.41_4.03_-21.26_-42.08_-13.88_-20.44_13.44_0.4611_-0.1503_0.0124_0.8745end2.38_-1.26_-8.38_4.03_-21.26_-42.08_-13.88_-20.44_13.44_0.4562_-0.1481_0.0112_0.8774end2.36_-1.24_-8.38_4.03_-21.26_-42.08_-12.06_-19.37_12.63_0.4545_-0.1472_0.0109_0.8784end2.34_-1.32_-8.41_4.03_-21.26_-42.08_-12.06_-19.37_12.63_0.4545_-0.1472_0.0109_0.8784end2.34_-1.32_-8.41_4.03_-21.26_-42.08_-12.06_-19.37_12.63_0.4500_-0.1445_0.0105_0.8812end2.34_-1.33_-8.48_4.03_-21.26_-42.08_-12.06_-19.37_12.63_0.4485_-0.1435_0.0105_0.8821end2.32_-1.34_-8.83_-11.75_-19.70_-38.94_-12.06_-19.37_12.63_0.4471_-0.1425_0.0106_0.8830end2.36_-1.26_-9.18_-11.75_-19.70_-38.94_-12.06_-19.37_12.63_0.4457_-0.1415_0.0108_0.8839end2.40_-1.18_-9.46_-11.75_-19.70_-38.94_-12.37_-19.37_12.63_0.4429_-0.1395_0.0115_0.8856end2.40_-1.08_-9.96_-11.75_-19.70_-38.94_-12.37_-19.37_12.63_0.4429_-0.1395_0.0115_0.8856end2.43_-0.94_-10.56_-11.75_-19.70_-38.94_-12.37_-19.37_12.63_0.4390_-0.1364_0.0134_0.8880end2.45_-0.83_-10.82_-11.75_-19.70_-38.94_-12.37_-19.37_12.63_0.4377_-0.1353_0.0142_0.8888end,0.0,0.0,0.0
266,2.52_-0.65_-11.45_-31.45_-15.55_-35.25_-12.37_-19.37_12.63_0.4377_-0.1353_0.0142_0.8888end2.59_-0.58_-11.93_-31.45_-15.55_-35.25_-12.37_-19.37_12.63_0.4341_-0.1316_0.0172_0.8911end2.66_-0.55_-12.11_-31.45_-15.55_-35.25_-11.38_-20.44_13.44_0.4330_-0.1302_0.0184_0.8918end2.76_-0.75_-12.27_-31.45_-15.55_-35.25_-11.38_-20.44_13.44_0.4318_-0.1287_0.0197_0.8925end2.80_-0.85_-12.36_-39.50_-22.83_-33.80_-10.63_-20.44_13.44_0.4308_-0.1271_0.0209_0.8932end2.89_-0.96_-12.35_-40.17_-24.28_-33.12_-10.63_-20.44_13.44_0.4308_-0.1271_0.0209_0.8932end2.89_-0.96_-12.35_-40.17_-24.28_-33.12_-10.63_-20.44_13.44_0.4276_-0.1219_0.0247_0.8954end2.88_-1.19_-12.23_-40.17_-24.2,0.0,0.0,0.0
267,8_-33.12_-10.63_-19.75_12.13_0.4276_-0.1219_0.0247_0.8954end2.87_-1.17_-12.02_-35.59_-21.49_-33.46_-10.63_-19.75_12.13_0.4265_-0.1203_0.0259_0.8961end2.87_-1.17_-12.02_-27.08_-15.55_-33.57_-10.63_-19.75_12.13_0.4254_-0.1188_0.0269_0.8967end,0.0,0.0,0.0
268,2.87_-1.17_-12.02_-27.08_-15.55_-33.57_-10.63_-19.75_12.13_0.4231_-0.1165_0.0288_0.8981end2.68_-1.20_-11.68_-27.08_-15.55_-33.57_-10.25_-19.75_13.00_0.4208_-0.1151_0.0298_0.8994end2.55_-1.14_-11.39_-27.08_-15.55_-33.57_-10.25_-19.75_13.00_0.4196_-0.1147_0.0301_0.9000end2.50_-1.09_-11.24_4.81_-4.14_-28.98_-10.25_-19.75_13.00_0.4196_-0.1147_0.0301_0.9000end2.37_-0.94_-10.95_4.81_-4.14_-28.98_-9.88_-19.75_13.94_0.4196_-0.1147_0.0301_0.9000end2.37_-0.94_-10.95_4.81_-4.14_-28.98_-9.88_-19.75_13.94_0.4151_-0.1145_0.0283_0.9021end2.17_-0.77_-10.43_4.81_-4.14_-28.98_-9.88_-19.75_13.94_0.4141_-0.1147_0.0271_0.9026end2.16_-0.69_-10.32_4.81_-4.14_-28.98_-9.88_-19.75_13.94_0.4131_-0.1149_0.0256_0.9031end2.05_-0.56_-10.16_4.81_-4.14_-28.98_-9.88_-19.75_13.94_0.4131_-0.1149_0.0256_0.9031end2.08_-0.49_-10.05_46.33_-16.67_-17.46_-9.88_-19.75_13.94_0.4103_-0.1153_0.0198_0.9044end,0.0,0.0,0.0
269,,0.0,0.0,0.0
270,,0.0,0.0,0.0
271,2.04_-0.37_-9.84_46.33_-16.67_-17.46_-11.00_-19.00_14.75_0.4095_-0.1153_0.0174_0.9048end1.92_-0.33_-9.73_46.33_-16.67_-17.46_-11.00_-19.00_14.75_0.4087_-0.1153_0.0149_0.9052end1.91_-0.32_-9.58_55.62_-25.40_-14.44_-11.75_-19.00_14.81_0.4087_-0.1153_0.0149_0.9052end1.79_-0.32_-9.38_56.29_-25.29_-14.44_-11.75_-19.00_14.81_0.4087_-0.1153_0.0149_0.9052end1.77_-0.31_-9.33_56.29_-25.29_-14.44_-11.75_-19.00_14.81_0.4053_-0.1151_0.0044_0.9069end1.70_-0.38_-9.21_56.29_-25.29_-14.44_-11.75_-19.00_14.81_0.4045_-0.1151_0.0018_0.9073end1.68_-0.38_-9.11_53.27_-24.06_-16.23_-11.75_-19.00_14.81_0.4045_-0.1151_0.0018_0.9073end1.60_-0.36_-9.02_53.27_-24.06_-16.23_-10.25_,0.0,0.0,0.0
272,-18.00_15.69_0.4017_-0.1149_-0.0055_0.9085end1.60_-0.35_-8.99_44.87_-26.97_-18.46_-10.25_-18.00_15.69_0.4008_-0.1146_-0.0078_0.9089end1.55_-0.40_-8.99_44.87_-26.97_-18.46_-11.38_-17.69_15.25_0.3998_-0.1143_-0.0100_0.9094end,0.0,0.0,0.0
273,,0.0,0.0,0.0
274,1.53_-0.35_-9.03_44.87_-26.97_-18.46_-11.38_-17.69_15.25_0.3989_-0.1137_-0.0120_0.9099end1.51_-0.40_-9.13_34.02_-32.68_-20.37_-11.38_-17.69_15.25_0.3969_-0.1122_-0.0158_0.9108end1.53_-0.29_-9.21_34.02_-32.68_-20.37_-10.63_-18.00_16.56_0.3959_-0.1114_-0.0175_0.9114end1.51_-0.28_-9.25_22.49_-34.24_-22.60_-10.63_-18.00_16.56_0.3949_-0.1104_-0.0189_0.9119end1.45_-0.14_-9.32_22.49_-34.24_-22.60_-9.94_-17.31_16.06_0.3949_-0.1104_-0.0189_0.9119end1.43_-0.05_-9.44_22.49_-34.24_-22.60_-9.94_-17.31_16.06_0.3917_-0.1073_-0.0225_0.9136end1.43_0.01_-9.46_22.49_-34.24_-22.60_-11.75_-17.62_16.94_0.3905_-0.1062_-0.0234_0.9141end1.40_0.16_-9.56_4.48_-28.54_-29.21_-11.7,0.0,0.0,0.0
275,5_-17.62_16.94_0.3905_-0.1062_-0.0234_0.9141end1.40_0.16_-9.56_2.13_-28.09_-30.66_-11.75_-17.62_16.94_0.3882_-0.1041_-0.0247_0.9153end1.40_0.16_-9.56_2.13_-28.09_-30.66_-11.75_-17.62_16.94_0.3857_-0.1019_-0.0257_0.9166end,0.0,0.0,0.0
276,,0.0,0.0,0.0
277,1.54_0.21_-10.14_2.13_-28.09_-30.66_-11.00_-16.62_17.44_0.3843_-0.1008_-0.0260_0.9173end1.56_0.23_-10.09_-3.13_-24.28_-35.14_-11.00_-16.62_17.44_0.3843_-0.1008_-0.0260_0.9173end1.56_0.23_-10.09_-3.13_-24.28_-35.14_-11.38_-16.94_16.56_0.3800_-0.0979_-0.0265_0.9194end1.48_0.33_-10.10_-3.13_-24.28_-35.14_-11.38_-16.94_16.56_0.3784_-0.0972_-0.0265_0.9202end1.41_0.34_-9.98_-3.13_-24.28_-35.14_-9.94_-17.31_16.06_0.3784_-0.0972_-0.0265_0.9202end1.39_0.23_-9.91_-3.13_-24.28_-35.14_-9.94_-17.31_16.06_0.3784_-0.0972_-0.0265_0.9202end1.29_0.18_-9.80_-3.13_-24.28_-35.14_-9.94_-17.31_16.06_0.3713_-0.0953_-0.0265_0.9232end1.29_0.18_-9.80_3.02_-6.83_-47.67_-9.94_-17.31_16.06_0.3694_-0.0952_-0.0265_0.9240end1.34_0.18_-9.68_3.02_-6.83_-47.67_-9.94_-17.31_16.06_0.3694_-0.0952_-0.0265_0.9240end1.34_0.18_-9.68_3.02_-6.83_-47.67_-11.00_-17.31_16.94_0.3655_-0.0948_-0.0268_0.9256end,0.0,0.0,0.0
278,,0.0,0.0,0.0
279,,0.0,0.0,0.0
280,1.31_0.06_-9.51_9.85_-10.30_-50.81_-11.00_-17.31_16.94_0.3613_-0.0944_-0.0274_0.9272end1.31_0.06_-9.51_9.85_-10.30_-50.81_-11.75_-17.31_18.25_0.3613_-0.0944_-0.0274_0.9272end1.31_0.06_-9.51_11.75_-11.08_-51.81_-11.75_-17.31_18.25_0.3570_-0.0939_-0.0283_0.9290end1.34_0.10_-9.43_11.75_-11.08_-51.81_-11.75_-17.31_18.25_0.3547_-0.0937_-0.0289_0.9298end1.34_0.10_-9.43_14.66_-12.31_-54.39_-11.75_-17.31_18.25_0.3525_-0.0935_-0.0294_0.9307end1.38_0.09_-9.25_14.66_-12.31_-54.39_-11.75_-17.31_18.25_0.3478_-0.0931_-0.0306_0.9324end1.38_0.02_-9.09_14.66_-12.31_-54.39_-10.31_-16.25_17.44_0.3454_-0.0929_-0.0312_0.9333end1.37_-0.03_-9.00_14.66_-12.31_-54.39_-10.31_-1,0.0,0.0,0.0
281,6.25_17.44_0.3430_-0.0928_-0.0318_0.9342end1.37_-0.03_-9.00_14.66_-12.31_-54.39_-10.63_-17.31_19.12_0.3378_-0.0927_-0.0329_0.9360end1.35_-0.07_-8.75_14.66_-12.31_-54.39_-10.63_-17.31_19.12_0.3378_-0.0927_-0.0329_0.9360end,0.0,0.0,0.0
282,,0.0,0.0,0.0
283,1.34_-0.11_-8.71_14.66_-12.31_-54.39_-10.63_-17.31_19.12_0.3326_-0.0928_-0.0339_0.9379end1.35_-0.15_-8.69_14.77_-3.69_-64.46_-10.63_-17.31_19.12_0.3326_-0.0928_-0.0339_0.9379end1.35_-0.15_-8.69_14.77_-3.69_-64.46_-10.63_-17.31_19.12_0.3244_-0.0931_-0.0351_0.9407end1.36_-0.13_-8.61_14.77_-3.69_-64.46_-10.63_-17.31_19.12_0.3217_-0.0933_-0.0355_0.9416end1.36_-0.14_-8.59_14.77_-3.69_-64.46_-10.63_-17.31_19.12_0.3187_-0.0934_-0.0358_0.9426end1.38_-0.19_-8.48_14.77_-3.69_-64.46_-10.63_-17.31_19.12_0.3159_-0.0934_-0.0360_0.9435end1.38_-0.19_-8.48_8.84_-3.92_-69.72_-10.25_-18.62_18.25_0.3159_-0.0934_-0.0360_0.9435end1.38_-0.19_-8.48_8.84_-3.92_-69.72_-10.25_-18.62_18.25_0.3071_-0.0935_-0.0364_0.9464end1.38_-0.25_-8.38_8.84_-3.92_-69.72_-10.25_-19.69_18.19_0.3041_-0.0936_-0.0364_0.9473end1.37_-0.30_-8.32_3.47_-0.45_-72.74_-10.25_-19.69_18.19_0.2981_-0.0937_-0.0361_0.9492end,0.0,0.0,0.0
284,1.37_-0.30_-8.32_3.47_-0.45_-72.74_-10.25_-18.31_19.12_0.2950_-0.0940_-0.0359_0.9502end1.38_-0.30_-8.36_3.47_-0.45_-72.74_-9.88_-18.37_17.81_0.2921_-0.0942_-0.0356_0.9511end1.41_-0.33_-8.52_-3.02_9.51_-74.19_-9.88_-18.37_17.81_0.2921_-0.0942_-0.0356_0.9511end1.41_-0.33_-8.52_-3.02_9.51_-74.19_-9.94_-18.00_18.25_0.2828_-0.0954_-0.0341_0.9538end1.48_-0.30_-8.61_-3.02_9.51_-74.19_-9.94_-18.00_18.25_0.2797_-0.0959_-0.0334_0.9547end1.47_-0.18_-8.76_-3.02_9.51_-74.19_-9.94_-18.00_18.25_0.2797_-0.0959_-0.0334_0.9547end1.47_-0.15_-8.78_-3.02_9.51_-74.19_-9.56_-19.00_19.12_0.2797_-0.0959_-0.0334_0.9547end1.47_-0.15_-8.78_-5.71_20.81_-72.07_-9.56_-19.00_19.12_0.2708_-0.0980_-0.0314_0.9572end1.47_-0.15_-8.78_-5.71_20.81_-72.07_-9.56_-19.31_19.56_0.2678_-0.0989_-0.0305_0.9579end1.47_-0.15_-8.78_-5.60_22.72_-70.39_-9.56_-19.31_19.56_0.2620_-0.1007_-0.0290_0.9594end,0.0,0.0,0.0
285,,0.0,0.0,0.0
286,1.48_0.03_-9.13_-5.60_22.72_-70.39_-9.56_-19.31_19.56_0.2590_-0.1017_-0.0282_0.9601end1.48_0.03_-9.13_-5.48_21.71_-68.15_-9.56_-19.31_19.56_0.2562_-0.1026_-0.0274_0.9608end1.57_0.12_-9.39_-5.48_21.71_-68.15_-9.56_-19.31_19.56_0.2508_-0.1044_-0.0259_0.9620end1.61_0.14_-9.43_-5.48_21.71_-68.15_-9.56_-19.31_19.56_0.2508_-0.1044_-0.,0.0,0.0,0.0
287,0259_0.9620end1.61_0.14_-9.43_-5.48_21.71_-68.15_-9.56_-19.31_19.56_0.2481_-0.1052_-0.0252_0.9626end1.61_0.14_-9.43_-5.48_21.71_-68.15_-10.63_-19.69_19.12_0.2481_-0.1052_-0.0252_0.9626end1.62_0.20_-9.38_-5.48_21.71_-68.15_-10.63_-19.69_19.12_0.2382_-0.1083_-0.0227_0.9649end1.62_0.20_-9.38_-0.67_19.47_-55.06_-9.88_-19.69_18.69_0.2359_-0.1092_-0.0222_0.9654end1.61_0.09_-9.31_-0.67_19.47_-55.06_-9.88_-19.69_18.69_0.2336_-0.1100_-0.0218_0.9658end1.60_0.09_-9.29_-0.67_19.47_-55.06_-9.88_-19.69_18.69_0.2336_-0.1100_-0.0218_0.9658end,0.0,0.0,0.0
288,,0.0,0.0,0.0
289,,0.0,0.0,0.0
290,1.60_0.09_-9.29_2.57_17.23_-47.78_-9.88_-19.69_18.69_0.2273_-0.1124_-0.0207_0.9671end1.66_-0.01_-9.21_2.57_17.23_-47.78_-9.88_-19.69_18.69_0.2273_-0.1124_-0.0207_0.9671end1.70_-0.04_-9.16_2.57_17.23_-47.78_-9.88_-19.69_18.69_0.2234_-0.1138_-0.0202_0.9678end1.71_-0.04_-9.23_2.35_10.41_-40.51_-9.88_-19.69_18.69_0.2234_-0.1138_-0.0202_0.9678end1.71_-0.04_-9.23_2.35_10.41_-40.51_-9.88_-19.69_18.69_0.2178_-0.1154_-0.0196_0.9689end1.74_-0.09_-9.41_2.35_10.41_-40.51_-8.81_-20.37_19.12_0.2162_-0.1157_-0.0193_0.9693end1.95_-0.04_-9.61_2.35_10.41_-40.51_-8.81_-20.37_19.12_0.2162_-0.1157_-0.0193_0.9693end1.96_0.00_-9.64_-0.67_5.37_-35.70_-8.81_-20.37_19.12_0.2162_-0.1157_-0.0193_0.9693end1.96_0.00_-9.64_-0.67_5.37_-35.70_-10.25_-20.69_20.00_0.2116_-0.1165_-0.0186_0.9702end1.98_0.14_-9.99_-0.67_5.37_-35.70_-10.25_-20.69_20.00_0.2086_-0.1168_-0.0180_0.9708end,0.0,0.0,0.0
291,,0.0,0.0,0.0
292,1.96_0.20_-10.16_-3.80_2.80_-31.56_-8.44_-21.75_19.56_0.2086_-0.1168_-0.0180_0.9708end1.96_0.32_-10.44_-3.80_2.80_-31.56_-8.44_-21.75_19.56_0.2086_-0.1168_-0.0180_0.9708end1.95_0.51_-10.90_-3.80_2.80_-31.56_-8.44_-21.75_19.56_0.2031_-0.1172_-0.0164_0.9720end1.93_0.72_-11.54_-3.80_2.80_-31.56_-8.44_-21.75_19.56_0.2020_-0.1174_-0.,0.0,0.0,0.0
293,0159_0.9722end2.00_0.86_-11.89_-13.32_9.74_-25.85_-8.44_-21.75_19.56_0.2020_-0.1174_-0.0159_0.9722end2.06_0.94_-12.15_-16.67_13.76_-24.40_-8.44_-21.75_19.56_0.1989_-0.1185_-0.0132_0.9728end2.06_0.80_-12.18_-16.67_13.76_-24.40_-8.44_-21.75_19.56_0.1978_-0.1192_-0.0120_0.9729end2.34_1.37_-12.97_-16.67_13.76_-24.40_-8.44_-21.75_19.,0.0,0.0,0.0
294,,0.0,0.0,0.0
295,56_0.1969_-0.1202_-0.0106_0.9730end2.30_1.39_-12.98_-33.12_33.68_-19.81_-9.88_-21.75_19.87_0.1969_-0.1202_-0.0106_0.9730end2.47_1.46_-13.00_-37.26_33.57_-18.46_-9.88_-21.75_19.87_0.1969_-0.1202_-0.0106_0.9730end,0.0,0.0,0.0
296,,0.0,0.0,0.0
297,2.47_1.46_-13.00_-41.52_30.55_-16.56_-10.63_-21.75_18.19_0.1969_-0.1202_-0.0106_0.9730end2.47_1.11_-12.26_-41.52_30.55_-16.56_-10.63_-21.75_18.19_0.1941_-0.1242_-0.0029_0.9731end2.47_1.11_-12.26_-41.52_30.55_-16.56_-10.63_-21.75_18.19_0.1938_-0.1245_-0.0007_0.9731end2.47_1.11_-12.26_-48.01_-1.12_-8.39_-10.25_-21.44_19.06_0.1938_-0.1245_-0.0007_0.9731end2.47_1.11_-12.26_-47.11_-15.33_-2.46_-10.25_-21.44_19.06_0.1935_-0.1227_0.0053_0.9734end2.47_1.11_-12.26_-40.06_-20.81_2.69_-9.88_-23.12_19.06_0.1935_-0.1227_0.0053_0.9734end2.47_1.11_-12.26_-40.06_-20.81_2.69_-9.88_-23.12_19.06_0.1940_-0.1191_0.0101_0.9737end2.27_-0.17_-10.30_-40.06_-20.81_2.69_-9.88_-2,0.0,0.0,0.0
298,,0.0,0.0,0.0
299,3.12_19.06_0.1942_-0.1179_0.0112_0.9738end2.25_-0.32_-10.02_-40.06_-20.81_2.69_-9.88_-22.44_19.06_0.1945_-0.1166_0.0121_0.9739end2.23_-0.55_-9.41_-9.40_-27.19_10.85_-9.88_-22.44_19.06_0.1948_-0.1154_0.0126_0.9739end2.23_-0.55_-9.22_-9.40_-27.19_10.85_-9.88_-22.44_19.06_0.1954_-0.1129_0.0128_0.9741end2.26_-0.57_-8.91_-9.40_-27.19_10.85_-11.00_-22.81_19.94_0.1954_-0.1129_0.0128_0.9741end2.30_-0.63_-8.74_11.41_-30.89_12.09_-11.00_-22.81_19.94_0.1954_-0.1129_0.0128_0.9741end2.30_-0.63_-8.74_11.41_-30.89_12.09_-10.63_-22.44_18.19_0.1964_-0.1080_0.0096_0.9745end2.28_-0.98_-7.92_11.41_-30.89_12.09_-10.63_-22.44_18.19_0.1966_-0.1068_0.0081_0.9746end2.28_-0.98_-7.92_33.24_-37.82_8.73_-10.63_-22.44_18.19_0.1966_-0.1068_0.0081_0.9746end2.15_-1.28_-7.43_33.24_-37.82_8.73_-10.63_-22.44_18.19_0.1966_-0.1068_0.0081_0.9746end2.09_-1.41_-7.21_33.24_-37.82_8.73_-10.63_-22.44_18.19_0.1963_-0.1016_0.0003_0.9753end2.04_-1.49_-7.04_33.24_-37.82_8.73_-10.63_-22.44_18.19_0.1963_-0.1016_0.0003_0.9753end2.00_-1.54_-7.07_33.24_-37.82_8.73_-9.88_-23.12_20.75_0.1953_-0.0982_-0.0065_0.9758end,0.0,0.0,0.0
300,,0.0,0.0,0.0
301,,0.0,0.0,0.0
302,1.92_-1.56_-7.12_33.24_-37.82_8.73_-10.25_-22.44_21.69_0.1947_-0.0973_-0.0087_0.9760end1.89_-1.56_-7.44_33.24_-37.82_8.73_-10.25_-22.44_21.69_0.1940_-0.0966_-0.0109_0.9762end1.91_-1.48_-7.57_33.24_-37.82_8.73_-10.25_-20.69_20.81_0.1926_-0.0955_-0.0150_0.9765end1.89_-1.39_-7.76_33.24_-37.82_8.73_-10.25_-21.75_21.69_0.1918_-0.0950_-0.0168_0.9767end1.97_-1.05_-8.25_33.24_-37.82_8.73_-10.25_-21.75_21.69_0.1909_-0.0947_-0.0185_0.9769end1.99_-0.89_-8.44_33.24_-37.82_8.73_-9.50_-22.81_19.94_0.1909_-0.0947_-0.0185_0.9769end2.01_-0.75_-8.62_22.60_-15.67_-15.89_-9.50_-22.81_19.94_0.1890_-0.0939_-0.0214_0.9772end2.03_-0.43_-9.02_22.60_-15.67_-15.89_-9.50_-22.81_19.94_0.1871_-0.0930_-0.0234_0.9777end2.09_-0.30_-9.18_22.60_-15.67_-15.89_-9.50_-22.81_19.94_0.1861_-0.0924_-0.0242_0.9779end2.11_-0.23_-9.71_22.60_-15.67_-15.89_-9.50_-22.81_19.94_0.1861_-0.0924_-0.0242_0.9779end,0.0,0.0,0.0
303,,0.0,0.0,0.0
304,2.19_-0.01_-10.16_3.58_-15.22_-19.36_-9.50_-22.81_19.94_0.1861_-0.0924_-0.0242_0.9779end2.19_-0.01_-10.16_-5.60_-12.87_-20.59_-9.50_-20.69_20.81_0.1830_-0.0906_-0.0251_0.9786end2.40_0.36_-10.82_-5.60_-12.87_-20.59_-9.50_-20.69_20.81_0.1809_-0.0895_-0.0248_0.9791end2.40_0.36_-10.82_-13.20_-9.96_-21.60_-9.50_-20.69_20.81_0.1798_-0.0889_-0.0243_0.9794end2.59_0.72_-11.28_-13.20_-9.96_-21.60_-9.88_-22.75_22.06_0.1798_-0.0889_-0.0243_0.9794end2.61_0.82_-11.34_-13.20_-9.96_-21.60_-9.50_-22.44_22.13_0.1798_-0.0889_-0.0243_0.9794end2.62_0.86_-11.50_-13.20_-9.96_-21.60_-9.50_-22.44_22.13_0.1752_-0.0874_-0.0211_0.9804end2.62_0.86_-11.50_-13.20_-9.96_-21.60_-9.13_-22.06_21.69_0.1740_-0.0872_-0.0202_0.9807end2.81_1.05_-11.60_-13.20_-9.96_-21.60_-9.13_-22.06_21.69_0.1727_-0.0872_-0.0193_0.9809end2.86_1.05_-11.57_-16.67_2.80_-26.63_-9.13_-22.06_21.69_0.1727_-0.0872_-0.0193_0.9809end,0.0,0.0,0.0
305,,0.0,0.0,0.0
306,2.86_1.05_-11.57_-16.67_2.80_-26.63_-9.50_-23.75_20.75_0.1688_-0.0872_-0.0170_0.9816end2.95_0.88_-11.49_-16.67_2.80_-26.63_-9.50_-23.75_20.75_0.1674_-0.0872_-0.0165_0.9819end2.96_0.79_-11.24_-16.67_2.80_-26.63_-9.50_-23.75_20.75_0.1674_-0.0872_-0.0165_0.9819end2.95_0.68_-11.00_-16.67_2.80_-26.63_-9.50_-23.75_20.75_0.1646_-0.0873_-0.0159_0.9824end2.92_0.62_-10.79_4.59_0.45_-29.54_-9.50_-23.75_20.75_0.1646_-0.0873_-0.0159_0.9824end2.91_0.51_-10.45_8.95_-0.22_-29.66_-9.50_-23.75_20.75_0.1600_-0.0875_-0.0165_0.9831end2.82_0.33_-10.04_8.95_-0.22_-29.66_-9.50_-23.75_20.75_0.1584_-0.0875_-0.0171_0.9833end2.82_0.33_-10.04_21.82_-4.48_-28.98_-9.88_-23.12_22.06_0.1584_-0.0875_-0.0171_0.9833end2.81_0.10_-9.42_28.09_-6.83_-28.98_-9.88_-23.12_22.06_0.1551_-0.0874_-0.0188_0.9838end2.82_0.05_-9.24_28.09_-6.83_-28.98_-9.88_-23.12_22.06_0.1521_-0.0872_-0.0211_0.9843end,0.0,0.0,0.0
307,,0.0,0.0,0.0
308,2.84_-0.13_-8.92_28.09_-6.83_-28.98_-8.75_-23.44_22.13_0.1521_-0.0872_-0.0211_0.9843end2.84_-0.20_-8.78_35.81_-11.19_-30.10_-8.75_-23.44_22.13_0.1470_-0.0866_-0.0253_0.9850end2.82_-0.24_-8.41_35.81_-11.19_-30.10_-8.75_-23.44_22.13_0.1453_-0.0864_-0.0269_0.9852end2.81_-0.18_-8.27_35.81_-11.19_-30.10_-8.75_-23.44_22.13_0.1453_-0.0864_-0.0269_0.9852end2.84_-0.14_-8.14_37.82_-10.74_-32.34_-8.75_-23.44_22.13_0.1453_-0.0864_-0.0269_0.9852end2.84_-0.14_-8.14_37.38_-9.29_-34.24_-8.75_-23.44_22.13_0.1400_-0.0858_-0.0316_0.9859end2.88_0.02_-7.79_37.38_-9.29_-34.24_-8.75_-23.44_22.13_0.1362_-0.0854_-0.0347_0.9864end2.91_0.01_-7.77_35.81_-8.17_-35.92_-8.75_-23.44_22.13_0.1362_-0.0854_-0.0347_0.9864end2.90_0.05_-7.68_34.69_-7.95_-36.03_-8.75_-23.44_22.13_0.1362_-0.0854_-0.0347_0.9864end2.91_0.09_-7.72_34.69_-7.95_-36.03_-8.44_-23.12_23.38_0.1362_-0.0854_-0.0347_0.9864end,0.0,0.0,0.0
309,,0.0,0.0,0.0
310,2.91_0.09_-7.72_34.69_-7.95_-36.03_-9.13_-23.12_23.81_0.1282_-0.0851_-0.0402_0.9872end2.88_0.26_-7.59_34.69_-7.95_-36.03_-9.13_-23.12_23.81_0.1282_-0.0851_-0.0402_0.9872end2.88_0.26_-7.59_24.73_-4.03_-36.82_-8.81_-22.06_23.87_0.1282_-0.0851_-0.0402_0.9872end2.88_0.26_-7.59_24.73_-4.03_-36.82_-8.81_-22.06_23.87_0.1183_-0.0851_-0.0452_0.9883end2.83_0.31_-7.57_24.73_-4.03_-36.82_-8.81_-22.06_23.87_0.1164_-0.0852_-0.0458_0.9885end2.80_0.32_-7.54_24.73_-4.03_-36.82_-7.69_-22.75_24.75_0.1164_-0.0852_-0.0458_0.9885end2.81_0.34_-7.55_10.63_4.48_-34.91_-7.69_-22.75_24.75_0.1164_-0.0852_-0.0458_0.9885end2.81_0.34_-7.55_7.27_5.71_-34.36_-7.69_-22.75_24.75_0.1111_-0.0860_-0.0469_0.9890end2.88_0.32_-7.66_7.27_5.71_-34.36_-8.06_-22.75_24.25_0.1111_-0.0860_-0.0469_0.9890end2.88_0.32_-7.66_-2.35_7.83_-32.34_-8.06_-22.75_24.25_0.1094_-0.0864_-0.0471_0.9891end,0.0,0.0,0.0
311,,0.0,0.0,0.0
312,,0.0,0.0,0.0
313,2.90_0.45_-7.69_-2.35_7.83_-32.34_-8.06_-22.75_24.25_0.1066_-0.0872_-0.0468_0.9894end2.90_0.47_-7.66_-8.28_8.17_-31.11_-8.44_-23.38_23.81_0.1066_-0.0872_-0.0468_0.9894end2.91_0.48_-7.65_-11.19_8.06_-30.89_-8.44_-23.38_23.81_0.1005_-0.0886_-0.0448_0.9900end2.94_0.45_-7.67_-11.19_8.06_-30.89_-8.44_-23.38_23.81_0.0989_-0.0889_-0.0440_0.9901end2.97_0.44_-7.65_-11.19_8.06_-30.89_-8.44_-23.38_23.81_0.0975_-0.0892_-0.0432_0.9903end2.98_0.40_-7.63_-11.19_8.06_-30.89_-8.44_-23.38_23.81_0.0960_-0.0895_-0.0422_0.9905end2.99_0.32_-7.64_-11.19_8.06_-30.89_-8.44_-23.38_23.81_0.0960_-0.0895_-0.0422_0.9905end3.00_0.11_-7.73_-11.19_8.06_-30.89_-8.44_-23.38_23.81_0.0917_-0.0902_-0.0388_0.9909end3.02_0.08_-7.77_-11.19_8.06_-30.89_-8.06_-23.38_23.44_0.0903_-0.0905_-0.0375_0.9911end3.02_0.08_-7.77_-30.33_8.95_-25.85_-8.06_-23.38_23.44_0.0903_-0.0905_-0.0375_0.9911end,0.0,0.0,0.0
314,,0.0,0.0,0.0
315,,0.0,0.0,0.0
316,,0.0,0.0,0.0
317,3.04_-0.01_-7.82_-30.33_8.95_-25.85_-8.06_-23.38_23.44_0.0903_-0.0905_-0.0375_0.9911end3.04_-0.09_-7.80_-30.33_8.95_-25.85_-8.06_-23.38_23.44_0.0856_-0.0917_-0.0314_0.9916end3.05_-0.23_-7.85_-30.33_8.95_-25.85_-8.06_-23.38_23.44_0.0856_-0.0917_-0.0314_0.9916end3.02_-0.33_-7.85_-39.95_8.39_-22.05_-8.06_-23.38_23.44_0.0856_-0.0917_-0.0314_0.9916end3.02_-0.33_-7.85_-39.95_8.39_-22.05_-8.06_-23.44_22.06_0.0813_-0.0925_-0.0240_0.9921end3.05_-0.50_-8.04_-39.95_8.39_-22.05_-8.06_-23.44_22.06_0.0805_-0.0927_-0.0221_0.9922end3.05_-0.50_-8.04_-46.55_5.15_-18.02_-6.94_-24.81_23.81_0.0797_-0.0927_-0.0200_0.9923end3.04_-0.69_-8.29_-48.46_4.92_-17.12_-8.06_-24.44_24,0.0,0.0,0.0
318,.69_0.0797_-0.0927_-0.0200_0.9923end3.05_-0.75_-8.37_-48.46_4.92_-17.12_-8.06_-24.44_24.69_0.0771_-0.0929_-0.0133_0.9926end3.04_-0.80_-8.42_-48.46_4.92_-17.12_-8.06_-24.44_24.69_0.0762_-0.0930_-0.0110_0.9927end3.04_-0.84_-8.52_-54.39_6.94_-13.20_-8.06_-24.44_24.69_0.0756_-0.0931_-0.0086_0.9927end2.97_-0.96_-8.73_-54.39_6.94_-13.20_-8.06_-24.44_24.69_0.0750_-0.0933_-0.0061_0.9928end2.90_-0.96_-8.81_-55.95_7.72_-10.52_-8.06_-24.44_24.69_0.0750_-0.0933_-0.0061_0.9928end2.89_-0.99_-8.84_-55.95_7.72_-10.52_-8.06_-24.44_24.69_0.0750_-0.0933_-0.0061_0.9928end2.89_-0.99_-8.84_-57.07_7.95_-8.06_-8.06_-24.44_24.69_0.0728_-0.0938_0.0038_0.9929end2.75_-1.10_-9.18_-57.07_7.95_-8.06_-8.06_-24.44_24.69_0.0728_-0.0938_0.0038_0.9929end2.71_-1.12_-9.35_-57.07_7.95_-8.06_-7.31_-25.19_20.81_0.0724_-0.0939_0.0114_0.9929end2.73_-1.11_-9.43_-57.07_7.95_-8.06_-5.50_-25.19_22.13_0.0724_-0.0938_0.0139_0.9929end2.74_-1.14_-9.65_-56.62_-1.57_2.69_-5.50_-25.19_22.13_0.0726_-0.0936_0.0163_0.9928end2.76_-1.09_-9.90_-56.74_-3.80_4.48_-8.38_-26.87_21.19_0.0726_-0.0936_0.0163_0.9928end,0.0,0.0,0.0
319,,0.0,0.0,0.0
320,2.84_-1.11_-10.02_-55.95_-5.82_5.48_-8.38_-26.87_21.19_0.0726_-0.0936_0.0163_0.9928end2.81_-1.09_-10.19_-55.39_-7.95_6.49_-8.38_-26.87_21.19_0.0735_-0.0919_0.0258_0.9927end2.90_-1.00_-10.53_-53.60_-9.85_8.06_-8.38_-26.87_21.19_0.0735_-0.0919_0.0258_0.9927end2.88_-0.90_-10.71_-53.60_-9.85_8.06_-8.38_-26.87_21.19_0.0735_-0.0919_0.0258_0.9927end2.85_-0.83_-10.81_-50.13_-9.18_8.28_-8.38_-26.87_21.19_0.0735_-0.0919_0.0258_0.9927end2.85_-0.83_-10.81_-50.13_-9.18_8.28_-8.00_-26.94_20.31_0.0748_-0.0897_0.0345_0.9926end2.85_-0.83_-10.81_-44.54_-5.48_7.72_-8.00_-26.94_20.31_0.0756_-0.0890_0.0383_0.9924end2.67_-0.75_-11.15_-44.54_-5.48_7.72_-8.00_-26.94_20.31_0.0759_-0.0889_0.0400_0.9924end2.67_-0.75_-11.15_-35.92_4.25_7.83_-8.00_-26.94_20.31_0.0764_-0.0889_0.0416_0.9922end2.61_-0.71_-11.41_-33.46_6.83_8.17_-8.00_-26.94_20.31_0.0764_-0.0889_0.0416_0.9922end,0.0,0.0,0.0
321,,0.0,0.0,0.0
322,2.61_-0.71_-11.41_-33.46_6.83_8.17_-8.00_-26.94_20.31_0.0776_-0.0895_0.0458_0.9919end2.57_-0.63_-11.63_-33.46_6.83_8.17_-8.00_-26.94_20.31_0.0776_-0.0895_0.0458_0.9919end2.54_-0.54_-11.90_-33.46_6.83_8.17_-8.00_-26.94_20.31_0.0776_-0.0895_0.0458_0.9919end2.53_-0.52_-12.10_-25.51_2.46_14.55_-8.00_-26.94_20.31_0.0790_-0.0903_0.0504_0.9915end2.50_-0.14_-12.91_-25.51_2.46_14.55_-8.00_-26.94_20.31_0.0790_-0.0903_0.0504_0.9915end2.55_0.00_-13.18_-26.75_1.45_17.46_-8.00_-26.94_20.31_0.0790_-0.0903_0.0504_0.9915end2.52_0.06_-13.38_-26.75_1.45_17.46_-8.00_-26.94_20.31_0.0808_-0.0904_0.0536_0.9911end2.52_0.06_-13.38_-26.75_1.45_17.46_-9.13_-28.62_18.56_0.0822_-0.0905_0.0561_0.9909end2.76_-0.12_-13.62_-26.75_1.45_17.46_-9.13_-28.62_18.56_0.0830_-0.0905_0.0575_0.9908end2.80_-0.21_-13.46_-36.82_-4.25_22.38_-9.13_-28.62_18.56_0.0830_-0.0905_0.0575_0.9908end,0.0,0.0,0.0
323,,0.0,0.0,0.0
324,2.75_-0.60_-13.07_-38.27_-7.95_22.83_-9.13_-28.62_18.56_0.0830_-0.0905_0.0575_0.9908end2.75_-0.60_-13.07_-38.27_-7.95_22.83_-9.13_-28.62_18.56_0.0855_-0.0895_0.0620_0.9904end2.75_-0.60_-13.07_-37.38_-13.54_23.16_-9.13_-28.62_18.56_0.0873_-0.0883_0.0649_0.9901end2.53_-1.21_-12.37_-37.38_-13.54_23.16_-8.38_-27.31_17.69_0.0873_-0.0,0.0,0.0,0.0
325,883_0.0649_0.9901end2.36_-1.48_-11.72_-37.38_-13.54_23.16_-8.38_-27.31_17.69_0.0873_-0.0883_0.0649_0.9901end2.36_-1.48_-11.72_-20.25_-1.34_23.72_-8.38_-27.31_17.69_0.0911_-0.0872_0.0689_0.9896end2.22_-1.68_-11.06_-20.25_-1.34_23.72_-8.38_-27.31_17.69_0.0920_-0.0875_0.0693_0.9895end2.11_-1.62_-10.89_-20.25_-1.34_23.72_-8.38_-27.31_17.69_0.0927_-0.0880_0.0693_0.9894end1.93_-1.48_-10.51_-20.25_-1.34_23.72_-8.38_-27.31_17.69_0.0935_-0.0886_0.0691_0.9893end1.85_-1.37_-10.29_16.34_11.64_30.89_-8.38_-27.31_17.69_0.0935_-0.0886_0.0691_0.9893end,0.0,0.0,0.0
326,,0.0,0.0,0.0
327,,0.0,0.0,0.0
328,1.85_-1.37_-10.29_16.34_11.64_30.89_-8.38_-27.31_17.69_0.0967_-0.0906_0.0662_0.9890end1.64_-1.12_-9.57_16.34_11.64_30.89_-8.38_-27.31_17.69_0.0979_-0.0911_0.0645_0.9889end1.61_-1.08_-9.39_46.11_-3.02_40.62_-8.38_-27.31_17.69_0.0979_-0.0911_0.0645_0.9889end1.54_-0.94_-9.11_52.15_-9.96_42.75_-8.38_-27.31_17.69_0.1021_-0.0912_0.0576_0.9889end1.51_-0.85_-9.04_62.22_-22.83_45.55_-9.88_-26.94_18.12_0.1035_-0.0908_0.0547_0.9890end1.50_-0.75_-8.96_62.22_-22.83_45.55_-9.88_-26.94_18.12_0.1035_-0.0908_0.0547_0.9890end1.50_-0.65_-8.95_69.83_-30.77_46.22_-9.88_-26.94_18.12_0.1035_-0.0908_0.0547_0.9890end1.55_-0.61_-9.00_72.18_-31.67_45.77_-9.88_-26.94_18.12_0.1035,0.0,0.0,0.0
329,_-0.0908_0.0547_0.9890end1.55_-0.61_-9.00_72.18_-31.67_45.77_-10.56_-27.94_19.37_0.1115_-0.0865_0.0380_0.9893end1.55_-0.40_-9.12_72.18_-31.67_45.77_-10.56_-27.94_19.37_0.1129_-0.0858_0.0345_0.9893end,0.0,0.0,0.0
330,1.50_-0.19_-9.16_72.18_-31.67_45.77_-10.63_-25.88_20.75_0.1129_-0.0858_0.0345_0.9893end1.49_-0.12_-9.23_73.52_-26.30_36.26_-10.63_-25.88_20.75_0.1129_-0.0858_0.0345_0.9893end1.49_-0.12_-9.23_73.52_-26.30_36.26_-10.63_-25.88_20.75_0.1164_-0.0836_0.0242_0.9894end1.49_-0.12_-9.23_73.52_-26.30_36.26_-10.63_-25.88_20.75_0.1183_-0.0822_0.0178_0.9894end1.45_0.04_-9.46_73.52_-26.30_36.26_-10.63_-25.88_20.75_0.1192_-0.0814_0.0147_0.9894end1.40_0.08_-9.59_73.52_-26.30_36.26_-10.63_-25.88_20.75_0.1192_-0.0814_0.0147_0.9894end1.35_0.20_-9.86_73.52_-26.30_36.26_-10.63_-25.88_20.75_0.1192_-0.0814_0.0147_0.9894end1.35_0.20_-9.86_73.52_-26.30_36.26_-10.63_-25.88_20.75_0.1218_-0.0785_0.0043_0.9894end1.32_0.21_-10.10_73.52_-26.30_36.26_-10.63_-25.88_20.75_0.1221_-0.0779_0.0021_0.9894end1.30_0.27_-10.16_73.52_-26.30_36.26_-10.94_-25.50_22.50_0.1221_-0.0779_0.0021_0.9894end,0.0,0.0,0.0
331,1.28_0.28_-10.39_40.06_-15.78_15.67_-10.94_-25.50_22.50_0.1230_-0.0770_-0.0016_0.9894end1.28_0.28_-10.39_29.88_-7.83_12.09_-10.94_-25.50_22.50_0.1233_-0.0767_-0.0032_0.9894end1.28_0.28_-10.39_29.88_-7.83_12.09_-11.31_-24.06_23.44_0.1237_-0.0765_-0.0046_0.9894end1.28_0.28_-10.39_25.40_-3.58_10.07_-11.31_-24.06_23.44_0.1243_-0.0763_-0.0072_0.9893end1.28_0.28_-10.39_23.95_-1.68_9.40_-11.00_-24.44_24.25_0.1243_-0.0763_-0.0072_0.9893end1.32_0.86_-11.07_23.95_-1.68_9.40_-10.94_-25.12_22.94_0.1243_-0.0763_-0.0072_0.9893end1.32_0.86_-11.07_23.95_-1.68_9.40_-10.94_-25.12_22.94_0.1248_-0.0769_-0.0113_0.9891end1.31_0.99_-11.10_23.95_-1.68_9.40_-10.94_-25.12_22.94_0.1249_-0.0773_-0.0123_0.9891end1.33_1.02_-11.12_23.95_-1.68_9.40_-10.94_-25.12_22.94_0.1249_-0.0773_-0.0123_0.9891end1.33_1.02_-11.12_23.95_-1.68_9.40_-10.94_-25.12_22.94_0.1245_-0.0796_-0.0157_0.9889end,0.0,0.0,0.0
332,,0.0,0.0,0.0
333,,0.0,0.0,0.0
334,,0.0,0.0,0.0
335,1.31_1.03_-10.99_23.95_-1.68_9.40_-10.94_-25.12_22.94_0.1243_-0.0806_-0.0170_0.9888end1.39_1.14_-10.90_37.38_19.47_3.13_-10.94_-25.12_22.94_0.1243_-0.0806_-0.0170_0.9888end1.41_1.24_-10.78_40.51_18.35_2.69_-10.94_-25.12_22.94_0.1243_-0.0806_-0.0170_0.9888end1.36_1.28_-10.66_40.51_18.35_2.69_-10.94_-25.12_22.94_0.1229_-0.0844_-0.0237_0.9885end1.36_1.28_-10.66_40.51_18.35_2.69_-12.75_-23.75_22.94_0.1227_-0.0849_-0.0258_0.9885end1.29_1.17_-10.19_40.51_18.35_2.69_-12.75_-23.75_22.94_0.1226_-0.0852_-0.0280_0.9884end1.30_1.13_-10.02_57.97_-7.95_2.69_-12.75_-23.75_22.94_0.1226_-0.0852_-0.0280_0.9884end1.29_1.05_-9.73_57.97_-7.95_2.69_-12.75_-23.75_22.94_0.1219_-0.0851_-0.0331_0.9883end1.29_1.05_-9.73_65.35_-16.56_1.45_-12.75_-23.75_22.94_0.1215_-0.0849_-0.0359_0.9883end1.31_0.90_-9.29_65.35_-16.56_1.45_-12.75_-23.75_22.94_0.1206_-0.0842_-0.0417_0.9882end,0.0,0.0,0.0
336,,0.0,0.0,0.0
337,1.31_0.90_-9.29_68.82_-17.23_-0.22_-12.37_-22.69_25.56_0.1206_-0.0842_-0.0417_0.9882end1.27_0.80_-8.81_68.82_-17.23_-0.22_-12.37_-22.69_25.56_0.1206_-0.0842_-0.0417_0.9882end1.28_0.75_-8.63_68.82_-17.23_-0.22_-11.69_-22.37_26.44_0.1206_-0.0842_-0.0417_0.9882end1.28_0.75_-8.63_71.28_-12.20_-4.36_-12.00_-21.69_26.06_0.1184_-0.0830_-0.0541_0.9880end1.26_0.77_-8.41_71.28_-12.20_-4.36_-12.00_-21.69_26.06_0.1171_-0.0827_-0.0604_0.9879end1.24_0.74_-8.03_71.28_-12.20_-4.36_-12.00_-21.69_26.06_0.1171_-0.0827_-0.0604_0.9879end1.26_0.71_-7.96_68.15_-9.51_-6.83_-12.00_-21.69_26.06_0.1171_-0.0827_-0.0604_0.9879end1.26_0.71_-7.96_68.15_-9.51_-6.83_-12.00_-21.69_26.0,0.0,0.0,0.0
338,6_0.1141_-0.0824_-0.0721_0.9874end1.23_0.70_-7.64_68.15_-9.51_-6.83_-12.00_-21.69_26.06_0.1133_-0.0823_-0.0748_0.9873end1.23_0.69_-7.56_58.97_-10.74_-9.96_-12.00_-21.69_26.06_0.1133_-0.0823_-0.0748_0.9873end,0.0,0.0,0.0
339,,0.0,0.0,0.0
340,,0.0,0.0,0.0
341,1.21_0.61_-7.39_56.06_-11.30_-11.08_-12.00_-21.69_26.06_0.1133_-0.0823_-0.0748_0.9873end1.22_0.59_-7.32_56.06_-11.30_-11.08_-12.00_-21.69_26.06_0.1097_-0.0816_-0.0845_0.9870end1.23_0.61_-7.21_56.06_-11.30_-11.08_-12.00_-21.69_26.06_0.1088_-0.0813_-0.0865_0.9869end1.24_0.55_-7.15_42.41_-13.76_-14.44_-12.06_-20.56_28.19_0.1088_-0.0813_-0.0865_0.9869end1.24_0.55_-7.15_38.61_-13.20_-15.89_-12.06_-20.56_28.19_0.1068_-0.0806_-0.0902_0.9869end1.24_0.55_-7.15_38.61_-13.20_-15.89_-12.06_-20.62_26.87_0.1060_-0.0803_-0.0918_0.9869end1.24_0.55_-7.15_30.55_-12.65_-18.24_-12.06_-20.62_26.87_0.1049_-0.0800_-0.0932_0.9869end1.24_0.55_-7.15_26.19_-11.53_-19.70_-12.75_-,0.0,0.0,0.0
342,,0.0,0.0,0.0
343,20.62_26.87_0.1049_-0.0800_-0.0932_0.9869end1.24_0.55_-7.15_17.79_-10.41_-22.83_-12.75_-20.62_26.87_0.1017_-0.0791_-0.0963_0.9870end1.24_0.55_-7.15_13.20_-9.29_-24.28_-12.06_-20.94_28.62_0.1017_-0.0791_-0.0963_0.9870end,0.0,0.0,0.0
344,,0.0,0.0,0.0
345,,0.0,0.0,0.0
346,,0.0,0.0,0.0
347,1.24_0.55_-7.15_13.20_-9.29_-24.28_-12.06_-20.94_28.62_0.0979_-0.0784_-0.0975_0.9873end1.43_0.69_-7.23_13.20_-9.29_-24.28_-12.06_-20.94_28.62_0.0964_-0.0783_-0.0977_0.9874end1.41_0.71_-7.23_-1.34_-2.57_-30.77_-12.06_-20.94_28.62_0.0964_-0.0783_-0.0977_0.9874end1.41_0.71_-7.23_-1.34_-2.57_-30.77_-11.38_-20.56_28.69_0.0920_-0.0785_-0.0970_0.9879end1.36_0.69_-7.31_-1.34_-2.57_-30.77_-11.38_-20.56_28.69_0.0903_-0.0788_-0.0965_0.9881end1.33_0.69_-7.39_-11.53_8.39_-34.69_-11.38_-20.56_28.69_0.0903_-0.0788_-0.0965_0.9881end1.33_0.69_-7.39_-11.53_8.39_-34.69_-11.00_-20.25_28.19_0.0858_-0.0803_-0.0944_0.9886end1.39_0.80_-7.61_-11.53_8.39_-34.69_-11.00_-20.25_28,0.0,0.0,0.0
348,.19_0.0842_-0.0809_-0.0935_0.9888end1.43_0.82_-7.72_-20.59_13.09_-34.91_-11.00_-20.25_28.19_0.0842_-0.0809_-0.0935_0.9888end1.50_0.88_-7.84_-20.59_13.09_-34.91_-11.00_-20.25_28.19_0.0842_-0.0809_-0.0935_0.9888end1.50_0.88_-7.84_-20.59_13.09_-34.91_-12.37_-21.62_27.25_0.0797_-0.0828_-0.0901_0.9893end1.50_0.88_-7.84_-20.59_13.09_-34.91_-12.37_-21.62_27.25_0.0768_-0.0837_-0.0874_0.9897end1.59_0.94_-8.11_-20.59_13.09_-34.91_-12.37_-21.62_27.25_0.0753_-0.0841_-0.0859_0.9899end1.74_1.12_-8.29_-20.59_13.09_-34.91_-12.37_-21.62_27.25_0.0739_-0.0844_-0.0844_0.9901end1.72_1.13_-8.28_-34.80_3.58_-31.78_-12.37_-21.62_27.25_0.0739_-0.0844_-0.0844_0.9901end1.71_1.14_-8.37_-34.80_3.58_-31.78_-11.00_-22.00_28.62_0.0698_-0.0848_-0.0793_0.9908end1.71_1.16_-8.46_-34.80_3.58_-31.78_-11.00_-22.00_28.62_0.0685_-0.0850_-0.0776_0.9910end1.74_1.18_-8.54_-37.38_6.49_-30.66_-12.00_-21.6,0.0,0.0,0.0
349,,0.0,0.0,0.0
350,,0.0,0.0,0.0
351,2_28.19_0.0685_-0.0850_-0.0776_0.9910end1.78_1.17_-8.53_-37.94_8.84_-30.10_-11.00_-23.06_26.87_0.0685_-0.0850_-0.0776_0.9910end1.79_1.15_-8.61_-37.94_8.84_-30.10_-11.00_-23.06_26.87_0.0634_-0.0865_-0.0704_0.9918end1.84_1.11_-8.67_-37.94_8.84_-30.10_-11.00_-23.06_26.87_0.0634_-0.0865_-0.0704_0.9918end1.95_1.05_-8.69_-37.94_8.84_-30.10_-11.00_-23.06_26.87_0.0612_-0.0876_-0.0667_0.9921end1.98_1.05_-8.75_-42.75_11.64_-27.08_-10.63_-22.69_28.62_0.0612_-0.0876_-0.0667_0.9921end1.98_1.05_-8.75_-46.89_8.39_-25.40_-10.63_-22.69_28.62_0.0580_-0.0889_-0.0605_0.9925end2.11_1.07_-8.92_-46.89_8.39_-25.40_-10.63_-22.69_28.62_0.0571_-0.0891_-0.0583_0.9927end2.12_1.07_-8.96_-46.89_8.39_-25.40_-10.63_-22.69_28.62_0.0562_-0.0894_-0.0562_0.9928end2.11_1.07_-9.01_-52.04_6.49_-22.83_-10.63_-22.69_28.62_0.0546_-0.0898_-0.0514_0.9932end2.12_1.02_-9.07_-52.04_6.49_-22.83_-11.31_-24.06_26.81_0.0537_-0.0901_-0.0489_0.9933end2.11_0.96_-9.05_-57.30_7.95_-19.25_-11.31_-24.06_26.81_0.0530_-0.0903_-0.0463_0.9934end2.15_0.84_-8.99_-57.30_7.95_-19.25_-11.31_-24.06_26.81_0.0523_-0.0906_-0.0436_0.9935end,0.0,0.0,0.0
352,,0.0,0.0,0.0
353,2.15_0.66_-8.93_-60.88_6.83_-16.45_-11.31_-24.06_26.81_0.0523_-0.0906_-0.0436_0.9935end2.13_0.63_-8.89_-62.89_4.59_-15.11_-9.50_-24.06_26.00_0.0523_-0.0906_-0.0436_0.9935end2.13_0.63_-8.89_-66.58_-1.01_-11.19_-9.50_-24.06_26.00_0.0505_-0.0909_-0.0324_0.9941end2.17_0.51_-8.91_-66.58_-1.01_-11.19_-9.50_-24.06_26.00_0.0502_-0.0906_-0.0294_0.9942end2.25_0.40_-9.10_-66.58_-1.01_-11.19_-10.94_-25.81_25.12_0.0502_-0.0906_-0.0294_0.9942end2.30_0.40_-9.26_-73.30_-8.84_-4.48_-10.94_-25.81_25.12_0.0502_-0.0906_-0.0294_0.9942end2.36_0.39_-9.38_-73.30_-8.84_-4.48_-10.94_-25.81_25.12_0.0499_-0.0889_-0.0168_0.9946end2.41_0.50_-9.65_-73.30_-8.84_-4.48_-11.31_-24.75_24.25_0.0499_-0.0889_-0.0168_0.9946end2.41_0.50_-9.65_-74.98_-8.06_-2.13_-11.31_-24.75_24.25_0.0502_-0.0878_-0.0103_0.9948end2.41_0.50_-9.65_-77.33_-3.69_-0.34_-11.31_-26.87_24.19_0.0502_-0.0878_-0.0103_0.9948end,0.0,0.0,0.0
354,,0.0,0.0,0.0
355,2.41_0.50_-9.65_-77.77_-0.45_0.78_-11.31_-26.87_24.19_0.0507_-0.0872_-0.0035_0.9949end2.43_1.22_-10.98_-77.77_-0.45_0.78_-11.31_-26.87_24.19_0.0511_-0.0872_0.0001_0.9949end2.43_1.22_-10.98_-83.26_9.40_4.14_-11.31_-26.87_24.19_0.0519_-0.0874_0.0071_0.9948end2.63_1.77_-12.44_-83.26_9.40_4.14_-11.31_-26.87_24.19_0.0519_-0.0874_0.0071_0.9948end2.74_1.81_-12.72_-83.26_9.40_4.14_-9.13_-27.94_22.50_0.0531_-0.0881_0.0149_0.9946end2.80_1.79_-12.90_-83.26_9.40_4.14_-9.13_-27.94_22.50_0.0549_-0.0886_0.0232_0.9943end2.94_1.75_-12.99_-83.26_9.40_4.14_-9.13_-27.94_22.50_0.0562_-0.0886_0.0274_0.9941end2.95_1.65_-12.96_-83.26_9.40_4.14_-9.13_-27.94_22.50_0.0575_-0.088,0.0,0.0,0.0
356,4_0.0317_0.9939end2.88_1.34_-12.80_-83.26_9.40_4.14_-9.13_-27.94_22.50_0.0590_-0.0881_0.0362_0.9937end2.87_1.18_-12.69_-102.73_-7.72_22.27_-10.94_-28.56_21.56_0.0590_-0.0881_0.0362_0.9937end,0.0,0.0,0.0
357,2.80_0.82_-12.40_-101.95_-9.18_25.40_-10.94_-28.56_21.56_0.0645_-0.0864_0.0492_0.9930end2.77_0.67_-12.19_-101.95_-9.18_25.40_-10.94_-28.56_21.56_0.0666_-0.0858_0.0535_0.9927end2.80_0.33_-11.84_-101.95_-9.18_25.40_-10.94_-28.56_21.56_0.0666_-0.0858_0.0535_0.9927end2.86_-0.12_-11.50_-101.95_-9.18_25.40_-11.69_-29.63_20.69_0.0737_-0.0839_0.0649_0.9916end2.82_-0.10_-11.35_-101.95_-9.18_25.40_-10.94_-29.63_19.87_0.0764_-0.0830_0.0681_0.9913end2.82_0.04_-11.04_-101.95_-9.18_25.40_-10.94_-29.63_19.87_0.0764_-0.0830_0.0681_0.9913end2.72_-0.15_-10.79_-101.95_-9.18_25.40_-10.94_-29.63_19.87_0.0816_-0.0810_0.0735_0.9907end2.74_-0.19_-10.61_-46.11_-27.86_58.30_-10.94_-29.63_19.87_0.0847_-0.0798_0.0759_0.9903end2.74_-0.19_-10.61_-46.11_-27.86_58.30_-10.56_-29.63_19.44_0.0907_-0.0775_0.0795_0.9897end2.71_-0.18_-10.39_-30.89_-30.77_60.99_-10.56_-29.63_19.44_0.0907_-0.0775_0.0795_0.9897end,0.0,0.0,0.0
358,,0.0,0.0,0.0
359,2.71_-0.18_-10.39_-30.89_-30.77_60.99_-11.69_-29.25_19.87_0.0939_-0.0762_0.0807_0.9894end2.71_-0.18_-10.39_-11.19_-35.92_63.11_-11.69_-29.25_19.87_0.0970_-0.0750_0.0816_0.9891end2.71_-0.18_-10.39_-11.19_-35.92_63.11_-10.94_-29.25_20.25_0.1027_-0.0723_0.0824_0.9886end2.71_-0.18_-10.39_-5.82_-37.04_62.67_-10.94_-29.25_20.25_0.1086,0.0,0.0,0.0
360,_-0.0695_0.0822_0.9882end2.71_-0.18_-10.39_3.92_-38.61_61.55_-10.94_-29.25_20.25_0.1115_-0.0681_0.0818_0.9880end2.81_-0.63_-9.04_3.92_-38.61_61.55_-11.31_-29.25_20.69_0.1115_-0.0681_0.0818_0.9880end2.81_-0.63_-9.04_3.92_-38.61_61.55_-11.31_-29.25_20.69_0.1203_-0.0638_0.0797_0.9875end2.68_-0.75_-8.75_3.92_-38.61_61.55_-13.44_-29.25_19.87_0.1232_-0.0625_0.0787_0.9872end2.63_-0.77_-8.75_3.92_-38.61_61.55_-13.44_-29.25_19.87_0.1260_-0.0613_0.0778_0.9871end2.60_-0.89_-8.83_3.92_-38.61_61.55_-13.06_-30.31_19.81_0.1260_-0.0613_0.0778_0.9871end,0.0,0.0,0.0
361,,0.0,0.0,0.0
362,2.55_-0.85_-8.93_16.45_-29.43_52.37_-13.06_-30.31_19.81_0.1342_-0.0581_0.0750_0.9864end2.60_-0.77_-9.22_16.45_-29.43_52.37_-13.44_-28.94_21.19_0.1366_-0.0573_0.0742_0.9862end2.66_-0.69_-9.39_16.45_-29.43_52.37_-12.69_-28.31_20.31_0.1389_-0.0566_0.0735_0.9860end2.70_-0.50_-9.71_16.45_-29.43_52.37_-12.69_-28.31_20.31_0.1412_-0.0560_0.0729_0.9857end2.76_-0.33_-9.94_3.92_-14.55_42.97_-12.69_-28.31_20.31_0.1412_-0.0560_0.0729_0.9857end2.86_-0.05_-10.17_0.00_-12.87_41.18_-13.44_-28.56_21.19_0.1412_-0.0560_0.0729_0.9857end2.86_-0.05_-10.17_-7.50_-10.63_36.82_-13.44_-28.56_21.19_0.1492_-0.0543_0.0724_0.9847end2.92_0.25_-10.52_-7.50_-10.63_36.82_-13.44_-28.56_2,0.0,0.0,0.0
363,1.19_0.1510_-0.0539_0.0727_0.9844end2.96_0.56_-11.05_-7.50_-10.63_36.82_-13.44_-28.56_21.19_0.1510_-0.0539_0.0727_0.9844end2.99_0.63_-11.20_-7.50_-10.63_36.82_-13.44_-28.56_20.25_0.1510_-0.0539_0.0727_0.9844end2.99_0.63_-11.20_-21.49_6.38_27.08_-13.06_-28.31_19.87_0.1558_-0.0533_0.0745_0.9835end3.00_0.88_-11.42_-21.49_6.38_27.08_-13.06_-28.31_19.87_0.1586_-0.0537_0.0764_0.9829end2.92_1.07_-11.58_-21.49_6.38_27.08_-13.06_-28.31_19.87_0.1599_-0.0543_0.0775_0.9826end2.91_1.12_-11.66_-23.05_21.49_22.83_-13.06_-28.31_19.87_0.1599_-0.0543_0.0775_0.9826end2.89_1.21_-11.70_-23.05_21.49_22.83_-13.06_-28.31_19.87_0.1633_-0.0570_0.0809_0.9816end2.93_1.27_-11.63_-23.05_21.49_22.83_-13.81_-27.56_21.19_0.1643_-0.0582_0.0819_0.9813end2.89_1.30_-11.57_-23.05_21.49_22.83_-13.81_-27.56_21.19_0.1643_-0.0582_0.0819_0.9813end2.86_1.28_-11.40_-14.88_25.85_19.58_-13.81_-27.56_21.19_0.1671_-0.0614_0.0845_0.9804end2.85_1.19_-11.38_-14.88_25.85_19.58_-15.31_-28.56_19.87_0.1680_-0.0623_0.0851_0.9801end2.80_1.05_-11.13_-14.88_25.85_19.58_-15.31_-28.56_19.87_0.1691_-0.0631_0.0855_0.9799end,0.0,0.0,0.0
364,,0.0,0.0,0.0
365,,0.0,0.0,0.0
366,2.77_0.90_-10.82_-1.34_13.76_18.46_-15.31_-28.31_19.00_0.1700_-0.0638_0.0858_0.9796end2.72_0.75_-10.64_2.91_12.09_18.02_-15.31_-28.31_19.00_0.1700_-0.0638_0.0858_0.9796end2.72_0.70_-10.50_2.91_12.09_18.02_-14.94_-28.56_18.56_0.1726_-0.0657_0.0854_0.9791end2.72_0.63_-10.32_2.91_12.09_18.02_-14.94_-28.56_18.56_0.1733_-0.0662_0.0850_0.9789end2.74_0.57_-9.98_2.91_12.09_18.02_-14.94_-28.56_18.56_0.1740_-0.0668_0.0843_0.9789end2.69_0.53_-9.82_2.91_12.09_18.02_-15.63_-28.87_20.69_0.1745_-0.0674_0.0835_0.9788end2.72_0.42_-9.53_24.84_11.75_9.85_-15.63_-28.87_20.69_0.1745_-0.0674_0.0835_0.9788end2.60_0.26_-9.18_24.84_11.75_9.85_-15.31_-28.25_20.31_0.1758_-0.0698_0.0804_0.9786end2.57_0.22_-8.97_24.84_11.75_9.85_-16.00_-27.25_19.00_0.1761_-0.0709_0.0792_0.9786end2.48_0.12_-8.59_35.14_21.60_3.13_-16.00_-27.25_19.00_0.1761_-0.0709_0.0792_0.9786end,0.0,0.0,0.0
367,,0.0,0.0,0.0
368,2.34_0.14_-8.25_35.14_21.60_3.13_-16.75_-27.56_20.69_0.1762_-0.0746_0.0753_0.9786end2.30_0.05_-8.16_35.14_21.60_3.13_-16.37_-27.56_19.37_0.1761_-0.0762_0.0738_0.9786end2.19_0.09_-7.93_35.14_21.60_3.13_-16.37_-27.56_19.37_0.1760_-0.0778_0.0724_0.9786end2.17_0.11_-7.80_35.14_21.60_3.13_-16.37_-26.87_20.31_0.1760_-0.0778_0.0724_0.9786end2.05_0.10_-7.64_40.06_33.35_-1.79_-16.37_-26.87_20.31_0.1755_-0.0812_0.0695_0.9786end2.05_0.10_-7.64_40.06_33.35_-1.79_-16.37_-26.87_20.31_0.1754_-0.0829_0.0682_0.9786end2.05_0.10_-7.64_38.27_32.90_-1.45_-16.37_-26.50_20.31_0.1750_-0.0847_0.0668_0.9786end2.05_0.10_-7.64_36.37_32.01_-1.12_-16.37_-26.50_20.31_0.1750_-0.0847_0.0668_0.9786end1.82_0.20_-7.39_36.37_32.01_-1.12_-16.37_-26.50_20.31_0.1749_-0.0863_0.0655_0.9786end1.82_0.20_-7.39_36.37_32.01_-1.12_-16.75_-26.50_20.31_0.1743_-0.0927_0.0610_0.9785end,0.0,0.0,0.0
369,,0.0,0.0,0.0
370,1.66_0.29_-7.45_36.37_32.01_-1.12_-16.75_-26.50_20.31_0.1743_-0.0941_0.0602_0.9783end1.64_0.30_-7.51_19.58_28.98_2.57_-16.75_-26.50_20.31_0.1743_-0.0941_0.0602_0.9783end1.59_0.35_-7.59_19.58_28.98_2.57_-16.75_-26.50_20.31_0.1744_-0.0969_0.0590_0.9781end1.59_0.35_-7.59_19.58_28.98_2.57_-16.75_-26.50_20.31_0.1747_-0.0995_0.0585_0.9778end1.53_0.32_-7.72_19.58_28.98_2.57_-17.12_-26.87_20.31_0.1750_-0.1008_0.0584_0.9777end1.41_0.34_-7.80_19.58_28.98_2.57_-17.12_-26.87_20.31_0.1750_-0.1008_0.0584_0.9777end1.36_0.33_-7.80_-4.81_21.82_6.38_-17.12_-27.19_21.19_0.1750_-0.1008_0.0584_0.9777end1.32_0.29_-7.82_-8.28_19.47_7.27_-17.12_-27.19_21.19_0.1750_-0.1008_0.0584_0.9777end1.29_0.35_-7.82_-8.28_19.47_7.27_-17.12_-27.19_21.19_0.1766_-0.1045_0.0599_0.9769end1.25_0.32_-7.85_-8.28_19.47_7.27_-17.81_-27.19_21.19_0.1776_-0.1056_0.0615_0.9765end,0.0,0.0,0.0
371,,0.0,0.0,0.0
372,1.21_0.31_-7.99_-8.28_19.47_7.27_-17.81_-27.19_21.19_0.1776_-0.1056_0.0615_0.9765end1.21_0.31_-7.99_-8.28_19.47_7.27_-17.81_-27.19_21.19_0.1796_-0.1064_0.0646_0.9758end1.13_0.29_-7.97_-8.28_19.47_7.27_-17.44_-25.50_19.44_0.1803_-0.1064_0.0657_0.9756end1.09_0.21_-8.07_-8.28_19.47_7.27_-17.44_-25.50_19.44_0.1803_-0.1064_0.0657_0.9756end1.05_0.06_-8.23_-31.33_0.45_13.43_-17.44_-25.50_19.44_0.1803_-0.1064_0.0657_0.9756end1.08_-0.03_-8.30_-33.24_-1.01_13.88_-17.81_-27.56_19.87_0.1803_-0.1064_0.0657_0.9756end1.12_-0.09_-8.43_-34.80_-2.01_13.99_-17.81_-27.56_19.87_0.1844_-0.1055_0.0724_0.9745end1.17_-0.23_-8.59_-34.80_-2.01_13.99_-17.81_-27.56_19.87_0.1854_-0,0.0,0.0,0.0
373,.1051_0.0740_0.9742end1.17_-0.19_-8.57_-34.80_-2.01_13.99_-17.81_-27.56_19.87_0.1860_-0.1046_0.0755_0.9740end1.15_-0.18_-8.61_-37.71_-7.16_10.18_-16.75_-26.19_20.31_0.1860_-0.1046_0.0755_0.9740end,0.0,0.0,0.0
374,,0.0,0.0,0.0
375,,0.0,0.0,0.0
376,1.08_-0.19_-8.61_-37.71_-7.16_10.18_-16.75_-26.19_20.31_0.1883_-0.1030_0.0801_0.9734end0.91_-0.12_-8.75_-37.71_-7.16_10.18_-16.75_-26.19_20.31_0.1889_-0.1025_0.0817_0.9732end0.85_-0.12_-8.91_-37.71_-7.16_10.18_-16.75_-26.19_20.31_0.1894_-0.1022_0.0830_0.9730end0.77_-0.13_-8.93_-31.22_-0.67_3.36_-16.75_-26.19_20.31_0.1894_-0.1022_0.0830_0.9730end0.77_-0.13_-8.93_-31.22_-0.67_3.36_-16.75_-26.19_20.31_0.1904_-0.1014_0.0869_0.9725end0.65_-0.16_-9.04_-31.22_-0.67_3.36_-16.75_-26.19_20.31_0.1907_-0.1012_0.0881_0.9724end0.66_-0.19_-9.09_-24.17_-4.36_-2.46_-16.75_-26.19_20.31_0.1907_-0.1012_0.0881_0.9724end0.64_-0.28_-9.21_-22.83_-7.50_-3.13_-16.75_-26.19_20.31_0.1907_-0.1012_0.0881_0.9724end0.64_-0.28_-9.21_-21.26_-13.20_-5.48_-16.75_-26.19_20.31_0.1910_-0.0999_0.0911_0.9722end0.63_-0.41_-9.38_-21.26_-13.20_-5.48_-16.75_-26.19_20.31_0.1911_-0.0984_0.0927_0.9722end,0.0,0.0,0.0
377,,0.0,0.0,0.0
378,,0.0,0.0,0.0
379,0.61_-0.29_-9.45_-19.36_-16.56_-8.17_-18.50_-27.56_19.44_0.1911_-0.0984_0.0927_0.9722end0.55_-0.26_-9.53_-19.36_-16.56_-8.17_-18.50_-27.56_19.44_0.1909_-0.0967_0.0942_0.9723end0.55_-0.22_-9.55_-16.34_-16.34_-11.19_-18.50_-27.56_19.44_0.1904_-0.0950_0.0955_0.9724end0.54_-0.19_-9.72_-16.34_-16.34_-11.19_-18.19_-28.25_18.56_0.1901_-0.0942_0.0961_0.9725end0.52_-0.22_-9.75_-16.34_-16.34_-11.19_-18.19_-28.25_18.56_0.1901_-0.0942_0.0961_0.9725end0.55_-0.18_-9.82_-16.34_-16.34_-11.19_-18.19_-28.25_18.56_0.1897_-0.0936_0.0966_0.9726end0.55_-0.18_-9.82_-16.34_-16.34_-11.19_-17.44_-28.56_18.56_0.1880_-0.0917_0.0980_0.9730end0.55_-0.17_-10.03_-16.34_-16.34_-11.19_-17.44_-28.56_18.56_0.1873_-0.0912_0.0984_0.9731end0.59_-0.18_-10.19_-16.34_-16.34_-11.19_-17.81_-28.25_19.87_0.1873_-0.0912_0.0984_0.9731end0.61_-0.18_-10.28_-8.28_-12.09_-24.73_-17.81_-28.25_19.87_0.1873_-0.0912_0.0984_0.9731end,0.0,0.0,0.0
380,,0.0,0.0,0.0
381,0.61_-0.18_-10.28_-8.28_-12.09_-24.73_-17.81_-28.25_18.56_0.1838_-0.0885_0.0999_0.9739end0.72_-0.20_-10.52_-8.28_-12.09_-24.73_-17.81_-28.25_18.56_0.1827_-0.0878_0.1003_0.9741end0.71_-0.24_-10.68_-8.28_-12.09_-24.73_-17.81_-28.25_18.56_0.1827_-0.0878_0.1003_0.9741end0.77_-0.28_-10.78_-8.28_-12.09_-24.73_-17.81_-28.25_18.56_0.1804_-0.0863_0.1011_0.9745end0.77_-0.28_-10.78_-8.28_-12.09_-24.73_-17.81_-29.56_19.87_0.1777_-0.0848_0.1019_0.9751end0.79_-0.21_-11.00_-8.28_-12.09_-24.73_-17.81_-29.56_19.87_0.1762_-0.0842_0.1024_0.9754end0.79_-0.21_-11.00_-7.05_-8.62_-41.07_-17.81_-29.56_19.87_0.1746_-0.0836_0.1028_0.9757end0.75_-0.12_-11.20_-7.05_-8.62_-41.07_-17.12_-29.63_18.56_0.1746_-0.0836_0.1028_0.9757end0.75_-0.05_-11.30_-4.81_-6.15_-44.20_-17.12_-29.63_18.56_0.1746_-0.0836_0.1028_0.9757end0.75_-0.05_-11.30_-4.14_-4.59_-46.55_-16.75_-29.63_20.25_0.1696_-0.0820_0.1039_0.9766end,0.0,0.0,0.0
382,,0.0,0.0,0.0
383,0.75_-0.05_-11.30_-4.14_-4.59_-46.55_-16.75_-29.63_20.25_0.1658_-0.0812_0.1045_0.9772end0.81_0.74_-12.65_-4.14_-4.59_-46.55_-16.75_-30.31_18.94_0.1658_-0.0812_0.1045_0.9772end0.90_0.90_-12.94_-5.37_-3.80_-48.57_-16.75_-30.31_18.94_0.1658_-0.0812_0.1045_0.9772end0.90_0.90_-12.94_-5.37_-3.80_-48.57_-15.25_-30.31_18.94_0.1581_-0.0795_0.1061_0.9785end1.18_1.13_-13.49_-5.37_-3.80_-48.57_-15.25_-30.31_18.94_0.1561_-0.0789_0.1066_0.9788end1.28_0.99_-13.48_-5.37_-3.80_-48.57_-15.25_-30.31_18.94_0.1561_-0.0789_0.1066_0.9788end1.28_0.99_-13.48_-11.64_-14.55_-55.28_-14.94_-29.94_19.37_0.1561_-0.0789_0.1066_0.9788end1.28_0.99_-13.48_-11.08_-16.11_-57.30_-14.94_-29.94_19.37_0.1473_-0.0752_0.1089_0.9802end1.31_0.52_-12.79_-11.08_-16.11_-57.30_-14.94_-29.94_19.37_0.1450_-0.0742_0.1094_0.9806end1.27_0.32_-12.41_-11.08_-16.11_-57.30_-14.94_-29.94_19.37_0.1425_-0.0732_0.1097_0.9810end,0.0,0.0,0.0
384,,0.0,0.0,0.0
385,,0.0,0.0,0.0
386,1.30_0.16_-12.20_2.91_-10.30_-65.91_-14.94_-29.94_19.37_0.1371_-0.0718_0.1097_0.9818end1.25_0.04_-11.75_2.91_-10.30_-65.91_-15.25_-30.62_20.25_0.1343_-0.0714_0.1095_0.9823end1.23_-0.13_-11.26_2.91_-10.30_-65.91_-15.25_-30.62_20.25_0.1314_-0.0712_0.1090_0.9827end1.23_-0.18_-11.03_31.56_6.38_-69.05_-15.25_-30.62_20.25_0.1314_-0.0712_0.1090_0.9827end1.21_-0.14_-10.79_31.56_6.38_-69.05_-15.25_-30.62_20.25_0.1224_-0.0714_0.1061_0.9842end1.23_-0.05_-10.67_42.30_5.60_-67.70_-15.25_-30.62_20.25_0.1194_-0.0716_0.1046_0.9847end1.24_0.03_-10.53_42.30_5.60_-67.70_-15.25_-30.62_20.25_0.1194_-0.0716_0.1046_0.9847end1.25_0.11_-10.51_51.36_-1.01_-66.02_-15.25_-30.62_20.25_0.1194_-0.0716_0.1046_0.9847end1.25_0.11_-10.51_51.36_-1.01_-66.02_-13.44_-30.69_20.31_0.1108_-0.0715_0.0990_0.9863end1.27_0.37_-10.48_60.99_-9.06_-64.57_-13.44_-30.69_20.31_0.1108_-0.0715_0.0990_0.9863end,0.0,0.0,0.0
387,,0.0,0.0,0.0
388,1.28_0.53_-10.53_69.16_-15.67_-64.68_-13.44_-30.69_20.31_0.1022_-0.0703_0.0914_0.9880end1.28_0.53_-10.53_69.16_-15.67_-64.68_-10.94_-31.00_20.25_0.1022_-0.0703_0.0914_0.9880end1.43_0.91_-10.52_73.75_-18.35_-64.46_-10.94_-31.00_20.25_0.0964_-0.0688_0.0853_0.9893end1.43_0.91_-10.52_73.75_-18.35_-64.46_-10.94_-31.00_20.25_0.0936_-0.0681_0.0820_0.9899end1.56_1.03_-10.48_83.26_-23.72_-65.80_-10.94_-31.00_20.25_0.0906_-0.0671_0.0786_0.9905end1.60_1.03_-10.41_85.72_-24.73_-66.47_-10.94_-31.00_20.25_0.0846_-0.0652_0.0714_0.9917end1.60_1.16_-10.45_85.72_-24.73_-66.47_-11.69_-31.00_21.12_0.0846_-0.0652_0.0714_0.9917end1.64_1.31_-10.49_93.33_-24.40_-70.95_-11.69_,0.0,0.0,0.0
389,-31.00_21.12_0.0785_-0.0633_0.0638_0.9929end1.64_1.31_-10.49_93.33_-24.40_-70.95_-10.19_-29.25_23.31_0.0723_-0.0615_0.0560_0.9939end1.74_1.44_-10.57_93.33_-24.40_-70.95_-10.19_-29.25_23.31_0.0723_-0.0615_0.0560_0.9939end,0.0,0.0,0.0
390,,0.0,0.0,0.0
391,1.81_1.52_-10.71_93.33_-24.40_-70.95_-10.94_-29.94_23.75_0.0624_-0.0587_0.0441_0.9954end1.89_1.58_-10.78_95.23_-24.84_-74.75_-10.19_-29.94_24.12_0.0591_-0.0578_0.0402_0.9958end1.91_1.87_-10.95_95.23_-24.84_-74.75_-10.19_-29.94_24.12_0.0591_-0.0578_0.0402_0.9958end1.98_2.22_-11.15_95.23_-24.84_-74.75_-10.19_-29.94_24.12_0.0523_-0,0.0,0.0,0.0
392,.0559_0.0320_0.9965end2.05_2.33_-11.25_95.79_-21.71_-75.98_-10.19_-29.94_24.12_0.0523_-0.0559_0.0320_0.9965end2.05_2.33_-11.25_95.79_-21.71_-75.98_-8.38_-29.56_24.63_0.0455_-0.0543_0.0239_0.9972end2.05_2.33_-11.25_96.24_-16.56_-76.88_-8.38_-29.56_24.63_0.0421_-0.0536_0.0200_0.9975end2.11_2.61_-11.54_96.24_-16.56_-76.88_-8.38_-29.56_24.63_0.0388_-0.0531_0.0160_0.9977end2.11_2.61_-11.54_95.79_-6.60_-76.43_-8.38_-29.56_24.63_0.0316_-0.0524_0.0079_0.9981end2.27_2.76_-11.92_95.79_-6.60_-76.43_-8.38_-29.56_24.63_0.0283_-0.0524_0.0039_0.9982end,0.0,0.0,0.0
393,2.27_2.76_-11.92_95.46_1.01_-75.42_-8.38_-29.56_24.63_0.0248_-0.0524_0.0000_0.9983end2.43_3.03_-12.17_95.46_1.01_-75.42_-8.38_-29.56_24.63_0.0179_-0.0530_-0.0081_0.9984end2.41_3.11_-12.14_95.46_1.01_-75.42_-8.38_-29.56_24.63_0.0148_-0.0536_-0.0120_0.9984end2.32_3.20_-12.04_95.46_1.01_-75.42_-8.38_-29.56_24.63_0.0116_-0.0543_-0.0,0.0,0.0,0.0
394,,0.0,0.0,0.0
395,159_0.9984end2.32_3.17_-11.93_97.47_17.79_-72.18_-8.38_-29.56_24.63_0.0116_-0.0543_-0.0159_0.9984end2.29_3.13_-11.76_98.14_20.37_-70.50_-8.38_-29.56_24.63_0.0022_-0.0571_-0.0282_0.9980end2.26_2.99_-11.47_98.14_20.37_-70.50_-7.31_-26.12_29.44_0.0010_0.0582_0.0325_-0.9978end2.25_2.87_-11.17_98.14_20.37_-70.50_-7.31_-26.12_29.44_0.0010_0.0582_0.0325_-0.9978end2.24_2.77_-11.02_100.94_20.14_-64.46_-7.31_-26.12_29.44_0.0010_0.0582_0.0325_-0.9978end2.22_2.70_-10.88_100.94_20.14_-64.46_-6.25_-26.12_29.44_0.0010_0.0582_0.0325_-0.9978end2.22_2.70_-10.88_102.17_16.00_-60.88_-6.25_-26.12_29.44_0.0151_0.0628_0.0536_-0.9965end2.22_2.70_-10.88_103.29_10.97_-56.74_-6.25_-26.12_29.44_0.0151_0.0628_0.0536_-0.9965end2.22_2.70_-10.88_104.30_9.18_-54.72_-6.25_-26.12_29.44_0.0204_0.0639_0.0623_-0.9958end2.17_2.48_-9.85_104.30_9.18_-54.72_-6.25_-26.12_29.44_0.0228_0.0644_0.0667_-0.9954end2.17_2.48_-9.85_106.20_5.04_-48.01_-6.25_-26.12_29.44_0.0277_0.0650_0.0756_-0.9946end2.21_2.18_-9.09_106.20_5.04_-48.01_-6.25_-26.12_29.44_0.0297_0.0652_0.0801_-0.9942end2.18_2.04_-8.70_106.20_5.04_-48.01_-6.25_-26.12_29.44_0.0317_0.0655_0.0845_-0.9938end2.21_1.98_-8.59_106.76_1.79_-40.85_-6.25_-26.12_29.44_0.0317_0.0655_0.0845_-0.9938end2.20_1.90_-8.28_106.76_1.79_-40.85_-6.25_-26.12_29.44_0.0370_0.0658_0.0981_-0.9923end2.15_1.94_-8.15_106.76_1.79_-40.85_-5.56_-24.00_32.50_0.0386_0.0657_0.1025_-0.9918end,0.0,0.0,0.0
396,,0.0,0.0,0.0
397,,0.0,0.0,0.0
398,,0.0,0.0,0.0
399,2.13_1.94_-7.89_106.76_1.79_-40.85_-5.56_-24.00_32.50_0.0402_0.0656_0.1071_-0.9913end2.12_1.98_-7.65_102.95_-7.50_-29.66_-5.94_-22.31_32.94_0.0402_0.0656_0.1071_-0.9913end2.08_1.98_-7.54_101.39_-9.85_-27.86_-5.19_-20.94_33.44_0.0402_0.0656_0.1071_-0.9913end2.06_1.96_-7.40_100.16_-11.53_-26.19_-5.19_-20.94_33.44_0.0455_0.0639_0.1241_-0.9892end2.07_1.96_-7.25_100.16_-11.53_-26.19_-5.19_-20.94_33.44_0.0466_0.0633_0.1281_-0.9886end2.05_1.96_-6.98_100.16_-11.53_-26.19_-5.19_-20.94_33.44_0.0477_0.0626_0.1320_-0.9881end2.03_1.91_-6.77_100.16_-11.53_-26.19_-5.19_-20.94_33.44_0.0488_0.0618_0.1359_-0.9876end2.04_1.83_-6.72_86.84_-20.70_-18.35_-5.19_-20.94_33.44_0.0488_0.0618_0.1359_-0.9876end2.09_1.69_-6.64_86.84_-20.70_-18.35_-5.19_-20.94_33.44_0.0508_0.0599_0.1431_-0.9866end2.09_1.69_-6.64_80.24_-22.27_-16.11_-5.19_-20.94_33.44_0.0527_0.0579_0.1498_-0.9856end,0.0,0.0,0.0
400,2.11_1.64_-6.43_80.24_-22.27_-16.11_-5.19_-20.94_33.44_0.0535_0.0569_0.1529_-0.9852end2.11_1.64_-6.43_67.81_-23.61_-13.54_-5.19_-20.94_33.44_0.0544_0.0558_0.1558_-0.9847end2.13_1.57_-6.29_67.81_-23.61_-13.54_-5.56_-18.44_35.19_0.0544_0.0558_0.1558_-0.9847end2.13_1.57_-6.29_63.23_-23.61_-12.87_-5.56_-18.44_35.19_0.0568_0.0527_0.1634_-0.9835end2.13_1.57_-6.29_49.69_-21.26_-11.86_-4.12_-18.19_33.88_0.0568_0.0527_0.1634_-0.9835end2.06_1.64_-6.14_49.69_-21.26_-11.86_-4.12_-18.19_33.88_0.0581_0.0508_0.1675_-0.9828end2.08_1.67_-6.07_49.69_-21.26_-11.86_-4.12_-18.19_33.88_0.0581_0.0508_0.1675_-0.9828end2.08_1.67_-6.07_34.69_-15.00_-10.63_-4.12_-18.19_33.88_0.0,0.0,0.0,0.0
401,581_0.0508_0.1675_-0.9828end2.04_1.65_-5.99_34.69_-15.00_-10.63_-4.12_-18.19_33.88_0.0597_0.0486_0.1731_-0.9819end1.85_1.61_-5.84_34.69_-15.00_-10.63_-4.12_-18.19_33.88_0.0599_0.0483_0.1740_-0.9818end,0.0,0.0,0.0
402,1.75_1.59_-5.82_13.76_-4.70_-6.94_-4.12_-18.19_33.88_0.0599_0.0483_0.1740_-0.9818end1.75_1.59_-5.82_13.76_-4.70_-6.94_-3.75_-17.12_37.00_0.0602_0.0482_0.1753_-0.9815end1.60_1.45_-5.62_13.76_-4.70_-6.94_-3.75_-17.12_37.00_0.0602_0.0482_0.1752_-0.9815end1.56_1.34_-5.61_13.76_-4.70_-6.94_-3.75_-17.12_37.00_0.0602_0.0482_0.1752_-0.9815end1.58_1.29_-5.62_13.76_-4.70_-6.94_-3.75_-17.12_37.00_0.0596_0.0483_0.1743_-0.9817end1.58_1.29_-5.62_13.76_-4.70_-6.94_-3.75_-18.50_34.75_0.0586_0.0482_0.1724_-0.9821end1.58_1.23_-5.67_13.76_-4.70_-6.94_-3.75_-18.50_34.75_0.0579_0.0480_0.1711_-0.9824end1.55_1.22_-5.84_13.76_-4.70_-6.94_-3.75_-18.50_34.75_0.0571_0.0477_0.169,0.0,0.0,0.0
403,4_-0.9827end1.55_1.22_-5.84_-47.78_-11.97_17.57_-4.12_-17.87_33.50_0.0571_0.0477_0.1694_-0.9827end1.55_1.22_-5.84_-47.78_-11.97_17.57_-4.12_-17.87_33.50_0.0541_0.0462_0.1628_-0.9841end,0.0,0.0,0.0
404,,0.0,0.0,0.0
405,,0.0,0.0,0.0
406,1.71_1.11_-6.21_-47.78_-11.97_17.57_-4.12_-18.81_34.75_0.0529_0.0456_0.1600_-0.9846end1.87_1.20_-6.31_-47.78_-11.97_17.57_-4.12_-18.81_34.75_0.0515_0.0449_0.1569_-0.9852end1.82_1.30_-6.28_-81.02_-16.79_29.10_-4.12_-18.81_34.75_0.0515_0.0449_0.1569_-0.9852end1.89_1.36_-6.34_-86.62_-16.34_31.22_-4.12_-18.81_34.75_0.0515_0.0449_0.1569_-0.9852end1.89_1.36_-6.34_-86.62_-16.34_31.22_-3.37_-19.50_33.88_0.0452_0.0424_0.1420_-0.9879end1.85_1.69_-6.66_-86.62_-16.34_31.22_-3.37_-19.50_33.88_0.0433_0.0419_0.1378_-0.9886end1.82_1.94_-6.81_-105.86_-8.62_37.38_-3.37_-19.50_33.88_0.0433_0.0419_0.1378_-0.9886end1.78_2.01_-6.89_-109.67_-6.15_38.72_-3.37_-19.50_33.88_0.0374_0.0410_0.1239_-0.9907end1.72_2.16_-7.09_-109.67_-6.15_38.72_-3.37_-19.50_33.88_0.0352_0.0410_0.1191_-0.9914end1.73_2.17_-7.23_-109.67_-6.15_38.72_-4.44_-20.25_33.44_0.0352_0.0410_0.1191_-0.9914end,0.0,0.0,0.0
407,1.74_2.27_-7.55_-109.67_-6.15_38.72_-4.44_-20.25_33.44_0.0352_0.0410_0.1191_-0.9914end1.71_2.28_-7.74_-109.67_-6.15_38.72_-4.06_-21.62_31.25_0.0260_0.0411_0.0980_-0.9940end1.75_2.32_-8.08_-109.67_-6.15_38.72_-4.06_-21.62_31.25_0.0260_0.0411_0.0980_-0.9940end1.77_2.34_-8.45_-109.67_-6.15_38.72_-4.06_-21.62_31.25_0.0233_0.0413_0.0921_-0.9946end1.78_2.37_-8.59_-143.46_-2.01_55.17_-4.06_-21.62_31.25_0.0180_0.0413_0.0804_-0.9957end1.78_2.51_-8.76_-143.46_-2.01_55.17_-4.06_-21.62_31.25_0.0123_0.0410_0.0681_-0.9968end1.77_2.72_-8.97_-143.46_-2.01_55.17_-5.19_-24.00_31.19_0.0095_0.0407_0.0619_-0.9972end1.74_2.85_-9.05_-147.38_-8.06_61.77_-5.19_-24.00_31.19_0.0,0.0,0.0,0.0
408,095_0.0407_0.0619_-0.9972end1.62_2.93_-9.18_-147.38_-8.06_61.77_-5.19_-24.06_29.87_0.0065_0.0403_0.0556_-0.9976end1.62_2.93_-9.18_-147.38_-9.96_65.69_-5.19_-24.06_29.87_0.0003_0.0393_0.0429_-0.9983end,0.0,0.0,0.0
409,,0.0,0.0,0.0
410,1.62_2.93_-9.18_-147.27_-8.73_70.05_-5.19_-24.06_29.87_0.0063_-0.0383_-0.0302_0.9988end1.62_2.93_-9.18_-146.93_-7.39_72.18_-5.19_-24.06_29.87_0.0063_-0.0383_-0.0302_0.9988end1.62_2.93_-9.18_-146.93_-7.39_72.18_-5.19_-24.06_29.87_0.0131_-0.0374_-0.0177_0.9991end1.62_2.93_-9.18_-147.38_-5.15_76.21_-5.87_-28.25_27.69_0.0206_-0.0367_-0.0049_0.9991end1.48_2.78_-10.95_-147.38_-5.15_76.21_-5.87_-28.25_27.69_0.0245_-0.0364_0.0014_0.9990end1.62_2.86_-11.67_-147.38_-5.15_76.21_-6.25_-27.87_26.81_0.0245_-0.0364_0.0014_0.9990end1.64_2.87_-11.88_-149.73_-4.70_83.82_-6.25_-27.87_26.81_0.0245_-0.0364_0.0014_0.9990end1.64_2.87_-11.88_-149.73_-4.70_83.82_-6.25_-27.87_26.81_0.0407_-0.0351_0.0270_0.9982end1.58_3.09_-12.25_-149.73_-4.70_83.82_-5.50_-29.25_26.44_0.0407_-0.0351_0.0270_0.9982end1.58_3.09_-12.25_-148.28_3.25_88.74_-5.50_-29.25_26.44_0.0491_-0.0348_0.0399_0.9974end,0.0,0.0,0.0
411,,0.0,0.0,0.0
412,1.45_3.30_-12.63_-148.28_3.25_88.74_-5.50_-29.25_26.44_0.0533_-0.0349_0.0461_0.9969end1.45_3.30_-12.63_-146.82_15.67_90.42_-6.62_-29.63_23.75_0.0573_-0.0353_0.0524_0.9963end1.45_3.30_-12.63_-145.93_22.83_91.43_-6.62_-29.63_23.75_0.0618_-0.0360_0.0588_0.9957end1.45_3.30_-12.63_-147.27_35.25_93.67_-6.62_-29.63_23.75_0.0700_-0.0382_0.0713_0.9943end1.19_4.37_-15.10_-147.27_35.25_93.67_-6.62_-29.63_23.75_0.0787_-0.0413_0.0842_0.9925end1.25_4.61_-15.41_-147.27_35.25_93.67_-9.06_-32.06_20.69_0.0832_-0.0430_0.0908_0.9915end1.31_5.12_-16.01_-147.27_35.25_93.67_-9.06_-32.06_20.69_0.0880_-0.0446_0.0975_0.9904end1.52_5.47_-16.54_-147.27_35.25_93.67_-9.06_-32.06_20,0.0,0.0,0.0
413,.69_0.0930_-0.0463_0.1045_0.9891end1.52_5.47_-16.54_-147.27_35.25_93.67_-10.56_-31.75_19.44_0.0978_-0.0478_0.1113_0.9878end1.52_5.47_-16.54_-160.81_33.91_107.77_-10.56_-31.75_19.44_0.1027_-0.0491_0.1182_0.9865end,0.0,0.0,0.0
414,,0.0,0.0,0.0
415,1.52_5.47_-16.54_-160.36_31.45_109.67_-10.56_-31.75_19.44_0.1080_-0.0505_0.1252_0.9849end1.68_5.33_-16.23_-160.36_31.45_109.67_-10.56_-31.75_19.44_0.1130_-0.0516_0.1320_0.9835end1.60_4.80_-15.71_-148.28_27.08_116.05_-11.63_-32.81_18.12_0.1230_-0.0538_0.1447_0.9803end1.60_4.80_-15.71_-141.56_26.30_118.28_-11.63_-32.81_18.12_0.1230_-0.0538_0.1447_0.9803end1.47_3.67_-14.24_-141.56_26.30_118.28_-11.63_-32.81_18.12_0.1337_-0.0561_0.1566_0.9769end1.47_3.67_-14.24_-116.83_22.83_128.13_-12.69_-33.13_16.75_0.1450_-0.0585_0.1671_0.9734end1.40_2.64_-12.36_-116.83_22.83_128.13_-12.69_-33.13_16.75_0.1450_-0.0585_0.1671_0.9734end1.37_2.45_-11.98_-116.83_22.83_128.13,0.0,0.0,0.0
416,_-14.13_-33.13_15.00_0.1450_-0.0585_0.1671_0.9734end1.37_2.45_-11.98_-116.83_22.83_128.13_-15.25_-32.13_15.06_0.1692_-0.0626_0.1827_0.9664end1.24_1.98_-10.77_-116.83_22.83_128.13_-15.25_-32.13_15.06_0.1757_-0.0633_0.1854_0.9647end,0.0,0.0,0.0
417,,0.0,0.0,0.0
418,1.25_1.84_-10.38_-116.83_22.83_128.13_-15.63_-32.44_15.50_0.1757_-0.0633_0.1854_0.9647end1.25_1.84_-10.38_-57.63_-12.98_152.19_-15.63_-32.44_15.50_0.1893_-0.0638_0.1893_0.9614end1.24_1.75_-9.69_-57.63_-12.98_152.19_-15.63_-32.44_15.50_0.1964_-0.0636_0.1906_0.9597end1.24_1.75_-9.69_-32.01_-42.08_162.49_-15.63_-32.44_15.50_0.2034_-0.0630_0.1913_0.9581end1.24_1.75_-9.69_-19.25_-58.64_165.73_-15.63_-32.44_15.50_0.2034_-0.0630_0.1913_0.9581end1.24_1.75_-9.69_-19.25_-58.64_165.73_-17.44_-31.06_15.06_0.2257_-0.0598_0.1913_0.9534end1.27_1.20_-8.29_-9.06_-68.26_166.18_-17.44_-31.06_15.06_0.2257_-0.0598_0.1913_0.9534end1.25_1.10_-8.20_-9.06_-68.26_166.18_-18.87_-31.75_15.06_0.2257_-0.0598_0.1913_0.9534end1.25_1.10_-8.20_-9.06_-68.26_166.18_-18.87_-30.31_15.06_0.2558_-0.0538_0.1882_0.9467end1.24_0.97_-8.24_-9.06_-68.26_166.18_-18.87_-30.31_15.06_0.2632_-0.0525_0.1871_0.9449end,0.0,0.0,0.0
419,,0.0,0.0,0.0
420,1.21_0.94_-8.24_-9.06_-68.26_166.18_-20.37_-30.31_15.50_0.2632_-0.0525_0.1871_0.9449end1.18_0.94_-8.32_0.45_-48.79_148.05_-20.37_-30.31_15.50_0.2632_-0.0525_0.1871_0.9449end1.07_1.05_-8.62_-0.67_-42.64_144.02_-20.37_-30.31_15.50_0.2830_-0.0499_0.1844_0.9399end1.07_1.05_-8.62_-0.67_-42.64_144.02_-20.00_-29.63_15.50_0.2830_-0.0499_0.1844_0.9399end1.07_1.05_-8.62_-7.72_-27.08_130.82_-20.00_-29.63_15.50_0.3009_-0.0488_0.1827_0.9348end0.81_1.40_-8.99_-10.85_-22.38_127.13_-20.00_-29.63_15.50_0.3119_-0.0488_0.1825_0.9312end0.64_1.56_-9.21_-10.85_-22.38_127.13_-22.56_-27.56_15.13_0.3171_-0.0489_0.1828_0.9293end0.62_1.64_-9.34_-10.85_-22.38_127.13_-22.56_-27.56_15.13_0.3221_-0.0492_0.1833_0.9275end0.43_1.73_-9.62_-10.85_-22.38_127.13_-22.56_-27.56_15.13_0.3221_-0.0492_0.1833_0.9275end0.38_1.70_-9.64_-32.12_-0.45_112.35_-22.19_-26.56_15.13_0.3221_-0.0492_0.1833_0.9275end,0.0,0.0,0.0
421,,0.0,0.0,0.0
422,,0.0,0.0,0.0
423,0.30_1.67_-9.63_-32.12_-0.45_112.35_-22.19_-26.56_15.13_0.3411_-0.0510_0.1877_0.9197end0.23_1.63_-9.63_-32.12_-0.45_112.35_-24.00_-26.19_14.69_0.3456_-0.0515_0.1894_0.9176end0.00_1.61_-9.86_-51.92_8.28_106.98_-24.00_-26.19_14.69_0.3456_-0.0515_0.1894_0.9176end0.05_1.69_-10.01_-51.92_8.28_106.98_-24.00_-26.19_15.19_0.3589_-0.0529_0.1957_0.9111end0.04_1.71_-10.14_-64.23_11.19_106.31_-24.00_-26.19_15.19_0.3632_-0.0533_0.1982_0.9088end0.09_1.78_-10.34_-64.23_11.19_106.31_-25.06_-25.19_13.81_0.3632_-0.0533_0.1982_0.9088end0.09_1.78_-10.34_-68.15_10.52_105.97_-25.06_-25.19_13.81_0.3719_-0.0538_0.2035_0.9041end0.14_1.85_-10.57_-68.15_10.52_105.97_-25.06_-25.1,0.0,0.0,0.0
424,9_13.81_0.3763_-0.0540_0.2062_0.9016end0.26_1.95_-10.73_-74.98_4.03_105.64_-25.06_-25.19_13.81_0.3806_-0.0540_0.2090_0.8992end0.26_1.95_-10.73_-75.54_1.23_105.53_-25.81_-24.12_14.69_0.3806_-0.0540_0.2090_0.8992end,0.0,0.0,0.0
425,0.26_1.95_-10.73_-75.54_1.23_105.53_-25.81_-24.12_14.69_0.3935_-0.0531_0.2171_0.8918end0.30_1.99_-10.81_-75.54_1.23_105.53_-25.81_-24.12_14.69_0.3978_-0.0527_0.2197_0.8892end0.42_1.88_-10.88_-75.54_1.23_105.53_-25.81_-24.12_14.69_0.4020_-0.0522_0.2221_0.8867end0.50_1.77_-10.87_-75.54_1.23_105.53_-26.94_-23.75_12.13_0.4103_-0.051,0.0,0.0,0.0
426,5_0.2264_0.8819end0.51_1.73_-10.87_-54.72_-8.39_94.34_-26.94_-23.75_12.13_0.4144_-0.0511_0.2284_0.8795end0.56_1.71_-10.82_-54.72_-8.39_94.34_-26.94_-23.75_12.13_0.4183_-0.0508_0.2300_0.8773end0.65_1.52_-10.70_-54.72_-8.39_94.34_-26.94_-23.75_12.13_0.4219_-0.0507_0.2315_0.8751end0.59_1.40_-10.67_-37.60_-7.39_84.94_-26.94_-23.75_12.13_0.4219_-0.0507_0.2315_0.8751end0.57_1.29_-10.56_-37.60_-7.39_84.94_-27.31_-23.12_13.00_0.4219_-0.0507_0.2315_0.8751end0.57_1.29_-10.56_-37.60_-7.39_84.94_-29.81_-23.44_12.56_0.4321_-0.0507_0.2347_0.8693end,0.0,0.0,0.0
427,,0.0,0.0,0.0
428,0.57_1.29_-10.56_-37.60_-7.39_84.94_-29.81_-23.44_12.56_0.4379_-0.0514_0.2358_0.8660end0.48_1.09_-10.05_-37.60_-7.39_84.94_-30.19_-22.06_12.56_0.4379_-0.0514_0.2358_0.8660end0.48_1.09_-10.05_-7.39_1.90_63.79_-30.19_-22.06_12.56_0.4426_-0.0525_0.2362_0.8635end0.36_1.02_-9.80_-7.39_1.90_63.79_-30.19_-22.06_12.56_0.4449_-0.0533_0.2362_0.8622end0.18_0.93_-9.44_6.38_6.27_51.36_-30.19_-22.06_12.56_0.4468_-0.0542_0.2360_0.8613end0.13_0.95_-9.28_6.38_6.27_51.36_-29.44_-21.75_12.63_0.4503_-0.0560_0.2354_0.8594end0.13_0.95_-9.28_14.88_3.13_40.73_-29.44_-21.00_13.44_0.4518_-0.0569_0.2349_0.8588end-0.03_0.88_-8.89_16.67_0.67_37.94_-29.44_-21.00_13.44_0.4518_-0.0569_0.2349_0.8588end-0.03_0.88_-8.89_16.67_0.67_37.94_-29.44_-21.00_13.44_0.4560_-0.0591_0.2327_0.8570end-0.08_0.90_-8.75_19.81_-6.38_29.88_-29.44_-21.00_13.44_0.4572_-0.0596_0.2318_0.8566end,0.0,0.0,0.0
429,,0.0,0.0,0.0
430,,0.0,0.0,0.0
431,-0.08_0.92_-8.69_19.81_-6.38_29.88_-29.06_-21.00_13.88_0.4572_-0.0596_0.2318_0.8566end-0.09_0.84_-8.62_19.81_-6.38_29.88_-29.06_-21.00_13.88_0.4594_-0.0605_0.2300_0.8558end-0.10_0.82_-8.64_18.02_-7.95_18.69_-29.06_-21.00_13.88_0.4603_-0.0608_0.2290_0.8555end-0.10_0.82_-8.64_16.79_-7.39_15.89_-29.06_-21.00_13.88_0.4619_-0.0614_0.2274_0.8551end-0.05_0.73_-8.64_16.79_-7.39_15.89_-29.06_-21.00_13.88_0.4625_-0.0616_0.2266_0.8549end0.01_0.73_-8.73_16.79_-7.39_15.89_-29.44_-21.00_13.88_0.4625_-0.0616_0.2266_0.8549end0.01_0.73_-8.73_16.79_-7.39_15.89_-29.44_-21.00_13.88_0.4636_-0.0621_0.2249_0.8547end0.05_0.74_-8.89_16.79_-7.39_15.89_-29.81_-21.00_13.88_0.4636_-0.0621_0.2249_0.8547end0.09_0.86_-8.92_16.79_-7.39_15.89_-29.81_-21.00_13.88_0.4636_-0.0621_0.2249_0.8547end0.09_0.99_-8.97_4.70_-2.01_-6.04_-29.81_-21.00_13.88_0.4636_-0.0621_0.2249_0.8547end,0.0,0.0,0.0
432,,0.0,0.0,0.0
433,,0.0,0.0,0.0
434,0.07_0.97_-9.06_3.47_-0.56_-9.96_-31.69_-19.62_14.81_0.4636_-0.0621_0.2249_0.8547end0.09_1.03_-9.07_3.02_1.34_-12.98_-31.69_-19.62_14.81_0.4636_-0.0621_0.2249_0.8547end0.07_1.12_-9.16_3.02_1.34_-12.98_-31.69_-19.62_14.81_0.4618_-0.0623_0.2239_0.8560end0.09_1.17_-9.14_3.02_1.34_-12.98_-31.69_-19.62_14.81_0.4618_-0.0623_0.2239_0.8560end0.09_1.17_-9.14_3.02_1.34_-12.98_-31.69_-19.62_14.81_0.4610_-0.0624_0.2241_0.8564end0.11_1.25_-9.13_3.02_1.34_-12.98_-31.69_-19.62_14.81_0.4610_-0.0624_0.2241_0.8564end0.13_1.24_-9.14_3.02_1.34_-12.98_-31.69_-19.62_14.81_0.4565_-0.0627_0.2244_0.8586end0.11_1.21_-9.16_3.02_1.34_-12.98_-30.94_-20.31_13.00_0.4552_-0.0626_0.2244_0.8594end0.20_1.15_-9.18_3.02_1.34_-12.98_-30.94_-20.31_13.00_0.4537_-0.0624_0.2243_0.8602end0.20_1.11_-9.23_6.60_0.11_-43.76_-30.94_-20.31_13.00_0.4537_-0.0624_0.2243_0.8602end,0.0,0.0,0.0
435,,0.0,0.0,0.0
436,0.20_1.11_-9.23_6.60_0.11_-43.76_-29.81_-20.69_12.63_0.4489_-0.0616_0.2239_0.8629end0.39_1.27_-9.52_6.60_0.11_-43.76_-29.81_-20.69_12.63_0.4469_-0.0612_0.2238_0.8640end0.43_1.36_-9.60_9.96_-0.34_-56.85_-30.19_-21.00_13.88_0.4469_-0.0612_0.2238_0.8640end0.52_1.48_-9.67_10.74_1.68_-60.65_-30.19_-21.00_13.88_0.4469_-0.0612_0.2238_0.8640end0.57_1.56_-9.86_10.74_1.68_-60.65_-30.19_-21.00_13.88_0.4378_-0.0602_0.2230_0.8689end0.57_1.56_-9.86_16.00_10.18_-72.18_-29.81_-22.06_13.00_0.4351_-0.0601_0.2228_0.8703end0.69_1.69_-9.93_17.23_12.87_-75.98_-29.81_-22.06_13.00_0.4351_-0.0601_0.2228_0.8703end0.72_1.71_-9.92_17.23_12.87_-75.98_-29.06_-21.37_13.00_0.4351_-0.0601_0.2228_0.8703end0.72_1.71_-9.92_17.23_12.87_-75.98_-29.06_-21.37_13.00_0.4226_-0.0609_0.2219_0.8766end0.73_1.73_-9.85_17.23_12.87_-75.98_-29.06_-21.37_13.00_0.4189_-0.0612_0.2215_0.8784end,0.0,0.0,0.0
437,,0.0,0.0,0.0
438,0.65_1.81_-9.78_17.23_12.87_-75.98_-29.06_-21.37_13.00_0.4189_-0.0612_0.2215_0.8784end0.64_1.84_-9.68_30.21_21.04_-94.22_-29.06_-21.37_13.00_0.4189_-0.0612_0.2215_0.8784end0.68_1.85_-9.57_30.21_21.04_-94.22_-29.06_-21.37_13.00_0.4036_-0.0630_0.2194_0.8860end0.64_1.85_-9.55_30.21_21.04_-94.22_-27.62_-24.12_12.56_0.3996_-0.0636_0.2187_0.8879end0.63_1.89_-9.44_38.72_21.71_-101.61_-27.62_-24.12_12.56_0.3996_-0.0636_0.2187_0.8879end0.63_1.89_-9.44_38.72_21.71_-101.61_-28.00_-23.75_14.25_0.3913_-0.0648_0.2171_0.8920end0.64_2.05_-9.37_38.72_21.71_-101.61_-28.00_-23.75_14.25_0.3871_-0.0652_0.2161_0.8940end0.68_2.13_-9.39_43.42_16.67_-105.30_-28.00_-23.75_14.25_0.3784_-0.0660_0.2139_0.8982end0.73_2.18_-9.38_44.76_11.75_-107.32_-28.00_-23.75_14.25_0.3784_-0.0660_0.2139_0.8982end0.75_2.20_-9.38_44.76_11.75_-107.32_-28.00_-23.75_14.25_0.3697_-0.0665_0.2114_0.9023end,0.0,0.0,0.0
439,,0.0,0.0,0.0
440,0.88_2.21_-9.43_44.76_11.75_-107.32_-26.19_-24.81_15.13_0.3606_-0.0665_0.2087_0.9066end1.00_2.17_-9.53_44.76_11.75_-107.32_-26.19_-25.12_14.69_0.3561_-0.0664_0.2073_0.9088end1.12_2.20_-9.68_44.76_11.75_-107.32_-26.19_-25.12_14.69_0.3515_-0.0663_0.2059_0.9108end1.12_2.20_-9.68_45.77_7.72_-117.72_-24.69_-26.19_14.69_0.3515_-0.0663_0.2059_0.9108end1.21_2.18_-9.75_46.44_12.09_-120.30_-24.69_-26.19_14.69_0.3515_-0.0663_0.2059_0.9108end1.26_2.34_-9.90_46.44_12.09_-120.30_-24.31_-26.87_13.81_0.3515_-0.0663_0.2059_0.9108end1.26_2.34_-9.90_47.11_18.13_-122.76_-24.31_-26.87_13.81_0.3259_-0.0677_0.1995_0.9216end1.25_2.62_-9.86_47.11_18.13_-122.76_-24.31_-26.87_13,0.0,0.0,0.0
441,.81_0.3203_-0.0686_0.1984_0.9238end1.25_2.62_-9.86_51.48_42.30_-133.39_-24.31_-26.87_13.81_0.3145_-0.0698_0.1974_0.9259end1.26_3.11_-10.21_51.48_42.30_-133.39_-24.31_-26.87_13.81_0.3085_-0.0712_0.1962_0.9280end,0.0,0.0,0.0
442,,0.0,0.0,0.0
443,1.27_3.46_-10.58_51.48_42.30_-133.39_-24.31_-26.87_13.81_0.2966_-0.0740_0.1941_0.9321end1.32_3.65_-10.87_52.37_43.08_-136.64_-22.87_-28.31_14.69_0.2966_-0.0740_0.1941_0.9321end1.32_3.65_-10.87_52.37_43.08_-136.64_-22.87_-28.31_14.69_0.2845_-0.0765_0.1918_0.9362end1.62_4.68_-12.36_46.78_26.97_-136.08_-22.87_-28.31_14.69_0.2845_-0.0765_0.1918_0.9362end1.91_5.32_-13.00_46.78_26.97_-136.08_-22.19_-30.31_14.63_0.2727_-0.0781_0.1895_0.9400end2.05_5.34_-13.34_43.98_20.48_-135.41_-22.19_-30.31_14.63_0.2612_-0.0786_0.1873_0.9437end2.13_5.59_-13.57_43.98_20.48_-135.41_-22.19_-30.31_14.63_0.2556_-0.0785_0.1863_0.9454end2.28_5.69_-13.72_43.98_20.48_-135.41_-22.19_-30.31_14.63_0.2498_-0.0782_0.1854_0.9472end2.28_5.69_-13.72_32.56_5.26_-136.86_-22.19_-30.31_14.63_0.2441_-0.0777_0.1845_0.9489end2.86_5.03_-13.14_32.56_5.26_-136.86_-22.19_-30.31_14.63_0.2385_-0.0771_0.1837_0.9505end,0.0,0.0,0.0
444,,0.0,0.0,0.0
445,2.84_4.20_-12.06_31.67_-2.69_-139.43_-20.00_-30.00_16.37_0.2327_-0.0763_0.1829_0.9521end2.84_4.20_-12.06_33.12_-5.37_-139.99_-20.00_-30.00_16.37_0.2268_-0.0753_0.1819_0.9539end2.84_4.20_-12.06_38.61_-1.90_-141.34_-20.00_-30.00_16.37_0.2150_-0.0734_0.1797_0.9571end2.65_3.46_-11.28_38.61_-1.90_-141.34_-20.00_-30.00_16.37_0.2150_-0.0734_0.1797_0.9571end2.65_3.46_-11.28_52.60_22.60_-141.23_-18.50_-31.00_17.25_0.2029_-0.0724_0.1771_0.9603end2.65_3.46_-11.28_52.60_22.60_-141.23_-18.50_-31.00_17.25_0.1909_-0.0731_0.1740_0.9633end2.86_3.28_-10.38_52.60_22.60_-141.23_-18.50_-31.00_17.25_0.1909_-0.0731_0.1740_0.9633end2.85_3.39_-10.25_70.95_40.40_-137.20_-18.50_,0.0,0.0,0.0
446,-31.00_17.25_0.1909_-0.0731_0.1740_0.9633end2.85_3.39_-10.25_78.22_43.87_-135.29_-18.50_-31.00_17.25_0.1659_-0.0779_0.1649_0.9691end2.74_3.49_-9.96_78.22_43.87_-135.29_-18.50_-31.00_17.25_0.1599_-0.0796_0.1620_0.9705end,0.0,0.0,0.0
447,,0.0,0.0,0.0
448,2.62_3.62_-9.65_78.22_43.87_-135.29_-16.37_-31.37_17.25_0.1599_-0.0796_0.1620_0.9705end2.61_3.68_-9.45_97.69_48.68_-128.02_-14.87_-32.81_16.31_0.1599_-0.0796_0.1620_0.9705end2.61_3.68_-9.45_112.91_46.66_-119.07_-14.87_-32.81_16.31_0.1364_-0.0870_0.1475_0.9757end2.49_3.82_-8.82_112.91_46.66_-119.07_-14.87_-32.75_18.50_0.1364_-0.0870_0.1475_0.9757end2.49_3.82_-8.82_121.19_40.06_-112.69_-14.87_-32.75_18.50_0.1251_-0.0907_0.1389_0.9782end2.52_3.87_-8.56_121.19_40.06_-112.69_-14.87_-32.75_18.50_0.1199_-0.0923_0.1343_0.9793end2.54_4.02_-8.42_127.68_29.88_-104.52_-14.87_-32.75_18.50_0.1199_-0.0923_0.1343_0.9793end2.54_4.02_-8.42_127.68_29.88_-104.52_-14.19_-3,0.0,0.0,0.0
449,2.38_20.69_0.1095_-0.0952_0.1246_0.9815end2.54_4.02_-8.42_129.48_26.52_-100.49_-14.19_-32.38_20.69_0.0999_-0.0977_0.1148_0.9835end2.61_4.29_-8.31_129.48_26.52_-100.49_-14.19_-32.38_20.69_0.0952_-0.0988_0.1098_0.9844end,0.0,0.0,0.0
450,,0.0,0.0,0.0
451,,0.0,0.0,0.0
452,2.64_4.53_-8.36_129.48_26.52_-100.49_-14.19_-32.38_20.69_0.0952_-0.0988_0.1098_0.9844end2.64_4.53_-8.36_129.48_26.52_-100.49_-12.31_-31.37_20.69_0.0858_-0.1011_0.0995_0.9861end2.64_4.53_-8.36_126.45_23.84_-89.64_-12.31_-31.37_20.69_0.0814_-0.1022_0.0945_0.9869end2.64_4.53_-8.36_126.45_23.84_-89.64_-11.69_-31.37_21.56_0.0767_-0.1033_0.0894_0.9877end2.64_4.53_-8.36_123.66_24.40_-87.73_-11.69_-31.37_21.56_0.0725_-0.1044_0.0845_0.9883end2.64_4.53_-8.36_123.66_24.40_-87.73_-11.69_-31.00_23.75_0.0682_-0.1055_0.0798_0.9889end2.64_4.53_-8.36_114.93_24.84_-81.80_-11.69_-31.00_23.75_0.0598_-0.1078_0.0704_0.9899end2.76_4.68_-8.95_114.93_24.84_-81.80_-11.69_-31.00_23.75_0.0560_-0.1089_0.0660_0.9903end2.76_4.68_-8.95_114.93_24.84_-81.80_-11.69_-30.31_22.00_0.0483_-0.1111_0.0575_0.9910end2.63_4.77_-9.01_100.16_22.38_-72.63_-11.69_-29.94_24.12_0.0483_-0.1111_0.0575_0.9910end,0.0,0.0,0.0
453,2.63_4.77_-9.01_100.16_22.38_-72.63_-11.69_-29.94_24.12_0.0416_-0.1131_0.0497_0.9915end2.48_5.12_-8.95_100.16_22.38_-72.63_-11.69_-29.94_24.12_0.0416_-0.1131_0.0497_0.9915end2.39_5.25_-8.95_100.16_22.38_-72.63_-9.81_-29.56_25.06_0.0350_-0.1149_0.0423_0.9919end2.39_5.25_-8.95_81.69_13.88_-58.86_-9.81_-29.56_25.06_0.0292_-0.1163_0.0356_0.9921end2.32_5.31_-8.93_81.69_13.88_-58.86_-9.81_-29.56_25.06_0.0264_-0.1169_0.0324_0.9922end2.32_5.23_-8.93_81.69_13.88_-58.86_-9.81_-29.56_25.06_0.0264_-0.1169_0.0324_0.9922end2.32_5.23_-8.93_81.69_13.88_-58.86_-10.94_-28.87_25.44_0.0191_-0.1182_0.0239_0.9925end2.47_5.06_-8.87_62.11_5.37_-48.23_-10.94_-28.87_25.44_0.0168_-0.1185_0.0214_0.9926end2.49_5.03_-8.88_62.11_5.37_-48.23_-10.94_-28.87_25.44_0.0146_-0.1188_0.0190_0.9926end2.57_4.81_-8.76_62.11_5.37_-48.23_-9.50_-27.19_25.56_0.0146_-0.1188_0.0190_0.9926end,0.0,0.0,0.0
454,,0.0,0.0,0.0
455,,0.0,0.0,0.0
456,2.55_4.46_-8.54_50.58_6.71_-45.88_-9.50_-27.19_25.56_0.0099_-0.1192_0.0148_0.9927end2.55_4.46_-8.54_50.58_6.71_-45.88_-9.50_-27.19_25.56_0.0079_-0.1196_0.0129_0.9927end2.43_4.10_-8.23_43.76_11.19_-45.10_-9.50_-27.19_25.56_0.0057_-0.1200_0.0112_0.9927end2.34_3.96_-7.95_43.76_11.19_-45.10_-9.50_-27.19_25.56_0.0037_-0.1205_0.0095_0.9927end2.28_3.93_-7.84_43.76_11.19_-45.10_-9.50_-27.19_25.56_0.0004_0.1221_-0.0067_-0.9925end2.20_3.88_-7.69_32.68_24.28_-40.73_-9.50_-27.19_25.56_0.0004_0.1221_-0.0067_-0.9925end2.18_3.87_-7.33_32.68_24.28_-40.73_-9.50_-27.19_25.56_0.0004_0.1221_-0.0067_-0.9925end2.08_3.85_-7.12_32.68_24.28_-40.73_-9.50_-27.19_25.56_0.0004_0.1221_-0.0067_-0.9925end2.08_3.85_-7.12_32.68_24.28_-40.73_-9.50_-27.19_25.56_0.0103_0.1279_0.0005_-0.9918end2.14_3.69_-6.91_32.68_24.28_-40.73_-9.50_-27.19_25.56_0.0116_0.1285_0.0015_-0.9916end,0.0,0.0,0.0
457,,0.0,0.0,0.0
458,,0.0,0.0,0.0
459,2.30_3.50_-6.86_32.68_24.28_-40.73_-9.50_-27.19_25.56_0.0116_0.1285_0.0015_-0.9916end2.34_3.46_-6.83_24.84_1.12_-24.28_-9.88_-27.50_27.25_0.0116_0.1285_0.0015_-0.9916end2.36_3.46_-6.81_22.16_-8.73_-19.36_-9.88_-27.50_27.25_0.0116_0.1285_0.0015_-0.9916end2.34_3.38_-6.83_22.16_-8.73_-19.36_-9.88_-27.50_27.25_0.0155_0.1288_0.0053_-0.9915end2.36_3.39_-6.82_22.16_-8.73_-19.36_-9.88_-27.50_27.25_0.0171_0.1278_0.0069_-0.9916end2.39_3.20_-6.80_22.16_-8.73_-19.36_-9.88_-27.50_27.25_0.0171_0.1278_0.0069_-0.9916end2.38_3.11_-6.84_15.89_-12.31_-12.53_-9.88_-27.50_27.25_0.0171_0.1278_0.0069_-0.9916end2.38_3.11_-6.84_15.89_-12.31_-12.53_-9.88_-27.50_27.25_0.0189_0.1,0.0,0.0,0.0
460,259_0.0093_-0.9918end2.43_2.98_-6.75_15.89_-12.31_-12.53_-9.88_-27.50_27.25_0.0193_0.1255_0.0098_-0.9918end2.39_2.84_-6.80_15.89_-12.31_-12.53_-9.88_-27.50_27.25_0.0193_0.1255_0.0098_-0.9918end,0.0,0.0,0.0
461,2.38_2.75_-6.76_6.15_-1.12_-9.06_-9.88_-27.50_27.25_0.0193_0.1255_0.0098_-0.9918end2.38_2.75_-6.76_6.15_-1.12_-9.06_-9.50_-27.50_29.06_0.0201_0.1253_0.0106_-0.9919end2.38_2.75_-6.76_-2.01_2.01_-7.83_-9.50_-27.50_29.06_0.0206_0.1255_0.0105_-0.9918end2.32_2.67_-6.76_-2.01_2.01_-7.83_-9.50_-27.50_28.94_0.0208_0.1256_0.0103_-0.9918end2.30_2.62_-6.79_-2.01_2.01_-7.83_-9.50_-27.50_28.94_0.0208_0.1256_0.0103_-0.9918end2.34_2.64_-6.95_-2.01_2.01_-7.83_-9.50_-27.50_28.94_0.0208_0.1256_0.0103_-0.9918end2.36_2.62_-7.04_-2.01_2.01_-7.83_-8.00_-27.50_28.94_0.0208_0.1256_0.0103_-0.9918end2.51_2.67_-7.36_-2.01_2.01_-7.83_-8.38_-27.19_28.12_0.0208_0.1256_0.0103_-0.9918end2.59_2.66_-7.51_-29.21_-5.15_-5.48_-8.38_-27.19_28.12_0.0208_0.1256_0.0103_-0.9918end2.69_2.67_-7.57_-32.56_-4.03_-5.37_-8.38_-27.19_28.12_0.0212_0.1252_0.0051_-0.9919end,0.0,0.0,0.0
462,,0.0,0.0,0.0
463,2.87_2.70_-7.84_-32.56_-4.03_-5.37_-8.38_-27.19_28.12_0.0211_0.1249_0.0021_-0.9919end3.05_2.66_-7.93_-32.56_-4.03_-5.37_-8.75_-27.19_28.56_0.0210_0.1250_0.0004_-0.9919end3.21_2.55_-8.22_-32.56_-4.03_-5.37_-8.75_-27.19_28.56_0.0210_0.1250_0.0004_-0.9919end3.06_2.39_-8.59_-32.56_-4.03_-5.37_-8.75_-27.19_28.56_0.0210_0.1250_0.0004_-0.9919end2.87_2.18_-8.73_-32.56_-4.03_-5.37_-8.75_-27.19_28.56_0.0210_0.1281_-0.0077_-0.9915end2.81_2.08_-8.73_-53.04_49.01_-11.41_-8.75_-27.19_28.56_0.0210_0.1281_-0.0077_-0.9915end2.71_1.80_-8.76_-53.04_49.01_-11.41_-8.75_-27.19_28.56_0.0210_0.1324_-0.0124_-0.9909end2.70_1.64_-8.82_-57.07_69.61_-10.52_-8.75_-28.87_25.56_0.021,0.0,0.0,0.0
464,0_0.1324_-0.0124_-0.9909end2.77_1.43_-8.86_-58.97_74.98_-9.51_-8.75_-28.87_25.56_0.0209_0.1418_-0.0200_-0.9894end2.79_0.93_-8.81_-58.97_74.98_-9.51_-8.00_-30.25_26.31_0.0207_0.1450_-0.0226_-0.9890end,0.0,0.0,0.0
465,,0.0,0.0,0.0
466,3.04_0.71_-8.71_-58.97_74.98_-9.51_-8.00_-30.25_26.31_0.0203_0.1480_-0.0253_-0.9885end3.23_0.55_-8.86_-64.79_52.60_1.12_-8.00_-30.25_26.31_0.0203_0.1480_-0.0253_-0.9885end3.31_0.44_-8.95_-64.79_52.60_1.12_-9.81_-29.56_25.06_0.0184_0.1541_-0.0336_-0.9873end3.42_0.25_-9.23_-64.79_52.60_1.12_-9.81_-29.56_25.06_0.0184_0.1541_-0.0336_-0.9873end3.45_0.20_-9.25_-64.79_52.60_1.12_-9.81_-29.56_25.06_0.0164_0.1552_-0.0394_-0.9870end3.45_0.20_-9.25_-66.02_-11.41_13.54_-9.13_-30.31_23.75_0.0152_0.1549_-0.0422_-0.9869end3.45_0.20_-9.25_-64.46_-19.02_15.89_-9.13_-30.31_23.75_0.0127_0.1534_-0.0476_-0.9869end3.45_0.20_-9.25_-62.00_-40.51_20.93_-9.13_-30.31_23.75_0.0127_0.1534_-0.0476_-0.9869end3.45_0.20_-9.25_-61.44_-48.90_22.72_-9.13_-30.31_23.75_0.0098_0.1501_-0.0527_-0.9872end3.21_-0.05_-10.41_-61.44_-48.90_22.72_-9.13_-30.31_23.75_0.0081_0.1480_-0.0552_-0.9874end,0.0,0.0,0.0
467,,0.0,0.0,0.0
468,,0.0,0.0,0.0
469,3.21_-0.05_-10.41_-61.44_-48.90_22.72_-9.13_-30.31_23.75_0.0046_0.1436_-0.0601_-0.9878end3.18_0.16_-10.70_-61.44_-48.90_22.72_-9.13_-30.31_23.75_0.0046_0.1436_-0.0601_-0.9878end3.07_-0.15_-10.69_-61.44_-48.90_22.72_-9.13_-30.31_23.75_0.0009_0.1396_-0.0647_-0.9881end3.04_-0.27_-10.64_-46.66_-17.68_31.89_-9.13_-30.31_23.75_0.0009_0.1396_-0.0647_-0.9881end3.06_-0.35_-10.63_-46.66_-17.68_31.89_-9.13_-30.31_23.75_0.0046_-0.1370_0.0704_0.9880end3.05_-0.52_-10.65_-39.06_2.35_31.67_-9.13_-30.31_23.75_0.0064_-0.1370_0.0720_0.9879end3.11_-0.52_-10.63_-39.06_2.35_31.67_-9.13_-30.31_23.75_0.0081_-0.1373_0.0735_0.9878end3.05_-0.52_-10.64_-32.34_13.99_30.66_-9.44_-3,0.0,0.0,0.0
470,1.31_23.31_0.0081_-0.1373_0.0735_0.9878end3.12_-0.50_-10.61_-29.99_16.23_30.21_-10.19_-31.69_22.00_0.0081_-0.1373_0.0735_0.9878end3.10_-0.46_-10.61_-26.63_15.33_29.43_-10.19_-31.69_22.00_0.0081_-0.1373_0.0735_0.9878end,0.0,0.0,0.0
471,,0.0,0.0,0.0
472,3.10_-0.46_-10.61_-25.85_13.20_29.21_-10.19_-31.69_22.00_0.0158_-0.1409_0.0791_0.9868end3.05_-0.54_-10.56_-25.85_13.20_29.21_-10.19_-31.69_22.00_0.0173_-0.1415_0.0800_0.9866end3.02_-0.43_-10.68_-25.85_13.20_29.21_-10.19_-31.69_22.00_0.0187_-0.1420_0.0809_0.9864end3.02_-0.43_-10.68_-24.28_11.08_28.20_-10.19_-31.69_22.00_0.0187_-0.1420_0.0809_0.9864end3.02_-0.39_-10.77_-24.28_11.08_28.20_-10.19_-31.69_22.00_0.0229_-0.1439_0.0836_0.9858end3.00_-0.03_-10.71_-24.28_11.08_28.20_-10.19_-31.69_22.00_0.0242_-0.1449_0.0845_0.9855end2.93_0.18_-10.56_-24.28_11.08_28.20_-10.19_-31.69_22.00_0.0242_-0.1449_0.0845_0.9855end2.93_0.28_-10.45_-23.28_33.68_26.86_-10.19_-31.69_22.00_0.0242_-0.1449_0.0845_0.9855end2.93_0.28_-10.45_-23.28_33.68_26.86_-11.69_-31.00_22.00_0.0293_-0.1509_0.0881_0.9842end2.75_0.71_-10.37_-23.28_33.68_26.86_-11.69_-31.00_22.00_0.0306_-0.1528_0.0891_0.9838end,0.0,0.0,0.0
473,,0.0,0.0,0.0
474,,0.0,0.0,0.0
475,2.73_1.20_-10.45_-23.28_33.68_26.86_-11.69_-31.00_22.00_0.0306_-0.1528_0.0891_0.9838end2.87_1.73_-10.57_-23.28_33.68_26.86_-11.69_-31.00_22.00_0.0306_-0.1528_0.0891_0.9838end2.87_1.73_-10.57_-23.28_33.68_26.86_-11.69_-31.00_22.00_0.0362_-0.1606_0.0934_0.9819end2.94_2.37_-10.70_-35.36_33.57_33.80_-11.69_-31.00_22.00_0.0378_-0.1622_0.0947_0.9814end2.94_2.37_-10.70_-35.36_33.57_33.80_-12.00_-31.00_22.00_0.0378_-0.1622_0.0947_0.9814end2.94_2.37_-10.70_-35.36_33.57_33.80_-14.19_-31.37_20.25_0.0395_-0.1636_0.0961_0.9810end2.94_2.37_-10.70_-35.36_33.57_33.80_-14.19_-31.37_20.25_0.0413_-0.1648_0.0977_0.9806end3.13_3.05_-10.70_-35.36_33.57_33.80_-13.81_-32.06_21.50_0.0413_-0.1648_0.0977_0.9806end3.13_3.05_-10.70_-46.66_7.50_35.92_-13.81_-32.06_21.50_0.0413_-0.1648_0.0977_0.9806end3.31_3.14_-10.05_-46.66_7.50_35.92_-13.81_-32.06_21.50_0.0468_-0.1667_0.1026_0.9795end,0.0,0.0,0.0
476,,0.0,0.0,0.0
477,3.31_3.14_-10.05_-46.66_7.50_35.92_-13.81_-32.06_21.50_0.0542_-0.1684_0.1100_0.9780end2.90_3.11_-8.79_-46.66_7.50_35.92_-13.81_-32.06_21.50_0.0560_-0.1691_0.1120_0.9776end2.84_3.14_-8.58_-50.25_18.58_34.36_-13.81_-33.44_19.81_0.0560_-0.1691_0.1120_0.9776end2.84_3.14_-8.58_-50.25_18.58_34.36_-13.81_-33.44_19.81_0.0615_-0.1716_0.1178_0.9761end2.85_3.11_-8.16_-50.25_18.58_34.36_-13.81_-32.44_18.94_0.0634_-0.1725_0.1197_0.9756end2.99_3.07_-7.91_-50.25_18.58_34.36_-13.81_-32.44_18.94_0.0634_-0.1725_0.1197_0.9756end2.98_3.05_-7.87_-50.25_18.58_34.36_-13.81_-32.44_18.94_0.0673_-0.1740_0.1235_0.9747end2.98_3.05_-7.87_-46.11_4.70_37.26_-13.81_-32.44_18.94_0.0693_-0.1744_0.1252_0.9742end3.09_3.06_-7.70_-46.11_4.70_37.26_-13.81_-32.44_18.94_0.0732_-0.1750_0.1287_0.9734end3.09_2.97_-7.54_-43.31_-1.79_36.82_-15.25_-32.06_18.50_0.0732_-0.1750_0.1287_0.9734end,0.0,0.0,0.0
478,,0.0,0.0,0.0
479,,0.0,0.0,0.0
480,3.09_2.97_-7.54_-43.31_-1.79_36.82_-15.25_-32.06_18.50_0.0771_-0.1749_0.1318_0.9727end3.02_2.85_-7.29_-43.31_-1.79_36.82_-15.25_-32.06_18.50_0.0771_-0.1749_0.1318_0.9727end2.94_2.82_-7.19_-43.31_-1.79_36.82_-15.25_-32.06_18.50_0.0828_-0.1738_0.1357_0.9719end3.02_2.48_-7.17_-43.31_-1.79_36.82_-15.25_-32.06_18.50_0.0846_-0.1732_0.1368_0.9717end3.12_2.37_-7.19_-30.89_-21.04_32.79_-15.25_-32.06_18.50_0.0846_-0.1732_0.1368_0.9717end3.16_2.30_-7.19_-29.77_-23.84_31.00_-15.63_-32.44_16.75_0.0846_-0.1732_0.1368_0.9717end3.16_2.30_-7.19_-27.08_-26.86_27.86_-15.63_-32.44_16.75_0.0917_-0.1695_0.1407_0.9711end3.23_2.12_-7.31_-27.08_-26.86_27.86_-15.63_-32.44_16.75,0.0,0.0,0.0
481,_0.0933_-0.1685_0.1415_0.9710end3.25_2.04_-7.35_-27.08_-26.86_27.86_-15.63_-32.44_16.75_0.0933_-0.1685_0.1415_0.9710end3.27_2.11_-7.48_-23.72_-19.47_18.80_-15.63_-32.44_16.75_0.0933_-0.1685_0.1415_0.9710end,0.0,0.0,0.0
482,3.27_2.16_-7.56_-23.61_-15.67_16.23_-15.63_-32.44_16.75_0.0973_-0.1656_0.1440_0.9708end3.07_2.27_-7.74_-23.61_-15.67_16.23_-15.63_-32.44_16.75_0.0994_-0.1642_0.1457_0.9705end3.00_2.35_-7.73_-23.61_-15.67_16.23_-15.63_-32.44_16.75_0.1003_-0.1638_0.1466_0.9703end2.94_2.47_-7.69_-23.61_-15.67_16.23_-16.75_-33.13_17.62_0.1003_-0.1638_0.1466_0.9703end2.82_2.57_-7.70_-23.50_1.79_7.50_-16.75_-33.13_17.62_0.1021_-0.1636_0.1495_0.9698end2.72_2.76_-7.80_-24.28_6.04_5.26_-16.37_-32.75_16.75_0.1024_-0.1638_0.1505_0.9695end2.69_2.96_-8.08_-24.28_6.04_5.26_-16.37_-32.75_16.75_0.1028_-0.1640_0.1516_0.9693end2.69_2.96_-8.08_-25.96_4.59_3.47_-16.37_-32.75_16.75_0.1028_-0.1640_0.1516_0.9693end2.69_2.96_-8.08_-25.96_4.59_3.47_-14.87_-33.13_15.94_0.1039_-0.1640_0.1550_0.9686end2.91_3.09_-8.60_-25.96_4.59_3.47_-14.87_-33.13_15.94_0.1044_-0.1636_0.1562_0.9684end,0.0,0.0,0.0
483,,0.0,0.0,0.0
484,,0.0,0.0,0.0
485,2.99_3.14_-8.79_-25.96_4.59_3.47_-16.00_-33.50_14.63_0.1044_-0.1636_0.1562_0.9684end3.04_3.19_-9.04_-25.96_4.59_3.47_-16.00_-33.50_14.63_0.1044_-0.1636_0.1562_0.9684end3.29_3.39_-9.41_-35.70_-21.49_0.22_-15.63_-32.81_16.31_0.1044_-0.1636_0.1562_0.9684end3.38_3.55_-9.71_-35.70_-21.49_0.22_-15.63_-32.81_16.31_0.1059_-0.1612_0.1604_0.9680end3.42_3.66_-9.94_-35.70_-21.49_0.22_-15.63_-32.81_16.31_0.1067_-0.1589_0.1634_0.9678end3.42_3.66_-9.94_-38.61_-14.10_-5.15_-15.63_-32.81_16.31_0.1067_-0.1589_0.1634_0.9678end3.42_3.66_-9.94_-38.61_-14.10_-5.15_-15.63_-32.81_16.31_0.1072_-0.1570_0.1664_0.9675end3.37_3.68_-10.02_-38.61_-14.10_-5.15_-15.63_-32.81_16.31_0.1,0.0,0.0,0.0
486,072_-0.1570_0.1664_0.9675end3.37_3.68_-10.02_-38.61_-14.10_-5.15_-15.63_-32.81_16.31_0.1071_-0.1556_0.1731_0.9666end3.27_3.37_-9.90_-38.61_-14.10_-5.15_-15.63_-32.81_16.31_0.1071_-0.1556_0.1731_0.9666end,0.0,0.0,0.0
487,,0.0,0.0,0.0
488,3.29_3.37_-9.81_-36.82_12.09_-12.65_-15.63_-32.81_16.31_0.1071_-0.1556_0.1731_0.9666end3.32_3.32_-9.78_-36.26_10.30_-12.65_-15.63_-33.13_14.63_0.1071_-0.1556_0.1731_0.9666end3.33_3.23_-9.80_-35.14_3.58_-12.65_-15.63_-33.13_14.63_0.1056_-0.1563_0.1815_0.9651end3.34_3.15_-9.75_-35.14_3.58_-12.65_-15.63_-33.13_14.63_0.1053_-0.1561_0.1831_0.9649end3.44_2.81_-9.56_-35.14_3.58_-12.65_-15.63_-33.13_14.63_0.1053_-0.1561_0.1831_0.9649end3.43_2.73_-9.46_-35.14_3.58_-12.65_-14.50_-33.50_14.63_0.1053_-0.1561_0.1831_0.9649end3.43_2.73_-9.46_-35.14_3.58_-12.65_-14.50_-33.50_14.63_0.1042_-0.1542_0.1890_0.9642end3.41_2.55_-9.34_-35.14_3.58_-12.65_-14.50_-33.50_14.63_0.1038_-0.1536_0.1904_0.9641end3.41_2.31_-9.14_-35.14_3.58_-12.65_-14.50_-33.50_14.63_0.1034_-0.1530_0.1917_0.9639end3.41_2.22_-9.08_-26.30_-4.48_-19.36_-14.50_-33.50_14.63_0.1034_-0.1530_0.1917_0.9639end,0.0,0.0,0.0
489,,0.0,0.0,0.0
490,3.41_2.13_-8.95_-26.30_-4.48_-19.36_-14.50_-33.50_14.63_0.1034_-0.1530_0.1917_0.9639end3.43_2.09_-8.90_-26.30_-4.48_-19.36_-14.50_-33.50_14.63_0.1010_-0.1514_0.1964_0.9635end3.35_1.98_-8.79_-26.30_-4.48_-19.36_-14.50_-33.50_14.63_0.1010_-0.1514_0.1964_0.9635end3.27_1.86_-8.61_-26.30_-4.48_-19.36_-14.50_-33.50_14.63_0.0994_-0.1508_0.1984_0.9633end3.20_1.88_-8.50_-15.55_1.12_-24.62_-14.50_-33.50_14.63_0.0994_-0.1508_0.1984_0.9633end3.20_1.88_-8.50_-15.55_1.12_-24.62_-14.50_-33.50_14.63_0.0968_-0.1501_0.2010_0.9631end3.04_1.85_-8.35_-12.76_-1.01_-24.40_-15.63_-34.88_13.69_0.0968_-0.1501_0.2010_0.9631end3.04_1.85_-8.35_-12.76_-1.01_-24.40_-15.63_-34.88_13.69_0.0950_-0.1495_0.2025_0.9631end2.87_1.81_-8.06_-10.07_-8.50_-22.60_-15.63_-34.88_13.69_0.0950_-0.1495_0.2025_0.9631end2.87_1.81_-8.06_-10.07_-8.50_-22.60_-14.87_-34.50_12.81_0.0927_-0.1478_0.2042_0.9633end,0.0,0.0,0.0
491,,0.0,0.0,0.0
492,3.02_1.90_-7.91_-10.07_-8.50_-22.60_-14.87_-34.50_12.81_0.0920_-0.1470_0.2047_0.9633end3.10_1.96_-7.93_-10.18_-16.79_-23.72_-14.87_-34.50_12.81_0.0920_-0.1470_0.2047_0.9633end3.10_1.96_-7.93_-10.18_-16.79_-23.72_-14.50_-35.19_13.19_0.0906_-0.1452_0.2057_0.9635end3.10_1.96_-7.93_-11.08_-13.88_-25.85_-14.50_-35.19_13.19_0.0891_-0.1434_0.2069_0.9637end2.96_1.90_-8.23_-11.08_-13.88_-25.85_-14.50_-34.88_12.81_0.0883_-0.1425_0.2075_0.9637end2.84_1.67_-8.41_-14.32_-5.37_-28.09_-14.50_-34.88_12.81_0.0883_-0.1425_0.2075_0.9637end2.80_1.63_-8.63_-14.32_-5.37_-28.09_-14.50_-34.88_12.81_0.0863_-0.1415_0.2091_0.9637end2.80_1.63_-8.63_-14.32_-5.37_-28.09_-14.50_-34.,0.0,0.0,0.0
493,88_12.81_0.0839_-0.1413_0.2111_0.9636end2.83_1.75_-8.79_-14.32_-5.37_-28.09_-14.50_-34.88_12.81_0.0826_-0.1415_0.2122_0.9634end2.82_1.96_-8.81_-14.32_-5.37_-28.09_-14.50_-34.88_12.81_0.0812_-0.1419_0.2134_0.9632end,0.0,0.0,0.0
494,2.77_2.09_-8.87_-22.16_21.15_-33.57_-14.50_-34.88_12.81_0.0812_-0.1419_0.2134_0.9632end2.72_2.26_-8.92_-22.16_21.15_-33.57_-14.50_-34.88_12.81_0.0771_-0.1433_0.2171_0.9625end2.67_2.28_-8.96_-21.93_16.23_-32.56_-12.69_-35.25_12.37_0.0757_-0.1437_0.2183_0.9623end2.64_2.33_-9.09_-21.15_12.53_-32.01_-12.69_-35.25_12.37_0.0757_-0.1437_0.2183_0.9623end2.65_2.26_-9.25_-20.37_7.72_-31.22_-12.69_-35.25_12.37_0.0757_-0.1437_0.2183_0.9623end2.65_2.26_-9.25_-20.37_7.72_-31.22_-13.06_-35.94_12.37_0.0720_-0.1437_0.2217_0.9618end2.92_2.20_-9.38_-20.37_7.72_-31.22_-13.06_-35.94_12.37_0.0699_-0.1430_0.2237_0.9615end2.89_2.24_-9.46_-16.34_-6.49_-28.20_-13.75_-35.25_11.94_0.0699_-0.1430_0.2237_0.9615end3.00_2.35_-9.59_-16.34_-6.49_-28.20_-13.75_-35.25_11.94_0.0699_-0.1430_0.2237_0.9615end3.05_2.33_-9.58_-16.34_-6.49_-28.20_-12.69_-35.56_12.81_0.0660_-0.1406_0.2269_0.9615end,0.0,0.0,0.0
495,,0.0,0.0,0.0
496,3.10_2.39_-9.51_-16.34_-6.49_-28.20_-13.00_-36.63_11.50_0.0649_-0.1401_0.2275_0.9615end3.17_2.57_-9.58_-16.34_-6.49_-28.20_-13.00_-36.63_11.50_0.0638_-0.1396_0.2280_0.9615end3.10_2.60_-9.55_-16.34_-6.49_-28.20_-12.69_-36.25_11.94_0.0638_-0.1396_0.2280_0.9615end3.04_2.52_-9.41_-3.80_-4.70_-33.01_-12.69_-36.25_11.94_0.0638_-0.1396_0.2280_0.9615end3.04_2.52_-9.41_-2.24_-6.71_-33.12_-12.69_-36.25_11.94_0.0601_-0.1379_0.2292_0.9617end2.53_1.73_-9.17_-2.24_-6.71_-33.12_-12.69_-36.25_11.94_0.0588_-0.1373_0.2295_0.9618end2.53_1.73_-9.17_2.57_-15.89_-32.90_-12.69_-36.25_11.94_0.0562_-0.1356_0.2297_0.9621end3.04_1.91_-9.28_3.47_-24.51_-32.34_-12.69_-36.25_11.94_,0.0,0.0,0.0
497,0.0562_-0.1356_0.2297_0.9621end3.09_1.98_-9.34_3.92_-34.69_-31.67_-10.50_-36.63_11.94_0.0562_-0.1356_0.2297_0.9621end3.02_2.02_-9.38_3.36_-51.59_-29.66_-10.50_-36.63_11.94_0.0524_-0.1286_0.2296_0.9633end,0.0,0.0,0.0
498,2.84_2.13_-9.34_3.36_-51.59_-29.66_-10.50_-36.63_11.94_0.0524_-0.1286_0.2296_0.9633end2.78_2.14_-9.30_3.36_-51.59_-29.66_-10.50_-36.63_11.94_0.0511_-0.1235_0.2294_0.9641end2.68_2.20_-9.02_3.36_-51.59_-29.66_-10.50_-36.63_11.94_0.0511_-0.1235_0.2294_0.9641end2.59_2.25_-8.89_3.36_-51.59_-29.66_-10.50_-36.63_11.94_0.0495_-0.1157_0.2289_0.9653end2.60_2.46_-8.67_3.36_-51.59_-29.66_-10.50_-36.63_11.94_0.0490_-0.1133_0.2288_0.9656end2.65_2.61_-8.56_3.36_-51.59_-29.66_-10.88_-36.25_12.81_0.0484_-0.1113_0.2285_0.9659end2.69_2.78_-8.53_9.40_-36.93_-23.72_-10.88_-36.25_12.81_0.0484_-0.1113_0.2285_0.9659end2.69_2.78_-8.53_9.40_-36.93_-23.72_-10.88_-36.25_12.81_0.0,0.0,0.0,0.0
499,466_-0.1060_0.2274_0.9669end2.76_2.41_-9.07_9.40_-36.93_-23.72_-10.88_-36.25_12.81_0.0461_-0.1043_0.2271_0.9672end2.80_2.35_-9.21_8.84_-33.80_-19.70_-10.88_-36.25_12.81_0.0461_-0.1043_0.2271_0.9672end,0.0,0.0,0.0
500,,0.0,0.0,0.0
501,2.72_2.37_-9.13_8.84_-33.80_-19.70_-9.44_-36.31_12.37_0.0461_-0.1043_0.2271_0.9672end2.72_2.37_-9.13_10.18_-27.42_-18.58_-10.19_-36.63_14.06_0.0447_-0.0996_0.2260_0.9680end2.57_2.48_-9.08_10.18_-27.42_-18.58_-10.19_-36.63_14.06_0.0442_-0.0982_0.2256_0.9683end2.69_2.80_-9.26_10.18_-27.42_-18.58_-10.19_-36.63_14.06_0.0430_-0.0959_0.2247_0.9688end2.61_2.92_-9.34_14.88_-17.35_-18.80_-9.81_-36.94_14.13_0.0430_-0.0959_0.2247_0.9688end2.49_2.97_-9.42_16.79_-13.88_-19.36_-9.81_-36.94_14.13_0.0410_-0.0934_0.2229_0.9695end2.42_3.02_-9.31_16.79_-13.88_-19.36_-10.19_-36.25_13.69_0.0402_-0.0930_0.2221_0.9697end2.36_2.96_-9.32_16.79_-13.88_-19.36_-10.19_-36.25_13.69_0.0394_-0.0927_0.2213_0.9700end2.22_2.74_-9.25_16.79_-13.88_-19.36_-9.06_-36.63_13.19_0.0394_-0.0927_0.2213_0.9700end2.22_2.74_-9.25_29.43_9.06_-23.05_-8.69_-36.94_14.56_0.0394_-0.0927_0.2213_0.9700end,0.0,0.0,0.0
502,,0.0,0.0,0.0
503,,0.0,0.0,0.0
504,2.22_2.74_-9.25_29.43_9.06_-23.05_-8.69_-36.94_14.56_0.0349_-0.0935_0.2168_0.9711end2.11_2.87_-9.46_29.43_9.06_-23.05_-8.69_-36.94_14.56_0.0335_-0.0944_0.2154_0.9714end1.99_3.11_-9.42_29.43_9.06_-23.05_-8.69_-36.94_14.56_0.0335_-0.0944_0.2154_0.9714end1.99_3.25_-9.46_29.43_9.06_-23.05_-8.69_-36.94_14.56_0.0305_-0.0966_0.2126_0.9719end2.00_3.36_-9.54_41.07_44.99_-28.76_-8.69_-36.94_14.56_0.0305_-0.0966_0.2126_0.9719end2.00_3.36_-9.54_41.07_44.99_-28.76_-8.69_-36.94_14.56_0.0253_-0.1014_0.2079_0.9725end1.97_3.48_-9.64_41.07_44.99_-28.76_-8.69_-36.94_14.56_0.0236_-0.1033_0.2064_0.9727end1.87_3.53_-9.51_41.07_44.99_-28.76_-8.69_-36.94_14.56_0.0217_-0.1052_0.2048_0.9729end1.87_3.53_-9.51_42.52_44.76_-26.86_-9.44_-36.63_15.44_0.0200_-0.1069_0.2032_0.9731end1.87_3.53_-9.51_42.52_44.76_-26.86_-8.69_-37.63_15.81_0.0183_-0.1087_0.2016_0.9733end,0.0,0.0,0.0
505,1.83_3.52_-9.69_42.52_44.76_-26.86_-8.69_-37.63_15.81_0.0151_-0.1118_0.1982_0.9736end1.83_3.52_-9.69_42.52_35.47_-23.84_-8.69_-36.94_14.56_0.0135_-0.1132_0.1966_0.9738end1.92_3.57_-9.80_42.75_32.68_-22.83_-8.69_-36.94_14.56_0.0135_-0.1132_0.1966_0.9738end1.92_3.57_-9.80_42.52_29.21_-21.93_-8.69_-36.94_14.56_0.0109_-0.1156_0.1932_0.9742end2.05_3.87_-10.23_42.52_29.21_-21.93_-8.69_-36.94_14.56_0.0095_-0.1166_0.1916_0.9745end2.05_3.87_-10.23_41.63_22.72_-21.04_-8.69_-36.94_14.56_0.0082_-0.1175_0.1899_0.9747end2.38_4.45_-11.23_41.63_22.72_-21.04_-8.69_-36.94_14.56_0.0070_-0.1182_0.1883_0.9750end2.38_4.45_-11.23_40.17_17.01_-21.82_-8.69_-36.94_14.56_0.0045_,0.0,0.0,0.0
506,-0.1194_0.1851_0.9754end2.50_5.11_-12.02_40.29_17.23_-22.60_-8.69_-36.94_14.56_0.0045_-0.1194_0.1851_0.9754end2.50_5.11_-12.02_40.29_17.23_-22.60_-9.06_-36.94_16.25_0.0020_-0.1205_0.1819_0.9759end,0.0,0.0,0.0
507,2.50_5.11_-12.02_40.29_17.23_-22.60_-9.06_-36.94_16.25_0.0007_0.1219_-0.1789_-0.9763end2.59_4.70_-11.87_40.29_17.23_-22.60_-9.06_-36.94_16.25_0.0007_0.1219_-0.1789_-0.9763end2.59_4.70_-11.87_39.39_26.75_-30.44_-9.06_-35.56_17.19_0.0007_0.1219_-0.1789_-0.9763end2.59_4.70_-11.87_39.95_28.65_-32.34_-9.06_-35.56_17.19_0.0072_0.1254_-0.1728_-0.9769end2.59_3.77_-11.04_39.95_28.65_-32.34_-7.62_-34.50_17.19_0.0089_0.1263_-0.1713_-0.9771end2.34_2.71_-10.11_43.08_28.98_-32.68_-7.62_-34.50_17.19_0.0089_0.1263_-0.1713_-0.9771end2.32_2.52_-9.86_43.08_28.98_-32.68_-7.94_-36.25_16.25_0.0142_0.1293_-0.1661_-0.9775end2.23_2.28_-9.64_50.58_30.10_-30.21_-7.94_-36.25_16.2,0.0,0.0,0.0
508,5_0.0159_0.1303_-0.1642_-0.9777end2.24_1.92_-9.09_50.58_30.10_-30.21_-8.69_-35.50_18.87_0.0159_0.1303_-0.1642_-0.9777end2.26_1.75_-8.73_50.58_30.10_-30.21_-8.69_-35.50_18.87_0.0208_0.1333_-0.1575_-0.9783end,0.0,0.0,0.0
509,,0.0,0.0,0.0
510,2.22_1.73_-8.57_64.57_24.51_-23.05_-8.69_-35.50_18.87_0.0223_0.1342_-0.1550_-0.9785end2.16_1.71_-8.48_64.57_24.51_-23.05_-8.69_-35.50_18.87_0.0237_0.1349_-0.1523_-0.9788end2.15_1.79_-8.14_64.57_24.51_-23.05_-8.69_-35.50_18.87_0.0251_0.1356_-0.1494_-0.9791end2.12_1.77_-8.00_75.76_14.32_-18.80_-8.69_-35.50_18.87_0.0251_0.1356_-0.1494_-0.9791end2.12_1.77_-8.00_75.76_14.32_-18.80_-8.69_-35.50_18.87_0.0287_0.1364_-0.1397_-0.9803end2.10_1.98_-7.74_75.76_14.32_-18.80_-8.69_-35.50_18.87_0.0298_0.1363_-0.1362_-0.9808end2.09_2.06_-7.66_89.08_-5.37_-15.67_-8.69_-35.50_18.87_0.0298_0.1363_-0.1362_-0.9808end2.03_2.18_-7.72_91.54_-9.96_-15.44_-8.69_-35.50_18.87_0.03,0.0,0.0,0.0
511,31_0.1346_-0.1249_-0.9824end2.08_2.21_-7.80_95.12_-16.79_-16.45_-7.62_-34.44_20.69_0.0331_0.1346_-0.1249_-0.9824end2.08_2.21_-7.80_95.12_-16.79_-16.45_-7.62_-34.44_20.69_0.0353_0.1328_-0.1171_-0.9836end,0.0,0.0,0.0
512,,0.0,0.0,0.0
513,2.16_2.37_-7.97_95.12_-16.79_-16.45_-7.62_-33.75_21.06_0.0353_0.1328_-0.1171_-0.9836end2.16_2.37_-7.97_95.57_-22.83_-20.59_-7.62_-33.75_21.06_0.0378_0.1304_-0.1092_-0.9847end2.16_2.37_-7.97_94.90_-22.94_-22.72_-8.38_-33.75_22.00_0.0378_0.1304_-0.1092_-0.9847end2.16_2.37_-7.97_93.33_-22.27_-24.62_-8.38_-33.75_22.00_0.0405_0.1279_-0.1013_-0.9858end2.16_2.37_-7.97_89.52_-18.58_-29.10_-8.38_-33.75_22.00_0.0436_0.1256_-0.0939_-0.9867end2.08_2.98_-8.93_89.52_-18.58_-29.10_-8.38_-33.75_22.00_0.0436_0.1256_-0.0939_-0.9867end2.09_2.99_-9.04_80.12_-10.63_-35.81_-8.38_-33.75_22.00_0.0436_0.1256_-0.0939_-0.9867end1.99_3.05_-9.16_80.12_-10.63_-35.81_-8.38_-33.75_22.00_0.0506_0.1221_-0.0804_-0.9880end1.99_3.05_-9.16_72.74_-5.82_-39.17_-6.56_-31.69_23.69_0.0506_0.1221_-0.0804_-0.9880end1.86_3.11_-9.16_68.82_-4.36_-40.73_-6.56_-31.69_23.69_0.0506_0.1221_-0.0804_-0.9880end,0.0,0.0,0.0
514,,0.0,0.0,0.0
515,,0.0,0.0,0.0
516,1.83_3.09_-9.16_68.82_-4.36_-40.73_-5.87_-31.69_24.63_0.0585_0.1201_-0.0695_-0.9886end1.76_3.14_-9.18_57.07_-2.01_-42.86_-5.87_-31.69_24.63_0.0607_0.1198_-0.0671_-0.9887end1.68_3.21_-9.37_57.07_-2.01_-42.86_-6.87_-33.06_25.00_0.0607_0.1198_-0.0671_-0.9887end1.66_3.17_-9.42_57.07_-2.01_-42.86_-6.87_-33.06_25.00_0.0646_0.1190_-0.0630_-0.9888end1.66_3.17_-9.42_57.07_-2.01_-42.86_-6.19_-32.00_25.88_0.0685_0.1185_-0.0596_-0.9888end1.89_3.11_-9.75_57.07_-2.01_-42.86_-6.19_-32.00_25.88_0.0703_0.1182_-0.0582_-0.9888end1.87_3.20_-9.81_57.07_-2.01_-42.86_-6.19_-32.00_25.88_0.0721_0.1180_-0.0569_-0.9888end1.89_3.22_-9.68_29.77_0.45_-39.73_-6.19_-32.00_25.88_0.0721_0.1180_-0.0569_-0.9888end1.86_3.12_-9.21_27.31_-0.56_-38.83_-6.19_-32.00_25.88_0.0773_0.1173_-0.0538_-0.9886end1.68_2.93_-9.49_22.83_-15.00_-36.59_-4.37_-31.31_25.50_0.0773_0.1173_-0.0538_-0.9886end,0.0,0.0,0.0
517,,0.0,0.0,0.0
518,,0.0,0.0,0.0
519,1.59_3.01_-9.71_22.83_-15.00_-36.59_-4.37_-31.31_25.50_0.0804_0.1157_-0.0524_-0.9886end1.59_3.01_-9.71_17.35_-33.80_-33.68_-5.50_-31.31_26.31_0.0804_0.1157_-0.0524_-0.9886end1.46_2.99_-9.73_17.35_-33.80_-33.68_-5.50_-31.31_26.31_0.0804_0.1157_-0.0524_-0.9886end1.46_2.99_-9.73_12.65_-49.69_-31.67_-5.50_-31.31_26.31_0.0844_0.1104_-0.0512_-0.9890end1.46_2.99_-9.73_11.64_-56.18_-30.89_-5.12_-30.62_26.81_0.0857_0.1080_-0.0510_-0.9891end1.34_2.58_-9.18_11.64_-56.18_-30.89_-5.12_-30.62_26.81_0.0869_0.1054_-0.0509_-0.9893end1.28_2.29_-9.00_10.52_-67.93_-30.33_-5.12_-30.62_26.81_0.0893_0.0992_-0.0508_-0.9897end1.25_2.09_-8.86_10.52_-67.93_-30.33_-4.00_-30.94_28.12_0.0893_0.0992_-0.0508_-0.9897end1.11_1.82_-8.79_11.75_-84.04_-29.88_-4.00_-30.94_28.12_0.0925_0.0883_-0.0507_-0.9905end0.95_1.79_-8.74_11.75_-84.04_-29.88_-4.00_-30.94_28.12_0.0935_0.0843_-0.0506_-0.9908end,0.0,0.0,0.0
520,,0.0,0.0,0.0
521,0.79_1.63_-8.88_11.75_-84.04_-29.88_-4.00_-30.94_28.12_0.0935_0.0843_-0.0506_-0.9908end0.75_1.64_-8.96_13.32_-107.99_-27.98_-4.00_-30.94_28.12_0.0935_0.0843_-0.0506_-0.9908end0.75_1.64_-8.96_13.32_-107.99_-27.98_-2.19_-32.06_26.31_0.0970_0.0650_-0.0505_-0.9919end0.44_1.64_-9.05_13.32_-107.99_-27.98_-2.19_-32.06_26.31_0.0978_0.0591_-0.0507_-0.9921end0.09_1.75_-8.96_13.32_-107.99_-27.98_-2.19_-32.06_26.31_0.0978_0.0591_-0.0507_-0.9921end0.09_1.75_-8.96_13.32_-107.99_-27.98_-0.44_-31.31_27.62_0.0990_0.0469_-0.0510_-0.9927end0.09_1.82_-9.11_10.30_-156.44_-24.40_-0.44_-31.31_27.62_0.1002_0.0330_-0.0515_-0.9931end-0.16_1.50_-9.21_10.30_-156.44_-24.40_-0.44_-31.31_27.62_0.1007_0.0258_-0.0519_-0.9932end-0.31_1.33_-9.23_10.30_-156.44_-24.40_-0.44_-31.69_27.19_0.1007_0.0258_-0.0519_-0.9932end-0.31_1.33_-9.23_8.17_-172.22_-25.40_-0.44_-31.69_27.19_0.1020_0.0106_-0.0527_-0.9933end,0.0,0.0,0.0
522,,0.0,0.0,0.0
523,,0.0,0.0,0.0
524,-0.31_1.33_-9.23_7.39_-175.80_-28.31_-0.44_-31.69_27.19_0.1026_0.0031_-0.0532_-0.9933end-0.31_1.33_-9.23_7.39_-175.80_-28.31_2.50_-30.62_28.50_0.1034_-0.0045_-0.0536_-0.9932end-0.31_1.33_-9.23_7.50_-179.72_-30.10_2.50_-30.62_28.50_0.1050_-0.0203_-0.0545_-0.9928end-0.31_1.33_-9.23_8.73_-184.31_-30.33_3.25_-30.69_26.75_0.1050_-0.0203_-0.0545_-0.9928end-0.31_1.33_-9.23_8.73_-184.31_-30.33_4.31_-31.75_26.81_0.1071_-0.0451_-0.0558_-0.9916end-1.66_1.84_-9.71_8.73_-184.31_-30.33_4.31_-31.75_26.81_0.1077_-0.0541_-0.0562_-0.9911end-1.96_1.71_-9.77_8.73_-184.31_-30.33_4.31_-31.75_26.81_0.1077_-0.0541_-0.0562_-0.9911end-2.53_1.50_-9.86_8.73_-184.31_-30.33_4.31_-3,0.0,0.0,0.0
525,1.75_26.81_0.1077_-0.0541_-0.0562_-0.9911end-2.65_1.26_-9.84_17.57_-247.09_-28.65_7.94_-31.06_26.37_0.1077_-0.0541_-0.0562_-0.9911end-2.65_1.26_-9.84_17.57_-247.09_-28.65_7.94_-31.06_26.37_0.1096_-0.1053_-0.0575_-0.9867end,0.0,0.0,0.0
526,-3.02_1.15_-9.73_17.57_-247.09_-28.65_8.31_-31.06_27.19_0.1096_-0.1053_-0.0575_-0.9867end-3.02_1.15_-9.73_19.47_-260.74_-30.44_8.31_-31.06_27.19_0.1106_-0.1279_-0.0580_-0.9839end-3.27_1.05_-9.52_19.47_-260.74_-30.44_8.31_-31.06_27.19_0.1110_-0.1392_-0.0582_-0.9823end-3.27_1.05_-9.52_19.47_-267.45_-32.79_8.31_-31.06_27.19_0.1115_-0.1511_-0.0585_-0.9805end-3.79_1.07_-9.38_19.47_-267.45_-32.79_8.31_-31.06_27.19_0.1125_-0.1743_-0.0590_-0.9764end-3.79_1.07_-9.38_16.67_-275.29_-36.26_8.31_-31.06_27.19_0.1125_-0.1743_-0.0590_-0.9764end-4.18_1.15_-9.13_16.67_-275.29_-36.26_14.50_-29.69_25.00_0.1125_-0.1743_-0.0590_-0.9764end-4.18_1.15_-9.13_15.00_-277.53_-36.59_14.50_-29.69_25.00_0.1137_-0.2100_-0.0599_-0.9692end-4.18_1.15_-9.13_14.32_-279.54_-36.59_14.50_-29.69_25.00_0.1146_-0.2341_-0.0607_-0.9635end-4.18_1.15_-9.13_13.09_-285.14_-35.14_14.50_-29.69_25.00_0.1152_-0.2460_-0.0612_-0.9604end,0.0,0.0,0.0
527,,0.0,0.0,0.0
528,-5.31_0.61_-8.24_13.09_-285.14_-35.14_14.50_-29.69_25.00_0.1152_-0.2460_-0.0612_-0.9604end-5.93_0.49_-7.97_11.19_-291.85_-32.90_14.50_-29.69_25.00_0.1158_-0.2828_-0.0627_-0.9501end-6.90_0.48_-7.88_9.96_-294.31_-28.65_14.50_-29.69_25.00_0.1158_-0.2828_-0.0627_-0.9501end-6.83_0.40_-7.75_9.96_-294.31_-28.65_14.50_-29.69_25.00_0.1159_-0.3071_-0.0639_-0.9424end-6.63_-0.10_-7.40_9.96_-294.31_-28.65_14.50_-29.69_25.00_0.1154_-0.3315_-0.0650_-0.9341end-6.51_-0.04_-7.34_9.96_-294.31_-28.65_20.25_-28.44_21.12_0.1154_-0.3315_-0.0650_-0.9341end-6.88_0.30_-7.29_9.96_-294.31_-28.65_22.00_-28.50_19.87_0.1154_-0.3315_-0.0650_-0.9341end-6.88_0.30_-7.29_7.72_-296.10_-31,0.0,0.0,0.0
529,.89_22.00_-28.50_19.87_0.1147_-0.3674_-0.0665_-0.9206end-6.88_0.30_-7.29_7.72_-296.10_-31.89_22.00_-28.50_19.87_0.1147_-0.3674_-0.0665_-0.9206end-8.18_1.09_-6.39_7.16_-301.70_-32.12_22.00_-28.50_19.87_0.1146_-0.3912_-0.0675_-0.9106end,0.0,0.0,0.0
530,-8.18_1.09_-6.39_7.16_-301.70_-32.12_22.00_-28.50_19.87_0.1146_-0.4037_-0.0681_-0.9051end-8.18_1.09_-6.39_5.15_-347.80_-27.42_25.31_-28.87_15.94_0.1146_-0.4037_-0.0681_-0.9051end-8.18_1.09_-6.39_2.57_-401.29_-21.93_25.31_-28.87_15.94_0.1146_-0.4037_-0.0681_-0.9051end-8.18_1.09_-6.39_2.57_-401.29_-21.93_25.31_-28.87_15.94_0.1118_-0.4747_-0.0728_-0.8700end-8.85_1.86_-5.09_2.57_-401.29_-21.93_26.69_-28.62_12.44_0.1118_-0.4747_-0.0728_-0.8700end-8.71_1.38_-4.68_2.57_-401.29_-21.93_26.69_-28.62_12.44_0.1118_-0.4747_-0.0728_-0.8700end-8.71_1.38_-4.68_-7.61_-507.72_-9.85_26.69_-28.62_12.44_0.1076_-0.5277_-0.0781_-0.8389end-8.71_1.38_-4.68_-10.63_-524.05_-7.16_29.31_-28.62_9.88_0.1076_-0.5277_-0.0781_-0.8389end-8.71_1.38_-4.68_-12.76_-533.23_-5.26_29.31_-28.62_9.88_0.1042_-0.5657_-0.0829_-0.8138end-8.18_-1.01_-2.59_-12.76_-533.23_-5.26_29.31_-28.62_9.88_0.1007_-0.6025_-0.0881_-0.7868end,0.0,0.0,0.0
531,,0.0,0.0,0.0
532,-7.59_-1.13_-2.18_-12.76_-533.23_-5.26_29.31_-28.62_9.88_0.1007_-0.6025_-0.0881_-0.7868end-7.59_-1.13_-2.18_-17.57_-516.22_2.35_31.06_-28.06_2.50_0.1007_-0.6025_-0.0881_-0.7868end-7.46_-0.64_-1.73_-17.57_-516.22_2.35_31.06_-28.06_2.50_0.1007_-0.6025_-0.0881_-0.7868end-7.24_-0.35_-1.02_-14.44_-478.85_4.81_31.06_-28.06_2.50_0.0900_-0.6852_-0.0997_-0.7158end-7.24_-0.35_-1.02_-8.17_-430.28_5.93_31.06_-28.06_2.50_0.0883_-0.6987_-0.1019_-0.7026end-5.73_-1.22_-1.25_-8.17_-430.28_5.93_31.06_-28.06_2.50_0.0858_-0.7114_-0.1031_-0.6899end-5.73_-1.22_-1.25_-8.17_-430.28_5.93_31.06_-28.06_2.50_0.0814_-0.7344_-0.1060_-0.6654end-5.90_-0.75_-0.71_-8.17_-430.28_5.93_30.37_-28.50_-7.06_0.0814_-0.7344_-0.1060_-0.6654end-6.49_-0.17_0.46_-8.17_-430.28_5.93_30.37_-28.50_-7.06_0.0814_-0.7344_-0.1060_-0.6654end-7.02_0.37_0.74_-8.17_-430.28_5.93_29.63_-27.50_-8.38_0.0814_-0.7344_-0.1060_-0.6654end,0.0,0.0,0.0
533,,0.0,0.0,0.0
534,-7.02_0.37_0.74_-0.11_-338.85_22.72_29.63_-27.50_-8.38_0.0693_-0.7822_-0.1121_-0.6089end-7.22_1.54_1.77_-0.11_-338.85_22.72_28.94_-27.50_-10.56_0.0693_-0.7822_-0.1121_-0.6089end-7.22_1.54_1.77_2.13_-348.25_41.07_28.94_-27.50_-10.56_0.0634_-0.7999_-0.1157_-0.5854end-6.88_2.00_2.39_2.13_-348.25_41.07_28.94_-27.50_-10.56_0.0599_-0.8087_-0.1172_-0.5734end-7.77_2.20_2.90_5.04_-363.58_53.49_28.94_-27.50_-10.56_0.0566_-0.8172_-0.1198_-0.5609end-7.77_2.20_2.90_5.04_-363.58_53.49_28.56_-28.25_-14.87_0.0491_-0.8342_-0.1250_-0.5349end-7.77_2.20_2.90_9.74_-335.83_72.63_26.00_-28.25_-15.75_0.0491_-0.8342_-0.1250_-0.5349end-8.89_2.76_2.79_9.74_-335.83_72.63_24.56_-28.62_-16.62_0.0491_-0.8342_-0.1250_-0.5349end-7.11_2.98_4.18_13.32_-304.50_78.45_24.56_-28.62_-16.62_0.0491_-0.8342_-0.1250_-0.5349end-7.11_2.98_4.18_39.50_-163.72_78.56_24.56_-28.62_-16.62_0.0491_-0.8342_-0.1250_-0.5349end,0.0,0.0,0.0
535,,0.0,0.0,0.0
536,,0.0,0.0,0.0
537,-7.11_2.98_4.18_39.50_-163.72_78.56_23.12_-29.31_-17.56_0.0278_-0.8632_-0.1375_-0.4849end-7.11_2.98_4.18_51.03_-101.27_71.84_23.12_-29.31_-17.56_0.0232_-0.8658_-0.1387_-0.4802end-6.21_2.95_3.55_62.11_-41.96_63.34_23.12_-29.31_-17.56_0.0151_-0.8671_-0.1403_-0.4778end-6.48_2.17_4.23_62.11_-41.96_63.34_23.12_-29.31_-17.56_0.0114_-0,0.0,0.0,0.0
538,.8661_-0.1407_-0.4795end-6.27_0.86_4.69_62.11_-41.96_63.34_23.12_-29.31_-17.56_0.0114_-0.8661_-0.1407_-0.4795end-6.27_0.86_4.69_80.46_95.12_40.40_23.12_-29.31_-17.56_0.0002_-0.8604_-0.1385_-0.4905end-6.58_1.27_6.71_80.46_95.12_40.40_23.12_-29.31_-17.56_0.0002_-0.8604_-0.1385_-0.4905end-6.38_2.61_6.72_80.46_95.12_40.40_23.12_-29.31_-17.56_0.0110_0.8545_0.1349_0.5015end-6.77_2.05_6.50_79.90_23.95_36.26_21.69_-31.62_-14.50_0.0151_0.8534_0.1339_0.5035end-7.63_3.72_6.03_75.42_-19.58_37.71_21.69_-31.62_-14.50_0.0192_0.8532_0.1328_0.5040end,0.0,0.0,0.0
539,-7.72_3.45_6.23_69.27_-68.37_40.62_21.69_-31.62_-14.50_0.0192_0.8532_0.1328_0.5040end-8.04_3.21_6.30_54.61_-179.50_48.12_21.69_-31.62_-14.50_0.0192_0.8532_0.1328_0.5040end-8.04_3.21_6.30_54.61_-179.50_48.12_21.69_-31.62_-14.50_0.0364_0.8630_0.1311_0.4866end-8.26_3.94_8.41_54.61_-179.50_48.12_21.69_-31.62_-14.50_0.0410_0.8682_0.1,0.0,0.0,0.0
540,313_0.4768end-7.20_3.92_6.55_54.61_-179.50_48.12_21.69_-31.62_-14.50_0.0457_0.8746_0.1317_0.4644end-7.20_3.92_6.55_25.29_-384.17_59.20_19.62_-32.31_-16.19_0.0457_0.8746_0.1317_0.4644end-7.89_3.28_8.33_23.72_-417.18_57.18_19.62_-32.31_-16.19_0.0549_0.8888_0.1325_0.4353end-7.89_3.28_8.33_23.72_-417.18_57.18_18.87_-33.00_-15.81_0.0597_0.8968_0.1327_0.4178end-7.89_3.28_8.33_4.92_-508.61_52.15_18.87_-33.00_-15.81_0.0681_0.9128_0.1339_0.3798end-8.11_1.27_9.39_4.92_-508.61_52.15_18.87_-33.00_-15.81_0.0721_0.9208_0.1337_0.3593end,0.0,0.0,0.0
541,,0.0,0.0,0.0
542,-7.50_1.96_7.69_-11.64_-515.21_43.53_18.87_-33.00_-15.81_0.0756_0.9286_0.1340_0.3377end-7.50_1.96_7.69_-11.64_-515.21_43.53_13.81_-33.06_-19.31_0.0809_0.9419_0.1334_0.2975end-4.23_2.87_8.62_-11.64_-515.21_43.53_13.81_-33.06_-19.31_0.0828_0.9476_0.1325_0.2787end-2.84_1.98_9.54_-11.64_-515.21_43.53_13.81_-33.06_-19.31_0.0839_0.9523_0.1315_0.2625end-2.62_1.47_9.50_-39.17_-299.24_-0.45_13.81_-33.06_-19.31_0.0839_0.9523_0.1315_0.2625end-2.62_1.47_9.50_-39.17_-299.24_-0.45_9.06_-32.69_-22.31_0.0844_0.9593_0.1288_0.2369end-2.62_1.47_9.50_-39.50_-164.50_-16.56_9.06_-32.69_-22.31_0.0839_0.9615_0.1272_0.2284end-3.59_0.96_8.79_-39.50_-164.50_-16.56_9.06_-32.69_-2,0.0,0.0,0.0
543,2.31_0.0829_0.9632_0.1256_0.2227end-3.94_1.25_9.97_-37.49_-2.01_-23.72_9.06_-32.69_-22.31_0.0798_0.9647_0.1241_0.2183end-3.94_1.25_9.97_-37.49_-2.01_-23.72_7.62_-32.38_-23.62_0.0798_0.9647_0.1241_0.2183end,0.0,0.0,0.0
544,,0.0,0.0,0.0
545,-3.94_1.25_9.97_-36.59_40.51_-19.02_7.62_-32.38_-23.62_0.0745_0.9647_0.1213_0.2214end-2.80_1.44_11.58_-36.59_40.51_-19.02_7.62_-32.38_-23.62_0.0745_0.9647_0.1213_0.2214end-2.62_1.63_11.91_-36.59_40.51_-19.02_7.62_-32.38_-23.62_0.0710_0.9645_0.1206_0.2238end-2.69_1.54_11.67_-38.38_-14.66_2.80_8.69_-31.00_-23.56_0.0710_0.9645_0.1206_0.2238end-2.69_1.54_11.67_-38.38_-14.66_2.80_8.69_-31.00_-23.56_0.0667_0.9653_0.1199_0.2224end-2.66_1.14_11.09_-38.38_-14.66_2.80_8.69_-31.00_-23.56_0.0655_0.9658_0.1199_0.2205end-2.79_1.20_10.80_-38.38_-14.66_2.80_8.38_-30.62_-24.06_0.0642_0.9664_0.1201_0.2179end-2.74_1.25_10.52_-43.76_-68.82_18.69_8.38_-30.62_-24.06_0.0642_0.9664_0.1201_0.2179end-2.69_1.05_10.19_-45.55_-73.19_22.83_8.38_-30.62_-24.06_0.0642_0.9664_0.1201_0.2179end-2.69_1.05_10.19_-45.55_-73.19_22.83_7.25_-31.31_-23.56_0.0593_0.9692_0.1229_0.2050end,0.0,0.0,0.0
546,,0.0,0.0,0.0
547,-2.70_0.50_9.46_-45.55_-73.19_22.83_7.25_-31.31_-23.56_0.0580_0.9698_0.1236_0.2022end-2.69_0.59_9.23_-45.55_-73.19_22.83_8.00_-31.00_-25.75_0.0580_0.9698_0.1236_0.2022end-2.67_0.88_9.49_-51.59_-23.72_34.02_7.25_-31.37_-26.62_0.0580_0.9698_0.1236_0.2022end-2.43_1.10_9.57_-51.92_-12.53_36.71_7.25_-31.37_-26.62_0.0515_0.9706_0.1290_0.1963end-2.09_1.00_9.71_-51.92_-12.53_36.71_7.25_-31.37_-26.62_0.0497_0.9706_0.1309_0.1956end-2.03_1.11_10.50_-51.92_-12.53_36.71_6.50_-30.25_-24.94_0.0497_0.9706_0.1309_0.1956end-2.03_1.11_10.50_-54.27_-27.64_47.45_6.12_-29.63_-26.19_0.0497_0.9706_0.1309_0.1956end-2.03_1.11_10.50_-54.27_-27.64_47.45_6.12_-30.62_-27.06_0.0434_,0.0,0.0,0.0
548,0.9713_0.1387_0.1882end-1.70_2.35_10.63_-54.27_-27.64_47.45_6.12_-30.62_-27.06_0.0422_0.9718_0.1410_0.1841end-1.67_2.31_10.40_-52.15_-121.64_62.89_6.12_-30.62_-27.06_0.0422_0.9718_0.1410_0.1841end,0.0,0.0,0.0
549,,0.0,0.0,0.0
550,-1.67_2.31_10.40_-52.15_-121.64_62.89_4.00_-29.94_-26.62_0.0405_0.9733_0.1459_0.1728end-1.67_2.31_10.40_-49.24_-159.02_67.26_4.00_-29.94_-26.62_0.0399_0.9741_0.1484_0.1660end-1.67_2.31_10.40_-48.46_-176.92_69.05_4.00_-29.94_-26.62_0.0399_0.9741_0.1484_0.1660end-1.67_2.31_10.40_-47.34_-207.70_74.19_4.00_-29.94_-26.62_0.0391_0.975,0.0,0.0,0.0
551,,0.0,0.0,0.0
552,8_0.1537_0.1503end-1.67_2.31_10.40_-47.34_-207.70_74.19_2.19_-29.31_-27.50_0.0389_0.9767_0.1569_0.1411end-1.67_2.31_10.40_-47.22_-213.74_78.33_2.19_-29.31_-27.50_0.0389_0.9776_0.1595_0.1316end-1.26_0.97_9.10_-47.22_-213.74_78.33_2.19_-29.31_-27.50_0.0388_0.9790_0.1660_0.1119end-1.33_-1.03_7.91_-47.22_-213.74_78.33_0.69_-29.31_-27.94_0.0384_0.9799_0.1719_0.0936end-1.54_-1.09_7.73_-53.71_-180.84_86.39_0.69_-29.31_-27.94_0.0384_0.9799_0.1719_0.0936end-1.54_-1.09_7.73_-53.71_-180.84_86.39_0.69_-29.31_-27.94_0.0370_0.9804_0.1810_0.0681end-1.50_-0.77_7.43_-53.71_-180.84_86.39_-4.37_-28.56_-27.87_0.0370_0.9804_0.1810_0.0681end-1.50_-0.77_7.43_-53.04_-182.63_97.25_-4.37_-28.56_-27.87_0.0359_0.9800_0.1887_0.0511end-1.38_0.07_8.45_-53.04_-182.63_97.25_-4.37_-28.56_-27.87_0.0358_0.9797_0.1924_0.0425end-1.38_0.07_8.45_-34.91_-192.14_111.35_-4.37_-28.56_-27.87_0.0359_0.9792_0.1968_0.0339end-1.38_0.07_8.45_-13.88_-170.99_110.12_-4.37_-28.56_-27.87_0.0359_0.9792_0.1968_0.0339end-1.38_0.07_8.45_-13.88_-170.99_110.12_-8.38_-26.81_-28.25_0.0385_0.9770_0.2096_0.0103end0.50_1.77_7.27_4.25_-107.32_98.59_-8.38_-26.81_-28.25_0.0408_0.9753_0.2168_0.0009end0.58_0.90_6.58_15.67_-20.14_84.27_-8.38_-26.81_-2,0.0,0.0,0.0
553,8.25_0.0418_0.9747_0.2198_-0.0010end0.15_0.22_6.20_15.67_-20.14_84.27_-10.56_-27.13_-27.44_0.0425_0.9740_0.2226_-0.0010end-0.16_0.22_6.95_21.71_64.12_74.98_-10.56_-27.13_-27.44_0.0425_0.9740_0.2226_-0.0010end,0.0,0.0,0.0
554,,0.0,0.0,0.0
555,-0.16_0.22_6.95_26.41_123.88_70.72_-10.56_-27.13_-27.44_0.0432_0.9719_0.2311_0.0091end-0.47_0.79_8.18_26.41_123.88_70.72_-9.13_-26.81_-27.44_0.0430_0.9712_0.2339_0.0147end-0.47_0.79_8.18_30.66_153.76_70.39_-9.13_-26.81_-27.44_0.0430_0.9712_0.2339_0.0147end-0.57_1.58_8.88_30.66_153.76_70.39_-9.13_-26.81_-27.44_0.0424_0.9686_0.242,0.0,0.0,0.0
556,6_0.0351end-0.10_1.46_9.86_30.66_153.76_70.39_-8.38_-27.50_-27.87_0.0424_0.9686_0.2426_0.0351end0.41_1.84_9.68_30.66_153.76_70.39_-8.38_-27.50_-27.87_0.0424_0.9686_0.2426_0.0351end0.41_1.84_9.68_37.82_169.20_63.56_-8.38_-27.50_-27.87_0.0421_0.9653_0.2514_0.0573end0.41_1.84_9.68_37.82_169.20_63.56_-8.38_-26.81_-29.19_0.0419_0.9641_0.2543_0.0647end0.41_1.84_9.68_34.58_163.16_61.32_-8.38_-26.81_-29.19_0.0418_0.9628_0.2570_0.0721end-0.41_2.29_10.00_30.33_153.09_59.76_-8.38_-26.81_-29.19_0.0418_0.9628_0.2570_0.0721end-0.76_1.73_10.22_30.33_153.09_59.76_-8.38_-26.81_-29.19_0.0408_0.9581_0.2665_0.0962end-0.76_1.73_10.22_30.33_153.09_59.76_-7.62_-27.87_-29.56_0.0405_0.9570_0.2687_0.1009end-1.69_1.14_10.60_30.33_153.09_59.76_-8.00_-27.50_-28.31_0.0402_0.9559_0.2709_0.1055end-1.09_1.45_11.12_30.33_153.09_59.76_-8.00_-27.50_-28.31_0.0402_0.9559_0.2709_0.1055end-0.67_1.58_11.43_11.53_93.33_56.06_-8.00_-27.50_-28.31_0.0402_0.9559_0.2709_0.1055end-0.67_1.58_11.43_6.49_41.07_54.83_-8.00_-27.50_-28.31_0.0392_0.9528_0.2772_0.1175end-1.22_1.50_11.21_6.49_41.07_54.83_-8.00_-27.50_-28.31_0.0395_0.9513_0.2810_0.1207end-1.22_1.50_11.21_-0.67_-33.80_57.07_-5.12_-28.25_-28.75_0.0400_,0.0,0.0,0.0
557,0.9508_0.2828_0.1199end-1.48_1.28_11.22_-0.67_-33.80_57.07_-6.56_-27.56_-29.56_0.0400_0.9508_0.2828_0.1199end-1.48_1.24_10.95_-4.92_-99.82_59.31_-6.56_-27.56_-29.56_0.0437_0.9501_0.2890_0.1091end,0.0,0.0,0.0
558,-1.48_1.19_10.68_-4.92_-99.82_59.31_-7.62_-26.81_-29.19_0.0453_0.9500_0.2910_0.1035end-1.15_1.21_9.91_-4.92_-99.82_59.31_-7.62_-26.81_-29.19_0.0453_0.9500_0.2910_0.1035end-0.90_1.17_9.88_-4.92_-99.82_59.31_-8.00_-27.19_-27.87_0.0453_0.9500_0.2910_0.1035end-0.67_1.19_9.84_-4.92_-99.82_59.31_-8.00_-27.19_-27.87_0.0521_0.9500_0.298,0.0,0.0,0.0
559,0_0.0776end-0.18_1.43_10.07_-4.92_-99.82_59.31_-10.19_-27.87_-28.75_0.0536_0.9500_0.2994_0.0713end-0.18_1.43_10.07_-4.92_-99.82_59.31_-10.94_-26.44_-27.44_0.0549_0.9499_0.3007_0.0652end0.02_1.54_10.19_-4.92_-99.82_59.31_-10.94_-26.44_-27.44_0.0562_0.9498_0.3018_0.0594end0.23_1.50_10.31_-4.92_-99.82_59.31_-10.56_-27.50_-28.31_0.0562_0.9498_0.3018_0.0594end0.23_1.50_10.31_-18.35_-120.52_40.51_-10.56_-27.50_-28.31_0.0583_0.9495_0.3047_0.0482end0.28_1.57_10.30_-18.35_-120.52_40.51_-12.06_-26.44_-28.25_0.0583_0.9495_0.3047_0.0482end,0.0,0.0,0.0
560,,0.0,0.0,0.0
561,0.28_1.57_10.30_-19.47_-110.79_42.75_-12.06_-26.44_-28.25_0.0602_0.9490_0.3073_0.0375end0.28_1.57_10.30_-19.47_-110.79_42.75_-12.06_-26.44_-28.25_0.0617_0.9484_0.3100_0.0276end0.28_1.57_10.30_-18.91_-94.22_45.32_-12.06_-26.44_-28.25_0.0628_0.9475_0.3129_0.0190end0.93_1.54_9.78_-16.90_-65.80_48.46_-15.25_-26.44_-28.25_0.0628_0.9475_0.3129_0.0190end0.93_1.54_9.78_-16.90_-65.80_48.46_-15.25_-26.44_-28.25_0.0633_0.9465_0.3161_0.0129end1.11_1.40_9.38_-12.20_-14.10_51.81_-15.25_-26.44_-28.25_0.0633_0.9465_0.3161_0.0129end1.11_1.40_9.38_-12.20_-14.10_51.81_-15.63_-25.37_-26.94_0.0631_0.9453_0.3199_0.0095end1.11_1.40_9.38_-12.20_-14.10_51.81_-15.63_-25.37_-26.94_0.0621_0.9440_0.3239_0.0090end0.98_1.09_9.04_-12.20_-14.10_51.81_-15.63_-25.37_-27.44_0.0615_0.9434_0.3259_0.0096end0.66_0.97_8.49_-12.20_-14.10_51.81_-15.63_-25.37_-27.44_0.0615_0.9434_0.3259_0.0096end,0.0,0.0,0.0
562,,0.0,0.0,0.0
563,0.61_0.86_8.21_-12.20_-14.10_51.81_-15.63_-25.69_-26.94_0.0588_0.9412_0.3325_0.0139end0.57_0.76_7.94_-6.38_60.21_56.62_-15.63_-25.69_-26.94_0.0577_0.9404_0.3347_0.0159end0.40_0.68_7.80_-6.38_60.21_56.62_-15.63_-25.69_-26.94_0.0566_0.9396_0.3370_0.0181end-1.29_0.11_7.23_-6.38_60.21_56.62_-15.31_-25.06_-29.12_0.0566_0.9396_0.3370_0.0181end-0.41_0.27_7.27_-6.38_54.50_65.24_-15.31_-25.06_-29.12_0.0566_0.9396_0.3370_0.0181end-0.01_0.25_7.82_-6.38_54.50_65.24_-15.31_-25.06_-29.12_0.0524_0.9361_0.3468_0.0269end0.27_0.02_7.87_-9.85_16.79_75.98_-15.31_-25.06_-29.12_0.0517_0.9350_0.3497_0.0277end0.52_1.71_8.07_-9.85_16.79_75.98_-15.31_-24.69_-27.44_0.0513_0.9339,0.0,0.0,0.0
564,_0.3527_0.0275end0.52_1.71_8.07_-9.85_16.79_75.98_-15.31_-24.69_-27.44_0.0513_0.9327_0.3558_0.0264end0.52_2.16_7.86_-9.85_16.79_75.98_-15.31_-24.69_-27.44_0.0516_0.9314_0.3594_0.0242end,0.0,0.0,0.0
565,,0.0,0.0,0.0
566,0.52_2.16_7.86_-9.51_-72.40_95.68_-15.31_-24.69_-27.44_0.0532_0.9287_0.3666_0.0178end0.52_2.16_7.86_-3.13_-90.53_101.95_-15.31_-24.06_-27.44_0.0532_0.9287_0.3666_0.0178end0.66_1.03_8.49_1.79_-93.78_103.85_-15.31_-24.06_-27.44_0.0532_0.9287_0.3666_0.0178end0.66_1.03_8.49_1.79_-93.78_103.85_-17.44_-23.31_-27.37_0.0560_0.9256_0.3743_0.0098end0.66_1.03_8.49_1.79_-93.78_103.85_-17.44_-23.31_-27.37_0.0620_0.9205_0.3857_-0.0014end1.72_1.32_9.04_32.90_-66.36_96.02_-19.25_-23.62_-26.50_0.0620_0.9205_0.3857_-0.0014end1.72_1.32_9.04_32.90_-66.36_96.02_-19.25_-23.62_-26.50_0.0668_0.9174_0.3924_-0.0061end2.32_0.48_9.41_32.90_-66.36_96.02_-19.25_-23.62_-26.50_0.0668_0.9174_0.3924_-0.0061end2.32_0.48_9.41_76.43_22.38_59.53_-19.25_-23.62_-26.50_0.0721_0.9144_0.3983_-0.0071end2.32_0.48_9.41_76.43_22.38_59.53_-19.25_-23.62_-26.50_0.0773_0.9120_0.4028_-0.0032end,0.0,0.0,0.0
567,,0.0,0.0,0.0
568,0.67_0.65_8.51_76.43_22.38_59.53_-19.25_-23.62_-26.50_0.0773_0.9120_0.4028_-0.0032end0.46_0.55_9.31_101.05_79.57_40.51_-19.25_-23.62_-26.50_0.0773_0.9120_0.4028_-0.0032end0.46_0.55_9.31_111.91_71.73_37.26_-20.37_-22.94_-26.50_0.0851_0.9089_0.4081_0.0098end0.46_0.55_9.31_111.91_71.73_37.26_-20.37_-22.94_-26.50_0.0916_0.9067_0.411,0.0,0.0,0.0
569,1_0.0190end0.70_1.28_10.64_111.91_71.73_37.26_-21.12_-22.56_-25.62_0.0954_0.9056_0.4125_0.0228end0.71_1.71_10.82_111.91_71.73_37.26_-21.12_-22.56_-25.62_0.0954_0.9056_0.4125_0.0228end0.71_1.71_10.82_122.42_18.35_35.92_-20.00_-25.00_-25.62_0.0954_0.9056_0.4125_0.0228end0.71_1.71_10.82_123.54_-12.76_34.24_-20.00_-25.00_-25.62_0.1094_0.9022_0.4161_0.0303end0.65_2.50_10.52_123.54_-12.76_34.24_-20.00_-25.00_-25.62_0.1094_0.9022_0.4161_0.0303end0.65_2.50_10.52_118.40_-10.30_34.02_-20.00_-25.00_-25.62_0.1197_0.8998_0.4182_0.0334end,0.0,0.0,0.0
570,0.79_3.89_11.09_118.40_-10.30_34.02_-20.00_-25.00_-25.62_0.1246_0.8986_0.4193_0.0350end0.94_4.17_11.16_105.86_1.57_35.25_-20.37_-24.25_-24.31_0.1246_0.8986_0.4193_0.0350end0.98_4.65_11.22_95.46_6.38_37.38_-20.37_-24.94_-23.06_0.1246_0.8986_0.4193_0.0350end1.05_4.71_11.55_95.46_6.38_37.38_-20.37_-24.94_-23.06_0.1439_0.8925_0.4252,0.0,0.0,0.0
571,_0.0432end1.26_4.80_11.90_95.46_6.38_37.38_-20.37_-24.94_-23.06_0.1463_0.8913_0.4268_0.0445end1.50_5.09_12.65_95.46_6.38_37.38_-20.37_-24.94_-23.06_0.1463_0.8913_0.4268_0.0445end1.53_5.14_12.66_95.46_6.38_37.38_-21.06_-25.62_-23.06_0.1463_0.8913_0.4268_0.0445end1.50_5.09_12.61_95.46_6.38_37.38_-20.37_-26.31_-22.19_0.1505_0.8867_0.4346_0.0473end1.38_4.45_12.04_95.46_6.38_37.38_-20.37_-26.31_-22.19_0.1503_0.8856_0.4369_0.0481end1.33_4.13_12.07_-6.94_42.75_58.64_-21.44_-26.00_-22.69_0.1503_0.8856_0.4369_0.0481end,0.0,0.0,0.0
572,,0.0,0.0,0.0
573,1.21_3.79_11.96_-12.76_52.04_58.75_-21.44_-26.00_-22.69_0.1503_0.8856_0.4369_0.0481end1.09_3.69_11.71_-12.76_52.04_58.75_-21.06_-25.31_-24.37_0.1451_0.8812_0.4468_0.0533end1.00_3.63_11.41_-24.73_72.85_59.65_-21.06_-25.31_-24.37_0.1451_0.8812_0.4468_0.0533end0.79_3.51_10.99_-24.73_72.85_59.65_-21.06_-25.31_-24.37_0.1451_0.8812_0.,0.0,0.0,0.0
574,4468_0.0533end0.79_3.51_10.99_-29.54_79.68_60.32_-21.12_-24.56_-23.44_0.1381_0.8777_0.4550_0.0591end0.79_3.51_10.99_-31.33_81.80_60.65_-21.12_-24.56_-23.44_0.1328_0.8752_0.4608_0.0635end0.48_2.85_10.44_-31.33_81.80_60.65_-21.12_-24.25_-24.81_0.1328_0.8752_0.4608_0.0635end0.37_1.93_9.64_-31.22_82.70_60.54_-21.12_-24.25_-24.81_0.1275_0.8728_0.4662_0.0677end0.37_1.93_9.64_-28.87_78.22_60.09_-21.12_-24.25_-24.81_0.1249_0.8715_0.4691_0.0698end0.19_1.55_9.29_-25.85_72.18_57.63_-21.12_-24.25_-24.81_0.1201_0.8689_0.4745_0.0737end,0.0,0.0,0.0
575,0.16_1.38_9.04_-25.85_72.18_57.63_-20.75_-24.25_-24.81_0.1180_0.8677_0.4769_0.0755end0.07_1.27_8.97_-25.85_72.18_57.63_-20.75_-23.31_-25.62_0.1180_0.8677_0.4769_0.0755end0.07_1.27_8.97_-16.79_66.14_51.36_-21.12_-22.25_-26.94_0.1138_0.8654_0.4817_0.0790end0.07_1.27_8.97_-14.21_67.37_49.35_-21.12_-22.25_-26.94_0.1120_0.8641_0.4839_0.0808end-0.34_1.29_8.59_-14.21_67.37_49.35_-21.12_-22.25_-26.94_0.1084_0.8618_0.4882_0.0848end-0.36_1.37_8.63_-10.18_71.28_45.99_-20.75_-22.62_-26.94_0.1084_0.8618_0.4882_0.0848end-0.37_1.55_8.71_-7.83_72.29_44.20_-20.75_-22.62_-26.94_0.1084_0.8618_0.4882_0.0848end-0.37_1.55_8.71_-7.83_72.29_44.20_-21.12_-22.62_-26.50_0.1017_0.8574_0.4958_0.0939end-0.52_1.67_8.48_-7.83_72.29_44.20_-21.12_-22.62_-26.50_0.1002_0.8563_0.4974_0.0963end-0.24_1.65_8.74_-0.90_72.63_36.03_-21.12_-22.62_-26.50_0.1002_0.8563_0.4974_0.0963end,0.0,0.0,0.0
576,,0.0,0.0,0.0
577,-0.23_1.68_8.82_0.11_67.70_33.80_-21.12_-22.62_-26.50_0.1002_0.8563_0.4974_0.0963end-0.18_1.96_8.86_1.12_49.24_29.21_-21.12_-22.62_-26.50_0.0962_0.8533_0.5019_0.1035end-0.24_2.39_8.78_1.12_49.24_29.21_-21.12_-22.62_-26.50_0.0952_0.8524_0.5032_0.1053end-0.24_2.28_8.82_1.12_49.24_29.21_-21.12_-21.25_-27.81_0.0952_0.8524_0.5032_0.1053end-0.24_2.28_8.82_1.01_24.62_25.51_-21.12_-21.25_-27.81_0.0936_0.8504_0.5063_0.1084end-0.36_2.34_9.00_1.01_24.62_25.51_-21.12_-21.25_-27.81_0.0936_0.8499_0.5070_0.1084end-0.24_2.33_9.22_1.01_24.62_25.51_-21.12_-21.25_-27.81_0.0936_0.8499_0.5070_0.1084end-0.17_2.01_9.39_0.22_-32.34_17.90_-21.12_-21.25_-27.81_0.0946_0.8492_0.5,0.0,0.0,0.0
578,084_0.1069end-0.17_2.01_9.39_0.22_-32.34_17.90_-20.37_-21.56_-26.87_0.0969_0.8490_0.5090_0.1034end-0.09_2.47_9.63_0.22_-32.34_17.90_-20.37_-21.56_-26.87_0.0969_0.8490_0.5090_0.1034end,0.0,0.0,0.0
579,,0.0,0.0,0.0
580,,0.0,0.0,0.0
581,-0.21_2.66_9.71_0.22_-32.34_17.90_-20.00_-20.50_-27.37_0.0969_0.8490_0.5090_0.1034end-0.21_2.66_9.71_13.99_-99.60_11.53_-21.50_-21.19_-27.37_0.1029_0.8492_0.5091_0.0949end-0.57_2.69_9.34_13.99_-99.60_11.53_-21.50_-21.19_-27.37_0.1084_0.8495_0.5087_0.0881end-0.57_2.69_9.34_13.99_-99.60_11.53_-22.19_-21.56_-26.87_0.1116_0.8496_0.5085_0.0845end-0.37_2.83_8.92_13.99_-99.60_11.53_-22.19_-21.56_-26.87_0.1116_0.8496_0.5085_0.0845end-0.37_2.83_8.92_31.67_-82.59_16.00_-22.19_-21.56_-26.87_0.1208_0.8494_0.5082_0.0756end0.02_3.07_8.61_35.25_-71.73_16.23_-22.19_-21.56_-26.87_0.1239_0.8492_0.5081_0.0733end0.18_3.15_8.60_35.25_-71.73_16.23_-22.19_-21.56_-26.87_0.1268_0.8489_0.5081_0.0715end0.23_3.19_8.54_42.19_-44.43_16.67_-21.50_-21.87_-24.31_0.1268_0.8489_0.5081_0.0715end0.23_3.19_8.54_46.11_-28.54_16.79_-23.25_-22.56_-24.31_0.1268_0.8489_0.5081_0.0715end,0.0,0.0,0.0
582,,0.0,0.0,0.0
583,0.19_2.98_8.39_46.11_-28.54_16.79_-23.25_-22.56_-24.31_0.1364_0.8470_0.5090_0.0709end0.19_2.98_8.39_59.31_19.92_16.23_-22.19_-21.50_-23.44_0.1383_0.8463_0.5093_0.0725end0.09_2.75_8.65_59.31_19.92_16.23_-22.19_-21.50_-23.44_0.1383_0.8463_0.5093_0.0725end0.04_2.89_8.80_72.07_65.35_16.34_-22.87_-23.25_-24.31_0.1383_0.8463_0.5093_0.0725end0.04_2.89_8.80_72.07_65.35_16.34_-23.62_-21.87_-23.50_0.1428_0.8438_0.5110_0.0811end0.52_3.24_9.18_72.07_65.35_16.34_-23.62_-21.87_-23.50_0.1450_0.8416_0.5124_0.0899end0.72_3.36_9.33_72.07_65.35_16.34_-22.19_-22.94_-23.94_0.1459_0.8405_0.5131_0.0948end0.86_3.54_9.52_78.78_95.34_17.01_-22.19_-22.94_-23.94_0.1459_0.8405_0.5,0.0,0.0,0.0
584,,0.0,0.0,0.0
585,131_0.0948end1.06_3.90_9.88_78.78_95.34_17.01_-21.50_-22.25_-25.19_0.1485_0.8367_0.5156_0.1096end1.16_4.05_10.15_68.04_66.02_20.81_-21.81_-23.25_-23.00_0.1485_0.8367_0.5156_0.1096end1.21_4.21_10.31_68.04_66.02_20.81_-21.81_-23.25_-23.00_0.1495_0.8356_0.5164_0.1136end1.21_4.40_10.70_68.04_66.02_20.81_-20.75_-23.31_-25.62_0.1495_0.8356_0.5164_0.1136end1.21_4.40_10.70_46.55_-0.78_25.74_-20.75_-23.31_-25.62_0.1537_0.8322_0.5186_0.1216end1.21_4.40_10.70_46.55_-0.78_25.74_-22.19_-23.62_-24.31_0.1556_0.8313_0.5193_0.1228end1.21_4.40_10.70_41.85_-12.87_26.52_-22.19_-23.62_-24.31_0.1575_0.8305_0.5199_0.1234end1.21_4.40_10.70_32.23_-25.96_26.30_-22.19_-23.62_-24.31_0.1613_0.8291_0.5210_0.1231end1.15_4.34_10.80_27.75_-28.31_26.30_-22.19_-23.62_-24.31_0.1613_0.8291_0.5210_0.1231end1.08_4.30_10.84_27.75_-28.31_26.30_-22.19_-23.62_-24.31_0.1664,0.0,0.0,0.0
586,_0.8273_0.5226_0.1213end1.02_4.27_10.95_27.75_-28.31_26.30_-22.19_-23.62_-24.31_0.1678_0.8267_0.5233_0.1207end0.92_4.28_10.96_14.44_-16.34_25.85_-22.19_-23.62_-24.31_0.1678_0.8267_0.5233_0.1207end,0.0,0.0,0.0
587,0.92_4.28_10.96_9.51_-4.14_28.09_-22.19_-23.62_-24.31_0.1699_0.8256_0.5246_0.1197end0.92_4.28_10.96_9.51_-4.14_28.09_-22.19_-23.62_-24.31_0.1711_0.8243_0.5263_0.1193end0.94_4.06_10.56_9.51_-4.14_28.09_-22.19_-23.62_-24.31_0.1711_0.8243_0.5263_0.1193end1.03_3.93_10.48_4.25_18.91_32.34_-22.19_-23.62_-24.31_0.1711_0.8243_0.5263_0.1193end1.08_3.89_10.40_4.25_18.91_32.34_-22.87_-25.25_-23.56_0.1711_0.8243_0.5263_0.1193end1.13_3.86_10.41_1.79_40.29_35.59_-22.87_-25.25_-23.56_0.1701_0.8201_0.5325_0.1224end1.17_3.72_10.18_1.79_40.29_35.59_-22.56_-24.56_-23.06_0.1701_0.8201_0.5325_0.1224end1.15_3.63_10.18_0.11_48.01_37.15_-22.56_-24.25_-23.44_0.1701_0.8201_0.5325_0.1224end1.08_3.59_10.15_-0.56_49.24_38.38_-22.56_-24.25_-23.44_0.1701_0.8201_0.5325_0.1224end1.06_3.51_10.17_-0.67_49.24_38.61_-22.56_-24.25_-23.44_0.1656_0.8146_0.5406_0.1292end,0.0,0.0,0.0
588,,0.0,0.0,0.0
589,,0.0,0.0,0.0
590,1.05_3.48_10.12_-0.67_49.24_38.61_-21.87_-21.87_-23.87_0.1647_0.8135_0.5423_0.1305end1.05_3.48_10.12_-1.23_44.54_39.84_-21.87_-21.87_-23.87_0.1639_0.8124_0.5439_0.1318end1.02_3.45_10.11_-1.12_40.85_39.95_-22.19_-23.25_-25.19_0.1639_0.8124_0.5439_0.1318end1.02_3.45_10.11_-1.12_40.85_39.95_-22.19_-23.25_-25.19_0.1622_0.8101_0.5473_0.1341end1.02_3.45_10.11_-1.12_40.85_39.95_-22.56_-22.94_-24.31_0.1608_0.8078_0.5505_0.1362end0.90_3.55_10.02_-1.12_40.85_39.95_-22.56_-22.94_-24.31_0.1600_0.8066_0.5521_0.1371end0.93_3.51_9.93_-1.12_40.85_39.95_-22.56_-22.94_-24.31_0.1594_0.8055_0.5538_0.1381end0.90_3.55_9.89_-1.12_40.85_39.95_-22.19_-22.19_-24.31_0.1594_0.8055_0.5538_0.1381end0.90_3.56_9.85_-1.12_40.85_39.95_-22.19_-22.19_-24.31_0.1572_0.8022_0.5586_0.1404end0.87_3.63_9.93_-1.12_40.85_39.95_-22.87_-21.87_-23.87_0.1572_0.8022_0.5586_0.1404end,0.0,0.0,0.0
591,0.79_3.65_9.89_-8.28_29.21_41.63_-22.87_-21.87_-23.87_0.1572_0.8022_0.5586_0.1404end0.77_3.69_9.89_-8.28_29.21_41.63_-22.87_-21.87_-23.87_0.1542_0.7979_0.5650_0.1426end0.73_3.75_9.81_-8.28_29.21_41.63_-23.25_-22.94_-25.19_0.1535_0.7968_0.5667_0.1431end0.73_3.80_9.70_-8.28_29.21_41.63_-23.25_-22.94_-25.19_0.1527_0.7957_0.5684_0.1,0.0,0.0,0.0
592,434end0.66_3.84_9.68_-8.28_29.21_41.63_-23.25_-22.94_-25.19_0.1519_0.7946_0.5700_0.1437end0.60_3.84_9.61_-12.31_28.65_43.42_-23.25_-22.94_-25.19_0.1519_0.7946_0.5700_0.1437end0.59_3.86_9.57_-12.31_28.65_43.42_-22.87_-21.50_-25.19_0.1492_0.7912_0.5751_0.1449end0.62_3.87_9.54_-12.31_28.65_43.42_-22.87_-21.50_-25.19_0.1481_0.7900_0.5768_0.1454end0.56_3.86_9.71_-12.31_37.38_42.97_-22.87_-21.50_-25.19_0.1471_0.7888_0.5786_0.1461end0.56_3.86_9.71_-12.31_37.38_42.97_-22.56_-21.19_-26.50_0.1471_0.7888_0.5786_0.1461end,0.0,0.0,0.0
593,,0.0,0.0,0.0
594,,0.0,0.0,0.0
595,0.48_3.86_9.61_-11.97_40.73_42.64_-22.56_-21.19_-26.50_0.1448_0.7863_0.5822_0.1475end0.48_3.86_9.61_-11.97_40.73_42.64_-22.56_-21.19_-26.50_0.1437_0.7851_0.5839_0.1484end0.48_3.86_9.61_-11.86_43.64_43.08_-22.56_-21.19_-26.50_0.1424_0.7838_0.5858_0.1493end0.60_3.87_9.48_-11.86_43.64_43.08_-22.56_-21.19_-26.50_0.1399_0.7812_0.5893_0.1511end0.61_3.83_9.43_-11.86_43.64_43.08_-22.56_-21.19_-26.50_0.1399_0.7812_0.5893_0.1511end0.66_3.75_9.38_-11.86_43.64_43.08_-22.56_-21.19_-26.50_0.1357_0.7773_0.5947_0.1539end0.66_3.75_9.38_-11.86_43.64_43.08_-22.56_-19.44_-26.87_0.1343_0.7761_0.5964_0.1547end0.62_3.73_9.40_-11.86_43.64_43.08_-22.56_-19.44_-26.87_0.1343_0.7,0.0,0.0,0.0
596,761_0.5964_0.1547end0.62_3.73_9.40_-17.57_39.06_43.53_-22.25_-19.44_-26.44_0.1343_0.7761_0.5964_0.1547end0.52_3.64_9.48_-17.57_35.25_43.42_-22.25_-19.44_-26.44_0.1289_0.7711_0.6034_0.1575end,0.0,0.0,0.0
597,,0.0,0.0,0.0
598,,0.0,0.0,0.0
599,0.50_3.62_9.46_-17.57_35.25_43.42_-22.25_-19.44_-26.44_0.1277_0.7698_0.6052_0.1578end0.44_3.64_9.47_-17.57_35.25_43.42_-22.25_-19.44_-26.44_0.1266_0.7686_0.6068_0.1580end0.44_3.66_9.38_-17.57_35.25_43.42_-22.25_-19.44_-26.44_0.1266_0.7686_0.6068_0.1580end0.38_3.65_9.28_-18.35_23.50_44.87_-22.25_-19.44_-26.44_0.1238_0.7650_0.6119_0.1582end0.36_3.66_9.27_-18.35_23.50_44.87_-22.25_-19.44_-26.44_0.1230_0.7638_0.6135_0.1582end0.40_3.69_9.16_-18.35_23.50_44.87_-22.25_-19.44_-26.44_0.1221_0.7626_0.6153_0.1582end0.39_3.63_9.14_-16.90_24.06_44.87_-22.25_-19.44_-26.44_0.1221_0.7626_0.6153_0.1582end0.37_3.60_9.18_-16.11_26.41_45.10_-22.25_-19.44_-26.44_0.1221_0.7626_0.6153_0.1582end0.38_3.50_9.10_-16.11_26.41_45.10_-21.87_-18.12_-27.75_0.1183_0.7576_0.6220_0.1589end0.39_3.50_9.09_-16.11_26.41_45.10_-22.62_-18.12_-27.75_0.1174_0.7562_0.6237_0.1593end,0.0,0.0,0.0
600,,0.0,0.0,0.0
601,0.38_3.50_9.10_-12.65_36.26_44.43_-22.62_-18.12_-27.75_0.1174_0.7562_0.6237_0.1593end0.39_3.43_9.03_-10.63_39.17_44.65_-23.25_-18.12_-28.12_0.1174_0.7562_0.6237_0.1593end0.41_3.42_9.04_-10.30_40.17_44.54_-23.25_-18.12_-28.12_0.1141_0.7522_0.6287_0.1612end0.36_3.40_9.10_-10.30_40.17_44.54_-23.25_-18.12_-28.12_0.1119_0.7495_0.6320_0.1627end0.37_3.36_9.07_-10.30_40.17_44.54_-22.62_-17.12_-29.00_0.1108_0.7480_0.6336_0.1635end0.40_3.39_9.05_-10.52_36.93_43.31_-22.62_-17.12_-29.00_0.1108_0.7480_0.6336_0.1635end0.40_3.39_9.05_-10.52_34.36_43.20_-21.50_-16.75_-29.00_0.1108_0.7480_0.6336_0.1635end0.36_3.36_9.21_-10.52_34.36_43.20_-21.50_-16.75_-29.00_0.1108_0.7480_0.6336_0.1635end0.36_3.36_9.21_-11.19_31.00_42.41_-21.50_-16.75_-29.00_0.1061_0.7414_0.6415_0.1661end0.36_3.36_9.21_-12.87_20.14_41.07_-21.87_-17.12_-29.44_0.1061_0.7414_0.6415_0.1661end,0.0,0.0,0.0
602,,0.0,0.0,0.0
603,0.26_3.41_9.23_-13.32_16.34_40.62_-21.87_-17.12_-29.44_0.1048_0.7390_0.6445_0.1663end0.26_3.41_9.23_-15.11_10.63_39.73_-22.62_-16.06_-29.87_0.1048_0.7390_0.6445_0.1663end0.27_3.44_9.20_-15.11_10.63_39.73_-22.62_-16.06_-29.87_0.1032_0.7355_0.6487_0.1656end0.29_3.44_9.08_-15.11_10.63_39.73_-22.62_-16.06_-29.87_0.1032_0.7355_0.6487_0.1656end0.30_3.29_8.96_-15.11_10.63_39.73_-22.62_-16.06_-29.87_0.1028_0.7345_0.6501_0.1652end0.29_3.23_8.91_-18.24_6.94_38.05_-22.62_-16.06_-29.87_0.1019_0.7325_0.6528_0.1643end0.29_3.23_8.91_-17.35_6.94_38.27_-22.62_-16.06_-29.87_0.1014_0.7314_0.6541_0.1638end0.29_3.23_8.91_-17.57_7.61_38.38_-23.25_-16.75_-29.44_0.1004_0.7295,0.0,0.0,0.0
604,_0.6567_0.1628end0.22_2.92_8.87_-17.57_7.61_38.38_-23.25_-16.75_-29.44_0.0999_0.7285_0.6580_0.1624end0.20_2.86_8.87_-17.57_7.61_38.38_-22.25_-15.38_-30.69_0.0999_0.7285_0.6580_0.1624end,0.0,0.0,0.0
605,,0.0,0.0,0.0
606,,0.0,0.0,0.0
607,0.23_2.85_8.75_-14.88_10.63_39.17_-20.75_-15.75_-30.31_0.0999_0.7285_0.6580_0.1624end0.22_2.84_8.71_-14.44_12.53_39.28_-20.75_-15.75_-30.31_0.0979_0.7241_0.6634_0.1613end0.22_2.90_8.71_-14.44_12.53_39.28_-20.75_-15.75_-30.31_0.0974_0.7229_0.6648_0.1611end0.23_2.85_8.72_-14.44_12.53_39.28_-20.75_-15.75_-30.31_0.0967_0.7217_0.6661_0.1612end0.27_2.89_8.72_-14.44_12.53_39.28_-22.25_-15.75_-30.69_0.0967_0.7217_0.6661_0.1612end0.27_2.89_8.72_-9.62_25.29_40.40_-22.25_-15.75_-30.69_0.0967_0.7217_0.6661_0.1612end0.35_2.94_8.80_-9.62_25.29_40.40_-22.25_-15.75_-30.69_0.0938_0.7166_0.6718_0.1624end0.35_2.94_8.80_-9.62_25.29_40.40_-21.87_-14.00_-31.12_0.0938_0.7166_0.6718_0.1624end0.43_3.15_9.35_-9.62_25.29_40.40_-21.87_-14.00_-31.12_0.0916_0.7126_0.6759_0.1644end0.39_3.32_9.52_-9.62_25.29_40.40_-21.50_-15.06_-31.50_0.0911_0.7112_0.6772_0.1652end,0.0,0.0,0.0
608,0.44_3.59_9.84_-9.62_25.29_40.40_-21.50_-15.06_-31.50_0.0906_0.7098_0.6785_0.1658end0.42_3.71_9.97_6.04_19.81_41.41_-21.50_-15.06_-31.50_0.0906_0.7098_0.6785_0.1658end0.43_3.79_10.13_6.04_19.81_41.41_-21.50_-15.06_-31.50_0.0906_0.7098_0.6785_0.1658end0.42_3.84_10.20_6.04_19.81_41.41_-21.87_-15.06_-32.44_0.0912_0.7045_0.6835_0.1679end0.39_3.86_10.37_6.04_19.81_41.41_-21.87_-15.06_-32.44_0.0919_0.7031_0.6848_0.1682end0.34_3.87_10.36_6.04_19.81_41.41_-21.87_-15.06_-32.44_0.0927_0.7018_0.6859_0.1685end0.34_3.87_10.36_6.04_19.81_41.41_-21.87_-14.38_-31.12_0.0947_0.6994_0.6880_0.1689end0.40_3.87_10.26_6.04_19.81_41.41_-21.87_-14.38_-31.12_0.0957_0.6981_0.6891_0.1692end0.35_3.83_10.18_6.04_19.81_41.41_-21.87_-14.38_-31.12_0.0968_0.6970_0.6901_0.1694end0.20_3.61_10.03_6.04_19.81_41.41_-21.87_-14.38_-31.12_0.0968_0.6970_0.6901_0.1694end,0.0,0.0,0.0
609,,0.0,0.0,0.0
610,,0.0,0.0,0.0
611,0.18_3.55_9.98_6.04_19.81_41.41_-22.62_-14.00_-31.12_0.0997_0.6934_0.6931_0.1699end0.13_3.47_9.94_6.04_19.81_41.41_-22.62_-14.00_-31.12_0.1005_0.6923_0.6940_0.1700end0.13_3.47_9.94_6.04_19.81_41.41_-24.00_-14.00_-31.12_0.1013_0.6913_0.6950_0.1699end0.04_3.30_9.86_6.04_19.81_41.41_-22.62_-14.69_-30.31_0.1028_0.6891_0.6970_0.1694end-0.02_3.29_9.82_6.04_19.81_41.41_-23.31_-14.00_-29.87_0.1028_0.6891_0.6970_0.1694end-0.02_3.29_9.82_1.23_-13.43_38.38_-23.31_-14.00_-29.87_0.1043_0.6870_0.6992_0.1683end-0.02_3.29_9.82_-4.25_-19.25_40.51_-23.31_-14.00_-29.87_0.1043_0.6870_0.6992_0.1683end-0.02_3.29_9.82_-6.49_-21.60_41.41_-23.31_-14.00_-29.87_0.1058_0.6849_0.7,0.0,0.0,0.0
612,014_0.1665end-0.12_3.02_9.40_-6.49_-21.60_41.41_-23.31_-14.00_-29.87_0.1066_0.6840_0.7025_0.1654end-0.12_3.02_9.40_-12.53_-24.95_45.21_-23.31_-14.00_-29.87_0.1080_0.6817_0.7051_0.1628end,0.0,0.0,0.0
613,-0.14_2.93_9.10_-12.53_-24.95_45.21_-23.31_-14.00_-29.87_0.1080_0.6817_0.7051_0.1628end-0.16_2.94_8.93_-12.53_-24.95_45.21_-23.31_-14.00_-29.87_0.1095_0.6793_0.7078_0.1600end-0.14_2.89_8.88_-15.11_-23.72_50.02_-23.31_-14.00_-29.87_0.1095_0.6793_0.7078_0.1600end-0.14_2.89_8.88_-15.11_-23.72_50.02_-23.31_-14.00_-29.87_0.1114_0.675,0.0,0.0,0.0
614,5_0.7121_0.1558end-0.17_2.85_8.76_-15.11_-23.72_50.02_-24.06_-13.00_-30.25_0.1119_0.6741_0.7136_0.1545end-0.10_2.79_8.69_-15.11_-23.72_50.02_-24.06_-13.00_-30.25_0.1119_0.6741_0.7136_0.1545end-0.11_2.75_8.78_-15.11_-23.72_50.02_-24.06_-13.00_-30.25_0.1133_0.6694_0.7185_0.1511end-0.12_2.72_8.79_-15.11_-23.72_50.02_-25.12_-12.63_-30.69_0.1136_0.6677_0.7202_0.1502end-0.12_2.78_8.76_-15.11_-23.72_50.02_-25.12_-12.63_-30.69_0.1140_0.6660_0.7219_0.1495end-0.12_2.78_8.76_-15.11_-23.72_50.02_-25.12_-12.63_-30.69_0.1142_0.6640_0.7238_0.1489end,0.0,0.0,0.0
615,,0.0,0.0,0.0
616,,0.0,0.0,0.0
617,,0.0,0.0,0.0
618,-0.12_2.78_8.76_-15.11_-23.72_50.02_-25.12_-12.63_-30.69_0.1144_0.6621_0.7256_0.1484end-0.14_3.15_9.21_-15.11_-23.72_50.02_-25.12_-12.63_-30.69_0.1144_0.6621_0.7256_0.1484end-0.14_3.15_9.21_-15.11_-23.72_50.02_-25.12_-12.63_-30.69_0.1147_0.6535_0.7333_0.1482end-0.09_3.63_9.63_-15.11_-23.72_50.02_-25.12_-12.63_-30.69_0.1147_0.651,0.0,0.0,0.0
619,2_0.7354_0.1485end-0.05_3.72_9.70_7.27_22.27_72.51_-25.12_-12.63_-30.69_0.1147_0.6512_0.7354_0.1485end-0.10_3.82_9.75_9.18_25.18_73.97_-25.12_-12.63_-30.69_0.1147_0.6512_0.7354_0.1485end-0.10_3.82_9.75_9.18_25.18_73.97_-25.50_-9.50_-28.94_0.1144_0.6411_0.7437_0.1508end-0.02_4.09_10.20_9.18_25.18_73.97_-25.50_-9.50_-28.94_0.1143_0.6384_0.7459_0.1517end-0.03_4.25_10.33_13.88_34.13_77.77_-25.50_-9.50_-28.94_0.1143_0.6384_0.7459_0.1517end0.00_4.31_10.39_13.99_36.37_78.22_-25.50_-9.50_-28.94_0.1143_0.6384_0.7459_0.1517end,0.0,0.0,0.0
620,0.00_4.31_10.39_14.66_37.60_78.45_-25.50_-9.50_-28.94_0.1133_0.6273_0.7546_0.1557end-0.03_4.36_10.48_14.66_37.60_78.45_-26.25_-10.19_-31.44_0.1129_0.6244_0.7568_0.1568end-0.07_4.33_10.61_14.77_40.17_79.45_-26.25_-10.19_-31.44_0.1129_0.6244_0.7568_0.1568end-0.07_4.33_10.61_14.77_40.17_79.45_-26.25_-9.50_-31.44_0.1125_0.6215_0.7590_0.1579end-0.07_4.33_10.61_11.30_39.50_80.01_-26.25_-9.50_-31.44_0.1125_0.6215_0.7590_0.1579end-0.07_4.33_10.61_11.30_39.50_80.01_-26.25_-9.50_-31.44_0.1113_0.6126_0.7657_0.1613end-0.07_4.33_10.61_8.17_36.71_79.79_-26.25_-9.50_-31.44_0.1104_0.6066_0.7701_0.1631end-0.26_4.08_10.54_5.82_34.80_79.90_-26.25_-9.50_-31.44_0.1104_0.60,0.0,0.0,0.0
621,66_0.7701_0.1631end-0.33_4.04_10.56_5.82_34.80_79.90_-25.50_-9.50_-31.44_0.1104_0.6066_0.7701_0.1631end-0.33_4.04_10.56_5.82_34.80_79.90_-26.62_-9.19_-31.00_0.1086_0.5951_0.7789_0.1655end,0.0,0.0,0.0
622,-0.37_4.07_10.44_5.82_34.80_79.90_-26.62_-9.19_-31.00_0.1081_0.5923_0.7810_0.1658end-0.44_4.00_10.32_5.82_34.80_79.90_-26.62_-9.19_-31.00_0.1075_0.5894_0.7833_0.1661end-0.45_3.98_10.29_-7.72_32.79_79.34_-26.62_-9.19_-31.00_0.1075_0.5894_0.7833_0.1661end-0.47_3.93_10.11_-7.72_32.79_79.34_-26.25_-8.19_-32.31_0.1075_0.5894_0.7833_0.1661end-0.48_3.88_9.94_-7.72_32.79_79.34_-26.25_-8.19_-32.31_0.1040_0.5780_0.7921_0.1666end-0.49_3.86_9.88_-17.01_40.29_79.23_-26.25_-8.19_-32.31_0.1040_0.5780_0.7921_0.1666end-0.52_3.84_9.80_-17.01_40.29_79.23_-26.25_-8.19_-32.31_0.1002_0.5693_0.7988_0.1666end-0.49_3.77_9.64_-17.01_40.29_79.23_-25.94_-6.81_-33.19_0.0988_0.5665,0.0,0.0,0.0
623,_0.8010_0.1666end-0.52_3.73_9.55_-17.01_40.29_79.23_-25.94_-6.81_-33.19_0.0974_0.5635_0.8033_0.1665end-0.51_3.68_9.58_-23.05_42.19_79.45_-26.25_-6.44_-33.56_0.0974_0.5635_0.8033_0.1665end,0.0,0.0,0.0
624,,0.0,0.0,0.0
625,-0.51_3.68_9.58_-23.84_41.63_79.90_-25.94_-6.81_-33.56_0.0974_0.5635_0.8033_0.1665end-0.51_3.68_9.58_-23.84_41.63_79.90_-25.94_-6.81_-33.56_0.0916_0.5518_0.8122_0.1657end-0.53_3.54_9.30_-23.84_41.63_79.90_-25.94_-4.37_-33.94_0.0902_0.5488_0.8145_0.1654end-0.50_3.54_9.27_-23.72_36.15_80.57_-25.94_-4.37_-33.94_0.0902_0.5488_0.8145_0.1654end-0.50_3.54_9.27_-23.72_35.36_80.46_-25.94_-4.37_-33.94_0.0877_0.5430_0.8187_0.1647end-0.54_3.46_9.10_-23.72_35.36_80.46_-25.94_-4.37_-33.94_0.0865_0.5400_0.8209_0.1644end-0.54_3.46_9.10_-22.60_34.80_79.90_-25.94_-4.37_-33.94_0.0840_0.5339_0.8253_0.1638end-0.50_3.49_8.96_-22.60_34.80_79.90_-26.31_-4.00_-33.13_0.0840_0.5,0.0,0.0,0.0
626,339_0.8253_0.1638end-0.50_3.49_8.96_-21.37_35.70_79.34_-26.31_-4.00_-33.13_0.0817_0.5279_0.8295_0.1632end-0.53_3.50_8.96_-21.37_35.70_79.34_-26.31_-4.00_-33.13_0.0792_0.5220_0.8335_0.1628end,0.0,0.0,0.0
627,-0.57_3.51_8.93_-21.37_35.70_79.34_-25.56_-2.37_-33.50_0.0779_0.5190_0.8356_0.1626end-0.59_3.58_8.99_-21.37_35.70_79.34_-25.56_-2.37_-33.50_0.0767_0.5161_0.8375_0.1625end-0.61_3.71_9.10_-21.37_35.70_79.34_-25.56_-2.37_-33.50_0.0767_0.5161_0.8375_0.1625end-0.64_3.77_9.07_-17.01_39.39_76.99_-25.19_-1.69_-34.81_0.0767_0.5161_0.8375_0.1625end-0.66_3.81_9.14_-16.45_39.84_76.77_-25.19_-1.69_-34.81_0.0729_0.5073_0.8432_0.1622end-0.66_3.81_9.14_-16.45_39.84_76.77_-25.19_-1.69_-34.81_0.0704_0.5013_0.8469_0.1623end-0.66_3.87_9.28_-16.45_39.84_76.77_-25.19_-1.69_-34.81_0.0704_0.5013_0.8469_0.1623end-0.66_3.87_9.28_-16.45_39.84_76.77_-24.12_-0.31_-36.06_0.0677_0.4954_0.8506_0.1624end-0.66_3.87_9.28_-16.45_39.84_76.77_-24.12_0.75_-36.94_0.0665_0.4925_0.8525_0.1625end-0.68_3.95_9.35_-16.45_39.84_76.77_-24.12_0.75_-36.94_0.0638_0.4865_0.8560_0.1626end,0.0,0.0,0.0
628,,0.0,0.0,0.0
629,,0.0,0.0,0.0
630,-0.64_4.07_9.36_-16.45_39.84_76.77_-24.12_0.75_-36.94_0.0624_0.4836_0.8578_0.1627end-0.64_4.04_9.37_-15.55_40.29_73.30_-24.12_0.75_-36.94_0.0598_0.4778_0.8612_0.1627end-0.64_4.06_9.39_-15.55_40.29_73.30_-23.38_1.12_-34.75_0.0587_0.4750_0.8628_0.1627end-0.71_4.00_9.38_-15.55_40.29_73.30_-23.38_1.12_-34.75_0.0576_0.4723_0.8644_0.1627end-0.72_3.94_9.30_-15.55_40.29_73.30_-23.38_1.12_-34.75_0.0565_0.4694_0.8660_0.1625end-0.74_3.98_9.21_-14.44_30.21_70.95_-23.00_2.06_-36.06_0.0565_0.4694_0.8660_0.1625end-0.74_3.98_9.21_-14.88_27.75_70.39_-23.00_2.06_-36.06_0.0546_0.4641_0.8691_0.1622end-0.74_3.98_9.21_-14.55_26.07_69.94_-22.75_2.06_-36.44_0.0546_0.4641_0.8691_0.1622end-0.74_3.98_9.21_-14.44_24.51_69.05_-22.75_2.06_-36.44_0.0530_0.4585_0.8723_0.1618end-0.80_3.89_9.12_-14.55_23.95_68.49_-23.75_2.06_-37.81_0.0530_0.4585_0.8723_0.1618end,0.0,0.0,0.0
631,,0.0,0.0,0.0
632,-0.80_3.89_9.12_-14.44_23.72_67.70_-23.75_2.06_-37.81_0.0516_0.4531_0.8752_0.1613end-0.86_3.90_9.06_-14.21_24.40_66.36_-23.75_2.06_-37.81_0.0502_0.4477_0.8782_0.1609end-0.86_3.90_9.06_-14.21_24.40_66.36_-23.75_2.06_-37.81_0.0486_0.4424_0.8810_0.1605end-0.96_3.89_8.96_-14.21_24.40_66.36_-23.75_2.06_-37.81_0.0477_0.4399_0.8824_0.1603end-1.04_3.88_8.91_-14.21_24.40_66.36_-23.75_2.06_-37.81_0.0477_0.4399_0.8824_0.1603end-1.08_3.91_8.93_-15.44_30.44_62.89_-23.06_4.12_-38.63_0.0477_0.4399_0.8824_0.1603end-1.09_3.92_8.91_-15.89_31.45_60.54_-23.06_4.12_-38.63_0.0477_0.4399_0.8824_0.1603end-1.09_3.92_8.91_-15.89_31.45_60.54_-23.06_4.12_-38.63_0.0425_0.4274_0.88,0.0,0.0,0.0
633,89_0.1594end-1.22_3.90_8.93_-15.89_31.45_60.54_-21.62_5.50_-37.69_0.0425_0.4274_0.8889_0.1594end-1.24_3.87_8.78_-15.89_31.45_60.54_-21.62_5.50_-37.69_0.0414_0.4250_0.8901_0.1592end,0.0,0.0,0.0
634,-1.24_3.87_8.78_-15.89_31.45_60.54_-21.62_5.50_-37.69_0.0381_0.4183_0.8936_0.1584end-1.32_3.83_8.66_-15.89_31.45_60.54_-20.88_5.50_-38.63_0.0371_0.4161_0.8947_0.1581end-1.29_3.77_8.48_-15.89_31.45_60.54_-20.88_5.50_-38.63_0.0371_0.4161_0.8947_0.1581end-1.29_3.73_8.46_-17.68_21.93_46.78_-20.88_5.50_-38.63_0.0371_0.4161_0.8947_0.1581end-1.29_3.73_8.46_-17.68_21.93_46.78_-23.06_6.50_-37.69_0.0343_0.4100_0.8978_0.1570end-1.33_3.59_8.19_-17.68_21.93_46.78_-23.06_6.50_-37.69_0.0328_0.4065_0.8996_0.1562end-1.36_3.53_8.12_-16.11_15.44_42.08_-23.06_6.50_-37.69_0.0321_0.4048_0.9005_0.1558end-1.27_3.49_8.12_-15.00_13.20_40.40_-23.06_6.50_-37.69_0.0321_0.4048_0.90,0.0,0.0,0.0
635,05_0.1558end-1.31_3.48_8.07_-15.00_13.20_40.40_-23.06_6.50_-37.69_0.0321_0.4048_0.9005_0.1558end-1.34_3.46_8.02_-15.00_13.20_40.40_-23.06_6.50_-37.69_0.0304_0.3987_0.9035_0.1541end,0.0,0.0,0.0
636,-1.37_3.38_7.80_-15.00_13.20_40.40_-23.06_6.50_-37.69_0.0304_0.3987_0.9035_0.1541end-1.36_3.32_7.74_-15.00_13.20_40.40_-23.06_6.50_-37.69_0.0304_0.3987_0.9035_0.1541end-1.37_3.30_7.68_-4.14_7.39_29.21_-23.06_6.50_-37.69_0.0296_0.3939_0.9059_0.1530end-1.30_3.30_7.67_-4.14_7.39_29.21_-23.06_6.50_-37.69_0.0294_0.3928_0.9063_0.1530end-1.35_3.32_7.65_-4.14_7.39_29.21_-20.56_8.50_-39.44_0.0293_0.3918_0.9068_0.1530end-1.35_3.27_7.63_1.79_9.29_24.28_-20.56_8.50_-39.44_0.0293_0.3918_0.9068_0.1530end-1.35_3.27_7.63_1.79_9.29_24.28_-20.56_7.81_-40.38_0.0291_0.3908_0.9072_0.1531end-1.35_3.27_7.63_5.48_10.74_20.81_-20.56_7.81_-40.38_0.0287_0.3889_0.9079_0.1537end-1.35_3.27_7.63_7.72_10.85_19.02_-20.56_7.81_-40.38_0.0286_0.3880_0.9082_0.1541end-1.35_3.27_7.63_9.18_10.41_17.46_-20.56_7.81_-40.38_0.0283_0.3866_0.9087_0.1551end,0.0,0.0,0.0
637,,0.0,0.0,0.0
638,,0.0,0.0,0.0
639,-1.35_3.27_7.63_12.09_6.38_14.10_-20.56_7.81_-40.38_0.0283_0.3859_0.9089_0.1556end-1.05_3.56_7.86_12.09_6.38_14.10_-20.56_7.81_-40.38_0.0283_0.3859_0.9089_0.1556end-1.01_3.54_7.94_12.09_6.38_14.10_-20.56_7.81_-40.38_0.0290_0.3846_0.9091_0.1573end-0.99_3.45_7.93_17.57_-6.83_7.95_-20.56_7.81_-40.38_0.0295_0.3844_0.9091_0.1578end-0.95_3.40_7.87_17.57_-6.83_7.95_-20.56_7.81_-40.38_0.0302_0.3842_0.9091_0.1584end-0.92_3.36_7.86_22.16_-14.55_3.80_-20.56_7.81_-40.38_0.0302_0.3842_0.9091_0.1584end-0.89_3.30_7.92_22.16_-14.55_3.80_-20.56_7.81_-40.38_0.0330_0.3842_0.9087_0.1602end-0.89_3.26_8.04_22.16_-14.55_3.80_-20.56_7.81_-38.56_0.0341_0.3842_0.9085_0.1609end-,0.0,0.0,0.0
640,0.89_3.26_8.08_22.16_-14.55_3.80_-20.56_7.81_-38.56_0.0352_0.3843_0.9083_0.1616end-0.87_3.25_8.18_22.16_-14.55_3.80_-20.94_8.50_-39.06_0.0352_0.3843_0.9083_0.1616end,0.0,0.0,0.0
641,-0.86_3.34_8.31_31.45_-15.44_-2.46_-20.94_8.50_-40.75_0.0352_0.3843_0.9083_0.1616end-0.86_3.34_8.31_33.35_-15.67_-4.36_-20.94_8.50_-40.75_0.0397_0.3853_0.9070_0.1655end-0.82_3.41_8.53_33.35_-15.67_-4.36_-20.94_8.50_-40.75_0.0409_0.3856_0.9066_0.1665end-0.82_3.37_8.68_33.35_-15.67_-4.36_-20.94_8.50_-40.75_0.0421_0.3859_0.9063_0.1676end-0.79_3.36_8.71_33.35_-15.67_-4.36_-20.94_8.50_-40.75_0.0433_0.3862_0.9058_0.1687end-0.79_3.36_8.71_34.69_-18.24_-6.04_-22.00_8.19_-39.88_0.0446_0.3865_0.9054_0.1698end-0.75_3.36_8.87_34.69_-18.24_-6.04_-22.00_8.19_-39.88_0.0470_0.3873_0.9046_0.1719end-0.63_3.22_8.97_34.69_-18.24_-6.04_-22.00_8.19_-39.88_0.0483_0.3876_0.90,0.0,0.0,0.0
642,42_0.1729end-0.59_3.15_9.05_34.02_-17.90_-6.49_-22.00_8.19_-39.88_0.0483_0.3876_0.9042_0.1729end-0.59_3.15_9.05_34.02_-17.90_-6.49_-22.00_8.19_-39.88_0.0519_0.3887_0.9029_0.1760end,0.0,0.0,0.0
643,,0.0,0.0,0.0
644,-0.57_3.05_9.18_34.02_-17.90_-6.49_-22.00_8.19_-39.88_0.0530_0.3892_0.9025_0.1770end-0.55_3.03_9.39_34.02_-17.90_-6.49_-22.00_8.19_-39.88_0.0530_0.3892_0.9025_0.1770end-0.55_3.07_9.53_34.02_-13.43_-7.39_-22.00_8.19_-39.88_0.0530_0.3892_0.9025_0.1770end-0.55_3.07_9.53_34.02_-13.43_-7.39_-22.00_8.19_-39.88_0.0573_0.3906_0.9007_0.1815end-0.39_3.58_10.17_34.02_-13.43_-7.39_-22.00_8.19_-39.88_0.0573_0.3906_0.9007_0.1815end-0.27_3.90_10.68_34.02_-13.43_-7.39_-22.00_8.19_-39.88_0.0604_0.3916_0.8993_0.1851end-0.23_4.16_11.00_40.73_-11.97_-7.16_-22.75_6.50_-38.56_0.0604_0.3916_0.8993_0.1851end-0.23_4.16_11.00_40.73_-11.97_-7.16_-22.75_6.50_-38.56_0.0626_0.3923_0.8983_0.1879end-0.06_5.34_12.21_40.73_-11.97_-7.16_-22.75_6.50_-38.56_0.0638_0.3925_0.8978_0.1895end-0.06_5.49_12.47_51.14_-14.55_-7.50_-22.75_6.50_-38.56_0.0638_0.3925_0.8978_0.1895end,0.0,0.0,0.0
645,,0.0,0.0,0.0
646,,0.0,0.0,0.0
647,-0.06_5.49_12.47_51.14_-14.55_-7.50_-22.75_6.50_-38.56_0.0666_0.3931_0.8965_0.1930end-0.06_5.49_12.47_51.14_-14.55_-7.50_-22.75_5.12_-40.38_0.0700_0.3937_0.8951_0.1970end-0.25_5.16_12.98_51.14_-14.55_-7.50_-22.75_5.12_-40.38_0.0718_0.3940_0.8943_0.1992end-0.31_4.96_12.91_69.16_-19.25_-7.61_-23.75_4.81_-39.50_0.0718_0.3940_0.8943_0.1992end-0.31_4.96_12.91_67.81_-17.23_-7.95_-23.75_4.81_-39.50_0.0756_0.3947_0.8927_0.2039end-0.31_4.96_12.91_67.81_-17.23_-7.95_-23.75_4.81_-39.50_0.0791_0.3952_0.8911_0.2085end-0.03_4.06_12.30_67.81_-17.23_-7.95_-23.75_4.81_-39.50_0.0791_0.3952_0.8911_0.2085end0.00_3.95_12.23_53.83_-5.26_-11.30_-23.75_4.81_-39.50_0.0791_0.39,0.0,0.0,0.0
648,52_0.8911_0.2085end0.02_3.82_12.06_39.17_2.69_-14.21_-23.75_3.44_-39.94_0.0791_0.3952_0.8911_0.2085end0.05_3.82_12.05_30.66_5.04_-15.78_-23.75_3.44_-39.94_0.0836_0.3970_0.8876_0.2180end,0.0,0.0,0.0
649,,0.0,0.0,0.0
650,,0.0,0.0,0.0
651,0.05_3.82_12.05_30.66_5.04_-15.78_-23.75_2.37_-39.56_0.0836_0.3975_0.8871_0.2191end0.00_3.76_11.68_30.66_5.04_-15.78_-23.75_2.37_-39.56_0.0836_0.3981_0.8867_0.2199end0.01_3.74_11.57_3.13_1.79_-18.46_-23.75_2.37_-39.56_0.0836_0.3981_0.8867_0.2199end0.01_3.74_11.57_-5.93_-3.02_-18.46_-24.12_3.06_-39.94_0.0836_0.3981_0.8867_0.2199end0.03_3.46_11.02_-14.32_-8.62_-18.46_-24.12_3.06_-39.94_0.0831_0.4005_0.8857_0.2198end0.03_3.46_11.02_-14.32_-8.62_-18.46_-23.38_3.06_-39.50_0.0831_0.4013_0.8855_0.2190end0.03_3.46_11.02_-36.48_-26.30_-16.79_-23.38_3.06_-39.50_0.0833_0.4033_0.8853_0.2161end0.04_3.20_10.30_-36.48_-26.30_-16.79_-23.38_3.06_-39.50_0.0836_0.4044_0.,0.0,0.0,0.0
652,8853_0.2141end0.04_3.20_10.30_-51.25_-34.91_-13.99_-23.38_3.06_-39.50_0.0839_0.4055_0.8853_0.2118end0.04_3.20_10.30_-54.72_-34.69_-13.32_-23.38_3.06_-39.50_0.0845_0.4075_0.8854_0.2067end,0.0,0.0,0.0
653,0.11_2.85_9.05_-54.72_-34.69_-13.32_-23.38_3.06_-39.50_0.0847_0.4086_0.8856_0.2039end0.09_2.79_8.79_-54.72_-34.69_-13.32_-23.38_3.06_-39.50_0.0847_0.4096_0.8857_0.2012end0.15_2.82_8.70_-59.76_-26.41_-11.64_-23.38_3.06_-39.50_0.0847_0.4096_0.8857_0.2012end0.21_2.76_8.54_-59.76_-26.41_-11.64_-23.38_3.06_-39.50_0.0840_0.4123_0.8864_0.1931end0.23_2.77_8.53_-59.76_-26.41_-11.64_-25.25_4.81_-39.94_0.0836_0.4131_0.8866_0.1906end0.30_2.81_8.57_-59.76_-26.41_-11.64_-25.25_4.81_-39.94_0.0836_0.4131_0.8866_0.1906end0.33_2.85_8.53_-55.95_-6.94_-9.29_-25.25_4.81_-39.94_0.0836_0.4131_0.8866_0.1906end0.35_2.90_8.59_-54.16_-3.92_-9.06_-24.87_5.50_-40.38_0.0836_0.4131_0.8866_0.1906end0.35_2.90_8.59_-49.35_-1.12_-7.39_-24.87_5.50_-40.38_0.0795_0.4162_0.8878_0.1795end0.34_3.00_8.62_-49.35_-1.12_-7.39_-24.87_5.50_-40.38_0.0786_0.4166_0.8881_0.1776end,0.0,0.0,0.0
654,,0.0,0.0,0.0
655,0.35_3.12_8.69_-49.35_-1.12_-7.39_-24.87_5.50_-40.38_0.0777_0.4171_0.8883_0.1758end0.41_3.26_8.76_-49.35_-1.12_-7.39_-24.87_5.50_-40.38_0.0777_0.4171_0.8883_0.1758end0.37_3.36_8.77_-39.28_-2.69_-2.46_-24.87_5.50_-40.38_0.0757_0.4180_0.8890_0.1710end0.37_3.36_8.77_-39.28_-2.69_-2.46_-24.19_7.87_-38.56_0.0752_0.4182_0.8892_0.1696end0.44_3.71_9.02_-39.28_-2.69_-2.46_-24.12_6.25_-39.06_0.0747_0.4184_0.8894_0.1682end0.48_3.85_9.16_-39.28_-2.69_-2.46_-24.12_6.25_-39.06_0.0743_0.4186_0.8896_0.1669end0.50_3.87_9.31_-26.97_-5.37_0.56_-24.12_6.25_-39.06_0.0743_0.4186_0.8896_0.1669end0.50_3.87_9.31_-23.28_-4.81_1.68_-24.19_8.19_-39.06_0.0738_0.4188_0.8900_0.1646e,0.0,0.0,0.0
656,nd0.50_3.87_9.31_-22.05_-3.69_2.46_-24.19_8.19_-39.06_0.0733_0.4189_0.8903_0.1626end0.57_4.05_9.49_-22.05_-3.69_2.46_-24.19_8.19_-39.06_0.0731_0.4190_0.8905_0.1617end,0.0,0.0,0.0
657,0.68_4.29_9.68_-22.05_-3.69_2.46_-24.19_8.19_-39.06_0.0731_0.4190_0.8905_0.1617end0.67_4.34_9.75_-22.05_-3.69_2.46_-24.87_8.19_-39.88_0.0731_0.4190_0.8905_0.1617end0.68_4.41_9.73_-18.91_-2.57_4.36_-24.87_8.19_-39.88_0.0721_0.4188_0.8912_0.1583end0.67_4.53_9.84_-18.91_-2.57_4.36_-24.87_8.19_-39.88_0.0719_0.4187_0.8915_0.1575end0.68_4.55_9.90_-18.91_-2.57_4.36_-23.81_8.56_-39.06_0.0717_0.4185_0.8917_0.1567end0.67_4.52_9.96_-17.79_-0.67_7.16_-23.81_8.56_-39.06_0.0717_0.4185_0.8917_0.1567end0.67_4.52_9.96_-17.68_1.79_8.84_-23.81_8.56_-39.06_0.0709_0.4178_0.8925_0.1545end0.75_4.49_9.86_-17.68_1.79_8.84_-23.81_8.56_-39.06_0.0706_0.4175_0.8928_0.1539end0.77_4.41_9.84_-17.68_1.79_8.84_-24.87_9.94_-39.81_0.0706_0.4175_0.8928_0.1539end0.83_4.31_9.72_-17.68_1.79_8.84_-24.87_9.94_-39.81_0.0696_0.4169_0.8934_0.1526end,0.0,0.0,0.0
658,,0.0,0.0,0.0
659,,0.0,0.0,0.0
660,0.83_4.31_9.72_-18.35_10.74_10.74_-23.44_10.25_-39.44_0.0691_0.4164_0.8937_0.1520end0.83_4.31_9.72_-18.35_12.09_10.63_-23.44_10.25_-39.44_0.0677_0.4156_0.8943_0.1508end0.80_4.11_9.51_-18.35_12.09_10.63_-23.44_10.25_-39.44_0.0670_0.4152_0.8947_0.1503end0.85_4.04_9.37_-18.35_12.09_10.63_-23.44_9.94_-39.44_0.0670_0.4152_0.8947_0.1503end0.85_4.00_9.34_-19.81_15.55_10.18_-23.44_9.94_-39.44_0.0643_0.4139_0.8958_0.1487end0.88_3.91_9.20_-20.93_14.88_10.41_-23.81_9.94_-39.44_0.0634_0.4135_0.8961_0.1481end0.84_3.89_9.10_-20.93_14.88_10.41_-23.81_9.94_-39.44_0.0626_0.4131_0.8965_0.1476end0.82_3.88_9.02_-20.93_14.88_10.41_-23.06_11.00_-39.00_0.0626_0.4131_0.8965_0,0.0,0.0,0.0
661,.1476end0.87_3.80_8.80_-20.14_6.27_10.97_-23.06_11.00_-39.00_0.0626_0.4131_0.8965_0.1476end0.89_3.67_8.56_-20.14_6.27_10.97_-23.06_11.00_-39.00_0.0626_0.4131_0.8965_0.1476end0.90_3.61_8.48_-18.46_1.45_12.09_-23.06_11.00_-39.00_0.0626_0.4131_0.8965_0.1476end0.93_3.58_8.42_-18.46_1.45_12.09_-23.81_11.63_-40.31_0.0592_0.4102_0.8989_0.1426end1.00_3.48_8.31_-18.46_1.45_12.09_-23.81_11.63_-40.31_0.0585_0.4097_0.8995_0.1401end1.00_3.48_8.29_-18.46_1.45_12.09_-22.06_11.31_-39.44_0.0581_0.4092_0.9000_0.1383end1.00_3.50_8.15_-11.75_-4.03_16.90_-22.06_11.31_-39.44_0.0581_0.4092_0.9000_0.1383end0.98_3.55_8.11_-11.75_-4.03_16.90_-22.06_11.31_-39.44_0.0582_0.4080_0.9008_0.1371end0.98_3.55_8.11_-9.62_-3.13_21.04_-22.06_11.31_-39.44_0.0583_0.4066_0.9016_0.1361end0.93_3.66_8.09_-9.62_-3.13_21.04_-22.06_11.31_-39.44_0.0583_0.4058_0.9020_0.1,0.0,0.0,0.0
662,356end0.93_3.66_8.09_-8.62_0.45_23.72_-22.06_11.31_-39.44_0.0583_0.4049_0.9024_0.1352end0.93_3.66_8.09_-8.17_2.91_24.84_-22.81_12.31_-38.50_0.0583_0.4049_0.9024_0.1352end,0.0,0.0,0.0
663,,0.0,0.0,0.0
664,0.93_3.66_8.09_-7.61_6.27_25.40_-22.81_12.31_-38.50_0.0581_0.4030_0.9034_0.1345end0.81_3.80_8.11_-7.61_6.27_25.40_-22.81_12.31_-38.50_0.0574_0.4008_0.9045_0.1342end0.79_3.82_8.17_-7.61_6.27_25.40_-22.81_12.31_-38.50_0.0568_0.3997_0.9050_0.1342end0.75_3.85_8.25_-3.69_20.03_29.21_-22.81_12.31_-38.50_0.0568_0.3997_0.9050_0.1342end0.75_3.85_8.25_-1.23_23.28_31.45_-22.81_12.31_-38.50_0.0555_0.3971_0.9062_0.1344end0.75_3.85_8.25_-1.23_23.28_31.45_-22.81_12.31_-38.50_0.0540_0.3944_0.9073_0.1349end0.77_3.82_8.42_-1.23_23.28_31.45_-22.81_12.31_-38.50_0.0540_0.3944_0.9073_0.1349end0.79_3.83_8.44_3.02_23.95_35.25_-20.25_13.69_-38.50_0.0540_0.3944_0.9073_0.1349end,0.0,0.0,0.0
665,0.79_3.84_8.45_4.03_23.84_35.92_-20.25_13.69_-38.50_0.0512_0.3882_0.9099_0.1367end0.77_3.86_8.51_4.03_23.84_35.92_-20.25_13.69_-38.50_0.0506_0.3866_0.9106_0.1372end,0.0,0.0,0.0
666,0.77_3.84_8.54_4.03_23.84_35.92_-20.25_13.69_-38.50_0.0506_0.3866_0.9106_0.1372end0.75_3.83_8.50_4.03_23.84_35.92_-19.50_13.31_-39.81_0.0506_0.3866_0.9106_0.1372end0.77_3.82_8.53_4.03_23.84_35.92_-19.50_13.31_-39.81_0.0482_0.3797_0.9132_0.1398end0.70_3.76_8.50_4.03_23.84_35.92_-19.87_14.69_-40.25_0.0475_0.3779_0.9139_0.1407end0.,0.0,0.0,0.0
667,,0.0,0.0,0.0
668,,0.0,0.0,0.0
669,69_3.71_8.55_4.03_23.84_35.92_-20.25_14.00_-39.38_0.0467_0.3760_0.9145_0.1416end0.67_3.69_8.62_14.66_33.68_39.61_-20.25_14.00_-39.38_0.0467_0.3760_0.9145_0.1416end0.55_3.66_8.74_16.11_35.36_39.06_-20.25_14.00_-39.38_0.0467_0.3760_0.9145_0.1416end0.55_3.66_8.74_16.11_35.36_39.06_-18.37_14.38_-39.38_0.0441_0.3707_0.9163_0.1448end0.55_3.66_8.74_19.02_38.38_38.72_-18.37_14.38_-39.38_0.0421_0.3669_0.9175_0.1474end0.47_3.64_8.80_19.02_38.38_38.72_-18.37_14.38_-39.38_0.0411_0.3652_0.9181_0.1487end0.47_3.64_8.80_19.02_38.38_38.72_-18.00_14.38_-39.75_0.0402_0.3633_0.9186_0.1501end0.37_3.63_8.95_19.02_38.38_38.72_-18.00_14.38_-39.75_0.0383_0.3597_0.9197_0.1528end0.32_3.66_8.92_22.16_37.38_37.60_-18.00_14.38_-39.75_0.0374_0.3578_0.9202_0.1542end0.26_3.66_8.96_22.16_37.38_37.60_-18.00_14.38_-39.75_0.0365_0.3560_0.9207_0.1556e,0.0,0.0,0.0
670,nd0.26_3.65_9.07_22.16_37.38_37.60_-17.37_13.62_-39.81_0.0365_0.3560_0.9207_0.1556end0.21_3.60_9.09_22.16_36.03_36.37_-17.37_13.62_-39.81_0.0365_0.3560_0.9207_0.1556end0.18_3.55_9.09_22.16_36.03_36.37_-16.62_13.62_-40.69_0.0330_0.3490_0.9226_0.1611end0.17_3.48_9.08_22.16_36.03_36.37_-16.62_13.62_-40.69_0.0322_0.3474_0.9230_0.1624end0.17_3.48_9.08_21.26_32.68_33.80_-16.62_13.62_-40.69_0.0315_0.3457_0.9234_0.1636end0.09_3.21_9.00_21.26_32.68_33.80_-16.62_13.62_-40.69_0.0315_0.3457_0.9234_0.1636end,0.0,0.0,0.0
671,,0.0,0.0,0.0
672,0.09_3.21_9.00_21.26_32.68_33.80_-15.50_14.31_-40.25_0.0300_0.3425_0.9243_0.1661end0.07_3.15_8.99_19.47_29.66_31.89_-15.50_14.31_-40.25_0.0286_0.3393_0.9250_0.1685end-0.02_3.02_9.01_19.47_29.66_31.89_-15.50_13.31_-40.25_0.0286_0.3393_0.9250_0.1685end-0.02_3.02_9.01_19.47_29.66_31.89_-15.50_13.31_-40.25_0.0280_0.3378_0.9254_0.1696end-0.10_2.89_9.04_19.47_29.66_31.89_-15.50_13.31_-40.25_0.0280_0.3378_0.9254_0.1696end-0.10_2.89_9.04_15.00_26.19_27.08_-14.44_13.62_-42.00_0.0261_0.3336_0.9264_0.1727end-0.10_2.89_9.04_15.00_26.19_27.08_-14.44_13.62_-42.00_0.0248_0.3309_0.9270_0.1746end-0.23_2.92_9.21_15.00_26.19_27.08_-13.31_13.62_-40.69_0.0248_0.3309_0.9270_0.1746end-0.28_2.92_9.28_13.43_27.42_24.95_-13.31_13.62_-40.69_0.0248_0.3309_0.9270_0.1746end-0.32_2.90_9.43_13.43_27.42_24.95_-13.31_12.56_-40.69_0.0248_0.3309_0.9270_0.1746end,0.0,0.0,0.0
673,,0.0,0.0,0.0
674,,0.0,0.0,0.0
675,-0.32_2.90_9.43_12.65_28.20_24.06_-13.31_12.56_-40.69_0.0226_0.3271_0.9279_0.1773end-0.32_2.90_9.43_12.65_28.20_24.06_-12.94_13.94_-41.56_0.0202_0.3236_0.9287_0.1799end-0.32_2.90_9.43_12.65_28.20_24.06_-12.94_13.94_-41.56_0.0202_0.3236_0.9287_0.1799end-0.32_2.90_9.43_9.74_28.20_22.16_-12.94_13.62_-41.56_0.0202_0.3236_0.9287_0.1799end-0.32_2.90_9.43_7.16_25.07_21.49_-13.31_13.25_-42.00_0.0202_0.3236_0.9287_0.1799end-0.32_2.90_9.43_7.16_25.07_21.49_-12.25_12.94_-40.25_0.0164_0.3181_0.9301_0.1832end-0.38_3.77_10.16_7.16_25.07_21.49_-12.25_12.94_-40.25_0.0157_0.3170_0.9304_0.1836end-0.32_3.88_10.30_2.69_15.11_18.13_-12.25_12.94_-40.25_0.0157_0.3170_0.9304_,0.0,0.0,0.0
676,0.1836end-0.32_3.88_10.30_2.69_15.11_18.13_-11.56_12.88_-41.56_0.0147_0.3151_0.9308_0.1843end-0.21_4.93_11.13_2.69_15.11_18.13_-11.56_12.88_-41.56_0.0140_0.3134_0.9313_0.1848end,0.0,0.0,0.0
677,-0.18_5.15_11.36_5.82_9.29_14.44_-12.56_13.94_-42.00_0.0140_0.3134_0.9313_0.1848end-0.27_5.47_11.77_5.82_9.29_14.44_-11.94_13.94_-42.38_0.0140_0.3134_0.9313_0.1848end-0.27_5.63_11.90_14.66_0.22_11.19_-11.94_13.94_-42.38_0.0139_0.3109_0.9319_0.1865end-0.21_5.99_12.11_14.66_0.22_11.19_-11.94_13.94_-42.38_0.0139_0.3109_0.9319_0.1865end-0.22_6.10_12.14_14.66_0.22_11.19_-11.94_13.94_-42.38_0.0148_0.3101_0.9318_0.1879end-0.23_6.19_12.02_14.66_0.22_11.19_-10.44_12.88_-42.00_0.0148_0.3101_0.9318_0.1879end-0.24_6.15_11.97_14.66_0.22_11.19_-10.44_12.88_-42.00_0.0172_0.3093_0.9315_0.1907end-0.31_5.75_11.58_14.66_0.22_11.19_-10.44_12.88_-42.00_0.0182_0.3092_0.9313,0.0,0.0,0.0
678,_0.1918end-0.32_5.55_11.45_14.66_0.22_11.19_-12.25_12.19_-42.00_0.0193_0.3092_0.9310_0.1929end-0.39_5.34_11.34_34.91_-17.90_-2.80_-12.25_12.19_-42.00_0.0193_0.3092_0.9310_0.1929end,0.0,0.0,0.0
679,,0.0,0.0,0.0
680,-0.56_4.97_11.21_34.91_-18.80_-5.15_-12.25_12.19_-42.00_0.0228_0.3099_0.9300_0.1964end-0.77_4.66_11.12_34.91_-18.80_-5.15_-12.25_12.19_-42.00_0.0239_0.3103_0.9296_0.1974end-0.86_4.59_10.98_29.32_-19.02_-10.30_-12.25_12.19_-42.00_0.0239_0.3103_0.9296_0.1974end-0.86_4.59_10.98_29.32_-19.02_-10.30_-12.25_12.19_-42.00_0.0270_0.3119_0.9284_0.2000end-0.99_4.34_10.73_29.32_-19.02_-10.30_-12.25_12.19_-42.00_0.0280_0.3125_0.9281_0.2004end-0.99_4.15_10.52_29.32_-19.02_-10.30_-12.25_12.19_-42.00_0.0280_0.3125_0.9281_0.2004end-1.02_3.89_10.23_0.56_-20.93_-11.97_-12.25_12.19_-42.00_0.0280_0.3125_0.9281_0.2004end-1.01_3.84_10.01_-13.99_-21.71_-11.08_-12.25_12.19_-42,0.0,0.0,0.0
681,.00_0.0309_0.3149_0.9274_0.1994end-1.05_3.55_9.59_-13.99_-21.71_-11.08_-12.25_12.19_-42.00_0.0314_0.3155_0.9274_0.1984end-1.05_3.55_9.59_-27.31_-20.93_-9.74_-12.25_12.19_-42.00_0.0314_0.3155_0.9274_0.1984end,0.0,0.0,0.0
682,-1.14_3.11_9.01_-27.31_-20.93_-9.74_-12.25_12.19_-42.00_0.0314_0.3155_0.9274_0.1984end-1.14_3.11_9.01_-27.31_-20.93_-9.74_-12.25_12.19_-42.00_0.0325_0.3175_0.9280_0.1920end-1.22_2.79_8.61_-27.31_-20.93_-9.74_-12.25_12.19_-42.00_0.0325_0.3180_0.9283_0.1899end-1.23_2.47_8.15_-27.31_-20.93_-9.74_-12.94_12.94_-41.56_0.0325_0.3180_0.,0.0,0.0,0.0
683,9283_0.1899end-1.21_2.41_8.08_-53.16_-13.54_-5.15_-12.94_12.94_-41.56_0.0319_0.3190_0.9293_0.1831end-1.23_2.39_7.95_-56.62_-10.74_-3.69_-12.94_12.94_-41.56_0.0316_0.3193_0.9297_0.1806end-1.19_2.37_7.80_-56.62_-10.74_-3.69_-12.94_12.94_-41.56_0.0311_0.3195_0.9302_0.1782end-1.11_2.43_7.76_-56.62_-10.74_-3.69_-12.94_12.94_-41.56_0.,0.0,0.0,0.0
684,0306_0.3197_0.9305_0.1758end-1.05_2.61_7.78_-56.62_-10.74_-3.69_-12.94_12.94_-41.56_0.0301_0.3198_0.9310_0.1733end-1.05_2.61_7.78_-52.60_-4.14_0.00_-12.56_14.31_-41.56_0.0301_0.3198_0.9310_0.1733end,0.0,0.0,0.0
685,,0.0,0.0,0.0
686,-1.05_2.61_7.78_-50.92_-3.69_0.67_-12.56_14.31_-41.56_0.0284_0.3201_0.9322_0.1666end-0.97_3.09_7.97_-50.92_-3.69_0.67_-12.56_14.31_-41.56_0.0284_0.3201_0.9322_0.1666end-0.92_3.44_8.07_-50.92_-3.69_0.67_-12.56_14.31_-41.56_0.0273_0.3199_0.9330_0.1627end-0.86_3.63_8.20_-40.62_-2.13_3.36_-12.56_14.31_-41.56_0.0273_0.3199_0.9330_0.1627end-0.84_3.77_8.29_-36.03_-2.24_4.14_-12.56_14.31_-41.56_0.0261_0.3194_0.9340_0.1578end-0.82_3.88_8.37_-36.03_-2.24_4.14_-12.56_14.31_-41.56_0.0258_0.3191_0.9343_0.1566end-0.71_4.23_8.58_-36.03_-2.24_4.14_-12.56_15.38_-39.38_0.0258_0.3191_0.9343_0.1566end-0.69_4.42_8.69_-18.69_-1.34_6.83_-12.56_15.38_-39.38_0.0258_0.3191_0.9343_0.1566end-0.65_4.54_8.79_-18.69_-1.34_6.83_-12.56_15.38_-39.38_0.0251_0.3177_0.9353_0.1535end-0.59_4.74_8.93_-18.69_-1.34_6.83_-12.56_15.38_-39.38_0.0251_0.3174_0.9355_0.1531end,0.0,0.0,0.0
687,,0.0,0.0,0.0
688,-0.59_4.79_9.03_-1.79_-0.90_7.83_-12.56_15.38_-39.38_0.0252_0.3166_0.9358_0.1530end-0.61_4.76_9.14_5.48_-2.80_8.73_-11.94_15.75_-38.94_0.0252_0.3166_0.9358_0.1530end-0.61_4.76_9.14_5.48_-2.80_8.73_-11.94_15.75_-38.94_0.0257_0.3157_0.9360_0.1533end-0.74_4.70_9.28_5.48_-2.80_8.73_-11.56_16.06_-38.94_0.0261_0.3152_0.9362_0.1536end-0.86_4.51_9.21_15.67_-5.82_9.74_-11.56_16.06_-38.94_0.0265_0.3148_0.9362_0.1541end-0.86_4.46_9.21_15.67_-5.82_9.74_-11.56_16.06_-38.94_0.0275_0.3138_0.9363_0.1552end-0.87_4.43_9.18_15.67_-5.82_9.74_-11.56_16.06_-38.94_0.0280_0.3134_0.9364_0.1557end-0.88_4.21_9.03_15.67_-5.82_9.74_-11.56_16.06_-38.94_0.0280_0.3134_0.9364_0.1557en,0.0,0.0,0.0
689,d-0.89_4.10_8.96_16.00_-2.01_11.41_-11.94_15.38_-39.75_0.0280_0.3134_0.9364_0.1557end-0.86_4.00_8.96_13.99_1.68_11.97_-11.94_15.38_-39.75_0.0280_0.3134_0.9364_0.1557end,0.0,0.0,0.0
690,-0.86_4.00_8.96_13.99_1.68_11.97_-11.94_15.38_-39.75_0.0297_0.3104_0.9368_0.1587end-0.89_3.88_8.93_13.99_1.68_11.97_-12.31_15.38_-39.38_0.0297_0.3098_0.9369_0.1592end-0.99_3.87_8.90_13.99_1.68_11.97_-12.31_15.38_-39.38_0.0298_0.3091_0.9371_0.1596end-0.99_3.85_8.80_13.99_1.68_11.97_-12.31_15.38_-39.38_0.0298_0.3091_0.9371_0.1596end-1.00_3.83_8.73_4.59_5.48_16.23_-13.31_15.75_-39.75_0.0298_0.3091_0.9371_0.1596end-0.99_3.81_8.64_0.67_6.38_18.13_-13.31_15.75_-39.75_0.0295_0.3058_0.9380_0.1606end-0.96_3.75_8.56_0.67_6.38_18.13_-13.31_15.75_-39.75_0.0294_0.3049_0.9383_0.1606end-0.94_3.65_8.36_0.67_6.38_18.13_-10.81_15.00_-38.94_0.0294_0.3049_0.9383_0.1606end,0.0,0.0,0.0
691,-0.93_3.57_8.32_-3.80_10.41_20.70_-10.81_15.00_-38.94_0.0294_0.3049_0.9383_0.1606end-0.93_3.57_8.32_-5.15_13.32_21.93_-10.81_15.00_-38.94_0.0280_0.3009_0.9396_0.1605end,0.0,0.0,0.0
692,,0.0,0.0,0.0
693,-0.97_3.48_8.19_-5.15_13.32_21.93_-10.81_15.00_-38.94_0.0280_0.3009_0.9396_0.1605end-0.96_3.47_8.21_-5.15_13.32_21.93_-10.81_15.00_-38.94_0.0270_0.2986_0.9404_0.1603end-0.95_3.46_8.21_-4.81_16.00_22.83_-10.81_15.00_-38.94_0.0270_0.2986_0.9404_0.1603end-1.02_3.44_8.16_-4.25_16.34_22.83_-10.81_15.00_-38.94_0.0270_0.2986_0.9404_0.1603end-1.02_3.44_8.16_-1.68_17.35_23.05_-10.81_15.00_-38.94_0.0253_0.2952_0.9415_0.1603end-1.02_3.47_8.15_-1.68_17.35_23.05_-10.81_15.00_-38.94_0.0241_0.2928_0.9423_0.1606end-1.02_3.47_8.15_1.68_18.69_22.83_-11.56_15.69_-39.38_0.0236_0.2916_0.9426_0.1608end-1.00_3.47_8.16_1.68_18.69_22.83_-10.06_16.69_-39.31_0.0236_0.2916_0.9426_0.1608end-1.00_3.47_8.16_4.81_19.14_21.93_-10.06_16.69_-39.31_0.0218_0.2881_0.9435_0.1620end-0.99_3.52_8.25_7.83_18.24_21.15_-10.06_16.69_-39.31_0.0213_0.2870_0.9438_0.1625end,0.0,0.0,0.0
694,,0.0,0.0,0.0
695,,0.0,0.0,0.0
696,-1.02_3.60_8.39_7.83_18.24_21.15_-10.06_15.38_-40.25_0.0213_0.2870_0.9438_0.1625end-1.04_3.64_8.45_11.30_17.12_20.25_-10.06_15.38_-40.25_0.0199_0.2837_0.9445_0.1644end-1.01_3.68_8.48_14.44_13.88_19.47_-10.06_15.38_-40.25_0.0196_0.2827_0.9447_0.1651end-1.04_3.74_8.50_14.44_13.88_19.47_-10.06_15.38_-40.25_0.0193_0.2816_0.9449_0.1658end-1.02_3.77_8.54_14.44_13.88_19.47_-10.06_15.38_-40.25_0.0193_0.2816_0.9449_0.1658end-1.03_3.80_8.63_17.79_8.50_18.24_-10.06_15.38_-40.25_0.0193_0.2816_0.9449_0.1658end-1.03_3.81_8.63_17.79_8.50_18.24_-8.25_15.69_-38.06_0.0193_0.2816_0.9449_0.1658end-1.05_3.79_8.66_17.79_8.50_18.24_-8.25_15.69_-38.06_0.0193_0.2767_0.9456_0.1700end-1.04_3.79_8.70_22.38_4.14_16.23_-9.69_14.31_-38.94_0.0193_0.2767_0.9456_0.1700end-1.08_3.79_8.76_23.05_3.69_15.67_-9.69_14.31_-38.94_0.0200_0.2740_0.9458_0.1729end,0.0,0.0,0.0
697,,0.0,0.0,0.0
698,,0.0,0.0,0.0
699,,0.0,0.0,0.0
700,,0.0,0.0,0.0
701,-1.10_3.72_8.83_23.05_3.69_15.67_-9.69_14.31_-38.94_0.0203_0.2733_0.9459_0.1740end-1.13_3.76_8.83_26.07_3.69_14.77_-9.69_14.31_-38.94_0.0203_0.2733_0.9459_0.1740end-1.24_3.75_8.84_26.07_3.69_14.77_-8.25_15.00_-40.25_0.0203_0.2733_0.9459_0.1740end-1.24_3.75_8.84_26.07_3.69_14.77_-8.25_15.00_-40.25_0.0212_0.2701_0.9459_0.1785end-1.20_3.77_8.87_26.07_3.69_14.77_-8.25_15.00_-40.25_0.0214_0.2692_0.9459_0.1796end-1.24_3.77_8.88_26.07_3.69_14.77_-8.25_15.00_-40.25_0.0215_0.2683_0.9460_0.1807end-1.20_3.63_8.87_26.07_3.69_14.77_-8.25_15.00_-40.25_0.0215_0.2683_0.9460_0.1807end-1.16_3.56_8.89_25.51_8.39_16.11_-8.25_15.00_-40.25_0.0218_0.2656_0.9461_0.1841end-1.1,0.0,0.0,0.0
702,6_3.40_8.80_25.07_10.07_16.56_-9.31_13.62_-39.38_0.0218_0.2656_0.9461_0.1841end-1.16_3.40_8.80_25.07_10.07_16.56_-9.31_13.62_-39.38_0.0218_0.2637_0.9462_0.1864end-1.19_3.23_8.80_24.51_11.19_16.67_-9.31_13.62_-39.38_0.0218_0.2637_0.9462_0.1864end-1.19_3.23_8.80_24.51_11.19_16.67_-7.50_13.94_-39.81_0.0217_0.2619_0.9462_0.1886end-1.23_3.07_8.78_24.51_11.19_16.67_-7.50_13.94_-39.81_0.0215_0.2601_0.9463_0.1909end-1.23_3.07_8.78_24.95_11.53_16.11_-7.50_13.94_-39.81_0.0215_0.2592_0.9463_0.1920end-1.21_3.07_8.79_24.95_11.53_16.11_-8.25_14.31_-39.38_0.0215_0.2592_0.9463_0.1920end-1.21_3.07_8.79_24.84_12.20_15.89_-7.12_13.94_-39.81_0.0215_0.2592_0.9463_0.1920end-1.20_3.05_8.85_24.84_12.20_15.89_-7.12_13.94_-39.81_0.0211_0.2554_0.9464_0.1966end-1.17_3.07_8.85_24.84_12.20_15.89_-7.12_13.94_-39.81_0.0209_0.2545_0.9464_0.1978end-1.20_3.05_8.85_24.84_12.20_15.89_-7.50_14.63_-39.75_0.0209_0.2536_0.9464_0.1989end-1.20_3.09_8.86_24.51_11.08_14.88_-7.50_14.63_-39.75_0.0209_0.2536_0.9464_0.1989end,0.0,0.0,0.0
703,,0.0,0.0,0.0
704,-1.22_3.09_8.93_24.95_10.30_14.66_-7.50_14.63_-39.75_0.0207_0.2509_0.9464_0.2023end-1.23_3.09_8.96_24.95_10.30_14.66_-6.44_13.56_-40.69_0.0207_0.2509_0.9464_0.2023end-1.19_3.13_9.00_25.18_8.17_14.10_-6.44_13.56_-40.69_0.0207_0.2509_0.9464_0.2023end-1.19_3.13_9.00_26.07_7.39_13.99_-6.44_13.56_-40.69_0.0208_0.2486_0.9463_0.2057end-1.19_3.13_9.00_26.52_6.83_13.76_-6.44_13.56_-40.69_0.0209_0.2479_0.9462_0.2068end-1.22_3.18_9.21_26.52_6.83_13.76_-6.44_13.56_-40.69_0.0210_0.2471_0.9462_0.2079end-1.22_3.18_9.21_27.42_4.03_12.65_-6.44_13.56_-40.69_0.0214_0.2459_0.9460_0.2103end-1.14_3.55_9.56_27.42_4.03_12.65_-6.44_13.56_-40.69_0.0217_0.2452_0.9459_0.2114end-1.13_3.58_9.61_27.42_4.03_12.65_-6.44_13.56_-40.69_0.0222_0.2438_0.9457_0.2137end-1.12_3.64_9.76_27.42_4.03_12.65_-6.44_13.56_-40.69_0.0225_0.2432_0.9456_0.2149end,0.0,0.0,0.0
705,,0.0,0.0,0.0
706,,0.0,0.0,0.0
707,,0.0,0.0,0.0
708,-1.09_3.62_9.77_27.42_4.03_12.65_-7.50_12.56_-40.69_0.0225_0.2432_0.9456_0.2149end-1.10_3.64_9.84_24.73_1.45_9.51_-7.50_12.56_-40.69_0.0225_0.2432_0.9456_0.2149end-1.11_3.64_9.89_24.73_1.45_9.51_-7.50_12.56_-40.69_0.0235_0.2407_0.9453_0.2191end-1.15_3.65_9.90_24.73_1.45_9.51_-7.50_12.88_-40.69_0.0237_0.2401_0.9452_0.2201end-1.15_3.61_9.89_24.73_1.45_9.51_-7.50_12.88_-40.69_0.0240_0.2396_0.9451_0.2210end-1.11_3.60_9.93_24.73_1.45_9.51_-7.50_12.88_-40.69_0.0240_0.2396_0.9451_0.2210end-1.10_3.57_9.91_24.73_1.45_9.51_-7.50_12.88_-40.69_0.0244_0.2386_0.9449_0.2226end-1.10_3.57_9.91_24.73_1.45_9.51_-7.50_12.88_-40.69_0.0245_0.2382_0.9449_0.2233end-1.07_3.55_9.86_24.73_1.45_9.51_-7.50_12.88_-40.69_0.0245_0.2382_0.9449_0.2233end-1.05_3.53_9.89_24.73_1.45_9.51_-7.50_12.88_-40.69_0.0250_0.2372_0.9448_0.2249end,0.0,0.0,0.0
709,,0.0,0.0,0.0
710,-1.04_3.49_9.86_7.95_-0.34_2.46_-7.50_12.88_-40.69_0.0250_0.2372_0.9448_0.2249end-1.04_3.49_9.86_7.95_-0.34_2.46_-7.50_12.88_-40.69_0.0250_0.2372_0.9448_0.2249end-1.04_3.49_9.86_7.95_-0.34_2.46_-7.50_12.88_-40.69_0.0253_0.2364_0.9447_0.2258end-1.01_3.67_10.02_7.95_-0.34_2.46_-7.50_12.88_-40.69_0.0253_0.2364_0.9447_0.2258end-1.01_3.67_10.02_7.95_-0.34_2.46_-7.50_12.88_-40.69_0.0258_0.2363_0.9447_0.2259end-0.97_3.86_10.16_7.95_-0.34_2.46_-7.50_12.88_-40.69_0.0261_0.2363_0.9447_0.2259end-0.86_4.37_10.65_7.95_-0.34_2.46_-7.50_12.88_-40.69_0.0261_0.2363_0.9447_0.2259end-0.78_4.56_10.84_4.92_-11.75_-7.27_-7.50_12.88_-40.69_0.0261_0.2363_0.9447_0.2259end-0.78_4.56_10.84_4.92_-11.75_-7.27_-6.44_11.50_-40.31_0.0271_0.2369_0.9445_0.2258end-0.65_5.55_11.79_4.92_-11.75_-7.27_-6.44_11.50_-40.31_0.0281_0.2375_0.9442_0.2262end,0.0,0.0,0.0
711,,0.0,0.0,0.0
712,-0.67_5.68_11.94_14.44_-17.23_-10.97_-6.44_11.50_-40.31_0.0288_0.2380_0.9440_0.2266end-0.73_5.71_12.11_18.80_-19.58_-11.64_-6.44_11.50_-40.31_0.0288_0.2380_0.9440_0.2266end-0.77_5.57_12.15_18.80_-19.58_-11.64_-6.81_12.19_-40.31_0.0288_0.2380_0.9440_0.2266end-0.79_5.41_12.09_18.80_-19.58_-11.64_-6.81_12.19_-40.31_0.0327_0.2400_0.9427_0.2294end-0.79_5.41_12.09_18.80_-19.58_-11.64_-7.12_10.88_-40.31_0.0338_0.2406_0.9423_0.2303end-0.84_4.35_11.67_18.80_-19.58_-11.64_-6.44_11.50_-41.13_0.0338_0.2406_0.9423_0.2303end-0.78_4.15_11.54_27.86_-23.61_-17.57_-6.44_11.50_-41.13_0.0338_0.2406_0.9423_0.2303end-0.78_4.15_11.54_27.86_-23.61_-17.57_-6.44_11.50_-41.13_0.,0.0,0.0,0.0
713,0378_0.2437_0.9405_0.2339end-0.67_3.86_11.28_27.86_-23.61_-17.57_-6.44_11.50_-41.13_0.0383_0.2446_0.9401_0.2347end-0.67_3.86_11.28_27.86_-23.61_-17.57_-7.12_10.88_-39.81_0.0386_0.2454_0.9396_0.2353end,0.0,0.0,0.0
714,,0.0,0.0,0.0
715,,0.0,0.0,0.0
716,-0.65_3.73_11.17_27.86_-23.61_-17.57_-7.12_10.88_-39.81_0.0386_0.2454_0.9396_0.2353end-0.62_3.70_11.18_27.86_-23.61_-17.57_-7.12_10.88_-39.81_0.0384_0.2487_0.9387_0.2357end-0.66_3.68_11.08_27.86_-23.61_-17.57_-7.12_10.88_-39.81_0.0382_0.2501_0.9384_0.2353end-0.68_3.71_10.96_27.86_-23.61_-17.57_-7.87_10.19_-40.31_0.0382_0.2501_0.9384_0.2353end-0.62_3.65_10.79_27.86_-23.61_-17.57_-7.87_10.19_-40.31_0.0382_0.2501_0.9384_0.2353end-0.59_3.65_10.70_27.86_-23.61_-17.57_-7.87_9.81_-40.31_0.0389_0.2562_0.9380_0.2301end-0.57_3.63_10.56_-48.57_-41.63_-35.36_-7.87_9.81_-40.31_0.0395_0.2579_0.9380_0.2279end-0.53_3.56_10.22_-48.57_-41.63_-35.36_-7.50_10.88_-40.75_0.,0.0,0.0,0.0
717,0404_0.2598_0.9381_0.2253end-0.43_3.52_9.84_-48.57_-41.63_-35.36_-7.50_10.88_-40.75_0.0414_0.2616_0.9382_0.2226end-0.39_3.53_9.74_-63.56_-53.49_-34.02_-7.50_10.88_-40.75_0.0414_0.2616_0.9382_0.2226end,0.0,0.0,0.0
718,,0.0,0.0,0.0
719,,0.0,0.0,0.0
720,-0.36_3.54_9.64_-68.04_-54.61_-33.24_-7.50_10.88_-40.75_0.0446_0.2670_0.9388_0.2129end-0.31_3.48_9.47_-68.04_-54.61_-33.24_-7.50_10.88_-40.75_0.0456_0.2686_0.9391_0.2094end-0.31_3.48_9.47_-68.04_-54.61_-33.24_-10.06_12.56_-41.13_0.0456_0.2686_0.9391_0.2094end-0.19_3.54_9.40_-68.04_-54.61_-33.24_-10.06_12.56_-41.13_0.0465_0.2704_0.9393_0.2058end-0.19_3.54_9.40_-68.04_-54.61_-33.24_-10.06_12.25_-38.50_0.0481_0.2737_0.9399_0.1984end-0.13_3.65_9.40_-79.23_-42.52_-27.19_-10.06_12.25_-38.50_0.0491_0.2766_0.9405_0.1910end-0.12_3.67_9.47_-79.23_-42.52_-27.19_-10.44_12.94_-38.13_0.0494_0.2779_0.9409_0.1874end-0.03_3.81_9.59_-79.34_-31.45_-22.94_-10.44_12.94_-38.13_0.0494_0.2779_0.9409_0.1874end-0.02_3.87_9.63_-79.34_-31.45_-22.94_-11.56_14.00_-38.50_0.0494_0.2779_0.9409_0.1874end0.03_3.90_9.72_-79.34_-31.45_-22.94_-11.56_14.00_-38.50_0.0493_0.2821_0.9423_0.1733end,0.0,0.0,0.0
721,0.03_3.90_9.72_-79.34_-31.45_-22.94_-11.19_15.06_-37.63_0.0490_0.2829_0.9427_0.1699end0.15_4.45_10.15_-79.34_-31.45_-22.94_-11.19_15.06_-37.63_0.0485_0.2836_0.9432_0.1664end0.17_4.66_10.23_-79.01_-11.30_-14.32_-11.19_15.06_-37.63_0.0485_0.2836_0.9432_0.1664end0.17_4.66_10.23_-79.01_-11.30_-14.32_-11.19_15.06_-37.63_0.0466_0.2853_0.9445_0.1564end0.23_4.96_10.57_-79.12_-11.86_-11.53_-10.06_15.06_-37.19_0.0466_0.2853_0.9445_0.1564end0.19_5.20_10.91_-79.12_-11.86_-11.53_-10.06_15.06_-37.19_0.0460_0.2858_0.9449_0.1530end0.17_5.47_11.24_-79.12_-11.86_-11.53_-10.81_17.44_-37.63_0.0460_0.2858_0.9449_0.1530end0.17_5.47_11.24_-79.45_-13.88_-6.71_-10.81_17.44_-37.63_0.0460_0.2858_0.9449_0.1530end0.17_5.47_11.24_-79.45_-13.88_-6.71_-11.56_16.44_-37.13_0.0439_0.2879_0.9464_0.1394end0.17_5.47_11.24_-81.13_-12.42_-3.69_-11.56_16.44_-37.13_0.0434_0.2881_0.9469_0.1360end,0.0,0.0,0.0
722,0.17_5.47_11.24_-82.25_-10.30_-2.46_-11.19_18.44_-37.63_0.0421_0.2886_0.9478_0.1288end0.24_6.11_11.54_-85.94_-1.90_-0.90_-11.19_18.44_-37.63_0.0401_0.2888_0.9488_0.1218end0.29_5.98_11.37_-85.94_-1.90_-0.90_-11.19_17.81_-35.81_0.0386_0.2886_0.9493_0.1182end0.28_5.80_11.17_-85.94_-1.90_-0.90_-11.19_17.81_-35.81_0.0370_0.2885_0.949,0.0,0.0,0.0
723,9_0.1146end0.24_5.72_11.07_-91.20_17.35_-1.68_-10.81_18.12_-35.44_0.0370_0.2885_0.9499_0.1146end0.24_5.72_11.07_-92.66_20.93_-2.35_-10.81_18.12_-35.44_0.0370_0.2885_0.9499_0.1146end0.21_5.44_10.87_-92.66_20.93_-2.35_-10.81_18.12_-35.44_0.0370_0.2885_0.9499_0.1146end0.21_5.44_10.87_-92.66_20.93_-2.35_-10.81_18.12_-35.44_0.0266_0.2879_0.9524_0.0969end0.09_5.26_10.52_-92.66_20.93_-2.35_-10.81_18.12_-35.44_0.0266_0.2879_0.9524_0.0969end0.00_5.12_10.32_-92.66_20.93_-2.35_-10.81_18.12_-35.44_0.0191_0.2878_0.9536_0.0859end,0.0,0.0,0.0
724,0.00_5.04_10.22_-99.60_27.64_-9.29_-11.94_20.62_-34.06_0.0165_0.2878_0.9540_0.0820end-0.02_4.86_9.96_-100.27_24.84_-9.96_-11.94_20.62_-34.06_0.0165_0.2878_0.9540_0.0820end-0.02_4.86_9.96_-102.06_21.60_-10.52_-11.94_20.62_-34.06_0.0165_0.2878_0.9540_0.0820end-0.03_4.58_9.46_-102.06_21.60_-10.52_-10.88_21.62_-33.63_0.0165_0.2878_0.9540_0.0820end-0.03_4.58_9.46_-103.85_15.00_-12.09_-9.75_23.00_-33.19_0.0165_0.2878_0.9540_0.0820end-0.03_4.58_9.46_-104.86_11.53_-12.31_-9.75_23.00_-33.19_0.0057_0.2884_0.9554_0.0621end-0.08_4.26_9.02_-104.86_11.53_-12.31_-9.75_23.00_-33.19_0.0040_0.2886_0.9557_0.0579end-0.08_4.26_9.02_-105.53_4.36_-13.76_-9.75_23.00_-33.19_0.,0.0,0.0,0.0
725,0007_0.2897_0.9559_0.0492end-0.14_4.05_8.48_-105.53_4.36_-13.76_-9.75_23.00_-33.19_0.0008_-0.2898_-0.9561_-0.0449end-0.14_4.05_8.48_-104.86_3.36_-14.21_-9.75_23.00_-33.19_0.0024_-0.2904_-0.9561_-0.0404end,0.0,0.0,0.0
726,,0.0,0.0,0.0
727,-0.19_3.86_8.08_-104.86_3.36_-14.21_-9.75_23.00_-33.19_0.0054_-0.2911_-0.9561_-0.0319end-0.19_3.86_8.08_-104.86_3.36_-14.21_-11.25_23.38_-31.87_0.0070_-0.2914_-0.9562_-0.0278end-0.25_3.60_7.40_-104.86_3.36_-14.21_-11.25_23.38_-31.87_0.0087_-0.2916_-0.9562_-0.0236end-0.20_3.55_7.29_-97.13_15.11_-14.32_-11.25_23.38_-31.87_0.0087_-0.2916_-0.9562_-0.0236end-0.21_3.47_7.23_-97.13_15.11_-14.32_-11.25_23.38_-31.87_0.0142_-0.2920_-0.9562_-0.0119end-0.29_3.32_7.14_-92.55_20.14_-14.10_-11.25_23.38_-31.87_0.0162_-0.2921_-0.9562_-0.0082end-0.36_3.22_6.89_-92.55_20.14_-14.10_-11.25_23.38_-31.87_0.0182_-0.2921_-0.9562_-0.0048end-0.37_3.09_6.68_-87.51_24.62_-13.43_-11.25_23.38_-31.87_0.0182_-0.2921_-0.9562_-0.0048end-0.42_3.03_6.63_-84.94_26.52_-12.87_-11.25_23.38_-31.87_0.0182_-0.2921_-0.9562_-0.0048end-0.46_2.98_6.64_-84.94_26.52_-12.87_-11.25_27.50_-30.50_0.0269_-0.2927_-0.9558_0.0081end,0.0,0.0,0.0
728,,0.0,0.0,0.0
729,,0.0,0.0,0.0
730,,0.0,0.0,0.0
731,-0.51_2.89_6.63_-84.94_26.52_-12.87_-10.19_28.19_-30.06_0.0292_-0.2929_-0.9556_0.0109end-0.56_2.68_6.70_-84.94_26.52_-12.87_-10.19_28.19_-30.06_0.0292_-0.2929_-0.9556_0.0109end-0.56_2.68_6.70_-71.51_35.47_-11.64_-10.19_28.19_-30.06_0.0339_-0.2935_-0.9552_0.0159end-0.56_2.68_6.70_-63.23_42.08_-12.42_-10.19_27.50_-29.25_0.0364_-0.2936_-0.9550_0.0181end-0.56_2.68_6.70_-58.64_44.99_-12.53_-10.56_28.19_-27.94_0.0391_-0.2941_-0.9548_0.0202end-0.56_2.68_6.70_-58.64_44.99_-12.53_-10.56_28.19_-27.94_0.0391_-0.2941_-0.9548_0.0202end-0.63_1.98_7.18_-50.92_49.24_-13.65_-10.56_28.19_-27.94_0.0391_-0.2941_-0.9548_0.0202end-0.63_1.98_7.18_-50.92_49.24_-13.65_-10.56_28.19_-27.94_0.0522_-0.2956_-0.9535_0.0274end-0.69_0.91_7.86_-50.92_49.24_-13.65_-10.56_28.19_-27.94_0.0548_-0.2958_-0.9532_0.0284end-0.66_0.71_7.99_-32.01_48.34_-16.00_-10.56_28.19_-27.94_0.0548_-0.2958_-0.9532_0.0284end,0.0,0.0,0.0
732,,0.0,0.0,0.0
733,-0.66_0.71_7.99_-32.01_48.34_-16.00_-10.56_28.19_-27.94_0.0617_-0.2966_-0.9525_0.0305end-0.65_0.40_8.39_-32.01_48.34_-16.00_-10.56_28.19_-27.94_0.0638_-0.2969_-0.9523_0.0309end-0.65_0.21_8.79_-32.01_48.34_-16.00_-10.56_28.19_-27.94_0.0638_-0.2969_-0.9523_0.0309end-0.75_0.03_9.04_-13.20_35.03_-21.49_-9.44_28.87_-27.94_0.0638_-0.2969_-0.9523_0.0309end-0.84_-0.05_9.09_-10.30_31.45_-23.16_-9.44_29.25_-27.94_0.0638_-0.2969_-0.9523_0.0309end-0.84_-0.05_9.09_-5.48_20.93_-25.40_-9.44_29.25_-27.94_0.0711_-0.3000_-0.9507_0.0317end-1.04_-0.52_9.26_-5.48_20.93_-25.40_-9.44_29.25_-27.94_0.0718_-0.3007_-0.9505_0.0318end-1.10_-0.83_9.33_-5.48_20.93_-25.40_-8.69_29.25_-28.38_0.0718_-0.3007_-0.9505_0.0318end-1.10_-0.83_9.33_-5.48_20.93_-25.40_-8.69_29.25_-28.38_0.0719_-0.3031_-0.9497_0.0325end-1.09_-1.09_9.35_-5.48_20.93_-25.40_-8.69_29.25_-28.38_0.0712_-0.3038_-0.9495_0.0330end,0.0,0.0,0.0
734,,0.0,0.0,0.0
735,-1.09_-1.23_9.20_-5.48_20.93_-25.40_-8.69_30.62_-28.38_0.0712_-0.3038_-0.9495_0.0330end-1.09_-1.23_9.20_-3.80_-29.54_-23.28_-8.69_30.62_-28.38_0.0679_-0.3058_-0.9490_0.0347end-1.07_-1.36_9.14_-3.80_-29.54_-23.28_-8.69_30.62_-28.38_0.0667_-0.3066_-0.9489_0.0353end-1.08_-1.59_9.11_-3.80_-29.54_-23.28_-8.69_30.62_-28.38_0.0667_-0.3066_-0.9489_0.0353end-1.14_-1.64_9.14_-3.80_-29.54_-23.28_-9.06_28.56_-27.06_0.0667_-0.3066_-0.9489_0.0353end-1.14_-1.71_9.20_0.11_-15.67_-23.39_-10.56_29.25_-28.38_0.0667_-0.3066_-0.9489_0.0353end-1.16_-1.66_9.25_1.23_-9.18_-24.28_-10.56_29.25_-28.38_0.0627_-0.3098_-0.9480_0.0369end-1.19_-1.66_9.17_1.23_-9.18_-24.28_-10.56_29.2,0.0,0.0,0.0
736,5_-28.38_0.0626_-0.3105_-0.9478_0.0369end-1.18_-1.62_9.09_1.23_-9.18_-24.28_-10.56_29.25_-28.38_0.0626_-0.3105_-0.9478_0.0369end-1.13_-1.66_9.18_1.23_-9.18_-24.28_-10.56_29.25_-28.38_0.0630_-0.3121_-0.9473_0.0366end,0.0,0.0,0.0
737,,0.0,0.0,0.0
738,-1.11_-1.75_9.16_2.57_16.67_-23.05_-10.56_29.25_-28.38_0.0635_-0.3129_-0.9470_0.0364end-1.11_-1.75_9.16_2.57_16.67_-23.05_-10.56_29.25_-28.38_0.0647_-0.3145_-0.9464_0.0358end-1.08_-1.91_9.20_2.57_16.67_-23.05_-9.81_29.25_-27.94_0.0653_-0.3152_-0.9461_0.0355end-1.05_-2.02_9.25_2.57_16.67_-23.05_-9.81_29.25_-27.94_0.0653_-0.3152_-0.9461_0.0355end-1.06_-2.06_9.37_3.58_13.99_-21.04_-9.81_29.25_-27.94_0.0653_-0.3152_-0.9461_0.0355end-1.06_-2.06_9.37_4.70_10.18_-19.36_-12.00_28.56_-28.38_0.0669_-0.3170_-0.9454_0.0346end-1.06_-2.06_9.37_4.70_10.18_-19.36_-12.00_28.56_-28.38_0.0675_-0.3181_-0.9451_0.0341end-1.13_-2.13_9.49_4.70_10.18_-19.36_-11.25_28.56_-27.94,0.0,0.0,0.0
739,_0.0677_-0.3186_-0.9449_0.0338end-1.15_-2.21_9.55_4.70_10.18_-19.36_-11.25_28.56_-27.94_0.0677_-0.3186_-0.9449_0.0338end-1.15_-2.28_9.61_4.70_10.18_-19.36_-11.25_28.56_-27.94_0.0677_-0.3186_-0.9449_0.0338end,0.0,0.0,0.0
740,,0.0,0.0,0.0
741,-1.18_-2.32_9.64_4.03_6.15_-15.67_-11.25_28.56_-27.94_0.0681_-0.3198_-0.9445_0.0331end-1.13_-2.40_9.74_4.03_6.15_-15.67_-11.25_28.56_-27.94_0.0684_-0.3206_-0.9442_0.0327end-1.11_-2.40_9.70_4.03_6.15_-15.67_-11.25_28.56_-27.94_0.0687_-0.3210_-0.9440_0.0324end-1.06_-2.46_9.64_4.03_6.15_-15.67_-11.25_28.56_-28.38_0.0689_-0.3214_-0.9439_0.0322end-1.00_-2.55_9.43_2.35_8.73_-15.22_-11.25_28.56_-28.38_0.0689_-0.3214_-0.9439_0.0322end-1.00_-2.55_9.43_2.35_8.73_-15.22_-11.25_27.87_-29.25_0.0695_-0.3220_-0.9436_0.0319end-1.00_-2.55_9.43_2.35_8.73_-15.22_-11.25_27.87_-29.25_0.0699_-0.3227_-0.9434_0.0316end-0.96_-2.82_9.25_2.35_8.73_-15.22_-11.25_27.87_-29.25_0.07,0.0,0.0,0.0
742,01_-0.3232_-0.9432_0.0315end-1.01_-3.04_9.04_2.35_8.73_-15.22_-11.25_27.87_-29.25_0.0701_-0.3232_-0.9432_0.0315end-1.03_-3.15_9.05_2.35_8.73_-15.22_-11.25_27.87_-29.25_0.0703_-0.3240_-0.9429_0.0311end,0.0,0.0,0.0
743,-1.08_-3.23_9.14_2.35_8.73_-15.22_-11.25_27.87_-29.25_0.0703_-0.3243_-0.9429_0.0309end-1.16_-3.35_9.13_2.35_8.73_-15.22_-11.25_27.87_-29.25_0.0703_-0.3246_-0.9427_0.0306end-1.13_-3.32_9.10_2.35_8.73_-15.22_-11.25_27.87_-29.25_0.0703_-0.3249_-0.9426_0.0302end-1.11_-3.23_9.28_2.35_8.73_-15.22_-11.25_27.87_-29.25_0.0703_-0.3249_-0.9426_0.0302end-1.11_-3.19_9.45_2.35_8.73_-15.22_-11.25_27.87_-29.25_0.0706_-0.3255_-0.9424_0.0291end-1.11_-3.19_9.45_14.10_16.56_-12.42_-11.25_27.87_-29.25_0.0709_-0.3258_-0.9424_0.0284end-1.11_-3.19_9.45_14.10_16.56_-12.42_-11.25_27.87_-29.25_0.0718_-0.3268_-0.9420_0.0269end-0.99_-2.83_10.14_13.54_20.25_-12.31_-11.25_27.87_-29.,0.0,0.0,0.0
744,25_0.0724_-0.3273_-0.9418_0.0261end-0.99_-2.83_10.14_13.54_20.25_-12.31_-10.88_27.87_-28.81_0.0724_-0.3273_-0.9418_0.0261end-0.99_-2.83_10.14_9.18_19.02_-12.20_-10.88_27.87_-28.81_0.0743_-0.3288_-0.9412_0.0239end,0.0,0.0,0.0
745,,0.0,0.0,0.0
746,-0.91_-2.77_10.53_9.18_19.02_-12.20_-10.88_27.87_-28.81_0.0743_-0.3288_-0.9412_0.0239end-0.93_-2.76_10.70_9.18_19.02_-12.20_-10.88_27.87_-28.81_0.0743_-0.3288_-0.9412_0.0239end-0.95_-2.79_10.73_9.18_19.02_-12.20_-10.56_28.19_-28.38_0.0743_-0.3288_-0.9412_0.0239end-0.95_-2.79_10.73_-3.25_9.06_-11.41_-10.56_28.19_-28.38_0.0764_-0.3301_-0.9406_0.0225end-1.04_-2.81_10.82_-3.25_9.06_-11.41_-10.56_27.87_-28.38_0.0772_-0.3304_-0.9404_0.0225end-1.04_-2.81_10.82_-3.25_9.06_-11.41_-9.81_27.50_-29.69_0.0776_-0.3306_-0.9403_0.0227end-1.09_-2.87_10.82_-3.25_9.06_-11.41_-9.81_27.50_-29.69_0.0776_-0.3306_-0.9403_0.0227end-1.10_-2.90_10.90_-3.25_9.06_-11.41_-9.81_27.50_-29.69_0.0785_-0.3311_-0.9400_0.0233end-1.10_-2.90_10.90_-3.25_9.06_-11.41_-10.19_27.50_-29.25_0.0798_-0.3315_-0.9398_0.0240end-1.27_-2.75_11.32_-15.55_17.12_-10.30_-10.19_27.50_-29.25_0.0806_-0.3317_-0.9396_0.0244end,0.0,0.0,0.0
747,,0.0,0.0,0.0
748,-1.27_-2.54_11.52_-15.55_17.12_-10.30_-10.19_27.50_-29.25_0.0816_-0.3320_-0.9395_0.0249end-1.29_-2.36_11.64_-19.36_24.06_-9.74_-10.19_27.50_-29.25_0.0816_-0.3320_-0.9395_0.0249end-1.29_-2.23_11.76_-20.93_27.31_-9.62_-10.19_27.50_-29.25_0.0856_-0.3325_-0.9388_0.0264end-1.19_-1.72_12.06_-23.50_33.24_-9.40_-11.63_28.19_-29.25_0.0856_-0.3325_-0.9388_0.0264end-1.26_-1.49_12.44_-23.50_33.24_-9.40_-11.63_28.19_-29.25_0.0889_-0.3328_-0.9384_0.0273end-1.33_-1.39_12.64_-23.61_35.92_-9.29_-11.25_28.56_-28.38_0.0889_-0.3328_-0.9384_0.0273end-1.45_-1.32_12.95_-22.72_35.14_-9.51_-11.25_28.56_-28.38_0.0889_-0.3328_-0.9384_0.0273end-1.63_-1.39_13.11_-22.72_35.14_-9.51_-10.88_27.50_-27.50_0.0942_-0.3332_-0.9377_0.0287end-1.63_-1.39_13.11_-22.72_35.14_-9.51_-10.88_27.50_-27.50_0.0973_-0.3331_-0.9374_0.0294end-1.91_-1.55_13.11_-22.72_35.14_-9.51_-10.88_27.50_-27.50_0.0973_-0.3331_-0.9374_0.0294end,0.0,0.0,0.0
749,,0.0,0.0,0.0
750,-2.05_-1.70_12.91_-22.72_35.14_-9.51_-10.88_27.50_-27.50_0.0999_-0.3332_-0.9371_0.0297end-2.08_-1.85_12.72_-7.39_26.75_-3.13_-10.88_27.50_-27.50_0.0999_-0.3332_-0.9371_0.0297end-2.08_-1.85_12.72_-5.15_29.43_-2.80_-10.88_27.50_-27.50_0.1024_-0.3329_-0.9370_0.0295end-2.08_-1.85_12.72_-5.15_29.43_-2.80_-10.88_27.50_-27.50_0.1049_-0,0.0,0.0,0.0
751,.3327_-0.9367_0.0291end-2.09_-2.15_12.06_-5.15_29.43_-2.80_-10.88_27.50_-27.50_0.1064_-0.3328_-0.9366_0.0289end-2.02_-2.06_11.78_-5.15_29.43_-2.80_-10.88_27.50_-27.50_0.1064_-0.3328_-0.9366_0.0289end-1.99_-1.90_11.43_-10.30_40.73_-7.72_-10.88_27.50_-27.50_0.1064_-0.3328_-0.9366_0.0289end-2.01_-1.78_11.31_-13.65_41.18_-9.74_-10.88_27.50_-27.50_0.1133_-0.3333_-0.9355_0.0285end-1.97_-1.62_11.17_-13.65_41.18_-9.74_-10.88_27.50_-27.50_0.1152_-0.3336_-0.9352_0.0289end-1.97_-1.62_11.17_-13.65_41.18_-9.74_-9.44_27.87_-28.00_0.1169_-0.3338_-0.9349_0.0294end,0.0,0.0,0.0
752,-1.83_-1.18_10.58_-13.65_41.18_-9.74_-9.44_27.87_-28.00_0.1184_-0.3341_-0.9346_0.0304end-1.90_-1.15_10.41_-37.94_12.42_-15.67_-9.44_27.87_-28.00_0.1184_-0.3341_-0.9346_0.0304end-1.90_-1.15_10.41_-37.94_12.42_-15.67_-9.44_27.87_-28.00_0.1210_-0.3348_-0.9338_0.0353end-1.83_-0.91_9.75_-37.94_12.42_-15.67_-10.56_28.19_-28.81_0.1212_-0.3349_-0.9337_0.0377end-1.77_-0.71_9.38_-37.94_12.42_-15.67_-10.56_28.19_-28.81_0.1212_-0.3349_-0.9337_0.0377end-1.73_-0.68_9.14_-62.00_-28.76_-14.10_-10.56_28.19_-28.81_0.1212_-0.3349_-0.9337_0.0377end-1.75_-0.63_8.97_-62.00_-28.76_-14.10_-10.94_29.63_-27.94_0.1212_-0.3349_-0.9337_0.0377end-1.70_-0.47_8.50_-62.00_-28.76_-14.1,0.0,0.0,0.0
753,0_-10.94_29.63_-27.94_0.1198_-0.3349_-0.9331_0.0531end-1.71_-0.39_8.33_-75.76_-33.91_-9.29_-10.94_29.63_-27.94_0.1194_-0.3347_-0.9330_0.0568end-1.61_-0.32_8.18_-75.76_-33.91_-9.29_-9.06_30.31_-26.62_0.1194_-0.3347_-0.9330_0.0568end,0.0,0.0,0.0
754,,0.0,0.0,0.0
755,-1.57_-0.25_8.08_-79.57_-27.08_-6.83_-9.06_30.31_-26.62_0.1193_-0.3336_-0.9327_0.0676end-1.58_-0.21_7.91_-79.57_-27.08_-6.83_-9.44_31.00_-25.75_0.1196_-0.3332_-0.9325_0.0714end-1.50_-0.20_7.71_-81.58_-11.64_-2.13_-9.44_31.00_-25.75_0.1196_-0.3332_-0.9325_0.0714end-1.50_-0.23_7.65_-81.58_-11.64_-2.13_-9.81_30.00_-25.37_0.1196_-0.,0.0,0.0,0.0
756,3332_-0.9325_0.0714end-1.50_-0.27_7.59_-79.68_-0.22_0.34_-9.81_30.00_-25.37_0.1196_-0.3332_-0.9325_0.0714end-1.50_-0.27_7.59_-78.11_4.92_2.69_-9.81_30.00_-25.37_0.1233_-0.3310_-0.9317_0.0848end-1.58_-0.49_7.61_-78.11_4.92_2.69_-9.81_30.00_-25.37_0.1246_-0.3303_-0.9315_0.0878end-1.58_-0.49_7.61_-67.93_16.11_8.28_-9.81_30.00_-25.37_0.1278_-0.3292_-0.9310_0.0931end-1.73_-0.73_7.77_-63.56_20.37_10.41_-9.81_30.00_-25.37_0.1278_-0.3292_-0.9310_0.0931end-1.79_-0.71_7.80_-58.75_25.07_11.97_-10.19_31.37_-24.00_0.1278_-0.3292_-0.9310_0.0931end,0.0,0.0,0.0
757,-1.79_-0.71_7.80_-53.83_31.56_13.20_-10.19_31.37_-24.00_0.1355_-0.3258_-0.9302_0.1009end-1.86_-0.62_7.84_-53.83_31.56_13.20_-10.56_33.06_-23.50_0.1379_-0.3250_-0.9301_0.1021end-1.87_-0.61_7.89_-53.83_31.56_13.20_-10.56_33.06_-23.50_0.1405_-0.3241_-0.9299_0.1029end-2.00_-0.70_8.10_-53.83_31.56_13.20_-10.56_33.06_-23.50_0.1405_-0.,0.0,0.0,0.0
758,3241_-0.9299_0.1029end-2.00_-0.70_8.10_-53.83_31.56_13.20_-10.94_33.44_-24.00_0.1486_-0.3217_-0.9293_0.1037end-2.18_-0.70_8.16_-53.83_31.56_13.20_-10.94_33.44_-24.00_0.1513_-0.3210_-0.9292_0.1035end-2.22_-0.70_8.16_-7.61_59.76_18.91_-9.81_32.06_-23.56_0.1513_-0.3210_-0.9292_0.1035end-2.30_-0.68_8.23_-2.01_58.08_19.47_-9.81_32.06_-23.56_0.1513_-0.3210_-0.9292_0.1035end-2.37_-0.71_8.36_-2.01_58.08_19.47_-9.81_33.44_-23.12_0.1513_-0.3210_-0.9292_0.1035end-2.45_-0.79_8.48_13.43_48.90_20.81_-9.81_33.44_-23.12_0.1629_-0.3174_-0.9290_0.0989end,0.0,0.0,0.0
759,,0.0,0.0,0.0
760,,0.0,0.0,0.0
761,-2.56_-0.86_8.71_13.43_48.90_20.81_-9.81_33.44_-23.12_0.1629_-0.3174_-0.9290_0.0989end-2.58_-0.80_8.70_13.43_48.90_20.81_-8.00_33.06_-22.62_0.1674_-0.3153_-0.9293_0.0943end-2.59_-0.68_8.57_13.43_48.90_20.81_-8.00_33.06_-22.62_0.1674_-0.3153_-0.9293_0.0943end-2.61_-0.60_8.51_30.55_20.37_22.27_-8.00_33.06_-22.62_0.1674_-0.3153_-0.9293_0.0943end-2.59_-0.41_8.44_30.55_20.37_22.27_-8.00_33.38_-24.44_0.1674_-0.3153_-0.9293_0.0943end-2.59_-0.41_8.44_30.55_20.37_22.27_-8.00_33.38_-24.44_0.1690_-0.3115_-0.9312_0.0862end-2.51_-0.21_8.35_30.55_20.37_22.27_-8.00_33.38_-24.44_0.1684_-0.3105_-0.9317_0.0847end-2.52_-0.15_8.29_31.00_-22.72_24.40_-8.00_33.38_-24.44_0.1675_-0.3096_-0.9323_0.0834end-2.52_-0.15_8.29_30.33_-27.31_24.28_-8.00_33.38_-24.44_0.1663_-0.3086_-0.9329_0.0823end-2.45_-0.12_8.25_30.33_-27.31_24.28_-8.00_33.38_-24.44_0.1635_-0.3065_-0.9343_0.0803end,0.0,0.0,0.0
762,,0.0,0.0,0.0
763,-2.41_-0.09_8.25_30.33_-27.31_24.28_-8.00_33.38_-24.44_0.1618_-0.3054_-0.9351_0.0793end-2.43_-0.04_8.07_30.33_-27.31_24.28_-8.00_33.38_-24.44_0.1618_-0.3054_-0.9351_0.0793end-2.37_-0.01_8.02_26.07_-36.48_24.17_-8.00_33.38_-24.44_0.1565_-0.3018_-0.9373_0.0771end-2.30_0.07_7.91_23.84_-35.59_24.28_-6.25_32.31_-24.81_0.1548_-0.3007_-0.9380_0.0764end-2.30_0.02_7.90_23.84_-35.59_24.28_-6.25_32.31_-24.81_0.1531_-0.2996_-0.9387_0.0757end-2.28_-0.03_7.89_23.84_-35.59_24.28_-6.94_32.69_-24.44_0.1515_-0.2984_-0.9393_0.0751end-2.28_-0.03_7.89_23.61_-30.10_25.51_-6.94_32.31_-25.31_0.1515_-0.2984_-0.9393_0.0751end-2.28_-0.03_7.89_23.61_-30.10_25.51_-6.94_32.31_-25.31_0.1472_-0.2949_-0.9413_0.0728end-2.53_-0.39_8.04_23.61_-30.10_25.51_-6.94_32.31_-25.31_0.1461_-0.2938_-0.9419_0.0718end-2.61_-0.44_8.05_23.61_-30.10_25.51_-6.94_32.31_-25.31_0.1461_-0.2938_-0.9419_0.0718end,0.0,0.0,0.0
764,,0.0,0.0,0.0
765,,0.0,0.0,0.0
766,-2.58_-0.44_8.06_28.87_-11.64_29.10_-6.94_32.31_-25.31_0.1436_-0.2902_-0.9437_0.0684end-2.56_-0.50_8.02_28.87_-11.64_29.10_-6.56_31.37_-25.75_0.1431_-0.2890_-0.9442_0.0670end-2.54_-0.55_7.99_33.01_1.57_31.22_-6.56_31.37_-25.75_0.1431_-0.2890_-0.9442_0.0670end-2.54_-0.55_7.99_33.01_1.57_31.22_-6.94_32.31_-25.31_0.1427_-0.2877_-0.9448_0.0654end-2.54_-0.55_7.99_38.05_10.97_32.45_-6.94_32.31_-25.31_0.1425_-0.2844_-0.9462_0.0603end-2.46_-0.88_8.18_38.05_10.97_32.45_-6.19_31.31_-25.75_0.1425_-0.2844_-0.9462_0.0603end-2.46_-0.88_8.18_43.20_12.53_33.24_-6.19_31.31_-25.75_0.1425_-0.2844_-0.9462_0.0603end-2.58_-1.00_8.51_43.20_12.53_33.24_-6.19_31.31_-25.75_0.14,0.0,0.0,0.0
767,26_-0.2820_-0.9471_0.0562end-2.58_-1.00_8.51_43.20_12.53_33.24_-6.19_31.31_-25.75_0.1425_-0.2785_-0.9485_0.0493end-2.76_-1.08_8.83_43.20_12.53_33.24_-6.19_31.31_-25.75_0.1422_-0.2773_-0.9490_0.0469end,0.0,0.0,0.0
768,-2.86_-1.00_8.96_43.20_12.53_33.24_-6.19_31.31_-25.75_0.1422_-0.2773_-0.9490_0.0469end-2.86_-1.00_8.96_60.32_-3.80_37.15_-6.19_31.31_-25.75_0.1422_-0.2773_-0.9490_0.0469end-2.86_-1.11_9.26_60.32_-3.80_37.15_-6.19_31.31_-25.75_0.1396_-0.2719_-0.9515_0.0364end-2.86_-1.11_9.26_62.11_-9.51_37.82_-6.19_31.31_-25.75_0.1396_-0.2719_-0.9515_0.0364end-2.87_-1.06_9.34_62.11_-9.51_37.82_-6.19_31.31_-25.75_0.1396_-0.2719_-0.9515_0.0364end-2.88_-1.03_9.39_62.11_-9.51_37.82_-5.50_30.25_-27.44_0.1396_-0.2719_-0.9515_0.0364end-2.88_-1.03_9.39_63.00_-15.55_38.05_-5.50_30.25_-27.44_0.1335_-0.2648_-0.9548_0.0229end-2.86_-0.89_9.52_63.00_-15.55_38.05_-5.50_30.25_-27.44_0.,0.0,0.0,0.0
769,1321_-0.2634_-0.9554_0.0204end-2.85_-0.88_9.57_63.00_-15.55_38.05_-5.50_30.25_-27.44_0.1321_-0.2634_-0.9554_0.0204end-2.88_-0.86_9.72_63.00_-15.55_38.05_-5.50_30.25_-27.44_0.1321_-0.2634_-0.9554_0.0204end,0.0,0.0,0.0
770,-2.90_-0.88_9.80_63.00_-15.55_38.05_-5.50_30.25_-27.44_0.1262_-0.2577_-0.9579_0.0104end-2.99_-0.89_10.09_63.00_-15.55_38.05_-5.50_30.25_-27.44_0.1262_-0.2577_-0.9579_0.0104end-2.97_-0.92_10.12_63.00_-15.55_38.05_-4.75_29.56_-28.38_0.1235_-0.2551_-0.9590_0.0055end-2.99_-0.91_10.16_55.73_-11.41_34.02_-4.75_28.87_-28.38_0.1235_-0.2551_-0.9590_0.0055end-2.91_-0.94_10.18_53.94_-8.73_33.35_-4.75_28.87_-28.38_0.1204_-0.2510_-0.9604_-0.0016end-2.88_-0.91_10.12_53.94_-8.73_33.35_-4.75_28.87_-28.38_0.1197_-0.2497_-0.9609_-0.0038end-2.84_-0.92_10.13_53.94_-8.73_33.35_-4.75_28.87_-28.38_0.1197_-0.2497_-0.9609_-0.0038end-2.84_-0.92_10.13_53.94_-8.73_33.35_-4.75_28.87_-29.25_0.1183_-0.2460_-0.9620_-0.0103end-2.77_-0.98_10.09_53.94_-8.73_33.35_-4.37_28.12_-30.06_0.1180_-0.2448_-0.9623_-0.0123end-2.79_-1.00_10.07_53.94_-8.73_33.35_-4.37_28.12_-30.06_0.1177_-0.2437_-0.9626_-0.0142end,0.0,0.0,0.0
771,,0.0,0.0,0.0
772,-2.81_-1.07_10.09_53.94_-8.73_33.35_-4.37_27.44_-30.12_0.1177_-0.2437_-0.9626_-0.0142end-2.81_-1.14_10.05_36.71_5.26_25.96_-4.37_27.44_-30.12_0.1174_-0.2418_-0.9630_-0.0178end-2.81_-1.14_10.05_36.71_5.26_25.96_-4.37_27.44_-30.12_0.1172_-0.2407_-0.9633_-0.0195end-2.78_-1.28_9.86_33.91_4.25_24.62_-3.25_27.44_-30.12_0.1170_-0.2398_-0.9635_-0.0212end-2.78_-1.38_9.80_32.23_4.03_23.16_-3.25_27.44_-30.12_0.1166_-0.2382_-0.9639_-0.0243end-2.78_-1.38_9.80_29.77_3.36_21.37_-4.00_28.12_-30.06_0.1166_-0.2382_-0.9639_-0.0243end-2.78_-1.38_9.80_29.77_3.36_21.37_-4.75_28.12_-31.81_0.1160_-0.2360_-0.9644_-0.0287end-2.59_-1.49_9.61_29.77_3.36_21.37_-4.75_28.12_-31.81_0,0.0,0.0,0.0
773,.1158_-0.2353_-0.9645_-0.0300end-2.59_-1.49_9.61_26.41_2.80_14.10_-3.62_26.44_-31.81_0.1158_-0.2353_-0.9645_-0.0300end-2.46_-1.52_9.58_26.41_2.80_14.10_-4.00_27.06_-30.50_0.1155_-0.2339_-0.9648_-0.0325end,0.0,0.0,0.0
774,-2.46_-1.52_9.58_26.41_2.80_14.10_-4.00_27.06_-30.50_0.1151_-0.2328_-0.9651_-0.0349end-2.56_-1.59_9.68_26.41_2.80_14.10_-4.00_27.06_-30.50_0.1148_-0.2322_-0.9652_-0.0361end-2.59_-1.59_9.61_26.75_-1.01_9.06_-4.00_27.06_-30.50_0.1148_-0.2322_-0.9652_-0.0361end-2.55_-1.58_9.64_26.63_-2.01_8.28_-4.00_27.06_-30.50_0.1138_-0.2310_-0.9655_-0.0395end-2.57_-1.58_9.67_26.52_-4.48_6.83_-4.00_27.06_-30.50_0.1133_-0.2307_-0.9656_-0.0406end-2.51_-1.53_9.73_26.52_-4.48_6.83_-3.25_27.81_-30.50_0.1133_-0.2307_-0.9656_-0.0406end-2.50_-1.49_9.75_26.52_-4.48_6.83_-3.62_27.06_-31.37_0.1133_-0.2307_-0.9656_-0.0406end-2.50_-1.54_9.76_26.52_-4.48_6.83_-3.62_27.06_-31.37_0.1114_-0.2296_-0.9659_-0.0448end-2.39_-1.47_9.90_26.52_-4.48_6.83_-2.87_27.06_-32.25_0.1108_-0.2294_-0.9659_-0.0458end-2.39_-1.39_9.90_26.52_-4.48_6.83_-4.00_26.44_-31.81_0.1103_-0.2292_-0.9659_-0.0467end,0.0,0.0,0.0
775,,0.0,0.0,0.0
776,,0.0,0.0,0.0
777,,0.0,0.0,0.0
778,-2.36_-1.37_9.92_21.26_-8.84_2.91_-4.00_26.44_-31.81_0.1103_-0.2292_-0.9659_-0.0467end-2.36_-1.37_9.92_21.26_-8.84_2.91_-4.00_26.44_-31.81_0.1084_-0.2288_-0.9662_-0.0491end-2.24_-1.30_10.10_21.26_-8.84_2.91_-4.00_26.44_-31.81_0.1077_-0.2287_-0.9662_-0.0497end-2.25_-1.29_10.14_17.57_-15.89_1.79_-4.00_26.44_-31.81_0.1077_-0.2287_-0.9662_-0.0497end-2.37_-1.23_10.32_17.57_-15.89_1.79_-4.00_26.44_-31.81_0.1050_-0.2283_-0.9666_-0.0515end-2.41_-1.19_10.38_17.57_-15.89_1.79_-3.62_26.06_-32.69_0.1041_-0.2283_-0.9666_-0.0519end-2.39_-1.16_10.39_14.21_-21.49_2.35_-3.62_26.06_-32.69_0.1041_-0.2283_-0.9666_-0.0519end-2.37_-0.99_10.50_13.09_-21.93_2.35_-3.62_26.81_-31.44_0.1041_-0.2283_-0.9666_-0.0519end-2.36_-0.98_10.55_12.31_-21.37_2.13_-4.00_26.12_-31.44_0.1041_-0.2283_-0.9666_-0.0519end-2.35_-0.96_10.56_10.85_-20.93_2.80_-4.00_26.12_-31.44_0.0989_-0.2276_-0.9672_-0.0536end,0.0,0.0,0.0
779,-2.33_-0.98_10.56_10.85_-20.93_2.80_-4.00_26.12_-31.44_0.0980_-0.2274_-0.9673_-0.0539end-2.32_-0.98_10.58_10.85_-20.93_2.80_-4.00_26.12_-31.44_0.0980_-0.2274_-0.9673_-0.0539end-2.27_-0.98_10.56_10.85_-20.93_2.80_-4.00_26.12_-31.44_0.0980_-0.2274_-0.9673_-0.0539end-2.28_-0.91_10.66_10.85_-20.93_2.80_-4.00_26.12_-31.44_0.0980_-0.2274_-0.9673_-0.0539end-2.28_-0.91_10.66_10.85_-20.93_2.80_-3.25_24.69_-30.56_0.0944_-0.2266_-0.9679_-0.0541end-2.25_-0.64_10.88_10.85_-20.93_2.80_-3.25_24.69_-30.56_0.0937_-0.2264_-0.9680_-0.0540end-2.24_-0.54_10.91_-2.35_-13.65_-0.11_-3.25_24.69_-30.56_0.0937_-0.2264_-0.9680_-0.0540end-2.18_-0.31_11.05_-4.14_-13.76_-0.78_-3.25_24.69_-30.56_0.0937_-0.2264_-0.9680_-0.0540end-2.18_-0.31_11.05_-5.37_-13.54_-1.12_-3.62_26.44_-31.81_0.0937_-0.2264_-0.9680_-0.0540end-2.15_-0.09_11.29_-5.37_-13.54_-1.12_-3.62_26.44_-31.81_0.0911_-0.2258_-0.9685_-0.0524end,0.0,0.0,0.0
780,,0.0,0.0,0.0
781,,0.0,0.0,0.0
782,-2.11_0.02_11.46_-5.37_-13.54_-1.12_-3.62_26.44_-31.81_0.0906_-0.2258_-0.9686_-0.0519end-2.11_0.02_11.46_-8.62_-15.44_-1.79_-4.00_27.06_-31.37_0.0906_-0.2258_-0.9686_-0.0519end-2.11_0.02_11.46_-6.71_-16.23_-1.57_-4.00_27.06_-31.37_0.0889_-0.2256_-0.9689_-0.0504end-2.12_0.30_11.90_-6.71_-16.23_-1.57_-4.00_27.06_-31.37_0.0883_-0.2,0.0,0.0,0.0
783,255_-0.9689_-0.0500end-2.20_0.51_12.27_-6.71_-16.23_-1.57_-4.00_27.06_-31.37_0.0883_-0.2255_-0.9689_-0.0500end-2.24_0.52_12.41_-6.71_-16.23_-1.57_-4.37_26.81_-30.94_0.0862_-0.2253_-0.9692_-0.0494end-2.25_0.43_12.47_5.60_-15.67_-0.22_-4.37_26.81_-30.94_0.0862_-0.2253_-0.9692_-0.0494end-2.25_0.43_12.47_5.60_-15.67_-0.22_-4.37_26.81_-30.94_0.0848_-0.2252_-0.9694_-0.0495end-2.34_-0.05_12.27_5.60_-15.67_-0.22_-4.37_26.81_-30.94_0.0841_-0.2251_-0.9694_-0.0497end-2.29_-0.19_12.18_10.85_-16.00_1.79_-4.37_26.81_-30.94_0.0841_-0.2251_-0.9694_-0.0497end,0.0,0.0,0.0
784,,0.0,0.0,0.0
785,,0.0,0.0,0.0
786,-2.29_-0.19_12.18_10.85_-16.00_1.79_-4.75_27.06_-31.81_0.0818_-0.2249_-0.9697_-0.0507end-1.95_-0.43_11.73_10.85_-16.00_1.79_-4.75_27.06_-31.81_0.0812_-0.2247_-0.9697_-0.0509end-1.86_-0.44_11.64_4.48_-10.18_-0.34_-4.75_27.06_-31.81_0.0812_-0.2247_-0.9697_-0.0509end-1.75_-0.34_11.54_4.48_-10.18_-0.34_-5.06_26.81_-31.44_0.0800_-0.2245_-0.9698_-0.0509end-1.73_-0.16_11.41_4.48_-10.18_-0.34_-5.06_26.81_-31.44_0.0798_-0.2247_-0.9698_-0.0507end-1.70_-0.02_11.41_-13.09_-2.24_-7.95_-5.06_26.81_-31.44_0.0798_-0.2247_-0.9698_-0.0507end-1.69_0.08_11.39_-13.09_-2.24_-7.95_-5.06_26.81_-31.44_0.0800_-0.2250_-0.9698_-0.0494end-1.55_0.26_11.34_-13.09_-2.24_-7.95_-5.06_2,0.0,0.0,0.0
787,6.81_-31.44_0.0800_-0.2255_-0.9698_-0.0472end-1.44_0.37_11.16_-13.09_-2.24_-7.95_-5.06_25.75_-32.25_0.0798_-0.2258_-0.9698_-0.0457end-1.37_0.37_10.92_-13.09_-2.24_-7.95_-5.06_25.75_-32.25_0.0796_-0.2261_-0.9698_-0.0438end,0.0,0.0,0.0
788,,0.0,0.0,0.0
789,-1.34_0.37_10.79_-46.44_-25.40_-12.87_-5.06_25.75_-32.25_0.0796_-0.2261_-0.9698_-0.0438end-1.34_0.37_10.79_-46.44_-25.40_-12.87_-5.06_25.75_-32.25_0.0775_-0.2269_-0.9702_-0.0366end-1.25_0.40_10.50_-59.20_-40.62_-10.97_-5.06_25.75_-32.25_0.0765_-0.2271_-0.9703_-0.0338end-1.11_0.39_10.07_-59.20_-40.62_-10.97_-5.06_25.75_-32.25_0.0765_-0.2271_-0.9703_-0.0338end-1.04_0.37_9.86_-63.90_-45.43_-8.95_-5.06_25.75_-32.25_0.0765_-0.2271_-0.9703_-0.0338end-0.98_0.36_9.67_-65.80_-46.33_-7.83_-4.75_28.50_-30.06_0.0765_-0.2271_-0.9703_-0.0338end-0.95_0.29_9.50_-66.70_-45.88_-6.49_-4.75_28.50_-30.06_0.0703_-0.2274_-0.9711_-0.0178end-0.87_0.24_9.31_-66.70_-45.88_-6.49_-4.75_28.50_-30.06_0.0690_-0.2273_-0.9713_-0.0146end-0.84_0.21_9.20_-66.70_-45.88_-6.49_-5.44_28.50_-30.06_0.0690_-0.2273_-0.9713_-0.0146end-0.84_0.21_9.20_-66.47_-41.52_-1.57_-5.44_28.50_-30.06_0.0668_-0.2270_-0.9716_-0.0081end,0.0,0.0,0.0
790,-0.79_0.12_8.99_-66.47_-41.52_-1.57_-5.44_28.50_-30.06_0.0659_-0.2266_-0.9717_-0.0050end-0.79_0.12_8.99_-62.00_-31.00_2.91_-6.94_28.19_-28.38_0.0652_-0.2264_-0.9719_-0.0021end-0.79_0.12_8.99_-62.00_-31.00_2.91_-6.94_28.19_-28.38_0.0652_-0.2264_-0.9719_-0.0021end-0.77_0.09_8.73_-58.08_-23.95_5.82_-8.00_30.25_-27.94_0.0652_-0.2264_-0.9719_-0.0021end-0.71_0.24_8.79_-52.71_-18.58_9.29_-6.94_29.94_-28.75_0.0652_-0.2264_-0.9719_-0.0021end-0.71_0.24_8.79_-52.71_-18.58_9.29_-7.25_29.94_-27.06_0.0630_-0.2238_-0.9725_0.0110end-0.71_0.24_8.79_-52.71_-18.58_9.29_-7.25_29.94_-27.06_0.0627_-0.2222_-0.9728_0.0151end-0.75_0.48_8.91_-52.71_-18.58_9.29_-7.25_29.94_-27.06_0.0627_-0.2213_-0.9730_0.0171end-0.77_0.95_9.05_-52.71_-18.58_9.29_-6.94_30.62_-27.06_0.0627_-0.2213_-0.9730_0.0171end-0.79_1.10_9.14_-52.71_-18.58_9.29_-6.56_30.62_-27.06_0.0627_-0.2213_-0.9730_0.0171end,0.0,0.0,0.0
791,,0.0,0.0,0.0
792,-0.79_1.29_9.23_-35.25_-8.73_20.25_-6.56_30.62_-27.06_0.0626_-0.2172_-0.9739_0.0236end-0.82_1.87_9.61_-35.25_-8.73_20.25_-6.19_30.62_-26.62_0.0625_-0.2159_-0.9741_0.0250end-0.82_1.99_9.67_-35.25_-8.73_20.25_-6.56_30.31_-26.62_0.0624_-0.2147_-0.9743_0.0263end-0.88_2.09_9.76_-29.43_-8.39_26.86_-6.56_30.31_-26.62_0.0624_-0.2147_-0.9743_0.0263end-0.92_2.29_9.89_-28.09_-8.62_28.76_-6.19_30.62_-26.19_0.0624_-0.2147_-0.9743_0.0263end-0.90_2.37_9.98_-26.52_-8.84_30.66_-5.87_30.62_-25.75_0.0624_-0.2147_-0.9743_0.0263end-0.90_2.37_9.98_-26.52_-8.84_30.66_-5.87_30.62_-25.75_0.0621_-0.2070_-0.9758_0.0321end-0.87_2.50_10.02_-26.52_-8.84_30.66_-5.87_30.62_-25.75_0.0,0.0,0.0,0.0
793,620_-0.2053_-0.9762_0.0331end-0.80_2.64_9.99_-26.52_-8.84_30.66_-5.87_30.62_-25.75_0.0620_-0.2053_-0.9762_0.0331end-0.79_2.64_10.01_-26.52_-8.84_30.66_-5.50_32.06_-25.75_0.0627_-0.2000_-0.9771_0.0354end,0.0,0.0,0.0
794,,0.0,0.0,0.0
795,-0.77_2.66_9.98_-26.52_-8.84_30.66_-6.56_32.31_-26.12_0.0635_-0.1983_-0.9774_0.0360end-0.82_2.66_10.02_-26.52_-8.84_30.66_-6.56_32.31_-26.12_0.0645_-0.1965_-0.9777_0.0364end-0.91_2.66_10.10_-26.52_-8.84_30.66_-5.12_31.69_-25.75_0.0645_-0.1965_-0.9777_0.0364end-0.99_2.64_10.03_-13.65_31.78_36.59_-5.12_31.69_-25.75_0.0645_-0.1965_-0.9777_0.0364end-1.02_2.67_10.01_-11.75_40.06_35.59_-4.75_31.69_-24.44_0.0645_-0.1965_-0.9777_0.0364end-1.02_2.67_10.01_-11.75_40.06_35.59_-4.75_31.69_-24.44_0.0724_-0.1882_-0.9788_0.0374end-0.99_2.62_9.82_-11.75_40.06_35.59_-4.75_31.69_-24.44_0.0724_-0.1882_-0.9788_0.0374end-1.00_2.53_9.61_-10.07_44.99_31.33_-4.75_31.69_-24.44,0.0,0.0,0.0
796,_0.0765_-0.1852_-0.9790_0.0374end-1.00_2.53_9.61_-9.51_44.09_29.66_-4.75_32.69_-26.62_0.0785_-0.1837_-0.9791_0.0373end-1.00_2.53_9.61_-9.51_44.09_29.66_-4.75_32.69_-26.62_0.0825_-0.1810_-0.9793_0.0372end,0.0,0.0,0.0
797,,0.0,0.0,0.0
798,,0.0,0.0,0.0
799,-0.98_2.37_9.29_-9.51_44.09_29.66_-4.37_31.31_-25.31_0.0844_-0.1797_-0.9794_0.0372end-1.00_2.16_8.76_-9.51_44.09_29.66_-4.37_31.31_-25.31_0.0844_-0.1797_-0.9794_0.0372end-0.99_2.07_8.61_-7.83_29.54_24.28_-4.37_31.31_-25.31_0.0844_-0.1797_-0.9794_0.0372end-0.99_2.07_8.61_-7.83_29.54_24.28_-4.37_31.31_-25.31_0.0887_-0.1761_-0.9797_0.0372end-0.99_2.07_8.61_-6.38_17.68_21.04_-4.37_31.31_-25.31_0.0903_-0.1741_-0.9799_0.0374end-0.88_1.79_7.99_-6.38_17.68_21.04_-3.31_31.31_-24.87_0.0903_-0.1741_-0.9799_0.0374end-0.95_1.58_7.83_-1.79_-3.69_17.46_-3.31_31.31_-24.87_0.0908_-0.1722_-0.9802_0.0375end-0.95_1.58_7.83_-1.79_-3.69_17.46_-3.31_31.31_-24.87_0.0908_-0.1722_-0.9802_0.0375end-0.95_1.58_7.83_3.02_-16.79_15.22_-3.31_31.31_-24.87_0.0899_-0.1706_-0.9805_0.0374end-0.95_1.58_7.83_8.62_-28.76_14.32_-3.31_31.31_-24.87_0.0891_-0.1698_-0.9807_0.0374end,0.0,0.0,0.0
800,-0.95_1.58_7.83_8.62_-28.76_14.32_-3.31_31.31_-24.87_0.0865_-0.1684_-0.9812_0.0369end-0.98_1.71_7.19_8.62_-28.76_14.32_-3.69_32.69_-25.31_0.0850_-0.1677_-0.9815_0.0366end-1.00_1.68_7.22_18.46_-41.63_12.31_-3.69_32.69_-25.31_0.0850_-0.1677_-0.9815_0.0366end-0.99_1.69_7.22_21.49_-42.08_12.31_-2.94_32.31_-24.81_0.0850_-0.1677_-0.9815_0.0366end-0.97_1.67_7.27_27.42_-39.39_12.09_-2.94_32.31_-24.81_0.0850_-0.1677_-0.9815_0.0366end-0.94_1.61_7.25_27.42_-39.39_12.09_-2.94_32.31_-24.81_0.0756_-0.1645_-0.9829_0.0336end-0.94_1.61_7.25_27.42_-39.39_12.09_-2.94_32.31_-24.81_0.0720_-0.1633_-0.9835_0.0314end-0.88_1.63_7.34_27.42_-39.39_12.09_-2.94_32.31_-24.81_0.0720_-0.1633_-0.9835_0.0314end-0.84_1.63_7.34_38.72_-28.65_12.42_-2.94_32.31_-24.81_0.0720_-0.1633_-0.9835_0.0314end-0.84_1.63_7.34_38.72_-28.65_12.42_-2.94_32.31_-24.81_0.0661_-0.1609_-0.9844_0.0254end,0.0,0.0,0.0
801,,0.0,0.0,0.0
802,-0.87_1.58_7.57_38.72_-28.65_12.42_-2.94_32.31_-24.81_0.0661_-0.1609_-0.9844_0.0254end-0.87_1.54_7.77_50.02_-15.11_14.10_-2.94_32.31_-24.81_0.0661_-0.1609_-0.9844_0.0254end-0.91_1.52_7.87_52.82_-11.53_14.66_-2.94_32.31_-24.81_0.0661_-0.1609_-0.9844_0.0254end-0.93_1.48_7.98_52.82_-11.53_14.66_-3.31_31.31_-25.31_0.0661_-0.1609_-0.9844_0.0254end-0.93_1.48_7.98_62.33_-1.34_16.23_-3.62_31.31_-26.62_0.0615_-0.1577_-0.9855_0.0146end-0.93_1.50_8.16_62.33_-1.34_16.23_-3.62_31.31_-26.62_0.0605_-0.1564_-0.9858_0.0091end-0.94_1.54_8.36_62.33_-1.34_16.23_-3.62_31.31_-26.62_0.0601_-0.1557_-0.9860_0.0062end-0.97_1.54_8.55_62.33_-1.34_16.23_-3.62_31.31_-26.62_0.0601_-,0.0,0.0,0.0
803,0.1557_-0.9860_0.0062end-1.01_1.52_8.79_62.33_-1.34_16.23_-3.62_31.31_-26.62_0.0597_-0.1542_-0.9862_-0.0001end-1.01_1.52_8.79_77.77_10.52_17.46_-3.62_29.87_-29.63_0.0594_-0.1528_-0.9865_-0.0067end,0.0,0.0,0.0
804,,0.0,0.0,0.0
805,-0.98_1.57_9.00_77.77_10.52_17.46_-3.62_29.87_-29.63_0.0594_-0.1528_-0.9865_-0.0067end-0.98_1.56_9.06_80.80_11.19_16.67_-3.62_29.87_-29.63_0.0594_-0.1528_-0.9865_-0.0067end-0.98_1.56_9.06_80.80_11.19_16.67_-2.87_29.56_-28.75_0.0591_-0.1505_-0.9866_-0.0212end-1.04_1.60_9.43_80.80_11.19_16.67_-2.87_29.56_-28.75_0.0590_-0.1500_-0.9866_-0.0249end-1.05_1.61_9.56_86.28_8.50_12.98_-2.87_29.56_-28.75_0.0590_-0.1500_-0.9866_-0.0249end-1.06_1.62_9.66_86.95_7.72_11.53_-2.87_28.81_-29.69_0.0590_-0.1500_-0.9866_-0.0249end-1.11_1.64_9.78_87.29_6.38_10.07_-2.87_28.81_-29.69_0.0580_-0.1483_-0.9864_-0.0402end-1.11_1.65_9.84_87.29_6.38_10.07_-2.87_28.81_-29.69_0.0575_-0,0.0,0.0,0.0
806,.1481_-0.9863_-0.0440end-1.21_1.73_9.91_87.29_6.38_10.07_-2.87_28.81_-29.69_0.0575_-0.1481_-0.9863_-0.0440end-1.21_1.73_9.91_89.30_0.78_6.38_-2.87_28.81_-29.69_0.0564_-0.1478_-0.9860_-0.0518end,0.0,0.0,0.0
807,-1.21_1.75_9.94_89.30_0.78_6.38_-2.87_28.81_-29.69_0.0558_-0.1476_-0.9859_-0.0556end-1.19_1.77_9.91_89.30_0.78_6.38_-2.12_27.44_-30.50_0.0558_-0.1476_-0.9859_-0.0556end-1.19_1.77_9.91_87.51_-5.48_1.12_-2.12_27.44_-30.50_0.0535_-0.1481_-0.9853_-0.0668end-1.25_1.58_10.05_87.51_-5.48_1.12_-2.12_27.44_-30.50_0.0535_-0.1481_-0.9853_-0.0668end-1.26_1.52_10.11_87.51_-5.48_1.12_-2.12_27.44_-30.50_0.0517_-0.1485_-0.9847_-0.0743end-1.29_1.54_10.16_86.28_-7.95_-4.70_-2.12_27.44_-30.50_0.0517_-0.1485_-0.9847_-0.0743end-1.29_1.54_10.16_86.28_-7.95_-4.70_-2.12_27.44_-30.50_0.0491_-0.1492_-0.9839_-0.0851end-1.37_1.54_10.15_86.28_-7.95_-4.70_-3.25_25.37_-31.81_0.0482_,0.0,0.0,0.0
808,-0.1495_-0.9836_-0.0889end-1.33_1.50_10.11_86.28_-7.95_-4.70_-3.25_25.37_-31.81_0.0474_-0.1499_-0.9832_-0.0925end-1.29_1.44_10.12_83.48_-7.16_-9.96_-3.25_25.37_-31.81_0.0474_-0.1499_-0.9832_-0.0925end,0.0,0.0,0.0
809,-1.29_1.44_10.12_83.48_-7.16_-9.96_-2.50_24.31_-33.56_0.0457_-0.1507_-0.9825_-0.0996end-1.24_1.29_10.03_83.48_-7.16_-9.96_-2.50_24.31_-33.56_0.0442_-0.1517_-0.9817_-0.1066end-1.24_1.27_10.05_82.92_-5.26_-11.97_-2.50_24.31_-33.56_0.0442_-0.1517_-0.9817_-0.1066end-1.24_1.27_10.07_82.25_-5.04_-13.20_-2.50_24.31_-33.56_0.0442_-0.1517_-0.9817_-0.1066end-1.24_1.27_10.07_82.25_-5.04_-13.20_-2.50_24.31_-33.56_0.0415_-0.1539_-0.9798_-0.1206end-1.29_1.19_10.07_82.25_-5.04_-13.20_-2.50_24.31_-33.56_0.0408_-0.1546_-0.9793_-0.1242end-1.27_1.20_10.07_82.92_-3.25_-15.33_-2.50_24.31_-33.56_0.0408_-0.1546_-0.9793_-0.1242end-1.29_1.23_10.16_82.92_-3.25_-15.33_-1.44_22.5,0.0,0.0,0.0
810,6_-34.88_0.0397_-0.1558_-0.9782_-0.1312end-1.29_1.23_10.16_82.81_-3.02_-16.00_-1.44_22.56_-34.88_0.0385_-0.1573_-0.9771_-0.1382end-1.26_1.19_10.26_82.81_-3.02_-16.00_-1.44_22.56_-34.88_0.0378_-0.1580_-0.9765_-0.1417end,0.0,0.0,0.0
811,,0.0,0.0,0.0
812,-1.33_1.26_10.35_82.81_-3.02_-16.00_-3.56_20.88_-35.38_0.0378_-0.1580_-0.9765_-0.1417end-1.33_1.26_10.35_82.81_-2.24_-16.67_-3.56_20.88_-35.38_0.0373_-0.1589_-0.9759_-0.1451end-1.33_1.26_10.35_82.59_-1.68_-17.68_-3.56_19.81_-35.38_0.0373_-0.1589_-0.9759_-0.1451end-1.33_1.26_10.35_82.59_-1.68_-17.68_-3.56_19.81_-35.38_0.0352_-0.1,0.0,0.0,0.0
813,620_-0.9732_-0.1591end-1.35_1.37_11.24_82.59_-1.68_-17.68_-3.56_19.81_-35.38_0.0352_-0.1620_-0.9732_-0.1591end-1.38_1.41_11.33_81.24_-1.34_-19.70_-3.56_19.81_-35.38_0.0352_-0.1620_-0.9732_-0.1591end-1.38_1.41_11.33_81.24_-1.34_-19.70_-3.56_19.81_-35.38_0.0333_-0.1651_-0.9705_-0.1728end-1.38_1.41_11.75_81.24_-1.34_-19.70_-3.56_19.81_-35.38_0.0333_-0.1651_-0.9705_-0.1728end-1.34_1.40_11.88_73.86_-2.24_-21.71_-4.31_18.44_-37.13_0.0333_-0.1651_-0.9705_-0.1728end-1.27_1.43_12.07_70.72_-2.35_-22.60_-4.31_18.44_-37.13_0.0333_-0.1651_-0.9705_-0.1728end,0.0,0.0,0.0
814,-1.27_1.43_12.07_70.72_-2.35_-22.60_-4.31_18.44_-37.13_0.0312_-0.1694_-0.9670_-0.1879end-1.22_1.58_12.35_60.65_-2.35_-25.07_-4.31_18.44_-37.13_0.0309_-0.1704_-0.9663_-0.1906end-1.20_1.70_12.57_60.65_-2.35_-25.07_-4.31_18.44_-37.13_0.0306_-0.1714_-0.9656_-0.1930end-1.04_2.23_13.24_60.65_-2.35_-25.07_-4.31_18.44_-37.13_0.0303_-0.1725_-0.9650_-0.1953end-0.96_2.46_13.48_54.27_-2.24_-27.64_-4.31_18.44_-37.13_0.0303_-0.1725_-0.9650_-0.1953end-0.95_2.73_14.11_54.27_-2.24_-27.64_-4.31_18.44_-37.13_0.0295_-0.1758_-0.9630_-0.2021end-0.98_2.87_14.42_54.27_-2.24_-27.64_-4.31_16.69_-36.75_0.0291_-0.1771_-0.9623_-0.2044end-1.07_3.01_14.84_54.27_-2.24_-27.64_-4.31_16,0.0,0.0,0.0
815,.69_-36.75_0.0286_-0.1783_-0.9615_-0.2068end-1.13_3.00_14.87_62.11_-10.52_-31.22_-4.31_16.69_-36.75_0.0286_-0.1783_-0.9615_-0.2068end-1.13_3.00_14.87_62.11_-10.52_-31.22_-4.62_16.06_-36.75_0.0268_-0.1823_-0.9592_-0.2144end,0.0,0.0,0.0
816,,0.0,0.0,0.0
817,-1.16_2.71_14.86_62.11_-10.52_-31.22_-4.62_16.06_-36.75_0.0262_-0.1837_-0.9584_-0.2171end-1.16_2.71_14.86_63.11_-6.49_-36.37_-4.25_15.69_-37.19_0.0262_-0.1837_-0.9584_-0.2171end-1.09_2.14_14.19_63.11_-6.49_-36.37_-4.25_15.69_-37.19_0.0262_-0.1837_-0.9584_-0.2171end-1.09_2.14_14.19_58.86_-1.57_-38.38_-4.25_15.69_-37.19_0.0255_-0.1884_-0.9557_-0.2245end-1.09_2.14_14.19_58.86_-1.57_-38.38_-4.62_15.69_-37.63_0.0258_-0.1901_-0.9549_-0.2267end-1.09_2.14_14.19_39.50_16.67_-48.01_-4.62_15.69_-37.63_0.0266_-0.1917_-0.9541_-0.2286end-1.33_2.67_13.49_30.55_19.02_-50.36_-4.62_15.69_-37.63_0.0286_-0.1954_-0.9526_-0.2313end-1.39_2.70_13.38_30.55_19.02_-50.36_-5.37_1,0.0,0.0,0.0
818,3.62_-38.50_0.0297_-0.1975_-0.9520_-0.2320end-1.52_2.77_13.15_-0.45_5.71_-53.27_-5.37_13.62_-38.50_0.0312_-0.2014_-0.9511_-0.2320end-1.52_2.78_12.87_-0.45_5.71_-53.27_-5.37_13.62_-38.50_0.0314_-0.2035_-0.9509_-0.2312end,0.0,0.0,0.0
819,-1.57_2.60_12.41_-30.77_-32.23_-50.36_-5.37_13.62_-38.50_0.0314_-0.2035_-0.9509_-0.2312end-1.61_2.20_11.79_-30.77_-32.23_-50.36_-5.37_13.62_-38.50_0.0303_-0.2079_-0.9507_-0.2280end-1.61_2.15_11.48_-48.12_-56.06_-46.22_-5.37_13.62_-38.50_0.0303_-0.2079_-0.9507_-0.2280end-1.58_2.13_11.21_-55.84_-63.23_-44.54_-5.37_13.62_-38.50_0.0259_-0.2144_-0.9513_-0.2199end-1.48_2.00_10.61_-55.84_-63.23_-44.54_-5.37_13.62_-38.50_0.0242_-0.2166_-0.9517_-0.2164end-1.39_1.86_10.09_-55.84_-63.23_-44.54_-5.75_14.69_-36.75_0.0242_-0.2166_-0.9517_-0.2164end-1.37_1.83_9.86_-79.68_-63.56_-37.60_-5.75_14.69_-36.75_0.0242_-0.2166_-0.9517_-0.2164end-1.37_1.83_9.86_-79.68_-63.56_-37.60_-7.12_15.69_-37.19_0.0194_-0.2225_-0.9529_-0.2050end-1.25_1.71_9.35_-87.40_-53.38_-34.13_-7.12_15.69_-37.19_0.0174_-0.2257_-0.9540_-0.1968end-1.17_1.63_9.22_-91.87_-41.52_-30.10_-7.12_15.69_-37.19_0.0167_-0.2271_-0.9545_-0.1926end,0.0,0.0,0.0
820,,0.0,0.0,0.0
821,,0.0,0.0,0.0
822,-1.03_1.57_8.90_-91.87_-41.52_-30.10_-7.12_15.69_-37.19_0.0167_-0.2271_-0.9545_-0.1926end-0.98_1.56_8.86_-91.87_-41.52_-30.10_-7.19_16.44_-36.25_0.0167_-0.2271_-0.9545_-0.1926end-0.98_1.56_8.86_-91.87_-41.52_-30.10_-7.19_16.44_-36.25_0.0163_-0.2317_-0.9567_-0.1757end-0.91_1.61_8.86_-91.87_-41.52_-30.10_-7.19_16.44_-36.25_0.0167_-0.2325_-0.9572_-0.1718end-0.92_1.71_8.93_-91.87_-41.52_-30.10_-8.25_16.75_-35.88_0.0167_-0.2325_-0.9572_-0.1718end-0.94_1.77_8.98_-85.16_-8.50_-13.54_-8.25_16.75_-35.88_0.0177_-0.2336_-0.9582_-0.1641end-0.94_1.77_8.98_-81.92_-6.83_-10.85_-8.25_16.75_-35.88_0.0190_-0.2344_-0.9592_-0.1568end-1.03_2.12_9.26_-81.92_-6.83_-10.85_-8.25_16.75_-35.88_0.0197_-0.2346_-0.9597_-0.1534end-1.05_2.23_9.31_-81.92_-6.83_-10.85_-8.25_19.19_-35.44_0.0197_-0.2346_-0.9597_-0.1534end-1.05_2.23_9.31_-74.86_-3.58_-6.71_-8.25_19.19_-35.44_0.0210_-0.2349_-0.9606_-0.1470end,0.0,0.0,0.0
823,,0.0,0.0,0.0
824,,0.0,0.0,0.0
825,-1.05_2.23_9.31_-74.86_-3.58_-6.71_-8.25_19.19_-35.44_0.0217_-0.2348_-0.9611_-0.1442end-1.05_2.23_9.31_-63.00_1.79_-0.67_-8.63_19.56_-33.19_0.0217_-0.2348_-0.9611_-0.1442end-1.05_2.23_9.31_-55.95_5.71_2.57_-8.63_19.56_-33.19_0.0239_-0.2344_-0.9622_-0.1366end-1.18_3.55_10.02_-55.95_5.71_2.57_-8.63_19.56_-33.19_0.0239_-0.2344_-0.9622_-0.1366end-1.18_3.55_10.02_-48.23_11.64_5.15_-8.63_19.56_-33.19_0.0247_-0.2339_-0.9626_-0.1344end-1.27_3.85_10.27_-48.23_11.64_5.15_-7.56_20.25_-33.19_0.0247_-0.2339_-0.9626_-0.1344end-1.29_3.88_10.38_-48.23_11.64_5.15_-7.56_20.25_-33.19_0.0286_-0.2319_-0.9641_-0.1267end-1.46_4.16_10.58_-48.23_11.64_5.15_-7.56_20.25_-33.19_0,0.0,0.0,0.0
826,.0296_-0.2313_-0.9644_-0.1250end-1.50_4.17_10.61_-44.09_14.55_7.95_-7.56_20.25_-33.19_0.0296_-0.2313_-0.9644_-0.1250end-1.52_4.18_10.64_-44.09_14.55_7.95_-7.56_20.25_-33.19_0.0326_-0.2293_-0.9654_-0.1199end,0.0,0.0,0.0
827,,0.0,0.0,0.0
828,-1.54_4.25_10.65_-44.09_14.55_7.95_-7.56_22.25_-33.19_0.0334_-0.2286_-0.9658_-0.1181end-1.58_4.19_10.61_-44.09_14.55_7.95_-7.56_22.25_-33.19_0.0334_-0.2286_-0.9658_-0.1181end-1.60_4.11_10.55_-50.47_5.15_12.76_-7.56_22.25_-33.19_0.0334_-0.2286_-0.9658_-0.1181end-1.60_4.11_10.55_-55.17_0.11_14.77_-6.50_22.62_-31.87_0.0356_-0.2262_-0.9670_-0.1121end-1.60_4.11_10.55_-55.17_0.11_14.77_-6.50_22.62_-31.87_0.0366_-0.2244_-0.9678_-0.1075end-1.59_3.91_10.11_-55.17_0.11_14.77_-6.50_22.62_-31.87_0.0370_-0.2235_-0.9683_-0.1050end-1.61_3.88_9.90_-55.17_0.11_14.77_-6.50_22.62_-31.87_0.0370_-0.2235_-0.9683_-0.1050end-1.66_3.69_9.45_-55.17_0.11_14.77_-6.50_22.62_-31.87,0.0,0.0,0.0
829,_0.0370_-0.2235_-0.9683_-0.1050end-1.66_3.69_9.45_-69.72_8.17_20.25_-6.50_22.62_-31.87_0.0388_-0.2204_-0.9698_-0.0969end-1.68_3.55_9.09_-69.72_8.17_20.25_-6.50_22.62_-31.87_0.0406_-0.2181_-0.9708_-0.0913end,0.0,0.0,0.0
830,-1.64_3.42_8.79_-69.72_8.17_20.25_-6.50_22.62_-31.87_0.0418_-0.2168_-0.9713_-0.0883end-1.66_3.32_8.55_-69.72_8.17_20.25_-6.50_22.62_-31.87_0.0418_-0.2168_-0.9713_-0.0883end-1.60_3.14_8.18_-74.42_20.93_22.94_-6.50_22.62_-31.87_0.0461_-0.2129_-0.9727_-0.0797end-1.52_2.99_8.02_-74.86_23.95_25.40_-6.50_22.62_-31.87_0.0461_-0.2129_-0.9727_-0.0797end-1.46_2.74_7.65_-74.86_23.95_25.40_-6.50_22.62_-31.87_0.0494_-0.2099_-0.9737_-0.0739end-1.46_2.74_7.65_-74.42_28.54_25.63_-7.19_24.75_-30.12_0.0511_-0.2084_-0.9741_-0.0710end-1.44_2.64_7.42_-73.41_31.89_25.74_-7.19_24.75_-30.12_0.0511_-0.2084_-0.9741_-0.0710end-1.44_2.64_7.42_-73.41_31.89_25.74_-5.44_25.44_-30.12_0.0530_-0.2069_-0.9745_-0.0682end-1.44_2.64_7.42_-70.84_35.92_25.51_-5.44_25.44_-30.12_0.0571_-0.2040_-0.9753_-0.0629end-1.54_2.51_7.17_-70.84_35.92_25.51_-5.44_25.44_-30.12_0.0591_-0.2025_-0.9756_-0.0603end,0.0,0.0,0.0
831,,0.0,0.0,0.0
832,-1.54_2.51_7.17_-64.01_36.37_27.64_-5.44_25.44_-30.12_0.0591_-0.2025_-0.9756_-0.0603end-1.65_2.41_7.05_-64.01_36.37_27.64_-5.44_25.44_-30.12_0.0633_-0.1997_-0.9763_-0.0554end-1.65_2.41_7.05_-64.01_36.37_27.64_-5.44_25.44_-30.12_0.0692_-0.1950_-0.9771_-0.0490end-1.67_2.37_6.89_-64.01_36.37_27.64_-5.44_25.44_-30.12_0.0710_-0.1934_-0.9774_-0.0471end-1.70_2.32_6.75_-64.01_36.37_27.64_-5.44_25.44_-30.12_0.0710_-0.1934_-0.9774_-0.0471end-1.70_2.34_6.71_-64.01_36.37_27.64_-4.75_27.13_-28.81_0.0710_-0.1934_-0.9774_-0.0471end-1.73_2.26_6.63_-64.01_36.37_27.64_-4.75_27.13_-28.81_0.0778_-0.1869_-0.9785_-0.0408end-1.73_2.20_6.55_-33.57_31.11_29.99_-4.75_27.13_-28.,0.0,0.0,0.0
833,81_0.0778_-0.1869_-0.9785_-0.0408end-1.75_2.14_6.45_-33.57_31.11_29.99_-4.75_28.19_-28.81_0.0809_-0.1837_-0.9789_-0.0386end-1.75_2.14_6.45_-33.57_31.11_29.99_-4.75_28.19_-28.81_0.0838_-0.1805_-0.9793_-0.0371end,0.0,0.0,0.0
834,,0.0,0.0,0.0
835,-1.75_2.10_6.38_-33.57_31.11_29.99_-4.75_28.19_-28.81_0.0838_-0.1805_-0.9793_-0.0371end-1.80_2.00_6.42_-33.57_31.11_29.99_-4.75_28.19_-28.81_0.0867_-0.1776_-0.9796_-0.0363end-1.82_1.88_6.43_-9.18_31.33_29.54_-4.75_28.19_-28.81_0.0867_-0.1776_-0.9796_-0.0363end-1.82_1.88_6.43_-9.18_31.33_29.54_-4.75_28.19_-28.81_0.0908_-0.1732_-0.9800_-0.0364end-2.00_1.50_6.67_-9.18_31.33_29.54_-4.75_28.19_-28.81_0.0920_-0.1718_-0.9802_-0.0369end-2.04_1.44_6.74_8.73_31.33_28.87_-4.75_28.19_-28.81_0.0920_-0.1718_-0.9802_-0.0369end-2.10_1.38_6.87_8.73_31.33_28.87_-4.75_28.19_-28.81_0.0957_-0.1676_-0.9804_-0.0393end-2.23_1.35_7.12_8.73_31.33_28.87_-1.81_26.50_-28.00_0.0969,0.0,0.0,0.0
836,_-0.1662_-0.9805_-0.0405end-2.23_1.29_7.23_8.73_31.33_28.87_-1.81_26.50_-28.00_0.0969_-0.1662_-0.9805_-0.0405end-2.22_1.45_7.19_28.65_33.68_29.77_-1.81_26.50_-28.00_0.0969_-0.1662_-0.9805_-0.0405end,0.0,0.0,0.0
837,-2.22_1.45_7.19_31.45_32.68_30.44_-1.50_26.81_-29.31_0.0969_-0.1662_-0.9805_-0.0405end-2.25_1.44_7.16_31.45_32.68_30.44_-1.50_26.81_-29.31_0.1024_-0.1594_-0.9807_-0.0486end-2.29_1.30_7.17_36.71_20.59_32.56_-1.50_26.81_-29.31_0.1030_-0.1581_-0.9807_-0.0504end-2.02_1.32_7.17_37.82_17.12_33.24_-1.50_26.81_-29.31_0.1030_-0.1581_-0.9807_-0.0504end-2.10_1.45_7.77_40.17_5.60_35.03_-0.37_26.44_-28.00_0.1030_-0.1581_-0.9807_-0.0504end-2.36_1.38_7.93_40.17_5.60_35.03_-0.37_26.44_-28.00_0.1038_-0.1537_-0.9810_-0.0561end-2.75_1.12_7.95_40.17_5.60_35.03_-0.37_26.44_-28.00_0.1033_-0.1509_-0.9813_-0.0601end-3.03_1.03_8.03_40.17_5.60_35.03_0.00_27.44_-28.38_0.1031_-0.,0.0,0.0,0.0
838,1495_-0.9814_-0.0622end-3.03_1.03_8.03_47.11_7.16_36.71_0.00_27.44_-28.38_0.1030_-0.1480_-0.9815_-0.0643end-3.03_1.03_8.03_49.01_11.86_37.38_-0.37_26.12_-29.69_0.1029_-0.1467_-0.9816_-0.0666end,0.0,0.0,0.0
839,-3.03_1.03_8.03_51.25_22.38_39.06_-0.37_26.12_-29.69_0.1035_-0.1436_-0.9816_-0.0715end-3.02_1.07_8.70_51.25_22.38_39.06_-0.37_26.12_-29.69_0.1041_-0.1419_-0.9816_-0.0740end-3.02_1.07_8.70_53.71_31.00_39.61_-0.37_26.12_-29.69_0.1049_-0.1404_-0.9815_-0.0768end-2.66_1.28_9.20_53.71_31.00_39.61_-0.37_26.12_-29.69_0.1058_-0.1387_-0.9814_-0.0794end-2.66_1.28_9.20_54.61_33.91_38.50_-0.37_26.12_-29.69_0.1078_-0.1356_-0.9812_-0.0848end-2.86_1.26_9.68_54.61_33.91_38.50_1.12_25.37_-30.56_0.1078_-0.1356_-0.9812_-0.0848end-3.04_1.17_10.33_54.61_33.91_38.50_1.12_25.37_-30.56_0.1094_-0.1324_-0.9810_-0.0900end-3.11_1.14_10.44_48.34_21.93_36.26_1.12_25.37_-30.56_0.1105_-0.1293_-0.9809_-0.0947end-2.97_1.09_10.40_48.34_21.93_36.26_1.12_25.37_-30.56_0.1107_-0.1278_-0.9808_-0.0968end-3.29_1.31_10.88_48.34_21.93_36.26_1.12_25.37_-30.56_0.1107_-0.1278_-0.9808_-0.0968end,0.0,0.0,0.0
840,,0.0,0.0,0.0
841,-3.21_1.38_11.12_48.34_21.93_36.26_1.44_25.00_-30.94_0.1107_-0.1250_-0.9808_-0.1005end-3.19_1.42_11.34_27.64_0.90_27.42_1.44_25.00_-30.94_0.1107_-0.1250_-0.9808_-0.1005end-3.23_1.39_11.77_27.64_0.90_27.42_1.44_25.00_-30.94_0.1100_-0.1214_-0.9809_-0.1046end-3.28_1.35_11.88_27.64_0.90_27.42_1.44_25.00_-30.94_0.1098_-0.1204_-0.9810_-0.1058end-3.60_1.14_12.07_27.64_0.90_27.42_1.44_25.00_-30.94_0.1098_-0.1204_-0.9810_-0.1058end-4.09_1.17_12.32_27.64_0.90_27.42_1.44_25.00_-30.94_0.1094_-0.1185_-0.9810_-0.1076end-4.09_1.17_12.32_15.44_3.47_19.25_2.56_24.31_-30.56_0.1094_-0.1185_-0.9810_-0.1076end-3.70_1.92_13.02_15.44_3.47_19.25_2.56_24.31_-30.56_0.1097_-0.11,0.0,0.0,0.0
842,58_-0.9811_-0.1099end-3.45_2.18_13.29_12.98_13.99_17.90_2.56_24.31_-30.56_0.1101_-0.1149_-0.9810_-0.1106end-3.43_2.47_13.64_12.98_13.99_17.90_1.50_23.62_-31.00_0.1101_-0.1149_-0.9810_-0.1106end,0.0,0.0,0.0
843,,0.0,0.0,0.0
844,-3.64_2.48_13.75_14.10_11.30_16.34_1.50_23.62_-31.00_0.1112_-0.1125_-0.9810_-0.1128end-3.84_2.50_13.88_14.10_11.30_16.34_1.50_23.62_-31.00_0.1114_-0.1117_-0.9809_-0.1136end-4.09_1.98_13.83_14.10_11.30_16.34_1.50_23.62_-31.00_0.1115_-0.1110_-0.9809_-0.1144end-4.14_1.68_13.65_14.10_11.30_16.34_1.50_23.62_-30.56_0.1115_-0.1110_-0.9809_-0.1144end-4.14_1.68_13.65_14.10_11.30_16.34_2.56_23.62_-31.87_0.1107_-0.1086_-0.9809_-0.1172end-3.75_0.68_13.03_14.10_11.30_16.34_2.56_23.62_-31.87_0.1101_-0.1079_-0.9810_-0.1180end-3.60_0.52_12.96_15.22_-20.93_17.12_2.56_23.62_-31.87_0.1092_-0.1072_-0.9811_-0.1188end-3.42_0.37_12.66_15.22_-20.93_17.12_2.56_23.62_-31.87_0.1,0.0,0.0,0.0
845,080_-0.1066_-0.9812_-0.1193end-3.42_0.37_12.66_15.22_-20.93_17.12_2.56_23.62_-31.87_0.1047_-0.1058_-0.9816_-0.1197end-3.14_0.39_12.60_15.22_-20.93_17.12_2.56_23.62_-31.87_0.1026_-0.1054_-0.9819_-0.1195end,0.0,0.0,0.0
846,,0.0,0.0,0.0
847,,0.0,0.0,0.0
848,-2.93_0.53_12.30_15.22_-20.93_17.12_2.56_23.62_-31.87_0.1026_-0.1054_-0.9819_-0.1195end-3.07_0.70_12.31_15.22_-20.93_17.12_2.56_23.62_-31.87_0.0972_-0.1052_-0.9826_-0.1181end-2.95_0.84_12.39_-28.31_-102.28_3.25_2.56_23.62_-31.87_0.0972_-0.1052_-0.9826_-0.1181end-2.95_0.84_12.39_-28.31_-102.28_3.25_2.56_23.62_-31.87_0.0851_-0.1055_-0.9843_-0.1136end-2.80_1.09_12.31_-28.31_-102.28_3.25_0.75_23.62_-31.87_0.0851_-0.1055_-0.9843_-0.1136end-2.50_1.16_11.81_-28.31_-102.28_3.25_0.75_23.62_-31.87_0.0851_-0.1055_-0.9843_-0.1136end-2.35_1.19_11.59_-49.91_-150.18_3.36_0.75_23.62_-31.87_0.0621_-0.1066_-0.9869_-0.1035end-1.96_1.18_11.34_-49.91_-150.18_3.36_0.75_23.62_-31.87_0.0554_-0.1068_-0.9877_-0.1003end-2.08_1.30_11.38_-49.91_-150.18_3.36_-1.12_24.37_-30.56_0.0554_-0.1068_-0.9877_-0.1003end-2.08_1.30_11.38_-66.25_-189.34_8.39_-0.37_25.06_-30.94_0.0402_-0.1074_-0.9890_-0.0931end,0.0,0.0,0.0
849,,0.0,0.0,0.0
850,-2.08_1.30_11.38_-68.71_-197.40_10.18_-0.37_25.06_-30.94_0.0323_-0.1075_-0.9896_-0.0894end-2.08_1.30_11.38_-70.39_-203.56_11.86_-2.50_24.69_-29.75_0.0323_-0.1075_-0.9896_-0.0894end-2.08_1.30_11.38_-71.51_-211.50_14.88_-2.50_24.69_-29.75_0.0323_-0.1075_-0.9896_-0.0894end-2.08_1.30_11.38_-71.51_-211.50_14.88_-2.12_25.75_-30.56_0.0065_-0.1078_-0.9911_-0.0773end-0.87_0.12_11.04_-71.51_-211.50_14.88_-2.12_25.75_-30.56_0.0026_0.1076_0.9915_0.0731end-0.87_0.12_11.04_-71.51_-211.50_14.88_-2.12_25.75_-30.56_0.0298_0.1068_0.9919_0.0613end-0.63_-0.02_11.12_-64.57_-221.91_22.16_-2.12_25.75_-30.56_0.0393_0.1063_0.9919_0.0573end-0.05_0.01_11.04_-64.57_-221.91_22.16_-2.12_25.75_-30.56_0.0486_0.1058_0.9918_0.0535end0.64_0.25_10.81_-64.57_-221.91_22.16_-2.12_25.75_-30.56_0.0486_0.1058_0.9918_0.0535end1.21_0.55_10.52_-64.57_-221.91_22.16_-2.12_25.75_-30.56_0.0679_0.1047_0.9911_0.0459end,0.0,0.0,0.0
851,,0.0,0.0,0.0
852,1.21_0.55_10.52_-65.46_-245.52_22.72_-2.12_25.75_-30.56_0.0777_0.1042_0.9906_0.0421end1.21_0.55_10.52_-65.46_-245.52_22.72_-9.44_27.50_-28.00_0.0878_0.1038_0.9900_0.0381end1.21_0.55_10.52_-67.26_-250.33_21.71_-9.44_27.50_-28.00_0.1089_0.1030_0.9882_0.0299end1.81_1.22_10.48_-67.26_-250.33_21.71_-9.06_26.19_-26.69_0.1089_0.1030_0.9882_0.0299end1.81_1.22_10.48_-73.07_-251.23_20.25_-9.06_26.19_-26.69_0.1406_0.1021_0.9847_0.0169end2.95_1.96_10.20_-73.07_-251.23_20.25_-9.06_26.19_-26.69_0.1406_0.1021_0.9847_0.0169end3.50_2.33_9.98_-73.07_-251.23_20.25_-9.06_26.19_-26.69_0.1406_0.1021_0.9847_0.0169end3.68_2.35_9.86_-86.95_-220.12_16.67_-13.81_29.00_-22.31_0.1,0.0,0.0,0.0
853,406_0.1021_0.9847_0.0169end3.75_2.41_9.85_-86.95_-220.12_16.67_-13.81_29.00_-22.31_0.1876_0.1004_0.9771_-0.0060end4.12_2.35_9.59_-86.95_-220.12_16.67_-13.81_29.00_-22.31_0.1962_0.1000_0.9754_-0.0109end,0.0,0.0,0.0
854,4.29_2.37_9.50_-94.11_-211.39_17.68_-15.25_29.00_-21.37_0.2050_0.0996_0.9735_-0.0159end4.54_2.43_9.59_-95.46_-211.61_18.35_-15.25_29.00_-21.37_0.2050_0.0996_0.9735_-0.0159end4.54_2.43_9.59_-95.12_-213.18_19.36_-15.25_29.00_-21.37_0.2219_0.0988_0.9697_-0.0259end4.54_2.43_9.59_-94.34_-215.64_20.81_-14.50_28.69_-20.12_0.2219_0.0988_0.9697_-0.0259end4.54_2.43_9.59_-92.99_-223.70_24.51_-14.50_28.69_-20.12_0.2482_0.0976_0.9629_-0.0411end5.22_2.01_9.21_-92.99_-223.70_24.51_-14.50_28.69_-20.12_0.2482_0.0976_0.9629_-0.0411end5.47_2.22_8.36_-91.32_-231.42_28.09_-14.50_28.69_-20.12_0.2669_0.0960_0.9576_-0.0513end5.89_2.43_8.48_-91.32_-231.42_28.09_-14.50_28.69_-2,0.0,0.0,0.0
855,0.12_0.2867_0.0937_0.9514_-0.0614end5.96_2.35_8.32_-88.97_-267.79_41.07_-17.44_31.19_-15.25_0.2867_0.0937_0.9514_-0.0614end5.96_2.35_8.32_-88.97_-267.79_41.07_-17.44_31.19_-15.25_0.3080_0.0904_0.9443_-0.0717end,0.0,0.0,0.0
856,,0.0,0.0,0.0
857,6.04_1.91_7.39_-88.97_-267.79_41.07_-17.44_31.19_-15.25_0.3080_0.0904_0.9443_-0.0717end6.04_1.91_7.39_-88.97_-267.79_41.07_-18.50_32.25_-12.69_0.3298_0.0868_0.9365_-0.0820end6.04_1.91_7.39_-82.81_-283.68_48.68_-18.50_32.25_-12.69_0.3412_0.0846_0.9321_-0.0871end6.04_1.91_7.39_-80.91_-279.54_49.24_-18.50_32.25_-12.69_0.3626_0.0804_0.9234_-0.0968end6.09_1.05_5.45_-76.77_-263.09_47.11_-18.50_32.25_-12.69_0.3732_0.0785_0.9188_-0.1018end6.09_1.05_5.45_-76.77_-263.09_47.11_-18.50_32.25_-12.69_0.3732_0.0785_0.9188_-0.1018end6.25_0.91_5.16_-69.72_-234.55_42.52_-18.50_32.25_-12.69_0.4005_0.0728_0.9063_-0.1144end6.64_0.59_4.81_-69.72_-234.55_42.52_-18.50_32.25_-12.69_0.4005_0.0728_0.9063_-0.1144end6.81_0.36_4.69_-69.72_-234.55_42.52_-20.75_32.94_-8.75_0.4157_0.0697_0.8986_-0.1216end6.89_0.36_4.62_-53.16_-166.07_27.53_-20.75_32.94_-8.75_0.4282_0.0670_0.8922_-0.1274end,0.0,0.0,0.0
858,,0.0,0.0,0.0
859,6.97_0.82_4.51_-53.16_-166.07_27.53_-20.75_32.94_-8.75_0.4282_0.0670_0.8922_-0.1274end6.98_1.17_4.20_-53.16_-166.07_27.53_-21.81_32.38_-6.56_0.4282_0.0670_0.8922_-0.1274end6.97_1.07_4.15_-53.16_-166.07_27.53_-21.81_32.38_-6.56_0.4410_0.0644_0.8851_-0.1340end6.97_1.07_4.15_-53.16_-166.07_27.53_-21.81_32.38_-6.56_0.4462_0.0630_0.8821_-0.1373end7.24_0.94_4.22_-53.16_-166.07_27.53_-21.06_33.69_-6.56_0.4462_0.0630_0.8821_-0.1373end7.24_0.94_4.22_-27.08_-28.20_14.77_-21.06_33.69_-6.56_0.4462_0.0630_0.8821_-0.1373end7.24_0.94_4.22_-27.08_-28.20_14.77_-21.06_33.69_-6.56_0.4492_0.0622_0.8802_-0.1403end6.90_0.20_4.11_-27.08_-28.20_14.77_-21.06_33.69_-6.56_0.4492,0.0,0.0,0.0
860,_0.0622_0.8802_-0.1403end6.90_0.20_4.11_-20.37_8.39_15.55_-21.06_33.69_-6.56_0.4498_0.0613_0.8793_-0.1437end6.58_-0.26_3.95_-18.02_21.04_15.33_-21.06_33.69_-6.56_0.4498_0.0613_0.8793_-0.1437end,0.0,0.0,0.0
861,,0.0,0.0,0.0
862,7.07_-0.18_3.87_-18.02_21.04_15.33_-19.62_33.00_-6.19_0.4498_0.0613_0.8793_-0.1437end7.16_-0.02_4.04_-12.42_46.55_10.63_-19.62_33.00_-6.19_0.4498_0.0613_0.8793_-0.1437end7.16_-0.02_4.04_-12.42_46.55_10.63_-20.00_33.00_-6.19_0.4411_0.0607_0.8832_-0.1473end7.10_0.58_4.21_-12.42_46.55_10.63_-20.00_33.00_-6.19_0.4396_0.0606_0.8839_-0.1475end7.15_0.51_4.35_-12.42_46.55_10.63_-20.37_34.38_-6.12_0.4396_0.0606_0.8839_-0.1475end7.26_0.41_4.55_-12.42_46.55_10.63_-20.37_34.38_-6.12_0.4383_0.0597_0.8845_-0.1486end7.44_0.26_4.84_-12.42_46.55_10.63_-20.37_34.38_-6.12_0.4390_0.0591_0.8840_-0.1492end7.45_0.22_4.93_-12.42_46.55_10.63_-20.00_34.06_-5.75_0.4402_0.0583_0.,0.0,0.0,0.0
863,,0.0,0.0,0.0
864,8834_-0.1499end7.45_0.16_4.86_-11.41_-57.18_18.13_-20.00_34.06_-5.75_0.4402_0.0583_0.8834_-0.1499end7.36_0.10_4.66_-11.41_-57.18_18.13_-20.00_34.06_-5.75_0.4471_0.0551_0.8797_-0.1525end,0.0,0.0,0.0
865,7.29_0.05_4.59_-11.41_-57.18_18.13_-20.75_34.44_-4.87_0.4503_0.0538_0.8780_-0.1534end7.15_-0.17_4.23_-11.41_-57.18_18.13_-20.75_34.44_-4.87_0.4538_0.0523_0.8760_-0.1545end6.96_-0.50_4.03_-11.41_-57.18_18.13_-20.75_34.44_-4.87_0.4578_0.0507_0.8738_-0.1556end6.86_-0.60_3.97_-11.41_-57.18_18.13_-19.62_34.44_-3.94_0.4620_0.0491_0.87,0.0,0.0,0.0
866,16_-0.1567end6.67_-0.69_3.94_-10.30_-127.68_23.84_-19.62_34.44_-3.94_0.4714_0.0458_0.8663_-0.1588end6.45_-1.01_4.18_-10.30_-127.68_23.84_-19.62_34.44_-3.94_0.4763_0.0441_0.8636_-0.1597end6.45_-1.01_4.18_-10.30_-127.68_23.84_-20.00_34.06_-3.12_0.4811_0.0425_0.8608_-0.1605end6.90_-1.69_4.01_0.11_-111.35_8.73_-20.00_34.06_-3.12_0.4811_0.0425_0.8608_-0.1605end6.90_-1.69_4.01_0.11_-111.35_8.73_-20.00_34.06_-3.12_0.4941_0.0386_0.8533_-0.1617end7.57_-2.08_3.42_0.11_-111.35_8.73_-20.00_34.06_-3.12_0.4975_0.0378_0.8514_-0.1617end,0.0,0.0,0.0
867,,0.0,0.0,0.0
868,7.57_-1.77_3.80_0.11_-111.35_8.73_-20.00_34.06_-3.12_0.5005_0.0374_0.8497_-0.1616end7.75_-1.64_3.95_1.79_-63.56_-11.30_-20.00_34.06_-3.12_0.5005_0.0374_0.8497_-0.1616end8.08_-1.58_4.25_1.79_-63.56_-11.30_-20.00_34.06_-3.12_0.5005_0.0374_0.8497_-0.1616end8.08_-1.58_4.25_-0.11_-53.27_-17.90_-20.37_33.38_-1.81_0.5098_0.0375_0.8444_-0.1603end8.29_-1.64_4.31_-0.11_-53.27_-17.90_-20.37_33.38_-1.81_0.5098_0.0375_0.8444_-0.1603end8.56_-1.32_4.11_-0.11_-53.27_-17.90_-20.37_33.38_-1.81_0.5162_0.0383_0.8406_-0.1593end8.74_-1.07_4.16_-3.36_-58.97_-18.46_-20.00_33.38_-0.94_0.5162_0.0383_0.8406_-0.1593end8.74_-1.07_4.16_-3.36_-58.97_-18.46_-20.00_33.38_-0.94_0.5208_,0.0,0.0,0.0
869,0.0389_0.8379_-0.1588end9.22_-0.82_4.41_-3.36_-58.97_-18.46_-20.37_34.81_-0.94_0.5208_0.0389_0.8379_-0.1588end9.22_-0.82_4.41_-4.92_-58.64_-20.81_-20.37_34.81_-0.94_0.5254_0.0398_0.8350_-0.1584end,0.0,0.0,0.0
870,9.22_-0.82_4.41_-5.15_-57.74_-21.60_-20.37_34.81_-0.94_0.5254_0.0398_0.8350_-0.1584end9.02_-1.58_4.20_-6.71_-57.52_-21.71_-20.37_34.81_-0.94_0.5298_0.0408_0.8323_-0.1580end9.02_-1.58_4.20_-8.28_-59.76_-20.81_-20.37_34.81_-0.94_0.5345_0.0418_0.8293_-0.1578end8.49_-0.92_5.00_-8.28_-59.76_-20.81_-21.06_33.06_-0.06_0.5345_0.0418_0.8293_-0.1578end9.22_-0.26_4.93_-11.41_-75.42_-15.55_-21.06_33.06_-0.06_0.5345_0.0418_0.8293_-0.1578end9.22_-0.26_4.93_-11.19_-103.29_-13.20_-21.06_33.06_-0.06_0.5463_0.0428_0.8214_-0.1582end8.57_-1.57_4.31_-11.19_-103.29_-13.20_-21.06_33.06_-0.06_0.5503_0.0428_0.8187_-0.1585end8.59_-2.22_4.30_-11.19_-103.29_-13.20_-20.75_34.50_0.81_0.5503_0.0428_0.8187_-0.1585end8.59_-2.22_4.30_-12.87_-129.36_-8.73_-20.75_33.06_0.81_0.5503_0.0428_0.8187_-0.1585end8.63_-1.66_4.16_-12.87_-129.36_-8.73_-20.75_33.06_0.81_0.5689_0.0417_0.8056_-0.1602end,0.0,0.0,0.0
871,,0.0,0.0,0.0
872,8.51_-1.57_3.58_-12.87_-129.36_-8.73_-21.81_33.13_2.50_0.5742_0.0413_0.8017_-0.1608end8.51_-1.57_3.58_-14.66_-164.17_-6.60_-21.44_33.13_3.81_0.5798_0.0407_0.7976_-0.1613end7.80_-2.12_3.04_-14.66_-164.17_-6.60_-21.44_33.13_3.81_0.5798_0.0407_0.7976_-0.1613end7.53_-2.03_2.95_-15.67_-172.11_-7.05_-21.44_33.13_3.81_0.5798_0.0407_0.7,0.0,0.0,0.0
873,,0.0,0.0,0.0
874,976_-0.1613end7.53_-2.03_2.95_-15.67_-172.11_-7.05_-20.37_34.50_3.00_0.5974_0.0391_0.7842_-0.1632end7.47_-1.95_2.61_-14.32_-172.00_-8.73_-20.37_34.50_3.00_0.5974_0.0391_0.7842_-0.1632end7.47_-1.95_2.61_-11.53_-171.44_-12.53_-20.37_34.50_3.00_0.6150_0.0375_0.7702_-0.1646end8.25_-2.09_2.47_-11.53_-171.44_-12.53_-22.19_33.13_4.69_0.6150_0.0375_0.7702_-0.1646end9.21_-1.84_2.03_-9.62_-173.45_-16.45_-22.19_33.13_4.69_0.6269_0.0366_0.7606_-0.1649end9.21_-1.84_2.03_-8.17_-177.48_-26.86_-20.75_33.13_5.56_0.6269_0.0366_0.7606_-0.1649end,0.0,0.0,0.0
875,9.21_-1.84_2.03_-8.17_-177.48_-26.86_-20.75_33.19_7.75_0.6388_0.0364_0.7507_-0.1644end9.21_-1.84_2.03_-11.19_-168.31_-50.69_-20.75_33.19_7.75_0.6448_0.0366_0.7457_-0.1639end10.33_-1.16_0.06_-11.19_-168.31_-50.69_-20.75_33.19_7.75_0.6509_0.0372_0.7405_-0.1631end9.77_-1.07_0.02_-11.19_-168.31_-50.69_-20.75_33.19_7.75_0.6650_0.0417,0.0,0.0,0.0
876,_0.7283_-0.1600end9.69_-1.22_0.76_-11.19_-168.31_-50.69_-20.75_33.19_7.75_0.6677_0.0441_0.7260_-0.1588end9.83_-1.32_1.04_-24.84_-28.31_-71.28_-20.75_33.19_7.75_0.6677_0.0441_0.7260_-0.1588end10.53_-1.05_1.27_-26.63_-12.87_-69.94_-20.75_33.19_7.75_0.6712_0.0527_0.7230_-0.1552end11.05_-0.80_1.36_-26.63_-12.87_-69.94_-21.44_32.19_7,0.0,0.0,0.0
877,,0.0,0.0,0.0
878,.31_0.6712_0.0527_0.7230_-0.1552end11.26_-0.52_1.41_-35.25_-32.90_-59.53_-21.44_32.19_7.31_0.6730_0.0582_0.7211_-0.1535end11.26_-0.52_1.41_-39.28_-54.61_-53.49_-21.44_32.19_7.31_0.6747_0.0610_0.7194_-0.1531end,0.0,0.0,0.0
879,11.29_-0.41_1.37_-39.28_-54.61_-53.49_-21.44_32.19_7.31_0.6769_0.0634_0.7171_-0.1531end11.29_-0.41_1.37_-50.47_-112.47_-29.88_-21.44_32.19_7.31_0.6832_0.0673_0.7105_-0.1544end11.37_-0.47_1.02_-50.47_-112.47_-29.88_-21.44_32.19_7.31_0.6832_0.0673_0.7105_-0.1544end11.42_-0.41_0.55_-50.47_-112.47_-29.88_-21.44_32.19_7.31_0.6832_0.0673_0.7105_-0.1544end11.31_-0.36_0.28_-50.47_-112.47_-29.88_-23.62_31.87_10.75_0.6832_0.0673_0.7105_-0.1544end11.14_-0.37_0.07_-50.47_-112.47_-29.88_-23.62_31.87_10.75_0.7026_0.0733_0.6888_-0.1629end10.79_-0.73_-0.18_-50.47_-112.47_-29.88_-23.62_31.87_10.75_0.7064_0.0742_0.6843_-0.1652end10.65_-0.94_-0.32_-60.54_-124.10_7.27_-23.62_31.87_10.75_0.7100_0.0750_0.6799_-0.1676end10.31_-1.32_-0.45_-59.76_-115.71_8.84_-23.62_31.87_10.75_0.7100_0.0750_0.6799_-0.1676end10.10_-1.21_-0.55_-59.76_-115.71_8.84_-23.62_31.87_10.75_0.7162_0.0766_0.6719_-0.1724end10.10_-1.21_-0.55_-59.76_-115.71_8.84_-21.44_29.81_13.81_0.7214_0.0782_0.6650_-0.1768end9.77_-1.55_-0.85_-59.76_-115.71_8.84_-21.44_29.81_13.81_0.7214_0.0782_0.6650_-0.1768end9.98_-1.47_-0.78_-59.76_-115.71_8.84_-21.44_31.25_15.13_0.7214_0.0782_0.6650_-0.1768end9.98_-1.47_-0.78_-47.56_-81.80_6.49_-21.44_31.25_15.13_0.7279_0.0804_0.6560_-0.1826end9.98_-1.47_-0.78_-34.13_-65.46_-0.78_-21.44_31.25_15.13_0.7299_0.0811_0.6533_-0.1841end9.98_-1.47_-0.78_-34.13_-65.46_-0.78_-21.81_29.50_15.06_0.7318_0.0816_0.6508_-0.1854end9.98_-1.47_-0.78_-23.39_-35.25_-5.82_-21.81_29.50_15.06_0.7318_0.0816_0.6508_-0.1854end9.85_-1.83_-1.91_-23.39_-35.25_-5.82_-21.81_29.50_1,0.0,0.0,0.0
880,5.06_0.7345_0.0829_0.6470_-0.1871end9.97_-1.85_-1.93_-23.39_-35.25_-5.82_-21.81_29.50_15.06_0.7352_0.0852_0.6457_-0.1876end9.82_-1.85_-1.75_-23.39_-35.25_-5.82_-21.81_29.50_15.06_0.7352_0.0852_0.6457_-0.1876end,0.0,0.0,0.0
881,,0.0,0.0,0.0
882,,0.0,0.0,0.0
883,9.84_-1.69_-1.77_1.12_40.40_-14.88_-21.81_29.50_15.06_0.7352_0.0852_0.6457_-0.1876end9.87_-1.58_-1.70_1.12_40.40_-14.88_-21.44_29.81_15.06_0.7314_0.0883_0.6504_-0.1851end10.04_-1.39_-1.59_1.12_40.40_-14.88_-21.44_29.81_15.06_0.7302_0.0887_0.6520_-0.1842end10.10_-1.38_-1.52_1.12_40.40_-14.88_-21.44_29.81_15.06_0.7302_0.0887_0.6520_-0.1842end10.08_-1.43_-1.46_1.12_40.40_-14.88_-21.44_29.81_15.06_0.7302_0.0887_0.6520_-0.1842end10.08_-1.43_-1.46_1.12_40.40_-14.88_-21.44_29.81_15.06_0.7271_0.0894_0.6561_-0.1812end10.04_-1.34_-1.42_1.12_40.40_-14.88_-21.44_29.81_15.06_0.7271_0.0894_0.6561_-0.1812end10.15_-1.30_-1.48_1.12_40.40_-14.88_-21.44_29.81_15.06_0.7254_0.0887_0.6589_-0.1783end10.16_-1.31_-1.43_24.73_20.70_-5.15_-21.44_29.81_15.06_0.7254_0.0887_0.6589_-0.1783end10.16_-1.31_-1.43_24.73_20.70_-5.15_-21.44_29.81_15.06_0.7239_0.0874_0.6614_-0.1754end,0.0,0.0,0.0
884,,0.0,0.0,0.0
885,10.16_-1.31_-1.43_24.73_20.70_-5.15_-21.44_29.50_15.13_0.7234_0.0870_0.6623_-0.1744end9.99_-1.29_-1.10_24.73_20.70_-5.15_-21.44_29.50_15.13_0.7229_0.0864_0.6632_-0.1735end9.99_-1.29_-1.10_27.86_20.81_-3.36_-21.44_29.50_15.13_0.7229_0.0864_0.6632_-0.1735end9.99_-1.29_-1.10_27.86_20.81_-3.36_-21.44_29.50_15.13_0.7219_0.0853_0.6649,0.0,0.0,0.0
886,_-0.1714end9.99_-1.29_-1.10_27.86_20.81_-3.36_-21.44_29.50_15.13_0.7212_0.0841_0.6664_-0.1696end10.05_-1.13_-0.90_27.86_20.81_-3.36_-21.44_29.50_15.13_0.7212_0.0841_0.6664_-0.1696end9.89_-1.21_-0.94_28.31_6.60_-1.12_-21.44_29.50_15.13_0.7212_0.0841_0.6664_-0.1696end9.81_-1.28_-0.81_27.98_3.92_-0.78_-22.94_30.88_15.06_0.7212_0.0841_0.6664_-0.1696end9.81_-1.28_-0.81_27.53_-0.34_0.45_-22.94_30.88_15.06_0.7212_0.0841_0.6664_-0.1696end9.59_-1.43_-0.82_27.53_-0.34_0.45_-22.94_30.88_15.06_0.7209_0.0795_0.6685_-0.1645end,0.0,0.0,0.0
887,9.38_-1.52_-0.67_27.53_-0.34_0.45_-22.94_30.88_15.06_0.7209_0.0795_0.6685_-0.1645end9.30_-1.62_-0.55_27.31_-3.36_0.00_-22.56_30.19_13.75_0.7209_0.0795_0.6685_-0.1645end9.19_-1.60_-0.65_27.53_-3.36_-0.90_-22.56_30.19_13.75_0.7214_0.0771_0.6688_-0.1622end9.23_-1.66_-0.53_27.53_-3.36_-0.90_-22.56_30.19_13.75_0.7217_0.0754_0.6691_-0.1605end9.14_-1.64_-0.59_28.31_-1.57_-2.24_-22.56_30.19_13.75_0.7219_0.0747_0.6692_-0.1597end9.09_-1.60_-0.46_28.31_-1.57_-2.24_-22.56_30.19_13.75_0.7219_0.0747_0.6692_-0.1597end9.04_-1.50_-0.45_30.10_1.57_-3.92_-22.56_30.19_13.75_0.7219_0.0747_0.6692_-0.1597end9.04_-1.50_-0.45_30.10_1.57_-3.92_-22.56_30.19_13.75_0.7222_0.0724_0.6698_-0.1568end9.04_-1.50_-0.45_31.45_5.37_-4.81_-22.56_30.19_13.75_0.7221_0.0709_0.6705_-0.1547end8.96_-1.56_-0.19_31.45_5.37_-4.81_-22.94_30.50_11.12_0.7221_0.0709_0.6705_-0.1547end,0.0,0.0,0.0
888,,0.0,0.0,0.0
889,,0.0,0.0,0.0
890,,0.0,0.0,0.0
891,9.05_-1.51_-0.16_32.79_8.06_-4.92_-22.94_30.50_11.12_0.7221_0.0709_0.6705_-0.1547end9.05_-1.51_-0.16_33.80_7.95_-4.59_-22.94_30.50_11.12_0.7216_0.0677_0.6724_-0.1501end9.06_-1.45_-0.15_33.80_7.95_-4.59_-23.31_30.81_10.75_0.7215_0.0669_0.6729_-0.1489end9.09_-1.38_-0.20_33.80_7.95_-4.59_-23.31_30.81_10.75_0.7215_0.0669_0.6729_-0.1489end9.21_-1.20_-0.24_33.80_7.95_-4.59_-23.31_30.81_10.75_0.7215_0.0669_0.6729_-0.1489end9.21_-1.20_-0.24_33.80_7.95_-4.59_-23.31_30.81_10.75_0.7210_0.0636_0.6748_-0.1440end9.19_-1.45_-0.06_33.80_7.95_-4.59_-23.31_30.81_10.75_0.7210_0.0629_0.6752_-0.1427end9.21_-1.45_-0.04_33.80_7.95_-4.59_-22.19_31.19_11.19_0.7211_0.0620_0.6755_-0.1414end9.18_-1.50_-0.02_35.25_-1.90_-11.19_-22.19_31.19_11.19_0.7211_0.0620_0.6755_-0.1414end9.26_-1.50_-0.03_35.25_-1.90_-11.19_-22.94_30.88_11.19_0.7214_0.0606_0.6757_-0.1386end,0.0,0.0,0.0
892,9.26_-1.50_-0.03_35.25_-1.90_-11.19_-22.94_30.88_11.19_0.7222_0.0593_0.6757_-0.1357end9.35_-1.51_-0.11_35.25_-1.90_-11.19_-22.94_30.88_11.19_0.7222_0.0593_0.6757_-0.1357end9.40_-1.55_-0.09_35.25_-1.90_-11.19_-22.94_30.88_11.19_0.7230_0.0584_0.6755_-0.1326end9.53_-1.51_-0.11_31.56_-3.92_-24.17_-22.94_30.88_11.19_0.7230_0.0584_0.6755_-0.1326end9.53_-1.51_-0.11_31.56_-3.92_-24.17_-22.94_30.88_11.19_0.7239_0.0579_0.6756_-0.1275end9.70_-1.47_-0.11_31.56_-3.92_-24.17_-23.56_30.81_10.75_0.7240_0.0579_0.6757_-0.1257end9.82_-1.39_-0.06_27.42_3.36_-32.56_-23.56_30.81_10.75_0.7240_0.0579_0.6757_-0.1257end9.83_-1.33_-0.05_26.07_3.58_-33.24_-23.56_30.81_10.75_0.724,0.0,0.0,0.0
893,0_0.0579_0.6757_-0.1257end9.83_-1.33_-0.05_26.07_3.58_-33.24_-23.94_30.12_9.00_0.7246_0.0588_0.6764_-0.1184end10.06_-1.16_-0.03_26.07_3.58_-33.24_-23.94_30.12_9.00_0.7247_0.0591_0.6765_-0.1166end,0.0,0.0,0.0
894,,0.0,0.0,0.0
895,10.06_-1.16_-0.03_22.05_0.67_-35.36_-23.56_31.19_10.38_0.7249_0.0594_0.6766_-0.1149end10.10_-1.12_0.00_19.36_-0.78_-35.47_-23.56_31.19_10.38_0.7252_0.0599_0.6766_-0.1131end10.10_-1.12_0.00_19.36_-0.78_-35.47_-24.31_30.50_9.88_0.7256_0.0609_0.6766_-0.1097end10.19_-1.00_-0.02_19.36_-0.78_-35.47_-24.31_30.50_9.88_0.7258_0.0613_0.6765_-0.1081end10.20_-1.00_-0.01_19.36_-0.78_-35.47_-24.31_30.50_9.88_0.7258_0.0613_0.6765_-0.1081end10.23_-0.95_-0.01_15.44_-1.79_-35.14_-22.94_30.12_10.31_0.7258_0.0613_0.6765_-0.1081end10.23_-0.96_-0.04_13.54_-0.67_-33.46_-22.94_30.12_10.31_0.7266_0.0630_0.6763_-0.1034end10.23_-0.96_-0.04_13.54_-0.67_-33.46_-22.94_30.12_10.31_0,0.0,0.0,0.0
896,.7270_0.0643_0.6762_-0.1005end10.21_-0.96_0.00_13.54_-0.67_-33.46_-22.94_30.12_10.31_0.7271_0.0649_0.6763_-0.0991end10.20_-0.81_0.01_13.54_-0.67_-33.46_-22.94_30.12_10.31_0.7271_0.0649_0.6763_-0.0991end,0.0,0.0,0.0
897,10.20_-0.81_0.01_13.54_-0.67_-33.46_-22.94_30.12_10.31_0.7271_0.0669_0.6766_-0.0954end10.12_-0.75_0.02_13.54_-0.67_-33.46_-22.94_30.12_10.31_0.7270_0.0676_0.6768_-0.0943end10.07_-0.75_0.04_13.54_-0.67_-33.46_-24.31_29.75_8.56_0.7270_0.0676_0.6768_-0.0943end10.07_-0.75_0.04_5.48_11.41_-23.84_-24.69_30.50_9.44_0.7270_0.0676_0.6768_-0.0943end10.07_-0.75_0.04_4.81_12.31_-22.49_-24.69_30.50_9.44_0.7264_0.0694_0.6777_-0.0913end10.07_-0.75_0.04_4.14_12.76_-21.04_-24.31_29.75_8.13_0.7264_0.0694_0.6777_-0.0913end10.07_-0.75_0.04_2.57_13.88_-19.70_-24.31_29.75_8.13_0.7258_0.0706_0.6784_-0.0897end10.07_-0.75_0.04_2.57_13.88_-19.70_-24.31_28.75_8.13_0.7255_0.0711_,0.0,0.0,0.0
898,0.6788_-0.0889end10.07_-0.75_0.04_2.57_13.88_-19.70_-24.31_28.75_8.13_0.7244_0.0729_0.6799_-0.0870end9.63_-0.96_0.01_2.57_13.88_-19.70_-24.31_28.75_8.13_0.7241_0.0736_0.6804_-0.0864end,0.0,0.0,0.0
899,9.46_-0.91_0.02_2.57_13.88_-19.70_-24.31_28.75_8.13_0.7241_0.0736_0.6804_-0.0864end9.39_-0.92_0.05_2.57_13.88_-19.70_-25.06_28.75_8.56_0.7230_0.0758_0.6814_-0.0847end9.23_-1.03_0.15_2.57_13.88_-19.70_-25.06_28.75_8.56_0.7227_0.0766_0.6818_-0.0840end9.23_-1.03_0.15_2.57_13.88_-19.70_-25.44_29.06_8.56_0.7227_0.0766_0.6818_-0.0840end9.19_-1.21_0.13_2.57_13.88_-19.70_-25.44_30.12_9.06_0.7227_0.0766_0.6818_-0.0840end9.19_-1.21_0.13_2.57_13.88_-19.70_-25.44_30.12_9.06_0.7206_0.0800_0.6838_-0.0818end9.20_-1.13_0.34_2.57_13.88_-19.70_-25.44_30.12_9.06_0.7200_0.0808_0.6844_-0.0812end9.13_-1.15_0.38_2.57_13.88_-19.70_-25.75_29.44_9.00_0.7194_0.0817_0.6851_-0.0807end9.09_-1.16_0.43_-6.27_21.71_-21.15_-25.75_29.44_9.00_0.7194_0.0817_0.6851_-0.0807end9.09_-1.16_0.43_-8.39_15.22_-20.37_-25.75_29.44_9.00_0.7182_0.0836_0.6862_-0.0797end,0.0,0.0,0.0
900,,0.0,0.0,0.0
901,,0.0,0.0,0.0
902,9.15_-1.10_0.42_-8.39_15.22_-20.37_-25.75_29.44_9.00_0.7173_0.0855_0.6870_-0.0788end9.20_-1.05_0.41_-10.97_4.70_-20.37_-25.75_29.44_9.00_0.7173_0.0855_0.6870_-0.0788end9.20_-1.05_0.41_-10.97_4.70_-20.37_-25.75_29.44_9.00_0.7172_0.0886_0.6868_-0.0779end9.33_-0.92_0.46_-10.97_4.70_-20.37_-25.75_29.44_9.00_0.7174_0.0897_0.6865_-0.0778end9.52_-0.73_0.51_-10.97_4.70_-20.37_-25.75_29.44_9.00_0.7174_0.0897_0.6865_-0.0778end9.55_-0.67_0.54_-10.97_4.70_-20.37_-26.50_28.06_8.50_0.7174_0.0897_0.6865_-0.0778end9.55_-0.67_0.54_-10.97_4.70_-20.37_-26.12_28.38_9.44_0.7187_0.0946_0.6844_-0.0779end9.77_-0.50_0.48_-10.97_4.70_-20.37_-26.12_28.38_9.44_0.7190_0.0959_0.683,0.0,0.0,0.0
903,9_-0.0781end9.85_-0.45_0.36_-10.97_4.70_-20.37_-26.12_28.38_9.44_0.7193_0.0972_0.6833_-0.0783end9.82_-0.41_0.20_-10.97_4.70_-20.37_-26.12_28.38_9.44_0.7193_0.0972_0.6833_-0.0783end,0.0,0.0,0.0
904,,0.0,0.0,0.0
905,9.80_-0.42_0.11_-10.97_4.70_-20.37_-26.50_28.75_10.31_0.7201_0.1015_0.6818_-0.0797end9.74_-0.43_0.11_-10.97_4.70_-20.37_-26.50_28.75_10.31_0.7202_0.1029_0.6814_-0.0801end9.55_-0.34_0.01_-10.97_4.70_-20.37_-26.50_28.75_10.31_0.7202_0.1029_0.6814_-0.0801end9.46_-0.30_0.01_-32.90_0.11_-12.87_-26.50_28.75_10.31_0.7202_0.1029_0.6814_-0.0801end9.46_-0.30_0.01_-33.35_5.93_-12.65_-26.50_28.75_10.31_0.7200_0.1072_0.6807_-0.0819end9.46_-0.30_0.01_-33.35_5.93_-12.65_-26.50_28.75_10.31_0.7194_0.1102_0.6807_-0.0831end9.04_-0.28_0.04_-33.35_5.93_-12.65_-26.50_28.75_10.31_0.7191_0.1118_0.6808_-0.0836end8.82_-0.28_0.03_-33.35_5.93_-12.65_-26.50_28.75_10.31_0.7191_0.1118_0.6808_-0.0836end8.79_-0.25_0.07_-33.35_5.93_-12.65_-26.12_27.75_11.12_0.7182_0.1149_0.6811_-0.0847end8.79_-0.25_0.07_-34.24_9.96_-16.00_-26.12_27.75_11.12_0.7178_0.1165_0.6812_-0.0852end,0.0,0.0,0.0
906,,0.0,0.0,0.0
907,,0.0,0.0,0.0
908,8.64_-0.04_0.09_-34.24_9.96_-16.00_-26.12_27.75_11.12_0.7178_0.1165_0.6812_-0.0852end8.63_0.02_0.04_-34.24_9.96_-16.00_-27.94_26.75_11.12_0.7178_0.1165_0.6812_-0.0852end8.62_0.11_0.03_-35.47_4.48_-20.59_-27.94_26.75_11.12_0.7162_0.1251_0.6810_-0.0873end8.64_0.18_0.07_-35.47_4.48_-20.59_-27.94_27.06_8.50_0.7159_0.1268_0.6810_-0.0877end8.64_0.36_0.09_-36.93_7.05_-23.39_-27.94_27.06_8.50_0.7156_0.1287_0.6809_-0.0881end8.64_0.36_0.09_-36.93_7.05_-23.39_-27.94_27.06_10.31_0.7156_0.1287_0.6809_-0.0881end8.84_0.69_0.02_-36.93_7.05_-23.39_-27.94_27.06_10.31_0.7156_0.1287_0.6809_-0.0881end8.84_0.69_0.02_-38.16_13.09_-29.54_-27.94_27.06_10.31_0.7143_0.1347_0.6810_-0.0889end9.03_0.96_0.05_-38.16_13.09_-29.54_-27.94_27.06_10.31_0.7133_0.1390_0.6812_-0.0892end9.27_1.02_0.11_-38.72_11.64_-33.46_-27.94_27.06_10.31_0.7133_0.1390_0.6812_-0.0892end,0.0,0.0,0.0
909,,0.0,0.0,0.0
910,9.28_1.07_0.09_-38.72_10.30_-35.14_-28.31_27.13_12.44_0.7133_0.1390_0.6812_-0.0892end9.33_1.09_0.14_-39.28_8.17_-36.82_-28.31_27.13_12.44_0.7116_0.1483_0.6809_-0.0892end9.49_1.20_0.04_-39.28_8.17_-36.82_-28.31_27.13_12.44_0.7113_0.1507_0.6807_-0.0892end9.86_1.27_0.08_-39.28_8.17_-36.82_-27.94_26.75_10.69_0.7113_0.1507_0.6807_-0.,0.0,0.0,0.0
911,0892end10.12_1.35_0.03_-39.28_8.17_-36.82_-28.31_25.37_11.06_0.7105_0.1583_0.6799_-0.0888end10.36_1.40_0.02_-39.28_8.17_-36.82_-28.31_25.00_10.25_0.7103_0.1608_0.6795_-0.0886end10.79_1.58_-0.02_-39.28_8.17_-36.82_-28.31_25.00_10.25_0.7103_0.1608_0.6795_-0.0886end10.99_1.68_-0.08_-40.29_2.91_-49.91_-28.31_25.00_10.25_0.7103_0.1608_0.6795_-0.0886end10.99_1.68_-0.08_-39.61_3.58_-51.59_-29.37_25.69_11.06_0.7097_0.1690_0.6783_-0.0876end10.99_1.68_-0.08_-39.50_3.92_-53.60_-29.37_25.69_11.06_0.7095_0.1718_0.6779_-0.0872end,0.0,0.0,0.0
912,,0.0,0.0,0.0
913,10.99_1.68_-0.08_-39.50_3.92_-53.60_-29.75_24.69_12.37_0.7095_0.1718_0.6779_-0.0872end10.99_1.68_-0.08_-37.71_3.25_-57.18_-29.75_24.69_12.37_0.7095_0.1718_0.6779_-0.0872end13.25_2.79_-0.46_-37.71_3.25_-57.18_-29.37_25.37_11.06_0.7095_0.1718_0.6779_-0.0872end13.25_2.79_-0.46_-37.71_3.25_-57.18_-29.75_23.62_11.94_0.7087_0.1864_0.6753_-0.0837end13.64_2.71_-0.65_-37.71_3.25_-57.18_-29.75_23.62_11.94_0.7085_0.1926_0.6740_-0.0820end13.70_2.59_-0.76_-39.39_0.90_-67.48_-29.75_23.62_11.94_0.7085_0.1926_0.6740_-0.0820end13.70_2.59_-0.76_-41.85_4.92_-68.15_-29.75_23.62_11.94_0.7085_0.1926_0.6740_-0.0820end13.70_2.59_-0.76_-41.85_4.92_-68.15_-29.75_23.62_11.94_0.7,0.0,0.0,0.0
914,076_0.2057_0.6714_-0.0784end13.40_1.88_-0.59_-41.85_4.92_-68.15_-30.44_20.94_11.00_0.7076_0.2057_0.6714_-0.0784end13.25_1.54_-0.53_-47.67_11.19_-63.79_-30.06_22.62_12.81_0.7076_0.2057_0.6714_-0.0784end,0.0,0.0,0.0
915,13.13_1.47_-0.45_-47.67_11.19_-63.79_-30.06_22.62_12.81_0.7054_0.2192_0.6697_-0.0759end12.84_1.24_-0.18_-47.67_11.19_-63.79_-30.06_22.62_12.81_0.7050_0.2224_0.6693_-0.0758end12.22_0.72_0.02_-47.67_11.19_-63.79_-31.94_21.62_11.94_0.7050_0.2224_0.6693_-0.0758end12.68_0.78_0.21_-55.51_-15.44_-26.63_-32.25_20.56_11.88_0.7050_0.2224_0.6693_-0.0758end12.68_0.78_0.21_-55.51_-15.44_-26.63_-31.87_20.94_11.94_0.7042_0.2309_0.6670_-0.0773end12.68_0.78_0.21_-55.51_-15.44_-26.63_-31.87_20.94_11.94_0.7040_0.2354_0.6653_-0.0797end11.82_1.07_0.18_-55.51_-15.44_-26.63_-30.81_20.56_12.81_0.7040_0.2374_0.6644_-0.0813end11.52_0.91_0.20_-55.06_-29.88_4.81_-30.81_20.56_12.81_0.7040_0.2374_0.6644_-0.0813end11.12_0.59_0.23_-55.06_-29.88_4.81_-30.81_20.56_12.81_0.7045_0.2402_0.6623_-0.0854end10.96_0.75_0.11_-48.90_-48.34_27.98_-30.81_20.56_12.81_0.7051_0.2413_0.6609_-0.0880end,0.0,0.0,0.0
916,,0.0,0.0,0.0
917,10.96_0.75_0.11_-48.90_-48.34_27.98_-30.81_20.56_12.81_0.7065_0.2424_0.6583_-0.0934end10.53_0.84_-0.02_-48.90_-48.34_27.98_-31.19_21.31_14.13_0.7072_0.2426_0.6571_-0.0964end10.32_0.82_-0.07_-48.90_-48.34_27.98_-31.19_21.31_14.13_0.7076_0.2426_0.6561_-0.0994end10.25_0.90_-0.13_-48.90_-48.34_27.98_-31.56_20.62_15.81_0.7076_0.2426_,0.0,0.0,0.0
918,0.6561_-0.0994end9.57_0.88_-0.07_-35.03_-18.58_48.79_-31.56_20.62_15.81_0.7080_0.2420_0.6551_-0.1049end9.57_0.88_-0.07_-26.97_-0.78_53.16_-31.56_20.62_15.81_0.7080_0.2420_0.6551_-0.1049end9.57_0.88_-0.07_-26.97_-0.78_53.16_-30.44_20.25_15.38_0.7068_0.2402_0.6558_-0.1124end9.57_0.88_-0.07_-20.59_11.30_53.60_-30.44_20.25_15.38_0.7060_0.2394_0.6566_-0.1147end9.57_0.88_-0.07_-17.35_12.98_53.49_-30.44_20.94_14.13_0.7043_0.2376_0.6583_-0.1187end9.03_1.24_-0.24_-17.35_12.98_53.49_-30.44_20.94_14.13_0.7036_0.2366_0.6591_-0.1206end,0.0,0.0,0.0
919,,0.0,0.0,0.0
920,,0.0,0.0,0.0
921,9.04_1.30_-0.15_-10.18_10.18_50.02_-30.44_20.94_14.13_0.7036_0.2366_0.6591_-0.1206end9.06_1.32_-0.16_-10.18_10.18_50.02_-30.44_20.94_14.13_0.7017_0.2333_0.6613_-0.1256end9.13_1.36_-0.16_-3.47_2.91_43.08_-29.37_22.62_14.50_0.7013_0.2322_0.6619_-0.1271end9.14_1.44_-0.22_-3.47_2.91_43.08_-29.37_22.62_14.50_0.7013_0.2322_0.6619_-0.1271end9.14_1.44_-0.22_1.23_-1.79_33.12_-29.37_22.31_14.50_0.7013_0.2322_0.6619_-0.1271end9.14_1.59_-0.26_1.23_-1.79_33.12_-29.00_22.00_15.00_0.7004_0.2280_0.6634_-0.1317end9.15_1.79_-0.21_1.23_-1.79_33.12_-29.00_22.00_15.00_0.7004_0.2280_0.6634_-0.1317end9.15_1.79_-0.21_5.04_-1.12_23.50_-29.00_23.00_15.44_0.7004_0.2280_0.6634_-0,0.0,0.0,0.0
922,.1317end9.17_1.96_-0.18_5.04_-1.12_23.50_-29.00_23.00_15.44_0.7001_0.2247_0.6644_-0.1340end9.17_1.96_-0.18_6.71_-0.78_13.09_-29.37_22.00_14.13_0.7001_0.2241_0.6646_-0.1343end,0.0,0.0,0.0
923,,0.0,0.0,0.0
924,9.21_2.06_-0.13_6.71_-0.78_13.09_-29.37_22.00_14.13_0.7001_0.2235_0.6647_-0.1345end9.43_2.08_-0.05_6.71_-0.78_13.09_-28.69_22.31_15.44_0.7001_0.2235_0.6647_-0.1345end9.63_2.16_-0.04_7.39_-5.04_2.01_-28.69_22.31_15.44_0.7001_0.2235_0.6647_-0.1345end9.63_2.16_-0.04_7.39_-5.04_2.01_-29.37_22.37_15.44_0.7009_0.2223_0.6644_-0.1342end10.02_2.43_0.09_7.39_-5.04_2.01_-29.37_22.37_15.44_0.7013_0.2222_0.6641_-0.1339end10.02_2.43_0.09_7.39_-12.20_-9.62_-29.37_22.62_12.31_0.7017_0.2222_0.6636_-0.1335end10.02_2.43_0.09_8.17_-11.19_-10.52_-29.37_22.31_14.13_0.7017_0.2222_0.6636_-0.1335end9.85_2.45_0.32_8.17_-11.19_-10.52_-29.37_22.31_14.13_0.7029_0.2221_0.6626_-0.1321end9.85_2.45_0.32_10.18_-4.03_-8.39_-30.06_22.37_15.81_0.7032_0.2220_0.6624_-0.1317end9.59_2.16_0.58_10.18_-2.24_-6.83_-30.06_22.37_15.81_0.7032_0.2220_0.6624_-0.1317end,0.0,0.0,0.0
925,,0.0,0.0,0.0
926,9.59_2.10_0.68_11.41_-1.12_-4.36_-30.06_22.37_15.81_0.7038_0.2215_0.6624_-0.1302end9.46_2.00_0.72_11.41_-1.12_-4.36_-30.06_22.37_15.81_0.7039_0.2211_0.6624_-0.1299end8.88_1.78_0.79_11.41_-1.12_-4.36_-30.06_22.37_15.81_0.7039_0.2211_0.6624_-0.1299end8.63_1.77_0.77_11.41_-1.12_-4.36_-29.00_22.62_13.62_0.7047_0.2197_0.6622_-0.1292end8.70_1.77_0.73_12.98_-17.46_6.49_-29.00_22.62_13.62_0.7051_0.2190_0.6619_-0.1292end8.94_1.82_0.78_12.98_-17.46_6.49_-29.00_22.62_13.62_0.7058_0.2183_0.6614_-0.1292end9.31_1.84_0.82_12.98_-17.46_6.49_-29.00_22.62_13.62_0.7067_0.2176_0.6606_-0.1293end9.34_1.79_0.93_12.98_-17.46_6.49_-30.06_22.31_13.25_0.7067_0.2176_0.6606_-0.129,0.0,0.0,0.0
927,,0.0,0.0,0.0
928,,0.0,0.0,0.0
929,,0.0,0.0,0.0
930,3end9.34_1.79_0.93_12.98_-17.46_6.49_-30.06_22.31_13.25_0.7106_0.2151_0.6571_-0.1301end8.82_2.11_0.89_12.98_-17.46_6.49_-29.75_23.31_13.75_0.7120_0.2142_0.6558_-0.1303end,0.0,0.0,0.0
931,8.84_2.15_0.89_12.98_-17.46_6.49_-29.75_23.31_13.75_0.7120_0.2142_0.6558_-0.1303end8.83_2.04_0.86_12.98_-17.46_6.49_-29.75_23.31_13.75_0.7145_0.2122_0.6537_-0.1307end8.83_2.04_0.86_12.98_-17.46_6.49_-27.94_22.62_15.81_0.7155_0.2112_0.6530_-0.1309end8.83_2.04_0.86_21.15_-11.97_10.85_-27.94_22.62_15.81_0.7155_0.2112_0.6530_-0.1309end8.83_2.04_0.86_21.15_-11.97_10.85_-28.31_22.62_14.13_0.7171_0.2080_0.6522_-0.1306end8.30_1.92_0.85_21.15_-11.97_10.85_-28.31_22.62_14.13_0.7173_0.2070_0.6524_-0.1302end8.20_1.85_0.86_23.39_7.61_6.83_-28.31_22.62_14.13_0.7172_0.2053_0.6533_-0.1292end8.06_1.79_0.85_23.84_15.89_2.35_-28.31_22.62_14.13_0.7170_0.2045_0.6539_-0.1285end7.86_1.69_0.88_23.39_19.25_-0.34_-28.31_22.62_14.13_0.7167_0.2038_0.6546_-0.1277end7.85_1.58_0.84_23.39_19.25_-0.34_-28.31_22.62_14.13_0.7163_0.2032_0.6554_-0.1268end7.87_1.57_0.88_22.16_23.16_-6.27_-28.31_22.62_14.13_0.7163_0.2032_0.6554_-0.1268end7.87_1.57_0.88_22.16_23.16_-6.27_-28.31_22.62_14.50_0.7149_0.2023_0.6578_-0.1235end8.08_1.52_0.85_22.16_23.16_-6.27_-28.31_22.62_14.50_0.7145_0.2022_0.6586_-0.1223end8.16_1.48_0.93_17.35_24.84_-22.05_-28.31_22.62_14.50_0.7145_0.2022_0.6586_-0.1223end8.38_1.43_0.95_17.35_24.84_-22.05_-28.31_22.62_14.50_0.7135_0.2027_0.6600_-0.1194end8.41_1.42_0.95_11.86_19.25_-33.01_-28.31_22.62_14.50_0.7135_0.2027_0.6600_-0.1194end8.41_1.42_0.95_11.86_19.25_-33.01_-28.31_22.62_14.50_0.7125_0.2045_0.6613_-0.1148end8.31_1.46_0.96_11.86_19.25_-33.01_-28.62_22.94_12.81_0.7123_0.2053_0.6615_-,0.0,0.0,0.0
932,0.1133end8.24_1.48_0.94_11.86_19.25_-33.01_-28.62_22.94_12.81_0.7122_0.2063_0.6616_-0.1118end8.36_1.41_1.02_11.86_19.25_-33.01_-28.62_22.94_12.81_0.7122_0.2063_0.6616_-0.1118end,0.0,0.0,0.0
933,8.36_1.41_1.02_11.86_19.25_-33.01_-29.69_22.62_13.62_0.7122_0.2095_0.6613_-0.1072end8.64_1.33_0.87_11.86_19.25_-33.01_-29.69_22.62_13.62_0.7123_0.2108_0.6610_-0.1058end8.84_1.30_0.78_11.86_19.25_-33.01_-30.06_23.31_12.81_0.7123_0.2108_0.6610_-0.1058end9.00_1.22_0.62_-2.01_1.45_-48.01_-30.06_23.31_12.81_0.7123_0.2108_0.6610_-0.1058end9.06_1.19_0.59_-2.01_1.45_-48.01_-30.81_22.94_12.81_0.7128_0.2166_0.6595_-0.0999end9.15_1.15_0.55_-5.04_2.46_-52.48_-30.81_22.94_12.81_0.7130_0.2181_0.6591_-0.0984end9.21_1.00_0.41_-5.04_2.46_-52.48_-29.69_22.31_12.31_0.7130_0.2198_0.6587_-0.0969end9.26_0.92_0.36_-5.04_2.46_-52.48_-29.69_22.31_12.31_0.7131_0.2216_0.6583_-0.0954end9.34_0.86_0.34_-7.05_4.92_-55.84_-29.69_22.31_12.31_0.7131_0.2216_0.6583_-0.0954end9.34_0.86_0.34_-6.83_7.16_-56.96_-29.69_22.31_12.31_0.7131_0.2216_0.6583_-0.0954end,0.0,0.0,0.0
934,,0.0,0.0,0.0
935,9.34_0.86_0.34_-6.49_8.62_-56.74_-29.69_22.31_12.31_0.7130_0.2271_0.6571_-0.0906end9.64_0.76_0.18_-6.49_8.62_-56.74_-29.69_22.31_12.31_0.7130_0.2290_0.6568_-0.0889end9.64_0.76_0.18_-5.26_12.20_-55.28_-30.81_20.56_13.19_0.7130_0.2290_0.6568_-0.0889end9.89_0.71_0.08_-5.26_12.20_-55.28_-30.81_20.56_13.19_0.7130_0.2290_0.6568_-0.0889end10.01_0.67_0.09_-3.58_16.00_-52.60_-30.81_20.56_13.19_0.7121_0.2361_0.6561_-0.0821end10.01_0.67_0.09_-3.58_16.00_-52.60_-31.56_19.87_12.81_0.7121_0.2361_0.6561_-0.0821end10.27_0.66_0.07_-3.13_16.34_-51.48_-31.56_19.87_12.81_0.7115_0.2394_0.6559_-0.0787end10.32_0.69_0.09_-3.13_16.34_-51.48_-31.56_19.87_12.81_0.7111_0.2410_0.6559_-0.0770end10.45_0.67_0.05_-3.13_16.34_-51.48_-31.56_19.87_12.81_0.7102_0.2455_0.6558_-0.0724end10.70_0.68_0.02_-3.13_16.34_-51.48_-30.81_22.00_12.81_0.7099_0.2469_0.6558_-0.0709end,0.0,0.0,0.0
936,,0.0,0.0,0.0
937,,0.0,0.0,0.0
938,10.70_0.70_0.04_-3.13_16.34_-51.48_-32.25_20.56_11.88_0.7097_0.2483_0.6557_-0.0696end10.74_0.75_0.05_-5.37_11.41_-40.06_-32.25_20.56_11.88_0.7097_0.2483_0.6557_-0.0696end10.76_0.75_0.07_-5.37_11.41_-40.06_-32.25_20.56_11.88_0.7090_0.2509_0.6556_-0.0671end10.84_0.72_0.05_-5.37_11.41_-40.06_-32.25_20.56_11.88_0.7086_0.2534_0.6554_-0.0651end10.84_0.79_0.06_-5.37_11.41_-40.06_-32.25_20.56_11.88_0.7083_0.2545_0.6553_-0.0642end10.75_0.79_0.05_-8.28_3.92_-27.19_-32.25_18.50_13.19_0.7082_0.2555_0.6551_-0.0635end10.75_0.79_0.05_-8.95_1.57_-24.62_-33.38_19.19_12.31_0.7082_0.2555_0.6551_-0.0635end10.75_0.79_0.05_-9.74_-4.03_-20.37_-33.38_19.19_12.31_0.7080_0.2584,0.0,0.0,0.0
939,_0.6544_-0.0621end10.78_0.70_0.02_-9.74_-4.03_-20.37_-33.38_19.19_12.31_0.7081_0.2592_0.6539_-0.0618end11.08_0.70_0.00_-9.74_-4.03_-20.37_-33.38_18.87_12.75_0.7081_0.2592_0.6539_-0.0618end,0.0,0.0,0.0
940,,0.0,0.0,0.0
941,11.20_0.72_-0.02_-9.74_-4.03_-20.37_-33.00_19.19_13.19_0.7081_0.2592_0.6539_-0.0618end11.20_0.72_-0.02_-9.74_-4.03_-20.37_-32.63_18.12_12.25_0.7087_0.2616_0.6523_-0.0616end11.20_0.72_-0.02_-9.74_-4.03_-20.37_-32.63_18.12_12.25_0.7092_0.2632_0.6511_-0.0618end11.59_1.05_-0.21_-9.74_-4.03_-20.37_-32.63_18.12_12.25_0.7094_0.2640_0.6505_-0.0620end11.59_1.05_-0.21_-15.11_-11.97_-11.64_-32.63_18.12_12.25_0.7094_0.2640_0.6505_-0.0620end11.77_1.18_-0.31_-15.11_-11.97_-11.64_-32.63_18.12_12.25_0.7100_0.2662_0.6490_-0.0626end12.39_1.59_-0.47_-15.11_-11.97_-11.64_-32.63_18.12_12.25_0.7101_0.2669_0.6485_-0.0628end12.58_1.73_-0.49_-15.11_-15.44_-7.39_-33.38_17.81_12,0.0,0.0,0.0
942,.75_0.7101_0.2669_0.6485_-0.0628end13.00_2.01_-0.72_-15.11_-18.35_-6.49_-33.38_17.81_12.75_0.7111_0.2687_0.6466_-0.0640end13.29_2.24_-0.83_-15.33_-26.07_-7.39_-33.38_17.81_12.75_0.7115_0.2693_0.6458_-0.0645end,0.0,0.0,0.0
943,,0.0,0.0,0.0
944,,0.0,0.0,0.0
945,13.89_2.66_-0.99_-15.33_-26.07_-7.39_-33.38_17.81_12.75_0.7115_0.2693_0.6458_-0.0645end14.32_2.78_-1.18_-15.55_-38.16_-13.65_-33.38_17.81_12.75_0.7115_0.2693_0.6458_-0.0645end14.32_2.78_-1.18_-15.55_-38.16_-13.65_-33.38_17.19_15.31_0.7138_0.2713_0.6423_-0.0660end14.32_2.78_-1.18_-16.00_-41.18_-18.35_-33.38_17.19_15.31_0.7158_0.2729_0.6393_-0.0668end14.24_2.29_-1.25_-16.00_-41.18_-18.35_-33.00_17.81_12.75_0.7167_0.2738_0.6379_-0.0671end13.80_1.98_-1.25_-16.00_-41.18_-18.35_-33.00_17.81_12.75_0.7167_0.2738_0.6379_-0.0671end13.59_1.78_-1.23_-15.22_-29.66_-16.90_-33.00_17.81_12.75_0.7167_0.2738_0.6379_-0.0671end13.24_1.48_-1.25_-14.21_-22.83_-13.20_-33.38_17.19_12.31_0.7167_0.2738_0.6379_-0.0671end12.98_1.41_-1.21_-13.32_-16.00_-7.83_-33.38_17.19_12.31_0.7195_0.2774_0.6329_-0.0685end12.63_1.36_-1.05_-13.32_-16.00_-7.83_-33.38_17.19_12.31_0.7195_0.2774_0.6329_-0.0685end,0.0,0.0,0.0
946,12.27_1.26_-0.86_-10.41_-2.13_15.78_-33.38_17.19_12.31_0.7195_0.2774_0.6329_-0.0685end12.27_1.26_-0.86_-9.29_-1.68_24.84_-32.25_17.19_14.06_0.7195_0.2774_0.6329_-0.0685end11.89_1.14_-0.68_-9.29_-1.68_24.84_-32.25_17.19_14.06_0.7191_0.2759_0.6335_-0.0733end11.89_1.14_-0.68_-9.29_-1.68_24.84_-33.38_16.50_13.62_0.7191_0.2747_0.6339,0.0,0.0,0.0
947,_-0.0751end10.98_1.13_-0.48_-9.29_-1.68_24.84_-33.38_16.50_13.62_0.7192_0.2731_0.6342_-0.0770end10.74_1.10_-0.44_0.34_-22.05_69.72_-33.38_16.50_13.62_0.7192_0.2731_0.6342_-0.0770end10.45_1.07_-0.48_2.46_-26.41_76.99_-33.38_16.50_13.62_0.7192_0.2731_0.6342_-0.0770end10.45_1.07_-0.48_2.46_-26.41_76.99_-33.00_17.50_14.06_0.7205_0.2667_0.6346_-0.0846end9.67_1.21_-0.64_2.46_-26.41_76.99_-33.00_17.50_14.06_0.7205_0.2667_0.6346_-0.0846end9.32_1.29_-0.74_11.75_-28.65_95.68_-33.00_17.50_14.06_0.7205_0.2667_0.6346_-0.0846end,0.0,0.0,0.0
948,,0.0,0.0,0.0
949,9.19_1.32_-0.76_13.99_-25.96_98.03_-33.00_17.50_14.06_0.7205_0.2667_0.6346_-0.0846end9.12_1.38_-0.81_13.99_-25.96_98.03_-31.50_18.50_14.50_0.7205_0.2667_0.6346_-0.0846end8.97_1.43_-0.83_13.99_-25.96_98.03_-31.50_18.50_14.50_0.7235_0.2444_0.6370_-0.1051end8.80_1.50_-0.82_13.99_-25.96_98.03_-29.69_18.87_14.06_0.7235_0.2444_0.6370_,0.0,0.0,0.0
950,-0.1051end8.80_1.50_-0.82_21.93_-13.88_100.49_-29.69_18.87_14.06_0.7238_0.2372_0.6384_-0.1105end8.80_1.50_-0.82_21.93_-13.88_100.49_-30.44_19.56_13.69_0.7239_0.2337_0.6392_-0.1130end8.80_1.50_-0.82_25.85_-11.19_95.68_-30.44_19.56_13.69_0.7240_0.2302_0.6400_-0.1155end8.94_1.93_-0.96_25.85_-11.19_95.68_-30.44_19.56_13.69_0.7241_0.2265_0.6407_-0.1179end8.94_1.93_-0.96_29.77_-12.87_85.94_-30.44_19.56_13.69_0.7244_0.2197_0.6420_-0.1221end9.17_2.09_-0.89_31.11_-13.76_82.14_-30.44_19.56_13.69_0.7244_0.2197_0.6420_-0.1221end,0.0,0.0,0.0
951,9.38_2.23_-0.81_31.11_-13.76_82.14_-30.44_19.56_13.69_0.7251_0.2097_0.6435_-0.1274end9.47_2.28_-0.84_31.11_-13.76_82.14_-30.44_19.56_13.69_0.7253_0.2065_0.6439_-0.1287end9.73_2.50_-0.89_31.11_-13.76_82.14_-30.44_19.56_13.69_0.7253_0.2065_0.6439_-0.1287end9.73_2.50_-0.89_31.11_-13.76_82.14_-28.62_23.31_13.62_0.7263_0.1973_0.6452_-0.1317end9.98_2.82_-0.97_31.11_-13.76_82.14_-28.62_23.31_13.62_0.7265_0.1944_0.6457_-0.1323end10.38_3.18_-0.97_31.11_-13.76_82.14_-28.62_23.31_13.62_0.7265_0.1944_0.6457_-0.1323end10.52_3.38_-0.98_42.86_2.13_43.87_-28.31_22.94_14.56_0.7265_0.1944_0.6457_-0.1323end10.60_3.47_-1.00_43.87_5.93_41.07_-28.31_22.94_14.56_0.7266_0.183,0.0,0.0,0.0
952,8_0.6486_-0.1330end10.75_3.66_-1.00_43.87_5.93_41.07_-28.69_23.62_12.81_0.7263_0.1814_0.6495_-0.1328end10.84_3.77_-0.91_43.87_5.93_41.07_-28.69_23.62_12.81_0.7260_0.1790_0.6506_-0.1325end,0.0,0.0,0.0
953,10.84_3.77_-0.91_47.00_19.81_34.02_-27.94_22.94_14.56_0.7260_0.1790_0.6506_-0.1325end10.84_3.77_-0.91_47.00_19.81_34.02_-27.94_22.94_14.56_0.7247_0.1719_0.6542_-0.1312end10.87_3.84_-0.80_47.00_19.81_34.02_-27.94_22.94_14.56_0.7242_0.1695_0.6555_-0.1306end10.82_3.81_-0.70_49.91_22.72_34.47_-27.94_22.94_14.56_0.7232_0.1645_0.6581_,0.0,0.0,0.0
954,-0.1296end10.75_3.69_-0.69_49.91_22.72_34.47_-27.94_22.94_14.56_0.7227_0.1620_0.6594_-0.1291end10.66_3.64_-0.68_49.91_22.72_34.47_-27.56_25.00_11.94_0.7227_0.1620_0.6594_-0.1291end10.54_3.58_-0.61_51.92_21.37_39.17_-27.62_26.44_12.00_0.7227_0.1620_0.6594_-0.1291end10.54_3.58_-0.61_51.59_21.26_39.95_-27.62_26.44_12.00_0.7213_0.1541_0.6631_-0.1278end10.18_3.32_-0.47_52.26_21.15_41.74_-27.62_26.44_12.00_0.7208_0.1513_0.6644_-0.1274end10.18_3.32_-0.47_52.26_21.15_41.74_-27.25_24.69_11.56_0.7202_0.1485_0.6656_-0.1271end,0.0,0.0,0.0
955,,0.0,0.0,0.0
956,10.18_3.32_-0.47_52.26_19.81_45.55_-27.25_24.69_11.56_0.7192_0.1429_0.6680_-0.1265end9.44_2.87_-0.26_52.26_19.81_45.55_-26.87_27.06_10.31_0.7181_0.1370_0.6705_-0.1261end9.30_2.81_-0.27_52.26_19.81_45.55_-26.87_27.13_11.56_0.7176_0.1341_0.6718_-0.1260end9.00_2.67_-0.21_52.26_19.81_45.55_-26.87_27.13_11.56_0.7176_0.1341_0.6718_-0.1260end8.70_2.60_-0.14_52.26_19.81_45.55_-26.87_27.13_11.56_0.7164_0.1282_0.6742_-0.1257end8.54_2.58_-0.13_49.69_22.16_49.13_-26.87_27.13_11.56_0.7164_0.1282_0.6742_-0.1257end8.54_2.58_-0.13_49.91_22.72_49.24_-26.87_27.13_11.56_0.7144_0.1194_0.6780_-0.1255end8.28_2.46_-0.10_49.91_22.72_49.24_-26.87_27.13_11.56_0.7136_0.1166_0.67,0.0,0.0,0.0
957,93_-0.1255end8.28_2.46_-0.10_49.91_22.72_49.24_-26.50_27.69_9.81_0.7128_0.1138_0.6805_-0.1254end7.99_2.45_0.00_49.91_22.72_49.24_-26.50_27.69_9.81_0.7128_0.1138_0.6805_-0.1254end,0.0,0.0,0.0
958,,0.0,0.0,0.0
959,7.85_2.37_0.02_49.91_22.72_49.24_-26.50_27.69_9.81_0.7105_0.1058_0.6843_-0.1254end7.69_2.43_0.03_49.91_22.72_49.24_-26.50_27.69_9.81_0.7098_0.1033_0.6855_-0.1253end7.66_2.45_0.09_40.17_21.82_40.73_-26.50_27.69_9.81_0.7098_0.1033_0.6855_-0.1253end7.60_2.45_0.08_39.06_20.59_38.72_-26.12_27.69_7.69_0.7098_0.1033_0.6855_-0.1253end7.53_2.45_0.09_37.15_19.14_36.48_-26.12_27.69_7.69_0.7098_0.1033_0.6855_-0.1253end7.53_2.45_0.09_37.15_19.14_36.48_-26.50_29.44_9.44_0.7065_0.0921_0.6905_-0.1249end7.41_2.53_0.09_37.15_19.14_36.48_-26.50_29.44_9.44_0.7059_0.0902_0.6913_-0.1248end7.31_2.53_0.06_37.15_19.14_36.48_-25.44_29.44_7.75_0.7059_0.0902_0.6913_-0.1248end7.30,0.0,0.0,0.0
960,_2.55_0.06_27.86_11.19_22.94_-25.44_29.44_7.75_0.7059_0.0902_0.6913_-0.1248end7.27_2.59_0.11_27.86_11.19_22.94_-25.44_29.44_7.75_0.7042_0.0837_0.6941_-0.1241end,0.0,0.0,0.0
961,,0.0,0.0,0.0
962,7.23_2.61_0.13_27.86_11.19_22.94_-25.06_29.44_8.13_0.7039_0.0823_0.6945_-0.1238end7.28_2.57_0.13_27.86_11.19_22.94_-25.06_29.44_8.13_0.7039_0.0823_0.6945_-0.1238end7.32_2.59_0.14_21.37_2.35_11.53_-25.06_29.44_8.13_0.7039_0.0823_0.6945_-0.1238end7.32_2.59_0.14_18.69_1.34_4.59_-25.06_29.44_8.13_0.7036_0.0791_0.6954_-0.1229end7.29_2.56_0.11_18.69_1.34_4.59_-25.06_29.44_8.13_0.7035_0.0776_0.6958_-0.1220end7.29_2.56_0.11_15.55_2.57_-2.46_-25.81_30.12_6.87_0.7035_0.0776_0.6958_-0.1220end7.32_2.54_0.09_15.55_2.57_-2.46_-25.81_30.12_6.87_0.7035_0.0776_0.6958_-0.1220end7.35_2.52_0.13_15.55_2.57_-2.46_-25.06_28.38_6.81_0.7035_0.0776_0.6958_-0.1220end7.35_2.52_0.13_15.55_2.57_-2.46_-25.06_28.38_6.81_0.7029_0.0768_0.6971_-0.1186end7.47_2.45_0.19_15.55_2.57_-2.46_-25.44_29.75_5.94_0.7029_0.0768_0.6971_-0.1186end,0.0,0.0,0.0
963,,0.0,0.0,0.0
964,7.47_2.45_0.19_5.93_14.66_-24.06_-25.44_29.75_5.94_0.7027_0.0771_0.6974_-0.1177end7.47_2.45_0.19_5.93_14.66_-24.06_-25.06_30.50_8.56_0.7024_0.0776_0.6979_-0.1168end7.47_2.45_0.19_3.58_15.11_-27.08_-25.06_30.50_8.56_0.7017_0.0792_0.6987_-0.1147end7.47_2.45_0.19_-0.78_14.88_-32.34_-25.44_29.75_8.13_0.7017_0.0792_0.6987_-0.1147end7.47_2.45_0.19_-0.78_14.88_-32.34_-25.44_29.75_8.13_0.7009_0.0826_0.6996_-0.1117end7.53_2.41_0.25_-0.78_14.88_-32.34_-25.44_29.75_8.13_0.7009_0.0826_0.6996_-0.1117end7.53_2.41_0.25_-10.74_6.83_-40.17_-25.75_29.06_5.56_0.7009_0.0826_0.6996_-0.1117end7.53_2.41_0.25_-10.74_6.83_-40.17_-25.75_29.06_5.56_0.7007_0.0889_0.6996_-0.1079end7.56_2.39_0.32_-18.69_-3.80_-45.10_-25.75_29.06_5.56_0.7009_0.0907_0.6993_-0.1071end7.65_2.35_0.32_-18.69_-3.80_-45.10_-25.75_29.06_5.56_0.7009_0.0907_0.6993_-0.1071end,0.0,0.0,0.0
965,,0.0,0.0,0.0
966,7.73_2.31_0.36_-18.69_-3.80_-45.10_-26.87_28.75_6.81_0.7009_0.0907_0.6993_-0.1071end7.86_2.32_0.39_-18.69_-3.80_-45.10_-27.25_28.38_7.69_0.7021_0.0969_0.6976_-0.1049end7.86_2.32_0.39_-29.99_-21.26_-53.27_-27.25_28.38_7.69_0.7027_0.0992_0.6968_-0.1042end7.86_2.32_0.39_-29.99_-21.26_-53.27_-27.25_28.38_7.69_0.7042_0.1040_0.6948_-0.1029end8.08_2.39_0.36_-29.99_-21.26_-53.27_-27.25_28.38_7.69_0.7042_0.1040_0.6948_-0.1029end8.08_2.39_0.36_-35.70_-23.28_-59.76_-27.25_28.38_7.69_0.7064_0.1120_0.6916_-0.1011end8.40_2.39_0.36_-35.70_-23.28_-59.76_-27.25_28.38_7.69_0.7070_0.1148_0.6906_-0.1004end8.48_2.39_0.36_-35.70_-23.28_-59.76_-29.00_27.75_9.81_0.7070_0.1148,0.0,0.0,0.0
967,_0.6906_-0.1004end8.48_2.39_0.36_-38.38_-16.90_-65.13_-27.62_27.44_9.38_0.7070_0.1148_0.6906_-0.1004end8.59_2.45_0.29_-38.38_-16.90_-65.13_-28.31_27.06_8.50_0.7070_0.1148_0.6906_-0.1004end,0.0,0.0,0.0
968,,0.0,0.0,0.0
969,8.77_2.50_0.18_-38.38_-16.90_-65.13_-28.31_27.06_8.50_0.7096_0.1304_0.6857_-0.0966end8.99_2.50_0.13_-38.38_-16.90_-65.13_-28.31_27.06_8.50_0.7098_0.1339_0.6849_-0.0956end9.10_2.49_0.18_-42.86_-4.70_-73.52_-28.31_27.06_8.50_0.7098_0.1339_0.6849_-0.0956end9.10_2.49_0.18_-46.33_-5.48_-76.88_-28.31_27.06_8.50_0.7103_0.1446_0.6826_-0.0928end9.34_2.37_0.15_-46.33_-5.48_-76.88_-28.31_27.06_8.50_0.7105_0.1483_0.6817_-0.0918end9.48_2.34_0.15_-46.33_-5.48_-76.88_-28.31_27.06_8.50_0.7105_0.1483_0.6817_-0.0918end9.48_2.34_0.15_-50.69_-11.53_-81.58_-30.06_24.69_10.25_0.7105_0.1483_0.6817_-0.0918end9.48_2.34_0.15_-52.93_-13.88_-82.36_-30.06_24.69_10.25_0.7113_0.1601,0.0,0.0,0.0
970,_0.6786_-0.0890end9.91_2.39_0.05_-52.93_-13.88_-82.36_-30.06_24.69_10.25_0.7117_0.1641_0.6774_-0.0881end9.91_2.39_0.05_-57.41_-19.36_-84.60_-30.06_24.69_10.25_0.7126_0.1724_0.6746_-0.0865end,0.0,0.0,0.0
971,,0.0,0.0,0.0
972,10.39_2.33_0.00_-57.41_-19.36_-84.60_-30.06_23.62_10.25_0.7126_0.1724_0.6746_-0.0865end10.39_2.33_0.00_-59.53_-19.02_-84.94_-30.06_23.62_10.25_0.7134_0.1808_0.6717_-0.0850end10.62_2.43_-0.03_-59.53_-19.02_-84.94_-30.06_23.62_10.25_0.7141_0.1895_0.6688_-0.0835end10.79_2.51_-0.04_-59.53_-19.02_-84.94_-30.06_23.62_10.25_0.7142_0.1937_0.6675_-0.0828end11.56_2.82_-0.20_-59.53_-19.02_-84.94_-30.06_23.62_10.25_0.7142_0.1980_0.6663_-0.0822end11.88_2.94_-0.21_-63.23_-7.95_-81.47_-30.06_23.62_10.25_0.7142_0.1980_0.6663_-0.0822end11.88_2.94_-0.21_-63.23_-7.95_-81.47_-30.06_23.62_10.25_0.7141_0.2110_0.6627_-0.0803end12.98_3.73_-0.44_-63.23_-7.95_-81.47_-30.06_23.62_10.25_0.7139_0.2155_0.6614_-0.0797end13.67_4.06_-0.67_-63.23_-7.95_-81.47_-31.56_20.56_10.19_0.7139_0.2197_0.6602_-0.0790end13.98_4.25_-0.75_-66.02_-12.98_-84.38_-31.56_20.56_10.19_0.7139_0.2197_0.6602_-0.0790end,0.0,0.0,0.0
973,,0.0,0.0,0.0
974,,0.0,0.0,0.0
975,13.98_4.25_-0.75_-66.02_-12.98_-84.38_-31.56_20.56_10.19_0.7140_0.2332_0.6556_-0.0772end14.54_4.17_-1.10_-66.02_-12.98_-84.38_-31.56_20.56_10.19_0.7141_0.2378_0.6539_-0.0766end14.52_4.00_-1.14_-70.61_-21.71_-91.99_-31.56_20.56_10.19_0.7143_0.2424_0.6521_-0.0760end14.34_3.68_-1.13_-70.61_-21.71_-91.99_-33.38_18.19_12.75_0.7143_0.2424_0.6521_-0.0760end14.24_3.44_-1.11_-74.08_-18.13_-93.67_-33.38_18.19_12.75_0.7143_0.2424_0.6521_-0.0760end14.24_3.44_-1.11_-74.08_-18.13_-93.67_-33.38_18.19_12.75_0.7142_0.2620_0.6449_-0.0735end13.89_2.83_-1.00_-74.08_-18.13_-93.67_-33.00_17.19_13.62_0.7142_0.2620_0.6449_-0.0735end13.89_2.83_-1.00_-83.59_-10.18_-82.14_-33.00,0.0,0.0,0.0
976,_17.19_13.62_0.7139_0.2671_0.6432_-0.0731end13.89_2.83_-1.00_-83.59_-10.18_-82.14_-33.00_17.19_13.62_0.7134_0.2720_0.6417_-0.0729end13.24_2.14_-0.47_-83.59_-10.18_-82.14_-33.00_17.19_13.62_0.7125_0.2815_0.6386_-0.0732end,0.0,0.0,0.0
977,,0.0,0.0,0.0
978,13.24_2.14_-0.47_-89.30_-16.00_-60.65_-33.00_16.50_13.62_0.7125_0.2815_0.6386_-0.0732end13.24_2.14_-0.47_-89.30_-16.00_-60.65_-33.00_16.50_13.62_0.7112_0.2944_0.6339_-0.0762end12.37_1.57_-0.07_-89.30_-16.00_-60.65_-33.00_16.50_13.62_0.7112_0.2944_0.6339_-0.0762end12.11_1.39_-0.04_-91.65_-42.75_-23.50_-34.06_14.44_15.69_0.7112_0.2944_0.6339_-0.0762end11.80_1.18_-0.02_-91.32_-48.90_-13.99_-34.06_14.44_15.69_0.7112_0.3077_0.6262_-0.0855end11.50_1.07_-0.02_-91.32_-48.90_-13.99_-34.06_14.44_15.69_0.7115_0.3103_0.6241_-0.0886end10.63_0.66_-0.02_-91.32_-48.90_-13.99_-34.06_14.44_16.62_0.7115_0.3103_0.6241_-0.0886end10.38_0.59_-0.02_-91.32_-48.90_-13.99_-32.94_14.06_15.69_0.7115_0.3103_0.6241_-0.0886end10.38_0.59_-0.02_-91.32_-48.90_-13.99_-34.75_13.44_17.87_0.7126_0.3184_0.6166_-0.1030end9.30_0.27_-0.05_-91.32_-48.90_-13.99_-34.75_13.44_17.87_0.7128_0.3199_0.6149_-0.1068end,0.0,0.0,0.0
979,,0.0,0.0,0.0
980,9.12_0.22_-0.04_-78.22_-49.80_33.46_-34.75_13.44_17.87_0.7128_0.3199_0.6149_-0.1068end9.12_0.22_-0.04_-78.22_-49.80_33.46_-32.94_13.75_18.37_0.7129_0.3225_0.6121_-0.1144end9.12_0.22_-0.04_-73.63_-42.30_36.37_-32.94_13.75_18.37_0.7128_0.3237_0.6108_-0.1181end9.12_0.22_-0.04_-71.40_-38.94_37.04_-32.94_13.75_18.37_0.7125_0.3257_0.6088_-0.1253end9.12_0.22_-0.04_-67.37_-32.45_35.59_-32.94_13.75_18.37_0.7122_0.3267_0.6078_-0.1287end8.21_0.20_-0.50_-67.37_-32.45_35.59_-32.56_13.06_18.37_0.7122_0.3267_0.6078_-0.1287end8.21_0.20_-0.50_-62.11_-30.21_29.88_-32.56_13.06_18.37_0.7119_0.3276_0.6070_-0.1319end8.21_0.20_-0.50_-60.43_-31.22_26.75_-32.56_13.06_18.37_0.7,0.0,0.0,0.0
981,,0.0,0.0,0.0
982,112_0.3296_0.6053_-0.1382end8.26_0.45_-0.61_-60.43_-31.22_26.75_-32.56_13.06_18.37_0.7108_0.3315_0.6034_-0.1440end8.64_0.79_-0.75_-60.43_-31.22_26.75_-32.56_13.06_18.37_0.7108_0.3315_0.6034_-0.1440end8.78_0.88_-0.81_-56.06_-38.05_15.11_-32.56_13.06_18.37_0.7109_0.3348_0.5997_-0.1516end8.91_0.99_-0.87_-56.06_-38.05_15.11_-31.50_14.13_20.94_0.7111_0.3360_0.5982_-0.1537end9.12_1.31_-1.06_-56.06_-38.05_15.11_-31.50_14.13_20.94_0.7114_0.3372_0.5967_-0.1558end9.12_1.31_-1.06_-51.03_-42.52_-2.46_-32.25_13.44_20.56_0.7117_0.3385_0.5,0.0,0.0,0.0
983,950_-0.1577end9.12_1.31_-1.06_-49.13_-42.08_-6.38_-31.12_12.75_21.75_0.7117_0.3385_0.5950_-0.1577end9.69_1.61_-1.17_-47.90_-41.18_-10.07_-31.12_12.75_21.75_0.7128_0.3428_0.5899_-0.1625end9.87_1.62_-1.18_-47.90_-41.18_-10.07_-31.12_12.75_21.75_0.7133_0.3444_0.5881_-0.1638end10.48_1.62_-1.13_-47.90_-41.18_-10.07_-31.12_12.75_21.75,0.0,0.0,0.0
984,_0.7133_0.3444_0.5881_-0.1638end10.48_1.62_-1.13_-39.73_-36.26_-22.38_-30.00_12.75_21.37_0.7133_0.3444_0.5881_-0.1638end10.48_1.62_-1.13_-39.73_-36.26_-22.38_-30.00_12.75_21.37_0.7146_0.3490_0.5829_-0.1665end,0.0,0.0,0.0
985,10.48_1.62_-1.13_-39.73_-36.26_-22.38_-30.00_12.75_21.37_0.7155_0.3520_0.5798_-0.1674end11.44_1.63_-1.09_-39.73_-36.26_-22.38_-32.56_12.13_21.37_0.7155_0.3520_0.5798_-0.1674end11.59_1.67_-1.10_-21.93_-18.80_-29.88_-32.56_12.13_21.37_0.7155_0.3520_0.5798_-0.1674end11.59_1.67_-1.10_-21.93_-18.80_-29.88_-32.56_12.13_21.37_0.7168_0.3571_0.5751_-0.1671end11.77_1.61_-1.04_-21.93_-18.80_-29.88_-32.56_12.13_21.37_0.7170_0.3582_0.5744_-0.1665end11.93_1.56_-1.00_-21.93_-18.80_-29.88_-32.56_12.13_21.37_0.7170_0.3582_0.5744_-0.1665end12.02_1.52_-0.97_-1.01_2.35_-24.40_-32.56_12.13_21.37_0.7173_0.3604_0.5732_-0.1642end12.01_1.43_-0.96_-1.01_2.35_-24.40_-32.56_12.13,0.0,0.0,0.0
986,,0.0,0.0,0.0
987,_21.37_0.7173_0.3608_0.5732_-0.1634end11.89_1.26_-0.83_-1.01_2.35_-24.40_-32.25_12.13_22.62_0.7175_0.3610_0.5732_-0.1625end11.80_1.21_-0.75_15.22_7.83_-11.08_-32.25_12.13_22.62_0.7175_0.3610_0.5732_-0.1625end11.80_1.21_-0.75_15.22_7.83_-11.08_-31.12_11.06_22.25_0.7178_0.3602_0.5740_-0.1600end11.30_1.00_-0.55_15.22_7.83_-11.08_-31.12_11.06_22.25_0.7178_0.3602_0.5740_-0.1600end11.08_0.97_-0.51_29.32_6.83_7.05_-31.12_11.06_22.25_0.7178_0.3602_0.5740_-0.1600end10.95_0.97_-0.51_33.12_6.60_11.41_-31.87_12.44_22.62_0.7178_0.3602_0.5740_-0.1600end10.89_0.98_-0.55_36.03_7.50_15.11_-31.87_12.44_22.62_0.7189_0.3545_0.5770_-0.1568end10.79_1.00_-0.50_36.03_7.50_15.11_-31.87_12.44_22.62_0.7191_0.3527_0.5779_-0.1562end10.44_1.10_-0.41_36.03_7.50_15.11_-31.87_12.44_22.62_0.7191_0.3527_0.5779_-0.1562end10.34_1.18_-0.40_36.03_7.50_15.11_-32.25_11.75_22.62_0.7191_0.3527_0.5779_-0.1562end10.25_1.20_-0.41_50.13_18.02_30.89_-32.25_11.75_22.62_0.7191_0.3527_0.5779_-0.1562end10.10_1.31_-0.42_50.13_18.02_30.89_-32.25_11.75_22.62_0.7196_0.3420_0.5846_-0.1532end,0.0,0.0,0.0
988,,0.0,0.0,0.0
989,,0.0,0.0,0.0
990,9.99_1.33_-0.39_50.13_18.02_30.89_-32.25_11.75_22.62_0.7195_0.3395_0.5863_-0.1526end9.89_1.47_-0.37_50.13_18.02_30.89_-32.25_11.75_22.62_0.7195_0.3395_0.5863_-0.1526end9.74_1.64_-0.46_50.13_18.02_30.89_-32.25_11.75_22.62_0.7193_0.3342_0.5900_-0.1512end9.72_1.70_-0.45_61.44_28.87_42.08_-32.25_11.75_22.62_0.7193_0.3342_0.5900_-0.1512end9.72_1.70_-0.45_61.44_28.87_42.08_-32.25_11.75_22.62_0.7189_0.3258_0.5957_-0.1491end9.61_1.92_-0.49_61.44_28.87_42.08_-32.25_11.75_22.62_0.7187_0.3229_0.5977_-0.1484end9.54_1.96_-0.43_64.23_28.20_42.64_-32.25_11.75_22.62_0.7187_0.3229_0.5977_-0.1484end9.51_2.06_-0.47_64.23_28.20_42.64_-32.25_11.75_22.62_0.7184_0.3171_0.601,0.0,0.0,0.0
991,6_-0.1469end9.46_2.18_-0.43_64.23_28.20_42.64_-32.25_11.75_22.62_0.7181_0.3112_0.6052_-0.1453end9.45_2.21_-0.44_65.69_25.40_41.52_-32.25_11.75_22.62_0.7181_0.3112_0.6052_-0.1453end,0.0,0.0,0.0
992,9.45_2.21_-0.44_65.69_25.40_41.52_-32.25_11.75_22.62_0.7180_0.3022_0.6105_-0.1429end9.54_2.33_-0.48_65.69_25.40_41.52_-32.25_16.19_19.25_0.7180_0.2993_0.6122_-0.1421end9.63_2.39_-0.51_65.69_25.40_41.52_-32.25_16.19_19.25_0.7180_0.2993_0.6122_-0.1421end9.63_2.39_-0.51_65.02_22.27_34.36_-32.63_16.56_18.81_0.7180_0.2993_0.6122_-0.1421end9.63_2.39_-0.51_64.57_22.60_33.01_-32.63_16.56_18.81_0.7180_0.2908_0.6169_-0.1393end9.63_2.39_-0.51_64.46_23.61_32.01_-31.12_16.87_18.31_0.7180_0.2908_0.6169_-0.1393end9.63_2.39_-0.51_64.57_25.51_30.21_-31.12_16.87_18.31_0.7178_0.2826_0.6215_-0.1361end9.80_2.69_-0.41_63.67_26.30_29.88_-31.12_16.87_18.31_0.7178_0.2826_0.6215_-0.1361end9.80_2.69_-0.41_64.01_26.63_29.54_-31.87_17.87_17.94_0.7178_0.2826_0.6215_-0.1361end9.80_2.73_-0.37_64.01_26.63_29.54_-31.87_17.87_17.94_0.7173_0.2720_0.6278_-0.1315end,0.0,0.0,0.0
993,,0.0,0.0,0.0
994,,0.0,0.0,0.0
995,9.83_2.76_-0.34_63.67_24.51_29.88_-31.87_17.87_17.94_0.7173_0.2720_0.6278_-0.1315end10.05_2.86_-0.27_63.45_19.25_30.66_-31.87_19.62_17.56_0.7173_0.2720_0.6278_-0.1315end10.03_3.03_-0.26_63.23_15.22_31.22_-31.87_19.62_17.56_0.7172_0.2612_0.6334_-0.1273end10.01_3.02_-0.32_63.23_15.22_31.22_-32.25_18.94_17.56_0.7173_0.2584_0.6346_-0.1263end9.99_3.00_-0.34_63.23_15.22_31.22_-32.25_19.94_15.81_0.7175_0.2556_0.6357_-0.1255end9.95_3.03_-0.34_64.57_13.54_34.24_-32.25_19.94_15.81_0.7175_0.2556_0.6357_-0.1255end9.91_2.94_-0.39_64.57_13.54_34.24_-32.25_19.94_15.81_0.7175_0.2556_0.6357_-0.1255end9.91_2.94_-0.39_64.57_13.54_34.24_-32.25_19.94_15.81_0.7177_0.2468_0.,0.0,0.0,0.0
996,6394_-0.1228end9.61_2.69_-0.04_64.57_13.54_34.24_-32.25_19.94_15.81_0.7177_0.2468_0.6394_-0.1228end9.45_2.80_0.07_64.57_13.54_34.24_-32.25_19.94_15.81_0.7164_0.2352_0.6458_-0.1193end,0.0,0.0,0.0
997,,0.0,0.0,0.0
998,9.42_2.87_0.19_64.57_13.54_34.24_-32.25_19.94_15.81_0.7159_0.2324_0.6476_-0.1185end9.27_2.69_0.11_64.57_13.54_34.24_-32.25_19.94_15.81_0.7159_0.2324_0.6476_-0.1185end9.08_2.68_0.19_59.87_23.72_43.53_-32.25_19.94_15.81_0.7159_0.2324_0.6476_-0.1185end8.99_2.68_0.14_58.97_19.14_44.09_-31.94_22.62_14.13_0.7159_0.2324_0.6476_-0.1185end8.91_2.67_0.09_58.19_15.67_44.76_-31.94_22.62_14.13_0.7146_0.2174_0.6548_-0.1157end8.83_2.66_0.13_58.19_15.67_44.76_-31.94_22.62_14.13_0.7145_0.2144_0.6558_-0.1154end8.91_2.73_0.13_58.19_15.67_44.76_-31.94_22.62_14.13_0.7145_0.2144_0.6558_-0.1154end9.05_2.83_0.18_55.06_7.05_44.43_-31.94_22.62_14.13_0.7147_0.2085_0.6577_-0.1149end9.05_2.83_0.18_52.37_1.79_41.74_-31.56_23.31_13.25_0.7147_0.2085_0.6577_-0.1149end9.06_2.85_0.09_52.37_1.79_41.74_-31.56_23.31_13.25_0.7151_0.2029_0.6591_-0.1144end,0.0,0.0,0.0
999,,0.0,0.0,0.0
1000,9.06_2.85_0.09_52.37_1.79_41.74_-31.94_22.31_12.81_0.7151_0.2029_0.6591_-0.1144end9.06_2.85_0.09_50.02_1.12_39.61_-31.94_22.31_12.81_0.7155_0.1950_0.6611_-0.1137end8.86_2.88_0.37_50.02_1.12_39.61_-31.94_22.31_12.81_0.7155_0.1950_0.6611_-0.1137end8.86_2.88_0.37_43.42_10.41_35.03_-31.94_25.06_12.88_0.7155_0.1901_0.6627_-0.1132end8.71_2.81_0.51_43.42_10.41_35.03_-31.94_25.06_12.88_0.7152_0.1855_0.6644_-0.1127end8.64_2.78_0.60_42.08_9.06_34.13_-31.94_25.06_12.88_0.7151_0.1831_0.6652_-0.1125end8.54_2.67_0.70_42.08_9.06_34.13_-31.19_25.37_12.37_0.7151_0.1831_0.6652_-0.1125end8.54_2.68_0.79_40.62_5.82_33.35_-31.19_25.37_12.37_0.7151_0.1831_0.6652_-0.1125end8.50_2.64_0.85_40.62_5.82_33.35_-31.19_25.37_12.37_0.7150_0.1743_0.6678_-0.1117end8.44_2.62_0.89_40.62_5.82_33.35_-31.19_25.37_12.37_0.7151_0.1722_0.6682_-0.1116end,0.0,0.0,0.0
1001,,0.0,0.0,0.0
1002,8.41_2.55_1.00_40.62_5.82_33.35_-31.19_25.37_12.37_0.7153_0.1702_0.6686_-0.1114end8.32_2.60_1.14_37.38_-3.36_28.54_-31.19_25.37_12.37_0.7153_0.1702_0.6686_-0.1114end8.32_2.60_1.14_37.38_-3.36_28.54_-30.12_26.44_12.37_0.7159_0.1642_0.6695_-0.1108end8.25_2.56_1.20_37.38_-3.36_28.54_-30.12_26.44_12.37_0.7161_0.1622_0.6699_-0.1105end8.14_2.54_1.19_37.38_-3.36_28.54_-30.12_26.44_12.37_0.7161_0.1622_0.6699_-0.1105end8.13_2.54_1.25_37.38_-3.36_28.54_-30.12_27.13_9.81_0.7160_0.1572_0.6713_-0.1096end8.14_2.51_1.25_29.99_11.41_19.58_-30.50_26.75_11.12_0.7158_0.1556_0.6719_-0.1093end8.17_2.51_1.39_29.99_11.41_19.58_-30.50_26.75_11.12_0.7158_0.1556_0.6719_-0.1093end8.14_2.46_1.43_29.99_11.41_19.58_-30.50_26.75_11.12_0.7152_0.1529_0.6733_-0.1086end8.14_2.46_1.43_23.05_14.88_13.88_-30.50_27.75_12.00_0.7148_0.1517_0.6740_-0.1082end,0.0,0.0,0.0
1003,,0.0,0.0,0.0
1004,8.14_2.46_1.43_23.05_14.88_13.88_-30.50_27.75_12.00_0.7142_0.1496_0.6753_-0.1075end8.07_2.37_1.75_23.05_14.88_13.88_-30.50_27.75_12.00_0.7138_0.1487_0.6759_-0.1072end8.05_2.33_1.76_16.90_12.87_9.51_-30.50_27.75_12.00_0.7138_0.1487_0.6759_-0.1072end8.14_2.35_1.82_15.00_10.52_7.95_-30.50_27.75_12.00_0.7130_0.1465_0.6774_-0.1063end8.19_2.37_1.89_10.30_4.92_5.15_-30.12_28.12_10.69_0.7130_0.1465_0.6774_-0.1063end8.16_2.37_1.93_10.30_4.92_5.15_-30.12_28.12_10.69_0.7127_0.1456_0.6780_-0.1060end8.16_2.39_2.01_5.37_-0.34_2.69_-30.12_27.75_10.69_0.7127_0.1456_0.6780_-0.1060end8.23_2.41_2.11_2.69_-1.68_2.24_-30.12_27.75_10.69_0.7127_0.1456_0.6780_-0.1060end8.28_2,0.0,0.0,0.0
1005,.43_2.10_2.69_-1.68_2.24_-30.12_27.75_10.69_0.7129_0.1450_0.6779_-0.1059end8.35_2.46_2.14_2.69_-1.68_2.24_-29.75_27.44_11.56_0.7130_0.1451_0.6778_-0.1060end,0.0,0.0,0.0
1006,,0.0,0.0,0.0
1007,8.45_2.55_2.20_-8.28_-5.71_-1.68_-29.75_27.44_11.56_0.7130_0.1451_0.6778_-0.1060end8.55_2.62_2.27_-8.28_-5.71_-1.68_-29.75_27.44_11.56_0.7132_0.1456_0.6774_-0.1064end8.87_2.88_2.24_-8.28_-5.71_-1.68_-29.75_27.44_11.56_0.7133_0.1461_0.6771_-0.1068end9.15_3.32_2.16_-20.03_-10.30_-4.92_-29.75_27.44_11.56_0.7133_0.1461_0.6771_-0.1068end9.15_3.32_2.16_-22.60_-11.86_-5.60_-29.75_27.44_11.56_0.7133_0.1461_0.6771_-0.1068end9.63_3.82_2.02_-22.60_-11.86_-5.60_-29.00_27.13_10.31_0.7133_0.1461_0.6771_-0.1068end10.32_4.29_1.80_-22.60_-11.86_-5.60_-29.00_27.13_10.31_0.7147_0.1511_0.6740_-0.1100end10.63_4.66_1.70_-22.60_-11.86_-5.60_-30.50_27.50_13.38_0.7151_0.1524_0,0.0,0.0,0.0
1008,.6732_-0.1107end11.16_5.03_1.59_-22.60_-11.86_-5.60_-30.50_27.50_13.38_0.7151_0.1524_0.6732_-0.1107end11.50_5.16_1.46_-43.76_-28.54_-25.18_-30.50_27.50_13.38_0.7151_0.1524_0.6732_-0.1107end,0.0,0.0,0.0
1009,,0.0,0.0,0.0
1010,,0.0,0.0,0.0
1011,11.50_5.16_1.46_-50.92_-33.91_-36.03_-30.50_27.50_13.38_0.7169_0.1578_0.6696_-0.1127end11.50_5.16_1.46_-50.92_-33.91_-36.03_-30.50_27.50_13.38_0.7185_0.1628_0.6665_-0.1140end11.59_4.64_1.38_-50.92_-33.91_-36.03_-30.50_27.50_13.38_0.7185_0.1628_0.6665_-0.1140end11.23_4.16_1.42_-50.92_-33.91_-36.03_-30.50_27.50_13.38_0.7185_0.1628_0.6665_-0.1140end11.23_4.16_1.42_-50.92_-33.91_-36.03_-30.50_27.50_13.38_0.7208_0.1761_0.6603_-0.1156end10.77_3.65_1.46_-50.92_-33.91_-36.03_-30.50_27.50_13.38_0.7208_0.1801_0.6592_-0.1159end10.59_3.15_1.57_-50.92_-33.91_-36.03_-30.50_27.50_13.38_0.7208_0.1801_0.6592_-0.1159end10.52_2.97_1.64_-50.92_-33.91_-36.03_-31.19_25.44_1,0.0,0.0,0.0
1012,3.75_0.7195_0.1927_0.6568_-0.1171end10.45_2.88_1.68_-50.92_-33.91_-36.03_-31.56_25.06_14.13_0.7188_0.1970_0.6562_-0.1177end10.32_2.69_1.76_-50.92_-33.91_-36.03_-31.56_25.06_14.13_0.7179_0.2015_0.6557_-0.1185end,0.0,0.0,0.0
1013,,0.0,0.0,0.0
1014,10.27_2.66_1.74_-50.92_-33.91_-36.03_-31.56_25.06_14.13_0.7179_0.2015_0.6557_-0.1185end10.19_2.62_1.71_-50.92_-33.91_-36.03_-31.56_25.06_14.13_0.7154_0.2144_0.6536_-0.1225end10.12_2.59_1.64_-50.92_-33.91_-36.03_-32.31_24.06_16.31_0.7154_0.2144_0.6536_-0.1225end10.12_2.59_1.64_-107.54_-16.79_-24.17_-32.31_24.06_16.31_0.7143_0.2224_0.6514_-0.1266end10.12_2.59_1.64_-110.90_-24.28_-18.69_-32.31_24.06_16.31_0.7137_0.2301_0.6483_-0.1323end9.98_2.46_1.49_-110.90_-24.28_-18.69_-33.38_23.00_16.75_0.7137_0.2301_0.6483_-0.1323end9.98_2.46_1.49_-119.52_-41.41_-3.13_-33.38_23.00_16.75_0.7134_0.2373_0.6445_-0.1390end9.94_2.45_1.32_-119.52_-41.41_-3.13_-33.38_23.00_16.75_0.7134_0.2409_0.6424_-0.1429end9.94_2.45_1.32_-124.44_-45.88_5.04_-33.38_23.00_16.75_0.7133_0.2443_0.6403_-0.1469end10.04_2.59_1.06_-124.44_-45.88_5.04_-33.38_23.00_16.75_0.7132_0.2477_0.6381_-0.1510end,0.0,0.0,0.0
1015,10.04_2.59_1.06_-124.44_-45.88_5.04_-33.38_23.00_16.75_0.7127_0.2546_0.6338_-0.1599end9.99_2.77_0.64_-124.44_-45.88_5.04_-33.38_23.00_16.75_0.7123_0.2579_0.6318_-0.1644end9.98_2.82_0.57_-136.53_-33.35_18.91_-33.38_23.00_16.75_0.7123_0.2579_0.6318_-0.1644end9.94_2.89_0.40_-136.53_-33.35_18.91_-33.38_23.00_16.75_0.7101_0.2682_0.6261_-0.1783end9.95_2.94_0.30_-136.53_-33.35_18.91_-33.38_23.00_16.75_0.7090_0.2717_0.6244_-0.1831end9.96_3.09_0.18_-136.53_-33.35_18.91_-33.38_23.00_16.75_0.7079_0.2752_0.6227_-0.1879end10.02_3.21_0.13_-136.53_-33.35_18.91_-30.81_20.69_20.56_0.7079_0.2752_0.6227_-0.1879end10.01_3.30_0.06_-136.53_-33.35_18.91_-32.25_21.44_22.87_0.7055_0.2823_0.6192_-0.1978end10.07_3.56_0.01_-147.49_-29.10_25.74_-32.25_21.44_22.87_0.7055_0.2823_0.6192_-0.1978end10.07_3.56_0.01_-151.18_-33.35_26.75_-32.25_21.44_22.87_0.7016_0.2931_0.6135_-0.2133end,0.0,0.0,0.0
1016,,0.0,0.0,0.0
1017,,0.0,0.0,0.0
1018,10.25_3.81_-0.08_-151.18_-33.35_26.75_-32.25_21.44_22.87_0.7003_0.2967_0.6113_-0.2186end10.52_4.04_-0.32_-155.21_-38.05_26.86_-32.25_21.44_22.87_0.6990_0.3004_0.6090_-0.2241end10.52_4.04_-0.32_-157.45_-40.29_26.75_-30.44_20.00_24.06_0.6990_0.3004_0.6090_-0.2241end10.52_4.04_-0.32_-157.45_-40.29_26.75_-30.44_20.00_24.06_0.6951_0.3115_0.6016_-0.2405end10.97_4.48_-0.78_-157.45_-40.29_26.75_-30.81_19.31_24.44_0.6951_0.3115_0.6016_-0.2405end10.97_4.48_-0.78_-157.45_-40.29_26.75_-30.06_18.31_25.81_0.6937_0.3154_0.5989_-0.2463end11.10_4.87_-1.20_-157.45_-40.29_26.75_-30.06_18.31_25.81_0.6889_0.3274_0.5908_-0.2631end11.10_4.89_-1.27_-172.22_-30.89_24.06_-30.06,0.0,0.0,0.0
1019,_18.31_25.81_0.6870_0.3315_0.5883_-0.2686end11.11_5.02_-1.35_-172.22_-30.89_24.06_-30.06_18.31_25.81_0.6870_0.3315_0.5883_-0.2686end11.11_5.02_-1.35_-175.36_-26.41_26.75_-29.69_16.31_27.87_0.6870_0.3315_0.5883_-0.2686end,0.0,0.0,0.0
1020,11.01_5.09_-1.43_-176.03_-25.85_28.31_-29.69_16.31_27.87_0.6804_0.3442_0.5807_-0.2854end11.01_5.09_-1.43_-176.81_-26.07_30.44_-29.69_16.31_27.87_0.6804_0.3442_0.5807_-0.2854end11.01_5.09_-1.43_-176.81_-26.07_30.44_-29.69_16.31_27.87_0.6730_0.3564_0.5729_-0.3028end10.63_4.87_-1.48_-176.81_-26.07_30.44_-29.31_15.94_27.87_0.6730_0.3564_0.5729_-0.3028end10.63_4.87_-1.48_-178.49_-31.89_37.49_-29.31_15.94_27.87_0.6681_0.3640_0.5676_-0.3147end10.23_4.63_-1.55_-178.49_-31.89_37.49_-29.31_15.94_27.87_0.6681_0.3640_0.5676_-0.3147end10.23_4.63_-1.55_-179.94_-44.65_46.22_-29.31_15.94_27.87_0.6605_0.3748_0.5587_-0.3336end9.83_4.36_-1.64_-179.94_-44.65_46.22_-29.31_,0.0,0.0,0.0
1021,15.94_27.87_0.6580_0.3781_0.5555_-0.3400end9.64_4.23_-1.73_-179.94_-44.65_46.22_-29.31_15.94_27.87_0.6580_0.3781_0.5555_-0.3400end9.48_4.17_-1.75_-180.62_-48.57_50.58_-29.31_15.94_27.87_0.6580_0.3781_0.5555_-0.3400end,0.0,0.0,0.0
1022,9.48_4.17_-1.75_-180.62_-48.57_50.58_-29.31_15.94_27.87_0.6500_0.3877_0.5458_-0.3596end9.48_4.17_-1.75_-180.62_-48.57_50.58_-28.25_11.56_33.06_0.6443_0.3940_0.5392_-0.3727end8.97_3.87_-1.86_-180.62_-48.57_50.58_-28.25_11.56_33.06_0.6414_0.3971_0.5360_-0.3790end8.79_3.84_-1.82_-180.62_-48.57_50.58_-28.25_11.56_33.06_0.6414_0.3971,0.0,0.0,0.0
1023,_0.5360_-0.3790end8.79_3.84_-1.82_-178.04_-39.39_51.59_-28.25_11.56_33.06_0.6384_0.4001_0.5328_-0.3852end8.45_3.70_-1.88_-176.36_-34.69_50.58_-28.25_11.56_33.06_0.6289_0.4094_0.5234_-0.4036end8.29_3.59_-1.89_-176.36_-34.69_50.58_-28.25_11.56_33.06_0.6255_0.4126_0.5203_-0.4096end8.13_3.52_-1.87_-176.36_-34.69_50.58_-27.13_8.75_34.38_0.6255_0.4126_0.5203_-0.4096end8.06_3.53_-1.89_-172.45_-29.54_47.45_-27.13_8.75_34.38_0.6255_0.4126_0.5203_-0.4096end7.96_3.51_-1.91_-172.45_-29.54_47.45_-27.13_8.75_34.38_0.6155_0.4217_0.5113_-0.4265end,0.0,0.0,0.0
1024,,0.0,0.0,0.0
1025,7.90_3.51_-1.95_-172.45_-29.54_47.45_-26.00_7.44_34.75_0.6087_0.4277_0.5051_-0.4376end7.89_3.50_-1.95_-172.45_-29.54_47.45_-26.00_7.44_34.75_0.6054_0.4306_0.5019_-0.4429end7.96_3.45_-1.96_-166.85_-32.01_40.17_-26.00_7.44_34.75_0.6021_0.4335_0.4985_-0.4484end7.96_3.45_-1.96_-166.85_-32.01_40.17_-25.62_6.81_36.00_0.6021_0.4335_0.4,0.0,0.0,0.0
1026,985_-0.4484end7.98_3.51_-1.93_-164.05_-34.47_36.48_-25.62_6.81_36.00_0.5957_0.4391_0.4918_-0.4587end7.98_3.51_-1.93_-164.05_-34.47_36.48_-25.62_6.81_36.00_0.5926_0.4419_0.4884_-0.4636end7.98_3.51_-1.93_-160.47_-33.80_31.89_-25.62_6.81_36.00_0.5895_0.4448_0.4848_-0.4687end7.91_3.57_-2.16_-160.47_-33.80_31.89_-25.62_6.81_36.00_0.5834_0.4503_0.4780_-0.4779end7.98_3.62_-2.23_-160.47_-33.80_31.89_-24.19_2.62_35.94_0.5834_0.4503_0.4780_-0.4779end7.96_3.58_-2.36_-151.41_-20.14_21.82_-24.19_2.62_35.94_0.5742_0.4590_0.4681_-0.4904end,0.0,0.0,0.0
1027,,0.0,0.0,0.0
1028,7.90_3.60_-2.40_-145.48_-9.06_16.00_-24.19_2.62_35.94_0.5712_0.4620_0.4651_-0.4939end7.93_3.56_-2.39_-145.48_-9.06_16.00_-24.19_2.62_35.94_0.5679_0.4652_0.4622_-0.4974end7.89_3.55_-2.40_-145.48_-9.06_16.00_-24.12_0.25_35.94_0.5679_0.4652_0.4622_-0.4974end7.89_3.55_-2.40_-140.22_0.78_10.63_-24.12_0.25_35.94_0.5618_0.4717_0.4567_-0.5034end7.89_3.55_-2.40_-134.40_7.39_4.14_-24.12_0.25_35.94_0.5587_0.4751_0.4540_-0.5060end7.89_3.55_-2.40_-131.83_9.06_1.57_-24.87_-1.50_36.38_0.5557_0.4784_0.4514_-0.5085end7.89_3.55_-2.40_-129.14_9.85_-1.79_-24.87_-1.50_36.38_0.5528_0.4818_0.4488_-0.5108end7.89_3.55_-2.40_-121.87_8.17_-11.30_-24.87_-1.50_36.38_0.5528_0.4818_,0.0,0.0,0.0
1029,,0.0,0.0,0.0
1030,0.4488_-0.5108end8.21_3.27_-2.53_-119.74_7.83_-14.55_-25.25_-2.56_35.88_0.5528_0.4818_0.4488_-0.5108end8.21_3.27_-2.53_-119.74_7.83_-14.55_-25.25_-2.56_35.88_0.5398_0.4984_0.4351_-0.5205end8.25_3.12_-2.61_-119.74_7.83_-14.55_-25.25_-2.56_35.88_0.5375_0.5016_0.4323_-0.5220end8.24_2.95_-2.67_-113.25_9.18_-23.39_-24.50_-3.87_34.56_0.5375_0.5016_0.4323_-0.5220end8.46_2.81_-2.66_-113.25_9.18_-23.39_-24.50_-3.87_34.56_0.5312_0.5115_0.4240_-0.5258end8.51_2.78_-2.62_-113.25_9.18_-23.39_-24.50_-3.87_34.56_0.5292_0.5148_0.4213_-0.5267end8.64_2.66_-2.65_-113.25_9.18_-23.39_-24.50_-3.87_34.56_0.5292_0.5148_0.4213_-0.5267end8.64_2.66_-2.65_-113.25_9.18_-23.39_-25.19_-5.25_36.31_0.5256_0.5217_0.4157_-0.5280end8.64_2.66_-2.65_-98.92_20.81_-44.87_-25.19_-5.25_36.31_0.5223_0.5285_0.4101_-0.5289end8.86_2.43_-2.73_-98.92_20.81_-44.87_-25.19_-5.25_36.31_0.5206_0.5322_0.4073_-0.5290end8.86_2.43_-2.73_-95.01_25.74_-50.25_-25.19_-5.25_36.31_0.5191_0.5358_0.4045_-0.5291end9.00_2.25_-2.78_-95.01_25.74_-50.25_-24.81_-7.75_35.00_0.5191_0.5358_0.4045_-0.5291end,0.0,0.0,0.0
1031,,0.0,0.0,0.0
1032,9.00_2.25_-2.78_-93.67_27.42_-53.27_-24.81_-7.75_35.00_0.5148_0.5468_0.3962_-0.5282end9.39_2.06_-2.72_-93.67_27.42_-53.27_-24.81_-7.75_35.00_0.5135_0.5504_0.3935_-0.5278end9.49_1.92_-2.71_-93.67_27.42_-53.27_-24.81_-7.75_35.00_0.5135_0.5504_0.3935_-0.5278end9.55_1.73_-2.73_-85.94_21.15_-62.33_-24.81_-7.75_35.00_0.5135_0.5504_0.3935_-0.5278end9.55_1.63_-2.72_-84.71_18.02_-63.56_-25.56_-10.81_33.19_0.5135_0.5504_0.3935_-0.5278end9.63_1.50_-2.74_-83.15_15.44_-63.90_-25.56_-10.81_33.19_0.5093_0.5642_0.3819_-0.5258end9.64_1.36_-2.71_-83.15_15.44_-63.90_-25.56_-10.81_33.19_0.5078_0.5706_0.3757_-0.5248end9.69_1.24_-2.70_-83.15_15.44_-63.90_-25.56_-10.81_33.19_0.5071_0.5737_0.3724_-0.5244end9.99_0.99_-2.68_-83.15_15.44_-63.90_-25.56_-10.81_33.19_0.5071_0.5737_0.3724_-0.5244end9.99_0.99_-2.68_-75.09_5.15_-66.92_-25.56_-10.81_33.19_0.5071_0.5737_0.3724_-0.5244end,0.0,0.0,0.0
1033,,0.0,0.0,0.0
1034,10.29_0.97_-2.77_-75.09_5.15_-66.92_-25.56_-10.81_33.19_0.5071_0.5737_0.3724_-0.5244end10.29_0.97_-2.77_-70.28_7.27_-67.70_-25.56_-10.81_33.19_0.5048_0.5880_0.3567_-0.5218end10.50_0.90_-2.80_-70.28_7.27_-67.70_-25.56_-10.81_33.19_0.5044_0.5908_0.3536_-0.5211end10.58_0.88_-2.80_-70.28_7.27_-67.70_-24.44_-13.56_32.75_0.5044_0.5908_0.3536_-0.5211end10.78_0.89_-2.84_-70.28_7.27_-67.70_-24.44_-13.56_32.75_0.5044_0.5908_0.3536_-0.5211end10.92_0.88_-2.80_-64.01_19.02_-65.46_-24.44_-13.56_32.75_0.5031_0.5992_0.3451_-0.5185end10.92_0.88_-2.80_-64.01_19.02_-65.46_-24.44_-13.56_32.75_0.5025_0.6020_0.3425_-0.5175end10.92_0.88_-2.80_-60.88_22.83_-62.00_-24.44_-13.56_32.75_0.5020_0.6047_0.3400_-0.5164end11.05_0.62_-2.73_-60.88_22.83_-62.00_-24.44_-13.56_32.75_0.5009_0.6102_0.3353_-0.5143end11.07_0.55_-2.68_-55.51_16.79_-51.03_-24.44_-13.56_32.75_0.5009_0.6102_0.3353_-0.5143end,0.0,0.0,0.0
1035,,0.0,0.0,0.0
1036,,0.0,0.0,0.0
1037,11.07_0.48_-2.64_-55.51_16.79_-51.03_-24.44_-13.56_32.75_0.4990_0.6174_0.3287_-0.5117end11.00_0.42_-2.65_-55.51_16.79_-51.03_-24.44_-13.56_32.75_0.4984_0.6194_0.3267_-0.5110end11.02_0.37_-2.63_-55.51_16.79_-51.03_-24.44_-16.37_31.31_0.4984_0.6194_0.3267_-0.5110end11.04_0.30_-2.62_-51.03_3.47_-38.83_-24.37_-17.44_30.06_0.4984_0.6194_0.3267_-0.5110end11.04_0.28_-2.55_-50.13_0.90_-35.81_-24.37_-17.44_30.06_0.4960_0.6265_0.3187_-0.5099end10.99_0.23_-2.59_-50.13_0.90_-35.81_-24.37_-17.44_30.06_0.4954_0.6280_0.3168_-0.5098end10.89_0.18_-2.48_-50.13_0.90_-35.81_-24.37_-17.44_30.06_0.4948_0.6293_0.3150_-0.5098end10.87_0.18_-2.46_-50.13_0.90_-35.81_-23.69_-17.7,0.0,0.0,0.0
1038,5_30.88_0.4948_0.6293_0.3150_-0.5098end10.87_0.18_-2.46_-43.76_-0.90_-22.38_-22.62_-19.12_30.88_0.4948_0.6293_0.3150_-0.5098end10.87_0.18_-2.46_-43.76_-0.90_-22.38_-22.62_-19.12_30.88_0.4919_0.6344_0.3089_-0.5101end,0.0,0.0,0.0
1039,,0.0,0.0,0.0
1040,10.75_0.22_-2.32_-43.76_-0.90_-22.38_-24.37_-19.12_29.56_0.4919_0.6344_0.3089_-0.5101end10.75_0.20_-2.36_-41.07_2.13_-11.53_-24.37_-19.12_29.56_0.4919_0.6344_0.3089_-0.5101end10.69_0.18_-2.36_-40.51_3.02_-9.74_-24.37_-19.12_29.56_0.4883_0.6389_0.3042_-0.5107end10.63_0.09_-2.33_-40.06_3.13_-7.83_-24.37_-19.12_29.56_0.4874_0.6399_0.3032_-0.5110end10.61_0.08_-2.28_-40.06_3.13_-7.83_-24.37_-19.12_29.56_0.4863_0.6409_0.3022_-0.5112end10.63_0.06_-2.18_-40.06_3.13_-7.83_-24.37_-19.12_29.56_0.4863_0.6409_0.3022_-0.5112end10.63_0.06_-2.18_-39.06_-3.58_-0.22_-23.00_-19.81_29.56_0.4863_0.6409_0.3022_-0.5112end10.58_-0.01_-2.02_-38.27_-6.94_1.23_-23.00_-19.81_29.5,0.0,0.0,0.0
1041,6_0.4821_0.6443_0.2987_-0.5131end10.63_0.10_-2.00_-38.27_-6.94_1.23_-23.00_-19.81_29.56_0.4811_0.6449_0.2978_-0.5138end10.64_0.22_-1.93_-38.27_-6.94_1.23_-23.00_-19.81_29.56_0.4801_0.6453_0.2969_-0.5146end,0.0,0.0,0.0
1042,,0.0,0.0,0.0
1043,10.62_0.28_-1.95_-32.90_-16.34_9.06_-23.00_-19.81_29.56_0.4801_0.6453_0.2969_-0.5146end10.62_0.28_-1.95_-31.33_-16.56_10.63_-23.00_-19.81_29.56_0.4773_0.6461_0.2945_-0.5177end10.71_0.50_-1.93_-31.33_-16.56_10.63_-23.00_-19.81_29.56_0.4763_0.6462_0.2938_-0.5188end10.78_0.61_-1.91_-27.86_-15.00_13.54_-23.62_-19.81_28.75_0.4763_0.6462_0.2938_-0.5188end10.78_0.61_-1.91_-24.51_-12.65_15.44_-23.62_-19.81_28.75_0.4745_0.6464_0.2928_-0.5208end10.78_0.61_-1.91_-23.16_-12.09_16.67_-23.62_-19.81_28.75_0.4736_0.6465_0.2924_-0.5218end10.78_0.61_-1.91_-23.16_-12.09_16.67_-23.62_-19.81_28.75_0.4719_0.6464_0.2919_-0.5237end10.78_0.61_-1.91_-20.25_-13.43_17.12_-23.62_-,0.0,0.0,0.0
1044,19.81_28.75_0.4711_0.6464_0.2916_-0.5247end10.78_0.61_-1.91_-20.25_-13.43_17.12_-22.62_-20.50_29.56_0.4703_0.6462_0.2913_-0.5257end10.78_0.61_-1.91_-20.25_-13.43_17.12_-22.62_-20.50_29.56_0.4690_0.6458_0.2905_-0.5278end,0.0,0.0,0.0
1045,13.27_3.24_-2.09_-20.25_-13.43_17.12_-24.75_-20.50_30.44_0.4685_0.6454_0.2899_-0.5291end13.89_3.60_-2.19_-21.37_-34.69_5.82_-24.75_-20.50_30.44_0.4685_0.6454_0.2899_-0.5291end13.96_3.58_-2.20_-22.83_-38.61_2.24_-24.75_-20.50_30.44_0.4677_0.6441_0.2866_-0.5331end13.98_3.48_-2.09_-22.83_-38.61_2.24_-24.75_-20.50_30.44_0.4675_0.643,0.0,0.0,0.0
1046,7_0.2851_-0.5345end13.98_3.48_-2.09_-22.83_-38.61_2.24_-23.62_-21.56_29.12_0.4673_0.6434_0.2836_-0.5358end13.50_2.76_-1.50_-22.83_-38.61_2.24_-23.62_-21.56_29.12_0.4671_0.6433_0.2821_-0.5370end13.32_2.51_-1.29_-30.10_-26.19_-4.48_-23.62_-21.56_29.12_0.4662_0.6434_0.2794_-0.5391end13.01_2.15_-0.80_-30.10_-26.19_-4.48_-23.31_-21.19_30.00_0.4656_0.6436_0.2784_-0.5399end12.86_2.00_-0.63_-30.10_-26.19_-4.48_-23.31_-22.25_30.44_0.4647_0.6439_0.2777_-0.5407end12.59_1.81_-0.38_-30.10_-26.19_-4.48_-23.31_-22.25_30.44_0.4647_0.6439_0.2777_-0.5407end,0.0,0.0,0.0
1047,,0.0,0.0,0.0
1048,12.41_1.73_-0.22_-28.09_-9.29_24.40_-23.31_-22.25_30.44_0.4612_0.6442_0.2770_-0.5438end11.92_1.50_0.00_-28.09_-9.29_24.40_-23.25_-21.19_30.44_0.4597_0.6439_0.2772_-0.5453end11.32_1.22_0.15_-28.09_-9.29_24.40_-23.25_-21.19_30.44_0.4597_0.6439_0.2772_-0.5453end11.05_1.11_0.24_-24.28_-28.98_58.97_-23.25_-21.19_30.44_0.4597_0.6439_0.2772_-0.5453end11.05_1.11_0.24_-21.60_-41.29_73.41_-23.25_-21.19_30.44_0.4546_0.6416_0.2784_-0.5515end9.85_0.69_0.44_-21.60_-41.29_73.41_-23.25_-21.19_30.44_0.4527_0.6403_0.2792_-0.5543end9.28_0.52_0.50_-17.57_-50.02_84.82_-22.62_-21.19_30.44_0.4527_0.6403_0.2792_-0.5543end9.28_0.52_0.50_-17.57_-50.02_84.82_-22.62_-21.19_30.44_,0.0,0.0,0.0
1049,0.4448_0.6327_0.2831_-0.5671end8.59_0.42_0.54_-17.57_-50.02_84.82_-22.62_-21.19_30.44_0.4429_0.6304_0.2844_-0.5706end8.32_0.37_0.50_-7.95_-53.71_97.36_-22.62_-21.19_30.44_0.4429_0.6304_0.2844_-0.5706end,0.0,0.0,0.0
1050,,0.0,0.0,0.0
1051,8.24_0.31_0.50_-7.95_-53.71_97.36_-24.37_-20.81_32.13_0.4388_0.6256_0.2873_-0.5775end8.24_0.31_0.50_-0.90_-47.45_96.80_-24.37_-20.81_32.13_0.4350_0.6208_0.2905_-0.5839end8.15_0.33_0.50_-0.90_-47.45_96.80_-24.37_-20.81_32.13_0.4331_0.6183_0.2923_-0.5871end8.28_0.44_0.53_-0.90_-47.45_96.80_-24.37_-20.81_32.13_0.4331_0.6183_0.2923_-0.5871end8.40_0.54_0.51_-0.90_-47.45_96.80_-24.37_-20.81_32.13_0.4331_0.6183_0.2923_-0.5871end8.40_0.54_0.51_-0.90_-47.45_96.80_-23.31_-19.44_31.75_0.4281_0.6114_0.2979_-0.5952end8.40_0.54_0.51_13.88_-31.00_80.80_-23.31_-19.44_31.75_0.4267_0.6093_0.2997_-0.5974end8.40_0.54_0.51_17.35_-26.30_76.32_-24.00_-19.44_31.75_0.4267_0.60,0.0,0.0,0.0
1052,93_0.2997_-0.5974end8.40_0.54_0.51_24.62_-14.66_67.14_-24.00_-19.44_31.75_0.4233_0.6034_0.3058_-0.6026end9.48_2.11_0.34_24.62_-14.66_67.14_-24.00_-19.44_31.75_0.4218_0.6003_0.3102_-0.6046end,0.0,0.0,0.0
1053,,0.0,0.0,0.0
1054,9.87_2.56_0.42_24.62_-14.66_67.14_-24.00_-19.44_31.75_0.4211_0.5989_0.3127_-0.6052end9.87_2.56_0.42_36.59_7.72_49.01_-24.00_-19.44_31.75_0.4211_0.5989_0.3127_-0.6052end10.23_2.92_0.47_36.59_7.72_49.01_-24.00_-19.44_31.75_0.4211_0.5989_0.3127_-0.6052end10.23_2.92_0.47_36.59_7.72_49.01_-24.44_-16.69_32.69_0.4197_0.5947_0.3223_-0.6,0.0,0.0,0.0
1055,052end10.27_3.16_0.61_36.59_7.72_49.01_-24.44_-16.69_32.69_0.4196_0.5940_0.3247_-0.6047end10.29_3.29_0.76_36.59_7.72_49.01_-24.44_-16.69_32.69_0.4195_0.5933_0.3271_-0.6042end10.23_3.36_0.84_44.09_21.37_29.99_-24.44_-16.69_32.69_0.4195_0.5933_0.3271_-0.6042end10.23_3.36_0.84_44.09_21.37_29.99_-26.25_-16.69_34.00_0.4196_0.5912_0.3341_-0.6024end10.25_3.36_0.94_44.09_21.37_29.99_-26.25_-16.69_34.00_0.4197_0.5905_0.3364_-0.6017end9.90_3.18_1.33_44.09_21.37_29.99_-26.25_-16.69_34.00_0.4197_0.5905_0.3364_-0.6017end,0.0,0.0,0.0
1056,9.78_3.09_1.38_45.43_11.75_28.98_-26.25_-16.69_34.00_0.4197_0.5905_0.3364_-0.6017end9.78_3.09_1.38_45.43_11.75_28.98_-25.50_-14.56_34.00_0.4206_0.5866_0.3451_-0.5999end9.38_2.80_1.60_45.43_11.75_28.98_-25.50_-14.56_34.00_0.4209_0.5855_0.3472_-0.5996end9.23_2.74_1.66_48.68_4.36_27.75_-25.88_-14.94_35.31_0.4209_0.5855_0.3472_-0.5996end9.23_2.74_1.66_48.68_4.36_27.75_-25.50_-14.56_34.81_0.4222_0.5819_0.3534_-0.5986end8.82_2.32_1.89_48.68_4.36_27.75_-25.50_-14.56_34.81_0.4226_0.5807_0.3555_-0.5981end8.70_2.18_1.91_49.57_10.41_23.84_-25.88_-13.56_34.00_0.4226_0.5807_0.3555_-0.5981end8.54_2.08_1.95_49.46_13.65_22.05_-25.88_-13.56_34.00_0.4226_0.5807_0.3555_-0.5981end8.54_2.08_1.95_49.46_13.65_22.05_-25.88_-13.56_34.00_0.4244_0.5771_0.3639_-0.5953end8.37_1.82_2.08_48.68_23.28_15.55_-25.88_-13.56_34.00_0.4249_0.5765_0.3660_-0.5942end,0.0,0.0,0.0
1057,,0.0,0.0,0.0
1058,,0.0,0.0,0.0
1059,8.23_1.77_2.11_48.23_25.85_12.87_-25.88_-13.56_34.00_0.4249_0.5765_0.3660_-0.5942end8.23_1.77_2.11_47.34_27.53_10.97_-25.88_-13.56_34.00_0.4249_0.5765_0.3660_-0.5942end8.23_1.77_2.11_47.34_27.53_10.97_-26.62_-12.56_34.94_0.4263_0.5754_0.3721_-0.5906end8.23_1.77_2.11_47.34_27.53_10.97_-26.62_-12.88_34.88_0.4268_0.5752_0.3741_-0.5892end8.23_1.77_2.11_43.53_31.89_2.35_-26.62_-12.88_34.88_0.4272_0.5750_0.3759_-0.5878end8.23_1.77_2.11_43.53_31.89_2.35_-26.25_-11.50_34.88_0.4277_0.5750_0.3777_-0.5864end8.23_1.77_2.11_41.07_30.66_-1.45_-26.25_-11.50_34.88_0.4288_0.5750_0.3811_-0.5834end8.45_2.14_2.04_41.07_30.66_-1.45_-26.25_-11.50_34.88_0.4299_0.5751_0.3841_,0.0,0.0,0.0
1060,-0.5804end8.54_2.22_2.03_41.07_30.66_-1.45_-26.25_-11.50_34.88_0.4304_0.5753_0.3855_-0.5789end8.72_2.43_1.98_41.07_30.66_-1.45_-26.25_-11.50_34.88_0.4304_0.5753_0.3855_-0.5789end,0.0,0.0,0.0
1061,8.80_2.53_2.03_32.79_27.86_-5.37_-27.37_-11.12_34.50_0.4304_0.5753_0.3855_-0.5789end8.80_2.53_2.03_29.10_25.40_-5.71_-27.37_-11.12_34.50_0.4324_0.5759_0.3904_-0.5735end8.96_2.66_1.98_29.10_25.40_-5.71_-27.37_-11.50_34.44_0.4328_0.5761_0.3914_-0.5723end9.30_2.81_1.95_29.10_25.40_-5.71_-27.37_-11.50_34.44_0.4332_0.5763_0.3924_-0.5712end9.31_2.85_1.93_29.10_25.40_-5.71_-27.00_-11.12_34.06_0.4336_0.5765_0.3932_-0.5701end9.34_2.90_1.89_19.36_19.36_-6.38_-27.00_-11.12_34.06_0.4342_0.5769_0.3946_-0.5682end9.35_2.97_1.86_19.36_19.36_-6.38_-28.81_-10.44_34.94_0.4344_0.5772_0.3952_-0.5674end9.38_2.97_1.82_19.36_19.36_-6.38_-28.81_-10.44_34.94_0.4346_0.5775_0.395,0.0,0.0,0.0
1062,7_-0.5666end9.44_3.02_1.79_19.36_19.36_-6.38_-28.81_-10.44_34.94_0.4348_0.5778_0.3962_-0.5659end9.46_2.98_1.76_6.83_13.65_-5.48_-27.37_-11.81_34.06_0.4348_0.5778_0.3962_-0.5659end,0.0,0.0,0.0
1063,9.44_2.93_1.77_4.70_11.53_-5.71_-27.75_-10.81_32.75_0.4348_0.5778_0.3962_-0.5659end9.44_2.93_1.77_-1.34_4.70_-5.82_-27.75_-10.81_32.75_0.4350_0.5789_0.3969_-0.5641end9.30_2.81_1.68_-1.34_4.70_-5.82_-27.75_-10.81_32.75_0.4350_0.5791_0.3968_-0.5639end9.25_2.74_1.61_-1.34_4.70_-5.82_-27.75_-11.50_32.31_0.4350_0.5791_0.3968_-0.5639end9.26_2.67_1.58_-11.75_-7.72_-6.04_-27.75_-11.50_32.31_0.4350_0.5791_0.3968_-0.5639end9.28_2.66_1.57_-13.88_-10.18_-6.71_-27.75_-11.50_32.31_0.4350_0.5797_0.3950_-0.5645end9.31_2.62_1.56_-13.88_-10.18_-6.71_-27.75_-11.50_32.31_0.4350_0.5798_0.3943_-0.5649end9.30_2.60_1.65_-18.80_-17.01_-8.17_-27.75_-11.50_32.31_0.4350_0.5798_0.3943_-0.5649end9.30_2.60_1.65_-18.80_-17.01_-8.17_-28.12_-10.81_34.94_0.4350_0.5801_0.3915_-0.5666end9.31_2.62_1.60_-18.80_-17.01_-8.17_-28.12_-10.81_34.94_0.4350_0.5801_0.3904_-0.5672end,0.0,0.0,0.0
1064,,0.0,0.0,0.0
1065,9.29_2.62_1.56_-18.80_-17.01_-8.17_-27.75_-11.81_34.44_0.4350_0.5801_0.3904_-0.5672end9.38_2.62_1.46_-18.80_-17.01_-8.17_-27.75_-11.81_34.44_0.4349_0.5805_0.3883_-0.5684end9.38_2.62_1.46_-18.80_-17.01_-8.17_-28.50_-10.81_34.50_0.4345_0.5812_0.3864_-0.5693end9.39_2.68_1.35_-24.84_-0.56_-9.74_-28.50_-10.81_34.50_0.4342_0.5818_0.3854_-0.5696end9.42_2.77_1.33_-24.84_-0.56_-9.74_-28.50_-10.81_34.50_0.4342_0.5818_0.3854_-0.5696end9.45_2.87_1.32_-24.84_-0.56_-9.74_-28.50_-10.81_34.50_0.4333_0.5832_0.3839_-0.5699end9.45_2.87_1.32_-28.76_5.93_-9.85_-28.50_-10.81_34.50_0.4333_0.5832_0.3839_-0.5699end9.47_2.81_1.36_-28.76_5.93_-9.85_-28.50_-10.81_34.50_0.4333_0.5,0.0,0.0,0.0
1066,832_0.3839_-0.5699end9.44_2.80_1.37_-28.76_5.93_-9.85_-28.50_-10.81_34.50_0.4310_0.5865_0.3801_-0.5708end9.29_2.59_1.36_-28.76_5.93_-9.85_-28.50_-10.81_34.50_0.4310_0.5865_0.3801_-0.5708end,0.0,0.0,0.0
1067,9.21_2.46_1.34_-37.26_-10.85_-11.64_-28.50_-10.81_34.50_0.4294_0.5885_0.3760_-0.5726end9.12_2.39_1.27_-37.26_-10.85_-11.64_-28.50_-10.81_34.50_0.4290_0.5891_0.3745_-0.5734end9.05_2.15_1.07_-37.26_-10.85_-11.64_-28.50_-10.81_34.50_0.4285_0.5897_0.3729_-0.5742end9.01_2.10_0.98_-43.64_-13.65_-13.88_-28.12_-12.50_35.31_0.4285_0.5897,0.0,0.0,0.0
1068,_0.3729_-0.5742end9.01_2.10_0.98_-44.54_-11.75_-13.99_-28.12_-12.50_35.31_0.4285_0.5897_0.3729_-0.5742end8.97_1.95_0.93_-44.54_-11.75_-13.99_-28.12_-12.50_35.31_0.4261_0.5927_0.3661_-0.5771end9.02_1.63_0.81_-44.54_-11.75_-13.99_-27.00_-12.88_33.13_0.4261_0.5927_0.3661_-0.5771end9.06_1.64_0.83_-44.54_-11.75_-13.99_-27.37_-13.88_34.00_0.4261_0.5927_0.3661_-0.5771end9.07_1.68_0.80_-48.34_-7.95_-14.32_-27.37_-13.88_34.00_0.4232_0.5963_0.3593_-0.5798end9.09_1.70_0.80_-48.34_-7.95_-14.32_-27.37_-13.88_34.00_0.4223_0.5972_0.3576_-0.5806end,0.0,0.0,0.0
1069,9.20_1.91_0.70_-48.34_-7.95_-14.32_-27.37_-13.88_34.00_0.4214_0.5981_0.3560_-0.5812end9.20_1.91_0.70_-47.90_-6.71_-9.06_-27.37_-14.25_32.75_0.4214_0.5981_0.3560_-0.5812end9.22_1.96_0.57_-47.90_-6.71_-9.06_-27.37_-14.25_32.75_0.4187_0.6006_0.3514_-0.5834end9.27_2.02_0.34_-47.90_-6.71_-9.06_-27.37_-14.25_32.75_0.4177_0.6015_0.3500_-0.5842end9.25_1.99_0.25_-47.90_-6.71_-9.06_-27.75_-14.94_32.31_0.4166_0.6024_0.3486_-0.5849end9.24_2.00_0.22_-50.36_-3.25_-5.60_-27.75_-14.94_32.31_0.4166_0.6024_0.3486_-0.5849end9.30_1.98_0.18_-54.27_-3.36_-7.05_-27.75_-14.94_32.31_0.4166_0.6024_0.3486_-0.5849end9.30_1.98_0.18_-55.51_-5.04_-8.06_-27.75_-14.94_32.31_0.4131_0.6,0.0,0.0,0.0
1070,052_0.3441_-0.5871end9.30_1.98_0.18_-55.51_-5.04_-8.06_-26.25_-15.63_32.25_0.4108_0.6071_0.3406_-0.5887end9.39_1.77_0.00_-55.51_-5.04_-8.06_-26.25_-15.63_32.25_0.4108_0.6071_0.3406_-0.5887end,0.0,0.0,0.0
1071,9.42_1.73_-0.03_-61.10_-13.43_-12.87_-26.25_-16.37_31.81_0.4108_0.6071_0.3406_-0.5887end9.43_1.66_-0.04_-62.44_-16.45_-14.88_-26.25_-16.37_31.81_0.4065_0.6108_0.3322_-0.5927end9.40_1.61_-0.04_-62.44_-16.45_-14.88_-26.25_-16.37_31.81_0.4055_0.6117_0.3297_-0.5939end9.39_1.47_-0.10_-62.44_-16.45_-14.88_-26.25_-16.37_31.81_0.4055_0.6117_0.3297_-0.5939end9.42_1.46_-0.10_-62.44_-16.45_-14.88_-25.88_-18.37_32.19_0.4055_0.6117_0.3297_-0.5939end9.42_1.46_-0.10_-70.05_-25.85_-25.63_-25.88_-18.37_32.19_0.4028_0.6144_0.3216_-0.5974end9.57_1.29_-0.28_-70.05_-25.85_-25.63_-25.88_-18.37_32.19_0.4028_0.6144_0.3216_-0.5974end9.56_1.30_-0.32_-70.05_-25.85_-25.63_-25.50_-18.37_31.37_0.4003_0.6171_0.3126_-0.6010end9.67_1.28_-0.34_-72.29_-24.62_-31.00_-25.50_-18.37_31.37_0.4003_0.6171_0.3126_-0.6010end9.80_1.28_-0.38_-72.29_-24.62_-31.00_-25.50_-18.37_31.37_0.3979_0.6203_0.3032_-0.6041end,0.0,0.0,0.0
1072,,0.0,0.0,0.0
1073,,0.0,0.0,0.0
1074,9.83_1.22_-0.40_-72.29_-24.62_-31.00_-25.50_-19.06_32.63_0.3972_0.6215_0.3000_-0.6050end9.83_1.22_-0.40_-73.75_-21.49_-35.25_-25.50_-19.06_32.63_0.3964_0.6226_0.2966_-0.6060end9.90_1.22_-0.38_-73.86_-21.49_-34.80_-25.50_-19.06_32.63_0.3956_0.6238_0.2935_-0.6069end10.04_1.20_-0.34_-73.86_-21.49_-34.80_-25.12_-19.75_31.31_0.3956_0.6238_0.2935_-0.6069end10.04_1.20_-0.34_-73.41_-22.05_-34.91_-25.12_-19.75_31.31_0.3932_0.6270_0.2837_-0.6097end10.10_1.19_-0.30_-73.41_-22.05_-34.91_-25.12_-20.12_30.88_0.3932_0.6270_0.2837_-0.6097end10.10_1.19_-0.30_-71.73_-23.95_-31.78_-25.12_-20.12_30.88_0.3916_0.6290_0.2774_-0.6116end10.21_1.13_-0.26_-71.73_-23.95_-31.78_-2,0.0,0.0,0.0
1075,5.12_-20.12_30.88_0.3916_0.6290_0.2774_-0.6116end10.22_1.09_-0.28_-71.73_-23.95_-31.78_-24.75_-22.25_31.31_0.3891_0.6315_0.2683_-0.6146end10.22_1.09_-0.28_-67.48_-24.95_-24.95_-24.75_-22.25_31.31_0.3891_0.6315_0.2683_-0.6146end,0.0,0.0,0.0
1076,,0.0,0.0,0.0
1077,10.45_1.14_-0.43_-67.48_-24.95_-24.95_-24.75_-22.25_31.31_0.3891_0.6315_0.2683_-0.6146end10.45_1.14_-0.43_-67.48_-24.95_-24.95_-23.25_-23.25_30.81_0.3864_0.6338_0.2598_-0.6177end10.46_1.10_-0.59_-64.46_-20.93_-21.37_-23.25_-23.25_30.81_0.3845_0.6353_0.2545_-0.6195end10.53_1.12_-0.67_-64.46_-20.93_-21.37_-23.25_-23.25_30.81_0.3834_0.6361_0.2520_-0.6204end10.53_1.12_-0.67_-61.10_-14.32_-16.56_-23.62_-24.25_30.00_0.3834_0.6361_0.2520_-0.6204end10.53_1.12_-0.67_-58.08_-13.43_-13.65_-23.62_-24.25_30.00_0.3802_0.6385_0.2451_-0.6227end10.57_1.22_-0.73_-58.08_-13.43_-13.65_-23.62_-24.25_30.00_0.3792_0.6392_0.2430_-0.6234end10.57_1.28_-0.74_-58.08_-13.43_-13.65_-23.62_-24.25_30.00_0.3792_0.6392_0.2430_-0.6234end10.57_1.28_-0.74_-51.81_-16.11_-8.73_-23.62_-24.25_30.00_0.3770_0.6405_0.2390_-0.6249end10.57_1.28_-0.74_-51.81_-16.11_-8.73_-22.56_-25.69_28.56_0.3749_0.6415_0.2352_-0.6265end,0.0,0.0,0.0
1078,,0.0,0.0,0.0
1079,10.66_1.39_-0.98_-51.81_-16.11_-8.73_-22.56_-25.69_28.56_0.3749_0.6415_0.2352_-0.6265end10.66_1.45_-0.95_-47.22_-16.00_-6.83_-22.94_-25.69_30.75_0.3749_0.6415_0.2352_-0.6265end10.70_1.46_-0.95_-46.22_-15.67_-6.38_-22.94_-25.69_30.75_0.3749_0.6415_0.2352_-0.6265end10.66_1.48_-0.98_-44.43_-15.33_-5.71_-22.94_-25.69_30.75_0.3749_0.6415_0.2352_-0.6265end10.66_1.48_-0.98_-42.08_-12.42_-5.26_-22.19_-26.37_28.19_0.3701_0.6435_0.2267_-0.6305end10.58_1.50_-1.08_-42.08_-12.42_-5.26_-22.19_-26.37_28.19_0.3684_0.6443_0.2238_-0.6318end10.58_1.50_-1.08_-38.50_-8.39_-4.81_-22.56_-26.37_27.75_0.3684_0.6443_0.2238_-0.6318end10.48_1.44_-1.07_-37.38_-5.82_-5.04_-22.56_-2,0.0,0.0,0.0
1080,6.37_27.75_0.3667_0.6452_0.2211_-0.6328end10.48_1.44_-1.07_-36.15_-3.92_-4.70_-22.56_-26.00_29.06_0.3667_0.6452_0.2211_-0.6328end10.48_1.44_-1.07_-33.91_-2.69_-4.14_-22.56_-26.00_29.06_0.3650_0.6462_0.2188_-0.6335end,0.0,0.0,0.0
1081,,0.0,0.0,0.0
1082,,0.0,0.0,0.0
1083,10.48_1.44_-1.07_-33.91_-2.69_-4.14_-22.56_-27.13_27.25_0.3641_0.6467_0.2177_-0.6339end10.48_1.44_-1.07_-31.78_-5.04_-4.25_-22.56_-27.13_27.25_0.3627_0.6476_0.2156_-0.6345end10.48_1.44_-1.07_-30.44_-6.49_-4.14_-22.19_-27.06_29.06_0.3613_0.6483_0.2135_-0.6353end10.05_1.11_-0.93_-30.44_-6.49_-4.14_-22.94_-27.44_29.06_0.3613_0.6483_0.2135_-0.6353end9.95_1.05_-0.90_-27.53_-9.51_-3.92_-22.94_-27.44_29.06_0.3602_0.6487_0.2115_-0.6361end10.01_1.05_-0.81_-24.73_-10.07_-4.14_-22.94_-27.44_29.06_0.3602_0.6487_0.2115_-0.6361end10.04_1.03_-0.80_-22.49_-9.85_-4.25_-22.94_-27.44_29.06_0.3589_0.6492_0.2088_-0.6373end10.02_1.05_-0.71_-22.49_-9.85_-4.25_-22.94_-27.44_29.06_0.3585_0.6492_0.2081_-0.6377end10.02_1.13_-0.65_-22.49_-9.85_-4.25_-22.19_-27.44_27.75_0.3582_0.6494_0.2075_-0.6379end9.94_1.14_-0.61_-15.00_-3.02_-3.47_-22.56_-27.06_29.06_0.3579_0.6495_0.2068_-0.6381end,0.0,0.0,0.0
1084,,0.0,0.0,0.0
1085,,0.0,0.0,0.0
1086,9.95_1.24_-0.63_-12.98_-0.45_-2.80_-22.56_-27.06_29.06_0.3579_0.6495_0.2068_-0.6381end9.97_1.25_-0.61_-11.75_2.46_-2.13_-22.56_-27.06_29.06_0.3571_0.6503_0.2057_-0.6382end9.98_1.25_-0.63_-11.75_2.46_-2.13_-21.81_-27.44_27.75_0.3568_0.6506_0.2056_-0.6381end9.86_1.30_-0.61_-11.75_2.46_-2.13_-21.81_-27.44_27.75_0.3566_0.6510_0.2054_-0.6379end9.89_1.35_-0.61_-11.75_2.46_-2.13_-21.81_-27.44_27.75_0.3563_0.6514_0.2054_-0.6376end9.89_1.38_-0.57_-6.83_7.72_0.67_-21.81_-27.44_27.75_0.3563_0.6514_0.2054_-0.6376end9.89_1.38_-0.57_-6.83_7.72_0.67_-21.81_-27.44_27.75_0.3555_0.6522_0.2053_-0.6372end9.78_1.41_-0.52_-6.83_7.72_0.67_-21.81_-27.44_27.75_0.3553_0.6524_0.2053_-0.6371end9.86_1.45_-0.48_-6.83_7.72_0.67_-21.81_-27.44_27.75_0.3553_0.6524_0.2053_-0.6371end9.85_1.47_-0.52_-4.81_-1.45_1.68_-21.81_-27.44_27.75_0.3553_0.6524_0.2053_-0.6371end,0.0,0.0,0.0
1087,,0.0,0.0,0.0
1088,9.85_1.47_-0.52_-3.69_-3.80_1.45_-21.81_-27.44_27.75_0.3553_0.6524_0.2053_-0.6371end9.92_1.57_-0.55_-3.69_-3.80_1.45_-21.81_-27.44_27.75_0.3546_0.6525_0.2050_-0.6376end9.90_1.50_-0.55_-3.69_-3.80_1.45_-21.81_-27.44_27.75_0.3546_0.6524_0.2049_-0.6377end9.90_1.50_-0.55_-1.45_-2.35_0.11_-21.81_-27.44_27.75_0.3546_0.6524_0.2049_-0.6377end9.93_1.54_-0.55_-1.45_-2.35_0.11_-21.81_-27.44_27.75_0.3546_0.6524_0.2049_-0.6377end9.93_1.54_-0.55_-1.45_-2.35_0.11_-22.19_-27.81_27.75_0.3546_0.6523_0.2048_-0.6378end9.91_1.56_-0.50_-1.45_-2.35_0.11_-22.19_-27.81_27.75_0.3547_0.6524_0.2049_-0.6376end9.93_1.55_-0.48_-1.45_-2.35_0.11_-21.12_-27.13_28.19_0.3547_0.6524_0.204,0.0,0.0,0.0
1089,9_-0.6376end9.94_1.58_-0.54_2.46_4.59_-2.24_-21.12_-27.13_28.19_0.3547_0.6524_0.2049_-0.6376end9.94_1.58_-0.54_2.46_4.59_-2.24_-21.81_-28.81_27.31_0.3551_0.6528_0.2054_-0.6368end,0.0,0.0,0.0
1090,9.91_1.52_-0.50_2.46_4.59_-2.24_-21.81_-28.81_27.31_0.3552_0.6530_0.2055_-0.6365end9.95_1.52_-0.55_2.46_4.59_-2.24_-21.81_-28.81_27.31_0.3552_0.6530_0.2055_-0.6365end9.94_1.52_-0.50_2.46_4.59_-2.24_-21.81_-28.81_27.31_0.3555_0.6534_0.2058_-0.6359end9.93_1.52_-0.49_3.92_5.93_-2.13_-21.81_-28.81_27.31_0.3555_0.6534_0.2058_-0.6359end9.93_1.52_-0.49_3.92_5.93_-2.13_-22.19_-27.81_27.25_0.3558_0.6537_0.2063_-0.6353end9.91_1.52_-0.51_3.80_2.13_-0.22_-22.19_-27.81_27.25_0.3560_0.6537_0.2064_-0.6351end9.93_1.48_-0.50_3.80_2.13_-0.22_-22.19_-27.81_27.25_0.3561_0.6537_0.2066_-0.6349end9.89_1.46_-0.48_4.81_-1.57_1.23_-22.19_-27.81_27.25_0.3561_0.6537_0.2066_-0.634,0.0,0.0,0.0
1091,9end9.86_1.48_-0.50_4.81_-1.57_1.23_-22.19_-27.44_27.75_0.3565_0.6533_0.2072_-0.6350end9.95_1.48_-0.48_4.81_-1.57_1.23_-22.19_-27.44_27.75_0.3567_0.6530_0.2073_-0.6351end,0.0,0.0,0.0
1092,,0.0,0.0,0.0
1093,9.90_1.46_-0.48_6.94_-5.26_2.24_-22.19_-27.44_27.25_0.3567_0.6530_0.2073_-0.6351end9.81_1.46_-0.43_7.95_-4.81_2.35_-22.19_-27.44_27.25_0.3567_0.6530_0.2073_-0.6351end9.81_1.46_-0.43_7.95_-4.81_2.35_-22.19_-27.81_27.75_0.3575_0.6520_0.2084_-0.6354end9.87_1.55_-0.44_7.95_-4.81_2.35_-22.19_-27.81_27.75_0.3578_0.6517_0.2087_-0.6353end9.89_1.55_-0.47_10.97_0.56_3.25_-22.19_-27.81_27.75_0.3578_0.6517_0.2087_-0.6353end9.89_1.55_-0.47_10.97_0.56_3.25_-22.19_-27.44_28.62_0.3585_0.6512_0.2101_-0.6350end9.82_1.57_-0.47_10.97_0.56_3.25_-22.19_-27.44_28.62_0.3587_0.6511_0.2106_-0.6348end9.89_1.61_-0.44_10.97_0.56_3.25_-22.19_-27.44_28.62_0.3590_0.6509_0.2112_-0.634,0.0,0.0,0.0
1094,,0.0,0.0,0.0
1095,6end9.89_1.61_-0.44_13.32_3.13_3.80_-21.81_-27.81_28.12_0.3590_0.6509_0.2112_-0.6346end9.89_1.61_-0.44_13.32_3.13_3.80_-21.81_-27.81_28.12_0.3595_0.6506_0.2123_-0.6343end,0.0,0.0,0.0
1096,,0.0,0.0,0.0
1097,9.89_1.61_-0.47_13.32_3.13_3.80_-21.81_-27.81_28.12_0.3600_0.6502_0.2134_-0.6340end9.89_1.56_-0.53_13.32_3.13_3.80_-21.81_-27.81_28.12_0.3603_0.6500_0.2141_-0.6340end9.83_1.50_-0.54_15.67_0.11_5.93_-21.81_-27.81_28.12_0.3603_0.6500_0.2141_-0.6340end9.81_1.37_-0.55_15.67_0.11_5.93_-21.81_-27.81_28.12_0.3612_0.6490_0.2159_-0.6337end9.76_1.32_-0.55_17.12_-2.01_6.49_-21.81_-27.81_28.12_0.3615_0.6487_0.2166_-0.6337end9.80_1.29_-0.59_17.12_-2.01_6.49_-21.81_-27.81_28.12_0.3615_0.6487_0.2166_-0.6337end9.82_1.32_-0.63_18.24_-3.58_6.04_-21.81_-27.81_28.12_0.3615_0.6487_0.2166_-0.6337end9.82_1.32_-0.63_18.24_-3.58_6.04_-21.12_-27.06_28.62_0.3627_0.6475_0.2185_-0,0.0,0.0,0.0
1098,.6337end9.91_1.34_-0.76_18.24_-3.58_6.04_-21.12_-27.06_28.62_0.3627_0.6475_0.2185_-0.6337end9.98_1.33_-0.80_20.70_-3.80_4.25_-21.12_-27.06_28.62_0.3627_0.6475_0.2185_-0.6337end,0.0,0.0,0.0
1099,10.02_1.34_-0.84_21.71_-2.46_4.36_-21.12_-27.06_28.62_0.3627_0.6475_0.2185_-0.6337end10.04_1.37_-0.86_21.71_-2.46_4.36_-23.25_-27.06_28.19_0.3627_0.6475_0.2185_-0.6337end10.15_1.37_-0.92_21.71_-2.46_4.36_-22.19_-26.75_28.19_0.3662_0.6443_0.2234_-0.6332end10.22_1.42_-0.93_21.71_-2.46_4.36_-22.19_-26.75_28.19_0.3662_0.6443_0.2234_-0.6332end10.20_1.43_-0.95_21.71_-2.46_4.36_-21.81_-26.75_29.94_0.3679_0.6430_0.2261_-0.6325end10.21_1.45_-0.99_28.54_2.69_7.72_-21.81_-26.75_29.94_0.3685_0.6425_0.2272_-0.6323end10.19_1.44_-1.00_28.54_2.69_7.72_-21.81_-26.75_29.94_0.3691_0.6421_0.2283_-0.6320end10.14_1.47_-1.08_28.54_2.69_7.72_-21.81_-26.75_29.94_0.3696_0.6416_,0.0,0.0,0.0
1100,0.2294_-0.6317end10.14_1.43_-1.13_32.90_2.01_12.31_-21.81_-26.75_29.94_0.3696_0.6416_0.2294_-0.6317end10.14_1.43_-1.13_32.90_2.01_12.31_-22.56_-25.69_29.06_0.3713_0.6399_0.2332_-0.6310end9.97_1.41_-1.13_32.90_2.01_12.31_-22.56_-25.69_29.06_0.3719_0.6393_0.2346_-0.6309end9.90_1.34_-1.23_32.90_2.01_12.31_-22.56_-25.69_29.06_0.3725_0.6385_0.2360_-0.6307end9.85_1.30_-1.21_32.90_2.01_12.31_-22.56_-25.69_29.06_0.3731_0.6378_0.2374_-0.6307end9.79_1.29_-1.27_37.94_-4.48_15.67_-22.56_-25.69_29.06_0.3731_0.6378_0.2374_-0.,0.0,0.0,0.0
1101,6307end9.77_1.29_-1.32_37.94_-4.48_15.67_-22.56_-25.69_29.06_0.3751_0.6351_0.2416_-0.6305end9.77_1.29_-1.32_39.84_-5.82_15.55_-22.56_-25.69_29.06_0.3759_0.6342_0.2431_-0.6305end9.64_1.22_-1.40_40.62_-5.71_15.00_-22.25_-23.94_29.50_0.3759_0.6342_0.2431_-0.6305end9.65_1.24_-1.48_40.62_-5.71_15.00_-22.25_-23.94_29.50_0.3782_0.6312_0.2476_-0.6302end9.63_1.24_-1.46_44.43_-4.14_13.54_-22.25_-23.94_29.50_0.3792_0.6302_0.2491_-0.6301end9.66_1.28_-1.46_44.43_-4.14_13.54_-22.56_-24.63_29.06_0.3792_0.6302_0.2491_-0.6301end,0.0,0.0,0.0
1102,9.61_1.29_-1.52_44.43_-4.14_13.54_-22.56_-24.63_29.06_0.3792_0.6302_0.2491_-0.6301end9.61_1.29_-1.52_44.43_-4.14_13.54_-22.25_-24.25_30.00_0.3820_0.6273_0.2538_-0.6295end9.61_1.36_-1.46_44.43_-4.14_13.54_-22.25_-24.25_30.00_0.3841_0.6253_0.2570_-0.6288end9.65_1.35_-1.48_50.25_-1.90_10.07_-22.94_-23.56_32.19_0.3841_0.6253_0.2570_-0.6288end9.70_1.44_-1.46_50.92_-1.45_9.51_-22.94_-23.56_32.19_0.3841_0.6253_0.2570_-0.6288end9.70_1.44_-1.46_50.92_-1.45_9.51_-22.94_-23.56_32.19_0.3887_0.6213_0.2636_-0.6273end9.86_1.56_-1.46_50.92_-1.45_9.51_-22.94_-23.56_32.19_0.3887_0.6213_0.2636_-0.6273end9.93_1.62_-1.48_54.61_-1.12_7.95_-22.94_-23.56_32.19_0.3887_0.6213_0.2636_-0.6273end9.93_1.62_-1.48_54.61_-1.12_7.95_-22.94_-23.56_32.19_0.3937_0.6171_0.2704_-0.6253end10.02_1.67_-1.46_54.61_-1.12_7.95_-24.00_-22.19_31.69_0.3937_0.6171_0.2704_-0.6253end,0.0,0.0,0.0
1103,,0.0,0.0,0.0
1104,,0.0,0.0,0.0
1105,,0.0,0.0,0.0
1106,10.14_1.62_-1.32_54.61_-1.12_7.95_-24.00_-22.19_31.69_0.3937_0.6171_0.2704_-0.6253end10.13_1.60_-1.25_54.61_-1.12_7.95_-22.25_-21.87_30.88_0.3989_0.6130_0.2779_-0.6228end10.08_1.64_-1.20_54.61_-1.12_7.95_-22.25_-21.87_30.88_0.4001_0.6120_0.2800_-0.6221end10.09_1.59_-1.05_54.61_-1.12_7.95_-22.62_-21.87_33.00_0.4001_0.6120_0.2800_-0.6221end10.01_1.56_-1.02_54.61_-1.12_7.95_-22.62_-21.87_33.00_0.4026_0.6099_0.2841_-0.6207end9.99_1.52_-0.94_63.45_4.81_14.55_-22.62_-21.87_33.00_0.4026_0.6099_0.2841_-0.6207end9.95_1.54_-0.90_64.35_4.36_15.44_-22.62_-21.87_33.00_0.4064_0.6063_0.2908_-0.6186end10.01_1.57_-0.73_64.35_4.36_15.44_-22.62_-21.87_33.00_0.4076_0.6050,0.0,0.0,0.0
1107,_0.2931_-0.6180end10.02_1.57_-0.63_66.70_3.58_18.13_-22.62_-21.87_33.00_0.4076_0.6050_0.2931_-0.6180end10.02_1.57_-0.63_67.37_3.25_18.69_-23.69_-19.75_33.06_0.4076_0.6050_0.2931_-0.6180end10.10_1.71_-0.50_67.37_3.25_18.69_-23.69_-19.75_33.06_0.4076_0.6050_0.2931_-0.6180end10.10_1.71_-0.50_69.49_5.48_21.15_-23.69_-19.75_33.06_0.4137_0.5983_0.3052_-0.6147end10.10_1.71_-0.50_69.49_5.48_21.15_-23.69_-19.75_33.06_0.4137_0.5983_0.3052_-0.6147end10.10_1.71_-0.50_69.72_7.16_22.16_-23.69_-19.75_33.06_0.4159_0.5956_0.3103_-0.6132end10.10_1.71_-0.50_69.61_10.85_23.61_-23.69_-19.75_33.06_0.4180_0.5930_0.3157_-0.6116end10.11_1.95_-0.22_69.61_10.85_23.61_-24.06_-18.37_33.06_0.4180_0.5930_0.3157_-0.6116end10.11_1.95_-0.22_69.61_10.85_23.61_-23.69_-17.75_33.06_0.4198_0.5906_0.3211_-0.6097end10.07_2.14_-0.11_69.61_10.85_23.61_-23.69_-17.75_33.06_0.4215_0.5884_0.3267_-0.6077end10.07_2.14_-0.11_64.23_21.04_23.50_-23.69_-17.75_33.06_0.4222_0.5875_0.3294_-0.6067end10.03_2.20_-0.03_64.23_21.04_23.50_-23.69_-17.75_33.06_0.4222_0.5875_0.3294_-0.6067end,0.0,0.0,0.0
1108,,0.0,0.0,0.0
1109,,0.0,0.0,0.0
1110,10.03_2.20_-0.03_64.23_21.04_23.50_-24.44_-17.00_34.38_0.4244_0.5847_0.3372_-0.6036end10.03_2.29_-0.02_64.23_21.04_23.50_-24.75_-16.69_34.00_0.4244_0.5847_0.3372_-0.6036end9.86_2.34_0.03_64.23_21.04_23.50_-24.75_-16.69_34.00_0.4244_0.5847_0.3372_-0.6036end9.87_2.31_0.01_49.46_9.29_17.46_-25.50_-17.00_34.88_0.4244_0.5847_0.3372_-0.6036end9.87_2.31_0.01_49.46_9.29_17.46_-25.50_-17.00_34.88_0.4277_0.5801_0.3479_-0.5995end9.76_2.25_0.09_49.46_9.29_17.46_-25.50_-14.56_34.50_0.4283_0.5792_0.3497_-0.5990end9.76_2.25_0.09_49.46_9.29_17.46_-25.50_-14.25_34.50_0.4290_0.5782_0.3513_-0.5986end9.52_2.13_0.11_49.46_9.29_17.46_-25.50_-14.25_34.50_0.4290_0.5782_0.3513,0.0,0.0,0.0
1111,_-0.5986end9.43_2.05_0.09_49.46_9.29_17.46_-25.12_-14.94_34.81_0.4305_0.5754_0.3555_-0.5976end9.36_2.01_0.11_32.45_-1.90_16.23_-25.50_-14.94_35.31_0.4310_0.5745_0.3568_-0.5974end,0.0,0.0,0.0
1112,,0.0,0.0,0.0
1113,9.26_1.93_0.14_32.45_-1.90_16.23_-25.50_-14.94_35.31_0.4310_0.5745_0.3568_-0.5974end9.06_1.84_0.13_32.45_-1.90_16.23_-25.50_-14.94_35.31_0.4318_0.5727_0.3591_-0.5972end9.02_1.81_0.16_25.74_-4.81_15.89_-25.50_-14.94_35.31_0.4318_0.5727_0.3591_-0.5972end8.91_1.79_0.16_25.74_-4.81_15.89_-25.50_-14.94_35.31_0.4326_0.5701_0.3619_-0.5974end8.85_1.84_0.11_25.74_-4.81_15.89_-25.50_-14.94_35.31_0.4329_0.5692_0.3627_-0.5975end8.88_1.85_0.09_17.79_-12.20_16.00_-25.50_-14.94_35.31_0.4329_0.5692_0.3627_-0.5975end8.86_1.86_0.08_16.11_-14.66_15.55_-25.50_-14.94_35.31_0.4335_0.5665_0.3646_-0.5986end8.75_1.91_0.06_16.11_-14.66_15.55_-25.19_-13.50_36.19_0.4338_0.5655_0.,0.0,0.0,0.0
1114,3649_-0.5991end8.70_1.87_0.01_16.11_-14.66_15.55_-25.19_-13.50_36.19_0.4340_0.5645_0.3653_-0.5997end8.64_1.90_0.01_16.11_-14.66_15.55_-25.19_-13.50_36.19_0.4340_0.5645_0.3653_-0.5997end,0.0,0.0,0.0
1115,8.64_1.90_0.01_10.07_-24.06_14.10_-24.81_-13.25_34.94_0.4340_0.5645_0.3653_-0.5997end8.64_1.90_0.01_10.07_-24.06_14.10_-24.81_-13.25_34.94_0.4351_0.5603_0.3660_-0.6024end8.50_1.91_-0.14_10.07_-24.06_14.10_-24.81_-13.19_36.25_0.4354_0.5593_0.3660_-0.6030end8.49_1.90_-0.18_9.62_-25.74_9.62_-24.81_-13.19_36.25_0.4354_0.5593_0.3660_-0.6030end8.49_1.90_-0.18_9.29_-24.51_7.61_-24.81_-13.19_36.25_0.4362_0.5573_0.3660_-0.6043end8.51_1.83_-0.34_9.29_-24.51_7.61_-24.81_-13.19_36.25_0.4366_0.5563_0.3660_-0.6049end8.51_1.83_-0.34_10.18_-18.24_-0.67_-24.81_-13.19_36.25_0.4377_0.5548_0.3658_-0.6057end8.57_1.79_-0.41_10.18_-18.24_-0.67_-24.44_-12.88_36.63_0.4377_0.5548_0.3658_-0.6057end8.57_1.79_-0.41_10.52_-11.19_-7.83_-24.44_-12.88_36.63_0.4389_0.5538_0.3657_-0.6058end8.68_1.82_-0.47_10.85_-7.27_-11.64_-24.44_-12.88_36.63_0.4389_0.5538_0.3657_-0.6058end,0.0,0.0,0.0
1116,,0.0,0.0,0.0
1117,8.73_1.82_-0.49_10.85_-7.27_-11.64_-24.44_-12.88_36.63_0.4410_0.5534_0.3653_-0.6049end8.89_1.87_-0.47_10.85_-7.27_-11.64_-24.44_-12.88_36.63_0.4410_0.5534_0.3653_-0.6049end9.05_1.93_-0.43_9.85_8.39_-25.29_-24.44_-12.88_36.63_0.4410_0.5534_0.3653_-0.6049end9.10_1.99_-0.39_9.62_10.52_-27.86_-23.69_-13.19_36.25_0.4410_0.5534_0.3653_-0.6049end9.09_1.99_-0.38_9.06_12.31_-30.33_-23.69_-13.19_36.25_0.4449_0.5557_0.3643_-0.6005end9.14_2.01_-0.39_9.06_12.31_-30.33_-23.69_-13.19_36.25_0.4457_0.5565_0.3640_-0.5994end9.18_2.02_-0.36_9.06_12.31_-30.33_-24.06_-12.56_36.25_0.4457_0.5565_0.3640_-0.5994end9.21_2.06_-0.32_9.06_12.31_-30.33_-24.06_-13.88_36.63_0.4482_0.5588_0.3628_-0.5960end9.26_2.09_-0.30_9.06_12.31_-30.33_-25.19_-13.25_35.75_0.4490_0.5596_0.3623_-0.5950end9.24_2.07_-0.30_9.06_12.31_-30.33_-25.19_-13.25_35.75_0.4498_0.5604_0.3618_-0.5939end,0.0,0.0,0.0
1118,,0.0,0.0,0.0
1119,,0.0,0.0,0.0
1120,9.22_2.09_-0.26_9.06_12.31_-30.33_-25.19_-13.25_35.75_0.4506_0.5612_0.3611_-0.5930end9.23_2.02_-0.26_9.06_12.31_-30.33_-25.19_-13.25_35.75_0.4514_0.5620_0.3604_-0.5921end9.23_2.02_-0.26_9.06_12.31_-30.33_-25.19_-13.25_35.75_0.4528_0.5634_0.3588_-0.5906end9.19_2.00_-0.25_9.06_12.31_-30.33_-25.19_-13.25_35.75_0.4536_0.5641_0.3578_-0.5899end9.17_1.94_-0.18_-9.51_-2.69_-34.80_-25.19_-13.25_35.75_0.4536_0.5641_0.3578_-0.5899end9.12_1.90_-0.22_-9.51_-2.69_-34.80_-25.19_-13.25_35.75_0.4557_0.5662_0.3544_-0.5883end9.10_1.85_-0.24_-9.51_-2.69_-34.80_-23.38_-15.25_37.06_0.4564_0.5668_0.3533_-0.5879end9.05_1.80_-0.22_-9.51_-2.69_-34.80_-23.38_-15.25_37.06_0.4571_0.5675_0.3520_-0.5875end9.03_1.79_-0.20_-13.54_-3.25_-35.59_-23.38_-15.25_37.06_0.4571_0.5675_0.3520_-0.5875end9.00_1.78_-0.25_-13.54_-3.25_-35.59_-24.06_-13.88_36.13_0.4571_0.5675_0.3520_-0.5875end,0.0,0.0,0.0
1121,,0.0,0.0,0.0
1122,9.00_1.78_-0.25_-13.54_-3.25_-35.59_-24.06_-13.88_36.13_0.4595_0.5707_0.3467_-0.5856end8.91_1.67_-0.26_-13.54_-3.25_-35.59_-23.00_-15.25_36.19_0.4601_0.5717_0.3453_-0.5850end8.89_1.60_-0.24_-13.54_-3.25_-35.59_-23.00_-15.25_36.19_0.4601_0.5717_0.3453_-0.5850end8.96_1.59_-0.32_-13.54_-3.25_-35.59_-23.00_-15.25_36.19_0.4601_0.5717_0.3453_-0.5850end9.05_1.58_-0.30_-20.81_6.49_-44.43_-23.00_-15.25_36.19_0.4622_0.5764_0.3395_-0.5821end9.15_1.60_-0.29_-23.28_8.17_-48.01_-23.00_-15.25_36.19_0.4622_0.5764_0.3395_-0.5821end9.21_1.58_-0.34_-23.28_8.17_-48.01_-23.00_-15.25_36.19_0.4633_0.5792_0.3363_-0.5804end9.39_1.65_-0.43_-25.18_9.51_-50.58_-23.00_-15.25_36.19,0.0,0.0,0.0
1123,_0.4633_0.5792_0.3363_-0.5804end9.48_1.67_-0.42_-25.18_9.51_-50.58_-23.69_-16.69_35.25_0.4633_0.5792_0.3363_-0.5804end9.48_1.67_-0.42_-25.18_9.51_-50.58_-24.75_-16.62_35.69_0.4652_0.5853_0.3293_-0.5767end,0.0,0.0,0.0
1124,,0.0,0.0,0.0
1125,9.59_1.66_-0.42_-28.54_12.20_-53.83_-24.75_-16.62_35.69_0.4652_0.5853_0.3293_-0.5767end9.78_1.69_-0.36_-28.54_12.20_-53.83_-24.75_-16.62_35.69_0.4661_0.5887_0.3256_-0.5746end9.87_1.75_-0.39_-29.88_12.31_-54.50_-24.75_-16.62_35.69_0.4661_0.5887_0.3256_-0.5746end9.94_1.77_-0.37_-29.88_12.31_-54.50_-24.75_-16.62_35.69_0.4674_0.5937_0.3199_-0.5715end9.98_1.77_-0.34_-29.88_12.31_-54.50_-24.75_-16.62_35.69_0.4678_0.5955_0.3179_-0.5706end10.06_1.87_-0.39_-29.88_12.31_-54.50_-24.75_-16.62_35.69_0.4678_0.5955_0.3179_-0.5706end10.11_1.89_-0.46_-29.88_12.31_-54.50_-22.62_-18.06_34.88_0.4678_0.5955_0.3179_-0.5706end10.18_1.90_-0.45_-35.03_11.19_-54.61_-23.00_-18.6,0.0,0.0,0.0
1126,,0.0,0.0,0.0
1127,9_34.81_0.4678_0.5955_0.3179_-0.5706end10.25_1.98_-0.48_-35.59_11.19_-54.16_-23.00_-18.69_34.81_0.4694_0.6042_0.3077_-0.5657end10.27_2.00_-0.44_-38.27_9.96_-53.60_-23.00_-18.69_34.81_0.4695_0.6059_0.3056_-0.5648end,0.0,0.0,0.0
1128,10.25_1.96_-0.52_-38.27_9.96_-53.60_-23.00_-18.69_34.81_0.4695_0.6059_0.3056_-0.5648end10.25_1.88_-0.49_-38.27_9.96_-53.60_-21.87_-19.06_35.25_0.4695_0.6059_0.3056_-0.5648end10.22_1.85_-0.53_-40.96_8.50_-52.60_-21.87_-19.06_35.25_0.4695_0.6059_0.3056_-0.5648end10.22_1.85_-0.53_-42.97_6.94_-51.81_-21.87_-19.06_35.25_0.4700_0.6146_0.2944_-0.5610end10.18_1.65_-0.61_-42.97_6.94_-51.81_-22.25_-19.75_35.25_0.4700_0.6146_0.2944_-0.5610end10.18_1.65_-0.61_-45.21_4.25_-51.36_-22.25_-19.75_35.25_0.4700_0.6180_0.2897_-0.5598end10.15_1.46_-0.69_-46.33_3.92_-51.70_-22.25_-19.75_35.25_0.4700_0.6180_0.2897_-0.5598end10.12_1.39_-0.71_-46.33_3.92_-51.70_-22.25_-19.75_3,0.0,0.0,0.0
1129,5.25_0.4698_0.6230_0.2823_-0.5580end10.25_1.30_-0.85_-46.33_3.92_-51.70_-22.25_-19.75_35.25_0.4698_0.6230_0.2823_-0.5580end10.29_1.22_-0.84_-48.12_2.80_-53.04_-22.25_-19.75_35.25_0.4697_0.6282_0.2748_-0.5562end,0.0,0.0,0.0
1130,10.32_1.17_-0.85_-48.12_2.80_-53.04_-22.25_-21.87_34.31_0.4695_0.6299_0.2723_-0.5556end10.42_1.14_-0.93_-48.12_2.80_-53.04_-22.25_-21.87_34.31_0.4694_0.6316_0.2698_-0.5549end10.54_1.09_-0.96_-49.57_7.83_-51.03_-22.25_-21.87_34.31_0.4694_0.6316_0.2698_-0.5549end10.54_1.09_-0.96_-49.57_7.83_-51.03_-21.87_-23.25_32.56_0.4689_0.6353_0.2649_-0.5535end10.54_1.09_-0.96_-50.58_10.30_-47.56_-21.87_-23.25_32.56_0.4686_0.6371_0.2625_-0.5528end10.96_1.15_-0.90_-50.58_10.30_-47.56_-21.87_-23.25_32.56_0.4683_0.6389_0.2601_-0.5521end11.01_1.18_-0.92_-51.59_9.62_-43.64_-21.87_-23.25_32.56_0.4683_0.6389_0.2601_-0.5521end11.11_1.19_-0.85_-51.59_9.62_-43.64_-21.87_-24.25_32.19_0.4683_0.6389_0.2601_-0.5521end11.18_1.21_-0.90_-51.59_9.62_-43.64_-21.87_-24.25_32.19_0.4656_0.6476_0.2490_-0.5494end11.37_1.32_-0.89_-51.59_9.62_-43.64_-21.12_-24.63_31.69_0.4650_0.6490_0.2469_-0.5491end,0.0,0.0,0.0
1131,,0.0,0.0,0.0
1132,11.46_1.42_-0.98_-51.59_9.62_-43.64_-21.12_-24.63_31.69_0.4642_0.6505_0.2448_-0.5491end11.49_1.43_-1.00_-52.60_-4.14_-25.29_-21.12_-24.63_31.69_0.4642_0.6505_0.2448_-0.5491end11.49_1.43_-1.00_-52.60_-4.14_-25.29_-21.12_-24.63_31.69_0.4616_0.6540_0.2387_-0.5497end11.57_1.52_-1.15_-52.60_-4.14_-25.29_-21.12_-24.63_31.69_0.4606_0.6550_0.2368_-0.5502end11.59_1.55_-1.20_-52.60_-4.14_-25.29_-21.12_-24.63_31.69_0.4606_0.6550_0.2368_-0.5502end11.56_1.54_-1.25_-50.47_-13.09_-6.60_-21.12_-24.63_31.69_0.4606_0.6550_0.2368_-0.5502end11.57_1.57_-1.29_-49.57_-12.76_-3.36_-20.37_-26.00_31.25_0.4606_0.6550_0.2368_-0.5502end11.54_1.62_-1.31_-48.79_-11.75_0.22_-20.37_-2,0.0,0.0,0.0
1133,6.00_31.25_0.4548_0.6588_0.2289_-0.5539end11.47_1.69_-1.35_-48.79_-11.75_0.22_-20.37_-26.00_31.25_0.4534_0.6594_0.2277_-0.5547end11.53_1.71_-1.37_-48.79_-11.75_0.22_-20.37_-27.44_30.75_0.4534_0.6594_0.2277_-0.5547end,0.0,0.0,0.0
1134,11.53_1.71_-1.37_-45.88_-10.30_10.07_-20.00_-27.06_30.75_0.4534_0.6594_0.2277_-0.5547end11.53_1.71_-1.37_-44.54_-11.19_12.98_-20.00_-27.06_30.75_0.4491_0.6611_0.2245_-0.5575end11.53_1.71_-1.37_-44.54_-11.19_12.98_-20.00_-27.75_30.31_0.4476_0.6616_0.2236_-0.5585end11.53_1.71_-1.37_-43.98_-11.19_13.99_-20.00_-27.75_30.31_0.4446_0.6625_0.2218_-0.5605end12.10_2.43_-1.81_-43.76_-11.19_14.10_-20.37_-27.75_31.25_0.4446_0.6625_0.2218_-0.5605end12.30_2.57_-1.93_-43.76_-11.19_14.10_-20.37_-27.75_31.25_0.4401_0.6639_0.2192_-0.5635end12.37_2.66_-1.95_-43.76_-11.19_14.10_-20.37_-27.44_30.75_0.4387_0.6643_0.2183_-0.5645end12.43_2.62_-1.98_-44.09_-10.85_12.09_-20.37_-27.44_30.75_0.4371_0.6648_0.2173_-0.5655end12.43_2.62_-1.98_-44.76_-11.08_11.64_-19.62_-28.12_29.94_0.4371_0.6648_0.2173_-0.5655end12.43_2.62_-1.98_-44.76_-11.08_11.64_-20.00_-28.44_31.19_0.4326_0.6662_0.2144_-0.5684end,0.0,0.0,0.0
1135,,0.0,0.0,0.0
1136,12.24_2.35_-1.93_-44.76_-11.08_11.64_-20.00_-28.44_31.19_0.4311_0.6666_0.2134_-0.5693end11.93_2.10_-1.78_-44.76_-11.08_11.64_-20.00_-28.44_31.19_0.4296_0.6671_0.2125_-0.5704end11.76_2.02_-1.74_-47.90_-14.55_18.02_-20.00_-28.44_31.19_0.4296_0.6671_0.2125_-0.5704end11.76_2.02_-1.74_-48.23_-16.23_21.15_-20.00_-28.44_31.19_0.4243_0.6680_0.2098_-0.5742end11.52_1.86_-1.58_-48.23_-16.23_21.15_-20.75_-28.81_29.94_0.4224_0.6682_0.2090_-0.5756end11.16_1.63_-1.43_-48.23_-16.23_21.15_-20.75_-28.81_29.94_0.4204_0.6683_0.2084_-0.5773end11.16_1.63_-1.43_-47.22_-24.28_37.38_-19.62_-28.75_29.94_0.4204_0.6683_0.2084_-0.5773end10.71_1.48_-1.29_-44.76_-27.86_46.55_-19.62_,0.0,0.0,0.0
1137,,0.0,0.0,0.0
1138,-28.75_29.94_0.4163_0.6682_0.2073_-0.5808end10.35_1.43_-1.29_-44.76_-27.86_46.55_-19.62_-28.75_29.94_0.4118_0.6675_0.2068_-0.5849end10.19_1.40_-1.27_-40.85_-31.22_54.72_-19.62_-28.75_29.94_0.4118_0.6675_0.2068_-0.5849end,0.0,0.0,0.0
1139,9.90_1.41_-1.27_-39.39_-33.01_58.75_-19.62_-28.75_29.94_0.4118_0.6675_0.2068_-0.5849end9.75_1.38_-1.29_-39.39_-33.01_58.75_-21.44_-28.12_29.87_0.4118_0.6675_0.2068_-0.5849end9.75_1.38_-1.29_-32.34_-34.36_67.26_-21.44_-28.12_29.87_0.4001_0.6639_0.2078_-0.5966end9.36_1.29_-1.35_-32.34_-34.36_67.26_-21.44_-28.12_29.87_0.3976_0.6630,0.0,0.0,0.0
1140,_0.2084_-0.5991end8.96_1.17_-1.38_-32.34_-34.36_67.26_-21.44_-28.12_29.87_0.3953_0.6620_0.2090_-0.6015end8.89_1.19_-1.42_-25.51_-31.78_71.40_-21.44_-28.12_29.87_0.3953_0.6620_0.2090_-0.6015end8.89_1.19_-1.42_-25.51_-31.78_71.40_-21.44_-28.12_29.87_0.3884_0.6588_0.2117_-0.6085end8.66_1.04_-1.48_-25.51_-31.78_71.40_-21.06_-29.12_29.00_0.3863_0.6577_0.2128_-0.6107end8.64_1.05_-1.48_-25.51_-31.78_71.40_-21.06_-29.12_29.00_0.3863_0.6577_0.2128_-0.6107end8.64_1.05_-1.48_-14.21_-30.10_69.38_-21.81_-28.50_29.00_0.3863_0.6577_0.2128_-0.6107end,0.0,0.0,0.0
1141,,0.0,0.0,0.0
1142,8.64_1.05_-1.48_-11.86_-30.44_67.93_-21.81_-28.50_29.00_0.3802_0.6542_0.2161_-0.6171end8.62_0.93_-1.46_-11.86_-30.44_67.93_-21.81_-28.50_29.00_0.3784_0.6529_0.2172_-0.6192end8.62_0.93_-1.46_-4.81_-33.24_61.66_-21.81_-28.50_29.00_0.3751_0.6501_0.2194_-0.6233end8.86_1.05_-1.55_-4.81_-33.24_61.66_-21.81_-28.50_29.00_0.3737_0.6487_0.2205_-0.6252end9.04_1.23_-1.64_-4.81_-33.24_61.66_-21.81_-28.50_29.00_0.3737_0.6487_0.2205_-0.6252end9.18_1.30_-1.63_2.01_-32.45_54.72_-21.81_-28.50_29.00_0.3701_0.6443_0.2237_-0.6307end9.18_1.30_-1.63_2.01_-32.45_54.72_-23.25_-28.44_29.44_0.3692_0.6429_0.2249_-0.6323end9.52_1.59_-1.63_9.51_-28.76_48.68_-23.25_-28.44_29.44_0.3692_0.6429_0.2249_-0.6323end9.69_1.73_-1.57_9.51_-28.76_48.68_-23.25_-28.44_29.44_0.3692_0.6429_0.2249_-0.6323end9.69_1.73_-1.57_9.51_-28.76_48.68_-21.81_-27.75_30.75_0.3664_0.6373_0.2297_-0.6379end,0.0,0.0,0.0
1143,,0.0,0.0,0.0
1144,9.98_1.94_-1.46_19.14_-25.51_44.09_-21.81_-27.75_30.75_0.3659_0.6358_0.2310_-0.6392end10.24_2.13_-1.48_19.14_-25.51_44.09_-21.81_-27.75_30.75_0.3659_0.6358_0.2310_-0.6392end10.54_2.33_-1.46_23.95_-24.95_42.64_-21.81_-27.75_30.75_0.3659_0.6358_0.2310_-0.6392end10.54_2.33_-1.46_28.20_-23.61_41.18_-21.81_-27.75_30.75_0.3649_0.6313_,0.0,0.0,0.0
1145,0.2353_-0.6426end10.54_2.33_-1.46_28.20_-23.61_41.18_-21.81_-27.75_30.75_0.3647_0.6282_0.2384_-0.6446end11.01_2.66_-1.33_28.20_-23.61_41.18_-21.81_-27.75_30.75_0.3647_0.6282_0.2384_-0.6446end11.12_2.75_-1.29_34.36_-18.24_40.62_-21.81_-27.75_30.75_0.3647_0.6282_0.2384_-0.6446end11.22_2.76_-1.27_34.36_-18.24_40.62_-22.56_-26.00_32.13_0.3646_0.6224_0.2456_-0.6476end11.38_2.77_-1.19_34.36_-18.24_40.62_-22.56_-26.00_32.13_0.3646_0.6209_0.2477_-0.6483end11.38_2.82_-1.05_34.36_-18.24_40.62_-22.94_-25.62_33.44_0.3646_0.6209_0.2477_-0.6483end,0.0,0.0,0.0
1146,11.41_2.80_-1.00_46.11_-8.39_44.76_-23.25_-25.25_33.88_0.3646_0.6209_0.2477_-0.6483end11.41_2.80_-1.00_47.90_-7.27_46.66_-23.25_-25.25_33.88_0.3648_0.6166_0.2543_-0.6497end11.41_2.80_-1.00_47.90_-7.27_46.66_-23.62_-24.63_32.19_0.3649_0.6136_0.2593_-0.6505end11.34_2.82_-0.89_47.90_-7.27_46.66_-23.62_-24.63_32.19_0.3650_0.6121_0.2620_-0.6508end11.21_2.77_-0.82_47.90_-7.27_46.66_-23.62_-24.63_32.19_0.3650_0.6121_0.2620_-0.6508end11.07_2.78_-0.68_47.90_-7.27_46.66_-23.62_-24.63_32.19_0.3651_0.6089_0.2676_-0.6514end11.07_2.78_-0.68_47.90_-7.27_46.66_-24.00_-23.25_34.75_0.3651_0.6073_0.2705_-0.6517end11.07_2.78_-0.68_58.64_-2.24_54.39_-24.00_-23.25_34.75_0.3,0.0,0.0,0.0
1147,,0.0,0.0,0.0
1148,652_0.6040_0.2767_-0.6522end10.75_2.70_-0.54_58.64_-2.24_54.39_-24.00_-23.25_33.44_0.3652_0.6040_0.2767_-0.6522end10.75_2.70_-0.54_62.89_-2.01_57.07_-24.00_-23.25_33.44_0.3652_0.6006_0.2831_-0.6525end,0.0,0.0,0.0
1149,10.75_2.70_-0.54_63.79_-2.80_57.52_-24.00_-23.19_35.63_0.3652_0.6006_0.2831_-0.6525end10.75_2.70_-0.54_65.24_-2.91_57.74_-24.00_-23.19_35.63_0.3651_0.5972_0.2900_-0.6526end10.75_2.70_-0.54_66.70_-3.58_57.74_-23.31_-21.50_35.19_0.3653_0.5935_0.2966_-0.6530end9.93_2.56_-0.21_66.70_-3.58_57.74_-23.31_-21.50_35.19_0.3655_0.5915_0.30,0.0,0.0,0.0
1150,01_-0.6531end9.85_2.61_-0.11_69.83_-4.70_56.51_-23.31_-21.50_35.19_0.3655_0.5915_0.3001_-0.6531end9.85_2.61_-0.11_69.83_-4.70_56.51_-25.50_-19.75_35.25_0.3663_0.5854_0.3102_-0.6534end9.57_2.46_-0.06_69.83_-4.70_56.51_-25.50_-19.75_35.25_0.3668_0.5832_0.3135_-0.6535end9.36_2.46_-0.02_74.75_-10.18_53.83_-25.50_-19.75_35.25_0.3668_0.5832_0.3135_-0.6535end9.36_2.46_-0.02_75.65_-9.74_52.60_-25.50_-19.75_35.25_0.3668_0.5832_0.3135_-0.6535end9.36_2.46_-0.02_77.55_-6.15_50.36_-25.12_-18.69_37.00_0.3668_0.5832_0.3135_-0.6535end,0.0,0.0,0.0
1151,,0.0,0.0,0.0
1152,8.96_2.39_-0.01_77.55_-6.15_50.36_-25.12_-18.69_37.00_0.3668_0.5832_0.3135_-0.6535end8.83_2.37_0.02_77.55_-6.15_50.36_-25.12_-18.69_37.00_0.3696_0.5707_0.3344_-0.6526end8.79_2.35_0.05_79.45_2.01_46.44_-25.12_-18.69_37.00_0.3696_0.5707_0.3344_-0.6526end8.68_2.32_0.08_79.79_4.70_44.87_-25.12_-18.69_37.00_0.3715_0.5651_0.3447_-0.6510end8.51_2.23_0.13_79.79_4.70_44.87_-26.25_-16.94_38.38_0.3721_0.5635_0.3482_-0.6502end8.45_2.18_0.15_80.57_14.10_39.61_-26.25_-16.94_38.38_0.3721_0.5635_0.3482_-0.6502end8.45_2.18_0.15_80.57_14.10_39.61_-26.25_-15.25_37.88_0.3733_0.5605_0.3552_-0.6483end8.45_2.18_0.15_79.90_19.58_36.03_-26.25_-15.25_37.88_0.3739_0.5592_0.3588_,0.0,0.0,0.0
1153,-0.6472end8.04_2.08_0.51_78.78_21.26_34.02_-26.25_-15.25_37.88_0.3745_0.5579_0.3621_-0.6460end8.04_2.08_0.51_77.44_23.05_30.66_-26.25_-15.25_37.88_0.3751_0.5568_0.3655_-0.6448end,0.0,0.0,0.0
1154,,0.0,0.0,0.0
1155,,0.0,0.0,0.0
1156,7.75_1.93_0.77_77.44_23.05_30.66_-26.25_-15.25_37.88_0.3757_0.5556_0.3690_-0.6434end7.75_1.90_0.76_77.44_23.05_30.66_-26.25_-15.25_37.88_0.3776_0.5526_0.3784_-0.6394end7.65_1.82_0.79_77.44_23.05_30.66_-26.25_-15.25_37.88_0.3776_0.5526_0.3784_-0.6394end7.62_1.75_0.81_77.44_23.05_30.66_-26.25_-15.25_37.88_0.3791_0.5509_0.3843_-0.6365end7.62_1.75_0.81_77.44_23.05_30.66_-27.00_-12.13_39.25_0.3798_0.5503_0.3871_-0.6349end7.62_1.75_0.81_77.44_23.05_30.66_-27.00_-12.13_39.25_0.3812_0.5495_0.3926_-0.6314end7.62_1.75_0.81_77.44_23.05_30.66_-27.75_-11.75_39.31_0.3818_0.5493_0.3952_-0.6295end7.42_1.41_0.96_77.44_23.05_30.66_-27.75_-10.75_40.12_0.3818_0.5493_0.395,0.0,0.0,0.0
1157,,0.0,0.0,0.0
1158,2_-0.6295end7.42_1.41_0.96_59.31_41.07_-0.45_-27.75_-10.75_40.12_0.3818_0.5493_0.3952_-0.6295end7.44_1.39_1.06_59.31_41.07_-0.45_-27.75_-10.75_40.12_0.3846_0.5500_0.4045_-0.6213end7.42_1.28_0.95_59.31_41.07_-0.45_-27.75_-10.75_40.12_0.3853_0.5505_0.4066_-0.6190end7.58_1.32_1.06_50.81_42.30_-14.32_-27.75_-10.75_40.12_0.3853_0.5505_0.4066_-0.6190end7.58_1.32_1.06_50.81_42.30_-14.32_-27.75_-10.75_40.12_0.3870_0.5516_0.4101_-0.6146end8.10_1.22_1.20_50.81_42.30_-14.32_-27.75_-10.75_40.12_0.3879_0.5522_0.4116_-0.6125end8.15_1.17_1.25_40.51_24.06_-27.31_-27.75_-10.75_40.12_0.3879_0.5522_0.4116_-0.6125end8.25_1.26_1.19_40.51_24.06_-27.31_-27.75_-10.75_40.12_0.3928_0.5542_0.4150_-0.6052end8.28_1.32_1.10_40.51_24.06_-27.31_-28.50_-10.06_37.56_0.3943_0.5546_0.4154_-0.6037end8.41_1.44_0.98_40.51_24.06_-27.31_-28.50_-10.06_37.56_0.3958_0.554,0.0,0.0,0.0
1159,9_0.4156_-0.6023end8.62_1.48_0.93_40.51_24.06_-27.31_-28.81_-9.38_37.56_0.3972_0.5553_0.4156_-0.6009end8.62_1.48_0.93_24.84_6.83_-36.93_-28.81_-9.38_37.56_0.3987_0.5557_0.4156_-0.5996end,0.0,0.0,0.0
1160,,0.0,0.0,0.0
1161,8.81_1.48_0.90_24.84_6.83_-36.93_-28.81_-9.38_37.56_0.4015_0.5566_0.4151_-0.5972end8.82_1.50_0.92_24.84_6.83_-36.93_-28.81_-9.38_37.56_0.4015_0.5566_0.4151_-0.5972end8.82_1.50_0.92_16.56_-2.24_-38.50_-28.81_-9.69_38.00_0.4015_0.5566_0.4151_-0.5972end8.82_1.50_0.92_16.56_-2.24_-38.50_-28.81_-9.69_38.00_0.4059_0.5576_0.4132_-0.5947end8.98_1.54_1.05_16.56_-2.24_-38.50_-28.81_-9.69_38.00_0.4059_0.5576_0.4132_-0.5947end8.98_1.54_1.05_16.56_-2.24_-38.50_-28.81_-9.69_38.00_0.4106_0.5580_0.4099_-0.5933end9.30_1.48_1.00_16.56_-2.24_-38.50_-28.81_-9.69_38.88_0.4123_0.5580_0.4084_-0.5931end9.35_1.48_0.84_16.56_-2.24_-38.50_-28.81_-9.69_38.88_0.4123_0.5580_0.4084_-0.5931end9.34_1.48_0.72_16.56_-2.24_-38.50_-28.81_-9.69_38.88_0.4156_0.5582_0.4053_-0.5928end9.34_1.47_0.63_-3.47_-27.75_-46.78_-28.81_-9.69_38.88_0.4156_0.5582_0.4053_-0.5928end,0.0,0.0,0.0
1162,,0.0,0.0,0.0
1163,,0.0,0.0,0.0
1164,9.34_1.47_0.63_-3.47_-27.75_-46.78_-28.81_-9.69_38.88_0.4202_0.5590_0.4001_-0.5922end9.43_1.54_0.54_-3.47_-27.75_-46.78_-28.81_-9.69_38.88_0.4216_0.5596_0.3984_-0.5919end9.39_1.56_0.53_-8.95_-13.76_-49.35_-28.81_-9.69_38.88_0.4216_0.5596_0.3984_-0.5919end9.39_1.57_0.45_-10.30_-11.08_-49.69_-28.81_-9.69_38.88_0.4216_0.5596_0.3984_-0.5919end9.39_1.57_0.45_-10.30_-11.08_-49.69_-27.37_-11.06_39.25_0.4254_0.5618_0.3934_-0.5905end9.39_1.57_0.45_-10.30_-11.08_-49.69_-27.37_-11.06_39.25_0.4276_0.5637_0.3900_-0.5894end9.22_1.52_0.43_-16.00_-10.97_-49.57_-27.37_-11.06_39.25_0.4286_0.5646_0.3882_-0.5889end9.12_1.52_0.44_-16.00_-10.97_-49.57_-27.75_-12.50_38.81_0.4286_0.5646_0.3882_-0.5889end9.19_1.50_0.45_-16.00_-10.97_-49.57_-27.75_-12.50_38.81_0.4307_0.5663_0.3842_-0.5883end9.18_1.50_0.40_-22.83_-28.98_-50.47_-27.75_-12.50_38.81_0.4307_0.5663_0.3842_-0.5883end9.13_1.50_0.32_-22.83_-28.98_-50.47_-27.75_-12.50_38.81_0.4343_0.5681_0.3774_-0.5884end9.08_1.47_0.34_-22.83_-28.98_-50.47_-27.75_-12.50_38.81_0.4355_0.5685_0.3748_-0.5887end9.12_1.56_0.27_-22.83_-28.98_-50.47_-27.75_-12.50_38.81_0.4355_0.5685_0.3748_-0.5887end9.14_1.58_0.23_-30.33_-34.80_-53.71_-27.75_-12.50_38.81_0.4355_0.5685_0.3748_-0.5887end9.14_1.58_0.23_-30.33_-34.80_-53.71_-26.25_-13.81_40.12_0.4404_0.5707_0.3638_-0.5898end9.17_1.59_0.08_-30.33_-34.80_-53.71_-26.25_-13.81_40.12_0.4415_0.5715_0.3611_-0.5900end9.10_1.60_0.03_-30.33_-34.80_-53.71_-25.19_-14.19_40.50_0.4425_0.5724_0.3585_-0.5900end9.05_1.61_0.02_-32.90_-18.69_-57.18_-25.19_-14.50_40.12_0.4425_0.5724_0.3585_-0.5900end9.06_1.62_0.01_-33.24_-13.99_-57.97_-25.19_-14.50_40.12_0.4452_0.5759_0.3506_-0.5892end9.09_1.71_0.00_-33.24_-13.99_-57.97_-25.19_-14.50_40.12_0.4452_0.5759_0.3506_-0.5892end,0.0,0.0,0.0
1165,,0.0,0.0,0.0
1166,9.21_1.78_0.02_-33.24_-13.99_-57.97_-25.19_-14.50_40.12_0.4468_0.5789_0.3455_-0.5881end9.29_1.81_-0.01_-33.24_-13.99_-57.97_-23.31_-15.94_39.19_0.4476_0.5804_0.3430_-0.5875end9.29_1.81_-0.01_-35.59_-1.12_-66.81_-23.31_-15.94_39.19_0.4484_0.5822_0.3403_-0.5867end9.29_1.81_-0.01_-35.59_-1.12_-66.81_-24.44_-16.62_38.31_0.4492_0.5838_0.3378_-0.5859end9.29_1.81_-0.01_-36.59_-2.91_-68.15_-24.44_-16.62_38.31_0.4509_0.5871_0.3324_-0.5844end9.29_1.81_-0.01_-37.38_-4.48_-68.60_-24.75_-16.62_40.06_0.4509_0.5871_0.3324_-0.5844end9.29_1.81_-0.01_-37.60_-5.71_-68.37_-24.75_-16.62_40.06_0.4526_0.5904_0.3268_-0.5829end9.55_1.88_-0.08_-37.60_-5.71_-68.37_-24.75_-16.62_,0.0,0.0,0.0
1167,40.06_0.4542_0.5936_0.3210_-0.5816end9.63_1.90_-0.07_-37.60_-5.71_-68.37_-24.75_-16.62_40.06_0.4551_0.5952_0.3181_-0.5810end9.80_1.92_-0.18_-37.60_-5.71_-68.37_-24.75_-16.62_40.06_0.4551_0.5952_0.3181_-0.5810end,0.0,0.0,0.0
1168,,0.0,0.0,0.0
1169,,0.0,0.0,0.0
1170,9.80_1.92_-0.18_-41.52_-12.87_-67.81_-23.31_-19.00_38.75_0.4551_0.5952_0.3181_-0.5810end9.94_1.91_-0.36_-41.52_-12.87_-67.81_-23.31_-19.00_38.75_0.4583_0.6010_0.3058_-0.5790end10.07_1.88_-0.57_-42.86_-15.55_-67.48_-22.62_-19.37_39.19_0.4583_0.6010_0.3058_-0.5790end10.20_1.92_-0.61_-42.75_-15.67_-67.93_-22.62_-19.37_39.19_0.4583_0.6010_0.3058_-0.5790end10.32_1.88_-0.67_-43.08_-16.23_-67.48_-22.62_-19.37_39.19_0.4614_0.6067_0.2930_-0.5773end10.36_1.93_-0.67_-43.08_-16.23_-67.48_-22.62_-19.37_39.19_0.4621_0.6080_0.2899_-0.5768end10.49_1.93_-0.71_-43.08_-16.23_-67.48_-22.62_-19.37_39.19_0.4629_0.6094_0.2866_-0.5764end10.50_1.89_-0.76_-43.08_-16.23_-67.48_-23.00_-20.37_38.31_0.4636_0.6107_0.2834_-0.5760end10.61_1.87_-0.89_-43.08_-16.23_-67.48_-23.00_-20.37_38.31_0.4650_0.6133_0.2769_-0.5753end10.71_1.85_-0.89_-42.52_-18.13_-63.00_-23.00_-20.37_38.31_0.4656_0.6146_0.2738_-0.5749end,0.0,0.0,0.0
1171,,0.0,0.0,0.0
1172,10.96_1.79_-1.00_-42.52_-18.13_-63.00_-23.00_-20.37_38.31_0.4663_0.6157_0.2708_-0.5746end11.13_1.75_-1.17_-42.52_-18.13_-63.00_-23.00_-20.37_38.31_0.4663_0.6157_0.2708_-0.5746end11.20_1.73_-1.21_-42.52_-18.13_-63.00_-23.00_-20.37_38.31_0.4675_0.6182_0.2647_-0.5739end11.20_1.73_-1.21_-42.52_-18.13_-63.00_-20.37_-23.87_37.38_0.4680_0.6194_0.2618_-0.5734end11.20_1.73_-1.21_-39.28_-11.19_-55.39_-20.37_-23.87_37.38_0.4688_0.6218_0.2563_-0.5726end11.38_1.57_-1.42_-39.28_-11.19_-55.39_-21.12_-24.19_38.63_0.4688_0.6218_0.2563_-0.5726end11.38_1.57_-1.42_-37.38_-7.83_-49.35_-21.12_-24.19_38.63_0.4695_0.6241_0.2514_-0.5718end11.38_1.57_-1.42_-36.71_-8.39_-46.78_-18.94_-24.19_38.25_0.4695_0.6241_0.2514_-0.5718end11.38_1.57_-1.42_-35.70_-9.40_-44.31_-18.94_-24.19_38.25_0.4695_0.6241_0.2514_-0.5718end11.38_1.57_-1.42_-35.70_-9.40_-44.31_-18.94_-24.19_38.25_0.4705_0.6281_0.2421_-0.5707end,0.0,0.0,0.0
1173,,0.0,0.0,0.0
1174,11.58_1.43_-1.66_-35.70_-9.40_-44.31_-18.94_-24.19_38.25_0.4705_0.6281_0.2421_-0.5707end11.59_1.43_-1.66_-33.01_-18.13_-34.13_-18.94_-24.19_38.25_0.4705_0.6281_0.2421_-0.5707end11.60_1.44_-1.77_-33.01_-18.13_-34.13_-18.94_-24.19_38.25_0.4708_0.6300_0.2357_-0.5708end11.60_1.44_-1.77_-33.01_-18.13_-34.13_-18.94_-24.19_38.25_0.4709,0.0,0.0,0.0
1175,_0.6310_0.2315_-0.5713end11.79_1.48_-1.89_-33.01_-18.13_-34.13_-18.56_-24.56_38.25_0.4710_0.6314_0.2296_-0.5716end11.81_1.54_-1.93_-33.01_-18.13_-34.13_-18.56_-24.56_38.25_0.4710_0.6314_0.2296_-0.5716end11.93_1.60_-2.01_-33.01_-18.13_-34.13_-18.56_-24.56_38.25_0.4710_0.6314_0.2296_-0.5716end11.98_1.69_-2.08_-27.75_-17.35_-20.03_,0.0,0.0,0.0
1176,,0.0,0.0,0.0
1177,-18.56_-24.56_38.25_0.4707_0.6329_0.2227_-0.5729end12.19_1.90_-2.20_-27.75_-17.35_-20.03_-18.56_-24.56_38.25_0.4706_0.6333_0.2212_-0.5732end12.41_2.16_-2.26_-27.75_-17.35_-20.03_-18.19_-27.00_36.88_0.4704_0.6337_0.2198_-0.5734end12.41_2.16_-2.26_-25.51_-14.55_-15.55_-17.87_-26.31_37.31_0.4704_0.6337_0.2198_-0.5734end12.54_2.25_-2.39_-24.62_-14.66_-14.32_-17.87_-26.31_37.31_0.4704_0.6337_0.2198_-0.5734end12.63_2.37_-2.47_-24.62_-14.66_-14.32_-18.56_-27.37_36.88_0.4697_0.6349_0.2145_-0.5747end12.69_2.39_-2.51_-24.62_-14.66_-14.32_-18.56_-27.37_36.88_0.4694_0.6352_0.2133_-0.5751end12.54_2.18_-2.52_-24.62_-14.66_-14.32_-18.56_-27.37_36.88_0.4694_0.6352_0.2133_-0.5751end12.41_2.07_-2.47_-24.62_-14.66_-14.32_-17.12_-27.31_38.19_0.4687_0.6356_0.2098_-0.5765end12.16_1.87_-2.52_-24.62_-14.66_-14.32_-17.12_-27.31_38.19_0.4684_0.6357_0.2089_-0.5770end12.02_1.77_-2.53_-24.62_-14.66_-14.32_-18.19_-28.38_36.44_0.4684_0.6357_0.2089_-0.5770end11.92_1.71_-2.46_-24.62_-14.66_-14.32_-18.19_-27.00_36.00_0.4684_0.6357_0.2089_-0.5770end11.65_1.52_-2.45_-24.62_-14.66_-14.32_-18.19_-27.00_36.00_0.4670_0.6358_0.2070_-0.5786end,0.0,0.0,0.0
1178,,0.0,0.0,0.0
1179,11.65_1.52_-2.45_-24.62_-14.66_-14.32_-18.19_-26.69_36.94_0.4656_0.6357_0.2066_-0.5799end10.88_1.20_-2.19_-24.62_-14.66_-14.32_-18.19_-26.69_36.94_0.4649_0.6356_0.2067_-0.5806end10.71_1.12_-2.12_-9.62_-10.41_28.31_-18.19_-26.69_36.94_0.4649_0.6356_0.2067_-0.5806end10.54_1.05_-2.09_-8.50_-11.75_33.12_-18.19_-26.69_36.94_0.4649_0.6356_0.2067_-0.5806end10.54_1.05_-2.09_-8.50_-11.75_33.12_-17.81_-28.06_36.81_0.4610_0.6342_0.2085_-0.5847end9.84_0.96_-1.93_-8.50_-11.75_33.12_-17.81_-28.06_36.81_0.4599_0.6335_0.2093_-0.5860end9.84_0.96_-1.93_-2.13_-17.12_47.78_-17.81_-28.06_36.81_0.4588_0.6328_0.2101_-0.5873end9.39_0.95_-1.89_-1.01_-17.90_50.13_-17.50_-27.37_,0.0,0.0,0.0
1180,37.81_0.4588_0.6328_0.2101_-0.5873end9.27_0.98_-1.93_-1.01_-17.90_50.13_-17.50_-27.37_37.81_0.4564_0.6310_0.2122_-0.5903end9.27_0.98_-1.93_-1.01_-17.90_50.13_-17.87_-28.06_36.44_0.4541_0.6291_0.2143_-0.5934end,0.0,0.0,0.0
1181,,0.0,0.0,0.0
1182,9.08_1.05_-1.87_3.02_-21.49_55.39_-17.87_-28.06_36.44_0.4541_0.6291_0.2143_-0.5934end8.96_1.15_-1.93_3.02_-21.49_55.39_-17.87_-28.06_36.44_0.4541_0.6291_0.2143_-0.5934end8.96_1.22_-1.89_4.70_-22.05_55.51_-17.87_-28.06_36.44_0.4541_0.6291_0.2143_-0.5934end9.02_1.29_-1.93_4.70_-22.05_55.51_-17.87_-28.06_36.44_0.4484_0.6234_0.2203_-0.6014end9.00_1.36_-1.93_7.05_-22.94_53.94_-17.87_-28.06_36.44_0.4474_0.6222_0.2216_-0.6030end9.05_1.42_-1.93_7.05_-22.94_53.94_-17.87_-28.06_36.44_0.4464_0.6210_0.2227_-0.6046end9.13_1.62_-2.01_7.05_-22.94_53.94_-17.87_-28.06_36.44_0.4464_0.6210_0.2227_-0.6046end9.13_1.62_-2.01_7.05_-22.94_53.94_-18.56_-26.62_37.75_0.4445_0.6185_0.2252_-0.6076end9.13_1.62_-2.01_10.30_-19.81_50.25_-18.56_-26.62_37.75_0.4437_0.6173_0.2264_-0.6089end9.13_1.62_-2.01_10.97_-18.80_49.46_-18.56_-26.62_37.75_0.4420_0.6149_0.2289_-0.6117end,0.0,0.0,0.0
1183,9.23_1.92_-1.99_10.97_-18.80_49.46_-18.19_-26.62_38.63_0.4420_0.6149_0.2289_-0.6117end9.23_1.92_-1.99_12.98_-17.79_49.35_-18.19_-26.62_38.63_0.4403_0.6126_0.2315_-0.6142end9.30_1.98_-1.99_12.98_-17.79_49.35_-18.19_-26.62_38.63_0.4395_0.6113_0.2329_-0.6155end9.30_1.98_-1.99_14.21_-20.25_49.13_-18.19_-26.62_38.63_0.4388_0.6101_0.2342_-0.6168end9.47_2.08_-1.97_14.21_-20.25_49.13_-18.19_-26.62_38.63_0.4373_0.6074_0.2368_-0.6195end9.66_2.25_-1.91_14.21_-20.25_49.13_-18.19_-26.62_38.63_0.4373_0.6074_0.2368_-0.6195end9.98_2.39_-1.91_14.21_-20.25_49.13_-18.19_-26.62_38.63_0.4360_0.6042_0.2393_-0.6225end10.11_2.48_-1.97_19.36_-29.10_49.46_-18.19_-26.62_38.63_0.,0.0,0.0,0.0
1184,4360_0.6042_0.2393_-0.6225end10.21_2.58_-1.93_20.81_-29.54_49.13_-18.19_-26.62_38.63_0.4345_0.5993_0.2432_-0.6268end10.32_2.66_-1.96_20.81_-29.54_49.13_-18.19_-26.62_38.63_0.4340_0.5976_0.2446_-0.6282end,0.0,0.0,0.0
1185,,0.0,0.0,0.0
1186,,0.0,0.0,0.0
1187,10.50_2.87_-2.01_20.81_-29.54_49.13_-18.19_-26.62_38.63_0.4340_0.5976_0.2446_-0.6282end10.53_2.99_-2.05_27.86_-17.68_49.57_-18.19_-26.62_38.63_0.4327_0.5930_0.2496_-0.6316end10.62_3.13_-1.99_31.67_-8.84_51.36_-18.56_-24.19_40.81_0.4327_0.5930_0.2496_-0.6316end10.62_3.13_-1.99_31.67_-8.84_51.36_-18.56_-24.19_40.81_0.4316_0.5901_0.2537_-0.6333end10.72_3.34_-1.93_36.48_0.22_55.51_-18.56_-24.19_40.81_0.4316_0.5901_0.2537_-0.6333end10.74_3.32_-1.93_36.48_0.22_55.51_-19.31_-24.19_39.94_0.4304_0.5876_0.2583_-0.6346end10.75_3.44_-1.88_37.49_1.12_56.85_-19.31_-24.19_39.94_0.4291_0.5850_0.2634_-0.6358end10.75_3.49_-1.88_40.06_1.12_59.09_-19.31_-24.19_39.94_0.4285_0.5836_0.2660_-0.6364end10.75_3.52_-1.84_40.06_1.12_59.09_-19.31_-24.19_39.94_0.4285_0.5836_0.2660_-0.6364end10.71_3.58_-1.77_40.06_1.12_59.09_-19.31_-24.19_39.94_0.4272_0.5807_0.2714_-0.6377end,0.0,0.0,0.0
1188,,0.0,0.0,0.0
1189,10.66_3.58_-1.75_42.97_-2.69_61.44_-19.31_-24.19_39.94_0.4272_0.5807_0.2714_-0.6377end10.61_3.62_-1.77_42.97_-2.69_61.44_-19.31_-24.19_39.94_0.4254_0.5759_0.2795_-0.6396end10.61_3.69_-1.73_44.31_-3.25_61.55_-19.31_-24.19_39.94_0.4248_0.5743_0.2822_-0.6403end10.65_3.77_-1.75_44.31_-3.25_61.55_-19.69_-20.37_41.69_0.4248_0.5743_0.2822_-0.6403end10.65_3.77_-1.75_43.98_-1.57_61.21_-20.75_-21.44_41.31_0.4248_0.5743_0.2822_-0.6403end10.65_3.77_-1.75_43.98_-0.90_60.88_-20.75_-21.44_41.31_0.4230_0.5695_0.2905_-0.6422end10.64_3.84_-1.72_43.98_-0.90_60.88_-20.75_-21.44_41.31_0.4224_0.5679_0.2932_-0.6428end10.63_3.86_-1.63_42.52_0.22_60.43_-20.75_-21.44_41.31_0.42,0.0,0.0,0.0
1190,,0.0,0.0,0.0
1191,,0.0,0.0,0.0
1192,10_0.5648_0.2986_-0.6439end10.63_3.86_-1.63_42.52_0.22_60.43_-21.50_-19.31_40.44_0.4210_0.5648_0.2986_-0.6439end10.63_3.86_-1.63_41.74_0.11_60.99_-21.50_-19.31_40.44_0.4196_0.5617_0.3039_-0.6450end10.63_3.86_-1.63_41.74_0.11_60.99_-21.50_-19.31_40.44_0.4182_0.5586_0.3091_-0.6462end10.41_3.85_-1.43_41.74_0.11_60.99_-21.50_-19.31_40.44_0.4174_0.5571_0.3117_-0.6469end10.27_3.87_-1.40_41.74_0.11_60.99_-21.50_-19.31_40.44_0.4165_0.5555_0.3141_-0.6475end10.16_3.87_-1.41_33.24_-4.14_61.32_-21.50_-19.31_40.44_0.4165_0.5555_0.3141_-0.6475end10.01_3.85_-1.34_33.24_-4.14_61.32_-21.50_-19.31_40.44_0.4139_0.5508_0.3213_-0.6496end9.94_3.84_-1.25_33.24_-4.14_61.32_-21.94_-16.56_43.13_0.4129_0.5493_0.3236_-0.6505end9.94_3.84_-1.25_27.86_-7.95_61.55_-21.94_-16.56_43.13_0.4120_0.5477_0.3258_-0.6513end9.76_3.81_-1.20_27.86_-7.95_61.55_-21.56_-16.25_42.25_0.4120_0.5477_0.3258_-0.6513end9.76_3.81_-1.20_24.84_-11.41_61.88_-23.00_-16.25_43.56_0.4089_0.5428_0.3318_-0.6542end9.25_3.60_-0.99_24.84_-11.41_61.88_-23.00_-16.25_43.56_0.4078_0.5411_0.3337_-0.6553end,0.0,0.0,0.0
1193,,0.0,0.0,0.0
1194,,0.0,0.0,0.0
1195,,0.0,0.0,0.0
1196,9.25_3.60_-0.99_20.25_-14.77_62.44_-23.00_-15.56_41.88_0.4078_0.5411_0.3337_-0.6553end8.89_3.37_-0.85_20.25_-14.77_62.44_-21.94_-15.88_43.56_0.4056_0.5378_0.3373_-0.6577end8.75_3.34_-0.79_17.79_-16.23_62.44_-21.94_-15.88_43.56_0.4033_0.5344_0.3407_-0.6600end8.66_3.26_-0.79_17.79_-16.23_62.44_-21.94_-15.88_43.56_0.4022_0.5328_0.3423_-0.6613end8.29_3.05_-0.72_17.79_-16.23_62.44_-21.94_-15.88_43.56_0.4010_0.5310_0.3439_-0.6625end8.16_2.98_-0.69_17.79_-16.23_62.44_-22.62_-15.19_41.81_0.4010_0.5310_0.3439_-0.6625end8.16_2.93_-0.77_17.79_-16.23_62.44_-22.62_-15.19_41.81_0.3975_0.5261_0.3481_-0.6664end8.05_2.81_-0.78_17.79_-16.23_62.44_-22.62_-15.19_41.81_0.3964_0.5245_0.3494_-0.6677end8.02_2.84_-0.71_17.79_-16.23_62.44_-22.62_-15.19_41.81_0.3953_0.5229_0.3505_-0.6689end7.95_2.80_-0.69_17.79_-16.23_62.44_-22.31_-15.19_43.56_0.3953_0.5229_0.3505_-0.6689end7.86_2.79_-0.74_5.93_-23.50_53.60_-22.31_-15.19_43.56_0.3930_0.5197_0.3527_-0.6716end7.86_2.79_-0.74_4.48_-24.84_52.60_-21.56_-13.13_43.63_0.3920_0.5181_0.3536_-0.6730end7.86_2.79_-0.74_3.47_-26.41_51.70_-21.56_-13.13_43.63_0.3899_0.5148_0.3552_-0.6758end7.83_2.73_-0.75_3.47_-26.41_51.70_-20.81_-13.81_44.00_0.3899_0.5148_0.3552_-0.6758end7.83_2.73_-0.75_1.23_-30.89_50.25_-20.81_-13.81_44.00_0.3879_0.5114_0.3565_-0.6788end7.79_2.76_-0.77_1.23_-30.89_50.25_-20.81_-13.81_44.00_0.3879_0.5114_0.3565_-0.6788end7.77_2.68_-0.80_-2.80_-37.38_45.32_-20.81_-13.81_44.00_0.3853_0.5061_0.3578_-0.6837end7.67_2.64_-0.97_-2.80_-37.38_45.32_-20.81_-13.81_44.00_0.3853_0.5061_0.3578_-0.6837end7.65_2.62_-1.00_-4.81_-35.14_41.52_-20.81_-13.81_44.00_0.3829_0.5012_0.3584_-0.6883end7.60_2.58_-1.11_-4.81_-35.14_41.52_-20.81_-13.81_44.00_0.3821_0.4999_0.3585_-0.6896end,0.0,0.0,0.0
1197,,0.0,0.0,0.0
1198,,0.0,0.0,0.0
1199,7.49_2.57_-1.21_-4.81_-35.14_41.52_-20.81_-13.81_44.00_0.3812_0.4987_0.3586_-0.6909end7.45_2.54_-1.27_-10.97_-17.90_29.21_-20.81_-12.13_43.63_0.3812_0.4987_0.3586_-0.6909end7.39_2.47_-1.23_-12.53_-12.87_25.07_-20.81_-12.13_43.63_0.3812_0.4987_0.3586_-0.6909end7.43_2.39_-1.23_-12.53_-12.87_25.07_-21.19_-13.44_44.88_0.3812_0.4987_0.3586_-0.6909end7.43_2.39_-1.23_-12.53_-12.87_25.07_-21.19_-13.44_44.88_0.3772_0.4964_0.3581_-0.6951end7.58_2.16_-1.25_-12.53_-12.87_25.07_-21.19_-13.44_44.88_0.3764_0.4965_0.3577_-0.6956end7.61_2.13_-1.29_-12.53_-12.87_25.07_-21.19_-13.44_44.88_0.3757_0.4968_0.3571_-0.6960end7.72_2.03_-1.33_-12.53_-12.87_25.07_-21.19_-13.44_44,0.0,0.0,0.0
1200,.88_0.3757_0.4968_0.3571_-0.6960end7.72_2.00_-1.36_-28.87_-1.90_-3.13_-21.19_-13.44_44.88_0.3757_0.4968_0.3571_-0.6960end7.72_2.00_-1.36_-28.87_-1.90_-3.13_-21.56_-13.13_45.81_0.3738_0.4987_0.3532_-0.6977end,0.0,0.0,0.0
1201,,0.0,0.0,0.0
1202,,0.0,0.0,0.0
1203,7.83_2.05_-1.46_-28.87_-1.90_-3.13_-21.56_-13.13_45.81_0.3735_0.4994_0.3518_-0.6981end7.83_2.05_-1.46_-40.17_-5.48_-20.37_-21.19_-13.44_44.00_0.3732_0.5001_0.3503_-0.6985end7.83_2.05_-1.46_-42.41_-6.04_-22.60_-21.19_-13.44_44.00_0.3729_0.5018_0.3467_-0.6993end8.27_2.05_-1.68_-42.41_-6.04_-22.60_-21.19_-13.44_44.00_0.3727_0.5027_0.3448_-0.6996end8.54_2.11_-1.84_-42.41_-6.04_-22.60_-21.19_-13.44_44.00_0.3727_0.5027_0.3448_-0.6996end8.61_2.11_-1.91_-48.79_-6.27_-30.21_-21.19_-13.44_44.00_0.3727_0.5027_0.3448_-0.6996end8.61_2.11_-1.91_-48.79_-6.27_-30.21_-21.19_-13.44_44.00_0.3725_0.5070_0.3358_-0.7010end8.80_2.15_-1.96_-48.79_-6.27_-30.21_-21.19_-13.44_44,0.0,0.0,0.0
1204,.00_0.3724_0.5082_0.3331_-0.7014end9.20_2.15_-2.16_-48.79_-6.27_-30.21_-21.19_-13.44_44.00_0.3724_0.5095_0.3306_-0.7018end9.27_2.12_-2.24_-59.42_-5.82_-37.15_-21.19_-15.56_43.56_0.3724_0.5095_0.3306_-0.7018end,0.0,0.0,0.0
1205,9.36_2.12_-2.33_-61.10_-5.71_-38.05_-21.19_-15.56_43.56_0.3721_0.5136_0.3221_-0.7028end9.44_1.98_-2.39_-61.10_-5.71_-38.05_-20.06_-16.94_42.25_0.3719_0.5151_0.3192_-0.7032end9.51_1.98_-2.52_-61.10_-5.71_-38.05_-20.06_-16.94_42.25_0.3718_0.5165_0.3163_-0.7035end9.72_1.91_-2.64_-61.10_-5.71_-38.05_-20.06_-16.94_42.25_0.3718_0.5165_0.3163_-0.7035end9.83_1.77_-2.79_-61.10_-5.71_-38.05_-20.06_-16.94_42.25_0.3713_0.5196_0.3101_-0.7043end9.83_1.77_-2.79_-71.40_-8.50_-39.06_-20.06_-16.94_42.25_0.3710_0.5211_0.3069_-0.7047end9.83_1.77_-2.79_-71.40_-8.50_-39.06_-20.06_-16.94_42.25_0.3704_0.5240_0.3005_-0.7057end9.83_1.77_-2.79_-73.07_-11.75_-37.15_-20.06_-16.94_,0.0,0.0,0.0
1206,,0.0,0.0,0.0
1207,42.25_0.3701_0.5253_0.2972_-0.7062end9.97_1.25_-2.86_-73.07_-11.75_-37.15_-18.94_-19.00_42.69_0.3701_0.5253_0.2972_-0.7062end9.97_1.25_-2.86_-73.97_-17.79_-33.80_-18.94_-19.00_42.69_0.3693_0.5278_0.2905_-0.7076end9.97_1.25_-2.86_-73.97_-17.79_-33.80_-18.56_-19.31_42.19_0.3688_0.5289_0.2872_-0.7084end10.20_0.82_-3.00_-73.97_-17.79_-33.80_-18.56_-19.31_42.19_0.3688_0.5289_0.2872_-0.7084end10.23_0.80_-3.04_-71.51_-18.80_-28.09_-18.19_-21.06_41.75_0.3688_0.5289_0.2872_-0.7084end10.29_0.78_-3.09_-71.51_-18.80_-28.09_-18.19_-21.06_41.75_0.3669,0.0,0.0,0.0
1208,,0.0,0.0,0.0
1209,_0.5327_0.2740_-0.7117end10.29_0.78_-3.09_-71.51_-18.80_-28.09_-18.19_-21.06_41.75_0.3663_0.5337_0.2708_-0.7125end10.37_0.64_-3.30_-71.51_-18.80_-28.09_-18.19_-21.06_41.75_0.3651_0.5356_0.2648_-0.7139end10.41_0.54_-3.38_-71.51_-18.80_-28.09_-18.19_-21.06_41.75_0.3651_0.5356_0.2648_-0.7139end10.43_0.51_-3.48_-64.91_-3.92_-22.94_-18.19_-21.06_41.75_0.3651_0.5356_0.2648_-0.7139end10.43_0.51_-3.48_-61.88_2.24_-21.93_-18.56_-23.50_40.88_0.3629_0.5391_0.2568_-0.7154end10.43_0.51_-3.48_-61.88_2.24_-21.93_-18.56_-23.50_40.88_0.3613_0.5417_0.2518_-0.7159end10.37_0.32_-3.61_-61.88_2.24_-21.93_-18.56_-23.50_40.88_0.3605_0.5431_0.2495_-0.7161end10.29_0.21_-3.63_-61.88_2.24_-21.93_-18.56_-23.50_40.88_0.3605_0.5431_0.2495_-0.7161end10.25_0.18_-3.59_-58.97_1.45_-19.36_-17.50_-23.81_40.44_0.3605_0.5431_0.2495_-0.7161end10.25_0.18_-3.59_-58.97_1.45_-19.36_-18.19_-24.50_39.94_0.3581_0.5470_0.2426_-0.7167end10.25_0.18_-3.59_-58.97_1.45_-19.36_-18.19_-24.50_39.94_0.3565_0.5491_0.2380_-0.7174end10.20_-0.04_-3.67_-58.97_1.45_-19.36_-18.19_-24.50_39.94_0.3557_0.5501_0.2356_-0.7178end10.21_-0.09_-3.67_-57.30_-7.50_-15.67_-18.19_-24.50_39.94_0.3557_0.5501_0.2356_-0.7178end10.21_-0.09_-3.67_-57.30_-7.50_-15.67_-18.56_-25,0.0,0.0,0.0
1210,.56_38.63_0.3533_0.5526_0.2288_-0.7194end10.19_-0.02_-3.75_-57.30_-7.50_-15.67_-17.87_-26.25_39.50_0.3524_0.5534_0.2266_-0.7198end10.22_-0.02_-3.77_-57.30_-7.50_-15.67_-17.87_-26.25_39.50_0.3515_0.5542_0.2245_-0.7203end,0.0,0.0,0.0
1211,10.22_-0.02_-3.71_-57.30_-7.50_-15.67_-17.50_-26.94_40.31_0.3515_0.5542_0.2245_-0.7203end10.16_0.01_-3.73_-53.38_-2.91_-7.05_-17.50_-26.94_40.31_0.3495_0.5557_0.2205_-0.7214end10.16_0.01_-3.73_-53.38_-2.91_-7.05_-17.50_-26.94_40.31_0.3484_0.5566_0.2187_-0.7218end10.14_0.09_-3.80_-52.26_-0.11_-3.80_-17.50_-26.94_40.31_0.3473_0.5574_0.2169_-0.7222end10.05_0.04_-3.75_-52.26_-0.11_-3.80_-18.19_-28.06_38.19_0.3473_0.5574_0.2169_-0.7222end9.93_0.06_-3.70_-52.26_-0.11_-3.80_-18.19_-28.06_38.19_0.3473_0.5574_0.2169_-0.7222end9.93_0.06_-3.70_-52.26_-0.11_-3.80_-17.12_-28.00_39.00_0.3425_0.5607_0.2104_-0.7239end9.93_0.06_-3.70_-48.90_-3.02_4.14_-17.12_-28.00_39.,0.0,0.0,0.0
1212,00_0.3400_0.5621_0.2073_-0.7249end9.69_-0.03_-3.67_-48.79_-5.26_4.92_-17.12_-28.00_39.00_0.3387_0.5626_0.2058_-0.7255end9.61_-0.02_-3.66_-48.79_-5.26_4.92_-17.50_-27.31_38.63_0.3387_0.5626_0.2058_-0.7255end,0.0,0.0,0.0
1213,,0.0,0.0,0.0
1214,,0.0,0.0,0.0
1215,,0.0,0.0,0.0
1216,9.56_-0.02_-3.68_-48.90_-10.07_6.27_-17.12_-28.75_36.88_0.3387_0.5626_0.2058_-0.7255end9.56_0.02_-3.66_-48.90_-10.07_6.27_-17.12_-28.75_36.88_0.3335_0.5641_0.1996_-0.7285end9.54_0.06_-3.66_-48.90_-10.07_6.27_-16.37_-27.69_36.88_0.3335_0.5641_0.1996_-0.7285end9.54_0.06_-3.66_-49.57_-21.26_9.06_-16.37_-29.37_37.25_0.3335_0.5641_0.1996_-0.7285end9.60_0.11_-3.63_-49.46_-22.83_9.96_-16.37_-29.37_37.25_0.3282_0.5641_0.1929_-0.7327end9.61_0.11_-3.66_-48.57_-23.84_12.09_-16.37_-29.37_37.25_0.3282_0.5641_0.1929_-0.7327end9.61_0.11_-3.66_-48.57_-23.84_12.09_-16.37_-29.37_37.25_0.3255_0.5638_0.1896_-0.7350end9.61_0.14_-3.75_-48.57_-23.84_12.09_-16.37_-29.37_37.25_0.3241_0.5637_0.1882_-0.7361end9.55_0.18_-3.79_-48.57_-23.84_12.09_-16.37_-29.37_37.25_0.3241_0.5637_0.1882_-0.7361end9.50_0.16_-3.71_-45.21_-14.77_17.12_-16.37_-30.12_36.38_0.3241_0.5637_0.1882_-0.7361end,0.0,0.0,0.0
1217,9.50_0.16_-3.71_-45.21_-14.77_17.12_-16.37_-30.12_36.38_0.3179_0.5638_0.1831_-0.7399end9.40_0.06_-3.69_-45.21_-14.77_17.12_-16.37_-30.12_36.38_0.3163_0.5641_0.1821_-0.7406end9.23_0.05_-3.62_-45.21_-14.77_17.12_-16.37_-30.12_36.38_0.3163_0.5641_0.1821_-0.7406end9.23_0.05_-3.62_-45.21_-14.77_17.12_-17.12_-29.75_36.38_0.3132_0.5650_0.1804_-0.7417end9.23_0.05_-3.62_-45.21_-14.77_17.12_-17.12_-30.44_35.06_0.3115_0.5657_0.1797_-0.7421end9.18_0.62_-3.46_-45.21_-14.77_17.12_-17.12_-30.44_35.06_0.3084_0.5673_0.1785_-0.7425end9.19_0.59_-3.38_-45.21_-14.77_17.12_-17.50_-30.12_35.50_0.3084_0.5673_0.1785_-0.7425end9.21_0.57_-3.31_-45.21_-14.77_17.12_-17.50_-30.12_3,0.0,0.0,0.0
1218,5.50_0.3040_0.5696_0.1766_-0.7429end9.28_0.65_-3.23_-45.21_-14.77_17.12_-17.87_-30.44_36.88_0.3026_0.5703_0.1758_-0.7431end9.28_0.65_-3.23_-45.21_-14.77_17.12_-17.12_-31.12_35.06_0.3013_0.5709_0.1751_-0.7434end,0.0,0.0,0.0
1219,,0.0,0.0,0.0
1220,9.50_0.92_-3.35_-45.21_-14.77_17.12_-17.12_-31.12_35.06_0.3013_0.5709_0.1751_-0.7434end9.50_0.92_-3.35_-35.36_1.90_10.07_-17.12_-31.12_35.06_0.2976_0.5724_0.1726_-0.7443end9.98_1.29_-3.54_-35.36_1.90_10.07_-17.12_-31.12_35.06_0.2964_0.5729_0.1716_-0.7446end10.23_1.43_-3.61_-35.36_1.90_10.07_-17.75_-31.50_33.75_0.2964_0.5729_0.1716_-0.7446end10.53_1.50_-3.69_-35.36_1.90_10.07_-17.75_-31.50_33.75_0.2941_0.5740_0.1696_-0.7451end10.70_1.56_-3.68_-42.19_2.35_4.14_-17.75_-31.50_33.75_0.2941_0.5740_0.1696_-0.7451end10.70_1.56_-3.68_-42.19_2.35_4.14_-17.75_-31.50_33.75_0.2906_0.5759_0.1659_-0.7459end10.82_1.46_-3.56_-45.21_-1.68_3.02_-18.12_-32.19_35.44_0.2893_0.5764_0.1645_-0.7463end10.82_1.46_-3.56_-46.22_-3.69_3.13_-18.12_-32.19_35.44_0.2881_0.5770_0.1630_-0.7467end10.78_1.19_-3.52_-46.22_-3.69_3.13_-18.12_-32.19_35.44_0.2856_0.5778_0.1599_-0.7477end,0.0,0.0,0.0
1221,,0.0,0.0,0.0
1222,10.78_1.19_-3.52_-46.22_-3.69_3.13_-18.12_-32.19_35.44_0.2856_0.5778_0.1599_-0.7477end10.78_1.19_-3.52_-49.69_-8.84_9.18_-18.12_-32.19_35.44_0.2828_0.5784_0.1569_-0.7489end10.78_1.19_-3.52_-50.13_-9.06_11.64_-17.81_-32.88_35.06_0.2828_0.5784_0.1569_-0.7489end10.50_0.88_-3.14_-50.13_-9.06_11.64_-17.81_-33.25_33.31_0.2797_0.5789_0.1539_-0.7503end10.29_0.80_-2.98_-49.57_-10.07_18.58_-17.81_-33.25_33.31_0.2762_0.5793_0.1513_-0.7518end10.22_0.78_-2.84_-49.57_-10.07_18.58_-17.81_-33.25_33.31_0.2742_0.5793_0.1501_-0.7527end10.02_0.72_-2.61_-49.57_-10.07_18.58_-17.81_-33.25_33.31_0.2742_0.5793_0.1501_-0.7527end9.81_0.67_-2.44_-49.57_-10.07_18.58_-17.81_-33.25_,0.0,0.0,0.0
1223,33.31_0.2701_0.5791_0.1483_-0.7548end9.81_0.67_-2.44_-40.51_-24.28_41.85_-18.12_-33.88_33.31_0.2679_0.5787_0.1475_-0.7560end9.81_0.67_-2.44_-40.51_-24.28_41.85_-18.12_-33.88_33.31_0.2635_0.5776_0.1464_-0.7586end,0.0,0.0,0.0
1224,9.41_0.61_-2.32_-40.51_-24.28_41.85_-17.75_-33.25_32.44_0.2613_0.5770_0.1459_-0.7599end9.06_0.66_-2.44_-40.51_-24.28_41.85_-17.75_-33.25_32.44_0.2613_0.5770_0.1459_-0.7599end8.97_0.66_-2.40_-33.91_-24.17_48.57_-18.50_-33.88_32.88_0.2613_0.5770_0.1459_-0.7599end8.86_0.71_-2.43_-31.56_-17.90_47.78_-18.50_-33.88_32.88_0.2545_0.5748,0.0,0.0,0.0
1225,_0.1451_-0.7640end8.86_0.71_-2.43_-31.56_-17.90_47.78_-17.44_-33.63_32.44_0.2521_0.5743_0.1450_-0.7653end8.86_0.71_-2.43_-31.56_-17.90_47.78_-17.44_-33.63_32.44_0.2477_0.5735_0.1449_-0.7673end8.80_0.88_-2.51_-31.56_-17.90_47.78_-17.44_-33.63_32.44_0.2477_0.5735_0.1449_-0.7673end8.82_0.88_-2.52_-30.89_-6.60_40.51_-18.87_-33.25_31.56_0.2477_0.5735_0.1449_-0.7673end8.82_0.88_-2.52_-31.67_-4.92_35.25_-18.87_-33.25_31.56_0.2477_0.5735_0.1449_-0.7673end8.74_0.84_-2.58_-31.67_-4.92_35.25_-18.87_-33.25_31.56_0.2375_0.5729_0.1440_-0.7711end,0.0,0.0,0.0
1226,8.74_0.77_-2.61_-31.67_-4.92_35.25_-18.87_-33.25_31.56_0.2358_0.5729_0.1437_-0.7717end8.79_0.64_-2.66_-31.67_-4.92_35.25_-18.87_-33.25_31.56_0.2358_0.5729_0.1437_-0.7717end8.86_0.54_-2.64_-34.36_-13.43_27.53_-18.87_-33.25_31.56_0.2358_0.5729_0.1437_-0.7717end8.86_0.54_-2.64_-36.03_-21.71_24.73_-18.87_-33.25_31.56_0.2306_0.5723_0.1419_-0.7740end9.04_0.40_-2.74_-36.03_-21.71_24.73_-18.87_-33.25_31.56_0.2306_0.5723_0.1419_-0.7740end9.09_0.41_-2.79_-36.59_-28.76_22.72_-19.25_-34.63_31.62_0.2306_0.5723_0.1419_-0.7740end9.18_0.45_-2.94_-36.59_-28.76_22.72_-19.25_-35.31_30.62_0.2306_0.5723_0.1419_-0.7740end9.23_0.46_-3.04_-35.92_-30.44_21.26_-19.25_-35.31_30.,0.0,0.0,0.0
1227,62_0.2216_0.5684_0.1363_-0.7806end9.26_0.50_-3.07_-35.92_-30.44_21.26_-19.25_-35.31_30.62_0.2203_0.5677_0.1353_-0.7816end9.28_0.54_-3.15_-35.92_-30.44_21.26_-19.25_-35.31_30.62_0.2189_0.5670_0.1345_-0.7827end,0.0,0.0,0.0
1228,,0.0,0.0,0.0
1229,9.28_0.54_-3.15_-35.92_-30.44_21.26_-18.50_-34.94_31.12_0.2175_0.5665_0.1336_-0.7836end9.28_0.54_-3.15_-29.99_-14.88_22.72_-18.50_-34.94_31.12_0.2146_0.5657_0.1322_-0.7852end9.34_0.59_-3.32_-29.99_-14.88_22.72_-19.62_-33.94_31.56_0.2146_0.5657_0.1322_-0.7852end9.34_0.59_-3.32_-27.75_-12.53_23.61_-19.62_-33.94_31.56_0.2146_0.5657_0.1322_-0.7852end9.34_0.59_-3.32_-27.75_-12.53_23.61_-19.62_-33.94_31.56_0.2104_0.5649_0.1305_-0.7871end9.34_0.59_-3.32_-25.85_-14.66_25.18_-19.62_-33.94_31.56_0.2090_0.5645_0.1301_-0.7878end9.09_0.51_-3.20_-25.85_-14.66_25.18_-19.62_-33.94_31.56_0.2063_0.5637_0.1292_-0.7893end8.92_0.46_-3.22_-25.85_-14.66_25.18_-19.62_-33.94_3,0.0,0.0,0.0
1230,1.56_0.2063_0.5637_0.1292_-0.7893end8.89_0.42_-3.29_-21.82_-23.39_26.86_-19.62_-33.94_31.56_0.2063_0.5637_0.1292_-0.7893end8.89_0.42_-3.29_-21.82_-23.39_26.86_-19.19_-35.69_30.25_0.2024_0.5618_0.1280_-0.7918end,0.0,0.0,0.0
1231,,0.0,0.0,0.0
1232,8.89_0.42_-3.29_-19.25_-23.39_25.18_-19.19_-35.69_30.25_0.2001_0.5605_0.1273_-0.7935end8.70_0.24_-3.24_-19.25_-23.39_25.18_-19.19_-35.69_30.25_0.1990_0.5599_0.1269_-0.7943end8.71_0.21_-3.28_-19.25_-23.39_25.18_-18.87_-35.31_29.81_0.1990_0.5599_0.1269_-0.7943end8.67_0.10_-3.29_-19.25_-23.39_25.18_-18.87_-35.31_29.81_0.1990_0.5599_0.1269_-0.7943end8.70_0.04_-3.34_-19.25_-23.39_25.18_-18.87_-35.31_30.25_0.1949_0.5582_0.1257_-0.7966end8.74_0.05_-3.35_-19.25_-23.39_25.18_-18.87_-35.31_30.25_0.1949_0.5582_0.1257_-0.7966end8.79_0.02_-3.30_-19.25_-23.39_25.18_-18.87_-35.31_30.25_0.1932_0.5579_0.1252_-0.7973end8.80_0.07_-3.29_-14.21_-0.67_12.09_-19.56_-34.94_30.62_0.1932_0.5579_0.1252_-0.7973end8.93_0.10_-3.37_-13.09_2.13_9.29_-19.56_-34.94_30.62_0.1911_0.5583_0.1245_-0.7977end9.01_0.18_-3.29_-13.09_2.13_9.29_-19.56_-34.94_30.62_0.1911_0.5583_0.1245_-0.7977end,0.0,0.0,0.0
1233,,0.0,0.0,0.0
1234,9.04_0.18_-3.25_-11.86_3.02_7.39_-19.56_-34.94_30.62_0.1911_0.5583_0.1245_-0.7977end9.04_0.18_-3.25_-11.86_3.02_7.39_-19.94_-35.00_29.44_0.1890_0.5591_0.1234_-0.7978end9.04_0.20_-3.23_-11.86_3.02_7.39_-19.94_-35.00_29.44_0.1885_0.5593_0.1231_-0.7978end9.14_0.29_-3.23_-11.86_3.02_7.39_-19.94_-35.00_29.44_0.1885_0.5593_0.1231_-0.7978end9.21_0.33_-3.25_-11.86_3.02_7.39_-19.94_-35.00_29.44_0.1877_0.5597_0.1225_-0.7978end9.21_0.33_-3.25_-11.86_3.02_7.39_-20.31_-34.25_30.75_0.1869_0.5600_0.1219_-0.7979end9.30_0.46_-3.25_-11.86_3.02_7.39_-20.31_-34.25_30.75_0.1866_0.5602_0.1215_-0.7979end9.34_0.52_-3.27_-10.97_1.23_3.58_-20.69_-34.63_30.62_0.1866_0.5602_0.121,0.0,0.0,0.0
1235,5_-0.7979end9.43_0.55_-3.24_-10.41_1.12_4.25_-20.69_-34.63_30.62_0.1866_0.5602_0.1215_-0.7979end9.40_0.49_-3.28_-10.41_1.12_4.25_-20.69_-34.63_30.62_0.1851_0.5609_0.1203_-0.7979end,0.0,0.0,0.0
1236,,0.0,0.0,0.0
1237,9.46_0.46_-3.21_-10.41_1.12_4.25_-20.69_-34.63_30.62_0.1847_0.5610_0.1201_-0.7980end9.50_0.43_-3.21_-10.41_1.12_4.25_-19.62_-34.25_30.25_0.1847_0.5610_0.1201_-0.7980end9.50_0.43_-3.21_-10.41_1.12_4.25_-19.62_-34.25_30.25_0.1835_0.5613_0.1195_-0.7981end9.56_0.44_-3.19_-10.41_1.12_4.25_-20.69_-35.63_30.62_0.1830_0.5614_0.1194_-0.7982end9.55_0.39_-3.17_-10.41_1.12_4.25_-20.69_-35.63_30.62_0.1827_0.5615_0.1194_-0.7982end9.50_0.37_-3.13_-10.41_1.12_4.25_-20.69_-35.63_30.62_0.1827_0.5615_0.1194_-0.7982end9.51_0.37_-3.18_-10.41_1.12_4.25_-19.94_-35.31_31.12_0.1815_0.5623_0.1198_-0.7979end9.35_0.37_-3.22_-10.41_1.12_4.25_-19.94_-35.31_31.12_0.1811_0.5628_0.119,0.0,0.0,0.0
1238,9_-0.7975end9.35_0.33_-3.15_-2.69_18.35_6.71_-19.19_-36.00_28.94_0.1811_0.5628_0.1199_-0.7975end9.35_0.33_-3.15_-2.35_20.81_6.60_-19.19_-36.00_28.94_0.1811_0.5628_0.1199_-0.7975end,0.0,0.0,0.0
1239,9.31_0.30_-3.05_-2.35_20.81_6.60_-19.19_-36.00_28.94_0.1811_0.5628_0.1199_-0.7975end9.31_0.30_-3.05_-3.69_17.79_5.26_-19.19_-36.00_28.94_0.1793_0.5663_0.1208_-0.7953end9.30_0.20_-2.99_-3.69_17.79_5.26_-19.19_-36.00_28.94_0.1789_0.5670_0.1208_-0.7949end9.32_0.09_-2.97_-3.69_17.79_5.26_-19.19_-36.00_28.94_0.1789_0.5670_0.1208_-0.7949end9.34_0.07_-3.00_-5.60_10.85_5.04_-19.19_-36.00_28.94_0.1789_0.5670_0.1208_-0.7949end9.34_0.04_-3.07_-5.60_10.85_5.04_-19.19_-36.00_28.94_0.1775_0.5688_0.1208_-0.7939end9.30_0.04_-3.11_-6.83_12.87_4.48_-19.19_-36.00_28.94_0.1771_0.5693_0.1207_-0.7937end9.33_0.01_-3.13_-6.83_12.87_4.48_-19.19_-36.00_28.94_0.1768_0.5698_0.1207_-0.7934end9.33_0.02_-3.05_-6.15_16.56_4.03_-21.06_-34.63_29.81_0.1768_0.5698_0.1207_-0.7934end9.30_0.00_-3.04_-5.60_17.12_4.03_-21.44_-34.63_28.06_0.1768_0.5698_0.1207_-0.7934end,0.0,0.0,0.0
1240,,0.0,0.0,0.0
1241,,0.0,0.0,0.0
1242,9.33_0.00_-2.96_-4.70_15.89_3.92_-21.44_-34.63_28.06_0.1768_0.5698_0.1207_-0.7934end9.29_0.00_-2.92_-4.14_13.88_3.80_-21.44_-34.63_28.06_0.1754_0.5724_0.1207_-0.7919end9.30_0.02_-2.92_-4.14_13.88_3.80_-21.44_-34.63_28.06_0.1747_0.5734_0.1207_-0.7913end9.31_0.02_-2.95_-4.14_13.88_3.80_-21.44_-34.63_28.06_0.1745_0.5738_0.1208_-0.7910end9.29_0.03_-2.96_-2.35_7.72_3.25_-21.44_-34.63_28.06_0.1745_0.5738_0.1208_-0.7910end9.29_0.03_-2.96_-2.35_7.72_3.25_-21.44_-34.63_28.06_0.1740_0.5746_0.1208_-0.7905end9.25_0.01_-2.99_-2.35_7.72_3.25_-21.44_-34.63_28.06_0.1739_0.5748_0.1209_-0.7904end9.25_0.04_-3.00_-2.35_7.72_3.25_-21.44_-34.63_28.06_0.1739_0.5748_0.1209_-0,0.0,0.0,0.0
1243,.7904end9.27_0.09_-2.99_-2.35_7.72_3.25_-21.44_-34.63_28.06_0.1738_0.5754_0.1211_-0.7900end9.27_0.04_-2.98_-2.35_7.72_3.25_-21.44_-34.63_28.06_0.1738_0.5756_0.1212_-0.7898end,0.0,0.0,0.0
1244,,0.0,0.0,0.0
1245,9.36_0.13_-2.95_-2.35_7.72_3.25_-21.44_-34.63_28.06_0.1738_0.5756_0.1212_-0.7898end9.43_0.20_-2.86_3.36_7.72_-0.22_-21.44_-34.63_28.06_0.1738_0.5756_0.1212_-0.7898end9.48_0.21_-2.78_5.37_11.30_-0.90_-21.06_-35.69_28.50_0.1740_0.5764_0.1216_-0.7891end9.65_0.21_-2.77_5.37_11.30_-0.90_-21.06_-35.69_28.50_0.1742_0.5772_0.1220_-0.7885end9.74_0.16_-2.86_7.95_19.02_-1.68_-21.06_-35.69_28.50_0.1742_0.5772_0.1220_-0.7885end9.74_0.16_-2.86_9.74_23.84_-2.13_-21.06_-35.31_28.94_0.1742_0.5772_0.1220_-0.7885end9.74_0.16_-2.86_12.65_36.71_-3.36_-21.06_-35.31_28.94_0.1750_0.5804_0.1238_-0.7856end9.89_0.12_-2.80_12.65_36.71_-3.36_-21.06_-35.31_28.94_0.1752_0.5817_0.124,0.0,0.0,0.0
1246,5_-0.7844end9.81_-0.04_-2.77_12.65_36.71_-3.36_-21.06_-34.63_28.94_0.1752_0.5817_0.1245_-0.7844end9.81_-0.04_-2.77_12.65_36.71_-3.36_-21.06_-34.63_28.94_0.1760_0.5872_0.1269_-0.7798end,0.0,0.0,0.0
1247,,0.0,0.0,0.0
1248,,0.0,0.0,0.0
1249,9.74_-0.04_-2.77_12.65_36.71_-3.36_-21.06_-34.63_28.94_0.1762_0.5895_0.1279_-0.7779end9.66_-0.10_-2.54_12.65_36.71_-3.36_-21.06_-34.63_28.94_0.1762_0.5895_0.1279_-0.7779end9.57_-0.16_-2.47_12.65_36.71_-3.36_-22.50_-36.00_28.50_0.1768_0.5967_0.1309_-0.7717end9.46_-0.16_-2.31_12.65_36.71_-3.36_-22.87_-35.31_27.62_0.1768_0.5967_0.1309_-0.7717end9.46_-0.16_-2.31_14.88_64.79_-2.91_-22.87_-35.31_27.62_0.1770_0.6012_0.1328_-0.7679end9.46_-0.16_-2.31_13.99_59.42_-2.80_-22.87_-35.00_28.06_0.1770_0.6012_0.1328_-0.7679end9.46_-0.16_-2.31_12.87_53.16_-2.80_-22.87_-35.00_28.06_0.1772_0.6050_0.1344_-0.7645end9.38_-0.31_-2.01_12.87_53.16_-2.80_-22.87_-35.00_28.06_0.1774_0.6066_0.1351_-0.7631end9.38_-0.31_-2.01_9.96_35.03_-5.82_-22.87_-35.00_28.06_0.1778_0.6093_0.1362_-0.7607end9.60_-0.22_-1.91_8.95_30.55_-7.50_-22.87_-35.00_28.06_0.1778_0.6093_0.1362_-0.7607end,0.0,0.0,0.0
1250,9.75_-0.07_-1.95_8.95_30.55_-7.50_-22.87_-35.00_28.06_0.1778_0.6093_0.1362_-0.7607end9.71_0.07_-2.07_8.95_30.55_-7.50_-22.87_-35.00_28.06_0.1794_0.6132_0.1372_-0.7570end9.60_0.11_-2.18_8.50_33.68_-14.66_-22.87_-35.00_28.06_0.1794_0.6132_0.1372_-0.7570end9.57_0.16_-2.19_8.50_33.68_-14.66_-22.87_-35.00_27.19_0.1794_0.6132_0.1372_-0.7570end9.51_0.14_-2.12_8.50_55.28_-16.34_-22.87_-35.00_27.19_0.1810_0.6171_0.1376_-0.7533end9.40_0.09_-2.06_8.50_55.28_-16.34_-22.87_-35.00_27.19_0.1810_0.6171_0.1376_-0.7533end9.44_0.06_-1.93_8.50_55.28_-16.34_-22.87_-35.00_27.19_0.1823_0.6231_0.1385_-0.7479end9.60_0.14_-1.61_8.50_55.28_-16.34_-22.87_-35.00_27.19_0.1823_0.623,0.0,0.0,0.0
1251,1_0.1385_-0.7479end9.64_0.27_-1.56_10.52_82.92_-19.36_-22.87_-35.00_27.19_0.1823_0.6231_0.1385_-0.7479end9.64_0.27_-1.56_10.52_82.92_-19.36_-24.69_-34.63_25.44_0.1836_0.6310_0.1398_-0.7406end,0.0,0.0,0.0
1252,,0.0,0.0,0.0
1253,9.52_0.55_-1.29_12.53_90.08_-22.72_-24.69_-34.63_25.44_0.1847_0.6369_0.1407_-0.7351end9.52_0.63_-1.29_14.44_95.90_-25.74_-24.69_-34.63_25.44_0.1847_0.6369_0.1407_-0.7351end9.68_0.72_-1.39_14.44_95.90_-25.74_-24.69_-34.63_25.44_0.1847_0.6369_0.1407_-0.7351end9.68_0.72_-1.39_14.44_95.90_-25.74_-24.69_-34.63_25.44_0.1873_0.6496_0.1,0.0,0.0,0.0
1254,428_-0.7228end9.80_0.84_-1.14_15.44_100.72_-27.31_-24.69_-34.63_25.44_0.1880_0.6530_0.1432_-0.7195end9.61_0.84_-0.64_15.44_100.72_-27.31_-24.69_-34.63_25.44_0.1880_0.6530_0.1432_-0.7195end9.64_0.82_-0.36_15.44_100.72_-27.31_-25.37_-36.06_24.56_0.1900_0.6623_0.1450_-0.7101end9.66_0.82_-0.17_15.44_100.72_-27.31_-25.37_-36.06_24.56_0.1906_0.6652_0.1456_-0.7071end9.89_0.97_-0.08_15.44_100.72_-27.31_-25.75_-35.69_25.06_0.1906_0.6652_0.1456_-0.7071end9.89_0.97_-0.08_18.02_87.40_-18.13_-25.75_-35.69_25.06_0.1916_0.6708_0.1470_-0.7012end,0.0,0.0,0.0
1255,10.11_1.09_0.02_18.02_87.40_-18.13_-25.75_-35.69_25.06_0.1921_0.6733_0.1478_-0.6984end10.11_1.09_0.02_18.91_83.15_-16.67_-25.75_-35.69_25.06_0.1926_0.6758_0.1485_-0.6957end10.16_1.21_-0.03_19.25_83.93_-15.55_-27.56_-36.06_23.25_0.1926_0.6758_0.1485_-0.6957end10.16_1.21_-0.03_19.25_83.93_-15.55_-27.56_-36.06_23.25_0.1940_0.6835_0,0.0,0.0,0.0
1256,.1511_-0.6873end10.40_1.29_-0.10_19.25_83.93_-15.55_-27.56_-36.06_23.25_0.1940_0.6835_0.1511_-0.6873end10.34_1.33_-0.09_18.58_105.42_-11.64_-27.56_-36.06_23.25_0.1940_0.6835_0.1511_-0.6873end10.29_1.40_-0.01_18.58_105.42_-11.64_-26.50_-35.38_23.75_0.1948_0.6958_0.1554_-0.6736end10.23_1.28_0.14_18.58_105.42_-11.64_-26.50_-35.38_23.75_0.1947_0.6994_0.1566_-0.6696end10.34_1.03_0.67_18.58_105.42_-11.64_-26.50_-35.38_23.75_0.1944_0.7034_0.1580_-0.6652end10.33_0.97_0.84_18.58_105.42_-11.64_-27.62_-35.00_22.87_0.1935_0.7117_0.1609_-0.6558end,0.0,0.0,0.0
1257,,0.0,0.0,0.0
1258,10.25_0.86_0.95_18.58_105.42_-11.64_-27.62_-35.00_22.87_0.1927_0.7164_0.1625_-0.6505end10.36_0.48_1.39_18.58_105.42_-11.64_-27.62_-35.00_22.87_0.1927_0.7164_0.1625_-0.6505end10.31_0.52_1.33_18.58_105.42_-11.64_-29.37_-35.75_20.69_0.1910_0.7264_0.1659_-0.6390end10.28_0.82_1.54_7.95_209.82_-3.25_-29.37_-35.75_20.69_0.1910_0.7264_0.1659_-0.6390end10.28_0.82_1.54_6.60_224.82_-3.92_-29.37_-35.75_19.81_0.1910_0.7264_0.1659_-0.6390end10.28_0.82_1.54_3.25_250.00_-6.04_-29.37_-35.75_19.81_0.1873_0.7443_0.1715_-0.6177end10.28_0.82_1.54_2.35_258.39_-7.27_-29.37_-35.75_19.81_0.1858_0.7507_0.1734_-0.6097end10.28_0.82_1.54_2.35_258.39_-7.27_-30.81_-35.44_16.37_0.184,0.0,0.0,0.0
1259,1_0.7577_0.1754_-0.6011end10.28_0.82_1.54_4.81_286.03_-8.28_-30.81_-35.44_16.37_0.1824_0.7645_0.1772_-0.5924end10.28_0.82_1.54_4.81_286.03_-8.28_-32.31_-35.06_16.37_0.1768_0.7859_0.1833_-0.5635end,0.0,0.0,0.0
1260,8.76_0.75_4.74_10.41_308.86_-9.18_-32.31_-35.06_16.37_0.1768_0.7859_0.1833_-0.5635end9.09_0.74_5.34_10.41_308.86_-9.18_-32.31_-35.06_16.37_0.1749_0.7932_0.1855_-0.5530end9.09_0.74_5.34_16.56_338.85_-11.30_-32.31_-35.06_16.37_0.1691_0.8160_0.1927_-0.5180end9.60_0.96_5.09_16.56_338.85_-11.30_-32.31_-35.06_16.37_0.1671_0.8235_0.195,0.0,0.0,0.0
1261,1_-0.5057end9.49_1.07_5.00_16.56_338.85_-11.30_-33.75_-35.50_8.13_0.1671_0.8235_0.1951_-0.5057end9.22_1.12_5.05_9.18_333.93_-12.20_-33.75_-35.50_8.13_0.1671_0.8235_0.1951_-0.5057end9.22_1.12_5.05_4.03_326.43_-10.18_-34.81_-35.50_6.31_0.1671_0.8235_0.1951_-0.5057end9.22_1.12_5.05_-4.81_306.40_-5.26_-34.81_-35.50_6.31_0.1578_0.8516_0.2036_-0.4566end9.22_1.12_5.05_-4.81_306.40_-5.26_-34.81_-35.50_6.31_0.1550_0.8580_0.2054_-0.4446end9.22_1.12_5.05_-8.73_295.21_-3.25_-34.81_-35.50_6.31_0.1492_0.8692_0.2088_-0.4227end,0.0,0.0,0.0
1262,,0.0,0.0,0.0
1263,8.23_1.09_7.28_-8.73_295.21_-3.25_-34.44_-35.19_3.75_0.1492_0.8692_0.2088_-0.4227end8.23_1.09_7.28_-21.71_261.64_3.13_-35.88_-35.25_-1.06_0.1430_0.8793_0.2117_-0.4018end8.23_1.09_7.28_-21.71_261.64_3.13_-35.88_-35.25_-1.06_0.1365_0.8884_0.2144_-0.3822end7.85_1.37_7.55_-21.71_261.64_3.13_-35.88_-35.25_-1.06_0.1329_0.8929_0.2156_-,0.0,0.0,0.0
1264,0.3722end7.81_1.34_7.72_-28.87_257.94_4.14_-35.88_-35.25_-1.06_0.1329_0.8929_0.2156_-0.3722end7.81_1.34_7.72_-28.87_257.94_4.14_-35.19_-34.31_-3.62_0.1258_0.9012_0.2179_-0.3527end7.81_1.34_7.72_-32.23_261.52_4.48_-35.19_-34.31_-3.62_0.1219_0.9055_0.2190_-0.3425end7.81_1.34_7.72_-32.90_266.34_5.15_-34.13_-35.31_-5.81_0.1219_0.9055_0.2190_-0.3425end7.81_1.34_7.72_-35.59_275.29_6.49_-34.13_-35.31_-5.81_0.1099_0.9174_0.2223_-0.3114end6.94_1.12_8.54_-35.59_275.29_6.49_-34.44_-35.00_-7.12_0.1099_0.9174_0.2223_-0.3114end,0.0,0.0,0.0
1265,,0.0,0.0,0.0
1266,6.94_1.12_8.54_-38.61_275.18_8.50_-34.44_-35.00_-7.12_0.1015_0.9247_0.2244_-0.2903end6.34_1.13_8.64_-38.61_275.18_8.50_-34.44_-35.00_-7.12_0.1015_0.9247_0.2244_-0.2903end6.34_1.13_8.64_-38.61_275.18_8.50_-34.13_-34.69_-11.00_0.0880_0.9346_0.2276_-0.2587end5.87_1.52_8.73_-38.61_275.18_8.50_-33.38_-33.75_-12.75_0.0833_0.9376_0.2286_-0.2485end5.50_1.68_8.82_-38.61_275.18_8.50_-33.38_-33.75_-12.75_0.0783_0.9404_0.2297_-0.2383end5.05_1.52_8.87_-56.74_250.11_20.25_-33.38_-33.75_-12.75_0.0783_0.9404_0.2297_-0.2383end5.05_1.52_8.87_-56.74_250.11_20.25_-31.56_-33.06_-16.69_0.0684_0.9453_0.2318_-0.2191end5.03_1.42_9.17_-62.89_249.33_22.27_-31.56_-33.06_-16.69_0.0684_0.9453_0.2318_-0.2191end4.65_1.00_8.95_-65.35_252.35_22.38_-31.56_-33.06_-16.69_0.0521_0.9518_0.2348_-0.1899end4.65_1.00_8.95_-65.35_252.35_22.38_-31.94_-32.75_-18.37_0.0521_0.9518_0.2348_-0.1899end,0.0,0.0,0.0
1267,,0.0,0.0,0.0
1268,4.24_0.64_9.18_-73.75_268.46_19.47_-31.19_-32.44_-20.56_0.0521_0.9518_0.2348_-0.1899end4.24_0.64_9.18_-76.66_275.74_17.46_-31.19_-32.44_-20.56_0.0345_0.9578_0.2372_-0.1590end4.24_0.64_9.18_-76.66_275.74_17.46_-30.12_-31.44_-20.94_0.0283_0.9595_0.2377_-0.1483end4.24_0.64_9.18_-76.66_275.74_17.46_-28.62_-31.81_-25.31_0.0220_0.9612_0.2382_-0.1372end4.24_0.64_9.18_-76.66_275.74_17.46_-28.62_-31.81_-25.31_0.0021_0.9657_0.2388_-0.1017end4.24_0.64_9.18_-86.39_320.16_7.72_-27.56_-31.50_-26.19_0.0051_-0.9670_-0.2388_0.0889end2.12_0.34_9.60_-86.39_320.16_7.72_-27.56_-31.50_-26.19_0.0120_-0.9680_-0.2386_0.0763end1.77_0.31_9.59_-89.19_331.69_3.25_-27.56_-31.50_-26.19_0.0120_-0.9680_-0.2386_0.0763end1.66_0.42_9.79_-89.19_331.69_3.25_-24.31_-30.88_-30.12_0.0262_-0.9697_-0.2379_0.0503end1.66_0.42_9.79_-92.55_344.78_-2.69_-24.31_-30.88_-30.12_0.0413_-0.9705_-0.2363_0.0228end,0.0,0.0,0.0
1269,,0.0,0.0,0.0
1270,,0.0,0.0,0.0
1271,1.28_0.47_9.68_-92.55_344.78_-2.69_-24.31_-30.88_-30.12_0.0488_-0.9707_-0.2352_0.0090end1.28_0.47_9.68_-97.13_366.04_-14.55_-24.31_-30.88_-30.12_0.0568_-0.9706_-0.2338_-0.0057end-0.01_-0.12_9.51_-97.13_366.04_-14.55_-21.06_-29.87_-33.94_0.0568_-0.9706_-0.2338_-0.0057end-0.01_-0.12_9.51_-97.81_391.11_-28.09_-21.06_-29.87_-33.94_0,0.0,0.0,0.0
1272,.0725_-0.9698_-0.2302_-0.0351end-0.01_-0.12_9.51_-97.81_391.11_-28.09_-21.06_-29.87_-33.94_0.0887_-0.9679_-0.2255_-0.0662end-1.62_-0.96_9.63_-97.81_391.11_-28.09_-21.06_-29.87_-33.94_0.0967_-0.9666_-0.2229_-0.0817end-1.62_-0.96_9.63_-96.24_392.23_-37.04_-12.00_-27.94_-39.06_0.1045_-0.9650_-0.2201_-0.0971end-1.62_-0.96_9.63_-96.24_392.23_-37.04_-9.44_-26.62_-39.56_0.1126_-0.9630_-0.2170_-0.1130end-2.15_-0.77_8.42_-96.24_392.23_-37.04_-9.44_-26.62_-39.56_0.1282_-0.9584_-0.2111_-0.1428end-2.15_-0.77_8.42_-103.29_364.37_-39.06_-8.38_-26.94_-39.94_0.1282_-0.9584_-0.2111_-0.1428end,0.0,0.0,0.0
1273,,0.0,0.0,0.0
1274,-2.41_-0.81_8.27_-105.42_351.38_-39.61_-8.38_-26.94_-39.94_0.1282_-0.9584_-0.2111_-0.1428end-2.71_-0.92_8.05_-106.98_337.84_-40.51_-4.00_-26.62_-39.94_0.1282_-0.9584_-0.2111_-0.1428end-2.71_-0.92_8.05_-106.98_337.84_-40.51_-4.00_-26.62_-39.94_0.1670_-0.9435_-0.1957_-0.2086end-2.81_-1.10_7.53_-106.98_337.84_-40.51_-1.50_-24.63_-43.00_0.1670_-0.9435_-0.1957_-0.2086end-2.81_-1.10_7.53_-104.74_299.01_-44.09_-1.50_-24.63_-43.00_0.1743_-0.9403_-0.1927_-0.2199end-2.81_-1.10_7.53_-104.74_299.01_-44.09_-1.50_-24.63_-43.00_0.1887_-0.9333_-0.1864_-0.2422end-2.81_-1.10_7.53_-104.74_299.01_-44.09_-1.50_-24.63_-43.00_0.2021_-0.9258_-0.1794_-0.2642end-2.87_-2.12_6.21,0.0,0.0,0.0
1275,_-104.74_299.01_-44.09_-1.50_-24.63_-43.00_0.2084_-0.9218_-0.1756_-0.2756end-2.87_-2.12_6.21_-104.74_299.01_-44.09_5.37_-22.25_-43.00_0.2147_-0.9174_-0.1712_-0.2880end-4.15_-3.02_4.71_-104.74_299.01_-44.09_7.19_-21.94_-44.69_0.2147_-0.9174_-0.1712_-0.2880end,0.0,0.0,0.0
1276,,0.0,0.0,0.0
1277,-4.92_-3.67_4.07_-104.74_299.01_-44.09_11.19_-21.56_-42.50_0.2147_-0.9174_-0.1712_-0.2880end-4.92_-3.67_4.07_-46.66_407.56_-56.18_11.19_-21.56_-42.50_0.2370_-0.8958_-0.1502_-0.3448end-4.92_-3.67_4.07_-31.33_443.82_-52.04_11.19_-21.56_-42.50_0.2370_-0.8958_-0.1502_-0.3448end-4.92_-3.67_4.07_-24.17_452.55_-48.90_11.19_-21.56_-42.50_0.2466_-0.8817_-0.1378_-0.3779end-4.96_-4.16_3.25_-24.17_452.55_-48.90_11.19_-21.56_-42.50_0.2466_-0.8817_-0.1378_-0.3779end-4.96_-4.16_3.25_-2.69_431.17_-33.35_11.19_-21.56_-42.50_0.2546_-0.8665_-0.1252_-0.4107end-10.60_-3.42_-0.30_-2.69_431.17_-33.35_11.19_-21.56_-42.50_0.2546_-0.8665_-0.1252_-0.4107end-10.60_-3.42_-0.30_8.9,0.0,0.0,0.0
1278,5_422.78_-16.45_11.19_-21.56_-42.50_0.2546_-0.8665_-0.1252_-0.4107end-4.21_-1.20_4.58_8.95_422.78_-16.45_23.44_-19.87_-38.19_0.2546_-0.8665_-0.1252_-0.4107end-6.46_-2.45_3.06_8.95_422.78_-16.45_23.44_-19.87_-38.19_0.2666_-0.8165_-0.0911_-0.5040end-7.46_-2.79_1.62_8.95_422.78_-16.45_23.44_-19.87_-38.19_0.2670_-0.8078_-0.0864_-0.5184end-7.20_-3.04_1.00_8.95_422.78_-16.45_28.87_-20.88_-33.81_0.2670_-0.8078_-0.0864_-0.5184end-7.20_-3.04_1.00_40.17_402.41_23.61_31.37_-21.56_-30.81_0.2659_-0.7898_-0.0767_-0.5474end-7.20_-3.04_1.00_38.72_386.08_44.87_31.37_-21.56_-30.81_0.2649_-0.7807_-0.0727_-0.5613end-7.20_-3.04_1.00_38.72_386.08_44.87_33.94_-20.81_-27.81_0.2635_-0.7718_-0.0692_-0.5745end-7.20_-3.04_1.00_29.21_339.19_67.14_33.94_-20.81_-27.81_0.2619_-0.7628_-0.0663_-0.5874end-7.20_-3.04_1.00_24.28_315.24_79.57_34.69_-22.56_-27.44_0.2619_-0.7628_-0.0663_-0.5874end-7.20_-3.04_1.00_18.91_294.76_91.76_3,0.0,0.0,0.0
1279,6.56_-22.94_-24.75_0.2619_-0.7628_-0.0663_-0.5874end-7.20_-3.04_1.00_9.29_264.99_115.82_36.56_-22.94_-24.75_0.2501_-0.7238_-0.0638_-0.6400end-7.59_-2.51_0.15_9.29_264.99_115.82_36.56_-22.94_-24.75_0.2469_-0.7165_-0.0651_-0.6492end,0.0,0.0,0.0
1280,,0.0,0.0,0.0
1281,-7.52_-2.42_0.06_9.29_264.99_115.82_36.88_-24.25_-20.88_0.2435_-0.7089_-0.0671_-0.6585end-7.39_-1.86_-0.24_-6.71_234.44_157.56_36.88_-24.25_-20.88_0.2435_-0.7089_-0.0671_-0.6585end-6.34_-0.34_-0.42_-10.97_232.09_166.96_36.88_-24.25_-20.88_0.2362_-0.6943_-0.0722_-0.6760end-6.34_-0.34_-0.42_-14.32_229.18_175.13_38.31_-24.63_-19.62_0.2362_-0.6943_-0.0722_-0.6760end-6.34_-0.34_-0.42_-14.32_229.18_175.13_38.31_-24.63_-19.62_0.2239_-0.6715_-0.0826_-0.7015end-5.91_0.92_-0.53_-14.32_229.18_175.13_38.31_-24.63_-19.62_0.2195_-0.6639_-0.0866_-0.7095end-6.38_1.14_-0.95_-23.05_219.56_188.90_38.31_-24.63_-19.62_0.2150_-0.6560_-0.0908_-0.7178end-6.38_1.14_-0.95_-23.95_223.59_187.11_38.00_-30.00_-15.38_0.2150_-0.6560_-0.0908_-0.7178end-8.36_0.90_-1.55_-23.95_223.59_187.11_38.00_-30.00_-15.38_0.2023_-0.6310_-0.1025_-0.7419end-9.98_1.31_-2.64_-23.95_223.59_187.11_37.25_-30.00_-14.00_0.1984_-0.6219_-0.1060_-0.7501end,0.0,0.0,0.0
1282,,0.0,0.0,0.0
1283,-9.43_2.17_-2.58_-23.95_223.59_187.11_37.25_-31.69_-13.62_0.1949_-0.6124_-0.1093_-0.7583end-9.66_2.85_-2.59_-35.70_241.27_154.21_37.25_-31.69_-13.62_0.1949_-0.6124_-0.1093_-0.7583end-9.66_2.85_-2.59_-38.05_210.38_143.13_37.25_-32.38_-11.00_0.1949_-0.6124_-0.1093_-0.7583end-9.66_2.85_-2.59_-38.05_210.38_143.13_37.25_-32.38_-11.00_0.1861_-0.5867_-0.1191_-0.7791end-9.66_2.85_-2.59_-35.25_153.98_122.54_37.25_-32.38_-11.00_0.1836_-0.5801_-0.1223_-0.7841end-9.66_2.85_-2.59_-30.66_134.51_110.56_36.25_-32.69_-9.75_0.1836_-0.5801_-0.1223_-0.7841end-9.66_2.85_-2.59_-18.58_100.27_81.36_36.25_-32.69_-9.75_0.1770_-0.5647_-0.1298_-0.7956end-9.66_2.85_-2.59_-13.32_85,0.0,0.0,0.0
1284,.16_65.58_36.25_-34.44_-10.63_0.1770_-0.5647_-0.1298_-0.7956end-9.66_2.85_-2.59_0.45_68.93_36.03_36.25_-34.44_-10.63_0.1740_-0.5577_-0.1327_-0.8007end-9.66_2.85_-2.59_0.45_68.93_36.03_36.25_-34.44_-10.63_0.1722_-0.5524_-0.1334_-0.8046end,0.0,0.0,0.0
1285,,0.0,0.0,0.0
1286,-13.10_0.95_-5.11_0.45_68.93_36.03_35.88_-34.81_-9.38_0.1722_-0.5524_-0.1334_-0.8046end-12.37_0.77_-5.40_18.24_66.25_2.24_35.88_-34.81_-9.38_0.1722_-0.5524_-0.1334_-0.8046end-12.30_0.53_-5.55_18.24_66.25_2.24_35.50_-35.06_-9.38_0.1722_-0.5524_-0.1334_-0.8046end-12.30_0.53_-5.55_29.32_90.31_-19.25_35.50_-35.06_-9.38_0.1719_-0.540,0.0,0.0,0.0
1287,4_-0.1273_-0.8137end-11.28_-0.21_-5.46_29.32_90.31_-19.25_35.50_-35.06_-9.38_0.1719_-0.5404_-0.1273_-0.8137end-10.52_-0.47_-5.27_29.32_90.31_-19.25_35.50_-35.06_-9.38_0.1732_-0.5341_-0.1225_-0.8184end-10.15_-0.43_-5.11_37.26_122.54_-30.77_35.50_-35.06_-9.38_0.1732_-0.5341_-0.1225_-0.8184end-10.15_-0.43_-5.11_39.50_131.83_-32.12_36.63_-35.75_-5.00_0.1732_-0.5341_-0.1225_-0.8184end-9.62_-0.77_-4.67_41.85_138.88_-33.01_36.63_-35.75_-5.00_0.1758_-0.5217_-0.1134_-0.8270end-9.62_-0.77_-4.67_41.85_138.88_-33.01_38.00_-34.06_-4.06_0.1767_-0.5170_-0.1100_-0.8303end,0.0,0.0,0.0
1288,,0.0,0.0,0.0
1289,-9.62_-0.77_-4.67_46.89_143.46_-30.55_37.63_-34.38_-3.69_0.1783_-0.5076_-0.1031_-0.8366end-9.62_-0.77_-4.67_48.01_137.53_-28.76_37.63_-34.38_-3.69_0.1783_-0.5076_-0.1031_-0.8366end-9.62_-0.77_-4.67_48.01_137.53_-28.76_38.00_-33.69_-1.87_0.1795_-0.4985_-0.0962_-0.8426end-9.62_-0.77_-4.67_52.04_115.71_-24.06_38.00_-33.69_-1.87_0.1799_-0.4912_-0.0897_-0.8475end-9.36_-0.83_-3.47_52.04_115.71_-24.06_38.00_-33.69_-1.87_0.1797_-0.4884_-0.0865_-0.8495end-8.68_-0.77_-3.48_58.75_45.99_-16.90_38.00_-33.69_-1.87_0.1797_-0.4884_-0.0865_-0.8495end-8.68_-0.69_-3.31_61.66_-24.40_-12.31_38.00_-33.69_-1.87_0.1788_-0.4861_-0.0809_-0.8516end-8.91_-0.77_-2.82_61.66_-24.40_-12.31_38.00_-33.69_-1.87_0.1769_-0.4891_-0.0762_-0.8507end-9.21_-0.91_-2.74_61.66_-24.40_-12.31_37.25_-33.63_0.69_0.1755_-0.4926_-0.0743_-0.8492end-8.98_-1.09_-2.84_61.66_-24.40_-12.31_37.25_-33.63_0.69_0.1755_-0.4926_-0.0743_-0.8492end,0.0,0.0,0.0
1290,,0.0,0.0,0.0
1291,-8.63_-1.08_-2.69_73.97_-160.14_-0.67_37.25_-33.63_0.69_0.1755_-0.4926_-0.0743_-0.8492end-8.63_-1.08_-2.69_73.97_-160.14_-0.67_37.63_-34.38_-1.87_0.1671_-0.5179_-0.0682_-0.8362end-8.77_-0.90_-2.67_73.97_-160.14_-0.67_37.63_-34.38_-1.87_0.1644_-0.5267_-0.0670_-0.8313end-8.83_-0.79_-2.71_73.97_-160.14_-0.67_37.63_-34.00_-2.37_0.1644_-0.5267_-0.0670_-0.8313end-9.09_-0.48_-2.50_85.61_-257.38_8.62_37.63_-34.00_-2.37_0.1644_-0.5267_-0.0670_-0.8313end-9.09_-0.48_-2.50_85.61_-257.38_8.62_37.25_-34.00_-3.19_0.1586_-0.5453_-0.0648_-0.8206end-9.09_-0.48_-2.50_86.62_-272.15_12.87_37.25_-34.00_-3.19_0.1488_-0.5753_-0.0617_-0.8019end-8.91_-0.11_-2.75_86.62_-272.15_12.87_37.63_-33.69_-3.19_0.1488_-0.5753_-0.0617_-0.8019end-8.91_-0.11_-2.75_83.82_-270.25_17.46_37.63_-33.69_-3.19_0.1419_-0.5953_-0.0601_-0.7886end-9.06_-0.31_-3.65_83.82_-270.25_17.46_37.63_-33.69_-3.19_0.1419_-0.5953_-0.0601_-0.7886end,0.0,0.0,0.0
1292,,0.0,0.0,0.0
1293,,0.0,0.0,0.0
1294,-9.07_-1.08_-4.66_83.82_-270.25_17.46_37.63_-33.69_-3.19_0.1315_-0.6224_-0.0586_-0.7693end-8.96_-1.62_-4.52_83.82_-270.25_17.46_37.63_-33.69_-3.19_0.1281_-0.6306_-0.0586_-0.7632end-8.92_-1.66_-4.24_51.81_-199.64_35.70_37.63_-33.69_-3.19_0.1281_-0.6306_-0.0586_-0.7632end-8.48_-1.55_-3.67_42.75_-176.92_39.95_37.63_-33.69_-3.19_0.1281_-0.6306_-0.0586_-0.7632end-8.48_-1.55_-3.67_35.03_-156.00_43.42_36.25_-34.81_-8.88_0.1281_-0.6306_-0.0586_-0.7632end-7.75_-0.17_-1.85_35.03_-156.00_43.42_36.25_-34.81_-8.88_0.1160_-0.6544_-0.0612_-0.7446end-7.75_-0.17_-1.85_21.15_-116.38_53.04_36.25_-34.81_-8.88_0.1107_-0.6625_-0.0638_-0.7381end-8.12_0.20_-0.69_21.15_-116.38_53.04_35.13_-35.81_-10.69_0.1107_-0.6625_-0.0638_-0.7381end-8.12_0.20_-0.69_18.58_-111.91_59.53_35.13_-35.81_-10.69_0.1052_-0.6696_-0.0669_-0.7321end-8.18_-0.19_-0.21_18.58_-111.91_59.53_35.13_-35.81_-10.69_0.1024_-0.6732_-0.0687_-0.7291end,0.0,0.0,0.0
1295,,0.0,0.0,0.0
1296,-8.18_-0.19_-0.21_16.56_-124.77_64.57_35.13_-35.81_-10.69_0.0995_-0.6769_-0.0706_-0.7258end-8.41_-0.46_0.20_16.56_-124.77_64.57_35.13_-35.81_-10.69_0.0936_-0.6851_-0.0746_-0.7186end-8.54_-0.34_0.38_16.56_-124.77_64.57_32.25_-37.50_-12.00_0.0936_-0.6851_-0.0746_-0.7186end-8.94_-0.30_0.21_16.79_-145.81_63.23_31.50_-37.19_-11.06_0.0936_-0.6851_-0.0746_-0.7186end-8.94_-0.30_0.21_18.24_-125.00_55.95_31.87_-37.19_-13.25_0.0845_-0.6981_-0.0806_-0.7064end-9.04_0.28_0.09_18.24_-125.00_55.95_31.87_-37.19_-13.25_0.0790_-0.7054_-0.0839_-0.6993end-9.17_0.41_0.09_18.80_-87.17_44.99_31.87_-37.19_-13.25_0.0766_-0.7083_-0.0851_-0.6966end-9.57_0.76_0.23_18.80_-87.17_44.99_31.87_-37.88_-13.69_0.0766_-0.7083_-0.0851_-0.6966end-9.83_0.98_0.34_16.90_-28.87_28.09_31.87_-37.88_-13.69_0.0766_-0.7083_-0.0851_-0.6966end-9.83_0.98_0.34_16.90_-28.87_28.09_29.75_-38.25_-13.69_0.0709_-0.7131_-0.0875_-0.6919end,0.0,0.0,0.0
1297,,0.0,0.0,0.0
1298,-9.83_0.98_0.34_14.55_-18.58_23.50_29.75_-38.25_-13.69_0.0695_-0.7138_-0.0880_-0.6913end-9.83_0.98_0.34_14.55_-18.58_23.50_29.75_-38.25_-13.69_0.0684_-0.7142_-0.0883_-0.6909end-9.83_0.98_0.34_14.55_-18.58_23.50_29.75_-38.25_-13.69_0.0667_-0.7151_-0.0890_-0.6902end-10.00_1.73_0.58_14.55_-18.58_23.50_29.75_-38.25_-13.69_0.0667_-0.7151_-0.0890_-0.6902end-10.00_1.73_0.58_-2.13_-21.60_8.95_29.75_-38.25_-13.69_0.0652_-0.7165_-0.0900_-0.6887end-9.85_0.99_0.72_-2.13_-21.60_8.95_29.75_-38.25_-13.69_0.0652_-0.7165_-0.0900_-0.6887end-9.51_0.88_0.82_-2.13_-21.60_8.95_29.75_-38.25_-13.69_0.0652_-0.7165_-0.0900_-0.6887end-9.37_0.84_0.88_-6.27_-14.44_1.90_29.75_-38.2,0.0,0.0,0.0
1299,5_-13.69_0.0648_-0.7187_-0.0917_-0.6862end-9.24_0.82_0.90_-6.27_-14.44_1.90_29.75_-38.25_-13.69_0.0648_-0.7191_-0.0919_-0.6858end-9.04_0.84_1.05_-6.27_-14.44_1.90_29.75_-38.25_-13.69_0.0649_-0.7193_-0.0922_-0.6855end,0.0,0.0,0.0
1300,-9.14_1.03_1.15_-4.03_-1.34_-2.80_29.75_-38.25_-13.69_0.0649_-0.7193_-0.0922_-0.6855end-9.14_1.03_1.15_-4.03_-1.34_-2.80_29.75_-38.25_-13.69_0.0654_-0.7194_-0.0923_-0.6853end-9.22_0.63_0.98_-4.03_-1.34_-2.80_29.75_-38.25_-13.69_0.0655_-0.7194_-0.0922_-0.6853end-9.26_0.42_0.88_-4.03_-1.34_-2.80_29.75_-38.25_-13.69_0.0655_-0.7194_-0.0922_-0.6853end-9.26_0.42_0.88_-4.03_-1.34_-2.80_29.75_-38.25_-13.69_0.0652_-0.7202_-0.0919_-0.6846end-9.59_0.70_0.85_-4.03_-1.34_-2.80_29.75_-38.25_-13.69_0.0648_-0.7206_-0.0919_-0.6841end-9.48_0.77_0.66_-4.03_-1.34_-2.80_29.75_-38.25_-13.69_0.0648_-0.7206_-0.0919_-0.6841end-9.36_0.77_0.18_-4.03_-1.34_-2.80_29.75_-38.25_-13.,0.0,0.0,0.0
1301,69_0.0648_-0.7206_-0.0919_-0.6841end-9.36_0.77_0.18_11.86_-32.12_8.84_29.75_-38.25_-13.69_0.0623_-0.7239_-0.0919_-0.6808end-9.30_0.78_-0.04_11.86_-32.12_8.84_29.75_-38.25_-13.69_0.0615_-0.7249_-0.0920_-0.6800end,0.0,0.0,0.0
1302,,0.0,0.0,0.0
1303,-9.28_0.95_-0.06_13.65_-25.74_9.85_29.75_-38.25_-13.69_0.0615_-0.7249_-0.0920_-0.6800end-9.28_0.95_-0.06_13.65_-25.74_9.85_29.37_-37.19_-15.88_0.0589_-0.7269_-0.0919_-0.6780end-9.29_1.24_0.01_13.65_-25.74_9.85_29.37_-37.19_-15.88_0.0589_-0.7269_-0.0919_-0.6780end-9.27_1.09_0.03_18.02_-5.26_9.85_28.62_-38.56_-15.00_0.0589_-0.7269_-0.0919_-0.6780end-9.13_1.13_0.03_18.02_-5.26_9.85_29.00_-39.31_-15.88_0.0589_-0.7269_-0.0919_-0.6780end-8.92_0.75_-0.08_18.02_-5.26_9.85_29.00_-39.31_-15.88_0.0552_-0.7277_-0.0912_-0.6776end-8.81_0.77_-0.04_20.25_3.80_10.18_29.00_-37.88_-14.56_0.0552_-0.7277_-0.0912_-0.6776end-8.64_0.80_0.00_22.27_9.06_10.63_29.00_-37.88_-14.5,0.0,0.0,0.0
1304,6_0.0552_-0.7277_-0.0912_-0.6776end-8.53_0.73_0.01_22.27_9.06_10.63_29.37_-38.56_-14.63_0.0502_-0.7267_-0.0898_-0.6792end-8.41_0.71_0.03_22.27_9.06_10.63_29.37_-38.56_-14.63_0.0491_-0.7261_-0.0893_-0.6799end,0.0,0.0,0.0
1305,-8.25_0.61_0.01_22.27_9.06_10.63_28.62_-38.56_-15.00_0.0478_-0.7255_-0.0888_-0.6808end-8.39_0.52_-0.04_22.27_9.06_10.63_29.37_-38.25_-13.31_0.0464_-0.7247_-0.0883_-0.6818end-8.59_0.53_-0.07_36.48_29.99_16.34_29.37_-38.25_-13.31_0.0464_-0.7247_-0.0883_-0.6818end-8.59_0.53_-0.07_36.48_29.99_16.34_29.37_-38.25_-13.31_0.0415_-0.7219,0.0,0.0,0.0
1306,_-0.0865_-0.6853end-8.71_0.94_-0.02_36.48_29.99_16.34_29.37_-38.25_-13.31_0.0397_-0.7208_-0.0858_-0.6866end-8.98_1.19_-0.05_36.48_29.99_16.34_29.37_-38.25_-13.31_0.0397_-0.7208_-0.0858_-0.6866end-9.12_1.48_-0.07_47.34_38.61_23.28_29.37_-38.25_-13.31_0.0336_-0.7173_-0.0837_-0.6909end-9.19_1.66_-0.09_51.36_37.38_24.84_28.62_-39.94_-12.81_0.0314_-0.7162_-0.0829_-0.6923end-9.30_1.98_-0.07_51.36_37.38_24.84_28.62_-39.94_-12.81_0.0314_-0.7162_-0.0829_-0.6923end-9.49_2.07_-0.05_54.61_30.44_25.96_28.62_-39.94_-12.81_0.0314_-0.7162_-0.0829_-0.6923end,0.0,0.0,0.0
1307,,0.0,0.0,0.0
1308,-9.58_2.09_-0.03_54.61_30.44_25.96_27.87_-40.56_-11.56_0.0219_-0.7125_-0.0795_-0.6968end-9.66_2.17_-0.01_54.61_30.44_25.96_27.87_-40.56_-11.56_0.0219_-0.7125_-0.0795_-0.6968end-9.67_2.14_-0.09_54.61_30.44_25.96_27.87_-40.56_-11.56_0.0166_-0.7120_-0.0777_-0.6977end-9.67_2.14_-0.09_59.76_-10.85_26.86_27.87_-40.56_-11.56_0.0166_-0.7120_-0.0777_-0.6977end-9.71_2.06_-0.13_59.76_-10.85_26.86_27.87_-40.56_-11.56_0.0084_-0.7131_-0.0748_-0.6970end-9.70_2.05_-0.19_59.76_-10.85_26.86_27.56_-41.25_-10.25_0.0056_-0.7139_-0.0737_-0.6964end-9.51_2.06_-0.61_62.44_-29.43_21.60_27.56_-41.25_-10.25_0.0056_-0.7139_-0.0737_-0.6964end-9.41_2.00_-0.55_63.11_-26.07_19.02_27.56_-41.25_-10.25_0.0056_-0.7139_-0.0737_-0.6964end-9.41_2.00_-0.55_64.46_-15.89_13.88_27.87_-41.56_-9.44_0.0025_0.7161_0.0700_0.6944end-9.20_1.85_-0.48_64.46_-15.89_13.88_27.87_-41.56_-9.44_0.0074_0.7170_0.0671_0.6938end,0.0,0.0,0.0
1309,,0.0,0.0,0.0
1310,,0.0,0.0,0.0
1311,-9.20_1.85_-0.48_66.14_-1.57_9.06_27.19_-41.94_-9.44_0.0099_0.7170_0.0654_0.6938end-9.09_1.75_-0.48_66.92_5.04_6.49_27.19_-41.94_-9.44_0.0099_0.7170_0.0654_0.6938end-9.13_1.78_-0.30_66.92_5.04_6.49_26.81_-42.25_-9.38_0.0168_0.7162_0.0599_0.6951end-9.25_1.84_-0.16_66.92_5.04_6.49_26.81_-42.25_-9.38_0.0190_0.7156_0.0580_0.6958end-9.26_1.87_-0.07_69.27_15.89_2.80_26.81_-42.25_-9.38_0.0190_0.7156_0.0580_0.6958end-9.29_1.89_-0.11_69.27_15.89_2.80_27.87_-41.56_-7.69_0.0190_0.7156_0.0580_0.6958end-9.30_1.98_-0.06_70.05_6.27_3.80_27.87_-41.56_-7.69_0.0190_0.7156_0.0580_0.6958end-9.30_1.98_-0.06_70.95_-5.71_6.15_27.87_-41.56_-7.69_0.0304_0.7141_0.0482_0.6978end-9.25_2.05_0.00_70.95_-5.71_6.15_26.81_-41.56_-6.75_0.0304_0.7141_0.0482_0.6978end-9.25_2.05_0.00_71.51_-10.30_7.72_26.81_-41.56_-6.75_0.0355_0.7144_0.0443_0.6974end,0.0,0.0,0.0
1312,,0.0,0.0,0.0
1313,-9.30_2.02_-0.06_73.52_-15.33_10.07_26.81_-41.56_-6.75_0.0355_0.7144_0.0443_0.6974end-9.38_2.04_-0.11_73.52_-15.33_10.07_26.81_-41.56_-6.75_0.0435_0.7153_0.0386_0.6964end-9.53_2.07_-0.27_73.52_-15.33_10.07_26.81_-41.56_-6.75_0.0463_0.7155_0.0367_0.6961end-9.61_2.24_-0.61_73.52_-15.33_10.07_26.81_-41.56_-6.75_0.0463_0.7155_0.0367_0.6961end-9.60_2.30_-0.67_76.99_-5.04_18.24_26.06_-42.94_-5.06_0.0463_0.7155_0.0367_0.6961end-9.62_2.37_-0.68_77.66_1.45_19.92_26.06_-42.94_-5.06_0.0463_0.7155_0.0367_0.6961end-9.60_2.41_-0.57_77.66_1.45_19.92_26.06_-42.94_-5.06_0.0614_0.7150_0.0281_0.6959end-9.52_2.39_-0.41_78.22_6.27_21.49_26.44_-41.88_-3.37_0.0614_0.7150_0.0281_0.6959end-9.52_2.39_-0.41_78.22_8.17_21.60_26.44_-41.88_-3.37_0.0676_0.7141_0.0248_0.6964end-9.33_2.22_-0.34_79.12_8.84_21.49_26.44_-41.88_-3.37_0.0676_0.7141_0.0248_0.6964end,0.0,0.0,0.0
1314,,0.0,0.0,0.0
1315,,0.0,0.0,0.0
1316,-9.17_2.09_-0.30_79.12_8.84_21.49_26.44_-41.88_-3.37_0.0770_0.7125_0.0197_0.6972end-9.10_2.04_-0.26_79.12_8.84_21.49_25.37_-42.88_-2.50_0.0770_0.7125_0.0197_0.6972end-9.09_1.99_-0.17_79.12_8.84_21.49_25.37_-42.88_-2.50_0.0770_0.7125_0.0197_0.6972end-9.08_2.00_-0.13_83.59_3.47_18.80_25.37_-42.88_-2.50_0.0770_0.7125_0.0197_0.6972end-9.08_2.00_-0.13_83.59_3.47_18.80_25.75_-43.87_-0.75_0.0930_0.7102_0.0101_0.6978end-9.18_2.14_-0.11_83.59_3.47_18.80_25.75_-43.87_-0.75_0.0963_0.7099_0.0081_0.6977end-9.13_2.23_-0.16_89.52_-8.73_16.23_25.75_-42.88_0.56_0.0963_0.7099_0.0081_0.6977end-9.14_2.28_-0.14_90.64_-13.43_15.55_25.75_-42.88_0.56_0.0963_0.7099_0.0081_0.69,0.0,0.0,0.0
1317,,0.0,0.0,0.0
1318,77end-9.09_2.43_-0.11_90.64_-13.43_15.55_25.75_-42.88_0.56_0.1061_0.7097_0.0013_0.6965end-9.09_2.43_-0.11_93.11_-23.72_12.09_25.75_-42.88_0.56_0.1094_0.7098_-0.0012_0.6959end-9.09_2.43_-0.11_93.11_-23.72_12.09_25.06_-43.19_1.37_0.1127_0.7100_-0.0037_0.6951end-9.09_2.43_-0.11_95.01_-25.18_9.18_25.06_-43.19_1.37_0.1127_0.7100_-0.0037_0.6951end-9.09_2.43_-0.11_96.80_-23.61_5.71_25.06_-43.19_1.37_0.1255_0.7110_-0.0144_0.6917end-8.88_2.64_-0.21_96.80_-23.61_5.71_25.06_-43.19_1.37_0.1288_0.7112_-0.0173_0.,0.0,0.0,0.0
1319,6909end-8.84_2.61_-0.19_96.80_-23.61_5.71_24.69_-43.87_2.75_0.1319_0.7112_-0.0202_0.6901end-8.73_2.55_-0.18_96.80_-23.61_5.71_24.69_-43.87_2.75_0.1349_0.7114_-0.0231_0.6894end-8.73_2.55_-0.18_96.80_-23.61_5.71_24.69_-43.87_2.75_0.1381_0.7114_-0.0262_0.6886end-8.73_2.55_-0.18_96.80_-23.61_5.71_24.69_-43.87_2.75_0.1442_0.7114_-0.0322_0.6871end-8.47_2.25_-0.06_96.80_-23.61_5.71_24.69_-43.87_2.75_0.1442_0.7114_-0.0322_0.6871end-8.43_2.20_-0.07_96.80_-23.61_5.71_25.37_-42.81_4.50_0.1442_0.7114_-0.0322_0.6871end,0.0,0.0,0.0
1320,,0.0,0.0,0.0
1321,-8.43_2.20_-0.07_96.80_-23.61_5.71_25.37_-42.81_4.50_0.1566_0.7111_-0.0444_0.6841end-8.61_2.20_-0.04_96.80_-23.61_5.71_25.37_-42.81_4.50_0.1598_0.7109_-0.0475_0.6833end-8.52_2.17_-0.01_96.80_-23.61_5.71_25.37_-42.81_4.50_0.1630_0.7106_-0.0505_0.6826end-8.52_2.17_-0.01_102.95_-16.00_2.46_25.06_-42.75_7.06_0.1661_0.7103_-0.0535_0.6819end-8.52_2.17_-0.01_102.95_-16.00_2.46_25.06_-42.75_7.06_0.1727_0.7098_-0.0598_0.6804end-8.44_2.43_0.00_102.95_-16.00_2.46_25.00_-42.38_7.94_0.1727_0.7098_-0.0598_0.6804end-8.44_2.43_0.00_104.63_-15.00_2.69_25.00_-42.38_7.94_0.1791_0.7091_-0.0659_0.6788end-8.44_2.43_0.00_105.53_-15.00_2.46_25.00_-42.38_7.94_0.1791_0.7091_-0.,0.0,0.0,0.0
1322,0659_0.6788end-8.44_2.43_0.00_106.09_-15.33_2.69_25.00_-42.38_7.94_0.1858_0.7083_-0.0723_0.6772end-8.42_2.30_0.04_106.09_-15.33_2.69_25.00_-42.38_7.94_0.1926_0.7074_-0.0786_0.6755end,0.0,0.0,0.0
1323,,0.0,0.0,0.0
1324,-8.42_2.30_0.04_107.32_-15.33_3.47_25.00_-42.38_7.94_0.1926_0.7074_-0.0786_0.6755end-8.52_2.24_0.07_107.32_-15.33_3.47_25.00_-42.75_10.13_0.1926_0.7074_-0.0786_0.6755end-8.52_2.24_0.07_108.10_-17.01_5.26_25.00_-42.75_10.13_0.2028_0.7061_-0.0879_0.6729end-8.52_2.24_0.07_108.10_-17.01_5.26_25.00_-42.75_10.13_0.2063_0.7056_-0.0911_0.6718end-8.66_2.37_0.09_108.10_-17.01_5.26_25.00_-42.75_10.13_0.2063_0.7056_-0.0911_0.6718end-8.66_2.37_0.09_108.10_-17.01_5.26_25.00_-42.75_10.13_0.2202_0.7040_-0.1036_0.6672end-8.73_2.48_0.11_107.99_-22.16_8.39_25.00_-42.75_10.13_0.2202_0.7040_-0.1036_0.6672end-8.77_2.54_0.11_107.43_-21.15_8.39_25.00_-42.75_10.13_0.2202_0.7040_-0.1036_0.6672end-8.77_2.54_0.11_107.43_-21.15_8.39_25.00_-42.75_10.13_0.2307_0.7028_-0.1127_0.6635end-8.77_2.64_0.27_107.43_-21.15_8.39_24.31_-41.25_14.06_0.2307_0.7028_-0.1127_0.6635end,0.0,0.0,0.0
1325,,0.0,0.0,0.0
1326,-8.77_2.64_0.27_106.76_-17.90_9.18_24.31_-41.25_14.06_0.2411_0.7011_-0.1216_0.6599end-8.92_2.60_0.32_106.76_-17.90_9.18_24.63_-40.25_13.69_0.2411_0.7011_-0.1216_0.6599end-8.92_2.60_0.32_105.75_-17.68_9.51_24.63_-40.25_13.69_0.2479_0.7000_-0.1274_0.6575end-8.92_2.60_0.32_105.75_-17.68_9.51_23.94_-40.56_14.06_0.2513_0.6994_-0.1303_0.6563end-8.92_2.60_0.32_105.30_-20.03_10.85_23.94_-40.56_14.06_0.2548_0.6988_-0.1332_0.6550end-8.92_2.60_0.32_104.97_-21.93_10.74_25.00_-40.56_15.88_0.2548_0.6988_-0.1332_0.6550end-8.92_2.60_0.32_104.97_-21.93_10.74_25.00_-40.56_15.88_0.2616_0.6978_-0.1389_0.6522end-9.21_2.78_0.60_104.97_-21.93_10.74_23.94_-40.19_17.06_0.2616_0.6978_-0.1389_0.6522end-9.39_2.90_0.61_103.62_-28.54_11.53_23.94_-40.19_17.06_0.2751_0.6962_-0.1506_0.6458end-9.38_2.85_0.59_103.62_-28.54_11.53_23.94_-40.19_17.06_0.2751_0.6962_-0.1506_0.6458end,0.0,0.0,0.0
1327,,0.0,0.0,0.0
1328,,0.0,0.0,0.0
1329,-9.38_2.84_0.60_103.62_-28.54_11.53_23.94_-40.19_17.06_0.2817_0.6955_-0.1562_0.6423end-9.43_2.76_0.58_102.39_-31.11_14.32_24.63_-38.50_18.00_0.2817_0.6955_-0.1562_0.6423end-9.43_2.74_0.54_102.39_-31.11_14.32_24.63_-38.50_18.00_0.2917_0.6945_-0.1646_0.6368end-9.43_2.70_0.46_102.39_-31.11_14.32_24.63_-39.81_20.62_0.2950_0.6940_-0.1672_0.6351end-9.45_2.67_0.41_102.39_-31.11_14.32_24.63_-39.81_20.62_0.2984_0.6936_-0.1699_0.6332end-9.52_2.55_0.34_98.81_-22.49_17.57_24.63_-39.81_20.62_0.2984_0.6936_-0.1699_0.6332end-9.36_2.41_0.32_98.81_-22.49_17.57_24.63_-38.50_19.75_0.3051_0.6926_-0.1749_0.6298end-9.36_2.41_0.32_97.69_-19.70_17.68_24.63_-38.50_19.75_0.3083,0.0,0.0,0.0
1330,_0.6920_-0.1773_0.6282end-9.19_2.35_0.42_97.69_-19.70_17.68_24.63_-38.50_19.75_0.3149_0.6905_-0.1820_0.6252end-9.19_2.35_0.42_97.69_-19.70_17.68_24.63_-38.50_19.75_0.3149_0.6905_-0.1820_0.6252end,0.0,0.0,0.0
1331,-9.19_2.35_0.42_95.01_-13.09_15.33_24.63_-37.44_21.06_0.3149_0.6905_-0.1820_0.6252end-9.19_2.35_0.42_94.11_-9.29_12.31_24.63_-37.44_21.06_0.3245_0.6878_-0.1889_0.6213end-9.19_2.35_0.42_94.11_-9.29_12.31_24.63_-37.44_21.06_0.3305_0.6858_-0.1935_0.6189end-8.85_2.13_0.95_94.11_-9.29_12.31_24.63_-37.44_21.06_0.3336_0.6847_-0.1959_0.6177end-8.93_2.15_0.96_94.11_-9.29_12.31_24.63_-37.44_21.06_0.3364_0.6837_-0.1984_0.6165end-8.93_2.15_1.00_94.11_-9.29_12.31_24.63_-37.44_21.06_0.3364_0.6837_-0.1984_0.6165end-8.79_2.17_1.00_94.11_-9.29_12.31_24.63_-37.44_21.06_0.3420_0.6818_-0.2037_0.6138end-8.79_2.17_1.00_94.11_-9.29_12.31_24.63_-37.44_21.06_0.3446_0.6810_-0.2,0.0,0.0,0.0
1332,065_0.6122end-8.79_2.17_1.00_94.11_-9.29_12.31_24.63_-37.44_21.06_0.3497_0.6799_-0.2127_0.6085end-8.73_2.17_1.02_94.11_-9.29_12.31_24.63_-37.44_21.06_0.3521_0.6794_-0.2159_0.6064end,0.0,0.0,0.0
1333,,0.0,0.0,0.0
1334,-8.78_2.20_0.82_94.11_-9.29_12.31_24.63_-35.31_23.69_0.3521_0.6794_-0.2159_0.6064end-8.79_2.20_0.79_97.81_-42.52_-5.37_24.63_-35.31_23.69_0.3521_0.6794_-0.2159_0.6064end-8.83_2.26_0.67_97.81_-42.52_-5.37_24.63_-36.00_25.44_0.3593_0.6781_-0.2259_0.6001end-8.79_2.36_0.69_97.69_-40.06_-5.60_24.63_-36.00_25.44_0.3640_0.6769_-0.2324_,0.0,0.0,0.0
1335,0.5960end-8.85_2.43_0.61_97.69_-40.06_-5.60_24.63_-36.00_25.44_0.3665_0.6761_-0.2357_0.5941end-8.79_2.56_0.72_97.69_-40.06_-5.60_24.63_-36.00_25.44_0.3665_0.6761_-0.2357_0.5941end-8.79_2.56_0.72_97.81_-24.40_-4.92_24.25_-34.56_26.31_0.3665_0.6761_-0.2357_0.5941end-8.79_2.56_0.72_97.92_-16.79_-4.36_24.25_-34.56_26.31_0.3740_0.6733_-0.2448_0.5890end-8.79_2.56_0.72_97.92_-16.79_-4.36_24.25_-34.56_26.31_0.3766_0.6721_-0.2478_0.5874end-8.79_2.56_0.72_98.14_-13.54_-3.47_24.25_-34.56_26.31_0.3792_0.6708_-0.2507_0.5860end,0.0,0.0,0.0
1336,-8.71_2.53_1.06_98.14_-13.54_-3.47_24.25_-34.56_26.31_0.3818_0.6694_-0.2534_0.5847end-8.71_2.53_1.06_98.48_-9.29_0.22_24.25_-34.56_26.31_0.3873_0.6666_-0.2589_0.5819end-8.82_2.55_1.23_98.48_-9.29_0.22_25.69_-32.56_26.75_0.3873_0.6666_-0.2589_0.5819end-8.82_2.55_1.23_98.48_-9.29_0.22_25.69_-32.56_26.75_0.3959_0.6624_-0.2666_0.5775end-9.00_2.66_1.28_98.48_-9.29_0.22_25.31_-32.19_28.56_0.3959_0.6624_-0.2666_0.5775end-9.04_2.78_1.36_98.48_-9.29_0.22_25.31_-32.19_28.56_0.3959_0.6624_-0.2666_0.5775end-9.12_2.86_1.38_98.48_-9.29_0.22_25.31_-32.19_28.56_0.4046_0.6584_-0.2744_0.5722end-9.12_2.86_1.38_98.48_-9.29_0.22_25.31_-32.19_28.56_0.4103_0.6562_-0.2795_0.5,0.0,0.0,0.0
1337,,0.0,0.0,0.0
1338,682end-9.26_2.90_1.34_98.48_-9.29_0.22_25.31_-32.19_28.56_0.4103_0.6562_-0.2795_0.5682end-9.25_2.88_1.41_98.48_-9.29_0.22_26.37_-31.12_29.06_0.4162_0.6542_-0.2847_0.5638end,0.0,0.0,0.0
1339,-9.34_3.00_1.36_98.48_-9.29_0.22_26.37_-31.12_29.06_0.4162_0.6542_-0.2847_0.5638end-9.46_2.95_1.29_100.72_-26.52_14.55_26.37_-31.12_29.06_0.4162_0.6542_-0.2847_0.5638end-9.46_2.95_1.29_99.93_-23.95_15.67_26.37_-30.06_29.44_0.4250_0.6510_-0.2922_0.5569end-9.55_3.03_1.31_99.93_-23.95_15.67_26.37_-30.06_29.44_0.4308_0.6488_-0.2969_0.5526end-9.61_3.05_1.31_99.15_-20.70_16.67_24.94_-28.69_31.19_0.4308_0.6488_-0.2969_0.5526end-9.61_3.05_1.31_98.37_-18.80_16.23_24.94_-28.69_31.19_0.4368_0.6464_-0.3015_0.5482end-9.61_3.05_1.31_97.02_-17.46_16.45_26.37_-29.75_30.31_0.4368_0.6464_-0.3015_0.5482end-9.61_3.05_1.31_96.02_-15.67_16.11_26.37_-29.75_30.31_0.4426_0.643,0.0,0.0,0.0
1340,9_-0.3058_0.5441end-9.61_3.05_1.31_94.78_-13.32_15.22_25.69_-29.06_32.50_0.4426_0.6439_-0.3058_0.5441end-9.61_3.05_1.31_93.44_-10.41_14.44_25.69_-29.06_32.50_0.4484_0.6412_-0.3099_0.5402end,0.0,0.0,0.0
1341,-9.45_3.23_1.32_91.32_-4.48_12.76_25.69_-29.06_32.50_0.4540_0.6383_-0.3138_0.5367end-9.45_3.23_1.32_91.32_-4.48_12.76_25.69_-29.06_32.50_0.4595_0.6351_-0.3173_0.5337end-9.37_3.15_1.39_91.32_-4.48_12.76_27.06_-27.31_32.50_0.4623_0.6333_-0.3190_0.5324end-9.32_3.11_1.39_91.32_-4.48_12.76_27.06_-27.31_32.50_0.4651_0.6314_-0.3207_0.5311end-9.25_3.09_1.41_86.95_8.17_7.27_25.62_-26.62_32.94_0.4651_0.6314_-0.3207_0.5311end-9.13_3.09_1.44_85.94_8.28_6.15_25.62_-26.62_32.94_0.4651_0.6314_-0.3207_0.5311end-9.13_3.09_1.44_85.94_8.28_6.15_24.94_-26.25_33.44_0.4757_0.6240_-0.3271_0.5267end-9.05_3.11_1.49_85.94_8.28_6.15_24.94_-26.25_33.44_0.4781_0.6221_-0.3288_0.5255end-8.96_3.14_1.48_85.94_8.28_6.15_24.94_-26.25_33.44_0.4807_0.6204_-0.3306_0.5243end-8.87_3.11_1.57_85.94_8.28_6.15_24.94_-24.87_34.75_0.4807_0.6204_-0.3306_0.5243end,0.0,0.0,0.0
1342,,0.0,0.0,0.0
1343,,0.0,0.0,0.0
1344,-8.90_3.06_1.55_81.24_-9.62_2.35_24.94_-24.87_34.75_0.4807_0.6204_-0.3306_0.5243end-8.90_3.06_1.55_80.46_-12.98_2.57_24.94_-24.87_34.75_0.4895_0.6140_-0.3381_0.5187end-8.86_3.00_1.59_80.46_-12.98_2.57_24.94_-24.87_34.75_0.4915_0.6127_-0.3401_0.5171end-8.79_3.07_1.58_80.46_-12.98_2.57_24.94_-24.87_34.75_0.4915_0.6127_-0.3401_0.5171end-8.75_3.14_1.52_78.89_-26.97_1.12_24.94_-24.87_34.75_0.4915_0.6127_-0.3401_0.5171end-8.75_3.14_1.52_79.12_-28.54_0.78_25.62_-23.87_35.13_0.4972_0.6090_-0.3466_0.5116end-8.77_3.09_1.45_79.12_-28.54_0.78_25.62_-23.87_35.13_0.4989_0.6079_-0.3489_0.5097end-8.73_3.06_1.41_79.12_-28.54_0.78_25.25_-23.19_35.19_0.4989_0.6079_-0.348,0.0,0.0,0.0
1345,9_0.5097end-8.73_3.06_1.41_77.55_-27.31_-1.34_25.25_-23.19_35.19_0.5038_0.6047_-0.3560_0.5038end-8.58_3.09_1.39_76.43_-25.74_-2.01_25.25_-23.19_35.19_0.5070_0.6023_-0.3605_0.5002end,0.0,0.0,0.0
1346,,0.0,0.0,0.0
1347,-8.58_3.09_1.39_75.09_-21.26_-3.36_25.25_-23.19_35.19_0.5070_0.6023_-0.3605_0.5002end-8.58_3.09_1.39_75.09_-21.26_-3.36_25.25_-23.19_35.19_0.5085_0.6011_-0.3627_0.4985end-8.58_3.09_1.39_75.09_-21.26_-3.36_25.62_-22.44_35.19_0.5134_0.5971_-0.3689_0.4938end-8.52_2.88_1.49_75.09_-21.26_-3.36_25.62_-22.44_35.19_0.5150_0.5957_-0.3708_0.4924end-8.52_2.81_1.60_75.09_-21.26_-3.36_25.62_-22.44_35.19_0.5150_0.5957_-0.3708_0.4924end-8.48_2.81_1.65_70.05_-10.30_-2.01_25.62_-22.44_35.19_0.5150_0.5957_-0.3708_0.4924end-8.48_2.81_1.65_70.05_-10.30_-2.01_27.00_-21.06_36.88_0.5199_0.5914_-0.3761_0.4883end-8.46_2.77_1.74_69.05_-10.85_0.00_27.00_-21.06_36.88_0.5199_0.5914_-0.3761_0.4883end-8.40_2.70_1.80_69.05_-10.85_0.00_27.00_-21.06_36.88_0.5232_0.5887_-0.3795_0.4854end-8.37_2.68_1.83_69.05_-10.85_0.00_27.00_-21.06_36.88_0.5280_0.5852_-0.3844_0.4807end,0.0,0.0,0.0
1348,,0.0,0.0,0.0
1349,-8.41_2.57_1.91_69.05_-10.85_0.00_27.00_-21.06_36.88_0.5295_0.5841_-0.3860_0.4789end-8.44_2.57_1.89_66.81_-20.14_10.52_27.00_-21.06_36.88_0.5295_0.5841_-0.3860_0.4789end-8.44_2.57_1.89_66.81_-20.14_10.52_25.94_-18.94_37.44_0.5327_0.5822_-0.3892_0.4753end-8.44_2.57_1.89_66.81_-20.14_10.52_25.94_-18.94_37.44_0.5360_0.5803_-0.3922_,0.0,0.0,0.0
1350,0.4714end-8.63_2.36_1.77_65.46_-19.92_14.55_25.94_-18.94_37.44_0.5376_0.5793_-0.3936_0.4694end-8.69_2.29_1.74_65.46_-19.92_14.55_25.94_-18.94_37.44_0.5376_0.5793_-0.3936_0.4694end-8.69_2.29_1.74_65.46_-19.92_14.55_25.94_-18.94_37.44_0.5425_0.5768_-0.3976_0.4636end-8.86_2.35_1.82_65.46_-19.92_14.55_25.94_-18.94_37.44_0.5441_0.5760_-0.3988_0.4617end-8.83_2.36_1.87_58.97_-13.88_16.34_25.94_-18.94_37.44_0.5441_0.5760_-0.3988_0.4617end-8.96_2.29_1.85_57.41_-12.53_16.11_27.37_-18.00_37.81_0.5441_0.5760_-0.3988_0.4617end,0.0,0.0,0.0
1351,,0.0,0.0,0.0
1352,-8.96_2.29_1.85_55.84_-11.53_15.89_27.37_-18.00_37.81_0.5496_0.5733_-0.4019_0.4558end-8.98_2.21_1.93_55.84_-11.53_15.89_27.00_-17.62_38.75_0.5496_0.5733_-0.4019_0.4558end-8.98_2.21_1.93_50.92_-9.85_14.55_27.00_-17.62_38.75_0.5525_0.5717_-0.4037_0.4527end-8.98_2.21_1.93_48.79_-9.29_14.10_27.75_-17.31_37.00_0.5525_0.5717_-0.4037_0.4527end-8.98_2.21_1.93_47.56_-8.39_13.32_27.75_-17.31_37.00_0.5552_0.5703_-0.4054_0.4498end-8.98_2.21_1.93_47.11_-7.61_12.98_27.75_-17.31_37.00_0.5577_0.5687_-0.4069_0.4471end-8.82_2.01_2.02_47.11_-7.61_12.98_27.75_-17.31_37.00_0.5577_0.5687_-0.4069_0.4471end-8.82_2.01_2.02_43.76_-5.15_12.98_27.75_-17.31_37.00_0.5603_0.5673_-0.4083_0.4446end-8.82_2.01_2.02_43.76_-5.15_12.98_27.75_-17.31_37.00_0.5628_0.5658_-0.4095_0.4421end-8.99_1.73_2.02_43.76_-5.15_12.98_27.75_-17.31_37.00_0.5628_0.5658_-0.4095_0.4421end,0.0,0.0,0.0
1353,,0.0,0.0,0.0
1354,-9.15_1.69_1.95_41.85_-6.49_14.66_27.75_-17.31_37.00_0.5628_0.5658_-0.4095_0.4421end-9.15_1.69_1.95_41.85_-6.49_14.66_26.25_-16.56_38.75_0.5665_0.5638_-0.4112_0.4382end-9.15_1.69_1.95_41.85_-6.49_14.66_26.25_-16.56_38.75_0.5688_0.5628_-0.4123_0.4355end-9.24_1.65_1.91_41.85_-6.49_14.66_27.75_-15.56_37.88_0.5699_0.5624_-0.4128_0.4342end-9.34_1.71_1.93_41.85_-6.49_14.66_27.37_-16.94_38.75_0.5699_0.5624_-0.4128_0.4342end-9.37_1.70_1.95_34.02_-11.41_16.56_27.37_-16.94_38.75_0.5699_0.5624_-0.4128_0.4342end-9.37_1.70_1.95_34.02_-11.41_16.56_27.37_-16.94_38.75_0.5737_0.5612_-0.4148_0.4289end-9.52_1.65_1.89_34.02_-11.41_16.56_27.37_-16.94_38.75_0.5746_0.5609_-0,0.0,0.0,0.0
1355,.4153_0.4276end-9.52_1.65_1.89_34.02_-11.41_16.56_26.25_-15.19_38.75_0.5753_0.5608_-0.4158_0.4263end-9.57_1.64_1.89_34.02_-11.41_16.56_26.25_-15.19_38.75_0.5753_0.5608_-0.4158_0.4263end,0.0,0.0,0.0
1356,-9.57_1.64_1.89_34.02_-11.41_16.56_26.25_-15.19_38.75_0.5771_0.5605_-0.4173_0.4225end-9.68_1.62_1.82_34.02_-11.41_16.56_26.25_-15.19_38.75_0.5775_0.5606_-0.4178_0.4214end-9.66_1.57_1.78_19.70_-19.25_11.30_26.25_-15.19_38.75_0.5775_0.5606_-0.4178_0.4214end-9.57_1.46_1.78_18.02_-19.02_10.07_26.25_-15.19_38.75_0.5775_0.5606_-0.4178_0.4214end-9.57_1.38_1.74_14.88_-17.35_8.17_26.25_-15.19_38.75_0.5775_0.5606_-0.4178_0.4214end-9.50_1.26_1.73_14.88_-17.35_8.17_26.25_-15.19_38.75_0.5789_0.5611_-0.4205_0.4162end-9.45_1.09_1.70_14.88_-17.35_8.17_26.25_-15.19_38.75_0.5791_0.5612_-0.4209_0.4154end-9.41_1.03_1.70_10.63_-12.53_5.37_26.25_-15.19_38.75_0.5791_0.5612_-0.4209_0.4154end-9.37_0.94_1.70_9.29_-10.97_4.59_26.25_-15.19_38.75_0.5795_0.5615_-0.4219_0.4135end-9.33_0.90_1.70_6.83_-7.39_3.92_26.25_-15.19_38.75_0.5795_0.5616_-0.4221_0.4130end,0.0,0.0,0.0
1357,,0.0,0.0,0.0
1358,,0.0,0.0,0.0
1359,-9.36_0.88_1.70_6.83_-7.39_3.92_26.25_-15.19_38.75_0.5797_0.5616_-0.4223_0.4127end-9.29_0.84_1.68_6.83_-7.39_3.92_26.25_-15.19_38.75_0.5798_0.5617_-0.4224_0.4123end-9.22_0.74_1.64_6.83_-7.39_3.92_26.25_-15.19_38.75_0.5798_0.5617_-0.4224_0.4123end-9.17_0.70_1.59_6.83_-7.39_3.92_28.06_-14.50_37.88_0.5800_0.5619_-0.4223_0.4118end-9.17_0.68_1.57_6.83_-7.39_3.92_28.06_-14.50_37.88_0.5801_0.5620_-0.4221_0.4117end-9.16_0.61_1.52_6.83_-7.39_3.92_28.06_-14.50_37.88_0.5801_0.5620_-0.4219_0.4117end-9.23_0.59_1.48_6.83_-7.39_3.92_28.44_-15.19_39.19_0.5801_0.5620_-0.4219_0.4117end-9.29_0.65_1.45_-7.27_6.83_4.92_28.44_-15.19_39.19_0.5803_0.5623_-0.4212_0.4119end-9.2,0.0,0.0,0.0
1360,9_0.65_1.45_-8.28_7.16_5.15_28.44_-15.19_39.19_0.5803_0.5624_-0.4208_0.4120end-9.29_0.65_1.45_-8.28_7.16_5.15_28.44_-15.19_39.19_0.5804_0.5628_-0.4199_0.4124end,0.0,0.0,0.0
1361,,0.0,0.0,0.0
1362,-9.43_0.70_1.40_-8.28_7.16_5.15_28.44_-15.19_39.19_0.5804_0.5628_-0.4199_0.4124end-9.47_0.73_1.38_-12.20_7.05_5.26_28.44_-15.19_39.19_0.5804_0.5628_-0.4199_0.4124end-9.47_0.73_1.38_-13.76_6.27_4.36_28.44_-15.19_39.19_0.5802_0.5637_-0.4183_0.4131end-9.57_0.78_1.39_-13.76_6.27_4.36_28.44_-15.19_39.19_0.5799_0.5643_-0.4173_0.4136end-9.64_0.80_1.38_-15.22_5.82_2.91_27.75_-14.81_38.75_0.5799_0.5643_-0.4173_0.4136end-9.72_0.84_1.38_-15.78_5.37_2.13_27.75_-14.81_38.75_0.5799_0.5643_-0.4173_0.4136end-9.78_0.88_1.34_-15.78_5.37_2.13_27.75_-14.81_38.75_0.5789_0.5658_-0.4154_0.4150end-9.85_0.89_1.27_-15.78_5.37_2.13_27.75_-14.81_38.75_0.5786_0.5662_-0.4150_0.4154,0.0,0.0,0.0
1363,end-10.01_0.93_1.23_-15.78_5.37_2.13_27.75_-14.81_38.75_0.5786_0.5662_-0.4150_0.4154end-10.01_0.93_1.23_-18.24_3.47_-1.45_27.75_-15.19_37.06_0.5786_0.5662_-0.4150_0.4154end,0.0,0.0,0.0
1364,,0.0,0.0,0.0
1365,-10.01_0.93_1.23_-18.24_3.47_-1.45_27.75_-15.19_37.06_0.5768_0.5677_-0.4135_0.4172end-10.14_1.04_1.09_-18.24_3.47_-1.45_27.75_-15.19_37.06_0.5768_0.5677_-0.4135_0.4172end-10.14_1.04_1.09_-18.24_3.47_-1.45_27.75_-15.19_37.06_0.5763_0.5681_-0.4131_0.4177end-10.30_1.27_0.87_-18.24_3.47_-1.45_27.75_-15.19_37.06_0.5745_0.5694_-0.4121_0.4193end-10.32_1.24_0.79_-18.24_3.47_-1.45_27.75_-15.19_37.06_0.5726_0.5707_-0.4111_0.4213end-10.32_1.24_0.79_-26.63_4.70_-14.44_26.62_-15.88_37.44_0.5726_0.5707_-0.4111_0.4213end-10.32_1.24_0.79_-26.63_4.70_-14.44_26.62_-15.88_37.44_0.5708_0.5714_-0.4106_0.4232end-10.32_1.24_0.79_-26.63_4.70_-14.44_26.62_-15.88_37.44_0.5686_0,0.0,0.0,0.0
1366,.5722_-0.4095_0.4261end-10.23_1.12_0.49_-26.63_4.70_-14.44_26.62_-15.88_37.44_0.5673_0.5727_-0.4088_0.4279end-10.25_1.09_0.40_-31.00_15.00_-25.74_26.62_-15.88_37.44_0.5673_0.5727_-0.4088_0.4279end,0.0,0.0,0.0
1367,-10.25_1.09_0.40_-31.00_15.00_-25.74_26.62_-15.88_37.44_0.5643_0.5728_-0.4078_0.4327end-10.45_1.14_0.36_-31.00_15.00_-25.74_26.62_-15.88_37.44_0.5632_0.5726_-0.4075_0.4345end-10.56_1.28_0.34_-31.11_20.25_-31.89_26.62_-15.88_37.44_0.5632_0.5726_-0.4075_0.4345end-10.76_1.43_0.27_-30.89_21.93_-32.23_26.62_-15.88_37.44_0.5632_0.5726_-0.4075_0.4345end-10.76_1.43_0.27_-29.66_27.53_-31.67_27.00_-15.88_36.56_0.5602_0.5721_-0.4066_0.4399end-10.76_1.43_0.27_-28.20_31.78_-29.43_27.00_-15.88_36.56_0.5580_0.5717_-0.4053_0.4443end-11.95_2.73_0.24_-28.20_31.78_-29.43_27.00_-15.88_36.56_0.5571_0.5716_-0.4042_0.4468end-12.80_3.62_0.17_-28.20_31.78_-29.43_27.00_-15.88_3,0.0,0.0,0.0
1368,6.56_0.5562_0.5714_-0.4029_0.4493end-13.05_3.74_0.09_-28.20_31.78_-29.43_26.62_-16.25_37.06_0.5562_0.5714_-0.4029_0.4493end-13.05_3.74_0.09_-28.20_31.78_-29.43_26.62_-16.25_37.06_0.5549_0.5704_-0.3984_0.4561end,0.0,0.0,0.0
1369,-13.20_3.69_0.05_-28.20_31.78_-29.43_26.62_-16.25_37.06_0.5546_0.5702_-0.3969_0.4579end-12.82_2.94_0.02_-28.20_31.78_-29.43_26.62_-16.25_37.06_0.5544_0.5702_-0.3955_0.4595end-12.52_2.59_0.26_-16.67_18.80_0.67_26.62_-16.25_37.06_0.5544_0.5702_-0.3955_0.4595end-12.52_2.59_0.26_-16.67_18.80_0.67_27.00_-16.25_37.88_0.5532_0.5712_-0.,0.0,0.0,0.0
1370,3929_0.4619end-11.66_1.83_0.16_-16.67_18.80_0.67_27.00_-16.25_37.88_0.5526_0.5718_-0.3929_0.4619end-11.23_1.56_0.11_-16.67_18.80_0.67_27.00_-16.25_37.88_0.5526_0.5718_-0.3929_0.4619end-10.72_1.27_0.02_-16.67_18.80_0.67_27.00_-16.25_37.88_0.5526_0.5718_-0.3929_0.4619end-10.48_1.19_0.01_-16.67_18.80_0.67_27.00_-16.25_37.88_0.5483_0.5742_-0.3954_0.4619end-10.13_1.10_-0.01_-16.67_18.80_0.67_27.00_-16.25_37.88_0.5483_0.5742_-0.3954_0.4619end-9.71_1.15_-0.02_-16.67_18.80_0.67_27.00_-16.25_37.88_0.5447_0.5751_-0.3973_0.4633end,0.0,0.0,0.0
1371,,0.0,0.0,0.0
1372,-9.58_1.17_-0.07_-13.09_-22.38_-52.48_27.00_-16.25_37.88_0.5447_0.5751_-0.3973_0.4633end-9.58_1.17_-0.07_-13.99_-19.25_-67.26_27.00_-16.25_37.88_0.5447_0.5751_-0.3973_0.4633end-9.27_1.24_-0.13_-13.99_-19.25_-67.26_28.06_-14.50_36.56_0.5447_0.5751_-0.3973_0.4633end-9.27_1.24_-0.13_-15.55_-18.02_-73.41_28.06_-14.50_36.56_0.5334_0.5745_-0.4048_0.4706end-8.70_1.29_-0.22_-18.02_-16.90_-83.48_27.37_-13.81_36.56_0.5334_0.5745_-0.4048_0.4706end-8.70_1.29_-0.22_-19.36_-16.79_-87.40_27.37_-13.81_36.56_0.5334_0.5745_-0.4048_0.4706end-8.70_1.29_-0.22_-19.36_-16.79_-87.40_27.37_-13.81_36.56_0.5282_0.5733_-0.4088_0.4746end-8.70_1.29_-0.22_-23.50_-13.09_-94.00_28.06_,0.0,0.0,0.0
1373,-13.81_35.75_0.5197_0.5711_-0.4150_0.4811end-7.93_1.60_-0.28_-24.62_-10.52_-95.01_28.06_-13.81_35.75_0.5197_0.5711_-0.4150_0.4811end-7.97_1.83_-0.29_-24.62_-10.52_-95.01_28.06_-13.81_35.75_0.5197_0.5711_-0.4150_0.4811end,0.0,0.0,0.0
1374,,0.0,0.0,0.0
1375,-7.99_1.93_-0.26_-26.07_3.13_-93.22_28.06_-13.81_35.75_0.5107_0.5687_-0.4205_0.4888end-7.99_1.93_-0.26_-26.07_3.13_-93.22_28.06_-13.81_35.75_0.5051_0.5667_-0.4234_0.4944end-8.10_2.18_-0.27_-26.07_3.13_-93.22_28.06_-13.81_35.75_0.5024_0.5656_-0.4246_0.4974end-8.23_2.46_-0.23_-26.07_3.13_-93.22_28.06_-13.81_35.75_0.5024_0.5656_-0.4246_0.4974end-8.43_2.68_-0.14_-26.07_3.13_-93.22_28.06_-13.81_35.75_0.5024_0.5656_-0.4246_0.4974end-8.43_2.68_-0.14_-26.07_3.13_-93.22_29.56_-11.12_34.94_0.4952_0.5619_-0.4270_0.5066end-8.43_2.68_-0.14_-26.07_3.13_-93.22_29.56_-11.12_34.94_0.4911_0.5595_-0.4279_0.5125end-8.77_3.09_-0.10_-26.07_3.13_-93.22_29.87_-11.12_34.50_0.4911_0.5595_-0.4279_0.5125end-8.91_3.32_-0.04_-26.07_3.13_-93.22_29.87_-11.12_34.50_0.4874_0.5574_-0.4284_0.5179end-8.91_3.32_-0.04_-23.50_20.59_-55.06_29.87_-11.12_34.50_0.4874_0.5574_-0.4284_0.5179end,0.0,0.0,0.0
1376,,0.0,0.0,0.0
1377,,0.0,0.0,0.0
1378,-8.91_3.40_-0.02_-23.50_20.59_-55.06_27.69_-10.44_34.94_0.4874_0.5574_-0.4284_0.5179end-8.91_3.40_-0.02_-23.50_20.59_-55.06_28.81_-11.12_35.31_0.4804_0.5553_-0.4289_0.5262end-8.90_3.30_-0.02_-23.50_20.59_-55.06_28.81_-11.12_35.31_0.4788_0.5552_-0.4291_0.5275end-8.87_3.25_-0.04_-23.50_20.59_-55.06_28.81_-11.12_35.31_0.4788_0.5552_-0.4291_0.5275end-8.87_3.25_-0.04_-19.02_-11.75_-28.87_28.44_-10.75_35.81_0.4788_0.5552_-0.4291_0.5275end-8.83_3.24_-0.06_-19.02_-11.75_-28.87_28.44_-10.75_35.81_0.4788_0.5552_-0.4291_0.5275end-8.83_3.24_-0.06_-17.79_-13.99_-25.96_28.44_-10.75_35.81_0.4714_0.5564_-0.4312_0.5312end-8.83_3.24_-0.06_-13.43_-14.21_-21.15_28.44_-10.38_36.25_0.4714_0.5564_-0.4312_0.5312end-8.83_3.24_-0.06_-12.53_-13.76_-20.70_28.44_-10.38_36.25_0.4714_0.5564_-0.4312_0.5312end-8.37_3.07_-0.21_-12.53_-13.76_-20.70_28.44_-10.38_36.25_0.4691_0.5569_-0.4320_0.5321end,0.0,0.0,0.0
1379,,0.0,0.0,0.0
1380,,0.0,0.0,0.0
1381,-8.37_3.07_-0.21_-12.53_-13.76_-20.70_28.81_-10.06_34.50_0.4656_0.5577_-0.4332_0.5334end-8.00_2.78_-0.24_-12.53_-13.76_-20.70_28.81_-10.06_34.50_0.4656_0.5577_-0.4332_0.5334end-7.86_2.71_-0.26_-12.53_-13.76_-20.70_29.56_-11.12_35.31_0.4623_0.5582_-0.4342_0.5350end-7.80_2.60_-0.30_-12.53_-13.76_-20.70_29.56_-11.12_35.31_0.4612_0.5582_-0.4346_0.5355end-7.51_2.43_-0.34_-12.53_-13.76_-20.70_28.81_-10.81_33.63_0.4612_0.5582_-0.4346_0.5355end-7.42_2.39_-0.32_-6.15_-8.84_-22.38_28.81_-10.81_33.63_0.4579_0.5585_-0.4359_0.5370end-7.33_2.29_-0.32_-6.15_-8.84_-22.38_28.81_-10.81_33.63_0.4568_0.5586_-0.4363_0.5375end-7.12_2.11_-0.30_-6.15_-8.84_-22.38_28.81_-10.81_33.63_0.4568_0.5586_-0.4363_0.5375end-7.14_2.04_-0.32_-6.15_-8.84_-22.38_29.19_-10.06_34.06_0.4568_0.5586_-0.4363_0.5375end-7.02_2.02_-0.32_-6.15_-8.84_-22.38_29.19_-10.06_34.06_0.4528_0.5591_-0.4378_0.5392end,0.0,0.0,0.0
1382,-6.99_2.05_-0.27_-6.15_-8.84_-22.38_29.87_-10.06_34.06_0.4528_0.5591_-0.4378_0.5392end-7.05_1.92_-0.26_-6.15_-8.84_-22.38_29.87_-10.06_34.06_0.4510_0.5594_-0.4384_0.5399end-7.07_1.83_-0.31_-7.16_-7.83_-11.97_29.87_-10.06_34.06_0.4510_0.5594_-0.4384_0.5399end-7.07_1.83_-0.31_-7.16_-7.83_-11.97_29.50_-9.75_32.75_0.4487_0.5601_-0.4387_0.5408end-7.12_1.63_-0.27_-7.16_-7.83_-11.97_29.50_-9.75_32.75_0.4481_0.5605_-0.4386_0.5411end-7.12_1.57_-0.23_-7.16_-7.83_-11.97_29.50_-9.75_32.75_0.4481_0.5605_-0.4386_0.5411end-7.18_1.55_-0.24_-7.16_-7.83_-11.97_29.50_-9.75_32.75_0.4472_0.5610_-0.4382_0.5416end-7.20_1.52_-0.20_-8.84_1.90_2.91_29.50_-9.75_32.75_0.4472_0.56,0.0,0.0,0.0
1383,10_-0.4382_0.5416end-7.27_1.48_-0.20_-8.84_1.90_2.91_29.50_-9.75_32.75_0.4467_0.5619_-0.4368_0.5422end-7.33_1.47_-0.18_-8.84_1.90_2.91_29.50_-9.75_32.75_0.4467_0.5622_-0.4362_0.5424end,0.0,0.0,0.0
1384,,0.0,0.0,0.0
1385,,0.0,0.0,0.0
1386,-7.44_1.40_-0.13_-8.84_1.90_2.91_29.50_-9.75_32.75_0.4467_0.5622_-0.4362_0.5424end-7.50_1.40_-0.13_-8.50_9.96_18.35_29.50_-9.75_32.75_0.4467_0.5622_-0.4362_0.5424end-7.50_1.40_-0.13_-8.50_9.96_18.35_29.87_-9.75_34.06_0.4477_0.5638_-0.4325_0.5428end-7.77_1.42_-0.13_-8.50_9.96_18.35_29.87_-9.75_34.06_0.4482_0.5643_-0.4314_0.5427end-7.81_1.47_-0.07_-8.28_7.50_30.21_29.12_-9.38_34.06_0.4482_0.5643_-0.4314_0.5427end-7.89_1.48_-0.10_-8.06_6.49_33.01_29.12_-9.38_34.06_0.4482_0.5643_-0.4314_0.5427end-7.89_1.48_-0.10_-8.06_6.49_33.01_29.19_-11.12_33.63_0.4504_0.5672_-0.4266_0.5417end-8.07_1.58_-0.11_-8.06_6.49_33.01_29.19_-11.12_33.63_0.4510_0.5681_-0.4254_0.54,0.0,0.0,0.0
1387,13end-8.19_1.58_-0.14_-8.06_6.49_33.01_29.19_-11.12_33.63_0.4510_0.5681_-0.4254_0.5413end-8.19_1.58_-0.14_-8.17_3.02_42.19_29.19_-11.12_33.63_0.4532_0.5709_-0.4213_0.5397end,0.0,0.0,0.0
1388,-8.45_1.61_-0.13_-8.17_3.02_42.19_29.19_-11.12_33.63_0.4539_0.5719_-0.4199_0.5391end-8.56_1.60_-0.13_-9.06_2.13_45.43_29.19_-11.12_33.63_0.4539_0.5719_-0.4199_0.5391end-8.63_1.58_-0.11_-9.18_2.69_47.45_29.19_-11.12_33.63_0.4539_0.5719_-0.4199_0.5391end-8.73_1.52_-0.14_-9.06_2.46_47.90_29.19_-11.12_33.63_0.4564_0.5750_-0.4155_0.5,0.0,0.0,0.0
1389,371end-8.73_1.52_-0.14_-9.06_2.46_47.90_29.19_-11.12_33.63_0.4581_0.5771_-0.4124_0.5357end-8.74_1.39_-0.11_-9.06_2.46_47.90_29.19_-11.12_33.63_0.4589_0.5782_-0.4109_0.5350end-8.78_1.24_-0.14_-9.29_3.25_49.24_29.19_-11.12_33.63_0.4589_0.5782_-0.4109_0.5350end-8.79_1.10_-0.08_-9.29_3.25_49.24_29.19_-11.12_33.63_0.4616_0.5814_-0.4062_0.5329end-8.78_1.04_-0.08_-9.06_4.70_49.57_29.19_-11.12_33.63_0.4625_0.5823_-0.4046_0.5322end-8.80_1.01_-0.05_-8.84_5.48_49.35_29.19_-11.12_33.63_0.4634_0.5833_-0.4031_0.5315end,0.0,0.0,0.0
1390,,0.0,0.0,0.0
1391,-8.83_0.96_-0.01_-8.84_5.48_49.35_29.19_-11.12_33.63_0.4634_0.5833_-0.4031_0.5315end-8.82_0.99_-0.01_-8.06_5.82_49.69_27.69_-12.88_33.63_0.4634_0.5833_-0.4031_0.5315end-8.89_1.02_0.00_-7.83_5.93_49.80_27.69_-12.88_33.63_0.4674_0.5871_-0.3966_0.5287end-8.94_1.07_0.00_-7.83_5.93_49.80_27.69_-12.88_33.63_0.4684_0.5881_-0.3950_0.5280end-9.07_1.05_-0.05_-7.83_5.93_49.80_27.69_-12.88_33.63_0.4695_0.5890_-0.3934_0.5272end-9.15_0.97_-0.07_-7.83_5.93_49.80_27.69_-12.88_33.63_0.4705_0.5900_-0.3918_0.5264end-9.16_0.91_-0.09_-6.15_6.38_54.72_27.69_-12.88_33.63_0.4705_0.5900_-0.3918_0.5264end-9.16_0.91_-0.09_-6.04_6.94_56.51_27.69_-12.88_33.63_0.4728_0.5919_-0.3884_0.5247end-9.16_0.91_-0.09_-6.04_6.94_56.51_28.06_-13.81_34.38_0.4753_0.5938_-0.3848_0.5229end-9.08_0.75_-0.05_-6.04_6.94_56.51_28.06_-13.81_34.38_0.4765_0.5948_-0.3830_0.5220end,0.0,0.0,0.0
1392,,0.0,0.0,0.0
1393,-9.07_0.51_0.00_-6.04_6.94_56.51_28.06_-13.81_34.38_0.4765_0.5948_-0.3830_0.5220end-9.07_0.51_0.00_-4.81_10.07_57.97_27.00_-14.56_34.00_0.4765_0.5948_-0.3830_0.5220end-9.15_0.39_0.03_-4.14_11.08_57.74_27.00_-14.56_34.00_0.4817_0.5983_-0.3756_0.5186end-9.17_0.35_0.04_-4.14_11.08_57.74_27.00_-14.56_34.00_0.4830_0.5991_-0.3738_0.5178end-9.25_0.21_0.13_-4.14_11.08_57.74_27.00_-14.56_34.00_0.4830_0.5991_-0.3738_0.5178end-9.29_0.18_0.09_-4.14_11.08_57.74_26.62_-15.56_33.56_0.4830_0.5991_-0.3738_0.5178end-9.29_0.18_0.09_-4.14_11.08_57.74_26.62_-15.56_33.56_0.4883_0.6022_-0.3668_0.5140end-9.46_0.30_0.02_-4.14_11.08_57.74_26.62_-15.56_33.56_0.4896_0.6031_-0.365,0.0,0.0,0.0
1394,2_0.5130end-9.49_0.30_0.09_-4.14_11.08_57.74_26.62_-15.56_33.56_0.4908_0.6039_-0.3636_0.5120end-9.54_0.39_0.01_-4.14_11.08_57.74_26.62_-15.56_33.56_0.4908_0.6039_-0.3636_0.5120end,0.0,0.0,0.0
1395,-9.60_0.36_0.02_-4.14_11.08_57.74_27.37_-15.94_33.56_0.4943_0.6066_-0.3591_0.5087end-9.67_0.39_0.00_-2.80_2.24_50.58_27.00_-15.56_34.38_0.4943_0.6066_-0.3591_0.5087end-9.73_0.40_-0.03_-2.80_2.24_50.58_27.00_-15.56_34.38_0.4953_0.6074_-0.3577_0.5078end-9.77_0.35_0.00_-2.80_2.24_50.58_26.62_-15.63_32.69_0.4953_0.6074_-0.3577_0.5078end-9.77_0.35_0.00_-4.03_6.15_47.56_26.62_-15.63_32.69_0.4984_0.6096_-0.3532_0.5052end-9.77_0.35_0.00_-6.04_9.96_44.20_26.62_-15.63_32.69_0.4984_0.6096_-0.3532_0.5052end-9.77_0.35_0.00_-6.04_9.96_44.20_26.62_-15.63_32.69_0.5002_0.6109_-0.3501_0.5040end-9.77_0.35_0.00_-7.50_13.32_41.29_26.62_-15.94_33.06_0.5002_0.6109_-0.3501_0.5040end-9.77_0.35_0.00_-7.50_13.32_41.29_26.25_-16.62_33.56_0.5029_0.6124_-0.3454_0.5027end-9.77_0.35_0.00_-9.06_13.99_36.59_26.25_-16.62_33.56_0.5037_0.6129_-0.3439_0.5024end,0.0,0.0,0.0
1396,,0.0,0.0,0.0
1397,,0.0,0.0,0.0
1398,-9.77_0.35_0.00_-9.06_13.99_36.59_26.25_-16.62_33.56_0.5051_0.6138_-0.3409_0.5019end-10.36_0.23_0.04_-9.06_13.99_36.59_25.88_-17.00_33.94_0.5058_0.6143_-0.3395_0.5016end-10.49_0.30_0.05_-9.40_10.85_33.68_25.88_-17.00_33.94_0.5058_0.6143_-0.3395_0.5016end-10.56_0.40_0.07_-9.40_10.85_33.68_25.62_-17.69_33.56_0.5076_0.6158_-0.3356_0.5006end-10.64_0.45_0.03_-9.40_10.85_33.68_25.25_-17.62_34.44_0.5081_0.6163_-0.3344_0.5002end-10.73_0.56_0.03_-9.40_10.85_33.68_25.25_-17.62_34.44_0.5081_0.6163_-0.3344_0.5002end-10.85_0.65_0.05_-9.40_10.85_33.68_25.25_-17.62_34.44_0.5081_0.6163_-0.3344_0.5002end-10.97_0.89_0.02_-9.40_10.85_33.68_25.25_-17.62_34.44_0.5081_0.616,0.0,0.0,0.0
1399,3_-0.3344_0.5002end-11.00_0.98_0.05_-10.07_5.93_23.61_25.25_-17.62_34.44_0.5098_0.6188_-0.3292_0.4988end-11.17_1.17_0.06_-10.52_7.50_19.58_26.25_-18.00_35.69_0.5098_0.6188_-0.3292_0.4988end,0.0,0.0,0.0
1400,,0.0,0.0,0.0
1401,,0.0,0.0,0.0
1402,-11.36_1.32_0.08_-10.52_7.50_19.58_26.25_-18.00_35.69_0.5103_0.6196_-0.3273_0.4986end-11.46_1.43_0.08_-10.18_9.40_16.34_26.25_-18.00_35.69_0.5103_0.6196_-0.3273_0.4986end-11.46_1.43_0.08_-10.18_9.40_16.34_25.25_-18.37_32.63_0.5109_0.6204_-0.3246_0.4988end-11.83_1.83_0.13_-10.18_9.40_16.34_25.25_-18.37_32.63_0.5110_0.6205_-0.3239_0.4990end-12.20_2.22_0.20_-10.18_9.40_16.34_24.50_-18.37_33.13_0.5110_0.6205_-0.3239_0.4990end-12.68_2.72_0.26_-10.18_9.40_16.34_24.50_-18.37_33.13_0.5110_0.6205_-0.3239_0.4990end-12.91_2.96_0.30_-10.18_9.40_16.34_24.50_-17.69_33.13_0.5121_0.6205_-0.3202_0.5003end-13.07_3.22_0.29_-10.18_9.40_16.34_24.50_-17.69_33.13_0.5125_0.6202_-0.3191_0.5007end-13.20_3.45_0.29_-10.18_9.40_16.34_23.75_-19.69_33.00_0.5131_0.6201_-0.3181_0.5012end-13.14_3.37_0.30_-10.18_9.40_16.34_24.12_-17.31_33.56_0.5136_0.6198_-0.3170_0.5016end,0.0,0.0,0.0
1403,,0.0,0.0,0.0
1404,-12.81_2.95_0.30_-10.18_9.40_16.34_24.12_-17.31_33.56_0.5147_0.6196_-0.3150_0.5019end-12.48_2.66_0.30_-10.18_9.40_16.34_24.12_-17.31_33.56_0.5151_0.6197_-0.3143_0.5018end-12.03_2.18_0.36_-10.18_9.40_16.34_24.12_-18.37_33.50_0.5151_0.6197_-0.3143_0.5018end-11.80_1.99_0.30_-3.36_-3.92_13.32_24.12_-18.37_33.50_0.5157_0.6207_-0.3130_0.5009end-11.03_1.48_0.36_-3.36_-3.92_13.32_23.75_-18.00_32.25_0.5157_0.6210_-0.3129_0.5005end-11.03_1.48_0.36_-3.36_-3.92_13.32_23.38_-18.00_31.75_0.5155_0.6213_-0.3130_0.5002end-10.56_1.32_0.44_-1.45_-12.76_-12.09_23.38_-18.00_31.75_0.5155_0.6213_-0.3130_0.5002end-10.20_1.24_0.50_-1.45_-12.76_-12.09_23.38_-18.00_31.75_0.5142_,0.0,0.0,0.0
1405,0.6219_-0.3146_0.4998end-10.06_1.29_0.46_-1.45_-12.76_-12.09_23.38_-18.00_31.75_0.5135_0.6220_-0.3155_0.4999end-9.79_1.33_0.54_-1.45_-12.76_-12.09_23.38_-18.00_31.75_0.5135_0.6220_-0.3155_0.4999end,0.0,0.0,0.0
1406,-9.54_1.43_0.54_-0.90_-18.02_-37.71_23.38_-18.00_31.75_0.5135_0.6220_-0.3155_0.4999end-9.54_1.43_0.54_-0.90_-18.02_-37.71_23.38_-18.00_31.75_0.5090_0.6217_-0.3211_0.5013end-9.15_1.68_0.51_-0.90_-18.02_-37.71_23.38_-18.00_31.75_0.5074_0.6215_-0.3229_0.5019end-9.15_1.68_0.51_-3.02_-26.19_-57.52_23.38_-18.00_31.75_0.5058_0.6214_-0.3250_0.5024end-8.83_1.78_0.41_-3.02_-26.19_-57.52_24.50_-17.00_32.63_0.5058_0.6214_-0.3250_0.5024end-8.66_1.83_0.38_-5.48_-28.76_-66.36_24.50_-17.00_32.63_0.5058_0.6214_-0.3250_0.5024end-8.58_1.87_0.36_-5.48_-28.76_-66.36_24.50_-17.00_32.63_0.4980_0.6206_-0.3340_0.5052end-8.40_1.88_0.39_-5.48_-28.76_-66.36_25.25_-17.00_32.63_0.4958_0.6204_-0.3364_0.5060end-8.27_1.96_0.44_-5.48_-28.76_-66.36_25.25_-17.00_32.63_0.4937_0.6201_-0.3387_0.5069end-8.20_2.00_0.46_-7.39_-26.30_-72.18_25.25_-17.00_32.63_0.4937_0.6201_-0.3387_0.5069end,0.0,0.0,0.0
1407,,0.0,0.0,0.0
1408,-8.11_2.06_0.48_-7.39_-26.30_-72.18_25.25_-16.62_31.37_0.4871_0.6191_-0.3458_0.5098end-8.10_2.06_0.52_-7.39_-26.30_-72.18_25.25_-16.62_31.37_0.4849_0.6187_-0.3481_0.5109end-8.15_2.16_0.62_-7.39_-26.30_-72.18_25.25_-16.62_31.37_0.4849_0.6187_-0.3481_0.5109end-8.18_2.24_0.64_-7.39_-26.30_-72.18_25.88_-17.00_32.25_0.4849_0.6187_-0.3481_0.5109end-8.23_2.31_0.68_-7.61_-17.57_-71.40_25.88_-17.00_32.25_0.4849_0.6187_-0.3481_0.5109end-8.23_2.31_0.68_-6.71_-16.56_-66.70_25.88_-17.00_32.25_0.4745_0.6160_-0.3586_0.5164end-8.35_2.53_0.77_-6.71_-16.56_-66.70_26.25_-15.63_30.50_0.4745_0.6160_-0.3586_0.5164end-8.35_2.53_0.77_-6.15_-17.01_-64.79_26.25_-15.63_30.50_0.4708_0.6151_-0.3625_0.5183end-8.35_2.53_0.77_-4.14_-22.38_-57.74_26.25_-15.63_30.50_0.4689_0.6146_-0.3645_0.5192end-8.69_2.96_0.98_-4.14_-22.38_-57.74_26.25_-15.63_30.50_0.4653_0.6140_-0.3683_0.5204end,0.0,0.0,0.0
1409,,0.0,0.0,0.0
1410,,0.0,0.0,0.0
1411,-8.75_3.01_1.00_-3.02_-28.31_-52.60_26.25_-15.63_30.50_0.4653_0.6140_-0.3683_0.5204end-8.75_3.01_1.00_-3.02_-28.31_-52.60_26.25_-15.63_30.50_0.4600_0.6137_-0.3742_0.5213end-8.96_3.19_0.93_-3.02_-28.31_-52.60_26.62_-15.63_30.50_0.4583_0.6138_-0.3760_0.5214end-9.21_3.41_0.94_-3.02_-28.31_-52.60_26.62_-15.63_30.50_0.4583_0.6138_-0.3760_0.5214end-9.21_3.41_0.94_-3.02_-28.31_-52.60_26.62_-15.63_30.50_0.4533_0.6143_-0.3816_0.5210end-9.33_3.61_0.89_-3.02_-28.31_-52.60_26.62_-15.63_30.50_0.4517_0.6146_-0.3834_0.5208end-9.51_3.79_0.97_-3.02_-28.31_-52.60_26.62_-15.63_30.50_0.4501_0.6148_-0.3851_0.5206end-9.55_3.82_1.02_-2.13_-33.01_-36.71_28.44_-13.88_30.12_0.4501_0.6148_-0.3851_0.5206end-9.55_3.82_1.02_-2.80_-29.66_-35.36_28.44_-13.94_29.19_0.4501_0.6148_-0.3851_0.5206end-9.55_3.82_1.02_-2.80_-29.66_-35.36_28.44_-13.94_29.19_0.4445_0.6154_-0.3911_0.5204end,0.0,0.0,0.0
1412,,0.0,0.0,0.0
1413,,0.0,0.0,0.0
1414,-9.72_3.87_1.21_-3.47_-21.15_-32.56_28.44_-13.94_29.19_0.4432_0.6154_-0.3923_0.5205end-9.79_3.86_1.28_-4.25_-17.68_-30.66_28.44_-13.94_29.19_0.4432_0.6154_-0.3923_0.5205end-9.79_3.86_1.28_-4.25_-17.68_-30.66_28.44_-13.94_29.19_0.4397_0.6153_-0.3958_0.5210end-9.79_3.86_1.34_-5.82_-16.79_-28.98_28.44_-13.94_29.19_0.4386_0.6153_-0.3968_0.5212end-9.59_3.83_1.43_-5.82_-16.79_-28.98_28.44_-13.94_29.19_0.4386_0.6153_-0.3968_0.5212end-9.59_3.83_1.43_-6.83_-19.36_-27.42_28.81_-13.62_29.63_0.4351_0.6155_-0.3997_0.5216end-9.50_3.82_1.50_-6.83_-19.36_-27.42_28.81_-13.62_29.63_0.4338_0.6157_-0.4007_0.5217end-9.20_3.62_1.57_-6.83_-19.36_-27.42_28.81_-13.62_29.63_0.4338_0.6157_-0.4007_0.5217end-9.20_3.62_1.57_-6.83_-19.36_-27.42_29.19_-13.31_28.31_0.4315_0.6160_-0.4026_0.5217end-9.20_3.62_1.57_-6.83_-19.36_-27.42_29.19_-13.31_28.31_0.4302_0.6163_-0.4036_0.5217end,0.0,0.0,0.0
1415,,0.0,0.0,0.0
1416,,0.0,0.0,0.0
1417,,0.0,0.0,0.0
1418,-9.20_3.62_1.57_-6.83_-19.36_-27.42_29.19_-13.31_28.31_0.4289_0.6165_-0.4047_0.5218end-8.62_3.21_1.59_-6.83_-19.36_-27.42_29.19_-13.31_28.31_0.4276_0.6168_-0.4056_0.5217end-8.62_3.21_1.59_-6.83_-19.36_-27.42_29.19_-13.31_28.31_0.4236_0.6177_-0.4086_0.5217end-8.45_3.11_1.57_-6.83_-19.36_-27.42_29.19_-13.31_28.31_0.4222_0.6180_-0.4096_0.5215end-8.15_2.90_1.50_-6.83_-19.36_-27.42_29.19_-13.31_28.31_0.4207_0.6185_-0.4107_0.5214end-8.15_2.90_1.50_-12.65_-32.45_-25.74_29.19_-13.31_28.31_0.4207_0.6185_-0.4107_0.5214end-7.84_2.76_1.41_-12.65_-32.45_-25.74_29.19_-13.31_28.31_0.4207_0.6185_-0.4107_0.5214end-7.84_2.76_1.41_-12.65_-32.45_-25.74_29.19_-12.25_28.38_0.4160_0.6201_-0.4138_0.5208end-7.84_2.76_1.41_-17.23_-35.25_-24.84_29.19_-12.25_28.38_0.4125_0.6215_-0.4156_0.5204end-7.84_2.76_1.41_-20.59_-34.24_-24.51_29.19_-12.25_28.38_0.4125_0.6215_-0.4156_0.5204end,0.0,0.0,0.0
1419,,0.0,0.0,0.0
1420,,0.0,0.0,0.0
1421,-7.84_2.76_1.41_-22.60_-32.56_-23.72_29.19_-12.25_28.38_0.4091_0.6229_-0.4173_0.5202end-7.84_2.76_1.41_-24.62_-29.66_-23.16_29.87_-11.56_27.94_0.4091_0.6229_-0.4173_0.5202end-7.84_2.76_1.41_-28.65_-22.94_-21.49_29.87_-11.56_27.94_0.4039_0.6249_-0.4189_0.5205end-6.87_2.41_1.00_-28.65_-22.94_-21.49_29.87_-11.56_27.13_0.4022_0.6255_-0.4192_0.5208end-6.79_2.37_0.93_-28.65_-22.94_-21.49_29.87_-11.56_27.13_0.4005_0.6262_-0.4194_0.5212end-6.71_2.36_0.87_-35.03_-10.97_-17.68_29.87_-11.56_27.13_0.4005_0.6262_-0.4194_0.5212end-6.58_2.33_0.90_-37.04_-6.94_-15.78_29.87_-11.56_27.13_0.3958_0.6277_-0.4189_0.5233end-6.60_2.29_0.90_-37.04_-6.94_-15.78_31.00_-12.25_26.62_0.3944_0.6282_-0.4183_0.5242end-6.63_2.26_0.88_-37.04_-6.94_-15.78_31.00_-12.25_26.62_0.3931_0.6287_-0.4177_0.5251end-6.63_2.20_0.82_-37.04_-6.94_-15.78_31.00_-12.25_26.62_0.3918_0.6292_-0.4167_0.5262end,0.0,0.0,0.0
1422,-6.62_2.18_0.82_-46.78_17.68_0.00_31.00_-12.25_26.62_0.3918_0.6292_-0.4167_0.5262end-6.62_2.18_0.82_-46.78_17.68_0.00_31.00_-12.25_26.62_0.3887_0.6304_-0.4130_0.5301end-6.72_2.18_0.82_-46.78_17.68_0.00_31.00_-12.25_26.62_0.3878_0.6308_-0.4114_0.5314end-6.79_2.18_0.75_-46.78_17.68_0.00_31.00_-12.25_26.62_0.3871_0.6312_-0.4097_0.5328end-6.86_2.18_0.76_-46.78_17.68_0.00_30.25_-13.00_26.19_0.3871_0.6312_-0.4097_0.5328end-6.86_2.18_0.76_-52.04_32.90_21.04_30.25_-12.25_25.75_0.3858_0.6321_-0.4058_0.5356end-6.86_2.18_0.76_-52.04_32.90_21.04_30.25_-12.25_25.75_0.3851_0.6331_-0.4012_0.5385end-7.25_2.21_0.75_-52.04_32.90_21.04_29.19_-12.94_26.62_0.3851_0.6331_-0.4012_0.5385end-7.35_2.22_0.77_-52.60_39.06_32.01_29.19_-12.94_26.62_0.3851_0.6331_-0.4012_0.5385end-7.56_2.28_0.75_-52.60_39.06_32.01_30.31_-13.94_27.06_0.3848_0.6346_-0.3932_0.5427end,0.0,0.0,0.0
1423,,0.0,0.0,0.0
1424,,0.0,0.0,0.0
1425,-7.63_2.28_0.72_-52.60_39.06_32.01_30.31_-13.94_27.06_0.3850_0.6358_-0.3873_0.5455end-7.84_2.39_0.69_-52.60_39.06_32.01_30.31_-13.94_27.06_0.3850_0.6358_-0.3873_0.5455end-8.03_2.43_0.72_-52.60_39.06_32.01_30.31_-13.94_27.06_0.3850_0.6358_-0.3873_0.5455end-8.13_2.49_0.68_-51.81_38.83_49.91_30.31_-13.94_27.06_0.3850_0.6358_-0.3873_0.5455end-8.19_2.47_0.68_-51.81_38.83_49.91_30.31_-13.94_27.06_0.3863_0.6385_-0.3745_0.5503end-8.44_2.39_0.64_-51.81_38.83_49.91_30.31_-13.94_27.06_0.3871_0.6401_-0.3680_0.5522end-8.47_2.36_0.63_-49.57_33.57_52.93_30.31_-13.94_27.06_0.3871_0.6401_-0.3680_0.5522end-8.53_2.27_0.64_-47.78_29.32_54.05_30.31_-13.94_27.06_0.3871_0.6401_-0.3680_0.5522end-8.68_2.23_0.57_-47.78_29.32_54.05_27.75_-17.06_26.56_0.3884_0.6428_-0.3585_0.5544end-8.74_2.18_0.59_-46.22_27.19_54.72_27.75_-17.06_26.56_0.3884_0.6428_-0.3585_0.5544end,0.0,0.0,0.0
1426,,0.0,0.0,0.0
1427,-8.74_2.18_0.59_-46.22_27.19_54.72_27.00_-17.75_26.12_0.3897_0.6458_-0.3494_0.5558end-8.98_2.03_0.45_-46.22_27.19_54.72_27.00_-17.75_26.12_0.3897_0.6458_-0.3494_0.5558end-8.98_2.03_0.45_-39.73_17.46_55.17_27.00_-17.75_26.12_0.3907_0.6479_-0.3436_0.5563end-8.98_2.03_0.45_-37.94_14.55_55.06_27.00_-17.75_26.12_0.3911_0.6490_-0.3409_0.5565end-9.13_1.91_0.26_-37.94_14.55_55.06_27.00_-17.75_26.12_0.3917_0.6501_-0.3382_0.5564end-9.13_1.91_0.26_-33.57_5.82_55.28_27.00_-17.75_26.12_0.3921_0.6513_-0.3356_0.5563end-9.31_1.98_0.30_-33.57_5.82_55.28_27.00_-17.75_26.12_0.3921_0.6513_-0.3356_0.5563end-9.31_1.95_0.27_-30.77_0.34_55.06_27.00_-17.75_26.12_0.3921_0.6513_,0.0,0.0,0.0
1428,-0.3356_0.5563end-9.37_1.93_0.30_-29.32_-3.69_54.83_25.94_-19.44_26.12_0.3921_0.6513_-0.3356_0.5563end-9.39_1.96_0.36_-27.75_-7.50_54.72_25.94_-19.44_26.12_0.3948_0.6593_-0.3220_0.5530end,0.0,0.0,0.0
1429,,0.0,0.0,0.0
1430,-9.38_1.93_0.38_-27.75_-7.50_54.72_26.31_-18.81_26.94_0.3952_0.6608_-0.3201_0.5519end-9.30_1.79_0.43_-27.75_-7.50_54.72_26.31_-18.81_26.94_0.3952_0.6608_-0.3201_0.5519end-9.30_1.79_0.43_-27.75_-7.50_54.72_26.31_-18.81_26.94_0.3956_0.6625_-0.3184_0.5507end-9.13_1.62_0.44_-27.75_-7.50_54.72_26.31_-18.81_26.94_0.3964_0.6682_-0.3137_0.5458end-9.13_1.62_0.44_-27.75_-7.50_54.72_26.31_-19.81_24.81_0.3966_0.6702_-0.3124_0.5440end-9.16_1.41_0.37_-27.75_-7.50_54.72_26.31_-19.81_24.81_0.3970_0.6722_-0.3110_0.5421end-9.16_1.41_0.37_-14.77_-33.68_55.51_26.31_-19.81_24.81_0.3970_0.6722_-0.3110_0.5421end-9.10_1.37_0.30_-14.77_-33.68_55.51_26.31_-19.81_24.81_0.3984_0.,0.0,0.0,0.0
1431,6772_-0.3070_0.5370end-9.13_1.34_0.21_-14.77_-33.68_55.51_26.31_-19.81_24.81_0.3990_0.6786_-0.3055_0.5356end-9.24_1.40_0.24_-14.77_-33.68_55.51_26.31_-19.81_24.81_0.3990_0.6786_-0.3055_0.5356end,0.0,0.0,0.0
1432,-9.24_1.40_0.24_-14.77_-33.68_55.51_26.31_-19.81_24.81_0.4017_0.6813_-0.3009_0.5328end-9.33_1.52_0.36_-3.80_12.20_46.11_26.31_-19.81_24.81_0.4017_0.6813_-0.3009_0.5328end-9.38_1.54_0.48_-3.80_12.20_46.11_26.31_-19.81_24.81_0.4028_0.6818_-0.2993_0.5323end-9.46_1.50_0.50_-1.57_18.46_44.20_26.31_-19.81_24.81_0.4028_0.6818_-0.2993_0.5323end-9.46_1.50_0.50_0.67_20.25_43.20_25.94_-22.25_25.19_0.4064_0.6824_-0.2944_0.5314end-9.58_1.52_0.68_0.67_20.25_43.20_25.94_-22.25_25.19_0.4090_0.6826_-0.2913_0.5309end-9.55_1.58_0.67_0.67_20.25_43.20_25.94_-22.25_25.19_0.4104_0.6826_-0.2897_0.5308end-9.77_1.62_0.81_0.67_20.25_43.20_25.94_-22.25_25.19_0.4117_0.6826_-0.2883,0.0,0.0,0.0
1433,_0.5305end-9.75_1.65_0.74_0.67_20.25_43.20_25.25_-22.25_26.06_0.4117_0.6826_-0.2883_0.5305end-9.75_1.65_0.74_0.67_20.25_43.20_25.62_-21.87_27.00_0.4145_0.6825_-0.2855_0.5300end,0.0,0.0,0.0
1434,-9.87_1.77_0.78_0.67_20.25_43.20_25.62_-21.87_27.00_0.4172_0.6823_-0.2829_0.5295end-9.87_1.77_0.78_0.67_20.25_43.20_24.87_-21.87_26.06_0.4187_0.6821_-0.2817_0.5292end-10.01_1.77_0.83_0.67_20.25_43.20_24.87_-21.87_26.06_0.4202_0.6819_-0.2805_0.5289end-10.01_1.77_0.83_0.67_20.25_43.20_23.44_-22.56_26.50_0.4202_0.6819_-0.2805_0.5289end-10.01_1.77_0.83_17.23_15.00_32.68_23.44_-22.56_26.50_0.4230_0.6814_-0.2785_0.5284end-10.01_1.77_0.83_17.23_15.00_32.68_23.44_-22.56_26.50_0.4230_0.6814_-0.2785_0.5284end-10.01_1.71_0.86_17.57_12.76_31.67_23.44_-22.56_26.50_0.4260_0.6809_-0.2768_0.5276end-10.01_1.71_0.86_17.57_12.76_31.67_23.44_-22.56_26.50_0.4274_0.6807_-0.2761_0.5271end-10.11_1.65_0.86_17.57_12.76_31.67_23.44_-21.87_26.50_0.4274_0.6807_-0.2761_0.5271end-10.13_1.65_0.79_17.57_12.76_31.67_23.06_-22.19_25.62_0.4326_0.6801_-0.2744_0.5244end,0.0,0.0,0.0
1435,,0.0,0.0,0.0
1436,,0.0,0.0,0.0
1437,-10.22_1.73_0.79_17.57_12.76_31.67_23.06_-22.19_25.62_0.4339_0.6800_-0.2742_0.5236end-10.40_2.00_0.85_17.57_12.76_31.67_23.06_-22.19_25.62_0.4339_0.6800_-0.2742_0.5236end-10.62_2.31_0.93_21.60_0.00_21.71_23.06_-22.19_25.62_0.4339_0.6800_-0.2742_0.5236end-10.78_2.51_0.93_21.60_0.00_21.71_23.06_-23.25_26.94_0.4387_0.6793_-0.2737_0.5208end-11.00_2.71_0.96_23.72_9.74_19.36_23.06_-23.25_26.94_0.4399_0.6789_-0.2736_0.5204end-11.47_3.27_1.09_23.72_9.74_19.36_22.31_-21.87_26.50_0.4412_0.6783_-0.2734_0.5200end-11.75_3.52_1.19_23.72_9.74_19.36_22.31_-21.87_26.50_0.4412_0.6783_-0.2734_0.5200end-12.22_3.95_1.25_23.72_9.74_19.36_22.31_-21.87_26.50_0.4412_0.6783_-0.2734_0.5200end-12.39_4.06_1.29_30.44_28.54_22.94_22.31_-21.87_26.50_0.4479_0.6749_-0.2718_0.5196end-12.64_4.25_1.38_30.44_28.54_22.94_22.31_-21.87_26.50_0.4498_0.6740_-0.2712_0.5195end,0.0,0.0,0.0
1438,,0.0,0.0,0.0
1439,-12.67_4.08_1.39_30.44_28.54_22.94_23.06_-22.19_26.94_0.4518_0.6730_-0.2707_0.5193end-12.52_3.77_1.47_35.92_19.70_32.01_23.06_-22.19_26.94_0.4518_0.6730_-0.2707_0.5193end-12.36_3.49_1.48_36.71_11.86_33.68_20.88_-21.81_27.37_0.4518_0.6730_-0.2707_0.5193end-12.17_3.20_1.53_37.38_3.02_34.02_20.88_-21.81_27.37_0.4597_0.6707_-0.2695_0.5161end-11.70_2.67_1.50_37.38_3.02_34.02_20.88_-21.81_27.37_0.4615_0.6705_-0.2697_0.5145end-11.70_2.67_1.50_37.38_3.02_34.02_23.44_-21.81_28.69_0.4631_0.6705_-0.2701_0.5129end-11.14_2.21_1.41_37.38_3.02_34.02_23.44_-21.81_28.69_0.4646_0.6705_-0.2707_0.5111end-11.14_2.21_1.41_37.38_3.02_34.02_23.44_-21.81_28.69_0.4672_0.6707_-0,0.0,0.0,0.0
1440,.2728_0.5074end-10.72_1.91_1.23_37.38_3.02_34.02_23.44_-21.81_28.69_0.4682_0.6708_-0.2742_0.5056end-10.13_1.71_0.97_37.38_3.02_34.02_23.44_-21.81_28.69_0.4682_0.6708_-0.2742_0.5056end,0.0,0.0,0.0
1441,,0.0,0.0,0.0
1442,,0.0,0.0,0.0
1443,-9.96_1.64_0.94_40.96_-41.63_-5.37_23.44_-21.81_28.69_0.4682_0.6708_-0.2742_0.5056end-9.96_1.64_0.94_40.96_-41.63_-5.37_23.44_-21.81_28.69_0.4707_0.6708_-0.2820_0.4990end-9.17_1.36_0.53_40.96_-41.63_-5.37_23.44_-21.81_28.69_0.4709_0.6706_-0.2842_0.4977end-9.00_1.31_0.43_35.70_-37.82_-28.65_23.44_-21.81_28.69_0.4709_0.6706_-0.2842_0.4977end-8.80_1.28_0.36_33.57_-35.92_-33.35_23.44_-21.81_28.69_0.4709_0.6706_-0.2842_0.4977end-8.80_1.28_0.36_33.57_-35.92_-33.35_23.44_-21.81_28.69_0.4703_0.6693_-0.2942_0.4943end-8.09_1.07_0.36_33.57_-35.92_-33.35_23.44_-21.81_28.69_0.4703_0.6693_-0.2942_0.4943end-7.90_1.03_0.32_25.40_-27.42_-47.11_23.44_-20.44_27.44_0.4703_0.6693_-0.2942_0.4943end-7.59_0.93_0.32_25.40_-27.42_-47.11_23.44_-19.75_26.56_0.4686_0.6677_-0.3018_0.4935end-7.45_0.96_0.41_21.26_-22.72_-50.92_23.44_-19.75_26.56_0.4671_0.6664_-0.3066_0.4935end,0.0,0.0,0.0
1444,,0.0,0.0,0.0
1445,-7.34_0.92_0.38_21.26_-22.72_-50.92_23.44_-19.75_26.56_0.4664_0.6658_-0.3090_0.4938end-7.17_0.88_0.50_21.26_-22.72_-50.92_23.44_-19.75_26.56_0.4664_0.6658_-0.3090_0.4938end-7.17_0.88_0.50_17.68_-14.21_-52.93_23.44_-19.75_26.56_0.4647_0.6642_-0.3135_0.4946end-7.05_0.95_0.54_17.68_-14.21_-52.93_23.44_-19.75_26.56_0.4640_0.6633_-0.3156_0.4951end-7.05_0.95_0.54_15.44_-3.58_-50.47_23.44_-19.75_26.56_0.4640_0.6633_-0.3156_0.4951end-7.02_1.09_0.68_15.22_-0.34_-49.01_24.87_-19.44_27.00_0.4640_0.6633_-0.3156_0.4951end-7.02_1.09_0.68_15.22_-0.34_-49.01_24.87_-19.44_27.00_0.4615_0.6595_-0.3225_0.4980end-7.64_1.69_0.85_15.22_-0.34_-49.01_24.87_-19.44_27.00_0.4612_,0.0,0.0,0.0
1446,0.6584_-0.3240_0.4989end-7.77_1.84_0.91_14.88_11.64_-37.15_24.87_-19.44_27.00_0.4612_0.6584_-0.3240_0.4989end-7.77_1.84_0.91_14.88_13.54_-33.46_24.87_-19.44_27.00_0.4608_0.6552_-0.3274_0.5013end,0.0,0.0,0.0
1447,-8.14_2.31_1.00_14.88_16.00_-25.51_24.87_-19.44_27.00_0.4609_0.6541_-0.3282_0.5020end-8.54_2.69_1.00_14.88_16.00_-25.51_24.87_-19.44_27.00_0.4611_0.6531_-0.3290_0.5027end-8.54_2.69_1.00_14.88_16.00_-25.51_24.87_-19.44_27.00_0.4617_0.6512_-0.3301_0.5037end-9.06_3.44_1.25_16.00_13.99_-9.40_23.75_-17.37_28.25_0.4621_0.6505_-0.3306_0.5041end-9.57_3.86_1.37_16.00_13.99_-9.40_23.75_-17.37_28.25_0.4626_0.6497_-0.3309_0.5043end-9.69_3.93_1.37_17.57_9.74_-2.80_23.75_-17.37_28.25_0.4626_0.6497_-0.3309_0.5043end-9.69_3.93_1.37_18.69_3.92_2.46_24.50_-17.75_27.87_0.4638_0.6485_-0.3315_0.5044end-9.69_3.93_1.37_18.69_3.92_2.46_24.50_-17.75_27.87_0.4651_0.6476_-0.3322,0.0,0.0,0.0
1448,_0.5039end-10.21_4.26_1.52_19.02_-3.69_6.38_24.50_-17.75_27.87_0.4658_0.6474_-0.3325_0.5034end-10.41_4.34_1.55_19.02_-3.69_6.38_23.75_-17.75_27.44_0.4658_0.6474_-0.3325_0.5034end,0.0,0.0,0.0
1449,,0.0,0.0,0.0
1450,-10.48_4.38_1.55_19.02_-3.69_6.38_24.50_-17.75_27.87_0.4675_0.6472_-0.3339_0.5011end-10.55_4.35_1.51_19.02_-3.69_6.38_23.75_-17.37_27.87_0.4680_0.6473_-0.3345_0.5001end-10.54_4.30_1.47_19.02_-3.69_6.38_23.75_-17.37_27.87_0.4684_0.6475_-0.3351_0.4991end-10.51_4.21_1.44_19.02_-3.69_6.38_25.25_-17.75_27.87_0.4687_0.6477_-0.3359_0.4979end-10.38_4.04_1.32_19.02_-3.69_6.38_25.25_-17.75_27.87_0.4687_0.6477_-0.3359_0.4979end-10.38_4.04_1.32_14.10_-28.09_-2.13_25.25_-17.75_27.87_0.4690_0.6483_-0.3376_0.4957end-10.01_3.87_1.19_14.10_-28.09_-2.13_25.25_-17.75_27.87_0.4689_0.6489_-0.3396_0.4937end-10.01_3.87_1.19_9.85_-27.86_-8.17_25.25_-17.75_27.87_0.4689_0.6489_-0.3396_0.4937end-9.89_3.83_1.17_9.85_-27.86_-8.17_25.25_-17.75_27.87_0.4678_0.6497_-0.3427_0.4915end-9.42_3.49_1.06_9.85_-27.86_-8.17_24.12_-17.06_27.06_0.4672_0.6500_-0.3438_0.4910end,0.0,0.0,0.0
1451,,0.0,0.0,0.0
1452,,0.0,0.0,0.0
1453,-9.05_3.22_0.96_9.85_-27.86_-8.17_24.12_-17.06_27.06_0.4672_0.6500_-0.3438_0.4910end-8.68_2.97_0.87_9.85_-27.86_-8.17_24.12_-17.06_27.06_0.4647_0.6508_-0.3469_0.4901end-8.49_2.87_0.91_9.85_-27.86_-8.17_24.87_-16.69_25.69_0.4636_0.6511_-0.3478_0.4901end-8.13_2.68_0.89_9.85_-27.86_-8.17_24.87_-16.69_25.69_0.4636_0.6511_-0.3478_0.4901end-7.95_2.59_0.91_-15.33_-14.10_-25.74_24.87_-16.69_25.69_0.4636_0.6511_-0.3478_0.4901end-7.95_2.59_0.91_-15.33_-14.10_-25.74_25.56_-15.69_26.19_0.4601_0.6517_-0.3501_0.4909end-7.41_2.37_0.90_-15.33_-14.10_-25.74_25.56_-15.69_26.19_0.4601_0.6517_-0.3501_0.4909end-7.41_2.37_0.90_-25.40_-2.91_-26.07_24.50_-16.37_25.69_0.4601_0.6517_-0.3501_0.4909end-7.41_2.37_0.90_-25.40_-2.91_-26.07_24.50_-16.37_25.69_0.4550_0.6524_-0.3517_0.4937end-7.16_2.34_0.92_-25.40_-2.91_-26.07_24.50_-16.37_25.69_0.4523_0.6528_-0.3517_0.4957end,0.0,0.0,0.0
1454,,0.0,0.0,0.0
1455,-7.05_2.33_0.90_-25.40_-2.91_-26.07_24.50_-16.37_25.69_0.4510_0.6529_-0.3515_0.4968end-6.97_2.37_0.85_-25.40_-2.91_-26.07_24.50_-16.37_25.69_0.4510_0.6529_-0.3515_0.4968end-6.96_2.39_0.85_-25.40_-2.91_-26.07_25.62_-16.37_25.69_0.4473_0.6534_-0.3500_0.5004end-6.96_2.37_0.88_-39.73_17.01_-12.31_25.62_-16.37_25.69_0.4462_0.6536_-0.3493_0.5017end-6.96_2.34_0.87_-39.73_17.01_-12.31_25.62_-16.37_25.69_0.4451_0.6539_-0.3484_0.5030end-7.00_2.26_0.73_-39.73_17.01_-12.31_25.62_-16.37_25.69_0.4451_0.6539_-0.3484_0.5030end-7.00_2.21_0.78_-42.30_22.38_-3.69_25.62_-16.37_25.69_0.4451_0.6539_-0.3484_0.5030end-7.00_2.21_0.78_-42.30_22.38_-3.69_25.62_-16.37_25.69_0.4412_0.6550_-0.3434_0.5083end-7.14_2.15_0.71_-44.20_26.75_4.81_25.62_-16.37_25.69_0.4404_0.6553_-0.3419_0.5096end-7.22_2.14_0.59_-44.20_26.75_4.81_25.62_-16.37_25.69_0.4398_0.6556_-0.3402_0.5109end,0.0,0.0,0.0
1456,,0.0,0.0,0.0
1457,-7.27_2.23_0.57_-45.43_28.54_10.97_25.62_-16.37_25.69_0.4398_0.6556_-0.3402_0.5109end-7.27_2.23_0.57_-45.43_28.54_10.97_23.06_-17.75_26.12_0.4385_0.6564_-0.3365_0.5134end-7.46_2.29_0.48_-45.43_28.54_10.97_23.06_-17.75_26.12_0.4374_0.6574_-0.3324_0.5157end-7.52_2.29_0.41_-45.43_28.54_10.97_23.06_-17.75_26.12_0.4369_0.6580_-0.3301_0.5169end-7.58_2.27_0.38_-45.43_28.54_10.97_23.44_-18.81_26.12_0.4369_0.6580_-0.3301_0.5169end-7.66_2.26_0.34_-49.80_28.09_27.08_23.44_-18.81_26.12_0.4355_0.6600_-0.3231_0.5199end-7.73_2.25_0.36_-50.58_29.99_31.22_23.44_-18.81_26.12_0.4352_0.6607_-0.3205_0.5209end-7.82_2.25_0.36_-50.58_29.99_31.22_23.44_-18.81_26.12_0.4352_0.6607_-0.3205_0.5209end-7.82_2.25_0.36_-51.36_33.80_34.80_23.44_-18.81_26.12_0.4347_0.6621_-0.3152_0.5228end-7.98_2.28_0.24_-51.36_33.80_34.80_23.44_-18.81_26.12_0.4345_0.6628_-0.3123_0.5239end,0.0,0.0,0.0
1458,,0.0,0.0,0.0
1459,,0.0,0.0,0.0
1460,-7.98_2.28_0.24_-51.36_41.07_39.06_23.44_-18.81_26.12_0.4343_0.6634_-0.3093_0.5249end-7.98_2.28_0.24_-51.36_41.07_39.06_24.50_-19.81_25.25_0.4343_0.6646_-0.3031_0.5272end-7.98_2.28_0.24_-51.25_43.76_40.73_24.50_-19.81_25.25_0.4343_0.6650_-0.3000_0.5283end-8.66_2.12_0.25_-51.25_43.76_40.73_24.50_-19.81_25.25_0.4343_0.6655_-0.2968,0.0,0.0,0.0
1461,_0.5295end-8.74_2.11_0.24_-50.69_43.64_42.86_24.50_-19.81_25.25_0.4344_0.6660_-0.2936_0.5306end-8.74_2.11_0.24_-50.69_43.64_42.86_24.50_-19.81_25.25_0.4346_0.6671_-0.2871_0.5327end-8.99_2.03_0.22_-50.69_43.64_42.86_24.50_-19.81_25.25_0.4346_0.6676_-0.2840_0.5336end-9.09_2.09_0.24_-49.91_37.71_44.31_24.50_-19.81_25.25_0.4346_0.6676_-0.2840_0.5336end-9.15_2.13_0.22_-49.57_35.70_44.31_24.50_-19.81_25.25_0.4346_0.6676_-0.2840_0.5336end-9.24_2.10_0.26_-49.57_35.70_44.31_22.31_-21.50_25.69_0.4346_0.6676_-0.2840_0.5336end,0.0,0.0,0.0
1462,-9.41_2.10_0.22_-48.57_32.68_44.09_22.31_-21.50_25.69_0.4347_0.6709_-0.2684_0.5374end-9.43_2.12_0.18_-48.57_32.68_44.09_22.31_-21.50_25.69_0.4346_0.6716_-0.2655_0.5381end-9.54_2.08_0.16_-48.57_32.68_44.09_22.31_-21.50_25.69_0.4346_0.6716_-0.2655_0.5381end-9.66_2.10_0.20_-48.57_32.68_44.09_20.88_-22.19_25.62_0.4342_0.6739_-0.2570_0.5397end-9.64_2.06_0.20_-47.67_23.50_37.49_20.88_-22.19_25.62_0.4340_0.6747_-0.2543_0.5402end-9.63_2.08_0.17_-47.67_23.50_37.49_20.19_-22.56_25.69_0.4337_0.6754_-0.2517_0.5407end-9.63_2.02_0.21_-47.67_23.50_37.49_20.19_-22.56_25.69_0.4333_0.6762_-0.2491_0.5413end-9.57_1.96_0.24_-47.78_20.81_30.44_20.19_-22.56_25.69_0.4333_0.67,0.0,0.0,0.0
1463,62_-0.2491_0.5413end-9.50_1.84_0.26_-47.78_20.81_30.44_20.19_-22.56_25.69_0.4318_0.6784_-0.2421_0.5429end-9.50_1.83_0.30_-47.78_20.81_30.44_20.19_-22.56_25.69_0.4312_0.6790_-0.2399_0.5435end,0.0,0.0,0.0
1464,,0.0,0.0,0.0
1465,,0.0,0.0,0.0
1466,-9.51_1.73_0.32_-47.78_20.81_30.44_20.19_-22.56_25.69_0.4312_0.6790_-0.2399_0.5435end-9.51_1.71_0.34_-45.43_19.92_16.67_20.19_-22.56_25.69_0.4312_0.6790_-0.2399_0.5435end-9.49_1.75_0.38_-44.54_19.47_14.55_20.19_-22.56_25.69_0.4312_0.6790_-0.2399_0.5435end-9.49_1.75_0.38_-44.54_19.47_14.55_19.87_-24.63_24.37_0.4283_0.6813_-0.2322_0.5463end-9.49_1.75_0.38_-43.87_17.68_10.41_19.87_-24.63_24.37_0.4265_0.6823_-0.2289_0.5479end-9.57_1.66_0.48_-43.87_17.68_10.41_19.19_-23.25_25.19_0.4265_0.6823_-0.2289_0.5479end-9.57_1.66_0.48_-42.30_12.53_5.48_19.19_-23.25_25.19_0.4265_0.6823_-0.2289_0.5479end-9.57_1.66_0.48_-42.30_12.53_5.48_19.19_-23.25_25.19_0.4236_0.6839_-0.2245_0.5499end-9.57_1.66_0.48_-41.18_8.17_3.47_19.19_-23.25_25.19_0.4226_0.6844_-0.2233_0.5505end-9.66_1.57_0.60_-41.18_8.17_3.47_19.19_-23.25_25.19_0.4215_0.6851_-0.2221_0.5511end,0.0,0.0,0.0
1467,,0.0,0.0,0.0
1468,,0.0,0.0,0.0
1469,-9.66_1.57_0.60_-41.18_8.17_3.47_19.19_-23.25_25.19_0.4193_0.6864_-0.2200_0.5520end-9.77_1.48_0.69_-41.18_8.17_3.47_19.19_-25.31_23.44_0.4193_0.6864_-0.2200_0.5520end-9.89_1.54_0.71_-38.38_-0.34_-1.45_19.19_-25.31_23.44_0.4193_0.6864_-0.2200_0.5520end-9.89_1.54_0.71_-38.38_-0.34_-1.45_19.19_-25.31_23.44_0.4145_0.6891_-0.2166_0.5535end-9.89_1.54_0.79_-36.59_-5.04_-5.04_19.19_-24.94_23.00_0.4133_0.6899_-0.2159_0.5537end-9.97_1.52_0.79_-36.59_-5.04_-5.04_19.19_-24.94_23.00_0.4133_0.6899_-0.2159_0.5537end-10.07_1.50_0.79_-36.59_-5.04_-5.04_19.19_-24.94_23.00_0.4133_0.6899_-0.2159_0.5537end-10.07_1.50_0.79_-36.59_-5.04_-5.04_19.19_-24.94_23.00_0.4080_0.6928_-0.2141_0.5547end-10.14_1.52_0.94_-36.59_-5.04_-5.04_18.81_-24.94_23.00_0.4066_0.6935_-0.2137_0.5550end-10.14_1.52_0.94_-36.59_-5.04_-5.04_19.19_-24.63_23.44_0.4053_0.6942_-0.2135_0.5553end,0.0,0.0,0.0
1470,,0.0,0.0,0.0
1471,-10.23_1.64_1.05_-36.59_-5.04_-5.04_19.19_-24.63_23.44_0.4053_0.6942_-0.2135_0.5553end-10.36_1.77_1.09_-36.59_-5.04_-5.04_19.19_-24.63_23.44_0.4009_0.6961_-0.2133_0.5562end-10.42_1.81_1.15_-30.21_-13.32_-19.81_18.81_-25.62_22.94_0.3994_0.6967_-0.2133_0.5563end-10.54_1.96_1.18_-30.21_-13.32_-19.81_18.81_-25.62_22.94_0.3994_0.6967_-0.2133_0.5563end-10.74_2.20_1.21_-30.21_-13.32_-19.81_18.81_-25.62_22.94_0.3962_0.6981_-0.2137_0.5567end-10.85_2.31_1.23_-28.42_-16.90_-23.05_18.81_-25.62_22.94_0.3962_0.6981_-0.2137_0.5567end-10.85_2.31_1.23_-28.42_-16.90_-23.05_19.87_-25.31_22.13_0.3916_0.7001_-0.2147_0.5571end-10.95_2.47_1.31_-24.73_-11.86_-22.72_19.87_-25.31_22.13_0.3901_0.7006_-0.2151_0.5574end-11.36_2.94_1.41_-24.73_-11.86_-22.72_19.87_-25.31_22.13_0.3901_0.7006_-0.2151_0.5574end-11.54_3.19_1.50_-24.73_-11.86_-22.72_19.87_-25.31_22.13_0.3901_0.7006_-0.2151_0.5574end,0.0,0.0,0.0
1472,,0.0,0.0,0.0
1473,-12.05_3.70_1.54_-24.73_-11.86_-22.72_19.87_-25.31_22.13_0.3901_0.7006_-0.2151_0.5574end-12.13_3.38_1.53_-24.73_-11.86_-22.72_19.19_-24.63_22.56_0.3848_0.7019_-0.2157_0.5593end-12.05_3.12_1.51_-24.73_-11.86_-22.72_20.19_-26.37_21.25_0.3840_0.7021_-0.2156_0.5596end-11.72_2.55_1.48_-16.11_-8.73_-5.48_20.19_-26.37_21.25_0.3840_0.7021_-0.2156_0.5596end-11.72_2.55_1.48_-16.11_-8.73_-5.48_20.19_-26.37_21.25_0.3818_0.7036_-0.2156_0.5591end-11.17_1.98_1.62_-16.11_-8.73_-5.48_18.81_-27.44_21.25_0.3809_0.7045_-0.2157_0.5587end-10.78_1.64_1.62_-16.11_-8.73_-5.48_18.81_-27.44_21.25_0.3800_0.7053_-0.2159_0.5581end-10.43_1.37_1.62_-16.11_-8.73_-5.48_18.81_-27.44_21.,0.0,0.0,0.0
1474,25_0.3790_0.7062_-0.2162_0.5576end-10.27_1.33_1.59_-18.91_-25.18_-19.81_18.81_-27.44_21.25_0.3790_0.7062_-0.2162_0.5576end-10.27_1.33_1.59_-18.91_-25.18_-19.81_18.81_-27.44_21.25_0.3752_0.7086_-0.2178_0.5565end,0.0,0.0,0.0
1475,-10.09_1.36_1.62_-18.91_-25.18_-19.81_19.87_-25.00_20.37_0.3737_0.7091_-0.2186_0.5565end-9.88_1.47_1.62_-18.91_-25.18_-19.81_19.87_-25.00_20.37_0.3722_0.7095_-0.2194_0.5568end-9.81_1.54_1.62_-18.69_-9.85_-46.33_19.87_-25.00_20.37_0.3722_0.7095_-0.2194_0.5568end-9.81_1.54_1.62_-18.69_-9.85_-46.33_20.50_-24.63_20.00_0.3688_0.7098_-0.2215_0.5577end-9.81_1.54_1.62_-19.58_-10.52_-54.05_20.50_-24.63_20.00_0.3669_0.7099_-0.2227_0.5583end-9.63_1.94_1.60_-19.58_-10.52_-54.05_20.50_-24.63_20.00_0.3629_0.7100_-0.2255_0.5598end-9.59_1.95_1.58_-19.58_-10.52_-54.05_20.50_-24.63_20.00_0.3607_0.7101_-0.2270_0.5605end-9.55_2.02_1.51_-22.49_-16.90_-62.78_20.50_-24.63_20,0.0,0.0,0.0
1476,.00_0.3607_0.7101_-0.2270_0.5605end-9.55_2.02_1.51_-22.49_-16.90_-62.78_20.50_-24.63_20.00_0.3536_0.7104_-0.2319_0.5625end-9.45_2.20_1.39_-22.49_-16.90_-62.78_20.50_-24.63_20.00_0.3511_0.7106_-0.2336_0.5632end,0.0,0.0,0.0
1477,,0.0,0.0,0.0
1478,-9.45_2.20_1.39_-22.49_-16.90_-62.78_20.88_-24.00_20.37_0.3511_0.7106_-0.2336_0.5632end-9.45_2.20_1.39_-24.51_-17.90_-65.35_20.88_-24.00_20.37_0.3461_0.7109_-0.2370_0.5645end-9.49_2.25_1.33_-25.51_-16.45_-65.91_20.88_-24.00_20.37_0.3434_0.7110_-0.2387_0.5652end-9.25_2.27_1.28_-25.40_-14.77_-66.02_20.88_-24.00_20.37_0.3409_0.7111,0.0,0.0,0.0
1479,_-0.2404_0.5660end-9.25_2.27_1.28_-25.40_-14.77_-66.02_20.88_-24.00_20.37_0.3383_0.7111_-0.2419_0.5668end-9.25_2.27_1.28_-24.28_-10.18_-66.47_20.88_-24.00_20.37_0.3332_0.7110_-0.2452_0.5686end-9.10_2.20_1.36_-24.28_-10.18_-66.47_23.44_-24.69_19.06_0.3332_0.7110_-0.2452_0.5686end-9.10_2.20_1.36_-24.28_-10.18_-66.47_23.44_-24.69_1,0.0,0.0,0.0
1480,9.06_0.3257_0.7105_-0.2502_0.5714end-9.17_2.25_1.38_-24.28_-10.18_-66.47_23.44_-24.69_19.06_0.3233_0.7103_-0.2518_0.5723end-9.17_2.31_1.39_-24.28_-10.18_-66.47_23.44_-23.38_19.12_0.3233_0.7103_-0.2518_0.5723end,0.0,0.0,0.0
1481,-9.25_2.53_1.37_-24.28_-10.18_-66.47_23.44_-23.38_19.12_0.3160_0.7099_-0.2571_0.5745end-9.32_2.61_1.32_-24.28_-10.18_-66.47_23.44_-23.38_19.12_0.3135_0.7098_-0.2590_0.5751end-9.32_2.61_1.32_-24.28_-10.18_-66.47_22.69_-23.69_19.12_0.3111_0.7098_-0.2609_0.5756end-9.45_3.09_1.30_-24.28_-10.18_-66.47_22.69_-23.69_19.12_0.3111_0.7098_-0.2609_0.5756end-9.54_3.17_1.29_-24.28_-10.18_-66.47_22.69_-23.69_19.12_0.3035_0.7099_-0.2667_0.5770end-9.66_3.49_1.23_-24.28_-10.18_-66.47_24.19_-23.38_18.69_0.3009_0.7099_-0.2687_0.5773end-9.68_3.56_1.25_-24.28_-10.18_-66.47_23.44_-22.31_18.25_0.2983_0.7100_-0.2706_0.5777end-9.66_3.61_1.17_-19.25_-23.84_-66.70_23.44_-22.31_1,0.0,0.0,0.0
1482,8.25_0.2983_0.7100_-0.2706_0.5777end-9.66_3.61_1.17_-19.25_-23.84_-66.70_23.44_-22.31_18.25_0.2906_0.7101_-0.2762_0.5787end-9.52_3.73_1.18_-19.25_-23.84_-66.70_23.44_-22.31_18.25_0.2880_0.7102_-0.2780_0.5791end,0.0,0.0,0.0
1483,-9.50_3.71_1.21_-23.39_-20.70_-64.79_23.44_-22.31_18.25_0.2880_0.7102_-0.2780_0.5791end-9.45_3.72_1.21_-23.39_-20.70_-64.79_23.44_-22.31_18.25_0.2827_0.7103_-0.2813_0.5801end-9.38_3.70_1.21_-25.63_-10.74_-63.23_23.44_-22.31_18.25_0.2827_0.7103_-0.2813_0.5801end-9.19_3.67_1.27_-25.63_-10.74_-63.23_23.44_-22.31_18.25_0.2751_0.7098_-0.2858_0.5821end-9.13_3.68_1.25_-25.63_-10.74_-63.23_25.94_-21.31_17.81_0.2751_0.7098_-0.2858_0.5821end-9.13_3.68_1.25_-27.31_-2.24_-61.77_25.94_-21.31_17.81_0.2701_0.7090_-0.2883_0.5841end-9.00_3.66_1.32_-27.31_-2.24_-61.77_25.94_-21.31_17.81_0.2678_0.7085_-0.2894_0.5853end-9.00_3.66_1.32_-28.09_8.84_-58.97_25.94_-21.31_17.81,0.0,0.0,0.0
1484,,0.0,0.0,0.0
1485,_0.2654_0.7078_-0.2905_0.5866end-8.75_3.50_1.46_-28.09_8.84_-58.97_25.94_-20.94_16.94_0.2654_0.7078_-0.2905_0.5866end-8.75_3.50_1.46_-28.20_9.06_-57.18_25.94_-20.94_16.94_0.2589_0.7060_-0.2933_0.5904end,0.0,0.0,0.0
1486,,0.0,0.0,0.0
1487,-8.46_3.34_1.53_-27.42_5.48_-52.71_25.94_-20.94_16.94_0.2589_0.7060_-0.2933_0.5904end-8.46_3.34_1.53_-27.42_5.48_-52.71_25.94_-20.94_16.94_0.2525_0.7045_-0.2958_0.5936end-8.40_3.14_1.46_-25.51_4.59_-49.24_25.94_-20.94_16.94_0.2504_0.7040_-0.2966_0.5947end-8.16_3.02_1.44_-25.51_4.59_-49.24_25.94_-20.94_16.94_0.2484_0.7036_-0.2974_0.5956end-7.94_2.96_1.36_-25.51_4.59_-49.24_27.00_-20.25_17.44_0.2445_0.7028_-0.2991_0.5974end-7.86_2.94_1.36_-23.84_-3.02_-44.20_27.00_-19.94_16.06_0.2426_0.7025_-0.2998_0.5981end-7.74_2.90_1.33_-23.84_-3.02_-44.20_27.00_-19.94_16.06_0.2426_0.7025_-0.2998_0.5981end-7.68_2.87_1.31_-23.84_-3.02_-44.20_27.00_-19.94_16.06_0.2426_0.7025_-0.2998_0.5981end-7.33_2.68_1.21_-23.84_-3.02_-44.20_27.00_-19.94_16.06_0.2426_0.7025_-0.2998_0.5981end-7.33_2.68_1.21_-23.84_-3.02_-44.20_27.00_-19.94_16.06_0.2335_0.7017_-0.3035_0.6009end,0.0,0.0,0.0
1488,,0.0,0.0,0.0
1489,,0.0,0.0,0.0
1490,-7.22_2.64_1.14_-23.84_-3.02_-44.20_27.00_-19.94_16.06_0.2318_0.7015_-0.3043_0.6013end-6.88_2.45_1.11_-23.84_-3.02_-44.20_27.00_-19.94_16.06_0.2318_0.7015_-0.3043_0.6013end-6.84_2.37_1.10_-17.35_-4.81_-31.67_27.00_-19.94_16.06_0.2318_0.7015_-0.3043_0.6013end-6.78_2.23_1.04_-17.35_-4.81_-31.67_27.75_-19.56_15.69_0.2271_0.7011_-0.3062_0.6026end-6.73_2.20_1.06_-16.90_-4.81_-29.77_27.75_-19.56_15.69_0.2244_0.7009_-0.3072_0.6033end-6.68_2.15_1.08_-16.90_-4.81_-29.77_27.75_-19.56_15.69_0.2231_0.7009_-0.3077_0.6036end-6.69_2.14_1.06_-16.90_-4.81_-29.77_27.75_-19.56_15.69_0.2219_0.7008_-0.3081_0.6039end-6.74_2.02_1.02_-16.90_-4.81_-29.77_27.75_-19.56_15.69_0.2219_0.7008_-0.3081_0.6039end-6.71_2.02_1.02_-16.90_-4.81_-29.77_28.87_-19.94_15.25_0.2189_0.7011_-0.3091_0.6042end-6.66_1.94_1.02_-16.90_-4.81_-29.77_28.87_-19.94_15.25_0.2180_0.7013_-0.3093_0.6041end,0.0,0.0,0.0
1491,-6.67_1.94_1.06_-16.90_-4.81_-29.77_28.87_-18.62_15.69_0.2172_0.7015_-0.3094_0.6041end-6.67_1.94_1.06_-10.30_-11.64_-7.39_28.87_-18.62_15.69_0.2172_0.7015_-0.3094_0.6041end-6.71_1.73_1.02_-10.30_-11.64_-7.39_28.87_-18.62_15.69_0.2172_0.7015_-0.3094_0.6041end-6.71_1.73_1.02_-10.30_-11.64_-7.39_28.12_-20.62_16.56_0.2154_0.7025_-0.3096_0.6036end-6.79_1.54_1.09_-10.30_-11.64_-7.39_28.12_-20.62_16.56_0.2154_0.7025_-0.3096_0.6036end-6.90_1.37_1.15_-6.04_-0.67_6.71_28.12_-20.62_16.56_0.2154_0.7025_-0.3096_0.6036end-6.96_1.33_1.15_-5.26_2.01_9.85_27.00_-18.94_15.69_0.2154_0.7025_-0.3096_0.6036end-6.98_1.29_1.23_-3.58_4.03_13.43_27.00_-18.94_15.69_0.2154_0.7025_-0.3096_0.6036end-6.98_1.29_1.23_-3.58_4.03_13.43_27.00_-18.94_15.69_0.2158_0.7036_-0.3068_0.6035end-7.44_0.96_1.37_-3.58_4.03_13.43_27.00_-18.94_15.69_0.2165_0.7037_-0.3060_0.6036end,0.0,0.0,0.0
1492,,0.0,0.0,0.0
1493,-7.57_0.93_1.41_-3.58_4.03_13.43_27.75_-20.25_16.56_0.2173_0.7038_-0.3051_0.6036end-7.64_0.89_1.41_2.46_11.41_32.90_27.75_-20.25_16.56_0.2173_0.7038_-0.3051_0.6036end-7.64_0.89_1.41_2.46_11.41_32.90_27.75_-20.25_16.56_0.2208_0.7042_-0.3018_0.6035end-7.93_0.79_1.51_2.46_11.41_32.90_27.75_-20.25_16.56_0.2223_0.7044_-0.3005_0.6034end-8.11_0.69_1.57_2.46_11.41_32.90_27.75_-20.25_16.56_0.2223_0.7044_-0.3005_0.6034end-8.32_0.57_1.70_8.84_10.18_50.36_27.75_-20.25_16.56_0.2223_0.7044_-0.3005_0.6034end-8.32_0.57_1.70_10.30_8.95_52.60_27.00_-20.25_16.94_0.2223_0.7044_-0.3005_0.6034end-8.62_0.37_1.75_10.30_8.95_52.60_27.00_-20.25_16.94_0.2311_0.7060_-0.2935_0.601,0.0,0.0,0.0
1494,7end-8.62_0.37_1.75_13.32_6.83_57.63_27.37_-20.25_16.06_0.2330_0.7064_-0.2921_0.6012end-8.90_0.37_1.76_13.32_6.83_57.63_27.37_-20.25_16.06_0.2330_0.7064_-0.2921_0.6012end,0.0,0.0,0.0
1495,-9.00_0.42_1.77_13.32_6.83_57.63_27.37_-19.56_17.87_0.2330_0.7064_-0.2921_0.6012end-9.00_0.42_1.77_13.32_6.83_57.63_27.37_-19.56_17.87_0.2392_0.7077_-0.2875_0.5994end-9.00_0.42_1.77_13.32_6.83_57.63_27.37_-19.56_17.87_0.2434_0.7086_-0.2845_0.5981end-9.46_0.46_1.80_13.32_6.83_57.63_27.37_-19.56_17.87_0.2455_0.7090_-0.2830_0.5975end-9.55_0.50_1.82_13.32_6.83_57.63_27.37_-19.56_17.87_0.2455_0.7090_-0.2830_0.5975end-9.68_0.52_1.93_13.32_6.83_57.63_27.37_-19.56_17.87_0.2498_0.7097_-0.2799_0.5963end-9.71_0.46_1.99_15.00_10.30_57.07_25.62_-21.31_16.56_0.2498_0.7097_-0.2799_0.5963end-9.76_0.44_2.03_15.00_10.30_57.07_25.62_-21.31_16.56_0.2560_0.7104_-0.2755_0.5948end-9.84_0.34_2.06_15.00_8.73_53.04_25.94_-21.31_17.44_0.2560_0.7104_-0.2755_0.5948end-9.84_0.34_2.06_15.00_8.73_53.04_25.94_-21.31_17.44_0.2579_0.7107_-0.2742_0.5944end,0.0,0.0,0.0
1496,,0.0,0.0,0.0
1497,-9.93_0.14_2.03_15.00_8.73_53.04_25.94_-21.31_17.44_0.2579_0.7107_-0.2742_0.5944end-9.85_-0.03_1.91_15.00_8.73_53.04_25.94_-21.31_17.44_0.2635_0.7114_-0.2704_0.5927end-9.85_-0.03_1.91_15.00_8.73_53.04_25.94_-21.31_17.44_0.2668_0.7119_-0.2682_0.5917end-9.85_-0.11_1.87_15.00_8.73_53.04_25.25_-23.06_15.63_0.2684_0.7121_-0.2671_0.5912end-9.84_-0.12_1.85_15.00_8.73_53.04_25.25_-23.06_15.63_0.2700_0.7122_-0.2661_0.5908end-9.80_-0.26_1.85_15.00_8.73_53.04_24.87_-22.00_16.50_0.2700_0.7122_-0.2661_0.5908end-9.80_-0.26_1.85_13.54_12.98_35.81_24.87_-22.00_16.50_0.2745_0.7121_-0.2633_0.5901end-9.76_-0.41_1.84_13.54_12.98_35.81_24.19_-22.31_16.94_0.2745_0.7121_-0.2,0.0,0.0,0.0
1498,633_0.5901end-9.76_-0.41_1.84_14.21_16.67_31.33_24.19_-22.31_16.94_0.2759_0.7119_-0.2624_0.5901end-9.76_-0.41_1.84_14.21_16.67_31.33_24.94_-23.06_16.50_0.2773_0.7117_-0.2616_0.5900end,0.0,0.0,0.0
1499,,0.0,0.0,0.0
1500,,0.0,0.0,0.0
1501,-9.76_-0.41_1.84_14.21_16.67_31.33_24.94_-23.06_16.50_0.2816_0.7109_-0.2593_0.5900end-9.57_-0.65_1.89_14.77_15.89_28.54_24.94_-23.06_16.50_0.2830_0.7106_-0.2585_0.5900end-9.52_-0.63_1.79_14.77_15.89_28.54_24.94_-23.06_16.50_0.2830_0.7106_-0.2585_0.5900end-9.49_-0.64_1.76_15.33_15.78_28.76_24.94_-23.06_16.50_0.2830_0.7106_-0.2585_0.5900end-9.53_-0.60_1.74_16.00_16.23_28.87_24.94_-23.06_16.50_0.2830_0.7106_-0.2585_0.5900end-9.55_-0.60_1.74_16.00_16.23_28.87_24.94_-23.06_16.50_0.2901_0.7092_-0.2552_0.5897end-9.59_-0.56_1.71_16.00_16.23_28.87_24.94_-23.06_16.50_0.2915_0.7089_-0.2545_0.5896end-9.68_-0.52_1.78_16.00_16.23_28.87_24.94_-23.06_16.50_0.2930_0.70,0.0,0.0,0.0
1502,86_-0.2538_0.5896end-9.68_-0.52_1.78_16.00_16.23_28.87_24.19_-22.69_18.25_0.2930_0.7086_-0.2538_0.5896end-9.70_-0.52_1.85_16.00_16.23_28.87_24.19_-22.69_18.25_0.2930_0.7086_-0.2538_0.5896end,0.0,0.0,0.0
1503,-9.70_-0.52_1.85_16.00_16.23_28.87_23.44_-23.00_18.25_0.2990_0.7075_-0.2512_0.5891end-9.81_-0.48_1.89_16.00_16.23_28.87_23.44_-23.00_18.25_0.3004_0.7073_-0.2506_0.5888end-9.89_-0.52_1.86_18.46_6.27_27.42_23.44_-23.00_18.25_0.3004_0.7073_-0.2506_0.5888end-9.89_-0.52_1.86_18.46_6.27_27.42_23.44_-23.00_18.25_0.3044_0.7070_-0.2494_0.5876end-9.98_-0.50_1.84_18.46_6.27_27.42_23.44_-23.00_18.25_0.3057_0.7070_-0.2491_0.5872end-10.15_-0.32_1.84_18.46_6.27_27.42_23.44_-23.00_18.25_0.3057_0.7070_-0.2491_0.5872end-10.15_-0.32_1.84_19.58_4.48_20.93_24.19_-23.38_19.12_0.3093_0.7066_-0.2484_0.5860end-10.47_0.01_1.82_19.58_4.48_20.93_22.69_-22.62_18.25_0.3105_0.7062_-,0.0,0.0,0.0
1504,0.2482_0.5858end-11.13_0.65_1.96_19.58_4.48_20.93_22.69_-22.62_18.25_0.3119_0.7058_-0.2480_0.5858end-11.34_0.86_1.99_22.72_22.94_18.13_22.69_-22.31_20.00_0.3119_0.7058_-0.2480_0.5858end,0.0,0.0,0.0
1505,-11.80_1.18_2.14_24.40_28.09_19.02_22.69_-22.31_20.00_0.3119_0.7058_-0.2480_0.5858end-12.03_1.35_2.17_24.40_28.09_19.02_23.06_-23.31_20.00_0.3181_0.7025_-0.2467_0.5869end-12.20_1.46_2.22_24.40_28.09_19.02_23.06_-23.31_20.00_0.3199_0.7015_-0.2462_0.5873end-12.26_1.38_2.30_24.40_28.09_19.02_23.06_-23.31_20.00_0.3199_0.7015_-0.2462_0.5873end-12.18_1.25_2.36_24.40_28.09_19.02_21.62_-22.62_18.25_0.3199_0.7015_-0.2462_0.5873end-12.18_1.25_2.36_30.33_4.81_31.22_21.62_-22.62_18.25_0.3256_0.6990_-0.2449_0.5877end-11.61_0.39_2.38_30.33_4.81_31.22_21.62_-22.62_18.25_0.3292_0.6985_-0.2444_0.5864end-11.46_0.33_2.42_30.33_4.81_31.22_21.62_-22.25_20.00_0.3308_0.6987_,0.0,0.0,0.0
1506,-0.2444_0.5853end-11.46_0.33_2.42_30.89_-22.38_28.54_21.62_-22.25_20.00_0.3308_0.6987_-0.2444_0.5853end-11.19_0.08_2.30_30.89_-22.38_28.54_21.62_-22.25_20.00_0.3308_0.6987_-0.2444_0.5853end,0.0,0.0,0.0
1507,,0.0,0.0,0.0
1508,-11.19_0.08_2.30_31.89_-34.24_17.68_22.00_-23.00_20.44_0.3350_0.7001_-0.2455_0.5809end-10.82_0.22_2.19_31.89_-34.24_17.68_22.00_-23.00_20.44_0.3371_0.7012_-0.2471_0.5776end-10.72_0.36_2.12_31.89_-34.24_17.68_22.00_-23.00_20.44_0.3380_0.7018_-0.2481_0.5759end-10.65_0.46_2.01_30.33_-37.38_2.57_22.00_-23.00_20.44_0.3380_0.7018_-0.2481_0.5759end-10.59_0.49_1.97_29.21_-36.82_-2.57_22.00_-23.00_20.44_0.3395_0.7032_-0.2520_0.5715end-10.44_0.59_1.86_29.21_-36.82_-2.57_21.25_-23.31_20.00_0.3398_0.7036_-0.2535_0.5703end-10.36_0.63_1.80_29.21_-36.82_-2.57_21.25_-23.31_20.00_0.3398_0.7039_-0.2551_0.5692end-10.18_0.66_1.72_29.21_-36.82_-2.57_21.25_-23.31_20.00_0.3398_0.7042_-0.2567_0.5682end-10.18_0.66_1.72_18.58_-31.11_-22.83_22.69_-23.69_20.37_0.3398_0.7042_-0.2567_0.5682end-10.18_0.66_1.72_12.76_-28.87_-27.98_22.69_-23.69_20.37_0.3386_0.7048_-0.2615_0.5658end,0.0,0.0,0.0
1509,,0.0,0.0,0.0
1510,-9.64_0.62_1.61_12.76_-28.87_-27.98_22.69_-23.69_20.37_0.3379_0.7051_-0.2632_0.5652end-9.30_0.58_1.57_12.76_-28.87_-27.98_22.69_-23.69_20.37_0.3379_0.7051_-0.2632_0.5652end-9.03_0.48_1.61_12.76_-28.87_-27.98_22.69_-23.69_20.37_0.3363_0.7053_-0.2662_0.5644end-8.92_0.45_1.60_2.24_-20.25_-34.91_22.69_-23.69_20.37_0.3363_0.7053_-0.2662_0.5644end-8.92_0.45_1.60_-2.01_-14.88_-36.26_22.69_-23.69_20.37_0.3363_0.7053_-0.2662_0.5644end-8.71_0.39_1.58_-2.01_-14.88_-36.26_22.69_-23.69_20.37_0.3363_0.7053_-0.2662_0.5644end-8.71_0.39_1.58_-2.01_-14.88_-36.26_24.19_-21.62_19.56_0.3363_0.7053_-0.2662_0.5644end-8.50_0.46_1.56_-2.01_-14.88_-36.26_24.19_-21.62_19.56_0.33,0.0,0.0,0.0
1511,63_0.7053_-0.2662_0.5644end-8.50_0.46_1.56_-11.30_-3.13_-35.70_24.19_-21.62_19.56_0.3284_0.7050_-0.2750_0.5652end-8.50_0.46_1.56_-11.30_-3.13_-35.70_24.19_-21.62_19.56_0.3271_0.7048_-0.2759_0.5657end,0.0,0.0,0.0
1512,,0.0,0.0,0.0
1513,,0.0,0.0,0.0
1514,-8.56_0.66_1.61_-11.30_-3.13_-35.70_24.19_-21.62_19.56_0.3271_0.7048_-0.2759_0.5657end-8.57_0.90_1.51_-11.30_-3.13_-35.70_24.19_-21.62_19.56_0.3271_0.7048_-0.2759_0.5657end-8.63_1.04_1.46_-11.30_-3.13_-35.70_24.19_-21.62_19.12_0.3271_0.7048_-0.2759_0.5657end-8.63_1.04_1.46_-20.70_-0.34_-30.33_24.19_-21.62_19.12_0.3207_0.7040_-0.2794_0.5687end-8.70_1.31_1.46_-20.70_-0.34_-30.33_24.19_-21.62_19.12_0.3179_0.7039_-0.2802_0.5700end-8.84_1.70_1.36_-20.70_-0.34_-30.33_24.19_-21.62_19.12_0.3165_0.7038_-0.2805_0.5707end-8.89_1.83_1.36_-25.51_7.16_-27.53_24.19_-21.62_19.12_0.3165_0.7038_-0.2805_0.5707end-8.96_1.99_1.38_-25.51_7.16_-27.53_24.19_-21.62_19.12_0.3124_0.7034_-0.2811_0.5733end-9.05_2.18_1.33_-25.51_7.16_-27.53_24.19_-21.62_19.12_0.3110_0.7031_-0.2811_0.5743end-9.20_2.36_1.37_-25.51_7.16_-27.53_24.19_-21.25_20.44_0.3098_0.7029_-0.2811_0.5753end,0.0,0.0,0.0
1515,-9.27_2.45_1.41_-28.42_13.88_-25.07_24.87_-20.94_18.75_0.3098_0.7029_-0.2811_0.5753end-9.28_2.46_1.40_-28.65_14.44_-23.50_24.87_-20.94_18.75_0.3098_0.7029_-0.2811_0.5753end-9.37_2.46_1.42_-28.65_14.44_-23.50_24.19_-20.94_19.12_0.3046_0.7019_-0.2804_0.5797end-9.38_2.46_1.43_-28.65_14.44_-23.50_24.19_-20.56_18.25_0.3033_0.7017_-0.,0.0,0.0,0.0
1516,2802_0.5806end-9.46_2.43_1.40_-29.43_11.75_-17.46_24.19_-20.56_18.25_0.3033_0.7017_-0.2802_0.5806end-9.63_2.30_1.38_-29.43_11.75_-17.46_24.19_-20.56_18.25_0.3010_0.7015_-0.2795_0.5825end-9.68_2.28_1.34_-30.55_7.95_-14.44_24.19_-20.56_18.25_0.3010_0.7015_-0.2795_0.5825end-9.68_2.28_1.34_-30.55_7.95_-14.44_24.19_-20.56_18.25_0.2974_0.7017_-0.2781_0.5847end-9.75_2.18_1.17_-30.55_7.95_-14.44_24.19_-20.56_18.25_0.2963_0.7018_-0.2776_0.5853end-9.79_2.13_1.06_-30.55_7.95_-14.44_24.19_-20.56_18.25_0.2963_0.7018_-0.2776_0.5853end,0.0,0.0,0.0
1517,,0.0,0.0,0.0
1518,-9.73_2.04_1.00_-34.02_-2.24_-6.94_24.19_-20.56_18.25_0.2963_0.7018_-0.2776_0.5853end-9.73_2.04_1.00_-34.02_-2.24_-6.94_24.87_-21.25_18.25_0.2927_0.7029_-0.2759_0.5866end-9.55_1.83_0.87_-34.02_-2.24_-6.94_24.87_-21.25_18.25_0.2901_0.7038_-0.2745_0.5875end-9.55_1.83_0.87_-39.06_-0.22_-6.49_24.87_-20.94_18.31_0.2888_0.7042_-0.2737_0.5880end-9.43_1.52_0.78_-39.06_-0.22_-6.49_24.87_-20.94_18.31_0.2888_0.7042_-0.2737_0.5880end-9.36_1.45_0.71_-43.31_4.25_-8.62_24.56_-22.31_17.81_0.2888_0.7042_-0.2737_0.5880end-9.36_1.45_0.71_-43.31_4.25_-8.62_24.87_-22.31_16.94_0.2845_0.7054_-0.2712_0.5898end-9.36_1.45_0.71_-43.31_4.25_-8.62_24.87_-22.31_16.94_0.2815_0.7060_,0.0,0.0,0.0
1519,-0.2694_0.5914end-9.13_1.11_0.74_-46.66_7.72_-10.18_24.87_-22.31_16.94_0.2799_0.7062_-0.2684_0.5923end-9.03_0.89_0.68_-46.66_7.72_-10.18_24.87_-22.31_16.94_0.2799_0.7062_-0.2684_0.5923end,0.0,0.0,0.0
1520,,0.0,0.0,0.0
1521,-8.91_0.82_0.63_-46.66_7.72_-10.18_24.87_-22.31_16.94_0.2799_0.7062_-0.2684_0.5923end-8.87_0.73_0.62_-46.66_7.72_-10.18_24.87_-22.31_16.94_0.2799_0.7062_-0.2684_0.5923end-8.84_0.69_0.43_-46.66_7.72_-10.18_24.87_-22.31_16.94_0.2799_0.7062_-0.2684_0.5923end-8.79_0.69_0.36_-46.66_7.72_-10.18_24.87_-22.31_16.94_0.2696_0.7079_-0.2623_0.5978end-8.74_0.76_0.32_-54.61_6.71_-10.97_24.87_-22.31_16.94_0.2696_0.7079_-0.2623_0.5978end-8.74_0.76_0.32_-54.61_6.71_-10.97_25.94_-22.00_18.25_0.2659_0.7086_-0.2601_0.5996end-8.74_0.76_0.32_-56.40_8.95_-11.19_25.94_-22.00_18.25_0.2639_0.7089_-0.2589_0.6006end-8.66_0.86_0.21_-56.40_8.95_-11.19_25.94_-22.00_18.25_0.2620_0.7092_-0.2576_0.6017end-8.66_0.86_0.21_-59.09_16.23_-11.97_25.94_-22.00_18.25_0.2581_0.7095_-0.2549_0.6041end-8.57_0.86_0.22_-59.09_16.23_-11.97_25.94_-22.00_18.25_0.2562_0.7096_-0.2536_0.6054end,0.0,0.0,0.0
1522,,0.0,0.0,0.0
1523,-8.57_0.86_0.22_-60.21_21.49_-12.65_25.94_-22.00_18.25_0.2542_0.7096_-0.2522_0.6068end-8.58_0.80_0.22_-60.21_21.49_-12.65_25.94_-22.00_18.25_0.2503_0.7094_-0.2493_0.6099end-8.58_0.80_0.22_-60.21_21.49_-12.65_24.87_-23.00_16.94_0.2484_0.7092_-0.2479_0.6115end-8.56_0.63_0.36_-60.21_21.49_-12.65_24.87_-23.00_16.94_0.2466_0.7090_-0.2464_0.6130end-8.61_0.58_0.37_-58.97_28.76_-12.20_24.87_-23.00_16.94_0.2466_0.7090_-0.2464_0.6130end-8.61_0.58_0.37_-57.63_29.21_-10.85_24.87_-23.00_16.94_0.2429_0.7084_-0.2434_0.6163end-8.61_0.58_0.37_-57.63_29.21_-10.85_24.87_-23.00_16.94_0.2395_0.7079_-0.2404_0.6195end-8.68_0.36_0.40_-57.63_29.21_-10.85_24.87_-23.00_16.94_0.2395_0.7079_-0.2404_0.6195end-8.69_0.31_0.34_-55.06_26.75_-7.83_24.87_-23.00_16.94_0.2395_0.7079_-0.2404_0.6195end-8.69_0.31_0.34_-53.16_24.62_-5.48_24.87_-23.00_16.94_0.2346_0.7072_-0.2359_0.6240end,0.0,0.0,0.0
1524,,0.0,0.0,0.0
1525,-8.69_0.12_0.36_-53.16_24.62_-5.48_24.87_-23.00_16.94_0.2315_0.7067_-0.2328_0.6266end-8.69_-0.07_0.36_-50.92_21.15_-3.13_24.87_-23.00_16.94_0.2315_0.7067_-0.2328_0.6266end-8.70_-0.18_0.36_-49.46_19.36_-1.57_24.87_-22.69_16.94_0.2315_0.7067_-0.2328_0.6266end-8.70_-0.23_0.40_-48.34_17.68_-1.01_24.87_-22.69_16.94_0.2315_0.7067_-0.2328_0.6266end-8.70_-0.23_0.40_-48.34_17.68_-1.01_24.87_-22.69_15.19_0.2249_0.7065_-0.2256_0.6319end-8.69_-0.41_0.44_-48.34_17.68_-1.01_24.87_-22.69_15.19_0.2249_0.7065_-0.2256_0.6319end-8.73_-0.43_0.49_-48.34_17.68_-1.01_24.87_-22.69_15.19_0.2225_0.7067_-0.2228_0.6335end-8.69_-0.45_0.47_-42.52_8.50_3.92_24.87_-22.69_15.19_0.2225,0.0,0.0,0.0
1526,_0.7067_-0.2228_0.6335end-8.69_-0.45_0.47_-42.52_8.50_3.92_24.87_-22.69_15.19_0.2193_0.7075_-0.2188_0.6353end-8.86_-0.43_0.42_-42.52_8.50_3.92_24.87_-22.69_15.19_0.2183_0.7078_-0.2175_0.6356end,0.0,0.0,0.0
1527,,0.0,0.0,0.0
1528,-8.91_-0.35_0.34_-42.52_8.50_3.92_24.87_-22.69_15.19_0.2183_0.7078_-0.2175_0.6356end-9.04_-0.25_0.34_-39.39_-1.34_8.50_24.87_-22.69_15.19_0.2183_0.7078_-0.2175_0.6356end-9.04_-0.25_0.34_-38.50_-1.68_9.74_24.87_-22.69_15.19_0.2153_0.7092_-0.2135_0.6364end-9.16_-0.10_0.29_-38.50_-1.68_9.74_24.87_-22.69_15.19_0.2135_0.7103_-0.2109_0.6368end-9.28_-0.03_0.30_-38.38_0.34_9.74_24.87_-22.69_15.19_0.2135_0.7103_-0.2109_0.6368end-9.33_-0.01_0.30_-38.72_2.13_9.62_24.87_-22.69_15.19_0.2135_0.7103_-0.2109_0.6368end-9.33_-0.01_0.30_-38.72_2.13_9.62_24.94_-24.12_14.31_0.2109_0.7114_-0.2069_0.6376end-9.33_-0.01_0.30_-37.94_5.15_9.29_24.94_-24.12_14.31_0.2091_0.7120_-0.2041_0.6384end-9.46_-0.16_0.32_-37.94_5.15_9.29_24.19_-24.12_14.31_0.2091_0.7120_-0.2041_0.6384end-9.46_-0.16_0.32_-38.72_7.27_7.27_24.19_-24.12_14.31_0.2073_0.7125_-0.2014_0.6394end,0.0,0.0,0.0
1529,,0.0,0.0,0.0
1530,,0.0,0.0,0.0
1531,-9.46_-0.16_0.32_-39.28_6.83_6.49_25.25_-24.12_13.88_0.2073_0.7125_-0.2014_0.6394end-9.46_-0.16_0.32_-39.17_6.38_5.15_25.25_-24.12_13.88_0.2054_0.7129_-0.1987_0.6404end-9.46_-0.16_0.32_-38.83_5.82_4.14_24.94_-24.44_13.44_0.2033_0.7133_-0.1962_0.6414end-9.43_-0.52_0.51_-38.83_5.82_4.14_24.94_-24.44_13.44_0.2033_0.7133_-0.1962_0.6414end-9.42_-0.52_0.54_-37.38_4.92_-0.34_24.94_-24.44_13.44_0.2033_0.7133_-0.1962_0.6414end-9.43_-0.52_0.55_-36.59_3.36_-3.36_24.94_-24.44_13.44_0.1989_0.7141_-0.1920_0.6431end-9.41_-0.55_0.49_-36.59_3.36_-3.36_24.94_-24.44_13.44_0.1977_0.7143_-0.1912_0.6436end-9.37_-0.61_0.48_-36.59_3.36_-3.36_24.94_-24.44_13.44_0.1965_0.7145_-0.1903_0.6439end-9.33_-0.65_0.42_-34.69_-0.67_-7.05_24.94_-24.44_13.44_0.1965_0.7145_-0.1903_0.6439end-9.33_-0.65_0.42_-33.91_-1.90_-7.61_24.94_-24.44_13.44_0.1927_0.7153_-0.1882_0.6448end,0.0,0.0,0.0
1532,,0.0,0.0,0.0
1533,-9.25_-0.67_0.40_-33.91_-1.90_-7.61_24.94_-24.44_13.44_0.1914_0.7156_-0.1876_0.6450end-9.21_-0.70_0.38_-33.91_-1.90_-7.61_24.94_-24.44_13.44_0.1901_0.7159_-0.1871_0.6452end-9.18_-0.75_0.30_-33.91_-1.90_-7.61_24.94_-24.44_13.44_0.1888_0.7162_-0.1865_0.6454end-9.11_-0.73_0.23_-32.34_-4.81_-11.30_24.94_-24.44_13.44_0.1888_0.7162_-0.1865_0.6454end-9.11_-0.73_0.23_-32.34_-4.81_-11.30_25.62_-24.75_14.31_0.1848_0.7172_-0.1852_0.6460end-9.00_-0.77_0.25_-32.34_-4.81_-11.30_25.62_-24.75_14.31_0.1834_0.7175_-0.1848_0.6461end-8.96_-0.81_0.21_-32.34_-4.81_-11.30_25.62_-24.75_14.31_0.1834_0.7175_-0.1848_0.6461end-8.91_-0.82_0.21_-32.34_-4.81_-11.30_25.62_-24.75_14.31_0.1834_0.7175_-0.1848_0.6461end-8.90_-0.85_0.25_-32.34_-4.81_-11.30_25.62_-25.12_13.00_0.1834_0.7175_-0.1848_0.6461end-8.86_-0.92_0.23_-32.34_-4.81_-11.30_25.62_-25.12_13.00_0.1777_0.7184_-0.1833_0.6472end,0.0,0.0,0.0
1534,-8.82_-0.95_0.36_-32.34_-4.81_-11.30_25.31_-24.75_13.50_0.1777_0.7184_-0.1833_0.6472end-8.79_-0.99_0.36_-29.66_-4.48_-18.46_25.31_-24.75_13.50_0.1735_0.7188_-0.1825_0.6480end-8.79_-0.99_0.36_-29.21_-6.27_-18.46_25.31_-24.75_13.50_0.1706_0.7192_-0.1821_0.6484end-8.82_-1.10_0.32_-29.21_-6.27_-18.46_25.31_-24.75_13.50_0.1691_0.7195,0.0,0.0,0.0
1535,_-0.1819_0.6486end-8.87_-1.13_0.37_-28.31_-9.96_-19.14_25.31_-24.75_13.50_0.1691_0.7195_-0.1819_0.6486end-8.90_-1.11_0.38_-27.98_-10.97_-18.69_25.31_-24.75_13.50_0.1647_0.7205_-0.1817_0.6486end-8.88_-1.03_0.40_-27.98_-10.97_-18.69_25.31_-24.75_13.50_0.1633_0.7209_-0.1816_0.6486end-8.98_-1.07_0.44_-27.98_-10.97_-18.69_25.31_-24.75_13.50_0.1633_0.7209_-0.1816_0.6486end-9.08_-1.02_0.45_-25.07_-15.00_-18.80_25.31_-24.75_13.50_0.1633_0.7209_-0.1816_0.6486end-9.20_-1.09_0.46_-24.06_-14.88_-18.80_25.31_-24.75_13.50_0.1633_0.7209_-0.1816_0.6486end,0.0,0.0,0.0
1536,,0.0,0.0,0.0
1537,,0.0,0.0,0.0
1538,-9.20_-1.09_0.46_-24.06_-14.88_-18.80_25.31_-24.75_13.50_0.1564_0.7230_-0.1818_0.6479end-9.28_-1.16_0.46_-24.06_-14.88_-18.80_25.31_-24.75_13.50_0.1552_0.7234_-0.1819_0.6478end-9.62_-1.24_0.42_-24.06_-14.88_-18.80_25.31_-24.75_13.50_0.1539_0.7237_-0.1819_0.6477end-9.71_-1.19_0.50_-19.81_-9.51_-16.34_25.31_-24.75_13.50_0.1517_0.7242_-0.1821_0.6476end-9.81_-1.13_0.47_-18.80_-6.83_-14.44_25.31_-24.75_13.50_0.1506_0.7244_-0.1821_0.6476end-10.13_-0.96_0.55_-18.80_-6.83_-14.44_25.62_-24.81_11.31_0.1506_0.7244_-0.1821_0.6476end-10.13_-0.96_0.55_-15.89_-0.90_-11.53_25.62_-24.12_12.13_0.1506_0.7244_-0.1821_0.6476end-10.91_-0.30_0.78_-15.89_-0.90_-11.53_25.62_-2,0.0,0.0,0.0
1539,4.12_12.13_0.1471_0.7248_-0.1820_0.6480end-11.16_-0.05_0.89_-15.89_-0.90_-11.53_25.62_-24.12_12.13_0.1464_0.7247_-0.1819_0.6483end-11.65_0.35_0.89_-15.89_-0.90_-11.53_25.62_-24.12_12.13_0.1459_0.7247_-0.1818_0.6485end,0.0,0.0,0.0
1540,-11.88_0.46_0.92_-10.74_5.93_-1.45_25.62_-24.12_12.13_0.1454_0.7244_-0.1813_0.6490end-11.98_0.54_0.85_-10.74_5.93_-1.45_25.94_-24.44_13.00_0.1453_0.7244_-0.1809_0.6492end-12.08_0.35_0.88_-10.74_5.93_-1.45_26.31_-25.12_12.13_0.1454_0.7244_-0.1805_0.6493end-12.06_0.07_0.94_-10.74_5.93_-1.45_26.31_-25.12_12.13_0.1454_0.7244_-0.1805_0.6493end-11.95_-0.36_0.97_-7.16_-10.41_15.67_26.31_-25.12_12.13_0.1454_0.7244_-0.1805_0.6493end-11.95_-0.36_0.97_-7.61_-23.61_17.68_26.31_-25.12_12.13_0.1458_0.7254_-0.1789_0.6485end-11.67_-0.75_0.96_-7.61_-23.61_17.68_26.31_-25.12_12.13_0.1461_0.7271_-0.1777_0.6469end-11.67_-0.75_0.96_-7.83_-29.43_14.55_27.06_-24.44_10.44_0.1,0.0,0.0,0.0
1541,461_0.7280_-0.1772_0.6459end-11.31_-0.73_0.96_-7.83_-29.43_14.55_27.06_-24.44_10.44_0.1461_0.7280_-0.1772_0.6459end-11.23_-0.63_0.95_-7.83_-29.43_14.55_25.94_-25.12_11.69_0.1461_0.7280_-0.1772_0.6459end,0.0,0.0,0.0
1542,-11.18_-0.54_1.00_-7.83_-29.43_14.55_25.94_-25.12_11.69_0.1451_0.7316_-0.1765_0.6423end-11.04_-0.42_0.96_-7.83_-29.43_14.55_25.94_-25.12_11.69_0.1445_0.7322_-0.1768_0.6417end-10.83_0.07_0.95_-7.83_-29.43_14.55_25.94_-25.12_11.69_0.1445_0.7322_-0.1768_0.6417end-10.83_0.07_0.95_-7.83_-29.43_14.55_25.94_-25.12_11.69_0.1419_0.7332_-0.1787_0.6406end-10.61_0.58_0.91_-7.83_-29.43_14.55_25.94_-25.12_11.69_0.1407_0.7334_-0.1798_0.6403end-10.45_0.67_0.88_-7.83_-29.43_14.55_25.94_-25.12_11.69_0.1394_0.7335_-0.1810_0.6402end-10.05_0.93_0.76_-6.71_-12.53_-45.55_25.94_-25.12_11.69_0.1379_0.7335_-0.1823_0.6401end-10.05_0.93_0.76_-6.71_-12.53_-45.55_26.31_-24.19_9.94_0.1379_0.7335_-0.1823_0.6401end-10.05_0.93_0.76_-8.06_-15.55_-53.49_26.31_-24.19_9.94_0.1345_0.7335_-0.1852_0.6400end-10.05_0.93_0.76_-8.06_-15.55_-53.49_26.31_-24.19_9.94_0.1309_0.7336_-0.1884_0.6397end,0.0,0.0,0.0
1543,,0.0,0.0,0.0
1544,-10.05_0.93_0.76_-8.50_-15.89_-55.51_26.31_-24.19_9.94_0.1289_0.7336_-0.1900_0.6396end-10.05_0.93_0.76_-8.50_-15.89_-55.51_27.06_-24.81_11.25_0.1289_0.7336_-0.1900_0.6396end-8.61_1.07_0.55_-8.50_-15.89_-55.51_27.06_-24.81_11.25_0.1251_0.7336_-0.1933_0.6394end-8.31_0.96_0.59_-8.50_-15.89_-55.51_27.06_-24.81_11.25_0.1214_0.7333_-0.1965_0.6395end-8.20_1.00_0.61_-6.71_-6.49_-52.26_27.06_-24.81_11.25_0.1214_0.7333_-0.1965_0.6395end-8.20_1.00_0.61_-6.71_-6.49_-52.26_27.06_-24.81_11.25_0.1165_0.7325_-0.2012_0.6398end-7.91_0.93_0.65_-6.71_-6.49_-52.26_27.06_-24.81_11.25_0.1151_0.7322_-0.2026_0.6400end-7.77_0.92_0.79_-6.71_-6.49_-52.26_27.06_-22.44_10.44_0.1137,0.0,0.0,0.0
1545,_0.7319_-0.2040_0.6401end-7.72_0.88_0.80_-1.79_-4.48_-40.29_27.06_-22.44_10.44_0.1137_0.7319_-0.2040_0.6401end-7.72_0.88_0.80_-1.79_-4.48_-40.29_28.87_-22.44_9.13_0.1104_0.7313_-0.2078_0.6402end,0.0,0.0,0.0
1546,,0.0,0.0,0.0
1547,-7.68_0.96_0.84_-1.79_-4.48_-40.29_28.87_-22.44_9.13_0.1094_0.7312_-0.2090_0.6401end-7.68_0.96_0.84_3.25_-11.30_-27.19_28.12_-23.12_9.94_0.1094_0.7312_-0.2090_0.6401end-7.71_1.11_0.82_4.14_-12.87_-23.84_28.12_-23.12_9.94_0.1094_0.7312_-0.2090_0.6401end-7.71_1.11_0.82_4.14_-12.87_-23.84_28.87_-22.75_10.81_0.1070_0.7316_-0.2130_0.6387end-7.65_1.52_0.75_4.14_-12.87_-23.84_28.87_-22.44_10.44_0.1070_0.7316_-0.2130_0.6387end-7.63_1.57_0.81_7.39_-20.59_-11.86_28.87_-22.44_10.44_0.1070_0.7316_-0.2130_0.6387end-7.63_1.57_0.81_8.84_-21.93_-7.27_28.87_-22.44_10.44_0.1061_0.7327_-0.2153_0.6368end-7.64_1.85_0.78_9.29_-21.60_-5.93_28.87_-22.44_10.44_0.1060_0.7336_-0,0.0,0.0,0.0
1548,.2166_0.6354end-7.66_1.96_0.79_9.29_-21.60_-5.93_29.25_-21.75_9.56_0.1060_0.7341_-0.2171_0.6346end-7.63_1.99_0.83_9.29_-21.60_-5.93_29.63_-21.37_10.00_0.1060_0.7345_-0.2177_0.6339end,0.0,0.0,0.0
1549,,0.0,0.0,0.0
1550,-7.63_2.05_0.83_11.64_-15.55_-1.90_29.63_-21.37_10.00_0.1060_0.7345_-0.2177_0.6339end-7.63_2.05_0.83_11.64_-15.55_-1.90_29.63_-21.37_10.00_0.1068_0.7355_-0.2191_0.6322end-7.66_2.24_0.92_11.64_-15.55_-1.90_29.63_-21.37_10.00_0.1071_0.7357_-0.2195_0.6318end-7.71_2.27_0.95_13.65_-6.83_2.57_29.63_-21.37_10.00_0.1071_0.7357_-0.2195_0.6318end-7.79_2.28_0.98_13.99_-5.48_4.14_29.63_-21.37_10.00_0.1071_0.7357_-0.2195_0.6318end-7.79_2.28_0.98_13.99_-5.48_4.14_28.87_-20.69_8.75_0.1093_0.7361_-0.2208_0.6304end-7.82_2.46_1.07_13.99_-5.48_4.14_28.87_-20.69_8.75_0.1100_0.7361_-0.2211_0.6302end-7.84_2.49_1.10_13.99_-5.48_4.14_28.87_-20.69_8.75_0.1108_0.7362_-0.2213_0.,0.0,0.0,0.0
1551,6299end-7.80_2.59_1.14_13.99_-5.48_4.14_30.00_-22.81_9.56_0.1108_0.7362_-0.2213_0.6299end-7.76_2.64_1.14_13.99_-5.48_4.14_30.00_-22.81_9.56_0.1135_0.7365_-0.2216_0.6290end,0.0,0.0,0.0
1552,,0.0,0.0,0.0
1553,-7.76_2.64_1.14_18.24_-1.12_17.57_29.63_-21.75_10.88_0.1145_0.7365_-0.2216_0.6287end-7.93_2.80_1.19_19.58_0.22_19.70_29.25_-21.75_9.56_0.1145_0.7365_-0.2216_0.6287end-8.02_2.79_1.16_20.48_2.80_22.16_29.25_-21.75_9.56_0.1183_0.7366_-0.2213_0.6280end-8.13_2.85_1.17_20.48_2.80_22.16_30.00_-21.75_9.94_0.1199_0.7366_-0.2211_0.6279end-8.26_3.02_1.11_20.48_2.80_22.16_30.00_-21.75_9.94_0.1216_0.7364_-0.2208_0.6279end-8.28_3.11_1.13_20.48_2.80_22.16_30.00_-21.75_11.31_0.1216_0.7364_-0.2208_0.6279end-8.37_3.15_1.13_20.48_2.80_22.16_30.00_-21.75_11.31_0.1274_0.7357_-0.2197_0.6279end-8.57_3.36_1.21_20.48_2.80_22.16_30.00_-22.44_10.44_0.1296_0.7354_-0.2192_0.6280end-8.57_3.36_1.21_20.48_2.80_22.16_28.50_-22.75_10.81_0.1320_0.7351_-0.2186_0.6280end-8.65_3.37_1.28_20.48_2.80_22.16_28.50_-22.75_10.81_0.1320_0.7351_-0.2186_0.6280end,0.0,0.0,0.0
1554,,0.0,0.0,0.0
1555,-8.59_3.39_1.25_20.48_2.80_22.16_28.50_-22.75_10.81_0.1397_0.7346_-0.2167_0.6276end-8.57_3.37_1.31_20.48_2.80_22.16_27.75_-22.44_10.88_0.1424_0.7346_-0.2161_0.6272end-8.57_3.34_1.35_20.48_2.80_22.16_27.75_-22.44_10.88_0.1451_0.7347_-0.2155_0.6267end-8.54_3.30_1.37_20.48_2.80_22.16_27.75_-22.44_10.88_0.1479_0.7349_-0.2148_0.6260end-8.54_3.30_1.37_20.48_2.80_22.16_27.75_-22.44_10.88_0.1510_0.7351_-0.2142_0.6252end-8.54_3.30_1.37_20.48_2.80_22.16_27.75_-22.44_10.88_0.1540_0.7355_-0.2137_0.6243end-8.75_3.14_1.40_20.48_2.80_22.16_28.12_-23.50_10.44_0.1540_0.7355_-0.2137_0.6243end-8.75_3.14_1.40_50.69_-13.43_60.54_28.12_-23.50_10.44_0.1603_0.7363_-0.2126_0.6,0.0,0.0,0.0
1556,221end-8.75_3.14_1.40_50.69_-13.43_60.54_28.12_-23.50_10.44_0.1666_0.7374_-0.2117_0.6195end-8.75_3.14_1.40_53.60_-19.14_60.21_28.12_-23.50_10.44_0.1698_0.7380_-0.2113_0.6179end,0.0,0.0,0.0
1557,-8.78_3.23_1.36_53.60_-19.14_60.21_28.12_-23.50_10.44_0.1730_0.7386_-0.2111_0.6163end-8.78_3.23_1.36_56.74_-20.70_57.52_28.12_-23.50_10.44_0.1793_0.7400_-0.2106_0.6132end-8.61_3.23_1.31_56.74_-20.70_57.52_28.12_-23.50_10.44_0.1793_0.7400_-0.2106_0.6132end-8.61_3.23_1.31_58.75_-17.57_54.83_28.12_-23.50_10.44_0.1890_0.7416_-0.2103_0.6083end-8.53_2.94_1.29_58.75_-17.57_54.83_28.12_-23.50_10.44_0.1923_0.7421_-0.2103_0.6068end-8.47_2.90_1.23_59.31_-13.32_53.60_28.12_-23.50_10.44_0.1923_0.7421_-0.2103_0.6068end-8.47_2.78_1.21_59.31_-13.32_53.60_27.06_-23.44_12.63_0.2021_0.7429_-0.2102_0.6025end-8.37_2.78_1.23_59.31_-13.32_53.60_27.06_-24.75_13.00_0.2055_0.7430_-0.2101_0.6013end-8.44_2.74_1.19_59.31_-13.32_53.60_27.06_-24.75_13.00_0.2055_0.7430_-0.2101_0.6013end-8.37_2.79_1.18_59.31_-13.32_53.60_27.06_-24.75_13.00_0.2055_0.7430_-0.2101_0.6013end,0.0,0.0,0.0
1558,,0.0,0.0,0.0
1559,-8.37_2.79_1.18_59.31_-13.32_53.60_27.06_-24.75_13.00_0.2191_0.7429_-0.2095_0.5968end-8.37_2.85_1.21_59.31_-13.32_53.60_27.06_-24.75_13.00_0.2225_0.7428_-0.2093_0.5958end-8.42_2.93_1.23_59.31_-13.32_53.60_27.06_-24.75_13.00_0.2260_0.7426_-0.2090_0.5948end-8.37_2.90_1.23_59.31_8.84_60.99_27.06_-24.75_13.00_0.2260_0.7426_-0.2090_0.5948end-8.37_2.90_1.23_59.31_8.84_60.99_27.06_-24.75_13.00_0.2368_0.7418_-0.2076_0.5920end-8.47_2.91_1.25_59.31_8.84_60.99_24.56_-23.75_14.81_0.2407_0.7414_-0.2070_0.5912end-8.86_2.93_1.32_59.31_8.84_60.99_24.56_-23.75_14.81_0.2444_0.7410_-0.2063_0.5904end-9.12_2.87_1.46_62.00_17.35_68.71_24.94_-25.06_14.75_0.2444_0.7410_-0.206,0.0,0.0,0.0
1560,3_0.5904end-9.12_2.87_1.46_63.23_19.70_71.06_24.94_-25.06_14.75_0.2444_0.7410_-0.2063_0.5904end-9.12_2.87_1.46_63.23_19.70_71.06_25.31_-24.75_14.75_0.2525_0.7399_-0.2047_0.5889end,0.0,0.0,0.0
1561,-9.12_2.87_1.46_67.14_21.37_76.10_25.31_-24.75_14.75_0.2650_0.7381_-0.2020_0.5867end-9.76_2.78_1.75_67.14_21.37_76.10_24.19_-24.37_15.19_0.2650_0.7381_-0.2020_0.5867end-9.76_2.78_1.75_71.17_15.22_79.34_24.19_-24.37_15.19_0.2738_0.7368_-0.2001_0.5850end-9.76_2.78_1.75_72.40_12.65_80.12_24.19_-24.37_15.19_0.2828_0.7357_-0.1982_0.5827end-10.11_2.57_1.97_72.40_12.65_80.12_24.19_-24.37_15.19_0.2873_0.7351_-0.1974_0.5815end-10.15_2.52_1.93_72.40_12.65_80.12_24.19_-24.37_15.19_0.2919_0.7346_-0.1967_0.5801end-10.13_2.43_1.99_72.40_12.65_80.12_24.19_-24.37_15.19_0.2919_0.7346_-0.1967_0.5801end-10.31_2.37_1.91_72.40_12.65_80.12_24.19_-24.37_15.19_0.3057_0.7333_-,0.0,0.0,0.0
1562,0.1948_0.5751end-10.38_2.32_1.89_72.40_12.65_80.12_24.19_-24.37_15.19_0.3057_0.7333_-0.1948_0.5751end-10.58_2.25_1.83_72.40_12.65_80.12_24.19_-24.37_15.19_0.3104_0.7328_-0.1943_0.5734end,0.0,0.0,0.0
1563,,0.0,0.0,0.0
1564,-10.79_2.18_1.76_83.48_1.34_79.01_24.19_-24.37_15.19_0.3104_0.7328_-0.1943_0.5734end-10.79_2.18_1.76_83.48_1.34_79.01_21.25_-26.44_16.44_0.3245_0.7312_-0.1931_0.5681end-10.79_2.18_1.76_83.48_1.34_79.01_21.25_-26.44_16.44_0.3340_0.7299_-0.1923_0.5646end-10.98_2.27_1.72_84.49_5.37_72.63_20.88_-26.44_18.62_0.3386_0.7291_-0.1920_0.5629end-10.97_2.26_1.75_84.49_5.37_72.63_20.88_-26.44_18.62_0.3386_0.7291_-0.1920_0.5629end-10.98_2.25_1.82_84.49_5.37_72.63_20.88_-26.44_18.62_0.3386_0.7291_-0.1920_0.5629end-10.94_2.21_1.98_84.49_5.37_72.63_20.88_-26.44_18.62_0.3521_0.7263_-0.1915_0.5584end-10.94_2.21_1.98_84.49_5.37_72.63_20.88_-26.44_18.62_0.3564_0.7252_-0.19,0.0,0.0,0.0
1565,13_0.5572end-10.94_2.21_1.98_82.92_21.49_55.06_20.88_-26.44_18.62_0.3607_0.7239_-0.1912_0.5561end-10.94_2.21_1.98_82.92_21.49_55.06_20.88_-26.44_18.62_0.3690_0.7212_-0.1911_0.5543end,0.0,0.0,0.0
1566,,0.0,0.0,0.0
1567,-10.94_2.21_1.98_81.58_24.95_50.69_20.88_-26.44_18.62_0.3729_0.7197_-0.1910_0.5535end-10.86_1.71_2.29_81.58_24.95_50.69_20.88_-26.44_18.62_0.3771_0.7181_-0.1911_0.5527end-10.86_1.71_2.29_81.58_24.95_50.69_20.88_-26.44_18.62_0.3849_0.7151_-0.1912_0.5512end-10.87_1.60_2.36_81.58_24.95_50.69_18.06_-25.69_20.37_0.3849_0.7151_-0.1912_0.5512end-10.83_1.39_2.36_81.13_16.34_46.66_18.06_-25.69_20.37_0.3927_0.7123_-0.1918_0.5492end-10.76_1.31_2.36_80.80_9.51_45.43_18.06_-25.69_20.37_0.4001_0.7098_-0.1926_0.5468end-10.73_1.29_2.34_80.80_9.51_45.43_18.06_-25.69_20.37_0.4039_0.7086_-0.1931_0.5454end-10.56_1.10_2.37_80.80_9.51_45.43_18.06_-25.69_20.37_0.4075_0.7074_,0.0,0.0,0.0
1568,-0.1937_0.5441end-10.49_1.04_2.36_80.80_9.51_45.43_18.06_-25.69_21.25_0.4110_0.7063_-0.1943_0.5426end-10.43_0.98_2.37_80.12_-0.78_39.50_18.06_-25.69_21.25_0.4110_0.7063_-0.1943_0.5426end,0.0,0.0,0.0
1569,-10.43_0.98_2.37_80.12_-0.78_39.50_17.69_-24.63_21.25_0.4214_0.7029_-0.1966_0.5383end-10.22_0.88_2.45_80.12_-0.78_39.50_17.69_-24.63_21.25_0.4247_0.7017_-0.1974_0.5369end-10.17_0.82_2.49_80.12_-0.78_39.50_17.69_-24.63_21.25_0.4247_0.7017_-0.1974_0.5369end-10.17_0.82_2.49_78.56_-0.67_32.90_17.31_-24.94_21.25_0.4313_0.6993_-0.1991_0.5342end-10.17_0.82_2.49_78.00_-0.90_32.01_17.31_-24.94_21.25_0.4376_0.6969_-0.2009_0.5316end-10.17_0.82_2.49_78.00_-0.90_32.01_16.94_-24.25_22.56_0.4376_0.6969_-0.2009_0.5316end-10.21_0.68_2.43_76.54_-1.34_31.00_16.94_-24.25_22.56_0.4437_0.6945_-0.2026_0.5289end-10.21_0.68_2.43_72.74_-5.37_28.76_16.94_-24.25_22.56_0.4437_0.6945_-0.2026_0.5289end-10.21_0.68_2.43_72.74_-5.37_28.76_16.94_-24.25_24.31_0.4523_0.6913_-0.2053_0.5248end-10.32_0.61_2.62_72.74_-5.37_28.76_16.94_-24.25_24.31_0.4551_0.6902_-0.2062_0.5234end,0.0,0.0,0.0
1570,,0.0,0.0,0.0
1571,-10.27_0.63_2.65_68.49_-7.05_23.95_16.94_-24.25_24.31_0.4551_0.6902_-0.2062_0.5234end-10.27_0.63_2.65_68.49_-7.05_23.95_16.94_-24.25_24.31_0.4628_0.6872_-0.2093_0.5194end-10.28_0.53_2.77_68.49_-7.05_23.95_16.56_-22.94_22.62_0.4652_0.6862_-0.2104_0.5182end-10.24_0.51_2.80_68.49_-7.05_23.95_16.56_-22.94_22.62_0.4673_0.6851_-0.2115_0.5172end-10.15_0.51_2.77_68.49_-7.05_23.95_16.56_-22.94_22.62_0.4673_0.6851_-0.2115_0.5172end-10.15_0.51_2.77_68.49_-7.05_23.95_15.88_-22.56_24.81_0.4713_0.6832_-0.2137_0.5153end-10.11_0.51_2.80_68.49_-7.05_23.95_15.88_-22.56_24.81_0.4713_0.6832_-0.2137_0.5153end-10.08_0.50_2.78_52.26_-6.71_1.23_16.94_-22.19_24.31_0.4713_0.6832_-0.2137_0.5153end-10.02_0.52_2.74_52.26_-6.71_1.23_16.56_-22.50_25.62_0.4713_0.6832_-0.2137_0.5153end-10.08_0.46_2.72_52.26_-6.71_1.23_16.56_-22.50_25.62_0.4809_0.6774_-0.2216_0.5107end,0.0,0.0,0.0
1572,,0.0,0.0,0.0
1573,-10.06_0.43_2.73_46.11_-7.61_-7.27_16.56_-22.50_25.62_0.4822_0.6765_-0.2229_0.5101end-10.06_0.43_2.73_41.96_-7.83_-11.64_16.94_-21.50_24.31_0.4833_0.6755_-0.2244_0.5096end-10.06_0.54_2.73_41.96_-7.83_-11.64_16.94_-21.50_24.31_0.4853_0.6738_-0.2273_0.5087end-10.06_0.54_2.73_38.83_-8.84_-15.33_15.88_-22.50_27.00_0.4861_0.6730_-0.2,0.0,0.0,0.0
1574,288_0.5083end-10.05_0.64_2.74_38.83_-8.84_-15.33_15.88_-22.50_27.00_0.4868_0.6722_-0.2303_0.5080end-10.06_0.68_2.72_38.83_-8.84_-15.33_16.94_-21.50_26.50_0.4868_0.6722_-0.2303_0.5080end-10.01_0.70_2.71_38.83_-8.84_-15.33_16.94_-21.50_26.50_0.4885_0.6699_-0.2351_0.5074end-9.96_0.72_2.65_38.83_-8.84_-15.33_17.69_-21.12_26.12_0.4888_0.6691_-0.2367_0.5073end-9.94_0.76_2.63_38.83_-8.84_-15.33_17.31_-21.12_24.75_0.4890_0.6685_-0.2383_0.5072end-9.92_0.79_2.59_25.96_-12.42_-28.31_17.31_-21.12_24.75_0.4890_0.6685_-0.2383_0.5072end,0.0,0.0,0.0
1575,,0.0,0.0,0.0
1576,-9.83_0.79_2.49_25.96_-12.42_-28.31_17.31_-21.12_24.75_0.4890_0.6667_-0.2434_0.5071end-9.77_0.80_2.45_25.96_-12.42_-28.31_17.31_-21.12_24.75_0.4888_0.6662_-0.2452_0.5071end-9.75_0.82_2.46_25.96_-12.42_-28.31_16.94_-20.81_25.25_0.4885_0.6658_-0.2469_0.5071end-9.75_0.82_2.46_17.68_-16.11_-36.15_16.94_-20.81_25.25_0.4882_0.6653_-0.2487_0.5072end-9.70_0.90_2.33_17.68_-16.11_-36.15_18.44_-20.44_26.50_0.4882_0.6653_-0.2487_0.5072end-9.70_0.90_2.33_13.20_-13.20_-41.07_18.44_-20.44_26.50_0.4865_0.6640_-0.2541_0.5078end-9.70_0.90_2.33_11.41_-11.08_-43.20_17.31_-20.81_25.62_0.4858_0.6636_-0.2558_0.5082end-9.70_0.90_2.33_11.41_-11.08_-43.20_17.31_-20.81_25.62_0.4,0.0,0.0,0.0
1577,858_0.6636_-0.2558_0.5082end-9.90_1.54_2.17_8.17_-4.70_-46.55_17.31_-20.81_25.62_0.4858_0.6636_-0.2558_0.5082end-9.90_1.54_2.17_8.17_-4.70_-46.55_18.44_-20.44_26.12_0.4834_0.6619_-0.2609_0.5101end,0.0,0.0,0.0
1578,,0.0,0.0,0.0
1579,,0.0,0.0,0.0
1580,,0.0,0.0,0.0
1581,-10.45_2.41_2.17_8.17_-4.70_-46.55_18.44_-20.44_26.12_0.4818_0.6605_-0.2640_0.5117end-10.61_2.55_2.12_8.17_-4.70_-46.55_18.37_-19.37_25.75_0.4811_0.6599_-0.2655_0.5126end-10.78_2.68_2.16_6.60_3.80_-44.20_18.37_-19.37_25.75_0.4811_0.6599_-0.2655_0.5126end-11.16_2.99_2.12_6.60_3.80_-44.20_19.12_-19.37_26.56_0.4790_0.6575_-0.2694_0,0.0,0.0,0.0
1582,,0.0,0.0,0.0
1583,.5154end-11.36_3.04_2.17_6.60_3.80_-44.20_18.75_-19.06_26.12_0.4785_0.6567_-0.2706_0.5163end-11.53_3.26_2.14_6.60_3.80_-44.20_18.75_-19.06_26.12_0.4785_0.6567_-0.2706_0.5163end-11.53_3.38_2.06_6.60_3.80_-44.20_18.75_-19.06_26.12_0.4775_0.6553_-0.2727_0.5178end-11.53_3.38_2.06_6.60_3.80_-44.20_20.19_-19.44_25.62_0.4765_0.6544_-0.,0.0,0.0,0.0
1584,2750_0.5187end-11.45_3.26_2.06_6.60_3.80_-44.20_20.19_-19.44_25.62_0.4759_0.6542_-0.2762_0.5189end-11.07_2.87_1.89_6.60_3.80_-44.20_20.19_-19.44_25.62_0.4752_0.6541_-0.2776_0.5189end,0.0,0.0,0.0
1585,-10.89_2.77_1.87_5.48_-27.75_-31.78_20.19_-19.44_25.62_0.4752_0.6541_-0.2776_0.5189end-10.73_2.70_1.84_5.15_-31.67_-34.80_20.19_-19.44_25.62_0.4724_0.6545_-0.2828_0.5182end-10.58_2.64_1.76_5.15_-31.67_-34.80_20.19_-19.44_25.62_0.4713_0.6546_-0.2847_0.5180end-10.43_2.58_1.71_5.15_-31.67_-34.80_20.19_-19.44_25.62_0.4699_0.6548_-0.2869_0.5179end-9.89_2.37_1.55_5.15_-31.67_-34.80_20.19_-19.44_25.62_0.4684_0.6548_-0.2892_0.5179end-9.59_2.32_1.48_1.68_-34.36_-57.97_20.19_-19.44_25.62_0.4684_0.6548_-0.2892_0.5179end-9.43_2.31_1.39_1.68_-34.36_-57.97_20.19_-19.44_25.62_0.4632_0.6547_-0.2965_0.5186end-9.31_2.31_1.33_1.68_-34.36_-57.97_20.19_-19.44_25.62_0.4612_0.6545_-0.2991_0.5190end-8.95_2.20_1.21_1.68_-34.36_-57.97_20.19_-19.44_25.62_0.4612_0.6545_-0.2991_0.5190end-8.95_2.20_1.21_-3.47_-31.33_-74.86_21.19_-18.44_26.56_0.4612_0.6545_-0.2991_0.5190end-8.95_2.20_1.21_-3.47_-31.33_-74.86_21.94_-18.12_24.87_0.4548_0.6539_-0.3073_0.5208end-8.50_2.20_1.17_-3.47_-31.33_-74.86_21.94_-18.12_24.87_0.4548_0.6539_-0.3073_0.5208end-8.33_2.18_1.10_-10.07_-32.12_-75.65_23.38_-16.69_24.87_0.4548_0.6539_-0.3073_0.5208end-8.20_2.15_1.12_-11.86_-32.23_-74.86_23.38_-16.69_24.87_0.4454_0.6530_-0.3178_0.5236end-8.20_2.15_1.12_-13.54_-31.78_-73.19_23.38_-16.69_24.87_0.4405_0.6528_-0.3228_0.5250end-8.05_2.20_1.15_-13.54_-31.78_-73.19_23.38_-16.69_24.87_0.4380_0.6528_-0.3252_0.5257end-8.10_2.22_1.14_-17.35_-28.20_-66.92_23.38_-16.69_24.87_0.4380_0.6528_-0.3252_0.5257end-8.11_2.29_1.12_-17.35_-28.20_-66.92_23.38_-16.69_24.87_0.4331_0.6527_-0.3295_0.5271end-8.11_2.29_1.12_-18.69_-26.41_-64.68_23.38_-16.69_24.87_0.4307_0.6527_-0.3315_0.5278end-8.11_2.29_1.12_-20.14_-24.84_-61.88_23.75_-16.06_24.00_0.4307_0.6527_-0.3315_0.5278end,0.0,0.0,0.0
1586,-8.11_2.29_1.12_-23.28_-21.49_-55.95_23.75_-16.06_24.00_0.4236_0.6529_-0.3367_0.5300end-8.36_2.53_1.09_-23.28_-21.49_-55.95_24.12_-16.06_23.56_0.4236_0.6529_-0.3367_0.5300end-8.36_2.53_1.09_-24.95_-20.03_-53.04_24.12_-16.06_23.56_0.4214_0.6530_-0.3380_0.5308end-8.57_2.76_1.10_-28.42_-18.69_-46.78_24.12_-16.06_23.56_0.4149_0.6537_-0.3413_0.5330end-8.79_2.86_1.06_-28.42_-18.69_-46.78_24.12_-16.06_23.56_0.4149_0.6537_-0.3413_0.5330end-8.85_2.85_1.04_-34.36_-18.80_-36.03_24.87_-15.31_24.44_0.4149_0.6537_-0.3413_0.5330end-8.85_2.85_1.04_-34.36_-18.80_-36.03_24.87_-15.31_24.44_0.4064_0.6554_-0.3441_0.5356end-8.95_3.09_1.05_-34.36_-18.80_-36.03_24.87_-15.31_24.44_0.4044_0.6559_-0.3445_0.5362end-9.00_3.19_1.05_-34.36_-18.80_-36.03_25.56_-15.69_24.00_0.4023_0.6565_-0.3448_0.5369end-9.04_3.30_1.04_-40.29_-15.67_-32.23_25.56_-15.69_24.00_0.4023_0.6565_-0.3448_0.5369end,0.0,0.0,0.0
1587,,0.0,0.0,0.0
1588,,0.0,0.0,0.0
1589,-9.04_3.30_1.04_-40.29_-15.67_-32.23_25.56_-15.69_24.00_0.3958_0.6582_-0.3456_0.5391end-9.16_3.50_1.04_-40.29_-15.67_-32.23_25.56_-15.69_24.00_0.3936_0.6588_-0.3458_0.5400end-9.22_3.58_1.05_-40.29_-15.67_-32.23_25.56_-15.69_24.00_0.3936_0.6588_-0.3458_0.5400end-9.27_3.61_1.06_-46.66_-9.29_-35.36_25.56_-15.69_24.00_0.3936_0.6588_,0.0,0.0,0.0
1590,-0.3458_0.5400end-9.27_3.61_1.06_-46.66_-9.29_-35.36_25.88_-17.06_24.00_0.3843_0.6606_-0.3462_0.5441end-9.38_3.70_1.07_-46.66_-9.29_-35.36_25.88_-17.06_24.00_0.3820_0.6611_-0.3462_0.5452end-9.45_3.75_1.02_-46.66_-9.29_-35.36_25.88_-17.06_24.00_0.3820_0.6611_-0.3462_0.5452end-9.45_3.75_1.02_-46.66_-9.29_-35.36_25.88_-17.06_24.00_0.3743_0.6627_-0.3462_0.5486end-9.34_3.76_0.64_-46.66_-9.29_-35.36_25.88_-17.06_24.00_0.3743_0.6627_-0.3462_0.5486end-9.28_3.70_0.54_-46.66_-9.29_-35.36_26.25_-15.00_22.31_0.3743_0.6627_-0.3462_0.5486end,0.0,0.0,0.0
1591,,0.0,0.0,0.0
1592,-9.28_3.70_0.54_-62.22_-17.01_-36.37_26.62_-16.06_22.69_0.3660_0.6648_-0.3460_0.5517end-9.28_3.70_0.54_-62.22_-17.01_-36.37_26.62_-16.06_22.69_0.3602_0.6664_-0.3457_0.5538end-9.17_3.53_0.32_-62.22_-17.01_-36.37_26.62_-16.06_22.69_0.3572_0.6672_-0.3455_0.5549end-9.09_3.38_0.20_-62.22_-17.01_-36.37_27.37_-16.44_21.87_0.3543_0.6680_-0.3451_0.5560end-9.04_3.32_0.16_-62.22_-17.01_-36.37_27.37_-16.44_21.87_0.3486_0.6692_-0.3442_0.5587end-8.98_3.24_0.09_-66.25_1.45_-33.01_27.37_-16.44_21.87_0.3459_0.6697_-0.3436_0.5602end-8.95_3.13_0.04_-66.25_1.45_-33.01_27.37_-16.44_21.87_0.3459_0.6697_-0.3436_0.5602end-8.95_3.13_0.04_-66.70_6.15_-30.66_27.37_-16.44_21.87_0.3406_0.6705_-0.3422_0.5634end-8.90_3.00_0.03_-66.70_6.15_-30.66_27.37_-16.44_21.87_0.3380_0.6708_-0.3413_0.5650end-8.90_3.00_0.03_-67.81_7.83_-27.64_27.37_-16.44_21.87_0.3354_0.6713_-0.3404_0.5666end,0.0,0.0,0.0
1593,,0.0,0.0,0.0
1594,-8.88_2.79_-0.02_-67.81_7.83_-27.64_27.37_-16.44_21.87_0.3329_0.6716_-0.3394_0.5682end-8.88_2.79_-0.02_-70.05_3.92_-22.05_27.37_-16.44_21.87_0.3279_0.6727_-0.3372_0.5713end-8.85_2.68_-0.23_-70.05_3.92_-22.05_27.37_-16.44_21.87_0.3253_0.6733_-0.3361_0.5727end-8.90_2.56_-0.25_-71.62_-0.67_-18.35_27.37_-16.44_21.87_0.3253_0.6733_-0.3361_0.5727end-8.86_2.46_-0.32_-72.18_-1.68_-16.56_27.37_-16.44_21.87_0.3177_0.6755_-0.3324_0.5764end-8.88_2.37_-0.36_-72.18_-1.68_-16.56_27.37_-16.44_21.87_0.3152_0.6763_-0.3311_0.5776end-8.87_2.27_-0.38_-72.18_-1.68_-16.56_27.37_-16.44_21.87_0.3127_0.6771_-0.3297_0.5788end-9.05_1.98_-0.39_-72.18_-1.68_-16.56_27.75_-16.44_20.06_0.3127_0.6771_-0.3297_0.5788end-9.13_1.85_-0.44_-71.73_3.36_-12.42_27.75_-16.44_20.06_0.3127_0.6771_-0.3297_0.5788end-9.13_1.85_-0.44_-71.73_3.36_-12.42_27.75_-16.44_20.06_0.3032_0.6799_-0.3239_0.5839end,0.0,0.0,0.0
1595,,0.0,0.0,0.0
1596,,0.0,0.0,0.0
1597,-9.17_1.63_-0.45_-71.73_3.36_-12.42_27.75_-16.44_20.06_0.3032_0.6799_-0.3239_0.5839end-9.10_1.54_-0.48_-68.82_7.16_-14.21_27.75_-16.44_20.06_0.3032_0.6799_-0.3239_0.5839end-9.11_1.50_-0.50_-68.37_6.38_-15.55_27.75_-16.44_20.06_0.3032_0.6799_-0.3239_0.5839end-9.11_1.50_-0.50_-65.91_3.47_-17.46_27.75_-16.44_20.06_0.2917_0.6824_-0.3171_0.5905end-8.91_1.35_-0.62_-65.91_3.47_-17.46_27.75_-16.44_20.06_0.2892_0.6829_-0.3160_0.5917end-8.90_1.31_-0.64_-63.56_-0.22_-19.25_27.75_-16.44_20.06_0.2892_0.6829_-0.3160_0.5917end-8.90_1.26_-0.71_-61.44_-3.36_-20.14_27.75_-16.44_20.06_0.2846_0.6839_-0.3140_0.5939end-8.82_1.09_-0.88_-61.44_-3.36_-20.14_27.75_-16.44_20.06_,0.0,0.0,0.0
1598,0.2798_0.6850_-0.3122_0.5958end-8.77_1.03_-0.96_-61.44_-3.36_-20.14_27.75_-16.44_20.06_0.2775_0.6855_-0.3114_0.5967end-8.67_0.84_-1.06_-61.44_-3.36_-20.14_27.75_-17.87_19.19_0.2775_0.6855_-0.3114_0.5967end,0.0,0.0,0.0
1599,-8.60_0.64_-1.16_-55.06_-2.69_-21.93_27.75_-17.87_19.19_0.2775_0.6855_-0.3114_0.5967end-8.60_0.64_-1.16_-55.06_-2.69_-21.93_28.12_-17.19_18.75_0.2708_0.6868_-0.3092_0.5994end-8.49_0.33_-1.23_-55.06_-2.69_-21.93_28.12_-17.19_18.75_0.2687_0.6871_-0.3086_0.6004end-8.41_0.13_-1.38_-47.56_6.38_-21.37_28.87_-17.87_19.56_0.2687_0.6871_-0.3086_0.6004end-8.41_0.13_-1.38_-45.99_8.17_-20.59_28.87_-17.87_19.56_0.2629_0.6875_-0.3067_0.6035end-8.41_0.13_-1.38_-43.87_9.85_-19.25_28.50_-17.50_20.50_0.2629_0.6875_-0.3067_0.6035end-8.41_0.13_-1.38_-42.75_10.97_-17.90_28.50_-17.50_20.50_0.2595_0.6874_-0.3054_0.6057end-8.41_0.13_-1.38_-41.18_11.86_-16.34_28.50_-17.50_19.1,0.0,0.0,0.0
1600,9_0.2595_0.6874_-0.3054_0.6057end-8.41_0.13_-1.38_-38.05_12.98_-12.65_28.50_-17.50_19.19_0.2552_0.6872_-0.3032_0.6089end-8.41_0.13_-1.38_-35.92_13.65_-10.85_28.12_-18.19_18.75_0.2529_0.6870_-0.3017_0.6108end,0.0,0.0,0.0
1601,-8.48_-0.60_-1.38_-35.92_13.65_-10.85_29.19_-18.56_19.19_0.2520_0.6868_-0.3009_0.6118end-8.52_-0.75_-1.43_-30.33_18.35_-3.80_29.19_-18.56_19.19_0.2512_0.6865_-0.3001_0.6128end-8.55_-0.89_-1.34_-30.33_18.35_-3.80_29.19_-18.56_19.19_0.2512_0.6865_-0.3001_0.6128end-8.55_-1.00_-1.31_-25.51_21.04_1.01_29.19_-18.56_19.19_0.2512_0.6865_-0.3001_0.6128end-8.59_-1.17_-1.27_-21.26_21.37_5.26_29.19_-18.56_19.19_0.2512_0.6865_-0.3001_0.6128end-8.57_-1.25_-1.15_-21.26_21.37_5.26_29.19_-18.56_19.19_0.2512_0.6865_-0.3001_0.6128end-8.61_-1.34_-1.06_-15.89_19.70_9.74_29.19_-18.56_19.19_0.2512_0.6865_-0.3001_0.6128end-8.60_-1.34_-1.00_-13.65_18.58_11.53_29.19_-18.56_19.1,0.0,0.0,0.0
1602,9_0.2512_0.6865_-0.3001_0.6128end-8.60_-1.37_-0.98_-11.19_17.01_13.43_29.19_-18.56_19.19_0.2501_0.6842_-0.2924_0.6196end-8.54_-1.43_-0.89_-11.19_17.01_13.43_29.19_-18.56_19.19_0.2505_0.6841_-0.2916_0.6199end,0.0,0.0,0.0
1603,,0.0,0.0,0.0
1604,-8.59_-1.45_-0.79_-11.19_17.01_13.43_27.75_-18.94_18.25_0.2505_0.6841_-0.2916_0.6199end-8.64_-1.50_-0.74_-11.19_17.01_13.43_27.75_-18.87_20.06_0.2505_0.6841_-0.2916_0.6199end-8.64_-1.50_-0.74_-11.19_17.01_13.43_28.12_-19.56_18.25_0.2531_0.6841_-0.2887_0.6202end-8.78_-1.47_-0.50_-11.19_17.01_13.43_28.12_-19.56_18.25_0.2539_0.6841_-0.2880_0.6201end-8.82_-1.46_-0.45_5.15_2.46_26.07_28.50_-19.19_18.75_0.2539_0.6841_-0.2880_0.6201end-8.89_-1.36_-0.32_6.49_0.45_27.19_28.50_-19.19_18.75_0.2539_0.6841_-0.2880_0.6201end-8.96_-1.32_-0.29_7.83_-1.79_27.98_28.50_-19.19_18.75_0.2539_0.6841_-0.2880_0.6201end-8.99_-1.23_-0.25_7.83_-1.79_27.98_28.50_-19.19_18.75_0.258,0.0,0.0,0.0
1605,9_0.6854_-0.2853_0.6179end-9.13_-1.20_-0.13_7.83_-1.79_27.98_28.50_-19.19_18.75_0.2589_0.6854_-0.2853_0.6179end-9.21_-1.18_-0.03_7.83_-1.79_27.98_28.12_-20.25_19.12_0.2589_0.6854_-0.2853_0.6179end,0.0,0.0,0.0
1606,,0.0,0.0,0.0
1607,-9.21_-1.18_-0.03_7.83_-1.79_27.98_28.12_-20.25_19.12_0.2633_0.6870_-0.2838_0.6150end-9.11_-1.19_-0.05_7.83_-1.79_27.98_28.12_-20.25_19.12_0.2645_0.6873_-0.2836_0.6142end-9.25_-1.20_0.20_7.83_-1.79_27.98_28.12_-20.25_19.12_0.2645_0.6873_-0.2836_0.6142end-9.37_-1.18_0.17_19.47_-9.96_26.30_28.12_-20.25_19.12_0.2645_0.6873_-0.2836_0.6142end-9.37_-1.18_0.17_20.25_-9.96_25.85_28.12_-20.25_19.12_0.2693_0.6887_-0.2831_0.6108end-9.41_-1.23_0.30_20.25_-9.96_25.85_28.12_-20.25_19.12_0.2706_0.6890_-0.2830_0.6100end-9.45_-1.18_0.32_21.71_-10.41_24.84_28.12_-20.25_19.12_0.2706_0.6890_-0.2830_0.6100end-9.43_-1.16_0.38_22.38_-11.08_23.61_28.12_-20.25_19.12_0.2706_0.6890_-0.2830_0.6100end-9.43_-1.16_0.38_22.38_-11.08_23.61_28.12_-20.25_19.12_0.2755_0.6901_-0.2833_0.6063end-9.47_-0.98_0.49_22.38_-11.08_23.61_28.12_-20.25_19.12_0.2766_0.6903_-0.2835_0.6055end,0.0,0.0,0.0
1608,,0.0,0.0,0.0
1609,-9.52_-0.93_0.53_24.62_-8.62_18.80_28.12_-20.25_19.12_0.2766_0.6903_-0.2835_0.6055end-9.54_-0.90_0.57_24.95_-7.50_17.23_28.12_-20.25_19.12_0.2766_0.6903_-0.2835_0.6055end-9.54_-0.90_0.57_26.07_-4.36_14.32_28.12_-20.25_19.12_0.2812_0.6906_-0.2846_0.6024end-9.61_-0.86_0.61_26.07_-4.36_14.32_27.00_-19.87_20.44_0.2823_0.6906_-0.2850_0.6018end-9.60_-0.77_0.75_26.07_-4.36_14.32_27.00_-19.87_20.44_0.2823_0.6906_-0.2850_0.6018end-9.60_-0.77_0.75_26.07_-4.36_14.32_27.00_-19.87_20.44_0.2856_0.6901_-0.2863_0.6002end-9.57_-0.69_0.80_26.07_-4.36_14.32_27.00_-19.87_20.44_0.2867_0.6899_-0.2867_0.5997end-9.52_-0.65_0.81_26.07_-4.36_14.32_27.00_-19.87_20.44_0.2877_0.68,0.0,0.0,0.0
1610,98_-0.2872_0.5992end-9.50_-0.63_0.82_26.07_-4.36_14.32_27.00_-19.87_20.44_0.2887_0.6895_-0.2877_0.5987end-9.51_-0.65_0.79_25.18_-1.23_7.16_27.00_-19.87_20.44_0.2887_0.6895_-0.2877_0.5987end,0.0,0.0,0.0
1611,,0.0,0.0,0.0
1612,-9.51_-0.65_0.79_25.18_-1.23_7.16_27.00_-19.87_20.44_0.2916_0.6888_-0.2892_0.5974end-9.53_-0.71_0.79_25.18_-1.23_7.16_27.00_-19.87_20.44_0.2925_0.6887_-0.2897_0.5969end-9.50_-0.67_0.78_23.16_-1.90_7.95_27.00_-19.87_20.44_0.2944_0.6884_-0.2906_0.5959end-9.45_-0.67_0.85_21.71_-4.03_7.95_27.00_-19.87_20.44_0.2952_0.6882_-0.2910_0.5955end-9.39_-0.63_0.81_21.71_-4.03_7.95_27.00_-19.87_20.44_0.2960_0.6881_-0.2914_0.5949end-9.38_-0.64_0.93_20.37_-5.26_8.39_27.00_-19.87_20.44_0.2960_0.6881_-0.2914_0.5949end-9.33_-0.59_0.91_19.25_-5.60_8.17_27.00_-19.87_20.44_0.2960_0.6881_-0.2914_0.5949end-9.33_-0.59_0.91_19.25_-5.60_8.17_27.75_-18.56_20.06_0.2991_0.6880_-0.29,0.0,0.0,0.0
1613,30_0.5927end-9.30_-0.50_1.00_19.25_-5.60_8.17_27.75_-18.56_20.06_0.2997_0.6880_-0.2934_0.5922end-9.24_-0.39_0.98_16.79_-7.95_5.37_27.75_-18.56_20.06_0.2997_0.6880_-0.2934_0.5922end,0.0,0.0,0.0
1614,,0.0,0.0,0.0
1615,,0.0,0.0,0.0
1616,-9.29_-0.35_0.96_16.00_-8.73_5.04_27.00_-19.19_20.44_0.2997_0.6880_-0.2934_0.5922end-9.29_-0.33_0.96_16.11_-9.06_3.92_27.00_-19.19_20.44_0.3019_0.6882_-0.2951_0.5901end-9.28_-0.25_0.84_16.11_-9.06_3.92_27.00_-19.19_20.44_0.3024_0.6882_-0.2956_0.5895end-9.16_-0.14_0.80_16.11_-9.06_3.92_26.31_-19.19_20.44_0.3024_0.6882_-0.2956_0.5895end-9.14_-0.10_0.72_16.11_-9.06_3.92_27.75_-19.56_18.75_0.3024_0.6882_-0.2956_0.5895end-9.08_-0.07_0.71_16.11_-9.06_3.92_27.75_-19.56_18.75_0.3036_0.6882_-0.2974_0.5880end-8.93_0.14_0.64_16.11_-9.06_3.92_25.62_-18.87_19.62_0.3038_0.6881_-0.2978_0.5878end-8.93_0.14_0.64_16.11_-9.06_3.92_27.37_-18.87_20.44_0.3040_0.6880_-0.2982_0.5876end-8.84_0.41_0.66_16.11_-9.06_3.92_27.37_-18.87_20.44_0.3040_0.6880_-0.2982_0.5876end-8.90_0.55_0.68_16.11_-9.06_3.92_27.37_-19.56_19.56_0.3040_0.6880_-0.2982_0.5876end,0.0,0.0,0.0
1617,,0.0,0.0,0.0
1618,-8.96_0.68_0.70_16.11_-9.06_3.92_27.37_-19.56_19.56_0.3047_0.6869_-0.2996_0.5879end-9.08_0.96_0.68_16.11_-9.06_3.92_27.37_-19.56_19.56_0.3047_0.6869_-0.2996_0.5879end-9.08_0.96_0.68_16.11_-9.06_3.92_27.75_-18.87_19.56_0.3058_0.6852_-0.3000_0.5891end-9.32_1.39_0.67_9.40_23.50_2.80_27.75_-18.87_19.56_0.3065_0.6845_-0.2999_0.5895end-9.50_1.59_0.69_9.40_23.50_2.80_27.75_-18.87_19.56_0.3073_0.6838_-0.2997_0.5901end-9.52_1.65_0.64_9.40_23.50_2.80_27.75_-18.87_19.56_0.3081_0.6830_-0.2994_0.5906end-9.61_1.71_0.54_12.20_26.07_15.55_27.75_-18.87_19.56_0.3081_0.6830_-0.2994_0.5906end-9.61_1.71_0.54_13.65_22.38_26.30_27.75_-18.87_19.56_0.3081_0.6830_-0.2994_0.5906,0.0,0.0,0.0
1619,end-9.67_1.69_0.58_13.65_22.38_26.30_26.62_-18.19_20.94_0.3132_0.6808_-0.2972_0.5916end-9.54_1.54_0.53_13.65_22.38_26.30_26.62_-18.19_20.94_0.3147_0.6806_-0.2964_0.5915end,0.0,0.0,0.0
1620,,0.0,0.0,0.0
1621,-9.50_1.39_0.48_16.34_5.93_45.88_26.62_-19.50_20.44_0.3147_0.6806_-0.2964_0.5915end-9.50_1.39_0.48_16.34_5.93_45.88_25.94_-18.87_20.56_0.3199_0.6809_-0.2935_0.5898end-9.16_1.10_0.41_16.34_5.93_45.88_25.94_-18.87_20.56_0.3218_0.6813_-0.2925_0.5887end-9.07_1.04_0.39_16.34_5.93_45.88_26.62_-18.50_21.37_0.3236_0.6819_-0.2915_0.5876end-9.08_1.00_0.36_16.34_5.93_45.88_26.62_-18.50_21.37_0.3254_0.6826_-0.2906_0.5862end-9.09_1.05_0.36_19.58_-14.66_54.61_26.62_-18.50_21.37_0.3291_0.6841_-0.2888_0.5833end-9.13_1.17_0.27_19.58_-14.66_54.61_26.62_-18.50_21.37_0.3291_0.6841_-0.2888_0.5833end-9.33_1.36_0.26_22.94_-13.09_49.24_26.62_-18.50_21.37_0.3291_0.6841_-0.2888,0.0,0.0,0.0
1622,_0.5833end-9.46_1.43_0.23_22.94_-13.09_49.24_26.69_-19.87_20.94_0.3362_0.6865_-0.2861_0.5778end-9.54_1.52_0.23_22.94_-13.09_49.24_26.62_-19.19_20.94_0.3380_0.6868_-0.2857_0.5766end,0.0,0.0,0.0
1623,-9.58_1.64_0.15_22.94_-13.09_49.24_26.62_-19.19_20.94_0.3398_0.6870_-0.2853_0.5755end-9.84_2.09_0.08_22.94_-13.09_49.24_26.62_-19.19_20.94_0.3414_0.6870_-0.2851_0.5745end-9.96_2.18_0.09_28.98_0.11_28.20_26.62_-19.19_20.94_0.3447_0.6868_-0.2850_0.5730end-10.05_2.43_0.01_28.98_0.11_28.20_25.62_-20.19_21.81_0.3463_0.6865_-0.2850_0.5724end-10.11_2.53_0.03_28.98_0.11_28.20_25.62_-20.19_21.81_0.3477_0.6861_-0.2852_0.5718end-10.23_2.66_0.02_28.98_0.11_28.20_25.62_-20.19_21.81_0.3491_0.6855_-0.2855_0.5715end-10.23_2.66_0.02_34.02_10.52_8.62_25.25_-19.12_20.94_0.3491_0.6855_-0.2855_0.5715end-10.25_2.82_0.05_34.02_10.52_8.62_25.25_-19.12_20.94_0.3491_0.6855_-0.2,0.0,0.0,0.0
1624,855_0.5715end-10.25_2.82_0.05_37.82_10.52_0.22_25.25_-19.12_20.94_0.3491_0.6855_-0.2855_0.5715end-10.25_2.82_0.05_37.82_10.52_0.22_25.25_-19.12_20.94_0.3545_0.6826_-0.2877_0.5706end,0.0,0.0,0.0
1625,,0.0,0.0,0.0
1626,-10.22_3.00_0.03_37.82_10.52_0.22_24.87_-19.50_20.94_0.3570_0.6808_-0.2896_0.5703end-10.21_3.01_0.00_37.82_10.52_0.22_24.87_-19.50_20.94_0.3593_0.6791_-0.2920_0.5696end-10.13_3.05_-0.02_37.82_10.52_0.22_24.87_-19.50_20.94_0.3605_0.6783_-0.2934_0.5691end-9.96_3.17_-0.11_37.82_10.52_0.22_25.25_-18.50_21.37_0.3605_0.6783_-0.2934_0.5691end-9.87_3.18_-0.13_49.01_-11.19_-11.41_25.25_-18.50_21.37_0.3637_0.6762_-0.2985_0.5669end-9.89_3.23_-0.24_49.01_-11.19_-11.41_25.62_-18.87_20.94_0.3647_0.6755_-0.3005_0.5660end-9.66_3.32_-0.36_49.01_-11.19_-11.41_25.62_-18.87_20.94_0.3657_0.6749_-0.3026_0.5651end-9.60_3.32_-0.39_49.01_-11.19_-11.41_25.62_-18.81_23.06_0.3657_0.6749_-0.3026_0.5651end-9.52_3.30_-0.44_49.01_-11.19_-11.41_25.62_-18.81_23.06_0.3685_0.6726_-0.3094_0.5621end-9.52_3.30_-0.44_49.01_-11.19_-11.41_24.50_-18.12_22.25_0.3696_0.6718_-0.3121_0.5611end,0.0,0.0,0.0
1627,,0.0,0.0,0.0
1628,-9.09_3.30_-0.47_49.01_-11.19_-11.41_24.50_-18.12_22.25_0.3705_0.6708_-0.3146_0.5601end-9.04_3.34_-0.47_65.58_-17.35_-29.54_24.50_-18.12_22.25_0.3705_0.6708_-0.3146_0.5601end-9.04_3.34_-0.47_69.05_-16.56_-32.79_24.50_-18.12_22.25_0.3724_0.6687_-0.3201_0.5583end-9.04_3.34_-0.47_69.05_-16.56_-32.79_24.50_-18.12_22.25_0.3745_0.6662_-0.3260_0.5564end-8.71_3.47_-0.51_69.05_-16.56_-32.79_24.50_-18.12_22.25_0.3755_0.6650_-0.3291_0.5555end-8.69_3.50_-0.61_69.05_-16.56_-32.79_24.50_-18.12_22.25_0.3766_0.6636_-0.3323_0.5544end-8.69_3.50_-0.61_76.10_-19.58_-35.25_25.88_-16.06_23.12_0.3766_0.6636_-0.3323_0.5544end-8.75_3.47_-0.80_76.10_-19.58_-35.25_25.88_-16.06_23.12_0.3799_0.6597_-0.3419_0.5511end-8.82_3.44_-0.88_79.90_-20.93_-33.46_25.88_-15.38_23.56_0.3811_0.6583_-0.3452_0.5498end-8.70_3.45_-0.96_82.81_-18.80_-32.34_25.88_-15.38_23.56_0.3811_0.6583_-0.3452_0.5498end,0.0,0.0,0.0
1629,,0.0,0.0,0.0
1630,,0.0,0.0,0.0
1631,-8.70_3.45_-0.96_84.04_-17.35_-31.78_25.88_-15.38_23.56_0.3850_0.6540_-0.3549_0.5460end-8.69_3.47_-0.94_84.04_-17.35_-31.78_26.62_-14.00_23.12_0.3864_0.6524_-0.3582_0.5448end-8.50_3.57_-0.78_84.04_-17.35_-31.78_26.62_-14.00_23.12_0.3879_0.6508_-0.3613_0.5436end-8.50_3.57_-0.78_89.86_-9.06_-31.33_26.62_-14.69_24.00_0.3879_0.6508_-0.3613_0.5436end-8.50_3.55_-0.78_92.21_-5.93_-31.33_26.62_-14.69_24.00_0.3879_0.6508_-0.3613_0.5436end-8.40_3.50_-0.59_95.12_-2.91_-31.45_26.62_-14.69_24.00_0.3932_0.6450_-0.3710_0.5402end-8.40_3.50_-0.59_95.12_-2.91_-31.45_26.62_-14.69_24.00_0.3951_0.6428_-0.3741_0.5391end-8.40_3.50_-0.59_103.96_4.81_-29.66_26.62_-14.69_24.00_0.3994_0.6382_-0.3805_0.5370end-8.56_3.55_-0.36_103.96_4.81_-29.66_26.25_-12.63_22.75_0.3994_0.6382_-0.3805_0.5370end-8.56_3.55_-0.36_106.65_5.60_-28.54_26.25_-12.63_22.75_0.4043_0.6332_-0.3870_0.5347end,0.0,0.0,0.0
1632,,0.0,0.0,0.0
1633,-8.59_3.62_-0.29_106.65_5.60_-28.54_26.25_-12.63_22.75_0.4043_0.6332_-0.3870_0.5347end-8.61_3.67_-0.24_106.65_5.60_-28.54_27.31_-11.25_24.06_0.4043_0.6332_-0.3870_0.5347end-8.68_3.75_-0.14_106.65_5.60_-28.54_27.31_-11.25_24.06_0.4043_0.6332_-0.3870_0.5347end-8.74_3.76_-0.10_126.12_-6.60_-14.88_27.31_-11.25_24.06_0.4210_0.6183_-0.4070_0.5242end-8.80_3.80_-0.13_126.12_-6.60_-14.88_27.69_-10.88_25.37_0.4242_0.6158_-0.4106_0.5218end-8.78_3.85_-0.10_126.12_-6.60_-14.88_27.69_-10.88_25.37_0.4274_0.6134_-0.4141_0.5192end-8.79_3.86_-0.07_126.12_-6.60_-14.88_27.69_-10.88_25.37_0.4307_0.6110_-0.4177_0.5165end-8.82_3.87_0.01_126.12_-6.60_-14.88_27.69_-10.88_25.37_0.4307_0.6110_-0.4177_0.5165end-8.82_3.87_0.02_126.12_-6.60_-14.88_27.69_-10.88_25.37_0.4375_0.6062_-0.4249_0.5104end-8.82_3.87_0.02_151.52_-20.25_1.68_27.69_-10.88_25.37_0.4446_0.6014_-0.4322_0.5040end,0.0,0.0,0.0
1634,,0.0,0.0,0.0
1635,-8.82_3.87_0.05_151.52_-20.25_1.68_26.94_-7.81_25.37_0.4446_0.6014_-0.4322_0.5040end-8.82_3.87_0.05_155.10_-21.60_2.91_26.94_-7.81_25.37_0.4521_0.5963_-0.4397_0.4968end-8.82_3.91_0.21_155.10_-21.60_2.91_26.94_-7.81_25.37_0.4559_0.5936_-0.4435_0.4930end-8.81_3.88_0.34_163.61_-25.40_5.26_26.94_-7.81_25.37_0.4596_0.5911_-0.4473_0.4892end-8.81_3.88_0.34_163.61_-25.40_5.26_27.69_-7.44_24.12_0.4675_0.5856_-0.4552_0.4810end-8.83_3.87_0.43_163.61_-25.40_5.26_27.69_-7.44_24.12_0.4714_0.5828_-0.4591_0.4768end-8.83_3.88_0.54_163.61_-25.40_5.26_27.69_-7.44_24.12_0.4714_0.5828_-0.4591_0.4768end-8.83_3.88_0.54_176.92_-28.31_7.05_27.69_-7.44_24.12_0.4834_0.5739_-0.47,0.0,0.0,0.0
1636,11_0.4637end-8.86_3.89_0.83_176.92_-28.31_7.05_27.69_-7.44_24.12_0.4875_0.5707_-0.4753_0.4590end-8.86_3.95_0.91_180.39_-31.11_5.71_27.69_-5.00_25.06_0.4875_0.5707_-0.4753_0.4590end,0.0,0.0,0.0
1637,,0.0,0.0,0.0
1638,,0.0,0.0,0.0
1639,-8.86_3.96_1.04_180.39_-31.11_5.71_27.69_-3.62_25.06_0.4875_0.5707_-0.4753_0.4590end-8.86_3.96_1.04_183.86_-35.47_4.14_27.69_-3.62_25.06_0.4993_0.5611_-0.4877_0.4450end-8.86_3.96_1.04_186.55_-37.82_2.13_27.69_-3.62_25.06_0.5070_0.5544_-0.4964_0.4351end-8.79_3.96_1.21_186.55_-37.82_2.13_28.00_-2.62_24.19_0.5070_0.5544_-0.4964_0.4,0.0,0.0,0.0
1640,351end-8.79_3.96_1.21_189.46_-39.73_-0.11_28.00_-2.62_24.19_0.5144_0.5474_-0.5052_0.4249end-8.79_3.96_1.21_190.24_-40.96_-1.12_27.62_-1.25_24.69_0.5144_0.5474_-0.5052_0.4249end-8.79_3.96_1.21_191.14_-40.62_-2.24_27.62_-1.25_24.69_0.5215_0.5403_-0.5140_0.4147end-8.79_3.96_1.21_193.71_-39.28_-4.03_27.25_-1.25_24.63_0.5215_0.5403_-0.5140_0.4147end-8.62_3.90_1.48_193.71_-39.28_-4.03_27.25_-1.25_24.63_0.5287_0.5326_-0.5229_0.4042end-8.62_3.89_1.59_196.06_-36.71_-4.70_27.25_-1.25_24.63_0.5287_0.5326_-0.5229_0.4042end,0.0,0.0,0.0
1641,-8.58_3.89_1.72_196.06_-36.71_-4.70_27.25_-1.25_24.63_0.5430_0.5162_-0.5403_0.3831end-8.64_3.88_1.85_196.06_-36.71_-4.70_27.25_-1.25_24.63_0.5466_0.5119_-0.5444_0.3779end-8.73_3.87_1.93_197.51_-31.45_-5.60_28.38_1.81_22.06_0.5466_0.5119_-0.5444_0.3779end-8.73_3.87_1.93_198.41_-29.77_-5.71_28.38_1.81_22.06_0.5538_0.5029_-0.5527_0.3672end-8.73_3.87_1.93_197.96_-28.31_-6.04_29.81_2.12_24.25_0.5538_0.5029_-0.5527_0.3672end-8.75_3.88_2.16_198.41_-26.41_-5.82_29.81_2.12_24.25_0.5645_0.4890_-0.5646_0.3514end-8.83_3.95_2.24_198.41_-26.41_-5.82_29.81_2.12_24.25_0.5681_0.4843_-0.5683_0.3461end-8.80_3.98_2.31_198.41_-26.41_-5.82_29.81_2.12_24.25_0.5716_0.4795_-0.5720_0.3409end-8.84_4.04_2.43_198.41_-26.41_-5.82_29.81_2.12_24.25_0.5716_0.4795_-0.5720_0.3409end-8.84_4.04_2.43_198.41_-26.41_-5.82_29.81_5.25_23.00_0.5821_0.4647_-0.5826_0.3251end,0.0,0.0,0.0
1642,,0.0,0.0,0.0
1643,-8.82_4.07_2.61_198.41_-26.41_-5.82_29.81_5.25_23.00_0.5855_0.4598_-0.5861_0.3198end-8.78_4.11_2.64_198.41_-26.41_-5.82_29.81_5.25_23.00_0.5855_0.4598_-0.5861_0.3198end-8.71_4.10_2.70_198.07_-25.74_-5.71_29.44_6.62_21.69_0.5855_0.4598_-0.5861_0.3198end-8.74_4.12_2.77_198.41_-27.86_-4.81_29.44_6.62_21.69_0.5920_0.4498_-0.5931_0.3089end-8.74_4.12_2.77_198.19_-28.65_-4.25_29.44_6.62_21.69_0.6013_0.4348_-0.6033_0.2922end-8.70_4.04_2.79_198.19_-28.65_-4.25_29.44_6.62_21.69_0.6042_0.4299_-0.6067_0.2866end-8.59_4.07_2.76_198.19_-28.65_-4.25_30.12_7.87_20.44_0.6042_0.4299_-0.6067_0.2866end-8.57_4.09_2.78_198.97_-30.33_-2.69_30.12_7.87_20.44_0.6128_0.4147_-0.61,0.0,0.0,0.0
1644,65_0.2692end-8.67_4.14_2.80_199.08_-29.77_-2.13_30.12_7.87_20.44_0.6155_0.4096_-0.6196_0.2634end-8.70_4.18_2.82_199.08_-29.77_-2.13_30.12_7.87_20.44_0.6184_0.4043_-0.6228_0.2574end,0.0,0.0,0.0
1645,,0.0,0.0,0.0
1646,,0.0,0.0,0.0
1647,-8.70_4.18_2.82_198.86_-27.08_-1.23_29.44_10.31_20.00_0.6212_0.3992_-0.6257_0.2516end-8.63_4.26_2.89_199.53_-27.31_-1.01_29.44_10.31_20.00_0.6212_0.3992_-0.6257_0.2516end-8.63_4.26_2.89_198.86_-29.10_-0.78_29.44_10.31_20.00_0.6265_0.3888_-0.6315_0.2399end-8.63_4.26_2.89_198.86_-29.10_-0.78_29.06_11.38_19.62_0.6291_0.3835_-0.6344,0.0,0.0,0.0
1648,,0.0,0.0,0.0
1649,,0.0,0.0,0.0
1650,_0.2338end-8.63_4.26_2.89_198.74_-30.44_-0.34_29.06_11.38_19.62_0.6339_0.3732_-0.6400_0.2220end-8.79_4.34_3.15_198.74_-30.44_-0.34_29.06_11.38_19.62_0.6364_0.3678_-0.6428_0.2158end-8.83_4.35_3.10_197.96_-36.26_0.56_29.06_11.38_19.62_0.6364_0.3678_-0.6428_0.2158end-8.86_4.31_3.20_197.40_-38.05_0.00_30.50_12.69_18.31_0.6407_0.3574_-0.6483_0.2036end-8.86_4.31_3.20_197.40_-38.05_0.00_29.75_12.69_17.94_0.6448_0.3467_-0.6539_0.1912end-8.77_4.28_3.29_195.05_-40.96_-1.12_29.75_12.69_17.94_0.6448_0.3467_-0.6539_0.1912end-8.66_4.21_3.36_195.05_-40.96_-1.12_29.75_12.69_17.94_0.6500_0.3309_-0.6619_0.1726end-8.68_4.19_3.42_195.05_-40.96_-1.12_29.75_12.69_17.94_0.6516_0.3257_-0.6645_0.1666end-8.70_4.09_3.45_195.05_-40.96_-1.12_29.75_12.69_17.94_0.6516_0.3257_-0.6645_0.1666end-8.70_4.09_3.45_190.91_-35.14_-3.13_30.50_13.69_14.44_0.6516_0.3257_-0.6645,0.0,0.0,0.0
1651,_0.1666end-8.66_3.98_3.48_190.91_-35.14_-3.13_30.50_13.69_14.44_0.6516_0.3257_-0.6645_0.1666end-8.69_3.91_3.56_188.11_-27.86_-4.70_30.50_13.69_14.44_0.6597_0.2990_-0.6757_0.1372end-8.65_3.86_3.80_184.76_-20.59_-5.48_30.50_13.69_14.44_0.6615_0.2935_-0.6776_0.1314end-8.65_3.86_3.80_184.76_-20.59_-5.48_30.50_16.81_12.69_0.6632_0.2881_-0.6791_0.1260end-8.70_3.85_4.04_180.73_-14.88_-6.15_30.50_16.81_12.69_0.6669_0.2772_-0.6821_0.1152end-8.82_3.76_4.31_180.73_-14.88_-6.15_30.50_16.81_12.69_0.6686_0.2720_-0.6833_0.1100end-8.74_3.62_4.48_180.73_-14.88_-6.15_30.81_17.12_11.88_0.6686_0.2720_-0.6833_0.1100end-8.74_3.62_4.48_180.73_-14.88_-6.15_30.81_17.12_11.88_0.6737_0.2562_-0.6866_0.0950end-8.75_3.44_4.67_180.73_-14.88_-6.15_30.81_17.12_11.88_0.6751_0.2512_-0.6877_0.0903end-8.86_3.30_4.86_180.73_-14.88_-6.15_30.12_17.75_10.63_0.6751_0.2512_-0.6877_0.0903end-8.86_3.30_4.86_153.09_-16.34_-9.62_30.12_17.75_10.63_0.6777_0.2412_-0.6899_0.0808end-8.86_3.30_4.86_149.73_-18.58_-9.96_30.12_17.75_10.63_0.6788_0.2365_-0.6910_0.0763end-8.86_3.30_4.86_149.73_-18.58_-9.96_30.12_17.75_10.63_0.6799_0.2318_-0.6920_0.0720end-8.86_3.30_4.86_149.73_-18.58_-9.96_29.00_19.12_9.31_0.6808_0.2271_-0.6931_0.0676end-8.86_3.30_4.86_149.73_-18.58_-9.96_29.00_19.12_9.31_0.6832_0.2136_-0.6961_0.0552end-9.17_2.55_5.34_149.73_-18.58_-9.96_29.00_19.12_9.31_0.6840_0.2092_-0.6970_0.0513end,0.0,0.0,0.0
1652,,0.0,0.0,0.0
1653,-9.19_2.57_5.38_149.73_-18.58_-9.96_29.37_19.12_7.94_0.6848_0.2051_-0.6976_0.0477end-9.24_2.57_5.44_121.75_-4.70_-11.30_30.06_19.12_8.44_0.6848_0.2051_-0.6976_0.0477end-9.34_2.52_5.54_116.94_-0.34_-11.53_30.06_19.12_8.44_0.6877_0.1933_-0.6987_0.0378end-9.39_2.50_5.59_106.98_8.73_-11.30_30.06_19.12_8.44_0.6888_0.1897_-0.6988_0.0349end-9.47_2.45_5.64_101.95_13.09_-10.97_30.06_19.12_8.44_0.6888_0.1897_-0.6988_0.0349end-9.51_2.37_5.67_101.95_13.09_-10.97_30.06_19.44_7.12_0.6888_0.1897_-0.6988_0.0349end-9.51_2.37_5.67_96.46_16.79_-10.85_30.06_19.44_7.12_0.6888_0.1897_-0.6988_0.0349end-9.51_2.37_5.67_80.24_24.73_-9.29_30.06_19.44_7.12_0.6939_0.1766_-0.6976_0,0.0,0.0,0.0
1654,.0250end-9.51_2.37_5.67_74.64_25.85_-9.62_30.06_20.19_7.12_0.6953_0.1737_-0.6970_0.0229end-9.50_2.09_5.37_74.64_25.85_-9.62_30.06_20.19_7.12_0.6967_0.1711_-0.6964_0.0211end,0.0,0.0,0.0
1655,-9.50_2.09_5.37_74.64_25.85_-9.62_30.06_20.19_7.12_0.7006_0.1640_-0.6943_0.0165end-9.51_1.89_5.34_55.39_27.86_-10.52_30.06_20.19_7.12_0.7018_0.1619_-0.6936_0.0153end-9.47_1.55_5.21_55.39_27.86_-10.52_30.06_20.19_7.12_0.7018_0.1619_-0.6936_0.0153end-9.46_1.41_5.11_46.55_25.96_-11.75_30.06_20.19_7.12_0.7018_0.1619_-0.6936_0.0153end-9.45_1.23_4.98_46.55_25.96_-11.75_29.37_20.12_6.25_0.7053_0.1563_-0.6914_0.0125end-9.38_1.17_4.92_46.55_25.96_-11.75_29.37_20.12_6.25_0.7070_0.1532_-0.6903_0.0113end-9.41_1.03_4.77_46.55_25.96_-11.75_29.37_20.12_6.25_0.7070_0.1532_-0.6903_0.0113end-9.41_0.97_4.64_25.18_10.97_-15.55_29.37_20.12_6.25_0.7070_0.1532_-0.6903_0.0113,0.0,0.0,0.0
1656,end-9.41_0.97_4.64_25.18_10.97_-15.55_29.37_20.12_6.25_0.7091_0.1482_-0.6893_0.0106end-9.20_0.88_4.37_25.18_10.97_-15.55_29.37_20.12_6.25_0.7094_0.1473_-0.6891_0.0107end,0.0,0.0,0.0
1657,,0.0,0.0,0.0
1658,-9.09_0.82_4.28_25.18_10.97_-15.55_29.00_21.87_5.00_0.7094_0.1473_-0.6891_0.0107end-9.09_0.82_4.28_25.18_10.97_-15.55_29.00_21.87_5.00_0.7100_0.1456_-0.6889_0.0117end-9.08_0.71_4.06_25.18_10.97_-15.55_29.00_21.87_5.00_0.7105_0.1444_-0.6886_0.0132end-9.07_0.64_3.99_-10.52_11.75_-23.84_29.00_21.87_5.00_0.7105_0.1444_-0.6886_0.0132end-9.07_0.56_3.92_-14.88_12.65_-24.06_29.00_21.87_5.00_0.7114_0.1434_-0.6879_0.0168end-9.12_0.49_3.81_-14.88_12.65_-24.06_29.00_21.87_5.00_0.7116_0.1434_-0.6876_0.0184end-9.09_0.48_3.67_-14.88_12.65_-24.06_29.37_21.19_6.69_0.7116_0.1434_-0.6876_0.0184end-9.25_0.36_3.61_-14.88_12.65_-24.06_29.37_21.19_6.69_0.7116_0.1434_-0.6876_,0.0,0.0,0.0
1659,0.0184end-9.29_0.28_3.52_-42.08_25.96_-24.51_29.37_21.19_6.69_0.7130_0.1445_-0.6856_0.0259end-9.41_0.14_3.40_-42.08_25.96_-24.51_29.37_21.19_6.69_0.7136_0.1451_-0.6848_0.0283end,0.0,0.0,0.0
1660,,0.0,0.0,0.0
1661,-9.51_0.04_3.29_-42.08_25.96_-24.51_29.37_21.19_6.69_0.7142_0.1459_-0.6838_0.0306end-9.50_0.02_3.27_-53.94_41.41_-24.84_29.37_21.19_6.69_0.7142_0.1459_-0.6838_0.0306end-9.50_0.02_3.27_-61.44_51.14_-26.41_29.37_21.19_6.69_0.7159_0.1476_-0.6815_0.0360end-9.50_0.02_3.27_-61.44_51.14_-26.41_29.31_21.94_8.88_0.7181_0.1497_-0.6784_0.0419end-9.82_-0.13_2.82_-61.44_51.14_-26.41_29.31_21.94_8.88_0.7193_0.1509_-0.6766_0.0451end-9.93_-0.13_2.69_-71.17_65.80_-29.88_29.31_21.94_8.88_0.7193_0.1509_-0.6766_0.0451end-10.00_-0.16_2.57_-74.53_69.27_-31.22_29.31_21.94_8.88_0.7193_0.1509_-0.6766_0.0451end-10.05_-0.12_2.43_-74.53_69.27_-31.22_28.62_22.31_9.38_0.7193_0.1509_-0.6766_0.0451end-10.05_-0.12_2.43_-83.03_75.20_-36.59_28.62_22.31_9.38_0.7251_0.1561_-0.6681_0.0598end-10.05_-0.12_2.43_-83.03_75.20_-36.59_27.87_21.94_9.75_0.7266_0.1573_-0.6658_0.0637end,0.0,0.0,0.0
1662,,0.0,0.0,0.0
1663,,0.0,0.0,0.0
1664,-10.05_-0.12_2.43_-88.97_75.09_-40.62_27.87_21.94_9.75_0.7296_0.1602_-0.6609_0.0723end-10.21_0.14_1.55_-88.97_75.09_-40.62_27.87_21.94_9.75_0.7322_0.1630_-0.6562_0.0812end-10.22_0.16_1.39_-88.97_75.09_-40.62_27.50_21.94_10.19_0.7335_0.1645_-0.6539_0.0859end-10.30_0.16_1.25_-88.97_75.09_-40.62_27.87_21.62_11.50_0.7347_0.1660_-0.6514_0.0908end-10.26_0.30_0.84_-99.82_75.20_-51.59_27.87_21.62_11.50_0.7371_0.1689_-0.6465_0.1008end-10.26_0.27_0.32_-99.82_75.20_-51.59_27.50_21.31_14.13_0.7383_0.1703_-0.6439_0.1062end-10.21_0.28_-0.10_-99.82_75.20_-51.59_27.50_21.31_14.13_0.7395_0.1718_-0.6413_0.1116end-10.20_0.28_-0.32_-106.87_88.74_-62.11_27.50_21.31_14.13_0.7395_0.1718_-0.6413_0.1116end-10.20_0.28_-0.32_-108.88_94.90_-64.68_27.50_21.31_14.13_0.7395_0.1718_-0.6413_0.1116end-10.11_0.33_-0.71_-108.88_94.90_-64.68_25.37_22.37_15.38_0.7395_0.1718_-0.6413_0.1116end,0.0,0.0,0.0
1665,,0.0,0.0,0.0
1666,-10.11_0.33_-0.71_-108.88_94.90_-64.68_25.37_22.37_15.38_0.7470_0.1776_-0.6249_0.1411end-9.79_0.27_-1.55_-108.88_94.90_-64.68_25.37_21.69_16.75_0.7470_0.1776_-0.6249_0.1411end-9.79_0.27_-1.55_-113.14_137.98_-81.58_25.37_21.69_16.75_0.7490_0.1785_-0.6207_0.1478end-9.79_0.27_-1.55_-113.14_137.98_-81.58_24.63_21.75_18.44_0.7512_0.1791_-0.6163_0.1544end-9.69_0.12_-2.32_-113.47_164.05_-88.52_23.56_21.37_16.75_0.7512_0.1791_-0.6163_0.1544end-9.49_-0.05_-3.07_-112.80_196.51_-96.69_23.56_21.37_16.75_0.7592_0.1801_-0.6003_0.1758end-9.49_-0.05_-3.07_-112.80_196.51_-96.69_23.56_21.37_16.75_0.7659_0.1794_-0.5871_0.1910end-9.49_-0.05_-3.07_-112.80_196.51_-96.69_23.,0.0,0.0,0.0
1667,19_21.75_19.31_0.7659_0.1794_-0.5871_0.1910end-8.50_0.07_-3.71_-112.80_196.51_-96.69_23.19_21.75_19.31_0.7659_0.1794_-0.5871_0.1910end-8.50_0.07_-3.71_-105.42_293.75_-124.55_23.19_21.75_19.31_0.7787_0.1760_-0.5621_0.2161end,0.0,0.0,0.0
1668,,0.0,0.0,0.0
1669,-8.50_0.07_-3.71_-102.06_311.88_-131.49_23.19_21.75_19.31_0.7837_0.1739_-0.5521_0.2252end-8.50_0.07_-3.71_-102.06_311.88_-131.49_18.87_22.81_22.37_0.7888_0.1714_-0.5418_0.2343end-8.50_0.07_-3.71_-93.78_361.34_-142.90_18.87_22.81_22.37_0.7998_0.1649_-0.5187_0.2531end-7.07_0.65_-4.34_-88.85_386.75_-148.28_18.87_22.81_22.37_0.7998_,0.0,0.0,0.0
1670,0.1649_-0.5187_0.2531end-6.87_0.76_-4.50_-76.10_427.03_-156.56_14.19_21.87_27.62_0.7998_0.1649_-0.5187_0.2531end-6.87_0.76_-4.50_-76.10_427.03_-156.56_14.19_21.87_27.62_0.8250_0.1440_-0.4612_0.2930end-6.07_0.90_-4.99_-76.10_427.03_-156.56_11.63_23.25_27.19_0.8312_0.1375_-0.4456_0.3029end-6.07_0.90_-4.99_-58.30_458.48_-163.94_11.63_23.25_27.19_0.8372_0.1307_-0.4294_0.3126end-5.20_0.86_-5.28_-52.82_459.82_-164.50_11.63_23.25_27.19_0.8428_0.1235_-0.4130_0.3221end-5.20_0.86_-5.28_-42.75_449.19_-161.26_11.63_23.25_27.19_0.8484_0.1158_-0.3959_0.3317end,0.0,0.0,0.0
1671,-5.20_0.86_-5.28_-42.75_449.19_-161.26_6.87_22.69_29.81_0.8534_0.1082_-0.3795_0.3406end-5.20_0.86_-5.28_-32.12_407.56_-146.48_6.87_22.69_29.81_0.8657_0.0853_-0.3315_0.3653end-3.75_1.19_-5.02_-32.12_407.56_-146.48_6.87_22.69_29.81_0.8657_0.0853_-0.3315_0.3653end-3.11_1.07_-4.81_-28.98_369.96_-132.61_6.87_22.69_29.81_0.8657_0.0853_-0.3315_0.3653end-2.78_0.98_-4.87_-28.98_369.96_-132.61_-0.75_22.37_30.25_0.8657_0.0853_-0.3315_0.3653end-2.78_0.98_-4.87_-28.65_299.12_-108.55_-0.75_22.37_30.25_0.8774_0.0530_-0.2640_0.3971end-2.06_0.99_-5.51_-28.65_299.12_-108.55_-5.44_21.00_29.31_0.8774_0.0530_-0.2640_0.3971end-2.06_0.99_-5.51_-31.33_273.27_-99.93_-5.44_21.0,0.0,0.0,0.0
1672,0_29.31_0.8787_0.0479_-0.2526_0.4022end-2.06_0.99_-5.51_-34.58_247.54_-91.09_-5.44_21.00_29.31_0.8806_0.0400_-0.2330_0.4108end-1.29_0.82_-6.58_-44.54_194.49_-72.40_-5.44_21.00_29.31_0.8811_0.0371_-0.2245_0.4145end,0.0,0.0,0.0
1673,,0.0,0.0,0.0
1674,-1.29_0.82_-6.58_-44.54_194.49_-72.40_-7.94_20.62_29.75_0.8818_0.0335_-0.2098_0.4210end-0.40_1.07_-6.58_-44.54_194.49_-72.40_-7.94_20.62_29.75_0.8820_0.0328_-0.2037_0.4237end0.01_1.32_-6.61_-44.54_194.49_-72.40_-9.75_18.25_29.69_0.8820_0.0328_-0.2037_0.4237end-0.17_1.35_-6.75_-44.54_194.49_-72.40_-9.75_18.25_29.69_0.8820_0.0328_-0.2037_0.4237end-0.17_1.35_-6.75_-44.54_194.49_-72.40_-9.75_18.25_29.69_0.8820_0.0363_-0.1840_0.4323end-0.02_1.03_-6.85_-44.54_194.49_-72.40_-12.00_19.62_28.87_0.8819_0.0389_-0.1807_0.4338end-0.11_0.47_-7.09_-44.54_194.49_-72.40_-12.00_19.62_28.87_0.8816_0.0424_-0.1783_0.4349end-0.27_0.33_-6.98_-44.54_194.49_-72.40_-12.00_19.62_28.87_0.8816_0.0424_-0.1783_0.4349end-0.61_0.20_-6.95_-119.07_-68.71_14.55_-12.00_19.62_28.87_0.8816_0.0424_-0.1783_0.4349end-0.61_0.20_-6.95_-119.07_-68.71_14.55_-12.00_19.62_28.87_0.8793_0.0662_-0.1803_0.4357end,0.0,0.0,0.0
1675,,0.0,0.0,0.0
1676,-1.46_-0.15_-6.38_-119.07_-68.71_14.55_-12.00_19.62_28.87_0.8784_0.0747_-0.1837_0.4348end-1.58_-0.34_-6.50_-140.78_-194.27_54.16_-12.00_19.62_28.87_0.8784_0.0747_-0.1837_0.4348end-1.46_0.14_-6.59_-144.69_-216.87_63.56_-12.00_19.62_28.87_0.8784_0.0747_-0.1837_0.4348end-1.46_0.14_-6.59_-148.28_-233.32_71.51_-12.00_19.62_28.87_0.8749_0.1038_-0.1985_0.4293end-1.46_0.14_-6.59_-152.53_-243.84_78.67_-8.31_16.56_32.31_0.8749_0.1038_-0.1985_0.4293end-2.81_1.34_-8.61_-159.58_-243.17_92.77_-8.31_16.56_32.31_0.8704_0.1372_-0.2166_0.4203end-2.81_1.34_-8.61_-159.58_-243.17_92.77_-7.56_14.50_33.13_0.8704_0.1372_-0.2166_0.4203end-4.02_1.86_-10.30_-159.58_-243.17_92.77_-7.56_14.50_33.13_0.8688_0.1489_-0.2222_0.4166end-4.02_1.86_-10.30_-159.58_-243.17_92.77_-7.56_14.50_33.13_0.8657_0.1797_-0.2317_0.4058end-4.00_2.31_-9.59_-159.58_-243.17_92.77_-7.56_14.50_33.13_0.8652_0.1888_-0.2319_0.4023end,0.0,0.0,0.0
1677,,0.0,0.0,0.0
1678,,0.0,0.0,0.0
1679,,0.0,0.0,0.0
1680,-4.11_3.07_-10.06_-159.58_-243.17_92.77_-2.44_12.75_34.88_0.8652_0.1966_-0.2309_0.3994end-4.24_3.24_-10.45_-159.58_-243.17_92.77_-2.44_12.75_34.88_0.8652_0.1966_-0.2309_0.3994end-4.41_2.92_-10.73_-159.58_-243.17_92.77_-2.44_12.75_34.88_0.8652_0.1966_-0.2309_0.3994end-4.41_2.92_-10.73_-110.45_125.22_72.40_-2.44_12.75_34.88_0.8671_0.2137_-0.2190_0.3932end-4.79_2.59_-11.92_-99.60_162.38_60.54_-2.44_12.75_34.88_0.8697_0.2192_-0.2045_0.3922end-4.64_2.39_-12.36_-99.60_162.38_60.54_-2.44_12.75_34.88_0.8712_0.2202_-0.1958_0.3927end-4.64_2.39_-12.36_-77.55_224.93_35.92_-2.44_12.75_34.88_0.8712_0.2202_-0.1958_0.3927end-4.64_2.39_-12.36_-77.55_224.93_35.92_-3.94_,0.0,0.0,0.0
1681,10.38_35.25_0.8745_0.2190_-0.1758_0.3955end-4.64_2.39_-12.36_-54.05_276.63_12.42_-5.75_9.00_36.13_0.8762_0.2168_-0.1642_0.3979end-4.64_2.39_-12.36_-41.07_300.02_2.01_-5.75_9.00_36.13_0.8778_0.2137_-0.1526_0.4006end-4.64_2.39_-12.36_-16.90_338.74_-14.88_-6.81_9.00_36.13_0.8778_0.2137_-0.1526_0.4006end-4.64_2.39_-12.36_-16.90_338.74_-14.88_-6.81_9.00_36.13_0.8835_0.1925_-0.1006_0.4150end-3.21_2.74_-13.48_-16.90_338.74_-14.88_-6.81_9.00_36.13_0.8845_0.1859_-0.0875_0.4189end-3.21_2.74_-13.48_15.44_349.48_-26.63_-11.94_10.06_33.56_0.8845_0.1859_-0.0875_0.4189end-3.26_3.15_-13.50_21.71_339.19_-24.84_-11.94_10.06_33.56_0.8845_0.1859_-0.0875_0.4189end-2.95_3.15_-13.28_21.71_339.19_-24.84_-11.94_10.06_33.56_0.8845_0.1859_-0.0875_0.4189end-2.53_2.92_-13.05_21.71_339.19_-24.84_-15.19_9.69_33.06_0.8873_0.1500_-0.0269_0.4353end-2.02_2.67_-12.66_21.71_339.19_-24.84_-15.19_9.6,0.0,0.0,0.0
1682,,0.0,0.0,0.0
1683,9_33.06_0.8876_0.1430_-0.0170_0.4376end-1.57_2.43_-12.52_21.71_339.19_-24.84_-16.25_10.06_31.37_0.8876_0.1430_-0.0170_0.4376end-1.61_2.41_-12.31_56.29_237.80_-3.58_-16.25_10.06_31.37_0.8881_0.1292_0.0010_0.4412end,0.0,0.0,0.0
1684,-1.33_2.27_-12.13_56.29_237.80_-3.58_-16.25_10.06_31.37_0.8886_0.1157_0.0158_0.4435end-0.88_2.22_-12.09_76.21_208.59_9.96_-19.87_10.38_28.75_0.8886_0.1157_0.0158_0.4435end-0.51_2.17_-12.00_76.21_208.59_9.96_-19.87_10.38_28.75_0.8893_0.1016_0.0291_0.4449end0.46_2.23_-12.06_76.21_208.59_9.96_-19.87_10.38_28.75_0.8901_0.0870_0.0411_0.4454end0.60_2.12_-11.93_76.21_208.59_9.96_-19.87_10.38_28.75_0.8906_0.0798_0.0466_0.4454end0.52_1.99_-11.75_76.21_208.59_9.96_-19.87_10.38_28.75_0.8906_0.0798_0.0466_0.4454end0.52_1.99_-11.75_102.39_166.40_34.69_-22.44_12.75_26.62_0.8906_0.0798_0.0466_0.4454end0.38_1.64_-11.29_102.39_166.40_34.69_-22.44_12.75_26.62_0.8906_0.0,0.0,0.0,0.0
1685,798_0.0466_0.4454end0.38_1.64_-11.29_107.99_130.48_53.94_-22.44_12.75_26.62_0.8929_0.0508_0.0646_0.4427end0.39_0.28_-10.46_107.99_130.48_53.94_-22.81_13.44_26.62_0.8946_0.0369_0.0708_0.4396end,0.0,0.0,0.0
1686,0.39_0.28_-10.46_107.99_130.48_53.94_-24.25_14.81_25.37_0.8956_0.0303_0.0733_0.4376end0.65_0.05_-9.74_107.99_130.48_53.94_-24.25_14.81_25.37_0.8981_0.0176_0.0776_0.4326end1.10_-0.07_-9.31_102.06_94.78_89.86_-24.94_15.19_24.06_0.8981_0.0176_0.0776_0.4326end1.31_-0.11_-9.25_94.11_81.80_102.84_-24.94_15.19_24.06_0.8981_0.0176_0.0776_0.4326end1.64_-0.19_-9.01_94.11_81.80_102.84_-24.94_15.19_24.06_0.9042_-0.0059_0.0840_0.4188end1.93_-0.31_-8.99_94.11_81.80_102.84_-24.94_15.19_24.06_0.9058_-0.0109_0.0853_0.4148end2.75_-0.75_-8.27_94.11_81.80_102.84_-24.94_15.19_24.06_0.9058_-0.0109_0.0853_0.4148end3.02_-0.79_-8.24_94.11_81.80_102.84_-23.87_17.87_23.19_0.9058_-0.0109_0.0853_0.4148end3.41_-0.71_-8.23_94.11_81.80_102.84_-23.87_17.87_23.19_0.9128_-0.0275_0.0894_0.3976end3.91_-0.33_-7.95_94.11_81.80_102.84_-23.56_17.87_21.44_0.9128_-0.0275_0.0894_0.3976end,0.0,0.0,0.0
1687,,0.0,0.0,0.0
1688,,0.0,0.0,0.0
1689,3.91_-0.33_-7.95_43.08_46.22_109.67_-23.56_17.87_21.44_0.9161_-0.0334_0.0913_0.3890end4.16_-0.10_-7.69_43.08_46.22_109.67_-23.56_17.87_21.44_0.9177_-0.0356_0.0922_0.3848end3.83_0.09_-7.00_16.34_32.23_98.59_-23.56_17.87_21.44_0.9191_-0.0375_0.0931_0.3809end3.83_0.09_-7.00_16.34_32.23_98.59_-23.19_18.19_21.00_0.9191_-0.0375_0.0931_0.3809end3.83_0.09_-7.00_7.50_26.75_94.78_-23.19_18.19_21.00_0.9234_-0.0402_0.0953_0.3696end2.67_-1.12_-7.17_7.50_26.75_94.78_-23.19_18.19_21.00_0.9234_-0.0402_0.0953_0.3696end2.67_-1.12_-7.17_7.50_26.75_94.78_-23.19_18.19_21.00_0.9274_-0.0390_0.0972_0.3591end1.66_-3.60_-4.59_7.50_26.75_94.78_-23.19_18.19_21.00_0.9274_-0.0390_0,0.0,0.0,0.0
1690,.0972_0.3591end3.69_-0.65_-5.61_7.50_26.75_94.78_-23.19_18.19_21.00_0.9300_-0.0358_0.0972_0.3526end3.33_0.03_-6.02_-64.35_-45.55_58.86_-23.19_18.19_21.00_0.9313_-0.0334_0.0967_0.3497end,0.0,0.0,0.0
1691,,0.0,0.0,0.0
1692,3.33_0.03_-6.02_-64.35_-45.55_58.86_-23.19_18.19_21.00_0.9336_-0.0275_0.0948_0.3444end0.93_1.75_-6.82_-64.35_-45.55_58.86_-23.19_18.19_21.00_0.9347_-0.0239_0.0937_0.3420end1.27_1.26_-8.23_-78.11_-41.63_50.13_-23.19_18.19_21.00_0.9347_-0.0239_0.0937_0.3420end1.24_0.80_-7.82_-83.03_-32.45_48.79_-23.19_18.19_21.00_0.9347_-0.0239_0.0937_0.3420end1.24_0.80_-7.82_-83.03_-32.45_48.79_-20.62_19.62_23.62_0.9384_-0.0092_0.0928_0.3327end1.45_0.71_-8.04_-83.03_-32.45_48.79_-20.62_19.62_23.62_0.9392_-0.0052_0.0930_0.3306end1.45_0.71_-8.04_-95.79_-33.12_42.08_-21.75_21.00_23.25_0.9392_-0.0052_0.0930_0.3306end1.45_0.79_-8.46_-95.79_-33.12_42.08_-21.75_21.00_23.25_0.9,0.0,0.0,0.0
1693,407_0.0033_0.0929_0.3262end1.45_0.79_-8.46_-96.57_-48.23_42.08_-20.31_19.25_24.12_0.9407_0.0033_0.0929_0.3262end1.45_0.79_-8.46_-94.45_-65.58_40.51_-20.31_19.25_24.12_0.9407_0.0033_0.0929_0.3262end,0.0,0.0,0.0
1694,,0.0,0.0,0.0
1695,,0.0,0.0,0.0
1696,1.00_1.30_-9.32_-94.45_-65.58_40.51_-20.31_19.25_24.12_0.9430_0.0168_0.0905_0.3198end1.00_1.30_-9.32_-88.18_-83.82_41.96_-20.25_18.25_24.50_0.9430_0.0168_0.0905_0.3198end1.00_1.95_-10.12_-88.18_-83.82_41.96_-20.25_18.25_24.50_0.9454_0.0308_0.0845_0.3134end1.00_1.95_-10.12_-88.18_-83.82_41.96_-20.25_18.25_24.50_0.9470_0.0394_0.0784_0.3089end0.87_2.05_-10.74_-88.18_-83.82_41.96_-20.25_18.25_24.50_0.9479_0.0435_0.0750_0.3066end0.87_2.05_-10.74_-88.18_-83.82_41.96_-19.19_18.94_25.00_0.9487_0.0474_0.0712_0.3044end0.44_2.04_-11.56_-88.18_-83.82_41.96_-19.19_18.94_25.00_0.9487_0.0474_0.0712_0.3044end0.46_1.98_-11.66_-88.18_-83.82_41.96_-17.06_18.94_28.00_0.9509_0.0566_0.0605_0.2981end0.37_1.63_-11.75_-88.18_-83.82_41.96_-17.06_18.94_28.00_0.9515_0.0588_0.0575_0.2963end0.42_1.58_-11.87_-7.16_-58.30_29.54_-17.06_18.94_28.00_0.9515_0.0588_0.0575_0.2963end,0.0,0.0,0.0
1697,,0.0,0.0,0.0
1698,0.42_1.58_-11.87_-7.16_-58.30_29.54_-17.44_18.62_27.56_0.9526_0.0616_0.0524_0.2932end0.42_1.58_-11.87_-7.16_-58.30_29.54_-17.44_18.62_27.56_0.9536_0.0627_0.0484_0.2907end0.42_1.40_-12.02_13.65_-30.55_19.92_-17.44_18.62_27.56_0.9539_0.0626_0.0469_0.2897end0.41_1.34_-12.00_13.65_-30.55_19.92_-17.44_18.62_27.56_0.9542_0.0622_0.0455_0.2889end0.63_1.16_-11.76_13.65_-30.55_19.92_-15.19_19.62_27.13_0.9542_0.0622_0.0455_0.2889end0.63_1.03_-11.72_30.55_-5.93_8.39_-15.19_19.62_27.13_0.9542_0.0622_0.0455_0.2889end0.49_1.00_-11.55_30.55_-5.93_8.39_-15.19_19.62_27.13_0.9550_0.0573_0.0432_0.2877end0.51_0.86_-11.41_30.55_-5.93_8.39_-15.94_19.31_27.56_0.9551_0.0554_0.,0.0,0.0,0.0
1699,0433_0.2878end0.51_0.78_-11.36_47.45_29.66_-6.49_-15.94_19.31_27.56_0.9551_0.0507_0.0445_0.2886end0.51_0.78_-11.36_47.45_29.66_-6.49_-15.56_20.31_28.44_0.9550_0.0480_0.0455_0.2892end,0.0,0.0,0.0
1700,,0.0,0.0,0.0
1701,0.81_0.76_-11.08_47.45_29.66_-6.49_-15.56_20.31_28.44_0.9550_0.0480_0.0455_0.2892end0.87_0.82_-11.00_60.76_57.52_-20.81_-15.56_20.31_28.44_0.9546_0.0422_0.0479_0.2909end0.87_0.82_-11.00_62.78_61.88_-23.05_-15.56_20.31_28.44_0.9540_0.0358_0.0511_0.2931end0.94_0.80_-10.61_62.78_61.88_-23.05_-15.56_20.31_28.44_0.9537_0.0323_0.0529_0.2943end0.84_0.66_-10.32_67.37_75.20_-27.86_-15.56_20.31_28.44_0.9537_0.0323_0.0529_0.2943end0.84_0.66_-10.32_68.60_79.23_-28.42_-15.56_20.31_28.44_0.9528_0.0251_0.0570_0.2970end0.84_0.66_-10.32_68.60_79.23_-28.42_-17.44_20.69_25.44_0.9518_0.0174_0.0618_0.2999end0.73_0.37_-9.46_68.60_79.23_-28.42_-17.44_20.69_25.44_0.9513_0.0135_0.0642_0.3013end0.79_0.27_-9.33_70.28_83.26_-27.53_-17.81_21.00_23.75_0.9513_0.0135_0.0642_0.3013end0.82_0.20_-9.34_69.61_81.58_-26.86_-17.81_21.69_25.44_0.9513_0.0135_0.0642_0.3013end,0.0,0.0,0.0
1702,,0.0,0.0,0.0
1703,0.89_0.20_-9.22_69.38_79.23_-25.96_-17.81_21.69_25.44_0.9490_-0.0020_0.0739_0.3066end0.94_0.26_-9.16_69.38_79.23_-25.96_-17.81_21.69_25.44_0.9484_-0.0057_0.0759_0.3077end1.06_0.33_-9.08_69.38_79.23_-25.96_-17.81_21.69_25.44_0.9484_-0.0057_0.0759_0.3077end1.06_0.33_-9.08_65.58_66.47_-23.28_-17.81_21.69_25.44_0.9473_-0.0128_0.0797_0.3101end1.17_0.34_-8.95_65.58_66.47_-23.28_-17.81_21.69_25.44_0.9468_-0.0161_0.0812_0.3111end1.17_0.34_-8.95_59.76_48.46_-21.26_-17.81_21.69_25.44_0.9462_-0.0191_0.0826_0.3122end1.26_0.00_-8.54_59.76_48.46_-21.26_-17.81_21.69_25.44_0.9457_-0.0222_0.0837_0.3132end1.26_0.00_-8.54_54.05_29.32_-20.81_-17.81_21.69_25.44_0.9448_-0.0,0.0,0.0,0.0
1704,275_0.0851_0.3152end1.33_-0.16_-8.41_54.05_29.32_-20.81_-17.81_21.69_25.44_0.9443_-0.0301_0.0854_0.3162end1.33_-0.16_-8.41_54.05_29.32_-20.81_-17.81_21.69_25.44_0.9439_-0.0324_0.0857_0.3173end,0.0,0.0,0.0
1705,,0.0,0.0,0.0
1706,1.33_-0.16_-8.41_54.05_29.32_-20.81_-17.81_21.69_25.44_0.9431_-0.0366_0.0859_0.3192end1.45_-0.35_-8.48_54.05_29.32_-20.81_-20.31_21.69_21.56_0.9426_-0.0386_0.0859_0.3203end1.56_-0.35_-8.50_54.05_29.32_-20.81_-20.31_21.69_21.56_0.9422_-0.0403_0.0859_0.3214end1.56_-0.35_-8.50_36.93_13.99_-23.28_-20.31_21.69_21.56_0.9418_-0.0421_0.0860_0.3223end1.56_-0.35_-8.50_36.93_13.99_-23.28_-20.31_21.31_20.62_0.9413_-0.0436_0.0861_0.3234end1.56_-0.35_-8.50_36.93_13.99_-23.28_-20.31_21.31_20.62_0.9404_-0.0464_0.0864_0.3256end1.72_-0.39_-8.45_36.93_13.99_-23.28_-20.31_22.69_21.06_0.9404_-0.0464_0.0864_0.3256end1.80_-0.50_-8.46_24.95_13.88_-25.85_-20.31_22.69_21.06_0.9404_-0.0464_0.0864_0.3256end1.78_-0.54_-8.41_24.95_13.88_-25.85_-21.06_22.00_21.94_0.9385_-0.0510_0.0875_0.3300end1.82_-0.58_-8.45_24.95_13.88_-25.85_-21.06_22.00_21.94_0.9380_-0.0519_0.0878_0.3311end,0.0,0.0,0.0
1707,,0.0,0.0,0.0
1708,1.83_-0.57_-8.42_24.95_13.88_-25.85_-21.06_22.00_21.94_0.9380_-0.0519_0.0878_0.3311end1.77_-0.57_-8.33_24.95_13.88_-25.85_-21.06_22.00_21.94_0.9371_-0.0536_0.0887_0.3333end1.78_-0.58_-8.30_13.20_15.33_-27.98_-21.06_22.00_21.94_0.9366_-0.0544_0.0892_0.3345end1.78_-0.58_-8.30_13.20_15.33_-27.98_-21.06_22.00_21.94_0.9356_-0.0557_0.0902_0.3367end1.79_-0.52_-8.40_13.20_15.33_-27.98_-21.06_22.00_21.94_0.9352_-0.0563_0.0906_0.3378end1.84_-0.50_-8.50_13.20_15.33_-27.98_-21.06_22.00_21.94_0.9347_-0.0568_0.0910_0.3389end1.89_-0.52_-8.63_13.20_15.33_-27.98_-21.06_22.00_21.94_0.9347_-0.0568_0.0910_0.3389end1.89_-0.54_-8.68_5.26_2.46_-24.84_-22.13_21.69_21.56_0.9347_-0.0568_0.0910_0.3389end1.95_-0.56_-8.73_3.58_-1.68_-24.17_-22.13_21.69_21.56_0.9332_-0.0574_0.0913_0.3428end1.98_-0.58_-8.78_3.58_-1.68_-24.17_-22.13_21.69_21.56_0.9329_-0.0573_0.0911_0.3437end,0.0,0.0,0.0
1709,,0.0,0.0,0.0
1710,2.02_-0.57_-8.82_-1.23_-12.09_-21.82_-22.13_21.69_21.56_0.9329_-0.0573_0.0911_0.3437end2.07_-0.65_-8.96_-1.23_-12.09_-21.82_-22.13_21.31_20.62_0.9321_-0.0562_0.0897_0.3464end2.07_-0.63_-9.00_-4.59_-17.12_-20.14_-22.13_21.31_20.62_0.9319_-0.0558_0.0891_0.3472end2.07_-0.63_-9.00_-4.59_-17.12_-20.14_-22.87_21.31_20.19_0.9316_-0.0552_0.0885_0.3480end2.13_-0.48_-9.21_-4.59_-17.12_-20.14_-22.87_21.31_20.19_0.9315_-0.0547_0.0880_0.3488end2.07_-0.44_-9.27_-6.27_-12.76_-19.14_-22.87_21.31_20.19_0.9315_-0.0547_0.0880_0.3488end2.07_-0.44_-9.27_-6.27_-12.76_-19.14_-22.87_21.31_20.19_0.9308_-0.0532_0.0870_0.3511end2.02_-0.49_-9.34_-6.27_-12.76_-19.14_-22.13_20.62_2,0.0,0.0,0.0
1711,0.62_0.9305_-0.0528_0.0869_0.3517end2.06_-0.45_-9.43_-6.27_-12.76_-19.14_-22.13_20.62_20.62_0.9305_-0.0528_0.0869_0.3517end2.04_-0.47_-9.50_-5.71_-2.69_-17.90_-22.13_20.62_20.62_0.9305_-0.0528_0.0869_0.3517end,0.0,0.0,0.0
1712,,0.0,0.0,0.0
1713,,0.0,0.0,0.0
1714,2.04_-0.47_-9.50_-5.37_-3.13_-17.46_-22.13_22.00_20.69_0.9296_-0.0514_0.0868_0.3545end2.06_-0.44_-9.60_-5.37_-3.13_-17.46_-22.13_22.00_20.69_0.9294_-0.0511_0.0866_0.3552end2.09_-0.50_-9.76_-5.37_-3.13_-17.46_-22.13_22.00_20.69_0.9294_-0.0511_0.0866_0.3552end2.08_-0.49_-9.82_-2.91_-15.55_-15.55_-22.87_20.62_20.62_0.9294_-0.0511_0.0866_0.3552end2.08_-0.49_-9.82_-1.68_-21.60_-14.10_-22.87_20.62_20.62_0.9294_-0.0511_0.0866_0.3552end2.08_-0.49_-9.82_-1.68_-21.60_-14.10_-22.87_20.62_20.62_0.9286_-0.0490_0.0836_0.3582end1.93_-0.50_-9.79_-1.68_-21.60_-14.10_-22.87_20.62_20.62_0.9285_-0.0486_0.0827_0.3587end1.93_-0.55_-9.85_-1.68_-21.60_-14.10_-22.87_20.62_21.56_0.9285_-0.0486_0.0827_0.3587end1.93_-0.55_-9.85_-1.68_-21.60_-14.10_-22.87_20.62_21.56_0.9282_-0.0479_0.0800_0.3603end1.98_-0.59_-9.88_-1.68_-21.60_-14.10_-22.87_20.62_21.56_0.9280_-0.0477_0.0792_0.3608end,0.0,0.0,0.0
1715,,0.0,0.0,0.0
1716,,0.0,0.0,0.0
1717,1.95_-0.52_-9.82_-1.68_-21.60_-14.10_-22.87_20.62_21.56_0.9280_-0.0477_0.0792_0.3608end1.97_-0.57_-9.82_8.17_-10.97_-11.30_-22.87_20.62_21.56_0.9280_-0.0477_0.0792_0.3608end1.92_-0.60_-9.75_8.17_-10.97_-11.30_-22.87_20.62_21.56_0.9276_-0.0479_0.0773_0.3623end1.92_-0.60_-9.75_8.17_-10.97_-11.30_-23.25_20.62_21.56_0.9273_-0.0482_0.0763_0.3633end1.95_-0.68_-9.68_8.17_-10.97_-11.30_-23.25_20.62_21.56_0.9271_-0.0485_0.0759_0.3638end1.95_-0.68_-9.68_10.07_-6.15_-10.85_-22.13_20.62_21.06_0.9271_-0.0485_0.0759_0.3638end1.98_-0.73_-9.64_10.97_-6.04_-11.08_-22.13_20.62_21.06_0.9271_-0.0485_0.0759_0.3638end1.98_-0.73_-9.64_10.97_-6.04_-11.08_-21.75_21.00_21.56_0.9268_-0.0491_0.0751_0.3647end1.98_-0.73_-9.64_10.63_-5.71_-10.18_-21.75_21.00_21.56_0.9265_-0.0497_0.0743_0.3657end1.98_-0.73_-9.64_10.97_-5.82_-9.96_-22.87_20.62_21.94_0.9263_-0.0500_0.0739_0.3661end,0.0,0.0,0.0
1718,1.98_-0.73_-9.64_11.19_-5.82_-9.29_-22.87_20.62_21.94_0.9261_-0.0504_0.0735_0.3665end1.87_-0.75_-9.41_10.74_-6.49_-8.06_-22.87_20.62_21.94_0.9258_-0.0510_0.0727_0.3674end1.85_-0.75_-9.43_10.52_-7.16_-7.05_-22.50_20.62_19.75_0.9256_-0.0516_0.0718_0.3680end1.84_-0.75_-9.43_10.52_-7.16_-7.05_-22.50_20.62_19.75_0.9255_-0.0519_0.0714_0.3683end1.91_-0.73_-9.37_9.62_-7.50_-6.04_-22.50_20.62_19.75_0.9255_-0.0519_0.0714_0.3683end1.91_-0.73_-9.37_9.62_-7.50_-6.04_-22.87_20.62_20.25_0.9252_-0.0526_0.0700_0.3691end1.89_-0.71_-9.34_9.62_-7.50_-6.04_-22.87_20.62_20.25_0.9252_-0.0529_0.0696_0.3694end1.92_-0.69_-9.29_8.06_-8.39_-4.48_-22.87_20.62_20.25_0.9252_-0.0529_,0.0,0.0,0.0
1719,0.0696_0.3694end1.93_-0.70_-9.22_8.06_-8.39_-4.48_-22.87_20.62_20.25_0.9250_-0.0532_0.0687_0.3698end1.87_-0.65_-9.18_7.16_-8.17_-4.81_-22.87_20.62_20.25_0.9250_-0.0532_0.0687_0.3698end,0.0,0.0,0.0
1720,,0.0,0.0,0.0
1721,1.89_-0.73_-9.20_7.16_-8.17_-4.81_-22.87_20.62_20.25_0.9249_-0.0537_0.0673_0.3705end1.84_-0.71_-9.07_7.16_-8.17_-4.81_-22.87_20.62_20.25_0.9248_-0.0538_0.0670_0.3707end1.83_-0.70_-9.07_5.93_-7.05_-5.04_-22.87_20.62_20.25_0.9248_-0.0538_0.0670_0.3707end1.83_-0.73_-9.04_5.48_-6.60_-5.15_-22.87_20.62_20.25_0.9246_-0.0542_0.0659_0.3714end1.79_-0.70_-8.98_5.48_-6.60_-5.15_-22.87_20.62_20.25_0.9245_-0.0543_0.0656_0.3716end1.77_-0.73_-8.95_5.48_-6.60_-5.15_-22.87_20.62_21.06_0.9244_-0.0544_0.0654_0.3718end1.76_-0.71_-8.91_2.69_-4.48_-5.71_-22.87_20.62_21.06_0.9243_-0.0544_0.0651_0.3721end1.77_-0.75_-8.89_1.68_-5.71_-5.48_-22.87_20.62_21.06_0.9243_-0.0544_0.0651_0.3721end1.77_-0.75_-8.89_1.68_-5.71_-5.48_-22.87_20.62_21.06_0.9241_-0.0542_0.0643_0.3728end1.80_-0.83_-8.97_1.68_-5.71_-5.48_-22.87_20.69_22.81_0.9241_-0.0542_0.0643_0.3728end,0.0,0.0,0.0
1722,,0.0,0.0,0.0
1723,,0.0,0.0,0.0
1724,1.80_-0.85_-9.09_1.68_-5.71_-5.48_-22.87_20.69_22.81_0.9241_-0.0542_0.0643_0.3728end1.80_-0.85_-9.09_1.68_-5.71_-5.48_-22.87_20.69_22.81_0.9240_-0.0525_0.0623_0.3735end1.85_-0.81_-9.21_1.68_-5.71_-5.48_-21.37_21.31_20.62_0.9240_-0.0525_0.0623_0.3735end1.93_-0.70_-9.42_1.68_-5.71_-5.48_-21.37_21.31_20.62_0.9241_-0.0511_0.0610_0.3738end1.91_-0.70_-9.55_-9.62_-19.25_-3.69_-21.00_21.00_21.56_0.9241_-0.0511_0.0610_0.3738end1.91_-0.66_-9.60_-9.40_-15.67_-4.25_-21.00_21.00_21.56_0.9241_-0.0511_0.0610_0.3738end1.91_-0.66_-9.60_-9.40_-15.67_-4.25_-22.50_20.62_21.56_0.9241_-0.0485_0.0588_0.3746end1.91_-0.49_-9.66_-9.40_-15.67_-4.25_-22.50_20.62_21.56_0.9241_-0.0480_0.0585_0.3748end1.89_-0.50_-9.66_-9.40_-15.67_-4.25_-22.50_20.62_21.56_0.9240_-0.0475_0.0582_0.3749end1.87_-0.55_-9.69_-6.15_-8.39_-5.26_-22.50_20.62_21.56_0.9240_-0.0475_0.0582_0.3749end,0.0,0.0,0.0
1725,,0.0,0.0,0.0
1726,,0.0,0.0,0.0
1727,1.87_-0.55_-9.69_-6.15_-8.39_-5.26_-20.69_20.31_21.94_0.9238_-0.0464_0.0575_0.3755end1.75_-0.58_-9.68_-6.15_-8.39_-5.26_-20.69_20.31_21.94_0.9238_-0.0462_0.0573_0.3758end1.74_-0.58_-9.68_-6.15_-8.39_-5.26_-20.69_20.31_21.94_0.9238_-0.0462_0.0573_0.3758end1.74_-0.58_-9.68_-6.15_-8.39_-5.26_-20.69_20.31_21.94_0.9236_-0.0458_0.0571_0.3762end1.74_-0.58_-9.68_-6.15_-8.39_-5.26_-20.69_20.31_21.94_0.9235_-0.0456_0.0568_0.3766end1.71_-0.67_-9.65_-6.15_-8.39_-5.26_-20.69_20.31_21.94_0.9235_-0.0455_0.0567_0.3768end1.75_-0.69_-9.68_-6.15_-8.39_-5.26_-20.69_20.31_21.94_0.9235_-0.0455_0.0567_0.3768end1.73_-0.69_-9.65_-6.15_-8.39_-5.26_-22.87_19.25_21.50_0.9235_-0.0455_0.0567_0.3768end1.73_-0.69_-9.65_-1.68_-3.13_-5.48_-22.87_19.25_21.50_0.9232_-0.0451_0.0563_0.3774end1.75_-0.69_-9.68_-1.68_-3.13_-5.48_-22.87_19.25_21.50_0.9230_-0.0449_0.0562_0.3779end,0.0,0.0,0.0
1728,,0.0,0.0,0.0
1729,,0.0,0.0,0.0
1730,,0.0,0.0,0.0
1731,1.74_-0.68_-9.67_-1.68_-3.13_-5.48_-22.87_19.25_21.50_0.9230_-0.0449_0.0562_0.3779end1.74_-0.68_-9.67_-1.45_-2.69_-6.15_-22.87_19.25_21.50_0.9230_-0.0449_0.0562_0.3779end1.75_-0.67_-9.70_-1.45_-2.69_-6.15_-22.87_19.25_21.50_0.9227_-0.0444_0.0559_0.3788end1.62_-0.63_-9.64_-1.45_-2.69_-6.15_-22.87_19.25_21.50_0.9226_-0.0443_0.0558_0.3791end1.64_-0.63_-9.58_-1.23_-1.34_-6.49_-22.87_19.25_21.50_0.9226_-0.0443_0.0558_0.3791end1.61_-0.68_-9.58_-1.23_-1.34_-6.49_-22.87_19.25_21.50_0.9223_-0.0441_0.0558_0.3799end1.57_-0.66_-9.56_-1.23_-1.34_-6.49_-22.50_20.69_22.81_0.9222_-0.0441_0.0558_0.3801end1.60_-0.61_-9.55_-1.23_-1.34_-6.49_-22.50_20.69_22.81_0.9221_-0.0440_0.0558_0.3803end1.64_-0.58_-9.49_-1.23_-1.34_-6.49_-22.50_20.69_22.81_0.9220_-0.0439_0.0558_0.3806end1.64_-0.58_-9.49_-1.34_-2.24_-6.15_-22.13_19.94_22.81_0.9220_-0.0439_0.0558_0.3806end,0.0,0.0,0.0
1732,,0.0,0.0,0.0
1733,,0.0,0.0,0.0
1734,1.64_-0.58_-9.49_-1.57_-3.92_-5.60_-22.13_19.94_22.81_0.9218_-0.0436_0.0556_0.3813end1.57_-0.57_-9.50_-1.57_-3.92_-5.60_-22.13_19.94_22.81_0.9217_-0.0435_0.0555_0.3815end1.58_-0.57_-9.52_-1.57_-3.92_-5.60_-22.13_19.94_22.81_0.9217_-0.0435_0.0555_0.3815end1.62_-0.62_-9.47_-1.57_-3.92_-5.60_-22.13_19.94_22.81_0.9217_-0.0435_0.0555_0.3815end1.62_-0.62_-9.47_-1.57_-3.92_-5.60_-23.19_18.94_23.19_0.9214_-0.0430_0.0550_0.3821end1.62_-0.62_-9.47_-1.57_-3.92_-5.60_-23.19_18.94_23.19_0.9213_-0.0425_0.0547_0.3826end1.59_-0.54_-9.47_-1.57_-3.92_-5.60_-21.37_19.94_22.37_0.9213_-0.0424_0.0545_0.3828end1.53_-0.55_-9.50_-2.46_-5.04_-5.48_-21.37_19.94_22.37_0.9213_-0.0,0.0,0.0,0.0
1735,424_0.0545_0.3828end1.50_-0.56_-9.45_-2.46_-5.04_-5.48_-21.37_19.94_22.37_0.9213_-0.0424_0.0545_0.3828end1.50_-0.56_-9.45_-2.46_-5.04_-5.48_-21.75_19.62_22.31_0.9210_-0.0416_0.0540_0.3837end,0.0,0.0,0.0
1736,1.50_-0.54_-9.43_-2.46_-5.04_-5.48_-21.75_19.62_22.31_0.9209_-0.0414_0.0540_0.3839end1.53_-0.55_-9.46_-2.46_-5.04_-5.48_-21.75_19.62_22.31_0.9208_-0.0413_0.0540_0.3840end1.53_-0.55_-9.49_-4.25_-3.02_-4.59_-21.75_19.62_22.31_0.9208_-0.0413_0.0540_0.3840end1.53_-0.55_-9.49_-4.25_-3.02_-4.59_-21.75_19.62_22.31_0.9206_-0.0406_0.0538_0.3846end1.49_-0.52_-9.47_-5.60_-4.70_-4.14_-21.75_19.62_22.31_0.9206_-0.0406_0.0538_0.3846end1.47_-0.49_-9.56_-5.60_-4.70_-4.14_-21.75_19.62_22.31_0.9206_-0.0406_0.0538_0.3846end1.47_-0.50_-9.59_-5.60_-4.70_-4.14_-21.75_19.62_22.31_0.9205_-0.0393_0.0534_0.3852end1.51_-0.44_-9.55_-5.60_-4.70_-4.14_-22.87_19.62_22.31_0.9204_-0.0390_0.0533_0.3853end1.48_-0.40_-9.52_-5.60_-4.70_-4.14_-22.87_19.62_22.31_0.9204_-0.0390_0.0533_0.3853end1.50_-0.37_-9.55_-5.71_-4.70_-3.13_-22.87_19.62_22.31_0.9204_-0.0390_0.0533_0.3853end,0.0,0.0,0.0
1737,,0.0,0.0,0.0
1738,,0.0,0.0,0.0
1739,1.50_-0.37_-9.55_-5.71_-4.70_-3.13_-21.75_19.25_21.94_0.9203_-0.0380_0.0531_0.3857end1.48_-0.32_-9.57_-5.71_-4.70_-3.13_-21.75_19.25_21.94_0.9203_-0.0374_0.0529_0.3859end1.48_-0.32_-9.57_-5.48_-5.04_-2.35_-22.50_19.56_21.06_0.9202_-0.0370_0.0528_0.3860end1.46_-0.29_-9.50_-5.48_-5.04_-2.35_-22.50_19.56_21.06_0.9202_-0.0370_0.0528_0.3860end1.46_-0.29_-9.50_-5.04_-5.48_-2.13_-22.50_19.56_21.06_0.9202_-0.0370_0.0528_0.3860end1.46_-0.29_-9.50_-4.92_-5.82_-1.34_-22.13_20.69_23.25_0.9202_-0.0370_0.0528_0.3860end1.37_-0.28_-9.46_-4.92_-5.82_-1.34_-22.13_20.69_23.25_0.9202_-0.0356_0.0521_0.3864end1.37_-0.30_-9.37_-4.92_-5.82_-1.34_-22.13_20.69_23.25_0.9202_-0.0354_0.0520_0.3864end1.32_-0.25_-9.41_-5.15_-5.71_-0.22_-22.13_20.69_23.25_0.9202_-0.0354_0.0520_0.3864end1.32_-0.24_-9.38_-5.15_-5.71_-0.22_-22.13_20.69_23.25_0.9202_-0.0345_0.0515_0.3864end,0.0,0.0,0.0
1740,,0.0,0.0,0.0
1741,1.32_-0.24_-9.37_-5.15_-5.71_-0.22_-21.75_20.31_23.25_0.9203_-0.0342_0.0515_0.3864end1.31_-0.26_-9.50_-5.15_-5.71_-0.22_-21.75_20.31_23.25_0.9203_-0.0339_0.0513_0.3864end1.37_-0.20_-9.50_-7.83_-5.26_0.56_-21.75_20.31_23.25_0.9203_-0.0339_0.0513_0.3864end1.32_-0.18_-9.41_-8.84_-5.48_0.67_-21.75_20.31_23.25_0.9203_-0.0339_0.0513_0.3864end1.30_-0.16_-9.41_-8.84_-5.48_0.67_-23.19_18.19_22.31_0.9203_-0.0339_0.0513_0.3864end1.30_-0.16_-9.41_-9.74_-7.05_0.22_-23.19_18.19_22.31_0.9205_-0.0317_0.0509_0.3862end1.25_-0.15_-9.34_-9.74_-7.05_0.22_-23.19_18.19_22.31_0.9205_-0.0312_0.0508_0.3862end1.23_-0.14_-9.20_-9.74_-7.05_0.22_-22.13_19.62_22.44_0.9205_-0.0312_0.,0.0,0.0,0.0
1742,0508_0.3862end1.22_-0.16_-9.18_-9.74_-7.05_0.22_-22.13_19.62_22.44_0.9206_-0.0296_0.0504_0.3861end1.22_-0.16_-9.18_-9.74_-7.05_0.22_-21.75_19.25_23.25_0.9207_-0.0291_0.0503_0.3860end,0.0,0.0,0.0
1743,1.20_-0.13_-9.25_-9.74_-7.05_0.22_-21.75_19.25_23.25_0.9207_-0.0285_0.0502_0.3860end1.21_-0.09_-9.27_-12.42_-8.06_-0.11_-21.75_19.25_23.25_0.9207_-0.0285_0.0502_0.3860end1.21_-0.09_-9.27_-13.20_-8.84_-0.22_-21.75_19.25_23.25_0.9207_-0.0273_0.0500_0.3860end1.21_-0.09_-9.27_-13.20_-8.84_-0.22_-22.13_19.25_23.25_0.9208_-0.0260_0.0497_0.3860end1.27_-0.01_-9.43_-13.20_-8.84_-0.22_-22.13_19.25_23.25_0.9208_-0.0253_0.0496_0.3860end1.27_-0.01_-9.43_-15.22_-11.64_-2.01_-22.50_19.25_22.81_0.9208_-0.0253_0.0496_0.3860end1.27_-0.01_-9.43_-15.22_-11.64_-2.01_-22.13_19.31_24.50_0.9209_-0.0237_0.0492_0.3860end1.27_-0.01_-9.43_-15.11_-10.63_-2.46_-22.13_19.31_24.50_0.,0.0,0.0,0.0
1744,9208_-0.0221_0.0488_0.3862end1.22_0.32_-9.55_-15.11_-10.63_-2.46_-22.13_19.31_24.50_0.9208_-0.0221_0.0488_0.3862end1.21_0.30_-9.60_-14.55_-5.15_-4.03_-22.13_19.31_24.50_0.9208_-0.0221_0.0488_0.3862end,0.0,0.0,0.0
1745,,0.0,0.0,0.0
1746,1.22_0.32_-9.54_-14.88_-3.58_-4.36_-22.13_19.31_24.50_0.9207_-0.0194_0.0490_0.3867end1.23_0.29_-9.55_-14.88_-3.58_-4.36_-22.13_19.31_24.50_0.9207_-0.0188_0.0491_0.3868end1.25_0.23_-9.53_-14.88_-3.58_-4.36_-21.00_18.56_23.19_0.9207_-0.0188_0.0491_0.3868end1.22_0.27_-9.45_-14.88_-3.58_-4.36_-21.00_18.56_23.19_0.9205_-0.0175_0.0496_0.3871end1.24_0.25_-9.39_-15.78_-2.80_-4.36_-21.00_18.56_23.19_0.9205_-0.0175_0.0496_0.3871end1.23_0.30_-9.41_-15.78_-2.80_-4.36_-21.75_18.56_23.62_0.9205_-0.0175_0.0496_0.3871end1.23_0.30_-9.41_-15.67_-3.92_-3.80_-21.75_18.56_23.62_0.9203_-0.0148_0.0501_0.3877end1.25_0.23_-9.48_-15.67_-3.92_-3.80_-21.75_18.56_23.62_0.9203_-0.0,0.0,0.0,0.0
1747,141_0.0502_0.3878end1.25_0.12_-9.46_-15.67_-3.92_-3.80_-21.75_18.56_23.62_0.9203_-0.0141_0.0502_0.3878end1.25_0.12_-9.46_-15.67_-3.92_-3.80_-21.00_18.25_24.12_0.9202_-0.0120_0.0506_0.3880end,0.0,0.0,0.0
1748,,0.0,0.0,0.0
1749,1.27_0.03_-9.51_-15.67_-3.92_-3.80_-21.00_18.25_24.12_0.9202_-0.0114_0.0507_0.3881end1.28_-0.02_-9.51_-15.67_-3.92_-3.80_-21.00_18.25_24.12_0.9201_-0.0106_0.0510_0.3881end1.25_-0.03_-9.64_-15.67_-3.92_-3.80_-21.00_18.25_24.12_0.9201_-0.0106_0.0510_0.3881end1.24_-0.01_-9.67_-16.90_2.91_-2.35_-21.00_18.25_24.12_0.9200_-0.0087_0.0520_0.3883end1.22_0.05_-9.77_-16.67_6.94_-2.13_-22.13_17.87_23.19_0.9200_-0.0081_0.0526_0.3884end1.23_0.08_-9.75_-16.67_6.94_-2.13_-22.13_17.87_23.19_0.9199_-0.0076_0.0532_0.3884end1.23_0.08_-9.75_-16.67_6.60_-1.34_-22.13_18.94_22.81_0.9199_-0.0076_0.0532_0.3884end1.23_0.08_-9.75_-16.67_3.13_-0.56_-23.19_18.56_23.19_0.9199_-0.006,0.0,0.0,0.0
1750,,0.0,0.0,0.0
1751,,0.0,0.0,0.0
1752,5_0.0543_0.3884end1.23_0.08_-9.75_-16.67_3.13_-0.56_-23.19_18.56_23.19_0.9199_-0.0053_0.0551_0.3884end1.19_0.11_-9.85_-16.67_3.13_-0.56_-23.19_18.56_24.50_0.9199_-0.0046_0.0553_0.3883end,0.0,0.0,0.0
1753,1.19_0.11_-9.85_-15.33_-3.69_1.12_-23.19_18.56_24.50_0.9199_-0.0046_0.0553_0.3883end1.19_0.12_-10.02_-15.33_-3.69_1.12_-23.19_18.56_24.50_0.9199_-0.0046_0.0553_0.3883end1.19_0.12_-10.02_-15.33_-3.69_1.12_-23.19_18.56_24.50_0.9200_-0.0019_0.0554_0.3879end1.20_0.13_-10.02_-15.33_-3.69_1.12_-23.19_18.56_24.50_0.9201_-0.0012_0.0552_0.3878end1.20_0.14_-10.03_-15.33_-3.69_1.12_-22.13_17.87_23.62_0.9202_-0.0005_0.0550_0.3877end1.20_0.09_-9.98_-15.33_-3.69_1.12_-22.13_17.87_23.62_0.9202_-0.0005_0.0550_0.3877end1.21_0.09_-10.05_-15.33_-3.69_1.12_-22.13_17.87_23.62_0.9203_0.0015_0.0539_0.3874end1.19_0.03_-10.11_-8.73_-13.20_0.67_-22.13_17.87_23.62_0.9204_0.0021_0.0535_0.3873end1.21_0.05_-10.07_-8.73_-13.20_0.67_-22.13_17.87_23.62_0.9204_0.0026_0.0531_0.3873end1.21_0.08_-10.12_-8.73_-13.20_0.67_-22.13_17.87_23.62_0.9204_0.0026_0.0531_0.3873end,0.0,0.0,0.0
1754,1.21_0.08_-10.12_-8.73_-13.20_0.67_-22.13_17.87_23.62_0.9205_0.0038_0.0523_0.3873end1.16_0.14_-10.07_-8.73_-13.20_0.67_-22.13_17.87_23.62_0.9205_0.0038_0.0523_0.3873end1.20_0.11_-10.00_-2.91_-5.15_-2.35_-22.13_17.87_23.62_0.9205_0.0038_0.0523_0.3873end1.20_0.11_-10.00_-2.91_-5.15_-2.35_-22.87_17.87_24.94_0.9204_0.0045_0.0518_0.3875end1.18_0.00_-10.01_-2.91_-5.15_-2.35_-22.87_17.87_24.94_0.9203_0.0046_0.0516_0.3876end1.12_0.09_-9.93_1.12_-1.79_-3.69_-21.75_17.87_24.94_0.9203_0.0046_0.0516_0.3876end1.12_0.09_-9.93_2.35_0.45_-3.92_-21.75_17.87_24.94_0.9202_0.0047_0.0514_0.3881end1.08_0.04_-9.92_2.35_0.45_-3.92_-21.75_17.87_24.94_0.9200_0.0045_0.0513_0.3884end1.08_0.04_-9.92_3.80_3.36_-3.92_-21.75_17.87_24.94_0.9200_0.0043_0.0514_0.3885end1.08_0.00_-9.84_3.80_3.36_-3.92_-22.87_17.87_24.06_0.9200_0.0043_0.0514_0.3885end,0.0,0.0,0.0
1755,,0.0,0.0,0.0
1756,,0.0,0.0,0.0
1757,1.12_0.01_-9.80_4.36_4.36_-3.25_-22.87_17.87_24.06_0.9198_0.0036_0.0517_0.3890end1.08_0.01_-9.76_4.36_4.36_-3.25_-22.87_17.87_24.06_0.9197_0.0034_0.0518_0.3891end1.06_-0.10_-9.74_4.36_4.36_-3.25_-22.87_17.87_24.06_0.9197_0.0034_0.0518_0.3891end1.09_-0.10_-9.72_4.36_4.36_-3.25_-23.19_18.94_25.37_0.9196_0.0028_0.0519_0.3893end1.02_-0.15_-9.69_5.71_4.36_-1.79_-23.19_18.94_25.37_0.9196_0.0021_0.0521_0.3895end1.05_-0.13_-9.68_6.27_4.70_-1.79_-23.19_18.94_25.37_0.9196_0.0021_0.0521_0.3895end1.06_-0.09_-9.65_6.27_4.70_-1.79_-23.19_18.94_25.37_0.9195_0.0015_0.0522_0.3896end1.06_-0.09_-9.65_6.27_4.70_-1.79_-22.13_17.87_25.37_0.9195_0.0015_0.0522_0.3896end1.05_-,0.0,0.0,0.0
1758,0.11_-9.59_6.27_4.70_-1.79_-22.13_17.87_25.37_0.9195_0.0015_0.0522_0.3896end1.05_-0.11_-9.59_6.27_4.70_-1.79_-22.13_17.87_25.37_0.9194_0.0002_0.0526_0.3899end,0.0,0.0,0.0
1759,,0.0,0.0,0.0
1760,1.00_-0.20_-9.60_6.27_4.70_-1.79_-22.13_17.87_25.37_0.9193_-0.0001_0.0527_0.3900end0.98_-0.20_-9.58_6.27_4.70_-1.79_-22.13_17.87_25.37_0.9193_-0.0004_0.0527_0.3900end0.98_-0.13_-9.54_5.48_3.13_-1.34_-22.13_17.87_25.37_0.9193_-0.0004_0.0527_0.3900end0.98_-0.13_-9.54_5.48_3.13_-1.34_-22.13_17.87_25.37_0.9192_-0.0013_0.0528_0.3902e,0.0,0.0,0.0
1761,,0.0,0.0,0.0
1762,,0.0,0.0,0.0
1763,nd0.96_-0.13_-9.56_5.48_3.13_-1.34_-22.13_17.87_25.37_0.9192_-0.0015_0.0528_0.3903end0.98_-0.19_-9.55_5.37_1.45_-0.45_-22.13_17.87_25.37_0.9192_-0.0015_0.0528_0.3903end0.98_-0.19_-9.55_5.37_1.45_-0.45_-22.13_17.87_25.37_0.9192_-0.0023_0.0527_0.3903end0.94_-0.16_-9.58_5.37_1.45_-0.45_-22.13_17.87_25.37_0.9191_-0.0025_0.0526_0.3904end0.95_-0.20_-9.55_5.37_1.45_-0.45_-22.13_17.87_25.37_0.9191_-0.0025_0.0526_0.3904end0.95_-0.20_-9.56_5.37_1.45_-0.45_-22.50_18.25_24.12_0.9192_-0.0032_0.0524_0.3903end0.95_-0.24_-9.58_5.37_1.45_-0.45_-22.81_17.25_24.50_0.9192_-0.0034_0.0524_0.3903end0.91_-0.20_-9.64_5.37_1.45_-0.45_-22.81_17.25_24.50_0.9192_-0.0037_0.0524_0.3903end0.90_-0.17_-9.63_5.37_1.45_-0.45_-22.50_17.87_24.50_0.9192_-0.0037_0.0524_0.3903end0.90_-0.17_-9.63_5.15_2.01_1.90_-22.50_17.87_24.50_0.9192_-0.0037_0.0524_0.3903en,0.0,0.0,0.0
1764,d0.89_-0.09_-9.58_5.15_2.01_1.90_-22.50_17.87_24.50_0.9193_-0.0046_0.0523_0.3900end0.86_-0.03_-9.59_5.15_2.01_1.90_-22.50_18.56_24.12_0.9193_-0.0046_0.0523_0.3900end0.87_0.02_-9.59_5.15_2.01_1.90_-22.50_18.56_24.12_0.9193_-0.0046_0.0523_0.3900end0.86_0.01_-9.58_5.82_0.56_3.92_-22.50_18.56_24.12_0.9195_-0.0055_0.0522_0.3896end0.86_-0.03_-9.60_5.71_0.00_4.36_-22.50_18.56_24.12_0.9196_-0.0057_0.0522_0.3895end0.86_-0.03_-9.60_5.71_0.00_4.36_-22.50_18.56_24.12_0.9197_-0.0063_0.0520_0.3891end,0.0,0.0,0.0
1765,,0.0,0.0,0.0
1766,0.83_-0.02_-9.58_5.71_0.00_4.36_-22.50_18.25_23.19_0.9197_-0.0063_0.0520_0.3891end0.81_0.01_-9.59_5.71_0.00_4.36_-22.50_18.25_23.19_0.9197_-0.0063_0.0520_0.3891end0.81_0.01_-9.59_5.71_0.00_4.36_-22.50_18.25_23.19_0.9200_-0.0073_0.0516_0.3883end0.80_0.05_-9.50_5.71_0.00_4.36_-22.50_18.25_23.19_0.9202_-0.0076_0.0515_0.3881end0.77_0.02_-9.56_5.71_0.00_4.36_-22.13_18.56_23.62_0.9202_-0.0076_0.0515_0.3881end0.79_-0.03_-9.69_5.15_-3.02_7.39_-22.13_18.56_23.62_0.9202_-0.0076_0.0515_0.3881end0.87_-0.07_-9.71_4.70_-4.03_7.61_-22.13_18.25_25.37_0.9202_-0.0076_0.0515_0.3881end0.87_-0.07_-9.71_3.92_-5.82_7.83_-22.13_18.25_25.37_0.9208_-0.0084_0.0504_0.3867end0.79_,0.0,0.0,0.0
1767,0.02_-9.68_3.92_-5.82_7.83_-22.13_18.25_25.37_0.9210_-0.0084_0.0500_0.3864end0.79_0.02_-9.68_3.92_-5.82_7.83_-21.75_18.25_24.50_0.9210_-0.0084_0.0500_0.3864end,0.0,0.0,0.0
1768,0.77_0.08_-9.75_3.92_-5.82_7.83_-21.75_18.25_24.50_0.9213_-0.0086_0.0494_0.3857end0.71_0.12_-9.78_3.92_-5.37_7.83_-21.75_18.25_24.50_0.9213_-0.0086_0.0494_0.3857end0.71_0.12_-9.78_4.70_-4.59_7.50_-21.75_18.25_24.50_0.9213_-0.0086_0.0494_0.3857end0.71_0.12_-9.78_4.70_-4.59_7.50_-22.50_19.62_24.50_0.9219_-0.0092_0.0480_0.3843end0.71_0.16_-9.84_4.70_-4.59_7.50_-22.50_19.62_24.50_0.9221_-0.0093_0.0477_0.3840end0.72_0.16_-9.85_4.70_-4.59_7.50_-22.50_19.62_24.50_0.9222_-0.0095_0.0474_0.3837end0.67_0.18_-9.84_4.70_-4.59_7.50_-21.75_18.94_24.50_0.9222_-0.0095_0.0474_0.3837end0.69_0.20_-9.79_4.70_-4.59_7.50_-21.75_18.94_24.50_0.9226_-0.0101_0.0463_0.3828end0.64_0.16_-9.77_4.70_-4.59_7.50_-22.13_19.25_23.62_0.9227_-0.0103_0.0458_0.3825end0.67_0.18_-9.76_4.70_-4.59_7.50_-21.75_17.62_25.00_0.9229_-0.0105_0.0453_0.3822end,0.0,0.0,0.0
1769,,0.0,0.0,0.0
1770,0.67_0.18_-9.76_4.70_-4.59_7.50_-21.75_17.62_25.00_0.9232_-0.0110_0.0441_0.3816end0.63_0.16_-9.73_4.70_-4.59_7.50_-21.75_17.62_25.00_0.9233_-0.0112_0.0435_0.3813end0.62_0.12_-9.69_4.70_-4.59_7.50_-21.75_17.62_25.00_0.9235_-0.0115_0.0429_0.3810end0.66_0.09_-9.68_10.85_-11.08_6.49_-21.75_17.62_25.00_0.9235_-0.0115_0.0429_0.3810end0.66_0.09_-9.68_11.53_-10.97_6.04_-21.75_17.62_25.00_0.9238_-0.0120_0.0417_0.3806end0.61_0.13_-9.63_11.53_-10.97_6.04_-21.75_17.62_25.00_0.9240_-0.0126_0.0405_0.3801end0.65_0.18_-9.55_12.09_-9.96_3.92_-21.75_17.62_25.00_0.9241_-0.0129_0.0398_0.3799end0.66_0.18_-9.47_12.09_-9.96_3.92_-21.75_17.62_25.00_0.9242_-0.0136_0.0386_0.379,0.0,0.0,0.0
1771,6end0.67_0.12_-9.45_12.09_-9.96_3.92_-21.75_17.62_25.00_0.9243_-0.0140_0.0380_0.3796end0.67_0.14_-9.37_12.09_-9.96_3.92_-21.00_19.25_24.12_0.9243_-0.0140_0.0380_0.3796end,0.0,0.0,0.0
1772,,0.0,0.0,0.0
1773,0.73_0.14_-9.34_12.09_-9.96_3.92_-21.00_19.25_24.12_0.9244_-0.0147_0.0367_0.3795end0.73_0.14_-9.34_13.43_-10.41_0.45_-21.00_19.25_24.12_0.9244_-0.0151_0.0361_0.3794end0.62_0.14_-9.27_13.43_-10.41_0.45_-21.00_19.25_24.12_0.9244_-0.0158_0.0349_0.3795end0.61_0.20_-9.29_13.43_-10.41_0.45_-21.00_19.25_24.12_0.9244_-0.0158_0.0349_0.3795end0.61_0.20_-9.29_13.43_-10.41_0.45_-21.00_19.25_24.12_0.9244_-0.0162_0.0342_0.3795end0.62_0.31_-9.25_13.43_-10.41_0.45_-21.00_19.25_24.12_0.9244_-0.0162_0.0342_0.3795end0.62_0.31_-9.25_13.43_-10.41_0.45_-21.75_19.25_22.81_0.9243_-0.0174_0.0326_0.3798end0.62_0.31_-9.25_13.43_-10.41_0.45_-21.75_19.25_22.81_0.9243_-0.0181_0.031,0.0,0.0,0.0
1774,4_0.3801end0.68_0.37_-9.35_13.43_-10.41_0.45_-21.75_19.25_22.81_0.9242_-0.0184_0.0308_0.3802end0.70_0.39_-9.38_13.43_-10.41_0.45_-21.75_19.25_22.81_0.9242_-0.0184_0.0308_0.3802end,0.0,0.0,0.0
1775,0.70_0.39_-9.38_13.43_-10.41_0.45_-22.13_19.62_24.50_0.9240_-0.0190_0.0288_0.3809end0.72_0.40_-9.59_13.43_-10.41_0.45_-22.13_19.62_24.50_0.9239_-0.0190_0.0281_0.3812end0.73_0.37_-9.61_5.15_-13.76_-6.83_-22.13_19.62_24.50_0.9239_-0.0190_0.0281_0.3812end0.81_0.42_-9.64_5.15_-13.76_-6.83_-22.13_19.62_24.50_0.9237_-0.0190_0.0269_0.3817end0.81_0.37_-9.64_0.00_-12.09_-8.84_-22.13_19.62_24.50_0.9237_-0.0190_0.0269_0.3817end0.90_0.32_-9.73_0.00_-12.09_-8.84_-22.13_19.62_24.50_0.9233_-0.0185_0.0253_0.3828end0.90_0.32_-9.73_-3.69_-12.53_-10.30_-22.13_19.62_24.50_0.9232_-0.0181_0.0249_0.3832end0.96_0.24_-9.69_-7.05_-13.99_-11.97_-21.37_18.94_24.12_0.9232_-0.0181_0.0249_0.3832end0.96_0.24_-9.69_-7.05_-13.99_-11.97_-21.37_18.94_24.12_0.9226_-0.0167_0.0236_0.3846end0.96_0.25_-9.64_-7.05_-13.99_-11.97_-21.37_18.94_24.12_0.9224_-0.0161_0.0232_0.3852end,0.0,0.0,0.0
1776,,0.0,0.0,0.0
1777,,0.0,0.0,0.0
1778,1.06_0.16_-9.49_-7.05_-13.99_-11.97_-21.37_18.94_24.12_0.9222_-0.0154_0.0227_0.3857end1.06_0.16_-9.47_-10.97_-16.45_-14.55_-21.37_18.94_24.12_0.9222_-0.0154_0.0227_0.3857end1.06_0.16_-9.47_-10.97_-16.45_-14.55_-20.62_19.62_25.44_0.9215_-0.0133_0.0213_0.3875end1.09_0.00_-9.39_-10.97_-16.45_-14.55_-20.62_19.62_25.44_0.9213_-0.0126_0.0208_0.3882end1.09_0.01_-9.35_-10.52_-16.11_-17.12_-21.37_18.94_25.37_0.9213_-0.0126_0.0208_0.3882end1.10_0.09_-9.31_-10.52_-16.11_-17.12_-20.31_19.31_25.81_0.9207_-0.0112_0.0199_0.3895end1.10_0.09_-9.31_-9.40_-13.54_-19.02_-20.31_19.31_25.81_0.9201_-0.0099_0.0191_0.3910end1.13_0.18_-9.23_-9.40_-13.54_-19.02_-20.31_19.31_25.81_0.9198_-0.0093_0.0187_0.3918end1.16_0.20_-9.25_-9.40_-13.54_-19.02_-20.31_19.31_25.81_0.9198_-0.0093_0.0187_0.3918end1.17_0.16_-9.23_-7.72_-11.41_-20.48_-20.31_19.31_25.81_0.9198_-0.0093_0.0187_0.3918end,0.0,0.0,0.0
1779,,0.0,0.0,0.0
1780,1.21_0.11_-9.27_-7.72_-11.41_-20.48_-20.31_19.31_25.81_0.9185_-0.0072_0.0175_0.3951end1.24_0.07_-9.38_-7.72_-11.41_-20.48_-20.31_19.31_25.81_0.9185_-0.0072_0.0175_0.3951end1.28_0.10_-9.45_-7.72_-11.41_-20.48_-20.31_19.31_25.81_0.9177_-0.0062_0.0169_0.3968end1.25_0.14_-9.53_-10.18_-4.59_-23.84_-20.31_19.31_25.81_0.9177_-0.0062_0.0169_0.3968end1.25_0.14_-9.53_-11.30_-1.01_-24.51_-20.31_19.31_25.81_0.9165_-0.0047_0.0167_0.3997end1.27_0.20_-9.65_-12.20_3.13_-25.07_-20.31_19.31_25.81_0.9161_-0.0042_0.0170_0.4006end1.24_0.24_-9.65_-12.20_3.13_-25.07_-20.31_19.31_25.81_0.9156_-0.0038_0.0174_0.4016end1.23_0.28_-9.68_-14.32_11.97_-25.96_-20.31_19.31_25.81_0.915,0.0,0.0,0.0
1781,6_-0.0038_0.0174_0.4016end1.23_0.28_-9.68_-14.32_11.97_-25.96_-20.31_19.31_25.81_0.9147_-0.0031_0.0189_0.4037end1.23_0.28_-9.68_-14.32_11.97_-25.96_-20.31_19.31_25.81_0.9138_-0.0024_0.0208_0.4058end,0.0,0.0,0.0
1782,1.21_0.62_-9.65_-14.32_11.97_-25.96_-20.31_19.31_25.81_0.9133_-0.0020_0.0219_0.4068end1.23_0.51_-9.63_-14.32_11.97_-25.96_-20.31_19.31_25.81_0.9133_-0.0020_0.0219_0.4068end1.24_0.44_-9.62_-14.32_11.97_-25.96_-22.50_18.25_24.50_0.9119_-0.0004_0.0246_0.4097end1.24_0.32_-9.63_-14.32_11.97_-25.96_-22.50_18.25_24.50_0.9115_0.0004_0.0252_0.4105end1.25_0.20_-9.69_-14.32_11.97_-25.96_-22.50_18.25_24.50_0.9115_0.0004_0.0252_0.4105end1.25_0.20_-9.69_-22.83_-4.70_-19.14_-22.50_18.25_24.50_0.9108_0.0021_0.0259_0.4120end1.24_0.21_-9.63_-22.83_-4.70_-19.14_-22.50_18.25_24.50_0.9105_0.0032_0.0261_0.4128end1.24_0.21_-9.63_-24.40_-12.53_-16.90_-22.50_18.25_24.50_0.9102,0.0,0.0,0.0
1783,,0.0,0.0,0.0
1784,_0.0044_0.0261_0.4135end1.24_0.21_-9.63_-24.95_-16.00_-15.89_-21.75_16.94_25.37_0.9102_0.0044_0.0261_0.4135end1.24_0.21_-9.63_-24.95_-16.00_-15.89_-21.75_16.94_25.37_0.9093_0.0084_0.0254_0.4152end,0.0,0.0,0.0
1785,,0.0,0.0,0.0
1786,1.28_-0.07_-9.84_-24.95_-16.00_-15.89_-21.75_16.94_25.37_0.9091_0.0098_0.0250_0.4158end1.27_-0.01_-9.82_-26.75_-22.16_-13.99_-21.75_16.94_25.37_0.9091_0.0098_0.0250_0.4158end1.24_0.04_-9.75_-26.75_-20.14_-14.32_-21.75_16.94_25.37_0.9083_0.0142_0.0240_0.4174end1.24_-0.01_-9.74_-25.74_-15.22_-14.55_-21.75_16.94_25.37_0.9081_0.0155_0.0238_0.4179end1.21_-0.12_-9.80_-25.74_-15.22_-14.55_-21.75_16.94_25.37_0.9078_0.0168_0.0237_0.4185end1.21_-0.12_-9.80_-24.84_-8.39_-15.11_-21.37_16.94_26.25_0.9075_0.0179_0.0238_0.4190end1.19_-0.11_-9.70_-24.51_-5.93_-15.22_-21.37_16.94_26.25_0.9075_0.0179_0.0238_0.4190end1.07_-0.10_-9.79_-24.51_-5.93_-15.22_-19.56_16.94_27.56_0.9066_0.0211_0.0245_0.4207end1.00_-0.09_-9.82_-23.61_-2.13_-14.21_-19.56_16.94_27.56_0.9066_0.0211_0.0245_0.4207end1.05_-0.19_-9.71_-23.61_-2.13_-14.21_-19.56_16.94_27.56_0.9066_0.0211_0.0245_0.4207end,0.0,0.0,0.0
1787,1.05_-0.19_-9.71_-23.61_-2.13_-14.21_-19.56_16.94_27.56_0.9056_0.0251_0.0256_0.4227end0.98_-0.25_-9.74_-23.61_-2.13_-14.21_-19.56_16.94_27.56_0.9053_0.0261_0.0258_0.4232end0.98_-0.36_-9.81_-23.61_-2.13_-14.21_-19.56_16.94_27.56_0.9053_0.0261_0.0258_0.4232end0.98_-0.36_-9.81_-23.61_-2.13_-14.21_-22.13_15.88_27.06_0.9049_0.0282_0.0259_0.4239end0.98_-0.36_-9.81_-23.61_-2.13_-14.21_-22.13_15.88_27.06_0.9045_0.0303_0.0258_0.4245end0.89_-0.40_-9.63_-23.61_-2.13_-14.21_-22.13_15.88_27.06_0.9045_0.0303_0.0258_0.4245end0.83_-0.47_-9.55_-23.61_-2.13_-14.21_-22.13_15.88_27.06_0.9043_0.0323_0.0257_0.4249end0.89_-0.49_-9.52_-19.81_-6.49_-4.59_-22.13_15.88_27.06_0.9,0.0,0.0,0.0
1788,043_0.0323_0.0257_0.4249end0.89_-0.49_-9.52_-19.81_-6.49_-4.59_-22.13_15.88_27.06_0.9040_0.0349_0.0262_0.4254end0.79_-0.40_-9.51_-19.81_-6.49_-4.59_-22.13_15.88_27.06_0.9039_0.0356_0.0267_0.4255end,0.0,0.0,0.0
1789,,0.0,0.0,0.0
1790,0.75_-0.45_-9.37_-19.81_-6.49_-4.59_-22.13_15.88_27.06_0.9038_0.0362_0.0272_0.4255end0.81_-0.52_-9.29_-18.24_10.07_-0.34_-22.13_15.88_27.06_0.9038_0.0362_0.0272_0.4255end0.81_-0.52_-9.29_-18.24_10.07_-0.34_-21.75_14.87_27.13_0.9037_0.0372_0.0287_0.4255end0.81_-0.52_-9.29_-18.24_10.07_-0.34_-21.75_14.87_27.13_0.9037_0.0382_0.0305_0.4254end0.79_-0.50_-9.27_-19.81_14.88_2.91_-21.75_14.87_27.13_0.9037_0.0387_0.0314_0.4253end0.75_-0.34_-9.30_-19.81_14.88_2.91_-21.75_14.87_27.13_0.9037_0.0387_0.0314_0.4253end0.75_-0.34_-9.30_-19.81_14.88_2.91_-21.75_14.87_27.13_0.9037_0.0403_0.0344_0.4248end0.77_-0.30_-9.25_-19.81_14.88_2.91_-21.75_14.87_27.13_0.9038_0.0410_0.0353_0.4246end0.77_-0.30_-9.25_-19.81_14.88_2.91_-22.06_13.13_27.94_0.9038_0.0410_0.0353_0.4246end0.70_-0.28_-9.36_-19.81_14.88_2.91_-22.06_13.13_27.94_0.9041_0.0433_0.0375_0.4236end,0.0,0.0,0.0
1791,,0.0,0.0,0.0
1792,0.69_-0.13_-9.44_-24.62_1.01_8.84_-22.06_13.13_27.94_0.9041_0.0433_0.0375_0.4236end0.65_-0.05_-9.44_-24.73_-0.34_9.18_-21.37_14.13_27.06_0.9041_0.0433_0.0375_0.4236end0.63_0.02_-9.47_-24.73_-1.01_9.40_-21.37_14.13_27.06_0.9041_0.0433_0.0375_0.4236end0.64_0.10_-9.50_-24.73_-1.01_9.40_-21.37_14.13_27.06_0.9047_0.0480_0.0398_0.4216end0.59_0.09_-9.56_-24.73_-1.01_9.40_-21.75_15.19_27.56_0.9048_0.0490_0.0402_0.4211end0.64_0.10_-9.55_-24.73_-1.01_9.40_-21.00_13.44_27.94_0.9049_0.0499_0.0405_0.4207end0.68_0.08_-9.63_-23.50_-3.92_9.85_-21.00_13.44_27.94_0.9049_0.0499_0.0405_0.4207end0.70_0.05_-9.69_-23.84_-4.81_9.96_-21.00_13.44_27.94_0.9053_0.0529_0.0414_0.41,0.0,0.0,0.0
1793,94end0.70_0.06_-9.74_-23.84_-4.81_9.96_-22.44_14.87_30.12_0.9055_0.0539_0.0416_0.4189end0.73_0.10_-9.73_-23.84_-4.81_9.96_-22.44_14.87_30.12_0.9056_0.0549_0.0418_0.4185end,0.0,0.0,0.0
1794,,0.0,0.0,0.0
1795,0.65_0.18_-9.73_-23.84_-4.81_9.96_-22.44_14.87_30.12_0.9056_0.0549_0.0418_0.4185end0.66_0.21_-9.71_-23.84_-4.81_9.96_-22.06_14.50_27.13_0.9058_0.0571_0.0423_0.4176end0.65_0.22_-9.73_-24.73_-6.04_9.51_-22.06_14.50_27.13_0.9061_0.0593_0.0428_0.4167end0.64_0.27_-9.76_-24.73_-6.04_9.51_-22.06_14.50_27.13_0.9062_0.0602_0.0430_0.4163end0.67_0.24_-9.75_-24.73_-6.04_9.51_-21.75_13.44_27.94_0.9062_0.0602_0.0430_0.4163end0.67_0.24_-9.75_-23.50_-5.82_10.18_-21.75_13.44_27.94_0.9062_0.0602_0.0430_0.4163end0.67_0.24_-9.75_-23.50_-5.82_10.18_-21.75_14.19_28.31_0.9062_0.0602_0.0430_0.4163end0.67_0.24_-9.75_-23.50_-5.82_10.18_-21.75_14.19_28.31_0.9069_0.0652_0.0442_0.4140end0.77_0.12_-9.72_-23.50_-5.82_10.18_-21.75_14.19_28.31_0.9070_0.0662_0.0445_0.4135end0.77_0.12_-9.72_-21.37_-4.03_10.41_-21.75_14.19_28.31_0.9070_0.0662_0.0445_0.4135end,0.0,0.0,0.0
1796,,0.0,0.0,0.0
1797,0.75_0.07_-9.68_-21.37_-4.03_10.41_-21.75_14.19_28.31_0.9074_0.0688_0.0453_0.4121end0.75_0.08_-9.54_-21.37_-4.03_10.41_-21.75_14.19_28.31_0.9075_0.0695_0.0455_0.4116end0.75_0.02_-9.54_-18.46_-1.45_11.30_-21.75_14.19_28.31_0.9075_0.0695_0.0455_0.4116end0.77_-0.03_-9.54_-18.46_-1.45_11.30_-21.69_12.75_28.38_0.9080_0.0717_0.0465_0.,0.0,0.0,0.0
1798,4102end0.75_-0.04_-9.54_-16.00_0.78_11.53_-21.69_12.75_28.38_0.9081_0.0722_0.0469_0.4097end0.73_-0.01_-9.51_-16.00_0.78_11.53_-21.69_12.75_28.38_0.9081_0.0722_0.0469_0.4097end0.72_-0.04_-9.44_-16.00_0.78_11.53_-21.69_12.75_28.38_0.9081_0.0722_0.0469_0.4097end0.72_-0.07_-9.50_-15.44_2.80_12.53_-21.69_12.75_28.38_0.9088_0.0744_0.0,0.0,0.0,0.0
1799,485_0.4077end0.77_-0.07_-9.44_-15.44_2.80_12.53_-21.69_12.75_28.38_0.9090_0.0750_0.0490_0.4072end0.77_-0.10_-9.42_-15.44_2.80_12.53_-21.69_12.75_28.38_0.9091_0.0755_0.0493_0.4066end,0.0,0.0,0.0
1800,0.79_-0.05_-9.44_-15.89_0.45_12.65_-21.69_12.75_28.38_0.9091_0.0755_0.0493_0.4066end0.79_-0.05_-9.44_-15.89_-0.22_12.98_-20.25_12.44_27.50_0.9091_0.0755_0.0493_0.4066end0.67_-0.07_-9.39_-16.90_0.00_12.20_-20.25_12.44_27.50_0.9097_0.0773_0.0504_0.4050end0.67_-0.07_-9.39_-16.90_0.00_12.20_-21.37_12.75_27.94_0.9099_0.0779_0.0507_0.4045end0.67_-0.07_-9.39_-16.45_-0.90_12.20_-21.37_12.75_27.94_0.9102_0.0792_0.0513_0.4034end0.59_-0.09_-9.24_-16.45_-0.90_12.20_-21.37_12.75_27.94_0.9103_0.0798_0.0516_0.4029end0.52_-0.25_-9.26_-15.55_-2.46_12.31_-21.37_12.75_27.94_0.9105_0.0804_0.0519_0.4023end0.52_-0.25_-9.26_-15.55_-2.46_12.31_-19.87_13.13_28.81_0.9108_0.0817,0.0,0.0,0.0
1801,_0.0522_0.4012end0.54_-0.28_-9.26_-15.55_-2.46_12.31_-19.87_13.13_28.81_0.9108_0.0817_0.0522_0.4012end0.49_-0.28_-9.25_-15.55_-2.46_12.31_-20.25_12.50_28.81_0.9108_0.0817_0.0522_0.4012end,0.0,0.0,0.0
1802,0.52_-0.29_-9.24_-15.55_-2.46_12.31_-20.25_12.50_28.81_0.9115_0.0842_0.0524_0.3992end0.52_-0.29_-9.24_-15.55_-2.46_12.31_-22.06_13.81_29.63_0.9116_0.0848_0.0523_0.3987end0.47_-0.28_-9.26_-15.55_-2.46_12.31_-22.06_13.81_29.63_0.9118_0.0854_0.0523_0.3982end0.47_-0.28_-9.26_-15.55_-2.46_12.31_-20.62_12.75_29.69_0.9120_0.0859_0.0524_0.3978end0.37_-0.27_-9.35_-15.55_-2.46_12.31_-20.62_12.75_29.69_0.9122_0.0869_0.0527_0.3969end0.40_-0.25_-9.38_-15.55_-2.46_12.31_-20.25_12.75_29.19_0.9124_0.0872_0.0529_0.3965end0.36_-0.25_-9.41_-9.51_3.92_8.50_-20.25_12.75_29.19_0.9124_0.0872_0.0529_0.3965end0.32_-0.27_-9.47_-9.51_3.92_8.50_-20.25_12.75_29.19_0.9127_0.0881_0.,0.0,0.0,0.0
1803,0538_0.3954end0.34_-0.26_-9.51_-9.51_3.92_8.50_-20.25_13.13_28.31_0.9128_0.0884_0.0543_0.3951end0.25_-0.19_-9.59_-9.51_3.92_8.50_-20.25_13.13_28.31_0.9128_0.0884_0.0543_0.3951end,0.0,0.0,0.0
1804,,0.0,0.0,0.0
1805,0.20_-0.18_-9.69_-9.62_3.80_8.50_-20.25_13.13_28.31_0.9128_0.0884_0.0543_0.3951end0.20_-0.18_-9.69_-9.85_1.68_9.18_-20.25_13.13_28.31_0.9131_0.0892_0.0554_0.3941end0.16_-0.11_-9.98_-9.85_1.68_9.18_-20.25_13.13_28.31_0.9133_0.0898_0.0559_0.3933end0.11_-0.05_-10.15_-10.18_-0.45_9.96_-20.25_13.13_28.31_0.9133_0.0898_0.0559_0.3933end0.11_-0.01_-10.27_-9.96_-1.79_10.30_-20.25_13.13_28.31_0.9133_0.0898_0.0559_0.3933end0.11_-0.01_-10.27_-9.96_-2.46_10.63_-20.25_13.13_28.31_0.9139_0.0914_0.0565_0.3916end0.13_0.04_-10.46_-9.96_-2.46_10.63_-21.31_11.75_27.87_0.9140_0.0918_0.0566_0.3911end0.05_0.29_-10.73_-9.96_-2.46_10.63_-19.87_12.50_29.19_0.9140_0.0918_0.0566_,0.0,0.0,0.0
1806,0.3911end0.03_0.36_-10.87_-9.40_-4.25_11.64_-19.87_12.50_29.19_0.9145_0.0931_0.0568_0.3896end-0.03_0.51_-11.19_-9.40_-4.25_11.64_-19.87_12.50_29.19_0.9147_0.0934_0.0568_0.3891end,0.0,0.0,0.0
1807,-0.05_0.67_-11.38_-9.40_-4.25_11.64_-20.62_11.81_28.81_0.9147_0.0934_0.0568_0.3891end-0.05_0.74_-11.47_-9.18_-7.50_12.98_-20.62_11.81_28.81_0.9147_0.0934_0.0568_0.3891end-0.05_0.74_-11.47_-9.40_-9.06_12.87_-20.62_11.81_28.81_0.9152_0.0947_0.0568_0.3875end-0.05_0.74_-11.47_-9.40_-9.06_12.87_-20.62_11.81_28.81_0.9156_0.0957_0.0565_0.3863end-0.01_0.76_-11.81_-9.40_-9.06_12.87_-20.62_11.81_28.81_0.9159_0.0963_0.0562_0.3857end0.04_0.67_-11.80_-9.40_-9.06_12.87_-20.62_11.81_28.81_0.9159_0.0963_0.0562_0.3857end0.09_0.62_-11.75_-9.40_-9.06_12.87_-20.62_11.81_28.81_0.9159_0.0963_0.0562_0.3857end0.09_0.62_-11.75_-9.40_-9.06_12.87_-20.25_12.44_27.94_0.9168_0.0982_0.0541_0.3832end0.05_0.59_-11.54_-9.40_-9.06_12.87_-20.25_12.44_27.94_0.9171_0.0986_0.0533_0.3827end0.05_0.55_-11.43_-9.40_-9.06_12.87_-20.25_12.44_27.94_0.9173_0.0988_0.0526_0.3821end,0.0,0.0,0.0
1808,,0.0,0.0,0.0
1809,,0.0,0.0,0.0
1810,0.05_0.58_-11.36_8.06_-16.67_10.85_-20.25_12.44_27.94_0.9173_0.0988_0.0526_0.3821end0.07_0.59_-11.28_12.20_-14.32_10.30_-20.25_12.44_27.94_0.9181_0.0981_0.0504_0.3808end0.07_0.69_-11.17_21.37_-8.62_9.51_-19.50_12.13_28.38_0.9181_0.0981_0.0504_0.3808end0.07_0.69_-11.17_21.37_-8.62_9.51_-19.50_12.13_28.38_0.9186_0.0967_0.0490_0.3801end0.07_0.89_-11.06_21.37_-8.62_9.51_-18.44_12.13_28.81_0.9186_0.0967_0.0490_0.3801end0.07_0.94_-10.96_34.02_-3.69_8.84_-18.44_12.13_28.81_0.9186_0.0967_0.0490_0.3801end0.07_0.94_-10.96_34.02_-3.69_8.84_-19.87_12.50_29.19_0.9197_0.0914_0.0462_0.3788end0.05_1.04_-10.92_34.02_-3.69_8.84_-19.87_12.50_29.19_0.9201_0.0898_0.0454_0.3785end0.11_1.11_-11.03_34.02_-3.69_8.84_-19.87_12.50_29.19_0.9201_0.0898_0.0454_0.3785end0.17_1.31_-11.09_49.57_-9.18_9.85_-20.25_13.44_29.25_0.9201_0.0898_0.0454_0.3785end,0.0,0.0,0.0
1811,0.22_1.39_-11.07_49.57_-9.18_9.85_-20.25_13.44_29.25_0.9215_0.0825_0.0411_0.3773end0.22_1.57_-11.05_49.57_-9.18_9.85_-18.44_12.75_27.94_0.9219_0.0805_0.0399_0.3770end0.22_1.67_-11.08_49.57_-9.18_9.85_-18.44_12.75_27.94_0.9222_0.0786_0.0386_0.3767end0.24_1.75_-10.96_56.18_-8.50_8.62_-18.44_12.75_27.94_0.9222_0.0786_0.0386_0.3767end0.25_1.77_-10.95_56.18_-8.50_8.62_-18.44_12.75_27.94_0.9229_0.0742_0.0361_0.3762end0.24_1.78_-10.91_56.18_-8.50_8.62_-18.44_12.75_27.94_0.9235_0.0696_0.0339_0.3757end0.26_1.78_-10.69_56.18_-8.50_8.62_-18.44_12.75_27.94_0.9238_0.0672_0.0329_0.3755end0.24_1.82_-10.52_62.11_0.90_6.71_-19.19_14.87_28.38_0.9238_0.0672_0.0329_0.3755end0.26_1.83_-10.39_62.11_0.90_6.71_-19.19_14.87_28.38_0.9244_0.0621_0.0309_0.3752end0.26_1.83_-10.39_62.11_0.90_6.71_-19.19_14.87_28.38_0.9249_0.0568_0.0289_0.3748end,0.0,0.0,0.0
1812,,0.0,0.0,0.0
1813,,0.0,0.0,0.0
1814,0.32_1.77_-10.11_62.11_0.90_6.71_-18.81_15.50_26.62_0.9249_0.0568_0.0289_0.3748end0.45_1.73_-9.98_62.11_0.90_6.71_-18.81_15.50_26.62_0.9255_0.0518_0.0265_0.3743end0.52_1.75_-9.88_65.91_-7.72_7.72_-18.81_15.50_26.62_0.9255_0.0518_0.0265_0.3743end0.54_1.83_-9.77_65.91_-7.72_7.72_-18.81_15.50_26.62_0.9263_0.0441_0.0222_0.3735end0.56_1.81_-9.71_65.91_-7.72_7.72_-18.81_15.50_26.62_0.9265_0.0416_0.0207_0.3733end0.63_1.85_-9.47_65.91_-7.72_7.72_-18.81_15.50_26.62_0.9268_0.0390_0.0190_0.3730end0.59_1.84_-9.35_65.91_-7.72_7.72_-18.81_15.50_26.62_0.9268_0.0390_0.0190_0.3730end0.59_1.81_-9.21_67.93_-13.09_5.15_-18.81_15.50_26.62_0.9268_0.0390_0.0190_0.3730end0.69_1.83_-9.11_67.93_-13.09_5.15_-18.81_15.50_26.62_0.9276_0.0288_0.0126_0.3724end0.71_1.78_-9.08_67.93_-13.09_5.15_-18.12_16.19_25.37_0.9277_0.0262_0.0110_0.3723end,0.0,0.0,0.0
1815,,0.0,0.0,0.0
1816,0.88_1.75_-9.01_67.93_-13.09_5.15_-18.12_16.19_25.37_0.9277_0.0262_0.0110_0.3723end0.84_1.80_-9.00_67.93_-13.09_5.15_-18.12_16.19_25.37_0.9279_0.0210_0.0081_0.3723end0.87_1.83_-8.97_67.93_-13.09_5.15_-18.44_16.56_24.94_0.9279_0.0210_0.0081_0.3723end0.84_1.89_-8.96_67.93_-13.09_5.15_-18.44_16.56_24.94_0.9279_0.0131_0.0047_0.3726end0.80_1.94_-8.87_67.93_-13.09_5.15_-18.44_17.25_26.19_0.9279_0.0131_0.0047_0.3726end0.80_1.94_-8.87_60.88_5.26_-4.70_-18.44_17.25_26.19_0.9278_0.0081_0.0032_0.3730end0.80_1.95_-8.85_60.88_5.26_-4.70_-17.06_17.62_26.69_0.9278_0.0081_0.0032_0.3730end0.80_1.95_-8.85_56.96_7.83_-6.27_-17.06_17.62_26.69_0.9276_0.0032_0.0020_0.3735end0.80_1.95_-8.85_50.25_6.27_-7.39_-18.81_17.25_25.37_0.9276_0.0032_0.0020_0.3735end0.80_1.95_-8.85_50.25_6.27_-7.39_-18.81_17.25_25.37_0.9272_-0.0034_0.0002_0.3744end,0.0,0.0,0.0
1817,,0.0,0.0,0.0
1818,0.80_1.95_-8.85_50.25_6.27_-7.39_-18.44_18.25_26.25_0.9272_-0.0034_0.0002_0.3744end0.81_2.04_-8.76_50.25_6.27_-7.39_-18.12_19.25_24.12_0.9272_-0.0034_0.0002_0.3744end0.81_2.04_-8.76_50.25_6.27_-7.39_-18.12_19.25_24.12_0.9268_-0.0106_-0.0022_0.3755end0.75_2.09_-8.69_50.25_6.27_-7.39_-18.12_19.25_24.12_0.9266_-0.0121_-0.0028_0.3758end0.70_2.12_-8.73_50.25_6.27_-7.39_-19.19_17.87_25.00_0.9266_-0.0121_-0.0028_0.3758end0.66_2.12_-8.69_32.01_2.24_-2.24_-19.19_17.87_25.00_0.9266_-0.0121_-0.0028_0.3758end0.64_2.10_-8.79_32.01_2.24_-2.24_-19.19_17.87_25.00_0.9263_-0.0178_-0.0048_0.3764end0.73_2.13_-8.82_32.01_2.24_-2.24_-18.81_19.25_23.69_0.9263_-0.0190_-0.0051,0.0,0.0,0.0
1819,_0.3764end0.77_2.20_-8.84_32.01_2.24_-2.24_-18.81_19.25_23.69_0.9262_-0.0202_-0.0055_0.3764end0.80_2.27_-8.93_32.01_2.24_-2.24_-18.81_19.25_23.69_0.9262_-0.0202_-0.0055_0.3764end,0.0,0.0,0.0
1820,,0.0,0.0,0.0
1821,0.79_2.34_-9.00_32.01_2.24_-2.24_-18.81_19.25_23.69_0.9263_-0.0233_-0.0065_0.3761end0.80_2.41_-8.96_19.02_0.56_4.92_-19.19_17.87_24.06_0.9263_-0.0241_-0.0068_0.3759end0.79_2.46_-8.96_19.02_0.56_4.92_-19.19_17.87_24.06_0.9263_-0.0241_-0.0068_0.3759end0.79_2.49_-9.03_19.02_0.56_4.92_-19.19_17.87_24.06_0.9265_-0.0256_-0.0074_0.3754,0.0,0.0,0.0
1822,end0.83_2.53_-9.01_13.99_1.34_6.83_-19.19_17.87_24.06_0.9265_-0.0256_-0.0074_0.3754end0.80_2.54_-8.95_12.42_1.57_7.50_-19.19_17.87_24.06_0.9268_-0.0272_-0.0079_0.3746end0.82_2.46_-8.88_12.42_1.57_7.50_-19.19_17.87_24.06_0.9269_-0.0277_-0.0079_0.3743end0.82_2.39_-8.79_12.42_1.57_7.50_-17.06_19.25_23.62_0.9269_-0.0277_-0.0079_0.3743end0.80_2.36_-8.70_7.05_3.02_8.50_-17.06_19.25_23.62_0.9269_-0.0277_-0.0079_0.3743end0.79_2.33_-8.62_7.05_3.02_8.50_-18.12_19.25_23.25_0.9274_-0.0291_-0.0080_0.3729end,0.0,0.0,0.0
1823,,0.0,0.0,0.0
1824,0.73_2.14_-8.46_7.05_3.02_8.50_-18.12_19.25_23.25_0.9275_-0.0294_-0.0078_0.3726end0.73_2.14_-8.46_2.91_7.72_9.85_-18.81_19.62_25.00_0.9275_-0.0294_-0.0078_0.3726end0.66_1.95_-8.24_0.56_9.51_10.97_-18.81_19.62_25.00_0.9278_-0.0299_-0.0073_0.3718end0.65_1.95_-8.12_0.56_9.51_10.97_-18.81_19.62_25.00_0.9282_-0.0303_-0.0066_0.3708end0.55_1.81_-8.01_0.56_9.51_10.97_-18.81_19.62_25.00_0.9283_-0.0305_-0.0062_0.3704end0.59_1.68_-7.87_-2.69_10.97_13.43_-18.81_19.62_25.00_0.9283_-0.0305_-0.0062_0.3704end0.59_1.68_-7.87_-3.92_10.63_14.10_-17.06_19.56_23.25_0.9283_-0.0305_-0.0062_0.3704end0.59_1.68_-7.87_-3.92_10.63_14.10_-17.06_19.56_23.25_0.9293_-0.0305_-0.0043_0,0.0,0.0,0.0
1825,.3680end0.60_1.58_-7.75_-3.92_10.63_14.10_-17.06_19.56_23.25_0.9296_-0.0303_-0.0038_0.3674end0.60_1.61_-7.75_-12.31_7.72_18.91_-17.06_19.56_23.25_0.9296_-0.0303_-0.0038_0.3674end,0.0,0.0,0.0
1826,,0.0,0.0,0.0
1827,0.58_1.57_-7.68_-12.31_7.72_18.91_-17.06_19.56_23.25_0.9305_-0.0291_-0.0024_0.3650end0.60_1.52_-7.63_-12.31_7.72_18.91_-17.06_19.56_23.25_0.9309_-0.0285_-0.0020_0.3641end0.60_1.43_-7.71_-12.31_7.72_18.91_-18.12_18.87_24.12_0.9313_-0.0276_-0.0016_0.3632end0.67_1.44_-7.73_-24.06_-2.01_24.73_-18.12_18.87_24.12_0.9313_-0.0276_-0.0016_0.3632end0.69_1.46_-7.79_-24.06_-2.01_24.73_-18.12_18.87_24.12_0.9326_-0.0245_-0.0009_0.3602end0.67_1.45_-7.84_-24.06_-2.01_24.73_-18.12_18.87_23.62_0.9330_-0.0231_-0.0007_0.3591end0.69_1.47_-7.89_-24.06_-2.01_24.73_-18.12_18.87_23.62_0.9330_-0.0231_-0.0007_0.3591end0.73_1.47_-7.92_-37.15_-5.93_28.09_-18.12_18.87_23.62_0.9344_,0.0,0.0,0.0
1828,-0.0185_0.0002_0.3557end0.75_1.47_-8.08_-37.15_-5.93_28.09_-17.44_19.62_25.81_0.9349_-0.0168_0.0006_0.3546end0.71_1.52_-8.13_-37.15_-5.93_28.09_-17.44_19.62_25.81_0.9353_-0.0150_0.0011_0.3535end,0.0,0.0,0.0
1829,,0.0,0.0,0.0
1830,0.62_1.57_-8.22_-37.15_-5.93_28.09_-17.44_19.62_25.81_0.9353_-0.0150_0.0011_0.3535end0.62_1.57_-8.22_-37.15_-5.93_28.09_-17.75_18.87_24.12_0.9367_-0.0093_0.0034_0.3499end0.50_1.62_-8.37_-37.15_-5.93_28.09_-17.75_18.87_24.12_0.9372_-0.0074_0.0043_0.3488end0.54_1.61_-8.44_-52.37_6.60_30.44_-17.75_18.87_24.12_0.9372_-0.0074_0.0043_0.3488end0.54_1.61_-8.44_-54.16_7.05_31.11_-17.44_18.94_24.50_0.9372_-0.0074_0.0043_0.3488end0.54_1.61_-8.44_-57.63_6.49_32.56_-17.44_18.94_24.50_0.9386_-0.0012_0.0075_0.3450end0.54_1.61_-8.44_-57.63_6.49_32.56_-17.75_19.25_25.44_0.9396_0.0033_0.0098_0.3423end0.54_1.59_-8.76_-57.63_6.49_32.56_-17.75_19.25_25.44_0.9396_0.0033_0.0,0.0,0.0,0.0
1831,098_0.3423end0.54_1.59_-8.76_-60.65_6.27_33.91_-17.06_18.19_25.00_0.9405_0.0080_0.0121_0.3395end0.54_1.59_-8.76_-64.23_7.05_35.36_-17.06_18.19_25.00_0.9410_0.0106_0.0134_0.3380end,0.0,0.0,0.0
1832,0.54_1.59_-8.76_-65.46_7.72_36.03_-15.94_18.56_25.81_0.9415_0.0131_0.0146_0.3365end0.54_1.59_-8.76_-68.82_9.51_37.60_-15.94_18.56_25.81_0.9415_0.0131_0.0146_0.3365end0.54_1.59_-8.76_-68.82_9.51_37.60_-15.94_18.56_25.81_0.9429_0.0209_0.0188_0.3318end0.54_1.59_-8.76_-68.82_9.51_37.60_-16.31_18.25_25.81_0.9429_0.0209_0.0188_0.3318end0.45_1.50_-9.50_-68.82_9.51_37.60_-16.31_18.56_26.31_0.9429_0.0209_0.0188_0.3318end0.45_1.50_-9.50_-73.75_10.41_41.85_-16.31_18.56_26.31_0.9443_0.0292_0.0233_0.3268end0.37_1.52_-9.63_-74.64_10.07_43.31_-16.31_18.56_26.31_0.9453_0.0348_0.0264_0.3233end0.30_1.47_-9.71_-74.64_10.07_43.31_-17.37_16.94_27.06_0.9453_0.0348_0.0264_0.,0.0,0.0,0.0
1833,3233end0.30_1.47_-9.71_-74.53_8.95_45.43_-17.37_16.94_27.06_0.9467_0.0435_0.0309_0.3176end0.33_1.45_-9.75_-74.53_8.95_45.43_-17.37_16.94_27.06_0.9472_0.0463_0.0323_0.3156end,0.0,0.0,0.0
1834,0.28_1.31_-9.79_-74.53_8.95_45.43_-16.69_16.87_26.25_0.9472_0.0463_0.0323_0.3156end0.27_1.28_-9.82_-75.09_7.95_50.13_-16.69_16.87_26.25_0.9472_0.0463_0.0323_0.3156end0.27_1.28_-9.82_-75.09_7.95_50.13_-15.94_16.19_26.69_0.9492_0.0581_0.0382_0.3069end0.30_1.12_-10.04_-75.09_7.95_50.13_-15.94_16.19_26.69_0.9497_0.0610_0.0396_0.3046,0.0,0.0,0.0
1835,end0.28_1.10_-10.03_-76.66_6.38_54.61_-15.56_16.87_27.06_0.9497_0.0610_0.0396_0.3046end0.34_1.11_-10.11_-77.44_4.81_55.62_-17.00_16.19_27.06_0.9497_0.0610_0.0396_0.3046end0.41_1.21_-10.09_-77.44_4.81_55.62_-17.00_16.19_27.06_0.9517_0.0731_0.0451_0.2949end0.36_1.25_-10.10_-77.44_4.81_55.62_-17.00_16.19_27.06_0.9517_0.0731_0.0451_0.2949end0.33_1.29_-10.18_-76.66_-1.12_58.75_-17.00_16.19_27.06_0.9517_0.0731_0.0451_0.2949end0.27_1.32_-10.18_-75.42_-1.45_59.42_-15.94_15.88_28.81_0.9517_0.0731_0.0451_0.2949end,0.0,0.0,0.0
1836,,0.0,0.0,0.0
1837,0.27_1.32_-10.18_-73.52_-0.78_60.76_-15.94_15.88_28.81_0.9540_0.0883_0.0508_0.2818end0.30_1.27_-10.27_-73.52_-0.78_60.76_-15.94_15.88_28.81_0.9545_0.0911_0.0519_0.2792end0.28_1.23_-10.25_-73.52_-0.78_60.76_-15.56_16.25_28.87_0.9545_0.0911_0.0519_0.2792end0.28_1.23_-10.25_-70.16_-0.56_61.55_-15.56_16.25_28.87_0.9550_0.0939_0.0530_0.2765end0.25_1.18_-10.30_-67.26_-2.24_63.00_-15.56_16.25_28.87_0.9550_0.0939_0.0530_0.2765end0.25_1.18_-10.30_-63.79_-5.82_64.46_-15.19_15.50_28.81_0.9563_0.1020_0.0560_0.2681end0.25_1.18_-10.30_-63.79_-5.82_64.46_-15.19_15.50_28.81_0.9573_0.1071_0.0576_0.2624end0.25_1.22_-10.46_-63.79_-5.82_64.46_-15.19_15.50_28.81_0.9577_0.1096_0.0583_0.2595end0.26_1.24_-10.53_-63.79_-5.82_64.46_-15.94_14.81_29.69_0.9577_0.1096_0.0583_0.2595end0.26_1.24_-10.53_-55.28_-9.51_66.70_-14.81_15.19_30.12_0.9577_0.1096_0.0583_0.2595end,0.0,0.0,0.0
1838,,0.0,0.0,0.0
1839,,0.0,0.0,0.0
1840,0.26_1.24_-10.53_-55.28_-9.51_66.70_-14.81_15.19_30.12_0.9597_0.1184_0.0606_0.2477end0.19_1.27_-10.61_-55.28_-9.51_66.70_-14.81_15.19_30.12_0.9601_0.1204_0.0612_0.2448end0.21_1.23_-10.65_-55.28_-9.51_66.70_-13.75_15.19_29.75_0.9601_0.1204_0.0612_0.2448end0.16_1.19_-10.68_-55.28_-9.51_66.70_-13.75_15.19_29.75_0.9615_0.1258_0.0631_0.2357end0.15_1.14_-10.84_-55.28_-9.51_66.70_-13.75_15.19_29.75_0.9620_0.1274_0.0639_0.2327end0.15_1.16_-10.84_-55.28_-9.51_66.70_-14.06_14.50_30.12_0.9625_0.1289_0.0648_0.2297end0.14_1.20_-10.80_-39.28_2.57_70.50_-14.06_14.50_30.12_0.9625_0.1289_0.0648_0.2297end0.07_1.22_-10.83_-37.38_3.13_71.06_-14.06_14.50_30.12_0.9625_0.128,0.0,0.0,0.0
1841,9_0.0648_0.2297end0.07_1.22_-10.83_-35.47_3.80_71.73_-14.44_14.50_30.12_0.9644_0.1342_0.0684_0.2174end-0.10_1.15_-10.82_-35.47_3.80_71.73_-14.44_14.50_30.12_0.9648_0.1353_0.0693_0.2144end-0.10_1.01_-10.70_-30.66_3.47_73.97_-13.38_14.19_31.81_0.9648_0.1353_0.0693_0.2144end-0.10_1.01_-10.70_-29.32_2.69_75.09_-13.38_14.19_31.81_0.9658_0.1373_0.0710_0.2079end-0.10_1.01_-10.70_-29.32_2.69_75.09_-13.38_14.50_29.69_0.9664_0.1382_0.0718_0.2047end-0.10_1.01_-10.70_-23.28_-1.12_77.66_-13.38_14.50_29.69_0.9669_0.1391_0.0726_0.2015end-0.10_1.01_-10.70_-23.28_-1.12_77.66_-13.38_15.56_30.56_0.9674_0.1399_0.0732_0.1981end-0.10_1.01_-10.70_-19.81_-3.13_78.78_-13.38_15.56_30.56_0.9684_0.1412_0.0743_0.1914end-0.10_1.01_-10.70_-18.35_-4.36_79.34_-13.00_14.13_31.00_0.9695_0.1423_0.0753_0.1844end-0.22_0.94_-10.96_-18.35_-4.36_79.34_-12.69_14.81_30.12_0.970,0.0,0.0,0.0
1842,1_0.1427_0.0757_0.1811end-0.30_1.22_-11.31_-18.35_-4.36_79.34_-12.69_14.81_30.12_0.9706_0.1431_0.0760_0.1777end-0.35_1.35_-11.50_-12.53_-7.72_80.68_-12.69_14.81_30.12_0.9706_0.1431_0.0760_0.1777end,0.0,0.0,0.0
1843,,0.0,0.0,0.0
1844,-0.35_1.35_-11.50_-12.53_-7.72_80.68_-12.69_14.81_30.12_0.9724_0.1440_0.0768_0.1671end-0.47_1.83_-12.01_-11.75_-8.73_82.03_-12.69_14.81_30.12_0.9729_0.1442_0.0771_0.1635end-0.53_2.29_-12.57_-11.75_-8.73_82.03_-12.69_14.81_30.12_0.9729_0.1442_0.0771_0.1635end-0.53_2.37_-12.57_-11.75_-8.73_82.03_-11.19_15.19_31.44_0.9729_0.1442_0.0771_0.1635end-0.53_2.37_-12.57_-11.75_-8.73_82.03_-11.94_15.50_30.12_0.9750_0.1456_0.0778_0.1489end-0.53_2.20_-12.55_-15.55_-18.35_86.62_-11.94_15.50_30.12_0.9750_0.1456_0.0778_0.1489end-0.42_1.88_-12.18_-15.55_-18.35_86.62_-11.94_15.50_30.12_0.9760_0.1465_0.0776_0.1414end-0.40_1.70_-12.02_-13.54_-27.08_87.96_-11.94_15.50_30.12,0.0,0.0,0.0
1845,,0.0,0.0,0.0
1846,_0.9760_0.1465_0.0776_0.1414end-0.38_1.52_-11.89_-11.30_-31.56_87.62_-11.94_15.50_30.12_0.9776_0.1476_0.0757_0.1295end-0.36_1.42_-11.79_-11.30_-31.56_87.62_-11.94_15.50_30.12_0.9781_0.1478_0.0748_0.1254end,0.0,0.0,0.0
1847,-0.28_1.19_-11.36_-11.30_-31.56_87.62_-11.94_15.50_30.12_0.9788_0.1478_0.0736_0.1215end-0.28_1.19_-11.36_-11.30_-31.56_87.62_-10.13_15.88_31.87_0.9794_0.1476_0.0723_0.1176end-0.28_1.19_-11.36_10.74_-45.21_84.71_-10.13_15.88_31.87_0.9800_0.1472_0.0710_0.1138end-0.20_0.92_-11.12_10.74_-45.21_84.71_-9.75_15.50_31.44_0.9800_0.1472_0.0710_0.1138end-0.20_0.92_-11.12_28.20_-45.55_79.45_-9.75_15.50_31.44_0.9813_0.1458_0.0679_0.1061end-0.20_0.92_-11.12_28.20_-45.55_79.45_-9.75_15.50_31.44_0.9819_0.1446_0.0664_0.1025end-0.20_0.92_-11.12_34.02_-45.88_77.22_-9.00_16.56_32.31_0.9826_0.1432_0.0648_0.0989end-0.08_0.84_-10.41_39.84_-44.76_74.98_-9.00_16.56_32.31_0.982,0.0,0.0,0.0
1848,6_0.1432_0.0648_0.0989end0.05_0.84_-10.24_49.57_-43.98_69.83_-9.00_16.56_32.31_0.9854_0.1354_0.0582_0.0860end0.11_0.84_-10.02_49.57_-43.98_69.83_-7.25_16.56_30.12_0.9860_0.1331_0.0566_0.0831end,0.0,0.0,0.0
1849,,0.0,0.0,0.0
1850,0.17_0.88_-9.81_49.57_-43.98_69.83_-7.25_16.56_30.12_0.9866_0.1306_0.0551_0.0804end0.17_0.88_-9.81_62.78_-38.27_57.41_-6.50_16.50_29.75_0.9866_0.1306_0.0551_0.0804end0.17_0.88_-9.81_66.47_-33.01_50.92_-6.50_18.19_30.19_0.9879_0.1251_0.0519_0.0754end0.13_0.89_-9.30_66.47_-33.01_50.92_-6.50_18.19_30.19_0.9891_0.1194_0.0493_0.0710end0.14_0.86_-9.24_68.26_-27.53_44.87_-5.44_17.87_30.19_0.9891_0.1194_0.0493_0.0710end0.14_0.86_-9.24_68.60_-25.07_41.29_-5.06_18.56_30.56_0.9891_0.1194_0.0493_0.0710end0.14_0.86_-9.24_68.60_-25.07_41.29_-5.06_18.56_30.56_0.9911_0.1073_0.0449_0.0639end0.16_0.90_-9.12_68.60_-25.07_41.29_-5.06_18.56_30.56_0.9916_0.1043_0.0441_0.0625end0.11_0.95_-9.13_68.60_-25.07_41.29_-5.06_18.56_30.56_0.9920_0.1014_0.0433_0.0612end0.11_0.95_-9.13_68.60_-25.07_41.29_-5.06_18.56_30.56_0.9924_0.0984_0.0425_0.0600end,0.0,0.0,0.0
1851,,0.0,0.0,0.0
1852,0.11_1.10_-9.12_68.60_-25.07_41.29_-5.06_18.56_30.56_0.9931_0.0928_0.0414_0.0580end0.07_1.33_-9.20_68.60_-25.07_41.29_-5.06_18.19_28.87_0.9931_0.0928_0.0414_0.0580end0.07_1.33_-9.20_59.09_-8.06_19.25_-5.06_18.19_28.87_0.9935_0.0901_0.0410_0.0571end0.07_1.33_-9.20_59.09_-8.06_19.25_-5.06_18.19_28.87_0.9940_0.0849_0.0402_0.0556end0.07_1.33_-9.20_54.72_-9.18_16.23_-5.06_18.19_28.87_0.9943_0.0825_0.0397_0.0549end0.11_1.70_-9.47_54.72_-9.18_16.23_-5.06_18.19_28.87_0.9948_0.0779_0.0386_0.0538end0.18_1.71_-9.60_54.72_-9.18_16.23_-5.06_18.19_28.87_0.9950_0.0757_0.0380_0.0533end0.18_1.71_-9.60_47.22_-15.44_10.63_-4.69_19.94_28.50_0.9950_0.0757_0.0380_0.0533end0,0.0,0.0,0.0
1853,.18_1.71_-9.60_45.99_-15.00_8.95_-4.31_19.94_28.44_0.9955_0.0696_0.0358_0.0521end0.19_1.73_-9.77_45.99_-15.00_8.95_-4.31_19.94_28.44_0.9957_0.0678_0.0352_0.0519end,0.0,0.0,0.0
1854,0.19_1.69_-9.77_42.64_-9.96_4.36_-4.31_20.94_26.75_0.9957_0.0678_0.0352_0.0519end0.24_1.54_-9.72_42.64_-9.96_4.36_-5.44_20.25_27.13_0.9960_0.0641_0.0341_0.0516end0.29_1.54_-9.76_41.85_-6.83_1.45_-5.44_20.25_27.13_0.9963_0.0605_0.0333_0.0516end0.32_1.50_-9.77_41.85_-6.83_1.45_-5.44_20.25_27.13_0.9964_0.0587_0.0330_0.0517end0.45_1.45_-9.79_41.85_-6.83_1.45_-5.44_20.25_27.13_0.9965_0.0569_0.0326_0.0518end0.44_1.40_-9.86_41.85_-6.83_1.45_-4.00_21.31_28.94_0.9965_0.0569_0.0326_0.0518end0.50_1.37_-9.86_41.85_-6.83_1.45_-4.69_21.31_28.50_0.9967_0.0533_0.0316_0.0523end0.48_1.19_-9.92_41.85_-6.83_1.45_-4.69_21.31_28.50_0.9969_0.0499_0.0303_0.0529end0.49_1.11_-9,0.0,0.0,0.0
1855,.97_41.52_-18.24_-8.73_-4.37_21.31_26.31_0.9969_0.0499_0.0303_0.0529end0.52_1.02_-10.01_42.52_-23.50_-11.08_-4.37_21.31_26.31_0.9971_0.0463_0.0284_0.0538end,0.0,0.0,0.0
1856,,0.0,0.0,0.0
1857,0.52_1.02_-10.01_42.52_-23.50_-11.08_-4.00_21.62_27.19_0.9973_0.0428_0.0262_0.0547end0.54_0.78_-10.16_43.31_-27.64_-13.54_-4.00_21.62_27.19_0.9973_0.0409_0.0248_0.0553end0.52_0.73_-10.31_43.31_-27.64_-13.54_-4.00_21.62_27.19_0.9974_0.0391_0.0235_0.0560end0.52_0.73_-10.31_43.31_-27.64_-13.54_-3.25_22.00_26.81_0.9974_0.0372_0.0222_0.0566end0.56_0.62_-10.49_43.31_-27.64_-13.54_-3.25_21.62_26.31_0.9974_0.0372_0.0222_0.0566end0.72_0.67_-10.66_43.31_-27.64_-13.54_-3.25_21.62_26.31_0.9976_0.0316_0.0178_0.0592end0.79_0.75_-10.75_43.31_-27.64_-13.54_-3.25_21.62_26.31_0.9976_0.0296_0.0163_0.0602end0.79_0.77_-10.83_48.01_-30.77_-27.64_-3.25_21.62_26.31_0.9976_0.0296_0.0163_0.0602end0.79_0.77_-10.83_48.01_-30.77_-27.64_-3.25_21.62_26.31_0.9976_0.0256_0.0133_0.0627end0.79_0.77_-10.83_48.01_-30.77_-27.64_-3.25_21.62_26.31_0.9976_0.0214_0.0104_0.0656end,0.0,0.0,0.0
1858,,0.0,0.0,0.0
1859,,0.0,0.0,0.0
1860,0.82_0.96_-10.88_48.01_-30.77_-27.64_-3.25_21.62_26.31_0.9976_0.0214_0.0104_0.0656end0.83_0.91_-10.86_52.15_-22.27_-41.18_-3.25_21.62_26.31_0.9976_0.0214_0.0104_0.0656end0.83_0.91_-10.86_52.15_-22.27_-41.18_-3.25_22.69_25.88_0.9974_0.0149_0.0068_0.0707end0.83_0.91_-10.86_53.27_-18.58_-46.78_-3.25_22.69_25.88_0.9971_0.0103_0.0048_0.0749end0.86_1.09_-10.63_53.27_-18.58_-46.78_-3.25_22.69_25.88_0.9970_0.0081_0.0039_0.0770end0.92_1.12_-10.45_55.62_-15.44_-53.83_-3.25_22.69_25.88_0.9968_0.0056_0.0030_0.0794end0.92_1.12_-10.45_55.62_-15.44_-53.83_-3.25_22.69_25.88_0.9968_0.0056_0.0030_0.0794end0.92_1.12_-10.45_57.63_-16.45_-59.98_-3.25_22.69_25.88_0.9965_0.0,0.0,0.0,0.0
1861,009_0.0012_0.0842end1.19_1.25_-10.00_58.86_-17.57_-61.77_-3.25_22.69_25.88_0.9965_0.0009_0.0012_0.0842end1.19_1.25_-10.00_60.32_-18.24_-64.91_-3.25_22.69_25.88_0.9957_-0.0065_-0.0016_0.0922end1.19_1.25_-10.00_60.32_-18.24_-64.91_-4.00_23.62_24.19_0.9951_-0.0117_-0.0037_0.0979end1.26_1.14_-9.46_60.32_-18.24_-64.91_-4.00_23.62_24.19_0.9948_-0.0142_-0.0046_0.1008end1.27_1.09_-9.29_60.32_-18.24_-64.91_-5.44_24.37_25.50_0.9944_-0.0168_-0.0055_0.1038end1.30_0.90_-8.97_60.32_-18.24_-64.91_-5.44_24.37_25.50_0.9944_-0.0168_-0.0055_0.1038end1.37_0.75_-8.66_60.32_-18.24_-64.91_-4.37_25.00_23.31_0.9937_-0.0222_-0.0070_0.1099end1.37_0.75_-8.66_60.99_-1.57_-71.96_-4.37_25.00_23.31_0.9933_-0.0248_-0.0074_0.1129end1.38_0.61_-8.20_60.99_-1.57_-71.96_-4.37_25.00_23.31_0.9924_-0.0303_-0.0081_0.1191end1.38_0.53_-8.09_59.76_4.70_-72.18_-4.37_25.00_23.31_0.9924_,0.0,0.0,0.0
1862,-0.0303_-0.0081_0.1191end1.38_0.53_-8.09_59.76_4.70_-72.18_-5.44_24.69_22.50_0.9910_-0.0381_-0.0079_0.1284end1.29_0.26_-7.55_59.76_4.70_-72.18_-5.44_24.69_22.50_0.9905_-0.0406_-0.0077_0.1315end,0.0,0.0,0.0
1863,,0.0,0.0,0.0
1864,1.33_0.22_-7.44_54.39_12.65_-70.61_-5.81_24.37_24.19_0.9905_-0.0406_-0.0077_0.1315end1.40_0.18_-7.17_52.15_12.98_-70.39_-5.81_24.37_24.19_0.9905_-0.0406_-0.0077_0.1315end1.40_0.18_-7.17_52.15_12.98_-70.39_-6.56_25.37_22.00_0.9889_-0.0479_-0.0066_0.1405end1.41_0.08_-7.05_44.54_9.85_-67.48_-6.56_25.37_22.00_0.9879_-0.0521_-0.0060_0.1463end1.41_0.08_-7.05_41.63_8.17_-66.58_-7.62_24.69_22.50_0.9879_-0.0521_-0.0060_0.1463end1.41_0.08_-7.05_41.63_8.17_-66.58_-6.19_25.37_22.87_0.9873_-0.0541_-0.0057_0.1492end1.41_0.08_-7.05_30.66_3.80_-63.23_-6.19_25.37_22.87_0.9858_-0.0589_-0.0052_0.1575end1.73_0.10_-7.38_26.75_3.13_-62.22_-6.19_25.37_22.87_0.9852_-0.0602_-0.0051_0.1602end1.89_0.16_-7.42_26.75_3.13_-62.22_-6.19_25.37_22.87_0.9843_-0.0623_-0.0048_0.1653end1.87_0.14_-7.43_26.75_3.13_-62.22_-8.69_24.69_22.00_0.9838_-0.0631_-0.0046_0.1680end,0.0,0.0,0.0
1865,,0.0,0.0,0.0
1866,1.93_-0.12_-7.42_26.75_3.13_-62.22_-8.69_24.69_22.00_0.9833_-0.0638_-0.0044_0.1704end1.85_-0.16_-7.39_5.15_9.06_-53.94_-9.06_25.00_20.25_0.9833_-0.0638_-0.0044_0.1704end1.85_-0.16_-7.39_5.15_9.06_-53.94_-9.06_25.00_20.25_0.9820_-0.0649_-0.0031_0.1774end1.66_-0.29_-7.52_5.15_9.06_-53.94_-9.06_25.75_21.12_0.9816_-0.0650_-0.0024_0.1795end1.66_-0.29_-7.52_-5.37_15.44_-48.46_-9.81_25.06_21.56_0.9816_-0.0650_-0.0024_0.1795end1.71_-0.47_-7.60_-5.37_15.44_-48.46_-9.81_25.06_21.56_0.9812_-0.0650_-0.0016_0.1816end1.78_-0.59_-7.70_-16.45_12.31_-41.29_-9.81_25.06_21.56_0.9812_-0.0650_-0.0016_0.1816end1.78_-0.59_-7.70_-16.45_12.31_-41.29_-8.69_24.00_22.00_0.9802_-0,0.0,0.0,0.0
1867,.0640_0.0010_0.1873end1.99_-0.71_-8.06_-16.45_12.31_-41.29_-8.69_24.00_22.00_0.9797_-0.0625_0.0024_0.1906end1.98_-0.65_-8.11_-16.45_12.31_-41.29_-8.69_24.00_22.00_0.9795_-0.0615_0.0029_0.1920end,0.0,0.0,0.0
1868,,0.0,0.0,0.0
1869,1.92_-0.52_-8.19_-16.45_12.31_-41.29_-8.69_24.37_23.31_0.9795_-0.0615_0.0029_0.1920end1.91_-0.49_-8.28_-16.45_12.31_-41.29_-9.81_24.37_22.50_0.9795_-0.0615_0.0029_0.1920end1.91_-0.54_-8.40_-16.45_12.31_-41.29_-9.81_24.37_22.50_0.9789_-0.0577_0.0042_0.1957end1.91_-0.54_-8.40_-16.45_12.31_-41.29_-9.81_24.37_22.50_0.9788_-0.0549_0.0049_0.1975end1.92_-0.52_-8.58_-16.45_12.31_-41.29_-9.81_24.37_22.50_0.9788_-0.0549_0.0049_0.1975end1.96_-0.52_-8.62_-36.15_-1.90_-12.98_-10.88_24.00_21.12_0.9788_-0.0549_0.0049_0.1975end1.99_-0.46_-8.79_-36.37_-4.14_-7.61_-10.88_24.00_21.12_0.9786_-0.0487_0.0059_0.1998end1.97_-0.33_-8.97_-36.37_-4.14_-7.61_-10.88_24.00_21.12_0.,0.0,0.0,0.0
1870,9786_-0.0471_0.0061_0.2000end1.93_-0.32_-9.08_-35.81_-3.25_-3.58_-10.88_24.00_21.12_0.9786_-0.0471_0.0061_0.2000end1.87_-0.25_-9.05_-35.81_-3.25_-3.58_-10.88_23.31_24.19_0.9788_-0.0425_0.0068_0.2003end,0.0,0.0,0.0
1871,,0.0,0.0,0.0
1872,1.83_-0.28_-9.07_-35.81_-3.25_-3.58_-10.88_23.31_24.19_0.9788_-0.0412_0.0072_0.2003end1.75_-0.35_-9.02_-35.81_-3.25_-3.58_-10.88_23.31_24.19_0.9788_-0.0412_0.0072_0.2003end1.75_-0.52_-9.07_-35.81_-3.25_-3.58_-9.81_22.94_23.25_0.9788_-0.0412_0.0072_0.2003end1.72_-0.56_-9.13_-35.81_-3.25_-3.58_-10.50_22.69_22.87_0.9791_-0.0373_0.0091_0.1997end1.72_-0.56_-9.13_-30.10_18.13_8.50_-10.50_22.69_22.87_0.9793_-0.0350_0.0110_0.1990end1.64_-0.47_-9.26_-30.10_18.13_8.50_-10.50_22.69_22.87_0.9794_-0.0339_0.0121_0.1986end1.60_-0.47_-9.18_-30.10_18.13_8.50_-9.81_22.69_24.12_0.9794_-0.0339_0.0121_0.1986end1.55_-0.64_-9.11_-30.10_18.13_8.50_-9.81_22.69_24.12_0.9794_-0.0339_0.0121_0.1986end1.51_-0.67_-9.07_-30.10_18.13_8.50_-9.81_22.69_24.12_0.9799_-0.0298_0.0168_0.1963end1.41_-0.83_-9.00_-30.10_18.13_8.50_-9.81_22.69_24.12_0.9801_-0.0289_0.0181_0.1956end,0.0,0.0,0.0
1873,,0.0,0.0,0.0
1874,1.41_-0.83_-9.00_-27.75_22.27_17.90_-10.50_22.00_23.75_0.9801_-0.0289_0.0181_0.1956end1.41_-0.83_-9.00_-27.19_20.93_19.47_-10.50_22.00_23.75_0.9804_-0.0269_0.0204_0.1940end1.36_-1.11_-8.96_-27.42_19.36_21.15_-10.50_22.00_23.75_0.9804_-0.0269_0.0204_0.1940end1.36_-1.11_-8.96_-27.42_19.36_21.15_-10.50_22.00_23.75_0.9810_-0.0239_0.0234_0.1910end1.38_-1.28_-9.02_-27.42_19.36_21.15_-10.13_22.00_22.87_0.9810_-0.0239_0.0234_0.1910end1.38_-1.28_-9.02_-28.20_13.09_25.63_-10.13_22.00_22.87_0.9814_-0.0218_0.0249_0.1887end1.38_-1.28_-9.02_-28.76_8.28_28.42_-10.13_21.31_24.12_0.9814_-0.0218_0.0249_0.1887end1.38_-1.28_-9.02_-28.54_4.81_31.11_-10.13_21.31_24.12_0.982,0.0,0.0,0.0
1875,0_-0.0196_0.0261_0.1862end1.38_-1.28_-9.02_-28.54_4.81_31.11_-10.19_22.94_22.87_0.9825_-0.0173_0.0269_0.1835end1.27_-1.09_-9.28_-28.54_4.81_31.11_-10.19_22.94_22.87_0.9828_-0.0162_0.0272_0.1821end,0.0,0.0,0.0
1876,,0.0,0.0,0.0
1877,1.28_-1.03_-9.39_-28.54_4.81_31.11_-10.19_22.94_22.87_0.9828_-0.0162_0.0272_0.1821end1.28_-1.03_-9.39_-28.54_4.81_31.11_-9.81_21.62_25.00_0.9833_-0.0139_0.0278_0.1791end1.25_-1.13_-9.38_-27.98_0.90_35.25_-9.81_21.62_25.00_0.9839_-0.0116_0.0283_0.1760end1.25_-1.16_-9.39_-27.98_0.90_35.25_-9.81_21.62_25.00_0.9842_-0.0105_0.0284_0.,0.0,0.0,0.0
1878,1744end1.21_-1.11_-9.44_-27.98_0.90_35.25_-10.13_22.00_23.75_0.9845_-0.0093_0.0285_0.1729end1.19_-1.07_-9.44_-26.75_-5.71_37.82_-8.69_22.69_23.75_0.9845_-0.0093_0.0285_0.1729end1.17_-1.04_-9.46_-26.63_-7.83_38.61_-8.69_22.69_23.75_0.9850_-0.0071_0.0285_0.1696end1.17_-1.04_-9.46_-26.75_-10.41_39.06_-8.69_22.69_23.75_0.9857_-0.0048_0.0282_0.1662end1.19_-0.96_-9.55_-26.75_-10.41_39.06_-10.13_22.00_23.75_0.9860_-0.0037_0.0279_0.1645end1.18_-0.93_-9.60_-26.75_-10.41_39.06_-10.13_22.00_23.75_0.9860_-0.0037_0.0279_0.1645end,0.0,0.0,0.0
1879,,0.0,0.0,0.0
1880,1.20_-0.90_-9.60_-26.52_-17.79_40.17_-10.13_22.00_23.75_0.9860_-0.0037_0.0279_0.1645end1.20_-0.90_-9.60_-26.52_-17.79_40.17_-9.06_21.31_24.56_0.9869_-0.0001_0.0263_0.1592end1.20_-0.90_-9.60_-26.19_-21.82_40.40_-9.06_21.31_24.56_0.9875_0.0024_0.0248_0.1557end1.24_-0.57_-10.14_-26.19_-21.82_40.40_-9.06_21.31_24.56_0.9875_0.0024_0.0248_0.1557end1.22_-0.48_-10.26_-25.51_-20.48_39.73_-9.06_21.31_24.56_0.9875_0.0024_0.0248_0.1557end1.21_-0.38_-10.40_-25.51_-20.48_39.73_-9.06_20.56_23.62_0.9875_0.0024_0.0248_0.1557end1.21_-0.38_-10.40_-24.73_-11.30_37.82_-9.06_20.56_23.62_0.9886_0.0071_0.0222_0.1487end1.22_0.07_-10.70_-24.73_-11.30_37.82_-8.69_21.31_24.12_0.9886_0.0071_0.0222_0.1487end1.21_0.20_-10.77_-24.73_-11.30_37.82_-8.31_21.31_24.56_0.9893_0.0104_0.0215_0.1438end1.17_0.32_-10.88_-23.84_-2.69_36.59_-8.31_21.31_24.56_0.9893_0.0104_0.0215_0.1438end,0.0,0.0,0.0
1881,,0.0,0.0,0.0
1882,1.11_0.53_-10.96_-23.84_-2.69_36.59_-6.94_20.56_24.12_0.9900_0.0134_0.0217_0.1390end1.12_0.58_-11.10_-23.84_-2.69_36.59_-6.94_20.56_24.12_0.9902_0.0143_0.0219_0.1374end1.09_0.69_-11.21_-23.84_-2.69_36.59_-8.31_20.62_25.00_0.9902_0.0143_0.0219_0.1374end1.03_0.76_-11.39_-23.84_-2.69_36.59_-8.31_20.62_25.00_0.9906_0.0161_0.0221_0.1341end1.03_0.76_-11.39_-21.71_-2.46_40.17_-7.94_22.00_25.00_0.9906_0.0161_0.0221_0.1341end1.03_0.76_-11.39_-22.27_-4.70_43.08_-7.94_22.00_25.00_0.9913_0.0188_0.0222_0.1287end1.15_0.54_-11.57_-22.27_-4.70_43.08_-7.25_21.31_25.00_0.9915_0.0198_0.0222_0.1268end1.21_0.47_-11.54_-22.27_-4.70_43.08_-7.25_21.31_25.00_0.9917_0.0207_0.0220_0.1249end1.20_0.45_-11.50_-21.49_-8.17_45.99_-7.25_21.31_25.00_0.9917_0.0207_0.0220_0.1249end1.20_0.45_-11.50_-21.49_-8.17_45.99_-8.31_21.62_23.69_0.9922_0.0225_0.0217_0.1209end,0.0,0.0,0.0
1883,,0.0,0.0,0.0
1884,1.20_0.45_-11.50_-19.02_-6.83_47.34_-8.31_21.62_23.69_0.9924_0.0234_0.0215_0.1188end1.20_0.45_-11.50_-17.12_-3.92_47.78_-8.31_21.62_23.69_0.9929_0.0248_0.0214_0.1146end1.20_0.45_-11.50_-11.64_3.80_48.46_-8.31_21.62_23.69_0.9931_0.0253_0.0217_0.1125end1.20_0.45_-11.50_-11.64_3.80_48.46_-8.31_21.62_23.69_0.9931_0.0253_0.0217_0.1125end1.17_0.59_-10.91_-2.80_13.20_50.25_-8.31_21.62_23.69_0.9931_0.0253_0.0217_0.1125end1.13_0.68_-10.88_-2.80_13.20_50.25_-8.31_21.62_23.69_0.9937_0.0259_0.0231_0.1062end1.10_0.88_-10.60_-2.80_13.20_50.25_-8.31_21.62_23.69_0.9937_0.0259_0.0231_0.1062end1.06_0.92_-10.54_8.06_7.16_54.95_-8.31_21.62_23.69_0.9944_0.0254_0.0250_0.099,0.0,0.0,0.0
1885,5end1.06_0.92_-10.54_8.06_7.16_54.95_-8.31_21.62_23.69_0.9949_0.0245_0.0256_0.0948end1.09_1.01_-10.36_8.06_7.16_54.95_-6.56_20.25_24.50_0.9951_0.0239_0.0257_0.0923end,0.0,0.0,0.0
1886,,0.0,0.0,0.0
1887,1.10_1.01_-10.17_8.06_7.16_54.95_-6.56_20.25_24.50_0.9954_0.0233_0.0255_0.0898end1.15_1.07_-10.05_8.06_7.16_54.95_-6.56_20.25_24.50_0.9954_0.0233_0.0255_0.0898end1.19_1.04_-10.03_16.23_-13.32_61.10_-6.56_20.25_24.50_0.9954_0.0233_0.0255_0.0898end1.19_1.04_-10.03_18.02_-17.01_62.44_-6.56_20.94_25.81_0.9954_0.0233_0.0255_0.0898end1.23_1.00_-10.01_18.02_-17.01_62.44_-6.56_20.94_25.81_0.9966_0.0195_0.0225_0.0765end1.23_1.09_-10.00_18.02_-17.01_62.44_-6.56_20.94_25.81_0.9968_0.0187_0.0218_0.0739end1.23_1.22_-9.93_18.02_-17.01_62.44_-6.19_20.56_24.12_0.9971_0.0179_0.0210_0.0710end1.24_1.28_-9.80_19.02_-14.55_62.44_-6.19_20.56_24.12_0.9971_0.0179_0.0210_0.071,0.0,0.0,0.0
1888,0end1.24_1.28_-9.80_19.02_-14.55_62.44_-6.19_20.56_24.12_0.9977_0.0154_0.0190_0.0630end1.24_1.25_-9.73_19.02_-14.55_62.44_-4.31_19.87_24.50_0.9979_0.0145_0.0184_0.0602end,0.0,0.0,0.0
1889,,0.0,0.0,0.0
1890,1.22_1.32_-9.71_19.02_-14.55_62.44_-4.31_19.87_24.50_0.9981_0.0137_0.0179_0.0576end1.20_1.38_-9.57_19.02_-14.55_62.44_-4.37_22.62_24.12_0.9981_0.0137_0.0179_0.0576end1.22_1.38_-9.58_17.79_-13.32_63.00_-4.69_21.62_24.56_0.9981_0.0137_0.0179_0.0576end1.20_1.34_-9.59_17.57_-14.10_62.89_-4.69_21.62_24.56_0.9981_0.0137_0.0179_0.0576end1.20_1.34_-9.59_16.79_-17.90_63.56_-3.25_22.62_24.12_0.9989_0.0097_0.0148_0.0439end1.20_1.32_-9.37_16.23_-20.25_63.79_-3.25_22.62_24.12_0.9989_0.0097_0.0148_0.0439end1.12_1.30_-9.38_16.23_-20.25_63.79_-2.87_21.25_25.00_0.9989_0.0097_0.0148_0.0439end1.11_1.28_-9.39_15.00_-23.84_64.23_-2.87_21.25_25.00_0.9994_0.0043_0.0125_0.032,0.0,0.0,0.0
1891,7end1.10_1.37_-9.33_15.00_-23.84_64.23_-2.50_22.31_23.75_0.9995_0.0037_0.0114_0.0299end1.10_1.37_-9.33_15.00_-23.84_64.23_-1.81_22.31_23.25_0.9996_0.0031_0.0102_0.0272end1.06_1.38_-9.38_15.00_-23.84_64.23_-1.81_22.31_23.25_0.9996_0.0024_0.0089_0.0244end1.06_1.38_-9.38_15.00_-23.84_64.23_-2.12_21.56_23.25_0.9998_0.0018_0.0076_0.0215end1.06_1.38_-9.38_13.54_-28.98_63.11_-2.12_21.56_23.25_0.9999_0.0007_0.0051_0.0161end1.06_1.38_-9.38_13.20_-25.51_61.77_-2.50_22.31_23.25_0.9999_0.0007_0.0051_0.0161e,0.0,0.0,0.0
1892,nd1.06_1.38_-9.38_12.53_-22.38_60.43_-2.50_22.31_23.25_0.9999_-0.0005_0.0029_0.0107end1.07_1.41_-9.50_12.53_-22.38_60.43_-2.50_22.31_23.25_0.9999_-0.0005_0.0029_0.0107end1.07_1.41_-9.50_12.53_-22.38_60.43_-2.50_22.31_23.25_1.0000_-0.0021_0.0008_0.0030end0.96_1.34_-9.52_12.53_-22.38_60.43_-2.50_22.31_23.25_1.0000_-0.0021_0.0008_0.0030end0.87_1.25_-9.50_12.53_-22.38_60.43_-1.50_22.94_23.25_1.0000_-0.0021_0.0008_0.0030end0.87_1.25_-9.50_12.53_-22.38_60.43_-1.50_22.94_23.25_1.0000_-0.0040_0.0009_-0.0065end,0.0,0.0,0.0
1893,,0.0,0.0,0.0
1894,0.77_1.20_-9.49_12.53_-22.38_60.43_-1.50_22.94_23.25_0.9999_-0.0045_0.0014_-0.0087end0.55_1.23_-9.50_12.53_-22.38_60.43_-1.50_22.94_23.25_0.9999_-0.0045_0.0014_-0.0087end0.55_1.21_-9.46_12.53_-22.38_60.43_0.37_22.31_24.56_0.9999_-0.0045_0.0014_-0.0087end0.50_1.17_-9.50_12.53_-22.38_60.43_0.00_22.94_23.25_0.9999_-0.0059_0.0035_-0.0156end0.49_1.21_-9.46_9.85_18.91_52.37_0.00_22.94_23.25_0.9998_-0.0067_0.0052_-0.0201end0.38_1.17_-9.39_9.51_18.02_53.04_-1.12_23.25_23.69_0.9998_-0.0067_0.0052_-0.0201end0.39_1.16_-9.44_9.62_16.67_53.94_-1.12_23.25_23.69_0.9998_-0.0067_0.0052_-0.0201end0.39_1.16_-9.44_9.62_16.67_53.94_0.37_22.62_23.75_0.9995_-0.0084_0.0082_-0,0.0,0.0,0.0
1895,.0295end0.44_1.07_-9.59_9.62_16.67_53.94_0.37_22.62_23.75_0.9994_-0.0087_0.0089_-0.0319end0.45_1.01_-9.67_8.06_15.78_56.40_0.37_22.62_23.75_0.9994_-0.0087_0.0089_-0.0319end,0.0,0.0,0.0
1896,,0.0,0.0,0.0
1897,,0.0,0.0,0.0
1898,0.45_0.96_-9.75_8.06_15.78_56.40_-0.37_22.94_22.87_0.9994_-0.0087_0.0089_-0.0319end0.45_0.96_-9.75_8.06_15.78_56.40_-0.37_22.94_22.87_0.9990_-0.0100_0.0120_-0.0417end0.54_0.95_-9.93_8.06_15.78_56.40_-0.37_22.94_22.87_0.9989_-0.0103_0.0132_-0.0441end0.43_1.02_-10.07_8.06_15.78_56.40_-0.37_22.94_22.87_0.9988_-0.0104_0.0146_-0.0464end0.41_1.05_-10.07_3.25_45.77_52.37_-0.37_22.94_22.87_0.9988_-0.0104_0.0146_-0.0464end0.41_1.05_-10.07_3.25_45.77_52.37_-0.37_22.94_22.87_0.9983_-0.0107_0.0202_-0.0534end0.37_1.10_-10.11_3.25_45.77_52.37_0.00_23.25_22.87_0.9982_-0.0108_0.0225_-0.0557end0.30_1.19_-10.09_3.25_45.77_52.37_0.00_23.25_22.87_0.9982_-0.0108_0.0225_-0.0557end0.30_1.19_-10.09_0.78_56.74_51.70_0.37_23.94_22.37_0.9982_-0.0108_0.0225_-0.0557end0.30_1.19_-10.09_0.56_55.95_52.26_0.37_23.94_22.37_0.9976_-0.0107_0.0297_-0.0624end,0.0,0.0,0.0
1899,,0.0,0.0,0.0
1900,0.30_1.19_-10.09_0.11_53.60_52.93_0.37_22.62_23.25_0.9976_-0.0107_0.0297_-0.0624end0.30_1.19_-10.09_-0.45_46.22_54.39_0.37_22.62_23.25_0.9969_-0.0105_0.0364_-0.0695end0.40_0.77_-9.92_-0.45_46.22_54.39_0.37_22.62_23.25_0.9969_-0.0105_0.0364_-0.0695end0.49_0.73_-9.92_-0.90_37.60_56.06_0.37_22.62_23.25_0.9962_-0.0103_0.0415_-0.0768end0.56_0.66_-9.85_-0.90_31.45_56.96_0.37_22.62_23.25_0.9958_-0.0103_0.0429_-0.0793end0.57_0.65_-9.89_-0.90_31.45_56.96_0.37_22.62_23.25_0.9956_-0.0102_0.0442_-0.0817end0.56_0.58_-9.86_-0.90_31.45_56.96_0.69_24.31_22.37_0.9956_-0.0102_0.0442_-0.0817end0.59_0.56_-9.80_2.35_33.68_57.74_0.69_24.31_22.37_0.9956_-0.0102_0.0442_-0.081,0.0,0.0,0.0
1901,7end0.64_0.49_-9.71_2.35_33.68_57.74_0.69_24.31_22.37_0.9945_-0.0104_0.0497_-0.0917end0.68_0.45_-9.62_4.36_40.06_57.07_0.69_24.31_22.37_0.9941_-0.0106_0.0515_-0.0942end,0.0,0.0,0.0
1902,0.65_0.41_-9.71_4.36_40.06_57.07_0.69_24.31_22.37_0.9938_-0.0107_0.0532_-0.0967end0.69_0.36_-9.64_6.49_46.66_57.63_0.69_24.31_22.37_0.9938_-0.0107_0.0532_-0.0967end0.77_0.33_-9.57_7.16_48.90_57.41_0.75_23.25_23.25_0.9938_-0.0107_0.0532_-0.0967end0.80_0.22_-9.46_7.83_49.91_57.74_0.75_23.25_23.25_0.9923_-0.0117_0.0616_-0.1066end0.79_0.14_-9.43_7.83_49.91_57.74_0.75_23.25_23.25_0.9919_-0.0120_0.0638_-0.1093end0.80_0.11_-9.46_7.83_49.91_57.74_0.75_23.25_23.25_0.9915_-0.0123_0.0660_-0.1117end0.84_-0.03_-9.41_7.83_49.91_57.74_0.75_23.25_23.25_0.9910_-0.0126_0.0681_-0.1142end0.83_-0.07_-9.30_8.95_48.23_59.65_0.75_23.25_23.25_0.9910_-0.0126_0.0681_-0.1142end0.83_-0.07_-9.30_8.95_48.23_59.65_0.00_22.94_23.25_0.9896_-0.0136_0.0745_-0.1219end0.89_-0.28_-9.02_8.95_48.23_59.65_0.00_22.94_23.25_0.9892_-0.0140_0.0765_-0.1245end,0.0,0.0,0.0
1903,,0.0,0.0,0.0
1904,,0.0,0.0,0.0
1905,0.82_-0.32_-8.88_8.95_48.23_59.65_0.00_22.94_23.25_0.9886_-0.0143_0.0785_-0.1271end0.82_-0.32_-8.88_9.18_43.98_61.21_1.06_22.87_22.87_0.9886_-0.0143_0.0785_-0.1271end0.75_-0.27_-8.84_9.18_43.98_61.21_1.06_23.56_22.00_0.9886_-0.0143_0.0785_-0.1271end0.80_-0.23_-8.79_8.73_40.73_62.56_1.06_23.56_22.00_0.9872_-0.0154_0.0840_-0.1349end0.80_-0.23_-8.79_7.83_35.36_63.45_1.06_23.56_22.00_0.9861_-0.0162_0.0874_-0.1404end0.95_-0.36_-8.63_7.83_35.36_63.45_1.06_23.56_22.37_0.9861_-0.0162_0.0874_-0.1404end0.95_-0.36_-8.63_5.71_29.32_64.68_1.06_23.56_22.37_0.9850_-0.0169_0.0902_-0.1459end0.95_-0.36_-8.63_4.48_27.64_64.57_0.75_21.94_22.44_0.9850_-0.0169_0.0902_-0.145,0.0,0.0,0.0
1906,9end0.95_-0.36_-8.63_3.25_26.41_64.35_0.75_21.94_22.44_0.9840_-0.0174_0.0925_-0.1514end0.95_-0.36_-8.63_1.90_26.30_64.68_0.75_21.94_22.44_0.9829_-0.0178_0.0947_-0.1570end,0.0,0.0,0.0
1907,,0.0,0.0,0.0
1908,0.88_-0.55_-8.65_1.90_26.30_64.68_0.75_21.94_22.44_0.9829_-0.0178_0.0947_-0.1570end0.88_-0.55_-8.65_1.90_26.30_64.68_2.94_23.25_23.75_0.9812_-0.0178_0.0981_-0.1652end0.77_-0.52_-8.71_1.90_26.30_64.68_2.94_23.25_23.75_0.9807_-0.0177_0.0992_-0.1679end0.84_-0.54_-8.71_1.90_26.30_64.68_2.94_23.25_23.75_0.9807_-0.0177_0.0992_-0.1679e,0.0,0.0,0.0
1909,nd0.80_-0.54_-8.70_1.90_26.30_64.68_2.94_23.25_23.75_0.9795_-0.0173_0.1013_-0.1733end0.79_-0.55_-8.75_-11.19_19.25_62.44_2.94_23.25_23.75_0.9795_-0.0173_0.1013_-0.1733end0.79_-0.55_-8.75_-13.32_14.88_62.22_2.94_23.25_23.75_0.9778_-0.0162_0.1030_-0.1814end0.81_-0.63_-8.75_-13.32_14.88_62.22_2.94_23.25_23.75_0.9774_-0.0157_0.1032_,0.0,0.0,0.0
1910,-0.1842end0.87_-0.66_-8.78_-13.32_14.88_62.22_2.56_22.25_23.75_0.9774_-0.0157_0.1032_-0.1842end0.94_-0.67_-8.82_-19.58_-3.36_60.99_2.56_22.25_23.75_0.9774_-0.0157_0.1032_-0.1842end0.94_-0.67_-8.82_-19.58_-3.36_60.99_2.56_22.25_23.75_0.9754_-0.0135_0.1020_-0.1948end1.00_-0.64_-9.05_-19.58_-3.36_60.99_2.56_22.25_23.75_0.9754_-0.0135_0.1020_-0.1948end1.03_-0.63_-9.06_-25.40_-8.50_56.74_2.56_22.25_23.75_0.9754_-0.0135_0.1020_-0.1948end1.02_-0.66_-9.11_-25.40_-8.50_56.74_3.31_22.25_23.75_0.9741_-0.0115_0.1002_-0.2026end1.03_-0.67_-9.09_-25.85_-6.71_55.84_3.31_22.25_23.75_0.9731_-0.0099_0.0991_-0.2074end1.05_-0.66_-9.12_-25.85_-6.71_55.84_3.31_22.25_23.75_0.9727_-0.0090_0.0986_-0.2099end1.04_-0.67_-9.25_-25.85_-6.71_55.84_3.31_22.25_23.75_0.9727_-0.0090_0.0986_-0.2099end1.04_-0.67_-9.25_-25.85_-6.71_55.84_3.94_21.94_24.12_0.9727_-0.00,0.0,0.0,0.0
1911,90_0.0986_-0.2099end1.04_-0.64_-9.25_-25.85_-6.71_55.84_3.94_22.25_24.56_0.9727_-0.0090_0.0986_-0.2099end1.02_-0.75_-9.21_-25.85_-6.71_55.84_3.94_22.25_24.56_0.9727_-0.0090_0.0986_-0.2099end,0.0,0.0,0.0
1912,0.98_-0.77_-9.21_-25.85_-6.71_55.84_3.94_22.25_24.56_0.9697_-0.0031_0.0977_-0.2238end0.98_-0.77_-9.21_-29.32_3.13_51.36_3.94_22.25_24.56_0.9687_-0.0009_0.0973_-0.2283end1.07_-0.65_-9.20_-29.32_3.13_51.36_4.69_22.25_22.81_0.9687_-0.0009_0.0973_-0.2283end1.07_-0.65_-9.20_-28.09_-3.13_52.37_4.69_22.25_22.81_0.9682_0.0000_0.0970_-0.2307end1.07_-0.65_-9.20_-27.86_-7.16_52.71_4.69_22.25_22.81_0.9672_0.0018_0.0958_-0.2354end1.07_-0.65_-9.20_-25.51_-14.88_53.71_4.69_22.25_22.81_0.9667_0.0025_0.0950_-0.2377end1.19_-0.75_-9.37_-25.51_-14.88_53.71_4.69_22.25_22.81_0.9662_0.0032_0.0941_-0.2400end1.19_-0.75_-9.37_-24.40_-18.69_54.05_4.69_21.19_22.81_0.9662_0.0032_0.0941_-0.2400end1.17_-0.80_-9.47_-24.40_-18.69_54.05_4.69_21.19_22.81_0.9662_0.0032_0.0941_-0.2400end1.18_-0.75_-9.50_-24.40_-18.69_54.05_4.31_21.94_24.94_0.9662_0.0032_0.0941_-0.2400end,0.0,0.0,0.0
1913,,0.0,0.0,0.0
1914,1.19_-0.71_-9.54_-24.40_-18.69_54.05_5.44_21.56_22.81_0.9632_0.0063_0.0887_-0.2538end1.16_-0.70_-9.59_-24.40_-18.69_54.05_5.44_21.56_22.81_0.9626_0.0068_0.0881_-0.2559end1.12_-0.70_-9.62_-24.40_-18.69_54.05_5.06_21.56_22.81_0.9626_0.0068_0.0881_-0.2559end1.18_-0.67_-9.66_-24.40_-18.69_54.05_5.06_21.56_22.81_0.9616_0.0076_0.0874_-0.2601end1.14_-0.71_-9.69_-12.42_-2.91_45.99_5.06_21.56_22.81_0.9616_0.0076_0.0874_-0.2601end1.12_-0.70_-9.67_-12.42_-2.91_45.99_5.06_21.56_22.81_0.9600_0.0085_0.0867_-0.2660end1.12_-0.75_-9.63_-10.97_-4.14_44.65_5.06_21.56_22.81_0.9595_0.0088_0.0864_-0.2679end1.13_-0.79_-9.65_-10.97_-4.14_44.65_5.06_21.56_22.81_0.9590_0.0090_0.0861_-0.2698end1.12_-0.85_-9.67_-10.97_-4.14_44.65_5.06_21.56_22.81_0.9590_0.0090_0.0861_-0.2698end1.12_-0.85_-9.67_-10.97_-4.14_44.65_6.56_19.81_23.19_0.9576_0.0094_0.0851_-0.2753end,0.0,0.0,0.0
1915,,0.0,0.0,0.0
1916,,0.0,0.0,0.0
1917,1.04_-0.83_-9.76_-10.97_-4.14_44.65_6.56_19.81_23.19_0.9570_0.0095_0.0847_-0.2771end1.04_-0.82_-9.75_-7.83_-8.28_42.19_6.56_19.81_24.12_0.9570_0.0095_0.0847_-0.2771end1.07_-0.89_-9.77_-7.16_-8.62_42.30_8.38_20.12_24.12_0.9570_0.0095_0.0847_-0.2771end1.10_-0.94_-9.90_-7.16_-8.62_42.30_8.38_20.12_24.12_0.9551_0.0097_0.0830_-0.2842end1.14_-0.96_-9.89_-7.16_-8.62_42.30_8.38_20.12_24.12_0.9547_0.0097_0.0826_-0.2859end1.21_-0.86_-10.28_-7.16_-8.62_42.30_8.38_20.12_24.12_0.9547_0.0097_0.0826_-0.2859end1.21_-0.81_-10.31_-5.82_-6.27_39.39_8.38_20.12_24.12_0.9547_0.0097_0.0826_-0.2859end1.21_-0.81_-10.31_-5.82_-6.27_39.39_7.31_19.44_23.69_0.9528_0.0098_0.0814_-0,0.0,0.0,0.0
1918,.2924end1.24_-0.32_-10.74_-5.82_-6.27_39.39_7.31_19.44_23.69_0.9523_0.0098_0.0811_-0.2940end1.24_-0.13_-10.93_-5.37_-3.13_35.03_7.31_19.44_23.69_0.9515_0.0099_0.0807_-0.2969end,0.0,0.0,0.0
1919,,0.0,0.0,0.0
1920,1.24_0.09_-11.13_-5.37_-3.13_35.03_7.31_19.44_23.69_0.9510_0.0100_0.0806_-0.2982end1.19_0.88_-11.94_-5.37_-3.13_35.03_7.31_19.44_23.69_0.9506_0.0101_0.0804_-0.2996end1.19_0.88_-11.94_-5.37_-3.13_35.03_8.00_19.81_23.62_0.9502_0.0102_0.0803_-0.3010end1.23_1.58_-12.76_-5.37_-3.13_35.03_8.00_19.81_23.62_0.9502_0.0102_0.0803_-0.3010end1.25_1.67_-12.92_-5.37_-3.13_35.03_8.38_20.50_23.62_0.9502_0.0102_0.0803_-0.3010end1.26_1.69_-13.03_-17.90_-0.90_31.00_8.38_20.50_23.62_0.9490_0.0112_0.0799_-0.3049end1.26_1.69_-13.03_-20.70_-3.36_30.89_8.38_20.50_23.62_0.9481_0.0124_0.0794_-0.3076end1.45_1.65_-12.82_-20.70_-3.36_30.89_8.38_19.06_22.31_0.9481_0.0124_0.0794_-0.3076end1.45_1.65_-12.82_-23.95_-6.49_30.77_8.38_19.06_22.31_0.9473_0.0139_0.0782_-0.3103end1.45_1.65_-12.82_-27.19_-14.55_30.77_8.38_19.06_22.31_0.9469_0.0148_0.0775_-0.3116end,0.0,0.0,0.0
1921,,0.0,0.0,0.0
1922,1.45_1.65_-12.82_-27.19_-14.55_30.77_9.44_19.44_24.12_0.9465_0.0156_0.0765_-0.3130end1.45_1.65_-12.82_-25.96_-15.33_30.66_9.44_19.44_24.12_0.9457_0.0171_0.0746_-0.3157end1.30_0.14_-11.14_-19.02_-10.63_31.33_9.44_19.44_24.12_0.9457_0.0171_0.0746_-0.3157end1.32_-0.05_-10.78_-19.02_-10.63_31.33_9.44_18.75_23.62_0.9449_0.0184_0.0731_-0.3184end1.38_-0.07_-10.57_-15.22_-8.17_31.89_9.44_18.75_23.62_0.9441_0.0192_0.0720_-0.3211end1.39_-0.10_-10.35_-15.22_-8.17_31.89_9.44_18.75_23.62_0.9437_0.0193_0.0717_-0.3225end1.39_-0.30_-9.73_-15.22_-8.17_31.89_9.44_18.75_23.62_0.9437_0.0193_0.0717_-0.3225end1.45_-0.32_-9.53_2.35_-6.49_33.80_9.44_18.75_23.62_0.9437_0.0193_,0.0,0.0,0.0
1923,0.0717_-0.3225end1.45_-0.35_-9.32_2.35_-6.49_33.80_9.44_18.75_23.62_0.9418_0.0181_0.0707_-0.3279end1.56_-0.40_-8.97_2.35_-6.49_33.80_9.44_18.75_23.62_0.9414_0.0174_0.0705_-0.3293end,0.0,0.0,0.0
1924,1.57_-0.47_-8.82_2.35_-6.49_33.80_9.44_18.75_23.62_0.9410_0.0165_0.0703_-0.3306end1.59_-0.54_-8.54_22.16_-15.44_30.33_9.44_18.75_23.62_0.9410_0.0165_0.0703_-0.3306end1.62_-0.61_-8.36_22.16_-15.44_30.33_9.44_18.75_23.62_0.9399_0.0130_0.0694_-0.3342end1.66_-0.65_-8.24_25.63_-14.88_26.86_9.44_18.75_23.62_0.9395_0.0117_0.0692_-0.3353end1.76_-0.73_-8.14_25.63_-14.88_26.86_9.44_18.75_23.62_0.9392_0.0103_0.0689_-0.3362end1.78_-0.73_-8.04_28.54_-13.32_22.72_9.44_18.75_23.62_0.9392_0.0103_0.0689_-0.3362end1.78_-0.73_-8.04_29.32_-8.73_17.79_9.44_18.75_23.62_0.9387_0.0075_0.0687_-0.3379end1.80_-0.79_-7.90_29.32_-8.73_17.79_9.44_18.75_23.62_0.9382_0.0046_0.0689_-0.3392end1.79_-0.79_-7.89_29.99_-1.68_13.76_9.44_18.75_23.62_0.9382_0.0046_0.0689_-0.3392end1.76_-0.73_-7.87_29.99_2.46_11.64_9.44_18.75_23.62_0.9382_0.0046_0.0689_-0.3392end,0.0,0.0,0.0
1925,,0.0,0.0,0.0
1926,,0.0,0.0,0.0
1927,,0.0,0.0,0.0
1928,1.72_-0.73_-7.89_29.99_2.46_11.64_9.81_19.06_22.31_0.9382_0.0046_0.0689_-0.3392end1.77_-0.52_-7.95_29.99_2.46_11.64_9.81_19.06_22.31_0.9373_-0.0012_0.0720_-0.3409end1.73_-0.38_-8.13_29.99_2.46_11.64_9.81_19.06_22.31_0.9372_-0.0021_0.0732_-0.3411end1.68_-0.26_-8.24_29.99_2.46_11.64_10.13_19.75_22.81_0.9372_-0.0021_0.0732_-0.3411end1.66_-0.21_-8.32_29.99_2.46_11.64_10.13_19.75_22.81_0.9368_-0.0041_0.0763_-0.3415end1.66_-0.21_-8.32_29.99_2.46_11.64_9.06_19.44_21.94_0.9366_-0.0046_0.0771_-0.3416end1.89_0.13_-8.95_29.99_2.46_11.64_9.06_19.44_21.94_0.9365_-0.0049_0.0776_-0.3418end1.98_0.24_-9.09_5.82_2.24_5.93_9.06_19.44_21.94_0.9365_-0.0049_0.0776_-0.3418en,0.0,0.0,0.0
1929,d1.98_0.24_-9.09_5.82_2.24_5.93_9.06_19.44_21.94_0.9363_-0.0056_0.0779_-0.3425end2.16_0.66_-9.66_5.82_2.24_5.93_9.06_19.44_21.94_0.9362_-0.0056_0.0775_-0.3427end,0.0,0.0,0.0
1930,,0.0,0.0,0.0
1931,2.25_0.69_-9.76_-10.07_-13.54_6.27_9.06_19.44_21.94_0.9362_-0.0056_0.0775_-0.3427end2.26_0.73_-9.85_-13.09_-14.66_5.93_9.06_19.44_21.94_0.9362_-0.0056_0.0775_-0.3427end2.30_0.71_-9.96_-16.45_-13.99_5.60_9.06_19.44_21.94_0.9362_-0.0056_0.0775_-0.3427end2.30_0.71_-9.96_-16.45_-13.99_5.60_9.06_19.44_21.94_0.9360_-0.0037_0.0739_-0.3441end2.34_0.66_-10.02_-16.45_-13.99_5.60_9.81_20.12_21.94_0.9360_-0.0029_0.0734_-0.3442end2.38_0.49_-10.04_-16.45_-13.99_5.60_9.81_20.12_21.94_0.9360_-0.0020_0.0729_-0.3444end2.36_0.45_-9.98_-16.45_-13.99_5.60_9.81_18.37_23.69_0.9360_-0.0020_0.0729_-0.3444end2.36_0.45_-9.98_-16.45_-13.99_5.60_9.44_18.37_22.81_0.9359_0.0015_0.0722_-0.3447end2.42_0.35_-9.79_-16.45_-13.99_5.60_9.44_18.37_22.81_0.9359_0.0029_0.0721_-0.3448end2.46_0.23_-9.76_-16.45_-13.99_5.60_9.44_19.06_22.37_0.9359_0.0029_0.0721_-0.3448end,0.0,0.0,0.0
1932,2.51_0.08_-9.73_-27.19_8.28_-1.12_9.44_19.06_22.37_0.9359_0.0029_0.0721_-0.3448end2.54_0.08_-9.64_-25.07_4.70_-1.45_9.06_18.37_22.31_0.9359_0.0029_0.0721_-0.3448end2.54_0.08_-9.64_-25.07_4.70_-1.45_9.06_18.37_22.31_0.9359_0.0087_0.0717_-0.3448end2.61_0.00_-9.59_-25.07_4.70_-1.45_9.06_18.37_22.31_0.9359_0.0087_0.0717_-0.3448end2.59_-0.07_-9.45_-25.07_4.70_-1.45_9.06_18.37_22.31_0.9359_0.0105_0.0711_-0.3448end2.57_-0.10_-9.43_-16.79_-2.57_-1.79_9.06_18.37_22.31_0.9359_0.0105_0.0711_-0.3448end2.57_-0.10_-9.43_-16.79_-2.57_-1.79_9.06_18.37_22.31_0.9360_0.0123_0.0701_-0.3446end2.57_-0.15_-9.22_-16.79_-2.57_-1.79_10.50_18.37_23.19_0.9361_0.0126_0.0699_-0.344,0.0,0.0,0.0
1933,5end2.59_-0.28_-9.04_-16.79_-2.57_-1.79_10.50_18.37_23.19_0.9362_0.0129_0.0699_-0.3444end2.57_-0.28_-9.03_-2.24_4.25_-4.81_10.50_18.37_23.19_0.9362_0.0129_0.0699_-0.3444end,0.0,0.0,0.0
1934,2.60_-0.30_-8.91_-2.24_4.25_-4.81_9.44_18.37_23.69_0.9363_0.0132_0.0701_-0.3439end2.60_-0.30_-8.91_4.59_14.32_-7.39_9.44_18.37_23.69_0.9365_0.0134_0.0711_-0.3433end2.59_-0.32_-8.77_4.59_14.32_-7.39_9.44_18.37_23.69_0.9365_0.0134_0.0719_-0.3429end2.57_-0.36_-8.66_4.59_14.32_-7.39_9.44_18.37_23.69_0.9365_0.0134_0.0719_-0.3429end2.57_-0.33_-8.53_9.51_27.42_-9.85_9.44_18.37_23.69_0.9365_0.0134_0.0719_-0.3429end2.55_-0.34_-8.52_9.51_27.42_-9.85_9.44_18.37_23.69_0.9368_0.0135_0.0750_-0.3416end2.55_-0.34_-8.52_9.51_27.42_-9.85_9.44_18.37_23.69_0.9369_0.0137_0.0777_-0.3406end2.57_-0.23_-8.52_9.51_27.42_-9.85_9.44_18.37_23.69_0.9370_0.0138_0.0792_-0.3401end2.55,0.0,0.0,0.0
1935,_-0.18_-8.52_9.51_27.42_-9.85_9.44_18.37_23.69_0.9370_0.0138_0.0792_-0.3401end2.52_-0.11_-8.52_8.39_34.24_-8.28_9.44_18.37_23.69_0.9370_0.0138_0.0792_-0.3401end,0.0,0.0,0.0
1936,,0.0,0.0,0.0
1937,2.52_-0.11_-8.52_6.27_33.35_-6.04_9.44_18.37_23.69_0.9370_0.0143_0.0839_-0.3389end2.52_-0.11_-8.52_6.27_33.35_-6.04_9.44_18.37_23.69_0.9369_0.0148_0.0868_-0.3383end2.50_-0.27_-8.54_6.27_33.35_-6.04_9.44_18.37_23.69_0.9369_0.0148_0.0868_-0.3383end2.52_-0.26_-8.57_0.67_28.09_-2.01_9.44_18.37_23.69_0.9369_0.0148_0.0868_-0.3383end2.52_-0.26_-8.57_-4.14_23.84_1.12_6.94_18.37_23.19_0.9369_0.0148_0.0868_-0.3383end2.53_-0.43_-8.75_-4.14_23.84_1.12_6.94_18.37_23.19_0.9365_0.0170_0.0924_-0.3380end2.60_-0.52_-8.93_-4.14_23.84_1.12_6.94_18.37_23.19_0.9363_0.0176_0.0932_-0.3381end2.60_-0.52_-8.93_-4.14_23.84_1.12_8.38_18.37_22.37_0.9362_0.0182_0.0938_-0.3384end2.60_-0.52_-8.93_-4.14_23.84_1.12_8.00_19.44_25.00_0.9360_0.0190_0.0943_-0.3387end2.66_-0.59_-9.06_-4.14_23.84_1.12_8.00_19.44_25.00_0.9355_0.0206_0.0946_-0.3396end,0.0,0.0,0.0
1938,,0.0,0.0,0.0
1939,,0.0,0.0,0.0
1940,2.66_-0.59_-8.97_-4.14_23.84_1.12_8.00_19.44_25.00_0.9354_0.0214_0.0945_-0.3401end2.62_-0.61_-9.04_-21.82_-0.67_13.76_8.00_19.44_25.00_0.9354_0.0214_0.0945_-0.3401end2.62_-0.61_-9.04_-21.82_-0.67_13.76_8.00_19.44_25.00_0.9347_0.0238_0.0934_-0.3422end2.59_-0.57_-9.22_-21.82_-0.67_13.76_8.00_19.44_25.00_0.9344_0.0246_0.0928_-0.3429end2.54_-0.61_-9.29_-21.82_-0.67_13.76_8.00_19.44_25.00_0.9344_0.0246_0.0928_-0.3429end2.57_-0.60_-9.34_-23.05_-12.53_18.24_8.00_19.44_25.00_0.9344_0.0246_0.0928_-0.3429end2.57_-0.60_-9.34_-23.05_-12.53_18.24_8.38_18.37_23.69_0.9337_0.0267_0.0906_-0.3454end2.57_-0.60_-9.34_-20.48_-16.45_18.58_8.38_18.37_23.69_0.9332_0.0279_0.0888_-0.3471end2.51_-0.61_-9.39_-20.48_-16.45_18.58_7.69_17.69_23.19_0.9330_0.0284_0.0879_-0.3479end2.51_-0.61_-9.39_-17.79_-17.01_18.69_7.69_17.69_23.19_0.9330_0.0284_0.0879_-0.3479end,0.0,0.0,0.0
1941,,0.0,0.0,0.0
1942,2.47_-0.73_-9.52_-17.79_-17.01_18.69_7.69_17.69_23.19_0.9330_0.0284_0.0879_-0.3479end2.47_-0.73_-9.52_-17.79_-17.01_18.69_7.69_17.69_23.19_0.9320_0.0297_0.0844_-0.3512end2.50_-0.82_-9.72_-17.79_-17.01_18.69_7.69_16.75_23.56_0.9318_0.0299_0.0837_-0.3519end2.50_-0.82_-9.72_-17.79_-17.01_18.69_8.75_18.06_23.19_0.9316_0.0300_0.0831_,0.0,0.0,0.0
1943,-0.3527end2.45_-0.82_-9.80_-17.79_-17.01_18.69_8.75_18.06_23.19_0.9316_0.0300_0.0831_-0.3527end2.45_-0.85_-9.86_-5.37_-9.96_16.00_8.75_18.06_23.19_0.9316_0.0300_0.0831_-0.3527end2.45_-0.85_-9.86_-0.90_-7.27_15.55_9.06_17.06_22.75_0.9309_0.0301_0.0815_-0.3547end2.45_-0.85_-9.86_-0.90_-7.27_15.55_9.06_17.06_22.75_0.9305_0.0298_0.0810_-0.3560end2.32_-0.84_-9.60_-0.90_-7.27_15.55_9.06_17.06_22.75_0.9303_0.0296_0.0809_-0.3566end2.28_-0.87_-9.51_-0.90_-7.27_15.55_8.00_18.06_22.75_0.9303_0.0296_0.0809_-0.3566end,0.0,0.0,0.0
1944,,0.0,0.0,0.0
1945,2.24_-0.91_-9.43_9.62_-5.15_14.66_9.06_18.06_23.69_0.9303_0.0296_0.0809_-0.3566end2.24_-0.91_-9.43_9.62_-5.15_14.66_8.38_17.06_22.75_0.9297_0.0284_0.0807_-0.3583end2.24_-1.03_-9.29_11.86_-5.26_15.33_8.38_17.06_22.75_0.9293_0.0272_0.0808_-0.3594end2.24_-1.09_-9.25_11.86_-5.26_15.33_8.38_17.06_22.75_0.9291_0.0265_0.0809_-0.3600end2.23_-1.22_-9.14_11.86_-5.26_15.33_8.38_17.06_22.75_0.9291_0.0265_0.0809_-0.3600end2.22_-1.30_-9.10_11.86_-5.26_15.33_8.38_17.69_23.62_0.9291_0.0265_0.0809_-0.3600end2.22_-1.30_-9.10_15.44_-5.37_17.23_9.06_17.69_22.31_0.9284_0.0242_0.0811_-0.3618end2.19_-1.37_-9.02_15.44_-5.37_17.23_9.06_17.69_22.31_0.9279_0.0227_0.0812_-0.3630end2.19_-1.37_-9.02_13.99_-4.59_17.46_9.06_17.69_22.31_0.9277_0.0220_0.0813_-0.3637end2.21_-1.43_-9.08_13.99_-4.59_17.46_9.06_17.69_22.31_0.9277_0.0220_0.0813_-0.3637end,0.0,0.0,0.0
1946,,0.0,0.0,0.0
1947,2.30_-1.43_-9.07_12.65_-3.69_17.68_9.06_17.69_22.31_0.9269_0.0201_0.0816_-0.3657end2.25_-1.39_-9.04_12.65_-3.69_17.68_9.06_17.69_22.31_0.9267_0.0195_0.0817_-0.3663end2.21_-1.43_-9.04_12.65_-3.69_17.68_9.06_18.75_23.19_0.9267_0.0195_0.0817_-0.3663end2.20_-1.41_-9.00_8.84_-2.13_16.90_9.06_18.75_23.19_0.9267_0.0195_0.0817_-0.3663end2.20_-1.41_-9.00_8.84_-2.13_16.90_9.44_18.00_20.56_0.9260_0.0180_0.0820_-0.3682end2.20_-1.41_-9.00_7.72_-4.14_16.34_9.44_18.00_20.56_0.9254_0.0172_0.0822_-0.3695end2.16_-1.30_-9.01_7.72_-4.14_16.34_9.44_18.00_20.56_0.9252_0.0168_0.0822_-0.3701end2.28_-1.24_-9.18_7.72_-4.14_16.34_9.06_18.75_22.31_0.9252_0.0168_0.0822_-0.3701end2,0.0,0.0,0.0
1948,.28_-1.24_-9.18_5.71_-8.62_15.00_10.19_18.00_22.75_0.9252_0.0168_0.0822_-0.3701end2.28_-1.24_-9.18_5.71_-8.62_15.00_10.19_18.00_22.75_0.9244_0.0151_0.0812_-0.3724end,0.0,0.0,0.0
1949,,0.0,0.0,0.0
1950,2.21_-1.29_-9.20_5.71_-8.62_15.00_10.19_18.00_22.75_0.9244_0.0151_0.0812_-0.3724end2.29_-1.34_-9.20_5.71_-8.62_15.00_10.19_18.00_22.75_0.9241_0.0142_0.0804_-0.3734end2.29_-1.34_-9.20_5.71_-8.62_15.00_10.19_18.00_22.75_0.9239_0.0137_0.0800_-0.3739end2.30_-1.43_-9.25_5.71_-8.62_15.00_10.19_18.00_22.75_0.9236_0.0128_0.0793_-0.3747end2.30_-1.30_-9.41_5.71_-8.62_15.00_10.19_18.00_22.75_0.9235_0.0122_0.0790_-0.3751end2.30_-1.09_-9.59_5.71_-8.62_15.00_10.19_18.00_22.75_0.9235_0.0122_0.0790_-0.3751end2.34_-0.93_-9.73_10.07_-4.03_7.72_10.19_18.00_22.75_0.9235_0.0122_0.0790_-0.3751end2.30_-0.62_-9.98_10.07_-4.03_7.72_10.19_18.00_22.75_0.9231_0.0102_0.0787_-0.376,0.0,0.0,0.0
1951,3end2.36_-0.49_-10.09_10.07_-4.03_7.72_10.19_18.00_22.75_0.9230_0.0098_0.0789_-0.3765end2.30_-0.16_-10.41_10.07_-4.03_7.72_10.19_18.00_22.75_0.9229_0.0095_0.0792_-0.3767end,0.0,0.0,0.0
1952,2.34_0.13_-10.74_10.07_-4.03_7.72_10.88_18.69_22.37_0.9229_0.0095_0.0792_-0.3767end2.34_0.23_-10.84_10.07_-4.03_7.72_9.44_18.37_21.50_0.9225_0.0092_0.0804_-0.3773end2.32_0.31_-11.07_10.07_-4.03_7.72_9.44_18.37_21.50_0.9224_0.0094_0.0809_-0.3776end2.36_0.43_-11.45_10.07_-4.03_7.72_9.44_18.37_21.50_0.9222_0.0097_0.0814_-0.3778end2.45_0.39_-11.57_10.07_-4.03_7.72_9.44_18.37_21.50_0.9221_0.0102_0.0818_-0.3781end2.57_0.41_-11.54_-12.09_14.88_7.61_9.44_18.37_21.50_0.9221_0.0102_0.0818_-0.3781end2.70_0.20_-11.43_-12.09_14.88_7.61_9.44_18.37_21.50_0.9216_0.0125_0.0829_-0.3790end2.79_0.05_-11.19_-12.09_14.88_7.61_9.44_18.37_21.50_0.9214_0.0135_0.0832_-0.3794end2.79_0.05_-11.19_-24.17_13.09_7.72_9.44_18.37_21.50_0.9214_0.0135_0.0832_-0.3794end2.80_-0.03_-10.98_-24.17_13.09_7.72_10.19_18.37_22.81_0.9214_0.0135_0.0832_-0.3794end,0.0,0.0,0.0
1953,,0.0,0.0,0.0
1954,2.72_-0.29_-10.57_-26.52_15.67_7.39_10.19_18.37_22.81_0.9214_0.0135_0.0832_-0.3794end2.72_-0.29_-10.57_-26.52_15.67_7.39_10.19_18.37_22.81_0.9204_0.0198_0.0844_-0.3812end2.45_-0.50_-9.93_-26.52_15.67_7.39_10.19_18.37_22.81_0.9202_0.0211_0.0851_-0.3816end2.32_-0.61_-9.55_-20.48_34.69_9.29_10.19_18.37_22.81_0.9199_0.0225_0.0860_-0.3820end2.32_-0.61_-9.55_-18.13_40.51_9.85_10.56_17.69_21.50_0.9199_0.0225_0.0860_-0.3820end2.32_-0.61_-9.55_-12.76_49.46_12.42_10.56_17.69_21.50_0.9188_0.0266_0.0905_-0.3833end2.34_-0.30_-9.04_-12.76_49.46_12.42_10.56_17.69_21.50_0.9183_0.0278_0.0924_-0.3838end2.40_0.00_-8.84_-12.76_49.46_12.42_9.06_17.69_22.75_0.9183_0.0278_0.0924_-0.3838end2.42_0.26_-8.79_-6.49_54.50_16.79_9.06_17.69_22.75_0.9183_0.0278_0.0924_-0.3838end2.49_0.37_-8.74_-6.49_54.50_16.79_9.81_18.75_22.81_0.9169_0.0312_0.0986_-0.3856end,0.0,0.0,0.0
1955,,0.0,0.0,0.0
1956,,0.0,0.0,0.0
1957,2.49_0.37_-8.74_-6.49_54.50_16.79_9.81_18.75_22.81_0.9158_0.0331_0.1027_-0.3869end2.52_0.62_-8.83_-6.49_54.50_16.79_9.81_18.75_22.81_0.9158_0.0331_0.1027_-0.3869end2.55_0.76_-8.87_-6.49_54.50_16.79_9.81_18.75_22.81_0.9147_0.0347_0.1064_-0.3884end2.50_0.84_-8.73_-0.78_32.23_22.27_9.81_18.75_22.81_0.9147_0.0347_0.1064_-0.3884end2.50_0.86_-8.50_-0.78_32.23_22.27_9.81_18.75_22.81_0.9131_0.0362_0.1107_-0.3907end2.50_0.86_-8.50_0.56_19.14_22.94_10.19_18.37_23.69_0.9126_0.0364_0.1117_-0.3916end2.57_0.77_-8.45_1.34_12.76_23.39_10.19_18.37_23.69_0.9126_0.0364_0.1117_-0.3916end2.59_0.72_-8.50_1.34_12.76_23.39_10.19_18.37_23.69_0.9113_0.0364_0.1131_-0.3942end2.59,0.0,0.0,0.0
1958,_0.68_-8.61_1.34_12.76_23.39_8.75_18.06_22.37_0.9109_0.0363_0.1133_-0.3951end2.62_0.73_-8.69_1.34_12.76_23.39_8.75_18.06_22.37_0.9105_0.0361_0.1134_-0.3959end,0.0,0.0,0.0
1959,,0.0,0.0,0.0
1960,,0.0,0.0,0.0
1961,2.60_0.76_-8.78_1.34_12.76_23.39_9.44_17.69_23.19_0.9105_0.0361_0.1134_-0.3959end2.54_0.77_-8.89_1.45_4.25_21.37_9.44_17.69_23.19_0.9105_0.0361_0.1134_-0.3959end2.54_0.77_-8.89_0.34_11.75_20.37_9.44_17.69_23.19_0.9090_0.0358_0.1146_-0.3992end2.57_0.68_-8.91_0.34_11.75_20.37_9.44_17.69_23.19_0.9086_0.0359_0.1151_-0.4000end2.61_0.,0.0,0.0,0.0
1962,71_-8.92_0.34_11.75_20.37_9.44_17.69_23.19_0.9081_0.0361_0.1158_-0.4007end2.83_0.89_-9.12_0.34_11.75_20.37_9.44_17.69_23.19_0.9077_0.0365_0.1166_-0.4014end2.85_1.07_-9.36_-7.39_26.30_18.58_9.44_17.69_23.19_0.9068_0.0375_0.1183_-0.4028end2.61_1.52_-9.79_-7.39_26.30_18.58_9.44_18.00_22.37_0.9063_0.0383_0.1194_-0.4036end2.59_1.81_-,0.0,0.0,0.0
1963,9.82_-12.31_29.66_18.46_9.44_18.06_23.19_0.9058_0.0391_0.1204_-0.4042end2.59_1.86_-9.84_-16.00_25.18_20.59_9.44_18.06_23.19_0.9058_0.0391_0.1204_-0.4042end2.59_1.86_-9.84_-16.00_25.18_20.59_8.75_18.06_23.19_0.9043_0.0420_0.1229_-0.4067end2.70_1.96_-9.77_-16.00_25.18_20.59_9.44_18.37_23.69_0.9038_0.0428_0.1232_-0.4076end2.70_1.87_-9.75_-19.70_1.45_24.84_9.44_18.37_23.69_0.9038_0.0428_0.1232_-0.4076end2.73_1.86_-9.73_-19.92_-8.39_26.52_9.44_18.37_23.69_0.9038_0.0428_0.1232_-0.4076end2.73_1.86_-9.73_-19.92_-8.39_26.52_10.19_18.37_24.06_0.9020_0.0449_0.1207_-0.4121end2.78_1.92_-10.18_-19.92_-8.39_26.52_10.19_18.37_24.06_0.9016_0.0450_0.1194_-0.4133end2.72_2.07_-10.45_-20.03_-31.78_30.33_10.19_18.37_24.06_0.9016_0.0450_0.1194_-0.4133end2.73_2.20_-10.54_-19.70_-31.56_30.44_10.19_18.37_24.06_0.9016_0.0450_0.119,0.0,0.0,0.0
1964,4_-0.4133end2.73_2.20_-10.54_-18.02_-24.51_30.10_10.19_18.06_24.06_0.9016_0.0450_0.1194_-0.4133end2.77_2.29_-10.67_-18.02_-24.51_30.10_10.19_18.06_24.06_0.8995_0.0454_0.1124_-0.4199end,0.0,0.0,0.0
1965,2.72_2.31_-10.69_-18.02_-24.51_30.10_10.19_18.06_24.06_0.8990_0.0456_0.1115_-0.4211end2.68_2.47_-10.74_-18.02_-24.51_30.10_10.19_18.06_24.06_0.8990_0.0456_0.1115_-0.4211end2.66_2.55_-10.69_-12.09_-7.50_28.65_10.19_18.06_24.06_0.8990_0.0456_0.1115_-0.4211end2.66_2.55_-10.69_-12.09_-7.50_28.65_10.19_18.06_24.06_0.8970_0.0463_0.1096_-0.4258end2.57_2.52_-10.46_-12.09_-7.50_28.65_10.19_18.06_24.06_0.8964_0.0463_0.1094_-0.4269end2.47_2.23_-10.33_-12.09_-7.50_28.65_10.19_18.06_24.06_0.8964_0.0463_0.1094_-0.4269end2.42_1.93_-10.15_2.01_-14.55_30.21_10.19_18.06_24.06_0.8950_0.0450_0.1081_-0.4305end2.34_1.82_-10.07_2.01_-14.55_30.21_10.50_18.06_24.06_0.8945_0.0443_0.1076_-0.4316end2.21_1.66_-9.92_2.01_-14.55_30.21_10.50_18.06_24.06_0.8940_0.0433_0.1071_-0.4328end2.14_1.56_-9.82_15.22_-18.35_31.89_10.50_18.06_24.06_0.8936_0.0422_0.1067_-0.4340end,0.0,0.0,0.0
1966,,0.0,0.0,0.0
1967,2.03_1.48_-9.67_15.22_-18.35_31.89_11.63_17.37_23.19_0.8936_0.0422_0.1067_-0.4340end2.03_1.48_-9.67_15.22_-18.35_31.89_11.63_17.37_23.19_0.8922_0.0386_0.1063_-0.4374end1.96_1.41_-9.38_15.22_-18.35_31.89_10.88_17.37_24.06_0.8916_0.0374_0.1065_-0.4385end1.92_1.35_-9.16_27.86_-3.69_32.68_10.88_17.37_24.06_0.8916_0.0374_0.1065_-0.4385end1.92_1.35_-9.16_27.86_-3.69_32.68_11.63_18.00_23.19_0.8911_0.0361_0.1069_-0.4396end1.92_1.35_-9.16_31.33_1.57_32.68_11.63_18.00_23.19_0.8900_0.0334_0.1081_-0.4418end1.92_1.35_-9.16_31.67_3.47_33.24_12.75_17.69_24.50_0.8900_0.0334_0.1081_-0.4418end1.92_1.35_-9.16_31.89_4.36_32.45_12.75_17.69_24.50_0.8881_0.0294_0.1105_-0.445,0.0,0.0,0.0
1968,1end1.97_1.10_-8.79_31.78_3.36_32.34_12.75_17.69_24.50_0.8881_0.0294_0.1105_-0.4451end1.98_1.12_-8.66_31.78_3.36_32.34_10.88_17.37_23.19_0.8864_0.0254_0.1128_-0.4483end,0.0,0.0,0.0
1969,,0.0,0.0,0.0
1970,2.02_1.07_-8.62_31.78_3.36_32.34_10.88_17.37_23.19_0.8858_0.0240_0.1133_-0.4493end1.98_0.92_-8.45_31.78_3.36_32.34_10.88_17.37_23.19_0.8858_0.0240_0.1133_-0.4493end1.97_0.80_-8.36_31.78_3.36_32.34_10.88_17.37_23.19_0.8848_0.0213_0.1142_-0.4514end1.97_0.80_-8.36_31.78_3.36_32.34_12.00_18.00_23.19_0.8837_0.0187_0.1147_-0.4533end1.87_0.46_-8.14_31.78_3.36_32.34_12.00_18.00_23.19_0.8832_0.0174_0.1150_-0.4543end1.81_0.30_-8.18_31.78_3.36_32.34_12.00_18.00_23.19_0.8828_0.0162_0.1154_-0.4552end1.75_0.27_-8.14_21.49_4.36_27.42_12.00_18.00_23.19_0.8828_0.0162_0.1154_-0.4552end1.75_0.27_-8.14_19.47_8.39_26.75_12.00_18.00_23.19_0.8812_0.0134_0.1170_-0.4579end1.75,0.0,0.0,0.0
1971,_0.20_-8.18_19.47_8.39_26.75_12.00_18.00_23.19_0.8807_0.0127_0.1178_-0.4587end1.79_0.16_-8.11_19.47_8.39_26.75_12.00_18.00_23.19_0.8807_0.0127_0.1178_-0.4587end,0.0,0.0,0.0
1972,,0.0,0.0,0.0
1973,1.79_0.16_-8.11_12.53_16.00_26.41_12.00_18.00_23.19_0.8789_0.0116_0.1204_-0.4614end1.86_0.08_-8.10_12.53_16.00_26.41_13.13_17.37_23.56_0.8784_0.0115_0.1212_-0.4623end1.97_0.05_-8.09_12.53_16.00_26.41_13.13_17.37_23.56_0.8784_0.0115_0.1212_-0.4623end1.97_0.01_-8.10_1.68_12.42_25.29_13.13_17.37_23.56_0.8784_0.0115_0.1212_-0.4623end1.97_0.01_-8.10_1.68_12.42_25.29_12.00_18.00_22.75_0.8766_0.0115_0.1230_-0.4650end2.08_0.01_-8.28_-4.36_8.17_24.40_12.00_18.00_22.75_0.8756_0.0119_0.1235_-0.4668end2.12_0.02_-8.32_-4.36_8.17_24.40_12.00_18.00_22.75_0.8751_0.0122_0.1235_-0.4677end2.24_-0.01_-8.50_-4.36_8.17_24.40_12.00_18.00_22.75_0.8751_0.0122_0.1235_-0.4677end,0.0,0.0,0.0
1974,2.28_-0.04_-8.59_-17.90_5.60_21.49_12.00_18.00_22.75_0.8751_0.0122_0.1235_-0.4677end2.28_-0.05_-8.62_-20.37_7.50_20.59_12.00_18.00_22.75_0.8732_0.0145_0.1232_-0.4713end,0.0,0.0,0.0
1975,2.20_-0.14_-8.68_-20.37_7.50_20.59_13.13_17.69_23.19_0.8728_0.0154_0.1231_-0.4721end2.13_-0.22_-8.68_-20.37_7.50_20.59_13.88_16.00_22.75_0.8728_0.0154_0.1231_-0.4721end2.13_-0.22_-8.68_-20.37_7.50_20.59_13.88_16.00_22.75_0.8718_0.0176_0.1230_-0.4738end2.13_-0.22_-8.68_-20.37_7.50_20.59_13.88_16.00_22.75_0.8708_0.0203_0.1232_-0.4,0.0,0.0,0.0
1976,755end2.02_-0.39_-8.78_-20.37_7.50_20.59_13.88_16.00_22.75_0.8703_0.0218_0.1234_-0.4763end2.04_-0.42_-8.80_-34.47_22.72_21.26_13.88_16.00_22.75_0.8703_0.0218_0.1234_-0.4763end2.15_-0.47_-8.93_-34.47_22.72_21.26_13.88_16.00_22.75_0.8685_0.0269_0.1238_-0.4792end2.17_-0.50_-8.95_-40.29_18.46_24.28_13.88_16.00_22.75_0.8679_0.0286_0.1237_-0.4802end2.32_-0.48_-9.06_-40.29_18.46_24.28_13.88_16.00_22.75_0.8672_0.0304_0.1235_-0.4813end2.39_-0.54_-8.99_-43.76_11.30_26.41_13.88_16.00_22.75_0.8672_0.0304_0.1235_-0.4813end,0.0,0.0,0.0
1977,,0.0,0.0,0.0
1978,2.41_-0.54_-9.03_-44.76_7.50_26.86_13.50_16.31_22.31_0.8672_0.0304_0.1235_-0.4813end2.40_-0.54_-9.01_-45.55_3.13_27.64_13.50_16.31_22.31_0.8647_0.0371_0.1211_-0.4861end2.43_-0.57_-8.98_-45.55_3.13_27.64_13.50_16.37_24.94_0.8640_0.0386_0.1201_-0.4874end2.48_-0.60_-9.09_-45.77_-7.72_29.32_13.50_16.37_24.94_0.8640_0.0386_0.1201_-0.4874end2.43_-0.68_-9.23_-45.77_-7.72_29.32_13.50_16.37_24.94_0.8628_0.0414_0.1177_-0.4900end2.40_-0.67_-9.26_-44.20_-11.64_30.21_13.50_16.37_24.94_0.8615_0.0440_0.1151_-0.4926end2.38_-0.66_-9.25_-44.20_-11.64_30.21_13.50_16.37_24.94_0.8615_0.0440_0.1151_-0.4926end2.38_-0.66_-9.25_-42.52_-11.97_30.55_13.50_16.37_24.94_0.8608_0.04,0.0,0.0,0.0
1979,52_0.1138_-0.4940end2.38_-0.66_-9.25_-42.52_-11.97_30.55_14.50_15.31_25.75_0.8601_0.0464_0.1124_-0.4954end2.38_-0.66_-9.25_-39.39_-10.41_31.11_14.50_15.31_25.75_0.8588_0.0486_0.1100_-0.4980end,0.0,0.0,0.0
1980,2.32_-0.96_-9.18_-39.39_-10.41_31.11_13.50_15.31_25.75_0.8588_0.0486_0.1100_-0.4980end2.32_-0.96_-9.18_-37.82_-8.50_30.66_13.50_15.31_25.75_0.8567_0.0519_0.1069_-0.5020end2.36_-1.00_-9.29_-37.82_-8.50_30.66_13.50_15.31_25.75_0.8560_0.0530_0.1061_-0.5032end2.41_-1.01_-9.38_-37.82_-8.50_30.66_14.50_13.94_25.75_0.8560_0.0530_0.1061_-0.5032end2.39_-1.08_-9.30_-34.02_-0.78_28.09_14.50_13.94_25.75_0.8540_0.0563_0.1039_-0.5067end2.37_-1.09_-9.30_-33.46_1.01_26.63_14.50_13.94_25.75_0.8533_0.0575_0.1032_-0.5078end2.36_-1.09_-9.27_-33.46_1.01_26.63_14.50_13.94_25.75_0.8526_0.0590_0.1029_-0.5089end2.34_-1.11_-9.25_-33.46_1.01_26.63_14.50_13.94_25.75_0.8519_0.0604_0.1026_-0.5099end2.36_-1.10_-9.29_-33.46_1.01_26.63_14.50_13.94_25.75_0.8513_0.0618_0.1023_-0.5110end2.39_-1.08_-9.38_-31.45_8.06_23.50_13.88_14.25_25.31_0.8513_0.0618_0.1023_-0.5110end,0.0,0.0,0.0
1981,,0.0,0.0,0.0
1982,,0.0,0.0,0.0
1983,2.39_-1.08_-9.38_-31.45_8.06_23.50_13.88_14.25_25.31_0.8493_0.0658_0.1014_-0.5139end2.37_-1.16_-9.46_-31.45_8.06_23.50_13.88_14.25_25.31_0.8493_0.0658_0.1014_-0.5139end2.36_-1.23_-9.47_-31.45_8.06_23.50_13.88_14.25_25.31_0.8480_0.0686_0.1012_-0.5157end2.34_-1.25_-9.52_-31.78_20.70_21.15_13.88_14.25_25.31_0.8480_0.0686_0.1012_-0.5157end2.34_-1.25_-9.52_-31.78_20.70_21.15_13.88_14.25_25.31_0.8461_0.0733_0.1016_-0.5181end2.47_-1.14_-9.52_-31.78_20.70_21.15_13.88_14.25_25.31_0.8455_0.0750_0.1019_-0.5188end2.57_-0.96_-9.51_-31.78_20.70_21.15_15.25_12.25_25.31_0.8448_0.0766_0.1021_-0.5195end2.57_-0.96_-9.51_-32.12_22.38_18.91_15.25_12.25_25.31_0.8448_0.0766_0.1021_-0.5195end2.57_-0.96_-9.51_-32.12_22.38_18.91_14.56_13.25_25.69_0.8430_0.0814_0.1025_-0.5217end2.73_-0.81_-9.84_-32.12_22.38_18.91_14.56_13.25_25.69_0.8430_0.0814_0.1025_-0.5217end,0.0,0.0,0.0
1984,,0.0,0.0,0.0
1985,,0.0,0.0,0.0
1986,2.76_-0.75_-9.85_-31.67_18.46_17.23_14.56_13.25_25.69_0.8413_0.0859_0.1027_-0.5237end2.83_-0.75_-9.88_-30.89_20.25_16.79_14.87_12.50_25.69_0.8408_0.0874_0.1028_-0.5244end2.80_-0.73_-10.02_-30.89_20.25_16.79_14.87_12.50_25.69_0.8401_0.0890_0.1029_-0.5250end2.80_-0.73_-10.02_-30.89_20.25_16.79_14.87_12.50_25.69_0.8390_0.0921_0.1035_-0.5262end2.80_-0.57_-10.16_-30.89_20.25_16.79_14.87_12.50_25.69_0.8384_0.0937_0.1040_-0.5268end2.79_-0.52_-10.14_-26.63_31.56_16.90_14.87_12.50_25.69_0.8384_0.0937_0.1040_-0.5268end2.79_-0.52_-10.14_-26.63_31.56_16.90_14.87_12.50_25.69_0.8365_0.0985_0.1060_-0.5285end2.87_-0.37_-10.23_-26.63_31.56_16.90_14.25_11.94_27.06_0.8358_0.1000_0.1067_-0.5291end2.97_-0.23_-10.23_-26.63_31.56_16.90_14.25_11.94_27.06_0.8351_0.1014_0.1074_-0.5298end3.02_-0.20_-10.26_-19.70_24.95_21.82_14.25_11.94_27.06_0.8351_0.1014_0.1074_-0.5298end,0.0,0.0,0.0
1987,,0.0,0.0,0.0
1988,,0.0,0.0,0.0
1989,3.02_-0.20_-10.26_-19.70_24.95_21.82_14.25_11.94_27.06_0.8331_0.1048_0.1088_-0.5321end3.02_-0.20_-10.26_-19.70_24.95_21.82_14.87_12.25_27.50_0.8324_0.1055_0.1091_-0.5330end3.18_-0.26_-10.11_-19.70_24.95_21.82_14.87_12.25_27.50_0.8324_0.1055_0.1091_-0.5330end3.23_-0.31_-10.06_-19.70_24.95_21.82_14.87_12.25_27.50_0.8310_0.1066_0.1093_-0.5349end3.25_-0.28_-10.06_-7.61_0.22_29.21_14.87_12.25_27.50_0.8310_0.1066_0.1093_-0.5349end3.25_-0.30_-10.11_-6.27_0.45_29.43_14.87_12.25_27.50_0.8289_0.1072_0.1093_-0.5380end3.25_-0.30_-10.11_-6.27_0.45_29.43_15.63_11.19_27.06_0.8282_0.1073_0.1094_-0.5391end3.29_0.14_-10.41_-6.27_0.45_29.43_13.88_10.88_27.06_0.8268_0.1075_0.1099_-0.5410end3.25_0.36_-10.50_-6.27_0.45_29.43_14.56_11.56_27.06_0.8261_0.1078_0.1105_-0.5420end3.23_0.71_-10.81_-6.27_0.45_29.43_14.56_11.56_27.06_0.8261_0.1078_0.1105_-0.5420end,0.0,0.0,0.0
1990,,0.0,0.0,0.0
1991,3.23_0.71_-10.81_-2.69_18.69_28.09_15.25_10.88_27.44_0.8246_0.1086_0.1119_-0.5438end3.23_0.71_-10.81_-7.50_25.18_27.53_15.25_10.88_27.44_0.8246_0.1086_0.1119_-0.5438end3.23_0.71_-10.81_-7.50_25.18_27.53_15.63_10.50_27.87_0.8230_0.1099_0.1137_-0.5456end3.23_0.71_-10.81_-10.52_23.61_27.86_15.63_10.50_27.87_0.8214_0.1115_0.1152_-0.5474end3.77_1.80_-12.08_-18.02_15.67_27.64_15.63_10.50_27.87_0.8198_0.1132_0.1157_-0.5493end3.80_1.69_-12.01_-18.02_15.67_27.64_15.63_10.50_27.87_0.8190_0.1141_0.1156_-0.5503end3.75_1.42_-11.88_-18.02_15.67_27.64_15.25_10.88_27.44_0.8182_0.1151_0.1152_-0.5514end3.60_0.77_-11.37_-18.02_15.67_27.64_15.25_10.88_27.44_0.8182_0.1151_,0.0,0.0,0.0
1992,0.1152_-0.5514end3.49_0.34_-10.96_-32.79_-4.48_28.54_15.25_10.88_27.44_0.8182_0.1151_0.1152_-0.5514end3.43_0.13_-10.84_-33.24_-6.04_29.21_14.25_9.13_27.81_0.8182_0.1151_0.1152_-0.5514end,0.0,0.0,0.0
1993,,0.0,0.0,0.0
1994,3.46_0.01_-10.69_-33.24_-6.04_29.21_14.25_9.13_27.81_0.8141_0.1196_0.1115_-0.5573end3.48_-0.22_-10.26_-33.24_-6.04_29.21_14.25_9.13_27.81_0.8132_0.1204_0.1106_-0.5585end3.57_-0.42_-9.88_-33.24_-6.04_29.21_13.88_10.56_28.31_0.8132_0.1204_0.1106_-0.5585end3.59_-0.48_-9.73_-19.25_-9.18_35.03_14.56_9.50_30.50_0.8132_0.1204_0.1106_-0.5585end3.59_-0.48_-9.73_-19.25_-9.18_35.03_15.31_9.13_27.81_0.8105_0.1219_0.1085_-0.5624end3.59_-0.48_-9.73_-19.25_-9.18_35.03_15.31_9.13_27.81_0.8088_0.1222_0.1075_-0.5651end3.50_-0.35_-9.16_-19.25_-9.18_35.03_14.94_8.44_26.56_0.8080_0.1221_0.1073_-0.5663end3.48_-0.36_-9.03_-19.25_-9.18_35.03_14.94_8.44_26.56_0.8071_0.1218_0.1,0.0,0.0,0.0
1995,,0.0,0.0,0.0
1996,073_-0.5676end3.46_-0.28_-8.95_-19.25_-9.18_35.03_14.94_8.44_26.56_0.8063_0.1214_0.1076_-0.5689end3.46_-0.28_-8.95_-19.25_-9.18_35.03_15.69_7.75_29.63_0.8054_0.1209_0.1081_-0.5701end3.46_-0.28_-8.95_-19.25_-9.18_35.03_15.69_7.75_29.63_0.8038_0.1197_0.1100_-0.5722end3.52_0.03_-8.69_-19.25_-9.18_35.03_15.69_7.75_29.63_0.8031_0.1190_0.1114_-0.5731end3.53_0.28_-8.60_-19.25_-9.18_35.03_15.69_7.75_29.63_0.8024_0.1183_0.1129_-0.5740end3.48_0.40_-8.66_-19.25_-9.18_35.03_15.69_7.75_29.63_0.8024_0.1183_0.1129_-0.5740end3.48_0.39_-8.57_-19.25_-9.18_35.03_14.94_8.81_29.63_0.8024_0.1183_0.1129_-0.5740end3.48_0.39_-8.57_-19.25_-9.18_35.03_14.94_8.81_29.63_0.7997_0.1154_0.1208_-0.5766end3.45_0.36_-8.25_-19.25_-9.18_35.03_15.63_10.19_28.75_0.7997_0.1154_0.1208_-0.5766end3.41_0.32_-8.20_41.85_35.25_22.60_15.63_10.19_28.75_0.7997_0.1154_0.1208_-0.5766end3.38_0.16_-8.21_41.85_35.25_22.60_14.94_8.81_30.00_0.7997_0.1154_0.1208_-0.5766end3.38_0.16_-8.21_41.85_35.25_22.60_14.94_8.81_30.00_0.7972_0.1122_0.1335_-0.5779end,0.0,0.0,0.0
1997,,0.0,0.0,0.0
1998,3.51_-0.09_-8.12_41.85_35.25_22.60_14.94_8.81_30.00_0.7972_0.1122_0.1335_-0.5779end3.62_-0.23_-8.23_41.85_35.25_22.60_14.56_10.19_29.12_0.7972_0.1122_0.1335_-0.5779end3.61_-0.29_-8.25_44.76_85.05_10.52_14.56_10.19_29.12_0.7972_0.1122_0.1335_-0.5779end3.61_-0.29_-8.25_44.76_85.05_10.52_14.56_10.19_29.12_0.7945_0.1143_0.1534_-0.5763end3.55_-0.40_-8.45_44.76_85.05_10.52_14.56_10.19_29.12_0.7938_0.1159_0.1591_-0.5754end3.68_-0.52_-8.83_44.76_85.05_10.52_14.56_10.19_29.12_0.7938_0.1159_0.1591_-0.5754end3.68_-0.52_-8.83_46.11_191.69_1.45_12.44_10.56_29.63_0.7938_0.1159_0.1591_-0.5754end4.04_-0.10_-8.93_46.55_217.88_0.22_12.44_10.56_29.63_0.7905_0.1245_0.1813_-0.5717end4.04_-0.10_-8.93_46.78_243.84_0.34_12.44_10.56_29.63_0.7905_0.1245_0.1813_-0.5717end4.04_-0.10_-8.93_46.78_243.84_0.34_12.44_10.56_29.63_0.7847_0.1385_0.2110_-0.5661end,0.0,0.0,0.0
1999,,0.0,0.0,0.0
2000,,0.0,0.0,0.0
2001,4.04_-0.10_-8.93_46.78_303.38_1.45_11.31_9.88_30.06_0.7847_0.1385_0.2110_-0.5661end4.04_-0.10_-8.93_46.78_303.38_1.45_9.81_10.94_30.56_0.7822_0.1443_0.2226_-0.5637end4.04_-0.10_-8.93_46.78_303.38_1.45_9.81_10.94_30.56_0.7729_0.1633_0.2585_-0.5559end8.31_2.37_-9.60_46.78_303.38_1.45_9.81_10.94_30.56_0.7692_0.1704_0.2712_-0.5530end8.31_2.37_-9.60_32.01_337.62_-0.56_6.25_12.00_32.69_0.7692_0.1704_0.2712_-0.5530end9.26_2.27_-8.99_27.75_327.44_-1.79_6.25_12.00_32.69_0.7692_0.1704_0.2712_-0.5530end9.53_2.15_-8.34_24.17_312.55_-3.13_6.25_12.00_32.69_0.7540_0.1975_0.3170_-0.5404end9.51_1.77_-7.64_24.17_312.55_-3.13_6.25_12.00_32.69_0.7504_0.2036_0.3267_-0.5374,0.0,0.0,0.0
2002,end9.14_1.09_-6.64_24.17_312.55_-3.13_6.25_12.00_32.69_0.7504_0.2036_0.3267_-0.5374end9.14_1.09_-6.64_16.45_238.36_-4.92_1.50_11.69_31.37_0.7504_0.2036_0.3267_-0.5374end,0.0,0.0,0.0
2003,,0.0,0.0,0.0
2004,8.77_0.54_-5.93_17.01_220.34_-2.80_1.50_11.69_31.37_0.7403_0.2195_0.3521_-0.5290end8.77_0.54_-5.93_18.24_203.11_-0.56_0.06_11.38_32.69_0.7403_0.2195_0.3521_-0.5290end8.77_0.54_-5.93_19.81_187.22_2.01_0.06_11.38_32.69_0.7343_0.2277_0.3661_-0.5243end8.77_0.54_-5.93_21.60_171.78_4.03_-1.06_12.37_31.87_0.7343_0.2277_0.3661_-0.5243en,0.0,0.0,0.0
2005,d8.77_0.54_-5.93_25.51_146.93_7.27_-1.06_12.37_31.87_0.7267_0.2365_0.3835_-0.5186end8.77_0.54_-5.93_28.87_133.84_13.20_-1.81_11.69_31.87_0.7267_0.2365_0.3835_-0.5186end8.77_0.54_-5.93_31.00_130.15_16.11_-3.19_12.44_31.37_0.7221_0.2407_0.3940_-0.5152end8.77_0.54_-5.93_31.00_130.15_16.11_-3.19_12.44_31.37_0.7175_0.2440_0.4041_-0.5121end8.04_-0.70_-5.11_31.00_130.15_16.11_-3.19_12.44_31.37_0.7175_0.2440_0.4041_-0.5121end8.50_-0.47_-5.38_34.80_126.57_24.73_-3.19_12.44_31.37_0.7175_0.2440_0.4041_-0.5121end,0.0,0.0,0.0
2006,8.50_-0.47_-5.38_33.91_123.10_27.64_-5.37_12.06_31.37_0.7104_0.2480_0.4191_-0.5082end8.50_-0.47_-5.38_33.91_123.10_27.64_-5.37_12.06_31.37_0.7055_0.2502_0.4288_-0.5057end8.88_0.52_-5.12_33.91_123.10_27.64_-6.50_12.44_31.37_0.7031_0.2512_0.4336_-0.5046end8.93_0.29_-4.78_33.35_123.21_29.66_-6.50_12.44_31.37_0.7031_0.2512_0.4336_-0.5046end8.93_0.29_-4.78_33.35_123.21_29.66_-6.50_13.06_31.37_0.7005_0.2523_0.4385_-0.5034end8.93_0.29_-4.78_35.03_139.88_26.52_-6.50_13.06_31.37_0.6951_0.2548_0.4485_-0.5008end9.42_-0.73_-3.70_35.03_139.88_26.52_-6.50_13.06_31.37_0.6920_0.2563_0.4543_-0.4990end9.42_-0.73_-3.70_46.11_200.98_17.35_-6.50_13.06_31.37_0.6920_0.2563_0,0.0,0.0,0.0
2007,.4543_-0.4990end9.42_-0.73_-3.70_46.11_200.98_17.35_-6.50_13.06_31.37_0.6808_0.2635_0.4747_-0.4916end8.03_-0.13_-3.84_46.11_200.98_17.35_-6.50_13.06_31.37_0.6758_0.2670_0.4836_-0.4879end,0.0,0.0,0.0
2008,,0.0,0.0,0.0
2009,8.03_-0.13_-3.84_62.22_341.98_13.99_-9.75_14.81_30.12_0.6702_0.2711_0.4935_-0.4836end8.03_-0.13_-3.84_62.22_341.98_13.99_-9.75_14.81_30.12_0.6561_0.2811_0.5164_-0.4732end8.46_0.32_-4.47_62.22_341.98_13.99_-12.69_14.81_29.25_0.6561_0.2811_0.5164_-0.4732end8.11_0.46_-3.03_59.65_389.77_16.11_-12.69_14.81_29.25_0.6480_0.2867_0.5286_,0.0,0.0,0.0
2010,-0.4675end8.11_0.46_-3.03_54.27_393.57_21.71_-12.69_14.81_29.25_0.6394_0.2924_0.5410_-0.4615end8.11_0.46_-3.03_54.27_393.57_21.71_-12.69_14.81_29.25_0.6304_0.2982_0.5532_-0.4557end8.11_0.46_-3.03_46.89_316.36_35.92_-12.69_14.81_29.25_0.6304_0.2982_0.5532_-0.4557end8.54_-0.63_0.36_44.76_274.17_41.41_-12.69_14.81_29.25_0.6038_0.3132_0.5867_-0.4395end8.66_-1.09_0.74_42.41_229.85_45.88_-12.69_14.81_29.25_0.6038_0.3132_0.5867_-0.4395end8.80_-1.45_1.05_42.41_229.85_45.88_-12.69_14.81_29.25_0.5835_0.3204_0.6109_-0.4285end,0.0,0.0,0.0
2011,8.80_-1.45_1.05_42.41_229.85_45.88_-12.69_14.81_29.25_0.5786_0.3212_0.6169_-0.4261end8.80_-1.45_1.05_42.41_229.85_45.88_-12.69_14.81_29.25_0.5708_0.3212_0.6264_-0.4227end8.63_-1.28_0.68_42.41_229.85_45.88_-20.25_16.50_22.37_0.5673_0.3210_0.6306_-0.4212end8.68_-1.09_-0.32_42.41_229.85_45.88_-20.25_16.50_22.37_0.5673_0.3210_0.6306_-0.4212end8.54_-1.11_-0.31_29.21_133.50_38.61_-20.25_16.50_22.37_0.5673_0.3210_0.6306_-0.4212end8.76_-0.98_0.34_29.21_133.50_38.61_-20.25_16.19_22.37_0.5558_0.3221_0.6437_-0.4158end8.76_-0.98_0.34_23.05_158.35_29.54_-20.25_16.19_22.37_0.5512_0.3234_0.6486_-0.4136end8.76_-0.98_0.34_23.05_158.35_29.54_-20.25_16.19_22.37_0.5464_0.3250_0.6531_-0.4113end8.76_-0.98_0.34_23.05_158.35_29.54_-20.25_16.81_20.19_0.5364_0.3289_0.6624_-0.4065end8.45_-1.05_0.13_23.05_158.35_29.54_-21.00_17.19_21.50_0.5364_0.3289_0.6624_-0.4065end,0.0,0.0,0.0
2012,,0.0,0.0,0.0
2013,8.45_-1.05_0.13_0.78_172.45_12.20_-21.00_17.19_21.50_0.5311_0.3312_0.6672_-0.4039end8.45_-1.05_0.13_0.78_172.45_12.20_-21.75_18.56_20.19_0.5206_0.3361_0.6757_-0.3993end6.78_-1.05_1.91_-4.36_170.54_11.08_-21.75_18.56_20.19_0.5206_0.3361_0.6757_-0.3993end7.20_-0.99_2.19_-4.36_170.54_11.08_-21.75_18.56_20.19_0.5099_0.3413_0.6839_-0.3946end7.64_-1.17_2.57_-9.40_158.12_12.76_-21.75_18.56_20.19_0.5099_0.3413_0.6839_-0.3946end7.64_-1.17_2.57_-9.40_158.12_12.76_-22.50_17.81_19.31_0.4901_0.3510_0.6977_-0.3871end7.66_-2.98_3.76_-9.40_158.12_12.76_-22.50_17.81_19.31_0.4860_0.3528_0.7003_-0.3858end7.66_-2.98_3.76_-16.79_102.84_8.62_-24.25_17.50_17.12_0.4860_0.3528,0.0,0.0,0.0
2014,_0.7003_-0.3858end7.83_-3.28_3.77_-16.79_102.84_8.62_-24.25_17.50_17.12_0.4860_0.3528_0.7003_-0.3858end7.74_-3.07_3.48_-19.36_85.27_4.36_-24.25_17.50_17.12_0.4758_0.3580_0.7061_-0.3831end,0.0,0.0,0.0
2015,,0.0,0.0,0.0
2016,7.74_-3.07_3.48_-19.36_85.27_4.36_-23.87_18.12_16.69_0.4730_0.3596_0.7076_-0.3824end7.74_-3.07_3.48_-22.83_76.99_-0.78_-23.87_18.12_16.69_0.4702_0.3614_0.7089_-0.3818end7.74_-3.07_3.48_-24.40_75.54_-3.69_-23.87_18.12_16.69_0.4650_0.3650_0.7111_-0.3807end7.58_-2.09_1.75_-24.40_75.54_-3.69_-23.87_18.12_16.69_0.4650_0.3650_0.7111_-0.3807end7.58_-2.09_1.75_-24.40_75.54_-3.69_-23.87_18.12_16.69_0.4579_0.3710_0.7133_-0.3793end8.16_-3.49_1.71_-24.40_75.54_-3.69_-23.87_18.12_16.69_0.4559_0.3732_0.7136_-0.3790end8.32_-3.81_2.20_-37.04_46.55_-28.65_-23.87_18.12_16.69_0.4559_0.3732_0.7136_-0.3790end8.51_-4.06_2.59_-36.15_48.01_-35.47_-23.87_18.12_16.69_0.4559_0.3732_0.7136_-0.3790end8.51_-4.06_2.59_-36.15_48.01_-35.47_-26.81_17.81_16.25_0.4513_0.3804_0.7134_-0.3777end8.51_-4.06_2.59_-36.15_48.01_-35.47_-26.81_17.81_16.25_0.4471_0.3871_0.7141_-0.3745end,0.0,0.0,0.0
2017,,0.0,0.0,0.0
2018,11.55_-0.64_4.36_-36.15_48.01_-35.47_-25.31_16.12_17.12_0.4471_0.3871_0.7141_-0.3745end10.88_-0.22_4.60_-36.15_48.01_-35.47_-26.44_16.50_15.38_0.4408_0.3959_0.7166_-0.3680end9.98_-0.03_4.33_-1.79_160.47_-81.80_-26.44_16.50_15.38_0.4334_0.4058_0.7199_-0.3594end8.49_-0.75_4.48_-1.79_160.47_-81.80_-26.44_16.50_15.38_0.4295_0.4108_0,0.0,0.0,0.0
2019,.7218_-0.3546end6.26_-1.73_4.08_-1.79_160.47_-81.80_-26.44_16.50_15.38_0.4295_0.4108_0.7218_-0.3546end6.26_-1.73_4.08_12.87_178.04_-71.96_-26.44_16.50_15.38_0.4210_0.4202_0.7263_-0.3445end6.06_-1.68_3.79_12.87_178.04_-71.96_-26.44_16.50_15.38_0.4166_0.4242_0.7288_-0.3397end7.93_-1.08_4.01_12.87_178.04_-71.96_-27.19_15.06_13.62_0.4166_0.4242_0.7288_-0.3397end7.93_-1.08_4.01_12.53_101.61_-14.32_-27.19_15.06_13.62_0.4120_0.4278_0.7313_-0.3352end9.11_-0.56_4.71_12.53_101.61_-14.32_-27.19_15.06_13.62_0.4050_0.4326_0.7355_-0.3285end,0.0,0.0,0.0
2020,,0.0,0.0,0.0
2021,9.13_-1.41_5.63_12.53_101.61_-14.32_-28.62_14.69_13.19_0.4011_0.4345_0.7381_-0.3250end9.12_-1.30_5.80_6.49_15.78_9.74_-28.62_14.69_13.19_0.4011_0.4345_0.7381_-0.3250end9.12_-1.30_5.80_6.60_-1.45_15.00_-28.62_14.69_13.19_0.4001_0.4330_0.7399_-0.3239end9.25_-0.85_5.64_6.60_-1.45_15.00_-28.62_14.69_13.19_0.4002_0.4321_0.7404_-0.3240end9.42_-1.00_5.01_6.60_-1.45_15.00_-29.00_16.06_11.94_0.4002_0.4321_0.7404_-0.3240end9.73_-0.92_5.01_11.30_19.25_23.05_-29.00_16.06_11.94_0.3986_0.4296_0.7430_-0.3232end10.23_-0.65_4.82_11.30_19.25_23.05_-29.69_16.12_11.94_0.3971_0.4292_0.7445_-0.3222end9.99_-0.44_4.62_11.30_19.25_23.05_-29.69_16.12_11.94_0.3950_0.4291_0.7463_-0.3207end10.18_-0.17_4.69_17.68_98.48_20.70_-29.37_16.12_12.31_0.3950_0.4291_0.7463_-0.3207end10.20_0.02_4.81_19.92_117.72_20.14_-29.37_16.12_12.31_0.3950_0.4291_0.7463_-0.3207end,0.0,0.0,0.0
2022,,0.0,0.0,0.0
2023,10.53_0.45_4.98_19.92_117.72_20.14_-29.37_17.12_11.44_0.3802_0.4311_0.7571_-0.3104end10.48_0.54_5.22_19.92_117.72_20.14_-29.69_15.69_8.81_0.3754_0.4321_0.7604_-0.3069end10.54_0.57_5.41_24.51_166.40_16.79_-29.69_15.69_8.81_0.3754_0.4321_0.7604_-0.3069end10.54_0.57_5.41_24.95_174.35_15.67_-30.06_15.69_8.81_0.3754_0.4321_0.7604_-0.3069end10.44_-0.37_6.48_24.95_174.35_15.67_-30.06_15.69_8.81_0.3650_0.4343_0.7671_-0.2996end10.44_-0.37_6.48_25.18_185.09_11.86_-30.06_15.69_8.81_0.3475_0.4388_0.7773_-0.2871end9.99_-0.52_7.51_25.18_185.09_11.86_-30.44_16.75_7.12_0.3475_0.4388_0.7773_-0.2871end9.99_-0.52_7.51_24.06_193.71_6.71_-30.44_16.75_7.12_0.3353_0.4421_0.7,0.0,0.0,0.0
2024,841_-0.2783end9.96_0.14_7.38_22.83_199.19_5.26_-30.44_16.75_7.12_0.3353_0.4421_0.7841_-0.2783end9.96_0.14_7.38_22.83_199.19_5.26_-31.50_16.37_4.94_0.3226_0.4457_0.7905_-0.2692end,0.0,0.0,0.0
2025,,0.0,0.0,0.0
2026,9.96_0.14_7.38_22.83_199.19_5.26_-31.50_16.37_4.94_0.3099_0.4493_0.7963_-0.2606end7.34_-5.45_7.35_22.83_199.19_5.26_-31.50_16.37_4.94_0.3039_0.4512_0.7989_-0.2567end7.07_-3.63_8.04_22.83_199.19_5.26_-30.75_16.69_2.37_0.3039_0.4512_0.7989_-0.2567end8.49_-1.77_8.62_22.83_199.19_5.26_-30.06_17.06_2.75_0.2851_0.4570_0.8060_-0.2456en,0.0,0.0,0.0
2027,d8.27_-1.02_8.54_22.83_199.19_5.26_-30.44_17.00_0.56_0.2794_0.4587_0.8079_-0.2427end6.72_-0.84_8.28_22.83_199.19_5.26_-30.44_17.00_0.56_0.2794_0.4587_0.8079_-0.2427end6.04_-0.05_7.64_-16.00_109.11_3.25_-30.75_16.31_2.37_0.2794_0.4587_0.8079_-0.2427end6.04_-0.05_7.64_-32.56_38.72_15.44_-30.75_16.31_2.37_0.2654_0.4621_0.8116_-0.23,0.0,0.0,0.0
2028,93end6.20_-1.26_8.02_-32.56_38.72_15.44_-30.44_17.37_0.56_0.2654_0.4621_0.8116_-0.2393end6.20_-1.26_8.02_-39.61_10.52_21.49_-30.44_17.37_0.56_0.2619_0.4620_0.8123_-0.2412end,0.0,0.0,0.0
2029,6.41_-1.97_6.51_-42.41_3.80_24.28_-30.44_17.37_0.56_0.2619_0.4620_0.8123_-0.2412end6.20_-1.00_6.98_-43.42_10.30_25.40_-30.44_17.37_0.56_0.2619_0.4620_0.8123_-0.2412end6.20_-1.00_6.98_-44.87_15.89_29.54_-30.44_17.37_0.56_0.2576_0.4609_0.8128_-0.2459end6.45_-0.54_7.29_-44.87_15.89_29.54_-30.44_17.37_0.56_0.2540_0.4600_0.8136_-0.2489end6.45_-0.54_7.29_-48.57_26.63_34.58_-30.44_18.69_0.62_0.2519_0.4594_0.8141_-0.2504end7.12_-0.23_7.37_-48.57_26.63_34.58_-30.75_17.31_-0.69_0.2519_0.4594_0.8141_-0.2504end7.04_-0.27_7.08_-49.01_37.04_39.61_-30.75_17.31_-0.69_0.2440_0.4578_0.8162_-0.2546end6.89_-0.32_6.77_-49.01_37.04_39.61_-30.75_17.31_-0.69_0.2409_0.4572_0.8170_-0.2559end6.78_-0.56_6.58_-49.01_37.04_39.61_-30.75_17.31_-0.69_0.2375_0.4566_0.8179_-0.2571end6.81_-0.73_6.59_-55.95_57.97_50.02_-30.75_17.31_-0.69_0.2338_0.4559_0.8190_-0.2584end,0.0,0.0,0.0
2030,,0.0,0.0,0.0
2031,6.72_-0.99_6.91_-61.21_54.95_53.71_-30.75_17.31_-0.69_0.2338_0.4559_0.8190_-0.2584end6.72_-0.99_6.91_-63.00_50.81_54.61_-30.75_17.31_-0.69_0.2263_0.4546_0.8209_-0.2613end6.20_-1.59_7.01_-63.00_50.81_54.61_-30.75_17.31_-0.69_0.2189_0.4528_0.8228_-0.2647end6.21_-1.68_7.12_-65.69_41.07_55.51_-30.75_17.31_-0.69_0.2189_0.4528_0.8228_,0.0,0.0,0.0
2032,-0.2647end6.21_-1.68_7.12_-65.69_41.07_55.51_-30.44_19.06_0.62_0.2092_0.4496_0.8250_-0.2710end6.03_-1.98_7.72_-65.69_41.07_55.51_-30.44_19.06_0.62_0.2066_0.4485_0.8255_-0.2734end5.46_-2.17_7.64_-65.69_41.07_55.51_-30.44_19.06_0.62_0.2066_0.4485_0.8255_-0.2734end5.62_-2.11_8.17_-65.69_41.07_55.51_-30.44_19.06_0.62_0.2021_0.4459_0.8262_-0.2787end5.43_-1.94_8.75_-62.56_3.36_50.69_-30.44_19.06_0.62_0.2021_0.4459_0.8262_-0.2787end5.43_-1.94_8.75_-59.65_11.86_48.46_-30.44_19.75_1.12_0.2021_0.4459_0.8262_-0.2787end,0.0,0.0,0.0
2033,,0.0,0.0,0.0
2034,3.98_-0.55_9.05_-54.72_33.57_44.99_-30.44_19.75_1.12_0.1956_0.4423_0.8273_-0.2858end3.98_-0.55_9.05_-54.72_33.57_44.99_-28.62_20.06_-0.19_0.1923_0.4418_0.8279_-0.2870end3.98_-0.55_9.05_-52.48_95.57_28.31_-28.62_20.06_-0.19_0.1830_0.4424_0.8295_-0.2877end6.02_-5.27_7.01_-52.48_95.57_28.31_-28.62_20.06_-0.19_0.1785_0.4429_0.8300_-,0.0,0.0,0.0
2035,0.2881end6.02_-5.27_7.01_-51.81_47.56_19.36_-28.69_21.12_0.62_0.1750_0.4433_0.8303_-0.2890end4.50_-4.86_6.04_-51.81_47.56_19.36_-28.69_21.12_0.62_0.1705_0.4435_0.8301_-0.2917end3.96_-2.69_7.10_-51.81_47.56_19.36_-28.69_21.12_0.62_0.1705_0.4435_0.8301_-0.2917end4.21_-1.35_7.99_-51.81_47.56_19.36_-29.00_21.50_1.94_0.1647_0.4438_0.8295_-0.2962end4.02_-0.96_8.03_-46.89_4.70_12.53_-29.00_21.50_1.94_0.1631_0.4438_0.8293_-0.2979end3.83_-0.80_7.30_-46.89_4.70_12.53_-29.31_21.50_0.62_0.1631_0.4438_0.8293_-0.2979end,0.0,0.0,0.0
2036,3.67_-2.91_7.05_-46.89_4.70_12.53_-29.31_21.50_0.62_0.1617_0.4432_0.8286_-0.3013end3.85_-3.42_7.19_-38.16_-24.28_10.97_-29.31_21.50_0.62_0.1617_0.4432_0.8286_-0.3013end4.04_-3.63_7.27_-34.02_-25.63_9.51_-29.31_21.50_0.62_0.1619_0.4416_0.8275_-0.3066end4.42_-3.81_7.28_-34.02_-25.63_9.51_-29.37_20.75_1.12_0.1620_0.4412_0.8272_-0.3079end4.58_-3.86_7.10_-34.02_-25.63_9.51_-29.37_20.75_1.12_0.1620_0.4412_0.8272_-0.3079end4.84_-3.70_7.06_-3.47_21.82_-7.05_-29.37_20.75_1.12_0.1620_0.4412_0.8272_-0.3079end5.36_-3.41_7.00_-3.47_21.82_-7.05_-29.37_21.12_1.94_0.1612_0.4414_0.8268_-0.3091end5.36_-3.41_7.00_-3.47_21.82_-7.05_-29.37_21.12_1.94_0.1591_0.4430_0.8271_-0.3073end5.16_-3.54_6.56_-3.47_21.82_-7.05_-29.37_21.12_1.94_0.1576_0.4442_0.8273_-0.3055end5.24_-3.81_6.62_-3.47_21.82_-7.05_-29.37_21.12_1.94_0.1556_0.4457_0.8278_-0.3032end,0.0,0.0,0.0
2037,,0.0,0.0,0.0
2038,,0.0,0.0,0.0
2039,,0.0,0.0,0.0
2040,5.21_-3.89_6.55_27.86_94.00_-26.07_-29.37_21.12_1.94_0.1556_0.4457_0.8278_-0.3032end5.29_-3.74_6.37_27.86_94.00_-26.07_-29.37_21.12_1.94_0.1479_0.4515_0.8295_-0.2936end5.13_-2.29_6.43_27.86_94.00_-26.07_-29.37_21.12_1.94_0.1448_0.4539_0.8302_-0.2894end5.18_-2.12_6.61_27.86_94.00_-26.07_-30.06_20.44_-1.06_0.1417_0.4562_0.8309_-0.2852end5.03_-2.12_6.86_49.57_123.99_-34.69_-30.06_20.44_-1.06_0.1417_0.4562_0.8309_-0.2852end5.03_-2.12_6.86_49.57_123.99_-34.69_-30.06_20.44_-1.06_0.1328_0.4633_0.8331_-0.2714end4.37_-2.77_6.75_49.57_123.99_-34.69_-30.81_20.75_-2.37_0.1328_0.4633_0.8331_-0.2714end4.33_-2.88_6.83_61.77_126.12_-35.14_-30.81_20.75_-2.37_0.1328_0.4633_0.8331_-0.2714end4.33_-2.88_6.83_63.90_132.83_-34.02_-30.81_20.75_-2.37_0.1241_0.4703_0.8353_-0.2564end4.22_-2.13_7.12_63.90_132.83_-34.02_-30.44_20.06_-3.69_0.1241_0.4703_0.8353_-0.2564end,0.0,0.0,0.0
2041,4.22_-2.13_7.12_66.25_143.13_-32.68_-30.44_20.06_-3.69_0.1130_0.4774_0.8379_-0.2393end4.22_-2.13_7.12_69.72_173.90_-25.63_-30.44_20.37_-4.12_0.1130_0.4774_0.8379_-0.2393end4.55_-0.67_8.19_69.72_173.90_-25.63_-30.06_18.62_-6.75_0.1130_0.4774_0.8379_-0.2393end3.77_0.20_8.19_70.28_202.89_-15.78_-30.06_18.62_-6.75_0.1130_0.4774_0.8379_-0.2393end2.63_1.15_9.09_70.28_202.89_-15.78_-30.06_18.62_-6.75_0.0875_0.4883_0.8434_-0.2064end5.34_-1.03_8.68_70.28_202.89_-15.78_-30.06_19.62_-8.50_0.0820_0.4901_0.8445_-0.1997end3.95_-1.35_8.63_70.28_202.89_-15.78_-30.06_19.62_-8.50_0.0768_0.4918_0.8455_-0.1932end4.18_-1.07_8.59_70.28_202.89_-15.78_-30.06_19.62_-8.50_0.076,0.0,0.0,0.0
2042,8_0.4918_0.8455_-0.1932end4.06_-1.05_8.90_59.76_161.26_-9.85_-30.06_19.62_-8.50_0.0768_0.4918_0.8455_-0.1932end4.06_-1.05_8.90_57.07_146.60_-8.95_-30.06_19.62_-8.50_0.0628_0.4960_0.8481_-0.1757end,0.0,0.0,0.0
2043,,0.0,0.0,0.0
2044,4.06_-1.05_8.90_57.07_146.60_-8.95_-30.44_18.19_-11.06_0.0586_0.4973_0.8487_-0.1703end4.06_-1.05_8.90_55.51_138.99_-7.39_-30.44_18.19_-11.06_0.0507_0.4995_0.8499_-0.1600end2.87_-1.30_8.78_55.51_138.99_-7.39_-28.62_18.87_-13.25_0.0507_0.4995_0.8499_-0.1600end2.87_-1.30_8.78_59.65_147.83_-9.18_-28.62_18.87_-13.25_0.0429_0.5016_0.8,0.0,0.0,0.0
2045,510_-0.1495end2.87_-1.30_8.78_59.65_147.83_-9.18_-29.00_18.50_-13.25_0.0346_0.5038_0.8519_-0.1384end2.55_-0.98_8.79_61.10_156.00_-9.40_-29.00_18.50_-13.25_0.0346_0.5038_0.8519_-0.1384end2.51_-1.03_8.99_61.10_156.00_-9.40_-29.00_18.50_-13.25_0.0259_0.5060_0.8527_-0.1270end1.99_-1.54_9.91_63.00_161.26_-8.84_-29.00_18.50_-13.25_0.0259_0.5060_0.8527_-0.1270end1.37_-1.70_9.40_63.00_161.26_-8.84_-27.19_17.75_-15.88_0.0120_0.5090_0.8538_-0.1089end1.43_-1.68_9.35_63.67_168.75_1.79_-28.62_18.12_-18.06_0.0072_0.5097_0.8542_-0.1028end,0.0,0.0,0.0
2046,,0.0,0.0,0.0
2047,1.68_-0.75_10.73_63.67_168.75_1.79_-28.62_18.12_-18.06_0.0072_0.5097_0.8542_-0.1028end2.06_-0.18_10.84_63.67_168.75_1.79_-26.06_18.44_-17.62_0.0072_0.5097_0.8542_-0.1028end2.26_0.18_11.21_57.52_149.39_14.88_-26.06_18.44_-17.62_0.0072_0.5097_0.8542_-0.1028end2.26_0.18_11.21_40.51_99.93_34.13_-26.06_18.44_-17.62_0.0132_-0.5088_-0.8574_0.0770end2.36_-0.33_11.52_40.51_99.93_34.13_-24.94_17.37_-19.87_0.0132_-0.5088_-0.8574_0.0770end2.36_-0.33_11.52_34.13_83.37_39.95_-24.94_17.37_-19.87_0.0181_-0.5063_-0.8593_0.0707end2.40_-0.30_10.96_22.16_53.49_49.69_-24.94_17.37_-19.87_0.0181_-0.5063_-0.8593_0.0707end2.45_-0.49_10.79_22.16_53.49_49.69_-24.94_17.37_-19.87_0.0181_-0.5063_-0.8593_0.0707end2.45_-0.49_10.79_22.16_53.49_49.69_-24.94_17.37_-19.87_0.0228_-0.5008_-0.8629_0.0649end2.08_-2.16_10.18_22.16_53.49_49.69_-24.94_17.37_-19.87_0.0228_-0.5008_-0.8629_0.0649end,0.0,0.0,0.0
2048,,0.0,0.0,0.0
2049,2.08_-2.16_10.18_22.16_53.49_49.69_-24.94_17.69_-21.56_0.0272_-0.4944_-0.8666_0.0612end1.22_-3.10_9.27_22.16_53.49_49.69_-24.94_17.69_-21.56_0.0311_-0.4901_-0.8691_0.0585end1.03_-3.21_9.14_1.34_65.46_55.06_-24.94_17.69_-21.56_0.0335_-0.4880_-0.8704_0.0570end0.96_-3.09_9.31_1.34_76.10_53.94_-24.94_17.69_-21.56_0.0335_-0.4880_-0.8704_0.0570end0.87_-3.12_9.10_1.34_76.10_53.94_-24.94_17.69_-21.56_0.0430_-0.4821_-0.8735_0.0512end0.69_-3.27_8.91_1.34_76.10_53.94_-21.75_18.37_-21.12_0.0469_-0.4804_-0.8745_0.0488end0.11_-3.21_8.46_1.34_76.10_53.94_-21.75_18.37_-21.12_0.0512_-0.4788_-0.8752_0.0462end-0.03_-3.04_8.36_1.34_76.10_53.94_-21.75_18.37_-21.12_0.0559_-0.4772_-0.8759_0.0432end-0.11_-3.00_8.15_7.83_148.50_37.82_-21.75_18.37_-21.12_0.0608_-0.4758_-0.8765_0.0401end-0.08_-2.98_7.81_7.83_148.50_37.82_-21.75_18.37_-21.12_0.0661_-0.4744_-0.8771_0.0367end,0.0,0.0,0.0
2050,,0.0,0.0,0.0
2051,-0.08_-2.98_7.81_8.28_158.68_34.36_-21.75_18.37_-21.12_0.0720_-0.4731_-0.8774_0.0330end-0.08_-2.98_7.81_7.61_168.31_30.44_-20.62_19.75_-22.44_0.0720_-0.4731_-0.8774_0.0330end-1.25_-3.14_6.98_5.48_191.14_23.61_-20.62_19.75_-22.44_0.0917_-0.4705_-0.8774_0.0211end-1.25_-3.14_6.98_5.48_191.14_23.61_-19.50_19.00_-24.12_0.0917_-0.4705,0.0,0.0,0.0
2052,_-0.8774_0.0211end-1.25_-3.14_6.98_-0.90_236.01_10.97_-19.56_20.44_-24.56_0.0917_-0.4705_-0.8774_0.0211end-1.25_-3.14_6.98_-0.90_236.01_10.97_-17.75_20.06_-25.00_0.1253_-0.4683_-0.8746_0.0025end-2.45_-2.02_7.64_-3.25_256.94_4.36_-17.75_20.06_-25.00_0.1253_-0.4683_-0.8746_0.0025end-2.83_-2.07_7.79_-3.25_256.94_4.36_-16.31_18.94_-27.19_0.1253_-0.4683_-0.8746_0.0025end-3.09_-2.14_8.06_-3.25_256.94_4.36_-16.62_19.31_-26.81_0.1653_-0.4672_-0.8683_-0.0185end-3.62_-2.19_8.33_-3.25_256.94_4.36_-16.62_19.31_-26.81_0.1653_-0.4672_-0.8683_-0.0185end,0.0,0.0,0.0
2053,,0.0,0.0,0.0
2054,-3.62_-2.19_8.33_-1.68_283.01_-9.06_-14.81_19.31_-28.06_0.1653_-0.4672_-0.8683_-0.0185end-3.62_-2.19_8.33_2.46_311.99_-21.60_-14.81_19.31_-28.06_0.2093_-0.4673_-0.8579_-0.0419end-3.68_-2.00_7.76_2.46_311.99_-21.60_-13.00_20.31_-29.81_0.2093_-0.4673_-0.8579_-0.0419end-3.68_-2.00_7.76_2.57_323.74_-27.42_-13.00_20.31_-29.81_0.2336_-0.4678_-0.8506_-0.0549end-4.84_-1.54_6.59_2.57_323.74_-27.42_-13.00_20.31_-29.81_0.2336_-0.4678_-0.8506_-0.0549end-4.84_-1.54_6.59_2.57_323.74_-27.42_-9.38_18.94_-27.62_0.2733_-0.4692_-0.8364_-0.0756end-6.29_-3.28_5.82_2.57_323.74_-27.42_-7.94_20.62_-31.00_0.2886_-0.4698_-0.8300_-0.0837end-6.00_-3.86_6.45_12.42_477.95_-75.09_-7,0.0,0.0,0.0
2055,.94_20.62_-31.00_0.2886_-0.4698_-0.8300_-0.0837end-7.45_-2.63_8.79_12.42_477.95_-75.09_-7.94_20.62_-31.00_0.3207_-0.4706_-0.8157_-0.1008end-7.45_-2.63_8.79_18.80_497.31_-82.03_-7.94_20.62_-31.00_0.3559_-0.4719_-0.7976_-0.1202end,0.0,0.0,0.0
2056,,0.0,0.0,0.0
2057,-8.17_-1.75_8.80_18.80_497.31_-82.03_-7.94_20.62_-31.00_0.3733_-0.4721_-0.7879_-0.1304end-9.60_0.05_7.81_18.80_497.31_-82.03_0.06_18.12_-32.38_0.3733_-0.4721_-0.7879_-0.1304end-9.60_0.05_7.81_45.55_534.13_-84.15_0.06_18.12_-32.38_0.3908_-0.4725_-0.7772_-0.1411end-9.60_0.05_7.81_61.77_547.00_-77.10_3.00_18.12_-31.94_0.4261_-0.4727_-0.7536_-0.1644end-9.60_0.05_7.81_61.77_547.00_-77.10_5.50_18.75_-32.38_0.4594_-0.4712_-0.7291_-0.1879end-9.19_-1.77_3.84_61.77_547.00_-77.10_5.50_18.75_-32.38_0.4744_-0.4695_-0.7177_-0.1987end-9.19_-1.77_3.84_65.13_457.92_-56.96_8.81_17.37_-31.94_0.4744_-0.4695_-0.7177_-0.1987end-9.19_-1.77_3.84_65.13_457.92_-56.96_8.81_17.37_-31.94_0.5012_-0.4664_-0.6953_-0.2187end-9.19_-1.77_3.84_61.44_388.31_-48.01_10.19_17.75_-31.06_0.5012_-0.4664_-0.6953_-0.2187end-9.19_-1.77_3.84_62.00_331.13_-38.05_10.19_17.75_-31.06_0.5319_-0.4626_-0.6662_-0.2433end,0.0,0.0,0.0
2058,,0.0,0.0,0.0
2059,,0.0,0.0,0.0
2060,-11.00_-0.99_4.34_62.00_331.13_-38.05_10.19_17.75_-31.06_0.5405_-0.4614_-0.6573_-0.2508end-11.00_-0.99_4.34_65.24_300.36_-29.43_10.19_17.75_-31.06_0.5482_-0.4604_-0.6487_-0.2579end-11.38_-0.39_2.99_65.24_300.36_-29.43_10.19_17.75_-31.06_0.5631_-0.4578_-0.6318_-0.2723end-11.38_-0.39_2.99_65.24_300.36_-29.43_15.25_17.37_-28.94_0.5631_-0.4578_-0.6318_-0.2723end-10.78_3.84_3.34_65.24_300.36_-29.43_15.25_17.37_-28.94_0.5631_-0.4578_-0.6318_-0.2723end-11.36_4.41_1.10_71.96_317.14_-7.39_15.25_17.37_-28.94_0.5631_-0.4578_-0.6318_-0.2723end-10.19_2.94_0.58_67.70_332.81_6.94_15.25_17.37_-28.94_0.5631_-0.4578_-0.6318_-0.2723end-10.19_2.94_0.58_63.90_343.89_12.76_,0.0,0.0,0.0
2061,20.31_14.63_-27.69_0.5631_-0.4578_-0.6318_-0.2723end-10.47_-0.81_-0.61_63.90_343.89_12.76_20.31_14.63_-27.69_0.6138_-0.4395_-0.5677_-0.3282end-10.47_-0.81_-0.61_63.90_343.89_12.76_20.31_14.63_-27.69_0.6215_-0.4351_-0.5576_-0.3370end,0.0,0.0,0.0
2062,-10.47_-0.81_-0.61_45.43_421.10_24.17_24.31_15.31_-25.50_0.6215_-0.4351_-0.5576_-0.3370end-10.47_-0.81_-0.61_37.04_465.08_24.73_24.31_15.31_-25.50_0.6392_-0.4235_-0.5342_-0.3560end-10.47_-0.81_-0.61_19.25_547.11_21.04_26.81_13.25_-22.94_0.6392_-0.4235_-0.5342_-0.3560end-10.47_-0.81_-0.61_11.64_578.44_16.79_26.81_13.25_-22.94_0.6846_-0.3875_-0.4717_-0.3984end-10.73_-3.23_-2.84_11.64_578.44_16.79_26.81_13.25_-22.94_0.6968_-0.3763_-0.4537_-0.4088end-11.02_-2.55_-3.01_11.64_578.44_16.79_31.19_14.38_-16.87_0.6968_-0.3763_-0.4537_-0.4088end-10.49_-1.41_-3.65_11.64_578.44_16.79_31.19_14.38_-16.87_0.6968_-0.3763_-0.4537_-0.4088end-10.49_-1.41_-3.65_-35.47_655.54_-3.58_31.19_14.38_-16.87_0.7339_-0.3379_-0.3931_-0.4389end-10.49_-1.41_-3.65_-35.47_655.54_-3.58_32.25_13.38_-12.56_0.7454_-0.3243_-0.3725_-0.4478end-10.49_-1.41_-3.65_-42.08_642.23_-7.61_32.25_13.38_-12.56_0.7563_-0.3102_-0.3524_-0.4557end,0.0,0.0,0.0
2063,,0.0,0.0,0.0
2064,-10.49_-1.41_-3.65_-48.46_627.68_-14.21_34.13_13.38_-7.75_0.7765_-0.2818_-0.3120_-0.4695end-8.20_1.29_-5.39_-55.73_579.56_-23.28_34.13_13.38_-7.75_0.7765_-0.2818_-0.3120_-0.4695end-8.21_0.61_-6.08_-55.73_579.56_-23.28_34.13_13.38_-7.75_0.7935_-0.2544_-0.2739_-0.4802end-8.21_0.61_-6.08_-63.11_472.58_-24.73_34.13_13.38_-7.75_0.8008_-0.2415_-0.2569_-0.4842end-8.21_0.61_-6.08_-63.11_472.58_-24.73_36.63_14.87_1.37_0.8072_-0.2294_-0.2409_-0.4877end-5.63_-0.90_-7.74_-65.24_435.54_-25.96_36.63_14.87_1.37_0.8181_-0.2064_-0.2123_-0.4930end-5.63_-0.90_-7.74_-65.24_435.54_-25.96_35.56_14.25_5.75_0.8181_-0.2064_-0.2123_-0.4930end-5.63_-0.90_-7.74_-70.39_340.87_-40.,0.0,0.0,0.0
2065,17_35.56_14.25_5.75_0.8271_-0.1861_-0.1885_-0.4958end-2.16_0.58_-6.64_-70.39_340.87_-40.17_35.56_14.25_5.75_0.8351_-0.1667_-0.1660_-0.4972end-2.16_0.58_-6.64_-70.39_340.87_-40.17_35.19_14.63_10.06_0.8351_-0.1667_-0.1660_-0.4972end,0.0,0.0,0.0
2066,,0.0,0.0,0.0
2067,-1.76_0.39_-8.46_-70.39_340.87_-40.17_35.19_14.63_10.06_0.8391_-0.1578_-0.1549_-0.4971end-1.71_-1.83_-8.92_-70.39_340.87_-40.17_34.06_15.44_14.44_0.8391_-0.1578_-0.1549_-0.4971end-1.75_-2.39_-8.58_-17.35_278.53_-71.96_33.38_15.75_14.44_0.8391_-0.1578_-0.1549_-0.4971end-1.75_-2.39_-8.58_-16.45_250.00_-72.40_33.38_15.75_14.44_0.8556_-0.1223_-0.1008_-0.4927end-1.75_-2.39_-8.58_-11.75_170.21_-68.71_33.38_15.75_14.44_0.8605_-0.1129_-0.0851_-0.4896end-2.10_-0.75_-9.32_-11.75_170.21_-68.71_32.25_15.44_17.94_0.8605_-0.1129_-0.0851_-0.4896end-2.10_-0.75_-9.32_-18.91_102.28_-58.86_32.25_15.44_17.94_0.8643_-0.1066_-0.0751_-0.4858end-3.79_-0.01_-10.77_-18.91_102.28_-58.86_32.25_15.44_17.94_0.8658_-0.1039_-0.0717_-0.4842end-3.79_-0.01_-10.77_-32.68_105.86_-44.87_32.25_15.44_17.94_0.8672_-0.1010_-0.0684_-0.4828end-0.18_0.41_-9.14_-32.68_105.86_-44.87_30.50_15.81_18.81_0.8687_-0.0972_-0.0645_-0.4815end,0.0,0.0,0.0
2068,,0.0,0.0,0.0
2069,-0.37_-0.12_-8.79_-32.68_105.86_-44.87_30.50_15.81_18.81_0.8701_-0.0931_-0.0601_-0.4803end1.14_-0.83_-9.20_-32.68_105.86_-44.87_30.50_15.81_18.81_0.8731_-0.0825_-0.0476_-0.4781end1.00_-0.99_-8.69_-45.43_243.28_-46.11_30.50_15.81_18.81_0.8731_-0.0825_-0.0476_-0.4781end1.27_-0.99_-8.82_-51.03_264.43_-45.66_30.50_15.81_18.81_0.8774_-0.0618_-0.0219_-0.4753end0.92_-0.99_-8.43_-51.03_264.43_-45.66_30.50_15.81_18.81_0.8787_-0.0538_-0.0124_-0.4742end0.54_-0.57_-9.20_-51.03_264.43_-45.66_30.50_15.81_18.81_0.8798_-0.0461_-0.0037_-0.4731end0.54_-0.57_-9.20_-51.03_264.43_-45.66_26.81_16.62_24.94_0.8807_-0.0386_0.0043_-0.4721end0.54_-0.57_-9.20_-70.05_210.49_-35.70,0.0,0.0,0.0
2070,_26.81_16.62_24.94_0.8815_-0.0312_0.0116_-0.4711end0.61_0.42_-9.25_-70.05_210.49_-35.70_25.06_15.25_26.62_0.8815_-0.0312_0.0116_-0.4711end0.61_0.42_-9.25_-71.06_176.36_-30.21_25.06_15.25_26.62_0.8829_-0.0135_0.0253_-0.4687end,0.0,0.0,0.0
2071,,0.0,0.0,0.0
2072,,0.0,0.0,0.0
2073,,0.0,0.0,0.0
2074,0.67_1.34_-9.58_-71.06_176.36_-30.21_25.06_15.25_26.62_0.8830_-0.0091_0.0272_-0.4684end0.67_1.34_-9.58_-61.21_39.17_-5.37_25.06_15.25_26.62_0.8832_-0.0056_0.0280_-0.4682end0.75_1.83_-11.04_-61.21_39.17_-5.37_25.06_15.25_26.62_0.8831_-0.0002_0.0274_-0.4685end0.96_0.97_-10.68_-61.21_39.17_-5.37_25.06_15.25_26.62_0.8828_0.0020_0.0269_-0.4690end0.94_0.23_-9.86_-42.08_22.05_12.87_23.19_15.25_26.62_0.8824_0.0042_0.0267_-0.4696end1.71_1.23_-9.90_-29.77_37.04_14.77_23.19_15.25_26.62_0.8824_0.0042_0.0267_-0.4696end1.71_1.23_-9.90_-29.77_37.04_14.77_24.31_14.94_27.94_0.8817_0.0082_0.0275_-0.4710end1.57_1.69_-10.61_-29.77_37.04_14.77_22.81_15.63_28.44_0.8817_0.0082_0.0275_-0.4710end2.11_1.09_-11.80_-6.38_72.40_15.89_22.81_15.63_28.44_0.8817_0.0082_0.0275_-0.4710end2.52_1.02_-11.80_-1.01_85.94_15.89_22.81_15.63_28.44_0.8793_0.0172_0.0390_-0.4744end,0.0,0.0,0.0
2075,1.71_2.20_-12.22_8.06_124.55_12.76_23.56_14.63_28.81_0.8793_0.0172_0.0390_-0.4744end2.59_1.82_-10.06_8.06_124.55_12.76_23.56_14.63_28.81_0.8781_0.0217_0.0488_-0.4755end2.59_1.82_-10.06_16.79_141.11_14.66_23.19_14.25_29.69_0.8774_0.0240_0.0545_-0.4760end2.77_0.86_-8.20_20.93_116.94_18.02_23.19_14.25_29.69_0.8774_0.0240_0.0545_-0.,0.0,0.0,0.0
2076,4760end2.15_0.09_-8.65_24.17_81.36_22.27_23.19_14.25_29.69_0.8753_0.0275_0.0671_-0.4781end1.50_0.32_-9.29_24.17_81.36_22.27_23.19_14.25_29.69_0.8745_0.0273_0.0692_-0.4792end2.23_0.93_-9.71_24.17_81.36_22.27_21.37_15.31_30.12_0.8745_0.0273_0.0692_-0.4792end2.57_0.91_-9.64_24.17_81.36_22.27_21.75_14.63_29.19_0.8728_0.0265_0.0728_-0.4819end2.77_0.76_-9.55_24.73_59.53_38.38_21.75_14.63_29.19_0.8728_0.0265_0.0728_-0.4819end2.80_-0.28_-10.19_24.73_59.53_38.38_21.75_14.63_29.19_0.8698_0.0268_0.0806_-0.4861end,0.0,0.0,0.0
2077,2.78_-0.98_-10.37_24.73_59.53_38.38_21.75_14.63_29.19_0.8686_0.0276_0.0840_-0.4876end4.29_-1.35_-9.96_24.73_59.53_38.38_20.62_15.00_29.69_0.8686_0.0276_0.0840_-0.4876end4.76_-0.89_-8.93_6.60_75.20_43.42_20.62_15.00_29.69_0.8686_0.0276_0.0840_-0.4876end4.16_-0.90_-8.66_1.57_61.88_44.65_21.00_13.94_30.94_0.8686_0.0276_0.0840_-0.4876end3.58_-0.83_-8.33_-1.57_58.08_44.76_21.00_13.94_30.94_0.8686_0.0276_0.0840_-0.4876end3.58_-0.83_-8.33_-1.57_67.81_44.43_21.00_13.94_30.94_0.8609_0.0352_0.1013_-0.4974end3.91_-0.01_-8.45_-1.57_67.81_44.43_20.62_13.62_31.37_0.8609_0.0352_0.1013_-0.4974end3.91_-0.01_-8.45_3.13_149.06_40.73_20.62_13.62_31.37_0.8579_0.0399_0.1103,0.0,0.0,0.0
2078,_-0.5002end3.50_0.56_-7.62_3.13_149.06_40.73_20.62_13.62_31.37_0.8561_0.0432_0.1166_-0.5016end5.44_-1.87_-6.46_7.61_188.34_41.41_19.69_14.00_32.31_0.8543_0.0466_0.1235_-0.5027end,0.0,0.0,0.0
2079,,0.0,0.0,0.0
2080,5.44_-1.87_-6.46_10.52_205.35_39.73_19.69_14.00_32.31_0.8501_0.0547_0.1398_-0.5048end3.80_-2.72_-7.94_10.52_205.35_39.73_19.69_14.00_32.31_0.8477_0.0599_0.1498_-0.5054end4.76_-1.32_-8.63_10.63_351.05_30.66_19.69_14.00_32.31_0.8477_0.0599_0.1498_-0.5054end6.54_-0.49_-9.07_10.63_351.05_30.66_19.69_14.00_32.31_0.8372_0.0837_0.1924_-0.5051end7.02_2.28_-9.36_10.63_351.05_30.66_19.69_14.00_32.31_0.8325_0.0941_0.2097_-0.5041end6.64_4.34_-8.08_-14.66_514.21_3.13_12.00_14.06_35.31_0.8325_0.0941_0.2097_-0.5041end6.64_4.34_-8.08_-23.50_514.54_-0.45_12.00_14.06_35.31_0.8218_0.1178_0.2460_-0.5004end6.64_4.34_-8.08_-30.77_496.30_-2.13_9.44_13.38_37.06_0.8218_0.1178_0.2460_-0.5004end6.64_4.34_-8.08_-38.61_462.06_-2.69_9.44_13.38_37.06_0.8101_0.1413_0.2792_-0.4957end6.91_2.32_-6.95_-38.61_462.06_-2.69_9.44_13.38_37.06_0.8043_0.1523_0.2935_-0.4937end,0.0,0.0,0.0
2081,,0.0,0.0,0.0
2082,6.91_2.32_-6.95_-52.60_308.75_-0.45_9.44_13.38_37.06_0.7939_0.1715_0.3170_-0.4897end7.22_0.07_-6.86_-55.73_253.80_0.78_3.00_13.44_37.94_0.7939_0.1715_0.3170_-0.4897end7.22_0.07_-6.86_-55.73_253.80_0.78_1.50_12.44_37.94_0.7823_0.1921_0.3367_-0.4875end7.49_-0.35_-5.84_-52.26_98.14_7.27_1.50_12.44_37.94_0.7798_0.1967_0.3396_-0.4879end7.49_0.07_-6.45_-47.90_62.11_9.51_1.50_12.44_37.94_0.7798_0.1967_0.3396_-0.4879end7.36_0.89_-7.12_-47.90_62.11_9.51_1.50_12.44_37.94_0.7748_0.2053_0.3426_-0.4901end7.48_1.02_-7.36_-33.57_56.06_5.71_-0.31_12.13_36.63_0.7748_0.2053_0.3426_-0.4901end7.48_1.02_-7.36_-33.57_56.06_5.71_-0.31_12.13_36.63_0.7719_0.2103_0.3451_-0.4908,0.0,0.0,0.0
2083,end7.20_0.32_-7.00_-33.57_56.06_5.71_-1.81_12.75_37.44_0.7719_0.2103_0.3451_-0.4908end7.20_0.32_-7.00_-16.11_170.88_-20.48_-1.81_12.75_37.44_0.7681_0.2174_0.3523_-0.4885end,0.0,0.0,0.0
2084,,0.0,0.0,0.0
2085,,0.0,0.0,0.0
2086,7.20_0.32_-7.00_-10.52_221.57_-31.89_-1.81_12.75_37.44_0.7681_0.2174_0.3523_-0.4885end8.66_0.06_-7.96_-5.04_272.27_-44.87_-1.81_12.75_37.44_0.7621_0.2288_0.3660_-0.4826end8.34_-0.43_-7.48_-5.04_272.27_-44.87_-3.94_11.12_37.88_0.7621_0.2288_0.3660_-0.4826end8.34_-0.43_-7.48_14.32_405.77_-80.80_-5.75_11.44_37.94_0.7621_0.2288_0.36,0.0,0.0,0.0
2087,60_-0.4826end8.80_-0.73_-6.98_22.27_435.76_-88.63_-8.25_11.81_37.94_0.7621_0.2288_0.3660_-0.4826end8.80_-0.73_-6.98_22.27_435.76_-88.63_-8.25_11.81_37.94_0.7303_0.2827_0.4389_-0.4406end7.93_-0.67_-5.46_48.34_466.76_-96.24_-8.25_11.81_37.94_0.7236_0.2921_0.4531_-0.4311end7.85_0.14_-5.43_48.34_466.76_-96.24_-11.56_11.50_36.63_0.7236_0.2921_0.4531_-0.4311end9.21_1.75_-4.56_63.67_440.01_-83.59_-11.56_11.50_36.63_0.7097_0.3094_0.4807_-0.4118end9.21_1.75_-4.56_70.61_414.28_-75.09_-14.06_12.19_34.06_0.7097_0.3094_0.4807_-0.4118end9.21_1.75_-4.56_70.61_414.28_-75.09_-14.06_12.19_34.06_0.6902_0.3282_0.5180_-0.3840end10.39_0.90_-2.59_70.61_414.28_-75.09_-17.37_11.50_33.13_0.6902_0.3282_0.5180_-0.3840end10.39_0.90_-2.59_98.14_296.89_-42.52_-17.37_11.50_33.13_0.6902_0.3282_0.5180_-0.3840end10.41_0.66_-2.82_98.14_296.89_-42.52_-17.37_11.50_33.13_0.6794_0.3361_0.5389_-0.3675end10.41_0.66_-2.82_98.14_296.89_-42.52_-22.44_12.81_29.69_0.6652_0.3429_0.5664_-0.3450end9.87_1.47_-4.02_98.14_296.89_-42.52_-22.44_12.81_29.69_0.6605_0.3446_0.5751_-0.3380end9.87_1.47_-4.02_110.00_281.56_-13.76_-23.87_13.13_27.50_0.6605_0.3446_0.5751_-0.3380end9.34_1.55_-3.91_110.00_281.56_-13.76_-26.81_13.50_26.62_0.6500_0.3478_0.5933_-0.3233end9.14_1.45_-3.15_109.78_289.39_-9.06_-26.81_13.50_26.62_0.6384_0.3506_0.6118_-0.3088end9.14_1.45_-3.15_107.99_298.90_2.35_-26.81_13.50_26.62_0.6318_0.3516_0.6216_-0.3011end,0.0,0.0,0.0
2088,,0.0,0.0,0.0
2089,,0.0,0.0,0.0
2090,9.55_1.54_-1.32_107.99_298.90_2.35_-26.81_13.44_25.75_0.6318_0.3516_0.6216_-0.3011end9.55_1.54_-1.32_107.65_300.91_12.65_-26.81_13.44_25.75_0.6185_0.3533_0.6407_-0.2866end9.83_1.96_-0.04_107.65_300.91_12.65_-26.81_13.44_25.75_0.6115_0.3539_0.6500_-0.2797end9.83_1.96_-0.04_105.86_291.51_22.49_-26.81_13.44_25.75_0.6044_0.3541_0.6597_-0.2725end9.79_2.39_0.38_105.86_291.51_22.49_-26.81_13.44_25.75_0.5901_0.3542_0.6776_-0.2592end10.08_1.79_0.75_87.06_275.74_41.52_-26.81_13.44_25.75_0.5901_0.3542_0.6776_-0.2592end11.05_1.27_1.62_87.06_275.74_41.52_-31.12_16.50_17.56_0.5750_0.3542_0.6950_-0.2468end11.05_1.27_1.62_78.56_260.63_46.33_-31.12_16.50_17.56_0.5605_0,0.0,0.0,0.0
2091,.3535_0.7106_-0.2366end9.97_1.94_2.55_78.56_260.63_46.33_-31.12_16.50_17.56_0.5605_0.3535_0.7106_-0.2366end10.00_2.60_2.96_52.71_238.58_56.96_-31.12_16.50_17.56_0.5605_0.3535_0.7106_-0.2366end,0.0,0.0,0.0
2092,,0.0,0.0,0.0
2093,10.00_2.60_2.96_52.71_238.58_56.96_-32.63_17.19_12.31_0.5386_0.3520_0.7319_-0.2243end10.00_2.60_2.96_39.39_251.45_57.18_-32.63_17.19_12.31_0.5305_0.3518_0.7390_-0.2205end10.00_2.60_2.96_32.68_259.96_54.05_-32.63_17.19_12.31_0.5137_0.3519_0.7529_-0.2131end9.12_1.68_4.71_32.68_259.96_54.05_-33.00_18.12_11.44_0.5137_0.3519_0.7529_-0.2131end9.12_1.68_4.71_19.92_274.06_48.12_-33.69_17.12_8.88_0.5137_0.3519_0.7529_-0.2131end9.12_1.68_4.71_0.11_252.91_41.96_-33.69_17.12_8.88_0.4771_0.3548_0.7791_-0.1989end7.58_-2.39_7.57_0.11_252.91_41.96_-33.69_17.12_8.88_0.4680_0.3558_0.7848_-0.1960end7.51_-1.70_7.12_0.11_252.91_41.96_-33.69_17.12_8.88_0.4680_0.3558_0.7848_,0.0,0.0,0.0
2094,-0.1960end7.51_-1.70_7.12_0.11_252.91_41.96_-33.38_19.44_5.00_0.4514_0.3576_0.7947_-0.1918end8.09_0.53_6.43_-24.06_204.79_44.65_-33.38_19.44_5.00_0.4355_0.3593_0.8035_-0.1888end,0.0,0.0,0.0
2095,8.23_0.88_6.23_-24.06_204.79_44.65_-33.38_19.44_5.00_0.4279_0.3602_0.8074_-0.1878end7.78_0.75_6.03_-24.06_204.79_44.65_-33.38_19.44_5.00_0.4279_0.3602_0.8074_-0.1878end7.57_0.26_5.77_-24.06_204.79_44.65_-33.38_19.44_5.00_0.4064_0.3632_0.8174_-0.1867end7.35_0.25_6.10_-24.06_204.79_44.65_-34.81_20.81_2.81_0.4064_0.3632_0.8174_-0.1867end7.35_0.25_6.10_-59.09_131.71_39.39_-34.81_20.81_2.81_0.4001_0.3641_0.8199_-0.1872end7.35_0.25_6.10_-64.57_110.00_39.61_-34.13_20.12_1.94_0.3943_0.3650_0.8221_-0.1882end7.35_0.25_6.10_-69.38_89.19_39.95_-34.13_20.12_1.94_0.3943_0.3650_0.8221_-0.1882end7.35_0.25_6.10_-69.38_89.19_39.95_-33.38_20.81_3.31_0.3894_0.3657_0.8238_-0.1897end7.35_0.25_6.10_-76.32_34.91_33.80_-33.38_20.81_3.31_0.3894_0.3657_0.8238_-0.1897end7.35_0.25_6.10_-76.32_34.91_33.80_-33.38_20.81_3.31_0.3760_0.3675_0.8269_-0.1996end,0.0,0.0,0.0
2096,,0.0,0.0,0.0
2097,7.35_0.25_6.10_-76.32_34.91_33.80_-33.38_20.81_3.31_0.3726_0.3683_0.8265_-0.2057end8.46_-1.91_8.42_-76.32_34.91_33.80_-33.38_20.81_3.31_0.3726_0.3683_0.8265_-0.2057end8.23_-1.89_6.81_-76.32_34.91_33.80_-33.38_20.81_3.31_0.3713_0.3696_0.8251_-0.2117end6.47_-1.86_7.31_-57.97_-1.57_-2.01_-33.38_20.81_3.31_0.3708_0.3704_0.8242_-0.2144end6.47_-1.86_7.31_-56.51_15.11_-4.81_-33.38_20.81_3.31_0.3690_0.3726_0.8229_-0.2186end6.08_-0.68_5.89_-56.51_15.11_-4.81_-33.38_20.81_3.31_0.3672_0.3741_0.8227_-0.2200end6.93_1.12_5.29_-56.51_15.11_-4.81_-33.75_21.19_3.31_0.3672_0.3741_0.8227_-0.2200end6.77_1.36_5.27_-53.83_87.06_-21.15_-33.75_21.19_3.31_0.3672_0.3741_0.8227_,0.0,0.0,0.0
2098,-0.2200end6.77_1.36_5.27_-55.73_137.76_-35.36_-33.75_20.50_2.81_0.3569_0.3812_0.8236_-0.2213end6.77_1.36_5.27_-55.73_137.76_-35.36_-33.75_20.50_2.81_0.3458_0.3882_0.8255_-0.2197end,0.0,0.0,0.0
2099,,0.0,0.0,0.0
2100,4.08_-6.00_4.51_-55.73_137.76_-35.36_-33.75_20.50_2.81_0.3394_0.3923_0.8266_-0.2184end2.69_-7.36_5.04_-55.73_137.76_-35.36_-33.75_20.50_2.81_0.3394_0.3923_0.8266_-0.2184end3.30_-5.27_5.35_-55.73_137.76_-35.36_-33.75_21.50_1.56_0.3394_0.3923_0.8266_-0.2184end3.30_-5.27_5.35_-58.64_110.56_-49.13_-33.75_21.50_1.56_0.3198_0.4047_0.8295_-0.2142end3.30_-5.27_5.35_-58.64_110.56_-49.13_-34.44_20.12_1.50_0.3146_0.4084_0.8298_-0.2135end3.30_-5.27_5.35_-49.46_57.74_-53.49_-34.44_20.12_1.50_0.3106_0.4120_0.8297_-0.2131end3.30_-5.27_5.35_-49.46_57.74_-53.49_-34.44_20.12_1.50_0.3055_0.4183_0.8284_-0.2130end6.01_-1.31_5.69_-37.38_57.41_-61.88_-34.44_20.12_1.50_0.3034_0.4215_0.8277_-0.2126end6.01_-1.31_5.69_-37.38_57.41_-61.88_-34.44_19.06_-1.12_0.2985_0.4286_0.8264_-0.2104end5.46_-2.53_5.98_-37.38_57.41_-61.88_-34.44_19.06_-1.12_0.2954_0.4326_0.8259_-0.2084end,0.0,0.0,0.0
2101,,0.0,0.0,0.0
2102,7.18_-1.82_6.02_-37.38_57.41_-61.88_-34.44_19.06_-1.12_0.2954_0.4326_0.8259_-0.2084end9.33_-2.54_5.18_-8.17_143.80_-96.80_-34.81_18.00_-1.50_0.2954_0.4326_0.8259_-0.2084end8.80_-2.93_3.00_-8.84_166.85_-105.64_-34.81_18.00_-1.50_0.2769_0.4525_0.8253_-0.1937end6.75_1.36_6.71_-8.84_166.85_-105.64_-34.81_18.00_-1.50_0.2691_0.4590_0.8256_-0.1879end4.71_6.24_10.66_-8.84_166.85_-105.64_-35.88_16.62_-4.62_0.2691_0.4590_0.8256_-0.1879end3.45_4.04_11.86_22.16_380.03_-128.58_-35.88_16.62_-4.62_0.2691_0.4590_0.8256_-0.1879end3.45_4.04_11.86_22.16_380.03_-128.58_-35.88_16.62_-4.62_0.2249_0.4873_0.8298_-0.1529end6.11_-0.14_9.88_22.16_380.03_-128.58_-36.56_15.88_-7.2,0.0,0.0,0.0
2103,5_0.2249_0.4873_0.8298_-0.1529end6.11_-0.14_9.88_58.08_511.97_-133.50_-36.56_15.88_-7.25_0.2107_0.4944_0.8315_-0.1407end5.67_-0.96_9.40_58.08_511.97_-133.50_-35.13_15.50_-9.81_0.2107_0.4944_0.8315_-0.1407end,0.0,0.0,0.0
2104,,0.0,0.0,0.0
2105,,0.0,0.0,0.0
2106,1.76_0.62_7.00_66.14_555.16_-136.19_-35.13_15.50_-9.81_0.1588_0.5159_0.8364_-0.0955end1.76_0.62_7.00_66.14_555.16_-136.19_-34.06_14.44_-14.63_0.1588_0.5159_0.8364_-0.0955end1.76_0.62_7.00_69.49_584.04_-117.50_-34.06_14.44_-14.63_0.1011_0.5334_0.8386_-0.0457end2.83_5.05_9.73_50.58_382.61_-71.06_-34.06_14.44_-14.63_0.0865_0.5372_0.8384_-0.0329end3.45_3.54_13.30_50.58_382.61_-71.06_-34.06_14.44_-14.63_0.0763_0.5396_0.8381_-0.0236end3.45_3.54_13.30_31.22_66.70_-10.30_-30.75_11.94_-22.94_0.0763_0.5396_0.8381_-0.0236end2.71_0.26_11.08_24.28_-72.29_17.90_-30.75_11.94_-22.94_0.0726_0.5404_0.8381_-0.0177end2.71_0.26_11.08_16.00_-175.47_40.17_-30.75_11.56_-21.25_0.0726_0.5404_0.8381_-0.0177end2.71_0.26_11.08_16.00_-175.47_40.17_-30.75_11.56_-21.25_0.0945_0.5347_0.8392_-0.0303end2.71_0.26_11.08_0.67_-243.84_73.41_-30.00_11.94_-20.31_0.0945_0.5347_0.8392_-0.0303end,0.0,0.0,0.0
2107,,0.0,0.0,0.0
2108,,0.0,0.0,0.0
2109,2.71_0.26_11.08_0.67_-243.84_73.41_-30.00_11.94_-20.31_0.1119_0.5286_0.8405_-0.0418end4.29_1.32_8.68_0.67_-243.84_73.41_-30.00_11.94_-20.31_0.1234_0.5224_0.8422_-0.0497end4.06_2.46_8.84_0.67_-243.84_73.41_-30.00_11.94_-20.31_0.1234_0.5224_0.8422_-0.0497end4.33_3.74_8.52_0.67_-243.84_73.41_-30.00_11.94_-20.31_0.1281_0.5166_0.8449_-0.0530end4.78_3.67_8.34_10.07_30.10_67.26_-30.00_11.94_-20.31_0.1281_0.5166_0.8449_-0.0530end4.61_3.15_8.08_11.86_74.86_59.87_-30.00_11.94_-20.31_0.1227_0.5098_0.8500_-0.0491end3.02_1.19_8.01_11.86_74.86_59.87_-30.00_11.94_-20.31_0.1180_0.5083_0.8518_-0.0458end2.77_0.44_8.41_11.86_74.86_59.87_-31.50_14.00_-19.44_0.1180_0.5083_0.8518_-0.0458end2.51_0.30_9.16_11.86_74.86_59.87_-31.50_14.00_-19.44_0.1180_0.5083_0.8518_-0.0458end2.34_0.29_9.25_11.86_74.86_59.87_-30.37_13.62_-22.06_0.0979_0.5054_0.8567_-0.0325end,0.0,0.0,0.0
2110,2.34_0.29_9.25_11.86_74.86_59.87_-30.37_13.62_-22.06_0.0836_0.5045_0.8591_-0.0230end1.56_-0.48_9.58_11.86_74.86_59.87_-30.00_13.62_-21.62_0.0836_0.5045_0.8591_-0.0230end1.31_-0.60_9.64_8.84_135.29_7.05_-30.00_13.62_-21.62_0.0836_0.5045_0.8591_-0.0230end2.06_-0.07_10.28_8.84_135.29_7.05_-29.31_13.56_-22.94_0.0836_0.5045_0.8591_-0.0230end2.06_-0.07_10.28_11.53_36.15_-1.12_-29.31_13.56_-22.94_0.0674_0.5037_0.8611_-0.0120end2.06_-0.07_10.28_13.09_13.76_-1.57_-29.31_13.56_-22.94_0.0628_0.5035_0.8617_-0.0082end2.06_-0.07_10.28_16.23_-2.01_-0.90_-29.31_13.56_-22.94_0.0623_0.5035_0.8618_-0.0065end2.06_-0.07_10.28_19.58_-13.65_0.00_-29.00_13.94_-22.87_0.0623_0.5035_0.8618_-0.0065end2.06_-0.07_10.28_19.58_-13.65_0.00_-29.00_13.94_-22.87_0.0656_0.5032_0.8617_-0.0052end1.82_2.32_10.24_19.58_-13.65_0.00_-28.62_13.56_-23.81_0.0671_0.5031_0.8616_-0.0050end,0.0,0.0,0.0
2111,,0.0,0.0,0.0
2112,2.26_1.94_10.01_19.58_-13.65_0.00_-28.62_13.56_-23.81_0.0687_0.5029_0.8616_-0.0049end2.06_1.50_10.09_19.58_-13.65_0.00_-28.62_13.56_-23.81_0.0687_0.5029_0.8616_-0.0049end2.77_3.05_10.20_7.05_-35.59_6.15_-28.62_14.25_-22.87_0.0687_0.5029_0.8616_-0.0049end3.17_3.40_10.24_1.12_-47.90_9.96_-28.62_14.25_-22.87_0.0755_0.5016_0.8618_-0.0074end2.27_2.03_10.33_1.12_-47.90_9.96_-28.62_13.94_-22.87_0.0781_0.5009_0.8619_-0.0093end1.83_-0.34_10.53_1.12_-47.90_9.96_-28.62_13.94_-22.87_0.0811_0.4999_0.8622_-0.0118end2.30_0.48_8.99_1.12_-47.90_9.96_-28.62_13.94_-22.87_0.0811_0.4999_0.8622_-0.0118end1.97_0.37_9.40_-23.28_-60.88_29.88_-28.62_13.94_-22.87_0.0811_0.4999_0.8622_-0.0118end1.87_0.11_9.26_-23.28_-60.88_29.88_-28.62_13.94_-22.87_0.0872_0.4966_0.8633_-0.0187end1.87_0.11_9.26_-23.28_-60.88_29.88_-28.62_13.94_-22.87_0.0867_0.4944_0.8646_-0.0216end,0.0,0.0,0.0
2113,,0.0,0.0,0.0
2114,,0.0,0.0,0.0
2115,2.13_-0.38_8.79_-23.28_-60.88_29.88_-28.62_13.94_-22.87_0.0847_0.4933_0.8654_-0.0222end2.94_-0.33_8.50_-35.47_77.33_30.66_-28.62_13.94_-22.87_0.0847_0.4933_0.8654_-0.0222end2.94_-0.33_8.50_-35.47_77.33_30.66_-29.63_15.00_-22.87_0.0773_0.4913_0.8672_-0.0217end3.21_0.08_8.48_-36.59_125.11_26.41_-29.63_15.00_-22.87_0.0664_0.4896_0.8692_-0.0193end3.23_0.20_8.57_-36.59_125.11_26.41_-28.62_15.69_-22.87_0.0604_0.4889_0.8701_-0.0178end0.81_-1.82_8.01_-36.59_125.11_26.41_-28.62_15.69_-22.87_0.0542_0.4882_0.8709_-0.0164end0.60_-2.19_7.81_-36.59_125.11_26.41_-28.62_15.69_-22.87_0.0479_0.4874_0.8718_-0.0149end1.41_-1.32_8.06_-45.10_163.05_27.42_-28.62_15.69_-22.87_0.0479_0.4874_0.8718_-0.0149end1.41_-1.32_8.06_-47.45_181.62_18.24_-28.62_15.69_-22.87_0.0334_0.4856_0.8735_-0.0114end1.41_-1.32_8.06_-47.45_181.62_18.24_-27.50_15.63_-25.06_0.0175_0.4843_0.8747_-0.0073end,0.0,0.0,0.0
2116,,0.0,0.0,0.0
2117,,0.0,0.0,0.0
2118,1.17_-0.99_7.35_-47.45_181.62_18.24_-27.50_15.63_-25.06_0.0090_0.4839_0.8751_-0.0050end0.54_-1.99_8.37_-47.45_181.62_18.24_-27.50_15.63_-25.06_0.0090_0.4839_0.8751_-0.0050end0.54_-1.99_8.37_-47.45_181.62_18.24_-24.56_16.62_-27.25_0.0109_-0.4839_-0.8751_-0.0010end0.54_-1.99_8.37_-47.11_322.85_-19.47_-24.56_16.62_-27.25_0.0236_-0.4844_-0.8745_-0.0056end0.54_-1.99_8.37_-42.08_433.41_-42.52_-24.56_16.62_-27.25_0.0540_-0.4861_-0.8721_-0.0180end-0.88_-0.35_7.06_-42.08_433.41_-42.52_-23.56_16.94_-28.12_0.0540_-0.4861_-0.8721_-0.0180end-0.88_-0.35_7.06_-40.85_536.70_-63.11_-23.56_16.94_-28.12_0.0928_-0.4886_-0.8668_-0.0353end-1.90_0.88_7.18_-40.85_536.70_-63.1,0.0,0.0,0.0
2119,1_-23.56_16.94_-28.12_0.1147_-0.4899_-0.8630_-0.0453end-1.90_0.88_7.18_-39.50_632.16_-79.01_-16.62_16.56_-30.25_0.1392_-0.4912_-0.8580_-0.0568end-1.90_0.88_7.18_-38.83_667.97_-85.05_-16.62_16.56_-30.25_0.1902_-0.4927_-0.8453_-0.0811end,0.0,0.0,0.0
2120,-5.24_2.21_8.95_-38.83_667.97_-85.05_-16.62_16.56_-30.25_0.2168_-0.4928_-0.8375_-0.0941end-6.57_2.16_10.22_-38.83_667.97_-85.05_-10.44_16.81_-34.56_0.2168_-0.4928_-0.8375_-0.0941end-6.57_2.16_10.22_-20.70_716.76_-86.28_-10.44_16.81_-34.56_0.2444_-0.4926_-0.8282_-0.1080end-6.57_2.16_10.22_-20.70_716.76_-86.28_-10.44_16.81_-34.56_0.3190_-0.4879_-0.7989_-0.1482end-6.57_2.16_10.22_-1.79_588.96_-42.86_-10.44_16.81_-34.56_0.3190_-0.4879_-0.7989_-0.1482end-6.57_2.16_10.22_-1.79_588.96_-42.86_-10.44_16.81_-34.56_0.3597_-0.4821_-0.7803_-0.1713end-7.07_-0.91_7.34_-1.79_588.96_-42.86_-10.44_16.81_-34.56_0.3597_-0.4821_-0.7803_-0.1713end-7.07_-0.91_7.34_-1.79_588.96_-42.86_4.75_16.69_-35.06_0.3936_-0.4746_-0.7637_-0.1911end-7.07_-0.91_7.34_-1.79_588.96_-42.86_4.75_16.69_-35.06_0.4211_-0.4666_-0.7495_-0.2076end-7.41_-0.57_6.34_-1.79_588.96_-42.86_6.56_16.69_-35.06_0.4338_-0.4623_-0.7428_-0.2153end,0.0,0.0,0.0
2121,,0.0,0.0,0.0
2122,,0.0,0.0,0.0
2123,-7.37_-0.47_5.90_-13.32_354.52_17.12_6.56_16.69_-35.06_0.4338_-0.4623_-0.7428_-0.2153end-7.37_-0.47_5.90_-15.78_351.83_17.12_6.56_16.69_-35.06_0.4566_-0.4537_-0.7302_-0.2291end-7.85_-0.11_5.23_-17.57_358.55_15.44_9.81_17.69_-34.13_0.4566_-0.4537_-0.7302_-0.2291end-7.85_-0.11_5.23_-17.57_358.55_15.44_9.81_17.69_-34.13_0.4920_-0.4396_-0.7087_-0.2498end-8.45_1.64_4.06_-17.57_358.55_15.44_11.69_16.37_-33.69_0.4920_-0.4396_-0.7087_-0.2498end-8.45_1.64_4.06_-20.48_424.68_0.34_11.69_16.37_-33.69_0.5188_-0.4290_-0.6905_-0.2647end-9.13_5.86_5.62_-20.48_424.68_0.34_11.69_16.37_-33.69_0.5188_-0.4290_-0.6905_-0.2647end-9.13_5.86_5.62_-21.93_430.39_-9.74_19.31_17.6,0.0,0.0,0.0
2124,9_-30.69_0.5464_-0.4178_-0.6699_-0.2795end-9.13_5.86_5.62_-21.93_430.39_-9.74_19.31_17.69_-30.69_0.5723_-0.4062_-0.6492_-0.2933end-10.77_2.93_2.86_-21.93_430.39_-9.74_19.31_17.69_-30.69_0.5723_-0.4062_-0.6492_-0.2933end,0.0,0.0,0.0
2125,-10.52_-1.76_0.27_-30.10_407.45_1.34_19.31_17.69_-30.69_0.5723_-0.4062_-0.6492_-0.2933end-10.52_-1.76_0.27_-30.10_407.45_1.34_22.81_17.69_-25.50_0.6205_-0.3806_-0.6070_-0.3187end-10.58_-4.49_-2.02_-30.10_407.45_1.34_22.81_17.69_-25.50_0.6348_-0.3725_-0.5934_-0.3258end-10.15_-5.71_-1.60_-30.10_407.45_1.34_22.81_17.69_-25.50_0.634,0.0,0.0,0.0
2126,8_-0.3725_-0.5934_-0.3258end-10.15_-5.71_-1.60_-50.58_645.70_-36.03_22.81_17.69_-25.50_0.6675_-0.3535_-0.5595_-0.3412end-10.15_-5.71_-1.60_-55.39_665.50_-44.31_26.81_17.75_-21.19_0.7007_-0.3328_-0.5208_-0.3563end-9.88_-3.00_-3.09_-55.39_665.50_-44.31_29.37_18.12_-19.00_0.7007_-0.3328_-0.5208_-0.3563end-9.88_-3.00_-3.09_-62.56_64,0.0,0.0,0.0
2127,9.50_-55.62_29.37_18.12_-19.00_0.7327_-0.3106_-0.4808_-0.3682end-9.45_-1.05_-3.28_-62.56_649.50_-55.62_29.37_18.12_-19.00_0.7465_-0.3000_-0.4625_-0.3725end-9.45_-1.05_-3.28_-68.15_509.51_-61.21_31.87_19.25_-11.12_0.7593_-0.2900_-0.4447_-0.3762end,0.0,0.0,0.0
2128,,0.0,0.0,0.0
2129,-9.45_-1.05_-3.28_-68.15_509.51_-61.21_31.87_19.25_-11.12_0.7593_-0.2900_-0.4447_-0.3762end-9.45_-1.05_-3.28_-66.47_371.30_-60.32_33.31_19.25_-7.19_0.7593_-0.2900_-0.4447_-0.3762end-9.93_0.31_-5.23_-66.47_371.30_-60.32_35.56_18.56_-5.06_0.7593_-0.2900_-0.4447_-0.3762end-9.76_0.14_-5.96_-61.77_193.37_-46.89_34.06_20.69_-4.62_0.7593_-0.2900_-0.4447_-0.3762end-9.94_0.31_-7.63_-56.74_170.43_-44.31_34.06_20.69_-4.62_0.8073_-0.2473_-0.3783_-0.3796end-9.77_0.67_-8.99_-56.74_170.43_-44.31_34.06_20.69_-4.62_0.8116_-0.2433_-0.3721_-0.3791end-5.76_-0.40_-7.09_-56.74_170.43_-44.31_34.06_20.69_-4.62_0.8163_-0.2391_-0.3644_-0.3790end-5.76_-0.40_-7.09_-56.74_170.43_-44.31_33.69_21.06_-2.87_0.8215_-0.2349_-0.3555_-0.3790end-5.76_-0.40_-7.09_-6.04_331.80_-70.84_33.69_21.06_-2.87_0.8272_-0.2303_-0.3447_-0.3793end-5.76_-0.40_-7.09_-6.04_331.80_-70.84_34.44_21.44_0.62_0.8331_-0.2258_-0.3329_-0.3798end,0.0,0.0,0.0
2130,,0.0,0.0,0.0
2131,,0.0,0.0,0.0
2132,-5.76_-0.40_-7.09_-2.35_354.63_-72.29_34.44_21.44_0.62_0.8455_-0.2157_-0.3055_-0.3812end-5.76_-0.40_-7.09_1.45_391.33_-71.51_34.06_21.81_1.94_0.8455_-0.2157_-0.3055_-0.3812end-5.76_-0.40_-7.09_2.13_397.38_-70.05_34.06_21.81_1.94_0.8574_-0.2048_-0.2756_-0.3833end-3.59_-3.46_-5.91_2.13_397.38_-70.05_34.06_21.81_1.94_0.8632_-0.1992_-0.2601_-0.3841end-3.59_-3.46_-5.91_-0.78_284.69_-58.53_33.69_21.87_6.31_0.8632_-0.1992_-0.2601_-0.3841end-3.59_-3.46_-5.91_-0.78_284.69_-58.53_33.69_21.87_6.31_0.8760_-0.1856_-0.2241_-0.3847end-2.25_-3.20_-7.00_-0.78_284.69_-58.53_33.69_21.87_6.31_0.8760_-0.1856_-0.2241_-0.3847end-2.25_-3.20_-7.00_-0.78_284.69_-58.53_32.56_22.56_9.81_0.8805_-0.1801_-0.2123_-0.3837end-2.86_-2.64_-7.48_-31.89_42.52_-19.14_32.56_22.56_9.81_0.8817_-0.1781_-0.2100_-0.3831end-2.86_-2.64_-7.48_-50.02_4.25_-5.04_32.56_22.56_9.81_0.8817_-0.1781_-0.2100_-0.3831end,0.0,0.0,0.0
2133,-2.83_-2.94_-8.18_-50.02_4.25_-5.04_32.56_22.56_9.81_0.8837_-0.1722_-0.2104_-0.3811end-2.83_-2.94_-8.18_-66.47_54.50_0.67_32.56_22.56_9.81_0.8837_-0.1722_-0.2104_-0.3811end-2.83_-2.94_-8.18_-66.47_54.50_0.67_32.56_22.56_9.81_0.8875_-0.1597_-0.2039_-0.3811end-3.11_-3.46_-11.10_-95.90_258.28_-3.36_32.56_22.56_9.81_0.8901_-0.1526_-0.1971_-0.3817end-0.50_-3.89_-9.44_-95.90_258.28_-3.36_32.56_22.56_9.81_0.8934_-0.1436_-0.1870_-0.3825end2.08_-1.43_-5.52_-95.90_258.28_-3.36_32.56_22.56_9.81_0.8972_-0.1333_-0.1743_-0.3834end0.85_-0.73_-5.83_-117.95_437.44_-25.40_32.56_22.56_9.81_0.8972_-0.1333_-0.1743_-0.3834end0.07_0.47_-4.79_-124.77_441.24_-30.33_32.56_22.56,0.0,0.0,0.0
2134,_9.81_0.8972_-0.1333_-0.1743_-0.3834end0.07_0.47_-4.79_-133.95_365.60_-28.65_32.56_22.56_9.81_0.8972_-0.1333_-0.1743_-0.3834end0.07_0.47_-4.79_-133.95_365.60_-28.65_28.25_22.06_18.44_0.9119_-0.0864_-0.1163_-0.3840end,0.0,0.0,0.0
2135,,0.0,0.0,0.0
2136,0.07_0.47_-4.79_-127.91_232.43_-19.92_28.25_22.06_18.44_0.9144_-0.0756_-0.1050_-0.3835end0.07_0.47_-4.79_-127.91_232.43_-19.92_25.69_21.06_22.81_0.9182_-0.0560_-0.0873_-0.3822end0.07_0.47_-4.79_-127.91_232.43_-19.92_25.69_21.06_22.81_0.9208_-0.0396_-0.0746_-0.3809end-2.29_2.34_-11.46_-127.91_232.43_-19.92_25.69_21.06_22.81_0.9217_-0.0324_-0.0692_-0.3802end-2.64_2.91_-9.73_-127.91_232.43_-19.92_25.69_21.06_22.81_0.9217_-0.0324_-0.0692_-0.3802end-1.70_2.20_-10.91_-127.91_232.43_-19.92_25.00_20.44_25.37_0.9234_-0.0156_-0.0547_-0.3795end-1.93_1.93_-11.32_-33.68_100.49_11.75_25.00_20.44_25.37_0.9236_-0.0120_-0.0510_-0.3799end-1.93_1.93_-11.32_-33.68_100.49_,0.0,0.0,0.0
2137,11.75_24.63_19.69_24.50_0.9235_-0.0095_-0.0480_-0.3805end-1.37_1.46_-11.96_-5.37_40.85_27.64_24.63_19.69_24.50_0.9232_-0.0080_-0.0458_-0.3815end-1.37_1.46_-11.96_6.04_-1.34_36.59_23.56_19.37_26.25_0.9232_-0.0080_-0.0458_-0.3815end,0.0,0.0,0.0
2138,-1.37_1.46_-11.96_14.88_-39.73_45.77_23.56_19.37_26.25_0.9219_-0.0082_-0.0458_-0.3845end-0.17_-0.03_-12.36_14.88_-39.73_45.77_22.81_19.75_26.69_0.9219_-0.0082_-0.0458_-0.3845end-0.17_-0.03_-12.36_22.27_-64.23_54.83_22.81_19.75_26.69_0.9185_-0.0142_-0.0521_-0.3916end0.35_0.59_-10.29_43.20_-56.74_73.52_22.81_19.75_26.69_0.9185_-0.0142_-0.0521_-0.3916end0.35_0.59_-10.29_53.38_-3.02_78.33_22.81_19.75_26.69_0.9142_-0.0214_-0.0551_-0.4009end0.67_0.61_-11.68_53.38_-3.02_78.33_22.81_19.75_26.69_0.9128_-0.0230_-0.0536_-0.4042end0.69_0.98_-10.71_53.38_-3.02_78.33_22.81_19.75_26.69_0.9128_-0.0230_-0.0536_-0.4042end0.37_0.08_-9.25_58.19_99.15_86.50_22.81_19.75_26.,0.0,0.0,0.0
2139,69_0.9128_-0.0230_-0.0536_-0.4042end0.38_-0.85_-8.80_60.21_141.23_93.22_24.25_19.00_25.37_0.9128_-0.0230_-0.0536_-0.4042end0.09_-1.28_-8.57_59.20_156.89_96.35_24.25_19.00_25.37_0.9053_-0.0242_-0.0279_-0.4231end,0.0,0.0,0.0
2140,,0.0,0.0,0.0
2141,0.09_-1.28_-8.57_59.20_156.89_96.35_24.63_18.69_25.37_0.9036_-0.0234_-0.0206_-0.4272end0.21_-2.19_-8.48_59.20_156.89_96.35_24.63_18.69_25.37_0.9018_-0.0222_-0.0131_-0.4315end1.05_-2.63_-8.37_59.20_156.89_96.35_24.63_18.69_25.37_0.9018_-0.0222_-0.0131_-0.4315end1.05_-2.63_-8.37_59.20_156.89_96.35_24.63_18.69_25.37_0.8956_-0.0175_0.0076_-0.4445end1.95_-3.25_-8.53_59.20_156.89_96.35_23.94_18.69_28.00_0.8956_-0.0175_0.0076_-0.4445end2.01_-3.17_-8.27_3.02_132.83_101.50_23.94_18.69_28.00_0.8913_-0.0131_0.0188_-0.4529end2.01_-3.17_-8.27_-4.92_138.20_96.69_23.94_18.69_28.00_0.8892_-0.0105_0.0239_-0.4568end1.19_-2.03_-9.59_-4.92_138.20_96.69_23.94_18.69_28.00_0.8871_-0.0074_0.0294_-0.4605end1.19_-2.03_-9.59_-24.62_228.74_73.75_23.94_18.69_28.00_0.8832_0.0016_0.0435_-0.4670end1.19_-2.03_-9.59_-29.54_270.48_63.90_23.19_17.37_27.94_0.8832_0.0016_0.0435_-0.4670end,0.0,0.0,0.0
2142,,0.0,0.0,0.0
2143,0.52_1.05_-9.93_-29.54_270.48_63.90_23.19_17.37_27.94_0.8793_0.0145_0.0629_-0.4719end-0.54_1.44_-10.78_-32.12_400.73_35.14_23.19_17.37_27.94_0.8793_0.0145_0.0629_-0.4719end-0.54_1.44_-10.78_-34.69_443.93_22.83_23.19_17.37_27.94_0.8749_0.0314_0.0888_-0.4749end1.30_1.17_-11.55_-34.69_443.93_22.83_23.19_17.37_27.94_0.8725_0.0412_0.1041_-0.4756end1.30_1.17_-11.55_-39.50_513.98_-4.03_23.19_17.37_27.94_0.8698_0.0524_0.1215_-0.4755end1.30_1.17_-11.55_-39.50_513.98_-4.03_23.19_17.37_27.94_0.8635_0.0764_0.1580_-0.4730end3.36_3.36_-9.73_-39.50_513.98_-4.03_15.25_14.75_34.88_0.8635_0.0764_0.1580_-0.4730end3.36_3.36_-9.73_-48.79_483.66_-35.03_15.25_14.75_34.88_0.8,0.0,0.0,0.0
2144,635_0.0764_0.1580_-0.4730end3.36_3.36_-9.73_-48.79_483.66_-35.03_10.94_15.44_35.81_0.8499_0.1221_0.2219_-0.4622end5.17_1.47_-5.39_-50.25_210.38_-31.33_10.94_15.44_35.81_0.8475_0.1299_0.2305_-0.4601end,0.0,0.0,0.0
2145,,0.0,0.0,0.0
2146,3.67_-1.22_-7.77_-50.25_210.38_-31.33_10.94_15.44_35.81_0.8460_0.1354_0.2357_-0.4587end3.21_-1.11_-10.40_-39.06_88.41_-25.85_10.94_15.44_35.81_0.8460_0.1354_0.2357_-0.4587end3.61_-0.79_-10.37_-39.06_88.41_-25.85_6.94_14.81_36.19_0.8444_0.1428_0.2407_-0.4567end3.61_-0.79_-10.37_-33.12_67.37_-26.07_6.94_14.81_36.19_0.8435_0.1485_0.2441_-0.4548end4.44_-1.28_-11.45_-33.12_67.37_-26.07_6.94_14.81_36.19_0.8430_0.1512_0.2460_-0.4538end4.74_0.12_-11.20_-22.49_78.00_-24.84_6.94_14.81_36.19_0.8425_0.1540_0.2482_-0.4526end4.74_0.12_-11.20_-19.02_96.13_-22.60_5.81_14.13_37.06_0.8425_0.1540_0.2482_-0.4526end4.74_0.12_-11.20_-19.02_96.13_-22.60_5.81_14.13_37.06_0.8397_0.1633_0.2592_-0.4485end5.93_0.46_-10.95_-19.02_96.13_-22.60_5.81_14.13_37.06_0.8397_0.1633_0.2592_-0.4485end5.71_0.88_-10.29_-19.02_96.13_-22.60_3.62_13.81_39.25_0.8397_0.1633_0.2592_-0.4485end,0.0,0.0,0.0
2147,,0.0,0.0,0.0
2148,,0.0,0.0,0.0
2149,6.45_1.30_-10.35_-19.02_96.13_-22.60_3.62_13.81_39.25_0.8285_0.1855_0.2960_-0.4377end7.48_1.33_-10.09_-19.02_96.13_-22.60_0.75_15.19_37.94_0.8240_0.1932_0.3094_-0.4337end8.87_0.54_-8.13_4.48_441.69_-35.81_-0.31_14.13_36.69_0.8187_0.2015_0.3242_-0.4290end8.87_0.54_-8.13_8.17_469.78_-41.85_-0.31_14.13_36.69_0.8127_0.2106_0.3405_-0.4234end8.87_0.54_-8.13_8.17_469.78_-41.85_-0.31_14.13_36.69_0.7995_0.2288_0.3740_-0.4106end8.74_1.33_-5.91_8.17_469.78_-41.85_-0.31_14.13_36.69_0.7995_0.2288_0.3740_-0.4106end8.74_1.33_-5.91_23.05_504.70_-54.50_-0.31_14.13_36.69_0.7845_0.2470_0.4087_-0.3956end8.46_1.80_-5.80_23.05_504.70_-54.50_-0.31_14.13_36.69_0.7767_0.2555_0,0.0,0.0,0.0
2150,.4253_-0.3880end7.93_1.33_-5.15_38.38_481.64_-51.03_-0.31_14.13_36.69_0.7689_0.2634_0.4415_-0.3801end8.11_1.13_-4.87_38.38_481.64_-51.03_-0.31_14.13_36.69_0.7689_0.2634_0.4415_-0.3801end,0.0,0.0,0.0
2151,8.21_0.54_-3.85_38.38_481.64_-51.03_-0.31_14.13_36.69_0.7527_0.2776_0.4725_-0.3648end8.34_-0.32_-3.44_38.38_481.64_-51.03_-0.31_14.13_36.69_0.7376_0.2883_0.4997_-0.3509end8.34_-0.32_-3.44_57.52_327.21_-8.84_-19.19_14.50_31.00_0.7376_0.2883_0.4997_-0.3509end8.34_-0.32_-3.44_59.09_289.39_0.56_-19.19_14.50_31.00_0.7191_0.2974_0.5310_-0.3355end9.94_-0.31_-2.88_59.09_289.39_0.56_-19.87_14.50_30.56_0.7138_0.2989_0.5397_-0.3314end10.38_0.59_-2.79_59.09_289.39_0.56_-19.87_14.50_30.56_0.7091_0.2999_0.5474_-0.3279end11.04_1.33_-2.62_63.11_202.44_23.72_-19.87_14.50_30.56_0.7091_0.2999_0.5474_-0.3279end11.04_1.33_-2.62_64.57_194.94_26.86_-21.37_16.25_28.87_0.7091_0.2999_0.5474_-0.3279end11.25_2.43_-0.66_65.69_187.89_29.32_-21.37_16.25_28.87_0.7091_0.2999_0.5474_-0.3279end11.25_2.43_-0.66_68.26_176.70_37.94_-21.37_16.25_28.87_0.6876_0.3004_0.5827_-0.3122end,0.0,0.0,0.0
2152,,0.0,0.0,0.0
2153,11.25_2.43_-0.66_66.70_178.27_42.30_-24.25_16.62_27.56_0.6876_0.3004_0.5827_-0.3122end10.90_1.46_-0.40_63.90_179.72_44.43_-24.25_16.62_27.56_0.6876_0.3004_0.5827_-0.3122end10.90_1.46_-0.40_58.30_183.75_44.31_-25.00_17.25_25.37_0.6788_0.2994_0.5961_-0.3069end10.71_-0.80_0.00_54.39_183.53_43.98_-25.00_17.25_25.37_0.6695_0.2985_0.6097_-0.3018end10.50_-1.79_-0.14_54.39_183.53_43.98_-25.00_17.25_25.37_0.6600_0.2979_0.6226_-0.2968end10.12_-2.34_-0.13_54.39_183.53_43.98_-26.81_18.62_24.56_0.6600_0.2979_0.6226_-0.2968end9.14_-2.90_-0.08_54.39_183.53_43.98_-26.81_18.62_24.56_0.6451_0.2981_0.6407_-0.2905end7.99_-2.67_0.43_54.39_183.53_43.98_-26.44_18.94_22.37_0.6401_0.2986_0.6464_-0.2886end8.15_-2.41_0.39_54.39_183.53_43.98_-26.81_19.62_20.62_0.6345_0.2994_0.6525_-0.2866end8.15_-2.41_0.39_14.10_211.28_28.87_-26.81_19.62_20.62_0.6285_0.3007_0.6585_-0.2845end,0.0,0.0,0.0
2154,,0.0,0.0,0.0
2155,,0.0,0.0,0.0
2156,8.15_-2.41_0.39_8.73_229.30_21.60_-27.19_19.94_21.06_0.6285_0.3007_0.6585_-0.2845end8.15_-2.41_0.39_-1.01_265.66_3.69_-27.19_19.94_21.06_0.6147_0.3049_0.6718_-0.2792end8.15_-2.41_0.39_-1.01_265.66_3.69_-27.19_19.94_21.06_0.5991_0.3110_0.6857_-0.2724end8.15_-2.41_0.39_-8.84_298.56_-17.79_-27.19_19.94_21.06_0.5905_0.3149_0.6929_-0.2684end7.09_-2.46_2.70_-8.84_298.56_-17.79_-27.19_19.94_21.06_0.5811_0.3196_0.7004_-0.2637end7.15_-2.49_3.16_-13.76_319.04_-42.08_-27.19_19.94_21.06_0.5623_0.3299_0.7146_-0.2536end7.04_-2.42_3.36_-13.76_319.04_-42.08_-27.19_19.94_21.06_0.5526_0.3358_0.7216_-0.2477end6.59_-2.16_3.80_-13.76_319.04_-42.08_-27.19_19.94_21.06_0.5433,0.0,0.0,0.0
2157,_0.3417_0.7278_-0.2418end6.38_-1.97_4.18_-13.76_319.04_-42.08_-31.50_19.25_15.44_0.5253_0.3545_0.7390_-0.2287end5.37_-1.81_4.43_-13.76_319.04_-42.08_-31.50_19.25_15.44_0.5162_0.3616_0.7443_-0.2212end,0.0,0.0,0.0
2158,,0.0,0.0,0.0
2159,4.77_-1.35_5.11_-13.76_319.04_-42.08_-33.75_18.50_11.94_0.5162_0.3616_0.7443_-0.2212end4.14_-1.09_5.05_10.07_303.49_-148.72_-34.44_16.81_9.31_0.5162_0.3616_0.7443_-0.2212end4.14_-1.09_5.05_18.69_294.76_-156.44_-34.44_16.81_9.31_0.4906_0.3833_0.7576_-0.1963end4.14_-1.09_5.05_27.42_275.29_-161.14_-36.19_16.81_8.00_0.4906_0.3833_0.7576_-0.1963end4.14_-1.09_5.05_40.51_207.14_-162.49_-36.19_16.81_8.00_0.4706_0.4033_0.7661_-0.1701end5.05_3.19_4.02_43.53_162.38_-158.35_-36.19_16.81_8.00_0.4634_0.4145_0.7678_-0.1548end5.45_4.02_3.38_43.20_86.95_-144.36_-36.19_16.81_8.00_0.4634_0.4145_0.7678_-0.1548end5.87_4.13_3.18_43.20_86.95_-144.36_-36.19_16.81_8.00_0.4609_,0.0,0.0,0.0
2160,0.4235_0.7668_-0.1426end7.05_4.52_4.37_43.20_86.95_-144.36_-36.19_16.81_8.00_0.4609_0.4235_0.7668_-0.1426end7.18_4.56_4.90_43.20_86.95_-144.36_-36.19_16.81_8.00_0.4609_0.4235_0.7668_-0.1426end,0.0,0.0,0.0
2161,,0.0,0.0,0.0
2162,7.47_4.36_5.03_36.82_18.46_-103.40_-36.19_16.81_8.00_0.4625_0.4368_0.7614_-0.1256end7.82_4.00_5.18_36.82_18.46_-103.40_-36.19_16.81_8.00_0.4625_0.4368_0.7614_-0.1256end8.41_3.91_5.37_36.82_18.46_-103.40_-36.19_16.81_8.00_0.4632_0.4418_0.7591_-0.1184end8.75_3.91_5.79_31.89_40.17_-83.15_-36.19_16.81_8.00_0.4632_0.4418_0.7591_-0.1184end8.75_3.91_5.79_29.32_41.74_-76.32_-39.13_11.25_2.25_0.4632_0.4418_0.7591_-0.1184end8.75_3.91_5.79_27.75_36.03_-69.72_-39.13_11.25_2.25_0.4623_0.4482_0.7574_-0.1082end8.75_3.91_5.79_21.82_1.68_-55.62_-39.13_11.25_2.25_0.4625_0.4515_0.7560_-0.1031end8.75_3.91_5.79_17.01_-29.10_-48.68_-39.13_11.25_2.25_0.4625_0.4515_0.7560_-0.1031end8.75_3.91_5.79_11.53_-66.58_-40.51_-39.13_11.25_2.25_0.4656_0.4537_0.7531_-0.1013end10.03_3.79_6.84_11.53_-66.58_-40.51_-39.13_11.25_2.25_0.4730_0.4547_0.7476_-0.1037end,0.0,0.0,0.0
2163,9.52_3.72_7.07_11.53_-66.58_-40.51_-39.13_10.56_4.00_0.4781_0.4546_0.7439_-0.1064end9.38_3.27_6.48_11.53_-66.58_-40.51_-39.13_10.56_4.00_0.4842_0.4542_0.7397_-0.1100end9.06_2.43_5.67_11.53_-66.58_-40.51_-39.13_10.56_4.00_0.4842_0.4542_0.7397_-0.1100end8.91_1.88_5.75_-22.38_-211.95_9.29_-39.13_10.56_4.00_0.4842_0.4542_0.7397_-0.1100end9.01_0.93_5.26_-22.38_-211.95_9.29_-39.13_10.56_4.00_0.5031_0.4517_0.7264_-0.1237end9.01_0.93_5.26_-22.38_-211.95_9.29_-39.13_9.88_7.06_0.5146_0.4498_0.7175_-0.1339end9.53_-0.09_4.29_-22.38_-211.95_9.29_-39.13_9.88_7.06_0.5194_0.4492_0.7136_-0.1389end9.44_-0.79_2.84_-22.38_-211.95_9.29_-38.38_9.94_10.06_0.5194_0.4492_0.713,0.0,0.0,0.0
2164,6_-0.1389end9.12_-0.49_2.22_-22.38_-211.95_9.29_-38.38_9.94_10.06_0.5194_0.4492_0.7136_-0.1389end9.12_-0.49_2.22_-71.73_-56.18_-3.47_-38.38_9.94_10.06_0.5297_0.4507_0.7014_-0.1559end,0.0,0.0,0.0
2165,,0.0,0.0,0.0
2166,9.16_0.61_3.11_-71.73_-56.18_-3.47_-38.38_9.94_11.38_0.5295_0.4522_0.7000_-0.1587end8.66_2.58_4.31_-75.54_18.02_-13.76_-38.38_9.94_11.38_0.5295_0.4522_0.7000_-0.1587end8.66_2.58_4.31_-75.54_18.02_-13.76_-37.25_9.25_10.50_0.5281_0.4542_0.6992_-0.1606end8.66_2.58_4.31_-71.51_146.48_-27.19_-37.25_9.25_10.50_0.5167_0.4629_0.7020_-0.1611end8.03_3.06_3.92_-71.51_146.48_-27.19_-37.25_8.50_9.63_0.5167_0.4629_0.7020_-0.1611end8.03_3.06_3.92_-65.13_239.81_-33.35_-37.25_8.50_9.63_0.5023_0.4705_0.7085_-0.1560end7.43_2.21_4.95_-65.13_239.81_-33.35_-37.25_8.50_9.63_0.5023_0.4705_0.7085_-0.1560end7.46_2.21_5.57_-65.13_239.81_-33.35_-37.25_8.50_9.63_0.4714_0.4833_0.72,0.0,0.0,0.0
2167,42_-0.1409end7.47_2.46_6.02_-65.13_239.81_-33.35_-38.00_8.13_8.31_0.4584_0.4879_0.7307_-0.1341end7.83_2.87_7.07_-65.13_239.81_-33.35_-38.00_8.13_8.31_0.4584_0.4879_0.7307_-0.1341end,0.0,0.0,0.0
2168,,0.0,0.0,0.0
2169,7.70_3.16_7.61_-51.03_408.01_-33.80_-38.00_8.13_8.31_0.4584_0.4879_0.7307_-0.1341end7.70_3.16_7.61_-44.43_405.55_-27.64_-38.00_8.13_8.31_0.4167_0.5004_0.7507_-0.1112end7.70_3.16_7.61_-44.43_405.55_-27.64_-39.13_8.38_-0.81_0.4026_0.5041_0.7571_-0.1033end7.70_3.16_7.61_-41.52_394.80_-23.84_-39.13_8.38_-0.81_0.3887_0.5073_0.7632_-0.0956end7.70_3.16_7.61_-39.06_381.04_-19.36_-40.19_7.06_-3.06_0.3887_0.5073_0.7632_-0.0956end7.70_3.16_7.61_-26.30_353.06_-13.65_-40.19_7.06_-3.06_0.3484_0.5153_0.7795_-0.0733end7.57_2.78_9.26_-26.30_353.06_-13.65_-38.00_8.69_-6.00_0.3358_0.5173_0.7844_-0.0662end7.40_2.73_9.72_-26.30_353.06_-13.65_-39.44_7.25_-8.25_0.3107_0.5203,0.0,0.0,0.0
2170,_0.7938_-0.0514end6.61_2.53_9.93_-26.30_353.06_-13.65_-39.44_7.25_-8.25_0.3107_0.5203_0.7938_-0.0514end5.57_2.30_10.27_-7.27_308.52_-0.90_-39.44_7.25_-8.25_0.3107_0.5203_0.7938_-0.0514end,0.0,0.0,0.0
2171,5.57_2.30_10.27_-3.80_286.26_5.71_-37.25_8.63_-12.13_0.3107_0.5203_0.7938_-0.0514end5.57_2.30_10.27_0.00_229.07_19.14_-37.25_8.63_-12.13_0.2673_0.5226_0.8092_-0.0247end5.57_2.30_10.27_0.00_229.07_19.14_-37.25_8.63_-12.13_0.2587_0.5222_0.8124_-0.0194end5.57_2.30_10.27_-0.56_193.60_25.07_-37.63_7.87_-14.31_0.2587_0.5222_0.8124_-0.0194end5.57_2.30_10.27_1.23_132.94_35.36_-37.63_7.87_-14.31_0.2396_0.5195_0.8201_-0.0081end4.65_2.50_9.49_1.23_111.79_39.61_-37.63_7.87_-14.31_0.2314_0.5167_0.8243_-0.0036end4.04_2.43_8.93_1.23_111.79_39.61_-37.63_7.87_-14.31_0.2280_0.5151_0.8263_-0.0018end4.64_3.55_8.60_1.23_111.79_39.61_-34.38_8.50_-16.50_0.2245_0.5134_0.8283_-0.0002end4.42_3.74_7.44_-5.82_117.50_49.57_-34.38_8.50_-16.50_0.2245_0.5134_0.8283_-0.0002end4.22_3.42_8.34_-5.82_117.50_49.57_-34.00_8.88_-17.37_0.2245_0.5134_0.8283_-0.0002end,0.0,0.0,0.0
2172,,0.0,0.0,0.0
2173,4.84_3.09_7.24_-1.68_162.04_43.98_-34.00_8.88_-17.37_0.2035_0.5065_0.8378_0.0103end4.61_2.78_6.98_-1.68_162.04_43.98_-34.00_8.88_-17.37_0.1956_0.5053_0.8404_0.0146end2.85_1.78_8.27_-1.68_162.04_43.98_-34.00_8.88_-17.37_0.1956_0.5053_0.8404_0.0146end2.59_1.92_7.89_2.57_324.30_7.50_-32.56_8.81_-21.25_0.1956_0.5053_0.8404_0.0146end2.59_1.92_7.89_11.19_407.90_-5.82_-32.56_8.81_-21.25_0.1480_0.5024_0.8508_0.0432end2.38_2.34_7.42_11.19_407.90_-5.82_-31.06_10.19_-23.44_0.1480_0.5024_0.8508_0.0432end2.38_2.34_7.42_18.46_475.04_-14.66_-31.06_10.19_-23.44_0.1326_0.5017_0.8531_0.0530end2.38_2.34_7.42_18.46_475.04_-14.66_-31.06_10.19_-23.44_0.0978_0.4999_0.8572_0.,0.0,0.0,0.0
2174,0753end2.38_2.34_7.42_22.38_507.60_-13.76_-31.06_10.19_-23.44_0.0796_0.4986_0.8588_0.0870end-0.69_3.06_8.76_22.38_507.60_-13.76_-31.06_10.19_-23.44_0.0422_0.4948_0.8609_0.1107end,0.0,0.0,0.0
2175,,0.0,0.0,0.0
2176,,0.0,0.0,0.0
2177,-0.53_3.12_9.59_22.38_507.60_-13.76_-31.06_10.19_-23.44_0.0422_0.4948_0.8609_0.1107end-0.53_3.12_9.59_10.74_442.14_10.18_-22.37_8.94_-32.06_0.0422_0.4948_0.8609_0.1107end-0.55_3.36_10.11_10.74_442.14_10.18_-22.37_8.94_-32.06_0.0422_0.4948_0.8609_0.1107end-1.05_2.52_9.13_1.23_373.32_22.27_-22.37_8.94_-32.06_0.0227_-0.4832_-0.8623,0.0,0.0,0.0
2178,,0.0,0.0,0.0
2179,_-0.1497end-1.05_2.52_9.13_1.23_373.32_22.27_-22.37_8.94_-32.06_0.0361_-0.4799_-0.8624_-0.1573end-1.05_2.52_9.13_-3.58_348.70_31.56_-17.31_8.88_-34.69_0.0361_-0.4799_-0.8624_-0.1573end-1.89_3.20_9.56_-4.70_352.39_32.68_-17.31_8.88_-34.69_0.0361_-0.4799_-0.8624_-0.1573end-2.43_1.54_8.32_-4.70_352.39_32.68_-17.31_8.88_-34.69_0.1041_-0.4597_-0.8603_-0.1945end-3.07_1.41_8.24_-4.70_352.39_32.68_-17.31_8.88_-34.69_0.1190_-0.4550_-0.8590_-0.2023end-3.07_1.41_8.24_-4.70_352.39_32.68_-9.69_9.50_-37.75_0.1345_-0.4500_-0.8574_-0.2103end-3.07_1.41_8.24_-4.70_352.39_32.68_-9.69_9.50_-37.75_0.1661_-0.4393_-0.8535_-0.2260end-4.12_1.73_8.19_-4.70_352.39_32.68_-6.44_10.50_-39.94_0.1661_-0.4393_-0.8535_-0.2260end-4.12_1.73_8.19_-28.87_375.78_36.71_-6.44_10.50_-39.94_0.1954_-0.4285_-0.8491_-0.2395end-4.58_1.94_7.82_-28.87_375.78_36.71_-6.44_10.50_-39.94_0.2094_-0.4228,0.0,0.0,0.0
2180,_-0.8469_-0.2455end-5.92_3.95_7.89_-37.04_326.43_42.52_-6.44_10.50_-39.94_0.2219_-0.4173_-0.8448_-0.2508end-5.92_3.95_7.89_-40.85_316.92_44.76_-1.75_10.13_-39.44_0.2338_-0.4118_-0.8429_-0.2555end-4.38_3.74_5.14_-40.85_316.92_44.76_0.13_9.44_-38.13_0.2458_-0.4061_-0.8408_-0.2603end-5.92_1.73_4.27_-45.43_334.26_35.92_0.13_9.44_-38.13_0.2458_-0.4061_-0.8408_-0.2603end-5.92_1.73_4.27_-45.43_334.26_35.92_4.81_11.19_-36.81_0.2826_-0.3889_-0.8331_-0.2737end-5.92_1.73_4.27_-51.25_338.52_28.98_4.81_11.19_-36.81_0.2957_-0.3829_-0.8298_-0.2780end,0.0,0.0,0.0
2181,-9.30_-0.92_5.98_-51.81_334.82_29.77_4.81_11.19_-36.81_0.3204_-0.3713_-0.8232_-0.2859end-9.30_-0.92_5.98_-52.82_316.13_36.71_7.75_11.19_-36.44_0.3204_-0.3713_-0.8232_-0.2859end-9.30_-0.92_5.98_-52.82_316.13_36.71_9.50_11.81_-37.25_0.3327_-0.3651_-0.8198_-0.2898end-9.30_-0.92_5.98_-55.95_282.90_46.66_9.50_11.81_-37.25_0.3546_-0.3528_-0.8136_-0.2964end-9.30_-0.92_5.98_-57.18_264.55_51.59_10.94_11.50_-36.81_0.3737_-0.3406_-0.8081_-0.3022end-9.30_-0.92_5.98_-55.39_229.74_63.45_13.19_12.13_-35.50_0.3737_-0.3406_-0.8081_-0.3022end-5.75_1.37_7.26_-50.69_215.31_67.59_13.19_12.13_-35.50_0.3737_-0.3406_-0.8081_-0.3022end-5.75_1.37_7.26_-50.69_215.31_67.59_13.19_12.13_-35.50_0.4038_-0.3162_-0.7996_-0.3124end-6.97_2.26_2.22_-50.69_215.31_67.59_13.19_12.13_-35.50_0.4111_-0.3099_-0.7971_-0.3155end-7.93_2.36_2.42_-31.45_264.66_78.00_13.19_12.13_-35.50_0.4111_-0.3099_-0.7971_-0.3155end,0.0,0.0,0.0
2182,,0.0,0.0,0.0
2183,-8.40_1.90_2.30_-31.45_264.66_78.00_17.87_11.81_-33.31_0.4111_-0.3099_-0.7971_-0.3155end-8.28_1.70_1.56_-28.42_296.10_81.36_17.87_11.81_-33.31_0.4111_-0.3099_-0.7971_-0.3155end-8.28_1.70_1.56_-28.87_360.45_87.29_17.87_11.81_-33.31_0.4490_-0.2795_-0.7808_-0.3326end-8.28_1.70_1.56_-28.87_360.45_87.29_19.69_11.50_-32.06_0.4610_-0.2,0.0,0.0,0.0
2184,703_-0.7748_-0.3379end-8.28_1.70_1.56_-35.70_399.17_89.19_19.69_11.50_-32.06_0.4856_-0.2511_-0.7616_-0.3480end-8.28_1.70_1.56_-44.09_414.39_88.29_24.31_12.88_-29.00_0.4856_-0.2511_-0.7616_-0.3480end-8.28_1.70_1.56_-48.23_411.37_85.83_24.31_12.88_-29.00_0.4856_-0.2511_-0.7616_-0.3480end-8.26_4.20_1.89_-48.23_411.37_85.83_24.31_12.88_-29.00_0.5350_-0.2103_-0.7321_-0.3654end-8.75_5.22_2.24_-48.23_411.37_85.83_29.81_11.50_-25.56_0.5350_-0.2103_-0.7321_-0.3654end-8.75_5.22_2.24_-64.23_323.63_66.47_29.81_11.50_-25.56_0.5563_-0.1913_-0.7185_-0.3710end,0.0,0.0,0.0
2185,,0.0,0.0,0.0
2186,,0.0,0.0,0.0
2187,-10.31_6.29_2.11_-64.23_323.63_66.47_29.81_11.50_-25.56_0.5563_-0.1913_-0.7185_-0.3710end-10.31_6.29_2.11_-67.48_273.50_52.82_29.81_11.50_-25.56_0.5741_-0.1744_-0.7069_-0.3746end-10.31_6.29_2.11_-67.48_273.50_52.82_29.81_11.50_-25.56_0.5818_-0.1670_-0.7018_-0.3755end-10.31_6.29_2.11_-68.93_235.67_32.12_33.38_11.56_-18.69_0.5818_-0.1670_-0.7018_-0.3755end-11.04_5.12_-0.75_-67.93_225.83_21.37_33.38_11.56_-18.69_0.5818_-0.1670_-0.7018_-0.3755end-10.34_3.91_-0.83_-67.93_225.83_21.37_34.50_12.56_-19.06_0.5818_-0.1670_-0.7018_-0.3755end-10.73_3.68_-1.05_-67.93_225.83_21.37_34.13_10.88_-17.37_0.6226_-0.1328_-0.6749_-0.3732end-10.48_3.24_-0.90_-58.75_175.47_-3,0.0,0.0,0.0
2188,2.01_34.13_10.88_-17.37_0.6226_-0.1328_-0.6749_-0.3732end-9.04_3.52_-0.36_-52.60_163.49_-41.52_34.13_10.88_-17.37_0.6345_-0.1257_-0.6669_-0.3699end-9.04_3.52_-0.36_-52.60_163.49_-41.52_35.25_11.88_-16.50_0.6345_-0.1257_-0.6669_-0.3699end,0.0,0.0,0.0
2189,-9.04_3.52_-0.36_-37.04_149.84_-61.77_35.94_11.88_-15.19_0.6457_-0.1211_-0.6591_-0.3661end-9.04_3.52_-0.36_-14.88_186.10_-85.50_35.94_11.88_-15.19_0.6514_-0.1196_-0.6549_-0.3640end-9.15_1.30_-3.39_-14.88_186.10_-85.50_35.94_11.88_-15.19_0.6650_-0.1176_-0.6437_-0.3601end-9.15_1.30_-3.39_16.79_279.88_-115.26_35.94_11.88_-15.19_0.6729_-0.1169_-0.6364_-0.3584end-9.55_1.46_-4.35_16.79_279.88_-115.26_35.94_11.88_-15.19_0.6918_-0.1154_-0.6180_-0.3552end-9.55_1.46_-4.35_16.79_279.88_-115.26_35.94_13.69_-11.19_0.6918_-0.1154_-0.6180_-0.3552end-10.36_2.90_-5.44_16.79_279.88_-115.26_36.31_14.44_-8.56_0.6918_-0.1154_-0.6180_-0.3552end-10.36_2.90_-5.44_62.11_382.27_-136.97_36.31_14.44_-8.56_0.7363_-0.1121_-0.5679_-0.3503end-8.71_2.74_-4.96_62.11_382.27_-136.97_36.31_15.81_-6.37_0.7363_-0.1121_-0.5679_-0.3503end-8.71_2.74_-4.96_70.95_375.44_-135.29_36.31_15.81_-6.37_0.7577_-0.1117_-0.5403_-0.3486end,0.0,0.0,0.0
2190,,0.0,0.0,0.0
2191,-7.86_1.46_-3.59_87.96_368.84_-127.35_36.31_15.81_-6.37_0.7577_-0.1117_-0.5403_-0.3486end-7.86_1.46_-3.59_87.96_368.84_-127.35_36.31_15.81_-6.37_0.7867_-0.1130_-0.4973_-0.3478end-9.54_0.11_-5.43_87.96_368.84_-127.35_36.31_15.81_-6.37_0.7955_-0.1138_-0.4828_-0.3480end-8.42_0.88_-4.78_114.93_333.14_-87.73_36.31_15.81_-6.37_0.7955_,0.0,0.0,0.0
2192,-0.1138_-0.4828_-0.3480end-7.40_1.54_-4.61_115.60_316.02_-75.98_36.94_17.25_1.87_0.7955_-0.1138_-0.4828_-0.3480end-7.40_1.54_-4.61_116.27_285.25_-64.46_36.94_17.25_1.87_0.8224_-0.1172_-0.4310_-0.3524end-8.24_1.09_-6.00_116.27_285.25_-64.46_36.94_17.25_1.87_0.8268_-0.1185_-0.4210_-0.3538end-8.24_1.09_-6.00_104.63_169.31_-26.07_36.94_17.25_1.87_0.8301_-0.1200_-0.4124_-0.3556end-6.90_1.89_-6.97_104.63_169.31_-26.07_36.25_18.31_3.25_0.8301_-0.1200_-0.4124_-0.3556end-6.90_1.89_-6.97_91.87_81.13_0.56_36.25_18.31_3.25_0.8344_-0.1237_-0.3993_-0.3593end,0.0,0.0,0.0
2193,,0.0,0.0,0.0
2194,-6.90_1.89_-6.97_91.87_81.13_0.56_35.56_18.75_5.81_0.8362_-0.1277_-0.3904_-0.3632end-5.08_1.11_-7.14_91.87_81.13_0.56_35.56_18.75_5.81_0.8368_-0.1297_-0.3866_-0.3654end-4.84_1.07_-7.27_91.87_81.13_0.56_35.56_18.75_5.81_0.8368_-0.1297_-0.3866_-0.3654end-4.84_1.07_-7.27_80.01_66.47_19.70_35.56_18.75_5.81_0.8368_-0.1297_-0.3866_-0.3654end-5.69_1.05_-6.93_80.01_66.47_19.70_35.56_18.75_5.81_0.8382_-0.1355_-0.3723_-0.3748end-4.56_0.82_-7.57_80.01_66.47_19.70_34.81_18.69_4.94_0.8382_-0.1355_-0.3723_-0.3748end-4.68_1.21_-8.17_80.01_66.47_19.70_34.81_18.69_4.94_0.8384_-0.1362_-0.3688_-0.3774end-4.21_-1.23_-8.09_80.01_66.47_19.70_34.81_18.69_4.94_0.8394_-0.1359_-0.3610_-0.3829end-4.28_-1.66_-7.97_80.01_66.47_19.70_34.81_18.69_4.94_0.8405_-0.1346_-0.3557_-0.3859end-4.28_-1.66_-7.97_26.63_247.54_36.03_34.81_18.69_4.94_0.8405_-0.1346_-0.3557_-0.3859end,0.0,0.0,0.0
2195,,0.0,0.0,0.0
2196,,0.0,0.0,0.0
2197,-4.72_-1.70_-8.55_18.80_313.00_32.23_34.81_18.69_4.94_0.8483_-0.1246_-0.3298_-0.3950end-6.12_0.16_-11.45_18.80_313.00_32.23_34.81_18.69_4.94_0.8483_-0.1246_-0.3298_-0.3950end-6.12_0.16_-11.45_18.80_313.00_32.23_35.19_17.75_9.69_0.8585_-0.1107_-0.2997_-0.4012end-6.12_0.16_-11.45_-1.79_571.28_13.32_35.19_17.75_9.69_0.8585_-0.1107_,0.0,0.0,0.0
2198,-0.2997_-0.4012end-6.12_0.16_-11.45_-5.04_699.86_-2.24_35.19_17.75_9.69_0.8717_-0.0904_-0.2574_-0.4070end-6.12_0.16_-11.45_-5.04_699.86_-2.24_35.19_17.75_9.69_0.8859_-0.0649_-0.2038_-0.4115end-6.12_0.16_-11.45_-10.07_787.71_-17.35_33.31_17.50_18.37_0.8859_-0.0649_-0.2038_-0.4115end-6.12_0.16_-11.45_-10.07_787.71_-17.35_31.50_17.56_22.75_0.8925_-0.0510_-0.1744_-0.4127end-6.12_0.16_-11.45_-10.07_787.71_-17.35_31.50_17.56_22.75_0.9075_-0.0061_-0.0798_-0.4125end-2.20_-2.41_-7.76_-10.07_787.71_-17.35_31.50_17.56_22.75_0.9104_0.0085_-0.0493_-0.4108end,0.0,0.0,0.0
2199,0.88_-1.03_-9.79_-10.07_787.71_-17.35_25.00_17.37_28.44_0.9104_0.0085_-0.0493_-0.4108end0.88_-1.03_-9.79_-29.21_696.28_-44.54_25.00_17.37_28.44_0.9133_0.0368_0.0089_-0.4055end0.88_-1.03_-9.79_-29.21_696.28_-44.54_19.94_17.75_31.50_0.9134_0.0497_0.0345_-0.4026end0.88_-1.03_-9.79_-37.60_487.46_-38.38_19.94_17.75_31.50_0.9130_0.0616_0.0576_-0.3992end0.88_-1.03_-9.79_-37.60_487.46_-38.38_16.69_16.81_33.63_0.9120_0.0726_0.0784_-0.3961end0.88_-1.03_-9.79_-43.87_326.21_-23.05_16.69_16.81_33.63_0.9108_0.0819_0.0952_-0.3932end0.88_-1.03_-9.79_-43.87_326.21_-23.05_16.69_16.81_33.63_0.9083_0.0966_0.1194_-0.3892end0.88_-1.03_-9.79_-43.87_326.21_-23.05_11.63_16.12_35.38_0.9070_0.1026_0.1273_-0.3881end3.57_0.39_-8.73_-58.30_132.16_-1.90_11.63_16.12_35.38_0.9070_0.1026_0.1273_-0.3881end3.91_0.27_-8.95_-58.30_132.16_-1.90_11.63_16.12_35.38_0.9042_0.1158_0.1384_-0.3872end,0.0,0.0,0.0
2200,,0.0,0.0,0.0
2201,4.46_-0.64_-8.83_-58.30_132.16_-1.90_11.63_16.12_35.38_0.9027_0.1239_0.1417_-0.3870end4.73_-0.58_-8.99_-58.30_132.16_-1.90_9.44_16.50_36.19_0.9020_0.1284_0.1434_-0.3865end4.18_-2.23_-5.40_-58.30_132.16_-1.90_9.44_16.50_36.19_0.9014_0.1329_0.1448_-0.3859end4.31_0.13_-5.45_-83.71_-6.60_-32.68_9.44_16.50_36.19_0.9010_0.1371_0.1453_-0.3851end4.31_0.13_-5.45_-83.26_-47.34_-33.01_9.06_15.81_36.19_0.9009_0.1408_0.1442_-0.3843end1.64_2.84_-5.62_-83.26_-47.34_-33.01_9.06_15.81_36.19_0.9009_0.1408_0.1442_-0.3843end1.64_2.84_-5.62_-83.26_-47.34_-33.01_9.06_14.81_37.50_0.9021_0.1476_0.1318_-0.3835end1.10_2.56_-7.17_-63.23_-133.06_-24.40_9.06_14.81_37.50_0.9028_0.1483_0.1251_-0.3838end1.10_2.56_-7.17_-63.23_-133.06_-24.40_9.44_14.44_37.94_0.9035_0.1487_0.1185_-0.3840end1.10_2.56_-7.17_-58.53_-99.37_-26.30_9.44_14.44_37.94_0.9046_0.1504_0.1088_-0.3837end,0.0,0.0,0.0
2202,,0.0,0.0,0.0
2203,,0.0,0.0,0.0
2204,1.10_2.56_-7.17_-44.99_12.31_-40.51_10.94_14.44_36.19_0.9046_0.1504_0.1088_-0.3837end1.10_2.56_-7.17_-32.68_76.99_-48.34_10.94_14.44_36.19_0.9046_0.1504_0.1088_-0.3837end1.10_2.56_-7.17_-32.68_76.99_-48.34_10.94_14.44_36.19_0.9054_0.1577_0.1108_-0.3784end1.10_2.56_-7.17_-12.53_192.93_-63.79_10.94_14.44_36.19_0.9054_0.1577_0.1108_-0.3784end4.40_2.28_-10.36_-12.53_192.93_-63.79_8.75_13.44_38.38_0.9052_0.1691_0.1293_-0.3677end5.36_2.20_-10.27_-12.53_192.93_-63.79_8.75_13.44_38.38_0.9050_0.1727_0.1374_-0.3635end5.29_2.39_-10.32_29.21_232.88_-68.60_8.75_13.44_38.38_0.9050_0.1727_0.1374_-0.3635end5.08_2.54_-10.45_29.21_232.88_-68.60_8.75_13.44_38.38_0.9045_0,0.0,0.0,0.0
2205,.1793_0.1552_-0.3544end5.08_2.54_-10.45_29.21_232.88_-68.60_8.75_13.44_38.38_0.9037_0.1844_0.1738_-0.3450end4.71_3.25_-10.39_29.21_232.88_-68.60_8.75_13.44_38.38_0.9033_0.1862_0.1829_-0.3404end,0.0,0.0,0.0
2206,,0.0,0.0,0.0
2207,4.78_2.81_-9.50_29.21_232.88_-68.60_8.75_13.44_38.38_0.9033_0.1862_0.1829_-0.3404end4.78_2.81_-9.50_75.54_170.88_-43.64_2.94_14.50_38.38_0.9033_0.1862_0.1829_-0.3404end5.01_3.04_-9.77_79.23_151.86_-38.16_1.50_14.81_37.50_0.9033_0.1862_0.1829_-0.3404end5.01_3.04_-9.77_79.23_151.86_-38.16_1.50_14.81_37.50_0.9015_0.1873_0.2215_-0.3213end5.73_3.45_-9.08_79.23_151.86_-38.16_-0.69_16.62_38.00_0.9015_0.1873_0.2215_-0.3213end5.67_3.53_-8.68_81.47_72.63_-21.49_-0.69_16.62_38.00_0.9016_0.1842_0.2313_-0.3158end5.67_3.53_-8.68_81.47_72.63_-21.49_-0.69_16.62_38.00_0.9019_0.1820_0.2346_-0.3138end5.73_2.82_-7.79_79.45_15.33_-10.07_-1.06_17.94_37.63_0.9023_0.1793_0.23,0.0,0.0,0.0
2208,,0.0,0.0,0.0
2209,68_-0.3123end5.73_2.82_-7.79_79.12_-8.17_-4.70_-1.06_17.94_37.63_0.9038_0.1732_0.2383_-0.3104end5.26_0.16_-7.84_79.12_-8.17_-4.70_-1.06_17.94_37.63_0.9038_0.1732_0.2383_-0.3104end5.38_-0.70_-7.37_70.84_-11.64_10.41_-1.06_17.94_37.63_0.9038_0.1732_0.2383_-0.3104end5.79_-1.90_-6.85_70.84_-11.64_10.41_-1.06_17.94_37.63_0.9061_0.1605_0.2397_-0.3093end5.71_-1.97_-6.63_66.70_38.94_16.34_-0.37_18.94_37.13_0.9061_0.1605_0.2397_-0.3093end5.10_-1.68_-5.67_66.58_74.64_19.47_-0.37_18.94_37.13_0.9061_0.1605_0.2397_-0.3093end5.10_-1.68_-5.67_66.14_146.26_28.42_-0.37_18.94_37.13_0.9035_0.1532_0.2557_-0.3079end4.96_-0.52_-5.87_66.14_146.26_28.42_-1.44_19.31_35.88_0.9016_0.1525_0.2634_-0.3073end5.03_0.16_-6.18_63.34_212.51_39.61_-1.44_19.31_35.88_0.9016_0.1525_0.2634_-0.3073end5.82_1.33_-6.80_63.34_212.51_39.61_-2.87_19.31_36.75_0.9016_0.1525_0,0.0,0.0,0.0
2210,.2634_-0.3073end5.82_1.33_-6.80_51.14_305.84_53.83_-2.87_19.31_36.75_0.8927_0.1530_0.2936_-0.3058end5.82_1.33_-6.80_51.14_305.84_53.83_-3.25_19.31_35.88_0.8839_0.1557_0.3190_-0.3044end,0.0,0.0,0.0
2211,5.82_1.33_-6.80_38.50_343.89_59.53_-3.25_19.31_35.88_0.8787_0.1577_0.3328_-0.3040end5.82_1.33_-6.80_31.56_354.18_62.56_-6.56_20.00_34.56_0.8787_0.1577_0.3328_-0.3040end5.82_1.33_-6.80_23.72_359.33_66.14_-6.56_20.00_34.56_0.8665_0.1630_0.3615_-0.3032end7.87_1.90_-3.71_23.72_359.33_66.14_-6.56_20.00_34.56_0.8531_0.1689_0.3898_-0.3029end7.83_1.15_-3.48_23.72_359.33_66.14_-6.56_20.00_34.56_0.8463_0.1719_0.4029_-0.3032end8.33_-0.02_-3.42_23.72_359.33_66.14_-6.56_20.00_34.56_0.8463_0.1719_0.4029_-0.3032end8.33_-0.02_-3.42_-9.96_288.05_79.90_-12.75_21.75_33.31_0.8463_0.1719_0.4029_-0.3032end9.31_1.59_-3.87_-21.37_255.15_73.86_-12.75_21.75_33.31_0.8202_0.1831_,0.0,0.0,0.0
2212,0.4470_-0.3066end9.60_2.11_-4.04_-21.37_255.15_73.86_-12.75_21.75_33.31_0.8141_0.1860_0.4560_-0.3077end9.70_2.23_-4.43_-21.37_255.15_73.86_-12.75_21.75_33.31_0.8141_0.1860_0.4560_-0.3077end,0.0,0.0,0.0
2213,,0.0,0.0,0.0
2214,9.70_2.23_-4.43_-21.37_255.15_73.86_-14.50_21.75_31.12_0.8022_0.1924_0.4731_-0.3093end9.10_1.58_-3.89_-21.37_255.15_73.86_-14.50_21.75_31.12_0.7965_0.1960_0.4809_-0.3097end9.10_1.58_-3.89_-43.87_219.11_33.12_-14.50_21.75_31.12_0.7906_0.1999_0.4886_-0.3101end8.71_1.61_-3.48_-43.87_219.11_33.12_-14.50_21.75_31.12_0.7853_0.2037_0.4955_-0.3103end8.71_1.61_-3.48_-44.43_184.76_9.40_-14.50_21.75_31.12_0.7756_0.2112_0.5078_-0.3099end8.71_0.20_-4.41_-44.43_184.76_9.40_-14.50_21.75_31.12_0.7665_0.2191_0.5188_-0.3087end7.64_-0.13_-4.31_-44.43_184.76_9.40_-18.81_20.37_28.94_0.7623_0.2231_0.5239_-0.3076end8.25_0.82_-3.68_-34.80_170.99_-26.41_-18.81_20.37_28.94_0.75,0.0,0.0,0.0
2215,81_0.2274_0.5291_-0.3061end9.31_1.12_-2.99_-29.88_168.53_-35.36_-18.81_20.37_28.94_0.7581_0.2274_0.5291_-0.3061end9.03_0.84_-2.53_-29.88_168.53_-35.36_-21.37_19.69_27.62_0.7581_0.2274_0.5291_-0.3061end,0.0,0.0,0.0
2216,,0.0,0.0,0.0
2217,,0.0,0.0,0.0
2218,8.13_0.53_-3.35_-29.88_168.53_-35.36_-21.37_19.69_27.62_0.7430_0.2438_0.5486_-0.2958end8.13_0.53_-3.35_0.56_208.82_-60.88_-21.37_20.00_28.50_0.7390_0.2478_0.5543_-0.2919end8.18_0.47_-3.77_0.56_208.82_-60.88_-21.37_20.00_28.50_0.7390_0.2478_0.5543_-0.2919end8.18_0.47_-3.77_6.15_229.85_-62.00_-23.25_20.00_27.62_0.7390_0.2478_0.5543_-0.2919end8.18_0.47_-3.77_16.79_253.35_-60.43_-23.25_20.00_27.62_0.7185_0.2648_0.5826_-0.2726end9.15_0.88_-2.78_16.79_253.35_-60.43_-24.25_19.69_26.69_0.7185_0.2648_0.5826_-0.2726end9.15_0.88_-2.78_17.90_231.09_-58.19_-24.25_19.69_26.69_0.7076_0.2726_0.5968_-0.2623end9.43_-0.70_-2.07_17.90_231.09_-58.19_-24.25_19.69_26.69_0.7076_0.2726_0.5968_-0.2623end9.43_-0.39_-1.60_17.90_231.09_-58.19_-26.44_18.94_23.25_0.6931_0.2827_0.6147_-0.2484end9.69_0.12_-1.05_17.90_231.09_-58.19_-27.94_18.94_23.31_0.6888_0.2857_0.6199_-0.2443end,0.0,0.0,0.0
2219,10.04_1.40_-0.44_17.90_231.09_-58.19_-27.94_18.94_23.31_0.6847_0.2885_0.6247_-0.2404end10.04_1.40_-0.44_17.46_161.26_-42.52_-29.00_19.31_22.44_0.6847_0.2885_0.6247_-0.2404end10.04_1.40_-0.44_17.46_161.26_-42.52_-29.00_19.31_22.44_0.6807_0.2910_0.6293_-0.2366end10.04_1.40_-0.44_21.04_149.28_-37.15_-29.00_19.31_22.44_0.6735_0.2953_0.6377_-0.2294end10.04_1.40_-0.44_24.06_148.95_-35.25_-30.06_17.87_20.19_0.6735_0.2953_0.6377_-0.2294end10.04_1.40_-0.44_32.34_164.05_-33.57_-30.06_17.87_20.19_0.6735_0.2953_0.6377_-0.2294end10.04_1.40_-0.44_32.34_164.05_-33.57_-30.06_17.25_19.69_0.6584_0.3021_0.6553_-0.2141end10.55_1.26_-0.02_32.34_164.05_-33.57_-30.06_17.25_19.69_0.6584_0.3021_0.6553_-0.2141end10.55_1.26_-0.02_32.34_164.05_-33.57_-30.06_17.25_19.69_0.6484_0.3055_0.6666_-0.2047end10.55_1.26_-0.02_32.34_164.05_-33.57_-30.06_17.25_19.69_0.6360_0.3088_0.6801_-0.1938end,0.0,0.0,0.0
2220,,0.0,0.0,0.0
2221,,0.0,0.0,0.0
2222,10.45_2.30_1.02_32.34_164.05_-33.57_-34.06_18.56_14.63_0.6360_0.3088_0.6801_-0.1938end10.45_2.30_1.02_62.67_287.49_-22.05_-34.06_18.56_14.63_0.6135_0.3130_0.7036_-0.1750end10.19_1.98_1.52_62.67_287.49_-22.05_-34.06_18.56_14.63_0.6050_0.3141_0.7120_-0.1683end10.19_1.98_1.52_71.06_310.87_-10.97_-34.06_18.56_14.63_0.6050_0.3141_0.7120_-0.1683end10.19_1.98_1.52_73.19_316.58_-6.83_-34.06_18.56_14.63_0.5877_0.3156_0.7287_-0.1549end10.19_1.98_1.52_73.19_316.58_-6.83_-34.06_18.56_14.63_0.5784_0.3160_0.7374_-0.1478end9.57_2.43_4.11_73.19_316.58_-6.83_-35.88_19.19_8.88_0.5784_0.3160_0.7374_-0.1478end9.57_2.43_4.11_78.45_301.03_13.65_-35.88_19.19_8.88_0.5417_0.31,0.0,0.0,0.0
2223,50_0.7698_-0.1216end9.59_3.26_3.57_78.45_301.03_13.65_-35.88_19.19_8.88_0.5331_0.3142_0.7769_-0.1159end9.59_3.26_3.57_67.59_264.43_24.40_-35.88_19.19_8.88_0.5331_0.3142_0.7769_-0.1159end,0.0,0.0,0.0
2224,,0.0,0.0,0.0
2225,9.55_3.02_3.71_67.59_264.43_24.40_-35.13_19.81_2.81_0.5331_0.3142_0.7769_-0.1159end9.40_2.33_4.37_67.59_264.43_24.40_-35.13_19.81_2.81_0.5164_0.3123_0.7904_-0.1052end9.22_1.44_5.32_53.71_252.01_23.28_-35.13_19.81_2.81_0.5002_0.3104_0.8027_-0.0955end9.22_1.44_5.32_53.71_252.01_23.28_-35.50_20.81_0.25_0.5002_0.3104_0.8027_-0.0955e,0.0,0.0,0.0
2226,,0.0,0.0,0.0
2227,,0.0,0.0,0.0
2228,nd9.22_1.44_5.32_51.03_255.37_20.81_-35.50_20.81_0.25_0.4742_0.3084_0.8207_-0.0808end8.04_0.77_6.80_47.11_299.46_8.62_-35.50_20.81_0.25_0.4742_0.3084_0.8207_-0.0808end8.04_0.77_6.80_47.11_299.46_8.62_-35.50_20.81_0.25_0.4535_0.3083_0.8333_-0.0698end7.64_0.80_7.72_47.11_299.46_8.62_-35.50_20.81_0.25_0.4295_0.3085_0.8468_-0.0569end7.64_0.80_7.72_55.62_399.50_-9.74_-34.06_20.00_-6.75_0.4160_0.3088_0.8538_-0.0497end6.94_0.80_7.48_58.97_430.73_-16.45_-34.06_20.00_-6.75_0.4160_0.3088_0.8538_-0.0497end6.94_0.80_7.48_58.97_430.73_-16.45_-33.38_21.37_-9.75_0.4009_0.3093_0.8613_-0.0416end6.94_0.80_7.48_69.16_527.86_-34.36_-33.38_21.37_-9.75_0.3485_0.3110_0.8841_-0.0134end4.44_1.22_7.77_69.16_527.86_-34.36_-33.75_19.94_-13.25_0.3485_0.3110_0.8841_-0.0134end4.44_1.22_7.77_76.21_571.61_-38.16_-33.75_19.94_-13.25_0.3080_0.3121_0.8987_0.0080end3.18_2.07_7.63_76.21_571.61_-38.16_-33.75_19.94_-13.25_0.2858_0.3125_0.9057_0.0197end2.57_2.55_7.93_78.89_570.83_-33.12_-29.69_18.12_-18.94_0.2858_0.3125_0.9057_0.0197end2.57_2.55_7.93_74.53_498.54_-15.44_-29.69_18.12_-18.94_0.2858_0.3125_0.9057_0.0197end2.57_2.55_7.93_74.53_498.54_-15.44_-29.69_18.12_-18.94_0.2051_0.,0.0,0.0,0.0
2229,3098_0.9264_0.0616end2.57_2.55_7.93_64.12_366.60_10.07_-29.69_18.12_-18.94_0.1899_0.3079_0.9297_0.0696end2.23_3.07_9.25_64.12_366.60_10.07_-26.44_18.00_-25.44_0.1899_0.3079_0.9297_0.0696end,0.0,0.0,0.0
2230,2.23_3.07_9.25_47.67_152.19_45.99_-26.44_18.00_-25.44_0.1677_0.3033_0.9344_0.0820end2.23_3.07_9.25_47.67_152.19_45.99_-24.25_18.69_-26.31_0.1567_0.2980_0.9373_0.0894end2.43_2.28_8.11_47.67_152.19_45.99_-23.19_18.62_-28.94_0.1544_0.2953_0.9384_0.0917end3.25_2.52_6.21_29.88_53.60_59.65_-22.44_18.31_-28.12_0.1544_0.2953_0.9384_0.0917end0.65_2.30_9.10_41.96_44.54_60.32_-22.44_18.31_-28.12_0.1544_0.2953_0.9384_0.0917end0.65_2.30_9.10_41.96_44.54_60.32_-22.44_18.31_-28.12_0.1493_0.2844_0.9418_0.0990end1.59_3.42_9.00_41.96_44.54_60.32_-22.44_18.31_-28.12_0.1476_0.2818_0.9426_0.1011end1.50_3.38_7.40_41.96_44.54_60.32_-22.44_18.31_-28.12_0.1476_0.2818_0.9426_0.,0.0,0.0,0.0
2231,1011end1.13_1.42_7.42_41.96_44.54_60.32_-22.44_18.31_-28.12_0.1420_0.2771_0.9444_0.1058end1.13_1.42_7.42_41.96_44.54_60.32_-19.50_18.94_-28.94_0.1382_0.2750_0.9453_0.1084end,0.0,0.0,0.0
2232,1.13_1.42_7.42_30.33_101.61_29.21_-19.50_18.94_-28.94_0.1345_0.2731_0.9461_0.1108end1.86_0.82_9.55_29.88_91.54_25.07_-19.50_18.94_-28.94_0.1310_0.2714_0.9468_0.1130end1.86_0.82_9.55_31.11_74.86_20.25_-19.50_18.62_-28.94_0.1310_0.2714_0.9468_0.1130end1.25_2.22_8.71_31.11_74.86_20.25_-19.50_18.62_-28.94_0.1244_0.2677_0.9480_0.1188end1.25_2.22_8.71_31.11_74.86_20.25_-19.50_18.62_-28.94_0.1238_0.2672_0.9481_0.1204end0.92_2.32_8.67_30.33_-8.17_0.11_-19.50_18.62_-28.94_0.1241_0.2668_0.9479_0.1216end0.92_2.32_8.67_30.33_-8.17_0.11_-19.50_18.62_-28.94_0.1270_0.2672_0.9472_0.1237end0.90_1.40_8.93_30.33_-8.17_0.11_-19.87_17.87_-30.62_0.1270_0.2672_0.9472_0.1237end0.90_1.40_8.93_30.33_-8.17_0.11_-19.87_17.87_-30.62_0.1364_0.2692_0.9451_0.1257end0.70_1.52_9.18_30.33_-8.17_0.11_-19.87_17.87_-30.62_0.1407_0.2702_0.9441_0.1262end,0.0,0.0,0.0
2233,,0.0,0.0,0.0
2234,,0.0,0.0,0.0
2235,0.63_1.75_9.09_38.05_-105.75_-20.25_-19.87_17.87_-30.62_0.1407_0.2702_0.9441_0.1262end0.63_1.75_9.09_40.51_-103.07_-22.38_-19.87_17.56_-30.25_0.1407_0.2702_0.9441_0.1262end1.21_2.94_9.08_40.51_-103.07_-22.38_-19.87_17.56_-30.25_0.1591_0.2748_0.9395_0.1284end1.49_3.69_9.04_40.51_-103.07_-22.38_-19.87_17.56_-30.25_0.1631_0.2761_0.9384_0.1292end2.22_4.81_9.01_40.51_-103.07_-22.38_-19.87_17.56_-30.25_0.1668_0.2773_0.9372_0.1300end2.46_4.99_9.21_40.06_-68.71_-30.10_-19.87_17.56_-30.25_0.1668_0.2773_0.9372_0.1300end2.70_5.14_9.29_40.06_-68.71_-30.10_-19.87_17.56_-30.25_0.1730_0.2798_0.9351_0.1321end2.70_5.12_9.18_40.06_-68.71_-30.10_-23.56_16.25_-29.81_0.1771_0.2823_0.9332_0.1346end2.68_4.66_9.03_40.06_-68.71_-30.10_-23.56_16.25_-29.81_0.1783_0.2836_0.9324_0.1361end1.91_6.05_9.34_40.06_-68.71_-30.10_-23.56_16.25_-29.81_0.1783_0.2836_0.9324_0.1361end,0.0,0.0,0.0
2236,,0.0,0.0,0.0
2237,2.60_5.90_9.58_40.06_-68.71_-30.10_-23.19_14.50_-29.00_0.1783_0.2836_0.9324_0.1361end2.60_5.90_9.58_22.83_43.42_-39.39_-23.19_14.50_-29.00_0.1758_0.2883_0.9304_0.1426end2.16_5.37_10.49_22.83_43.42_-39.39_-23.19_14.50_-29.00_0.1739_0.2893_0.9302_0.1444end2.90_5.72_10.74_22.83_43.42_-39.39_-23.81_14.56_-28.19_0.1714_0.2902_0.9301_0.1463end3.04_5.89_11.12_14.32_71.84_-36.82_-22.81_14.50_-29.87_0.1714_0.2902_0.9301_0.1463end3.04_5.89_11.12_10.30_78.33_-37.26_-22.81_14.50_-29.87_0.1622_0.2927_0.9301_0.1514end1.96_3.98_10.70_10.30_78.33_-37.26_-23.56_14.50_-28.56_0.1588_0.2936_0.9302_0.1527end1.49_2.86_10.48_10.30_78.33_-37.26_-21.31_14.13_-30.69_0.1588_0.2936_0.9302_0.1527end1.61_2.12_10.29_-16.45_64.23_-31.22_-21.31_14.13_-30.69_0.1588_0.2936_0.9302_0.1527end1.66_1.48_10.24_-21.37_63.34_-30.77_-21.31_14.13_-30.69_0.1462_0.2971_0.9308_0.1545end,0.0,0.0,0.0
2238,,0.0,0.0,0.0
2239,,0.0,0.0,0.0
2240,1.51_0.93_10.06_-21.37_63.34_-30.77_-22.06_13.44_-31.56_0.1428_0.2980_0.9311_0.1546end1.41_1.57_10.20_-21.37_63.34_-30.77_-22.06_13.44_-31.56_0.1428_0.2980_0.9311_0.1546end1.24_1.98_10.12_-21.37_63.34_-30.77_-22.06_13.44_-31.56_0.1345_0.3002_0.9316_0.1545end1.24_1.98_10.12_-39.73_110.12_-44.99_-22.06_13.44_-31.56_0.1240_0.3027_0,0.0,0.0,0.0
2241,.9323_0.1548end0.98_2.67_9.72_-39.73_110.12_-44.99_-20.62_14.13_-30.31_0.1240_0.3027_0.9323_0.1548end0.17_2.15_9.16_-47.78_141.34_-53.94_-20.62_14.13_-30.31_0.1104_0.3056_0.9329_0.1552end0.17_2.15_9.16_-47.78_141.34_-53.94_-20.25_15.13_-32.38_0.1104_0.3056_0.9329_0.1552end0.17_2.15_9.16_-67.93_211.39_-74.42_-20.25_15.13_-32.38_0.0939_0.3088_0.9335_0.1558end0.17_2.15_9.16_-67.93_211.39_-74.42_-19.50_14.81_-32.38_0.0737_0.3125_0.9340_0.1566end-0.73_2.45_9.30_-67.93_211.39_-74.42_-19.50_14.81_-32.38_0.0624_0.3143_0.9341_0.1571end,0.0,0.0,0.0
2242,,0.0,0.0,0.0
2243,-0.99_2.79_9.64_-67.93_211.39_-74.42_-18.44_13.75_-32.00_0.0624_0.3143_0.9341_0.1571end-1.11_3.30_9.96_-67.93_211.39_-74.42_-18.44_13.75_-32.00_0.0243_0.3206_0.9335_0.1591end-1.01_4.66_11.08_-67.93_211.39_-74.42_-15.50_15.81_-34.13_0.0243_0.3206_0.9335_0.1591end-1.01_4.66_11.08_-71.84_301.47_-116.16_-15.50_15.81_-34.13_0.0101_0.3229_0.9327_0.1602end-1.01_4.66_11.08_-71.84_301.47_-116.16_-15.50_15.81_-34.13_0.0176_-0.3278_-0.9304_-0.1628end-1.91_5.25_11.74_-71.84_301.47_-116.16_-12.94_14.75_-35.06_0.0176_-0.3278_-0.9304_-0.1628end-1.91_5.25_11.74_-50.02_257.83_-119.85_-12.94_14.75_-35.06_0.0550_-0.3364_-0.9251_-0.1673end-2.54_2.89_10.40_-50.02_257.83_-119.85_-12.94_14.75_-35.06_0.0550_-0.3364_-0.9251_-0.1673end-2.62_2.04_10.04_-50.02_257.83_-119.85_-12.94_14.75_-35.06_0.0734_-0.3421_-0.9214_-0.1692end-3.03_1.87_9.48_-29.43_121.19_-97.36_-12.94_14.75_-35.06_0.0734_-0.3421_-0.9214_-0.1692end,0.0,0.0,0.0
2244,,0.0,0.0,0.0
2245,-3.09_1.96_8.84_-24.06_96.69_-90.08_-12.94_14.75_-35.06_0.0901_-0.3500_-0.9167_-0.1700end-3.11_2.20_8.54_-24.06_96.69_-90.08_-12.94_14.75_-35.06_0.0943_-0.3525_-0.9153_-0.1703end-3.39_2.85_7.42_-24.06_96.69_-90.08_-12.94_14.75_-35.06_0.0981_-0.3546_-0.9140_-0.1708end-3.30_2.86_7.40_3.25_103.07_-54.95_-12.94_14.75_-35.06_0.0981_-0.3546_-0.9140_-0.1708end-3.30_2.86_7.40_3.25_103.07_-54.95_-8.25_14.69_-36.38_0.1064_-0.3579_-0.9114_-0.1729end-3.30_2.86_7.40_8.17_120.41_-48.46_-8.25_14.69_-36.38_0.1164_-0.3598_-0.9087_-0.1768end-3.52_2.77_7.90_16.11_159.02_-35.70_-9.00_15.38_-35.88_0.1164_-0.3598_-0.9087_-0.1768end-3.52_2.77_7.90_17.79_178.04_-29.43_-9.00_1,0.0,0.0,0.0
2246,5.38_-35.88_0.1292_-0.3602_-0.9056_-0.1827end-3.20_3.86_8.50_17.79_178.04_-29.43_-9.00_15.38_-35.88_0.1365_-0.3597_-0.9041_-0.1861end-3.20_3.86_8.50_18.35_221.24_-15.67_-9.00_15.38_-35.88_0.1528_-0.3580_-0.9005_-0.1939end,0.0,0.0,0.0
2247,-2.43_4.68_9.16_18.35_221.24_-15.67_-9.00_15.38_-35.88_0.1616_-0.3566_-0.8986_-0.1980end-2.39_3.95_9.16_18.35_221.24_-15.67_-9.00_15.38_-35.88_0.1708_-0.3551_-0.8965_-0.2023end-2.20_3.55_9.13_13.65_262.53_-11.97_-9.00_15.38_-35.88_0.1708_-0.3551_-0.8965_-0.2023end-2.20_3.55_9.13_13.65_262.53_-11.97_-9.00_15.38_-35.88_0.2030_-0.3488_-0.8890_-0.2162end-2.88_2.72_8.99_13.65_262.53_-11.97_-1.00_13.94_-38.50_0.2030_-0.3488_-0.8890_-0.2162end-2.88_2.72_8.99_12.65_350.15_-12.53_-1.00_13.94_-38.50_0.2303_-0.3430_-0.8818_-0.2277end-4.25_1.93_8.14_12.65_350.15_-12.53_-1.00_13.94_-38.50_0.2463_-0.3393_-0.8772_-0.2341end-4.25_1.93_8.14_11.41_490.15_-17.35_-1.00_13.94_-38.50_0.2463_-0.3393_-0.8772_-0.2341end-4.25_1.93_8.14_6.60_582.58_-19.25_-1.00_13.94_-38.50_0.3049_-0.3249_-0.8576_-0.2568end-4.25_1.93_8.14_2.46_625.22_-20.59_-1.00_13.94_-38.50_0.3049_-0.3249_-0.8576_-0.2568end,0.0,0.0,0.0
2248,,0.0,0.0,0.0
2249,,0.0,0.0,0.0
2250,,0.0,0.0,0.0
2251,-7.08_2.94_5.91_2.46_625.22_-20.59_-1.00_13.94_-38.50_0.3509_-0.3126_-0.8392_-0.2738end-7.31_3.42_5.83_-7.39_687.21_-22.94_12.75_14.56_-34.63_0.3509_-0.3126_-0.8392_-0.2738end-7.77_3.66_5.47_-12.42_699.52_-24.51_12.75_14.56_-34.63_0.4272_-0.2874_-0.8038_-0.2982end-8.64_3.48_4.31_-12.42_699.52_-24.51_17.12_14.25_-32.88_0.4272_-0.2874_-0.8038_-0.2982end-8.64_3.48_4.31_-28.65_704.34_-24.62_17.12_14.25_-32.88_0.4778_-0.2688_-0.7757_-0.3127end-8.64_3.48_4.31_-35.92_685.87_-24.28_20.69_14.94_-30.69_0.4778_-0.2688_-0.7757_-0.3127end-8.99_3.19_3.54_-43.76_656.22_-24.06_20.69_14.94_-30.69_0.5237_-0.2511_-0.7462_-0.3254end-8.99_3.19_3.54_-43.76_656.22_-24.06_23.94_15.31_-28.56_0.5237_-0.2511_-0.7462_-0.3254end-8.99_3.19_3.54_-63.56_543.08_-12.98_23.94_15.31_-28.56_0.5837_-0.2224_-0.7045_-0.3371end-10.85_3.61_1.52_-69.94_511.52_-7.05_27.56_16.37_-25.06_0.5837_-0.2224_-0.7045_-0.3371end,0.0,0.0,0.0
2252,,0.0,0.0,0.0
2253,-10.58_3.71_0.63_-76.10_488.58_-2.91_32.63_14.69_-19.44_0.5837_-0.2224_-0.7045_-0.3371end-9.34_3.53_0.27_-81.69_477.50_-0.56_32.63_14.69_-19.44_0.6312_-0.1947_-0.6672_-0.3442end-9.34_3.53_0.27_-89.75_462.06_-5.26_32.63_14.69_-19.44_0.6456_-0.1850_-0.6555_-0.3453end-9.34_3.53_0.27_-89.75_462.06_-5.26_33.75_16.06_-15.50_0.6600_-0.1753_-0.6432_-0.3464end-9.34_3.53_0.27_-94.67_444.60_-10.30_33.75_16.06_-15.50_0.6865_-0.1564_-0.6196_-0.3470end-9.34_3.53_0.27_-96.13_434.75_-11.75_35.19_16.81_-12.50_0.6865_-0.1564_-0.6196_-0.3470end-9.34_3.53_0.27_-98.92_417.74_-12.98_35.19_16.81_-12.50_0.7109_-0.1384_-0.5957_-0.3473end-7.43_-0.89_-2.18_-98.92_417.74_-12.98_3,0.0,0.0,0.0
2254,5.19_16.81_-12.50_0.7224_-0.1292_-0.5845_-0.3463end-7.16_-0.39_-2.31_-107.65_380.37_-12.65_35.19_16.81_-12.50_0.7224_-0.1292_-0.5845_-0.3463end-6.46_0.77_-3.17_-107.65_380.37_-12.65_36.94_17.19_-4.62_0.7224_-0.1292_-0.5845_-0.3463end,0.0,0.0,0.0
2255,-6.46_0.77_-3.17_-118.96_309.76_-8.95_36.94_17.19_-4.62_0.7604_-0.0943_-0.5447_-0.3408end-6.46_0.77_-3.17_-121.08_284.91_-9.06_37.31_16.25_-0.75_0.7604_-0.0943_-0.5447_-0.3408end-6.46_0.77_-3.17_-120.63_242.28_-10.18_37.31_16.25_-0.75_0.7814_-0.0704_-0.5223_-0.3342end-7.63_3.84_-4.71_-120.63_242.28_-10.18_36.94_16.94_-0.25_0.7814_-0.0704_-0.5223_-0.3342end-7.63_3.84_-4.71_-113.70_195.05_-11.97_36.94_16.94_-0.25_0.7928_-0.0558_-0.5101_-0.3289end-7.63_3.84_-4.71_-113.70_195.05_-11.97_36.94_16.94_-0.25_0.7976_-0.0493_-0.5048_-0.3265end-7.63_3.84_-4.71_-110.00_180.06_-13.54_36.94_16.94_-0.25_0.8065_-0.0367_-0.4952_-0.3209end-8.02_2.46_-5.20_-101.50_151.18_,0.0,0.0,0.0
2256,-17.57_36.94_16.94_-0.25_0.8065_-0.0367_-0.4952_-0.3209end-8.00_2.75_-5.64_-101.50_151.18_-17.57_36.94_16.94_-0.25_0.8103_-0.0312_-0.4911_-0.3181end-8.24_2.93_-6.20_-101.50_151.18_-17.57_36.56_16.37_6.69_0.8207_-0.0165_-0.4797_-0.3098end,0.0,0.0,0.0
2257,,0.0,0.0,0.0
2258,-8.41_3.06_-6.02_-101.50_151.18_-17.57_36.94_17.06_8.38_0.8240_-0.0125_-0.4760_-0.3069end-7.93_3.20_-6.25_-68.37_129.48_-38.61_36.94_17.06_8.38_0.8240_-0.0125_-0.4760_-0.3069end-7.93_3.43_-6.51_-68.37_129.48_-38.61_36.25_18.06_8.00_0.8240_-0.0125_-0.4760_-0.3069end-7.93_3.43_-6.51_-61.10_125.78_-41.85_36.25_18.06_8.00_0.8240_-0.,0.0,0.0,0.0
2259,0125_-0.4760_-0.3069end-7.93_3.43_-6.51_-47.22_111.12_-47.90_36.25_18.06_8.00_0.8366_-0.0002_-0.4612_-0.2956end-7.93_3.43_-6.51_-47.22_111.12_-47.90_36.94_18.75_8.88_0.8395_0.0018_-0.4577_-0.2929end-7.93_3.43_-6.51_-23.84_94.67_-50.58_36.94_18.75_8.88_0.8395_0.0018_-0.4577_-0.2929end-7.89_2.43_-6.49_-23.84_94.67_-50.58_36.94_18.,0.0,0.0,0.0
2260,75_8.88_0.8447_0.0047_-0.4512_-0.2878end-7.21_2.52_-6.32_-23.84_94.67_-50.58_36.94_18.75_8.88_0.8517_0.0063_-0.4420_-0.2814end-7.05_2.24_-6.55_-23.84_94.67_-50.58_36.94_18.75_8.88_0.8541_0.0062_-0.4386_-0.2793end,0.0,0.0,0.0
2261,-6.86_1.41_-7.34_-23.84_94.67_-50.58_34.81_18.12_12.31_0.8541_0.0062_-0.4386_-0.2793end-5.96_0.82_-7.29_30.89_173.57_-62.56_34.81_18.12_12.31_0.8602_0.0058_-0.4293_-0.2753end-5.24_0.44_-7.43_30.89_173.57_-62.56_34.81_18.12_12.31_0.8682_0.0054_-0.4154_-0.2714end-4.77_0.10_-7.66_30.89_173.57_-62.56_34.81_18.12_12.31_0.8730_0.0054_-0.4066_-0.2693end-4.57_-0.56_-7.56_47.45_278.76_-75.54_34.81_18.12_12.31_0.8730_0.0054_-0.4066_-0.2693end-4.57_-0.56_-7.56_53.04_320.27_-80.46_33.69_20.25_14.50_0.8730_0.0054_-0.4066_-0.2693end-4.72_-0.42_-7.75_65.80_403.08_-86.06_33.69_20.25_14.50_0.8981_0.0067_-0.3547_-0.2599end-4.43_0.45_-7.05_65.80_403.08_-86.06_33.69_20.25,0.0,0.0,0.0
2262,_14.50_0.9054_0.0075_-0.3376_-0.2573end-4.43_0.45_-7.05_79.57_457.92_-84.38_33.69_20.25_14.50_0.9130_0.0083_-0.3185_-0.2548end-3.25_0.28_-5.70_79.57_457.92_-84.38_30.06_20.69_19.75_0.9130_0.0083_-0.3185_-0.2548end,0.0,0.0,0.0
2263,-4.09_3.22_-6.12_84.49_421.10_-75.42_30.06_20.69_19.75_0.9259_0.0092_-0.2826_-0.2505end-4.09_3.22_-6.12_76.54_402.19_-50.81_28.25_20.31_21.00_0.9316_0.0097_-0.2652_-0.2486end-4.09_3.22_-6.12_76.54_402.19_-50.81_28.25_20.31_21.00_0.9417_0.0112_-0.2299_-0.2454end-1.40_3.30_-6.75_76.54_402.19_-50.81_28.25_20.31_21.00_0.9417_0.0112_-0.2299_-0.2454end-1.75_3.07_-7.19_70.84_422.78_-35.03_24.25_23.12_26.31_0.9417_0.0112_-0.2299_-0.2454end-1.91_2.89_-7.95_69.49_410.92_-29.43_24.25_23.12_26.31_0.9417_0.0112_-0.2299_-0.2454end-1.82_2.57_-8.24_59.53_404.32_-19.92_24.25_23.12_26.31_0.9606_0.0178_-0.1394_-0.2396end-1.82_2.57_-8.24_52.37_403.08_-15.78_21.69_22.81_26.75_0.9606_0.0178_-0.1394_-0.2396end-1.82_2.57_-8.24_52.37_403.08_-15.78_19.25_23.56_27.25_0.9632_0.0195_-0.1221_-0.2387end-1.82_2.57_-8.24_31.33_362.91_-3.47_19.25_23.56_27.25_0.9686_0.0262_-0.0718_-0.2367end,0.0,0.0,0.0
2264,,0.0,0.0,0.0
2265,0.68_2.34_-8.12_24.06_345.34_-0.11_18.12_23.56_28.94_0.9686_0.0262_-0.0718_-0.2367end1.24_2.56_-8.39_24.06_345.34_-0.11_18.12_23.56_28.94_0.9704_0.0312_-0.0424_-0.2357end1.66_2.37_-8.50_9.51_314.12_4.81_18.12_23.56_28.94_0.9711_0.0370_-0.0154_-0.2350end0.48_2.21_-7.97_9.51_314.12_4.81_13.81_23.25_30.25_0.9711_0.0370_-0.0154_-0.2350end0.48_2.21_-7.97_-5.26_284.69_8.62_13.81_23.25_30.25_0.9711_0.0432_0.0085_-0.2347end0.20_1.96_-8.18_-5.26_284.69_8.62_13.81_23.25_30.25_0.9711_0.0432_0.0085_-0.2347end0.20_1.96_-8.18_-5.26_284.69_8.62_13.44_24.31_30.75_0.9703_0.0504_0.0302_-0.2348end0.20_1.96_-8.18_-46.33_214.75_15.44_11.56_23.62_31.56_0.9703_0.0504_0.0302_-0.2348end0.20_1.96_-8.18_-46.33_214.75_15.44_11.56_23.62_31.56_0.9683_0.0625_0.0573_-0.2352end2.24_0.53_-7.18_-58.30_200.87_14.44_11.56_23.62_31.56_0.9683_0.0625_0.0573_-0.2352end,0.0,0.0,0.0
2266,,0.0,0.0,0.0
2267,,0.0,0.0,0.0
2268,2.24_0.53_-7.18_-58.30_200.87_14.44_7.62_22.00_33.69_0.9665_0.0714_0.0731_-0.2354end2.24_0.53_-7.18_-58.30_200.87_14.44_7.62_22.00_33.69_0.9644_0.0813_0.0890_-0.2355end3.02_1.20_-8.81_-58.30_200.87_14.44_7.62_22.00_33.69_0.9632_0.0865_0.0970_-0.2354end3.02_1.20_-8.81_-84.15_220.12_4.25_7.62_22.00_33.69_0.9632_0.0865_0.0970_-0.2354end3.48_0.78_-9.18_-84.15_220.12_4.25_7.62_22.00_33.69_0.9588_0.1044_0.1228_-0.2339end3.89_1.30_-9.05_-84.15_220.12_4.25_3.62_21.00_35.00_0.9588_0.1044_0.1228_-0.2339end3.89_1.30_-9.05_-107.65_261.30_-14.21_3.62_21.00_35.00_0.9551_0.1183_0.1418_-0.2318end4.30_2.36_-9.13_-107.65_261.30_-14.21_3.62_21.00_35.00_0.9529_0.1257_0.15,0.0,0.0,0.0
2269,16_-0.2305end4.75_3.63_-9.09_-115.15_283.91_-23.28_3.62_21.00_35.00_0.9506_0.1332_0.1617_-0.2289end4.75_3.63_-9.09_-115.15_283.91_-23.28_0.75_21.75_35.88_0.9480_0.1413_0.1727_-0.2269end,0.0,0.0,0.0
2270,5.23_4.23_-8.99_-119.85_313.67_-34.80_0.75_21.75_35.88_0.9423_0.1574_0.1948_-0.2223end5.23_4.23_-8.99_-119.85_313.67_-34.80_-2.87_19.69_36.25_0.9389_0.1660_0.2067_-0.2195end6.08_4.41_-8.29_-121.08_324.86_-40.29_-2.87_19.69_36.25_0.9317_0.1826_0.2300_-0.2137end6.57_4.14_-7.77_-121.08_324.86_-40.29_-2.87_19.69_36.25_0.9279_0.1909_0.2416_-0.2105end6.57_4.14_-7.77_-121.08_324.86_-40.29_-7.25_16.94_36.31_0.9237_0.1993_0.2532_-0.2072end6.57_4.14_-7.77_-117.72_306.85_-47.00_-7.25_16.94_36.31_0.9154_0.2151_0.2747_-0.2007end6.52_3.07_-6.29_-117.72_306.85_-47.00_-7.25_16.94_36.31_0.9110_0.2231_0.2853_-0.1972end7.96_3.16_-5.45_-110.45_281.89_-50.58_-7.25_16.94_36,0.0,0.0,0.0
2271,.31_0.9067_0.2305_0.2950_-0.1938end7.96_3.16_-5.45_-110.45_281.89_-50.58_-7.25_16.94_36.31_0.9067_0.2305_0.2950_-0.1938end7.96_3.16_-5.45_-106.31_256.94_-56.18_-7.25_16.94_36.31_0.9067_0.2305_0.2950_-0.1938end,0.0,0.0,0.0
2272,,0.0,0.0,0.0
2273,,0.0,0.0,0.0
2274,8.12_3.04_-5.86_-106.31_256.94_-56.18_-7.25_16.94_36.31_0.9067_0.2305_0.2950_-0.1938end8.63_2.23_-5.86_-106.31_256.94_-56.18_-7.25_16.94_36.31_0.9067_0.2305_0.2950_-0.1938end8.63_2.23_-5.86_-106.31_256.94_-56.18_-7.25_16.94_36.31_0.8774_0.2788_0.3525_-0.1674end7.32_2.99_-5.65_-106.31_256.94_-56.18_-7.25_16.94_36.31_0.8730_0.2853_0.3605_-0.1626end7.77_3.36_-5.22_-78.33_268.91_-88.07_-18.12_12.81_33.56_0.8730_0.2853_0.3605_-0.1626end7.77_3.36_-5.22_-63.11_273.27_-90.98_-18.12_12.81_33.56_0.8588_0.3036_0.3861_-0.1459end8.12_4.45_-4.28_-63.11_273.27_-90.98_-19.12_12.19_34.44_0.8588_0.3036_0.3861_-0.1459end8.12_4.45_-4.28_-55.28_268.69_-90.53_-19.12_12.19_3,0.0,0.0,0.0
2275,4.44_0.8539_0.3091_0.3945_-0.1400end8.12_4.45_-4.28_-46.55_260.29_-88.74_-19.12_12.19_34.44_0.8445_0.3188_0.4109_-0.1280end8.21_5.43_-4.79_-30.55_227.84_-77.22_-23.87_10.44_32.25_0.8402_0.3228_0.4182_-0.1224end8.21_5.43_-4.79_-20.48_177.26_-62.33_-23.87_10.44_32.25_0.8326_0.3293_0.4309_-0.1124end9.12_3.71_-4.06_-16.34_152.53_-56.06_-23.87_10.44_32.25_0.8326_0.3293_0.4309_-0.1124end9.12_3.71_-4.06_-16.34_152.53_-56.06_-23.87_10.44_32.25_0.8243_0.3362_0.4440_-0.1013end9.16_2.58_-3.73_-5.48_112.80_-43.87_-23.87_10.44_32.25_0.8221_0.3380_,0.0,0.0,0.0
2276,0.4474_-0.0981end9.70_2.49_-2.77_-5.48_112.80_-43.87_-23.87_10.44_32.25_0.8221_0.3380_0.4474_-0.0981end9.70_2.49_-2.77_1.68_103.85_-38.16_-26.37_9.06_29.25_0.8221_0.3380_0.4474_-0.0981end9.77_3.11_-3.44_1.68_103.85_-38.16_-26.37_9.06_29.25_0.8221_0.3380_0.4474_-0.0981end9.84_4.11_-4.01_6.15_98.59_-31.00_-26.37_9.06_29.25_0.8145_0.3427_0.4601_-0.0866end9.84_4.11_-4.01_6.15_98.59_-31.00_-26.37_9.06_29.25_0.8127_0.3435_0.4631_-0.0841end9.84_4.11_-4.01_8.84_98.14_-21.93_-27.87_10.06_27.87_0.8109_0.3441_0.4663_-0.0816end,0.0,0.0,0.0
2277,,0.0,0.0,0.0
2278,9.84_4.11_-4.01_11.08_100.27_-18.13_-27.87_10.06_27.87_0.8072_0.3448_0.4729_-0.0770end10.06_5.61_-4.10_11.08_100.27_-18.13_-27.87_10.06_27.87_0.8029_0.3450_0.4808_-0.0723end10.05_5.16_-3.90_11.08_100.27_-18.13_-27.87_10.06_27.87_0.8004_0.3450_0.4852_-0.0699end10.02_4.74_-3.81_11.08_100.27_-18.13_-30.00_8.31_25.69_0.7975_0.3450_0.4903_-0.0673end9.91_3.92_-3.41_21.15_156.00_1.79_-30.00_8.31_25.69_0.7975_0.3450_0.4903_-0.0673end9.91_3.92_-3.41_21.15_156.00_1.79_-30.00_8.31_25.69_0.7915_0.3444_0.5011_-0.0620end9.91_3.92_-3.41_25.29_169.87_6.60_-30.00_8.31_25.69_0.7846_0.3434_0.5131_-0.0564end9.71_3.66_-1.80_25.29_169.87_6.60_-30.00_8.31_25.69_0.7846_0.3434,0.0,0.0,0.0
2279,_0.5131_-0.0564end9.73_3.72_-1.48_30.44_167.97_15.00_-30.00_8.31_25.69_0.7846_0.3434_0.5131_-0.0564end9.77_3.69_-1.35_32.68_151.41_22.05_-30.00_8.31_25.69_0.7742_0.3409_0.5311_-0.0483end,0.0,0.0,0.0
2280,,0.0,0.0,0.0
2281,9.77_3.69_-1.35_32.45_143.69_24.95_-30.00_8.31_25.69_0.7680_0.3384_0.5419_-0.0440end9.84_3.58_-1.32_33.01_137.87_27.42_-30.00_8.31_25.69_0.7680_0.3384_0.5419_-0.0440end9.84_3.58_-1.32_32.56_135.29_29.43_-33.31_9.69_20.50_0.7651_0.3371_0.5470_-0.0421end9.84_3.58_-1.32_30.77_138.88_33.12_-33.31_9.69_20.50_0.7564_0.3325_0.5621_-0.0369end10.13_4.56_-1.50_30.77_138.88_33.12_-33.31_10.00_21.37_0.7564_0.3325_0.5621_-0.0369end10.13_4.56_-1.50_28.54_144.81_34.58_-33.31_10.00_21.37_0.7499_0.3293_0.5728_-0.0336end10.13_4.56_-1.50_23.72_158.35_37.94_-34.81_12.06_18.81_0.7499_0.3293_0.5728_-0.0336end10.13_4.56_-1.50_23.72_158.35_37.94_-34.81_12.06_18.81_0.7384_0.32,0.0,0.0,0.0
2282,50_0.5901_-0.0289end10.13_5.05_-1.25_23.72_158.35_37.94_-34.81_12.06_18.81_0.7343_0.3237_0.5961_-0.0276end10.09_5.05_-1.08_10.74_166.85_46.11_-35.44_11.75_16.62_0.7343_0.3237_0.5961_-0.0276end,0.0,0.0,0.0
2283,,0.0,0.0,0.0
2284,9.95_4.93_-0.86_7.50_162.15_48.46_-35.44_11.75_16.62_0.7343_0.3237_0.5961_-0.0276end9.73_4.50_-0.32_2.69_146.15_52.82_-35.81_12.06_17.06_0.7343_0.3237_0.5961_-0.0276end9.68_4.25_-0.09_0.78_137.20_54.61_-35.81_12.06_17.06_0.7136_0.3173_0.6241_-0.0238end9.68_4.25_-0.09_0.78_137.20_54.61_-35.44_12.06_15.75_0.7098_0.3159_0.6292_-0.0,0.0,0.0,0.0
2285,237end9.20_3.76_0.49_0.78_137.20_54.61_-35.44_12.06_15.75_0.7098_0.3159_0.6292_-0.0237end9.20_3.76_0.49_-1.79_122.87_55.39_-35.44_12.06_15.75_0.7029_0.3134_0.6381_-0.0240end9.20_3.76_0.49_-2.69_102.73_54.72_-35.44_12.06_15.75_0.6995_0.3120_0.6424_-0.0242end9.20_3.76_0.49_-2.69_102.73_54.72_-35.44_13.00_12.75_0.6965_0.3107_0.6464,0.0,0.0,0.0
2286,_-0.0245end9.20_3.76_0.49_-3.58_86.28_52.82_-35.44_13.00_12.75_0.6936_0.3094_0.6500_-0.0249end9.20_3.76_0.49_-3.58_86.28_52.82_-35.81_13.69_11.38_0.6884_0.3068_0.6567_-0.0260end8.42_3.55_0.65_-4.14_66.25_49.35_-35.81_13.69_11.38_0.6844_0.3046_0.6619_-0.0275end8.19_3.47_0.66_-4.14_66.25_49.35_-36.94_13.38_11.88_0.6828_0.3035_0.6639_-0.0284end7.87_3.41_0.81_-4.14_66.25_49.35_-36.19_13.69_11.00_0.6816_0.3025_0.6656_-0.0294end7.68_3.36_1.14_-4.92_17.01_39.17_-36.19_13.69_11.00_0.6816_0.3025_0.6656_-0.0294end7.81_3.28_1.37_-4.92_17.01_39.17_-36.19_14.38_11.00_0.6802_0.2999_0.6680_-0.0330end7.91_3.29_1.44_-4.81_-19.14_28.54_-36.19_14.38_11.00_0.6805_0.2992_0.6680_-0.0342end7.91_3.29_1.44_-4.81_-19.14_28.54_-35.81_14.75_11.88_0.6811_0.2986_0.6676_-0.0355end7.66_3.48_1.02_-4.81_-19.14_28.54_-35.81_14.75_11.88_0.6820_0.2982_0.6667_-0.0369end7.56_3.36_0.98_-9.62_-66.47_11.86_-35.81_14.75_11.88_0.6820_0.2982_0.6667_-0.0369end7.27_3.09_0.88_-9.62_-66.47_11.86_-35.81_14.75_11.88_0.6868_0.2975_0.6619_-0.0413end,0.0,0.0,0.0
2287,,0.0,0.0,0.0
2288,,0.0,0.0,0.0
2289,7.00_2.60_0.75_-9.62_-66.47_11.86_-35.81_14.75_11.88_0.6890_0.2976_0.6594_-0.0430end6.36_1.69_0.50_-9.62_-66.47_11.86_-35.81_14.75_11.88_0.6890_0.2976_0.6594_-0.0430end7.09_1.58_1.06_-20.03_-112.02_3.13_-35.81_14.75_11.88_0.6890_0.2976_0.6594_-0.0430end6.54_1.50_0.86_-23.05_-125.22_2.01_-35.19_15.13_14.50_0.6890_0.2976_0.6594_-0.0430end6.38_1.36_0.45_-25.18_-132.61_0.22_-35.19_15.13_14.50_0.7039_0.2995_0.6418_-0.0541end7.23_1.48_-0.17_-25.18_-132.61_0.22_-35.19_15.13_14.50_0.7070_0.3002_0.6378_-0.0565end7.96_2.57_-0.73_-25.18_-132.61_0.22_-34.81_15.13_15.81_0.7070_0.3002_0.6378_-0.0565end7.96_2.57_-0.73_-25.18_-132.61_0.22_-32.94_14.06_16.25_0.7117_0.3,0.0,0.0,0.0
2290,021_0.6313_-0.0606end8.20_3.77_-1.11_-25.18_-132.61_0.22_-32.94_14.06_16.25_0.7133_0.3035_0.6287_-0.0623end8.20_3.77_-1.11_-25.18_-132.61_0.22_-32.63_14.06_16.25_0.7144_0.3051_0.6265_-0.0638end,0.0,0.0,0.0
2291,,0.0,0.0,0.0
2292,,0.0,0.0,0.0
2293,8.20_3.77_-1.11_-49.01_-45.21_-17.68_-32.63_14.06_16.25_0.7156_0.3088_0.6230_-0.0667end8.20_3.77_-1.11_-55.17_-29.43_-16.79_-34.44_15.13_15.81_0.7156_0.3088_0.6230_-0.0667end8.20_3.77_-1.11_-57.63_-21.15_-16.23_-34.44_15.13_15.81_0.7158_0.3130_0.6204_-0.0694end8.11_4.65_0.69_-57.63_-21.15_-16.23_-34.44_15.13_15.81_0.7150_0.3175_0.6187_-0.0721end8.16_3.66_1.27_-57.63_-21.15_-16.23_-34.44_15.13_15.81_0.7142_0.3198_0.6182_-0.0735end8.13_3.39_1.46_-57.63_-21.15_-16.23_-34.44_15.13_15.81_0.7142_0.3198_0.6182_-0.0735end8.16_3.56_1.06_-57.63_-21.15_-16.23_-34.44_12.69_17.94_0.7142_0.3198_0.6182_-0.0735end8.37_3.61_1.00_-72.40_-8.50_-4.03_-34.44_12.69_17.94_0.7142_0.3198_0.6182_-0.0735end8.63_3.62_0.94_-72.40_-8.50_-4.03_-34.44_12.69_17.94_0.7100_0.3314_0.6158_-0.0821end8.88_3.52_0.75_-72.40_-8.50_-4.03_-34.44_12.69_17.94_0.7094_0.3339_0.6149_-0.0845end,0.0,0.0,0.0
2294,9.15_3.39_0.64_-81.24_-35.25_-3.47_-34.44_12.69_17.94_0.7090_0.3363_0.6136_-0.0869end9.89_2.77_0.18_-81.24_-35.25_-3.47_-34.44_12.69_17.94_0.7090_0.3363_0.6136_-0.0869end9.89_2.77_0.18_-81.24_-35.25_-3.47_-34.44_12.69_17.94_0.7098_0.3441_0.6071_-0.0958end9.72_2.75_0.94_-81.24_-35.25_-3.47_-34.44_12.69_17.94_0.7106_0.3468_0.6041_,0.0,0.0,0.0
2295,-0.0991end9.47_3.09_1.05_-88.07_-99.04_-13.76_-34.44_12.69_17.94_0.7106_0.3468_0.6041_-0.0991end9.47_3.09_1.05_-88.07_-99.04_-13.76_-33.31_12.13_20.50_0.7146_0.3547_0.5930_-0.1091end8.50_4.02_1.83_-88.07_-99.04_-13.76_-33.31_12.13_20.50_0.7159_0.3572_0.5894_-0.1119end9.23_4.33_0.98_-68.49_-68.37_-23.39_-33.31_12.13_20.50_0.7159_0.3572_0.5894_-0.1119end9.59_4.12_-0.02_-63.00_-41.74_-26.63_-34.44_11.75_20.50_0.7159_0.3572_0.5894_-0.1119end9.59_4.12_-0.02_-63.00_-41.74_-26.63_-34.44_11.75_20.50_0.7172_0.3646_0.5822_-0.1172end,0.0,0.0,0.0
2296,9.59_4.12_-0.02_-57.30_52.37_-40.17_-34.44_11.75_20.50_0.7162_0.3674_0.5815_-0.1176end9.59_4.12_-0.02_-57.30_52.37_-40.17_-34.44_10.75_21.81_0.7145_0.3704_0.5818_-0.1173end9.59_4.12_-0.02_-52.71_102.84_-46.89_-34.44_10.75_21.81_0.7145_0.3704_0.5818_-0.1173end9.59_4.12_-0.02_-52.71_102.84_-46.89_-34.06_10.00_20.06_0.7092_0.3768_0,0.0,0.0,0.0
2297,.5847_-0.1149end9.59_4.12_-0.02_-52.71_102.84_-46.89_-35.13_9.00_19.69_0.6979_0.3869_0.5931_-0.1077end10.93_7.03_0.64_-52.71_102.84_-46.89_-35.13_9.00_19.69_0.6939_0.3900_0.5963_-0.1047end8.91_5.55_0.25_-52.71_102.84_-46.89_-35.81_8.25_19.62_0.6939_0.3900_0.5963_-0.1047end8.85_5.26_0.13_-17.79_152.53_-47.90_-35.81_8.25_19.62_0.6939_0.3900_0.5963_-0.1047end9.33_5.01_-0.06_-6.27_173.23_-41.52_-35.06_8.63_19.56_0.6939_0.3900_0.5963_-0.1047end9.64_5.07_-0.01_-6.27_173.23_-41.52_-35.06_8.63_19.56_0.6724_0.4018_0.6157_-0.0861end,0.0,0.0,0.0
2298,,0.0,0.0,0.0
2299,9.85_4.71_0.14_-6.27_173.23_-41.52_-35.06_8.63_19.56_0.6724_0.4018_0.6157_-0.0861end9.89_3.81_0.58_-6.27_173.23_-41.52_-35.06_8.63_19.56_0.6620_0.4050_0.6259_-0.0767end9.89_3.81_0.58_16.90_231.09_-37.38_-35.06_8.63_19.56_0.6620_0.4050_0.6259_-0.0767end9.74_3.09_1.44_16.90_231.09_-37.38_-36.88_7.87_14.00_0.6620_0.4050_0.6259_-0.0767end9.74_3.09_1.44_38.72_293.75_-39.50_-36.88_7.87_14.00_0.6620_0.4050_0.6259_-0.0767end9.74_3.09_1.44_38.72_293.75_-39.50_-36.88_7.87_14.00_0.6281_0.4101_0.6599_-0.0440end9.74_3.09_1.44_53.60_340.75_-37.15_-36.88_7.87_14.00_0.6196_0.4104_0.6682_-0.0358end8.88_4.70_2.04_53.60_340.75_-37.15_-38.75_7.50_9.63_0.6100_0.4105_0.6773_-0.0266end8.70_5.15_2.08_53.60_340.75_-37.15_-38.75_7.50_9.63_0.5891_0.4095_0.6967_-0.0074end8.70_5.15_2.08_72.74_444.60_-19.36_-39.81_6.81_4.37_0.5891_0.4095_0.6967_-0.0074end,0.0,0.0,0.0
2300,,0.0,0.0,0.0
2301,,0.0,0.0,0.0
2302,8.76_6.00_2.35_74.86_467.99_-13.88_-39.81_6.81_4.37_0.5891_0.4095_0.6967_-0.0074end8.76_6.00_2.35_74.86_467.99_-13.88_-40.19_7.12_1.75_0.5640_0.4069_0.7184_0.0140end8.76_6.00_2.35_75.65_507.60_3.25_-40.19_7.12_1.75_0.5204_0.4001_0.7528_0.0477end8.00_6.10_3.73_75.65_507.60_3.25_-39.44_7.37_-1.25_0.5204_0.4001_0.7528_0.0477end8.00_6.10_3.73_73.75_504.47_12.31_-39.44_7.37_-1.25_0.4895_0.3939_0.7748_0.0696end7.49_5.84_5.25_73.75_504.47_12.31_-39.44_7.37_-1.25_0.4579_0.3864_0.7955_0.0909end7.02_5.40_5.75_73.75_504.47_12.31_-39.44_6.31_-8.69_0.4428_0.3824_0.8047_0.1006end6.28_5.08_6.15_73.75_504.47_12.31_-38.00_7.19_-11.75_0.4284_0.3784_0.8132_0.1097end6.28_5.08_6.15_59.65_389.99_36.48_-38.00_7.19_-11.75_0.4145_0.3740_0.8212_0.1182end6.28_5.08_6.15_55.51_349.03_43.53_-36.88_7.87_-16.00_0.4145_0.3740_0.8212_0.1182end,0.0,0.0,0.0
2303,,0.0,0.0,0.0
2304,6.28_5.08_6.15_51.92_311.66_49.91_-36.88_7.87_-16.00_0.3917_0.3654_0.8341_0.1318end6.28_5.08_6.15_43.08_233.21_59.42_-36.88_7.87_-16.00_0.3917_0.3654_0.8341_0.1318end6.28_5.08_6.15_38.61_189.23_64.46_-36.88_7.87_-16.00_0.3736_0.3566_0.8444_0.1420end6.28_5.08_6.15_38.61_189.23_64.46_-35.44_8.50_-18.69_0.3616_0.3485_0.8519_0.1486end6.28_5.08_6.15_22.27_69.61_72.29_-35.44_8.50_-18.69_0.3577_0.3445_0.8548_0.1506end6.28_5.08_6.15_22.27_69.61_72.29_-35.44_8.50_-18.69_0.3540_0.3377_0.8588_0.1521end4.70_3.76_7.26_22.27_69.61_72.29_-35.44_8.50_-18.69_0.3540_0.3377_0.8588_0.1521end4.52_4.07_7.18_22.27_69.61_72.29_-32.56_8.81_-20.37_0.3552_0.3295_0.8618_0.1503end5.21_5.14_5.28_22.27_69.61_72.29_-32.56_8.81_-20.37_0.3566_0.3275_0.8622_0.1489end4.18_6.14_6.55_22.27_69.61_72.29_-33.63_9.19_-19.94_0.3566_0.3275_0.8622_0.1489end,0.0,0.0,0.0
2305,,0.0,0.0,0.0
2306,,0.0,0.0,0.0
2307,4.40_6.23_6.57_22.27_69.61_72.29_-33.31_9.19_-19.06_0.3566_0.3275_0.8622_0.1489end4.40_6.23_6.57_22.27_69.61_72.29_-33.31_9.88_-19.50_0.3632_0.3223_0.8623_0.1435end4.40_6.23_6.57_22.27_69.61_72.29_-33.31_9.88_-19.50_0.3680_0.3203_0.8617_0.1393end4.29_5.76_5.65_22.27_69.61_72.29_-33.69_10.94_-19.94_0.3699_0.3198_0.8614_0.1374end4.59_6.01_6.28_22.27_69.61_72.29_-33.69_10.94_-19.94_0.3699_0.3198_0.8614_0.1374end4.70_6.18_6.21_22.27_69.61_72.29_-33.69_10.94_-19.94_0.3729_0.3195_0.8607_0.1342end4.70_6.18_6.21_22.27_69.61_72.29_-33.69_10.94_-19.94_0.3750_0.3206_0.8597_0.1320end4.11_6.88_5.84_22.27_69.61_72.29_-33.69_10.94_-19.94_0.3750_0.3206_0.8597_0.1320en,0.0,0.0,0.0
2308,d3.78_6.50_6.85_22.27_69.61_72.29_-33.69_10.94_-19.94_0.3768_0.3227_0.8584_0.1306end3.46_6.16_7.10_-7.27_-34.91_-32.01_-33.69_10.94_-19.94_0.3768_0.3227_0.8584_0.1306end,0.0,0.0,0.0
2309,,0.0,0.0,0.0
2310,3.29_5.84_7.17_-1.90_-33.80_-38.05_-33.69_10.94_-19.94_0.3796_0.3274_0.8553_0.1304end3.23_5.57_7.27_-1.90_-33.80_-38.05_-33.69_10.94_-19.94_0.3803_0.3292_0.8543_0.1312end2.57_4.07_8.06_-1.90_-33.80_-38.05_-33.69_10.94_-19.94_0.3804_0.3309_0.8533_0.1324end2.25_3.26_8.08_20.81_26.97_-61.77_-33.69_10.94_-19.94_0.3804_0.3309_0.8533_0.1324end2.11_2.47_7.77_20.81_26.97_-61.77_-34.38_9.19_-18.19_0.3750_0.3362_0.8525_0.1403end1.97_2.54_8.02_20.81_26.97_-61.77_-34.38_9.19_-18.19_0.3702_0.3377_0.8533_0.1446end1.97_2.54_8.02_33.12_196.73_-82.47_-34.38_9.19_-18.19_0.3637_0.3391_0.8546_0.1495end3.17_4.42_8.76_33.12_196.73_-82.47_-34.00_9.19_-19.06_0.3637_0.3391_0.8,0.0,0.0,0.0
2311,546_0.1495end3.17_4.42_8.76_33.12_196.73_-82.47_-34.00_9.19_-19.06_0.3344_0.3420_0.8618_0.1690end3.59_5.48_8.79_33.12_196.73_-82.47_-32.94_8.06_-23.44_0.3221_0.3426_0.8647_0.1763end4.24_5.96_9.08_33.12_196.73_-82.47_-32.94_8.06_-23.44_0.3221_0.3426_0.8647_0.1763end4.51_6.04_9.20_33.12_196.73_-82.47_-31.44_7.37_-23.87_0.3221_0.3426_0.8647_0.1763end4.51_6.04_9.20_15.89_351.50_-98.48_-31.44_7.37_-23.87_0.2811_0.3440_0.8735_0.1990end4.59_6.23_9.02_15.89_351.50_-98.48_-31.44_7.37_-23.87_0.2811_0.3440_0.8735_0.1,0.0,0.0,0.0
2312,990end4.59_6.23_9.02_9.51_338.07_-96.69_-31.44_7.37_-23.87_0.2811_0.3440_0.8735_0.1990end4.66_6.15_9.76_9.51_338.07_-96.69_-31.44_7.37_-23.87_0.2271_0.3461_0.8821_0.2247end4.66_6.15_9.76_9.51_338.07_-96.69_-31.44_7.37_-23.87_0.2048_0.3478_0.8845_0.2339end2.65_4.11_9.59_9.51_338.07_-96.69_-31.44_7.37_-23.87_0.1953_0.3489_0.8853_0.2374end1.64_3.82_9.52_-16.79_180.50_-75.09_-31.44_7.37_-23.87_0.1953_0.3489_0.8853_0.2374end1.33_3.88_8.70_-16.79_180.50_-75.09_-31.44_7.37_-23.87_0.1792_0.3510_0.8864_0.2429end,0.0,0.0,0.0
2313,1.33_3.88_8.70_-18.46_140.11_-54.27_-31.44_7.37_-23.87_0.1718_0.3519_0.8868_0.2452end1.33_3.88_8.70_-18.46_140.11_-54.27_-24.12_4.56_-32.13_0.1653_0.3527_0.8872_0.2472end1.33_3.88_8.70_-17.23_129.81_-46.55_-24.12_4.56_-32.13_0.1536_0.3537_0.8880_0.2505end0.15_4.19_8.02_-17.23_129.81_-46.55_-22.75_4.56_-33.44_0.1536_0.3537_0.8880_0.2505end0.15_4.19_8.02_-13.32_116.38_-12.98_-22.75_4.56_-33.44_0.1432_0.3535_0.8890_0.2534end0.15_4.19_8.02_-13.32_116.38_-12.98_-22.75_4.87_-32.56_0.1334_0.3522_0.8903_0.2562end0.65_4.96_8.54_-13.32_116.38_-12.98_-22.75_4.87_-32.56_0.1334_0.3522_0.8903_0.2562end0.65_4.96_8.54_-13.32_116.38_-12.98_-22.75_4.87_-32.56_0.1285_0.3509_0.8911_0.2576end0.65_4.96_8.54_-13.32_116.38_-12.98_-20.19_4.87_-33.81_0.1183_0.3475_0.8929_0.2609end2.11_7.20_8.79_-13.32_116.38_-12.98_-20.19_4.87_-33.81_0.1183_0.3475_0.8929_0.2609end,0.0,0.0,0.0
2314,,0.0,0.0,0.0
2315,2.14_7.22_8.77_-13.32_116.38_-12.98_-18.37_5.56_-34.69_0.1183_0.3475_0.8929_0.2609end2.40_7.23_8.68_-13.32_116.38_-12.98_-18.37_5.56_-34.69_0.0892_0.3345_0.8982_0.2708end1.59_7.49_9.27_-13.32_116.38_-12.98_-16.94_5.50_-35.19_0.0892_0.3345_0.8982_0.2708end1.59_7.49_9.27_-8.50_217.99_22.72_-16.94_5.50_-35.19_0.0741_0.3278_0.9006_0.2758end1.59_7.49_9.27_-13.43_295.43_10.52_-16.94_5.50_-35.19_0.0650_0.3242_0.9017_0.2787end1.59_7.49_9.27_-13.43_295.43_10.52_-15.81_4.50_-35.63_0.0544_0.3203_0.9027_0.2820end1.59_7.49_9.27_-20.03_337.06_1.79_-15.81_4.50_-35.63_0.0272_0.3118_0.9045_0.2897end1.59_7.49_9.27_-32.34_402.30_-14.55_-14.38_5.81_-36.88_0.0272_0.3118_0.,0.0,0.0,0.0
2316,9045_0.2897end1.59_7.49_9.27_-38.83_428.60_-21.04_-14.38_5.81_-36.88_0.0054_-0.3030_-0.9053_-0.2979end-3.32_5.01_8.57_-38.83_428.60_-21.04_-14.38_5.81_-36.88_0.0240_-0.2980_-0.9052_-0.3020end,0.0,0.0,0.0
2317,,0.0,0.0,0.0
2318,-3.32_5.01_8.57_-38.83_428.60_-21.04_-8.19_5.81_-38.19_0.0620_-0.2883_-0.9041_-0.3093end-4.81_3.77_8.96_-38.83_428.60_-21.04_-8.19_5.81_-38.19_0.0820_-0.2834_-0.9029_-0.3126end-5.01_3.21_8.10_-38.83_428.60_-21.04_-1.69_5.75_-39.06_0.0820_-0.2834_-0.9029_-0.3126end-5.01_3.21_8.10_-71.28_451.76_-58.53_-1.69_5.75_-39.06_0.1206_-0.2743_-0.8995_-0.3178end-5.01_3.21_8.10_-75.09_441.69_-65.13_-1.69_5.75_-39.06_0.1397_-0.2700_-0.8973_-0.3199end-4.42_5.02_8.03_-75.09_441.69_-65.13_-1.69_5.75_-39.06_0.1591_-0.2660_-0.8947_-0.3215end-4.42_5.02_8.03_-78.67_368.73_-82.25_-1.69_5.75_-39.06_0.1936_-0.2597_-0.8891_-0.3233end-4.63_5.59_8.93_-78.67_368.73_-82.25_3.75_6.,0.0,0.0,0.0
2319,62_-39.06_0.1936_-0.2597_-0.8891_-0.3233end-4.63_5.59_8.93_-72.18_300.91_-85.27_3.75_6.62_-39.06_0.1936_-0.2597_-0.8891_-0.3233end-4.63_5.59_8.93_-72.18_300.91_-85.27_7.00_7.69_-38.56_0.2478_-0.2529_-0.8781_-0.3221end,0.0,0.0,0.0
2320,,0.0,0.0,0.0
2321,-4.84_5.55_8.63_-72.18_300.91_-85.27_7.00_7.69_-38.56_0.2478_-0.2529_-0.8781_-0.3221end-5.34_4.97_7.69_-72.18_300.91_-85.27_7.00_7.69_-38.56_0.2629_-0.2529_-0.8747_-0.3190end-5.63_4.46_7.18_-55.06_57.18_-64.79_7.00_7.69_-38.56_0.2706_-0.2548_-0.8734_-0.3146end-6.66_3.14_5.48_-55.06_57.18_-64.79_7.00_7.69_-38.56_0.2706_-0.2548_-0.8734_-0.3146end-6.37_1.62_3.91_-55.06_57.18_-64.79_7.00_7.69_-38.56_0.2706_-0.2548_-0.8734_-0.3146end-5.82_1.15_3.76_-41.74_-17.57_-43.08_7.00_7.69_-38.56_0.2706_-0.2548_-0.8734_-0.3146end-6.03_0.79_3.85_-41.74_-17.57_-43.08_7.00_7.69_-38.56_0.2747_-0.2615_-0.8743_-0.3031end-6.87_-0.60_3.10_-41.74_-17.57_-43.08_7.00_7.69_-38.56,0.0,0.0,0.0
2322,_0.2759_-0.2623_-0.8741_-0.3016end-6.12_-1.86_3.71_-41.74_-17.57_-43.08_7.00_7.69_-38.56_0.2759_-0.2623_-0.8741_-0.3016end-5.51_-2.06_4.86_-17.90_53.94_-26.75_7.00_7.69_-38.56_0.2759_-0.2623_-0.8741_-0.3016end,0.0,0.0,0.0
2323,,0.0,0.0,0.0
2324,-4.91_-1.92_6.37_-17.90_53.94_-26.75_10.25_11.12_-37.75_0.2759_-0.2623_-0.8741_-0.3016end-5.27_-0.32_6.85_-17.90_53.94_-26.75_10.25_11.12_-37.75_0.2888_-0.2626_-0.8701_-0.3008end-6.54_-0.09_4.28_22.83_98.59_-13.32_10.25_11.12_-37.75_0.2921_-0.2621_-0.8687_-0.3023end-5.21_1.71_3.56_32.68_139.55_-8.62_10.25_11.12_-37.75_0.2921_-0.2621_-0.8687_-0.3023end-4.87_2.35_3.76_32.68_139.55_-8.62_11.69_10.81_-36.44_0.2921_-0.2621_-0.8687_-0.3023end-4.87_2.35_3.76_54.83_257.94_2.46_11.69_10.81_-36.44_0.3179_-0.2551_-0.8567_-0.3162end-5.07_2.43_3.84_54.83_257.94_2.46_12.81_10.81_-35.56_0.3179_-0.2551_-0.8567_-0.3162end-5.07_2.43_3.84_65.13_315.57_15.22_12.81_10.81_-35.56_0.3379_-0.2480_-0.8469_-0.3272end-5.29_3.95_4.12_65.13_315.57_15.22_14.56_11.12_-36.44_0.3379_-0.2480_-0.8469_-0.3272end-5.29_3.95_4.12_69.49_335.05_23.16_17.12_9.38_-34.25_0.3604_-0.2386_-0.8351_-0.3401end,0.0,0.0,0.0
2325,-5.29_3.95_4.12_67.93_355.52_46.78_17.12_9.38_-34.25_0.3719_-0.2332_-0.8289_-0.3467end-5.74_4.32_3.33_67.93_355.52_46.78_17.12_9.38_-34.25_0.3832_-0.2274_-0.8226_-0.3533end-5.74_4.32_3.33_59.98_345.01_62.78_21.81_8.69_-32.06_0.3832_-0.2274_-0.8226_-0.3533end-6.13_4.84_3.23_54.05_335.83_69.61_21.81_8.69_-32.06_0.3832_-0.2274_-0.8,0.0,0.0,0.0
2326,226_-0.3533end-6.13_4.84_3.23_54.05_335.83_69.61_21.81_8.69_-32.06_0.4352_-0.1935_-0.7907_-0.3846end-6.08_5.37_2.53_54.05_335.83_69.61_21.81_8.69_-32.06_0.4442_-0.1862_-0.7849_-0.3898end-8.16_6.04_3.10_24.84_292.75_82.03_21.81_8.69_-32.06_0.4442_-0.1862_-0.7849_-0.3898end-8.16_6.04_3.10_24.84_292.75_82.03_27.62_6.62_-29.12_0.4526_-0.1790_-0.7793_-0.3947end-7.27_6.32_2.68_24.84_292.75_82.03_27.62_6.06_-27.00_0.4526_-0.1790_-0.7793_-0.3947end-6.61_6.30_2.46_24.84_292.75_82.03_27.62_6.06_-27.00_0.4822_-0.1485_-0.7591_-0.4114end,0.0,0.0,0.0
2327,,0.0,0.0,0.0
2328,-6.69_7.21_2.90_24.84_292.75_82.03_30.56_6.31_-27.00_0.4822_-0.1485_-0.7591_-0.4114end-6.88_7.30_3.10_-7.95_194.94_96.02_30.56_6.31_-27.00_0.4822_-0.1485_-0.7591_-0.4114end-7.25_7.54_3.69_-7.95_194.94_96.02_30.56_6.31_-27.00_0.4976_-0.1271_-0.7479_-0.4206end-7.25_7.54_3.69_-8.39_165.73_84.82_30.56_6.31_-27.00_0.5054_-0.1149_-0.7419_-0.4254end-7.25_7.54_3.69_-7.16_133.62_70.28_30.94_5.37_-24.37_0.5054_-0.1149_-0.7419_-0.4254end-7.30_6.76_3.02_-7.16_133.62_70.28_33.06_4.69_-23.94_0.5054_-0.1149_-0.7419_-0.4254end-7.30_6.76_3.02_-6.27_116.61_63.23_33.06_4.69_-23.94_0.5115_-0.1052_-0.7369_-0.4293end-8.58_5.26_2.79_-3.36_97.13_51.81_33.06_4.69_-23.94_0.5161,0.0,0.0,0.0
2329,_-0.0972_-0.7329_-0.4325end-8.58_5.26_2.79_-3.36_97.13_51.81_32.69_4.37_-22.69_0.5210_-0.0901_-0.7286_-0.4353end-8.43_4.02_0.89_-3.36_97.13_51.81_32.69_4.37_-22.69_0.5241_-0.0864_-0.7261_-0.4366end,0.0,0.0,0.0
2330,,0.0,0.0,0.0
2331,-8.43_4.02_0.89_-3.36_97.13_51.81_32.69_4.37_-22.69_0.5280_-0.0825_-0.7230_-0.4379end-9.10_2.72_-0.61_-3.36_97.13_51.81_32.69_4.37_-22.69_0.5280_-0.0825_-0.7230_-0.4379end-8.82_5.77_-1.76_-3.36_97.13_51.81_32.69_4.37_-22.69_0.5378_-0.0738_-0.7152_-0.4401end-8.49_6.42_-1.63_-3.36_97.13_51.81_34.94_2.62_-20.06_0.5378_-0.0738_-0.7152_-0.4401end-8.39_6.95_-1.71_-6.04_218.66_4.36_35.63_1.94_-18.31_0.5378_-0.0738_-0.7152_-0.4401end-8.81_6.48_-2.07_-6.38_217.21_-2.13_35.63_1.94_-18.31_0.5634_-0.0554_-0.6954_-0.4427end-8.81_6.48_-2.07_-7.50_220.23_-15.78_35.63_1.94_-18.31_0.5768_-0.0472_-0.6849_-0.4427end-8.89_4.52_-2.18_-7.50_220.23_-15.78_35.63_1.94_-18.31_0,0.0,0.0,0.0
2332,.5841_-0.0430_-0.6792_-0.4424end-8.46_3.28_-2.09_-7.50_220.23_-15.78_37.75_3.69_-15.31_0.5841_-0.0430_-0.6792_-0.4424end-8.46_3.28_-2.09_-5.15_236.01_-30.44_37.75_3.69_-15.31_0.5914_-0.0392_-0.6734_-0.4419end,0.0,0.0,0.0
2333,-8.46_3.28_-2.09_1.90_265.89_-46.44_37.44_3.75_-13.50_0.5914_-0.0392_-0.6734_-0.4419end-8.46_3.28_-2.09_1.90_265.89_-46.44_37.44_3.75_-13.50_0.6260_-0.0240_-0.6443_-0.4386end-7.80_2.45_-3.63_1.90_265.89_-46.44_37.44_3.75_-13.50_0.6260_-0.0240_-0.6443_-0.4386end-7.61_2.91_-3.99_30.44_378.58_-76.88_37.44_3.75_-13.50_0.6260_-0.0240_-0.6443_-0.4386end-7.61_3.34_-4.31_30.44_378.58_-76.88_40.31_4.50_-7.44_0.6260_-0.0240_-0.6443_-0.4386end-7.61_3.34_-4.31_47.67_440.91_-87.29_40.31_4.50_-7.44_0.6730_-0.0067_-0.5989_-0.4338end-7.61_3.34_-4.31_56.29_470.45_-90.42_40.31_4.50_-7.44_0.7004_0.0029_-0.5684_-0.4316end-7.61_3.34_-4.31_76.10_524.17_-89.64_40.31_4.50_-7.44_0.7145_0.0081_-0.5515_-0.4304end-9.38_7.53_-5.20_76.10_524.17_-89.64_40.31_4.50_-7.44_0.7145_0.0081_-0.5515_-0.4304end-9.38_7.53_-5.20_86.84_555.95_-77.77_40.31_4.50_-7.44_0.7432_0.0193_-0.5139_-0.4281end,0.0,0.0,0.0
2334,,0.0,0.0,0.0
2335,-7.13_6.24_-6.20_86.84_555.95_-77.77_40.31_4.50_-7.44_0.7699_0.0314_-0.4743_-0.4258end-5.84_4.97_-3.69_86.84_555.95_-77.77_40.69_6.06_6.94_0.7826_0.0377_-0.4539_-0.4244end-4.56_3.55_-5.20_77.89_479.52_-45.77_40.69_6.06_6.94_0.8025_0.0482_-0.4189_-0.4222end-6.85_3.41_-5.55_77.89_479.52_-45.77_40.31_6.75_9.56_0.8025_0.0482_-0.4189,0.0,0.0,0.0
2336,_-0.4222end-6.85_3.41_-5.55_26.19_192.93_-7.39_40.31_6.75_9.56_0.8096_0.0522_-0.4055_-0.4212end-6.85_3.41_-5.55_26.19_192.93_-7.39_40.31_6.75_9.56_0.8167_0.0572_-0.3911_-0.4205end-6.85_3.41_-5.55_-4.48_-1.45_14.66_40.31_6.75_9.56_0.8173_0.0580_-0.3894_-0.4208end-6.85_3.41_-5.55_-4.48_-1.45_14.66_38.13_6.75_12.63_0.8173_0.0580_-0.3894_-0.4208end-6.85_3.41_-5.55_-20.81_-101.61_25.18_38.13_6.75_12.63_0.8121_0.0568_-0.3981_-0.4228end-6.01_8.58_-6.06_-20.81_-101.61_25.18_38.13_6.75_12.63_0.8099_0.0560_-0.4020_-0.4235end,0.0,0.0,0.0
2337,,0.0,0.0,0.0
2338,,0.0,0.0,0.0
2339,-6.50_7.52_-5.96_-20.81_-101.61_25.18_37.75_6.75_11.75_0.8099_0.0560_-0.4020_-0.4235end-6.50_7.52_-5.96_-20.81_-101.61_25.18_38.81_7.37_11.31_0.8066_0.0554_-0.4072_-0.4249end-6.50_2.66_-6.54_-20.81_-101.61_25.18_38.81_7.37_11.31_0.8069_0.0558_-0.4064_-0.4250end-7.10_2.32_-6.54_-20.81_-101.61_25.18_38.13_6.12_10.81_0.8069_0.0558_-0.4064_-0.4250end-6.81_3.30_-6.35_-2.24_96.35_-13.88_38.13_6.12_10.81_0.8069_0.0558_-0.4064_-0.4250end-5.11_3.48_-7.38_-4.48_125.33_-20.59_38.13_6.12_10.81_0.8130_0.0613_-0.3956_-0.4228end-5.93_3.32_-7.65_-4.48_125.33_-20.59_38.13_6.12_10.81_0.8159_0.0636_-0.3907_-0.4214end-4.60_3.80_-7.82_-4.48_125.33_-20.59_38.13_6.12_10.81_0,0.0,0.0,0.0
2340,,0.0,0.0,0.0
2341,.8195_0.0666_-0.3845_-0.4196end-4.60_3.80_-7.82_-4.48_125.33_-20.59_38.13_6.12_10.81_0.8237_0.0698_-0.3772_-0.4175end-3.77_5.04_-8.88_-4.48_125.33_-20.59_38.50_6.50_15.25_0.8237_0.0698_-0.3772_-0.4175end-3.91_5.07_-9.22_-4.48_125.33_-20.59_35.63_7.50_18.25_0.8237_0.0698_-0.3772_-0.4175end-3.69_5.67_-7.53_17.12_420.54_-87.40_35.63_7.50_18.25_0.8237_0.0698_-0.3772_-0.4175end-3.69_5.67_-7.53_20.93_451.65_-94.78_35.63_8.19_19.56_0.8237_0.0698_-0.3772_-0.4175end-3.69_5.67_-7.53_28.20_513.09_-107.77_35.63_8.19_19.56_0.8645_0.0995_-0.2968_-0.3932end-3.69_5.67_-7.53_34.24_532.56_-111.57_35.63_8.19_19.56_0.8726_0.1057_-0.2781_-0.3874end-3.69_5.67_-7.53_34.24_532.56_-111.57_31.94_9.69_24.81_0.8806_0.1119_-0.2583_-0.3812end-3.69_5.67_-7.53_40.17_548.45_-112.47_31.94_9.69_24.81_0.9028_0.1304_-0.1947_-0.3606end-3.42_3.81_-8.29_40.17_548.45_-112.47_31.94_9.69_24.81_0.9090_0.1361_-0.1738_-0.3536end-2.87_3.69_-7.80_40.17_548.45_-112.47_31.94_9.69_24.81_0.9147_0.1416_-0.1528_-0.3464end-2.79_3.26_-7.99_42.19_465.30_-96.69_31.94_9.69_24.81_0.9147_0.1416_-0.1528_-0.3464end,0.0,0.0,0.0
2342,,0.0,0.0,0.0
2343,-2.79_3.26_-7.99_42.19_465.30_-96.69_22.87_10.88_31.37_0.9234_0.1508_-0.1160_-0.3334end-2.79_3.26_-7.99_34.80_382.49_-82.25_20.31_12.31_32.69_0.9267_0.1547_-0.0999_-0.3275end-2.79_3.26_-7.99_21.60_295.10_-70.72_20.31_12.31_32.69_0.9267_0.1547_-0.0999_-0.3275end-2.79_3.26_-7.99_21.60_295.10_-70.72_19.31_11.31_35.31_0.9318_0.1613_-0.0725_-0.3168end-2.79_3.26_-7.99_9.85_210.72_-63.56_19.31_11.31_35.31_0.9352_0.1666_-0.0524_-0.3079end1.22_2.68_-8.02_9.85_210.72_-63.56_19.31_11.31_35.31_0.9377_0.1705_-0.0389_-0.3004end1.62_3.92_-8.82_9.85_210.72_-63.56_19.31_11.31_35.31_0.9387_0.1722_-0.0335_-0.2968end1.14_4.15_-8.92_1.34_123.77_-61.77_19.31_11.31_35.31_0.9,0.0,0.0,0.0
2344,387_0.1722_-0.0335_-0.2968end1.74_4.21_-8.92_1.34_123.77_-61.77_19.31_11.31_35.31_0.9387_0.1722_-0.0335_-0.2968end1.81_4.08_-9.30_1.34_123.77_-61.77_14.25_12.63_35.75_0.9425_0.1782_-0.0134_-0.2824end,0.0,0.0,0.0
2345,,0.0,0.0,0.0
2346,1.81_3.53_-9.41_1.34_123.77_-61.77_14.25_12.63_35.75_0.9425_0.1782_-0.0134_-0.2824end1.81_3.53_-9.41_1.34_123.77_-61.77_13.13_14.06_37.50_0.9425_0.1782_-0.0134_-0.2824end1.85_2.97_-9.93_10.74_259.17_-78.22_13.13_14.06_37.50_0.9425_0.1782_-0.0134_-0.2824end2.22_2.26_-9.09_10.74_259.17_-78.22_13.13_14.06_37.50_0.9468_0.1895_0.0291_-0.2584end2.22_1.96_-8.56_10.74_259.17_-78.22_10.56_14.06_37.94_0.9474_0.1922_0.0406_-0.2528end2.40_1.86_-8.36_20.70_315.91_-80.57_10.56_14.06_37.94_0.9474_0.1922_0.0406_-0.2528end2.59_1.87_-8.50_20.70_315.91_-80.57_7.69_13.75_37.94_0.9478_0.1950_0.0532_-0.2467end2.59_1.87_-8.50_27.08_319.49_-78.11_7.69_13.75_37.94_0.9480_0.200,0.0,0.0,0.0
2347,2_0.0785_-0.2347end2.59_1.87_-8.50_27.08_319.49_-78.11_5.50_14.50_37.94_0.9479_0.2025_0.0914_-0.2285end2.59_1.87_-8.50_31.33_281.22_-70.16_5.50_14.50_37.94_0.9476_0.2044_0.1030_-0.2229end,0.0,0.0,0.0
2348,,0.0,0.0,0.0
2349,2.59_1.87_-8.50_33.35_212.06_-57.07_2.94_14.13_38.88_0.9476_0.2044_0.1030_-0.2229end2.59_1.87_-8.50_33.35_212.06_-57.07_1.50_14.81_36.69_0.9469_0.2071_0.1227_-0.2131end2.59_1.87_-8.50_33.35_212.06_-57.07_1.50_14.81_36.69_0.9464_0.2081_0.1418_-0.2025end2.59_1.87_-8.50_33.35_212.06_-57.07_-0.69_13.81_37.06_0.9463_0.2079_0.1460_-0.2000end4.61_2.69_-8.40_33.35_212.06_-57.07_-0.69_13.81_37.06_0.9462_0.2075_0.1497_-0.1979end5.14_2.61_-8.54_33.35_212.06_-57.07_-0.69_13.81_37.06_0.9462_0.2075_0.1497_-0.1979end5.66_3.09_-8.86_33.35_212.06_-57.07_-0.69_13.81_37.06_0.9460_0.2065_0.1570_-0.1942end5.50_3.44_-8.92_33.35_212.06_-57.07_-0.69_13.81_37.06_0.9454_0.2057_0.1658_-0.1909end5.48_3.87_-9.04_33.35_212.06_-57.07_-0.69_13.81_37.06_0.9449_0.2054_0.1709_-0.1893end5.31_3.84_-8.84_33.35_138.76_-2.46_-0.69_13.81_37.06_0.9449_0.2054_0.1709_-0.1893end,0.0,0.0,0.0
2350,,0.0,0.0,0.0
2351,5.25_3.73_-8.49_32.12_145.14_2.24_-3.56_16.25_36.69_0.9449_0.2054_0.1709_-0.1893end5.05_3.55_-8.17_31.11_145.25_8.28_-3.56_16.25_36.69_0.9413_0.2047_0.1953_-0.1840end5.05_3.55_-8.17_27.98_130.82_20.37_-3.56_16.25_36.69_0.9403_0.2043_0.2012_-0.1833end5.10_2.98_-7.72_27.98_130.82_20.37_-4.31_16.62_37.50_0.9403_0.2043_0.2012_-0.1833end5.10_2.98_-7.72_22.05_82.47_37.26_-4.31_16.62_37.50_0.9383_0.2037_0.2115_-0.1829end5.10_2.98_-7.72_22.05_82.47_37.26_-5.06_16.25_37.13_0.9383_0.2037_0.2115_-0.1829end4.67_3.30_-6.83_20.25_63.11_43.31_-5.06_16.25_37.13_0.9365_0.2025_0.2192_-0.1843end4.67_3.30_-6.83_20.25_63.11_43.31_-5.06_16.25_37.13_0.9352_0.2007_0.2238_-0.1874end4.09_3.42_-6.95_20.25_63.11_43.31_-5.06_16.25_37.13_0.9344_0.1982_0.2249_-0.1923end5.42_3.71_-7.02_20.25_63.11_43.31_-5.06_16.25_37.13_0.9342_0.1968_0.2243_-0.1955end,0.0,0.0,0.0
2352,,0.0,0.0,0.0
2353,,0.0,0.0,0.0
2354,5.42_3.71_-7.02_8.95_-50.92_80.80_-6.50_16.62_37.13_0.9342_0.1968_0.2243_-0.1955end3.72_4.12_-5.80_8.95_-50.92_80.80_-4.31_16.94_37.13_0.9340_0.1952_0.2232_-0.1992end4.32_3.91_-6.55_12.53_-35.36_91.54_-4.31_16.94_37.13_0.9333_0.1902_0.2198_-0.2107end5.26_3.59_-6.85_12.53_-35.36_91.54_-4.31_16.94_37.13_0.9329_0.1885_0.2195_-0.2147end5.75_3.45_-6.85_12.53_-35.36_91.54_-4.31_16.94_37.13_0.9322_0.1871_0.2197_-0.2185end5.75_3.34_-6.88_12.53_-35.36_91.54_-3.19_16.25_37.13_0.9322_0.1871_0.2197_-0.2185end5.37_1.73_-6.89_12.53_-35.36_91.54_-3.19_16.25_37.13_0.9322_0.1871_0.2197_-0.2185end5.50_0.84_-7.41_-6.60_-7.72_90.87_-3.19_16.25_37.13_0.9322_0.1871_0.2197_-0.2185end5.77_-0.24_-7.40_-6.60_-7.72_90.87_-3.19_16.25_37.13_0.9270_0.1821_0.2216_-0.2418end5.80_-0.21_-6.62_-28.31_-56.18_89.08_-3.94_17.62_36.25_0.9270_0.1821_0.2216_-0.2418end,0.0,0.0,0.0
2355,,0.0,0.0,0.0
2356,,0.0,0.0,0.0
2357,5.80_-0.21_-6.62_-28.31_-56.18_89.08_-3.94_17.62_36.25_0.9257_0.1814_0.2177_-0.2506end5.70_1.04_-5.07_-28.31_-56.18_89.08_-2.12_17.62_36.25_0.9257_0.1814_0.2177_-0.2506end5.70_1.04_-5.07_-34.58_-138.99_88.85_-2.12_17.62_36.25_0.9252_0.1801_0.2097_-0.2601end5.70_1.04_-5.07_-34.58_-138.99_88.85_-2.12_17.62_36.25_0.9252_0.1801_0.20,0.0,0.0,0.0
2358,97_-0.2601end5.24_3.89_-6.91_-34.13_-140.33_87.96_-2.12_17.62_36.25_0.9250_0.1781_0.1992_-0.2701end4.59_3.90_-7.36_-34.13_-140.33_87.96_-0.37_16.94_37.13_0.9250_0.1781_0.1992_-0.2701end4.59_3.90_-7.36_-37.49_-92.21_82.47_1.12_16.56_36.69_0.9250_0.1781_0.1992_-0.2701end3.74_2.37_-7.50_-39.61_-67.59_81.13_1.12_16.56_36.69_0.9250_0.1781_0.1992_-0.2701end3.13_1.84_-8.11_-39.61_-67.59_81.13_1.12_16.56_36.69_0.9225_0.1761_0.1801_-0.2925end3.12_1.73_-8.43_-48.57_-0.90_77.89_2.25_16.56_38.00_0.9225_0.1761_0.1801_-0.2925end3.52_2.18_-8.87_-59.87_31.45_74.64_2.25_16.56_38.00_0.9225_0.1761_0.1801_-0.2925end3.88_2.43_-8.62_-59.87_31.45_74.64_2.25_16.56_38.00_0.9152_0.1840_0.1805_-0.3100end4.18_2.68_-8.05_-59.87_31.45_74.64_2.25_16.56_38.00_0.9133_0.1866_0.1813_-0.3132end4.90_3.86_-6.80_-59.87_31.45_74.64_2.25_16.56_38.00_0.9133_0.1866_0.1813_-0.3132e,0.0,0.0,0.0
2359,nd4.86_4.04_-7.00_-76.99_-23.50_65.69_2.25_16.56_38.00_0.9089_0.1936_0.1785_-0.3233end4.86_4.13_-7.26_-80.91_-86.73_60.32_2.25_16.56_38.00_0.9079_0.1953_0.1752_-0.3270end4.64_3.12_-7.94_-80.91_-86.73_60.32_4.00_13.81_38.38_0.9079_0.1953_0.1752_-0.3270end4.64_3.12_-7.94_-84.60_-134.06_53.16_4.00_13.81_38.38_0.9071_0.1967_0.1706_-0.3308end4.64_3.12_-7.94_-84.60_-134.06_53.16_4.00_13.81_38.38_0.9059_0.1988_0.1585_-0.3386end4.64_3.12_-7.94_-86.84_-141.78_40.85_5.87_12.06_37.94_0.9055_0.1998_0.1520_-0.3421end,0.0,0.0,0.0
2360,,0.0,0.0,0.0
2361,4.64_3.12_-7.94_-86.84_-141.78_40.85_5.87_12.06_37.94_0.9055_0.1998_0.1520_-0.3421end4.51_0.14_-9.28_-84.94_-97.81_24.40_5.87_12.06_37.94_0.9055_0.1998_0.1520_-0.3421end4.51_0.14_-9.28_-84.94_-97.81_24.40_5.87_12.06_37.94_0.9034_0.2067_0.1331_-0.3514end4.51_0.14_-9.28_-62.78_42.30_-10.97_5.87_12.06_37.94_0.9021_0.2124_0.1315_-0.3519end5.60_3.90_-10.31_-62.78_42.30_-10.97_5.87_12.06_37.94_0.9021_0.2124_0.1315_-0.3519end5.93_4.29_-9.51_-49.57_95.46_-26.75_5.87_12.06_37.94_0.9021_0.2124_0.1315_-0.3519end6.01_4.53_-9.38_-41.41_112.47_-34.02_5.12_10.38_40.50_0.9021_0.2124_0.1315_-0.3519end5.82_4.72_-9.38_-32.56_124.10_-40.29_5.12_10.38_40.50_0.8991_0.2295_0,0.0,0.0,0.0
2362,.1459_-0.3429end5.59_4.76_-9.64_-32.56_124.10_-40.29_5.12_10.38_40.50_0.8987_0.2327_0.1506_-0.3398end4.97_4.17_-10.07_-32.56_124.10_-40.29_5.12_10.38_40.50_0.8987_0.2327_0.1506_-0.3398end,0.0,0.0,0.0
2363,,0.0,0.0,0.0
2364,4.88_3.87_-10.05_7.83_167.75_-54.39_3.69_10.75_41.37_0.8987_0.2327_0.1506_-0.3398end4.88_3.87_-10.05_13.65_176.81_-55.28_3.69_10.75_41.37_0.8977_0.2408_0.1670_-0.3290end4.82_3.34_-9.73_13.65_176.81_-55.28_1.87_10.38_39.63_0.8977_0.2408_0.1670_-0.3290end4.82_3.34_-9.73_23.72_189.01_-55.06_1.87_10.38_39.63_0.8969_0.2456_0.1799_-0.3209end4.82_3.34_-9.73_23.72_189.01_-55.06_1.87_10.38_39.63_0.8964_0.2477_0.1868_-0.3167end4.82_3.34_-9.73_23.72_189.01_-55.06_-0.69_10.44_40.50_0.8952_0.2518_0.2014_-0.3077end4.82_3.34_-9.73_37.38_178.04_-53.16_-0.69_10.44_40.50_0.8952_0.2518_0.2014_-0.3077end4.82_3.34_-9.73_37.38_178.04_-53.16_-0.69_10.44_40.50_0.8934_0.2563_0,0.0,0.0,0.0
2365,.2222_-0.2944end5.77_2.86_-7.11_37.38_178.04_-53.16_-2.44_11.44_38.81_0.8929_0.2573_0.2285_-0.2903end5.75_2.76_-7.14_42.86_146.37_-52.15_-2.44_11.44_38.81_0.8929_0.2573_0.2285_-0.2903end,0.0,0.0,0.0
2366,5.75_2.76_-7.14_42.86_146.37_-52.15_-2.44_11.44_38.81_0.8915_0.2596_0.2458_-0.2780end5.88_3.11_-7.06_42.86_146.37_-52.15_-2.44_11.44_38.81_0.8911_0.2603_0.2513_-0.2739end5.92_3.38_-7.00_42.86_146.37_-52.15_-2.44_11.44_38.81_0.8911_0.2603_0.2513_-0.2739end5.92_3.38_-7.00_43.31_145.70_-56.40_-5.75_11.81_38.81_0.8911_0.2603_0.2513_,0.0,0.0,0.0
2367,-0.2739end5.92_3.38_-7.00_43.20_149.39_-56.96_-5.75_11.81_38.81_0.8896_0.2623_0.2679_-0.2610end5.80_4.11_-6.91_43.20_149.39_-56.96_-5.75_11.81_38.81_0.8889_0.2630_0.2737_-0.2565end5.80_4.11_-6.91_41.52_166.40_-57.52_-5.75_11.81_38.81_0.8872_0.2646_0.2856_-0.2474end5.91_4.21_-6.93_40.51_173.90_-57.86_-9.38_13.19_37.50_0.8872_0.2646_0.2856_-0.2474end5.91_4.21_-6.93_40.51_173.90_-57.86_-8.63_12.19_36.63_0.8849_0.2667_0.2987_-0.2379end5.91_4.21_-6.93_40.51_173.90_-57.86_-8.63_12.19_36.63_0.8819_0.2693_0.3126_-0.2281end,0.0,0.0,0.0
2368,,0.0,0.0,0.0
2369,6.56_4.61_-6.50_40.51_173.90_-57.86_-8.63_12.19_36.63_0.8819_0.2693_0.3126_-0.2281end7.30_4.28_-5.70_40.51_173.90_-57.86_-8.63_12.19_36.63_0.8765_0.2742_0.3336_-0.2131end7.56_3.77_-4.75_25.18_169.76_-64.79_-13.69_12.81_36.19_0.8765_0.2742_0.3336_-0.2131end7.56_3.77_-4.75_25.18_169.76_-64.79_-13.69_12.81_36.19_0.8732_0.2773_0.3455_-0.2034end7.73_2.88_-3.03_25.18_169.76_-64.79_-15.19_13.50_36.69_0.8732_0.2773_0.3455_-0.2034end7.73_2.88_-3.03_29.88_116.49_-66.70_-15.19_13.50_36.69_0.8709_0.2795_0.3544_-0.1943end7.73_2.88_-3.03_31.22_105.97_-66.36_-15.19_13.50_36.69_0.8709_0.2795_0.3544_-0.1943end7.06_2.17_-4.59_31.67_102.73_-65.35_-15.19_13.50_36.69_0.869,0.0,0.0,0.0
2370,4_0.2811_0.3615_-0.1857end6.83_2.14_-4.83_31.67_102.73_-65.35_-16.62_12.81_34.50_0.8694_0.2811_0.3615_-0.1857end6.70_2.16_-4.89_31.67_102.73_-65.35_-18.50_13.19_34.88_0.8694_0.2811_0.3615_-0.1857end,0.0,0.0,0.0
2371,,0.0,0.0,0.0
2372,6.99_3.07_-5.07_32.45_147.60_-57.63_-18.50_13.19_34.88_0.8694_0.2811_0.3615_-0.1857end7.25_3.55_-4.90_32.45_147.60_-57.63_-18.81_13.50_33.19_0.8611_0.2859_0.3889_-0.1594end7.67_4.05_-4.41_30.10_180.39_-47.45_-18.81_13.50_33.19_0.8588_0.2869_0.3951_-0.1550end8.11_4.26_-3.83_28.87_182.29_-43.08_-18.81_13.50_33.19_0.8588_0.2869_0.3,0.0,0.0,0.0
2373,951_-0.1550end8.25_4.30_-3.66_27.42_181.06_-39.17_-20.62_13.88_32.31_0.8588_0.2869_0.3951_-0.1550end8.25_4.30_-3.66_24.06_177.37_-32.12_-20.62_13.88_32.31_0.8510_0.2897_0.4143_-0.1423end8.25_4.30_-3.66_24.06_177.37_-32.12_-22.81_13.19_33.25_0.8483_0.2904_0.4206_-0.1384end8.25_4.30_-3.66_19.70_176.14_-26.19_-22.81_13.19_33.25_0.8426_0.2920_0.4332_-0.1309end8.37_3.75_-3.03_19.70_176.14_-26.19_-22.81_13.19_33.25_0.8396_0.2928_0.4394_-0.1274end8.37_3.75_-3.03_13.99_176.92_-21.93_-22.81_13.19_33.25_0.8365_0.2937_0.4456_-0.1241end,0.0,0.0,0.0
2374,,0.0,0.0,0.0
2375,8.54_3.46_-2.65_13.99_176.92_-21.93_-23.94_12.19_29.69_0.8333_0.2947_0.4520_-0.1208end8.50_3.64_-2.61_13.99_176.92_-21.93_-23.94_12.19_29.69_0.8268_0.2966_0.4639_-0.1148end8.38_3.75_-2.64_6.15_165.17_-16.90_-26.06_13.50_30.12_0.8268_0.2966_0.4639_-0.1148end8.09_3.86_-2.80_5.15_161.14_-15.67_-26.06_13.50_30.12_0.8268_0.2966_0.4639_-0.1148end8.00_3.92_-2.84_5.15_161.14_-15.67_-26.06_13.50_30.12_0.8171_0.2994_0.4809_-0.1064end8.00_3.92_-2.84_3.02_150.96_-12.98_-26.06_13.50_30.12_0.8109_0.3012_0.4913_-0.1015end7.69_3.96_-2.73_3.02_150.96_-12.98_-27.50_13.13_28.00_0.8109_0.3012_0.4913_-0.1015end7.69_3.96_-2.73_-2.46_120.30_-6.60_-27.50_13.13_28.00_0.8052_0.3029_0.5004_-0.0975end7.60_3.98_-2.64_-2.46_120.30_-6.60_-27.50_13.13_28.00_0.8027_0.3036_0.5043_-0.0959end7.62_3.89_-2.31_-7.61_85.50_-1.12_-27.50_13.13_28.00_0.8005_0.3043_0.5075_-0.0947end,0.0,0.0,0.0
2376,,0.0,0.0,0.0
2377,7.62_3.89_-2.31_-7.61_85.50_-1.12_-29.37_12.75_25.31_0.7974_0.3056_0.5119_-0.0936end7.74_3.69_-1.91_-7.61_85.50_-1.12_-29.37_12.75_25.31_0.7974_0.3056_0.5119_-0.0936end8.05_3.62_-1.91_-7.61_85.50_-1.12_-29.37_12.75_25.31_0.7957_0.3073_0.5134_-0.0948end8.09_3.69_-1.91_-7.61_85.50_-1.12_-29.37_12.75_25.31_0.7957_0.3073_0.5134_-0.0948end8.09_3.69_-1.91_-7.61_85.50_-1.12_-29.37_12.75_25.31_0.7957_0.3080_0.5128_-0.0958end8.30_4.07_-2.25_-7.61_85.50_-1.12_-29.37_12.75_25.31_0.7957_0.3080_0.5128_-0.0958end8.30_4.07_-2.25_-7.61_85.50_-1.12_-28.25_12.13_27.06_0.7966_0.3113_0.5083_-0.1004end8.14_4.15_-2.55_-7.61_85.50_-1.12_-28.25_12.13_27.06_0.7969_0.3124_0.507,0.0,0.0,0.0
2378,1_-0.1015end8.03_4.00_-2.65_-7.61_85.50_-1.12_-28.25_12.13_27.06_0.7970_0.3135_0.5059_-0.1025end7.95_3.96_-2.69_-33.35_-24.28_-6.38_-28.25_12.13_27.06_0.7970_0.3135_0.5059_-0.1025end,0.0,0.0,0.0
2379,,0.0,0.0,0.0
2380,7.87_3.89_-2.73_-33.46_-24.73_-7.27_-28.25_12.13_27.06_0.7973_0.3173_0.5025_-0.1052end7.83_3.87_-2.82_-33.46_-24.73_-7.27_-28.25_12.13_27.06_0.7975_0.3185_0.5012_-0.1062end7.82_3.87_-2.87_-33.46_-24.73_-7.27_-28.25_12.13_27.06_0.7980_0.3198_0.4995_-0.1073end7.84_3.92_-2.96_-34.13_-55.51_-5.48_-28.25_12.13_27.06_0.7980_0.3198_0.4995_-0.1073end7.94_4.02_-2.92_-33.91_-67.37_-3.47_-28.25_12.13_27.06_0.7980_0.3198_0.4995_-0.1073end7.94_4.02_-2.92_-33.91_-67.37_-3.47_-29.37_12.19_27.50_0.7980_0.3198_0.4995_-0.1073end8.28_4.05_-2.92_-33.91_-67.37_-3.47_-29.37_12.19_27.50_0.7980_0.3198_0.4995_-0.1073end8.38_4.05_-2.94_-30.77_-99.37_3.02_-29.37_12.19_27.50_0.79,0.0,0.0,0.0
2381,80_0.3198_0.4995_-0.1073end8.47_4.02_-3.10_-30.77_-99.37_3.02_-27.87_11.50_28.81_0.8080_0.3259_0.4753_-0.1222end8.47_4.11_-3.24_-30.77_-99.37_3.02_-27.13_11.81_29.25_0.8094_0.3264_0.4720_-0.1241end,0.0,0.0,0.0
2382,8.47_4.28_-3.47_-30.77_-99.37_3.02_-27.13_11.81_29.25_0.8094_0.3264_0.4720_-0.1241end8.45_4.42_-3.60_-30.77_-99.37_3.02_-27.13_11.81_29.25_0.8094_0.3264_0.4720_-0.1241end8.48_4.42_-3.62_-30.77_-99.37_3.02_-27.13_11.81_29.25_0.8129_0.3287_0.4630_-0.1295end8.49_4.46_-3.65_-19.36_-23.28_-4.36_-27.13_11.81_29.25_0.8129_0.3287_0.4630_-0.1295end8.51_4.59_-3.71_-19.36_-23.28_-4.36_-27.13_11.81_29.25_0.8134_0.3307_0.4604_-0.1311end8.47_4.50_-3.85_-19.36_-23.28_-4.36_-27.13_11.81_29.25_0.8132_0.3313_0.4600_-0.1313end8.41_4.45_-3.91_-12.31_3.13_-5.37_-27.13_11.81_29.25_0.8132_0.3313_0.4600_-0.1313end8.32_4.38_-3.90_-12.31_3.13_-5.37_-26.81_11.50_31.00_0.8128_0.3,0.0,0.0,0.0
2383,325_0.4599_-0.1314end8.34_4.31_-3.83_-8.50_11.19_-4.59_-26.81_11.50_31.00_0.8128_0.3325_0.4599_-0.1314end8.34_4.31_-3.83_-8.50_11.19_-4.59_-26.81_11.50_31.00_0.8118_0.3338_0.4609_-0.1310end,0.0,0.0,0.0
2384,,0.0,0.0,0.0
2385,8.30_4.13_-3.58_-8.50_11.19_-4.59_-26.81_11.50_31.00_0.8115_0.3340_0.4612_-0.1309end8.31_4.08_-3.57_-0.67_7.39_0.34_-26.81_11.50_31.00_0.8115_0.3340_0.4612_-0.1309end8.33_4.02_-3.54_0.56_3.13_2.13_-26.81_11.50_31.00_0.8115_0.3340_0.4612_-0.1309end8.33_4.02_-3.54_0.56_3.13_2.13_-26.81_11.50_31.00_0.8112_0.3340_0.4619_-0.1310end8.36_3.98_-3.29_0.56_3.13_2.13_-26.81_11.50_31.00_0.8112_0.3340_0.4619_-0.1310end8.38_3.98_-3.20_3.25_-10.18_6.60_-26.81_11.50_31.00_0.8112_0.3340_0.4619_-0.1310end8.38_4.00_-3.14_3.69_-12.65_7.05_-26.81_11.50_31.00_0.8112_0.3340_0.4619_-0.1310end8.40_4.00_-3.15_3.69_-12.65_7.05_-26.44_11.12_30.94_0.8112_0.3340_0.4619_-0.1310end8.,0.0,0.0,0.0
2386,40_4.00_-3.15_2.57_-18.24_7.05_-27.13_11.50_29.25_0.8122_0.3326_0.4605_-0.1327end8.34_4.07_-3.17_2.57_-18.24_7.05_-27.13_11.50_29.25_0.8129_0.3320_0.4595_-0.1337end,0.0,0.0,0.0
2387,,0.0,0.0,0.0
2388,8.40_4.13_-3.19_2.57_-18.24_7.05_-27.13_11.50_29.25_0.8129_0.3320_0.4595_-0.1337end8.42_4.21_-3.15_-0.22_-19.36_6.38_-27.13_11.50_29.25_0.8129_0.3320_0.4595_-0.1337end8.42_4.21_-3.15_-0.22_-19.36_6.38_-27.13_11.50_29.25_0.8142_0.3311_0.4571_-0.1357end8.34_4.29_-3.17_-0.22_-19.36_6.38_-27.13_11.50_29.25_0.8146_0.3310_0.4565_-0.13,0.0,0.0,0.0
2389,62end8.28_4.27_-3.20_-0.22_-19.36_6.38_-27.13_11.50_29.25_0.8146_0.3310_0.4565_-0.1362end8.20_4.02_-3.16_-1.79_-16.67_4.25_-27.13_11.50_29.25_0.8146_0.3310_0.4565_-0.1362end8.20_4.02_-3.16_-2.01_-16.67_3.47_-26.06_11.50_31.37_0.8154_0.3307_0.4548_-0.1376end8.34_4.25_-3.10_-2.35_-17.01_3.13_-26.06_11.50_31.37_0.8159_0.3305_0.4537,0.0,0.0,0.0
2390,_-0.1385end8.29_4.41_-3.18_-2.24_-17.23_2.35_-26.06_11.50_31.37_0.8162_0.3304_0.4532_-0.1389end8.21_4.50_-3.22_-2.24_-17.23_2.35_-26.06_10.81_30.56_0.8162_0.3304_0.4532_-0.1389end,0.0,0.0,0.0
2391,8.24_4.37_-3.18_-2.13_-15.67_1.23_-26.06_10.81_30.56_0.8170_0.3304_0.4515_-0.1399end8.23_4.21_-3.15_-2.13_-15.67_1.23_-26.06_10.81_30.56_0.8172_0.3304_0.4510_-0.1401end8.15_3.96_-3.11_-2.13_-15.67_1.23_-24.56_10.44_30.94_0.8172_0.3304_0.4510_-0.1401end8.13_3.91_-3.09_-2.13_-15.67_1.23_-26.06_10.44_30.94_0.8172_0.3304_0.4510_-0.1401end8.13_3.91_-3.09_-2.13_-15.67_1.23_-26.06_10.44_30.94_0.8177_0.3304_0.4499_-0.1407end8.07_3.90_-3.13_-2.13_-15.67_1.23_-26.06_10.44_30.94_0.8178_0.3305_0.4496_-0.1408end8.15_3.92_-3.09_-2.13_-15.67_1.23_-26.06_10.44_30.94_0.8178_0.3305_0.4496_-0.1408end8.15_3.94_-3.05_-1.01_-11.41_-0.90_-26.06_10.44_30.94_0.8178_0.3305_0.44,0.0,0.0,0.0
2392,,0.0,0.0,0.0
2393,96_-0.1408end8.15_3.94_-3.05_-1.01_-11.41_-0.90_-24.56_10.81_31.87_0.8186_0.3305_0.4480_-0.1414end8.15_3.93_-3.29_-1.01_-11.41_-0.90_-24.56_10.81_31.87_0.8189_0.3304_0.4474_-0.1417end8.15_3.88_-3.32_-0.22_-15.44_-1.45_-24.56_10.81_31.87_0.8189_0.3304_0.4474_-0.1417end8.14_3.85_-3.35_-0.22_-15.44_-1.45_-24.56_10.81_31.87_0.8195_0.3303_0.4463_-0.1420end8.14_3.85_-3.35_-0.22_-15.44_-1.45_-24.56_10.81_31.87_0.8199_0.3304_0.4453_-0.1422end8.23_3.96_-3.32_-0.22_-15.44_-1.45_-24.56_10.81_31.87_0.8202_0.3304_0.4448_-0.1423end8.23_4.09_-3.28_-0.22_-15.44_-1.45_-24.56_10.81_31.87_0.8204_0.3304_0.4443_-0.1425end8.24_4.11_-3.32_-0.67_-13.32_-3.36_-24.56_10.81_31.87_0.8204_0.3304_0.4443_-0.1425end8.28_4.09_-3.44_-0.56_-13.09_-3.80_-24.56_10.81_31.87_0.8212_0.3305_0.4428_-0.1426end8.30_3.98_-3.46_-0.56_-13.09_-3.80_-24.56_10.81_31.87_0.8214_0.3305_0.4423_-0.1426end8.26_3.91_-3.50_-0.56_-13.09_-3.80_-24.56_10.81_31.44_0.8214_0.3305_0.4423_-0.1426end8.29_3.98_-3.48_0.00_-8.84_-5.60_-24.56_10.81_31.44_0.8214_0.3305_0.4423_-0.1426end,0.0,0.0,0.0
2394,,0.0,0.0,0.0
2395,,0.0,0.0,0.0
2396,8.29_3.98_-3.48_0.00_-8.84_-5.60_-25.69_10.81_32.75_0.8222_0.3308_0.4407_-0.1423end8.34_4.09_-3.54_0.00_-8.84_-5.60_-25.69_10.81_32.75_0.8224_0.3309_0.4404_-0.1422end8.34_4.14_-3.54_0.00_-8.84_-5.60_-25.69_10.81_32.75_0.8224_0.3309_0.4404_-0.1422end8.33_4.17_-3.54_0.45_-7.83_-8.06_-25.69_10.81_32.75_0.8224_0.3309_0.4404_-0.1422end8.34_4.14_-3.55_0.45_-7.83_-8.06_-25.69_10.81_32.75_0.8232_0.3314_0.4388_-0.1415end8.38_4.13_-3.55_0.45_-7.83_-8.06_-25.69_10.81_32.75_0.8234_0.3314_0.4385_-0.1412end8.38_4.09_-3.58_0.45_-7.83_-8.06_-25.69_10.81_32.75_0.8235_0.3315_0.4382_-0.1411end8.41_4.05_-3.63_0.45_-7.83_-8.06_-25.69_10.81_32.75_0.8237_0.3317_0.4379_-0.1408end8.41_4.09_-3.56_0.45_-3.92_-8.17_-25.69_10.81_32.75_0.8237_0.3317_0.4379_-0.1408end8.34_4.02_-3.55_0.45_-3.92_-8.17_-25.69_10.81_32.75_0.8240_0.3320_0.4371_-0.1401end,0.0,0.0,0.0
2397,,0.0,0.0,0.0
2398,8.33_4.04_-3.54_0.45_-3.92_-8.17_-25.69_10.81_32.75_0.8242_0.3322_0.4369_-0.1400end8.38_4.16_-3.52_0.45_-3.92_-8.17_-25.69_10.81_32.75_0.8242_0.3322_0.4369_-0.1400end8.38_4.28_-3.57_0.34_-10.63_-5.48_-25.69_10.81_32.75_0.8242_0.3322_0.4369_-0.1400end8.38_4.28_-3.57_-0.11_-16.79_-3.58_-24.94_10.81_31.37_0.8248_0.3324_0.4357_-0.1398end8.38_4.28_-3.57_-0.11_-16.79_-3.58_-24.94_10.81_31.37_0.8254_0.3323_0.4344_-0.1400end8.34_4.29_-3.70_-0.11_-16.79_-3.58_-24.94_10.81_31.37_0.8257_0.3323_0.4337_-0.1402end8.34_4.35_-3.73_-0.11_-16.79_-3.58_-25.31_10.06_30.06_0.8257_0.3323_0.4337_-0.1402end8.37_4.35_-3.63_-0.56_-19.14_1.12_-25.31_10.06_30.06_0.8257_0.3323_0.4,0.0,0.0,0.0
2399,337_-0.1402end8.37_4.35_-3.63_-0.56_-19.14_1.12_-25.31_10.06_30.06_0.8271_0.3319_0.4308_-0.1415end8.45_4.07_-3.52_-0.56_-19.14_1.12_-25.31_10.06_30.06_0.8275_0.3318_0.4302_-0.1418end,0.0,0.0,0.0
2400,,0.0,0.0,0.0
2401,8.45_4.07_-3.52_-0.56_-19.14_1.12_-25.69_10.13_31.44_0.8278_0.3317_0.4296_-0.1423end8.48_3.96_-3.54_-0.56_-19.14_1.12_-25.69_10.13_31.44_0.8278_0.3317_0.4296_-0.1423end8.47_3.96_-3.50_-1.57_-20.14_5.04_-25.69_10.13_31.44_0.8278_0.3317_0.4296_-0.1423end8.47_3.96_-3.50_-1.57_-20.14_5.04_-24.19_10.44_30.94_0.8290_0.3311_0.4269_-0.1,0.0,0.0,0.0
2402,443end8.37_4.07_-3.65_-1.57_-20.14_5.04_-24.19_10.44_30.94_0.8293_0.3309_0.4263_-0.1449end8.37_4.07_-3.65_-2.35_-19.92_7.50_-24.56_10.44_32.25_0.8293_0.3309_0.4263_-0.1449end8.35_4.19_-3.77_-2.35_-19.92_7.50_-23.56_10.13_32.75_0.8299_0.3306_0.4251_-0.1461end8.33_4.19_-3.85_-2.35_-19.92_7.50_-23.56_10.13_32.75_0.8303_0.3303_0.424,0.0,0.0,0.0
2403,0_-0.1473end8.32_4.15_-3.82_-2.35_-19.92_7.50_-23.56_10.13_32.75_0.8305_0.3301_0.4235_-0.1480end8.26_4.07_-3.80_-2.35_-19.92_7.50_-23.56_10.13_32.75_0.8305_0.3301_0.4235_-0.1480end,0.0,0.0,0.0
2404,8.26_4.07_-3.80_-4.36_-18.35_10.63_-23.56_10.13_32.75_0.8309_0.3298_0.4224_-0.1495end8.26_4.07_-3.80_-5.04_-22.16_11.64_-23.87_10.13_31.81_0.8309_0.3298_0.4224_-0.1495end8.21_4.07_-3.77_-5.48_-24.73_12.20_-23.87_10.13_31.81_0.8314_0.3295_0.4211_-0.1512end8.21_4.07_-3.77_-5.48_-24.73_12.20_-23.56_9.75_32.25_0.8314_0.3295_0.4211_-0.1512end8.21_4.07_-3.77_-5.82_-27.08_12.98_-23.56_9.75_32.25_0.8325_0.3289_0.4185_-0.1541end8.04_3.98_-4.06_-5.82_-27.08_12.98_-23.56_9.75_32.25_0.8328_0.3286_0.4176_-0.1551end8.02_4.00_-4.09_-6.71_-30.44_11.97_-23.56_9.75_32.25_0.8328_0.3286_0.4176_-0.1551end8.04_4.05_-4.08_-6.71_-30.44_11.97_-23.56_9.75_32.25_0.8339_0.3281_0.,0.0,0.0,0.0
2405,4147_-0.1581end8.04_4.13_-4.10_-6.71_-30.44_11.97_-23.56_9.75_32.25_0.8343_0.3279_0.4137_-0.1591end8.02_4.11_-4.15_-6.71_-30.44_11.97_-23.56_9.75_32.25_0.8343_0.3279_0.4137_-0.1591end,0.0,0.0,0.0
2406,,0.0,0.0,0.0
2407,8.02_4.11_-4.15_-6.71_-30.44_11.97_-23.56_9.75_32.25_0.8354_0.3273_0.4108_-0.1619end8.03_4.04_-4.13_-6.71_-30.44_11.97_-22.44_10.81_31.87_0.8358_0.3271_0.4099_-0.1628end7.98_3.92_-4.22_-6.71_-30.44_11.97_-22.44_10.81_31.87_0.8361_0.3270_0.4092_-0.1636end8.00_3.93_-4.23_-2.91_-19.14_8.28_-22.44_10.13_32.75_0.8361_0.3270_0.4092_-0.1636end7.95_3.96_-4.20_-2.57_-14.21_7.27_-22.44_10.13_32.75_0.8361_0.3270_0.4092_-0.1636end7.93_3.94_-4.20_-2.57_-14.21_7.27_-21.31_10.44_32.69_0.8366_0.3264_0.4075_-0.1656end7.88_3.96_-4.18_-2.57_-14.21_7.27_-21.31_10.44_32.69_0.8366_0.3264_0.4075_-0.1658end7.87_3.91_-4.18_-2.57_-14.21_7.27_-21.31_10.44_32.69_0.8366_0.3264_0.4075_-0.1658end7.84_3.89_-4.18_-2.57_-14.21_7.27_-21.69_10.81_33.13_0.8362_0.3263_0.4083_-0.1660end7.84_3.89_-4.12_1.23_8.95_1.68_-21.69_10.81_33.13_0.8361_0.3263_0.4086_-0.1659end,0.0,0.0,0.0
2408,,0.0,0.0,0.0
2409,7.70_3.89_-4.14_1.23_8.95_1.68_-21.31_10.13_33.13_0.8359_0.3263_0.4090_-0.1658end7.68_3.87_-4.18_1.57_7.16_1.79_-21.69_9.75_34.44_0.8359_0.3263_0.4090_-0.1658end7.73_3.88_-4.20_1.90_4.81_2.13_-21.69_9.75_34.44_0.8356_0.3262_0.4098_-0.1656end7.77_3.95_-4.14_1.90_4.81_2.13_-21.69_11.19_34.06_0.8356_0.3261_0.4099_-0.1657end7.80_4.04_-4.14_1.34_-4.48_2.24_-21.69_11.19_34.06_0.8356_0.3260_0.4099_-0.1658end7.81_3.96_-4.09_1.34_-4.48_2.24_-21.69_11.19_34.06_0.8356_0.3260_0.4099_-0.1658end7.77_3.89_-4.15_1.34_-9.85_2.69_-21.69_11.19_34.06_0.8356_0.3260_0.4099_-0.1658end7.73_3.87_-4.15_1.34_-9.85_2.69_-21.69_10.13_32.69_0.8362_0.3254_0.4088_-0.1666end7.73_3.86_,0.0,0.0,0.0
2410,-4.18_1.34_-9.85_2.69_-21.69_10.13_32.69_0.8364_0.3253_0.4084_-0.1668end7.73_3.86_-4.18_0.67_-10.63_0.90_-22.81_10.13_33.56_0.8366_0.3252_0.4080_-0.1670end,0.0,0.0,0.0
2411,,0.0,0.0,0.0
2412,7.79_3.87_-4.15_1.12_-9.85_0.34_-22.81_10.13_34.00_0.8366_0.3252_0.4080_-0.1670end7.79_3.87_-4.15_0.90_-9.74_-1.45_-22.81_10.13_34.00_0.8370_0.3250_0.4073_-0.1672end7.89_3.98_-4.24_0.90_-9.74_-1.45_-22.06_10.81_34.06_0.8370_0.3250_0.4073_-0.1672end7.86_4.02_-4.21_0.90_-9.74_-1.45_-22.06_10.81_34.06_0.8375_0.3248_0.4063_-0.1674end7.93_4.00_-4.32_0.90_-9.74_-1.45_-22.06_10.81_34.06_0.8376_0.3248_0.4061_-0.1674end7.91_4.02_-4.32_2.13_-0.11_-4.03_-22.06_10.81_34.06_0.8376_0.3248_0.4061_-0.1674end7.91_4.02_-4.32_2.13_-0.11_-4.03_-22.06_10.81_34.06_0.8377_0.3248_0.4062_-0.1667end8.02_4.02_-4.36_2.13_-0.11_-4.03_-22.06_10.81_34.06_0.8376_0.3248_0.4064_-0.1663,0.0,0.0,0.0
2413,end8.07_4.07_-4.31_2.13_-0.11_-4.03_-22.06_10.81_34.06_0.8376_0.3248_0.4064_-0.1663end8.08_4.09_-4.30_5.60_16.79_-7.39_-22.06_10.81_34.06_0.8376_0.3248_0.4064_-0.1663end,0.0,0.0,0.0
2414,8.08_4.09_-4.30_5.93_18.46_-7.61_-21.69_11.50_33.13_0.8373_0.3250_0.4077_-0.1647end8.08_4.09_-4.30_5.93_18.46_-7.61_-21.69_11.50_33.13_0.8369_0.3251_0.4089_-0.1635end7.99_4.02_-4.22_5.93_18.46_-7.61_-21.69_11.50_33.13_0.8366_0.3252_0.4097_-0.1627end7.91_3.90_-4.16_5.93_18.46_-7.61_-22.44_10.13_33.56_0.8366_0.3252_0.4097_-0.1627end7.95_3.91_-4.07_7.50_21.15_-5.48_-22.44_10.13_33.56_0.8366_0.3252_0.4097_-0.1627end7.95_3.91_-4.07_7.50_21.15_-5.48_-22.44_10.13_33.56_0.8357_0.3251_0.4126_-0.1603end7.99_3.89_-4.04_7.50_21.15_-5.48_-22.44_10.13_33.56_0.8356_0.3250_0.4130_-0.1599end8.04_3.92_-4.00_7.50_21.15_-5.48_-22.44_10.13_33.56_0.8356_0.3249_0.4133_-0.159,0.0,0.0,0.0
2415,6end8.00_4.02_-4.02_5.82_-7.83_0.11_-22.44_10.13_33.56_0.8356_0.3249_0.4133_-0.1596end8.00_4.02_-4.02_5.82_-7.83_0.11_-22.44_10.13_33.56_0.8361_0.3242_0.4128_-0.1595end,0.0,0.0,0.0
2416,,0.0,0.0,0.0
2417,7.98_4.11_-4.11_5.82_-7.83_0.11_-22.81_10.81_33.56_0.8364_0.3239_0.4125_-0.1595end8.02_4.04_-4.11_5.82_-7.83_0.11_-22.81_10.81_33.56_0.8366_0.3237_0.4121_-0.1597end7.96_3.96_-4.03_4.70_-9.18_0.67_-22.81_10.81_33.56_0.8366_0.3237_0.4121_-0.1597end7.95_3.98_-4.03_4.92_-7.05_0.45_-22.81_10.81_33.56_0.8366_0.3237_0.4121_-0.1597end7.94_4.00_-4.03_4.59_-4.25_0.34_-22.81_10.81_33.56_0.8373_0.3228_0.4114_-0.1598end7.94_3.96_-4.01_4.59_-4.25_0.34_-22.81_10.81_33.56_0.8373_0.3226_0.4114_-0.1597end7.89_3.96_-4.00_4.59_-4.25_0.34_-22.44_11.12_31.87_0.8373_0.3226_0.4114_-0.1597end7.87_3.96_-4.02_4.59_-4.25_0.34_-22.81_10.44_32.75_0.8373_0.3226_0.4114_-0.1597end7.91_4.02_-4.01_4.59_-4.25_0.34_-21.69_10.81_31.87_0.8373_0.3223_0.4117_-0.1594end7.87_4.04_-3.98_4.59_-4.25_0.34_-21.69_10.81_31.87_0.8373_0.3222_0.4120_-0.1591end,0.0,0.0,0.0
2418,,0.0,0.0,0.0
2419,7.91_4.04_-3.96_3.25_-2.91_-1.57_-22.44_11.81_32.75_0.8373_0.3222_0.4120_-0.1591end7.91_4.04_-3.96_3.25_-2.91_-1.57_-22.06_11.50_32.75_0.8376_0.3219_0.4118_-0.1588end7.93_4.15_-3.96_3.25_-2.91_-1.57_-22.06_11.50_32.75_0.8377_0.3218_0.4116_-0.1588end7.93_4.20_-4.01_3.25_-2.91_-1.57_-22.06_11.50_32.75_0.8377_0.3218_0.4116_-0.1588end7.93_4.17_-3.98_3.25_-2.91_-1.57_-21.69_11.50_31.87_0.8377_0.3218_0.4116_-0.1588end7.90_3.98_-3.93_3.25_-2.91_-1.57_-21.69_11.50_31.87_0.8383_0.3215_0.4108_-0.1587end7.94_4.02_-3.90_1.90_-3.92_-2.01_-21.69_11.50_31.87_0.8383_0.3215_0.4108_-0.1587end7.94_4.02_-3.90_0.78_-3.47_-2.13_-21.69_11.50_31.87_0.8384_0.3214_0.4105_-0.158,0.0,0.0,0.0
2420,6end7.94_4.02_-3.90_0.78_-3.47_-2.13_-21.69_11.50_31.87_0.8386_0.3214_0.4103_-0.1585end7.94_4.10_-3.96_0.78_-3.47_-2.13_-22.06_11.12_32.75_0.8386_0.3214_0.4103_-0.1585end,0.0,0.0,0.0
2421,,0.0,0.0,0.0
2422,,0.0,0.0,0.0
2423,,0.0,0.0,0.0
2424,7.94_4.10_-3.96_-0.22_0.34_-3.02_-22.06_11.12_32.75_0.8386_0.3214_0.4103_-0.1585end7.92_4.02_-3.96_-0.22_0.34_-3.02_-20.62_10.81_33.56_0.8386_0.3217_0.4102_-0.1581end7.90_3.96_-3.96_-1.79_3.25_-2.24_-20.62_10.81_33.56_0.8385_0.3218_0.4103_-0.1580end7.96_4.00_-3.92_-1.79_3.25_-2.24_-20.62_10.81_33.56_0.8385_0.3218_0.4103_-0.1580end7.96_4.00_-3.91_-2.91_-2.69_-0.56_-22.06_10.44_32.25_0.8385_0.3218_0.4103_-0.1580end7.91_4.04_-3.89_-2.91_-2.69_-0.56_-22.06_10.44_32.25_0.8384_0.3223_0.4102_-0.1581end7.96_4.11_-3.99_-2.91_-2.69_-0.56_-22.06_10.44_32.25_0.8384_0.3223_0.4102_-0.1581end7.99_4.14_-4.00_-2.91_-2.69_-0.56_-22.06_10.44_32.25_0.8386_0.3224_0.4095_-0.1586end7.98_4.16_-4.04_-3.58_-14.10_2.57_-22.06_10.44_32.25_0.8389_0.3224_0.4085_-0.1593end7.99_4.10_-4.09_-3.58_-14.10_2.57_-22.06_10.81_32.75_0.8391_0.3224_0.4080_-0.1597end,0.0,0.0,0.0
2425,8.03_4.15_-4.06_-3.58_-14.10_2.57_-22.06_10.81_32.75_0.8394_0.3224_0.4074_-0.1602end8.05_4.15_-4.06_-3.80_-15.22_4.03_-22.06_10.81_32.75_0.8394_0.3224_0.4074_-0.1602end8.03_4.13_-4.12_-3.80_-15.22_4.03_-22.06_10.81_32.75_0.8398_0.3223_0.4059_-0.1614end8.04_4.09_-4.10_-3.80_-15.22_4.03_-21.69_10.81_34.06_0.8399_0.3223_0.4056_-0.1618end8.06_4.00_-4.06_-3.80_-6.71_4.92_-21.69_10.81_34.06_0.8399_0.3223_0.4056_-0.1618end8.06_4.00_-4.06_-3.80_-6.71_4.92_-21.69_10.81_34.06_0.8400_0.3223_0.4049_-0.1629end8.02_4.00_-4.07_-3.80_-6.71_4.92_-22.44_11.19_34.06_0.8400_0.3223_0.4048_-0.1632end7.93_4.00_-4.16_-3.80_-6.71_4.92_-22.44_11.19_34.06_0.8400_0.3224_0.4047_-0,0.0,0.0,0.0
