ID,data,latitude,longitude,altitude
1,,24.3790273,120.90879266,1062.85693359375
2,0.77_8.81_2.72_35.25_-14.10_-5.71_15.38_-14.00_-39.56_0.1035_0.2231_-0.7623_-0.5986end0.77_8.81_2.72_35.25_-14.10_-5.71_15.38_-14.00_-39.56_0.1037_0.2209_-0.7599_-0.6024end0.89_8.82_2.35_35.36_-11.53_-5.82_15.38_-14.00_-39.56_0.1038_0.2203_-0.7591_-0.6037end0.89_8.82_2.28_35.36_-11.53_-5.82_15.38_-14.00_-39.56_0.1038_0.2203_-0.7,24.3790273,120.90879266,1062.85693359375
3,,24.3790273,120.90879266,1062.85693359375
4,591_-0.6037end0.98_8.84_2.19_35.36_-11.53_-5.82_15.38_-14.00_-39.56_0.1039_0.2197_-0.7583_-0.6049end0.98_8.84_2.19_35.36_-11.53_-5.82_15.38_-14.00_-39.56_0.1047_0.2179_-0.7557_-0.6086end1.02_8.90_2.15_35.36_-11.53_-5.82_15.38_-14.00_-39.56_0.1050_0.2174_-0.7549_-0.6098end0.97_8.91_2.16_35.36_-11.53_-5.82_15.38_-14.00_-39.56_0.10,24.3790273,120.90879266,1062.85693359375
5,50_0.2174_-0.7549_-0.6098end0.98_8.88_2.13_35.36_-11.53_-5.82_14.94_-16.06_-37.81_0.1050_0.2174_-0.7549_-0.6098end0.98_8.88_2.13_35.36_-11.53_-5.82_14.94_-16.06_-37.81_0.1072_0.2160_-0.7513_-0.6144end,24.3790273,120.90879266,1062.85693359375
6,,24.3790273,120.90879266,1062.85693359375
7,0.81_8.88_2.00_35.36_-11.53_-5.82_14.94_-16.06_-37.81_0.1080_0.2158_-0.7503_-0.6155end0.72_8.91_1.93_35.36_-11.53_-5.82_14.94_-16.06_-37.81_0.1088_0.2156_-0.7494_-0.6165end0.64_8.93_1.86_36.48_9.40_-5.82_14.94_-16.06_-37.81_0.1088_0.2156_-0.7494_-0.6165end0.57_8.93_1.86_36.48_9.40_-5.82_15.31_-16.06_-36.06_0.1105_0.2154_-0.7475_,24.3790273,120.90879266,1062.85693359375
8,-0.6186end0.44_8.97_1.77_36.48_9.40_-5.82_15.31_-16.06_-36.06_0.1105_0.2154_-0.7475_-0.6186end0.44_8.97_1.77_36.48_9.40_-5.82_15.31_-16.06_-36.06_0.1122_0.2152_-0.7455_-0.6207end0.44_8.97_1.77_36.48_9.40_-5.82_15.31_-16.06_-36.06_0.1122_0.2152_-0.7455_-0.6207end0.44_8.97_1.77_36.15_9.85_-5.04_15.31_-16.06_-36.06_0.1122_0.2152_-0.7455_-0.6207end0.01_9.03_1.59_36.15_9.85_-5.04_15.31_-16.06_-36.06_0.1122_0.2152_-0.7455_-0.6207end-0.13_9.05_1.51_36.15_5.93_-4.25_15.31_-16.06_-36.06_0.1122_0.2152_-0.7455_-0.6207end,24.3790273,120.90879266,1062.85693359375
9,-0.13_9.05_1.51_36.15_5.93_-4.25_15.31_-16.06_-36.06_0.1181_0.2142_-0.7378_-0.6291end-0.29_9.02_1.41_36.15_5.93_-4.25_15.31_-16.06_-36.06_0.1187_0.2141_-0.7368_-0.6302end-0.32_9.02_1.31_36.15_5.93_-4.25_15.31_-16.06_-36.06_0.1187_0.2141_-0.7368_-0.6302end-0.36_9.07_1.21_35.59_-1.45_-3.13_15.31_-16.06_-36.06_0.1187_0.2141_-0.7368_-0.6302end-0.36_9.07_1.21_35.59_-1.45_-3.13_15.63_-18.44_-35.69_0.1200_0.2131_-0.7340_-0.6336end-0.36_9.07_1.21_35.59_-1.45_-3.13_15.63_-18.44_-35.69_0.1206_0.2124_-0.7322_-0.6359end-0.32_9.08_1.15_35.59_-1.45_-3.13_15.63_-18.81_-36.13_0.1208_0.2120_-0.7313_-0.6370end-0.28_9.09_1.11_35.59_-1.45_-3.13_15.63_-18.81_-36.13_0.1208_0.2120_-0.7313_-0.6370end-0.30_9.11_1.08_35.59_-1.45_-3.13_15.63_-18.81_-36.13_0.1208_0.2120_-0.7313_-0.6370end-0.31_9.11_1.05_35.59_-1.45_-3.13_15.63_-18.81_-36.13_0.1208_0.2120_-0.7313_-0.6370end,24.3790273,120.90879266,1062.85693359375
10,,24.3790273,120.90879266,1062.85693359375
11,,24.3790273,120.90879266,1062.85693359375
12,-0.31_9.11_1.05_35.59_-1.45_-3.13_15.63_-18.81_-36.13_0.1216_0.2104_-0.7275_-0.6416end-0.32_9.06_0.95_35.59_-1.45_-3.13_15.63_-18.81_-36.13_0.1216_0.2104_-0.7275_-0.6416end-0.28_9.09_1.01_35.59_-1.45_-3.13_15.63_-18.81_-36.13_0.1216_0.2104_-0.7275_-0.6416end-0.28_9.09_1.01_35.59_-1.45_-3.13_15.25_-20.25_-37.06_0.1215_0.2077_-0.7230_-0.6476end-0.03_9.14_0.94_35.59_-1.45_-3.13_15.25_-20.25_-37.06_0.1213_0.2071_-0.7222_-0.6487end0.13_9.16_0.86_35.59_-1.45_-3.13_15.25_-20.25_-37.06_0.1213_0.2071_-0.7222_-0.6487end0.22_9.14_0.85_35.59_-1.45_-3.13_14.87_-19.87_-37.00_0.1213_0.2071_-0.7222_-0.6487end0.22_9.14_0.85_35.59_-1.45_-3.13_14.87_-20.56_-35.25_0.1201_0.2044_-0.7187_-0.6537end0.29_9.18_0.80_35.59_-1.45_-3.13_14.87_-20.56_-35.25_0.1199_0.2038_-0.7178_-0.6549end0.42_9.19_0.63_35.59_-1.45_-3.13_14.50_-20.62_-36.13_0.1199_0.2038_-0.7178_-0.6549end,24.3790273,120.90879266,1062.85693359375
13,,24.3790273,120.90879266,1062.85693359375
14,0.42_9.19_0.63_33.80_-18.69_2.01_14.50_-20.62_-36.13_0.1192_0.2025_-0.7160_-0.6573end0.42_9.19_0.63_33.80_-18.69_2.01_14.87_-20.56_-35.25_0.1188_0.2018_-0.7151_-0.6586end0.42_9.19_0.63_33.24_-18.80_1.45_14.87_-20.56_-35.25_0.1186_0.2011_-0.7142_-0.6598end0.42_9.19_0.63_33.12_-18.69_1.79_14.87_-20.56_-35.25_0.1186_0.2011_-0.7142_-0.6598end1.10_9.16_0.35_32.79_-17.79_1.45_14.87_-20.56_-35.25_0.1186_0.2011_-0.7142_-0.6598end1.21_9.23_0.35_32.79_-17.79_1.45_14.87_-20.56_-35.25_0.1186_0.2011_-0.7142_-0.6598end1.16_9.17_0.27_32.79_-17.79_1.45_14.87_-20.56_-35.25_0.1175_0.1981_-0.7099_-0.6656end1.16_9.17_0.27_33.46_-9.06_1.57_14.87_-20.56_-35.25_0.1175_0.1981_-0.7099_-0.6656end1.13_9.19_0.26_33.46_-9.06_1.57_14.87_-20.56_-35.25_0.1175_0.1981_-0.7099_-0.6656end1.13_9.19_0.26_33.46_-9.06_1.57_14.87_-20.56_-35.25_0.1177_0.1959_-0.7052_-0.6711end,24.3790273,120.90879266,1062.85693359375
15,,24.3790273,120.90879266,1062.85693359375
16,1.18_9.17_0.20_33.46_-9.06_1.57_13.38_-21.62_-34.00_0.1177_0.1959_-0.7052_-0.6711end1.38_9.19_0.05_33.46_-9.06_1.57_13.38_-21.62_-34.00_0.1177_0.1959_-0.7052_-0.6711end1.38_9.19_0.05_32.79_-5.04_0.22_13.38_-21.62_-34.00_0.1177_0.1959_-0.7052_-0.6711end1.38_9.19_0.05_32.45_-2.69_0.00_14.50_-21.62_-34.44_0.1177_0.1959_-0.7052_-0.6711end1.53_9.19_-0.06_32.45_-2.69_0.00_14.50_-21.62_-34.44_0.1187_0.1940_-0.6996_-0.6774end1.47_9.16_-0.07_32.45_-2.69_0.00_14.50_-21.62_-34.44_0.1190_0.1937_-0.6987_-0.6783end1.50_9.20_-0.02_32.45_-2.69_0.00_14.50_-21.62_-34.44_0.1190_0.1937_-0.6987_-0.6783end1.53_9.21_0.05_32.45_-2.69_0.00_14.50_-21.62_-34.44_0.1196_0.1934_-0.6968_-0.6803end1.64_9.21_0.11_32.45_-2.69_0.00_14.50_-21.62_-34.44_0.1202_0.1929_-0.6949_-0.6823end1.66_9.21_0.06_32.45_-2.69_0.00_14.50_-21.62_-34.44_0.1202_0.1929_-0.6949_-0.6823end,24.3790273,120.90879266,1062.85693359375
17,,24.3790273,120.90879266,1062.85693359375
18,1.78_9.19_0.09_32.45_-2.69_0.00_14.50_-21.62_-34.44_0.1202_0.1929_-0.6949_-0.6823end1.84_9.17_-0.03_32.45_-2.69_0.00_13.69_-23.31_-33.25_0.1202_0.1929_-0.6949_-0.6823end1.84_9.17_-0.03_32.45_-2.69_0.00_13.69_-23.31_-33.25_0.1221_0.1915_-0.6902_-0.6870end2.08_9.18_-0.39_32.45_-2.69_0.00_14.06_-23.31_-31.94_0.1221_0.1915_-0.6902_-,24.3790273,120.90879266,1062.85693359375
19,0.6870end2.09_9.19_-0.47_32.45_-2.69_0.00_14.06_-23.31_-31.94_0.1221_0.1915_-0.6902_-0.6870end2.09_9.19_-0.47_32.45_-2.69_0.00_14.81_-24.37_-34.50_0.1249_0.1915_-0.6863_-0.6904end2.01_9.19_-0.62_32.45_-2.69_0.00_14.81_-24.37_-34.50_0.1249_0.1915_-0.6863_-0.6904end1.86_9.24_-0.64_32.45_-2.69_0.00_14.06_-22.31_-32.81_0.1249_0.1915,24.3790273,120.90879266,1062.85693359375
20,_-0.6863_-0.6904end1.86_9.24_-0.64_32.45_-2.69_0.00_14.06_-22.94_-32.31_0.1249_0.1915_-0.6863_-0.6904end1.83_9.23_-0.62_32.45_-2.69_0.00_14.06_-22.94_-32.31_0.1299_0.1928_-0.6812_-0.6942end,24.3790273,120.90879266,1062.85693359375
21,,24.3790273,120.90879266,1062.85693359375
22,,24.3790273,120.90879266,1062.85693359375
23,1.70_9.27_-0.51_32.45_-2.69_0.00_14.06_-22.94_-32.31_0.1309_0.1931_-0.6802_-0.6949end1.61_9.25_-0.57_32.45_-2.69_0.00_14.06_-22.94_-32.31_0.1309_0.1931_-0.6802_-0.6949end1.68_9.25_-0.51_32.45_-2.69_0.00_14.06_-22.94_-32.31_0.1309_0.1931_-0.6802_-0.6949end1.68_9.25_-0.51_32.45_-2.69_0.00_14.06_-22.94_-32.31_0.1339_0.1934_-0.6772_,24.3790273,120.90879266,1062.85693359375
24,-0.6972end1.84_9.23_-1.05_32.45_-2.69_0.00_14.06_-22.94_-32.31_0.1339_0.1934_-0.6772_-0.6972end1.91_9.21_-1.24_32.45_-2.69_0.00_14.06_-22.94_-32.31_0.1339_0.1934_-0.6772_-0.6972end1.89_9.19_-1.84_32.45_-2.69_0.00_14.06_-22.94_-32.31_0.1339_0.1934_-0.6772_-0.6972end1.89_9.19_-1.84_32.45_-2.69_0.00_14.06_-22.94_-32.31_0.1390_0.194,24.3790273,120.90879266,1062.85693359375
25,2_-0.6724_-0.7006end1.89_9.19_-1.84_32.45_-2.69_0.00_14.06_-24.37_-31.94_0.1415_0.1949_-0.6705_-0.7017end1.56_9.28_-2.21_32.45_-2.69_0.00_14.06_-24.37_-31.94_0.1429_0.1954_-0.6695_-0.7023end0.97_9.33_-2.18_32.45_-2.69_0.00_14.06_-24.37_-31.94_0.1429_0.1954_-0.6695_-0.7023end0.77_9.40_-2.09_32.45_-2.69_0.00_15.13_-25.75_-31.12_0.1429_0.1954_-0.6695_-0.7023end0.77_9.40_-2.09_32.45_-2.69_0.00_15.88_-25.00_-31.50_0.1481_0.1972_-0.6656_-0.7044end0.40_9.41_-2.18_32.45_-2.69_0.00_15.88_-25.00_-31.50_0.1492_0.1974_-0.6647_-0.7049end0.36_9.46_-2.26_32.45_-2.69_0.00_15.88_-25.00_-31.50_0.1492_0.1974_-0.6647_-0.7049end0.37_9.38_-2.41_24.40_10.52_-7.95_15.88_-25.00_-31.50_0.1492_0.1974_-0.6647_-0.7049end0.43_9.38_-2.47_24.40_10.52_-7.95_16.19_-25.31_-29.81_0.1492_0.1974_-0.6647_-0.7049end0.43_9.38_-2.47_23.61_4.14_-8.28_16.19_-25.31_-29.81_0.1523_0.1,24.3790273,120.90879266,1062.85693359375
26,972_-0.6617_-0.7072end0.43_9.38_-2.47_22.27_2.01_-8.28_16.19_-25.31_-29.81_0.1529_0.1969_-0.6609_-0.7078end0.43_9.38_-2.47_22.27_2.01_-8.28_15.13_-25.37_-31.50_0.1534_0.1966_-0.6603_-0.7084end0.43_9.38_-2.47_21.93_4.59_-7.50_15.13_-25.37_-31.50_0.1545_0.1960_-0.6591_-0.7095end0.43_9.38_-2.47_21.15_6.15_-7.72_15.13_-25.37_-31.50_0.1545_0.1960_-0.6591_-0.7095end0.43_9.38_-2.47_21.15_6.15_-7.72_16.56_-26.44_-31.56_0.1545_0.1960_-0.6591_-0.7095end0.43_9.38_-2.47_21.15_6.15_-7.72_16.56_-26.44_-31.56_0.1564_0.1956_-0.6570_-0.7111end0.69_9.42_-2.52_21.15_6.15_-7.72_16.56_-26.44_-31.56_0.1571_0.1955_-0.6564_-0.7115end0.69_9.42_-2.52_17.68_15.11_-8.06_16.56_-26.44_-31.56_0.1586_0.1956_-0.6551_-0.7123end0.69_9.42_-2.52_17.68_15.11_-8.06_16.56_-26.44_-31.56_0.1603_0.1958_-0.6538_-0.7131end0.57_9.46_-2.72_17.68_15.11_-8.06_16.56_-26.44_-31.56_0.1603_0.1958_-0.6538_-0.7131end0.47_9.45_-2.72_17.68_15.11_-8.06_16.56_-26.44_-31.56_0.1603_0.1958_-0.6538_-0.7131end0.47_9.45_-2.72_17.68_15.11_-8.06_16.56_-25.69_-29.37_0.1603_0.1958_-0.6538_-0.7131end,24.3790273,120.90879266,1062.85693359375
27,0.09_9.50_-2.71_17.68_15.11_-8.06_16.56_-25.69_-29.37_0.1603_0.1958_-0.6538_-0.7131end0.08_9.49_-2.68_17.68_15.11_-8.06_16.56_-25.69_-29.37_0.1646_0.1961_-0.6505_-0.7151end0.08_9.49_-2.68_13.88_5.93_-7.50_16.56_-25.69_-29.37_0.1646_0.1961_-0.6505_-0.7151end0.23_9.53_-2.64_12.31_0.56_-6.94_16.56_-25.69_-29.37_0.1646_0.1961_-0.6505_-0.7151end0.36_9.49_-2.62_12.31_0.56_-6.94_16.56_-25.69_-29.37_0.1646_0.1961_-0.6505_-0.7151end0.52_9.49_-2.68_12.31_0.56_-6.94_16.56_-25.69_-29.37_0.1666_0.1949_-0.6485_-0.7167end0.51_9.46_-2.70_12.31_0.56_-6.94_16.56_-25.69_-29.37_0.1666_0.1949_-0.6485_-0.7167end0.51_9.46_-2.70_12.31_0.56_-6.94_16.56_-25.69_-29.37_0.1671_0.1,24.3790273,120.90879266,1062.85693359375
28,936_-0.6476_-0.7177end0.72_9.49_-2.66_12.31_0.56_-6.94_16.56_-25.69_-29.37_0.1673_0.1932_-0.6474_-0.7180end0.75_9.51_-2.68_12.31_0.56_-6.94_16.56_-25.69_-29.37_0.1673_0.1932_-0.6474_-0.7180end,24.3790273,120.90879266,1062.85693359375
29,,24.3790273,120.90879266,1062.85693359375
30,0.78_9.51_-2.68_8.06_-2.35_-6.94_16.56_-25.69_-29.37_0.1673_0.1932_-0.6474_-0.7180end0.78_9.51_-2.68_8.06_-2.35_-6.94_16.56_-26.00_-28.94_0.1680_0.1921_-0.6467_-0.7187end0.78_9.51_-2.68_8.06_-2.35_-6.94_16.56_-26.00_-28.94_0.1682_0.1919_-0.6465_-0.7189end0.78_9.51_-2.68_8.06_-2.35_-6.94_16.56_-26.00_-28.94_0.1686_0.1917_-0.6463_-0.7191end0.78_9.51_-2.68_8.06_-2.35_-6.94_16.56_-26.00_-28.94_0.1686_0.1917_-0.6463_-0.7191end0.75_9.50_-2.64_8.06_-2.35_-6.94_16.56_-26.00_-28.94_0.1686_0.1917_-0.6463_-0.7191end0.71_9.46_-2.54_8.06_-2.35_-6.94_16.56_-26.00_-28.94_0.1686_0.1917_-0.6463_-0.7191end0.76_9.51_-2.43_8.06_-2.35_-6.94_16.56_-26.00_-28.94_0.1686_0.1917_-0.6463_-0.7191end0.75_9.50_-2.36_4.14_11.64_-7.50_16.56_-26.00_-28.94_0.1686_0.1917_-0.6463_-0.7191end0.74_9.50_-2.26_4.03_11.30_-7.39_16.56_-26.00_-28.94_0.1686_0.1917_-0.6463_-0.7191end,24.3790273,120.90879266,1062.85693359375
31,,24.3790273,120.90879266,1062.85693359375
32,0.74_9.50_-2.26_3.25_9.40_-7.39_16.50_-27.44_-30.25_0.1740_0.1921_-0.6440_-0.7198end0.74_9.50_-2.26_3.25_9.40_-7.39_16.50_-27.44_-30.25_0.1745_0.1921_-0.6439_-0.7198end0.74_9.50_-2.26_3.25_9.40_-7.39_16.50_-27.44_-30.25_0.1755_0.1921_-0.6436_-0.7198end0.67_9.50_-2.27_3.25_9.40_-7.39_16.50_-27.44_-30.25_0.1755_0.1921_-0.6436_-0.7198end0.68_9.51_-2.27_3.25_9.40_-7.39_18.00_-25.62_-28.94_0.1755_0.1921_-0.6436_-0.7198end0.72_9.47_-2.30_3.25_9.40_-7.39_16.94_-26.37_-30.25_0.1769_0.1920_-0.6433_-0.7197end0.73_9.49_-2.23_0.34_4.59_-7.83_16.94_-26.37_-30.25_0.1769_0.1920_-0.6433_-0.7197end0.73_9.49_-2.23_0.34_4.59_-7.83_16.94_-26.37_-30.25_0.1780_0.1917_-0.6432_-0.7196end0.77_9.53_-2.03_0.34_4.59_-7.83_16.94_-26.37_-30.25_0.1780_0.1917_-0.6432_-0.7196end0.81_9.50_-1.95_0.34_4.59_-7.83_16.94_-26.37_-30.25_0.1789_0.1915_-0.6431_-0.7195end,24.3790273,120.90879266,1062.85693359375
33,,24.3790273,120.90879266,1062.85693359375
34,,24.3790273,120.90879266,1062.85693359375
35,,24.3790273,120.90879266,1062.85693359375
36,,24.3790273,120.90879266,1062.85693359375
37,,24.3790273,120.90879266,1062.85693359375
38,,24.3790273,120.90879266,1062.85693359375
39,0.81_9.50_-1.95_0.34_4.59_-7.83_16.87_-27.81_-30.31_0.1794_0.1914_-0.6431_-0.7195end0.81_9.50_-1.95_0.34_4.59_-7.83_16.87_-27.81_-30.31_0.1804_0.1915_-0.6429_-0.7193end0.79_9.51_-1.62_0.34_4.59_-7.83_16.87_-27.81_-30.31_0.1810_0.1915_-0.6429_-0.7192end0.74_9.46_-1.52_0.34_4.59_-7.83_17.25_-26.37_-29.37_0.1810_0.1915_-0.6429_-0.7192end0.74_9.46_-1.52_-1.34_13.88_-9.18_17.25_-26.37_-29.37_0.1810_0.1915_-0.6429_-0.7192end0.73_9.50_-1.33_-1.34_13.88_-9.18_17.25_-26.37_-29.37_0.1837_0.1921_-0.6425_-0.7187end0.68_9.47_-1.14_-1.34_13.88_-9.18_17.25_-26.37_-29.37_0.1837_0.1921_-0.6425_-0.7187end0.68_9.47_-1.14_-1.34_11.75_-10.18_17.25_-26.37_-29.37_0.1837_0.1921_-0.6425_-0.7187end0.68_9.47_-1.14_-1.34_11.75_-10.18_17.25_-26.37_-29.37_0.1862_0.1925_-0.6424_-0.7180end0.77_9.50_-0.88_-1.34_11.75_-10.18_17.25_-26.37_-29.37_0.1862_0.1925_-0.6424_-0.7180end,24.3790273,120.90879266,1062.85693359375
40,0.81_9.50_-0.86_-1.79_10.97_-10.30_17.25_-26.37_-29.37_0.1880_0.1926_-0.6423_-0.7176end0.81_9.46_-0.83_-1.45_11.64_-10.52_17.25_-26.37_-29.37_0.1887_0.1927_-0.6423_-0.7175end0.79_9.48_-0.81_-1.45_11.64_-10.52_17.25_-26.37_-29.37_0.1887_0.1927_-0.6423_-0.7175end0.81_9.46_-0.79_-1.45_11.64_-10.52_17.25_-26.37_-29.37_0.1894_0.1927_,24.3790273,120.90879266,1062.85693359375
41,-0.6422_-0.7173end0.81_9.46_-0.79_-1.45_11.64_-10.52_18.62_-25.62_-28.06_0.1907_0.1929_-0.6422_-0.7170end0.81_9.46_-0.79_-1.23_14.21_-11.41_18.62_-25.62_-28.06_0.1907_0.1929_-0.6422_-0.7170end0.77_9.46_-0.52_-1.23_14.21_-11.41_18.62_-25.62_-28.06_0.1907_0.1929_-0.6422_-0.7170end0.79_9.46_-0.43_-1.23_14.21_-11.41_18.62_-25.62_-28.06_0.1907_0.1929_-0.6422_-0.7170end0.80_9.45_-0.39_-0.11_16.79_-12.31_18.62_-25.62_-28.06_0.1954_0.1937_-0.6417_-0.7159end0.80_9.49_-0.39_-0.11_16.79_-12.31_18.62_-25.62_-28.06_0.1963_0.1938_-0.6417_-0.7156end0.76_9.49_-0.37_-0.11_16.79_-12.31_18.62_-25.62_-28.06_0.1963_0.1938_-0.6417_-0.7156end0.73_9.47_-0.37_-0.11_16.79_-12.31_20.06_-25.56_-28.06_0.1963_0.1938_-0.6417_-0.7156end0.73_9.47_-0.37_0.45_23.61_-12.98_20.06_-25.56_-28.06_0.1992_0.1947_-0.6412_-0.7151end0.68_9.48_-0.35_0.45_23.61_-12.98_20.06_-25.56_-28.06_0.2014_0.1954_-0.6408_-0.7146end0.57_9.48_-0.39_0.45_23.61_-12.98_20.06_-25.56_-28.06_0.2025_0.1958_-0.6406_-0.7144end0.57_9.48_-0.39_0.45_23.61_-12.98_20.06_-25.56_-28.06_0.2036_0.1962_-0.6404_-0.7141end0.39_9.47_-0.39_1.57_27.19_-13.43_20.06_-25.56_-28.06_0.2036_0.1962_-0.6404_-0.7141end0.38_9.47_-0.43_1.57_27.19_-13.43_20.06_-25.56_-28.06_0.2036_0.1962_-0.6404_-0.7141end0.24_9.50_-0.50_1.57_27.19_-13.43_20.06_-25.56_-28.06_0.2072_0.1974_-0.6395_-0.7135end0.24_9.50_-0.50_1.57_27.19_-13.43_20.06_-25.56_-28.06_0.2095_0.1982_-0.6390_-0.7130end,24.3790273,120.90879266,1062.85693359375
42,,24.3790273,120.90879266,1062.85693359375
43,0.08_9.50_-0.62_1.57_27.19_-13.43_20.06_-25.56_-28.06_0.2095_0.1982_-0.6390_-0.7130end0.09_9.50_-0.59_1.57_27.19_-13.43_20.06_-25.56_-28.06_0.2095_0.1982_-0.6390_-0.7130end0.03_9.47_-0.74_1.57_27.19_-13.43_20.06_-25.56_-28.06_0.2095_0.1982_-0.6390_-0.7130end0.03_9.47_-0.74_1.57_27.19_-13.43_20.44_-24.87_-28.94_0.2150_0.1998_-0.6379_-0.7119end0.03_9.47_-0.74_1.57_27.19_-13.43_20.44_-24.87_-28.94_0.2171_0.2004_-0.6376_-0.7115end-0.13_9.48_-0.78_1.57_27.19_-13.43_20.81_-25.56_-27.19_0.2171_0.2004_-0.6376_-0.7115end-0.26_9.47_-0.84_1.57_27.19_-13.43_20.81_-25.56_-27.19_0.2171_0.2004_-0.6376_-0.7115end-0.26_9.47_-0.84_1.57_27.19_-13.43_20.81_-25.56_-27.19_0,24.3790273,120.90879266,1062.85693359375
44,.2211_0.2012_-0.6367_-0.7108end-0.31_9.47_-0.82_1.57_27.19_-13.43_20.81_-25.56_-27.19_0.2211_0.2012_-0.6367_-0.7108end-0.31_9.47_-0.82_1.57_27.19_-13.43_20.81_-25.56_-27.19_0.2221_0.2015_-0.6365_-0.7106end,24.3790273,120.90879266,1062.85693359375
45,,24.3790273,120.90879266,1062.85693359375
46,-0.38_9.54_-0.89_1.57_27.19_-13.43_20.81_-25.56_-27.19_0.2221_0.2015_-0.6365_-0.7106end-0.38_9.54_-0.89_1.57_27.19_-13.43_21.19_-24.81_-26.69_0.2251_0.2021_-0.6357_-0.7101end-0.38_9.54_-0.89_1.57_27.19_-13.43_21.19_-24.81_-26.69_0.2272_0.2026_-0.6353_-0.7098end-0.59_9.49_-0.92_1.57_27.19_-13.43_21.19_-24.81_-26.69_0.2282_0.2029_-0.6350_-0.7096end-0.59_9.48_-0.89_2.91_21.60_-12.65_21.19_-24.81_-26.69_0.2282_0.2029_-0.6350_-0.7096end-0.63_9.49_-0.79_3.69_20.37_-12.20_21.19_-24.81_-26.69_0.2282_0.2029_-0.6350_-0.7096end-0.63_9.49_-0.79_3.69_20.37_-12.20_21.87_-24.81_-26.69_0.2313_0.2038_-0.6342_-0.7090end-0.63_9.49_-0.79_3.69_20.37_-12.20_21.87_-24.81_-26.69_0.2332_0.2042_-0.6337_-0.7087end-0.68_9.50_-0.64_3.69_20.37_-12.20_22.25_-24.12_-26.69_0.2332_0.2042_-0.6337_-0.7087end-0.68_9.50_-0.64_3.36_12.98_-11.75_22.25_-24.12_-26.69_0.2348_0.2045_-0.6334_-0.7084end,24.3790273,120.90879266,1062.85693359375
47,,24.3790273,120.90879266,1062.85693359375
48,,24.3790273,120.90879266,1062.85693359375
49,,24.3790273,120.90879266,1062.85693359375
50,,24.3790273,120.90879266,1062.85693359375
51,-0.68_9.50_-0.64_3.36_12.98_-11.75_22.56_-26.19_-26.31_0.2356_0.2046_-0.6332_-0.7083end-0.68_9.50_-0.64_3.58_12.09_-11.19_22.56_-26.19_-26.31_0.2364_0.2047_-0.6329_-0.7083end-0.68_9.50_-0.64_3.92_11.19_-11.19_21.87_-24.87_-28.06_0.2364_0.2047_-0.6329_-0.7083end-0.68_9.50_-0.64_3.92_11.19_-11.19_21.87_-24.87_-28.06_0.2378_0.2047_-0.6326_-0.7081end-0.79_9.68_-1.01_3.92_11.19_-11.19_21.87_-24.87_-28.06_0.2378_0.2047_-0.6326_-0.7081end-0.79_9.68_-1.01_3.92_11.19_-11.19_23.31_-25.12_-26.31_0.2378_0.2047_-0.6326_-0.7081end-0.80_9.53_-0.96_3.92_11.19_-11.19_23.31_-25.12_-26.31_0.2408_0.2044_-0.6317_-0.7080end-0.80_9.53_-0.68_3.92_11.19_-11.19_23.31_-25.12_-26,24.3790273,120.90879266,1062.85693359375
52,.31_0.2408_0.2044_-0.6317_-0.7080end-0.80_9.51_-0.63_3.92_11.19_-11.19_23.31_-25.12_-26.31_0.2408_0.2044_-0.6317_-0.7080end-0.80_9.51_-0.63_3.92_11.19_-11.19_23.31_-25.12_-26.31_0.2432_0.2042_-0.6307_-0.7080end-0.78_9.52_-0.75_3.92_11.19_-11.19_23.31_-25.12_-26.31_0.2438_0.2042_-0.6306_-0.7080end-0.89_9.49_-0.81_3.92_11.19_-11.19_23.31_-25.12_-26.31_0.2438_0.2042_-0.6306_-0.7080end-0.96_9.54_-0.78_3.92_11.19_-11.19_23.31_-25.12_-26.31_0.2438_0.2042_-0.6306_-0.7080end-0.96_9.54_-0.78_5.60_5.04_-8.28_23.31_-25.12_-26.31_0.2453_0.2040_-0.6300_-0.7080end-0.96_9.54_-0.78_5.60_5.04_-8.28_23.31_-25.12_-26.31_0.2463_0.2037_-0.6297_-0.7081end-0.96_9.54_-0.78_5.60_5.04_-8.28_23.31_-25.12_-26.31_0.2463_0.2037_-0.6297_-0.7081end-1.12_9.52_-0.82_5.60_5.04_-8.28_23.31_-25.12_-26.31_0.2463_0.2037_-0.6297_-0.7081end-1.08_9.50_-0.69_5.60_5.04_-8.28_23.31_-25.12_-26.31_0.2463_0.2037_-0.6297_-0.7081end-1.04_9.51_-0.73_5.60_5.04_-8.28_23.31_-25.12_-26.31_0.2463_0.2037_-0.6297_-0.7081end-1.05_9.48_-0.80_5.60_5.04_-8.28_23.31_-25.12_-26.31_0.2463_0.2037_-0.6297_-0.7081end,24.3790273,120.90879266,1062.85693359375
53,,24.3790273,120.90879266,1062.85693359375
54,,24.3790273,120.90879266,1062.85693359375
55,,24.3790273,120.90879266,1062.85693359375
56,,24.3790273,120.90879266,1062.85693359375
57,,24.3790273,120.90879266,1062.85693359375
58,,24.3790273,120.90879266,1062.85693359375
59,-1.05_9.48_-0.80_5.60_5.04_-8.28_23.31_-25.12_-26.31_0.2490_0.2021_-0.6284_-0.7087end-1.07_9.50_-0.90_5.60_5.04_-8.28_23.31_-25.12_-26.31_0.2490_0.2021_-0.6284_-0.7087end-1.08_9.50_-0.90_5.60_5.04_-8.28_23.31_-25.12_-26.31_0.2490_0.2021_-0.6284_-0.7087end-1.04_9.50_-0.88_5.60_5.04_-8.28_23.31_-25.12_-26.31_0.2490_0.2021_-0.6284_-0.7087end-1.14_9.51_-0.86_5.60_5.04_-8.28_23.31_-25.12_-26.31_0.2502_0.2013_-0.6277_-0.7091end-1.18_9.47_-0.78_6.60_2.01_-5.26_23.31_-25.12_-26.31_0.2502_0.2013_-0.6277_-0.7091end-1.21_9.53_-0.77_6.60_2.01_-5.26_23.31_-25.12_-26.31_0.2502_0.2013_-0.6277_-0.7091end-1.23_9.51_-0.78_6.60_2.01_-5.26_23.31_-24.75_-25.88_0.2502_0.2013_-0.6277_-0.7091end-1.23_9.51_-0.78_6.60_2.01_-5.26_23.31_-24.75_-25.88_0.2522_0.2006_-0.6263_-0.7098end-1.29_9.53_-0.73_6.60_2.01_-5.26_23.31_-24.75_-25.88_0.2522_0.2006_-0.6263_-0.7098end,24.3790273,120.90879266,1062.85693359375
60,-1.29_9.53_-0.73_6.60_2.01_-5.26_23.31_-24.75_-25.88_0.2525_0.2006_-0.6261_-0.7099end-1.36_9.50_-0.71_6.60_2.01_-5.26_23.31_-24.75_-25.88_0.2533_0.2003_-0.6254_-0.7104end-1.36_9.50_-0.71_6.60_2.01_-5.26_23.31_-24.75_-25.88_0.2533_0.2003_-0.6254_-0.7104end-1.46_9.52_-0.64_6.60_2.01_-5.26_23.31_-24.75_-25.88_0.2533_0.2003_-0.6254_-0.7104end-1.50_9.51_-0.70_6.60_2.01_-5.26_23.31_-24.75_-25.88_0.2533_0.2003_-0.6254_-0.7104end-1.50_9.51_-0.70_6.60_2.01_-5.26_23.31_-24.75_-25.88_0.2540_0.1997_-0.6245_-0.7111end-1.56_9.50_-0.82_6.60_2.01_-5.26_23.31_-24.75_-25.88_0.2541_0.1992_-0.6240_-0.7116end-1.65_9.50_-0.89_6.60_2.01_-5.26_23.31_-24.75_-25.88_0.2541_0.1992_-0.6240_-0.7116end-1.65_9.50_-0.89_6.60_2.01_-5.26_23.69_-25.50_-26.31_0.2541_0.1992_-0.6240_-0.7116end-1.65_9.50_-0.89_6.60_2.01_-5.26_23.69_-25.50_-26.31_0.2540_0.1982_-0.6231_-0.7126end-1.93_9.48_-1.12_6.60_2.01_-5.26_23.69_-25.50_-26.31_0.2540_0.1982_-0.6231_-0.7126end-2.10_9.50_-1.12_6.60_2.01_-5.26_23.69_-25.50_-26.31_0.2540_0.1979_-0.6226_-0.7132end-2.20_9.50_-1.14_8.84_-1.45_2.01_23.69_-25.50_-26.31_0.2540_0.1979_-0.6226_-0.7132end-2.28_9.50_-1.18_8.84_-1.01_2.01_23.69_-25.50_-26.31_0.2540_0.1977_-0.6217_-0.7141end-2.39_9.49_-1.17_8.84_-1.01_2.01_23.69_-25.50_-26.31_0.2540_0.1976_-0.6215_-0.7143end-2.58_9.54_-1.20_8.84_-1.01_2.01_23.69_-25.50_-26.31_0.2540_0.1976_-0.6215_-0.7143end-2.58_9.54_-1.20_8.73_-6.38_4.48_23.69_-25.50_-26.31_0.2540_0.1976_-0.6215_-0.7143end-2.59_9.54_-1.26_8.73_-6.38_4.48_22.56_-25.50_-25.44_0.2540_0.1976_-0.6215_-0.7143end-2.59_9.54_-1.26_8.73_-6.38_4.48_22.56_-25.50_-25.44_0.2532_0.1968_-0.6204_-0.7157end-2.59_9.54_-1.26_8.73_-6.38_4.48_22.56_-25.50_-25.44_0.2527_0.1964_-0.6203_-0.7161end,24.3790273,120.90879266,1062.85693359375
61,,24.3790273,120.90879266,1062.85693359375
62,,24.3790273,120.90879266,1062.85693359375
63,-2.03_9.50_-1.46_8.73_-6.38_4.48_22.56_-25.50_-25.44_0.2527_0.1964_-0.6203_-0.7161end-2.03_9.50_-1.46_8.73_-6.38_4.48_22.56_-25.50_-25.44_0.2504_0.1943_-0.6201_-0.7176end-1.21_9.46_-1.73_8.73_-6.38_4.48_22.56_-25.50_-25.44_0.2483_0.1923_-0.6202_-0.7188end-0.97_9.47_-1.80_8.73_-6.38_4.48_22.56_-25.50_-25.44_0.2471_0.1912_-0.6204_-0.7194end-0.80_9.46_-1.86_8.73_-6.38_4.48_22.56_-25.50_-25.44_0.2471_0.1912_-0.6204_-0.7194end-0.43_9.44_-1.98_8.73_-6.38_4.48_22.56_-25.50_-25.44_0.2432_0.1876_-0.6208_-0.7213end0.02_9.41_-2.06_8.73_-6.38_4.48_22.56_-25.50_-25.44_0.2432_0.1876_-0.6208_-0.7213end0.27_9.44_-2.14_8.73_-6.38_4.48_21.87_-26.19_-25.88_0.2432_0.1876_-0.6208_-0.7213end0.27_9.44_-2.14_7.27_-36.26_7.83_21.87_-26.19_-25.88_0.2432_0.1876_-0.6208_-0.7213end0.27_9.44_-2.14_7.27_-36.26_7.83_21.87_-26.19_-25.88_0.2385_0.1832_-0.6213_-0.7236end,24.3790273,120.90879266,1062.85693359375
64,,24.3790273,120.90879266,1062.85693359375
65,,24.3790273,120.90879266,1062.85693359375
66,0.66_9.41_-2.00_7.27_-36.26_7.83_21.87_-26.19_-25.88_0.2385_0.1832_-0.6213_-0.7236end0.66_9.41_-2.00_7.27_-36.26_7.83_21.87_-26.19_-25.88_0.2352_0.1803_-0.6212_-0.7255end0.61_9.43_-2.02_7.27_-36.26_7.83_21.87_-26.19_-25.88_0.2347_0.1799_-0.6210_-0.7259end0.49_9.41_-2.00_7.27_-36.26_7.83_21.87_-26.19_-25.88_0.2343_0.1796_-0.6208_-0.7262end0.48_9.47_-2.00_6.94_-8.17_5.82_21.87_-26.19_-25.88_0.2343_0.1796_-0.6208_-0.7262end0.45_9.42_-2.04_7.05_-7.05_5.71_21.87_-26.19_-25.88_0.2343_0.1796_-0.6208_-0.7262end0.36_9.46_-2.12_7.05_-7.05_5.71_22.19_-26.25_-26.31_0.2332_0.1788_-0.6202_-0.7274end0.19_9.43_-2.18_7.05_-7.05_5.71_22.19_-26.25_-26.31_0.2330_0.1788_-0,24.3790273,120.90879266,1062.85693359375
67,.6200_-0.7276end0.18_9.46_-2.21_6.38_-4.14_4.92_22.19_-26.25_-26.31_0.2330_0.1788_-0.6200_-0.7276end0.18_9.46_-2.21_6.38_-4.14_4.92_21.50_-27.31_-26.37_0.2327_0.1786_-0.6196_-0.7281end,24.3790273,120.90879266,1062.85693359375
68,,24.3790273,120.90879266,1062.85693359375
69,0.18_9.46_-2.21_6.38_-4.14_4.92_21.50_-27.31_-26.37_0.2324_0.1784_-0.6192_-0.7285end-0.04_9.47_-2.43_6.38_-4.14_4.92_21.50_-27.31_-26.37_0.2324_0.1784_-0.6192_-0.7285end-0.13_9.49_-2.50_6.38_-4.14_4.92_21.50_-27.31_-26.37_0.2324_0.1784_-0.6192_-0.7285end-0.20_9.47_-2.60_4.70_3.13_4.25_21.50_-27.31_-26.37_0.2324_0.1784_-0.6192_-0.7285end-0.34_9.47_-2.78_4.70_3.13_4.25_21.50_-27.31_-26.37_0.2321_0.1787_-0.6182_-0.7294end-0.49_9.49_-2.91_4.70_3.13_4.25_22.19_-26.56_-26.37_0.2321_0.1787_-0.6182_-0.7294end-0.49_9.49_-2.91_3.92_7.83_4.25_22.56_-26.56_-26.75_0.2321_0.1787_-0.6182_-0.7294end-0.49_9.49_-2.91_3.92_7.83_4.25_22.56_-26.56_-26.75_0.2326_0.1798_-0.6172_-0.7297end-0.76_9.51_-3.03_3.92_7.83_4.25_22.56_-26.56_-26.75_0.2326_0.1798_-0.6172_-0.7297end-0.76_9.51_-3.03_3.92_7.83_4.25_22.56_-26.56_-26.75_0.2328_0.1802_-0.6170_-0.7298end,24.3790273,120.90879266,1062.85693359375
70,,24.3790273,120.90879266,1062.85693359375
71,,24.3790273,120.90879266,1062.85693359375
72,,24.3790273,120.90879266,1062.85693359375
73,-1.17_9.48_-3.26_3.92_7.83_4.25_22.56_-26.56_-26.75_0.2328_0.1802_-0.6170_-0.7298end-1.17_9.48_-3.26_3.92_7.83_4.25_22.56_-26.56_-26.75_0.2335_0.1815_-0.6164_-0.7298end-1.64_9.50_-3.53_3.92_7.83_4.25_22.56_-26.56_-26.75_0.2335_0.1815_-0.6164_-0.7298end-1.64_9.50_-3.53_3.92_7.83_4.25_22.56_-26.56_-26.75_0.2342_0.1832_-0.6158_-0.7296end-2.03_9.54_-3.16_3.92_7.83_4.25_22.56_-26.56_-26.75_0.2344_0.1838_-0.6157_-0.7296end-2.03_9.54_-3.16_3.92_7.83_4.25_22.19_-26.19_-25.94_0.2344_0.1838_-0.6157_-0.7296end-1.98_9.51_-2.92_3.92_7.83_4.25_21.81_-28.38_-26.81_0.2344_0.1838_-0.6157_-0.7296end-1.83_10.96_-2.00_3.92_7.83_4.25_21.81_-28.38_-26.81_0.2346_0.1857_-0.6152_-0.7294end-1.78_12.43_-1.59_-1.90_-6.49_9.51_21.81_-28.38_-26.81_0.2346_0.1857_-0.6152_-0.7294end-1.78_12.43_-1.59_-1.90_-6.49_9.51_21.81_-28.38_-26.81_0.2335_0.1860_-0.6152_-0.7297end,24.3790273,120.90879266,1062.85693359375
74,,24.3790273,120.90879266,1062.85693359375
75,-1.82_7.61_-1.14_-1.90_-6.49_9.51_21.81_-28.38_-26.81_0.2328_0.1859_-0.6154_-0.7298end-1.82_7.61_-1.14_-1.90_-6.49_9.51_21.81_-27.31_-26.37_0.2309_0.1849_-0.6158_-0.7302end-1.71_10.52_-0.69_-1.90_-6.49_9.51_21.81_-27.31_-26.37_0.2309_0.1849_-0.6158_-0.7302end-1.30_11.24_-0.94_-1.90_-6.49_9.51_21.81_-27.31_-26.37_0.2309_0.1849_-0.6158_-0.7302end-1.30_11.24_-0.94_-1.90_-6.49_9.51_21.81_-27.31_-26.37_0.2247_0.1807_-0.6176_-0.7317end-0.96_12.02_-1.72_-1.90_-6.49_9.51_21.81_-27.31_-26.37_0.2247_0.1807_-0.6176_-0.7317end-0.96_12.02_-1.72_-1.90_-6.49_9.51_21.50_-27.69_-27.69_0.2247_0.1807_-0.6176_-0.7317end-0.91_11.86_-2.17_-4.59_-73.41_14.32_21.50_-27.69_-27,24.3790273,120.90879266,1062.85693359375
76,,24.3790273,120.90879266,1062.85693359375
77,,24.3790273,120.90879266,1062.85693359375
78,.69_0.2247_0.1807_-0.6176_-0.7317end-0.06_11.70_-2.59_-4.59_-73.41_14.32_21.50_-27.69_-27.69_0.2247_0.1807_-0.6176_-0.7317end0.00_11.61_-2.05_-4.59_-73.41_14.32_21.50_-27.69_-27.69_0.2247_0.1807_-0.6176_-0.7317end0.21_11.97_-1.57_-4.59_-73.41_14.32_21.50_-27.69_-27.69_0.2247_0.1807_-0.6176_-0.7317end0.21_11.97_-1.57_-9.96_-121.75_11.97_21.50_-27.69_-27.69_0.2007_0.1604_-0.6251_-0.7371end0.59_12.34_-0.74_-9.96_-121.75_11.97_21.50_-27.69_-27.69_0.2007_0.1604_-0.6251_-0.7371end1.60_12.54_-0.90_-9.96_-121.75_11.97_21.50_-27.69_-27.69_0.1968_0.1566_-0.6264_-0.7378end1.60_12.54_-0.90_-9.96_-121.75_11.97_18.94_-26.69_-28.50_0.1885_0.1485_-0.6292_-0.7393end1.59_12.50_-1.30_-9.96_-121.75_11.97_17.25_-27.06_-29.37_0.1885_0.1485_-0.6292_-0.7393end1.59_12.50_-1.30_-9.96_-121.75_11.97_17.25_-27.06_-29.37_0.1765_0.1364_-0.6332_-0.7412end2.03_12.71_-0.39_-9.96_-121.75_11.97_1,24.3790273,120.90879266,1062.85693359375
79,6.87_-26.75_-29.37_0.1765_0.1364_-0.6332_-0.7412end2.86_12.90_-0.62_-9.96_-121.75_11.97_16.87_-26.75_-29.37_0.1765_0.1364_-0.6332_-0.7412end2.86_12.90_-0.62_-12.98_-101.50_2.46_16.87_-26.75_-29.37_0.1669_0.1260_-0.6368_-0.7421end,24.3790273,120.90879266,1062.85693359375
80,,24.3790273,120.90879266,1062.85693359375
81,2.86_12.90_-0.62_-13.76_-95.68_1.34_16.87_-26.75_-29.87_0.1669_0.1260_-0.6368_-0.7421end2.86_12.90_-0.62_-13.65_-87.85_0.34_16.87_-26.75_-29.87_0.1615_0.1201_-0.6390_-0.7424end2.86_12.90_-0.62_-14.21_-78.33_-1.34_16.87_-26.75_-29.87_0.1573_0.1152_-0.6411_-0.7424end2.53_13.06_-0.36_-14.21_-78.33_-1.34_16.87_-26.75_-29.87_0.1573_0.1152_-0.6411_-0.7424end2.57_12.81_-0.35_-14.21_-78.33_-1.34_16.87_-26.75_-29.87_0.1534_0.1098_-0.6437_-0.7417end2.49_12.68_-0.34_-14.21_-78.33_-1.34_16.87_-26.75_-29.87_0.1526_0.1083_-0.6445_-0.7413end2.18_12.41_-0.37_-14.21_-78.33_-1.34_15.06_-27.13_-31.12_0.1526_0.1083_-0.6445_-0.7413end2.04_12.29_-0.28_-19.14_-31.89_-10.41_15.06_-27.13_-31.12_0.1526_0.1083_-0.6445_-0.7413end2.02_12.12_-0.20_-19.14_-31.89_-10.41_14.00_-25.81_-33.31_0.1526_0.1083_-0.6445_-0.7413end2.02_12.12_-0.20_-19.14_-31.89_-10.41_14.00_-25.81_-33.31_0.1503_0.1036_-0.6480_-0.7394end,24.3790273,120.90879266,1062.85693359375
82,,24.3790273,120.90879266,1062.85693359375
83,1.78_11.63_-0.36_-19.14_-31.89_-10.41_14.00_-25.81_-33.31_0.1503_0.1036_-0.6480_-0.7394end1.78_11.63_-0.36_-19.14_-31.89_-10.41_14.00_-25.81_-33.31_0.1503_0.1036_-0.6480_-0.7394end1.37_11.36_-0.60_-19.14_-31.89_-10.41_14.00_-25.81_-33.31_0.1503_0.1036_-0.6480_-0.7394end1.02_10.97_-0.36_-19.14_-31.89_-10.41_14.00_-25.81_-33.31_0.1503_0.1036_-0.6480_-0.7394end1.07_10.65_-0.02_-19.14_-31.89_-10.41_14.00_-25.81_-33.31_0.1503_0.1036_-0.6480_-0.7394end0.79_10.26_0.06_-19.14_-31.89_-10.41_14.00_-25.81_-33.31_0.1503_0.1036_-0.6480_-0.7394end0.79_10.26_0.06_-19.14_-31.89_-10.41_14.00_-25.81_-33.31_0.1516_0.0976_-0.6578_-0.7313end0.79_10.26_0.06_-19.14_-31.89_-1,24.3790273,120.90879266,1062.85693359375
84,0.41_15.13_-26.12_-32.88_0.1516_0.0976_-0.6578_-0.7313end0.24_9.21_0.14_-19.14_-31.89_-10.41_15.13_-26.12_-32.88_0.1520_0.0974_-0.6590_-0.7302end0.16_9.00_0.38_-35.92_9.51_-15.44_15.13_-26.12_-32.88_0.1520_0.0974_-0.6590_-0.7302end,24.3790273,120.90879266,1062.85693359375
85,,24.3790273,120.90879266,1062.85693359375
86,-0.01_8.82_0.45_-39.28_13.88_-14.32_15.13_-26.12_-32.88_0.1520_0.0974_-0.6590_-0.7302end-0.34_8.51_0.58_-39.28_13.88_-14.32_15.13_-26.12_-32.88_0.1553_0.0983_-0.6648_-0.7241end-0.67_8.27_0.61_-39.28_13.88_-14.32_15.13_-26.12_-32.88_0.1553_0.0983_-0.6648_-0.7241end-0.93_8.01_0.57_-39.28_13.88_-14.32_15.13_-26.12_-32.88_0.1553_0.0983_-0.6648_-0.7241end-0.93_8.01_0.57_-39.28_13.88_-14.32_15.13_-26.12_-32.88_0.1581_0.1003_-0.6700_-0.7183end-1.20_7.76_0.71_-39.28_13.88_-14.32_15.13_-26.12_-32.88_0.1586_0.1009_-0.6714_-0.7168end-1.32_7.68_0.75_-39.28_13.88_-14.32_15.13_-26.12_-32.88_0.1590_0.1014_-0.6730_-0.7153end-1.70_7.48_0.96_-39.28_13.88_-14.32_15.13_-2,24.3790273,120.90879266,1062.85693359375
87,6.12_-32.88_0.1590_0.1014_-0.6730_-0.7153end-1.82_7.34_0.98_-52.26_1.01_-3.69_15.13_-26.12_-32.88_0.1591_0.1025_-0.6777_-0.7105end-1.86_7.21_0.95_-52.26_1.01_-3.69_15.88_-23.31_-33.25_0.1591_0.1025_-0.6777_-0.7105end,24.3790273,120.90879266,1062.85693359375
88,,24.3790273,120.90879266,1062.85693359375
89,,24.3790273,120.90879266,1062.85693359375
90,-1.86_7.21_0.95_-54.39_-5.26_-0.56_15.88_-23.31_-33.25_0.1584_0.1030_-0.6812_-0.7073end-1.91_6.62_0.91_-54.39_-5.26_-0.56_15.88_-23.31_-33.25_0.1584_0.1030_-0.6812_-0.7073end-1.95_6.50_0.88_-58.08_-20.14_5.48_15.88_-23.31_-33.25_0.1584_0.1030_-0.6812_-0.7073end-1.89_6.42_0.90_-58.08_-20.14_5.48_15.56_-22.62_-34.00_0.1584_0.1030_-0.6812_-0.7073end-1.81_6.45_0.79_-59.98_-27.86_8.95_15.56_-22.62_-34.00_0.1533_0.1031_-0.6908_-0.6990end-1.81_6.45_0.79_-62.22_-31.45_12.87_15.56_-22.62_-34.00_0.1533_0.1031_-0.6908_-0.6990end-1.81_6.45_0.79_-62.22_-31.45_12.87_15.94_-22.31_-35.81_0.1518_0.1030_-0.6928_-0.6974end-1.81_6.45_0.79_-63.23_-31.56_14.32_15.94_-22.31_,24.3790273,120.90879266,1062.85693359375
91,,24.3790273,120.90879266,1062.85693359375
92,,24.3790273,120.90879266,1062.85693359375
93,,24.3790273,120.90879266,1062.85693359375
94,-35.81_0.1502_0.1029_-0.6949_-0.6957end-1.81_6.45_0.79_-64.23_-28.09_17.12_15.94_-22.31_-35.81_0.1469_0.1029_-0.6990_-0.6923end-1.08_7.08_0.86_-64.23_-28.09_17.12_15.94_-22.31_-35.81_0.1437_0.1036_-0.7031_-0.6887end-0.61_6.96_1.06_-64.23_-28.09_17.12_15.94_-22.31_-35.81_0.1437_0.1036_-0.7031_-0.6887end-0.53_6.91_1.16_-66.02_-12.53_22.38_15.94_-22.31_-35.81_0.1437_0.1036_-0.7031_-0.6887end-0.53_6.91_1.16_-66.02_-12.53_22.38_14.13_-21.00_-36.63_0.1399_0.1059_-0.7090_-0.6831end-0.36_7.01_1.37_-66.36_-5.82_23.95_14.13_-21.00_-36.63_0.1399_0.1059_-0.7090_-0.6831end-0.36_7.01_1.37_-66.36_-5.82_23.95_15.25_-19.19_-37.00_0.1376_0.1081_-0.7128_-0.6791end-0.24_7.46_1.60_-66.36_-5.82_23.95_15.25_-19.19_-37.00_0.1376_0.1081_-0.7128_-0.6791end-0.24_7.46_1.60_-66.36_-5.82_23.95_14.13_-20.25_-36.63_0.1329_0.1128_-0.7204_-0.6713end-0.11_8.05_1.58_-66.36_-5.82_23.95_14.13_-20.25_-36.63_0.1329_0.1128_-0.7204_-0.6713end-0.11_8.05_1.58_-66.36_-5.82_23.95_14.13_-20.25_-36.63_0.1329_0.1128_-0.7204_-0.6713end-0.11_8.05_1.58_-66.36_-5.82_23.95_13.44_-19.56_-36.63_0.1329_0.1128_-0.7204_-0.6713end,24.3790273,120.90879266,1062.85693359375
95,0.24_8.57_1.66_-66.36_-5.82_23.95_13.44_-19.56_-36.63_0.1329_0.1128_-0.7204_-0.6713end0.46_8.95_1.81_-66.36_-5.82_23.95_13.44_-19.56_-36.63_0.1329_0.1128_-0.7204_-0.6713end0.51_9.04_1.80_-66.36_-5.82_23.95_13.81_-17.44_-37.44_0.1329_0.1128_-0.7204_-0.6713end0.52_9.02_1.86_-64.35_13.43_31.45_13.81_-17.44_-37.44_0.1236_0.1238_-0.7347_-0.6554end0.52_9.02_1.86_-63.67_16.11_31.33_13.81_-17.44_-37.44_0.1227_0.1255_-0.7364_-0.6534end0.52_9.02_1.86_-63.67_16.11_31.33_13.81_-17.44_-37.44_0.1214_0.1292_-0.7394_-0.6494end0.69_9.41_1.81_-63.67_16.11_31.33_13.81_-17.44_-37.44_0.1214_0.1292_-0.7394_-0.6494end0.69_9.41_1.81_-63.34_24.17_31.78_13.81_-17.50_-38.75_0.1214_0.1292_-0.7394_-0.6494end0.71_9.62_1.77_-63.34_24.17_31.78_13.81_-17.50_-38.75_0.1214_0.1292_-0.7394_-0.6494end0.71_9.62_1.77_-62.67_27.42_31.89_13.81_-17.50_-38.75_0.1195_0.1400_-0.7468_-0.6391end,24.3790273,120.90879266,1062.85693359375
96,,24.3790273,120.90879266,1062.85693359375
97,,24.3790273,120.90879266,1062.85693359375
98,0.73_9.72_2.07_-62.67_27.42_31.89_13.81_-17.50_-38.75_0.1195_0.1425_-0.7481_-0.6370end0.68_9.70_2.25_-61.10_41.52_31.45_13.81_-17.50_-38.75_0.1195_0.1425_-0.7481_-0.6370end0.61_9.75_2.35_-61.10_41.52_31.45_13.81_-17.50_-38.75_0.1196_0.1450_-0.7494_-0.6349end0.61_9.75_2.35_-61.10_41.52_31.45_13.81_-17.50_-38.75_0.1202_0.1530_-0.7534_-0.6282end0.47_9.76_2.28_-61.10_41.52_31.45_13.81_-17.50_-38.75_0.1204_0.1556_-0.7546_-0.6259end0.42_9.88_2.38_-61.10_41.52_31.45_13.81_-17.50_-38.75_0.1205_0.1581_-0.7559_-0.6238end0.39_9.88_2.49_-60.54_33.24_32.34_13.81_-17.50_-38.75_0.1205_0.1581_-0.7559_-0.6238end0.43_9.80_2.59_-60.54_33.24_32.34_15.00_-14.69_-39.94_0.1205_0.1581_-0.7559_-0.6238end0.43_9.80_2.59_-60.54_33.24_32.34_15.00_-14.69_-39.94_0.1191_0.1670_-0.7610_-0.6155end0.43_9.80_2.59_-60.54_33.24_32.34_15.00_-14.69_-39.94_0.1184_0.1689_-0.7623_-0.6135end,24.3790273,120.90879266,1062.85693359375
99,,24.3790273,120.90879266,1062.85693359375
100,0.74_9.62_2.67_-60.54_33.24_32.34_15.00_-14.69_-39.94_0.1176_0.1709_-0.7636_-0.6115end0.74_9.59_2.79_-59.20_15.44_33.91_15.00_-14.69_-39.94_0.1176_0.1709_-0.7636_-0.6115end0.74_9.59_2.79_-58.19_18.24_33.91_15.00_-14.69_-39.94_0.1176_0.1709_-0.7636_-0.6115end0.74_9.59_2.79_-58.19_18.24_33.91_15.00_-14.69_-39.94_0.1146_0.1786_-0.7,24.3790273,120.90879266,1062.85693359375
101,685_-0.6036end0.81_9.50_2.94_-58.19_18.24_33.91_15.00_-14.69_-39.94_0.1139_0.1807_-0.7697_-0.6017end0.79_9.46_2.98_-58.19_18.24_33.91_13.94_-12.63_-39.50_0.1133_0.1827_-0.7708_-0.5997end0.79_9.40_3.12_-56.74_25.74_34.58_13.94_-12.63_-39.50_0.1133_0.1827_-0.7708_-0.5997end0.75_9.24_3.21_-56.74_25.74_34.58_14.31_-12.63_-39.50_0.1133_0.1827_-0.7708_-0.5997end0.73_9.09_3.31_-55.39_28.65_34.69_14.31_-12.63_-39.50_0.1119_0.1892_-0.7740_-0.5937end0.70_9.00_3.46_-55.39_28.65_34.69_15.00_-12.63_-41.19_0.1119_0.1892_-0.7740_-0.5937end,24.3790273,120.90879266,1062.85693359375
102,,24.3790273,120.90879266,1062.85693359375
103,,24.3790273,120.90879266,1062.85693359375
104,0.64_8.65_3.55_-55.39_28.65_34.69_15.00_-12.63_-41.19_0.1107_0.1958_-0.7771_-0.5878end0.71_8.56_3.60_-54.50_23.50_35.25_15.00_-12.63_-41.19_0.1107_0.1958_-0.7771_-0.5878end0.71_8.56_3.60_-54.16_21.04_35.70_15.00_-12.56_-39.50_0.1107_0.1958_-0.7771_-0.5878end0.71_8.56_3.60_-53.60_19.02_35.36_15.00_-12.56_-39.50_0.1088_0.2020_-0.7801_-0.5821end0.63_8.08_3.79_-53.60_19.02_35.36_15.00_-12.56_-39.50_0.1080_0.2039_-0.7811_-0.5803end0.63_8.08_3.79_-52.37_12.76_36.48_15.00_-12.56_-39.50_0.1063_0.2076_-0.7830_-0.5767end0.65_7.68_4.12_-52.37_12.76_36.48_15.00_-12.56_-39.50_0.1052_0.2094_-0.7839_-0.5749end0.65_7.68_4.12_-51.48_9.29_37.15_15.00_-12.56_-39.50_0.1042_0.2112_-0.7849_-0.5732end0.65_7.68_4.12_-50.92_6.60_37.04_14.69_-12.25_-40.81_0.1018_0.2145_-0.7867_-0.5698end0.55_7.67_3.68_-50.36_-1.34_37.71_14.69_-12.25_-40.81_0.1004_0.2161_-0.7877_-0.5681end,24.3790273,120.90879266,1062.85693359375
105,,24.3790273,120.90879266,1062.85693359375
106,0.72_7.80_3.57_-50.36_-1.34_37.71_14.69_-12.25_-40.81_0.0988_0.2176_-0.7888_-0.5663end0.72_7.84_3.42_-49.91_-10.74_38.50_14.69_-12.25_-40.81_0.0988_0.2176_-0.7888_-0.5663end0.88_7.89_3.61_-49.91_-13.76_38.61_14.69_-12.25_-40.81_0.0988_0.2176_-0.7888_-0.5663end0.88_7.89_3.61_-49.91_-13.76_38.61_14.38_-9.50_-40.69_0.0931_0.2213_-0.7917_-0.5618end0.88_7.89_3.61_-49.13_-13.76_38.72_14.38_-9.50_-40.69_0.0894_0.2237_-0.7935_-0.5589end1.12_7.71_3.73_-49.13_-13.76_38.72_14.75_-9.50_-41.63_0.0894_0.2237_-0.7935_-0.5589end1.34_7.22_3.87_-49.13_-13.76_38.72_14.75_-9.50_-41.63_0.0861_0.2265_-0.7952_-0.5559end1.38_6.98_3.98_-49.13_-13.76_38.72_14.75_-9.50_-41.63_0.0835_0.2297_-0.7967_-0.5528end1.23_6.74_4.14_-49.13_-13.76_38.72_14.75_-9.50_-41.63_0.0823_0.2314_-0.7974_-0.5512end1.34_6.50_4.11_-49.13_-13.76_38.72_14.75_-9.50_-41.63_0.0823_0.2314_-0.7974_-0.5512end,24.3790273,120.90879266,1062.85693359375
107,,24.3790273,120.90879266,1062.85693359375
108,,24.3790273,120.90879266,1062.85693359375
109,,24.3790273,120.90879266,1062.85693359375
110,,24.3790273,120.90879266,1062.85693359375
111,1.33_6.17_4.12_-49.13_-13.76_38.72_14.75_-9.50_-41.63_0.0823_0.2314_-0.7974_-0.5512end1.33_6.17_4.12_-49.13_-13.76_38.72_14.75_-9.50_-41.63_0.0793_0.2365_-0.7994_-0.5466end1.21_6.12_4.09_-49.13_-13.76_38.72_14.75_-9.50_-41.63_0.0793_0.2365_-0.7994_-0.5466end1.20_6.12_4.18_-49.13_-13.76_38.72_14.75_-9.50_-41.63_0.0793_0.2365_-0.7994_-0.5466end1.32_6.09_4.20_-49.13_-13.76_38.72_14.75_-9.50_-41.63_0.0793_0.2365_-0.7994_-0.5466end1.50_6.09_3.97_-39.84_-0.67_36.48_14.75_-9.50_-41.63_0.0793_0.2365_-0.7994_-0.5466end1.50_6.09_3.97_-39.84_-0.67_36.48_14.00_-8.81_-41.13_0.0720_0.2454_-0.8032_-0.5381end1.70_6.44_3.60_-39.84_-0.67_36.48_14.00_-8.81_-41.13_0.0720_0.2454_-0.8032_-0.5381end1.80_6.73_3.53_-36.82_-0.67_34.58_13.31_-7.75_-42.44_0.0720_0.2454_-0.8032_-0.5381end1.80_6.73_3.53_-36.82_-0.67_34.58_13.31_-7.75_-42.44_0.0666_0.2505_-0.8054_-0.5330end1.76_6.90_3.70_-36.82_-0.67_34.58_14.38_-7.75_-42.44_0.0666_0.2505_-0.8054_-0.5330end1.76_6.90_3.70_-31.89_11.64_32.01_13.62_-8.06_-40.25_0.0666_0.2505_-0.8054_-0.5330end1.77_6.52_3.87_-31.89_11.64_32.01_13.62_-8.06_-40.25_0.0630_0.2562_-0.8071_-0.5281end1.77_6.52_3.87_-29.77_16.90_30.66_13.62_-8.06_-40.25_0.0621_0.2593_-0.8078_-0.5258end1.74_5.84_4.05_-29.77_16.90_30.66_14.00_-7.75_-41.06_0.0621_0.2593_-0.8078_-0.5258end1.74_5.84_4.05_-25.63_15.44_29.10_14.00_-7.75_-41.06_0.0616_0.2607_-0.8081_-0.5246end1.74_5.84_4.05_-25.63_15.44_29.10_13.31_-6.37_-41.94_0.0612_0.2623_-0.8083_-0.5235end1.74_5.84_4.05_-23.50_8.62_27.64_13.31_-6.37_-41.94_0.0601_0.2649_-0.8088_-0.5216end1.74_5.84_4.05_-21.71_4.03_26.97_13.31_-6.37_-41.94_0.0601_0.2649_-0.8088_-0.5216end1.74_5.84_4.05_-21.71_4.03_26.97_14.44_-7.06_-43.31_0.0601_0.2649_-0.8088_-0.5216end,24.3790273,120.90879266,1062.85693359375
112,,24.3790273,120.90879266,1062.85693359375
113,1.82_6.24_3.66_-21.71_4.03_26.97_14.44_-7.06_-43.31_0.0553_0.2693_-0.8097_-0.5184end1.80_7.46_2.98_-21.71_4.03_26.97_14.44_-7.06_-43.31_0.0553_0.2693_-0.8097_-0.5184end1.84_7.59_2.85_-21.71_4.03_26.97_14.44_-7.06_-43.31_0.0517_0.2707_-0.8101_-0.5175end2.06_7.59_2.61_-21.71_4.03_26.97_14.44_-7.06_-43.31_0.0507_0.2711_-0.8102_-0.5,24.3790273,120.90879266,1062.85693359375
114,173end2.94_7.39_2.75_-21.71_4.03_26.97_14.44_-7.06_-43.31_0.0507_0.2711_-0.8102_-0.5173end2.94_7.39_2.75_-3.69_-10.97_18.69_14.44_-7.06_-43.31_0.0478_0.2722_-0.8102_-0.5170end2.91_7.25_3.51_-1.23_-5.71_18.80_14.44_-7.06_-43.31_0.0478_0.2722_-0.8102_-0.5170end2.20_7.04_3.16_-1.23_-5.71_18.80_14.44_-7.06_-43.31_0.0470_0.2726_-0.8101_-0.5170end1.84_7.01_3.39_0.90_17.57_14.10_14.44_-7.06_-43.31_0.0470_0.2726_-0.8101_-0.5170end2.22_7.20_3.11_0.90_17.57_14.10_14.44_-7.06_-43.31_0.0470_0.2726_-0.8101_-0.5170end,24.3790273,120.90879266,1062.85693359375
115,,24.3790273,120.90879266,1062.85693359375
116,2.22_7.20_3.11_0.90_17.57_14.10_14.44_-7.06_-43.31_0.0479_0.2759_-0.8094_-0.5162end2.22_7.20_3.11_0.90_17.57_14.10_14.44_-7.06_-43.31_0.0479_0.2759_-0.8094_-0.5162end2.78_8.18_2.32_0.90_17.57_14.10_14.44_-7.06_-43.31_0.0524_0.2801_-0.8080_-0.5156end2.78_8.18_2.32_0.90_17.57_14.10_14.44_-7.06_-43.31_0.0536_0.2811_-0.8076_-0.5156e,24.3790273,120.90879266,1062.85693359375
117,nd1.46_9.50_2.15_0.90_17.57_14.10_14.44_-7.06_-43.31_0.0536_0.2811_-0.8076_-0.5156end1.80_9.03_1.91_0.90_17.57_14.10_14.38_-7.00_-40.69_0.0536_0.2811_-0.8076_-0.5156end1.63_8.72_1.92_21.60_46.89_2.69_14.38_-7.00_-40.69_0.0536_0.2811_-0.8076_-0.5156end1.59_8.38_1.89_23.16_44.54_2.13_14.38_-7.00_-40.69_0.0536_0.2811_-0.8076_-0.5156end1.12_7.72_2.05_23.16_44.54_2.13_14.38_-7.00_-40.69_0.0536_0.2811_-0.8076_-0.5156end1.46_7.39_2.42_23.16_44.54_2.13_14.38_-7.00_-40.69_0.0652_0.2878_-0.8038_-0.5165end,24.3790273,120.90879266,1062.85693359375
118,,24.3790273,120.90879266,1062.85693359375
119,1.87_8.27_2.70_31.45_37.15_-0.67_14.38_-7.00_-40.69_0.0652_0.2878_-0.8038_-0.5165end1.87_8.27_2.70_33.91_32.34_-1.23_15.81_-8.06_-41.19_0.0652_0.2878_-0.8038_-0.5165end9.94_34.75_-5.49_36.82_28.09_-1.01_15.81_-8.06_-41.19_0.0652_0.2878_-0.8038_-0.5165end3.60_69.34_-2.22_36.82_28.09_-1.01_15.81_-8.06_-41.19_0.0742_0.2910_-0.7988_-0.5214end-0.47_6.57_5.46_36.82_28.09_-1.01_15.81_-8.06_-41.19_0.0742_0.2910_-0.7988_-0.5214end-2.11_19.33_5.25_36.82_28.09_-1.01_16.56_-9.13_-40.69_0.0742_0.2910_-0.7988_-0.5214end-2.11_19.33_5.25_36.82_28.09_-1.01_16.56_-9.13_-40.69_0.0907_0.3002_-0.7969_-0.5164end1.89_8.79_2.69_36.82_28.09_-1.01_16.87_-9.06_-39.44_0.0907_0.30,24.3790273,120.90879266,1062.85693359375
120,02_-0.7969_-0.5164end2.03_6.69_7.11_36.82_28.09_-1.01_16.87_-9.06_-39.44_0.0965_0.3038_-0.7961_-0.5143end0.93_8.82_6.05_36.82_28.09_-1.01_16.87_-9.06_-39.44_0.0965_0.3038_-0.7961_-0.5143end,24.3790273,120.90879266,1062.85693359375
121,1.34_6.38_2.79_36.82_28.09_-1.01_16.87_-9.06_-39.44_0.0975_0.3048_-0.7948_-0.5156end0.58_9.50_4.51_36.82_28.09_-1.01_18.37_-9.06_-39.44_0.0976_0.3046_-0.7942_-0.5167end0.58_8.50_3.43_36.82_28.09_-1.01_18.37_-9.06_-39.44_0.0976_0.3046_-0.7942_-0.5167end0.58_8.50_3.43_36.82_28.09_-1.01_18.37_-9.06_-39.44_0.1013_0.3052_-0.7922_-0.5187end2.12_9.04_6.29_36.82_28.09_-1.01_18.37_-9.06_-39.44_0.1033_0.3058_-0.7916_-0.5189end2.43_8.44_6.06_36.82_28.09_-1.01_18.37_-9.06_-39.44_0.1033_0.3058_-0.7916_-0.5189end2.43_8.44_6.06_14.77_35.14_-0.78_18.37_-9.06_-39.44_0.1033_0.3058_-0.7916_-0.5189end2.43_8.44_6.06_16.45_35.03_1.79_18.37_-9.06_-39.44_0.1082_0.3074_-0.7903_-0.5188end1.68_8.13_2.67_16.45_35.03_1.79_18.37_-9.06_-39.44_0.1082_0.3074_-0.7903_-0.5188end1.15_8.09_2.63_21.04_45.77_3.02_18.37_-9.06_-39.44_0.1082_0.3074_-0.7903_-0.5188end,24.3790273,120.90879266,1062.85693359375
122,,24.3790273,120.90879266,1062.85693359375
123,,24.3790273,120.90879266,1062.85693359375
124,,24.3790273,120.90879266,1062.85693359375
125,1.15_8.09_2.63_21.04_45.77_3.02_18.37_-9.06_-39.44_0.1082_0.3074_-0.7903_-0.5188end1.15_8.09_2.63_21.04_45.77_3.02_18.37_-9.06_-39.44_0.1164_0.3116_-0.7872_-0.5193end1.15_8.09_2.63_21.04_45.77_3.02_18.37_-9.06_-39.44_0.1185_0.3124_-0.7865_-0.5194end1.15_8.09_2.63_19.58_27.19_-2.01_20.00_-10.00_-39.00_0.1185_0.3124_-0.7865_-0.5194end1.15_8.09_2.63_19.58_27.19_-2.01_20.37_-10.38_-38.63_0.1220_0.3139_-0.7852_-0.5197end1.15_8.09_2.63_16.00_-5.82_1.23_20.37_-10.38_-38.63_0.1230_0.3140_-0.7844_-0.5206end1.15_8.09_2.63_16.45_-15.11_2.46_20.37_-10.38_-38.63_0.1230_0.3140_-0.7844_-0.5206end2.30_8.45_3.89_16.45_-15.11_2.46_20.00_-11.06_-38.63_0.1230_0.3140_-0.78,24.3790273,120.90879266,1062.85693359375
126,,24.3790273,120.90879266,1062.85693359375
127,44_-0.5206end2.30_8.45_3.89_16.45_-15.11_2.46_20.00_-10.38_-38.13_0.1218_0.3116_-0.7829_-0.5245end3.12_8.53_4.34_16.45_-15.11_2.46_20.00_-10.38_-38.13_0.1221_0.3113_-0.7825_-0.5252end3.63_8.54_4.57_16.45_-15.11_2.46_20.00_-10.38_-38.13_0.1221_0.3113_-0.7825_-0.5252end3.71_8.55_4.63_16.45_-15.11_2.46_20.00_-11.06_-38.13_0.1232_0.3104_-0.7814_-0.5271end3.35_8.48_4.36_16.45_-15.11_2.46_20.00_-11.06_-38.13_0.1235_0.3101_-0.7811_-0.5277end3.06_8.46_4.09_16.45_-15.11_2.46_20.00_-11.06_-38.13_0.1235_0.3101_-0.7811_-0.5277end2.73_8.45_3.91_16.45_-15.11_2.46_19.25_-11.06_-37.75_0.1235_0.3101_-0.7811_-0.5277end2.73_8.45_3.91_16.45_-15.11_2.46_19.25_-11.06_-37.75_0.1265_0.3100_-0.7794_-0.5297end2.10_8.51_3.37_16.45_-15.11_2.46_19.25_-11.06_-37.75_0.1265_0.3100_-0.7794_-0.5297end2.10_8.51_3.37_16.45_-15.11_2.46_19.25_-11.06_-37.75_0.1287_0.3101_-0.7784_-0.5303end2.10_8.51_3.37_16.45_-15.11_2.46_20.00_-12.13_-37.25_0.1302_0.3099_-0.7777_-0.5312end1.81_8.53_3.16_16.45_-15.11_2.46_20.00_-12.13_-37.25_0.1302_0.3099_-0.7777_-0.5312end,24.3790273,120.90879266,1062.85693359375
128,1.62_8.57_3.08_16.45_-15.11_2.46_20.00_-12.13_-37.25_0.1307_0.3096_-0.7773_-0.5318end1.68_8.60_3.00_16.45_-15.11_2.46_20.00_-12.13_-37.25_0.1307_0.3096_-0.7773_-0.5318end1.75_8.57_2.88_16.45_-15.11_2.46_20.00_-12.13_-37.25_0.1318_0.3084_-0.7764_-0.5335end1.75_8.57_2.88_16.45_-15.11_2.46_21.06_-11.75_-37.75_0.1318_0.3084_-0.7764_-0.5335end2.48_8.62_2.36_16.45_-15.11_2.46_21.06_-11.75_-37.75_0.1318_0.3084_-0.7764_-0.5335end2.62_8.59_2.29_16.45_-15.11_2.46_21.06_-11.75_-37.75_0.1325_0.3063_-0.7756_-0.5358end2.74_8.61_2.16_16.00_-3.47_-9.18_21.06_-11.75_-37.75_0.1325_0.3063_-0.7756_-0.5358end2.74_8.61_2.16_16.00_-3.47_-9.18_20.69_-12.06_-37.25_0.1330_0.3052_-0.7751_-0.5370end2.63_8.59_2.19_16.00_-3.47_-9.18_20.69_-12.06_-37.25_0.1330_0.3052_-0.7751_-0.5370end2.55_8.62_2.27_15.44_17.68_-10.63_20.69_-12.06_-37.25_0.1330_0.3052_-0.7751_-0.5370end,24.3790273,120.90879266,1062.85693359375
129,,24.3790273,120.90879266,1062.85693359375
130,,24.3790273,120.90879266,1062.85693359375
131,,24.3790273,120.90879266,1062.85693359375
132,2.55_8.62_2.27_14.32_27.42_-11.53_20.00_-11.75_-37.75_0.1361_0.3044_-0.7739_-0.5383end2.55_8.62_2.27_14.32_27.42_-11.53_20.00_-11.75_-37.75_0.1387_0.3047_-0.7733_-0.5385end2.32_8.65_2.17_14.32_27.42_-11.53_21.44_-11.69_-37.25_0.1403_0.3049_-0.7729_-0.5385end2.26_8.61_2.16_14.32_27.42_-11.53_21.44_-11.69_-37.25_0.1403_0.3049_-0.7729_-0.5385end2.23_8.65_2.01_14.32_27.42_-11.53_21.44_-11.69_-37.25_0.1403_0.3049_-0.7729_-0.5385end2.17_8.62_1.91_14.32_27.42_-11.53_21.44_-11.69_-37.25_0.1403_0.3049_-0.7729_-0.5385end2.10_8.68_1.97_14.32_27.42_-11.53_21.44_-11.69_-37.25_0.1403_0.3049_-0.7729_-0.5385end2.02_8.68_1.96_14.32_27.42_-11.53_21.44_-11.69_-37.25_0.1403_0.3049_-0.7729_-0.5385end1.98_8.69_2.04_14.32_27.42_-11.53_21.44_-11.69_-37.25_0.1403_0.3049_-0.7729_-0.5385end1.98_8.69_2.04_9.62_39.17_-13.76_21.44_-11.69_-37.25_0.1403_0.3049_-0.7729_-0.5385end,24.3790273,120.90879266,1062.85693359375
133,,24.3790273,120.90879266,1062.85693359375
134,1.71_8.73_2.07_9.62_39.17_-13.76_21.44_-11.69_-37.25_0.1403_0.3049_-0.7729_-0.5385end1.58_8.73_1.90_9.62_39.17_-13.76_21.44_-11.69_-37.25_0.1403_0.3049_-0.7729_-0.5385end1.58_8.73_1.90_9.62_39.17_-13.76_21.44_-11.69_-37.25_0.1603_0.3088_-0.7692_-0.5360end1.44_8.77_1.93_9.62_39.17_-13.76_21.44_-11.69_-37.25_0.1603_0.3088_-0.7692_-0.5360end1.37_8.76_1.93_9.62_39.17_-13.76_21.44_-11.69_-37.25_0.1603_0.3088_-0.7692_-0.5360end1.25_8.76_1.92_7.61_43.64_-16.90_21.44_-11.69_-37.25_0.1603_0.3088_-0.7692_-0.5360end1.25_8.76_1.92_7.61_43.64_-16.90_24.00_-10.94_-36.00_0.1697_0.3107_-0.7678_-0.5340end1.02_8.76_2.11_7.05_44.87_-16.90_24.00_-10.94_-36.00_0.1736_0.3115_-0.7672_-0.5331end0.86_8.81_2.19_7.05_44.87_-16.90_24.00_-10.94_-36.00_0.1736_0.3115_-0.7672_-0.5331end0.86_8.81_2.19_7.05_44.87_-16.90_24.00_-10.94_-36.00_0.1757_0.3120_-0.7670_-0.5326end,24.3790273,120.90879266,1062.85693359375
135,,24.3790273,120.90879266,1062.85693359375
136,0.73_8.78_2.29_7.05_44.87_-16.90_24.00_-10.94_-36.00_0.1757_0.3120_-0.7670_-0.5326end0.73_8.78_2.29_7.05_44.87_-16.90_24.00_-12.00_-35.13_0.1816_0.3133_-0.7661_-0.5311end0.73_8.78_2.29_7.05_44.87_-16.90_24.00_-12.00_-35.13_0.1837_0.3138_-0.7657_-0.5305end0.41_8.83_2.37_7.05_44.87_-16.90_24.00_-12.00_-35.13_0.1857_0.3143_-0.7654_-0.5300end0.34_8.82_2.32_4.59_47.56_-17.68_24.00_-12.00_-35.13_0.1857_0.3143_-0.7654_-0.5300end0.17_8.82_2.32_4.59_47.56_-17.68_24.69_-11.63_-35.13_0.1857_0.3143_-0.7654_-0.5300end0.17_8.82_2.32_4.25_45.99_-17.35_24.69_-11.63_-35.13_0.1857_0.3143_-0.7654_-0.5300end0.17_8.82_2.32_3.92_44.99_-17.46_24.69_-11.63_-35.13_0.1857_0.314,24.3790273,120.90879266,1062.85693359375
137,3_-0.7654_-0.5300end0.17_8.82_2.32_3.92_44.99_-17.46_24.69_-11.63_-35.13_0.1957_0.3165_-0.7641_-0.5270end0.17_8.82_2.32_3.92_44.99_-17.46_24.69_-11.63_-35.13_0.2012_0.3176_-0.7634_-0.5252end,24.3790273,120.90879266,1062.85693359375
138,-0.28_8.85_2.30_2.13_33.57_-16.45_24.69_-11.63_-35.13_0.2012_0.3176_-0.7634_-0.5252end-0.39_8.82_2.20_2.13_33.57_-16.45_24.69_-11.63_-35.13_0.2057_0.3184_-0.7629_-0.5237end-0.38_8.85_2.07_2.13_33.57_-16.45_24.69_-11.63_-35.13_0.2057_0.3184_-0.7629_-0.5237end-0.43_8.82_2.02_0.56_28.42_-15.55_24.69_-11.63_-35.13_0.2057_0.3184_-0.7629_-0.5237end-0.54_8.86_1.91_0.00_27.19_-15.67_24.69_-11.63_-35.13_0.2057_0.3184_-0.7629_-0.5237end-0.59_8.84_1.90_0.00_27.19_-15.67_24.69_-11.63_-35.13_0.2119_0.3188_-0.7625_-0.5215end-0.66_8.84_1.90_0.00_27.19_-15.67_24.69_-11.63_-35.13_0.2130_0.3189_-0.7625_-0.5211end-0.68_8.82_1.86_0.00_27.19_-15.67_24.69_-11.63_-35.13_0.2141_0.3189_-0.7625_-0.5208end-0.67_8.81_2.18_0.00_27.19_-15.67_24.69_-11.63_-35.13_0.2151_0.3188_-0.7624_-0.5204end-0.66_8.88_2.34_-0.67_19.14_-14.77_24.69_-11.63_-35.13_0.2151_0.3188_-0.7624_-0.5204end,24.3790273,120.90879266,1062.85693359375
139,,24.3790273,120.90879266,1062.85693359375
140,,24.3790273,120.90879266,1062.85693359375
141,,24.3790273,120.90879266,1062.85693359375
142,,24.3790273,120.90879266,1062.85693359375
143,-0.66_8.88_2.34_-0.67_19.14_-14.77_24.69_-11.63_-35.13_0.2177_0.3186_-0.7625_-0.5193end-0.67_8.88_2.54_-1.68_11.75_-14.21_24.69_-11.63_-35.13_0.2184_0.3184_-0.7626_-0.5190end-0.72_8.93_2.70_-1.68_11.75_-14.21_24.69_-11.63_-35.13_0.2190_0.3182_-0.7627_-0.5187end-0.77_8.91_2.75_-1.68_11.75_-14.21_24.69_-11.63_-35.13_0.2190_0.3182_-0.7627_-0.5187end-0.76_8.95_2.77_-1.68_11.75_-14.21_24.69_-11.63_-35.13_0.2190_0.3182_-0.7627_-0.5187end-0.70_8.82_2.79_-1.68_11.75_-14.21_27.19_-10.50_-34.19_0.2190_0.3182_-0.7627_-0.5187end-0.70_8.82_2.79_-1.68_11.75_-14.21_27.19_-10.50_-34.19_0.2213_0.3168_-0.7635_-0.5174end-0.70_8.82_2.79_-1.68_11.75_-14.21_27.56_-10.44_-33.00_0.2216_0.3165_-0.7637_-0.5172end-0.54_8.86_2.81_-1.68_11.75_-14.21_27.56_-10.44_-33.00_0.2218_0.3160_-0.7640_-0.5170end-0.55_8.79_2.90_-4.14_-0.56_-12.76_27.56_-10.44_-33.00_0.2218_0.3160_-0.7640_-0.5170end-0.55_8.79_2.90_-4.14_-0.56_-12.76_27.56_-10.44_-33.00_0.2223_0.3148_-0.7647_-0.5164end-0.54_8.82_3.08_-4.14_-0.56_-12.76_27.19_-10.81_-32.63_0.2225_0.3144_-0.7650_-0.5162end-0.46_8.86_3.21_-4.14_-0.56_-12.76_27.19_-10.81_-32.63_0.2225_0.3144_-0.7650_-0.5162end-0.34_8.83_3.34_-4.14_-0.56_-12.76_27.19_-10.81_-32.63_0.2225_0.3144_-0.7650_-0.5162end-0.34_8.83_3.34_-4.14_-0.56_-12.76_28.31_-10.06_-32.56_0.2230_0.3132_-0.7657_-0.5156end-0.34_8.83_3.34_-4.14_-0.56_-12.76_28.31_-10.06_-32.56_0.2233_0.3123_-0.7664_-0.5151end-0.16_8.82_3.41_-4.14_-0.56_-12.76_28.31_-10.06_-32.56_0.2233_0.3123_-0.7664_-0.5151end-0.16_8.82_3.41_-4.14_-0.56_-12.76_28.31_-10.06_-32,24.3790273,120.90879266,1062.85693359375
144,.56_0.2234_0.3115_-0.7669_-0.5146end-0.16_8.82_3.41_-5.26_0.11_-12.65_29.00_-10.81_-34.25_0.2234_0.3115_-0.7669_-0.5146end-0.10_8.80_3.50_-5.26_0.11_-12.65_29.00_-10.81_-34.25_0.2240_0.3104_-0.7678_-0.5139end,24.3790273,120.90879266,1062.85693359375
145,,24.3790273,120.90879266,1062.85693359375
146,-0.02_8.79_3.66_-5.26_0.11_-12.65_28.31_-10.44_-33.00_0.2240_0.3104_-0.7678_-0.5139end-0.02_8.79_3.66_-5.26_0.11_-12.65_27.94_-9.75_-33.38_0.2240_0.3104_-0.7678_-0.5139end0.02_8.77_3.83_-4.81_4.25_-13.20_27.94_-9.75_-33.38_0.2240_0.3104_-0.7678_-0.5139end0.04_8.81_3.95_-4.81_4.25_-13.20_27.94_-9.75_-33.38_0.2256_0.3087_-0.7689_-0.5125end0.07_8.82_4.04_-4.81_4.25_-13.20_27.94_-9.75_-33.38_0.2260_0.3085_-0.7691_-0.5121end0.07_8.82_4.04_-4.81_4.25_-13.20_27.56_-9.75_-33.81_0.2260_0.3085_-0.7691_-0.5121end0.07_8.82_4.04_-4.81_4.25_-13.20_27.94_-10.44_-33.00_0.2260_0.3085_-0.7691_-0.5121end0.09_8.78_4.26_-4.81_4.25_-13.20_27.94_-10.44_-33.00_0.2279_0.3075_-,24.3790273,120.90879266,1062.85693359375
147,0.7698_-0.5108end0.02_8.78_4.32_-4.81_4.25_-13.20_27.94_-10.44_-33.00_0.2279_0.3075_-0.7698_-0.5108end-0.05_8.79_4.41_-4.81_4.25_-13.20_27.94_-10.44_-33.00_0.2298_0.3069_-0.7702_-0.5097end,24.3790273,120.90879266,1062.85693359375
148,-0.11_8.78_4.40_-4.81_4.25_-13.20_27.94_-10.44_-33.00_0.2298_0.3069_-0.7702_-0.5097end-0.20_8.79_4.50_-4.81_4.25_-13.20_27.94_-10.44_-33.00_0.2305_0.3068_-0.7703_-0.5093end-0.31_8.77_4.65_-4.81_4.25_-13.20_28.69_-10.13_-34.19_0.2305_0.3068_-0.7703_-0.5093end-0.31_8.77_4.65_-2.13_15.67_-15.33_28.69_-9.13_-33.81_0.2328_0.3063_-0.7706_-0.5082end-0.31_8.77_4.65_-2.13_15.67_-15.33_28.69_-9.13_-33.81_0.2336_0.3062_-0.7706_-0.5078end-0.31_8.77_4.65_-2.13_15.67_-15.33_28.69_-9.13_-33.81_0.2352_0.3059_-0.7708_-0.5070end-0.52_8.75_4.75_-2.13_15.67_-15.33_28.69_-9.13_-33.81_0.2352_0.3059_-0.7708_-0.5070end-0.52_8.75_4.75_-2.13_15.67_-15.33_28.69_-9.13_-33.81_0.2377_0.3054_-0.7709_-0.5060end-0.65_8.78_4.84_-2.13_15.67_-15.33_28.69_-9.13_-33.81_0.2377_0.3054_-0.7709_-0.5060end-0.65_8.78_4.84_-2.13_15.67_-15.33_28.69_-9.13_-33.81_0.2385_0.3052_-0.7709_-0.5056end,24.3790273,120.90879266,1062.85693359375
149,,24.3790273,120.90879266,1062.85693359375
150,,24.3790273,120.90879266,1062.85693359375
151,-0.65_8.78_4.84_-2.13_15.67_-15.33_28.69_-9.13_-33.81_0.2401_0.3047_-0.7709_-0.5051end-1.00_8.77_5.11_-2.13_15.67_-15.33_28.69_-9.13_-33.81_0.2401_0.3047_-0.7709_-0.5051end-1.04_8.76_5.21_-2.13_15.67_-15.33_28.69_-9.13_-33.81_0.2401_0.3047_-0.7709_-0.5051end-1.04_8.78_5.20_-2.13_15.67_-15.33_28.69_-9.13_-33.81_0.2435_0.3032_-0.7712_-0.5041end-1.04_8.78_5.27_-2.13_15.67_-15.33_28.69_-9.13_-33.81_0.2440_0.3028_-0.7712_-0.5040end-1.14_8.78_5.29_-2.13_15.67_-15.33_28.69_-9.13_-33.81_0.2440_0.3028_-0.7712_-0.5040end-1.14_8.78_5.29_3.58_5.04_-15.00_28.69_-9.13_-33.81_0.2440_0.3028_-0.7712_-0.5040end-1.11_8.82_5.32_3.58_5.04_-15.00_29.37_-9.06_-33.00_0.2440_0,24.3790273,120.90879266,1062.85693359375
152,.3028_-0.7712_-0.5040end-1.11_8.82_5.32_3.58_5.04_-15.00_29.37_-9.06_-33.00_0.2467_0.3007_-0.7714_-0.5037end-1.16_8.77_5.38_3.58_5.04_-15.00_29.37_-9.06_-33.00_0.2467_0.3007_-0.7714_-0.5037end-1.16_8.82_5.39_3.58_5.04_-15.00_29.37_-9.06_-33.00_0.2479_0.2999_-0.7713_-0.5037end-1.25_8.80_5.43_3.58_5.04_-15.00_29.37_-9.06_-33.00_0.2479_0.2999_-0.7713_-0.5037end-1.25_8.80_5.43_3.58_5.04_-15.00_29.37_-9.06_-33.00_0.2496_0.2986_-0.7712_-0.5038end-1.27_8.77_5.37_3.58_5.04_-15.00_29.37_-9.06_-33.00_0.2502_0.2982_-0.7711_-0.5,24.3790273,120.90879266,1062.85693359375
153,039end-1.33_8.81_5.36_3.58_5.04_-15.00_29.37_-9.06_-33.00_0.2509_0.2979_-0.7709_-0.5040end-1.38_8.79_5.33_3.58_5.04_-15.00_29.37_-9.06_-33.00_0.2509_0.2979_-0.7709_-0.5040end-1.41_8.78_5.25_3.58_5.04_-15.00_29.37_-9.06_-33.00_0.2529_0.2967_-0.7705_-0.5043end-1.42_8.77_5.23_3.58_5.04_-15.00_29.37_-9.06_-33.00_0.2536_0.2963_-0.7703_-0.5045end-1.48_8.79_5.18_3.58_5.04_-15.00_29.37_-9.06_-33.00_0.2536_0.2963_-0.7703_-0.5045end-1.51_8.78_5.14_11.75_5.82_-13.20_29.37_-9.06_-33.00_0.2536_0.2963_-0.7703_-0.5045end,24.3790273,120.90879266,1062.85693359375
154,,24.3790273,120.90879266,1062.85693359375
155,,24.3790273,120.90879266,1062.85693359375
156,,24.3790273,120.90879266,1062.85693359375
157,-1.51_8.78_5.14_11.75_5.82_-13.20_30.12_-9.06_-32.06_0.2556_0.2951_-0.7698_-0.5050end-1.51_8.78_5.14_11.75_5.82_-13.20_30.12_-9.06_-32.06_0.2567_0.2941_-0.7694_-0.5056end-1.70_8.79_5.04_11.75_5.82_-13.20_30.12_-9.06_-32.06_0.2567_0.2941_-0.7694_-0.5056end-1.68_8.78_4.95_11.75_5.82_-13.20_30.12_-9.06_-32.06_0.2567_0.2941_-0.7694_,24.3790273,120.90879266,1062.85693359375
158,,24.3790273,120.90879266,1062.85693359375
159,-0.5056end-1.73_8.82_4.87_11.75_5.82_-13.20_30.12_-9.06_-32.06_0.2567_0.2941_-0.7694_-0.5056end-1.73_8.82_4.87_11.75_5.82_-13.20_30.12_-9.06_-32.06_0.2584_0.2911_-0.7687_-0.5075end-1.65_8.79_4.71_11.75_5.82_-13.20_30.50_-8.00_-32.06_0.2584_0.2911_-0.7687_-0.5075end-1.62_8.78_4.61_11.75_5.82_-13.20_30.12_-9.06_-32.06_0.2584_0.2911_-0.7687_-0.5075end-1.62_8.78_4.61_11.75_5.82_-13.20_30.12_-9.06_-32.06_0.2587_0.2880_-0.7684_-0.5096end-1.62_8.78_4.61_11.75_5.82_-13.20_31.50_-8.31_-32.94_0.2587_0.2871_-0.7682_-0.5103end-1.77_8.77_4.44_11.75_5.82_-13.20_31.50_-8.31_-32.94_0.2587_0.2863_-0.7682_-0.5109end-1.79_8.80_4.42_17.01_-13.76_-10.74_31.50_-8.31_-32.94_0.2587_0.2863_-0.7682_-0.5109end-1.75_8.82_4.43_17.46_-13.88_-10.30_31.50_-8.31_-32.94_0.2587_0.2839_-0.7678_-0.5128end-1.82_8.79_4.41_17.46_-13.88_-10.30_31.50_-8.31_-32.94_0.2588_0.2831_-0.7677_-0.5134end-1.87_8.78_4.34_17.46_-13.88_-10.30_31.50_-8.31_-32.94_0.2588_0.2823_-0.7675_-0.5140end-1.93_8.82_4.32_17.46_-13.88_-10.30_31.50_-8.31_-32.94_0.2589_0.2816_-0.7673_-0.5146end-2.10_8.81_4.31_17.46_-13.88_-10.30_31.50_-8.31_-32.94_0.2589_0.2816_-0.7673_-0.5146end-2.10_8.81_4.31_19.14_-10.30_-9.18_29.37_-9.06_-33.00_0.2589_0.2816_-0.7673_-0.5146end-2.10_8.81_4.31_19.25_-9.40_-8.84_29.37_-9.06_-33.00_0.2592_0.2794_-0.7667_-0.5166end-2.10_8.81_4.31_19.36_-8.17_-8.50_29.06_-8.31_-31.19_0.2592_0.2794_-0.7667_-0.5166end,24.3790273,120.90879266,1062.85693359375
160,-2.10_8.81_4.31_19.36_-8.17_-8.50_29.06_-8.31_-31.19_0.2597_0.2775_-0.7660_-0.5185end-2.10_8.81_4.31_20.37_-4.92_-7.72_29.06_-8.31_-31.19_0.2600_0.2769_-0.7656_-0.5192end-2.10_8.81_4.31_20.25_-4.81_-6.94_29.06_-8.31_-31.19_0.2603_0.2764_-0.7653_-0.5198end-2.10_8.81_4.31_20.25_-5.26_-6.60_30.50_-9.38_-32.13_0.2603_0.2764_-0.7653_,24.3790273,120.90879266,1062.85693359375
161,-0.5198end-2.10_8.81_4.31_20.25_-5.26_-6.60_30.50_-9.38_-32.13_0.2603_0.2764_-0.7653_-0.5198end-2.10_8.81_4.31_20.25_-5.26_-6.60_30.50_-9.38_-32.13_0.2607_0.2753_-0.7646_-0.5211end-3.43_8.86_3.20_20.25_-5.26_-6.60_30.50_-9.38_-32.13_0.2607_0.2753_-0.7646_-0.5211end-3.61_8.90_3.02_20.25_-5.26_-6.60_30.50_-9.38_-32.13_0.2608_0.2731_-0.7634_-0.5240end-3.63_8.89_2.98_20.25_-5.26_-6.60_30.50_-9.38_-32.13_0.2608_0.2731_-0.7634_-0.5240end-3.64_8.94_2.94_20.25_-5.26_-6.60_30.50_-9.38_-32.13_0.2608_0.2731_-0.7634_-0.5240end,24.3790273,120.90879266,1062.85693359375
162,,24.3790273,120.90879266,1062.85693359375
163,-3.64_8.94_2.94_20.81_-27.31_-1.57_30.50_-9.38_-32.13_0.2608_0.2731_-0.7634_-0.5240end-3.56_8.95_2.79_20.81_-27.31_-1.57_30.50_-9.38_-32.13_0.2580_0.2684_-0.7623_-0.5295end-3.55_8.91_2.62_20.81_-27.31_-1.57_30.50_-9.38_-32.13_0.2580_0.2684_-0.7623_-0.5295end-3.52_8.97_2.48_20.81_-27.31_-1.57_30.50_-9.38_-32.13_0.2580_0.2684_-0.7623_-0.5295end-3.52_8.97_2.48_20.81_-27.31_-1.57_27.94_-10.13_-33.38_0.2548_0.2653_-0.7622_-0.5327end-3.52_8.97_2.48_20.81_-27.31_-1.57_27.94_-10.13_-33.38_0.2534_0.2640_-0.7622_-0.5339end-3.52_8.97_2.48_20.81_-27.31_-1.57_27.94_-10.13_-33.38_0.2520_0.2628_-0.7623_-0.5351end-3.15_8.98_2.29_20.81_-27.31_-1.57_27.94_-10.13_-33.38_0.2520_0.2628_-0.7623_-0.5351end-3.01_8.95_2.30_20.81_-27.31_-1.57_27.94_-10.13_-33.38_0.2520_0.2628_-0.7623_-0.5351end-2.49_8.98_2.34_20.81_-27.31_-1.57_27.94_-10.13_-33.38_0.2520_0.2628_-0.7623_-0.5351end,24.3790273,120.90879266,1062.85693359375
164,,24.3790273,120.90879266,1062.85693359375
165,-2.49_8.98_2.34_20.81_-27.31_-1.57_26.50_-9.75_-32.56_0.2406_0.2541_-0.7634_-0.5429end-2.49_8.98_2.34_20.81_-27.31_-1.57_26.50_-9.75_-32.56_0.2363_0.2510_-0.7639_-0.5456end-2.18_8.98_2.36_20.81_-27.31_-1.57_26.50_-9.75_-32.56_0.2341_0.2493_-0.7642_-0.5469end-1.79_9.02_2.42_20.81_-27.31_-1.57_26.50_-9.75_-32.56_0.2341_0.2493_-0.7642_-0.5469end-1.69_8.98_2.41_17.23_-68.04_6.71_26.50_-9.75_-32.56_0.2341_0.2493_-0.7642_-0.5469end-1.57_9.00_2.38_17.23_-68.04_6.71_26.50_-9.75_-32.56_0.2253_0.2432_-0.7650_-0.5522end-1.40_9.00_2.40_17.57_-65.80_6.60_26.50_-9.75_-32.56_0.2231_0.2416_-0.7651_-0.5535end-1.23_9.00_2.39_17.57_-65.80_6.60_26.50_-9.75_-32.56_0.2211_0.2402_-0.7653_-0.5547end-1.17_9.02_2.42_17.12_-62.44_6.71_26.50_-9.75_-32.56_0.2211_0.2402_-0.7653_-0.5547end-1.17_9.02_2.42_17.12_-61.32_6.60_26.50_-9.75_-32.56_0.2211_0.2402_-0.7653_-0.5547end,24.3790273,120.90879266,1062.85693359375
166,,24.3790273,120.90879266,1062.85693359375
167,-1.17_9.02_2.42_17.57_-59.76_6.71_26.50_-9.75_-32.56_0.2131_0.2346_-0.7657_-0.5596end-0.88_9.04_2.32_17.57_-59.76_6.71_26.50_-9.75_-32.56_0.2131_0.2346_-0.7657_-0.5596end-0.71_9.04_2.22_17.57_-59.76_6.71_26.50_-9.75_-32.56_0.2131_0.2346_-0.7657_-0.5596end-0.71_9.04_2.22_17.57_-59.76_6.71_24.31_-11.94_-34.69_0.2082_0.2310_-0.7657_-0.5629end-0.67_9.03_2.17_17.01_-44.99_6.27_24.31_-11.94_-34.69_0.2082_0.2310_-0.7657_-0.5629end-0.67_9.03_2.17_17.23_-40.73_6.27_24.31_-11.94_-34.69_0.2053_0.2290_-0.7656_-0.5650end-0.67_9.03_2.17_16.90_-36.93_6.15_23.25_-12.00_-34.69_0.2053_0.2290_-0.7656_-0.5650end-0.67_9.03_2.17_17.01_-29.32_6.04_23.25_-12.00_-34.69_0.2020_,24.3790273,120.90879266,1062.85693359375
168,0.2266_-0.7651_-0.5678end-0.67_9.03_2.17_16.67_-25.07_5.93_23.25_-10.94_-35.06_0.2020_0.2266_-0.7651_-0.5678end-0.67_9.03_2.17_16.90_-20.59_6.27_23.25_-10.94_-35.06_0.2004_0.2256_-0.7646_-0.5694end,24.3790273,120.90879266,1062.85693359375
169,,24.3790273,120.90879266,1062.85693359375
170,-0.67_9.03_2.17_17.01_-16.56_5.71_24.37_-11.31_-36.44_0.1995_0.2249_-0.7640_-0.5709end-0.78_9.10_1.92_17.01_-16.56_5.71_24.37_-11.31_-36.44_0.1995_0.2249_-0.7640_-0.5709end-1.04_9.11_1.88_17.01_-16.56_5.71_24.37_-11.31_-36.44_0.1995_0.2249_-0.7640_-0.5709end-1.04_9.11_1.88_17.01_-16.56_5.71_24.37_-11.31_-36.44_0.1988_0.2245_-0.7,24.3790273,120.90879266,1062.85693359375
171,,24.3790273,120.90879266,1062.85693359375
172,,24.3790273,120.90879266,1062.85693359375
173,629_-0.5728end-1.04_9.11_1.88_17.01_-16.56_5.71_23.25_-12.69_-34.75_0.1987_0.2244_-0.7621_-0.5739end-1.25_9.14_1.84_15.22_-4.92_6.83_23.25_-12.69_-34.75_0.1987_0.2244_-0.7621_-0.5739end-1.44_9.15_1.86_15.22_-4.92_6.83_23.25_-12.69_-34.75_0.1987_0.2244_-0.7618_-0.5743end-1.44_9.15_1.86_14.55_-6.83_7.39_23.25_-12.69_-34.75_0.1987_0.2244_-0.7618_-0.5743end-1.46_9.17_1.83_14.55_-6.83_7.39_23.25_-12.69_-34.75_0.1983_0.2244_-0.7606_-0.5760end-1.46_9.17_1.83_14.55_-6.83_7.39_23.25_-11.31_-36.00_0.1978_0.2242_-0.7599_-0.5771end,24.3790273,120.90879266,1062.85693359375
174,,24.3790273,120.90879266,1062.85693359375
175,-1.59_9.16_1.78_14.55_-6.83_7.39_23.25_-12.37_-35.63_0.1978_0.2242_-0.7599_-0.5771end-1.61_9.20_1.77_14.21_-11.86_8.50_23.25_-12.37_-35.63_0.1978_0.2242_-0.7599_-0.5771end-1.63_9.16_1.73_14.21_-11.86_8.50_22.87_-13.06_-36.50_0.1962_0.2238_-0.7587_-0.5795end-1.68_9.16_1.77_14.21_-11.86_8.50_22.87_-13.06_-36.50_0.1957_0.2236_-0.75,24.3790273,120.90879266,1062.85693359375
176,84_-0.5801end-1.69_9.19_1.73_14.21_-11.86_8.50_22.87_-13.06_-36.50_0.1957_0.2236_-0.7584_-0.5801end-1.68_9.20_1.72_14.21_-11.86_8.50_22.87_-13.13_-37.31_0.1957_0.2236_-0.7584_-0.5801end-1.68_9.20_1.72_12.98_-18.58_10.41_22.87_-13.06_-36.00_0.1932_0.2228_-0.7573_-0.5827end-1.69_9.23_1.78_12.98_-18.58_10.41_22.87_-13.06_-36.00_0.1932_0.2228_-0.7573_-0.5827end-1.69_9.23_1.78_12.98_-18.58_10.41_22.87_-13.06_-36.00_0.1924_0.2226_-0.7571_-0.5834end-1.68_9.20_1.86_12.98_-18.58_10.41_22.87_-13.06_-36.00_0.1924_0.2226_-0.7571_-0.5834end-1.68_9.20_1.86_11.53_-31.33_12.53_22.87_-13.06_-36.00_0.1924_0.2226_-0.7571_-0.5834end-1.68_9.20_1.86_11.53_-31.33_12.53_22.13_-14.13_-35.63_0.1884_0.2210_-0.7563_-0.5862end-1.68_9.20_1.86_11.53_-31.33_12.53_22.13_-14.13_-35.63_0.1859_0.2199_-0.7560_-0.5877end-1.52_9.21_2.07_11.53_-31.33_12.53_22.13_-14.13_-35.63_0.1859_0.2199_,24.3790273,120.90879266,1062.85693359375
177,-0.7560_-0.5877end-1.48_9.23_2.09_11.53_-31.33_12.53_22.13_-14.13_-35.63_0.1859_0.2199_-0.7560_-0.5877end-1.48_9.23_2.09_11.53_-31.33_12.53_22.13_-14.13_-35.63_0.1813_0.2178_-0.7559_-0.5902end-1.21_9.19_2.07_10.97_-47.00_14.32_22.13_-14.13_-35.63_0.1813_0.2178_-0.7559_-0.5902end-1.21_9.19_2.07_10.97_-47.00_14.32_22.13_-14.13_-35.63_0.1762_0.2154_-0.7557_-0.5928end-1.21_9.19_2.07_10.74_-49.46_14.77_22.13_-14.13_-35.63_0.1725_0.2137_-0.7556_-0.5947end-0.93_9.21_1.88_10.74_-49.46_14.77_20.69_-14.19_-36.06_0.1725_0.2137_-0.7556_-0.5947end,24.3790273,120.90879266,1062.85693359375
178,,24.3790273,120.90879266,1062.85693359375
179,,24.3790273,120.90879266,1062.85693359375
180,-0.80_9.23_1.94_10.74_-49.46_14.77_20.69_-14.19_-36.06_0.1725_0.2137_-0.7556_-0.5947end-0.76_9.23_1.98_10.97_-50.81_15.67_20.69_-14.19_-36.06_0.1725_0.2137_-0.7556_-0.5947end-0.75_9.21_2.05_10.97_-50.81_15.67_20.69_-14.19_-36.06_0.1630_0.2092_-0.7554_-0.5992end-0.67_9.23_2.07_10.97_-50.81_15.67_20.69_-14.19_-36.06_0.1611_0.2083_-0.7554_-0.6000end-0.52_9.17_2.16_10.97_-50.81_15.67_19.94_-14.56_-36.06_0.1611_0.2083_-0.7554_-0.6000end-0.48_9.20_2.16_10.97_-50.81_15.67_19.94_-14.56_-36.06_0.1551_0.2054_-0.7552_-0.6028end-0.48_9.20_2.16_10.97_-50.81_15.67_18.87_-14.25_-36.50_0.1530_0.2044_-0.7552_-0.6038end-0.29_9.20_2.18_10.97_-50.81_15.67_18.87_-14.25_-36.50_0.1508_0.2033_-0.7551_-0.6047end-0.25_9.21_2.14_11.53_-61.32_17.01_18.87_-14.25_-36.50_0.1508_0.2033_-0.7551_-0.6047end-0.25_9.21_2.14_11.53_-61.32_17.01_18.87_-14.25_-36.50_0.1463_0.2010_-0.7551_-0.6067end,24.37885749,120.90901332,1078.091552734375
181,,24.37885749,120.90901332,1078.091552734375
182,-0.05_9.21_2.13_11.53_-61.32_17.01_18.87_-14.25_-36.50_0.1414_0.1985_-0.7550_-0.6088end0.27_9.21_2.09_11.53_-61.32_17.01_18.87_-14.25_-36.50_0.1414_0.1985_-0.7550_-0.6088end0.27_9.21_2.09_11.86_-72.51_16.67_17.12_-15.69_-37.81_0.1414_0.1985_-0.7550_-0.6088end0.55_9.18_2.03_11.86_-72.51_16.67_17.12_-15.69_-37.81_0.1414_0.1985_-0.,24.37885749,120.90901332,1078.091552734375
183,7550_-0.6088end0.55_9.18_2.03_11.64_-74.75_16.67_17.12_-15.69_-37.81_0.1281_0.1912_-0.7549_-0.6141end0.77_9.20_1.99_11.64_-74.75_16.67_17.12_-15.69_-37.81_0.1254_0.1896_-0.7549_-0.6152end1.07_9.24_1.99_11.86_-80.01_15.89_17.12_-15.69_-37.81_0.1254_0.1896_-0.7549_-0.6152end1.07_9.24_1.99_11.86_-80.01_15.89_17.12_-15.69_-37.81_0.1223_0.1879_-0.7549_-0.6164end1.07_9.24_1.99_12.42_-77.66_14.66_16.06_-15.31_-36.94_0.1223_0.1879_-0.7549_-0.6164end1.89_9.19_1.84_12.42_-77.66_14.66_16.06_-15.31_-36.94_0.1223_0.1879_-0.7549_-0.6164end,24.37885749,120.90901332,1078.091552734375
184,,24.37885749,120.90901332,1078.091552734375
185,,24.37885749,120.90901332,1078.091552734375
186,2.00_9.20_1.86_12.42_-77.66_14.66_14.56_-16.12_-38.69_0.1223_0.1879_-0.7549_-0.6164end2.00_9.20_1.86_12.42_-77.66_14.66_13.50_-15.75_-37.81_0.1066_0.1780_-0.7546_-0.6225end2.00_9.20_1.86_12.42_-77.66_14.66_13.50_-15.75_-37.81_0.1041_0.1765_-0.7545_-0.6235end2.39_9.24_1.84_12.42_-77.66_14.66_13.50_-15.75_-37.81_0.1041_0.1765_-0.7545_-0.6235end2.56_9.20_1.86_12.42_-77.66_14.66_13.50_-15.75_-37.81_0.1041_0.1765_-0.7545_-0.6235end2.56_9.20_1.86_12.42_-77.66_14.66_14.56_-16.12_-38.69_0.1041_0.1765_-0.7545_-0.6235end2.66_9.25_1.94_12.42_-77.66_14.66_14.56_-16.12_-38.69_0.0926_0.1693_-0.7533_-0.6287end2.72_9.25_1.86_12.42_-77.66_14.66_14.56_-16.12_-38.69_0.0926_0.1693_-0.7533_-0.6287end2.80_9.24_1.82_12.42_-77.66_14.66_14.56_-16.12_-38.69_0.0900_0.1677_-0.7527_-0.6302end2.80_9.24_1.82_14.10_-32.68_7.05_14.56_-16.12_-38.69_0.0900_0.1677_-0.7527_-0.6302end,24.37885749,120.90901332,1078.091552734375
187,2.80_9.24_1.82_14.10_-32.68_7.05_12.44_-15.44_-38.69_0.0869_0.1656_-0.7518_-0.6323end2.80_9.25_1.71_14.10_-32.68_7.05_12.44_-15.44_-38.69_0.0861_0.1652_-0.7515_-0.6329end2.82_9.28_1.61_14.10_-32.68_7.05_12.44_-15.44_-38.69_0.0861_0.1652_-0.7515_-0.6329end2.86_9.28_1.65_13.88_-17.35_4.14_12.44_-15.44_-38.69_0.0861_0.1652_-0.7515_-0.6329end2.79_9.28_1.58_13.88_-17.35_4.14_11.38_-17.56_-40.00_0.0846_0.1640_-0.7505_-0.6346end2.79_9.28_1.58_13.88_-17.35_4.14_11.38_-17.56_-40.00_0.0840_0.1635_-0.7498_-0.6357end2.72_9.30_1.62_14.55_-6.71_1.57_11.38_-17.56_-40.00_0.0840_0.1635_-0.7498_-0.6357end2.67_9.27_1.65_14.55_-6.71_1.57_11.38_-17.56_-40.00_0.0839_0.1633_,24.37885749,120.90901332,1078.091552734375
188,-0.7494_-0.6362end2.62_9.28_1.73_14.55_-6.71_1.57_12.06_-17.12_-38.25_0.0839_0.1633_-0.7494_-0.6362end2.57_9.28_1.80_14.10_1.79_-0.56_12.06_-17.12_-38.25_0.0841_0.1631_-0.7482_-0.6376end,24.37885749,120.90901332,1078.091552734375
189,,24.37885749,120.90901332,1078.091552734375
190,,24.37885749,120.90901332,1078.091552734375
191,,24.37885749,120.90901332,1078.091552734375
192,,24.37885749,120.90901332,1078.091552734375
193,,24.37885749,120.90901332,1078.091552734375
194,2.49_9.29_1.80_14.10_1.79_-0.56_12.06_-17.12_-38.25_0.0847_0.1633_-0.7474_-0.6385end2.44_9.28_1.84_14.10_1.79_-0.56_12.06_-17.12_-38.25_0.0847_0.1633_-0.7474_-0.6385end2.44_9.28_1.84_14.10_1.79_-0.56_12.06_-17.12_-38.25_0.0850_0.1633_-0.7469_-0.6389end2.44_9.28_1.84_14.10_1.79_-0.56_12.06_-17.12_-38.25_0.0866_0.1639_-0.7457_-0.6400end2.21_9.29_1.87_14.10_1.79_-0.56_12.06_-17.12_-38.25_0.0873_0.1641_-0.7452_-0.6404end2.21_9.29_1.87_14.10_1.79_-0.56_11.38_-16.81_-38.69_0.0873_0.1641_-0.7452_-0.6404end1.98_9.34_1.96_14.10_1.79_-0.56_11.38_-16.81_-38.69_0.0873_0.1641_-0.7452_-0.6404end1.98_9.34_1.96_14.10_1.79_-0.56_12.37_-17.50_-38.25_0.0897_0.1650_-0.743,24.37885749,120.90901332,1078.091552734375
195,9_-0.6414end1.74_9.34_1.91_14.10_1.79_-0.56_12.37_-17.50_-38.25_0.0906_0.1653_-0.7434_-0.6417end1.74_9.34_1.91_15.55_22.60_-5.37_12.37_-17.50_-38.25_0.0906_0.1653_-0.7434_-0.6417end1.70_9.34_1.95_15.55_22.60_-5.37_11.75_-17.19_-38.69_0.0906_0.1653_-0.7434_-0.6417end1.29_9.30_1.90_15.55_22.60_-5.37_11.75_-17.19_-38.69_0.0950_0.1673_-0.7415_-0.6429end1.29_9.30_1.90_16.11_25.85_-6.15_11.75_-17.19_-38.69_0.0950_0.1673_-0.7415_-0.6429end1.02_9.36_2.03_16.11_25.85_-6.15_11.75_-17.19_-38.69_0.0950_0.1673_-0.7415_-0.6429end1.02_9.36_2.03_16.11_25.85_-6.15_12.75_-17.87_-39.13_0.1010_0.1699_-0.7388_-0.6443end0.82_9.37_2.01_16.11_25.85_-6.15_12.75_-17.87_-39.13_0.1022_0.1704_-0.7383_-0.6446end0.74_9.36_2.05_16.11_25.85_-6.15_12.75_-17.87_-39.13_0.1022_0.1704_-0.7383_-0.6446end0.74_9.36_2.05_16.11_25.85_-6.15_12.75_-17.87_-39.13_0.1056_0.1718_-0.7366_-0.6455end0.73_9.37_2.00_16.11_25.85_-6.15_12.75_-17.87_-39.13_0.1056_0.1718_-0.7366_-0.6455end0.65_9.36_1.93_16.11_25.85_-6.15_13.81_-19.25_-38.31_0.1056_0.1718_-0.7366_-0.6455end,24.37885749,120.90901332,1078.091552734375
196,,24.37885749,120.90901332,1078.091552734375
197,0.65_9.36_1.93_17.79_19.47_-6.15_13.81_-19.25_-38.31_0.1097_0.1732_-0.7344_-0.6470end0.59_9.41_1.88_17.79_19.47_-6.15_13.81_-19.25_-38.31_0.1106_0.1735_-0.7339_-0.6474end0.48_9.36_1.86_17.79_19.47_-6.15_13.81_-19.25_-38.31_0.1106_0.1735_-0.7339_-0.6474end0.48_9.36_1.86_17.79_19.47_-6.15_13.81_-18.87_-37.00_0.1106_0.1735_-0.7339_-0.6474end0.49_9.38_1.82_18.69_14.21_-6.04_13.81_-18.87_-37.00_0.1106_0.1735_-0.7339_-0.6474end0.38_9.37_1.80_18.69_14.21_-6.04_13.81_-18.87_-37.00_0.1141_0.1743_-0.7316_-0.6491end0.36_9.36_1.79_19.14_11.41_-5.71_13.81_-18.87_-36.56_0.1141_0.1743_-0.7316_-0.6491end0.36_9.36_1.79_19.14_11.41_-5.71_15.25_-19.19_-36.63_0.1163_0.174,24.37885749,120.90901332,1078.091552734375
198,7_-0.7300_-0.6505end0.37_9.39_1.67_19.70_10.07_-5.71_15.25_-19.19_-36.63_0.1163_0.1747_-0.7300_-0.6505end0.37_9.39_1.67_19.70_10.07_-5.71_15.25_-19.19_-36.63_0.1183_0.1748_-0.7283_-0.6520end,24.37885749,120.90901332,1078.091552734375
199,0.38_9.41_1.60_19.70_10.07_-5.71_15.25_-19.19_-36.63_0.1183_0.1748_-0.7283_-0.6520end0.37_9.38_1.54_19.70_10.07_-5.71_15.25_-19.19_-36.63_0.1183_0.1748_-0.7283_-0.6520end0.40_9.37_1.56_19.70_10.07_-5.71_14.87_-19.50_-35.75_0.1183_0.1748_-0.7283_-0.6520end0.40_9.37_1.56_19.70_10.07_-5.71_14.87_-19.50_-35.75_0.1205_0.1747_-0.7261_-0.6541end0.40_9.37_1.56_19.70_10.07_-5.71_14.87_-19.50_-35.75_0.1210_0.1746_-0.7255_-0.6547end0.40_9.37_1.56_19.70_10.07_-5.71_14.50_-19.56_-37.00_0.1219_0.1744_-0.7244_-0.6558end0.40_9.37_1.56_21.04_5.37_-4.92_14.50_-19.56_-37.00_0.1224_0.1744_-0.7238_-0.6563end0.40_9.37_1.56_20.59_5.48_-4.92_14.50_-19.56_-37.00_0.1229_0.1743_,24.37885749,120.90901332,1078.091552734375
200,-0.7231_-0.6569end0.38_9.40_1.26_20.59_5.48_-4.92_14.50_-19.56_-37.00_0.1234_0.1743_-0.7226_-0.6575end0.38_9.40_1.26_20.59_5.48_-4.92_14.50_-19.56_-37.00_0.1239_0.1741_-0.7220_-0.6581end,24.37885749,120.90901332,1078.091552734375
201,,24.37885749,120.90901332,1078.091552734375
202,0.27_9.39_1.13_20.59_5.48_-4.92_14.50_-19.56_-37.00_0.1239_0.1741_-0.7220_-0.6581end0.27_9.39_1.13_20.59_5.48_-4.92_14.50_-19.56_-36.63_0.1239_0.1741_-0.7220_-0.6581end0.27_9.39_1.13_20.59_5.48_-4.92_14.50_-19.56_-36.63_0.1258_0.1738_-0.7197_-0.6603end0.27_9.41_0.98_20.59_5.48_-4.92_14.50_-19.56_-36.63_0.1258_0.1738_-0.7197_-0.6603end0.17_9.40_0.96_20.59_5.48_-4.92_14.50_-19.56_-36.63_0.1258_0.1738_-0.7197_-0.6603end0.13_9.40_0.95_20.59_5.48_-4.92_14.50_-19.56_-36.63_0.1279_0.1738_-0.7172_-0.6626end0.11_9.40_0.90_21.26_8.84_-4.03_14.50_-19.56_-36.63_0.1279_0.1738_-0.7172_-0.6626end0.11_9.40_0.90_21.26_8.84_-4.03_14.50_-19.56_-36.63_0.1290_0.1739_-0.7160_-0.6637end0.00_9.43_0.85_21.26_8.84_-4.03_14.50_-19.56_-36.63_0.1290_0.1739_-0.7160_-0.6637end0.00_9.43_0.85_21.26_8.84_-4.03_14.50_-19.56_-36.63_0.1309_0.1743_-0.7141_-0.6653end,24.37885749,120.90901332,1078.091552734375
203,,24.37885749,120.90901332,1078.091552734375
204,,24.37885749,120.90901332,1078.091552734375
205,-0.14_9.42_0.84_21.26_8.84_-4.03_14.50_-19.56_-36.63_0.1309_0.1743_-0.7141_-0.6653end-0.26_9.38_0.87_21.26_8.84_-4.03_14.50_-19.56_-36.63_0.1309_0.1743_-0.7141_-0.6653end-0.32_9.43_0.94_21.82_14.88_-2.57_14.50_-19.56_-36.63_0.1309_0.1743_-0.7141_-0.6653end-0.32_9.43_0.94_21.82_14.88_-2.57_14.13_-20.94_-34.38_0.1351_0.1757_-0.7100_-0.6684end-0.38_9.38_1.04_21.82_14.88_-2.57_14.13_-20.94_-34.38_0.1357_0.1760_-0.7093_-0.6689end-0.39_9.44_1.05_21.82_14.88_-2.57_15.56_-20.19_-35.25_0.1364_0.1761_-0.7086_-0.6696end-0.43_9.44_1.16_22.05_9.62_-1.45_15.56_-20.19_-35.25_0.1364_0.1761_-0.7086_-0.6696end-0.42_9.45_1.15_22.38_8.06_-1.34_15.56_-20.19_-35.25_0.1378_0.1765_-0.7065_-0.6713end-0.37_9.44_1.18_22.38_8.06_-1.34_15.56_-20.19_-35.25_0.1382_0.1765_-0.7059_-0.6719end-0.37_9.42_1.23_22.38_8.06_-1.34_15.56_-20.19_-35.25_0.1382_0.1765_-0.7059_-0.6719end,24.37885749,120.90901332,1078.091552734375
206,,24.37885749,120.90901332,1078.091552734375
207,,24.37885749,120.90901332,1078.091552734375
208,,24.37885749,120.90901332,1078.091552734375
209,,24.37885749,120.90901332,1078.091552734375
210,,24.37885749,120.90901332,1078.091552734375
211,-0.31_9.42_1.23_22.38_8.06_-1.34_15.56_-20.19_-35.25_0.1392_0.1766_-0.7038_-0.6738end-0.20_9.43_1.26_22.38_8.06_-1.34_15.56_-20.19_-35.25_0.1392_0.1766_-0.7038_-0.6738end-0.08_9.41_1.33_22.38_8.06_-1.34_15.56_-20.19_-35.25_0.1392_0.1766_-0.7038_-0.6738end0.01_9.38_1.27_22.38_8.06_-1.34_15.94_-21.25_-35.31_0.1401_0.1763_-0.7010_-,24.37885749,120.90901332,1078.091552734375
212,0.6766end0.09_9.39_1.34_22.38_8.06_-1.34_15.94_-21.25_-35.31_0.1403_0.1763_-0.7004_-0.6773end0.16_9.40_1.33_22.38_8.06_-1.34_15.94_-21.25_-35.31_0.1403_0.1763_-0.7004_-0.6773end0.16_9.40_1.33_22.38_8.06_-1.34_15.94_-21.25_-35.31_0.1404_0.1761_-0.6996_-0.6780end0.51_9.36_1.20_22.38_8.06_-1.34_15.94_-21.25_-35.31_0.1404_0.1761_-0.6996_-0.6780end0.67_9.41_1.00_22.38_8.06_-1.34_15.94_-21.25_-35.31_0.1412_0.1760_-0.6974_-0.6802end0.67_9.41_1.00_25.18_6.27_0.45_16.25_-22.25_-33.19_0.1412_0.1760_-0.6974_-0.6802end0.67_9.41_1.00_25.18_6.27_0.45_16.25_-22.25_-33.19_0.1419_0.1761_-0.6959_-0.6815end0.83_9.36_0.14_25.18_6.27_0.45_16.25_-22.25_-33.19_0.1424_0.1763_-0.6951_-0.6822end0.83_9.36_0.14_25.18_6.27_0.45_15.19_-22.94_-33.63_0.1437_0.1770_-0.6934_-0.6835end0.79_9.42_-0.10_26.63_20.48_0.45_15.19_-22.94_-33.63_0.1454_0.1779_-0.6917_-0.6848end0.75_9.35_-0.18_26.63_20.48_0.45_15.19_-22.94_-33.63_0.1463_0.1785_-0.6907_-0.6854end0.59_9.42_-0.18_26.63_20.48_0.45_15.19_-22.94_-33.63_0.1472_0.1791_-0.6897_-0.6860end0.59_9.42_-0.18_27.31_25.63_0.56_15.19_-22.94_-33.63_0.1472_0.1791_-0.6897_-0.6860end0.47_9.38_-0.18_27.31_25.63_0.56_15.94_-22.25_-32.81_0.1472_0.1791_-0.6897_-0.6860end0.47_9.38_-0.18_27.31_25.63_0.56_15.94_-22.25_-32.81_0.1512_0.1817_-0.6859_-0.6883end-0.01_9.40_-0.30_27.31_25.63_0.56_15.94_-22.25_-32.81_0.1522_0.1823_-0.6849_-0.6888end-0.14_9.39_-0.41_27.31_25.63_0.56_15.88_-22.56_-31.94_0.1522_0.1823_-0.6849_-0.6888end-0.14_9.39_-0.41_27.31_25.63_0.56_15.50_-23.62_-31.06_0.1546_0.1838_-0.6822_-0.6906end-0.20_9.40_-0.76_27.31_25.63_0.56_15.50_-23.62_-31.06_0.1553_0.1843_-0.6813_-0.6912end-0.29_9.42_-0.83_27.31_25.63_0.56_15.19_-22.94_-32.31_0.1553_0.1843_-0.6813_-0.6912end-0.29_9.42_-0.83_25.63_7.83_2.46_15.19_-22.94_-32.31_0.1553_0.1843_-0.6813_-0.6912end-0.29_9.42_-0.83_25.63_7.83_2.46_15.88_-24.00_-32.38_0.1573_0.1852_-0.6779_-0.6939end-0.54_9.44_-0.77_25.63_7.83_2.46_15.88_-24.00_-32.38_0.1575_0.1852_-0.6771_-0.6946end-0.55_9.43_-0.76_25.63_7.83_2.46_15.88_-24.00_-32.38_0.1577_0,24.37885749,120.90901332,1078.091552734375
213,.1852_-0.6763_-0.6953end-0.55_9.40_-0.79_24.40_-0.90_3.36_15.88_-24.00_-32.38_0.1577_0.1852_-0.6763_-0.6953end-0.52_9.42_-0.83_24.17_-2.80_3.47_15.88_-24.00_-32.38_0.1578_0.1850_-0.6741_-0.6974end,24.37885749,120.90901332,1078.091552734375
214,,24.37885749,120.90901332,1078.091552734375
215,-0.55_9.42_-0.84_23.95_-7.39_4.48_15.88_-24.00_-32.38_0.1577_0.1848_-0.6734_-0.6982end-0.57_9.44_-0.95_23.95_-7.39_4.48_15.88_-24.00_-32.38_0.1577_0.1848_-0.6734_-0.6982end-0.61_9.38_-0.99_23.50_-12.87_5.37_15.88_-24.00_-32.38_0.1577_0.1848_-0.6734_-0.6982end-0.61_9.38_-0.99_23.50_-12.87_5.37_15.88_-23.94_-31.06_0.1567_0.1837_-0.6714_-0.7006end-0.39_9.46_-1.20_23.50_-12.87_5.37_15.88_-23.94_-31.06_0.1567_0.1837_-0.6714_-0.7006end-0.29_9.41_-1.34_22.05_-23.39_5.71_15.88_-23.94_-31.06_0.1567_0.1837_-0.6714_-0.7006end-0.19_9.41_-1.35_21.93_-25.74_5.82_15.88_-23.94_-31.06_0.1567_0.1837_-0.6714_-0.7006end-0.11_9.38_-1.41_21.93_-25.74_5.82_16.56_-25.75_-32.4,24.37885749,120.90901332,1078.091552734375
216,4_0.1527_0.1794_-0.6682_-0.7057end-0.03_9.40_-1.48_21.93_-25.74_5.82_16.56_-25.75_-32.44_0.1519_0.1785_-0.6677_-0.7066end0.09_9.43_-1.52_21.93_-25.74_5.82_14.75_-24.31_-31.94_0.1519_0.1785_-0.6677_-0.7066end,24.37885749,120.90901332,1078.091552734375
217,0.24_9.39_-1.51_21.93_-25.74_5.82_14.75_-24.31_-31.94_0.1519_0.1785_-0.6677_-0.7066end0.34_9.44_-1.46_21.93_-25.74_5.82_14.75_-24.31_-31.94_0.1479_0.1748_-0.6657_-0.7101end0.60_9.42_-1.59_21.93_-25.74_5.82_14.75_-24.69_-31.06_0.1479_0.1748_-0.6657_-0.7101end0.60_9.42_-1.59_19.14_-34.47_6.15_14.75_-24.69_-31.06_0.1479_0.1748_-0.6657_-0.7101end0.60_9.42_-1.59_19.14_-34.47_6.15_14.75_-24.69_-31.06_0.1459_0.1729_-0.6649_-0.7119end0.60_9.42_-1.59_19.14_-34.47_6.15_14.75_-24.31_-31.50_0.1438_0.1707_-0.6641_-0.7136end1.44_9.41_-2.03_19.14_-34.47_6.15_14.75_-24.31_-31.50_0.1427_0.1697_-0.6637_-0.7144end1.44_9.41_-2.03_19.14_-34.47_6.15_14.75_-24.31_-31.50_0.14,24.37885749,120.90901332,1078.091552734375
218,17_0.1688_-0.6633_-0.7151end1.62_9.43_-2.28_19.14_-34.47_6.15_14.75_-24.31_-31.50_0.1417_0.1688_-0.6633_-0.7151end1.62_9.43_-2.28_19.14_-34.47_6.15_14.75_-24.31_-31.50_0.1395_0.1666_-0.6620_-0.7172end,24.37885749,120.90901332,1078.091552734375
219,,24.37885749,120.90901332,1078.091552734375
220,1.75_9.40_-2.35_19.14_-34.47_6.15_14.75_-24.31_-31.50_0.1395_0.1666_-0.6620_-0.7172end1.62_9.46_-2.38_19.14_-34.47_6.15_14.75_-24.31_-31.50_0.1395_0.1666_-0.6620_-0.7172end1.62_9.46_-2.38_19.14_-34.47_6.15_14.75_-24.31_-31.50_0.1394_0.1663_-0.6600_-0.7192end1.62_9.46_-2.38_19.14_-34.47_6.15_14.00_-26.50_-31.56_0.1403_0.1671_-0.6588_-0.7200end1.38_9.46_-2.52_19.14_-34.47_6.15_15.06_-27.13_-31.12_0.1409_0.1676_-0.6583_-0.7203end1.23_9.44_-2.59_19.14_-34.47_6.15_15.06_-27.13_-31.12_0.1409_0.1676_-0.6583_-0.7203end1.17_9.45_-2.68_19.14_-34.47_6.15_15.06_-27.13_-31.12_0.1409_0.1676_-0.6583_-0.7203end1.17_9.45_-2.68_19.14_-34.47_6.15_15.06_-27.13_-31.12_0.14,24.37885749,120.90901332,1078.091552734375
221,31_0.1699_-0.6564_-0.7209end0.95_9.44_-2.41_19.14_-34.47_6.15_15.06_-27.13_-31.12_0.1431_0.1699_-0.6564_-0.7209end0.95_9.44_-2.41_19.14_-34.47_6.15_15.06_-27.13_-31.12_0.1431_0.1699_-0.6564_-0.7209end,24.37885749,120.90901332,1078.091552734375
222,,24.37885749,120.90901332,1078.091552734375
223,,24.37885749,120.90901332,1078.091552734375
224,,24.37885749,120.90901332,1078.091552734375
225,,24.37885749,120.90901332,1078.091552734375
226,,24.37885749,120.90901332,1078.091552734375
227,0.95_9.44_-2.41_19.14_-34.47_6.15_15.06_-27.50_-31.12_0.1431_0.1699_-0.6564_-0.7209end0.74_9.49_-2.29_19.14_-34.47_6.15_15.06_-27.50_-31.12_0.1476_0.1743_-0.6534_-0.7217end0.76_9.50_-2.22_9.51_23.28_1.12_15.06_-27.50_-31.12_0.1476_0.1743_-0.6534_-0.7217end0.76_9.50_-2.22_9.51_23.28_1.12_14.00_-27.19_-30.69_0.1504_0.1771_-0.6516_-0.7222end0.73_9.51_-2.21_9.51_23.28_1.12_14.00_-27.19_-30.69_0.1509_0.1776_-0.6511_-0.7223end0.71_9.45_-2.23_9.51_23.28_1.12_15.13_-26.44_-31.12_0.1509_0.1776_-0.6511_-0.7223end0.74_9.53_-2.15_8.06_12.87_0.67_15.13_-26.44_-31.12_0.1509_0.1776_-0.6511_-0.7223end0.71_9.46_-2.15_7.16_9.06_1.34_15.06_-26.81_-31.56_0.1509_0.1776_-0.6511_-0.7223end0.71_9.46_-2.15_7.16_9.06_1.34_15.06_-26.81_-31.56_0.1528_0.1794_-0.6494_-0.7230end0.69_9.49_-1.94_7.16_9.06_1.34_15.06_-26.81_-31.56_0.1528_0.1794_-0.6494_-0.7230end0.69_9.49_-1.94_7.16_9.06_1.34_16.50_-27.44_-29.87_0.1535_0.1800_-0.6486_-0.7234end0.74_9.50_-1.79_7.16_9.06_1.34_16.50_-27.44_-29.87_0.1537_0.1802_-0.6483_-0.7236end0.72_9.51_-1.69_7.16_9.06_1.34_16.50_-27.44_-29.87_0.1537_0.1802_-0.6483_-0.7236end0.73_9.47_-1.62_7.16_9.06_1.34_16.50_-27.44_-29.87_0.1537_0.1802_-0.6483_-0.7236end0.72_9.49_-1.60_7.16_9.06_1.34_16.50_-27.44_-29.87_0.1553_0.1818_-0.6471_-0.7239end0.48_9.51_-1.26_7.16_9.06_1.34_16.50_-27.44_-29.87_0.1553_0.1818_-0.6471_-0.7239end0.25_9.51_-1.09_7.16_9.06_1.34_16.50_-27.44_-29.87_0.1553_0.1818_-0.6471_-0.7239end0.25_9.51_-1.09_7.16_9.06_1.34_15.81_-27.50_-30.69_0.1570_0.1837_-0.6460_-0.724,24.37885749,120.90901332,1078.091552734375
228,1end0.25_9.51_-1.09_7.16_9.06_1.34_15.81_-27.50_-30.69_0.1581_0.1849_-0.6453_-0.7241end-0.14_9.54_-0.68_7.16_9.06_1.34_15.81_-27.50_-30.69_0.1586_0.1855_-0.6450_-0.7242end-0.19_9.53_-0.62_7.16_9.06_1.34_15.81_-27.50_-30.69_0.1586_0.1855_-0.6450_-0.7242end-0.22_9.55_-0.54_7.16_9.06_1.34_15.81_-27.50_-30.69_0.1586_0.1855_-0.6450_-0.7242end-0.22_9.55_-0.54_7.16_9.06_1.34_15.81_-27.50_-30.69_0.1593_0.1865_-0.6441_-0.7245end-0.36_9.54_-0.37_7.16_9.06_1.34_15.81_-27.50_-30.69_0.1593_0.1865_-0.6441_-0.7245end-0.32_9.54_-0.37_6.04_0.22_3.58_15.81_-27.50_-30.69_0.1593_0.1865_-0.6441_-0.7245end-0.32_9.54_-0.37_6.04_0.22_3.58_16.19_-27.06_-29.00_0.1592_0.1866_-0.6431_-0.7255end-0.32_9.54_-0.37_6.60_-2.46_4.03_16.19_-27.06_-29.00_0.1588_0.1865_-0.6426_-0.7260end-0.13_9.50_-0.33_6.60_-2.46_4.03_15.44_-27.50_-30.25_0.1588_0.1865_-0.6426_-0.7260end-0.05_9.50_-0.30_6.60_-2.46_4.03_15.44_-27.50_-30.25_0.1583_0.1862_-0.6422_-0.7266end0.40_9.47_-0.37_7.05_-10.85_4.59_15.81_-27.44_-29.37_0.1583_0.1862_-0.6422_-0.7266end,24.37885749,120.90901332,1078.091552734375
229,,24.37885749,120.90901332,1078.091552734375
230,0.40_9.47_-0.37_7.50_-10.63_4.92_15.81_-27.44_-29.37_0.1575_0.1857_-0.6418_-0.7272end0.73_9.50_-0.37_7.50_-10.63_4.92_15.44_-27.13_-29.37_0.1567_0.1851_-0.6413_-0.7280end0.73_9.48_-0.39_7.50_-10.63_4.92_16.12_-27.81_-29.37_0.1564_0.1849_-0.6411_-0.7283end0.73_9.48_-0.39_8.17_-1.79_4.92_16.12_-27.81_-29.37_0.1561_0.1848_-0.6407_-0.7286end0.73_9.48_-0.39_8.17_-1.79_4.92_16.12_-27.81_-29.37_0.1558_0.1848_-0.6401_-0.7293end0.72_9.50_-0.41_9.18_3.36_5.26_16.12_-27.81_-29.37_0.1558_0.1848_-0.6397_-0.7296end0.66_9.47_-0.49_9.18_3.36_5.26_16.12_-27.81_-29.37_0.1558_0.1851_-0.6393_-0.7299end0.66_9.47_-0.49_9.40_6.15_5.04_16.12_-27.81_-29.37_0.1558_0.1851_-0.639,24.37885749,120.90901332,1078.091552734375
231,3_-0.7299end0.66_9.47_-0.49_9.62_6.15_5.15_16.12_-27.81_-29.37_0.1558_0.1851_-0.6393_-0.7299end0.66_9.47_-0.49_9.62_6.15_5.15_15.06_-27.81_-29.37_0.1558_0.1851_-0.6393_-0.7299end,24.37885749,120.90901332,1078.091552734375
232,,24.37885749,120.90901332,1078.091552734375
233,0.60_9.45_-0.90_9.62_6.15_5.15_15.06_-27.81_-29.37_0.1561_0.1860_-0.6378_-0.7310end0.60_9.45_-0.90_9.62_6.15_5.15_15.81_-28.19_-29.44_0.1558_0.1862_-0.6367_-0.7319end0.72_9.47_-0.93_9.62_6.15_5.15_15.81_-28.19_-29.44_0.1555_0.1860_-0.6363_-0.7324end0.76_9.44_-1.02_9.62_6.15_5.15_15.06_-28.81_-29.44_0.1555_0.1860_-0.6363_-0.7324end0.83_9.44_-1.03_9.62_6.15_5.15_15.06_-28.81_-29.44_0.1555_0.1860_-0.6363_-0.7324end0.87_9.42_-1.09_9.62_6.15_5.15_15.06_-28.81_-29.44_0.1542_0.1852_-0.6351_-0.7339end1.18_9.46_-1.30_9.62_6.15_5.15_15.06_-28.81_-29.44_0.1538_0.1849_-0.6348_-0.7343end1.18_9.46_-1.30_9.40_-11.53_4.92_15.06_-28.81_-29.44_0.1538_0.1849_-0.6348_-0.7343end1.18_9.46_-1.30_9.40_-11.53_4.92_15.81_-27.81_-29.00_0.1526_0.1839_-0.6339_-0.7356end1.31_9.43_-1.48_9.40_-11.53_4.92_15.81_-27.81_-29.00_0.1522_0.1836_-0.6335_-0.7360end,24.37885749,120.90901332,1078.091552734375
234,,24.37885749,120.90901332,1078.091552734375
235,,24.37885749,120.90901332,1078.091552734375
236,1.37_9.42_-1.44_9.40_-11.53_4.92_15.81_-27.81_-29.00_0.1522_0.1836_-0.6335_-0.7360end1.35_9.45_-1.45_9.51_-9.96_4.14_15.81_-27.81_-29.00_0.1522_0.1836_-0.6335_-0.7360end1.38_9.41_-1.46_9.51_-9.96_4.14_15.06_-28.50_-28.50_0.1512_0.1827_-0.6327_-0.7372end1.38_9.41_-1.46_9.51_-9.96_4.14_15.06_-28.50_-28.50_0.1509_0.1824_-0.6324_-0.7375end1.42_9.40_-1.49_9.51_-9.96_4.14_15.06_-28.50_-28.50_0.1507_0.1822_-0.6321_-0.7379end1.42_9.40_-1.49_9.51_-9.96_4.14_15.06_-28.50_-28.50_0.1501_0.1816_-0.6315_-0.7387end1.42_9.40_-1.49_9.29_-10.41_2.91_15.06_-28.50_-28.50_0.1496_0.1810_-0.6309_-0.7394end1.40_9.41_-1.57_9.29_-10.41_2.91_15.06_-28.50_-28.50_0.1493_0.1806_-0.,24.37885749,120.90901332,1078.091552734375
237,6306_-0.7399end1.40_9.41_-1.57_9.29_-10.41_2.91_14.69_-28.56_-29.44_0.1493_0.1806_-0.6306_-0.7399end1.40_9.41_-1.52_9.29_-10.41_2.91_14.69_-28.56_-29.44_0.1493_0.1806_-0.6306_-0.7399end,24.37885749,120.90901332,1078.091552734375
238,,24.37885749,120.90901332,1078.091552734375
239,1.36_9.41_-1.49_9.29_-10.41_2.91_14.69_-28.56_-29.44_0.1493_0.1806_-0.6306_-0.7399end1.27_9.42_-1.46_9.29_-10.41_2.91_14.69_-28.56_-29.44_0.1493_0.1806_-0.6306_-0.7399end1.25_9.41_-1.46_9.29_-10.41_2.91_14.69_-28.56_-29.44_0.1473_0.1782_-0.6291_-0.7422end1.25_9.41_-1.46_9.29_-10.41_2.91_14.69_-28.56_-29.44_0.1468_0.1774_-0.6286_-0.7429end1.21_9.41_-1.44_9.29_-10.41_2.91_14.69_-28.56_-29.44_0.1465_0.1770_-0.6284_-0.7432end1.18_9.41_-1.40_9.29_-10.41_2.91_14.69_-28.56_-29.44_0.1465_0.1770_-0.6284_-0.7432end1.15_9.41_-1.44_9.29_-10.41_2.91_14.69_-28.56_-29.44_0.1465_0.1770_-0.6284_-0.7432end1.15_9.41_-1.44_9.29_-10.41_2.91_14.69_-28.56_-29.44_0.1460_0.176,24.37885749,120.90901332,1078.091552734375
240,1_-0.6276_-0.7442end0.98_9.41_-1.38_9.29_-10.41_2.91_13.56_-28.50_-27.62_0.1460_0.1761_-0.6276_-0.7442end0.85_9.45_-1.36_9.29_-10.41_2.91_13.56_-28.50_-27.62_0.1460_0.1761_-0.6276_-0.7442end,24.37885749,120.90901332,1078.091552734375
241,,24.37885749,120.90901332,1078.091552734375
242,,24.37885749,120.90901332,1078.091552734375
243,,24.37885749,120.90901332,1078.091552734375
244,,24.37885749,120.90901332,1078.091552734375
245,0.81_9.41_-1.29_9.29_-4.25_0.45_13.56_-28.50_-27.62_0.1460_0.1761_-0.6276_-0.7442end0.78_9.41_-1.33_9.29_-4.25_0.45_14.69_-28.81_-27.62_0.1455_0.1747_-0.6259_-0.7460end0.73_9.42_-1.22_9.29_-4.25_0.45_14.69_-28.81_-27.62_0.1454_0.1746_-0.6255_-0.7463end0.73_9.41_-1.18_9.29_-4.25_0.45_14.69_-28.81_-27.62_0.1454_0.1746_-0.6255_-0.7463end0.73_9.41_-1.18_9.74_-3.69_0.34_14.69_-28.81_-27.62_0.1454_0.1746_-0.6255_-0.7463end0.68_9.41_-1.05_9.74_-3.69_0.34_14.69_-28.81_-27.62_0.1454_0.1740_-0.6246_-0.7473end0.68_9.39_-1.00_10.07_-4.03_0.56_14.69_-28.81_-27.62_0.1454_0.1740_-0.6246_-0.7473end0.68_9.39_-1.00_10.18_-3.80_0.11_13.56_-29.19_-29.00_0.1454_0.1740_-0.6246_-0.7473end0.68_9.39_-1.00_10.18_-3.80_0.11_13.56_-29.19_-29.00_0.1452_0.1731_-0.6229_-0.7489end0.68_9.44_-0.90_10.18_-3.80_0.11_14.31_-28.50_-28.12_0.1451_0.1730_-0.6226_-0.7493end,24.37885749,120.90901332,1078.091552734375
246,0.67_9.40_-0.92_10.18_-3.80_0.11_14.31_-28.50_-28.12_0.1451_0.1730_-0.6226_-0.7493end0.67_9.40_-0.92_10.18_-3.80_0.11_14.31_-28.50_-28.12_0.1451_0.1728_-0.6223_-0.7496end0.67_9.40_-0.92_10.18_-3.80_0.11_14.31_-28.50_-28.12_0.1452_0.1725_-0.6215_-0.7502end0.67_9.40_-0.92_10.18_-3.80_0.11_14.31_-28.50_-28.12_0.1452_0.1725_-0.6215_-0.7502end0.66_9.40_-0.84_10.18_-3.80_0.11_14.31_-28.50_-28.12_0.1452_0.1725_-0.6215_-0.7502end0.68_9.34_-0.84_10.18_-3.80_0.11_14.31_-28.50_-28.12_0.1452_0.1725_-0.6215_-0.7502end0.67_9.38_-0.80_10.18_-3.80_0.11_14.31_-28.50_-28.12_0.1452_0.1725_-0.6215_-0.7502end0.67_9.38_-0.80_10.18_-3.80_0.11_14.31_-28.50_-28.12_0.1452_0.1725_-0.6215_-0.7502end0.70_9.36_-0.84_10.18_-3.80_0.11_14.31_-28.50_-28.12_0.1452_0.1725_-0.6215_-0.7502end0.70_9.36_-0.84_10.18_-3.80_0.11_14.31_-28.50_-28.12_0.1452_0.1725_-0.6215_-0.7502end,24.37885749,120.90901332,1078.091552734375
247,,24.37885749,120.90901332,1078.091552734375
248,0.71_9.36_-0.92_10.18_-3.80_0.11_14.31_-28.50_-28.12_0.1452_0.1725_-0.6215_-0.7502end0.65_9.34_-0.96_10.18_-3.80_0.11_14.31_-28.50_-28.12_0.1452_0.1725_-0.6215_-0.7502end0.65_9.34_-0.96_10.18_-3.80_0.11_14.31_-28.50_-28.12_0.1458_0.1716_-0.6157_-0.7551end0.57_9.34_-1.14_10.18_-3.80_0.11_14.31_-28.50_-28.12_0.1458_0.1716_-0.6157_-0.7551end0.58_9.36_-1.16_10.18_-3.80_0.11_14.31_-28.50_-28.12_0.1458_0.1716_-0.6157_-0.7551end0.58_9.36_-1.16_10.18_-3.80_0.11_14.31_-28.50_-28.12_0.1462_0.1716_-0.6136_-0.7567end0.60_9.28_-1.47_10.18_-3.80_0.11_12.50_-30.25_-27.69_0.1462_0.1716_-0.6136_-0.7567end0.59_9.30_-1.51_10.18_-3.80_0.11_12.50_-30.25_-27.69_0.1463_0.1713_-0.6121_-0.7581end0.59_9.30_-1.51_10.18_-3.80_0.11_13.19_-30.56_-26.81_0.1463_0.1711_-0.6110_-0.7589end0.59_9.28_-1.61_10.18_-3.80_0.11_13.19_-30.56_-26.81_0.1462_0.1709_-0.6105_-0.7594end,24.37885749,120.90901332,1078.091552734375
249,,24.37885749,120.90901332,1078.091552734375
250,,24.37885749,120.90901332,1078.091552734375
251,0.59_9.30_-1.68_10.18_-3.80_0.11_13.19_-30.56_-26.81_0.1462_0.1709_-0.6105_-0.7594end0.59_9.28_-1.75_10.18_-3.80_0.11_13.19_-30.56_-26.81_0.1461_0.1703_-0.6089_-0.7608end0.61_9.29_-2.02_10.18_-3.80_0.11_13.19_-30.56_-26.81_0.1461_0.1703_-0.6089_-0.7608end0.61_9.28_-2.09_15.44_-4.81_2.46_13.19_-30.56_-26.81_0.1461_0.1703_-0.6089_-0.7608end0.61_9.25_-2.15_15.44_-4.81_2.46_12.50_-29.87_-27.69_0.1461_0.1703_-0.6089_-0.7608end0.61_9.25_-2.15_15.44_-4.81_2.46_12.50_-29.87_-27.69_0.1455_0.1693_-0.6064_-0.7631end0.60_9.29_-2.14_15.44_-4.81_2.46_13.56_-30.25_-27.69_0.1453_0.1690_-0.6060_-0.7636end0.62_9.28_-2.10_15.44_-4.81_2.46_13.56_-30.25_-27.69_0.1451_0.168,24.37885749,120.90901332,1078.091552734375
252,6_-0.6055_-0.7641end0.62_9.28_-2.10_15.44_-4.81_2.46_13.56_-30.25_-27.69_0.1444_0.1677_-0.6046_-0.7651end0.71_9.23_-2.06_15.44_-4.81_2.46_13.56_-30.25_-27.69_0.1444_0.1677_-0.6046_-0.7651end,24.37885749,120.90901332,1078.091552734375
253,0.79_9.27_-2.17_15.44_-4.81_2.46_13.56_-30.25_-27.69_0.1444_0.1677_-0.6046_-0.7651end0.85_9.25_-2.24_15.44_-4.81_2.46_13.56_-30.25_-27.69_0.1431_0.1660_-0.6033_-0.7668end0.85_9.25_-2.24_15.44_-4.81_2.46_13.56_-30.25_-27.69_0.1426_0.1653_-0.6030_-0.7673end0.97_9.24_-2.36_15.44_-4.81_2.46_12.44_-31.31_-27.31_0.1426_0.1653_-0.6030_-0.7673end0.97_9.24_-2.36_15.00_-14.44_2.13_12.44_-31.31_-27.31_0.1414_0.1636_-0.6017_-0.7689end0.98_9.23_-2.50_15.00_-14.44_2.13_12.44_-31.31_-27.31_0.1411_0.1630_-0.6013_-0.7694end0.98_9.21_-2.53_15.00_-14.44_2.13_12.44_-31.31_-27.31_0.1411_0.1630_-0.6013_-0.7694end0.98_9.21_-2.53_15.78_-10.85_2.13_12.44_-31.31_-27.31_0.1411_0.1630_-0.6013_-0.7694end0.98_9.21_-2.53_15.78_-10.85_2.13_12.44_-31.31_-27.31_0.1405_0.1622_-0.6003_-0.7704end1.02_9.21_-2.40_15.78_-10.85_2.13_13.19_-31.25_-26.00_0.1405_0.1622_-0.6003_-0.7704end,24.37885749,120.90901332,1078.091552734375
254,,24.37885749,120.90901332,1078.091552734375
255,,24.37885749,120.90901332,1078.091552734375
256,,24.37885749,120.90901332,1078.091552734375
257,1.02_9.24_-2.35_15.78_-10.85_2.13_13.19_-31.25_-26.00_0.1394_0.1605_-0.5986_-0.7723end1.04_9.19_-2.34_15.11_-8.50_1.45_13.19_-31.25_-26.00_0.1394_0.1605_-0.5986_-0.7723end1.02_9.16_-2.34_15.11_-8.50_1.45_12.81_-30.56_-26.00_0.1394_0.1605_-0.5986_-0.7723end1.02_9.16_-2.34_15.11_-8.50_1.45_12.81_-30.56_-26.00_0.1385_0.1588_-0.5963_-0.7747end0.97_9.19_-2.29_15.11_-8.50_1.45_12.81_-30.56_-26.00_0.1385_0.1588_-0.5963_-0.7747end0.86_9.21_-2.29_15.11_-8.50_1.45_13.19_-30.94_-26.37_0.1385_0.1588_-0.5963_-0.7747end0.86_9.21_-2.29_16.00_-4.59_1.34_13.19_-30.94_-26.37_0.1381_0.1578_-0.5942_-0.7765end0.81_9.20_-2.30_16.00_-4.59_1.34_13.19_-30.94_-26.37_0.1381_0.1577_-0.5937_-0.7769end0.80_9.17_-2.33_16.00_-4.59_1.34_13.19_-31.31_-26.81_0.1381_0.1577_-0.5937_-0.7769end0.79_9.20_-2.31_16.00_-4.59_1.34_13.19_-31.62_-26.44_0.1381_0.1577_-0.5937_-0.7769end,24.37885749,120.90901332,1078.091552734375
258,,24.37885749,120.90901332,1078.091552734375
259,,24.37885749,120.90901332,1078.091552734375
260,,24.37885749,120.90901332,1078.091552734375
261,,24.37885749,120.90901332,1078.091552734375
262,0.79_9.20_-2.31_16.00_-4.59_1.34_13.19_-31.62_-26.44_0.1379_0.1568_-0.5917_-0.7786end0.79_9.20_-2.31_16.00_-4.59_1.34_12.44_-30.56_-26.00_0.1379_0.1565_-0.5912_-0.7791end0.75_9.17_-2.41_16.00_-4.59_1.34_12.44_-30.56_-26.00_0.1379_0.1565_-0.5912_-0.7791end0.75_9.17_-2.41_16.00_-4.59_1.34_12.44_-30.56_-26.00_0.1376_0.1559_-0.5903_-0.7800end0.74_9.16_-2.45_16.00_-4.59_1.34_12.44_-30.56_-26.00_0.1375_0.1555_-0.5898_-0.7805end0.75_9.16_-2.46_15.89_-13.54_0.90_13.50_-31.56_-24.25_0.1375_0.1555_-0.5898_-0.7805end0.76_9.16_-2.46_15.89_-13.54_0.90_13.50_-31.56_-24.25_0.1368_0.1541_-0.5883_-0.7819end0.76_9.16_-2.46_15.55_-15.67_1.12_13.50_-31.56_-24.25_0.1362_0.,24.37885749,120.90901332,1078.091552734375
263,1530_-0.5874_-0.7830end0.79_9.14_-2.56_15.55_-15.67_1.12_13.50_-31.56_-24.25_0.1359_0.1523_-0.5870_-0.7834end0.79_9.14_-2.56_15.55_-15.67_1.12_12.81_-32.00_-26.00_0.1359_0.1523_-0.5870_-0.7834end0.90_9.13_-2.76_15.55_-15.67_1.12_12.81_-32.00_-26.00_0.1359_0.1523_-0.5870_-0.7834end0.90_9.13_-2.76_15.67_-17.01_0.56_12.81_-32.00_-26.00_0.1348_0.1504_-0.5856_-0.7850end0.90_9.13_-2.76_15.67_-17.01_0.56_12.81_-32.00_-26.00_0.1342_0.1491_-0.5848_-0.7860end1.02_9.10_-2.85_15.67_-17.01_0.56_12.81_-32.00_-26.00_0.1339_0.1484_-0.5843_-0.7865end1.02_9.10_-2.85_15.44_-15.11_0.45_12.81_-32.00_-26.00_0.1339_0.1484_-0.5843_-0.7865end1.00_9.12_-2.87_15.44_-15.11_0.45_12.81_-32.00_-26.00_0.1339_0.1484_-0.5843_-0.7865end0.97_9.12_-2.86_15.44_-15.11_0.45_12.81_-32.00_-26.00_0.1339_0.1484_-0.5843_-0.7865end0.97_9.12_-2.86_15.67_-11.30_0.00_12.81_-32.00_-26.00_0.1339_0.1484_-0.5843_-0.7865end0.78_9.12_-2.97_15.67_-11.30_0.00_12.81_-32.00_-26.00_0.1339_0.1484_-0.5843_-0.7865end0.76_9.09_-3.07_15.67_-11.30_0.00_12.81_-32.00_-26.00_0.1339_0.1484_-0.5843_-0.7865end,24.37885749,120.90901332,1078.091552734375
264,0.74_9.12_-3.20_15.67_-11.30_0.00_12.81_-32.00_-26.00_0.1339_0.1484_-0.5843_-0.7865end0.73_9.08_-3.25_15.33_-8.95_-0.22_12.81_-32.00_-26.00_0.1339_0.1484_-0.5843_-0.7865end0.73_9.08_-3.25_15.33_-8.95_-0.22_11.06_-31.62_-25.12_0.1321_0.1433_-0.5786_-0.7919end0.74_9.09_-3.29_15.33_-8.95_-0.22_11.06_-31.62_-25.12_0.1320_0.1429_-0.5,24.37885749,120.90901332,1078.091552734375
265,781_-0.7924end0.73_9.09_-3.34_15.33_-8.95_-0.22_11.06_-31.62_-25.12_0.1320_0.1429_-0.5781_-0.7924end0.73_9.06_-3.43_15.33_-8.95_-0.22_11.06_-31.62_-25.12_0.1320_0.1429_-0.5781_-0.7924end0.73_9.06_-3.43_15.33_-8.95_-0.22_11.06_-31.62_-25.12_0.1315_0.1415_-0.5768_-0.7937end0.73_9.07_-3.47_15.33_-8.95_-0.22_11.06_-31.62_-25.12_0.1315_0.1415_-0.5768_-0.7937end0.76_9.06_-3.61_15.33_-8.95_-0.22_11.00_-34.44_-24.69_0.1315_0.1415_-0.5768_-0.7937end0.78_9.02_-3.71_15.33_-8.95_-0.22_11.00_-34.44_-24.69_0.1308_0.1396_-0.5751_-0.7953end,24.37885749,120.90901332,1078.091552734375
266,0.82_9.06_-3.70_13.43_-13.65_-0.78_11.00_-34.44_-24.69_0.1308_0.1396_-0.5751_-0.7953end0.82_9.06_-3.70_13.43_-13.65_-0.78_11.00_-34.44_-24.69_0.1302_0.1380_-0.5740_-0.7966end0.89_9.08_-3.75_13.43_-13.65_-0.78_11.00_-34.44_-24.69_0.1300_0.1375_-0.5737_-0.7969end0.96_9.07_-3.69_13.43_-13.65_-0.78_11.00_-34.44_-24.69_0.1300_0.1375_-0.5737_-0.7969end0.96_9.07_-3.69_13.43_-13.65_-0.78_11.00_-34.44_-24.69_0.1293_0.1358_-0.5725_-0.7982end1.04_9.03_-3.71_13.43_-13.65_-0.78_11.00_-34.44_-24.69_0.1291_0.1352_-0.5721_-0.7985end1.04_9.03_-3.71_13.43_-13.65_-0.78_12.06_-32.31_-25.12_0.1291_0.1352_-0.5721_-0.7985end1.04_9.03_-3.71_13.43_-13.65_-0.78_12.06_-32.31_-25,24.37881956,120.90906047,1072.8448486328125
267,,24.37881956,120.90906047,1072.8448486328125
268,.12_0.1289_0.1346_-0.5718_-0.7990end1.04_9.03_-3.71_13.43_-13.65_-0.78_12.06_-32.31_-25.12_0.1289_0.1346_-0.5718_-0.7990end1.04_9.03_-3.71_13.43_-13.65_-0.78_12.06_-32.31_-25.12_0.1289_0.1346_-0.5718_-0.7990end,24.37881956,120.90906047,1072.8448486328125
269,1.10_9.03_-3.62_13.43_-13.65_-0.78_12.06_-32.31_-25.12_0.1289_0.1346_-0.5718_-0.7990end1.10_9.03_-3.62_13.43_-13.65_-0.78_584.75_-818.88_-131.69_0.1289_0.1346_-0.5718_-0.7990end1.10_9.03_-3.62_13.43_-13.65_-0.78_584.75_-818.88_-131.69_0.1289_0.1346_-0.5718_-0.7990end1.10_9.03_-3.62_13.43_-13.65_-0.78_11.38_-33.38_-24.69_0.1289_0.1346_-0.5718_-0.7990end1.10_9.03_-3.62_13.43_-13.65_-0.78_11.38_-33.38_-24.69_0.1277_0.1296_-0.5684_-0.8024end1.00_8.98_-3.57_13.43_-13.65_-0.78_11.38_-33.38_-24.69_0.1277_0.1296_-0.5684_-0.8024end1.06_9.08_-3.36_13.43_-13.65_-0.78_11.38_-33.38_-24.69_0.1277_0.1296_-0.5684_-0.8024end0.86_8.95_-3.55_13.43_-13.65_-0.78_11.38_-33.,24.37881956,120.90906047,1072.8448486328125
270,38_-24.69_0.1277_0.1296_-0.5684_-0.8024end0.79_9.00_-3.40_13.43_-13.65_-0.78_11.38_-33.38_-24.69_0.1277_0.1296_-0.5684_-0.8024end0.79_9.00_-3.40_13.43_-13.65_-0.78_11.38_-33.38_-24.69_0.1274_0.1260_-0.5663_-0.8045end,24.37881956,120.90906047,1072.8448486328125
271,,24.37881956,120.90906047,1072.8448486328125
272,0.75_9.02_-3.34_13.43_-13.65_-0.78_11.38_-33.38_-24.69_0.1273_0.1255_-0.5660_-0.8048end0.73_8.97_-3.39_13.43_-13.65_-0.78_11.38_-33.38_-24.69_0.1273_0.1250_-0.5657_-0.8051end0.71_8.98_-3.42_10.41_-12.87_-4.03_11.38_-33.38_-24.69_0.1273_0.1250_-0.5657_-0.8051end0.71_8.98_-3.42_10.41_-12.87_-4.03_12.37_-34.44_-23.44_0.1271_0.1238_-0.5651_-0.8057end0.71_8.98_-3.42_10.41_-12.87_-4.03_11.00_-33.75_-24.25_0.1270_0.1232_-0.5648_-0.8060end0.71_8.98_-3.42_10.41_-12.87_-4.03_11.00_-33.75_-24.25_0.1266_0.1218_-0.5643_-0.8067end0.65_8.97_-3.42_10.41_-12.87_-4.03_11.00_-33.75_-24.25_0.1265_0.1210_-0.5640_-0.8070end0.57_8.99_-3.44_10.41_-12.87_-4.03_11.00_-33.75_-24.25_0.1265_0.1210_-0.5640_-0.8070end0.57_8.99_-3.44_9.40_-16.11_-4.36_11.00_-33.75_-24.25_0.1265_0.1210_-0.5640_-0.8070end0.57_8.99_-3.44_9.40_-16.11_-4.36_11.00_-33.06_-24.25_0.1260_0.1190_-0.5632_-0.8079end,24.37881956,120.90906047,1072.8448486328125
273,,24.37881956,120.90906047,1072.8448486328125
274,0.57_8.99_-3.44_9.40_-16.11_-4.36_11.00_-33.06_-24.25_0.1257_0.1176_-0.5627_-0.8085end0.14_8.98_-3.46_9.40_-16.11_-4.36_11.00_-33.06_-24.25_0.1255_0.1170_-0.5625_-0.8088end0.04_8.97_-3.54_9.40_-13.54_-4.03_11.00_-33.06_-24.25_0.1255_0.1170_-0.5625_-0.8088end-0.11_8.98_-3.52_9.40_-13.54_-4.03_11.38_-33.75_-23.38_0.1255_0.1170_-0.5625_-0.8088end-0.11_8.98_-3.52_9.18_-12.31_-3.47_11.38_-33.75_-23.38_0.1252_0.1147_-0.5615_-0.8099end-0.36_9.00_-3.59_9.18_-12.31_-3.47_11.00_-34.50_-25.19_0.1251_0.1141_-0.5612_-0.8102end-0.36_9.00_-3.59_9.40_-12.76_-3.36_11.00_-34.50_-25.19_0.1249_0.1136_-0.5609_-0.8104end-0.55_8.98_-3.66_9.40_-12.76_-3.36_11.00_-34.50_-25.19_0.1249_0.1136_-0.5609_-0.8104end-0.55_8.98_-3.66_8.95_-13.76_-2.35_11.00_-34.50_-25.19_0.1249_0.1136_-0.5609_-0.8104end-0.73_8.93_-3.68_8.84_-14.44_-1.90_11.00_-34.50_-25.19_0.1249_0.1136_-0.5609_-0.8104end,24.37881956,120.90906047,1072.8448486328125
275,,24.37881956,120.90906047,1072.8448486328125
276,,24.37881956,120.90906047,1072.8448486328125
277,,24.37881956,120.90906047,1072.8448486328125
278,,24.37881956,120.90906047,1072.8448486328125
279,-0.73_8.93_-3.68_8.84_-14.44_-1.90_11.00_-34.50_-25.19_0.1242_0.1108_-0.5596_-0.8119end-1.17_8.95_-3.93_8.84_-14.44_-1.90_11.00_-34.50_-25.19_0.1242_0.1108_-0.5596_-0.8119end-1.27_8.98_-4.04_8.17_-14.10_-1.01_11.00_-34.50_-25.19_0.1242_0.1108_-0.5596_-0.8119end-1.40_8.98_-4.34_8.17_-14.10_-1.01_11.00_-34.50_-25.19_0.1242_0.1108_-0.5596_-0.8119end-1.48_9.05_-4.46_8.17_-14.10_-1.01_11.00_-34.44_-23.44_0.1232_0.1085_-0.5587_-0.8130end-1.48_9.03_-4.59_7.39_-19.14_1.12_11.00_-34.44_-23.44_0.1232_0.1085_-0.5587_-0.8130end-1.48_9.03_-4.59_6.94_-22.49_1.79_11.00_-34.44_-23.44_0.1219_0.1066_-0.5580_-0.8138end-1.57_8.99_-4.69_6.94_-22.49_1.79_11.00_-34.44_-23.44_0.1213_0.1058_-0.5579_-0.8141end-1.57_8.99_-4.69_6.60_-29.77_2.91_11.00_-34.44_-23.44_0.1198_0.1038_-0.5577_-0.8148end-1.48_9.00_-4.20_6.60_-29.77_2.91_10.63_-34.44_-22.50_0.1198_0.1038_-0.5577_-0.8148end,24.37881956,120.90906047,1072.8448486328125
280,-1.48_9.00_-4.20_5.93_-37.60_4.03_10.63_-34.44_-22.50_0.1198_0.1038_-0.5577_-0.8148end-1.21_9.00_-3.92_5.93_-37.60_4.03_10.63_-34.44_-22.50_0.1179_0.1014_-0.5575_-0.8155end-1.21_9.00_-3.92_5.93_-37.60_4.03_10.63_-34.44_-22.50_0.1147_0.0975_-0.5573_-0.8166end-0.90_8.97_-3.94_5.93_-37.60_4.03_10.63_-34.44_-22.50_0.1147_0.0975_-0.5,24.37881956,120.90906047,1072.8448486328125
281,,24.37881956,120.90906047,1072.8448486328125
282,573_-0.8166end-0.65_8.95_-3.94_5.93_-37.60_4.03_10.63_-34.44_-22.50_0.1147_0.0975_-0.5573_-0.8166end-0.65_8.95_-3.94_5.04_-40.51_6.04_10.94_-35.44_-22.94_0.1147_0.0975_-0.5573_-0.8166end-0.65_8.95_-3.94_5.04_-40.51_6.04_10.94_-35.44_-22.94_0.1089_0.0909_-0.5571_-0.8182end-0.32_8.98_-3.77_5.04_-40.51_6.04_10.25_-34.13_-23.81_0.1089_0.0909_-0.5571_-0.8182end-0.24_8.86_-3.61_5.04_-40.51_6.04_10.25_-34.13_-23.81_0.1065_0.0882_-0.5571_-0.8188end-0.24_8.86_-3.61_5.04_-40.51_6.04_9.88_-34.44_-23.81_0.1065_0.0882_-0.5571_-0.8188end0.09_8.85_-3.37_5.04_-40.51_6.04_9.88_-34.44_-23.81_0.1028_0.0840_-0.5570_-0.8198end0.43_8.92_-3.32_5.04_-40.51_6.04_9.88_-34.44_-23.81_0.1028_0.0840_-0.5570_-0.8198end0.47_8.91_-3.34_5.04_-40.51_6.04_8.81_-34.81_-23.81_0.1028_0.0840_-0.5570_-0.8198end0.58_8.94_-3.34_5.60_-33.57_6.83_8.81_-34.81_-23.81_0.1028_0.0840_-0.5570_-0.8198end0.67_8.89_-3.28_5.71_-30.77_6.94_8.81_-34.81_-23.81_0.1028_0.0840_-0.5570_-0.8198end0.67_8.89_-3.28_5.71_-30.77_6.94_8.81_-34.44_-22.94_0.0977_0.0786_-0.5566_-0.8212end0.67_8.89_-3.28_5.71_-30.77_6.94_8.81_-34.44_-22.94_0.0960_0.0769_-0.5563_-0.8218end0.73_8.88_-3.07_5.71_-30.77_6.94_8.81_-34.44_-22.94_0.0960_0.0769_-0.5563_-0.8218end0.73_8.91_-2.91_5.71_-30.77_6.94_8.81_-34.44_-22.94_0.0960_0.0769_-0.5563_-0.8218end0.73_8.91_-2.91_6.83_-28.76_6.04_8.06_-34.81_-23.44_0.0960_0.0769_-0.5563_-0.8218end,24.37881956,120.90906047,1072.8448486328125
283,,24.37881956,120.90906047,1072.8448486328125
284,,24.37881956,120.90906047,1072.8448486328125
285,0.73_8.91_-2.91_6.83_-28.76_6.04_8.06_-34.81_-23.44_0.0920_0.0726_-0.5555_-0.8232end0.76_8.88_-2.76_6.83_-28.76_6.04_8.06_-34.81_-23.44_0.0912_0.0717_-0.5553_-0.8235end0.83_8.91_-2.74_6.83_-28.76_6.04_8.06_-34.81_-23.44_0.0905_0.0706_-0.5551_-0.8239end0.95_8.85_-2.76_6.83_-28.76_6.04_8.06_-34.81_-23.44_0.0905_0.0706_-0.5551_-0.8239end0.93_8.82_-2.80_6.83_-28.76_6.04_8.06_-34.50_-23.38_0.0905_0.0706_-0.5551_-0.8239end0.97_8.82_-2.83_6.83_-28.76_6.04_8.06_-34.50_-23.38_0.0871_0.0667_-0.5543_-0.8251end0.95_8.81_-2.86_6.83_-28.76_6.04_8.06_-34.50_-23.38_0.0871_0.0667_-0.5543_-0.8251end0.95_8.84_-2.84_6.83_-28.76_6.04_8.06_-34.50_-23.38_0.0871_0.0667_-0.5543_-0.8251end0.90_8.85_-2.84_6.83_-28.76_6.04_8.06_-35.50_-24.69_0.0871_0.0667_-0.5543_-0.8251end0.82_8.92_-2.87_6.83_-28.76_6.04_8.06_-35.50_-24.69_0.0840_0.0626_-0.5530_-0.8266end,24.37881956,120.90906047,1072.8448486328125
286,,24.37881956,120.90906047,1072.8448486328125
287,0.85_8.80_-2.87_6.83_-28.76_6.04_8.06_-35.50_-24.69_0.0836_0.0620_-0.5527_-0.8269end0.91_8.74_-2.78_6.83_-28.76_6.04_8.06_-35.50_-24.69_0.0836_0.0620_-0.5527_-0.8269end0.80_8.82_-2.98_6.83_-28.76_6.04_8.06_-35.50_-24.69_0.0836_0.0620_-0.5527_-0.8269end0.80_8.82_-2.98_6.83_-28.76_6.04_8.06_-34.81_-23.44_0.0830_0.0612_-0.5515_-0.8278end0.80_8.82_-2.98_6.83_-28.76_6.04_8.06_-34.81_-23.44_0.0831_0.0613_-0.5507_-0.8283end0.79_8.82_-3.20_6.83_-28.76_6.04_8.06_-34.81_-23.44_0.0834_0.0615_-0.5502_-0.8286end0.76_8.76_-3.40_6.83_-28.76_6.04_8.06_-34.81_-23.44_0.0834_0.0615_-0.5502_-0.8286end0.76_8.76_-3.40_12.65_18.35_0.56_7.31_-35.50_-23.44_0.0834_0.0615_-0.5502_-0.8286end0.76_8.76_-3.40_12.53_18.91_0.34_7.31_-35.50_-23.44_0.0851_0.0637_-0.5482_-0.8296end0.75_8.79_-3.49_12.53_18.91_0.34_7.31_-35.50_-23.44_0.0851_0.0637_-0.5482_-0.8296end,24.37881956,120.90906047,1072.8448486328125
288,,24.37881956,120.90906047,1072.8448486328125
289,,24.37881956,120.90906047,1072.8448486328125
290,0.73_8.82_-3.53_12.53_18.91_0.34_7.31_-35.50_-23.44_0.0851_0.0637_-0.5482_-0.8296end0.62_8.77_-3.61_12.53_18.91_0.34_7.31_-35.50_-23.44_0.0851_0.0637_-0.5482_-0.8296end0.62_8.77_-3.61_12.53_18.91_0.34_7.31_-35.50_-23.44_0.0874_0.0665_-0.5455_-0.8309end0.55_8.77_-3.68_12.53_18.91_0.34_7.31_-35.50_-23.44_0.0878_0.0668_-0.5450_-0.8312end0.55_8.77_-3.68_12.53_18.91_0.34_8.06_-35.81_-22.56_0.0878_0.0668_-0.5450_-0.8312end0.47_8.74_-3.76_12.53_18.91_0.34_8.06_-35.81_-22.56_0.0878_0.0668_-0.5450_-0.8312end0.47_8.74_-3.76_12.53_18.91_0.34_8.06_-35.81_-22.56_0.0886_0.0674_-0.5435_-0.8320end0.47_8.74_-3.76_12.53_18.91_0.34_8.06_-35.81_-22.56_0.0887_0.0671_-0.5426_-0.8326end0.50_8.73_-3.81_12.53_18.91_0.34_8.06_-35.81_-22.56_0.0887_0.0670_-0.5422_-0.8329end0.49_8.74_-3.81_12.53_18.91_0.34_8.06_-35.81_-22.56_0.0886_0.0667_-0.5417_-0.8333end,24.37881956,120.90906047,1072.8448486328125
291,,24.37881956,120.90906047,1072.8448486328125
292,,24.37881956,120.90906047,1072.8448486328125
293,,24.37881956,120.90906047,1072.8448486328125
294,,24.37881956,120.90906047,1072.8448486328125
295,,24.37881956,120.90906047,1072.8448486328125
296,0.49_8.74_-3.81_12.53_18.91_0.34_8.06_-35.81_-22.56_0.0886_0.0667_-0.5417_-0.8333end0.49_8.74_-3.81_12.53_18.91_0.34_8.06_-35.81_-22.56_0.0883_0.0656_-0.5404_-0.8342end0.32_8.68_-3.88_12.53_18.91_0.34_8.06_-35.81_-22.56_0.0883_0.0656_-0.5404_-0.8342end0.32_8.68_-3.88_12.53_18.91_0.34_7.69_-35.81_-22.56_0.0883_0.0656_-0.5404_-0.8342end0.32_8.68_-3.88_12.53_18.91_0.34_8.06_-34.81_-22.50_0.0878_0.0641_-0.5391_-0.8352end0.41_8.70_-3.80_12.53_18.91_0.34_8.06_-34.81_-22.50_0.0872_0.0627_-0.5383_-0.8359end0.45_8.70_-3.88_12.53_18.91_0.34_8.06_-34.81_-22.50_0.0869_0.0620_-0.5379_-0.8362end0.57_8.68_-3.98_12.76_-20.59_-1.34_8.06_-34.81_-22.50_0.0869_0.0620_-0.5379_-0.8362end0.62_8.64_-4.09_12.76_-20.59_-1.34_8.06_-34.81_-22.50_0.0861_0.0603_-0.5371_-0.8369end0.68_8.64_-4.17_12.76_-20.59_-1.34_6.56_-36.50_-20.81_0.0861_0.0603_-0.5371_-0.8369end0.73_8.64_-4.19_12.76_-20.59_-1.34_6.56_-36.50_-20.81_0.0861_0.0603_-0.5371_-0.8369end0.76_8.61_-4.31_12.53_-20.25_-2.24_6.56_-36.50_-20.81_0.0861_0.0603_-0.5371_-0.8369end0.76_8.61_-4.31_12.53_-20.25_-2.24_7.31_-36.19_-22.56_0.0842_0.0561_-0.5353_-0.8386end0.76_8.61_-4.31_12.53_-20.25_-2.24_7.31_-36.19_-22.56_0.0839_0.0553_-0.5,24.37881956,120.90906047,1072.8448486328125
297,349_-0.8389end0.78_8.64_-4.58_12.53_-20.25_-2.24_7.31_-36.19_-22.56_0.0839_0.0553_-0.5349_-0.8389end0.79_8.64_-4.82_12.53_-20.25_-2.24_7.31_-36.19_-22.56_0.0839_0.0553_-0.5349_-0.8389end0.77_8.64_-4.89_12.53_-20.25_-2.24_6.25_-36.19_-21.25_0.0839_0.0553_-0.5349_-0.8389end0.77_8.64_-4.89_12.20_-2.13_-3.92_6.25_-36.19_-21.25_0.0835_0.0529_-0.5328_-0.8405end0.69_8.59_-4.99_12.20_-2.13_-3.92_6.25_-36.19_-22.56_0.0835_0.0529_-0.5328_-0.8405end0.69_8.59_-4.99_12.20_-2.13_-3.92_7.69_-35.81_-21.69_0.0840_0.0524_-0.5315_-0.8412end0.69_8.59_-4.99_12.20_-2.13_-3.92_7.69_-35.81_-21.69_0.0847_0.0525_-0.5306_-0.8417end0.41_8.61_-4.89_12.20_-2.13_-3.92_7.69_-35.81_-21.69_0.0850_0.0526_-0.5302_-0.8420end0.34_8.60_-4.87_12.20_-2.13_-3.92_7.69_-35.81_-21.69_0.0850_0.0526_-0.5302_-0.8420end0.07_8.61_-4.78_12.20_-2.13_-3.92_7.69_-35.81_-21.69_0.0854_0.0527_-0.5297_-0.8422end0.07_8.61_-4.78_12.20_-2.13_-3.92_7.69_-35.81_-21.69_0.0869_0.0536_-0.5283_-0.8429end-0.09_8.57_-4.72_12.20_-2.13_-3.92_7.69_-35.81_-21.69_0.0875_0.0540_-0.5279_-0.8431end-0.27_8.59_-4.71_12.20_-2.13_-3.92_6.94_-36.19_-22.13_0.0875_0.0540_-0.5279_-0.8431end-0.45_8.61_-4.70_12.20_-2.13_-3.92_6.94_-36.19_-22.13_0.0875_0.0540_-0.5279_-0.8431end-0.45_8.61_-4.70_12.20_17.90_-4.36_6.94_-36.19_-22.13_0.0894_0.0556_-0.5265_-0.8436end-0.57_8.60_-4.61_12.20_17.90_-4.36_6.94_-36.19_-22.13_0.0900_0.0562_-0.5260_-0.8439end,24.37881956,120.90906047,1072.8448486328125
298,,24.37881956,120.90906047,1072.8448486328125
299,-0.62_8.54_-4.42_12.20_17.90_-4.36_6.94_-36.19_-22.13_0.0900_0.0562_-0.5260_-0.8439end-0.59_8.57_-4.45_12.20_17.90_-4.36_6.94_-36.19_-22.13_0.0900_0.0562_-0.5260_-0.8439end-0.67_8.59_-4.39_10.18_13.54_-4.14_6.94_-36.19_-22.13_0.0900_0.0562_-0.5260_-0.8439end-0.67_8.59_-4.39_10.18_13.54_-4.14_8.00_-36.88_-22.19_0.0930_0.0587_-0.5233_-0.8450end-0.57_8.63_-4.37_10.18_13.54_-4.14_8.00_-36.88_-22.19_0.0933_0.0590_-0.5228_-0.8453end-0.54_8.64_-4.04_10.18_13.54_-4.14_8.00_-36.88_-22.19_0.0933_0.0590_-0.5228_-0.8453end-0.48_8.55_-4.14_10.07_4.70_-2.80_8.00_-36.88_-22.19_0.0933_0.0590_-0.5228_-0.8453end-0.72_8.60_-4.21_10.07_4.70_-2.80_8.00_-36.88_-22.19_0.0941,24.37881956,120.90906047,1072.8448486328125
300,_0.0593_-0.5217_-0.8459end-0.72_8.60_-4.21_11.19_0.56_-2.46_8.00_-36.88_-22.19_0.0944_0.0592_-0.5209_-0.8463end-0.49_8.64_-3.84_11.19_0.56_-2.46_8.00_-36.88_-22.19_0.0944_0.0592_-0.5209_-0.8463end,24.37881956,120.90906047,1072.8448486328125
301,,24.37881956,120.90906047,1072.8448486328125
302,,24.37881956,120.90906047,1072.8448486328125
303,-0.49_8.64_-3.84_11.19_0.56_-2.46_8.00_-36.88_-22.19_0.0946_0.0591_-0.5201_-0.8467end-0.53_8.57_-4.13_11.19_0.56_-2.46_9.81_-36.81_-20.37_0.0946_0.0591_-0.5201_-0.8467end-0.53_8.57_-4.13_10.85_-1.57_-1.79_9.81_-36.81_-20.37_0.0946_0.0591_-0.5201_-0.8467end-0.27_8.50_-4.40_10.85_-1.57_-1.79_9.81_-36.81_-20.37_0.0947_0.0589_-0.5193_-0.8472end-0.07_8.52_-3.86_10.85_-1.57_-1.79_9.81_-36.81_-20.37_0.0948_0.0585_-0.5182_-0.8480end-0.09_8.49_-4.15_11.30_-1.79_-1.34_9.81_-36.81_-20.37_0.0950_0.0583_-0.5173_-0.8485end-0.15_8.48_-4.19_11.30_-1.79_-1.34_9.81_-36.81_-20.37_0.0950_0.0582_-0.5170_-0.8488end-0.02_8.51_-4.20_11.30_-1.79_-1.34_9.81_-36.81_-20.37_0.0950,24.37881956,120.90906047,1072.8448486328125
304,_0.0582_-0.5170_-0.8488end-0.02_8.51_-4.20_11.30_-1.79_-1.34_9.81_-36.81_-20.37_0.0950_0.0576_-0.5157_-0.8495end0.03_8.51_-4.16_11.30_-1.79_-1.34_9.81_-36.81_-20.37_0.0950_0.0576_-0.5157_-0.8495end,24.37881956,120.90906047,1072.8448486328125
305,0.03_8.51_-4.16_11.30_-1.79_-1.34_9.81_-36.81_-20.37_0.0951_0.0575_-0.5153_-0.8498end0.03_8.51_-4.16_11.86_-1.90_-1.01_9.81_-36.81_-20.37_0.0951_0.0575_-0.5153_-0.8498end0.13_8.44_-4.09_11.86_-1.90_-1.01_9.81_-36.81_-20.37_0.0951_0.0575_-0.5153_-0.8498end0.13_8.44_-4.12_12.09_-1.57_-1.45_9.81_-36.81_-20.37_0.0951_0.0575_-0.5153_-0.8498end0.13_8.44_-4.12_12.09_-1.23_-1.34_9.81_-36.81_-20.37_0.0951_0.0575_-0.5153_-0.8498end0.23_8.43_-4.15_12.09_-1.23_-1.34_9.81_-36.81_-20.37_0.0955_0.0565_-0.5118_-0.8519end0.29_8.48_-4.17_12.09_-1.23_-1.34_9.81_-36.81_-20.37_0.0955_0.0565_-0.5118_-0.8519end0.34_8.40_-4.19_12.42_4.03_-1.57_9.81_-36.81_-20.37_0.0955_0.0565,24.37881956,120.90906047,1072.8448486328125
306,_-0.5118_-0.8519end0.34_8.40_-4.19_13.20_4.48_-1.79_9.81_-36.81_-20.37_0.0961_0.0565_-0.5098_-0.8530end0.32_8.41_-4.21_13.20_4.48_-1.79_9.81_-36.81_-20.37_0.0963_0.0566_-0.5093_-0.8533end,24.37881956,120.90906047,1072.8448486328125
307,,24.37881956,120.90906047,1072.8448486328125
308,,24.37881956,120.90906047,1072.8448486328125
309,,24.37881956,120.90906047,1072.8448486328125
310,,24.37881956,120.90906047,1072.8448486328125
311,0.32_8.38_-4.15_13.20_4.48_-1.79_9.81_-36.81_-20.37_0.0963_0.0566_-0.5093_-0.8533end0.32_8.44_-4.07_13.20_4.48_-1.79_8.00_-37.19_-19.50_0.0963_0.0566_-0.5093_-0.8533end0.32_8.40_-4.15_13.20_4.48_-1.79_8.00_-37.56_-19.94_0.0975_0.0574_-0.5071_-0.8544end0.30_8.41_-4.16_13.20_4.48_-1.79_8.00_-37.56_-19.94_0.0978_0.0576_-0.5066_-0.8547end0.24_8.36_-4.18_13.20_4.48_-1.79_8.00_-37.56_-19.94_0.0978_0.0576_-0.5066_-0.8547end0.24_8.36_-4.18_13.20_4.48_-1.79_8.00_-37.56_-19.94_0.0984_0.0580_-0.5054_-0.8553end0.24_8.36_-4.18_13.20_4.48_-1.79_8.00_-37.56_-19.94_0.0992_0.0587_-0.5043_-0.8558end0.15_8.30_-4.23_13.20_4.48_-1.79_8.00_-37.56_-19.94_0.0992_0.0587_-0.504,24.37881956,120.90906047,1072.8448486328125
312,,24.37881956,120.90906047,1072.8448486328125
313,,24.37881956,120.90906047,1072.8448486328125
314,3_-0.8558end0.18_8.32_-4.25_13.20_4.48_-1.79_8.00_-37.56_-19.94_0.0992_0.0587_-0.5043_-0.8558end0.18_8.32_-4.25_13.20_4.48_-1.79_8.00_-37.56_-19.94_0.1003_0.0596_-0.5025_-0.8567end0.06_8.28_-4.27_13.20_4.48_-1.79_8.00_-37.56_-19.94_0.1003_0.0596_-0.5025_-0.8567end-0.03_8.30_-4.36_13.20_4.48_-1.79_8.00_-37.56_-19.94_0.1003_0.0596_-0.5025_-0.8567end-0.03_8.30_-4.36_13.20_4.48_-1.79_8.00_-37.50_-19.06_0.1021_0.0612_-0.4999_-0.8578end-0.08_8.28_-4.38_16.11_13.76_-2.01_8.00_-37.50_-19.06_0.1021_0.0612_-0.4999_-0.8578end-0.08_8.28_-4.38_16.11_13.76_-2.01_8.00_-37.50_-19.06_0.1030_0.0621_-0.4987_-0.8585end-0.08_8.28_-4.38_16.11_13.76_-2.01_8.00_-37.50_-19.06_0.1034_0.0624_-0.4980_-0.8587end-0.08_8.28_-4.38_16.56_11.53_-2.01_8.00_-37.50_-19.06_0.1034_0.0624_-0.4980_-0.8587end-0.36_8.26_-4.36_16.56_11.53_-2.01_8.00_-37.50_-19.06_0.1034_0.0624_-0.4980_-0.8587end-0.36_8.23_-4.38_16.56_11.53_-2.01_8.00_-37.50_-19.06_0.1034_0.0624_-0.4980_-0.8587end-0.37_8.27_-4.39_16.56_11.53_-2.01_8.00_-37.50_-19.06_0.1034_0.0624_-0.4980_-0.8587end,24.37881956,120.90906047,1072.8448486328125
315,-0.39_8.24_-4.37_16.56_11.53_-2.01_8.00_-37.50_-19.06_0.1034_0.0624_-0.4980_-0.8587end-0.48_8.21_-4.37_16.56_11.53_-2.01_8.00_-37.50_-19.06_0.1058_0.0642_-0.4928_-0.8613end-0.43_8.21_-4.36_16.56_11.53_-2.01_8.00_-37.50_-19.06_0.1059_0.0641_-0.4915_-0.8620end-0.45_8.19_-4.37_16.56_11.53_-2.01_8.00_-37.50_-19.06_0.1060_0.0638_-0.4902_-0.8627end-0.45_8.19_-4.37_16.56_11.53_-2.01_8.69_-39.63_-18.31_0.1060_0.0635_-0.4896_-0.8632end-0.46_8.15_-4.34_16.56_11.53_-2.01_8.69_-39.63_-18.31_0.1058_0.0632_-0.4890_-0.8635end-0.48_8.16_-4.45_16.56_11.53_-2.01_8.69_-39.63_-18.31_0.1058_0.0632_-0.4890_-0.8635end-0.48_8.13_-4.48_17.90_-11.53_0.22_8.69_-39.63_-18.31_0.1058_0.0632_-0.4890_-0.8635end-0.48_8.13_-4.48_17.90_-11.53_0.22_8.69_-39.25_-17.37_0.1053_0.0620_-0.4871_-0.8648end-0.64_8.11_-4.68_17.90_-11.53_0.22_8.69_-39.25_-17.37_0.1047_0.0606_-0.4858_-0.8657end,24.37881956,120.90906047,1072.8448486328125
316,,24.37881956,120.90906047,1072.8448486328125
317,-0.64_8.11_-4.68_18.35_-21.82_1.01_8.69_-39.25_-17.37_0.1043_0.0598_-0.4852_-0.8661end-0.69_8.11_-4.77_18.35_-21.82_1.01_8.69_-39.25_-17.37_0.1043_0.0598_-0.4852_-0.8661end-0.69_8.11_-4.77_18.35_-21.82_1.01_8.69_-39.25_-17.37_0.1032_0.0578_-0.4840_-0.8670end-0.72_8.07_-4.82_18.35_-21.82_1.01_8.69_-39.25_-17.37_0.1032_0.0578_-0.4840_-0.8670end-0.48_8.05_-4.78_18.35_-21.82_1.01_7.62_-38.19_-16.50_0.1032_0.0578_-0.4840_-0.8670end-0.39_8.09_-4.78_18.35_-21.82_1.01_8.69_-39.25_-17.81_0.1032_0.0578_-0.4840_-0.8670end-0.39_8.09_-4.78_18.35_-21.82_1.01_8.69_-39.25_-17.81_0.0984_0.0491_-0.4807_-0.8700end-0.25_8.01_-4.93_18.35_-21.82_1.01_8.69_-39.25_-17.81_0.09,24.37881956,120.90906047,1072.8448486328125
318,75_0.0475_-0.4802_-0.8705end-0.10_8.05_-5.07_18.35_-21.82_1.01_8.69_-39.25_-17.81_0.0967_0.0458_-0.4796_-0.8710end0.02_7.98_-5.12_18.35_-21.82_1.01_8.69_-39.25_-17.81_0.0967_0.0458_-0.4796_-0.8710end,24.37881956,120.90906047,1072.8448486328125
319,0.08_7.99_-5.18_19.25_-36.71_1.68_8.69_-39.25_-17.81_0.0967_0.0458_-0.4796_-0.8710end0.08_7.99_-5.18_19.25_-36.71_1.68_7.62_-38.56_-16.87_0.0936_0.0402_-0.4773_-0.8728end0.26_7.92_-5.18_19.25_-36.71_1.68_7.62_-38.56_-16.87_0.0936_0.0402_-0.4773_-0.8728end0.26_7.92_-5.18_19.25_-36.71_1.68_7.62_-38.56_-16.87_0.0930_0.0390_-0.4767_-0.8733end0.37_7.94_-5.42_19.25_-36.71_1.68_7.62_-38.56_-16.87_0.0930_0.0390_-0.4767_-0.8733end0.40_7.93_-5.49_19.25_-36.71_1.68_8.69_-39.25_-16.94_0.0930_0.0390_-0.4767_-0.8733end0.43_7.89_-5.62_19.25_-36.71_1.68_8.69_-39.25_-16.94_0.0917_0.0361_-0.4740_-0.8750end0.43_7.89_-5.62_19.25_-36.71_1.68_8.69_-39.25_-16.94_0.0916_0.035,24.37881956,120.90906047,1072.8448486328125
320,8_-0.4733_-0.8754end0.62_7.90_-6.20_19.25_-36.71_1.68_8.69_-39.25_-16.94_0.0915_0.0356_-0.4725_-0.8759end0.62_7.90_-6.20_20.03_4.92_-0.56_8.69_-39.25_-16.94_0.0917_0.0355_-0.4703_-0.8770end,24.37881956,120.90906047,1072.8448486328125
321,0.69_7.85_-6.31_20.03_4.92_-0.56_8.69_-39.25_-16.94_0.0919_0.0356_-0.4695_-0.8774end0.62_7.83_-6.32_20.03_4.92_-0.56_8.69_-39.25_-16.94_0.0921_0.0358_-0.4687_-0.8777end0.60_7.87_-6.13_20.03_4.92_-0.56_8.69_-39.25_-16.94_0.0921_0.0358_-0.4687_-0.8777end0.46_7.75_-6.23_20.03_4.92_-0.56_8.69_-39.25_-16.94_0.0930_0.0367_-0.4665_-0.8788end0.53_7.86_-6.17_20.03_4.92_-0.56_8.69_-39.25_-16.94_0.0933_0.0370_-0.4658_-0.8792end0.51_7.72_-6.34_20.03_4.92_-0.56_8.69_-39.25_-16.94_0.0933_0.0370_-0.4658_-0.8792end0.55_7.72_-6.37_20.03_4.92_-0.56_8.69_-39.25_-16.94_0.0933_0.0370_-0.4658_-0.8792end0.55_7.72_-6.37_20.03_4.92_-0.56_7.56_-39.94_-15.63_0.0950_0.0386_-0.462,24.37881956,120.90906047,1072.8448486328125
322,8_-0.8805end0.64_7.84_-6.39_20.03_4.92_-0.56_7.56_-39.94_-15.63_0.0955_0.0392_-0.4621_-0.8808end0.58_7.64_-6.31_20.03_4.92_-0.56_7.56_-39.94_-15.63_0.0955_0.0392_-0.4621_-0.8808end,24.37881956,120.90906047,1072.8448486328125
323,,24.37881956,120.90906047,1072.8448486328125
324,0.59_7.87_-6.40_20.03_4.92_-0.56_7.56_-39.94_-15.63_0.0955_0.0392_-0.4621_-0.8808end0.59_7.87_-6.40_20.03_4.92_-0.56_7.56_-39.94_-15.63_0.0973_0.0413_-0.4598_-0.8817end0.59_7.87_-6.40_20.03_4.92_-0.56_7.56_-39.94_-15.63_0.0980_0.0421_-0.4591_-0.8820end0.59_7.87_-6.40_20.03_4.92_-0.56_7.56_-39.94_-15.63_0.0988_0.0431_-0.4584_-0.8822end0.81_7.78_-8.20_20.03_4.92_-0.56_7.56_-39.94_-15.63_0.0988_0.0431_-0.4584_-0.8822end0.81_7.78_-8.20_20.03_4.92_-0.56_7.56_-39.94_-15.63_0.1017_0.0469_-0.4563_-0.8828end0.81_7.78_-8.20_20.03_4.92_-0.56_7.56_-39.94_-15.63_0.1027_0.0484_-0.4556_-0.8829end1.12_7.77_-8.81_20.03_4.92_-0.56_7.56_-39.94_-15.63_0.1027_0.0484_-0.455,24.37881956,120.90906047,1072.8448486328125
325,6_-0.8829end1.12_7.77_-8.81_20.03_4.92_-0.56_7.56_-39.94_-15.63_0.1058_0.0524_-0.4536_-0.8834end1.12_7.77_-8.81_20.03_4.92_-0.56_7.56_-39.94_-15.63_0.1073_0.0541_-0.4525_-0.8836end,24.37881956,120.90906047,1072.8448486328125
326,,24.37881956,120.90906047,1072.8448486328125
327,,24.37881956,120.90906047,1072.8448486328125
328,,24.37881956,120.90906047,1072.8448486328125
329,,24.37881956,120.90906047,1072.8448486328125
330,1.02_7.75_-8.23_20.03_4.92_-0.56_7.56_-39.94_-15.63_0.1078_0.0543_-0.4521_-0.8838end0.87_7.87_-7.97_20.03_4.92_-0.56_7.56_-39.94_-15.63_0.1078_0.0543_-0.4521_-0.8838end1.72_7.32_-9.24_20.03_4.92_-0.56_9.00_-39.88_-13.50_0.1078_0.0543_-0.4521_-0.8838end1.72_7.32_-9.24_5.93_-22.83_-7.50_7.94_-40.25_-15.19_0.1078_0.0518_-0.4514_-0.8843end1.47_7.78_-8.23_5.93_-22.83_-7.50_7.94_-40.25_-15.19_0.1079_0.0511_-0.4512_-0.8844end1.02_7.91_-7.53_5.93_-22.83_-7.50_8.69_-39.88_-14.75_0.1079_0.0511_-0.4512_-0.8844end0.98_7.64_-7.85_5.37_7.27_-8.17_8.69_-39.88_-14.75_0.1079_0.0511_-0.4512_-0.8844end0.98_7.64_-7.85_5.37_7.27_-8.17_8.69_-39.88_-14.75_0.1099_0.0516_-0.45,24.37881956,120.90906047,1072.8448486328125
331,03_-0.8846end0.69_7.64_-7.26_5.37_7.27_-8.17_8.69_-39.88_-14.75_0.1109_0.0527_-0.4500_-0.8845end0.69_7.64_-7.26_5.37_7.27_-8.17_6.87_-38.88_-15.63_0.1109_0.0527_-0.4500_-0.8845end0.51_7.62_-7.45_5.37_7.27_-8.17_6.87_-38.88_-15.63_0.1109_0.0527_-0.4500_-0.8845end0.51_7.62_-7.45_5.37_7.27_-8.17_6.87_-38.88_-15.63_0.1173_0.0618_-0.4482_-0.8840end0.59_7.77_-7.58_5.37_7.27_-8.17_6.87_-38.88_-15.63_0.1194_0.0651_-0.4477_-0.8838end0.63_7.62_-7.55_5.37_7.27_-8.17_6.87_-38.88_-15.63_0.1194_0.0651_-0.4477_-0.8838end0.55_7.73_-7.39_5.37_7.27_-8.17_6.87_-38.88_-15.63_0.1241_0.0724_-0.4464_-0.8832end0.55_7.73_-7.39_2.46_107.43_-10.30_10.13_-39.50_-13.50_0.1241_0.0724_-0.4464_-0.8832end0.46_7.70_-7.25_2.13_108.77_-10.52_10.13_-39.50_-13.50_0.1241_0.0724_-0.4464_-0.8832end0.46_7.70_-7.25_1.45_109.44_-10.30_10.13_-39.50_-13.50_0.1312_0.0842_-0.4443_-0.8822end0.46_7.70_-7.25_1.01_109.56_-10.85_9.38_-40.19_-13.00_0.1312_0.0842_-0.4443_-0.8822end0.46_7.70_-7.25_1.01_109.56_-10.85_9.38_-40.19_-13.00_0.1336_0.0881_-0.4436_-0.8818end,24.37881956,120.90906047,1072.8448486328125
332,0.46_7.70_-7.25_1.01_109.56_-10.85_10.13_-39.50_-12.56_0.1336_0.0881_-0.4436_-0.8818end0.46_7.70_-7.25_1.01_109.56_-10.85_10.81_-40.56_-13.50_0.1409_0.0999_-0.4416_-0.8804end0.46_7.70_-7.25_1.01_109.56_-10.85_10.81_-40.56_-13.50_0.1455_0.1072_-0.4403_-0.8795end0.25_7.71_-6.67_1.01_109.56_-10.85_10.88_-38.06_-13.44_0.1455_0.1072_-0.4403_-0.8795end0.25_7.71_-6.67_-1.90_72.85_-9.06_11.19_-39.44_-12.63_0.1455_0.1072_-0.4403_-0.8795end0.25_7.71_-6.67_-1.90_72.85_-9.06_11.19_-39.44_-12.63_0.1542_0.1210_-0.4382_-0.8773end0.34_7.62_-7.07_-1.90_72.85_-9.06_12.25_-38.75_-12.56_0.1554_0.1227_-0.4379_-0.8770end0.85_7.68_-6.54_-1.90_72.85_-9.06_12.25_-38.75_-12.56_,24.37881956,120.90906047,1072.8448486328125
333,0.1554_0.1227_-0.4379_-0.8770end1.28_7.71_-6.73_-1.90_72.85_-9.06_10.81_-40.56_-13.00_0.1554_0.1227_-0.4379_-0.8770end1.28_7.71_-6.73_-1.90_72.85_-9.06_10.81_-40.56_-13.00_0.1554_0.1227_-0.4379_-0.8770end,24.37881956,120.90906047,1072.8448486328125
334,,24.37881956,120.90906047,1072.8448486328125
335,1.28_7.71_-6.73_-7.39_-63.79_-10.18_10.81_-40.56_-13.00_0.1570_0.1238_-0.4381_-0.8764end2.59_7.77_-6.38_-7.39_-63.79_-10.18_10.81_-40.56_-13.00_0.1548_0.1172_-0.4400_-0.8768end2.77_7.54_-6.56_-7.39_-63.79_-10.18_10.81_-40.56_-13.00_0.1548_0.1172_-0.4400_-0.8768end2.77_7.54_-6.56_-8.17_-93.78_-11.08_10.81_-40.56_-13.00_0.1548_0.1172_-0.4400_-0.8768end2.68_7.90_-4.98_-8.17_-93.78_-11.08_10.81_-40.56_-13.00_0.1489_0.1027_-0.4437_-0.8777end2.39_7.82_-5.41_-8.17_-93.78_-11.08_10.81_-40.56_-13.00_0.1489_0.1027_-0.4437_-0.8777end2.91_7.71_-5.78_-8.17_-93.78_-11.08_10.81_-40.56_-13.00_0.1489_0.1027_-0.4437_-0.8777end2.35_7.80_-5.71_-8.17_-93.78_-11.08_10.81_-4,24.37881956,120.90906047,1072.8448486328125
336,0.56_-13.00_0.1489_0.1027_-0.4437_-0.8777end1.65_7.23_-5.59_-8.17_-93.78_-11.08_10.81_-40.56_-13.00_0.1489_0.1027_-0.4437_-0.8777end1.02_7.55_-5.18_-8.17_-93.78_-11.08_11.19_-39.44_-11.25_0.1489_0.1027_-0.4437_-0.8777end,24.37881956,120.90906047,1072.8448486328125
337,1.10_7.66_-5.56_-8.17_-93.78_-11.08_11.19_-39.44_-11.25_0.1489_0.1027_-0.4437_-0.8777end0.90_7.78_-5.86_-8.17_-93.78_-11.08_11.19_-39.44_-11.25_0.1489_0.1027_-0.4437_-0.8777end0.75_7.77_-6.20_-8.17_-93.78_-11.08_11.25_-38.06_-13.00_0.1489_0.1027_-0.4437_-0.8777end0.75_7.77_-6.20_-8.17_-93.78_-11.08_11.88_-38.75_-13.88_0.1535_0.0,24.37881956,120.90906047,1072.8448486328125
338,965_-0.4473_-0.8758end0.30_7.72_-6.83_-8.17_-93.78_-11.08_11.88_-38.75_-13.88_0.1556_0.0993_-0.4471_-0.8752end-0.40_8.23_-3.11_-8.17_-93.78_-11.08_11.88_-38.75_-13.88_0.1579_0.1024_-0.4467_-0.8747end-0.40_8.23_-3.11_-6.71_125.67_-18.80_11.88_-38.75_-13.88_0.1579_0.1024_-0.4467_-0.8747end1.14_7.82_-8.81_-6.71_125.67_-18.80_11.88_-38.75_-13.88_0.1682_0.1179_-0.4442_-0.8721end-0.51_7.98_-6.26_-6.71_125.67_-18.80_11.88_-38.75_-13.88_0.1682_0.1179_-0.4442_-0.8721end-0.51_7.98_-6.26_-6.71_125.67_-18.80_11.88_-38.75_-13.88_0.1727_0.1251_-0.4429_-0.8708end,24.37881956,120.90906047,1072.8448486328125
339,,24.37881956,120.90906047,1072.8448486328125
340,0.13_7.74_-6.63_-6.71_125.67_-18.80_11.88_-38.75_-13.88_0.1727_0.1251_-0.4429_-0.8708end0.13_7.74_-6.63_-2.35_203.67_-17.23_13.31_-39.44_-12.13_0.1727_0.1251_-0.4429_-0.8708end0.13_7.74_-6.63_-2.13_196.84_-16.45_13.31_-39.44_-12.13_0.1951_0.1617_-0.4354_-0.8638end-0.30_7.80_-6.99_-2.13_196.84_-16.45_13.31_-39.44_-12.13_0.1990_0.1685_-0.4340_-0.8624end-0.30_7.80_-6.99_-2.69_186.88_-17.68_13.31_-39.44_-12.13_0.2032_0.1754_-0.4325_-0.8607end-0.57_7.75_-6.90_-2.69_186.88_-17.68_13.31_-39.44_-12.13_0.2032_0.1754_-0.4325_-0.8607end-0.57_7.75_-6.90_-3.25_167.30_-17.57_13.31_-39.44_-12.13_0.2150_0.1943_-0.4283_-0.8559end-0.24_7.88_-6.58_-3.25_167.30_-17.57_13.,24.37881956,120.90906047,1072.8448486328125
341,31_-39.44_-12.13_0.2186_0.2002_-0.4268_-0.8544end-0.59_7.96_-5.48_-3.25_167.30_-17.57_13.31_-39.44_-12.13_0.2219_0.2057_-0.4255_-0.8529end-0.59_7.96_-5.48_-3.25_167.30_-17.57_13.31_-39.44_-12.13_0.2290_0.2176_-0.4227_-0.8494end,24.37881956,120.90906047,1072.8448486328125
342,0.00_7.75_-5.80_-3.25_167.30_-17.57_13.31_-39.44_-12.13_0.2290_0.2176_-0.4227_-0.8494end0.00_7.75_-5.80_-3.25_167.30_-17.57_13.31_-39.44_-12.13_0.2323_0.2233_-0.4213_-0.8478end0.79_7.70_-5.39_-3.25_167.30_-17.57_13.31_-39.44_-12.13_0.2323_0.2233_-0.4213_-0.8478end1.09_8.05_-5.63_-3.25_167.30_-17.57_16.94_-38.25_-8.63_0.2323_0.2233_-0.4213_-0.8478end1.09_8.05_-5.63_-3.25_167.30_-17.57_16.94_-38.25_-8.63_0.2323_0.2233_-0.4213_-0.8478end1.09_8.05_-5.63_-3.25_167.30_-17.57_16.94_-38.25_-8.63_0.2323_0.2233_-0.4213_-0.8478end1.09_8.05_-5.63_-6.60_3.69_-10.30_16.94_-38.25_-10.44_0.2397_0.2327_-0.4204_-0.8436end0.05_8.05_-4.88_-6.60_3.69_-10.30_17.31_-40.00_-1,24.37881956,120.90906047,1072.8448486328125
343,0.88_0.2378_0.2275_-0.4226_-0.8444end-0.50_7.81_-5.12_-6.60_3.69_-10.30_17.31_-40.00_-10.88_0.2378_0.2275_-0.4226_-0.8444end-0.55_8.04_-4.97_-10.18_-127.80_-7.39_17.31_-40.00_-10.88_0.2378_0.2275_-0.4226_-0.8444end,24.37881956,120.90906047,1072.8448486328125
344,-0.55_8.04_-4.97_-10.18_-127.80_-7.39_17.31_-40.00_-10.88_0.2316_0.2144_-0.4275_-0.8472end-0.55_8.04_-4.97_-10.18_-127.80_-7.39_17.31_-40.00_-10.88_0.2263_0.2040_-0.4310_-0.8494end-0.11_7.97_-4.46_-10.18_-127.80_-7.39_17.31_-40.00_-10.88_0.2239_0.1992_-0.4326_-0.8503end0.11_8.02_-4.29_-10.18_-127.80_-7.39_17.31_-40.00_-10.88_0.2239_0.1992_-0.4326_-0.8503end0.60_7.98_-3.78_-10.18_-127.80_-7.39_17.31_-40.00_-10.88_0.2216_0.1946_-0.4342_-0.8512end0.66_7.95_-3.29_-10.18_-127.80_-7.39_17.31_-40.00_-10.88_0.2216_0.1946_-0.4342_-0.8512end0.78_7.98_-2.75_-10.18_-127.80_-7.39_17.31_-40.00_-10.88_0.2216_0.1946_-0.4342_-0.8512end0.88_8.10_-3.36_-10.18_-127.80_-7.39_17.31_-40.00_-10.88_0.2216_0.1946_-0.4342_-0.8512end1.04_8.06_-3.18_-10.18_-127.80_-7.39_17.31_-40.00_-10.88_0.2216_0.1946_-0.4342_-0.8512end0.95_8.05_-3.84_-6.04_-48.34_-3.47_17.31_-40.00_-10.88_0.2216_0.1946_-0.4342_-0.8512end,24.37881956,120.90906047,1072.8448486328125
345,,24.37881956,120.90906047,1072.8448486328125
346,,24.37881956,120.90906047,1072.8448486328125
347,,24.37881956,120.90906047,1072.8448486328125
348,,24.37881956,120.90906047,1072.8448486328125
349,0.95_8.05_-3.84_-6.04_-48.34_-3.47_15.88_-37.63_-12.56_0.2100_0.1713_-0.4421_-0.8550end0.98_8.09_-3.84_-6.04_-48.34_-3.47_15.88_-37.63_-12.56_0.2095_0.1702_-0.4426_-0.8551end0.91_8.01_-4.10_-6.04_-48.34_-3.47_15.88_-37.63_-12.56_0.2092_0.1694_-0.4430_-0.8552end0.98_7.98_-4.30_-6.04_-48.34_-3.47_15.88_-37.63_-12.56_0.2092_0.1694_-0.4430_-0.8552end1.04_8.01_-4.46_-2.80_-11.08_-4.81_15.88_-37.63_-12.56_0.2088_0.1677_-0.4438_-0.8552end1.02_7.98_-4.55_-2.46_-6.04_-4.59_15.88_-37.63_-12.56_0.2087_0.1672_-0.4439_-0.8552end0.94_8.00_-4.74_-2.46_-6.04_-4.59_15.88_-37.63_-12.56_0.2087_0.1669_-0.4441_-0.8552end0.82_8.00_-4.60_-2.46_-6.04_-4.59_15.88_-37.63_-12.56_0.2087_0.1669_-0.4441_-0.8552end0.83_8.00_-4.56_-0.56_-0.67_-4.92_15.88_-37.63_-12.56_0.2087_0.1669_-0.4441_-0.8552end0.83_8.03_-4.40_-0.56_-0.67_-4.92_17.00_-38.31_-12.63_0.2091_0.1663_-0.4444_-0.8550end,24.37881956,120.90906047,1072.8448486328125
350,,24.37881956,120.90906047,1072.8448486328125
351,0.89_8.01_-4.29_-0.56_-0.67_-4.92_17.00_-38.31_-12.63_0.2092_0.1661_-0.4445_-0.8550end0.90_8.04_-4.23_-0.56_-0.67_-4.92_17.00_-38.31_-12.63_0.2092_0.1661_-0.4445_-0.8550end0.94_8.05_-4.21_-0.56_-0.67_-4.92_17.00_-38.31_-12.63_0.2092_0.1661_-0.4445_-0.8550end0.94_8.05_-4.21_-0.56_-0.67_-4.92_17.00_-38.31_-12.63_0.2095_0.1655_-0.4446_-0.8550end0.88_8.03_-4.29_-0.56_-0.67_-4.92_17.00_-38.31_-12.63_0.2095_0.1655_-0.4446_-0.8550end0.84_8.05_-4.36_-0.56_-0.67_-4.92_17.00_-38.31_-12.63_0.2095_0.1655_-0.4446_-0.8550end0.85_8.02_-4.48_-0.56_-0.67_-4.92_17.00_-38.31_-12.63_0.2095_0.1655_-0.4446_-0.8550end0.85_8.02_-4.48_-0.56_-0.67_-4.92_17.00_-38.31_-12.63_0.2101_0.1641_-0.4446_-0.8552end0.90_8.03_-4.55_-0.56_-0.67_-4.92_17.00_-38.31_-12.63_0.2101_0.1641_-0.4446_-0.8552end0.90_8.03_-4.55_-0.56_-0.67_-4.92_17.00_-38.31_-12.63_0.2103_0.1638_-0.4445_-0.8552end,24.37881956,120.90906047,1072.8448486328125
352,0.94_8.03_-4.42_-0.56_-0.67_-4.92_17.00_-38.31_-12.63_0.2103_0.1638_-0.4445_-0.8552end0.94_8.03_-4.42_-0.56_-0.67_-4.92_16.25_-37.94_-13.00_0.2104_0.1627_-0.4444_-0.8554end0.94_8.03_-4.42_-0.56_-0.67_-4.92_16.25_-37.94_-13.00_0.2104_0.1616_-0.4444_-0.8557end0.98_8.01_-4.23_-0.56_-0.67_-4.92_16.25_-37.94_-13.00_0.2104_0.1616_-0.4444_-0.8557end1.04_7.98_-4.19_-0.56_-0.67_-4.92_16.25_-37.94_-13.00_0.2103_0.1609_-0.4444_-0.8558end1.09_7.96_-4.17_-0.56_-0.67_-4.92_16.25_-37.94_-13.00_0.2103_0.1609_-0.4444_-0.8558end1.09_7.99_-4.12_-0.56_-0.67_-4.92_16.25_-37.94_-13.00_0.2100_0.1579_-0.4444_-0.8564end1.04_7.96_-4.10_-0.56_-0.67_-4.92_16.25_-37.94_-13.00_0.21,24.37881956,120.90906047,1072.8448486328125
353,00_0.1579_-0.4444_-0.8564end1.04_7.96_-4.10_-0.56_-0.67_-4.92_16.25_-37.94_-13.00_0.2099_0.1570_-0.4444_-0.8566end1.04_7.96_-4.10_-0.56_-0.67_-4.92_16.25_-38.69_-13.50_0.2098_0.1555_-0.4443_-0.8569end,24.37881956,120.90906047,1072.8448486328125
354,0.72_7.99_-4.19_-0.56_-0.67_-4.92_16.25_-38.69_-13.50_0.2098_0.1555_-0.4443_-0.8569end0.46_8.01_-4.65_-0.56_-0.67_-4.92_16.25_-38.69_-13.50_0.2100_0.1545_-0.4441_-0.8572end0.42_7.98_-4.71_-0.56_-0.67_-4.92_16.25_-38.69_-13.50_0.2109_0.1544_-0.4433_-0.8574end0.42_7.98_-4.71_-0.56_-0.67_-4.92_15.88_-38.38_-14.38_0.2114_0.1547_-0.4430_-0.8574end0.32_7.94_-5.18_-0.56_-0.67_-4.92_15.88_-38.38_-14.38_0.2114_0.1547_-0.4430_-0.8574end0.37_7.93_-5.31_-0.56_-0.67_-4.92_15.88_-38.38_-14.38_0.2114_0.1547_-0.4430_-0.8574end0.59_7.92_-5.18_8.50_13.43_-5.71_15.88_-38.38_-14.38_0.2114_0.1547_-0.4430_-0.8574end0.77_7.92_-5.05_8.50_13.43_-5.71_15.88_-38.38_-14.38_0.2139_0.1560_-0.4410_-0.8575end0.87_7.90_-4.83_9.51_-4.92_-6.15_15.88_-38.38_-14.38_0.2139_0.1560_-0.4410_-0.8575end0.87_7.90_-4.83_8.84_-14.10_-6.27_15.88_-38.38_-14.38_0.2139_0.1560_-0.4410_-0.8575end,24.37881956,120.90906047,1072.8448486328125
355,,24.37881956,120.90906047,1072.8448486328125
356,1.06_7.90_-4.63_8.84_-14.10_-6.27_15.88_-38.38_-14.38_0.2139_0.1560_-0.4410_-0.8575end1.16_7.85_-4.32_8.95_-32.23_-5.60_15.88_-38.38_-14.38_0.2139_0.1560_-0.4410_-0.8575end1.12_7.89_-4.27_8.84_-45.99_-6.49_15.88_-38.38_-14.38_0.2139_0.1560_-0.4410_-0.8575end1.12_7.89_-4.27_8.84_-45.99_-6.49_15.88_-38.38_-14.38_0.2115_0.1454_-0.4409_-0.8600end1.18_7.94_-4.35_8.84_-45.99_-6.49_15.88_-38.38_-14.38_0.2115_0.1454_-0.4409_-0.8600end1.17_7.85_-4.45_9.51_-49.01_-7.27_15.88_-38.38_-14.38_0.2115_0.1454_-0.4409_-0.8600end1.18_7.85_-4.46_10.07_-44.87_-8.06_15.88_-38.38_-14.38_0.2115_0.1454_-0.4409_-0.8600end1.18_7.85_-4.46_10.07_-44.87_-8.06_16.62_-36.88_-11.69_0.2091_0.1372_-0.4414_-0.8618end1.18_7.85_-4.46_10.85_-33.12_-8.06_16.62_-36.88_-11.69_0.2086_0.1342_-0.4413_-0.8624end1.00_7.84_-4.52_10.85_-33.12_-8.06_15.88_-38.00_-13.00_0.2086_0.1342_-0.4413_-0.8624end,24.37881956,120.90906047,1072.8448486328125
357,,24.37881956,120.90906047,1072.8448486328125
358,,24.37881956,120.90906047,1072.8448486328125
359,1.00_7.84_-4.52_12.76_-12.31_-9.06_15.88_-38.00_-13.00_0.2086_0.1322_-0.4409_-0.8629end1.00_7.84_-4.52_13.20_-5.71_-9.40_16.62_-37.19_-10.81_0.2086_0.1322_-0.4409_-0.8629end1.00_7.84_-4.52_13.54_0.00_-9.51_16.62_-37.19_-10.81_0.2092_0.1311_-0.4401_-0.8633end1.00_7.84_-4.52_13.65_5.26_-8.95_16.62_-37.19_-10.81_0.2101_0.1308_-0.4392_-0.8636end0.04_7.84_-5.48_13.65_5.26_-8.95_16.62_-37.19_-10.81_0.2101_0.1308_-0.4392_-0.8636end0.04_7.84_-5.48_13.65_15.67_-8.95_16.62_-37.19_-10.81_0.2101_0.1308_-0.4392_-0.8636end0.04_7.84_-5.48_13.65_15.67_-8.95_16.62_-37.19_-10.81_0.2128_0.1318_-0.4369_-0.8640end-0.41_7.79_-6.16_13.65_15.67_-8.95_16.62_-37.19_-10.81_0.212,24.37881956,120.90906047,1072.8448486328125
360,,24.37881956,120.90906047,1072.8448486328125
361,8_0.1318_-0.4369_-0.8640end-0.47_7.87_-6.48_13.65_15.67_-8.95_17.37_-36.88_-12.06_0.2128_0.1318_-0.4369_-0.8640end-0.42_7.90_-6.58_13.65_6.60_-8.84_17.37_-36.88_-12.06_0.2128_0.1318_-0.4369_-0.8640end-0.42_7.90_-6.58_13.32_3.25_-8.28_17.37_-36.88_-12.06_0.2156_0.1319_-0.4343_-0.8646end-0.44_8.14_-6.73_13.32_3.25_-8.28_17.37_-36.88_-12.06_0.2156_0.1319_-0.4343_-0.8646end-0.39_9.13_-6.92_13.32_3.25_-8.28_17.37_-36.88_-12.06_0.2160_0.1316_-0.4338_-0.8647end-0.79_9.73_-6.66_11.86_-8.28_-7.72_17.37_-36.88_-12.06_0.2160_0.1316_-0.4338_-0.8647end-0.79_9.73_-6.66_11.86_-8.28_-7.72_17.37_-36.88_-12.06_0.2169_0.1295_-0.4326_-0.8655end-0.04_10.57_-7.41_11.86_-8.28_-7.72_17.37_-36.88_-12.06_0.2169_0.1295_-0.4326_-0.8655end0.21_10.65_-7.08_11.86_-8.28_-7.72_17.37_-36.88_-12.06_0.2169_0.1295_-0.4326_-0.8655end0.21_10.65_-7.08_11.86_-8.28_-7.72_16.94_-38.25_-10.44_0.2170_0.1271_-0.4320_-0.8661end0.21_10.65_-7.08_11.86_-8.28_-7.72_16.94_-38.25_-10.44_0.2170_0.1263_-0.4318_-0.8663end0.04_10.81_-6.59_11.86_-8.28_-7.72_16.94_-38.25_-10.44_0.2170_0.1263_-0.4318_-0.8663end,24.37881956,120.90906047,1072.8448486328125
362,,24.37881956,120.90906047,1072.8448486328125
363,,24.37881956,120.90906047,1072.8448486328125
364,0.11_10.82_-6.54_11.86_-8.28_-7.72_16.94_-38.25_-10.44_0.2170_0.1263_-0.4318_-0.8663end0.11_10.82_-6.54_11.86_-8.28_-7.72_17.69_-37.56_-12.56_0.2173_0.1231_-0.4314_-0.8669end-0.36_10.52_-6.89_11.86_-8.28_-7.72_17.69_-37.56_-12.56_0.2174_0.1227_-0.4313_-0.8669end-0.80_10.19_-5.51_11.86_-8.28_-7.72_17.69_-37.56_-12.56_0.2174_0.1227_-0.4313_-0.8669end-0.07_10.35_-4.25_11.86_-8.28_-7.72_17.75_-36.50_-11.69_0.2174_0.1227_-0.4313_-0.8669end-1.31_10.49_-7.85_11.86_-8.28_-7.72_16.62_-36.88_-11.69_0.2174_0.1227_-0.4313_-0.8669end-0.24_10.86_-4.36_11.86_-8.28_-7.72_16.62_-36.88_-11.69_0.2184_0.1220_-0.4308_-0.8671end-0.10_11.44_-3.94_0.67_-13.76_-2.80_16.62_-36.88_-11.69_0.2184_0.1220_-0.4308_-0.8671end-0.37_5.25_-3.44_0.67_-13.76_-2.80_16.62_-36.88_-11.69_0.2181_0.1208_-0.4311_-0.8672end-0.37_5.25_-3.44_0.67_-13.76_-2.80_16.94_-38.63_-11.75_0.2181_0.1208_-0.4311_-0.8672end,24.37881956,120.90906047,1072.8448486328125
365,,24.37881956,120.90906047,1072.8448486328125
366,,24.37881956,120.90906047,1072.8448486328125
367,0.09_9.68_0.07_0.67_-13.76_-2.80_16.94_-38.63_-11.75_0.2170_0.1187_-0.4321_-0.8672end-2.22_9.41_-0.16_-14.32_-37.82_0.00_16.94_-38.63_-11.75_0.2170_0.1187_-0.4321_-0.8672end-2.42_10.20_-24.42_-19.47_-37.49_-3.36_16.94_-38.63_-11.75_0.2170_0.1187_-0.4321_-0.8672end1.33_8.71_-0.93_-19.47_-37.49_-3.36_16.94_-38.63_-11.75_0.2170_0.1187_-0.4321_-0.8672end0.26_10.10_-4.74_-6.15_-20.03_-4.59_16.94_-38.63_-11.75_0.2170_0.1187_-0.4321_-0.8672end0.26_10.10_-4.74_-7.27_-46.89_0.78_16.94_-38.63_-11.75_0.2170_0.1187_-0.4321_-0.8672end-2.35_10.09_-9.05_-7.27_-46.89_0.78_16.94_-38.63_-11.75_0.2170_0.1187_-0.4321_-0.8672end-0.67_9.77_-7.51_-7.27_-46.89_0.78_17.00_-37.94_-12.56_0.2170_0.1187_-0.4321_-0.8672end-1.04_10.13_-3.59_-7.27_-46.89_0.78_17.37_-37.56_-12.56_0.2170_0.1187_-0.4321_-0.8672end0.78_9.53_-2.39_-7.27_-46.89_0.78_17.37_-37.56_-12.56_0.2170_0.1187_-0.4321_-0.8672end,24.37881956,120.90906047,1072.8448486328125
368,,24.37881956,120.90906047,1072.8448486328125
369,,24.37881956,120.90906047,1072.8448486328125
370,,24.37881956,120.90906047,1072.8448486328125
371,0.45_10.00_2.91_-7.27_-46.89_0.78_17.00_-37.94_-13.50_0.2170_0.1187_-0.4321_-0.8672end-6.27_9.34_-13.54_-9.96_-67.48_-2.57_17.00_-37.94_-13.50_0.2057_0.0968_-0.4427_-0.8674end-6.27_9.34_-13.54_-9.96_-67.48_-2.57_17.00_-37.94_-13.50_0.2031_0.0918_-0.4452_-0.8672end-3.20_8.70_-11.90_-9.96_-67.48_-2.57_17.00_-37.94_-13.50_0.2026_0.0900_-0.4459_-0.8672end0.43_10.04_-1.42_-9.96_-67.48_-2.57_15.88_-38.00_-13.44_0.2026_0.0900_-0.4459_-0.8672end0.43_10.04_-1.42_-9.96_-67.48_-2.57_15.88_-38.00_-13.44_0.2007_0.0856_-0.4474_-0.8673end-1.40_9.54_-7.53_-9.96_-67.48_-2.57_15.88_-38.00_-13.44_0.1971_0.0798_-0.4498_-0.8674end-1.31_9.39_-4.75_-9.96_-67.48_-2.57_15.88_-38.00_-13.44_0.1953_0.0768_-0.4509_-0.8676end-2.53_9.72_-7.28_-9.96_-67.48_-2.57_15.88_-38.00_-13.44_0.1953_0.0768_-0.4509_-0.8676end-1.20_9.61_-5.27_-9.96_-67.48_-2.57_15.88_-38.00_-13.44_0.1953_0.0768_-0.4509_-0.8676end,24.37881956,120.90906047,1072.8448486328125
372,,24.37881956,120.90906047,1072.8448486328125
373,-1.20_9.61_-5.27_-9.96_-67.48_-2.57_15.88_-38.00_-13.44_0.1910_0.0699_-0.4537_-0.8677end-0.55_10.19_-3.55_-9.96_-67.48_-2.57_15.88_-38.00_-13.44_0.1910_0.0699_-0.4537_-0.8677end-0.72_10.74_-4.27_-9.96_-67.48_-2.57_15.88_-38.00_-13.44_0.1910_0.0699_-0.4537_-0.8677end-0.72_10.74_-4.27_-9.96_-67.48_-2.57_15.88_-38.00_-13.44_0.1855_0.0618_-0.4583_-0.8671end-0.78_11.10_-5.74_-9.96_-67.48_-2.57_15.88_-38.00_-13.44_0.1855_0.0618_-0.4583_-0.8671end-1.16_11.39_-6.29_-9.96_-67.48_-2.57_15.88_-38.00_-13.44_0.1825_0.0578_-0.4610_-0.8665end-1.16_11.39_-6.29_-26.97_-54.05_8.62_15.19_-37.31_-15.13_0.1825_0.0578_-0.4610_-0.8665end-1.43_11.60_-6.20_-28.54_-49.69_8.73_15.19_-37.31_-15.13_0.1781_0.0526_-0.4655_-0.8654end-1.43_11.60_-6.20_-28.76_-46.89_9.18_15.19_-37.31_-15.13_0.1781_0.0526_-0.4655_-0.8654end-1.43_11.60_-6.20_-28.76_-46.89_9.18_15.19_-37.31_-15.13_0.1740_0.0486_-0.4700_-0.8640end,24.37881956,120.90906047,1072.8448486328125
374,,24.37881956,120.90906047,1072.8448486328125
375,,24.37881956,120.90906047,1072.8448486328125
376,,24.37881956,120.90906047,1072.8448486328125
377,,24.37881956,120.90906047,1072.8448486328125
378,-1.43_11.53_-5.63_-28.76_-46.89_9.18_15.19_-37.31_-15.13_0.1726_0.0472_-0.4717_-0.8634end-1.34_11.43_-5.25_-33.91_-53.38_11.75_15.19_-37.31_-15.13_0.1710_0.0457_-0.4733_-0.8629end-1.34_11.43_-5.25_-35.25_-55.17_12.53_15.19_-37.31_-15.13_0.1679_0.0427_-0.4770_-0.8616end1.67_9.60_-5.36_-35.25_-55.17_12.53_15.19_-37.31_-15.13_0.1679_0.0427_-0.4770_-0.8616end1.67_9.60_-5.36_-35.25_-55.17_12.53_15.19_-37.31_-15.13_0.1653_0.0408_-0.4805_-0.8603end1.81_10.13_-4.39_-35.25_-55.17_12.53_15.19_-37.31_-15.13_0.1653_0.0408_-0.4805_-0.8603end0.79_10.18_-4.68_-41.41_39.73_11.19_15.19_-37.31_-15.13_0.1653_0.0408_-0.4805_-0.8603end0.79_10.18_-4.68_-41.41_39.73_11.19_15.19_-37.31_-15.13_0.1657_0.0468_-0.4861_-0.8568end-17.66_8.88_-26.97_-41.41_39.73_11.19_15.19_-37.31_-15.13_0.1657_0.0468_-0.4861_-0.8568end0.76_8.62_-29.97_-41.41_39.73_11.19_15.19_-37.31_-15.13_0.1657_0.0468_-0.4861_-0.8568end-8.91_7.80_-46.18_-41.41_39.73_11.19_15.19_-37.31_-15.13_0.1657_0.0468_-0.4861_-0.8568end-8.91_7.80_-46.18_-41.41_39.73_11.19_15.19_-37.31_-15.13_0.1752_0.0637_-0.4905_-0.8513end4.87_9.15_-9.12_-41.41_39.73_11.19_15.19_-37.31_-15.13_0.1772_0.0665_-0.4899_-0.8510end0.27_9.25_-5.41_-41.41_39.73_11.19_15.56_-37.00_-17.37_0.1790_0.0693_-0.4899_-0.8504end1.12_10.95_0.69_-41.41_39.73_11.19_15.56_-37.00_-17.37_0.1790_0.0693_-0.4899_-0.8504end1.12_10.95_0.69_-41.41_39.73_11.19_15.56_-37.00_-17.37_0.1804_0.0733_-0.4924_-0.8483end2.38_8.34_-3.98_-41.41_39.73_11.19_15.56_-37.00_-17.37_0.1799_0.0737_-0.4940_-0.8475end-0.11_7.88_-7.09_-41.41_39.73_11.19_15.56_-37.00_-17.37_0.1799_0.0737_-0.4940_-0.8475end-0.11_7.88_-7.09_-41.41_39.73_11.19_15.56_-37.00_-17.37_0.1802_0.0776_-0.4981_-0.8446end-0.45_7.03_-6.28_-41.41_39.73_11.19_15.56_-37.00_-17.37_0.1806_0.0793_-0.4993_-0.8437end,24.37881956,120.90906047,1072.8448486328125
379,,24.37881956,120.90906047,1072.8448486328125
380,0.27_6.70_-3.50_-41.41_39.73_11.19_15.56_-37.00_-17.37_0.1806_0.0793_-0.4993_-0.8437end0.57_6.55_-3.11_-44.43_-38.94_13.99_15.56_-37.00_-17.37_0.1806_0.0793_-0.4993_-0.8437end0.57_6.55_-3.11_-44.43_-38.94_13.99_14.50_-34.94_-19.00_0.1779_0.0792_-0.5045_-0.8412end-0.36_6.15_-3.71_-44.43_-38.94_13.99_14.50_-34.94_-19.00_0.1755_0.0775_-0.5069_-0.8404end-0.11_6.38_-4.44_-53.60_-96.35_23.28_14.50_-34.94_-19.00_0.1755_0.0775_-0.5069_-0.8404end-0.11_6.38_-4.44_-54.50_-103.85_24.95_14.50_-34.94_-19.00_0.1755_0.0775_-0.5069_-0.8404end-0.11_6.38_-4.44_-54.50_-103.85_24.95_14.87_-35.31_-19.94_0.1755_0.0775_-0.5069_-0.8404end0.63_7.46_-4.32_-54.50_-103.85_24.95_14.87_-35.31_-19.94_0.1755_0.0775_-0.5069_-0.8404end-0.69_8.82_-3.91_-54.50_-103.85_24.95_13.44_-36.06_-21.31_0.1755_0.0775_-0.5069_-0.8404end-0.69_8.82_-3.91_-54.50_-103.85_24.95_12.69_-35.75_-21.25_0.1489_0.0576_-0.5284_-0.8339end,24.37881956,120.90906047,1072.8448486328125
381,,24.37881956,120.90906047,1072.8448486328125
382,-0.69_8.82_-3.91_-63.79_-48.01_34.36_12.69_-35.75_-21.25_0.1462_0.0567_-0.5311_-0.8327end-0.69_8.82_-3.91_-67.48_-20.25_33.01_12.69_-35.75_-21.25_0.1462_0.0567_-0.5311_-0.8327end-0.69_8.82_-3.91_-69.27_-3.36_33.12_12.69_-35.75_-21.25_0.1428_0.0577_-0.5361_-0.8300end-0.69_8.82_-3.91_-71.62_-3.25_35.81_12.69_-35.75_-21.25_0.1394_0,24.37881956,120.90906047,1072.8448486328125
383,.0600_-0.5417_-0.8267end-27.22_7.18_-66.08_-71.62_-3.25_35.81_12.37_-34.75_-21.69_0.1394_0.0600_-0.5417_-0.8267end3.52_3.99_17.41_-49.69_-14.44_23.95_12.37_-34.75_-21.69_0.1394_0.0600_-0.5417_-0.8267end3.52_3.99_17.41_-49.69_-14.44_23.95_12.37_-34.75_-21.69_0.1392_0.0652_-0.5457_-0.8237end3.52_3.99_17.41_-49.69_-14.44_23.95_12.37_-34.75_-21.69_0.1425_0.0694_-0.5459_-0.8227end-2.59_7.55_-6.31_-49.69_-14.44_23.95_12.37_-34.75_-21.69_0.1425_0.0694_-0.5459_-0.8227end2.87_3.17_-2.91_-49.69_-14.44_23.95_12.37_-34.75_-21.69_0.1425_0.0694_-0.5459_-0.8227end,24.37881956,120.90906047,1072.8448486328125
384,,24.37881956,120.90906047,1072.8448486328125
385,4.90_4.10_6.68_-49.69_-14.44_23.95_12.37_-34.75_-21.69_0.1425_0.0694_-0.5459_-0.8227end4.90_4.10_6.68_-49.69_-14.44_23.95_12.37_-34.75_-21.69_0.1537_0.0802_-0.5440_-0.8210end-1.56_5.09_-1.29_-49.69_-14.44_23.95_12.37_-34.75_-21.69_0.1537_0.0802_-0.5440_-0.8210end-1.56_5.09_-1.29_-49.69_-14.44_23.95_12.37_-34.38_-22.56_0.1537_0.0802_-0.5440_-0.8210end-1.56_5.09_-1.29_-18.35_-99.04_-8.39_12.37_-34.38_-22.56_0.1376_0.0569_-0.5538_-0.8193end1.67_0.61_-1.71_-18.35_-99.04_-8.39_12.37_-34.38_-22.56_0.1376_0.0569_-0.5538_-0.8193end3.14_1.16_-1.21_-18.35_-99.04_-8.39_12.37_-34.38_-22.56_0.1376_0.0569_-0.5538_-0.8193end3.14_1.16_-1.21_-18.35_-99.04_-8.39_12.37_-34.38_-22.56_0.1328_0.0494_-0.5593_-0.8168end0.57_0.28_-0.73_-18.35_-99.04_-8.39_12.37_-34.38_-22.56_0.1318_0.0483_-0.5607_-0.8160end1.93_1.64_-3.60_-18.35_-99.04_-8.39_12.37_-34.38_-22.56_0.1318_0.0483_-0.5607_-0.8160end,24.37881956,120.90906047,1072.8448486328125
386,,24.37881956,120.90906047,1072.8448486328125
387,1.93_1.64_-3.60_-18.35_-99.04_-8.39_12.37_-34.38_-22.56_0.1311_0.0476_-0.5621_-0.8152end1.93_1.64_-3.60_-18.35_-99.04_-8.39_12.37_-34.38_-22.56_0.1311_0.0476_-0.5621_-0.8152end6.96_2.72_29.91_19.70_65.24_-23.39_12.37_-34.38_-22.56_0.1311_0.0476_-0.5621_-0.8152end4.08_-1.41_-15.32_19.70_65.24_-23.39_12.37_-34.38_-22.56_0.1311_0.0,24.37881956,120.90906047,1072.8448486328125
388,476_-0.5621_-0.8152end4.08_-1.41_-15.32_19.70_65.24_-23.39_12.37_-34.38_-22.56_0.1447_0.0590_-0.5618_-0.8123end5.56_6.40_-3.00_19.70_65.24_-23.39_12.37_-34.38_-22.56_0.1479_0.0618_-0.5604_-0.8126end-0.23_0.72_2.36_19.70_65.24_-23.39_12.37_-34.38_-22.56_0.1479_0.0618_-0.5604_-0.8126end-0.68_3.75_1.95_6.83_47.56_-10.74_12.37_-34.3,24.37881956,120.90906047,1072.8448486328125
389,8_-22.56_0.1479_0.0618_-0.5604_-0.8126end-0.68_3.75_1.95_6.15_67.81_-19.02_13.50_-33.69_-23.81_0.1539_0.0672_-0.5579_-0.8127end-0.89_29.85_-10.29_6.15_67.81_-19.02_13.50_-33.69_-23.81_0.1588_0.0713_-0.5563_-0.8126end,24.3787648,120.90907822,1064.6346435546875
390,,24.3787648,120.90907822,1064.6346435546875
391,,24.3787648,120.90907822,1064.6346435546875
392,-3.48_3.82_-6.35_28.54_65.69_-17.23_13.13_-33.69_-23.44_0.1588_0.0713_-0.5563_-0.8126end-3.48_3.82_-6.35_18.58_49.13_-16.00_13.13_-33.69_-23.44_0.1588_0.0713_-0.5563_-0.8126end-3.48_3.82_-6.35_18.58_49.13_-16.00_15.31_-33.63_-23.44_0.1679_0.0789_-0.5523_-0.8127end-2.06_8.96_-0.97_18.58_49.13_-16.00_13.81_-33.31_-22.13_0.1679_0.0,24.3787648,120.90907822,1064.6346435546875
393,,24.3787648,120.90907822,1064.6346435546875
394,789_-0.5523_-0.8127end-1.80_8.59_-1.77_18.58_49.13_-16.00_13.81_-33.31_-22.13_0.1679_0.0789_-0.5523_-0.8127end-1.80_8.59_-1.77_-3.47_87.62_-19.81_13.81_-33.31_-22.13_0.1679_0.0789_-0.5523_-0.8127end-1.80_8.59_-1.77_-3.47_87.62_-19.81_15.31_-34.00_-22.13_0.1758_0.0865_-0.5509_-0.8113end-1.80_8.59_-1.77_7.05_78.67_-20.70_15.31_-34.00_-22.13_0.1812_0.0914_-0.5494_-0.8105end-1.63_8.80_-5.31_7.05_78.67_-20.70_15.31_-34.00_-22.13_0.1860_0.0953_-0.5479_-0.8101end-1.44_8.93_-3.87_7.05_78.67_-20.70_15.31_-34.00_-22.13_0.1860_0.0953_-0.5479_-0.8101end-1.96_9.05_-2.95_7.05_78.67_-20.70_15.31_-34.00_-22.13_0.1860_0.0953_-0.5479_-0.8101end-1.96_9.05_-2.95_7.05_78.67_-20.70_15.31_-34.00_-22.13_0.1910_0.0996_-0.5459_-0.8097end-2.39_8.70_-5.80_7.05_78.67_-20.70_15.31_-34.00_-22.13_0.1910_0.0996_-0.5459_-0.8097end-2.28_8.77_-5.90_7.05_78.67_-20.70_15.31_-34.00_-22.13_0.1910_0.0996_-0.5459_-0.8097end-2.30_8.91_-5.52_7.05_78.67_-20.70_17.50_-32.88_-22.50_0.1910_0.0996_-0.5459_-0.8097end-2.30_8.91_-5.52_7.05_78.67_-20.70_17.50_-32.88_-22.50_0.2035_0.1103_-0.5416_-0.8082end-2.30_8.91_-5.52_7.05_78.67_-20.70_17.50_-33.25_-22.06_0.2045_0.1111_-0.5411_-0.8081end-3.80_9.06_-5.00_7.05_78.67_-20.70_17.50_-33.25_-22.06_0.2054_0.1118_-0.5408_-0.8080end-3.54_9.20_-4.89_0.11_31.33_-8.28_17.50_-33.25_-22.06_0.2054_0.1118_-0.5408_-0.8080end-3.54_9.20_-4.89_0.67_30.55_-7.72_18.12_-33.19_-21.25_0.2073_0.1135_-0.5402_-0.8077end,24.3787648,120.90907822,1064.6346435546875
395,-3.54_9.20_-4.89_0.67_30.55_-7.72_18.12_-33.19_-21.25_0.2083_0.1143_-0.5399_-0.8076end-3.30_10.91_-5.00_0.67_30.55_-7.72_18.12_-33.19_-21.25_0.2083_0.1143_-0.5399_-0.8076end-3.29_11.02_-4.77_0.67_30.55_-7.72_18.12_-33.19_-21.25_0.2109_0.1168_-0.5388_-0.8072end-4.02_11.64_-4.19_0.67_30.55_-7.72_18.12_-33.19_-21.25_0.2111_0.1171_-0.5387_-0.8071end-3.75_12.12_-3.57_0.67_30.55_-7.72_18.12_-33.19_-21.25_0.2111_0.1171_-0.5387_-0.8071end-3.75_12.12_-3.57_0.67_30.55_-7.72_18.12_-33.94_-22.13_0.2111_0.1171_-0.5387_-0.8071end-3.75_12.12_-3.57_-3.69_-5.60_3.25_18.12_-33.94_-22.13_0.2106_0.1171_-0.5391_-0.8071end-4.33_13.13_-4.68_-3.69_-5.60_3.25_18.12_-33.94_-22.,24.3787648,120.90907822,1064.6346435546875
396,13_0.2106_0.1171_-0.5391_-0.8071end-2.79_13.33_-6.09_-3.69_-5.60_3.25_18.12_-33.94_-22.13_0.2106_0.1171_-0.5391_-0.8071end-3.13_13.53_-2.17_-3.69_-5.60_3.25_18.12_-33.94_-22.13_0.2106_0.1171_-0.5391_-0.8071end,24.3787648,120.90907822,1064.6346435546875
397,-3.13_13.53_-2.17_-3.69_-5.60_3.25_17.81_-32.88_-21.62_0.2057_0.1136_-0.5413_-0.8073end-2.44_13.59_1.01_-3.69_-5.60_3.25_17.81_-32.88_-21.62_0.2057_0.1136_-0.5413_-0.8073end-2.44_13.59_1.01_-3.69_-5.60_3.25_17.81_-32.88_-21.62_0.2057_0.1136_-0.5413_-0.8073end-4.24_13.32_-6.68_-3.69_-5.60_3.25_17.81_-32.88_-21.62_0.2057_0.1136_-0.5413_-0.8073end-3.41_12.58_-4.30_-3.69_-5.60_3.25_17.81_-32.88_-21.62_0.2057_0.1136_-0.5413_-0.8073end-3.41_12.58_-4.30_-3.69_-5.60_3.25_17.81_-32.88_-21.62_0.2057_0.1136_-0.5413_-0.8073end-1.65_12.63_0.50_-3.69_-5.60_3.25_17.81_-32.88_-21.62_0.2057_0.1136_-0.5413_-0.8073end-1.70_12.41_-6.87_-3.69_-5.60_3.25_17.81_-32.88_-21.62,24.3787648,120.90907822,1064.6346435546875
398,_0.1877_0.1004_-0.5504_-0.8073end-2.01_11.59_-1.38_-3.69_-5.60_3.25_17.81_-32.88_-21.62_0.1877_0.1004_-0.5504_-0.8073end-2.72_11.01_-2.09_-3.69_-5.60_3.25_17.81_-32.88_-21.62_0.1877_0.1004_-0.5504_-0.8073end,24.3787648,120.90907822,1064.6346435546875
399,-2.72_11.01_-2.09_-3.69_-5.60_3.25_16.37_-33.25_-22.56_0.1796_0.0948_-0.5543_-0.8071end-0.75_10.39_-1.84_-3.69_-5.60_3.25_16.37_-33.25_-22.56_0.1772_0.0932_-0.5555_-0.8070end-0.05_9.68_0.81_-28.87_-73.63_21.71_16.37_-33.25_-22.56_0.1772_0.0932_-0.5555_-0.8070end-0.05_9.68_0.81_-28.87_-73.63_21.71_16.37_-33.25_-22.56_0.1696_0.0876_-0.5598_-0.8064end-0.05_9.68_0.81_-28.87_-73.63_21.71_16.37_-33.25_-22.56_0.1625_0.0823_-0.5633_-0.8059end-3.30_8.94_-7.79_-17.35_-46.55_16.67_16.37_-33.25_-22.56_0.1602_0.0806_-0.5645_-0.8057end-1.46_8.95_-2.05_-17.35_-46.55_16.67_14.63_-32.63_-25.19_0.1602_0.0806_-0.5645_-0.8057end-1.46_8.95_-2.05_-24.28_-53.83_18.46_14.63_-,24.3787648,120.90907822,1064.6346435546875
400,32.63_-25.19_0.1602_0.0806_-0.5645_-0.8057end-1.46_8.95_-2.05_-24.28_-53.83_18.46_13.88_-32.69_-26.44_0.1567_0.0785_-0.5665_-0.8052end-1.46_8.95_-2.05_-21.26_-69.49_20.03_13.88_-32.69_-26.44_0.1512_0.0747_-0.5696_-0.8044end,24.3787648,120.90907822,1064.6346435546875
401,,24.3787648,120.90907822,1064.6346435546875
402,-1.46_8.95_-2.05_-27.31_-60.43_21.04_14.25_-33.00_-25.19_0.1512_0.0747_-0.5696_-0.8044end-1.46_8.95_-2.05_-27.31_-60.43_21.04_14.25_-33.00_-25.19_0.1465_0.0715_-0.5721_-0.8038end-0.16_9.08_-0.71_-27.31_-60.43_21.04_14.25_-33.00_-25.19_0.1465_0.0715_-0.5721_-0.8038end-0.16_9.08_-0.71_-27.31_-60.43_21.04_14.25_-33.00_-25.19_0.1393_0.0672_-0.5763_-0.8025end-1.46_8.25_-1.72_-27.31_-60.43_21.04_14.25_-33.00_-25.19_0.1393_0.0672_-0.5763_-0.8025end-0.13_9.38_-1.17_-27.31_-60.43_21.04_14.25_-33.00_-25.19_0.1393_0.0672_-0.5763_-0.8025end-0.51_9.53_-4.08_-27.31_-60.43_21.04_11.75_-31.62_-26.00_0.1393_0.0672_-0.5763_-0.8025end-1.52_9.31_-2.79_-32.01_-99.82_28.76_,24.3787648,120.90907822,1064.6346435546875
403,11.75_-31.62_-26.00_0.1393_0.0672_-0.5763_-0.8025end-1.52_9.31_-2.79_-31.33_-104.63_28.98_11.75_-31.62_-26.00_0.1393_0.0672_-0.5763_-0.8025end-1.52_9.31_-2.79_-31.33_-104.63_28.98_12.06_-31.31_-26.37_0.1393_0.0672_-0.5763_-0.8025end,24.3787648,120.90907822,1064.6346435546875
404,,24.3787648,120.90907822,1064.6346435546875
405,1.48_9.50_0.89_-31.33_-104.63_28.98_12.06_-31.31_-26.37_0.1393_0.0672_-0.5763_-0.8025end1.51_9.05_7.39_-31.33_-104.63_28.98_12.06_-31.31_-26.37_0.1393_0.0672_-0.5763_-0.8025end-6.00_7.64_-22.48_-31.33_-104.63_28.98_12.06_-31.31_-26.37_0.1393_0.0672_-0.5763_-0.8025end-6.00_7.64_-22.48_-31.33_-104.63_28.98_9.94_-32.44_-28.56_0.1028_0.0418_-0.5922_-0.7982end-2.66_12.43_-3.65_-31.33_-104.63_28.98_9.94_-32.44_-28.56_0.1018_0.0413_-0.5925_-0.7980end-1.91_14.02_-2.40_-31.33_-104.63_28.98_9.94_-32.44_-28.56_0.1018_0.0413_-0.5925_-0.7980end-0.25_8.25_-0.20_-31.33_-104.63_28.98_10.69_-32.44_-28.19_0.1018_0.0413_-0.5925_-0.7980end-0.25_8.25_-0.20_-31.33_-104.63_2,24.3787648,120.90907822,1064.6346435546875
406,,24.3787648,120.90907822,1064.6346435546875
407,,24.3787648,120.90907822,1064.6346435546875
408,,24.3787648,120.90907822,1064.6346435546875
409,,24.3787648,120.90907822,1064.6346435546875
410,8.98_8.50_-32.13_-28.19_0.0908_0.0334_-0.5977_-0.7959end-0.01_10.80_-4.21_-31.33_-104.63_28.98_8.50_-32.13_-28.19_0.0908_0.0334_-0.5977_-0.7959end-0.01_10.80_-4.21_-31.33_-104.63_28.98_8.50_-32.13_-28.19_0.0859_0.0301_-0.6005_-0.7944end-0.01_10.80_-4.21_-27.64_-19.70_19.02_8.50_-32.13_-28.19_0.0845_0.0297_-0.6016_-0.7938end0.57_10.47_-2.15_-27.64_-19.70_19.02_7.81_-31.44_-29.06_0.0845_0.0297_-0.6016_-0.7938end0.57_10.47_-2.15_-25.63_-4.92_18.69_7.81_-31.44_-29.06_0.0820_0.0308_-0.6044_-0.7918end0.57_10.47_-2.15_-32.79_-15.44_20.37_7.81_-31.44_-29.06_0.0820_0.0308_-0.6044_-0.7918end0.57_10.47_-2.15_-32.79_-15.44_20.37_8.19_-31.44_-29.44_0.0820_0.0308_-0.6044_-0.7918end0.17_11.05_-2.61_-32.79_-15.44_20.37_8.19_-31.44_-29.44_0.0800_0.0311_-0.6067_-0.7903end0.17_11.05_-2.61_-32.79_-15.44_20.37_8.19_-31.44_-29.44_0.0757_0.0297_-0.6105_-0.7878end0.17_11.05_-2.61_-32.79_-15.44_20.37_8.19_-31.44_-29.44_0.0757_0.0297_-0.6105_-0.7878end0.45_11.45_-1.67_-32.79_-15.44_20.37_8.19_-31.44_-29.44_0.0757_0.0297_-0.6105_-0.7878end0.54_11.41_-1.70_-32.79_-15.44_20.37_8.19_-31.44_-29.44_0.0757_0.0297_-0.6105_-0.7878end0.45_11.32_-1.52_-32.79_-15.44_20.37_8.19_-31.44_-29.44_0.0757_0.0297_-0.6105_-0.7878end0.68_11.10_-1.63_-32.79_-15.44_20.37_8.19_-31.44_-29.44_0.0757_0.0297_-0.6105_-0.7878end0.68_11.10_-1.63_-32.79_-15.44_20.37_5.62_-30.81_-30.69_0.0757_0.0297_-0.6105_-0.7878end0.68_11.08_-1.42_-32.79_-15.44_20.37_5.62_-30.81_-30.69_0.0757_0.0297_-0.6105_-0.7878end0.68_11.08_-1.42_-32.79_-15.44_20.37_5.62_-30.81_-30.69_0.0757_0.0297_-0.6105_-0.7878end0.57_11.08_-1.45_-32.79_-15.44_20.37_5.62_-30.81_-30.69_0.0757_0.0297_-0.6105_-0.7878end0.36_11.02_-1.30_-32.79_-15.44_20.37_5.62_-30.81_-30.69_0.0757_0.0297_-0.6105_-0.7878end0.36_11.02_-1.30_-32.79_-15.44_20.37_5.62_-3,24.3787648,120.90907822,1064.6346435546875
411,0.81_-30.69_0.0579_0.0250_-0.6306_-0.7736end0.17_10.65_-1.11_-32.79_-15.44_20.37_5.62_-30.81_-30.69_0.0579_0.0250_-0.6306_-0.7736end0.17_10.65_-1.11_-32.79_-15.44_20.37_5.62_-30.81_-30.69_0.0579_0.0250_-0.6306_-0.7736end,24.3787648,120.90907822,1064.6346435546875
412,0.17_10.65_-1.11_-32.79_-15.44_20.37_5.62_-30.81_-30.69_0.0538_0.0266_-0.6393_-0.7667end-0.19_9.88_-0.76_-32.79_-15.44_20.37_5.62_-30.81_-30.69_0.0538_0.0266_-0.6393_-0.7667end-0.17_9.75_-0.68_-32.79_-15.44_20.37_5.62_-30.81_-30.69_0.0519_0.0272_-0.6429_-0.7637end-0.11_9.59_-0.63_-32.79_-15.44_20.37_5.62_-30.81_-30.69_0.0519_0.0,24.3787648,120.90907822,1064.6346435546875
413,272_-0.6429_-0.7637end-0.13_9.44_-0.60_-32.79_-15.44_20.37_5.62_-30.81_-30.69_0.0519_0.0272_-0.6429_-0.7637end-0.13_9.44_-0.60_-32.79_-15.44_20.37_5.62_-30.81_-30.69_0.0519_0.0272_-0.6429_-0.7637end-0.39_9.03_-0.48_-32.79_-15.44_20.37_5.62_-30.81_-30.69_0.0484_0.0275_-0.6486_-0.7592end-0.22_9.07_-0.57_-32.79_-15.44_20.37_5.62_-30.81_-30.69_0.0484_0.0275_-0.6486_-0.7592end-0.09_9.00_-0.60_-32.79_-15.44_20.37_5.62_-30.81_-30.69_0.0484_0.0275_-0.6486_-0.7592end-0.07_9.00_-0.66_-32.79_-15.44_20.37_4.69_-27.75_-33.69_0.0484_0.0275_-0.6486_-0.7592end,24.3787648,120.90907822,1064.6346435546875
414,-0.07_9.00_-0.66_-62.44_-53.04_27.86_4.69_-27.75_-33.69_0.0339_0.0247_-0.6646_-0.7460end-0.04_8.94_-0.75_-62.44_-53.04_27.86_4.31_-27.06_-34.50_0.0339_0.0247_-0.6646_-0.7460end-0.04_8.94_-0.75_-63.23_-55.84_28.31_4.31_-27.06_-34.50_0.0339_0.0247_-0.6646_-0.7460end-0.04_8.94_-0.75_-63.23_-55.84_28.31_2.87_-27.06_-34.06_0.0314_0.0239_-0.6667_-0.7443end-0.04_8.94_-0.75_-66.47_-63.00_30.89_2.87_-27.06_-34.06_0.0314_0.0239_-0.6667_-0.7443end-0.04_8.94_-0.75_-67.59_-64.91_32.56_3.25_-26.69_-34.06_0.0314_0.0239_-0.6667_-0.7443end-0.04_8.94_-0.75_-67.59_-64.91_32.56_3.25_-26.69_-34.06_0.0176_0.0189_-0.6777_-0.7349end0.64_8.60_-0.33_-67.59_-64.91_32.56_3.25_-26.69_-34.06_0.0176_0.0189_-0.6777_-0.7349end0.21_8.69_-0.28_-67.59_-64.91_32.56_3.25_-26.69_-34.06_0.0176_0.0189_-0.6777_-0.7349end0.21_8.69_-0.28_-67.59_-64.91_32.56_3.25_-26.69_-34.06_0.0057_0.0151_-0.6868_-0.7267end,24.3787648,120.90907822,1064.6346435546875
415,,24.3787648,120.90907822,1064.6346435546875
416,,24.3787648,120.90907822,1064.6346435546875
417,0.77_8.58_-0.31_-67.59_-64.91_32.56_3.25_-26.69_-34.06_0.0057_0.0151_-0.6868_-0.7267end0.77_8.58_-0.31_-67.59_-64.91_32.56_0.75_-23.62_-36.63_0.0035_-0.0125_0.6935_0.7203end0.74_8.53_-0.24_-71.17_-57.63_38.72_0.75_-23.62_-36.63_0.0094_-0.0112_0.6980_0.7159end0.83_8.46_-0.14_-71.17_-57.63_38.72_0.75_-23.62_-36.63_0.0121_-0.0109_0.7002_0.7137end0.93_8.44_0.18_-71.17_-57.63_38.72_0.75_-23.62_-36.63_0.0121_-0.0109_0.7002_0.7137end0.93_8.44_0.18_-71.17_-57.63_38.72_0.06_-22.94_-37.88_0.0121_-0.0109_0.7002_0.7137end1.00_8.43_0.29_-71.17_-57.63_38.72_0.06_-22.94_-37.88_0.0220_-0.0107_0.7090_0.7047end1.05_8.45_0.37_-71.17_-57.63_38.72_0.06_-22.94_-37.88_0.0220,24.3787648,120.90907822,1064.6346435546875
418,_-0.0107_0.7090_0.7047end1.05_8.45_0.37_-72.63_-17.12_41.07_0.06_-22.94_-37.88_0.0280_-0.0121_0.7156_0.6978end1.04_8.36_0.62_-72.63_-17.12_41.07_-2.06_-22.31_-37.38_0.0280_-0.0121_0.7156_0.6978end,24.3787648,120.90907822,1064.6346435546875
419,,24.3787648,120.90907822,1064.6346435546875
420,,24.3787648,120.90907822,1064.6346435546875
421,1.04_8.36_0.62_-72.40_-12.98_40.85_-2.06_-22.31_-37.38_0.0297_-0.0128_0.7178_0.6955end1.04_8.36_0.62_-72.63_-9.85_41.07_-2.06_-22.31_-37.38_0.0326_-0.0149_0.7222_0.6907end1.23_7.89_0.78_-73.07_-8.73_40.85_-2.06_-22.31_-37.38_0.0341_-0.0158_0.7244_0.6884end1.23_7.89_0.78_-73.07_-8.73_40.85_-3.44_-20.62_-38.69_0.0341_-0.0158_0.7244_0.6884end1.23_7.89_0.78_-73.07_-9.62_40.96_-3.44_-20.62_-38.69_0.0389_-0.0184_0.7308_0.6812end1.57_7.42_1.10_-73.07_-9.62_40.96_-3.44_-20.62_-38.69_0.0389_-0.0184_0.7308_0.6812end1.76_7.39_1.26_-73.07_-9.62_40.96_-2.00_-19.56_-40.00_0.0389_-0.0184_0.7308_0.6812end1.76_7.39_1.26_-73.07_-9.62_40.96_-2.00_-19.56_-40.00_0.0444_-0.0205_0.7372_0.6739end1.77_7.43_1.16_-73.07_-9.62_40.96_-2.00_-19.56_-40.00_0.0444_-0.0205_0.7372_0.6739end1.87_7.46_1.18_-73.07_-9.62_40.96_-2.00_-19.56_-40.00_0.0497_-0.0225_0.7435_0.6664end,24.3787648,120.90907822,1064.6346435546875
422,,24.3787648,120.90907822,1064.6346435546875
423,,24.3787648,120.90907822,1064.6346435546875
424,,24.3787648,120.90907822,1064.6346435546875
425,,24.3787648,120.90907822,1064.6346435546875
426,1.93_7.46_1.39_-73.07_-9.62_40.96_-2.00_-19.56_-40.00_0.0497_-0.0225_0.7435_0.6664end1.93_7.46_1.39_-71.84_-10.30_38.83_-2.00_-19.56_-40.00_0.0497_-0.0225_0.7435_0.6664end1.98_7.45_1.43_-71.84_-10.30_38.83_-3.75_-18.19_-39.50_0.0497_-0.0225_0.7435_0.6664end2.31_7.12_1.47_-71.84_-10.30_38.83_-3.75_-18.19_-39.50_0.0556_-0.0260_0.7517_0.6566end2.42_6.95_1.61_-70.84_0.00_36.82_-3.75_-18.19_-39.50_0.0556_-0.0260_0.7517_0.6566end2.42_6.95_1.61_-70.84_0.00_36.82_-4.50_-16.75_-39.88_0.0588_-0.0294_0.7578_0.6491end2.42_6.95_1.61_-70.84_0.00_36.82_-4.50_-16.75_-39.88_0.0606_-0.0317_0.7618_0.6442end2.39_6.02_2.05_-70.84_0.00_36.82_-5.19_-15.44_-41.19_0.0615_-0.03,24.3787648,120.90907822,1064.6346435546875
427,30_0.7637_0.6417end2.45_5.79_2.26_-70.84_0.00_36.82_-5.19_-15.44_-41.19_0.0615_-0.0330_0.7637_0.6417end2.45_5.79_2.26_-70.84_0.00_36.82_-5.19_-15.44_-41.19_0.0624_-0.0341_0.7656_0.6393end2.39_5.09_2.19_-70.84_0.00_36.82_-5.19_-15.06_-40.75_0.0624_-0.0341_0.7656_0.6393end2.34_4.88_2.03_-70.84_0.00_36.82_-5.19_-15.06_-40.75_0.0624_-0.0341_0.7656_0.6393end2.34_4.88_2.03_-66.14_8.62_30.66_-5.19_-15.06_-40.75_0.0663_-0.0395_0.7750_0.6272end2.34_4.88_2.03_-65.80_7.83_30.55_-4.44_-14.38_-41.13_0.0663_-0.0395_0.7750_0.6272end2.34_4.88_2.03_-66.25_7.39_30.21_-4.44_-14.38_-41.13_0.0676_-0.0417_0.7786_0.6225end1.61_5.47_1.52_-66.25_7.39_30.21_-4.44_-14.38_-41.13_0.0683_-0.0428_0.7803_0.6202end1.67_5.93_1.32_-66.25_7.39_30.21_-4.44_-14.38_-41.13_0.0689_-0.0438_0.7821_0.6177end1.71_6.24_1.47_-64.01_12.31_27.86_-4.44_-14.38_-41.13_0.0689_-0.0438_0.7,24.3787648,120.90907822,1064.6346435546875
428,821_0.6177end1.71_6.24_1.47_-64.01_12.31_27.86_-4.37_-12.63_-42.00_0.0703_-0.0472_0.7874_0.6107end1.71_6.24_1.47_-64.01_12.31_27.86_-4.37_-12.63_-42.00_0.0709_-0.0497_0.7908_0.6059end1.61_7.21_1.80_-64.01_12.31_27.86_-4.37_-12.63_-42.00_0.0709_-0.0497_0.7908_0.6059end1.61_7.21_1.80_-64.01_12.31_27.86_-4.75_-11.56_-41.94_0.0708_-0.0526_0.7943_0.6011end1.61_7.21_1.80_-64.01_12.31_27.86_-4.75_-11.56_-41.94_0.0699_-0.0560_0.7975_0.5966end1.53_7.49_1.84_-64.01_12.31_27.86_-4.75_-11.56_-41.94_0.0692_-0.0579_0.7993_0.5942end1.50_7.48_1.94_-64.01_12.31_27.86_-4.75_-11.56_-41.94_0.0683_-0.0599_0.8008_0.5919end1.50_7.48_1.94_-64.01_12.31_27.86_-3.25_-10.50_-42.81_0.0683_-0.0599_0.8008_0.5919end1.43_7.41_1.93_-53.83_55.39_24.28_-3.25_-10.50_-42.81_0.0683_-0.0599_0.8008_0.5919end1.08_7.26_2.09_-53.83_55.39_24.28_-3.25_-10.50_-42.81_0.0683_-0.0599_0.8008_0.5919end1.08_7.26_2.09_-53.83_55.39_24.28_-3.62_-9.13_-41.50_0.0683_-0.0599_0.8008_0.5919end0.89_7.27_2.44_-53.83_55.39_24.28_-3.62_-9.13_-41.50_0.0605_-0.0745_0.8110_0.5771end,24.3787648,120.90907822,1064.6346435546875
429,,24.3787648,120.90907822,1064.6346435546875
430,,24.3787648,120.90907822,1064.6346435546875
431,0.70_7.37_3.21_-53.83_55.39_24.28_-3.62_-9.13_-41.50_0.0605_-0.0745_0.8110_0.5771end0.86_7.36_2.60_-53.83_55.39_24.28_-3.62_-9.13_-41.50_0.0605_-0.0745_0.8110_0.5771end0.94_7.12_2.27_-47.34_40.06_21.71_-3.62_-9.13_-41.50_0.0605_-0.0745_0.8110_0.5771end0.94_7.12_2.27_-45.66_36.37_21.60_-2.12_-8.75_-42.81_0.0605_-0.0745_0.8110_0.5771end0.94_7.12_2.27_-45.66_36.37_21.60_-2.12_-8.75_-42.81_0.0567_-0.0831_0.8171_0.5676end0.94_7.12_2.27_-45.66_36.37_21.60_-2.12_-7.31_-41.44_0.0567_-0.0831_0.8171_0.5676end0.94_7.12_2.27_-39.84_29.66_21.49_-2.12_-7.31_-41.44_0.0557_-0.0873_0.8203_0.5626end0.94_7.12_2.27_-36.59_20.37_20.93_-2.12_-7.31_-41.44_0.0553_-0.0898_0.82,24.3787648,120.90907822,1064.6346435546875
432,20_0.5596end1.63_5.25_2.84_-35.25_16.67_20.93_-1.00_-7.31_-43.25_0.0553_-0.0898_0.8220_0.5596end1.67_5.31_2.63_-33.35_13.65_20.48_-1.00_-7.31_-43.25_0.0553_-0.0898_0.8220_0.5596end,24.3787648,120.90907822,1064.6346435546875
433,1.83_5.82_2.46_-33.35_13.65_20.48_-1.00_-6.94_-42.31_0.0553_-0.0898_0.8220_0.5596end1.83_5.82_2.46_-33.35_13.65_20.48_-1.00_-6.94_-42.31_0.0557_-0.0950_0.8259_0.5529end1.89_6.26_2.65_-33.35_13.65_20.48_-0.62_-6.62_-44.13_0.0553_-0.0963_0.8266_0.5518end1.99_6.75_2.80_-33.35_13.65_20.48_-0.62_-6.62_-44.13_0.0547_-0.0975_0.8272_0.5507end1.72_7.20_2.72_-33.35_13.65_20.48_-0.31_-6.25_-43.19_0.0547_-0.0975_0.8272_0.5507end1.72_7.20_2.72_-33.35_13.65_20.48_-0.31_-6.25_-43.19_0.0529_-0.1005_0.8283_0.5486end1.27_7.71_2.58_-33.35_13.65_20.48_-0.31_-6.25_-43.19_0.0529_-0.1005_0.8283_0.5486end1.08_7.63_2.62_-33.35_13.65_20.48_-0.31_-6.25_-43.19_0.0529_-0.1005_0.82,24.3787648,120.90907822,1064.6346435546875
434,83_0.5486end1.08_7.63_2.62_-33.35_13.65_20.48_-0.31_-6.25_-43.19_0.0464_-0.1077_0.8300_0.5453end1.08_7.63_2.62_-33.35_13.65_20.48_-0.31_-6.25_-43.19_0.0424_-0.1116_0.8305_0.5440end,24.3787648,120.90907822,1064.6346435546875
435,,24.3787648,120.90907822,1064.6346435546875
436,0.92_6.88_2.05_-3.92_59.20_11.86_-0.31_-6.25_-43.19_0.0405_-0.1136_0.8307_0.5435end0.87_6.33_1.94_-3.92_59.20_11.86_-0.31_-6.25_-43.19_0.0405_-0.1136_0.8307_0.5435end1.04_6.24_2.15_-3.92_59.20_11.86_-0.31_-6.25_-43.19_0.0405_-0.1136_0.8307_0.5435end1.12_6.48_2.21_-3.92_59.20_11.86_-0.31_-6.25_-43.19_0.0363_-0.1181_0.8309_0.5425end1.12_6.48_2.21_-3.92_59.20_11.86_1.12_-5.87_-42.75_0.0352_-0.1199_0.8308_0.5424end1.38_7.10_2.27_-3.92_59.20_11.86_1.12_-5.87_-42.75_0.0352_-0.1204_0.8306_0.5425end1.79_7.62_1.97_-3.92_59.20_11.86_1.12_-5.87_-42.75_0.0352_-0.1204_0.8306_0.5425end2.09_9.79_1.88_10.52_-5.93_8.62_1.12_-5.87_-42.75_0.0352_-0.1204_0.8306_0.5425end2,24.3787648,120.90907822,1064.6346435546875
437,.09_9.79_1.88_10.52_-5.93_8.62_1.12_-5.87_-42.75_0.0369_-0.1210_0.8287_0.5452end-3.05_-17.02_-5.12_10.52_-5.93_8.62_1.12_-5.87_-42.75_0.0369_-0.1210_0.8287_0.5452end,24.3787648,120.90907822,1064.6346435546875
438,,24.3787648,120.90907822,1064.6346435546875
439,,24.3787648,120.90907822,1064.6346435546875
440,,24.3787648,120.90907822,1064.6346435546875
441,,24.3787648,120.90907822,1064.6346435546875
442,,24.3787648,120.90907822,1064.6346435546875
443,3.92_16.12_2.04_-0.45_69.16_3.69_1.12_-5.87_-42.75_0.0369_-0.1210_0.8287_0.5452end3.92_16.12_2.04_-0.45_69.16_3.69_1.12_-5.87_-42.75_0.0333_-0.1241_0.8281_0.5457end-0.96_7.46_2.54_-0.45_69.16_3.69_1.12_-5.87_-42.75_0.0333_-0.1241_0.8281_0.5457end-0.96_7.46_2.54_11.64_85.61_-2.80_1.12_-5.87_-42.75_0.0333_-0.1241_0.8281_0.5457end-0.96_7.46_2.54_11.64_85.61_-2.80_2.19_-6.56_-44.13_0.0333_-0.1241_0.8281_0.5457end3.86_12.13_9.30_11.64_85.61_-2.80_2.19_-6.56_-44.13_0.0176_-0.1338_0.8273_0.5452end0.50_6.52_11.42_31.00_-98.25_4.81_2.19_-6.56_-44.13_0.0176_-0.1338_0.8273_0.5452end0.50_6.52_11.42_31.00_-98.25_4.81_2.19_-6.56_-44.13_0.0305_-0.1257_0.8244_0.5510en,24.3787648,120.90907822,1064.6346435546875
444,d1.47_9.86_12.07_31.00_-98.25_4.81_2.19_-6.56_-44.13_0.0336_-0.1234_0.8239_0.5522end4.57_7.34_-1.92_31.00_-98.25_4.81_2.19_-6.56_-44.13_0.0336_-0.1234_0.8239_0.5522end4.99_9.75_3.61_31.00_-98.25_4.81_2.19_-6.56_-44.13_0.0336_-0.1234_0.8239_0.5522end3.04_7.84_6.51_31.00_-98.25_4.81_2.19_-8.00_-43.25_0.0336_-0.1234_0.8239_0.5522end4.08_8.47_4.46_31.00_-98.25_4.81_2.19_-8.00_-43.25_0.0358_-0.1207_0.8223_0.5549end3.32_8.08_0.58_31.00_-98.25_4.81_1.50_-6.62_-44.50_0.0358_-0.1207_0.8223_0.5549end3.32_8.08_0.58_21.93_14.32_-1.01_1.50_-6.62_-44.50_0.0345_-0.1210_0.8208_0.5572end2.00_8.31_1.77_21.93_14.32_-1.01_1.12_-6.94_-44.13_0.0336_-0.1215_0.8202_0.5580end1.57_8.85_4.79_21.93_14.32_-1.01_1.12_-6.94_-44.13_0.0336_-0.1215_0.8202_0.5580end1.57_8.85_4.79_21.93_14.32_-1.01_1.44_-8.38_-43.69_0.0336_-0.1215_0.8202_0.5580end1.49_8.76_4.06_21.93_14.32_-1.01_1.44_-8.38_-43.69_0.0336_-0.1215_0.8202_0.5580end1.49_8.76_4.06_21.93_14.32_-1.01_1.44_-6.94_-42.75_0.0336_-0.1215_0.8202_0.5580end,24.3787648,120.90907822,1064.6346435546875
445,1.44_8.53_4.73_21.93_14.32_-1.01_1.44_-6.94_-42.75_0.0336_-0.1215_0.8202_0.5580end1.44_8.53_4.73_21.93_14.32_-1.01_1.44_-6.94_-42.75_0.0350_-0.1194_0.8163_0.5640end1.44_8.53_4.73_21.93_14.32_-1.01_1.81_-8.69_-42.81_0.0380_-0.1169_0.8154_0.5657end2.55_8.48_2.85_21.93_14.32_-1.01_1.81_-8.69_-42.81_0.0393_-0.1158_0.8149_0.5666end2.95_8.57_3.23_21.93_14.32_-1.01_1.81_-8.69_-42.81_0.0393_-0.1158_0.8149_0.5666end2.95_8.57_3.23_21.93_14.32_-1.01_1.06_-9.06_-42.81_0.0393_-0.1158_0.8149_0.5666end2.95_8.57_3.23_22.83_-14.10_-3.47_1.06_-9.06_-42.81_0.0393_-0.1158_0.8149_0.5666end3.31_8.64_5.07_22.83_-14.10_-3.47_1.06_-9.06_-42.81_0.0393_-0.1158_0.8149_0.5666end3.16_8.74_5.53_22.83_-14.10_-3.47_1.06_-9.06_-42.81_0.0393_-0.1158_0.8149_0.5666end3.17_8.61_5.50_22.83_-14.10_-3.47_1.06_-9.06_-42.81_0.0393_-0.1158_0.8149_0.5666end,24.3787648,120.90907822,1064.6346435546875
446,,24.3787648,120.90907822,1064.6346435546875
447,3.17_8.61_5.50_22.83_-14.10_-3.47_1.06_-9.06_-42.81_0.0414_-0.1126_0.8104_0.5734end3.03_8.51_5.13_22.83_-14.10_-3.47_1.06_-9.06_-42.81_0.0414_-0.1126_0.8104_0.5734end2.98_8.55_5.02_22.83_-14.10_-3.47_1.06_-9.06_-42.81_0.0414_-0.1126_0.8104_0.5734end2.98_8.55_5.02_24.62_-4.59_-5.82_1.06_-9.06_-42.81_0.0414_-0.1126_0.8104_0.5734end3.03_8.57_5.10_24.62_-4.59_-5.82_1.06_-9.06_-42.81_0.0403_-0.1113_0.8069_0.5787end3.27_8.60_5.31_24.62_-4.59_-5.82_1.06_-9.06_-42.81_0.0403_-0.1113_0.8069_0.5787end3.38_8.61_5.25_26.41_-20.81_-7.95_1.06_-9.06_-42.81_0.0403_-0.1113_0.8069_0.5787end3.38_8.61_5.25_26.41_-20.81_-7.95_-1.06_-9.44_-42.38_0.0415_-0.1092_0.8049_0.5818e,24.3787648,120.90907822,1064.6346435546875
448,nd3.38_8.61_5.25_27.19_-9.74_-9.74_-1.06_-9.44_-42.38_0.0417_-0.1085_0.8043_0.5828end3.38_8.61_5.25_27.19_-9.74_-9.74_-0.06_-9.75_-41.94_0.0418_-0.1079_0.8036_0.5838end,24.3787648,120.90907822,1064.6346435546875
449,,24.3787648,120.90907822,1064.6346435546875
450,3.38_8.61_5.25_28.42_4.25_-10.07_-0.06_-9.75_-41.94_0.0412_-0.1072_0.8022_0.5859end3.38_8.61_5.25_28.87_12.20_-10.52_-0.69_-10.44_-42.44_0.0412_-0.1072_0.8022_0.5859end3.38_8.61_5.25_29.54_25.74_-10.18_-0.69_-10.44_-42.44_0.0412_-0.1072_0.8022_0.5859end3.38_8.61_5.25_29.54_25.74_-10.18_-0.69_-10.44_-42.44_0.0370_-0.1079_0.7996_0.5897end3.06_8.42_4.66_29.54_25.74_-10.18_-0.69_-10.44_-42.44_0.0356_-0.1085_0.7989_0.5905end3.25_8.30_4.80_29.54_35.25_-10.85_-0.69_-10.44_-42.44_0.0356_-0.1085_0.7989_0.5905end2.70_8.47_4.59_29.77_36.59_-11.75_-0.69_-10.44_-42.44_0.0356_-0.1085_0.7989_0.5905end2.70_8.47_4.59_29.54_31.33_-12.42_-0.69_-10.44_-42.44_0.0306_-0.1103_0.7969_0.5931end1.87_8.32_2.56_29.54_31.33_-12.42_-0.69_-10.44_-42.44_0.0306_-0.1103_0.7969_0.5931end2.48_8.24_3.00_32.12_25.51_-14.66_-0.69_-10.44_-42.44_0.0306_-0.1103_0.7969_0.5931end,24.3787648,120.90907822,1064.6346435546875
451,,24.3787648,120.90907822,1064.6346435546875
452,2.48_8.24_3.00_32.12_25.51_-14.66_0.62_-12.19_-42.88_0.0247_-0.1116_0.7941_0.5969end2.48_8.24_3.00_32.12_25.51_-14.66_0.62_-12.19_-42.88_0.0217_-0.1119_0.7925_0.5991end3.05_8.36_3.31_32.12_25.51_-14.66_1.37_-12.13_-41.13_0.0217_-0.1119_0.7925_0.5991end1.66_8.26_3.68_32.12_25.51_-14.66_1.37_-12.13_-41.13_0.0186_-0.1122_0.7907_0.6015end1.34_8.21_4.09_32.12_25.51_-14.66_1.00_-12.19_-43.38_0.0186_-0.1122_0.7907_0.6015end1.34_8.21_4.09_32.12_25.51_-14.66_1.00_-12.19_-43.38_0.0154_-0.1130_0.7889_0.6038end-0.46_8.39_3.57_32.12_25.51_-14.66_1.00_-12.19_-43.38_0.0110_-0.1149_0.7872_0.6058end-1.23_8.63_3.49_32.12_25.51_-14.66_1.00_-12.19_-43.38_0.0084_-0.1162_0.7864_0.6067end-2.14_8.52_2.96_32.12_25.51_-14.66_1.00_-12.19_-43.38_0.0084_-0.1162_0.7864_0.6067end-2.14_8.52_2.96_36.93_56.74_-10.63_2.44_-12.88_-41.63_0.0084_-0.1162_0.7864_0.6067end,24.3787648,120.90907822,1064.6346435546875
453,,24.3787648,120.90907822,1064.6346435546875
454,-2.14_8.52_2.96_37.60_39.61_-8.95_3.56_-13.19_-42.94_0.0084_-0.1162_0.7864_0.6067end-2.39_9.09_2.70_37.60_39.61_-8.95_3.56_-13.19_-42.94_0.0002_0.1203_-0.7828_-0.6106end-2.20_9.23_2.69_40.29_-26.63_-5.60_3.56_-13.19_-42.94_0.0002_0.1203_-0.7828_-0.6106end-2.20_9.23_2.69_40.29_-26.63_-5.60_3.56_-13.19_-42.94_0.0002_-0.1185_0.7797_0.6148end-2.20_9.23_2.69_39.95_-56.62_-6.04_3.56_-13.19_-42.94_0.0002_-0.1185_0.7797_0.6148end-2.20_9.23_2.69_39.95_-56.62_-6.04_3.56_-13.19_-42.94_0.0002_-0.1185_0.7797_0.6148end1.63_8.82_0.80_39.95_-56.62_-6.04_3.56_-13.19_-42.94_0.0002_-0.1185_0.7797_0.6148end1.63_8.82_0.80_39.95_-56.62_-6.04_3.56_-13.19_-42.94_0.0122_-0.1061_0.7739_0.6243end2.57_8.65_-0.37_39.95_-56.62_-6.04_3.56_-13.19_-42.94_0.0140_-0.1042_0.7729_0.6257end3.16_8.86_-0.77_39.95_-56.62_-6.04_3.56_-13.19_-42.94_0.0140_-0.1042_0.7729_0.6257end,24.3787648,120.90907822,1064.6346435546875
455,,24.3787648,120.90907822,1064.6346435546875
456,,24.3787648,120.90907822,1064.6346435546875
457,,24.3787648,120.90907822,1064.6346435546875
458,3.13_8.80_-0.62_39.95_-56.62_-6.04_1.31_-15.00_-40.75_0.0140_-0.1042_0.7729_0.6257end2.99_8.81_-0.31_39.95_-56.62_-6.04_1.31_-15.00_-40.75_0.0163_-0.1010_0.7700_0.6298end2.99_8.81_-0.31_39.95_-56.62_-6.04_0.56_-15.31_-40.75_0.0161_-0.1003_0.7681_0.6321end2.61_8.93_-0.02_39.95_-56.62_-6.04_0.56_-15.31_-40.75_0.0157_-0.1002_0.7673_0.6332end2.27_9.02_-0.16_39.95_-56.62_-6.04_0.56_-15.31_-40.75_0.0157_-0.1002_0.7673_0.6332end2.19_8.97_-0.43_39.95_-56.62_-6.04_0.94_-14.63_-41.63_0.0157_-0.1002_0.7673_0.6332end2.14_8.97_-0.62_32.12_0.22_-8.95_0.94_-14.63_-41.63_0.0157_-0.1002_0.7673_0.6332end2.24_9.11_-1.03_32.12_0.22_-8.95_0.94_-14.63_-41.63_0.0140_-0.0988_,24.3787648,120.90907822,1064.6346435546875
459,0.7631_0.6385end2.38_9.04_-1.12_32.12_0.22_-8.95_0.94_-14.63_-41.63_0.0140_-0.0988_0.7631_0.6385end2.38_9.04_-1.12_32.12_0.22_-8.95_0.94_-14.63_-41.63_0.0140_-0.0981_0.7623_0.6396end2.38_9.04_-1.12_32.12_0.22_-8.95_1.62_-16.37_-39.94_0.0140_-0.0981_0.7623_0.6396end2.38_9.04_-1.12_32.12_0.22_-8.95_0.94_-16.37_-41.19_0.0146_-0.0956_0.7601_0.6426end2.38_9.04_-1.12_22.60_-28.98_-10.85_0.94_-16.37_-41.19_0.0146_-0.0956_0.7601_0.6426end2.38_9.04_-1.12_22.60_-28.98_-10.85_1.31_-15.69_-40.81_0.0154_-0.0936_0.7588_0.6444end2.38_9.04_-1.12_17.12_-36.48_-12.31_1.31_-15.69_-40.81_0.0169_-0.0909_0.7577_0.6460end2.38_9.04_-1.12_15.11_-36.26_-13.32_1.31_-15.69_-40.81_0.0169_-0.0909_0.7577_0.6460end2.38_9.04_-1.12_15.11_-36.26_-13.32_0.94_-16.69_-40.38_0.0169_-0.0909_0.7577_0.6460end3.66_9.19_-5.57_15.11_-36.26_-13.32_0.94_-16.69_-40.38_0.0169_-0.0909_0.7577_0.6460end3.66_9.19_-5.57_18.02_36.15_-15.00_0.94_-16.69_-40.38_0.0169_-0.0909_0.7577_0.6460end1.74_9.35_-2.46_18.02_36.15_-15.00_0.94_-16.69_-40.38_0.0169_-0.0909_0.7577_0.6460end,24.3787648,120.90907822,1064.6346435546875
460,,24.3787648,120.90907822,1064.6346435546875
461,,24.3787648,120.90907822,1064.6346435546875
462,0.90_9.38_-2.02_17.01_74.86_-9.29_0.94_-16.69_-40.38_0.0169_-0.0909_0.7577_0.6460end-0.09_9.33_-1.70_17.01_74.86_-9.29_0.94_-16.69_-40.38_0.0169_-0.0909_0.7577_0.6460end-0.32_9.35_-1.51_17.01_74.86_-9.29_0.94_-16.69_-40.38_0.0169_-0.0909_0.7577_0.6460end-0.70_9.29_-1.80_17.01_74.86_-9.29_0.94_-16.69_-40.38_0.0169_-0.0909_0.7577_0.6460end-0.70_9.29_-1.80_17.01_74.86_-9.29_0.94_-16.69_-40.38_0.0029_0.0988_-0.7532_-0.6503end0.32_9.79_-1.73_17.01_74.86_-9.29_0.94_-16.69_-40.38_0.0029_0.0988_-0.7532_-0.6503end0.32_9.79_-1.73_17.01_74.86_-9.29_0.94_-16.69_-40.38_0.0124_0.1048_-0.7524_-0.6503end0.32_9.79_-1.73_17.01_74.86_-9.29_0.94_-16.69_-40.38_0.0146_0.1063_-0.7521_-0.6503end-0.44_9.47_0.40_17.01_74.86_-9.29_0.94_-16.69_-40.38_0.0146_0.1063_-0.7521_-0.6503end-0.44_9.47_0.40_17.01_74.86_-9.29_0.94_-16.69_-40.38_0.0198_0.1093_-0.7514_-0.6505end,24.3787648,120.90907822,1064.6346435546875
463,,24.3787648,120.90907822,1064.6346435546875
464,-0.73_9.53_0.66_17.01_74.86_-9.29_0.94_-16.69_-40.38_0.0198_0.1093_-0.7514_-0.6505end-0.34_9.49_0.60_17.01_74.86_-9.29_0.94_-16.69_-40.38_0.0198_0.1093_-0.7514_-0.6505end-0.34_9.49_0.60_3.69_-26.41_-8.39_0.94_-16.69_-40.38_0.0198_0.1093_-0.7514_-0.6505end0.32_9.38_0.46_3.69_-26.41_-8.39_0.94_-16.69_-40.38_0.0198_0.1093_-0.7514_-0.6505end1.19_9.41_0.32_3.69_-26.41_-8.39_0.94_-16.69_-40.38_0.0198_0.1093_-0.7514_-0.6505end1.86_9.45_0.27_3.69_-26.41_-8.39_0.94_-16.69_-40.38_0.0198_0.1093_-0.7514_-0.6505end1.86_9.45_0.27_3.69_-26.41_-8.39_0.94_-16.69_-40.38_0.0173_0.1025_-0.7506_-0.6525end3.09_9.34_0.29_3.69_-26.41_-8.39_0.94_-16.69_-40.38_0.0173_0.1025_-0.7506_-0.6525end3.05_9.32_0.56_3.69_-26.41_-8.39_0.94_-16.69_-40.38_0.0173_0.1025_-0.7506_-0.6525end2.61_9.36_0.97_3.69_-26.41_-8.39_0.94_-16.69_-40.38_0.0173_0.1025_-0.7506_-0.6525end,24.3787648,120.90907822,1064.6346435546875
465,,24.3787648,120.90907822,1064.6346435546875
466,,24.3787648,120.90907822,1064.6346435546875
467,2.61_9.36_0.97_3.69_-26.41_-8.39_4.50_-17.69_-40.88_0.0173_0.1025_-0.7506_-0.6525end1.57_9.40_1.53_3.69_-26.41_-8.39_4.50_-17.62_-37.81_0.0173_0.1025_-0.7506_-0.6525end1.13_9.38_1.89_3.69_-26.41_-8.39_4.50_-17.62_-37.81_0.0173_0.1025_-0.7506_-0.6525end1.09_9.44_1.88_3.69_-26.41_-8.39_4.87_-17.62_-38.69_0.0173_0.1025_-0.7506_-0.6525end1.09_9.44_1.88_3.69_-26.41_-8.39_4.87_-17.62_-38.69_0.0279_0.1064_-0.7490_-0.6534end1.09_9.44_1.88_3.69_-26.41_-8.39_4.87_-17.62_-38.69_0.0292_0.1069_-0.7488_-0.6535end0.86_9.41_1.86_3.69_-26.41_-8.39_4.87_-17.62_-38.69_0.0304_0.1073_-0.7486_-0.6536end0.74_9.44_1.86_4.59_12.65_-9.96_4.87_-17.62_-38.69_0.0304_0.1073_-0.7486_-0.6536end0.74_9.44_1.86_4.81_3.02_-10.07_5.62_-18.69_-39.56_0.0304_0.1073_-0.7486_-0.6536end0.74_9.44_1.86_5.15_-1.12_-10.30_5.62_-18.69_-39.56_0.0331_0.1073_-0.7479_-0.6542end,24.3787648,120.90907822,1064.6346435546875
468,,24.3787648,120.90907822,1064.6346435546875
469,,24.3787648,120.90907822,1064.6346435546875
470,0.57_9.47_1.57_5.15_-1.12_-10.30_5.62_-18.69_-39.56_0.0334_0.1070_-0.7478_-0.6544end0.65_9.46_1.39_5.15_-1.12_-10.30_5.62_-18.69_-39.56_0.0337_0.1060_-0.7476_-0.6548end0.65_9.46_1.39_4.03_-8.73_-11.53_5.62_-18.00_-40.00_0.0337_0.1060_-0.7476_-0.6548end1.25_9.40_0.99_4.03_-8.73_-11.53_5.62_-18.00_-40.00_0.0338_0.1048_-0.7474_-0.6552end1.25_9.40_0.99_4.03_-8.73_-11.53_5.62_-18.00_-40.00_0.0340_0.1042_-0.7473_-0.6553end1.25_9.40_0.99_4.03_-8.73_-11.53_5.62_-18.00_-40.00_0.0340_0.1042_-0.7473_-0.6553end1.78_9.36_0.77_4.03_-8.73_-11.53_5.62_-18.00_-40.00_0.0340_0.1042_-0.7473_-0.6553end1.62_9.36_0.77_4.03_-8.73_-11.53_5.62_-18.00_-40.00_0.0375_0.1040_-0.7467_-0.6559end1.28_9.36_0.91_4.03_-8.73_-11.53_5.62_-18.00_-40.00_0.0389_0.1046_-0.7465_-0.6560end1.07_9.33_0.87_4.03_-8.73_-11.53_5.62_-18.00_-40.00_0.0389_0.1046_-0.7465_-0.6560end,24.3787648,120.90907822,1064.6346435546875
471,,24.3787648,120.90907822,1064.6346435546875
472,,24.3787648,120.90907822,1064.6346435546875
473,,24.3787648,120.90907822,1064.6346435546875
474,,24.3787648,120.90907822,1064.6346435546875
475,0.96_9.38_0.95_4.03_-8.73_-11.53_5.62_-18.00_-40.00_0.0389_0.1046_-0.7465_-0.6560end0.96_9.38_0.95_4.03_-8.73_-11.53_5.62_-18.00_-40.00_0.0444_0.1074_-0.7455_-0.6562end0.29_9.47_1.75_4.03_-8.73_-11.53_5.62_-18.00_-40.00_0.0444_0.1074_-0.7455_-0.6562end0.29_9.47_1.75_4.03_-8.73_-11.53_5.62_-18.00_-40.00_0.0444_0.1074_-0.7455_-0.6562end-0.01_9.47_2.07_4.03_-8.73_-11.53_5.62_-18.00_-40.00_0.0444_0.1074_-0.7455_-0.6562end-0.01_9.47_2.07_4.03_-8.73_-11.53_5.62_-18.00_-40.00_0.0444_0.1074_-0.7455_-0.6562end-0.07_9.50_2.05_4.03_-8.73_-11.53_5.62_-18.00_-40.00_0.0444_0.1074_-0.7455_-0.6562end-0.07_9.50_2.05_4.03_-8.73_-11.53_8.06_-18.31_-39.63_0.0624_0.1170_-0.7430_-0.6560end-0.53_9.49_1.20_4.03_-8.73_-11.53_8.06_-18.31_-39.63_0.0640_0.1178_-0.7428_-0.6560end-0.59_9.46_1.02_4.03_-8.73_-11.53_8.06_-18.31_-39.63_0.0656_0.1186_-0.7426_-0.6559end,24.3787648,120.90907822,1064.6346435546875
476,-0.59_9.46_1.02_4.03_-8.73_-11.53_8.06_-18.31_-39.63_0.0656_0.1186_-0.7426_-0.6559end-0.59_9.46_1.02_4.03_-8.73_-11.53_8.06_-18.31_-39.63_0.0701_0.1208_-0.7418_-0.6559end-0.61_9.45_0.91_4.03_-8.73_-11.53_8.06_-18.31_-39.63_0.0701_0.1208_-0.7418_-0.6559end-0.61_9.45_0.91_4.81_32.79_-8.73_8.06_-18.31_-39.63_0.0701_0.1208_-0.7418_-0.6559end-0.61_9.45_0.91_4.81_32.79_-8.73_8.81_-17.56_-38.69_0.0729_0.1223_-0.7413_-0.6559end-0.61_9.45_0.91_4.81_32.79_-8.73_9.50_-19.00_-38.75_0.0754_0.1235_-0.7409_-0.6559end-0.61_9.45_0.91_4.81_32.79_-8.73_9.50_-19.00_-38.75_0.0768_0.1243_-0.7406_-0.6559end-0.25_9.47_0.75_4.81_32.79_-8.73_9.50_-19.00_-38.75_0.0768_0.1243_-0.7406_-0.6559end-0.25_9.47_0.75_4.81_32.79_-8.73_9.88_-18.94_-37.88_0.0823_0.1275_-0.7395_-0.6558end-0.06_9.46_0.73_4.81_32.79_-8.73_9.88_-18.94_-37.88_0.0837_0.1285_-0.7393_-0.6558end,24.3787648,120.90907822,1064.6346435546875
477,0.02_9.41_0.82_4.81_32.79_-8.73_9.88_-18.94_-37.88_0.0837_0.1285_-0.7393_-0.6558end-0.03_9.45_0.95_4.81_32.79_-8.73_9.88_-18.94_-37.88_0.0881_0.1312_-0.7385_-0.6555end0.13_9.48_1.18_4.81_32.79_-8.73_9.88_-18.94_-37.88_0.0893_0.1320_-0.7382_-0.6555end0.11_9.45_1.29_3.02_27.19_-5.60_9.88_-18.94_-37.88_0.0893_0.1320_-0.7382_-0.6555,24.3787648,120.90907822,1064.6346435546875
478,end0.11_9.45_1.29_3.02_27.19_-5.60_9.88_-18.94_-37.88_0.0914_0.1332_-0.7378_-0.6554end0.53_9.53_1.39_3.02_27.19_-5.60_9.88_-18.94_-37.88_0.0922_0.1335_-0.7377_-0.6554end0.64_9.49_1.55_2.35_5.71_-5.60_9.88_-18.94_-37.88_0.0922_0.1335_-0.7377_-0.6554end0.78_9.48_1.47_2.35_1.90_-5.60_9.88_-18.94_-37.88_0.0922_0.1335_-0.7377_-0.6554end0.78_9.48_1.47_2.35_1.90_-5.60_9.88_-18.94_-37.88_0.0937_0.1333_-0.7372_-0.6558end0.91_9.45_1.49_2.35_1.90_-5.60_9.88_-18.94_-37.88_0.0937_0.1333_-0.7372_-0.6558end,24.3787648,120.90907822,1064.6346435546875
479,0.90_9.47_1.53_3.02_-1.90_-6.04_9.88_-18.94_-37.88_0.0937_0.1333_-0.7372_-0.6558end0.90_9.47_1.53_3.36_-0.78_-6.27_11.31_-19.25_-37.88_0.0937_0.1333_-0.7372_-0.6558end0.90_9.47_1.53_3.13_1.12_-6.38_11.31_-19.25_-37.88_0.0945_0.1321_-0.7368_-0.6563end0.81_9.49_1.64_3.13_1.12_-6.38_11.31_-19.25_-37.88_0.0948_0.1320_-0.7367_-0.6564end0.75_9.48_1.64_3.13_1.12_-6.38_11.69_-18.19_-37.88_0.0948_0.1320_-0.7367_-0.6564end0.74_9.49_1.62_3.36_1.34_-6.60_11.69_-18.19_-37.88_0.0948_0.1320_-0.7367_-0.6564end0.74_9.49_1.62_3.36_1.34_-6.60_11.00_-18.25_-38.25_0.0956_0.1314_-0.7364_-0.6567end0.74_9.49_1.62_3.36_1.34_-6.60_11.00_-18.25_-38.25_0.0961_0.1310_-0.7362_-0.65,24.3787648,120.90907822,1064.6346435546875
480,,24.3787648,120.90907822,1064.6346435546875
481,70end0.70_9.46_1.49_3.36_1.34_-6.60_10.94_-18.94_-37.00_0.0961_0.1310_-0.7362_-0.6570end0.72_9.46_1.55_3.25_-7.39_-7.83_10.94_-18.94_-37.00_0.0961_0.1310_-0.7362_-0.6570end,24.3787648,120.90907822,1064.6346435546875
482,0.72_9.51_1.60_3.25_-7.39_-7.83_10.94_-18.94_-37.00_0.0961_0.1310_-0.7362_-0.6570end0.83_9.46_1.82_4.25_-16.45_-8.28_10.94_-18.94_-37.00_0.0961_0.1292_-0.7360_-0.6575end0.83_9.46_1.82_4.25_-16.45_-8.28_10.94_-18.94_-37.00_0.0955_0.1277_-0.7360_-0.6580end1.29_9.50_1.88_4.25_-16.45_-8.28_10.94_-18.94_-37.00_0.0953_0.1270_-0.7359_-0.6583end1.29_9.50_1.88_5.71_-15.89_-9.06_10.94_-18.94_-37.00_0.0953_0.1270_-0.7359_-0.6583end1.43_9.47_1.84_5.71_-15.89_-9.06_10.94_-18.94_-37.00_0.0947_0.1247_-0.7357_-0.6590end1.66_9.46_2.04_5.71_-15.89_-9.06_11.00_-18.94_-38.75_0.0945_0.1240_-0.7355_-0.6593end1.64_9.46_1.92_5.71_-15.89_-9.06_11.00_-18.94_-38.75_0.0945_0.1240_-0.7355_-0.6593end1.81_9.46_1.91_5.71_-15.89_-9.06_11.00_-18.94_-38.75_0.0945_0.1240_-0.7355_-0.6593end1.73_9.44_1.98_5.71_-15.89_-9.06_11.31_-19.25_-37.88_0.0947_0.1221_-0.7352_-0.6601end,24.3787648,120.90907822,1064.6346435546875
483,,24.3787648,120.90907822,1064.6346435546875
484,1.70_9.41_1.92_7.50_-1.68_-11.64_11.31_-19.25_-37.88_0.0947_0.1221_-0.7352_-0.6601end1.46_9.45_1.95_7.50_-1.68_-11.64_11.31_-19.25_-37.88_0.0947_0.1221_-0.7352_-0.6601end1.37_9.46_1.91_7.95_5.04_-12.98_11.31_-19.25_-37.88_0.0947_0.1221_-0.7352_-0.6601end0.97_9.45_1.94_7.95_5.04_-12.98_11.31_-19.25_-37.88_0.0947_0.1221_-0.7352_-0.6601end0.97_9.45_1.94_8.50_10.41_-13.54_11.31_-19.25_-37.88_0.0984_0.1201_-0.7337_-0.6615end0.61_9.45_1.93_8.50_10.41_-13.54_11.31_-19.25_-37.88_0.0984_0.1201_-0.7337_-0.6615end0.43_9.45_1.93_8.50_10.41_-13.54_11.31_-19.25_-37.88_0.1001_0.1199_-0.7332_-0.6619end0.43_9.45_1.93_8.50_10.41_-13.54_11.31_-19.25_-37.88_0.1020_0.1199_,24.3787648,120.90907822,1064.6346435546875
485,-0.7325_-0.6622end0.43_9.45_1.93_8.50_10.41_-13.54_11.00_-18.56_-37.88_0.1020_0.1199_-0.7325_-0.6622end0.43_9.45_1.93_8.50_10.41_-13.54_11.00_-18.56_-37.88_0.1030_0.1199_-0.7323_-0.6624end,24.3787648,120.90907822,1064.6346435546875
486,,24.3787648,120.90907822,1064.6346435546875
487,,24.3787648,120.90907822,1064.6346435546875
488,-0.54_9.45_1.79_8.50_10.41_-13.54_11.00_-18.56_-37.88_0.1030_0.1199_-0.7323_-0.6624end-0.54_9.45_1.79_9.96_13.20_-13.09_11.00_-18.56_-37.88_0.1058_0.1199_-0.7313_-0.6630end-0.54_9.45_1.79_9.96_13.20_-13.09_11.00_-18.56_-37.88_0.1075_0.1199_-0.7307_-0.6635end-0.66_9.45_1.50_9.96_13.20_-13.09_11.31_-18.94_-37.38_0.1075_0.1199_-0.7307_-0.6635end-0.69_9.39_1.43_10.30_9.74_-12.76_11.31_-18.94_-37.38_0.1075_0.1199_-0.7307_-0.6635end-0.64_9.44_1.34_10.07_8.17_-12.42_12.37_-19.25_-37.00_0.1075_0.1199_-0.7307_-0.6635end-0.64_9.44_1.34_10.41_6.60_-12.20_12.37_-19.25_-37.00_0.1104_0.1193_-0.7295_-0.6644end-0.59_9.44_1.33_10.41_6.60_-12.20_12.37_-19.25_-37.00_0.11,24.3787648,120.90907822,1064.6346435546875
489,,24.3787648,120.90907822,1064.6346435546875
490,,24.3787648,120.90907822,1064.6346435546875
491,04_0.1193_-0.7295_-0.6644end-0.42_9.46_1.36_10.41_6.60_-12.20_12.69_-18.87_-36.13_0.1104_0.1193_-0.7295_-0.6644end-0.42_9.46_1.36_10.41_6.60_-12.20_12.37_-18.87_-37.38_0.1129_0.1177_-0.7281_-0.6658end-0.34_9.46_1.43_10.41_6.60_-12.20_12.37_-18.87_-37.38_0.1133_0.1172_-0.7278_-0.6661end-0.26_9.42_1.50_10.41_6.60_-12.20_12.37_-18.87_-37.38_0.1133_0.1172_-0.7278_-0.6661end-0.13_9.49_1.64_10.41_6.60_-12.20_12.37_-18.87_-37.38_0.1133_0.1172_-0.7278_-0.6661end-0.03_9.45_1.73_10.41_6.60_-12.20_12.37_-18.87_-37.38_0.1133_0.1172_-0.7278_-0.6661end0.19_9.49_1.92_10.41_6.60_-12.20_12.37_-18.87_-37.38_0.1133_0.1172_-0.7278_-0.6661end0.14_9.45_1.95_10.41_6.60_-12.20_12.69_-18.87_-36.56_0.1133_0.1172_-0.7278_-0.6661end0.13_9.43_2.05_10.41_6.60_-12.20_12.69_-18.87_-36.56_0.1174_0.1149_-0.7252_-0.6687end-0.06_9.41_2.03_10.41_6.60_-12.20_12.75_-18.94_-38.25_0.1174_0.1149_-0.7252_-0.6687end-0.14_9.45_2.11_15.11_23.61_-11.86_12.69_-19.62_-38.31_0.1174_0.1149_-0.7252_-0.6687end-0.14_9.45_2.11_15.11_23.61_-11.86_13.44_-19.25_-37.00_0.1204_0.1152_-0.7238_-0.6696end-0.14_9.45_2.11_16.11_29.54_-11.75_13.44_-19.25_-37.00_0.1229_0.1160_-0.7227_-0.6702end-0.59_9.42_2.28_16.11_29.54_-11.75_13.44_-19.25_-37.00_0.1243_0.1164_-0.7221_-0.6705end-0.80_9.46_2.47_16.11_29.54_-11.75_13.44_-19.25_-37.00_0.1243_0.1164_-0.7221_-0.6705end-0.85_9.44_2.48_16.11_29.54_-11.75_13.44_-19.25_-37.00_0.1272_0.1174_,24.3787648,120.90907822,1064.6346435546875
492,-0.7209_-0.6711end-0.85_9.44_2.48_16.11_29.54_-11.75_13.44_-19.25_-37.00_0.1287_0.1180_-0.7202_-0.6714end-1.02_9.45_2.67_16.11_29.54_-11.75_13.44_-19.25_-37.00_0.1287_0.1180_-0.7202_-0.6714end-1.29_9.44_2.93_16.11_29.54_-11.75_13.44_-19.25_-37.00_0.1287_0.1180_-0.7202_-0.6714end-1.34_9.44_3.02_20.48_29.77_-10.30_13.44_-19.25_-37.00_0.1287_0.1180_-0.7202_-0.6714end-1.38_9.43_3.05_21.26_28.98_-9.51_13.44_-19.25_-37.00_0.1287_0.1180_-0.7202_-0.6714end-1.38_9.43_3.05_21.26_28.98_-9.51_13.44_-19.25_-37.00_0.1381_0.1214_-0.7151_-0.6744end,24.3787648,120.90907822,1064.6346435546875
493,,24.3787648,120.90907822,1064.6346435546875
494,-1.57_9.41_3.17_21.26_28.98_-9.51_13.44_-19.25_-37.00_0.1381_0.1214_-0.7151_-0.6744end-1.57_9.41_3.17_23.72_25.85_-8.28_13.44_-19.25_-37.00_0.1381_0.1214_-0.7151_-0.6744end-1.58_9.39_3.15_24.95_23.72_-7.95_13.44_-19.25_-37.00_0.1381_0.1214_-0.7151_-0.6744end-1.77_9.37_2.95_24.95_23.72_-7.95_13.44_-19.25_-37.00_0.1428_0.1229_-0.7119_-0.6765end-1.84_9.36_2.92_26.41_21.26_-6.83_13.44_-19.25_-37.00_0.1428_0.1229_-0.7119_-0.6765end-1.84_9.36_2.92_26.41_21.26_-6.83_14.87_-20.56_-35.75_0.1459_0.1238_-0.7094_-0.6784end-1.84_9.36_2.92_27.53_17.90_-5.60_14.87_-20.56_-35.75_0.1476_0.1242_-0.7076_-0.6798end-2.14_9.36_2.51_27.53_17.90_-5.60_15.56_-20.94_-34.88_0.14,24.3787648,120.90907822,1064.6346435546875
495,,24.3787648,120.90907822,1064.6346435546875
496,76_0.1242_-0.7076_-0.6798end-2.14_9.36_2.51_28.76_12.65_-4.25_15.56_-20.94_-34.88_0.1491_0.1245_-0.7057_-0.6813end-2.21_9.35_2.20_28.76_12.65_-4.25_15.56_-20.94_-34.88_0.1491_0.1245_-0.7057_-0.6813end,24.3787648,120.90907822,1064.6346435546875
497,-2.21_9.35_2.20_30.33_8.62_-3.25_15.56_-20.94_-34.88_0.1508_0.1244_-0.7030_-0.6838end-2.31_9.31_1.90_30.33_8.62_-3.25_15.94_-21.25_-34.88_0.1508_0.1244_-0.7030_-0.6838end-2.31_9.31_1.90_32.68_3.25_-1.45_15.94_-21.25_-34.88_0.1508_0.1244_-0.7030_-0.6838end-2.28_9.28_1.37_32.68_3.25_-1.45_15.94_-21.25_-34.88_0.1516_0.1241_-0.7011_-0.6856end-2.39_9.29_1.23_32.68_3.25_-1.45_15.94_-21.25_-34.88_0.1521_0.1238_-0.6992_-0.6875end-2.39_9.29_1.23_32.68_3.25_-1.45_16.31_-21.25_-33.63_0.1523_0.1237_-0.6982_-0.6885end-2.39_9.29_1.23_34.58_0.45_0.90_16.31_-21.25_-33.63_0.1526_0.1233_-0.6962_-0.6905end-2.39_9.30_1.07_34.58_0.45_0.90_16.31_-21.94_-35.31_0.1526_0.1233_-0.6962_-0.6905end-2.34_9.23_0.75_34.58_0.45_0.90_16.31_-21.94_-35.31_0.1526_0.1233_-0.6962_-0.6905end-2.39_9.21_0.65_34.58_0.45_0.90_16.62_-22.94_-33.63_0.1526_0.1233_-0.6962_-0.6905end,24.3787648,120.90907822,1064.6346435546875
498,,24.3787648,120.90907822,1064.6346435546875
499,,24.3787648,120.90907822,1064.6346435546875
500,-2.39_9.23_0.50_34.58_0.45_0.90_16.62_-22.94_-33.63_0.1530_0.1224_-0.6912_-0.6956end-2.39_9.23_0.50_34.58_0.45_0.90_15.56_-22.94_-34.06_0.1528_0.1221_-0.6902_-0.6967end-2.45_9.23_0.21_34.58_0.45_0.90_15.56_-22.94_-34.06_0.1526_0.1219_-0.6892_-0.6978end-2.47_9.25_0.05_36.15_-11.53_5.93_15.56_-22.94_-34.06_0.1526_0.1219_-0.6892_-0,24.3787648,120.90907822,1064.6346435546875
501,.6978end-2.34_9.21_-0.21_36.15_-15.00_6.71_15.56_-22.94_-34.06_0.1526_0.1219_-0.6892_-0.6978end-2.34_9.21_-0.21_35.25_-22.60_7.16_15.13_-23.62_-32.81_0.1517_0.1205_-0.6863_-0.7011end-2.34_9.21_-0.21_35.25_-22.60_7.16_15.13_-23.62_-32.81_0.1503_0.1192_-0.6844_-0.7034end-1.65_9.15_-0.74_35.25_-22.60_7.16_15.13_-23.62_-32.81_0.1503_0.1192_-0.6844_-0.7034end-1.50_9.15_-0.84_34.24_-35.03_7.83_15.13_-23.62_-32.81_0.1503_0.1192_-0.6844_-0.7034end-1.33_9.14_-1.00_34.24_-35.03_7.83_15.88_-23.31_-34.94_0.1503_0.1192_-0.6844_-0.7034end,24.3787648,120.90907822,1064.6346435546875
502,-1.33_9.14_-1.00_34.24_-35.03_7.83_15.88_-23.31_-34.94_0.1448_0.1139_-0.6802_-0.7095end-1.33_9.14_-1.00_34.24_-35.03_7.83_14.44_-23.62_-32.38_0.1434_0.1126_-0.6795_-0.7106end-0.71_9.16_-1.32_34.24_-35.03_7.83_14.44_-23.62_-32.38_0.1420_0.1111_-0.6788_-0.7119end-0.71_9.16_-1.32_34.24_-35.03_7.83_14.44_-23.62_-32.38_0.1388_0.1081_-0.6773_-0.7144end-0.71_9.16_-1.32_34.24_-35.03_7.83_14.44_-24.00_-33.25_0.1371_0.1065_-0.6766_-0.7156end-0.14_9.18_-1.40_34.24_-35.03_7.83_14.44_-24.00_-33.25_0.1353_0.1047_-0.6759_-0.7169end-0.14_9.18_-1.40_34.24_-35.03_7.83_13.31_-25.44_-33.69_0.1335_0.1030_-0.6753_-0.7180end-0.14_9.18_-1.40_34.24_-35.03_7.83_13.31_-25.44_-33,24.3787648,120.90907822,1064.6346435546875
503,.69_0.1299_0.0992_-0.6740_-0.7205end0.68_9.19_-1.64_34.24_-35.03_7.83_13.31_-25.44_-33.69_0.1282_0.0975_-0.6733_-0.7216end0.77_9.16_-1.72_34.24_-35.03_7.83_13.31_-25.44_-33.69_0.1282_0.0975_-0.6733_-0.7216end,24.3787648,120.90907822,1064.6346435546875
504,,24.3787648,120.90907822,1064.6346435546875
505,0.82_9.18_-1.67_34.24_-35.03_7.83_13.31_-25.44_-33.69_0.1282_0.0975_-0.6733_-0.7216end0.85_9.18_-1.71_34.24_-35.03_7.83_13.31_-25.44_-33.69_0.1282_0.0975_-0.6733_-0.7216end0.90_9.19_-1.57_34.24_-35.03_7.83_13.31_-25.44_-33.69_0.1282_0.0975_-0.6733_-0.7216end0.86_9.19_-1.47_34.24_-35.03_7.83_13.31_-25.44_-33.69_0.1282_0.0975_-0.6,24.3787648,120.90907822,1064.6346435546875
506,,24.3787648,120.90907822,1064.6346435546875
507,,24.3787648,120.90907822,1064.6346435546875
508,733_-0.7216end0.83_9.21_-1.15_34.24_-35.03_7.83_13.31_-25.44_-33.69_0.1282_0.0975_-0.6733_-0.7216end0.83_9.21_-1.15_32.45_-6.83_3.36_13.31_-25.44_-33.69_0.1282_0.0975_-0.6733_-0.7216end0.74_9.20_-1.50_32.45_-6.83_3.36_13.31_-26.12_-32.38_0.1282_0.0975_-0.6733_-0.7216end0.41_9.21_-1.52_32.45_-6.83_3.36_13.31_-26.12_-32.38_0.1213_0.0891_-0.6649_-0.7316end0.41_9.21_-1.52_32.45_7.39_2.46_11.19_-25.50_-32.38_0.1213_0.0891_-0.6649_-0.7316end0.08_9.16_-1.32_32.34_7.27_2.01_11.19_-25.50_-32.38_0.1223_0.0895_-0.6618_-0.7342end0.08_9.16_-1.32_32.56_6.27_2.13_11.19_-25.50_-32.38_0.1223_0.0895_-0.6618_-0.7342end0.08_9.16_-1.32_32.56_6.27_2.13_11.19_-25.50_-32.38_0.1230_0.0897_-0.6586_-0.7369end0.05_9.21_-1.09_32.56_6.27_2.13_11.88_-27.56_-31.56_0.1230_0.0897_-0.6586_-0.7369end0.05_9.21_-1.09_32.23_1.57_1.57_11.88_-27.56_-31.56_0.1237_0.0898_-0.6566_-0.7386end-0.32_9.24_-1.34_32.23_1.57_1.57_11.88_-27.56_-31.56_0.1237_0.0898_-0.6566_-0.7386end-0.32_9.24_-1.34_30.66_-1.79_1.45_11.88_-27.56_-31.56_0.1239_0.0895_-0.6546_-0.7404end-0.32_9.24_-1.34_31.11_-2.35_1.23_11.88_-27.56_-31.56_0.1241_0.0894_-0.6536_-0.7412end-0.48_9.08_-1.90_31.11_-2.35_1.23_11.88_-27.56_-31.56_0.1242_0.0893,24.3787648,120.90907822,1064.6346435546875
509,_-0.6527_-0.7420end-0.53_9.15_-2.03_30.89_-4.70_1.79_11.88_-27.56_-31.56_0.1242_0.0893_-0.6527_-0.7420end-0.53_9.15_-2.03_30.89_-4.70_1.79_11.88_-27.56_-31.56_0.1242_0.0893_-0.6527_-0.7420end,24.3787648,120.90907822,1064.6346435546875
510,,24.3787648,120.90907822,1064.6346435546875
511,-0.53_9.15_-2.03_30.89_-4.70_1.79_11.88_-27.56_-31.56_0.1243_0.0881_-0.6481_-0.7462end-0.55_9.14_-1.89_30.89_-4.70_1.79_11.88_-27.56_-31.56_0.1243_0.0881_-0.6481_-0.7462end-0.55_9.14_-1.89_29.99_-13.43_1.79_11.88_-27.56_-31.56_0.1240_0.0871_-0.6463_-0.7479end-0.55_9.14_-1.89_29.99_-13.43_1.79_11.88_-27.56_-31.56_0.1235_0.0861_-0.6446_-0.7496end-0.62_9.20_-1.90_29.99_-13.43_1.79_11.88_-27.56_-31.56_0.1235_0.0861_-0.6446_-0.7496end-0.59_9.16_-1.90_29.32_-14.66_2.24_11.88_-27.56_-31.56_0.1235_0.0861_-0.6446_-0.7496end-0.64_9.16_-1.98_29.32_-14.66_2.24_11.50_-27.56_-31.56_0.1221_0.0838_-0.6411_-0.7530end-0.62_9.19_-2.05_29.32_-14.66_2.24_11.50_-27.56_-31.56_0.1218_0.0832_-0.6403_-0.7538end-0.62_9.16_-2.16_29.32_-14.66_2.24_11.50_-27.56_-31.56_0.1218_0.0832_-0.6403_-0.7538end-0.62_9.16_-2.16_29.32_-14.66_2.24_12.88_-28.25_-31.56_0.1218_0.0832_-0.6403_-0.7538end,24.3787648,120.90907822,1064.6346435546875
512,,24.3787648,120.90907822,1064.6346435546875
513,-0.64_9.16_-2.25_29.32_-14.66_2.24_12.88_-28.25_-31.56_0.1199_0.0804_-0.6369_-0.7573end-0.55_9.16_-2.41_29.32_-14.66_2.24_12.88_-28.25_-31.56_0.1194_0.0797_-0.6360_-0.7582end-0.48_9.16_-2.54_29.32_-14.66_2.24_12.88_-28.25_-31.56_0.1189_0.0790_-0.6353_-0.7590end-0.46_9.17_-2.68_29.32_-14.66_2.24_12.88_-28.25_-31.56_0.1189_0.0790_-0.6353_-0.7590end-0.40_9.18_-2.73_27.86_-19.02_2.46_12.88_-28.25_-31.56_0.1174_0.0768_-0.6328_-0.7615end-0.46_9.16_-2.73_27.86_-19.02_2.46_12.88_-28.25_-31.56_0.1170_0.0762_-0.6320_-0.7623end-0.45_9.16_-2.86_27.86_-19.02_2.46_12.88_-28.25_-31.56_0.1170_0.0762_-0.6320_-0.7623end-0.45_9.16_-2.86_26.52_-12.87_2.35_12.88_-28.25_-31.56_0.1170_0.0762_-0.6320_-0.7623end-0.45_9.16_-2.86_26.52_-12.87_2.35_12.88_-28.25_-31.56_0.1159_0.0745_-0.6296_-0.7646end-0.57_9.14_-3.05_26.63_-11.64_2.69_12.88_-28.25_-31.56_0.1159_0.0745_-0.6296_-0.7646end,24.3787648,120.90907822,1064.6346435546875
514,,24.3787648,120.90907822,1064.6346435546875
515,-0.57_9.15_-3.06_25.85_-10.30_2.46_12.88_-28.25_-31.56_0.1159_0.0745_-0.6296_-0.7646end-0.57_9.15_-3.06_25.85_-10.30_2.46_12.88_-28.25_-31.56_0.1148_0.0728_-0.6263_-0.7676end-0.59_9.13_-3.20_25.85_-10.30_2.46_12.88_-28.25_-31.56_0.1143_0.0720_-0.6248_-0.7690end-0.59_9.13_-3.20_24.62_-11.64_2.69_12.88_-28.25_-31.56_0.1143_0.0720_-0.6248_-0.7690end-0.59_9.13_-3.20_24.62_-11.64_2.69_12.88_-28.25_-31.56_0.1140_0.0715_-0.6240_-0.7698end-0.61_9.15_-3.29_24.62_-11.64_2.69_12.88_-28.25_-31.56_0.1140_0.0715_-0.6240_-0.7698end-0.61_9.15_-3.29_24.62_-11.64_2.69_11.12_-29.56_-28.56_0.1129_0.0701_-0.6218_-0.7719end-0.61_9.15_-3.29_24.62_-11.64_2.69_11.12_-29.56_-28,24.3787648,120.90907822,1064.6346435546875
516,.56_0.1125_0.0696_-0.6210_-0.7725end-0.61_9.15_-3.29_24.62_-11.64_2.69_11.12_-29.56_-28.56_0.1116_0.0684_-0.6197_-0.7739end-0.44_9.15_-3.21_24.62_-11.64_2.69_11.12_-29.56_-28.56_0.1116_0.0684_-0.6197_-0.7739end,24.3787648,120.90907822,1064.6346435546875
517,,24.3787648,120.90907822,1064.6346435546875
518,-0.34_9.18_-3.11_24.62_-11.64_2.69_11.12_-29.56_-28.56_0.1116_0.0684_-0.6197_-0.7739end-0.34_9.18_-3.11_24.62_-11.64_2.69_9.63_-30.37_-29.81_0.1096_0.0659_-0.6169_-0.7766end-0.26_9.15_-3.08_24.62_-11.64_2.69_9.63_-30.37_-29.81_0.1096_0.0659_-0.6169_-0.7766end-0.18_9.12_-3.02_24.62_-11.64_2.69_9.63_-30.37_-29.81_0.1091_0.0652_-0.6162_-0.7773end-0.18_9.12_-3.02_24.62_-11.64_2.69_10.00_-30.31_-29.00_0.1078_0.0635_-0.6142_-0.7792end-0.17_9.11_-3.09_24.62_-11.64_2.69_10.00_-30.31_-29.00_0.1074_0.0629_-0.6135_-0.7798end-0.13_9.15_-2.93_24.62_-11.64_2.69_10.00_-30.31_-29.00_0.1074_0.0629_-0.6135_-0.7798end-0.13_9.15_-2.93_24.62_-11.64_2.69_10.00_-30.31_-29.00,24.3787648,120.90907822,1064.6346435546875
519,_0.1060_0.0612_-0.6116_-0.7817end-0.06_9.12_-2.84_24.62_-11.64_2.69_10.00_-30.31_-29.00_0.1060_0.0612_-0.6116_-0.7817end-0.06_9.11_-2.76_24.62_-11.64_2.69_10.00_-30.31_-29.00_0.1060_0.0612_-0.6116_-0.7817end,24.3787648,120.90907822,1064.6346435546875
520,,24.3787648,120.90907822,1064.6346435546875
521,,24.3787648,120.90907822,1064.6346435546875
522,,24.3787648,120.90907822,1064.6346435546875
523,0.02_9.12_-2.62_24.62_-11.64_2.69_10.00_-30.31_-29.00_0.1060_0.0612_-0.6116_-0.7817end0.05_9.11_-2.49_24.62_-11.64_2.69_9.25_-31.75_-28.56_0.1060_0.0612_-0.6116_-0.7817end0.11_9.14_-2.45_24.62_-11.64_2.69_9.63_-31.06_-29.06_0.1031_0.0571_-0.6078_-0.7853end0.13_9.08_-2.49_20.59_-21.15_1.79_9.63_-31.06_-29.06_0.1031_0.0571_-0.6078_-0.7853end0.13_9.08_-2.49_20.59_-21.15_1.79_9.63_-31.69_-27.69_0.1019_0.0556_-0.6066_-0.7865end0.13_9.08_-2.49_20.59_-21.15_1.79_9.63_-31.69_-27.69_0.1014_0.0549_-0.6060_-0.7871end0.13_9.08_-2.49_20.59_-18.13_1.12_9.63_-31.69_-27.69_0.1004_0.0534_-0.6047_-0.7883end0.13_9.08_-2.49_21.04_-16.56_0.78_9.25_-31.69_-27.25_0.1004_0.05,24.3787648,120.90907822,1064.6346435546875
524,34_-0.6047_-0.7883end0.13_9.08_-2.49_20.81_-15.22_0.78_9.25_-31.69_-27.25_0.0997_0.0521_-0.6033_-0.7895end0.34_9.10_-2.68_20.81_-15.22_0.78_9.25_-31.69_-27.25_0.0991_0.0510_-0.6020_-0.7907end0.34_9.06_-2.64_20.81_-15.22_0.78_9.25_-31.69_-27.25_0.0989_0.0505_-0.6013_-0.7913end0.34_9.06_-2.64_20.81_-15.22_0.78_8.13_-31.37_-27.25_0.0989_0.0505_-0.6013_-0.7913end0.41_9.04_-2.89_20.81_-15.22_0.78_8.13_-31.37_-27.25_0.0989_0.0505_-0.6013_-0.7913end0.36_9.06_-2.93_20.81_-15.22_0.78_8.13_-31.37_-27.25_0.0981_0.0486_-0.5985_-0.7936end0.32_9.00_-3.05_20.81_-15.22_0.78_8.13_-31.37_-27.25_0.0980_0.0482_-0.5978_-0.7942end0.26_9.04_-3.11_20.81_-15.22_0.78_7.75_-32.06_-26.37_0.0979_0.0479_-0.5971_-0.7947end0.26_9.04_-3.18_20.48_-5.60_-1.01_7.75_-32.06_-26.37_0.0979_0.0479_-0.5971_-0.7947end0.15_9.02_-3.23_21.04_-4.59_-1.68_7.75_-32.06_-26.37_0.0978_0.0470_-0.5950_-0.7964end0.13_8.99_-3.22_21.04_-4.59_-1.68_9.19_-33.13_-26.81_0.0978_0.0467_-0.5943_-0.7969end0.09_9.02_-3.23_21.04_-4.59_-1.68_9.19_-33.13_-26.81_0.0978_0.0467_-0.5943_-0.7969end,24.3787648,120.90907822,1064.6346435546875
525,0.09_9.02_-3.23_21.04_-4.59_-1.68_9.19_-33.13_-26.81_0.0981_0.0461_-0.5922_-0.7985end0.00_9.02_-3.34_21.04_-4.59_-1.68_9.19_-33.13_-26.81_0.0982_0.0460_-0.5916_-0.7990end-0.03_9.02_-3.43_21.04_-4.59_-1.68_9.19_-33.13_-26.81_0.0982_0.0460_-0.5916_-0.7990end-0.10_9.00_-3.43_19.70_4.14_-2.80_9.19_-33.13_-26.81_0.0982_0.0460_-0.5916_-0.7990end-0.10_9.00_-3.43_19.70_4.14_-2.80_8.50_-32.44_-27.31_0.0989_0.0459_-0.5894_-0.8005end-0.10_9.00_-3.43_19.81_8.06_-2.80_8.50_-32.44_-27.31_0.0992_0.0459_-0.5886_-0.8010end-0.27_9.00_-3.49_19.81_8.06_-2.80_8.88_-32.44_-26.81_0.0992_0.0459_-0.5886_-0.8010end-0.43_8.97_-3.63_19.81_8.06_-2.80_8.88_-32.44_-26.81_0.0992_0.04,24.3787648,120.90907822,1064.6346435546875
526,59_-0.5886_-0.8010end-0.57_9.00_-3.66_19.81_8.06_-2.80_9.56_-32.38_-26.00_0.0992_0.0459_-0.5886_-0.8010end-0.59_8.98_-3.74_18.80_7.61_-2.24_9.56_-32.38_-26.00_0.1011_0.0467_-0.5850_-0.8033end,24.3787648,120.90907822,1064.6346435546875
527,,24.3787648,120.90907822,1064.6346435546875
528,-0.68_8.99_-3.71_18.80_7.61_-2.24_9.56_-32.38_-26.00_0.1017_0.0469_-0.5836_-0.8043end-0.67_8.95_-3.78_18.80_7.61_-2.24_9.56_-32.38_-26.00_0.1021_0.0469_-0.5829_-0.8047end-0.67_8.95_-3.78_18.80_7.61_-2.24_8.50_-33.13_-26.00_0.1021_0.0469_-0.5829_-0.8047end-0.73_8.96_-3.72_18.80_7.61_-2.24_8.50_-33.13_-26.00_0.1026_0.0470_-0.5815_-0.8057end-0.73_8.96_-3.72_18.02_1.23_-2.35_8.50_-33.13_-26.00_0.1029_0.0469_-0.5803_-0.8065end-0.72_8.93_-3.57_18.02_1.23_-2.35_8.50_-33.13_-26.00_0.1029_0.0469_-0.5803_-0.8065end-0.70_8.99_-3.50_18.02_1.23_-2.35_8.50_-33.13_-26.00_0.1031_0.0466_-0.5789_-0.8075end-0.70_8.99_-3.50_18.02_1.23_-2.35_8.50_-33.13_-26.00_0.1033_0.046,24.3787648,120.90907822,1064.6346435546875
529,2_-0.5777_-0.8083end-0.65_8.93_-3.50_18.02_1.23_-2.35_8.50_-33.13_-26.00_0.1033_0.0462_-0.5777_-0.8083end-0.66_8.94_-3.54_18.02_1.23_-2.35_8.50_-33.13_-26.00_0.1036_0.0460_-0.5764_-0.8093end,24.3787648,120.90907822,1064.6346435546875
530,,24.3787648,120.90907822,1064.6346435546875
531,-0.69_8.92_-3.61_17.01_0.22_-1.57_8.50_-33.13_-26.00_0.1036_0.0460_-0.5764_-0.8093end-0.70_8.91_-3.57_17.01_0.78_-1.34_8.50_-33.13_-26.00_0.1039_0.0457_-0.5746_-0.8105end-0.79_8.91_-3.50_17.01_0.78_-1.34_10.31_-33.44_-24.69_0.1041_0.0457_-0.5740_-0.8110end-0.78_8.91_-3.47_17.01_0.78_-1.34_10.31_-33.44_-24.69_0.1042_0.0456_-0.5733_-0.8114end-0.79_8.93_-3.43_17.01_0.78_-1.34_9.19_-34.13_-25.19_0.1042_0.0456_-0.5733_-0.8114end-0.79_8.93_-3.43_17.35_1.23_-0.67_9.19_-34.13_-25.19_0.1042_0.0456_-0.5733_-0.8114end-0.77_8.89_-3.38_17.23_-0.11_-0.67_9.19_-34.13_-25.19_0.1042_0.0456_-0.5733_-0.8114end-0.80_8.88_-3.30_17.23_-0.11_-0.67_9.19_-34.13_-25.19_0.1042_0,24.3787648,120.90907822,1064.6346435546875
532,.0456_-0.5733_-0.8114end-0.76_8.89_-3.22_17.23_-2.01_-0.45_9.19_-34.13_-25.19_0.1042_0.0456_-0.5733_-0.8114end-0.73_8.89_-3.19_17.23_-2.01_-0.45_9.19_-34.13_-25.19_0.1048_0.0450_-0.5688_-0.8145end,24.3787648,120.90907822,1064.6346435546875
533,,24.3787648,120.90907822,1064.6346435546875
534,-0.73_8.89_-3.19_17.57_-4.25_-0.45_9.19_-34.13_-25.19_0.1047_0.0448_-0.5682_-0.8149end-0.64_8.86_-3.10_17.57_-4.25_-0.45_9.19_-34.13_-25.19_0.1047_0.0448_-0.5682_-0.8149end-0.48_8.92_-3.08_17.57_-4.25_-0.45_9.19_-34.13_-25.19_0.1047_0.0448_-0.5682_-0.8149end-0.48_8.92_-3.08_17.57_-4.25_-0.45_9.19_-34.13_-25.19_0.1046_0.0436_-0.5651_-0.8173end-0.40_8.81_-3.11_17.57_-4.25_-0.45_9.19_-34.13_-25.19_0.1046_0.0434_-0.5644_-0.8177end-0.40_8.86_-3.11_17.57_-4.25_-0.45_9.19_-34.13_-25.19_0.1046_0.0434_-0.5644_-0.8177end-0.36_8.81_-3.17_17.57_-4.25_-0.45_9.19_-34.13_-25.19_0.1046_0.0434_-0.5644_-0.8177end-0.36_8.81_-3.17_17.57_-4.25_-0.45_9.19_-34.13_-25.19_0.10,24.3787648,120.90907822,1064.6346435546875
535,,24.3787648,120.90907822,1064.6346435546875
536,46_0.0428_-0.5618_-0.8195end-0.43_8.78_-3.11_17.57_-4.25_-0.45_9.88_-34.50_-24.31_0.1046_0.0428_-0.5618_-0.8195end-0.42_8.77_-3.15_17.57_-4.25_-0.45_9.88_-34.50_-24.31_0.1046_0.0428_-0.5618_-0.8195end-0.43_8.78_-3.13_19.14_0.45_-0.22_9.88_-34.50_-24.31_0.1046_0.0428_-0.5618_-0.8195end-0.43_8.78_-3.13_19.14_0.45_-0.22_10.25_-33.75_-23.38_0.1048_0.0425_-0.5589_-0.8215end-0.47_8.74_-3.12_19.14_0.45_-0.22_10.25_-33.75_-23.38_0.1049_0.0423_-0.5576_-0.8224end-0.47_8.74_-3.12_19.36_-0.11_-0.34_7.75_-34.13_-23.81_0.1050_0.0422_-0.5568_-0.8229end-0.51_8.74_-3.10_19.36_-0.11_-0.34_7.75_-34.13_-23.81_0.1050_0.0422_-0.5568_-0.8229end-0.48_8.72_-3.08_20.14_0.45_-0.56_7.75_-34.13_-23.81_0.1052_0.0420_-0.5546_-0.8243end-0.48_8.73_-3.07_20.14_0.45_-0.56_7.75_-34.13_-23.81_0.1053_0.0419_-0.5538_-0.8249end-0.48_8.72_-3.03_20.14_0.45_-0.56_7.75_-34.13_-23.81_0.1053_0.0419_-0.5538_-0.8249end-0.48_8.72_-3.03_20.14_0.45_-0.56_7.75_-34.13_-23.81_0.1053_0.0417_-0.5531_-0.8254end-0.48_8.72_-3.03_20.14_0.45_-0.56_7.75_-34.13_-23.81_0.1053_0.0417_-0.5531_-0.8254end,24.3787648,120.90907822,1064.6346435546875
537,,24.3787648,120.90907822,1064.6346435546875
538,,24.3787648,120.90907822,1064.6346435546875
539,-0.51_8.68_-3.07_20.14_0.45_-0.56_7.75_-34.13_-23.81_0.1053_0.0417_-0.5531_-0.8254end-0.51_8.68_-3.07_20.14_0.45_-0.56_7.75_-34.13_-23.81_0.1053_0.0417_-0.5531_-0.8254end-0.51_8.68_-3.07_20.14_0.45_-0.56_7.75_-34.13_-23.81_0.1053_0.0417_-0.5531_-0.8254end-0.51_8.68_-3.07_20.14_0.45_-0.56_7.75_-34.13_-23.81_0.1053_0.0417_-0.5531_-0.8254end-0.51_8.68_-3.07_20.14_0.45_-0.56_7.75_-34.13_-23.81_0.1053_0.0417_-0.5531_-0.8254end-0.51_8.62_-3.31_20.14_0.45_-0.56_7.75_-34.13_-23.81_0.1053_0.0417_-0.5531_-0.8254end-0.51_8.62_-3.31_22.27_6.83_0.11_7.75_-34.13_-23.81_0.1053_0.0417_-0.5531_-0.8254end-0.51_8.62_-3.31_22.27_6.83_0.11_8.81_-34.81_-22.94_0.1053_0.0417_,24.3787648,120.90907822,1064.6346435546875
540,-0.5531_-0.8254end-0.51_8.62_-3.31_22.27_6.83_0.11_8.81_-34.81_-22.94_0.1074_0.0424_-0.5414_-0.8328end-0.51_8.62_-3.31_22.27_6.83_0.11_8.81_-34.81_-22.94_0.1074_0.0424_-0.5414_-0.8328end,24.3787648,120.90907822,1064.6346435546875
541,-1.00_8.56_-4.95_22.27_6.83_0.11_8.75_-36.50_-23.00_0.1074_0.0424_-0.5414_-0.8328end-1.00_8.56_-4.95_22.27_6.83_0.11_8.75_-36.50_-23.00_0.1085_0.0436_-0.5380_-0.8348end-1.00_8.56_-4.95_22.27_6.83_0.11_8.75_-36.50_-23.00_0.1090_0.0443_-0.5362_-0.8358end-1.10_8.55_-5.51_22.27_6.83_0.11_8.75_-36.50_-23.00_0.1093_0.0447_-0.5354_-0.8363end-1.10_8.55_-5.51_20.70_13.09_2.13_8.75_-36.50_-23.00_0.1093_0.0447_-0.5354_-0.8363end-1.10_8.55_-5.51_20.70_13.09_2.13_10.56_-35.75_-22.13_0.1093_0.0447_-0.5354_-0.8363end-1.10_8.55_-5.51_20.70_13.09_2.13_10.56_-35.75_-22.13_0.1100_0.0459_-0.5329_-0.8377end-1.10_8.55_-5.51_19.47_9.96_3.25_10.56_-35.75_-22.13_0.1103_0.0466_-0.5314_-0.8386end-1.10_8.55_-5.51_19.47_9.96_3.25_10.56_-35.75_-22.13_0.1103_0.0466_-0.5314_-0.8386end-1.05_8.57_-6.05_17.90_5.04_3.69_10.56_-35.75_-22.13_0.1104_0.0470_-0.5300_-0.8395end,24.3787648,120.90907822,1064.6346435546875
542,,24.3787648,120.90907822,1064.6346435546875
543,-0.97_8.55_-6.12_17.90_5.04_3.69_10.56_-35.75_-22.13_0.1104_0.0472_-0.5292_-0.8399end-0.95_8.53_-6.20_17.90_5.04_3.69_10.56_-35.75_-22.13_0.1103_0.0474_-0.5279_-0.8408end-0.84_8.54_-6.32_17.90_5.04_3.69_10.56_-35.75_-22.13_0.1103_0.0474_-0.5279_-0.8408end-0.72_8.57_-6.34_15.22_0.00_4.70_10.56_-35.75_-22.13_0.1103_0.0474_-0.5279_-0.8408end-0.72_8.57_-6.34_15.22_0.00_4.70_10.56_-35.75_-22.13_0.1099_0.0475_-0.5260_-0.8420end-0.48_8.52_-6.23_13.99_-0.78_4.81_10.56_-35.75_-22.13_0.1099_0.0475_-0.5260_-0.8420end-0.50_8.49_-6.19_13.20_-4.36_5.15_10.56_-35.75_-22.13_0.1099_0.0475_-0.5260_-0.8420end-0.50_8.49_-6.19_13.20_-4.36_5.15_9.44_-37.50_-19.94_0.1091_0.0472_-0.5239_-0.8434end-0.50_8.49_-6.19_13.20_-4.36_5.15_9.44_-37.50_-19.94_0.1083_0.0466_-0.5230_-0.8441end-0.09_8.56_-5.86_13.20_-4.36_5.15_8.75_-35.81_-21.69_0.1083_0.0466_-0.5230_-0.8441end,24.3787648,120.90907822,1064.6346435546875
544,,24.3787648,120.90907822,1064.6346435546875
545,-0.02_8.47_-5.79_13.20_-4.36_5.15_8.75_-35.81_-21.69_0.1083_0.0466_-0.5230_-0.8441end0.47_8.43_-5.86_13.20_-4.36_5.15_8.75_-35.81_-21.69_0.1083_0.0466_-0.5230_-0.8441end0.47_8.43_-5.86_13.20_-4.36_5.15_8.75_-35.81_-21.69_0.1058_0.0439_-0.5212_-0.8457end0.61_8.61_-5.39_13.20_-4.36_5.15_8.75_-35.81_-21.69_0.1058_0.0439_-0.5212_-0.8457end0.61_8.61_-5.39_13.20_-4.36_5.15_8.75_-35.81_-21.69_0.1052_0.0432_-0.5209_-0.8459end1.16_8.46_-5.96_13.20_-4.36_5.15_8.75_-35.81_-21.69_0.1052_0.0432_-0.5209_-0.8459end1.34_8.48_-5.99_13.20_-4.36_5.15_8.75_-35.81_-21.69_0.1026_0.0396_-0.5201_-0.8470end1.38_8.44_-6.19_13.20_-4.36_5.15_8.75_-35.81_-21.69_0.1021_0.0387_-0.5199_-0.8472end1.38_8.44_-6.19_6.04_-20.81_0.78_8.75_-35.81_-21.69_0.1021_0.0387_-0.5199_-0.8472end1.38_8.44_-6.19_6.04_-20.81_0.78_8.75_-35.81_-21.69_0.1010_0.0372_-0.5196_-0.8476end,24.3787648,120.90907822,1064.6346435546875
546,,24.3787648,120.90907822,1064.6346435546875
547,1.38_8.44_-6.19_6.04_-20.81_0.78_8.75_-35.81_-21.69_0.1002_0.0358_-0.5193_-0.8480end1.46_8.43_-6.58_6.04_-20.81_0.78_8.75_-35.81_-21.69_0.1002_0.0358_-0.5193_-0.8480end1.46_8.43_-6.58_4.81_1.34_-1.57_8.75_-35.81_-21.69_0.1002_0.0358_-0.5193_-0.8480end1.46_8.43_-6.58_4.81_7.83_-2.57_8.75_-35.81_-21.69_0.1002_0.0358_-0.5193_-0.848,24.3787648,120.90907822,1064.6346435546875
548,0end1.46_8.43_-6.58_4.81_7.83_-2.57_8.75_-35.81_-21.69_0.1010_0.0360_-0.5181_-0.8486end1.36_8.48_-5.95_4.81_7.83_-2.57_7.69_-36.13_-20.81_0.1015_0.0365_-0.5178_-0.8487end1.45_8.50_-5.90_4.81_7.83_-2.57_7.69_-36.13_-20.81_0.1015_0.0365_-0.5178_-0.8487end1.28_8.41_-5.61_4.81_7.83_-2.57_7.69_-36.13_-20.81_0.1036_0.0388_-0.5170_-0.8488end0.97_8.38_-5.46_4.81_7.83_-2.57_7.69_-36.13_-20.81_0.1036_0.0388_-0.5170_-0.8488end0.97_8.38_-5.46_4.81_7.83_-2.57_7.69_-36.13_-20.81_0.1044_0.0398_-0.5167_-0.8489end,24.3787648,120.90907822,1064.6346435546875
549,,24.3787648,120.90907822,1064.6346435546875
550,0.76_8.39_-5.43_4.81_7.83_-2.57_7.69_-36.13_-20.81_0.1044_0.0398_-0.5167_-0.8489end0.80_8.45_-5.35_4.81_7.83_-2.57_7.69_-36.13_-20.81_0.1090_0.0454_-0.5153_-0.8488end0.76_8.44_-5.33_4.81_7.83_-2.57_7.69_-36.13_-20.81_0.1104_0.0471_-0.5149_-0.8488end0.72_8.43_-5.31_4.81_7.83_-2.57_8.75_-36.13_-19.50_0.1104_0.0471_-0.5149_-0.8488end0.62_8.46_-5.28_0.34_55.06_-7.83_8.75_-36.13_-19.50_0.1104_0.0471_-0.5149_-0.8488end0.62_8.46_-5.28_0.34_55.06_-7.83_9.88_-36.44_-20.37_0.1163_0.0544_-0.5135_-0.8484end0.36_8.45_-5.33_0.34_55.06_-7.83_9.88_-36.44_-20.37_0.1163_0.0544_-0.5135_-0.8484end0.21_8.39_-5.30_0.34_55.06_-7.83_9.88_-36.44_-20.37_0.1178_0.0562_-0.5132_-0.8483end0.21_8.39_-5.30_-1.90_42.52_-9.18_9.88_-36.44_-20.37_0.1218_0.0610_-0.5125_-0.8478end-0.01_8.49_-5.61_-1.90_42.52_-9.18_10.19_-37.50_-19.06_0.1230_0.0623_-0.5123_-0.8477end,24.3787648,120.90907822,1064.6346435546875
551,,24.3787648,120.90907822,1064.6346435546875
552,,24.3787648,120.90907822,1064.6346435546875
553,,24.3787648,120.90907822,1064.6346435546875
554,,24.3787648,120.90907822,1064.6346435546875
555,,24.3787648,120.90907822,1064.6346435546875
556,0.02_8.43_-5.55_-2.46_34.80_-9.18_10.19_-37.50_-19.06_0.1230_0.0623_-0.5123_-0.8477end0.13_8.43_-5.87_-2.46_34.80_-9.18_10.56_-36.81_-20.44_0.1261_0.0654_-0.5119_-0.8472end0.11_8.48_-5.59_-2.46_34.80_-9.18_10.56_-36.81_-20.44_0.1270_0.0661_-0.5118_-0.8470end0.06_8.48_-6.08_-4.36_17.90_-8.95_10.56_-36.81_-20.44_0.1270_0.0661_-0.5118_-0.8470end0.13_8.47_-6.30_-4.36_17.90_-8.95_10.94_-37.13_-19.94_0.1291_0.0676_-0.5120_-0.8466end0.15_8.44_-6.94_-4.36_17.90_-8.95_10.94_-37.13_-19.94_0.1299_0.0683_-0.5120_-0.8464end0.27_8.43_-7.00_-5.82_33.24_-9.85_10.94_-37.13_-19.94_0.1299_0.0683_-0.5120_-0.8464end0.27_8.43_-7.00_-5.82_33.24_-9.85_11.31_-36.44_-20.37_0.12,24.3787648,120.90907822,1064.6346435546875
557,99_0.0683_-0.5120_-0.8464end0.27_8.43_-7.00_-6.04_48.23_-9.85_11.31_-36.44_-20.37_0.1348_0.0736_-0.5118_-0.8453end-0.17_8.46_-6.37_-6.04_48.23_-9.85_11.31_-36.44_-20.37_0.1348_0.0736_-0.5118_-0.8453end-0.32_8.53_-6.13_-6.04_48.23_-9.85_11.31_-36.44_-20.37_0.1381_0.0778_-0.5114_-0.8446end-0.83_8.54_-5.86_-6.04_48.23_-9.85_11.31_-36.44_-20.37_0.1381_0.0778_-0.5114_-0.8446end-0.83_8.54_-5.86_-7.16_59.65_-9.18_11.31_-36.44_-20.37_0.1432_0.0845_-0.5107_-0.8435end-0.64_8.43_-5.32_-7.16_59.65_-9.18_11.31_-36.44_-20.37_0.1448_0.0864_-0.5106_-0.8431end-0.32_8.53_-4.95_-7.16_59.65_-9.18_10.56_-37.50_-20.44_0.1448_0.0864_-0.5106_-0.8431end-0.15_8.49_-5.18_-7.83_49.35_-9.62_10.56_-37.50_-20.44_0.1448_0.0864_-0.5106_-0.8431end-0.15_8.49_-5.18_-8.73_48.23_-9.96_13.44_-36.75_-20.44_0.1490_0.0916_-0.5104_-0.8420end-0.15_8.49_-5.18_-8.73_48.23_-9.96_13.44_-36.75_-20.44_0.1517_0.0948_-0.5104_-0.8411end0.18_8.44_-4.81_-8.73_48.23_-9.96_13.44_-36.75_-20.44_0.1517_0.0948_-0.5104_-0.8411end0.08_8.49_-4.41_-8.73_48.23_-9.96_11.63_-36.38_-18.62_0.1517_0.0948_-0.5104_-0.8411end,24.3787648,120.90907822,1064.6346435546875
558,0.08_8.49_-4.41_-8.73_48.23_-9.96_11.63_-36.38_-18.62_0.1575_0.1022_-0.5099_-0.8395end-0.28_8.53_-4.54_-8.73_48.23_-9.96_11.63_-36.38_-18.62_0.1591_0.1042_-0.5098_-0.8390end-0.28_8.53_-4.54_-8.73_48.23_-9.96_11.63_-36.38_-18.62_0.1591_0.1042_-0.5098_-0.8390end-0.34_8.55_-4.42_-8.73_48.23_-9.96_11.63_-36.38_-18.62_0.1591_0.1042_-0.5098_-0.8390end-0.62_8.47_-4.69_-8.73_48.23_-9.96_11.63_-36.38_-18.62_0.1591_0.1042_-0.5098_-0.8390end-0.62_8.47_-4.69_-8.73_48.23_-9.96_13.38_-37.06_-18.69_0.1591_0.1042_-0.5098_-0.8390end-0.57_8.44_-5.14_-8.73_48.23_-9.96_13.38_-37.06_-18.69_0.1691_0.1178_-0.5087_-0.8359end-0.57_8.44_-5.14_-8.62_46.44_-8.39_13.75_-36.38_-19.06_0.1691_0.1178_-0.5087_-0.8359end-0.57_8.44_-5.14_-7.95_32.01_-7.50_13.75_-36.38_-19.06_0.1713_0.1207_-0.5086_-0.8351end-1.00_8.57_-3.89_-7.95_32.01_-7.50_13.75_-36.38_-19.06_0.1724_0.1216_-0.5089_-0.8345end,24.3787648,120.90907822,1064.6346435546875
559,,24.3787648,120.90907822,1064.6346435546875
560,,24.3787648,120.90907822,1064.6346435546875
561,-1.29_8.55_-3.24_-7.27_-23.50_-4.92_13.75_-36.38_-19.06_0.1724_0.1216_-0.5089_-0.8345end-1.29_8.55_-3.24_-7.27_-23.50_-4.92_13.75_-36.38_-19.06_0.1713_0.1194_-0.5098_-0.8345end-1.27_8.64_-2.37_-7.27_-23.50_-4.92_13.75_-36.38_-19.06_0.1707_0.1182_-0.5101_-0.8347end-1.25_8.54_-2.21_-7.27_-23.50_-4.92_13.75_-36.38_-19.06_0.1707_0.1182_-0.5101_-0.8347end-1.25_8.54_-2.21_-7.27_-23.50_-4.92_13.75_-36.38_-19.06_0.1707_0.1182_-0.5101_-0.8347end-1.02_8.61_-2.17_-7.27_-23.50_-4.92_13.75_-36.31_-17.75_0.1707_0.1182_-0.5101_-0.8347end-1.23_8.83_-1.59_-7.27_-23.50_-4.92_13.75_-36.31_-17.75_0.1707_0.1182_-0.5101_-0.8347end-1.23_8.83_-1.59_-7.27_-23.50_-4.92_13.75_-36.31_-17.75_0.1707_0.1182_-0.5101_-0.8347end-1.10_8.68_-1.27_-7.27_-23.50_-4.92_13.75_-36.31_-17.75_0.1707_0.1182_-0.5101_-0.8347end-1.10_8.68_-1.27_-7.27_-23.50_-4.92_13.75_-36.31_-17.75_0.1707_0.1182_-0.5101_-0.8347end,24.3787648,120.90907822,1064.6346435546875
562,,24.3787648,120.90907822,1064.6346435546875
563,,24.3787648,120.90907822,1064.6346435546875
564,-1.10_8.68_-1.27_-7.27_-23.50_-4.92_13.75_-36.31_-17.75_0.1707_0.1182_-0.5101_-0.8347end-0.70_8.48_-2.92_-7.27_-23.50_-4.92_13.38_-36.75_-19.06_0.1707_0.1182_-0.5101_-0.8347end-0.76_8.77_-3.36_-7.27_-23.50_-4.92_13.75_-36.38_-19.56_0.1707_0.1182_-0.5101_-0.8347end-0.76_8.77_-3.36_-7.27_-23.50_-4.92_14.13_-36.00_-19.94_0.1690_0.1144_-0.5117_-0.8345end-0.76_8.77_-3.36_-0.67_18.91_-0.22_14.13_-36.00_-19.94_0.1698_0.1158_-0.5115_-0.8344end-0.94_8.57_-3.78_-0.67_18.91_-0.22_14.13_-36.00_-19.94_0.1698_0.1158_-0.5115_-0.8344end-0.70_8.63_-3.57_-0.67_18.91_-0.22_14.87_-36.00_-18.25_0.1698_0.1158_-0.5115_-0.8344end-0.70_8.63_-3.57_-0.67_18.91_-0.22_14.87_-36.00_-18.25_0.1719_0.1193_-0.5104_-0.8341end-0.57_8.56_-3.05_-0.67_18.91_-0.22_15.25_-36.38_-19.56_0.1719_0.1193_-0.5104_-0.8341end-0.43_8.66_-2.70_-0.67_18.91_-0.22_15.25_-36.38_-19.56_0.1719_0.1193_-0.5104_-0.8341end,24.3787648,120.90907822,1064.6346435546875
565,,24.3787648,120.90907822,1064.6346435546875
566,,24.3787648,120.90907822,1064.6346435546875
567,-0.48_8.76_-2.60_-0.67_18.91_-0.22_13.81_-35.31_-19.06_0.1733_0.1219_-0.5092_-0.8342end-0.40_8.63_-2.40_-0.67_18.91_-0.22_13.81_-35.31_-19.06_0.1733_0.1219_-0.5092_-0.8342end-0.40_8.63_-2.40_-0.67_18.91_-0.22_13.81_-35.31_-19.06_0.1735_0.1223_-0.5090_-0.8342end-0.16_8.66_-2.64_-0.67_18.91_-0.22_13.81_-35.31_-19.06_0.1735_0.1223_-0.5090_-0.8342end-0.16_8.66_-2.64_2.69_-12.09_2.35_13.81_-35.31_-19.06_0.1732_0.1223_-0.5085_-0.8345end-0.16_8.66_-2.64_2.69_-12.09_2.35_13.81_-35.31_-19.06_0.1729_0.1219_-0.5085_-0.8347end0.37_8.60_-3.67_2.69_-12.09_2.35_13.81_-35.31_-19.06_0.1729_0.1219_-0.5085_-0.8347end0.37_8.60_-3.67_2.35_-18.46_2.01_13.81_-35.31_-19.06_0.1729_0.1219_-0.5085_-0.8347end0.24_8.58_-3.75_2.35_-18.46_2.01_13.81_-35.31_-19.06_0.1704_0.1188_-0.5085_-0.8356end0.30_8.55_-3.92_2.35_-18.46_2.01_13.81_-35.31_-19.06_0.1699_0.1181_-0.5085_-0.8358end,24.3787648,120.90907822,1064.6346435546875
568,,24.3787648,120.90907822,1064.6346435546875
569,,24.3787648,120.90907822,1064.6346435546875
570,,24.3787648,120.90907822,1064.6346435546875
571,,24.3787648,120.90907822,1064.6346435546875
572,0.38_8.52_-3.99_2.35_-18.46_2.01_14.13_-35.69_-19.50_0.1699_0.1181_-0.5085_-0.8358end0.47_8.54_-4.23_5.37_-24.40_2.01_14.13_-35.69_-19.50_0.1699_0.1181_-0.5085_-0.8358end0.47_8.54_-4.23_5.37_-24.40_2.01_13.44_-36.38_-19.06_0.1682_0.1155_-0.5084_-0.8366end0.47_8.54_-4.23_5.37_-24.40_2.01_13.44_-36.38_-19.06_0.1675_0.1145_-0.5084_-0.8369end0.40_8.64_-3.93_5.37_-24.40_2.01_13.44_-36.38_-19.06_0.1675_0.1145_-0.5084_-0.8369end0.14_8.68_-3.97_5.37_-24.40_2.01_13.44_-36.38_-19.06_0.1675_0.1145_-0.5084_-0.8369end0.14_8.68_-3.97_5.37_-24.40_2.01_13.44_-35.69_-20.81_0.1675_0.1145_-0.5084_-0.8369end0.13_8.70_-3.92_5.60_-47.34_2.24_13.44_-35.69_-20.81_0.1675_0.114,24.3787648,120.90907822,1064.6346435546875
573,5_-0.5084_-0.8369end0.09_8.68_-4.23_5.60_-47.34_2.24_13.44_-35.69_-20.81_0.1675_0.1145_-0.5084_-0.8369end0.37_8.77_-5.20_5.60_-47.34_2.24_13.44_-35.69_-20.81_0.1591_0.1019_-0.5088_-0.8399end0.44_8.97_-5.31_3.69_-58.64_1.12_13.44_-35.69_-20.81_0.1591_0.1019_-0.5088_-0.8399end0.52_9.82_-5.75_3.69_-58.64_1.12_13.44_-35.69_-20.81_0.1591_0.1019_-0.5088_-0.8399end0.50_11.03_-6.09_3.69_-58.64_1.12_13.81_-34.94_-19.94_0.1591_0.1019_-0.5088_-0.8399end0.47_12.43_-6.11_3.69_-58.64_1.12_13.06_-36.00_-19.12_0.1521_0.0907_-0.5101_-0.8417end0.47_13.43_-5.71_3.69_-58.64_1.12_13.06_-36.00_-19.12_0.1521_0.0907_-0.5101_-0.8417end0.47_13.43_-5.71_3.69_-58.64_1.12_13.06_-35.31_-19.94_0.1521_0.0907_-0.5101_-0.8417end0.47_13.43_-5.71_3.69_-58.64_1.12_13.06_-35.31_-19.94_0.1455_0.0804_-0.5109_-0.8434end-0.45_15.45_-4.89_3.69_-58.64_1.12_13.06_-35.31_-19.94_0.1455_0.0804_-0.5109_-0.8434end0.03_15.56_-5.84_3.69_-58.64_1.12_13.06_-35.31_-19.94_0.1455_0.0804_-0.5109_-0.8434end0.30_15.61_-5.32_3.69_-58.64_1.12_13.06_-35.31_-19.94_0.1455_0.0804_-0.5109_-0.8434end,24.3787648,120.90907822,1064.6346435546875
574,0.14_15.70_-4.75_0.56_7.27_3.36_13.06_-35.31_-19.94_0.1455_0.0804_-0.5109_-0.8434end0.14_15.70_-4.75_0.56_7.27_3.36_11.94_-36.44_-21.69_0.1422_0.0759_-0.5109_-0.8444end0.14_15.70_-4.75_0.56_7.27_3.36_11.94_-36.44_-21.69_0.1432_0.0787_-0.5107_-0.8441end-0.86_14.66_-4.21_0.56_7.27_3.36_11.94_-36.44_-21.69_0.1432_0.0787_-0.5107_-0.8441end-0.97_14.36_-4.12_-5.93_70.84_7.39_11.94_-36.44_-21.69_0.1432_0.0787_-0.5107_-0.8441end-0.74_14.19_-3.83_-5.93_70.84_7.39_12.31_-36.75_-19.94_0.1432_0.0787_-0.5107_-0.8441end-0.86_13.95_-3.61_-5.93_70.84_7.39_12.31_-36.75_-19.94_0.1492_0.0923_-0.5097_-0.8423end-0.73_13.79_-3.64_-5.93_70.84_7.39_12.31_-36.75_-19.94_0.1503_0.0953_-0.5097_-0.8417end-0.91_13.89_-4.00_-5.93_70.84_7.39_12.31_-36.75_-19.94_0.1503_0.0953_-0.5097_-0.8417end-0.62_13.87_-4.19_-18.13_62.00_13.76_12.31_-36.75_-19.94_0.1503_0.0953_-0.5097_-0.8417end,24.3787648,120.90907822,1064.6346435546875
575,,24.3787648,120.90907822,1064.6346435546875
576,-0.66_14.07_-4.31_-18.13_62.00_13.76_12.31_-36.75_-19.94_0.1503_0.0953_-0.5097_-0.8417end-0.66_14.07_-4.31_-21.60_52.26_15.67_12.31_-36.75_-19.94_0.1538_0.1083_-0.5110_-0.8387end-0.69_14.50_-4.50_-21.60_52.26_15.67_12.31_-36.75_-19.94_0.1538_0.1083_-0.5110_-0.8387end-0.53_14.54_-4.29_-21.60_52.26_15.67_12.31_-36.75_-19.94_0.1541_0.1123_-0.5123_-0.8374end-0.53_14.54_-4.29_-21.60_52.26_15.67_12.31_-36.75_-19.94_0.1536_0.1154_-0.5140_-0.8360end-0.36_14.24_-4.59_-21.60_52.26_15.67_12.31_-36.75_-19.94_0.1536_0.1154_-0.5140_-0.8360end-0.44_13.86_-4.35_-21.60_52.26_15.67_12.31_-36.75_-19.94_0.1522_0.1177_-0.5162_-0.8345end-0.48_13.65_-4.38_-37.38_-3.13_23.72_12.31_-36.75_-19.94_0.1522_0.1177_-0.5162_-0.8345end-0.66_13.47_-4.15_-38.83_-9.29_24.84_12.31_-36.75_-19.94_0.1522_0.1177_-0.5162_-0.8345end-0.66_13.47_-4.15_-43.08_-21.71_25.96_12.31_-36.75_-19.94_0.1470_0.1196_-0.5219_-0.8317end,24.3787648,120.90907822,1064.6346435546875
577,,24.3787648,120.90907822,1064.6346435546875
578,,24.3787648,120.90907822,1064.6346435546875
579,-0.66_13.47_-4.15_-43.08_-21.71_25.96_12.31_-35.69_-20.81_0.1453_0.1196_-0.5235_-0.8310end-0.66_13.47_-4.15_-43.08_-21.71_25.96_12.31_-35.69_-20.81_0.1453_0.1196_-0.5235_-0.8310end-0.50_13.32_-3.61_-43.08_-21.71_25.96_12.31_-35.69_-20.81_0.1453_0.1196_-0.5235_-0.8310end-0.32_13.28_-3.45_-43.08_-21.71_25.96_12.31_-35.69_-20.81_0.1453_0.1196_-0.5235_-0.8310end-0.32_13.28_-3.45_-43.08_-21.71_25.96_12.31_-35.69_-20.81_0.1320_0.1140_-0.5338_-0.8275end-0.30_12.95_-3.11_-43.08_-21.71_25.96_12.31_-35.69_-20.81_0.1320_0.1140_-0.5338_-0.8275end0.03_12.95_-3.14_-43.08_-21.71_25.96_12.31_-35.69_-20.81_0.1320_0.1140_-0.5338_-0.8275end0.03_12.95_-3.14_-43.08_-21.71_25.96_12.31_-35.69_-20.81_0.1163_0.1036_-0.5437_-0.8247end0.27_12.95_-3.47_-43.08_-21.71_25.96_12.31_-35.69_-20.81_0.1163_0.1036_-0.5437_-0.8247end0.45_12.89_-3.71_-43.08_-21.71_25.96_12.31_-35.69_-20.81_0.1121_0.1006_-0.5463_-0.8240end,24.3787648,120.90907822,1064.6346435546875
580,,24.3787648,120.90907822,1064.6346435546875
581,0.45_12.89_-3.71_-43.08_-21.71_25.96_12.31_-35.69_-20.81_0.1032_0.0947_-0.5515_-0.8223end0.57_12.59_-3.68_-43.08_-21.71_25.96_12.31_-35.69_-20.81_0.1032_0.0947_-0.5515_-0.8223end0.57_12.59_-3.68_-43.08_-21.71_25.96_9.19_-34.88_-25.56_0.0945_0.0891_-0.5569_-0.8204end0.57_12.59_-3.68_-65.91_-115.04_41.52_9.19_-34.88_-25.56_0.0854_0.0834_-0.5623_-0.8182end0.64_12.14_-3.75_-65.91_-115.04_41.52_9.19_-34.88_-25.56_0.0807_0.0806_-0.5651_-0.8171end0.53_11.79_-3.95_-65.91_-115.04_41.52_9.19_-34.88_-25.56_0.0760_0.0778_-0.5678_-0.8159end0.53_11.79_-3.95_-71.73_-117.05_46.44_9.19_-34.88_-25.56_0.0712_0.0749_-0.5707_-0.8146end0.53_11.79_-3.95_-74.53_-108.55_48.23_7.37_-33.88_-26.87_0.0712_0.0749_-0.5707_-0.8146end0.53_11.79_-3.95_-74.53_-108.55_48.23_5.56_-34.25_-27.75_0.0571_0.0674_-0.5792_-0.8104end0.44_10.93_-3.71_-77.10_-97.58_50.69_5.56_-34.25_-27.75_0.0571_0.0674_-0.5792_-0.8104end,24.3787648,120.90907822,1064.6346435546875
582,,24.3787648,120.90907822,1064.6346435546875
583,,24.3787648,120.90907822,1064.6346435546875
584,0.44_10.93_-3.71_-77.10_-97.58_50.69_5.56_-34.25_-27.75_0.0439_0.0619_-0.5880_-0.8053end-0.13_9.91_-3.40_-77.10_-97.58_50.69_5.56_-34.25_-27.75_0.0439_0.0619_-0.5880_-0.8053end-0.13_9.91_-3.40_-82.59_-79.57_57.86_3.44_-33.56_-27.31_0.0439_0.0619_-0.5880_-0.8053end-0.13_9.91_-3.40_-82.59_-79.57_57.86_3.44_-33.56_-27.31_0.0314_0.0581_-0.5967_-0.7997end0.18_8.68_-3.71_-82.59_-79.57_57.86_3.44_-33.56_-27.31_0.0271_0.0571_-0.5998_-0.7977end0.18_8.68_-3.71_-82.59_-79.57_57.86_2.37_-32.94_-28.56_0.0189_0.0554_-0.6057_-0.7936end0.18_8.68_-3.71_-88.07_-65.80_63.11_2.37_-32.94_-28.56_0.0106_0.0545_-0.6116_-0.7892end0.77_8.54_-4.14_-88.07_-65.80_63.11_0.94_-31.87,24.3787648,120.90907822,1064.6346435546875
585,_-28.56_0.0106_0.0545_-0.6116_-0.7892end0.77_8.54_-4.14_-91.32_-55.95_65.13_0.94_-31.87_-28.56_0.0030_0.0543_-0.6177_-0.7845end0.77_8.54_-4.14_-91.32_-55.95_65.13_1.31_-31.25_-31.19_0.0030_0.0543_-0.6177_-0.7845end,24.3787648,120.90907822,1064.6346435546875
586,,24.3787648,120.90907822,1064.6346435546875
587,,24.3787648,120.90907822,1064.6346435546875
588,,24.3787648,120.90907822,1064.6346435546875
589,0.77_8.54_-4.14_-91.32_-55.95_65.13_1.31_-31.25_-31.19_0.0046_-0.0544_0.6240_0.7795end3.11_7.68_-4.13_-91.32_-55.95_65.13_1.31_-31.25_-31.19_0.0046_-0.0544_0.6240_0.7795end3.71_7.57_-3.42_-91.32_-55.95_65.13_1.31_-31.25_-31.19_0.0125_-0.0541_0.6304_0.7742end3.59_7.00_-2.66_-91.32_-55.95_65.13_1.31_-31.25_-31.19_0.0125_-0.0541_0.,24.3787648,120.90907822,1064.6346435546875
590,6304_0.7742end3.46_6.63_-2.47_-91.32_-55.95_65.13_-1.81_-28.19_-33.25_0.0313_-0.0495_0.6435_0.7632end3.19_6.36_-2.26_-107.09_-127.91_63.00_-1.81_-28.19_-33.25_0.0313_-0.0495_0.6435_0.7632end3.19_6.36_-2.26_-107.09_-127.91_63.00_-2.87_-27.50_-33.63_0.0313_-0.0495_0.6435_0.7632end3.19_6.36_-2.26_-107.65_-139.88_62.44_-2.87_-27.50_-33.63_0.0313_-0.0495_0.6435_0.7632end3.19_6.36_-2.26_-108.10_-140.78_61.88_-2.87_-27.50_-33.63_0.0613_-0.0356_0.6595_0.7484end3.06_5.65_-1.09_-108.10_-140.78_61.88_-3.94_-25.06_-34.00_0.0613_-0.0356_0.6595_0.7484end3.06_5.65_-1.09_-106.87_-128.58_60.32_-3.94_-25.06_-34.00_0.0734_-0.0297_0.6656_0.7421end3.06_5.65_-1.09_-106.76_-119.85_60.32_-6.50_-26.94_-35.31_0.0734_-0.0297_0.6656_0.7421end3.06_5.65_-1.09_-106.31_-107.54_59.76_-6.50_-26.94_-35.31_0.0734_-0.0297_0.6656_0.7421end3.06_5.65_-1.09_-106.31_-107.54_59.76_-7.87_-24.44_-34.38_0.084,24.3787648,120.90907822,1064.6346435546875
591,2_-0.0250_0.6715_0.7358end3.06_5.65_-1.09_-106.20_-77.66_57.18_-8.56_-23.44_-35.69_0.0976_-0.0208_0.6805_0.7259end3.34_6.58_-1.15_-105.86_-45.55_54.95_-8.56_-23.44_-35.69_0.0976_-0.0208_0.6805_0.7259end3.34_6.58_-1.15_-106.87_-29.77_53.71_-8.56_-23.44_-35.69_0.1062_-0.0211_0.6901_0.7155end3.13_6.79_-0.84_-106.87_-29.77_53.71_-8.56_-23.44_-35.69_0.1080_-0.0220_0.6934_0.7120end3.00_6.60_-0.49_-106.87_-29.77_53.71_-8.56_-23.44_-35.69_0.1080_-0.0220_0.6934_0.7120end2.96_6.43_-0.32_-106.87_-29.77_53.71_-8.13_-21.69_-36.56_0.1080_-0.0220_0.6934_0.7120end2.87_6.05_0.16_-107.65_31.00_44.54_-8.13_-21.69_-36.56_0.1080_-0.0220_0.6934_0.7120end2.87_6.05_0.16_-108.21_43.87_40.40_-8.13_-21.69_-36.56_0.1080_-0.0220_0.6934_0.7120end2.87_6.05_0.16_-108.21_43.87_40.40_-9.25_-21.75_-36.50_0.1116_-0.0305_0.7104_0.6942end2.87_6.05_0.16_-108.55_47.90_38.50_-9.25_-21.75_-36.50_0.1116_-0.0305_0.7104_0.6942end2.87_6.05_0.16_-108.55_47.90_38.50_-9.25_-21.75_-36.50_0.1114_-0.0329_0.7139_0.6906end2.87_6.05_0.16_-108.55_47.90_38.50_-9.25_-21.75_-36.50_0.1114_-0.0329_0.7139_0.6906end2.33_4.83_1.04_-108.55_47.90_38.50_-9.25_-21.75_-36.50_0.1114_-0.0329_0.7139_0.6906end1.89_4.38_1.45_-108.55_47.90_38.50_-9.25_-21.75_-36.50_0.1,24.3787648,120.90907822,1064.6346435546875
592,114_-0.0329_0.7139_0.6906end1.89_4.38_1.45_-108.55_47.90_38.50_-9.25_-21.75_-36.50_0.1114_-0.0329_0.7139_0.6906end1.93_4.44_1.35_-108.55_47.90_38.50_-9.25_-21.75_-36.50_0.1114_-0.0329_0.7139_0.6906end,24.3787648,120.90907822,1064.6346435546875
593,,24.3787648,120.90907822,1064.6346435546875
594,1.51_4.39_1.55_-108.55_47.90_38.50_-9.25_-21.75_-36.50_0.1114_-0.0329_0.7139_0.6906end1.35_4.50_1.94_-108.55_47.90_38.50_-9.25_-21.75_-36.50_0.1114_-0.0329_0.7139_0.6906end1.35_4.50_1.94_-108.55_47.90_38.50_-9.25_-21.75_-36.50_0.1003_-0.0607_0.7551_0.6450end1.17_4.58_2.46_-108.55_47.90_38.50_-9.25_-21.75_-36.50_0.1003_-0.0607_0.7551_0.6450end1.17_4.58_2.46_-108.55_47.90_38.50_-7.62_-15.13_-40.75_0.1003_-0.0607_0.7551_0.6450end1.05_4.57_2.58_-108.55_47.90_38.50_-7.62_-15.13_-40.75_0.0972_-0.0668_0.7678_0.6298end0.89_4.57_2.44_-108.55_47.90_38.50_-7.62_-15.13_-40.75_0.0969_-0.0679_0.7708_0.6260end0.89_4.57_2.44_-106.42_25.40_15.55_-7.62_-15.13_-40.75_0.0967_-0.0688_0.7738_0.6222end0.89_4.57_2.44_-105.75_22.05_15.33_-7.62_-15.13_-40.75_0.0967_-0.0688_0.7738_0.6222end0.89_4.57_2.44_-105.75_22.05_15.33_-7.62_-15.13_-40.75_0.0967_-0.0703_0.7796_0.6148end,24.3787648,120.90907822,1064.6346435546875
595,,24.3787648,120.90907822,1064.6346435546875
596,0.89_4.57_2.44_-105.75_22.05_15.33_-7.62_-15.13_-40.75_0.0972_-0.0719_0.7881_0.6035end1.27_4.75_2.94_-105.75_22.05_15.33_-7.62_-15.13_-40.75_0.0974_-0.0724_0.7909_0.5999end1.37_5.00_3.21_-105.75_22.05_15.33_-7.62_-15.13_-40.75_0.0974_-0.0724_0.7909_0.5999end1.37_5.00_3.21_-105.75_22.05_15.33_-7.62_-15.13_-40.75_0.0974_-0.0733_0.7963_0.5925end1.25_5.34_3.28_-105.75_22.05_15.33_-7.62_-15.13_-40.75_0.0974_-0.0733_0.7963_0.5925end1.25_5.34_3.28_-105.75_22.05_15.33_-6.87_-9.19_-41.88_0.0974_-0.0733_0.7963_0.5925end1.38_5.77_3.32_-105.75_22.05_15.33_-6.87_-9.19_-41.88_0.0974_-0.0733_0.7963_0.5925end1.53_5.96_3.66_-105.75_22.05_15.33_-6.87_-9.19_-41.88_0.0974,24.3787648,120.90907822,1064.6346435546875
597,_-0.0733_0.7963_0.5925end1.27_5.97_3.77_-105.75_22.05_15.33_-6.87_-9.19_-41.88_0.0974_-0.0733_0.7963_0.5925end1.34_6.12_3.47_-105.75_22.05_15.33_-6.87_-9.19_-41.88_0.0947_-0.0773_0.8167_0.5641end,24.3787648,120.90907822,1064.6346435546875
598,,24.3787648,120.90907822,1064.6346435546875
599,1.34_6.12_3.47_-91.32_33.80_2.80_-6.87_-9.19_-41.88_0.0941_-0.0778_0.8190_0.5606end1.34_6.12_3.47_-91.32_33.80_2.80_-4.31_-7.06_-43.19_0.0931_-0.0784_0.8214_0.5572end1.34_6.12_3.47_-91.32_33.80_2.80_-4.31_-7.06_-43.19_0.0931_-0.0784_0.8214_0.5572end1.34_6.12_3.47_-87.73_44.31_0.11_-4.62_-4.94_-44.06_0.0931_-0.0784_0.8214_0.5572end1.34_6.12_3.47_-83.82_55.17_-1.79_-4.62_-4.94_-44.06_0.0883_-0.0812_0.8306_0.5437end1.34_6.12_3.47_-83.82_55.17_-1.79_-4.25_-5.25_-43.56_0.0849_-0.0830_0.8351_0.5371end0.69_6.66_4.41_-83.82_55.17_-1.79_-4.25_-5.25_-43.56_0.0849_-0.0830_0.8351_0.5371end0.69_6.66_4.41_-83.82_55.17_-1.79_-4.25_-5.25_-43.56_0.0831_-0.0840_0.8373_0,24.3787648,120.90907822,1064.6346435546875
600,.5338end0.69_6.66_4.41_-79.23_57.30_-4.59_-4.25_-5.25_-43.56_0.0776_-0.0865_0.8436_0.5242end0.54_6.09_4.27_-79.23_57.30_-4.59_-4.25_-5.25_-43.56_0.0776_-0.0865_0.8436_0.5242end,24.3787648,120.90907822,1064.6346435546875
601,,24.3787648,120.90907822,1064.6346435546875
602,0.54_6.09_4.27_-79.23_57.30_-4.59_-4.25_-5.25_-43.56_0.0731_-0.0884_0.8495_0.5150end0.50_6.01_4.52_-79.23_57.30_-4.59_-4.25_-5.25_-43.56_0.0720_-0.0888_0.8513_0.5120end0.36_6.43_4.34_-79.23_57.30_-4.59_-4.25_-5.25_-43.56_0.0720_-0.0888_0.8513_0.5120end0.36_6.43_4.34_-70.84_25.18_-5.26_-4.25_-5.25_-43.56_0.0720_-0.0888_0.8513_0.5120end0.13_6.96_4.13_-70.84_25.18_-5.26_-1.62_-1.75_-44.81_0.0720_-0.0888_0.8513_0.5120end0.13_6.96_4.13_-70.84_25.18_-5.26_-1.62_-1.75_-44.81_0.0681_-0.0895_0.8598_0.4980end-0.13_7.87_4.15_-70.84_25.18_-5.26_-1.62_-1.75_-44.81_0.0681_-0.0895_0.8598_0.4980end-0.23_8.18_4.47_-66.70_8.28_-3.69_-1.62_-1.75_-44.81_0.0681_-0.0895_0.8,24.3787648,120.90907822,1064.6346435546875
603,598_0.4980end-0.26_8.22_4.52_-66.70_8.28_-3.69_-1.62_-1.75_-44.81_0.0676_-0.0891_0.8644_0.4902end-0.26_8.22_4.52_-62.78_-3.36_-1.45_-1.62_-1.75_-44.81_0.0681_-0.0884_0.8672_0.4853end,24.3787648,120.90907822,1064.6346435546875
604,0.05_7.93_4.74_-62.78_-3.36_-1.45_-1.62_-1.75_-44.81_0.0681_-0.0884_0.8672_0.4853end0.05_7.93_4.74_-62.78_-3.36_-1.45_-1.62_-1.75_-44.81_0.0685_-0.0881_0.8685_0.4829end0.05_7.93_4.74_-62.78_-3.36_-1.45_-1.62_0.69_-44.31_0.0685_-0.0881_0.8685_0.4829end0.05_7.93_4.74_-54.50_-16.56_0.56_-1.62_0.69_-44.31_0.0704_-0.0867_0.8723_0.476,24.3787648,120.90907822,1064.6346435546875
605,2end0.05_7.93_4.74_-54.50_-16.56_0.56_-1.94_1.75_-45.19_0.0721_-0.0858_0.8745_0.4720end0.05_7.93_4.74_-54.50_-16.56_0.56_-1.94_2.06_-44.31_0.0721_-0.0858_0.8745_0.4720end0.73_9.95_4.57_-54.50_-16.56_0.56_-1.94_2.06_-44.31_0.0721_-0.0858_0.8745_0.4720end0.73_9.95_4.57_-41.52_-20.59_2.69_-2.62_3.37_-45.12_0.0749_-0.0842_0.8774_0.4664end0.73_9.95_4.57_-41.52_-20.59_2.69_-2.62_3.37_-45.12_0.0770_-0.0832_0.8790_0.4631end0.53_10.19_4.37_-41.52_-20.59_2.69_-2.62_3.37_-45.12_0.0770_-0.0832_0.8790_0.4631end,24.3787648,120.90907822,1064.6346435546875
606,,24.3787648,120.90907822,1064.6346435546875
607,,24.3787648,120.90907822,1064.6346435546875
608,,24.3787648,120.90907822,1064.6346435546875
609,,24.3787648,120.90907822,1064.6346435546875
610,,24.3787648,120.90907822,1064.6346435546875
611,0.53_10.19_4.37_-41.52_-20.59_2.69_-2.62_3.37_-45.12_0.0781_-0.0826_0.8797_0.4618end-0.01_9.91_6.21_-41.52_-20.59_2.69_-2.62_3.37_-45.12_0.0781_-0.0826_0.8797_0.4618end-0.14_9.87_6.65_-41.52_-20.59_2.69_-2.62_3.37_-45.12_0.0842_-0.0795_0.8818_0.4572end0.69_9.66_5.97_-41.52_-20.59_2.69_-2.62_3.37_-45.12_0.0870_-0.0782_0.8822_0.4561end0.67_9.41_3.87_-41.52_-20.59_2.69_-2.62_3.37_-45.12_0.0902_-0.0768_0.8825_0.4552end0.67_9.41_3.87_-41.52_-20.59_2.69_-2.62_3.37_-45.12_0.0937_-0.0752_0.8826_0.4544end0.67_9.41_3.87_-41.52_-20.59_2.69_-2.62_3.37_-45.12_0.0977_-0.0735_0.8828_0.4537end0.67_9.41_3.87_-41.52_-20.59_2.69_-2.62_3.37_-45.12_0.1014_-0.0718_0.8828_0.4531end1.82_7.99_3.24_-41.52_-20.59_2.69_-2.62_3.37_-45.12_0.1014_-0.0718_0.8828_0.4531end1.82_7.99_3.24_-41.52_-20.59_2.69_-2.62_3.37_-45.12_0.1174_-0.0646_0.8821_0.4515end3.29_7.46_3.82_-41.52_-20.59_2.69_-2.62_3.37_-45.12_0.1210_-0.0628_0.8819_0.4513end3.48_7.39_3.81_-9.18_-73.52_2.01_-2.62_3.37_-45.12_0.1210_-0.0628_0.8819_0.4513end3.80_7.39_3.81_-7.27_-53.27_0.11_-2.62_3.37_-45.12_0.1210_-0.0628_0.8819_0.4513end3.80_7.39_3.81_-7.27_-53.27_0.11_-6.62_4.06_-43.38_0.1293_-0.0586_0.8814_0.4505end3.41_6.99_4.43_-7.27_-53.27_0.11_-6.62_4.06_-43.38_0.1293_-0.0585_0.8815_0.4504end3.14_6.53_4.91_0.45_19.58_-2.35_-6.62_4.06_-43.38_0.1293_-0.0585_0.8815_0.4504end3.14_6.53_4.91_0.45_19.58_-2.35_-6.62_4.06_-43.38_0.1278_-0.0591_0.8817_0.4503end1.36_5.59_4.88_2.57_29.77_-2.13_-6.94_4.00_-45.50_0.1278_-0.0591_0.8817_0.4503end0.79_4.79_4.29_2.57_29.77_-2.13_-6.94_4.75_-43.81_0.1241_-0.0607_0.8821_0.4504end1.28_4.37_4.77_8.73_40.40_-7.50_-6.94_4.75_-43.81_0.1241_-0.0607_0.8821_0.4504end,24.3787648,120.90907822,1064.6346435546875
612,,24.3787648,120.90907822,1064.6346435546875
613,2.34_4.02_5.16_8.73_40.40_-7.50_-5.87_4.06_-44.63_0.1192_-0.0622_0.8822_0.4513end2.57_3.75_5.50_8.73_40.40_-7.50_-5.87_4.06_-44.63_0.1184_-0.0623_0.8820_0.4518end2.94_3.49_6.18_8.73_40.40_-7.50_-5.87_4.06_-44.63_0.1184_-0.0623_0.8820_0.4518end2.94_3.49_6.18_8.73_40.40_-7.50_-5.87_4.06_-44.63_0.1183_-0.0621_0.8818_0.4524end1.70_2.74_6.17_8.73_40.40_-7.50_-5.87_4.06_-44.63_0.1183_-0.0621_0.8818_0.4524end1.70_2.74_6.17_8.73_40.40_-7.50_-5.87_4.06_-44.63_0.1200_-0.0607_0.8806_0.4545end1.70_2.74_6.17_8.73_40.40_-7.50_-5.19_3.37_-43.38_0.1200_-0.0607_0.8806_0.4545end2.98_2.38_5.34_8.73_40.40_-7.50_-5.19_3.37_-43.38_0.1222_-0.0582_0.8784_0.4584end2.65_2.40_4.74_8.73_40.40_-7.50_-5.19_3.37_-43.38_0.1222_-0.0582_0.8784_0.4584end2.65_2.40_4.74_8.73_40.40_-7.50_-5.19_3.37_-43.38_0.1230_-0.0573_0.8777_0.4595end,24.3787648,120.90907822,1064.6346435546875
614,,24.3787648,120.90907822,1064.6346435546875
615,,24.3787648,120.90907822,1064.6346435546875
616,2.36_2.97_4.34_8.73_40.40_-7.50_-5.19_3.37_-43.38_0.1230_-0.0573_0.8777_0.4595end2.36_2.97_4.34_8.73_40.40_-7.50_-7.31_3.31_-43.38_0.1234_-0.0552_0.8752_0.4645end2.59_4.42_3.75_8.73_40.40_-7.50_-7.31_3.31_-43.38_0.1226_-0.0551_0.8746_0.4659end2.21_4.76_3.46_8.73_40.40_-7.50_-7.31_3.31_-43.38_0.1226_-0.0551_0.8746_0.4659end1.97_4.86_3.27_8.73_40.40_-7.50_-7.31_3.31_-43.38_0.1226_-0.0551_0.8746_0.4659end1.95_4.84_3.29_8.73_40.40_-7.50_-7.31_3.31_-43.38_0.1226_-0.0551_0.8746_0.4659end1.89_4.82_3.24_8.73_40.40_-7.50_-7.31_3.31_-43.38_0.1155_-0.0558_0.8714_0.4734end1.62_4.42_3.45_8.73_40.40_-7.50_-5.94_2.00_-44.69_0.1155_-0.0558_0.8714_0.4734end1.62_4.42_3.45_8.73_40.40_-7.50_-5.94_2.00_-44.69_0.1123_-0.0563_0.8698_0.4771end1.62_4.42_3.45_51.25_18.80_-17.35_-5.94_2.00_-44.69_0.1099_-0.0564_0.8680_0.4810end,24.3787648,120.90907822,1064.6346435546875
617,,24.3787648,120.90907822,1064.6346435546875
618,,24.3787648,120.90907822,1064.6346435546875
619,,24.3787648,120.90907822,1064.6346435546875
620,,24.3787648,120.90907822,1064.6346435546875
621,,24.3787648,120.90907822,1064.6346435546875
622,1.11_4.84_4.90_51.25_18.80_-17.35_-5.94_2.00_-44.69_0.1090_-0.0562_0.8669_0.4831end1.56_5.64_4.13_51.25_18.80_-17.35_-5.94_2.00_-44.69_0.1090_-0.0562_0.8669_0.4831end1.56_5.64_4.13_56.62_-13.65_-18.91_-5.25_-0.06_-43.44_0.1090_-0.0562_0.8669_0.4831end1.68_6.19_3.23_56.62_-13.65_-18.91_-5.25_-0.06_-43.44_0.1090_-0.0562_0.8669_0.4831end1.68_6.19_3.23_59.31_-21.82_-17.90_-5.25_-0.06_-43.44_0.1086_-0.0535_0.8621_0.4921end1.68_6.19_3.23_64.91_-24.17_-16.45_-6.31_0.25_-43.94_0.1086_-0.0535_0.8621_0.4921end1.11_8.39_3.33_70.72_-16.11_-17.68_-6.31_0.25_-43.94_0.1086_-0.0535_0.8621_0.4921end1.11_8.39_3.33_70.72_-16.11_-17.68_-5.62_-1.12_-43.50_0.1094_-0.0512_0.8576_0.4999end1.11_8.39_3.33_74.53_-20.37_-16.00_-5.62_-1.12_-43.50_0.1096_-0.0499_0.8545_0.5052end0.41_10.03_-1.07_74.53_-20.37_-16.00_-5.62_-1.12_-43.50_0.1096_-0.0499_0.8545_0.5052end0.41_10.03_-1.07_74.53_-20.37_-16.00_-5.69_-3.25_-43.50_0.1096_-0.0499_0.8545_0.5052end0.41_10.03_-1.07_77.55_-1.68_-15.89_-5.69_-3.25_-43.50_0.1096_-0.0499_0.8545_0.5052end0.41_10.03_-1.07_77.55_-1.68_-15.89_-5.69_-3.25_-43.50_0.1088_-0.0479_0.8456_0.5203end-0.70_-21.35_23.39_77.55_-1.68_-15.89_-5.69_-3.25_-43.50_0.1065_-0.0486_0.8404_0.5292end3.75_11.84_-3.86_77.55_-1.68_-15.89_-5.69_-3.25_-43.50_0.1032_-0.0502_0.8410_0.5287end5.64_8.87_-1.75_77.55_-1.68_-15.89_-5.69_-3.25_-43.50_0.1032_-0.0502_0.8410_0.5287end1.33_7.79_-1.93_77.55_-1.68_-15.89_-5.69_-3.25_-43.50_0.1032_-0.0502_0.8410_0.5287end2.12_6.70_-6.20_77.55_-1.68_-15.89_-4.62_-4.94_-44.44_0.1032_-0.0502_0.8410_0.5287end6.02_7.43_10.26_77.55_-1.68_-15.89_-4.62_-4.94_-44.44_0.1032_-0.0502_0.8410_0.5287end1.61_8.87_10.84_77.55_-1.68_-15.89_-4.62_-4.94_-44.44_0.1032_-0.0502_0.8410_0.5287end2.71_6.45_6.68_77.55_-1.68_-15.89_-4.94_-3.56_-43.56_0.1032_-0.0502_0.8410_0.5287end6.13_8.26_7.49_77.55_-1.68_-15.89_-4.94_-3.56_-43.56_0.0959_-0.0552_0.8420_0.5281end3.37_9.23_12.89_77.55_-1.68_-15.89_-4.94_-3.56_-43.56_0.0949_-0.0556_0.8410_0.5297end9.95_15.80_24.65_77.55_-1.68_-15.89_-4.94_-3.56_-43.56_0.0949_-0.0556_0.8410_0.5297end2.90_5.77_9.10_13.88_-55.06_-8.62_-4.94_-3.56_-43.56_0.0949_-0.0556_0.8410_0.5297end2.90_5.77_9.10_13.88_-55.06_-8.62_-4.94_-3.56_-43.56_0.0991_-0.0515_0.8383_0.5337end0.43_8.50_6.03_13.88_-55.06_-8.62_-4.25_-3.94_-43.56_0.0980_-0.0521_0.8382_0.5339end2.32_7.29_4.01_13.88_-55.06_-8.62_-4.25_-3.94_-43.56_0.0980_-0.0521_0.8382_0.5339end3.76_7.67_3.55_13.88_-55.06_-8.62_-6.06_-3.94_-44.00_0.0930_-0.0547_0.8381_0.5349end2.47_8.05_0.52_13.88_-55.06_-8.62_-6.06_-3.94_-44.00_0.0908_-0.0558_0.8380_0.5353end,24.3787648,120.90907822,1064.6346435546875
623,,24.3787648,120.90907822,1064.6346435546875
624,,24.3787648,120.90907822,1064.6346435546875
625,3.56_8.91_2.28_13.88_-55.06_-8.62_-6.06_-3.94_-44.00_0.0908_-0.0558_0.8380_0.5353end3.36_8.34_2.62_13.88_-55.06_-8.62_-5.31_-5.25_-42.69_0.0835_-0.0594_0.8369_0.5378end1.41_7.79_3.23_13.88_-55.06_-8.62_-5.31_-5.25_-42.69_0.0819_-0.0601_0.8362_0.5389end1.58_8.55_8.11_13.88_-55.06_-8.62_-5.31_-5.25_-42.69_0.0819_-0.0601_0.8362_0.5389end2.29_8.56_8.11_13.88_-55.06_-8.62_-5.31_-5.25_-42.69_0.0819_-0.0601_0.8362_0.5389end2.78_8.60_6.82_13.88_-55.06_-8.62_-5.31_-5.25_-42.69_0.0819_-0.0601_0.8362_0.5389end2.78_8.60_6.82_13.88_-55.06_-8.62_-5.31_-5.25_-42.69_0.0819_-0.0587_0.8334_0.5433end4.91_9.04_8.92_13.88_-55.06_-8.62_-5.31_-5.25_-42.69_0.0829_-0.0569_0.8323_0.5452end4.79_8.58_7.94_13.88_-55.06_-8.62_-5.31_-5.25_-42.69_0.0829_-0.0569_0.8323_0.5452end4.39_8.23_6.23_16.79_-34.36_-10.52_-5.31_-5.25_-42.69_0.0855_-0.0537_0.8307_0.5475end,24.3787648,120.90907822,1064.6346435546875
626,,24.3787648,120.90907822,1064.6346435546875
627,4.05_8.11_5.19_20.93_-29.66_-13.43_-4.62_-5.62_-43.19_0.0855_-0.0537_0.8307_0.5475end4.05_8.11_5.19_20.93_-29.66_-13.43_-4.62_-5.62_-43.19_0.0869_-0.0516_0.8295_0.5493end4.62_8.14_4.02_20.93_-29.66_-13.43_-4.62_-5.62_-43.19_0.0869_-0.0516_0.8295_0.5493end4.62_8.14_4.02_20.93_-29.66_-13.43_-5.37_-7.06_-43.19_0.0877_-0.0495_0.8281_0.5514end4.62_8.14_4.02_20.93_-29.66_-13.43_-5.37_-7.06_-43.19_0.0880_-0.0485_0.8273_0.5526end4.25_8.28_5.25_20.93_-29.66_-13.43_-5.37_-7.06_-43.19_0.0880_-0.0485_0.8273_0.5526end4.25_8.28_5.25_20.93_-29.66_-13.43_-5.37_-6.31_-42.69_0.0889_-0.0454_0.8246_0.5568end3.65_8.31_5.38_20.93_-29.66_-13.43_-5.37_-6.31_-42.69_0.0895_-0.0432_0.8229_0.5594end3.65_8.31_5.38_30.66_-23.05_-20.48_-5.37_-6.31_-42.69_0.0898_-0.0421_0.8221_0.5607end3.43_8.15_4.34_30.66_-23.05_-20.48_-6.12_-7.06_-41.81_0.0898_-0.0421_0.8221_0.5607end,24.3787648,120.90907822,1064.6346435546875
628,,24.3787648,120.90907822,1064.6346435546875
629,3.43_8.15_4.34_29.10_-19.92_-23.28_-6.12_-7.06_-41.81_0.0902_-0.0397_0.8205_0.5630end3.21_8.23_3.10_29.21_-17.90_-24.17_-6.12_-7.06_-41.81_0.0903_-0.0385_0.8198_0.5642end3.21_8.23_3.10_29.21_-17.90_-24.17_-6.12_-7.06_-41.81_0.0902_-0.0375_0.8190_0.5654end3.21_8.23_3.10_31.89_-11.86_-24.40_-6.12_-7.06_-41.81_0.0901_-0.0363_0.8182_0.5666end2.93_8.20_2.70_31.89_-11.86_-24.40_-6.12_-7.06_-41.81_0.0901_-0.0363_0.8182_0.5666end2.79_8.22_2.60_34.13_11.75_-23.05_-6.12_-7.06_-41.81_0.0901_-0.0363_0.8182_0.5666end0.97_8.39_3.53_34.13_11.75_-23.05_-6.12_-7.06_-41.81_0.0865_-0.0334_0.8144_0.5729end0.97_8.39_3.53_33.80_24.95_-23.05_-6.12_-7.06_-41.81_0.0865_-0.0334_0.8144_0.5729end0.67_8.40_3.74_33.80_24.95_-23.05_-6.12_-7.06_-41.81_0.0865_-0.0334_0.8144_0.5729end0.67_8.40_3.74_33.80_24.95_-23.05_-6.12_-7.06_-41.81_0.0805_-0.0335_0.8116_0.5777end,24.3787648,120.90907822,1064.6346435546875
630,,24.3787648,120.90907822,1064.6346435546875
631,,24.3787648,120.90907822,1064.6346435546875
632,0.51_8.39_3.79_33.80_24.95_-23.05_-6.12_-7.06_-41.81_0.0805_-0.0335_0.8116_0.5777end0.57_8.43_3.74_35.25_6.04_-23.28_-6.12_-7.06_-41.81_0.0805_-0.0335_0.8116_0.5777end0.57_8.43_3.74_35.25_6.04_-23.28_-6.12_-7.06_-41.81_0.0775_-0.0323_0.8092_0.5815end0.57_8.43_3.74_35.25_6.04_-23.28_-5.44_-10.25_-43.25_0.0774_-0.0302_0.8074_0.5842end0.58_8.40_3.55_35.25_6.04_-23.28_-5.44_-10.25_-43.25_0.0778_-0.0289_0.8065_0.5854end0.74_8.45_3.20_35.25_6.04_-23.28_-5.44_-10.25_-43.25_0.0778_-0.0289_0.8065_0.5854end0.74_8.45_3.20_34.36_-36.03_-21.82_-5.44_-10.25_-43.25_0.0797_-0.0244_0.8035_0.5894end1.07_8.48_2.96_34.36_-36.03_-21.82_-5.44_-10.25_-43.25_0.0804_-0.0228_0.,24.3787648,120.90907822,1064.6346435546875
633,8026_0.5906end1.07_8.48_2.96_34.36_-36.03_-21.82_-5.44_-10.50_-41.50_0.0804_-0.0228_0.8026_0.5906end1.07_8.48_2.96_34.36_-36.03_-21.82_-5.44_-10.50_-41.50_0.0813_-0.0211_0.8016_0.5919end,24.3787648,120.90907822,1064.6346435546875
634,,24.3787648,120.90907822,1064.6346435546875
635,2.52_8.47_2.20_34.36_-36.03_-21.82_-5.44_-10.50_-41.50_0.0813_-0.0211_0.8016_0.5919end3.61_8.55_1.39_34.36_-36.03_-21.82_-5.44_-10.50_-41.50_0.0813_-0.0211_0.8016_0.5919end3.62_8.45_1.29_34.36_-36.03_-21.82_-6.87_-10.88_-41.94_0.0813_-0.0211_0.8016_0.5919end3.67_8.52_1.21_34.36_-36.03_-21.82_-6.50_-10.25_-41.50_0.0840_-0.0125_0.7961_0.5992end3.67_8.52_1.21_34.58_2.01_-25.18_-6.50_-10.25_-41.50_0.0840_-0.0125_0.7961_0.5992end2.10_8.53_0.85_34.69_11.86_-25.18_-6.50_-10.25_-41.50_0.0840_-0.0125_0.7961_0.5992end1.64_8.57_0.68_34.13_30.33_-24.51_-6.50_-10.25_-41.50_0.0840_-0.0125_0.7961_0.5992end1.64_8.57_0.68_34.13_30.33_-24.51_-6.56_-11.94_-41.56_0.0840_-,24.3787648,120.90907822,1064.6346435546875
636,,24.3787648,120.90907822,1064.6346435546875
637,,24.3787648,120.90907822,1064.6346435546875
638,0.0125_0.7961_0.5992end1.64_8.57_0.68_32.45_40.85_-24.62_-6.56_-11.94_-41.56_0.0741_-0.0118_0.7906_0.6076end-0.14_8.73_-0.39_32.45_40.85_-24.62_-6.56_-11.94_-41.56_0.0741_-0.0118_0.7906_0.6076end-0.41_8.79_-0.78_32.45_40.85_-24.62_-6.56_-11.94_-41.56_0.0699_-0.0126_0.7894_0.6098end-0.41_8.79_-0.78_32.45_40.85_-24.62_-6.56_-11.94_-41.56_0.0677_-0.0129_0.7887_0.6109end-0.41_8.79_-0.78_32.45_40.85_-24.62_-6.56_-11.94_-41.56_0.0637_-0.0137_0.7874_0.6130end-0.67_8.91_-1.09_32.45_40.85_-24.62_-4.06_-12.94_-41.56_0.0637_-0.0137_0.7874_0.6130end-0.67_8.91_-1.09_32.45_40.85_-24.62_-4.06_-12.94_-41.56_0.0618_-0.0139_0.7868_0.6140end-1.02_8.99_-1.52_32.45_40.85_-24.62_-4.06_-12.94_-41.56_0.0618_-0.0139_0.7868_0.6140end-1.02_8.99_-1.52_32.45_40.85_-24.62_-5.12_-13.31_-42.00_0.0566_-0.0146_0.7850_0.6168end-1.02_8.99_-1.52_32.45_40.85_-24.62_-5.12_-13.31_-42.00_0.0534_-0.0150_0.7839_0.6185end-1.48_9.07_-1.73_32.45_40.85_-24.62_-4.06_-13.62_-40.69_0.0534_-0.0150_0.7839_0.6185end-1.48_9.07_-1.73_21.15_35.03_-19.25_-4.06_-13.62_-40.69_0.0501_-0.0156_0.7828_0.6200end,24.3787648,120.90907822,1064.6346435546875
639,,24.3787648,120.90907822,1064.6346435546875
640,-1.39_9.14_-1.64_21.15_35.03_-19.25_-4.06_-13.62_-40.69_0.0501_-0.0156_0.7828_0.6200end-1.39_9.14_-1.64_19.25_37.38_-18.13_-4.06_-13.62_-40.69_0.0467_-0.0163_0.7820_0.6213end-1.40_9.17_-1.37_19.25_37.38_-18.13_-4.06_-13.62_-40.69_0.0450_-0.0167_0.7816_0.6220end-1.40_9.17_-1.37_18.02_39.73_-16.23_-4.06_-13.62_-40.69_0.0432_-0.0173_0.7811_0.6226end-1.55_9.30_-0.88_18.02_39.73_-16.23_-4.06_-13.62_-40.69_0.0432_-0.0173_0.7811_0.6226end-1.71_9.33_-0.73_18.02_39.73_-16.23_-4.06_-13.62_-40.69_0.0432_-0.0173_0.7811_0.6226end-1.83_9.27_-0.73_18.02_39.73_-16.23_-4.06_-13.62_-40.69_0.0432_-0.0173_0.7811_0.6226end-2.04_9.34_-0.67_18.02_39.73_-16.23_-4.06_-13.62_-4,24.3787648,120.90907822,1064.6346435546875
641,0.69_0.0432_-0.0173_0.7811_0.6226end-2.04_9.34_-0.67_18.02_39.73_-16.23_-4.06_-13.62_-40.69_0.0299_-0.0224_0.7786_0.6265end-2.39_9.42_-0.43_18.02_39.73_-16.23_-4.06_-13.62_-40.69_0.0287_-0.0228_0.7783_0.6268end,24.3787648,120.90907822,1064.6346435546875
642,-2.27_9.44_-0.32_18.02_39.73_-16.23_-4.06_-13.62_-40.69_0.0287_-0.0228_0.7783_0.6268end-2.14_9.45_-0.13_8.06_16.67_-7.61_-4.06_-13.62_-40.69_0.0287_-0.0228_0.7783_0.6268end-2.14_9.45_-0.13_8.06_16.67_-7.61_-4.06_-13.62_-40.69_0.0264_-0.0234_0.7776_0.6277end-2.14_9.45_-0.13_3.92_10.85_-6.49_-4.06_-13.62_-40.69_0.0254_-0.0236_0.7774_0.6281end-1.67_9.41_0.42_3.92_10.85_-6.49_-4.06_-13.62_-40.69_0.0254_-0.0236_0.7774_0.6281end-2.14_9.45_0.10_3.92_10.85_-6.49_-1.87_-15.00_-39.88_0.0254_-0.0236_0.7774_0.6281end-2.14_9.45_0.10_3.92_10.85_-6.49_-0.50_-15.00_-41.19_0.0254_-0.0236_0.7774_0.6281end-2.45_9.42_-0.11_3.92_10.85_-6.49_-0.50_-15.00_-41.19_0.0248_-0.0234_0.7771_0.6285end-3.00_9.41_-0.36_3.92_10.85_-6.49_-0.50_-15.00_-41.19_0.0248_-0.0234_0.7771_0.6285end-3.00_9.41_-0.36_3.92_10.85_-6.49_-0.50_-15.00_-41.19_0.0253_-0.0229_0.7770_0.6285end,24.3787648,120.90907822,1064.6346435546875
643,,24.3787648,120.90907822,1064.6346435546875
644,-2.54_9.40_-0.36_3.92_10.85_-6.49_-0.50_-15.00_-41.19_0.0253_-0.0229_0.7770_0.6285end-2.54_9.40_-0.36_3.92_10.85_-6.49_-1.87_-13.31_-42.50_0.0253_-0.0229_0.7770_0.6285end-0.34_9.38_1.55_3.92_10.85_-6.49_-1.87_-13.31_-42.50_0.0253_-0.0229_0.7770_0.6285end-0.34_9.38_1.55_-0.11_-37.38_4.48_-1.87_-13.31_-42.50_0.0312_-0.0182_0.7763_0.6293end-0.34_9.38_1.55_-0.11_-37.38_4.48_-2.25_-15.06_-41.19_0.0340_-0.0164_0.7761_0.6294end0.52_9.37_1.68_-0.11_-37.38_4.48_-2.25_-15.06_-41.19_0.0352_-0.0156_0.7761_0.6295end0.96_9.34_1.73_-0.11_-37.38_4.48_-2.25_-15.06_-41.19_0.0352_-0.0156_0.7761_0.6295end1.68_9.33_1.78_0.11_-25.74_2.35_-2.25_-15.06_-41.19_0.0352_-0.0156_0.7761_0.6295end1.95_9.33_1.81_0.00_-24.95_1.79_-2.25_-15.06_-41.19_0.0352_-0.0156_0.7761_0.6295end1.95_9.33_1.81_0.00_-24.95_1.79_-2.25_-15.06_-41.19_0.0390_-0.0129_0.7758_0.6297end,24.3787648,120.90907822,1064.6346435546875
645,,24.3787648,120.90907822,1064.6346435546875
646,2.31_9.36_1.91_0.56_-23.39_2.46_-2.25_-15.06_-41.19_0.0390_-0.0129_0.7758_0.6297end2.19_9.36_1.88_0.56_-23.39_2.46_-2.25_-15.06_-41.19_0.0390_-0.0129_0.7758_0.6297end2.19_9.36_1.88_0.67_-15.78_1.68_-2.25_-15.06_-41.19_0.0425_-0.0104_0.7753_0.6301end2.11_9.33_1.87_0.67_-15.78_1.68_-3.00_-15.06_-40.75_0.0425_-0.0104_0.7753_0.6301e,24.3787648,120.90907822,1064.6346435546875
647,nd2.11_9.33_1.87_0.67_-15.78_1.68_-3.00_-15.06_-40.75_0.0429_-0.0099_0.7752_0.6302end3.06_9.33_1.95_0.67_-15.78_1.68_-3.00_-15.06_-40.75_0.0429_-0.0099_0.7752_0.6302end3.06_9.33_1.95_0.67_-15.78_1.68_-3.31_-14.00_-40.75_0.0439_-0.0087_0.7750_0.6304end3.06_9.33_1.95_0.67_-15.78_1.68_-3.31_-14.00_-40.75_0.0443_-0.0079_0.7749_0.6305end4.32_9.25_1.86_0.67_-15.78_1.68_-3.31_-14.00_-40.75_0.0443_-0.0077_0.7749_0.6305end4.49_9.24_1.78_0.67_-15.78_1.68_-3.31_-14.00_-40.75_0.0443_-0.0077_0.7749_0.6305end,24.3787648,120.90907822,1064.6346435546875
648,,24.3787648,120.90907822,1064.6346435546875
649,,24.3787648,120.90907822,1064.6346435546875
650,,24.3787648,120.90907822,1064.6346435546875
651,,24.3787648,120.90907822,1064.6346435546875
652,4.44_9.24_1.73_0.67_-15.78_1.68_-3.31_-14.00_-40.75_0.0443_-0.0077_0.7749_0.6305end4.44_9.24_1.73_0.67_-15.78_1.68_-3.31_-14.00_-40.75_0.0428_-0.0076_0.7748_0.6307end4.03_9.24_1.70_0.67_-15.78_1.68_-3.31_-14.00_-40.75_0.0428_-0.0076_0.7748_0.6307end3.80_9.24_1.67_0.67_-15.78_1.68_-3.31_-14.00_-40.75_0.0428_-0.0076_0.7748_0.6307end2.97_9.28_1.49_0.67_-15.78_1.68_-3.31_-14.00_-40.75_0.0428_-0.0076_0.7748_0.6307end2.97_9.28_1.49_1.01_28.54_-12.87_-3.31_-14.00_-40.75_0.0428_-0.0076_0.7748_0.6307end2.34_9.28_1.37_0.67_32.90_-12.98_-3.31_-14.00_-40.75_0.0428_-0.0076_0.7748_0.6307end1.48_9.23_1.18_0.67_32.90_-12.98_-3.31_-14.00_-40.75_0.0356_-0.0093_0.7745_0.6315end1.20_9.23_1.13_0.78_40.17_-13.20_-3.31_-14.00_-40.75_0.0356_-0.0093_0.7745_0.6315end1.20_9.23_1.13_1.01_41.85_-13.43_-3.31_-14.00_-40.75_0.0356_-0.0093_0.7745_0.6315end,24.3787648,120.90907822,1064.6346435546875
653,0.67_9.32_1.11_1.01_41.85_-13.43_-3.31_-14.00_-40.75_0.0356_-0.0093_0.7745_0.6315end0.67_9.32_1.11_1.12_40.51_-13.54_-3.31_-14.00_-40.75_0.0252_-0.0131_0.7744_0.6321end0.22_9.34_1.65_1.12_40.51_-13.54_-3.31_-14.00_-40.75_0.0252_-0.0131_0.7744_0.6321end0.22_9.34_1.65_0.56_30.66_-14.21_-0.81_-14.63_-40.38_0.0252_-0.0131_0.7744_0.6,24.3787648,120.90907822,1064.6346435546875
654,321end0.22_9.34_1.65_0.56_30.66_-14.21_-0.81_-14.63_-40.38_0.0207_-0.0143_0.7743_0.6324end0.22_9.34_1.65_0.56_30.66_-14.21_-0.81_-14.63_-40.38_0.0195_-0.0145_0.7742_0.6324end0.22_9.34_1.65_0.56_30.66_-14.21_-0.81_-14.63_-40.38_0.0195_-0.0145_0.7742_0.6324end0.27_9.34_1.97_0.56_30.66_-14.21_-0.81_-14.63_-40.38_0.0195_-0.0145_0.77,24.3787648,120.90907822,1064.6346435546875
655,42_0.6324end0.27_9.34_1.97_0.56_30.66_-14.21_-0.50_-14.69_-41.63_0.0195_-0.0145_0.7742_0.6324end0.27_9.34_1.97_0.56_30.66_-14.21_-0.50_-14.69_-41.63_0.0195_-0.0145_0.7742_0.6324end0.52_9.32_1.56_0.56_30.66_-14.21_-0.50_-14.69_-41.63_0.0195_-0.0145_0.7742_0.6324end0.52_9.32_1.56_0.56_30.66_-14.21_0.56_-15.00_-41.19_0.0113_-0.0141_0.7742_0.6327end0.79_9.28_1.41_0.56_30.66_-14.21_0.56_-15.00_-41.19_0.0106_-0.0139_0.7742_0.6327end1.04_9.29_1.46_0.56_30.66_-14.21_0.56_-15.00_-41.19_0.0106_-0.0139_0.7742_0.6327,24.3787648,120.90907822,1064.6346435546875
656,end1.04_9.29_1.46_0.56_30.66_-14.21_0.56_-14.63_-40.38_0.0106_-0.0139_0.7742_0.6327end1.27_9.21_1.72_0.56_30.66_-14.21_0.56_-14.63_-40.38_0.0085_-0.0131_0.7742_0.6328end1.19_9.31_1.79_-0.67_6.71_-15.67_0.56_-14.63_-40.38_0.0085_-0.0131_0.7742_0.6328end1.15_9.23_2.05_-0.34_7.16_-15.78_0.56_-14.63_-40.38_0.0085_-0.0131_0.7742_0.6328end1.15_9.23_2.05_-0.34_7.16_-15.78_-0.13_-14.25_-40.31_0.0051_-0.0115_0.7740_0.6330end1.00_9.32_2.37_-0.34_7.16_-15.78_-0.13_-14.25_-40.31_0.0051_-0.0115_0.7740_0.6330end,24.3787648,120.90907822,1064.6346435546875
657,1.00_9.29_2.44_-0.34_7.16_-15.78_-0.13_-14.25_-40.31_0.0051_-0.0115_0.7740_0.6330end1.00_9.29_2.44_-0.34_7.16_-15.78_-0.13_-14.25_-40.31_0.0023_-0.0101_0.7740_0.6331end1.37_9.24_2.62_-0.34_7.16_-15.78_-0.13_-14.25_-40.31_0.0015_-0.0096_0.7740_0.6331end1.60_9.27_2.69_-0.34_7.16_-15.78_-0.13_-14.25_-40.31_0.0015_-0.0096_0.7740_0.6331end1.60_9.27_2.69_-0.34_7.16_-15.78_-0.13_-13.94_-42.06_0.0002_-0.0087_0.7739_0.6332end1.60_9.27_2.69_-0.56_8.28_-19.70_-0.13_-13.94_-42.06_0.0013_0.0077_-0.7739_-0.6332end1.64_9.23_2.40_-0.56_8.28_-19.70_-0.13_-13.94_-42.06_0.0022_0.0073_-0.7739_-0.6332end1.64_9.23_2.40_-0.56_8.28_-19.70_-0.13_-13.94_-42.06_0.0022_0.0073_-0.7739_-0.6332end1.54_9.19_2.38_-0.56_8.28_-19.70_-0.13_-13.94_-42.06_0.0022_0.0073_-0.7739_-0.6332end0.96_9.21_2.17_-0.56_8.28_-19.70_-0.13_-13.94_-42.06_0.0067_0.0063_-0.7738_-0.6334end,24.3787648,120.90907822,1064.6346435546875
658,,24.3787648,120.90907822,1064.6346435546875
659,,24.3787648,120.90907822,1064.6346435546875
660,0.04_9.20_2.29_-0.56_8.28_-19.70_-0.13_-13.94_-42.06_0.0067_0.0063_-0.7738_-0.6334end-0.14_9.21_2.39_2.01_21.04_-21.60_-0.13_-13.94_-42.06_0.0067_0.0063_-0.7738_-0.6334end-0.14_9.21_2.39_2.01_21.04_-21.60_2.44_-14.25_-39.88_0.0105_0.0060_-0.7735_-0.6337end-0.14_9.21_2.39_2.01_21.04_-21.60_2.44_-14.25_-39.88_0.0128_0.0055_-0.7733_-0.6339end0.47_9.19_3.10_2.01_21.04_-21.60_2.44_-14.25_-39.88_0.0128_0.0055_-0.7733_-0.6339end0.70_9.23_3.11_1.45_0.45_-22.83_2.44_-14.25_-39.88_0.0128_0.0055_-0.7733_-0.6339end1.27_9.21_3.07_1.45_0.45_-22.83_2.44_-14.25_-39.88_0.0156_0.0027_-0.7729_-0.6342end1.73_9.10_3.07_1.45_0.45_-22.83_2.06_-14.25_-39.88_0.0159_0.0017_-0.7729_-0.6343end2.21_9.15_2.91_2.01_-11.75_-24.62_2.06_-14.25_-39.88_0.0159_0.0017_-0.7729_-0.6343end2.21_9.15_2.91_2.13_-13.09_-25.63_1.31_-15.00_-40.75_0.0159_0.0017_-0.7729_-0.6343end,24.3787648,120.90907822,1064.6346435546875
661,,24.3787648,120.90907822,1064.6346435546875
662,2.56_9.07_2.44_2.13_-13.09_-25.63_1.31_-15.00_-40.75_0.0172_-0.0028_-0.7725_-0.6347end2.56_9.07_2.44_2.13_-13.09_-25.63_1.31_-14.63_-41.63_0.0176_-0.0039_-0.7725_-0.6348end2.64_9.04_2.26_2.13_-13.09_-25.63_1.31_-14.63_-41.63_0.0176_-0.0039_-0.7725_-0.6348end2.37_9.04_2.05_2.13_-13.09_-25.63_1.31_-14.63_-41.63_0.0176_-0.0039_-0.7725_-0.6348end2.12_9.02_2.11_3.47_-0.67_-29.77_1.31_-14.63_-41.63_0.0176_-0.0039_-0.7725_-0.6348end2.12_9.02_2.11_3.47_-0.67_-29.77_0.94_-15.31_-39.88_0.0216_-0.0085_-0.7717_-0.6356end1.47_8.98_2.02_3.47_-0.67_-29.77_0.94_-15.31_-39.88_0.0231_-0.0090_-0.7715_-0.6357end1.47_8.98_2.02_3.92_25.29_-32.12_2.06_-13.88_-40.75_0.0231_-0.0090_-0.7715_-0.6357end1.47_8.98_2.02_4.25_28.76_-32.56_2.06_-13.88_-40.75_0.0266_-0.0096_-0.7712_-0.6360end0.23_8.97_1.87_4.25_28.76_-32.56_2.06_-13.88_-40.75_0.0285_-0.0098_-0.7710_-0.6361end,24.3787648,120.90907822,1064.6346435546875
663,,24.3787648,120.90907822,1064.6346435546875
664,0.23_8.97_1.87_6.15_38.83_-33.57_2.06_-13.88_-40.75_0.0327_-0.0101_-0.7706_-0.6364end0.23_8.97_1.87_6.38_41.18_-33.57_3.12_-14.56_-40.38_0.0327_-0.0101_-0.7706_-0.6364end0.23_8.97_1.87_6.60_42.41_-33.35_3.12_-14.56_-40.38_0.0372_-0.0100_-0.7700_-0.6368end0.23_8.97_1.87_7.27_42.41_-33.35_3.12_-14.63_-41.69_0.0418_-0.0098_-0.7694_-0.6373end-2.34_9.09_2.54_7.27_42.41_-33.35_3.12_-14.63_-41.69_0.0441_-0.0097_-0.7691_-0.6375end-2.84_9.08_2.57_7.27_42.41_-33.35_3.12_-14.63_-41.69_0.0463_-0.0096_-0.7688_-0.6378end-3.07_9.10_2.55_8.17_36.37_-31.56_3.12_-14.63_-41.69_0.0463_-0.0096_-0.7688_-0.6378end-3.07_9.10_2.55_8.17_36.37_-31.56_3.12_-14.63_-41.69_0.0526_-0.0095_-0.7678_-0.6385end-3.60_9.15_2.55_8.17_36.37_-31.56_4.56_-14.94_-40.81_0.0526_-0.0095_-0.7678_-0.6385end-3.73_9.15_2.55_8.17_36.37_-31.56_4.56_-14.94_-40.81_0.0526_-0.0095_-0.7678_-0.6385end,24.3787648,120.90907822,1064.6346435546875
665,,24.3787648,120.90907822,1064.6346435546875
666,,24.3787648,120.90907822,1064.6346435546875
667,-3.73_9.15_2.55_8.17_36.37_-31.56_4.56_-14.94_-40.81_0.0526_-0.0095_-0.7678_-0.6385end-3.88_9.16_2.47_8.17_36.37_-31.56_4.56_-14.94_-40.81_0.0526_-0.0095_-0.7678_-0.6385end-3.88_9.16_2.47_8.17_36.37_-31.56_4.56_-14.94_-40.81_0.0526_-0.0095_-0.7678_-0.6385end-3.88_9.16_2.47_8.17_36.37_-31.56_4.56_-14.94_-40.81_0.0526_-0.0095_-0.7678_-0.6385end-3.88_9.16_2.47_8.17_36.37_-31.56_4.25_-14.56_-39.88_0.0526_-0.0095_-0.7678_-0.6385end-4.39_9.28_2.23_8.17_36.37_-31.56_4.25_-14.56_-39.88_0.0526_-0.0095_-0.7678_-0.6385end-4.39_9.28_2.23_8.17_36.37_-31.56_4.25_-14.56_-39.88_0.0690_-0.0126_-0.7635_-0.6420end-4.57_9.29_2.34_8.17_36.37_-31.56_4.94_-14.56_-40.81_0.069,24.3787648,120.90907822,1064.6346435546875
668,,24.3787648,120.90907822,1064.6346435546875
669,8_-0.0131_-0.7631_-0.6423end-4.59_9.32_2.37_8.17_36.37_-31.56_4.94_-14.56_-40.81_0.0698_-0.0131_-0.7631_-0.6423end-4.75_9.34_2.32_8.17_36.37_-31.56_4.94_-14.56_-40.81_0.0698_-0.0131_-0.7631_-0.6423end-4.75_9.34_2.32_11.19_6.60_-16.00_4.94_-14.56_-40.81_0.0720_-0.0143_-0.7620_-0.6434end-4.75_9.34_2.32_11.19_6.60_-16.00_4.94_-14.56_-40.81_0.0734_-0.0150_-0.7613_-0.6440end-4.87_9.36_2.19_11.19_6.60_-16.00_5.31_-15.25_-39.50_0.0739_-0.0153_-0.7610_-0.6444end-4.95_9.35_1.91_11.19_6.60_-16.00_5.31_-15.25_-39.50_0.0739_-0.0153_-0.7610_-0.6444end-4.99_9.36_1.83_11.19_6.60_-16.00_5.94_-14.87_-39.50_0.0739_-0.0153_-0.7610_-0.6444end-4.99_9.36_1.83_11.19_6.60_-16.00_5.94_-14.87_-39.50_0.0751_-0.0164_-0.7599_-0.6454end-4.99_9.36_1.83_11.19_6.60_-16.00_5.31_-14.87_-40.38_0.0753_-0.0174_-0.7592_-0.6462end-4.70_9.38_1.75_11.19_6.60_-16.00_5.31_-14.87_-40.38_0.0752_-0.0180_-0.7590_-0.6465end-4.58_9.40_1.78_11.41_-18.13_-7.05_5.31_-14.87_-40.38_0.0752_-0.0180_-0.7590_-0.6465end-4.20_9.35_1.67_11.41_-18.13_-7.05_6.31_-15.94_-39.94_0.0752_-0.0180_-0.7590_-0.6465end,24.3787648,120.90907822,1064.6346435546875
670,,24.3787648,120.90907822,1064.6346435546875
671,-4.20_9.35_1.67_10.52_-26.41_-5.71_6.31_-15.94_-39.94_0.0729_-0.0214_-0.7580_-0.6478end-3.56_9.34_1.64_10.52_-26.41_-5.71_6.31_-15.94_-39.94_0.0729_-0.0214_-0.7580_-0.6478end-3.13_9.37_1.83_10.52_-26.41_-5.71_6.31_-15.94_-39.94_0.0729_-0.0214_-0.7580_-0.6478end-3.13_9.37_1.83_10.52_-26.41_-5.71_6.31_-15.94_-39.94_0.0700_-0.0248_-0.7574_-0.6487end-3.13_9.37_1.83_10.52_-26.41_-5.71_6.31_-15.94_-39.94_0.0677_-0.0270_-0.7570_-0.6493end-2.58_9.32_1.86_10.52_-26.41_-5.71_6.31_-15.94_-39.94_0.0677_-0.0270_-0.7570_-0.6493end-2.07_9.31_1.79_10.63_-32.23_-1.68_6.31_-15.94_-39.94_0.0677_-0.0270_-0.7570_-0.6493end-1.88_9.32_1.78_10.41_-26.19_-1.68_6.31_-15.94_-39.94_0.0677_-0.0270_-0.7570_-0.6493end-1.88_9.32_1.78_10.41_-26.19_-1.68_4.94_-16.00_-40.81_0.0641_-0.0307_-0.7562_-0.6505end-1.50_9.28_1.26_10.41_-26.19_-1.68_4.94_-16.00_-40.81_0.0634_-0.0315_-0.7559_-0.6508end,24.3787648,120.90907822,1064.6346435546875
672,,24.3787648,120.90907822,1064.6346435546875
673,,24.3787648,120.90907822,1064.6346435546875
674,-1.37_9.28_1.28_10.18_-27.75_-1.34_4.94_-16.00_-40.81_0.0634_-0.0315_-0.7559_-0.6508end-1.37_9.28_1.28_10.18_-27.42_-1.68_4.94_-16.00_-40.81_0.0634_-0.0315_-0.7559_-0.6508end-1.19_9.28_1.27_10.18_-27.42_-1.68_4.94_-16.00_-40.81_0.0592_-0.0357_-0.7548_-0.6523end-0.92_9.28_1.52_10.18_-27.42_-1.68_3.44_-16.94_-38.69_0.0592_-0.0357_,24.3787648,120.90907822,1064.6346435546875
675,-0.7548_-0.6523end-0.96_9.32_1.66_12.31_-19.47_-1.68_3.44_-16.94_-38.69_0.0592_-0.0357_-0.7548_-0.6523end-1.02_9.34_1.67_12.31_-19.47_-1.68_3.44_-16.94_-38.69_0.0575_-0.0378_-0.7540_-0.6533end-1.12_9.31_1.78_12.31_-19.47_-1.68_4.19_-16.62_-40.44_0.0575_-0.0378_-0.7540_-0.6533end-1.46_9.31_1.66_12.31_-19.47_-1.68_4.19_-16.62_-40.44_0.0575_-0.0378_-0.7540_-0.6533end-1.46_9.31_1.66_12.31_-19.47_-1.68_4.19_-16.62_-40.44_0.0575_-0.0387_-0.7522_-0.6553end-2.04_9.33_1.52_12.31_-19.47_-1.68_4.19_-16.62_-39.06_0.0575_-0.0387_-0.7522_-0.6553end,24.3787648,120.90907822,1064.6346435546875
676,-2.23_9.34_1.54_12.31_-19.47_-1.68_4.19_-16.62_-39.06_0.0585_-0.0383_-0.7514_-0.6561end-2.23_9.34_1.54_12.31_-19.47_-1.68_4.19_-16.62_-39.06_0.0590_-0.0380_-0.7510_-0.6566end-2.23_9.34_1.54_12.31_-19.47_-1.68_4.19_-16.62_-39.06_0.0594_-0.0377_-0.7505_-0.6570end-2.72_9.42_2.04_12.31_-19.47_-1.68_4.19_-16.62_-39.06_0.0594_-0.0377_-0.7505_-0.6570end-2.72_9.42_2.04_12.31_-19.47_-1.68_4.19_-16.62_-39.06_0.0594_-0.0377_-0.7505_-0.6570end-2.64_9.32_2.19_12.31_-19.47_-1.68_4.19_-16.56_-38.19_0.0594_-0.0377_-0.7505_-0.6570end-2.64_9.32_2.19_12.31_-19.47_-1.68_4.19_-16.56_-38.19_0.0594_-0.0377_-0.7505_-0.6570end-2.64_9.32_2.19_12.31_-19.47_-1.68_4.19_-16.56_-38.19_0.0600_-0.0377_-0.7474_-0.6605end-2.11_9.33_2.21_12.31_-19.47_-1.68_4.19_-16.56_-38.19_0.0600_-0.0377_-0.7474_-0.6605end-2.11_9.33_2.21_15.55_-10.85_1.79_4.19_-16.56_-38.19_0.0600_-0.0377_-0.7474_-0.6605end,24.3787648,120.90907822,1064.6346435546875
677,,24.3787648,120.90907822,1064.6346435546875
678,,24.3787648,120.90907822,1064.6346435546875
679,-2.09_9.33_2.19_15.55_-10.85_1.79_4.19_-16.56_-38.19_0.0600_-0.0377_-0.7474_-0.6605end-2.11_9.31_2.20_15.55_-10.85_1.79_4.19_-16.56_-38.19_0.0584_-0.0389_-0.7454_-0.6629end-2.11_9.31_2.20_15.55_-10.85_1.79_4.19_-17.31_-39.56_0.0581_-0.0391_-0.7450_-0.6634end-2.26_9.33_1.92_15.55_-10.85_1.79_4.19_-17.31_-39.56_0.0578_-0.0393_-0.7445_-0.6639end-2.33_9.34_1.87_17.12_-6.71_3.25_4.19_-17.31_-39.56_0.0578_-0.0393_-0.7445_-0.6639end-2.33_9.34_1.87_17.12_-6.71_3.25_4.19_-17.31_-39.56_0.0570_-0.0397_-0.7431_-0.6655end-2.61_9.34_1.66_17.12_-6.71_3.25_4.87_-18.37_-40.00_0.0570_-0.0397_-0.7431_-0.6655end-2.61_9.34_1.66_18.24_-8.62_4.03_4.87_-18.37_-40.00_0.0570_-0.0397_-0.7431_-0.6655end-2.70_9.34_1.59_18.24_-8.62_4.03_4.87_-18.37_-40.00_0.0570_-0.0397_-0.7431_-0.6655end-2.70_9.34_1.59_18.24_-9.40_4.70_4.87_-18.37_-40.00_0.0570_-0.0397_-0.7431_-0.6655end,24.3787648,120.90907822,1064.6346435546875
680,,24.3787648,120.90907822,1064.6346435546875
681,,24.3787648,120.90907822,1064.6346435546875
682,-2.70_9.34_1.59_18.69_-12.42_5.93_4.87_-18.37_-40.00_0.0555_-0.0404_-0.7411_-0.6678end-3.09_9.34_1.20_18.69_-12.42_5.93_4.87_-18.37_-40.00_0.0544_-0.0408_-0.7402_-0.6689end-3.13_9.33_1.01_18.69_-12.42_5.93_4.87_-18.37_-40.00_0.0544_-0.0408_-0.7402_-0.6689end-3.14_9.37_1.01_18.69_-12.42_5.93_4.50_-18.69_-38.25_0.0544_-0.0408_-0.7402_-0.6689end-3.16_9.38_0.95_18.69_-12.42_5.93_4.12_-18.00_-38.69_0.0521_-0.0421_-0.7383_-0.6711end-3.16_9.38_0.95_18.69_-12.42_5.93_4.12_-18.00_-38.69_0.0503_-0.0431_-0.7374_-0.6722end-3.22_9.38_0.89_18.69_-12.42_5.93_4.12_-18.00_-38.69_0.0493_-0.0436_-0.7369_-0.6727end-3.24_9.37_0.85_18.69_-12.42_5.93_3.06_-18.75_-38.69_0.049,24.3787648,120.90907822,1064.6346435546875
683,,24.3787648,120.90907822,1064.6346435546875
684,,24.3787648,120.90907822,1064.6346435546875
685,3_-0.0436_-0.7369_-0.6727end-3.12_9.34_0.83_18.69_-12.42_5.93_3.44_-18.75_-38.69_0.0460_-0.0452_-0.7356_-0.6743end-3.03_9.36_0.84_18.69_-12.42_5.93_3.06_-19.12_-39.56_0.0449_-0.0458_-0.7352_-0.6749end-3.03_9.36_0.84_19.25_-30.77_11.41_3.06_-19.12_-39.56_0.0449_-0.0458_-0.7352_-0.6749end-3.03_9.36_0.84_19.25_-30.77_11.41_2.69_-18.00_-38.69_0.0449_-0.0458_-0.7352_-0.6749end-3.03_9.36_0.84_19.25_-30.77_11.41_2.69_-18.00_-38.69_0.0396_-0.0483_-0.7333_-0.6770end-2.33_9.34_1.03_19.25_-30.77_11.41_2.69_-18.00_-38.69_0.0396_-0.0483_-0.7333_-0.6770end-1.99_9.34_1.05_19.25_-30.77_11.41_2.69_-18.00_-38.69_0.0396_-0.0483_-0.7333_-0.6770end-1.99_9.34_1.05_19.25_-30.77_11.41_2.69_-18.00_-38.69_0.0342_-0.0510_-0.7316_-0.6790end-1.78_9.32_0.96_19.25_-30.77_11.41_2.69_-18.00_-38.69_0.0342_-0.0510_-0.7316_-0.6790end-1.73_9.32_0.95_19.25_-30.77_11.41_2.69_-18.00_-38.69_0.0342_-0.0510_-0.7316_-0.6790end-1.53_9.31_0.95_19.25_-30.77_11.41_2.69_-18.00_-38.69_0.0342_-0.0510_-0.7316_-0.6790end-1.53_9.31_0.95_19.25_-30.77_11.41_2.69_-18.00_-38.69_0.0278_-0.0541_-0.7298_-0.6810end,24.3787648,120.90907822,1064.6346435546875
686,,24.3787648,120.90907822,1064.6346435546875
687,-1.53_9.31_0.95_19.25_-30.77_11.41_2.69_-18.00_-38.69_0.0260_-0.0550_-0.7294_-0.6814end-1.07_9.31_1.14_19.25_-30.77_11.41_2.69_-18.00_-38.69_0.0260_-0.0550_-0.7294_-0.6814end-1.07_9.31_1.14_19.25_-30.77_11.41_1.94_-19.44_-38.25_0.0260_-0.0550_-0.7294_-0.6814end-0.64_9.32_1.18_19.25_-30.77_11.41_1.94_-19.44_-38.25_0.0260_-0.0550_-0.7294_-0.6814end-0.30_9.29_1.29_19.25_-30.77_11.41_1.94_-19.44_-38.25_0.0260_-0.0550_-0.7294_-0.6814end-0.13_9.27_1.27_20.48_-35.81_12.20_1.94_-19.44_-38.25_0.0260_-0.0550_-0.7294_-0.6814end-0.02_9.28_1.37_20.48_-35.81_12.20_1.94_-19.44_-38.25_0.0117_-0.0626_-0.7249_-0.6860end-0.02_9.28_1.37_20.48_-35.81_12.20_0.50_-20.50_-37.,24.3787648,120.90907822,1064.6346435546875
688,38_0.0106_-0.0630_-0.7243_-0.6865end0.05_9.28_1.36_20.48_-35.81_12.20_0.50_-20.50_-37.38_0.0096_-0.0634_-0.7238_-0.6871end0.15_9.30_1.37_20.48_-35.81_12.20_0.50_-20.50_-37.38_0.0096_-0.0634_-0.7238_-0.6871end,24.3787648,120.90907822,1064.6346435546875
689,,24.3787648,120.90907822,1064.6346435546875
690,0.15_9.30_1.37_20.48_-35.81_12.20_0.50_-20.50_-37.38_0.0070_-0.0642_-0.7219_-0.6889end0.02_9.30_1.41_20.48_-35.81_12.20_0.50_-20.50_-37.38_0.0070_-0.0642_-0.7219_-0.6889end0.02_9.30_1.41_20.48_-35.81_12.20_-0.25_-21.25_-37.88_0.0070_-0.0642_-0.7219_-0.6889end0.02_9.30_1.41_20.48_-35.81_12.20_-0.25_-21.25_-37.88_0.0048_-0.0643_-0.7193_-0.6917end-0.46_9.30_1.58_20.48_-35.81_12.20_-0.25_-21.25_-37.88_0.0048_-0.0643_-0.7193_-0.6917end-0.86_9.34_1.55_20.48_-35.81_12.20_-0.62_-20.88_-37.38_0.0048_-0.0643_-0.7193_-0.6917end-0.86_9.34_1.55_20.48_-35.81_12.20_-0.25_-21.25_-37.00_0.0031_-0.0638_-0.7165_-0.6946end-1.23_9.30_1.43_20.48_-35.81_12.20_-0.25_-21.25_-37.00_0.0031_-0.0638_-0.7165_-0.6946end-1.23_9.30_1.43_26.30_-2.13_8.62_-0.25_-21.25_-36.56_0.0031_-0.0638_-0.7165_-0.6946end-1.23_9.30_1.43_26.30_-2.13_8.62_-0.25_-21.25_-36.56_0.0022_-0.0634_-0.7143_-0.6970end,24.3787648,120.90907822,1064.6346435546875
691,-1.48_9.32_1.21_26.30_-2.13_8.62_-0.25_-21.25_-36.56_0.0018_-0.0632_-0.7136_-0.6978end-1.61_9.31_1.05_26.30_-2.13_8.62_-0.25_-21.25_-36.56_0.0018_-0.0632_-0.7136_-0.6978end-1.61_9.31_1.05_26.30_-2.13_8.62_0.06_-22.69_-38.75_0.0002_-0.0626_-0.7104_-0.7010end-1.53_9.30_0.94_26.30_-2.13_8.62_-1.31_-21.62_-37.38_0.0002_-0.0626_-0.7104_-0.7010end-1.50_9.30_0.78_28.54_-10.30_10.07_-1.31_-21.62_-37.38_0.0002_-0.0626_-0.7104_-0.7010end-1.50_9.30_0.78_28.54_-10.30_10.07_-1.31_-21.62_-37.38_0.0016_0.0625_0.7080_0.7034end-1.48_9.29_0.69_28.54_-10.30_10.07_-1.31_-21.62_-37.38_0.0016_0.0625_0.7080_0.7034end-1.23_9.28_0.42_28.54_-10.30_10.07_-1.31_-21.62_-37.38_0.00,24.3787648,120.90907822,1064.6346435546875
692,16_0.0625_0.7080_0.7034end-1.23_9.28_0.42_28.54_-10.30_10.07_-1.00_-23.62_-35.75_0.0049_0.0633_0.7047_0.7066end-1.23_9.28_0.42_29.10_-22.05_10.41_-1.00_-23.62_-35.75_0.0056_0.0637_0.7040_0.7073end,24.3787648,120.90907822,1064.6346435546875
693,,24.3787648,120.90907822,1064.6346435546875
694,-0.81_9.28_0.16_29.10_-22.05_10.41_-1.00_-23.62_-35.75_0.0067_0.0641_0.7031_0.7081end-0.81_9.28_0.16_28.87_-26.30_9.96_-1.00_-23.62_-35.75_0.0067_0.0641_0.7031_0.7081end-0.81_9.28_0.16_28.87_-26.30_9.96_-1.31_-22.94_-36.13_0.0090_0.0649_0.7014_0.7098end-0.81_9.28_0.16_29.21_-27.08_9.85_-1.31_-22.94_-36.13_0.0110_0.0659_0.6997_0.7112end-0.28_9.24_-0.03_29.21_-27.08_9.85_-1.31_-22.94_-36.13_0.0121_0.0665_0.6989_0.7120end-0.28_9.24_-0.03_29.21_-27.08_9.85_-2.44_-22.94_-36.13_0.0121_0.0665_0.6989_0.7120end-0.13_9.27_-0.16_29.21_-27.08_9.85_-2.44_-22.94_-36.13_0.0121_0.0665_0.6989_0.7120end-0.05_9.23_-0.25_29.21_-27.08_9.85_-2.44_-22.94_-36.13_0.0121_0.0665_0.6989_0.7120end0.00_9.25_-0.30_29.66_-28.42_8.62_-2.44_-22.94_-36.13_0.0121_0.0665_0.6989_0.7120end0.17_9.24_-0.35_29.66_-28.42_8.62_-2.44_-22.94_-36.13_0.0121_0.0665_0.6989_0.7120end,24.3787648,120.90907822,1064.6346435546875
695,,24.3787648,120.90907822,1064.6346435546875
696,,24.3787648,120.90907822,1064.6346435546875
697,,24.3787648,120.90907822,1064.6346435546875
698,0.17_9.24_-0.35_29.66_-28.42_8.62_-3.94_-24.75_-34.88_0.0121_0.0665_0.6989_0.7120end0.17_9.24_-0.35_29.66_-28.42_8.62_-3.94_-24.75_-34.88_0.0121_0.0665_0.6989_0.7120end0.30_9.25_-0.41_29.66_-28.42_8.62_-3.87_-24.06_-36.13_0.0121_0.0665_0.6989_0.7120end0.44_9.21_-0.50_29.66_-28.42_8.62_-3.87_-24.06_-36.13_0.0121_0.0665_0.6989_0.7120end0.51_9.20_-0.44_29.66_-28.42_8.62_-3.87_-24.06_-36.13_0.0121_0.0665_0.6989_0.7120end0.53_9.24_-0.39_29.66_-28.42_8.62_-3.87_-24.06_-36.13_0.0121_0.0665_0.6989_0.7120end0.53_9.24_-0.39_29.54_-38.94_5.71_-3.87_-24.06_-36.13_0.0121_0.0665_0.6989_0.7120end0.67_9.20_-0.20_29.54_-38.94_5.71_-3.87_-24.06_-36.13_0.0121_0.0665_0.69,24.3787648,120.90907822,1064.6346435546875
699,89_0.7120end0.67_9.20_-0.20_29.54_-38.94_5.71_-4.31_-25.06_-33.56_0.0343_0.0809_0.6829_0.7252end0.67_9.20_-0.20_29.77_-38.72_3.36_-4.31_-25.06_-33.56_0.0370_0.0831_0.6811_0.7266end0.87_9.20_-0.20_29.77_-38.72_3.36_-4.31_-25.06_-33.56_0.0370_0.0831_0.6811_0.7266end0.85_9.23_-0.18_29.77_-38.72_3.36_-4.31_-25.06_-33.56_0.0394_0.0852_0.6792_0.7279end0.85_9.23_-0.18_29.77_-38.72_3.36_-4.31_-25.06_-33.56_0.0404_0.0861_0.6782_0.7286end0.83_9.19_-0.25_29.77_-38.72_3.36_-4.31_-25.06_-33.56_0.0404_0.0861_0.6782_0.7286end0.83_9.19_-0.25_29.77_-38.72_3.36_-4.31_-25.06_-33.56_0.0404_0.0861_0.6782_0.7286end0.79_9.18_-0.27_29.77_-38.72_3.36_-4.31_-25.06_-33.56_0.0404_0.0861_0.6782_0.7286end0.79_9.18_-0.27_29.77_-38.72_3.36_-4.31_-25.06_-33.56_0.0404_0.0861_0.6782_0.7286end0.73_9.16_-0.32_29.77_-38.72_3.36_-4.31_-25.06_-33.56_0.0404_0.0861_0.6782_0.7286end0.73_9.16_-0.32_29.77_-38.72_3.36_-4.31_-25.06_-33.56_0.0448_0.0900_0.6713_0.7344end0.57_9.15_-0.41_29.77_-38.72_3.36_-4.31_-25.06_-33.56_0.0448_0.0900_0.6713_0.7344end,24.3787648,120.90907822,1064.6346435546875
700,0.43_9.14_-0.58_29.77_-38.72_3.36_-4.31_-25.06_-33.56_0.0448_0.0900_0.6713_0.7344end0.34_9.16_-0.62_29.77_-38.72_3.36_-4.69_-27.19_-34.00_0.0448_0.0900_0.6713_0.7344end0.34_9.16_-0.62_29.77_-38.72_3.36_-4.69_-27.19_-34.00_0.0455_0.0908_0.6640_0.7408end0.20_9.12_-0.67_29.77_-38.72_3.36_-4.69_-27.19_-34.00_0.0455_0.0908_0.6629_0.7418end0.07_9.14_-0.72_29.77_-38.72_3.36_-4.69_-27.19_-34.00_0.0454_0.0908_0.6619_0.7427end-0.05_9.14_-0.82_29.77_-38.72_3.36_-4.69_-27.19_-34.00_0.0454_0.0908_0.6619_0.7427end-0.05_9.14_-0.82_29.77_-38.72_3.36_-4.69_-27.19_-34.00_0.0454_0.0908_0.6619_0.7427end-0.05_9.14_-0.82_29.77_-38.72_3.36_-4.69_-27.19_-34.00_0.0450_0.0906_0,24.3787648,120.90907822,1064.6346435546875
701,.6597_0.7447end-0.05_9.14_-0.82_34.13_11.41_-4.70_-4.69_-27.19_-34.00_0.0450_0.0906_0.6597_0.7447end-0.41_9.10_-1.05_34.13_11.41_-4.70_-4.69_-27.19_-34.00_0.0450_0.0906_0.6597_0.7447end,24.3787648,120.90907822,1064.6346435546875
702,,24.3787648,120.90907822,1064.6346435546875
703,-0.67_9.08_-1.14_34.13_11.41_-4.70_-5.06_-27.50_-31.44_0.0450_0.0906_0.6597_0.7447end-0.67_9.08_-1.14_34.58_11.97_-4.81_-5.06_-27.50_-31.44_0.0426_0.0886_0.6522_0.7516end-0.75_9.11_-1.24_34.47_11.41_-5.04_-5.06_-27.50_-31.44_0.0426_0.0886_0.6522_0.7516end-0.75_9.11_-1.24_34.47_11.41_-5.04_-4.00_-27.87_-31.94_0.0420_0.0881_0.6500_0.7536end-0.75_9.11_-1.24_34.24_9.51_-4.92_-4.00_-27.87_-31.94_0.0420_0.0881_0.6500_0.7536end-0.75_9.11_-1.24_34.36_8.39_-4.81_-5.12_-29.19_-30.19_0.0420_0.0881_0.6500_0.7536end-0.75_9.11_-1.24_34.02_6.83_-4.70_-5.12_-29.19_-30.19_0.0420_0.0881_0.6500_0.7536end-0.75_9.11_-1.24_34.02_6.83_-4.70_-5.12_-29.19_-30.19_0.0411_0.0875_0.6458_0.7574end-0.69_9.05_-1.83_34.02_6.83_-4.70_-5.12_-29.19_-30.19_0.0411_0.0875_0.6458_0.7574end-0.69_9.05_-1.83_33.46_6.27_-4.59_-5.12_-29.19_-30.19_0.0407_0.0873_0.6415_0.7610end,24.3787648,120.90907822,1064.6346435546875
704,,24.3787648,120.90907822,1064.6346435546875
705,,24.3787648,120.90907822,1064.6346435546875
706,-0.69_9.05_-1.83_33.46_6.27_-4.59_-5.12_-29.19_-30.19_0.0403_0.0870_0.6393_0.7629end-0.61_9.07_-1.73_33.46_6.27_-4.59_-5.12_-29.19_-30.19_0.0402_0.0869_0.6382_0.7639end-0.16_9.00_-1.39_33.46_6.27_-4.59_-5.12_-29.19_-30.19_0.0402_0.0869_0.6382_0.7639end0.11_8.95_-1.22_33.46_6.27_-4.59_-5.12_-29.19_-30.19_0.0396_0.0863_0.6350_0.7667end0.62_8.97_-0.94_33.46_6.27_-4.59_-5.50_-29.94_-30.62_0.0395_0.0863_0.6339_0.7675end0.83_8.97_-0.88_33.46_6.27_-4.59_-5.50_-29.94_-30.62_0.0394_0.0863_0.6329_0.7684end1.40_8.89_-1.24_33.46_6.27_-4.59_-4.75_-29.50_-29.31_0.0394_0.0863_0.6329_0.7684end1.60_8.97_-1.47_32.90_12.09_-7.27_-4.44_-30.94_-29.37_0.0394_0.0863_0.6329_0,24.3787648,120.90907822,1064.6346435546875
707,.7684end1.63_8.98_-2.06_32.79_19.02_-7.95_-4.44_-30.94_-29.37_0.0376_0.0852_0.6284_0.7723end1.02_8.68_-2.13_32.79_19.02_-7.95_-4.44_-30.94_-29.37_0.0376_0.0852_0.6284_0.7723end,24.3787648,120.90907822,1064.6346435546875
708,1.02_8.68_-2.13_36.48_36.48_-7.61_-4.44_-30.94_-29.37_0.0376_0.0852_0.6284_0.7723end-0.31_8.88_-2.78_36.48_36.48_-7.61_-4.44_-30.94_-29.37_0.0376_0.0852_0.6284_0.7723end-0.31_8.88_-2.78_36.48_36.48_-7.61_-4.44_-30.94_-29.37_0.0322_0.0797_0.6227_0.7778end-0.31_8.88_-2.78_36.48_36.48_-7.61_-3.69_-30.19_-29.37_0.0309_0.0783_0.6215_0.7789end-1.52_8.97_-2.98_36.48_36.48_-7.61_-3.69_-30.19_-29.37_0.0309_0.0783_0.6215_0.7789end-2.58_9.03_-3.40_36.48_36.48_-7.61_-3.69_-30.19_-29.37_0.0309_0.0783_0.6215_0.7789end-2.58_9.03_-3.40_36.48_36.48_-7.61_-3.69_-30.19_-29.37_0.0267_0.0739_0.6181_0.7822end-2.51_8.93_-3.15_36.48_36.48_-7.61_-3.69_-30.19_-29.37_0.0267_0.0739_0.6181_0.7822end-2.35_8.94_-3.09_35.81_3.02_-5.37_-3.69_-30.19_-29.37_0.0267_0.0739_0.6181_0.7822end-2.35_8.94_-3.09_35.81_3.02_-5.37_-3.69_-30.19_-29.37_0.0249_0.0725_0.6122_0.7870end,24.3787648,120.90907822,1064.6346435546875
709,,24.3787648,120.90907822,1064.6346435546875
710,-1.54_8.98_-2.68_35.81_3.02_-5.37_-3.69_-30.19_-29.37_0.0256_0.0735_0.6110_0.7878end-0.87_8.95_-2.89_35.81_3.02_-5.37_-3.69_-30.19_-29.37_0.0256_0.0735_0.6110_0.7878end-0.87_8.95_-2.89_30.55_-33.91_-5.04_-3.69_-30.19_-29.37_0.0272_0.0759_0.6088_0.7892end-0.87_8.95_-2.89_30.55_-33.91_-5.04_-3.69_-30.19_-29.37_0.0290_0.0784_0.6066,24.3787648,120.90907822,1064.6346435546875
711,,24.3787648,120.90907822,1064.6346435546875
712,,24.3787648,120.90907822,1064.6346435546875
713,_0.7906end-0.17_8.84_-4.20_30.55_-33.91_-5.04_-3.37_-31.94_-28.50_0.0290_0.0784_0.6066_0.7906end-0.25_8.83_-4.14_30.44_-38.05_-4.59_-3.37_-31.94_-28.50_0.0290_0.0784_0.6066_0.7906end-0.25_8.83_-4.14_30.44_-40.73_-4.59_-3.00_-31.94_-28.12_0.0290_0.0784_0.6066_0.7906end-0.25_8.83_-4.14_29.21_-52.82_-5.04_-3.00_-31.94_-28.12_0.0343_0.0861_0.6011_0.7938end-0.74_8.87_-3.96_29.21_-52.82_-5.04_-3.75_-33.38_-28.56_0.0358_0.0881_0.6000_0.7943end-0.93_8.83_-4.05_26.75_-70.61_-6.15_-3.75_-33.38_-28.56_0.0358_0.0881_0.6000_0.7943end,24.3787648,120.90907822,1064.6346435546875
714,-0.55_8.87_-4.79_26.75_-70.61_-6.15_-3.69_-31.94_-27.19_0.0414_0.0964_0.5969_0.7955end-0.37_8.82_-5.26_26.75_-70.61_-6.15_-4.44_-33.00_-25.94_0.0436_0.0996_0.5959_0.7957end0.51_8.90_-6.01_23.28_-82.03_-8.84_-4.44_-33.00_-25.94_0.0436_0.0996_0.5959_0.7957end0.79_8.87_-5.92_23.28_-82.03_-8.84_-4.44_-33.00_-27.62_0.0436_0.0996_0.5959_0.7957end0.79_8.87_-5.92_23.28_-82.03_-8.84_-4.44_-33.00_-27.62_0.0497_0.1095_0.5919_0.7971end0.98_8.91_-5.12_23.28_-82.03_-8.84_-4.50_-34.13_-28.12_0.0497_0.1095_0.5919_0.7971end0.98_8.91_-5.12_24.95_-13.20_-9.74_-4.50_-34.13_-28.12_0.0500_0.1108_0.5900_0.7982end0.51_8.93_-4.70_24.95_-13.20_-9.74_-4.50_-34.13_-28.12_0.0496_0.1107_0.5891_0.7990end0.51_8.93_-4.70_23.61_26.86_-9.62_-4.81_-33.00_-25.94_0.0488_0.1100_0.5883_0.7997end0.51_8.93_-4.70_22.49_31.00_-10.07_-4.81_-33.00_-25.94_0.0479_0.1092_0.5874_0.8005end,24.3787648,120.90907822,1064.6346435546875
715,,24.3787648,120.90907822,1064.6346435546875
716,-2.18_8.94_-4.85_20.59_27.75_-11.19_-4.81_-33.00_-25.94_0.0479_0.1092_0.5874_0.8005end-2.12_8.95_-4.81_20.59_27.75_-11.19_-4.87_-34.06_-26.81_0.0479_0.1092_0.5874_0.8005end-2.21_8.95_-4.61_20.59_27.75_-11.19_-3.44_-34.75_-26.00_0.0479_0.1092_0.5874_0.8005end-2.39_8.93_-4.48_20.59_27.75_-11.19_-3.44_-34.75_-26.00_0.0479_0.1092_0.5874_0.8005end-2.39_8.93_-4.48_20.59_27.75_-11.19_-4.12_-33.69_-26.37_0.0433_0.1077_0.5818_0.8050end-2.62_9.00_-4.98_20.59_27.75_-11.19_-3.75_-33.75_-28.12_0.0435_0.1083_0.5812_0.8054end-2.01_8.98_-5.72_20.59_27.75_-11.19_-3.75_-33.75_-28.12_0.0435_0.1083_0.5812_0.8054end-2.01_8.98_-5.72_20.59_27.75_-11.19_-3.06_-34.00_-26.00_0.0432_0.1094_0.5796_0.8064end-0.65_8.87_-6.33_20.59_27.75_-11.19_-3.06_-34.00_-26.00_0.0424_0.1090_0.5790_0.8068end0.20_8.81_-6.36_20.59_27.75_-11.19_-3.06_-34.00_-26.00_0.0424_0.1090_0.5790_0.8068end,24.3787648,120.90907822,1064.6346435546875
717,,24.3787648,120.90907822,1064.6346435546875
718,0.07_8.85_-5.59_20.59_27.75_-11.19_-3.06_-34.00_-26.00_0.0394_0.1060_0.5781_0.8081end0.07_8.85_-5.59_15.44_86.17_-8.28_-3.06_-34.00_-26.00_0.0346_0.1003_0.5771_0.8097end-1.93_8.99_-4.44_15.44_86.17_-8.28_-3.06_-34.00_-26.00_0.0346_0.1003_0.5771_0.8097end-2.31_8.91_-4.46_14.66_115.26_-7.50_-3.06_-34.00_-26.00_0.0346_0.1003_0.5771_0.8097end-2.31_8.91_-4.46_14.66_115.26_-7.50_-2.69_-34.00_-26.37_0.0223_0.0848_0.5754_0.8132end-2.97_8.94_-5.00_14.66_115.26_-7.50_-2.69_-34.00_-26.37_0.0195_0.0812_0.5749_0.8140end-2.99_8.99_-4.80_14.66_115.26_-7.50_-1.25_-35.38_-26.81_0.0195_0.0812_0.5749_0.8140end-3.17_9.04_-4.68_14.66_115.26_-7.50_-1.25_-35.38_-26.81_0.0169_0.0782_0.5745_0.8146end-3.29_9.00_-5.00_14.66_115.26_-7.50_-0.94_-34.00_-25.12_0.0169_0.0782_0.5745_0.8146end-3.32_9.00_-5.05_14.66_115.26_-7.50_-0.94_-34.00_-25.12_0.0104_0.0708_0.5727_0.8167end,24.3787648,120.90907822,1064.6346435546875
719,,24.3787648,120.90907822,1064.6346435546875
720,-3.26_9.02_-5.04_14.66_115.26_-7.50_-0.94_-34.00_-25.12_0.0104_0.0708_0.5727_0.8167end-3.26_9.02_-5.04_14.66_115.26_-7.50_-0.94_-34.00_-25.12_0.0087_0.0688_0.5719_0.8174end-3.35_9.00_-5.12_14.66_115.26_-7.50_-1.62_-35.06_-25.12_0.0087_0.0688_0.5719_0.8174end-3.40_9.02_-5.16_14.66_115.26_-7.50_-1.62_-35.06_-25.12_0.0087_0.0688_0.5719_0.8174end-3.29_9.02_-5.16_14.66_115.26_-7.50_-1.62_-35.06_-25.12_0.0087_0.0688_0.5719_0.8174end-3.15_9.00_-5.20_6.15_9.06_-0.56_-1.56_-34.38_-25.50_0.0087_0.0688_0.5719_0.8174end-3.15_9.00_-5.20_6.15_9.06_-0.56_-1.56_-34.38_-25.50_0.0056_0.0650_0.5698_0.8192end-2.68_8.97_-5.32_3.69_0.56_1.34_-1.56_-34.38_-25.50_0.0056_0.064,24.3787648,120.90907822,1064.6346435546875
721,9_0.5696_0.8193end-2.20_8.98_-5.36_3.69_0.56_1.34_-0.19_-34.31_-24.63_0.0057_0.0648_0.5694_0.8195end-2.20_8.98_-5.36_2.01_-2.57_2.13_-0.56_-35.06_-25.56_0.0057_0.0648_0.5694_0.8195end,24.3787648,120.90907822,1064.6346435546875
722,,24.3787648,120.90907822,1064.6346435546875
723,-2.20_8.98_-5.36_2.01_-2.57_2.13_-0.56_-35.06_-25.56_0.0059_0.0648_0.5691_0.8197end-1.71_8.97_-5.21_2.01_-2.57_2.13_-0.56_-35.06_-25.56_0.0059_0.0648_0.5691_0.8197end-1.60_8.93_-5.19_2.01_-2.57_2.13_-0.56_-35.06_-25.56_0.0059_0.0648_0.5691_0.8197end-1.56_8.94_-5.19_2.01_-2.57_2.13_-0.56_-35.06_-25.56_0.0059_0.0648_0.5691_0.8197end-1.56_8.94_-5.19_2.01_-2.57_2.13_-0.56_-35.06_-25.56_0.0072_0.0651_0.5685_0.8200end-1.32_8.91_-5.18_2.01_-2.57_2.13_-0.19_-35.31_-25.12_0.0072_0.0651_0.5685_0.8200end-1.23_8.94_-5.08_2.01_-2.57_2.13_-0.19_-35.31_-25.12_0.0072_0.0651_0.5685_0.8200end-1.07_8.91_-5.03_-3.25_-2.13_3.47_-0.19_-35.31_-25.12_0.0072_0.0651_0.5685_0.82,24.3787648,120.90907822,1064.6346435546875
724,00end-0.51_8.90_-4.89_-3.25_-2.13_3.47_-0.19_-35.31_-25.12_0.0081_0.0652_0.5688_0.8198end-0.19_8.90_-4.70_-3.25_-2.13_3.47_-0.19_-35.31_-25.12_0.0081_0.0652_0.5688_0.8198end,24.3787648,120.90907822,1064.6346435546875
725,,24.3787648,120.90907822,1064.6346435546875
726,-0.03_8.89_-4.55_-3.69_4.59_3.36_-0.19_-35.31_-25.12_0.0081_0.0652_0.5688_0.8198end0.11_8.91_-4.42_-3.92_8.17_3.02_-0.56_-34.69_-26.00_0.0081_0.0652_0.5688_0.8198end0.11_8.91_-4.42_-3.92_8.17_3.02_-0.56_-34.69_-26.00_0.0077_0.0637_0.5692_0.8197end0.19_8.88_-4.18_-4.48_18.46_2.80_-0.56_-34.69_-26.00_0.0074_0.0630_0.5693_0.8197end0.37_8.88_-3.96_-4.48_18.46_2.80_0.19_-33.94_-25.50_0.0074_0.0630_0.5693_0.8197end0.45_8.91_-3.80_-4.48_18.46_2.80_0.13_-34.94_-25.56_0.0074_0.0630_0.5693_0.8197end0.45_8.91_-3.80_-4.59_30.21_0.56_0.13_-34.94_-25.56_0.0057_0.0602_0.5696_0.8197end0.45_8.91_-3.80_-4.59_30.21_0.56_0.13_-34.94_-25.56_0.0041_0.0580_0.5698_0.8198end0.,24.3787648,120.90907822,1064.6346435546875
727,79_8.91_-3.41_-4.59_30.21_0.56_0.13_-34.94_-25.56_0.0033_0.0569_0.5699_0.8197end0.83_8.89_-3.44_-5.82_32.01_-0.34_0.13_-34.94_-25.56_0.0033_0.0569_0.5699_0.8197end,24.3787648,120.90907822,1064.6346435546875
728,,24.3787648,120.90907822,1064.6346435546875
729,,24.3787648,120.90907822,1064.6346435546875
730,,24.3787648,120.90907822,1064.6346435546875
731,0.83_8.89_-3.44_-5.82_32.01_-0.34_-0.25_-35.63_-23.81_0.0033_0.0569_0.5699_0.8197end0.83_8.89_-3.44_-5.48_38.61_-0.90_-0.25_-35.63_-23.81_0.0007_-0.0516_-0.5702_-0.8199end1.09_8.83_-3.32_-5.48_38.61_-0.90_-0.25_-35.63_-23.81_0.0007_-0.0516_-0.5702_-0.8199end0.64_8.93_-3.40_-5.48_38.61_-0.90_-0.25_-35.63_-23.81_0.0007_-0.0516_-0.5702_-0.8199end0.54_8.91_-3.40_-5.48_38.61_-0.90_0.50_-35.31_-25.56_0.0007_-0.0516_-0.5702_-0.8199end0.54_8.91_-3.40_-4.03_102.62_-4.59_0.50_-35.31_-25.56_0.0106_-0.0388_-0.5706_-0.8203end-0.11_8.89_-3.13_-4.03_102.62_-4.59_0.50_-35.31_-25.56_0.0135_-0.0350_-0.5705_-0.8204end-0.17_8.93_-3.22_-4.03_102.62_-4.59_0.50_-35.31_-25.56_0.0135_-0.0350_-0.5705_-0.8204end-0.40_8.94_-3.28_-4.03_102.62_-4.59_1.56_-35.25_-23.81_0.0135_-0.0350_-0.5705_-0.8204end-0.40_8.94_-3.28_-3.69_127.57_-4.03_1.56_-35.25_-23.81_0.0232_-0.0222_-0.5703_-0.8208end-0.40_8.94_-3.28_-3.58_126.34_-4.03_1.56_-35.25_-23.81_0.0232_-0.0222_-0.5703_-0.8208end-0.40_8.94_-3.28_-3.58_126.34_-4.03_1.94_-36.31_-25.19_0.0323_-0.0095_-0.5701_-0.8209end-2.18_8.97_-3.36_-3.69_102.39_-3.47_1.94_-36.31_-25.19_0.0323_-0.0095_-0.5701_-0.8209end-2.18_8.97_-3.36_-3.47_88.41_-2.91_1.94_-36.31_-25.19_0.0400_0.000,24.3787648,120.90907822,1064.6346435546875
732,9_-0.5695_-0.8210end-2.24_9.00_-3.04_-3.47_88.41_-2.91_3.06_-34.63_-25.56_0.0400_0.0009_-0.5695_-0.8210end-1.79_9.00_-2.43_-2.91_36.03_-1.57_3.06_-34.63_-25.56_0.0400_0.0009_-0.5695_-0.8210end-1.60_9.05_-2.24_-2.91_36.03_-1.57_3.37_-36.00_-26.00_0.0400_0.0009_-0.5695_-0.8210end-1.39_9.02_-2.09_-2.91_36.03_-1.57_3.37_-36.00_-26.00_0.0438_0.0059_-0.5694_-0.8209end-0.75_9.00_-2.02_-2.91_36.03_-1.57_3.37_-36.00_-26.00_0.0438_0.0059_-0.5694_-0.8209end-0.49_9.03_-1.87_-2.91_36.03_-1.57_3.81_-34.25_-24.69_0.0438_0.0059_-0.5694_-0.8209end,24.3787648,120.90907822,1064.6346435546875
733,,24.3787648,120.90907822,1064.6346435546875
734,0.27_8.99_-1.82_-3.25_-28.20_-0.22_3.81_-34.25_-24.69_0.0438_0.0059_-0.5694_-0.8209end0.75_8.99_-1.79_-3.25_-28.20_-0.22_3.81_-34.25_-24.69_0.0408_0.0015_-0.5698_-0.8207end0.91_8.95_-1.86_-3.25_-28.20_-0.22_2.69_-35.31_-27.31_0.0408_0.0015_-0.5698_-0.8207end1.15_8.94_-1.96_-3.25_-28.20_-0.22_2.69_-35.31_-27.31_0.0408_0.0015_-0.5698_-0.8207end1.21_8.95_-2.00_-1.68_-14.21_-0.67_2.69_-35.31_-27.31_0.0408_0.0015_-0.5698_-0.8207end1.21_8.95_-2.00_-1.68_-14.21_-0.67_3.44_-34.94_-25.56_0.0391_-0.0010_-0.5701_-0.8207end1.21_8.95_-2.00_-1.68_-14.21_-0.67_3.44_-34.94_-25.56_0.0390_-0.0015_-0.5699_-0.8207end1.08_8.97_-2.04_-1.68_-14.21_-0.67_3.44_-34.94_-25.56_0.0390_-0.0015_-0.5699_-0.8207end1.08_8.97_-2.04_-1.68_-14.21_-0.67_3.44_-34.94_-25.56_0.0396_-0.0013_-0.5696_-0.8209end1.00_8.95_-2.12_-1.68_-14.21_-0.67_3.44_-34.94_-25.56_0.0396_-0.0013_-0.5696_-0.8209end,24.3787648,120.90907822,1064.6346435546875
735,,24.3787648,120.90907822,1064.6346435546875
736,0.92_9.00_-2.30_1.90_3.13_-4.36_3.44_-34.94_-25.56_0.0396_-0.0013_-0.5696_-0.8209end0.80_9.00_-2.34_1.68_0.90_-4.70_3.44_-34.94_-25.56_0.0396_-0.0013_-0.5696_-0.8209end0.73_9.04_-2.45_1.68_0.90_-4.70_3.06_-34.25_-25.56_0.0396_-0.0013_-0.5696_-0.8209end0.72_8.97_-2.19_1.68_0.90_-4.70_3.06_-34.25_-25.56_0.0408_-0.0018_-0.5690_-0.8214end0.72_9.05_-2.28_1.68_0.90_-4.70_3.06_-34.25_-25.56_0.0408_-0.0018_-0.5690_-0.8214end0.58_9.03_-2.31_1.68_0.90_-4.70_3.06_-34.25_-25.56_0.0409_-0.0020_-0.5688_-0.8214end0.60_9.04_-2.17_1.68_0.90_-4.70_3.06_-34.25_-25.56_0.0409_-0.0020_-0.5688_-0.8214end0.36_8.97_-2.19_1.68_0.90_-4.70_3.06_-34.25_-25.56_0.0409_-0.0020_-0.5688_-0.8214end0.25_9.02_-2.26_1.68_0.90_-4.70_3.44_-34.94_-24.69_0.0409_-0.0020_-0.5688_-0.8214end0.25_9.02_-2.26_1.68_0.90_-4.70_3.44_-34.94_-24.69_0.0410_-0.0059_-0.5676_-0.8223end,24.3787648,120.90907822,1064.6346435546875
737,,24.3787648,120.90907822,1064.6346435546875
738,,24.3787648,120.90907822,1064.6346435546875
739,-0.03_9.16_-2.54_1.68_0.90_-4.70_3.44_-34.94_-24.69_0.0408_-0.0068_-0.5675_-0.8223end0.04_18.23_-3.32_1.68_0.90_-4.70_3.44_-34.94_-24.69_0.0408_-0.0068_-0.5675_-0.8223end-0.30_13.91_-2.87_2.80_-18.58_-9.18_3.44_-34.94_-24.69_0.0408_-0.0068_-0.5675_-0.8223end-0.30_13.91_-2.87_2.80_-18.58_-9.18_3.44_-34.94_-24.69_0.0403_-0.0093_-0.5673_-0.8225end1.20_25.91_-5.22_2.80_-18.58_-9.18_3.44_-34.94_-24.69_0.0406_-0.0098_-0.5671_-0.8226end0.95_25.31_-5.18_4.25_25.96_-12.31_3.44_-34.94_-24.69_0.0406_-0.0098_-0.5671_-0.8226end0.71_23.30_-5.27_4.25_25.96_-12.31_3.44_-34.94_-24.69_0.0406_-0.0098_-0.5671_-0.8226end0.13_21.80_-3.46_4.25_25.96_-12.31_3.44_-34.94_-24.69,24.3787648,120.90907822,1064.6346435546875
740,_0.0406_-0.0098_-0.5671_-0.8226end-0.47_21.32_-3.36_-1.12_81.47_-10.30_3.44_-34.94_-24.69_0.0406_-0.0098_-0.5671_-0.8226end-1.37_20.96_-2.66_-1.12_81.47_-10.30_3.44_-34.94_-24.69_0.0406_-0.0098_-0.5671_-0.8226end,24.3787648,120.90907822,1064.6346435546875
741,-2.37_18.93_-1.37_-2.46_97.81_-8.50_3.44_-34.94_-24.69_0.0406_-0.0098_-0.5671_-0.8226end-2.51_17.46_-0.71_-3.02_90.87_-5.48_3.44_-34.94_-24.69_0.0406_-0.0098_-0.5671_-0.8226end-2.37_17.30_-0.18_-4.70_54.50_-2.24_5.25_-35.56_-25.56_0.0406_-0.0098_-0.5671_-0.8226end-2.37_17.30_-0.18_-6.27_30.77_0.11_5.25_-35.56_-25.56_0.0632_0.0154_-0.5652_-0.8224end-2.37_17.30_-0.18_-6.27_30.77_0.11_5.25_-35.56_-25.56_0.0648_0.0177_-0.5655_-0.8220end-2.61_16.32_-0.11_-6.27_30.77_0.11_5.25_-35.56_-25.56_0.0645_0.0177_-0.5659_-0.8218end-2.78_15.89_-0.48_-12.87_-34.69_4.59_5.25_-35.56_-25.56_0.0645_0.0177_-0.5659_-0.8218end-2.67_15.30_-0.53_-13.76_-52.15_5.60_5.25_-35.56_-,24.3787648,120.90907822,1064.6346435546875
742,25.56_0.0645_0.0177_-0.5659_-0.8218end-2.67_15.30_-0.53_-13.76_-52.15_5.60_4.94_-33.19_-26.00_0.0587_0.0114_-0.5684_-0.8206end-2.06_13.90_-1.56_-13.76_-52.15_5.60_4.94_-33.19_-26.00_0.0587_0.0114_-0.5684_-0.8206end,24.3787648,120.90907822,1064.6346435546875
743,,24.3787648,120.90907822,1064.6346435546875
744,,24.3787648,120.90907822,1064.6346435546875
745,,24.3787648,120.90907822,1064.6346435546875
746,,24.3787648,120.90907822,1064.6346435546875
747,,24.3787648,120.90907822,1064.6346435546875
748,-2.06_13.90_-1.56_-13.76_-52.15_5.60_4.94_-33.19_-26.00_0.0563_0.0085_-0.5693_-0.8202end-1.41_12.72_-2.21_-13.76_-52.15_5.60_4.94_-33.19_-26.00_0.0563_0.0085_-0.5693_-0.8202end-2.14_12.33_-1.70_-13.76_-52.15_5.60_4.94_-33.19_-26.00_0.0436_-0.0053_-0.5726_-0.8186end-2.14_12.33_-1.70_-18.80_-111.12_17.57_4.94_-33.19_-26.00_0.0402_-0.0089_-0.5735_-0.8181end-1.93_11.89_-1.18_-18.80_-111.12_17.57_4.94_-33.19_-26.00_0.0402_-0.0089_-0.5735_-0.8181end-1.93_11.89_-1.18_-18.80_-111.12_17.57_4.94_-33.19_-26.00_0.0335_-0.0154_-0.5756_-0.8170end-1.09_11.20_-2.07_-18.80_-111.12_17.57_4.94_-33.19_-26.00_0.0303_-0.0184_-0.5766_-0.8163end-1.27_11.14_-1.93_-18.80_-111.1,24.3787648,120.90907822,1064.6346435546875
749,2_17.57_4.94_-33.19_-26.00_0.0236_-0.0243_-0.5787_-0.8148end-1.54_11.11_-2.18_-25.29_-101.05_25.18_4.94_-33.19_-26.00_0.0236_-0.0243_-0.5787_-0.8148end-1.54_11.11_-2.18_-27.64_-92.88_26.97_0.88_-33.94_-25.94_0.0169_-0.0299_-0.5809_-0.8133end-1.25_11.12_-2.28_-27.64_-92.88_26.97_0.88_-33.94_-25.94_0.0169_-0.0299_-0.5809_-0.8133end-1.16_11.10_-2.49_-27.64_-92.88_26.97_0.94_-33.25_-27.25_0.0169_-0.0299_-0.5809_-0.8133end-1.04_10.98_-2.71_-32.23_-85.27_31.00_0.94_-33.25_-27.25_0.0169_-0.0299_-0.5809_-0.8133end-1.04_10.98_-2.71_-33.91_-82.14_32.23_0.94_-33.25_-27.25_0.0007_-0.0417_-0.5870_-0.8085end-1.31_10.42_-3.15_-33.91_-82.14_32.23_0.94_-33.25_-27.25_0.0023_0.0436_0.5883_0.8074end-1.31_10.42_-3.15_-36.37_-72.18_34.36_0.94_-33.25_-27.25_0.0023_0.0436_0.5883_0.8074end-1.11_9.84_-2.79_-36.37_-72.18_34.36_-0.56_-34.06_-28.56_0.0053_0.0453_0.5897_0.8064end-1.06_9.27_-2.66_-41.29_-58.19_37.49_-0.56_-34.06_-28.56_0.0053_0.0453_0.5897_0.8064end-1.14_8.94_-2.70_-41.29_-58.19_37.49_-1.19_-33.31_-27.25_0.0053_0.0453_0.5897_0.8064end-1.23_8.50_-2.70_-41.29_-58.19_37.49_-1.19_-33.31_-27.25_0.0215_0.0515_0.5995_0.7985end,24.3787648,120.90907822,1064.6346435546875
750,-1.23_8.50_-2.70_-41.29_-58.19_37.49_-2.31_-33.38_-29.00_0.0241_0.0521_0.6012_0.7971end-1.30_6.73_-2.35_-41.29_-58.19_37.49_-2.31_-33.38_-29.00_0.0268_0.0527_0.6031_0.7955end-1.17_6.32_-2.21_-51.59_-51.14_44.09_-2.31_-33.38_-29.00_0.0268_0.0527_0.6031_0.7955end-1.17_6.32_-2.21_-51.59_-51.14_44.09_-2.31_-33.38_-29.00_0.0351_0.0547_0.6088_0.7906end-1.04_5.26_-2.15_-51.59_-51.14_44.09_-2.31_-33.38_-29.00_0.0383_0.0558_0.6108_0.7888end-1.09_4.91_-2.14_-51.59_-51.14_44.09_-2.31_-33.38_-29.00_0.0383_0.0558_0.6108_0.7888end-0.74_4.72_-2.49_-61.32_-77.55_49.46_-2.31_-33.38_-29.00_0.0383_0.0558_0.6108_0.7888end-0.74_4.72_-2.49_-61.32_-77.55_49.46_-4.06_-31.31_-30.25_0.0487_0.0597_0.6173_0.7830end-0.87_4.70_-2.68_-61.32_-77.55_49.46_-4.06_-31.31_-30.25_0.0487_0.0597_0.6173_0.7830end-0.70_4.53_-2.87_-61.32_-77.55_49.46_-4.06_-31.31_-30.25_0.0487_0.0597_0.6173_0.7830end,24.3787648,120.90907822,1064.6346435546875
751,,24.3787648,120.90907822,1064.6346435546875
752,-0.70_4.53_-2.87_-61.32_-77.55_49.46_-6.25_-30.62_-30.25_0.0637_0.0657_0.6265_0.7740end-0.70_4.53_-2.87_-61.32_-77.55_49.46_-6.25_-30.62_-30.25_0.0710_0.0682_0.6313_0.7692end-0.37_4.02_-1.89_-61.32_-77.55_49.46_-7.31_-29.94_-30.62_0.0710_0.0682_0.6313_0.7692end-0.37_4.02_-1.89_-78.00_-71.51_56.18_-7.31_-29.94_-30.62_0.0710_0.0682_0.6313_0.7692end-0.37_4.02_-1.89_-78.00_-71.51_56.18_-6.94_-28.94_-31.06_0.0785_0.0706_0.6364_0.7642end-0.37_4.02_-1.89_-80.91_-67.81_57.18_-6.94_-28.94_-31.06_0.0854_0.0724_0.6416_0.7589end-0.13_4.18_-1.14_-80.91_-67.81_57.18_-6.94_-28.94_-31.06_0.0887_0.0734_0.6440_0.7563end-0.13_4.18_-1.14_-80.91_-67.81_57.18_-6.94_-28.94_-31.06_0.0921_0.0742_0.6466_0.7536end0.05_4.29_-1.11_-80.91_-67.81_57.18_-6.94_-28.94_-31.06_0.0921_0.0742_0.6466_0.7536end0.05_4.29_-1.11_-80.91_-67.81_57.18_-9.38_-27.94_-32.81_0.0921_0.0742_0.6466_0.7536end,24.3787648,120.90907822,1064.6346435546875
753,,24.3787648,120.90907822,1064.6346435546875
754,0.28_4.29_-0.89_-80.91_-67.81_57.18_-9.38_-27.94_-32.81_0.1074_0.0759_0.6613_0.7385end0.15_4.36_-0.49_-80.91_-67.81_57.18_-9.38_-27.94_-32.81_0.1074_0.0759_0.6613_0.7385end0.07_4.55_-0.36_-80.91_-67.81_57.18_-9.38_-27.94_-32.81_0.1074_0.0759_0.6613_0.7385end0.13_4.84_-0.37_-80.91_-67.81_57.18_-9.38_-27.94_-32.81_0.1187_0.0761_0.6735_0.7256end0.11_4.96_-0.36_-96.80_-44.20_59.42_-9.38_-27.94_-32.81_0.1187_0.0761_0.6735_0.7256end0.14_5.09_-0.34_-96.80_-44.20_59.42_-9.38_-27.94_-32.81_0.1240_0.0760_0.6797_0.7189end0.15_5.28_-0.20_-96.80_-44.20_59.42_-9.38_-27.94_-32.81_0.1240_0.0760_0.6797_0.7189end0.15_5.28_-0.20_-96.80_-44.20_59.42_-11.12_-25.19_-34.81_0,24.3787648,120.90907822,1064.6346435546875
755,.1296_0.0761_0.6859_0.7120end0.15_5.28_-0.20_-100.60_-41.96_59.87_-11.12_-25.19_-34.81_0.1323_0.0761_0.6890_0.7085end0.19_5.75_0.20_-100.60_-41.96_59.87_-11.12_-25.19_-34.81_0.1349_0.0760_0.6921_0.7050end,24.3787648,120.90907822,1064.6346435546875
756,,24.3787648,120.90907822,1064.6346435546875
757,0.19_5.75_0.20_-102.95_-37.38_60.09_-11.12_-25.19_-34.81_0.1404_0.0760_0.6984_0.6978end0.22_6.30_0.34_-102.95_-37.38_60.09_-11.12_-25.19_-34.81_0.1428_0.0756_0.7016_0.6940end0.22_6.30_0.34_-104.30_-34.02_59.98_-11.12_-25.19_-34.81_0.1454_0.0755_0.7048_0.6902end0.22_6.30_0.34_-104.97_-32.68_59.76_-12.88_-22.81_-33.88_0.1495_0.0742_0.7112_0.6829end0.36_6.94_0.58_-104.97_-32.68_59.76_-12.88_-22.81_-33.88_0.1519_0.0739_0.7145_0.6789end0.44_7.04_0.77_-104.97_-32.68_59.76_-12.88_-22.81_-33.88_0.1541_0.0735_0.7177_0.6750end0.65_7.25_0.91_-104.97_-32.68_59.76_-12.88_-22.81_-33.88_0.1541_0.0735_0.7177_0.6750end0.74_7.42_0.95_-107.32_-20.37_58.41_-12.88_-22.81_-,24.3787648,120.90907822,1064.6346435546875
758,33.88_0.1541_0.0735_0.7177_0.6750end0.74_7.42_0.95_-107.32_-20.37_58.41_-12.88_-22.81_-33.88_0.1619_0.0712_0.7305_0.6595end0.74_7.42_0.95_-107.32_-20.37_58.41_-14.56_-18.31_-36.81_0.1635_0.0703_0.7338_0.6557end,24.3787648,120.90907822,1064.6346435546875
759,,24.3787648,120.90907822,1064.6346435546875
760,,24.3787648,120.90907822,1064.6346435546875
761,,24.3787648,120.90907822,1064.6346435546875
762,,24.3787648,120.90907822,1064.6346435546875
763,,24.3787648,120.90907822,1064.6346435546875
764,0.98_7.98_1.07_-107.32_-20.37_58.41_-14.56_-18.31_-36.81_0.1635_0.0703_0.7338_0.6557end0.98_7.98_1.07_-108.66_0.78_55.51_-15.63_-18.31_-37.69_0.1635_0.0703_0.7338_0.6557end1.15_8.09_1.35_-108.77_4.59_54.83_-15.63_-18.31_-37.69_0.1683_0.0661_0.7468_0.6400end1.21_8.07_1.49_-108.77_4.59_54.83_-15.63_-18.31_-37.69_0.1693_0.0649_0.7502_0.6359end1.32_8.00_1.74_-108.77_4.59_54.83_-15.94_-15.94_-37.19_0.1693_0.0649_0.7502_0.6359end1.32_8.00_1.74_-108.88_5.71_52.48_-15.94_-15.94_-37.19_0.1701_0.0637_0.7534_0.6320end1.32_8.00_1.74_-108.88_5.71_52.48_-15.94_-15.94_-37.19_0.1720_0.0615_0.7598_0.6239end1.43_7.84_1.98_-109.44_1.79_50.13_-15.94_-15.94_-37.19_0.1730_0.0606_0.7629_0.6199end1.43_7.84_1.98_-109.44_1.79_50.13_-15.63_-15.56_-36.38_0.1730_0.0606_0.7629_0.6199end1.43_7.84_1.98_-108.88_1.23_49.24_-15.63_-15.56_-36.38_0.1757_0.0578_0.7723_0.6078end,24.3787648,120.90907822,1064.6346435546875
765,1.33_8.64_1.36_-109.00_6.71_46.78_-15.63_-15.56_-36.38_0.1757_0.0578_0.7723_0.6078end1.33_8.64_1.36_-109.00_6.71_46.78_-15.63_-15.56_-36.38_0.1770_0.0558_0.7784_0.5997end1.25_9.55_1.23_-109.00_6.71_46.78_-16.25_-13.50_-38.88_0.1770_0.0558_0.7784_0.5997end1.25_9.55_1.23_-109.00_6.71_46.78_-16.25_-13.50_-38.88_0.1775_0.0519_0.7877_0.5876end1.25_9.55_1.23_-109.00_6.71_46.78_-15.50_-12.06_-40.19_0.1773_0.0505_0.7909_0.5835end0.98_10.25_1.60_-109.00_6.71_46.78_-15.50_-12.06_-40.19_0.1773_0.0505_0.7909_0.5835end0.85_10.13_1.87_-109.00_6.71_46.78_-15.50_-12.06_-40.19_0.1770_0.0491_0.7940_0.5795end0.85_10.13_1.87_-109.00_6.71_46.78_-15.50_-12.06_-40.19_0.1754_0.0444_0.8032_0.5676end0.80_9.38_2.56_-109.00_6.71_46.78_-15.50_-12.06_-40.19_0.1754_0.0444_0.8032_0.5676end0.74_8.53_3.10_-109.00_6.71_46.78_-15.50_-12.06_-40.19_0.1754_0.0444_0.8032_0.5676end0.74_8.53_3.10_-102.51_18.24_37.26_-15.81_-7.87_-38.75_0.1754_0.0444_0.8032_0.5676end0.74_8.53_3.10_-100.38_-8.17_37.82_-15.81_-7.87_-38.75_0.1746_0.0394_0.8145_0.5519end0.74_8.53_3.10_-100.38_-8.17_37.82_-15.81_-7.87_-38.75_0.1752_0.0389_0.8170_0.5480end0.74_8.53_3.10_-98.81_-23.61_37.71_-15.81_-7.19_-40.12_0.1752_0.0389_0.8170_0.5480end0.74_8.53_3.10_-95.23_-50.02_37.82_-15.81_-7.19_-40.12_0.1752_0.0389_0.8170_0.5480end0.74_8.53_3.10_-95.23_-50.02_37.82_-15.81_-7.19_-40.12_0.1863_0.0408_0.8271_0.5287end1.28_4.69_3.84_-95.23_-50.02_37.82_-15.81_-7.19_-40.12_0.1896_0.0419_0.8287_0.5250end1.42_3.80_3.80_-95.23_-50.02_37.82_-15.81_-7.19_-40.12_0.1896_0.0419_0.8287_0.5250end1.46_3.70_3.94_-84.38_-84.15_35.14_-15.81_-7.19_-40.12_0.1896_0.0419_0.8287_0.5250end1.46_3.70_3.94_-84.38_-84.15_35.14_-16.81_-3.69_-39.56_0.2004_0.0458_0.8326_0.5143end,24.3787648,120.90907822,1064.6346435546875
766,,24.3787648,120.90907822,1064.6346435546875
767,1.46_3.70_3.94_-80.35_-85.50_33.46_-16.81_-3.69_-39.56_0.2077_0.0486_0.8348_0.5075end2.77_2.64_4.98_-80.35_-85.50_33.46_-16.81_-3.69_-39.56_0.2117_0.0502_0.8359_0.5040end2.70_2.36_4.65_-80.35_-85.50_33.46_-16.81_-3.69_-39.56_0.2117_0.0502_0.8359_0.5040end1.44_1.03_4.06_-80.35_-85.50_33.46_-16.81_-3.69_-39.56_0.2117_0.0502_0.8359_0.5040end1.44_1.03_4.06_-80.35_-85.50_33.46_-16.81_-3.69_-39.56_0.2261_0.0549_0.8392_0.4915end1.27_0.37_4.37_-80.35_-85.50_33.46_-16.81_-3.69_-39.56_0.2285_0.0555_0.8401_0.4888end1.59_0.13_4.54_-80.35_-85.50_33.46_-16.81_-3.69_-39.56_0.2304_0.0559_0.8411_0.4862end1.43_0.83_5.25_-80.35_-85.50_33.46_-16.81_-3.69_-39.56_0.2304_0.0,24.3787648,120.90907822,1064.6346435546875
768,559_0.8411_0.4862end1.43_0.83_5.25_-55.06_-33.57_27.64_-20.00_-0.56_-38.13_0.2304_0.0559_0.8411_0.4862end1.43_0.83_5.25_-49.35_-33.12_26.07_-20.00_-0.56_-38.13_0.2304_0.0559_0.8411_0.4862end,24.3787648,120.90907822,1064.6346435546875
769,,24.3787648,120.90907822,1064.6346435546875
770,1.43_0.83_5.25_-49.35_-33.12_26.07_-19.69_-0.56_-38.56_0.2353_0.0566_0.8438_0.4791end1.43_0.83_5.25_-40.06_-29.99_20.25_-19.69_-0.56_-38.56_0.2353_0.0566_0.8438_0.4791end2.07_0.55_3.91_-40.06_-29.99_20.25_-19.69_-0.56_-38.56_0.2399_0.0573_0.8458_0.4731end2.07_1.09_3.67_-40.06_-29.99_20.25_-19.69_-0.56_-38.56_0.2438_0.0580_0.8474_0.4683end2.07_1.09_3.67_-29.21_-22.60_12.98_-19.69_-0.56_-38.56_0.2448_0.0583_0.8478_0.4669end2.25_1.67_2.89_-29.21_-22.60_12.98_-19.69_-0.56_-38.56_0.2448_0.0583_0.8478_0.4669end2.17_2.38_2.03_-29.21_-22.60_12.98_-19.94_1.87_-37.63_0.2448_0.0583_0.8478_0.4669end2.17_2.38_2.03_-21.60_24.84_6.38_-19.94_1.87_-37.63_0.2448_0.0583_,24.3787648,120.90907822,1064.6346435546875
771,0.8478_0.4669end2.06_2.61_1.45_-21.60_24.84_6.38_-19.94_1.87_-37.63_0.2448_0.0583_0.8478_0.4669end2.06_2.61_1.45_-21.60_24.84_6.38_-19.94_1.87_-37.63_0.2418_0.0563_0.8514_0.4620end2.06_2.61_1.45_-21.60_24.84_6.38_-19.94_1.87_-37.63_0.2418_0.0563_0.8514_0.4620end2.40_3.94_0.39_-21.60_24.84_6.38_-19.94_1.87_-37.63_0.2418_0.0563_0.8514_0.4620end2.40_3.94_0.39_-21.60_24.84_6.38_-19.94_1.87_-37.63_0.2418_0.0563_0.8514_0.4620end2.40_3.94_0.39_-21.60_24.84_6.38_-19.94_1.87_-37.63_0.2418_0.0563_0.8514_0.4620end2.40_3.94_0.39_-21.60_24.84_6.38_-19.94_1.87_-37.63_0.2418_0.0563_0.8514_0.4620end2.40_3.94_0.39_-21.60_24.84_6.38_-19.94_1.87_-37.63_0.2248_0.0483_0.8572_0.4608end3.15_6.84_1.29_-21.60_24.84_6.38_-19.94_1.87_-37.63_0.2248_0.0483_0.8572_0.4608end25.42_-4.17_29.45_-21.60_24.84_6.38_-19.94_1.87_-37.63_0.2248_0.0483_0.8572_0.4608end11.70_-51.55_-18.20_-130.48_376.00_0.34_-13.44_0.88_-43.00_0.2248_0.0483_0.8572_0.4608end-0.85_-45.90_1.09_7.39_298.68_-8.28_-13.44_0.88_-43.00_0.1418_0.0104_0.8763_0.4603end,24.3787648,120.90907822,1064.6346435546875
772,,24.3787648,120.90907822,1064.6346435546875
773,,24.3787648,120.90907822,1064.6346435546875
774,2.80_-27.16_-15.93_7.39_298.68_-8.28_-13.44_0.88_-43.00_0.1322_0.0050_0.8775_0.4610end7.11_36.98_6.47_7.39_298.68_-8.28_-13.44_0.88_-43.00_0.1322_0.0050_0.8775_0.4610end7.11_36.98_6.47_-36.59_193.93_3.92_-13.44_0.88_-43.00_0.1163_-0.0038_0.8792_0.4621end21.44_78.68_-1.15_-36.59_193.93_3.92_-13.44_0.88_-43.00_0.1090_-0.0084_0.8782_0.4656end21.44_78.68_-1.15_63.67_131.15_19.92_-5.94_0.31_-43.44_0.1090_-0.0084_0.8782_0.4656end21.44_78.68_-1.15_21.26_74.08_11.30_-5.94_0.31_-43.44_0.1090_-0.0084_0.8782_0.4656end-6.58_5.79_5.76_21.26_74.08_11.30_-5.94_0.31_-43.44_0.0992_-0.0164_0.8760_0.4716end-6.58_5.79_5.76_21.26_74.08_11.30_-5.94_0.31_-43.44_0.1057_-0.013,24.3787648,120.90907822,1064.6346435546875
775,2_0.8752_0.4719end-6.58_5.79_5.76_21.26_74.08_11.30_-5.94_0.31_-43.44_0.1167_-0.0084_0.8733_0.4730end2.31_8.87_16.62_21.26_74.08_11.30_-5.94_0.31_-43.44_0.1226_-0.0060_0.8724_0.4731end,24.3787648,120.90907822,1064.6346435546875
776,4.64_6.64_3.30_21.26_74.08_11.30_-5.94_0.31_-43.44_0.1226_-0.0060_0.8724_0.4731end4.64_6.64_3.30_21.26_74.08_11.30_-9.56_0.62_-42.50_0.1286_-0.0040_0.8715_0.4733end-8.46_0.41_-0.60_21.26_74.08_11.30_-9.56_0.62_-42.50_0.1286_-0.0040_0.8715_0.4733end5.56_14.07_9.79_21.26_74.08_11.30_-9.56_0.62_-42.50_0.1224_-0.0089_0.8707_0.4763en,24.3787648,120.90907822,1064.6346435546875
777,,24.3787648,120.90907822,1064.6346435546875
778,,24.3787648,120.90907822,1064.6346435546875
779,d1.59_9.03_4.05_21.26_74.08_11.30_-9.56_0.62_-42.50_0.1224_-0.0089_0.8707_0.4763end3.54_8.76_8.30_21.26_74.08_11.30_-8.81_-0.81_-43.06_0.1224_-0.0089_0.8707_0.4763end3.29_7.20_5.02_21.26_74.08_11.30_-8.81_-0.81_-43.06_0.1224_-0.0089_0.8707_0.4763end3.29_7.20_5.02_21.26_74.08_11.30_-8.81_-0.81_-43.06_0.1190_-0.0126_0.8689_0.4803end3.29_7.20_5.02_21.26_74.08_11.30_-8.81_-0.81_-43.06_0.1190_-0.0126_0.8689_0.4803end5.61_7.88_-0.84_21.26_74.08_11.30_-8.81_-0.81_-43.06_0.1190_-0.0126_0.8689_0.4803end8.80_0.52_0.00_21.26_74.08_11.30_-8.81_-0.81_-43.06_0.1190_-0.0126_0.8689_0.4803end8.80_0.52_0.00_21.26_74.08_11.30_-8.81_-0.81_-43.06_0.1235_-0.0135_0.8659_0.4845end2.61_6.82_3.89_16.11_4.03_3.25_-8.81_-0.81_-43.06_0.1235_-0.0135_0.8659_0.4845end2.61_6.82_3.89_16.11_4.03_3.25_-8.81_-0.81_-43.06_0.1227_-0.0145_0.8654_0.4857end4.78_9.83_2.39_16.11_4.03_3.25_-8.81_-0.81_-43.06_0.1232_-0.0145_0.8649_0.4864end3.54_6.54_3.64_20.93_-23.05_5.26_-8.81_-0.81_-43.06_0.1232_-0.0145_0.8649_0.4864end4.06_9.11_6.20_20.93_-23.05_5.26_-8.81_-0.81_-43.06_0.1232_-0.0145_0.8649_0.4864end4.60_8.70_6.08_20.93_-23.05_5.26_-8.81_-0.81_-43.06_0.1287_-0.0132_0.8621_0.4899end4.24_7.84_5.65_14.55_-22.49_4.03_-8.81_-0.81_-43.06_0.1287_-0.0132_0.8621_0.4899end4.24_7.84_5.65_16.45_-19.92_2.35_-8.81_-0.81_-43.06_0.1287_-0.0132_0.8621_0.4899end,24.3787648,120.90907822,1064.6346435546875
780,,24.3787648,120.90907822,1064.6346435546875
781,4.11_8.10_5.79_16.45_-19.92_2.35_-8.81_-0.81_-43.06_0.1287_-0.0132_0.8621_0.4899end4.72_8.15_6.26_16.45_-19.92_2.35_-8.81_-0.81_-43.06_0.1317_-0.0123_0.8603_0.4924end4.98_8.09_6.06_16.45_-19.92_2.35_-8.81_-0.81_-41.69_0.1324_-0.0120_0.8589_0.4946end4.71_8.10_6.09_16.45_-19.92_2.35_-8.81_-0.81_-41.69_0.1327_-0.0120_0.8584_0.4954end4.45_8.14_6.18_16.45_-19.92_2.35_-8.81_-0.81_-41.69_0.1328_-0.0119_0.8580_0.4962end4.20_8.11_5.66_16.45_-19.92_2.35_-8.81_-0.81_-41.69_0.1328_-0.0119_0.8575_0.4969end4.20_8.11_5.66_16.45_-19.92_2.35_-8.81_-0.81_-41.69_0.1327_-0.0120_0.8571_0.4977end4.20_8.11_5.66_16.45_-19.92_2.35_-8.81_-0.81_-41.69_0.1316_-0.0123_0.8563_0.4993end3.75_8.06_4.77_16.45_-19.92_2.35_-8.81_-0.81_-41.69_0.1306_-0.0127_0.8560_0.5001end3.50_8.01_4.59_16.45_-19.92_2.35_-8.81_-0.81_-41.69_0.1306_-0.0127_0.8560_0.5001end,24.3787648,120.90907822,1064.6346435546875
782,,24.3787648,120.90907822,1064.6346435546875
783,3.11_8.17_4.74_23.39_40.51_-5.93_-8.81_-0.81_-41.69_0.1306_-0.0127_0.8560_0.5001end3.11_8.17_4.74_23.72_53.27_-5.48_-8.81_-0.81_-41.69_0.1261_-0.0148_0.8550_0.5027end3.11_8.17_4.74_23.72_53.27_-5.48_-8.81_-0.81_-41.69_0.1218_-0.0170_0.8546_0.5046end3.11_8.17_4.74_23.72_53.27_-5.48_-8.81_-0.81_-41.69_0.1193_-0.0183_0.8544_0.5054end1.72_8.08_5.25_23.72_53.27_-5.48_-8.81_-0.81_-41.69_0.1193_-0.0183_0.8544_0.5054end1.70_8.11_5.45_25.96_71.96_-6.15_-8.81_-0.81_-41.69_0.1193_-0.0183_0.8544_0.5054end1.59_8.06_5.72_26.30_68.37_-6.27_-8.81_-0.81_-41.69_0.1193_-0.0183_0.8544_0.5054end1.61_8.13_5.78_26.30_68.37_-6.27_-8.81_-0.81_-41.69_0.1032_-0.0267_0.8530_0.5110end1.58_8.17_6.03_26.30_68.37_-6.27_-8.81_-0.81_-41.69_0.1012_-0.0277_0.8526_0.5119end1.58_8.17_6.03_26.63_34.80_-4.92_-5.69_-2.87_-42.62_0.1012_-0.0277_0.8526_0.5119end,24.3787648,120.90907822,1064.6346435546875
784,,24.3787648,120.90907822,1064.6346435546875
785,,24.3787648,120.90907822,1064.6346435546875
786,1.65_8.15_6.03_26.63_34.80_-4.92_-5.69_-2.87_-42.62_0.1012_-0.0277_0.8526_0.5119end1.65_8.15_6.03_26.63_34.80_-4.92_-5.69_-2.87_-42.62_0.0974_-0.0296_0.8512_0.5148end1.80_8.21_6.07_26.63_34.80_-4.92_-5.69_-2.87_-42.62_0.0974_-0.0296_0.8512_0.5148end1.80_8.21_6.07_26.63_34.80_-4.92_-5.69_-2.87_-42.62_0.0974_-0.0296_0.8512_0.5148end2.10_8.38_5.93_26.63_34.80_-4.92_-5.69_-2.87_-42.62_0.0974_-0.0296_0.8512_0.5148end2.43_8.40_5.71_26.63_34.80_-4.92_-5.69_-2.87_-42.62_0.0974_-0.0296_0.8512_0.5148end2.43_8.40_5.71_26.63_34.80_-4.92_-5.69_-2.87_-42.62_0.0964_-0.0294_0.8474_0.5212end2.43_8.40_5.71_26.63_34.80_-4.92_-5.69_-2.87_-42.62_0.0964_-0.0294_0.8474_0.521,24.3787648,120.90907822,1064.6346435546875
787,2end2.26_8.30_5.27_26.63_34.80_-4.92_-5.69_-2.87_-42.62_0.0964_-0.0294_0.8474_0.5212end2.26_8.30_5.27_26.63_34.80_-4.92_-5.69_-2.87_-42.62_0.0034_-0.0284_0.8446_0.5257end,24.3787648,120.90907822,1064.6346435546875
788,,24.3787648,120.90907822,1064.6346435546875
789,2.26_8.30_5.27_26.63_34.80_-4.92_-5.69_-2.87_-42.62_0.0974_-0.0279_0.8432_0.5280end2.26_8.30_5.27_30.10_-2.69_-7.27_-5.69_-2.87_-42.62_0.0974_-0.0279_0.8432_0.5280end1.30_7.91_2.98_30.10_-2.69_-7.27_-5.69_-2.87_-42.62_0.0974_-0.0279_0.8432_0.5280end1.30_7.91_2.98_30.10_-2.69_-7.27_-5.69_-2.87_-42.62_0.0977_-0.0270_0.8403_0.5325end2.31_8.48_3.34_30.10_-2.69_-7.27_-5.69_-2.87_-42.62_0.0977_-0.0270_0.8403_0.5325end1.91_5.98_3.68_30.10_-2.69_-7.27_-5.69_-2.87_-42.62_0.0995_-0.0255_0.8387_0.5349end2.50_5.80_3.94_30.10_-2.69_-7.27_-5.69_-2.87_-42.62_0.0995_-0.0255_0.8387_0.5349end2.26_10.90_3.54_30.10_-2.69_-7.27_-5.69_-2.87_-42.62_0.0995_-0.0255_0.8387_0.53,24.3787648,120.90907822,1064.6346435546875
790,49end2.26_10.90_3.54_30.10_-2.69_-7.27_-5.69_-2.87_-42.62_0.1111_-0.0172_0.8345_0.5394end0.49_6.73_0.58_30.10_-2.69_-7.27_-5.69_-2.87_-42.62_0.1111_-0.0172_0.8345_0.5394end,24.3787648,120.90907822,1064.6346435546875
791,,24.3787648,120.90907822,1064.6346435546875
792,,24.3787648,120.90907822,1064.6346435546875
793,,24.3787648,120.90907822,1064.6346435546875
794,,24.3787648,120.90907822,1064.6346435546875
795,,24.3787648,120.90907822,1064.6346435546875
796,0.59_8.55_0.39_30.10_-2.69_-7.27_-5.69_-2.87_-42.62_0.1111_-0.0172_0.8345_0.5394end0.65_9.40_0.30_30.10_-2.69_-7.27_-5.69_-2.87_-42.62_0.1111_-0.0172_0.8345_0.5394end0.65_9.40_0.30_30.10_-2.69_-7.27_-5.69_-2.87_-42.62_0.1111_-0.0172_0.8345_0.5394end0.65_9.40_0.30_30.10_-2.69_-7.27_-5.69_-2.87_-42.62_0.1292_-0.0054_0.8300_0.5427end0.28_6.42_2.30_30.10_-2.69_-7.27_-5.69_-2.87_-42.62_0.1292_-0.0054_0.8300_0.5427end0.28_6.42_2.30_30.10_-2.69_-7.27_-5.69_-2.87_-42.62_0.1432_0.0056_0.8243_0.5476end1.02_7.36_-1.04_30.10_-2.69_-7.27_-5.69_-2.87_-42.62_0.1432_0.0056_0.8243_0.5476end0.77_9.77_0.60_30.10_-2.69_-7.27_-5.69_-2.87_-42.62_0.1464_0.0079_0.8231_0.5486e,24.3787648,120.90907822,1064.6346435546875
797,nd0.77_9.77_0.60_30.10_-2.69_-7.27_-5.69_-2.87_-42.62_0.1496_0.0099_0.8222_0.5491end0.72_7.62_-0.31_30.10_-2.69_-7.27_-5.69_-2.87_-42.62_0.1525_0.0119_0.8210_0.5500end0.92_9.20_0.46_30.10_-2.69_-7.27_-5.69_-2.87_-42.62_0.1525_0.0119_0.8210_0.5500end1.13_8.83_-0.16_30.10_-2.69_-7.27_-5.69_-2.87_-42.62_0.1525_0.0119_0.8210_0.5500end0.57_8.36_0.69_30.10_-2.69_-7.27_-5.69_-2.87_-42.62_0.1525_0.0119_0.8210_0.5500end1.27_9.33_3.06_30.10_-2.69_-7.27_-5.69_-2.87_-42.62_0.1525_0.0119_0.8210_0.5500end1.27_9.33_3.06_30.10_-2.69_-7.27_-5.69_-2.87_-42.62_0.1609_0.0188_0.8156_0.5554end4.33_12.85_9.41_30.10_-2.69_-7.27_-13.31_-7.50_-40.12_0.1609_0.0188_0.8156_0.5554end2.86_13.86_9.51_30.10_-2.69_-7.27_-13.31_-7.50_-40.12_0.1693_0.0248_0.8128_0.5568end2.26_11.69_8.25_20.25_-157.68_2.13_-13.31_-8.19_-38.75_0.1693_0.0248_0.8128_0.5568end1.67_10.05_5.65_20.25_-157.68_2.13_-13.31_-8.19_-38.75_0.1804_0.0320_0.8094_0.5579end1.67_10.05_5.65_20.25_-157.68_2.13_-13.31_-8.19_-38.75_0.1906_0.0385_0.8058_0.5593end,24.3787648,120.90907822,1064.6346435546875
798,,24.3787648,120.90907822,1064.6346435546875
799,1.67_10.05_5.65_20.25_-157.68_2.13_-13.31_-8.19_-38.75_0.1945_0.0412_0.8040_0.5604end1.67_10.05_5.65_20.25_-157.68_2.13_-13.31_-8.19_-38.75_0.1945_0.0412_0.8040_0.5604end2.16_1.45_0.48_20.25_-157.68_2.13_-13.31_-8.19_-38.75_0.1945_0.0412_0.8040_0.5604end1.93_1.61_1.11_20.25_-157.68_2.13_-16.94_-10.00_-39.25_0.1945_0.0412_0.8040_0.5604end0.80_2.25_1.68_20.25_-157.68_2.13_-16.94_-10.00_-39.25_0.2017_0.0472_0.7964_0.5682end0.29_2.74_1.70_20.25_-157.68_2.13_-16.94_-10.00_-39.25_0.2017_0.0472_0.7964_0.5682end-0.59_3.25_0.26_20.25_-157.68_2.13_-16.94_-10.00_-39.25_0.2017_0.0472_0.7964_0.5682end-0.59_3.25_0.26_20.25_-157.68_2.13_-16.94_-10.00_-39.25_0.2026_0.0484_0.7894_0.5774end-1.25_5.12_-0.47_20.25_-157.68_2.13_-16.94_-10.00_-39.25_0.2026_0.0484_0.7894_0.5774end0.24_6.53_-3.43_20.25_-157.68_2.13_-16.94_-10.00_-39.25_0.2026_0.0484_0.7894_0.5774end,24.3787648,120.90907822,1064.6346435546875
800,0.25_5.22_-2.03_41.29_-18.24_-11.41_-16.94_-10.00_-39.25_0.2026_0.0484_0.7894_0.5774end2.35_5.06_-2.28_41.29_-18.24_-11.41_-16.94_-10.00_-39.25_0.2026_0.0484_0.7894_0.5774end2.35_5.06_-2.28_41.29_-18.24_-11.41_-16.94_-10.00_-39.25_0.2056_0.0527_0.7811_0.5873end2.30_3.91_-2.84_41.29_-18.24_-11.41_-16.94_-10.00_-39.25_0.2056_0.0527_0.7811_0.5873end0.92_4.10_-2.39_41.29_-18.24_-11.41_-16.94_-10.00_-39.25_0.2088_0.0562_0.7773_0.5908end4.58_22.08_-5.41_41.29_-18.24_-11.41_-16.94_-10.00_-39.25_0.2088_0.0562_0.7773_0.5908end4.58_22.08_-5.41_81.69_-0.90_-25.96_-16.94_-10.00_-39.25_0.2088_0.0562_0.7773_0.5908end11.64_16.20_22.23_81.69_-0.90_-25.96_-16.94_-10.00,24.3787648,120.90907822,1064.6346435546875
801,,24.3787648,120.90907822,1064.6346435546875
802,_-39.25_0.2111_0.0598_0.7701_0.5990end11.64_16.20_22.23_81.69_-0.90_-25.96_-18.81_-12.06_-36.25_0.2126_0.0607_0.7702_0.5983end1.71_-6.48_4.94_81.69_-0.90_-25.96_-18.81_-12.06_-36.25_0.2126_0.0607_0.7702_0.5983end6.92_14.91_4.77_81.69_-0.90_-25.96_-18.81_-12.06_-36.25_0.2153_0.0621_0.7702_0.5971end6.92_14.91_4.77_-7.16_25.18_-6.83_-19.56_-12.06_-36.25_0.2153_0.0621_0.7702_0.5971end4.07_6.60_-1.83_-7.16_25.18_-6.83_-19.56_-12.06_-36.25_0.2153_0.0621_0.7702_0.5971end2.68_12.35_-6.73_-7.16_25.18_-6.83_-19.56_-12.06_-36.25_0.2153_0.0621_0.77,24.3787648,120.90907822,1064.6346435546875
803,02_0.5971end6.66_10.71_4.20_-7.16_25.18_-6.83_-18.06_-12.06_-36.25_0.2153_0.0621_0.7702_0.5971end6.66_10.71_4.20_-7.16_25.18_-6.83_-18.06_-12.06_-36.25_0.2153_0.0621_0.7702_0.5971end6.66_10.71_4.20_-7.16_25.18_-6.83_-18.06_-12.06_-36.25_0.1754_0.0344_0.7801_0.5996end8.55_9.97_2.55_-7.16_25.18_-6.83_-18.06_-12.06_-36.25_0.1665_0.0279_0.7815_0.6006end8.58_9.92_-0.89_-7.16_25.18_-6.83_-18.06_-12.06_-36.25_0.1665_0.0279_0.7815_0.6006end2.36_8.45_3.51_20.37_163.27_0.11_-18.06_-12.06_-36.25_0.1665_0.0279_0.7815_0.6006end,24.3787648,120.90907822,1064.6346435546875
804,,24.3787648,120.90907822,1064.6346435546875
805,2.36_8.45_3.51_20.37_163.27_0.11_-12.69_-12.31_-38.00_0.1429_0.0098_0.7842_0.6038end1.00_9.83_3.66_20.37_163.27_0.11_-12.69_-12.31_-38.00_0.1389_0.0068_0.7845_0.6044end0.14_9.12_4.47_8.73_83.93_-7.05_-12.69_-12.31_-38.00_0.1389_0.0068_0.7845_0.6044end-2.44_9.89_5.15_8.73_83.93_-7.05_-12.69_-12.31_-38.00_0.1389_0.0068_0.7845_0.6044end-0.63_9.11_2.63_8.73_83.93_-7.05_-10.88_-12.31_-39.75_0.1389_0.0068_0.7845_0.6044end-1.21_8.68_1.77_8.73_83.93_-7.05_-10.88_-12.31_-39.75_0.1389_0.0068_0.7845_0.6044end-1.21_8.68_1.77_8.73_83.93_-7.05_-10.88_-12.31_-39.75_0.1389_0.0068_0.7845_0.6044end-2.07_8.04_3.37_8.73_83.93_-7.05_-9.81_-13.00_-38.88_0.1389_0.0068_0.7845,24.3787648,120.90907822,1064.6346435546875
806,_0.6044end-1.82_9.35_1.96_8.73_83.93_-7.05_-9.81_-13.00_-38.88_0.1389_0.0068_0.7845_0.6044end-1.71_9.23_3.23_8.73_83.93_-7.05_-9.81_-13.00_-38.88_0.1389_0.0068_0.7845_0.6044end,24.3787648,120.90907822,1064.6346435546875
807,,24.3787648,120.90907822,1064.6346435546875
808,-1.50_9.34_2.15_8.73_83.93_-7.05_-9.81_-13.00_-38.88_0.1389_0.0068_0.7845_0.6044end-1.27_9.14_2.66_8.73_83.93_-7.05_-9.81_-13.00_-38.88_0.1389_0.0068_0.7845_0.6044end-0.49_9.36_3.00_8.73_83.93_-7.05_-9.81_-13.00_-38.88_0.1389_0.0068_0.7845_0.6044end1.33_9.08_1.05_8.73_83.93_-7.05_-9.81_-13.00_-38.88_0.1389_0.0068_0.7845_0.6044end1.33_9.08_1.05_8.73_83.93_-7.05_-9.81_-13.00_-38.88_0.1434_0.0161_0.7813_0.6072end2.47_9.11_-0.39_8.73_83.93_-7.05_-9.81_-13.00_-38.88_0.1434_0.0161_0.7813_0.6072end2.47_9.11_-0.39_8.73_83.93_-7.05_-9.81_-13.00_-38.88_0.1461_0.0183_0.7808_0.6072end3.05_9.12_-0.96_8.73_83.93_-7.05_-9.81_-13.00_-38.88_0.1461_0.0183_0.7808_0.6072end3.05_9.12_-0.96_8.73_83.93_-7.05_-9.81_-13.00_-38.88_0.1523_0.0231_0.7795_0.6072end3.54_9.20_0.05_8.73_83.93_-7.05_-9.81_-13.00_-38.88_0.1523_0.0231_0.7795_0.6072end,24.3787648,120.90907822,1064.6346435546875
809,,24.3787648,120.90907822,1064.6346435546875
810,,24.3787648,120.90907822,1064.6346435546875
811,,24.3787648,120.90907822,1064.6346435546875
812,3.54_9.20_0.05_5.15_22.38_-4.81_-9.81_-13.00_-38.88_0.1523_0.0231_0.7795_0.6072end3.50_9.09_0.58_5.15_22.38_-4.81_-9.81_-13.00_-38.88_0.1523_0.0231_0.7795_0.6072end3.78_9.20_1.50_5.15_22.38_-4.81_-9.81_-13.00_-38.88_0.1523_0.0231_0.7795_0.6072end3.78_9.20_1.50_5.15_22.38_-4.81_-9.81_-13.00_-38.88_0.1470_0.0203_0.7797_0.6084end2.,24.3787648,120.90907822,1064.6346435546875
813,,24.3787648,120.90907822,1064.6346435546875
814,57_9.10_1.75_5.15_22.38_-4.81_-9.81_-13.00_-38.88_0.1470_0.0203_0.7797_0.6084end2.31_9.14_1.70_-0.11_41.96_-3.47_-9.81_-13.00_-38.88_0.1470_0.0203_0.7797_0.6084end1.93_9.12_1.53_-0.11_41.96_-3.47_-9.81_-13.00_-38.88_0.1424_0.0173_0.7804_0.6086end1.84_9.21_1.59_-0.11_41.96_-3.47_-9.81_-13.00_-38.88_0.1393_0.0154_0.7809_0.6087end1,24.3787648,120.90907822,1064.6346435546875
815,.99_9.21_1.74_1.01_35.47_-6.27_-9.81_-13.00_-38.88_0.1393_0.0154_0.7809_0.6087end1.99_9.21_1.74_1.12_21.15_-6.60_-12.00_-13.06_-38.50_0.1393_0.0154_0.7809_0.6087end,24.3787648,120.90907822,1064.6346435546875
816,2.31_9.20_2.11_1.12_21.15_-6.60_-11.63_-13.44_-39.81_0.1349_0.0133_0.7814_0.6091end2.92_9.28_2.32_1.12_21.15_-6.60_-11.63_-13.44_-39.81_0.1349_0.0133_0.7814_0.6091end3.05_9.25_2.28_1.12_21.15_-6.60_-10.13_-12.31_-39.38_0.1349_0.0133_0.7814_0.6091end3.05_9.25_2.28_1.12_21.15_-6.60_-12.00_-13.44_-39.38_0.1340_0.0137_0.7816_0.6091end3.27_9.15_1.62_1.12_21.15_-6.60_-12.00_-13.44_-39.38_0.1337_0.0139_0.7816_0.6091end3.29_9.11_1.51_1.12_21.15_-6.60_-11.25_-13.06_-40.25_0.1337_0.0139_0.7816_0.6091end3.29_9.10_1.46_-1.01_22.49_-8.28_-11.25_-13.06_-40.25_0.1337_0.0139_0.7816_0.6091end3.29_9.10_1.46_-1.01_22.49_-8.28_-12.00_-13.75_-39.38_0.1337_0.0139_0.7816_0.6091end3.29_9.10_1.46_0.56_36.03_-9.62_-12.00_-13.75_-39.38_0.1277_0.0120_0.7824_0.6094end3.25_9.08_1.90_0.56_36.03_-9.62_-12.00_-13.75_-39.38_0.1277_0.0120_0.7824_0.6094end3.03_8.98_2.24_0.56_36.03_-9.62_-12.00_-13.75_-39.38_0.1240_0.0101_0.7829_0.6096end2.91_9.27_2.29_1.12_58.64_-10.85_-12.00_-13.75_-39.38_0.1240_0.0101_0.7829_0.6096end2.91_9.27_2.29_1.01_62.78_-10.63_-12.00_-13.75_-39.38_0.1169_0.0063_0.7837_0.6100end2.59_9.17_2.48_1.01_62.78_-10.63_-12.00_-13.75_-39.38_0.1143_0.0050_0.7840_0.6101end2.59_9.17_2.48_1.01_62.78_-10.63_-10.19_-13.00_-38.00_0.1143_0.0050_0.7840_0.6101end2.14_9.12_2.46_1.01_62.78_-10.63_-10.19_-13.00_-38.00_0.1143_0.0050_0.7840_0.6101end2.14_9.12_2.46_1.01_62.78_-10.63_-10.19_-13.00_-38.00_0.1066_0.0009_0.7849_0.6104end1.54_9.25_2.29_1.01_62.78_-10.63_-8.69_-13.75_-40.31_0.1066_0.0009_0.7849_0.6104end1.54_9.25_2.29_1.34_46.66_-11.53_-8.69_-13.75_-40.31_0.0996_-0.0026_0.7856_0.6107end1.54_9.25_2.29_1.34_46.66_-11.53_-7.62_-13.31_-38.94_0.0958_-0.0043_0.7859_0.6108end,24.3787648,120.90907822,1064.6346435546875
817,,24.3787648,120.90907822,1064.6346435546875
818,1.00_9.24_2.40_1.34_46.66_-11.53_-7.62_-13.31_-38.94_0.0958_-0.0043_0.7859_0.6108end1.00_9.24_2.40_1.34_46.66_-11.53_-7.62_-13.31_-38.94_0.0941_-0.0049_0.7860_0.6110end1.10_9.25_2.54_1.34_46.66_-11.53_-7.62_-13.31_-38.94_0.0941_-0.0049_0.7860_0.6110end1.10_9.25_2.54_1.34_46.66_-11.53_-7.25_-14.06_-39.81_0.0883_-0.0068_0.7864_0.6114end1.30_9.20_2.66_1.34_46.66_-11.53_-7.25_-14.06_-39.81_0.0883_-0.0068_0.7864_0.6114end1.30_9.20_2.66_1.34_46.66_-11.53_-7.25_-13.31_-40.31_0.0883_-0.0068_0.7864_0.6114end1.30_9.20_2.66_1.34_46.66_-11.53_-7.25_-13.31_-40.31_0.0883_-0.0068_0.7864_0.6114end1.30_9.20_2.66_1.34_46.66_-11.53_-7.25_-13.31_-40.31_0.0851_-0.0074_0.78,24.3787648,120.90907822,1064.6346435546875
819,64_0.6117end1.40_9.21_2.77_1.34_46.66_-11.53_-6.19_-13.00_-41.13_0.0851_-0.0074_0.7864_0.6117end1.58_9.25_2.66_1.34_46.66_-11.53_-6.19_-13.00_-41.13_0.0818_-0.0075_0.7864_0.6122end,24.3787648,120.90907822,1064.6346435546875
820,,24.3787648,120.90907822,1064.6346435546875
821,1.62_9.24_2.64_2.69_8.84_-11.53_-6.19_-13.00_-41.13_0.0818_-0.0075_0.7864_0.6122end1.62_9.24_2.64_3.02_8.17_-11.75_-6.19_-13.00_-41.13_0.0818_-0.0075_0.7864_0.6122end1.62_9.24_2.64_3.02_8.17_-11.75_-6.25_-14.00_-39.44_0.0787_-0.0068_0.7862_0.6129end1.68_9.21_2.52_3.02_8.17_-11.75_-6.25_-14.00_-39.44_0.0787_-0.0068_0.7862_0.6129end1.71_9.21_2.48_3.02_8.17_-11.75_-7.25_-14.38_-39.44_0.0787_-0.0068_0.7862_0.6129end1.71_9.21_2.48_3.02_8.17_-11.75_-6.94_-11.94_-40.25_0.0759_-0.0065_0.7859_0.6135end1.68_9.23_2.36_3.02_8.17_-11.75_-5.87_-12.63_-40.69_0.0759_-0.0065_0.7859_0.6135end1.55_9.23_2.30_3.02_8.17_-11.75_-5.87_-12.63_-40.69_0.0759_-0.0065_0.7859_0.6135end1.41_9.35_2.32_3.02_8.17_-11.75_-5.50_-14.00_-40.69_0.0759_-0.0065_0.7859_0.6135end1.41_9.35_2.32_3.02_8.17_-11.75_-5.50_-14.00_-40.69_0.0715_-0.0067_0.7857_0.6144end,24.3787648,120.90907822,1064.6346435546875
822,,24.3787648,120.90907822,1064.6346435546875
823,1.44_9.27_2.27_3.02_8.17_-11.75_-5.50_-14.00_-40.69_0.0715_-0.0067_0.7857_0.6144end1.49_9.24_2.19_3.02_8.17_-11.75_-5.50_-14.00_-40.69_0.0715_-0.0067_0.7857_0.6144end1.49_9.24_2.19_2.35_6.94_-11.75_-5.50_-14.00_-40.69_0.0692_-0.0065_0.7856_0.6149end1.49_9.24_2.19_2.35_6.94_-11.75_-5.50_-14.00_-40.69_0.0686_-0.0063_0.7855_0.6150end1.49_9.24_2.19_2.35_6.94_-11.75_-5.50_-14.00_-40.69_0.0681_-0.0061_0.7855_0.6151end1.63_9.17_1.66_2.35_6.94_-11.75_-5.50_-14.00_-40.69_0.0681_-0.0061_0.7855_0.6151end2.29_9.17_1.49_2.35_6.94_-11.75_-5.50_-14.00_-40.69_0.0663_-0.0054_0.7853_0.6155end2.36_9.16_1.47_2.35_6.94_-11.75_-6.62_-14.00_-39.81_0.0663_-0.0054_0.7853_0.6155end2.53_9.18_1.56_3.69_15.00_-15.00_-6.62_-14.00_-39.81_0.0663_-0.0054_0.7853_0.6155end2.53_9.18_1.56_3.69_15.00_-15.00_-5.50_-13.31_-39.81_0.0663_-0.0054_0.7853_0.6155end,24.3787648,120.90907822,1064.6346435546875
824,,24.3787648,120.90907822,1064.6346435546875
825,,24.3787648,120.90907822,1064.6346435546875
826,,24.3787648,120.90907822,1064.6346435546875
827,,24.3787648,120.90907822,1064.6346435546875
828,,24.3787648,120.90907822,1064.6346435546875
829,2.53_9.18_1.56_4.36_21.15_-15.22_-5.50_-13.31_-39.81_0.0605_-0.0049_0.7850_0.6165end2.17_8.86_2.02_4.36_21.15_-15.22_-5.50_-13.31_-39.81_0.0605_-0.0049_0.7850_0.6165end2.17_9.29_2.02_4.36_21.15_-15.22_-5.50_-13.31_-39.81_0.0605_-0.0049_0.7850_0.6165end2.17_8.95_2.17_4.36_21.15_-15.22_-4.06_-14.38_-40.31_0.0605_-0.0049_0.7850_0.6165end2.17_8.95_2.17_5.04_57.52_-17.46_-4.06_-14.38_-40.31_0.0537_-0.0068_0.7849_0.6172end1.52_9.27_2.34_5.04_57.52_-17.46_-4.06_-14.38_-40.31_0.0490_-0.0087_0.7849_0.6176end0.73_9.25_2.77_5.04_57.52_-17.46_-4.06_-14.38_-40.31_0.0490_-0.0087_0.7849_0.6176end0.73_9.25_2.77_5.04_57.52_-17.46_-4.06_-14.38_-40.31_0.0416_-0.0117_0.7849_0.6182end0.66_9.17_3.06_5.04_57.52_-17.46_-4.06_-14.38_-40.31_0.0394_-0.0126_0.7848_0.6183end0.22_9.45_3.15_5.04_57.52_-17.46_-4.06_-14.38_-40.31_0.0394_-0.0126_0.7848_0.6183end0.24_9.45_3.30_5.04_57.52_-17.46_-4.06_-14.38_-40.31_0.0394_-0.0126_0.7848_0.6183end0.24_9.45_3.30_5.04_57.52_-17.46_-4.06_-14.38_-40.31_0.0337_-0.0144_0.7846_0.6190end-0.54_9.36_3.04_5.04_57.52_-17.46_-4.06_-14.38_-40.31_0.0337_-0.0144_0.7846_0.6190end-0.36_9.36_3.10_5.04_57.52_-17.46_-4.06_-14.38_-40.31_0.0337_-0.0144_0.7846_0,24.3787648,120.90907822,1064.6346435546875
830,.6190end-0.26_9.34_3.23_5.04_57.52_-17.46_-4.06_-14.38_-40.31_0.0337_-0.0144_0.7846_0.6190end-0.26_9.34_3.23_5.04_57.52_-17.46_-4.06_-14.38_-40.31_0.0269_-0.0154_0.7839_0.6202end-0.34_9.34_3.52_5.04_57.52_-17.46_-4.06_-14.38_-40.31_0.0269_-0.0154_0.7839_0.6202end-0.34_9.34_3.52_5.04_57.52_-17.46_-4.06_-14.38_-40.31_0.0256_-0.0149_0.7834_0.6208end-0.34_9.34_3.52_5.04_57.52_-17.46_-4.06_-14.38_-40.31_0.0251_-0.0144_0.7831_0.6212end0.11_9.32_3.95_5.04_57.52_-17.46_-4.06_-14.38_-40.31_0.0251_-0.0144_0.7831_0.6212end,24.3787648,120.90907822,1064.6346435546875
831,0.11_9.32_3.95_5.04_57.52_-17.46_-4.06_-14.38_-40.31_0.0246_-0.0118_0.7820_0.6227end0.26_9.28_3.73_5.04_57.52_-17.46_-4.06_-14.38_-40.31_0.0246_-0.0110_0.7817_0.6230end0.27_9.32_3.50_5.04_57.52_-17.46_-4.06_-14.38_-40.31_0.0246_-0.0110_0.7817_0.6230end0.32_9.27_3.41_10.97_-13.54_-13.20_-4.06_-14.38_-40.31_0.0246_-0.0110_0.7817_0.6230end0.32_9.27_3.41_10.97_-13.54_-13.20_-4.06_-14.38_-40.31_0.0248_-0.0087_0.7808_0.6242end0.32_9.27_3.41_10.97_-13.54_-13.20_-4.06_-14.38_-40.31_0.0253_-0.0068_0.7801_0.6251end0.38_9.27_3.08_10.97_-13.54_-13.20_-2.25_-15.06_-41.63_0.0253_-0.0068_0.7801_0.6251end0.41_9.30_3.04_10.97_-13.54_-13.20_-2.25_-15.06_-41.63_0.0253_-0.0068_0.7801_0.6251end0.41_9.30_3.04_10.97_-13.54_-13.20_-2.25_-15.06_-41.63_0.0271_-0.0026_0.7785_0.6271end0.52_9.28_3.03_10.97_-13.54_-13.20_-2.25_-14.31_-40.31_0.0271_-0.0026_0.7785_0.6271end,24.3787648,120.90907822,1064.6346435546875
832,,24.3787197,120.90909077,1075.00537109375
833,,24.3787197,120.90909077,1075.00537109375
834,0.63_9.29_2.96_10.97_-13.54_-13.20_-2.25_-14.31_-40.31_0.0271_-0.0026_0.7785_0.6271end0.62_9.28_2.91_10.97_-13.54_-13.20_-2.25_-14.31_-40.31_0.0291_0.0018_0.7768_0.6291end0.59_9.28_2.84_10.97_-13.54_-13.20_-2.25_-14.31_-40.31_0.0295_0.0029_0.7763_0.6296end0.55_9.25_2.77_10.97_-13.54_-13.20_-2.25_-14.31_-40.31_0.0295_0.0029_0.7763_0.6296end0.41_9.28_2.55_10.97_-13.54_-13.20_-2.25_-14.31_-40.31_0.0299_0.0039_0.7759_0.6301end0.41_9.28_2.55_10.97_-13.54_-13.20_-2.25_-14.31_-40.31_0.0307_0.0067_0.7745_0.6318end0.37_9.27_2.54_10.97_-13.54_-13.20_-2.25_-14.31_-40.31_0.0308_0.0076_0.7740_0.6324end0.26_9.34_2.40_10.97_-13.54_-13.20_-2.25_-14.31_-40.31_0.0424_-0.0003_0.7653_0.6423end0.09_9.28_2.32_17.01_-13.43_-13.09_-2.25_-14.31_-40.31_0.0424_-0.0003_0.7653_0.6423end0.03_9.28_2.28_17.46_-14.10_-12.87_-2.62_-15.75_-40.75_0.0424_-0.0003_0.7653_0.6423end,24.3787197,120.90909077,1075.00537109375
835,,24.3787197,120.90909077,1075.00537109375
836,0.03_9.28_2.28_17.46_-14.10_-12.87_-2.62_-15.75_-40.75_0.0436_-0.0067_0.7593_0.6493end-0.09_9.28_2.12_17.46_-14.10_-12.87_-2.62_-15.75_-40.75_0.0436_-0.0067_0.7593_0.6493end-0.21_9.29_2.07_17.46_-14.10_-12.87_-2.62_-15.75_-40.75_0.0436_-0.0067_0.7593_0.6493end-0.21_9.29_2.07_17.46_-14.10_-12.87_-2.62_-15.75_-40.75_0.0436_-0.0067_0.7593_0.6493end-0.21_9.29_2.07_17.46_-14.10_-12.87_-2.62_-15.75_-40.75_0.0436_-0.0051_0.7562_0.6530end-0.34_9.29_1.98_17.46_-14.10_-12.87_-2.62_-15.75_-40.75_0.0436_-0.0051_0.7562_0.6530end-0.41_9.32_1.91_17.46_-14.10_-12.87_-2.62_-16.44_-39.00_0.0436_-0.0051_0.7562_0.6530end-0.55_9.29_1.70_17.46_-14.10_-12.87_-2.62_-16.44_-39,24.3787197,120.90909077,1075.00537109375
837,.00_0.0438_-0.0029_0.7542_0.6552end-0.59_9.31_1.72_17.46_-14.10_-12.87_-2.62_-16.44_-39.00_0.0438_-0.0029_0.7542_0.6552end-0.62_9.36_1.62_17.46_-14.10_-12.87_-2.62_-16.44_-39.00_0.0438_-0.0023_0.7537_0.6558end,24.3787197,120.90909077,1075.00537109375
838,-0.72_9.34_1.57_18.35_-7.95_-10.74_-2.62_-16.44_-39.00_0.0435_-0.0009_0.7522_0.6575end-0.81_9.35_1.64_18.35_-7.95_-10.74_-2.62_-16.44_-39.00_0.0434_-0.0004_0.7517_0.6581end-0.94_9.38_1.60_18.35_-7.95_-10.74_-2.62_-16.44_-39.00_0.0434_-0.0004_0.7517_0.6581end-0.98_9.37_1.54_18.24_-13.88_-9.40_-2.62_-16.44_-39.00_0.0434_-0.0004_0.7517_0.6581end-0.98_9.37_1.54_18.24_-13.88_-9.40_-4.50_-17.44_-39.50_0.0436_0.0015_0.7502_0.6597end-0.95_9.37_1.58_18.24_-13.88_-9.40_-4.50_-17.44_-39.50_0.0436_0.0015_0.7502_0.6597end-0.82_9.36_1.55_18.24_-13.88_-9.40_-4.50_-17.44_-39.50_0.0436_0.0015_0.7502_0.6597end-0.82_9.36_1.55_18.24_-13.88_-9.40_-4.50_-17.44_-39.50_0.0450,24.3787197,120.90909077,1075.00537109375
839,_0.0048_0.7482_0.6619end-0.65_9.36_1.54_18.24_-13.88_-9.40_-4.50_-17.44_-39.50_0.0450_0.0048_0.7482_0.6619end-0.59_9.37_1.52_18.24_-13.88_-9.40_-4.50_-17.44_-39.50_0.0450_0.0048_0.7482_0.6619end,24.3787197,120.90909077,1075.00537109375
840,,24.3787197,120.90909077,1075.00537109375
841,,24.3787197,120.90909077,1075.00537109375
842,,24.3787197,120.90909077,1075.00537109375
843,-0.57_9.37_1.45_18.24_-13.88_-9.40_-4.50_-17.44_-39.50_0.0450_0.0048_0.7482_0.6619end-0.54_9.38_1.45_18.24_-13.88_-9.40_-4.12_-18.12_-38.19_0.0450_0.0048_0.7482_0.6619end-0.57_9.38_1.37_18.24_-13.88_-9.40_-4.12_-18.12_-38.19_0.0475_0.0099_0.7452_0.6651end-0.57_9.38_1.37_18.24_-13.88_-9.40_-2.69_-17.06_-38.13_0.0475_0.0099_0.7452_0.6651end-0.67_9.32_1.21_18.24_-13.88_-9.40_-2.69_-17.06_-38.13_0.0475_0.0099_0.7452_0.6651end-0.65_9.40_1.21_18.24_-13.88_-9.40_-2.69_-17.06_-38.13_0.0475_0.0099_0.7452_0.6651end-0.65_9.40_1.21_18.24_-13.88_-9.40_-4.87_-18.12_-38.19_0.0475_0.0099_0.7452_0.6651end-0.67_9.44_1.14_18.24_-13.88_-9.40_-4.87_-18.12_-38.19_0.0496_0.0,24.3787197,120.90909077,1075.00537109375
844,145_0.7421_0.6683end-0.54_9.46_1.16_19.02_-22.83_-5.37_-4.87_-18.12_-38.19_0.0496_0.0145_0.7421_0.6683end-0.54_9.38_1.11_19.02_-22.83_-5.37_-4.87_-18.12_-38.19_0.0511_0.0170_0.7405_0.6698end-0.54_9.38_1.11_19.02_-22.60_-5.48_-4.87_-18.12_-38.19_0.0517_0.0178_0.7401_0.6703end-0.54_9.38_1.11_19.25_-21.71_-5.15_-4.87_-18.12_-38.19_0.0517_0.0178_0.7401_0.6703end-0.32_9.43_1.03_19.25_-21.71_-5.15_-4.87_-18.12_-38.19_0.0517_0.0178_0.7401_0.6703end-0.32_9.43_1.03_19.25_-21.71_-5.15_-5.25_-19.19_-36.88_0.0541_0.0218_0.7374_0.6730end-0.32_9.40_1.01_19.25_-21.71_-5.15_-5.25_-19.19_-36.88_0.0546_0.0226_0.7369_0.6734end-0.37_9.43_0.98_19.25_-21.71_-5.15_-5.25_-19.19_-36.88_0.0546_0.0226_0.7369_0.6734end-0.36_9.42_1.02_19.25_-21.71_-5.15_-5.25_-18.50_-37.31_0.0546_0.0226_0.7369_0.6734end-0.36_9.42_1.02_20.14_-16.90_-3.92_-5.25_-18.50_-37.31_0.0559_0.0,24.3787197,120.90909077,1075.00537109375
845,248_0.7353_0.6750end-0.30_9.50_1.03_20.14_-16.90_-3.92_-5.25_-18.81_-36.00_0.0566_0.0261_0.7343_0.6760end-0.30_9.50_1.03_20.14_-16.90_-3.92_-5.25_-18.81_-36.00_0.0566_0.0261_0.7343_0.6760end,24.3787197,120.90909077,1075.00537109375
846,-0.43_9.43_1.24_20.37_-16.11_-4.03_-5.25_-18.81_-36.00_0.0566_0.0261_0.7343_0.6760end-0.42_9.47_1.29_20.37_-16.11_-4.03_-5.25_-18.81_-36.00_0.0582_0.0289_0.7321_0.6780end-0.49_9.44_1.15_20.37_-16.11_-4.03_-5.25_-18.81_-36.00_0.0582_0.0289_0.7321_0.6780end-0.47_9.46_1.13_20.37_-16.11_-4.03_-5.25_-18.81_-36.00_0.0593_0.0311_0.7306_0.6795end-0.52_9.47_0.82_20.37_-16.11_-4.03_-5.25_-18.81_-36.00_0.0593_0.0311_0.7306_0.6795end-0.48_9.45_0.80_20.25_-20.59_-2.69_-5.25_-18.81_-36.00_0.0593_0.0311_0.7306_0.6795end-0.53_9.46_0.73_19.81_-22.27_-2.46_-5.25_-18.81_-36.00_0.0615_0.0344_0.7286_0.6813end-0.44_9.42_0.59_19.81_-22.27_-2.46_-5.25_-18.81_-36.00_0.0615_0.0,24.3787197,120.90909077,1075.00537109375
847,344_0.7286_0.6813end-0.44_9.42_0.59_19.81_-22.27_-2.46_-5.25_-18.81_-36.00_0.0621_0.0353_0.7280_0.6818end-0.32_9.44_0.54_19.81_-22.27_-2.46_-5.25_-18.81_-36.00_0.0621_0.0353_0.7280_0.6818end,24.3787197,120.90909077,1075.00537109375
848,,24.3787197,120.90909077,1075.00537109375
849,-0.32_9.44_0.54_19.81_-22.27_-2.46_-5.25_-18.81_-36.00_0.0647_0.0385_0.7263_0.6832end-0.32_9.44_0.54_19.81_-22.27_-2.46_-6.75_-20.62_-36.50_0.0667_0.0408_0.7253_0.6840end-0.30_9.45_0.84_19.81_-22.27_-2.46_-6.75_-20.62_-36.50_0.0677_0.0422_0.7247_0.6844end-0.29_9.47_1.04_20.48_-42.19_-1.12_-6.75_-20.62_-36.50_0.0677_0.0422_0.7247_0.6844end-0.34_9.50_1.18_20.48_-42.19_-1.12_-4.56_-20.62_-36.94_0.0677_0.0422_0.7247_0.6844end-0.34_9.50_1.18_20.48_-42.19_-1.12_-4.56_-20.62_-36.94_0.0733_0.0482_0.7221_0.6862end-0.29_9.41_0.97_20.48_-42.19_-1.12_-4.56_-20.62_-36.94_0.0733_0.0482_0.7221_0.6862end-0.29_9.41_0.97_20.48_-42.19_-1.12_-7.12_-21.69_-36.94_0.0733_0.0482_0.7221_0.6862end-0.16_9.41_0.54_20.48_-42.19_-1.12_-7.12_-21.69_-36.94_0.0733_0.0482_0.7221_0.6862end0.32_9.34_-0.14_20.48_-42.19_-1.12_-6.37_-21.31_-35.63_0.0733_0.0482_0.7221_0.6862end,24.3787197,120.90909077,1075.00537109375
850,,24.3787197,120.90909077,1075.00537109375
851,0.42_9.46_-0.30_20.48_-42.19_-1.12_-6.37_-21.31_-35.63_0.0831_0.0591_0.7183_0.6882end0.42_9.46_-0.30_20.48_-42.19_-1.12_-6.37_-21.31_-35.63_0.0847_0.0608_0.7177_0.6885end0.55_9.43_-0.33_20.48_-42.19_-1.12_-6.37_-21.31_-35.63_0.0872_0.0636_0.7164_0.6893end0.40_9.41_-0.31_20.48_-42.19_-1.12_-6.37_-21.31_-35.63_0.0872_0.0636_0.7164_0.6893end0.36_9.48_-0.21_20.48_-42.19_-1.12_-6.37_-21.31_-35.63_0.0872_0.0636_0.7164_0.6893end0.19_9.46_-0.13_20.48_-42.19_-1.12_-6.37_-21.31_-35.63_0.0872_0.0636_0.7164_0.6893end0.19_9.46_-0.13_20.48_-42.19_-1.12_-6.37_-21.31_-35.63_0.0920_0.0689_0.7137_0.6910end-0.26_9.49_-0.00_20.48_-42.19_-1.12_-6.37_-21.31_-35.63_0.0920_0.,24.3787197,120.90909077,1075.00537109375
852,0689_0.7137_0.6910end-0.30_9.42_0.10_20.48_-42.19_-1.12_-6.37_-21.31_-35.63_0.0920_0.0689_0.7137_0.6910end0.22_9.46_0.13_20.48_-42.19_-1.12_-6.37_-21.31_-35.63_0.0920_0.0689_0.7137_0.6910end,24.3787197,120.90909077,1075.00537109375
853,,24.3787197,120.90909077,1075.00537109375
854,,24.3787197,120.90909077,1075.00537109375
855,0.22_9.46_0.13_20.48_-42.19_-1.12_-9.25_-21.37_-35.63_0.0920_0.0689_0.7137_0.6910end0.71_9.51_0.04_20.48_-42.19_-1.12_-9.25_-21.37_-35.63_0.0920_0.0689_0.7137_0.6910end0.83_9.49_-0.14_20.48_-42.19_-1.12_-9.25_-21.37_-35.63_0.0920_0.0689_0.7137_0.6910end0.94_9.44_-0.12_20.48_-42.19_-1.12_-10.00_-22.44_-35.19_0.0920_0.0689_0.7137_0.6910end0.94_9.44_-0.12_18.80_-40.29_-4.25_-10.00_-22.44_-35.19_0.1078_0.0866_0.7059_0.6948end1.02_9.41_-0.14_18.80_-40.29_-4.25_-10.00_-22.75_-33.88_0.1078_0.0866_0.7059_0.6948end1.02_9.41_-0.14_18.91_-33.35_-4.14_-10.00_-22.75_-33.88_0.1078_0.0866_0.7059_0.6948end1.02_9.41_-0.14_18.91_-33.35_-4.14_-10.00_-22.75_-33.88_0.1103_,24.3787197,120.90909077,1075.00537109375
856,0.0903_0.7032_0.6965end0.57_9.43_-0.29_18.91_-33.35_-4.14_-10.75_-23.06_-33.88_0.1103_0.0903_0.7032_0.6965end0.54_9.45_-0.27_19.25_-1.68_-5.37_-10.75_-23.06_-33.88_0.1100_0.0911_0.7016_0.6981end0.47_9.47_-0.28_19.25_-1.68_-5.37_-10.75_-23.06_-33.88_0.1097_0.0912_0.7010_0.6987end0.42_9.46_-0.31_19.25_-1.68_-5.37_-10.75_-23.06_-33.88_0.1094_0.0911_0.7006_0.6993end0.28_9.45_-0.41_19.25_-1.68_-5.37_-10.75_-23.06_-33.88_0.1090_0.0909_0.7000_0.6999end0.18_9.45_-0.43_19.36_10.97_-6.04_-10.75_-23.06_-33.88_0.1090_0.0909_0.7000,24.3787197,120.90909077,1075.00537109375
857,_0.6999end0.18_9.45_-0.43_19.36_10.97_-6.04_-10.75_-23.06_-33.88_0.1073_0.0902_0.6985_0.7017end0.05_9.47_-0.49_19.58_21.49_-6.15_-10.75_-23.06_-33.88_0.1073_0.0902_0.6985_0.7017end-0.20_9.45_-0.48_19.58_21.49_-6.15_-10.75_-23.06_-33.88_0.1065_0.0897_0.6980_0.7024end-0.40_9.50_-0.41_19.58_28.09_-5.60_-10.75_-23.06_-33.88_0.1065_0.0897_0.6980_0.7024end-0.40_9.50_-0.41_19.58_28.09_-5.60_-10.38_-24.81_-32.25_0.1036_0.0877_0.6967_0.7044end-0.82_9.49_-0.35_19.58_28.09_-5.60_-10.38_-24.81_-32.25_0.1036_0.0877_0.6967_0.7044end,24.3787197,120.90909077,1075.00537109375
858,-0.99_9.52_-0.36_18.46_25.18_-4.36_-10.38_-24.81_-32.25_0.1036_0.0877_0.6967_0.7044end-1.08_9.54_-0.34_18.02_22.38_-4.14_-10.38_-24.81_-32.25_0.1036_0.0877_0.6967_0.7044end-1.05_9.52_-0.36_17.79_19.81_-4.14_-10.38_-24.81_-32.25_0.1036_0.0877_0.6967_0.7044end-1.05_9.52_-0.36_17.79_19.81_-4.14_-10.00_-23.44_-34.81_0.0982_0.0839_0.6941_0.7082end-0.78_9.62_-0.54_17.79_19.81_-4.14_-10.00_-23.44_-34.81_0.0976_0.0836_0.6937_0.7087end-0.52_9.52_-0.50_17.79_19.81_-4.14_-10.00_-24.81_-33.94_0.0976_0.0836_0.6937_0.7087end-0.81_9.50_-0.65_16.56_11.53_-2.69_-10.00_-24.81_-33.94_0.0976_0.0836_0.6937_0.7087end-0.81_9.50_-0.65_16.56_11.53_-2.69_-9.31_-23.75_-33.13_0.0,24.3787197,120.90909077,1075.00537109375
859,976_0.0836_0.6937_0.7087end-1.08_9.54_-0.86_16.56_11.53_-2.69_-9.31_-23.75_-33.13_0.0948_0.0819_0.6911_0.7119end-1.16_9.53_-0.74_16.56_11.53_-2.69_-9.31_-23.75_-33.13_0.0944_0.0816_0.6906_0.7123end,24.3787197,120.90909077,1075.00537109375
860,,24.3787197,120.90909077,1075.00537109375
861,,24.3787197,120.90909077,1075.00537109375
862,,24.3787197,120.90909077,1075.00537109375
863,-1.16_9.57_-0.71_17.12_10.85_-1.01_-9.31_-24.06_-32.69_0.0944_0.0816_0.6906_0.7123end-1.16_9.57_-0.71_17.12_10.85_-1.01_-9.31_-24.06_-32.69_0.0937_0.0809_0.6898_0.7134end-1.46_9.55_-0.43_17.12_10.85_-1.01_-9.31_-24.06_-32.69_0.0934_0.0807_0.6893_0.7139end-1.53_9.56_-0.30_17.12_10.85_-1.01_-9.31_-24.06_-32.69_0.0934_0.0807_0.6893,24.3787197,120.90909077,1075.00537109375
864,_0.7139end-1.53_9.56_-0.30_17.12_10.85_-1.01_-9.31_-24.06_-32.69_0.0932_0.0804_0.6879_0.7153end-1.45_9.55_-0.09_17.12_10.85_-1.01_-9.69_-24.12_-33.50_0.0932_0.0804_0.6879_0.7153end-1.37_9.55_-0.14_17.12_10.85_-1.01_-9.69_-24.12_-33.50_0.0939_0.0808_0.6863_0.7167end-1.23_9.55_-0.14_15.89_-13.09_2.35_-9.69_-24.12_-33.50_0.0939_0.0808_0.6863_0.7167end-1.16_9.54_-0.21_15.89_-13.09_2.35_-9.69_-24.12_-33.50_0.0950_0.0815_0.6853_0.7175end-1.00_9.52_-0.29_15.89_-13.09_2.35_-9.69_-24.12_-33.50_0.0964_0.0828_0.6841_0.7181end-0.55_9.48_-0.39_15.89_-13.09_2.35_-9.69_-24.12_-33.50_0.0973_0.0835_0.6836_0.7185end-0.21_9.53_-0.55_15.89_-13.09_2.35_-9.69_-24.12_-33.50_0.0973_0.0835_0.6836_0.7185end0.24_9.57_-0.47_15.44_-24.28_3.36_-9.69_-24.12_-33.50_0.0973_0.0835_0.6836_0.7185end0.24_9.57_-0.47_15.44_-24.28_3.36_-8.94_-25.50_-33.13_0.0999_0.0856_0.6819_0.7195end0.24_9.57_-0.47_15.44_-24.28_3.36_-8.94_-25.50_-33.13_0.1015_0.0872_0.6808_0.7201end0.24_9.57_-0.47_15.44_-24.28_3.36_-9.31_-25.12_-32.75_0.1015_0.0872_0.6808_0.7201end0.86_9.42_-0.43_15.44_-24.28_3.36_-9.31_-25.12_-32.75_0.1015_0.0872_0.6808_0.7201end0.86_9.42_-0.43_15.44_-24.28_3.36_-9.31_-25.12_-32.75_0.1032_0.0883_0.,24.3787197,120.90909077,1075.00537109375
865,6791_0.7213end0.91_9.46_-0.37_15.44_-24.28_3.36_-9.69_-25.19_-33.94_0.1032_0.0883_0.6791_0.7213end1.02_9.46_-0.33_17.01_1.90_1.79_-9.69_-25.19_-33.94_0.1038_0.0882_0.6770_0.7233end,24.3787197,120.90909077,1075.00537109375
866,1.25_9.45_-0.27_17.01_1.90_1.79_-9.69_-25.19_-33.94_0.1037_0.0880_0.6765_0.7238end1.38_9.41_-0.31_17.01_1.90_1.79_-9.69_-25.19_-33.94_0.1036_0.0876_0.6760_0.7243end1.37_9.45_-0.39_17.01_1.90_1.79_-10.44_-27.25_-32.31_0.1036_0.0876_0.6760_0.7243end1.37_9.45_-0.39_17.23_16.11_0.00_-10.44_-27.25_-32.31_0.1036_0.0876_0.6760_0.7243en,24.3787197,120.90909077,1075.00537109375
867,d1.42_9.46_-0.58_17.23_16.11_0.00_-10.44_-27.25_-32.31_0.1019_0.0859_0.6742_0.7264end1.25_9.40_-0.88_17.23_16.11_0.00_-10.44_-27.25_-32.31_0.1013_0.0854_0.6738_0.7270end1.27_9.46_-0.84_17.23_16.11_0.00_-10.44_-27.25_-32.31_0.1013_0.0854_0.6738_0.7270end1.27_9.46_-0.84_18.24_14.77_-1.57_-10.44_-27.25_-32.31_0.1013_0.0854_0.6738_0,24.3787197,120.90909077,1075.00537109375
868,.7270end1.16_9.42_-0.83_17.90_9.96_-2.46_-10.44_-27.25_-32.31_0.1013_0.0854_0.6738_0.7270end1.25_9.38_-0.66_17.90_9.96_-2.46_-10.44_-27.25_-32.31_0.1013_0.0854_0.6738_0.7270end1.38_9.43_-0.60_17.90_9.96_-2.46_-10.44_-27.25_-32.31_0.1013_0.0854_0.6738_0.7270end1.38_9.43_-0.60_17.90_9.96_-2.46_-9.69_-26.50_-31.44_0.0986_0.0829_0.6702_0.7310end1.38_9.43_-0.60_17.90_9.96_-2.46_-9.69_-26.50_-31.44_0.0976_0.0823_0.6691_0.7321end1.36_9.39_-0.76_17.90_9.96_-2.46_-9.69_-26.50_-31.44_0.0976_0.0823_0.6691_0.7321end1.23_9.36_-1.22_17.90_9.96_-2.46_-9.69_-26.50_-31.44_0.0970_0.0818_0.6686_0.7327end1.23_9.36_-1.22_18.35_22.38_-5.82_-9.69_-26.50_-31.44_0.0970_0.0818_0.6686_0.7327end1.06_9.36_-1.54_18.35_22.38_-5.82_-9.00_-26.87_-31.87_0.0942_0.0797_0.6667_0.7350end1.15_9.44_-1.64_18.35_22.38_-5.82_-9.00_-26.87_-31.87_0.0933_0.0792_0.6661_0,24.3787197,120.90909077,1075.00537109375
869,.7357end1.15_9.38_-1.64_18.35_22.38_-5.82_-7.87_-26.50_-32.31_0.0933_0.0792_0.6661_0.7357end1.15_9.38_-1.64_18.35_22.38_-5.82_-7.87_-26.50_-32.31_0.0920_0.0785_0.6651_0.7369end,24.3787197,120.90909077,1075.00537109375
870,,24.3787197,120.90909077,1075.00537109375
871,,24.3787197,120.90909077,1075.00537109375
872,1.15_9.38_-1.64_18.35_22.38_-5.82_-7.87_-26.50_-32.31_0.0914_0.0782_0.6646_0.7375end1.56_9.32_-1.80_18.35_22.38_-5.82_-7.87_-26.50_-32.31_0.0914_0.0782_0.6646_0.7375end1.60_9.35_-1.91_18.35_22.38_-5.82_-7.87_-26.50_-32.31_0.0914_0.0782_0.6646_0.7375end1.60_9.28_-2.11_18.35_22.38_-5.82_-7.87_-26.50_-32.31_0.0914_0.0782_0.6646_0.7375end1.68_9.14_-2.13_18.35_22.38_-5.82_-7.87_-26.50_-32.31_0.0862_0.0754_0.6618_0.7408end0.96_9.51_-2.33_18.35_22.38_-5.82_-7.87_-26.50_-32.31_0.0862_0.0754_0.6618_0.7408end0.85_9.33_-2.34_18.35_22.38_-5.82_-7.87_-26.50_-32.31_0.0842_0.0742_0.6610_0.7419end0.85_9.30_-2.16_17.79_47.67_-11.86_-7.87_-26.50_-32.31_0.0842_0.0742_0.6610_0.7419end0.85_9.30_-2.16_17.79_47.67_-11.86_-7.87_-26.50_-32.31_0.0795_0.0709_0.6597_0.7440end0.57_9.46_-1.96_17.79_47.67_-11.86_-7.87_-26.50_-32.31_0.0795_0.0709_0.6597_0.7440end,24.3787197,120.90909077,1075.00537109375
873,,24.3787197,120.90909077,1075.00537109375
874,,24.3787197,120.90909077,1075.00537109375
875,,24.3787197,120.90909077,1075.00537109375
876,0.58_9.45_-1.68_17.79_47.67_-11.86_-7.87_-26.50_-32.31_0.0795_0.0709_0.6597_0.7440end0.58_9.45_-1.68_15.00_37.71_-10.52_-7.87_-26.50_-32.31_0.0748_0.0674_0.6584_0.7459end0.58_9.45_-1.68_13.65_37.38_-10.97_-7.87_-26.50_-32.31_0.0734_0.0665_0.6580_0.7465end-0.10_9.46_-2.02_13.65_37.38_-10.97_-6.87_-28.25_-31.94_0.0734_0.0665_0.6580_0.7465end-0.10_9.46_-2.02_13.65_37.38_-10.97_-6.12_-26.81_-31.44_0.0720_0.0656_0.6577_0.7469end-0.10_9.46_-2.02_13.54_48.01_-12.42_-6.12_-26.81_-31.44_0.0720_0.0656_0.6577_0.7469end-0.25_9.40_-2.95_13.54_47.67_-12.20_-6.12_-26.81_-31.44_0.0637_0.0596_0.6560_0.7497end-0.41_9.41_-2.97_13.54_47.67_-12.20_-6.12_-26.81_-31.44_0.0621_0.0585_0.6556_0.7502end-0.49_9.50_-2.86_13.54_47.67_-12.20_-5.75_-26.81_-31.94_0.0621_0.0585_0.6556_0.7502end-0.93_9.37_-2.75_13.54_47.67_-12.20_-5.75_-26.81_-31.94_0.0621_0.0585_0.6556_0.7502end-1.04_9.50_-2.70_13.54_47.67_-12.20_-5.75_-26.81_-31.94_0.0557_0.0536_0.6543_0.7523end-1.04_9.50_-2.70_13.54_47.67_-12.20_-5.44_-28.19_-30.56_0.0540_0.0524_0.6540_0.7527end-1.23_9.46_-2.60_13.54_47.67_-12.20_-5.44_-28.19_-30.56_0.0540_0.0524_0.6540_0.7527end-1.34_9.47_-2.66_13.54_47.67_-12.20_-5.44_-28.19_-30.56_0.0540_0.0524_0.6540_0.7527end-1.34_9.47_-2.66_10.30_41.41_-9.06_-5.44_-28.19_-30.56_0.0540_0.0524_0.6540_0.7527end-1.27_9.41_-2.58_10.30_41.41_-9.06_-5.44_-28.19_-30.56_0.0540_0.0524_0.6540_0.7527end-1.27_9.41_-2.58_9.96_35.25_-7.72_-5.44_-28.19_-30.56_0.0540_0.0524_0.6540_0.7527end-1.40_9.51_-2.34_9.96_35.25_-7.72_-5.44_-28.19_-30.56_0.0540_0.0524_0.6540_0.7527end-1.44_9.48_-2.31_9.96_35.25_-7.72_-5.44_-28.19_-30.56_0.0540_0.0524_0.6540_0.7527end-1.44_9.48_-2.31_9.96_35.25_-7.72_-5.44_-28.19_-30.56_0.0416_0.0430_0.6509_0.7567end,24.3787197,120.90909077,1075.00537109375
877,-1.23_9.47_-2.02_9.96_35.25_-7.72_-5.12_-28.94_-31.06_0.0416_0.0430_0.6509_0.7567end-0.95_9.54_-1.90_9.96_35.25_-7.72_-5.12_-28.94_-31.06_0.0416_0.0430_0.6509_0.7567end-0.95_9.54_-1.90_9.96_35.25_-7.72_-5.12_-28.94_-31.06_0.0398_0.0418_0.6503_0.7574end-0.96_9.45_-1.93_9.96_35.25_-7.72_-5.12_-28.94_-31.06_0.0398_0.0418_0.6503_0.7574end-0.96_9.45_-1.93_9.96_35.25_-7.72_-3.62_-28.87_-30.19_0.0370_0.0397_0.6493_0.7586end-1.00_9.45_-1.95_9.96_35.25_-7.72_-3.62_-28.87_-30.19_0.0363_0.0392_0.6490_0.7589end-1.10_9.47_-1.98_7.39_18.91_-4.14_-3.62_-28.87_-30.19_0.0363_0.0392_0.6490_0.7589end-1.10_9.47_-1.98_7.39_18.91_-4.14_-3.62_-28.87_-30.19_0.0345_0.0378_0.6483_0.7597end-1.02_9.53_-1.91_6.83_9.96_-2.80_-3.62_-28.87_-30.19_0.0341_0.0375_0.6480_0.7599end-1.00_9.46_-1.85_6.83_9.96_-2.80_-3.62_-28.87_-30.19_0.0341_0.0375_0.6480_0.7599end,24.3787197,120.90909077,1075.00537109375
878,,24.3787197,120.90909077,1075.00537109375
879,,24.3787197,120.90909077,1075.00537109375
880,-1.08_9.49_-1.75_6.60_2.46_-2.57_-3.62_-28.87_-30.19_0.0341_0.0375_0.6480_0.7599end-1.10_9.52_-1.73_6.60_2.46_-2.57_-3.62_-28.87_-30.19_0.0336_0.0375_0.6470_0.7607end-1.02_9.46_-1.79_6.60_2.46_-2.57_-3.62_-28.87_-30.19_0.0338_0.0378_0.6468_0.7610end-1.02_9.46_-1.79_5.26_-9.29_-1.34_-3.25_-28.19_-31.06_0.0341_0.0382_0.6465_0.7611end-0.71_9.47_-1.88_5.26_-9.29_-1.34_-3.25_-28.19_-31.06_0.0341_0.0382_0.6465_0.7611end-0.71_9.47_-1.88_5.48_-4.36_-1.90_-3.25_-28.19_-31.06_0.0341_0.0382_0.6465_0.7611end-0.44_9.41_-2.06_5.48_-4.36_-1.90_-3.25_-28.19_-31.06_0.0347_0.0394_0.6457_0.7618end-0.31_9.42_-2.02_5.48_-4.36_-1.90_-3.25_-28.19_-31.06_0.0347_0.0394_0.6457_0.7618end-0.38_9.43_-1.96_5.48_-4.36_-1.90_-3.25_-28.87_-31.06_0.0347_0.0394_0.6457_0.7618end-0.38_9.43_-1.96_5.48_-4.36_-1.90_-4.37_-28.56_-31.50_0.0347_0.0396_0.6450_0.7623end,24.3787197,120.90909077,1075.00537109375
881,,24.3787197,120.90909077,1075.00537109375
882,-0.38_9.43_-1.96_5.48_-4.36_-1.90_-4.37_-28.56_-31.50_0.0345_0.0394_0.6445_0.7628end-0.67_9.47_-1.63_5.48_-4.36_-1.90_-3.25_-28.56_-31.06_0.0344_0.0394_0.6443_0.7629end-0.67_9.47_-1.50_5.37_0.45_-0.34_-3.25_-28.56_-31.06_0.0344_0.0394_0.6443_0.7629end-0.65_9.49_-1.54_5.37_0.45_-0.34_-3.25_-28.56_-31.06_0.0344_0.0394_0.6439_0.7633end-0.65_9.49_-1.54_5.37_0.45_-0.34_-2.19_-29.50_-28.94_0.0347_0.0397_0.6435_0.7636end-0.38_9.44_-1.75_5.37_0.45_-0.34_-2.19_-29.50_-28.94_0.0347_0.0397_0.6435_0.7636end-0.32_9.43_-1.80_5.37_0.45_-0.34_-2.19_-29.50_-28.94_0.0352_0.0403_0.6432_0.7639end-0.30_9.41_-1.84_4.48_-10.18_0.45_-2.19_-29.50_-28.94_0.0352_0.0403_0.6432_0.,24.3787197,120.90909077,1075.00537109375
883,7639end-0.30_9.41_-1.84_5.15_-8.73_0.00_-2.19_-29.50_-28.94_0.0359_0.0414_0.6425_0.7643end-0.24_9.43_-1.75_5.15_-8.73_0.00_-2.19_-29.50_-28.94_0.0362_0.0417_0.6423_0.7645end,24.3787197,120.90909077,1075.00537109375
884,,24.3787197,120.90909077,1075.00537109375
885,-0.25_9.45_-1.54_5.15_-8.73_0.00_-4.00_-29.56_-30.62_0.0362_0.0417_0.6423_0.7645end-0.36_9.45_-1.46_5.37_-8.50_0.45_-4.00_-29.56_-30.62_0.0369_0.0426_0.6416_0.7650end-0.51_9.46_-1.26_5.37_-8.50_0.45_-4.00_-29.56_-30.62_0.0372_0.0429_0.6414_0.7651end-0.74_9.41_-1.19_5.37_-8.50_0.45_-3.62_-28.50_-30.19_0.0377_0.0434_0.6412_0.7652end-0.78_9.45_-1.26_3.36_-20.81_1.34_-3.62_-28.50_-30.19_0.0377_0.0434_0.6412_0.7652end-0.78_9.45_-1.26_3.36_-20.81_1.34_-4.37_-28.87_-30.62_0.0389_0.0447_0.6409_0.7653end-0.82_9.38_-1.64_2.91_-30.33_1.12_-4.37_-28.87_-30.62_0.0389_0.0447_0.6409_0.7653end-0.82_9.38_-1.64_2.91_-30.33_1.12_-4.37_-28.87_-30.62_0.0418_0.0479_0.6404_0,24.3787197,120.90909077,1075.00537109375
886,.7654end-0.61_9.36_-2.06_2.91_-30.33_1.12_-4.37_-28.87_-30.62_0.0418_0.0479_0.6404_0.7654end-0.40_9.35_-2.12_2.91_-30.33_1.12_-4.37_-28.87_-30.62_0.0418_0.0479_0.6404_0.7654end,24.3787197,120.90909077,1075.00537109375
887,,24.3787197,120.90909077,1075.00537109375
888,-0.40_9.35_-2.12_2.91_-30.33_1.12_-4.37_-28.87_-30.62_0.0470_0.0538_0.6395_0.7655end-0.16_9.38_-2.21_2.91_-30.33_1.12_-4.37_-28.87_-30.62_0.0483_0.0554_0.6392_0.7655end-0.13_9.44_-2.00_2.91_-30.33_1.12_-4.37_-29.56_-30.19_0.0483_0.0554_0.6392_0.7655end0.00_9.46_-1.75_5.48_-31.11_1.23_-4.37_-29.56_-30.19_0.0507_0.0581_0.6386_0.7656end0.00_9.46_-1.75_5.15_-27.31_1.23_-4.37_-29.56_-30.19_0.0526_0.0602_0.6380_0.7659end0.09_9.43_-1.58_5.26_-23.84_1.01_-4.37_-29.56_-30.19_0.0526_0.0602_0.6380_0.7659end-0.07_9.42_-1.47_5.26_-23.84_1.01_-4.37_-29.56_-30.19_0.0533_0.0611_0.6378_0.7660end-0.10_9.38_-1.57_5.04_-17.12_1.01_-4.37_-29.56_-30.19_0.0533_0.0611_0.6378_0.7660end-0.10_9.38_-1.57_5.04_-17.12_1.01_-4.75_-29.87_-29.81_0.0554_0.0633_0.6368_0.7664end0.14_9.36_-1.59_5.04_-17.12_1.01_-4.75_-29.87_-29.81_0.0556_0.0635_0.6366_0.7665end,24.3787197,120.90909077,1075.00537109375
889,,24.3787197,120.90909077,1075.00537109375
890,,24.3787197,120.90909077,1075.00537109375
891,0.20_9.33_-1.55_5.04_-17.12_1.01_-4.75_-29.87_-29.81_0.0557_0.0637_0.6364_0.7667end0.53_9.44_-1.30_5.04_-17.12_1.01_-4.75_-29.87_-29.81_0.0557_0.0637_0.6364_0.7667end0.42_9.42_-1.20_5.04_-17.12_1.01_-5.12_-29.87_-29.81_0.0557_0.0637_0.6364_0.7667end0.38_9.42_-1.30_5.04_-17.12_1.01_-5.12_-29.87_-29.81_0.0561_0.0641_0.6354_0.7675e,24.3787197,120.90909077,1075.00537109375
892,nd0.38_9.42_-1.30_5.04_-17.12_1.01_-5.50_-29.56_-29.81_0.0562_0.0642_0.6351_0.7677end0.20_9.46_-1.29_5.04_-17.12_1.01_-5.50_-29.56_-29.81_0.0562_0.0642_0.6351_0.7677end0.30_9.41_-1.24_5.04_-17.12_1.01_-5.50_-29.56_-29.81_0.0562_0.0643_0.6348_0.7679end0.30_9.41_-1.24_8.39_-4.25_-1.45_-5.50_-29.56_-29.81_0.0562_0.0645_0.6342_0.7684end0.30_9.41_-1.24_8.39_-4.25_-1.45_-4.75_-28.87_-30.19_0.0565_0.0649_0.6336_0.7689end0.16_9.34_-1.01_8.39_-4.25_-1.45_-4.75_-28.87_-30.19_0.0565_0.0649_0.6336_0.7689end,24.3787197,120.90909077,1075.00537109375
893,0.09_9.38_-0.79_8.95_-12.31_-1.34_-4.75_-28.87_-30.19_0.0565_0.0649_0.6336_0.7689end0.09_9.38_-0.79_8.95_-12.31_-1.34_-5.50_-29.87_-29.31_0.0573_0.0661_0.6326_0.7695end0.08_9.37_-0.74_8.95_-12.31_-1.34_-5.50_-29.87_-29.31_0.0580_0.0671_0.6320_0.7700end-0.09_9.36_-0.81_8.95_-12.31_-1.34_-5.50_-29.87_-29.31_0.0583_0.0676_0.6315_0.7701end0.01_9.45_-0.84_9.51_-13.43_-2.24_-5.50_-29.87_-29.31_0.0583_0.0676_0.6315_0.7701end-0.02_9.35_-0.79_9.51_-13.76_-2.35_-5.50_-29.87_-29.31_0.0583_0.0676_0.6315_0.7701end-0.02_9.35_-0.79_9.51_-13.76_-2.35_-5.50_-29.87_-29.31_0.0597_0.0697_0.6301_0.7711end-0.25_9.37_-1.03_9.51_-13.76_-2.35_-5.50_-29.87_-29.31_0.0601_0.0703_,24.3787197,120.90909077,1075.00537109375
894,0.6297_0.7714end-0.36_9.40_-0.99_9.51_-13.76_-2.35_-5.50_-29.87_-29.31_0.0605_0.0708_0.6293_0.7716end-0.36_9.40_-0.99_9.51_-13.76_-2.35_-5.50_-29.87_-29.31_0.0609_0.0714_0.6288_0.7719end,24.3787197,120.90909077,1075.00537109375
895,-0.36_9.40_-0.99_9.51_-13.76_-2.35_-5.50_-30.62_-29.81_0.0615_0.0723_0.6279_0.7725end-0.89_9.38_-0.95_9.51_-13.76_-2.35_-5.50_-30.62_-29.81_0.0618_0.0727_0.6275_0.7728end-1.00_9.37_-0.89_13.09_-10.74_-1.79_-5.50_-30.62_-29.81_0.0618_0.0727_0.6275_0.7728end-1.18_9.34_-0.90_13.09_-10.74_-1.79_-5.12_-30.56_-28.50_0.0626_0.0739_0.6260_0.7738end-1.43_9.35_-1.02_13.09_-10.74_-1.79_-5.12_-30.56_-28.50_0.0629_0.0742_0.6255_0.7742end-1.43_9.35_-1.02_13.32_-7.72_-0.34_-5.12_-30.56_-28.50_0.0629_0.0742_0.6255_0.7742end-1.55_9.38_-1.09_13.32_-7.72_-0.34_-5.87_-30.94_-28.50_0.0629_0.0742_0.6255_0.7742end-1.55_9.38_-1.09_13.65_-7.72_-0.22_-5.87_-30.94_-28.50_0.0636_0.0750_0.6240_0.7752end-1.55_9.38_-1.09_15.11_-9.62_0.78_-5.87_-30.94_-28.50_0.0639_0.0752_0.6235_0.7756end-1.55_9.38_-1.09_15.11_-9.62_0.78_-5.87_-30.94_-28.50_0.0642_0.0754_0.6230_0.7759end,24.3787197,120.90909077,1075.00537109375
896,,24.3787197,120.90909077,1075.00537109375
897,,24.3787197,120.90909077,1075.00537109375
898,-1.55_9.38_-1.09_15.11_-9.62_0.78_-6.25_-30.25_-28.06_0.0642_0.0754_0.6230_0.7759end-2.20_9.34_-1.21_15.11_-9.62_0.78_-6.25_-30.25_-28.06_0.0642_0.0754_0.6230_0.7759end-2.22_9.30_-1.09_15.11_-9.62_0.78_-6.25_-30.25_-28.06_0.0642_0.0754_0.6230_0.7759end-2.32_9.37_-1.04_15.11_-9.62_0.78_-6.25_-30.25_-28.06_0.0642_0.0754_0.6230_0.7759end-2.32_9.37_-1.04_15.11_-9.62_0.78_-6.25_-30.25_-28.06_0.0684_0.0790_0.6190_0.7784end-2.27_9.31_-1.05_15.11_-9.62_0.78_-6.25_-30.25_-28.06_0.0704_0.0807_0.6178_0.7790end-2.18_9.28_-1.37_15.11_-9.62_0.78_-6.25_-30.25_-28.06_0.0704_0.0807_0.6178_0.7790end-2.22_9.21_-1.50_15.33_-37.71_6.15_-6.94_-30.56_-27.19_0.0704_0.0807_0.6,24.3787197,120.90909077,1075.00537109375
899,178_0.7790end-2.06_9.27_-1.73_15.33_-37.71_6.15_-6.94_-30.56_-27.19_0.0704_0.0807_0.6178_0.7790end-2.01_9.21_-1.83_15.78_-38.94_7.27_-6.94_-30.56_-27.19_0.0768_0.0860_0.6147_0.7803end,24.3787197,120.90909077,1075.00537109375
900,-1.96_9.20_-1.92_15.78_-38.94_7.27_-6.94_-30.56_-27.19_0.0781_0.0871_0.6141_0.7805end-1.89_9.21_-2.00_15.78_-38.94_7.27_-6.94_-30.56_-27.19_0.0781_0.0871_0.6141_0.7805end-1.83_9.27_-2.09_15.78_-38.94_7.27_-6.94_-30.56_-27.19_0.0781_0.0871_0.6141_0.7805end-1.85_9.20_-2.08_15.78_-38.94_7.27_-6.94_-30.56_-27.19_0.0834_0.0910_0.6113_0.7817end-1.79_9.24_-2.06_15.78_-38.94_7.27_-6.94_-30.56_-27.19_0.0847_0.0919_0.6107_0.7820end-1.79_9.21_-2.16_15.78_-38.94_7.27_-6.94_-30.56_-27.19_0.0859_0.0927_0.6100_0.7823end-1.80_9.16_-2.15_17.90_-29.88_10.41_-6.94_-30.56_-27.19_0.0859_0.0927_0.6100_0.7823end-1.80_9.16_-2.15_17.79_-28.76_10.74_-6.94_-30.56_-27.19_0.0859_0,24.3787197,120.90909077,1075.00537109375
901,.0927_0.6100_0.7823end-1.69_9.15_-2.27_17.79_-28.76_10.74_-6.94_-30.56_-27.19_0.0908_0.0955_0.6073_0.7834end-1.58_9.15_-2.32_17.79_-28.76_10.74_-6.94_-30.56_-27.19_0.0908_0.0955_0.6073_0.7834end,24.3787197,120.90909077,1075.00537109375
902,,24.3787197,120.90909077,1075.00537109375
903,-1.59_9.15_-2.26_18.58_-32.23_12.31_-6.94_-30.56_-27.19_0.0908_0.0955_0.6073_0.7834end-1.59_9.15_-2.26_18.58_-35.14_12.65_-6.94_-30.56_-27.19_0.0908_0.0955_0.6073_0.7834end-1.51_9.11_-2.07_18.58_-35.14_12.65_-8.75_-32.38_-26.75_0.0908_0.0955_0.6073_0.7834end-1.51_9.11_-2.07_18.58_-35.14_12.65_-9.81_-31.69_-27.56_0.0995_0.1009_0.6030_0.7850end-1.50_9.20_-1.70_18.58_-35.14_12.65_-9.81_-31.69_-27.56_0.1014_0.1022_0.6022_0.7853end-1.37_9.13_-1.47_18.58_-35.14_12.65_-9.81_-31.69_-27.56_0.1014_0.1022_0.6022_0.7853end-1.37_9.13_-1.47_18.58_-35.14_12.65_-9.81_-31.69_-27.56_0.1079_0.1074_0.5995_0.7858end-1.37_9.13_-1.47_18.58_-35.14_12.65_-9.50_-32.38_-26.75_0.1104_0.1096_0.5986_0.7858end-1.16_9.16_-1.15_18.58_-35.14_12.65_-9.50_-32.38_-26.75_0.1129_0.1118_0.5976_0.7859end-1.16_9.16_-1.15_21.26_-78.00_14.44_-9.50_-32.38_-26.75_0.1129_0.1118_0.5976_0.7859end,24.3787197,120.90909077,1075.00537109375
904,,24.3787197,120.90909077,1075.00537109375
905,,24.3787197,120.90909077,1075.00537109375
906,,24.3787197,120.90909077,1075.00537109375
907,,24.3787197,120.90909077,1075.00537109375
908,,24.3787197,120.90909077,1075.00537109375
909,-1.04_9.04_-1.22_21.26_-78.00_14.44_-9.50_-32.38_-26.75_0.1208_0.1186_0.5945_0.7861end-0.87_9.02_-1.18_21.26_-78.00_14.44_-9.50_-32.38_-26.75_0.1234_0.1208_0.5934_0.7861end-0.98_8.93_-1.28_22.83_-76.21_14.77_-9.50_-32.38_-26.75_0.1234_0.1208_0.5934_0.7861end-0.98_8.93_-1.28_23.84_-71.40_14.88_-10.94_-32.38_-24.56_0.1234_0.1208_0.5934_0.7861end-0.98_8.93_-1.28_23.84_-71.40_14.88_-12.00_-32.38_-24.56_0.1310_0.1273_0.5901_0.7864end-0.98_8.93_-1.28_23.95_-70.16_14.88_-12.00_-32.38_-24.56_0.1359_0.1312_0.5878_0.7867end-1.45_8.97_-1.38_23.95_-70.16_14.88_-11.69_-32.75_-25.00_0.1359_0.1312_0.5878_0.7867end-1.45_8.97_-1.38_25.40_-67.93_15.22_-11.69_-32.75_-25.00_0.1406_0.1348_0.5854_0.7870end-1.77_8.90_-1.29_25.40_-67.93_15.22_-11.69_-32.75_-25.00_0.1429_0.1367_0.5843_0.7871end-1.77_8.90_-1.29_25.40_-67.93_15.22_-11.69_-32.75_-25.00_0.1454_0.1385_0.5830_0.7873end-1.77_8.90_-1.29_25.40_-67.93_15.22_-13.13_-32.75_-24.12_0.1502_0.1424_0.5804_0.7875end-2.30_8.95_-0.65_25.40_-67.93_15.22_-13.13_-32.75_-24.12_0.1502_0.1424_0.5804_0.7875end-2.37_8.88_-0.56_29.99_-84.60_17.46_-13.13_-32.75_-24.12_0.1502_0.1424_0.5804_0.7875end-2.37_8.88_-0.56_29.99_-84.60_17.46_-12.75_-32.75_-23.25_0.1586_0.149,24.3787197,120.90909077,1075.00537109375
910,2_0.5761_0.7878end-2.37_8.88_-0.56_29.99_-84.60_17.46_-12.75_-32.75_-23.25_0.1617_0.1517_0.5746_0.7878end-1.99_8.78_-0.59_29.99_-84.60_17.46_-12.75_-32.75_-23.25_0.1649_0.1544_0.5730_0.7878end-1.99_8.79_-0.59_29.99_-84.60_17.46_-12.75_-32.75_-23.25_0.1649_0.1544_0.5730_0.7878end-1.69_8.62_-1.09_29.99_-84.60_17.46_-12.75_-32.75_-23.25_0.1649_0.1544_0.5730_0.7878end-1.42_8.58_-1.56_29.99_-84.60_17.46_-16.00_-33.44_-20.19_0.1817_0.1691_0.5644_0.7873end-1.41_8.54_-1.72_34.47_-103.51_18.24_-16.00_-33.44_-20.19_0.1817_0.1691_0.5644_0.7873end-1.41_8.54_-1.72_34.80_-93.11_17.90_-16.00_-34.13_-21.06_0.1885_0.1749_0.5607_0.7871end-1.05_8.56_-2.48_34.80_-93.11_17.90_-16.00_-34.13_-21.06_0.1885_0.1749_0.5607_0.7871end-1.05_8.56_-2.48_35.81_-82.70_17.12_-17.12_-34.13_-19.31_0.1885_0.1749_0.5607_0.7871end-1.21_8.45_-2.85_35.81_-82.70_17.12_-17.12_-34.13_-19.31_0.2004_0.1844_0.5536_0.7870end-1.21_8.45_-2.85_36.71_-72.18_17.01_-17.44_-33.44_-19.31_0.2004_0.1844_0.5536_0.7870end-1.21_8.45_-2.85_37.49_-69.27_16.90_-17.44_-33.44_-19.31_0.2083_0.1898_0.5483_0.7874end-1.21_8.45_-2.85_37.49_-68.37_17.35_-16.00_-34.13_-18.44_0.2083_0.1898_0.5483_0.7874end-1.21_8.45_-2.85_38.05_-68.49_16.79_-17.44_-33.81_-19.31_0.2083_0.1898_0.5483_0.7874end-1.21_8.45_-2.85_38.05_-68.49_16.79_-18.19_-33.44_-18.81_0.2180_0.1966_0.5415_0.7878end-0.61_8.40_-3.09_38.05_-68.49_16.79_-18.19_-33.44_-18.81_0.2205_0.1982_0.5397_0.7879end,24.3787197,120.90909077,1075.00537109375
911,,24.3787197,120.90909077,1075.00537109375
912,-0.53_8.41_-3.03_38.05_-68.49_16.79_-17.87_-34.81_-15.81_0.2205_0.1982_0.5397_0.7879end-0.02_8.30_-3.04_38.05_-68.49_16.79_-17.87_-34.81_-15.81_0.2205_0.1982_0.5397_0.7879end0.21_8.38_-3.28_38.05_-68.49_16.79_-17.87_-34.81_-15.81_0.2299_0.2043_0.5324_0.7886end0.21_8.38_-3.28_38.94_-58.30_13.54_-17.87_-34.81_-15.81_0.2321_0.2057_0.5306_0.7888end0.21_8.38_-3.28_38.94_-58.30_13.54_-19.31_-34.50_-17.56_0.2342_0.2072_0.5289_0.7890end0.44_8.35_-3.66_38.94_-58.30_13.54_-19.31_-34.50_-17.56_0.2342_0.2072_0.5289_0.7890end0.44_8.35_-3.66_38.61_-57.86_10.97_-19.31_-34.50_-17.56_0.2385_0.2101_0.5253_0.7893end0.44_8.35_-3.66_38.61_-57.86_10.97_-18.25_-35.13_-14.94_0.2426_0.2130_0.5217_0.7897end0.69_8.18_-4.11_38.61_-57.86_10.97_-18.25_-35.13_-14.94_0.2448_0.2144_0.5198_0.7899end0.93_8.30_-4.35_38.61_-57.86_10.97_-18.25_-35.13_-14.94_0.2448_0.2144_0.5198_0.7899end,24.3787197,120.90909077,1075.00537109375
913,,24.3787197,120.90909077,1075.00537109375
914,1.02_8.13_-4.38_38.94_-50.47_8.17_-18.25_-35.13_-14.94_0.2448_0.2144_0.5198_0.7899end1.02_8.13_-4.38_38.94_-50.47_8.17_-18.94_-35.13_-13.19_0.2502_0.2183_0.5145_0.7905end1.02_8.13_-4.38_38.94_-50.47_8.17_-18.94_-35.13_-13.19_0.2535_0.2203_0.5110_0.7913end1.17_8.14_-4.27_38.94_-50.47_8.17_-18.94_-35.13_-13.19_0.2535_0.2203_0.5110_0.7913end1.17_8.14_-4.27_38.94_-50.47_8.17_-18.94_-35.13_-13.19_0.2535_0.2203_0.5110_0.7913end1.17_8.14_-4.27_38.94_-50.47_8.17_-20.06_-35.44_-14.13_0.2535_0.2203_0.5110_0.7913end1.17_8.14_-4.27_38.94_-50.47_8.17_-20.06_-35.44_-14.13_0.2535_0.2203_0.5110_0.7913end1.17_8.14_-4.27_38.94_-50.47_8.17_-20.06_-35.44_-14.13_0.2535_0.2203_0.5110_0.7913end1.17_8.14_-4.27_38.94_-50.47_8.17_-20.06_-35.44_-14.13_0.2535_0.2203_0.5110_0.7913end1.17_8.14_-4.27_40.06_-28.76_4.25_-20.06_-35.44_-14.13_0.2535_0.2203_0.5110_0.7913end,24.3787197,120.90909077,1075.00537109375
915,,24.3787197,120.90909077,1075.00537109375
916,,24.3787197,120.90909077,1075.00537109375
917,1.17_8.14_-4.27_40.06_-28.76_4.25_-20.06_-35.44_-14.13_0.2535_0.2203_0.5110_0.7913end1.17_8.14_-4.27_40.06_-28.76_4.25_-19.69_-35.13_-14.50_0.2535_0.2203_0.5110_0.7913end1.17_8.14_-4.27_40.40_-24.62_1.90_-19.69_-35.13_-14.50_0.2535_0.2203_0.5110_0.7913end1.17_8.14_-4.27_40.40_-24.62_1.90_-19.69_-35.13_-14.50_0.2535_0.2203_0.5110_0.7913end1.17_8.14_-4.27_39.28_-24.62_2.46_-19.69_-35.13_-14.50_0.2723_0.2288_0.4845_0.7993end-1.40_8.18_-6.08_39.28_-24.62_2.46_-19.69_-35.13_-14.50_0.2723_0.2288_0.4845_0.7993end-0.94_8.40_-5.96_39.28_-24.62_2.46_-19.69_-35.13_-14.50_0.2723_0.2288_0.4845_0.7993end0.34_8.31_-7.08_39.28_-24.62_2.46_-19.69_-35.13_-14.50_0.2723_0,24.3787197,120.90909077,1075.00537109375
918,.2288_0.4845_0.7993end1.04_6.49_-5.52_39.28_-24.62_2.46_-19.69_-35.13_-14.50_0.2751_0.2286_0.4773_0.8026end1.11_8.18_-5.75_39.28_-24.62_2.46_-19.69_-35.13_-14.50_0.2751_0.2286_0.4773_0.8026end,24.3787197,120.90909077,1075.00537109375
919,,24.3787197,120.90909077,1075.00537109375
920,,24.3787197,120.90909077,1075.00537109375
921,,24.3787197,120.90909077,1075.00537109375
922,,24.3787197,120.90909077,1075.00537109375
923,1.11_8.18_-5.75_39.28_-24.62_2.46_-19.69_-35.13_-14.50_0.2779_0.2307_0.4721_0.8041end0.78_8.00_-5.88_39.28_-24.62_2.46_-19.69_-35.13_-14.50_0.2794_0.2321_0.4703_0.8043end-0.16_8.07_-7.22_39.28_-24.62_2.46_-19.69_-35.13_-14.50_0.2794_0.2321_0.4703_0.8043end-0.75_8.34_-8.48_39.28_-24.62_2.46_-19.69_-35.13_-14.50_0.2794_0.2321_0.47,24.3787197,120.90909077,1075.00537109375
924,03_0.8043end-0.75_8.34_-8.48_39.28_-24.62_2.46_-19.37_-36.44_-11.06_0.2830_0.2352_0.4655_0.8049end-0.75_8.34_-8.48_39.28_-24.62_2.46_-19.37_-36.44_-11.06_0.2831_0.2343_0.4633_0.8064end-1.08_8.01_-8.66_39.28_-24.62_2.46_-19.37_-36.44_-11.06_0.2827_0.2332_0.4625_0.8074end-0.01_7.82_-8.90_39.28_-24.62_2.46_-19.37_-36.44_-11.06_0.2827_0.2332_0.4625_0.8074end-0.01_7.82_-8.90_39.28_-24.62_2.46_-19.37_-36.44_-11.06_0.2827_0.2332_0.4625_0.8074end-0.01_7.82_-8.90_39.28_-24.62_2.46_-20.75_-36.44_-8.81_0.2827_0.2332_0.4625_0.8074end-1.38_8.04_-6.58_27.64_-11.97_-1.57_-20.75_-36.44_-8.81_0.2827_0.2332_0.4625_0.8074end-4.31_8.45_-8.07_27.64_-11.97_-1.57_-20.75_-36.44_-8.81_0.2830_0.2297_0.4556_0.8121end-1.51_7.76_-9.13_27.64_-11.97_-1.57_-20.75_-36.44_-8.81_0.2830_0.2297_0.4556_0.8121end-1.51_7.76_-9.13_27.64_-11.97_-1.57_-20.75_-36.44_-8.81_0.2830_0.2297_0.4556_0.8121end-1.39_8.35_-7.02_27.64_-11.97_-1.57_-20.75_-36.44_-8.81_0.2830_0.2297_0.4556_0.8121end-1.39_8.35_-7.02_27.64_-11.97_-1.57_-20.75_-36.44_-8.81_0.2846_0.2305_0.4507_0.8141end-1.18_7.95_-7.53_27.64_-11.97_-1.57_-20.75_-36.44_-8.81_0.2851_0.2310_0.4497_0.8143end-1.63_7.97_-7.57_27.64_-11.97_-1.57_-20.75_-36.44_-8.81_0.2851_0.2310_0.4497_0.8143end-1.50_8.05_-7.43_17.57_-29.77_-1.01_-20.75_-36.44_-8.81_0.2865_0.2325_0.4476_0.8146end-1.50_8.05_-7.43_16.45_-27.75_-1.79_-20.75_-36.44_-8.81_0.2878_0.2342_0.4456_0.8147end,24.3787197,120.90909077,1075.00537109375
925,-1.50_8.08_-7.67_16.45_-27.75_-1.79_-20.50_-37.06_-7.56_0.2885_0.2349_0.4447_0.8148end-1.53_8.09_-7.56_16.45_-27.75_-1.79_-20.50_-37.06_-7.56_0.2885_0.2349_0.4447_0.8148end-1.53_8.09_-7.56_16.45_-27.75_-1.79_-20.50_-37.06_-7.56_0.2901_0.2370_0.4420_0.8150end-1.00_8.10_-7.56_16.45_-27.75_-1.79_-20.50_-37.06_-7.56_0.2907_0.2379_0.4411_0.8151end-0.80_8.18_-7.43_16.45_-27.75_-1.79_-20.75_-36.75_-7.06_0.2907_0.2379_0.4411_0.8151end-0.80_8.18_-7.43_16.45_-27.75_-1.79_-20.75_-36.75_-7.06_0.2929_0.2410_0.4385_0.8148end-0.76_8.15_-7.28_16.45_-27.75_-1.79_-20.75_-36.75_-7.06_0.2937_0.2422_0.4376_0.8146end-0.59_7.79_-6.89_16.45_-27.75_-1.79_-20.75_-36.75_-7.06_0.2937_0.2422_0.4376_0.8146end-0.59_7.79_-6.89_16.45_-27.75_-1.79_-20.75_-36.75_-7.06_0.2953_0.2449_0.4352_0.8145end-0.10_7.86_-6.66_16.45_-27.75_-1.79_-20.75_-36.75_-7.06_0.2953_0.2449_0.4352_0.8145end,24.3787197,120.90909077,1075.00537109375
926,,24.3787197,120.90909077,1075.00537109375
927,0.43_8.11_-6.75_16.45_-27.75_-1.79_-20.75_-36.75_-7.06_0.2953_0.2449_0.4352_0.8145end0.43_8.11_-6.75_9.06_25.18_-3.92_-20.75_-36.75_-7.06_0.2953_0.2449_0.4352_0.8145end0.43_8.11_-6.75_9.06_25.18_-3.92_-20.75_-36.75_-7.06_0.2933_0.2414_0.4343_0.8168end0.68_7.93_-7.32_9.06_25.18_-3.92_-20.75_-36.75_-7.06_0.2924_0.2399_0.4344_0.8174end0.73_7.97_-7.41_9.06_25.18_-3.92_-20.75_-36.75_-7.06_0.2914_0.2383_0.4347_0.8181end0.95_7.97_-7.46_6.83_37.15_-6.94_-20.75_-36.75_-7.06_0.2914_0.2383_0.4347_0.8181end0.89_8.04_-7.10_6.60_26.30_-7.50_-20.75_-36.75_-7.06_0.2914_0.2383_0.4347_0.8181end0.80_7.98_-6.65_6.60_26.30_-7.50_-20.75_-36.75_-7.06_0.2887_0.2350_0.4345_0.8201end0.20_7.96_-5.01_6.60_26.30_-7.50_-20.75_-36.75_-7.06_0.2887_0.2350_0.4345_0.8201end-0.09_7.98_-4.58_5.48_-31.78_-7.50_-20.75_-36.75_-7.06_0.2894_0.2377_0.4326_0.8201end,24.3787197,120.90909077,1075.00537109375
928,,24.3787197,120.90909077,1075.00537109375
929,-0.18_8.04_-4.23_6.27_-39.17_-8.73_-20.75_-36.75_-7.06_0.2899_0.2391_0.4318_0.8199end-0.19_8.11_-3.88_6.27_-39.17_-8.73_-20.75_-36.75_-7.06_0.2904_0.2405_0.4309_0.8198end-0.26_8.17_-3.45_6.27_-39.17_-8.73_-20.50_-38.13_-6.25_0.2904_0.2405_0.4309_0.8198end0.07_8.09_-3.71_5.15_-33.46_-11.86_-20.50_-38.13_-6.25_0.2904_0.2405_0.4309_0.8198end0.09_8.08_-3.76_5.15_-33.46_-11.86_-19.75_-37.38_-5.81_0.2904_0.2405_0.4309_0.8198end0.09_8.08_-3.76_5.15_-33.46_-11.86_-19.75_-37.38_-5.81_0.2917_0.2468_0.4271_0.8195end-0.09_8.05_-3.67_5.15_-33.46_-11.86_-19.75_-37.38_-5.81_0.2917_0.2468_0.4271_0.8195end0.00_7.87_-4.36_5.15_-33.46_-11.86_-19.75_-37.38_-5.37_0.2917_0.2468_0.4271_0.8195end0.00_7.87_-4.36_2.24_-24.40_-13.65_-19.75_-37.38_-5.37_0.2917_0.2501_0.4253_0.8195end0.00_7.87_-4.36_2.24_-24.40_-13.65_-19.75_-37.38_-5.37_0.2916_0.2509_0.4247_0.8195end,24.3787197,120.90909077,1075.00537109375
930,,24.3787197,120.90909077,1075.00537109375
931,,24.3787197,120.90909077,1075.00537109375
932,-0.61_7.89_-5.78_4.48_-11.97_-14.66_-19.75_-37.38_-5.37_0.2914_0.2516_0.4243_0.8196end-0.61_7.89_-5.78_4.48_-11.97_-14.66_-19.75_-36.31_-4.87_0.2914_0.2516_0.4243_0.8196end-0.84_7.99_-5.69_4.48_-11.97_-14.66_-19.75_-36.31_-4.87_0.2914_0.2516_0.4243_0.8196end-0.84_7.99_-5.69_4.48_-11.97_-14.66_-19.75_-36.31_-4.87_0.2899_0.2534_0.4218_0.8209end-1.20_7.92_-4.84_4.48_-11.97_-14.66_-19.75_-36.31_-4.87_0.2899_0.2534_0.4218_0.8209end-1.20_7.92_-4.84_6.27_-2.80_-15.89_-19.75_-36.31_-4.87_0.2899_0.2534_0.4218_0.8209end-0.96_7.94_-4.66_6.27_-2.80_-15.89_-18.69_-36.31_-6.69_0.2899_0.2534_0.4218_0.8209end-0.96_7.94_-4.66_6.27_-2.80_-15.89_-18.69_-36.31_-6.69_0.287,24.3787197,120.90909077,1075.00537109375
933,7_0.2544_0.4193_0.8226end-0.22_7.79_-3.80_6.27_-2.80_-15.89_-18.69_-36.31_-6.69_0.2877_0.2544_0.4193_0.8226end-0.22_7.79_-3.80_6.94_2.80_-17.68_-19.06_-38.06_-4.94_0.2877_0.2544_0.4193_0.8226end,24.3787197,120.90909077,1075.00537109375
934,,24.3787197,120.90909077,1075.00537109375
935,,24.3787197,120.90909077,1075.00537109375
936,,24.3787197,120.90909077,1075.00537109375
937,,24.3787197,120.90909077,1075.00537109375
938,,24.3787197,120.90909077,1075.00537109375
939,,24.3787197,120.90909077,1075.00537109375
940,-0.42_7.83_-4.27_6.38_6.38_-17.57_-19.06_-38.06_-4.94_0.2854_0.2545_0.4176_0.8242end-0.62_7.80_-4.59_6.38_6.38_-17.57_-19.06_-38.06_-4.94_0.2846_0.2542_0.4173_0.8248end-1.51_7.96_-5.67_6.38_6.38_-17.57_-19.06_-38.06_-4.94_0.2846_0.2542_0.4173_0.8248end-1.50_7.77_-5.80_6.38_6.38_-17.57_-18.31_-38.38_-4.56_0.2846_0.2542_0.4173_0.8248end-1.50_7.70_-6.05_6.83_31.56_-19.14_-18.31_-38.38_-4.56_0.2846_0.2542_0.4173_0.8248end-1.50_7.70_-6.05_6.83_31.56_-19.14_-19.06_-37.38_-5.81_0.2794_0.2502_0.4166_0.8281end-1.78_7.75_-6.17_8.95_23.16_-19.36_-19.06_-37.38_-5.81_0.2794_0.2502_0.4166_0.8281end-2.12_7.97_-6.34_8.95_23.16_-19.36_-19.06_-37.38_-5.81_0.2784_0.2494_0.4164_0.8288end-2.12_7.97_-6.34_8.95_23.16_-19.36_-19.06_-37.38_-5.81_0.2759_0.2484_0.4153_0.8305end-1.91_7.50_-5.78_8.95_23.16_-19.36_-19.06_-37.38_-5.81_0.2754_0.2485_0.4149_0.8308end-2.29_7.66_-5.48_8.95_23.16_-19.36_-19.06_-37.38_-5.81_0.2754_0.2485_0.4149_0.8308end-1.56_7.76_-5.84_8.95_23.16_-19.36_-19.06_-37.38_-5.81_0.2754_0.2485_0.4149_0.8308end-1.56_7.76_-5.84_6.27_8.17_-19.25_-19.06_-37.38_-5.81_0.2736_0.2491_0.4135_0.8320end-1.18_7.72_-5.28_6.27_8.17_-19.25_-19.06_-37.38_-5.81_0.2729_0.2490_0.4130_0.8324end-1.18_7.72_-5.28_6.04_11.64_-18.69_-19.06_-37.38_-5.81_0.2729_0.2490_0.4130_0.8324end-1.29_7.72_-5.23_6.04_11.64_-18.69_-19.06_-37.38_-5.81_0.2729_0.2490_0.4130_0.8324end-1.59_7.68_-5.32_6.04_11.64_-18.69_-19.06_-37.38_-5.81_0.2729_0.2490_0.4130_0.8324end-1.98_7.77_-5.23_6.04_11.64_-18.69_-19.06_-37.38_-5.81_0.2729_0.249,24.3787197,120.90909077,1075.00537109375
941,0_0.4130_0.8324end-2.08_7.71_-5.27_6.04_11.64_-18.69_-19.06_-37.38_-5.81_0.2729_0.2490_0.4130_0.8324end-2.08_7.71_-5.27_6.71_36.15_-19.25_-17.25_-38.06_-5.44_0.2729_0.2490_0.4130_0.8324end-2.12_7.55_-5.19_6.71_36.15_-19.25_-17.25_-38.06_-5.44_0.2729_0.2490_0.4130_0.8324end-2.11_7.75_-5.00_6.71_36.15_-19.25_-16.87_-38.75_-5.44_0.2729_0.2490_0.4130_0.8324end-1.95_7.63_-4.80_7.95_36.82_-18.91_-16.87_-38.75_-5.44_0.2729_0.2490_0.4130_0.8324end-1.95_7.63_-4.80_7.95_36.82_-18.91_-16.87_-38.75_-5.44_0.2589_0.2388_0.4108_0.8409end-1.95_7.63_-4.80_7.95_36.82_-18.91_-16.87_-38.75_-5.44_0.2565_0.2369_0.4105_0.8424end-1.86_7.60_-5.02_7.95_36.82_-18.91_-16.87_-38.75_-6.31_0.2554_0.2360_0.4103_0.8431end-1.89_7.71_-5.22_7.95_36.82_-18.91_-16.87_-38.75_-6.31_0.2554_0.2360_0.4103_0.8431end-1.98_7.62_-5.53_7.95_36.82_-18.91_-16.87_-38.75_-6.31_0.2554_0.2360_0.4103_0.8431end-2.14_7.62_-5.65_7.95_36.82_-18.91_-16.87_-38.75_-6.31_0.2554_0.2360_0.4103_0.8431end-2.14_7.59_-5.69_7.95_36.82_-18.91_-16.87_-38.75_-6.31_0.2487_0.2296_0.4100_0.8470end,24.3787197,120.90909077,1075.00537109375
942,-2.16_7.67_-5.84_7.95_36.82_-18.91_-16.87_-38.75_-6.31_0.2487_0.2296_0.4100_0.8470end-2.14_7.21_-5.59_7.95_36.82_-18.91_-16.87_-38.75_-6.31_0.2473_0.2278_0.4100_0.8478end-2.40_7.46_-5.70_8.62_53.83_-18.58_-16.87_-38.75_-6.31_0.2473_0.2278_0.4100_0.8478end-2.40_7.46_-5.70_8.62_53.83_-18.58_-15.44_-39.44_-5.44_0.2426_0.2223_0.4102_0.8506end-2.40_7.46_-5.70_8.62_53.83_-18.58_-15.44_-39.44_-5.44_0.2396_0.2188_0.4103_0.8523end-2.80_7.71_-5.91_8.62_53.83_-18.58_-15.44_-39.44_-5.44_0.2383_0.2173_0.4102_0.8531end-3.09_7.63_-6.30_8.62_53.83_-18.58_-15.44_-39.44_-5.44_0.2383_0.2173_0.4102_0.8531end-3.09_7.63_-6.30_7.05_26.75_-16.00_-16.19_-39.81_-7.19_0.2383_0.2173_0.4102_0.8531end-3.03_7.64_-6.59_7.05_26.75_-16.00_-16.19_-39.81_-7.19_0.2338_0.2131_0.4098_0.8556end-3.03_7.64_-6.59_7.27_17.68_-15.78_-16.19_-39.81_-7.19_0.2338_0.2131_0.4098_0.8556end,24.3787197,120.90909077,1075.00537109375
943,,24.3787197,120.90909077,1075.00537109375
944,-2.51_7.79_-6.30_7.27_17.68_-15.78_-16.19_-39.81_-7.19_0.2338_0.2131_0.4098_0.8556end-2.16_7.87_-5.89_7.27_17.68_-15.78_-16.19_-39.81_-7.19_0.2314_0.2117_0.4090_0.8570end-2.47_7.37_-5.95_7.27_6.71_-14.55_-16.19_-39.81_-7.19_0.2302_0.2114_0.4083_0.8577end-2.35_7.77_-5.58_7.27_6.71_-14.55_-16.19_-39.81_-7.19_0.2296_0.2114_0.4080_0.8580end-2.35_7.77_-5.58_7.27_6.71_-14.55_-15.81_-40.12_-5.50_0.2296_0.2114_0.4080_0.8580end-2.94_7.59_-6.07_7.27_6.71_-14.55_-15.81_-40.12_-5.50_0.2296_0.2114_0.4080_0.8580end-2.94_7.59_-6.07_7.27_6.71_-14.55_-15.44_-39.13_-6.31_0.2283_0.2117_0.4069_0.8588end-2.94_7.59_-6.07_4.92_-2.24_-12.76_-15.44_-39.13_-6.31_0.2276_0.2121_0.4061_0.8593end-2.69_7.51_-6.84_4.92_-2.24_-12.76_-15.44_-39.13_-6.31_0.2276_0.2121_0.4061_0.8593end-2.69_7.51_-6.84_4.92_-2.24_-12.76_-14.06_-39.44_-6.75_0.2276_0.2121_0.4061_0.8593end,24.3787197,120.90909077,1075.00537109375
945,,24.3787197,120.90909077,1075.00537109375
946,,24.3787197,120.90909077,1075.00537109375
947,-2.69_7.51_-6.84_4.92_-2.24_-12.76_-14.69_-39.06_-6.31_0.2276_0.2121_0.4061_0.8593end-2.59_7.12_-7.39_4.92_-2.24_-12.76_-14.69_-39.06_-6.31_0.2251_0.2115_0.4050_0.8605end-2.28_7.76_-8.14_4.92_-2.24_-12.76_-14.69_-39.06_-6.31_0.2242_0.2106_0.4050_0.8610end-2.28_7.76_-8.14_3.02_43.31_-10.74_-15.13_-40.50_-7.69_0.2242_0.2106_0.4050_0.8610end-2.40_7.62_-7.93_3.02_43.31_-10.74_-15.13_-40.50_-7.69_0.2231_0.2092_0.4051_0.8616end-2.40_7.62_-7.93_2.57_53.49_-10.52_-15.13_-40.50_-7.69_0.2231_0.2092_0.4051_0.8616end-2.40_7.62_-7.93_1.57_54.83_-9.74_-15.13_-40.50_-7.69_0.2206_0.2058_0.4055_0.8629end-2.87_7.69_-7.75_1.57_54.83_-9.74_-15.13_-40.50_-7.69_0.2180_0.202,24.3787197,120.90909077,1075.00537109375
948,0_0.4062_0.8641end-2.87_7.69_-7.75_1.57_54.83_-9.74_-15.13_-40.50_-7.69_0.2142_0.1966_0.4070_0.8659end-2.79_7.83_-7.45_1.57_54.83_-9.74_-14.75_-39.81_-8.06_0.2132_0.1953_0.4072_0.8663end,24.3787197,120.90909077,1075.00537109375
949,-2.55_7.62_-6.93_1.57_54.83_-9.74_-14.75_-39.81_-8.06_0.2132_0.1953_0.4072_0.8663end-2.44_7.55_-6.71_-1.57_10.18_-8.84_-14.75_-39.81_-8.06_0.2132_0.1953_0.4072_0.8663end-2.44_7.55_-6.71_-2.69_-7.39_-8.39_-14.75_-39.81_-8.06_0.2113_0.1938_0.4075_0.8670end-2.44_7.55_-6.71_-2.69_-7.39_-8.39_-14.75_-39.81_-8.06_0.2108_0.1946_0.4073_0.8671end-1.56_7.55_-6.21_-2.69_-7.39_-8.39_-14.75_-39.81_-8.06_0.2108_0.1946_0.4073_0.8671end-1.46_7.56_-6.48_-2.69_-7.39_-8.39_-14.75_-39.81_-7.25_0.2108_0.1946_0.4073_0.8671end-1.51_7.52_-6.67_-4.14_-1.34_-8.06_-14.75_-39.81_-7.25_0.2098_0.1960_0.4072_0.8671end-1.56_7.49_-6.93_-4.14_-1.34_-8.06_-14.75_-39.81_-7.25_0.2092_0.1957_0.4073_0.8672end-1.73_7.45_-7.35_-4.14_-1.34_-8.06_-14.75_-39.81_-7.25_0.2092_0.1957_0.4073_0.8672end-1.73_7.45_-7.35_-4.36_44.31_-8.06_-13.69_-39.75_-5.87_0.2092_0.1957_0.4073_0.8672end,24.3787197,120.90909077,1075.00537109375
950,,24.3787197,120.90909077,1075.00537109375
951,,24.3787197,120.90909077,1075.00537109375
952,-1.91_7.50_-7.86_-4.70_50.69_-8.06_-13.69_-39.75_-5.87_0.2092_0.1957_0.4073_0.8672end-1.51_7.64_-7.89_-4.70_50.69_-8.06_-13.69_-39.75_-5.87_0.2053_0.1909_0.4089_0.8685end-1.51_7.64_-7.89_-5.82_55.28_-7.61_-13.69_-39.75_-5.87_0.2053_0.1909_0.4089_0.8685end-1.51_7.64_-7.89_-5.82_55.28_-7.61_-13.69_-39.75_-5.87_0.1999_0.1832_0.4111_0.8703end-2.07_7.59_-7.28_-5.82_55.28_-7.61_-13.69_-39.75_-5.87_0.1999_0.1832_0.4111_0.8703end-1.89_7.62_-7.02_-5.82_55.28_-7.61_-13.69_-39.75_-5.87_0.1999_0.1832_0.4111_0.8703end-1.89_7.62_-7.02_-5.82_55.28_-7.61_-13.69_-39.75_-5.87_0.1960_0.1780_0.4128_0.8715end-1.89_7.62_-7.02_-5.82_55.28_-7.61_-12.94_-39.44_-7.19_0.1940_0.1,24.3787197,120.90909077,1075.00537109375
953,,24.3787197,120.90909077,1075.00537109375
954,,24.3787197,120.90909077,1075.00537109375
955,755_0.4138_0.8719end-1.81_7.72_-6.94_-5.82_55.28_-7.61_-12.94_-39.44_-7.19_0.1930_0.1746_0.4144_0.8721end-2.04_7.22_-6.68_-9.62_22.83_-7.39_-12.94_-39.44_-7.19_0.1930_0.1746_0.4144_0.8721end-2.04_7.22_-6.68_-9.62_22.83_-7.39_-12.63_-39.81_-8.06_0.1907_0.1724_0.4156_0.8724end-2.02_7.68_-6.39_-9.62_22.83_-7.39_-12.63_-39.81_-8.06_0.1907_0.1724_0.4156_0.8724end-2.02_7.68_-6.39_-9.62_22.83_-7.39_-12.63_-39.81_-8.06_0.1899_0.1717_0.4161_0.8726end-2.16_7.52_-6.03_-9.62_22.83_-7.39_-12.63_-39.81_-8.06_0.1899_0.1717_0.4161_0.8726end-2.16_7.52_-6.03_-9.62_22.83_-7.39_-13.00_-40.12_-8.06_0.1875_0.1693_0.4175_0.8729end-2.16_7.52_-6.03_-9.62_22.83_-7.39_-13.00_-40.12_-8.06_0.1857_0.1674_0.4186_0.8731end-2.66_7.46_-7.39_-9.62_22.83_-7.39_-13.00_-40.12_-8.06_0.1848_0.1663_0.4192_0.8732end-2.80_7.50_-7.43_-13.09_30.77_-5.26_-13.00_-40.12_-8.06_0.1848_0.,24.3787197,120.90909077,1075.00537109375
956,1663_0.4192_0.8732end-2.89_7.41_-7.43_-12.20_27.42_-4.59_-13.00_-40.12_-8.06_0.1824_0.1635_0.4210_0.8734end-3.21_7.62_-7.09_-10.85_16.11_-3.92_-13.00_-40.12_-8.06_0.1824_0.1635_0.4210_0.8734end,24.3787197,120.90909077,1075.00537109375
957,-3.21_7.62_-7.09_-10.85_16.11_-3.92_-13.00_-40.12_-8.06_0.1818_0.1629_0.4214_0.8734end-3.25_7.69_-6.22_-10.85_16.11_-3.92_-13.00_-40.12_-8.06_0.1818_0.1629_0.4214_0.8734end-3.25_7.69_-6.22_-14.21_-25.63_-2.24_-13.00_-40.12_-8.06_0.1810_0.1630_0.4225_0.8730end-3.25_7.69_-6.22_-14.21_-25.63_-2.24_-13.00_-40.12_-8.06_0.1816_0.1652_0.4230_0.8723end-2.27_7.71_-5.27_-14.21_-25.63_-2.24_-13.00_-40.12_-8.06_0.1816_0.1652_0.4230_0.8723end-1.79_7.66_-5.57_-14.21_-25.63_-2.24_-13.00_-40.12_-8.06_0.1816_0.1652_0.4230_0.8723end-1.56_7.64_-5.69_-14.21_-25.63_-2.24_-13.31_-40.12_-8.06_0.1816_0.1652_0.4230_0.8723end-1.43_7.73_-5.80_-14.21_-25.63_-2.24_-13.31_-40.12_-8.06_0.1860_0.1765_0.4234_0.8689end-1.43_7.73_-5.80_-14.21_-25.63_-2.24_-13.31_-40.19_-9.44_0.1870_0.1788_0.4235_0.8682end-1.02_7.68_-5.47_-14.21_-25.63_-2.24_-12.94_-39.50_-9.81_0.1870_0.1788_0.4235_0.8682end,24.3787197,120.90909077,1075.00537109375
958,,24.3787197,120.90909077,1075.00537109375
959,9.05_8.13_1.84_-12.09_-29.99_0.22_-12.94_-39.50_-9.81_0.1870_0.1788_0.4235_0.8682end3.70_7.37_-1.79_-22.49_53.38_0.11_-12.94_-39.50_-9.81_0.1870_0.1788_0.4235_0.8682end3.70_7.37_-1.79_-10.85_133.28_-2.80_-12.94_-39.50_-11.12_0.1865_0.1793_0.4255_0.8672end3.70_7.37_-1.79_-10.85_133.28_-2.80_-12.94_-39.50_-11.12_0.1842_0.1750_0.4268_0.8680end3.70_7.37_-1.79_-10.85_133.28_-2.80_-12.94_-39.50_-11.12_0.1842_0.1750_0.4268_0.8680end3.70_7.37_-1.79_-10.85_133.28_-2.80_-12.94_-39.50_-11.12_0.1811_0.1691_0.4283_0.8690end3.70_7.37_-1.79_-10.85_133.28_-2.80_-12.94_-39.50_-11.12_0.1667_0.1429_0.4341_0.8737end1.97_7.81_-8.73_-10.85_133.28_-2.80_-12.94_-39.50_-11.12_,24.3787197,120.90909077,1075.00537109375
960,0.1667_0.1429_0.4341_0.8737end1.52_7.48_-9.46_-10.85_133.28_-2.80_-11.50_-39.13_-11.56_0.1667_0.1429_0.4341_0.8737end1.52_7.48_-9.46_-9.51_351.72_-12.53_-11.50_-39.13_-11.56_0.1396_0.0941_0.4436_0.8802end,24.3787197,120.90909077,1075.00537109375
961,1.52_7.48_-9.46_-7.16_349.37_-12.31_-10.81_-40.56_-11.63_0.1396_0.0941_0.4436_0.8802end1.52_7.48_-9.46_-7.16_349.37_-12.31_-10.81_-40.56_-11.63_0.1182_0.0554_0.4493_0.8838end0.73_7.38_-6.34_-7.16_349.37_-12.31_-10.81_-40.56_-11.63_0.1122_0.0445_0.4507_0.8845end-0.07_8.40_-5.48_-3.80_223.92_-12.87_-10.81_-40.56_-11.63_0.1122_0.0445_0.4507_0.8845end-0.07_8.40_-5.48_-10.07_132.94_-15.44_-10.81_-40.56_-11.63_0.1024_0.0277_0.4531_0.8851end-0.07_8.40_-5.48_-10.07_132.94_-15.44_-8.56_-39.81_-13.81_0.0961_0.0183_0.4549_0.8851end-2.68_8.48_-6.05_-10.07_132.94_-15.44_-8.56_-39.81_-13.81_0.0961_0.0183_0.4549_0.8851end-1.50_8.88_-6.10_-10.07_132.94_-15.44_-8.56_-3,24.3787197,120.90909077,1075.00537109375
962,9.81_-13.81_0.0939_0.0173_0.4562_0.8847end-1.50_8.88_-6.10_-10.07_132.94_-15.44_-8.56_-39.81_-13.81_0.0938_0.0192_0.4567_0.8845end1.00_7.46_-6.77_-10.07_132.94_-15.44_-8.56_-39.81_-13.81_0.0938_0.0232_0.4578_0.8838end,24.3787197,120.90909077,1075.00537109375
963,,24.3787197,120.90909077,1075.00537109375
964,1.00_7.46_-6.77_-17.12_-87.73_-14.77_-8.56_-39.81_-13.81_0.0945_0.0261_0.4581_0.8835end-2.50_7.45_-7.85_-17.12_-87.73_-14.77_-8.19_-39.50_-14.25_0.0945_0.0261_0.4581_0.8835end-2.50_7.45_-7.85_-17.12_-87.73_-14.77_-8.19_-39.50_-14.25_0.1045_0.0477_0.4575_0.8817end-4.58_8.42_-7.09_-17.12_-87.73_-14.77_-8.56_-39.50_-13.38_0.1045_0.0477_0.4575_0.8817end-3.75_8.19_-5.35_-17.12_-87.73_-14.77_-8.56_-39.50_-13.38_0.1101_0.0590_0.4568_0.8807end-3.75_8.19_-5.35_-23.95_-255.15_-10.97_-8.56_-39.50_-13.38_0.1217_0.0826_0.4552_0.8782end-3.75_8.19_-5.35_-23.95_-255.15_-10.97_-10.38_-39.56_-15.06_0.1266_0.0931_0.4545_0.8768end-3.75_8.19_-5.35_-23.95_-255.15_-10.97_-10.38_-39.56_-15.06_0.1266_0.0931_0.4545_0.8768end-3.75_8.19_-5.35_-24.51_-179.94_-11.86_-10.38_-39.56_-15.06_0.1266_0.0931_0.4545_0.8768end-3.75_8.19_-5.35_-24.51_-179.94_-11.86_-10.75_-39.50_-12.88_0.1266_0.0931_0.4545_0.8768end,24.3787197,120.90909077,1075.00537109375
965,,24.3787197,120.90909077,1075.00537109375
966,,24.3787197,120.90909077,1075.00537109375
967,,24.3787197,120.90909077,1075.00537109375
968,,24.3787197,120.90909077,1075.00537109375
969,,24.3787197,120.90909077,1075.00537109375
970,,24.3787197,120.90909077,1075.00537109375
971,,24.3787197,120.90909077,1075.00537109375
972,-3.75_8.19_-5.35_-24.51_-179.94_-11.86_-10.75_-39.50_-12.88_0.1396_0.1248_0.4538_0.8712end1.18_9.68_-6.22_-24.51_-179.94_-11.86_-10.75_-39.50_-12.88_0.1397_0.1266_0.4550_0.8703end0.98_9.88_-5.73_-24.51_-179.94_-11.86_-10.75_-39.50_-12.88_0.1397_0.1266_0.4550_0.8703end0.98_9.88_-5.73_-21.60_80.57_-4.59_-10.38_-39.50_-14.25_0.1397,24.3787197,120.90909077,1075.00537109375
973,_0.1266_0.4550_0.8703end0.06_9.58_-6.94_-21.60_80.57_-4.59_-10.38_-39.50_-14.25_0.1337_0.1181_0.4594_0.8702end-1.20_9.78_-6.94_-21.60_80.57_-4.59_-10.38_-39.50_-14.25_0.1314_0.1147_0.4606_0.8703end-1.33_9.70_-7.05_-21.60_80.57_-4.59_-10.38_-39.50_-14.25_0.1288_0.1108_0.4619_0.8705end-1.33_9.70_-7.05_-18.13_111.68_-9.18_-10.38_-39.50_-14.25_0.1288_0.1108_0.4619_0.8705end-1.33_9.70_-7.05_-17.46_108.88_-9.40_-10.38_-39.50_-14.25_0.1288_0.1108_0.4619_0.8705end-1.33_9.70_-7.05_-17.46_108.88_-9.40_-10.38_-39.50_-14.25_0.1211_0.0992_0.4654_0.8712end-1.72_9.58_-5.26_-17.46_108.88_-9.40_-10.38_-39.50_-14.25_0.1211_0.0992_0.4654_0.8712end-1.72_9.58_-5.26_-19.14_74.08_-2.91_-10.38_-39.50_-14.25_0.1150_0.0900_0.4686_0.8713end-2.74_9.67_-3.79_-19.14_74.08_-2.91_-10.38_-39.50_-14.25_0.1115_0.0845_0.4706_0.8712end-2.56_9.36_-3.55_-17.12_83.59_-3.36_-10.38_-39.50_-14.25_0.1115_0.0845_0.4706_0.8712end-2.56_9.36_-3.55_-18.58_78.33_-1.90_-9.25_-38.50_-16.37_0.1115_0.0845_0.4706_0.8712end-2.02_8.63_-2.43_-18.58_78.33_-1.90_-9.25_-38.50_-16.37_0.1115_0.0845_0.4706_0.8712end-2.02_8.63_-2.43_-18.58_78.33_-1.90_-8.56_-38.81_-14.63_0.1115_0.0845_0.4706_0.8712end-2.53_8.25_-2.76_-18.58_78.33_-1.90_-8.56_-38.81_-14.63_0.1115_0.0845_0.4706_0.8712end-2.41_8.08_-3.30_-18.58_78.33_-1.90_-8.56_-38.81_-14.63_0.1115_0.0845_0.4706_0.8712end-2.12_8.23_-3.54_-18.58_78.33_-1.90_-8.94_-39.56_-16.81_0.1026_0.0665_0.4799_0.8688end-1.95_8.70_-3.51_-18.58_78.33_-1.90_-8.94_-39.56_-16.81_0.1027_0.0657_0.4808_0.8683end-2.92_9.10_-4.85_-18.58_78.33_-1.90_-8.94_-39.56_-16.81_0.1027_0.0657_0.4808_0.8683end-2.92_9.10_-4.85_-18.58_78.33_-1.90_-7.81_-38.88_-18.19_0.1027_0.0657_0.4808_0.8683end-2.92_9.10_-4.85_-16.56_-7.72_10.52_-7.81_-38.88_-18.19_0.1027_0.0657_0.4808_0.8683end-2.92_9.10_-4.85_-16.56_-7.72_10.52_-8.94_-39.19_-17.31_0.1027_0.0657_0.4808_0.8683end-0.06_11.82_-4.46_-16.56_-7.72_10.52_-8.94_-39.19_-17.31_0.1027_0.0657_0.4808_0.8683end-0.11_12.37_-3.42_-16.56_-7.72_10.52_-8.94_-39.19_-17.31_0.1105_0.0720_0.4846_0.8647end-0.11_12.37_-3.42_-16.56_-7.72_10.52_-8.19_-37.38_-16.37_0.1105_0.0720_0.4846_0.8647end0.24_13.39_-4.06_-16.56_-7.72_10.52_-8.19_-37.38_-16.37_0.1170_0.0805_0.4847_0.8630end0.67_13.27_-4.44_-18.24_-110.90_16.79_-8.19_-37.38_-16.37_0.1170_0.0805_0.4847_0.8630end,24.3787197,120.90909077,1075.00537109375
974,,24.3787197,120.90909077,1075.00537109375
975,0.67_13.27_-4.44_-17.68_-83.82_16.23_-8.19_-37.38_-16.37_0.1170_0.0805_0.4847_0.8630end2.43_13.33_-3.50_-17.68_-83.82_16.23_-8.19_-37.38_-16.37_0.1170_0.0805_0.4847_0.8630end2.82_13.56_-2.97_-17.68_-83.82_16.23_-8.19_-37.38_-16.37_0.1170_0.0805_0.4847_0.8630end2.30_13.66_-2.59_-17.01_-50.81_18.58_-8.19_-37.38_-16.37_0.1170_0.0805_0.4847_0.8630end2.30_13.66_-2.59_-16.90_-35.47_18.58_-8.19_-37.38_-16.37_0.1170_0.0805_0.4847_0.8630end1.87_13.75_-3.03_-16.90_-35.47_18.58_-8.19_-37.38_-16.37_0.1382_0.1048_0.4879_0.8555end1.77_13.77_-3.32_-16.90_-35.47_18.58_-12.19_-38.56_-16.81_0.1382_0.1048_0.4879_0.8555end1.77_13.77_-3.32_-15.22_17.57_13.54_-12.19_-38.56_-16.81_0.1382_0.1048_0.4879_0.8555end1.77_13.77_-3.32_-15.22_17.57_13.54_-12.19_-38.56_-16.81_0.1385_0.1042_0.4885_0.8552end1.77_13.77_-3.32_-15.22_17.57_13.54_-12.19_-38.56_-16.81_0.1384_0.1023_0.4901_0.8546end,24.3787197,120.90909077,1075.00537109375
976,,24.3787197,120.90909077,1075.00537109375
977,,24.3787197,120.90909077,1075.00537109375
978,,24.3787197,120.90909077,1075.00537109375
979,1.77_13.77_-3.32_-16.34_13.32_13.43_-12.19_-38.56_-16.81_0.1384_0.1023_0.4901_0.8546end1.77_13.77_-3.32_-16.34_13.32_13.43_-12.19_-38.56_-16.81_0.1386_0.0999_0.4924_0.8535end1.43_15.00_-3.21_-16.34_13.32_13.43_-12.19_-38.56_-16.81_0.1386_0.0999_0.4924_0.8535end1.43_15.00_-3.21_-19.92_6.94_11.75_-12.19_-38.56_-16.81_0.1386_0.0999_0.4924_0.8535end1.48_15.31_-3.38_-19.92_6.94_11.75_-12.19_-38.56_-16.81_0.1396_0.0978_0.4966_0.8511end1.37_15.42_-3.52_-19.92_6.94_11.75_-12.19_-38.56_-16.81_0.1396_0.0978_0.4966_0.8511end1.40_15.45_-3.46_-19.92_6.94_11.75_-12.19_-38.56_-16.81_0.1398_0.0967_0.4984_0.8501end1.40_15.45_-3.46_-19.92_6.94_11.75_-12.19_-38.56_-16.81_0.1395_0.0949_0.5005_0.8491end1.58_14.96_-2.95_-19.92_6.94_11.75_-12.19_-38.56_-16.81_0.1395_0.0949_0.5005_0.8491end1.63_14.85_-2.87_-19.92_6.94_11.75_-12.19_-38.56_-16.81_0.1387_0.0927_0.5029_0.8481end,24.3787197,120.90909077,1075.00537109375
980,1.44_14.50_-2.64_-19.92_6.94_11.75_-12.19_-38.56_-16.81_0.1387_0.0927_0.5029_0.8481end1.44_14.50_-2.64_-19.92_6.94_11.75_-12.19_-38.56_-16.81_0.1374_0.0894_0.5068_0.8463end1.21_14.21_-2.41_-19.92_6.94_11.75_-12.19_-38.56_-16.81_0.1368_0.0881_0.5083_0.8457end1.10_13.91_-2.33_-19.92_6.94_11.75_-12.19_-38.56_-16.81_0.1368_0.0881_0.5083_0.8457end1.20_13.86_-2.60_-36.37_32.45_8.06_-12.19_-38.56_-16.81_0.1368_0.0881_0.5083_0.8457end1.20_13.86_-2.60_-38.05_29.54_9.74_-12.19_-38.56_-16.81_0.1351_0.0845_0.5131_0.8434end-0.27_13.19_-3.62_-38.05_29.54_9.74_-12.19_-38.56_-16.81_0.1346_0.0834_0.5148_0.8426end-0.71_12.81_-3.18_-37.71_34.47_9.40_-12.19_-38.56_-16.81_,24.3787197,120.90909077,1075.00537109375
981,0.1346_0.0834_0.5148_0.8426end-0.72_12.60_-2.78_-38.83_38.94_8.73_-12.19_-38.56_-16.81_0.1346_0.0834_0.5148_0.8426end-0.34_12.50_-2.45_-38.83_38.94_8.73_-11.38_-36.13_-19.00_0.1346_0.0834_0.5148_0.8426end,24.3787197,120.90909077,1075.00537109375
982,-0.27_12.42_-2.29_-38.83_38.94_8.73_-11.38_-36.13_-19.00_0.1310_0.0758_0.5258_0.8370end-0.27_12.42_-2.29_-38.83_38.94_8.73_-11.00_-35.75_-19.81_0.1310_0.0758_0.5258_0.8370end-0.96_11.46_-3.34_-38.83_38.94_8.73_-11.00_-35.75_-19.81_0.1310_0.0758_0.5258_0.8370end-0.96_11.46_-3.34_-38.83_38.94_8.73_-11.00_-35.75_-19.81_0.1314_0.0739_0.5342_0.8318end-0.94_10.59_-3.52_-38.83_38.94_8.73_-11.00_-35.75_-19.81_0.1318_0.0739_0.5364_0.8303end-0.72_9.96_-3.40_-38.83_38.94_8.73_-11.00_-35.75_-19.81_0.1325_0.0740_0.5388_0.8287end-0.75_9.62_-3.34_-38.83_38.94_8.73_-11.00_-35.75_-19.81_0.1325_0.0740_0.5388_0.8287end-0.89_9.37_-3.48_-66.58_-23.95_23.95_-11.00_-35.75_-1,24.3787197,120.90909077,1075.00537109375
983,9.81_0.1325_0.0740_0.5388_0.8287end-1.02_9.14_-3.73_-69.61_-27.31_25.85_-10.63_-35.06_-22.00_0.1325_0.0740_0.5388_0.8287end-0.59_8.55_-3.51_-69.61_-27.31_25.85_-10.63_-35.06_-22.00_0.1384_0.0771_0.5515_0.8190end,24.3787197,120.90909077,1075.00537109375
984,,24.3787197,120.90909077,1075.00537109375
985,,24.3787197,120.90909077,1075.00537109375
986,,24.3787197,120.90909077,1075.00537109375
987,-0.59_8.55_-3.51_-76.66_-22.38_30.55_-12.44_-34.13_-22.37_0.1398_0.0776_0.5542_0.8169end-0.29_8.02_-3.11_-76.66_-22.38_30.55_-12.44_-34.13_-22.37_0.1398_0.0776_0.5542_0.8169end-0.34_7.84_-2.91_-76.66_-22.38_30.55_-11.31_-33.38_-22.81_0.1398_0.0776_0.5542_0.8169end-0.34_7.84_-2.91_-76.66_-22.38_30.55_-12.06_-33.81_-23.69_0.1459_0.0800_0.5661_0.8074end-0.70_7.20_-2.91_-76.66_-22.38_30.55_-12.06_-33.81_-23.69_0.1459_0.0800_0.5661_0.8074end-0.54_7.07_-2.87_-88.63_-26.30_39.39_-12.06_-33.81_-23.69_0.1459_0.0800_0.5661_0.8074end-0.54_7.07_-2.87_-94.90_-25.85_44.76_-13.13_-32.75_-23.25_0.1459_0.0800_0.5661_0.8074end-0.54_7.07_-2.87_-94.90_-25.85_44.76_-13.13_,24.3787197,120.90909077,1075.00537109375
988,,24.3787197,120.90909077,1075.00537109375
989,-32.38_-23.25_0.1529_0.0817_0.5791_0.7966end-0.54_7.07_-2.87_-98.92_-30.44_48.23_-13.13_-32.38_-23.25_0.1529_0.0817_0.5791_0.7966end-0.54_7.07_-2.87_-98.92_-30.44_48.23_-13.13_-32.38_-23.25_0.1569_0.0825_0.5860_0.7906end-0.54_7.07_-2.87_-102.73_-34.91_51.59_-13.13_-32.38_-23.25_0.1569_0.0825_0.5860_0.7906end-0.23_5.45_-2.26_-102.73_-34.91_51.59_-13.13_-32.38_-23.25_0.1569_0.0825_0.5860_0.7906end-0.23_5.45_-2.26_-102.73_-34.91_51.59_-13.13_-32.38_-23.25_0.1661_0.0851_0.6008_0.7773end0.14_5.13_-2.06_-102.73_-34.91_51.59_-13.13_-32.38_-23.25_0.1661_0.0851_0.6008_0.7773end0.14_5.13_-2.06_-113.58_-80.12_62.22_-15.56_-29.31_-26.19_0.1757_0.0892_0.6115_0.7664end0.14_5.13_-2.06_-113.58_-80.12_62.22_-15.56_-29.31_-26.19_0.1793_0.0910_0.6149_0.7625end0.14_5.13_-2.06_-113.58_-80.12_62.22_-15.56_-29.31_-26.19_0.1870_0.0949_0.6219_0.7545end0.78_5.70_-1.94_-113.58_-80.12_62.22_-15.56_-29.31_-26.19_0.1870_0.0949_0.6219_0.7545end0.86_5.82_-1.82_-113.58_-80.12_62.22_-15.56_-29.31_-26.19_0.1949_0.0987_0.6289_0.7461end0.86_5.82_-1.82_-113.58_-80.12_62.22_-18.00_-27.00_-28.81_0.1988_0.1004_0.6324_0.7419end,24.3787197,120.90909077,1075.00537109375
990,,24.3787197,120.90909077,1075.00537109375
991,,24.3787197,120.90909077,1075.00537109375
992,0.86_5.82_-1.82_-119.40_-72.96_70.28_-18.00_-27.00_-28.81_0.2064_0.1035_0.6393_0.7334end0.86_5.82_-1.82_-120.30_-66.92_71.73_-18.00_-27.00_-28.81_0.2064_0.1035_0.6393_0.7334end0.86_5.82_-1.82_-120.30_-66.92_71.73_-18.00_-27.00_-28.81_0.2064_0.1035_0.6393_0.7334end1.91_5.81_-0.83_-120.30_-66.92_71.73_-18.75_-25.94_-28.75_0.2064_0.1035_0.6393_0.7334end1.91_5.81_-0.83_-120.30_-66.92_71.73_-18.75_-25.94_-28.75_0.2195_0.1069_0.6545_0.7156end1.82_5.69_-0.79_-120.30_-66.92_71.73_-18.75_-25.94_-28.75_0.2195_0.1069_0.6545_0.7156end1.40_5.48_-1.11_-120.30_-66.92_71.73_-20.12_-22.87_-29.56_0.2195_0.1069_0.6545_0.7156end1.40_5.48_-1.11_-120.30_-66.92_71.73_-20.12_-22.87_-29.56_0.2303_0.1049_0.6743_0.6938end1.53_5.65_-0.84_-120.30_-66.92_71.73_-20.12_-22.87_-29.56_0.2314_0.1034_0.6785_0.6895end1.44_5.81_-0.78_-120.30_-66.92_71.73_-20.12_-22.87_-29.56_0.2314_0.1034_0.6785_0.6895end,24.3787197,120.90909077,1075.00537109375
993,,24.3787197,120.90909077,1075.00537109375
994,-0.55_5.43_-1.95_-120.30_-66.92_71.73_-20.12_-22.87_-29.56_0.2307_0.0948_0.6926_0.6769end0.79_5.89_-0.48_-120.30_-66.92_71.73_-20.12_-22.87_-29.56_0.2307_0.0948_0.6926_0.6769end0.79_5.89_-0.48_-121.64_153.65_71.96_-20.75_-19.69_-31.69_0.2307_0.0948_0.6926_0.6769end0.79_5.89_-0.48_-121.64_153.65_71.96_-20.75_-19.69_-31.69_0.2225_0.0793_0.7084_0.6651end0.80_6.61_0.25_-120.19_169.43_70.50_-20.75_-19.69_-31.69_0.2189_0.0735_0.7139_0.6611end0.80_6.61_0.25_-120.19_169.43_70.50_-20.75_-19.69_-31.69_0.2189_0.0735_0.7139_0.6611end0.80_6.61_0.25_-122.87_166.18_67.59_-20.75_-19.69_-31.69_0.2189_0.0735_0.7139_0.6611end0.80_6.61_0.25_-122.87_166.18_67.59_-20.75_-19.69_-31.69_0.2024_0.0464_0.7398_0.6400end2.03_6.35_0.76_-122.87_166.18_67.59_-20.75_-19.69_-31.69_0.2010_0.0431_0.7443_0.6354end2.36_6.24_0.36_-129.70_36.59_64.57_-20.75_-19.69_-31.69_0.2010_0.0431_0.7443_0.6354end,24.3787197,120.90909077,1075.00537109375
995,,24.3787197,120.90909077,1075.00537109375
996,2.82_6.10_0.20_-129.70_36.59_64.57_-20.75_-19.69_-31.69_0.2018_0.0391_0.7524_0.6258end2.82_6.10_0.20_-130.37_-38.83_64.35_-20.75_-19.69_-31.69_0.2040_0.0387_0.7559_0.6209end2.82_6.10_0.20_-130.15_-72.51_64.57_-18.12_-13.13_-36.69_0.2040_0.0387_0.7559_0.6209end2.82_6.10_0.20_-128.13_-113.25_65.35_-18.12_-13.13_-36.69_0.2164_0.0422_0.7645_0.6058end3.80_6.54_0.26_-128.13_-113.25_65.35_-18.44_-12.75_-37.56_0.2164_0.0422_0.7645_0.6058end3.80_6.54_0.26_-120.41_-87.62_62.00_-18.44_-12.75_-37.56_0.2269_0.0462_0.7692_0.5956end4.94_7.39_0.93_-120.41_-87.62_62.00_-18.44_-12.75_-37.56_0.2316_0.0479_0.7715_0.5906end5.61_7.54_3.21_-120.41_-87.62_62.00_-18.44_-12.75_-37.56_0.2316_0.0479_0.7715_0.5906end5.61_7.54_3.21_-120.41_-87.62_62.00_-18.44_-12.75_-37.56_0.2380_0.0494_0.7767_0.5811end5.57_7.67_3.33_-120.41_-87.62_62.00_-18.44_-12.75_-37.56_0.2380_0.0494_0.7767_0.5811end,24.3787197,120.90909077,1075.00537109375
997,,24.3787197,120.90909077,1075.00537109375
998,5.57_7.67_3.33_-113.47_36.15_55.62_-18.44_-12.75_-37.56_0.2380_0.0494_0.7767_0.5811end5.57_7.67_3.33_-113.47_36.15_55.62_-18.44_-12.75_-37.56_0.2403_0.0447_0.7896_0.5628end4.10_5.73_2.39_-113.47_36.15_55.62_-18.44_-12.75_-37.56_0.2403_0.0447_0.7896_0.5628end4.51_5.37_2.83_-113.47_36.15_55.62_-18.44_-12.75_-37.56_0.2225_0.0281_0.8063_0.5473end4.68_5.36_2.87_-113.47_36.15_55.62_-17.94_-6.19_-40.88_0.2150_0.0224_0.8110_0.5437end4.39_5.32_2.72_-97.13_256.26_28.20_-17.94_-6.19_-40.88_0.2150_0.0224_0.8110_0.5437end4.39_5.32_2.72_-95.46_264.21_24.51_-17.94_-6.19_-40.88_0.1979_0.0101_0.8203_0.5364end3.22_5.27_3.07_-95.46_264.21_24.51_-16.44_-4.06_-40.44_0.1979,24.3787197,120.90909077,1075.00537109375
999,_0.0101_0.8203_0.5364end3.22_5.27_3.07_-93.67_269.36_21.04_-16.44_-4.06_-40.44_0.1705_-0.0082_0.8332_0.5260end1.70_4.84_4.00_-93.67_269.36_21.04_-14.63_-4.37_-41.75_0.1705_-0.0082_0.8332_0.5260end,24.3787197,120.90909077,1075.00537109375
1000,,24.3787197,120.90909077,1075.00537109375
1001,,24.3787197,120.90909077,1075.00537109375
1002,,24.3787197,120.90909077,1075.00537109375
1003,,24.3787197,120.90909077,1075.00537109375
1004,,24.3787197,120.90909077,1075.00537109375
1005,,24.3787197,120.90909077,1075.00537109375
1006,1.70_4.84_4.00_-89.75_262.87_11.53_-14.63_-4.37_-41.75_0.1611_-0.0142_0.8374_0.5221end0.86_4.93_4.20_-87.73_254.03_8.95_-14.63_-4.37_-41.75_0.1611_-0.0142_0.8374_0.5221end0.72_4.98_4.18_-87.73_254.03_8.95_-14.63_-4.37_-41.75_0.1611_-0.0142_0.8374_0.5221end0.59_5.44_4.48_-87.73_254.03_8.95_-9.19_-0.81_-43.44_0.1611_-0.0142_0.8374_0.5221end0.59_5.44_4.48_-76.10_192.03_2.46_-9.19_-0.81_-43.44_0.1611_-0.0142_0.8374_0.5221end0.59_5.44_4.48_-72.85_181.96_1.34_-5.62_-1.50_-44.75_0.1611_-0.0142_0.8374_0.5221end0.59_5.44_4.48_-72.85_181.96_1.34_-5.62_-1.50_-44.75_0.0928_-0.0535_0.8642_0.4916end0.65_5.64_3.84_-72.85_181.96_1.34_-5.62_-1.50_-44.75_0.0928_-0.0535_0.8642_0.4916end0.65_5.64_3.84_-72.85_181.96_1.34_-5.62_-1.50_-44.75_0.0811_-0.0597_0.8684_0.4855end0.65_5.64_3.84_-72.85_181.96_1.34_-4.87_0.31_-44.75_0.0811_-0.0597_0.8684_0.4855end0.65_5.64_3.84_-59.20_141.23_-0.67_-4.87_0.31_-44.75_0.0811_-0.0597_0.8684_0.4855end1.27_4.69_0.86_-59.20_141.23_-0.67_-4.87_0.31_-44.75_0.0650_-0.0681_0.8737_0.4774end1.27_4.69_0.86_-53.16_149.62_-1.34_-1.25_1.06_-44.31_0.0596_-0.0710_0.8752_0.4749end1.27_4.69_0.86_-51.81_143.91_-1.23_-1.25_1.06_-44.31_0.0487_-0.0765_0.8781_0.4698end1.27_4.69_0.86_-51.81_143.91_-1.23_-1.25_1.06_-44.31_0.0433_-0.0792_0.8795_0.4673end1.27_4.69_0.86_-51.81_143.91_-1.23_-1.25_1.06_-44.31_0.0378_-0.0820_0.8807_0.4650end1.27_4.69_0.86_-51.81_143.91_-1.23_-1.25_1.06_-44.31_0.0317_-0.0849_0.8818_0.4628end0.50_4.00_4.27_-51.81_143.91_-1.23_-1.25_1.06_-44.31_0.0317_-0.0849_0.8818_0.4628end0.02_4.27_3.91_-51.81_143.91_-1.23_4.19_2.44_-44.31_0.0028_-0.0992_0.8853_0.4544end-0.06_4.37_3.68_-51.81_143.91_-1.23_4.19_2.44_-44.31_0.0028_-0.0992_0.8853_0.4544end,24.3787197,120.90909077,1075.00537109375
1007,-0.06_4.37_3.68_-51.81_143.91_-1.23_5.25_2.44_-45.19_0.0060_0.1035_-0.8857_-0.4524end-0.71_3.23_2.59_-16.67_267.68_-3.47_5.25_2.44_-45.19_0.0258_0.1131_-0.8863_-0.4483end-0.71_3.23_2.59_-16.67_267.68_-3.47_5.25_2.44_-45.19_0.0258_0.1131_-0.8863_-0.4483end-0.71_3.23_2.59_-14.88_277.19_-3.69_5.25_2.44_-45.19_0.0583_0.1292_-0.8857_-0.4421end-0.71_3.23_2.59_-14.88_277.19_-3.69_9.56_3.25_-43.94_0.0583_0.1292_-0.8857_-0.4421end-0.71_3.23_2.59_-8.50_293.53_-1.90_9.56_3.25_-43.94_0.0805_0.1399_-0.8844_-0.4379end-0.71_3.23_2.59_-8.50_293.53_-1.90_9.56_3.25_-43.94_0.1028_0.1502_-0.8826_-0.4336end-1.38_2.44_4.36_-8.50_293.53_-1.90_14.56_3.06_-42.19_0.1028_0.1502_,24.3787197,120.90909077,1075.00537109375
1008,-0.8826_-0.4336end-0.95_3.92_5.03_-8.50_293.53_-1.90_14.56_3.06_-42.19_0.1136_0.1555_-0.8812_-0.4316end-0.95_3.92_5.03_-8.50_293.53_-1.90_14.56_3.06_-42.19_0.1448_0.1705_-0.8764_-0.4265end,24.3787197,120.90909077,1075.00537109375
1009,-0.47_6.31_5.65_-8.50_293.53_-1.90_14.56_3.06_-42.19_0.1542_0.1750_-0.8746_-0.4250end-0.18_7.75_5.40_-8.50_293.53_-1.90_19.94_4.56_-41.69_0.1542_0.1750_-0.8746_-0.4250end-0.24_8.03_4.91_17.57_177.82_7.95_19.94_4.56_-41.69_0.1542_0.1750_-0.8746_-0.4250end-1.12_7.25_3.64_19.36_142.68_9.29_19.94_4.56_-41.69_0.1761_0.1860_-0.8694_-0.4225end-1.12_7.25_3.64_21.26_107.99_11.30_21.37_3.19_-39.56_0.1761_0.1860_-0.8694_-0.4225end-1.12_7.25_3.64_21.26_107.99_11.30_21.37_3.19_-39.56_0.1865_0.1917_-0.8658_-0.4230end-1.79_3.96_2.32_25.96_19.58_15.33_21.37_3.19_-39.56_0.1865_0.1917_-0.8658_-0.4230end-1.79_3.96_2.32_27.31_0.56_16.79_21.37_3.19_-39.56_0.1865_0.1917_-0.8658_-0.4230end-1.79_3.96_2.32_27.31_0.56_16.79_23.50_2.94_-38.69_0.1867_0.1930_-0.8633_-0.4273end-2.00_4.36_1.89_27.31_0.56_16.79_23.50_2.94_-38.69_0.1861_0.1932_-0.8627_-0.4287end,24.3787197,120.90909077,1075.00537109375
1010,,24.3787197,120.90909077,1075.00537109375
1011,-1.48_5.91_0.57_27.31_0.56_16.79_23.50_2.94_-38.69_0.1861_0.1932_-0.8627_-0.4287end-1.15_6.38_-0.14_27.31_0.56_16.79_23.12_1.25_-38.75_0.1857_0.1940_-0.8611_-0.4316end-0.61_6.79_-0.69_35.59_26.86_21.82_23.12_1.25_-38.75_0.1857_0.1940_-0.8611_-0.4316end-0.61_6.79_-0.69_37.38_45.32_21.26_23.12_1.25_-38.75_0.1857_0.1940_-0.8611_-0.4316end-0.61_6.79_-0.69_38.83_60.88_20.93_23.12_1.25_-38.75_0.1917_0.1987_-0.8564_-0.4363end2.63_11.67_0.89_38.83_60.88_20.93_23.12_1.25_-38.75_0.1917_0.1987_-0.8564_-0.4363end3.69_12.32_0.05_38.83_60.88_20.93_23.12_1.25_-38.75_0.1951_0.2014_-0.8536_-0.4390end3.69_12.32_0.05_38.27_-25.18_21.71_23.12_1.25_-38.75_0.1951_0.2014_-0.8536_-0.4390end3.69_12.32_0.05_38.27_-25.18_21.71_23.50_-0.19_-38.75_0.1951_0.2014_-0.8536_-0.4390end0.63_11.33_0.59_38.27_-25.18_21.71_23.50_-0.19_-38.75_0.1951_0.2014_-0.8536_-0.4390end,24.3787197,120.90909077,1075.00537109375
1012,,24.3787197,120.90909077,1075.00537109375
1013,,24.3787197,120.90909077,1075.00537109375
1014,-1.64_10.84_1.34_38.27_-25.18_21.71_23.50_-0.19_-38.75_0.1951_0.2014_-0.8536_-0.4390end-1.25_11.29_1.91_38.27_-25.18_21.71_23.50_-0.19_-38.75_0.1951_0.2014_-0.8536_-0.4390end-2.77_12.12_4.06_38.27_-25.18_21.71_23.50_-0.19_-38.75_0.1458_0.1792_-0.8563_-0.4620end-2.77_12.12_4.06_62.00_-26.75_12.98_23.50_-0.19_-38.75_0.1458_0.1792_,24.3787197,120.90909077,1075.00537109375
1015,-0.8563_-0.4620end-2.77_12.12_4.06_62.00_-26.75_12.98_23.50_-0.19_-38.75_0.1389_0.1760_-0.8535_-0.4705end-0.74_13.23_6.09_62.00_-26.75_12.98_19.87_0.13_-40.50_0.1389_0.1760_-0.8535_-0.4705end-0.74_13.23_6.09_63.00_83.37_23.50_19.87_0.13_-40.50_0.1437_0.1791_-0.8498_-0.4744end-0.38_12.64_3.86_63.00_83.37_23.50_19.87_0.13_-40.50_0.1467_0.1813_-0.8478_-0.4763end-1.55_11.62_1.51_63.00_83.37_23.50_19.87_0.13_-40.50_0.1510_0.1849_-0.8441_-0.4801end-1.04_11.05_1.95_67.14_24.62_27.98_19.87_0.13_-40.50_0.1510_0.1849_-0.8441_-0.4801end,24.3787197,120.90909077,1075.00537109375
1016,,24.3787197,120.90909077,1075.00537109375
1017,-1.30_10.56_1.01_70.95_8.73_26.86_19.87_0.13_-40.50_0.1530_0.1876_-0.8387_-0.4878end0.11_10.41_3.23_70.95_8.73_26.86_19.87_0.13_-40.50_0.1528_0.1879_-0.8369_-0.4908end0.89_10.80_5.23_70.95_8.73_26.86_19.81_-3.06_-39.69_0.1528_0.1879_-0.8369_-0.4908end0.89_10.80_5.23_71.62_4.92_26.86_19.81_-3.06_-39.69_0.1520_0.1883_-0.8335_-0.4968end1.68_10.64_4.96_71.62_4.92_26.86_19.81_-3.06_-39.69_0.1520_0.1883_-0.8335_-0.4968end1.68_10.64_4.96_71.62_4.92_26.86_19.81_-3.06_-39.69_0.1520_0.1883_-0.8335_-0.4968end0.75_9.30_1.84_71.62_4.92_26.86_19.81_-3.06_-39.69_0.1525_0.1896_-0.8298_-0.5023end0.62_9.55_2.73_71.62_4.92_26.86_19.81_-3.06_-39.69_0.1525_0.1896_-0.8298_-0.5023end0.09_13.41_3.86_71.62_4.92_26.86_19.81_-3.06_-39.69_0.1525_0.1896_-0.8298_-0.5023end0.09_13.41_3.86_71.62_4.92_26.86_19.81_-3.06_-39.69_0.1629_0.1984_-0.8167_-0.5168end,24.3787197,120.90909077,1075.00537109375
1018,,24.3787197,120.90909077,1075.00537109375
1019,,24.3787197,120.90909077,1075.00537109375
1020,,24.3787197,120.90909077,1075.00537109375
1021,,24.3787197,120.90909077,1075.00537109375
1022,0.09_13.41_3.86_90.31_-18.58_31.78_19.81_-3.06_-39.69_0.1630_0.1990_-0.8123_-0.5234end3.52_2.89_-12.92_90.31_-18.58_31.78_19.81_-3.06_-39.69_0.1630_0.1990_-0.8123_-0.5234end-8.90_12.58_35.92_3.25_-62.33_4.59_19.81_-3.06_-39.69_0.1630_0.1990_-0.8123_-0.5234end-8.90_12.58_35.92_3.25_-62.33_4.59_19.81_-3.06_-39.69_0.1588_0.1971_-0.8130_-0.5243end-8.90_12.58_35.92_3.25_-62.33_4.59_19.81_-3.06_-39.69_0.1547_0.1954_-0.8148_-0.5234end5.25_6.09_-7.54_3.25_-62.33_4.59_19.81_-3.06_-39.69_0.1547_0.1954_-0.8148_-0.5234end5.25_6.09_-7.54_3.25_-62.33_4.59_18.37_-7.31_-40.25_0.1547_0.1954_-0.8148_-0.5234end-2.61_7.95_22.26_3.25_-62.33_4.59_18.37_-7.31_-40.25_0.1547_0,24.3787197,120.90909077,1075.00537109375
1023,.1954_-0.8148_-0.5234end8.34_8.94_-10.98_3.25_-62.33_4.59_18.37_-7.31_-40.25_0.1460_0.1925_-0.8150_-0.5267end8.34_8.94_-10.98_3.25_-62.33_4.59_18.00_-7.31_-39.81_0.1483_0.1936_-0.8119_-0.5304end1.62_5.68_9.88_3.25_-62.33_4.59_18.00_-7.31_-39.81_0.1483_0.1936_-0.8119_-0.5304end1.62_5.68_9.88_31.11_26.52_11.97_18.00_-7.31_-39.81_0.1483_0.1936_-0.8119_-0.5304end1.15_8.23_10.52_31.11_26.52_11.97_18.00_-7.31_-39.81_0.1483_0.1936_-0.8119_-0.5304end1.15_8.23_10.52_15.67_36.59_13.76_18.00_-7.31_-39.81_0.1502_0.1959_-0.8081_-0.5349end1.15_8.23_10.52_15.67_36.59_13.76_18.00_-7.31_-39.81_0.1502_0.1964_-0.8076_-0.5355end-1.40_7.47_0.60_15.67_36.59_13.76_18.00_-7.31_-39.81_0.1502_0.1964_-0.8076_-0.5355end-1.93_8.77_7.58_15.67_36.59_13.76_19.69_-8.31_-39.44_0.1502_0.1964_-0.8076_-0.5355end-1.93_8.77_7.58_12.20_-13.54_12.31_19.69_-8.31_-39.44_0.1548_0.2020_,24.3787197,120.90909077,1075.00537109375
1024,-0.8040_-0.5375end-0.99_9.51_-1.73_12.20_-13.54_12.31_19.69_-8.31_-39.44_0.1544_0.2020_-0.8033_-0.5385end-0.32_8.46_2.86_12.20_-13.54_12.31_19.69_-8.31_-39.44_0.1544_0.2020_-0.8033_-0.5385end,24.3787197,120.90909077,1075.00537109375
1025,,24.3787197,120.90909077,1075.00537109375
1026,-0.32_8.46_2.86_36.26_4.81_8.50_18.94_-9.38_-38.56_0.1544_0.2020_-0.8033_-0.5385end-0.32_8.46_2.86_36.93_-9.18_10.18_18.94_-9.38_-38.56_0.1550_0.2025_-0.8006_-0.5422end-0.32_8.46_2.86_33.35_-28.31_13.65_18.94_-9.00_-38.06_0.1550_0.2025_-0.8006_-0.5422end-0.32_8.46_2.86_30.21_-49.35_17.90_18.94_-9.00_-38.06_0.1515_0.2012_-0.7985_,24.3787197,120.90909077,1075.00537109375
1027,-0.5468end-0.32_8.46_2.86_26.63_-55.73_17.12_20.06_-9.00_-38.56_0.1515_0.2012_-0.7985_-0.5468end-0.83_8.61_4.73_26.63_-55.73_17.12_18.94_-10.06_-39.88_0.1465_0.1992_-0.7969_-0.5512end-0.70_8.93_5.18_26.63_-55.73_17.12_18.94_-10.06_-39.88_0.1457_0.1990_-0.7963_-0.5524end-0.70_8.93_5.18_26.30_-25.51_8.95_18.94_-10.06_-39.88_0.1457_0.1990_-0.7963_-0.5524end0.43_8.67_3.57_26.30_-25.51_8.95_18.94_-10.06_-39.88_0.1457_0.1990_-0.7963_-0.5524end0.09_8.70_2.98_26.30_-25.51_8.95_18.94_-10.06_-39.88_0.1457_0.1990_-0.7963_-0.5524end,24.3787197,120.90909077,1075.00537109375
1028,,24.3787197,120.90909077,1075.00537109375
1029,0.09_8.70_2.98_26.30_-25.51_8.95_18.94_-10.06_-39.88_0.1386_0.1952_-0.7933_-0.5598end0.77_8.82_4.84_26.30_-25.51_8.95_18.94_-10.06_-39.88_0.1386_0.1952_-0.7933_-0.5598end0.77_8.82_4.84_33.80_-56.96_11.97_18.94_-10.06_-39.88_0.1386_0.1952_-0.7933_-0.5598end0.78_8.84_4.88_32.56_-52.93_10.41_18.94_-10.06_-39.88_0.1386_0.1952_-0.7933_-0.5598end0.78_8.84_4.88_32.56_-52.93_10.41_15.44_-10.44_-39.88_0.1271_0.1884_-0.7894_-0.5703end1.93_8.73_4.16_32.56_-52.93_10.41_15.44_-10.44_-39.88_0.1256_0.1873_-0.7889_-0.5717end2.50_8.59_3.08_32.56_-52.93_10.41_16.50_-12.56_-39.94_0.1256_0.1873_-0.7889_-0.5717end2.50_8.59_3.08_32.56_-52.93_10.41_16.50_-12.56_-39.94_0.1227_0.1853_-0.7867_-0.5759end2.82_8.61_1.89_32.56_-52.93_10.41_16.87_-12.56_-40.81_0.1227_0.1852_-0.7858_-0.5771end2.27_8.79_1.86_32.56_-52.93_10.41_16.87_-12.56_-40.81_0.1227_0.1852_-0.7858_-0.5771end,24.3787197,120.90909077,1075.00537109375
1030,,24.3787197,120.90909077,1075.00537109375
1031,1.95_8.86_1.96_32.56_-52.93_10.41_15.75_-12.25_-40.38_0.1227_0.1852_-0.7858_-0.5771end1.65_8.87_2.00_32.56_-52.93_10.41_15.75_-12.25_-40.38_0.1258_0.1873_-0.7817_-0.5815end1.65_8.87_2.00_32.56_-52.93_10.41_15.38_-12.94_-38.63_0.1269_0.1880_-0.7806_-0.5825end0.80_8.87_1.88_32.56_-52.93_10.41_15.38_-12.94_-38.63_0.1280_0.1888_-0.7795_-0.5835end0.72_8.92_1.72_32.56_-52.93_10.41_15.38_-12.94_-38.63_0.1280_0.1888_-0.7795_-0.5835end0.80_8.94_1.62_32.90_27.64_2.46_15.38_-12.94_-38.63_0.1280_0.1888_-0.7795_-0.5835end0.80_8.94_1.62_32.90_27.64_2.46_15.38_-12.94_-38.63_0.1324_0.1913_-0.7753_-0.5872end0.80_8.94_1.62_32.90_27.64_2.46_16.44_-13.25_-38.19_0.1334_0.1,24.3787197,120.90909077,1075.00537109375
1032,917_-0.7743_-0.5881end1.27_8.87_1.62_32.90_27.64_2.46_16.44_-13.25_-39.06_0.1334_0.1917_-0.7743_-0.5881end1.28_8.95_1.66_32.90_27.64_2.46_16.44_-13.25_-39.06_0.1334_0.1917_-0.7743_-0.5881end,24.3787197,120.90909077,1075.00537109375
1033,,24.3787197,120.90909077,1075.00537109375
1034,1.28_8.98_1.58_31.89_28.65_1.90_16.44_-13.25_-39.06_0.1376_0.1940_-0.7701_-0.5919end1.28_8.99_1.45_31.89_28.65_1.90_16.44_-13.25_-39.06_0.1392_0.1949_-0.7690_-0.5927end1.33_9.02_1.26_31.89_28.65_1.90_16.44_-13.25_-39.06_0.1392_0.1949_-0.7690_-0.5927end1.21_9.02_0.80_31.89_28.65_1.90_16.44_-13.25_-39.06_0.1392_0.1949_-0.7690_-0.5927end1.09_8.99_0.48_31.89_28.65_1.90_16.44_-13.25_-39.06_0.1392_0.1949_-0.7690_-0.5927end1.09_8.99_0.48_31.89_28.65_1.90_17.87_-14.63_-38.69_0.1500_0.2018_-0.7632_-0.5953end0.34_9.16_0.01_31.89_28.65_1.90_17.87_-14.63_-38.69_0.1524_0.2034_-0.7619_-0.5957end0.14_9.15_0.04_29.66_61.10_2.24_17.87_-14.63_-38.69_0.1524_0.2034_-0.7619_-0.5957end-0.13_9.24_0.07_29.66_61.10_2.24_17.87_-14.63_-38.69_0.1567_0.2062_-0.7595_-0.5967end-0.13_9.24_0.07_29.10_51.36_2.24_17.87_-14.63_-38.69_0.1606_0.2087_-0.7571_-0.5978end,24.3787197,120.90909077,1075.00537109375
1035,,24.3787197,120.90909077,1075.00537109375
1036,,24.3787197,120.90909077,1075.00537109375
1037,,24.3787197,120.90909077,1075.00537109375
1038,,24.3787197,120.90909077,1075.00537109375
1039,,24.3787197,120.90909077,1075.00537109375
1040,,24.3787197,120.90909077,1075.00537109375
1041,-0.05_9.20_-0.00_29.10_51.36_2.24_17.87_-14.63_-38.69_0.1621_0.2097_-0.7561_-0.5984end-0.05_9.20_-0.00_25.74_36.48_1.23_17.87_-14.63_-38.69_0.1636_0.2106_-0.7551_-0.5989end0.55_9.23_-0.37_25.74_36.48_1.23_19.19_-14.94_-36.06_0.1636_0.2106_-0.7551_-0.5989end0.55_9.23_-0.37_23.16_31.89_0.67_19.19_-14.94_-36.06_0.1674_0.2128_-0.7524_-0.6005end0.55_9.23_-0.37_21.82_33.12_0.56_19.56_-15.31_-37.81_0.1674_0.2128_-0.7524_-0.6005end1.09_9.24_-1.20_21.82_33.12_0.56_19.56_-15.31_-37.81_0.1674_0.2128_-0.7524_-0.6005end1.09_9.24_-1.20_21.26_37.15_1.34_19.56_-15.31_-37.81_0.1674_0.2128_-0.7524_-0.6005end1.09_9.24_-1.20_21.15_41.29_1.23_19.56_-16.25_-36.56_0.1674_0.2,24.3787197,120.90909077,1075.00537109375
1042,128_-0.7524_-0.6005end1.09_9.24_-1.20_21.15_41.29_1.23_19.56_-16.25_-36.56_0.1757_0.2182_-0.7469_-0.6030end0.57_9.30_-0.55_21.15_41.29_1.23_19.56_-16.25_-36.56_0.1774_0.2193_-0.7460_-0.6032end0.30_9.36_-0.35_21.15_41.29_1.23_19.56_-16.25_-36.56_0.1774_0.2193_-0.7460_-0.6032end0.07_9.37_-0.20_21.15_41.29_1.23_20.62_-15.56_-34.31_0.1821_0.2225_-0.7434_-0.6039end0.03_9.38_-0.10_21.15_41.29_1.23_20.62_-15.56_-34.31_0.1835_0.2235_-0.7426_-0.6041end0.04_9.34_-0.02_21.15_41.29_1.23_20.62_-15.56_-34.31_0.1835_0.2235_-0.7426_-0.6041end0.25_9.34_0.21_21.15_41.29_1.23_21.00_-15.88_-33.88_0.1835_0.2235_-0.7426_-0.6041end0.25_9.34_0.21_21.15_41.29_1.23_21.00_-16.56_-35.69_0.1885_0.2269_-0.7397_-0.6049end0.60_9.35_0.70_21.15_41.29_1.23_21.00_-16.56_-35.69_0.1885_0.2269_-0.7397_-0.6049end0.66_9.37_0.87_21.15_41.29_1.23_21.37_-15.56_-34.75_0.1907_0.2282_-0.7384_-0.6052end0.68_9.41_1.01_21.15_41.29_1.23_21.37_-15.56_-34.75_0.1907_0.2282_-0.7384_-0.6052end0.65_9.36_1.16_21.15_41.29_1.23_21.37_-15.56_-34.75_0.1937_0.2301_-0.7366_-0.6058end,24.3787197,120.90909077,1075.00537109375
1043,0.60_9.40_1.54_21.15_41.29_1.23_21.37_-15.56_-34.75_0.1947_0.2307_-0.7360_-0.6060end0.58_9.38_1.72_21.15_41.29_1.23_21.37_-15.56_-34.75_0.1947_0.2307_-0.7360_-0.6060end0.58_9.38_1.72_21.15_41.29_1.23_21.37_-15.56_-34.75_0.1967_0.2320_-0.7347_-0.6063end0.65_9.41_1.90_21.15_41.29_1.23_21.37_-15.56_-34.75_0.1992_0.2334_-0.7334_-0.6066end0.62_9.40_2.27_21.15_41.29_1.23_21.37_-15.56_-34.75_0.1992_0.2334_-0.7334_-0.6066end0.55_9.38_2.37_13.54_40.06_-1.79_21.37_-15.56_-34.75_0.1992_0.2334_-0.7334_-0.6066end0.55_9.38_2.37_13.65_41.29_-1.34_22.06_-16.50_-33.50_0.2033_0.2360_-0.7313_-0.6068end0.55_9.38_2.37_13.65_41.29_-1.34_22.06_-16.50_-33.50_0.2048_0.2369_-0.,24.3787197,120.90909077,1075.00537109375
1044,7305_-0.6069end0.55_9.38_2.37_13.65_41.29_-1.34_22.06_-16.50_-33.50_0.2062_0.2379_-0.7297_-0.6070end-0.23_9.40_2.92_13.65_41.29_-1.34_22.06_-16.50_-33.50_0.2062_0.2379_-0.7297_-0.6070end,24.3787197,120.90909077,1075.00537109375
1045,,24.3787197,120.90909077,1075.00537109375
1046,-0.17_9.38_2.94_13.65_41.29_-1.34_24.63_-16.81_-33.13_0.2062_0.2379_-0.7297_-0.6070end-0.19_9.41_2.96_13.65_41.29_-1.34_22.81_-15.88_-33.13_0.2120_0.2415_-0.7266_-0.6074end-0.13_9.41_2.96_13.65_41.29_-1.34_22.81_-15.88_-33.13_0.2120_0.2415_-0.7266_-0.6074end-0.13_9.44_3.02_13.65_41.29_-1.34_24.63_-16.81_-32.25_0.2120_0.2415_-0.7266_-0.6074end-0.15_9.40_3.00_13.65_41.29_-1.34_24.63_-16.81_-32.25_0.2178_0.2448_-0.7233_-0.6078end-0.15_9.40_3.00_13.65_41.29_-1.34_23.50_-17.56_-32.25_0.2205_0.2465_-0.7216_-0.6083end-0.43_9.34_2.79_13.65_41.29_-1.34_23.50_-17.56_-32.25_0.2219_0.2473_-0.7206_-0.6085end-0.52_9.37_2.71_13.65_41.29_-1.34_23.50_-17.56_-32.25_0.2219_0.2473_-0.7206_-0.6085end-0.57_9.40_2.58_13.65_41.29_-1.34_25.25_-17.50_-32.75_0.2219_0.2473_-0.7206_-0.6085end-0.71_9.43_2.51_13.65_41.29_-1.34_25.25_-17.50_-32.75_0.2219_0.2473_-0.7206_-0.6085end,24.3787197,120.90909077,1075.00537109375
1047,,24.3787197,120.90909077,1075.00537109375
1048,-0.71_9.43_2.51_18.58_36.93_-1.23_25.25_-17.50_-32.75_0.2219_0.2473_-0.7206_-0.6085end-0.71_9.43_2.51_18.58_36.93_-1.23_25.25_-17.50_-32.75_0.2299_0.2518_-0.7155_-0.6097end-0.80_9.39_1.96_18.58_36.93_-1.23_25.25_-17.50_-32.75_0.2310_0.2524_-0.7147_-0.6100end-0.83_9.41_1.86_18.58_36.93_-1.23_25.25_-17.50_-32.75_0.2310_0.2524_-0.7,24.3787197,120.90909077,1075.00537109375
1049,147_-0.6100end-0.83_9.41_1.86_18.58_36.93_-1.23_25.25_-17.50_-32.75_0.2340_0.2541_-0.7122_-0.6111end-0.76_9.40_1.81_18.58_36.93_-1.23_25.25_-17.50_-32.75_0.2340_0.2541_-0.7122_-0.6111end-0.79_9.41_1.73_18.58_36.93_-1.23_24.87_-17.87_-32.75_0.2340_0.2541_-0.7122_-0.6111end-0.79_9.41_1.73_18.58_36.93_-1.23_24.87_-17.87_-32.75_0.2366_0.2554_-0.7097_-0.6125end-0.79_9.41_1.73_20.37_22.49_1.23_24.87_-17.87_-32.75_0.2366_0.2554_-0.7097_-0.6125end-0.79_9.37_1.47_20.37_22.49_1.23_24.87_-17.87_-32.75_0.2391_0.2567_-0.7072_-0.6140end,24.3787197,120.90909077,1075.00537109375
1050,,24.3787197,120.90909077,1075.00537109375
1051,-0.88_9.40_1.28_20.37_22.49_1.23_24.87_-17.87_-32.75_0.2391_0.2567_-0.7072_-0.6140end-0.93_9.41_1.18_20.25_21.71_1.90_24.87_-17.87_-32.75_0.2391_0.2567_-0.7072_-0.6140end-0.93_9.41_1.18_20.25_21.71_1.90_24.87_-17.87_-32.75_0.2415_0.2580_-0.7046_-0.6154end-1.12_9.40_0.76_20.25_21.71_1.90_24.87_-17.87_-32.75_0.2415_0.2580_-0.7046_-0.6154end-1.12_9.40_0.66_20.25_21.71_1.90_24.87_-17.87_-32.75_0.2433_0.2590_-0.7021_-0.6170end-1.05_9.41_0.61_20.25_13.99_2.91_24.87_-17.87_-32.75_0.2433_0.2590_-0.7021_-0.6170end-0.96_9.42_0.63_20.14_12.31_3.25_24.87_-17.87_-32.75_0.2433_0.2590_-0.7021_-0.6170end-0.96_9.42_0.63_20.14_12.31_3.25_26.31_-18.87_-30.12_0.2452_0.259,24.3787197,120.90909077,1075.00537109375
1052,9_-0.6992_-0.6193end-0.79_9.42_0.81_20.14_12.31_3.25_26.31_-18.87_-30.12_0.2452_0.2599_-0.6992_-0.6193end-0.79_9.42_0.81_20.14_12.31_3.25_26.31_-18.87_-30.12_0.2454_0.2599_-0.6985_-0.6199end,24.3787197,120.90909077,1075.00537109375
1053,,24.3787197,120.90909077,1075.00537109375
1054,,24.3787197,120.90909077,1075.00537109375
1055,,24.3787197,120.90909077,1075.00537109375
1056,,24.3787197,120.90909077,1075.00537109375
1057,,24.3787197,120.90909077,1075.00537109375
1058,-0.79_9.42_0.81_20.14_12.31_3.25_26.31_-18.87_-30.12_0.2458_0.2599_-0.6967_-0.6219end-0.49_9.43_1.27_20.14_12.31_3.25_26.31_-18.87_-30.12_0.2458_0.2599_-0.6967_-0.6219end-0.39_9.42_1.34_20.03_0.00_4.81_26.31_-18.87_-30.12_0.2458_0.2599_-0.6967_-0.6219end-0.32_9.43_1.35_20.25_0.00_4.48_26.31_-18.87_-30.12_0.2458_0.2599_-0.6967_-0.6219end-0.32_9.43_1.35_20.25_0.00_4.48_26.31_-18.87_-30.12_0.2462_0.2596_-0.6935_-0.6254end-0.30_9.54_1.28_20.25_0.00_4.48_26.31_-18.87_-30.12_0.2462_0.2595_-0.6928_-0.6262end-0.52_9.42_1.35_20.25_0.00_4.48_26.31_-18.87_-30.12_0.2462_0.2595_-0.6928_-0.6262end-0.52_9.39_1.05_20.25_0.00_4.48_25.19_-19.25_-31.87_0.2462_0.2595_-0.6928_-0.6262end-0.57_9.48_1.12_21.37_2.24_5.26_25.19_-19.25_-31.87_0.2462_0.2595_-0.6928_-0.6262end-0.57_9.48_1.12_21.37_2.24_5.26_25.19_-20.62_-30.19_0.2462_0.2595_-0.6928_-0.6262end-0.57_9.48_1.12_21.37_2.24_5.26_25.19_-20.62_-30.19_0.2467_0.2595_-0.6895_-0.6297end-0.57_9.48_1.12_21.26_-2.46_5.48_25.19_-20.62_-30.19_0.2467_0.2595_-0.6895_-0.6297end-0.57_9.48_1.12_21.26_-2.46_5.48_25.19_-20.62_-30.19_0.2467_0.2595_-0.6895_-0.6297end-0.57_9.48_1.12_21.26_-2.46_5.48_25.19_-20.62_-30.19_0.2467_0.2595_-0.6895_-0.6297end-0.42_9.41_1.03_21.26_-2.46_5.48_25.19_-20.62_-30.19_0.2467_0.2595_-0.6895_-0.6297end-0.42_9.41_1.03_22.27_-5.48_5.93_25.19_-20.62_-30.19_0.2467_0.2595_-0.6895_-0.6297end-0.73_9.43_0.71_22.27_-5.48_5.93_25.19_-20.62_-30.19_0.2467_0.2595_-0.6895_-0.6297end-1.07_9.38_0.44_22.94_5.82_6.71_25.19_-20.62_-30.19_0.2467_0.2595_-0.6895_-0.6297end-1.07_9.38_0.44_22.94_5.82_6.71_24.81_-20.25_-28.87_0.2464_0.2579_-0.6813_-0.6392end-1.07_9.38_0.44_22.94_5.82_6.71_24.81_-20.25_-28.87_0.2469_0.2583_-0.6797_-0.6406end,24.3787197,120.90909077,1075.00537109375
1059,-1.71_9.40_0.17_22.94_5.82_6.71_24.81_-20.25_-28.87_0.2469_0.2583_-0.6797_-0.6406end-1.71_9.40_0.17_22.94_5.82_6.71_24.81_-20.25_-28.87_0.2472_0.2585_-0.6774_-0.6429end-1.71_9.40_0.17_22.94_5.82_6.71_24.50_-21.00_-29.31_0.2470_0.2584_-0.6766_-0.6437end-1.66_9.45_-0.10_22.94_5.82_6.71_24.50_-21.00_-29.31_0.2470_0.2584_-0.6766_-0.6437end-1.53_9.42_-0.20_21.93_-12.42_10.18_24.50_-21.00_-29.31_0.2470_0.2584_-0.6766_-0.6437end-1.39_9.41_-0.29_21.93_-12.42_10.18_24.12_-21.31_-28.44_0.2470_0.2584_-0.6766_-0.6437end-1.39_9.41_-0.29_20.70_-18.91_10.52_24.12_-21.31_-28.44_0.2454_0.2573_-0.6743_-0.6473end-1.39_9.41_-0.29_20.70_-18.91_10.52_24.12_-21.31_-28.44_0.2441_0.2563_-0.6732_-0.6492end-0.76_9.29_-1.57_20.70_-18.91_10.52_24.12_-21.31_-28.44_0.2441_0.2563_-0.6732_-0.6492end-0.76_9.29_-1.57_20.70_-18.91_10.52_24.12_-21.31_-28.44_0.2420_0.2550_-0.6718_-0.6520end,24.3787197,120.90909077,1075.00537109375
1060,,24.3787197,120.90909077,1075.00537109375
1061,-0.48_9.37_-2.79_20.70_-18.91_10.52_24.12_-21.31_-28.44_0.2420_0.2550_-0.6718_-0.6520end-0.24_9.43_-2.86_20.70_-18.91_10.52_24.12_-21.31_-28.44_0.2420_0.2550_-0.6718_-0.6520end-0.19_9.38_-2.83_16.79_-11.30_10.97_24.12_-21.31_-28.44_0.2420_0.2550_-0.6718_-0.6520end-0.24_9.42_-2.23_16.34_-9.40_11.64_24.12_-21.31_-28.44_0.2420_0.2550_-0.6718_-0.6520end-0.24_9.42_-2.23_16.34_-9.40_11.64_24.12_-21.31_-28.44_0.2388_0.2537_-0.6688_-0.6567end-0.53_9.44_-0.90_16.34_-9.40_11.64_24.12_-21.31_-28.44_0.2388_0.2537_-0.6688_-0.6567end-0.61_9.52_-0.41_16.34_-9.40_11.64_24.12_-21.31_-28.44_0.2377_0.2534_-0.6679_-0.6582end-0.61_9.52_-0.41_15.22_-18.13_13.43_24.12_-21.31,24.3787197,120.90909077,1075.00537109375
1062,_-28.44_0.2369_0.2532_-0.6674_-0.6590end-0.50_9.50_0.55_15.22_-18.13_13.43_24.12_-21.31_-28.44_0.2362_0.2529_-0.6671_-0.6598end-0.32_9.46_0.78_15.22_-18.13_13.43_24.12_-21.31_-28.44_0.2347_0.2521_-0.6663_-0.6614end,24.3787197,120.90909077,1075.00537109375
1063,,24.3787197,120.90909077,1075.00537109375
1064,-0.18_9.47_0.83_15.22_-18.13_13.43_24.12_-21.31_-28.44_0.2347_0.2521_-0.6663_-0.6614end-0.08_9.46_0.80_15.22_-18.13_13.43_24.12_-21.31_-28.44_0.2347_0.2521_-0.6663_-0.6614end0.11_9.46_0.75_15.22_-18.13_13.43_24.12_-21.31_-28.44_0.2347_0.2521_-0.6663_-0.6614end0.13_9.46_0.68_15.22_-18.13_13.43_24.12_-21.31_-28.44_0.2347_0.2521_-0.6663_-0.6614end0.13_9.46_0.68_15.22_-18.13_13.43_24.12_-21.31_-28.44_0.2288_0.2490_-0.6642_-0.6667end0.13_9.46_0.68_17.23_-21.93_13.65_23.00_-22.37_-28.44_0.2288_0.2490_-0.6642_-0.6667end0.13_9.46_0.68_18.02_-16.90_13.54_23.00_-22.37_-28.44_0.2264_0.2478_-0.6628_-0.6693end0.13_9.46_0.68_18.58_-16.23_13.65_23.00_-22.37_-28.44_0.,24.3787197,120.90909077,1075.00537109375
1065,2264_0.2478_-0.6628_-0.6693end0.13_9.46_0.68_18.46_-16.45_13.76_23.00_-22.37_-28.44_0.2252_0.2473_-0.6617_-0.6710end0.13_9.45_1.91_18.46_-16.45_13.76_23.00_-22.37_-28.44_0.2245_0.2470_-0.6612_-0.6719end,24.3787197,120.90909077,1075.00537109375
1066,,24.3787197,120.90909077,1075.00537109375
1067,0.08_9.37_2.07_18.46_-16.45_13.76_23.00_-22.37_-28.44_0.2230_0.2463_-0.6600_-0.6737end0.22_9.38_2.12_18.46_-16.45_13.76_23.00_-22.37_-28.44_0.2230_0.2463_-0.6600_-0.6737end0.50_9.41_2.02_18.46_-16.45_13.76_23.38_-24.12_-28.94_0.2230_0.2463_-0.6600_-0.6737end0.50_9.41_2.02_22.49_-26.07_13.20_23.38_-24.12_-28.94_0.2208_0.2449_-0.6582_-0.6768end0.50_9.41_2.02_22.49_-26.07_13.20_23.38_-24.12_-28.94_0.2200_0.2443_-0.6577_-0.6778end0.82_9.38_1.57_22.49_-26.07_13.20_23.38_-24.12_-28.94_0.2200_0.2443_-0.6577_-0.6778end0.82_9.38_1.57_22.49_-26.07_13.20_23.38_-24.12_-28.94_0.2200_0.2443_-0.6577_-0.6778end1.39_9.30_0.71_22.49_-26.07_13.20_23.38_-24.12_-28.94_0.22,24.3787197,120.90909077,1075.00537109375
1068,00_0.2443_-0.6577_-0.6778end1.60_9.30_0.31_22.49_-26.07_13.20_21.94_-23.44_-29.31_0.2200_0.2443_-0.6577_-0.6778end1.72_9.32_0.10_25.63_-25.18_11.41_21.94_-23.44_-29.31_0.2200_0.2443_-0.6577_-0.6778end,24.3787197,120.90909077,1075.00537109375
1069,,24.3787197,120.90909077,1075.00537109375
1070,,24.3787197,120.90909077,1075.00537109375
1071,,24.3787197,120.90909077,1075.00537109375
1072,1.72_9.32_0.10_26.07_-21.15_10.18_21.94_-23.44_-29.31_0.2125_0.2385_-0.6520_-0.6877end2.05_9.32_-0.35_26.07_-21.15_10.18_21.94_-23.44_-29.31_0.2125_0.2385_-0.6520_-0.6877end2.05_9.32_-0.35_26.07_-21.15_10.18_20.81_-24.19_-30.25_0.2125_0.2385_-0.6520_-0.6877end2.05_9.32_-0.35_26.07_-21.15_10.18_20.81_-24.19_-30.25_0.2111_0.2369_-,24.3787197,120.90909077,1075.00537109375
1073,0.6498_-0.6907end1.99_9.29_-0.95_26.07_-21.15_10.18_20.81_-24.19_-30.25_0.2111_0.2369_-0.6498_-0.6907end1.76_9.25_-1.12_26.52_-4.03_8.06_20.81_-24.19_-30.25_0.2111_0.2369_-0.6498_-0.6907end1.51_9.30_-1.07_26.30_-2.57_7.83_20.81_-24.19_-30.25_0.2104_0.2360_-0.6456_-0.6952end1.38_9.29_-1.12_26.30_-2.57_7.83_20.75_-26.31_-28.12_0.2,24.3787197,120.90909077,1075.00537109375
1074,,24.3787197,120.90909077,1075.00537109375
1075,104_0.2358_-0.6448_-0.6960end1.33_9.28_-1.05_26.30_-2.57_7.83_20.75_-26.31_-28.12_0.2104_0.2358_-0.6448_-0.6960end1.33_9.28_-1.05_26.30_-2.57_7.83_20.75_-26.31_-28.12_0.2104_0.2357_-0.6439_-0.6968end1.27_9.34_-1.12_26.30_-2.57_7.83_20.44_-24.50_-28.06_0.2104_0.2357_-0.6439_-0.6968end1.47_9.31_-1.69_26.30_-2.57_7.83_20.44_-24.50_-28.06_0.2100_0.2346_-0.6407_-0.7003end1.47_9.31_-1.69_23.95_-6.15_4.81_20.75_-25.94_-27.62_0.2100_0.2343_-0.6400_-0.7010end1.47_9.31_-1.69_23.61_-4.25_4.36_20.75_-25.94_-27.62_0.2100_0.2343_-0.6400_-0.7010end1.21_9.36_-2.27_23.61_-4.25_4.36_20.75_-25.94_-27.62_0.2100_0.2343_-0.6400_-0.7010end1.21_9.36_-2.27_23.61_-4.25_4.36_20.75_-25.94_-27.62_0.2102_0.2336_-0.6370_-0.7039end1.21_9.36_-2.27_23.61_-4.25_4.36_20.81_-25.56_-27.19_0.2104_0.2336_-0.6362_-0.7045end0.74_9.40_-2.53_23.61_-4.25_4.36_20.81_-25.56_-27.19_0.2107_0.233,24.3787197,120.90909077,1075.00537109375
1076,7_-0.6354_-0.7052end0.54_9.39_-2.43_23.61_-4.25_4.36_20.81_-25.56_-27.19_0.2107_0.2337_-0.6354_-0.7052end0.54_9.39_-2.43_22.16_6.49_4.48_20.81_-25.56_-27.19_0.2107_0.2337_-0.6354_-0.7052end0.30_9.40_-2.36_21.26_3.92_4.48_20.81_-25.56_-27.19_0.2107_0.2337_-0.6354_-0.7052end0.08_9.43_-2.36_21.26_3.92_4.48_20.81_-25.56_-27.19_0.2107_0.2337_-0.6354_-0.7052end0.02_9.40_-2.28_21.26_3.92_4.48_20.81_-25.56_-27.19_0.2120_0.2341_-0.6308_-0.7087end0.09_9.38_-2.21_20.03_-3.92_4.48_20.81_-25.56_-27.19_0.2120_0.2341_-0.6308_-0.7087end0.19_9.40_-2.17_20.03_-3.92_4.48_21.50_-26.25_-26.75_0.2118_0.2335_-0.6290_-0.7107end0.36_9.44_-1.94_18.69_-10.52_4.70_20.37_-27.31_-26.37_0.2118_0.2335_-0.6290_-0.7107end0.36_9.44_-1.94_18.69_-10.52_4.70_20.37_-27.31_-26.37_0.2114_0.2328_-0.6278_-0.7120end0.55_9.40_-1.81_18.69_-10.52_4.70_20.37_-27.31_-26.37_0.2114_0.2328_-0.6278_-0.7120end0.61_9.38_-1.77_18.69_-10.52_4.70_20.37_-27.31_-26.37_0.2114_0.2328_-0.6278_-0.7120end0.61_9.38_-1.77_18.69_-10.52_4.70_20.06_-26.25_-27.19_0.2105_0.2315_-0.6256_-0.7147end,24.3787197,120.90909077,1075.00537109375
1077,0.67_9.41_-1.55_18.69_-10.52_4.70_20.06_-26.25_-27.19_0.2103_0.2313_-0.6251_-0.7153end0.55_9.43_-1.46_18.69_-10.52_4.70_20.06_-26.25_-27.19_0.2103_0.2313_-0.6251_-0.7153end0.44_9.46_-1.50_18.69_-10.52_4.70_20.06_-26.25_-27.19_0.2103_0.2313_-0.6251_-0.7153end0.39_9.35_-1.50_18.69_-10.52_4.70_20.06_-26.25_-27.19_0.2100_0.2307_-0.6227_-0.7176end0.13_9.32_-1.38_18.69_-10.52_4.70_20.06_-26.25_-27.19_0.2100_0.2307_-0.6227_-0.7176end0.06_9.41_-1.41_18.69_-10.52_4.70_20.06_-26.25_-27.19_0.2100_0.2305_-0.6215_-0.7187end0.01_9.42_-1.51_17.46_-1.45_5.37_20.06_-26.25_-27.19_0.2100_0.2305_-0.6215_-0.7187end0.01_9.42_-1.51_17.01_-2.13_5.26_20.06_-26.25_-27.19_0.2098_0.2303_-0.6196_-0.7204end-0.01_9.38_-1.48_17.01_-2.13_5.26_20.06_-26.25_-27.19_0.2098_0.2303_-0.6196_-0.7204end-0.01_9.38_-1.48_17.01_-2.13_5.26_20.75_-28.00_-26.75_0.2098_0.2303_-0.6196_-0.7204end,24.3787197,120.90909077,1075.00537109375
1078,,24.3787197,120.90909077,1075.00537109375
1079,0.13_9.40_-1.46_17.01_-2.13_5.26_20.75_-28.00_-26.75_0.2096_0.2302_-0.6172_-0.7225end0.04_9.40_-1.43_17.01_-2.13_5.26_20.75_-28.00_-26.75_0.2095_0.2302_-0.6166_-0.7231end-0.14_9.44_-1.19_17.79_-1.79_7.39_20.75_-28.00_-26.75_0.2095_0.2302_-0.6166_-0.7231end-0.14_9.44_-1.19_17.79_-1.79_7.39_20.75_-28.00_-26.75_0.2094_0.2301_-0.6154_-0.7242end-0.19_9.38_-1.09_17.79_-1.79_7.39_20.75_-28.00_-26.75_0.2089_0.2299_-0.6142_-0.7255end-0.09_9.38_-1.07_17.79_-1.79_7.39_20.75_-28.00_-26.75_0.2089_0.2299_-0.6142_-0.7255end0.06_9.38_-1.00_17.46_-8.84_7.83_20.75_-28.00_-26.75_0.2089_0.2299_-0.6142_-0.7255end0.16_9.38_-0.95_17.68_-8.95_8.06_19.62_-27.69_-25.94_0.2089_0,24.3787197,120.90909077,1075.00537109375
1080,.2299_-0.6142_-0.7255end0.20_9.37_-0.90_17.90_-8.84_8.50_19.62_-27.69_-25.94_0.2074_0.2288_-0.6113_-0.7287end0.18_9.39_-0.88_17.90_-8.84_8.50_19.62_-27.69_-25.94_0.2071_0.2285_-0.6107_-0.7294end,24.3787197,120.90909077,1075.00537109375
1081,,24.3787197,120.90909077,1075.00537109375
1082,0.11_9.36_-0.80_17.90_-8.84_8.50_19.62_-27.69_-25.94_0.2071_0.2285_-0.6107_-0.7294end0.11_9.36_-0.80_18.69_-7.50_9.18_19.62_-27.69_-25.94_0.2065_0.2282_-0.6094_-0.7307end0.11_9.36_-0.80_18.69_-7.50_9.18_20.00_-28.69_-26.37_0.2062_0.2280_-0.6088_-0.7314end0.11_9.36_-0.80_18.91_-7.50_9.74_19.62_-28.25_-23.75_0.2059_0.2279_-0.6081_-0.7321end0.11_9.36_-0.80_18.91_-7.50_9.74_19.62_-28.25_-23.75_0.2059_0.2279_-0.6081_-0.7321end0.11_9.36_-0.80_18.69_-7.39_9.74_19.62_-28.25_-23.75_0.2049_0.2274_-0.6062_-0.7341end0.11_9.36_-0.80_18.69_-7.39_9.74_18.56_-28.38_-25.50_0.2042_0.2269_-0.6049_-0.7355end0.50_9.27_-1.26_18.69_-7.39_9.74_18.56_-28.38_-25.50_0.2042_0.226,24.3787197,120.90909077,1075.00537109375
1083,9_-0.6049_-0.7355end0.55_9.29_-1.29_18.69_-7.39_9.74_18.56_-28.38_-25.50_0.2039_0.2267_-0.6042_-0.7362end0.55_9.29_-1.29_18.69_-7.39_9.74_18.56_-28.38_-25.50_0.2031_0.2262_-0.6028_-0.7377end,24.3787197,120.90909077,1075.00537109375
1084,,24.3787197,120.90909077,1075.00537109375
1085,,24.3787197,120.90909077,1075.00537109375
1086,0.55_9.29_-1.29_18.69_-7.39_9.74_18.56_-28.38_-25.50_0.2023_0.2258_-0.6014_-0.7392end0.72_9.27_-1.17_18.69_-7.39_9.74_18.56_-28.38_-25.50_0.2023_0.2258_-0.6014_-0.7392end0.78_9.23_-1.30_18.69_-7.39_9.74_18.56_-28.38_-25.50_0.2014_0.2252_-0.5992_-0.7413end1.06_9.21_-1.36_18.69_-7.39_9.74_18.56_-28.38_-25.50_0.2011_0.2251_-0.5985_-0.7421end1.19_9.25_-1.39_18.69_-7.39_9.74_18.56_-28.38_-25.50_0.2011_0.2251_-0.5985_-0.7421end1.21_9.21_-1.38_21.37_-1.23_9.85_18.56_-28.38_-25.50_0.2011_0.2251_-0.5985_-0.7421end1.21_9.21_-1.38_21.37_-1.23_9.85_18.25_-28.69_-25.06_0.2007_0.2253_-0.5953_-0.7447end1.10_9.18_-1.34_21.37_-1.23_9.85_18.25_-28.69_-25.06_0.2007_0.2253_-0.5953_-0.7447end1.04_9.19_-1.39_21.37_-1.23_9.85_18.25_-28.69_-25.06_0.2007_0.2256_-0.5936_-0.7459end0.95_9.20_-1.41_22.38_8.17_9.74_18.25_-28.69_-25.06_0.2007_0.2256_-0.5936_-0.7459end,24.3787197,120.90909077,1075.00537109375
1087,,24.3787197,120.90909077,1075.00537109375
1088,,24.3787197,120.90909077,1075.00537109375
1089,,24.3787197,120.90909077,1075.00537109375
1090,,24.3787197,120.90909077,1075.00537109375
1091,0.96_9.19_-1.50_22.38_8.17_9.74_17.87_-29.69_-22.87_0.2007_0.2256_-0.5936_-0.7459end0.96_9.19_-1.50_22.38_8.17_9.74_18.87_-29.75_-25.50_0.2012_0.2268_-0.5909_-0.7476end0.96_9.19_-1.50_22.38_8.17_9.74_18.87_-29.75_-25.50_0.2015_0.2272_-0.5899_-0.7482end0.79_9.19_-1.63_22.38_8.17_9.74_18.87_-29.75_-25.50_0.2015_0.2272_-0.5899_-0.7482end0.79_9.19_-1.63_22.38_8.17_9.74_18.87_-29.75_-25.50_0.2020_0.2283_-0.5872_-0.7499end0.79_9.19_-1.63_22.38_8.17_9.74_18.87_-29.75_-25.50_0.2020_0.2283_-0.5872_-0.7499end0.71_9.13_-1.63_23.28_8.28_10.07_18.87_-29.75_-25.50_0.2020_0.2283_-0.5872_-0.7499end0.70_9.15_-1.59_23.28_8.28_10.07_18.87_-29.75_-25.50_0.2027_0.2298_-0.5825_-0.7529end0.65_9.16_-1.51_23.28_8.28_10.07_18.87_-29.75_-25.50_0.2027_0.2298_-0.5825_-0.7529end0.61_9.11_-1.49_23.28_8.28_10.07_18.87_-29.75_-25.50_0.2028_0.2300_-0.5815_-0.7535end0.61_9.11_-1.49_23.28_8.28_10.07_18.19_-29.69_-23.75_0.2028_0.2303_-0.5797_-0.7549end0.61_9.11_-1.49_23.28_8.28_10.07_18.19_-29.69_-23.75_0.2027_0.2305_-0.5778_-0.7562end0.73_9.06_-1.63_23.28_8.28_10.07_18.19_-29.69_-23.75_0.2026_0.2306_-0.5769_-0.7569end0.76_9.07_-1.73_23.28_8.28_10.07_18.19_-29.69_-23.75_0.2026_0.2306_-0.5769_-0.7569end0.76_9.07_-1.73_23.28_8.28_10.07_18.19_-29.69_-23.75_0.2024_0.2308_-0.5742_-0.7590end0.93_9.07_-1.91_23.28_8.28_10.07_18.19_-29.69_-23.75_0.2024_0.2308_-0.5742_-0.7590end0.87_9.02_-2.02_23.28_8.28_10.07_18.19_-29.69_-23.75_0.2024_0.2308_-0.5742_-0.7590end0.93_9.02_-2.21_23.28_8.28_10.07_18.19_-29.69_-23.75_0.2024_0.2308_-0.5742_-0.7590end0.93_9.02_-2.21_25.51_1.01_11.41_18.19_-29.69_-23.75_0.2020_0.2311_-0.5704_-0.7619end0.93_9.02_-2.21_25.51_1.01_11.41_18.19_-29.69_-23.75_0.2019_0.2313_-0.5684_-0.7633end,24.3787197,120.90909077,1075.00537109375
1092,,24.3787197,120.90909077,1075.00537109375
1093,0.84_9.02_-2.27_25.51_1.01_11.41_18.19_-29.69_-23.75_0.2018_0.2313_-0.5674_-0.7641end0.73_9.00_-2.40_25.51_1.01_11.41_18.19_-29.69_-23.75_0.2018_0.2313_-0.5674_-0.7641end0.73_9.00_-2.40_25.51_1.01_11.41_18.19_-29.69_-23.75_0.2014_0.2313_-0.5646_-0.7663end0.57_8.96_-2.39_25.51_1.01_11.41_18.19_-31.12_-23.38_0.2011_0.2312_-0.5636_-0.7672end0.48_8.95_-2.46_25.51_1.01_11.41_18.19_-31.12_-23.38_0.2011_0.2312_-0.5636_-0.7672end0.42_8.98_-2.45_25.51_1.01_11.41_18.19_-31.12_-23.38_0.2011_0.2312_-0.5636_-0.7672end0.38_8.90_-2.50_24.95_-20.93_12.65_18.19_-31.12_-23.38_0.2011_0.2312_-0.5636_-0.7672end0.37_8.87_-2.51_24.40_-30.55_12.87_18.19_-31.12_-23.38_0.2011_0.2312_-0.5636_-0.7672end0.37_8.87_-2.51_24.28_-40.17_12.76_18.19_-31.12_-23.38_0.1971_0.2275_-0.5589_-0.7727end0.37_8.87_-2.51_24.28_-40.17_12.76_16.44_-31.87_-22.94_0.1960_0.2263_-0.5582_-0.7738end,24.3787197,120.90909077,1075.00537109375
1094,,24.3787197,120.90909077,1075.00537109375
1095,,24.3787197,120.90909077,1075.00537109375
1096,0.68_8.90_-2.41_24.28_-40.17_12.76_16.44_-31.87_-22.94_0.1948_0.2249_-0.5577_-0.7749end0.68_8.90_-2.41_24.28_-40.17_12.76_16.44_-31.87_-22.94_0.1902_0.2197_-0.5562_-0.7786end1.44_8.86_-2.41_24.28_-40.17_12.76_16.44_-31.87_-22.94_0.1884_0.2175_-0.5558_-0.7799end1.89_8.64_-2.66_24.28_-40.17_12.76_16.44_-31.87_-22.94_0.1864_0.2150_-0.5555_-0.7813end2.51_8.85_-2.64_24.28_-40.17_12.76_16.44_-31.87_-22.94_0.1864_0.2150_-0.5555_-0.7813end2.51_8.85_-2.64_24.28_-40.17_12.76_16.00_-33.25_-22.50_0.1826_0.2101_-0.5549_-0.7840end2.51_8.85_-2.64_24.28_-40.17_12.76_16.00_-33.25_-22.50_0.1810_0.2079_-0.5545_-0.7852end3.73_8.89_-3.14_24.28_-40.17_12.76_14.94_-33.25_-19,24.3787197,120.90909077,1075.00537109375
1097,.87_0.1810_0.2079_-0.5545_-0.7852end4.03_8.90_-3.23_24.28_-40.17_12.76_14.94_-33.25_-19.87_0.1810_0.2079_-0.5545_-0.7852end4.03_8.90_-3.23_26.19_-25.40_8.39_14.94_-33.25_-19.87_0.1810_0.2079_-0.5545_-0.7852end,24.3787197,120.90909077,1075.00537109375
1098,,24.3787197,120.90909077,1075.00537109375
1099,4.03_8.90_-3.23_26.19_-25.40_8.39_16.06_-31.81_-21.62_0.1769_0.2023_-0.5509_-0.7901end4.03_8.90_-3.23_26.19_-25.40_8.39_16.06_-31.81_-21.62_0.1774_0.2027_-0.5488_-0.7913end3.27_8.79_-4.56_26.19_-25.40_8.39_16.06_-31.81_-21.62_0.1774_0.2027_-0.5488_-0.7913end3.18_8.79_-4.57_25.96_33.24_3.47_16.06_-31.81_-21.62_0.1774_0.2027_-0.5488_-0.7913end3.01_8.68_-5.16_25.96_33.24_3.47_16.06_-31.81_-21.62_0.1798_0.2054_-0.5453_-0.7925end3.01_8.68_-5.16_25.40_36.48_2.80_16.75_-32.88_-22.13_0.1798_0.2054_-0.5453_-0.7925end3.01_8.68_-5.16_25.40_36.48_2.80_15.69_-32.94_-22.13_0.1837_0.2098_-0.5405_-0.7938end1.95_8.89_-5.43_25.40_36.48_2.80_15.69_-32.94_-22.13_0.1837_0.2098_-0.5405_-0.7938end1.95_8.89_-5.43_25.40_36.48_2.80_15.69_-32.94_-22.13_0.1849_0.2112_-0.5392_-0.7940end1.79_8.82_-5.19_25.40_36.48_2.80_15.69_-32.94_-22.13_0.1849_0.2112_-0.5392_-0.7940end,24.3787197,120.90909077,1075.00537109375
1100,,24.3787197,120.90909077,1075.00537109375
1101,1.79_8.82_-5.19_25.40_36.48_2.80_15.69_-32.94_-22.13_0.1896_0.2167_-0.5344_-0.7947end1.28_8.82_-4.48_25.40_36.48_2.80_15.69_-32.94_-22.13_0.1907_0.2178_-0.5331_-0.7949end1.04_8.81_-4.53_25.40_36.48_2.80_15.69_-32.94_-22.13_0.1907_0.2178_-0.5331_-0.7949end1.10_8.76_-5.12_25.40_36.48_2.80_16.37_-34.56_-19.50_0.1933_0.2210_-0.5301_,24.3787197,120.90909077,1075.00537109375
1102,-0.7955end0.79_8.95_-4.21_25.40_36.48_2.80_16.37_-34.25_-19.50_0.1941_0.2217_-0.5290_-0.7958end0.75_8.80_-5.08_25.40_36.48_2.80_16.37_-34.25_-19.50_0.1941_0.2217_-0.5290_-0.7958end1.18_8.96_-5.72_25.40_36.48_2.80_16.37_-34.25_-19.50_0.1953_0.2233_-0.5273_-0.7962end0.77_8.66_-5.57_18.80_20.14_3.25_16.37_-34.25_-19.50_0.1953_0.2233_-0.5273_-0.7962end0.67_8.99_-4.70_18.58_17.01_3.25_16.37_-34.25_-19.50_0.1967_0.2249_-0.5248_-0.7971end0.83_8.90_-5.28_17.35_11.08_4.14_16.37_-34.25_-19.50_0.1970_0.2253_-0.5240_-0.7974end,24.3787197,120.90909077,1075.00537109375
1103,,24.3787197,120.90909077,1075.00537109375
1104,0.71_8.79_-4.82_17.35_11.08_4.14_16.37_-34.25_-19.50_0.1973_0.2256_-0.5233_-0.7977end0.76_8.91_-4.79_17.35_11.08_4.14_16.37_-34.25_-19.06_0.1973_0.2256_-0.5233_-0.7977end0.76_8.91_-4.79_17.35_11.08_4.14_17.75_-35.94_-19.56_0.1976_0.2259_-0.5220_-0.7984end0.76_8.91_-4.79_14.88_0.34_4.48_17.75_-35.94_-19.56_0.1976_0.2259_-0.5220_-,24.3787197,120.90909077,1075.00537109375
1105,,24.3787197,120.90909077,1075.00537109375
1106,0.7984end0.76_8.91_-4.79_14.88_0.34_4.48_17.75_-35.94_-19.56_0.1975_0.2258_-0.5209_-0.7991end0.71_8.85_-5.09_14.88_0.34_4.48_17.75_-35.94_-19.56_0.1975_0.2258_-0.5209_-0.7991end0.71_8.85_-5.09_14.88_0.34_4.48_17.75_-35.94_-19.56_0.1975_0.2258_-0.5209_-0.7991end0.80_8.78_-5.39_14.88_0.34_4.48_17.75_-35.94_-19.56_0.1969_0.2252_-0.5195_-0.8004end0.80_8.78_-5.39_9.74_-12.87_4.59_17.75_-35.94_-19.56_0.1959_0.2239_-0.5185_-0.8016end0.80_8.78_-5.39_9.74_-12.87_4.59_17.75_-35.94_-19.56_0.1951_0.2231_-0.5179_-0.8024end1.95_8.79_-5.79_9.74_-12.87_4.59_17.75_-35.94_-19.56_0.1951_0.2231_-0.5179_-0.8024end2.14_8.75_-6.20_9.74_-12.87_4.59_17.75_-35.94_-19.56_0.1947_0.2227_-0.5173_-0.8031end2.20_8.80_-6.24_7.50_3.92_4.59_17.75_-35.94_-19.56_0.1947_0.2227_-0.5173_-0.8031end2.20_8.80_-6.24_5.93_15.67_4.92_17.75_-35.94_-19.56_0.1948_0.2230_-0.5165_-0.,24.3787197,120.90909077,1075.00537109375
1107,,24.3787197,120.90909077,1075.00537109375
1108,,24.3787197,120.90909077,1075.00537109375
1109,,24.3787197,120.90909077,1075.00537109375
1110,8035end2.20_8.80_-6.24_5.93_15.67_4.92_17.75_-35.94_-19.56_0.1953_0.2241_-0.5157_-0.8036end1.82_8.79_-6.10_5.93_15.67_4.92_17.75_-35.94_-19.56_0.1956_0.2249_-0.5153_-0.8036end1.82_8.79_-6.10_4.48_20.48_5.48_17.75_-35.94_-19.56_0.1956_0.2249_-0.5153_-0.8036end1.68_8.74_-6.05_4.48_20.48_5.48_17.75_-35.94_-19.56_0.1956_0.2249_-0.5153_-0.8036end1.68_8.74_-6.05_4.48_20.48_5.48_14.50_-34.25_-17.31_0.1965_0.2272_-0.5140_-0.8034end1.68_8.74_-6.05_4.48_20.48_5.48_14.50_-34.25_-17.31_0.1971_0.2286_-0.5134_-0.8033end2.18_8.57_-4.46_4.48_20.48_5.48_14.50_-34.25_-17.31_0.1971_0.2286_-0.5134_-0.8033end2.18_8.57_-4.46_0.67_-5.93_4.25_14.50_-34.25_-17.31_0.1971_0.2286_-0.5134_-0.8033end2.24_8.66_-4.15_-1.12_-35.47_4.70_14.50_-34.25_-17.31_0.1971_0.2286_-0.5134_-0.8033end2.50_8.73_-4.48_-1.12_-35.47_4.70_14.50_-34.25_-17.31_0.1949_0.2266_-0.5134_,24.3787197,120.90909077,1075.00537109375
1111,-0.8044end2.50_8.73_-4.48_-1.12_-35.47_4.70_14.50_-34.25_-17.31_0.1949_0.2266_-0.5134_-0.8044end2.87_8.74_-4.45_-1.12_-35.47_4.70_16.00_-35.25_-18.62_0.1949_0.2266_-0.5134_-0.8044end2.87_8.74_-4.45_-1.34_10.74_1.01_16.00_-35.25_-18.62_0.1934_0.2249_-0.5139_-0.8049end2.87_8.74_-4.45_-1.34_10.74_1.01_16.00_-35.25_-18.62_0.1938_0.2256_-0.5137_-0.8048end3.14_8.79_-3.97_-1.12_15.00_1.12_16.00_-35.25_-18.62_0.1941_0.2262_-0.5135_-0.8047end2.94_8.79_-4.13_-1.12_15.00_1.12_16.00_-35.25_-18.62_0.1941_0.2262_-0.5135_-0.8047end,24.3787197,120.90909077,1075.00537109375
1112,2.52_8.72_-3.50_-1.12_15.00_1.12_16.00_-35.25_-18.62_0.1941_0.2262_-0.5135_-0.8047end2.52_8.72_-3.50_-1.12_15.00_1.12_17.06_-35.94_-18.25_0.1942_0.2267_-0.5133_-0.8046end2.52_8.72_-3.50_-1.12_15.00_1.12_17.06_-35.94_-18.25_0.1938_0.2263_-0.5133_-0.8048end2.36_8.83_-3.37_-1.12_15.00_1.12_15.25_-34.94_-18.62_0.1939_0.2263_-0.5133_,24.3787197,120.90909077,1075.00537109375
1113,-0.8048end2.71_8.79_-2.59_-1.12_15.00_1.12_15.25_-34.94_-18.62_0.1939_0.2263_-0.5133_-0.8048end2.87_8.79_-2.56_-0.34_10.30_-1.90_15.25_-34.94_-18.62_0.1939_0.2263_-0.5133_-0.8048end2.80_8.78_-2.50_-0.67_8.62_-1.90_15.25_-34.94_-18.62_0.1939_0.2263_-0.5133_-0.8048end2.62_8.73_-2.52_0.56_8.28_-0.90_17.06_-35.19_-17.75_0.1939_0.2263_-0.5133_-0.8048end2.62_8.73_-2.52_0.56_8.28_-0.90_17.06_-35.19_-17.75_0.1954_0.2278_-0.5126_-0.8045end2.12_8.79_-2.20_0.56_8.28_-0.90_17.06_-35.19_-17.75_0.1954_0.2278_-0.5126_-0.8045end,24.3787197,120.90909077,1075.00537109375
1114,,24.3787197,120.90909077,1075.00537109375
1115,2.12_8.82_-1.87_2.57_17.35_-4.14_16.31_-34.88_-18.12_0.1954_0.2278_-0.5126_-0.8045end2.16_8.83_-1.77_3.25_17.12_-4.36_16.31_-34.88_-18.12_0.1967_0.2290_-0.5119_-0.8043end2.16_8.83_-1.77_3.25_17.12_-4.36_16.31_-34.88_-18.12_0.1978_0.2299_-0.5114_-0.8041end2.22_8.77_-1.86_3.25_17.12_-4.36_16.31_-34.88_-18.12_0.1982_0.2303_-0.5110_-0.8040end2.17_8.78_-1.90_3.69_13.76_-3.58_16.31_-34.88_-18.12_0.1982_0.2303_-0.5110_-0.8040end2.17_8.78_-1.90_3.69_13.76_-3.58_16.31_-34.88_-18.12_0.1997_0.2314_-0.5102_-0.8039end1.78_8.79_-2.27_3.69_13.76_-3.58_17.06_-34.88_-17.31_0.2002_0.2318_-0.5098_-0.8039end1.72_8.77_-1.55_3.69_13.76_-3.58_17.06_-34.88_-17.31_0.2007_0.2322_-0.5095_-0.8038end1.70_8.78_-1.91_3.69_13.76_-3.58_17.06_-34.88_-17.31_0.2007_0.2322_-0.5095_-0.8038end1.73_8.70_-1.63_7.05_11.53_-5.04_17.06_-34.88_-17.31_0.2007_0.2322_-0.5095_-0.8038end,24.3787197,120.90909077,1075.00537109375
1116,,24.3787197,120.90909077,1075.00537109375
1117,1.51_8.78_-1.89_7.05_11.53_-5.04_17.06_-34.88_-17.31_0.2022_0.2330_-0.5084_-0.8040end1.58_8.79_-1.84_7.05_11.53_-5.04_17.06_-34.88_-17.31_0.2028_0.2328_-0.5078_-0.8043end1.64_8.81_-1.67_7.05_11.53_-5.04_17.06_-34.88_-17.31_0.2030_0.2327_-0.5075_-0.8044end1.32_8.61_-2.21_7.05_11.53_-5.04_17.06_-34.88_-17.31_0.2030_0.2327_-0.5075_-0.8044end1.65_8.77_-1.93_7.05_11.53_-5.04_17.06_-34.88_-17.31_0.2030_0.2327_-0.5075_-0.8044end1.65_8.77_-1.93_7.05_11.53_-5.04_17.06_-34.88_-17.31_0.2036_0.2318_-0.5066_-0.8051end1.89_8.69_-2.29_7.05_11.53_-5.04_17.06_-34.88_-17.31_0.2036_0.2318_-0.5066_-0.8051end1.73_8.64_-2.48_11.41_-10.85_-5.60_17.06_-34.88_-17.31_0.2036_0.2318_-0.5066_-0.8051end1.72_8.67_-2.27_12.53_-7.50_-6.04_17.06_-34.88_-17.31_0.2036_0.2318_-0.5066_-0.8051end1.72_8.67_-2.27_12.53_-7.50_-6.04_17.06_-34.88_-17.31_0.2043_0.2289_-0.5045_-0.8070end,24.3787197,120.90909077,1075.00537109375
1118,,24.3787197,120.90909077,1075.00537109375
1119,,24.3787197,120.90909077,1075.00537109375
1120,1.39_8.56_-2.47_12.53_-7.50_-6.04_16.31_-34.88_-17.31_0.2045_0.2285_-0.5042_-0.8074end1.39_8.56_-2.47_14.44_-0.78_-4.59_16.31_-34.88_-17.31_0.2047_0.2282_-0.5037_-0.8077end1.39_8.56_-2.47_14.44_-0.78_-4.59_17.44_-35.19_-16.87_0.2047_0.2282_-0.5037_-0.8077end1.39_8.56_-2.47_14.44_-0.78_-4.59_17.44_-35.56_-16.87_0.2047_0.2282_-0.5037_-0.8077end1.39_8.56_-2.47_14.44_-0.78_-4.59_17.44_-35.56_-16.87_0.2047_0.2282_-0.5037_-0.8077end0.93_8.70_-2.16_14.44_-0.78_-4.59_17.06_-36.25_-17.81_0.2047_0.2282_-0.5037_-0.8077end0.72_8.64_-2.70_14.44_-0.78_-4.59_17.06_-36.25_-17.81_0.2047_0.2282_-0.5037_-0.8077end0.72_8.64_-2.61_17.23_-7.16_-3.36_17.06_-36.25_-17.81_0.2047_0.2282_-0.5037_-0.8077end0.72_8.64_-2.61_17.23_-7.16_-3.36_16.31_-37.00_-16.94_0.2076_0.2264_-0.4985_-0.8106end0.75_8.63_-2.64_17.68_-9.18_-3.80_16.31_-37.00_-16.94_0.2079_0.2253_-0.4974_-0.8115end,24.3787197,120.90909077,1075.00537109375
1121,,24.3787197,120.90909077,1075.00537109375
1122,0.85_8.58_-2.74_17.68_-9.18_-3.80_16.31_-37.00_-16.94_0.2080_0.2249_-0.4968_-0.8120end0.94_8.55_-2.76_17.68_-9.18_-3.80_17.06_-34.88_-16.87_0.2080_0.2249_-0.4968_-0.8120end0.94_8.57_-2.80_17.68_-9.18_-3.80_16.31_-35.94_-17.37_0.2080_0.2249_-0.4968_-0.8120end0.94_8.57_-2.80_20.25_-12.20_-1.68_16.31_-35.94_-17.37_0.2082_0.2230_-0.4951_-0.8135end0.94_8.57_-2.80_20.25_-12.20_-1.68_16.31_-35.94_-17.37_0.2082_0.2217_-0.4939_-0.8146end0.74_8.49_-2.89_21.04_-11.97_-2.13_16.31_-35.94_-17.37_0.2082_0.2211_-0.4933_-0.8151end0.73_8.49_-2.87_21.04_-11.97_-2.13_16.31_-35.94_-17.37_0.2082_0.2211_-0.4933_-0.8151end0.76_8.41_-2.96_21.04_-11.97_-2.13_16.31_-35.94_-17.37_0.2082_0.2198_-0.4920_-0.8162end0.76_8.41_-2.96_21.60_-12.09_-1.90_16.31_-35.94_-17.37_0.2082_0.2198_-0.4920_-0.8162end0.86_8.36_-3.23_21.60_-12.09_-1.90_16.31_-35.94_-17.37_0.2083_0.2185_-0.4907_-0.8174end,24.3787197,120.90909077,1075.00537109375
1123,,24.3787197,120.90909077,1075.00537109375
1124,,24.3787197,120.90909077,1075.00537109375
1125,,24.3787197,120.90909077,1075.00537109375
1126,,24.3787197,120.90909077,1075.00537109375
1127,0.88_8.26_-3.28_21.60_-12.09_-1.90_16.31_-35.94_-17.37_0.2083_0.2173_-0.4894_-0.8185end0.88_8.26_-3.28_22.49_-9.29_-1.23_16.31_-35.94_-17.37_0.2083_0.2173_-0.4894_-0.8185end0.88_8.26_-3.28_22.49_-9.29_-1.23_18.06_-36.25_-16.50_0.2086_0.2158_-0.4872_-0.8201end0.76_8.05_-3.28_22.49_-9.29_-1.23_18.06_-36.25_-16.50_0.2087_0.2155_-0.,24.3787197,120.90909077,1075.00537109375
1128,4864_-0.8206end0.73_7.68_-3.32_22.49_-9.29_-1.23_16.69_-35.94_-17.37_0.2087_0.2155_-0.4864_-0.8206end0.73_7.68_-3.32_22.49_-9.29_-1.23_16.69_-35.94_-17.37_0.2094_0.2145_-0.4838_-0.8222end0.70_8.08_-3.36_22.49_-9.29_-1.23_16.69_-36.63_-15.63_0.2097_0.2143_-0.4829_-0.8228end0.68_9.20_-3.32_22.49_-9.29_-1.23_16.69_-36.63_-15.63_0.2,24.3787197,120.90909077,1075.00537109375
1129,100_0.2142_-0.4819_-0.8233end0.68_9.20_-3.32_26.19_5.48_-0.11_16.69_-36.63_-16.87_0.2100_0.2142_-0.4819_-0.8233end0.68_9.20_-3.32_25.96_7.61_0.11_16.69_-36.63_-16.87_0.2107_0.2141_-0.4800_-0.8243end0.63_8.78_-3.25_25.96_7.61_0.11_16.69_-36.63_-16.87_0.2111_0.2142_-0.4789_-0.8247end0.63_8.78_-3.25_25.07_7.61_0.78_16.69_-36.63_-16.87_0.2119_0.2144_-0.4770_-0.8256end0.70_8.31_-3.94_25.07_7.61_0.78_16.69_-36.63_-16.87_0.2122_0.2145_-0.4760_-0.8260end0.70_8.31_-3.94_26.07_6.94_1.57_16.69_-36.63_-16.87_0.2126_0.2145_-0.4750_-0.8265end0.70_8.31_-3.94_27.08_4.70_1.68_16.62_-36.94_-15.63_0.2130_0.2146_-0.4741_-0.8270end0.63_8.20_-4.33_27.08_4.70_1.68_16.62_-36.94_-15.63_0.2134_0.2145_-0.4720_-0.8280end0.69_8.24_-4.19_27.08_4.70_1.68_16.62_-36.94_-15.63_0.2136_0.2142_-0.4711_-0.8286end0.69_8.24_-4.19_27.08_4.70_1.68_16.62_-36.94_-15.63_0.2137_0.2139_-0.4702_-0.8292end0.95_8.15_-4.41_27.08_4.70_1.68_16.62_-36.94_-15.63_0.2137_0.2134_-0.4692_-0.8298end1.21_8.13_-4.73_27.08_4.70_1.68_16.62_-36.94_-14.75_0.2137_0.2134_-0.4692_-0.8298end,24.3787197,120.90909077,1075.00537109375
1130,1.46_8.13_-4.86_25.85_-19.81_2.46_16.62_-36.94_-14.75_0.2137_0.2134_-0.4692_-0.8298end1.81_8.11_-5.09_25.63_-20.93_2.24_16.62_-36.94_-14.75_0.2137_0.2134_-0.4692_-0.8298end1.81_8.11_-5.09_25.63_-20.93_2.24_15.56_-37.63_-13.88_0.2127_0.2094_-0.4653_-0.8333end1.81_8.11_-5.09_25.74_-20.37_1.79_15.56_-37.63_-13.88_0.2127_0.2094_-0.4653_-0.8333end1.81_8.11_-5.09_25.74_-20.37_1.79_15.56_-37.63_-13.88_0.2123_0.2075_-0.4638_-0.8347end2.42_8.11_-5.56_25.74_-20.37_1.79_15.56_-37.63_-13.88_0.2123_0.2075_-0.4638_-0.8347end2.25_8.03_-5.40_25.74_-20.37_1.79_17.75_-37.63_-14.38_0.2123_0.2075_-0.4638_-0.8347end2.32_7.98_-5.26_25.74_-20.37_1.79_17.75_-37.63_-14.38_0.2117_0.2039_-0.4598_-0.8380end2.05_7.97_-5.02_25.74_-20.37_1.79_17.75_-37.63_-14.38_0.2117_0.2039_-0.4598_-0.8380end2.20_8.02_-5.26_25.74_-20.37_1.79_16.62_-37.63_-13.44_0.2117_0.2039_-0.4598_-0.8380end,24.3787197,120.90909077,1075.00537109375
1131,,24.3787197,120.90909077,1075.00537109375
1132,1.85_7.98_-5.36_25.74_-20.37_1.79_16.62_-37.63_-13.44_0.2122_0.2022_-0.4564_-0.8401end1.89_8.02_-5.58_25.74_-20.37_1.79_16.62_-37.63_-13.44_0.2122_0.2017_-0.4555_-0.8407end1.73_8.01_-5.61_25.74_-20.37_1.79_16.62_-37.63_-13.44_0.2122_0.2011_-0.4547_-0.8413end1.73_8.01_-5.61_25.74_-20.37_1.79_16.62_-37.63_-13.44_0.2123_0.2006_-0.4539_-0.8419end1.73_8.01_-5.61_25.74_-20.37_1.79_16.62_-37.25_-12.13_0.2123_0.1992_-0.4523_-0.8430end1.73_7.94_-5.70_25.74_-20.37_1.79_16.62_-37.25_-12.13_0.2123_0.1984_-0.4516_-0.8436end1.76_7.96_-5.77_25.74_-20.37_1.79_16.62_-37.25_-12.13_0.2123_0.1984_-0.4516_-0.8436end1.75_7.87_-6.04_25.74_-20.37_1.79_16.62_-37.25_-12.13_0.2123_0.1984_-0.4516_-0.8436end1.75_7.87_-6.04_25.74_-20.37_1.79_17.00_-37.63_-13.00_0.2120_0.1956_-0.4496_-0.8454end1.79_7.87_-6.31_23.28_-20.93_-1.57_17.00_-37.63_-13.00_0.2120_0.1956_-0.4496_-0.8454end,24.3787197,120.90909077,1075.00537109375
1133,,24.3787197,120.90909077,1075.00537109375
1134,1.79_7.87_-6.31_23.28_-20.93_-1.57_17.00_-37.63_-13.00_0.2117_0.1935_-0.4484_-0.8466end1.66_8.00_-6.52_23.28_-20.93_-1.57_17.00_-37.63_-13.00_0.2117_0.1935_-0.4484_-0.8466end1.56_7.96_-6.54_23.28_-20.93_-1.57_16.25_-37.63_-13.00_0.2117_0.1935_-0.4484_-0.8466end1.56_7.96_-6.54_20.81_-22.83_-2.80_16.25_-37.63_-13.00_0.2111_0.1895_-0.4460_-0.8489end1.19_7.94_-6.61_20.81_-22.83_-2.80_16.25_-37.63_-13.00_0.2111_0.1895_-0.4460_-0.8489end1.19_7.94_-6.61_20.81_-22.83_-2.80_16.25_-37.63_-13.44_0.2111_0.1895_-0.4460_-0.8489end1.00_7.90_-6.64_20.81_-22.83_-2.80_16.25_-37.63_-13.44_0.2106_0.1862_-0.4444_-0.8506end1.00_7.90_-6.64_20.81_-22.83_-2.80_16.25_-37.63_-13.44_0.2100_0.1829_-0.4429_-0.8522end0.75_7.93_-6.46_18.58_-25.74_-2.80_16.25_-37.63_-13.44_0.2100_0.1829_-0.4429_-0.8522end0.69_7.90_-6.44_18.58_-25.74_-2.80_16.25_-37.63_-13.44_0.2100_0.1829_-0.4429_-0.8522end,24.3787197,120.90909077,1075.00537109375
1135,,24.3787197,120.90909077,1075.00537109375
1136,,24.3787197,120.90909077,1075.00537109375
1137,,24.3787197,120.90909077,1075.00537109375
1138,0.58_7.89_-6.34_18.58_-25.74_-2.80_16.25_-37.63_-13.44_0.2087_0.1777_-0.4413_-0.8544end0.37_7.83_-6.36_18.58_-25.74_-2.80_16.25_-37.63_-13.44_0.2083_0.1762_-0.4410_-0.8550end0.27_7.94_-6.32_18.58_-25.74_-2.80_16.25_-37.63_-13.44_0.2083_0.1762_-0.4410_-0.8550end0.16_7.93_-6.28_18.58_-25.74_-2.80_16.25_-37.63_-13.44_0.2072_0.1729_-0.4406_-0.8562end0.16_7.93_-6.28_18.58_-25.74_-2.80_16.25_-37.63_-13.44_0.2059_0.1693_-0.4401_-0.8574end0.14_7.93_-5.86_18.58_-25.74_-2.80_16.25_-37.63_-13.44_0.2059_0.1693_-0.4401_-0.8574end0.09_7.89_-5.87_18.58_-25.74_-2.80_16.25_-37.63_-13.44_0.2044_0.1653_-0.4398_-0.8588end0.13_7.80_-5.91_15.11_-50.58_-1.57_16.25_-37.63_-13,24.3787197,120.90909077,1075.00537109375
1139,.44_0.2044_0.1653_-0.4398_-0.8588end0.13_7.80_-5.91_14.88_-49.80_-0.90_16.25_-37.63_-13.44_0.2044_0.1653_-0.4398_-0.8588end0.24_7.85_-5.86_14.88_-49.80_-0.90_15.88_-38.31_-11.69_0.2044_0.1653_-0.4398_-0.8588end0.26_7.92_-5.95_14.88_-49.80_-0.90_15.88_-38.31_-11.69_0.2013_0.1572_-0.4393_-0.8613end0.26_7.92_-5.95_14.44_-44.65_-0.67_15.19_-37.63_-12.13_0.2013_0.1572_-0.4393_-0.8613end0.26_7.92_-5.95_14.44_-42.64_-0.90_15.19_-37.63_-12.13_0.2013_0.1572_-0.4393_-0.8613end0.26_7.92_-5.95_14.44_-42.64_-0.90_15.19_-37.63_-12.13_0.1991_0.1516_,24.3787197,120.90909077,1075.00537109375
1140,-0.4388_-0.8630end0.26_7.92_-5.95_13.99_-40.29_-0.67_15.19_-37.63_-12.13_0.1973_0.1469_-0.4382_-0.8646end0.32_7.87_-6.56_13.99_-40.29_-0.67_14.06_-38.69_-12.13_0.1973_0.1469_-0.4382_-0.8646end0.32_7.87_-6.56_13.76_-24.28_-0.11_14.06_-38.69_-12.13_0.1968_0.1455_-0.4379_-0.8651end0.11_7.88_-6.91_13.76_-24.28_-0.11_14.06_-38.69_-12.13_0.1965_0.1444_-0.4376_-0.8655end0.11_7.88_-6.91_13.76_-24.28_-0.11_14.06_-38.69_-12.13_0.1957_0.1418_-0.4365_-0.8666end-0.20_7.86_-6.95_13.76_-24.28_-0.11_14.06_-38.69_-12.13_0.1955_0.1411_-0.4361_-0.8670end,24.3787197,120.90909077,1075.00537109375
1141,-0.32_7.78_-7.04_13.76_-24.28_-0.11_14.81_-38.31_-12.13_0.1955_0.1411_-0.4361_-0.8670end-0.32_7.78_-7.04_12.31_-11.53_1.01_14.81_-38.31_-12.13_0.1955_0.1411_-0.4361_-0.8670end-0.69_7.81_-6.93_12.31_-11.53_1.01_14.81_-38.31_-12.13_0.1955_0.1411_-0.4361_-0.8670end-0.69_7.81_-6.93_11.97_-5.26_1.79_14.81_-38.31_-12.13_0.1955_0.1411_-0.4361_-0.8670end-0.74_7.90_-6.78_11.97_-5.26_1.79_14.81_-38.31_-12.13_0.1955_0.1411_-0.4361_-0.8670end-1.02_7.75_-6.91_11.08_-8.17_2.80_14.81_-38.31_-12.13_0.1955_0.1411_-0.4361_-0.8670end-1.20_8.02_-6.91_10.18_-10.63_3.58_14.81_-38.31_-12.13_0.1955_0.1411_-0.4361_-0.8670end-1.15_8.11_-7.32_10.18_-10.63_3.58_14.81_-38.31_-12.1,24.3787197,120.90909077,1075.00537109375
1142,3_0.1935_0.1365_-0.4320_-0.8702end-1.19_8.14_-7.28_10.18_-10.63_3.58_14.81_-38.31_-12.13_0.1932_0.1360_-0.4318_-0.8705end-1.19_8.14_-7.28_10.18_-10.63_3.58_15.50_-38.69_-11.69_0.1929_0.1356_-0.4315_-0.8707end,24.3787197,120.90909077,1075.00537109375
1143,,24.3787197,120.90909077,1075.00537109375
1144,-1.16_8.89_-8.01_10.18_-10.63_3.58_15.50_-38.69_-11.69_0.1929_0.1356_-0.4315_-0.8707end-1.16_8.89_-8.01_7.16_-9.74_5.71_15.50_-38.69_-11.69_0.1929_0.1356_-0.4315_-0.8707end-1.16_9.24_-8.11_7.16_-9.74_5.71_15.50_-38.69_-11.69_0.1916_0.1341_-0.4304_-0.8718end-1.29_10.45_-7.92_7.16_-9.74_5.71_15.50_-38.69_-11.69_0.1916_0.1341_-0.4304_-0.8718end-1.29_10.45_-7.92_7.16_-9.74_5.71_15.50_-38.69_-11.69_0.1907_0.1335_-0.4299_-0.8723end-1.41_12.17_-8.52_7.16_-9.74_5.71_15.88_-39.75_-12.13_0.1899_0.1331_-0.4295_-0.8728end-1.27_12.49_-8.39_7.16_-9.74_5.71_15.88_-39.75_-12.13_0.1894_0.1329_-0.4294_-0.8730end-1.30_12.59_-8.30_7.16_-9.74_5.71_15.88_-39.75_-12.13_0.189,24.3787197,120.90909077,1075.00537109375
1145,4_0.1329_-0.4294_-0.8730end-1.16_13.07_-7.51_7.16_-9.74_5.71_15.88_-39.75_-12.13_0.1872_0.1313_-0.4294_-0.8737end-1.15_13.18_-8.01_7.16_-9.74_5.71_14.06_-38.69_-12.13_0.1872_0.1313_-0.4294_-0.8737end,24.3787197,120.90909077,1075.00537109375
1146,,24.3787197,120.90909077,1075.00537109375
1147,-0.81_12.89_-7.24_7.16_-9.74_5.71_14.06_-38.69_-12.13_0.1872_0.1313_-0.4294_-0.8737end-0.61_13.05_-7.02_7.16_-9.74_5.71_14.06_-38.69_-12.13_0.1872_0.1313_-0.4294_-0.8737end-0.61_13.05_-7.02_7.16_-9.74_5.71_14.75_-39.00_-10.81_0.1823_0.1267_-0.4308_-0.8748end0.16_13.87_-5.40_7.16_-9.74_5.71_14.75_-39.00_-10.81_0.1808_0.1253_-0.4312_-0.8750end-0.66_13.41_-7.27_7.16_-9.74_5.71_14.06_-38.00_-12.13_0.1808_0.1253_-0.4312_-0.8750end-0.39_14.54_-6.04_-8.28_-37.60_17.35_14.06_-38.00_-12.13_0.1808_0.1253_-0.4312_-0.8750end-0.39_14.54_-6.04_-10.18_-31.56_18.02_14.06_-38.69_-12.13_0.1808_0.1253_-0.4312_-0.8750end-0.39_14.54_-6.04_-10.18_-31.56_18.02_14.06_-38.69_-,24.3787197,120.90909077,1075.00537109375
1148,12.13_0.1737_0.1196_-0.4338_-0.8760end-0.39_14.54_-6.04_-12.42_-28.65_17.68_14.06_-38.69_-12.13_0.1737_0.1196_-0.4338_-0.8760end-0.57_14.09_-6.17_-12.42_-28.65_17.68_14.06_-38.69_-12.13_0.1737_0.1196_-0.4338_-0.8760end,24.3787197,120.90909077,1075.00537109375
1149,-0.57_14.09_-6.17_-19.36_-27.31_17.68_14.06_-38.69_-12.13_0.1686_0.1167_-0.4363_-0.8761end-0.57_14.09_-6.17_-19.36_-27.31_17.68_14.06_-38.69_-12.13_0.1660_0.1155_-0.4380_-0.8759end-0.45_14.34_-6.56_-19.36_-27.31_17.68_14.06_-38.69_-12.13_0.1649_0.1151_-0.4389_-0.8757end-0.62_15.02_-6.68_-19.36_-27.31_17.68_14.06_-38.69_-12.13_0.1649_0.1151_-0.4389_-0.8757end-0.04_15.15_-6.31_-25.51_-16.23_18.69_14.06_-38.69_-12.13_0.1649_0.1151_-0.4389_-0.8757end-0.04_15.15_-6.31_-25.51_-16.23_18.69_14.81_-39.06_-13.00_0.1614_0.1144_-0.4419_-0.8750end-0.67_15.02_-5.93_-25.51_-16.23_18.69_14.81_-39.06_-13.00_0.1602_0.1143_-0.4431_-0.8746end-0.64_14.86_-5.82_-33.80_-28.76_23.72_14.81_-39.06_-13.00_0.1602_0.1143_-0.4431_-0.8746end-0.64_14.86_-5.82_-36.15_-33.57_23.72_14.81_-39.06_-13.00_0.1555_0.1130_-0.4471_-0.8736end-0.64_14.86_-5.82_-36.15_-33.57_23.72_14.81_-39.06_-13.00_0.1522_0.1118_-0.4501_-0.8728end,24.3787197,120.90909077,1075.00537109375
1150,,24.3787197,120.90909077,1075.00537109375
1151,-0.41_13.61_-5.02_-36.15_-33.57_23.72_14.81_-39.06_-13.00_0.1522_0.1118_-0.4501_-0.8728end-0.41_13.61_-5.02_-40.40_-55.28_26.63_14.81_-39.06_-13.00_0.1522_0.1118_-0.4501_-0.8728end2.75_11.80_-2.62_-40.40_-55.28_26.63_14.81_-39.06_-13.00_0.1522_0.1118_-0.4501_-0.8728end2.75_11.80_-2.62_-40.29_17.46_28.31_11.56_-39.88_-15.19_0.152,24.3787197,120.90909077,1075.00537109375
1152,,24.3787197,120.90909077,1075.00537109375
1153,,24.3787197,120.90909077,1075.00537109375
1154,,24.3787197,120.90909077,1075.00537109375
1155,2_0.1118_-0.4501_-0.8728end-1.66_13.14_-3.90_-40.29_17.46_28.31_11.56_-39.88_-15.19_0.1423_0.1113_-0.4597_-0.8695end4.55_10.16_-3.36_-40.29_17.46_28.31_11.56_-39.88_-15.19_0.1423_0.1113_-0.4597_-0.8695end3.68_10.06_-3.13_-40.29_17.46_28.31_11.56_-39.88_-15.19_0.1375_0.1124_-0.4653_-0.8672end7.94_10.36_-4.16_-40.29_17.46_28.31_10.88_-38.81_-16.06_0.1375_0.1124_-0.4653_-0.8672end7.94_10.36_-4.16_-49.57_95.57_32.12_10.88_-38.81_-16.06_0.1375_0.1156_-0.4666_-0.8660end7.94_10.36_-4.16_-49.57_95.57_32.12_10.88_-38.81_-16.06_0.1381_0.1198_-0.4680_-0.8646end7.94_10.36_-4.16_-52.48_140.78_28.20_11.63_-38.13_-16.94_0.1381_0.1198_-0.4680_-0.8646end7.94_10.36_-4.16_-54.05_149.51_27.08_11.63_-38.13_-16.94_0.1381_0.1198_-0.4680_-0.8646end7.94_10.36_-4.16_-54.05_149.51_27.08_11.63_-38.13_-16.94_0.1434_0.1431_-0.4721_-0.8580end3.03_13.25_-5.82_-54.05_149.51_27.08_11.63_-38.13_-16.94_0.1434,24.3787197,120.90909077,1075.00537109375
1156,_0.1431_-0.4721_-0.8580end3.03_13.25_-5.82_-54.05_149.51_27.08_11.63_-38.13_-16.94_0.1398_0.1500_-0.4814_-0.8522end1.41_11.79_-5.19_-54.05_149.51_27.08_11.63_-38.13_-16.94_0.1398_0.1500_-0.4814_-0.8522end1.41_11.79_-5.19_-54.05_149.51_27.08_11.63_-38.13_-16.94_0.1349_0.1454_-0.4850_-0.8517end0.37_11.02_-4.73_-54.05_149.51_27.08_11.63_-38.13_-16.94_0.1349_0.1454_-0.4850_-0.8517end0.62_10.06_-3.42_-54.05_149.51_27.08_11.63_-38.13_-16.94_0.1349_0.1454_-0.4850_-0.8517end1.25_9.15_-3.39_-85.05_-193.37_40.96_9.44_-37.88_-18.69_0.1349_0.1454_-0.4850_-0.8517end1.25_9.15_-3.39_-85.38_-183.86_40.85_9.44_-37.88_-18.69_0.1349_0.1454_-0.4850_-0.8517end1.25_9.15_-3.39_-86.50_-171.66_41.29_9.13_-37.56_-20.44_0.1349_0.1454_-0.4850_-0.8517end1.25_9.15_-3.39_-90.31_-141.11_42.08_9.13_-37.56_-20.44_0.0814_0.0947_-0.5204_-0.8447end2.61_8.31_-3.68_-90.31_-141.11_42.08_7.31_-37.94_-21.69_0.0814_0.0947_-0.5204_-0.8447end2.61_8.31_-3.68_-91.99_-107.54_42.75_7.31_-37.94_-21.69_0.0719_0.0881_-0.5279_-0.8417end2.53_8.25_-5.35_-92.21_-84.82_41.96_7.31_-37.94_-21.69_0.0719_0.0881_-0.5279_-0.8417end2.53_8.25_-5.35_-92.21_-84.82_41.96_7.31_-37.94_-21.69_0.0616_0.0840_-0.5383_-0.8362end2.17_8.43_-4.39_-92.21_-84.82_41.96_7.31_-37.94_-21.69_0.0594_0.0844_-0.5419_-0.8341end2.21_8.77_-3.55_-92.21_-84.82_41.96_7.31_-37.94_-21.69_0.0594_0.0844_-0.5419_-0.8341end1.87_8.86_-3.54_-92.21_-84.82_41.96_7.31_-37.94_-21.69_0.0594_0.0844_-0.5419_-0.8341end,24.3787197,120.90909077,1075.00537109375
1157,,24.3787197,120.90909077,1075.00537109375
1158,,24.3787197,120.90909077,1075.00537109375
1159,1.87_8.86_-3.54_-92.21_-84.82_41.96_7.31_-37.94_-21.69_0.0544_0.0909_-0.5559_-0.8245end1.07_9.00_-3.95_-92.21_-84.82_41.96_7.31_-37.94_-21.69_0.0544_0.0909_-0.5559_-0.8245end0.73_8.79_-3.87_-92.21_-84.82_41.96_7.31_-37.94_-21.69_0.0544_0.0909_-0.5559_-0.8245end0.73_8.79_-3.87_-112.24_50.47_27.75_4.87_-33.88_-26.44_0.0532_0.0987_-0.5670_-0.8160end0.73_8.79_-3.87_-112.24_50.47_27.75_4.87_-33.88_-26.44_0.0527_0.1042_-0.5745_-0.8102end0.40_8.90_-3.44_-112.24_50.47_27.75_7.00_-34.25_-27.75_0.0527_0.1042_-0.5745_-0.8102end0.40_8.90_-3.44_-119.18_33.80_25.85_7.00_-34.25_-27.75_0.0519_0.1090_-0.5823_-0.8040end0.40_8.90_-3.44_-121.64_23.16_25.29_7.00_-34.25_-27,24.3787197,120.90909077,1075.00537109375
1160,.75_0.0519_0.1090_-0.5823_-0.8040end0.40_8.90_-3.44_-124.66_11.97_25.29_7.00_-34.25_-27.75_0.0504_0.1127_-0.5906_-0.7975end-0.13_8.86_-2.73_-124.66_11.97_25.29_7.00_-34.25_-27.75_0.0476_0.1147_-0.5991_-0.7910end,24.3787197,120.90909077,1075.00537109375
1161,,24.3787197,120.90909077,1075.00537109375
1162,0.02_8.49_-2.52_-124.66_11.97_25.29_7.00_-34.25_-27.75_0.0476_0.1147_-0.5991_-0.7910end0.14_7.97_-2.50_-124.66_11.97_25.29_7.00_-34.25_-27.75_0.0476_0.1147_-0.5991_-0.7910end0.14_7.97_-2.50_-136.30_-32.90_23.72_6.00_-31.12_-29.00_0.0476_0.1147_-0.5991_-0.7910end0.43_7.60_-2.14_-136.30_-32.90_23.72_6.00_-31.12_-29.00_0.0372_0.1152_-0.6221_-0.7736end0.57_7.52_-2.02_-136.30_-32.90_23.72_6.00_-31.12_-29.00_0.0351_0.1152_-0.6266_-0.7700end0.77_7.28_-1.50_-136.30_-32.90_23.72_6.00_-31.12_-29.00_0.0351_0.1152_-0.6266_-0.7700end0.82_7.20_-1.30_-141.67_-16.00_21.15_6.00_-31.12_-29.00_0.0351_0.1152_-0.6266_-0.7700end0.82_7.20_-1.30_-142.46_-10.41_20.48_4.31_-29.,24.3787197,120.90909077,1075.00537109375
1163,06_-32.88_0.0280_0.1166_-0.6453_-0.7545end0.92_6.71_-0.63_-142.46_-10.41_20.48_4.31_-29.06_-32.88_0.0280_0.1166_-0.6453_-0.7545end0.92_6.71_-0.63_-144.58_-0.67_18.02_4.31_-29.06_-32.88_0.0280_0.1166_-0.6453_-0.7545end,24.3787197,120.90909077,1075.00537109375
1164,,24.3787197,120.90909077,1075.00537109375
1165,0.92_6.71_-0.63_-144.58_-0.67_18.02_4.31_-29.06_-32.88_0.0254_0.1180_-0.6547_-0.7462end0.98_6.36_-0.54_-144.58_-0.67_18.02_5.44_-27.00_-34.06_0.0254_0.1180_-0.6547_-0.7462end0.98_6.36_-0.54_-148.39_22.60_11.97_5.44_-27.00_-34.06_0.0254_0.1180_-0.6547_-0.7462end0.73_6.45_-0.45_-148.39_22.60_11.97_5.44_-27.00_-34.06_0.0222_0.1221_-0.6733_-0.7289end0.67_6.74_-0.23_-148.39_22.60_11.97_4.00_-26.31_-33.63_0.0219_0.1251_-0.6826_-0.7197end0.68_6.78_-0.00_-150.40_23.95_6.71_4.00_-26.31_-33.63_0.0219_0.1251_-0.6826_-0.7197end0.73_6.91_0.25_-150.40_23.95_6.71_4.00_-26.31_-33.63_0.0212_0.1290_-0.6966_-0.7054end0.73_6.91_0.25_-150.40_23.95_6.71_4.75_-24.25_-35.31_0.0212_0.1290_-0.6966_-0.7054end1.08_6.98_0.56_-150.40_23.95_6.71_4.75_-24.25_-35.31_0.0204_0.1308_-0.7059_-0.6959end1.08_6.98_0.56_-150.74_9.40_2.35_4.75_-24.25_-35.31_0.0204_0.1308_-0.7059_-0.6959end,24.3787197,120.90909077,1075.00537109375
1166,1.16_6.90_0.70_-150.74_9.40_2.35_5.19_-21.56_-39.19_0.0204_0.1308_-0.7059_-0.6959end1.37_6.73_1.04_-150.74_9.40_2.35_5.19_-21.56_-39.19_0.0204_0.1308_-0.7059_-0.6959end1.37_6.73_1.04_-150.74_10.63_0.34_5.19_-21.56_-39.19_0.0179_0.1333_-0.7282_-0.6721end1.37_6.73_1.04_-146.26_22.38_-3.92_4.12_-20.12_-40.00_0.0179_0.1333_-0.7282_-0.6721end1.37_6.73_1.04_-145.93_27.64_-5.71_4.12_-20.12_-40.00_0.0179_0.1333_-0.7282_-0.6721end1.91_5.93_2.30_-145.93_27.64_-5.71_4.12_-20.12_-40.00_0.0179_0.1348_-0.7369_-0.6622end1.91_5.93_2.30_-145.93_27.64_-5.71_4.12_-20.12_-40.00_0.0196_0.1376_-0.7494_-0.6474end1.91_5.93_2.30_-145.93_27.64_-5.71_4.87_-16.87_-37.31_0.0206_0.,24.3787197,120.90909077,1075.00537109375
1167,1389_-0.7534_-0.6425end1.35_5.68_2.11_-145.93_27.64_-5.71_4.87_-16.87_-37.31_0.0206_0.1389_-0.7534_-0.6425end1.35_5.68_2.11_-138.09_65.02_-12.53_4.87_-16.87_-37.31_0.0252_0.1434_-0.7651_-0.6273end,24.3787197,120.90909077,1075.00537109375
1168,,24.3787197,120.90909077,1075.00537109375
1169,,24.3787197,120.90909077,1075.00537109375
1170,,24.3787197,120.90909077,1075.00537109375
1171,1.19_5.52_1.96_-138.09_65.02_-12.53_4.87_-16.87_-37.31_0.0272_0.1451_-0.7688_-0.6222end1.12_5.50_2.09_-138.09_65.02_-12.53_4.87_-16.87_-37.31_0.0295_0.1469_-0.7725_-0.6171end1.05_5.25_2.04_-138.09_65.02_-12.53_6.37_-13.81_-40.38_0.0295_0.1469_-0.7725_-0.6171end1.05_5.25_2.04_-129.03_74.42_-17.68_6.37_-13.81_-40.38_0.0339_0.1503_-0.7795_-0.6072end0.67_5.07_2.98_-129.03_74.42_-17.68_7.81_-13.44_-41.69_0.0339_0.1503_-0.7795_-0.6072end0.67_5.07_2.98_-128.36_73.19_-18.35_7.81_-13.44_-41.69_0.0382_0.1533_-0.7863_-0.5972end0.67_5.07_2.98_-128.36_73.19_-18.35_8.19_-12.75_-41.63_0.0402_0.1547_-0.7897_-0.5923end0.67_5.07_2.98_-125.78_57.97_-19.14_8.19_-12.75_-41,24.3787197,120.90909077,1075.00537109375
1172,.63_0.0402_0.1547_-0.7897_-0.5923end0.67_5.07_2.98_-125.78_57.97_-19.14_9.69_-9.94_-41.56_0.0441_0.1572_-0.7963_-0.5824end0.67_5.07_2.98_-125.78_57.97_-19.14_9.69_-9.94_-41.56_0.0468_0.1591_-0.8026_-0.5730end,24.3787197,120.90909077,1075.00537109375
1173,-0.16_4.25_2.29_-125.78_57.97_-19.14_9.69_-9.94_-41.56_0.0468_0.1591_-0.8026_-0.5730end0.51_4.70_3.28_-125.78_57.97_-19.14_9.69_-8.88_-41.06_0.0468_0.1591_-0.8026_-0.5730end0.51_4.70_3.28_-125.78_57.97_-19.14_10.88_-6.06_-42.38_0.0507_0.1613_-0.8145_-0.5551end0.64_4.91_3.60_-111.79_29.99_-17.79_10.88_-6.06_-42.38_0.0507_0.1613_-0.8145_-0.5551end0.15_5.07_3.48_-111.79_29.99_-17.79_10.50_-6.06_-42.38_0.0507_0.1613_-0.8145_-0.5551end0.09_5.04_3.49_-111.79_29.99_-17.79_10.50_-6.06_-42.38_0.0507_0.1613_-0.8145_-0.5551end0.22_4.97_3.34_-111.79_29.99_-17.79_11.25_-5.69_-41.50_0.0507_0.1613_-0.8145_-0.5551end0.26_4.78_3.87_-101.27_49.80_-16.56_11.25_-5.69_-41.50_0.0507_0.1613_-0.8145_-0.5551end0.26_4.78_3.87_-96.91_49.24_-14.88_11.25_-5.69_-41.50_0.0507_0.1613_-0.8145_-0.5551end0.34_4.61_4.00_-96.91_49.24_-14.88_10.50_-4.25_-41.88_0.0507_0.1613_-0.8145_-0.5551end,24.3787197,120.90909077,1075.00537109375
1174,,24.3787197,120.90909077,1075.00537109375
1175,,24.3787197,120.90909077,1075.00537109375
1176,0.34_4.61_4.00_-96.02_46.78_-14.32_10.50_-4.25_-41.88_0.0622_0.1680_-0.8390_-0.5139end-0.14_3.13_5.60_-96.02_46.78_-14.32_11.63_-3.94_-44.13_0.0622_0.1680_-0.8390_-0.5139end-0.36_4.06_5.80_-96.02_46.78_-14.32_11.63_-3.94_-44.13_0.0665_0.1705_-0.8448_-0.5027end-0.24_4.11_3.53_-96.02_46.78_-14.32_11.63_-3.94_-44.13_0.0665_0.1705_-0.8448_-0.5027end0.43_4.29_3.29_-83.59_15.00_-10.74_11.63_-3.94_-44.13_0.0665_0.1705_-0.8448_-0.5027end0.43_4.29_3.29_-79.90_17.01_-9.06_11.63_-3.94_-44.13_0.0678_0.1718_-0.8506_-0.4924end0.82_4.25_2.75_-79.90_17.01_-9.06_11.63_-3.94_-44.13_0.0678_0.1718_-0.8506_-0.4924end0.95_4.54_3.59_-74.19_36.59_-8.95_11.63_-3.94_-44.13_0.0678_0.1718_-0.8506_-0.4924end0.78_4.66_3.72_-74.19_36.59_-8.95_11.63_-3.94_-44.13_0.0678_0.1718_-0.8506_-0.4924end0.78_4.66_3.72_-74.19_36.59_-8.95_12.06_-0.81_-42.25_0.0678_0.1718_-0.8506_-0.4924end,24.3787197,120.90909077,1075.00537109375
1177,0.67_4.63_4.37_-74.19_36.59_-8.95_12.06_-0.81_-42.25_0.0678_0.1718_-0.8506_-0.4924end0.13_4.61_4.53_-74.19_36.59_-8.95_12.06_-0.81_-42.25_0.0678_0.1718_-0.8506_-0.4924end0.13_4.61_4.53_-74.19_36.59_-8.95_12.06_-0.81_-42.25_0.0845_0.1819_-0.8631_-0.4635end-0.57_4.06_4.35_-74.19_36.59_-8.95_14.56_1.06_-42.25_0.0845_0.1819_-0.8631_-0.4635end-0.92_4.41_4.12_-74.19_36.59_-8.95_14.56_1.06_-42.25_0.0845_0.1819_-0.8631_-0.4635end-0.92_4.41_4.12_-50.36_78.78_-2.24_14.56_1.06_-42.25_0.0978_0.1899_-0.8661_-0.4518end-0.92_4.41_4.12_-48.12_66.02_-0.45_15.31_1.37_-42.25_0.0978_0.1899_-0.8661_-0.4518end-0.92_4.41_4.12_-46.22_52.71_0.78_15.31_1.37_-42.25_0.1019_0.1926_-0.8676_-0.4470end-0.92_4.41_4.12_-43.87_39.17_2.35_15.31_1.37_-42.25_0.1039_0.1946_-0.8690_-0.4429end-0.70_5.80_3.85_-39.06_8.62_8.84_15.31_1.37_-42.25_0.1039_0.1946_-0.8690_-0.4429end,24.3787197,120.90909077,1075.00537109375
1178,,24.3787197,120.90909077,1075.00537109375
1179,,24.3787197,120.90909077,1075.00537109375
1180,-0.70_5.80_3.85_-39.06_8.62_8.84_16.37_2.12_-42.25_0.1039_0.1946_-0.8690_-0.4429end0.36_4.96_3.86_-39.06_8.62_8.84_16.37_2.12_-42.25_0.1039_0.1946_-0.8690_-0.4429end0.36_4.96_3.86_-39.06_8.62_8.84_16.37_2.12_-42.25_0.1033_0.1989_-0.8726_-0.4339end0.79_4.48_4.13_-39.06_8.62_8.84_16.37_2.12_-42.25_0.1033_0.1996_-0.8731_-0.4326end0.95_4.57_4.19_-39.06_8.62_8.84_16.37_2.12_-42.25_0.1035_0.2006_-0.8735_-0.4314end0.81_5.13_4.12_-39.06_8.62_8.84_17.12_2.75_-41.31_0.1035_0.2006_-0.8735_-0.4314end0.76_5.89_3.97_-16.67_39.28_16.90_17.12_2.75_-41.31_0.1035_0.2006_-0.8735_-0.4314end0.76_5.89_3.97_-10.52_51.48_18.13_17.12_2.75_-41.31_0.1061_0.2046_-0.8737_-0.4285end0.53_6.87_3.59_-10.52_51.48_18.13_17.12_2.75_-41.31_0.1074_0.2062_-0.8735_-0.4277end0.09_7.20_3.45_-4.59_57.74_20.14_17.12_2.75_-41.31_0.1074_0.2062_-0.8735_-0.4277end,24.3787197,120.90909077,1075.00537109375
1181,,24.3787197,120.90909077,1075.00537109375
1182,0.09_7.20_3.45_-1.68_59.42_21.37_17.50_3.12_-40.44_0.1074_0.2062_-0.8735_-0.4277end0.09_7.20_3.45_1.01_58.97_23.05_17.50_3.12_-40.44_0.1160_0.2153_-0.8717_-0.4246end-0.16_7.25_3.45_1.01_58.97_23.05_17.50_3.12_-40.44_0.1176_0.2172_-0.8712_-0.4244end-0.01_7.50_3.11_1.01_58.97_23.05_17.50_3.12_-40.44_0.1176_0.2172_-0.8712_-0.4244end-0.01_7.50_3.11_13.76_27.42_29.88_19.19_3.50_-41.31_0.1176_0.2172_-0.8712_-0.4244end0.20_8.13_2.89_13.76_27.42_29.88_19.19_3.50_-41.31_0.1211_0.2236_-0.8687_-0.4252end0.27_8.46_2.75_13.76_27.42_29.88_18.56_3.50_-40.00_0.1211_0.2236_-0.8687_-0.4252end0.40_9.31_2.71_13.76_27.42_29.88_18.56_3.50_-40.00_0.1211_0.2236_-0.8687_-0.425,24.3787197,120.90909077,1075.00537109375
1183,2end0.40_9.31_2.71_13.76_27.42_29.88_19.50_1.50_-40.88_0.1218_0.2278_-0.8663_-0.4274end0.40_9.31_2.71_13.76_27.42_29.88_19.50_1.50_-40.88_0.1221_0.2307_-0.8644_-0.4296end,24.3787197,120.90909077,1075.00537109375
1184,,24.3787197,120.90909077,1075.00537109375
1185,,24.3787197,120.90909077,1075.00537109375
1186,,24.3787197,120.90909077,1075.00537109375
1187,,24.3787197,120.90909077,1075.00537109375
1188,,24.3787197,120.90909077,1075.00537109375
1189,,24.3787197,120.90909077,1075.00537109375
1190,0.80_10.66_2.45_13.76_27.42_29.88_18.56_1.87_-40.06_0.1221_0.2307_-0.8644_-0.4296end1.17_10.85_2.20_13.76_27.42_29.88_18.56_1.87_-40.06_0.1221_0.2307_-0.8644_-0.4296end1.17_10.85_2.20_13.76_27.42_29.88_19.87_0.44_-40.94_0.1221_0.2307_-0.8644_-0.4296end1.17_10.85_2.20_43.76_10.30_40.17_19.87_0.44_-40.94_0.1227_0.2378_-0.8586_-0.4371end1.95_9.89_2.15_43.76_10.30_40.17_19.87_0.44_-40.94_0.1227_0.2378_-0.8586_-0.4371end2.12_9.52_2.27_43.76_10.30_40.17_19.87_0.44_-40.94_0.1221_0.2401_-0.8560_-0.4413end2.12_9.52_2.27_43.76_10.30_40.17_19.87_0.44_-40.94_0.1206_0.2420_-0.8531_-0.4461end2.56_8.77_2.66_43.76_10.30_40.17_19.87_0.44_-40.94_0.1196_0.2427_-0.8517_-0.4487end2.87_8.66_2.77_43.76_10.30_40.17_19.87_0.44_-40.94_0.1196_0.2427_-0.8517_-0.4487end2.87_8.66_2.77_68.37_-18.24_38.94_18.81_0.06_-40.50_0.1196_0.2427_-0.8517_-0.4487end,24.3787197,120.90909077,1075.00537109375
1191,2.87_8.66_2.77_68.37_-18.24_38.94_18.81_0.06_-40.50_0.1172_0.2448_-0.8469_-0.4573end2.87_8.66_2.77_68.37_-18.24_38.94_18.81_-1.69_-40.94_0.1171_0.2456_-0.8451_-0.4602end2.87_8.66_2.77_93.55_25.85_32.23_19.44_-2.37_-41.00_0.1171_0.2456_-0.8451_-0.4602end2.87_8.66_2.77_56.96_-20.81_42.19_19.44_-2.37_-41.00_0.1185_0.2491_-0.8395_-0.4681end1.83_32.48_-12.33_56.96_-20.81_42.19_19.44_-2.37_-41.00_0.1174_0.2498_-0.8381_-0.4705end-13.32_14.77_38.28_56.96_-20.81_42.19_19.44_-2.37_-41.00_0.1174_0.2498_-0.8381_-0.4705end-13.32_14.77_38.28_56.96_-20.81_42.19_19.44_-2.37_-41.00_0.1261_0.2559_-0.8340_-0.4722end-8.30_15.60_0.93_56.96_-20.81_42.19_19.44_-2.37_-41.00_0.1261_0.2559_-0.8340_-0.4722end-8.30_15.60_0.93_56.96_-20.81_42.19_19.44_-2.37_-41.00_0.1335_0.2593_-0.8333_-0.4697end1.04_6.56_9.44_56.96_-20.81_42.19_19.44_-2.37_-41.00_0.1335_0.2593_-0.8333_-0.4697end1.04_6.56_9.44_56.96_-20.81_42.19_19.44_-2.37_-41.00_0.1420_0.2631_-0.8322_-0.4670end3.86_7.01_2.32_56.96_-20.81_42.19_19.44_-2.37_-41.00_0.1380_0.2616_-0.8322_-0.4690end0.78_9.75_-1.75_40.85_-52.37_13.76_19.44_-2.37_-41.00_0.1380_0.2616_-0.8322_-0.4690end0.29_9.04_6.03_40.85_-52.37_13.76_19.44_-2.37_-41.00_0.1326_0.2594_-0.8314,24.3787197,120.90909077,1075.00537109375
1192,_-0.4733end1.18_7.88_6.37_40.85_-52.37_13.76_19.44_-2.37_-41.00_0.1326_0.2594_-0.8314_-0.4733end2.82_8.88_7.20_40.85_-52.37_13.76_19.44_-2.37_-41.00_0.1326_0.2594_-0.8314_-0.4733end2.82_8.88_7.20_29.54_45.99_-4.36_19.44_-2.37_-41.00_0.1326_0.2594_-0.8314_-0.4733end3.88_8.29_4.97_29.54_45.99_-4.36_21.19_-4.75_-38.88_0.1326_0.2594_-0.8314_-0.4733end3.88_8.29_4.97_29.54_45.99_-4.36_21.19_-4.75_-38.88_0.1389_0.2603_-0.8261_-0.4801end1.85_8.10_7.29_29.54_45.99_-4.36_21.19_-4.75_-38.88_0.1416_0.2614_-0.8251_-0.4803end1.85_8.10_7.29_29.54_45.99_-4.36_21.56_-4.06_-39.31_0.1464_0.2641_-0.8230_-0.4811end1.78_7.71_2.15_29.54_45.99_-4.36_21.56_-4.06_-39.31_0.1476_0.2648_-0.8223_-0.4816end1.23_7.66_2.81_29.54_45.99_-4.36_21.56_-4.06_-39.31_0.1476_0.2648_-0.8223_-0.4816end1.21_7.91_2.73_29.54_45.99_-4.36_21.56_-4.06_-39.31_0.1476_0.2648_-0.8223_-0.4816end1.21_7.91_2.73_29.54_45.99_-4.36_21.19_-5.44_-39.38_0.1476_0.2648_-0.8223_-0.4816end2.29_8.13_4.19_29.54_45.99_-4.36_21.19_-5.44_-39.38_0.1476_0.2648_-0.8223_-0.4816end2.62_8.27_5.68_29.54_45.99_-4.36_21.19_-5.44_-39.38_0.1476_0.2648_-0.8223_-0.4816end2.56_8.31_5.70_29.54_45.99_-4.36_22.62_-5.37_-38.00_0.1476_0.2648_-0.822,24.3787197,120.90909077,1075.00537109375
1193,3_-0.4816end2.09_8.23_5.43_29.54_45.99_-4.36_21.94_-6.12_-39.38_0.1575_0.2673_-0.8159_-0.4879end2.09_8.23_5.43_29.54_45.99_-4.36_21.94_-6.12_-39.38_0.1593_0.2676_-0.8146_-0.4893end,24.3787197,120.90909077,1075.00537109375
1194,,24.3787197,120.90909077,1075.00537109375
1195,,24.3787197,120.90909077,1075.00537109375
1196,1.87_8.21_4.61_29.54_45.99_-4.36_21.94_-6.12_-39.38_0.1606_0.2680_-0.8139_-0.4898end1.84_8.19_3.81_29.54_45.99_-4.36_22.62_-5.37_-37.13_0.1606_0.2680_-0.8139_-0.4898end1.89_8.21_3.61_29.54_45.99_-4.36_23.00_-5.00_-36.31_0.1653_0.2693_-0.8118_-0.4911end1.85_8.17_3.50_29.54_45.99_-4.36_23.00_-5.00_-36.31_0.1669_0.2697_-0.8110_-0.4916end1.70_8.18_3.48_29.54_45.99_-4.36_23.00_-5.00_-36.31_0.1669_0.2697_-0.8110_-0.4916end1.14_8.28_3.81_29.54_45.99_-4.36_23.00_-6.12_-38.06_0.1715_0.2708_-0.8087_-0.4932end0.73_8.30_3.51_29.54_45.99_-4.36_23.00_-6.12_-38.06_0.1730_0.2711_-0.8079_-0.4938end0.58_8.31_3.80_29.54_45.99_-4.36_23.00_-6.12_-38.06_0.1730_0.2711_-0.8079_-0.4938end0.58_8.31_3.80_26.75_29.77_-6.27_23.00_-6.44_-37.19_0.1730_0.2711_-0.8079_-0.4938end0.58_8.31_3.80_25.85_20.59_-8.39_23.00_-6.44_-37.19_0.1774_0.2718_-0.8057_-0.4955end,24.3787197,120.90909077,1075.00537109375
1197,0.58_8.31_3.80_25.85_20.59_-8.39_23.00_-6.44_-37.19_0.1786_0.2718_-0.8050_-0.4962end0.58_8.31_3.80_24.73_13.32_-8.50_23.38_-6.44_-38.06_0.1786_0.2718_-0.8050_-0.4962end0.58_8.31_3.80_24.06_1.79_-8.39_23.38_-6.44_-38.06_0.1810_0.2710_-0.8035_-0.4982end0.58_8.31_3.80_23.61_-0.78_-8.06_23.38_-6.44_-38.06_0.1810_0.2710_-0.8035_-0.4982end0.68_8.38_2.91_23.61_-0.78_-8.06_23.38_-6.44_-38.06_0.1821_0.2696_-0.8022_-0.5007end0.44_8.40_2.71_23.61_-0.78_-8.06_23.38_-6.44_-38.06_0.1821_0.2696_-0.8022_-0.5007end0.47_8.44_2.71_23.84_1.45_-9.18_23.38_-6.44_-38.06_0.1821_0.2696_-0.8022_-0.5007end0.47_8.44_2.71_23.84_1.45_-9.18_24.06_-7.44_-35.88_0.1832_0.2681_-0.8008_-,24.3787197,120.90909077,1075.00537109375
1198,0.5032end0.47_8.44_2.71_23.61_6.94_-10.18_24.06_-7.44_-35.88_0.1843_0.2673_-0.7999_-0.5047end0.38_8.48_2.96_23.61_6.94_-10.18_24.06_-7.44_-35.88_0.1849_0.2670_-0.7994_-0.5054end,24.3787197,120.90909077,1075.00537109375
1199,,24.3787197,120.90909077,1075.00537109375
1200,0.27_8.56_3.13_23.61_6.94_-10.18_24.06_-7.44_-35.88_0.1849_0.2670_-0.7994_-0.5054end0.08_8.53_3.16_23.61_6.94_-10.18_24.06_-7.44_-35.88_0.1849_0.2670_-0.7994_-0.5054end-0.20_8.53_3.10_23.61_6.94_-10.18_24.06_-7.44_-35.88_0.1891_0.2666_-0.7972_-0.5076end-1.12_8.60_2.96_23.61_6.94_-10.18_24.44_-8.19_-38.56_0.1891_0.2666_-0.7972_-0.5076end-1.31_8.61_2.93_21.15_29.32_-8.73_24.44_-8.19_-38.56_0.1891_0.2666_-0.7972_-0.5076end-1.50_8.64_2.89_21.15_29.32_-8.73_24.44_-8.19_-38.56_0.1944_0.2673_-0.7947_-0.5090end-1.59_8.66_2.96_21.15_29.32_-8.73_23.69_-7.50_-36.38_0.1944_0.2673_-0.7947_-0.5090end-1.70_8.65_2.90_21.15_29.32_-8.73_23.69_-7.50_-36.38_0.1964_0.2673_,24.3787197,120.90909077,1075.00537109375
1201,,24.3787197,120.90909077,1075.00537109375
1202,,24.3787197,120.90909077,1075.00537109375
1203,,24.3787197,120.90909077,1075.00537109375
1204,,24.3787197,120.90909077,1075.00537109375
1205,-0.7937_-0.5099end-1.82_8.67_2.84_21.15_29.32_-8.73_23.69_-7.50_-36.38_0.1964_0.2673_-0.7937_-0.5099end-1.82_8.67_2.84_21.15_29.32_-8.73_23.69_-7.50_-36.38_0.1976_0.2669_-0.7928_-0.5110end-1.82_8.67_2.84_21.15_29.32_-8.73_23.69_-7.50_-36.38_0.1979_0.2665_-0.7924_-0.5117end-1.82_8.67_2.84_21.15_29.32_-8.73_23.69_-7.50_-36.38_0.1979_0.2665_-0.7924_-0.5117end-1.95_8.70_2.82_21.15_29.32_-8.73_23.69_-7.50_-36.38_0.1979_0.2665_-0.7924_-0.5117end-1.53_0.76_0.00_21.15_29.32_-8.73_23.69_-7.50_-36.38_0.1979_0.2665_-0.7924_-0.5117end-1.42_8.77_3.30_21.15_29.32_-8.73_23.69_-7.50_-36.38_0.1979_0.2665_-0.7924_-0.5117end-1.41_8.78_3.23_16.23_-12.87_-3.58_23.69_-7.50_-36.38_0.1979_0.2665_-0.7924_-0.5117end-1.41_8.78_3.23_15.33_-10.63_-3.69_23.69_-7.50_-36.38_0.1976_0.2624_-0.7902_-0.5173end-1.41_8.78_3.23_15.33_-10.63_-3.69_23.69_-7.50_-36.38_0.1973_0.,24.3787197,120.90909077,1075.00537109375
1206,2614_-0.7898_-0.5187end-1.32_8.77_3.16_15.33_-10.63_-3.69_23.69_-7.50_-36.38_0.1973_0.2614_-0.7898_-0.5187end-1.32_8.77_3.16_15.33_-10.63_-3.69_23.69_-7.50_-36.38_0.1970_0.2604_-0.7893_-0.5200end-1.32_8.77_3.16_15.33_-10.63_-3.69_23.69_-7.50_-36.38_0.1965_0.2595_-0.7889_-0.5213end-1.07_8.74_3.20_15.33_-10.63_-3.69_24.06_-8.19_-36.38_0.1965_0.2595_-0.7889_-0.5213end-0.88_8.82_3.38_15.33_-10.63_-3.69_24.06_-8.19_-36.38_0.1965_0.2595_-0.7889_-0.5213end-0.81_8.82_3.51_15.33_-10.63_-3.69_24.06_-8.19_-37.19_0.1965_0.2595_-0.7889_-0.5213end-0.73_8.82_3.74_15.33_-10.63_-3.69_24.00_-8.88_-36.38_0.1951_0.2571_-0.7880_-0.5242end-0.74_8.85_3.80_16.23_-17.12_-1.57_24.00_-8.88_-36.38_0.1943_0.2559_-0.7876_-0.5258end-0.74_8.83_3.89_16.23_-17.12_-1.57_24.00_-8.88_-36.38_0.1938_0.2554_-0.7874_-0.5266end-0.71_8.83_3.95_16.23_-17.12_-1.57_24.00_-8.88_-36.38_0.1938_0.2554_-0.7874_-0.5266end-0.65_8.86_4.00_16.23_-17.12_-1.57_24.00_-8.88_-36.38_0.1938_0.2554_-0.7874_-0.5266end-0.63_8.82_4.00_16.23_-17.12_-1.57_24.00_-8.88_-36.38_0.1938_0.2554_-0.7874_-0.5266end,24.3787197,120.90909077,1075.00537109375
1207,,24.3787197,120.90909077,1075.00537109375
1208,-0.36_8.79_3.98_16.23_-17.12_-1.57_24.00_-8.88_-36.38_0.1938_0.2554_-0.7874_-0.5266end-0.36_8.79_3.98_16.23_-17.12_-1.57_23.31_-9.63_-36.81_0.1912_0.2513_-0.7858_-0.5317end-0.16_8.79_4.03_16.23_-17.12_-1.57_23.31_-9.63_-36.81_0.1907_0.2508_-0.7856_-0.5325end-0.03_8.84_4.15_16.23_-17.12_-1.57_23.31_-9.63_-36.81_0.1907_0.2508_-0.7856_-0.5325end-0.02_8.85_4.21_16.23_-17.12_-1.57_23.31_-9.63_-36.81_0.1902_0.2497_-0.7851_-0.5339end-0.02_8.85_4.21_16.23_-17.12_-1.57_23.31_-9.63_-36.81_0.1899_0.2488_-0.7844_-0.5355end-0.29_8.86_4.48_16.23_-17.12_-1.57_23.31_-9.63_-36.81_0.1899_0.2488_-0.7844_-0.5355end-0.41_8.87_4.54_16.23_-17.12_-1.57_23.31_-9.63_-36.81_0.18,24.3787197,120.90909077,1075.00537109375
1209,97_0.2480_-0.7837_-0.5370end-0.49_8.87_4.54_18.69_-6.38_-2.01_23.31_-9.63_-36.81_0.1897_0.2480_-0.7837_-0.5370end-0.49_8.87_4.54_19.25_-6.27_-2.01_23.31_-9.63_-36.81_0.1897_0.2480_-0.7837_-0.5370end,24.3787197,120.90909077,1075.00537109375
1210,,24.3787197,120.90909077,1075.00537109375
1211,-0.49_8.87_4.54_19.25_-5.04_-1.90_23.31_-9.63_-36.81_0.1898_0.2466_-0.7821_-0.5399end-1.04_8.89_4.32_19.25_-5.04_-1.90_23.31_-9.63_-36.81_0.1898_0.2466_-0.7821_-0.5399end-1.34_8.90_4.18_19.25_-5.04_-1.90_23.31_-9.63_-36.81_0.1898_0.2466_-0.7821_-0.5399end-1.34_8.90_4.18_19.25_-5.04_-1.90_23.62_-9.88_-36.44_0.1902_0.2458_-0.7808_-0.5421end-1.34_8.90_4.18_19.25_-5.04_-1.90_23.62_-9.88_-36.44_0.1904_0.2456_-0.7803_-0.5428end-1.34_8.90_4.18_19.25_-5.04_-1.90_23.62_-9.88_-36.44_0.1907_0.2454_-0.7797_-0.5435end-2.14_8.97_4.00_19.25_-5.04_-1.90_23.62_-9.88_-36.44_0.1907_0.2454_-0.7797_-0.5435end-2.21_8.97_3.98_19.25_-5.04_-1.90_22.94_-10.25_-37.25_0.1907_0.2454_-0.7797_-0.5435end-2.20_8.95_3.95_19.25_-5.04_-1.90_22.94_-10.25_-37.25_0.1906_0.2440_-0.7772_-0.5478end-2.02_8.93_3.86_19.25_-5.04_-1.90_22.94_-10.25_-37.25_0.1906_0.2440_-0.7772_-0.5478end,24.3787197,120.90909077,1075.00537109375
1212,,24.3787197,120.90909077,1075.00537109375
1213,-1.99_8.90_3.78_19.25_-5.04_-1.90_23.25_-10.63_-35.94_0.1906_0.2440_-0.7772_-0.5478end-1.99_8.90_3.78_22.60_-28.54_3.36_23.25_-10.63_-35.94_0.1882_0.2416_-0.7756_-0.5519end-1.99_8.90_3.78_22.60_-28.54_3.36_23.25_-11.63_-35.56_0.1874_0.2408_-0.7753_-0.5530end-1.54_8.95_3.68_22.60_-28.54_3.36_23.25_-11.63_-35.56_0.1874_0.2408_-0.7753_-0.5530end-1.41_8.91_3.71_22.60_-28.54_3.36_23.25_-11.63_-35.56_0.1842_0.2383_-0.7742_-0.5566end-1.41_8.91_3.71_22.60_-28.54_3.36_22.94_-10.63_-36.88_0.1830_0.2373_-0.7739_-0.5579end-1.21_8.93_3.66_22.60_-28.54_3.36_22.94_-10.63_-36.88_0.1830_0.2373_-0.7739_-0.5579end-1.21_8.93_3.66_22.60_-28.54_3.36_22.94_-10.63_-36.88_0.18,24.3787197,120.90909077,1075.00537109375
1214,19_0.2365_-0.7736_-0.5591end-1.21_8.93_3.66_22.60_-28.54_3.36_22.94_-10.63_-36.88_0.1785_0.2336_-0.7725_-0.5628end-0.63_8.95_3.53_22.60_-28.54_3.36_21.12_-10.63_-36.44_0.1785_0.2336_-0.7725_-0.5628end,24.3787197,120.90909077,1075.00537109375
1215,-0.57_8.94_3.47_24.51_-37.82_5.37_21.12_-10.63_-36.44_0.1785_0.2336_-0.7725_-0.5628end-0.57_8.94_3.47_25.07_-37.60_5.60_21.12_-10.63_-36.44_0.1749_0.2309_-0.7714_-0.5666end-0.32_8.95_3.52_25.07_-37.60_5.60_21.12_-10.63_-36.44_0.1738_0.2300_-0.7710_-0.5679end-0.32_8.95_3.52_25.07_-37.60_5.60_21.12_-10.63_-36.44_0.1738_0.2300_-0.7710_-0.5679end-0.25_8.97_3.62_25.63_-35.92_5.26_21.12_-10.63_-36.44_0.1738_0.2300_-0.7710_-0.5679end-0.15_8.97_3.55_25.63_-35.92_5.26_21.12_-10.63_-36.44_0.1686_0.2256_-0.7687_-0.5742end-0.11_8.99_3.54_25.63_-35.92_5.26_21.12_-10.63_-36.44_0.1676_0.2248_-0.7682_-0.5755end0.04_8.95_3.48_25.63_-35.92_5.26_21.12_-10.63_-36.44_0.167,24.3787197,120.90909077,1075.00537109375
1216,6_0.2248_-0.7682_-0.5755end0.05_8.96_3.45_26.97_-31.67_4.92_21.12_-10.63_-36.44_0.1676_0.2248_-0.7682_-0.5755end0.05_8.95_3.41_26.97_-31.67_4.92_20.37_-11.75_-36.44_0.1676_0.2248_-0.7682_-0.5755end,24.3787197,120.90909077,1075.00537109375
1217,,24.3787197,120.90909077,1075.00537109375
1218,,24.3787197,120.90909077,1075.00537109375
1219,,24.3787197,120.90909077,1075.00537109375
1220,,24.3787197,120.90909077,1075.00537109375
1221,,24.3787197,120.90909077,1075.00537109375
1222,0.05_8.95_3.41_26.97_-31.67_4.92_20.00_-12.06_-36.88_0.1631_0.2210_-0.7656_-0.5817end0.18_8.95_3.50_26.97_-31.67_4.92_20.00_-12.06_-36.88_0.1623_0.2202_-0.7650_-0.5830end0.23_8.95_3.49_26.97_-31.67_4.92_20.00_-12.06_-36.88_0.1623_0.2202_-0.7650_-0.5830end0.23_8.95_3.49_29.32_-25.85_4.14_18.87_-12.44_-36.00_0.1608_0.2187_-0.7639_-0.5856end0.23_8.95_3.49_29.32_-25.85_4.14_18.87_-12.44_-36.00_0.1594_0.2173_-0.7626_-0.5881end0.26_9.00_3.25_29.32_-25.85_4.14_18.87_-12.44_-36.00_0.1594_0.2173_-0.7626_-0.5881end0.29_8.97_3.11_29.32_-25.85_4.14_18.87_-12.44_-36.00_0.1583_0.2161_-0.7612_-0.5905end0.29_8.97_3.11_29.32_-25.85_4.14_18.87_-12.44_-36.00_0.1575_0.2150_-0.7598_-0.5930end0.16_8.99_2.95_29.32_-25.85_4.14_18.87_-12.44_-36.00_0.1575_0.2150_-0.7598_-0.5930end0.18_8.98_2.92_31.45_-14.88_3.80_18.87_-12.44_-36.00_0.1575_0.2150_-0.7598_-0.5930end,24.3787197,120.90909077,1075.00537109375
1223,-0.07_8.98_2.84_31.45_-14.88_3.80_19.62_-13.13_-36.50_0.1575_0.2150_-0.7598_-0.5930end-0.07_8.98_2.84_31.78_-13.54_3.80_19.62_-13.13_-36.50_0.1562_0.2128_-0.7560_-0.5989end-0.30_9.02_2.77_31.78_-13.54_3.80_19.62_-13.13_-36.50_0.1562_0.2128_-0.7560_-0.5989end-0.46_9.05_2.68_31.78_-13.54_3.80_19.62_-13.13_-36.50_0.1558_0.2120_-0.7545_-0.6013end-0.55_9.02_2.54_32.45_-11.41_4.03_19.62_-13.13_-36.50_0.1558_0.2120_-0.7545_-0.6013end-0.64_9.02_2.51_32.56_-11.75_4.48_19.62_-13.13_-36.50_0.1558_0.2120_-0.7545_-0.6013end-0.64_9.02_2.51_32.23_-11.86_4.36_19.19_-15.25_-35.63_0.1553_0.2109_-0.7520_-0.6049end-0.64_9.02_2.51_32.23_-11.86_4.36_19.19_-15.25_-35.63_0.1552_0.2106_-0.7512_-0.6060end-0.97_9.04_2.22_32.23_-11.86_4.36_19.19_-15.25_-35.63_0.1549_0.2102_-0.7504_-0.6072end-1.05_9.11_2.11_32.45_-13.09_5.26_19.19_-15.25_-35.63_0.1549_0.2102_-0.7504_-0.6072end,24.3787197,120.90909077,1075.00537109375
1224,-1.05_9.11_2.11_32.45_-13.09_5.26_19.19_-15.25_-35.63_0.1539_0.2087_-0.7471_-0.6121end-1.11_9.06_2.07_32.45_-13.09_5.26_18.50_-15.25_-35.19_0.1539_0.2087_-0.7471_-0.6121end-1.12_9.04_2.02_32.45_-13.09_5.26_18.50_-15.25_-35.19_0.1539_0.2087_-0.7471_-0.6121end-1.12_9.04_2.02_32.45_-13.09_5.26_18.50_-15.25_-35.19_0.1539_0.2087_-0.7,24.3787197,120.90909077,1075.00537109375
1225,471_-0.6121end-1.12_9.04_2.02_32.45_-13.09_5.26_18.81_-14.94_-36.50_0.1516_0.2063_-0.7430_-0.6185end-1.07_9.07_1.69_32.45_-13.09_5.26_18.81_-14.94_-36.50_0.1516_0.2063_-0.7430_-0.6185end-1.07_9.07_1.69_32.45_-13.09_5.26_18.81_-14.94_-36.50_0.1516_0.2063_-0.7430_-0.6185end-1.07_9.11_1.68_32.45_-13.09_5.26_18.81_-14.94_-36.50_0.1516_0.2063_-0.7430_-0.6185end-1.07_9.11_1.68_32.90_-26.75_8.28_18.81_-14.94_-36.50_0.1516_0.2063_-0.7430_-0.6185end-0.77_9.11_1.36_32.90_-26.75_8.28_18.81_-14.94_-36.50_0.1516_0.2063_-0.7430_-0.6185end,24.3787197,120.90909077,1075.00537109375
1226,-0.77_9.11_1.36_32.90_-26.75_8.28_18.81_-14.94_-36.50_0.1454_0.2011_-0.7366_-0.6291end-0.77_9.11_1.36_32.90_-26.75_8.28_18.19_-16.31_-36.56_0.1445_0.2004_-0.7358_-0.6304end-0.68_9.12_1.16_32.90_-26.75_8.28_18.19_-17.00_-36.06_0.1445_0.2004_-0.7358_-0.6304end-0.59_9.11_1.09_32.68_-32.12_9.85_18.19_-17.00_-36.06_0.1445_0.2004_-0.7358_-0.6304end-0.59_9.11_1.09_32.23_-33.24_10.07_18.19_-17.00_-36.06_0.1416_0.1982_-0.7336_-0.6345end-0.42_9.14_1.00_32.23_-33.24_10.07_17.12_-17.75_-36.56_0.1416_0.1982_-0.7336_-0.6345end-0.42_9.14_1.00_31.89_-33.46_10.41_17.12_-17.75_-36.56_0.1384_0.1957_-0.7313_-0.6385end-0.22_9.15_0.91_31.89_-33.46_10.63_17.12_-17.75_-36.56_0.1384_0.1957_-0.7313_-0.6385end0.05_9.13_0.75_31.89_-33.46_10.63_17.12_-17.75_-36.56_0.1384_0.1957_-0.7313_-0.6385end0.05_9.13_0.75_31.89_-33.46_10.63_17.12_-17.75_-36.56_0.1353_0.1935_-0.7290_-0.6425end,24.3787197,120.90909077,1075.00537109375
1227,0.11_9.14_0.54_31.89_-33.46_10.63_17.12_-17.75_-36.56_0.1335_0.1921_-0.7274_-0.6451end0.11_9.14_0.54_31.89_-33.46_10.63_16.37_-17.75_-36.56_0.1326_0.1915_-0.7266_-0.6463end0.23_9.20_0.23_31.89_-33.46_10.63_16.37_-17.75_-36.56_0.1318_0.1909_-0.7258_-0.6475end0.22_9.19_0.10_31.33_-24.62_11.19_16.37_-17.75_-36.56_0.1318_0.1909_-0.7,24.3787197,120.90909077,1075.00537109375
1228,258_-0.6475end0.22_9.19_0.10_30.44_-22.49_10.85_16.37_-17.75_-36.56_0.1302_0.1899_-0.7242_-0.6500end0.22_9.19_0.10_30.44_-22.49_10.85_16.37_-17.75_-36.56_0.1288_0.1890_-0.7227_-0.6523end0.22_9.17_-0.10_30.44_-22.49_10.85_16.37_-17.75_-36.56_0.1288_0.1890_-0.7227_-0.6523end0.36_9.21_-0.13_30.44_-22.49_10.85_16.37_-17.75_-36.56_0.1288_0.1890_-0.7227_-0.6523end0.36_9.21_-0.13_30.44_-22.49_10.85_16.37_-17.75_-36.56_0.1268_0.1877_-0.7203_-0.6556end0.36_9.21_-0.13_30.44_-22.49_10.85_16.37_-17.75_-36.56_0.1253_0.1869_-0.7187_-0.6579end,24.3787197,120.90909077,1075.00537109375
1229,,24.3787197,120.90909077,1075.00537109375
1230,,24.3787197,120.90909077,1075.00537109375
1231,0.50_9.24_-0.01_30.44_-22.49_10.85_16.37_-17.75_-36.56_0.1253_0.1869_-0.7187_-0.6579end0.50_9.24_-0.01_30.44_-22.49_10.85_16.37_-17.75_-36.56_0.1245_0.1864_-0.7180_-0.6591end0.50_9.24_-0.01_30.44_-22.49_10.85_13.81_-19.56_-37.00_0.1245_0.1864_-0.7180_-0.6591end0.75_9.23_0.14_30.44_-22.49_10.85_13.81_-19.56_-37.00_0.1212_0.1843_-0.7149_-0.6635end0.94_9.21_0.17_30.44_-22.49_10.85_13.81_-19.56_-37.00_0.1212_0.1843_-0.7149_-0.6635end0.94_9.24_0.17_27.08_-25.51_9.85_13.81_-19.56_-37.00_0.1212_0.1843_-0.7149_-0.6635end0.94_9.24_0.17_27.08_-25.51_9.85_13.81_-19.56_-37.00_0.1187_0.1825_-0.7127_-0.6668end0.94_9.24_0.17_27.19_-24.40_9.96_13.81_-19.56_-37.00_0.11,24.3787197,120.90909077,1075.00537109375
1232,87_0.1825_-0.7127_-0.6668end1.02_9.27_0.14_27.19_-24.40_9.96_13.81_-19.56_-37.00_0.1187_0.1825_-0.7127_-0.6668end1.04_9.28_0.14_27.19_-24.40_9.96_13.81_-19.56_-37.00_0.1187_0.1825_-0.7127_-0.6668end,24.3787197,120.90909077,1075.00537109375
1233,,24.3787197,120.90909077,1075.00537109375
1234,,24.3787197,120.90909077,1075.00537109375
1235,,24.3787197,120.90909077,1075.00537109375
1236,,24.3787197,120.90909077,1075.00537109375
1237,0.94_9.29_0.12_27.19_-24.40_9.96_13.81_-19.56_-37.00_0.1153_0.1802_-0.7089_-0.6720end0.94_9.29_0.12_27.19_-12.20_9.06_13.81_-19.56_-37.00_0.1153_0.1802_-0.7089_-0.6720end0.93_9.27_0.10_27.19_-12.20_9.06_13.81_-19.56_-37.00_0.1153_0.1802_-0.7089_-0.6720end0.93_9.27_0.10_27.19_-12.20_9.06_13.81_-19.56_-37.00_0.1133_0.1792_-0.7050_-0.6768end0.96_9.28_-0.07_27.19_-12.20_9.06_13.81_-19.56_-37.00_0.1130_0.1790_-0.7042_-0.6777end0.98_9.32_-0.14_26.75_-10.63_8.50_13.81_-19.56_-37.00_0.1130_0.1790_-0.7042_-0.6777end0.98_9.30_-0.13_26.75_-10.63_8.50_13.81_-19.56_-37.00_0.1130_0.1790_-0.7042_-0.6777end0.98_9.30_-0.13_26.75_-10.63_8.50_13.81_-19.56_-37.00_0.1121_0,24.3787197,120.90909077,1075.00537109375
1238,.1783_-0.7018_-0.6805end0.98_9.30_-0.13_26.75_-10.63_8.50_13.81_-19.56_-37.00_0.1115_0.1780_-0.7003_-0.6823end0.98_9.30_-0.13_25.85_-6.60_7.83_13.75_-21.62_-34.88_0.1115_0.1780_-0.7003_-0.6823end1.02_9.36_-0.13_25.85_-6.60_7.83_13.75_-21.62_-34.88_0.1108_0.1777_-0.6979_-0.6849end1.02_9.36_-0.13_25.85_-6.60_7.83_12.00_-22.06_-36.19_0.1107_0.1777_-0.6971_-0.6857end0.95_9.34_-0.12_25.85_-6.60_7.83_12.00_-22.06_-36.19_0.1106_0.1777_-0.6964_-0.6865end0.98_9.37_-0.23_25.85_-6.60_7.83_12.00_-22.06_-36.19_0.1106_0.1777_-0.6964_-0.6865end0.98_9.37_-0.23_25.40_-2.01_7.27_12.00_-22.06_-36.19_0.1106_0.1777_-0.6964_-0.6865end0.91_9.35_-0.34_25.40_-2.01_7.27_12.00_-22.06_-36.19_0.1104_0.1779_-0.6931_-0.6898end0.88_9.43_-0.39_25.40_-2.01_7.27_12.00_-22.06_-36.19_0.1104_0.1779_-0.6931_-0.6898end0.78_9.36_-0.43_25.40_-2.01_7.27_12.00_-22.06_-36.19_0.1104_0.1779_-0.6931_-0.6898end0.78_9.36_-0.43_25.40_-2.01_7.27_12.00_-22.06_-36.19_0.1100_0.1777_-0.6907_-0.6922end0.78_9.36_-0.43_25.40_-2.01_7.27_12.63_-22.37_-35.31_0.1099_0.1777_-0.6900_-0.6930end0.78_9.36_-0.43_24.06_-8.39_6.83_12.63_-22.37_-35.31_0.1094_0.1774_-0.6885_-0.6946end0.78_9.34_-0.43_24.06_-8.39_6.83_12.25_-23.75_-34.44_0.1094_0.1774_-0.6885_-0.6946end0.78_9.34_-0.43_24.06_-10.85_7.05_12.25_-23.75_-34.44_0.1087_0.1769_-0.6870_-0.6964end0.78_9.34_-0.43_23.16_-11.41_6.94_13.38_-23.00_-34.00_0.1087_0.1769_-0.6870_-0.6964end0.78_9.34_-0.43_23.16_-11.41_6.94_13.38_-23.00_-34.00_0.1080_0.1764_-0.6856_-0.6979end0.78_9.37_-0.31_23.16_-11.41_6.94_13.38_-23.00_-34.00_0.1075_0.1761_-0.6842_-0.6995end0.76_9.40_-0.30_23.16_-11.41_6.94_13.38_-23.00_-34.00_0.1075_0.1761_-0.6842_-0.6995end0.65_9.37_-0.36_23.39_-0.45_6.94_13.38_-23.00_-34.00_0.1075_0.1761_-0.6842_-0.6995end0.65_9.37_-0.36_23.39_-0.45_6.94_11.94_-23.69_-32.81_0.1075_0.1762_-0.6812_-0.7024end0.50_9.36_-0.37_23.39_-0.45_6.94_11.94_-23.69_-32.81_0.1075_0.1762_-0.6812_-0.7024end,24.3787197,120.90909077,1075.00537109375
1239,,24.3787197,120.90909077,1075.00537109375
1240,0.50_9.36_-0.37_23.39_-0.45_6.94_11.94_-23.69_-32.81_0.1076_0.1764_-0.6804_-0.7031end0.50_9.36_-0.37_23.39_-0.45_6.94_11.94_-23.69_-32.81_0.1076_0.1764_-0.6804_-0.7031end0.23_9.38_-0.46_23.39_-0.45_6.94_11.94_-23.69_-32.81_0.1078_0.1772_-0.6772_-0.7059end0.23_9.38_-0.46_23.39_-0.45_6.94_11.94_-24.06_-33.25_0.1078_0.1772_-0.6772_,24.3787197,120.90909077,1075.00537109375
1241,-0.7059end0.13_9.39_-0.46_23.39_-0.45_6.94_11.94_-24.06_-33.25_0.1078_0.1772_-0.6772_-0.7059end0.23_9.42_-0.36_22.72_-0.45_9.40_11.94_-24.06_-33.25_0.1078_0.1772_-0.6772_-0.7059end0.27_9.38_-0.36_22.72_-0.45_9.40_11.94_-24.06_-33.25_0.1075_0.1780_-0.6733_-0.7095end0.27_9.38_-0.36_22.72_-0.45_9.40_11.94_-24.06_-33.25_0.1070_0.1780_-0.6718_-0.7111end0.53_9.38_-0.41_22.72_-0.45_9.40_11.94_-24.06_-33.25_0.1067_0.1781_-0.6710_-0.7118end0.75_9.32_-0.54_22.72_-0.45_9.40_11.94_-24.06_-33.25_0.1064_0.1780_-0.6703_-0.7125end,24.3787197,120.90909077,1075.00537109375
1242,,24.3787197,120.90909077,1075.00537109375
1243,0.75_9.32_-0.54_22.05_-5.26_9.74_11.94_-24.06_-33.25_0.1064_0.1780_-0.6703_-0.7125end0.75_9.32_-0.54_22.05_-5.26_9.74_11.94_-24.06_-33.25_0.1060_0.1781_-0.6688_-0.7140end0.86_9.32_-0.68_22.05_-5.26_9.74_11.94_-24.06_-33.25_0.1056_0.1784_-0.6672_-0.7155end0.95_9.32_-0.69_22.05_-5.26_9.74_11.94_-24.06_-33.25_0.1056_0.1784_-0.6672_-0.7155end0.95_9.32_-0.69_22.49_6.71_10.52_11.94_-24.06_-33.25_0.1055_0.1793_-0.6649_-0.7175end0.96_9.35_-0.63_22.49_6.71_10.52_11.94_-24.06_-33.25_0.1057_0.1797_-0.6640_-0.7181end0.96_9.35_-0.63_22.49_6.71_10.52_11.94_-25.06_-31.06_0.1058_0.1802_-0.6631_-0.7187end0.88_9.30_-0.98_22.49_6.71_10.52_11.94_-25.06_-31.06_0.1058_0.180,24.3787197,120.90909077,1075.00537109375
1244,2_-0.6631_-0.7187end0.82_9.29_-1.37_21.15_16.45_10.74_11.94_-25.06_-31.06_0.1058_0.1802_-0.6631_-0.7187end0.82_9.29_-1.37_21.15_16.45_10.74_11.94_-25.50_-33.69_0.1071_0.1830_-0.6599_-0.7209end,24.3787197,120.90909077,1075.00537109375
1245,,24.3787197,120.90909077,1075.00537109375
1246,0.76_9.23_-1.77_21.15_16.45_10.74_11.94_-25.50_-33.69_0.1075_0.1838_-0.6591_-0.7213end0.75_9.31_-2.18_21.15_16.45_10.74_11.94_-25.50_-33.69_0.1075_0.1838_-0.6591_-0.7213end0.79_9.29_-2.60_21.15_16.45_10.74_12.56_-26.19_-32.38_0.1075_0.1838_-0.6591_-0.7213end0.87_9.30_-2.77_21.15_16.45_10.74_12.56_-26.19_-32.38_0.1085_0.1861_-0.6568_-0.7227end0.96_9.45_-2.85_21.15_16.45_10.74_12.56_-26.19_-32.38_0.1086_0.1871_-0.6554_-0.7236end1.14_9.37_-3.07_21.15_16.45_10.74_12.56_-26.19_-32.38_0.1085_0.1875_-0.6548_-0.7241end1.35_9.40_-3.06_21.15_16.45_10.74_12.56_-26.19_-32.38_0.1085_0.1875_-0.6548_-0.7241end1.51_9.34_-3.26_16.11_-0.67_11.30_12.56_-26.19_-32.38_0.10,24.3787197,120.90909077,1075.00537109375
1247,85_0.1875_-0.6548_-0.7241end1.51_9.34_-3.26_16.11_-0.67_11.30_12.56_-26.19_-32.38_0.1078_0.1882_-0.6529_-0.7257end1.51_9.34_-3.26_13.76_1.23_10.85_12.56_-26.19_-32.38_0.1078_0.1882_-0.6529_-0.7257end,24.3787197,120.90909077,1075.00537109375
1248,,24.3787197,120.90909077,1075.00537109375
1249,1.76_9.29_-3.91_13.76_1.23_10.85_12.56_-26.19_-32.38_0.1078_0.1882_-0.6529_-0.7257end1.84_9.37_-4.25_13.76_1.23_10.85_12.56_-26.19_-32.38_0.1078_0.1882_-0.6529_-0.7257end1.84_9.37_-4.25_13.76_1.23_10.85_12.56_-26.19_-32.38_0.1078_0.1907_-0.6500_-0.7277end2.16_9.41_-5.59_13.76_1.23_10.85_12.56_-26.19_-32.38_0.1082_0.1915_-0.6496_,24.3787197,120.90909077,1075.00537109375
1250,-0.7278end2.42_9.46_-5.01_13.76_1.23_10.85_11.88_-27.56_-31.12_0.1082_0.1915_-0.6496_-0.7278end2.19_9.51_-4.63_6.04_18.35_9.85_11.88_-27.56_-31.12_0.1082_0.1915_-0.6496_-0.7278end2.19_9.51_-4.63_6.04_18.35_9.85_11.88_-27.56_-31.12_0.1089_0.1938_-0.6485_-0.7280end2.19_9.51_-4.63_6.04_18.35_9.85_11.88_-27.56_-31.12_0.1088_0.1948_-0.6478_-0.7283end2.23_9.54_-1.92_6.04_18.35_9.85_11.88_-27.56_-31.12_0.1088_0.1948_-0.6478_-0.7283end2.31_9.57_-0.97_6.04_18.35_9.85_11.88_-27.56_-31.12_0.1086_0.1951_-0.6476_-0.7285end,24.3787197,120.90909077,1075.00537109375
1251,,24.3787197,120.90909077,1075.00537109375
1252,,24.3787197,120.90909077,1075.00537109375
1253,2.31_9.57_-0.97_6.04_18.35_9.85_11.88_-27.56_-31.12_0.1078_0.1955_-0.6470_-0.7291end2.96_9.57_-0.59_6.04_18.35_9.85_11.88_-27.56_-31.12_0.1075_0.1955_-0.6468_-0.7293end2.59_9.47_-0.33_6.04_18.35_9.85_11.88_-27.56_-31.12_0.1075_0.1955_-0.6468_-0.7293end2.24_9.50_0.34_3.69_-4.92_7.61_11.88_-27.56_-31.12_0.1075_0.1955_-0.6468_-0.7293end2.19_9.45_0.21_3.36_-4.36_7.72_11.88_-27.56_-31.12_0.1075_0.1955_-0.6468_-0.7293end2.19_9.45_0.21_3.36_-4.36_7.72_12.19_-26.87_-32.44_0.1058_0.1956_-0.6459_-0.7303end2.00_9.46_-0.00_3.36_-4.36_7.72_12.19_-26.87_-32.44_0.1057_0.1957_-0.6458_-0.7305end2.06_9.42_-0.37_3.36_-4.36_7.72_12.19_-26.87_-32.44_0.1057_0.1957_-0.6458_-0.7305end2.06_9.42_-0.37_3.36_-4.36_7.72_12.19_-26.87_-32.44_0.1055_0.1960_-0.6453_-0.7308end2.12_9.43_-0.36_3.36_-4.36_7.72_12.19_-26.87_-32.44_0.1057_0.1967_-0.6447_-0.7311end,24.3787197,120.90909077,1075.00537109375
1254,1.99_9.45_-0.11_3.36_-4.36_7.72_12.19_-26.87_-32.44_0.1057_0.1967_-0.6447_-0.7311end1.86_9.46_0.02_3.36_-4.36_7.72_11.12_-27.19_-30.25_0.1057_0.1967_-0.6447_-0.7311end1.86_9.46_0.02_3.36_-4.36_7.72_11.12_-27.94_-31.56_0.1064_0.1984_-0.6435_-0.7316end1.40_9.45_-0.26_7.50_22.94_5.93_11.12_-27.94_-31.56_0.1064_0.1984_-0.6435_-0.7316end1.40_9.45_-0.26_7.50_22.94_5.93_11.12_-27.94_-31.56_0.1080_0.2009_-0.6422_-0.7318end1.20_9.44_-0.43_7.50_22.94_5.93_11.88_-27.19_-30.25_0.1080_0.2009_-0.6422_-0.7318end1.20_9.44_-0.43_7.50_22.94_5.93_12.50_-27.87_-31.12_0.1098_0.2034_-0.6409_-0.7321end1.06_9.46_-0.57_7.50_22.94_5.93_12.50_-27.87_-31.12_0.1102_0.2041_-0.6404_-0.7322end0.97_9.45_-0.45_7.50_22.94_5.93_12.50_-27.87_-31.12_0.1102_0.2041_-0.6404_-0.7322end0.97_9.45_-0.45_7.50_22.94_5.93_11.88_-28.62_-30.69_0.1107_0.2054_-0.6391_-0.7328end,24.3787197,120.90909077,1075.00537109375
1255,,24.3787197,120.90909077,1075.00537109375
1256,1.00_9.42_-0.37_7.50_22.94_5.93_11.88_-28.62_-30.69_0.1107_0.2056_-0.6387_-0.7332end1.19_9.45_-0.46_7.50_22.94_5.93_11.88_-28.62_-30.69_0.1107_0.2056_-0.6387_-0.7332end1.19_9.45_-0.46_7.50_22.94_5.93_11.88_-28.62_-30.25_0.1101_0.2057_-0.6376_-0.7342end1.68_9.40_-0.88_7.50_22.94_5.93_11.88_-28.62_-30.25_0.1098_0.2057_-0.6373_-0.7345end2.06_9.37_-1.55_7.50_22.94_5.93_11.88_-28.62_-30.25_0.1098_0.2057_-0.6373_-0.7345end2.06_9.37_-1.55_7.50_22.94_5.93_11.88_-28.62_-30.25_0.1087_0.2052_-0.6365_-0.7355end2.25_9.36_-1.83_7.50_22.94_5.93_11.88_-28.62_-30.25_0.1083_0.2050_-0.6362_-0.7358end2.25_9.36_-1.83_7.50_22.94_5.93_11.88_-28.62_-30.25_0.1083_0.2050_-0.636,24.3787197,120.90909077,1075.00537109375
1257,2_-0.7358end2.28_9.37_-1.93_7.50_22.94_5.93_11.88_-28.62_-30.25_0.1083_0.2050_-0.6362_-0.7358end2.46_9.36_-2.22_7.50_22.94_5.93_11.88_-28.62_-30.25_0.1083_0.2050_-0.6362_-0.7358end,24.3787197,120.90909077,1075.00537109375
1258,,24.3787197,120.90909077,1075.00537109375
1259,2.46_9.36_-2.22_7.50_22.94_5.93_11.12_-27.56_-31.12_0.1083_0.2050_-0.6362_-0.7358end2.59_9.37_-2.68_7.50_22.94_5.93_11.12_-27.56_-31.12_0.1083_0.2050_-0.6362_-0.7358end2.55_9.37_-2.81_7.50_22.94_5.93_11.12_-27.56_-31.12_0.1083_0.2050_-0.6362_-0.7358end2.40_9.36_-2.99_3.92_3.13_3.36_11.12_-27.56_-31.12_0.1083_0.2050_-0.6362_-0.7358end2.40_9.36_-2.99_3.92_3.13_3.36_11.12_-28.94_-31.56_0.1068_0.2050_-0.6339_-0.7380end2.28_9.37_-2.96_3.92_3.13_3.36_11.12_-28.94_-31.56_0.1069_0.2053_-0.6337_-0.7382end2.18_9.40_-2.70_3.92_3.13_3.36_11.12_-28.94_-31.56_0.1069_0.2053_-0.6337_-0.7382end2.18_9.40_-2.70_3.92_3.13_3.36_11.88_-28.62_-30.25_0.1071_0.2058_-0.6334_-0.,24.3787197,120.90909077,1075.00537109375
1260,7382end2.23_9.40_-2.02_3.92_3.13_3.36_11.88_-28.62_-30.25_0.1071_0.2058_-0.6334_-0.7382end2.23_9.40_-2.02_0.22_4.70_1.57_11.12_-27.87_-29.87_0.1071_0.2058_-0.6334_-0.7382end,24.3787197,120.90909077,1075.00537109375
1261,2.45_9.40_-1.61_0.22_4.70_1.57_11.12_-27.87_-29.87_0.1071_0.2058_-0.6334_-0.7382end2.54_9.39_-1.45_0.22_4.70_1.57_10.75_-28.25_-29.87_0.1071_0.2058_-0.6334_-0.7382end2.54_9.39_-1.45_0.22_4.70_1.57_10.75_-28.25_-29.87_0.1078_0.2072_-0.6328_-0.7383end2.63_9.41_-1.16_0.22_4.70_1.57_10.75_-28.25_-29.87_0.1080_0.2075_-0.6327_-0.7382end2.59_9.38_-1.02_0.22_4.70_1.57_10.75_-28.25_-29.87_0.1083_0.2078_-0.6327_-0.7382end2.48_9.41_-0.84_0.22_4.70_1.57_10.75_-28.25_-29.87_0.1083_0.2078_-0.6327_-0.7382end2.48_9.41_-0.84_0.22_4.70_1.57_10.75_-28.25_-29.87_0.1083_0.2078_-0.6327_-0.7382end2.48_9.41_-0.84_0.22_4.70_1.57_10.75_-28.25_-29.87_0.1096_0.2092_-0.6324_-0.7378end2.24_9.40_-0.66_0.22_4.70_1.57_10.75_-28.25_-29.87_0.1096_0.2092_-0.6324_-0.7378end2.24_9.40_-0.66_0.22_4.70_1.57_10.75_-28.25_-29.87_0.1104_0.2101_-0.6321_-0.7376end,24.3787197,120.90909077,1075.00537109375
1262,,24.3787197,120.90909077,1075.00537109375
1263,,24.3787197,120.90909077,1075.00537109375
1264,2.06_9.41_-0.37_0.22_4.70_1.57_10.75_-28.25_-29.87_0.1108_0.2105_-0.6321_-0.7375end2.06_9.41_-0.37_0.78_16.00_-1.45_10.75_-28.25_-29.87_0.1108_0.2105_-0.6321_-0.7375end2.00_9.40_-0.34_1.23_15.33_-1.45_10.75_-28.25_-29.87_0.1108_0.2105_-0.6321_-0.7375end1.84_9.40_0.04_1.23_15.33_-1.45_10.75_-28.25_-29.87_0.1130_0.2127_-0.6314_-0.7371end1.89_9.42_0.21_1.23_15.33_-1.45_10.75_-28.25_-29.87_0.1130_0.2127_-0.6314_-0.7371end1.87_9.40_0.25_1.23_15.33_-1.45_10.75_-28.25_-29.87_0.1138_0.2133_-0.6312_-0.7370end1.87_9.40_0.25_2.24_7.50_-2.91_10.75_-28.25_-29.87_0.1141_0.2135_-0.6311_-0.7370end1.87_9.40_0.25_2.24_7.50_-2.91_10.75_-28.25_-29.87_0.1147_0.2137_-0.6308_-0.7371end1.93_9.41_0.27_2.24_7.50_-2.91_13.25_-28.56_-29.00_0.1147_0.2137_-0.6308_-0.7371end1.93_9.41_0.27_3.25_7.16_-2.35_13.25_-28.56_-29.00_0.1152_0.2141_-0.6306_-0.7371end,24.3787197,120.90909077,1075.00537109375
1265,,24.3787197,120.90909077,1075.00537109375
1266,,24.3787197,120.90909077,1075.00537109375
1267,,24.3787197,120.90909077,1075.00537109375
1268,,24.3787197,120.90909077,1075.00537109375
1269,,24.3787197,120.90909077,1075.00537109375
1270,1.93_9.41_0.27_4.59_7.16_-2.13_13.25_-28.56_-29.00_0.1155_0.2142_-0.6303_-0.7372end1.93_9.41_0.27_4.81_6.60_-1.90_12.13_-29.25_-29.44_0.1158_0.2143_-0.6301_-0.7372end1.93_9.41_0.27_5.04_6.27_-2.01_12.13_-29.25_-29.44_0.1160_0.2144_-0.6299_-0.7374end1.93_9.41_0.27_5.93_5.26_-1.79_12.13_-29.25_-29.44_0.1166_0.2146_-0.6295_-0.7376end1.14_9.41_0.29_5.93_5.26_-1.79_12.13_-29.25_-29.44_0.1166_0.2146_-0.6295_-0.7376end1.05_9.42_0.30_5.93_5.26_-1.79_12.13_-29.25_-29.44_0.1170_0.2145_-0.6288_-0.7382end1.13_9.39_0.68_5.93_5.26_-1.79_12.13_-29.25_-29.44_0.1170_0.2145_-0.6288_-0.7382end1.28_9.42_0.70_5.93_5.26_-1.79_12.13_-29.25_-29.44_0.1170_0.2145_-0.6288_-0.7382end1.28_9.42_0.70_8.06_-6.49_-1.45_12.13_-29.25_-29.44_0.1170_0.2145_-0.6288_-0.7382end1.37_9.41_0.71_8.06_-6.49_-1.45_12.13_-29.25_-29.44_0.1170_0.2145_-0.6288_-0.7382end1.59_9.38_0.57_8.06_-6.49_-1.45_12.13_-29.25_-29.44_0.1167_0.2131_-0.6274_-0.7397end1.57_9.41_0.46_8.06_-6.49_-1.45_12.88_-28.50_-29.00_0.1167_0.2131_-0.6274_-0.7397end1.53_9.32_0.40_8.06_-6.49_-1.45_12.88_-28.81_-28.12_0.1167_0.2131_-0.6274_-0.7397end1.41_9.37_0.18_8.06_-6.49_-1.45_12.88_-28.81_-28.12_0.1167_0.2131_-0.6274_-0.7397end1.41_9.37_0.18_12.53_-8.17_-1.01_12.88_-28.81_-28.12_0.1167_0.2131_-0.6274_-0.7397end1.23_9.34_0.09_12.53_-8.17_-1.01_12.88_-28.81_-28.12_0.1167_0.2131_-0.6274_-0.7397end1.12_9.41_-0.00_12.53_-8.17_-1.01_12.88_-28.81_-28.12_0.1155_0.2097_-0.6244_-0.7435end1.12_9.41_-0.00_12.53_-8.17_-1.01_13.25_-28.56_-29.87_0.1155_0.2097_,24.3787197,120.90909077,1075.00537109375
1271,-0.6244_-0.7435end1.12_9.41_-0.00_12.53_-8.17_-1.01_13.25_-28.56_-29.87_0.1154_0.2089_-0.6231_-0.7449end1.12_9.41_-0.00_12.53_-8.17_-1.01_12.88_-29.25_-29.44_0.1154_0.2086_-0.6226_-0.7454end0.72_9.32_-0.36_12.53_-8.17_-1.01_12.88_-29.25_-29.44_0.1153_0.2083_-0.6222_-0.7458end0.74_9.32_-0.35_14.88_-8.39_0.11_12.88_-29.25_-29.44_0.1153_0.2083_-0.6222_-0.7458end0.74_9.32_-0.35_15.00_-10.18_0.45_12.88_-29.25_-29.44_0.1153_0.2083_-0.6222_-0.7458end0.76_9.32_-0.37_15.00_-10.18_0.45_12.88_-29.25_-29.44_0.1147_0.2068_-0.62,24.3787197,120.90909077,1075.00537109375
1272,03_-0.7479end0.80_9.33_-0.45_15.00_-10.18_0.45_12.88_-29.25_-29.44_0.1147_0.2068_-0.6203_-0.7479end0.81_9.33_-0.54_15.55_-17.57_1.34_12.88_-29.25_-29.44_0.1147_0.2068_-0.6203_-0.7479end0.81_9.33_-0.54_15.55_-17.57_1.34_11.81_-29.25_-30.69_0.1136_0.2051_-0.6190_-0.7496end0.81_9.33_-0.54_15.55_-17.57_1.34_11.81_-29.25_-30.69_0.1127_0.2036_-0.6180_-0.7509end0.96_9.28_-0.77_15.55_-17.57_1.34_11.81_-29.25_-30.69_0.1127_0.2036_-0.6180_-0.7509end0.92_9.29_-0.79_17.23_-24.28_2.01_11.81_-29.25_-30.69_0.1127_0.2036_-0.6180_-0.7509end,24.3787197,120.90909077,1075.00537109375
1273,,24.3787197,120.90909077,1075.00537109375
1274,0.93_9.32_-0.82_17.23_-24.28_2.01_11.50_-28.87_-28.50_0.1127_0.2036_-0.6180_-0.7509end0.94_9.29_-0.94_17.23_-26.86_2.35_11.50_-28.87_-28.50_0.1099_0.1995_-0.6157_-0.7543end0.96_9.25_-1.11_17.23_-26.86_2.35_11.50_-28.87_-28.50_0.1092_0.1986_-0.6152_-0.7551end0.95_9.28_-1.18_17.23_-26.86_2.35_11.50_-28.87_-28.50_0.1086_0.1978_-0.6148_-0.7557end1.00_9.24_-1.37_17.23_-26.86_2.35_11.50_-28.87_-28.50_0.1086_0.1978_-0.6148_-0.7557end1.00_9.24_-1.37_17.23_-26.86_2.35_11.50_-28.87_-28.50_0.1067_0.1952_-0.6133_-0.7578end1.04_9.21_-1.57_17.23_-26.86_2.35_11.50_-28.87_-28.50_0.1061_0.1944_-0.6129_-0.7585end1.02_9.23_-1.54_17.23_-26.86_2.35_11.50_-28.87_-28.50_0.1055_0.1936_-0.6124_-0.7592end0.93_9.25_-1.59_17.23_-26.86_2.35_11.50_-28.87_-28.50_0.1055_0.1936_-0.6124_-0.7592end0.93_9.25_-1.59_17.23_-26.86_2.35_11.50_-28.87_-28.50_0.1044_0.1922_-0.6114_-0.7605end,24.3787197,120.90909077,1075.00537109375
1275,,24.3787197,120.90909077,1075.00537109375
1276,0.93_9.25_-1.59_17.79_-19.92_3.80_11.50_-28.87_-28.50_0.1044_0.1922_-0.6114_-0.7605end0.93_9.25_-1.59_17.79_-19.92_3.80_11.50_-28.87_-28.50_0.1044_0.1922_-0.6114_-0.7605end0.77_9.29_-1.75_17.79_-19.92_3.80_11.50_-28.87_-28.50_0.1044_0.1922_-0.6114_-0.7605end0.66_9.21_-1.81_17.79_-19.92_3.80_11.50_-28.87_-28.50_0.1044_0.1922_-0.6114_-0.7605end0.65_9.18_-1.79_17.79_-19.92_3.80_11.50_-28.87_-28.50_0.1014_0.1884_-0.6075_-0.7650end0.57_9.25_-1.88_17.79_-19.92_3.80_11.50_-28.87_-28.50_0.1014_0.1884_-0.6075_-0.7650end0.57_9.25_-1.88_17.79_-19.92_3.80_11.50_-28.87_-28.50_0.1002_0.1871_-0.6057_-0.7668end0.51_9.27_-1.84_17.79_-19.92_3.80_11.50_-28.87_-28.50_0.09,24.3787197,120.90909077,1075.00537109375
1277,98_0.1867_-0.6051_-0.7675end0.51_9.17_-1.84_17.79_-19.92_3.80_11.50_-28.87_-28.50_0.0994_0.1863_-0.6045_-0.7681end0.49_9.30_-1.89_18.24_-13.99_6.38_11.50_-28.87_-28.50_0.0994_0.1863_-0.6045_-0.7681end,24.3787197,120.90909077,1075.00537109375
1278,0.47_9.16_-1.93_18.24_-13.99_6.38_11.50_-28.87_-28.50_0.0986_0.1856_-0.6033_-0.7693end0.49_9.23_-1.98_18.24_-13.99_6.38_11.44_-30.62_-28.12_0.0977_0.1849_-0.6021_-0.7706end0.48_9.23_-1.96_18.24_-13.99_6.38_11.44_-30.62_-28.12_0.0973_0.1846_-0.6014_-0.7712end0.48_9.23_-1.96_18.24_-13.99_6.38_10.75_-30.31_-29.00_0.0973_0.1846_-0.6014_-0.7712end0.63_9.15_-2.07_18.24_-13.99_6.38_10.75_-30.31_-29.00_0.0973_0.1846_-0.6014_-0.7712end0.63_9.15_-2.07_18.35_-13.76_8.50_10.75_-30.31_-29.00_0.0959_0.1837_-0.5995_-0.7731end0.63_9.15_-2.07_18.35_-13.76_8.50_10.75_-30.31_-29.00_0.0951_0.1831_-0.5983_-0.7742end0.81_9.14_-2.05_18.13_-11.86_8.95_10.75_-30.31_-29.00_0.09,24.3787197,120.90909077,1075.00537109375
1279,47_0.1829_-0.5977_-0.7748end0.93_9.15_-2.05_18.13_-11.86_8.95_10.75_-30.31_-29.00_0.0943_0.1827_-0.5970_-0.7755end0.96_9.15_-2.10_18.13_-11.86_8.95_10.75_-30.31_-29.00_0.0943_0.1827_-0.5970_-0.7755end,24.3787197,120.90909077,1075.00537109375
1280,,24.3787197,120.90909077,1075.00537109375
1281,,24.3787197,120.90909077,1075.00537109375
1282,0.97_9.09_-2.13_18.13_-11.86_8.95_10.75_-30.31_-29.00_0.0943_0.1827_-0.5970_-0.7755end0.97_9.09_-2.13_18.13_-11.86_8.95_9.94_-31.31_-26.37_0.0943_0.1827_-0.5970_-0.7755end1.04_9.05_-2.22_18.13_-11.86_8.95_9.94_-31.31_-26.37_0.0943_0.1827_-0.5970_-0.7755end1.04_9.05_-2.22_18.13_-11.86_8.95_8.50_-31.00_-26.81_0.0922_0.1827_-0.5922_-0.7793end1.11_9.11_-2.13_18.13_-11.86_8.95_8.50_-31.00_-26.81_0.0920_0.1827_-0.5916_-0.7798end1.29_9.09_-2.11_18.13_-11.86_8.95_8.50_-31.00_-26.81_0.0920_0.1827_-0.5916_-0.7798end1.29_9.09_-2.11_18.13_-11.86_8.95_9.25_-31.00_-26.81_0.0912_0.1826_-0.5902_-0.7810end1.51_9.04_-2.08_18.13_-11.86_8.95_9.25_-31.00_-26.81_0.0906_0.18,24.3787197,120.90909077,1075.00537109375
1283,24_-0.5895_-0.7816end1.51_9.04_-2.08_18.58_-20.81_10.85_9.25_-31.00_-26.81_0.0906_0.1824_-0.5895_-0.7816end1.63_9.06_-2.13_18.58_-20.81_10.85_9.25_-31.00_-26.81_0.0906_0.1824_-0.5895_-0.7816end,24.3787197,120.90909077,1075.00537109375
1284,,24.3787197,120.90909077,1075.00537109375
1285,,24.3787197,120.90909077,1075.00537109375
1286,1.63_9.06_-2.13_18.58_-20.81_10.85_9.25_-31.00_-26.81_0.0878_0.1805_-0.5871_-0.7842end1.63_9.06_-2.13_18.58_-20.81_10.85_9.25_-31.00_-26.81_0.0871_0.1799_-0.5864_-0.7849end2.25_8.98_-2.29_18.58_-20.81_10.85_9.25_-31.00_-26.81_0.0871_0.1799_-0.5864_-0.7849end2.25_9.00_-2.40_18.58_-20.81_10.85_9.25_-31.00_-26.81_0.0871_0.1799_-0.5864_-0.7849end2.42_9.02_-2.62_18.58_-20.81_10.85_9.25_-31.00_-26.81_0.0842_0.1776_-0.5840_-0.7876end2.42_9.02_-2.62_18.80_-13.76_9.51_9.25_-31.00_-26.81_0.0835_0.1771_-0.5834_-0.7883end2.47_8.91_-2.75_18.80_-13.76_9.51_8.81_-33.50_-26.44_0.0835_0.1771_-0.5834_-0.7883end2.48_9.07_-2.89_19.36_-4.59_9.06_8.81_-33.50_-26.44_0.0835_0,24.3787197,120.90909077,1075.00537109375
1287,.1771_-0.5834_-0.7883end2.48_9.07_-2.89_18.91_-3.58_8.84_8.81_-33.50_-26.44_0.0820_0.1765_-0.5807_-0.7906end2.34_8.99_-2.94_18.91_-3.58_8.84_8.81_-33.50_-26.44_0.0817_0.1765_-0.5800_-0.7911end2.34_8.99_-2.94_18.13_-16.00_9.18_8.81_-33.50_-26.44_0.0808_0.1760_-0.5787_-0.7922end2.34_8.99_-2.94_17.79_-20.48_8.84_8.13_-33.50_-25.56_0.0808_0.1760_-0.5787_-0.7922end2.14_8.97_-3.31_17.79_-20.48_8.84_8.13_-33.50_-25.56_0.0808_0.1760_-0.5787_-0.7922end2.14_8.97_-3.31_17.79_-20.48_8.84_7.37_-33.13_-26.00_0.0808_0.1760_-0.5787_-0.7922end2.26_9.06_-3.47_17.79_-20.48_8.84_7.37_-33.13_-26.00_0.0773_0.1725_-0.5760_-0.7953end2.38_8.97_-3.64_17.79_-20.48_8.84_7.37_-33.13_-26.00_0.0764_0.1715_-0.5755_-0.7960end2.62_8.87_-4.07_17.79_-20.48_8.84_7.37_-33.88_-26.44_0.0764_0.1715_-0.5755_-0.7960end2.76_8.99_-4.16_14.44_-36.26_6.83_6.69_-32.44_-25.94_0.0764_0.1715_-0.5755_-0.7960end2.77_8.93_-4.48_14.32_-38.72_6.60_6.69_-32.44_-25.94_0.0723_0.1670_-0.5738_-0.7985end2.78_8.92_-4.46_14.32_-38.72_6.60_6.69_-32.44_-25.94_0.0712_0.1657_-0.5734_-0.7992end,24.3787197,120.90909077,1075.00537109375
1288,,24.3787197,120.90909077,1075.00537109375
1289,,24.3787197,120.90909077,1075.00537109375
1290,2.80_8.93_-4.35_14.32_-38.72_6.60_6.69_-32.44_-25.94_0.0712_0.1657_-0.5734_-0.7992end2.45_8.86_-4.35_14.32_-38.72_6.60_6.69_-32.44_-25.94_0.0712_0.1657_-0.5734_-0.7992end2.45_8.86_-4.35_14.32_-38.72_6.60_7.00_-33.13_-25.56_0.0685_0.1625_-0.5721_-0.8010end2.59_8.90_-3.95_14.32_-38.72_6.60_7.00_-33.13_-25.56_0.0685_0.1625_-0.5721_-0.8010end2.47_8.97_-3.81_14.32_-38.72_6.60_7.00_-33.13_-25.56_0.0685_0.1625_-0.5721_-0.8010end1.97_8.93_-3.91_14.32_-38.72_6.60_7.00_-33.13_-25.56_0.0665_0.1602_-0.5709_-0.8025end1.97_8.93_-3.91_11.86_-10.41_4.48_7.00_-33.13_-25.56_0.0655_0.1591_-0.5696_-0.8037end2.06_8.93_-3.93_11.86_-10.41_4.48_7.00_-33.13_-25.56_0.0655_0.159,24.3787197,120.90909077,1075.00537109375
1291,1_-0.5696_-0.8037end2.06_8.93_-3.93_11.86_-10.41_4.48_7.00_-33.13_-25.56_0.0653_0.1589_-0.5693_-0.8040end1.77_9.06_-3.86_11.86_-10.41_4.48_7.00_-33.13_-25.56_0.0653_0.1589_-0.5693_-0.8040end,24.3787197,120.90909077,1075.00537109375
1292,1.77_9.06_-3.86_9.74_2.24_3.36_6.25_-34.88_-26.06_0.0652_0.1591_-0.5680_-0.8049end1.77_9.06_-3.86_9.74_2.24_3.36_6.25_-34.88_-26.06_0.0653_0.1594_-0.5672_-0.8054end1.42_8.99_-3.95_9.74_2.24_3.36_5.56_-33.88_-25.56_0.0653_0.1594_-0.5672_-0.8054end1.40_8.96_-3.90_9.62_0.56_3.92_5.56_-33.88_-25.56_0.0653_0.1594_-0.5672_-0.8054end1.27_9.00_-3.74_9.62_0.56_3.92_6.25_-34.56_-25.56_0.0653_0.1594_-0.5672_-0.8054end1.27_9.00_-3.74_9.18_1.79_4.03_6.25_-34.56_-25.56_0.0651_0.1600_-0.5653_-0.8066end1.27_9.00_-3.74_9.18_1.79_4.03_5.56_-33.88_-26.44_0.0651_0.1601_-0.5649_-0.8068end1.04_8.98_-3.77_9.18_1.79_4.03_5.56_-33.88_-26.44_0.0651_0.1601_-0.5649_-0.8068end1.02_8.99_-3.71_9.18_1.79_4.03_5.56_-33.88_-26.44_0.0651_0.1601_-0.5649_-0.8068end1.04_8.98_-3.78_9.18_1.79_4.03_5.56_-33.88_-26.44_0.0651_0.1608_-0.5639_-0.8074end,24.3787197,120.90909077,1075.00537109375
1293,,24.3787197,120.90909077,1075.00537109375
1294,,24.3787197,120.90909077,1075.00537109375
1295,1.04_8.98_-3.78_9.18_1.79_4.03_5.56_-33.88_-26.44_0.0651_0.1613_-0.5633_-0.8077end1.05_8.98_-3.82_9.18_1.79_4.03_5.56_-33.88_-26.44_0.0651_0.1616_-0.5630_-0.8079end1.12_8.97_-3.87_9.18_1.79_4.03_5.56_-33.88_-26.44_0.0651_0.1616_-0.5630_-0.8079end1.12_8.97_-3.87_9.18_1.79_4.03_5.56_-33.88_-26.44_0.0648_0.1620_-0.5622_-0.8084end1.23_8.88_-3.69_9.18_1.79_4.03_5.56_-33.88_-26.44_0.0648_0.1620_-0.5622_-0.8084end1.21_8.95_-3.65_5.93_-3.25_6.27_5.56_-33.88_-26.44_0.0648_0.1620_-0.5622_-0.8084end1.21_8.95_-3.65_5.60_-4.92_6.49_7.00_-34.56_-24.69_0.0648_0.1620_-0.5622_-0.8084end1.21_8.95_-3.65_5.60_-4.92_6.49_7.00_-34.56_-24.69_0.0634_0.1619_-0.5609_-0.8094end1,24.3787197,120.90909077,1075.00537109375
1296,.31_8.95_-3.46_5.60_-4.92_6.49_7.00_-34.56_-24.69_0.0629_0.1618_-0.5607_-0.8096end1.32_8.86_-3.36_5.60_-4.92_6.49_7.00_-34.56_-24.69_0.0624_0.1616_-0.5604_-0.8099end,24.3787197,120.90909077,1075.00537109375
1297,,24.3787197,120.90909077,1075.00537109375
1298,1.32_8.86_-3.36_4.92_-9.18_7.16_7.00_-34.56_-24.69_0.0624_0.1616_-0.5604_-0.8099end1.32_8.86_-3.36_4.92_-9.18_7.16_7.00_-34.56_-24.69_0.0616_0.1613_-0.5600_-0.8103end1.46_8.91_-3.22_4.92_-9.18_7.16_7.00_-34.56_-24.69_0.0616_0.1613_-0.5600_-0.8103end1.46_8.94_-3.13_4.92_-9.18_7.16_7.00_-34.56_-24.69_0.0616_0.1613_-0.5600_-0.8103end1.47_8.91_-3.13_4.92_-9.18_7.16_7.00_-34.56_-24.69_0.0616_0.1613_-0.5600_-0.8103end1.47_8.91_-3.13_4.92_-9.18_7.16_7.00_-34.56_-24.69_0.0588_0.1598_-0.5590_-0.8115end1.57_8.95_-3.08_4.92_-9.18_7.16_7.00_-34.56_-24.69_0.0575_0.1590_-0.5586_-0.8120end1.58_8.91_-3.06_4.92_-9.18_7.16_7.00_-34.56_-24.69_0.0575_0.1590_-0.5586_-0.8120end1.64_8.90_-3.12_4.92_-9.18_7.16_7.00_-34.56_-24.69_0.0575_0.1590_-0.5586_-0.8120end1.76_8.96_-3.20_4.92_-9.18_7.16_7.00_-34.56_-24.69_0.0575_0.1590_-0.5586_-0.8120end,24.3787197,120.90909077,1075.00537109375
1299,,24.3787197,120.90909077,1075.00537109375
1300,,24.3787197,120.90909077,1075.00537109375
1301,,24.3787197,120.90909077,1075.00537109375
1302,,24.3787197,120.90909077,1075.00537109375
1303,,24.3787197,120.90909077,1075.00537109375
1304,1.86_8.95_-3.39_4.92_-9.18_7.16_7.00_-34.56_-24.69_0.0551_0.1574_-0.5577_-0.8130end1.86_8.95_-3.39_4.36_-11.86_8.39_4.87_-34.88_-25.56_0.0551_0.1574_-0.5577_-0.8130end1.97_8.91_-3.59_4.36_-11.86_8.39_4.87_-34.88_-25.56_0.0551_0.1574_-0.5577_-0.8130end2.02_8.95_-3.68_4.03_-8.84_8.06_4.87_-34.88_-25.56_0.0551_0.1574_-0.5577_-0.8130end2.02_8.95_-3.68_4.03_-8.84_8.06_4.87_-34.56_-24.69_0.0522_0.1564_-0.5565_-0.8143end2.12_8.99_-3.93_4.03_-8.84_8.06_4.87_-34.56_-24.69_0.0519_0.1564_-0.5563_-0.8145end2.20_9.07_-4.11_4.03_-8.84_8.06_5.50_-35.19_-24.69_0.0519_0.1564_-0.5563_-0.8145end2.20_9.07_-4.11_3.58_-6.71_7.83_5.50_-35.19_-24.69_0.0519_0.1564_-0.5563_-0.8145end2.34_9.97_-4.36_3.58_-6.71_7.83_5.50_-35.19_-24.69_0.0519_0.1564_-0.5563_-0.8145end2.34_9.97_-4.36_3.58_-6.71_7.83_5.50_-35.19_-24.69_0.0503_0.1564_-0.5554_-0.8152end3.09_11.82_-5.37_3.58_-6.71_7.83_5.50_-35.19_-24.69_0.0503_0.1564_-0.5554_-0.8152end3.56_13.01_-6.21_3.58_-6.71_7.83_5.50_-35.19_-24.69_0.0503_0.1564_-0.5554_-0.8152end4.25_14.20_-6.52_-1.90_36.71_1.01_5.50_-35.19_-24.69_0.0503_0.1564_-0.5554_-0.8152end5.25_16.84_-7.61_-1.90_36.71_1.01_5.50_-35.19_-24.69_0.0503_0.1564_-0.5554_-0.8152end5.29_17.09_-8.07_-1.90_36.71_1.01_5.50_-35.19_-24.69_0.0541_0.1629_-0.5549_-0.8140end5.34_17.17_-8.03_-1.90_36.71_1.01_5.50_-35.19_-24.69_0.0541_0.1629_-0.5549_-0.8140end5.34_17.17_-8.03_-1.90_36.71_1.01_5.50_-35.19_-24.69_0.0633_0.1752_-0.5543_-0.8112end4.03_16.73_-6.54_-1.90_36.71_1.01_5.50_-35.19_-24.69_0.0633_0.1752_-0.5543_-0.8112end4.03_16.73_-6.54_-1.90_36.71_1.01_5.50_-35.19_-24.69_0.0670_0.1805_-0.5540_-0.8099end2.66_16.75_-4.99_-1.90_36.71_1.01_5.50_-35.19_-24.69_0.0670_0.1805_-0.5540_-0.8099end,24.3787197,120.90909077,1075.00537109375
1305,-3.59_13.62_0.37_-1.90_36.71_1.01_5.50_-35.19_-24.69_0.0670_0.1805_-0.5540_-0.8099end-3.59_13.62_0.37_-1.90_36.71_1.01_6.25_-34.56_-24.69_0.0670_0.1805_-0.5540_-0.8099end-3.59_13.62_0.37_-1.90_36.71_1.01_6.25_-34.56_-24.69_0.0817_0.2023_-0.5532_-0.8040end0.17_16.90_-1.67_-3.13_20.81_12.31_6.25_-34.56_-24.69_0.0829_0.2056_-0.5527_-0.8033end0.17_16.90_-1.67_-8.50_6.27_10.30_6.25_-34.56_-24.69_0.0829_0.2056_-0.5527_-0.8033end0.17_16.90_-1.67_-8.50_6.27_10.30_6.25_-34.56_-24.69_0.0820_0.2067_-0.5536_-0.8026end1.08_15.23_-3.09_-8.50_6.27_10.30_6.25_-34.56_-24.69_0.0820_0.2067_-0.5536_-0.8026end3.10_14.91_-3.26_-8.50_6.27_10.30_6.25_-34.56_-24.69_0.0811_0.20,24.3787197,120.90909077,1075.00537109375
1306,58_-0.5552_-0.8018end3.10_14.91_-3.26_-8.50_6.27_10.30_6.25_-34.56_-24.69_0.0801_0.2046_-0.5560_-0.8016end3.10_14.91_-3.26_-8.50_6.27_10.30_6.25_-34.56_-24.69_0.0771_0.2010_-0.5582_-0.8013end,24.3787197,120.90909077,1075.00537109375
1307,3.29_11.19_-5.00_-8.50_6.27_10.30_6.25_-34.56_-24.69_0.0771_0.2010_-0.5582_-0.8013end8.44_11.46_-14.45_-40.29_-45.43_-4.81_6.25_-34.56_-24.69_0.0771_0.2010_-0.5582_-0.8013end4.98_10.00_-3.50_-40.29_-45.43_-4.81_6.25_-34.56_-24.69_0.0714_0.1938_-0.5626_-0.8005end7.11_10.71_-4.89_-40.29_-45.43_-4.81_6.25_-34.56_-24.69_0.0714_0.1938_-0.5626_-0.8005end1.83_10.77_2.72_-40.29_-45.43_-4.81_6.25_-34.56_-24.69_0.0699_0.1923_-0.5632_-0.8006end4.64_10.18_-2.38_-19.36_-47.45_5.37_6.25_-34.56_-24.69_0.0699_0.1923_-0.5632_-0.8006end4.64_10.18_-2.38_-19.36_-47.45_5.37_5.94_-33.50_-26.00_0.0654_0.1878_-0.5651_-0.8007end4.64_10.18_-2.38_-19.36_-47.45_5.37_5.94_-33.50_-26.00_0.0643_0.1866_-0.5659_-0.8005end3.71_10.18_-0.08_-19.36_-47.45_5.37_5.94_-33.50_-26.00_0.0637_0.1857_-0.5668_-0.8001end2.93_9.42_0.92_-19.36_-47.45_5.37_5.94_-33.50_-26.00_0.0635_0.1849_-0.5688_-0.7990end,24.3787197,120.90909077,1075.00537109375
1308,,24.3787197,120.90909077,1075.00537109375
1309,,24.3787197,120.90909077,1075.00537109375
1310,,24.3787197,120.90909077,1075.00537109375
1311,2.38_8.70_-0.10_-19.36_-47.45_5.37_7.00_-34.25_-27.31_0.0635_0.1849_-0.5688_-0.7990end2.10_8.45_0.75_-19.36_-47.45_5.37_7.00_-34.25_-27.31_0.0635_0.1843_-0.5717_-0.7969end2.10_8.45_0.75_-19.36_-47.45_5.37_6.31_-33.88_-26.81_0.0635_0.1837_-0.5729_-0.7963end1.39_8.54_0.92_-19.36_-47.45_5.37_6.31_-33.88_-26.81_0.0635_0.1837_-0.5729_-0.7963end1.39_8.54_0.92_-19.36_-47.45_5.37_6.31_-33.88_-26.81_0.0630_0.1812_-0.5766_-0.7942end1.39_8.54_0.92_-19.36_-47.45_5.37_7.00_-32.75_-25.12_0.0626_0.1798_-0.5779_-0.7935end2.12_8.18_0.45_-19.36_-47.45_5.37_7.00_-32.75_-25.12_0.0619_0.1781_-0.5794_-0.7930end2.06_8.19_0.29_-35.92_-43.31_-17.57_7.00_-32.75_-25.12_0.0619_0.,24.3787197,120.90909077,1075.00537109375
1312,1781_-0.5794_-0.7930end2.06_8.19_0.29_-37.49_-39.17_-19.25_7.00_-32.75_-25.12_0.0619_0.1781_-0.5794_-0.7930end2.06_8.19_0.29_-38.72_-31.89_-21.37_7.00_-32.75_-25.12_0.0596_0.1713_-0.5856_-0.7900end,24.3787197,120.90909077,1075.00537109375
1313,2.23_8.00_1.32_-38.72_-31.89_-21.37_7.00_-32.75_-25.12_0.0596_0.1713_-0.5856_-0.7900end1.81_7.51_1.60_-38.72_-31.89_-21.37_7.00_-32.75_-25.12_0.0596_0.1713_-0.5856_-0.7900end1.81_7.51_1.60_-38.72_-31.89_-21.37_6.00_-31.06_-28.12_0.0606_0.1678_-0.5920_-0.7859end1.37_7.29_1.49_-38.72_-31.89_-21.37_6.00_-31.06_-28.12_0.0614_0.1675_-0.5937_-0.7847end1.34_7.24_1.67_-38.72_-31.89_-21.37_6.00_-31.06_-28.12_0.0614_0.1675_-0.5937_-0.7847end1.12_7.30_1.90_-38.72_-31.89_-21.37_6.00_-31.06_-28.12_0.0614_0.1675_-0.5937_-0.7847end0.67_7.46_1.48_-38.72_-31.89_-21.37_6.00_-31.06_-28.12_0.0641_0.1669_-0.5989_-0.7806end0.48_7.63_1.35_-38.72_-31.89_-21.37_6.00_-31.06_-28,24.3787197,120.90909077,1075.00537109375
1314,.12_0.0654_0.1660_-0.6025_-0.7780end0.48_7.63_1.35_-50.58_-5.37_-27.64_6.00_-31.06_-28.12_0.0654_0.1660_-0.6025_-0.7780end0.48_7.63_1.35_-50.58_-5.37_-27.64_6.00_-30.37_-28.12_0.0654_0.1660_-0.6025_-0.7780end,24.3787197,120.90909077,1075.00537109375
1315,,24.3787197,120.90909077,1075.00537109375
1316,,24.3787197,120.90909077,1075.00537109375
1317,,24.3787197,120.90909077,1075.00537109375
1318,0.48_7.63_1.35_-50.58_-5.37_-27.64_6.00_-30.37_-28.12_0.0664_0.1634_-0.6085_-0.7737end0.48_7.63_1.35_-50.58_-5.37_-27.64_6.00_-30.37_-28.12_0.0664_0.1634_-0.6085_-0.7737end0.28_8.31_0.65_-50.58_-5.37_-27.64_6.00_-30.37_-28.12_0.0664_0.1634_-0.6085_-0.7737end0.28_8.31_0.65_-50.58_-5.37_-27.64_6.00_-30.37_-28.12_0.0664_0.1634_-0.6085_-0.7737end0.27_8.85_0.27_-50.58_-5.37_-27.64_6.00_-30.37_-28.12_0.0664_0.1634_-0.6085_-0.7737end0.57_8.98_-0.04_-50.58_-5.37_-27.64_6.00_-30.37_-28.12_0.0664_0.1634_-0.6085_-0.7737end0.57_8.98_-0.04_-50.58_-5.37_-27.64_7.12_-29.69_-30.69_0.0644_0.1529_-0.6266_-0.7614end0.57_8.98_-0.04_-66.92_-0.67_-22.38_7.12_-29.69_-30.69_0,24.3787197,120.90909077,1075.00537109375
1319,.0644_0.1529_-0.6266_-0.7614end0.57_8.98_-0.04_-66.92_-0.67_-22.38_7.12_-29.69_-30.69_0.0655_0.1520_-0.6339_-0.7555end-0.47_8.59_-0.02_-71.51_20.59_-20.25_7.12_-29.69_-30.69_0.0662_0.1522_-0.6364_-0.7533end-0.59_8.63_-0.09_-71.51_20.59_-20.25_8.25_-27.31_-32.38_0.0662_0.1522_-0.6364_-0.7533end-0.96_8.74_-0.25_-71.51_20.59_-20.25_8.25_-27.31_-32.38_0.0662_0.1522_-0.6364_-0.7533end-0.96_8.74_-0.25_-71.51_20.59_-20.25_8.25_-27.31_-32.38_0.0686_0.1534_-0.6467_-0.7440end-0.96_8.74_-0.25_-71.51_20.59_-20.25_8.25_-27.62_-31.50_0.0686_0.1534_-0.6467_-0.7440end-0.96_8.74_-0.25_-71.51_20.59_-20.25_8.25_-27.62_-31.50_0.0688_0.1534_-0.6523_-0.7391end-1.02_8.98_-1.12_-71.51_20.59_-20.25_8.25_-27.62_-31.50_0.0688_0.1534_-0.6523_-0.7391end-1.02_8.98_-1.12_-71.51_20.59_-20.25_9.00_-26.62_-33.25_0.0666_0.1517_-0.6645_-0.7287end-0.67_9.32_-1.07_-71.51_20.59_-20.25_9.00_-2,24.3787197,120.90909077,1075.00537109375
1320,6.62_-33.25_0.0656_0.1511_-0.6677_-0.7260end-0.31_9.33_-0.41_-71.51_20.59_-20.25_7.56_-24.87_-34.44_0.0656_0.1511_-0.6677_-0.7260end-0.31_9.33_-0.41_-102.28_-3.92_-4.48_8.69_-25.19_-34.44_0.0656_0.1511_-0.6677_-0.7260end,24.3787197,120.90909077,1075.00537109375
1321,-0.31_9.33_-0.41_-102.28_-3.92_-4.48_8.69_-25.19_-34.44_0.0624_0.1503_-0.6807_-0.7143end-0.02_9.12_-0.11_-102.28_-3.92_-4.48_8.69_-25.19_-34.44_0.0624_0.1503_-0.6807_-0.7143end0.07_9.00_0.04_-102.28_-3.92_-4.48_8.69_-25.19_-34.44_0.0624_0.1503_-0.6807_-0.7143end-0.08_8.74_0.63_-102.28_-3.92_-4.48_8.69_-25.19_-34.44_0.0624_0.1503_-0.6807_-0.7143end-0.17_8.54_1.06_-102.28_-3.92_-4.48_8.69_-25.19_-34.44_0.0626_0.1537_-0.6939_-0.7007end-0.17_8.54_1.06_-111.23_26.75_-0.90_8.69_-25.19_-34.44_0.0629_0.1549_-0.6971_-0.6971end-0.17_8.54_1.06_-111.23_26.75_-0.90_8.75_-22.13_-36.19_0.0630_0.1561_-0.7005_-0.6935end-0.17_8.54_1.06_-113.36_17.35_-0.34_8.75_-22.13_-36.19_0.0630_0.1580_-0.7072_-0.6863end0.13_8.41_1.91_-113.36_17.35_-0.34_8.75_-21.81_-37.44_0.0630_0.1580_-0.7072_-0.6863end0.13_8.41_1.91_-114.03_12.20_-0.11_8.75_-21.81_-37.44_0.0627_0.1587_-0.7107_-0.6825end,24.3787197,120.90909077,1075.00537109375
1322,,24.3787197,120.90909077,1075.00537109375
1323,0.13_8.41_1.91_-115.37_0.56_1.12_9.06_-22.13_-36.19_0.0615_0.1598_-0.7173_-0.6754end0.64_8.28_2.38_-115.37_0.56_1.12_9.06_-22.13_-36.19_0.0615_0.1598_-0.7173_-0.6754end0.98_8.03_2.71_-115.37_0.56_1.12_9.06_-22.13_-36.19_0.0615_0.1598_-0.7173_-0.6754end1.15_7.99_2.79_-115.37_0.56_1.12_9.06_-22.13_-36.19_0.0585_0.1611_-0.7315_-0.6599end1.15_7.99_2.79_-115.37_0.56_1.12_9.06_-22.13_-36.19_0.0574_0.1612_-0.7350_-0.6561end1.57_8.01_2.77_-115.37_0.56_1.12_9.06_-22.13_-36.19_0.0553_0.1614_-0.7416_-0.6488end1.60_8.04_2.90_-115.37_0.56_1.12_9.06_-22.13_-36.19_0.0543_0.1616_-0.7449_-0.6450end9.61_7.69_-4.14_-115.37_0.56_1.12_9.06_-22.13_-36.19_0.0543_0.1616_-0.7449_-0.6450end9.61_7.69_-4.14_-129.14_36.93_-12.53_9.56_-15.88_-39.56_0.0543_0.1616_-0.7449_-0.6450end9.61_7.69_-4.14_-67.59_-71.73_39.39_9.56_-15.88_-39.56_0.0469_0.1610_-0.7560_-0.6326end,24.3787197,120.90909077,1075.00537109375
1324,,24.3787197,120.90909077,1075.00537109375
1325,,24.3787197,120.90909077,1075.00537109375
1326,7.56_5.70_2.41_-67.59_-71.73_39.39_8.88_-15.19_-40.44_0.0469_0.1610_-0.7560_-0.6326end7.56_5.70_2.41_-79.68_-27.53_35.14_8.88_-15.19_-40.44_0.0437_0.1610_-0.7580_-0.6306end-7.33_9.97_17.75_-79.68_-27.53_35.14_8.88_-15.19_-40.44_0.0415_0.1616_-0.7599_-0.6283end-7.33_9.97_17.75_-95.12_26.75_20.37_8.88_-15.19_-40.44_0.0400_0.1644_-0.7645_-0.6220end-7.33_9.97_17.75_-95.12_26.75_20.37_8.88_-15.19_-40.44_0.0400_0.1644_-0.7645_-0.6220end-7.33_9.97_17.75_-96.46_-0.11_2.01_8.88_-15.19_-40.44_0.0385_0.1661_-0.7723_-0.6119end4.87_8.52_-0.98_-96.46_-0.11_2.01_8.88_-15.19_-40.44_0.0385_0.1661_-0.7723_-0.6119end4.53_7.60_0.57_-96.46_-0.11_2.01_8.88_-15.19_-40.44_0.0385_0.1661_-0.7723_-0.6119end4.53_7.60_0.57_-96.46_-0.11_2.01_8.88_-15.19_-40.44_0.0358_0.1683_-0.7790_-0.6030end4.53_7.60_0.57_-96.46_-0.11_2.01_8.88_-15.19_-40.44_0.0331_0.1695_-0.7828_-0.5978end,24.3787197,120.90909077,1075.00537109375
1327,,24.3787197,120.90909077,1075.00537109375
1328,0.95_8.86_2.24_-96.46_-0.11_2.01_8.19_-12.75_-41.63_0.0318_0.1699_-0.7849_-0.5951end0.32_9.89_3.29_-96.46_-0.11_2.01_8.19_-12.75_-41.63_0.0318_0.1699_-0.7849_-0.5951end0.32_9.89_3.29_-96.46_-0.11_2.01_8.19_-12.75_-41.63_0.0275_0.1696_-0.7910_-0.5872end2.23_11.53_0.52_-96.46_-0.11_2.01_8.19_-12.75_-41.63_0.0260_0.1694_-0.7932_-0.5845end2.96_12.34_1.97_-96.46_-0.11_2.01_6.81_-10.31_-42.88_0.0260_0.1694_-0.7932_-0.5845end3.78_12.27_1.64_-74.42_-19.81_9.29_6.81_-10.31_-42.88_0.0218_0.1690_-0.7989_-0.5768end2.95_11.98_0.96_-74.42_-19.81_9.29_6.81_-10.31_-42.88_0.0218_0.1690_-0.7989_-0.5768end2.80_11.52_0.76_-74.42_-19.81_9.29_6.81_-10.31_-42.88_0.0206_0.169,24.3787197,120.90909077,1075.00537109375
1329,1_-0.8007_-0.5744end2.80_11.52_0.76_-74.42_-19.81_9.29_6.81_-10.31_-42.88_0.0195_0.1708_-0.8057_-0.5669end3.29_11.05_1.39_-74.42_-19.81_9.29_8.25_-8.56_-41.56_0.0195_0.1708_-0.8057_-0.5669end,24.3787197,120.90909077,1075.00537109375
1330,,24.3787197,120.90909077,1075.00537109375
1331,3.29_11.05_1.39_-74.42_-19.81_9.29_8.25_-8.56_-41.56_0.0201_0.1718_-0.8072_-0.5644end4.14_9.21_1.47_-74.42_-19.81_9.29_8.63_-8.56_-42.44_0.0201_0.1718_-0.8072_-0.5644end3.80_7.17_2.57_-54.72_52.48_-2.35_8.63_-8.56_-42.44_0.0201_0.1718_-0.8072_-0.5644end3.80_7.17_2.57_-49.24_54.50_-3.58_8.63_-8.56_-42.44_0.0201_0.1718_-0.8072_-0.5644end3.80_7.17_2.57_-49.24_54.50_-3.58_8.63_-8.56_-42.44_0.0269_0.1777_-0.8140_-0.5524end2.95_5.52_3.46_-49.24_54.50_-3.58_8.63_-8.56_-42.44_0.0269_0.1777_-0.8140_-0.5524end2.95_5.52_3.46_-44.31_46.89_-3.25_8.63_-8.56_-42.44_0.0312_0.1810_-0.8173_-0.5463end0.71_4.93_4.61_-44.31_46.89_-3.25_8.69_-6.75_-41.00_0.0312_0.1810_-0.8173_-0.5463end0.92_4.36_4.04_-44.31_46.89_-3.25_8.69_-6.75_-41.00_0.0333_0.1826_-0.8204_-0.5408end1.10_4.03_3.77_-44.31_46.89_-3.25_10.13_-6.75_-41.94_0.0333_0.1826_-0.8204_-0.5408end,24.3787197,120.90909077,1075.00537109375
1332,,24.3787197,120.90909077,1075.00537109375
1333,,24.3787197,120.90909077,1075.00537109375
1334,,24.3787197,120.90909077,1075.00537109375
1335,,24.3787197,120.90909077,1075.00537109375
1336,1.42_3.77_3.83_-42.75_-33.24_-8.17_10.13_-6.75_-41.94_0.0332_0.1822_-0.8226_-0.5376end1.42_3.77_3.83_-42.75_-33.24_-8.17_10.13_-6.75_-41.94_0.0306_0.1804_-0.8248_-0.5350end3.24_2.26_1.84_-42.75_-33.24_-8.17_10.13_-6.75_-41.94_0.0286_0.1790_-0.8260_-0.5338end3.43_2.09_2.45_-36.48_-55.06_-7.05_10.13_-6.75_-41.94_0.0286_0.1790_-0.8,24.3787197,120.90909077,1075.00537109375
1337,260_-0.5338end3.43_2.09_2.45_-36.48_-55.06_-7.05_10.13_-6.75_-41.94_0.0231_0.1749_-0.8289_-0.5309end3.58_2.87_3.20_-36.48_-55.06_-7.05_10.13_-6.75_-41.94_0.0222_0.1741_-0.8298_-0.5298end3.62_3.75_3.31_-36.48_-55.06_-7.05_10.13_-6.75_-41.94_0.0222_0.1741_-0.8298_-0.5298end3.56_4.38_2.53_-30.89_39.61_-14.77_10.13_-6.75_-41.94_0.0222_0.1741_-0.8298_-0.5298end3.56_4.38_2.53_-30.33_62.11_-15.55_9.06_-6.06_-42.38_0.0222_0.1741_-0.8298_-0.5298end3.56_4.38_2.53_-30.33_62.11_-15.55_9.06_-6.06_-42.38_0.0312_0.1771_-0.8336_-0.5222end2.52_5.02_1.84_-26.63_99.37_-17.23_9.06_-6.06_-42.38_0.0351_0.1788_-0.8343_-0.5203end2.20_5.20_1.79_-25.51_101.39_-17.68_9.06_-6.06_-42.38_0.0351_0.1788_-0.8343_-0.5203end0.76_5.22_1.78_-25.51_101.39_-17.68_9.06_-6.06_-42.38_0.0427_0.1822_-0.8354_-0.5168end0.60_5.16_1.95_-23.05_92.55_-19.02_9.06_-6.06_-42.38_0.0427_0.1822_-0.8354_-0.5168end0.60_5.16_1.95_-23.05_92.55_-19.02_9.06_-6.06_-42.38_0.0499_0.1851_-0.8364_-0.5135end0.46_4.96_2.40_-23.05_92.55_-19.02_9.06_-6.06_-42.38_0.0551_0.1868_-0.8374_-0.5107end0.36_4.98_2.48_-23.05_92.55_-19.02_9.06_-6.06_-42.38_0.0568_0.1872_-0.8380_-0.5095end0.19_5.03_2.61_-23.05_92.55_-19.02_9.06_-6.06_-42.38_0.0579_0.1,24.3787197,120.90909077,1075.00537109375
1338,873_-0.8386_-0.5084end0.19_5.03_2.61_-22.05_7.16_-15.44_12.00_-3.62_-43.19_0.0579_0.1873_-0.8386_-0.5084end0.19_5.03_2.61_-22.05_7.16_-15.44_12.00_-3.62_-43.19_0.0587_0.1861_-0.8404_-0.5056end0.66_5.21_2.54_-22.05_7.16_-15.44_12.00_-3.62_-43.19_0.0583_0.1854_-0.8411_-0.5048end1.07_5.30_1.99_-22.05_7.16_-15.44_12.00_-3.62_-43.19_0.0583_0.1854_-0.8411_-0.5048end1.18_5.43_1.75_-22.05_7.16_-15.44_12.37_-2.94_-43.63_0.0583_0.1854_-0.8411_-0.5048end1.18_5.43_1.75_-19.14_-17.68_-12.31_12.37_-2.94_-43.63_0.0558_0.1821_-0.8435_-0.5022end1.43_5.67_1.43_-19.14_-17.68_-12.31_12.37_-2.94_-43.63_0.0554_0.1813_-0.8441_-0.5015end1.72_5.50_1.79_-19.14_-17.68_-12.31_11.63_-2.87_-41.44_0.0554_0.1813_-0.8441_-0.5015end1.81_5.41_1.75_-14.88_0.56_-11.53_11.63_-2.87_-41.44_0.0554_0.1813_-0.8441_-0.5015end1.46_5.58_1.91_-14.88_0.56_-11.53_10.94_-2.25_-43.19_0.0554_0.1813_-0.8441_-0.5015end1.46_5.58_1.91_-14.88_0.56_-11.53_10.94_-2.25_-43.19_0.0564_0.1799_-0.8461_-0.4985end0.74_6.71_2.26_-14.88_0.56_-11.53_12.00_-3.25_-41.44_0.0564_0.1799_-0.8461_-0.4985end,24.3787197,120.90909077,1075.00537109375
1339,,24.3787197,120.90909077,1075.00537109375
1340,,24.3787197,120.90909077,1075.00537109375
1341,0.74_7.38_2.27_-14.88_0.56_-11.53_12.00_-3.25_-41.44_0.0580_0.1801_-0.8467_-0.4973end0.70_7.70_2.27_-8.62_18.91_-9.62_12.00_-3.25_-41.44_0.0580_0.1801_-0.8467_-0.4973end0.70_7.70_2.27_-8.62_18.91_-9.62_12.00_-3.25_-41.44_0.0602_0.1802_-0.8474_-0.4958end0.51_7.94_1.97_-8.62_18.91_-9.62_12.00_-3.25_-41.44_0.0605_0.1802_-0.8475_-0.4955end0.32_8.17_1.82_-8.62_18.91_-9.62_12.00_-3.25_-41.44_0.0605_0.1802_-0.8475_-0.4955end0.13_8.34_1.75_-8.62_18.91_-9.62_12.00_-3.25_-41.44_0.0605_0.1802_-0.8475_-0.4955end0.13_8.34_1.75_-8.62_18.91_-9.62_13.06_-2.19_-44.06_0.0606_0.1794_-0.8478_-0.4952end0.13_8.34_1.75_4.25_-10.85_-7.27_13.06_-2.19_-44.06_0.0606_0.1794_-0.84,24.3787197,120.90909077,1075.00537109375
1342,78_-0.4952end0.13_8.34_1.75_4.25_-10.85_-7.27_13.06_-2.19_-44.06_0.0602_0.1785_-0.8478_-0.4957end0.85_9.59_1.62_4.25_-10.85_-7.27_13.06_-2.19_-44.06_0.0602_0.1785_-0.8478_-0.4957end,24.3787197,120.90909077,1075.00537109375
1343,,24.3787197,120.90909077,1075.00537109375
1344,1.20_10.34_1.77_4.25_-10.85_-7.27_13.06_-2.19_-44.06_0.0596_0.1768_-0.8474_-0.4971end0.98_10.81_1.06_4.25_-10.85_-7.27_13.06_-2.19_-44.06_0.0604_0.1771_-0.8471_-0.4974end0.78_10.89_0.91_4.25_-10.85_-7.27_13.06_-2.19_-44.06_0.0604_0.1771_-0.8471_-0.4974end0.89_11.23_0.95_4.25_-10.85_-7.27_13.06_-2.19_-44.06_0.0604_0.1771_-0.8471_-0.4974end1.21_11.19_1.25_4.25_-10.85_-7.27_13.06_-2.19_-44.06_0.0710_0.1812_-0.8447_-0.4986end1.11_10.88_1.43_4.25_-10.85_-7.27_13.06_-2.87_-42.31_0.0710_0.1812_-0.8447_-0.4986end1.11_10.88_1.43_31.33_88.74_-8.73_13.06_-2.87_-42.31_0.0746_0.1827_-0.8439_-0.4989end1.11_10.88_1.43_31.33_88.74_-8.73_13.06_-2.87_-42.31_0.0819_0.185,24.3787197,120.90909077,1075.00537109375
1345,6_-0.8421_-0.4998end1.11_10.88_1.43_36.26_77.89_-9.06_13.06_-2.87_-42.31_0.0853_0.1869_-0.8411_-0.5004end1.11_10.88_1.43_36.26_77.89_-9.06_14.13_-2.87_-41.44_0.0853_0.1869_-0.8411_-0.5004end,24.3787197,120.90909077,1075.00537109375
1346,,24.3787197,120.90909077,1075.00537109375
1347,,24.3787197,120.90909077,1075.00537109375
1348,1.11_10.88_1.43_40.51_56.85_-9.51_14.13_-2.87_-41.44_0.0914_0.1890_-0.8390_-0.5020end1.11_10.88_1.43_43.08_42.75_-9.06_14.13_-2.87_-41.44_0.0953_0.1896_-0.8370_-0.5044end1.11_10.88_1.43_43.08_42.75_-9.06_14.13_-3.87_-41.00_0.0953_0.1896_-0.8370_-0.5044end0.27_13.69_2.29_43.08_42.75_-9.06_14.13_-3.87_-41.00_0.0953_0.1896_-0.8370_-0.5044end3.84_34.90_-27.96_43.08_42.75_-9.06_14.13_-3.87_-41.00_0.1023_0.1898_-0.8303_-0.5139end0.79_39.62_50.26_16.90_19.58_1.79_16.25_-4.87_-40.63_0.1023_0.1898_-0.8303_-0.5139end-5.98_16.30_-7.88_16.90_19.58_1.79_16.25_-4.87_-40.63_0.1042_0.1907_-0.8291_-0.5151end-5.98_16.30_-7.88_-12.65_-6.15_8.28_16.25_-4.50_-41.50_0.1042_0.1907_-0.8291_-0.5151end-5.98_16.30_-7.88_-51.48_-29.32_12.42_16.62_-5.25_-41.94_0.1042_0.1907_-0.8291_-0.5151end-1.23_6.79_6.12_-51.48_-29.32_12.42_16.62_-5.25_-41.94_0.1013_0.1917_-0.8314_-0.5116end,24.3787197,120.90909077,1075.00537109375
1349,,24.3787197,120.90909077,1075.00537109375
1350,,24.3787197,120.90909077,1075.00537109375
1351,,24.3787197,120.90909077,1075.00537109375
1352,,24.3787197,120.90909077,1075.00537109375
1353,-4.29_9.35_0.73_-51.48_-29.32_12.42_16.62_-5.25_-41.94_0.0996_0.1920_-0.8323_-0.5104end-4.29_9.35_0.73_-51.48_-29.32_12.42_15.19_-3.19_-40.56_0.0980_0.1932_-0.8329_-0.5092end-1.29_8.06_-0.28_-51.48_-29.32_12.42_15.19_-3.19_-40.56_0.0988_0.1934_-0.8323_-0.5100end1.13_9.25_4.98_-51.48_-29.32_12.42_15.19_-3.19_-40.56_0.0998_0.1934_-0.8315_-0.5112end2.09_9.61_13.34_40.17_-7.05_-7.72_15.19_-3.19_-40.56_0.0998_0.1934_-0.8315_-0.5112end5.11_8.79_14.73_28.31_-36.15_-6.04_15.19_-3.19_-40.56_0.0998_0.1934_-0.8315_-0.5112end5.11_8.79_14.73_28.31_-36.15_-6.04_15.88_-5.25_-41.06_0.0959_0.1893_-0.8296_-0.5164end3.83_7.76_12.34_28.31_-36.15_-6.04_15.88_-5.25_-41.06_0.0934_0.1878_-0.8296_-0.5175end2.53_7.42_4.32_-2.91_-91.65_6.60_15.88_-5.25_-41.06_0.0934_0.1878_-0.8296_-0.5175end2.53_7.42_4.32_-2.91_-91.65_6.60_14.81_-6.00_-41.94_0.0877_0.1848_-0.8299_-0.5191end,24.3787197,120.90909077,1075.00537109375
1354,2.53_7.42_4.32_-2.91_-91.65_6.60_14.81_-6.00_-41.94_0.0869_0.1844_-0.8299_-0.5193end1.21_7.22_1.43_-2.91_-91.65_6.60_14.81_-6.00_-41.94_0.0869_0.1844_-0.8299_-0.5193end1.64_8.79_2.73_-2.91_-91.65_6.60_14.81_-6.00_-41.94_0.0869_0.1844_-0.8299_-0.5193end1.64_8.79_2.73_-2.91_-91.65_6.60_15.50_-5.56_-40.63_0.0869_0.1844_-0.8299_-0.5193end2.06_8.69_5.65_-2.91_-91.65_6.60_15.50_-5.56_-40.63_0.0869_0.1844_-0.8299_-0.5193end1.16_8.62_5.45_20.59_22.27_-2.01_15.50_-5.56_-40.63_0.0869_0.1844_-0.8299_-0.5193end0.44_8.66_6.09_20.59_22.27_-2.01_15.50_-5.56_-40.63_0.0869_0.1844_-0.8299_-0.5193end0.89_8.68_7.12_20.59_22.27_-2.01_15.50_-5.56_-40.63_0.0869_0.1844_-0.8299_-0.5193end0.89_8.68_7.12_20.59_22.27_-2.01_15.50_-5.56_-40.63_0.1039_0.1921_-0.8244_-0.5222end0.63_8.52_6.78_20.59_22.27_-2.01_15.50_-5.56_-40.63_0.1036_0.1915_-0.8242_-0.5228end,24.3787197,120.90909077,1075.00537109375
1355,1.50_8.43_5.02_20.59_22.27_-2.01_16.25_-5.25_-41.06_0.1036_0.1915_-0.8242_-0.5228end1.95_8.45_4.68_14.55_1.34_-7.50_16.25_-5.25_-41.06_0.1036_0.1915_-0.8242_-0.5228end1.95_8.45_4.68_14.55_1.34_-7.50_16.25_-5.25_-41.06_0.1042_0.1905_-0.8234_-0.5244end1.95_8.45_4.68_14.55_1.34_-7.50_15.88_-5.56_-41.50_0.1042_0.1905_-0.8234_-0.5244end0.95_8.57_5.56_14.55_1.34_-7.50_15.88_-5.56_-41.50_0.1042_0.1905_-0.8234_-0.5244end0.95_8.57_5.56_14.55_1.34_-7.50_16.25_-6.62_-41.06_0.1072_0.1907_-0.8214_-0.5269end0.95_8.57_5.56_21.37_22.60_-7.50_16.25_-6.62_-41.06_0.1072_0.1907_-0.8214_-0.5269end0.95_8.57_5.56_21.37_22.60_-7.50_16.25_-6.62_-41.06_0.1094_0.1912_-0.8202_-0.5280end0.52_8.48_5.56_21.37_22.60_-7.50_16.25_-6.62_-41.06_0.1094_0.1912_-0.8202_-0.5280end0.52_8.48_5.56_20.93_17.35_-7.72_16.25_-6.62_-41.06_0.1141_0.1919_-0.8180_-0.5302end,24.3787197,120.90909077,1075.00537109375
1356,,24.3787197,120.90909077,1075.00537109375
1357,0.43_8.47_4.97_20.93_17.35_-7.72_16.25_-6.62_-41.06_0.1151_0.1920_-0.8174_-0.5307end0.28_8.44_4.71_20.93_17.35_-7.72_16.25_-6.62_-41.06_0.1160_0.1921_-0.8169_-0.5314end-0.14_8.54_4.65_20.93_17.35_-7.72_16.25_-6.62_-41.06_0.1160_0.1921_-0.8169_-0.5314end-0.28_8.57_4.76_24.51_19.36_-7.61_16.25_-6.62_-41.06_0.1160_0.1921_-0.8169_-0.5314end-0.30_8.60_4.94_24.28_20.93_-8.28_16.25_-6.62_-41.06_0.1160_0.1921_-0.8169_-0.5314end-0.27_8.62_4.91_24.28_20.93_-8.28_16.25_-6.62_-41.06_0.1160_0.1921_-0.8169_-0.5314end-0.27_8.57_4.74_24.28_20.93_-8.28_16.25_-6.62_-41.06_0.1160_0.1921_-0.8169_-0.5314end-0.42_8.58_4.52_23.84_19.92_-7.05_16.25_-6.62_-41.06_0.1160_0.1921_,24.3787197,120.90909077,1075.00537109375
1358,-0.8169_-0.5314end-0.42_8.58_4.52_23.84_19.92_-7.05_17.31_-6.62_-40.69_0.1258_0.1936_-0.8111_-0.5375end-0.73_8.60_4.36_23.84_19.92_-7.05_17.31_-6.62_-40.69_0.1269_0.1938_-0.8104_-0.5381end,24.3787197,120.90909077,1075.00537109375
1359,,24.3787197,120.90909077,1075.00537109375
1360,-0.82_8.62_4.32_23.84_19.92_-7.05_17.31_-6.62_-40.69_0.1281_0.1941_-0.8098_-0.5388end-1.14_8.68_4.52_23.84_19.92_-7.05_18.00_-7.69_-40.69_0.1281_0.1941_-0.8098_-0.5388end-1.14_8.68_4.52_23.84_19.92_-7.05_18.00_-7.69_-40.69_0.1306_0.1947_-0.8082_-0.5402end-1.23_8.70_4.55_23.84_19.92_-7.05_18.00_-7.69_-40.69_0.1306_0.1947_-0.8082_-0.5402end-1.32_8.73_4.55_23.84_19.92_-7.05_18.00_-7.69_-40.69_0.1306_0.1947_-0.8082_-0.5402end-1.32_8.73_4.55_26.19_12.65_-4.03_18.00_-7.69_-40.69_0.1348_0.1956_-0.8053_-0.5432end-1.32_8.73_4.55_25.85_8.39_-3.36_18.00_-7.69_-40.69_0.1360_0.1956_-0.8040_-0.5448end-1.40_8.72_4.26_25.85_8.39_-3.36_18.69_-8.69_-38.94_0.1360_0.1956_-0.8040_-0.5448end-1.40_8.72_4.26_26.86_1.34_-2.57_18.69_-8.69_-38.94_0.1367_0.1953_-0.8027_-0.5467end-1.40_8.72_4.26_26.86_1.34_-2.57_18.37_-8.31_-38.56_0.1369_0.1951_-0.8020_-0.5477end,24.3787197,120.90909077,1075.00537109375
1361,,24.3787197,120.90909077,1075.00537109375
1362,-1.40_8.72_4.26_27.53_-6.49_-2.01_18.37_-8.31_-38.56_0.1370_0.1948_-0.8014_-0.5486end-1.21_8.72_4.16_27.53_-6.49_-2.01_18.37_-8.31_-38.56_0.1368_0.1940_-0.8002_-0.5507end-1.10_8.72_4.18_27.53_-6.49_-2.01_18.37_-8.31_-38.56_0.1368_0.1940_-0.8002_-0.5507end-1.10_8.72_4.18_27.42_-18.91_-0.78_18.37_-8.31_-38.56_0.1368_0.1940_-0.8002_-0.5507end-1.02_8.77_4.10_27.42_-18.91_-0.78_18.37_-8.31_-38.56_0.1352_0.1918_-0.7979_-0.5552end-0.81_8.77_3.87_27.42_-18.91_-0.78_18.37_-8.31_-38.56_0.1352_0.1918_-0.7979_-0.5552end-0.73_8.72_3.84_27.42_-18.91_-0.78_18.37_-8.31_-38.56_0.1340_0.1906_-0.7968_-0.5576end-0.73_8.72_3.84_27.53_-27.75_0.45_17.62_-9.06_-39.81_0.1340_0.1906_-0.7968_-0.5576end-0.73_8.72_3.84_27.53_-27.75_0.45_17.62_-9.06_-39.81_0.1317_0.1884_-0.7951_-0.5612end-0.50_8.77_3.47_27.53_-27.75_0.45_17.62_-9.44_-40.31_0.1317_0.1884_-0.7951_-0.5612end,24.3787197,120.90909077,1075.00537109375
1363,,24.3787197,120.90909077,1075.00537109375
1364,,24.3787197,120.90909077,1075.00537109375
1365,,24.3787197,120.90909077,1075.00537109375
1366,,24.3787197,120.90909077,1075.00537109375
1367,,24.3787197,120.90909077,1075.00537109375
1368,,24.3787197,120.90909077,1075.00537109375
1369,,24.3787197,120.90909077,1075.00537109375
1370,-0.50_8.77_3.47_27.53_-27.75_0.45_18.00_-9.75_-39.00_0.1310_0.1877_-0.7946_-0.5624end-0.50_8.77_3.47_27.53_-27.75_0.45_18.00_-9.75_-39.00_0.1287_0.1855_-0.7928_-0.5660end-0.39_8.86_3.32_27.53_-27.75_0.45_16.56_-9.06_-40.31_0.1287_0.1855_-0.7928_-0.5660end-0.39_8.86_3.32_27.53_-27.75_0.45_16.56_-9.06_-40.31_0.1280_0.1848_-0.7922_-0.5673end-0.36_8.81_3.23_27.53_-27.75_0.45_16.56_-9.06_-40.31_0.1280_0.1848_-0.7922_-0.5673end-0.36_8.81_3.23_27.53_-27.75_0.45_17.25_-10.38_-38.56_0.1263_0.1830_-0.7904_-0.5708end-0.36_8.81_3.23_27.53_-27.75_0.45_17.25_-10.38_-38.56_0.1253_0.1819_-0.7891_-0.5732end-0.46_8.86_3.04_27.53_-27.75_0.45_15.81_-10.13_-39.88_0.1253_0.1819_-0.7891_-0.5732end-0.45_8.88_2.93_28.87_-21.37_1.57_15.81_-10.13_-39.88_0.1253_0.1819_-0.7891_-0.5732end-0.45_8.88_2.93_28.87_-21.37_1.57_15.81_-10.13_-39.88_0.1237_0.1803_-0.7872_-0.5767end,24.3787197,120.90909077,1075.00537109375
1371,-0.43_8.82_2.80_28.87_-21.37_1.57_15.81_-10.13_-39.88_0.1237_0.1803_-0.7872_-0.5767end-0.42_8.89_2.61_28.65_-20.81_1.68_15.81_-10.13_-39.88_0.1237_0.1803_-0.7872_-0.5767end-0.39_8.82_2.54_28.65_-20.81_1.68_15.81_-10.13_-39.88_0.1237_0.1803_-0.7872_-0.5767end-0.40_8.98_2.39_28.65_-20.81_1.68_15.81_-10.13_-39.88_0.1207_0.1771_-0.7833_-0.5835end-0.42_8.73_2.47_28.65_-20.81_1.68_15.81_-10.13_-39.88_0.1201_0.1766_-0.7827_-0.5846end-0.36_8.86_2.30_28.65_-20.81_1.68_15.81_-10.13_-39.88_0.1196_0.1761_-0.7821_-0.5857end-0.32_8.91_2.29_27.31_-25.07_2.69_15.81_-10.13_-39.88_0.1196_0.1761_-0.7821_-0.5857end-0.32_8.91_2.29_27.31_-25.07_2.69_15.81_-10.13_-39.88_0.1182_0.1748_-0.7809_-0.5880end-0.32_8.91_2.29_26.41_-30.44_3.36_15.81_-10.13_-39.88_0.1164_0.1734_-0.7797_-0.5902end-0.16_8.97_1.99_26.41_-30.44_3.36_15.81_-10.13_-39.88_0.1164_0.1734_-0.7797_-0.5902end-0.16_8.97_1.99_25.63_-33.35_2.69_15.81_-10.13_-39.88_0.1164_0.1734_-0.7797_-0.5902end0.08_8.97_1.82_25.63_-33.35_2.69_15.81_-10.13_-39.88_0.1125_0.1701_-0.7776_-0.5948end0.37_8.98_1.65_25.63_-33.35_2.69_15.81_-10.13_-39.88_0.1125_0.1701_-0.7776_-0.5948end0.42_8.99_1.62_26.63_-25.63_1.68_15.81_-10.13_-39.88_0.1125_0.1701_-0.7776_-0.5948end0.42_8.99_1.62_26.75_-23.84_1.57_14.63_-12.94_-39.94_0.1125_0.1701_-0.7776_-0.5948end0.38_9.02_1.68_26.75_-23.84_1.57_14.63_-12.94_-39.94_0.1093_0.1670_-0.7746_-0.6001end0.38_9.02_1.68_25.85_-19.02_2.13_14.63_-12.94_-39.94_0.1088_0.1665_-0.7740_-0.6011end0.19_9.08_1.72_25.85_-19.02_2.13_15.00_-13.00_-41.19_0.1088_0.1665_-0.7740_-0.6011end0.18_9.06_1.68_25.85_-19.02_2.13_13.94_-12.25_-39.50_0.1088_0.1665_-0.7740_-0.6011end0.18_9.07_1.69_25.85_-19.02_2.13_13.94_-12.25_-39.50_0.1088_0.1665_-0.7740_-0.6011end,24.3787197,120.90909077,1075.00537109375
1372,,24.3787197,120.90909077,1075.00537109375
1373,0.23_9.11_1.52_25.85_-19.02_2.13_14.69_-12.63_-40.38_0.1088_0.1665_-0.7740_-0.6011end0.22_9.09_1.55_24.28_-10.41_1.23_14.69_-12.63_-40.38_0.1069_0.1641_-0.7697_-0.6076end0.21_9.09_1.49_24.28_-10.41_1.23_14.69_-12.63_-40.38_0.1067_0.1638_-0.7692_-0.6085end0.19_9.06_1.46_24.28_-10.41_1.23_14.69_-12.63_-40.38_0.1067_0.1638_-0.7692_-0.6085end0.19_9.06_1.46_23.72_-12.42_1.79_14.69_-12.63_-40.38_0.1061_0.1631_-0.7680_-0.6102end0.11_9.14_1.45_23.72_-12.42_1.79_14.69_-12.63_-40.38_0.1059_0.1627_-0.7674_-0.6111end0.20_9.12_1.46_22.49_-11.64_1.34_14.69_-12.63_-40.38_0.1057_0.1624_-0.7668_-0.6119end0.20_9.12_1.46_22.49_-11.64_1.34_13.94_-14.00_-39.06_0.1057_0.1624_-0.7668_-0.6119end0.20_9.12_1.46_22.38_-10.85_1.57_13.94_-14.00_-39.06_0.1050_0.1614_-0.7651_-0.6144end0.26_9.17_1.49_22.38_-10.85_1.57_13.94_-14.00_-39.06_0.1048_0.1612_-0.7646_-0.6152end,24.3787197,120.90909077,1075.00537109375
1374,,24.3787197,120.90909077,1075.00537109375
1375,0.28_9.21_1.47_22.38_-10.85_1.57_14.25_-15.06_-38.69_0.1048_0.1612_-0.7646_-0.6152end0.17_9.21_1.46_22.38_-10.85_1.57_14.25_-15.06_-38.69_0.1044_0.1607_-0.7635_-0.6168end0.13_9.25_1.48_22.38_-10.85_1.57_14.25_-15.06_-38.69_0.1041_0.1603_-0.7625_-0.6182end-0.01_9.14_1.04_22.38_-10.85_1.57_14.25_-15.06_-38.69_0.1041_0.1603_-0.7625,24.3787197,120.90909077,1075.00537109375
1376,_-0.6182end-0.10_9.18_0.87_22.38_-10.85_1.57_13.88_-15.44_-38.19_0.1041_0.1603_-0.7625_-0.6182end-0.10_9.18_0.87_22.38_-10.85_1.57_13.88_-15.44_-38.19_0.1038_0.1599_-0.7609_-0.6202end-0.10_9.18_0.87_22.38_-10.85_1.57_13.19_-14.75_-38.69_0.1038_0.1598_-0.7598_-0.6216end-0.20_9.14_0.56_22.38_-10.85_1.57_13.19_-14.75_-38.69_0.1038_0.1598_-0.7598_-0.6216end-0.22_9.27_0.95_22.38_-10.85_1.57_13.19_-14.75_-38.69_0.1039_0.1598_-0.7593_-0.6223end-0.13_9.27_1.29_22.38_-10.85_1.57_13.50_-15.06_-37.81_0.1039_0.1597_-0.7575_-0.6244end,24.3787197,120.90909077,1075.00537109375
1377,,24.3787197,120.90909077,1075.00537109375
1378,-0.41_9.33_1.51_22.38_-10.85_1.57_13.50_-15.06_-37.81_0.1038_0.1595_-0.7570_-0.6251end-0.34_9.31_1.62_19.58_-9.40_3.13_13.50_-15.06_-37.81_0.1038_0.1595_-0.7570_-0.6251end-0.46_9.30_1.59_19.58_-9.40_3.13_13.50_-15.06_-37.81_0.1038_0.1595_-0.7570_-0.6251end-0.46_9.30_1.59_17.46_-11.19_3.13_13.50_-15.06_-37.81_0.1028_0.1587_-0.7549_-0.6279end-0.46_9.30_1.59_17.46_-11.19_3.13_14.25_-14.38_-39.56_0.1025_0.1584_-0.7545_-0.6286end-0.46_9.28_1.22_17.46_-11.19_3.13_14.25_-14.38_-39.56_0.1025_0.1584_-0.7545_-0.6286end-0.34_9.28_1.09_17.46_-11.19_3.13_14.25_-14.38_-39.56_0.1025_0.1584_-0.7545_-0.6286end-0.40_9.28_1.08_17.68_-18.24_4.03_14.25_-14.38_-39.56_0.1025,24.3787197,120.90909077,1075.00537109375
1379,_0.1584_-0.7545_-0.6286end-0.40_9.28_1.08_17.68_-18.24_4.03_13.50_-16.12_-38.19_0.0999_0.1566_-0.7523_-0.6321end-0.39_9.30_1.23_17.68_-18.24_4.03_13.50_-16.12_-38.19_0.0992_0.1561_-0.7519_-0.6329end,24.3787197,120.90909077,1075.00537109375
1380,,24.3787197,120.90909077,1075.00537109375
1381,-0.38_9.36_1.39_17.68_-18.24_4.03_12.13_-15.81_-38.19_0.0992_0.1561_-0.7519_-0.6329end-0.37_9.33_1.52_17.12_-27.98_5.15_12.13_-15.81_-38.19_0.0992_0.1561_-0.7519_-0.6329end-0.34_9.32_1.59_17.12_-27.98_5.15_11.75_-16.44_-39.13_0.0992_0.1561_-0.7519_-0.6329end-0.26_9.35_1.62_16.79_-28.09_5.48_11.75_-16.44_-39.13_0.0956_0.1536_-0.7502_-0.6360end-0.26_9.35_1.62_16.79_-28.09_5.48_11.75_-16.44_-39.13_0.0947_0.1530_-0.7498_-0.6367end-0.10_9.36_1.56_16.79_-28.09_5.48_11.75_-16.44_-39.13_0.0947_0.1530_-0.7498_-0.6367end-0.11_9.37_1.55_16.79_-28.09_5.48_11.75_-16.44_-39.13_0.0912_0.1506_-0.7482_-0.6397end-0.11_9.37_1.55_16.79_-28.09_5.48_11.38_-17.19_-38.25_0.09,24.3787197,120.90909077,1075.00537109375
1382,04_0.1501_-0.7477_-0.6404end-0.09_9.40_1.45_16.79_-28.09_5.48_11.75_-17.19_-39.13_0.0896_0.1496_-0.7473_-0.6412end-0.08_9.38_1.47_16.79_-28.09_5.48_11.75_-17.19_-39.13_0.0888_0.1492_-0.7469_-0.6419end,24.3787197,120.90909077,1075.00537109375
1383,-0.08_9.38_1.47_16.90_-22.27_6.94_12.13_-16.44_-38.69_0.0888_0.1492_-0.7469_-0.6419end-0.06_9.38_1.47_16.90_-22.27_6.94_10.31_-16.81_-38.19_0.0888_0.1492_-0.7469_-0.6419end-0.06_9.38_1.47_16.90_-22.27_6.94_10.31_-16.81_-38.19_0.0856_0.1473_-0.7451_-0.6448end-0.03_9.33_1.55_16.90_-22.27_6.94_10.31_-16.81_-38.19_0.0856_0.1473_-0.7,24.3787197,120.90909077,1075.00537109375
1384,451_-0.6448end-0.02_9.38_1.48_16.90_-22.27_6.94_10.31_-16.81_-38.19_0.0856_0.1473_-0.7451_-0.6448end-0.02_9.38_1.48_16.90_-22.27_6.94_10.63_-17.19_-38.25_0.0856_0.1473_-0.7451_-0.6448end0.08_9.37_1.57_16.90_-22.27_6.94_10.63_-17.19_-38.25_0.0809_0.1445_-0.7429_-0.6486end0.25_9.36_1.65_16.90_-22.27_6.94_10.63_-17.19_-38.25_0.0809_0.1445_-0.7429_-0.6486end0.36_9.34_1.71_16.90_-22.27_6.94_10.25_-18.25_-37.81_0.0787_0.1431_-0.7420_-0.6501end0.40_9.36_1.71_17.46_-32.34_8.28_10.25_-18.25_-37.81_0.0787_0.1431_-0.7420_-0.6501end,24.3787197,120.90909077,1075.00537109375
1385,0.48_9.39_1.69_17.46_-32.34_8.28_10.25_-18.25_-37.81_0.0754_0.1411_-0.7407_-0.6526end0.57_9.36_1.73_17.46_-32.34_8.28_10.25_-18.25_-37.81_0.0743_0.1404_-0.7402_-0.6534end0.67_9.32_1.74_17.46_-32.34_8.28_10.25_-17.19_-38.69_0.0732_0.1397_-0.7397_-0.6542end0.73_9.36_1.68_17.79_-28.31_8.06_10.25_-17.19_-38.69_0.0732_0.1397_-0.7397_-0.6542end0.73_9.36_1.68_18.02_-27.08_7.83_10.25_-17.19_-38.69_0.0732_0.1397_-0.7397_-0.6542end0.78_9.38_1.73_18.24_-25.07_7.83_10.25_-17.19_-38.69_0.0732_0.1397_-0.7397_-0.6542end0.84_9.38_1.56_18.24_-25.07_7.83_10.25_-17.19_-38.69_0.0685_0.1368_-0.7373_-0.6580end0.89_9.34_1.58_18.24_-25.07_7.83_10.25_-17.19_-38.69_0.0685_0.136,24.3787197,120.90909077,1075.00537109375
1386,8_-0.7373_-0.6580end0.97_9.33_1.59_18.24_-25.07_7.83_10.25_-17.19_-38.69_0.0685_0.1368_-0.7373_-0.6580end0.97_9.33_1.59_18.24_-25.07_7.83_7.69_-19.00_-38.25_0.0661_0.1355_-0.7357_-0.6603end,24.3787197,120.90909077,1075.00537109375
1387,,24.3787197,120.90909077,1075.00537109375
1388,,24.3787197,120.90909077,1075.00537109375
1389,,24.3787197,120.90909077,1075.00537109375
1390,,24.3787197,120.90909077,1075.00537109375
1391,0.97_9.33_1.59_18.24_-25.07_7.83_7.69_-19.00_-38.25_0.0648_0.1348_-0.7346_-0.6619end1.11_9.34_1.78_18.24_-25.07_7.83_7.69_-19.00_-38.25_0.0641_0.1343_-0.7340_-0.6627end1.18_9.32_1.86_18.24_-25.07_7.83_7.69_-19.00_-38.25_0.0641_0.1343_-0.7340_-0.6627end1.30_9.36_1.81_18.24_-25.07_7.83_7.69_-19.00_-38.25_0.0641_0.1343_-0.7340_-0.6627end1.43_9.36_1.79_20.59_-17.68_6.04_7.69_-19.00_-38.25_0.0641_0.1343_-0.7340_-0.6627end1.43_9.36_1.79_20.59_-17.68_6.04_7.69_-19.00_-38.25_0.0609_0.1324_-0.7311_-0.6664end1.60_9.37_1.73_20.59_-17.68_6.04_8.06_-18.25_-37.38_0.0609_0.1324_-0.7311_-0.6664end1.60_9.37_1.73_21.15_-13.65_5.48_8.06_-18.25_-37.38_0.0599_0.1318_-0.7299_-0.6680end1.60_9.37_1.73_20.93_-12.31_5.04_7.69_-19.00_-38.75_0.0599_0.1318_-0.7299_-0.6680end1.60_9.37_1.73_20.93_-12.31_5.04_7.69_-19.00_-38.75_0.0599_0.1318_-0.7299_-0.6680end1.60_9.37_1.73_21.26_-11.08_5.26_7.69_-19.00_-38.75_0.0585_0.1309_-0.7275_-0.6710end1.89_9.32_1.59_22.49_-3.47_3.25_7.69_-19.00_-38.75_0.0585_0.1309_-0.7275_-0.6710end1.99_9.31_1.64_22.49_-3.47_3.25_7.69_-19.00_-38.75_0.0582_0.1306_-0.7261_-0.6725end2.04_9.29_1.64_22.49_-3.47_3.25_7.69_-19.00_-38.75_0.0582_0.1304_-0.7249_-0.6740,24.3787197,120.90909077,1075.00537109375
1392,end2.04_9.29_1.64_23.16_-0.45_2.24_8.44_-19.00_-39.13_0.0582_0.1304_-0.7249_-0.6740end2.04_9.27_1.62_23.16_-0.45_2.24_8.44_-19.00_-39.13_0.0582_0.1304_-0.7249_-0.6740end2.04_9.32_1.74_23.16_-0.45_2.24_8.44_-19.00_-39.13_0.0582_0.1304_-0.7249_-0.6740end2.00_9.32_1.75_23.16_-0.45_2.24_8.44_-19.00_-39.13_0.0587_0.1304_-0.7220_-0.6769end1.95_9.29_1.88_23.16_-0.45_2.24_8.44_-19.00_-39.13_0.0592_0.1306_-0.7206_-0.6783end1.93_9.27_1.88_23.16_-0.45_2.24_8.44_-19.00_-39.13_0.0596_0.1307_-0.7199_-0.6790end,24.3787197,120.90909077,1075.00537109375
1393,1.91_9.29_1.99_23.16_-0.45_2.24_8.44_-19.00_-39.13_0.0596_0.1307_-0.7199_-0.6790end1.89_9.21_2.01_25.07_9.85_-0.34_8.44_-19.00_-39.13_0.0596_0.1307_-0.7199_-0.6790end1.89_9.21_2.01_25.07_9.85_-0.34_8.06_-20.37_-36.56_0.0615_0.1315_-0.7169_-0.6819end2.00_9.18_2.07_25.07_9.85_-0.34_8.06_-20.37_-36.56_0.0620_0.1317_-0.7161_-0.6827end2.07_8.93_2.12_25.07_9.85_-0.34_7.69_-20.75_-36.63_0.0620_0.1317_-0.7161_-0.6827end2.31_9.18_1.99_25.07_9.85_-0.34_7.69_-20.75_-36.63_0.0620_0.1317_-0.7161_-0.6827end2.35_9.21_1.87_25.07_9.85_-0.34_8.38_-21.06_-37.44_0.0649_0.1330_-0.7127_-0.6857end2.45_9.18_1.83_25.07_9.85_-0.34_8.38_-21.06_-37.44_0.0659_0.1335_-0.7119_-0.686,24.3787197,120.90909077,1075.00537109375
1394,3end2.43_9.14_1.71_25.07_9.85_-0.34_7.62_-21.81_-37.00_0.0659_0.1335_-0.7119_-0.6863end2.52_6.41_1.86_25.07_9.85_-0.34_7.31_-20.75_-36.13_0.0695_0.1356_-0.7090_-0.6885end,24.3787197,120.90909077,1075.00537109375
1395,,24.3787197,120.90909077,1075.00537109375
1396,2.38_9.08_1.54_25.07_9.85_-0.34_7.31_-20.75_-36.13_0.0709_0.1365_-0.7081_-0.6892end2.53_9.48_1.58_25.07_9.85_-0.34_7.31_-20.75_-36.13_0.0709_0.1365_-0.7081_-0.6892end2.53_9.48_1.58_25.07_9.85_-0.34_7.31_-20.75_-36.13_0.0739_0.1382_-0.7060_-0.6907end2.36_9.55_2.02_25.07_9.85_-0.34_7.31_-20.75_-36.13_0.0739_0.1382_-0.7060_-0.6907end2.57_9.50_1.80_25.07_9.85_-0.34_9.44_-21.75_-35.75_0.0739_0.1382_-0.7060_-0.6907end2.56_9.28_1.29_32.01_35.14_-6.94_9.44_-21.75_-35.75_0.0812_0.1420_-0.7008_-0.6943end2.51_9.20_1.25_32.01_35.14_-6.94_9.44_-21.75_-35.75_0.0812_0.1420_-0.7008_-0.6943end2.40_9.20_1.16_32.01_35.14_-6.94_9.44_-21.75_-35.75_0.0812_0.1420_-0.7008_-0.6943end2.43_9.25_1.23_32.01_35.14_-6.94_9.44_-21.75_-35.75_0.0843_0.1434_-0.6986_-0.6959end2.43_9.25_1.23_36.03_37.49_-8.50_9.44_-21.75_-35.75_0.0843_0.1434_-0.6986_-0.6959end,24.3787197,120.90909077,1075.00537109375
1397,,24.3787197,120.90909077,1075.00537109375
1398,2.28_9.28_1.21_36.03_37.49_-8.50_9.44_-21.75_-35.75_0.0906_0.1463_-0.6940_-0.6991end2.14_9.23_1.12_36.03_37.49_-8.50_9.44_-21.75_-35.75_0.0923_0.1471_-0.6929_-0.6998end2.03_8.93_0.77_36.03_37.49_-8.50_9.44_-21.75_-35.75_0.0923_0.1471_-0.6929_-0.6998end1.93_9.30_0.15_36.26_45.77_-10.41_9.44_-21.75_-35.75_0.0923_0.1471_-0.6929_-0.6998end1.93_9.30_0.15_36.26_45.77_-10.41_10.88_-23.38_-34.44_0.0977_0.1497_-0.6893_-0.7021end1.95_9.11_-0.47_36.26_45.77_-10.41_10.88_-23.38_-34.44_0.0977_0.1497_-0.6893_-0.7021end1.98_9.18_-1.02_36.26_45.77_-10.41_10.88_-23.38_-34.44_0.1037_0.1526_-0.6856_-0.7042end1.91_9.16_-1.32_36.59_47.90_-11.08_10.88_-23.38_-34.44_0.1037_0.1526_-0.6856_-0.7042end1.89_9.19_-1.55_36.59_47.90_-11.08_10.88_-23.38_-33.19_0.1097_0.1556_-0.6819_-0.7062end1.87_9.16_-1.98_36.59_47.90_-11.08_11.56_-23.69_-33.25_0.1097_0.1556_-0.6819_-0.7062end,24.3787197,120.90909077,1075.00537109375
1399,,24.3787197,120.90909077,1075.00537109375
1400,,24.3787197,120.90909077,1075.00537109375
1401,,24.3787197,120.90909077,1075.00537109375
1402,,24.3787197,120.90909077,1075.00537109375
1403,1.87_9.16_-1.98_36.26_52.82_-12.20_11.56_-23.69_-33.25_0.1118_0.1567_-0.6807_-0.7069end1.87_9.16_-1.98_35.92_54.27_-12.31_13.31_-23.69_-32.38_0.1118_0.1567_-0.6807_-0.7069end1.87_9.16_-1.98_35.25_56.18_-12.20_13.31_-23.69_-32.38_0.1185_0.1602_-0.6768_-0.7087end1.38_9.21_-2.89_35.25_56.18_-12.20_13.00_-23.69_-33.25_0.1185_0.1602_,24.3787197,120.90909077,1075.00537109375
1404,-0.6768_-0.7087end1.38_9.21_-2.89_35.03_56.40_-12.09_13.00_-23.69_-33.25_0.1207_0.1614_-0.6756_-0.7092end0.67_9.23_-3.46_33.12_56.18_-12.31_13.00_-23.69_-33.25_0.1207_0.1614_-0.6756_-0.7092end0.37_9.28_-3.53_33.12_56.18_-12.31_13.00_-23.69_-33.25_0.1207_0.1614_-0.6756_-0.7092end0.37_9.28_-3.53_33.12_56.18_-12.31_13.00_-23.69_-33.25_0.1333_0.1680_-0.6685_-0.7121end-0.23_9.32_-3.62_33.12_56.18_-12.31_13.00_-23.69_-33.25_0.1333_0.1680_-0.6685_-0.7121end-0.51_9.38_-3.62_33.12_56.18_-12.31_13.00_-23.69_-33.25_0.1364_0.1694_-0.6666_-0.7130end-0.68_9.34_-3.76_26.41_19.14_-10.74_13.00_-23.69_-33.25_0.1364_0.1694_-0.6666_-0.7130end-0.68_9.34_-3.76_23.95_-0.78_-10.18_13.00_-23.69_-33.25_0.1384_0.1697_-0.6649_-0.7141end-0.68_9.34_-3.76_23.95_-0.78_-10.18_13.00_-23.69_-33.25_0.1393_0.1689_-0.6636_-0.7153end-0.48_9.40_-3.67_23.95_-0.78_-10.18_13.00_-23.69_-33.25_0.1393_0.1689_-0.6636_-0.7153end0.14_9.36_-4.09_23.95_-0.78_-10.18_13.00_-23.69_-33.25_0.1393_0.1689_-0.6636_-0.7153end0.14_9.36_-4.09_23.95_-0.78_-10.18_13.00_-23.69_-33.25_0.1390_0.1658_-0.6624_-0.7173end0.14_9.36_-4.09_23.95_-0.78_-10.18_13.00_-23.69_-33.25_0.1387_0.1638_-0.6616_-0.7185end1.52_9.46_-3.80_23.95_-0.78_-10.18_13.00_-23.69_-33.25_0.1387_0.1629_-0.6612_-0.7191end1.68_9.44_-3.69_23.95_-0.78_-10.18_13.00_-23.69_-33.25_0.1387_0.1629_-0.6612_-0.7191end1.68_9.44_-3.69_23.95_-0.78_-10.18_13.00_-23.69_-33.25_0.1390_0.1624_-0.6608_-0.7195end,24.3787197,120.90909077,1075.00537109375
1405,,24.3787197,120.90909077,1075.00537109375
1406,,24.3787197,120.90909077,1075.00537109375
1407,1.37_9.42_-2.82_23.95_-0.78_-10.18_13.00_-23.69_-33.25_0.1390_0.1624_-0.6608_-0.7195end1.00_9.41_-2.62_23.95_-0.78_-10.18_13.00_-23.69_-33.25_0.1390_0.1624_-0.6608_-0.7195end1.00_9.41_-2.62_23.95_-0.78_-10.18_14.00_-25.75_-32.38_0.1390_0.1624_-0.6608_-0.7195end0.32_9.40_-1.98_23.95_-0.78_-10.18_14.00_-25.75_-32.38_0.1390_0.1624_-0.6608_-0.7195end-0.28_9.47_-1.81_23.95_-0.78_-10.18_14.00_-25.75_-32.38_0.1390_0.1624_-0.6608_-0.7195end-0.38_9.50_-1.83_23.95_-0.78_-10.18_15.44_-26.06_-30.62_0.1390_0.1624_-0.6608_-0.7195end-0.57_9.50_-1.73_23.95_-0.78_-10.18_15.44_-26.06_-30.62_0.1596_0.1752_-0.6526_-0.7197end-0.57_9.50_-1.73_23.95_-0.78_-10.18_15.50_-25.37_-30.62_0.1614_0.1765_-0.6519_-0.7197end-1.06_9.53_-1.56_23.95_-0.78_-10.18_15.50_-25.37_-30.62_0.1630_0.1774_-0.6512_-0.7197end-1.04_9.54_-1.52_12.87_24.28_-9.51_15.50_-25.37_-30.62_0.1630_0.1774_-0.6512_-0.7197end,24.3787197,120.90909077,1075.00537109375
1408,,24.3787197,120.90909077,1075.00537109375
1409,,24.3787197,120.90909077,1075.00537109375
1410,-1.04_9.54_-1.52_12.87_24.28_-9.51_15.50_-25.37_-30.62_0.1656_0.1781_-0.6498_-0.7202end-0.62_9.54_-1.46_12.87_24.28_-9.51_16.94_-25.69_-29.37_0.1656_0.1781_-0.6498_-0.7202end-0.17_9.51_-1.47_12.87_24.28_-9.51_16.94_-25.69_-29.37_0.1656_0.1781_-0.6498_-0.7202end0.34_9.53_-1.60_9.85_-18.24_-8.39_16.94_-25.69_-29.37_0.1656_0.1781_-0.6498_-0.7202end0.34_9.53_-1.60_9.85_-18.24_-8.39_17.25_-26.75_-31.12_0.1655_0.1753_-0.6490_-0.7216end0.78_9.50_-1.77_9.85_-18.24_-8.39_17.25_-26.75_-31.12_0.1655_0.1753_-0.6490_-0.7216end0.78_9.50_-1.77_10.41_-15.22_-8.50_18.00_-25.69_-30.25_0.1655_0.1753_-0.6490_-0.7216end1.09_9.48_-1.65_10.41_-15.22_-8.50_18.00_-25.69_-30.25,24.3787197,120.90909077,1075.00537109375
1411,_0.1655_0.1753_-0.6490_-0.7216end1.09_9.48_-1.65_10.41_-15.22_-8.50_15.81_-26.06_-30.62_0.1655_0.1753_-0.6490_-0.7216end1.09_9.48_-1.65_10.63_3.69_-9.29_16.94_-26.44_-31.56_0.1655_0.1753_-0.6490_-0.7216end,24.3787197,120.90909077,1075.00537109375
1412,0.85_9.48_-1.34_10.63_3.69_-9.29_16.94_-26.44_-31.56_0.1655_0.1753_-0.6490_-0.7216end0.85_9.48_-1.34_10.63_3.69_-9.29_16.94_-25.31_-29.81_0.1655_0.1753_-0.6490_-0.7216end0.74_9.46_-1.35_10.63_3.69_-9.29_17.25_-26.37_-29.37_0.1655_0.1753_-0.6490_-0.7216end0.74_9.46_-1.35_10.63_3.69_-9.29_17.25_-26.37_-29.37_0.1655_0.1753_-0.6490_-0.7216end0.74_9.46_-1.35_10.63_3.69_-9.29_17.25_-26.37_-29.37_0.1724_0.1740_-0.6447_-0.7242end-0.06_9.46_-1.27_10.63_3.69_-9.29_17.25_-26.37_-29.37_0.1724_0.1740_-0.6447_-0.7242end-0.09_9.50_-1.21_10.63_3.69_-9.29_17.25_-26.37_-29.37_0.1724_0.1740_-0.6447_-0.7242end-0.34_9.51_-1.09_10.63_3.69_-9.29_17.25_-26.37_-29.37_0.1724_0.,24.3787197,120.90909077,1075.00537109375
1413,1740_-0.6447_-0.7242end-0.48_9.49_-0.99_10.63_3.69_-9.29_17.25_-26.37_-29.37_0.1724_0.1740_-0.6447_-0.7242end-0.47_9.46_-0.97_10.63_3.69_-9.29_17.25_-26.37_-29.37_0.1802_0.1783_-0.6414_-0.7241end,24.3787197,120.90909077,1075.00537109375
1414,,24.3787197,120.90909077,1075.00537109375
1415,-0.41_9.53_-0.99_9.74_18.46_-8.62_17.25_-26.37_-29.37_0.1802_0.1783_-0.6414_-0.7241end-0.41_9.53_-0.99_9.51_15.00_-8.84_17.62_-26.00_-28.94_0.1802_0.1783_-0.6414_-0.7241end-0.41_9.53_-0.99_9.85_12.65_-9.06_17.62_-26.00_-28.94_0.1827_0.1790_-0.6401_-0.7244end-0.05_9.52_-0.89_9.85_12.65_-9.06_17.62_-26.00_-28.94_0.1835_0.1791_-0.6397_-0.7245end0.30_9.49_-0.76_9.96_12.87_-9.18_17.62_-26.00_-28.94_0.1848_0.1792_-0.6390_-0.7248end0.30_9.49_-0.76_9.96_12.87_-9.18_18.62_-26.69_-29.37_0.1848_0.1792_-0.6390_-0.7248end0.30_9.49_-0.76_10.41_15.33_-8.84_18.62_-26.69_-29.37_0.1865_0.1796_-0.6382_-0.7250end0.30_9.49_-0.76_10.41_15.33_-8.84_18.62_-26.69_-29.37_0.1874,24.3787197,120.90909077,1075.00537109375
1416,_0.1799_-0.6377_-0.7252end0.24_9.44_-0.55_10.41_15.33_-8.84_18.00_-26.37_-28.94_0.1874_0.1799_-0.6377_-0.7252end0.24_9.44_-0.55_10.41_15.33_-8.84_18.00_-26.37_-28.94_0.1920_0.1824_-0.6354_-0.7254end,24.3787197,120.90909077,1075.00537109375
1417,,24.3787197,120.90909077,1075.00537109375
1418,,24.3787197,120.90909077,1075.00537109375
1419,,24.3787197,120.90909077,1075.00537109375
1420,-0.01_9.45_-0.57_10.41_15.33_-8.84_18.00_-26.37_-28.94_0.1934_0.1833_-0.6347_-0.7253end-0.09_9.45_-0.56_10.41_15.33_-8.84_18.00_-26.37_-28.94_0.1934_0.1833_-0.6347_-0.7253end-0.15_9.44_-0.56_10.41_15.33_-8.84_18.00_-26.37_-28.94_0.1974_0.1857_-0.6328_-0.7253end-0.16_9.45_-0.63_10.41_15.33_-8.84_19.69_-25.94_-28.50_0.1974_0.1857_,24.3787197,120.90909077,1075.00537109375
1421,-0.6328_-0.7253end-0.19_9.43_-0.65_10.41_15.33_-8.84_19.69_-25.94_-28.50_0.1974_0.1857_-0.6328_-0.7253end-0.14_9.44_-0.58_10.41_15.33_-8.84_20.00_-27.37_-27.62_0.1974_0.1857_-0.6328_-0.7253end-0.14_9.44_-0.58_10.41_15.33_-8.84_20.00_-27.37_-27.62_0.2036_0.1890_-0.6296_-0.7256end-0.14_9.44_-0.58_10.41_15.33_-8.84_19.69_-26.25_-26.75_0.2047_0.1896_-0.6290_-0.7256end0.08_9.45_-0.50_10.41_15.33_-8.84_19.69_-26.25_-26.75_0.2058_0.1901_-0.6284_-0.7257end0.08_9.45_-0.50_13.20_26.07_-7.83_19.69_-26.25_-26.75_0.2058_0.1901_-0.6284_-0.7257end0.17_9.46_-0.52_13.20_26.07_-7.83_19.69_-26.25_-26.75_0.2058_0.1901_-0.6284_-0.7257end0.17_9.46_-0.52_13.20_26.07_-7.83_19.69_-26.25_-26.75_0.2103_0.1923_-0.6258_-0.7261end0.11_9.42_-0.56_13.20_26.07_-7.83_19.31_-27.31_-26.75_0.2103_0.1923_-0.6258_-0.7261end0.05_9.41_-0.53_15.00_29.66_-7.72_19.31_-27.31_-26.75_0.2103_0.1923_-0.6258_-0.7261end0.05_9.41_-0.53_15.00_29.66_-7.72_20.37_-26.62_-28.12_0.2139_0.1942_-0.6236_-0.7264end0.05_9.41_-0.53_15.00_29.66_-7.72_20.37_-26.62_-28.12_0.2164_0.1956_-0.6221_-0.7266end-0.07_9.41_-0.47_15.00_29.66_-7.72_20.37_-26.62_-28.12_0.2164_0.1956_-0.6221_-0.7266end-0.07_9.41_-0.47_15.00_29.66_-7.72_20.37_-26.62_-28.12_0.2190_0.1970_-0.6205_-0.7267end-0.07_9.41_-0.47_15.00_29.66_-7.72_21.12_-27.31_-25.50_0.2217_0.1986_-0.6189_-0.7269end-0.34_9.41_-0.50_15.00_29.66_-7.72_22.56_-26.94_-26.37_0.2217_0.1986_-0.6189_-0.7269end,24.3787197,120.90909077,1075.00537109375
1422,,24.3787197,120.90909077,1075.00537109375
1423,-0.49_9.38_-0.53_15.00_29.66_-7.72_22.56_-26.94_-26.37_0.2217_0.1986_-0.6189_-0.7269end-0.57_9.41_-0.56_17.90_40.06_-6.83_22.56_-26.94_-26.37_0.2275_0.2023_-0.6152_-0.7272end-0.62_9.38_-0.58_17.90_40.06_-6.83_22.56_-26.94_-26.37_0.2291_0.2033_-0.6143_-0.7273end-0.73_9.41_-0.62_17.90_40.06_-6.83_22.56_-26.94_-26.37_0.2291_0.2033_-0.6143_-0.7273end-0.96_9.40_-0.73_17.90_40.06_-6.83_22.56_-26.94_-26.37_0.2291_0.2033_-0.6143_-0.7273end-0.96_9.40_-0.73_17.90_40.06_-6.83_22.56_-26.94_-26.37_0.2336_0.2063_-0.6112_-0.7275end-0.96_9.40_-0.73_19.81_41.29_-4.81_22.56_-26.94_-26.37_0.2336_0.2063_-0.6112_-0.7275end-0.96_9.40_-0.73_19.81_41.29_-4.81_22.56_-26.94_-26,24.3787197,120.90909077,1075.00537109375
1424,.37_0.2336_0.2063_-0.6112_-0.7275end-0.96_9.40_-0.73_20.25_40.29_-4.48_22.56_-26.94_-26.37_0.2336_0.2063_-0.6112_-0.7275end-0.96_9.40_-0.73_20.25_40.29_-4.48_21.81_4.44_0.00_0.2336_0.2063_-0.6112_-0.7275end,24.3787197,120.90909077,1075.00537109375
1425,,24.3787197,120.90909077,1075.00537109375
1426,-0.96_9.40_-0.73_20.25_40.29_-4.48_21.81_4.44_0.00_0.2336_0.2063_-0.6112_-0.7275end-0.96_9.40_-0.73_20.25_40.29_-4.48_21.12_-27.25_-24.56_0.2336_0.2063_-0.6112_-0.7275end-1.95_9.40_-0.90_20.25_40.29_-4.48_21.12_-27.25_-24.56_0.2455_0.2143_-0.6011_-0.7297end-2.11_9.30_-0.90_20.25_40.29_-4.48_21.12_-27.25_-24.56_0.2461_0.2145_-0.6003_-0.7301end-2.14_9.24_-1.09_20.25_40.29_-4.48_21.12_-27.25_-24.56_0.2461_0.2145_-0.6003_-0.7301end-2.01_9.25_-1.30_20.25_40.29_-4.48_22.94_-27.19_-23.31_0.2468_0.2142_-0.5981_-0.7318end-1.93_9.33_-1.42_20.25_40.29_-4.48_22.94_-27.19_-23.31_0.2467_0.2138_-0.5975_-0.7324end-1.71_9.25_-1.54_20.25_40.29_-4.48_22.94_-27.19_-23.31_,24.3787197,120.90909077,1075.00537109375
1427,0.2467_0.2138_-0.5975_-0.7324end-1.56_9.29_-1.63_20.25_40.29_-4.48_22.94_-27.19_-23.31_0.2467_0.2138_-0.5975_-0.7324end-1.46_9.24_-1.68_20.25_40.29_-4.48_22.94_-27.19_-23.31_0.2455_0.2114_-0.5953_-0.7353end,24.3787197,120.90909077,1075.00537109375
1428,,24.3787197,120.90909077,1075.00537109375
1429,-1.10_9.27_-1.86_20.25_40.29_-4.48_22.94_-27.19_-23.31_0.2455_0.2114_-0.5953_-0.7353end-0.99_9.25_-2.00_20.25_40.29_-4.48_22.94_-27.19_-23.31_0.2446_0.2100_-0.5942_-0.7369end-0.80_9.23_-2.15_21.49_-18.80_5.82_22.94_-27.19_-23.31_0.2441_0.2093_-0.5937_-0.7377end-0.80_9.23_-2.15_21.49_-18.80_5.82_22.94_-27.19_-23.31_0.2432_0.2079_-0.5926_-0.7392end-0.73_9.23_-2.39_21.49_-18.80_5.82_21.06_-27.94_-22.81_0.2428_0.2073_-0.5920_-0.7400end-0.59_9.20_-2.52_21.49_-18.80_5.82_21.06_-27.94_-22.81_0.2424_0.2067_-0.5914_-0.7408end-0.48_9.25_-2.62_21.49_-18.80_5.82_21.06_-27.94_-22.81_0.2414_0.2054_-0.5904_-0.7423end-0.39_9.23_-2.54_21.37_-20.37_6.60_21.06_-27.94_-22.81_0.2414_0.2054_-0.5904_-0.7423end-0.40_9.20_-2.52_21.37_-20.37_6.60_21.06_-27.94_-22.81_0.2414_0.2054_-0.5904_-0.7423end-0.36_9.23_-2.45_21.37_-20.37_6.60_21.06_-27.94_-22.81_0.2414_0.2054_-0.5904_-0.7423end,24.3787197,120.90909077,1075.00537109375
1430,,24.3787197,120.90909077,1075.00537109375
1431,-0.34_9.21_-2.40_21.37_-20.37_6.60_21.06_-27.94_-22.81_0.2388_0.2018_-0.5877_-0.7462end-0.30_9.21_-2.28_21.37_-20.37_6.60_21.06_-27.94_-22.81_0.2383_0.2012_-0.5872_-0.7470end-0.31_9.21_-2.29_21.37_-20.37_6.60_21.06_-27.94_-22.81_0.2383_0.2012_-0.5872_-0.7470end-0.32_9.18_-2.39_21.37_-20.37_6.60_21.06_-27.94_-22.81_0.2383_0.2012_-0.5872_-0.7470end-0.36_9.16_-2.40_21.37_-20.37_6.60_22.13_-28.94_-23.38_0.2383_0.2012_-0.5872_-0.7470end-0.36_9.16_-2.40_21.15_-15.55_7.50_22.13_-28.94_-23.38_0.2365_0.1989_-0.5848_-0.7500end-0.36_9.16_-2.40_20.93_-15.89_7.95_21.06_-28.56_-22.87_0.2365_0.1989_-0.5848_-0.7500end-0.36_9.16_-2.40_21.71_-17.46_7.83_21.06_-28.56_-22,24.3787197,120.90909077,1075.00537109375
1432,.87_0.2350_0.1972_-0.5831_-0.7523end-0.36_9.16_-2.40_21.37_-18.58_8.06_21.44_-29.31_-23.75_0.2350_0.1972_-0.5831_-0.7523end-0.36_9.16_-2.40_21.37_-19.70_8.28_21.44_-29.31_-23.75_0.2340_0.1960_-0.5819_-0.7538end,24.3787197,120.90909077,1075.00537109375
1433,-0.36_9.16_-2.40_21.37_-20.81_8.17_20.69_-30.75_-23.38_0.2340_0.1960_-0.5819_-0.7538end-0.31_9.13_-2.11_21.37_-20.81_8.17_20.69_-30.75_-23.38_0.2329_0.1946_-0.5807_-0.7554end-0.31_9.13_-2.11_21.37_-20.81_8.17_20.69_-30.75_-23.38_0.2310_0.1922_-0.5792_-0.7578end-0.23_9.14_-2.13_21.37_-20.81_8.17_20.69_-30.75_-23.38_0.2303_0.1914_-0.5787_-0.7586end-0.23_9.12_-2.16_21.37_-20.81_8.17_20.69_-30.75_-23.38_0.2303_0.1914_-0.5787_-0.7586end-0.24_9.11_-2.17_21.37_-20.81_8.17_20.69_-30.75_-23.38_0.2303_0.1914_-0.5787_-0.7586end-0.24_9.11_-2.17_21.37_-20.81_8.17_19.94_-30.75_-23.38_0.2285_0.1892_-0.5770_-0.7610end-0.24_9.11_-2.17_21.37_-20.81_8.17_19.94_-30.75_-23,24.3787197,120.90909077,1075.00537109375
1434,,24.3787197,120.90909077,1075.00537109375
1435,,24.3787197,120.90909077,1075.00537109375
1436,,24.3787197,120.90909077,1075.00537109375
1437,.38_0.2273_0.1878_-0.5758_-0.7626end-0.28_9.07_-2.17_21.37_-20.81_8.17_19.94_-30.75_-23.38_0.2273_0.1878_-0.5758_-0.7626end-0.17_9.09_-2.12_21.37_-20.81_8.17_19.94_-30.37_-22.87_0.2273_0.1878_-0.5758_-0.7626end-0.17_9.09_-2.12_21.37_-20.81_8.17_19.94_-30.06_-23.75_0.2273_0.1878_-0.5758_-0.7626end-0.15_9.06_-2.17_21.37_-20.81_8.17_19.94_-30.06_-23.75_0.2241_0.1841_-0.5728_-0.7667end-0.17_9.04_-2.18_21.37_-20.81_8.17_19.94_-30.06_-23.75_0.2235_0.1833_-0.5721_-0.7675end-0.07_9.02_-2.20_21.37_-20.81_8.17_19.94_-30.06_-23.75_0.2229_0.1826_,24.3787197,120.90909077,1075.00537109375
1438,-0.5715_-0.7684end-0.07_9.02_-2.20_23.61_-20.59_9.40_19.94_-30.06_-23.75_0.2229_0.1826_-0.5715_-0.7684end-0.09_9.04_-2.23_23.61_-20.59_9.40_19.94_-30.75_-23.81_0.2229_0.1826_-0.5715_-0.7684end-0.09_9.04_-2.23_23.95_-21.60_9.40_20.31_-30.37_-22.50_0.2210_0.1804_-0.5695_-0.7709end-0.03_8.98_-2.34_23.95_-21.60_9.40_20.31_-30.37_-22.50_0.2203_0.1797_-0.5688_-0.7717end0.03_8.95_-2.40_23.95_-21.60_9.40_20.31_-30.37_-22.50_0.2203_0.1797_-0.5688_-0.7717end0.03_8.95_-2.40_23.95_-21.60_9.40_18.44_-31.81_-21.19_0.2183_0.1773_-0.5670_-0.7743end,24.3787197,120.90909077,1075.00537109375
1439,0.11_8.94_-2.39_24.84_-24.06_9.29_18.44_-31.81_-21.19_0.2183_0.1773_-0.5670_-0.7743end0.17_8.98_-2.45_24.84_-24.06_9.29_18.44_-31.81_-21.19_0.2163_0.1746_-0.5650_-0.7769end0.30_8.89_-2.40_24.84_-24.06_9.29_18.44_-31.81_-21.19_0.2163_0.1746_-0.5650_-0.7769end0.30_8.89_-2.40_24.84_-24.06_9.29_18.44_-31.81_-21.19_0.2150_0.1730_-0.5637_-0.7785end0.30_8.89_-2.40_24.84_-24.06_9.29_18.44_-31.81_-22.13_0.2139_0.1716_-0.5621_-0.7802end0.23_8.86_-2.51_24.84_-24.06_9.29_18.44_-31.81_-22.13_0.2134_0.1710_-0.5614_-0.7811end0.23_8.86_-2.52_26.52_-13.88_8.95_18.44_-31.81_-22.13_0.2134_0.1710_-0.5614_-0.7811end0.23_8.86_-2.52_26.52_-13.88_8.95_18.81_-31.06_-21.19_0.21,24.3787197,120.90909077,1075.00537109375
1440,22_0.1694_-0.5589_-0.7835end0.13_8.87_-2.51_26.52_-13.88_8.95_18.81_-31.06_-21.19_0.2118_0.1690_-0.5580_-0.7843end0.13_8.84_-2.46_26.52_-13.88_8.95_18.81_-31.06_-21.19_0.2118_0.1690_-0.5580_-0.7843end,24.3787197,120.90909077,1075.00537109375
1441,0.13_8.84_-2.46_26.52_-13.88_8.95_18.81_-31.06_-21.19_0.2111_0.1680_-0.5563_-0.7859end0.06_8.82_-2.50_26.52_-13.88_8.95_18.81_-31.06_-21.19_0.2111_0.1680_-0.5563_-0.7859end-0.03_8.77_-2.48_26.52_-13.88_8.95_18.81_-31.06_-21.19_0.2111_0.1680_-0.5563_-0.7859end-0.03_8.77_-2.48_26.52_-13.88_8.95_18.81_-31.06_-21.19_0.2097_0.1661_-0.5528_-0.7892end-0.03_8.77_-2.48_26.52_-13.88_8.95_18.81_-32.19_-22.50_0.2097_0.1661_-0.5528_-0.7892end-0.09_8.77_-2.78_26.52_-13.88_8.95_18.81_-32.19_-22.50_0.2097_0.1661_-0.5528_-0.7892end-0.09_8.77_-2.78_28.76_-10.07_8.95_17.87_-32.19_-22.13_0.2082_0.1643_-0.5491_-0.7925end-0.09_8.77_-2.78_28.76_-10.07_8.95_17.87_-32.19_-22.1,24.3787197,120.90909077,1075.00537109375
1442,3_0.2075_0.1635_-0.5472_-0.7942end-0.02_8.74_-3.05_28.76_-10.07_8.95_17.87_-32.19_-22.13_0.2075_0.1635_-0.5472_-0.7942end0.07_8.80_-3.30_28.76_-10.07_8.95_17.87_-32.19_-22.13_0.2072_0.1631_-0.5463_-0.7950end,24.3787197,120.90909077,1075.00537109375
1443,,24.3787197,120.90909077,1075.00537109375
1444,0.07_8.80_-3.30_28.76_-10.07_8.95_17.87_-32.19_-22.13_0.2067_0.1625_-0.5443_-0.7966end0.13_8.64_-3.43_28.76_-10.07_8.95_17.87_-32.19_-22.13_0.2067_0.1625_-0.5443_-0.7966end0.15_8.65_-3.55_28.76_-10.07_8.95_17.87_-32.19_-22.13_0.2064_0.1620_-0.5412_-0.7989end0.22_8.57_-3.65_28.76_-10.07_8.95_17.87_-32.19_-22.13_0.2064_0.1620_-0.5412_-0.7989end0.30_8.60_-3.82_28.76_-10.07_8.95_17.87_-32.19_-22.13_0.2066_0.1626_-0.5377_-0.8011end0.16_8.58_-4.14_28.76_-10.07_8.95_18.12_-33.56_-19.87_0.2066_0.1626_-0.5377_-0.8011end0.16_8.58_-4.14_29.54_10.63_9.74_18.12_-33.56_-19.87_0.2068_0.1628_-0.5366_-0.8017end0.16_8.58_-4.14_29.21_9.96_10.18_18.12_-33.56_-19.87_0.2070_0.1635_-0.5343_-0.8031end-0.32_8.60_-4.41_29.32_6.27_10.63_17.81_-34.56_-19.94_0.2070_0.1635_-0.5343_-0.8031end-0.32_8.60_-4.41_29.32_6.27_10.63_17.81_-34.56_-19.94_0.2070_0.1635_-0.5343_-0.8031end,24.3787197,120.90909077,1075.00537109375
1445,,24.3787197,120.90909077,1075.00537109375
1446,,24.3787197,120.90909077,1075.00537109375
1447,-0.32_8.60_-4.41_29.21_2.80_10.52_17.44_-33.94_-20.81_0.2070_0.1635_-0.5343_-0.8031end-0.32_8.60_-4.41_28.76_-2.01_10.63_17.44_-33.94_-20.81_0.2070_0.1635_-0.5343_-0.8031end-0.19_8.57_-4.23_28.76_-2.01_10.63_17.44_-33.94_-20.81_0.2062_0.1634_-0.5267_-0.8083end-0.06_8.52_-4.51_28.76_-2.01_10.63_17.44_-33.94_-20.81_0.2062_0.1634_-0.5267_-0.8083end-0.03_8.48_-4.66_26.97_-10.07_11.41_17.44_-33.94_-20.81_0.2062_0.1634_-0.5267_-0.8083end-0.03_8.48_-4.66_26.97_-10.07_11.41_17.44_-34.88_-19.12_0.2047_0.1620_-0.5231_-0.8113end0.07_8.46_-4.80_26.97_-10.07_11.41_17.44_-34.88_-19.12_0.2043_0.1616_-0.5222_-0.8121end0.32_8.48_-4.79_26.97_-10.07_11.41_17.44_-34.88_-1,24.3787197,120.90909077,1075.00537109375
1448,9.12_0.2043_0.1616_-0.5222_-0.8121end0.32_8.48_-4.79_26.97_-10.07_11.41_17.44_-34.88_-19.12_0.2029_0.1604_-0.5195_-0.8144end0.39_8.48_-4.81_26.97_-10.07_11.41_17.44_-34.88_-19.12_0.2023_0.1599_-0.5186_-0.8152end,24.3787197,120.90909077,1075.00537109375
1449,0.41_8.47_-4.86_26.97_-10.07_11.41_17.44_-34.88_-19.12_0.2023_0.1599_-0.5186_-0.8152end0.41_8.47_-4.86_25.63_-18.13_12.09_16.69_-34.25_-18.62_0.2023_0.1599_-0.5186_-0.8152end0.45_8.44_-4.86_25.63_-18.13_12.09_16.69_-34.25_-18.62_0.1997_0.1575_-0.5153_-0.8184end0.53_8.42_-4.85_25.29_-21.60_11.64_16.69_-34.25_-18.62_0.1990_0.1567_-0.5145_-0.8192end0.63_8.45_-4.76_25.29_-21.60_11.64_16.69_-34.25_-18.62_0.1983_0.1559_-0.5138_-0.8200end0.63_8.45_-4.76_24.84_-23.61_11.41_16.69_-34.25_-18.62_0.1983_0.1559_-0.5138_-0.8200end0.68_8.41_-4.75_24.84_-23.61_11.41_16.00_-34.56_-18.19_0.1983_0.1559_-0.5138_-0.8200end0.68_8.41_-4.75_24.84_-23.61_11.41_16.00_-34.56_-18.19_0.1951_0.1525_-0.5108_-0.8232end0.81_8.38_-4.82_24.84_-23.61_11.41_16.00_-34.56_-18.19_0.1943_0.1516_-0.5101_-0.8240end0.87_8.38_-4.80_24.06_-22.60_10.85_16.00_-34.56_-18.19_0.1943_0.1516_-0.5101_-0.8240end,24.3787197,120.90909077,1075.00537109375
1450,,24.3787197,120.90909077,1075.00537109375
1451,,24.3787197,120.90909077,1075.00537109375
1452,,24.3787197,120.90909077,1075.00537109375
1453,,24.3787197,120.90909077,1075.00537109375
1454,0.98_8.38_-4.84_24.06_-22.60_10.85_15.63_-35.25_-19.50_0.1943_0.1516_-0.5101_-0.8240end0.98_8.38_-4.84_24.06_-22.60_10.85_15.63_-35.25_-19.50_0.1916_0.1486_-0.5071_-0.8271end1.11_8.36_-4.88_24.06_-22.60_10.85_15.63_-35.25_-19.50_0.1916_0.1486_-0.5071_-0.8271end1.31_8.27_-4.82_24.06_-22.60_10.85_15.63_-35.25_-19.50_0.1916_0.1486_-0.5071_-0.8271end1.31_8.27_-4.82_24.28_-14.66_9.29_15.63_-35.25_-19.50_0.1899_0.1467_-0.5048_-0.8292end1.31_8.27_-4.82_24.28_-14.66_9.29_15.63_-35.25_-19.50_0.1890_0.1455_-0.5032_-0.8306end1.46_8.38_-4.83_24.28_-14.66_9.29_15.63_-35.25_-19.50_0.1885_0.1450_-0.5024_-0.8312end1.35_8.35_-4.80_24.28_-14.66_9.29_15.63_-35.25_-19.50_0.1885_0.1450_-0.5024_-0.8312end1.62_8.36_-4.84_24.28_-14.66_9.29_15.63_-35.25_-19.50_0.1885_0.1450_-0.5024_-0.8312end1.62_8.36_-4.84_24.28_-14.66_9.29_15.63_-35.25_-19.50_0.1874_0.1438_-0.5001_-0.8331end,24.3787197,120.90909077,1075.00537109375
1455,1.62_8.36_-4.84_24.28_-14.66_9.29_15.25_-35.63_-18.25_0.1870_0.1432_-0.4984_-0.8344end1.76_8.26_-4.73_24.28_-14.66_9.29_15.63_-35.25_-16.87_0.1870_0.1432_-0.4984_-0.8344end1.71_8.31_-4.79_24.28_-14.66_9.29_15.63_-35.25_-16.87_0.1870_0.1432_-0.4984_-0.8344end1.86_8.15_-4.64_24.28_-14.66_9.29_15.63_-35.25_-16.87_0.1865_0.1426_-0.4958_-0.8361end1.66_8.23_-4.46_24.28_-14.66_9.29_15.63_-35.25_-16.87_0.1865_0.1426_-0.4958_-0.8361end1.98_8.34_-4.39_24.28_-14.66_9.29_15.63_-35.25_-16.87_0.1868_0.1427_-0.4929_-0.8377end1.74_8.18_-4.66_24.28_-14.66_9.29_15.63_-35.25_-16.87_0.1870_0.1429_-0.4920_-0.8382end1.77_8.18_-4.05_25.63_11.97_3.58_15.63_-35.25_-16.87_0.1870_0.1429_-0.4920_-0.8382end1.77_8.18_-4.05_25.63_11.97_3.58_15.63_-35.25_-16.87_0.1880_0.1441_-0.4888_-0.8396end1.41_8.19_-4.05_25.63_11.97_3.58_16.31_-36.25_-15.63_0.1885_0.1447_-0.4878_-0.8400end,24.3787197,120.90909077,1075.00537109375
1456,,24.3787197,120.90909077,1075.00537109375
1457,1.38_8.13_-4.51_25.63_11.97_3.58_16.31_-36.25_-15.63_0.1885_0.1447_-0.4878_-0.8400end1.14_8.13_-4.14_25.07_23.61_2.69_16.31_-36.25_-15.63_0.1885_0.1447_-0.4878_-0.8400end1.14_8.13_-4.14_24.95_23.72_2.35_15.19_-37.31_-15.63_0.1885_0.1447_-0.4878_-0.8400end0.97_8.15_-4.10_24.84_24.28_2.46_15.19_-37.31_-15.63_0.1914_0.1482_-0.4821_-0.8420end0.91_8.10_-4.02_24.84_24.28_2.46_15.19_-37.31_-15.63_0.1921_0.1489_-0.4810_-0.8424end0.94_8.02_-4.18_24.84_24.28_2.46_15.19_-37.31_-15.63_0.1921_0.1489_-0.4810_-0.8424end0.79_8.03_-4.08_24.84_24.28_2.46_15.19_-37.31_-15.63_0.1921_0.1489_-0.4810_-0.8424end0.79_8.03_-4.08_24.84_24.28_2.46_15.19_-37.31_-15.63_0.1921_0.1489_-0.4810_-0.8424end0.79_8.03_-4.08_24.84_24.28_2.46_15.19_-37.31_-15.63_0.1953_0.1526_-0.4750_-0.8444end0.69_8.02_-4.18_24.84_24.28_2.46_15.19_-37.31_-15.63_0.1953_0.1526_-0.4750_-0.8444end,24.3787197,120.90909077,1075.00537109375
1458,,24.3787197,120.90909077,1075.00537109375
1459,0.72_8.11_-4.23_26.52_22.72_2.01_15.19_-37.31_-15.63_0.1953_0.1526_-0.4750_-0.8444end0.72_8.11_-4.23_26.52_22.72_2.01_15.19_-37.31_-15.63_0.1977_0.1552_-0.4702_-0.8460end0.73_7.98_-4.29_26.52_22.72_2.01_15.19_-37.31_-15.63_0.1977_0.1552_-0.4702_-0.8460end0.73_7.98_-4.29_26.52_22.72_2.01_15.19_-37.31_-15.63_0.1983_0.1558_-0.4690_-0.8464end0.76_7.95_-4.32_26.52_22.72_2.01_15.56_-37.31_-13.88_0.1983_0.1558_-0.4690_-0.8464end0.76_7.95_-4.32_28.20_19.36_2.24_15.56_-37.31_-13.88_0.2000_0.1575_-0.4653_-0.8478end0.76_7.98_-4.51_28.20_19.36_2.24_15.56_-37.31_-13.88_0.2004_0.1580_-0.4641_-0.8482end0.76_7.98_-4.51_28.76_18.80_2.69_15.56_-37.31_-13.88_0.2014_0.159,24.3787197,120.90909077,1075.00537109375
1460,,24.3787197,120.90909077,1075.00537109375
1461,0_-0.4615_-0.8492end0.71_7.92_-4.81_28.76_18.80_2.69_14.44_-38.00_-13.44_0.2014_0.1590_-0.4615_-0.8492end0.71_7.92_-4.81_28.87_16.67_2.80_14.44_-38.00_-13.44_0.2025_0.1600_-0.4590_-0.8501end0.69_7.84_-5.03_28.87_16.67_2.80_14.44_-38.00_-13.44_0.2025_0.1600_-0.4590_-0.8501end0.69_7.84_-5.03_28.42_11.53_2.91_14.44_-38.00_-13.44_0.2025_0.1600_-0.4590_-0.8501end0.69_7.84_-5.03_28.42_11.53_2.91_14.44_-38.00_-13.44_0.2040_0.1611_-0.4543_-0.8521end0.74_7.80_-5.55_28.42_11.53_2.91_14.44_-38.00_-13.44_0.2040_0.1611_-0.4543_,24.3787197,120.90909077,1075.00537109375
1462,-0.8521end0.76_7.82_-5.67_28.42_11.53_2.91_14.44_-38.00_-13.44_0.2045_0.1614_-0.4520_-0.8531end0.76_7.82_-5.67_28.42_11.53_2.91_14.44_-38.00_-13.44_0.2048_0.1613_-0.4496_-0.8543end0.85_7.76_-6.19_28.42_11.53_2.91_14.44_-38.00_-13.44_0.2050_0.1611_-0.4485_-0.8549end0.86_7.75_-6.08_28.42_11.53_2.91_14.44_-38.00_-13.44_0.2051_0.1610_-0.4474_-0.8555end0.79_7.72_-6.09_27.53_1.12_3.36_14.44_-38.00_-13.44_0.2051_0.1610_-0.4474_-0.8555end0.87_7.68_-6.07_27.42_0.00_3.02_14.44_-38.00_-13.44_0.2051_0.1610_-0.4474_-0.8555end,24.3787197,120.90909077,1075.00537109375
1463,,24.3787197,120.90909077,1075.00537109375
1464,0.87_7.68_-6.07_27.42_0.00_3.02_14.44_-38.00_-11.69_0.2053_0.1602_-0.4432_-0.8578end0.87_7.67_-6.12_27.42_0.00_3.02_14.44_-38.00_-11.69_0.2053_0.1599_-0.4422_-0.8583end1.04_7.72_-6.34_27.42_0.00_3.02_14.44_-38.00_-11.69_0.2053_0.1599_-0.4422_-0.8583end1.23_7.64_-6.54_25.40_-4.81_2.80_14.44_-38.00_-11.69_0.2053_0.1599_-0.4422_-0.,24.3787197,120.90909077,1075.00537109375
1465,8583end1.59_7.46_-6.59_25.40_-4.81_2.80_14.81_-37.63_-13.44_0.2053_0.1599_-0.4422_-0.8583end1.59_7.46_-6.59_25.40_-4.81_2.80_14.81_-37.63_-13.44_0.2051_0.1581_-0.4374_-0.8611end2.16_7.52_-7.09_25.40_-4.81_2.80_14.81_-38.31_-11.31_0.2051_0.1577_-0.4366_-0.8616end2.16_7.52_-7.09_23.95_-2.35_1.23_15.88_-37.56_-11.19_0.2051_0.1577_-0.4366_-0.8616end3.04_7.45_-7.35_23.95_-2.35_1.23_15.88_-37.56_-11.19_0.2054_0.1570_-0.4339_-0.8630end3.33_7.52_-7.30_23.95_-2.35_1.23_15.88_-37.56_-11.19_0.2057_0.1571_-0.4330_-0.8635end,24.3787197,120.90909077,1075.00537109375
1466,,24.3787197,120.90909077,1075.00537109375
1467,3.69_7.48_-7.31_23.95_-2.35_1.23_15.88_-37.56_-11.19_0.2057_0.1571_-0.4330_-0.8635end4.16_7.37_-6.79_23.95_-2.35_1.23_15.88_-37.56_-11.19_0.2061_0.1573_-0.4321_-0.8638end4.06_7.63_-4.43_22.94_20.48_-3.36_15.88_-37.56_-11.19_0.2076_0.1582_-0.4290_-0.8647end5.43_7.30_-6.29_22.94_20.48_-3.36_15.88_-37.56_-11.19_0.2076_0.1582_-0.4290_-0.8647end5.43_7.30_-6.29_22.94_20.48_-3.36_15.88_-37.56_-11.19_0.2076_0.1582_-0.4290_-0.8647end4.21_6.85_-7.31_22.94_20.48_-3.36_15.88_-37.56_-11.19_0.2076_0.1582_-0.4290_-0.8647end4.21_6.85_-7.31_21.49_26.86_-6.60_15.88_-37.56_-11.19_0.2104_0.1603_-0.4250_-0.8657end4.21_6.85_-7.31_21.49_26.86_-6.60_15.88_-37.56_-11.19_0.2122_0.1617_-0.4229_-0.8660end3.39_7.54_-6.90_21.49_26.86_-6.60_15.88_-37.56_-11.19_0.2122_0.1617_-0.4229_-0.8660end2.82_7.36_-7.11_21.49_26.86_-6.60_15.88_-37.56_-11.19_0.2122_0.1617_-0.4229_-0.8660end,24.3787197,120.90909077,1075.00537109375
1468,,24.3787197,120.90909077,1075.00537109375
1469,,24.3787197,120.90909077,1075.00537109375
1470,3.25_7.34_-7.54_20.37_33.24_-10.18_15.88_-37.56_-11.19_0.2122_0.1617_-0.4229_-0.8660end3.31_7.64_-7.77_20.37_33.24_-10.18_15.88_-37.56_-11.19_0.2122_0.1617_-0.4229_-0.8660end3.43_7.47_-8.60_20.37_33.24_-10.18_15.88_-37.56_-11.19_0.2175_0.1660_-0.4178_-0.8663end2.99_7.43_-8.93_20.37_33.24_-10.18_16.56_-39.31_-10.44_0.2175_0.1660_-0.4178_-0.8663end2.59_7.39_-9.09_20.37_33.24_-10.18_16.56_-39.31_-10.44_0.2220_0.1705_-0.4147_-0.8658end2.59_7.39_-9.09_20.37_33.24_-10.18_16.62_-37.88_-9.94_0.2254_0.1746_-0.4123_-0.8653end1.82_7.43_-9.54_20.37_33.24_-10.18_16.62_-37.88_-9.94_0.2273_0.1771_-0.4110_-0.8649end1.41_7.39_-9.65_20.37_33.24_-10.18_16.62_-37.88_-9.94,24.3787197,120.90909077,1075.00537109375
1471,_0.2273_0.1771_-0.4110_-0.8649end0.66_7.43_-9.21_20.37_33.24_-10.18_16.62_-37.88_-9.94_0.2273_0.1771_-0.4110_-0.8649end0.66_7.43_-9.21_20.37_33.24_-10.18_17.31_-39.25_-7.81_0.2341_0.1868_-0.4065_-0.8632end0.28_7.56_-9.43_20.37_33.24_-10.18_17.31_-39.25_-7.81_0.2366_0.1906_-0.4049_-0.8624end0.28_7.56_-9.43_11.53_117.95_-12.31_17.94_-38.88_-6.50_0.2366_0.1906_-0.4049_-0.8624end-0.30_7.52_-9.36_10.97_116.83_-11.75_17.94_-38.88_-6.50_0.2366_0.1906_-0.4049_-0.8624end-0.30_7.52_-9.36_10.97_116.83_-11.75_17.94_-38.88_-6.50_0.2465_0.2067_-0.3984_-0.8589end-0.30_7.52_-9.36_9.62_102.62_-9.96_17.31_-38.19_-6.50_0.2510_0.2142_-0.3954_-0.8572end-0.91_7.66_-8.85_9.62_102.62_-9.96_17.94_-38.50_-6.00_0.2510_0.2142_-0.3954_-0.8572end-0.91_7.66_-8.85_7.83_86.84_-8.39_17.94_-38.50_-6.00_0.2550_0.2209_-0.3928_-0.8555end-0.91_7.66_-8.85_6.71_76.21_-7.27_17.94_-38.50_-6.00_0.2550_0.2209_-0.3928_-0.8555end-1.34_7.58_-7.82_6.71_76.21_-7.27_17.94_-38.50_-6.00_0.2590_0.2281_-0.3896_-0.8538end-1.69_7.57_-7.59_6.71_76.21_-7.27_17.94_-38.50_-6.00_0.2599_0.2297_-0.3889_-0.8535end,24.3787197,120.90909077,1075.00537109375
1472,,24.3787197,120.90909077,1075.00537109375
1473,,24.3787197,120.90909077,1075.00537109375
1474,-1.65_7.50_-6.69_3.25_30.10_-3.47_17.94_-38.50_-6.00_0.2599_0.2297_-0.3889_-0.8535end-1.37_7.42_-6.59_3.25_30.10_-3.47_17.94_-38.50_-5.62_0.2599_0.2297_-0.3889_-0.8535end-1.37_7.42_-6.59_3.25_30.10_-3.47_17.94_-38.50_-5.62_0.2615_0.2323_-0.3876_-0.8529end-0.67_7.58_-6.30_3.25_30.10_-3.47_17.94_-38.50_-5.62_0.2617_0.2325_-0.3874_-0.8528end-0.67_7.58_-6.30_3.25_30.10_-3.47_17.69_-38.88_-6.50_0.2617_0.2325_-0.3874_-0.8528end0.16_7.39_-6.24_3.25_30.10_-3.47_17.69_-38.88_-6.50_0.2608_0.2305_-0.3877_-0.8536end0.54_7.49_-6.66_-1.90_-58.86_1.68_17.69_-38.88_-6.50_0.2608_0.2305_-0.3877_-0.8536end0.48_7.77_-6.78_-1.90_-58.86_1.68_17.69_-38.88_-6.50_0.2578_0.2245_-0.3895_-0.8553end0.48_7.77_-6.78_-1.90_-58.86_1.68_17.69_-38.88_-6.50_0.2563_0.2218_-0.3903_-0.8561end0.48_7.77_-6.78_-1.90_-58.86_1.68_17.69_-38.88_-6.50_0.2528_0.2151_-0.3922_-0.8579end,24.3787197,120.90909077,1075.00537109375
1475,,24.3787197,120.90909077,1075.00537109375
1476,,24.3787197,120.90909077,1075.00537109375
1477,1.51_7.46_-7.02_-1.90_-58.86_1.68_17.69_-38.88_-6.50_0.2528_0.2151_-0.3922_-0.8579end1.51_7.46_-7.02_-1.90_-58.86_1.68_17.69_-38.88_-6.50_0.2508_0.2111_-0.3934_-0.8589end1.51_7.46_-7.02_-1.90_-58.86_1.68_17.69_-38.88_-6.50_0.2508_0.2111_-0.3934_-0.8589end2.17_7.49_-6.88_-1.90_-58.86_1.68_17.31_-38.88_-6.94_0.2508_0.2111_-0.3934_-0.8589end2.78_7.41_-6.47_-1.90_-58.86_1.68_17.31_-38.88_-6.94_0.2508_0.2111_-0.3934_-0.8589end2.80_7.49_-6.48_-3.47_-128.24_2.24_17.31_-38.88_-6.94_0.2508_0.2111_-0.3934_-0.8589end2.80_7.49_-6.48_-3.47_-128.24_2.24_16.56_-38.94_-7.37_0.2343_0.1783_-0.4031_-0.8665end3.12_7.43_-6.21_-3.47_-128.24_2.24_16.56_-38.94_-7.37_0.2322_0.1741_-0.4043_-0.8674end3.11_7.49_-6.29_-3.47_-75.54_-0.90_16.56_-38.94_-7.37_0.2322_0.1741_-0.4043_-0.8674end3.13_7.58_-6.43_-2.57_-56.51_-1.45_16.56_-38.94_-7.37_0.2322_0.1741_-0.4043_-0.8674end,24.3787197,120.90909077,1075.00537109375
1478,,24.3787197,120.90909077,1075.00537109375
1479,3.13_7.60_-6.50_-2.57_-56.51_-1.45_16.56_-38.94_-7.37_0.2322_0.1741_-0.4043_-0.8674end3.09_7.53_-6.33_-2.57_-56.51_-1.45_16.56_-38.94_-7.37_0.2263_0.1613_-0.4080_-0.8697end2.97_7.48_-5.99_-2.57_-56.51_-1.45_16.56_-38.94_-7.37_0.2263_0.1613_-0.4080_-0.8697end2.59_7.45_-5.59_-2.57_-56.51_-1.45_16.56_-38.94_-7.37_0.2265_0.1616_-0.4078_-0.8696end2.59_7.45_-5.59_-2.57_-56.51_-1.45_16.56_-38.94_-7.37_0.2293_0.1661_-0.4065_-0.8687end2.27_7.51_-5.14_-2.57_-56.51_-1.45_16.56_-38.94_-7.37_0.2293_0.1661_-0.4065_-0.8687end2.27_7.51_-5.14_-2.57_-56.51_-1.45_16.56_-38.94_-7.37_0.2307_0.1685_-0.4058_-0.8682end1.93_7.51_-4.95_-2.57_-56.51_-1.45_16.56_-38.94_-7.37_0.23,24.3787197,120.90909077,1075.00537109375
1480,07_0.1685_-0.4058_-0.8682end1.93_7.51_-4.95_2.35_87.62_-7.16_16.56_-38.94_-7.37_0.2356_0.1769_-0.4033_-0.8663end1.93_7.51_-4.95_2.35_87.62_-7.16_16.94_-38.94_-8.19_0.2375_0.1801_-0.4023_-0.8657end,24.3787197,120.90909077,1075.00537109375
1481,,24.3787197,120.90909077,1075.00537109375
1482,1.25_7.52_-5.22_2.35_87.62_-7.16_16.94_-38.94_-8.19_0.2375_0.1801_-0.4023_-0.8657end1.25_7.52_-5.22_3.69_99.15_-7.39_16.94_-38.94_-8.19_0.2431_0.1899_-0.3990_-0.8635end1.25_7.52_-5.22_3.69_99.15_-7.39_17.31_-37.81_-6.87_0.2472_0.1970_-0.3967_-0.8618end0.73_7.49_-5.12_3.69_99.15_-7.39_17.31_-37.81_-6.87_0.2492_0.2007_-0.3953_-0.8610end0.63_7.59_-5.09_3.69_99.15_-7.39_17.31_-37.81_-6.87_0.2492_0.2007_-0.3953_-0.8610end0.63_7.59_-5.09_3.69_99.15_-7.39_19.00_-39.19_-5.62_0.2534_0.2082_-0.3926_-0.8593end0.32_7.55_-4.89_3.69_99.15_-7.39_19.00_-39.19_-5.62_0.2574_0.2155_-0.3899_-0.8575end0.32_7.55_-4.89_6.15_94.67_-5.71_18.25_-38.13_-6.00_0.2574_0.2155_-0.3899_-0.8575end0.27_7.55_-4.77_6.15_94.67_-5.71_18.25_-38.13_-6.00_0.2574_0.2155_-0.3899_-0.8575end0.13_7.54_-4.67_6.15_94.67_-5.71_18.25_-38.13_-6.00_0.2574_0.2155_-0.3899_-0.8575end,24.3787197,120.90909077,1075.00537109375
1483,,24.3787197,120.90909077,1075.00537109375
1484,,24.3787197,120.90909077,1075.00537109375
1485,,24.3787197,120.90909077,1075.00537109375
1486,0.13_7.54_-4.67_6.15_94.67_-5.71_18.25_-38.13_-6.00_0.2656_0.2301_-0.3840_-0.8539end0.13_7.54_-4.67_6.15_94.67_-5.71_18.00_-38.19_-6.87_0.2667_0.2320_-0.3831_-0.8534end0.00_7.50_-4.68_6.15_94.67_-5.71_19.00_-38.81_-4.75_0.2675_0.2335_-0.3823_-0.8531end0.06_7.57_-4.76_6.15_94.67_-5.71_19.00_-38.81_-4.75_0.2675_0.2335_-0.3823_-0.8,24.3787197,120.90909077,1075.00537109375
1487,531end0.14_7.55_-4.82_6.15_94.67_-5.71_19.00_-38.81_-4.75_0.2675_0.2335_-0.3823_-0.8531end0.14_7.55_-4.82_6.15_94.67_-5.71_18.25_-38.81_-4.75_0.2693_0.2361_-0.3802_-0.8527end0.42_7.53_-4.88_6.15_94.67_-5.71_18.25_-38.81_-4.75_0.2693_0.2359_-0.3800_-0.8529end0.51_7.50_-4.98_6.15_94.67_-5.71_18.25_-38.81_-4.75_0.2692_0.2354_-0.3798_-0.8532end0.68_7.54_-4.97_6.15_94.67_-5.71_18.25_-38.81_-4.75_0.2692_0.2354_-0.3798_-0.8532end0.72_7.50_-5.02_6.15_94.67_-5.71_18.25_-38.81_-4.75_0.2681_0.2326_-0.3796_-0.8544end,24.3787197,120.90909077,1075.00537109375
1488,0.90_7.45_-5.09_6.15_94.67_-5.71_18.25_-38.81_-4.75_0.2676_0.2315_-0.3796_-0.8548end1.04_7.45_-5.08_8.06_-31.22_1.90_18.25_-38.81_-4.75_0.2676_0.2315_-0.3796_-0.8548end1.09_7.43_-5.11_8.50_-31.11_2.35_18.25_-38.81_-4.75_0.2661_0.2278_-0.3795_-0.8563end1.33_7.46_-5.18_8.50_-31.11_2.35_18.25_-38.81_-4.75_0.2655_0.2266_-0.3795_-0.8569end1.61_7.46_-5.35_8.50_-31.11_2.35_18.25_-38.81_-4.75_0.2655_0.2266_-0.3795_-0.8569end1.73_7.51_-5.54_8.50_-31.11_2.35_18.25_-38.81_-4.75_0.2646_0.2244_-0.3793_-0.8578end1.73_7.51_-5.54_8.50_-31.11_2.35_18.25_-38.81_-4.75_0.2642_0.2234_-0.3793_-0.8582end1.73_7.51_-5.54_8.39_-22.05_2.01_18.25_-38.81_-4.75_0.2642_0.2234_-0.3793_-0.8582end2.61_7.43_-6.75_8.39_-22.05_2.01_18.25_-38.81_-4.75_0.2642_0.2234_-0.3793_-0.8582end2.61_7.43_-6.75_8.39_-22.05_2.01_18.25_-38.81_-4.75_0.2642_0.2234_-0.3793_-0.8582end,24.3787197,120.90909077,1075.00537109375
1489,,24.3787197,120.90909077,1075.00537109375
1490,,24.3787197,120.90909077,1075.00537109375
1491,3.25_7.45_-7.71_8.39_-22.05_2.01_18.25_-38.81_-4.75_0.2642_0.2234_-0.3793_-0.8582end3.25_7.45_-7.71_8.39_-22.05_2.01_18.62_-38.13_-4.75_0.2642_0.2234_-0.3793_-0.8582end2.90_7.24_-7.15_8.39_-22.05_2.01_18.62_-38.13_-4.75_0.2642_0.2234_-0.3793_-0.8582end2.90_7.24_-7.15_11.08_36.71_-0.78_18.62_-38.13_-4.75_0.2646_0.2217_-0.3763_-0.8598end2.46_7.30_-5.28_11.08_36.71_-0.78_18.62_-38.13_-4.75_0.2661_0.2242_-0.3746_-0.8594end2.23_7.32_-4.69_11.08_36.71_-0.78_18.62_-38.13_-4.75_0.2668_0.2254_-0.3737_-0.8593end1.84_7.19_-3.73_11.08_36.71_-0.78_18.62_-38.13_-4.75_0.2668_0.2254_-0.3737_-0.8593end0.91_7.22_-4.81_11.41_31.89_-1.23_18.62_-38.13_-4.75_0.2668_0.2254_-0.3737_-0.8593end2.61_7.81_-4.25_11.41_31.89_-1.23_18.62_-38.13_-4.75_0.2692_0.2289_-0.3708_-0.8588end1.95_7.21_-3.04_11.41_31.89_-1.23_18.62_-38.13_-4.75_0.2693_0.2286_-0.3707_-0.8589end,24.3787197,120.90909077,1075.00537109375
1492,,24.3787197,120.90909077,1075.00537109375
1493,2.06_7.25_-5.25_11.41_31.89_-1.23_18.62_-38.06_-3.44_0.2693_0.2286_-0.3707_-0.8589end2.06_7.25_-5.25_9.62_-40.51_-3.58_18.62_-38.44_-4.31_0.2693_0.2286_-0.3707_-0.8589end2.35_7.36_-5.78_8.39_-42.08_-3.36_18.62_-38.44_-4.31_0.2693_0.2286_-0.3707_-0.8589end2.26_7.33_-5.76_8.39_-42.08_-3.36_18.62_-38.44_-4.31_0.2675_0.2211_-0.3713_-0.8613end2.22_7.19_-6.27_8.39_-42.08_-3.36_18.62_-38.44_-4.31_0.2675_0.2211_-0.3713_-0.8613end2.11_7.21_-6.24_8.39_-42.08_-3.36_18.25_-38.50_-4.75_0.2675_0.2211_-0.3713_-0.8613end2.11_7.21_-6.24_11.97_12.31_-3.02_18.25_-38.50_-4.75_0.2673_0.2188_-0.3707_-0.8621end2.11_7.21_-6.24_11.97_12.31_-3.02_18.62_-38.44_-4.75_0.2681_0.219,24.3787197,120.90909077,1075.00537109375
1494,2_-0.3696_-0.8622end1.74_7.28_-6.15_11.97_12.31_-3.02_18.62_-38.44_-4.75_0.2687_0.2198_-0.3689_-0.8622end1.70_7.32_-6.11_11.97_12.31_-3.02_18.62_-38.44_-4.75_0.2687_0.2198_-0.3689_-0.8622end,24.3787197,120.90909077,1075.00537109375
1495,1.50_7.32_-6.00_11.97_12.31_-3.02_18.62_-38.44_-4.75_0.2687_0.2198_-0.3689_-0.8622end1.50_7.32_-6.00_11.97_12.31_-3.02_18.62_-38.44_-4.75_0.2704_0.2214_-0.3668_-0.8621end1.50_7.32_-6.00_11.97_12.31_-3.02_18.62_-38.44_-4.75_0.2708_0.2216_-0.3663_-0.8622end1.37_7.30_-6.18_11.97_12.31_-3.02_17.62_-39.19_-3.87_0.2708_0.2216_-0.3663_-0.8622end1.39_7.54_-6.58_11.97_12.31_-3.02_17.62_-39.19_-3.87_0.2708_0.2216_-0.3663_-0.8622end1.39_7.54_-6.58_11.97_12.31_-3.02_18.62_-38.13_-4.25_0.2708_0.2216_-0.3663_-0.8622end1.39_7.54_-6.58_10.07_-16.00_-3.58_18.62_-38.13_-4.25_0.2708_0.2216_-0.3663_-0.8622end1.39_7.54_-6.58_10.07_-16.00_-3.58_18.62_-38.13_-4.25_0.2708_0.2216_-0.3663_-0.8622end1.65_8.32_-7.31_10.07_-16.00_-3.58_18.62_-38.13_-4.25_0.2708_0.2216_-0.3663_-0.8622end1.89_10.60_-8.11_10.07_-16.00_-3.58_18.62_-38.13_-4.25_0.2708_0.2216_-0.3663_-0.8622end,24.3787197,120.90909077,1075.00537109375
1496,,24.3787197,120.90909077,1075.00537109375
1497,,24.3787197,120.90909077,1075.00537109375
1498,1.98_12.59_-8.83_10.07_-16.00_-3.58_18.62_-38.13_-4.25_0.2708_0.2216_-0.3663_-0.8622end2.00_12.94_-8.84_7.27_-13.20_-4.14_18.62_-38.13_-4.25_0.2708_0.2216_-0.3663_-0.8622end2.00_12.94_-8.84_7.27_-13.20_-4.14_19.31_-39.50_-4.31_0.2711_0.2130_-0.3636_-0.8654end2.09_13.95_-8.30_7.27_-13.20_-4.14_19.31_-39.50_-4.31_0.2711_0.2130_-0.3636_-0.8654end1.98_14.32_-7.26_7.27_-13.20_-4.14_19.31_-39.50_-4.31_0.2711_0.2130_-0.3636_-0.8654end1.98_14.32_-7.26_7.27_-13.20_-4.14_18.62_-38.81_-3.87_0.2705_0.2097_-0.3639_-0.8663end1.98_14.32_-7.26_7.27_-13.20_-4.14_18.62_-38.81_-3.87_0.2700_0.2071_-0.3644_-0.8668end1.43_11.67_-6.16_7.27_-13.20_-4.14_18.62_-38.81_-3.87_0.2,24.3787197,120.90909077,1075.00537109375
1499,698_0.2057_-0.3647_-0.8671end2.26_14.50_-4.52_7.27_-13.20_-4.14_18.62_-38.81_-3.87_0.2698_0.2057_-0.3647_-0.8671end2.26_14.50_-4.52_7.27_-13.20_-4.14_18.25_-37.75_-4.31_0.2695_0.2024_-0.3659_-0.8675end,24.3787197,120.90909077,1075.00537109375
1500,,24.3787197,120.90909077,1075.00537109375
1501,1.98_14.83_-4.43_7.27_-13.20_-4.14_18.25_-37.75_-4.31_0.2695_0.2024_-0.3659_-0.8675end1.98_14.83_-4.43_7.27_-13.20_-4.14_18.25_-38.44_-4.31_0.2695_0.2024_-0.3659_-0.8675end1.98_14.83_-4.43_7.27_-13.20_-4.14_18.25_-38.44_-4.31_0.2695_0.2024_-0.3659_-0.8675end1.98_14.83_-4.43_7.27_-13.20_-4.14_19.31_-39.50_-3.44_0.2695_0.2024_-0.3659_-0.8675end1.98_14.83_-4.43_7.27_-13.20_-4.14_19.31_-39.50_-3.44_0.2718_0.2048_-0.3671_-0.8657end1.98_14.83_-4.43_7.27_-13.20_-4.14_19.37_-38.44_-4.31_0.2758_0.2130_-0.3668_-0.8625end1.12_16.32_-5.99_7.27_-13.20_-4.14_19.00_-39.19_-4.31_0.2758_0.2130_-0.3668_-0.8625end1.68_15.70_-5.64_7.27_-13.20_-4.14_19.00_-39.19_-4.31_0.27,24.3787197,120.90909077,1075.00537109375
1502,,24.3787197,120.90909077,1075.00537109375
1503,,24.3787197,120.90909077,1075.00537109375
1504,58_0.2130_-0.3668_-0.8625end1.16_14.83_-4.84_7.27_-13.20_-4.14_19.00_-39.19_-4.31_0.2758_0.2130_-0.3668_-0.8625end1.16_14.83_-4.84_7.27_-13.20_-4.14_19.00_-39.19_-4.31_0.2832_0.2296_-0.3660_-0.8562end0.26_15.27_-4.50_7.27_-13.20_-4.14_19.00_-39.19_-4.31_0.2842_0.2324_-0.3663_-0.8550end-0.05_15.41_-4.21_7.27_-13.20_-4.14_19.00_-38.44_-3.87_0.2853_0.2352_-0.3668_-0.8536end0.66_15.57_-4.21_7.27_-13.20_-4.14_19.00_-38.44_-3.87_0.2853_0.2352_-0.3668_-0.8536end0.66_15.57_-4.21_-35.14_60.54_-6.38_19.00_-38.44_-3.87_0.2853_0.2352_-0.3668_-0.8536end0.92_15.55_-4.21_-35.14_60.54_-6.38_19.00_-38.44_-3.87_0.2885_0.2454_-0.3696_-0.8484end0.76_15.64_-4.55_-35.14_60.54_-6.38_19.00_-38.44_-3.87_0.2885_0.2454_-0.3696_-0.8484end0.83_15.18_-5.52_-35.14_60.54_-6.38_19.00_-38.44_-3.87_0.2885_0.2454_-0.3696_-0.8484end0.83_15.18_-5.52_-35.14_60.54_-6.38_19.00_-38.44_-3.87_0.2892_0.2509_-0.3736_-0.8448end0.83_15.18_-5.52_-35.14_60.54_-6.38_19.00_-38.44_-3.87_0.2893_0.2524_-0.3753_-0.8436end1.59_14.85_-4.84_-35.14_60.54_-6.38_19.00_-38.44_-3.87_0.2893_0.2524_-0.3753_-0.8436end,24.3787197,120.90909077,1075.00537109375
1505,,24.3787197,120.90909077,1075.00537109375
1506,,24.3787197,120.90909077,1075.00537109375
1507,1.08_14.70_-3.94_-35.14_60.54_-6.38_19.00_-38.44_-3.87_0.2886_0.2554_-0.3809_-0.8405end2.34_14.48_-5.71_-35.14_60.54_-6.38_19.00_-37.38_-4.69_0.2886_0.2554_-0.3809_-0.8405end1.96_14.16_-5.19_-35.14_60.54_-6.38_19.00_-37.38_-4.69_0.2872_0.2559_-0.3857_-0.8386end1.96_14.16_-5.19_-35.14_60.54_-6.38_19.00_-37.38_-4.69_0.2850_0.2549_-0.3910_-0.8372end1.58_13.27_-2.07_-35.14_60.54_-6.38_19.00_-37.38_-4.69_0.2838_0.2541_-0.3939_-0.8365end1.58_13.27_-2.07_-64.46_-53.60_-2.69_19.00_-37.38_-4.69_0.2838_0.2541_-0.3939_-0.8365end1.58_12.96_-2.05_-64.46_-53.60_-2.69_19.00_-37.38_-4.69_0.2838_0.2541_-0.3939_-0.8365end1.58_12.96_-2.05_-64.46_-53.60_-2.69_19.00_-37.81_-7.31_0.2773_0.2489_-0.4069_-0.8340end1.40_12.50_-2.32_-64.46_-53.60_-2.69_19.00_-37.81_-7.31_0.2756_0.2475_-0.4104_-0.8333end1.58_12.18_-2.70_-64.46_-53.60_-2.69_19.00_-37.81_-7.31_0.2756_0.2475_-0.4104_-0.8333end,24.3787197,120.90909077,1075.00537109375
1508,1.58_12.18_-2.70_-64.46_-53.60_-2.69_19.75_-36.75_-8.63_0.2722_0.2449_-0.4175_-0.8316end1.58_12.18_-2.70_-64.46_-53.60_-2.69_19.75_-36.75_-8.63_0.2692_0.2432_-0.4245_-0.8295end1.25_12.14_-3.55_-64.46_-53.60_-2.69_19.06_-36.81_-10.38_0.2692_0.2432_-0.4245_-0.8295end1.17_12.21_-3.81_-64.46_-53.60_-2.69_19.06_-36.81_-10.38_0.2692_0.2432_-0.4245_-0.8295end1.17_12.21_-3.81_-80.68_-16.45_-4.14_19.06_-36.81_-10.38_0.2692_0.2432_-0.4245_-0.8295end1.17_12.21_-3.81_-80.68_-16.45_-4.14_19.44_-36.44_-9.94_0.2652_0.2445_-0.4376_-0.8237end1.17_12.21_-3.81_-80.68_-16.45_-4.14_19.44_-37.19_-10.81_0.2646_0.2457_-0.4406_-0.8219end1.17_12.21_-3.81_-90.87_23.84_-5.71_19.4,24.3787197,120.90909077,1075.00537109375
1509,4_-37.19_-10.81_0.2639_0.2491_-0.4470_-0.8176end0.27_10.26_-3.29_-90.87_23.84_-5.71_19.44_-37.19_-10.81_0.2639_0.2491_-0.4470_-0.8176end0.27_10.26_-3.29_-95.57_24.84_-6.04_19.44_-37.19_-10.81_0.2631_0.2549_-0.4571_-0.8105end,24.3787197,120.90909077,1075.00537109375
1510,,24.3787197,120.90909077,1075.00537109375
1511,-0.27_9.27_-3.47_-95.57_24.84_-6.04_19.44_-37.19_-10.81_0.2626_0.2567_-0.4608_-0.8080end-0.42_8.70_-4.02_-95.57_24.84_-6.04_20.19_-36.13_-11.69_0.2626_0.2567_-0.4608_-0.8080end-0.45_8.20_-4.25_-95.57_24.84_-6.04_19.81_-36.50_-12.13_0.2626_0.2567_-0.4608_-0.8080end-0.62_7.98_-4.05_-108.32_-2.69_-4.92_19.81_-36.50_-12.13_0.2626_0.2567_-0.4608_-0.8080end-0.62_7.98_-4.05_-111.91_-13.88_-4.70_19.81_-36.50_-12.13_0.2576_0.2626_-0.4813_-0.7957end-0.39_7.58_-4.02_-111.91_-13.88_-4.70_19.81_-36.50_-12.13_0.2557_0.2627_-0.4860_-0.7933end-0.08_7.59_-4.33_-121.31_-53.49_-2.69_19.81_-36.50_-12.13_0.2557_0.2627_-0.4860_-0.7933end-0.06_7.49_-4.30_-123.99_-66.47_-2.13,24.3787197,120.90909077,1075.00537109375
1512,_19.81_-36.50_-12.13_0.2557_0.2627_-0.4860_-0.7933end-0.06_7.49_-4.30_-123.99_-66.47_-2.13_19.87_-34.13_-16.00_0.2480_0.2606_-0.5010_-0.7871end-0.06_7.49_-4.30_-123.99_-66.47_-2.13_19.87_-34.13_-16.00_0.2448_0.2591_-0.5067_-0.7850end,24.3787197,120.90909077,1075.00537109375
1513,,24.3787197,120.90909077,1075.00537109375
1514,-0.43_6.81_-6.87_-123.99_-66.47_-2.13_19.87_-34.13_-16.00_0.2448_0.2591_-0.5067_-0.7850end-0.43_6.81_-6.87_-123.99_-66.47_-2.13_19.87_-34.13_-16.00_0.2377_0.2556_-0.5179_-0.7810end-0.43_6.81_-6.87_-123.99_-66.47_-2.13_19.87_-34.50_-18.25_0.2300_0.2517_-0.5296_-0.7767end-0.43_6.81_-6.87_-133.84_-113.70_5.82_19.87_-34.50_-18.25_0.2220_0.2474_-0.5410_-0.7725end-0.43_6.81_-6.87_-123.77_-143.02_12.65_19.87_-34.50_-18.25_0.2220_0.2474_-0.5410_-0.7725end-0.43_6.81_-6.87_-123.77_-143.02_12.65_18.81_-32.50_-21.62_0.2172_0.2444_-0.5466_-0.7709end0.47_5.02_-3.03_-123.77_-143.02_12.65_18.81_-32.50_-21.62_0.2119_0.2412_-0.5523_-0.7693end0.47_5.02_-3.03_-123.77_-143,24.3787197,120.90909077,1075.00537109375
1515,,24.3787197,120.90909077,1075.00537109375
1516,.02_12.65_18.81_-32.50_-21.62_0.1964_0.2326_-0.5697_-0.7634end-0.01_6.61_-5.52_-123.77_-143.02_12.65_18.81_-32.50_-21.62_0.1913_0.2300_-0.5756_-0.7610end-0.01_6.61_-5.52_-123.77_-143.02_12.65_18.81_-32.50_-21.62_0.1865_0.2275_-0.5811_-0.7589end,24.3787197,120.90909077,1075.00537109375
1517,,24.3787197,120.90909077,1075.00537109375
1518,,24.3787197,120.90909077,1075.00537109375
1519,,24.3787197,120.90909077,1075.00537109375
1520,-0.01_6.61_-5.52_-123.77_-143.02_12.65_17.50_-31.19_-25.56_0.1816_0.2249_-0.5864_-0.7567end-0.01_6.61_-5.52_-121.64_-105.97_16.67_17.50_-31.19_-25.56_0.1770_0.2226_-0.5912_-0.7548end-0.01_6.61_-5.52_-123.21_-92.32_17.12_17.50_-31.19_-25.56_0.1727_0.2207_-0.5960_-0.7524end2.64_4.68_-1.81_-130.48_-42.75_17.12_17.50_-31.19_-25.56_0.1727_0.2207_-0.5960_-0.7524end2.64_4.68_-1.81_-133.39_-27.75_16.45_15.75_-30.19_-26.37_0.1727_0.2207_-0.5960_-0.7524end1.18_4.62_-3.40_-133.39_-27.75_16.45_15.75_-30.19_-26.37_0.1605_0.2200_-0.6142_-0.7407end1.18_4.62_-3.40_-133.39_-27.75_16.45_15.75_-30.19_-26.37_0.1570_0.2224_-0.6230_-0.7333end1.39_3.81_-2.86_-133.39_-27.75_16.45_15.75_-30.19_-26.37_0.1570_0.2224_-0.6230_-0.7333end1.59_4.02_-2.66_-133.39_-27.75_16.45_15.75_-30.19_-26.37_0.1558_0.2242_-0.6275_-0.7292end1.59_4.02_-2.66_-133.39_-27.75_16.45_15.75_-30.19_-26.37_0.1522_0.2297_-0.6403_-0.7170end,24.3787197,120.90909077,1075.00537109375
1521,0.29_4.66_-1.05_-133.39_-27.75_16.45_15.75_-30.19_-26.37_0.1505_0.2313_-0.6447_-0.7130end0.20_4.62_-3.17_-133.39_-27.75_16.45_15.75_-30.19_-26.37_0.1505_0.2313_-0.6447_-0.7130end0.85_4.81_-2.21_-137.31_3.80_11.86_15.75_-30.19_-26.37_0.1505_0.2313_-0.6447_-0.7130end0.85_4.81_-2.21_-137.53_1.12_12.76_15.81_-26.44_-30.25_0.1505_0.2313_-0.6447_-0.7130end0.85_5.00_-2.11_-137.31_-7.39_15.55_15.81_-26.44_-30.25_0.1505_0.2313_-0.6447_-0.7130end0.85_5.00_-2.11_-137.31_-7.39_15.55_15.81_-26.44_-30.25_0.1397_0.2389_-0.6694_-0.6895end0.85_5.00_-2.11_-137.53_0.78_16.00_15.81_-26.44_-30.25_0.1376_0.2401_-0.6734_-0.6855end0.34_6.93_-1.17_-137.53_0.78_16.00_15.88_-25.06_-32.38_0.1376_0.2401_-0.6734_-0.6855end0.34_6.93_-1.17_-139.77_19.02_13.54_15.88_-25.06_-32.38_0.1376_0.2401_-0.6734_-0.6855end0.34_6.93_-1.17_-139.77_19.02_13.54_15.13_-24.69_-32.88_0.1346_0.2432_-0.6813_-0.6772end0.34_6.93_-1.17_-139.77_19.02_13.54_15.13_-24.69_-32.88_0.1311_0.2492_-0.6929_-0.6638end1.28_7.33_-1.98_-139.77_19.02_13.54_15.13_-24.69_-32.88_0.1300_0.2512_-0.6966_-0.6593end0.97_7.21_-1.73_-139.21_31.45_16.11_15.13_-24.69_-32.88_0.1300_0.2512_-0.6966_-0.6593end0.97_7.21_-1.73_-139.21_31.45_16.11_15.13_-24.69_-32.88_0.1270_0.2578_-0.7075_-0.6456end0.76_6.71_-0.57_-136.53_27.64_15.33_15.13_-24.69_-32.88_0.1260_0.2599_-0.7111_-0.6410end1.05_6.25_0.10_-136.53_27.64_15.33_15.13_-24.69_-32.88_0.1260_0.2599_-0.7111_-0.6410end1.04_5.72_0.91_-136.53_27.64_15.33_15.13_-24.69_-32.88_0.1260_0.2599_-0.7111_-0.6410end1.04_5.72_0.91_-136.53_27.64_15.33_16.37_-18.8,24.3787197,120.90909077,1075.00537109375
1522,1_-35.69_0.1216_0.2649_-0.7216_-0.6280end1.04_5.72_0.91_-133.06_-2.57_17.12_16.37_-18.81_-35.69_0.1175_0.2673_-0.7285_-0.6198end1.42_4.93_1.20_-133.06_-2.57_17.12_16.37_-18.44_-36.56_0.1175_0.2673_-0.7285_-0.6198end,24.3787197,120.90909077,1075.00537109375
1523,,24.3787197,120.90909077,1075.00537109375
1524,1.42_4.93_1.20_-126.34_-1.23_17.35_16.37_-18.44_-36.56_0.1133_0.2695_-0.7350_-0.6117end1.42_4.93_1.20_-125.11_2.80_17.12_16.37_-17.75_-37.88_0.1133_0.2695_-0.7350_-0.6117end1.42_4.93_1.20_-122.76_6.04_17.68_16.37_-17.75_-37.88_0.1097_0.2720_-0.7412_-0.6038end1.42_4.93_1.20_-120.41_10.74_17.79_16.00_-17.06_-37.88_0.1068_0.2750_-0.7470_-0.5958end1.42_4.93_1.20_-115.93_26.07_17.68_16.00_-17.06_-37.88_0.1068_0.2750_-0.7470_-0.5958end1.42_4.93_1.20_-113.36_36.48_16.56_16.00_-17.06_-37.88_0.1068_0.2750_-0.7470_-0.5958end1.42_4.93_1.20_-113.36_36.48_16.56_16.37_-16.06_-37.81_0.1068_0.2750_-0.7470_-0.5958end1.42_4.93_1.20_-113.36_36.48_16.56_16.37_-16.06_-37.8,24.3787197,120.90909077,1075.00537109375
1525,1_0.1047_0.2854_-0.7594_-0.5753end1.70_6.40_1.59_-113.36_36.48_16.56_16.37_-16.06_-37.81_0.1047_0.2854_-0.7594_-0.5753end1.44_6.54_1.50_-113.36_36.48_16.56_16.37_-16.06_-37.81_0.1056_0.2905_-0.7637_-0.5668end,24.3787197,120.90909077,1075.00537109375
1526,,24.3787197,120.90909077,1075.00537109375
1527,1.33_6.50_1.59_-98.59_67.70_13.43_16.37_-16.06_-37.81_0.1056_0.2905_-0.7637_-0.5668end1.13_6.34_1.50_-96.46_68.93_12.98_16.37_-16.06_-37.81_0.1056_0.2905_-0.7637_-0.5668end1.13_6.34_1.50_-96.46_68.93_12.98_17.94_-12.88_-39.50_0.1084_0.3005_-0.7712_-0.5506end1.18_5.89_1.88_-96.46_68.93_12.98_17.94_-12.88_-39.50_0.1091_0.3029_-0.7729_-0.5468end1.09_5.65_1.98_-96.46_68.93_12.98_17.94_-12.88_-39.50_0.1091_0.3029_-0.7729_-0.5468end1.09_5.65_1.98_-96.46_68.93_12.98_17.94_-12.88_-39.50_0.1091_0.3029_-0.7729_-0.5468end1.09_5.65_1.98_-96.46_68.93_12.98_18.62_-11.12_-39.00_0.1097_0.3051_-0.7746_-0.5430end1.09_5.65_1.98_-96.46_68.93_12.98_18.62_-11.12_-39.00_0.11,24.3787197,120.90909077,1075.00537109375
1528,05_0.3127_-0.7807_-0.5296end1.09_5.65_1.98_-96.46_68.93_12.98_18.94_-11.44_-38.63_0.1105_0.3127_-0.7807_-0.5296end1.09_5.65_1.98_-73.52_33.57_12.76_18.94_-11.44_-38.63_0.1102_0.3158_-0.7834_-0.5238end,24.3787197,120.90909077,1075.00537109375
1529,0.71_5.32_2.73_-73.52_33.57_12.76_18.62_-11.44_-37.75_0.1102_0.3158_-0.7834_-0.5238end0.71_5.32_2.73_-73.52_33.57_12.76_18.62_-11.44_-37.75_0.1086_0.3194_-0.7872_-0.5162end0.89_5.22_2.80_-73.52_33.57_12.76_19.69_-10.06_-39.88_0.1079_0.3205_-0.7883_-0.5140end1.27_4.91_2.85_-73.52_33.57_12.76_19.69_-10.06_-39.88_0.1072_0.3215_-0.7894_-0.5118end1.27_4.91_2.85_-73.52_33.57_12.76_19.69_-10.06_-39.88_0.1058_0.3232_-0.7914_-0.5079end1.85_4.40_2.64_-73.52_33.57_12.76_19.69_-10.06_-39.88_0.1053_0.3242_-0.7924_-0.5059end1.85_4.40_2.64_-73.52_33.57_12.76_19.69_-9.00_-39.88_0.1053_0.3242_-0.7924_-0.5059end1.85_4.40_2.64_-73.52_33.57_12.76_19.69_-9.00_-39.88_0.1050_0.3251_-0.7932_-0.5042end1.96_4.20_3.27_-73.52_33.57_12.76_19.69_-9.00_-39.88_0.1050_0.3251_-0.7932_-0.5042end1.87_5.16_3.57_-73.52_33.57_12.76_19.69_-9.00_-39.88_0.1050_0.3251_-0.7932_-0.5042end,24.3787197,120.90909077,1075.00537109375
1530,,24.3787197,120.90909077,1075.00537109375
1531,1.77_5.61_3.51_-73.52_33.57_12.76_19.69_-9.00_-39.88_0.1050_0.3251_-0.7932_-0.5042end1.77_5.61_3.51_-73.52_33.57_12.76_19.69_-9.00_-39.88_0.1057_0.3310_-0.7968_-0.4944end1.70_7.52_2.34_-73.52_33.57_12.76_19.69_-9.00_-39.88_0.1057_0.3310_-0.7968_-0.4944end1.53_8.13_2.23_-19.47_42.08_5.15_19.69_-9.00_-39.88_0.1057_0.3310_-0.7968_-0.4944end1.53_8.13_2.23_-19.47_42.08_5.15_19.69_-9.00_-39.88_0.1093_0.3353_-0.7977_-0.4891end1.31_8.11_1.48_-19.47_42.08_5.15_19.69_-9.00_-39.88_0.1093_0.3353_-0.7977_-0.4891end1.31_8.11_1.48_-11.75_30.89_3.13_19.69_-9.00_-39.88_0.1093_0.3353_-0.7977_-0.4891end1.31_8.11_1.48_-11.75_30.89_3.13_21.50_-7.56_-38.94_0.1093_0.3353_-0.7977_-0.4891end1.31_8.11_1.48_-11.75_30.89_3.13_21.50_-7.56_-38.94_0.1137_0.3397_-0.7982_-0.4844end0.98_7.42_3.55_-11.75_30.89_3.13_20.81_-5.81_-39.81_0.1137_0.3397_-0.7982_-0.4844end,24.3787197,120.90909077,1075.00537109375
1532,,24.3787197,120.90909077,1075.00537109375
1533,,24.3787197,120.90909077,1075.00537109375
1534,,24.3787197,120.90909077,1075.00537109375
1535,,24.3787197,120.90909077,1075.00537109375
1536,0.98_7.42_3.55_0.56_2.57_2.57_21.50_-8.63_-39.44_0.1137_0.3397_-0.7982_-0.4844end0.98_7.42_3.55_5.60_4.81_0.56_21.50_-8.63_-39.44_0.1141_0.3401_-0.7980_-0.4843end1.58_8.31_3.42_5.60_4.81_0.56_21.50_-8.63_-39.44_0.1143_0.3401_-0.7979_-0.4844end1.97_8.52_3.39_5.60_4.81_0.56_21.50_-8.63_-39.44_0.1143_0.3401_-0.7979_-0.4844end2.32_8.88_2.59_5.60_4.81_0.56_21.50_-8.63_-39.44_0.1143_0.3401_-0.7979_-0.4844end2.32_8.88_2.59_5.60_4.81_0.56_21.50_-7.19_-38.50_0.1168_0.3406_-0.7969_-0.4850end2.32_8.88_2.59_5.60_4.81_0.56_21.50_-7.19_-38.50_0.1183_0.3410_-0.7965_-0.4850end2.14_8.73_1.86_5.60_4.81_0.56_21.50_-7.19_-38.50_0.1183_0.3410_-0.7965_-0.4850end1.79_8.52_2.,24.3787197,120.90909077,1075.00537109375
1537,24_5.60_4.81_0.56_21.50_-7.19_-38.50_0.1183_0.3410_-0.7965_-0.4850end1.79_8.52_2.24_5.60_4.81_0.56_22.19_-9.31_-37.69_0.1183_0.3410_-0.7965_-0.4850end1.30_7.85_2.48_5.60_4.81_0.56_22.19_-9.31_-37.69_0.1183_0.3410_-0.7965_-0.4850end1.04_6.73_3.20_5.60_4.81_0.56_22.19_-9.31_-37.69_0.1316_0.3446_-0.7923_-0.4860end1.04_6.73_3.20_5.60_4.81_0.56_22.56_-8.94_-37.19_0.1361_0.3444_-0.7900_-0.4886end1.16_6.27_3.53_5.60_4.81_0.56_22.56_-8.94_-37.19_0.1361_0.3444_-0.7900_-0.4886end1.16_6,24.3787197,120.90909077,1075.00537109375
1538,.27_3.53_5.60_4.81_0.56_22.56_-8.94_-37.19_0.1375_0.3432_-0.7886_-0.4914end1.16_6.27_3.53_5.60_4.81_0.56_22.25_-8.94_-37.69_0.1375_0.3432_-0.7886_-0.4914end1.16_6.27_3.53_48.46_-13.32_-6.38_22.25_-8.94_-37.69_0.1375_0.3432_-0.7886_-0.4914end1.16_6.27_3.53_67.93_-8.39_-10.18_22.25_-8.94_-37.69_0.1375_0.3432_-0.7886_-0.4914end1.16_6.27_3.53_67.93_-8.39_-10.18_22.25_-8.94_-37.69_0.1384_0.3383_-0.7842_-0.5013end-0.13_8.93_7.17_67.93_-8.39_-10.18_22.25_-8.94_-37.69_0.1384_0.3383_-0.7842_-0.5013end,24.3787197,120.90909077,1075.00537109375
1539,,24.3787197,120.90909077,1075.00537109375
1540,,24.3787197,120.90909077,1075.00537109375
1541,0.49_7.71_3.99_-5.71_-112.47_18.58_22.25_-8.94_-37.69_0.1249_0.3320_-0.7856_-0.5068end1.36_6.87_4.48_-5.71_-112.47_18.58_22.25_-8.94_-37.69_0.1208_0.3306_-0.7860_-0.5083end-1.74_8.59_1.75_-5.71_-112.47_18.58_22.25_-8.94_-37.69_0.1208_0.3306_-0.7860_-0.5083end-0.84_6.84_5.39_-5.71_-112.47_18.58_22.25_-8.94_-37.69_0.1208_0.3306_-0.7860_-0.5083end-0.84_6.84_5.39_-5.71_-112.47_18.58_22.25_-8.94_-37.69_0.1239_0.3333_-0.7831_-0.5101end-0.84_6.84_5.39_-5.71_-112.47_18.58_20.37_-10.69_-39.00_0.1353_0.3378_-0.7792_-0.5104end2.96_8.78_11.95_-5.71_-112.47_18.58_20.37_-10.69_-39.00_0.1353_0.3378_-0.7792_-0.5104end3.01_8.90_13.92_-5.71_-112.47_18.58_20.37_-10.69_-39.00_0.1401_0.3383_-0.7766_-0.5127end3.01_8.90_13.92_29.88_-72.85_-1.01_22.19_-11.00_-36.44_0.1401_0.3383_-0.7766_-0.5127end3.01_8.90_13.92_29.88_-72.85_-1.01_22.19_-11.00_-36.44_0.1363_0.3345_-0.7761_-0.5170end,24.3787197,120.90909077,1075.00537109375
1542,,24.3787197,120.90909077,1075.00537109375
1543,,24.3787197,120.90909077,1075.00537109375
1544,3.01_8.90_13.92_29.88_-72.85_-1.01_22.19_-11.00_-36.44_0.1308_0.3308_-0.7761_-0.5208end4.41_7.50_1.05_29.88_-72.85_-1.01_21.81_-10.31_-38.63_0.1308_0.3308_-0.7761_-0.5208end3.09_7.75_-0.75_29.88_-72.85_-1.01_21.81_-10.31_-38.63_0.1308_0.3308_-0.7761_-0.5208end3.09_7.75_-0.75_40.40_80.24_-0.11_21.81_-10.31_-38.63_0.1328_0.3314_-0.7738_-0.5232end3.09_7.75_-0.75_40.40_80.24_-0.11_21.81_-10.31_-38.63_0.1392_0.3344_-0.7711_-0.5237end2.75_8.64_2.52_40.40_80.24_-0.11_21.81_-10.31_-38.63_0.1392_0.3344_-0.7711_-0.5237end2.75_8.64_2.52_40.40_80.24_-0.11_21.81_-10.31_-38.63_0.1483_0.3377_-0.7666_-0.5256end1.77_8.13_4.28_44.99_33.01_-1.68_21.81_-10.31_-38.63_0.148,24.3787197,120.90909077,1075.00537109375
1545,3_0.3377_-0.7666_-0.5256end2.34_8.32_6.11_44.99_33.01_-1.68_21.81_-10.31_-38.63_0.1503_0.3382_-0.7653_-0.5266end2.11_8.35_6.12_44.99_33.01_-1.68_21.81_-10.31_-38.63_0.1528_0.3383_-0.7631_-0.5291end,24.3787197,120.90909077,1075.00537109375
1546,,24.3787197,120.90909077,1075.00537109375
1547,1.57_8.64_6.56_44.99_33.01_-1.68_21.81_-10.31_-38.63_0.1545_0.3380_-0.7614_-0.5312end2.42_8.46_6.94_44.99_33.01_-1.68_21.81_-10.31_-38.63_0.1545_0.3380_-0.7614_-0.5312end2.55_8.14_4.06_44.99_33.01_-1.68_21.81_-10.31_-38.63_0.1545_0.3380_-0.7614_-0.5312end2.55_8.14_4.06_34.24_16.79_-3.02_21.81_-10.31_-38.63_0.1569_0.3376_-0.7591_-0.5341end2.55_8.14_4.06_34.24_16.79_-3.02_21.81_-10.31_-38.63_0.1591_0.3376_-0.7573_-0.5359end2.42_8.30_2.72_34.24_16.79_-3.02_21.81_-10.31_-38.63_0.1591_0.3376_-0.7573_-0.5359end2.42_8.30_2.72_34.24_16.79_-3.02_21.81_-10.31_-38.63_0.1591_0.3376_-0.7573_-0.5359end2.42_8.30_2.72_45.32_31.56_-5.26_21.37_-13.44_-35.63_0.1591_0.337,24.3787197,120.90909077,1075.00537109375
1548,6_-0.7573_-0.5359end1.85_8.54_3.97_45.32_31.56_-5.26_21.37_-13.44_-35.63_0.1591_0.3376_-0.7573_-0.5359end1.82_8.55_4.07_45.32_31.56_-5.26_21.37_-13.44_-35.63_0.1591_0.3376_-0.7573_-0.5359end,24.3787197,120.90909077,1075.00537109375
1549,,24.3787197,120.90909077,1075.00537109375
1550,1.82_8.56_4.06_45.32_31.56_-5.26_21.37_-13.44_-35.63_0.1721_0.3387_-0.7481_-0.5440end1.55_8.55_3.89_45.32_31.56_-5.26_21.37_-13.44_-35.63_0.1721_0.3387_-0.7481_-0.5440end1.55_8.55_3.89_45.32_31.56_-5.26_21.37_-13.44_-35.63_0.1721_0.3387_-0.7481_-0.5440end1.46_8.47_3.03_45.32_31.56_-5.26_21.37_-13.44_-35.63_0.1786_0.3397_-0.7438_-0.5472end1.31_8.45_1.48_45.32_31.56_-5.26_23.56_-14.44_-33.50_0.1786_0.3397_-0.7438_-0.5472end1.31_8.45_1.48_37.49_35.03_-5.71_23.56_-14.44_-33.50_0.1823_0.3403_-0.7417_-0.5485end1.31_8.45_1.48_37.49_35.03_-5.71_23.56_-14.44_-33.50_0.1840_0.3406_-0.7405_-0.5493end1.50_8.60_0.81_39.17_35.92_-5.93_23.56_-14.44_-33.50_0.1859_0.3410_-0.7394_-0.5499end1.50_8.60_0.81_39.17_35.92_-5.93_24.25_-15.13_-32.69_0.1859_0.3410_-0.7394_-0.5499end1.50_8.60_0.81_39.39_36.48_-5.71_24.25_-15.13_-32.69_0.1915_0.3421_-0.7360_-0.5520end,24.3787197,120.90909077,1075.00537109375
1551,,24.3787197,120.90909077,1075.00537109375
1552,,24.3787197,120.90909077,1075.00537109375
1553,,24.3787197,120.90909077,1075.00537109375
1554,1.23_8.73_1.46_39.39_36.48_-5.71_24.25_-15.13_-32.69_0.1915_0.3421_-0.7360_-0.5520end1.16_8.77_1.62_39.39_36.48_-5.71_25.69_-15.13_-33.13_0.1915_0.3421_-0.7360_-0.5520end1.16_8.77_1.62_39.39_36.48_-5.71_25.69_-15.13_-33.13_0.1975_0.3436_-0.7323_-0.5538end1.16_8.77_1.62_39.39_36.48_-5.71_25.69_-15.13_-33.13_0.1996_0.3442_-0.7311_-0.5542end1.16_8.77_1.62_39.39_36.48_-5.71_25.25_-16.12_-32.69_0.1996_0.3442_-0.7311_-0.5542end1.18_8.78_1.18_39.39_36.48_-5.71_25.25_-16.12_-32.69_0.1996_0.3442_-0.7311_-0.5542end1.13_8.77_1.01_39.39_36.48_-5.71_25.25_-16.12_-32.69_0.1996_0.3442_-0.7311_-0.5542end1.29_8.78_0.99_39.39_36.48_-5.71_25.25_-16.12_-32.69_0.1996_0.344,24.3787197,120.90909077,1075.00537109375
1555,2_-0.7311_-0.5542end1.30_8.84_1.06_32.56_47.56_-5.71_25.25_-16.12_-32.69_0.1996_0.3442_-0.7311_-0.5542end1.30_8.84_1.06_31.67_45.66_-5.93_25.25_-16.12_-32.69_0.2209_0.3509_-0.7193_-0.5574end1.59_8.94_1.20_31.67_45.66_-5.93_25.25_-16.12_-32.69_0.2229_0.3514_-0.7181_-0.5577end1.65_8.95_1.20_31.67_45.66_-5.93_26.00_-16.06_-31.37_0.2229_0.3514_-0.7181_-0.5577end1.65_8.95_1.20_30.33_44.54_-5.71_27.44_-17.06_-30.50_0.2229_0.3514_-0.7181_-0.5577end1.65_8.95_1.20_30.33_44.54_-5.71_27.44_-17.06_-30.50_0.2306_0.3536_-0.7138_-0.5588end1.39_8.87_0.89_30.33_44.54_-5.71_27.44_-17.06_-30.50_0.2325_0.3542_-0.7128_-0.5590end1.27_8.93_0.78_30.33_44.54_-5.71_27.44_-17.06_-30.50_0.2344_0.3548_-0.7117_-0.5591end1.27_8.93_0.78_30.33_44.54_-5.71_27.44_-17.06_-30.50_0.2386_0.3561_-0.7095_-0.5593end1.10_9.04_0.38_30.33_44.54_-5.71_27.44_-17.06_-30.50_0.2407_0.3569_-0.7084_-0.5594end0.94_9.06_0.27_30.33_44.54_-5.71_27.44_-17.06_-30.50_0.2407_0.3569_-0.7084_-0.5594end0.88_9.08_0.27_30.33_44.54_-5.71_28.50_-17.06_-29.69_0.2407_0.3569_-0.7084_-0.5594end,24.3787197,120.90909077,1075.00537109375
1556,,24.3787197,120.90909077,1075.00537109375
1557,0.83_9.05_0.32_30.33_44.54_-5.71_28.50_-17.06_-29.69_0.2491_0.3598_-0.7040_-0.5594end0.75_9.13_0.34_30.33_44.54_-5.71_28.50_-17.06_-29.69_0.2491_0.3598_-0.7040_-0.5594end0.75_9.13_0.34_30.33_44.54_-5.71_28.12_-17.75_-28.38_0.2513_0.3605_-0.7029_-0.5593end0.75_9.13_0.34_24.40_46.66_-6.38_28.12_-17.75_-28.38_0.2513_0.3605_-0.7029_-0.5593end0.64_9.16_0.50_24.40_46.66_-6.38_28.12_-17.75_-28.38_0.2571_0.3625_-0.6998_-0.5593end0.42_9.23_0.73_24.40_46.66_-6.38_28.12_-17.75_-28.38_0.2587_0.3629_-0.6988_-0.5594end0.42_9.23_0.73_22.16_28.54_-6.04_28.12_-17.75_-28.38_0.2587_0.3629_-0.6988_-0.5594end0.17_9.21_0.80_22.16_28.54_-6.04_28.12_-17.75_-28.38_0.2618_0.363,24.3787197,120.90909077,1075.00537109375
1558,6_-0.6971_-0.5596end0.09_9.24_0.75_22.16_28.54_-6.04_28.12_-17.75_-28.38_0.2618_0.3636_-0.6971_-0.5596end0.16_9.21_0.88_22.16_28.54_-6.04_28.12_-17.75_-28.38_0.2657_0.3636_-0.6945_-0.5611end,24.3787197,120.90909077,1075.00537109375
1559,,24.3787197,120.90909077,1075.00537109375
1560,0.32_9.25_0.85_22.16_28.54_-6.04_28.12_-17.75_-28.38_0.2657_0.3636_-0.6945_-0.5611end0.32_9.25_0.85_22.16_28.54_-6.04_28.12_-17.75_-28.38_0.2672_0.3632_-0.6934_-0.5621end0.48_9.27_0.84_22.16_28.54_-6.04_28.12_-17.75_-28.38_0.2672_0.3632_-0.6934_-0.5621end0.44_9.25_0.91_18.46_9.74_-5.48_28.87_-18.06_-27.50_0.2672_0.3632_-0.6934_-0.5621end0.40_9.31_0.88_18.46_9.74_-5.48_28.87_-18.06_-27.50_0.2672_0.3632_-0.6934_-0.5621end0.30_9.28_0.89_18.46_9.74_-5.48_28.87_-18.06_-27.50_0.2709_0.3619_-0.6904_-0.5648end0.13_9.32_1.04_18.46_9.74_-5.48_28.87_-18.06_-27.50_0.2715_0.3617_-0.6899_-0.5652end0.13_9.32_1.04_17.35_6.83_-5.04_29.94_-17.62_-24.87_0.2715_0.3617_-0.6899_-0.5652end0.13_9.32_1.04_17.35_6.83_-5.04_29.94_-17.62_-24.87_0.2731_0.3609_-0.6886_-0.5666end0.11_9.33_1.10_17.35_6.83_-5.04_29.94_-17.62_-24.87_0.2735_0.3606_-0.6882_-0.5670end,24.3787197,120.90909077,1075.00537109375
1561,,24.3787197,120.90909077,1075.00537109375
1562,0.16_9.33_1.14_17.35_6.83_-5.04_29.94_-17.62_-24.87_0.2735_0.3606_-0.6882_-0.5670end0.16_9.33_1.14_14.88_-2.69_-5.04_29.94_-17.62_-24.87_0.2735_0.3606_-0.6882_-0.5670end0.15_9.32_1.18_14.88_-2.69_-5.04_29.94_-17.62_-24.87_0.2735_0.3606_-0.6882_-0.5670end0.30_9.29_1.27_14.88_-2.69_-5.04_29.94_-17.62_-24.87_0.2745_0.3589_-0.6870_-0.5690end0.30_9.29_1.27_14.21_-4.92_-5.37_29.94_-17.62_-24.87_0.2749_0.3575_-0.6863_-0.5706end0.62_9.32_1.48_14.21_-4.92_-5.37_30.69_-17.62_-26.56_0.2749_0.3575_-0.6863_-0.5706end0.62_9.32_1.48_14.21_-4.92_-5.37_30.69_-17.62_-26.56_0.2751_0.3570_-0.6860_-0.5712end0.77_9.32_1.70_14.21_-4.92_-5.37_30.69_-17.62_-26.56_0.2751_0.3570,24.3787197,120.90909077,1075.00537109375
1563,_-0.6860_-0.5712end0.83_9.32_1.80_14.21_-4.92_-5.37_29.19_-18.37_-25.81_0.2759_0.3558_-0.6852_-0.5725end0.83_9.32_1.80_13.88_5.60_-5.71_29.19_-18.37_-25.81_0.2762_0.3555_-0.6849_-0.5729end,24.3787197,120.90909077,1075.00537109375
1564,0.83_9.32_1.80_13.88_5.60_-5.71_29.19_-18.37_-25.81_0.2772_0.3551_-0.6841_-0.5736end0.87_9.29_2.14_13.88_5.60_-5.71_29.94_-18.37_-27.06_0.2772_0.3551_-0.6841_-0.5736end0.87_9.33_2.23_14.55_14.44_-7.05_29.94_-18.37_-27.06_0.2772_0.3551_-0.6841_-0.5736end0.87_9.33_2.23_14.55_14.44_-7.05_29.94_-18.37_-27.06_0.2794_0.3548_-0.6829_-0.5743end0.87_9.33_2.23_14.55_16.23_-6.71_29.94_-18.37_-27.06_0.2794_0.3548_-0.6829_-0.5743end0.71_9.33_2.47_14.55_16.23_-6.71_29.94_-18.37_-27.06_0.2794_0.3548_-0.6829_-0.5743end0.71_9.33_2.47_14.55_16.23_-6.71_29.94_-18.37_-27.06_0.2838_0.3549_-0.6803_-0.5751end0.71_9.33_2.47_14.55_16.23_-6.71_29.56_-19.06_-26.19_0.2847_0.3549_-0.6797_-0.5753end0.59_9.36_2.45_14.55_16.23_-6.71_29.56_-19.44_-25.81_0.2857_0.3549_-0.6792_-0.5754end0.57_9.34_2.46_15.22_17.23_-8.06_29.56_-19.44_-25.81_0.2857_0.3549_-0.6792_-0.5754end,24.3787197,120.90909077,1075.00537109375
1565,,24.3787197,120.90909077,1075.00537109375
1566,,24.3787197,120.90909077,1075.00537109375
1567,,24.3787197,120.90909077,1075.00537109375
1568,,24.3787197,120.90909077,1075.00537109375
1569,,24.3787197,120.90909077,1075.00537109375
1570,,24.3787197,120.90909077,1075.00537109375
1571,0.57_9.34_2.46_15.67_16.34_-8.17_31.00_-18.31_-25.81_0.2857_0.3549_-0.6792_-0.5754end0.57_9.34_2.46_15.67_16.34_-8.17_30.25_-18.69_-25.81_0.2884_0.3549_-0.6776_-0.5760end0.57_9.34_2.46_15.67_16.34_-8.17_30.25_-18.69_-25.81_0.2894_0.3548_-0.6771_-0.5762end0.50_9.34_2.43_15.67_16.34_-8.17_30.25_-18.69_-25.81_0.2894_0.3548_-0.6771_-0.5762end0.39_9.30_2.58_15.67_16.34_-8.17_30.25_-18.69_-25.81_0.2894_0.3548_-0.6771_-0.5762end0.36_9.36_2.55_15.67_16.34_-8.17_31.31_-18.62_-24.44_0.2941_0.3545_-0.6742_-0.5773end0.34_9.38_2.59_15.67_16.34_-8.17_31.31_-18.62_-24.44_0.2952_0.3544_-0.6735_-0.5776end0.30_9.32_2.61_15.67_16.34_-8.17_31.31_-18.62_-24.44_0.2963_0.3544_-0.6728_-0.5778end-0.05_9.36_2.71_15.67_16.34_-8.17_31.31_-18.62_-24.44_0.2963_0.3544_-0.6728_-0.5778end-0.15_9.34_2.71_20.25_23.72_-8.62_31.31_-18.62_-24.44_0.2963_0.3544_-0.6728_-0.5778end,24.3787197,120.90909077,1075.00537109375
1572,-0.32_9.32_2.92_20.81_25.40_-8.17_31.31_-18.62_-24.44_0.3011_0.3549_-0.6698_-0.5786end-0.45_9.36_2.93_20.81_25.40_-8.17_31.31_-18.62_-24.44_0.3024_0.3550_-0.6689_-0.5787end-0.45_9.36_2.93_20.81_25.40_-8.17_31.00_-19.00_-24.44_0.3038_0.3553_-0.6681_-0.5789end-0.72_9.38_3.29_20.81_25.40_-8.17_31.00_-19.00_-24.44_0.3038_0.3553_-0.6681_-0.5789end-0.72_9.38_3.29_23.61_30.44_-7.05_31.31_-18.62_-22.69_0.3038_0.3553_-0.6681_-0.5789end-0.72_9.38_3.29_23.61_30.44_-7.05_31.31_-18.62_-22.69_0.3094_0.3562_-0.6644_-0.5797end-0.91_9.36_3.37_25.18_22.94_-6.04_31.31_-18.62_-22.69_0.3094_0.3562_-0.6644_-0.5797end-0.96_9.40_3.39_25.18_22.94_-6.04_31.31_-18.62_-22.69_0.3094_0.3562_-0.6644_-0.5797end-0.96_9.40_3.39_25.18_22.94_-6.04_31.00_-19.00_-24.06_0.3094_0.3562_-0.6644_-0.5797end-0.96_9.40_3.39_25.18_22.94_-6.04_31.00_-19.00_-24.06_0.3137_0.3561_-0.6609_-0.5813end-0.54_9.29_3.20_25.18_22.94_-6.04_31.00_-19.00_-24.06_0.3137_0.3561_-0.6609_-0.5813end-0.44_9.33_3.18_25.18_22.94_-6.04_31.00_-19.00_-24.06_0.3137_0.3561_-0.6609_-0.5813end-0.29_9.28_3.13_25.18_22.94_-6.04_33.13_-18.62_-24.06_0.3137_0.3561_-0.6609_-0.5813end-0.29_9.28_3.13_25.18_22.94_-6.04_33.13_-18.62_-24.06_0.3169_0.3538_-0.6575_-0.5850end-0.29_9.28_3.13_25.18_22.94_-6.04_33.13_-18.62_-24.06_0.3173_0.3531_-0.6569_-0.5858end0.30_9.24_2.88_25.18_22.94_-6.04_33.13_-18.62_-24.06_0.3173_0.3531_-0.6569_-0.5858end0.30_9.24_2.88_25.18_22.94_-6.04_33.13_-18.62_-24.06_0.3187_0.3511_-0.6548_-0.5885end0.54_9.23_2.60_25.18_22.94_-6.04_33.13_-18.62_-24.06_0.3198_0.3497_-0.6533_-0.5903end0.57_9.21_2.44_25.18_22.94_-6.04_33.13_-18.62_-24.06_0.3198_0.3497_-0.6533_-0.5903end0.55_9.21_2.34_25.18_22.94_-6.04_32.00_-20.00_-21.87_0.3198_0.3497_-0.6533_-0.5903end,24.3787197,120.90909077,1075.00537109375
1573,,24.3787197,120.90909077,1075.00537109375
1574,0.49_9.20_2.17_33.46_6.94_-6.71_32.00_-20.00_-21.87_0.3198_0.3497_-0.6533_-0.5903end0.49_9.20_2.17_33.91_10.30_-6.27_32.00_-20.00_-21.87_0.3198_0.3497_-0.6533_-0.5903end0.49_9.20_2.17_34.58_13.76_-6.71_32.00_-20.37_-22.75_0.3240_0.3474_-0.6490_-0.5943end0.49_9.20_2.17_35.36_17.12_-6.60_32.00_-20.37_-22.75_0.3251_0.3471_-0.6479_-,24.3787197,120.90909077,1075.00537109375
1575,0.5950end0.49_9.20_2.17_36.59_21.71_-6.94_32.00_-20.37_-22.75_0.3276_0.3467_-0.6457_-0.5963end-0.11_9.14_1.78_36.59_21.71_-6.94_32.00_-20.37_-22.75_0.3276_0.3467_-0.6457_-0.5963end-0.38_9.19_1.52_36.71_24.84_-6.94_32.00_-20.37_-22.75_0.3318_0.3466_-0.6420_-0.5981end-0.45_9.15_1.43_36.71_24.84_-6.94_32.00_-20.37_-22.75_0.3332_0.3466_-0.6407_-0.5986end-0.57_9.18_1.30_36.71_24.84_-6.94_32.00_-20.37_-22.75_0.3348_0.3466_-0.6393_-0.5992end-0.81_9.13_1.04_36.71_24.84_-6.94_32.00_-20.37_-22.75_0.3362_0.3466_-0.6380_-0.5998end,24.3787197,120.90909077,1075.00537109375
1576,,24.3787197,120.90909077,1075.00537109375
1577,-0.81_9.13_1.04_38.50_31.11_-6.04_32.00_-20.37_-22.75_0.3362_0.3466_-0.6380_-0.5998end-0.95_9.13_1.01_38.50_31.11_-6.04_32.00_-20.37_-22.75_0.3410_0.3470_-0.6337_-0.6014end-1.17_9.17_0.89_38.50_31.11_-6.04_32.00_-20.37_-22.75_0.3426_0.3472_-0.6322_-0.6020end-1.54_9.17_0.61_38.50_31.11_-6.04_32.00_-20.37_-22.75_0.3426_0.3472_-0.6322_-0.6020end-1.66_9.19_0.59_39.61_35.25_-4.03_32.00_-20.37_-22.75_0.3426_0.3472_-0.6322_-0.6020end-1.66_9.19_0.59_39.61_36.37_-3.02_33.38_-21.69_-19.31_0.3475_0.3480_-0.6277_-0.6035end-1.66_9.19_0.59_39.61_36.37_-3.02_33.38_-21.69_-19.31_0.3492_0.3483_-0.6262_-0.6039end-1.66_9.19_0.59_39.61_36.37_-3.02_33.38_-21.69_-19.31_0.35,24.3787197,120.90909077,1075.00537109375
1578,09_0.3486_-0.6245_-0.6044end-2.16_9.20_0.15_39.61_36.37_-3.02_33.38_-21.69_-19.31_0.3509_0.3486_-0.6245_-0.6044end-2.16_9.20_0.15_39.61_36.37_-3.02_32.31_-21.75_-20.19_0.3509_0.3486_-0.6245_-0.6044end,24.3787197,120.90909077,1075.00537109375
1579,,24.3787197,120.90909077,1075.00537109375
1580,,24.3787197,120.90909077,1075.00537109375
1581,-2.51_9.17_-0.23_39.61_36.37_-3.02_32.31_-21.75_-20.19_0.3509_0.3486_-0.6245_-0.6044end-2.66_9.21_-0.31_39.61_36.37_-3.02_32.31_-21.75_-20.19_0.3509_0.3486_-0.6245_-0.6044end-2.66_9.21_-0.31_39.61_36.37_-3.02_32.31_-21.75_-20.19_0.3628_0.3510_-0.6118_-0.6090end-2.95_9.23_-0.47_39.61_36.37_-3.02_32.31_-21.75_-20.19_0.3639_0.3512_-0.6104_-0.6097end-3.02_9.18_-0.51_39.61_36.37_-3.02_32.31_-21.75_-20.19_0.3639_0.3512_-0.6104_-0.6097end-3.02_9.18_-0.51_39.61_36.37_-3.02_32.31_-21.75_-20.19_0.3651_0.3514_-0.6088_-0.6105end-3.09_9.24_-0.65_39.61_36.37_-3.02_32.31_-21.75_-20.19_0.3651_0.3514_-0.6088_-0.6105end-3.09_9.24_-0.65_39.61_36.37_-3.02_32.31_-21.31_-16.62_0.3685_0.3516_-0.6031_-0.6138end-3.16_9.23_-0.86_39.61_36.37_-3.02_32.31_-21.31_-16.62_0.3692_0.3516_-0.6018_-0.6147end-3.18_9.11_-0.79_39.61_36.37_-3.02_32.31_-21.31_-16.62_0.3692_0.3516_-0.6018_-0.6147end,24.3787197,120.90909077,1075.00537109375
1582,,24.3787197,120.90909077,1075.00537109375
1583,-3.34_9.21_-1.23_39.61_36.37_-3.02_32.31_-21.31_-16.62_0.3692_0.3516_-0.6018_-0.6147end-3.34_9.21_-1.23_39.61_36.37_-3.02_33.75_-21.31_-17.50_0.3709_0.3511_-0.5967_-0.6190end-3.42_9.21_-1.29_39.61_36.37_-3.02_33.75_-21.31_-17.50_0.3711_0.3508_-0.5955_-0.6201end-3.46_9.25_-1.35_39.61_36.37_-3.02_33.75_-21.31_-17.50_0.3711_0.3508_-0.5955_-0.6201end-3.52_9.15_-1.56_39.61_36.37_-3.02_33.00_-22.69_-17.12_0.3711_0.3508_-0.5955_-0.6201end-3.52_9.15_-1.56_35.92_-13.20_17.23_33.00_-22.69_-17.12_0.3707_0.3492_-0.5912_-0.6254end-3.54_9.12_-1.61_35.92_-13.20_17.23_33.00_-22.69_-17.12_0.3702_0.3486_-0.5903_-0.6269end-3.50_9.16_-1.59_35.92_-13.20_17.23_33.00_-23.00_,24.3787197,120.90909077,1075.00537109375
1584,-16.25_0.3702_0.3486_-0.5903_-0.6269end-3.40_9.14_-1.57_35.92_-13.20_17.23_32.63_-23.00_-15.00_0.3702_0.3486_-0.5903_-0.6269end-3.26_9.07_-1.62_34.24_-33.80_21.71_32.63_-23.00_-15.00_0.3702_0.3486_-0.5903_-0.6269end,24.3787197,120.90909077,1075.00537109375
1585,,24.3787197,120.90909077,1075.00537109375
1586,,24.3787197,120.90909077,1075.00537109375
1587,-3.19_9.09_-1.70_34.24_-33.80_21.71_32.63_-23.38_-15.81_0.3670_0.3453_-0.5872_-0.6335end-3.19_9.09_-1.70_33.80_-39.50_23.28_32.63_-23.38_-15.81_0.3670_0.3453_-0.5872_-0.6335end-3.02_9.00_-1.71_33.80_-39.50_23.28_32.63_-23.75_-17.56_0.3659_0.3443_-0.5865_-0.6353end-3.02_9.00_-1.71_32.56_-43.98_25.63_32.63_-23.75_-17.56_0.3659_0.3443_-0.5865_-0.6353end-3.02_9.00_-1.71_32.56_-43.98_25.63_32.63_-23.75_-17.56_0.3621_0.3411_-0.5847_-0.6408end-3.02_9.00_-1.71_32.56_-43.98_25.63_32.63_-23.75_-17.56_0.3608_0.3399_-0.5841_-0.6428end-3.02_9.00_-1.71_32.56_-43.98_25.63_31.19_-24.06_-15.81_0.3580_0.3378_-0.5829_-0.6465end-3.02_9.00_-1.71_32.56_-43.98_25.63_31.19_-2,24.3787197,120.90909077,1075.00537109375
1588,4.06_-15.81_0.3568_0.3369_-0.5823_-0.6482end-2.51_8.87_-2.54_32.56_-43.98_25.63_31.19_-24.06_-15.81_0.3554_0.3359_-0.5817_-0.6500end-2.51_8.87_-2.54_32.56_-43.98_25.63_30.12_-25.88_-16.31_0.3528_0.3341_-0.5804_-0.6535end-2.51_8.87_-2.54_32.56_-43.98_25.63_30.12_-25.88_-16.31_0.3501_0.3323_-0.5790_-0.6571end-2.37_8.93_-2.91_32.56_-43.98_25.63_30.12_-25.88_-16.31_0.3501_0.3323_-0.5790_-0.6571end-2.40_8.64_-2.98_30.10_-45.32_32.68_30.12_-25.88_-16.31_0.3501_0.3323_-0.5790_-0.6571end-2.49_9.17_-3.17_30.10_-45.32_32.68_30.12_-25.88_-16.31_0.3455_0.3295_-0.5770_-0.6627end-2.41_9.04_-3.29_27.75_-50.25_34.69_30.12_-25.88_-16.31_0.3437_0.3285_-0.5765_-0.6645end-2.41_9.04_-3.29_27.31_-50.25_35.47_30.12_-25.88_-16.31_0.3420_0.3275_-0.5759_-0.6664end-2.41_9.04_-3.29_27.31_-50.25_35.47_30.12_-25.88_-16.31_0.3401_0.3265_-0.5754_-0.6683end-2.28_9.15_-4.23_27.31_-50.25_35.47_30.12_-25.88_-16.31_0.3401_0.3265_-0.5754_-0.6683end-2.28_9.15_-4.23_24.06_-38.61_36.37_30.12_-25.88_-16.31_0.3401_0.3265_-0.5754_-0.6683end-2.28_9.15_-4.23_24.06_-38.61_36.37_30.12_-25.88_-16.31_0.3316_0.3227_-0.5723_-0.6770end,24.3787197,120.90909077,1075.00537109375
1589,,24.3787197,120.90909077,1075.00537109375
1590,-1.80_8.70_-4.16_24.06_-38.61_36.37_30.12_-25.88_-16.31_0.3316_0.3227_-0.5723_-0.6770end-1.77_8.98_-4.00_24.28_-32.34_39.50_30.12_-25.88_-16.31_0.3316_0.3227_-0.5723_-0.6770end-1.77_8.98_-4.00_24.28_-32.34_39.50_30.12_-25.88_-16.31_0.3316_0.3227_-0.5723_-0.6770end-1.77_8.98_-4.00_24.28_-32.34_39.50_30.12_-25.88_-16.31_0.3234_0.3207_-0.5685_-0.6851end-2.14_8.89_-3.61_24.28_-32.34_39.50_30.12_-25.88_-16.31_0.3234_0.3207_-0.5685_-0.6851end-2.20_8.64_-3.59_24.28_-32.34_39.50_30.12_-25.88_-16.31_0.3193_0.3192_-0.5674_-0.6887end-2.20_8.64_-3.59_24.28_-32.34_39.50_30.12_-25.88_-16.31_0.3193_0.3192_-0.5674_-0.6887end-2.20_8.64_-3.59_24.28_-32.34_39.50_30.12_-2,24.3787197,120.90909077,1075.00537109375
1591,5.88_-16.31_0.3169_0.3181_-0.5670_-0.6906end-1.72_8.77_-3.82_24.28_-32.34_39.50_30.12_-25.88_-16.31_0.3169_0.3181_-0.5670_-0.6906end-1.35_8.77_-4.02_24.28_-32.34_39.50_30.12_-25.88_-16.31_0.3044_0.3106_-0.5671_-0.6995end,24.3787197,120.90909077,1075.00537109375
1592,,24.3787197,120.90909077,1075.00537109375
1593,-1.35_8.77_-4.02_18.24_-113.14_45.66_27.94_-27.37_-18.50_0.3044_0.3106_-0.5671_-0.6995end-1.35_8.77_-4.02_18.46_-119.40_45.43_27.94_-27.37_-18.50_0.2969_0.3056_-0.5676_-0.7045end0.37_8.87_-3.70_18.46_-119.40_45.43_27.94_-27.37_-18.50_0.2927_0.3026_-0.5681_-0.7072end0.37_8.87_-3.70_18.46_-119.40_45.43_27.94_-27.37_-18.50_0.2884_0.2996_-0.5685_-0.7099end1.21_8.76_-3.39_18.46_-119.40_45.43_27.94_-27.37_-18.50_0.2841_0.2963_-0.5690_-0.7126end1.21_8.76_-3.39_18.46_-119.40_45.43_27.94_-27.37_-18.50_0.2752_0.2891_-0.5702_-0.7180end1.21_8.76_-3.39_18.46_-119.40_45.43_27.94_-27.37_-18.50_0.2665_0.2820_-0.5714_-0.7232end2.41_8.81_-3.55_18.46_-119.40_45.43_27.94_-27.37_-18.50_0.2621_0.2784_-0.5718_-0.7258end2.41_8.81_-3.55_18.46_-119.40_45.43_23.56_-29.56_-20.69_0.2621_0.2784_-0.5718_-0.7258end2.89_8.72_-3.59_18.46_-119.40_45.43_23.56_-29.56_-20.69_0.2621_0.2784_-0.5718_-0.7258end,24.3787197,120.90909077,1075.00537109375
1594,,24.3787197,120.90909077,1075.00537109375
1595,3.38_8.74_-3.43_18.46_-119.40_45.43_23.56_-29.56_-20.69_0.2462_0.2654_-0.5732_-0.7350end3.38_8.74_-3.43_18.46_-119.40_45.43_23.19_-29.94_-21.62_0.2424_0.2626_-0.5734_-0.7372end3.44_8.76_-3.27_18.46_-119.40_45.43_23.19_-29.94_-21.62_0.2389_0.2599_-0.5735_-0.7392end3.44_8.76_-3.27_18.69_-95.79_37.49_23.19_-29.94_-21.62_0.2354_0.2574_-0.5735_-0.7412end3.44_8.76_-3.27_19.25_-87.62_36.48_22.50_-29.94_-21.62_0.2354_0.2574_-0.5735_-0.7412end3.44_8.76_-3.27_19.02_-78.56_35.36_22.50_-29.94_-21.62_0.2264_0.2513_-0.5730_-0.7465end3.58_8.73_-2.81_19.02_-78.56_35.36_22.50_-29.94_-21.62_0.2242_0.2495_-0.5726_-0.7480end3.58_8.73_-2.81_20.48_-59.53_33.35_22.50_-29.94_-21.62_0.2217_0.2480_-0.5723_-0.7496end3.16_8.77_-3.07_20.48_-59.53_33.35_22.50_-29.94_-21.62_0.2197_0.2466_-0.5718_-0.7510end3.16_8.77_-3.07_19.02_-53.16_32.01_22.50_-29.94_-21.62_0.2158_0.2441_-0.5709_-0.7537end,24.3787197,120.90909077,1075.00537109375
1596,,24.3787197,120.90909077,1075.00537109375
1597,,24.3787197,120.90909077,1075.00537109375
1598,2.92_8.69_-2.97_19.02_-53.16_32.01_22.50_-29.94_-21.62_0.2158_0.2441_-0.5709_-0.7537end2.78_8.83_-2.60_19.02_-53.16_32.01_22.50_-29.94_-21.62_0.2158_0.2441_-0.5709_-0.7537end2.49_8.78_-2.64_18.13_-35.36_29.32_22.50_-29.94_-21.62_0.2158_0.2441_-0.5709_-0.7537end2.47_8.89_-2.84_18.13_-35.36_29.32_18.19_-31.06_-20.75_0.2095_0.2404_-0.5684_-0.7584end2.57_8.77_-2.34_20.59_-26.75_27.98_18.19_-31.06_-20.75_0.2095_0.2404_-0.5684_-0.7584end2.57_8.77_-2.34_20.59_-26.75_27.98_18.19_-30.75_-22.06_0.2054_0.2390_-0.5663_-0.7615end2.20_8.79_-2.46_20.03_-23.16_26.97_18.50_-31.81_-22.50_0.2054_0.2390_-0.5663_-0.7615end2.00_8.73_-2.52_20.03_-22.05_26.97_18.50_-31.81_-22.50_0.2054_0.2390_-0.5663_-0.7615end2.00_8.73_-2.52_20.03_-22.05_26.97_18.50_-31.81_-22.50_0.2009_0.2379_-0.5632_-0.7654end1.80_8.77_-2.48_20.03_-22.05_26.97_18.50_-31.81_-22.50_0.2009_0.2379_-0.5632_-0.7654end,24.3787197,120.90909077,1075.00537109375
1599,,24.3787197,120.90909077,1075.00537109375
1600,1.77_8.94_-2.40_20.03_-22.05_26.97_18.50_-31.81_-22.50_0.1987_0.2373_-0.5616_-0.7673end1.77_8.94_-2.40_20.03_-22.05_26.97_18.50_-31.81_-22.50_0.1965_0.2367_-0.5601_-0.7692end1.53_9.02_-2.37_20.03_-22.05_26.97_18.50_-31.81_-22.50_0.1965_0.2367_-0.5601_-0.7692end1.55_8.83_-2.38_20.03_-22.05_26.97_17.12_-31.81_-21.62_0.1965_0.2367_-0.5601_-0.7692end1.45_8.79_-2.50_21.15_-22.38_25.74_17.12_-31.81_-21.62_0.1965_0.2367_-0.5601_-0.7692end1.45_8.79_-2.50_21.15_-20.25_24.84_17.12_-31.81_-21.62_0.1965_0.2367_-0.5601_-0.7692end1.45_8.79_-2.50_21.15_-20.25_24.84_17.12_-31.81_-21.62_0.1902_0.2347_-0.5553_-0.7748end1.45_8.79_-2.50_21.15_-20.25_24.84_17.50_-31.81_-22,24.3787197,120.90909077,1075.00537109375
1601,,24.3787197,120.90909077,1075.00537109375
1602,,24.3787197,120.90909077,1075.00537109375
1603,,24.3787197,120.90909077,1075.00537109375
1604,.94_0.1902_0.2347_-0.5553_-0.7748end1.40_8.86_-2.70_21.15_-20.25_24.84_17.50_-31.81_-22.94_0.1902_0.2347_-0.5553_-0.7748end1.34_8.81_-2.76_21.15_-20.25_24.84_15.63_-33.63_-20.75_0.1871_0.2339_-0.5528_-0.7776end1.27_8.73_-2.77_21.71_-18.80_25.74_15.63_-33.63_-20.75_0.1871_0.2339_-0.5528_-0.7776end1.17_8.76_-2.79_21.71_-18.80_25.74_15.63_-33.63_-20.75_0.1843_0.2332_-0.5501_-0.7805end1.17_8.76_-2.79_21.71_-18.80_25.74_17.50_-32.50_-21.25_0.1832_0.2329_-0.5493_-0.7814end1.20_8.73_-2.76_21.71_-18.80_25.74_17.50_-32.50_-21.25_0.1832_0.2329_,24.3787197,120.90909077,1075.00537109375
1605,-0.5493_-0.7814end1.20_8.73_-2.76_21.71_-18.80_25.74_17.50_-32.50_-21.25_0.1800_0.2320_-0.5467_-0.7842end1.30_8.64_-2.87_21.71_-18.80_25.74_16.37_-34.31_-21.25_0.1800_0.2320_-0.5467_-0.7842end1.30_8.64_-2.87_21.60_-23.05_25.85_16.37_-34.31_-21.25_0.1790_0.2316_-0.5458_-0.7851end1.29_8.73_-2.87_21.60_-23.05_25.85_16.37_-34.31_-21.25_0.1790_0.2316_-0.5458_-0.7851end1.29_8.73_-2.87_21.60_-23.05_25.85_16.37_-34.31_-21.25_0.1765_0.2308_-0.5442_-0.7870end1.29_8.73_-2.87_21.93_-29.99_25.96_15.25_-34.31_-21.69_0.1765_0.2308_-0.5442_-0.7870end1.29_8.73_-2.87_21.93_-31.00_25.74_15.25_-34.31_-21.69_0.1727_0.2292_-0.5417_-0.7900end1.78_8.48_-2.96_21.93_-31.00_25.74_15.25_-34.31_-21.69_0.1714_0.2286_-0.5410_-0.7911end1.78_8.48_-2.96_21.93_-31.00_25.74_15.25_-34.31_-21.69_0.1673_0.2264_-0.5386_-0.7942end1.95_8.44_-3.12_21.93_-31.00_25.74_15.25_-34.31_-21.69_0.1673_0.2264_-0.5386_-0.7942end1.95_8.44_-3.12_21.93_-38.16_25.85_15.25_-34.31_-21.69_0.1673_0.2264_-0.5386_-0.7942end1.95_8.44_-3.12_21.93_-38.16_25.85_15.25_-34.31_-21.69_0.1618_0.2227_-0.5354_-0.7985end2.11_8.51_-3.18_21.93_-38.16_25.85_13.81_-33.63_-20.75_0.1618_0.2227_-0.5354_-0.7985end2.24_8.57_-3.20_22.60_-36.82_25.29_13.81_-33.63_-20,24.3787197,120.90909077,1075.00537109375
1606,.75_0.1618_0.2227_-0.5354_-0.7985end2.28_8.49_-3.23_23.05_-36.59_25.18_13.44_-33.94_-19.50_0.1618_0.2227_-0.5354_-0.7985end2.28_8.49_-3.23_23.05_-36.59_25.18_13.44_-33.94_-19.50_0.1546_0.2183_-0.5314_-0.8038end,24.3787197,120.90909077,1075.00537109375
1607,,24.3787197,120.90909077,1075.00537109375
1608,2.40_8.56_-3.20_23.05_-36.59_25.18_13.44_-33.94_-19.50_0.1532_0.2174_-0.5306_-0.8048end2.45_8.55_-3.24_23.05_-36.59_25.18_13.44_-33.94_-19.50_0.1532_0.2174_-0.5306_-0.8048end2.57_8.48_-3.36_23.05_-36.59_25.18_13.44_-33.94_-19.50_0.1532_0.2174_-0.5306_-0.8048end2.57_8.48_-3.36_23.05_-36.59_25.18_13.44_-33.94_-19.50_0.1478_0.2143_-0.5272_-0.8089end2.57_8.48_-3.36_23.05_-36.59_25.18_12.00_-35.69_-19.50_0.1467_0.2136_-0.5264_-0.8098end2.70_8.44_-3.49_23.05_-36.59_25.18_12.00_-35.69_-19.50_0.1455_0.2129_-0.5254_-0.8109end2.70_8.44_-3.49_23.61_-27.75_22.72_12.00_-35.69_-19.50_0.1455_0.2129_-0.5254_-0.8109end2.70_8.44_-3.49_23.61_-27.75_22.72_12.69_-36.00_-18,24.3787197,120.90909077,1075.00537109375
1609,.62_0.1422_0.2109_-0.5227_-0.8137end2.79_8.43_-3.59_24.28_-25.29_21.93_12.69_-36.00_-18.62_0.1411_0.2103_-0.5218_-0.8146end2.79_8.38_-3.51_24.28_-25.29_21.93_12.69_-36.00_-18.62_0.1411_0.2103_-0.5218_-0.8146end,24.3787197,120.90909077,1075.00537109375
1610,2.84_8.34_-3.52_24.40_-25.29_21.04_12.69_-36.00_-18.62_0.1411_0.2103_-0.5218_-0.8146end2.84_8.34_-3.52_24.40_-25.29_21.04_11.69_-36.06_-19.50_0.1379_0.2086_-0.5190_-0.8174end2.84_8.34_-3.44_24.51_-25.74_20.48_11.69_-36.06_-19.50_0.1358_0.2074_-0.5172_-0.8192end2.82_8.41_-3.47_24.51_-25.74_20.48_11.69_-36.06_-19.50_0.1348_0.2067_-0.5163_-0.8201end2.82_8.41_-3.47_24.51_-25.74_20.48_10.94_-35.69_-19.50_0.1348_0.2067_-0.5163_-0.8201end2.82_8.41_-3.47_24.51_-25.74_20.48_10.94_-35.69_-19.50_0.1348_0.2067_-0.5163_-0.8201end2.86_8.36_-3.52_24.73_-29.32_18.91_10.94_-35.69_-19.50_0.1348_0.2067_-0.5163_-0.8201end2.87_8.27_-3.54_24.73_-29.32_18.91_10.94_-35.69_-19,24.3787197,120.90909077,1075.00537109375
1611,.50_0.1348_0.2067_-0.5163_-0.8201end2.93_8.27_-3.49_24.73_-29.32_18.91_10.94_-35.69_-19.50_0.1283_0.2021_-0.5109_-0.8257end2.93_8.27_-3.49_24.73_-29.32_18.91_10.94_-37.50_-19.56_0.1263_0.2006_-0.5090_-0.8275end,24.3787197,120.90909077,1075.00537109375
1612,,24.3787197,120.90909077,1075.00537109375
1613,2.90_8.24_-3.59_24.73_-29.32_18.91_10.94_-37.50_-19.56_0.1254_0.2000_-0.5080_-0.8284end2.88_8.31_-3.57_24.73_-29.32_18.91_10.94_-36.81_-19.94_0.1254_0.2000_-0.5080_-0.8284end2.88_8.31_-3.57_25.74_-25.63_16.90_10.94_-36.81_-19.94_0.1237_0.1986_-0.5060_-0.8301end2.87_8.22_-3.59_25.74_-25.63_16.90_10.94_-36.81_-19.94_0.1237_0.1986_-0.5060_-0.8301end2.87_8.22_-3.59_25.85_-26.19_16.79_10.94_-36.81_-19.94_0.1208_0.1964_-0.5032_-0.8328end2.88_8.19_-3.68_25.85_-26.19_16.79_10.94_-36.81_-19.94_0.1201_0.1957_-0.5022_-0.8337end2.88_8.19_-3.68_26.30_-26.63_15.22_10.94_-36.81_-19.94_0.1201_0.1957_-0.5022_-0.8337end2.88_8.19_-3.68_26.30_-26.63_15.22_9.44_-36.81_-18.62_0.1191_0.1949_-0.5013_-0.8346end2.95_7.88_-3.70_26.30_-26.63_15.22_9.44_-36.81_-18.62_0.1176_0.1934_-0.4993_-0.8364end2.93_7.71_-3.71_26.30_-26.63_15.22_9.44_-36.81_-18.62_0.1158_0.1917_-0.4973_-0.8382end,24.3787197,120.90909077,1075.00537109375
1614,,24.3787197,120.90909077,1075.00537109375
1615,,24.3787197,120.90909077,1075.00537109375
1616,2.76_8.21_-3.59_26.30_-26.63_15.22_9.44_-36.81_-18.62_0.1158_0.1917_-0.4973_-0.8382end2.76_8.21_-3.59_26.30_-26.63_15.22_9.44_-36.81_-18.62_0.1130_0.1884_-0.4943_-0.8411end2.63_8.11_-3.65_26.30_-26.63_15.22_9.44_-36.81_-18.62_0.1119_0.1871_-0.4933_-0.8421end2.77_7.98_-3.76_26.30_-26.63_15.22_9.44_-36.81_-18.62_0.1119_0.1871_-0.4,24.3787197,120.90909077,1075.00537109375
1617,933_-0.8421end2.86_7.79_-3.71_27.75_-39.95_12.42_9.44_-36.81_-18.62_0.1119_0.1871_-0.4933_-0.8421end2.86_7.79_-3.71_27.75_-39.95_12.42_9.44_-36.81_-18.62_0.1089_0.1832_-0.4905_-0.8450end3.05_7.73_-4.07_27.75_-39.95_12.42_9.44_-36.81_-18.62_0.1068_0.1804_-0.4886_-0.8469end3.05_7.73_-4.07_28.42_-40.62_10.97_9.44_-36.81_-18.62_0.1058_0.1791_-0.4876_-0.8479end3.24_8.05_-4.02_28.42_-40.62_10.97_7.62_-37.88_-17.75_0.1058_0.1791_-0.4876_-0.8479end3.24_8.05_-4.02_29.43_-42.08_9.40_8.69_-38.19_-17.37_0.1058_0.1791_-0.4876_-0.8479end,24.3787197,120.90909077,1075.00537109375
1618,,24.3787197,120.90909077,1075.00537109375
1619,,24.3787197,120.90909077,1075.00537109375
1620,,24.3787197,120.90909077,1075.00537109375
1621,3.24_8.05_-4.02_29.43_-42.08_9.40_8.69_-38.19_-17.37_0.1019_0.1733_-0.4837_-0.8518end3.24_8.05_-4.02_29.43_-42.08_9.40_8.00_-37.50_-17.75_0.1010_0.1719_-0.4827_-0.8528end3.92_8.11_-4.09_29.43_-42.08_9.40_8.00_-37.50_-17.75_0.1002_0.1705_-0.4818_-0.8537end4.09_8.01_-4.76_29.43_-42.08_9.40_8.00_-37.50_-17.75_0.1002_0.1705_-0.4818_-0.8537end4.09_8.01_-4.76_29.43_-42.08_9.40_8.00_-37.50_-17.75_0.0983_0.1670_-0.4786_-0.8564end4.29_8.06_-5.63_29.43_-42.08_9.40_8.00_-37.50_-17.75_0.0981_0.1664_-0.4775_-0.8571end4.21_8.27_-5.79_29.43_-42.08_9.40_8.00_-37.50_-17.75_0.0981_0.1664_-0.4775_-0.8571end4.02_7.74_-6.03_31.00_8.39_3.25_8.00_-37.50_-17.75_0.0981_0.1664_-0.4775_-0.8571end4.02_7.74_-6.03_31.00_8.39_3.25_8.00_-37.50_-17.75_0.0992_0.1675_-0.4726_-0.8595end3.39_7.63_-6.36_31.00_8.39_3.25_8.00_-37.50_-17.75_0.0992_0.1675_-0.4726_-0.8595end3.30_7.84_-6.35_30.10_25.96_2.01_8.00_-37.50_-17.75_0.0992_0.1675_-0.4726_-0.8595end2.96_7.64_-6.43_30.10_25.96_2.01_8.00_-37.50_-17.75_0.1013_0.1700_-0.4688_-0.8608end2.96_7.64_-6.43_27.86_31.00_1.34_8.00_-37.50_-17.75_0.1013_0.1700_-0.4688_-0.8608end2.78_7.52_-6.68_27.86_31.00_1.34_7.25_-38.50_-15.63_0.1037_0.1733_-0.4650_-0.8619end-0.06_8.40_-6.20_27.86_31.00_1.34_7.25_-38.50_-15.63_0.1044_0.1740_-0.4639_-0.8624end2.77_7.52_-7.77_27.86_31.00_1.34_7.25_-38.50_-15.63_0.1044_0.1740_-0.4639_-0.8624end1.85_8.01_-9.23_24.51_25.18_0.67_7.25_-38.50_-15.63_0.1044_0.1740_-0.4639_-0.8624end2.61_8.09_-7.88_24.51_25.18_0.67_7.25_-38.50_-15.63_0.1044_0.1740_-0.46,24.3787197,120.90909077,1075.00537109375
1622,39_-0.8624end2.61_8.09_-7.88_24.51_25.18_0.67_6.87_-39.63_-16.06_0.1078_0.1785_-0.4583_-0.8640end2.61_8.09_-7.88_23.95_28.65_1.23_6.87_-39.63_-16.06_0.1086_0.1795_-0.4572_-0.8643end,24.3787197,120.90909077,1075.00537109375
1623,,24.3787197,120.90909077,1075.00537109375
1624,2.14_8.05_-7.39_23.95_28.65_1.23_6.87_-39.63_-16.06_0.1086_0.1795_-0.4572_-0.8643end2.14_8.05_-7.39_23.95_28.65_1.23_6.87_-39.63_-16.06_0.1093_0.1805_-0.4562_-0.8645end2.14_8.05_-7.39_19.81_24.28_1.79_6.87_-39.63_-16.06_0.1110_0.1831_-0.4534_-0.8652end1.28_7.89_-8.22_19.81_24.28_1.79_6.87_-39.63_-16.06_0.1116_0.1841_-0.4525_-0.8654end1.45_7.92_-8.43_19.81_24.28_1.79_6.87_-39.63_-16.06_0.1116_0.1841_-0.4525_-0.8654end1.45_7.87_-8.27_19.81_24.28_1.79_7.25_-38.81_-13.44_0.1116_0.1841_-0.4525_-0.8654end1.45_7.87_-8.27_19.81_24.28_1.79_7.56_-40.25_-13.88_0.1132_0.1867_-0.4501_-0.8659end1.45_7.87_-8.27_19.81_24.28_1.79_7.56_-40.25_-13.88_0.1137_0.1880_-0.4486_-0.8663end1.34_7.82_-7.75_19.81_24.28_1.79_7.56_-40.25_-13.88_0.1138_0.1885_-0.4479_-0.8665end1.32_7.85_-7.45_19.81_24.28_1.79_7.56_-40.25_-13.88_0.1138_0.1885_-0.4479_-0.8665end,24.3787197,120.90909077,1075.00537109375
1625,,24.3787197,120.90909077,1075.00537109375
1626,,24.3787197,120.90909077,1075.00537109375
1627,1.39_7.89_-7.26_19.81_24.28_1.79_7.56_-40.25_-13.88_0.1138_0.1885_-0.4479_-0.8665end1.39_7.89_-7.26_19.81_24.28_1.79_7.56_-39.19_-14.31_0.1138_0.1892_-0.4463_-0.8672end1.39_7.89_-7.26_19.81_24.28_1.79_7.56_-39.19_-14.31_0.1137_0.1892_-0.4458_-0.8675end1.39_7.89_-7.26_19.81_24.28_1.79_7.56_-40.25_-14.38_0.1134_0.1891_-0.4454_-0.8678end1.39_7.89_-7.26_9.29_-10.41_5.37_7.56_-40.25_-14.38_0.1134_0.1891_-0.4454_-0.8678end1.39_7.89_-7.26_9.29_-10.41_5.37_7.56_-40.25_-14.38_0.1121_0.1878_-0.4443_-0.8688end1.95_7.77_-6.37_7.27_-20.81_6.04_7.56_-40.25_-14.38_0.1121_0.1878_-0.4443_-0.8688end1.95_7.77_-6.37_7.27_-20.81_6.04_7.56_-40.25_-14.38_0.1121_0.1878_-0.4443_-0.8688end1.95_7.77_-6.37_6.60_-25.07_5.93_7.56_-40.25_-14.38_0.1121_0.1878_-0.4443_-0.8688end1.95_7.77_-6.37_6.60_-25.07_5.93_7.56_-40.25_-14.38_0.1096_0.1846_-0.4434_-0.8702end,24.3787197,120.90909077,1075.00537109375
1628,,24.3787197,120.90909077,1075.00537109375
1629,,24.3787197,120.90909077,1075.00537109375
1630,3.21_7.54_-5.09_6.60_-25.07_5.93_7.56_-40.25_-14.38_0.1096_0.1846_-0.4434_-0.8702end2.82_7.69_-5.18_6.60_-25.07_5.93_7.56_-40.25_-14.38_0.1096_0.1846_-0.4434_-0.8702end2.84_7.82_-5.39_6.60_-25.07_5.93_7.56_-40.25_-14.38_0.1096_0.1846_-0.4434_-0.8702end2.84_7.82_-5.39_3.69_-104.52_4.14_7.56_-40.25_-14.38_0.0998_0.1691_-0.4431_-0.8747end3.05_7.89_-5.69_3.69_-104.52_4.14_7.56_-40.25_-14.38_0.0955_0.1614_-0.4436_-0.8764end3.16_7.88_-5.82_3.69_-104.52_4.14_7.56_-40.25_-14.38_0.0934_0.1575_-0.4438_-0.8773end3.54_7.83_-6.29_3.69_-104.52_4.14_7.56_-39.88_-13.88_0.0934_0.1575_-0.4438_-0.8773end3.62_7.83_-6.57_4.25_-81.69_2.24_7.56_-39.88_-13.88_0.0881_0.1478_-0.4441_-0.8793end3.62_7.83_-6.57_4.25_-81.69_2.24_6.12_-40.25_-13.50_0.0866_0.1453_-0.4440_-0.8799end3.45_7.80_-6.75_4.25_-81.69_2.24_6.87_-39.94_-14.38_0.0854_0.1432_-0.4440_-0.8804end,24.3787197,120.90909077,1075.00537109375
1631,,24.3787197,120.90909077,1075.00537109375
1632,3.33_7.71_-6.86_4.25_-81.69_2.24_6.87_-39.94_-14.38_0.0854_0.1432_-0.4440_-0.8804end3.25_7.74_-7.10_4.25_-81.69_2.24_6.87_-39.94_-14.38_0.0854_0.1432_-0.4440_-0.8804end3.25_7.74_-7.10_3.36_-6.38_-1.12_6.50_-39.56_-14.75_0.0836_0.1398_-0.4437_-0.8813end3.25_7.74_-7.10_3.36_-6.38_-1.12_6.50_-39.56_-14.75_0.0834_0.1394_-0.4435_-0.8814end3.15_7.66_-7.53_3.36_-6.38_-1.12_6.50_-39.56_-14.75_0.0835_0.1392_-0.4434_-0.8815end3.29_7.73_-7.92_3.36_-6.38_-1.12_6.50_-39.56_-14.75_0.0835_0.1392_-0.4434_-0.8815end3.29_7.73_-7.92_3.36_-6.38_-1.12_5.75_-39.56_-13.88_0.0848_0.1409_-0.4427_-0.8815end2.86_7.77_-7.43_3.36_-6.38_-1.12_5.75_-39.56_-13.88_0.0854_0.1416_-0.4425_-0.8814end2.71_7.72_-6.95_3.36_-6.38_-1.12_5.37_-39.94_-14.31_0.0854_0.1416_-0.4425_-0.8814end2.71_7.72_-6.95_-0.34_19.70_-3.58_5.37_-39.94_-14.31_0.0854_0.1416_-0.4425_-0.8814end,24.3787197,120.90909077,1075.00537109375
1633,,24.3787197,120.90909077,1075.00537109375
1634,,24.3787197,120.90909077,1075.00537109375
1635,,24.3787197,120.90909077,1075.00537109375
1636,,24.3787197,120.90909077,1075.00537109375
1637,,24.3787197,120.90909077,1075.00537109375
1638,2.71_7.72_-6.95_-0.34_19.70_-3.58_5.37_-39.94_-14.31_0.0870_0.1437_-0.4421_-0.8811end2.71_7.72_-6.95_-0.34_19.70_-3.58_5.37_-39.94_-14.31_0.0875_0.1445_-0.4420_-0.8810end2.31_7.80_-6.47_-0.34_19.70_-3.58_5.37_-39.94_-14.31_0.0875_0.1445_-0.4420_-0.8810end2.22_7.76_-6.29_-0.34_19.70_-3.58_5.37_-39.94_-14.31_0.0875_0.1445_-0.4420_-0.8810end2.22_7.76_-6.29_-0.34_19.70_-3.58_6.81_-40.25_-13.88_0.0875_0.1445_-0.4420_-0.8810end2.22_7.76_-6.29_-2.13_24.95_-4.81_6.81_-40.25_-13.88_0.0875_0.1445_-0.4420_-0.8810end2.24_7.79_-5.77_-2.13_24.95_-4.81_6.81_-40.25_-13.88_0.0875_0.1445_-0.4420_-0.8810end2.31_7.81_-5.77_-2.13_24.95_-4.81_6.81_-40.25_-13.88_0.0875_0.144,24.3787197,120.90909077,1075.00537109375
1639,5_-0.4420_-0.8810end2.31_7.80_-5.84_-2.13_24.95_-4.81_6.81_-40.25_-13.88_0.0935_0.1525_-0.4415_-0.8793end2.39_7.80_-6.02_-2.13_24.95_-4.81_6.81_-40.25_-13.88_0.0941_0.1533_-0.4415_-0.8790end2.64_7.75_-6.17_-2.13_24.95_-4.81_6.81_-40.25_-13.88_0.0941_0.1533_-0.4415_-0.8790end2.82_7.75_-6.52_-2.13_24.95_-4.81_6.81_-40.25_-13.88_0.0941_0.1533_-0.4415_-0.8790end2.66_7.72_-6.36_-2.13_24.95_-4.81_6.81_-40.25_-13.88_0.0960_0.1555_-0.4416_-0.8784end2.66_7.72_-6.36_-2.13_24.95_-4.81_7.94_-40.63_-14.38_0.0960_0.1555_-0.4416_-0.8784end2.66_7.72_-6.36_-2.13_24.95_-4.81_7.94_-40.63_-14.38_0.0981_0.1577_-0.4416_-0.8777end1.89_7.80_-5.46_-2.13_24.95_-4.81_7.94_-40.63_-14.38_0.0981_0.1577_-0.4416_-0.8777end1.89_7.83_-5.06_-2.13_24.95_-4.81_7.94_-40.63_-14.38_0.0992_0.1588_-0.4418_-0.8774end1.91_7.81_-4.95_-4.14_16.23_-7.39_7.94_-40.63_-14.38_0.0992_0.1588_-0.4418_-0.8774end1.99_7.82_-4.89_-4.25_13.43_-7.50_7.94_-40.63_-14.38_0.1010_0.1603_-0.4419_-0.8768end2.09_7.84_-4.79_-4.25_13.43_-7.50_7.94_-40.63_-14.38_0.1014_0.1605_-0.4420_-0.8767end,24.3787197,120.90909077,1075.00537109375
1640,1.95_7.81_-4.73_-4.25_1.34_-6.83_7.94_-40.63_-14.38_0.1014_0.1605_-0.4420_-0.8767end1.95_7.81_-4.73_-4.48_0.11_-6.71_7.94_-40.63_-14.38_0.1014_0.1605_-0.4420_-0.8767end1.95_7.81_-4.73_-3.80_3.92_-6.71_6.87_-39.94_-14.75_0.1022_0.1604_-0.4424_-0.8764end1.95_7.81_-4.73_-3.80_3.92_-6.71_6.87_-39.94_-14.75_0.1025_0.1605_-0.4424_-0.8763end1.95_7.81_-4.73_-3.80_3.92_-6.71_6.87_-39.94_-14.75_0.1029_0.1606_-0.4426_-0.8762end1.93_7.87_-4.48_-3.80_3.92_-6.71_6.87_-39.94_-14.75_0.1029_0.1606_-0.4426_-0.8762end1.95_7.86_-4.58_-3.80_3.92_-6.71_7.19_-39.94_-13.88_0.1029_0.1606_-0.4426_-0.8762end1.91_7.88_-4.65_-3.80_3.92_-6.71_7.19_-39.94_-13.88_0.1050_0.1624_-0.4426_-0.8756end1.91_7.88_-4.65_-3.80_3.92_-6.71_7.56_-40.25_-12.13_0.1061_0.1632_-0.4426_-0.8754end1.77_7.84_-4.95_-3.80_3.92_-6.71_7.56_-40.25_-12.13_0.1065_0.1636_-0.4425_-0.8752end,24.3787197,120.90909077,1075.00537109375
1641,,24.3787197,120.90909077,1075.00537109375
1642,1.64_7.85_-4.98_-3.80_3.92_-6.71_7.56_-40.25_-12.13_0.1065_0.1636_-0.4425_-0.8752end1.64_7.89_-5.01_-2.01_7.83_-6.60_7.56_-40.25_-12.13_0.1065_0.1636_-0.4425_-0.8752end1.64_7.89_-5.01_-1.68_7.16_-6.94_7.94_-40.25_-14.75_0.1078_0.1644_-0.4425_-0.8749end1.64_7.89_-5.01_-1.68_7.16_-6.94_7.94_-40.25_-14.75_0.1086_0.1647_-0.4426_-0.8748end1.89_7.87_-4.66_-1.68_7.16_-6.94_7.94_-40.25_-14.75_0.1089_0.1649_-0.4426_-0.8747end1.91_7.89_-4.46_-1.68_7.16_-6.94_7.94_-39.94_-14.38_0.1089_0.1649_-0.4426_-0.8747end1.89_7.89_-4.46_-0.67_5.48_-6.60_7.94_-39.94_-14.38_0.1089_0.1649_-0.4426_-0.8747end1.83_7.89_-4.50_-0.67_6.83_-6.15_7.94_-39.94_-14.38_0.1104_0.1655_-0.4426_-0.8744end1.83_7.89_-4.50_-0.67_6.83_-6.15_8.69_-40.25_-15.19_0.1108_0.1658_-0.4426_-0.8743end1.71_7.92_-4.48_-0.67_6.83_-6.15_8.69_-40.25_-15.19_0.1113_0.1661_-0.4425_-0.8741end,24.3787197,120.90909077,1075.00537109375
1643,,24.3787197,120.90909077,1075.00537109375
1644,,24.3787197,120.90909077,1075.00537109375
1645,1.61_7.89_-4.48_-0.67_6.83_-6.15_8.69_-40.25_-15.19_0.1113_0.1661_-0.4425_-0.8741end1.50_7.89_-4.63_0.22_15.33_-6.38_8.69_-40.25_-15.19_0.1113_0.1661_-0.4425_-0.8741end1.50_7.89_-4.63_0.22_15.33_-6.38_7.56_-39.88_-13.88_0.1135_0.1680_-0.4421_-0.8738end1.46_7.94_-4.65_0.22_15.33_-6.38_7.56_-39.88_-13.88_0.1135_0.1680_-0.4421_-0.8738end1.44_7.83_-4.53_0.22_15.33_-6.38_7.56_-39.88_-13.88_0.1139_0.1684_-0.4420_-0.8737end1.43_7.84_-4.41_0.22_15.33_-6.38_7.56_-39.88_-13.88_0.1149_0.1689_-0.4415_-0.8737end1.46_7.91_-4.37_0.22_15.33_-6.38_7.56_-39.88_-13.88_0.1151_0.1689_-0.4415_-0.8737end1.46_7.91_-4.37_1.79_0.45_-5.48_7.56_-39.88_-13.88_0.1154_0.1688_-0.4414_-0.8737end1.54_7.89_-4.42_1.79_0.45_-5.48_8.31_-39.19_-14.31_0.1154_0.1688_-0.4414_-0.8737end1.54_7.89_-4.42_2.24_0.22_-5.15_8.31_-39.19_-14.31_0.1154_0.1688_-0.4414_-0.8737end,24.3787197,120.90909077,1075.00537109375
1646,1.54_7.89_-4.42_2.24_0.22_-5.15_8.31_-39.19_-14.31_0.1162_0.1685_-0.4412_-0.8738end1.68_7.91_-4.54_2.24_0.22_-5.15_8.31_-39.19_-14.31_0.1162_0.1685_-0.4412_-0.8738end1.65_7.93_-4.66_2.24_0.22_-5.15_8.31_-39.19_-14.31_0.1162_0.1685_-0.4412_-0.8738end1.71_7.89_-4.62_2.24_0.22_-5.15_7.94_-40.94_-14.81_0.1162_0.1685_-0.4412_-0.8738e,24.3787197,120.90909077,1075.00537109375
1647,nd1.71_7.89_-4.62_2.24_0.22_-5.15_7.94_-40.94_-14.81_0.1172_0.1688_-0.4404_-0.8740end1.58_7.90_-4.77_2.24_0.22_-5.15_7.94_-40.94_-14.81_0.1172_0.1688_-0.4404_-0.8740end1.58_7.90_-4.77_2.24_0.22_-5.15_7.94_-40.94_-14.81_0.1181_0.1690_-0.4398_-0.8741end1.58_7.90_-4.77_2.24_0.22_-5.15_7.94_-40.94_-14.81_0.1183_0.1690_-0.4396_-0.8741end1.38_7.89_-4.83_2.24_0.22_-5.15_8.31_-39.19_-14.31_0.1183_0.1690_-0.4396_-0.8741end1.38_7.89_-4.83_2.24_0.22_-5.15_8.31_-39.19_-14.31_0.1187_0.1685_-0.4392_-0.8745end,24.3787197,120.90909077,1075.00537109375
1648,,24.3787197,120.90909077,1075.00537109375
1649,,24.3787197,120.90909077,1075.00537109375
1650,1.38_7.89_-4.83_4.81_-8.50_-3.92_8.31_-39.19_-14.31_0.1187_0.1677_-0.4389_-0.8748end1.32_7.92_-4.91_4.81_-8.50_-3.92_8.31_-39.19_-14.31_0.1187_0.1672_-0.4388_-0.8749end1.34_7.93_-5.04_4.81_-8.50_-3.92_8.31_-39.19_-14.31_0.1187_0.1672_-0.4388_-0.8749end1.35_7.87_-5.11_4.81_-8.50_-3.92_8.31_-39.19_-14.31_0.1187_0.1672_-0.4388_-0.8749end1.35_7.87_-5.11_4.81_-8.50_-3.92_8.31_-39.19_-14.31_0.1187_0.1672_-0.4388_-0.8749end1.35_7.87_-5.11_4.81_-8.50_-3.92_8.31_-39.19_-14.31_0.1180_0.1645_-0.4380_-0.8759end1.43_7.88_-5.29_4.81_-8.50_-3.92_8.31_-39.19_-14.31_0.1178_0.1638_-0.4379_-0.8761end1.37_7.86_-5.42_4.81_-8.50_-3.92_8.31_-39.19_-14.31_0.1178_0.1638_-0.437,24.3787197,120.90909077,1075.00537109375
1651,9_-0.8761end1.52_7.84_-5.30_4.70_-18.91_-2.24_8.31_-39.19_-14.31_0.1178_0.1638_-0.4379_-0.8761end1.56_7.82_-5.24_4.70_-18.91_-2.24_8.31_-39.88_-13.88_0.1178_0.1638_-0.4379_-0.8761end,24.3787197,120.90909077,1075.00537109375
1652,,24.3787197,120.90909077,1075.00537109375
1653,1.56_7.82_-5.24_4.70_-18.91_-2.24_8.31_-39.88_-13.88_0.1165_0.1598_-0.4374_-0.8773end1.56_7.82_-5.24_5.15_-22.27_-2.46_8.31_-39.88_-13.88_0.1162_0.1589_-0.4373_-0.8775end1.56_7.82_-5.24_5.15_-22.27_-2.46_7.94_-39.56_-13.44_0.1156_0.1571_-0.4371_-0.8780end1.89_7.85_-5.02_5.15_-22.27_-2.46_7.94_-39.56_-13.44_0.1156_0.1571_-0.4371_-0.8780end1.89_7.84_-5.09_5.15_-22.27_-2.46_7.94_-39.56_-13.44_0.1153_0.1562_-0.4371_-0.8782end1.89_7.84_-5.09_5.48_-22.27_-2.24_7.94_-39.56_-13.44_0.1147_0.1544_-0.4369_-0.8787end1.85_7.83_-5.16_5.48_-22.27_-2.24_7.94_-39.56_-13.44_0.1144_0.1535_-0.4368_-0.8790end1.80_7.79_-5.23_5.48_-21.71_-2.80_7.94_-39.56_-13.44_0.1144_0.1535_-0.4368_-0.8790end1.79_7.84_-5.24_5.48_-21.71_-2.80_8.69_-40.25_-13.88_0.1144_0.1535_-0.4368_-0.8790end1.76_7.84_-5.18_5.60_-22.05_-2.69_8.69_-40.25_-13.88_0.1144_0.1535_-0.4368_-0.8790end,24.3787197,120.90909077,1075.00537109375
1654,,24.3787197,120.90909077,1075.00537109375
1655,,24.3787197,120.90909077,1075.00537109375
1656,,24.3787197,120.90909077,1075.00537109375
1657,,24.3787197,120.90909077,1075.00537109375
1658,1.76_7.84_-5.18_5.60_-22.05_-2.69_8.69_-40.25_-13.88_0.1127_0.1481_-0.4362_-0.8804end1.76_7.84_-5.18_5.60_-22.05_-2.69_9.00_-39.50_-13.44_0.1127_0.1481_-0.4362_-0.8804end1.48_7.80_-5.12_5.60_-22.05_-2.69_9.00_-39.50_-13.44_0.1127_0.1481_-0.4362_-0.8804end1.48_7.80_-5.12_5.60_-22.05_-2.69_9.00_-39.50_-13.44_0.1116_0.1442_-0.4357_-0.8814end1.46_7.80_-5.00_5.60_-22.05_-2.69_9.00_-39.50_-13.44_0.1116_0.1442_-0.4357_-0.8814end1.46_7.79_-4.95_5.60_-22.05_-2.69_9.00_-39.50_-13.44_0.1113_0.1433_-0.4355_-0.8817end1.51_7.78_-5.05_5.60_-22.05_-2.69_9.00_-39.50_-13.44_0.1104_0.1401_-0.4351_-0.8825end1.55_7.76_-5.01_5.60_-22.05_-2.69_9.00_-39.50_-13.44_0.1104_0.140,24.3787197,120.90909077,1075.00537109375
1659,1_-0.4351_-0.8825end1.47_7.77_-5.07_5.60_-22.05_-2.69_9.00_-39.50_-13.44_0.1104_0.1401_-0.4351_-0.8825end1.46_7.84_-5.26_5.60_-22.05_-2.69_9.00_-39.50_-13.44_0.1104_0.1401_-0.4351_-0.8825end1.46_7.84_-5.26_5.60_-22.05_-2.69_9.00_-39.50_-13.44_0.1083_0.1339_-0.4345_-0.8840end1.34_7.83_-5.51_5.60_-22.05_-2.69_8.31_-39.88_-14.38_0.1079_0.1326_-0.4344_-0.8843end1.28_7.87_-5.59_5.60_-22.05_-2.69_8.31_-39.88_-14.38_0.1079_0.1326_-0.4344_-0.8843end1.28_7.87_-5.59_5.60_-22.05_-2.69_8.31_-39.88_-14.38_0.1068_0.1289_-0.4340_-0.8853end1.20_7.91_-5.80_5.60_-22.05_-2.69_8.31_-39.88_-14.38_0.1064_0.1277_-0.4338_-0.8855end1.11_7.96_-5.78_5.60_-22.05_-2.69_8.31_-39.88_-14.38_0.1064_0.1277_-0.4338_-0.8855end1.13_8.00_-5.89_5.60_-22.05_-2.69_8.31_-39.88_-14.38_0.1064_0.1277_-0.4338_-0.8855end1.13_8.00_-5.89_5.60_-22.05_-2.69_8.31_-39.88_-14.38_0.1064_0.1277_-0.4338_-0.8855end1.11_8.13_-5.99_5.60_-22.05_-2.69_8.31_-39.88_-14.38_0.1064_0.1277_-0.4338_-0.8855end1.21_8.64_-6.17_5.60_-22.05_-2.69_8.31_-39.88_-14.38_0.1064_0.1277_-0.4338_-0.8855end,24.3787197,120.90909077,1075.00537109375
1660,1.21_8.64_-6.17_5.60_-22.05_-2.69_8.31_-39.88_-14.38_0.1064_0.1277_-0.4338_-0.8855end1.35_8.89_-6.29_5.60_-22.05_-2.69_8.31_-39.88_-14.38_0.1064_0.1277_-0.4338_-0.8855end1.35_9.35_-6.41_5.60_-22.05_-2.69_8.31_-39.88_-14.38_0.1064_0.1277_-0.4338_-0.8855end1.05_9.62_-6.62_5.60_-22.05_-2.69_8.31_-39.88_-14.38_0.1016_0.1132_-0.4331_-0.8884end1.05_9.62_-6.62_5.60_-22.05_-2.69_7.94_-38.44_-12.94_0.1004_0.1097_-0.4332_-0.8890end1.05_9.62_-6.62_4.59_-34.13_-4.48_7.94_-38.44_-12.94_0.0999_0.1082_-0.4331_-0.8892end1.13_9.71_-6.54_4.59_-34.13_-4.48_8.25_-40.88_-13.50_0.0999_0.1082_-0.4331_-0.8892end1.13_9.71_-6.54_4.36_-28.76_-4.36_8.25_-40.88_-13.50_0.0995_0.106,24.3787197,120.90909077,1075.00537109375
1661,9_-0.4331_-0.8894end1.13_9.71_-6.54_4.36_-28.76_-4.36_8.25_-40.88_-13.50_0.0991_0.1042_-0.4329_-0.8899end1.13_9.71_-6.54_3.69_-11.41_-4.81_8.25_-40.88_-13.50_0.0990_0.1036_-0.4329_-0.8900end,24.3787197,120.90909077,1075.00537109375
1662,,24.3787197,120.90909077,1075.00537109375
1663,1.13_9.71_-6.54_3.92_-11.08_-5.37_7.94_-40.25_-13.50_0.0990_0.1036_-0.4329_-0.8900end1.13_9.71_-6.54_3.92_-11.08_-5.37_7.94_-40.25_-13.50_0.0992_0.1021_-0.4326_-0.8903end0.43_9.30_-5.90_3.92_-11.08_-5.37_7.94_-40.25_-13.50_0.0992_0.1021_-0.4326_-0.8903end0.81_9.42_-6.11_3.92_-11.08_-5.37_7.56_-39.88_-13.50_0.0992_0.1021_-0.4326_-0.8903end1.10_9.13_-6.01_2.24_-30.77_-7.27_7.56_-39.88_-13.50_0.0992_0.1021_-0.4326_-0.8903end1.10_9.13_-6.01_2.24_-30.77_-7.27_7.56_-39.94_-14.38_0.0988_0.0980_-0.4329_-0.8906end1.10_9.13_-6.01_2.24_-30.77_-7.27_7.56_-39.94_-14.38_0.0984_0.0964_-0.4330_-0.8907end0.51_9.36_-6.92_2.24_-30.77_-7.27_7.56_-39.94_-14.38_0.0984_0.096,24.3787197,120.90909077,1075.00537109375
1664,4_-0.4330_-0.8907end1.34_9.04_-6.31_2.24_-30.77_-7.27_7.56_-39.94_-14.38_0.0984_0.0964_-0.4330_-0.8907end1.34_9.04_-6.31_2.24_-30.77_-7.27_7.56_-39.94_-14.38_0.0969_0.0895_-0.4339_-0.8912end,24.3787197,120.90909077,1075.00537109375
1665,1.23_8.76_-5.58_2.24_-30.77_-7.27_7.56_-39.94_-14.38_0.0969_0.0895_-0.4339_-0.8912end0.69_8.55_-6.15_2.24_-30.77_-7.27_7.56_-39.94_-14.38_0.0969_0.0895_-0.4339_-0.8912end0.54_8.31_-4.57_2.24_-30.77_-7.27_7.56_-39.94_-14.38_0.0969_0.0895_-0.4339_-0.8912end0.54_8.31_-4.57_2.24_-30.77_-7.27_7.56_-39.94_-14.38_0.0948_0.0801_-0.4351_-0.8918end0.67_8.26_-4.85_2.24_-30.77_-7.27_7.56_-39.94_-14.38_0.0947_0.0789_-0.4355_-0.8917end0.67_8.26_-4.85_2.24_-30.77_-7.27_7.19_-40.25_-14.38_0.0947_0.0789_-0.4355_-0.8917end0.67_8.26_-4.85_2.24_-30.77_-7.27_7.19_-40.25_-14.38_0.0947_0.0789_-0.4355_-0.8917end0.67_8.26_-4.85_0.22_-37.26_-8.95_7.19_-40.25_-14.38_0.0947_0.078,24.3787197,120.90909077,1075.00537109375
1666,9_-0.4355_-0.8917end0.30_6.62_-5.84_0.22_-37.26_-8.95_7.19_-40.25_-14.38_0.0932_0.0716_-0.4374_-0.8915end0.30_6.62_-5.84_-3.25_-27.98_-8.62_7.19_-40.25_-14.38_0.0932_0.0716_-0.4374_-0.8915end,24.3787197,120.90909077,1075.00537109375
1667,,24.3787197,120.90909077,1075.00537109375
1668,,24.3787197,120.90909077,1075.00537109375
1669,,24.3787197,120.90909077,1075.00537109375
1670,,24.3787197,120.90909077,1075.00537109375
1671,-0.08_7.15_-5.84_-3.25_-27.98_-8.62_7.19_-40.25_-14.38_0.0932_0.0716_-0.4374_-0.8915end-0.08_7.15_-5.84_-3.25_-27.98_-8.62_7.19_-40.25_-14.38_0.0924_0.0665_-0.4386_-0.8914end-0.04_6.53_-3.53_-3.25_-27.98_-8.62_7.56_-39.56_-14.75_0.0922_0.0651_-0.4390_-0.8914end-0.05_6.27_-3.84_-13.20_-40.62_-8.50_7.56_-39.56_-14.75_0.0922_0.0651_-0.4390_-0.8914end-0.05_6.27_-3.84_-13.20_-40.62_-8.50_7.94_-39.56_-13.88_0.0912_0.0617_-0.4404_-0.8910end-0.05_6.27_-3.84_-13.20_-40.62_-8.50_7.94_-39.56_-13.88_0.0900_0.0580_-0.4423_-0.8904end-0.49_6.02_-4.74_-13.20_-40.62_-8.50_7.94_-39.56_-13.88_0.0900_0.0580_-0.4423_-0.8904end-0.59_5.86_-4.95_-13.20_-40.62_-8.50_7.56_-39.19_-13.88_0.0900_0.0580_-0.4423_-0.8904end-0.40_5.86_-4.76_-13.20_-40.62_-8.50_7.56_-39.94_-15.63_0.0884_0.0530_-0.4466_-0.8888end-1.04_6.48_-3.76_-13.20_-40.62_-8.50_7.56_-39.94_-15.63_0.0883_0.0523_-0.4478_-0.8882end-1.04_6.48_-3.76_-46.55_-21.37_-3.80_7.56_-39.94_-15.63_0.0883_0.0523_-0.4478_-0.8882end-1.04_6.48_-3.76_-46.55_-21.37_-3.80_7.56_-39.94_-15.63_0.0871_0.0495_-0.4503_-0.8873end2.41_4.44_-14.67_-46.55_-21.37_-3.80_7.62_-38.50_-13.88_0.0865_0.0483_-0.4499_-0.8876end3.82_5.45_-8.87_-46.55_-21.37_-3.80_7.62_-38.50_-13.88_0.0865_0.0482_-0.4496_-0.8877end-1.10_6.50_-6.75_-46.55_-21.37_-3.80_7.25_-39.63_-16.06_0.0865_0.0482_-0.4496_-0.8877end-1.10_6.50_-6.75_-46.55_-21.37_-3.80_5.75_-39.94_-14.75_0.0873_0.0499_-0.4482_-0.8882end-0.05_7.30_-4.48_-46.55_-21.37_-3.80_5.75_-39.94_-14.75_0.0873_0.0499_-0.4482_-0.8882end0.02_7.49_-4.37_2.91_-26.86_3.69_5.75_-39.94_-14.75_0.0873_0.0499_-0.4482_-0.8882end-0.80_7.48_-4.51_0.67_-52.04_5.60_5.75_-39.94_-14.75_0.0873_0.0499_-0.4482_-0.8882end-1.51_7.03_-6.30_0.67_-52.04_5.60_7.25_-39.56_-15.63_0.0833_0.0432_-0.4485_-0.8889end,24.3787197,120.90909077,1075.00537109375
1672,,24.3787197,120.90909077,1075.00537109375
1673,-0.44_8.34_-5.65_0.67_-52.04_5.60_7.25_-39.56_-15.63_0.0814_0.0402_-0.4489_-0.8890end-0.10_8.13_-4.75_0.67_-52.04_5.60_7.25_-39.56_-15.63_0.0814_0.0402_-0.4489_-0.8890end-0.10_8.13_-4.75_0.67_-52.04_5.60_7.19_-40.31_-14.75_0.0814_0.0402_-0.4489_-0.8890end0.25_8.09_-4.93_0.67_-52.04_5.60_7.19_-40.31_-14.75_0.0754_0.0308_-0.4501_-0.8893end0.64_8.11_-5.73_0.67_-52.04_5.60_7.19_-40.31_-14.75_0.0754_0.0308_-0.4501_-0.8893end0.75_8.18_-5.73_0.67_-52.04_5.60_6.12_-39.63_-15.25_0.0754_0.0308_-0.4501_-0.8893end-0.03_8.32_-6.84_-0.78_-19.70_6.04_6.12_-39.63_-15.25_0.0729_0.0276_-0.4505_-0.8893end-0.03_8.32_-6.84_-0.78_-19.70_6.04_6.12_-39.63_-15.25_0.0725_0.0272,24.3787197,120.90909077,1075.00537109375
1674,_-0.4506_-0.8894end-0.03_8.32_-6.84_2.24_-3.02_3.25_6.12_-39.63_-15.25_0.0725_0.0272_-0.4506_-0.8894end-0.03_8.32_-6.84_2.35_-3.58_2.46_6.12_-39.63_-15.25_0.0720_0.0269_-0.4503_-0.8896end,24.3787197,120.90909077,1075.00537109375
1675,,24.3787197,120.90909077,1075.00537109375
1676,-0.03_8.32_-6.84_1.79_-6.94_2.24_6.12_-39.63_-15.25_0.0720_0.0269_-0.4503_-0.8896end0.04_9.03_-5.54_1.79_-6.94_2.24_5.44_-39.25_-16.00_0.0720_0.0269_-0.4503_-0.8896end0.04_9.03_-5.54_1.79_-6.94_2.24_5.44_-39.25_-16.00_0.0711_0.0257_-0.4501_-0.8898end-0.01_9.53_-5.86_1.79_-6.94_2.24_5.44_-39.25_-16.00_0.0711_0.0257_-0.4501_-0.8898end0.06_9.55_-5.46_0.56_-12.87_0.45_5.44_-39.25_-16.00_0.0711_0.0257_-0.4501_-0.8898end0.32_9.56_-5.37_0.56_-12.87_0.45_5.44_-39.25_-16.00_0.0711_0.0257_-0.4501_-0.8898end0.53_9.49_-5.41_0.56_-12.87_0.45_5.44_-39.25_-16.00_0.0698_0.0228_-0.4504_-0.8898end0.50_9.59_-5.41_0.56_-12.87_0.45_6.50_-39.25_-14.75_0.0698_0.0228_-0.4504_,24.3787197,120.90909077,1075.00537109375
1677,-0.8898end0.36_9.80_-5.84_0.56_-12.87_0.45_6.50_-39.25_-14.75_0.0691_0.0211_-0.4506_-0.8898end0.06_9.71_-5.10_0.56_-12.87_0.45_6.50_-39.25_-14.75_0.0691_0.0211_-0.4506_-0.8898end,24.3787197,120.90909077,1075.00537109375
1678,0.40_11.00_-3.97_0.56_-12.87_0.45_6.50_-39.25_-14.75_0.0682_0.0193_-0.4509_-0.8898end0.40_11.00_-3.97_0.56_-12.87_0.45_5.44_-38.56_-16.00_0.0679_0.0186_-0.4510_-0.8897end0.40_11.00_-3.97_0.56_-12.87_0.45_5.44_-38.56_-16.00_0.0677_0.0178_-0.4514_-0.8896end1.74_9.42_-4.05_0.56_-12.87_0.45_5.44_-38.56_-16.00_0.0677_0.0178_-0.4514_-0.8896end1.74_9.42_-4.05_-16.23_-15.78_-2.13_5.44_-39.25_-16.00_0.0673_0.0159_-0.4528_-0.8889end1.74_9.42_-4.05_-16.23_-15.78_-2.13_5.44_-39.25_-16.00_0.0669_0.0148_-0.4541_-0.8883end1.09_8.68_-5.18_-16.23_-15.78_-2.13_5.75_-38.88_-14.75_0.0669_0.0148_-0.4541_-0.8883end0.26_9.00_-7.59_-16.23_-15.78_-2.13_5.75_-38.88_-14.75_0.0669_0.0148_-0.4541_-0.8883end0.50_8.78_-5.57_-16.23_-15.78_-2.13_5.75_-38.88_-14.75_0.0669_0.0148_-0.4541_-0.8883end0.50_8.78_-5.57_-16.23_-15.78_-2.13_5.75_-38.88_-14.75_0.0690_0.0165_-0.4553_-0.8875end,24.3787197,120.90909077,1075.00537109375
1679,,24.3787197,120.90909077,1075.00537109375
1680,0.79_9.14_-4.73_-16.23_-15.78_-2.13_5.75_-38.88_-14.75_0.0690_0.0165_-0.4553_-0.8875end-1.59_8.73_-5.59_-16.23_-15.78_-2.13_5.75_-38.88_-14.75_0.0690_0.0165_-0.4553_-0.8875end-1.59_8.73_-5.59_-16.23_-15.78_-2.13_5.75_-38.88_-14.75_0.0719_0.0181_-0.4576_-0.8860end-1.59_8.73_-5.59_-16.23_-15.78_-2.13_5.44_-39.63_-16.50_0.0731_0.0193_-0.4578_-0.8859end0.06_8.98_-4.75_-16.23_-15.78_-2.13_5.44_-39.63_-16.50_0.0731_0.0193_-0.4578_-0.8859end0.06_8.98_-4.75_-16.23_-15.78_-2.13_5.44_-39.63_-16.50_0.0761_0.0222_-0.4584_-0.8852end0.06_8.98_-4.75_-16.23_-15.78_-2.13_6.50_-39.25_-14.75_0.0771_0.0232_-0.4587_-0.8849end-0.22_8.58_-4.11_-16.23_-15.78_-2.13_6.50_-39.25,24.3787197,120.90909077,1075.00537109375
1681,_-14.75_0.0782_0.0241_-0.4590_-0.8846end-0.10_8.54_-3.38_-16.23_-15.78_-2.13_6.50_-39.25_-14.75_0.0800_0.0258_-0.4597_-0.8841end-0.04_8.58_-3.71_-16.23_-15.78_-2.13_6.50_-39.25_-14.75_0.0809_0.0265_-0.4600_-0.8838end,24.3787197,120.90909077,1075.00537109375
1682,,24.3787197,120.90909077,1075.00537109375
1683,,24.3787197,120.90909077,1075.00537109375
1684,,24.3787197,120.90909077,1075.00537109375
1685,-0.32_8.57_-3.57_-16.23_-15.78_-2.13_6.50_-39.25_-14.75_0.0809_0.0265_-0.4600_-0.8838end-0.40_8.45_-5.11_-16.23_-15.78_-2.13_6.50_-39.25_-14.75_0.0809_0.0265_-0.4600_-0.8838end-0.40_8.45_-5.11_-16.23_-15.78_-2.13_7.62_-38.19_-16.00_0.0809_0.0265_-0.4600_-0.8838end0.09_8.47_-4.39_-16.23_-15.78_-2.13_7.62_-38.19_-16.00_0.0809_0.0265_-0.4600_-0.8838end-0.11_8.55_-3.36_-16.23_-15.78_-2.13_7.62_-38.19_-16.00_0.0851_0.0305_-0.4617_-0.8824end-0.11_8.55_-3.36_-16.23_-15.78_-2.13_6.87_-38.56_-16.50_0.0875_0.0330_-0.4628_-0.8815end-0.51_8.50_-4.14_-16.23_-15.78_-2.13_6.87_-38.56_-16.50_0.0875_0.0330_-0.4628_-0.8815end-0.51_8.50_-4.14_-16.23_-15.78_-2.13_6.87_-38,24.3787197,120.90909077,1075.00537109375
1686,,24.3787197,120.90909077,1075.00537109375
1687,.56_-16.50_0.0883_0.0339_-0.4633_-0.8812end-0.24_8.40_-4.72_-16.23_-15.78_-2.13_6.87_-38.56_-16.50_0.0883_0.0339_-0.4633_-0.8812end-0.24_8.40_-4.72_-16.23_-15.78_-2.13_6.87_-38.56_-16.50_0.0905_0.0362_-0.4645_-0.8802end-0.24_8.40_-4.72_-16.23_-15.78_-2.13_6.87_-38.56_-16.50_0.0905_0.0362_-0.4645_-0.8802end-0.57_8.48_-5.00_-16.23_-15.78_-2.13_6.87_-38.56_-16.50_0.0905_0.0362_-0.4645_-0.8802end-0.34_8.59_-5.67_-16.23_-15.78_-2.13_6.87_-38.56_-16.50_0.0905_0.0362_-0.4645_-0.8802end-0.32_8.70_-4.66_-16.23_-15.78_-2.13_6.87_-38.56_-16.50_0.0905_0.0,24.3787197,120.90909077,1075.00537109375
1688,362_-0.4645_-0.8802end-0.15_9.11_-5.69_-16.23_-15.78_-2.13_6.87_-38.56_-16.50_0.0905_0.0362_-0.4645_-0.8802end0.32_8.57_-6.07_-16.23_-15.78_-2.13_6.87_-38.56_-16.50_0.0905_0.0362_-0.4645_-0.8802end-0.17_8.30_-10.68_-16.23_-15.78_-2.13_6.87_-38.56_-16.50_0.0905_0.0362_-0.4645_-0.8802end-0.38_8.22_-8.58_0.11_26.52_-3.13_6.87_-38.56_-16.50_0.0905_0.0362_-0.4645_-0.8802end-0.38_8.22_-8.58_0.11_26.52_-3.13_6.87_-38.56_-16.50_0.0993_0.0480_-0.4690_-0.8763end0.51_8.24_-6.55_0.11_26.52_-3.13_6.87_-38.56_-16.50_0.1000_0.0493_-0.4689_-0.8762end,24.3787197,120.90909077,1075.00537109375
1689,-0.29_8.69_-4.65_0.11_26.52_-3.13_8.38_-38.19_-16.87_0.1000_0.0493_-0.4689_-0.8762end-0.24_8.61_-4.58_-1.90_18.35_-1.12_8.38_-38.19_-16.87_0.1000_0.0493_-0.4689_-0.8762end-0.24_8.61_-4.58_-1.90_18.35_-1.12_8.38_-38.19_-16.87_0.1016_0.0517_-0.4687_-0.8759end-0.24_8.61_-4.58_-5.93_14.88_-1.23_8.38_-38.19_-16.87_0.1016_0.0517_-0.4687_-0.8759end0.39_8.40_-5.75_-5.93_14.88_-1.23_8.38_-38.19_-16.87_0.1016_0.0517_-0.4687_-0.8759end0.21_8.26_-4.79_-5.93_14.88_-1.23_8.38_-38.19_-16.87_0.1032_0.0543_-0.4696_-0.8752end0.17_8.39_-4.83_-13.54_28.09_-0.22_8.38_-38.19_-16.87_0.1032_0.0543_-0.4696_-0.8752end0.17_8.39_-4.83_-13.54_28.09_-0.22_8.38_-38.19_-16.87_0.1055_,24.3787197,120.90909077,1075.00537109375
1690,0.0590_-0.4713_-0.8737end0.37_8.36_-5.28_-13.54_28.09_-0.22_9.06_-38.88_-17.81_0.1062_0.0604_-0.4718_-0.8732end0.24_8.41_-5.43_-13.54_28.09_-0.22_9.06_-38.88_-17.81_0.1070_0.0620_-0.4724_-0.8726end,24.3787197,120.90909077,1075.00537109375
1691,,24.3787197,120.90909077,1075.00537109375
1692,0.24_8.38_-5.44_-23.72_43.87_0.00_9.06_-38.88_-17.81_0.1070_0.0620_-0.4724_-0.8726end0.24_8.38_-5.44_-23.72_43.87_0.00_9.06_-38.88_-17.81_0.1087_0.0657_-0.4739_-0.8714end0.19_8.70_-5.79_-29.77_52.93_0.11_9.06_-39.25_-16.50_0.1087_0.0657_-0.4739_-0.8714end0.19_8.70_-5.79_-31.45_54.83_-0.22_9.81_-38.50_-16.00_0.1087_0.0657_-0.4739,24.3787197,120.90909077,1075.00537109375
1693,_-0.8714end0.26_8.39_-6.54_-31.45_54.83_-0.22_9.81_-38.50_-16.00_0.1087_0.0657_-0.4739_-0.8714end0.26_8.39_-6.54_-31.45_54.83_-0.22_9.81_-38.50_-16.00_0.1154_0.0794_-0.4794_-0.8663end0.58_8.00_-9.42_-31.45_54.83_-0.22_9.81_-38.50_-16.00_0.1168_0.0821_-0.4799_-0.8656end0.32_7.84_-13.56_-31.45_54.83_-0.22_9.81_-38.50_-16.00_0.1168_0.0821_-0.4799_-0.8656end0.57_8.14_-10.86_-31.45_54.83_-0.22_9.81_-38.50_-16.00_0.1208_0.0902_-0.4800_-0.8642end1.36_8.40_-9.19_-31.45_54.83_-0.22_9.81_-38.50_-16.00_0.1218_0.0925_-0.4797_-0.8640end,24.3787197,120.90909077,1075.00537109375
1694,,24.3787197,120.90909077,1075.00537109375
1695,0.57_8.99_-5.23_-31.45_54.83_-0.22_9.81_-38.50_-16.00_0.1218_0.0925_-0.4797_-0.8640end0.15_9.35_-4.52_-31.45_54.83_-0.22_9.81_-38.50_-16.00_0.1234_0.0981_-0.4790_-0.8635end-0.34_8.83_-5.18_-31.45_54.83_-0.22_9.81_-38.50_-16.00_0.1237_0.0994_-0.4791_-0.8633end0.30_9.80_-5.31_-31.45_54.83_-0.22_9.81_-38.50_-16.00_0.1237_0.0994_-0.4791_-0.8633end0.30_9.80_-5.31_-9.62_19.47_10.52_10.56_-37.06_-16.87_0.1237_0.1015_-0.4794_-0.8629end0.30_9.80_-5.31_-8.62_24.62_11.53_10.56_-37.06_-16.87_0.1237_0.1015_-0.4794_-0.8629end0.30_9.80_-5.31_-8.62_24.62_11.53_10.50_-38.19_-17.81_0.1238_0.1039_-0.4797_-0.8624end0.30_9.80_-5.31_-8.62_24.62_11.53_10.50_-38.19_-17.81_0.1238_0.1039_-0.4797_-0.8624end0.47_10.61_-4.79_-11.75_45.88_12.42_10.50_-38.19_-17.81_0.1238_0.1039_-0.4797_-0.8624end0.79_10.43_-4.33_-11.75_45.88_12.42_9.81_-37.13_-18.25_0.1238_0.1039_-0.4797_-0.8624end,24.3787197,120.90909077,1075.00537109375
1696,,24.3787197,120.90909077,1075.00537109375
1697,1.04_10.29_-3.68_-11.75_45.88_12.42_9.81_-37.13_-18.25_0.1267_0.1165_-0.4811_-0.8596end0.86_10.21_-3.91_-11.75_45.88_12.42_9.81_-37.13_-18.25_0.1267_0.1165_-0.4811_-0.8596end0.90_10.25_-3.93_-11.75_45.88_12.42_9.81_-37.13_-18.25_0.1276_0.1208_-0.4824_-0.8582end0.90_10.25_-3.93_-11.75_45.88_12.42_9.81_-37.13_-18.25_0.1284_0.1249_-0.4839_-0.8566end0.64_10.29_-3.94_-11.75_45.88_12.42_9.81_-37.13_-18.25_0.1284_0.1249_-0.4839_-0.8566end0.73_10.39_-3.50_-11.75_45.88_12.42_9.81_-37.13_-18.25_0.1284_0.1249_-0.4839_-0.8566end1.05_10.43_-3.93_-11.75_45.88_12.42_9.81_-37.13_-18.25_0.1284_0.1249_-0.4839_-0.8566end0.93_10.35_-3.84_-11.75_45.88_12.42_9.81_-37.13_-18.25_0.1307_0.1358_-0.4893_-0.8515end0.64_10.43_-2.92_-11.75_45.88_12.42_9.81_-37.13_-18.25_0.1312_0.1380_-0.4905_-0.8503end2.71_9.35_-35.54_-11.75_45.88_12.42_10.88_-37.44_-18.25_0.1312_0.1380_-0.4905_-0.8503end,24.3787197,120.90909077,1075.00537109375
1698,,24.3787197,120.90909077,1075.00537109375
1699,,24.3787197,120.90909077,1075.00537109375
1700,,24.3787197,120.90909077,1075.00537109375
1701,,24.3787197,120.90909077,1075.00537109375
1702,,24.3787197,120.90909077,1075.00537109375
1703,,24.3787197,120.90909077,1075.00537109375
1704,-7.06_9.06_-12.24_-5.37_62.33_5.93_10.88_-37.44_-18.25_0.1312_0.1380_-0.4905_-0.8503end-7.06_9.06_-12.24_-5.37_62.33_5.93_10.88_-37.44_-18.25_0.1312_0.1380_-0.4905_-0.8503end-7.06_9.06_-12.24_-5.37_62.33_5.93_10.88_-37.44_-18.25_0.1370_0.1520_-0.4916_-0.8464end5.94_10.80_7.42_-5.37_62.33_5.93_10.88_-37.44_-18.25_0.1370_0.1520_-0.4916_-0.8464end-1.83_9.20_1.16_-29.88_100.27_8.06_10.88_-37.44_-18.25_0.1370_0.1520_-0.4916_-0.8464end0.49_13.53_-1.03_-29.88_100.27_8.06_10.88_-37.44_-18.25_0.1370_0.1520_-0.4916_-0.8464end0.49_13.53_-1.03_-29.88_100.27_8.06_10.88_-37.44_-18.25_0.1433_0.1666_-0.4927_-0.8420end1.02_12.21_-5.24_-29.88_100.27_8.06_10.88_-37.44_-18.25_0.1433_0.1666_-0.4927_-0.8420end0.48_11.75_-4.14_-29.88_100.27_8.06_10.88_-37.44_-18.25_0.1440_0.1709_-0.4966_-0.8387end0.44_11.16_-6.91_-29.88_100.27_8.06_11.25_-38.19_-18.25_0.1440_0.1709_-0.4966_-0.8387end0.44_11.16_-6.91_-38.27_68.15_3.36_11.25_-38.19_-18.25_0.1458_0.1772_-0.4999_-0.8351end0.98_11.15_-2.96_-38.27_68.15_3.36_11.31_-36.38_-17.75_0.1469_0.1802_-0.5009_-0.8337end1.46_10.95_-2.08_-45.99_77.66_1.79_11.31_-36.38_-17.75_0.1469_0.1802_-0.5009_-0.8337end1.46_10.95_-2.08_-49.91_78.45_0.78_11.31_-36.38_-17.75_0.1492_0.1863_-0.5032_-0.8306end1.75_10.59_-3.26_-52.37_79.12_0.22_12.31_-36.38_-18.62_0.1492_0.1863_-0.5032_-0.8306end1.75_10.59_-3.26_-52.37_79.12_0.22_12.31_-36.38_-18.62_0.1505_0.1895_-0.5046_-0.8287end1.75_10.59_-3.26_-52.37_79.12_0.22_12.31_-36.38_-18.62_0.1533_0.1961_-0.5073_-0.8251end1.75_10.59_-3.26_-52.37_79.12_0.22_12.31_-36.38_-18.62_0.1566_0.2034_-0.5099_-0.8210end2.14_9.82_-1.83_-52.37_79.12_0.22_12.31_-36.38_-18.62_0.1608_0.2120_-0.5126_-0.8164end1.97_9.68_-2.24_-52.37_79.12_0.22_12.31_-36.38_-18.62_0.1608_0.2120_-0.5126_-0.8164end,24.3787197,120.90909077,1075.00537109375
1705,1.97_9.68_-2.24_-52.37_79.12_0.22_13.81_-34.69_-19.50_0.1608_0.2120_-0.5126_-0.8164end1.97_9.68_-2.24_-52.37_79.12_0.22_13.81_-34.69_-19.50_0.1730_0.2347_-0.5172_-0.8046end1.91_10.20_-2.62_-52.37_79.12_0.22_13.81_-34.69_-19.50_0.1730_0.2347_-0.5172_-0.8046end1.91_10.20_-2.62_-52.37_79.12_0.22_13.81_-35.69_-19.50_0.1730_0.2347_-0.5172_-0.8046end1.67_10.33_-2.31_-52.37_79.12_0.22_13.81_-35.69_-19.50_0.1730_0.2347_-0.5172_-0.8046end1.67_10.33_-2.31_-52.37_79.12_0.22_13.81_-35.69_-19.50_0.1949_0.2716_-0.5212_-0.7852end1.37_10.06_-1.58_-52.37_79.12_0.22_15.63_-34.94_-19.94_0.1949_0.2716_-0.5212_-0.7852end1.37_10.06_-1.58_-65.35_233.77_-18.58_15.63_-34.94_-19.94_0.1949_0.2716_-0.5212_-0.7852end1.44_9.54_-1.54_-65.35_233.77_-18.58_15.63_-34.94_-19.94_0.1949_0.2716_-0.5212_-0.7852end1.44_9.54_-1.54_-65.35_233.77_-18.58_15.63_-34.94_-19.94_0.2154_0.3036_-0.5228_-0.7668end,24.3787197,120.90909077,1075.00537109375
1706,,24.3787197,120.90909077,1075.00537109375
1707,1.44_9.54_-1.54_-65.35_233.77_-18.58_17.81_-33.88_-19.87_0.2260_0.3198_-0.5232_-0.7569end1.44_9.54_-1.54_-62.33_247.87_-23.84_17.81_-33.88_-19.87_0.2260_0.3198_-0.5232_-0.7569end-0.34_9.29_-1.00_-62.33_247.87_-23.84_17.81_-33.88_-19.87_0.2260_0.3198_-0.5232_-0.7569end-0.34_9.29_-1.00_-64.35_266.22_-26.97_17.81_-33.88_-19.87_0.2260_0.3198_-0.5232_-0.7569end-0.34_9.29_-1.00_-64.35_266.22_-26.97_19.50_-33.50_-18.19_0.2546_0.3619_-0.5225_-0.7288end0.98_9.87_-1.61_-64.35_266.22_-26.97_19.50_-33.50_-18.19_0.2546_0.3619_-0.5225_-0.7288end1.64_9.30_-1.77_-64.35_266.22_-26.97_19.50_-33.50_-18.19_0.2611_0.3710_-0.5219_-0.7224end1.64_9.30_-1.77_-64.35_266.22_-26.97_22.44_-32.69_-16.87_0.2752_0.3909_-0.5199_-0.7079end1.64_9.30_-1.77_-61.55_346.24_-34.80_22.44_-32.69_-16.87_0.2826_0.4010_-0.5185_-0.7004end2.86_8.17_-4.11_-61.55_346.24_-34.80_22.44_-32.69_-16.87_0.2906_0.4119_-0.5166_-0.6921end,24.3787197,120.90909077,1075.00537109375
1708,,24.3787197,120.90909077,1075.00537109375
1709,2.86_8.17_-4.11_-54.16_376.34_-37.04_22.44_-32.69_-16.87_0.3071_0.4334_-0.5116_-0.6754end2.08_6.92_-2.06_-54.16_376.34_-37.04_22.44_-32.69_-16.87_0.3154_0.4443_-0.5092_-0.6662end1.00_6.52_-0.72_-57.74_382.16_-44.31_22.44_-32.69_-16.87_0.3239_0.4551_-0.5063_-0.6570end1.00_6.52_-0.72_-55.17_380.14_-47.56_25.62_-32.56_-14.25_0.3239_0.4551_-0.5063_-0.6570end1.13_6.61_-0.73_-55.17_380.14_-47.56_25.62_-31.50_-12.50_0.3239_0.4551_-0.5063_-0.6570end1.13_6.61_-0.73_-55.17_380.14_-47.56_27.44_-31.44_-12.00_0.3654_0.5051_-0.4918_-0.6079end0.57_6.82_0.27_-55.17_380.14_-47.56_27.44_-31.44_-12.00_0.3737_0.5146_-0.4884_-0.5975end0.57_6.82_0.27_-50.13_362.91_-56.62_27.44_-31.44_-12.00_0.3815_0.5234_-0.4851_-0.5875end0.02_6.77_-0.37_-50.13_362.91_-56.62_28.56_-30.31_-9.44_0.3815_0.5234_-0.4851_-0.5875end0.02_6.77_-0.37_-49.57_340.98_-60.32_28.56_-30.31_-9.44_0.3967_0.5401_-0.4786_-0.5673end,24.3787197,120.90909077,1075.00537109375
1710,,24.3787197,120.90909077,1075.00537109375
1711,,24.3787197,120.90909077,1075.00537109375
1712,-0.02_6.64_-0.63_-49.57_340.98_-60.32_28.56_-30.31_-9.44_0.4040_0.5479_-0.4756_-0.5572end-0.02_6.64_-0.63_-48.12_307.29_-61.66_30.37_-29.50_-5.00_0.4108_0.5550_-0.4727_-0.5475end-0.02_6.64_-0.63_-48.01_287.93_-62.78_30.37_-29.50_-5.00_0.4230_0.5673_-0.4680_-0.5294end-0.72_5.39_-0.65_-48.01_287.93_-62.78_30.37_-29.50_-5.00_0.4230_0.5673_-0.4680_-0.5294end-0.88_4.99_-1.41_-48.01_287.93_-62.78_33.19_-28.31_-2.81_0.4230_0.5673_-0.4680_-0.5294end-0.88_4.99_-1.41_-49.46_198.63_-63.11_33.19_-28.31_-2.81_0.4230_0.5673_-0.4680_-0.5294end-0.88_4.99_-1.41_-49.46_198.63_-63.11_33.19_-28.31_-2.81_0.4444_0.5880_-0.4625_-0.4927end-0.68_5.49_0.41_-49.46_198.63_-63.11_,24.3787197,120.90909077,1075.00537109375
1713,33.19_-28.31_-2.81_0.4444_0.5880_-0.4625_-0.4927end-0.68_5.49_0.41_-48.57_82.25_-61.66_33.19_-28.31_-2.81_0.4490_0.5922_-0.4635_-0.4826end-0.37_5.77_1.13_-48.57_82.25_-61.66_33.19_-28.31_-2.81_0.4513_0.5937_-0.4666_-0.4756end,24.3787197,120.90909077,1075.00537109375
1714,,24.3787197,120.90909077,1075.00537109375
1715,-0.37_5.77_1.13_-48.57_82.25_-61.66_33.56_-27.31_-1.87_0.4517_0.5937_-0.4688_-0.4730end-1.12_6.27_3.53_-48.57_82.25_-61.66_33.56_-27.31_-1.87_0.4517_0.5937_-0.4688_-0.4730end-1.12_6.27_3.53_-43.98_-21.82_-55.84_33.56_-27.31_-1.87_0.4516_0.5927_-0.4738_-0.4693end-2.05_6.61_4.03_-43.98_-21.82_-55.84_33.56_-27.31_-1.87_0.4505_0.5908_-0.4799_-0.4666end-2.05_6.61_4.03_-43.98_-21.82_-55.84_34.31_-27.31_-3.25_0.4497_0.5897_-0.4829_-0.4656end-0.70_6.24_3.14_-43.98_-21.82_-55.84_34.31_-27.31_-3.25_0.4497_0.5897_-0.4829_-0.4656end0.27_6.09_2.09_-43.98_-21.82_-55.84_34.31_-27.31_-3.25_0.4497_0.5897_-0.4829_-0.4656end0.27_6.09_2.09_-43.98_-21.82_-55.84_34.31_-27.3,24.3787197,120.90909077,1075.00537109375
1716,1_-3.25_0.4497_0.5897_-0.4829_-0.4656end2.59_6.98_1.39_-43.98_-21.82_-55.84_34.31_-27.31_-3.25_0.4497_0.5897_-0.4829_-0.4656end2.59_6.98_1.39_-43.98_-21.82_-55.84_34.31_-27.31_-3.25_0.4497_0.5897_-0.4829_-0.4656end,24.3787197,120.90909077,1075.00537109375
1717,,24.3787197,120.90909077,1075.00537109375
1718,2.59_6.98_1.39_-43.98_-21.82_-55.84_35.81_-26.25_-4.06_0.4497_0.5897_-0.4829_-0.4656end2.59_6.98_1.39_-33.12_-75.98_-51.92_36.88_-25.50_-4.50_0.4497_0.5897_-0.4829_-0.4656end1.39_10.25_5.37_-33.12_-75.98_-51.92_36.88_-25.50_-4.50_0.4497_0.5897_-0.4829_-0.4656end1.39_10.25_5.37_-24.40_-93.22_-54.83_36.88_-25.50_-4.50_0.4497_0.5897_-0.4829_-0.4656end1.39_10.25_5.37_-24.40_-93.22_-54.83_36.56_-24.81_-4.94_0.4358_0.5690_-0.5205_-0.4640end1.39_10.25_5.37_-29.54_-148.16_-53.71_36.56_-24.81_-4.94_0.4285_0.5589_-0.5336_-0.4683end1.39_10.25_5.37_-26.30_-171.55_-52.93_36.56_-24.81_-4.94_0.4253_0.5551_-0.5383_-0.4704end0.38_7.91_0.54_-26.30_-171.55_-52.93_36.56_-,24.3787197,120.90909077,1075.00537109375
1719,24.81_-4.94_0.4215_0.5505_-0.5437_-0.4730end-0.54_7.87_-0.05_-27.19_-182.29_-49.80_36.56_-24.81_-4.94_0.4215_0.5505_-0.5437_-0.4730end-0.54_7.87_-0.05_-27.19_-182.29_-49.80_37.63_-23.50_-10.63_0.4095_0.5364_-0.5594_-0.4813end-2.10_8.43_-0.48_-27.19_-182.29_-49.80_37.63_-23.50_-10.63_0.4053_0.5317_-0.5645_-0.4839end-2.37_8.77_-1.16_-27.19_-182.29_-49.80_37.63_-23.50_-10.63_0.3976_0.5233_-0.5740_-0.4885end-1.31_8.16_1.24_-27.19_-182.29_-49.80_37.63_-23.50_-10.63_0.3976_0.5233_-0.5740_-0.4885end-1.31_8.16_1.24_-27.19_-182.29_-49.80_36.94_-23.56_-12.75_0.3915_0.5157_-0.5823_-0.4916end-0.59_9.20_1.45_-20.25_-84.60_-46.11_36.94_-23.56_-12.75_0.3895_0.5128_-0.5856_-0.4925end-0.59_9.20_1.45_-20.25_-84.60_-46.11_36.25_-22.13_-12.31_0.3895_0.5128_-0.5856_-0.4925end-0.59_9.20_1.45_-20.81_-66.36_-45.43_36.25_-22.13_-12.31_0.3860_0.5061_-0.5933_-0.4929end1.45_10.22_2.72_-20.81_-66.36_-45.43_36.25_-22.13_-12.31_0.3851_0.5041_-0.5956_-0.4927end1.45_10.22_2.72_-15.67_-43.98_-43.98_36.25_-22.13_-12.31_0.3851_0.5041_-0.5956_-0.4927end1.45_10.22_2.72_-15.67_-43.98_-43.98_36.25_-22.13_-12.31_0.3839_0.5001_-0.6000_-0.4924end,24.3787197,120.90909077,1075.00537109375
1720,,24.3787197,120.90909077,1075.00537109375
1721,,24.3787197,120.90909077,1075.00537109375
1722,1.45_10.22_2.72_-15.67_-43.98_-43.98_36.25_-22.13_-12.31_0.3827_0.4958_-0.6044_-0.4923end1.23_9.30_2.05_-15.67_-43.98_-43.98_36.25_-22.13_-12.31_0.3827_0.4958_-0.6044_-0.4923end1.23_9.30_2.05_-15.67_-43.98_-43.98_36.25_-22.13_-12.31_0.3820_0.4936_-0.6066_-0.4924end-1.70_7.00_0.33_-15.67_-43.98_-43.98_36.25_-22.13_-12.31_0.3820_0.4936_-0.6066_-0.4924end-1.70_7.00_0.33_-15.67_-43.98_-43.98_36.25_-22.13_-12.31_0.3807_0.4872_-0.6126_-0.4923end-1.70_7.00_0.33_-15.67_-43.98_-43.98_37.00_-21.19_-13.62_0.3807_0.4872_-0.6126_-0.4923end-15.28_5.39_6.05_-15.67_-43.98_-43.98_37.00_-21.19_-13.62_0.3867_0.4846_-0.6152_-0.4870end-1.17_14.28_3.59_-15.67_-43.98_-43.98_37.69_-19.69_-12.69_0.3848_0.4861_-0.6143_-0.4881end29.73_11.61_-0.09_-15.67_-43.98_-43.98_37.69_-19.69_-12.69_0.3848_0.4861_-0.6143_-0.4881end0.93_6.14_8.09_-15.67_-43.98_-43.98_37.69_-19.69_-12.69_0.3848_0.4861_-0.6143_-0.4881end,24.3787197,120.90909077,1075.00537109375
1723,,24.3787197,120.90909077,1075.00537109375
1724,,24.3787197,120.90909077,1075.00537109375
1725,0.93_6.14_8.09_14.88_-263.31_48.46_36.31_-21.56_-15.75_0.3646_0.4793_-0.6174_-0.5060end0.93_6.14_8.09_14.88_-263.31_48.46_36.31_-21.56_-15.75_0.3483_0.4694_-0.6231_-0.5197end-2.32_2.53_9.61_14.88_-263.31_48.46_35.94_-21.87_-17.12_0.3483_0.4694_-0.6231_-0.5197end-2.32_2.53_9.61_18.24_-224.93_34.91_35.94_-21.87_-17.12_0.3342_0.4600_-0.6284_-0.5308end-2.02_3.59_3.21_18.24_-224.93_34.91_35.94_-21.87_-17.12_0.3274_0.4553_-0.6306_-0.5366end-2.02_3.59_3.21_33.46_-231.65_44.87_35.94_-21.87_-17.12_0.3139_0.4459_-0.6337_-0.5487end-0.19_2.71_1.58_33.46_-231.65_44.87_34.13_-22.69_-19.31_0.3139_0.4459_-0.6337_-0.5487end-0.19_2.71_1.58_37.15_-250.11_43.87_34.13_-22.69_-19.31_0.3068_0.4407_-0.6353_-0.5549end-0.19_2.71_1.58_50.47_-260.40_45.88_34.13_-22.69_-19.31_0.3068_0.4407_-0.6353_-0.5549end10.09_16.42_-9.21_50.47_-260.40_45.88_34.13_-22.69_-19.31_0.3068_0.4407_-0.6353_-0.5549end,24.3787197,120.90909077,1075.00537109375
1726,,24.3787197,120.90909077,1075.00537109375
1727,10.09_16.42_-9.21_50.47_-260.40_45.88_34.13_-22.69_-19.31_0.3068_0.4407_-0.6353_-0.5549end1.54_22.95_1.89_50.47_-260.40_45.88_34.13_-22.69_-19.31_0.3068_0.4407_-0.6353_-0.5549end1.54_22.95_1.89_50.47_-260.40_45.88_28.38_-23.94_-23.69_0.3068_0.4407_-0.6353_-0.5549end1.54_22.95_1.89_50.47_-260.40_45.88_26.94_-24.00_-25.44_0.3068_0.4407_-0.6353_-0.5549end-4.04_14.53_1.04_50.47_-260.40_45.88_26.94_-24.00_-25.44_0.2309_0.3764_-0.6503_-0.6181end-4.04_14.53_1.04_48.01_-88.85_27.64_26.94_-24.00_-25.44_0.2277_0.3736_-0.6496_-0.6218end-2.29_12.63_-4.27_48.01_-88.85_27.64_26.94_-24.00_-25.44_0.2260_0.3723_-0.6485_-0.6243end-2.29_12.63_-4.27_38.72_56.51_22.94_26.9,24.3787197,120.90909077,1075.00537109375
1728,4_-24.00_-25.44_0.2264_0.3735_-0.6453_-0.6268end4.46_13.32_-5.91_39.61_93.78_18.91_26.94_-24.00_-25.44_0.2264_0.3735_-0.6453_-0.6268end4.46_13.32_-5.91_39.61_93.78_18.91_26.94_-24.00_-25.44_0.2316_0.3787_-0.6407_-0.6265end,24.3787197,120.90909077,1075.00537109375
1729,4.46_13.32_-5.91_39.61_93.78_18.91_27.25_-25.37_-24.19_0.2381_0.3847_-0.6354_-0.6258end6.75_12.58_-2.30_39.61_93.78_18.91_26.50_-25.75_-23.69_0.2381_0.3847_-0.6354_-0.6258end4.03_12.00_1.83_39.61_93.78_18.91_26.50_-25.75_-23.69_0.2381_0.3847_-0.6354_-0.6258end2.61_11.66_2.50_39.61_93.78_18.91_26.87_-26.06_-23.69_0.2381_0.3847_-0.6354_-0.6258end2.61_11.66_2.50_39.61_93.78_18.91_26.87_-26.06_-23.69_0.2447_0.3904_-0.6265_-0.6287end3.27_10.72_-1.44_39.61_93.78_18.91_26.50_-26.06_-22.44_0.2450_0.3904_-0.6255_-0.6295end3.27_10.72_-1.44_39.61_93.78_18.91_26.12_-25.75_-22.81_0.2450_0.3901_-0.6247_-0.6306end1.70_10.55_-0.94_39.61_93.78_18.91_26.12_-25.75_-22.81,24.3787197,120.90909077,1075.00537109375
1730,_0.2450_0.3901_-0.6247_-0.6306end1.70_10.55_-0.94_39.61_93.78_18.91_27.25_-26.44_-22.81_0.2450_0.3901_-0.6247_-0.6306end0.69_10.36_0.95_39.61_93.78_18.91_27.25_-26.44_-22.81_0.2420_0.3853_-0.6225_-0.6367end,24.3787197,120.90909077,1075.00537109375
1731,,24.3787197,120.90909077,1075.00537109375
1732,,24.3787197,120.90909077,1075.00537109375
1733,,24.3787197,120.90909077,1075.00537109375
1734,,24.3787197,120.90909077,1075.00537109375
1735,,24.3787197,120.90909077,1075.00537109375
1736,0.38_10.31_0.56_39.61_93.78_18.91_27.25_-26.44_-22.81_0.2420_0.3853_-0.6225_-0.6367end0.38_10.31_0.56_17.79_-119.96_3.80_26.87_-26.44_-22.81_0.2420_0.3853_-0.6225_-0.6367end0.38_10.31_0.56_16.45_-134.51_3.58_25.44_-26.12_-22.81_0.2358_0.3777_-0.6230_-0.6431end0.38_10.31_0.56_16.45_-134.51_3.58_25.44_-26.12_-22.81_0.2327_0.3742_-0.6237_-0.6456end1.11_9.19_-0.37_16.45_-134.51_3.58_25.44_-26.12_-22.81_0.2327_0.3742_-0.6237_-0.6456end1.11_9.19_-0.37_16.45_-134.51_3.58_25.44_-26.12_-22.81_0.2327_0.3742_-0.6237_-0.6456end1.54_8.61_-0.12_16.45_-134.51_3.58_25.44_-26.12_-22.81_0.2327_0.3742_-0.6237_-0.6456end1.54_8.61_-0.12_16.45_-134.51_3.58_25.44_-26.12_-22.81_0.2327_0.3742_-0.6237_-0.6456end1.54_8.61_-0.12_16.45_-134.51_3.58_25.44_-26.12_-22.81_0.2150_0.3545_-0.6281_-0.6584end3.54_7.29_0.01_16.45_-134.51_3.58_25.44_-26.12_-22.81_0.2076_0.3455_-0.6303_-0.6635end3.54_7.29_0.01_16.45_-134.51_3.58_23.69_-26.50_-24.56_0.2056_0.3429_-0.6310_-0.6648end3.54_7.29_0.01_16.45_-134.51_3.58_23.69_-26.50_-24.56_0.2056_0.3429_-0.6310_-0.6648end3.54_7.29_0.01_-3.13_-68.04_-9.85_23.69_-26.50_-24.56_0.2008_0.3363_-0.6333_-0.6675end3.54_7.29_0.01_-8.06_-57.30_-13.09_23.69_-26.50_-24.56_0.1994_0.3343_-0.,24.3787197,120.90909077,1075.00537109375
1737,6342_-0.6680end2.82_6.58_-0.12_-8.06_-57.30_-13.09_23.69_-26.50_-24.56_0.1994_0.3343_-0.6342_-0.6680end2.82_6.58_-0.12_-8.06_-57.30_-13.09_23.69_-26.50_-24.56_0.1967_0.3294_-0.6367_-0.6689end2.65_6.39_-0.04_-8.06_-57.30_-13.09_23.69_-26.50_-24.56_0.1959_0.3279_-0.6376_-0.6689end2.47_6.27_-0.03_-8.06_-57.30_-13.09_23.69_-26.50_-24.56_0.1959_0.3279_-0.6376_-0.6689end2.53_6.24_-0.12_-8.06_-57.30_-13.09_23.69_-26.50_-24.56_0.1946_0.3251_-0.6396_-0.6688end2.53_6.24_-0.12_-8.06_-57.30_-13.09_22.19_-25.81_-24.56_0.1946_0.3251_-0.6396_-0.6688end,24.3787197,120.90909077,1075.00537109375
1738,2.68_6.44_-0.26_-8.06_-57.30_-13.09_22.19_-25.81_-24.56_0.1946_0.3251_-0.6396_-0.6688end2.68_6.44_-0.26_-8.06_-57.30_-13.09_22.19_-25.81_-24.56_0.1921_0.3192_-0.6455_-0.6667end2.79_6.56_-0.25_-8.06_-57.30_-13.09_22.19_-25.81_-24.56_0.1919_0.3181_-0.6467_-0.6661end2.87_6.75_-0.16_-8.06_-57.30_-13.09_21.50_-25.50_-25.44_0.1916_0.3171_-0.6479_-0.6655end2.96_6.92_-0.09_-8.06_-57.30_-13.09_21.50_-25.50_-25.44_0.1916_0.3171_-0.6479_-0.6655end2.96_6.92_-0.09_-8.06_-57.30_-13.09_21.50_-25.50_-25.44_0.1912_0.3151_-0.6506_-0.6639end2.90_7.33_-0.11_-8.06_-57.30_-13.09_21.50_-25.50_-25.44_0.1909_0.3131_-0.6535_-0.6622end2.68_7.57_-0.11_-8.06_-57.30_-13.09_21.50_-25.50_-25.44_0.1909_0.3131_-0.6535_-0.6622end2.57_7.66_-0.18_-35.47_-19.92_-28.31_21.50_-25.50_-25.44_0.1909_0.3131_-0.6535_-0.6622end2.57_7.66_-0.18_-36.37_-22.05_-28.87_22.25_-24.44_-26.69_0.1909_0.3131_-0.6535_-0.6622end,24.3787197,120.90909077,1075.00537109375
1739,,24.3787197,120.90909077,1075.00537109375
1740,2.57_7.66_-0.18_-36.37_-22.05_-28.87_22.25_-24.44_-26.69_0.1912_0.3099_-0.6591_-0.6580end2.24_7.89_-0.21_-36.37_-22.05_-28.87_22.25_-24.44_-26.69_0.1912_0.3099_-0.6591_-0.6580end2.32_7.79_-0.02_-36.37_-22.05_-28.87_22.25_-24.44_-26.69_0.1912_0.3099_-0.6591_-0.6580end2.42_7.71_0.09_-40.62_-47.78_-30.44_22.25_-24.44_-26.69_0.1885_0.3029_-0.6677_-0.6534end2.51_7.67_0.23_-40.62_-47.78_-30.44_22.25_-24.44_-26.69_0.1874_0.3010_-0.6696_-0.6526end2.59_7.62_0.39_-40.62_-47.78_-30.44_22.25_-24.44_-26.69_0.1865_0.2991_-0.6714_-0.6519end2.69_7.54_0.65_-40.62_-47.78_-30.44_22.25_-24.44_-26.69_0.1865_0.2991_-0.6714_-0.6519end2.72_7.58_0.68_-40.62_-47.78_-30.44_22.62_-23.12_-29.81_0.1848_0.2957_-0.6751_-0.6501end2.71_7.63_0.68_-40.62_-47.78_-30.44_22.62_-23.12_-29.81_0.1848_0.2957_-0.6751_-0.6501end2.71_7.63_0.68_-41.96_-42.86_-32.12_21.94_-23.44_-28.94_0.1826_0.2908_-0.6806_-0.6472end,24.3787197,120.90909077,1075.00537109375
1741,,24.3787197,120.90909077,1075.00537109375
1742,2.71_7.63_0.68_-41.74_-36.59_-32.68_21.94_-23.44_-28.94_0.1826_0.2908_-0.6806_-0.6472end2.51_7.88_0.95_-41.74_-36.59_-32.68_22.69_-22.37_-28.87_0.1825_0.2898_-0.6821_-0.6461end2.51_7.88_0.95_-40.40_-29.43_-33.46_22.69_-22.37_-28.87_0.1825_0.2898_-0.6821_-0.6461end2.51_7.88_0.95_-40.40_-29.43_-33.46_22.69_-22.37_-28.87_0.1808_0.2840_-0.6891_-0.6417end2.19_8.14_1.20_-40.40_-29.43_-33.46_21.94_-22.13_-29.31_0.1808_0.2840_-0.6891_-0.6417end2.19_8.14_1.20_-38.61_-24.84_-33.35_21.94_-22.13_-29.31_0.1814_0.2825_-0.6919_-0.6392end1.95_8.31_1.20_-38.61_-24.84_-33.35_21.94_-22.13_-29.31_0.1815_0.2816_-0.6934_-0.6380end1.95_8.31_1.20_-36.15_-23.61_-33.24_22.31_-2,24.3787197,120.90909077,1075.00537109375
1743,1.06_-29.75_0.1815_0.2816_-0.6934_-0.6380end1.95_8.31_1.20_-36.15_-23.61_-33.24_22.31_-21.06_-29.75_0.1819_0.2776_-0.6990_-0.6334end1.74_8.57_1.86_-36.15_-23.61_-33.24_22.31_-21.06_-29.75_0.1819_0.2776_-0.6990_-0.6334end,24.3787197,120.90909077,1075.00537109375
1744,,24.3787197,120.90909077,1075.00537109375
1745,1.74_8.57_1.86_-34.91_-26.30_-33.46_22.31_-20.75_-31.44_0.1819_0.2776_-0.6990_-0.6334end1.74_8.57_1.86_-34.91_-26.30_-33.46_21.25_-20.06_-31.87_0.1818_0.2741_-0.7034_-0.6301end1.74_8.57_1.86_-34.91_-26.30_-33.46_21.25_-20.06_-31.87_0.1816_0.2729_-0.7048_-0.6291end1.62_8.91_2.03_-34.91_-26.30_-33.46_21.25_-20.06_-31.87_0.1816_0.2729_-0.7048_-0.6291end1.58_8.73_1.73_-34.91_-26.30_-33.46_21.25_-20.06_-31.87_0.1816_0.2729_-0.7048_-0.6291end1.51_8.65_1.70_-30.66_-36.93_-31.45_21.25_-20.06_-31.87_0.1816_0.2729_-0.7048_-0.6291end1.51_8.65_1.70_-30.66_-36.93_-31.45_21.25_-20.06_-31.87_0.1796_0.2645_-0.7131_-0.6239end1.55_8.49_1.94_-27.64_-47.67_-30.44_21.25_-2,24.3787197,120.90909077,1075.00537109375
1746,0.06_-31.87_0.1796_0.2645_-0.7131_-0.6239end1.70_8.32_2.13_-27.64_-47.67_-30.44_21.25_-20.06_-31.87_0.1793_0.2633_-0.7142_-0.6232end1.70_8.35_2.17_-26.41_-53.71_-30.55_21.25_-20.06_-31.87_0.1793_0.2633_-0.7142_-0.6232end,24.3787197,120.90909077,1075.00537109375
1747,1.75_8.44_2.15_-24.84_-57.41_-30.10_21.25_-20.06_-31.87_0.1793_0.2633_-0.7142_-0.6232end1.87_8.72_1.97_-24.84_-57.41_-30.10_21.25_-20.06_-31.87_0.1749_0.2541_-0.7207_-0.6208end1.95_9.02_1.83_-24.84_-57.41_-30.10_21.25_-20.06_-31.87_0.1749_0.2541_-0.7207_-0.6208end1.95_9.02_1.83_-24.84_-57.41_-30.10_20.94_-18.31_-33.56_0.1749_0.2541_-0.7207_-0.6208end1.93_9.48_1.74_-24.84_-57.41_-30.10_20.94_-18.31_-33.56_0.1749_0.2541_-0.7207_-0.6208end1.93_9.83_1.65_-24.84_-57.41_-30.10_20.94_-18.31_-33.56_0.1704_0.2457_-0.7256_-0.6197end1.95_10.00_1.54_-24.84_-57.41_-30.10_21.69_-17.94_-32.75_0.1704_0.2457_-0.7256_-0.6197end1.95_10.00_1.54_-17.23_-63.67_-28.87_21.69_-17.94_-32.75_0.1673_0.2396_-0.7289_-0.6191end1.95_10.00_1.54_-17.23_-63.67_-28.87_20.94_-17.94_-33.94_0.1658_0.2371_-0.7301_-0.6190end1.95_10.00_1.54_-15.67_-64.91_-28.20_20.94_-17.94_-33.94_0.1646_0.2349_-0.7312_-0.6190end,24.3787197,120.90909077,1075.00537109375
1748,,24.3787197,120.90909077,1075.00537109375
1749,,24.3787197,120.90909077,1075.00537109375
1750,,24.3787197,120.90909077,1075.00537109375
1751,,24.3787197,120.90909077,1075.00537109375
1752,1.95_10.00_1.54_-15.67_-64.91_-28.20_19.12_-17.62_-33.13_0.1620_0.2302_-0.7333_-0.6188end1.95_10.00_1.54_-15.67_-64.91_-28.20_19.12_-17.62_-33.13_0.1620_0.2302_-0.7333_-0.6188end1.95_10.00_1.54_-13.99_-60.21_-27.42_19.12_-17.62_-33.13_0.1597_0.2259_-0.7353_-0.6187end1.95_10.00_1.54_-13.99_-60.21_-27.42_19.12_-17.62_-33.13_0.1583_0.2226_-0.7369_-0.6184end1.38_11.90_1.07_-13.99_-60.21_-27.42_19.12_-17.62_-33.13_0.1583_0.2226_-0.7369_-0.6184end1.30_11.80_1.13_-13.99_-60.21_-27.42_19.12_-17.62_-33.13_0.1583_0.2226_-0.7369_-0.6184end1.27_11.73_1.10_-13.99_-60.21_-27.42_19.12_-16.94_-34.31_0.1583_0.2226_-0.7369_-0.6184end1.14_11.61_1.18_-13.99_-60.21_-27.42_19.12_-16.94_-34.31_0.1589_0.2174_-0.7395_-0.6169end1.14_11.61_1.18_-13.99_-60.21_-27.42_18.50_-16.62_-34.31_0.1597_0.2170_-0.7398_-0.6165end1.02_11.38_1.24_-13.99_-60.21_-27.42_18.50_-16.62_-34.31_0.1608_0.2168_-0.7401_-0.6160end1.02_11.38_1.24_-13.99_-60.21_-27.42_18.81_-16.94_-34.81_0.1608_0.2168_-0.7401_-0.6160end0.74_10.98_1.23_-13.99_-60.21_-27.42_18.81_-16.94_-34.81_0.1608_0.2168_-0.7401_-0.6160end0.74_10.98_1.23_-13.99_-60.21_-27.42_18.81_-16.94_-34.81_0.1671_0.2177_-0.7402_-0.6138end0.25_10.22_1.15_-13.99_-60.21_-27.42_18.81_-16.94_-34.81_0.1689,24.3787197,120.90909077,1075.00537109375
1753,_0.2181_-0.7402_-0.6132end0.09_10.11_1.09_-13.99_-60.21_-27.42_18.81_-16.94_-34.81_0.1689_0.2181_-0.7402_-0.6132end0.01_10.03_0.99_-13.99_-60.21_-27.42_18.81_-16.94_-34.81_0.1689_0.2181_-0.7402_-0.6132end0.01_10.03_0.99_-13.99_-60.21_-27.42_19.87_-17.31_-34.81_0.1689_0.2181_-0.7402_-0.6132end-0.04_9.83_1.16_-13.99_-60.21_-27.42_19.87_-17.31_-34.81_0.1689_0.2181_-0.7402_-0.6132end-0.06_9.72_1.29_-13.99_-60.21_-27.42_19.87_-17.31_-34.81_0.1689_0.2181_-0.7402_-0.6132end-0.06_9.72_1.29_-13.99_-60.21_-27.42_19.87_-17.31_-34.81_0.1689_0.2181_-0.7402_-0.6132end,24.3787197,120.90909077,1075.00537109375
1754,,24.3787197,120.90909077,1075.00537109375
1755,-0.06_9.72_1.29_-13.99_-60.21_-27.42_20.25_-17.31_-35.69_0.1689_0.2181_-0.7402_-0.6132end-0.06_9.72_1.29_-13.99_-60.21_-27.42_21.31_-16.87_-33.50_0.1689_0.2181_-0.7402_-0.6132end-0.36_9.38_1.66_-13.99_-60.21_-27.42_21.31_-16.87_-33.50_0.1689_0.2181_-0.7402_-0.6132end-0.48_9.42_1.66_-13.99_-60.21_-27.42_21.31_-16.87_-33.50_0.1689_0.2181_-0.7402_-0.6132end-0.48_9.42_1.66_5.82_36.82_-8.84_22.13_-15.19_-34.75_0.1689_0.2181_-0.7402_-0.6132end-0.66_9.54_1.65_6.83_36.15_-8.28_22.13_-15.19_-34.75_0.1689_0.2181_-0.7402_-0.6132end-0.81_9.50_1.55_6.83_36.15_-8.28_22.13_-15.19_-34.75_0.1967_0.2300_-0.7352_-0.6066end-0.87_9.59_1.68_6.83_36.15_-8.28_22.13_-15.19_-34,24.3787197,120.90909077,1075.00537109375
1756,.75_0.1967_0.2300_-0.7352_-0.6066end-1.00_9.61_1.66_6.83_36.15_-8.28_22.13_-15.19_-34.75_0.1982_0.2309_-0.7346_-0.6064end-1.05_9.56_1.66_8.95_40.06_-4.81_22.13_-15.19_-34.75_0.1982_0.2309_-0.7346_-0.6064end,24.3787197,120.90909077,1075.00537109375
1757,,24.3787197,120.90909077,1075.00537109375
1758,-0.81_9.37_1.66_8.95_40.06_-4.81_22.13_-15.19_-34.75_0.2029_0.2336_-0.7328_-0.6060end-0.90_9.35_1.61_8.95_40.06_-4.81_22.13_-15.19_-34.75_0.2047_0.2349_-0.7321_-0.6058end-1.02_9.32_1.62_8.95_40.06_-4.81_23.87_-16.44_-32.25_0.2047_0.2349_-0.7321_-0.6058end-1.14_9.14_1.64_13.54_69.61_-2.80_23.87_-16.44_-32.25_0.2047_0.2349_-0.7321_-0.6058end-1.21_9.06_1.66_13.54_69.61_-2.80_22.75_-17.87_-31.87_0.2047_0.2349_-0.7321_-0.6058end-1.17_8.97_1.62_13.54_69.61_-2.80_23.12_-17.56_-32.75_0.2047_0.2349_-0.7321_-0.6058end-1.10_8.94_1.39_16.34_69.27_-2.13_23.12_-17.56_-32.75_0.2047_0.2349_-0.7321_-0.6058end-0.48_9.09_1.62_16.34_69.27_-2.13_23.12_-17.56_-32.75_0.2240_,24.3787197,120.90909077,1075.00537109375
1759,0.2488_-0.7234_-0.6038end-0.48_9.09_1.62_16.34_69.27_-2.13_23.12_-17.56_-32.75_0.2275_0.2512_-0.7215_-0.6038end-0.96_10.21_1.43_16.34_69.27_-2.13_23.12_-17.56_-32.75_0.2275_0.2512_-0.7215_-0.6038end,24.3787197,120.90909077,1075.00537109375
1760,,24.3787197,120.90909077,1075.00537109375
1761,-1.54_10.55_1.45_16.34_69.27_-2.13_23.12_-17.56_-32.75_0.2298_0.2529_-0.7198_-0.6042end-1.54_10.55_1.45_16.34_69.27_-2.13_23.12_-17.56_-32.75_0.2298_0.2529_-0.7198_-0.6042end-1.78_10.86_1.47_16.34_69.27_-2.13_23.12_-17.56_-32.75_0.2310_0.2537_-0.7189_-0.6046end-1.51_10.97_1.46_16.34_69.27_-2.13_23.12_-17.56_-32.75_0.2343_0.2559_-0.7162_-0.6056end-1.35_10.84_1.34_16.34_69.27_-2.13_23.12_-17.56_-32.75_0.2351_0.2564_-0.7153_-0.6060end-1.37_10.73_1.31_20.14_15.67_4.03_23.12_-17.56_-32.75_0.2351_0.2564_-0.7153_-0.6060end-1.37_10.73_1.31_20.81_9.18_4.36_24.56_-17.81_-30.50_0.2364_0.2573_-0.7138_-0.6070end-1.37_10.73_1.31_20.81_9.18_4.36_24.56_-17.81_-30.50_0.2369_0.2576_-0.7130_-0.6076end-1.21_10.27_1.10_20.81_9.18_4.36_24.56_-17.81_-30.50_0.2369_0.2576_-0.7130_-0.6076end-1.21_10.27_1.10_22.38_1.79_4.36_24.56_-17.81_-30.50_0.2369_0.2576_-0.7130_-0.6076end,24.3787197,120.90909077,1075.00537109375
1762,-1.21_10.27_1.10_22.38_1.79_4.36_24.56_-17.81_-30.50_0.2382_0.2581_-0.7094_-0.6111end-0.93_10.35_1.18_22.38_1.79_4.36_24.56_-17.81_-30.50_0.2383_0.2579_-0.7087_-0.6119end-0.90_10.42_1.27_22.38_1.79_4.36_24.56_-17.81_-30.50_0.2383_0.2579_-0.7087_-0.6119end-0.85_10.47_1.46_22.38_1.79_4.36_24.56_-17.81_-30.50_0.2384_0.2578_-0.7079_-0.6128end-0.85_10.47_1.46_22.38_1.79_4.36_24.56_-17.81_-30.50_0.2387_0.2573_-0.7059_-0.6152end-0.99_10.43_1.59_22.38_1.79_4.36_24.56_-17.81_-30.50_0.2388_0.2570_-0.7053_-0.6161end-1.02_10.36_1.65_22.38_1.79_4.36_24.56_-17.81_-30.50_0.2388_0.2567_-0.7046_-0.6169end-1.04_10.36_1.73_25.74_-8.06_2.24_24.56_-17.81_-30.50_0.2388_0.25,24.3787197,120.90909077,1075.00537109375
1763,67_-0.7046_-0.6169end-0.98_10.34_1.78_25.74_-8.06_2.24_24.56_-17.81_-30.50_0.2388_0.2560_-0.7032_-0.6188end-0.98_10.34_1.78_25.74_-8.06_2.24_23.81_-19.94_-28.38_0.2388_0.2556_-0.7025_-0.6199end,24.3787197,120.90909077,1075.00537109375
1764,,24.3787197,120.90909077,1075.00537109375
1765,,24.3787197,120.90909077,1075.00537109375
1766,,24.3787197,120.90909077,1075.00537109375
1767,,24.3787197,120.90909077,1075.00537109375
1768,-0.98_10.34_1.78_27.08_-18.46_1.45_23.81_-19.94_-28.38_0.2383_0.2543_-0.7012_-0.6221end-0.93_10.21_1.60_27.08_-18.46_1.45_23.81_-19.94_-28.38_0.2383_0.2543_-0.7012_-0.6221end-0.93_10.22_1.50_27.42_-29.32_1.01_23.81_-19.94_-28.38_0.2383_0.2543_-0.7012_-0.6221end-0.83_10.13_1.41_27.42_-29.32_1.01_24.12_-21.37_-29.75_0.2362_0.2505_-0.6991_-0.6267end-0.75_10.10_1.41_27.42_-29.32_1.01_24.12_-21.37_-29.75_0.2357_0.2496_-0.6986_-0.6278end-0.23_9.89_1.45_27.42_-29.32_1.01_24.12_-21.37_-29.75_0.2352_0.2485_-0.6981_-0.6290end-0.09_9.84_1.45_27.42_-29.32_1.01_24.12_-21.69_-29.31_0.2352_0.2485_-0.6981_-0.6290end0.05_9.75_1.48_27.42_-29.32_1.01_24.12_-21.69_-29.31_,24.3787197,120.90909077,1075.00537109375
1769,0.2339_0.2452_-0.6966_-0.6324end0.08_9.59_1.57_27.42_-29.32_1.01_24.12_-21.69_-29.31_0.2333_0.2438_-0.6962_-0.6336end0.13_9.42_1.62_27.42_-29.32_1.01_24.12_-21.69_-29.31_0.2327_0.2425_-0.6957_-0.6348end0.25_9.04_1.59_27.42_-29.32_1.01_24.12_-21.69_-29.31_0.2327_0.2425_-0.6957_-0.6348end0.25_9.04_1.59_27.42_-29.32_1.01_24.12_-21.69_-29.31_0.2314_0.2396_-0.6951_-0.6371end0.57_8.88_1.59_26.97_-38.94_-8.50_24.12_-21.69_-29.31_0.2308_0.2381_-0.6948_-0.6382end0.57_8.88_1.59_26.97_-38.94_-8.50_24.12_-21.69_-29.31_0.2296_0.2350_-0.6942_-0.6405end0.97_8.46_1.53_26.97_-38.94_-8.50_22.69_-22.06_-28.87_0.2296_0.2350_-0.6942_-0.6405end0.97_8.46_1.53_26.63_-37.15_-10.74_22.69_-22.06_-28.87_0.2296_0.2350_-0.6942_-0.6405end1.02_8.23_1.50_26.63_-37.15_-10.74_22.69_-22.06_-28.87_0.2281_0.2302_-0.6933_-0.6437end1.02_8.23_1.50_26.63_-37.15_-10.74_22.69_-22.06_-28.87_0.2278_0.2274_-0.6926_-0.6456end1.09_8.15_1.34_26.63_-37.15_-10.74_22.69_-22.06_-28.87_0.2278_0.2274_-0.6926_-0.6456end1.19_8.22_1.18_26.63_-37.15_-10.74_22.69_-22.06_-28.87_0.2278_0.2274_-0.6926_-0.6456end,24.3787197,120.90909077,1075.00537109375
1770,1.19_8.22_1.18_26.63_-37.15_-10.74_20.81_-22.75_-28.44_0.2282_0.2234_-0.6915_-0.6480end1.19_8.22_1.18_26.63_-37.15_-10.74_20.81_-22.75_-28.44_0.2286_0.2208_-0.6909_-0.6494end1.51_8.30_1.14_26.63_-37.15_-10.74_22.62_-23.44_-28.94_0.2288_0.2194_-0.6907_-0.6500end1.62_8.26_1.15_20.14_-21.82_-21.60_22.62_-23.44_-28.94_0.2288_0.2194_-0.6907_-0.6500end1.62_8.26_1.15_19.25_-20.93_-22.60_22.31_-23.06_-28.44_0.2288_0.2194_-0.6907_-0.6500end1.59_8.27_0.81_19.25_-20.93_-22.60_22.31_-23.06_-28.44_0.2288_0.2194_-0.6907_-0.6500end1.59_8.27_0.81_19.25_-20.93_-22.60_22.31_-23.06_-28.44_0.2299_0.2140_-0.6900_-0.6521end1.59_8.27_0.81_19.25_-20.93_-22.60_22.31_-23.06_-28.44_0.2299_0.2140_-0.6900_-0.6521end1.57_8.35_0.63_19.25_-20.93_-22.60_22.31_-23.06_-28.44_0.2299_0.2140_-0.6900_-0.6521end1.57_8.35_0.63_19.25_-20.93_-22.60_22.31_-23.06_-28.44_0.2299_0.2140_-0.6900_-0.6521end,24.3787197,120.90909077,1075.00537109375
1771,,24.3787197,120.90909077,1075.00537109375
1772,1.57_8.35_0.63_19.25_-20.93_-22.60_22.31_-23.06_-28.44_0.2299_0.2140_-0.6900_-0.6521end1.67_8.79_0.86_12.53_13.32_-29.32_22.31_-23.06_-28.44_0.2299_0.2140_-0.6900_-0.6521end1.67_8.79_0.86_8.95_30.10_-31.22_22.31_-23.06_-28.44_0.2384_0.2073_-0.6884_-0.6529end1.67_8.79_0.86_8.95_30.10_-31.22_23.00_-23.00_-25.88_0.2403_0.2072_-0.6881_-0.6526end1.67_8.79_0.86_8.39_35.47_-31.56_23.00_-23.00_-25.88_0.2446_0.2075_-0.6874_-0.6517end1.39_9.16_1.21_8.39_35.47_-31.56_23.00_-23.00_-25.88_0.2446_0.2075_-0.6874_-0.6517end1.39_9.16_1.21_6.49_47.56_-32.45_23.75_-22.31_-25.37_0.2446_0.2075_-0.6874_-0.6517end1.39_9.16_1.21_6.49_47.56_-32.45_23.75_-22.31_-25.37_0.2545_0.,24.3787197,120.90909077,1075.00537109375
1773,2092_-0.6856_-0.6492end1.02_9.50_1.41_6.49_47.56_-32.45_24.44_-21.94_-24.50_0.2571_0.2098_-0.6852_-0.6484end0.78_9.80_1.48_6.49_47.56_-32.45_24.44_-21.94_-24.50_0.2598_0.2104_-0.6847_-0.6476end,24.3787197,120.90909077,1075.00537109375
1774,,24.3787197,120.90909077,1075.00537109375
1775,0.78_9.80_1.48_2.91_55.06_-31.56_24.44_-21.94_-24.50_0.2598_0.2104_-0.6847_-0.6476end0.78_9.80_1.48_1.23_54.39_-30.89_23.75_-20.88_-23.56_0.2598_0.2104_-0.6847_-0.6476end0.60_10.25_1.62_1.23_54.39_-30.89_23.75_-20.88_-23.56_0.2598_0.2104_-0.6847_-0.6476end0.60_10.25_1.62_1.23_54.39_-30.89_23.75_-20.88_-23.56_0.2703_0.2133_-0.6829_-0.6443end0.60_10.25_1.62_1.23_54.39_-30.89_23.75_-20.88_-23.56_0.2703_0.2133_-0.6829_-0.6443end0.16_10.96_1.58_1.23_54.39_-30.89_23.75_-20.88_-23.56_0.2750_0.2146_-0.6823_-0.6426end0.16_10.96_1.58_1.23_54.39_-30.89_23.75_-20.88_-23.56_0.2809_0.2159_-0.6817_-0.6401end0.38_10.94_1.55_1.23_54.39_-30.89_23.75_-20.88_-23.56_0.2809,24.3787197,120.90909077,1075.00537109375
1776,_0.2159_-0.6817_-0.6401end0.51_10.99_1.60_1.23_54.39_-30.89_23.75_-20.88_-23.56_0.2858_0.2169_-0.6816_-0.6378end0.69_10.86_1.61_1.23_54.39_-30.89_27.37_-18.31_-23.12_0.2858_0.2169_-0.6816_-0.6378end,24.3787197,120.90909077,1075.00537109375
1777,,24.3787197,120.90909077,1075.00537109375
1778,,24.3787197,120.90909077,1075.00537109375
1779,0.66_10.73_1.61_1.23_54.39_-30.89_27.37_-18.31_-23.12_0.2885_0.2173_-0.6817_-0.6362end0.66_10.73_1.61_1.23_54.39_-30.89_26.62_-17.62_-23.50_0.2885_0.2173_-0.6817_-0.6362end0.68_10.73_1.51_1.23_54.39_-30.89_26.62_-17.62_-23.50_0.2885_0.2173_-0.6817_-0.6362end0.68_10.73_1.51_1.23_54.39_-30.89_26.62_-17.62_-23.50_0.2938_0.2189_-0.6821_-0.6329end0.67_10.53_1.41_1.23_54.39_-30.89_26.62_-17.62_-23.50_0.2938_0.2189_-0.6821_-0.6329end0.64_10.46_1.39_1.23_54.39_-30.89_26.62_-17.62_-23.50_0.2938_0.2189_-0.6821_-0.6329end0.61_10.46_1.35_1.23_54.39_-30.89_26.62_-17.62_-23.50_0.3005_0.2225_-0.6824_-0.6282end0.57_10.38_1.33_1.23_54.39_-30.89_26.62_-17.62_-23.50_0.3005_0.2225_-0.6824_-0.6282end0.57_10.38_1.33_1.23_54.39_-30.89_26.62_-17.62_-23.50_0.3018_0.2234_-0.6824_-0.6271end0.14_10.30_1.21_1.23_54.39_-30.89_26.62_-17.62_-23.50_0.3018_0.2234_-0.6824_-0.6271end,24.3787197,120.90909077,1075.00537109375
1780,,24.3787197,120.90909077,1075.00537109375
1781,,24.3787197,120.90909077,1075.00537109375
1782,,24.3787197,120.90909077,1075.00537109375
1783,,24.3787197,120.90909077,1075.00537109375
1784,,24.3787197,120.90909077,1075.00537109375
1785,0.14_10.30_1.21_-19.58_30.77_-10.07_29.25_-16.19_-23.06_0.3056_0.2264_-0.6827_-0.6238end0.14_10.30_1.21_-19.70_31.22_-9.18_29.25_-16.19_-23.06_0.3066_0.2272_-0.6830_-0.6229end0.14_10.30_1.21_-21.15_32.23_-8.28_30.00_-14.87_-24.81_0.3066_0.2272_-0.6830_-0.6229end0.14_10.30_1.21_-22.94_32.68_-6.60_30.00_-14.87_-24.81_0.3087_0.2293_-0.6833_-0.6206end0.14_10.30_1.21_-22.94_32.68_-6.60_30.00_-14.87_-24.81_0.3099_0.2307_-0.6835_-0.6194end0.14_10.30_1.21_-23.95_31.00_-5.60_30.00_-14.87_-24.81_0.3123_0.2337_-0.6844_-0.6160end-0.19_9.47_1.66_-26.97_26.63_-2.35_28.87_-14.56_-25.69_0.3123_0.2337_-0.6844_-0.6160end-0.19_9.47_1.66_-26.97_26.63_-2.35_28.87_-14.56_-2,24.3787197,120.90909077,1075.00537109375
1786,5.69_0.3141_0.2368_-0.6848_-0.6134end0.18_9.13_2.21_-26.97_26.63_-2.35_28.87_-14.56_-25.69_0.3141_0.2368_-0.6848_-0.6134end0.18_9.13_2.21_-26.97_26.63_-2.35_28.87_-14.56_-25.69_0.3160_0.2409_-0.6859_-0.6096end0.32_9.03_2.28_-26.97_26.63_-2.35_28.87_-14.56_-25.69_0.3167_0.2424_-0.6863_-0.6083end0.13_8.89_2.25_-26.97_26.63_-2.35_28.87_-14.56_-25.69_0.3167_0.2424_-0.6863_-0.6083end-0.42_8.69_2.18_-26.97_26.63_-2.35_28.87_-14.56_-25.69_0.3167_0.2424_-0.6863_-0.6083end-0.42_8.69_2.18_-26.97_26.63_-2.35_28.87_-14.56_-26.50_0.3167_0.2424_-0.6863_-0.6083end-0.42_8.69_2.18_-31.45_26.41_1.68_28.87_-14.56_-26.50_0.3197_0.2502_-0.6880_-0.6016end-0.55_8.46_2.14_-31.45_26.41_1.68_28.87_-14.56_-26.50_0.3197_0.2502_-0.6880_-0.6016end-0.79_8.48_2.12_-31.45_26.41_1.68_28.87_-14.56_-26.50_0.3197_0.2502_-0.6880_-0.6016end-0.79_8.48_2.12_-31.45_26.41_1.68_28.87_-14.56_-26.50_0.3210_0.2561_-0.6896_-0.5965end-2.16_8.60_2.11_-31.45_26.41_1.68_28.87_-14.56_-26.50_0.3210_0.2561_-0.6896_-0.5965end-1.82_8.14_2.63_-31.45_26.41_1.68_28.87_-14.56_-26.50_0.3210_0.2561_-0.6896_-0.5965end-1.82_8.14_2.63_-31.45_26.41_1.68_28.87_-14.56_-26.50_0.3190_0.2602_-0.6924_-0.5925end-1.18_7.90_2.87_-31.45_26.41_1.68_28.87_-14.56_-26.50_0.3175_0.2605_-0.6935_-0.5919end-0.88_7.82_2.92_-31.45_26.41_1.68_28.87_-14.56_-26.50_0.3175_0.2605_-0.6935_-0.5919end-0.47_7.67_2.70_-31.45_26.41_1.68_28.87_-14.56_-26.50_0.3175_0.2605_-0.6935_-0.5919end-0.34_7.59_2.54_-31.45_26.41_1.68_28.87_-14.56_-26.50_0.3107_0.2603_-0.6977_-0.5906end-0.27_7.59_2.48_-31.45_26.41_1.68_28.87_-14.56_-26.50_0.3055_0.2597_-0.7007_-0.5901end-0.21_7.46_2.39_-35.47_-56.74_19.47_28.87_-14.56_-26.50_0.3029_0.2595_-0.7021_-0.5898end-0.18_7.38_2.37_-35.47_-56.74_19.47_28.87_-14.56_-26.50_0.3029_0.2595_-0.7021_-0.5898end-0.42_7.17_2.11_-35.47_-56.74_19.47_28.87_-14.56_-26.50_0.3029_0.2595_-0.7021_-0.5898end-0.74_7.09_2.07_-35.47_-56.74_19.47_28.56_-14.63_-29.19_0.3029_0.2595_-0.7021_-0.5898end,24.3787197,120.90909077,1075.00537109375
1787,,24.3787197,120.90909077,1075.00537109375
1788,,24.3787197,120.90909077,1075.00537109375
1789,-0.74_7.09_2.07_-35.47_-56.74_19.47_27.13_-14.00_-31.31_0.2925_0.2591_-0.7075_-0.5888end-1.44_7.29_2.14_-35.47_-56.74_19.47_27.13_-14.00_-31.31_0.2925_0.2591_-0.7075_-0.5888end-0.92_7.47_2.30_-35.47_-56.74_19.47_27.50_-13.25_-32.19_0.2925_0.2591_-0.7075_-0.5888end-0.92_7.47_2.30_-35.47_-56.74_19.47_27.50_-13.25_-32.19_0.2749_0.2,24.3787197,120.90909077,1075.00537109375
1790,562_-0.7155_-0.5889end-0.92_7.47_2.30_-35.47_-56.74_19.47_27.50_-13.25_-30.88_0.2706_0.2550_-0.7173_-0.5892end-1.67_7.67_1.62_-35.47_-56.74_19.47_26.06_-13.62_-31.75_0.2706_0.2550_-0.7173_-0.5892end-1.50_7.94_1.71_-35.25_-109.22_32.68_26.06_-13.62_-31.75_0.2706_0.2550_-0.7173_-0.5892end-1.50_7.94_1.71_-35.70_-111.01_34.69_26.06_-13.62_-31.75_0.2567_0.2513_-0.7227_-0.5905end-1.45_7.98_1.91_-35.70_-111.01_34.69_26.06_-13.62_-31.75_0.2519_0.2501_-0.7245_-0.5909end-1.45_7.98_1.91_-34.80_-107.43_38.05_26.06_-13.62_-31.75_0.2422_0.2476_-0.7279_-0.5918end,24.3787197,120.90909077,1075.00537109375
1791,-0.91_7.62_1.72_-34.91_-105.75_39.39_26.06_-13.62_-31.75_0.2422_0.2476_-0.7279_-0.5918end-0.91_7.62_1.72_-34.36_-103.40_41.52_26.06_-13.62_-31.75_0.2325_0.2455_-0.7311_-0.5926end-0.91_7.62_1.72_-34.36_-103.40_41.52_26.06_-13.62_-31.75_0.2228_0.2440_-0.7341_-0.5933end-0.59_7.57_1.29_-34.36_-103.40_41.52_26.06_-13.62_-31.75_0.2182_0.2433_-0.7354_-0.5936end-0.59_7.57_1.29_-34.36_-103.40_41.52_23.56_-13.38_-35.13_0.2182_0.2433_-0.7354_-0.5936end-0.55_7.28_0.97_-34.36_-103.40_41.52_23.56_-13.38_-35.13_0.2182_0.2433_-0.7354_-0.5936end-0.55_7.28_0.97_-34.36_-103.40_41.52_21.75_-12.75_-35.63_0.2061_0.2429_-0.7388_-0.5939end-0.55_7.28_0.97_-34.36_-103.40_41.52_21.75_-12.75_-35.63_0.2061_0.2429_-0.7388_-0.5939end-0.11_8.34_1.97_-34.36_-103.40_41.52_21.75_-12.75_-35.63_0.2061_0.2429_-0.7388_-0.5939end-0.46_10.36_2.53_-34.36_-103.40_41.52_21.75_-12.75_-35.63_0.1965_0.2472_-0.7413_-0.5923end,24.3787197,120.90909077,1075.00537109375
1792,-0.67_11.05_2.75_-29.21_5.26_45.32_22.13_-13.81_-36.50_0.1965_0.2472_-0.7413_-0.5923end-0.67_11.05_2.75_-29.66_6.15_45.32_22.13_-13.81_-36.50_0.1933_0.2507_-0.7419_-0.5911end-0.85_9.91_2.73_-29.66_6.15_45.32_22.13_-13.81_-36.50_0.1919_0.2526_-0.7421_-0.5905end-0.36_8.16_2.34_-29.66_6.15_45.32_22.13_-13.81_-36.50_0.1890_0.2562_-0,24.3787197,120.90909077,1075.00537109375
